{
  "runs": {
    "A0": {
      "label": "A0",
      "arch": "official_convir",
      "mode": "original",
      "checkpoint": "/home/caozhiyang/ConvIR-B/checkpoints/official/Haze4K/haze4k-base.pkl",
      "depth_mode": "none",
      "airlight_mode": "none",
      "count": 600,
      "mean_psnr": 39.34407578468323,
      "mean_ssim": 0.995722817381223,
      "avg_time_sec_sync": 0.02320225993792216,
      "median_time_sec_sync": 0.024599194526672363,
      "peak_cuda_mem_mib": 535.44482421875
    },
    "DTA_v34_v34_fdf_tsr_e1_feature_only_seed3407_f0_quick5full_fallback_train_shuffle": {
      "label": "DTA_v34_v34_fdf_tsr_e1_feature_only_seed3407_f0_quick5full_fallback_train_shuffle",
      "arch": "dta_v3",
      "mode": "modres",
      "checkpoint": "/home/caozhiyang/ConvIR-B/repos/ConvIR-B-dta-v3-4-fdf-tsr-finetune/Dehazing/ITS/results/ConvIR-Haze4K-DTA-v3-4-FDF-TSR-e1_feature_only-seed3407_f0-quick5full/Training-Results/Final.pkl",
      "depth_mode": "shuffle",
      "airlight_mode": "fallback",
      "count": 600,
      "mean_psnr": 39.170121348698935,
      "mean_ssim": 0.9956588648756345,
      "avg_time_sec_sync": 0.03169051925341288,
      "median_time_sec_sync": 0.03458285331726074,
      "peak_cuda_mem_mib": 543.345703125
    }
  },
  "comparison": {
    "common_count": 600,
    "mean_psnr_delta": -0.1739544359842936,
    "median_psnr_delta": -0.15863513946533203,
    "p5_psnr_delta": -0.807807445526123,
    "p95_psnr_delta": 0.3457513809204085,
    "hard_bottom25_psnr_delta": -0.25473716735839846,
    "easy_top25_psnr_delta": -0.11308792114257812,
    "worst10pct_mean_psnr_delta": -0.8440269788106283,
    "best10pct_mean_psnr_delta": 0.39991582234700523,
    "worst10img_mean_psnr_delta": -1.2053964614868165,
    "best10img_mean_psnr_delta": 0.7251888275146484,
    "worst10_mean_psnr_delta": -0.8440269788106283,
    "best10_mean_psnr_delta": 0.39991582234700523,
    "mean_ssim_delta": -6.395250558853149e-05,
    "positive_ratio": 0.3,
    "strong_reference_cut_psnr": 42.766201972961426,
    "strong_reference_count": 150,
    "strong_regression_count_delta_le_-0.05": 86,
    "worst_regression_count_delta_le_-0.20": 273
  }
}