{
  "runs": {
    "A0": {
      "label": "A0",
      "arch": "official_convir",
      "mode": "original",
      "checkpoint": "/sda/home/wangyuxin/ConvIR-B/checkpoints/official/Haze4K/haze4k-base.pkl",
      "depth_mode": "none",
      "airlight_mode": "none",
      "count": 600,
      "mean_psnr": 39.35034857114156,
      "mean_ssim": 0.9957262628277143,
      "avg_time_sec_sync": 0.039615324338277184,
      "median_time_sec_sync": 0.03944587707519531,
      "peak_cuda_mem_mib": 535.95654296875
    },
    "DTA_v33_v33_routerfusion_d2_lowphys_seed3411_f0_triage5full_fallback_normal": {
      "label": "DTA_v33_v33_routerfusion_d2_lowphys_seed3411_f0_triage5full_fallback_normal",
      "arch": "dta_v3",
      "mode": "modres",
      "checkpoint": "/sda/home/wangyuxin/ConvIR-B/repos/ConvIR-B-dta-v3-dapc-finetune-v33-routerfusion/Dehazing/ITS/results/ConvIR-Haze4K-DTA-v3-3-RouterFusion-d2_lowphys-seed3411-f0-triage5full/Training-Results/Final.pkl",
      "depth_mode": "normal",
      "airlight_mode": "fallback",
      "count": 600,
      "mean_psnr": 39.40247784296672,
      "mean_ssim": 0.9957372192541758,
      "avg_time_sec_sync": 0.05204717914263408,
      "median_time_sec_sync": 0.05082058906555176,
      "peak_cuda_mem_mib": 542.1640625
    }
  },
  "comparison": {
    "common_count": 600,
    "mean_psnr_delta": 0.05212927182515462,
    "median_psnr_delta": 0.043369293212890625,
    "p5_psnr_delta": -0.16215400695800783,
    "p95_psnr_delta": 0.3129436492919921,
    "hard_bottom25_psnr_delta": 0.06319072723388672,
    "easy_top25_psnr_delta": 0.03827008565266927,
    "worst10pct_mean_psnr_delta": -0.1823166529337565,
    "best10pct_mean_psnr_delta": 0.32299070358276366,
    "worst10img_mean_psnr_delta": -0.3046138763427734,
    "best10img_mean_psnr_delta": 0.45522174835205076,
    "worst10_mean_psnr_delta": -0.1823166529337565,
    "best10_mean_psnr_delta": 0.32299070358276366,
    "mean_ssim_delta": 1.0956426461537679e-05,
    "positive_ratio": 0.6583333333333333,
    "strong_reference_cut_psnr": 42.755948066711426,
    "strong_reference_count": 150,
    "strong_regression_count_delta_le_-0.05": 37,
    "worst_regression_count_delta_le_-0.20": 15
  }
}
