{
  "runs": {
    "a0": {
      "mode": "original",
      "arch": "convir",
      "checkpoint": "/root/autodl-tmp/workspace/ConvIR-B/Dehazing/pretrained_models/haze4k-base.pkl",
      "count": 1000,
      "mean_psnr": 34.140645500183105,
      "mean_ssim": 0.9897101619243622,
      "avg_time_sec_sync": 0.05528651905059814,
      "median_time_sec_sync": 0.06404352188110352,
      "peak_cuda_mem_mib": 570.69287109375,
      "label": "a0"
    },
    "b1r": {
      "mode": "original",
      "arch": "pfd",
      "checkpoint": "/root/autodl-tmp/workspace/ConvIR-B-b1r-decoder-rhfd-preserve/Dehazing/ITS/results/ConvIR-Haze4K-B1r-decoder-rhfd-adapter-only-stop20-seed3407-20260602/Training-Results/Best.pkl",
      "count": 1000,
      "mean_psnr": 34.14342342948913,
      "mean_ssim": 0.9897603831291198,
      "avg_time_sec_sync": 0.055602360010147095,
      "median_time_sec_sync": 0.06557953357696533,
      "peak_cuda_mem_mib": 628.66162109375,
      "label": "b1r"
    }
  },
  "comparison": {
    "common_count": 1000,
    "mean_psnr_delta": 0.0027779293060302733,
    "median_psnr_delta": 0.0040130615234375,
    "p5_psnr_delta": -0.21284122467041017,
    "p95_psnr_delta": 0.17339992523193354,
    "worst10_mean_psnr_delta": -0.23754583358764647,
    "best10_mean_psnr_delta": 0.28831329345703127,
    "mean_ssim_delta": 5.022120475769043e-05,
    "strong_reference_cut_psnr": 39.08926200866699,
    "strong_reference_count": 250,
    "strong_regression_count_delta_le_-0.05": 103,
    "worst_regression_count_delta_le_-0.20": 57
  }
}