{
  "source_csv": "/root/autodl-tmp/workspace/ConvIR-B-b1r-decoder-rhfd-preserve/experience_docx/experiment_logs/haze4k_b1r_decoder_rhfd_preserve_20260602/scout_eval_per_image_seed3407_B1r_stop10_vs_A0_best.csv",
  "candidate_name": "b1r",
  "overall": {
    "count": 1000,
    "mean_delta_psnr": 0.0027777786254882812,
    "median_delta_psnr": 0.00403594970703125,
    "p5_delta_psnr": -0.21280879974365235,
    "p95_delta_psnr": 0.17333307266235348,
    "positive_delta_count": 518,
    "positive_delta_ratio": 0.518,
    "regression_delta_le_-0.05": 336,
    "regression_delta_le_-0.10": 192,
    "regression_delta_le_-0.20": 57,
    "gain_delta_ge_0.05": 310,
    "gain_delta_ge_0.10": 171,
    "mean_delta_ssim": 5.0218939781188964e-05,
    "median_delta_ssim": 8.434057235717773e-06,
    "worst_10_mean_delta_psnr": -0.4563404083251953,
    "best_10_mean_delta_psnr": 1.299593734741211
  },
  "difficulty_buckets_by_original_psnr": {
    "hard_bottom_25pct": {
      "original_psnr_range": [
        14.919734954833984,
        29.733125686645508
      ],
      "count": 250,
      "mean_delta_psnr": 0.046105430603027346,
      "median_delta_psnr": 0.0035848617553710938,
      "p5_delta_psnr": -0.1369089126586914,
      "p95_delta_psnr": 0.1676167488098145,
      "positive_delta_count": 128,
      "positive_delta_ratio": 0.512,
      "regression_delta_le_-0.05": 69,
      "regression_delta_le_-0.10": 27,
      "regression_delta_le_-0.20": 7,
      "gain_delta_ge_0.05": 77,
      "gain_delta_ge_0.10": 39,
      "mean_delta_ssim": 0.0001380939483642578,
      "median_delta_ssim": 3.5822391510009766e-05,
      "worst_10_mean_delta_psnr": -0.22379722595214843,
      "best_10_mean_delta_psnr": 1.2113407135009766
    },
    "medium_middle_50pct": {
      "original_psnr_range": [
        29.737844467163086,
        39.08415985107422
      ],
      "count": 500,
      "mean_delta_psnr": -0.005103084564208984,
      "median_delta_psnr": 0.008296012878417969,
      "p5_delta_psnr": -0.18109683990478515,
      "p95_delta_psnr": 0.15788211822509768,
      "positive_delta_count": 266,
      "positive_delta_ratio": 0.532,
      "regression_delta_le_-0.05": 164,
      "regression_delta_le_-0.10": 86,
      "regression_delta_le_-0.20": 18,
      "gain_delta_ge_0.05": 155,
      "gain_delta_ge_0.10": 85,
      "mean_delta_ssim": 2.431797981262207e-05,
      "median_delta_ssim": 9.119510650634766e-06,
      "worst_10_mean_delta_psnr": -0.3718235015869141,
      "best_10_mean_delta_psnr": 0.2265024185180664
    },
    "easy_top_25pct": {
      "original_psnr_range": [
        39.10456848144531,
        50.026092529296875
      ],
      "count": 250,
      "mean_delta_psnr": -0.02478814697265625,
      "median_delta_psnr": -0.0068912506103515625,
      "p5_delta_psnr": -0.2673046112060547,
      "p95_delta_psnr": 0.2068321228027344,
      "positive_delta_count": 124,
      "positive_delta_ratio": 0.496,
      "regression_delta_le_-0.05": 103,
      "regression_delta_le_-0.10": 79,
      "regression_delta_le_-0.20": 32,
      "gain_delta_ge_0.05": 78,
      "gain_delta_ge_0.10": 47,
      "mean_delta_ssim": 1.4145851135253906e-05,
      "median_delta_ssim": 6.079673767089844e-06,
      "worst_10_mean_delta_psnr": -0.3552959442138672,
      "best_10_mean_delta_psnr": 0.2978847503662109
    }
  },
  "filename_parameter_correlations_inferred": {
    "note": "Haze4K filenames look like id_param1_param2.png; this file records correlation only and does not assume the parameter meaning.",
    "param_1_vs_original_psnr": -0.1615068984663337,
    "param_1_vs_delta_psnr": 0.09400106921581795,
    "param_2_vs_original_psnr": -0.32351294811584774,
    "param_2_vs_delta_psnr": 0.0230972417057654
  },
  "worst_regressions": [
    {
      "name": "951_0.57_0.85.png",
      "original_psnr": 38.545936584472656,
      "candidate_psnr": 37.80448532104492,
      "delta_psnr": -0.7414512634277344,
      "original_ssim": 0.9976250529289246,
      "candidate_ssim": 0.997633159160614,
      "delta_ssim": 8.106231689453125e-06,
      "filename_param_1": 0.57,
      "filename_param_2": 0.85
    },
    {
      "name": "950_0.57_1.28.png",
      "original_psnr": 35.474388122558594,
      "candidate_psnr": 34.77997589111328,
      "delta_psnr": -0.6944122314453125,
      "original_ssim": 0.9961940050125122,
      "candidate_ssim": 0.9961788058280945,
      "delta_ssim": -1.519918441772461e-05,
      "filename_param_1": 0.57,
      "filename_param_2": 1.28
    },
    {
      "name": "956_0.51_0.81.png",
      "original_psnr": 40.65385818481445,
      "candidate_psnr": 40.035926818847656,
      "delta_psnr": -0.6179313659667969,
      "original_ssim": 0.9893874526023865,
      "candidate_ssim": 0.9893053770065308,
      "delta_ssim": -8.207559585571289e-05,
      "filename_param_1": 0.51,
      "filename_param_2": 0.81
    },
    {
      "name": "550_0.55_1.01.png",
      "original_psnr": 42.89997482299805,
      "candidate_psnr": 42.43544006347656,
      "delta_psnr": -0.4645347595214844,
      "original_ssim": 0.9954327344894409,
      "candidate_ssim": 0.9957113265991211,
      "delta_ssim": 0.0002785921096801758,
      "filename_param_1": 0.55,
      "filename_param_2": 1.01
    },
    {
      "name": "553_0.51_1.76.png",
      "original_psnr": 35.68083190917969,
      "candidate_psnr": 35.29587936401367,
      "delta_psnr": -0.3849525451660156,
      "original_ssim": 0.996259868144989,
      "candidate_ssim": 0.9962775111198425,
      "delta_ssim": 1.7642974853515625e-05,
      "filename_param_1": 0.51,
      "filename_param_2": 1.76
    },
    {
      "name": "903_0.56_1.15.png",
      "original_psnr": 42.501163482666016,
      "candidate_psnr": 42.135704040527344,
      "delta_psnr": -0.3654594421386719,
      "original_ssim": 0.9989773035049438,
      "candidate_ssim": 0.998971164226532,
      "delta_ssim": -6.139278411865234e-06,
      "filename_param_1": 0.56,
      "filename_param_2": 1.15
    },
    {
      "name": "935_0.58_0.55.png",
      "original_psnr": 50.026092529296875,
      "candidate_psnr": 49.665855407714844,
      "delta_psnr": -0.36023712158203125,
      "original_ssim": 0.9957898855209351,
      "candidate_ssim": 0.9958004355430603,
      "delta_ssim": 1.055002212524414e-05,
      "filename_param_1": 0.58,
      "filename_param_2": 0.55
    },
    {
      "name": "490_0.61_1.55.png",
      "original_psnr": 29.318592071533203,
      "candidate_psnr": 28.998119354248047,
      "delta_psnr": -0.32047271728515625,
      "original_ssim": 0.9870147109031677,
      "candidate_ssim": 0.9870166778564453,
      "delta_ssim": 1.9669532775878906e-06,
      "filename_param_1": 0.61,
      "filename_param_2": 1.55
    },
    {
      "name": "799_0.52_1.97.png",
      "original_psnr": 39.92487335205078,
      "candidate_psnr": 39.606666564941406,
      "delta_psnr": -0.318206787109375,
      "original_ssim": 0.9971297979354858,
      "candidate_ssim": 0.9971116781234741,
      "delta_ssim": -1.811981201171875e-05,
      "filename_param_1": 0.52,
      "filename_param_2": 1.97
    },
    {
      "name": "491_0.68_1.42.png",
      "original_psnr": 30.92363739013672,
      "candidate_psnr": 30.627891540527344,
      "delta_psnr": -0.295745849609375,
      "original_ssim": 0.9882237911224365,
      "candidate_ssim": 0.9882988929748535,
      "delta_ssim": 7.510185241699219e-05,
      "filename_param_1": 0.68,
      "filename_param_2": 1.42
    },
    {
      "name": "254_0.7_0.56.png",
      "original_psnr": 40.76091003417969,
      "candidate_psnr": 40.467506408691406,
      "delta_psnr": -0.29340362548828125,
      "original_ssim": 0.9986011981964111,
      "candidate_ssim": 0.9985677599906921,
      "delta_ssim": -3.343820571899414e-05,
      "filename_param_1": 0.7,
      "filename_param_2": 0.56
    },
    {
      "name": "538_0.61_1.35.png",
      "original_psnr": 39.11675262451172,
      "candidate_psnr": 38.82734680175781,
      "delta_psnr": -0.28940582275390625,