active_scene,candidate_minus_keep_psnr_db,candidate_minus_shuffled_psnr_db,candidate_minus_uniform_psnr_db,cell,fold,material_scene,population,scene,selected_area,selected_area_fraction,selected_harm_area,total_area
False,0.0,0.0,0.0,R2_L0,1,False,haze4k_train_oof,0059eac40c0514150bb6e71018dbb9d8a4c1c227c483bfbf8bac1615e2539aa6,0.0,0.0,0.0,307200.0
False,0.0,0.0,0.0,R2_L0,0,False,haze4k_train_oof,0062f17865656805ebaebdc80b8f3a3c67126f09bf2ce9eff5116ef6fbeb4ac8,0.0,0.0,0.0,160000.0
False,0.0,0.0,0.0,R2_L0,4,False,haze4k_train_oof,00e8968acc69366a0f3b7fa70106fc77bd396cee62f727d5b7725d01623e2487,0.0,0.0,0.0,160000.0
False,0.0,0.0,0.0,R2_L0,1,False,haze4k_train_oof,00fe6a418e93bdac6fd16db912d45663f3943813c3e5774895921e0bb7d7d9bc,0.0,0.0,0.0,160000.0
False,0.0,0.0,0.0,R2_L0,3,False,haze4k_train_oof,01572b6a1f379705c3149744f68e08ea2bd6eec72f361c7307ed4d613573c52e,0.0,0.0,0.0,160000.0
False,0.0,0.0,0.0,R2_L0,1,False,haze4k_train_oof,017854902a4e3031a19ae990d8632d74db1e65e0fdd8e08881aea69da3d6103c,0.0,0.0,0.0,307200.0
False,0.0,0.0,0.0,R2_L0,1,False,haze4k_train_oof,018481b8e1d2c375b4852f74f10672da9c12985ebbc15a867733d32590e21246,0.0,0.0,0.0,307200.0
False,0.0,0.0,0.0,R2_L0,0,False,haze4k_train_oof,019d1beb2ac13b409b64e3faf5f601800517880a1caba26b958acbda885dc9be,0.0,0.0,0.0,160000.0
False,0.0,0.0,0.0,R2_L0,4,False,haze4k_train_oof,01ea31d89fc44114033b08b0375ade2a196dfc1444ea6936bfa6ff4ce312880d,0.0,0.0,0.0,307200.0
False,0.0,0.0,0.0,R2_L0,1,False,haze4k_train_oof,02325ff643929b5186b6f5469bdf20e6a7d344a2d4708c650f7047b3e93f2f5c,0.0,0.0,0.0,160000.0
False,0.0,0.0,0.0,R2_L0,4,False,haze4k_train_oof,02c35322ba487afcf864e376e94ecbf28ca53d0904db0c5f02c4b75ddf351796,0.0,0.0,0.0,307200.0
False,0.0,0.0,0.0,R2_L0,0,False,haze4k_train_oof,03f5374aee2d67dd03005194d3ae9694c866587ed80e51af0dadbed072f3d11f,0.0,0.0,0.0,160000.0
False,0.0,0.0,0.0,R2_L0,3,False,haze4k_train_oof,04c0fc5d5d7d09eb83ae85c39db82df81ed48574f0d8561dd3b703e5485c1edc,0.0,0.0,0.0,307200.0
False,0.0,0.0,0.0,R2_L0,1,False,haze4k_train_oof,065200da89c85406fe60a5d7d96fdf28774ef6ccb91dfa00704196ce768c5ea1,0.0,0.0,0.0,160000.0
False,0.0,0.0,0.0,R2_L0,0,False,haze4k_train_oof,06b0daf8dfe2bfbca96b9ffa2f032ca6da81452f15bcf274793b49f1c4122862,0.0,0.0,0.0,160000.0
False,0.0,0.0,0.0,R2_L0,1,False,haze4k_train_oof,06b3b4d0a7a3692a5257f5f059a7eec6572c5542481db16caca7af532b2e4667,0.0,0.0,0.0,160000.0
False,0.0,0.0,0.0,R2_L0,1,False,haze4k_train_oof,06d18929cf995fbe293e219923ecd63da5a10b47703710378ca3a3c45beae8b4,0.0,0.0,0.0,160000.0
False,0.0,0.0,0.0,R2_L0,4,False,haze4k_train_oof,071eb2a3b1840e05b16713ed0e76bb675023c03b5ab856e3585b427c043c4124,0.0,0.0,0.0,307200.0
False,0.0,0.0,0.0,R2_L0,3,False,haze4k_train_oof,0729f8805e28b62ff73f2b8f28288217f83c58880dc1d01f5f3780cb01f23162,0.0,0.0,0.0,307200.0
False,0.0,0.0,0.0,R2_L0,0,False,haze4k_train_oof,074c4f3e952dc78c39f9d52ebb026b66e0fee3236d31478b4f566b8f98000a4a,0.0,0.0,0.0,160000.0
False,0.0,0.0,0.0,R2_L0,4,False,haze4k_train_oof,0751426409551787185ce77e74973f226b405fbe6d29df13c72a75c5f55635e6,0.0,0.0,0.0,160000.0
False,0.0,0.0,0.0,R2_L0,0,False,haze4k_train_oof,089a362f56dd8c1920de1a869664a1402a5c064bea777616d7d695689e66b373,0.0,0.0,0.0,307200.0
False,0.0,0.0,0.0,R2_L0,1,False,haze4k_train_oof,08af8ac067bba159f2e79e67b68384a7c313457e6d110c9ed7765aab70fa802f,0.0,0.0,0.0,307200.0
False,0.0,0.0,0.0,R2_L0,3,False,haze4k_train_oof,08b7b999957aa20523aac1514c50751fa3d611ac0d7cd72ff80e3c900d103631,0.0,0.0,0.0,160000.0
False,0.0,0.0,0.0,R2_L0,3,False,haze4k_train_oof,08f32eb376a909d86fa89c84bf6da714c6c1143eb27b87488434f018ce972c76,0.0,0.0,0.0,307200.0
False,0.0,0.0,0.0,R2_L0,3,False,haze4k_train_oof,0a3282860dd790646a0658289530b8e238096014b9f18dd67a6388db4fea6aee,0.0,0.0,0.0,160000.0
False,0.0,0.0,0.0,R2_L0,3,False,haze4k_train_oof,0a3c638691ca3d4538cc447626ee0c4f06b5b11bfeb37001306941eb244bac94,0.0,0.0,0.0,160000.0
False,0.0,0.0,0.0,R2_L0,3,False,haze4k_train_oof,0ab306d3e150eb7d658f0e9a59e35e317a745981b3ff9ce2bbda990352c6d27f,0.0,0.0,0.0,160000.0
False,0.0,0.0,0.0,R2_L0,0,False,haze4k_train_oof,0bffa5c601cd4252e96d93786aaaaac32eda5e2ff3b18ad1d7bc871af536e4e8,0.0,0.0,0.0,160000.0
False,0.0,0.0,0.0,R2_L0,3,False,haze4k_train_oof,0cc155a9804759866d3d9fcd9f8e0dd048fe2834c9f56654fd5072c913c0ad66,0.0,0.0,0.0,160000.0
False,0.0,0.0,0.0,R2_L0,3,False,haze4k_train_oof,0d1945547f43ccb7609fe56f0e8cc46a33fd6125b525a569a369c589ea578332,0.0,0.0,0.0,307200.0
False,0.0,0.0,0.0,R2_L0,2,False,haze4k_train_oof,0e9a9a5de1416a98d3371f53b1fa74bd9766b22746135c6aff3d9aea791d033b,0.0,0.0,0.0,160000.0
False,0.0,0.0,0.0,R2_L0,2,False,haze4k_train_oof,0f0b28e60d89832bb68f838fde1d7110a23fca0cc60657bfe34abf192b71c6cc,0.0,0.0,0.0,160000.0
False,0.0,0.0,0.0,R2_L0,2,False,haze4k_train_oof,0f46a279ccaeae86598126ff0c046a22058bad2b86c91a4a33e2d99481f5bcec,0.0,0.0,0.0,307200.0
False,0.0,0.0,0.0,R2_L0,2,False,haze4k_train_oof,0fbcce9cb818a404c0cef3d93339e6c667819863ba1503cbfbe1b821a4cf6172,0.0,0.0,0.0,307200.0
False,0.0,0.0,0.0,R2_L0,4,False,haze4k_train_oof,107d09977a8a5d14dce80e9a0dc1ef3099f3864376f05d7c4a133bbb16d26241,0.0,0.0,0.0,160000.0
False,0.0,0.0,0.0,R2_L0,1,False,haze4k_train_oof,1210a1c1659b67cb090e0bbcf0a49eb195248d5f1494be777a6aa88cb9a489b9,0.0,0.0,0.0,160000.0
False,0.0,0.0,0.0,R2_L0,2,False,haze4k_train_oof,121fcf5a8d8ee21b3209ccaf2f14a7c33b3230e6cea7e8edb43d285969ad8613,0.0,0.0,0.0,160000.0
False,0.0,0.0,0.0,R2_L0,0,False,haze4k_train_oof,12395f8c4f4e5c8406b1fed03c4587798340bb06f7ae599c27c25d44898b6004,0.0,0.0,0.0,160000.0
False,0.0,0.0,0.0,R2_L0,3,False,haze4k_train_oof,1353506cbc9880d0798f1061e1b7c366541309f8f7533a200c5a5f49fd3d21b7,0.0,0.0,0.0,307200.0
False,0.0,0.0,0.0,R2_L0,0,False,haze4k_train_oof,13a0c02f0f43af8b0e13aa0cb8c256d9c7f78646f00eda177768033a75cbd4ad,0.0,0.0,0.0,160000.0
False,0.0,0.0,0.0,R2_L0,1,False,haze4k_train_oof,14857ac65206ec4198e9a4f3810a536bb65d64b41c9c3615dff23922310c8601,0.0,0.0,0.0,160000.0
False,0.0,0.0,0.0,R2_L0,1,False,haze4k_train_oof,14f23240dea2b607f55ce63fc2f2a990567cb2f690ed0317d52808c6cf0cd825,0.0,0.0,0.0,160000.0
False,0.0,0.0,0.0,R2_L0,3,False,haze4k_train_oof,1590c2bfd2679f8fedd87e5453635fe86e61f9fc935bcc16f85f9f765cc7a08b,0.0,0.0,0.0,160000.0
False,0.0,0.0,0.0,R2_L0,1,False,haze4k_train_oof,15af76ac38c9da480d3725249fa5c90eedc1b1fc882f0f060b7167b99ac773dd,0.0,0.0,0.0,307200.0
False,0.0,0.0,0.0,R2_L0,3,False,haze4k_train_oof,162d074ea9b5536188c946ff9b6921c5a95304042fd04c6acea44164912ad962,0.0,0.0,0.0,160000.0
False,0.0,0.0,0.0,R2_L0,4,False,haze4k_train_oof,166024886375fc48decb6f7aa00ff2cd118c44d8362e856c05a846e06bd452f0,0.0,0.0,0.0,160000.0
False,0.0,0.0,0.0,R2_L0,3,False,haze4k_train_oof,16d269c2c3a4db7d56b569b9ca76d28207cf57ae557824788da572985afde8b0,0.0,0.0,0.0,307200.0
False,0.0,0.0,0.0,R2_L0,3,False,haze4k_train_oof,1781559bca0e2743a88d2864ee5fb8e7d4cdf9f4ceca157bb401326567bc60af,0.0,0.0,0.0,160000.0
False,0.0,0.0,0.0,R2_L0,4,False,haze4k_train_oof,17d39c01da2c8fe5ab2727c02faf694fbb699a6c825b1f56ea9cae614b7f57d7,0.0,0.0,0.0,160000.0
False,0.0,0.0,0.0,R2_L0,3,False,haze4k_train_oof,1835efd9aba3a314fd2389e06c04c3a3491545d68f045d0daff2a772ed9669c6,0.0,0.0,0.0,160000.0
False,0.0,0.0,0.0,R2_L0,0,False,haze4k_train_oof,19333c3babfb0a9a69c9f71ed92ffa2d508309ab62842e9c5c580e317a26ef73,0.0,0.0,0.0,160000.0
False,0.0,0.0,0.0,R2_L0,2,False,haze4k_train_oof,196e3cd641a4a04c918a7743ab940b5ba671aff1791e9f2ddd477cea6f99fcc1,0.0,0.0,0.0,160000.0
False,0.0,0.0,0.0,R2_L0,3,False,haze4k_train_oof,19cb138715501ef08e6674ae3db9fc4b67f8c3db522b82ca537a48a4a1ba686c,0.0,0.0,0.0,160000.0
False,0.0,0.0,0.0,R2_L0,4,False,haze4k_train_oof,1a779e1118d7970aa2e393ba32621b8d525f7e5571745cfa5fc7a32c6ad73c37,0.0,0.0,0.0,160000.0
False,0.0,0.0,0.0,R2_L0,2,False,haze4k_train_oof,1ab0c004bb2964b0b378f94f85ad121c666faebe30795b047c72c726eaa2e8d2,0.0,0.0,0.0,307200.0
False,0.0,0.0,0.0,R2_L0,3,False,haze4k_train_oof,1b1aedc7dc8f1ee443d18d6b64aa92c0105bef9a96c2d5b28eb1c64254904b7a,0.0,0.0,0.0,307200.0
False,0.0,0.0,0.0,R2_L0,1,False,haze4k_train_oof,1b27b11b2aad75933b851ef73eecd09037f32da058d87ea56cbfc1a7596e56a5,0.0,0.0,0.0,160000.0
False,0.0,0.0,0.0,R2_L0,4,False,haze4k_train_oof,1bbe0348da6b87cf5fd18a053f0f7a1f36e58aaff094f96fa7d610bc028cf50f,0.0,0.0,0.0,307200.0
False,0.0,0.0,0.0,R2_L0,0,False,haze4k_train_oof,1c24400b07ef576879fac0bf1b8bb08281872cc9fef0bcadbea0427c5103094a,0.0,0.0,0.0,160000.0
False,0.0,0.0,0.0,R2_L0,3,False,haze4k_train_oof,1cd446767ca42538b195cf4c1d33dac9343d0ee71b83d6e1a7af20f744e84dbe,0.0,0.0,0.0,160000.0
False,0.0,0.0,0.0,R2_L0,0,False,haze4k_train_oof,1d153d2f6f64ae1cf240e08d47eb0fecbad2fe9664c0fe654774bf4c180b75e4,0.0,0.0,0.0,307200.0
False,0.0,0.0,0.0,R2_L0,2,False,haze4k_train_oof,1d2261d7c2b3f53b35e2a0fe172ba402eaa3d9d0e66352f5404e387776a62ade,0.0,0.0,0.0,307200.0
False,0.0,0.0,0.0,R2_L0,3,False,haze4k_train_oof,1d74182b2493b63a96875bc876716088ac91dd77dd00f7b5b02a10f66f6f559a,0.0,0.0,0.0,307200.0
False,0.0,0.0,0.0,R2_L0,1,False,haze4k_train_oof,1d82644808ec3bd80d4fef60d299a3b4deff30d93e9ac3ea926daf8e61b5c6c3,0.0,0.0,0.0,307200.0
False,0.0,0.0,0.0,R2_L0,0,False,haze4k_train_oof,1e791fec8c93c964da8a45ec044944200f34b8e409842c4f797da62fbf4a9b25,0.0,0.0,0.0,160000.0
False,0.0,0.0,0.0,R2_L0,2,False,haze4k_train_oof,1f7559f1a64089a8ae5254bc063121d972b8b10f4c9f95d12d469b9144dadc1e,0.0,0.0,0.0,307200.0
False,0.0,0.0,0.0,R2_L0,0,False,haze4k_train_oof,1f8ef93a2ef1835f6198f124d519e264a07c7ec380eeb379f830af48b0d3cccf,0.0,0.0,0.0,160000.0
False,0.0,0.0,0.0,R2_L0,2,False,haze4k_train_oof,1fef587d86b4fbf6ee6a2ffb81dd4f704601e9fa609ee65f883c288ffee5aae3,0.0,0.0,0.0,307200.0
False,0.0,0.0,0.0,R2_L0,0,False,haze4k_train_oof,201497c760d7885d5d067d3d065c5c0f4f887a865c06eb1f980735c8452097d1,0.0,0.0,0.0,307200.0
False,0.0,0.0,0.0,R2_L0,0,False,haze4k_train_oof,20606056e8cc47a7f37c3784a35e1b5ff62d361bbdb60dcf8396549ccb0ad109,0.0,0.0,0.0,160000.0
False,0.0,0.0,0.0,R2_L0,0,False,haze4k_train_oof,20d98de865ea0710b77257bef2f710b3d700564b17b215b3071aafd1af584022,0.0,0.0,0.0,307200.0
False,0.0,0.0,0.0,R2_L0,0,False,haze4k_train_oof,20de96507a80e581c8c784fbe4d0891b8f1997aee28cd2b15b28e7666f4a868e,0.0,0.0,0.0,307200.0
False,0.0,0.0,0.0,R2_L0,3,False,haze4k_train_oof,2115d0381d7cfcc2d3608981e7e5cd6276615b92b107229f649bf172c4af06d2,0.0,0.0,0.0,307200.0
False,0.0,0.0,0.0,R2_L0,1,False,haze4k_train_oof,217570835a6d5232092fafdac64f9b647768e0a4c8fbb73b37fced35f8c8e412,0.0,0.0,0.0,160000.0
False,0.0,0.0,0.0,R2_L0,3,False,haze4k_train_oof,2188fecca08acd9e41cf1892bc332435165eeed53d5f535c77146b1204289dc8,0.0,0.0,0.0,307200.0
False,0.0,0.0,0.0,R2_L0,4,False,haze4k_train_oof,219e839fa1ce8871b0ab0c9d4fba06e947a8bc80b8b358ff0f185e4b86fb1916,0.0,0.0,0.0,307200.0
False,0.0,0.0,0.0,R2_L0,4,False,haze4k_train_oof,2224c5eab6986290f92ce15936d3532e0bcbb168e6041386ac1c53a963b41d9e,0.0,0.0,0.0,307200.0
False,0.0,0.0,0.0,R2_L0,2,False,haze4k_train_oof,2249e7451b17baa17c1ef663f51727d7c2acc24d99306e2980980f2bec0459d3,0.0,0.0,0.0,307200.0
False,0.0,0.0,0.0,R2_L0,0,False,haze4k_train_oof,226713ece6fba9ea091d10ab6eb8e65af8e962d558c5b485f16e3c80d1db7906,0.0,0.0,0.0,307200.0
False,0.0,0.0,0.0,R2_L0,4,False,haze4k_train_oof,22f6dcd0636864764206eeb4b5d487fe4f82f973709563dbe20133b9261e4cf8,0.0,0.0,0.0,160000.0
False,0.0,0.0,0.0,R2_L0,2,False,haze4k_train_oof,2339a5741eb8ac5eedc1c46527db0ad6ee23e8abc1998c1f0904a1bec550dc2b,0.0,0.0,0.0,307200.0
False,0.0,0.0,0.0,R2_L0,3,False,haze4k_train_oof,23754b93ea211c8b0a8bd60ca968d3e857f3a629dbe2cfe319c8132598868413,0.0,0.0,0.0,160000.0
False,0.0,0.0,0.0,R2_L0,4,False,haze4k_train_oof,23b52292044eaf79309cf2ae91c5fc5e7195e5e6810d422caa22a5aa9098bd85,0.0,0.0,0.0,307200.0
False,0.0,0.0,0.0,R2_L0,1,False,haze4k_train_oof,23d980293c72dca8d6bbc8feef534188857e60c8168f767aa2613f635f86ebcd,0.0,0.0,0.0,160000.0
False,0.0,0.0,0.0,R2_L0,1,False,haze4k_train_oof,240a36431264938b02a47f0524b24bf13f73b0d0f58d4b1234b086e432a94eb0,0.0,0.0,0.0,160000.0
False,0.0,0.0,0.0,R2_L0,1,False,haze4k_train_oof,240d18d45c90005f49e5e9ffc8c5c8e52f341c6e77108081ebe6fdbde0dd0658,0.0,0.0,0.0,160000.0
False,0.0,0.0,0.0,R2_L0,3,False,haze4k_train_oof,24e47c681a0351df82cb2bed8c2f227fd62709ae8a006e9ae957e377fdbd72f0,0.0,0.0,0.0,307200.0
False,0.0,0.0,0.0,R2_L0,0,False,haze4k_train_oof,24f93c3f6ea8ee5832e54512e34940c27521192ceea1f18a2500f5348682a1fc,0.0,0.0,0.0,307200.0
False,0.0,0.0,0.0,R2_L0,4,False,haze4k_train_oof,2576b2d794e7df1c0f0a01099f12e67698e16a617c6af4916d333cb772da20c6,0.0,0.0,0.0,160000.0
False,0.0,0.0,0.0,R2_L0,0,False,haze4k_train_oof,2611658d06cc01c6e718cf79ef4004cf8ca08d7e000708a5193e5412477c091e,0.0,0.0,0.0,160000.0
False,0.0,0.0,0.0,R2_L0,3,False,haze4k_train_oof,269215eed8afb021aecdfeb4b1a6ee4256c2fb78cee564c4ade585e8b5cd2e1e,0.0,0.0,0.0,160000.0
False,0.0,0.0,0.0,R2_L0,0,False,haze4k_train_oof,26d1f928e0f8d1dcf628acb6a3bd321ef8b866a67b73e5f0bf4b5742d17e1b41,0.0,0.0,0.0,160000.0
False,0.0,0.0,0.0,R2_L0,1,False,haze4k_train_oof,27b4f4f1a172211f2e50a610688df9781d60c64ff5cfd3510fd8d13b76dcac5c,0.0,0.0,0.0,307200.0
False,0.0,0.0,0.0,R2_L0,3,False,haze4k_train_oof,285c12fa84806ac972d3520ff42782733c556c7c54db25a34fe0210d3a683d7e,0.0,0.0,0.0,160000.0
False,0.0,0.0,0.0,R2_L0,0,False,haze4k_train_oof,2865759ab5f4327e0a704fc2bcfe4049fc4c3b5b241af3decf1aea9bfaaefdb0,0.0,0.0,0.0,307200.0
False,0.0,0.0,0.0,R2_L0,4,False,haze4k_train_oof,28e1b692c9b0a3327b4404d271483f7b901279f5750077f220c340e3765110d7,0.0,0.0,0.0,160000.0
False,0.0,0.0,0.0,R2_L0,2,False,haze4k_train_oof,29251a493db748f02372bf6ba4c12499298f69be12c368720d6692a235d8cda9,0.0,0.0,0.0,307200.0
False,0.0,0.0,0.0,R2_L0,1,False,haze4k_train_oof,29c7b134461bcb50232e2e0b703eca9990dfe719cd145c82b35ebc33b689a57a,0.0,0.0,0.0,160000.0
False,0.0,0.0,0.0,R2_L0,1,False,haze4k_train_oof,2a087c0cdce9bd7dace49ab9bf2f29d03b2d7036ae030ff2de8c94c35ab021d2,0.0,0.0,0.0,307200.0
False,0.0,0.0,0.0,R2_L0,1,False,haze4k_train_oof,2a0a3c7346d504d730dd9e6b5add420ec719df46be4ee1fbd8fc6b6064cbead0,0.0,0.0,0.0,307200.0
False,0.0,0.0,0.0,R2_L0,3,False,haze4k_train_oof,2a8967df53565f0f7e4d97e3ec325e07d1cc8e5f4e612f09d1c9faae59b43fc7,0.0,0.0,0.0,160000.0
False,0.0,0.0,0.0,R2_L0,1,False,haze4k_train_oof,2b27c41382ed880672a785d890a1683e9efdaf5d089a1c04f91c3689dd6ffc46,0.0,0.0,0.0,160000.0
False,0.0,0.0,0.0,R2_L0,2,False,haze4k_train_oof,2b6faf7e36b960acb2cb57ab25a303ef9a109a671fe9e0465de63e5a985aedc2,0.0,0.0,0.0,307200.0
False,0.0,0.0,0.0,R2_L0,3,False,haze4k_train_oof,2b8ad41699d474d2d71a5f90b72f278726f7d16b323e1636319df2a1eb8898e5,0.0,0.0,0.0,307200.0
False,0.0,0.0,0.0,R2_L0,2,False,haze4k_train_oof,2bfeed5540b47bebaecdabdbf8352f795d3830692412d1ab0c95e4c71fa787a1,0.0,0.0,0.0,160000.0
False,0.0,0.0,0.0,R2_L0,0,False,haze4k_train_oof,2c3cf1c60f5f5e48126b12604e0b7d3c7a24aa0bc7c400596e6cbbb98a5832d5,0.0,0.0,0.0,307200.0
False,0.0,0.0,0.0,R2_L0,1,False,haze4k_train_oof,2c47bc09fa4bc650bded3933b5642ae1de9b246ca35ba6535bd4454d398dfac5,0.0,0.0,0.0,307200.0
False,0.0,0.0,0.0,R2_L0,4,False,haze4k_train_oof,2c8f759e8e8aa94a0f390529c8a4d2c64bace8655d48691e75caf3519d817709,0.0,0.0,0.0,307200.0
False,0.0,0.0,0.0,R2_L0,3,False,haze4k_train_oof,2d193c8f6e0f44be59295b674976da97ae08a3e22959336df5ba3137b44ad620,0.0,0.0,0.0,307200.0
False,0.0,0.0,0.0,R2_L0,4,False,haze4k_train_oof,2d3a26004307cdba9e8fd92abfd9215b3e1b7cf08a417f3e799ab22f75517a3c,0.0,0.0,0.0,160000.0
False,0.0,0.0,0.0,R2_L0,4,False,haze4k_train_oof,2e2b0c315b200c79e6e104908da8b922e6cb3dbb6f011b2bf2c487bc94a90aa2,0.0,0.0,0.0,307200.0
False,0.0,0.0,0.0,R2_L0,1,False,haze4k_train_oof,2eef94ee0336b735c73ddd0474321052fe642a12a523eb8dcae9d643dbb87075,0.0,0.0,0.0,307200.0
False,0.0,0.0,0.0,R2_L0,3,False,haze4k_train_oof,2fd350fb3d17dcf4d3d5b66deb29abcfaf3263c792ecba0435df9a175e289d20,0.0,0.0,0.0,160000.0
False,0.0,0.0,0.0,R2_L0,1,False,haze4k_train_oof,300e5dcc5aa2a71d9c3e8b4196029acb5cb23e54fa5ca8edeb6606790aae19ea,0.0,0.0,0.0,307200.0
False,0.0,0.0,0.0,R2_L0,1,False,haze4k_train_oof,3018b9d6a14938b9d337aa03aaaaf15f7f273eb9440a55f7849a41f639cdd2ef,0.0,0.0,0.0,160000.0
False,0.0,0.0,0.0,R2_L0,3,False,haze4k_train_oof,30370fabda0efebbd58ca7dbbb5a2d61d67e5712984a22848149fa3a4ff490c9,0.0,0.0,0.0,160000.0
False,0.0,0.0,0.0,R2_L0,1,False,haze4k_train_oof,304946f0881cecfefb1b44aec992c4b7fdc47d2cf4ccfd88da237acd8284db0d,0.0,0.0,0.0,307200.0
False,0.0,0.0,0.0,R2_L0,0,False,haze4k_train_oof,3072b111d4220fe8d065984a22cdca61fc7090198fe4a95d7c3fd330371aedfc,0.0,0.0,0.0,160000.0
False,0.0,0.0,0.0,R2_L0,1,False,haze4k_train_oof,3083efbe6596e6edb39c8daa87753e53778364a4645df0bff8acbe2f146fcda6,0.0,0.0,0.0,160000.0
False,0.0,0.0,0.0,R2_L0,4,False,haze4k_train_oof,30fca3a0ee7fec5d9d31d1ed0a7bf147fc864cffdb90e72d97e091b4d3aeb858,0.0,0.0,0.0,160000.0
False,0.0,0.0,0.0,R2_L0,0,False,haze4k_train_oof,3128516f11a858fc172444ef4a2b70fa2bb26fa39a72c0dfed68e38712316442,0.0,0.0,0.0,307200.0
False,0.0,0.0,0.0,R2_L0,2,False,haze4k_train_oof,31410ceae4c381ddd0527459a1632c44feaec19e6c22f419fb5220e68ff78535,0.0,0.0,0.0,160000.0
False,0.0,0.0,0.0,R2_L0,4,False,haze4k_train_oof,3176fb7dc49a53d16a6a22e695a9ea9ac4cb4f91bf13d832535620c79f65643b,0.0,0.0,0.0,307200.0
False,0.0,0.0,0.0,R2_L0,3,False,haze4k_train_oof,322d98ebef795041d57e7fc5d79b6e8bd850aede12726f340b1986b848d5a1b2,0.0,0.0,0.0,307200.0
False,0.0,0.0,0.0,R2_L0,3,False,haze4k_train_oof,328661fb79bbe9936dc9f212388521be5d330136704b2835eb4462d927cda7c9,0.0,0.0,0.0,160000.0
False,0.0,0.0,0.0,R2_L0,0,False,haze4k_train_oof,333d5290068bc04a1823668e71157f7883b0ae8f5370bca9e1351e5c96505aa8,0.0,0.0,0.0,307200.0
False,0.0,0.0,0.0,R2_L0,2,False,haze4k_train_oof,33c637904fa6d9429f7f7a938716934e8b465978629cd278893c96cff5945eb3,0.0,0.0,0.0,307200.0
False,0.0,0.0,0.0,R2_L0,0,False,haze4k_train_oof,34804f193160353663a87770603c14edcbd32d3409fa95d1f00a5bd2618f3b9b,0.0,0.0,0.0,160000.0
False,0.0,0.0,0.0,R2_L0,2,False,haze4k_train_oof,34c3067e3518a3c4f1d05dae865fe6ff21309c6dd9029c90a564c1dfe8eee8ea,0.0,0.0,0.0,160000.0
False,0.0,0.0,0.0,R2_L0,0,False,haze4k_train_oof,358b0399b6ab7a8c2974816e308a04ebe4f373571e218ba33b59ca795e6fc838,0.0,0.0,0.0,160000.0
False,0.0,0.0,0.0,R2_L0,3,False,haze4k_train_oof,35f91cf0fda25fadb3889731d1e2f024c021dc0f05773ba7cddf69f91c678470,0.0,0.0,0.0,160000.0
False,0.0,0.0,0.0,R2_L0,0,False,haze4k_train_oof,36ac9bc43062cbcbfe5027dd1596866090fc149923e937ed797a91f3c777aa75,0.0,0.0,0.0,307200.0
False,0.0,0.0,0.0,R2_L0,4,False,haze4k_train_oof,3807a870f2615fcef2d26d1bc5ac59b7062ec9efde9f995dab40375bfeb8908d,0.0,0.0,0.0,160000.0
False,0.0,0.0,0.0,R2_L0,4,False,haze4k_train_oof,383e52b38e409d2b8ddc6cb01a09733e736d23a9a1012c8b699ad1c9ac3118f4,0.0,0.0,0.0,307200.0
False,0.0,0.0,0.0,R2_L0,0,False,haze4k_train_oof,3843d5c0b17ad91f8e087389572c1c4bd4f53c22ee81be10a12f4a66a6b6b197,0.0,0.0,0.0,160000.0
False,0.0,0.0,0.0,R2_L0,4,False,haze4k_train_oof,38d19ba9db4ce3c22b6be8b767873f282950193a830d2eee58fd7f7e684ce57d,0.0,0.0,0.0,307200.0
False,0.0,0.0,0.0,R2_L0,0,False,haze4k_train_oof,399ec3a6c7f4e7997a5299c3dd16fec0f18c6324107174f65c58e0ef0400f1b2,0.0,0.0,0.0,307200.0
False,0.0,0.0,0.0,R2_L0,2,False,haze4k_train_oof,39b3437baf3110c4f112d0fe0e84dcbe94854dd50d88d81e130bc4a7c66bbeba,0.0,0.0,0.0,160000.0
False,0.0,0.0,0.0,R2_L0,1,False,haze4k_train_oof,3a1a5286066029417afe19f2409e96b5d6799134ba8a184f7b262f938726b24e,0.0,0.0,0.0,307200.0
False,0.0,0.0,0.0,R2_L0,4,False,haze4k_train_oof,3b5f4022bee90a8d5d4701329f79ec5e1ae20c81722a006b4f9a8004f19d54e2,0.0,0.0,0.0,160000.0
False,0.0,0.0,0.0,R2_L0,4,False,haze4k_train_oof,3bf1ba6099edaea2ccc6f471d8d77b0266e2bea42f4bbfabd760ccee570abd10,0.0,0.0,0.0,307200.0
False,0.0,0.0,0.0,R2_L0,3,False,haze4k_train_oof,3c0525f4e5fb9f3017707297d95c20d43c67db3529b3cebb2323930d32da0abd,0.0,0.0,0.0,307200.0
False,0.0,0.0,0.0,R2_L0,3,False,haze4k_train_oof,3c97994dc4fc9fd15974185924164891c697863f37143f85f5c82a0a520882b2,0.0,0.0,0.0,307200.0
False,0.0,0.0,0.0,R2_L0,3,False,haze4k_train_oof,3cd981bf817d97b56e27ba1114867c7927c55c1a14534e88eb000d2088ce6d6d,0.0,0.0,0.0,160000.0
False,0.0,0.0,0.0,R2_L0,2,False,haze4k_train_oof,3d1c3a0babe1d555ba4bce5c0f39e8de87509dcfb8a46fa2c511b50a012efd76,0.0,0.0,0.0,307200.0
False,0.0,0.0,0.0,R2_L0,3,False,haze4k_train_oof,3dfc1c08dd38a7766aeaff898d826f4c666bec693dc9b74d19b713a1f7bd119b,0.0,0.0,0.0,307200.0
False,0.0,0.0,0.0,R2_L0,0,False,haze4k_train_oof,3e7e3fa19e2770a7f7bb6f3b3cb6ef3a331671f39b36f21e9b4d8354d523ec54,0.0,0.0,0.0,307200.0
False,0.0,0.0,0.0,R2_L0,4,False,haze4k_train_oof,3e82cfa0b082929e52136ae3ca91301be72e24a86647021fa052ee0bd749d3bd,0.0,0.0,0.0,307200.0
False,0.0,0.0,0.0,R2_L0,3,False,haze4k_train_oof,3ea0a236211a1e6654fcc7e49661c9f6b77b9da00f64228f0b4c1acd41ac20d3,0.0,0.0,0.0,160000.0
False,0.0,0.0,0.0,R2_L0,4,False,haze4k_train_oof,3f136de33c542a06b856e6887aa10232cc0012a43ea2478f102346f8d5004cfb,0.0,0.0,0.0,307200.0
False,0.0,0.0,0.0,R2_L0,3,False,haze4k_train_oof,3f29645c0b2224efb3afdfe1e4a9d1d0b4c2f4e048c6d0fc74ae7b86a45fe352,0.0,0.0,0.0,307200.0
False,0.0,0.0,0.0,R2_L0,2,False,haze4k_train_oof,3faefcc29492d1f97091150c746792ca1f4ea2ae4ff9300b1b9e40d0dd007a6c,0.0,0.0,0.0,160000.0
False,0.0,0.0,0.0,R2_L0,4,False,haze4k_train_oof,40a620f0a4cf5a5bb63f7de0c8543d90f510916ddd94e91b7ecf422eeb3878f3,0.0,0.0,0.0,160000.0
False,0.0,0.0,0.0,R2_L0,0,False,haze4k_train_oof,4101b571cc87432f73727a2b2b9ed100a2c8959a8e28388e35f64338a9173324,0.0,0.0,0.0,160000.0
False,0.0,0.0,0.0,R2_L0,1,False,haze4k_train_oof,415ccf5b0f87616be2041e76ad7d07dfaf3237309b84dc31622167cb7ec8ce43,0.0,0.0,0.0,307200.0
False,0.0,0.0,0.0,R2_L0,3,False,haze4k_train_oof,416a485d2821601277c36b7ca43505e6b4b9d3750eda1c500988fd2fb65c3fcd,0.0,0.0,0.0,307200.0
False,0.0,0.0,0.0,R2_L0,0,False,haze4k_train_oof,42e3a952dcd305ac308978765f88c0346b267dc638dee48108f5d2840897bfcd,0.0,0.0,0.0,307200.0
False,0.0,0.0,0.0,R2_L0,4,False,haze4k_train_oof,4376e7a832ec23e5fa71673b32989119398e46ad3161c686f79957d39671f015,0.0,0.0,0.0,307200.0
False,0.0,0.0,0.0,R2_L0,2,False,haze4k_train_oof,43e852b91befd21bff368a0d57405ab136db15623f818aeb1fa7b53391374f9e,0.0,0.0,0.0,160000.0
False,0.0,0.0,0.0,R2_L0,0,False,haze4k_train_oof,441c490528125020d260dd4ec34b9f30af8a79d886e7bb83ceae1037d909c6d8,0.0,0.0,0.0,160000.0
False,0.0,0.0,0.0,R2_L0,0,False,haze4k_train_oof,449ed095fe118c741d536ca38dae7c53685e459f9fa5320870f82cd2a926b80b,0.0,0.0,0.0,160000.0
False,0.0,0.0,0.0,R2_L0,3,False,haze4k_train_oof,451be166afa9391d0d8077769c169f919614edb04d3d24c149eabb3d8785750c,0.0,0.0,0.0,307200.0
False,0.0,0.0,0.0,R2_L0,4,False,haze4k_train_oof,45b2ede5f17d30e61952ea19c211847316b97725bc58115f04774ce7f14287b4,0.0,0.0,0.0,160000.0
False,0.0,0.0,0.0,R2_L0,2,False,haze4k_train_oof,46d09b99225c2ecf518ddc65e45c72999f0df4de6a1ea7fe8b3ecb854d2f8147,0.0,0.0,0.0,307200.0
False,0.0,0.0,0.0,R2_L0,4,False,haze4k_train_oof,46e0dec842296df74c77ce82de1071e20bb783ff31280028db4488602a1ec1b2,0.0,0.0,0.0,307200.0
False,0.0,0.0,0.0,R2_L0,3,False,haze4k_train_oof,47b1617f15286dd6ad335526cce559449db6eb8fa2b5385c0db83c2cd1b0debe,0.0,0.0,0.0,160000.0
False,0.0,0.0,0.0,R2_L0,4,False,haze4k_train_oof,48ebc87fb77eeb80737bf90f5e0b74e6af7eb5184301b3ecafe79bb2bb9c8288,0.0,0.0,0.0,160000.0
False,0.0,0.0,0.0,R2_L0,1,False,haze4k_train_oof,493026245aebe21f963b9f49955f7ac979682dc58cda8a9dffc71b4546321282,0.0,0.0,0.0,160000.0
False,0.0,0.0,0.0,R2_L0,1,False,haze4k_train_oof,49a0daba0f198db64c31e46433ef1be1d48da7d79dee6852ed5758d5867e00d1,0.0,0.0,0.0,160000.0
False,0.0,0.0,0.0,R2_L0,1,False,haze4k_train_oof,49e16f4558e14a8958f01994caf3e75f878807266c979a29705c4e9c143536ed,0.0,0.0,0.0,307200.0
False,0.0,0.0,0.0,R2_L0,2,False,haze4k_train_oof,49ee501d0c5d43957648a0a795a8d69f78fe4be0d372f955ecceb3b118b7e3b6,0.0,0.0,0.0,160000.0
False,0.0,0.0,0.0,R2_L0,2,False,haze4k_train_oof,4a1271ee576cecc3ec53f282449c4246db06bbc20d5835ded804ecabde755b82,0.0,0.0,0.0,160000.0
False,0.0,0.0,0.0,R2_L0,0,False,haze4k_train_oof,4a80cd9b7810c4b63099061c924d4be0874a0da9536e5b962c2a06beb6ed62ab,0.0,0.0,0.0,160000.0
False,0.0,0.0,0.0,R2_L0,2,False,haze4k_train_oof,4accb1594114cd0724da8907066f655a2771d7d6e4fdd99729fd4f9f88998d9f,0.0,0.0,0.0,307200.0
False,0.0,0.0,0.0,R2_L0,4,False,haze4k_train_oof,4b23fdf174c5f318e0ed32e696cb2d7e0c50080892a335d29fb3102790285bd5,0.0,0.0,0.0,160000.0
False,0.0,0.0,0.0,R2_L0,1,False,haze4k_train_oof,4b6713442dc366af2b16f3b24af9190b41fe44f680fbd16d9e6d28a7ae2eb616,0.0,0.0,0.0,307200.0
False,0.0,0.0,0.0,R2_L0,0,False,haze4k_train_oof,4c6a769034237efcd481bf6b1d2ed18b1a71634cf1863087c2072865b45fdfca,0.0,0.0,0.0,307200.0
False,0.0,0.0,0.0,R2_L0,4,False,haze4k_train_oof,4cce2d2c0b9aa2a275e6b701d54a63e98227fe103945a14ce0d515e9884b22fd,0.0,0.0,0.0,307200.0
False,0.0,0.0,0.0,R2_L0,4,False,haze4k_train_oof,4d6939de46bf1f7a07d678bf2663ada5c8b5e5042e2740e7f10ab290daa8663a,0.0,0.0,0.0,160000.0
False,0.0,0.0,0.0,R2_L0,2,False,haze4k_train_oof,4d81c0737779e521fcee9bf5ee6465726cb356aeb10085cc1b7d4d0e337135ca,0.0,0.0,0.0,160000.0
False,0.0,0.0,0.0,R2_L0,2,False,haze4k_train_oof,4dc7a399ec5a052526fb1024f7e234c76f46731be82eb7fd5799a7c5ef68ef61,0.0,0.0,0.0,307200.0
False,0.0,0.0,0.0,R2_L0,2,False,haze4k_train_oof,4e126a5de0cc0d50fb0bd8ce1c36015f915fba2e20487a6ab456e6c6da844094,0.0,0.0,0.0,307200.0
False,0.0,0.0,0.0,R2_L0,1,False,haze4k_train_oof,4e3ab41a825a5898f99ca7a1cf745d7a0e05a4d076ccb1f432f3189147a687f6,0.0,0.0,0.0,307200.0
False,0.0,0.0,0.0,R2_L0,2,False,haze4k_train_oof,4e41e8b7bb634f1acf69fba73c6531e2337b6bdbd98cd5460a1d139ac6db2072,0.0,0.0,0.0,160000.0
False,0.0,0.0,0.0,R2_L0,3,False,haze4k_train_oof,4e43a41b0a8a9909629d63fdb46d020a778d6d763fb50cc4b59dca746cff3968,0.0,0.0,0.0,160000.0
False,0.0,0.0,0.0,R2_L0,1,False,haze4k_train_oof,4ef1d171649e8ffcfa458e74476563e69ed009e5eb5e2e093af3446c9b33ddf6,0.0,0.0,0.0,307200.0
False,0.0,0.0,0.0,R2_L0,4,False,haze4k_train_oof,4f5baa217ab096ae7db2ceee1c6ab359b304c2adc3577776459846f2035ac20b,0.0,0.0,0.0,160000.0
False,0.0,0.0,0.0,R2_L0,3,False,haze4k_train_oof,4f66b600facb88c6ed4a605468d995d2800d88aff409fd83a7665dab474dd2b7,0.0,0.0,0.0,307200.0
False,0.0,0.0,0.0,R2_L0,0,False,haze4k_train_oof,4f6f14819999fff8316f4a4f9c9adeccd35f9d9824822d33341b916ed72d7400,0.0,0.0,0.0,160000.0
False,0.0,0.0,0.0,R2_L0,4,False,haze4k_train_oof,4feea785f6d2db2b8703788656eb6838c7da00a573dd33d579b3c9b2b1330159,0.0,0.0,0.0,160000.0
False,0.0,0.0,0.0,R2_L0,2,False,haze4k_train_oof,5029e9f7a89cfa7662e2446347becc107c471f00562c320c64bfe2f07c8bd231,0.0,0.0,0.0,307200.0
False,0.0,0.0,0.0,R2_L0,1,False,haze4k_train_oof,50a75e0d45cb36427196ba6110163c57df135cb4a2912720354926ce07c5ff5d,0.0,0.0,0.0,307200.0
False,0.0,0.0,0.0,R2_L0,4,False,haze4k_train_oof,50c7a1890d042eddb1d3164abd637f58ac4bd6445dc04edc21e4bc8864a611fb,0.0,0.0,0.0,160000.0
False,0.0,0.0,0.0,R2_L0,2,False,haze4k_train_oof,51ae9b406bed57c9b426a31ca33c0d7701290e712b94201a12ce9d93baca21e9,0.0,0.0,0.0,160000.0
False,0.0,0.0,0.0,R2_L0,2,False,haze4k_train_oof,51f547879a601d6d0e2a2d66ec3b5f9958e1fc4ed8298a96061d4eaa219a138f,0.0,0.0,0.0,307200.0
False,0.0,0.0,0.0,R2_L0,4,False,haze4k_train_oof,5228083f159b2143596305986633d0e05b9c3e8bafe6f7a3b72534ccb40137f6,0.0,0.0,0.0,307200.0
False,0.0,0.0,0.0,R2_L0,2,False,haze4k_train_oof,52327328cc0c9b8b8d025ee80df237f07a2d5491a0cfbd8ef82aab9a1976bbfe,0.0,0.0,0.0,307200.0
False,0.0,0.0,0.0,R2_L0,2,False,haze4k_train_oof,52bf090289e3d31ec51603f785e61c9d2f8d7a7b7c3f046b0ef4bb9be3bc193a,0.0,0.0,0.0,160000.0
False,0.0,0.0,0.0,R2_L0,2,False,haze4k_train_oof,531d07e25bf5fe2ffb9ca49d25bf7794c3fcbc69b2507127679ca8e6c88ea43c,0.0,0.0,0.0,307200.0
False,0.0,0.0,0.0,R2_L0,4,False,haze4k_train_oof,5383c4da25181de9478469577f155f617593fa780c13ff9a6857b7ad6d159c0e,0.0,0.0,0.0,160000.0
False,0.0,0.0,0.0,R2_L0,3,False,haze4k_train_oof,53bc77eb29e6a03dd9d4288cd922346af22ddf9be3a52e2af1acb8ad88bdb1c9,0.0,0.0,0.0,160000.0
False,0.0,0.0,0.0,R2_L0,2,False,haze4k_train_oof,53e43ce1504c88816042c9b451a7bfd20ce35b14998165861a184b0676cad9ac,0.0,0.0,0.0,307200.0
False,0.0,0.0,0.0,R2_L0,4,False,haze4k_train_oof,546c863270049e1fb63954fad16081553fc75186582afea1ad75cbdb3794ab9a,0.0,0.0,0.0,160000.0
False,0.0,0.0,0.0,R2_L0,2,False,haze4k_train_oof,54ab08d208da44042205ddc0cedc24ec265e73d339861e323f1a3de28cce2ae1,0.0,0.0,0.0,307200.0
False,0.0,0.0,0.0,R2_L0,4,False,haze4k_train_oof,562f73418fcb1c082b92d2e033a0befa576ca0962bdf568800c56afb6bf28f08,0.0,0.0,0.0,160000.0
False,0.0,0.0,0.0,R2_L0,0,False,haze4k_train_oof,569e701859aa8c694ed932e69ff437301a50911edfd8eb4e3bf5bbab0af4f200,0.0,0.0,0.0,160000.0
False,0.0,0.0,0.0,R2_L0,3,False,haze4k_train_oof,572848e2d0491e6b2e84c981bd36990209d3298838fa7ae481ac4a215affcbfd,0.0,0.0,0.0,160000.0
False,0.0,0.0,0.0,R2_L0,0,False,haze4k_train_oof,57354deff07163027b8c2c2f8aa748b0e86d3a44ab26e50119bfba79b440093e,0.0,0.0,0.0,307200.0
False,0.0,0.0,0.0,R2_L0,0,False,haze4k_train_oof,577e05fdcae490267bf2a74ed80854e363c95e439de045d7a13d0fbdc130b6e6,0.0,0.0,0.0,160000.0
False,0.0,0.0,0.0,R2_L0,4,False,haze4k_train_oof,57f2a4d0575a91a452deb73480126f36cfbee2a4b8bc103575e4c242f5fd04fb,0.0,0.0,0.0,307200.0
False,0.0,0.0,0.0,R2_L0,0,False,haze4k_train_oof,58b0b1dc447fac2a8d76fef76d788c930bacdd059fc91ba27c5d74cf80a87ffc,0.0,0.0,0.0,307200.0
False,0.0,0.0,0.0,R2_L0,1,False,haze4k_train_oof,591998cf5c6fe60b5ac27c3930cbced975609cc5a96d576a2dd0e599dac99fc6,0.0,0.0,0.0,307200.0
False,0.0,0.0,0.0,R2_L0,2,False,haze4k_train_oof,598b05801bbff081ca58ad01da60d0332b96c2d5cf246d142a5970f387d26267,0.0,0.0,0.0,307200.0
False,0.0,0.0,0.0,R2_L0,4,False,haze4k_train_oof,5a51a209fd1ee956044b9db987ff9c08ae57565fa6bb9c41d40a854212373ed1,0.0,0.0,0.0,160000.0
False,0.0,0.0,0.0,R2_L0,2,False,haze4k_train_oof,5b093bbbb65bf206bb97ae3e6df9776eaf34b5a4017afa4b6d23e8082af3a4c7,0.0,0.0,0.0,307200.0
False,0.0,0.0,0.0,R2_L0,0,False,haze4k_train_oof,5db565cdc75904e3e94aa472d24afeb852fde64250584ee94abcdfeb20ab988f,0.0,0.0,0.0,160000.0
False,0.0,0.0,0.0,R2_L0,2,False,haze4k_train_oof,5f04e28fd1af155ff1ee0465d88aa903476adf8fff621837ad9da981f7ee34cc,0.0,0.0,0.0,307200.0
False,0.0,0.0,0.0,R2_L0,0,False,haze4k_train_oof,5f460bd8367781bb34b5189fd681818c8b1b49a1433851366b3b990c8017f603,0.0,0.0,0.0,160000.0
False,0.0,0.0,0.0,R2_L0,3,False,haze4k_train_oof,602d55cc1d86785f48640db75884b0fd9072c76195760937786f6c55daed740e,0.0,0.0,0.0,160000.0
False,0.0,0.0,0.0,R2_L0,1,False,haze4k_train_oof,605f2c4906d33002548b08e4961df6c98f7d47ff662766ad37b22f239e8c8786,0.0,0.0,0.0,307200.0
False,0.0,0.0,0.0,R2_L0,2,False,haze4k_train_oof,6067e8d6dd7ca4448ad6fa927b1aed2a7dc4cb62fd8a4e0603238899c37d978f,0.0,0.0,0.0,160000.0
False,0.0,0.0,0.0,R2_L0,0,False,haze4k_train_oof,60932dc9acc1198e0ce640b18b8e1bda5151d372d2798445650b3e6bfbc4b499,0.0,0.0,0.0,307200.0
False,0.0,0.0,0.0,R2_L0,4,False,haze4k_train_oof,61ceb4901e3dcd14742bef9822b14a94792a90858075e1bf784364fd58c93f87,0.0,0.0,0.0,307200.0
False,0.0,0.0,0.0,R2_L0,1,False,haze4k_train_oof,61e21773747898ccf99b51edbecf7c5e444bb53d22cee71b26ec38a659ed2878,0.0,0.0,0.0,160000.0
False,0.0,0.0,0.0,R2_L0,0,False,haze4k_train_oof,620485df1402d8457b4232ab1ba0db79404f8aa7c24a08fae84c92f6e36e29ec,0.0,0.0,0.0,307200.0
False,0.0,0.0,0.0,R2_L0,1,False,haze4k_train_oof,62b7b118631140d956f56e34d7455c6c8130c84dfeaf750a66889ed444fffa45,0.0,0.0,0.0,307200.0
False,0.0,0.0,0.0,R2_L0,2,False,haze4k_train_oof,6355a9f79ab8b5f9c00756352c83e487464dfa55b6f957868d1a7c0ca2a57000,0.0,0.0,0.0,160000.0
False,0.0,0.0,0.0,R2_L0,4,False,haze4k_train_oof,63c206aa75800458197314d5f60504efc0653a174a9aa2f26b31c372d92bce6e,0.0,0.0,0.0,307200.0
False,0.0,0.0,0.0,R2_L0,1,False,haze4k_train_oof,63c4f3a74c92bda49e8be261dc37af9b9c1e0ee3b4bbf60ea2aee9b313c5e020,0.0,0.0,0.0,307200.0
False,0.0,0.0,0.0,R2_L0,3,False,haze4k_train_oof,63ce8017c6ea5eb371ccecb29d0bc409ddefc91b6bdb9d8a0db5716a26b1982d,0.0,0.0,0.0,160000.0
False,0.0,0.0,0.0,R2_L0,4,False,haze4k_train_oof,640553af7637485a83bd2c160da987a7a0d4822d2a73d8a1f5ca0d43158ae8ee,0.0,0.0,0.0,307200.0
False,0.0,0.0,0.0,R2_L0,0,False,haze4k_train_oof,64a36634fdca1fede0387c1cf85783a90d77bd00f450f323db9a60559ff81692,0.0,0.0,0.0,160000.0
False,0.0,0.0,0.0,R2_L0,0,False,haze4k_train_oof,6545112f375c040a63e8234d3bce2bb194a598b0fd6a3f0f53489cad961d3a2f,0.0,0.0,0.0,160000.0
False,0.0,0.0,0.0,R2_L0,4,False,haze4k_train_oof,657fd10f819cc3287b7324bf8365d8b6c344e665317d72623911eb0624f2e9a3,0.0,0.0,0.0,307200.0
False,0.0,0.0,0.0,R2_L0,1,False,haze4k_train_oof,65954cd460d901af038d9da18e0f05b5e25e730d7581f8f7c37369a1f392e0c3,0.0,0.0,0.0,160000.0
False,0.0,0.0,0.0,R2_L0,0,False,haze4k_train_oof,65d267b0a080dd5029ce4454acb6e113656114e4f880825a91805fe6c09445f0,0.0,0.0,0.0,307200.0
False,0.0,0.0,0.0,R2_L0,2,False,haze4k_train_oof,664957188cd419e5c1715c3f4576480b24ad104b1412d952c20a8e36f158f0ef,0.0,0.0,0.0,307200.0
False,0.0,0.0,0.0,R2_L0,1,False,haze4k_train_oof,664eaaf3ab514b305ad399bdb672846985edab4d013e60ff7cee05bc97f504c5,0.0,0.0,0.0,160000.0
False,0.0,0.0,0.0,R2_L0,3,False,haze4k_train_oof,6691c3680844281ed6acfb71e35d3b47909dc779ba1c27adf4314845baa0d1f9,0.0,0.0,0.0,160000.0
False,0.0,0.0,0.0,R2_L0,3,False,haze4k_train_oof,67158f53227e8cbf1866dd620da410160bdbaabe55444bb906e564b3a96aa67a,0.0,0.0,0.0,160000.0
False,0.0,0.0,0.0,R2_L0,3,False,haze4k_train_oof,679cd08133ad96a6033ea5cae71b65edbbe47dd35e1949331f730679e86fd3cc,0.0,0.0,0.0,307200.0
False,0.0,0.0,0.0,R2_L0,1,False,haze4k_train_oof,68947890e38fddfc7696ac7cdd69c2951ee69e4439c5613dfc8ef9ec63cf9f34,0.0,0.0,0.0,160000.0
False,0.0,0.0,0.0,R2_L0,0,False,haze4k_train_oof,68e87be69ba379790c34aedd396a8ad20aa26bbee6bcd37dee5c2845fa1fe8b2,0.0,0.0,0.0,307200.0
False,0.0,0.0,0.0,R2_L0,1,False,haze4k_train_oof,690978c6a759003e03d8c02339bffdd94c46dfa1a9dddec669d8168c36f02013,0.0,0.0,0.0,307200.0
False,0.0,0.0,0.0,R2_L0,3,False,haze4k_train_oof,69133263c5b847963effe867a21c7ff0d4d344fe35ca4b1929eaf1f00150543a,0.0,0.0,0.0,307200.0
False,0.0,0.0,0.0,R2_L0,2,False,haze4k_train_oof,692e688d2ec2713843211197ae77097dfa2997d5dff798c8308cebd598489628,0.0,0.0,0.0,307200.0
False,0.0,0.0,0.0,R2_L0,1,False,haze4k_train_oof,694f327ac14d503888aae0ca3522e9cf3ea1e7259d234523b9f886e4bc53bd2c,0.0,0.0,0.0,307200.0
False,0.0,0.0,0.0,R2_L0,3,False,haze4k_train_oof,69dcb2981c18d4291b1027876a572f826bb5d4d944c9e6955647e73437353fc1,0.0,0.0,0.0,160000.0
False,0.0,0.0,0.0,R2_L0,4,False,haze4k_train_oof,69ee017adba07763efca08a723fbee0ed03170968791c1a65fbeb2ca201aa34a,0.0,0.0,0.0,160000.0
False,0.0,0.0,0.0,R2_L0,4,False,haze4k_train_oof,69f6b5e555efe19ed9ccbcba3b8b715ce9b826fa651525e1a49baf149d8cd68f,0.0,0.0,0.0,160000.0
False,0.0,0.0,0.0,R2_L0,1,False,haze4k_train_oof,6a0937ce574d7eb400c81395b9d961ad423ff8a58e7c7c6c112da93d0b62fdde,0.0,0.0,0.0,307200.0
False,0.0,0.0,0.0,R2_L0,3,False,haze4k_train_oof,6afdfbb43c08084f80fb169f25df777a7cf0684e6b8a47d35989c50a17b66ea3,0.0,0.0,0.0,307200.0
False,0.0,0.0,0.0,R2_L0,4,False,haze4k_train_oof,6b18e8446a01367345755082cf0d3dd0608b08643ed8339f340446791e48c8f4,0.0,0.0,0.0,160000.0
False,0.0,0.0,0.0,R2_L0,2,False,haze4k_train_oof,6b44b628bc71d9af19d367b61f4d64fdcde72d2c8b417374b16712658e235c84,0.0,0.0,0.0,160000.0
False,0.0,0.0,0.0,R2_L0,0,False,haze4k_train_oof,6b56cd305b0e362d83976ce40791174f90851a06bd6aff0510889f0ea776bf1e,0.0,0.0,0.0,160000.0
False,0.0,0.0,0.0,R2_L0,0,False,haze4k_train_oof,6bfb39d73d0c063e8172745c9dd52147a504c66c976c60433f705b94bd253476,0.0,0.0,0.0,160000.0
False,0.0,0.0,0.0,R2_L0,3,False,haze4k_train_oof,6c31572b814625c82ed3baa121162911c0f6535b4fff12eed51c8d0ae5469d6d,0.0,0.0,0.0,160000.0
False,0.0,0.0,0.0,R2_L0,4,False,haze4k_train_oof,6cd520ddfceb5e6c9cf66678811e589aa4afcede7aca1ad8e8fea693ba9188ee,0.0,0.0,0.0,160000.0
False,0.0,0.0,0.0,R2_L0,2,False,haze4k_train_oof,6ce45488f2b8652f281c9d105f8c541e4d019974c4353f535e5088df35484734,0.0,0.0,0.0,160000.0
False,0.0,0.0,0.0,R2_L0,1,False,haze4k_train_oof,6d01f23dbf79c16cb808fa1e46b62961903efe0625690f71c4e44f8360a2a47e,0.0,0.0,0.0,307200.0
False,0.0,0.0,0.0,R2_L0,2,False,haze4k_train_oof,6d03f8169fc54abad2bf8f10446c1ef6e7721da7fc70480a12ba31b034d77cf5,0.0,0.0,0.0,307200.0
False,0.0,0.0,0.0,R2_L0,0,False,haze4k_train_oof,6d58d6df22fc1491bccfb36b498b228803b00a32d765bb206a0ddad57734b8b8,0.0,0.0,0.0,307200.0
False,0.0,0.0,0.0,R2_L0,3,False,haze4k_train_oof,6d6cb8ded763bf55c7d97b59a95fcda33b554ce16618e8ea5adc006fd4da09e9,0.0,0.0,0.0,160000.0
False,0.0,0.0,0.0,R2_L0,1,False,haze4k_train_oof,6dac746b281583fdab71407c1b213dbee4879f11a1619a535c78dd72fff1fa77,0.0,0.0,0.0,160000.0
False,0.0,0.0,0.0,R2_L0,3,False,haze4k_train_oof,6dbbbb540630e29c2539988bc87e457970d38660cec0449d2ba412d00e745fa2,0.0,0.0,0.0,160000.0
False,0.0,0.0,0.0,R2_L0,3,False,haze4k_train_oof,6df28bac0b353afe1664a53f6345bf56407e7d54edb43d1934b9f1bc5466b1d2,0.0,0.0,0.0,307200.0
False,0.0,0.0,0.0,R2_L0,1,False,haze4k_train_oof,6efbdf70b733a1f8b9db793bedb1691fa661783705c0633211c6dd484290e4ec,0.0,0.0,0.0,160000.0
False,0.0,0.0,0.0,R2_L0,2,False,haze4k_train_oof,6fc7a10b9c03fabc33e740d9fa6ca73dd4c3a06278e0270c1a531bb4cf590663,0.0,0.0,0.0,160000.0
False,0.0,0.0,0.0,R2_L0,4,False,haze4k_train_oof,6ffae7e7159189864275ba975c55fd67a2964afad0b0001e42ea6f38fb7b6d64,0.0,0.0,0.0,160000.0
False,0.0,0.0,0.0,R2_L0,3,False,haze4k_train_oof,701b1c34e4d3fc37dddb7f44e063429a5977d6b27d0de0550bdefbf470931715,0.0,0.0,0.0,307200.0
False,0.0,0.0,0.0,R2_L0,2,False,haze4k_train_oof,70a47a3131f333433ac424b8843871eed4f8bec1745d813cf6b605ab80fe9bb8,0.0,0.0,0.0,160000.0
False,0.0,0.0,0.0,R2_L0,4,False,haze4k_train_oof,7102450dc64ae1aaaebf07e06558616b2d3e850d399544cb791246e88f2a38f0,0.0,0.0,0.0,307200.0
False,0.0,0.0,0.0,R2_L0,2,False,haze4k_train_oof,7248866c9b52a37beb266c4aaa3b03d9f44646d2e21f40039c739a99814b44f5,0.0,0.0,0.0,307200.0
False,0.0,0.0,0.0,R2_L0,0,False,haze4k_train_oof,733e13760fb7ca38dbe12c1a5f4205afe1d15b16d9c8f1f9cf57399d02feb21e,0.0,0.0,0.0,160000.0
False,0.0,0.0,0.0,R2_L0,4,False,haze4k_train_oof,73f68eee99b93b3563e947a25f4003032ddeef15c3cb6895fa4e211048235b87,0.0,0.0,0.0,160000.0
False,0.0,0.0,0.0,R2_L0,2,False,haze4k_train_oof,744935fa322c1f9dadc97d4490a7fc0a59bdd1e24a01e1e91fbd807371023590,0.0,0.0,0.0,307200.0
False,0.0,0.0,0.0,R2_L0,2,False,haze4k_train_oof,753535bcbdd05a3839775ba029255047825cdee2b81116196503b0571a6c534a,0.0,0.0,0.0,307200.0
False,0.0,0.0,0.0,R2_L0,4,False,haze4k_train_oof,76089a7afaff5285aa12bdbcae5014ef725f05fbd290a8ee87e67300d1e51621,0.0,0.0,0.0,307200.0
False,0.0,0.0,0.0,R2_L0,0,False,haze4k_train_oof,76c22ad7527c601b7a295806c0711e9dd420567a09a8cd48600135c09dbe8e7a,0.0,0.0,0.0,160000.0
False,0.0,0.0,0.0,R2_L0,1,False,haze4k_train_oof,76cf21b8d9c6079589928731cab63594076c3f8f6cab4fb766dc2a3681ae6e82,0.0,0.0,0.0,307200.0
False,0.0,0.0,0.0,R2_L0,4,False,haze4k_train_oof,7709577876fe832f097d4727e0df309c00caf50fa5dbe6619ca4066bf888a7a8,0.0,0.0,0.0,307200.0
False,0.0,0.0,0.0,R2_L0,4,False,haze4k_train_oof,77db3f4df8bb29443f4af49108ba8f261f80bb44695d4bdc2873036e348f4283,0.0,0.0,0.0,307200.0
False,0.0,0.0,0.0,R2_L0,4,False,haze4k_train_oof,77fc8f77e107190b2fa6fac37f12369b58119000e79fabc2728306c3b5e34de7,0.0,0.0,0.0,307200.0
False,0.0,0.0,0.0,R2_L0,2,False,haze4k_train_oof,78b8ac8168fece8ff053f814d839fc52ff4dec4b3ed12ac1f5bc1fcf4552c068,0.0,0.0,0.0,160000.0
False,0.0,0.0,0.0,R2_L0,4,False,haze4k_train_oof,7914c0e2a3161b7cdde0f7754d4e5fc7e8658bf371bd5a2c2662af68191ef50a,0.0,0.0,0.0,307200.0
False,0.0,0.0,0.0,R2_L0,1,False,haze4k_train_oof,792d5402357e7a13bec380581301fabbe4c6a33b5970eedf3af6e88380dc523b,0.0,0.0,0.0,307200.0
False,0.0,0.0,0.0,R2_L0,2,False,haze4k_train_oof,79df11faa27e37c18d8f1f6d4403d6a24a32f5e2f4414c68bc74ac4c8c2f2e4b,0.0,0.0,0.0,160000.0
False,0.0,0.0,0.0,R2_L0,2,False,haze4k_train_oof,79ea6f8419015dcd3eccc01364468f0e17a2614bf86eccb96af7617d3c6cbd00,0.0,0.0,0.0,307200.0
False,0.0,0.0,0.0,R2_L0,0,False,haze4k_train_oof,79ff97f0c7cfa47a98e61f6134f702e8e3ca1e90ae38f6e1583cb1050c72c086,0.0,0.0,0.0,307200.0
False,0.0,0.0,0.0,R2_L0,0,False,haze4k_train_oof,7a1ffd83c8fb707cb31700b616819bb7983a16aa5327a38538412b6dea44085c,0.0,0.0,0.0,160000.0
False,0.0,0.0,0.0,R2_L0,1,False,haze4k_train_oof,7a3c6712abe6a999204b4ec8a13dc3664fee1af12ed5f0c7bcd5fccf79f05504,0.0,0.0,0.0,307200.0
False,0.0,0.0,0.0,R2_L0,0,False,haze4k_train_oof,7a3d95f55c2fae48a33c4273b4b306f9e31f6910430b20de861e0d5c31fbb046,0.0,0.0,0.0,307200.0
False,0.0,0.0,0.0,R2_L0,4,False,haze4k_train_oof,7a4f4cc0d7cbcbf3228782e4ddf8cfde96278b37534e8f9ccf39ffb9c4781281,0.0,0.0,0.0,160000.0
False,0.0,0.0,0.0,R2_L0,4,False,haze4k_train_oof,7a58290aefe195e5438a2f33cc2b2c976adba62b6c131c274d6a297e6701906c,0.0,0.0,0.0,307200.0
False,0.0,0.0,0.0,R2_L0,2,False,haze4k_train_oof,7a6d7af3e9dc7ed2739b1351d592fb927a349fb708d935e1415621732e8ef0ae,0.0,0.0,0.0,160000.0
False,0.0,0.0,0.0,R2_L0,2,False,haze4k_train_oof,7bfc28c104b197ce4c85b4bb71253c412c82fa7fd73786b7edf778e917dfca72,0.0,0.0,0.0,307200.0
False,0.0,0.0,0.0,R2_L0,2,False,haze4k_train_oof,7c01862576061fbf113bd4b99a310b270f910b4ce0923211a361fa1a4fd07ba1,0.0,0.0,0.0,160000.0
False,0.0,0.0,0.0,R2_L0,0,False,haze4k_train_oof,7c4a8f06578e65e0a7653360016408c38d060608f77472ae071d58f4f4244866,0.0,0.0,0.0,160000.0
False,0.0,0.0,0.0,R2_L0,2,False,haze4k_train_oof,7d3e17d5de7dcc9d653b8051789236bcaa05976bdb6aeac183926f27e84248b1,0.0,0.0,0.0,307200.0
False,0.0,0.0,0.0,R2_L0,0,False,haze4k_train_oof,7d731c149ef3b09538a1a8e640cc65f45654c3e9c3f7bbd2e1b115cfb165a38d,0.0,0.0,0.0,160000.0
False,0.0,0.0,0.0,R2_L0,1,False,haze4k_train_oof,7de755a0b1f04df72cbf695fe3f81e615bbf2bf20d1de81acb6944010d4a8225,0.0,0.0,0.0,160000.0
False,0.0,0.0,0.0,R2_L0,1,False,haze4k_train_oof,7f730aeb4fde9d1c196f9ed89f76044b1f92753203a3c1917612e1b9ce4e260e,0.0,0.0,0.0,160000.0
False,0.0,0.0,0.0,R2_L0,3,False,haze4k_train_oof,7fa0a1705cec67d7898a4e667766d380cf7810ecfba07ec2cfc84380660c5695,0.0,0.0,0.0,160000.0
False,0.0,0.0,0.0,R2_L0,3,False,haze4k_train_oof,7fc68746e532567371f94aa49a646468505c321061c1a40bc7b386ad0428ca67,0.0,0.0,0.0,160000.0
False,0.0,0.0,0.0,R2_L0,3,False,haze4k_train_oof,7fd1e04059131edbdf03474cf3e15b7e2f07c09c99b4c2194ecb60532fe7c92c,0.0,0.0,0.0,307200.0
False,0.0,0.0,0.0,R2_L0,2,False,haze4k_train_oof,7ffb1308971f698e297edbcab42fe05bc595660317a9e98041dd17c9207d7c63,0.0,0.0,0.0,160000.0
False,0.0,0.0,0.0,R2_L0,3,False,haze4k_train_oof,806b25ec9a81adb739250228fbd53b478c62af523d28a3aca356fe2e8d21c058,0.0,0.0,0.0,307200.0
False,0.0,0.0,0.0,R2_L0,3,False,haze4k_train_oof,806b3e09dd983032ec43ecd16903d598c8df5c2c7de70b007c3fda5ed2a270cf,0.0,0.0,0.0,160000.0
False,0.0,0.0,0.0,R2_L0,0,False,haze4k_train_oof,816b229fcb45a83f807b8873701cf0e9fb619f432b93ec1dedd6d27393baa480,0.0,0.0,0.0,307200.0
False,0.0,0.0,0.0,R2_L0,3,False,haze4k_train_oof,819ba4f5714c5d7c6aba9036e517862898d430423bc510f9f7438dfe84ea2b84,0.0,0.0,0.0,160000.0
False,0.0,0.0,0.0,R2_L0,1,False,haze4k_train_oof,8251c19cf4f7a148679c30e15fe864ccbb9712803ddf53e9ca31a2c99209ae7c,0.0,0.0,0.0,160000.0
False,0.0,0.0,0.0,R2_L0,0,False,haze4k_train_oof,827eefd66bb191d36dfdf73a9d147c0a277f9449d4457b26dfba3ecf20ebc110,0.0,0.0,0.0,307200.0
False,0.0,0.0,0.0,R2_L0,1,False,haze4k_train_oof,82fe83ab088167daf2922e947ff2c6f8613364354ebd25487aba66e04304c337,0.0,0.0,0.0,307200.0
False,0.0,0.0,0.0,R2_L0,0,False,haze4k_train_oof,83b32ff23d52914eb52a128b0ad4034f6539fc4b102f371738226e9e44801bbc,0.0,0.0,0.0,160000.0
False,0.0,0.0,0.0,R2_L0,1,False,haze4k_train_oof,84a561a0ab6e4d9b99c4c0391082e291c67a3665e102ad2e8af1ca2df7ac957d,0.0,0.0,0.0,307200.0
False,0.0,0.0,0.0,R2_L0,2,False,haze4k_train_oof,84ef3560c9801e90790b4b335839b3218553fb5cf9118b321a1fbfd07d284535,0.0,0.0,0.0,307200.0
False,0.0,0.0,0.0,R2_L0,4,False,haze4k_train_oof,85b5c2ae2ee25118c296965fbc5602ea038d458ece34c7cdedfefcb1b051904c,0.0,0.0,0.0,160000.0
False,0.0,0.0,0.0,R2_L0,4,False,haze4k_train_oof,86ba05f81bcd55a6f4ac8c553aadb3253789f32b32225b80f28b8db6ab6e5525,0.0,0.0,0.0,160000.0
False,0.0,0.0,0.0,R2_L0,1,False,haze4k_train_oof,86d1bd51ce3550c45760e09187802212e85d26f388274566e26e004721e46ca2,0.0,0.0,0.0,160000.0
False,0.0,0.0,0.0,R2_L0,2,False,haze4k_train_oof,8710b6ba1cc1a2fc5677da32041192f1e54e835f60d2bb625cc8ade839009ebb,0.0,0.0,0.0,160000.0
False,0.0,0.0,0.0,R2_L0,2,False,haze4k_train_oof,8762650cb6c9c7779b73b91cfd0e95d1bb069081a332374b32b0a1d9e21c7b40,0.0,0.0,0.0,307200.0
False,0.0,0.0,0.0,R2_L0,2,False,haze4k_train_oof,8800496f765287f1ab0b871e88b8474415d43a9121de66f1ff88dd6e7e6564ec,0.0,0.0,0.0,307200.0
False,0.0,0.0,0.0,R2_L0,0,False,haze4k_train_oof,88b33680284b974fa907d98294d5c10768e6683f1d480cd85c3a5155d7f623e3,0.0,0.0,0.0,160000.0
False,0.0,0.0,0.0,R2_L0,2,False,haze4k_train_oof,8946c58956d7f9ad3ad839c0e0e61bc8047a1e4f9d7a28c939fec989a05598ba,0.0,0.0,0.0,160000.0
False,0.0,0.0,0.0,R2_L0,2,False,haze4k_train_oof,895668993e737172fd0a09b5e533b290e6334cd96728a2a01748fad2a7c6f6f7,0.0,0.0,0.0,307200.0
False,0.0,0.0,0.0,R2_L0,4,False,haze4k_train_oof,89a3543a9d6f8c6c5f0ecb42f1d0a0af4538d1a8292a8705935d46132b7b8a58,0.0,0.0,0.0,307200.0
False,0.0,0.0,0.0,R2_L0,1,False,haze4k_train_oof,8a44023a6501d7cdf36909a14cdfb3c28b7d06e99d8b4a5a25810f9308d6791a,0.0,0.0,0.0,160000.0
False,0.0,0.0,0.0,R2_L0,0,False,haze4k_train_oof,8aac8180b8476eaf03acd87529f8fc74b26f8e257a81375710c199a370b5ad96,0.0,0.0,0.0,307200.0
False,0.0,0.0,0.0,R2_L0,1,False,haze4k_train_oof,8aace6cefda25eeb2b3bfa498367180bd35ee5b6059e67d0cb99ed863a3d3fb7,0.0,0.0,0.0,160000.0
False,0.0,0.0,0.0,R2_L0,1,False,haze4k_train_oof,8bcbf52ef08445cd1a61867641f69917d09d778427ea785fc270808e20cdc35f,0.0,0.0,0.0,160000.0
False,0.0,0.0,0.0,R2_L0,3,False,haze4k_train_oof,8c2aea5b4915bcfae4965820c1e20ecff29f38f0f109b338b0e1776d9d4670c6,0.0,0.0,0.0,160000.0
False,0.0,0.0,0.0,R2_L0,4,False,haze4k_train_oof,8d12d821fd10853d0c0a4c5dd970015eab94feb72be3641ae30274a031cda65f,0.0,0.0,0.0,307200.0
False,0.0,0.0,0.0,R2_L0,3,False,haze4k_train_oof,8da7d48106bf00c310f2970e12dbf909bcc5f91cfdd00815fd5a7674a5d94f2e,0.0,0.0,0.0,307200.0
False,0.0,0.0,0.0,R2_L0,2,False,haze4k_train_oof,8e32d58ccf6f0c4f372eec29fab40559ac25d4c165b4008864f277a3037b0e67,0.0,0.0,0.0,307200.0
False,0.0,0.0,0.0,R2_L0,2,False,haze4k_train_oof,8e53f000069a2c9d3fcac4197766466ed72c1cdcb1676d059597b1a654e6d76a,0.0,0.0,0.0,160000.0
False,0.0,0.0,0.0,R2_L0,2,False,haze4k_train_oof,8e906a941e2919b4c2b170854025b25290c76a67e95735e0b840257fa4514340,0.0,0.0,0.0,160000.0
False,0.0,0.0,0.0,R2_L0,0,False,haze4k_train_oof,8f0ed7e40c31fe1f3422fde8af326edf8166d3f52b9e3b0417e64c14e47c56c7,0.0,0.0,0.0,307200.0
False,0.0,0.0,0.0,R2_L0,2,False,haze4k_train_oof,8f1feeafb3e0960fc518bca46651ae8e897de1bcb0b6153c9ef0ad402c66db3a,0.0,0.0,0.0,307200.0
False,0.0,0.0,0.0,R2_L0,4,False,haze4k_train_oof,8fd7c88c85a4ffca661f920bb8a5096477176221eb9e4e03fd7e47d8794aeae9,0.0,0.0,0.0,307200.0
False,0.0,0.0,0.0,R2_L0,0,False,haze4k_train_oof,901cd2ff8434bd92467ac50f12bc29dded748de1fbd6f884cc6bcd6e834fde1d,0.0,0.0,0.0,307200.0
False,0.0,0.0,0.0,R2_L0,0,False,haze4k_train_oof,904f5c74617627748a354984eb8a37b181ba9b69a504a19146c30edf2b839519,0.0,0.0,0.0,307200.0
False,0.0,0.0,0.0,R2_L0,3,False,haze4k_train_oof,90adc706ae0003c235c22b335e96fda42080abb7fcc17b3412d473534806b1d1,0.0,0.0,0.0,160000.0
False,0.0,0.0,0.0,R2_L0,3,False,haze4k_train_oof,90d6de625bb70639f7bef3d86c29bc580e870b71875bba73caf8b29e6e63ad5f,0.0,0.0,0.0,160000.0
False,0.0,0.0,0.0,R2_L0,4,False,haze4k_train_oof,911471fc28161a019a499663a106aef8d325150b8734ca01a8ed5c1db8818c89,0.0,0.0,0.0,307200.0
False,0.0,0.0,0.0,R2_L0,2,False,haze4k_train_oof,911ee1c75444c5697a707bb044d6d0638019cfbcccd7fc7142b775182a7afa2d,0.0,0.0,0.0,307200.0
False,0.0,0.0,0.0,R2_L0,2,False,haze4k_train_oof,91cd87ab59e2eab487d2007fa3210840d1faada4f5ec7d274dc824fb47faebce,0.0,0.0,0.0,160000.0
False,0.0,0.0,0.0,R2_L0,0,False,haze4k_train_oof,93ef0fda0eb9693371477368f258b4c3ca035eb510b2937c39c2c4fd836ececd,0.0,0.0,0.0,307200.0
False,0.0,0.0,0.0,R2_L0,3,False,haze4k_train_oof,959348034faed7c1f47082b2a5a3062ec84e4515cebce120f1c448a40a272dcf,0.0,0.0,0.0,307200.0
False,0.0,0.0,0.0,R2_L0,0,False,haze4k_train_oof,95be09290cb7e52fed43f04e419620b8b6acfb1cc0c283161f35f33125e181a4,0.0,0.0,0.0,160000.0
False,0.0,0.0,0.0,R2_L0,2,False,haze4k_train_oof,961489e566920f663bf89b2d26b757887220a7d42bd45a26d34f72841a736a1c,0.0,0.0,0.0,307200.0
False,0.0,0.0,0.0,R2_L0,0,False,haze4k_train_oof,9647e15637120979919d6f2422ade84ee6a0eba23db64d98361b12def15ddf9c,0.0,0.0,0.0,160000.0
False,0.0,0.0,0.0,R2_L0,0,False,haze4k_train_oof,967d9fe93b6532eb818069564e313ec5db25aff1e1a6aef8aee7486be750b92d,0.0,0.0,0.0,160000.0
False,0.0,0.0,0.0,R2_L0,4,False,haze4k_train_oof,969a3336f8e695260fe398a3ef68247386b03ab6bc452922d2080806aeff9c16,0.0,0.0,0.0,160000.0
False,0.0,0.0,0.0,R2_L0,0,False,haze4k_train_oof,96a98f28355831f4adb9f54fa783b3ac07ce25f0bcaff550399c609021929c7e,0.0,0.0,0.0,160000.0
False,0.0,0.0,0.0,R2_L0,1,False,haze4k_train_oof,96c3d4565c7485009675945410ea29445d6100619b70a0b4fad19645d22e9c68,0.0,0.0,0.0,307200.0
False,0.0,0.0,0.0,R2_L0,3,False,haze4k_train_oof,9738e60e1de60151350e81f8fb79c818dce7d5463b238cb8c406074da41d83f9,0.0,0.0,0.0,307200.0
False,0.0,0.0,0.0,R2_L0,0,False,haze4k_train_oof,979200022ed8e8dbdee28d06db61bab671a82d363a9a0c425c64177a3550932d,0.0,0.0,0.0,307200.0
False,0.0,0.0,0.0,R2_L0,2,False,haze4k_train_oof,97bb1d21a43954c65ddb6a5d83cc6346a19b75da679d08637de8ea670beac66b,0.0,0.0,0.0,160000.0
False,0.0,0.0,0.0,R2_L0,2,False,haze4k_train_oof,9888c911f66af1bcf555e1b87a0ce2f6e26e9c03879c17d8ee5aaf2704bc4e75,0.0,0.0,0.0,307200.0
False,0.0,0.0,0.0,R2_L0,0,False,haze4k_train_oof,996ed3069b09f0b7b35b7157334f32039cb9ef22260f94e08a5b2806b3c68ff0,0.0,0.0,0.0,307200.0
False,0.0,0.0,0.0,R2_L0,3,False,haze4k_train_oof,9a9cc4a5a3c232771c75051bd190fad1d00e39a83bcbd65e3c2a51a3c582e38d,0.0,0.0,0.0,307200.0
False,0.0,0.0,0.0,R2_L0,4,False,haze4k_train_oof,9be74f4e9e31124f6036225b7353785044c0d60888d84ae51e4096162c788879,0.0,0.0,0.0,307200.0
False,0.0,0.0,0.0,R2_L0,2,False,haze4k_train_oof,9c191a9c97f2d0d6ddaaa95ce666926f2156a10218eb6b862c024d406b93558b,0.0,0.0,0.0,160000.0
False,0.0,0.0,0.0,R2_L0,1,False,haze4k_train_oof,9d45b015bd119960993b5f964cbd68803d9240cd98436e8b39dc3c315f3bc4ef,0.0,0.0,0.0,160000.0
False,0.0,0.0,0.0,R2_L0,4,False,haze4k_train_oof,9d64da8a43592442aa4b9e6f67bf9a64b79ae592e32e92a90a37023ee864f89b,0.0,0.0,0.0,160000.0
False,0.0,0.0,0.0,R2_L0,0,False,haze4k_train_oof,9e35b60b9bc649ec701eaa800a1e25f7a27d3c0f79a38b39c2c53388a28d9ccb,0.0,0.0,0.0,307200.0
False,0.0,0.0,0.0,R2_L0,0,False,haze4k_train_oof,9e3b5aeb1b85fb3ab08846dcf4f092f32b78007696c32d1718c16fd968e68df1,0.0,0.0,0.0,160000.0
False,0.0,0.0,0.0,R2_L0,1,False,haze4k_train_oof,9f16d82fc858902920882231206ae97d22e27ce16a7d81735c159ec9e838e6aa,0.0,0.0,0.0,160000.0
False,0.0,0.0,0.0,R2_L0,0,False,haze4k_train_oof,9f9c4f61ea9249973142b4ec914c581942f94a8038595e25e7bb99b8a56397b4,0.0,0.0,0.0,307200.0
False,0.0,0.0,0.0,R2_L0,4,False,haze4k_train_oof,9fb4ce3763df8462876033550c39364306ae79c9a0257e4eab7f83178b7c40d6,0.0,0.0,0.0,307200.0
False,0.0,0.0,0.0,R2_L0,1,False,haze4k_train_oof,9fc1480d9911f64c8bbd7e338341ed878ecdf1e3fad1935c3590759a532694a2,0.0,0.0,0.0,307200.0
False,0.0,0.0,0.0,R2_L0,4,False,haze4k_train_oof,9fe646fec10ef9eca10c12e58ac118fdc760f5266cd1489c94f69bfde7ba7948,0.0,0.0,0.0,160000.0
False,0.0,0.0,0.0,R2_L0,0,False,haze4k_train_oof,a047f91585c4ef8ead1960cf5b01a2a2eca5b11babf16791c26b2b5e4babe6c4,0.0,0.0,0.0,160000.0
False,0.0,0.0,0.0,R2_L0,0,False,haze4k_train_oof,a251a296b6826a00258165bd94c3a19b9949e118f9c3e8cb7bae7691d94343f3,0.0,0.0,0.0,307200.0
False,0.0,0.0,0.0,R2_L0,1,False,haze4k_train_oof,a2541f3f7c8db2d9bffadc8ac43ea7651f4e2bc3fbeb8a67d7fca49624a1941e,0.0,0.0,0.0,307200.0
False,0.0,0.0,0.0,R2_L0,0,False,haze4k_train_oof,a372b731fcbad66a9fb5b2ecd6df2139c540adfac773baba894c0796afbf05e9,0.0,0.0,0.0,160000.0
False,0.0,0.0,0.0,R2_L0,4,False,haze4k_train_oof,a3c072b131b11df49900459be2ae631f6567a34f785b16a938d87a1f455e6443,0.0,0.0,0.0,160000.0
False,0.0,0.0,0.0,R2_L0,0,False,haze4k_train_oof,a479b9c64ce4b208cc8fd8c05d13ef73e302c616270aa23443a8b53ec5f2c44c,0.0,0.0,0.0,307200.0
False,0.0,0.0,0.0,R2_L0,1,False,haze4k_train_oof,a48eb15f05798122f9ba35399248524492b83dfa609e7fe6969ba63c13e12fdb,0.0,0.0,0.0,160000.0
False,0.0,0.0,0.0,R2_L0,4,False,haze4k_train_oof,a4c8cd31ce0c4619bee3d221c3ec76ad21203cbe7880bbfef75f54f34903c1d7,0.0,0.0,0.0,307200.0
False,0.0,0.0,0.0,R2_L0,2,False,haze4k_train_oof,a5cbd4d3b1962cafd98a29c99ec12a11a836547ad4d4d43253b26276fa8e696e,0.0,0.0,0.0,160000.0
False,0.0,0.0,0.0,R2_L0,3,False,haze4k_train_oof,a5cbebf497cd17e2f256a7a5fde676a60ac9983b04b64b6690ddd80074650db1,0.0,0.0,0.0,307200.0
False,0.0,0.0,0.0,R2_L0,1,False,haze4k_train_oof,a61def8f415e4e9641eca31ab241304e02de4b0e50d1e9713fea78e997e72ed7,0.0,0.0,0.0,160000.0
False,0.0,0.0,0.0,R2_L0,3,False,haze4k_train_oof,a676644651ca511d94a320708f2ac30bb1aca1f996f7f9a8c9b7c087c2277273,0.0,0.0,0.0,307200.0
False,0.0,0.0,0.0,R2_L0,1,False,haze4k_train_oof,a72898d4645ae959e8691dc7e7c4f54be2973fd4f242c1334f436c90e31e502f,0.0,0.0,0.0,307200.0
False,0.0,0.0,0.0,R2_L0,4,False,haze4k_train_oof,a75c0ef6b88ccaf883f3027eff6605ce68cb270c456e4a0aea308abb6d4f0d66,0.0,0.0,0.0,160000.0
False,0.0,0.0,0.0,R2_L0,2,False,haze4k_train_oof,a7b33ea1258f73c6721a5a2b0c790a15262224c05f6f575ab694629fe57b83cd,0.0,0.0,0.0,307200.0
False,0.0,0.0,0.0,R2_L0,3,False,haze4k_train_oof,a87c450e84bd152f5c032c34b55c389f68cdc01e6a3505c6d8ba895a8af47f1d,0.0,0.0,0.0,307200.0
False,0.0,0.0,0.0,R2_L0,3,False,haze4k_train_oof,a9229ee6358a01f140e1b4061db4cc8a92ce27185828b07ce409364ab0aba076,0.0,0.0,0.0,160000.0
False,0.0,0.0,0.0,R2_L0,4,False,haze4k_train_oof,a97dcb92a2f5e71dd07ef2734fa6a92687b16021898b1c3332188548f83c7e51,0.0,0.0,0.0,307200.0
False,0.0,0.0,0.0,R2_L0,2,False,haze4k_train_oof,aa64c90af83ed1985dc608d4a4d59d2d48049d8f7c8db878042c18ede9b12b1c,0.0,0.0,0.0,307200.0
False,0.0,0.0,0.0,R2_L0,1,False,haze4k_train_oof,aa955d1294ac9d889672126534edff03b708a41b7e91a766c1483f7922f6fa55,0.0,0.0,0.0,307200.0
False,0.0,0.0,0.0,R2_L0,4,False,haze4k_train_oof,aae11101303e8438588de1062694c89d9699864d1b3f866371f8277dd8759567,0.0,0.0,0.0,307200.0
False,0.0,0.0,0.0,R2_L0,4,False,haze4k_train_oof,ab0e876ab3468c3f6963916503794016b6010be03c2ce5013bbe0e9e9d226fa3,0.0,0.0,0.0,307200.0
False,0.0,0.0,0.0,R2_L0,0,False,haze4k_train_oof,abf62d8e92b2fb0034e29e55c68f03bd85b83355be0c7a7fa6bd6bea00aa91c2,0.0,0.0,0.0,160000.0
False,0.0,0.0,0.0,R2_L0,3,False,haze4k_train_oof,ac7372c933b3f9b17661002a63aadc185ae1c9d39baf3e4d238da9068c724fd6,0.0,0.0,0.0,307200.0
False,0.0,0.0,0.0,R2_L0,1,False,haze4k_train_oof,acb4bbddc8de45c2dc1e7de2ec1298c428747d2ab36a63446c2140b8a22e1d37,0.0,0.0,0.0,160000.0
False,0.0,0.0,0.0,R2_L0,2,False,haze4k_train_oof,ad6bf0002f511bee3d9dfd6505777c5056296d8097531f3efd062b582b96f1d7,0.0,0.0,0.0,307200.0
False,0.0,0.0,0.0,R2_L0,4,False,haze4k_train_oof,adad42f26b57dae28d9f59af920c06e9673cd1a3808dc6133a60742f5c36e874,0.0,0.0,0.0,307200.0
False,0.0,0.0,0.0,R2_L0,0,False,haze4k_train_oof,ade7fbe093deb8dc21d47ed0745c42d204e24c080c84612e6b1237dae5ac8d53,0.0,0.0,0.0,307200.0
False,0.0,0.0,0.0,R2_L0,3,False,haze4k_train_oof,ae1bf8137bdaf8d393fdb5a0f6a0f3f6efdbcdc1b9a3caecdd45d4cb0a9d337f,0.0,0.0,0.0,307200.0
False,0.0,0.0,0.0,R2_L0,3,False,haze4k_train_oof,ae4f46b67424e85c7aa163573e47d084e46e9723d1ab532a4f9ab146fcc9a99c,0.0,0.0,0.0,307200.0
False,0.0,0.0,0.0,R2_L0,2,False,haze4k_train_oof,af499bd83f7c7ecbb633c051fbb2720b0e1c28fd1f19095cc7ae37ca12273f1d,0.0,0.0,0.0,307200.0
False,0.0,0.0,0.0,R2_L0,4,False,haze4k_train_oof,af5f209be05c8e76cc9335cec61dff6a840d452846c2aa002297d9cc5e9085ae,0.0,0.0,0.0,307200.0
False,0.0,0.0,0.0,R2_L0,1,False,haze4k_train_oof,af6e1e51f2b24b37c7b17556583a253bc939dc56211011f8e84a3d75f0ad1e17,0.0,0.0,0.0,160000.0
False,0.0,0.0,0.0,R2_L0,3,False,haze4k_train_oof,afa1a9aab568491fade07063a4bc3509b3a5cc2a0909467e3551b543380f0cc3,0.0,0.0,0.0,160000.0
False,0.0,0.0,0.0,R2_L0,2,False,haze4k_train_oof,b09913cfa8cb56fe64103f4a718c53bd3a52c135163cba10c73fb09615f66fa6,0.0,0.0,0.0,160000.0
False,0.0,0.0,0.0,R2_L0,1,False,haze4k_train_oof,b13fdc83aa0e3de368c194d29b572c6f05c66c4ce3a49a6dc19decda9ec3de5b,0.0,0.0,0.0,307200.0
False,0.0,0.0,0.0,R2_L0,4,False,haze4k_train_oof,b23596f0a25a24ebd2b5df8c5e8a754762a863eff2838fd712882667922bce0f,0.0,0.0,0.0,160000.0
False,0.0,0.0,0.0,R2_L0,1,False,haze4k_train_oof,b26445de80c20acd3227938279dcfdaf175bbb1d4dc3b84ef7f5f4c763d1f9a0,0.0,0.0,0.0,307200.0
False,0.0,0.0,0.0,R2_L0,1,False,haze4k_train_oof,b279f47f121b60c4b908133a37970a61574b5740bb67ab161a66d15bf457bfcd,0.0,0.0,0.0,307200.0
False,0.0,0.0,0.0,R2_L0,4,False,haze4k_train_oof,b29934e414045d2e01f3e83db4fcbea4c53b47b9179d9e9018109b1b385737be,0.0,0.0,0.0,307200.0
False,0.0,0.0,0.0,R2_L0,3,False,haze4k_train_oof,b2aabea58be8c69ac61eaf6f23fd848880a7fe11926c6cccda6f7f139cac852b,0.0,0.0,0.0,160000.0
False,0.0,0.0,0.0,R2_L0,2,False,haze4k_train_oof,b3dd5f43cffeb124091812b8bb719f42197948386f6aa9057f69a9c8f1028428,0.0,0.0,0.0,160000.0
False,0.0,0.0,0.0,R2_L0,0,False,haze4k_train_oof,b4168f02184cbc4612bf564c7b315afa38711bf0669bf0c5d61f2d7bb8ad08e4,0.0,0.0,0.0,160000.0
False,0.0,0.0,0.0,R2_L0,4,False,haze4k_train_oof,b57d0335957b11b8be06ba940d52793d5b37b535b8af4b915e4297b6196ef3f0,0.0,0.0,0.0,160000.0
False,0.0,0.0,0.0,R2_L0,3,False,haze4k_train_oof,b5a986dd0630904e3a904a75a5c4f4f8d7faa8c6954386185caf79bfc34ebfab,0.0,0.0,0.0,160000.0
False,0.0,0.0,0.0,R2_L0,1,False,haze4k_train_oof,b5d0885743c683d0eec34eba789a0b51e91d739c2bd2d51481dc9a558525e6a8,0.0,0.0,0.0,307200.0
False,0.0,0.0,0.0,R2_L0,0,False,haze4k_train_oof,b5dff676d9ad25c00767fc6005c5de6301c643589f046bd2c4dbaf17bf4231d6,0.0,0.0,0.0,160000.0
False,0.0,0.0,0.0,R2_L0,3,False,haze4k_train_oof,b5f633192671e76428cd17f6591cc68eaf716e1b744862333b810c7c67982b58,0.0,0.0,0.0,160000.0
False,0.0,0.0,0.0,R2_L0,3,False,haze4k_train_oof,b6498ed469fea98371e2ff6c942512c0bcc179a129a8565958823ab368fe5068,0.0,0.0,0.0,307200.0
False,0.0,0.0,0.0,R2_L0,4,False,haze4k_train_oof,b6f89fef8e8ec35c0d6726f7426e5c152473d708aa47518b335ca66d12195360,0.0,0.0,0.0,307200.0
False,0.0,0.0,0.0,R2_L0,1,False,haze4k_train_oof,b72a251321a08813dfc514d47c6d67a1a45b1864b968369360086e8d7809ff52,0.0,0.0,0.0,307200.0
False,0.0,0.0,0.0,R2_L0,1,False,haze4k_train_oof,b7bc06337f242fa3975de8bc167a14e5e37e28e8c3d43c7614948270630591b9,0.0,0.0,0.0,307200.0
False,0.0,0.0,0.0,R2_L0,4,False,haze4k_train_oof,b92c77c820bea8c7b7eb688f22480f1cbc8882a0b75cdccce37a59d201ed54cc,0.0,0.0,0.0,307200.0
False,0.0,0.0,0.0,R2_L0,4,False,haze4k_train_oof,b99e4484082213338224d5552a97c672e49718143a3265e206139c62cbdea368,0.0,0.0,0.0,307200.0
False,0.0,0.0,0.0,R2_L0,3,False,haze4k_train_oof,ba345a9b652236a18ac2d53b2ffca8a5dd45a6f9fa0636a6db9d7142071adc74,0.0,0.0,0.0,307200.0
False,0.0,0.0,0.0,R2_L0,1,False,haze4k_train_oof,ba370017b7ba38837310dd30eeda469b232964d39d32c5f1bba5eca2baefc8ee,0.0,0.0,0.0,160000.0
False,0.0,0.0,0.0,R2_L0,0,False,haze4k_train_oof,ba4b504e3b26492f433b3202561ed9a60a16889e7dab3ad47bacc5b39c1baef8,0.0,0.0,0.0,160000.0
False,0.0,0.0,0.0,R2_L0,1,False,haze4k_train_oof,babeedf14ce3a9e24e8c9e7358f29d06c6e39746fc3240096bcdc259d352a4da,0.0,0.0,0.0,160000.0
False,0.0,0.0,0.0,R2_L0,4,False,haze4k_train_oof,bb771f370660118db870658610dc8d9e8a0b88097fa7348adc6bba5d8e906ce8,0.0,0.0,0.0,307200.0
False,0.0,0.0,0.0,R2_L0,3,False,haze4k_train_oof,bd2dfe7d23f608bf2e0f3391a7177b275398e0f7f159798967e4ad1dde6bbffd,0.0,0.0,0.0,307200.0
False,0.0,0.0,0.0,R2_L0,0,False,haze4k_train_oof,bde28ee7624891eb1eaa59e7c1b3392f8b9cb4027dc54392c13a82eeebaddcda,0.0,0.0,0.0,307200.0
False,0.0,0.0,0.0,R2_L0,1,False,haze4k_train_oof,bdf9fa00f2389948109115ebf3ff978ba51a50d3f970ee1776315f36776047d7,0.0,0.0,0.0,307200.0
False,0.0,0.0,0.0,R2_L0,2,False,haze4k_train_oof,bdfd6bd22b0f84a6f45ebc3680453cb97db727d357ebe5c59685059c9262d043,0.0,0.0,0.0,307200.0
False,0.0,0.0,0.0,R2_L0,3,False,haze4k_train_oof,be2f11c13dfb5317b4a20b0563ab406c251e75538c4dbc463f61b30d2dc18375,0.0,0.0,0.0,160000.0
False,0.0,0.0,0.0,R2_L0,1,False,haze4k_train_oof,be6f9e18883e7bbfd852eee243bec2298e546d2152248d8bc45911344fb5fe79,0.0,0.0,0.0,160000.0
False,0.0,0.0,0.0,R2_L0,1,False,haze4k_train_oof,be8d80ebfcd10d3293475f210c583894ac1dc85f084fc9d20bed375bc39a9858,0.0,0.0,0.0,307200.0
False,0.0,0.0,0.0,R2_L0,1,False,haze4k_train_oof,bf43365c2cdd4740f32a15a5b0edf37577c00ad0b47c427e87e30120735ecd37,0.0,0.0,0.0,307200.0
False,0.0,0.0,0.0,R2_L0,4,False,haze4k_train_oof,bf87a2ee2b76fd7f006b83679d01dbb317b53d777677c0139740c427366ff4ab,0.0,0.0,0.0,307200.0
False,0.0,0.0,0.0,R2_L0,0,False,haze4k_train_oof,bfde502830702ceac4f122cae039aeeac99b798776adff86884a4b0faaace635,0.0,0.0,0.0,307200.0
False,0.0,0.0,0.0,R2_L0,3,False,haze4k_train_oof,c0180a867316e96fed181d91aabee8f0f085a42f459af4f67e567399793e7cbc,0.0,0.0,0.0,160000.0
False,0.0,0.0,0.0,R2_L0,3,False,haze4k_train_oof,c05aaa3f22348652e6fad843d5e3844ee3d0233b02fdc2d485df3ee6d4b7742d,0.0,0.0,0.0,160000.0
False,0.0,0.0,0.0,R2_L0,4,False,haze4k_train_oof,c1d9d785504ed84dbd4327ae667fdd0e93cabdd85efd82af293b51f53bdad3c8,0.0,0.0,0.0,307200.0
False,0.0,0.0,0.0,R2_L0,3,False,haze4k_train_oof,c1f2c90a2d1c809c19bd63d6d21a45707ce510fe93b0e3841bda74deaceadbab,0.0,0.0,0.0,307200.0
False,0.0,0.0,0.0,R2_L0,3,False,haze4k_train_oof,c1f769b324469c2ae3a210433c4d05096b6558fe538f5ff57ae9300e13d87404,0.0,0.0,0.0,160000.0
False,0.0,0.0,0.0,R2_L0,3,False,haze4k_train_oof,c205215d3037bd7b1f01d43be6052b472b9a4e9572a0827b49a45cd11b20ed0d,0.0,0.0,0.0,307200.0
False,0.0,0.0,0.0,R2_L0,1,False,haze4k_train_oof,c25316875174079b9d1e1a967a18b514565f1cf1cb7ff266e1c1cc17b00d6a3e,0.0,0.0,0.0,160000.0
False,0.0,0.0,0.0,R2_L0,1,False,haze4k_train_oof,c2c0491da1eeffeb33b392dac9b5d75a1f729fe239b26f567a2757ec67e0132b,0.0,0.0,0.0,307200.0
False,0.0,0.0,0.0,R2_L0,2,False,haze4k_train_oof,c39875a987d7c326d6d0133da967b9681c5eb631a9b64168c11a27870f13b7ed,0.0,0.0,0.0,307200.0
False,0.0,0.0,0.0,R2_L0,2,False,haze4k_train_oof,c39c5a74e054e04509bd38baaf340bc241449e0895622e270443eae2a8aa0772,0.0,0.0,0.0,307200.0
False,0.0,0.0,0.0,R2_L0,0,False,haze4k_train_oof,c46b82538ccaaa880222bdfb649617bf279ea96c2e003d6aa9e69c2956809420,0.0,0.0,0.0,307200.0
False,0.0,0.0,0.0,R2_L0,0,False,haze4k_train_oof,c4c75e21d206259395536c5f6cf2202192e3481b5b348becdb5dd7cddfed261e,0.0,0.0,0.0,160000.0
False,0.0,0.0,0.0,R2_L0,0,False,haze4k_train_oof,c4f8a61751e8cf4aace36a274b6f9a25ad591b58ca1a9eee89136ad3f8e9b929,0.0,0.0,0.0,307200.0
False,0.0,0.0,0.0,R2_L0,3,False,haze4k_train_oof,c4f9d5b65c94ac0c7c0492c43b9e337ee4558c03147cf7498444f66c1b738b80,0.0,0.0,0.0,160000.0
False,0.0,0.0,0.0,R2_L0,1,False,haze4k_train_oof,c58e616b0eb776b1d8677e3635394b4db34cee1beec9d7ef25b6247f2fe040e7,0.0,0.0,0.0,307200.0
False,0.0,0.0,0.0,R2_L0,3,False,haze4k_train_oof,c59f362a7e88f797fd2620e9f647b768ff88c7402990eb7e52df8b80a8b9b88b,0.0,0.0,0.0,307200.0
False,0.0,0.0,0.0,R2_L0,0,False,haze4k_train_oof,c5c120f6121894933eb5c535c2c87b933b408aee136727599cdc0f37c1a9e721,0.0,0.0,0.0,160000.0
False,0.0,0.0,0.0,R2_L0,4,False,haze4k_train_oof,c69a7d42f0ea5632266f259c5dda27d1ecd79164f18e7b185c43aeca8982cb35,0.0,0.0,0.0,160000.0
False,0.0,0.0,0.0,R2_L0,3,False,haze4k_train_oof,c6bcf55118880027b9fa88bd918407bdc4c36d1d0f11673e4ab5f2a3f0445402,0.0,0.0,0.0,307200.0
False,0.0,0.0,0.0,R2_L0,3,False,haze4k_train_oof,c6ef05ce393ceb222f1b68b62d7de385167a74f3d4f4f05ca20c951f53f8f2a4,0.0,0.0,0.0,160000.0
False,0.0,0.0,0.0,R2_L0,3,False,haze4k_train_oof,c70061aadfaeccfe2e464439d593820b6914a2c0283364666b73929d1abc4852,0.0,0.0,0.0,160000.0
False,0.0,0.0,0.0,R2_L0,0,False,haze4k_train_oof,c73944e30c85ff7613ae2a95606cbe7f16e7afad87915bec10f6a0f71906e0c2,0.0,0.0,0.0,307200.0
False,0.0,0.0,0.0,R2_L0,0,False,haze4k_train_oof,c8deacca8ecc5ee9eaa211369d45af6a0d9d99486250942b3e281cd21c1f5168,0.0,0.0,0.0,307200.0
False,0.0,0.0,0.0,R2_L0,1,False,haze4k_train_oof,c976ed0ecb239e9603fb11d6597c174a7a657892decb4cac703be0648d63efe2,0.0,0.0,0.0,307200.0
False,0.0,0.0,0.0,R2_L0,2,False,haze4k_train_oof,c9966aee7dd5168e7694e819309dd9bd91430b5aa7d1e17ffcc1ecbb566b2fc7,0.0,0.0,0.0,307200.0
False,0.0,0.0,0.0,R2_L0,0,False,haze4k_train_oof,c9c8193c44f26abd8d31e1e277a12a66e44dae012baa228e193e977b6f6f11e3,0.0,0.0,0.0,160000.0
False,0.0,0.0,0.0,R2_L0,1,False,haze4k_train_oof,c9f5ed7a7c200430c207d9d7630e692b38a7be17f3d118a9ffa21e1a5cd83f9a,0.0,0.0,0.0,307200.0
False,0.0,0.0,0.0,R2_L0,1,False,haze4k_train_oof,ca1f579054194ad7e24f569d872f6d2f20389b464ee8ad187bb542a186e32bae,0.0,0.0,0.0,160000.0
False,0.0,0.0,0.0,R2_L0,2,False,haze4k_train_oof,ca3bc1497450d8256790e047e5fef1c6a753ce6bd3c1664f70fd4e3e845a652d,0.0,0.0,0.0,307200.0
False,0.0,0.0,0.0,R2_L0,2,False,haze4k_train_oof,cabded77ab4475755459c089a8a265b3593de280ef2161a6741b01b5b151ff02,0.0,0.0,0.0,160000.0
False,0.0,0.0,0.0,R2_L0,3,False,haze4k_train_oof,cabe97f11fc0219fb1dc5a1f1c1c0bd2359fe030cd2300d0800a94f32f039ad1,0.0,0.0,0.0,307200.0
False,0.0,0.0,0.0,R2_L0,0,False,haze4k_train_oof,cb6b9272e291601f35372334560cceb67069ebe4c211331ce6d57d1481062352,0.0,0.0,0.0,160000.0
False,0.0,0.0,0.0,R2_L0,0,False,haze4k_train_oof,cc5793aa1fd5814b64977c42f5f4a3859a68e6de42ae84a7c4011d5bf7f27c6a,0.0,0.0,0.0,307200.0
False,0.0,0.0,0.0,R2_L0,1,False,haze4k_train_oof,cc9f056fc3f9a429a62efda1b031ed7567871e49a5ed5c51f9f77debb861ea3e,0.0,0.0,0.0,307200.0
False,0.0,0.0,0.0,R2_L0,4,False,haze4k_train_oof,cca63dcda835a8a999f2c2e3847f36d8726b208cc840d5849dd5f3fbddf79e72,0.0,0.0,0.0,307200.0
False,0.0,0.0,0.0,R2_L0,0,False,haze4k_train_oof,cdb5c22207e101cb2e504ffaca687c04c3e616181b65069f77a7696a856ec742,0.0,0.0,0.0,307200.0
False,0.0,0.0,0.0,R2_L0,0,False,haze4k_train_oof,cdff7169726944faaf44995c145c8f7b1abf15c401a0cb4b1e6c79f950870bd0,0.0,0.0,0.0,307200.0
False,0.0,0.0,0.0,R2_L0,1,False,haze4k_train_oof,ce144f3afa842725b8b34760cfd7afb64567dd51739af39c1a02716355eec216,0.0,0.0,0.0,160000.0
False,0.0,0.0,0.0,R2_L0,4,False,haze4k_train_oof,ce21985da89355c8a259d631e25ff1f3c31c14ab330ec2909f3949eb05bd3568,0.0,0.0,0.0,160000.0
False,0.0,0.0,0.0,R2_L0,0,False,haze4k_train_oof,cf5e5e97dbaea15173d88b06d671c48c6f1f158ae18044f222893eb53fc7aca2,0.0,0.0,0.0,160000.0
False,0.0,0.0,0.0,R2_L0,4,False,haze4k_train_oof,cf612976be00c919f2f5b2d2def62b70b57cbc02b149b7a84b32f593dab636ff,0.0,0.0,0.0,307200.0
False,0.0,0.0,0.0,R2_L0,2,False,haze4k_train_oof,cf64b99c07c25c4c0312e03b3c3d644fd64776984953a322b246d53bf5702216,0.0,0.0,0.0,307200.0
False,0.0,0.0,0.0,R2_L0,0,False,haze4k_train_oof,cf71d5c8841cf2d81eba67744e70539d0b895ca971be2c0c312cfce04f183345,0.0,0.0,0.0,307200.0
False,0.0,0.0,0.0,R2_L0,2,False,haze4k_train_oof,cfa3ba8924afc92fb046152ce44963e0c274d409861dee1198f1779467bb07cd,0.0,0.0,0.0,160000.0
False,0.0,0.0,0.0,R2_L0,1,False,haze4k_train_oof,cfbd527ce4bf57e670d0b726ce739ad5f0d0a993b2155f29d2d6694e767ecf7c,0.0,0.0,0.0,160000.0
False,0.0,0.0,0.0,R2_L0,1,False,haze4k_train_oof,d13afce1e9d58c067487725c5b944b699778aef8519163e49100265190959965,0.0,0.0,0.0,160000.0
False,0.0,0.0,0.0,R2_L0,3,False,haze4k_train_oof,d16cf0211368d1be252de341d8fe541f735d8f8c75a272f7a786faaf20c0140b,0.0,0.0,0.0,307200.0
False,0.0,0.0,0.0,R2_L0,1,False,haze4k_train_oof,d1a48a4fac796924e868a6206b99efaa2ff87f060bd12e79dfebee857b345fd8,0.0,0.0,0.0,160000.0
False,0.0,0.0,0.0,R2_L0,1,False,haze4k_train_oof,d244ac28f2f4b6576bbd06311e6ac4b9161537da15a180f8095ec61e009118df,0.0,0.0,0.0,160000.0
False,0.0,0.0,0.0,R2_L0,3,False,haze4k_train_oof,d391c3e0b451fc77f90747903c5f6e352e68769da8e82e615c3e6f778f45b4fe,0.0,0.0,0.0,160000.0
False,0.0,0.0,0.0,R2_L0,1,False,haze4k_train_oof,d3a58b3b859943c85529f27f2fdf5c3a50c916bb68b9f35e442dbf9bcc218104,0.0,0.0,0.0,307200.0
False,0.0,0.0,0.0,R2_L0,4,False,haze4k_train_oof,d412c92e31b6469410263a700c1375b695cb88e3ad24a12bed298ed04a5e9a18,0.0,0.0,0.0,307200.0
False,0.0,0.0,0.0,R2_L0,3,False,haze4k_train_oof,d46d34d543319b71d07c63d7791ddd19e8647d85d0944f7512bfb7d6bde4cc86,0.0,0.0,0.0,307200.0
False,0.0,0.0,0.0,R2_L0,3,False,haze4k_train_oof,d53edc69c03708d0c94f88aaa4ae9c447d298bad31abfbdd04437b4078c5e24b,0.0,0.0,0.0,160000.0
False,0.0,0.0,0.0,R2_L0,4,False,haze4k_train_oof,d54a3a0cfdc391e2b26962ccf15821dba3aa06dd78e1f035bbb45407ce7192a8,0.0,0.0,0.0,160000.0
False,0.0,0.0,0.0,R2_L0,1,False,haze4k_train_oof,d5d3faae23f380d495f890a50a787e25bf7a47dac19ecbf00600d7aa7026f8c7,0.0,0.0,0.0,160000.0
False,0.0,0.0,0.0,R2_L0,0,False,haze4k_train_oof,d5fc15a1fe393f02c000da6a6420cad99b8c3013fb1fb362d6a537ff56e57684,0.0,0.0,0.0,160000.0
False,0.0,0.0,0.0,R2_L0,1,False,haze4k_train_oof,d650b3b35ab96741a4d0274e678f2edef5591048bcfbb6984fd8ac5337087c41,0.0,0.0,0.0,160000.0
False,0.0,0.0,0.0,R2_L0,2,False,haze4k_train_oof,d65345257fd0de9d74b12bb5d57f7797d4bff87c61f03cf0ac2f5484cf84bfa5,0.0,0.0,0.0,307200.0
False,0.0,0.0,0.0,R2_L0,2,False,haze4k_train_oof,d6563f21eaa9adb19c3c7be6949801e4e494041832eb67de572791a650dbf0c6,0.0,0.0,0.0,307200.0
False,0.0,0.0,0.0,R2_L0,0,False,haze4k_train_oof,d6f5d34cbf4733c534de8cd63c45a066f644e4994c8d0aa1369281dfa0d1fe59,0.0,0.0,0.0,160000.0
False,0.0,0.0,0.0,R2_L0,0,False,haze4k_train_oof,d6fa117a77baa15a3f8626b7cba12f2ca632e04a5008aa9c5f54ef4ff5fa04c0,0.0,0.0,0.0,160000.0
False,0.0,0.0,0.0,R2_L0,4,False,haze4k_train_oof,d71d74fcccca6e7db3f26f3a516be11468680275e4ddb6c33e7de6559610fa0e,0.0,0.0,0.0,307200.0
False,0.0,0.0,0.0,R2_L0,3,False,haze4k_train_oof,d7267cdc004378b6becec923ca66523d7d2e4d2ab98b475d153224f8223795ec,0.0,0.0,0.0,307200.0
False,0.0,0.0,0.0,R2_L0,4,False,haze4k_train_oof,d7428511d85f1244ab378595fc86c6dee4ea399fb39590924cee46e156ff7488,0.0,0.0,0.0,307200.0
False,0.0,0.0,0.0,R2_L0,4,False,haze4k_train_oof,d9ae260c13a207291cf9c478f02424a42fc3a029077a139a36b2624b74ae7ae0,0.0,0.0,0.0,307200.0
False,0.0,0.0,0.0,R2_L0,2,False,haze4k_train_oof,da41f42b3d49db9276f2d2e758085316632c491f55d429dc64a1ad91cbcb461b,0.0,0.0,0.0,160000.0
False,0.0,0.0,0.0,R2_L0,4,False,haze4k_train_oof,dae57497ac0c26b7b1f73dcaca150c39b584d100a977b368d27ce869e04767a9,0.0,0.0,0.0,307200.0
False,0.0,0.0,0.0,R2_L0,2,False,haze4k_train_oof,db27fe5ac0721e65baf21c7e6af4e5a582bc3f32bcbd0f98393fbf136f2b1030,0.0,0.0,0.0,160000.0
False,0.0,0.0,0.0,R2_L0,0,False,haze4k_train_oof,db81622f3857ea247ec4c85717945fafddcdb3c85fa03511c96ddb55913d6ad9,0.0,0.0,0.0,307200.0
False,0.0,0.0,0.0,R2_L0,4,False,haze4k_train_oof,db859dd8bacbe3facb909751d1c4962884c0d094fb8c74e1879ca885525545c5,0.0,0.0,0.0,160000.0
False,0.0,0.0,0.0,R2_L0,3,False,haze4k_train_oof,dbd027bb62f5e6c4c721d6cd2e29a5afd345dd82f999c8e89ebeb8b9474bf9a5,0.0,0.0,0.0,307200.0
False,0.0,0.0,0.0,R2_L0,1,False,haze4k_train_oof,dbe161d81d9f697f75899a9e7573b6b002ad9fda7e11e2a5cb47a97fc3b6248c,0.0,0.0,0.0,307200.0
False,0.0,0.0,0.0,R2_L0,3,False,haze4k_train_oof,dc3fd280ef3bceb7e5262d073d13ff5d8ac32e77a6d635c3e23a375066692b86,0.0,0.0,0.0,160000.0
False,0.0,0.0,0.0,R2_L0,4,False,haze4k_train_oof,dc6e56adebc38d32938a6c837fc4c944b0f23fe5b4c5a4bdcbf8e2b039e45c8e,0.0,0.0,0.0,307200.0
False,0.0,0.0,0.0,R2_L0,4,False,haze4k_train_oof,dcfe1f7630804c062d106dc5214c79f54dd441fe29ae293696f4dcc5b929b0b6,0.0,0.0,0.0,160000.0
False,0.0,0.0,0.0,R2_L0,3,False,haze4k_train_oof,dd50d52c32945a954522f7ef1dd90e60c800acbea359ed6a279378a8825387b6,0.0,0.0,0.0,307200.0
False,0.0,0.0,0.0,R2_L0,4,False,haze4k_train_oof,dd830a1854c405e8021c766d79def63f6442328862fa775dafef617c6347a133,0.0,0.0,0.0,160000.0
False,0.0,0.0,0.0,R2_L0,2,False,haze4k_train_oof,de8ee11d3a6d0b53fd51a1ec95f33cf3943c587e533ddd524961e3496e109fcf,0.0,0.0,0.0,160000.0
False,0.0,0.0,0.0,R2_L0,1,False,haze4k_train_oof,df312ba64c1a595418a63b0a4cc86f9c8655f87a2a956535834e31ff8a4fb028,0.0,0.0,0.0,160000.0
False,0.0,0.0,0.0,R2_L0,3,False,haze4k_train_oof,df407b94f18ba26c0c79def01ed34fb764e1b03046c8882510d53f690cdfc2d8,0.0,0.0,0.0,160000.0
False,0.0,0.0,0.0,R2_L0,2,False,haze4k_train_oof,e03547df071ab42bafb37d7a47d956299d9463a8d77ee4973e65b57fe6dcbb21,0.0,0.0,0.0,307200.0
False,0.0,0.0,0.0,R2_L0,0,False,haze4k_train_oof,e0787d5081c926a1ea86d3a72f59edc2f0d651eca2fba6eeea5295d6eafe7165,0.0,0.0,0.0,307200.0
False,0.0,0.0,0.0,R2_L0,4,False,haze4k_train_oof,e1d579f93678c3e42cacc06defc065d21e57f57af52e669bf8b9bcfd296815fc,0.0,0.0,0.0,160000.0
False,0.0,0.0,0.0,R2_L0,3,False,haze4k_train_oof,e214aba1963e0140ab1f936d0e79f4d9e7c6c5c89f192496d6bab6bf1a572f86,0.0,0.0,0.0,160000.0
False,0.0,0.0,0.0,R2_L0,1,False,haze4k_train_oof,e36b656e53945ab795dfc3a6906d639f9676053497a04773417bc1fdebc71bee,0.0,0.0,0.0,307200.0
False,0.0,0.0,0.0,R2_L0,2,False,haze4k_train_oof,e3acae2267fd04c4fe3a4ca42e6813b96bdfff353496223fde19f01ba42b51cd,0.0,0.0,0.0,160000.0
False,0.0,0.0,0.0,R2_L0,0,False,haze4k_train_oof,e48fb2ea43f663b9ffbeee96467d68abee2680b517585973b32e7e369ad51768,0.0,0.0,0.0,307200.0
False,0.0,0.0,0.0,R2_L0,0,False,haze4k_train_oof,e4f72d0466e9e2de51d37880e572433b340056662c4c606ee36ef66fc7960318,0.0,0.0,0.0,307200.0
False,0.0,0.0,0.0,R2_L0,1,False,haze4k_train_oof,e553834e29c098aa9fe0b7c1a5b905a7f64128af341df79f398178432b92f387,0.0,0.0,0.0,307200.0
False,0.0,0.0,0.0,R2_L0,0,False,haze4k_train_oof,e557def1c87c525da5cc7ec9b23dd95c336e3fd6eebcfa33cee47dca2d04b751,0.0,0.0,0.0,160000.0
False,0.0,0.0,0.0,R2_L0,2,False,haze4k_train_oof,e57a8d509e172d28fe92c0d681af7e31db61d5c8e640edf352cd83a866764400,0.0,0.0,0.0,160000.0
False,0.0,0.0,0.0,R2_L0,2,False,haze4k_train_oof,e5dabb6dc112e7ce51a7d886d6f472fe4fce5caf71bf7008c320840582794f82,0.0,0.0,0.0,307200.0
False,0.0,0.0,0.0,R2_L0,4,False,haze4k_train_oof,e5e51355f48931e2b24696b99d4bab3e6dce9d2f70faebe4db655536f0e8bfb6,0.0,0.0,0.0,160000.0
False,0.0,0.0,0.0,R2_L0,4,False,haze4k_train_oof,e6a3198c4095fa4fc056679821f16747a5d1908e54c3d95992ca2334b5d16132,0.0,0.0,0.0,307200.0
False,0.0,0.0,0.0,R2_L0,3,False,haze4k_train_oof,e6efd580b97a7496e2db43062a720c5cf005b215103e33cabdee173fc0dff0ff,0.0,0.0,0.0,307200.0
False,0.0,0.0,0.0,R2_L0,1,False,haze4k_train_oof,e76a9ba768ea83cfdfbd75414c13809f4c23f6fed9526636b4bbf8772200380b,0.0,0.0,0.0,307200.0
False,0.0,0.0,0.0,R2_L0,1,False,haze4k_train_oof,e80dc8f17211f818b541fb3097a94182d2275b0b3a4a1904e681f6cb2f4a85b2,0.0,0.0,0.0,307200.0
False,0.0,0.0,0.0,R2_L0,4,False,haze4k_train_oof,e86c3b6bb630f4d54fbaa1609e0870e02c4fca383fab40436d64bf1822da57f7,0.0,0.0,0.0,160000.0
False,0.0,0.0,0.0,R2_L0,3,False,haze4k_train_oof,e8dab12878abe77c8ce84a6e130cbf789ad3678dc53000de7d54e68f046d7439,0.0,0.0,0.0,307200.0
False,0.0,0.0,0.0,R2_L0,2,False,haze4k_train_oof,e8e164ba79276e5a5c509093350ec3289ce9c40235d74bf0ad3a56858b8e1bd1,0.0,0.0,0.0,307200.0
False,0.0,0.0,0.0,R2_L0,2,False,haze4k_train_oof,e8fe9c4a06951b9fb620fcdc4516d62b83e0ccb9109f31ee57813db10c06d9a8,0.0,0.0,0.0,307200.0
False,0.0,0.0,0.0,R2_L0,4,False,haze4k_train_oof,e942dfd294b5033c3890c6823f54ff5182ac609ef34a1c297e7aeb0a2cab49b5,0.0,0.0,0.0,307200.0
False,0.0,0.0,0.0,R2_L0,4,False,haze4k_train_oof,e951f695b642b53aed88ddd1e81cc9bcc5de90447d5bd1ef6c43986a26d84b80,0.0,0.0,0.0,307200.0
False,0.0,0.0,0.0,R2_L0,1,False,haze4k_train_oof,eaa741c60b80770bd84e67a62b91cd4e51846260b75d7a966b683e81b5d86f18,0.0,0.0,0.0,307200.0
False,0.0,0.0,0.0,R2_L0,1,False,haze4k_train_oof,eab49563778373e9d1f8fcecb178f9406ce5f9b549e6b9607b8d778fc50407f0,0.0,0.0,0.0,160000.0
False,0.0,0.0,0.0,R2_L0,1,False,haze4k_train_oof,ead13ddeec0aecd048f3218d96ace535b3601da2e25f4e1bdef6f9bd97d44ba9,0.0,0.0,0.0,160000.0
False,0.0,0.0,0.0,R2_L0,2,False,haze4k_train_oof,eb48384a19c39f560edd2d3757b6e72a6d2811c7e930a7e54a0fc1abedcc1cd6,0.0,0.0,0.0,307200.0
False,0.0,0.0,0.0,R2_L0,4,False,haze4k_train_oof,ebe887602775e41c83d0f36c2f2f06f7ea050d7c77a0cc23b3841e1fb8c55870,0.0,0.0,0.0,160000.0
False,0.0,0.0,0.0,R2_L0,0,False,haze4k_train_oof,ec1a1cf77296ae360923961cb90125968a2cc393c54b0adac8807aeafbf6bfc5,0.0,0.0,0.0,307200.0
False,0.0,0.0,0.0,R2_L0,4,False,haze4k_train_oof,ed46572a0a34985649ae17eed32f2e38cc328baa61f62d135e7281007db05efd,0.0,0.0,0.0,160000.0
False,0.0,0.0,0.0,R2_L0,2,False,haze4k_train_oof,ed9f272f5776f2541d56753d22ad01cff684c3232374bcd1703e3cd4b9e91d70,0.0,0.0,0.0,307200.0
False,0.0,0.0,0.0,R2_L0,4,False,haze4k_train_oof,ee08dd643b70cdcc20ff9f32e7e4be1bf8febce0e3cb770d1e5c12cfd9f07df2,0.0,0.0,0.0,307200.0
False,0.0,0.0,0.0,R2_L0,4,False,haze4k_train_oof,ee17e28f666fc53312909193af3d31f9f64030f8314b6ca8f8025792ecf5633d,0.0,0.0,0.0,307200.0
False,0.0,0.0,0.0,R2_L0,0,False,haze4k_train_oof,ef9abc91a789e36d9183b98bca7d15539d1a9cc5d5aa37608a233fbf5e586bd5,0.0,0.0,0.0,160000.0
False,0.0,0.0,0.0,R2_L0,0,False,haze4k_train_oof,eff4f0e700b2435f7841ef40c95605b7c274c9d60f8fd43c9962cc9b9dc17ac1,0.0,0.0,0.0,307200.0
False,0.0,0.0,0.0,R2_L0,1,False,haze4k_train_oof,f0897941d2155ab3dd2bfefa3a8ae4a72e90c4283f2762d8d880da8ec2fa3fd7,0.0,0.0,0.0,307200.0
False,0.0,0.0,0.0,R2_L0,1,False,haze4k_train_oof,f0e50d35249e2a28770fa7c75db3b27d2e471f32922ad6d556bb326337db5e67,0.0,0.0,0.0,307200.0
False,0.0,0.0,0.0,R2_L0,0,False,haze4k_train_oof,f0eda7d3f18c39262b6eb67ab6d63740381bb2d3afe9a50da7915ad546e82924,0.0,0.0,0.0,307200.0
False,0.0,0.0,0.0,R2_L0,2,False,haze4k_train_oof,f2071aa88e66d4523adb05dc959326dca48c843d4a905478c4853c6941d0c3b0,0.0,0.0,0.0,160000.0
False,0.0,0.0,0.0,R2_L0,3,False,haze4k_train_oof,f296280e80477809f39545278c9698d74683f2e550588d0784299cd73fcd117b,0.0,0.0,0.0,160000.0
False,0.0,0.0,0.0,R2_L0,3,False,haze4k_train_oof,f2abef9cc515b78b9c6c90af8a4ed0cd2b08a8059fe27b68cff0d75c141ad52a,0.0,0.0,0.0,160000.0
False,0.0,0.0,0.0,R2_L0,1,False,haze4k_train_oof,f2e7948b887228bee3b8c867284e71ee4366d4a34a5e7ba971d4e641e3fe1a24,0.0,0.0,0.0,160000.0
False,0.0,0.0,0.0,R2_L0,2,False,haze4k_train_oof,f388056b7349ee1960ba25ca4e4b44f1cede7cc3d0c2c87e16b56962b41c63e0,0.0,0.0,0.0,160000.0
False,0.0,0.0,0.0,R2_L0,2,False,haze4k_train_oof,f3b72916c216f795b064aec1af073a2a4c40f259eda0a2c9e6357a7f8e22117f,0.0,0.0,0.0,160000.0
False,0.0,0.0,0.0,R2_L0,2,False,haze4k_train_oof,f3d6ebcd70e5ca717ddf2a495a6e91144106c2d25c4af3bf24514bd798345eca,0.0,0.0,0.0,307200.0
False,0.0,0.0,0.0,R2_L0,2,False,haze4k_train_oof,f3da20c996715b9757e298fc5729202231f464b379cdc8fb2d6f7385fe8b9ed7,0.0,0.0,0.0,160000.0
False,0.0,0.0,0.0,R2_L0,1,False,haze4k_train_oof,f3f6d707af7683794ae6de1d257821619b8183771e5f5f5d306fcb0707ed5cca,0.0,0.0,0.0,307200.0
False,0.0,0.0,0.0,R2_L0,3,False,haze4k_train_oof,f4387c40598d62fb7593c0cca0483a04f1ad127c7001a52c3a82de8167510cea,0.0,0.0,0.0,160000.0
False,0.0,0.0,0.0,R2_L0,2,False,haze4k_train_oof,f447c9967425a179003641d9f6145d0ecf7103a52d6cd30aef84b44f774565f3,0.0,0.0,0.0,160000.0
False,0.0,0.0,0.0,R2_L0,2,False,haze4k_train_oof,f4697cf0acc88c3686c84bf5656f5232bbb58eb5927cbe13f2216fdae6fbc97d,0.0,0.0,0.0,160000.0
False,0.0,0.0,0.0,R2_L0,0,False,haze4k_train_oof,f4b0f9e90acbe9b22a85997133a33e8bae6ac0943e5b5b657f876514b548e16c,0.0,0.0,0.0,160000.0
False,0.0,0.0,0.0,R2_L0,2,False,haze4k_train_oof,f50e61fb92669d4c192e1773780424c4c63242b1d4344d10d07dc798cff401b8,0.0,0.0,0.0,307200.0
False,0.0,0.0,0.0,R2_L0,4,False,haze4k_train_oof,f5173c986c47bca4a526f0858bdb6d1a20d625ff3728943611b11a53cfa56df9,0.0,0.0,0.0,307200.0
False,0.0,0.0,0.0,R2_L0,2,False,haze4k_train_oof,f52b1d069f6efd8e42997e6120fdc49422c4b9ecde1e5da9b08d3e51648eebb7,0.0,0.0,0.0,160000.0
False,0.0,0.0,0.0,R2_L0,3,False,haze4k_train_oof,f57562055a010572ebc5a2dd6ee54946091bcf80307f044b6debb2a87560ad13,0.0,0.0,0.0,160000.0
False,0.0,0.0,0.0,R2_L0,2,False,haze4k_train_oof,f61f9ff556d76559f08eaf12908c59efff4d857ada695e3463be083d1e2931b3,0.0,0.0,0.0,307200.0
False,0.0,0.0,0.0,R2_L0,2,False,haze4k_train_oof,f684525abc09dd3418dc4cab5fa2a28ab0af8dc809e97f2994b7eb9ff7f39ef6,0.0,0.0,0.0,307200.0
False,0.0,0.0,0.0,R2_L0,3,False,haze4k_train_oof,f6cbbee6afd5460d9071f33db1b3173826a1d0b9f51fcd9e82d515bf74d23804,0.0,0.0,0.0,160000.0
False,0.0,0.0,0.0,R2_L0,3,False,haze4k_train_oof,f75c6565eb455f1f0a5292e449d0f3a0617d3ea53288d12e4684cc1f5c7a60c3,0.0,0.0,0.0,160000.0
False,0.0,0.0,0.0,R2_L0,2,False,haze4k_train_oof,f7951de587cd3a1ee05637433532e1ab5ac94476e88e7c0da132a0616ea3c1b4,0.0,0.0,0.0,307200.0
False,0.0,0.0,0.0,R2_L0,1,False,haze4k_train_oof,f7ad5a61e48d5b5503b967a39e96e371804a2e85531fb1d579c5a0284b3a8e04,0.0,0.0,0.0,307200.0
False,0.0,0.0,0.0,R2_L0,4,False,haze4k_train_oof,f7ca9048c053c55e3946c661cec7ee69645f69060bf2db742df3cda6ace2e17f,0.0,0.0,0.0,307200.0
False,0.0,0.0,0.0,R2_L0,1,False,haze4k_train_oof,f80f309309cb41c13b91a72da79811abdd441f0080bd129fc1ae3a115aa7a787,0.0,0.0,0.0,160000.0
False,0.0,0.0,0.0,R2_L0,2,False,haze4k_train_oof,f8a589a8cd01f8fa00e736b50402c20851d5b7c5d4ffcf319d0b544f1d60cdb6,0.0,0.0,0.0,160000.0
False,0.0,0.0,0.0,R2_L0,0,False,haze4k_train_oof,f8edb867cf35ff700783c60fdf5068b3dacf2fc223b0f0d79641f4171f0d66e9,0.0,0.0,0.0,160000.0
False,0.0,0.0,0.0,R2_L0,2,False,haze4k_train_oof,f93746afcb7aaba276ef89580fcaaa2a6df0248064eb757abcded015e09662ce,0.0,0.0,0.0,307200.0
False,0.0,0.0,0.0,R2_L0,3,False,haze4k_train_oof,fa01c857b1a87ff85b35c01e323ee9d17ee03e79cba7fced319611a6c8f32b41,0.0,0.0,0.0,307200.0
False,0.0,0.0,0.0,R2_L0,4,False,haze4k_train_oof,fa45765318a9efbe78854319eea635e9cef2e6cf18aa53634a79c2112ce3d2b6,0.0,0.0,0.0,160000.0
False,0.0,0.0,0.0,R2_L0,1,False,haze4k_train_oof,fa5a1edfba9096ea27cc32ba44a10107c5e123ba646fcca241f93d6555149763,0.0,0.0,0.0,307200.0
False,0.0,0.0,0.0,R2_L0,3,False,haze4k_train_oof,fa71382cd0b59eaf98678680ae99272e7b9443aa64f3d8666293dead0788cefb,0.0,0.0,0.0,307200.0
False,0.0,0.0,0.0,R2_L0,0,False,haze4k_train_oof,fb38e579a5096c58103e153a1d37390dd152e6a038da5b7260cc6efd33b13c52,0.0,0.0,0.0,307200.0
False,0.0,0.0,0.0,R2_L0,2,False,haze4k_train_oof,fb685e5e2857e005fe146312737cc225ceda003805638fc0316e2bb1d03aff32,0.0,0.0,0.0,160000.0
False,0.0,0.0,0.0,R2_L0,4,False,haze4k_train_oof,fb73630833be09ab1581b91ebd1ac7349fc83f444ba1a872c64aed10a865b37e,0.0,0.0,0.0,307200.0
False,0.0,0.0,0.0,R2_L0,1,False,haze4k_train_oof,fbb5aee39e68a62f32ef4e221d7725feb981e7616c080438576dfa8a945fe8bc,0.0,0.0,0.0,160000.0
False,0.0,0.0,0.0,R2_L0,4,False,haze4k_train_oof,fbe5f5d45eb563da7270d5872e05d55449d36a3b290fcd155b5e2b29eb5b9125,0.0,0.0,0.0,160000.0
False,0.0,0.0,0.0,R2_L0,0,False,haze4k_train_oof,fc46e04dddfc964199472cce9c171af5df2d2dbb4397f2104d7757e022c7ab07,0.0,0.0,0.0,307200.0
False,0.0,0.0,0.0,R2_L0,3,False,haze4k_train_oof,fd8b5ae8ccb200cb33fe60d3f1ea3ec0b597dd3e95a913f5854322625f0219c6,0.0,0.0,0.0,307200.0
False,0.0,0.0,0.0,R2_L1,1,False,haze4k_train_oof,0059eac40c0514150bb6e71018dbb9d8a4c1c227c483bfbf8bac1615e2539aa6,0.0,0.0,0.0,307200.0
False,0.0,0.0,0.0,R2_L1,0,False,haze4k_train_oof,0062f17865656805ebaebdc80b8f3a3c67126f09bf2ce9eff5116ef6fbeb4ac8,0.0,0.0,0.0,160000.0
False,0.0,0.0,0.0,R2_L1,4,False,haze4k_train_oof,00e8968acc69366a0f3b7fa70106fc77bd396cee62f727d5b7725d01623e2487,0.0,0.0,0.0,160000.0
False,0.0,0.0,0.0,R2_L1,1,False,haze4k_train_oof,00fe6a418e93bdac6fd16db912d45663f3943813c3e5774895921e0bb7d7d9bc,0.0,0.0,0.0,160000.0
False,0.0,0.0,0.0,R2_L1,3,False,haze4k_train_oof,01572b6a1f379705c3149744f68e08ea2bd6eec72f361c7307ed4d613573c52e,0.0,0.0,0.0,160000.0
False,0.0,0.0,0.0,R2_L1,1,False,haze4k_train_oof,017854902a4e3031a19ae990d8632d74db1e65e0fdd8e08881aea69da3d6103c,0.0,0.0,0.0,307200.0
False,0.0,0.0,0.0,R2_L1,1,False,haze4k_train_oof,018481b8e1d2c375b4852f74f10672da9c12985ebbc15a867733d32590e21246,0.0,0.0,0.0,307200.0
False,0.0,0.0,0.0,R2_L1,0,False,haze4k_train_oof,019d1beb2ac13b409b64e3faf5f601800517880a1caba26b958acbda885dc9be,0.0,0.0,0.0,160000.0
False,0.0,0.0,0.0,R2_L1,4,False,haze4k_train_oof,01ea31d89fc44114033b08b0375ade2a196dfc1444ea6936bfa6ff4ce312880d,0.0,0.0,0.0,307200.0
False,0.0,0.0,0.0,R2_L1,1,False,haze4k_train_oof,02325ff643929b5186b6f5469bdf20e6a7d344a2d4708c650f7047b3e93f2f5c,0.0,0.0,0.0,160000.0
False,0.0,0.0,0.0,R2_L1,4,False,haze4k_train_oof,02c35322ba487afcf864e376e94ecbf28ca53d0904db0c5f02c4b75ddf351796,0.0,0.0,0.0,307200.0
False,0.0,0.0,0.0,R2_L1,0,False,haze4k_train_oof,03f5374aee2d67dd03005194d3ae9694c866587ed80e51af0dadbed072f3d11f,0.0,0.0,0.0,160000.0
False,0.0,0.0,0.0,R2_L1,3,False,haze4k_train_oof,04c0fc5d5d7d09eb83ae85c39db82df81ed48574f0d8561dd3b703e5485c1edc,0.0,0.0,0.0,307200.0
False,0.0,0.0,0.0,R2_L1,1,False,haze4k_train_oof,065200da89c85406fe60a5d7d96fdf28774ef6ccb91dfa00704196ce768c5ea1,0.0,0.0,0.0,160000.0
False,0.0,0.0,0.0,R2_L1,0,False,haze4k_train_oof,06b0daf8dfe2bfbca96b9ffa2f032ca6da81452f15bcf274793b49f1c4122862,0.0,0.0,0.0,160000.0
False,0.0,0.0,0.0,R2_L1,1,False,haze4k_train_oof,06b3b4d0a7a3692a5257f5f059a7eec6572c5542481db16caca7af532b2e4667,0.0,0.0,0.0,160000.0
False,0.0,0.0,0.0,R2_L1,1,False,haze4k_train_oof,06d18929cf995fbe293e219923ecd63da5a10b47703710378ca3a3c45beae8b4,0.0,0.0,0.0,160000.0
False,0.0,0.0,0.0,R2_L1,4,False,haze4k_train_oof,071eb2a3b1840e05b16713ed0e76bb675023c03b5ab856e3585b427c043c4124,0.0,0.0,0.0,307200.0
False,0.0,0.0,0.0,R2_L1,3,False,haze4k_train_oof,0729f8805e28b62ff73f2b8f28288217f83c58880dc1d01f5f3780cb01f23162,0.0,0.0,0.0,307200.0
False,0.0,0.0,0.0,R2_L1,0,False,haze4k_train_oof,074c4f3e952dc78c39f9d52ebb026b66e0fee3236d31478b4f566b8f98000a4a,0.0,0.0,0.0,160000.0
False,0.0,0.0,0.0,R2_L1,4,False,haze4k_train_oof,0751426409551787185ce77e74973f226b405fbe6d29df13c72a75c5f55635e6,0.0,0.0,0.0,160000.0
False,0.0,0.0,0.0,R2_L1,0,False,haze4k_train_oof,089a362f56dd8c1920de1a869664a1402a5c064bea777616d7d695689e66b373,0.0,0.0,0.0,307200.0
False,0.0,0.0,0.0,R2_L1,1,False,haze4k_train_oof,08af8ac067bba159f2e79e67b68384a7c313457e6d110c9ed7765aab70fa802f,0.0,0.0,0.0,307200.0
False,0.0,0.0,0.0,R2_L1,3,False,haze4k_train_oof,08b7b999957aa20523aac1514c50751fa3d611ac0d7cd72ff80e3c900d103631,0.0,0.0,0.0,160000.0
False,0.0,0.0,0.0,R2_L1,3,False,haze4k_train_oof,08f32eb376a909d86fa89c84bf6da714c6c1143eb27b87488434f018ce972c76,0.0,0.0,0.0,307200.0
False,0.0,0.0,0.0,R2_L1,3,False,haze4k_train_oof,0a3282860dd790646a0658289530b8e238096014b9f18dd67a6388db4fea6aee,0.0,0.0,0.0,160000.0
False,0.0,0.0,0.0,R2_L1,3,False,haze4k_train_oof,0a3c638691ca3d4538cc447626ee0c4f06b5b11bfeb37001306941eb244bac94,0.0,0.0,0.0,160000.0
False,0.0,0.0,0.0,R2_L1,3,False,haze4k_train_oof,0ab306d3e150eb7d658f0e9a59e35e317a745981b3ff9ce2bbda990352c6d27f,0.0,0.0,0.0,160000.0
False,0.0,0.0,0.0,R2_L1,0,False,haze4k_train_oof,0bffa5c601cd4252e96d93786aaaaac32eda5e2ff3b18ad1d7bc871af536e4e8,0.0,0.0,0.0,160000.0
False,0.0,0.0,0.0,R2_L1,3,False,haze4k_train_oof,0cc155a9804759866d3d9fcd9f8e0dd048fe2834c9f56654fd5072c913c0ad66,0.0,0.0,0.0,160000.0
False,0.0,0.0,0.0,R2_L1,3,False,haze4k_train_oof,0d1945547f43ccb7609fe56f0e8cc46a33fd6125b525a569a369c589ea578332,0.0,0.0,0.0,307200.0
False,0.0,0.0,0.0,R2_L1,2,False,haze4k_train_oof,0e9a9a5de1416a98d3371f53b1fa74bd9766b22746135c6aff3d9aea791d033b,0.0,0.0,0.0,160000.0
False,0.0,0.0,0.0,R2_L1,2,False,haze4k_train_oof,0f0b28e60d89832bb68f838fde1d7110a23fca0cc60657bfe34abf192b71c6cc,0.0,0.0,0.0,160000.0
False,0.0,0.0,0.0,R2_L1,2,False,haze4k_train_oof,0f46a279ccaeae86598126ff0c046a22058bad2b86c91a4a33e2d99481f5bcec,0.0,0.0,0.0,307200.0
False,0.0,0.0,0.0,R2_L1,2,False,haze4k_train_oof,0fbcce9cb818a404c0cef3d93339e6c667819863ba1503cbfbe1b821a4cf6172,0.0,0.0,0.0,307200.0
False,0.0,0.0,0.0,R2_L1,4,False,haze4k_train_oof,107d09977a8a5d14dce80e9a0dc1ef3099f3864376f05d7c4a133bbb16d26241,0.0,0.0,0.0,160000.0
False,0.0,0.0,0.0,R2_L1,1,False,haze4k_train_oof,1210a1c1659b67cb090e0bbcf0a49eb195248d5f1494be777a6aa88cb9a489b9,0.0,0.0,0.0,160000.0
False,0.0,0.0,0.0,R2_L1,2,False,haze4k_train_oof,121fcf5a8d8ee21b3209ccaf2f14a7c33b3230e6cea7e8edb43d285969ad8613,0.0,0.0,0.0,160000.0
False,0.0,0.0,0.0,R2_L1,0,False,haze4k_train_oof,12395f8c4f4e5c8406b1fed03c4587798340bb06f7ae599c27c25d44898b6004,0.0,0.0,0.0,160000.0
False,0.0,0.0,0.0,R2_L1,3,False,haze4k_train_oof,1353506cbc9880d0798f1061e1b7c366541309f8f7533a200c5a5f49fd3d21b7,0.0,0.0,0.0,307200.0
False,0.0,0.0,0.0,R2_L1,0,False,haze4k_train_oof,13a0c02f0f43af8b0e13aa0cb8c256d9c7f78646f00eda177768033a75cbd4ad,0.0,0.0,0.0,160000.0
False,0.0,0.0,0.0,R2_L1,1,False,haze4k_train_oof,14857ac65206ec4198e9a4f3810a536bb65d64b41c9c3615dff23922310c8601,0.0,0.0,0.0,160000.0
False,0.0,0.0,0.0,R2_L1,1,False,haze4k_train_oof,14f23240dea2b607f55ce63fc2f2a990567cb2f690ed0317d52808c6cf0cd825,0.0,0.0,0.0,160000.0
False,0.0,0.0,0.0,R2_L1,3,False,haze4k_train_oof,1590c2bfd2679f8fedd87e5453635fe86e61f9fc935bcc16f85f9f765cc7a08b,0.0,0.0,0.0,160000.0
False,0.0,0.0,0.0,R2_L1,1,False,haze4k_train_oof,15af76ac38c9da480d3725249fa5c90eedc1b1fc882f0f060b7167b99ac773dd,0.0,0.0,0.0,307200.0
False,0.0,0.0,0.0,R2_L1,3,False,haze4k_train_oof,162d074ea9b5536188c946ff9b6921c5a95304042fd04c6acea44164912ad962,0.0,0.0,0.0,160000.0
False,0.0,0.0,0.0,R2_L1,4,False,haze4k_train_oof,166024886375fc48decb6f7aa00ff2cd118c44d8362e856c05a846e06bd452f0,0.0,0.0,0.0,160000.0
False,0.0,0.0,0.0,R2_L1,3,False,haze4k_train_oof,16d269c2c3a4db7d56b569b9ca76d28207cf57ae557824788da572985afde8b0,0.0,0.0,0.0,307200.0
False,0.0,0.0,0.0,R2_L1,3,False,haze4k_train_oof,1781559bca0e2743a88d2864ee5fb8e7d4cdf9f4ceca157bb401326567bc60af,0.0,0.0,0.0,160000.0
False,0.0,0.0,0.0,R2_L1,4,False,haze4k_train_oof,17d39c01da2c8fe5ab2727c02faf694fbb699a6c825b1f56ea9cae614b7f57d7,0.0,0.0,0.0,160000.0
False,0.0,0.0,0.0,R2_L1,3,False,haze4k_train_oof,1835efd9aba3a314fd2389e06c04c3a3491545d68f045d0daff2a772ed9669c6,0.0,0.0,0.0,160000.0
False,0.0,0.0,0.0,R2_L1,0,False,haze4k_train_oof,19333c3babfb0a9a69c9f71ed92ffa2d508309ab62842e9c5c580e317a26ef73,0.0,0.0,0.0,160000.0
False,0.0,0.0,0.0,R2_L1,2,False,haze4k_train_oof,196e3cd641a4a04c918a7743ab940b5ba671aff1791e9f2ddd477cea6f99fcc1,0.0,0.0,0.0,160000.0
False,0.0,0.0,0.0,R2_L1,3,False,haze4k_train_oof,19cb138715501ef08e6674ae3db9fc4b67f8c3db522b82ca537a48a4a1ba686c,0.0,0.0,0.0,160000.0
False,0.0,0.0,0.0,R2_L1,4,False,haze4k_train_oof,1a779e1118d7970aa2e393ba32621b8d525f7e5571745cfa5fc7a32c6ad73c37,0.0,0.0,0.0,160000.0
False,0.0,0.0,0.0,R2_L1,2,False,haze4k_train_oof,1ab0c004bb2964b0b378f94f85ad121c666faebe30795b047c72c726eaa2e8d2,0.0,0.0,0.0,307200.0
False,0.0,0.0,0.0,R2_L1,3,False,haze4k_train_oof,1b1aedc7dc8f1ee443d18d6b64aa92c0105bef9a96c2d5b28eb1c64254904b7a,0.0,0.0,0.0,307200.0
False,0.0,0.0,0.0,R2_L1,1,False,haze4k_train_oof,1b27b11b2aad75933b851ef73eecd09037f32da058d87ea56cbfc1a7596e56a5,0.0,0.0,0.0,160000.0
False,0.0,0.0,0.0,R2_L1,4,False,haze4k_train_oof,1bbe0348da6b87cf5fd18a053f0f7a1f36e58aaff094f96fa7d610bc028cf50f,0.0,0.0,0.0,307200.0
False,0.0,0.0,0.0,R2_L1,0,False,haze4k_train_oof,1c24400b07ef576879fac0bf1b8bb08281872cc9fef0bcadbea0427c5103094a,0.0,0.0,0.0,160000.0
False,0.0,0.0,0.0,R2_L1,3,False,haze4k_train_oof,1cd446767ca42538b195cf4c1d33dac9343d0ee71b83d6e1a7af20f744e84dbe,0.0,0.0,0.0,160000.0
False,0.0,0.0,0.0,R2_L1,0,False,haze4k_train_oof,1d153d2f6f64ae1cf240e08d47eb0fecbad2fe9664c0fe654774bf4c180b75e4,0.0,0.0,0.0,307200.0
False,0.0,0.0,0.0,R2_L1,2,False,haze4k_train_oof,1d2261d7c2b3f53b35e2a0fe172ba402eaa3d9d0e66352f5404e387776a62ade,0.0,0.0,0.0,307200.0
False,0.0,0.0,0.0,R2_L1,3,False,haze4k_train_oof,1d74182b2493b63a96875bc876716088ac91dd77dd00f7b5b02a10f66f6f559a,0.0,0.0,0.0,307200.0
False,0.0,0.0,0.0,R2_L1,1,False,haze4k_train_oof,1d82644808ec3bd80d4fef60d299a3b4deff30d93e9ac3ea926daf8e61b5c6c3,0.0,0.0,0.0,307200.0
False,0.0,0.0,0.0,R2_L1,0,False,haze4k_train_oof,1e791fec8c93c964da8a45ec044944200f34b8e409842c4f797da62fbf4a9b25,0.0,0.0,0.0,160000.0
False,0.0,0.0,0.0,R2_L1,2,False,haze4k_train_oof,1f7559f1a64089a8ae5254bc063121d972b8b10f4c9f95d12d469b9144dadc1e,0.0,0.0,0.0,307200.0
False,0.0,0.0,0.0,R2_L1,0,False,haze4k_train_oof,1f8ef93a2ef1835f6198f124d519e264a07c7ec380eeb379f830af48b0d3cccf,0.0,0.0,0.0,160000.0
False,0.0,0.0,0.0,R2_L1,2,False,haze4k_train_oof,1fef587d86b4fbf6ee6a2ffb81dd4f704601e9fa609ee65f883c288ffee5aae3,0.0,0.0,0.0,307200.0
False,0.0,0.0,0.0,R2_L1,0,False,haze4k_train_oof,201497c760d7885d5d067d3d065c5c0f4f887a865c06eb1f980735c8452097d1,0.0,0.0,0.0,307200.0
False,0.0,0.0,0.0,R2_L1,0,False,haze4k_train_oof,20606056e8cc47a7f37c3784a35e1b5ff62d361bbdb60dcf8396549ccb0ad109,0.0,0.0,0.0,160000.0
False,0.0,0.0,0.0,R2_L1,0,False,haze4k_train_oof,20d98de865ea0710b77257bef2f710b3d700564b17b215b3071aafd1af584022,0.0,0.0,0.0,307200.0
False,0.0,0.0,0.0,R2_L1,0,False,haze4k_train_oof,20de96507a80e581c8c784fbe4d0891b8f1997aee28cd2b15b28e7666f4a868e,0.0,0.0,0.0,307200.0
False,0.0,0.0,0.0,R2_L1,3,False,haze4k_train_oof,2115d0381d7cfcc2d3608981e7e5cd6276615b92b107229f649bf172c4af06d2,0.0,0.0,0.0,307200.0
False,0.0,0.0,0.0,R2_L1,1,False,haze4k_train_oof,217570835a6d5232092fafdac64f9b647768e0a4c8fbb73b37fced35f8c8e412,0.0,0.0,0.0,160000.0
False,0.0,0.0,0.0,R2_L1,3,False,haze4k_train_oof,2188fecca08acd9e41cf1892bc332435165eeed53d5f535c77146b1204289dc8,0.0,0.0,0.0,307200.0
False,0.0,0.0,0.0,R2_L1,4,False,haze4k_train_oof,219e839fa1ce8871b0ab0c9d4fba06e947a8bc80b8b358ff0f185e4b86fb1916,0.0,0.0,0.0,307200.0
False,0.0,0.0,0.0,R2_L1,4,False,haze4k_train_oof,2224c5eab6986290f92ce15936d3532e0bcbb168e6041386ac1c53a963b41d9e,0.0,0.0,0.0,307200.0
False,0.0,0.0,0.0,R2_L1,2,False,haze4k_train_oof,2249e7451b17baa17c1ef663f51727d7c2acc24d99306e2980980f2bec0459d3,0.0,0.0,0.0,307200.0
False,0.0,0.0,0.0,R2_L1,0,False,haze4k_train_oof,226713ece6fba9ea091d10ab6eb8e65af8e962d558c5b485f16e3c80d1db7906,0.0,0.0,0.0,307200.0
False,0.0,0.0,0.0,R2_L1,4,False,haze4k_train_oof,22f6dcd0636864764206eeb4b5d487fe4f82f973709563dbe20133b9261e4cf8,0.0,0.0,0.0,160000.0
False,0.0,0.0,0.0,R2_L1,2,False,haze4k_train_oof,2339a5741eb8ac5eedc1c46527db0ad6ee23e8abc1998c1f0904a1bec550dc2b,0.0,0.0,0.0,307200.0
False,0.0,0.0,0.0,R2_L1,3,False,haze4k_train_oof,23754b93ea211c8b0a8bd60ca968d3e857f3a629dbe2cfe319c8132598868413,0.0,0.0,0.0,160000.0
False,0.0,0.0,0.0,R2_L1,4,False,haze4k_train_oof,23b52292044eaf79309cf2ae91c5fc5e7195e5e6810d422caa22a5aa9098bd85,0.0,0.0,0.0,307200.0
False,0.0,0.0,0.0,R2_L1,1,False,haze4k_train_oof,23d980293c72dca8d6bbc8feef534188857e60c8168f767aa2613f635f86ebcd,0.0,0.0,0.0,160000.0
False,0.0,0.0,0.0,R2_L1,1,False,haze4k_train_oof,240a36431264938b02a47f0524b24bf13f73b0d0f58d4b1234b086e432a94eb0,0.0,0.0,0.0,160000.0
False,0.0,0.0,0.0,R2_L1,1,False,haze4k_train_oof,240d18d45c90005f49e5e9ffc8c5c8e52f341c6e77108081ebe6fdbde0dd0658,0.0,0.0,0.0,160000.0
False,0.0,0.0,0.0,R2_L1,3,False,haze4k_train_oof,24e47c681a0351df82cb2bed8c2f227fd62709ae8a006e9ae957e377fdbd72f0,0.0,0.0,0.0,307200.0
False,0.0,0.0,0.0,R2_L1,0,False,haze4k_train_oof,24f93c3f6ea8ee5832e54512e34940c27521192ceea1f18a2500f5348682a1fc,0.0,0.0,0.0,307200.0
False,0.0,0.0,0.0,R2_L1,4,False,haze4k_train_oof,2576b2d794e7df1c0f0a01099f12e67698e16a617c6af4916d333cb772da20c6,0.0,0.0,0.0,160000.0
False,0.0,0.0,0.0,R2_L1,0,False,haze4k_train_oof,2611658d06cc01c6e718cf79ef4004cf8ca08d7e000708a5193e5412477c091e,0.0,0.0,0.0,160000.0
False,0.0,0.0,0.0,R2_L1,3,False,haze4k_train_oof,269215eed8afb021aecdfeb4b1a6ee4256c2fb78cee564c4ade585e8b5cd2e1e,0.0,0.0,0.0,160000.0
False,0.0,0.0,0.0,R2_L1,0,False,haze4k_train_oof,26d1f928e0f8d1dcf628acb6a3bd321ef8b866a67b73e5f0bf4b5742d17e1b41,0.0,0.0,0.0,160000.0
False,0.0,0.0,0.0,R2_L1,1,False,haze4k_train_oof,27b4f4f1a172211f2e50a610688df9781d60c64ff5cfd3510fd8d13b76dcac5c,0.0,0.0,0.0,307200.0
False,0.0,0.0,0.0,R2_L1,3,False,haze4k_train_oof,285c12fa84806ac972d3520ff42782733c556c7c54db25a34fe0210d3a683d7e,0.0,0.0,0.0,160000.0
False,0.0,0.0,0.0,R2_L1,0,False,haze4k_train_oof,2865759ab5f4327e0a704fc2bcfe4049fc4c3b5b241af3decf1aea9bfaaefdb0,0.0,0.0,0.0,307200.0
False,0.0,0.0,0.0,R2_L1,4,False,haze4k_train_oof,28e1b692c9b0a3327b4404d271483f7b901279f5750077f220c340e3765110d7,0.0,0.0,0.0,160000.0
False,0.0,0.0,0.0,R2_L1,2,False,haze4k_train_oof,29251a493db748f02372bf6ba4c12499298f69be12c368720d6692a235d8cda9,0.0,0.0,0.0,307200.0
False,0.0,0.0,0.0,R2_L1,1,False,haze4k_train_oof,29c7b134461bcb50232e2e0b703eca9990dfe719cd145c82b35ebc33b689a57a,0.0,0.0,0.0,160000.0
False,0.0,0.0,0.0,R2_L1,1,False,haze4k_train_oof,2a087c0cdce9bd7dace49ab9bf2f29d03b2d7036ae030ff2de8c94c35ab021d2,0.0,0.0,0.0,307200.0
False,0.0,0.0,0.0,R2_L1,1,False,haze4k_train_oof,2a0a3c7346d504d730dd9e6b5add420ec719df46be4ee1fbd8fc6b6064cbead0,0.0,0.0,0.0,307200.0
False,0.0,0.0,0.0,R2_L1,3,False,haze4k_train_oof,2a8967df53565f0f7e4d97e3ec325e07d1cc8e5f4e612f09d1c9faae59b43fc7,0.0,0.0,0.0,160000.0
False,0.0,0.0,0.0,R2_L1,1,False,haze4k_train_oof,2b27c41382ed880672a785d890a1683e9efdaf5d089a1c04f91c3689dd6ffc46,0.0,0.0,0.0,160000.0
False,0.0,0.0,0.0,R2_L1,2,False,haze4k_train_oof,2b6faf7e36b960acb2cb57ab25a303ef9a109a671fe9e0465de63e5a985aedc2,0.0,0.0,0.0,307200.0
False,0.0,0.0,0.0,R2_L1,3,False,haze4k_train_oof,2b8ad41699d474d2d71a5f90b72f278726f7d16b323e1636319df2a1eb8898e5,0.0,0.0,0.0,307200.0
False,0.0,0.0,0.0,R2_L1,2,False,haze4k_train_oof,2bfeed5540b47bebaecdabdbf8352f795d3830692412d1ab0c95e4c71fa787a1,0.0,0.0,0.0,160000.0
False,0.0,0.0,0.0,R2_L1,0,False,haze4k_train_oof,2c3cf1c60f5f5e48126b12604e0b7d3c7a24aa0bc7c400596e6cbbb98a5832d5,0.0,0.0,0.0,307200.0
False,0.0,0.0,0.0,R2_L1,1,False,haze4k_train_oof,2c47bc09fa4bc650bded3933b5642ae1de9b246ca35ba6535bd4454d398dfac5,0.0,0.0,0.0,307200.0
False,0.0,0.0,0.0,R2_L1,4,False,haze4k_train_oof,2c8f759e8e8aa94a0f390529c8a4d2c64bace8655d48691e75caf3519d817709,0.0,0.0,0.0,307200.0
False,0.0,0.0,0.0,R2_L1,3,False,haze4k_train_oof,2d193c8f6e0f44be59295b674976da97ae08a3e22959336df5ba3137b44ad620,0.0,0.0,0.0,307200.0
False,0.0,0.0,0.0,R2_L1,4,False,haze4k_train_oof,2d3a26004307cdba9e8fd92abfd9215b3e1b7cf08a417f3e799ab22f75517a3c,0.0,0.0,0.0,160000.0
False,0.0,0.0,0.0,R2_L1,4,False,haze4k_train_oof,2e2b0c315b200c79e6e104908da8b922e6cb3dbb6f011b2bf2c487bc94a90aa2,0.0,0.0,0.0,307200.0
False,0.0,0.0,0.0,R2_L1,1,False,haze4k_train_oof,2eef94ee0336b735c73ddd0474321052fe642a12a523eb8dcae9d643dbb87075,0.0,0.0,0.0,307200.0
False,0.0,0.0,0.0,R2_L1,3,False,haze4k_train_oof,2fd350fb3d17dcf4d3d5b66deb29abcfaf3263c792ecba0435df9a175e289d20,0.0,0.0,0.0,160000.0
False,0.0,0.0,0.0,R2_L1,1,False,haze4k_train_oof,300e5dcc5aa2a71d9c3e8b4196029acb5cb23e54fa5ca8edeb6606790aae19ea,0.0,0.0,0.0,307200.0
False,0.0,0.0,0.0,R2_L1,1,False,haze4k_train_oof,3018b9d6a14938b9d337aa03aaaaf15f7f273eb9440a55f7849a41f639cdd2ef,0.0,0.0,0.0,160000.0
False,0.0,0.0,0.0,R2_L1,3,False,haze4k_train_oof,30370fabda0efebbd58ca7dbbb5a2d61d67e5712984a22848149fa3a4ff490c9,0.0,0.0,0.0,160000.0
False,0.0,0.0,0.0,R2_L1,1,False,haze4k_train_oof,304946f0881cecfefb1b44aec992c4b7fdc47d2cf4ccfd88da237acd8284db0d,0.0,0.0,0.0,307200.0
False,0.0,0.0,0.0,R2_L1,0,False,haze4k_train_oof,3072b111d4220fe8d065984a22cdca61fc7090198fe4a95d7c3fd330371aedfc,0.0,0.0,0.0,160000.0
False,0.0,0.0,0.0,R2_L1,1,False,haze4k_train_oof,3083efbe6596e6edb39c8daa87753e53778364a4645df0bff8acbe2f146fcda6,0.0,0.0,0.0,160000.0
False,0.0,0.0,0.0,R2_L1,4,False,haze4k_train_oof,30fca3a0ee7fec5d9d31d1ed0a7bf147fc864cffdb90e72d97e091b4d3aeb858,0.0,0.0,0.0,160000.0
False,0.0,0.0,0.0,R2_L1,0,False,haze4k_train_oof,3128516f11a858fc172444ef4a2b70fa2bb26fa39a72c0dfed68e38712316442,0.0,0.0,0.0,307200.0
False,0.0,0.0,0.0,R2_L1,2,False,haze4k_train_oof,31410ceae4c381ddd0527459a1632c44feaec19e6c22f419fb5220e68ff78535,0.0,0.0,0.0,160000.0
False,0.0,0.0,0.0,R2_L1,4,False,haze4k_train_oof,3176fb7dc49a53d16a6a22e695a9ea9ac4cb4f91bf13d832535620c79f65643b,0.0,0.0,0.0,307200.0
False,0.0,0.0,0.0,R2_L1,3,False,haze4k_train_oof,322d98ebef795041d57e7fc5d79b6e8bd850aede12726f340b1986b848d5a1b2,0.0,0.0,0.0,307200.0
False,0.0,0.0,0.0,R2_L1,3,False,haze4k_train_oof,328661fb79bbe9936dc9f212388521be5d330136704b2835eb4462d927cda7c9,0.0,0.0,0.0,160000.0
False,0.0,0.0,0.0,R2_L1,0,False,haze4k_train_oof,333d5290068bc04a1823668e71157f7883b0ae8f5370bca9e1351e5c96505aa8,0.0,0.0,0.0,307200.0
False,0.0,0.0,0.0,R2_L1,2,False,haze4k_train_oof,33c637904fa6d9429f7f7a938716934e8b465978629cd278893c96cff5945eb3,0.0,0.0,0.0,307200.0
False,0.0,0.0,0.0,R2_L1,0,False,haze4k_train_oof,34804f193160353663a87770603c14edcbd32d3409fa95d1f00a5bd2618f3b9b,0.0,0.0,0.0,160000.0
False,0.0,0.0,0.0,R2_L1,2,False,haze4k_train_oof,34c3067e3518a3c4f1d05dae865fe6ff21309c6dd9029c90a564c1dfe8eee8ea,0.0,0.0,0.0,160000.0
False,0.0,0.0,0.0,R2_L1,0,False,haze4k_train_oof,358b0399b6ab7a8c2974816e308a04ebe4f373571e218ba33b59ca795e6fc838,0.0,0.0,0.0,160000.0
False,0.0,0.0,0.0,R2_L1,3,False,haze4k_train_oof,35f91cf0fda25fadb3889731d1e2f024c021dc0f05773ba7cddf69f91c678470,0.0,0.0,0.0,160000.0
False,0.0,0.0,0.0,R2_L1,0,False,haze4k_train_oof,36ac9bc43062cbcbfe5027dd1596866090fc149923e937ed797a91f3c777aa75,0.0,0.0,0.0,307200.0
False,0.0,0.0,0.0,R2_L1,4,False,haze4k_train_oof,3807a870f2615fcef2d26d1bc5ac59b7062ec9efde9f995dab40375bfeb8908d,0.0,0.0,0.0,160000.0
False,0.0,0.0,0.0,R2_L1,4,False,haze4k_train_oof,383e52b38e409d2b8ddc6cb01a09733e736d23a9a1012c8b699ad1c9ac3118f4,0.0,0.0,0.0,307200.0
False,0.0,0.0,0.0,R2_L1,0,False,haze4k_train_oof,3843d5c0b17ad91f8e087389572c1c4bd4f53c22ee81be10a12f4a66a6b6b197,0.0,0.0,0.0,160000.0
False,0.0,0.0,0.0,R2_L1,4,False,haze4k_train_oof,38d19ba9db4ce3c22b6be8b767873f282950193a830d2eee58fd7f7e684ce57d,0.0,0.0,0.0,307200.0
False,0.0,0.0,0.0,R2_L1,0,False,haze4k_train_oof,399ec3a6c7f4e7997a5299c3dd16fec0f18c6324107174f65c58e0ef0400f1b2,0.0,0.0,0.0,307200.0
False,0.0,0.0,0.0,R2_L1,2,False,haze4k_train_oof,39b3437baf3110c4f112d0fe0e84dcbe94854dd50d88d81e130bc4a7c66bbeba,0.0,0.0,0.0,160000.0
False,0.0,0.0,0.0,R2_L1,1,False,haze4k_train_oof,3a1a5286066029417afe19f2409e96b5d6799134ba8a184f7b262f938726b24e,0.0,0.0,0.0,307200.0
False,0.0,0.0,0.0,R2_L1,4,False,haze4k_train_oof,3b5f4022bee90a8d5d4701329f79ec5e1ae20c81722a006b4f9a8004f19d54e2,0.0,0.0,0.0,160000.0
False,0.0,0.0,0.0,R2_L1,4,False,haze4k_train_oof,3bf1ba6099edaea2ccc6f471d8d77b0266e2bea42f4bbfabd760ccee570abd10,0.0,0.0,0.0,307200.0
False,0.0,0.0,0.0,R2_L1,3,False,haze4k_train_oof,3c0525f4e5fb9f3017707297d95c20d43c67db3529b3cebb2323930d32da0abd,0.0,0.0,0.0,307200.0
False,0.0,0.0,0.0,R2_L1,3,False,haze4k_train_oof,3c97994dc4fc9fd15974185924164891c697863f37143f85f5c82a0a520882b2,0.0,0.0,0.0,307200.0
False,0.0,0.0,0.0,R2_L1,3,False,haze4k_train_oof,3cd981bf817d97b56e27ba1114867c7927c55c1a14534e88eb000d2088ce6d6d,0.0,0.0,0.0,160000.0
False,0.0,0.0,0.0,R2_L1,2,False,haze4k_train_oof,3d1c3a0babe1d555ba4bce5c0f39e8de87509dcfb8a46fa2c511b50a012efd76,0.0,0.0,0.0,307200.0
False,0.0,0.0,0.0,R2_L1,3,False,haze4k_train_oof,3dfc1c08dd38a7766aeaff898d826f4c666bec693dc9b74d19b713a1f7bd119b,0.0,0.0,0.0,307200.0
False,0.0,0.0,0.0,R2_L1,0,False,haze4k_train_oof,3e7e3fa19e2770a7f7bb6f3b3cb6ef3a331671f39b36f21e9b4d8354d523ec54,0.0,0.0,0.0,307200.0
False,0.0,0.0,0.0,R2_L1,4,False,haze4k_train_oof,3e82cfa0b082929e52136ae3ca91301be72e24a86647021fa052ee0bd749d3bd,0.0,0.0,0.0,307200.0
False,0.0,0.0,0.0,R2_L1,3,False,haze4k_train_oof,3ea0a236211a1e6654fcc7e49661c9f6b77b9da00f64228f0b4c1acd41ac20d3,0.0,0.0,0.0,160000.0
False,0.0,0.0,0.0,R2_L1,4,False,haze4k_train_oof,3f136de33c542a06b856e6887aa10232cc0012a43ea2478f102346f8d5004cfb,0.0,0.0,0.0,307200.0
False,0.0,0.0,0.0,R2_L1,3,False,haze4k_train_oof,3f29645c0b2224efb3afdfe1e4a9d1d0b4c2f4e048c6d0fc74ae7b86a45fe352,0.0,0.0,0.0,307200.0
False,0.0,0.0,0.0,R2_L1,2,False,haze4k_train_oof,3faefcc29492d1f97091150c746792ca1f4ea2ae4ff9300b1b9e40d0dd007a6c,0.0,0.0,0.0,160000.0
False,0.0,0.0,0.0,R2_L1,4,False,haze4k_train_oof,40a620f0a4cf5a5bb63f7de0c8543d90f510916ddd94e91b7ecf422eeb3878f3,0.0,0.0,0.0,160000.0
False,0.0,0.0,0.0,R2_L1,0,False,haze4k_train_oof,4101b571cc87432f73727a2b2b9ed100a2c8959a8e28388e35f64338a9173324,0.0,0.0,0.0,160000.0
False,0.0,0.0,0.0,R2_L1,1,False,haze4k_train_oof,415ccf5b0f87616be2041e76ad7d07dfaf3237309b84dc31622167cb7ec8ce43,0.0,0.0,0.0,307200.0
False,0.0,0.0,0.0,R2_L1,3,False,haze4k_train_oof,416a485d2821601277c36b7ca43505e6b4b9d3750eda1c500988fd2fb65c3fcd,0.0,0.0,0.0,307200.0
False,0.0,0.0,0.0,R2_L1,0,False,haze4k_train_oof,42e3a952dcd305ac308978765f88c0346b267dc638dee48108f5d2840897bfcd,0.0,0.0,0.0,307200.0
False,0.0,0.0,0.0,R2_L1,4,False,haze4k_train_oof,4376e7a832ec23e5fa71673b32989119398e46ad3161c686f79957d39671f015,0.0,0.0,0.0,307200.0
False,0.0,0.0,0.0,R2_L1,2,False,haze4k_train_oof,43e852b91befd21bff368a0d57405ab136db15623f818aeb1fa7b53391374f9e,0.0,0.0,0.0,160000.0
False,0.0,0.0,0.0,R2_L1,0,False,haze4k_train_oof,441c490528125020d260dd4ec34b9f30af8a79d886e7bb83ceae1037d909c6d8,0.0,0.0,0.0,160000.0
False,0.0,0.0,0.0,R2_L1,0,False,haze4k_train_oof,449ed095fe118c741d536ca38dae7c53685e459f9fa5320870f82cd2a926b80b,0.0,0.0,0.0,160000.0
False,0.0,0.0,0.0,R2_L1,3,False,haze4k_train_oof,451be166afa9391d0d8077769c169f919614edb04d3d24c149eabb3d8785750c,0.0,0.0,0.0,307200.0
False,0.0,0.0,0.0,R2_L1,4,False,haze4k_train_oof,45b2ede5f17d30e61952ea19c211847316b97725bc58115f04774ce7f14287b4,0.0,0.0,0.0,160000.0
False,0.0,0.0,0.0,R2_L1,2,False,haze4k_train_oof,46d09b99225c2ecf518ddc65e45c72999f0df4de6a1ea7fe8b3ecb854d2f8147,0.0,0.0,0.0,307200.0
False,0.0,0.0,0.0,R2_L1,4,False,haze4k_train_oof,46e0dec842296df74c77ce82de1071e20bb783ff31280028db4488602a1ec1b2,0.0,0.0,0.0,307200.0
False,0.0,0.0,0.0,R2_L1,3,False,haze4k_train_oof,47b1617f15286dd6ad335526cce559449db6eb8fa2b5385c0db83c2cd1b0debe,0.0,0.0,0.0,160000.0
False,0.0,0.0,0.0,R2_L1,4,False,haze4k_train_oof,48ebc87fb77eeb80737bf90f5e0b74e6af7eb5184301b3ecafe79bb2bb9c8288,0.0,0.0,0.0,160000.0
False,0.0,0.0,0.0,R2_L1,1,False,haze4k_train_oof,493026245aebe21f963b9f49955f7ac979682dc58cda8a9dffc71b4546321282,0.0,0.0,0.0,160000.0
False,0.0,0.0,0.0,R2_L1,1,False,haze4k_train_oof,49a0daba0f198db64c31e46433ef1be1d48da7d79dee6852ed5758d5867e00d1,0.0,0.0,0.0,160000.0
False,0.0,0.0,0.0,R2_L1,1,False,haze4k_train_oof,49e16f4558e14a8958f01994caf3e75f878807266c979a29705c4e9c143536ed,0.0,0.0,0.0,307200.0
False,0.0,0.0,0.0,R2_L1,2,False,haze4k_train_oof,49ee501d0c5d43957648a0a795a8d69f78fe4be0d372f955ecceb3b118b7e3b6,0.0,0.0,0.0,160000.0
False,0.0,0.0,0.0,R2_L1,2,False,haze4k_train_oof,4a1271ee576cecc3ec53f282449c4246db06bbc20d5835ded804ecabde755b82,0.0,0.0,0.0,160000.0
False,0.0,0.0,0.0,R2_L1,0,False,haze4k_train_oof,4a80cd9b7810c4b63099061c924d4be0874a0da9536e5b962c2a06beb6ed62ab,0.0,0.0,0.0,160000.0
False,0.0,0.0,0.0,R2_L1,2,False,haze4k_train_oof,4accb1594114cd0724da8907066f655a2771d7d6e4fdd99729fd4f9f88998d9f,0.0,0.0,0.0,307200.0
False,0.0,0.0,0.0,R2_L1,4,False,haze4k_train_oof,4b23fdf174c5f318e0ed32e696cb2d7e0c50080892a335d29fb3102790285bd5,0.0,0.0,0.0,160000.0
False,0.0,0.0,0.0,R2_L1,1,False,haze4k_train_oof,4b6713442dc366af2b16f3b24af9190b41fe44f680fbd16d9e6d28a7ae2eb616,0.0,0.0,0.0,307200.0
False,0.0,0.0,0.0,R2_L1,0,False,haze4k_train_oof,4c6a769034237efcd481bf6b1d2ed18b1a71634cf1863087c2072865b45fdfca,0.0,0.0,0.0,307200.0
False,0.0,0.0,0.0,R2_L1,4,False,haze4k_train_oof,4cce2d2c0b9aa2a275e6b701d54a63e98227fe103945a14ce0d515e9884b22fd,0.0,0.0,0.0,307200.0
False,0.0,0.0,0.0,R2_L1,4,False,haze4k_train_oof,4d6939de46bf1f7a07d678bf2663ada5c8b5e5042e2740e7f10ab290daa8663a,0.0,0.0,0.0,160000.0
False,0.0,0.0,0.0,R2_L1,2,False,haze4k_train_oof,4d81c0737779e521fcee9bf5ee6465726cb356aeb10085cc1b7d4d0e337135ca,0.0,0.0,0.0,160000.0
False,0.0,0.0,0.0,R2_L1,2,False,haze4k_train_oof,4dc7a399ec5a052526fb1024f7e234c76f46731be82eb7fd5799a7c5ef68ef61,0.0,0.0,0.0,307200.0
False,0.0,0.0,0.0,R2_L1,2,False,haze4k_train_oof,4e126a5de0cc0d50fb0bd8ce1c36015f915fba2e20487a6ab456e6c6da844094,0.0,0.0,0.0,307200.0
False,0.0,0.0,0.0,R2_L1,1,False,haze4k_train_oof,4e3ab41a825a5898f99ca7a1cf745d7a0e05a4d076ccb1f432f3189147a687f6,0.0,0.0,0.0,307200.0
False,0.0,0.0,0.0,R2_L1,2,False,haze4k_train_oof,4e41e8b7bb634f1acf69fba73c6531e2337b6bdbd98cd5460a1d139ac6db2072,0.0,0.0,0.0,160000.0
False,0.0,0.0,0.0,R2_L1,3,False,haze4k_train_oof,4e43a41b0a8a9909629d63fdb46d020a778d6d763fb50cc4b59dca746cff3968,0.0,0.0,0.0,160000.0
False,0.0,0.0,0.0,R2_L1,1,False,haze4k_train_oof,4ef1d171649e8ffcfa458e74476563e69ed009e5eb5e2e093af3446c9b33ddf6,0.0,0.0,0.0,307200.0
False,0.0,0.0,0.0,R2_L1,4,False,haze4k_train_oof,4f5baa217ab096ae7db2ceee1c6ab359b304c2adc3577776459846f2035ac20b,0.0,0.0,0.0,160000.0
False,0.0,0.0,0.0,R2_L1,3,False,haze4k_train_oof,4f66b600facb88c6ed4a605468d995d2800d88aff409fd83a7665dab474dd2b7,0.0,0.0,0.0,307200.0
False,0.0,0.0,0.0,R2_L1,0,False,haze4k_train_oof,4f6f14819999fff8316f4a4f9c9adeccd35f9d9824822d33341b916ed72d7400,0.0,0.0,0.0,160000.0
False,0.0,0.0,0.0,R2_L1,4,False,haze4k_train_oof,4feea785f6d2db2b8703788656eb6838c7da00a573dd33d579b3c9b2b1330159,0.0,0.0,0.0,160000.0
False,0.0,0.0,0.0,R2_L1,2,False,haze4k_train_oof,5029e9f7a89cfa7662e2446347becc107c471f00562c320c64bfe2f07c8bd231,0.0,0.0,0.0,307200.0
False,0.0,0.0,0.0,R2_L1,1,False,haze4k_train_oof,50a75e0d45cb36427196ba6110163c57df135cb4a2912720354926ce07c5ff5d,0.0,0.0,0.0,307200.0
False,0.0,0.0,0.0,R2_L1,4,False,haze4k_train_oof,50c7a1890d042eddb1d3164abd637f58ac4bd6445dc04edc21e4bc8864a611fb,0.0,0.0,0.0,160000.0
False,0.0,0.0,0.0,R2_L1,2,False,haze4k_train_oof,51ae9b406bed57c9b426a31ca33c0d7701290e712b94201a12ce9d93baca21e9,0.0,0.0,0.0,160000.0
False,0.0,0.0,0.0,R2_L1,2,False,haze4k_train_oof,51f547879a601d6d0e2a2d66ec3b5f9958e1fc4ed8298a96061d4eaa219a138f,0.0,0.0,0.0,307200.0
False,0.0,0.0,0.0,R2_L1,4,False,haze4k_train_oof,5228083f159b2143596305986633d0e05b9c3e8bafe6f7a3b72534ccb40137f6,0.0,0.0,0.0,307200.0
False,0.0,0.0,0.0,R2_L1,2,False,haze4k_train_oof,52327328cc0c9b8b8d025ee80df237f07a2d5491a0cfbd8ef82aab9a1976bbfe,0.0,0.0,0.0,307200.0
False,0.0,0.0,0.0,R2_L1,2,False,haze4k_train_oof,52bf090289e3d31ec51603f785e61c9d2f8d7a7b7c3f046b0ef4bb9be3bc193a,0.0,0.0,0.0,160000.0
False,0.0,0.0,0.0,R2_L1,2,False,haze4k_train_oof,531d07e25bf5fe2ffb9ca49d25bf7794c3fcbc69b2507127679ca8e6c88ea43c,0.0,0.0,0.0,307200.0
False,0.0,0.0,0.0,R2_L1,4,False,haze4k_train_oof,5383c4da25181de9478469577f155f617593fa780c13ff9a6857b7ad6d159c0e,0.0,0.0,0.0,160000.0
False,0.0,0.0,0.0,R2_L1,3,False,haze4k_train_oof,53bc77eb29e6a03dd9d4288cd922346af22ddf9be3a52e2af1acb8ad88bdb1c9,0.0,0.0,0.0,160000.0
False,0.0,0.0,0.0,R2_L1,2,False,haze4k_train_oof,53e43ce1504c88816042c9b451a7bfd20ce35b14998165861a184b0676cad9ac,0.0,0.0,0.0,307200.0
False,0.0,0.0,0.0,R2_L1,4,False,haze4k_train_oof,546c863270049e1fb63954fad16081553fc75186582afea1ad75cbdb3794ab9a,0.0,0.0,0.0,160000.0
False,0.0,0.0,0.0,R2_L1,2,False,haze4k_train_oof,54ab08d208da44042205ddc0cedc24ec265e73d339861e323f1a3de28cce2ae1,0.0,0.0,0.0,307200.0
False,0.0,0.0,0.0,R2_L1,4,False,haze4k_train_oof,562f73418fcb1c082b92d2e033a0befa576ca0962bdf568800c56afb6bf28f08,0.0,0.0,0.0,160000.0
False,0.0,0.0,0.0,R2_L1,0,False,haze4k_train_oof,569e701859aa8c694ed932e69ff437301a50911edfd8eb4e3bf5bbab0af4f200,0.0,0.0,0.0,160000.0
False,0.0,0.0,0.0,R2_L1,3,False,haze4k_train_oof,572848e2d0491e6b2e84c981bd36990209d3298838fa7ae481ac4a215affcbfd,0.0,0.0,0.0,160000.0
False,0.0,0.0,0.0,R2_L1,0,False,haze4k_train_oof,57354deff07163027b8c2c2f8aa748b0e86d3a44ab26e50119bfba79b440093e,0.0,0.0,0.0,307200.0
False,0.0,0.0,0.0,R2_L1,0,False,haze4k_train_oof,577e05fdcae490267bf2a74ed80854e363c95e439de045d7a13d0fbdc130b6e6,0.0,0.0,0.0,160000.0
False,0.0,0.0,0.0,R2_L1,4,False,haze4k_train_oof,57f2a4d0575a91a452deb73480126f36cfbee2a4b8bc103575e4c242f5fd04fb,0.0,0.0,0.0,307200.0
False,0.0,0.0,0.0,R2_L1,0,False,haze4k_train_oof,58b0b1dc447fac2a8d76fef76d788c930bacdd059fc91ba27c5d74cf80a87ffc,0.0,0.0,0.0,307200.0
False,0.0,0.0,0.0,R2_L1,1,False,haze4k_train_oof,591998cf5c6fe60b5ac27c3930cbced975609cc5a96d576a2dd0e599dac99fc6,0.0,0.0,0.0,307200.0
False,0.0,0.0,0.0,R2_L1,2,False,haze4k_train_oof,598b05801bbff081ca58ad01da60d0332b96c2d5cf246d142a5970f387d26267,0.0,0.0,0.0,307200.0
False,0.0,0.0,0.0,R2_L1,4,False,haze4k_train_oof,5a51a209fd1ee956044b9db987ff9c08ae57565fa6bb9c41d40a854212373ed1,0.0,0.0,0.0,160000.0
False,0.0,0.0,0.0,R2_L1,2,False,haze4k_train_oof,5b093bbbb65bf206bb97ae3e6df9776eaf34b5a4017afa4b6d23e8082af3a4c7,0.0,0.0,0.0,307200.0
False,0.0,0.0,0.0,R2_L1,0,False,haze4k_train_oof,5db565cdc75904e3e94aa472d24afeb852fde64250584ee94abcdfeb20ab988f,0.0,0.0,0.0,160000.0
False,0.0,0.0,0.0,R2_L1,2,False,haze4k_train_oof,5f04e28fd1af155ff1ee0465d88aa903476adf8fff621837ad9da981f7ee34cc,0.0,0.0,0.0,307200.0
False,0.0,0.0,0.0,R2_L1,0,False,haze4k_train_oof,5f460bd8367781bb34b5189fd681818c8b1b49a1433851366b3b990c8017f603,0.0,0.0,0.0,160000.0
False,0.0,0.0,0.0,R2_L1,3,False,haze4k_train_oof,602d55cc1d86785f48640db75884b0fd9072c76195760937786f6c55daed740e,0.0,0.0,0.0,160000.0
False,0.0,0.0,0.0,R2_L1,1,False,haze4k_train_oof,605f2c4906d33002548b08e4961df6c98f7d47ff662766ad37b22f239e8c8786,0.0,0.0,0.0,307200.0
False,0.0,0.0,0.0,R2_L1,2,False,haze4k_train_oof,6067e8d6dd7ca4448ad6fa927b1aed2a7dc4cb62fd8a4e0603238899c37d978f,0.0,0.0,0.0,160000.0
False,0.0,0.0,0.0,R2_L1,0,False,haze4k_train_oof,60932dc9acc1198e0ce640b18b8e1bda5151d372d2798445650b3e6bfbc4b499,0.0,0.0,0.0,307200.0
False,0.0,0.0,0.0,R2_L1,4,False,haze4k_train_oof,61ceb4901e3dcd14742bef9822b14a94792a90858075e1bf784364fd58c93f87,0.0,0.0,0.0,307200.0
False,0.0,0.0,0.0,R2_L1,1,False,haze4k_train_oof,61e21773747898ccf99b51edbecf7c5e444bb53d22cee71b26ec38a659ed2878,0.0,0.0,0.0,160000.0
False,0.0,0.0,0.0,R2_L1,0,False,haze4k_train_oof,620485df1402d8457b4232ab1ba0db79404f8aa7c24a08fae84c92f6e36e29ec,0.0,0.0,0.0,307200.0
False,0.0,0.0,0.0,R2_L1,1,False,haze4k_train_oof,62b7b118631140d956f56e34d7455c6c8130c84dfeaf750a66889ed444fffa45,0.0,0.0,0.0,307200.0
False,0.0,0.0,0.0,R2_L1,2,False,haze4k_train_oof,6355a9f79ab8b5f9c00756352c83e487464dfa55b6f957868d1a7c0ca2a57000,0.0,0.0,0.0,160000.0
False,0.0,0.0,0.0,R2_L1,4,False,haze4k_train_oof,63c206aa75800458197314d5f60504efc0653a174a9aa2f26b31c372d92bce6e,0.0,0.0,0.0,307200.0
False,0.0,0.0,0.0,R2_L1,1,False,haze4k_train_oof,63c4f3a74c92bda49e8be261dc37af9b9c1e0ee3b4bbf60ea2aee9b313c5e020,0.0,0.0,0.0,307200.0
False,0.0,0.0,0.0,R2_L1,3,False,haze4k_train_oof,63ce8017c6ea5eb371ccecb29d0bc409ddefc91b6bdb9d8a0db5716a26b1982d,0.0,0.0,0.0,160000.0
False,0.0,0.0,0.0,R2_L1,4,False,haze4k_train_oof,640553af7637485a83bd2c160da987a7a0d4822d2a73d8a1f5ca0d43158ae8ee,0.0,0.0,0.0,307200.0
False,0.0,0.0,0.0,R2_L1,0,False,haze4k_train_oof,64a36634fdca1fede0387c1cf85783a90d77bd00f450f323db9a60559ff81692,0.0,0.0,0.0,160000.0
False,0.0,0.0,0.0,R2_L1,0,False,haze4k_train_oof,6545112f375c040a63e8234d3bce2bb194a598b0fd6a3f0f53489cad961d3a2f,0.0,0.0,0.0,160000.0
False,0.0,0.0,0.0,R2_L1,4,False,haze4k_train_oof,657fd10f819cc3287b7324bf8365d8b6c344e665317d72623911eb0624f2e9a3,0.0,0.0,0.0,307200.0
False,0.0,0.0,0.0,R2_L1,1,False,haze4k_train_oof,65954cd460d901af038d9da18e0f05b5e25e730d7581f8f7c37369a1f392e0c3,0.0,0.0,0.0,160000.0
False,0.0,0.0,0.0,R2_L1,0,False,haze4k_train_oof,65d267b0a080dd5029ce4454acb6e113656114e4f880825a91805fe6c09445f0,0.0,0.0,0.0,307200.0
False,0.0,0.0,0.0,R2_L1,2,False,haze4k_train_oof,664957188cd419e5c1715c3f4576480b24ad104b1412d952c20a8e36f158f0ef,0.0,0.0,0.0,307200.0
False,0.0,0.0,0.0,R2_L1,1,False,haze4k_train_oof,664eaaf3ab514b305ad399bdb672846985edab4d013e60ff7cee05bc97f504c5,0.0,0.0,0.0,160000.0
False,0.0,0.0,0.0,R2_L1,3,False,haze4k_train_oof,6691c3680844281ed6acfb71e35d3b47909dc779ba1c27adf4314845baa0d1f9,0.0,0.0,0.0,160000.0
False,0.0,0.0,0.0,R2_L1,3,False,haze4k_train_oof,67158f53227e8cbf1866dd620da410160bdbaabe55444bb906e564b3a96aa67a,0.0,0.0,0.0,160000.0
False,0.0,0.0,0.0,R2_L1,3,False,haze4k_train_oof,679cd08133ad96a6033ea5cae71b65edbbe47dd35e1949331f730679e86fd3cc,0.0,0.0,0.0,307200.0
False,0.0,0.0,0.0,R2_L1,1,False,haze4k_train_oof,68947890e38fddfc7696ac7cdd69c2951ee69e4439c5613dfc8ef9ec63cf9f34,0.0,0.0,0.0,160000.0
False,0.0,0.0,0.0,R2_L1,0,False,haze4k_train_oof,68e87be69ba379790c34aedd396a8ad20aa26bbee6bcd37dee5c2845fa1fe8b2,0.0,0.0,0.0,307200.0
False,0.0,0.0,0.0,R2_L1,1,False,haze4k_train_oof,690978c6a759003e03d8c02339bffdd94c46dfa1a9dddec669d8168c36f02013,0.0,0.0,0.0,307200.0
False,0.0,0.0,0.0,R2_L1,3,False,haze4k_train_oof,69133263c5b847963effe867a21c7ff0d4d344fe35ca4b1929eaf1f00150543a,0.0,0.0,0.0,307200.0
False,0.0,0.0,0.0,R2_L1,2,False,haze4k_train_oof,692e688d2ec2713843211197ae77097dfa2997d5dff798c8308cebd598489628,0.0,0.0,0.0,307200.0
False,0.0,0.0,0.0,R2_L1,1,False,haze4k_train_oof,694f327ac14d503888aae0ca3522e9cf3ea1e7259d234523b9f886e4bc53bd2c,0.0,0.0,0.0,307200.0
False,0.0,0.0,0.0,R2_L1,3,False,haze4k_train_oof,69dcb2981c18d4291b1027876a572f826bb5d4d944c9e6955647e73437353fc1,0.0,0.0,0.0,160000.0
False,0.0,0.0,0.0,R2_L1,4,False,haze4k_train_oof,69ee017adba07763efca08a723fbee0ed03170968791c1a65fbeb2ca201aa34a,0.0,0.0,0.0,160000.0
False,0.0,0.0,0.0,R2_L1,4,False,haze4k_train_oof,69f6b5e555efe19ed9ccbcba3b8b715ce9b826fa651525e1a49baf149d8cd68f,0.0,0.0,0.0,160000.0
False,0.0,0.0,0.0,R2_L1,1,False,haze4k_train_oof,6a0937ce574d7eb400c81395b9d961ad423ff8a58e7c7c6c112da93d0b62fdde,0.0,0.0,0.0,307200.0
False,0.0,0.0,0.0,R2_L1,3,False,haze4k_train_oof,6afdfbb43c08084f80fb169f25df777a7cf0684e6b8a47d35989c50a17b66ea3,0.0,0.0,0.0,307200.0
False,0.0,0.0,0.0,R2_L1,4,False,haze4k_train_oof,6b18e8446a01367345755082cf0d3dd0608b08643ed8339f340446791e48c8f4,0.0,0.0,0.0,160000.0
False,0.0,0.0,0.0,R2_L1,2,False,haze4k_train_oof,6b44b628bc71d9af19d367b61f4d64fdcde72d2c8b417374b16712658e235c84,0.0,0.0,0.0,160000.0
False,0.0,0.0,0.0,R2_L1,0,False,haze4k_train_oof,6b56cd305b0e362d83976ce40791174f90851a06bd6aff0510889f0ea776bf1e,0.0,0.0,0.0,160000.0
False,0.0,0.0,0.0,R2_L1,0,False,haze4k_train_oof,6bfb39d73d0c063e8172745c9dd52147a504c66c976c60433f705b94bd253476,0.0,0.0,0.0,160000.0
False,0.0,0.0,0.0,R2_L1,3,False,haze4k_train_oof,6c31572b814625c82ed3baa121162911c0f6535b4fff12eed51c8d0ae5469d6d,0.0,0.0,0.0,160000.0
False,0.0,0.0,0.0,R2_L1,4,False,haze4k_train_oof,6cd520ddfceb5e6c9cf66678811e589aa4afcede7aca1ad8e8fea693ba9188ee,0.0,0.0,0.0,160000.0
False,0.0,0.0,0.0,R2_L1,2,False,haze4k_train_oof,6ce45488f2b8652f281c9d105f8c541e4d019974c4353f535e5088df35484734,0.0,0.0,0.0,160000.0
False,0.0,0.0,0.0,R2_L1,1,False,haze4k_train_oof,6d01f23dbf79c16cb808fa1e46b62961903efe0625690f71c4e44f8360a2a47e,0.0,0.0,0.0,307200.0
False,0.0,0.0,0.0,R2_L1,2,False,haze4k_train_oof,6d03f8169fc54abad2bf8f10446c1ef6e7721da7fc70480a12ba31b034d77cf5,0.0,0.0,0.0,307200.0
False,0.0,0.0,0.0,R2_L1,0,False,haze4k_train_oof,6d58d6df22fc1491bccfb36b498b228803b00a32d765bb206a0ddad57734b8b8,0.0,0.0,0.0,307200.0
False,0.0,0.0,0.0,R2_L1,3,False,haze4k_train_oof,6d6cb8ded763bf55c7d97b59a95fcda33b554ce16618e8ea5adc006fd4da09e9,0.0,0.0,0.0,160000.0
False,0.0,0.0,0.0,R2_L1,1,False,haze4k_train_oof,6dac746b281583fdab71407c1b213dbee4879f11a1619a535c78dd72fff1fa77,0.0,0.0,0.0,160000.0
False,0.0,0.0,0.0,R2_L1,3,False,haze4k_train_oof,6dbbbb540630e29c2539988bc87e457970d38660cec0449d2ba412d00e745fa2,0.0,0.0,0.0,160000.0
False,0.0,0.0,0.0,R2_L1,3,False,haze4k_train_oof,6df28bac0b353afe1664a53f6345bf56407e7d54edb43d1934b9f1bc5466b1d2,0.0,0.0,0.0,307200.0
False,0.0,0.0,0.0,R2_L1,1,False,haze4k_train_oof,6efbdf70b733a1f8b9db793bedb1691fa661783705c0633211c6dd484290e4ec,0.0,0.0,0.0,160000.0
False,0.0,0.0,0.0,R2_L1,2,False,haze4k_train_oof,6fc7a10b9c03fabc33e740d9fa6ca73dd4c3a06278e0270c1a531bb4cf590663,0.0,0.0,0.0,160000.0
False,0.0,0.0,0.0,R2_L1,4,False,haze4k_train_oof,6ffae7e7159189864275ba975c55fd67a2964afad0b0001e42ea6f38fb7b6d64,0.0,0.0,0.0,160000.0
False,0.0,0.0,0.0,R2_L1,3,False,haze4k_train_oof,701b1c34e4d3fc37dddb7f44e063429a5977d6b27d0de0550bdefbf470931715,0.0,0.0,0.0,307200.0
False,0.0,0.0,0.0,R2_L1,2,False,haze4k_train_oof,70a47a3131f333433ac424b8843871eed4f8bec1745d813cf6b605ab80fe9bb8,0.0,0.0,0.0,160000.0
False,0.0,0.0,0.0,R2_L1,4,False,haze4k_train_oof,7102450dc64ae1aaaebf07e06558616b2d3e850d399544cb791246e88f2a38f0,0.0,0.0,0.0,307200.0
False,0.0,0.0,0.0,R2_L1,2,False,haze4k_train_oof,7248866c9b52a37beb266c4aaa3b03d9f44646d2e21f40039c739a99814b44f5,0.0,0.0,0.0,307200.0
False,0.0,0.0,0.0,R2_L1,0,False,haze4k_train_oof,733e13760fb7ca38dbe12c1a5f4205afe1d15b16d9c8f1f9cf57399d02feb21e,0.0,0.0,0.0,160000.0
False,0.0,0.0,0.0,R2_L1,4,False,haze4k_train_oof,73f68eee99b93b3563e947a25f4003032ddeef15c3cb6895fa4e211048235b87,0.0,0.0,0.0,160000.0
False,0.0,0.0,0.0,R2_L1,2,False,haze4k_train_oof,744935fa322c1f9dadc97d4490a7fc0a59bdd1e24a01e1e91fbd807371023590,0.0,0.0,0.0,307200.0
False,0.0,0.0,0.0,R2_L1,2,False,haze4k_train_oof,753535bcbdd05a3839775ba029255047825cdee2b81116196503b0571a6c534a,0.0,0.0,0.0,307200.0
False,0.0,0.0,0.0,R2_L1,4,False,haze4k_train_oof,76089a7afaff5285aa12bdbcae5014ef725f05fbd290a8ee87e67300d1e51621,0.0,0.0,0.0,307200.0
False,0.0,0.0,0.0,R2_L1,0,False,haze4k_train_oof,76c22ad7527c601b7a295806c0711e9dd420567a09a8cd48600135c09dbe8e7a,0.0,0.0,0.0,160000.0
False,0.0,0.0,0.0,R2_L1,1,False,haze4k_train_oof,76cf21b8d9c6079589928731cab63594076c3f8f6cab4fb766dc2a3681ae6e82,0.0,0.0,0.0,307200.0
False,0.0,0.0,0.0,R2_L1,4,False,haze4k_train_oof,7709577876fe832f097d4727e0df309c00caf50fa5dbe6619ca4066bf888a7a8,0.0,0.0,0.0,307200.0
False,0.0,0.0,0.0,R2_L1,4,False,haze4k_train_oof,77db3f4df8bb29443f4af49108ba8f261f80bb44695d4bdc2873036e348f4283,0.0,0.0,0.0,307200.0
False,0.0,0.0,0.0,R2_L1,4,False,haze4k_train_oof,77fc8f77e107190b2fa6fac37f12369b58119000e79fabc2728306c3b5e34de7,0.0,0.0,0.0,307200.0
False,0.0,0.0,0.0,R2_L1,2,False,haze4k_train_oof,78b8ac8168fece8ff053f814d839fc52ff4dec4b3ed12ac1f5bc1fcf4552c068,0.0,0.0,0.0,160000.0
False,0.0,0.0,0.0,R2_L1,4,False,haze4k_train_oof,7914c0e2a3161b7cdde0f7754d4e5fc7e8658bf371bd5a2c2662af68191ef50a,0.0,0.0,0.0,307200.0
False,0.0,0.0,0.0,R2_L1,1,False,haze4k_train_oof,792d5402357e7a13bec380581301fabbe4c6a33b5970eedf3af6e88380dc523b,0.0,0.0,0.0,307200.0
False,0.0,0.0,0.0,R2_L1,2,False,haze4k_train_oof,79df11faa27e37c18d8f1f6d4403d6a24a32f5e2f4414c68bc74ac4c8c2f2e4b,0.0,0.0,0.0,160000.0
False,0.0,0.0,0.0,R2_L1,2,False,haze4k_train_oof,79ea6f8419015dcd3eccc01364468f0e17a2614bf86eccb96af7617d3c6cbd00,0.0,0.0,0.0,307200.0
False,0.0,0.0,0.0,R2_L1,0,False,haze4k_train_oof,79ff97f0c7cfa47a98e61f6134f702e8e3ca1e90ae38f6e1583cb1050c72c086,0.0,0.0,0.0,307200.0
False,0.0,0.0,0.0,R2_L1,0,False,haze4k_train_oof,7a1ffd83c8fb707cb31700b616819bb7983a16aa5327a38538412b6dea44085c,0.0,0.0,0.0,160000.0
False,0.0,0.0,0.0,R2_L1,1,False,haze4k_train_oof,7a3c6712abe6a999204b4ec8a13dc3664fee1af12ed5f0c7bcd5fccf79f05504,0.0,0.0,0.0,307200.0
False,0.0,0.0,0.0,R2_L1,0,False,haze4k_train_oof,7a3d95f55c2fae48a33c4273b4b306f9e31f6910430b20de861e0d5c31fbb046,0.0,0.0,0.0,307200.0
False,0.0,0.0,0.0,R2_L1,4,False,haze4k_train_oof,7a4f4cc0d7cbcbf3228782e4ddf8cfde96278b37534e8f9ccf39ffb9c4781281,0.0,0.0,0.0,160000.0
False,0.0,0.0,0.0,R2_L1,4,False,haze4k_train_oof,7a58290aefe195e5438a2f33cc2b2c976adba62b6c131c274d6a297e6701906c,0.0,0.0,0.0,307200.0
False,0.0,0.0,0.0,R2_L1,2,False,haze4k_train_oof,7a6d7af3e9dc7ed2739b1351d592fb927a349fb708d935e1415621732e8ef0ae,0.0,0.0,0.0,160000.0
False,0.0,0.0,0.0,R2_L1,2,False,haze4k_train_oof,7bfc28c104b197ce4c85b4bb71253c412c82fa7fd73786b7edf778e917dfca72,0.0,0.0,0.0,307200.0
False,0.0,0.0,0.0,R2_L1,2,False,haze4k_train_oof,7c01862576061fbf113bd4b99a310b270f910b4ce0923211a361fa1a4fd07ba1,0.0,0.0,0.0,160000.0
False,0.0,0.0,0.0,R2_L1,0,False,haze4k_train_oof,7c4a8f06578e65e0a7653360016408c38d060608f77472ae071d58f4f4244866,0.0,0.0,0.0,160000.0
False,0.0,0.0,0.0,R2_L1,2,False,haze4k_train_oof,7d3e17d5de7dcc9d653b8051789236bcaa05976bdb6aeac183926f27e84248b1,0.0,0.0,0.0,307200.0
False,0.0,0.0,0.0,R2_L1,0,False,haze4k_train_oof,7d731c149ef3b09538a1a8e640cc65f45654c3e9c3f7bbd2e1b115cfb165a38d,0.0,0.0,0.0,160000.0
False,0.0,0.0,0.0,R2_L1,1,False,haze4k_train_oof,7de755a0b1f04df72cbf695fe3f81e615bbf2bf20d1de81acb6944010d4a8225,0.0,0.0,0.0,160000.0
False,0.0,0.0,0.0,R2_L1,1,False,haze4k_train_oof,7f730aeb4fde9d1c196f9ed89f76044b1f92753203a3c1917612e1b9ce4e260e,0.0,0.0,0.0,160000.0
False,0.0,0.0,0.0,R2_L1,3,False,haze4k_train_oof,7fa0a1705cec67d7898a4e667766d380cf7810ecfba07ec2cfc84380660c5695,0.0,0.0,0.0,160000.0
False,0.0,0.0,0.0,R2_L1,3,False,haze4k_train_oof,7fc68746e532567371f94aa49a646468505c321061c1a40bc7b386ad0428ca67,0.0,0.0,0.0,160000.0
False,0.0,0.0,0.0,R2_L1,3,False,haze4k_train_oof,7fd1e04059131edbdf03474cf3e15b7e2f07c09c99b4c2194ecb60532fe7c92c,0.0,0.0,0.0,307200.0
False,0.0,0.0,0.0,R2_L1,2,False,haze4k_train_oof,7ffb1308971f698e297edbcab42fe05bc595660317a9e98041dd17c9207d7c63,0.0,0.0,0.0,160000.0
False,0.0,0.0,0.0,R2_L1,3,False,haze4k_train_oof,806b25ec9a81adb739250228fbd53b478c62af523d28a3aca356fe2e8d21c058,0.0,0.0,0.0,307200.0
False,0.0,0.0,0.0,R2_L1,3,False,haze4k_train_oof,806b3e09dd983032ec43ecd16903d598c8df5c2c7de70b007c3fda5ed2a270cf,0.0,0.0,0.0,160000.0
False,0.0,0.0,0.0,R2_L1,0,False,haze4k_train_oof,816b229fcb45a83f807b8873701cf0e9fb619f432b93ec1dedd6d27393baa480,0.0,0.0,0.0,307200.0
False,0.0,0.0,0.0,R2_L1,3,False,haze4k_train_oof,819ba4f5714c5d7c6aba9036e517862898d430423bc510f9f7438dfe84ea2b84,0.0,0.0,0.0,160000.0
False,0.0,0.0,0.0,R2_L1,1,False,haze4k_train_oof,8251c19cf4f7a148679c30e15fe864ccbb9712803ddf53e9ca31a2c99209ae7c,0.0,0.0,0.0,160000.0
False,0.0,0.0,0.0,R2_L1,0,False,haze4k_train_oof,827eefd66bb191d36dfdf73a9d147c0a277f9449d4457b26dfba3ecf20ebc110,0.0,0.0,0.0,307200.0
False,0.0,0.0,0.0,R2_L1,1,False,haze4k_train_oof,82fe83ab088167daf2922e947ff2c6f8613364354ebd25487aba66e04304c337,0.0,0.0,0.0,307200.0
False,0.0,0.0,0.0,R2_L1,0,False,haze4k_train_oof,83b32ff23d52914eb52a128b0ad4034f6539fc4b102f371738226e9e44801bbc,0.0,0.0,0.0,160000.0
False,0.0,0.0,0.0,R2_L1,1,False,haze4k_train_oof,84a561a0ab6e4d9b99c4c0391082e291c67a3665e102ad2e8af1ca2df7ac957d,0.0,0.0,0.0,307200.0
False,0.0,0.0,0.0,R2_L1,2,False,haze4k_train_oof,84ef3560c9801e90790b4b335839b3218553fb5cf9118b321a1fbfd07d284535,0.0,0.0,0.0,307200.0
False,0.0,0.0,0.0,R2_L1,4,False,haze4k_train_oof,85b5c2ae2ee25118c296965fbc5602ea038d458ece34c7cdedfefcb1b051904c,0.0,0.0,0.0,160000.0
False,0.0,0.0,0.0,R2_L1,4,False,haze4k_train_oof,86ba05f81bcd55a6f4ac8c553aadb3253789f32b32225b80f28b8db6ab6e5525,0.0,0.0,0.0,160000.0
False,0.0,0.0,0.0,R2_L1,1,False,haze4k_train_oof,86d1bd51ce3550c45760e09187802212e85d26f388274566e26e004721e46ca2,0.0,0.0,0.0,160000.0
False,0.0,0.0,0.0,R2_L1,2,False,haze4k_train_oof,8710b6ba1cc1a2fc5677da32041192f1e54e835f60d2bb625cc8ade839009ebb,0.0,0.0,0.0,160000.0
False,0.0,0.0,0.0,R2_L1,2,False,haze4k_train_oof,8762650cb6c9c7779b73b91cfd0e95d1bb069081a332374b32b0a1d9e21c7b40,0.0,0.0,0.0,307200.0
False,0.0,0.0,0.0,R2_L1,2,False,haze4k_train_oof,8800496f765287f1ab0b871e88b8474415d43a9121de66f1ff88dd6e7e6564ec,0.0,0.0,0.0,307200.0
False,0.0,0.0,0.0,R2_L1,0,False,haze4k_train_oof,88b33680284b974fa907d98294d5c10768e6683f1d480cd85c3a5155d7f623e3,0.0,0.0,0.0,160000.0
False,0.0,0.0,0.0,R2_L1,2,False,haze4k_train_oof,8946c58956d7f9ad3ad839c0e0e61bc8047a1e4f9d7a28c939fec989a05598ba,0.0,0.0,0.0,160000.0
False,0.0,0.0,0.0,R2_L1,2,False,haze4k_train_oof,895668993e737172fd0a09b5e533b290e6334cd96728a2a01748fad2a7c6f6f7,0.0,0.0,0.0,307200.0
False,0.0,0.0,0.0,R2_L1,4,False,haze4k_train_oof,89a3543a9d6f8c6c5f0ecb42f1d0a0af4538d1a8292a8705935d46132b7b8a58,0.0,0.0,0.0,307200.0
False,0.0,0.0,0.0,R2_L1,1,False,haze4k_train_oof,8a44023a6501d7cdf36909a14cdfb3c28b7d06e99d8b4a5a25810f9308d6791a,0.0,0.0,0.0,160000.0
False,0.0,0.0,0.0,R2_L1,0,False,haze4k_train_oof,8aac8180b8476eaf03acd87529f8fc74b26f8e257a81375710c199a370b5ad96,0.0,0.0,0.0,307200.0
False,0.0,0.0,0.0,R2_L1,1,False,haze4k_train_oof,8aace6cefda25eeb2b3bfa498367180bd35ee5b6059e67d0cb99ed863a3d3fb7,0.0,0.0,0.0,160000.0
False,0.0,0.0,0.0,R2_L1,1,False,haze4k_train_oof,8bcbf52ef08445cd1a61867641f69917d09d778427ea785fc270808e20cdc35f,0.0,0.0,0.0,160000.0
False,0.0,0.0,0.0,R2_L1,3,False,haze4k_train_oof,8c2aea5b4915bcfae4965820c1e20ecff29f38f0f109b338b0e1776d9d4670c6,0.0,0.0,0.0,160000.0
False,0.0,0.0,0.0,R2_L1,4,False,haze4k_train_oof,8d12d821fd10853d0c0a4c5dd970015eab94feb72be3641ae30274a031cda65f,0.0,0.0,0.0,307200.0
False,0.0,0.0,0.0,R2_L1,3,False,haze4k_train_oof,8da7d48106bf00c310f2970e12dbf909bcc5f91cfdd00815fd5a7674a5d94f2e,0.0,0.0,0.0,307200.0
False,0.0,0.0,0.0,R2_L1,2,False,haze4k_train_oof,8e32d58ccf6f0c4f372eec29fab40559ac25d4c165b4008864f277a3037b0e67,0.0,0.0,0.0,307200.0
False,0.0,0.0,0.0,R2_L1,2,False,haze4k_train_oof,8e53f000069a2c9d3fcac4197766466ed72c1cdcb1676d059597b1a654e6d76a,0.0,0.0,0.0,160000.0
False,0.0,0.0,0.0,R2_L1,2,False,haze4k_train_oof,8e906a941e2919b4c2b170854025b25290c76a67e95735e0b840257fa4514340,0.0,0.0,0.0,160000.0
False,0.0,0.0,0.0,R2_L1,0,False,haze4k_train_oof,8f0ed7e40c31fe1f3422fde8af326edf8166d3f52b9e3b0417e64c14e47c56c7,0.0,0.0,0.0,307200.0
False,0.0,0.0,0.0,R2_L1,2,False,haze4k_train_oof,8f1feeafb3e0960fc518bca46651ae8e897de1bcb0b6153c9ef0ad402c66db3a,0.0,0.0,0.0,307200.0
False,0.0,0.0,0.0,R2_L1,4,False,haze4k_train_oof,8fd7c88c85a4ffca661f920bb8a5096477176221eb9e4e03fd7e47d8794aeae9,0.0,0.0,0.0,307200.0
False,0.0,0.0,0.0,R2_L1,0,False,haze4k_train_oof,901cd2ff8434bd92467ac50f12bc29dded748de1fbd6f884cc6bcd6e834fde1d,0.0,0.0,0.0,307200.0
False,0.0,0.0,0.0,R2_L1,0,False,haze4k_train_oof,904f5c74617627748a354984eb8a37b181ba9b69a504a19146c30edf2b839519,0.0,0.0,0.0,307200.0
False,0.0,0.0,0.0,R2_L1,3,False,haze4k_train_oof,90adc706ae0003c235c22b335e96fda42080abb7fcc17b3412d473534806b1d1,0.0,0.0,0.0,160000.0
False,0.0,0.0,0.0,R2_L1,3,False,haze4k_train_oof,90d6de625bb70639f7bef3d86c29bc580e870b71875bba73caf8b29e6e63ad5f,0.0,0.0,0.0,160000.0
False,0.0,0.0,0.0,R2_L1,4,False,haze4k_train_oof,911471fc28161a019a499663a106aef8d325150b8734ca01a8ed5c1db8818c89,0.0,0.0,0.0,307200.0
False,0.0,0.0,0.0,R2_L1,2,False,haze4k_train_oof,911ee1c75444c5697a707bb044d6d0638019cfbcccd7fc7142b775182a7afa2d,0.0,0.0,0.0,307200.0
False,0.0,0.0,0.0,R2_L1,2,False,haze4k_train_oof,91cd87ab59e2eab487d2007fa3210840d1faada4f5ec7d274dc824fb47faebce,0.0,0.0,0.0,160000.0
False,0.0,0.0,0.0,R2_L1,0,False,haze4k_train_oof,93ef0fda0eb9693371477368f258b4c3ca035eb510b2937c39c2c4fd836ececd,0.0,0.0,0.0,307200.0
False,0.0,0.0,0.0,R2_L1,3,False,haze4k_train_oof,959348034faed7c1f47082b2a5a3062ec84e4515cebce120f1c448a40a272dcf,0.0,0.0,0.0,307200.0
False,0.0,0.0,0.0,R2_L1,0,False,haze4k_train_oof,95be09290cb7e52fed43f04e419620b8b6acfb1cc0c283161f35f33125e181a4,0.0,0.0,0.0,160000.0
False,0.0,0.0,0.0,R2_L1,2,False,haze4k_train_oof,961489e566920f663bf89b2d26b757887220a7d42bd45a26d34f72841a736a1c,0.0,0.0,0.0,307200.0
False,0.0,0.0,0.0,R2_L1,0,False,haze4k_train_oof,9647e15637120979919d6f2422ade84ee6a0eba23db64d98361b12def15ddf9c,0.0,0.0,0.0,160000.0
False,0.0,0.0,0.0,R2_L1,0,False,haze4k_train_oof,967d9fe93b6532eb818069564e313ec5db25aff1e1a6aef8aee7486be750b92d,0.0,0.0,0.0,160000.0
False,0.0,0.0,0.0,R2_L1,4,False,haze4k_train_oof,969a3336f8e695260fe398a3ef68247386b03ab6bc452922d2080806aeff9c16,0.0,0.0,0.0,160000.0
False,0.0,0.0,0.0,R2_L1,0,False,haze4k_train_oof,96a98f28355831f4adb9f54fa783b3ac07ce25f0bcaff550399c609021929c7e,0.0,0.0,0.0,160000.0
False,0.0,0.0,0.0,R2_L1,1,False,haze4k_train_oof,96c3d4565c7485009675945410ea29445d6100619b70a0b4fad19645d22e9c68,0.0,0.0,0.0,307200.0
False,0.0,0.0,0.0,R2_L1,3,False,haze4k_train_oof,9738e60e1de60151350e81f8fb79c818dce7d5463b238cb8c406074da41d83f9,0.0,0.0,0.0,307200.0
False,0.0,0.0,0.0,R2_L1,0,False,haze4k_train_oof,979200022ed8e8dbdee28d06db61bab671a82d363a9a0c425c64177a3550932d,0.0,0.0,0.0,307200.0
False,0.0,0.0,0.0,R2_L1,2,False,haze4k_train_oof,97bb1d21a43954c65ddb6a5d83cc6346a19b75da679d08637de8ea670beac66b,0.0,0.0,0.0,160000.0
False,0.0,0.0,0.0,R2_L1,2,False,haze4k_train_oof,9888c911f66af1bcf555e1b87a0ce2f6e26e9c03879c17d8ee5aaf2704bc4e75,0.0,0.0,0.0,307200.0
False,0.0,0.0,0.0,R2_L1,0,False,haze4k_train_oof,996ed3069b09f0b7b35b7157334f32039cb9ef22260f94e08a5b2806b3c68ff0,0.0,0.0,0.0,307200.0
False,0.0,0.0,0.0,R2_L1,3,False,haze4k_train_oof,9a9cc4a5a3c232771c75051bd190fad1d00e39a83bcbd65e3c2a51a3c582e38d,0.0,0.0,0.0,307200.0
False,0.0,0.0,0.0,R2_L1,4,False,haze4k_train_oof,9be74f4e9e31124f6036225b7353785044c0d60888d84ae51e4096162c788879,0.0,0.0,0.0,307200.0
False,0.0,0.0,0.0,R2_L1,2,False,haze4k_train_oof,9c191a9c97f2d0d6ddaaa95ce666926f2156a10218eb6b862c024d406b93558b,0.0,0.0,0.0,160000.0
False,0.0,0.0,0.0,R2_L1,1,False,haze4k_train_oof,9d45b015bd119960993b5f964cbd68803d9240cd98436e8b39dc3c315f3bc4ef,0.0,0.0,0.0,160000.0
False,0.0,0.0,0.0,R2_L1,4,False,haze4k_train_oof,9d64da8a43592442aa4b9e6f67bf9a64b79ae592e32e92a90a37023ee864f89b,0.0,0.0,0.0,160000.0
False,0.0,0.0,0.0,R2_L1,0,False,haze4k_train_oof,9e35b60b9bc649ec701eaa800a1e25f7a27d3c0f79a38b39c2c53388a28d9ccb,0.0,0.0,0.0,307200.0
False,0.0,0.0,0.0,R2_L1,0,False,haze4k_train_oof,9e3b5aeb1b85fb3ab08846dcf4f092f32b78007696c32d1718c16fd968e68df1,0.0,0.0,0.0,160000.0
False,0.0,0.0,0.0,R2_L1,1,False,haze4k_train_oof,9f16d82fc858902920882231206ae97d22e27ce16a7d81735c159ec9e838e6aa,0.0,0.0,0.0,160000.0
False,0.0,0.0,0.0,R2_L1,0,False,haze4k_train_oof,9f9c4f61ea9249973142b4ec914c581942f94a8038595e25e7bb99b8a56397b4,0.0,0.0,0.0,307200.0
False,0.0,0.0,0.0,R2_L1,4,False,haze4k_train_oof,9fb4ce3763df8462876033550c39364306ae79c9a0257e4eab7f83178b7c40d6,0.0,0.0,0.0,307200.0
False,0.0,0.0,0.0,R2_L1,1,False,haze4k_train_oof,9fc1480d9911f64c8bbd7e338341ed878ecdf1e3fad1935c3590759a532694a2,0.0,0.0,0.0,307200.0
False,0.0,0.0,0.0,R2_L1,4,False,haze4k_train_oof,9fe646fec10ef9eca10c12e58ac118fdc760f5266cd1489c94f69bfde7ba7948,0.0,0.0,0.0,160000.0
False,0.0,0.0,0.0,R2_L1,0,False,haze4k_train_oof,a047f91585c4ef8ead1960cf5b01a2a2eca5b11babf16791c26b2b5e4babe6c4,0.0,0.0,0.0,160000.0
False,0.0,0.0,0.0,R2_L1,0,False,haze4k_train_oof,a251a296b6826a00258165bd94c3a19b9949e118f9c3e8cb7bae7691d94343f3,0.0,0.0,0.0,307200.0
False,0.0,0.0,0.0,R2_L1,1,False,haze4k_train_oof,a2541f3f7c8db2d9bffadc8ac43ea7651f4e2bc3fbeb8a67d7fca49624a1941e,0.0,0.0,0.0,307200.0
False,0.0,0.0,0.0,R2_L1,0,False,haze4k_train_oof,a372b731fcbad66a9fb5b2ecd6df2139c540adfac773baba894c0796afbf05e9,0.0,0.0,0.0,160000.0
False,0.0,0.0,0.0,R2_L1,4,False,haze4k_train_oof,a3c072b131b11df49900459be2ae631f6567a34f785b16a938d87a1f455e6443,0.0,0.0,0.0,160000.0
False,0.0,0.0,0.0,R2_L1,0,False,haze4k_train_oof,a479b9c64ce4b208cc8fd8c05d13ef73e302c616270aa23443a8b53ec5f2c44c,0.0,0.0,0.0,307200.0
False,0.0,0.0,0.0,R2_L1,1,False,haze4k_train_oof,a48eb15f05798122f9ba35399248524492b83dfa609e7fe6969ba63c13e12fdb,0.0,0.0,0.0,160000.0
False,0.0,0.0,0.0,R2_L1,4,False,haze4k_train_oof,a4c8cd31ce0c4619bee3d221c3ec76ad21203cbe7880bbfef75f54f34903c1d7,0.0,0.0,0.0,307200.0
False,0.0,0.0,0.0,R2_L1,2,False,haze4k_train_oof,a5cbd4d3b1962cafd98a29c99ec12a11a836547ad4d4d43253b26276fa8e696e,0.0,0.0,0.0,160000.0
False,0.0,0.0,0.0,R2_L1,3,False,haze4k_train_oof,a5cbebf497cd17e2f256a7a5fde676a60ac9983b04b64b6690ddd80074650db1,0.0,0.0,0.0,307200.0
False,0.0,0.0,0.0,R2_L1,1,False,haze4k_train_oof,a61def8f415e4e9641eca31ab241304e02de4b0e50d1e9713fea78e997e72ed7,0.0,0.0,0.0,160000.0
False,0.0,0.0,0.0,R2_L1,3,False,haze4k_train_oof,a676644651ca511d94a320708f2ac30bb1aca1f996f7f9a8c9b7c087c2277273,0.0,0.0,0.0,307200.0
False,0.0,0.0,0.0,R2_L1,1,False,haze4k_train_oof,a72898d4645ae959e8691dc7e7c4f54be2973fd4f242c1334f436c90e31e502f,0.0,0.0,0.0,307200.0
False,0.0,0.0,0.0,R2_L1,4,False,haze4k_train_oof,a75c0ef6b88ccaf883f3027eff6605ce68cb270c456e4a0aea308abb6d4f0d66,0.0,0.0,0.0,160000.0
False,0.0,0.0,0.0,R2_L1,2,False,haze4k_train_oof,a7b33ea1258f73c6721a5a2b0c790a15262224c05f6f575ab694629fe57b83cd,0.0,0.0,0.0,307200.0
False,0.0,0.0,0.0,R2_L1,3,False,haze4k_train_oof,a87c450e84bd152f5c032c34b55c389f68cdc01e6a3505c6d8ba895a8af47f1d,0.0,0.0,0.0,307200.0
False,0.0,0.0,0.0,R2_L1,3,False,haze4k_train_oof,a9229ee6358a01f140e1b4061db4cc8a92ce27185828b07ce409364ab0aba076,0.0,0.0,0.0,160000.0
False,0.0,0.0,0.0,R2_L1,4,False,haze4k_train_oof,a97dcb92a2f5e71dd07ef2734fa6a92687b16021898b1c3332188548f83c7e51,0.0,0.0,0.0,307200.0
False,0.0,0.0,0.0,R2_L1,2,False,haze4k_train_oof,aa64c90af83ed1985dc608d4a4d59d2d48049d8f7c8db878042c18ede9b12b1c,0.0,0.0,0.0,307200.0
False,0.0,0.0,0.0,R2_L1,1,False,haze4k_train_oof,aa955d1294ac9d889672126534edff03b708a41b7e91a766c1483f7922f6fa55,0.0,0.0,0.0,307200.0
False,0.0,0.0,0.0,R2_L1,4,False,haze4k_train_oof,aae11101303e8438588de1062694c89d9699864d1b3f866371f8277dd8759567,0.0,0.0,0.0,307200.0
False,0.0,0.0,0.0,R2_L1,4,False,haze4k_train_oof,ab0e876ab3468c3f6963916503794016b6010be03c2ce5013bbe0e9e9d226fa3,0.0,0.0,0.0,307200.0
False,0.0,0.0,0.0,R2_L1,0,False,haze4k_train_oof,abf62d8e92b2fb0034e29e55c68f03bd85b83355be0c7a7fa6bd6bea00aa91c2,0.0,0.0,0.0,160000.0
False,0.0,0.0,0.0,R2_L1,3,False,haze4k_train_oof,ac7372c933b3f9b17661002a63aadc185ae1c9d39baf3e4d238da9068c724fd6,0.0,0.0,0.0,307200.0
False,0.0,0.0,0.0,R2_L1,1,False,haze4k_train_oof,acb4bbddc8de45c2dc1e7de2ec1298c428747d2ab36a63446c2140b8a22e1d37,0.0,0.0,0.0,160000.0
False,0.0,0.0,0.0,R2_L1,2,False,haze4k_train_oof,ad6bf0002f511bee3d9dfd6505777c5056296d8097531f3efd062b582b96f1d7,0.0,0.0,0.0,307200.0
False,0.0,0.0,0.0,R2_L1,4,False,haze4k_train_oof,adad42f26b57dae28d9f59af920c06e9673cd1a3808dc6133a60742f5c36e874,0.0,0.0,0.0,307200.0
False,0.0,0.0,0.0,R2_L1,0,False,haze4k_train_oof,ade7fbe093deb8dc21d47ed0745c42d204e24c080c84612e6b1237dae5ac8d53,0.0,0.0,0.0,307200.0
False,0.0,0.0,0.0,R2_L1,3,False,haze4k_train_oof,ae1bf8137bdaf8d393fdb5a0f6a0f3f6efdbcdc1b9a3caecdd45d4cb0a9d337f,0.0,0.0,0.0,307200.0
False,0.0,0.0,0.0,R2_L1,3,False,haze4k_train_oof,ae4f46b67424e85c7aa163573e47d084e46e9723d1ab532a4f9ab146fcc9a99c,0.0,0.0,0.0,307200.0
False,0.0,0.0,0.0,R2_L1,2,False,haze4k_train_oof,af499bd83f7c7ecbb633c051fbb2720b0e1c28fd1f19095cc7ae37ca12273f1d,0.0,0.0,0.0,307200.0
False,0.0,0.0,0.0,R2_L1,4,False,haze4k_train_oof,af5f209be05c8e76cc9335cec61dff6a840d452846c2aa002297d9cc5e9085ae,0.0,0.0,0.0,307200.0
False,0.0,0.0,0.0,R2_L1,1,False,haze4k_train_oof,af6e1e51f2b24b37c7b17556583a253bc939dc56211011f8e84a3d75f0ad1e17,0.0,0.0,0.0,160000.0
False,0.0,0.0,0.0,R2_L1,3,False,haze4k_train_oof,afa1a9aab568491fade07063a4bc3509b3a5cc2a0909467e3551b543380f0cc3,0.0,0.0,0.0,160000.0
False,0.0,0.0,0.0,R2_L1,2,False,haze4k_train_oof,b09913cfa8cb56fe64103f4a718c53bd3a52c135163cba10c73fb09615f66fa6,0.0,0.0,0.0,160000.0
False,0.0,0.0,0.0,R2_L1,1,False,haze4k_train_oof,b13fdc83aa0e3de368c194d29b572c6f05c66c4ce3a49a6dc19decda9ec3de5b,0.0,0.0,0.0,307200.0
False,0.0,0.0,0.0,R2_L1,4,False,haze4k_train_oof,b23596f0a25a24ebd2b5df8c5e8a754762a863eff2838fd712882667922bce0f,0.0,0.0,0.0,160000.0
False,0.0,0.0,0.0,R2_L1,1,False,haze4k_train_oof,b26445de80c20acd3227938279dcfdaf175bbb1d4dc3b84ef7f5f4c763d1f9a0,0.0,0.0,0.0,307200.0
False,0.0,0.0,0.0,R2_L1,1,False,haze4k_train_oof,b279f47f121b60c4b908133a37970a61574b5740bb67ab161a66d15bf457bfcd,0.0,0.0,0.0,307200.0
False,0.0,0.0,0.0,R2_L1,4,False,haze4k_train_oof,b29934e414045d2e01f3e83db4fcbea4c53b47b9179d9e9018109b1b385737be,0.0,0.0,0.0,307200.0
False,0.0,0.0,0.0,R2_L1,3,False,haze4k_train_oof,b2aabea58be8c69ac61eaf6f23fd848880a7fe11926c6cccda6f7f139cac852b,0.0,0.0,0.0,160000.0
False,0.0,0.0,0.0,R2_L1,2,False,haze4k_train_oof,b3dd5f43cffeb124091812b8bb719f42197948386f6aa9057f69a9c8f1028428,0.0,0.0,0.0,160000.0
False,0.0,0.0,0.0,R2_L1,0,False,haze4k_train_oof,b4168f02184cbc4612bf564c7b315afa38711bf0669bf0c5d61f2d7bb8ad08e4,0.0,0.0,0.0,160000.0
False,0.0,0.0,0.0,R2_L1,4,False,haze4k_train_oof,b57d0335957b11b8be06ba940d52793d5b37b535b8af4b915e4297b6196ef3f0,0.0,0.0,0.0,160000.0
False,0.0,0.0,0.0,R2_L1,3,False,haze4k_train_oof,b5a986dd0630904e3a904a75a5c4f4f8d7faa8c6954386185caf79bfc34ebfab,0.0,0.0,0.0,160000.0
False,0.0,0.0,0.0,R2_L1,1,False,haze4k_train_oof,b5d0885743c683d0eec34eba789a0b51e91d739c2bd2d51481dc9a558525e6a8,0.0,0.0,0.0,307200.0
False,0.0,0.0,0.0,R2_L1,0,False,haze4k_train_oof,b5dff676d9ad25c00767fc6005c5de6301c643589f046bd2c4dbaf17bf4231d6,0.0,0.0,0.0,160000.0
False,0.0,0.0,0.0,R2_L1,3,False,haze4k_train_oof,b5f633192671e76428cd17f6591cc68eaf716e1b744862333b810c7c67982b58,0.0,0.0,0.0,160000.0
False,0.0,0.0,0.0,R2_L1,3,False,haze4k_train_oof,b6498ed469fea98371e2ff6c942512c0bcc179a129a8565958823ab368fe5068,0.0,0.0,0.0,307200.0
False,0.0,0.0,0.0,R2_L1,4,False,haze4k_train_oof,b6f89fef8e8ec35c0d6726f7426e5c152473d708aa47518b335ca66d12195360,0.0,0.0,0.0,307200.0
False,0.0,0.0,0.0,R2_L1,1,False,haze4k_train_oof,b72a251321a08813dfc514d47c6d67a1a45b1864b968369360086e8d7809ff52,0.0,0.0,0.0,307200.0
False,0.0,0.0,0.0,R2_L1,1,False,haze4k_train_oof,b7bc06337f242fa3975de8bc167a14e5e37e28e8c3d43c7614948270630591b9,0.0,0.0,0.0,307200.0
False,0.0,0.0,0.0,R2_L1,4,False,haze4k_train_oof,b92c77c820bea8c7b7eb688f22480f1cbc8882a0b75cdccce37a59d201ed54cc,0.0,0.0,0.0,307200.0
False,0.0,0.0,0.0,R2_L1,4,False,haze4k_train_oof,b99e4484082213338224d5552a97c672e49718143a3265e206139c62cbdea368,0.0,0.0,0.0,307200.0
False,0.0,0.0,0.0,R2_L1,3,False,haze4k_train_oof,ba345a9b652236a18ac2d53b2ffca8a5dd45a6f9fa0636a6db9d7142071adc74,0.0,0.0,0.0,307200.0
False,0.0,0.0,0.0,R2_L1,1,False,haze4k_train_oof,ba370017b7ba38837310dd30eeda469b232964d39d32c5f1bba5eca2baefc8ee,0.0,0.0,0.0,160000.0
False,0.0,0.0,0.0,R2_L1,0,False,haze4k_train_oof,ba4b504e3b26492f433b3202561ed9a60a16889e7dab3ad47bacc5b39c1baef8,0.0,0.0,0.0,160000.0
False,0.0,0.0,0.0,R2_L1,1,False,haze4k_train_oof,babeedf14ce3a9e24e8c9e7358f29d06c6e39746fc3240096bcdc259d352a4da,0.0,0.0,0.0,160000.0
False,0.0,0.0,0.0,R2_L1,4,False,haze4k_train_oof,bb771f370660118db870658610dc8d9e8a0b88097fa7348adc6bba5d8e906ce8,0.0,0.0,0.0,307200.0
False,0.0,0.0,0.0,R2_L1,3,False,haze4k_train_oof,bd2dfe7d23f608bf2e0f3391a7177b275398e0f7f159798967e4ad1dde6bbffd,0.0,0.0,0.0,307200.0
False,0.0,0.0,0.0,R2_L1,0,False,haze4k_train_oof,bde28ee7624891eb1eaa59e7c1b3392f8b9cb4027dc54392c13a82eeebaddcda,0.0,0.0,0.0,307200.0
False,0.0,0.0,0.0,R2_L1,1,False,haze4k_train_oof,bdf9fa00f2389948109115ebf3ff978ba51a50d3f970ee1776315f36776047d7,0.0,0.0,0.0,307200.0
False,0.0,0.0,0.0,R2_L1,2,False,haze4k_train_oof,bdfd6bd22b0f84a6f45ebc3680453cb97db727d357ebe5c59685059c9262d043,0.0,0.0,0.0,307200.0
False,0.0,0.0,0.0,R2_L1,3,False,haze4k_train_oof,be2f11c13dfb5317b4a20b0563ab406c251e75538c4dbc463f61b30d2dc18375,0.0,0.0,0.0,160000.0
False,0.0,0.0,0.0,R2_L1,1,False,haze4k_train_oof,be6f9e18883e7bbfd852eee243bec2298e546d2152248d8bc45911344fb5fe79,0.0,0.0,0.0,160000.0
False,0.0,0.0,0.0,R2_L1,1,False,haze4k_train_oof,be8d80ebfcd10d3293475f210c583894ac1dc85f084fc9d20bed375bc39a9858,0.0,0.0,0.0,307200.0
False,0.0,0.0,0.0,R2_L1,1,False,haze4k_train_oof,bf43365c2cdd4740f32a15a5b0edf37577c00ad0b47c427e87e30120735ecd37,0.0,0.0,0.0,307200.0
False,0.0,0.0,0.0,R2_L1,4,False,haze4k_train_oof,bf87a2ee2b76fd7f006b83679d01dbb317b53d777677c0139740c427366ff4ab,0.0,0.0,0.0,307200.0
False,0.0,0.0,0.0,R2_L1,0,False,haze4k_train_oof,bfde502830702ceac4f122cae039aeeac99b798776adff86884a4b0faaace635,0.0,0.0,0.0,307200.0
False,0.0,0.0,0.0,R2_L1,3,False,haze4k_train_oof,c0180a867316e96fed181d91aabee8f0f085a42f459af4f67e567399793e7cbc,0.0,0.0,0.0,160000.0
False,0.0,0.0,0.0,R2_L1,3,False,haze4k_train_oof,c05aaa3f22348652e6fad843d5e3844ee3d0233b02fdc2d485df3ee6d4b7742d,0.0,0.0,0.0,160000.0
False,0.0,0.0,0.0,R2_L1,4,False,haze4k_train_oof,c1d9d785504ed84dbd4327ae667fdd0e93cabdd85efd82af293b51f53bdad3c8,0.0,0.0,0.0,307200.0
False,0.0,0.0,0.0,R2_L1,3,False,haze4k_train_oof,c1f2c90a2d1c809c19bd63d6d21a45707ce510fe93b0e3841bda74deaceadbab,0.0,0.0,0.0,307200.0
False,0.0,0.0,0.0,R2_L1,3,False,haze4k_train_oof,c1f769b324469c2ae3a210433c4d05096b6558fe538f5ff57ae9300e13d87404,0.0,0.0,0.0,160000.0
False,0.0,0.0,0.0,R2_L1,3,False,haze4k_train_oof,c205215d3037bd7b1f01d43be6052b472b9a4e9572a0827b49a45cd11b20ed0d,0.0,0.0,0.0,307200.0
False,0.0,0.0,0.0,R2_L1,1,False,haze4k_train_oof,c25316875174079b9d1e1a967a18b514565f1cf1cb7ff266e1c1cc17b00d6a3e,0.0,0.0,0.0,160000.0
False,0.0,0.0,0.0,R2_L1,1,False,haze4k_train_oof,c2c0491da1eeffeb33b392dac9b5d75a1f729fe239b26f567a2757ec67e0132b,0.0,0.0,0.0,307200.0
False,0.0,0.0,0.0,R2_L1,2,False,haze4k_train_oof,c39875a987d7c326d6d0133da967b9681c5eb631a9b64168c11a27870f13b7ed,0.0,0.0,0.0,307200.0
False,0.0,0.0,0.0,R2_L1,2,False,haze4k_train_oof,c39c5a74e054e04509bd38baaf340bc241449e0895622e270443eae2a8aa0772,0.0,0.0,0.0,307200.0
False,0.0,0.0,0.0,R2_L1,0,False,haze4k_train_oof,c46b82538ccaaa880222bdfb649617bf279ea96c2e003d6aa9e69c2956809420,0.0,0.0,0.0,307200.0
False,0.0,0.0,0.0,R2_L1,0,False,haze4k_train_oof,c4c75e21d206259395536c5f6cf2202192e3481b5b348becdb5dd7cddfed261e,0.0,0.0,0.0,160000.0
False,0.0,0.0,0.0,R2_L1,0,False,haze4k_train_oof,c4f8a61751e8cf4aace36a274b6f9a25ad591b58ca1a9eee89136ad3f8e9b929,0.0,0.0,0.0,307200.0
False,0.0,0.0,0.0,R2_L1,3,False,haze4k_train_oof,c4f9d5b65c94ac0c7c0492c43b9e337ee4558c03147cf7498444f66c1b738b80,0.0,0.0,0.0,160000.0
False,0.0,0.0,0.0,R2_L1,1,False,haze4k_train_oof,c58e616b0eb776b1d8677e3635394b4db34cee1beec9d7ef25b6247f2fe040e7,0.0,0.0,0.0,307200.0
False,0.0,0.0,0.0,R2_L1,3,False,haze4k_train_oof,c59f362a7e88f797fd2620e9f647b768ff88c7402990eb7e52df8b80a8b9b88b,0.0,0.0,0.0,307200.0
False,0.0,0.0,0.0,R2_L1,0,False,haze4k_train_oof,c5c120f6121894933eb5c535c2c87b933b408aee136727599cdc0f37c1a9e721,0.0,0.0,0.0,160000.0
False,0.0,0.0,0.0,R2_L1,4,False,haze4k_train_oof,c69a7d42f0ea5632266f259c5dda27d1ecd79164f18e7b185c43aeca8982cb35,0.0,0.0,0.0,160000.0
False,0.0,0.0,0.0,R2_L1,3,False,haze4k_train_oof,c6bcf55118880027b9fa88bd918407bdc4c36d1d0f11673e4ab5f2a3f0445402,0.0,0.0,0.0,307200.0
False,0.0,0.0,0.0,R2_L1,3,False,haze4k_train_oof,c6ef05ce393ceb222f1b68b62d7de385167a74f3d4f4f05ca20c951f53f8f2a4,0.0,0.0,0.0,160000.0
False,0.0,0.0,0.0,R2_L1,3,False,haze4k_train_oof,c70061aadfaeccfe2e464439d593820b6914a2c0283364666b73929d1abc4852,0.0,0.0,0.0,160000.0
False,0.0,0.0,0.0,R2_L1,0,False,haze4k_train_oof,c73944e30c85ff7613ae2a95606cbe7f16e7afad87915bec10f6a0f71906e0c2,0.0,0.0,0.0,307200.0
False,0.0,0.0,0.0,R2_L1,0,False,haze4k_train_oof,c8deacca8ecc5ee9eaa211369d45af6a0d9d99486250942b3e281cd21c1f5168,0.0,0.0,0.0,307200.0
False,0.0,0.0,0.0,R2_L1,1,False,haze4k_train_oof,c976ed0ecb239e9603fb11d6597c174a7a657892decb4cac703be0648d63efe2,0.0,0.0,0.0,307200.0
False,0.0,0.0,0.0,R2_L1,2,False,haze4k_train_oof,c9966aee7dd5168e7694e819309dd9bd91430b5aa7d1e17ffcc1ecbb566b2fc7,0.0,0.0,0.0,307200.0
False,0.0,0.0,0.0,R2_L1,0,False,haze4k_train_oof,c9c8193c44f26abd8d31e1e277a12a66e44dae012baa228e193e977b6f6f11e3,0.0,0.0,0.0,160000.0
False,0.0,0.0,0.0,R2_L1,1,False,haze4k_train_oof,c9f5ed7a7c200430c207d9d7630e692b38a7be17f3d118a9ffa21e1a5cd83f9a,0.0,0.0,0.0,307200.0
False,0.0,0.0,0.0,R2_L1,1,False,haze4k_train_oof,ca1f579054194ad7e24f569d872f6d2f20389b464ee8ad187bb542a186e32bae,0.0,0.0,0.0,160000.0
False,0.0,0.0,0.0,R2_L1,2,False,haze4k_train_oof,ca3bc1497450d8256790e047e5fef1c6a753ce6bd3c1664f70fd4e3e845a652d,0.0,0.0,0.0,307200.0
False,0.0,0.0,0.0,R2_L1,2,False,haze4k_train_oof,cabded77ab4475755459c089a8a265b3593de280ef2161a6741b01b5b151ff02,0.0,0.0,0.0,160000.0
False,0.0,0.0,0.0,R2_L1,3,False,haze4k_train_oof,cabe97f11fc0219fb1dc5a1f1c1c0bd2359fe030cd2300d0800a94f32f039ad1,0.0,0.0,0.0,307200.0
False,0.0,0.0,0.0,R2_L1,0,False,haze4k_train_oof,cb6b9272e291601f35372334560cceb67069ebe4c211331ce6d57d1481062352,0.0,0.0,0.0,160000.0
False,0.0,0.0,0.0,R2_L1,0,False,haze4k_train_oof,cc5793aa1fd5814b64977c42f5f4a3859a68e6de42ae84a7c4011d5bf7f27c6a,0.0,0.0,0.0,307200.0
False,0.0,0.0,0.0,R2_L1,1,False,haze4k_train_oof,cc9f056fc3f9a429a62efda1b031ed7567871e49a5ed5c51f9f77debb861ea3e,0.0,0.0,0.0,307200.0
False,0.0,0.0,0.0,R2_L1,4,False,haze4k_train_oof,cca63dcda835a8a999f2c2e3847f36d8726b208cc840d5849dd5f3fbddf79e72,0.0,0.0,0.0,307200.0
False,0.0,0.0,0.0,R2_L1,0,False,haze4k_train_oof,cdb5c22207e101cb2e504ffaca687c04c3e616181b65069f77a7696a856ec742,0.0,0.0,0.0,307200.0
False,0.0,0.0,0.0,R2_L1,0,False,haze4k_train_oof,cdff7169726944faaf44995c145c8f7b1abf15c401a0cb4b1e6c79f950870bd0,0.0,0.0,0.0,307200.0
False,0.0,0.0,0.0,R2_L1,1,False,haze4k_train_oof,ce144f3afa842725b8b34760cfd7afb64567dd51739af39c1a02716355eec216,0.0,0.0,0.0,160000.0
False,0.0,0.0,0.0,R2_L1,4,False,haze4k_train_oof,ce21985da89355c8a259d631e25ff1f3c31c14ab330ec2909f3949eb05bd3568,0.0,0.0,0.0,160000.0
False,0.0,0.0,0.0,R2_L1,0,False,haze4k_train_oof,cf5e5e97dbaea15173d88b06d671c48c6f1f158ae18044f222893eb53fc7aca2,0.0,0.0,0.0,160000.0
False,0.0,0.0,0.0,R2_L1,4,False,haze4k_train_oof,cf612976be00c919f2f5b2d2def62b70b57cbc02b149b7a84b32f593dab636ff,0.0,0.0,0.0,307200.0
False,0.0,0.0,0.0,R2_L1,2,False,haze4k_train_oof,cf64b99c07c25c4c0312e03b3c3d644fd64776984953a322b246d53bf5702216,0.0,0.0,0.0,307200.0
False,0.0,0.0,0.0,R2_L1,0,False,haze4k_train_oof,cf71d5c8841cf2d81eba67744e70539d0b895ca971be2c0c312cfce04f183345,0.0,0.0,0.0,307200.0
False,0.0,0.0,0.0,R2_L1,2,False,haze4k_train_oof,cfa3ba8924afc92fb046152ce44963e0c274d409861dee1198f1779467bb07cd,0.0,0.0,0.0,160000.0
False,0.0,0.0,0.0,R2_L1,1,False,haze4k_train_oof,cfbd527ce4bf57e670d0b726ce739ad5f0d0a993b2155f29d2d6694e767ecf7c,0.0,0.0,0.0,160000.0
False,0.0,0.0,0.0,R2_L1,1,False,haze4k_train_oof,d13afce1e9d58c067487725c5b944b699778aef8519163e49100265190959965,0.0,0.0,0.0,160000.0
False,0.0,0.0,0.0,R2_L1,3,False,haze4k_train_oof,d16cf0211368d1be252de341d8fe541f735d8f8c75a272f7a786faaf20c0140b,0.0,0.0,0.0,307200.0
False,0.0,0.0,0.0,R2_L1,1,False,haze4k_train_oof,d1a48a4fac796924e868a6206b99efaa2ff87f060bd12e79dfebee857b345fd8,0.0,0.0,0.0,160000.0
False,0.0,0.0,0.0,R2_L1,1,False,haze4k_train_oof,d244ac28f2f4b6576bbd06311e6ac4b9161537da15a180f8095ec61e009118df,0.0,0.0,0.0,160000.0
False,0.0,0.0,0.0,R2_L1,3,False,haze4k_train_oof,d391c3e0b451fc77f90747903c5f6e352e68769da8e82e615c3e6f778f45b4fe,0.0,0.0,0.0,160000.0
False,0.0,0.0,0.0,R2_L1,1,False,haze4k_train_oof,d3a58b3b859943c85529f27f2fdf5c3a50c916bb68b9f35e442dbf9bcc218104,0.0,0.0,0.0,307200.0
False,0.0,0.0,0.0,R2_L1,4,False,haze4k_train_oof,d412c92e31b6469410263a700c1375b695cb88e3ad24a12bed298ed04a5e9a18,0.0,0.0,0.0,307200.0
False,0.0,0.0,0.0,R2_L1,3,False,haze4k_train_oof,d46d34d543319b71d07c63d7791ddd19e8647d85d0944f7512bfb7d6bde4cc86,0.0,0.0,0.0,307200.0
False,0.0,0.0,0.0,R2_L1,3,False,haze4k_train_oof,d53edc69c03708d0c94f88aaa4ae9c447d298bad31abfbdd04437b4078c5e24b,0.0,0.0,0.0,160000.0
False,0.0,0.0,0.0,R2_L1,4,False,haze4k_train_oof,d54a3a0cfdc391e2b26962ccf15821dba3aa06dd78e1f035bbb45407ce7192a8,0.0,0.0,0.0,160000.0
False,0.0,0.0,0.0,R2_L1,1,False,haze4k_train_oof,d5d3faae23f380d495f890a50a787e25bf7a47dac19ecbf00600d7aa7026f8c7,0.0,0.0,0.0,160000.0
False,0.0,0.0,0.0,R2_L1,0,False,haze4k_train_oof,d5fc15a1fe393f02c000da6a6420cad99b8c3013fb1fb362d6a537ff56e57684,0.0,0.0,0.0,160000.0
False,0.0,0.0,0.0,R2_L1,1,False,haze4k_train_oof,d650b3b35ab96741a4d0274e678f2edef5591048bcfbb6984fd8ac5337087c41,0.0,0.0,0.0,160000.0
False,0.0,0.0,0.0,R2_L1,2,False,haze4k_train_oof,d65345257fd0de9d74b12bb5d57f7797d4bff87c61f03cf0ac2f5484cf84bfa5,0.0,0.0,0.0,307200.0
False,0.0,0.0,0.0,R2_L1,2,False,haze4k_train_oof,d6563f21eaa9adb19c3c7be6949801e4e494041832eb67de572791a650dbf0c6,0.0,0.0,0.0,307200.0
False,0.0,0.0,0.0,R2_L1,0,False,haze4k_train_oof,d6f5d34cbf4733c534de8cd63c45a066f644e4994c8d0aa1369281dfa0d1fe59,0.0,0.0,0.0,160000.0
False,0.0,0.0,0.0,R2_L1,0,False,haze4k_train_oof,d6fa117a77baa15a3f8626b7cba12f2ca632e04a5008aa9c5f54ef4ff5fa04c0,0.0,0.0,0.0,160000.0
False,0.0,0.0,0.0,R2_L1,4,False,haze4k_train_oof,d71d74fcccca6e7db3f26f3a516be11468680275e4ddb6c33e7de6559610fa0e,0.0,0.0,0.0,307200.0
False,0.0,0.0,0.0,R2_L1,3,False,haze4k_train_oof,d7267cdc004378b6becec923ca66523d7d2e4d2ab98b475d153224f8223795ec,0.0,0.0,0.0,307200.0
False,0.0,0.0,0.0,R2_L1,4,False,haze4k_train_oof,d7428511d85f1244ab378595fc86c6dee4ea399fb39590924cee46e156ff7488,0.0,0.0,0.0,307200.0
False,0.0,0.0,0.0,R2_L1,4,False,haze4k_train_oof,d9ae260c13a207291cf9c478f02424a42fc3a029077a139a36b2624b74ae7ae0,0.0,0.0,0.0,307200.0
False,0.0,0.0,0.0,R2_L1,2,False,haze4k_train_oof,da41f42b3d49db9276f2d2e758085316632c491f55d429dc64a1ad91cbcb461b,0.0,0.0,0.0,160000.0
False,0.0,0.0,0.0,R2_L1,4,False,haze4k_train_oof,dae57497ac0c26b7b1f73dcaca150c39b584d100a977b368d27ce869e04767a9,0.0,0.0,0.0,307200.0
False,0.0,0.0,0.0,R2_L1,2,False,haze4k_train_oof,db27fe5ac0721e65baf21c7e6af4e5a582bc3f32bcbd0f98393fbf136f2b1030,0.0,0.0,0.0,160000.0
False,0.0,0.0,0.0,R2_L1,0,False,haze4k_train_oof,db81622f3857ea247ec4c85717945fafddcdb3c85fa03511c96ddb55913d6ad9,0.0,0.0,0.0,307200.0
False,0.0,0.0,0.0,R2_L1,4,False,haze4k_train_oof,db859dd8bacbe3facb909751d1c4962884c0d094fb8c74e1879ca885525545c5,0.0,0.0,0.0,160000.0
False,0.0,0.0,0.0,R2_L1,3,False,haze4k_train_oof,dbd027bb62f5e6c4c721d6cd2e29a5afd345dd82f999c8e89ebeb8b9474bf9a5,0.0,0.0,0.0,307200.0
False,0.0,0.0,0.0,R2_L1,1,False,haze4k_train_oof,dbe161d81d9f697f75899a9e7573b6b002ad9fda7e11e2a5cb47a97fc3b6248c,0.0,0.0,0.0,307200.0
False,0.0,0.0,0.0,R2_L1,3,False,haze4k_train_oof,dc3fd280ef3bceb7e5262d073d13ff5d8ac32e77a6d635c3e23a375066692b86,0.0,0.0,0.0,160000.0
False,0.0,0.0,0.0,R2_L1,4,False,haze4k_train_oof,dc6e56adebc38d32938a6c837fc4c944b0f23fe5b4c5a4bdcbf8e2b039e45c8e,0.0,0.0,0.0,307200.0
False,0.0,0.0,0.0,R2_L1,4,False,haze4k_train_oof,dcfe1f7630804c062d106dc5214c79f54dd441fe29ae293696f4dcc5b929b0b6,0.0,0.0,0.0,160000.0
False,0.0,0.0,0.0,R2_L1,3,False,haze4k_train_oof,dd50d52c32945a954522f7ef1dd90e60c800acbea359ed6a279378a8825387b6,0.0,0.0,0.0,307200.0
False,0.0,0.0,0.0,R2_L1,4,False,haze4k_train_oof,dd830a1854c405e8021c766d79def63f6442328862fa775dafef617c6347a133,0.0,0.0,0.0,160000.0
False,0.0,0.0,0.0,R2_L1,2,False,haze4k_train_oof,de8ee11d3a6d0b53fd51a1ec95f33cf3943c587e533ddd524961e3496e109fcf,0.0,0.0,0.0,160000.0
False,0.0,0.0,0.0,R2_L1,1,False,haze4k_train_oof,df312ba64c1a595418a63b0a4cc86f9c8655f87a2a956535834e31ff8a4fb028,0.0,0.0,0.0,160000.0
False,0.0,0.0,0.0,R2_L1,3,False,haze4k_train_oof,df407b94f18ba26c0c79def01ed34fb764e1b03046c8882510d53f690cdfc2d8,0.0,0.0,0.0,160000.0
False,0.0,0.0,0.0,R2_L1,2,False,haze4k_train_oof,e03547df071ab42bafb37d7a47d956299d9463a8d77ee4973e65b57fe6dcbb21,0.0,0.0,0.0,307200.0
False,0.0,0.0,0.0,R2_L1,0,False,haze4k_train_oof,e0787d5081c926a1ea86d3a72f59edc2f0d651eca2fba6eeea5295d6eafe7165,0.0,0.0,0.0,307200.0
False,0.0,0.0,0.0,R2_L1,4,False,haze4k_train_oof,e1d579f93678c3e42cacc06defc065d21e57f57af52e669bf8b9bcfd296815fc,0.0,0.0,0.0,160000.0
False,0.0,0.0,0.0,R2_L1,3,False,haze4k_train_oof,e214aba1963e0140ab1f936d0e79f4d9e7c6c5c89f192496d6bab6bf1a572f86,0.0,0.0,0.0,160000.0
False,0.0,0.0,0.0,R2_L1,1,False,haze4k_train_oof,e36b656e53945ab795dfc3a6906d639f9676053497a04773417bc1fdebc71bee,0.0,0.0,0.0,307200.0
False,0.0,0.0,0.0,R2_L1,2,False,haze4k_train_oof,e3acae2267fd04c4fe3a4ca42e6813b96bdfff353496223fde19f01ba42b51cd,0.0,0.0,0.0,160000.0
False,0.0,0.0,0.0,R2_L1,0,False,haze4k_train_oof,e48fb2ea43f663b9ffbeee96467d68abee2680b517585973b32e7e369ad51768,0.0,0.0,0.0,307200.0
False,0.0,0.0,0.0,R2_L1,0,False,haze4k_train_oof,e4f72d0466e9e2de51d37880e572433b340056662c4c606ee36ef66fc7960318,0.0,0.0,0.0,307200.0
False,0.0,0.0,0.0,R2_L1,1,False,haze4k_train_oof,e553834e29c098aa9fe0b7c1a5b905a7f64128af341df79f398178432b92f387,0.0,0.0,0.0,307200.0
False,0.0,0.0,0.0,R2_L1,0,False,haze4k_train_oof,e557def1c87c525da5cc7ec9b23dd95c336e3fd6eebcfa33cee47dca2d04b751,0.0,0.0,0.0,160000.0
False,0.0,0.0,0.0,R2_L1,2,False,haze4k_train_oof,e57a8d509e172d28fe92c0d681af7e31db61d5c8e640edf352cd83a866764400,0.0,0.0,0.0,160000.0
False,0.0,0.0,0.0,R2_L1,2,False,haze4k_train_oof,e5dabb6dc112e7ce51a7d886d6f472fe4fce5caf71bf7008c320840582794f82,0.0,0.0,0.0,307200.0
False,0.0,0.0,0.0,R2_L1,4,False,haze4k_train_oof,e5e51355f48931e2b24696b99d4bab3e6dce9d2f70faebe4db655536f0e8bfb6,0.0,0.0,0.0,160000.0
False,0.0,0.0,0.0,R2_L1,4,False,haze4k_train_oof,e6a3198c4095fa4fc056679821f16747a5d1908e54c3d95992ca2334b5d16132,0.0,0.0,0.0,307200.0
False,0.0,0.0,0.0,R2_L1,3,False,haze4k_train_oof,e6efd580b97a7496e2db43062a720c5cf005b215103e33cabdee173fc0dff0ff,0.0,0.0,0.0,307200.0
False,0.0,0.0,0.0,R2_L1,1,False,haze4k_train_oof,e76a9ba768ea83cfdfbd75414c13809f4c23f6fed9526636b4bbf8772200380b,0.0,0.0,0.0,307200.0
False,0.0,0.0,0.0,R2_L1,1,False,haze4k_train_oof,e80dc8f17211f818b541fb3097a94182d2275b0b3a4a1904e681f6cb2f4a85b2,0.0,0.0,0.0,307200.0
False,0.0,0.0,0.0,R2_L1,4,False,haze4k_train_oof,e86c3b6bb630f4d54fbaa1609e0870e02c4fca383fab40436d64bf1822da57f7,0.0,0.0,0.0,160000.0
False,0.0,0.0,0.0,R2_L1,3,False,haze4k_train_oof,e8dab12878abe77c8ce84a6e130cbf789ad3678dc53000de7d54e68f046d7439,0.0,0.0,0.0,307200.0
False,0.0,0.0,0.0,R2_L1,2,False,haze4k_train_oof,e8e164ba79276e5a5c509093350ec3289ce9c40235d74bf0ad3a56858b8e1bd1,0.0,0.0,0.0,307200.0
False,0.0,0.0,0.0,R2_L1,2,False,haze4k_train_oof,e8fe9c4a06951b9fb620fcdc4516d62b83e0ccb9109f31ee57813db10c06d9a8,0.0,0.0,0.0,307200.0
False,0.0,0.0,0.0,R2_L1,4,False,haze4k_train_oof,e942dfd294b5033c3890c6823f54ff5182ac609ef34a1c297e7aeb0a2cab49b5,0.0,0.0,0.0,307200.0
False,0.0,0.0,0.0,R2_L1,4,False,haze4k_train_oof,e951f695b642b53aed88ddd1e81cc9bcc5de90447d5bd1ef6c43986a26d84b80,0.0,0.0,0.0,307200.0
False,0.0,0.0,0.0,R2_L1,1,False,haze4k_train_oof,eaa741c60b80770bd84e67a62b91cd4e51846260b75d7a966b683e81b5d86f18,0.0,0.0,0.0,307200.0
False,0.0,0.0,0.0,R2_L1,1,False,haze4k_train_oof,eab49563778373e9d1f8fcecb178f9406ce5f9b549e6b9607b8d778fc50407f0,0.0,0.0,0.0,160000.0
False,0.0,0.0,0.0,R2_L1,1,False,haze4k_train_oof,ead13ddeec0aecd048f3218d96ace535b3601da2e25f4e1bdef6f9bd97d44ba9,0.0,0.0,0.0,160000.0
False,0.0,0.0,0.0,R2_L1,2,False,haze4k_train_oof,eb48384a19c39f560edd2d3757b6e72a6d2811c7e930a7e54a0fc1abedcc1cd6,0.0,0.0,0.0,307200.0
False,0.0,0.0,0.0,R2_L1,4,False,haze4k_train_oof,ebe887602775e41c83d0f36c2f2f06f7ea050d7c77a0cc23b3841e1fb8c55870,0.0,0.0,0.0,160000.0
False,0.0,0.0,0.0,R2_L1,0,False,haze4k_train_oof,ec1a1cf77296ae360923961cb90125968a2cc393c54b0adac8807aeafbf6bfc5,0.0,0.0,0.0,307200.0
False,0.0,0.0,0.0,R2_L1,4,False,haze4k_train_oof,ed46572a0a34985649ae17eed32f2e38cc328baa61f62d135e7281007db05efd,0.0,0.0,0.0,160000.0
False,0.0,0.0,0.0,R2_L1,2,False,haze4k_train_oof,ed9f272f5776f2541d56753d22ad01cff684c3232374bcd1703e3cd4b9e91d70,0.0,0.0,0.0,307200.0
False,0.0,0.0,0.0,R2_L1,4,False,haze4k_train_oof,ee08dd643b70cdcc20ff9f32e7e4be1bf8febce0e3cb770d1e5c12cfd9f07df2,0.0,0.0,0.0,307200.0
False,0.0,0.0,0.0,R2_L1,4,False,haze4k_train_oof,ee17e28f666fc53312909193af3d31f9f64030f8314b6ca8f8025792ecf5633d,0.0,0.0,0.0,307200.0
False,0.0,0.0,0.0,R2_L1,0,False,haze4k_train_oof,ef9abc91a789e36d9183b98bca7d15539d1a9cc5d5aa37608a233fbf5e586bd5,0.0,0.0,0.0,160000.0
False,0.0,0.0,0.0,R2_L1,0,False,haze4k_train_oof,eff4f0e700b2435f7841ef40c95605b7c274c9d60f8fd43c9962cc9b9dc17ac1,0.0,0.0,0.0,307200.0
False,0.0,0.0,0.0,R2_L1,1,False,haze4k_train_oof,f0897941d2155ab3dd2bfefa3a8ae4a72e90c4283f2762d8d880da8ec2fa3fd7,0.0,0.0,0.0,307200.0
False,0.0,0.0,0.0,R2_L1,1,False,haze4k_train_oof,f0e50d35249e2a28770fa7c75db3b27d2e471f32922ad6d556bb326337db5e67,0.0,0.0,0.0,307200.0
False,0.0,0.0,0.0,R2_L1,0,False,haze4k_train_oof,f0eda7d3f18c39262b6eb67ab6d63740381bb2d3afe9a50da7915ad546e82924,0.0,0.0,0.0,307200.0
False,0.0,0.0,0.0,R2_L1,2,False,haze4k_train_oof,f2071aa88e66d4523adb05dc959326dca48c843d4a905478c4853c6941d0c3b0,0.0,0.0,0.0,160000.0
False,0.0,0.0,0.0,R2_L1,3,False,haze4k_train_oof,f296280e80477809f39545278c9698d74683f2e550588d0784299cd73fcd117b,0.0,0.0,0.0,160000.0
False,0.0,0.0,0.0,R2_L1,3,False,haze4k_train_oof,f2abef9cc515b78b9c6c90af8a4ed0cd2b08a8059fe27b68cff0d75c141ad52a,0.0,0.0,0.0,160000.0
False,0.0,0.0,0.0,R2_L1,1,False,haze4k_train_oof,f2e7948b887228bee3b8c867284e71ee4366d4a34a5e7ba971d4e641e3fe1a24,0.0,0.0,0.0,160000.0
False,0.0,0.0,0.0,R2_L1,2,False,haze4k_train_oof,f388056b7349ee1960ba25ca4e4b44f1cede7cc3d0c2c87e16b56962b41c63e0,0.0,0.0,0.0,160000.0
False,0.0,0.0,0.0,R2_L1,2,False,haze4k_train_oof,f3b72916c216f795b064aec1af073a2a4c40f259eda0a2c9e6357a7f8e22117f,0.0,0.0,0.0,160000.0
False,0.0,0.0,0.0,R2_L1,2,False,haze4k_train_oof,f3d6ebcd70e5ca717ddf2a495a6e91144106c2d25c4af3bf24514bd798345eca,0.0,0.0,0.0,307200.0
False,0.0,0.0,0.0,R2_L1,2,False,haze4k_train_oof,f3da20c996715b9757e298fc5729202231f464b379cdc8fb2d6f7385fe8b9ed7,0.0,0.0,0.0,160000.0
False,0.0,0.0,0.0,R2_L1,1,False,haze4k_train_oof,f3f6d707af7683794ae6de1d257821619b8183771e5f5f5d306fcb0707ed5cca,0.0,0.0,0.0,307200.0
False,0.0,0.0,0.0,R2_L1,3,False,haze4k_train_oof,f4387c40598d62fb7593c0cca0483a04f1ad127c7001a52c3a82de8167510cea,0.0,0.0,0.0,160000.0
False,0.0,0.0,0.0,R2_L1,2,False,haze4k_train_oof,f447c9967425a179003641d9f6145d0ecf7103a52d6cd30aef84b44f774565f3,0.0,0.0,0.0,160000.0
False,0.0,0.0,0.0,R2_L1,2,False,haze4k_train_oof,f4697cf0acc88c3686c84bf5656f5232bbb58eb5927cbe13f2216fdae6fbc97d,0.0,0.0,0.0,160000.0
False,0.0,0.0,0.0,R2_L1,0,False,haze4k_train_oof,f4b0f9e90acbe9b22a85997133a33e8bae6ac0943e5b5b657f876514b548e16c,0.0,0.0,0.0,160000.0
False,0.0,0.0,0.0,R2_L1,2,False,haze4k_train_oof,f50e61fb92669d4c192e1773780424c4c63242b1d4344d10d07dc798cff401b8,0.0,0.0,0.0,307200.0
False,0.0,0.0,0.0,R2_L1,4,False,haze4k_train_oof,f5173c986c47bca4a526f0858bdb6d1a20d625ff3728943611b11a53cfa56df9,0.0,0.0,0.0,307200.0
False,0.0,0.0,0.0,R2_L1,2,False,haze4k_train_oof,f52b1d069f6efd8e42997e6120fdc49422c4b9ecde1e5da9b08d3e51648eebb7,0.0,0.0,0.0,160000.0
False,0.0,0.0,0.0,R2_L1,3,False,haze4k_train_oof,f57562055a010572ebc5a2dd6ee54946091bcf80307f044b6debb2a87560ad13,0.0,0.0,0.0,160000.0
False,0.0,0.0,0.0,R2_L1,2,False,haze4k_train_oof,f61f9ff556d76559f08eaf12908c59efff4d857ada695e3463be083d1e2931b3,0.0,0.0,0.0,307200.0
False,0.0,0.0,0.0,R2_L1,2,False,haze4k_train_oof,f684525abc09dd3418dc4cab5fa2a28ab0af8dc809e97f2994b7eb9ff7f39ef6,0.0,0.0,0.0,307200.0
False,0.0,0.0,0.0,R2_L1,3,False,haze4k_train_oof,f6cbbee6afd5460d9071f33db1b3173826a1d0b9f51fcd9e82d515bf74d23804,0.0,0.0,0.0,160000.0
False,0.0,0.0,0.0,R2_L1,3,False,haze4k_train_oof,f75c6565eb455f1f0a5292e449d0f3a0617d3ea53288d12e4684cc1f5c7a60c3,0.0,0.0,0.0,160000.0
False,0.0,0.0,0.0,R2_L1,2,False,haze4k_train_oof,f7951de587cd3a1ee05637433532e1ab5ac94476e88e7c0da132a0616ea3c1b4,0.0,0.0,0.0,307200.0
False,0.0,0.0,0.0,R2_L1,1,False,haze4k_train_oof,f7ad5a61e48d5b5503b967a39e96e371804a2e85531fb1d579c5a0284b3a8e04,0.0,0.0,0.0,307200.0
False,0.0,0.0,0.0,R2_L1,4,False,haze4k_train_oof,f7ca9048c053c55e3946c661cec7ee69645f69060bf2db742df3cda6ace2e17f,0.0,0.0,0.0,307200.0
False,0.0,0.0,0.0,R2_L1,1,False,haze4k_train_oof,f80f309309cb41c13b91a72da79811abdd441f0080bd129fc1ae3a115aa7a787,0.0,0.0,0.0,160000.0
False,0.0,0.0,0.0,R2_L1,2,False,haze4k_train_oof,f8a589a8cd01f8fa00e736b50402c20851d5b7c5d4ffcf319d0b544f1d60cdb6,0.0,0.0,0.0,160000.0
False,0.0,0.0,0.0,R2_L1,0,False,haze4k_train_oof,f8edb867cf35ff700783c60fdf5068b3dacf2fc223b0f0d79641f4171f0d66e9,0.0,0.0,0.0,160000.0
False,0.0,0.0,0.0,R2_L1,2,False,haze4k_train_oof,f93746afcb7aaba276ef89580fcaaa2a6df0248064eb757abcded015e09662ce,0.0,0.0,0.0,307200.0
False,0.0,0.0,0.0,R2_L1,3,False,haze4k_train_oof,fa01c857b1a87ff85b35c01e323ee9d17ee03e79cba7fced319611a6c8f32b41,0.0,0.0,0.0,307200.0
False,0.0,0.0,0.0,R2_L1,4,False,haze4k_train_oof,fa45765318a9efbe78854319eea635e9cef2e6cf18aa53634a79c2112ce3d2b6,0.0,0.0,0.0,160000.0
False,0.0,0.0,0.0,R2_L1,1,False,haze4k_train_oof,fa5a1edfba9096ea27cc32ba44a10107c5e123ba646fcca241f93d6555149763,0.0,0.0,0.0,307200.0
False,0.0,0.0,0.0,R2_L1,3,False,haze4k_train_oof,fa71382cd0b59eaf98678680ae99272e7b9443aa64f3d8666293dead0788cefb,0.0,0.0,0.0,307200.0
False,0.0,0.0,0.0,R2_L1,0,False,haze4k_train_oof,fb38e579a5096c58103e153a1d37390dd152e6a038da5b7260cc6efd33b13c52,0.0,0.0,0.0,307200.0
False,0.0,0.0,0.0,R2_L1,2,False,haze4k_train_oof,fb685e5e2857e005fe146312737cc225ceda003805638fc0316e2bb1d03aff32,0.0,0.0,0.0,160000.0
False,0.0,0.0,0.0,R2_L1,4,False,haze4k_train_oof,fb73630833be09ab1581b91ebd1ac7349fc83f444ba1a872c64aed10a865b37e,0.0,0.0,0.0,307200.0
False,0.0,0.0,0.0,R2_L1,1,False,haze4k_train_oof,fbb5aee39e68a62f32ef4e221d7725feb981e7616c080438576dfa8a945fe8bc,0.0,0.0,0.0,160000.0
False,0.0,0.0,0.0,R2_L1,4,False,haze4k_train_oof,fbe5f5d45eb563da7270d5872e05d55449d36a3b290fcd155b5e2b29eb5b9125,0.0,0.0,0.0,160000.0
False,0.0,0.0,0.0,R2_L1,0,False,haze4k_train_oof,fc46e04dddfc964199472cce9c171af5df2d2dbb4397f2104d7757e022c7ab07,0.0,0.0,0.0,307200.0
False,0.0,0.0,0.0,R2_L1,3,False,haze4k_train_oof,fd8b5ae8ccb200cb33fe60d3f1ea3ec0b597dd3e95a913f5854322625f0219c6,0.0,0.0,0.0,307200.0
False,0.0,0.0,0.0,R2_L2,1,False,haze4k_train_oof,0059eac40c0514150bb6e71018dbb9d8a4c1c227c483bfbf8bac1615e2539aa6,0.0,0.0,0.0,307200.0
False,0.0,0.0,0.0,R2_L2,0,False,haze4k_train_oof,0062f17865656805ebaebdc80b8f3a3c67126f09bf2ce9eff5116ef6fbeb4ac8,0.0,0.0,0.0,160000.0
False,0.0,0.0,0.0,R2_L2,4,False,haze4k_train_oof,00e8968acc69366a0f3b7fa70106fc77bd396cee62f727d5b7725d01623e2487,0.0,0.0,0.0,160000.0
False,0.0,0.0,0.0,R2_L2,1,False,haze4k_train_oof,00fe6a418e93bdac6fd16db912d45663f3943813c3e5774895921e0bb7d7d9bc,0.0,0.0,0.0,160000.0
False,0.0,0.0,0.0,R2_L2,3,False,haze4k_train_oof,01572b6a1f379705c3149744f68e08ea2bd6eec72f361c7307ed4d613573c52e,0.0,0.0,0.0,160000.0
False,0.0,0.0,0.0,R2_L2,1,False,haze4k_train_oof,017854902a4e3031a19ae990d8632d74db1e65e0fdd8e08881aea69da3d6103c,0.0,0.0,0.0,307200.0
False,0.0,0.0,0.0,R2_L2,1,False,haze4k_train_oof,018481b8e1d2c375b4852f74f10672da9c12985ebbc15a867733d32590e21246,0.0,0.0,0.0,307200.0
False,0.0,0.0,0.0,R2_L2,0,False,haze4k_train_oof,019d1beb2ac13b409b64e3faf5f601800517880a1caba26b958acbda885dc9be,0.0,0.0,0.0,160000.0
False,0.0,0.0,0.0,R2_L2,4,False,haze4k_train_oof,01ea31d89fc44114033b08b0375ade2a196dfc1444ea6936bfa6ff4ce312880d,0.0,0.0,0.0,307200.0
False,0.0,0.0,0.0,R2_L2,1,False,haze4k_train_oof,02325ff643929b5186b6f5469bdf20e6a7d344a2d4708c650f7047b3e93f2f5c,0.0,0.0,0.0,160000.0
False,0.0,0.0,0.0,R2_L2,4,False,haze4k_train_oof,02c35322ba487afcf864e376e94ecbf28ca53d0904db0c5f02c4b75ddf351796,0.0,0.0,0.0,307200.0
False,0.0,0.0,0.0,R2_L2,0,False,haze4k_train_oof,03f5374aee2d67dd03005194d3ae9694c866587ed80e51af0dadbed072f3d11f,0.0,0.0,0.0,160000.0
False,0.0,0.0,0.0,R2_L2,3,False,haze4k_train_oof,04c0fc5d5d7d09eb83ae85c39db82df81ed48574f0d8561dd3b703e5485c1edc,0.0,0.0,0.0,307200.0
False,0.0,0.0,0.0,R2_L2,1,False,haze4k_train_oof,065200da89c85406fe60a5d7d96fdf28774ef6ccb91dfa00704196ce768c5ea1,0.0,0.0,0.0,160000.0
False,0.0,0.0,0.0,R2_L2,0,False,haze4k_train_oof,06b0daf8dfe2bfbca96b9ffa2f032ca6da81452f15bcf274793b49f1c4122862,0.0,0.0,0.0,160000.0
False,0.0,0.0,0.0,R2_L2,1,False,haze4k_train_oof,06b3b4d0a7a3692a5257f5f059a7eec6572c5542481db16caca7af532b2e4667,0.0,0.0,0.0,160000.0
False,0.0,0.0,0.0,R2_L2,1,False,haze4k_train_oof,06d18929cf995fbe293e219923ecd63da5a10b47703710378ca3a3c45beae8b4,0.0,0.0,0.0,160000.0
False,0.0,0.0,0.0,R2_L2,4,False,haze4k_train_oof,071eb2a3b1840e05b16713ed0e76bb675023c03b5ab856e3585b427c043c4124,0.0,0.0,0.0,307200.0
False,0.0,0.0,0.0,R2_L2,3,False,haze4k_train_oof,0729f8805e28b62ff73f2b8f28288217f83c58880dc1d01f5f3780cb01f23162,0.0,0.0,0.0,307200.0
False,0.0,0.0,0.0,R2_L2,0,False,haze4k_train_oof,074c4f3e952dc78c39f9d52ebb026b66e0fee3236d31478b4f566b8f98000a4a,0.0,0.0,0.0,160000.0
False,0.0,0.0,0.0,R2_L2,4,False,haze4k_train_oof,0751426409551787185ce77e74973f226b405fbe6d29df13c72a75c5f55635e6,0.0,0.0,0.0,160000.0
False,0.0,0.0,0.0,R2_L2,0,False,haze4k_train_oof,089a362f56dd8c1920de1a869664a1402a5c064bea777616d7d695689e66b373,0.0,0.0,0.0,307200.0
False,0.0,0.0,0.0,R2_L2,1,False,haze4k_train_oof,08af8ac067bba159f2e79e67b68384a7c313457e6d110c9ed7765aab70fa802f,0.0,0.0,0.0,307200.0
False,0.0,0.0,0.0,R2_L2,3,False,haze4k_train_oof,08b7b999957aa20523aac1514c50751fa3d611ac0d7cd72ff80e3c900d103631,0.0,0.0,0.0,160000.0
False,0.0,0.0,0.0,R2_L2,3,False,haze4k_train_oof,08f32eb376a909d86fa89c84bf6da714c6c1143eb27b87488434f018ce972c76,0.0,0.0,0.0,307200.0
False,0.0,0.0,0.0,R2_L2,3,False,haze4k_train_oof,0a3282860dd790646a0658289530b8e238096014b9f18dd67a6388db4fea6aee,0.0,0.0,0.0,160000.0
False,0.0,0.0,0.0,R2_L2,3,False,haze4k_train_oof,0a3c638691ca3d4538cc447626ee0c4f06b5b11bfeb37001306941eb244bac94,0.0,0.0,0.0,160000.0
False,0.0,0.0,0.0,R2_L2,3,False,haze4k_train_oof,0ab306d3e150eb7d658f0e9a59e35e317a745981b3ff9ce2bbda990352c6d27f,0.0,0.0,0.0,160000.0
False,0.0,0.0,0.0,R2_L2,0,False,haze4k_train_oof,0bffa5c601cd4252e96d93786aaaaac32eda5e2ff3b18ad1d7bc871af536e4e8,0.0,0.0,0.0,160000.0
False,0.0,0.0,0.0,R2_L2,3,False,haze4k_train_oof,0cc155a9804759866d3d9fcd9f8e0dd048fe2834c9f56654fd5072c913c0ad66,0.0,0.0,0.0,160000.0
False,0.0,0.0,0.0,R2_L2,3,False,haze4k_train_oof,0d1945547f43ccb7609fe56f0e8cc46a33fd6125b525a569a369c589ea578332,0.0,0.0,0.0,307200.0
False,0.0,0.0,0.0,R2_L2,2,False,haze4k_train_oof,0e9a9a5de1416a98d3371f53b1fa74bd9766b22746135c6aff3d9aea791d033b,0.0,0.0,0.0,160000.0
False,0.0,0.0,0.0,R2_L2,2,False,haze4k_train_oof,0f0b28e60d89832bb68f838fde1d7110a23fca0cc60657bfe34abf192b71c6cc,0.0,0.0,0.0,160000.0
False,0.0,0.0,0.0,R2_L2,2,False,haze4k_train_oof,0f46a279ccaeae86598126ff0c046a22058bad2b86c91a4a33e2d99481f5bcec,0.0,0.0,0.0,307200.0
False,0.0,0.0,0.0,R2_L2,2,False,haze4k_train_oof,0fbcce9cb818a404c0cef3d93339e6c667819863ba1503cbfbe1b821a4cf6172,0.0,0.0,0.0,307200.0
False,0.0,0.0,0.0,R2_L2,4,False,haze4k_train_oof,107d09977a8a5d14dce80e9a0dc1ef3099f3864376f05d7c4a133bbb16d26241,0.0,0.0,0.0,160000.0
False,0.0,0.0,0.0,R2_L2,1,False,haze4k_train_oof,1210a1c1659b67cb090e0bbcf0a49eb195248d5f1494be777a6aa88cb9a489b9,0.0,0.0,0.0,160000.0
False,0.0,0.0,0.0,R2_L2,2,False,haze4k_train_oof,121fcf5a8d8ee21b3209ccaf2f14a7c33b3230e6cea7e8edb43d285969ad8613,0.0,0.0,0.0,160000.0
False,0.0,0.0,0.0,R2_L2,0,False,haze4k_train_oof,12395f8c4f4e5c8406b1fed03c4587798340bb06f7ae599c27c25d44898b6004,0.0,0.0,0.0,160000.0
False,0.0,0.0,0.0,R2_L2,3,False,haze4k_train_oof,1353506cbc9880d0798f1061e1b7c366541309f8f7533a200c5a5f49fd3d21b7,0.0,0.0,0.0,307200.0
False,0.0,0.0,0.0,R2_L2,0,False,haze4k_train_oof,13a0c02f0f43af8b0e13aa0cb8c256d9c7f78646f00eda177768033a75cbd4ad,0.0,0.0,0.0,160000.0
False,0.0,0.0,0.0,R2_L2,1,False,haze4k_train_oof,14857ac65206ec4198e9a4f3810a536bb65d64b41c9c3615dff23922310c8601,0.0,0.0,0.0,160000.0
False,0.0,0.0,0.0,R2_L2,1,False,haze4k_train_oof,14f23240dea2b607f55ce63fc2f2a990567cb2f690ed0317d52808c6cf0cd825,0.0,0.0,0.0,160000.0
False,0.0,0.0,0.0,R2_L2,3,False,haze4k_train_oof,1590c2bfd2679f8fedd87e5453635fe86e61f9fc935bcc16f85f9f765cc7a08b,0.0,0.0,0.0,160000.0
False,0.0,0.0,0.0,R2_L2,1,False,haze4k_train_oof,15af76ac38c9da480d3725249fa5c90eedc1b1fc882f0f060b7167b99ac773dd,0.0,0.0,0.0,307200.0
False,0.0,0.0,0.0,R2_L2,3,False,haze4k_train_oof,162d074ea9b5536188c946ff9b6921c5a95304042fd04c6acea44164912ad962,0.0,0.0,0.0,160000.0
False,0.0,0.0,0.0,R2_L2,4,False,haze4k_train_oof,166024886375fc48decb6f7aa00ff2cd118c44d8362e856c05a846e06bd452f0,0.0,0.0,0.0,160000.0
False,0.0,0.0,0.0,R2_L2,3,False,haze4k_train_oof,16d269c2c3a4db7d56b569b9ca76d28207cf57ae557824788da572985afde8b0,0.0,0.0,0.0,307200.0
False,0.0,0.0,0.0,R2_L2,3,False,haze4k_train_oof,1781559bca0e2743a88d2864ee5fb8e7d4cdf9f4ceca157bb401326567bc60af,0.0,0.0,0.0,160000.0
False,0.0,0.0,0.0,R2_L2,4,False,haze4k_train_oof,17d39c01da2c8fe5ab2727c02faf694fbb699a6c825b1f56ea9cae614b7f57d7,0.0,0.0,0.0,160000.0
False,0.0,0.0,0.0,R2_L2,3,False,haze4k_train_oof,1835efd9aba3a314fd2389e06c04c3a3491545d68f045d0daff2a772ed9669c6,0.0,0.0,0.0,160000.0
False,0.0,0.0,0.0,R2_L2,0,False,haze4k_train_oof,19333c3babfb0a9a69c9f71ed92ffa2d508309ab62842e9c5c580e317a26ef73,0.0,0.0,0.0,160000.0
False,0.0,0.0,0.0,R2_L2,2,False,haze4k_train_oof,196e3cd641a4a04c918a7743ab940b5ba671aff1791e9f2ddd477cea6f99fcc1,0.0,0.0,0.0,160000.0
False,0.0,0.0,0.0,R2_L2,3,False,haze4k_train_oof,19cb138715501ef08e6674ae3db9fc4b67f8c3db522b82ca537a48a4a1ba686c,0.0,0.0,0.0,160000.0
False,0.0,0.0,0.0,R2_L2,4,False,haze4k_train_oof,1a779e1118d7970aa2e393ba32621b8d525f7e5571745cfa5fc7a32c6ad73c37,0.0,0.0,0.0,160000.0
False,0.0,0.0,0.0,R2_L2,2,False,haze4k_train_oof,1ab0c004bb2964b0b378f94f85ad121c666faebe30795b047c72c726eaa2e8d2,0.0,0.0,0.0,307200.0
False,0.0,0.0,0.0,R2_L2,3,False,haze4k_train_oof,1b1aedc7dc8f1ee443d18d6b64aa92c0105bef9a96c2d5b28eb1c64254904b7a,0.0,0.0,0.0,307200.0
False,0.0,0.0,0.0,R2_L2,1,False,haze4k_train_oof,1b27b11b2aad75933b851ef73eecd09037f32da058d87ea56cbfc1a7596e56a5,0.0,0.0,0.0,160000.0
False,0.0,0.0,0.0,R2_L2,4,False,haze4k_train_oof,1bbe0348da6b87cf5fd18a053f0f7a1f36e58aaff094f96fa7d610bc028cf50f,0.0,0.0,0.0,307200.0
False,0.0,0.0,0.0,R2_L2,0,False,haze4k_train_oof,1c24400b07ef576879fac0bf1b8bb08281872cc9fef0bcadbea0427c5103094a,0.0,0.0,0.0,160000.0
False,0.0,0.0,0.0,R2_L2,3,False,haze4k_train_oof,1cd446767ca42538b195cf4c1d33dac9343d0ee71b83d6e1a7af20f744e84dbe,0.0,0.0,0.0,160000.0
False,0.0,0.0,0.0,R2_L2,0,False,haze4k_train_oof,1d153d2f6f64ae1cf240e08d47eb0fecbad2fe9664c0fe654774bf4c180b75e4,0.0,0.0,0.0,307200.0
False,0.0,0.0,0.0,R2_L2,2,False,haze4k_train_oof,1d2261d7c2b3f53b35e2a0fe172ba402eaa3d9d0e66352f5404e387776a62ade,0.0,0.0,0.0,307200.0
False,0.0,0.0,0.0,R2_L2,3,False,haze4k_train_oof,1d74182b2493b63a96875bc876716088ac91dd77dd00f7b5b02a10f66f6f559a,0.0,0.0,0.0,307200.0
False,0.0,0.0,0.0,R2_L2,1,False,haze4k_train_oof,1d82644808ec3bd80d4fef60d299a3b4deff30d93e9ac3ea926daf8e61b5c6c3,0.0,0.0,0.0,307200.0
False,0.0,0.0,0.0,R2_L2,0,False,haze4k_train_oof,1e791fec8c93c964da8a45ec044944200f34b8e409842c4f797da62fbf4a9b25,0.0,0.0,0.0,160000.0
False,0.0,0.0,0.0,R2_L2,2,False,haze4k_train_oof,1f7559f1a64089a8ae5254bc063121d972b8b10f4c9f95d12d469b9144dadc1e,0.0,0.0,0.0,307200.0
False,0.0,0.0,0.0,R2_L2,0,False,haze4k_train_oof,1f8ef93a2ef1835f6198f124d519e264a07c7ec380eeb379f830af48b0d3cccf,0.0,0.0,0.0,160000.0
False,0.0,0.0,0.0,R2_L2,2,False,haze4k_train_oof,1fef587d86b4fbf6ee6a2ffb81dd4f704601e9fa609ee65f883c288ffee5aae3,0.0,0.0,0.0,307200.0
False,0.0,0.0,0.0,R2_L2,0,False,haze4k_train_oof,201497c760d7885d5d067d3d065c5c0f4f887a865c06eb1f980735c8452097d1,0.0,0.0,0.0,307200.0
False,0.0,0.0,0.0,R2_L2,0,False,haze4k_train_oof,20606056e8cc47a7f37c3784a35e1b5ff62d361bbdb60dcf8396549ccb0ad109,0.0,0.0,0.0,160000.0
False,0.0,0.0,0.0,R2_L2,0,False,haze4k_train_oof,20d98de865ea0710b77257bef2f710b3d700564b17b215b3071aafd1af584022,0.0,0.0,0.0,307200.0
False,0.0,0.0,0.0,R2_L2,0,False,haze4k_train_oof,20de96507a80e581c8c784fbe4d0891b8f1997aee28cd2b15b28e7666f4a868e,0.0,0.0,0.0,307200.0
False,0.0,0.0,0.0,R2_L2,3,False,haze4k_train_oof,2115d0381d7cfcc2d3608981e7e5cd6276615b92b107229f649bf172c4af06d2,0.0,0.0,0.0,307200.0
False,0.0,0.0,0.0,R2_L2,1,False,haze4k_train_oof,217570835a6d5232092fafdac64f9b647768e0a4c8fbb73b37fced35f8c8e412,0.0,0.0,0.0,160000.0
False,0.0,0.0,0.0,R2_L2,3,False,haze4k_train_oof,2188fecca08acd9e41cf1892bc332435165eeed53d5f535c77146b1204289dc8,0.0,0.0,0.0,307200.0
False,0.0,0.0,0.0,R2_L2,4,False,haze4k_train_oof,219e839fa1ce8871b0ab0c9d4fba06e947a8bc80b8b358ff0f185e4b86fb1916,0.0,0.0,0.0,307200.0
False,0.0,0.0,0.0,R2_L2,4,False,haze4k_train_oof,2224c5eab6986290f92ce15936d3532e0bcbb168e6041386ac1c53a963b41d9e,0.0,0.0,0.0,307200.0
False,0.0,0.0,0.0,R2_L2,2,False,haze4k_train_oof,2249e7451b17baa17c1ef663f51727d7c2acc24d99306e2980980f2bec0459d3,0.0,0.0,0.0,307200.0
False,0.0,0.0,0.0,R2_L2,0,False,haze4k_train_oof,226713ece6fba9ea091d10ab6eb8e65af8e962d558c5b485f16e3c80d1db7906,0.0,0.0,0.0,307200.0
False,0.0,0.0,0.0,R2_L2,4,False,haze4k_train_oof,22f6dcd0636864764206eeb4b5d487fe4f82f973709563dbe20133b9261e4cf8,0.0,0.0,0.0,160000.0
False,0.0,0.0,0.0,R2_L2,2,False,haze4k_train_oof,2339a5741eb8ac5eedc1c46527db0ad6ee23e8abc1998c1f0904a1bec550dc2b,0.0,0.0,0.0,307200.0
False,0.0,0.0,0.0,R2_L2,3,False,haze4k_train_oof,23754b93ea211c8b0a8bd60ca968d3e857f3a629dbe2cfe319c8132598868413,0.0,0.0,0.0,160000.0
False,0.0,0.0,0.0,R2_L2,4,False,haze4k_train_oof,23b52292044eaf79309cf2ae91c5fc5e7195e5e6810d422caa22a5aa9098bd85,0.0,0.0,0.0,307200.0
False,0.0,0.0,0.0,R2_L2,1,False,haze4k_train_oof,23d980293c72dca8d6bbc8feef534188857e60c8168f767aa2613f635f86ebcd,0.0,0.0,0.0,160000.0
False,0.0,0.0,0.0,R2_L2,1,False,haze4k_train_oof,240a36431264938b02a47f0524b24bf13f73b0d0f58d4b1234b086e432a94eb0,0.0,0.0,0.0,160000.0
False,0.0,0.0,0.0,R2_L2,1,False,haze4k_train_oof,240d18d45c90005f49e5e9ffc8c5c8e52f341c6e77108081ebe6fdbde0dd0658,0.0,0.0,0.0,160000.0
False,0.0,0.0,0.0,R2_L2,3,False,haze4k_train_oof,24e47c681a0351df82cb2bed8c2f227fd62709ae8a006e9ae957e377fdbd72f0,0.0,0.0,0.0,307200.0
False,0.0,0.0,0.0,R2_L2,0,False,haze4k_train_oof,24f93c3f6ea8ee5832e54512e34940c27521192ceea1f18a2500f5348682a1fc,0.0,0.0,0.0,307200.0
False,0.0,0.0,0.0,R2_L2,4,False,haze4k_train_oof,2576b2d794e7df1c0f0a01099f12e67698e16a617c6af4916d333cb772da20c6,0.0,0.0,0.0,160000.0
False,0.0,0.0,0.0,R2_L2,0,False,haze4k_train_oof,2611658d06cc01c6e718cf79ef4004cf8ca08d7e000708a5193e5412477c091e,0.0,0.0,0.0,160000.0
False,0.0,0.0,0.0,R2_L2,3,False,haze4k_train_oof,269215eed8afb021aecdfeb4b1a6ee4256c2fb78cee564c4ade585e8b5cd2e1e,0.0,0.0,0.0,160000.0
False,0.0,0.0,0.0,R2_L2,0,False,haze4k_train_oof,26d1f928e0f8d1dcf628acb6a3bd321ef8b866a67b73e5f0bf4b5742d17e1b41,0.0,0.0,0.0,160000.0
False,0.0,0.0,0.0,R2_L2,1,False,haze4k_train_oof,27b4f4f1a172211f2e50a610688df9781d60c64ff5cfd3510fd8d13b76dcac5c,0.0,0.0,0.0,307200.0
False,0.0,0.0,0.0,R2_L2,3,False,haze4k_train_oof,285c12fa84806ac972d3520ff42782733c556c7c54db25a34fe0210d3a683d7e,0.0,0.0,0.0,160000.0
False,0.0,0.0,0.0,R2_L2,0,False,haze4k_train_oof,2865759ab5f4327e0a704fc2bcfe4049fc4c3b5b241af3decf1aea9bfaaefdb0,0.0,0.0,0.0,307200.0
False,0.0,0.0,0.0,R2_L2,4,False,haze4k_train_oof,28e1b692c9b0a3327b4404d271483f7b901279f5750077f220c340e3765110d7,0.0,0.0,0.0,160000.0
False,0.0,0.0,0.0,R2_L2,2,False,haze4k_train_oof,29251a493db748f02372bf6ba4c12499298f69be12c368720d6692a235d8cda9,0.0,0.0,0.0,307200.0
False,0.0,0.0,0.0,R2_L2,1,False,haze4k_train_oof,29c7b134461bcb50232e2e0b703eca9990dfe719cd145c82b35ebc33b689a57a,0.0,0.0,0.0,160000.0
False,0.0,0.0,0.0,R2_L2,1,False,haze4k_train_oof,2a087c0cdce9bd7dace49ab9bf2f29d03b2d7036ae030ff2de8c94c35ab021d2,0.0,0.0,0.0,307200.0
False,0.0,0.0,0.0,R2_L2,1,False,haze4k_train_oof,2a0a3c7346d504d730dd9e6b5add420ec719df46be4ee1fbd8fc6b6064cbead0,0.0,0.0,0.0,307200.0
False,0.0,0.0,0.0,R2_L2,3,False,haze4k_train_oof,2a8967df53565f0f7e4d97e3ec325e07d1cc8e5f4e612f09d1c9faae59b43fc7,0.0,0.0,0.0,160000.0
False,0.0,0.0,0.0,R2_L2,1,False,haze4k_train_oof,2b27c41382ed880672a785d890a1683e9efdaf5d089a1c04f91c3689dd6ffc46,0.0,0.0,0.0,160000.0
False,0.0,0.0,0.0,R2_L2,2,False,haze4k_train_oof,2b6faf7e36b960acb2cb57ab25a303ef9a109a671fe9e0465de63e5a985aedc2,0.0,0.0,0.0,307200.0
False,0.0,0.0,0.0,R2_L2,3,False,haze4k_train_oof,2b8ad41699d474d2d71a5f90b72f278726f7d16b323e1636319df2a1eb8898e5,0.0,0.0,0.0,307200.0
False,0.0,0.0,0.0,R2_L2,2,False,haze4k_train_oof,2bfeed5540b47bebaecdabdbf8352f795d3830692412d1ab0c95e4c71fa787a1,0.0,0.0,0.0,160000.0
False,0.0,0.0,0.0,R2_L2,0,False,haze4k_train_oof,2c3cf1c60f5f5e48126b12604e0b7d3c7a24aa0bc7c400596e6cbbb98a5832d5,0.0,0.0,0.0,307200.0
False,0.0,0.0,0.0,R2_L2,1,False,haze4k_train_oof,2c47bc09fa4bc650bded3933b5642ae1de9b246ca35ba6535bd4454d398dfac5,0.0,0.0,0.0,307200.0
False,0.0,0.0,0.0,R2_L2,4,False,haze4k_train_oof,2c8f759e8e8aa94a0f390529c8a4d2c64bace8655d48691e75caf3519d817709,0.0,0.0,0.0,307200.0
False,0.0,0.0,0.0,R2_L2,3,False,haze4k_train_oof,2d193c8f6e0f44be59295b674976da97ae08a3e22959336df5ba3137b44ad620,0.0,0.0,0.0,307200.0
False,0.0,0.0,0.0,R2_L2,4,False,haze4k_train_oof,2d3a26004307cdba9e8fd92abfd9215b3e1b7cf08a417f3e799ab22f75517a3c,0.0,0.0,0.0,160000.0
False,0.0,0.0,0.0,R2_L2,4,False,haze4k_train_oof,2e2b0c315b200c79e6e104908da8b922e6cb3dbb6f011b2bf2c487bc94a90aa2,0.0,0.0,0.0,307200.0
False,0.0,0.0,0.0,R2_L2,1,False,haze4k_train_oof,2eef94ee0336b735c73ddd0474321052fe642a12a523eb8dcae9d643dbb87075,0.0,0.0,0.0,307200.0
False,0.0,0.0,0.0,R2_L2,3,False,haze4k_train_oof,2fd350fb3d17dcf4d3d5b66deb29abcfaf3263c792ecba0435df9a175e289d20,0.0,0.0,0.0,160000.0
False,0.0,0.0,0.0,R2_L2,1,False,haze4k_train_oof,300e5dcc5aa2a71d9c3e8b4196029acb5cb23e54fa5ca8edeb6606790aae19ea,0.0,0.0,0.0,307200.0
False,0.0,0.0,0.0,R2_L2,1,False,haze4k_train_oof,3018b9d6a14938b9d337aa03aaaaf15f7f273eb9440a55f7849a41f639cdd2ef,0.0,0.0,0.0,160000.0
False,0.0,0.0,0.0,R2_L2,3,False,haze4k_train_oof,30370fabda0efebbd58ca7dbbb5a2d61d67e5712984a22848149fa3a4ff490c9,0.0,0.0,0.0,160000.0
False,0.0,0.0,0.0,R2_L2,1,False,haze4k_train_oof,304946f0881cecfefb1b44aec992c4b7fdc47d2cf4ccfd88da237acd8284db0d,0.0,0.0,0.0,307200.0
False,0.0,0.0,0.0,R2_L2,0,False,haze4k_train_oof,3072b111d4220fe8d065984a22cdca61fc7090198fe4a95d7c3fd330371aedfc,0.0,0.0,0.0,160000.0
False,0.0,0.0,0.0,R2_L2,1,False,haze4k_train_oof,3083efbe6596e6edb39c8daa87753e53778364a4645df0bff8acbe2f146fcda6,0.0,0.0,0.0,160000.0
False,0.0,0.0,0.0,R2_L2,4,False,haze4k_train_oof,30fca3a0ee7fec5d9d31d1ed0a7bf147fc864cffdb90e72d97e091b4d3aeb858,0.0,0.0,0.0,160000.0
False,0.0,0.0,0.0,R2_L2,0,False,haze4k_train_oof,3128516f11a858fc172444ef4a2b70fa2bb26fa39a72c0dfed68e38712316442,0.0,0.0,0.0,307200.0
False,0.0,0.0,0.0,R2_L2,2,False,haze4k_train_oof,31410ceae4c381ddd0527459a1632c44feaec19e6c22f419fb5220e68ff78535,0.0,0.0,0.0,160000.0
False,0.0,0.0,0.0,R2_L2,4,False,haze4k_train_oof,3176fb7dc49a53d16a6a22e695a9ea9ac4cb4f91bf13d832535620c79f65643b,0.0,0.0,0.0,307200.0
False,0.0,0.0,0.0,R2_L2,3,False,haze4k_train_oof,322d98ebef795041d57e7fc5d79b6e8bd850aede12726f340b1986b848d5a1b2,0.0,0.0,0.0,307200.0
False,0.0,0.0,0.0,R2_L2,3,False,haze4k_train_oof,328661fb79bbe9936dc9f212388521be5d330136704b2835eb4462d927cda7c9,0.0,0.0,0.0,160000.0
False,0.0,0.0,0.0,R2_L2,0,False,haze4k_train_oof,333d5290068bc04a1823668e71157f7883b0ae8f5370bca9e1351e5c96505aa8,0.0,0.0,0.0,307200.0
False,0.0,0.0,0.0,R2_L2,2,False,haze4k_train_oof,33c637904fa6d9429f7f7a938716934e8b465978629cd278893c96cff5945eb3,0.0,0.0,0.0,307200.0
False,0.0,0.0,0.0,R2_L2,0,False,haze4k_train_oof,34804f193160353663a87770603c14edcbd32d3409fa95d1f00a5bd2618f3b9b,0.0,0.0,0.0,160000.0
False,0.0,0.0,0.0,R2_L2,2,False,haze4k_train_oof,34c3067e3518a3c4f1d05dae865fe6ff21309c6dd9029c90a564c1dfe8eee8ea,0.0,0.0,0.0,160000.0
False,0.0,0.0,0.0,R2_L2,0,False,haze4k_train_oof,358b0399b6ab7a8c2974816e308a04ebe4f373571e218ba33b59ca795e6fc838,0.0,0.0,0.0,160000.0
False,0.0,0.0,0.0,R2_L2,3,False,haze4k_train_oof,35f91cf0fda25fadb3889731d1e2f024c021dc0f05773ba7cddf69f91c678470,0.0,0.0,0.0,160000.0
False,0.0,0.0,0.0,R2_L2,0,False,haze4k_train_oof,36ac9bc43062cbcbfe5027dd1596866090fc149923e937ed797a91f3c777aa75,0.0,0.0,0.0,307200.0
False,0.0,0.0,0.0,R2_L2,4,False,haze4k_train_oof,3807a870f2615fcef2d26d1bc5ac59b7062ec9efde9f995dab40375bfeb8908d,0.0,0.0,0.0,160000.0
False,0.0,0.0,0.0,R2_L2,4,False,haze4k_train_oof,383e52b38e409d2b8ddc6cb01a09733e736d23a9a1012c8b699ad1c9ac3118f4,0.0,0.0,0.0,307200.0
False,0.0,0.0,0.0,R2_L2,0,False,haze4k_train_oof,3843d5c0b17ad91f8e087389572c1c4bd4f53c22ee81be10a12f4a66a6b6b197,0.0,0.0,0.0,160000.0
False,0.0,0.0,0.0,R2_L2,4,False,haze4k_train_oof,38d19ba9db4ce3c22b6be8b767873f282950193a830d2eee58fd7f7e684ce57d,0.0,0.0,0.0,307200.0
False,0.0,0.0,0.0,R2_L2,0,False,haze4k_train_oof,399ec3a6c7f4e7997a5299c3dd16fec0f18c6324107174f65c58e0ef0400f1b2,0.0,0.0,0.0,307200.0
False,0.0,0.0,0.0,R2_L2,2,False,haze4k_train_oof,39b3437baf3110c4f112d0fe0e84dcbe94854dd50d88d81e130bc4a7c66bbeba,0.0,0.0,0.0,160000.0
False,0.0,0.0,0.0,R2_L2,1,False,haze4k_train_oof,3a1a5286066029417afe19f2409e96b5d6799134ba8a184f7b262f938726b24e,0.0,0.0,0.0,307200.0
False,0.0,0.0,0.0,R2_L2,4,False,haze4k_train_oof,3b5f4022bee90a8d5d4701329f79ec5e1ae20c81722a006b4f9a8004f19d54e2,0.0,0.0,0.0,160000.0
False,0.0,0.0,0.0,R2_L2,4,False,haze4k_train_oof,3bf1ba6099edaea2ccc6f471d8d77b0266e2bea42f4bbfabd760ccee570abd10,0.0,0.0,0.0,307200.0
False,0.0,0.0,0.0,R2_L2,3,False,haze4k_train_oof,3c0525f4e5fb9f3017707297d95c20d43c67db3529b3cebb2323930d32da0abd,0.0,0.0,0.0,307200.0
False,0.0,0.0,0.0,R2_L2,3,False,haze4k_train_oof,3c97994dc4fc9fd15974185924164891c697863f37143f85f5c82a0a520882b2,0.0,0.0,0.0,307200.0
False,0.0,0.0,0.0,R2_L2,3,False,haze4k_train_oof,3cd981bf817d97b56e27ba1114867c7927c55c1a14534e88eb000d2088ce6d6d,0.0,0.0,0.0,160000.0
False,0.0,0.0,0.0,R2_L2,2,False,haze4k_train_oof,3d1c3a0babe1d555ba4bce5c0f39e8de87509dcfb8a46fa2c511b50a012efd76,0.0,0.0,0.0,307200.0
False,0.0,0.0,0.0,R2_L2,3,False,haze4k_train_oof,3dfc1c08dd38a7766aeaff898d826f4c666bec693dc9b74d19b713a1f7bd119b,0.0,0.0,0.0,307200.0
False,0.0,0.0,0.0,R2_L2,0,False,haze4k_train_oof,3e7e3fa19e2770a7f7bb6f3b3cb6ef3a331671f39b36f21e9b4d8354d523ec54,0.0,0.0,0.0,307200.0
False,0.0,0.0,0.0,R2_L2,4,False,haze4k_train_oof,3e82cfa0b082929e52136ae3ca91301be72e24a86647021fa052ee0bd749d3bd,0.0,0.0,0.0,307200.0
False,0.0,0.0,0.0,R2_L2,3,False,haze4k_train_oof,3ea0a236211a1e6654fcc7e49661c9f6b77b9da00f64228f0b4c1acd41ac20d3,0.0,0.0,0.0,160000.0
False,0.0,0.0,0.0,R2_L2,4,False,haze4k_train_oof,3f136de33c542a06b856e6887aa10232cc0012a43ea2478f102346f8d5004cfb,0.0,0.0,0.0,307200.0
False,0.0,0.0,0.0,R2_L2,3,False,haze4k_train_oof,3f29645c0b2224efb3afdfe1e4a9d1d0b4c2f4e048c6d0fc74ae7b86a45fe352,0.0,0.0,0.0,307200.0
False,0.0,0.0,0.0,R2_L2,2,False,haze4k_train_oof,3faefcc29492d1f97091150c746792ca1f4ea2ae4ff9300b1b9e40d0dd007a6c,0.0,0.0,0.0,160000.0
False,0.0,0.0,0.0,R2_L2,4,False,haze4k_train_oof,40a620f0a4cf5a5bb63f7de0c8543d90f510916ddd94e91b7ecf422eeb3878f3,0.0,0.0,0.0,160000.0
False,0.0,0.0,0.0,R2_L2,0,False,haze4k_train_oof,4101b571cc87432f73727a2b2b9ed100a2c8959a8e28388e35f64338a9173324,0.0,0.0,0.0,160000.0
False,0.0,0.0,0.0,R2_L2,1,False,haze4k_train_oof,415ccf5b0f87616be2041e76ad7d07dfaf3237309b84dc31622167cb7ec8ce43,0.0,0.0,0.0,307200.0
False,0.0,0.0,0.0,R2_L2,3,False,haze4k_train_oof,416a485d2821601277c36b7ca43505e6b4b9d3750eda1c500988fd2fb65c3fcd,0.0,0.0,0.0,307200.0
False,0.0,0.0,0.0,R2_L2,0,False,haze4k_train_oof,42e3a952dcd305ac308978765f88c0346b267dc638dee48108f5d2840897bfcd,0.0,0.0,0.0,307200.0
False,0.0,0.0,0.0,R2_L2,4,False,haze4k_train_oof,4376e7a832ec23e5fa71673b32989119398e46ad3161c686f79957d39671f015,0.0,0.0,0.0,307200.0
False,0.0,0.0,0.0,R2_L2,2,False,haze4k_train_oof,43e852b91befd21bff368a0d57405ab136db15623f818aeb1fa7b53391374f9e,0.0,0.0,0.0,160000.0
False,0.0,0.0,0.0,R2_L2,0,False,haze4k_train_oof,441c490528125020d260dd4ec34b9f30af8a79d886e7bb83ceae1037d909c6d8,0.0,0.0,0.0,160000.0
False,0.0,0.0,0.0,R2_L2,0,False,haze4k_train_oof,449ed095fe118c741d536ca38dae7c53685e459f9fa5320870f82cd2a926b80b,0.0,0.0,0.0,160000.0
False,0.0,0.0,0.0,R2_L2,3,False,haze4k_train_oof,451be166afa9391d0d8077769c169f919614edb04d3d24c149eabb3d8785750c,0.0,0.0,0.0,307200.0
False,0.0,0.0,0.0,R2_L2,4,False,haze4k_train_oof,45b2ede5f17d30e61952ea19c211847316b97725bc58115f04774ce7f14287b4,0.0,0.0,0.0,160000.0
False,0.0,0.0,0.0,R2_L2,2,False,haze4k_train_oof,46d09b99225c2ecf518ddc65e45c72999f0df4de6a1ea7fe8b3ecb854d2f8147,0.0,0.0,0.0,307200.0
False,0.0,0.0,0.0,R2_L2,4,False,haze4k_train_oof,46e0dec842296df74c77ce82de1071e20bb783ff31280028db4488602a1ec1b2,0.0,0.0,0.0,307200.0
False,0.0,0.0,0.0,R2_L2,3,False,haze4k_train_oof,47b1617f15286dd6ad335526cce559449db6eb8fa2b5385c0db83c2cd1b0debe,0.0,0.0,0.0,160000.0
False,0.0,0.0,0.0,R2_L2,4,False,haze4k_train_oof,48ebc87fb77eeb80737bf90f5e0b74e6af7eb5184301b3ecafe79bb2bb9c8288,0.0,0.0,0.0,160000.0
False,0.0,0.0,0.0,R2_L2,1,False,haze4k_train_oof,493026245aebe21f963b9f49955f7ac979682dc58cda8a9dffc71b4546321282,0.0,0.0,0.0,160000.0
False,0.0,0.0,0.0,R2_L2,1,False,haze4k_train_oof,49a0daba0f198db64c31e46433ef1be1d48da7d79dee6852ed5758d5867e00d1,0.0,0.0,0.0,160000.0
False,0.0,0.0,0.0,R2_L2,1,False,haze4k_train_oof,49e16f4558e14a8958f01994caf3e75f878807266c979a29705c4e9c143536ed,0.0,0.0,0.0,307200.0
False,0.0,0.0,0.0,R2_L2,2,False,haze4k_train_oof,49ee501d0c5d43957648a0a795a8d69f78fe4be0d372f955ecceb3b118b7e3b6,0.0,0.0,0.0,160000.0
False,0.0,0.0,0.0,R2_L2,2,False,haze4k_train_oof,4a1271ee576cecc3ec53f282449c4246db06bbc20d5835ded804ecabde755b82,0.0,0.0,0.0,160000.0
False,0.0,0.0,0.0,R2_L2,0,False,haze4k_train_oof,4a80cd9b7810c4b63099061c924d4be0874a0da9536e5b962c2a06beb6ed62ab,0.0,0.0,0.0,160000.0
False,0.0,0.0,0.0,R2_L2,2,False,haze4k_train_oof,4accb1594114cd0724da8907066f655a2771d7d6e4fdd99729fd4f9f88998d9f,0.0,0.0,0.0,307200.0
False,0.0,0.0,0.0,R2_L2,4,False,haze4k_train_oof,4b23fdf174c5f318e0ed32e696cb2d7e0c50080892a335d29fb3102790285bd5,0.0,0.0,0.0,160000.0
False,0.0,0.0,0.0,R2_L2,1,False,haze4k_train_oof,4b6713442dc366af2b16f3b24af9190b41fe44f680fbd16d9e6d28a7ae2eb616,0.0,0.0,0.0,307200.0
False,0.0,0.0,0.0,R2_L2,0,False,haze4k_train_oof,4c6a769034237efcd481bf6b1d2ed18b1a71634cf1863087c2072865b45fdfca,0.0,0.0,0.0,307200.0
False,0.0,0.0,0.0,R2_L2,4,False,haze4k_train_oof,4cce2d2c0b9aa2a275e6b701d54a63e98227fe103945a14ce0d515e9884b22fd,0.0,0.0,0.0,307200.0
False,0.0,0.0,0.0,R2_L2,4,False,haze4k_train_oof,4d6939de46bf1f7a07d678bf2663ada5c8b5e5042e2740e7f10ab290daa8663a,0.0,0.0,0.0,160000.0
False,0.0,0.0,0.0,R2_L2,2,False,haze4k_train_oof,4d81c0737779e521fcee9bf5ee6465726cb356aeb10085cc1b7d4d0e337135ca,0.0,0.0,0.0,160000.0
False,0.0,0.0,0.0,R2_L2,2,False,haze4k_train_oof,4dc7a399ec5a052526fb1024f7e234c76f46731be82eb7fd5799a7c5ef68ef61,0.0,0.0,0.0,307200.0
False,0.0,0.0,0.0,R2_L2,2,False,haze4k_train_oof,4e126a5de0cc0d50fb0bd8ce1c36015f915fba2e20487a6ab456e6c6da844094,0.0,0.0,0.0,307200.0
False,0.0,0.0,0.0,R2_L2,1,False,haze4k_train_oof,4e3ab41a825a5898f99ca7a1cf745d7a0e05a4d076ccb1f432f3189147a687f6,0.0,0.0,0.0,307200.0
False,0.0,0.0,0.0,R2_L2,2,False,haze4k_train_oof,4e41e8b7bb634f1acf69fba73c6531e2337b6bdbd98cd5460a1d139ac6db2072,0.0,0.0,0.0,160000.0
False,0.0,0.0,0.0,R2_L2,3,False,haze4k_train_oof,4e43a41b0a8a9909629d63fdb46d020a778d6d763fb50cc4b59dca746cff3968,0.0,0.0,0.0,160000.0
False,0.0,0.0,0.0,R2_L2,1,False,haze4k_train_oof,4ef1d171649e8ffcfa458e74476563e69ed009e5eb5e2e093af3446c9b33ddf6,0.0,0.0,0.0,307200.0
False,0.0,0.0,0.0,R2_L2,4,False,haze4k_train_oof,4f5baa217ab096ae7db2ceee1c6ab359b304c2adc3577776459846f2035ac20b,0.0,0.0,0.0,160000.0
False,0.0,0.0,0.0,R2_L2,3,False,haze4k_train_oof,4f66b600facb88c6ed4a605468d995d2800d88aff409fd83a7665dab474dd2b7,0.0,0.0,0.0,307200.0
False,0.0,0.0,0.0,R2_L2,0,False,haze4k_train_oof,4f6f14819999fff8316f4a4f9c9adeccd35f9d9824822d33341b916ed72d7400,0.0,0.0,0.0,160000.0
False,0.0,0.0,0.0,R2_L2,4,False,haze4k_train_oof,4feea785f6d2db2b8703788656eb6838c7da00a573dd33d579b3c9b2b1330159,0.0,0.0,0.0,160000.0
False,0.0,0.0,0.0,R2_L2,2,False,haze4k_train_oof,5029e9f7a89cfa7662e2446347becc107c471f00562c320c64bfe2f07c8bd231,0.0,0.0,0.0,307200.0
False,0.0,0.0,0.0,R2_L2,1,False,haze4k_train_oof,50a75e0d45cb36427196ba6110163c57df135cb4a2912720354926ce07c5ff5d,0.0,0.0,0.0,307200.0
False,0.0,0.0,0.0,R2_L2,4,False,haze4k_train_oof,50c7a1890d042eddb1d3164abd637f58ac4bd6445dc04edc21e4bc8864a611fb,0.0,0.0,0.0,160000.0
False,0.0,0.0,0.0,R2_L2,2,False,haze4k_train_oof,51ae9b406bed57c9b426a31ca33c0d7701290e712b94201a12ce9d93baca21e9,0.0,0.0,0.0,160000.0
False,0.0,0.0,0.0,R2_L2,2,False,haze4k_train_oof,51f547879a601d6d0e2a2d66ec3b5f9958e1fc4ed8298a96061d4eaa219a138f,0.0,0.0,0.0,307200.0
False,0.0,0.0,0.0,R2_L2,4,False,haze4k_train_oof,5228083f159b2143596305986633d0e05b9c3e8bafe6f7a3b72534ccb40137f6,0.0,0.0,0.0,307200.0
False,0.0,0.0,0.0,R2_L2,2,False,haze4k_train_oof,52327328cc0c9b8b8d025ee80df237f07a2d5491a0cfbd8ef82aab9a1976bbfe,0.0,0.0,0.0,307200.0
False,0.0,0.0,0.0,R2_L2,2,False,haze4k_train_oof,52bf090289e3d31ec51603f785e61c9d2f8d7a7b7c3f046b0ef4bb9be3bc193a,0.0,0.0,0.0,160000.0
False,0.0,0.0,0.0,R2_L2,2,False,haze4k_train_oof,531d07e25bf5fe2ffb9ca49d25bf7794c3fcbc69b2507127679ca8e6c88ea43c,0.0,0.0,0.0,307200.0
False,0.0,0.0,0.0,R2_L2,4,False,haze4k_train_oof,5383c4da25181de9478469577f155f617593fa780c13ff9a6857b7ad6d159c0e,0.0,0.0,0.0,160000.0
False,0.0,0.0,0.0,R2_L2,3,False,haze4k_train_oof,53bc77eb29e6a03dd9d4288cd922346af22ddf9be3a52e2af1acb8ad88bdb1c9,0.0,0.0,0.0,160000.0
False,0.0,0.0,0.0,R2_L2,2,False,haze4k_train_oof,53e43ce1504c88816042c9b451a7bfd20ce35b14998165861a184b0676cad9ac,0.0,0.0,0.0,307200.0
False,0.0,0.0,0.0,R2_L2,4,False,haze4k_train_oof,546c863270049e1fb63954fad16081553fc75186582afea1ad75cbdb3794ab9a,0.0,0.0,0.0,160000.0
False,0.0,0.0,0.0,R2_L2,2,False,haze4k_train_oof,54ab08d208da44042205ddc0cedc24ec265e73d339861e323f1a3de28cce2ae1,0.0,0.0,0.0,307200.0
False,0.0,0.0,0.0,R2_L2,4,False,haze4k_train_oof,562f73418fcb1c082b92d2e033a0befa576ca0962bdf568800c56afb6bf28f08,0.0,0.0,0.0,160000.0
False,0.0,0.0,0.0,R2_L2,0,False,haze4k_train_oof,569e701859aa8c694ed932e69ff437301a50911edfd8eb4e3bf5bbab0af4f200,0.0,0.0,0.0,160000.0
False,0.0,0.0,0.0,R2_L2,3,False,haze4k_train_oof,572848e2d0491e6b2e84c981bd36990209d3298838fa7ae481ac4a215affcbfd,0.0,0.0,0.0,160000.0
False,0.0,0.0,0.0,R2_L2,0,False,haze4k_train_oof,57354deff07163027b8c2c2f8aa748b0e86d3a44ab26e50119bfba79b440093e,0.0,0.0,0.0,307200.0
False,0.0,0.0,0.0,R2_L2,0,False,haze4k_train_oof,577e05fdcae490267bf2a74ed80854e363c95e439de045d7a13d0fbdc130b6e6,0.0,0.0,0.0,160000.0
False,0.0,0.0,0.0,R2_L2,4,False,haze4k_train_oof,57f2a4d0575a91a452deb73480126f36cfbee2a4b8bc103575e4c242f5fd04fb,0.0,0.0,0.0,307200.0
False,0.0,0.0,0.0,R2_L2,0,False,haze4k_train_oof,58b0b1dc447fac2a8d76fef76d788c930bacdd059fc91ba27c5d74cf80a87ffc,0.0,0.0,0.0,307200.0
False,0.0,0.0,0.0,R2_L2,1,False,haze4k_train_oof,591998cf5c6fe60b5ac27c3930cbced975609cc5a96d576a2dd0e599dac99fc6,0.0,0.0,0.0,307200.0
False,0.0,0.0,0.0,R2_L2,2,False,haze4k_train_oof,598b05801bbff081ca58ad01da60d0332b96c2d5cf246d142a5970f387d26267,0.0,0.0,0.0,307200.0
False,0.0,0.0,0.0,R2_L2,4,False,haze4k_train_oof,5a51a209fd1ee956044b9db987ff9c08ae57565fa6bb9c41d40a854212373ed1,0.0,0.0,0.0,160000.0
False,0.0,0.0,0.0,R2_L2,2,False,haze4k_train_oof,5b093bbbb65bf206bb97ae3e6df9776eaf34b5a4017afa4b6d23e8082af3a4c7,0.0,0.0,0.0,307200.0
False,0.0,0.0,0.0,R2_L2,0,False,haze4k_train_oof,5db565cdc75904e3e94aa472d24afeb852fde64250584ee94abcdfeb20ab988f,0.0,0.0,0.0,160000.0
False,0.0,0.0,0.0,R2_L2,2,False,haze4k_train_oof,5f04e28fd1af155ff1ee0465d88aa903476adf8fff621837ad9da981f7ee34cc,0.0,0.0,0.0,307200.0
False,0.0,0.0,0.0,R2_L2,0,False,haze4k_train_oof,5f460bd8367781bb34b5189fd681818c8b1b49a1433851366b3b990c8017f603,0.0,0.0,0.0,160000.0
False,0.0,0.0,0.0,R2_L2,3,False,haze4k_train_oof,602d55cc1d86785f48640db75884b0fd9072c76195760937786f6c55daed740e,0.0,0.0,0.0,160000.0
False,0.0,0.0,0.0,R2_L2,1,False,haze4k_train_oof,605f2c4906d33002548b08e4961df6c98f7d47ff662766ad37b22f239e8c8786,0.0,0.0,0.0,307200.0
False,0.0,0.0,0.0,R2_L2,2,False,haze4k_train_oof,6067e8d6dd7ca4448ad6fa927b1aed2a7dc4cb62fd8a4e0603238899c37d978f,0.0,0.0,0.0,160000.0
False,0.0,0.0,0.0,R2_L2,0,False,haze4k_train_oof,60932dc9acc1198e0ce640b18b8e1bda5151d372d2798445650b3e6bfbc4b499,0.0,0.0,0.0,307200.0
False,0.0,0.0,0.0,R2_L2,4,False,haze4k_train_oof,61ceb4901e3dcd14742bef9822b14a94792a90858075e1bf784364fd58c93f87,0.0,0.0,0.0,307200.0
False,0.0,0.0,0.0,R2_L2,1,False,haze4k_train_oof,61e21773747898ccf99b51edbecf7c5e444bb53d22cee71b26ec38a659ed2878,0.0,0.0,0.0,160000.0
False,0.0,0.0,0.0,R2_L2,0,False,haze4k_train_oof,620485df1402d8457b4232ab1ba0db79404f8aa7c24a08fae84c92f6e36e29ec,0.0,0.0,0.0,307200.0
False,0.0,0.0,0.0,R2_L2,1,False,haze4k_train_oof,62b7b118631140d956f56e34d7455c6c8130c84dfeaf750a66889ed444fffa45,0.0,0.0,0.0,307200.0
False,0.0,0.0,0.0,R2_L2,2,False,haze4k_train_oof,6355a9f79ab8b5f9c00756352c83e487464dfa55b6f957868d1a7c0ca2a57000,0.0,0.0,0.0,160000.0
False,0.0,0.0,0.0,R2_L2,4,False,haze4k_train_oof,63c206aa75800458197314d5f60504efc0653a174a9aa2f26b31c372d92bce6e,0.0,0.0,0.0,307200.0
False,0.0,0.0,0.0,R2_L2,1,False,haze4k_train_oof,63c4f3a74c92bda49e8be261dc37af9b9c1e0ee3b4bbf60ea2aee9b313c5e020,0.0,0.0,0.0,307200.0
False,0.0,0.0,0.0,R2_L2,3,False,haze4k_train_oof,63ce8017c6ea5eb371ccecb29d0bc409ddefc91b6bdb9d8a0db5716a26b1982d,0.0,0.0,0.0,160000.0
False,0.0,0.0,0.0,R2_L2,4,False,haze4k_train_oof,640553af7637485a83bd2c160da987a7a0d4822d2a73d8a1f5ca0d43158ae8ee,0.0,0.0,0.0,307200.0
False,0.0,0.0,0.0,R2_L2,0,False,haze4k_train_oof,64a36634fdca1fede0387c1cf85783a90d77bd00f450f323db9a60559ff81692,0.0,0.0,0.0,160000.0
False,0.0,0.0,0.0,R2_L2,0,False,haze4k_train_oof,6545112f375c040a63e8234d3bce2bb194a598b0fd6a3f0f53489cad961d3a2f,0.0,0.0,0.0,160000.0
False,0.0,0.0,0.0,R2_L2,4,False,haze4k_train_oof,657fd10f819cc3287b7324bf8365d8b6c344e665317d72623911eb0624f2e9a3,0.0,0.0,0.0,307200.0
False,0.0,0.0,0.0,R2_L2,1,False,haze4k_train_oof,65954cd460d901af038d9da18e0f05b5e25e730d7581f8f7c37369a1f392e0c3,0.0,0.0,0.0,160000.0
False,0.0,0.0,0.0,R2_L2,0,False,haze4k_train_oof,65d267b0a080dd5029ce4454acb6e113656114e4f880825a91805fe6c09445f0,0.0,0.0,0.0,307200.0
False,0.0,0.0,0.0,R2_L2,2,False,haze4k_train_oof,664957188cd419e5c1715c3f4576480b24ad104b1412d952c20a8e36f158f0ef,0.0,0.0,0.0,307200.0
False,0.0,0.0,0.0,R2_L2,1,False,haze4k_train_oof,664eaaf3ab514b305ad399bdb672846985edab4d013e60ff7cee05bc97f504c5,0.0,0.0,0.0,160000.0
False,0.0,0.0,0.0,R2_L2,3,False,haze4k_train_oof,6691c3680844281ed6acfb71e35d3b47909dc779ba1c27adf4314845baa0d1f9,0.0,0.0,0.0,160000.0
False,0.0,0.0,0.0,R2_L2,3,False,haze4k_train_oof,67158f53227e8cbf1866dd620da410160bdbaabe55444bb906e564b3a96aa67a,0.0,0.0,0.0,160000.0
False,0.0,0.0,0.0,R2_L2,3,False,haze4k_train_oof,679cd08133ad96a6033ea5cae71b65edbbe47dd35e1949331f730679e86fd3cc,0.0,0.0,0.0,307200.0
False,0.0,0.0,0.0,R2_L2,1,False,haze4k_train_oof,68947890e38fddfc7696ac7cdd69c2951ee69e4439c5613dfc8ef9ec63cf9f34,0.0,0.0,0.0,160000.0
False,0.0,0.0,0.0,R2_L2,0,False,haze4k_train_oof,68e87be69ba379790c34aedd396a8ad20aa26bbee6bcd37dee5c2845fa1fe8b2,0.0,0.0,0.0,307200.0
False,0.0,0.0,0.0,R2_L2,1,False,haze4k_train_oof,690978c6a759003e03d8c02339bffdd94c46dfa1a9dddec669d8168c36f02013,0.0,0.0,0.0,307200.0
False,0.0,0.0,0.0,R2_L2,3,False,haze4k_train_oof,69133263c5b847963effe867a21c7ff0d4d344fe35ca4b1929eaf1f00150543a,0.0,0.0,0.0,307200.0
False,0.0,0.0,0.0,R2_L2,2,False,haze4k_train_oof,692e688d2ec2713843211197ae77097dfa2997d5dff798c8308cebd598489628,0.0,0.0,0.0,307200.0
False,0.0,0.0,0.0,R2_L2,1,False,haze4k_train_oof,694f327ac14d503888aae0ca3522e9cf3ea1e7259d234523b9f886e4bc53bd2c,0.0,0.0,0.0,307200.0
False,0.0,0.0,0.0,R2_L2,3,False,haze4k_train_oof,69dcb2981c18d4291b1027876a572f826bb5d4d944c9e6955647e73437353fc1,0.0,0.0,0.0,160000.0
False,0.0,0.0,0.0,R2_L2,4,False,haze4k_train_oof,69ee017adba07763efca08a723fbee0ed03170968791c1a65fbeb2ca201aa34a,0.0,0.0,0.0,160000.0
False,0.0,0.0,0.0,R2_L2,4,False,haze4k_train_oof,69f6b5e555efe19ed9ccbcba3b8b715ce9b826fa651525e1a49baf149d8cd68f,0.0,0.0,0.0,160000.0
False,0.0,0.0,0.0,R2_L2,1,False,haze4k_train_oof,6a0937ce574d7eb400c81395b9d961ad423ff8a58e7c7c6c112da93d0b62fdde,0.0,0.0,0.0,307200.0
False,0.0,0.0,0.0,R2_L2,3,False,haze4k_train_oof,6afdfbb43c08084f80fb169f25df777a7cf0684e6b8a47d35989c50a17b66ea3,0.0,0.0,0.0,307200.0
False,0.0,0.0,0.0,R2_L2,4,False,haze4k_train_oof,6b18e8446a01367345755082cf0d3dd0608b08643ed8339f340446791e48c8f4,0.0,0.0,0.0,160000.0
False,0.0,0.0,0.0,R2_L2,2,False,haze4k_train_oof,6b44b628bc71d9af19d367b61f4d64fdcde72d2c8b417374b16712658e235c84,0.0,0.0,0.0,160000.0
False,0.0,0.0,0.0,R2_L2,0,False,haze4k_train_oof,6b56cd305b0e362d83976ce40791174f90851a06bd6aff0510889f0ea776bf1e,0.0,0.0,0.0,160000.0
False,0.0,0.0,0.0,R2_L2,0,False,haze4k_train_oof,6bfb39d73d0c063e8172745c9dd52147a504c66c976c60433f705b94bd253476,0.0,0.0,0.0,160000.0
False,0.0,0.0,0.0,R2_L2,3,False,haze4k_train_oof,6c31572b814625c82ed3baa121162911c0f6535b4fff12eed51c8d0ae5469d6d,0.0,0.0,0.0,160000.0
False,0.0,0.0,0.0,R2_L2,4,False,haze4k_train_oof,6cd520ddfceb5e6c9cf66678811e589aa4afcede7aca1ad8e8fea693ba9188ee,0.0,0.0,0.0,160000.0
False,0.0,0.0,0.0,R2_L2,2,False,haze4k_train_oof,6ce45488f2b8652f281c9d105f8c541e4d019974c4353f535e5088df35484734,0.0,0.0,0.0,160000.0
False,0.0,0.0,0.0,R2_L2,1,False,haze4k_train_oof,6d01f23dbf79c16cb808fa1e46b62961903efe0625690f71c4e44f8360a2a47e,0.0,0.0,0.0,307200.0
False,0.0,0.0,0.0,R2_L2,2,False,haze4k_train_oof,6d03f8169fc54abad2bf8f10446c1ef6e7721da7fc70480a12ba31b034d77cf5,0.0,0.0,0.0,307200.0
False,0.0,0.0,0.0,R2_L2,0,False,haze4k_train_oof,6d58d6df22fc1491bccfb36b498b228803b00a32d765bb206a0ddad57734b8b8,0.0,0.0,0.0,307200.0
False,0.0,0.0,0.0,R2_L2,3,False,haze4k_train_oof,6d6cb8ded763bf55c7d97b59a95fcda33b554ce16618e8ea5adc006fd4da09e9,0.0,0.0,0.0,160000.0
False,0.0,0.0,0.0,R2_L2,1,False,haze4k_train_oof,6dac746b281583fdab71407c1b213dbee4879f11a1619a535c78dd72fff1fa77,0.0,0.0,0.0,160000.0
False,0.0,0.0,0.0,R2_L2,3,False,haze4k_train_oof,6dbbbb540630e29c2539988bc87e457970d38660cec0449d2ba412d00e745fa2,0.0,0.0,0.0,160000.0
False,0.0,0.0,0.0,R2_L2,3,False,haze4k_train_oof,6df28bac0b353afe1664a53f6345bf56407e7d54edb43d1934b9f1bc5466b1d2,0.0,0.0,0.0,307200.0
False,0.0,0.0,0.0,R2_L2,1,False,haze4k_train_oof,6efbdf70b733a1f8b9db793bedb1691fa661783705c0633211c6dd484290e4ec,0.0,0.0,0.0,160000.0
False,0.0,0.0,0.0,R2_L2,2,False,haze4k_train_oof,6fc7a10b9c03fabc33e740d9fa6ca73dd4c3a06278e0270c1a531bb4cf590663,0.0,0.0,0.0,160000.0
False,0.0,0.0,0.0,R2_L2,4,False,haze4k_train_oof,6ffae7e7159189864275ba975c55fd67a2964afad0b0001e42ea6f38fb7b6d64,0.0,0.0,0.0,160000.0
False,0.0,0.0,0.0,R2_L2,3,False,haze4k_train_oof,701b1c34e4d3fc37dddb7f44e063429a5977d6b27d0de0550bdefbf470931715,0.0,0.0,0.0,307200.0
False,0.0,0.0,0.0,R2_L2,2,False,haze4k_train_oof,70a47a3131f333433ac424b8843871eed4f8bec1745d813cf6b605ab80fe9bb8,0.0,0.0,0.0,160000.0
False,0.0,0.0,0.0,R2_L2,4,False,haze4k_train_oof,7102450dc64ae1aaaebf07e06558616b2d3e850d399544cb791246e88f2a38f0,0.0,0.0,0.0,307200.0
False,0.0,0.0,0.0,R2_L2,2,False,haze4k_train_oof,7248866c9b52a37beb266c4aaa3b03d9f44646d2e21f40039c739a99814b44f5,0.0,0.0,0.0,307200.0
False,0.0,0.0,0.0,R2_L2,0,False,haze4k_train_oof,733e13760fb7ca38dbe12c1a5f4205afe1d15b16d9c8f1f9cf57399d02feb21e,0.0,0.0,0.0,160000.0
False,0.0,0.0,0.0,R2_L2,4,False,haze4k_train_oof,73f68eee99b93b3563e947a25f4003032ddeef15c3cb6895fa4e211048235b87,0.0,0.0,0.0,160000.0
False,0.0,0.0,0.0,R2_L2,2,False,haze4k_train_oof,744935fa322c1f9dadc97d4490a7fc0a59bdd1e24a01e1e91fbd807371023590,0.0,0.0,0.0,307200.0
False,0.0,0.0,0.0,R2_L2,2,False,haze4k_train_oof,753535bcbdd05a3839775ba029255047825cdee2b81116196503b0571a6c534a,0.0,0.0,0.0,307200.0
False,0.0,0.0,0.0,R2_L2,4,False,haze4k_train_oof,76089a7afaff5285aa12bdbcae5014ef725f05fbd290a8ee87e67300d1e51621,0.0,0.0,0.0,307200.0
False,0.0,0.0,0.0,R2_L2,0,False,haze4k_train_oof,76c22ad7527c601b7a295806c0711e9dd420567a09a8cd48600135c09dbe8e7a,0.0,0.0,0.0,160000.0
False,0.0,0.0,0.0,R2_L2,1,False,haze4k_train_oof,76cf21b8d9c6079589928731cab63594076c3f8f6cab4fb766dc2a3681ae6e82,0.0,0.0,0.0,307200.0
False,0.0,0.0,0.0,R2_L2,4,False,haze4k_train_oof,7709577876fe832f097d4727e0df309c00caf50fa5dbe6619ca4066bf888a7a8,0.0,0.0,0.0,307200.0
False,0.0,0.0,0.0,R2_L2,4,False,haze4k_train_oof,77db3f4df8bb29443f4af49108ba8f261f80bb44695d4bdc2873036e348f4283,0.0,0.0,0.0,307200.0
False,0.0,0.0,0.0,R2_L2,4,False,haze4k_train_oof,77fc8f77e107190b2fa6fac37f12369b58119000e79fabc2728306c3b5e34de7,0.0,0.0,0.0,307200.0
False,0.0,0.0,0.0,R2_L2,2,False,haze4k_train_oof,78b8ac8168fece8ff053f814d839fc52ff4dec4b3ed12ac1f5bc1fcf4552c068,0.0,0.0,0.0,160000.0
False,0.0,0.0,0.0,R2_L2,4,False,haze4k_train_oof,7914c0e2a3161b7cdde0f7754d4e5fc7e8658bf371bd5a2c2662af68191ef50a,0.0,0.0,0.0,307200.0
False,0.0,0.0,0.0,R2_L2,1,False,haze4k_train_oof,792d5402357e7a13bec380581301fabbe4c6a33b5970eedf3af6e88380dc523b,0.0,0.0,0.0,307200.0
False,0.0,0.0,0.0,R2_L2,2,False,haze4k_train_oof,79df11faa27e37c18d8f1f6d4403d6a24a32f5e2f4414c68bc74ac4c8c2f2e4b,0.0,0.0,0.0,160000.0
False,0.0,0.0,0.0,R2_L2,2,False,haze4k_train_oof,79ea6f8419015dcd3eccc01364468f0e17a2614bf86eccb96af7617d3c6cbd00,0.0,0.0,0.0,307200.0
False,0.0,0.0,0.0,R2_L2,0,False,haze4k_train_oof,79ff97f0c7cfa47a98e61f6134f702e8e3ca1e90ae38f6e1583cb1050c72c086,0.0,0.0,0.0,307200.0
False,0.0,0.0,0.0,R2_L2,0,False,haze4k_train_oof,7a1ffd83c8fb707cb31700b616819bb7983a16aa5327a38538412b6dea44085c,0.0,0.0,0.0,160000.0
False,0.0,0.0,0.0,R2_L2,1,False,haze4k_train_oof,7a3c6712abe6a999204b4ec8a13dc3664fee1af12ed5f0c7bcd5fccf79f05504,0.0,0.0,0.0,307200.0
False,0.0,0.0,0.0,R2_L2,0,False,haze4k_train_oof,7a3d95f55c2fae48a33c4273b4b306f9e31f6910430b20de861e0d5c31fbb046,0.0,0.0,0.0,307200.0
False,0.0,0.0,0.0,R2_L2,4,False,haze4k_train_oof,7a4f4cc0d7cbcbf3228782e4ddf8cfde96278b37534e8f9ccf39ffb9c4781281,0.0,0.0,0.0,160000.0
False,0.0,0.0,0.0,R2_L2,4,False,haze4k_train_oof,7a58290aefe195e5438a2f33cc2b2c976adba62b6c131c274d6a297e6701906c,0.0,0.0,0.0,307200.0
False,0.0,0.0,0.0,R2_L2,2,False,haze4k_train_oof,7a6d7af3e9dc7ed2739b1351d592fb927a349fb708d935e1415621732e8ef0ae,0.0,0.0,0.0,160000.0
False,0.0,0.0,0.0,R2_L2,2,False,haze4k_train_oof,7bfc28c104b197ce4c85b4bb71253c412c82fa7fd73786b7edf778e917dfca72,0.0,0.0,0.0,307200.0
False,0.0,0.0,0.0,R2_L2,2,False,haze4k_train_oof,7c01862576061fbf113bd4b99a310b270f910b4ce0923211a361fa1a4fd07ba1,0.0,0.0,0.0,160000.0
False,0.0,0.0,0.0,R2_L2,0,False,haze4k_train_oof,7c4a8f06578e65e0a7653360016408c38d060608f77472ae071d58f4f4244866,0.0,0.0,0.0,160000.0
False,0.0,0.0,0.0,R2_L2,2,False,haze4k_train_oof,7d3e17d5de7dcc9d653b8051789236bcaa05976bdb6aeac183926f27e84248b1,0.0,0.0,0.0,307200.0
False,0.0,0.0,0.0,R2_L2,0,False,haze4k_train_oof,7d731c149ef3b09538a1a8e640cc65f45654c3e9c3f7bbd2e1b115cfb165a38d,0.0,0.0,0.0,160000.0
False,0.0,0.0,0.0,R2_L2,1,False,haze4k_train_oof,7de755a0b1f04df72cbf695fe3f81e615bbf2bf20d1de81acb6944010d4a8225,0.0,0.0,0.0,160000.0
False,0.0,0.0,0.0,R2_L2,1,False,haze4k_train_oof,7f730aeb4fde9d1c196f9ed89f76044b1f92753203a3c1917612e1b9ce4e260e,0.0,0.0,0.0,160000.0
False,0.0,0.0,0.0,R2_L2,3,False,haze4k_train_oof,7fa0a1705cec67d7898a4e667766d380cf7810ecfba07ec2cfc84380660c5695,0.0,0.0,0.0,160000.0
False,0.0,0.0,0.0,R2_L2,3,False,haze4k_train_oof,7fc68746e532567371f94aa49a646468505c321061c1a40bc7b386ad0428ca67,0.0,0.0,0.0,160000.0
False,0.0,0.0,0.0,R2_L2,3,False,haze4k_train_oof,7fd1e04059131edbdf03474cf3e15b7e2f07c09c99b4c2194ecb60532fe7c92c,0.0,0.0,0.0,307200.0
False,0.0,0.0,0.0,R2_L2,2,False,haze4k_train_oof,7ffb1308971f698e297edbcab42fe05bc595660317a9e98041dd17c9207d7c63,0.0,0.0,0.0,160000.0
False,0.0,0.0,0.0,R2_L2,3,False,haze4k_train_oof,806b25ec9a81adb739250228fbd53b478c62af523d28a3aca356fe2e8d21c058,0.0,0.0,0.0,307200.0
False,0.0,0.0,0.0,R2_L2,3,False,haze4k_train_oof,806b3e09dd983032ec43ecd16903d598c8df5c2c7de70b007c3fda5ed2a270cf,0.0,0.0,0.0,160000.0
False,0.0,0.0,0.0,R2_L2,0,False,haze4k_train_oof,816b229fcb45a83f807b8873701cf0e9fb619f432b93ec1dedd6d27393baa480,0.0,0.0,0.0,307200.0
False,0.0,0.0,0.0,R2_L2,3,False,haze4k_train_oof,819ba4f5714c5d7c6aba9036e517862898d430423bc510f9f7438dfe84ea2b84,0.0,0.0,0.0,160000.0
False,0.0,0.0,0.0,R2_L2,1,False,haze4k_train_oof,8251c19cf4f7a148679c30e15fe864ccbb9712803ddf53e9ca31a2c99209ae7c,0.0,0.0,0.0,160000.0
False,0.0,0.0,0.0,R2_L2,0,False,haze4k_train_oof,827eefd66bb191d36dfdf73a9d147c0a277f9449d4457b26dfba3ecf20ebc110,0.0,0.0,0.0,307200.0
False,0.0,0.0,0.0,R2_L2,1,False,haze4k_train_oof,82fe83ab088167daf2922e947ff2c6f8613364354ebd25487aba66e04304c337,0.0,0.0,0.0,307200.0
False,0.0,0.0,0.0,R2_L2,0,False,haze4k_train_oof,83b32ff23d52914eb52a128b0ad4034f6539fc4b102f371738226e9e44801bbc,0.0,0.0,0.0,160000.0
False,0.0,0.0,0.0,R2_L2,1,False,haze4k_train_oof,84a561a0ab6e4d9b99c4c0391082e291c67a3665e102ad2e8af1ca2df7ac957d,0.0,0.0,0.0,307200.0
False,0.0,0.0,0.0,R2_L2,2,False,haze4k_train_oof,84ef3560c9801e90790b4b335839b3218553fb5cf9118b321a1fbfd07d284535,0.0,0.0,0.0,307200.0
False,0.0,0.0,0.0,R2_L2,4,False,haze4k_train_oof,85b5c2ae2ee25118c296965fbc5602ea038d458ece34c7cdedfefcb1b051904c,0.0,0.0,0.0,160000.0
False,0.0,0.0,0.0,R2_L2,4,False,haze4k_train_oof,86ba05f81bcd55a6f4ac8c553aadb3253789f32b32225b80f28b8db6ab6e5525,0.0,0.0,0.0,160000.0
False,0.0,0.0,0.0,R2_L2,1,False,haze4k_train_oof,86d1bd51ce3550c45760e09187802212e85d26f388274566e26e004721e46ca2,0.0,0.0,0.0,160000.0
False,0.0,0.0,0.0,R2_L2,2,False,haze4k_train_oof,8710b6ba1cc1a2fc5677da32041192f1e54e835f60d2bb625cc8ade839009ebb,0.0,0.0,0.0,160000.0
False,0.0,0.0,0.0,R2_L2,2,False,haze4k_train_oof,8762650cb6c9c7779b73b91cfd0e95d1bb069081a332374b32b0a1d9e21c7b40,0.0,0.0,0.0,307200.0
False,0.0,0.0,0.0,R2_L2,2,False,haze4k_train_oof,8800496f765287f1ab0b871e88b8474415d43a9121de66f1ff88dd6e7e6564ec,0.0,0.0,0.0,307200.0
False,0.0,0.0,0.0,R2_L2,0,False,haze4k_train_oof,88b33680284b974fa907d98294d5c10768e6683f1d480cd85c3a5155d7f623e3,0.0,0.0,0.0,160000.0
False,0.0,0.0,0.0,R2_L2,2,False,haze4k_train_oof,8946c58956d7f9ad3ad839c0e0e61bc8047a1e4f9d7a28c939fec989a05598ba,0.0,0.0,0.0,160000.0
False,0.0,0.0,0.0,R2_L2,2,False,haze4k_train_oof,895668993e737172fd0a09b5e533b290e6334cd96728a2a01748fad2a7c6f6f7,0.0,0.0,0.0,307200.0
False,0.0,0.0,0.0,R2_L2,4,False,haze4k_train_oof,89a3543a9d6f8c6c5f0ecb42f1d0a0af4538d1a8292a8705935d46132b7b8a58,0.0,0.0,0.0,307200.0
False,0.0,0.0,0.0,R2_L2,1,False,haze4k_train_oof,8a44023a6501d7cdf36909a14cdfb3c28b7d06e99d8b4a5a25810f9308d6791a,0.0,0.0,0.0,160000.0
False,0.0,0.0,0.0,R2_L2,0,False,haze4k_train_oof,8aac8180b8476eaf03acd87529f8fc74b26f8e257a81375710c199a370b5ad96,0.0,0.0,0.0,307200.0
False,0.0,0.0,0.0,R2_L2,1,False,haze4k_train_oof,8aace6cefda25eeb2b3bfa498367180bd35ee5b6059e67d0cb99ed863a3d3fb7,0.0,0.0,0.0,160000.0
False,0.0,0.0,0.0,R2_L2,1,False,haze4k_train_oof,8bcbf52ef08445cd1a61867641f69917d09d778427ea785fc270808e20cdc35f,0.0,0.0,0.0,160000.0
False,0.0,0.0,0.0,R2_L2,3,False,haze4k_train_oof,8c2aea5b4915bcfae4965820c1e20ecff29f38f0f109b338b0e1776d9d4670c6,0.0,0.0,0.0,160000.0
False,0.0,0.0,0.0,R2_L2,4,False,haze4k_train_oof,8d12d821fd10853d0c0a4c5dd970015eab94feb72be3641ae30274a031cda65f,0.0,0.0,0.0,307200.0
False,0.0,0.0,0.0,R2_L2,3,False,haze4k_train_oof,8da7d48106bf00c310f2970e12dbf909bcc5f91cfdd00815fd5a7674a5d94f2e,0.0,0.0,0.0,307200.0
False,0.0,0.0,0.0,R2_L2,2,False,haze4k_train_oof,8e32d58ccf6f0c4f372eec29fab40559ac25d4c165b4008864f277a3037b0e67,0.0,0.0,0.0,307200.0
False,0.0,0.0,0.0,R2_L2,2,False,haze4k_train_oof,8e53f000069a2c9d3fcac4197766466ed72c1cdcb1676d059597b1a654e6d76a,0.0,0.0,0.0,160000.0
False,0.0,0.0,0.0,R2_L2,2,False,haze4k_train_oof,8e906a941e2919b4c2b170854025b25290c76a67e95735e0b840257fa4514340,0.0,0.0,0.0,160000.0
False,0.0,0.0,0.0,R2_L2,0,False,haze4k_train_oof,8f0ed7e40c31fe1f3422fde8af326edf8166d3f52b9e3b0417e64c14e47c56c7,0.0,0.0,0.0,307200.0
False,0.0,0.0,0.0,R2_L2,2,False,haze4k_train_oof,8f1feeafb3e0960fc518bca46651ae8e897de1bcb0b6153c9ef0ad402c66db3a,0.0,0.0,0.0,307200.0
False,0.0,0.0,0.0,R2_L2,4,False,haze4k_train_oof,8fd7c88c85a4ffca661f920bb8a5096477176221eb9e4e03fd7e47d8794aeae9,0.0,0.0,0.0,307200.0
False,0.0,0.0,0.0,R2_L2,0,False,haze4k_train_oof,901cd2ff8434bd92467ac50f12bc29dded748de1fbd6f884cc6bcd6e834fde1d,0.0,0.0,0.0,307200.0
False,0.0,0.0,0.0,R2_L2,0,False,haze4k_train_oof,904f5c74617627748a354984eb8a37b181ba9b69a504a19146c30edf2b839519,0.0,0.0,0.0,307200.0
False,0.0,0.0,0.0,R2_L2,3,False,haze4k_train_oof,90adc706ae0003c235c22b335e96fda42080abb7fcc17b3412d473534806b1d1,0.0,0.0,0.0,160000.0
False,0.0,0.0,0.0,R2_L2,3,False,haze4k_train_oof,90d6de625bb70639f7bef3d86c29bc580e870b71875bba73caf8b29e6e63ad5f,0.0,0.0,0.0,160000.0
False,0.0,0.0,0.0,R2_L2,4,False,haze4k_train_oof,911471fc28161a019a499663a106aef8d325150b8734ca01a8ed5c1db8818c89,0.0,0.0,0.0,307200.0
False,0.0,0.0,0.0,R2_L2,2,False,haze4k_train_oof,911ee1c75444c5697a707bb044d6d0638019cfbcccd7fc7142b775182a7afa2d,0.0,0.0,0.0,307200.0
False,0.0,0.0,0.0,R2_L2,2,False,haze4k_train_oof,91cd87ab59e2eab487d2007fa3210840d1faada4f5ec7d274dc824fb47faebce,0.0,0.0,0.0,160000.0
False,0.0,0.0,0.0,R2_L2,0,False,haze4k_train_oof,93ef0fda0eb9693371477368f258b4c3ca035eb510b2937c39c2c4fd836ececd,0.0,0.0,0.0,307200.0
False,0.0,0.0,0.0,R2_L2,3,False,haze4k_train_oof,959348034faed7c1f47082b2a5a3062ec84e4515cebce120f1c448a40a272dcf,0.0,0.0,0.0,307200.0
False,0.0,0.0,0.0,R2_L2,0,False,haze4k_train_oof,95be09290cb7e52fed43f04e419620b8b6acfb1cc0c283161f35f33125e181a4,0.0,0.0,0.0,160000.0
False,0.0,0.0,0.0,R2_L2,2,False,haze4k_train_oof,961489e566920f663bf89b2d26b757887220a7d42bd45a26d34f72841a736a1c,0.0,0.0,0.0,307200.0
False,0.0,0.0,0.0,R2_L2,0,False,haze4k_train_oof,9647e15637120979919d6f2422ade84ee6a0eba23db64d98361b12def15ddf9c,0.0,0.0,0.0,160000.0
False,0.0,0.0,0.0,R2_L2,0,False,haze4k_train_oof,967d9fe93b6532eb818069564e313ec5db25aff1e1a6aef8aee7486be750b92d,0.0,0.0,0.0,160000.0
False,0.0,0.0,0.0,R2_L2,4,False,haze4k_train_oof,969a3336f8e695260fe398a3ef68247386b03ab6bc452922d2080806aeff9c16,0.0,0.0,0.0,160000.0
False,0.0,0.0,0.0,R2_L2,0,False,haze4k_train_oof,96a98f28355831f4adb9f54fa783b3ac07ce25f0bcaff550399c609021929c7e,0.0,0.0,0.0,160000.0
False,0.0,0.0,0.0,R2_L2,1,False,haze4k_train_oof,96c3d4565c7485009675945410ea29445d6100619b70a0b4fad19645d22e9c68,0.0,0.0,0.0,307200.0
False,0.0,0.0,0.0,R2_L2,3,False,haze4k_train_oof,9738e60e1de60151350e81f8fb79c818dce7d5463b238cb8c406074da41d83f9,0.0,0.0,0.0,307200.0
False,0.0,0.0,0.0,R2_L2,0,False,haze4k_train_oof,979200022ed8e8dbdee28d06db61bab671a82d363a9a0c425c64177a3550932d,0.0,0.0,0.0,307200.0
False,0.0,0.0,0.0,R2_L2,2,False,haze4k_train_oof,97bb1d21a43954c65ddb6a5d83cc6346a19b75da679d08637de8ea670beac66b,0.0,0.0,0.0,160000.0
False,0.0,0.0,0.0,R2_L2,2,False,haze4k_train_oof,9888c911f66af1bcf555e1b87a0ce2f6e26e9c03879c17d8ee5aaf2704bc4e75,0.0,0.0,0.0,307200.0
False,0.0,0.0,0.0,R2_L2,0,False,haze4k_train_oof,996ed3069b09f0b7b35b7157334f32039cb9ef22260f94e08a5b2806b3c68ff0,0.0,0.0,0.0,307200.0
False,0.0,0.0,0.0,R2_L2,3,False,haze4k_train_oof,9a9cc4a5a3c232771c75051bd190fad1d00e39a83bcbd65e3c2a51a3c582e38d,0.0,0.0,0.0,307200.0
False,0.0,0.0,0.0,R2_L2,4,False,haze4k_train_oof,9be74f4e9e31124f6036225b7353785044c0d60888d84ae51e4096162c788879,0.0,0.0,0.0,307200.0
False,0.0,0.0,0.0,R2_L2,2,False,haze4k_train_oof,9c191a9c97f2d0d6ddaaa95ce666926f2156a10218eb6b862c024d406b93558b,0.0,0.0,0.0,160000.0
False,0.0,0.0,0.0,R2_L2,1,False,haze4k_train_oof,9d45b015bd119960993b5f964cbd68803d9240cd98436e8b39dc3c315f3bc4ef,0.0,0.0,0.0,160000.0
False,0.0,0.0,0.0,R2_L2,4,False,haze4k_train_oof,9d64da8a43592442aa4b9e6f67bf9a64b79ae592e32e92a90a37023ee864f89b,0.0,0.0,0.0,160000.0
False,0.0,0.0,0.0,R2_L2,0,False,haze4k_train_oof,9e35b60b9bc649ec701eaa800a1e25f7a27d3c0f79a38b39c2c53388a28d9ccb,0.0,0.0,0.0,307200.0
False,0.0,0.0,0.0,R2_L2,0,False,haze4k_train_oof,9e3b5aeb1b85fb3ab08846dcf4f092f32b78007696c32d1718c16fd968e68df1,0.0,0.0,0.0,160000.0
False,0.0,0.0,0.0,R2_L2,1,False,haze4k_train_oof,9f16d82fc858902920882231206ae97d22e27ce16a7d81735c159ec9e838e6aa,0.0,0.0,0.0,160000.0
False,0.0,0.0,0.0,R2_L2,0,False,haze4k_train_oof,9f9c4f61ea9249973142b4ec914c581942f94a8038595e25e7bb99b8a56397b4,0.0,0.0,0.0,307200.0
False,0.0,0.0,0.0,R2_L2,4,False,haze4k_train_oof,9fb4ce3763df8462876033550c39364306ae79c9a0257e4eab7f83178b7c40d6,0.0,0.0,0.0,307200.0
False,0.0,0.0,0.0,R2_L2,1,False,haze4k_train_oof,9fc1480d9911f64c8bbd7e338341ed878ecdf1e3fad1935c3590759a532694a2,0.0,0.0,0.0,307200.0
False,0.0,0.0,0.0,R2_L2,4,False,haze4k_train_oof,9fe646fec10ef9eca10c12e58ac118fdc760f5266cd1489c94f69bfde7ba7948,0.0,0.0,0.0,160000.0
False,0.0,0.0,0.0,R2_L2,0,False,haze4k_train_oof,a047f91585c4ef8ead1960cf5b01a2a2eca5b11babf16791c26b2b5e4babe6c4,0.0,0.0,0.0,160000.0
False,0.0,0.0,0.0,R2_L2,0,False,haze4k_train_oof,a251a296b6826a00258165bd94c3a19b9949e118f9c3e8cb7bae7691d94343f3,0.0,0.0,0.0,307200.0
False,0.0,0.0,0.0,R2_L2,1,False,haze4k_train_oof,a2541f3f7c8db2d9bffadc8ac43ea7651f4e2bc3fbeb8a67d7fca49624a1941e,0.0,0.0,0.0,307200.0
False,0.0,0.0,0.0,R2_L2,0,False,haze4k_train_oof,a372b731fcbad66a9fb5b2ecd6df2139c540adfac773baba894c0796afbf05e9,0.0,0.0,0.0,160000.0
False,0.0,0.0,0.0,R2_L2,4,False,haze4k_train_oof,a3c072b131b11df49900459be2ae631f6567a34f785b16a938d87a1f455e6443,0.0,0.0,0.0,160000.0
False,0.0,0.0,0.0,R2_L2,0,False,haze4k_train_oof,a479b9c64ce4b208cc8fd8c05d13ef73e302c616270aa23443a8b53ec5f2c44c,0.0,0.0,0.0,307200.0
False,0.0,0.0,0.0,R2_L2,1,False,haze4k_train_oof,a48eb15f05798122f9ba35399248524492b83dfa609e7fe6969ba63c13e12fdb,0.0,0.0,0.0,160000.0
False,0.0,0.0,0.0,R2_L2,4,False,haze4k_train_oof,a4c8cd31ce0c4619bee3d221c3ec76ad21203cbe7880bbfef75f54f34903c1d7,0.0,0.0,0.0,307200.0
False,0.0,0.0,0.0,R2_L2,2,False,haze4k_train_oof,a5cbd4d3b1962cafd98a29c99ec12a11a836547ad4d4d43253b26276fa8e696e,0.0,0.0,0.0,160000.0
False,0.0,0.0,0.0,R2_L2,3,False,haze4k_train_oof,a5cbebf497cd17e2f256a7a5fde676a60ac9983b04b64b6690ddd80074650db1,0.0,0.0,0.0,307200.0
False,0.0,0.0,0.0,R2_L2,1,False,haze4k_train_oof,a61def8f415e4e9641eca31ab241304e02de4b0e50d1e9713fea78e997e72ed7,0.0,0.0,0.0,160000.0
False,0.0,0.0,0.0,R2_L2,3,False,haze4k_train_oof,a676644651ca511d94a320708f2ac30bb1aca1f996f7f9a8c9b7c087c2277273,0.0,0.0,0.0,307200.0
False,0.0,0.0,0.0,R2_L2,1,False,haze4k_train_oof,a72898d4645ae959e8691dc7e7c4f54be2973fd4f242c1334f436c90e31e502f,0.0,0.0,0.0,307200.0
False,0.0,0.0,0.0,R2_L2,4,False,haze4k_train_oof,a75c0ef6b88ccaf883f3027eff6605ce68cb270c456e4a0aea308abb6d4f0d66,0.0,0.0,0.0,160000.0
False,0.0,0.0,0.0,R2_L2,2,False,haze4k_train_oof,a7b33ea1258f73c6721a5a2b0c790a15262224c05f6f575ab694629fe57b83cd,0.0,0.0,0.0,307200.0
False,0.0,0.0,0.0,R2_L2,3,False,haze4k_train_oof,a87c450e84bd152f5c032c34b55c389f68cdc01e6a3505c6d8ba895a8af47f1d,0.0,0.0,0.0,307200.0
False,0.0,0.0,0.0,R2_L2,3,False,haze4k_train_oof,a9229ee6358a01f140e1b4061db4cc8a92ce27185828b07ce409364ab0aba076,0.0,0.0,0.0,160000.0
False,0.0,0.0,0.0,R2_L2,4,False,haze4k_train_oof,a97dcb92a2f5e71dd07ef2734fa6a92687b16021898b1c3332188548f83c7e51,0.0,0.0,0.0,307200.0
False,0.0,0.0,0.0,R2_L2,2,False,haze4k_train_oof,aa64c90af83ed1985dc608d4a4d59d2d48049d8f7c8db878042c18ede9b12b1c,0.0,0.0,0.0,307200.0
False,0.0,0.0,0.0,R2_L2,1,False,haze4k_train_oof,aa955d1294ac9d889672126534edff03b708a41b7e91a766c1483f7922f6fa55,0.0,0.0,0.0,307200.0
False,0.0,0.0,0.0,R2_L2,4,False,haze4k_train_oof,aae11101303e8438588de1062694c89d9699864d1b3f866371f8277dd8759567,0.0,0.0,0.0,307200.0
False,0.0,0.0,0.0,R2_L2,4,False,haze4k_train_oof,ab0e876ab3468c3f6963916503794016b6010be03c2ce5013bbe0e9e9d226fa3,0.0,0.0,0.0,307200.0
False,0.0,0.0,0.0,R2_L2,0,False,haze4k_train_oof,abf62d8e92b2fb0034e29e55c68f03bd85b83355be0c7a7fa6bd6bea00aa91c2,0.0,0.0,0.0,160000.0
False,0.0,0.0,0.0,R2_L2,3,False,haze4k_train_oof,ac7372c933b3f9b17661002a63aadc185ae1c9d39baf3e4d238da9068c724fd6,0.0,0.0,0.0,307200.0
False,0.0,0.0,0.0,R2_L2,1,False,haze4k_train_oof,acb4bbddc8de45c2dc1e7de2ec1298c428747d2ab36a63446c2140b8a22e1d37,0.0,0.0,0.0,160000.0
False,0.0,0.0,0.0,R2_L2,2,False,haze4k_train_oof,ad6bf0002f511bee3d9dfd6505777c5056296d8097531f3efd062b582b96f1d7,0.0,0.0,0.0,307200.0
False,0.0,0.0,0.0,R2_L2,4,False,haze4k_train_oof,adad42f26b57dae28d9f59af920c06e9673cd1a3808dc6133a60742f5c36e874,0.0,0.0,0.0,307200.0
False,0.0,0.0,0.0,R2_L2,0,False,haze4k_train_oof,ade7fbe093deb8dc21d47ed0745c42d204e24c080c84612e6b1237dae5ac8d53,0.0,0.0,0.0,307200.0
False,0.0,0.0,0.0,R2_L2,3,False,haze4k_train_oof,ae1bf8137bdaf8d393fdb5a0f6a0f3f6efdbcdc1b9a3caecdd45d4cb0a9d337f,0.0,0.0,0.0,307200.0
False,0.0,0.0,0.0,R2_L2,3,False,haze4k_train_oof,ae4f46b67424e85c7aa163573e47d084e46e9723d1ab532a4f9ab146fcc9a99c,0.0,0.0,0.0,307200.0
False,0.0,0.0,0.0,R2_L2,2,False,haze4k_train_oof,af499bd83f7c7ecbb633c051fbb2720b0e1c28fd1f19095cc7ae37ca12273f1d,0.0,0.0,0.0,307200.0
False,0.0,0.0,0.0,R2_L2,4,False,haze4k_train_oof,af5f209be05c8e76cc9335cec61dff6a840d452846c2aa002297d9cc5e9085ae,0.0,0.0,0.0,307200.0
False,0.0,0.0,0.0,R2_L2,1,False,haze4k_train_oof,af6e1e51f2b24b37c7b17556583a253bc939dc56211011f8e84a3d75f0ad1e17,0.0,0.0,0.0,160000.0
False,0.0,0.0,0.0,R2_L2,3,False,haze4k_train_oof,afa1a9aab568491fade07063a4bc3509b3a5cc2a0909467e3551b543380f0cc3,0.0,0.0,0.0,160000.0
False,0.0,0.0,0.0,R2_L2,2,False,haze4k_train_oof,b09913cfa8cb56fe64103f4a718c53bd3a52c135163cba10c73fb09615f66fa6,0.0,0.0,0.0,160000.0
False,0.0,0.0,0.0,R2_L2,1,False,haze4k_train_oof,b13fdc83aa0e3de368c194d29b572c6f05c66c4ce3a49a6dc19decda9ec3de5b,0.0,0.0,0.0,307200.0
False,0.0,0.0,0.0,R2_L2,4,False,haze4k_train_oof,b23596f0a25a24ebd2b5df8c5e8a754762a863eff2838fd712882667922bce0f,0.0,0.0,0.0,160000.0
False,0.0,0.0,0.0,R2_L2,1,False,haze4k_train_oof,b26445de80c20acd3227938279dcfdaf175bbb1d4dc3b84ef7f5f4c763d1f9a0,0.0,0.0,0.0,307200.0
False,0.0,0.0,0.0,R2_L2,1,False,haze4k_train_oof,b279f47f121b60c4b908133a37970a61574b5740bb67ab161a66d15bf457bfcd,0.0,0.0,0.0,307200.0
False,0.0,0.0,0.0,R2_L2,4,False,haze4k_train_oof,b29934e414045d2e01f3e83db4fcbea4c53b47b9179d9e9018109b1b385737be,0.0,0.0,0.0,307200.0
False,0.0,0.0,0.0,R2_L2,3,False,haze4k_train_oof,b2aabea58be8c69ac61eaf6f23fd848880a7fe11926c6cccda6f7f139cac852b,0.0,0.0,0.0,160000.0
False,0.0,0.0,0.0,R2_L2,2,False,haze4k_train_oof,b3dd5f43cffeb124091812b8bb719f42197948386f6aa9057f69a9c8f1028428,0.0,0.0,0.0,160000.0
False,0.0,0.0,0.0,R2_L2,0,False,haze4k_train_oof,b4168f02184cbc4612bf564c7b315afa38711bf0669bf0c5d61f2d7bb8ad08e4,0.0,0.0,0.0,160000.0
False,0.0,0.0,0.0,R2_L2,4,False,haze4k_train_oof,b57d0335957b11b8be06ba940d52793d5b37b535b8af4b915e4297b6196ef3f0,0.0,0.0,0.0,160000.0
False,0.0,0.0,0.0,R2_L2,3,False,haze4k_train_oof,b5a986dd0630904e3a904a75a5c4f4f8d7faa8c6954386185caf79bfc34ebfab,0.0,0.0,0.0,160000.0
False,0.0,0.0,0.0,R2_L2,1,False,haze4k_train_oof,b5d0885743c683d0eec34eba789a0b51e91d739c2bd2d51481dc9a558525e6a8,0.0,0.0,0.0,307200.0
False,0.0,0.0,0.0,R2_L2,0,False,haze4k_train_oof,b5dff676d9ad25c00767fc6005c5de6301c643589f046bd2c4dbaf17bf4231d6,0.0,0.0,0.0,160000.0
False,0.0,0.0,0.0,R2_L2,3,False,haze4k_train_oof,b5f633192671e76428cd17f6591cc68eaf716e1b744862333b810c7c67982b58,0.0,0.0,0.0,160000.0
False,0.0,0.0,0.0,R2_L2,3,False,haze4k_train_oof,b6498ed469fea98371e2ff6c942512c0bcc179a129a8565958823ab368fe5068,0.0,0.0,0.0,307200.0
False,0.0,0.0,0.0,R2_L2,4,False,haze4k_train_oof,b6f89fef8e8ec35c0d6726f7426e5c152473d708aa47518b335ca66d12195360,0.0,0.0,0.0,307200.0
False,0.0,0.0,0.0,R2_L2,1,False,haze4k_train_oof,b72a251321a08813dfc514d47c6d67a1a45b1864b968369360086e8d7809ff52,0.0,0.0,0.0,307200.0
False,0.0,0.0,0.0,R2_L2,1,False,haze4k_train_oof,b7bc06337f242fa3975de8bc167a14e5e37e28e8c3d43c7614948270630591b9,0.0,0.0,0.0,307200.0
False,0.0,0.0,0.0,R2_L2,4,False,haze4k_train_oof,b92c77c820bea8c7b7eb688f22480f1cbc8882a0b75cdccce37a59d201ed54cc,0.0,0.0,0.0,307200.0
False,0.0,0.0,0.0,R2_L2,4,False,haze4k_train_oof,b99e4484082213338224d5552a97c672e49718143a3265e206139c62cbdea368,0.0,0.0,0.0,307200.0
False,0.0,0.0,0.0,R2_L2,3,False,haze4k_train_oof,ba345a9b652236a18ac2d53b2ffca8a5dd45a6f9fa0636a6db9d7142071adc74,0.0,0.0,0.0,307200.0
False,0.0,0.0,0.0,R2_L2,1,False,haze4k_train_oof,ba370017b7ba38837310dd30eeda469b232964d39d32c5f1bba5eca2baefc8ee,0.0,0.0,0.0,160000.0
False,0.0,0.0,0.0,R2_L2,0,False,haze4k_train_oof,ba4b504e3b26492f433b3202561ed9a60a16889e7dab3ad47bacc5b39c1baef8,0.0,0.0,0.0,160000.0
False,0.0,0.0,0.0,R2_L2,1,False,haze4k_train_oof,babeedf14ce3a9e24e8c9e7358f29d06c6e39746fc3240096bcdc259d352a4da,0.0,0.0,0.0,160000.0
False,0.0,0.0,0.0,R2_L2,4,False,haze4k_train_oof,bb771f370660118db870658610dc8d9e8a0b88097fa7348adc6bba5d8e906ce8,0.0,0.0,0.0,307200.0
False,0.0,0.0,0.0,R2_L2,3,False,haze4k_train_oof,bd2dfe7d23f608bf2e0f3391a7177b275398e0f7f159798967e4ad1dde6bbffd,0.0,0.0,0.0,307200.0
False,0.0,0.0,0.0,R2_L2,0,False,haze4k_train_oof,bde28ee7624891eb1eaa59e7c1b3392f8b9cb4027dc54392c13a82eeebaddcda,0.0,0.0,0.0,307200.0
False,0.0,0.0,0.0,R2_L2,1,False,haze4k_train_oof,bdf9fa00f2389948109115ebf3ff978ba51a50d3f970ee1776315f36776047d7,0.0,0.0,0.0,307200.0
False,0.0,0.0,0.0,R2_L2,2,False,haze4k_train_oof,bdfd6bd22b0f84a6f45ebc3680453cb97db727d357ebe5c59685059c9262d043,0.0,0.0,0.0,307200.0
False,0.0,0.0,0.0,R2_L2,3,False,haze4k_train_oof,be2f11c13dfb5317b4a20b0563ab406c251e75538c4dbc463f61b30d2dc18375,0.0,0.0,0.0,160000.0
False,0.0,0.0,0.0,R2_L2,1,False,haze4k_train_oof,be6f9e18883e7bbfd852eee243bec2298e546d2152248d8bc45911344fb5fe79,0.0,0.0,0.0,160000.0
False,0.0,0.0,0.0,R2_L2,1,False,haze4k_train_oof,be8d80ebfcd10d3293475f210c583894ac1dc85f084fc9d20bed375bc39a9858,0.0,0.0,0.0,307200.0
False,0.0,0.0,0.0,R2_L2,1,False,haze4k_train_oof,bf43365c2cdd4740f32a15a5b0edf37577c00ad0b47c427e87e30120735ecd37,0.0,0.0,0.0,307200.0
False,0.0,0.0,0.0,R2_L2,4,False,haze4k_train_oof,bf87a2ee2b76fd7f006b83679d01dbb317b53d777677c0139740c427366ff4ab,0.0,0.0,0.0,307200.0
False,0.0,0.0,0.0,R2_L2,0,False,haze4k_train_oof,bfde502830702ceac4f122cae039aeeac99b798776adff86884a4b0faaace635,0.0,0.0,0.0,307200.0
False,0.0,0.0,0.0,R2_L2,3,False,haze4k_train_oof,c0180a867316e96fed181d91aabee8f0f085a42f459af4f67e567399793e7cbc,0.0,0.0,0.0,160000.0
False,0.0,0.0,0.0,R2_L2,3,False,haze4k_train_oof,c05aaa3f22348652e6fad843d5e3844ee3d0233b02fdc2d485df3ee6d4b7742d,0.0,0.0,0.0,160000.0
False,0.0,0.0,0.0,R2_L2,4,False,haze4k_train_oof,c1d9d785504ed84dbd4327ae667fdd0e93cabdd85efd82af293b51f53bdad3c8,0.0,0.0,0.0,307200.0
False,0.0,0.0,0.0,R2_L2,3,False,haze4k_train_oof,c1f2c90a2d1c809c19bd63d6d21a45707ce510fe93b0e3841bda74deaceadbab,0.0,0.0,0.0,307200.0
False,0.0,0.0,0.0,R2_L2,3,False,haze4k_train_oof,c1f769b324469c2ae3a210433c4d05096b6558fe538f5ff57ae9300e13d87404,0.0,0.0,0.0,160000.0
False,0.0,0.0,0.0,R2_L2,3,False,haze4k_train_oof,c205215d3037bd7b1f01d43be6052b472b9a4e9572a0827b49a45cd11b20ed0d,0.0,0.0,0.0,307200.0
False,0.0,0.0,0.0,R2_L2,1,False,haze4k_train_oof,c25316875174079b9d1e1a967a18b514565f1cf1cb7ff266e1c1cc17b00d6a3e,0.0,0.0,0.0,160000.0
False,0.0,0.0,0.0,R2_L2,1,False,haze4k_train_oof,c2c0491da1eeffeb33b392dac9b5d75a1f729fe239b26f567a2757ec67e0132b,0.0,0.0,0.0,307200.0
False,0.0,0.0,0.0,R2_L2,2,False,haze4k_train_oof,c39875a987d7c326d6d0133da967b9681c5eb631a9b64168c11a27870f13b7ed,0.0,0.0,0.0,307200.0
False,0.0,0.0,0.0,R2_L2,2,False,haze4k_train_oof,c39c5a74e054e04509bd38baaf340bc241449e0895622e270443eae2a8aa0772,0.0,0.0,0.0,307200.0
False,0.0,0.0,0.0,R2_L2,0,False,haze4k_train_oof,c46b82538ccaaa880222bdfb649617bf279ea96c2e003d6aa9e69c2956809420,0.0,0.0,0.0,307200.0
False,0.0,0.0,0.0,R2_L2,0,False,haze4k_train_oof,c4c75e21d206259395536c5f6cf2202192e3481b5b348becdb5dd7cddfed261e,0.0,0.0,0.0,160000.0
False,0.0,0.0,0.0,R2_L2,0,False,haze4k_train_oof,c4f8a61751e8cf4aace36a274b6f9a25ad591b58ca1a9eee89136ad3f8e9b929,0.0,0.0,0.0,307200.0
False,0.0,0.0,0.0,R2_L2,3,False,haze4k_train_oof,c4f9d5b65c94ac0c7c0492c43b9e337ee4558c03147cf7498444f66c1b738b80,0.0,0.0,0.0,160000.0
False,0.0,0.0,0.0,R2_L2,1,False,haze4k_train_oof,c58e616b0eb776b1d8677e3635394b4db34cee1beec9d7ef25b6247f2fe040e7,0.0,0.0,0.0,307200.0
False,0.0,0.0,0.0,R2_L2,3,False,haze4k_train_oof,c59f362a7e88f797fd2620e9f647b768ff88c7402990eb7e52df8b80a8b9b88b,0.0,0.0,0.0,307200.0
False,0.0,0.0,0.0,R2_L2,0,False,haze4k_train_oof,c5c120f6121894933eb5c535c2c87b933b408aee136727599cdc0f37c1a9e721,0.0,0.0,0.0,160000.0
False,0.0,0.0,0.0,R2_L2,4,False,haze4k_train_oof,c69a7d42f0ea5632266f259c5dda27d1ecd79164f18e7b185c43aeca8982cb35,0.0,0.0,0.0,160000.0
False,0.0,0.0,0.0,R2_L2,3,False,haze4k_train_oof,c6bcf55118880027b9fa88bd918407bdc4c36d1d0f11673e4ab5f2a3f0445402,0.0,0.0,0.0,307200.0
False,0.0,0.0,0.0,R2_L2,3,False,haze4k_train_oof,c6ef05ce393ceb222f1b68b62d7de385167a74f3d4f4f05ca20c951f53f8f2a4,0.0,0.0,0.0,160000.0
False,0.0,0.0,0.0,R2_L2,3,False,haze4k_train_oof,c70061aadfaeccfe2e464439d593820b6914a2c0283364666b73929d1abc4852,0.0,0.0,0.0,160000.0
False,0.0,0.0,0.0,R2_L2,0,False,haze4k_train_oof,c73944e30c85ff7613ae2a95606cbe7f16e7afad87915bec10f6a0f71906e0c2,0.0,0.0,0.0,307200.0
False,0.0,0.0,0.0,R2_L2,0,False,haze4k_train_oof,c8deacca8ecc5ee9eaa211369d45af6a0d9d99486250942b3e281cd21c1f5168,0.0,0.0,0.0,307200.0
False,0.0,0.0,0.0,R2_L2,1,False,haze4k_train_oof,c976ed0ecb239e9603fb11d6597c174a7a657892decb4cac703be0648d63efe2,0.0,0.0,0.0,307200.0
False,0.0,0.0,0.0,R2_L2,2,False,haze4k_train_oof,c9966aee7dd5168e7694e819309dd9bd91430b5aa7d1e17ffcc1ecbb566b2fc7,0.0,0.0,0.0,307200.0
False,0.0,0.0,0.0,R2_L2,0,False,haze4k_train_oof,c9c8193c44f26abd8d31e1e277a12a66e44dae012baa228e193e977b6f6f11e3,0.0,0.0,0.0,160000.0
False,0.0,0.0,0.0,R2_L2,1,False,haze4k_train_oof,c9f5ed7a7c200430c207d9d7630e692b38a7be17f3d118a9ffa21e1a5cd83f9a,0.0,0.0,0.0,307200.0
False,0.0,0.0,0.0,R2_L2,1,False,haze4k_train_oof,ca1f579054194ad7e24f569d872f6d2f20389b464ee8ad187bb542a186e32bae,0.0,0.0,0.0,160000.0
False,0.0,0.0,0.0,R2_L2,2,False,haze4k_train_oof,ca3bc1497450d8256790e047e5fef1c6a753ce6bd3c1664f70fd4e3e845a652d,0.0,0.0,0.0,307200.0
False,0.0,0.0,0.0,R2_L2,2,False,haze4k_train_oof,cabded77ab4475755459c089a8a265b3593de280ef2161a6741b01b5b151ff02,0.0,0.0,0.0,160000.0
False,0.0,0.0,0.0,R2_L2,3,False,haze4k_train_oof,cabe97f11fc0219fb1dc5a1f1c1c0bd2359fe030cd2300d0800a94f32f039ad1,0.0,0.0,0.0,307200.0
False,0.0,0.0,0.0,R2_L2,0,False,haze4k_train_oof,cb6b9272e291601f35372334560cceb67069ebe4c211331ce6d57d1481062352,0.0,0.0,0.0,160000.0
False,0.0,0.0,0.0,R2_L2,0,False,haze4k_train_oof,cc5793aa1fd5814b64977c42f5f4a3859a68e6de42ae84a7c4011d5bf7f27c6a,0.0,0.0,0.0,307200.0
False,0.0,0.0,0.0,R2_L2,1,False,haze4k_train_oof,cc9f056fc3f9a429a62efda1b031ed7567871e49a5ed5c51f9f77debb861ea3e,0.0,0.0,0.0,307200.0
False,0.0,0.0,0.0,R2_L2,4,False,haze4k_train_oof,cca63dcda835a8a999f2c2e3847f36d8726b208cc840d5849dd5f3fbddf79e72,0.0,0.0,0.0,307200.0
False,0.0,0.0,0.0,R2_L2,0,False,haze4k_train_oof,cdb5c22207e101cb2e504ffaca687c04c3e616181b65069f77a7696a856ec742,0.0,0.0,0.0,307200.0
False,0.0,0.0,0.0,R2_L2,0,False,haze4k_train_oof,cdff7169726944faaf44995c145c8f7b1abf15c401a0cb4b1e6c79f950870bd0,0.0,0.0,0.0,307200.0
False,0.0,0.0,0.0,R2_L2,1,False,haze4k_train_oof,ce144f3afa842725b8b34760cfd7afb64567dd51739af39c1a02716355eec216,0.0,0.0,0.0,160000.0
False,0.0,0.0,0.0,R2_L2,4,False,haze4k_train_oof,ce21985da89355c8a259d631e25ff1f3c31c14ab330ec2909f3949eb05bd3568,0.0,0.0,0.0,160000.0
False,0.0,0.0,0.0,R2_L2,0,False,haze4k_train_oof,cf5e5e97dbaea15173d88b06d671c48c6f1f158ae18044f222893eb53fc7aca2,0.0,0.0,0.0,160000.0
False,0.0,0.0,0.0,R2_L2,4,False,haze4k_train_oof,cf612976be00c919f2f5b2d2def62b70b57cbc02b149b7a84b32f593dab636ff,0.0,0.0,0.0,307200.0
False,0.0,0.0,0.0,R2_L2,2,False,haze4k_train_oof,cf64b99c07c25c4c0312e03b3c3d644fd64776984953a322b246d53bf5702216,0.0,0.0,0.0,307200.0
False,0.0,0.0,0.0,R2_L2,0,False,haze4k_train_oof,cf71d5c8841cf2d81eba67744e70539d0b895ca971be2c0c312cfce04f183345,0.0,0.0,0.0,307200.0
False,0.0,0.0,0.0,R2_L2,2,False,haze4k_train_oof,cfa3ba8924afc92fb046152ce44963e0c274d409861dee1198f1779467bb07cd,0.0,0.0,0.0,160000.0
False,0.0,0.0,0.0,R2_L2,1,False,haze4k_train_oof,cfbd527ce4bf57e670d0b726ce739ad5f0d0a993b2155f29d2d6694e767ecf7c,0.0,0.0,0.0,160000.0
False,0.0,0.0,0.0,R2_L2,1,False,haze4k_train_oof,d13afce1e9d58c067487725c5b944b699778aef8519163e49100265190959965,0.0,0.0,0.0,160000.0
False,0.0,0.0,0.0,R2_L2,3,False,haze4k_train_oof,d16cf0211368d1be252de341d8fe541f735d8f8c75a272f7a786faaf20c0140b,0.0,0.0,0.0,307200.0
False,0.0,0.0,0.0,R2_L2,1,False,haze4k_train_oof,d1a48a4fac796924e868a6206b99efaa2ff87f060bd12e79dfebee857b345fd8,0.0,0.0,0.0,160000.0
False,0.0,0.0,0.0,R2_L2,1,False,haze4k_train_oof,d244ac28f2f4b6576bbd06311e6ac4b9161537da15a180f8095ec61e009118df,0.0,0.0,0.0,160000.0
False,0.0,0.0,0.0,R2_L2,3,False,haze4k_train_oof,d391c3e0b451fc77f90747903c5f6e352e68769da8e82e615c3e6f778f45b4fe,0.0,0.0,0.0,160000.0
False,0.0,0.0,0.0,R2_L2,1,False,haze4k_train_oof,d3a58b3b859943c85529f27f2fdf5c3a50c916bb68b9f35e442dbf9bcc218104,0.0,0.0,0.0,307200.0
False,0.0,0.0,0.0,R2_L2,4,False,haze4k_train_oof,d412c92e31b6469410263a700c1375b695cb88e3ad24a12bed298ed04a5e9a18,0.0,0.0,0.0,307200.0
False,0.0,0.0,0.0,R2_L2,3,False,haze4k_train_oof,d46d34d543319b71d07c63d7791ddd19e8647d85d0944f7512bfb7d6bde4cc86,0.0,0.0,0.0,307200.0
False,0.0,0.0,0.0,R2_L2,3,False,haze4k_train_oof,d53edc69c03708d0c94f88aaa4ae9c447d298bad31abfbdd04437b4078c5e24b,0.0,0.0,0.0,160000.0
False,0.0,0.0,0.0,R2_L2,4,False,haze4k_train_oof,d54a3a0cfdc391e2b26962ccf15821dba3aa06dd78e1f035bbb45407ce7192a8,0.0,0.0,0.0,160000.0
False,0.0,0.0,0.0,R2_L2,1,False,haze4k_train_oof,d5d3faae23f380d495f890a50a787e25bf7a47dac19ecbf00600d7aa7026f8c7,0.0,0.0,0.0,160000.0
False,0.0,0.0,0.0,R2_L2,0,False,haze4k_train_oof,d5fc15a1fe393f02c000da6a6420cad99b8c3013fb1fb362d6a537ff56e57684,0.0,0.0,0.0,160000.0
False,0.0,0.0,0.0,R2_L2,1,False,haze4k_train_oof,d650b3b35ab96741a4d0274e678f2edef5591048bcfbb6984fd8ac5337087c41,0.0,0.0,0.0,160000.0
False,0.0,0.0,0.0,R2_L2,2,False,haze4k_train_oof,d65345257fd0de9d74b12bb5d57f7797d4bff87c61f03cf0ac2f5484cf84bfa5,0.0,0.0,0.0,307200.0
False,0.0,0.0,0.0,R2_L2,2,False,haze4k_train_oof,d6563f21eaa9adb19c3c7be6949801e4e494041832eb67de572791a650dbf0c6,0.0,0.0,0.0,307200.0
False,0.0,0.0,0.0,R2_L2,0,False,haze4k_train_oof,d6f5d34cbf4733c534de8cd63c45a066f644e4994c8d0aa1369281dfa0d1fe59,0.0,0.0,0.0,160000.0
False,0.0,0.0,0.0,R2_L2,0,False,haze4k_train_oof,d6fa117a77baa15a3f8626b7cba12f2ca632e04a5008aa9c5f54ef4ff5fa04c0,0.0,0.0,0.0,160000.0
False,0.0,0.0,0.0,R2_L2,4,False,haze4k_train_oof,d71d74fcccca6e7db3f26f3a516be11468680275e4ddb6c33e7de6559610fa0e,0.0,0.0,0.0,307200.0
False,0.0,0.0,0.0,R2_L2,3,False,haze4k_train_oof,d7267cdc004378b6becec923ca66523d7d2e4d2ab98b475d153224f8223795ec,0.0,0.0,0.0,307200.0
False,0.0,0.0,0.0,R2_L2,4,False,haze4k_train_oof,d7428511d85f1244ab378595fc86c6dee4ea399fb39590924cee46e156ff7488,0.0,0.0,0.0,307200.0
False,0.0,0.0,0.0,R2_L2,4,False,haze4k_train_oof,d9ae260c13a207291cf9c478f02424a42fc3a029077a139a36b2624b74ae7ae0,0.0,0.0,0.0,307200.0
False,0.0,0.0,0.0,R2_L2,2,False,haze4k_train_oof,da41f42b3d49db9276f2d2e758085316632c491f55d429dc64a1ad91cbcb461b,0.0,0.0,0.0,160000.0
False,0.0,0.0,0.0,R2_L2,4,False,haze4k_train_oof,dae57497ac0c26b7b1f73dcaca150c39b584d100a977b368d27ce869e04767a9,0.0,0.0,0.0,307200.0
False,0.0,0.0,0.0,R2_L2,2,False,haze4k_train_oof,db27fe5ac0721e65baf21c7e6af4e5a582bc3f32bcbd0f98393fbf136f2b1030,0.0,0.0,0.0,160000.0
False,0.0,0.0,0.0,R2_L2,0,False,haze4k_train_oof,db81622f3857ea247ec4c85717945fafddcdb3c85fa03511c96ddb55913d6ad9,0.0,0.0,0.0,307200.0
False,0.0,0.0,0.0,R2_L2,4,False,haze4k_train_oof,db859dd8bacbe3facb909751d1c4962884c0d094fb8c74e1879ca885525545c5,0.0,0.0,0.0,160000.0
False,0.0,0.0,0.0,R2_L2,3,False,haze4k_train_oof,dbd027bb62f5e6c4c721d6cd2e29a5afd345dd82f999c8e89ebeb8b9474bf9a5,0.0,0.0,0.0,307200.0
False,0.0,0.0,0.0,R2_L2,1,False,haze4k_train_oof,dbe161d81d9f697f75899a9e7573b6b002ad9fda7e11e2a5cb47a97fc3b6248c,0.0,0.0,0.0,307200.0
False,0.0,0.0,0.0,R2_L2,3,False,haze4k_train_oof,dc3fd280ef3bceb7e5262d073d13ff5d8ac32e77a6d635c3e23a375066692b86,0.0,0.0,0.0,160000.0
False,0.0,0.0,0.0,R2_L2,4,False,haze4k_train_oof,dc6e56adebc38d32938a6c837fc4c944b0f23fe5b4c5a4bdcbf8e2b039e45c8e,0.0,0.0,0.0,307200.0
False,0.0,0.0,0.0,R2_L2,4,False,haze4k_train_oof,dcfe1f7630804c062d106dc5214c79f54dd441fe29ae293696f4dcc5b929b0b6,0.0,0.0,0.0,160000.0
False,0.0,0.0,0.0,R2_L2,3,False,haze4k_train_oof,dd50d52c32945a954522f7ef1dd90e60c800acbea359ed6a279378a8825387b6,0.0,0.0,0.0,307200.0
False,0.0,0.0,0.0,R2_L2,4,False,haze4k_train_oof,dd830a1854c405e8021c766d79def63f6442328862fa775dafef617c6347a133,0.0,0.0,0.0,160000.0
False,0.0,0.0,0.0,R2_L2,2,False,haze4k_train_oof,de8ee11d3a6d0b53fd51a1ec95f33cf3943c587e533ddd524961e3496e109fcf,0.0,0.0,0.0,160000.0
False,0.0,0.0,0.0,R2_L2,1,False,haze4k_train_oof,df312ba64c1a595418a63b0a4cc86f9c8655f87a2a956535834e31ff8a4fb028,0.0,0.0,0.0,160000.0
False,0.0,0.0,0.0,R2_L2,3,False,haze4k_train_oof,df407b94f18ba26c0c79def01ed34fb764e1b03046c8882510d53f690cdfc2d8,0.0,0.0,0.0,160000.0
False,0.0,0.0,0.0,R2_L2,2,False,haze4k_train_oof,e03547df071ab42bafb37d7a47d956299d9463a8d77ee4973e65b57fe6dcbb21,0.0,0.0,0.0,307200.0
False,0.0,0.0,0.0,R2_L2,0,False,haze4k_train_oof,e0787d5081c926a1ea86d3a72f59edc2f0d651eca2fba6eeea5295d6eafe7165,0.0,0.0,0.0,307200.0
False,0.0,0.0,0.0,R2_L2,4,False,haze4k_train_oof,e1d579f93678c3e42cacc06defc065d21e57f57af52e669bf8b9bcfd296815fc,0.0,0.0,0.0,160000.0
False,0.0,0.0,0.0,R2_L2,3,False,haze4k_train_oof,e214aba1963e0140ab1f936d0e79f4d9e7c6c5c89f192496d6bab6bf1a572f86,0.0,0.0,0.0,160000.0
False,0.0,0.0,0.0,R2_L2,1,False,haze4k_train_oof,e36b656e53945ab795dfc3a6906d639f9676053497a04773417bc1fdebc71bee,0.0,0.0,0.0,307200.0
False,0.0,0.0,0.0,R2_L2,2,False,haze4k_train_oof,e3acae2267fd04c4fe3a4ca42e6813b96bdfff353496223fde19f01ba42b51cd,0.0,0.0,0.0,160000.0
False,0.0,0.0,0.0,R2_L2,0,False,haze4k_train_oof,e48fb2ea43f663b9ffbeee96467d68abee2680b517585973b32e7e369ad51768,0.0,0.0,0.0,307200.0
False,0.0,0.0,0.0,R2_L2,0,False,haze4k_train_oof,e4f72d0466e9e2de51d37880e572433b340056662c4c606ee36ef66fc7960318,0.0,0.0,0.0,307200.0
False,0.0,0.0,0.0,R2_L2,1,False,haze4k_train_oof,e553834e29c098aa9fe0b7c1a5b905a7f64128af341df79f398178432b92f387,0.0,0.0,0.0,307200.0
False,0.0,0.0,0.0,R2_L2,0,False,haze4k_train_oof,e557def1c87c525da5cc7ec9b23dd95c336e3fd6eebcfa33cee47dca2d04b751,0.0,0.0,0.0,160000.0
False,0.0,0.0,0.0,R2_L2,2,False,haze4k_train_oof,e57a8d509e172d28fe92c0d681af7e31db61d5c8e640edf352cd83a866764400,0.0,0.0,0.0,160000.0
False,0.0,0.0,0.0,R2_L2,2,False,haze4k_train_oof,e5dabb6dc112e7ce51a7d886d6f472fe4fce5caf71bf7008c320840582794f82,0.0,0.0,0.0,307200.0
False,0.0,0.0,0.0,R2_L2,4,False,haze4k_train_oof,e5e51355f48931e2b24696b99d4bab3e6dce9d2f70faebe4db655536f0e8bfb6,0.0,0.0,0.0,160000.0
False,0.0,0.0,0.0,R2_L2,4,False,haze4k_train_oof,e6a3198c4095fa4fc056679821f16747a5d1908e54c3d95992ca2334b5d16132,0.0,0.0,0.0,307200.0
False,0.0,0.0,0.0,R2_L2,3,False,haze4k_train_oof,e6efd580b97a7496e2db43062a720c5cf005b215103e33cabdee173fc0dff0ff,0.0,0.0,0.0,307200.0
False,0.0,0.0,0.0,R2_L2,1,False,haze4k_train_oof,e76a9ba768ea83cfdfbd75414c13809f4c23f6fed9526636b4bbf8772200380b,0.0,0.0,0.0,307200.0
False,0.0,0.0,0.0,R2_L2,1,False,haze4k_train_oof,e80dc8f17211f818b541fb3097a94182d2275b0b3a4a1904e681f6cb2f4a85b2,0.0,0.0,0.0,307200.0
False,0.0,0.0,0.0,R2_L2,4,False,haze4k_train_oof,e86c3b6bb630f4d54fbaa1609e0870e02c4fca383fab40436d64bf1822da57f7,0.0,0.0,0.0,160000.0
False,0.0,0.0,0.0,R2_L2,3,False,haze4k_train_oof,e8dab12878abe77c8ce84a6e130cbf789ad3678dc53000de7d54e68f046d7439,0.0,0.0,0.0,307200.0
False,0.0,0.0,0.0,R2_L2,2,False,haze4k_train_oof,e8e164ba79276e5a5c509093350ec3289ce9c40235d74bf0ad3a56858b8e1bd1,0.0,0.0,0.0,307200.0
False,0.0,0.0,0.0,R2_L2,2,False,haze4k_train_oof,e8fe9c4a06951b9fb620fcdc4516d62b83e0ccb9109f31ee57813db10c06d9a8,0.0,0.0,0.0,307200.0
False,0.0,0.0,0.0,R2_L2,4,False,haze4k_train_oof,e942dfd294b5033c3890c6823f54ff5182ac609ef34a1c297e7aeb0a2cab49b5,0.0,0.0,0.0,307200.0
False,0.0,0.0,0.0,R2_L2,4,False,haze4k_train_oof,e951f695b642b53aed88ddd1e81cc9bcc5de90447d5bd1ef6c43986a26d84b80,0.0,0.0,0.0,307200.0
False,0.0,0.0,0.0,R2_L2,1,False,haze4k_train_oof,eaa741c60b80770bd84e67a62b91cd4e51846260b75d7a966b683e81b5d86f18,0.0,0.0,0.0,307200.0
False,0.0,0.0,0.0,R2_L2,1,False,haze4k_train_oof,eab49563778373e9d1f8fcecb178f9406ce5f9b549e6b9607b8d778fc50407f0,0.0,0.0,0.0,160000.0
False,0.0,0.0,0.0,R2_L2,1,False,haze4k_train_oof,ead13ddeec0aecd048f3218d96ace535b3601da2e25f4e1bdef6f9bd97d44ba9,0.0,0.0,0.0,160000.0
False,0.0,0.0,0.0,R2_L2,2,False,haze4k_train_oof,eb48384a19c39f560edd2d3757b6e72a6d2811c7e930a7e54a0fc1abedcc1cd6,0.0,0.0,0.0,307200.0
False,0.0,0.0,0.0,R2_L2,4,False,haze4k_train_oof,ebe887602775e41c83d0f36c2f2f06f7ea050d7c77a0cc23b3841e1fb8c55870,0.0,0.0,0.0,160000.0
False,0.0,0.0,0.0,R2_L2,0,False,haze4k_train_oof,ec1a1cf77296ae360923961cb90125968a2cc393c54b0adac8807aeafbf6bfc5,0.0,0.0,0.0,307200.0
False,0.0,0.0,0.0,R2_L2,4,False,haze4k_train_oof,ed46572a0a34985649ae17eed32f2e38cc328baa61f62d135e7281007db05efd,0.0,0.0,0.0,160000.0
False,0.0,0.0,0.0,R2_L2,2,False,haze4k_train_oof,ed9f272f5776f2541d56753d22ad01cff684c3232374bcd1703e3cd4b9e91d70,0.0,0.0,0.0,307200.0
False,0.0,0.0,0.0,R2_L2,4,False,haze4k_train_oof,ee08dd643b70cdcc20ff9f32e7e4be1bf8febce0e3cb770d1e5c12cfd9f07df2,0.0,0.0,0.0,307200.0
False,0.0,0.0,0.0,R2_L2,4,False,haze4k_train_oof,ee17e28f666fc53312909193af3d31f9f64030f8314b6ca8f8025792ecf5633d,0.0,0.0,0.0,307200.0
False,0.0,0.0,0.0,R2_L2,0,False,haze4k_train_oof,ef9abc91a789e36d9183b98bca7d15539d1a9cc5d5aa37608a233fbf5e586bd5,0.0,0.0,0.0,160000.0
False,0.0,0.0,0.0,R2_L2,0,False,haze4k_train_oof,eff4f0e700b2435f7841ef40c95605b7c274c9d60f8fd43c9962cc9b9dc17ac1,0.0,0.0,0.0,307200.0
False,0.0,0.0,0.0,R2_L2,1,False,haze4k_train_oof,f0897941d2155ab3dd2bfefa3a8ae4a72e90c4283f2762d8d880da8ec2fa3fd7,0.0,0.0,0.0,307200.0
False,0.0,0.0,0.0,R2_L2,1,False,haze4k_train_oof,f0e50d35249e2a28770fa7c75db3b27d2e471f32922ad6d556bb326337db5e67,0.0,0.0,0.0,307200.0
False,0.0,0.0,0.0,R2_L2,0,False,haze4k_train_oof,f0eda7d3f18c39262b6eb67ab6d63740381bb2d3afe9a50da7915ad546e82924,0.0,0.0,0.0,307200.0
False,0.0,0.0,0.0,R2_L2,2,False,haze4k_train_oof,f2071aa88e66d4523adb05dc959326dca48c843d4a905478c4853c6941d0c3b0,0.0,0.0,0.0,160000.0
False,0.0,0.0,0.0,R2_L2,3,False,haze4k_train_oof,f296280e80477809f39545278c9698d74683f2e550588d0784299cd73fcd117b,0.0,0.0,0.0,160000.0
False,0.0,0.0,0.0,R2_L2,3,False,haze4k_train_oof,f2abef9cc515b78b9c6c90af8a4ed0cd2b08a8059fe27b68cff0d75c141ad52a,0.0,0.0,0.0,160000.0
False,0.0,0.0,0.0,R2_L2,1,False,haze4k_train_oof,f2e7948b887228bee3b8c867284e71ee4366d4a34a5e7ba971d4e641e3fe1a24,0.0,0.0,0.0,160000.0
False,0.0,0.0,0.0,R2_L2,2,False,haze4k_train_oof,f388056b7349ee1960ba25ca4e4b44f1cede7cc3d0c2c87e16b56962b41c63e0,0.0,0.0,0.0,160000.0
False,0.0,0.0,0.0,R2_L2,2,False,haze4k_train_oof,f3b72916c216f795b064aec1af073a2a4c40f259eda0a2c9e6357a7f8e22117f,0.0,0.0,0.0,160000.0
False,0.0,0.0,0.0,R2_L2,2,False,haze4k_train_oof,f3d6ebcd70e5ca717ddf2a495a6e91144106c2d25c4af3bf24514bd798345eca,0.0,0.0,0.0,307200.0
False,0.0,0.0,0.0,R2_L2,2,False,haze4k_train_oof,f3da20c996715b9757e298fc5729202231f464b379cdc8fb2d6f7385fe8b9ed7,0.0,0.0,0.0,160000.0
False,0.0,0.0,0.0,R2_L2,1,False,haze4k_train_oof,f3f6d707af7683794ae6de1d257821619b8183771e5f5f5d306fcb0707ed5cca,0.0,0.0,0.0,307200.0
False,0.0,0.0,0.0,R2_L2,3,False,haze4k_train_oof,f4387c40598d62fb7593c0cca0483a04f1ad127c7001a52c3a82de8167510cea,0.0,0.0,0.0,160000.0
False,0.0,0.0,0.0,R2_L2,2,False,haze4k_train_oof,f447c9967425a179003641d9f6145d0ecf7103a52d6cd30aef84b44f774565f3,0.0,0.0,0.0,160000.0
False,0.0,0.0,0.0,R2_L2,2,False,haze4k_train_oof,f4697cf0acc88c3686c84bf5656f5232bbb58eb5927cbe13f2216fdae6fbc97d,0.0,0.0,0.0,160000.0
False,0.0,0.0,0.0,R2_L2,0,False,haze4k_train_oof,f4b0f9e90acbe9b22a85997133a33e8bae6ac0943e5b5b657f876514b548e16c,0.0,0.0,0.0,160000.0
False,0.0,0.0,0.0,R2_L2,2,False,haze4k_train_oof,f50e61fb92669d4c192e1773780424c4c63242b1d4344d10d07dc798cff401b8,0.0,0.0,0.0,307200.0
False,0.0,0.0,0.0,R2_L2,4,False,haze4k_train_oof,f5173c986c47bca4a526f0858bdb6d1a20d625ff3728943611b11a53cfa56df9,0.0,0.0,0.0,307200.0
False,0.0,0.0,0.0,R2_L2,2,False,haze4k_train_oof,f52b1d069f6efd8e42997e6120fdc49422c4b9ecde1e5da9b08d3e51648eebb7,0.0,0.0,0.0,160000.0
False,0.0,0.0,0.0,R2_L2,3,False,haze4k_train_oof,f57562055a010572ebc5a2dd6ee54946091bcf80307f044b6debb2a87560ad13,0.0,0.0,0.0,160000.0
False,0.0,0.0,0.0,R2_L2,2,False,haze4k_train_oof,f61f9ff556d76559f08eaf12908c59efff4d857ada695e3463be083d1e2931b3,0.0,0.0,0.0,307200.0
False,0.0,0.0,0.0,R2_L2,2,False,haze4k_train_oof,f684525abc09dd3418dc4cab5fa2a28ab0af8dc809e97f2994b7eb9ff7f39ef6,0.0,0.0,0.0,307200.0
False,0.0,0.0,0.0,R2_L2,3,False,haze4k_train_oof,f6cbbee6afd5460d9071f33db1b3173826a1d0b9f51fcd9e82d515bf74d23804,0.0,0.0,0.0,160000.0
False,0.0,0.0,0.0,R2_L2,3,False,haze4k_train_oof,f75c6565eb455f1f0a5292e449d0f3a0617d3ea53288d12e4684cc1f5c7a60c3,0.0,0.0,0.0,160000.0
False,0.0,0.0,0.0,R2_L2,2,False,haze4k_train_oof,f7951de587cd3a1ee05637433532e1ab5ac94476e88e7c0da132a0616ea3c1b4,0.0,0.0,0.0,307200.0
False,0.0,0.0,0.0,R2_L2,1,False,haze4k_train_oof,f7ad5a61e48d5b5503b967a39e96e371804a2e85531fb1d579c5a0284b3a8e04,0.0,0.0,0.0,307200.0
False,0.0,0.0,0.0,R2_L2,4,False,haze4k_train_oof,f7ca9048c053c55e3946c661cec7ee69645f69060bf2db742df3cda6ace2e17f,0.0,0.0,0.0,307200.0
False,0.0,0.0,0.0,R2_L2,1,False,haze4k_train_oof,f80f309309cb41c13b91a72da79811abdd441f0080bd129fc1ae3a115aa7a787,0.0,0.0,0.0,160000.0
False,0.0,0.0,0.0,R2_L2,2,False,haze4k_train_oof,f8a589a8cd01f8fa00e736b50402c20851d5b7c5d4ffcf319d0b544f1d60cdb6,0.0,0.0,0.0,160000.0
False,0.0,0.0,0.0,R2_L2,0,False,haze4k_train_oof,f8edb867cf35ff700783c60fdf5068b3dacf2fc223b0f0d79641f4171f0d66e9,0.0,0.0,0.0,160000.0
False,0.0,0.0,0.0,R2_L2,2,False,haze4k_train_oof,f93746afcb7aaba276ef89580fcaaa2a6df0248064eb757abcded015e09662ce,0.0,0.0,0.0,307200.0
False,0.0,0.0,0.0,R2_L2,3,False,haze4k_train_oof,fa01c857b1a87ff85b35c01e323ee9d17ee03e79cba7fced319611a6c8f32b41,0.0,0.0,0.0,307200.0
False,0.0,0.0,0.0,R2_L2,4,False,haze4k_train_oof,fa45765318a9efbe78854319eea635e9cef2e6cf18aa53634a79c2112ce3d2b6,0.0,0.0,0.0,160000.0
False,0.0,0.0,0.0,R2_L2,1,False,haze4k_train_oof,fa5a1edfba9096ea27cc32ba44a10107c5e123ba646fcca241f93d6555149763,0.0,0.0,0.0,307200.0
False,0.0,0.0,0.0,R2_L2,3,False,haze4k_train_oof,fa71382cd0b59eaf98678680ae99272e7b9443aa64f3d8666293dead0788cefb,0.0,0.0,0.0,307200.0
False,0.0,0.0,0.0,R2_L2,0,False,haze4k_train_oof,fb38e579a5096c58103e153a1d37390dd152e6a038da5b7260cc6efd33b13c52,0.0,0.0,0.0,307200.0
False,0.0,0.0,0.0,R2_L2,2,False,haze4k_train_oof,fb685e5e2857e005fe146312737cc225ceda003805638fc0316e2bb1d03aff32,0.0,0.0,0.0,160000.0
False,0.0,0.0,0.0,R2_L2,4,False,haze4k_train_oof,fb73630833be09ab1581b91ebd1ac7349fc83f444ba1a872c64aed10a865b37e,0.0,0.0,0.0,307200.0
False,0.0,0.0,0.0,R2_L2,1,False,haze4k_train_oof,fbb5aee39e68a62f32ef4e221d7725feb981e7616c080438576dfa8a945fe8bc,0.0,0.0,0.0,160000.0
False,0.0,0.0,0.0,R2_L2,4,False,haze4k_train_oof,fbe5f5d45eb563da7270d5872e05d55449d36a3b290fcd155b5e2b29eb5b9125,0.0,0.0,0.0,160000.0
False,0.0,0.0,0.0,R2_L2,0,False,haze4k_train_oof,fc46e04dddfc964199472cce9c171af5df2d2dbb4397f2104d7757e022c7ab07,0.0,0.0,0.0,307200.0
False,0.0,0.0,0.0,R2_L2,3,False,haze4k_train_oof,fd8b5ae8ccb200cb33fe60d3f1ea3ec0b597dd3e95a913f5854322625f0219c6,0.0,0.0,0.0,307200.0
