{
  "runs": {
    "A0": {
      "label": "A0",
      "arch": "official_convir",
      "mode": "original",
      "checkpoint": "/sda/home/wangyuxin/ConvIR-B/checkpoints/official/Haze4K/haze4k-base.pkl",
      "depth_mode": "none",
      "count": 600,
      "mean_psnr": 39.35034857114156,
      "mean_ssim": 0.9957262628277143,
      "avg_time_sec_sync": 0.03936111291249593,
      "median_time_sec_sync": 0.03945028781890869,
      "peak_cuda_mem_mib": 535.95654296875
    },
    "DTA_v2_oof20_adapter_neighbors_shuffle_seed3407_f0_final": {
      "label": "DTA_v2_oof20_adapter_neighbors_shuffle_seed3407_f0_final",
      "arch": "dta_v2",
      "mode": "original",
      "checkpoint": "/sda/home/wangyuxin/ConvIR-B/repos/ConvIR-B-dta-v2-calibrated/Dehazing/ITS/results/ConvIR-Haze4K-DTA-v2-adapter_neighbors-shuffle-seed3407-f0-oof20/Training-Results/Final.pkl",
      "depth_mode": "shuffle",
      "count": 600,
      "mean_psnr": 39.36000500043233,
      "mean_ssim": 0.99560178399086,
      "avg_time_sec_sync": 0.046647088130315144,
      "median_time_sec_sync": 0.045276641845703125,
      "peak_cuda_mem_mib": 541.46484375
    }
  },
  "comparison": {
    "common_count": 600,
    "mean_psnr_delta": 0.009656429290771484,
    "median_psnr_delta": 0.02385711669921875,
    "p5_psnr_delta": -0.5950984954833984,
    "p95_psnr_delta": 0.744440460205077,
    "hard_bottom25_psnr_delta": 0.0038917922973632814,
    "easy_top25_psnr_delta": -0.07276279449462891,
    "worst10pct_mean_psnr_delta": -0.9765653928120931,
    "best10pct_mean_psnr_delta": 0.7763615290323893,
    "worst10img_mean_psnr_delta": -2.947696876525879,
    "best10img_mean_psnr_delta": 1.1066249847412108,
    "worst10_mean_psnr_delta": -0.9765653928120931,
    "best10_mean_psnr_delta": 0.7763615290323893,
    "mean_ssim_delta": -0.0001244788368542989,
    "positive_ratio": 0.5216666666666666,
    "strong_reference_cut_psnr": 42.755948066711426,
    "strong_reference_count": 150,
    "strong_regression_count_delta_le_-0.05": 53,
    "worst_regression_count_delta_le_-0.20": 145
  }
}