{
  "runs": {
    "a0": {
      "label": "a0",
      "arch": "convir",
      "mode": "original",
      "checkpoint": "/root/autodl-tmp/workspace/ConvIR-B/Dehazing/pretrained_models/haze4k-base.pkl",
      "count": 300,
      "mean_psnr": 34.24652523676554,
      "mean_ssim": 0.9936463153362274,
      "avg_time_sec_sync": 0.06243153015772502,
      "median_time_sec_sync": 0.06420814990997314,
      "peak_cuda_mem_mib": 536.22607421875
    },
    "v18_seed123_model_20_val_hard": {
      "label": "v18_seed123_model_20_val_hard",
      "arch": "dpga",
      "mode": "model_20",
      "checkpoint": "/root/autodl-tmp/workspace/ConvIR-B-v1-8-execution-queue/Dehazing/ITS/results/ConvIR-Haze4K-v1.8-BiDPFM1-fusion-neighbor-seed123-20260606/Training-Results/model_20.pkl",
      "count": 300,
      "mean_psnr": 29.478733863830566,
      "mean_ssim": 0.9815965437889099,
      "avg_time_sec_sync": 0.06352295239766438,
      "median_time_sec_sync": 0.06378173828125,
      "peak_cuda_mem_mib": 1147.46435546875
    }
  },
  "comparison": {
    "common_count": 300,
    "mean_psnr_delta": -4.767791372934977,
    "median_psnr_delta": -4.827913284301758,
    "p5_psnr_delta": -8.362759017944336,
    "p95_psnr_delta": -0.9298673629760726,
    "hard_bottom25_psnr_delta": -4.097684224446614,
    "easy_top25_psnr_delta": -5.688473688761393,
    "worst10pct_mean_psnr_delta": -8.681101989746093,
    "best10pct_mean_psnr_delta": -0.6271605173746745,
    "worst10img_mean_psnr_delta": -9.998444938659668,
    "best10img_mean_psnr_delta": 1.005340003967285,
    "worst10_mean_psnr_delta": -8.681101989746093,
    "best10_mean_psnr_delta": -0.6271605173746745,
    "mean_ssim_delta": -0.012049771547317505,
    "positive_ratio": 0.03333333333333333,
    "strong_reference_cut_psnr": 36.437724113464355,
    "strong_reference_count": 75,
    "strong_regression_count_delta_le_-0.05": 72,
    "worst_regression_count_delta_le_-0.20": 290
  }
}