{
  "runs": {
    "a0": {
      "label": "a0",
      "arch": "convir",
      "mode": "original",
      "checkpoint": "/root/autodl-tmp/workspace/ConvIR-B/Dehazing/pretrained_models/haze4k-base.pkl",
      "count": 300,
      "mean_psnr": 39.46919344584147,
      "mean_ssim": 0.9956027662754059,
      "avg_time_sec_sync": 0.05926219542821248,
      "median_time_sec_sync": 0.06000077724456787,
      "peak_cuda_mem_mib": 535.27294921875
    },
    "v18_seed123_final_val_regular": {
      "label": "v18_seed123_final_val_regular",
      "arch": "dpga",
      "mode": "Final",
      "checkpoint": "/root/autodl-tmp/workspace/ConvIR-B-v1-8-execution-queue/Dehazing/ITS/results/ConvIR-Haze4K-v1.8-BiDPFM1-fusion-neighbor-seed123-20260606/Training-Results/Final.pkl",
      "count": 300,
      "mean_psnr": 32.1373956044515,
      "mean_ssim": 0.9836787295341491,
      "avg_time_sec_sync": 0.06201061010360718,
      "median_time_sec_sync": 0.06314444541931152,
      "peak_cuda_mem_mib": 1147.56005859375
    }
  },
  "comparison": {
    "common_count": 300,
    "mean_psnr_delta": -7.331797841389974,
    "median_psnr_delta": -7.312032699584961,
    "p5_psnr_delta": -12.291502475738525,
    "p95_psnr_delta": -2.200035762786864,
    "hard_bottom25_psnr_delta": -4.6028387705485025,
    "easy_top25_psnr_delta": -9.59717259724935,
    "worst10pct_mean_psnr_delta": -12.431476974487305,
    "best10pct_mean_psnr_delta": -1.9673685709635416,
    "worst10img_mean_psnr_delta": -13.653416442871094,
    "best10img_mean_psnr_delta": -0.8635980606079101,
    "worst10_mean_psnr_delta": -12.431476974487305,
    "best10_mean_psnr_delta": -1.9673685709635416,
    "mean_ssim_delta": -0.011924036741256715,
    "positive_ratio": 0.006666666666666667,
    "strong_reference_cut_psnr": 42.45430278778076,
    "strong_reference_count": 75,
    "strong_regression_count_delta_le_-0.05": 75,
    "worst_regression_count_delta_le_-0.20": 298
  }
}