{
  "runs": {
    "a0": {
      "label": "a0",
      "arch": "convir",
      "mode": "original",
      "checkpoint": "/root/autodl-tmp/workspace/ConvIR-B/Dehazing/pretrained_models/haze4k-base.pkl",
      "count": 300,
      "mean_psnr": 39.46919339497884,
      "mean_ssim": 0.9956027621030807,
      "avg_time_sec_sync": 0.05973529815673828,
      "median_time_sec_sync": 0.06070888042449951,
      "peak_cuda_mem_mib": 535.27294921875
    },
    "v18_seed123_model_15_val_regular": {
      "label": "v18_seed123_model_15_val_regular",
      "arch": "dpga",
      "mode": "model_15",
      "checkpoint": "/root/autodl-tmp/workspace/ConvIR-B-v1-8-execution-queue/Dehazing/ITS/results/ConvIR-Haze4K-v1.8-BiDPFM1-fusion-neighbor-seed123-20260606/Training-Results/model_15.pkl",
      "count": 300,
      "mean_psnr": 34.07047737121582,
      "mean_ssim": 0.9885227431853613,
      "avg_time_sec_sync": 0.061715831756591795,
      "median_time_sec_sync": 0.06119692325592041,
      "peak_cuda_mem_mib": 1147.56005859375
    }
  },
  "comparison": {
    "common_count": 300,
    "mean_psnr_delta": -5.398716023763021,
    "median_psnr_delta": -5.330780029296875,
    "p5_psnr_delta": -9.707891273498536,
    "p95_psnr_delta": -1.0517113685607908,
    "hard_bottom25_psnr_delta": -3.1777015686035157,
    "easy_top25_psnr_delta": -7.411977996826172,
    "worst10pct_mean_psnr_delta": -10.14236234029134,
    "best10pct_mean_psnr_delta": -0.827668825785319,
    "worst10img_mean_psnr_delta": -11.246996688842774,
    "best10img_mean_psnr_delta": 0.16156063079833985,
    "worst10_mean_psnr_delta": -10.14236234029134,
    "best10_mean_psnr_delta": -0.827668825785319,
    "mean_ssim_delta": -0.007080018917719523,
    "positive_ratio": 0.013333333333333334,
    "strong_reference_cut_psnr": 42.45430278778076,
    "strong_reference_count": 75,
    "strong_regression_count_delta_le_-0.05": 75,
    "worst_regression_count_delta_le_-0.20": 295
  }
}