{
  "runs": {
    "a0": {
      "label": "a0",
      "arch": "convir",
      "mode": "original",
      "checkpoint": "/root/autodl-tmp/workspace/ConvIR-B/Dehazing/pretrained_models/haze4k-base.pkl",
      "count": 300,
      "mean_psnr": 34.24652522404988,
      "mean_ssim": 0.993646314740181,
      "avg_time_sec_sync": 0.06096187671025594,
      "median_time_sec_sync": 0.06179964542388916,
      "peak_cuda_mem_mib": 536.22607421875
    },
    "v18_seed123_model_15_val_hard": {
      "label": "v18_seed123_model_15_val_hard",
      "arch": "dpga",
      "mode": "model_15",
      "checkpoint": "/root/autodl-tmp/workspace/ConvIR-B-v1-8-execution-queue/Dehazing/ITS/results/ConvIR-Haze4K-v1.8-BiDPFM1-fusion-neighbor-seed123-20260606/Training-Results/model_15.pkl",
      "count": 300,
      "mean_psnr": 30.99476225535075,
      "mean_ssim": 0.9864295383294424,
      "avg_time_sec_sync": 0.06482391993204753,
      "median_time_sec_sync": 0.06746888160705566,
      "peak_cuda_mem_mib": 1147.46435546875
    }
  },
  "comparison": {
    "common_count": 300,
    "mean_psnr_delta": -3.251762968699137,
    "median_psnr_delta": -3.374307632446289,
    "p5_psnr_delta": -6.33023099899292,
    "p95_psnr_delta": 0.3898702621459963,
    "hard_bottom25_psnr_delta": -2.814280115763346,
    "easy_top25_psnr_delta": -3.9624761708577476,
    "worst10pct_mean_psnr_delta": -6.942989285786947,
    "best10pct_mean_psnr_delta": 0.9356894810994466,
    "worst10img_mean_psnr_delta": -8.52885913848877,
    "best10img_mean_psnr_delta": 2.957936477661133,
    "worst10_mean_psnr_delta": -6.942989285786947,
    "best10_mean_psnr_delta": 0.9356894810994466,
    "mean_ssim_delta": -0.007216776410738627,
    "positive_ratio": 0.056666666666666664,
    "strong_reference_cut_psnr": 36.437724113464355,
    "strong_reference_count": 75,
    "strong_regression_count_delta_le_-0.05": 71,
    "worst_regression_count_delta_le_-0.20": 282
  }
}