{
  "runs": {
    "a0": {
      "label": "a0",
      "arch": "convir",
      "mode": "original",
      "checkpoint": "/root/autodl-tmp/workspace/ConvIR-B/Dehazing/pretrained_models/haze4k-base.pkl",
      "count": 300,
      "mean_psnr": 39.46919347127279,
      "mean_ssim": 0.9956027662754059,
      "avg_time_sec_sync": 0.059929141203562415,
      "median_time_sec_sync": 0.06206083297729492,
      "peak_cuda_mem_mib": 535.27294921875
    },
    "v18_seed123_best_val_regular": {
      "label": "v18_seed123_best_val_regular",
      "arch": "dpga",
      "mode": "Best",
      "checkpoint": "/root/autodl-tmp/workspace/ConvIR-B-v1-8-execution-queue/Dehazing/ITS/results/ConvIR-Haze4K-v1.8-BiDPFM1-fusion-neighbor-seed123-20260606/Training-Results/Best.pkl",
      "count": 300,
      "mean_psnr": 39.421624768575036,
      "mean_ssim": 0.9955119568109513,
      "avg_time_sec_sync": 0.061306777795155844,
      "median_time_sec_sync": 0.060784339904785156,
      "peak_cuda_mem_mib": 1147.56005859375
    }
  },
  "comparison": {
    "common_count": 300,
    "mean_psnr_delta": -0.04756870269775391,
    "median_psnr_delta": -0.053203582763671875,
    "p5_psnr_delta": -0.6197944641113281,
    "p95_psnr_delta": 0.5592334747314462,
    "hard_bottom25_psnr_delta": -0.1230486551920573,
    "easy_top25_psnr_delta": -0.0551885986328125,
    "worst10pct_mean_psnr_delta": -0.7214997609456381,
    "best10pct_mean_psnr_delta": 0.6785224914550781,
    "worst10img_mean_psnr_delta": -0.9678276062011719,
    "best10img_mean_psnr_delta": 0.9868709564208984,
    "worst10_mean_psnr_delta": -0.7214997609456381,
    "best10_mean_psnr_delta": 0.6785224914550781,
    "mean_ssim_delta": -9.080946445465088e-05,
    "positive_ratio": 0.4066666666666667,
    "strong_reference_cut_psnr": 42.45430278778076,
    "strong_reference_count": 75,
    "strong_regression_count_delta_le_-0.05": 38,
    "worst_regression_count_delta_le_-0.20": 88
  }
}