split,image_id,a1_SDFM_1_4_R_mean,a1_SDFM_1_4_R_std,a1_SDFM_1_4_R_min,a1_SDFM_1_4_R_max,a1_SDFM_1_4_R_lt_005,a1_SDFM_1_4_R_gt_095,a1_SDFM_1_4_R_entropy,a1_SDFM_1_4_gamma_mean,a1_SDFM_1_4_gamma_std,a1_SDFM_1_4_beta_mean,a1_SDFM_1_4_beta_std,a1_SDFM_1_4_alpha,a1_SDFM_1_2_R_mean,a1_SDFM_1_2_R_std,a1_SDFM_1_2_R_min,a1_SDFM_1_2_R_max,a1_SDFM_1_2_R_lt_005,a1_SDFM_1_2_R_gt_095,a1_SDFM_1_2_R_entropy,a1_SDFM_1_2_gamma_mean,a1_SDFM_1_2_gamma_std,a1_SDFM_1_2_beta_mean,a1_SDFM_1_2_beta_std,a1_SDFM_1_2_alpha,a2_GST_1_2_gate_mean,a2_GST_1_2_gate_std,a2_GST_1_2_gate_min,a2_GST_1_2_gate_max,a2_GST_1_2_gate_lt_005,a2_GST_1_2_gate_gt_095,a2_GST_1_2_delta_mean,a2_GST_1_2_delta_std,a2_GST_1_2_delta_abs_mean,a2_GST_1_2_effective_update_abs_mean,a2_GST_1_2_effective_update_signed_mean,a2_GST_1_2_skip_high_abs_mean,a2_GST_1_2_decoder_high_abs_mean,a2_GST_1_2_alpha,a2_GST_1_1_gate_mean,a2_GST_1_1_gate_std,a2_GST_1_1_gate_min,a2_GST_1_1_gate_max,a2_GST_1_1_gate_lt_005,a2_GST_1_1_gate_gt_095,a2_GST_1_1_delta_mean,a2_GST_1_1_delta_std,a2_GST_1_1_delta_abs_mean,a2_GST_1_1_effective_update_abs_mean,a2_GST_1_1_effective_update_signed_mean,a2_GST_1_1_skip_high_abs_mean,a2_GST_1_1_decoder_high_abs_mean,a2_GST_1_1_alpha,a3_SDFM_1_4_R_mean,a3_SDFM_1_4_R_std,a3_SDFM_1_4_R_min,a3_SDFM_1_4_R_max,a3_SDFM_1_4_R_lt_005,a3_SDFM_1_4_R_gt_095,a3_SDFM_1_4_R_entropy,a3_SDFM_1_4_gamma_mean,a3_SDFM_1_4_gamma_std,a3_SDFM_1_4_beta_mean,a3_SDFM_1_4_beta_std,a3_SDFM_1_4_alpha,a3_SDFM_1_2_R_mean,a3_SDFM_1_2_R_std,a3_SDFM_1_2_R_min,a3_SDFM_1_2_R_max,a3_SDFM_1_2_R_lt_005,a3_SDFM_1_2_R_gt_095,a3_SDFM_1_2_R_entropy,a3_SDFM_1_2_gamma_mean,a3_SDFM_1_2_gamma_std,a3_SDFM_1_2_beta_mean,a3_SDFM_1_2_beta_std,a3_SDFM_1_2_alpha,a3_GST_1_2_gate_mean,a3_GST_1_2_gate_std,a3_GST_1_2_gate_min,a3_GST_1_2_gate_max,a3_GST_1_2_gate_lt_005,a3_GST_1_2_gate_gt_095,a3_GST_1_2_delta_mean,a3_GST_1_2_delta_std,a3_GST_1_2_delta_abs_mean,a3_GST_1_2_effective_update_abs_mean,a3_GST_1_2_effective_update_signed_mean,a3_GST_1_2_skip_high_abs_mean,a3_GST_1_2_decoder_high_abs_mean,a3_GST_1_2_alpha,a3_GST_1_1_gate_mean,a3_GST_1_1_gate_std,a3_GST_1_1_gate_min,a3_GST_1_1_gate_max,a3_GST_1_1_gate_lt_005,a3_GST_1_1_gate_gt_095,a3_GST_1_1_delta_mean,a3_GST_1_1_delta_std,a3_GST_1_1_delta_abs_mean,a3_GST_1_1_effective_update_abs_mean,a3_GST_1_1_effective_update_signed_mean,a3_GST_1_1_skip_high_abs_mean,a3_GST_1_1_decoder_high_abs_mean,a3_GST_1_1_alpha
trainfit128,1000_0.74_1.6.png,0.586206316947937,0.00889111589640379,0.5649488568305969,0.6104627251625061,0.0,0.0,-0.0,-0.056221853941679,0.6216869950294495,-0.01923203095793724,0.6480922102928162,-0.0013516852632164955,0.5552831292152405,0.28065863251686096,0.027784613892436028,0.980385959148407,0.000369822490029037,0.009985207580029964,0.9131810069084167,0.04933298006653786,0.6257316470146179,0.010824184864759445,0.6286791563034058,-0.0071882265619933605,0.5050681829452515,0.04011470824480057,0.27035021781921387,0.7259575128555298,0.0,0.0,-0.005805884022265673,0.2549290955066681,0.1972111314535141,0.0028451757971197367,7.985357660800219e-05,0.36742275953292847,0.04961306229233742,-0.028284288942813873,0.5104784965515137,0.029401615262031555,0.4443560242652893,0.5686060786247253,0.0,0.0,-0.010069257579743862,0.16575290262699127,0.13442905247211456,0.0007453363505192101,-7.050576823530719e-05,0.04536842927336693,0.008861317299306393,0.01080331951379776,0.5906550288200378,0.009505179710686207,0.5713106393814087,0.6176358461380005,0.0,0.0,-0.0,-0.053571417927742004,0.6231560111045837,-0.018291983753442764,0.6468843221664429,-0.0024623707868158817,0.44942742586135864,0.06814756989479065,0.20384716987609863,0.6806014180183411,0.0,0.0,0.5401608943939209,0.06481043249368668,0.5901987552642822,0.008303883485496044,0.5796946883201599,-0.0020082162227481604,0.5078260898590088,0.043914083391427994,0.3052089810371399,0.7454351782798767,0.0,0.0,0.04773637279868126,0.28697434067726135,0.2298160344362259,0.0026990703772753477,-0.0005502185667864978,0.3674505054950714,0.049612857401371,-0.02295518107712269,0.49839404225349426,0.02884889952838421,0.44433239102363586,0.5694423317909241,0.0,0.0,-0.009823386557400227,0.13931457698345184,0.1162915900349617,0.0008389493450522423,-7.451880082953721e-05,0.04536949098110199,0.008877910673618317,0.014345931820571423
trainfit128,1001_0.89_1.66.png,0.5836129188537598,0.008770076557993889,0.5660971999168396,0.606978178024292,0.0,0.0,-0.0,-0.0562586635351181,0.6209900975227356,-0.0193314328789711,0.647302508354187,-0.0013516852632164955,0.6095894575119019,0.3342824876308441,0.022102484479546547,0.978976845741272,0.0027736686170101166,0.22304919362068176,0.8588250279426575,0.048384442925453186,0.6449156403541565,0.011791883036494255,0.6537733674049377,-0.0071882265619933605,0.5064558982849121,0.044860415160655975,0.33887743949890137,0.662684440612793,0.0,0.0,-0.030318643897771835,0.26391759514808655,0.21272589266300201,0.00309395557269454,0.0004091111186426133,0.3814529478549957,0.036138299852609634,-0.028284288942813873,0.5103910565376282,0.029356837272644043,0.4467565417289734,0.5656613111495972,0.0,0.0,-0.014834441244602203,0.16589993238449097,0.13513749837875366,0.0007494792225770652,-9.71514600678347e-05,0.04397730901837349,0.006645181681960821,0.01080331951379776,0.5860974788665771,0.008532760664820671,0.5716261267662048,0.6114184856414795,0.0,0.0,-0.0,-0.053642839193344116,0.6219190955162048,-0.01846877858042717,0.6454923748970032,-0.0024623707868158817,0.4726540744304657,0.09903617203235626,0.183037668466568,0.653487503528595,0.0,0.0,0.6192445755004883,0.0646199956536293,0.5959601402282715,0.008710608817636967,0.5876829624176025,-0.0020082162227481604,0.5116384625434875,0.055480290204286575,0.30048924684524536,0.7469905018806458,0.0,0.0,0.0643044114112854,0.2947174608707428,0.24298511445522308,0.0028858822770416737,-0.0007893338915891945,0.3813954293727875,0.03615992143750191,-0.02295518107712269,0.4983943998813629,0.028839310631155968,0.4441913068294525,0.5678011775016785,0.0,0.0,-0.014817184768617153,0.12431631237268448,0.105596624314785,0.0007605237187817693,-0.00011071607150370255,0.043948329985141754,0.0066382321529090405,0.014345931820571423
trainfit128,1002_0.73_1.47.png,0.5817403197288513,0.009411917999386787,0.5626062750816345,0.6061838269233704,0.0,0.0,-0.0,-0.056285250931978226,0.6204924583435059,-0.019403211772441864,0.6467375159263611,-0.0013516852632164955,0.5788176655769348,0.33441129326820374,0.018779465928673744,0.9830625057220459,0.003328402526676655,0.08364922553300858,0.876367449760437,0.048921920359134674,0.6375596523284912,0.011243552900850773,0.6439917683601379,-0.0071882265619933605,0.5067357420921326,0.0465303398668766,0.31256869435310364,0.6907228231430054,0.0,0.0,-0.03658898547291756,0.2890711724758148,0.2333010584115982,0.0033924791496247053,0.0004977879580110312,0.38954389095306396,0.03671741113066673,-0.028284288942813873,0.510434627532959,0.029306868091225624,0.44641321897506714,0.5664694905281067,0.0,0.0,-0.017301324754953384,0.16703945398330688,0.13697607815265656,0.000760627503041178,-0.00011015974450856447,0.04618200659751892,0.006484941579401493,0.01080331951379776,0.5850980281829834,0.009764811024069786,0.570375919342041,0.6132624745368958,0.0,0.0,-0.0,-0.05365850403904915,0.6216564178466797,-0.018507545813918114,0.6451956033706665,-0.0024623707868158817,0.458590030670166,0.09612808376550674,0.17278391122817993,0.6680478453636169,0.0,0.0,0.628178596496582,0.0647353082895279,0.5929692983627319,0.008464332669973373,0.5834991335868835,-0.0020082162227481604,0.5118796825408936,0.058098599314689636,0.2988399267196655,0.7610617280006409,0.0,0.0,0.06914608180522919,0.323172926902771,0.2693828046321869,0.003209424437955022,-0.000852512544952333,0.3895377814769745,0.03683135285973549,-0.02295518107712269,0.49842700362205505,0.028852056711912155,0.4441301226615906,0.568620502948761,0.0,0.0,-0.017317140474915504,0.12800054252147675,0.1097908616065979,0.0007926414255052805,-0.00013044045772403479,0.04616541787981987,0.006485789082944393,0.014345931820571423
trainfit128,1003_0.9_1.06.png,0.5819681286811829,0.008692177943885326,0.5646134614944458,0.6045199632644653,0.0,0.0,-0.0,-0.056282009929418564,0.6205496788024902,-0.019394472241401672,0.6468030214309692,-0.0013516852632164955,0.5704354047775269,0.34434571862220764,0.018212055787444115,0.9798222184181213,0.004114275332540274,0.1932784765958786,0.8661408424377441,0.049068327993154526,0.6368847489356995,0.011094186455011368,0.6429862380027771,-0.0071882265619933605,0.5069524049758911,0.047815412282943726,0.324753075838089,0.6796732544898987,0.0,0.0,-0.044550616294145584,0.3038158118724823,0.24701523780822754,0.003593336557969451,0.0006077412981539965,0.3993575870990753,0.0364406444132328,-0.028284288942813873,0.5104561448097229,0.029295073822140694,0.4472908079624176,0.566862165927887,0.0,0.0,-0.018200140446424484,0.17011161148548126,0.13886895775794983,0.0007712984224781394,-0.00011466246360214427,0.04762423783540726,0.006527965888381004,0.01080331951379776,0.5853104591369629,0.008963273838162422,0.570787787437439,0.6111856698989868,0.0,0.0,-0.0,-0.05365518108010292,0.6217092871665955,-0.018499312922358513,0.6452557444572449,-0.0024623707868158817,0.4604058861732483,0.10476484149694443,0.16969060897827148,0.6591650247573853,0.0,0.0,0.6418648362159729,0.06472041457891464,0.593687117099762,0.00849612895399332,0.5844719409942627,-0.0020082162227481604,0.5132925510406494,0.06387369334697723,0.2810080051422119,0.7786818742752075,0.0,0.0,0.07409179210662842,0.3336884379386902,0.2772684097290039,0.003311715554445982,-0.0009280833182856441,0.3993496000766754,0.03647793456912041,-0.02295518107712269,0.49839845299720764,0.028818491846323013,0.44425031542778015,0.5689477920532227,0.0,0.0,-0.018660830333828926,0.1324285864830017,0.11499838531017303,0.0008307609823532403,-0.00014172351802699268,0.04760313779115677,0.006519118789583445,0.014345931820571423
trainfit128,1004_0.91_1.17.png,0.5823076963424683,0.008821917697787285,0.5651238560676575,0.604722261428833,0.0,0.0,-0.0,-0.05627719685435295,0.6206410527229309,-0.019381465390324593,0.6469066143035889,-0.0013516852632164955,0.5790114402770996,0.34246617555618286,0.019113458693027496,0.979534387588501,0.003651997074484825,0.20183062553405762,0.8657699227333069,0.048918526619672775,0.6386415958404541,0.011247005313634872,0.6453508138656616,-0.0071882265619933605,0.5068430304527283,0.04715929180383682,0.32978224754333496,0.6730178594589233,0.0,0.0,-0.04151034355163574,0.2954300343990326,0.23967882990837097,0.0034867441281676292,0.000565065594855696,0.39542266726493835,0.03644688054919243,-0.028284288942813873,0.510441243648529,0.029307961463928223,0.4469646215438843,0.5662568807601929,0.0,0.0,-0.017503004521131516,0.1692577302455902,0.1380980759859085,0.0007668103207834065,-0.00011104531586170197,0.046799615025520325,0.006552734412252903,0.01080331951379776,0.5854679346084595,0.008938828483223915,0.5706405639648438,0.6111017465591431,0.0,0.0,-0.0,-0.05365270748734474,0.621751606464386,-0.018493201583623886,0.6453033685684204,-0.0024623707868158817,0.46352237462997437,0.10404621809720993,0.17413167655467987,0.6570419073104858,0.0,0.0,0.6376915574073792,0.06469486653804779,0.5942901968955994,0.008550701662898064,0.5853217840194702,-0.0020082162227481604,0.5129866600036621,0.0622234046459198,0.29167440533638,0.771757960319519,0.0,0.0,0.07188732922077179,0.32519662380218506,0.26972678303718567,0.0032180100679397583,-0.0008979360572993755,0.39541301131248474,0.03648113086819649,-0.02295518107712269,0.49839791655540466,0.028822626918554306,0.4443630874156952,0.5686163902282715,0.0,0.0,-0.01784650608897209,0.13044390082359314,0.11280608177185059,0.000814383034594357,-0.00013511901488527656,0.04677632451057434,0.006544340401887894,0.014345931820571423
trainfit128,1005_0.74_1.81.png,0.5905749201774597,0.009060273878276348,0.5557000637054443,0.6111797094345093,0.0,0.0,0.002662937855347991,-0.056159839034080505,0.6228674054145813,-0.019064579159021378,0.6494285464286804,-0.0013516852632164955,0.44923102855682373,0.2358509749174118,0.005893917288631201,0.994099497795105,0.013822115957736969,0.0013868343085050583,0.9521864056587219,0.05118533596396446,0.5983859300613403,0.008934414945542812,0.591838538646698,-0.0071882265619933605,0.5023460388183594,0.03152122721076012,0.2492002248764038,0.7414364814758301,0.0,0.0,0.01627437397837639,0.22114083170890808,0.1753006875514984,0.0025043231435120106,-0.0002220615861006081,0.4569653868675232,0.06022346019744873,-0.028284288942813873,0.5102552771568298,0.029342535883188248,0.4429488480091095,0.5713472962379456,0.0,0.0,-0.010237558744847775,0.16186778247356415,0.13296739757061005,0.0007363440818153322,-7.18753071851097e-05,0.07252936065196991,0.02051016502082348,0.01080331951379776,0.5975108742713928,0.009663219563663006,0.5640724301338196,0.6202121376991272,0.0,0.0,-0.0,-0.053464002907276154,0.6250272989273071,-0.018026040866971016,0.6489875316619873,-0.0024623707868158817,0.42112189531326294,0.06891254335641861,0.08993082493543625,0.7514561414718628,0.0,0.0,0.5394647121429443,0.06504250317811966,0.5847118496894836,0.00780822616070509,0.5719215869903564,-0.0020082162227481604,0.5046055316925049,0.03338984400033951,0.3177765905857086,0.6973804235458374,0.0,0.0,0.04036550223827362,0.2288159430027008,0.18070389330387115,0.0021064619068056345,-0.00046301621478050947,0.4569338262081146,0.060197584331035614,-0.02295518107712269,0.4979836940765381,0.02957136556506157,0.44006088376045227,0.5728058815002441,0.0,0.0,0.0007022633217275143,0.12418424338102341,0.10389228910207748,0.0007444486254826188,1.0919642591034062e-05,0.07253535091876984,0.020526522770524025,0.014345931820571423
trainfit128,1006_0.89_1.55.png,0.5950881838798523,0.00955918151885271,0.5586374998092651,0.6164446473121643,0.0,0.0,0.0011874446645379066,-0.05609578266739845,0.6240974068641663,-0.0188915878534317,0.6508188247680664,-0.0013516852632164955,0.5056041479110718,0.26805567741394043,0.00550513481721282,0.9935484528541565,0.0176590234041214,0.04946375638246536,0.9871809482574463,0.050200700759887695,0.6132970452308655,0.009938940405845642,0.6119809746742249,-0.0071882265619933605,0.5024182796478271,0.03191932290792465,0.2582171857357025,0.7581450343132019,0.0,0.0,0.015531353652477264,0.23519040644168854,0.18739494681358337,0.002678187098354101,-0.00020718052110169083,0.486484557390213,0.060551729053258896,-0.028284288942813873,0.5103628039360046,0.02946922555565834,0.44314223527908325,0.5714150667190552,0.0,0.0,-0.004273931495845318,0.1587807536125183,0.13213412463665009,0.0007301639416255057,-3.8993803173070773e-05,0.07903026044368744,0.019463468343019485,0.01080331951379776,0.6023160815238953,0.009797736071050167,0.5651295781135559,0.6259851455688477,0.0,0.0,0.0011874446645379066,-0.05338871479034424,0.6263511776924133,-0.017839638516306877,0.6504730582237244,-0.0024623707868158817,0.4347604215145111,0.08253051340579987,0.08922650665044785,0.7493423223495483,0.0,0.0,0.6054143905639648,0.06493068486452103,0.5877518653869629,0.008047048933804035,0.5761901140213013,-0.0020082162227481604,0.5049826502799988,0.03400323539972305,0.3151540160179138,0.6888176798820496,0.0,0.0,0.03791686147451401,0.23587705194950104,0.18816988170146942,0.002192414365708828,-0.00042606377974152565,0.48642608523368835,0.06056297942996025,-0.02295518107712269,0.49783822894096375,0.029480669647455215,0.4404013454914093,0.5727819204330444,0.0,0.0,-0.0020194537937641144,0.1255570948123932,0.1020394042134285,0.0007310144719667733,-1.2898632121505216e-05,0.07903214544057846,0.019481515511870384,0.014345931820571423
trainfit128,1007_0.68_1.25.png,0.5874454975128174,0.00949401967227459,0.5522022843360901,0.6078576445579529,0.0,0.0,0.024643143638968468,-0.05620426684617996,0.6220238208770752,-0.019184529781341553,0.64847332239151,-0.0013516852632164955,0.36126258969306946,0.23797090351581573,0.006624825298786163,0.995610773563385,0.01497781090438366,0.0032590606715530157,0.904109001159668,0.052721843123435974,0.5825252532958984,0.007366879377514124,0.5695726275444031,-0.0071882265619933605,0.5022028088569641,0.03220895305275917,0.24535690248012543,0.7687320113182068,0.0,0.0,0.010402738116681576,0.22689005732536316,0.1774044781923294,0.002534621860831976,-0.0001393183774780482,0.4945394694805145,0.057125408202409744,-0.028284288942813873,0.5104010105133057,0.029231619089841843,0.4438643455505371,0.5716928243637085,0.0,0.0,-0.013821511529386044,0.14457286894321442,0.11916565895080566,0.0006604478694498539,-8.9489076344762e-05,0.0846259817481041,0.01826249063014984,0.01080331951379776,0.5948928594589233,0.010035339742898941,0.5606432557106018,0.6182438135147095,0.0,0.0,0.000919351470656693,-0.05350502207875252,0.6243126392364502,-0.018127594143152237,0.6481845378875732,-0.0024623707868158817,0.3993798494338989,0.0720122754573822,0.09159573167562485,0.7593149542808533,0.0,0.0,0.5578683018684387,0.06522077322006226,0.5807597637176514,0.007427500560879707,0.5662699341773987,-0.0020082162227481604,0.505083441734314,0.034528013318777084,0.30705198645591736,0.7161697745323181,0.0,0.0,0.04394400119781494,0.241906076669693,0.19154928624629974,0.00223552156239748,-0.00050555937923491,0.49442631006240845,0.057065658271312714,-0.02295518107712269,0.4981464743614197,0.02939593605697155,0.441341370344162,0.5737945437431335,0.0,0.0,-0.004620213992893696,0.1139017716050148,0.09282659739255905,0.0006667449488304555,-3.112730701104738e-05,0.08462752401828766,0.018266135826706886,0.014345931820571423
trainfit128,1008_0.52_1.98.png,0.5855199098587036,0.008265305310487747,0.5500211715698242,0.6051527261734009,0.0,0.0,0.015910757705569267,-0.05623159557580948,0.6214994192123413,-0.01925833523273468,0.6478801965713501,-0.0013516852632164955,0.3259349763393402,0.16849662363529205,0.007299304008483887,0.9961049556732178,0.009592270478606224,0.0018028846243396401,0.8230172395706177,0.05333889275789261,0.5708944201469421,0.006737368647009134,0.5536872744560242,-0.0071882265619933605,0.5019881725311279,0.03139551728963852,0.23430514335632324,0.7439083456993103,0.0,0.0,0.013930545188486576,0.2187231183052063,0.1707969307899475,0.0024350560270249844,-0.00019320836872793734,0.4418676197528839,0.06245914474129677,-0.028284288942813873,0.5101627111434937,0.029122618958353996,0.44326943159103394,0.5714475512504578,0.0,0.0,-0.020317036658525467,0.17185142636299133,0.13734322786331177,0.0007634764187969267,-0.00012619045446626842,0.06933148205280304,0.02175903134047985,0.01080331951379776,0.5920981764793396,0.009321429766714573,0.5604081153869629,0.6156434416770935,0.0,0.0,0.003791490104049444,-0.05354881286621094,0.6235470771789551,-0.018236001953482628,0.6473243236541748,-0.0024623707868158817,0.3953686058521271,0.05527461692690849,0.0912415087223053,0.7630682587623596,0.0,0.0,0.45130518078804016,0.06525366008281708,0.5795924663543701,0.007357258349657059,0.5646480321884155,-0.0020082162227481604,0.504325270652771,0.03326072543859482,0.3204708397388458,0.6985386610031128,0.0,0.0,0.04631715640425682,0.24004793167114258,0.18918797373771667,0.0022088440600782633,-0.000543662637937814,0.4417702555656433,0.062397561967372894,-0.02295518107712269,0.4982462525367737,0.029692303389310837,0.43999534845352173,0.5743911862373352,0.0,0.0,0.002086636610329151,0.129440039396286,0.10901196300983429,0.0007810633978806436,2.4787530492176302e-05,0.06933381408452988,0.021758828312158585,0.014345931820571423
trainfit128,1009_0.84_0.56.png,0.5926690697669983,0.008566856384277344,0.5556620955467224,0.6116753816604614,0.0,0.0,0.004226032178848982,-0.056130122393369675,0.6234334111213684,-0.018984302878379822,0.6500691175460815,-0.0013516852632164955,0.2388084977865219,0.1577918380498886,0.009835334494709969,0.9985272884368896,0.01479289960116148,0.0030741493683308363,0.6870498061180115,0.054860685020685196,0.5580939054489136,0.005184837616980076,0.5349267721176147,-0.0071882265619933605,0.5031642913818359,0.03781994804739952,0.20350073277950287,0.7961451411247253,0.0,0.0,0.0031819159630686045,0.2719881534576416,0.21573321521282196,0.003088265424594283,-7.041695062071085e-05,0.505995512008667,0.045312147587537766,-0.028284288942813873,0.5106229186058044,0.029206490144133568,0.444189190864563,0.5771098732948303,0.0,0.0,-0.006718313787132502,0.16376321017742157,0.13643009960651398,0.0007569753797724843,-4.188925595371984e-05,0.10266716033220291,0.0131627032533288,0.01080331951379776,0.5990791916847229,0.006984737701714039,0.5640776753425598,0.6264398097991943,0.0,0.0,0.0003430882643442601,-0.0534394271671772,0.6254457235336304,-0.017965199425816536,0.6494589447975159,-0.0024623707868158817,0.3399486839771271,0.06061619520187378,0.1324123740196228,0.8050949573516846,0.0,0.0,0.5066760778427124,0.06570804864168167,0.57026207447052,0.006386798806488514,0.5511146783828735,-0.0020082162227481604,0.5067001581192017,0.03970576822757721,0.310930460691452,0.675371527671814,0.0,0.0,0.04600899666547775,0.28417229652404785,0.22401602566242218,0.002608331385999918,-0.0005163144669495523,0.5059927105903625,0.045332171022892,-0.02295518107712269,0.49825426936149597,0.028990937396883965,0.4386391043663025,0.5759528279304504,0.0,0.0,-0.0057678064331412315,0.1325124055147171,0.11000795662403107,0.0007935765897855163,-4.915568570140749e-05,0.10269013792276382,0.013159381225705147,0.014345931820571423
trainfit128,100_0.65_1.43.png,0.5822418332099915,0.007828697562217712,0.5610460042953491,0.604633629322052,0.0,0.0,0.000919351470656693,-0.056278128176927567,0.6206188201904297,-0.01938398741185665,0.6468821167945862,-0.0013516852632164955,0.45287156105041504,0.25582680106163025,0.013427750207483768,0.9839083552360535,0.007142196875065565,9.245562250725925e-05,0.9220216274261475,0.051121752709150314,0.6010944247245789,0.008999284356832504,0.5953769087791443,-0.0071882265619933605,0.5042396187782288,0.03550976887345314,0.2923183739185333,0.7010803818702698,0.0,0.0,0.004360448569059372,0.22216865420341492,0.17370423674583435,0.00250125746242702,-8.015965431695804e-05,0.37305083870887756,0.04648752883076668,-0.028284288942813873,0.5102925300598145,0.029184674844145775,0.4452509582042694,0.5701279044151306,0.0,0.0,-0.01970686763525009,0.15261106193065643,0.12527026236057281,0.0006957942387089133,-0.00012278313806746155,0.057350993156433105,0.011835782788693905,0.01080331951379776,0.586063027381897,0.008484970778226852,0.5662956833839417,0.6163917779922485,0.0,0.0,-0.0,-0.053643375635147095,0.6219095587730408,-0.01847011409699917,0.6454817056655884,-0.0024623707868158817,0.41940927505493164,0.06408768892288208,0.159256711602211,0.6657067537307739,0.0,0.0,0.5131980776786804,0.06505654752254486,0.5842559337615967,0.007778237108141184,0.5712875127792358,-0.0020082162227481604,0.5066771507263184,0.0391230545938015,0.29083535075187683,0.7373526096343994,0.0,0.0,0.057358890771865845,0.25350984930992126,0.20561252534389496,0.002418935764580965,-0.0006834193482063711,0.37302181124687195,0.04649263620376587,-0.02295518107712269,0.4984678030014038,0.029028570279479027,0.44339069724082947,0.5711599588394165,0.0,0.0,-0.0073632122948765755,0.11707497388124466,0.09868951141834259,0.0007094512693583965,-4.849399556405842e-05,0.05735563859343529,0.01183959562331438,0.014345931820571423
trainfit128,1010_0.91_1.13.png,0.5973404049873352,0.008674317970871925,0.563970685005188,0.6163465976715088,0.0,0.0,-0.0,-0.056063804775476456,0.6247087717056274,-0.018805259838700294,0.6515100002288818,-0.0013516852632164955,0.37444978952407837,0.2196773886680603,0.015314355492591858,0.996918797492981,0.0015948595246300101,0.0043685282580554485,0.8554707765579224,0.05249151214957237,0.5830180048942566,0.007601866498589516,0.5704935193061829,-0.0071882265619933605,0.5033872723579407,0.036987192928791046,0.259071946144104,0.7485487461090088,0.0,0.0,0.015912851318717003,0.25621989369392395,0.2041662186384201,0.0029235160909593105,-0.00024972399114631116,0.462013840675354,0.04868859425187111,-0.028284288942813873,0.5105456113815308,0.029467590153217316,0.4443886876106262,0.5734778046607971,0.0,0.0,0.003945724107325077,0.16705356538295746,0.13792051374912262,0.0007633499917574227,1.2683723980444483e-05,0.0847046971321106,0.014299375005066395,0.01080331951379776,0.602023184299469,0.00739291263744235,0.5707519054412842,0.6271257996559143,0.0,0.0,0.000919351470656693,-0.05339330434799194,0.6262587904930115,-0.017851002514362335,0.6503709554672241,-0.0024623707868158817,0.38291606307029724,0.06905481219291687,0.15866775810718536,0.7715004682540894,0.0,0.0,0.5374975800514221,0.06535575538873672,0.5777245759963989,0.007139201741665602,0.5619198083877563,-0.0020082162227481604,0.5059777498245239,0.037515874952077866,0.3230898082256317,0.6930853724479675,0.0,0.0,0.03876468911767006,0.26527532935142517,0.21238930523395538,0.0024695468600839376,-0.000428228871896863,0.4620833992958069,0.048724718391895294,-0.02295518107712269,0.49804291129112244,0.029147712513804436,0.4397372901439667,0.5716983079910278,0.0,0.0,-0.002277449006214738,0.13725464046001434,0.11172451823949814,0.0008021434769034386,-2.161110569431912e-05,0.08472795784473419,0.014302448369562626,0.014345931820571423
trainfit128,1011_0.79_0.66.png,0.5933845639228821,0.008621873334050179,0.5563341975212097,0.6114623546600342,0.0,0.0,0.002662937855347991,-0.05611995980143547,0.6236283779144287,-0.018956884741783142,0.6502894163131714,-0.0013516852632164955,0.2476939857006073,0.15865777432918549,0.010316569358110428,0.9979948997497559,0.011510725133121014,0.0028661242686212063,0.7273988723754883,0.054705485701560974,0.5592443943023682,0.005343169439584017,0.5366479158401489,-0.0071882265619933605,0.503150999546051,0.03736985847353935,0.21302193403244019,0.7851309776306152,0.0,0.0,0.005309949163347483,0.26779136061668396,0.21248582005500793,0.003041676478460431,-0.0001003811921691522,0.49521857500076294,0.04527625814080238,-0.028284288942813873,0.5106125473976135,0.029221687465906143,0.4444185495376587,0.5763769745826721,0.0,0.0,-0.005669042468070984,0.1622794270515442,0.13493596017360687,0.0007485493551939726,-3.659600770333782e-05,0.09955554455518723,0.013116877526044846,0.01080331951379776,0.5996910929679871,0.006976056378334761,0.5647699236869812,0.626007616519928,0.0,0.0,0.0003430882643442601,-0.053429845720529556,0.6256140470504761,-0.017941463738679886,0.6496478319168091,-0.0024623707868158817,0.344830185174942,0.060795653611421585,0.13559214770793915,0.7937409281730652,0.0,0.0,0.4995751678943634,0.065668024122715,0.5710543394088745,0.006472278852015734,0.5522727370262146,-0.0020082162227481604,0.5065081715583801,0.03905167430639267,0.31507447361946106,0.6714597344398499,0.0,0.0,0.04493195191025734,0.28006041049957275,0.22108471393585205,0.0025729292538017035,-0.0005023677949793637,0.495210200548172,0.045295484364032745,-0.02295518107712269,0.49824073910713196,0.029009072110056877,0.4386426508426666,0.5752696394920349,0.0,0.0,-0.005152729339897633,0.13138899207115173,0.10867910087108612,0.0007836009608581662,-4.4280972360866144e-05,0.09957734495401382,0.013113768771290779,0.014345931820571423
trainfit128,1012_0.85_1.28.png,0.597249448299408,0.008308151736855507,0.5645830035209656,0.6160618662834167,0.0,0.0,-0.0,-0.05606509745121002,0.6246821880340576,-0.018808741122484207,0.6514801979064941,-0.0013516852632164955,0.3848069906234741,0.2220790684223175,0.016421636566519737,0.9953977465629578,0.0011556952958926558,0.0035826554521918297,0.8621494770050049,0.052310604602098465,0.585040807723999,0.007786423433572054,0.5733296275138855,-0.0071882265619933605,0.5033679604530334,0.036462459713220596,0.2628462016582489,0.7371208071708679,0.0,0.0,0.018132982775568962,0.25197935104370117,0.20092475414276123,0.002876982558518648,-0.00028063898207619786,0.44898611307144165,0.048795655369758606,-0.028284288942813873,0.5105223655700684,0.02947181649506092,0.44414621591567993,0.5731152892112732,0.0,0.0,0.004364455118775368,0.16647064685821533,0.13757476210594177,0.0007612056215293705,1.4440316590480506e-05,0.08158595860004425,0.014487523585557938,0.01080331951379776,0.6017879843711853,0.007279270328581333,0.5709969997406006,0.6262302398681641,0.0,0.0,0.0003430882643442601,-0.053396981209516525,0.6261934041976929,-0.01786012575030327,0.6502975821495056,-0.0024623707868158817,0.3866846263408661,0.0683344379067421,0.16286201775074005,0.7537986040115356,0.0,0.0,0.533237874507904,0.06532485783100128,0.5783705711364746,0.007205192465335131,0.5628523826599121,-0.0020082162227481604,0.505753219127655,0.036900874227285385,0.3233404755592346,0.6961203813552856,0.0,0.0,0.03812068700790405,0.26034772396087646,0.20889794826507568,0.0024272592272609472,-0.0004198318929411471,0.44904854893684387,0.04884181171655655,-0.02295518107712269,0.49803072214126587,0.029175274074077606,0.4402647912502289,0.5709381699562073,0.0,0.0,-0.001548396423459053,0.13712073862552643,0.11121100187301636,0.0007982600363902748,-1.5540403182967566e-05,0.0816057100892067,0.01448647491633892,0.014345931820571423
trainfit128,1013_0.63_1.83.png,0.5904145240783691,0.009846961125731468,0.562644362449646,0.6128824949264526,0.0,0.0,-0.0,-0.05616212263703346,0.6228280663490295,-0.01907072402536869,0.6493834853172302,-0.0013516852632164955,0.4952879250049591,0.29438552260398865,0.03083467297255993,0.9908684492111206,0.0005316198221407831,0.05256102234125137,0.9265199899673462,0.050380889326334,0.6140235662460327,0.009755113162100315,0.6126959323883057,-0.0071882265619933605,0.5038226246833801,0.03481178358197212,0.2863050699234009,0.7017104029655457,0.0,0.0,0.014729147776961327,0.21287386119365692,0.17045973241329193,0.0024482468143105507,-0.00021736272901762277,0.3826046288013458,0.04888428375124931,-0.028284288942813873,0.5104294419288635,0.02938081882894039,0.4443703293800354,0.5693146586418152,0.0,0.0,-0.004803453106433153,0.16256587207317352,0.13353188335895538,0.0007391960825771093,-4.020712003693916e-05,0.05166439712047577,0.01135638915002346,0.01080331951379776,0.5954639315605164,0.00998839084059,0.5708120465278625,0.6222377419471741,0.0,0.0,-0.0,-0.05349607765674591,0.6244685053825378,-0.018105443567037582,0.6483595967292786,-0.0024623707868158817,0.4357292652130127,0.07941151410341263,0.21478867530822754,0.7356937527656555,0.0,0.0,0.5973062515258789,0.0649227425456047,0.5878373980522156,0.008064014837145805,0.5763223171234131,-0.0020082162227481604,0.5054973363876343,0.034627821296453476,0.3467605710029602,0.6581478118896484,0.0,0.0,0.038181371986866,0.24560831487178802,0.19863785803318024,0.00231030466966331,-0.00042715034214779735,0.38259220123291016,0.04881235957145691,-0.02295518107712269,0.4983091652393341,0.02905932441353798,0.44214674830436707,0.5693145990371704,0.0,0.0,-0.003427982795983553,0.12816835939884186,0.10541746765375137,0.0007577327196486294,-2.5514202206977643e-05,0.05166477710008621,0.011356143280863762,0.014345931820571423
trainfit128,1014_0.74_1.61.png,0.5912129282951355,0.009893358685076237,0.5637490749359131,0.6139171123504639,0.0,0.0,-0.0,-0.05615079402923584,0.6230447888374329,-0.019040122628211975,0.6496285796165466,-0.0013516852632164955,0.4972725510597229,0.30353233218193054,0.03328932821750641,0.9914912581443787,0.0004853920254390687,0.06476516276597977,0.9253390431404114,0.05034622177481651,0.6155219674110413,0.009790480136871338,0.6146354079246521,-0.0071882265619933605,0.5039176940917969,0.035132765769958496,0.29154813289642334,0.6974533200263977,0.0,0.0,0.012539411894977093,0.21252945065498352,0.1699981689453125,0.0024437885731458664,-0.00018680939683690667,0.3852890431880951,0.047812655568122864,-0.028284288942813873,0.5104391574859619,0.029383519664406776,0.4443800151348114,0.5675557255744934,0.0,0.0,-0.004588193725794554,0.15947997570037842,0.13125984370708466,0.0007262222934514284,-3.8804053474450484e-05,0.052506398409605026,0.010942233726382256,0.01080331951379776,0.5961714386940002,0.009767887182533741,0.5720314383506775,0.6234070062637329,0.0,0.0,-0.0,-0.05348499119281769,0.624660849571228,-0.018077991902828217,0.6485758423805237,-0.0024623707868158817,0.4380492866039276,0.08536996692419052,0.217720165848732,0.7401357293128967,0.0,0.0,0.6119835376739502,0.06490371376276016,0.5884897708892822,0.008104641921818256,0.57722407579422,-0.0020082162227481604,0.5058671236038208,0.03540787473320961,0.3471601903438568,0.6662458181381226,0.0,0.0,0.03689773380756378,0.23935112357139587,0.1942489892244339,0.0022619154769927263,-0.0004115821502637118,0.3852735459804535,0.04772760719060898,-0.02295518107712269,0.49826914072036743,0.029028084129095078,0.44177624583244324,0.568558394908905,0.0,0.0,-0.003971073776483536,0.1253102421760559,0.10292355716228485,0.00073978555155918,-2.9904726034146734e-05,0.052504297345876694,0.010938514024019241,0.014345931820571423
trainfit128,1015_0.7_1.92.png,0.5923288464546204,0.009817120619118214,0.5650728344917297,0.6146054863929749,0.0,0.0,-0.0,-0.056134942919015884,0.6233473420143127,-0.018997348845005035,0.6499708294868469,-0.0013516852632164955,0.5253673195838928,0.2997016906738281,0.031808000057935715,0.9901167750358582,0.0005778476479463279,0.060003697872161865,0.9376915693283081,0.04985550791025162,0.621136486530304,0.01029110699892044,0.6222963333129883,-0.0071882265619933605,0.5038283467292786,0.034675583243370056,0.29845130443573,0.6886122226715088,0.0,0.0,0.01717652752995491,0.2126123607158661,0.17031364142894745,0.002446254249662161,-0.0002507716417312622,0.37676167488098145,0.049911826848983765,-0.028284288942813873,0.5103989839553833,0.029437575489282608,0.4440961182117462,0.5683542490005493,0.0,0.0,-0.002802911913022399,0.16517463326454163,0.13602210581302643,0.0007522705127485096,-2.9782200726913288e-05,0.049921583384275436,0.011694425716996193,0.01080331951379776,0.5971886515617371,0.00980693381279707,0.57258141040802,0.6233505606651306,0.0,0.0,-0.0,-0.05346904322504997,0.6249397397041321,-0.018038539215922356,0.6488891243934631,-0.0024623707868158817,0.44436749815940857,0.08133561909198761,0.21215859055519104,0.7293212413787842,0.0,0.0,0.6006112694740295,0.06485191732645035,0.5895944833755493,0.008215281181037426,0.5787999629974365,-0.0020082162227481604,0.5054723620414734,0.03452074155211449,0.3467811942100525,0.6598417162895203,0.0,0.0,0.03576043248176575,0.23821748793125153,0.19290094077587128,0.002243758412078023,-0.00039701146306470037,0.3767416179180145,0.04984492436051369,-0.02295518107712269,0.4982338547706604,0.029088689014315605,0.4415035545825958,0.5695757865905762,0.0,0.0,-0.002112283371388912,0.12961433827877045,0.10683116316795349,0.0007670675404369831,-1.523650462331716e-05,0.04991886764764786,0.011694194748997688,0.014345931820571423
trainfit128,1016_0.8_1.72.png,0.5927146673202515,0.010001618415117264,0.5658110976219177,0.6154447793960571,0.0,0.0,-0.0,-0.05612947419285774,0.6234532594680786,-0.018982557579874992,0.6500903964042664,-0.0013516852632164955,0.5249527096748352,0.3071845769882202,0.03274845704436302,0.9906863570213318,0.0005085059092380106,0.10216346383094788,0.9188284873962402,0.04986274987459183,0.6219314336776733,0.010283716022968292,0.6232922077178955,-0.0071882265619933605,0.5038945078849792,0.03499418869614601,0.3050539195537567,0.6842992901802063,0.0,0.0,0.015056428499519825,0.21459724009037018,0.1718025654554367,0.002469591796398163,-0.0002213239495176822,0.37970295548439026,0.048826973885297775,-0.028284288942813873,0.5104079842567444,0.02943592332303524,0.44411972165107727,0.5668269991874695,0.0,0.0,-0.0028237143997102976,0.1616826355457306,0.13330082595348358,0.0007368718506768346,-2.968907392641995e-05,0.050749558955430984,0.011309478431940079,0.01080331951379776,0.5974936485290527,0.009678511880338192,0.5730259418487549,0.6243988871574402,0.0,0.0,-0.0,-0.05346427112817764,0.6250226497650146,-0.01802670769393444,0.6489823460578918,-0.0024623707868158817,0.4463094174861908,0.08689697086811066,0.21384261548519135,0.732819139957428,0.0,0.0,0.6234683394432068,0.06483599543571472,0.5901687145233154,0.008249284699559212,0.5795904397964478,-0.0020082162227481604,0.5058294534683228,0.03530634567141533,0.34519055485725403,0.6662030816078186,0.0,0.0,0.03457434102892876,0.23449480533599854,0.19068334996700287,0.002221452770754695,-0.00038337885052897036,0.37967705726623535,0.048748549073934555,-0.02295518107712269,0.49820154905319214,0.029060261324048042,0.44159701466560364,0.568512499332428,0.0,0.0,-0.002693415153771639,0.12651106715202332,0.10387517511844635,0.0007457965984940529,-1.9801900634774938e-05,0.05074487626552582,0.011307872831821442,0.014345931820571423
trainfit128,1017_0.91_1.44.png,0.5867984890937805,0.008313171565532684,0.5623155832290649,0.616732656955719,0.0,0.0,0.0003430882643442601,-0.05621345341205597,0.6218436360359192,-0.019209332764148712,0.6482700705528259,-0.0013516852632164955,0.5700437426567078,0.34540030360221863,0.018582602962851524,0.9880853891372681,0.0028430104721337557,0.02778291516005993,0.8053038716316223,0.0490751676261425,0.636932373046875,0.011087206192314625,0.6430384516716003,-0.0071882265619933605,0.5061241984367371,0.04281765595078468,0.2919842302799225,0.6915635466575623,0.0,0.0,-0.00994842778891325,0.24673520028591156,0.19331544637680054,0.0028061254415661097,0.00011020162492059171,0.3354283571243286,0.03953968733549118,-0.028284288942813873,0.5104001760482788,0.029364822432398796,0.4464302659034729,0.5725595951080322,0.0,0.0,-0.01353673730045557,0.15896561741828918,0.130325049161911,0.0007216162630356848,-8.872239413904026e-05,0.04190719500184059,0.007550993002951145,0.01080331951379776,0.5891021490097046,0.010173477232456207,0.5697274208068848,0.6324480175971985,0.0,0.0,0.0014470878522843122,-0.053595758974552155,0.6227388978004456,-0.018352223560214043,0.6464143991470337,-0.0024623707868158817,0.4529259204864502,0.09650719165802002,0.14049459993839264,0.6896225214004517,0.0,0.0,0.5772104263305664,0.06478174030780792,0.5918441414833069,0.0083651477470994,0.5819147229194641,-0.0020082162227481604,0.5092206597328186,0.04684716835618019,0.29713714122772217,0.7426467537879944,0.0,0.0,0.05727079138159752,0.2779778242111206,0.2239401787519455,0.0026403272058814764,-0.0006841923459433019,0.3354456424713135,0.03955589607357979,-0.02295518107712269,0.49848824739456177,0.028704557567834854,0.4426650106906891,0.5713508725166321,0.0,0.0,-0.010599242523312569,0.12191746383905411,0.1031273826956749,0.0007427851669490337,-7.671503408346325e-05,0.0418802872300148,0.007562621030956507,0.014345931820571423
trainfit128,1018_0.88_0.54.png,0.5813648104667664,0.008503393270075321,0.5574438571929932,0.6092270612716675,0.0,0.0,0.0014470878522843122,-0.056290578097105026,0.620387613773346,-0.01941760443150997,0.6466193199157715,-0.0013516852632164955,0.5224741101264954,0.34845224022865295,0.014628442004323006,0.9911927580833435,0.005894045811146498,0.008783284574747086,0.8131974339485168,0.04990604147315025,0.6266463994979858,0.010239551775157452,0.6291924118995667,-0.0071882265619933605,0.507118821144104,0.04880388081073761,0.2729821801185608,0.7260028123855591,0.0,0.0,-0.038290008902549744,0.3155709207057953,0.2554994523525238,0.0037125477101653814,0.0005023942212574184,0.36518290638923645,0.037149589508771896,-0.028284288942813873,0.5105240345001221,0.029226748272776604,0.4472450017929077,0.5747437477111816,0.0,0.0,-0.022281168028712273,0.16151952743530273,0.1347561627626419,0.0007483146619051695,-0.0001344394258921966,0.04935988038778305,0.006569117773324251,0.01080331951379776,0.5855202674865723,0.010789918713271618,0.5665053725242615,0.6273812055587769,0.0,0.0,0.0003430882643442601,-0.05365188419818878,0.6217758059501648,-0.018491173163056374,0.6453293561935425,-0.0024623707868158817,0.42691951990127563,0.09670908749103546,0.1321849226951599,0.7070523500442505,0.0,0.0,0.560673177242279,0.06499496847391129,0.5867578983306885,0.007909746840596199,0.574724555015564,-0.0020082162227481604,0.5125718712806702,0.0615253672003746,0.28182873129844666,0.772040069103241,0.0,0.0,0.07470612972974777,0.3502362370491028,0.2904721796512604,0.0034643206745386124,-0.0009363048593513668,0.36518919467926025,0.03712931647896767,-0.02295518107712269,0.4984639286994934,0.028621699661016464,0.44222787022590637,0.5722054839134216,0.0,0.0,-0.020355362445116043,0.13218370079994202,0.11545955389738083,0.0008349011186510324,-0.00015366205479949713,0.04933340847492218,0.006567913573235273,0.014345931820571423
trainfit128,1019_0.82_1.87.png,0.5846434235572815,0.008481384254992008,0.5620412230491638,0.6152021884918213,0.0,0.0,0.0003430882643442601,-0.05624403804540634,0.6212650537490845,-0.019291933625936508,0.6476143598556519,-0.0013516852632164955,0.5692015290260315,0.32308000326156616,0.019840240478515625,0.989607036113739,0.0023113905917853117,0.0013406064826995134,0.7398601770401001,0.04908987879753113,0.6338882446289062,0.011072197929024696,0.6392040252685547,-0.0071882265619933605,0.5060824751853943,0.042344603687524796,0.28759223222732544,0.6879034042358398,0.0,0.0,-0.003252341877669096,0.23848992586135864,0.18729259073734283,0.002719838870689273,9.857123586698435e-06,0.3223750591278076,0.04145380109548569,-0.028284288942813873,0.510338306427002,0.029369989410042763,0.44584861397743225,0.5722615718841553,0.0,0.0,-0.01454094611108303,0.16374368965625763,0.13338159024715424,0.0007385805365629494,-9.522466280031949e-05,0.03950841724872589,0.00812869518995285,0.01080331951379776,0.5863209962844849,0.010508310049772263,0.5694670081138611,0.6315240263938904,0.0,0.0,0.000919351470656693,-0.05363933742046356,0.6219897866249084,-0.0184601079672575,0.6455706357955933,-0.0024623707868158817,0.4467925727367401,0.0841163769364357,0.14242345094680786,0.6981120109558105,0.0,0.0,0.4997599422931671,0.06483202427625656,0.5901680588722229,0.008257745765149593,0.5795996785163879,-0.0020082162227481604,0.5084807872772217,0.044264134019613266,0.31074920296669006,0.7216407656669617,0.0,0.0,0.06138107180595398,0.274776428937912,0.224967822432518,0.002653094008564949,-0.0007403807830996811,0.32240909337997437,0.04145801067352295,-0.02295518107712269,0.49860432744026184,0.028811991214752197,0.44222739338874817,0.5708861351013184,0.0,0.0,-0.008337430655956268,0.12139206379652023,0.10417446494102478,0.0007507017580792308,-5.6850036344258115e-05,0.03949114307761192,0.008140722289681435,0.014345931820571423
trainfit128,101_0.78_1.87.png,0.5886361598968506,0.009194090031087399,0.5655547380447388,0.6113302707672119,0.0,0.0,-0.0,-0.05618736520409584,0.6223435997962952,-0.019138893112540245,0.6488355994224548,-0.0013516852632164955,0.6253799200057983,0.30818721652030945,0.03808696195483208,0.9816153645515442,0.00016179733211174607,0.2609559893608093,0.8587961196899414,0.04810863733291626,0.645661473274231,0.012073258869349957,0.6550000905990601,-0.0071882265619933605,0.5049910545349121,0.038534414023160934,0.3240606486797333,0.6842009425163269,0.0,0.0,0.004166450817137957,0.22663220763206482,0.17933712899684906,0.002590614603832364,-7.002263009781018e-05,0.3285912871360779,0.03930750489234924,-0.028284288942813873,0.5103074908256531,0.029542339965701103,0.4439593255519867,0.5648186206817627,0.0,0.0,-0.004519881680607796,0.1661500483751297,0.13610680401325226,0.0007510542636737227,-4.1656770918052644e-05,0.03589542210102081,0.008045895956456661,0.01080331951379776,0.5909949541091919,0.00870729424059391,0.5724617838859558,0.6165852546691895,0.0,0.0,-0.0,-0.0535661056637764,0.6232442855834961,-0.01827879622578621,0.6469841599464417,-0.0024623707868158817,0.4808332622051239,0.087487131357193,0.19939036667346954,0.6557708978652954,0.0,0.0,0.5846808552742004,0.06455293297767639,0.5972312092781067,0.008853832259774208,0.5895029902458191,-0.0020082162227481604,0.5078142881393433,0.041794467717409134,0.26391610503196716,0.7795220017433167,0.0,0.0,0.03064405545592308,0.23561729490756989,0.18901105225086212,0.0022140496876090765,-0.0003486468340270221,0.32841044664382935,0.03927858546376228,-0.02295518107712269,0.4982738196849823,0.02895514853298664,0.44322773814201355,0.5667571425437927,0.0,0.0,-0.00498307216912508,0.12685368955135345,0.1047811359167099,0.0007519677747040987,-3.457467391854152e-05,0.03586291894316673,0.008051063865423203,0.014345931820571423
trainfit128,1020_0.5_0.98.png,0.5741558074951172,0.010041865520179272,0.5540412664413452,0.6043912172317505,0.0,0.0,0.09722978621721268,-0.056392911821603775,0.6184828877449036,-0.019693925976753235,0.6444545388221741,-0.0013516852632164955,0.45772305130958557,0.2593580484390259,0.016993273049592972,0.9953855872154236,0.00390625,0.0017104289727285504,0.8491834402084351,0.0510370172560215,0.6024283170700073,0.009085734374821186,0.5971803665161133,-0.0071882265619933605,0.5063480138778687,0.04602716118097305,0.24448560178279877,0.7361654043197632,0.0,0.0,-0.021106118336319923,0.3114958703517914,0.25141051411628723,0.0036380640231072903,0.00026169282500632107,0.34930673241615295,0.04179738834500313,-0.028284288942813873,0.5104373097419739,0.029147541150450706,0.4470202624797821,0.5746759176254272,0.0,0.0,-0.030080705881118774,0.15797577798366547,0.13156361877918243,0.0007310213404707611,-0.00017831051081884652,0.04671098664402962,0.007195629179477692,0.01080331951379776,0.5782133340835571,0.01224429439753294,0.5616855025291443,0.6238224506378174,0.0,0.0,0.0003430882643442601,-0.05376636981964111,0.619830846786499,-0.018774615600705147,0.6431341171264648,-0.0024623707868158817,0.4067956209182739,0.07163947820663452,0.13352295756340027,0.7358242869377136,0.0,0.0,0.485164999961853,0.06515997648239136,0.5821085572242737,0.007557356730103493,0.5682010054588318,-0.0020082162227481604,0.5104382634162903,0.0533873550593853,0.30416715145111084,0.7395620346069336,0.0,0.0,0.07838284224271774,0.36805665493011475,0.3104429244995117,0.0036934155505150557,-0.0009829957270994782,0.34929195046424866,0.041752856224775314,-0.02295518107712269,0.4985852837562561,0.028909888118505478,0.44164565205574036,0.5722036361694336,0.0,0.0,-0.021101675927639008,0.12502190470695496,0.10574740171432495,0.0007614544592797756,-0.00015211038407869637,0.04669489711523056,0.007199157029390335,0.014345931820571423
trainfit128,1021_0.73_0.84.png,0.575891375541687,0.011087704449892044,0.5421993732452393,0.6121739149093628,0.0,0.0,0.1428002417087555,-0.05636826902627945,0.6189473867416382,-0.01962740160524845,0.6449817419052124,-0.0013516852632164955,0.49557027220726013,0.3390417695045471,0.014487490057945251,0.9943755865097046,0.01446930505335331,0.04310743510723114,0.9032508730888367,0.050375957041978836,0.6196454763412476,0.009760143235325813,0.6198232173919678,-0.0071882265619933605,0.5065701603889465,0.049780260771512985,0.2602808177471161,0.7601305842399597,0.0,0.0,-0.05667883902788162,0.3506487309932709,0.28673475980758667,0.004149723332375288,0.0007990447920747101,0.5277857184410095,0.05732154846191406,-0.028284288942813873,0.5105364918708801,0.0292880330234766,0.4460006058216095,0.5724950432777405,0.0,0.0,-0.026029076427221298,0.17231965065002441,0.142451673746109,0.0007913291919976473,-0.0001581705000717193,0.07317446172237396,0.010889972560107708,0.01080331951379776,0.5822601914405823,0.011603504419326782,0.5601972937583923,0.6228187084197998,0.0,0.0,0.0006399456178769469,-0.05370296910405159,0.6209060549736023,-0.01861763373017311,0.6443480849266052,-0.0024623707868158817,0.435989111661911,0.10262104123830795,0.1523553431034088,0.7521573901176453,0.0,0.0,0.6638072729110718,0.06492061167955399,0.5887479782104492,0.008068567141890526,0.5775185823440552,-0.0020082162227481604,0.5118983387947083,0.06113654747605324,0.2435402125120163,0.8027924299240112,0.0,0.0,0.08267584443092346,0.4090301990509033,0.3471502661705017,0.0041444189846515656,-0.001027276273816824,0.5277898907661438,0.05737784504890442,-0.02295518107712269,0.4983532428741455,0.028901303187012672,0.4429505467414856,0.572439968585968,0.0,0.0,-0.025058317929506302,0.14319488406181335,0.12382256984710693,0.0008964046719484031,-0.00018957795691676438,0.0731605589389801,0.01089560892432928,0.014345931820571423
trainfit128,1022_0.66_1.05.png,0.5749132633209229,0.011556451208889484,0.5416826605796814,0.6113974452018738,0.0,0.0,0.17963746190071106,-0.056382156908512115,0.6186918616294861,-0.01966489478945732,0.644690752029419,-0.0013516852632164955,0.4953826069831848,0.32704105973243713,0.016665032133460045,0.9947049021720886,0.010771079920232296,0.016757581382989883,0.8791168332099915,0.05037923529744148,0.6180392503738403,0.009756799787282944,0.6177866458892822,-0.0071882265619933605,0.5063512921333313,0.04930410906672478,0.25942644476890564,0.7631011605262756,0.0,0.0,-0.050404634326696396,0.3443780541419983,0.2798902988433838,0.004047589376568794,0.0007100253715179861,0.5171632766723633,0.05848507583141327,-0.028284288942813873,0.5105147361755371,0.02928742580115795,0.44580337405204773,0.5722120404243469,0.0,0.0,-0.026167118921875954,0.17070268094539642,0.14096546173095703,0.000783205556217581,-0.00015937980788294226,0.0704365074634552,0.011418260633945465,0.01080331951379776,0.581294596195221,0.011952134780585766,0.5607102513313293,0.6214256286621094,0.0,0.0,0.000919351470656693,-0.053718093782663345,0.6206501126289368,-0.018655089661478996,0.6440590620040894,-0.0024623707868158817,0.43336352705955505,0.09391076117753983,0.16218307614326477,0.7559149265289307,0.0,0.0,0.6017181277275085,0.0649421364068985,0.5878899693489075,0.008022588677704334,0.576341450214386,-0.0020082162227481604,0.5109767913818359,0.0574701651930809,0.23599772155284882,0.8084456920623779,0.0,0.0,0.08098548650741577,0.40569427609443665,0.3436433672904968,0.00409358087927103,-0.0010003631468862295,0.5171437859535217,0.05851641297340393,-0.02295518107712269,0.4983896315097809,0.028945112600922585,0.44271883368492126,0.5727280378341675,0.0,0.0,-0.024377699941396713,0.14126253128051758,0.11981169879436493,0.0008666602079756558,-0.0001829881512094289,0.07043123245239258,0.011423918418586254,0.014345931820571423
trainfit128,1023_0.5_1.87.png,0.5737395882606506,0.011461365967988968,0.5426275134086609,0.6085571646690369,0.0,0.0,0.1939094513654709,-0.05639881640672684,0.618381679058075,-0.019709881395101547,0.6443382501602173,-0.0013516852632164955,0.4825793504714966,0.2701062262058258,0.016216019168496132,0.9956364035606384,0.0036751111038029194,0.011626294814050198,0.9233396649360657,0.05060286447405815,0.608640730381012,0.009528656490147114,0.6056033372879028,-0.0071882265619933605,0.5053459405899048,0.04707293212413788,0.23860608041286469,0.7705225348472595,0.0,0.0,-0.0313701406121254,0.3315073251724243,0.26671671867370605,0.0038403498474508524,0.0004404161300044507,0.48343974351882935,0.06342370808124542,-0.028284288942813873,0.5104445815086365,0.0292990542948246,0.4451684355735779,0.5705341696739197,0.0,0.0,-0.02584129013121128,0.17273733019828796,0.14041604101657867,0.0007804048364050686,-0.00015858108235988766,0.06337879598140717,0.013695821166038513,0.01080331951379776,0.5799961686134338,0.012459414079785347,0.5597677230834961,0.6182790398597717,0.0,0.0,0.07073268294334412,-0.053738441318273544,0.6203069686889648,-0.0187054593116045,0.6436713933944702,-0.0024623707868158817,0.4281885325908661,0.07265079021453857,0.1787687987089157,0.7613750100135803,0.0,0.0,0.5530239939689636,0.06498456746339798,0.5861693024635315,0.007931970059871674,0.5739805102348328,-0.0020082162227481604,0.5083590745925903,0.047652967274188995,0.24897286295890808,0.7922846674919128,0.0,0.0,0.07373176515102386,0.3910382091999054,0.328834593296051,0.0038871807046234608,-0.0008946218295022845,0.48337027430534363,0.06327813118696213,-0.02295518107712269,0.49849316477775574,0.029109325259923935,0.44261792302131653,0.573219895362854,0.0,0.0,-0.020426934584975243,0.14282381534576416,0.11498678475618362,0.0008292060811072588,-0.0001494677271693945,0.06338334828615189,0.013670457527041435,0.014345931820571423
trainfit128,1024_0.69_1.66.png,0.5770183205604553,0.01158871315419674,0.5467991232872009,0.6111721396446228,0.0,0.0,0.12837418913841248,-0.056352272629737854,0.6192489862442017,-0.019584201276302338,0.6453239321708679,-0.0013516852632164955,0.5273181200027466,0.30896449089050293,0.017374573275446892,0.994100034236908,0.002796782646328211,0.013799001462757587,0.8888444900512695,0.049821436405181885,0.6226664781570435,0.010325867682695389,0.6242667436599731,-0.0071882265619933605,0.5057411193847656,0.04595918208360672,0.2668241262435913,0.7458505630493164,0.0,0.0,-0.03174974396824837,0.310834139585495,0.24854892492294312,0.003590232925489545,0.00044356094440445304,0.47805628180503845,0.057206012308597565,-0.028284288942813873,0.5104430317878723,0.029336292296648026,0.44542941451072693,0.5700991153717041,0.0,0.0,-0.022025369107723236,0.16928236186504364,0.13805226981639862,0.0007665465236641467,-0.0001376432628603652,0.06259775906801224,0.012259517796337605,0.01080331951379776,0.582801878452301,0.011986560188233852,0.5640125870704651,0.6215574741363525,0.0,0.0,-0.0,-0.053694479167461395,0.6210535764694214,-0.018596617504954338,0.6445141434669495,-0.0024623707868158817,0.44289350509643555,0.08256463706493378,0.1829482465982437,0.7476720809936523,0.0,0.0,0.5701698064804077,0.06486400216817856,0.5893445611000061,0.008189469575881958,0.5784426331520081,-0.0020082162227481604,0.5090039968490601,0.04906366392970085,0.2412644922733307,0.7984451055526733,0.0,0.0,0.07193436473608017,0.36985722184181213,0.30920758843421936,0.0036589778028428555,-0.0008698736201040447,0.4780094623565674,0.05723169073462486,-0.02295518107712269,0.4984284043312073,0.028992949053645134,0.44233208894729614,0.5722265243530273,0.0,0.0,-0.019506173208355904,0.13691988587379456,0.11095067113637924,0.0008004226838238537,-0.00014426848792936653,0.06259948760271072,0.012260806746780872,0.014345931820571423
trainfit128,1025_0.95_1.79.png,0.5875174403190613,0.006916212849318981,0.5571638941764832,0.6040054559707642,0.0,0.0,0.0019473518477752805,-0.05620324984192848,0.6220315098762512,-0.01918177120387554,0.6484836935997009,-0.0013516852632164955,0.5898418426513672,0.30378448963165283,0.01335455197840929,0.9811952114105225,0.002426960039883852,0.1818833202123642,0.9183980226516724,0.04872936010360718,0.6364549398422241,0.011439994908869267,0.6428176760673523,-0.0071882265619933605,0.5042234063148499,0.035695597529411316,0.3455527126789093,0.6614142060279846,0.0,0.0,-0.004727744497358799,0.22321993112564087,0.17764650285243988,0.0025581594090908766,6.590110569959506e-05,0.40111058950424194,0.04115045443177223,-0.028284288942813873,0.5103386044502258,0.029454506933689117,0.4442407190799713,0.5674287676811218,0.0,0.0,-0.00981106050312519,0.16001926362514496,0.13087289035320282,0.0007231127819977701,-7.100041693774983e-05,0.05257612094283104,0.009252534247934818,0.01080331951379776,0.5918518900871277,0.007282627280801535,0.5703016519546509,0.6117445230484009,0.0,0.0,-0.0,-0.053552668541669846,0.6234707236289978,-0.018245555460453033,0.6472397446632385,-0.0024623707868158817,0.47028934955596924,0.08177731931209564,0.15281346440315247,0.637109637260437,0.0,0.0,0.5752671957015991,0.0646393820643425,0.5948440432548523,0.00866919755935669,0.5861823558807373,-0.0020082162227481604,0.5086320638656616,0.04434855654835701,0.2691074013710022,0.771906316280365,0.0,0.0,0.04052447900176048,0.2440291941165924,0.1965939700603485,0.0023146611638367176,-0.00047240557614713907,0.40105289220809937,0.041193630546331406,-0.02295518107712269,0.4983350932598114,0.028962746262550354,0.44283485412597656,0.5689858198165894,0.0,0.0,-0.008687076158821583,0.12287957966327667,0.10255791246891022,0.0007375772693194449,-6.258691428229213e-05,0.05256422236561775,0.009260258637368679,0.014345931820571423
trainfit128,1026_0.77_0.89.png,0.580733060836792,0.006637910380959511,0.5535604357719421,0.5969404578208923,0.0,0.0,0.004226032178848982,-0.05629954859614372,0.6202112436294556,-0.019441818818449974,0.6464203000068665,-0.0013516852632164955,0.46626436710357666,0.3012184798717499,0.014825519174337387,0.9852697253227234,0.0054548815824091434,0.005686020944267511,0.9162688851356506,0.050887830555438995,0.6088430881500244,0.009237934835255146,0.6055306792259216,-0.0071882265619933605,0.505262553691864,0.040679119527339935,0.32539936900138855,0.668173611164093,0.0,0.0,-0.03963837772607803,0.28249651193618774,0.22711944580078125,0.0032801597844809294,0.0005464536952786148,0.43700048327445984,0.040024470537900925,-0.028284288942813873,0.5105001926422119,0.029243525117635727,0.44640639424324036,0.5716617703437805,0.0,0.0,-0.019641967490315437,0.15924879908561707,0.13071002066135406,0.0007257588440552354,-0.00012271024752408266,0.06394165009260178,0.007907642982900143,0.01080331951379776,0.5861682295799255,0.008042152039706707,0.5688316226005554,0.6079030632972717,0.0,0.0,-0.0,-0.05364173278212547,0.6219359040260315,-0.018466034904122353,0.6455116271972656,-0.0024623707868158817,0.43027400970458984,0.07645776867866516,0.15678644180297852,0.6520794034004211,0.0,0.0,0.5585519671440125,0.06496746838092804,0.5866866111755371,0.007968489080667496,0.5747018456459045,-0.0020082162227481604,0.5115107297897339,0.05619162321090698,0.2702416181564331,0.7688817977905273,0.0,0.0,0.062111373990774155,0.30869248509407043,0.25348010659217834,0.003015682566910982,-0.0007639285759069026,0.43701133131980896,0.0400727316737175,-0.02295518107712269,0.49844470620155334,0.028899798169732094,0.442488431930542,0.5696120262145996,0.0,0.0,-0.019541719928383827,0.13395844399929047,0.1142835021018982,0.0008268755627796054,-0.00014827269478701055,0.06394887715578079,0.00790527556091547,0.014345931820571423
trainfit128,1027_0.57_1.77.png,0.5800918340682983,0.0073651219718158245,0.5508213639259338,0.5968598127365112,0.0,0.0,0.004440282471477985,-0.056308645755052567,0.620043158531189,-0.019466392695903778,0.6462292075157166,-0.0013516852632164955,0.49663418531417847,0.2568815052509308,0.010797837749123573,0.9875869750976562,0.0036057692486792803,0.003120377194136381,0.910203754901886,0.05035737529397011,0.6102120876312256,0.009779103100299835,0.6078847050666809,-0.0071882265619933605,0.5045535564422607,0.03797198832035065,0.2811776399612427,0.7160665988922119,0.0,0.0,-0.018363090232014656,0.2629941999912262,0.20814631879329681,0.0029972621705383062,0.00024942075833678246,0.42095720767974854,0.04286203905940056,-0.028284288942813873,0.5104234218597412,0.029293200001120567,0.4449325203895569,0.571185290813446,0.0,0.0,-0.017612257972359657,0.16148827970027924,0.13110798597335815,0.0007276929682120681,-0.00011288474343018606,0.058767419308423996,0.009181498549878597,0.01080331951379776,0.5853824019432068,0.009375527501106262,0.5672107338905334,0.6101180911064148,0.0,0.0,-0.0,-0.05365404114127159,0.6217308044433594,-0.01849651336669922,0.6452797055244446,-0.0024623707868158817,0.4331175684928894,0.05690162628889084,0.1390363723039627,0.6503981947898865,0.0,0.0,0.48760145902633667,0.06494415551424026,0.5867041945457458,0.008018280379474163,0.5747846961021423,-0.0020082162227481604,0.508345901966095,0.044657085090875626,0.2708529829978943,0.7466700673103333,0.0,0.0,0.052305612713098526,0.2991947829723358,0.2444668412208557,0.002878168597817421,-0.0006210602005012333,0.4209810495376587,0.04289083555340767,-0.02295518107712269,0.49853429198265076,0.029037075117230415,0.442431777715683,0.5716049075126648,0.0,0.0,-0.014232250861823559,0.13167865574359894,0.10817144066095352,0.0007808675873093307,-0.00010504454985493794,0.058774691075086594,0.0091854901984334,0.014345931820571423
trainfit128,1028_0.97_1.41.png,0.586122453212738,0.006675126031041145,0.5566115379333496,0.6016753315925598,0.0,0.0,0.0021899074781686068,-0.05622304230928421,0.6216548085212708,-0.019235242158174515,0.6480571627616882,-0.0013516852632164955,0.5543323755264282,0.31024959683418274,0.013964216224849224,0.9819612503051758,0.0026118713431060314,0.1693093627691269,0.917732298374176,0.0493495874106884,0.6288943290710449,0.01080724224448204,0.6326421499252319,-0.0071882265619933605,0.5044835805892944,0.03674169257283211,0.34796813130378723,0.6609169840812683,0.0,0.0,-0.013906207866966724,0.23061048984527588,0.18365544080734253,0.002646632492542267,0.00019225844880566,0.41346263885498047,0.04015709087252617,-0.028284288942813873,0.5103879570960999,0.029390785843133926,0.4446127712726593,0.5684100389480591,0.0,0.0,-0.012270436622202396,0.1576075404882431,0.12860295176506042,0.0007115862681530416,-8.376059122383595e-05,0.055941034108400345,0.008712801150977612,0.01080331951379776,0.5906000733375549,0.007039276417344809,0.5699377059936523,0.6116546988487244,0.0,0.0,-0.0,-0.053572289645671844,0.6231297850608826,-0.018294116482138634,0.6468563079833984,-0.0024623707868158817,0.46157798171043396,0.0852433443069458,0.15464796125888824,0.6414900422096252,0.0,0.0,0.5820924639701843,0.06471079587936401,0.593176543712616,0.008516653440892696,0.5838310718536377,-0.0020082162227481604,0.5095623731613159,0.047498852014541626,0.26813095808029175,0.7706883549690247,0.0,0.0,0.04629049450159073,0.2539760172367096,0.2044433057308197,0.00241311127319932,-0.0005490160547196865,0.413427472114563,0.04019464924931526,-0.02295518107712269,0.4983591139316559,0.02892777882516384,0.44284194707870483,0.5689957141876221,0.0,0.0,-0.011642644181847572,0.12310566753149033,0.10276765376329422,0.0007397911977022886,-8.600074943387881e-05,0.055936239659786224,0.008715867064893246,0.014345931820571423
trainfit128,1029_0.71_0.56.png,0.5835673213005066,0.01393427699804306,0.5585765242576599,0.6107133030891418,0.0,0.0,0.024061130359768867,-0.056259315460920334,0.6210105419158936,-0.019333185628056526,0.6473209261894226,-0.0013516852632164955,0.4473935663700104,0.3677242696285248,0.02347881719470024,0.9903119802474976,0.004068047273904085,0.22263313829898834,0.7403818964958191,0.05121743679046631,0.6139551997184753,0.008901670575141907,0.6116504073143005,-0.0071882265619933605,0.5053238868713379,0.04238145053386688,0.27355819940567017,0.7209001183509827,0.0,0.0,-0.029362961649894714,0.28487375378608704,0.2283678650856018,0.0033015641383826733,0.0004117584030609578,0.4337613880634308,0.045567579567432404,-0.028284288942813873,0.5105331540107727,0.029278377071022987,0.44539108872413635,0.5723766684532166,0.0,0.0,-0.018345937132835388,0.17103826999664307,0.13943015038967133,0.0007739991415292025,-0.00011259759776294231,0.07297314703464508,0.009203166700899601,0.01080331951379776,0.5902374386787415,0.014786085113883018,0.5672124624252319,0.624068558216095,0.0,0.0,-0.0,-0.053577978163957596,0.6230784058570862,-0.018308183178305626,0.6467921733856201,-0.0024623707868158817,0.4286919832229614,0.12281579524278641,0.18001626431941986,0.7110466957092285,0.0,0.0,0.6063611507415771,0.06498043239116669,0.5882655382156372,0.007940785959362984,0.5767347812652588,-0.0020082162227481604,0.5097030997276306,0.04984375089406967,0.29655027389526367,0.7473230361938477,0.0,0.0,0.05353126302361488,0.30721956491470337,0.2511195242404938,0.0029647741466760635,-0.0006471941014751792,0.43369075655937195,0.045683495700359344,-0.02295518107712269,0.49831175804138184,0.028945891186594963,0.4415137767791748,0.5706766843795776,0.0,0.0,-0.016828661784529686,0.13671749830245972,0.11737474054098129,0.0008485998841933906,-0.00012971088290214539,0.07296852022409439,0.009197721257805824,0.014345931820571423
trainfit128,102_0.94_1.18.png,0.5856198668479919,0.008762272074818611,0.565220057964325,0.6124512553215027,0.0,0.0,-0.0,-0.05623018369078636,0.621528685092926,-0.01925450749695301,0.6479129791259766,-0.0013516852632164955,0.5602738261222839,0.3288685083389282,0.05160587653517723,0.9827712178230286,0.0,0.23130086064338684,0.8363586664199829,0.04924581199884415,0.6325458884239197,0.010913114994764328,0.6373470425605774,-0.0071882265619933605,0.5055531859397888,0.04074614495038986,0.3518759310245514,0.6800965070724487,0.0,0.0,-0.011900071986019611,0.24053499102592468,0.1904771625995636,0.00275737838819623,0.00014774991723243147,0.340449720621109,0.03572293743491173,-0.028284288942813873,0.5103901028633118,0.02939831092953682,0.4459340572357178,0.5645705461502075,0.0,0.0,-0.009535294957458973,0.15961171686649323,0.1296215057373047,0.0007169782184064388,-6.754201604053378e-05,0.0385211780667305,0.006840249057859182,0.01080331951379776,0.5882152915000916,0.00815986841917038,0.5724390745162964,0.6169487833976746,0.0,0.0,-0.0,-0.053609658032655716,0.6224887371063232,-0.01838662289083004,0.6461342573165894,-0.0024623707868158817,0.465710312128067,0.09711562097072601,0.21711859107017517,0.67478346824646,0.0,0.0,0.6055257320404053,0.0646769255399704,0.5944560170173645,0.008589014410972595,0.5855827927589417,-0.0020082162227481604,0.5098262429237366,0.0483626052737236,0.258111834526062,0.7827520370483398,0.0,0.0,0.04242553934454918,0.24943621456623077,0.1996440589427948,0.002348260721191764,-0.0005078958347439766,0.3403380513191223,0.03571002930402756,-0.02295518107712269,0.4983236491680145,0.028879733756184578,0.4451197683811188,0.564867377281189,0.0,0.0,-0.010001178830862045,0.12334121018648148,0.10227220505475998,0.0007349681109189987,-7.432387792505324e-05,0.038499560207128525,0.006839168258011341,0.014345931820571423
trainfit128,1030_0.75_1.69.png,0.5908750295639038,0.015125895850360394,0.5657914280891418,0.6226555109024048,0.0,0.0,-0.0,-0.05615558847784996,0.6229894757270813,-0.019053073599934578,0.649560809135437,-0.0013516852632164955,0.5567362308502197,0.31772950291633606,0.029435111209750175,0.9855321049690247,0.0015024038730189204,0.21697023510932922,0.8406311869621277,0.049307603389024734,0.6303500533103943,0.010850075632333755,0.6345195174217224,-0.0071882265619933605,0.5041406750679016,0.03627818450331688,0.33937761187553406,0.6704630851745605,0.0,0.0,0.005422861780971289,0.2244974672794342,0.17956630885601044,0.002585872309282422,-7.225172885227948e-05,0.3777967691421509,0.04998120665550232,-0.028284288942813873,0.5103684663772583,0.029539592564105988,0.4441503882408142,0.5674739480018616,0.0,0.0,-0.005518009886145592,0.16985434293746948,0.13805310428142548,0.0007635688525624573,-4.644288128474727e-05,0.053786750882864,0.011484458111226559,0.01080331951379776,0.5960565209388733,0.014883702620863914,0.5716441869735718,0.6291565895080566,0.0,0.0,0.002662937855347991,-0.053486790508031845,0.624664306640625,-0.018082454800605774,0.6485751867294312,-0.0024623707868158817,0.46783071756362915,0.09180477261543274,0.2111470252275467,0.6842569708824158,0.0,0.0,0.5507261753082275,0.06465953588485718,0.5946885347366333,0.008626146242022514,0.5859292149543762,-0.0020082162227481604,0.5062053799629211,0.03648719936609268,0.3373045027256012,0.7041904926300049,0.0,0.0,0.03095146082341671,0.24732349812984467,0.19839973747730255,0.0023125079460442066,-0.00034365657484158874,0.3776790499687195,0.0500059649348259,-0.02295518107712269,0.4981778860092163,0.029157031327486038,0.44192811846733093,0.5684800744056702,0.0,0.0,-0.006672113202512264,0.12837855517864227,0.10453186929225922,0.0007496611797250807,-4.85105010739062e-05,0.05377814173698425,0.011470918543636799,0.014345931820571423
trainfit128,1031_0.76_0.7.png,0.5850290060043335,0.014273339882493019,0.5605762004852295,0.613081157207489,0.0,0.0,0.005072274245321751,-0.0562385655939579,0.6214052438735962,-0.01927715539932251,0.647767961025238,-0.0013516852632164955,0.46321386098861694,0.3619721829891205,0.030115772038698196,0.989388644695282,0.002172707114368677,0.23081545531749725,0.7409194707870483,0.050941113382577896,0.6162132024765015,0.009183576330542564,0.6148328185081482,-0.0071882265619933605,0.5050545930862427,0.040723804384469986,0.28828638792037964,0.7138179540634155,0.0,0.0,-0.02184743620455265,0.26483023166656494,0.21216242015361786,0.003065579803660512,0.0003058355941902846,0.42407578229904175,0.04520147293806076,-0.028284288942813873,0.5105072855949402,0.029314536601305008,0.4453968107700348,0.5705829858779907,0.0,0.0,-0.015769334509968758,0.1682245433330536,0.13718421757221222,0.0007612304762005806,-9.914121619658545e-05,0.06910882145166397,0.009304909035563469,0.01080331951379776,0.5912932753562927,0.014850848354399204,0.567988395690918,0.624080240726471,0.0,0.0,-0.0,-0.05356141924858093,0.6233654618263245,-0.018267229199409485,0.6471150517463684,-0.0024623707868158817,0.43713369965553284,0.11784177273511887,0.19840705394744873,0.7081773281097412,0.0,0.0,0.5811827182769775,0.06491123139858246,0.5896526575088501,0.008088608272373676,0.5787248611450195,-0.0020082162227481604,0.5089691877365112,0.046420373022556305,0.30421605706214905,0.7412680387496948,0.0,0.0,0.04852822795510292,0.2883067727088928,0.23508881032466888,0.002765589626505971,-0.0005772682488895953,0.4240007698535919,0.045299965888261795,-0.02295518107712269,0.4983084797859192,0.02896599844098091,0.44183218479156494,0.5694339871406555,0.0,0.0,-0.01482773944735527,0.13257721066474915,0.11271242052316666,0.0008137030526995659,-0.00011384983372408897,0.06910348683595657,0.009295235387980938,0.014345931820571423
trainfit128,1032_0.6_0.6.png,0.582757830619812,0.013974631205201149,0.5577651262283325,0.6099649667739868,0.0,0.0,0.04549036920070648,-0.05627080798149109,0.6207941174507141,-0.019364213570952415,0.6470754742622375,-0.0013516852632164955,0.4422455430030823,0.3656245172023773,0.02312210015952587,0.9899718761444092,0.004761464428156614,0.19154493510723114,0.7546300888061523,0.051307350397109985,0.6126648783683777,0.008809936232864857,0.6099074482917786,-0.0071882265619933605,0.5054223537445068,0.04320942983031273,0.2697664499282837,0.7252650260925293,0.0,0.0,-0.030804870650172234,0.29431548714637756,0.23529553413391113,0.003401853609830141,0.0004324450565036386,0.4356623589992523,0.046390216797590256,-0.028284288942813873,0.5105398297309875,0.029267866164445877,0.44563204050064087,0.5726863741874695,0.0,0.0,-0.01920795999467373,0.1715172976255417,0.1400078386068344,0.0007772895623929799,-0.0001173058117274195,0.07372036576271057,0.009264112450182438,0.01080331951379776,0.5895889401435852,0.014981064945459366,0.5662208795547485,0.6237057447433472,0.0,0.0,-0.0,-0.053588129580020905,0.6229043006896973,-0.01833333820104599,0.6465960144996643,-0.0024623707868158817,0.42400798201560974,0.12002898752689362,0.17796432971954346,0.7126414775848389,0.0,0.0,0.6177063584327698,0.06501884013414383,0.5872336030006409,0.007858763448894024,0.5752862095832825,-0.0020082162227481604,0.5097141861915588,0.05035059526562691,0.29270198941230774,0.7490516304969788,0.0,0.0,0.05599207058548927,0.31867775321006775,0.2608020603656769,0.003082288894802332,-0.000678543874528259,0.4356054663658142,0.04650336503982544,-0.02295518107712269,0.49832600355148315,0.02895311638712883,0.44179248809814453,0.570648193359375,0.0,0.0,-0.017525309696793556,0.13758128881454468,0.11801274120807648,0.0008536263485439122,-0.00013487067189998925,0.07371751219034195,0.009261945262551308,0.014345931820571423
trainfit128,1033_0.52_1.2.png,0.584998607635498,0.008258880116045475,0.5599750876426697,0.6071748733520508,0.0,0.0,0.003122548572719097,-0.05623899772763252,0.6213594079017639,-0.01927831955254078,0.6477214097976685,-0.0013516852632164955,0.46771034598350525,0.32649293541908264,0.02884681336581707,0.9945694804191589,0.0011556952958926558,0.012805103324353695,0.7711734771728516,0.050862573087215424,0.612285852432251,0.009263699874281883,0.6099371910095215,-0.0071882265619933605,0.504438042640686,0.03651050105690956,0.2633717656135559,0.7570841312408447,0.0,0.0,0.01480261143296957,0.2309514731168747,0.18384000658988953,0.002644336549565196,-0.00022942757641430944,0.3485989570617676,0.04966623708605766,-0.028284288942813873,0.5104634761810303,0.02921050600707531,0.4442668855190277,0.574242353439331,0.0,0.0,-0.01641419716179371,0.15375882387161255,0.1279226690530777,0.0007105279946699739,-0.00010109596769325435,0.05445074290037155,0.009160839021205902,0.01080331951379776,0.5903628468513489,0.009607387706637383,0.5703511834144592,0.6158676147460938,0.0,0.0,-0.0,-0.05357600003480911,0.6230773329734802,-0.018303317949175835,0.6467956900596619,-0.0024623707868158817,0.405571848154068,0.07772840559482574,0.18544472754001617,0.7024267911911011,0.0,0.0,0.5385130643844604,0.06517000496387482,0.582069993019104,0.007535926997661591,0.5681242346763611,-0.0020082162227481604,0.5062882304191589,0.0367981493473053,0.34223756194114685,0.6568379402160645,0.0,0.0,0.04455925524234772,0.2637752294540405,0.2149946689605713,0.002508217003196478,-0.0005107817123644054,0.3486485481262207,0.04974393546581268,-0.02295518107712269,0.4985692799091339,0.028598692268133163,0.44386085867881775,0.570027232170105,0.0,0.0,-0.008977120742201805,0.12509874999523163,0.10490153729915619,0.0007562568644061685,-6.613734149141237e-05,0.05445583164691925,0.009160326793789864,0.014345931820571423
trainfit128,1034_0.55_0.77.png,0.5838788151741028,0.00764111801981926,0.5562055110931396,0.6050583124160767,0.0,0.0,0.00823711697012186,-0.05625489726662636,0.6210561990737915,-0.019321242347359657,0.6473782062530518,-0.0013516852632164955,0.44443967938423157,0.33554571866989136,0.026749012991786003,0.9952221512794495,0.0019877958111464977,0.014723557978868484,0.7726889848709106,0.051269035786390305,0.6088969707489014,0.008849034085869789,0.6051574945449829,-0.0071882265619933605,0.5049893856048584,0.039009712636470795,0.2535904347896576,0.7689531445503235,0.0,0.0,-0.0014096272643655539,0.25186002254486084,0.20116795599460602,0.0029010148718953133,-6.391110218828544e-06,0.3655150532722473,0.045143574476242065,-0.028284288942813873,0.5105365514755249,0.029154852032661438,0.44487130641937256,0.5734423398971558,0.0,0.0,-0.020209962502121925,0.14997760951519012,0.1259322464466095,0.000699361611623317,-0.00012054058606736362,0.0591498427093029,0.008303968235850334,0.01080331951379776,0.5896607637405396,0.008914940059185028,0.5684123635292053,0.6146216988563538,0.0,0.0,-0.0,-0.05358700454235077,0.6228834986686707,-0.01833055168390274,0.6465780138969421,-0.0024623707868158817,0.3915315866470337,0.08178795129060745,0.1767643541097641,0.7114601731300354,0.0,0.0,0.5414710640907288,0.06528511643409729,0.579652726650238,0.007290069945156574,0.5646452307701111,-0.0020082162227481604,0.5076898336410522,0.04092393070459366,0.33145871758461,0.6784548163414001,0.0,0.0,0.045439451932907104,0.2734873294830322,0.2236006259918213,0.002622713102027774,-0.0005332618020474911,0.36555954813957214,0.04518920183181763,-0.02295518107712269,0.4985412061214447,0.028484869748353958,0.4434639811515808,0.5702298283576965,0.0,0.0,-0.013306899927556515,0.12498804926872253,0.1046992689371109,0.0007556960918009281,-9.99250914901495e-05,0.05916237831115723,0.008307782001793385,0.014345931820571423
trainfit128,1035_0.76_1.14.png,0.5899326205253601,0.007626067381352186,0.565636932849884,0.6107680797576904,0.0,0.0,-0.0,-0.05616895854473114,0.6226868629455566,-0.019089199602603912,0.6492251753807068,-0.0013516852632164955,0.5097309350967407,0.35372036695480347,0.03354449197649956,0.9930658340454102,0.0008321006316691637,0.019253883510828018,0.7429506182670593,0.050128620117902756,0.6246199607849121,0.01001247763633728,0.6263876557350159,-0.0071882265619933605,0.504406213760376,0.035555846989154816,0.29754260182380676,0.7049270868301392,0.0,0.0,0.018254557624459267,0.22419105470180511,0.17622211575508118,0.0025373848620802164,-0.0002738830226007849,0.34151580929756165,0.0508720800280571,-0.028284288942813873,0.5104392766952515,0.029287705197930336,0.4441314935684204,0.5719578862190247,0.0,0.0,-0.011471215635538101,0.15063397586345673,0.12640970945358276,0.0007010875851847231,-7.471078424714506e-05,0.051828064024448395,0.009019846096634865,0.01080331951379776,0.5949669480323792,0.008305600844323635,0.5756512880325317,0.6170781850814819,0.0,0.0,-0.0,-0.0535038597881794,0.6243240833282471,-0.018124721944332123,0.6481986045837402,-0.0024623707868158817,0.42285671830177307,0.08670557290315628,0.2026263326406479,0.6906147003173828,0.0,0.0,0.5915823578834534,0.06502827256917953,0.5856079459190369,0.007838603109121323,0.5731328129768372,-0.0020082162227481604,0.5063979625701904,0.03674725443124771,0.34015101194381714,0.6664250493049622,0.0,0.0,0.03640340641140938,0.2505040168762207,0.20368267595767975,0.0023805166129022837,-0.0004045258101541549,0.34161177277565,0.05097540467977524,-0.02295518107712269,0.4984778165817261,0.028561605140566826,0.4439793527126312,0.5682040452957153,0.0,0.0,-0.0059034558944404125,0.12174442410469055,0.10352625697851181,0.0007453275029547513,-4.343405817053281e-05,0.05183345079421997,0.009024078026413918,0.014345931820571423
trainfit128,1036_0.69_1.69.png,0.5911693572998047,0.008143964223563671,0.5669546723365784,0.61139315366745,0.0,0.0,-0.0,-0.056151408702135086,0.6230242252349854,-0.019041791558265686,0.6496065258979797,-0.0013516852632164955,0.5433599352836609,0.34015092253685,0.03603094071149826,0.991449773311615,0.0004853920254390687,0.017589682713150978,0.7361783385276794,0.04954123869538307,0.6301555037498474,0.010611722245812416,0.6340162754058838,-0.0071882265619933605,0.5040302872657776,0.034130241721868515,0.307322233915329,0.6819782257080078,0.0,0.0,0.029983218759298325,0.2221897393465042,0.17653533816337585,0.0025354160461574793,-0.00043446363997645676,0.3279251456260681,0.05640299618244171,-0.028284288942813873,0.510368287563324,0.029389526695013046,0.44345465302467346,0.572149395942688,0.0,0.0,-0.007206626236438751,0.16344541311264038,0.13440707325935364,0.0007449881522916257,-5.3016774472780526e-05,0.04693128541111946,0.010439924895763397,0.01080331951379776,0.5957298874855042,0.009084776975214481,0.5754953622817993,0.6189440488815308,0.0,0.0,-0.0,-0.05349192023277283,0.6245364546775818,-0.018095124512910843,0.6484366059303284,-0.0024623707868158817,0.43737828731536865,0.08312215656042099,0.2156689614057541,0.6814519166946411,0.0,0.0,0.5424512624740601,0.06490921229124069,0.5882816910743713,0.008092892356216908,0.5769379138946533,-0.0020082162227481604,0.5053852796554565,0.034639712423086166,0.33829811215400696,0.670449435710907,0.0,0.0,0.036649394780397415,0.2541128396987915,0.20539382100105286,0.0023940326645970345,-0.00040385572356171906,0.32798632979393005,0.05646064504981041,-0.02295518107712269,0.49847671389579773,0.028670236468315125,0.4442490041255951,0.5683437585830688,0.0,0.0,-0.0015399327967315912,0.13006603717803955,0.11105059832334518,0.0007986239506863058,-9.316388968727551e-06,0.04693000391125679,0.0104377968236804,0.014345931820571423
trainfit128,1037_0.89_0.54.png,0.5792017579078674,0.007607749197632074,0.5573351979255676,0.6046663522720337,0.0,0.0,0.016235843300819397,-0.05632128566503525,0.619807243347168,-0.01950051449239254,0.6459612250328064,-0.0013516852632164955,0.42015862464904785,0.33906862139701843,0.022427530959248543,0.9932147264480591,0.008159209042787552,0.056166790425777435,0.8625585436820984,0.051693134009838104,0.6047947406768799,0.008416363969445229,0.5994325876235962,-0.0071882265619933605,0.5067864656448364,0.05038253590464592,0.28113803267478943,0.7126303911209106,0.0,0.0,-0.06864669919013977,0.3750396966934204,0.31069207191467285,0.0045026144944131374,0.0009561956394463778,0.4601714015007019,0.050847314298152924,-0.028284288942813873,0.5106106996536255,0.02921248786151409,0.4467408359050751,0.5741511583328247,0.0,0.0,-0.024115653708577156,0.1761074960231781,0.14542445540428162,0.0008078145328909159,-0.00014480276149697602,0.06764312833547592,0.009287028573453426,0.01080331951379776,0.5853443145751953,0.009441674686968327,0.5661702156066895,0.6184212565422058,0.0,0.0,-0.0,-0.05365464463829994,0.6217209100723267,-0.018497994169592857,0.6452684998512268,-0.0024623707868158817,0.41089603304862976,0.10472391545772552,0.18559956550598145,0.7157121896743774,0.0,0.0,0.6615788340568542,0.06512634456157684,0.5840663313865662,0.007629160303622484,0.5708585381507874,-0.0020082162227481604,0.5151374340057373,0.07633905857801437,0.2064182311296463,0.8434797525405884,0.0,0.0,0.08125285804271698,0.41280531883239746,0.34268924593925476,0.00410887598991394,-0.001036128494888544,0.4600820243358612,0.05088616535067558,-0.02295518107712269,0.4982936978340149,0.028874823823571205,0.44123852252960205,0.5742876529693604,0.0,0.0,-0.026225734502077103,0.15994775295257568,0.14060740172863007,0.0010200132383033633,-0.0002041906991507858,0.06764529645442963,0.009288121946156025,0.014345931820571423
trainfit128,1038_0.87_1.29.png,0.5846512317657471,0.00976036861538887,0.5567951798439026,0.6089529991149902,0.0,0.0,0.009906143881380558,-0.05624392628669739,0.6212736368179321,-0.019291633740067482,0.6476231217384338,-0.0013516852632164955,0.4797353446483612,0.3315444886684418,0.026372145861387253,0.9904487729072571,0.001687315059825778,0.0725083202123642,0.8497986197471619,0.05065253749489784,0.6153804063796997,0.009477976709604263,0.6141060590744019,-0.0071882265619933605,0.5060184597969055,0.045086126774549484,0.30290818214416504,0.7043099999427795,0.0,0.0,-0.03828932344913483,0.29739829897880554,0.2360420972108841,0.003420571330934763,0.0005277246236801147,0.4257856011390686,0.04614591971039772,-0.028284288942813873,0.5105125308036804,0.029308056458830833,0.44625091552734375,0.5703242421150208,0.0,0.0,-0.015431633219122887,0.16561095416545868,0.13493162393569946,0.0007488572737202048,-9.90326443570666e-05,0.0578702911734581,0.008904393762350082,0.01080331951379776,0.5891942381858826,0.01091239508241415,0.5685340166091919,0.6175112724304199,0.0,0.0,-0.0,-0.05359431728720665,0.6227681040763855,-0.018348651006817818,0.6464467644691467,-0.0024623707868158817,0.43850627541542053,0.09090406447649002,0.20763930678367615,0.694657564163208,0.0,0.0,0.5930636525154114,0.0648999735713005,0.5887775421142578,0.008112644776701927,0.5776098966598511,-0.0020082162227481604,0.5116490125656128,0.05967453867197037,0.21549759805202484,0.8305522203445435,0.0,0.0,0.06429628282785416,0.33675718307495117,0.2725619971752167,0.003243775339797139,-0.0007888370892032981,0.4256898760795593,0.04627775400876999,-0.02295518107712269,0.49832460284233093,0.028919700533151627,0.44189488887786865,0.5723335146903992,0.0,0.0,-0.018266990780830383,0.14196819067001343,0.11984241753816605,0.0008660712628625333,-0.00014080484106671065,0.0578751266002655,0.008914350531995296,0.014345931820571423
trainfit128,1039_0.79_1.79.png,0.5877378582954407,0.01075406838208437,0.5577893257141113,0.6131314635276794,0.0,0.0,0.007084572687745094,-0.05620011314749718,0.6221097707748413,-0.01917332038283348,0.648569643497467,-0.0013516852632164955,0.5325682759284973,0.3126906752586365,0.022772012278437614,0.988346517086029,0.0015486316988244653,0.06825536489486694,0.8680376410484314,0.049729738384485245,0.6242797374725342,0.010419420897960663,0.6264052391052246,-0.0071882265619933605,0.5054015517234802,0.04208957403898239,0.29530757665634155,0.723334014415741,0.0,0.0,-0.018830304965376854,0.2681942880153656,0.2099859118461609,0.003036701586097479,0.0002602207532618195,0.4072412848472595,0.04570065811276436,-0.028284288942813873,0.5104652643203735,0.029423078522086143,0.4452812373638153,0.5697498917579651,0.0,0.0,-0.008876992389559746,0.16660426557064056,0.13511525094509125,0.0007486500544473529,-6.430853682104498e-05,0.052724312990903854,0.009452653117477894,0.01080331951379776,0.5922349095344543,0.011959300376474857,0.5696873664855957,0.6217831373214722,0.0,0.0,-0.0,-0.05354667082428932,0.6235998868942261,-0.018230700865387917,0.6473816633224487,-0.0024623707868158817,0.45467913150787354,0.080653615295887,0.19765575230121613,0.6854825019836426,0.0,0.0,0.56117182970047,0.06476737558841705,0.5916275978088379,0.008395847864449024,0.5816686749458313,-0.0020082162227481604,0.509312629699707,0.0500572994351387,0.23157888650894165,0.8041677474975586,0.0,0.0,0.05055537074804306,0.3086492419242859,0.2468896508216858,0.0029103870037943125,-0.0005941240815445781,0.40709826350212097,0.04580443724989891,-0.02295518107712269,0.4982943534851074,0.02897506020963192,0.4426366090774536,0.5735160112380981,0.0,0.0,-0.013243060559034348,0.14177721738815308,0.11430634558200836,0.0008234870037995279,-0.00010227625898551196,0.05272790789604187,0.009446851909160614,0.014345931820571423
trainfit128,103_0.75_1.59.png,0.5869517922401428,0.008936959318816662,0.5654604434967041,0.6119764447212219,0.0,0.0,-0.0,-0.05621127411723137,0.6218879222869873,-0.01920345239341259,0.6483198404312134,-0.0013516852632164955,0.5871029496192932,0.31642135977745056,0.04355814680457115,0.9834713339805603,6.934171688044444e-05,0.22427423298358917,0.8608434796333313,0.048777204006910324,0.6372930407524109,0.01139119267463684,0.6438154578208923,-0.0071882265619933605,0.5052921772003174,0.03954281285405159,0.33592918515205383,0.6789413690567017,0.0,0.0,-0.0038008620031177998,0.2269633561372757,0.17928826808929443,0.002592669567093253,3.797548924922012e-05,0.33631381392478943,0.036841873079538345,-0.028284288942813873,0.5103583931922913,0.029453085735440254,0.4453490376472473,0.5646681189537048,0.0,0.0,-0.007360614836215973,0.1614268571138382,0.13155965507030487,0.0007270845235325396,-5.641776806442067e-05,0.03761022537946701,0.0072922720573842525,0.01080331951379776,0.589521586894989,0.008551492355763912,0.5728769302368164,0.6154472827911377,0.0,0.0,-0.0,-0.05358918383717537,0.6228439807891846,-0.01833595149219036,0.6465338468551636,-0.0024623707868158817,0.4697345197200775,0.08848077803850174,0.20697779953479767,0.6610360741615295,0.0,0.0,0.5944871306419373,0.06464392691850662,0.5949594974517822,0.008659482933580875,0.5863209962844849,-0.0020082162227481604,0.5086244940757751,0.04428371042013168,0.25581926107406616,0.7783491611480713,0.0,0.0,0.03741522878408432,0.23818841576576233,0.19112585484981537,0.002240171656012535,-0.0004349479859229177,0.3361818790435791,0.03683387488126755,-0.02295518107712269,0.49831345677375793,0.028919871896505356,0.44401997327804565,0.5654386281967163,0.0,0.0,-0.007926329039037228,0.12399201095104218,0.10203118622303009,0.0007329056970775127,-5.784417953691445e-05,0.037585772573947906,0.007293387316167355,0.014345931820571423
trainfit128,1040_0.78_2.0.png,0.5890476107597351,0.010971681214869022,0.5585291385650635,0.6157798171043396,0.0,0.0,0.006094594951719046,-0.05618153139948845,0.6224647760391235,-0.019123122096061707,0.6489713191986084,-0.0013516852632164955,0.5607199668884277,0.3013399839401245,0.02214687131345272,0.9871838688850403,0.0015717456117272377,0.07123705744743347,0.8845364451408386,0.049238018691539764,0.6293133497238159,0.010921064764261246,0.6332928538322449,-0.0071882265619933605,0.5051177740097046,0.04066408798098564,0.28936371207237244,0.7255656123161316,0.0,0.0,-0.011302357539534569,0.25842079520225525,0.20241278409957886,0.0029238578863441944,0.0001570558815728873,0.3997335135936737,0.04573362320661545,-0.028284288942813873,0.5104352831840515,0.029476894065737724,0.4450141191482544,0.5698288083076477,0.0,0.0,-0.006546917837113142,0.16757138073444366,0.13588489592075348,0.0007522035739384592,-5.212356336414814e-05,0.05054816976189613,0.009779701940715313,0.01080331951379776,0.5934244394302368,0.012142930179834366,0.5701242089271545,0.6226102113723755,0.0,0.0,-0.0,-0.053528036922216415,0.623924970626831,-0.01818455569446087,0.6477470397949219,-0.0024623707868158817,0.4622945487499237,0.07714799046516418,0.196099653840065,0.6770798563957214,0.0,0.0,0.5461515188217163,0.06470493227243423,0.5930569767951965,0.008529200218617916,0.5836900472640991,-0.0020082162227481604,0.5085028409957886,0.04672975838184357,0.2387007772922516,0.7929694652557373,0.0,0.0,0.045006342232227325,0.29760539531707764,0.23641468584537506,0.0027768437284976244,-0.0005192069220356643,0.39956873655319214,0.045833781361579895,-0.02295518107712269,0.4982570707798004,0.029010197147727013,0.4420439600944519,0.5728229284286499,0.0,0.0,-0.01123972237110138,0.14065073430538177,0.1123998761177063,0.0008084097062237561,-8.641132444608957e-05,0.05054977163672447,0.009771918877959251,0.014345931820571423
trainfit128,1041_0.64_0.82.png,0.584082305431366,0.00984618254005909,0.5605482459068298,0.6114314198493958,0.0,0.0,0.004440282471477985,-0.05625200644135475,0.6211214661598206,-0.01931343786418438,0.6474506258964539,-0.0013516852632164955,0.4571976661682129,0.3234395682811737,0.022673893719911575,0.9906388521194458,0.0018259985372424126,0.08443509787321091,0.8710645437240601,0.05104619264602661,0.6097980737686157,0.009076373651623726,0.6065623760223389,-0.0071882265619933605,0.5058255195617676,0.04372108727693558,0.33957207202911377,0.6670470833778381,0.0,0.0,-0.03218569606542587,0.2809096574783325,0.2254990190267563,0.003263812744989991,0.0004382783954497427,0.42671236395835876,0.04337025806307793,-0.028284288942813873,0.5105022192001343,0.02927745319902897,0.4463441073894501,0.5698766112327576,0.0,0.0,-0.015162750147283077,0.16075503826141357,0.13115191459655762,0.0007274935487657785,-9.650169522501528e-05,0.0597727969288826,0.009151375852525234,0.01080331951379776,0.5884652137756348,0.011331632733345032,0.5695503950119019,0.6249052286148071,0.0,0.0,-0.0,-0.053605739027261734,0.6225734949111938,-0.018376929685473442,0.6462273001670837,-0.0024623707868158817,0.4294617772102356,0.09573820233345032,0.1748100221157074,0.6901006102561951,0.0,0.0,0.6197136640548706,0.06497412174940109,0.587207555770874,0.007954265922307968,0.5753666758537292,-0.0020082162227481604,0.5104418992996216,0.05304852873086929,0.27218276262283325,0.7664403915405273,0.0,0.0,0.060945454984903336,0.3145008981227875,0.2587963342666626,0.003065608674660325,-0.0007408851524814963,0.4267408549785614,0.04335062578320503,-0.02295518107712269,0.4983641505241394,0.028956683352589607,0.43883901834487915,0.5704994201660156,0.0,0.0,-0.01600952260196209,0.1329958438873291,0.11317141354084015,0.000817983818706125,-0.0001229950867127627,0.059771791100502014,0.009144160896539688,0.014345931820571423
trainfit128,1042_0.91_0.56.png,0.5844458341598511,0.009583228267729282,0.5600855350494385,0.6119775772094727,0.0,0.0,0.004652675706893206,-0.05624684318900108,0.6212175488471985,-0.01929950714111328,0.6475597620010376,-0.0013516852632164955,0.44503870606422424,0.33027318120002747,0.027027826756238937,0.9917055368423462,0.0017335428856313229,0.1182045117020607,0.8518685698509216,0.05125856772065163,0.6083128452301025,0.008859708905220032,0.6044257283210754,-0.0071882265619933605,0.5059791207313538,0.044355541467666626,0.3478098511695862,0.6685211062431335,0.0,0.0,-0.03634415194392204,0.2891698479652405,0.2329130470752716,0.003373424056917429,0.0004937218618579209,0.4280586540699005,0.043291397392749786,-0.028284288942813873,0.5105131268501282,0.02926299348473549,0.4468506872653961,0.5701090693473816,0.0,0.0,-0.015787748619914055,0.1611260026693344,0.1312679797410965,0.0007281322032213211,-9.933663386618719e-05,0.05997947230935097,0.008960427716374397,0.01080331951379776,0.5886992812156677,0.011073213070631027,0.5697404742240906,0.6236236691474915,0.0,0.0,-0.0,-0.05360207334160805,0.6226351857185364,-0.01836785301566124,0.6462969183921814,-0.0024623707868158817,0.42822280526161194,0.10328814387321472,0.18579299747943878,0.696114718914032,0.0,0.0,0.6421663761138916,0.0649842843413353,0.587276041507721,0.007932569831609726,0.5754302740097046,-0.0020082162227481604,0.5111526250839233,0.05552826076745987,0.266808420419693,0.7747147083282471,0.0,0.0,0.0631374940276146,0.31520605087280273,0.25930410623550415,0.0030740336515009403,-0.0007758631836622953,0.4280775189399719,0.043299414217472076,-0.02295518107712269,0.49834439158439636,0.028934059664607048,0.43964049220085144,0.5691876411437988,0.0,0.0,-0.016398636624217033,0.13335569202899933,0.11481679230928421,0.0008299294277094305,-0.00012629064440261573,0.059974562376737595,0.00895622093230486,0.014345931820571423
trainfit128,1043_0.68_1.87.png,0.590209424495697,0.010537882335484028,0.566486120223999,0.6196658611297607,0.0,0.0,-0.0,-0.05616503581404686,0.6227765083312988,-0.019078588113188744,0.6493245363235474,-0.0013516852632164955,0.6011199951171875,0.29800501465797424,0.01894129253923893,0.9851493835449219,0.0021958211436867714,0.11575444042682648,0.9306926131248474,0.04853236675262451,0.6385166049003601,0.011640964075922966,0.6456142663955688,-0.0071882265619933605,0.5046830773353577,0.038309987634420395,0.30655768513679504,0.6987775564193726,0.0,0.0,0.0034080306068062782,0.23715460300445557,0.1881714016199112,0.0027117806021124125,-4.854998041992076e-05,0.3835197389125824,0.04784565418958664,-0.028284288942813873,0.5103500485420227,0.029534900560975075,0.44430410861968994,0.56983482837677,0.0,0.0,-0.003979729488492012,0.1690330058336258,0.13873960077762604,0.0007664596778340638,-3.815945456153713e-05,0.047620706260204315,0.011899223551154137,0.01080331951379776,0.5942793488502502,0.011879146099090576,0.5738001465797424,0.6313841938972473,0.0,0.0,0.011162680573761463,-0.053514640778303146,0.6241563558578491,-0.01815139129757881,0.648007333278656,-0.0024623707868158817,0.4669043719768524,0.08607584238052368,0.1488582044839859,0.6566890478134155,0.0,0.0,0.615506649017334,0.06466713547706604,0.5942931175231934,0.008609924465417862,0.5853953957557678,-0.0020082162227481604,0.5067614316940308,0.03947892040014267,0.28211236000061035,0.7338483333587646,0.0,0.0,0.03582944720983505,0.2688751220703125,0.21459726989269257,0.002507023746147752,-0.0004004849761258811,0.3834117650985718,0.047756377607584,-0.02295518107712269,0.49820610880851746,0.029092025011777878,0.44018372893333435,0.5724573731422424,0.0,0.0,-0.0060054706409573555,0.13433653116226196,0.10983532667160034,0.0007890882552601397,-4.427419480634853e-05,0.04760916531085968,0.011882241815328598,0.014345931820571423
trainfit128,1044_0.69_0.99.png,0.5858535170555115,0.010209647938609123,0.5628076195716858,0.6138848662376404,0.0,0.0,-0.0,-0.056226860731840134,0.6215991377830505,-0.01924554817378521,0.6479916572570801,-0.0013516852632164955,0.48339518904685974,0.3191850781440735,0.02316027134656906,0.989538311958313,0.0013868343085050583,0.09472078830003738,0.8893972635269165,0.05058861896395683,0.6145458221435547,0.009543193504214287,0.6131206750869751,-0.0071882265619933605,0.5055562853813171,0.042118143290281296,0.3354641795158386,0.6627568602561951,0.0,0.0,-0.02260596491396427,0.25986042618751526,0.20763149857521057,0.0030039865523576736,0.00030594452982768416,0.4136188328266144,0.04365390166640282,-0.028284288942813873,0.5104718208312988,0.02932848036289215,0.4460222125053406,0.5689194202423096,0.0,0.0,-0.012197878211736679,0.16015784442424774,0.1306738257408142,0.0007242767023853958,-8.083097782218829e-05,0.05651051923632622,0.009522139094769955,0.01080331951379776,0.5899722576141357,0.01161348819732666,0.5706012845039368,0.6259475350379944,0.0,0.0,0.0014470878522843122,-0.05358213186264038,0.6229832768440247,-0.018318472430109978,0.6466882824897766,-0.0024623707868158817,0.43809306621551514,0.09373719990253448,0.1732025444507599,0.683428943157196,0.0,0.0,0.6178435683250427,0.0649033635854721,0.588803231716156,0.008105406537652016,0.5776348114013672,-0.0020082162227481604,0.5093048810958862,0.04801510274410248,0.2795909345149994,0.7560250163078308,0.0,0.0,0.05412396416068077,0.29334473609924316,0.2399919480085373,0.0028306131716817617,-0.0006455622497014701,0.4136209487915039,0.043610889464616776,-0.02295518107712269,0.49833670258522034,0.028980834409594536,0.4392969012260437,0.5706298351287842,0.0,0.0,-0.013413392938673496,0.1302337944507599,0.10879983007907867,0.0007849734392948449,-0.00010268478217767552,0.05650658532977104,0.009512105025351048,0.014345931820571423
trainfit128,1045_0.58_1.58.png,0.5865558981895447,0.010030576959252357,0.5591558218002319,0.610837459564209,0.0,0.0,0.0019473518477752805,-0.05621688812971115,0.6217871308326721,-0.019218629226088524,0.6482047438621521,-0.0013516852632164955,0.4500877857208252,0.2787017226219177,0.017393015325069427,0.966006338596344,0.004853920079767704,0.0005085059092380106,0.9019286036491394,0.05117037892341614,0.6030074954032898,0.008949680253863335,0.597763180732727,-0.0071882265619933605,0.5046848058700562,0.037363577634096146,0.29813268780708313,0.6779113411903381,0.0,0.0,0.006468768697232008,0.22776535153388977,0.1796264499425888,0.00258932588621974,-0.00010963137174258009,0.3602049946784973,0.046958327293395996,-0.028284288942813873,0.5104047656059265,0.02929745987057686,0.44610175490379333,0.571017324924469,0.0,0.0,-0.007677831687033176,0.15903866291046143,0.1308259218931198,0.0007255076779983938,-5.545010935747996e-05,0.04672401398420334,0.009671944193542004,0.01080331951379776,0.5901060700416565,0.011349275708198547,0.5671622157096863,0.6229337453842163,0.0,0.0,-0.0,-0.05358003079891205,0.6230178475379944,-0.018313277512788773,0.6467273831367493,-0.0024623707868158817,0.422004759311676,0.07249903678894043,0.17634014785289764,0.6062684655189514,0.0,0.0,0.5647140741348267,0.06503526866436005,0.5849832892417908,0.007823685184121132,0.5722960829734802,-0.0020082162227481604,0.5065441131591797,0.03805297985672951,0.3220565915107727,0.7191372513771057,0.0,0.0,0.04578859359025955,0.2631348967552185,0.21229258179664612,0.0024830210022628307,-0.0005282189231365919,0.3601488471031189,0.046948883682489395,-0.02295518107712269,0.49829164147377014,0.029135895892977715,0.44174203276634216,0.5722255706787109,0.0,0.0,-0.004445537459105253,0.12770093977451324,0.10451965779066086,0.000751890183892101,-3.2726249628467485e-05,0.04672689735889435,0.009671133942902088,0.014345931820571423
trainfit128,1046_0.91_1.69.png,0.5933423042297363,0.010078071616590023,0.5691161155700684,0.6196165084838867,0.0,0.0,-0.0,-0.05612056329846382,0.6236244440078735,-0.018958503380417824,0.6502838730812073,-0.0013516852632164955,0.5861369371414185,0.33187466859817505,0.01860795170068741,0.9800177812576294,0.004645895212888718,0.20021265745162964,0.8833456039428711,0.04879406839609146,0.6389675736427307,0.011373976245522499,0.6458942890167236,-0.0071882265619933605,0.5044370889663696,0.036129824817180634,0.3624098598957062,0.6511845588684082,0.0,0.0,0.01538381539285183,0.23729103803634644,0.19063182175159454,0.002746282611042261,-0.00022575544426217675,0.36264461278915405,0.052626628428697586,-0.028284288942813873,0.5103329420089722,0.029563380405306816,0.4443514049053192,0.5673150420188904,0.0,0.0,0.000149511281051673,0.1679370254278183,0.1395445466041565,0.00077022984623909,-1.4065817595110275e-05,0.04497186839580536,0.011522411368787289,0.01080331951379776,0.5964135527610779,0.010270640254020691,0.5735610723495483,0.6270691156387329,0.0,0.0,0.0017000131774693727,-0.053481198847293854,0.6247299313545227,-0.018068602308630943,0.6486530900001526,-0.0024623707868158817,0.46532437205314636,0.09990159422159195,0.17870332300662994,0.6415888667106628,0.0,0.0,0.6337083578109741,0.06468009203672409,0.5944876074790955,0.008582256734371185,0.5856160521507263,-0.0020082162227481604,0.5069025158882141,0.039248086512088776,0.3102581202983856,0.7320808172225952,0.0,0.0,0.03687918186187744,0.2393275499343872,0.19388458132743835,0.00227075582370162,-0.0004142842080909759,0.36254435777664185,0.05257994681596756,-0.02295518107712269,0.4979134202003479,0.02918625809252262,0.43913206458091736,0.570131242275238,0.0,0.0,-0.0018343828851357102,0.13478462398052216,0.11070907115936279,0.0007934838649816811,-1.2633793630811851e-05,0.04496608301997185,0.01153880450874567,0.014345931820571423
trainfit128,1047_0.89_1.57.png,0.5931042432785034,0.009977845475077629,0.5697757601737976,0.6197190880775452,0.0,0.0,-0.0,-0.05612393841147423,0.6235590577125549,-0.018967626616358757,0.6502100825309753,-0.0013516852632164955,0.5654479265213013,0.32661181688308716,0.018587907776236534,0.9784860610961914,0.0047845784574747086,0.1852579563856125,0.8988344073295593,0.04915544018149376,0.6334560513496399,0.011005313135683537,0.6385895013809204,-0.0071882265619933605,0.5045346617698669,0.03633101284503937,0.36435097455978394,0.6489992141723633,0.0,0.0,0.013520678505301476,0.23121270537376404,0.18542887270450592,0.0026725796051323414,-0.0002011172764468938,0.36406007409095764,0.05112516134977341,-0.028284288942813873,0.5103660225868225,0.029522087424993515,0.44488298892974854,0.5673491954803467,0.0,0.0,-0.0004343148902989924,0.1646062433719635,0.1364423781633377,0.0007533718599006534,-1.6834999769343995e-05,0.04575394466519356,0.010968394577503204,0.01080331951379776,0.5962696075439453,0.010209338739514351,0.5737290978431702,0.6270055770874023,0.0,0.0,0.000919351470656693,-0.05348346009850502,0.6246901750564575,-0.018074188381433487,0.6486084461212158,-0.0024623707868158817,0.45859915018081665,0.09767749905586243,0.1784910410642624,0.6374001502990723,0.0,0.0,0.626045823097229,0.06473523378372192,0.5930318236351013,0.008464490994811058,0.583580732345581,-0.0020082162227481604,0.5069801211357117,0.03920479863882065,0.3105265498161316,0.7338154911994934,0.0,0.0,0.03816749528050423,0.2361883521080017,0.19106951355934143,0.0022361003793776035,-0.0004285298055037856,0.36399051547050476,0.05108794942498207,-0.02295518107712269,0.49795153737068176,0.029157551005482674,0.4403136074542999,0.5701038241386414,0.0,0.0,-0.00273500825278461,0.13197165727615356,0.10824363678693771,0.0007759953732602298,-2.0106184820178896e-05,0.04575241729617119,0.010982480831444263,0.014345931820571423
trainfit128,1048_0.73_0.95.png,0.5870137214660645,0.009930428117513657,0.5602776408195496,0.6122473478317261,0.0,0.0,0.0003430882643442601,-0.05621039494872093,0.6219097971916199,-0.01920107565820217,0.6483439207077026,-0.0013516852632164955,0.42264488339424133,0.3062035143375397,0.017479076981544495,0.9674553275108337,0.005246856715530157,0.028753697872161865,0.8777557611465454,0.051649708300828934,0.6009888052940369,0.008460668846964836,0.5946195125579834,-0.0071882265619933605,0.5050491094589233,0.038903817534446716,0.3315892815589905,0.6519109010696411,0.0,0.0,-0.0056852842681109905,0.23556214570999146,0.18700692057609558,0.002701573772355914,6.0851081798318774e-05,0.3799661099910736,0.04467669501900673,-0.028284288942813873,0.5105037689208984,0.029268376529216766,0.4471361041069031,0.5696941018104553,0.0,0.0,-0.008596778847277164,0.15494434535503387,0.12731879949569702,0.0007056815084069967,-5.90660420130007e-05,0.05203354358673096,0.008529040031135082,0.01080331951379776,0.5911080837249756,0.010656848549842834,0.566874623298645,0.6207048296928406,0.0,0.0,-0.0,-0.05356433242559433,0.6232854723930359,-0.01827441155910492,0.6470290422439575,-0.0024623707868158817,0.42004987597465515,0.08784210681915283,0.18238405883312225,0.6196581721305847,0.0,0.0,0.617638111114502,0.06505129486322403,0.5851162672042847,0.007789452560245991,0.5724291205406189,-0.0020082162227481604,0.5079845190048218,0.042343318462371826,0.30300790071487427,0.7370903491973877,0.0,0.0,0.050224997103214264,0.2605138123035431,0.2123556286096573,0.002493432257324457,-0.0005826949491165578,0.37992289662361145,0.044674601405858994,-0.02295518107712269,0.49829137325286865,0.028979353606700897,0.44085177779197693,0.5714151263237,0.0,0.0,-0.008855248801410198,0.12560155987739563,0.10338807106018066,0.0007452293066307902,-6.88438376528211e-05,0.052043888717889786,0.008531848900020123,0.014345931820571423
trainfit128,1049_0.97_1.09.png,0.5916160345077515,0.008362090215086937,0.5635520815849304,0.6176797151565552,0.0,0.0,-0.0,-0.05614506080746651,0.6231464147567749,-0.019024673849344254,0.6497446298599243,-0.0013516852632164955,0.4691707491874695,0.2838814854621887,0.024821801111102104,0.9950632452964783,0.002265162765979767,0.0614829882979393,0.9675624966621399,0.05083705857396126,0.6074075102806091,0.009289724752306938,0.6037622094154358,-0.0071882265619933605,0.5044352412223816,0.038828641176223755,0.28854554891586304,0.7008528709411621,0.0,0.0,-0.005726910196244717,0.25625038146972656,0.20442891120910645,0.002943245228379965,6.907190982019529e-05,0.47809216380119324,0.05837287753820419,-0.028284288942813873,0.5104917287826538,0.02935667522251606,0.4435098469257355,0.569399356842041,0.0,0.0,-0.006922765634953976,0.15396489202976227,0.12716422975063324,0.0007035482558421791,-5.093543586554006e-05,0.06911022216081619,0.014777575619518757,0.01080331951379776,0.5964008569717407,0.009691348299384117,0.5718060731887817,0.6265950798988342,0.0,0.0,0.0019473518477752805,-0.053481388837099075,0.6247232556343079,-0.01806909590959549,0.6486460566520691,-0.0024623707868158817,0.42809590697288513,0.09037062525749207,0.19111090898513794,0.737795889377594,0.0,0.0,0.6373169422149658,0.06498531997203827,0.5867413878440857,0.007930345833301544,0.5747276544570923,-0.0020082162227481604,0.5075623393058777,0.04168451949954033,0.27864331007003784,0.7506569027900696,0.0,0.0,0.04845377802848816,0.2720642387866974,0.22138942778110504,0.0025964614469558,-0.000564008136279881,0.4780789911746979,0.05845702067017555,-0.02295518107712269,0.498161643743515,0.029052656143903732,0.44102928042411804,0.5688287615776062,0.0,0.0,-0.007955105043947697,0.1250750720500946,0.10325111448764801,0.0007429172401316464,-6.121135083958507e-05,0.06911134719848633,0.014766881242394447,0.014345931820571423
trainfit128,104_0.88_1.76.png,0.5887746214866638,0.009359845891594887,0.5659534931182861,0.6126708388328552,0.0,0.0,-0.0,-0.05618540197610855,0.622381865978241,-0.019133588299155235,0.6488787531852722,-0.0013516852632164955,0.6273892521858215,0.3118773102760315,0.038578249514102936,0.9806525707244873,0.00016179733211174607,0.2845552861690521,0.8488386273384094,0.04807353764772415,0.6465929746627808,0.012109063565731049,0.6561995148658752,-0.0071882265619933605,0.5049680471420288,0.03863602504134178,0.3402937352657318,0.6852768063545227,0.0,0.0,0.0037504590582102537,0.23441049456596375,0.18588411808013916,0.0026851564180105925,-6.385404412867501e-05,0.3280128538608551,0.03977404534816742,-0.028284288942813873,0.5103057622909546,0.029554396867752075,0.44407814741134644,0.5639645457267761,0.0,0.0,-0.004205075092613697,0.1663866937160492,0.13628318905830383,0.000751837738789618,-3.98307092837058e-05,0.03577157482504845,0.008070266805589199,0.01080331951379776,0.5910683274269104,0.008647444657981396,0.5726230144500732,0.6170387864112854,0.0,0.0,-0.0,-0.053564950823783875,0.6232638359069824,-0.018275955691933632,0.6470062732696533,-0.0024623707868158817,0.48449426889419556,0.09239467978477478,0.2009100764989853,0.662810742855072,0.0,0.0,0.5832646489143372,0.06452292203903198,0.5981777906417847,0.008917941711843014,0.5908073782920837,-0.0020082162227481604,0.5080164670944214,0.042410220950841904,0.25947827100753784,0.7761111855506897,0.0,0.0,0.029433174058794975,0.2413378208875656,0.1932309865951538,0.002266372088342905,-0.00033666164381429553,0.32782062888145447,0.03974375128746033,-0.02295518107712269,0.49825751781463623,0.0289441030472517,0.44293221831321716,0.566449761390686,0.0,0.0,-0.004799006041139364,0.12731851637363434,0.10507534444332123,0.0007538106292486191,-3.330658728373237e-05,0.035736508667469025,0.008074641227722168,0.014345931820571423
trainfit128,1050_0.61_1.24.png,0.5852125883102417,0.007792723830789328,0.5596073269844055,0.6097221374511719,0.0,0.0,0.0056899189949035645,-0.056235961616039276,0.6214147210121155,-0.019270118325948715,0.6477844715118408,-0.0013516852632164955,0.3942965865135193,0.23761919140815735,0.023200804367661476,0.991139829158783,0.002057137666270137,0.012966901063919067,0.9297666549682617,0.0521448515355587,0.5882010459899902,0.00795552134513855,0.5776087045669556,-0.0071882265619933605,0.5040684938430786,0.037303730845451355,0.28857284784317017,0.7219365239143372,0.0,0.0,-0.006944853812456131,0.24947106838226318,0.1978234350681305,0.002843201858922839,8.81891101016663e-05,0.46822112798690796,0.056291721761226654,-0.028284288942813873,0.5104754567146301,0.02921423874795437,0.4443359076976776,0.5707584023475647,0.0,0.0,-0.01381783839315176,0.14818625152111053,0.12264082580804825,0.0006801203126087785,-8.842647366691381e-05,0.06904949992895126,0.014708979055285454,0.01080331951379776,0.5903512835502625,0.009340050630271435,0.5668944716453552,0.6192752122879028,0.0,0.0,-0.0,-0.05357618257403374,0.6230727434158325,-0.0183037668466568,0.6467907428741455,-0.0024623707868158817,0.4067895710468292,0.07320186495780945,0.1777115762233734,0.6892683506011963,0.0,0.0,0.5742207169532776,0.06516002118587494,0.5821539759635925,0.0075572519563138485,0.5682605504989624,-0.0020082162227481604,0.506588876247406,0.03894711285829544,0.2996220588684082,0.7392581105232239,0.0,0.0,0.04906497523188591,0.2765437662601471,0.22535140812397003,0.0026414417661726475,-0.0005728761898353696,0.468187153339386,0.05634404346346855,-0.02295518107712269,0.49835658073425293,0.029091257601976395,0.4416767656803131,0.5710934400558472,0.0,0.0,-0.00919939111918211,0.12012193351984024,0.09938561916351318,0.0007166006253100932,-6.868848868180066e-05,0.06905406713485718,0.014709674753248692,0.014345931820571423
trainfit128,1051_0.69_0.54.png,0.5828744769096375,0.008175314404070377,0.5527867078781128,0.6088176965713501,0.0,0.0,0.02303280681371689,-0.05626915022730827,0.6207895874977112,-0.01935974322259426,0.6470755338668823,-0.0013516852632164955,0.3348727226257324,0.24952250719070435,0.016721215099096298,0.9950114488601685,0.005200628656893969,0.03402366861701012,0.8698074221611023,0.053182777017354965,0.5794316530227661,0.006896632723510265,0.5649932622909546,-0.0071882265619933605,0.5046250224113464,0.04138074070215225,0.25207340717315674,0.7554510235786438,0.0,0.0,-0.02780645713210106,0.28989627957344055,0.23283521831035614,0.003351682797074318,0.00038060880615375936,0.5304001569747925,0.05765054002404213,-0.028284288942813873,0.5106008052825928,0.029170291498303413,0.44425544142723083,0.5721249580383301,0.0,0.0,-0.018197255209088326,0.15364623069763184,0.1271561086177826,0.000705741171259433,-0.000110225475509651,0.08463427424430847,0.012608196586370468,0.01080331951379776,0.5886672735214233,0.009779992513358593,0.564067006111145,0.6195952296257019,0.0,0.0,-0.0,-0.05360257625579834,0.6226190328598022,-0.018369091674685478,0.6462797522544861,-0.0024623707868158817,0.38857731223106384,0.08764881640672684,0.12983199954032898,0.7512420415878296,0.0,0.0,0.5984069108963013,0.06530934572219849,0.579330325126648,0.007238337304443121,0.5641574263572693,-0.0020082162227481604,0.5086269378662109,0.04635676369071007,0.27784883975982666,0.7664181590080261,0.0,0.0,0.057770825922489166,0.31876713037490845,0.26124462485313416,0.0030800020322203636,-0.0006890654331073165,0.5303730964660645,0.057701583951711655,-0.02295518107712269,0.4983561336994171,0.028947364538908005,0.44033655524253845,0.5726612210273743,0.0,0.0,-0.015878882259130478,0.13140089809894562,0.11278494447469711,0.0008164842729456723,-0.0001227292959811166,0.08464082330465317,0.012606412172317505,0.014345931820571423
trainfit128,1052_0.73_1.22.png,0.5887373685836792,0.007961186580359936,0.5630287528038025,0.612812876701355,0.0,0.0,-0.0,-0.05618593096733093,0.6223650574684143,-0.019135015085339546,0.64886075258255,-0.0013516852632164955,0.440623939037323,0.2629958689212799,0.023830020800232887,0.9923951625823975,0.0023576184175908566,0.03443972021341324,0.9618834853172302,0.05133567377924919,0.5994405150413513,0.008781040087342262,0.5930097699165344,-0.0071882265619933605,0.5042456388473511,0.03781253471970558,0.2916220724582672,0.7152617573738098,0.0,0.0,-0.006641612388193607,0.24845072627067566,0.19742552936077118,0.002840098226442933,8.46635302877985e-05,0.47280073165893555,0.05747084319591522,-0.028284288942813873,0.5104896426200867,0.029293937608599663,0.44405221939086914,0.5703216791152954,0.0,0.0,-0.009738421067595482,0.15154017508029938,0.125340074300766,0.000694217742420733,-6.639819912379608e-05,0.0692821517586708,0.014752604998648167,0.01080331951379776,0.5938385128974915,0.009402119554579258,0.570831835269928,0.6215457916259766,0.0,0.0,-0.0,-0.053521547466516495,0.6240214705467224,-0.01816849410533905,0.647857666015625,-0.0024623707868158817,0.4186410903930664,0.0811692550778389,0.1803567111492157,0.7019644975662231,0.0,0.0,0.6063547134399414,0.06506284326314926,0.5846191644668579,0.007764783222228289,0.5717476010322571,-0.0020082162227481604,0.506899893283844,0.03979307413101196,0.29535824060440063,0.7461805939674377,0.0,0.0,0.04798116534948349,0.2727149426937103,0.22189559042453766,0.0025995185133069754,-0.000556004757527262,0.4727952480316162,0.05752316489815712,-0.02295518107712269,0.498266339302063,0.029065100476145744,0.4413551092147827,0.5697245597839355,0.0,0.0,-0.008553634397685528,0.1233222559094429,0.10181652754545212,0.0007336176349781454,-6.514519918709993e-05,0.06928973644971848,0.014742173254489899,0.014345931820571423
trainfit128,1053_0.54_1.81.png,0.5839299559593201,0.011079011484980583,0.5487808585166931,0.609679639339447,0.0,0.0,0.03531859815120697,-0.05625416338443756,0.6210878491401672,-0.019319282844662666,0.6474114656448364,-0.0013516852632164955,0.40387117862701416,0.279736191034317,0.01693991757929325,0.9876460433006287,0.0049232617020606995,0.018051959574222565,0.8957601189613342,0.05197761952877045,0.5943930745124817,0.008126134984195232,0.5857763290405273,-0.0071882265619933605,0.5038683414459229,0.03742296248674393,0.2630886733531952,0.716499924659729,0.0,0.0,0.005273866001516581,0.25558730959892273,0.20306618511676788,0.002916821278631687,-9.000902355182916e-05,0.43062135577201843,0.04648527875542641,-0.028284288942813873,0.5104467868804932,0.029212739318609238,0.44398263096809387,0.5725343823432922,0.0,0.0,-0.017535708844661713,0.16492566466331482,0.135903000831604,0.0007551446324214339,-0.00010827610094565898,0.06701652705669403,0.012064602226018906,0.01080331951379776,0.5896941423416138,0.012533319182693958,0.562791645526886,0.6215386986732483,0.0,0.0,-0.0,-0.053586479276418686,0.6229140758514404,-0.018329264596104622,0.6466095447540283,-0.0024623707868158817,0.4034361243247986,0.08702711015939713,0.15964587032794952,0.7189346551895142,0.0,0.0,0.6066590547561646,0.06518750637769699,0.5819927453994751,0.007498529739677906,0.567977249622345,-0.0020082162227481604,0.505982518196106,0.036479201167821884,0.35284823179244995,0.6859754920005798,0.0,0.0,0.04880506917834282,0.2856849133968353,0.2322898954153061,0.002712302142754197,-0.000565308379009366,0.4306178390979767,0.046502791345119476,-0.02295518107712269,0.4984901547431946,0.029033703729510307,0.4417172372341156,0.5729237198829651,0.0,0.0,-0.01041689608246088,0.12532031536102295,0.10419023036956787,0.0007513488526456058,-7.59629620006308e-05,0.06702512502670288,0.012058396823704243,0.014345931820571423
trainfit128,1054_0.86_1.22.png,0.5879073143005371,0.010359568521380424,0.555071234703064,0.614607572555542,0.0,0.0,0.003122548572719097,-0.05619770288467407,0.6221531629562378,-0.01916682906448841,0.6486190557479858,-0.0013516852632164955,0.4464685618877411,0.3288619816303253,0.014884239993989468,0.9916028380393982,0.006171412765979767,0.05112795904278755,0.8786141872406006,0.05123358964920044,0.6084039211273193,0.008885186165571213,0.6045706868171692,-0.0071882265619933605,0.5044726133346558,0.03851534053683281,0.2567768394947052,0.7412912845611572,0.0,0.0,-0.004773311782628298,0.24591484665870667,0.19652751088142395,0.00283264578320086,5.11291618749965e-05,0.44526445865631104,0.04392486810684204,-0.028284288942813873,0.5104897618293762,0.029266243800520897,0.44595518708229065,0.5727497339248657,0.0,0.0,-0.013483310118317604,0.16124145686626434,0.13370592892169952,0.0007419399335049093,-8.562058792449534e-05,0.0709039568901062,0.010877289809286594,0.01080331951379776,0.5934647917747498,0.011154637672007084,0.5662283301353455,0.6259161233901978,0.0,0.0,0.0006399456178769469,-0.05352739989757538,0.6239295601844788,-0.018182992935180664,0.6477530598640442,-0.0024623707868158817,0.4180397093296051,0.10602082312107086,0.14908689260482788,0.7397692203521729,0.0,0.0,0.6622721552848816,0.06506777554750443,0.5854580402374268,0.007754253223538399,0.5728346705436707,-0.0020082162227481604,0.5073885917663574,0.039731744676828384,0.33074328303337097,0.700429379940033,0.0,0.0,0.046261876821517944,0.26401153206825256,0.2129574865102768,0.0024896501563489437,-0.0005332686705514789,0.4452661871910095,0.04392031207680702,-0.02295518107712269,0.4983674883842468,0.028884386643767357,0.44235968589782715,0.570074200630188,0.0,0.0,-0.011082252487540245,0.12461788207292557,0.10415711253881454,0.0007511312142014503,-8.411968155996874e-05,0.07090576738119125,0.010860023088753223,0.014345931820571423
trainfit128,1055_0.8_1.95.png,0.5901935696601868,0.010570277459919453,0.5581371784210205,0.6125857830047607,0.0,0.0,0.0017000131774693727,-0.05616525560617447,0.6227723956108093,-0.019079195335507393,0.6493198275566101,-0.0013516852632164955,0.4962577521800995,0.3220962882041931,0.02754756063222885,0.990145742893219,0.0011556952958926558,0.03947855159640312,0.8999547958374023,0.050363946706056595,0.6175929307937622,0.009772395715117455,0.6172388792037964,-0.0071882265619933605,0.5040265917778015,0.03634145110845566,0.2737705707550049,0.7023725509643555,0.0,0.0,0.009013716131448746,0.22589603066444397,0.17971673607826233,0.002584960078820586,-0.00013963060337118804,0.4165628254413605,0.046105362474918365,-0.028284288942813873,0.5104179978370667,0.029359176754951477,0.4445749819278717,0.571098268032074,0.0,0.0,-0.009188837371766567,0.16362793743610382,0.1349736750125885,0.000748061400372535,-6.382431456586346e-05,0.06303326785564423,0.011817589402198792,0.01080331951379776,0.5953960418701172,0.011196875013411045,0.5672358870506287,0.6244248151779175,0.0,0.0,-0.0,-0.05349713936448097,0.6244570016860962,-0.018108081072568893,0.6483458280563354,-0.0024623707868158817,0.4338444769382477,0.09660998731851578,0.1892881989479065,0.7232785820960999,0.0,0.0,0.6388834118843079,0.06493819504976273,0.5880879163742065,0.008031011559069157,0.5766104459762573,-0.0020082162227481604,0.5061883330345154,0.03620860353112221,0.3567059338092804,0.6677321791648865,0.0,0.0,0.03991730138659477,0.24923117458820343,0.2012486755847931,0.0023429743014276028,-0.00044916794286109507,0.41653722524642944,0.04608796909451485,-0.02295518107712269,0.49836018681526184,0.02897174470126629,0.4425024688243866,0.569524884223938,0.0,0.0,-0.0068359277211129665,0.12384708970785141,0.10308706760406494,0.0007418178138323128,-5.033213892602362e-05,0.06303146481513977,0.011801990680396557,0.014345931820571423
trainfit128,1056_0.85_1.39.png,0.588631808757782,0.01039960142225027,0.5559973120689392,0.6139246225357056,0.0,0.0,0.002428280422464013,-0.056187428534030914,0.622348964214325,-0.019139058887958527,0.6488407850265503,-0.0013516852632164955,0.45993295311927795,0.32770171761512756,0.017730334773659706,0.9911251664161682,0.00422984454780817,0.0467132031917572,0.8864572048187256,0.05099841579794884,0.610890805721283,0.009125114418566227,0.6080076098442078,-0.0071882265619933605,0.5043279528617859,0.03775917366147041,0.2597939670085907,0.7304749488830566,0.0,0.0,-0.0005692786653526127,0.23824676871299744,0.1898646354675293,0.002735329093411565,-7.117178029147908e-06,0.4374919831752777,0.04451499134302139,-0.028284288942813873,0.5104687809944153,0.029290204867720604,0.44566643238067627,0.5724272131919861,0.0,0.0,-0.012216786853969097,0.16087794303894043,0.1332487016916275,0.000739131704904139,-7.915266905911267e-05,0.06876236200332642,0.011130161583423615,0.01080331951379776,0.594045102596283,0.011054107919335365,0.5667072534561157,0.6250055432319641,0.0,0.0,0.0003430882643442601,-0.05351830646395683,0.6240872144699097,-0.01816047914326191,0.647930383682251,-0.0024623707868158817,0.42265960574150085,0.10388942062854767,0.15940731763839722,0.7358396649360657,0.0,0.0,0.6556413173675537,0.06502990424633026,0.5862398743629456,0.007835154421627522,0.5739565491676331,-0.0020082162227481604,0.5070176720619202,0.03854360058903694,0.3431949317455292,0.6872087121009827,0.0,0.0,0.04418836161494255,0.2572898268699646,0.20748788118362427,0.0024225155357271433,-0.0005057139205746353,0.43749183416366577,0.04450361803174019,-0.02295518107712269,0.49836108088493347,0.028908219188451767,0.4425584077835083,0.5698577165603638,0.0,0.0,-0.009772272780537605,0.12344247102737427,0.10294085741043091,0.0007418469176627696,-7.36868241801858e-05,0.06876327097415924,0.011112703010439873,0.014345931820571423
trainfit128,1057_0.96_1.31.png,0.5861393809318542,0.01032949984073639,0.5597068071365356,0.6226531863212585,0.0,0.0,0.0003430882643442601,-0.056222815066576004,0.6216766834259033,-0.019234592095017433,0.6480794548988342,-0.0013516852632164955,0.7055849432945251,0.31453150510787964,0.013816971331834793,0.9812104105949402,0.009985207580029964,0.24831268191337585,0.8002581596374512,0.04670773446559906,0.6672712564468384,0.01350245252251625,0.6833012104034424,-0.0071882265619933605,0.5045827627182007,0.037680916488170624,0.32124826312065125,0.6617230772972107,0.0,0.0,-0.0010598711669445038,0.2393711507320404,0.19198936223983765,0.0027697142213582993,1.9550492652342655e-05,0.3752802610397339,0.04752379283308983,-0.028284288942813873,0.5103275775909424,0.029523104429244995,0.44421106576919556,0.5715692639350891,0.0,0.0,-0.012137571349740028,0.1731117069721222,0.14200417697429657,0.000785925192758441,-8.364553650608286e-05,0.04857281222939491,0.01116776093840599,0.01080331951379776,0.5911259651184082,0.012089842930436134,0.5691533088684082,0.6298141479492188,0.0,0.0,0.0021899074781686068,-0.05356404930353165,0.6232993006706238,-0.018273716792464256,0.6470435261726379,-0.0024623707868158817,0.4849763810634613,0.10917041450738907,0.15808641910552979,0.7006644010543823,0.0,0.0,0.5838273763656616,0.06451896578073502,0.5989559292793274,0.008926383219659328,0.5918273329734802,-0.0020082162227481604,0.5071502923965454,0.038981929421424866,0.3200133442878723,0.7081709504127502,0.0,0.0,0.045034781098365784,0.25080040097236633,0.2042866051197052,0.002395833842456341,-0.0005145787145011127,0.37533891201019287,0.047461990267038345,-0.02295518107712269,0.49835747480392456,0.028904665261507034,0.4386950731277466,0.5703638195991516,0.0,0.0,-0.008220004849135876,0.12105194479227066,0.10076534003019333,0.0007237017853185534,-5.684302232111804e-05,0.048581525683403015,0.011164838448166847,0.014345931820571423
trainfit128,1058_0.6_1.0.png,0.5769275426864624,0.011383634060621262,0.55680912733078,0.6124153137207031,0.0,0.0,0.005892924964427948,-0.05635356530547142,0.6192235946655273,-0.01958768628537655,0.6452953219413757,-0.0013516852632164955,0.5863474011421204,0.28955334424972534,0.01081275474280119,0.9657699465751648,0.015509430319070816,0.0008321006316691637,0.8614478707313538,0.04879039525985718,0.634005606174469,0.01137772761285305,0.639680027961731,-0.0071882265619933605,0.505856990814209,0.04344189539551735,0.3150824010372162,0.7030132412910461,0.0,0.0,-0.02418181300163269,0.27224764227867126,0.21912795305252075,0.003171386197209358,0.0003388254845049232,0.3757641017436981,0.04687594249844551,-0.028284288942813873,0.5104450583457947,0.029327724128961563,0.44518640637397766,0.572176992893219,0.0,0.0,-0.02345176599919796,0.1706686168909073,0.14146436750888824,0.0007866160594858229,-0.00014504182036034763,0.051924750208854675,0.00976787880063057,0.01080331951379776,0.5821149349212646,0.01358493510633707,0.5658817887306213,0.6223843097686768,0.0,0.0,-0.0,-0.05370523780584335,0.6208810806274414,-0.018623262643814087,0.6443180441856384,-0.0024623707868158817,0.439676970243454,0.09270152449607849,0.1490919589996338,0.6556729078292847,0.0,0.0,0.5226967930793762,0.06489036977291107,0.5890737175941467,0.008133143186569214,0.5780214667320251,-0.0020082162227481604,0.508324921131134,0.043818071484565735,0.2928749918937683,0.7228885293006897,0.0,0.0,0.06947129964828491,0.3130517303943634,0.26278603076934814,0.00310954125598073,-0.0008373716264031827,0.375835120677948,0.046868737787008286,-0.02295518107712269,0.49849507212638855,0.028974071145057678,0.4418919086456299,0.5723773837089539,0.0,0.0,-0.016353439539670944,0.11846321821212769,0.09788714349269867,0.000704979698639363,-0.00011686276411637664,0.051942870020866394,0.009758910164237022,0.014345931820571423
trainfit128,1059_0.87_0.7.png,0.5814042687416077,0.011128795333206654,0.560072660446167,0.6189528107643127,0.0,0.0,0.0014470878522843122,-0.05629001930356026,0.6204125285148621,-0.019416095688939095,0.6466454863548279,-0.0013516852632164955,0.6242437362670898,0.31768375635147095,0.00886342953890562,0.9763829708099365,0.018283098936080933,0.22894322872161865,0.8798814415931702,0.048128485679626465,0.6464941501617432,0.012053011916577816,0.6560174226760864,-0.0071882265619933605,0.5058483481407166,0.043114326894283295,0.30276545882225037,0.6954075694084167,0.0,0.0,-0.02893311344087124,0.26737841963768005,0.21663929522037506,0.0031391941010951996,0.00041013493319042027,0.38886985182762146,0.04513751342892647,-0.028284288942813873,0.5105136632919312,0.029395440593361855,0.44613468647003174,0.5713509917259216,0.0,0.0,-0.018547020852565765,0.17196998000144958,0.14153096079826355,0.000786042248364538,-0.00011728525714715943,0.05543027073144913,0.009113618172705173,0.01080331951379776,0.586913526058197,0.0130586177110672,0.5666666030883789,0.6303486227989197,0.0,0.0,0.0014470878522843122,-0.053630050271749496,0.6221662163734436,-0.018437126651406288,0.6457670331001282,-0.0024623707868158817,0.459634006023407,0.11189296841621399,0.13612470030784607,0.6778562068939209,0.0,0.0,0.6085556745529175,0.06472674757242203,0.5938423275947571,0.008482612669467926,0.584658145904541,-0.0020082162227481604,0.5091876983642578,0.046250540763139725,0.30537405610084534,0.7406617999076843,0.0,0.0,0.06612414866685867,0.29515594244003296,0.2432526797056198,0.0028777774423360825,-0.0007871657726354897,0.38892409205436707,0.04518026486039162,-0.02295518107712269,0.4983316659927368,0.028861461207270622,0.4413599967956543,0.5718491077423096,0.0,0.0,-0.01573183946311474,0.1245025098323822,0.10563226789236069,0.0007615029462613165,-0.00011654692934826016,0.05544053018093109,0.009105021134018898,0.014345931820571423
trainfit128,105_0.74_1.06.png,0.5822790265083313,0.007329948712140322,0.561907172203064,0.6046431064605713,0.0,0.0,0.0019473518477752805,-0.05627760291099548,0.62062668800354,-0.01938256248831749,0.6468912959098816,-0.0013516852632164955,0.5088773965835571,0.3178859353065491,0.019920766353607178,0.9898029565811157,0.0028198964428156614,0.0011556952958926558,0.8378052115440369,0.0501435250043869,0.6197453737258911,0.009997268207371235,0.620212733745575,-0.0071882265619933605,0.5055146813392639,0.04107588902115822,0.28063076734542847,0.7028738260269165,0.0,0.0,-0.019242579117417336,0.2735477685928345,0.215583935379982,0.0031194728799164295,0.00024967765784822404,0.3873651325702667,0.042857225984334946,-0.028284288942813873,0.5104632377624512,0.029237845912575722,0.4457387924194336,0.5692316293716431,0.0,0.0,-0.02025703899562359,0.15109533071517944,0.12663251161575317,0.0007030951674096286,-0.00012531632091850042,0.05999234691262245,0.009293965995311737,0.01080331951379776,0.5870189666748047,0.008585813455283642,0.5689142942428589,0.6134539246559143,0.0,0.0,-0.0,-0.053628403693437576,0.622167706489563,-0.018433034420013428,0.645772397518158,-0.0024623707868158817,0.4276602864265442,0.07155603170394897,0.181608647108078,0.6903486847877502,0.0,0.0,0.5487737059593201,0.06498889625072479,0.5860355496406555,0.007922721095383167,0.5737943053245544,-0.0020082162227481604,0.5105023980140686,0.053246840834617615,0.2575274407863617,0.7787967920303345,0.0,0.0,0.06389041244983673,0.30661922693252563,0.24843484163284302,0.002948540495708585,-0.000778474030084908,0.3873196840286255,0.04292694851756096,-0.02295518107712269,0.4984407126903534,0.02870406024158001,0.44308316707611084,0.569672703742981,0.0,0.0,-0.01720261387526989,0.12817616760730743,0.10702383518218994,0.0007721282890997827,-0.00012819595576729625,0.059995461255311966,0.009305251762270927,0.014345931820571423
trainfit128,1060_0.94_1.09.png,0.5846862196922302,0.010694869793951511,0.5605255961418152,0.6213178038597107,0.0,0.0,0.0003430882643442601,-0.056243423372507095,0.6212883591651917,-0.019290294498205185,0.6476390361785889,-0.0013516852632164955,0.6816970109939575,0.31528395414352417,0.011740803718566895,0.9799730777740479,0.011811206117272377,0.24010725319385529,0.8331996202468872,0.04712497442960739,0.6609653234481812,0.013076786883175373,0.6750659942626953,-0.0071882265619933605,0.504958987236023,0.039123598486185074,0.3223889172077179,0.6750802993774414,0.0,0.0,-0.008134802803397179,0.24099095165729523,0.19328376650810242,0.002793160267174244,0.00011785268725361675,0.3733576834201813,0.04565952718257904,-0.028284288942813873,0.5103912353515625,0.029475126415491104,0.4446480870246887,0.5716228485107422,0.0,0.0,-0.01397650595754385,0.1716991364955902,0.1406935751438141,0.0007797023863531649,-9.322835830971599e-05,0.05012694001197815,0.010354526340961456,0.01080331951379776,0.5899381041526794,0.012488064356148243,0.5680974125862122,0.6302890181541443,0.0,0.0,0.0019473518477752805,-0.05358266085386276,0.6229798197746277,-0.01831979677081108,0.6466836333274841,-0.0024623707868158817,0.4765757918357849,0.10987244546413422,0.15536803007125854,0.6919513940811157,0.0,0.0,0.592228889465332,0.06458783894777298,0.5972279906272888,0.008779280818998814,0.5894115567207336,-0.0020082162227481604,0.5076786875724792,0.04078984260559082,0.31369927525520325,0.7181680798530579,0.0,0.0,0.05063541233539581,0.2603517770767212,0.21233011782169342,0.0024947382044047117,-0.0005852963076904416,0.3734176456928253,0.04562516137957573,-0.02295518107712269,0.49835658073425293,0.028882136568427086,0.43972188234329224,0.570803165435791,0.0,0.0,-0.010689403861761093,0.12072569131851196,0.1004658117890358,0.0007218504906632006,-7.645846926607192e-05,0.05013468116521835,0.01034944411367178,0.014345931820571423
trainfit128,1061_0.91_0.94.png,0.589930534362793,0.01142746303230524,0.5604807734489441,0.6151458024978638,0.0,0.0,0.003348038997501135,-0.05616898462176323,0.622706413269043,-0.01908927969634533,0.6492443680763245,-0.0013516852632164955,0.5234735012054443,0.33875471353530884,0.04997853562235832,0.9906890392303467,2.3113905626814812e-05,0.09603827446699142,0.816548764705658,0.04988858848810196,0.6255730390548706,0.010257360525429249,0.627858579158783,-0.0071882265619933605,0.505557119846344,0.0411231555044651,0.29366162419319153,0.7282973527908325,0.0,0.0,-0.007411399856209755,0.22957715392112732,0.1829994022846222,0.0026509412564337254,8.447816799161956e-05,0.38244980573654175,0.041988812386989594,-0.028284288942813873,0.5104559063911438,0.029356198385357857,0.44482699036598206,0.5678006410598755,0.0,0.0,-0.0071933395229279995,0.15693005919456482,0.1282680779695511,0.0007103224634192884,-5.2712330216309056e-05,0.045009251683950424,0.0070320842787623405,0.01080331951379776,0.5932983160018921,0.011964230798184872,0.5685945153236389,0.6205554008483887,0.0,0.0,-0.0,-0.0535300113260746,0.6238893866539001,-0.01818944700062275,0.6477072238922119,-0.0024623707868158817,0.44511541724205017,0.09618411213159561,0.22857780754566193,0.7036958932876587,0.0,0.0,0.6413178443908691,0.06484577804803848,0.590277373790741,0.008228376507759094,0.5797074437141418,-0.0020082162227481604,0.508426308631897,0.043056923896074295,0.2957104742527008,0.7118459939956665,0.0,0.0,0.05205013230443001,0.26222771406173706,0.21513183414936066,0.0025268762838095427,-0.0006135149742476642,0.3824946880340576,0.042031437158584595,-0.02295518107712269,0.49827301502227783,0.028946800157427788,0.44212278723716736,0.5657602548599243,0.0,0.0,-0.00795778352767229,0.12180998921394348,0.10042422264814377,0.0007220393163152039,-6.0841961385449395e-05,0.045011766254901886,0.007030774839222431,0.014345931820571423
trainfit128,1062_0.58_1.51.png,0.5906535387039185,0.012111742980778217,0.5612428784370422,0.6159029603004456,0.0,0.0,0.0014470878522843122,-0.05615873262286186,0.6229066848754883,-0.01906156912446022,0.6494703888893127,-0.0013516852632164955,0.5392340421676636,0.32239124178886414,0.04650944098830223,0.9870302081108093,0.00011556952813407406,0.06776997447013855,0.8339825868606567,0.04961330443620682,0.6269605159759521,0.010538199916481972,0.6299145221710205,-0.0071882265619933605,0.5050570368766785,0.03919657692313194,0.22601436078548431,0.7366487979888916,0.0,0.0,0.005256340838968754,0.22439996898174286,0.17885300517082214,0.002583587309345603,-8.744928345549852e-05,0.3738488554954529,0.04342063516378403,-0.028284288942813873,0.5104268193244934,0.029413621872663498,0.4442751109600067,0.570175051689148,0.0,0.0,-0.0048668766394257545,0.16036781668663025,0.131563201546669,0.0007286363979801536,-4.085220643901266e-05,0.043236248195171356,0.007737509906291962,0.01080331951379776,0.5945313572883606,0.0136501369997859,0.5687702894210815,0.6244769096374512,0.0,0.0,-0.0,-0.053510695695877075,0.6242376565933228,-0.0181416142731905,0.648097038269043,-0.0024623707868158817,0.44728323817253113,0.0833612009882927,0.219868004322052,0.6913807988166809,0.0,0.0,0.6010630130767822,0.06482800096273422,0.5902397632598877,0.008266337215900421,0.5797035694122314,-0.0020082162227481604,0.5068455338478088,0.038488250225782394,0.339191198348999,0.6833254098892212,0.0,0.0,0.04723230376839638,0.2712786793708801,0.22320835292339325,0.002609706949442625,-0.0005442044348455966,0.3738642930984497,0.04343479871749878,-0.02295518107712269,0.4982641935348511,0.02902941033244133,0.4418336749076843,0.5667924880981445,0.0,0.0,-0.005943759810179472,0.12576216459274292,0.10204868018627167,0.0007327160565182567,-4.510563667281531e-05,0.04324326291680336,0.007736484054476023,0.014345931820571423
trainfit128,1063_0.51_1.61.png,0.5900829434394836,0.012274317443370819,0.5609733462333679,0.6153513193130493,0.0,0.0,0.002428280422464013,-0.05616683140397072,0.6227532029151917,-0.019083434715867043,0.6492965817451477,-0.0013516852632164955,0.5336892604827881,0.31774094700813293,0.04652325063943863,0.9871457815170288,0.00013868343376088887,0.05202940106391907,0.837791383266449,0.04971015080809593,0.6251470446586609,0.010439395904541016,0.6275209188461304,-0.0071882265619933605,0.504944920539856,0.03909970447421074,0.21552656590938568,0.7349756360054016,0.0,0.0,0.006416650488972664,0.23192404210567474,0.18504022061824799,0.00267076981253922,-0.00010278139234287664,0.3736594617366791,0.043950483202934265,-0.028284288942813873,0.5104296803474426,0.029407858848571777,0.4441002607345581,0.57127845287323,0.0,0.0,-0.005285535007715225,0.1613498032093048,0.13245224952697754,0.0007339671719819307,-4.3109590478707105e-05,0.04356388747692108,0.007814659737050533,0.01080331951379776,0.5942866802215576,0.01415932085365057,0.5688973665237427,0.6247387528419495,0.0,0.0,-0.0,-0.053514521569013596,0.6241748332977295,-0.018151110038161278,0.6480258703231812,-0.0024623707868158817,0.44465872645378113,0.08056949824094772,0.22054418921470642,0.6877673864364624,0.0,0.0,0.5985992550849915,0.06484951823949814,0.5896268486976624,0.00822038110345602,0.5788483023643494,-0.0020082162227481604,0.5065670609474182,0.03795437142252922,0.34925010800361633,0.6811953783035278,0.0,0.0,0.04747873917222023,0.28258711099624634,0.23282109200954437,0.0027209403924643993,-0.0005464469431899488,0.37366557121276855,0.04398217424750328,-0.02295518107712269,0.49828940629959106,0.029040103778243065,0.4416225552558899,0.5675772428512573,0.0,0.0,-0.006083364598453045,0.12733183801174164,0.10311581939458847,0.0007405593059957027,-4.621510743163526e-05,0.0435723178088665,0.007813381031155586,0.014345931820571423
trainfit128,1064_0.54_0.97.png,0.5862326622009277,0.011753110215067863,0.5547996759414673,0.6100356578826904,0.0,0.0,0.028474511578679085,-0.056221477687358856,0.6217105388641357,-0.01923101767897606,0.6481165289878845,-0.0013516852632164955,0.4740201234817505,0.324577271938324,0.03996093198657036,0.9907172322273254,0.00016179733211174607,0.06890255212783813,0.8247504234313965,0.050752364099025726,0.6133130788803101,0.009376135654747486,0.6113685369491577,-0.0071882265619933605,0.5055546760559082,0.04259896278381348,0.24511586129665375,0.7239139080047607,0.0,0.0,-0.013355251401662827,0.25856029987335205,0.2046654224395752,0.002962439088150859,0.0001709643838694319,0.3933550715446472,0.041161924600601196,-0.028284288942813873,0.5105122327804565,0.02925773710012436,0.4455193877220154,0.5698922872543335,0.0,0.0,-0.011888747103512287,0.1577860414981842,0.13008436560630798,0.0007220972911454737,-7.728504715487361e-05,0.04898447170853615,0.006721042562276125,0.01080331951379776,0.5907764434814453,0.013634922914206982,0.5648121237754822,0.6193668246269226,0.0,0.0,-0.0,-0.05356952175498009,0.6232154965400696,-0.01828727312386036,0.6469477415084839,-0.0024623707868158817,0.4250040650367737,0.09132352471351624,0.22979354858398438,0.699475109577179,0.0,0.0,0.6038046479225159,0.0650106742978096,0.5861850380897522,0.007876206189393997,0.5739340782165527,-0.0020082162227481604,0.5085874795913696,0.04547230154275894,0.3234673738479614,0.7302609086036682,0.0,0.0,0.056927863508462906,0.3069545328617096,0.2533183991909027,0.0029842713847756386,-0.0006779935793019831,0.39343780279159546,0.04121965542435646,-0.02295518107712269,0.498395174741745,0.028921756893396378,0.44119587540626526,0.5672096610069275,0.0,0.0,-0.01138075441122055,0.12581194937229156,0.1051509901881218,0.0007588366279378533,-8.767528925091028e-05,0.04899299144744873,0.006711116060614586,0.014345931820571423
trainfit128,1065_0.84_1.48.png,0.5941923260688782,0.01050648558884859,0.5656721591949463,0.6187717318534851,0.0,0.0,-0.0,-0.0561084970831871,0.6238583922386169,-0.018925921991467476,0.650547981262207,-0.0013516852632164955,0.5391736626625061,0.3129868507385254,0.052311819046735764,0.9905136823654175,0.0,0.16722910106182098,0.881121814250946,0.04961435869336128,0.6257898807525635,0.010537125170230865,0.6284383535385132,-0.0071882265619933605,0.5041217803955078,0.03515016287565231,0.34109094738960266,0.6654912829399109,0.0,0.0,0.028109734877943993,0.22853060066699982,0.18216252326965332,0.0026189943309873343,-0.00040749210165813565,0.33027684688568115,0.0478704459965229,-0.028284288942813873,0.5104213953018188,0.02947738952934742,0.44370341300964355,0.5657030344009399,0.0,0.0,-0.0007575748604722321,0.16118226945400238,0.13412366807460785,0.000741775322239846,-1.787239125405904e-05,0.040497787296772,0.009569920599460602,0.01080331951379776,0.5987696051597595,0.009677477180957794,0.5743702054023743,0.6254106163978577,0.0,0.0,0.0003430882643442601,-0.053444281220436096,0.6253730654716492,-0.017977209761738777,0.6493756771087646,-0.0024623707868158817,0.4537848234176636,0.09130170941352844,0.23148538172245026,0.7047691941261292,0.0,0.0,0.6184181571006775,0.06477470695972443,0.5918185114860535,0.00838018860667944,0.5818991661071777,-0.0020082162227481604,0.5058553218841553,0.035600341856479645,0.3268657624721527,0.7164924740791321,0.0,0.0,0.029713964089751244,0.24228495359420776,0.19537347555160522,0.0022792015224695206,-0.0003211020084563643,0.33028557896614075,0.047924548387527466,-0.02295518107712269,0.4981885552406311,0.028829216957092285,0.4422300159931183,0.568623423576355,0.0,0.0,-0.00026031993911601603,0.12873335182666779,0.10672207921743393,0.00076530926162377,-1.3791193396173185e-06,0.04048304259777069,0.009583204053342342,0.014345931820571423
trainfit128,1066_0.58_1.42.png,0.5897418856620789,0.011092694476246834,0.5624526739120483,0.613820493221283,0.0,0.0,0.0006399456178769469,-0.05617166683077812,0.6226532459259033,-0.019096512347459793,0.6491845846176147,-0.0013516852632164955,0.4732649326324463,0.3144915699958801,0.040600717067718506,0.9921668767929077,2.3113905626814812e-05,0.06599020212888718,0.8454822897911072,0.05076555162668228,0.6118834018707275,0.009362678974866867,0.609537661075592,-0.0071882265619933605,0.5040048956871033,0.03528378903865814,0.30080801248550415,0.6868095397949219,0.0,0.0,0.02555890567600727,0.21971334517002106,0.1756337583065033,0.002521996619179845,-0.0003700963861774653,0.3454769551753998,0.0485101118683815,-0.028284288942813873,0.5104997158050537,0.029354220256209373,0.44463878870010376,0.5694547891616821,0.0,0.0,-0.005657470319420099,0.16076061129570007,0.13285766541957855,0.000737013528123498,-4.3116080632898957e-05,0.04409646615386009,0.0091041699051857,0.01080331951379776,0.5957599878311157,0.010920247994363308,0.5712432861328125,0.6217254996299744,0.0,0.0,-0.0,-0.053491439670324326,0.6245548725128174,-0.018093956634402275,0.6484559774398804,-0.0024623707868158817,0.43057575821876526,0.0850728452205658,0.2363077700138092,0.7114053964614868,0.0,0.0,0.5895577073097229,0.06496499478816986,0.5870287418365479,0.007973774336278439,0.575156033039093,-0.0020082162227481604,0.5054734945297241,0.03477694094181061,0.3495217263698578,0.6868169903755188,0.0,0.0,0.035964544862508774,0.2609705924987793,0.20915362238883972,0.002433154731988907,-0.0003928182413801551,0.3455512523651123,0.048523515462875366,-0.02295518107712269,0.4983862638473511,0.02874820865690708,0.44290390610694885,0.5691725611686707,0.0,0.0,-0.0037397623527795076,0.13059677183628082,0.10731717199087143,0.0007717168773524463,-2.9237962735351175e-05,0.04409005492925644,0.009099505841732025,0.014345931820571423
trainfit128,1067_0.62_1.35.png,0.5898647308349609,0.010913793928921223,0.5619494915008545,0.6136734485626221,0.0,0.0,0.0003430882643442601,-0.05616992712020874,0.622685432434082,-0.01909179985523224,0.6492210626602173,-0.0013516852632164955,0.4737279713153839,0.31757432222366333,0.042173225432634354,0.9920722842216492,2.3113905626814812e-05,0.08216993510723114,0.8396596908569336,0.05075746402144432,0.6123636364936829,0.00937093049287796,0.6101569533348083,-0.0071882265619933605,0.5040453672409058,0.03531716391444206,0.30505648255348206,0.6866675615310669,0.0,0.0,0.024654868990182877,0.21911610662937164,0.1748751997947693,0.0025123823434114456,-0.00035756686702370644,0.3461431860923767,0.04795994237065315,-0.028284288942813873,0.510505735874176,0.029353545978665352,0.44467946887016296,0.5696211457252502,0.0,0.0,-0.005458236671984196,0.1599869579076767,0.1324508786201477,0.0007346328929997981,-4.194786015432328e-05,0.04422464221715927,0.008958379738032818,0.01080331951379776,0.595859706401825,0.010580217465758324,0.5715517401695251,0.6214761734008789,0.0,0.0,-0.0,-0.05348987132310867,0.6245801448822021,-0.018090087920427322,0.6484846472740173,-0.0024623707868158817,0.4313009977340698,0.08695255219936371,0.23372742533683777,0.7105230093002319,0.0,0.0,0.5932992696762085,0.06495904922485352,0.587234616279602,0.007986471988260746,0.5754407644271851,-0.0020082162227481604,0.5056167840957642,0.03508083149790764,0.3439021408557892,0.690365195274353,0.0,0.0,0.03507310524582863,0.258666455745697,0.20736870169639587,0.0024133052211254835,-0.0003818752884399146,0.346218079328537,0.047981131821870804,-0.02295518107712269,0.4983823895454407,0.028731247410178185,0.44297075271606445,0.569053590297699,0.0,0.0,-0.0038845730014145374,0.13021396100521088,0.10698860138654709,0.0007693992229178548,-3.054927219636738e-05,0.04421710968017578,0.008954501710832119,0.014345931820571423
trainfit128,1068_0.69_1.34.png,0.5911406874656677,0.010756910778582096,0.562452495098114,0.6160325407981873,0.0,0.0,0.0003430882643442601,-0.05615181475877762,0.6230301856994629,-0.01904289238154888,0.6496112942695618,-0.0013516852632164955,0.4875759184360504,0.31838372349739075,0.04410364478826523,0.9918214678764343,2.3113905626814812e-05,0.10634707659482956,0.8474704027175903,0.050515592098236084,0.6153104901313782,0.009617690928280354,0.6141738295555115,-0.0071882265619933605,0.5040746331214905,0.035146936774253845,0.3139860928058624,0.6831883788108826,0.0,0.0,0.02547740377485752,0.21871352195739746,0.17415595054626465,0.0025035147555172443,-0.00036911037750542164,0.34172067046165466,0.047489289194345474,-0.028284288942813873,0.5104922652244568,0.02937975339591503,0.44441816210746765,0.5683754086494446,0.0,0.0,-0.0042013186030089855,0.15952341258525848,0.1322963982820511,0.0007333004614338279,-3.5404693335294724e-05,0.04336205869913101,0.008951546624302864,0.01080331951379776,0.5968793034553528,0.010222038254141808,0.5720075368881226,0.6240255236625671,0.0,0.0,-0.0,-0.05347389727830887,0.6248572468757629,-0.018050532788038254,0.6487961411476135,-0.0024623707868158817,0.4366908371448517,0.08876880258321762,0.23163065314292908,0.709118664264679,0.0,0.0,0.5890042185783386,0.06491485238075256,0.5883451104164124,0.008080854080617428,0.5770065188407898,-0.0020082162227481604,0.505690336227417,0.03515462204813957,0.34401223063468933,0.6945852041244507,0.0,0.0,0.033226948231458664,0.2525317370891571,0.20265676081180573,0.0023596312385052443,-0.00035956260398961604,0.34178411960601807,0.0475202314555645,-0.02295518107712269,0.49834176898002625,0.028742140159010887,0.4430297911167145,0.5690482258796692,0.0,0.0,-0.0030810346361249685,0.12902577221393585,0.10638638585805893,0.0007645752630196512,-2.4219814804382622e-05,0.04335208237171173,0.008951390162110329,0.014345931820571423
trainfit128,1069_0.66_1.4.png,0.5901366472244263,0.01158251240849495,0.5640349984169006,0.6135433912277222,0.0,0.0,-0.0,-0.056166063994169235,0.6227631568908691,-0.019081376492977142,0.6493085026741028,-0.0013516852632164955,0.5490167737007141,0.3562178313732147,0.012586703523993492,0.9846722483634949,0.00903753750026226,0.1744406521320343,0.8210386633872986,0.04944243282079697,0.6335746049880981,0.010712522082030773,0.6384228467941284,-0.0071882265619933605,0.5045362710952759,0.03712964057922363,0.3277619779109955,0.6552400588989258,0.0,0.0,0.005302632227540016,0.23468932509422302,0.18653333187103271,0.002686937339603901,-7.835894211893901e-05,0.3764468729496002,0.04174944758415222,-0.028284288942813873,0.5104344487190247,0.029455671086907387,0.44529953598976135,0.5706283450126648,0.0,0.0,-0.006208780221641064,0.1678376942873001,0.13673147559165955,0.0007570721791125834,-4.8214180424110964e-05,0.045446161180734634,0.007693409454077482,0.01080331951379776,0.5951537489891052,0.012651920318603516,0.5708653926849365,0.6233446002006531,0.0,0.0,-0.0,-0.0535009391605854,0.6244004368782043,-0.018117472529411316,0.648280918598175,-0.0024623707868158817,0.46127986907958984,0.10427384078502655,0.18054163455963135,0.6449122428894043,0.0,0.0,0.6419553160667419,0.064713254570961,0.5938436985015869,0.008511434309184551,0.5846940279006958,-0.0020082162227481604,0.5075887441635132,0.041223157197237015,0.3206794261932373,0.7029215097427368,0.0,0.0,0.0355689562857151,0.2727738618850708,0.21696358919143677,0.002531871199607849,-0.00039494154043495655,0.376386433839798,0.04178068786859512,-0.02295518107712269,0.49831557273864746,0.028887055814266205,0.446074515581131,0.5723103284835815,0.0,0.0,-0.009035459719598293,0.13577035069465637,0.11014938354492188,0.0007919669151306152,-6.999984907452017e-05,0.04543450474739075,0.0076941535808146,0.014345931820571423
trainfit128,106_0.91_1.85.png,0.5917526483535767,0.007701680529862642,0.5642673969268799,0.6130383014678955,0.0,0.0,-0.0,-0.05614312365651131,0.6231805682182312,-0.019019434228539467,0.6497836709022522,-0.0013516852632164955,0.6351365447044373,0.3135695159435272,0.013227438554167747,0.981982946395874,0.0019415681017562747,0.037213388830423355,0.8456394076347351,0.04793822392821312,0.648736298084259,0.012247113510966301,0.6590155959129333,-0.0071882265619933605,0.5043533444404602,0.03530175983905792,0.3169291317462921,0.6601213216781616,0.0,0.0,0.013548011891543865,0.2354636788368225,0.1829349398612976,0.0026370587293058634,-0.0001928385318024084,0.3499419689178467,0.04893922433257103,-0.028284288942813873,0.5103021264076233,0.029501676559448242,0.4436860978603363,0.5668899416923523,0.0,0.0,-0.006588987540453672,0.16167694330215454,0.13567332923412323,0.0007496147300116718,-5.324274388840422e-05,0.0483643002808094,0.011637544259428978,0.01080331951379776,0.5948164463043213,0.008390886709094048,0.5731177926063538,0.6191056370735168,0.0,0.0,-0.0,-0.05350622162222862,0.6242834329605103,-0.018130559474229813,0.648152768611908,-0.0024623707868158817,0.4712085723876953,0.07482457906007767,0.1523570567369461,0.6613416075706482,0.0,0.0,0.5177199244499207,0.06463184207677841,0.594814658164978,0.008685294538736343,0.5861629843711853,-0.0020082162227481604,0.5073300004005432,0.04126198589801788,0.26894858479499817,0.7549442648887634,0.0,0.0,0.040021542459726334,0.2610064744949341,0.2101903259754181,0.0024745562113821507,-0.00045268581015989184,0.3498528003692627,0.04900848865509033,-0.02295518107712269,0.4982236623764038,0.02883993089199066,0.44125643372535706,0.5690831542015076,0.0,0.0,-0.004899175837635994,0.1286647617816925,0.1080363467335701,0.0007758173160254955,-3.2736206776462495e-05,0.04836048558354378,0.011655902490019798,0.014345931820571423
trainfit128,1070_0.79_1.57.png,0.5921689867973328,0.011320685036480427,0.5681599974632263,0.6145693063735962,0.0,0.0,-0.0,-0.05613722279667854,0.6233127117156982,-0.019003476947546005,0.6499303579330444,-0.0013516852632164955,0.5806180834770203,0.3480924963951111,0.014246612787246704,0.9826816916465759,0.008182322606444359,0.21599945425987244,0.8258200287818909,0.04889046400785446,0.6397562623023987,0.011275633238255978,0.6467770338058472,-0.0071882265619933605,0.5044324398040771,0.0359533354640007,0.34557050466537476,0.6421920657157898,0.0,0.0,0.011321008205413818,0.22394996881484985,0.178447887301445,0.002570325741544366,-0.00016118022904265672,0.3603276312351227,0.04217473790049553,-0.028284288942813873,0.5103746652603149,0.0295319315046072,0.44458332657814026,0.5690897107124329,0.0,0.0,-0.003615378635004163,0.16782055795192719,0.13716937601566315,0.0007578199729323387,-3.4831064112950116e-05,0.04190590977668762,0.008176976814866066,0.01080331951379776,0.596182644367218,0.01198523212224245,0.5745773911476135,0.6226956248283386,0.0,0.0,-0.0,-0.05348481982946396,0.6246772408485413,-0.018077563494443893,0.6485925316810608,-0.0024623707868158817,0.4717954397201538,0.1040300652384758,0.1852864921092987,0.6403601765632629,0.0,0.0,0.6409912705421448,0.0646270364522934,0.5959864854812622,0.0086955726146698,0.5876995921134949,-0.0020082162227481604,0.5071351528167725,0.039106789976358414,0.3202623426914215,0.7146658301353455,0.0,0.0,0.030513303354382515,0.25062835216522217,0.19967931509017944,0.002330002374947071,-0.0003317535447422415,0.36022454500198364,0.0421878844499588,-0.02295518107712269,0.4982413053512573,0.02894042246043682,0.44499731063842773,0.5715574026107788,0.0,0.0,-0.005656961351633072,0.13278643786907196,0.10854785889387131,0.0007793115801177919,-4.262413131073117e-05,0.041892025619745255,0.008176727220416069,0.014345931820571423
trainfit128,1071_0.69_1.75.png,0.5921930074691772,0.011682759039103985,0.5678752064704895,0.6148275136947632,0.0,0.0,-0.0,-0.056136876344680786,0.6233215928077698,-0.019002558663487434,0.6499400734901428,-0.0013516852632164955,0.591625452041626,0.3434484601020813,0.012709747068583965,0.9822269678115845,0.009199334308505058,0.22251756489276886,0.8338969945907593,0.04869821295142174,0.6417537331581116,0.011471778154373169,0.6494845747947693,-0.0071882265619933605,0.504310131072998,0.03575412184000015,0.32866305112838745,0.6557930111885071,0.0,0.0,0.013324384577572346,0.2309606820344925,0.18389464914798737,0.0026475514750927687,-0.00018694141181185842,0.3614153563976288,0.04321540147066116,-0.028284288942813873,0.510368824005127,0.029558448120951653,0.4443914592266083,0.5700886249542236,0.0,0.0,-0.0030903902370482683,0.17035721242427826,0.1393747478723526,0.0007700385176576674,-3.223847670597024e-05,0.042448434978723526,0.008541707880795002,0.01080331951379776,0.596519410610199,0.012517031282186508,0.5745143294334412,0.6234820485115051,0.0,0.0,-0.0,-0.05347954109311104,0.6247731447219849,-0.018064500764012337,0.6486997008323669,-0.0024623707868158817,0.47472670674324036,0.10268709063529968,0.17877548933029175,0.6381726264953613,0.0,0.0,0.6403594613075256,0.06460300087928772,0.5965374708175659,0.008746902458369732,0.5884761214256287,-0.0020082162227481604,0.5068196058273315,0.038455404341220856,0.32065731287002563,0.7026616334915161,0.0,0.0,0.028724171221256256,0.25989729166030884,0.20613767206668854,0.002404482802376151,-0.00030839600367471576,0.36131545901298523,0.04322252795100212,-0.02295518107712269,0.49823901057243347,0.028947817161679268,0.4446873068809509,0.5717297792434692,0.0,0.0,-0.005614887923002243,0.13583382964134216,0.11082460731267929,0.0007957068737596273,-4.239525515004061e-05,0.04243539646267891,0.00854378379881382,0.014345931820571423
trainfit128,1072_0.58_0.58.png,0.582777738571167,0.01010847371071577,0.5584803819656372,0.6020722985267639,0.0,0.0,0.025795575231313705,-0.056270528584718704,0.6207735538482666,-0.01936344802379608,0.6470558643341064,-0.0013516852632164955,0.46222203969955444,0.3701399266719818,0.016202932223677635,0.9889153838157654,0.00739644980058074,0.12144046276807785,0.7701212167739868,0.050958435982465744,0.6171935200691223,0.009165903553366661,0.6160563230514526,-0.0071882265619933605,0.5056127905845642,0.043703291565179825,0.3273467719554901,0.7065455317497253,0.0,0.0,-0.03250318393111229,0.29785263538360596,0.23935794830322266,0.003461157903075218,0.00044434619485400617,0.4131564497947693,0.04036019742488861,-0.028284288942813873,0.5105717182159424,0.029224179685115814,0.44686686992645264,0.5692880749702454,0.0,0.0,-0.01686207391321659,0.1717783659696579,0.1401970386505127,0.0007787295617163181,-0.0001038732152665034,0.054405003786087036,0.006773481611162424,0.01080331951379776,0.5890389680862427,0.011667557992041111,0.5684162974357605,0.6148890852928162,0.0,0.0,-0.0,-0.053596749901771545,0.6227308511734009,-0.01835467293858528,0.6464041471481323,-0.0024623707868158817,0.4243854284286499,0.11094961315393448,0.1929406374692917,0.6719620227813721,0.0,0.0,0.6429691314697266,0.0650157481431961,0.5868776440620422,0.00786537304520607,0.5748280882835388,-0.0020082162227481604,0.5112306475639343,0.0580517016351223,0.29066914319992065,0.7784799933433533,0.0,0.0,0.05722952261567116,0.3414345681667328,0.28020140528678894,0.0033184417989104986,-0.0006970871472731233,0.41314125061035156,0.04052311182022095,-0.02295518107712269,0.4984464943408966,0.028759440407156944,0.44683364033699036,0.5716507434844971,0.0,0.0,-0.018572840839624405,0.14641781151294708,0.12565003335475922,0.0009103884804062545,-0.00014564930461347103,0.05439327657222748,0.006773813161998987,0.014345931820571423
trainfit128,1073_0.51_0.98.png,0.577323317527771,0.009059666655957699,0.5505849719047546,0.5991089344024658,0.0,0.0,0.0756862685084343,-0.05634794756770134,0.6193152070045471,-0.019572516903281212,0.6454012989997864,-0.0013516852632164955,0.407982736825943,0.2881203889846802,0.017343031242489815,0.9976949095726013,0.003744452726095915,0.0030510355718433857,0.9060676097869873,0.0519058033823967,0.5961092710494995,0.008199400268495083,0.5880650281906128,-0.0071882265619933605,0.5054323077201843,0.04436744377017021,0.23206159472465515,0.7631605267524719,0.0,0.0,-0.024550098925828934,0.3111201524734497,0.24635866284370422,0.0035572887863963842,0.0003324138524476439,0.41666895151138306,0.04929126054048538,-0.028284288942813873,0.5105497241020203,0.029147451743483543,0.44537416100502014,0.5711413025856018,0.0,0.0,-0.02479250729084015,0.1579686850309372,0.13055433332920074,0.0007254540687426925,-0.00014803210797253996,0.057568568736314774,0.008720244280993938,0.01080331951379776,0.5837934613227844,0.010384787805378437,0.558907151222229,0.6086242198944092,0.0,0.0,0.0017000131774693727,-0.05367894098162651,0.6213094592094421,-0.01855815015733242,0.6448040008544922,-0.0024623707868158817,0.399579793214798,0.07526259124279022,0.17509934306144714,0.7386993765830994,0.0,0.0,0.5724433660507202,0.06521912664175034,0.580894947052002,0.007431001402437687,0.5664518475532532,-0.0020082162227481604,0.5095309019088745,0.05148288607597351,0.2589561343193054,0.8025516867637634,0.0,0.0,0.06406067311763763,0.34291818737983704,0.2823793590068817,0.0033481940627098083,-0.0007824928034096956,0.4165569245815277,0.049343042075634,-0.02295518107712269,0.49850937724113464,0.02875463105738163,0.44311806559562683,0.5723081827163696,0.0,0.0,-0.019764065742492676,0.14071184396743774,0.11675770580768585,0.0008440753445029259,-0.000148841631016694,0.05757606774568558,0.008719408884644508,0.014345931820571423
trainfit128,1074_0.59_1.24.png,0.5794540643692017,0.00919046625494957,0.5537770986557007,0.60085529088974,0.0,0.0,0.047611165791749954,-0.05631770193576813,0.6198818683624268,-0.019490845501422882,0.6460447907447815,-0.0013516852632164955,0.4356742799282074,0.2981100380420685,0.016389274969697,0.9972980618476868,0.0017797707114368677,0.0030741493683308363,0.8920882940292358,0.051422130316495895,0.6024634838104248,0.008692841976881027,0.5967727303504944,-0.0071882265619933605,0.5051279664039612,0.04270327836275101,0.2462019920349121,0.7444861531257629,0.0,0.0,-0.01539664901793003,0.28862103819847107,0.2251225858926773,0.003249463392421603,0.00020553720241878182,0.40443167090415955,0.04951285198330879,-0.028284288942813873,0.5105151534080505,0.029186630621552467,0.4451122283935547,0.57016521692276,0.0,0.0,-0.021262627094984055,0.15836510062217712,0.12995685636997223,0.000722043274436146,-0.00012936623534187675,0.054627660661935806,0.008937916718423367,0.01080331951379776,0.5854262709617615,0.010549408383667469,0.5619910359382629,0.6108472347259521,0.0,0.0,0.0003430882643442601,-0.053653355687856674,0.6217491030693054,-0.01849481463432312,0.6452994346618652,-0.0024623707868158817,0.40990835428237915,0.07380543649196625,0.1726893186569214,0.730922281742096,0.0,0.0,0.5643740296363831,0.0651344433426857,0.5827498435974121,0.007611866109073162,0.5691095590591431,-0.0020082162227481604,0.5085659623146057,0.04773329198360443,0.25719714164733887,0.796825647354126,0.0,0.0,0.06009572744369507,0.3214670419692993,0.2614719569683075,0.003087533637881279,-0.0007204364519566298,0.40432852506637573,0.049555908888578415,-0.02295518107712269,0.4985300600528717,0.0287688747048378,0.4434208869934082,0.5714071393013,0.0,0.0,-0.016530759632587433,0.1390753984451294,0.11330366879701614,0.0008187161874957383,-0.00012417472316883504,0.054629310965538025,0.008940691128373146,0.014345931820571423
trainfit128,1075_0.76_1.99.png,0.5865218043327332,0.009303119033575058,0.5635137557983398,0.6102892756462097,0.0,0.0,-0.0,-0.05621737986803055,0.6217740178108215,-0.019219934940338135,0.6481904983520508,-0.0013516852632164955,0.5307263135910034,0.3122163712978363,0.02133786678314209,0.9948024749755859,0.0008783283992670476,0.005778476595878601,0.8323248028755188,0.049761902540922165,0.6238133907318115,0.010386599227786064,0.6257809996604919,-0.0071882265619933605,0.5046624541282654,0.038850750774145126,0.2824452519416809,0.7462908625602722,0.0,0.0,0.004609231371432543,0.23883141577243805,0.18256421387195587,0.0026314626447856426,-7.059700874378905e-05,0.37352675199508667,0.05022772401571274,-0.028284288942813873,0.5103910565376282,0.02936376817524433,0.4442233145236969,0.5678384304046631,0.0,0.0,-0.01099912915378809,0.16286538541316986,0.1324983388185501,0.0007342639146372676,-7.582214311696589e-05,0.04567120224237442,0.009775158017873764,0.01080331951379776,0.5908159613609314,0.01031791977584362,0.5707607865333557,0.6179232001304626,0.0,0.0,-0.0,-0.05356890335679054,0.6232041716575623,-0.018285738304257393,0.646937906742096,-0.0024623707868158817,0.4463021457195282,0.07210876792669296,0.19060656428337097,0.7070145606994629,0.0,0.0,0.5165724158287048,0.0648360550403595,0.5896899700164795,0.00824915710836649,0.5789650678634644,-0.0020082162227481604,0.5070037245750427,0.04167056083679199,0.26205572485923767,0.784429669380188,0.0,0.0,0.04626040160655975,0.27157214283943176,0.21551451086997986,0.002526925876736641,-0.0005343057564459741,0.37345144152641296,0.050277721136808395,-0.02295518107712269,0.4984811842441559,0.028835594654083252,0.44477179646492004,0.5702993869781494,0.0,0.0,-0.0071966564282774925,0.13237358629703522,0.11106786131858826,0.0008003326365724206,-5.176846025278792e-05,0.04567422717809677,0.009794741868972778,0.014345931820571423
trainfit128,1076_0.71_1.18.png,0.5818071365356445,0.008932969532907009,0.5578322410583496,0.603840708732605,0.0,0.0,0.012904747389256954,-0.05628430098295212,0.6205078363418579,-0.019400645047426224,0.6467553973197937,-0.0013516852632164955,0.4580554962158203,0.31896278262138367,0.01733933575451374,0.9966263771057129,0.0013406064826995134,0.00813609454780817,0.8660078644752502,0.0510312095284462,0.6093953251838684,0.00909165944904089,0.606067419052124,-0.0071882265619933605,0.505173921585083,0.042000189423561096,0.267208069562912,0.7456524968147278,0.0,0.0,-0.014197604730725288,0.2723808288574219,0.21139530837535858,0.0030545073095709085,0.00018869113409891725,0.4022776782512665,0.04770033061504364,-0.028284288942813873,0.5105031728744507,0.029209693893790245,0.4455748498439789,0.5695157647132874,0.0,0.0,-0.018766818568110466,0.1553036868572235,0.12808117270469666,0.0007112412131391466,-0.00011589593486860394,0.05349837616086006,0.008509114384651184,0.01080331951379776,0.5874001979827881,0.010168544016778469,0.5644157528877258,0.6133469939231873,0.0,0.0,-0.0,-0.05362242832779884,0.6222788691520691,-0.018418245017528534,0.6458963751792908,-0.0024623707868158817,0.4184306859970093,0.07825066149234772,0.17710092663764954,0.7237560153007507,0.0,0.0,0.5771239399909973,0.06506457179784775,0.5844841003417969,0.0077610984444618225,0.571566104888916,-0.0020082162227481604,0.508690595626831,0.047663334757089615,0.24653469026088715,0.7964373826980591,0.0,0.0,0.05608467385172844,0.3041912913322449,0.2445475161075592,0.002884781453758478,-0.0006677958299405873,0.4022160768508911,0.047728534787893295,-0.02295518107712269,0.4985014796257019,0.028729697689414024,0.4440998435020447,0.5705175995826721,0.0,0.0,-0.014950436539947987,0.13467775285243988,0.11090652644634247,0.0008012955659069121,-0.00011268542584730312,0.0534999743103981,0.008511977270245552,0.014345931820571423
trainfit128,1077_0.94_0.84.png,0.5917472243309021,0.009078361093997955,0.5574332475662231,0.615619421005249,0.0,0.0,0.0014470878522843122,-0.056143201887607574,0.6231854557991028,-0.01901964470744133,0.6497883200645447,-0.0013516852632164955,0.3398449420928955,0.22197026014328003,0.019913440570235252,0.9842396974563599,0.002426960039883852,0.004715236835181713,0.8736070394515991,0.05309593677520752,0.5774931907653809,0.006985233630985022,0.5625840425491333,-0.0071882265619933605,0.5033839344978333,0.03515613079071045,0.2847476303577423,0.6945293545722961,0.0,0.0,-0.013569191098213196,0.25386473536491394,0.20028650760650635,0.0028715336229652166,0.00019054229778703302,0.5588549971580505,0.05934581533074379,-0.028284288942813873,0.5105888843536377,0.02925681136548519,0.44306910037994385,0.5711724162101746,0.0,0.0,-0.009482207708060741,0.14767998456954956,0.1225704476237297,0.0006791899213567376,-6.190584826981649e-05,0.10278559476137161,0.013895426876842976,0.01080331951379776,0.5988092422485352,0.01036993321031332,0.5621526837348938,0.6257578134536743,0.0,0.0,0.0009830277413129807,-0.05344366282224655,0.6253877878189087,-0.01797567307949066,0.6493917107582092,-0.0024623707868158817,0.3757171332836151,0.06669514626264572,0.14058656990528107,0.700696587562561,0.0,0.0,0.5425993800163269,0.06541477888822556,0.576399028301239,0.0070131397806108,0.5600159168243408,-0.0020082162227481604,0.5069034099578857,0.03949583321809769,0.3084498345851898,0.7391061782836914,0.0,0.0,0.04751971736550331,0.2701093852519989,0.2181270569562912,0.0025494350120425224,-0.0005460242391563952,0.5587559938430786,0.05934388190507889,-0.02295518107712269,0.4982067942619324,0.029100650921463966,0.4365987181663513,0.5710856318473816,0.0,0.0,-0.00843001063913107,0.12668079137802124,0.10550741851329803,0.0007608904270455241,-6.719363591400906e-05,0.10279113799333572,0.013885142281651497,0.014345931820571423
trainfit128,1078_0.96_0.54.png,0.5889360904693604,0.008696927689015865,0.5555945038795471,0.6144673824310303,0.0,0.0,0.003122548572719097,-0.0561831034719944,0.6224221587181091,-0.01912739686667919,0.6489248871803284,-0.0013516852632164955,0.29143819212913513,0.21108409762382507,0.01746162585914135,0.9858458638191223,0.005362425930798054,0.00390625,0.8275003433227539,0.053941428661346436,0.5692238807678223,0.006122658960521221,0.5507398843765259,-0.0071882265619933605,0.5034733414649963,0.0362725667655468,0.2769106328487396,0.7050526142120361,0.0,0.0,-0.023379364982247353,0.27228158712387085,0.21585078537464142,0.0030949751380831003,0.00032866443507373333,0.586830198764801,0.05968128889799118,-0.028284288942813873,0.5106332302093506,0.02919560670852661,0.4430881142616272,0.5728858113288879,0.0,0.0,-0.013861631043255329,0.1508089303970337,0.12499070167541504,0.0006932690739631653,-8.442474791081622e-05,0.11215748637914658,0.013464219868183136,0.01080331951379776,0.59660804271698,0.010213494300842285,0.5606622099876404,0.6252627372741699,0.0,0.0,0.0009830277413129807,-0.05347815155982971,0.6247828602790833,-0.018061060458421707,0.6487125754356384,-0.0024623707868158817,0.35737839341163635,0.06866667419672012,0.12598943710327148,0.7144802212715149,0.0,0.0,0.5496352314949036,0.06556513905525208,0.573332667350769,0.0066920118406414986,0.5555651783943176,-0.0020082162227481604,0.5076211094856262,0.042069338262081146,0.29208120703697205,0.7535938024520874,0.0,0.0,0.052178531885147095,0.2906942665576935,0.23507098853588104,0.0027547229547053576,-0.0006061865133233368,0.5867297649383545,0.05969177559018135,-0.02295518107712269,0.4982633888721466,0.029031921178102493,0.4357152581214905,0.5718569755554199,0.0,0.0,-0.01151550468057394,0.13221322000026703,0.11192786693572998,0.0008092275820672512,-9.147566743195057e-05,0.1121637225151062,0.01345671433955431,0.014345931820571423
trainfit128,1079_0.77_1.21.png,0.590331494808197,0.008839000947773457,0.5582689642906189,0.6106213927268982,0.0,0.0,0.0017000131774693727,-0.056163303554058075,0.6228004097938538,-0.019073909148573875,0.6493529081344604,-0.0013516852632164955,0.3481760621070862,0.208576962351799,0.02066715434193611,0.9798265695571899,0.0015717456117272377,0.0017335428856313229,0.871192216873169,0.0529504157602787,0.5776236653327942,0.007133688312023878,0.5629348754882812,-0.0071882265619933605,0.5031352043151855,0.03394847735762596,0.28492921590805054,0.6953932642936707,0.0,0.0,-0.006690424866974354,0.23778358101844788,0.18681491911411285,0.002676652278751135,9.297558426624164e-05,0.5271393060684204,0.058308281004428864,-0.028284288942813873,0.5105115175247192,0.029234983026981354,0.4427356421947479,0.5704182386398315,0.0,0.0,-0.009820925071835518,0.14136187732219696,0.1178293377161026,0.0006525407661683857,-6.490763917099684e-05,0.09441136568784714,0.014816522598266602,0.01080331951379776,0.5967300534248352,0.009931444190442562,0.5640706419944763,0.622272789478302,0.0,0.0,-0.0,-0.0534762367606163,0.6248147487640381,-0.01805632747709751,0.6487485766410828,-0.0024623707868158817,0.38235434889793396,0.06116437911987305,0.15191134810447693,0.673741340637207,0.0,0.0,0.5190443992614746,0.06536035984754562,0.5774126052856445,0.007129364646971226,0.5614963173866272,-0.0020082162227481604,0.50606369972229,0.03703555837273598,0.31547096371650696,0.7287423014640808,0.0,0.0,0.04440842568874359,0.25201699137687683,0.20271238684654236,0.0023679439909756184,-0.0005123861483298242,0.5270320773124695,0.058297526091337204,-0.02295518107712269,0.4981953203678131,0.029198057949543,0.43750396370887756,0.5705763101577759,0.0,0.0,-0.00585169717669487,0.11800595372915268,0.0970848798751831,0.0006987673696130514,-4.5165383198764175e-05,0.09441535919904709,0.014802326448261738,0.014345931820571423
trainfit128,107_0.77_1.67.png,0.586705207824707,0.0075814081355929375,0.562813937664032,0.6089052557945251,0.0,0.0,-0.0,-0.056214768439531326,0.6218153238296509,-0.01921290159225464,0.6482384204864502,-0.0013516852632164955,0.5734083652496338,0.31091827154159546,0.013457179069519043,0.9863335490226746,0.0020340236369520426,0.0011556952958926558,0.8340348601341248,0.049016401171684265,0.6333953142166138,0.011147163808345795,0.6386660933494568,-0.0071882265619933605,0.5047957897186279,0.03720540180802345,0.29111868143081665,0.680336058139801,0.0,0.0,0.002594234421849251,0.23218804597854614,0.17856422066688538,0.002577872248366475,-4.904283559881151e-05,0.35957932472229004,0.04534684866666794,-0.028284288942813873,0.5103526711463928,0.029357613995671272,0.4452182948589325,0.5677663683891296,0.0,0.0,-0.013234883546829224,0.15494485199451447,0.12859435379505157,0.000712547276634723,-8.876659558154643e-05,0.05259199067950249,0.010581457987427711,0.01080331951379776,0.5903286337852478,0.008470891043543816,0.5722871422767639,0.6167271733283997,0.0,0.0,-0.0,-0.05357653647661209,0.6230623126029968,-0.018304647877812386,0.6467795968055725,-0.0024623707868158817,0.4496144950389862,0.06879827380180359,0.15330246090888977,0.6755700707435608,0.0,0.0,0.5202918648719788,0.06480889767408371,0.5902541279792786,0.00830716174095869,0.5797709226608276,-0.0020082162227481604,0.5081393718719482,0.04411756992340088,0.2619421184062958,0.7619642615318298,0.0,0.0,0.051932193338871,0.2666448652744293,0.2117515653371811,0.0024923367891460657,-0.0006079848390072584,0.3595678508281708,0.04542854055762291,-0.02295518107712269,0.4983699321746826,0.028812704607844353,0.4423119127750397,0.570344090461731,0.0,0.0,-0.0095365634188056,0.12461737543344498,0.10376416891813278,0.0007465005037374794,-6.807409226894379e-05,0.052597835659980774,0.010598932392895222,0.014345931820571423
trainfit128,1080_0.59_1.22.png,0.5863137245178223,0.008568936958909035,0.5554191470146179,0.6067394614219666,0.0,0.0,0.0035709580406546593,-0.05622033029794693,0.6217143535614014,-0.019227908924221992,0.6481234431266785,-0.0013516852632164955,0.29205748438835144,0.17925569415092468,0.020126935094594955,0.9787705540657043,0.002172707114368677,0.0013868343085050583,0.8040035963058472,0.0539306178689003,0.5666580200195312,0.006133696064352989,0.5473946928977966,-0.0071882265619933605,0.5029058456420898,0.03384201601147652,0.27847740054130554,0.7125474214553833,0.0,0.0,-0.007672647945582867,0.2427034229040146,0.19032269716262817,0.002724445890635252,0.00010597521031741053,0.5269269347190857,0.056701403111219406,-0.028284288942813873,0.5104894042015076,0.02913532964885235,0.4437730312347412,0.5706076622009277,0.0,0.0,-0.015653090551495552,0.13628804683685303,0.11411912739276886,0.0006324423011392355,-9.617325122235343e-05,0.0959719866514206,0.01491987332701683,0.01080331951379776,0.592764675617218,0.009646469727158546,0.5627926588058472,0.619676411151886,0.0,0.0,-0.0,-0.05353836342692375,0.6237301826477051,-0.018210148438811302,0.6475300192832947,-0.0024623707868158817,0.3677608072757721,0.057991061359643936,0.1464589536190033,0.6656998991966248,0.0,0.0,0.49564892053604126,0.06548001617193222,0.574803352355957,0.006873816717416048,0.5577359795570374,-0.0020082162227481604,0.5059654116630554,0.03708649054169655,0.3126020133495331,0.7274821400642395,0.0,0.0,0.046012282371520996,0.2583214044570923,0.20728643238544464,0.002425950951874256,-0.0005378613132052124,0.5267893671989441,0.05669812858104706,-0.02295518107712269,0.49827107787132263,0.029212476685643196,0.43753892183303833,0.5710998177528381,0.0,0.0,-0.007054248824715614,0.11354707181453705,0.09397144615650177,0.0006767867598682642,-5.234542550169863e-05,0.09597760438919067,0.014908798970282078,0.014345931820571423
trainfit128,1081_0.66_1.5.png,0.5863739848136902,0.006921628024429083,0.5617570877075195,0.6107071042060852,0.0,0.0,0.000919351470656693,-0.056219473481178284,0.6217234134674072,-0.019225601106882095,0.6481347680091858,-0.0013516852632164955,0.5425533652305603,0.2983277440071106,0.012801963835954666,0.9880784153938293,0.003004807746037841,0.0008089867187663913,0.7795324921607971,0.049555327743291855,0.6248119473457336,0.010597349144518375,0.6272717118263245,-0.0071882265619933605,0.5043241381645203,0.03473207354545593,0.2885167896747589,0.7002243399620056,0.0,0.0,0.0136985769495368,0.20847323536872864,0.16421423852443695,0.002364898333325982,-0.0002106450847350061,0.3468629717826843,0.04534592106938362,-0.028284288942813873,0.5102810263633728,0.02926216460764408,0.4433116018772125,0.5723136067390442,0.0,0.0,-0.017527621239423752,0.15223760902881622,0.12486501038074493,0.0006932103424333036,-0.00011132451618323103,0.05285061150789261,0.009538557380437851,0.01080331951379776,0.5896850228309631,0.008900328539311886,0.5690078139305115,0.6207639575004578,0.0,0.0,-0.0,-0.053586628288030624,0.6228899359703064,-0.018329614773392677,0.6465853452682495,-0.0024623707868158817,0.43126431107521057,0.06673010438680649,0.13624104857444763,0.6947507262229919,0.0,0.0,0.4487495720386505,0.06495934724807739,0.5865934491157532,0.007985832169651985,0.5746006965637207,-0.0020082162227481604,0.5062152147293091,0.036570459604263306,0.32368990778923035,0.685833752155304,0.0,0.0,0.05455491319298744,0.24150818586349487,0.199020117521286,0.0023270309902727604,-0.000641615828499198,0.34687376022338867,0.04539208114147186,-0.02295518107712269,0.498506098985672,0.02886063978075981,0.44136565923690796,0.572130024433136,0.0,0.0,-0.005579888820648193,0.11543213576078415,0.09958101063966751,0.0007156545761972666,-3.499277227092534e-05,0.05285828560590744,0.00954611785709858,0.014345931820571423
trainfit128,1082_0.94_0.87.png,0.589615523815155,0.006160157732665539,0.5617545247077942,0.6124126315116882,0.0,0.0,0.0003430882643442601,-0.05617346614599228,0.6225954294204712,-0.019101351499557495,0.6491225361824036,-0.0013516852632164955,0.5619685053825378,0.3454102873802185,0.012798035517334938,0.9876497387886047,0.004946375731378794,0.0006934171542525291,0.7517948150634766,0.04921621456742287,0.6350697875022888,0.010943313129246235,0.6405482888221741,-0.0071882265619933605,0.5047321915626526,0.03643300384283066,0.31376537680625916,0.7009115219116211,0.0,0.0,0.003300465876236558,0.22337213158607483,0.1740911453962326,0.002510921098291874,-5.696117295883596e-05,0.3782117962837219,0.043998703360557556,-0.028284288942813873,0.5104092359542847,0.02930394746363163,0.44303247332572937,0.5719437003135681,0.0,0.0,-0.014458803460001945,0.1436612755060196,0.12113714963197708,0.0006713318871334195,-9.30934984353371e-05,0.059485599398612976,0.008463106118142605,0.01080331951379776,0.594080924987793,0.00746944872662425,0.5695668458938599,0.6220672726631165,0.0,0.0,-0.0,-0.053517747670412064,0.6240785717964172,-0.018159089609980583,0.6479230523109436,-0.0024623707868158817,0.43416938185691833,0.08088316023349762,0.13592271506786346,0.6924242973327637,0.0,0.0,0.5663496255874634,0.06493552774190903,0.5875822305679321,0.008036701940000057,0.5759558081626892,-0.0020082162227481604,0.5076204538345337,0.039965301752090454,0.3208756148815155,0.7075968980789185,0.0,0.0,0.0427025631070137,0.2507745623588562,0.2032734751701355,0.002381623489782214,-0.00048705865629017353,0.3783303201198578,0.044095732271671295,-0.02295518107712269,0.49841269850730896,0.028600703924894333,0.4418001174926758,0.5704455971717834,0.0,0.0,-0.00940742064267397,0.11735214293003082,0.09856283664703369,0.0007086097029969096,-6.861652218503878e-05,0.0594990998506546,0.008464199490845203,0.014345931820571423
trainfit128,1083_0.67_0.81.png,0.5833244919776917,0.006630617659538984,0.5569641590118408,0.6076264977455139,0.0,0.0,0.0021899074781686068,-0.05626276880502701,0.6209036707878113,-0.019342489540576935,0.6472058296203613,-0.0013516852632164955,0.5009784698486328,0.3107757270336151,0.012499435804784298,0.9910168647766113,0.006957285571843386,0.0008552144863642752,0.8124523162841797,0.050281498581171036,0.6171829104423523,0.0098565137013793,0.6168133616447449,-0.0071882265619933605,0.505048930644989,0.038362134248018265,0.28794750571250916,0.7202780246734619,0.0,0.0,-0.006235712673515081,0.2429392784833908,0.1929909586906433,0.0027874165680259466,6.485075573436916e-05,0.3819088935852051,0.04153662547469139,-0.028284288942813873,0.5104138255119324,0.02918039634823799,0.44284287095069885,0.5729207992553711,0.0,0.0,-0.022553540766239166,0.1419525295495987,0.11996573209762573,0.0006660983781330287,-0.00013672906788997352,0.06181039661169052,0.008140993304550648,0.01080331951379776,0.5877936482429504,0.00851894449442625,0.5680418014526367,0.6188802719116211,0.0,0.0,-0.0,-0.05361625924706459,0.6223765015602112,-0.018402982503175735,0.6460075974464417,-0.0024623707868158817,0.4120549261569977,0.0729227140545845,0.13467593491077423,0.7084487676620483,0.0,0.0,0.48505985736846924,0.06511684507131577,0.5831227898597717,0.007649454288184643,0.5696448087692261,-0.0020082162227481604,0.508170485496521,0.04248565062880516,0.31957411766052246,0.7074671983718872,0.0,0.0,0.057907961308956146,0.27280330657958984,0.22588984668254852,0.002660216297954321,-0.0006955700810067356,0.3819124102592468,0.04159072786569595,-0.02295518107712269,0.4985033869743347,0.02867087908089161,0.4412440061569214,0.5718843936920166,0.0,0.0,-0.013945570215582848,0.11570215970277786,0.09697127342224121,0.0006982251070439816,-0.00010085599933518097,0.06181733310222626,0.008138690143823624,0.014345931820571423
trainfit128,1084_0.81_1.75.png,0.591342031955719,0.0067497482523322105,0.5631386041641235,0.6145041584968567,0.0,0.0,-0.0,-0.0561489574611187,0.6230652928352356,-0.019035175442695618,0.6496538519859314,-0.0013516852632164955,0.6085999011993408,0.31772634387016296,0.013218024745583534,0.9855599403381348,0.002634985139593482,0.0006934171542525291,0.7544544339179993,0.04840172454714775,0.6426400542259216,0.01177425030618906,0.6509124636650085,-0.0071882265619933605,0.504137396812439,0.03364481404423714,0.30820998549461365,0.6867092251777649,0.0,0.0,0.020151905715465546,0.20144174993038177,0.1561426818370819,0.0022453749552369118,-0.0002911383053287864,0.33667194843292236,0.04830433800816536,-0.028284288942813873,0.5102457404136658,0.029416410252451897,0.4434153437614441,0.5713140964508057,0.0,0.0,-0.01037372276186943,0.1594584584236145,0.1314058154821396,0.000727583363186568,-7.339580042753369e-05,0.04934673383831978,0.010413351468741894,0.01080331951379776,0.5943771600723267,0.008280771784484386,0.569558322429657,0.6239559054374695,0.0,0.0,-0.0,-0.05351309850811958,0.6241629123687744,-0.018147602677345276,0.6480174660682678,-0.0024623707868158817,0.45482099056243896,0.07276096194982529,0.14076970517635345,0.6840431094169617,0.0,0.0,0.5100606679916382,0.06476619839668274,0.5914109945297241,0.008398332633078098,0.5813891291618347,-0.0020082162227481604,0.505824863910675,0.0353241004049778,0.32144027948379517,0.6863850355148315,0.0,0.0,0.042869992554187775,0.22806769609451294,0.18558244407176971,0.0021655401214957237,-0.0004893467994406819,0.33668598532676697,0.04835642874240875,-0.02295518107712269,0.498394638299942,0.028820734471082687,0.4420623183250427,0.5709507465362549,0.0,0.0,-0.0012726614950224757,0.12142102420330048,0.10518836230039597,0.0007550697773694992,-3.1079819109436357e-06,0.04935482516884804,0.010427708737552166,0.014345931820571423
trainfit128,1085_0.71_1.3.png,0.5883641242980957,0.00827634148299694,0.5536569952964783,0.6089093089103699,0.0,0.0,0.0064941211603581905,-0.05619122460484505,0.622265636920929,-0.01914932020008564,0.6487480401992798,-0.0013516852632164955,0.4338688552379608,0.2406655251979828,0.026489373296499252,0.9891703724861145,0.0013406064826995134,0.011880547739565372,0.9325604438781738,0.051453664898872375,0.5958511829376221,0.00866067223250866,0.5882731080055237,-0.0071882265619933605,0.5025423765182495,0.03383881226181984,0.29108449816703796,0.7094231247901917,0.0,0.0,-0.00811335351318121,0.24073925614356995,0.1921902298927307,0.0027456299867480993,0.00012067803618265316,0.48057833313941956,0.056885577738285065,-0.028284288942813873,0.5104155540466309,0.02935859188437462,0.4430697560310364,0.5703842639923096,0.0,0.0,-0.013716821558773518,0.15542615950107574,0.1288285106420517,0.0007135398336686194,-8.92336611286737e-05,0.1030810996890068,0.019801683723926544,0.01080331951379776,0.594852864742279,0.008296092972159386,0.5636830925941467,0.6168118715286255,0.0,0.0,-0.0,-0.05350565165281296,0.6242929100990295,-0.018129143863916397,0.6481634974479675,-0.0024623707868158817,0.4078942835330963,0.0695611760020256,0.203057199716568,0.706535816192627,0.0,0.0,0.5387505888938904,0.06515096127986908,0.5822513103485107,0.007576595991849899,0.5684119462966919,-0.0020082162227481604,0.5053172707557678,0.03566819801926613,0.2842446267604828,0.7522023916244507,0.0,0.0,0.041544269770383835,0.2598092555999756,0.21120908856391907,0.002463113283738494,-0.00047600737889297307,0.4804907739162445,0.05686319246888161,-0.02295518107712269,0.49814465641975403,0.029272491112351418,0.4401763379573822,0.5728421211242676,0.0,0.0,-0.008633146993815899,0.11949536204338074,0.09771570563316345,0.0007021815399639308,-6.233239400899038e-05,0.10309729725122452,0.019794272258877754,0.014345931820571423
trainfit128,1086_0.6_0.76.png,0.582908034324646,0.008522204123437405,0.5444192886352539,0.6046527028083801,0.0,0.0,0.029854150488972664,-0.05626867711544037,0.6208001971244812,-0.019358452409505844,0.6470872759819031,-0.0013516852632164955,0.34144532680511475,0.24614635109901428,0.014921466819941998,0.9923173189163208,0.010123890824615955,0.01363720465451479,0.8913499712944031,0.05306798219680786,0.5801198482513428,0.007013751193881035,0.5660284757614136,-0.0071882265619933605,0.5024515986442566,0.03690759092569351,0.24794980883598328,0.7226032614707947,0.0,0.0,-0.024586113169789314,0.27482742071151733,0.21902917325496674,0.003128861542791128,0.0003540612815413624,0.5626251697540283,0.05675547197461128,-0.028284288942813873,0.5105255246162415,0.029277976602315903,0.44327518343925476,0.5729714035987854,0.0,0.0,-0.021750811487436295,0.1577935665845871,0.13096930086612701,0.0007262703729793429,-0.00013076690083835274,0.12990057468414307,0.018710587173700333,0.01080331951379776,0.5902439951896667,0.008607716299593449,0.5587844848632812,0.612960159778595,0.0,0.0,0.000919351470656693,-0.053577862679958344,0.6230400204658508,-0.01830792985856533,0.6467544436454773,-0.0024623707868158817,0.3703461289405823,0.07931352406740189,0.14337831735610962,0.7243857383728027,0.0,0.0,0.5698365569114685,0.06545881927013397,0.5758551955223083,0.006919090170413256,0.5591816902160645,-0.0020082162227481604,0.506320059299469,0.039339352399110794,0.2879387140274048,0.7452443838119507,0.0,0.0,0.051526911556720734,0.3055081069469452,0.24858175218105316,0.0029098258819431067,-0.0006032387027516961,0.5626004934310913,0.056789714843034744,-0.02295518107712269,0.4981556832790375,0.029216045513749123,0.4388478696346283,0.575323224067688,0.0,0.0,-0.015664784237742424,0.12786315381526947,0.10728898644447327,0.0007741765002720058,-0.00011717260349541903,0.12994442880153656,0.018710311502218246,0.014345931820571423
trainfit128,1087_0.68_1.22.png,0.5871694087982178,0.00830054935067892,0.5516054034233093,0.6076931953430176,0.0,0.0,0.008987023495137691,-0.05620818957686424,0.6219435334205627,-0.019195111468434334,0.6483831405639648,-0.0013516852632164955,0.4121081233024597,0.23980490863323212,0.027408426627516747,0.9893214702606201,0.0012943786568939686,0.010493713431060314,0.9236037731170654,0.051833752542734146,0.5916567444801331,0.008272909559309483,0.5824330449104309,-0.0071882265619933605,0.5025071501731873,0.03409956768155098,0.28875941038131714,0.7131038904190063,0.0,0.0,-0.010325648821890354,0.24443750083446503,0.19495338201522827,0.0027849951293319464,0.00015167791571002454,0.49048909544944763,0.056497711688280106,-0.028284288942813873,0.510432779788971,0.029334891587495804,0.4435677230358124,0.5706644058227539,0.0,0.0,-0.015263738110661507,0.15451666712760925,0.12808914482593536,0.0007097061607055366,-9.731061436468735e-05,0.10658891499042511,0.019630471244454384,0.01080331951379776,0.593787670135498,0.008333943784236908,0.5625170469284058,0.6154883503913879,0.0,0.0,-0.0,-0.053522348403930664,0.6240023374557495,-0.018170466646552086,0.6478368639945984,-0.0024623707868158817,0.4009827971458435,0.07005201280117035,0.20440755784511566,0.7084190249443054,0.0,0.0,0.5372228026390076,0.06520763039588928,0.5809946656227112,0.007455567829310894,0.5666130185127258,-0.0020082162227481604,0.5053938627243042,0.035972584038972855,0.2867695987224579,0.7492654323577881,0.0,0.0,0.04297299310564995,0.265855997800827,0.21612143516540527,0.002521525602787733,-0.0004941429942846298,0.49041587114334106,0.056479718536138535,-0.02295518107712269,0.49816447496414185,0.029263436794281006,0.44006749987602234,0.5729733109474182,0.0,0.0,-0.00970473699271679,0.1197335496544838,0.0980493426322937,0.0007050535641610622,-7.054131856421009e-05,0.10661076754331589,0.019626928493380547,0.014345931820571423
trainfit128,1088_0.57_0.97.png,0.5835649967193604,0.008392388932406902,0.5462371110916138,0.6049163937568665,0.0,0.0,0.02303280681371689,-0.05625934898853302,0.6209754943847656,-0.019333267584443092,0.6472861170768738,-0.0013516852632164955,0.34911999106407166,0.23533475399017334,0.019491685554385185,0.9903988838195801,0.004460983909666538,0.008482803590595722,0.889691174030304,0.05293392390012741,0.5802658796310425,0.007150507532060146,0.5663838386535645,-0.0071882265619933605,0.5024539232254028,0.03549043461680412,0.272299200296402,0.7292594909667969,0.0,0.0,-0.0191141776740551,0.26272016763687134,0.20920684933662415,0.002988726133480668,0.00027539292932488024,0.5279912352561951,0.056102167814970016,-0.028284288942813873,0.5104848742485046,0.029271986335515976,0.44356343150138855,0.5712132453918457,0.0,0.0,-0.020647699013352394,0.15387965738773346,0.12789170444011688,0.0007091706502251327,-0.00012547793448902667,0.1192375048995018,0.019231297075748444,0.01080331951379776,0.5906092524528503,0.0084903659299016,0.5583927631378174,0.6128275394439697,0.0,0.0,0.0014470878522843122,-0.0535721480846405,0.6231385469436646,-0.01829376444220543,0.6468653678894043,-0.0024623707868158817,0.3782559037208557,0.07295561581850052,0.16928784549236298,0.714583694934845,0.0,0.0,0.5421127080917358,0.06539396941661835,0.5770223736763,0.007057596929371357,0.5608932971954346,-0.0020082162227481604,0.5058278441429138,0.037606071680784225,0.28908926248550415,0.7422174215316772,0.0,0.0,0.048764750361442566,0.28961092233657837,0.23579752445220947,0.0027571963146328926,-0.0005686737131327391,0.5279527902603149,0.05609780550003052,-0.02295518107712269,0.4981871545314789,0.02924858219921589,0.43969589471817017,0.5749687552452087,0.0,0.0,-0.013549731113016605,0.1226506382226944,0.10162066668272018,0.0007322509190998971,-9.983564086724073e-05,0.11927418410778046,0.019230304285883904,0.014345931820571423
trainfit128,1089_0.76_1.23.png,0.5888206362724304,0.00919655617326498,0.5620121359825134,0.6077536940574646,0.0,0.0,0.0035709580406546593,-0.05618474632501602,0.6223934888839722,-0.019131820648908615,0.6488920450210571,-0.0013516852632164955,0.47406673431396484,0.2921808063983917,0.020806189626455307,0.9863098859786987,0.0008321006316691637,0.1136048436164856,0.9209280610084534,0.05075155198574066,0.609358012676239,0.009376966394484043,0.6063435673713684,-0.0071882265619933605,0.504233181476593,0.03628070652484894,0.3480735719203949,0.664870023727417,0.0,0.0,-0.0053815352730453014,0.23285363614559174,0.18680943548679352,0.002685871673747897,7.451992860296741e-05,0.4055747389793396,0.041453566402196884,-0.028284288942813873,0.5105448961257935,0.029369693249464035,0.44534385204315186,0.5736185312271118,0.0,0.0,-0.007229994982481003,0.16140273213386536,0.13149140775203705,0.0007286184118129313,-5.242949555395171e-05,0.05228349566459656,0.007399453315883875,0.01080331951379776,0.594817042350769,0.009730410762131214,0.5694797039031982,0.6201371550559998,0.0,0.0,-0.0,-0.053506214171648026,0.6242903470993042,-0.018130533397197723,0.6481595635414124,-0.0024623707868158817,0.43433159589767456,0.0834159255027771,0.1881176233291626,0.6486468315124512,0.0,0.0,0.5882418155670166,0.06493419408798218,0.5876985192298889,0.008039543405175209,0.576111376285553,-0.0020082162227481604,0.5081645250320435,0.04245254397392273,0.2935957908630371,0.7252644896507263,0.0,0.0,0.03854091838002205,0.2658425569534302,0.21599526703357697,0.0025232264306396246,-0.00042676005978137255,0.40559226274490356,0.04144015908241272,-0.02295518107712269,0.4982823431491852,0.029032031074166298,0.44548168778419495,0.5717654228210449,0.0,0.0,-0.011042616330087185,0.1358688771724701,0.11321301758289337,0.0008168030180968344,-8.733136928640306e-05,0.05227300152182579,0.007399248890578747,0.014345931820571423
trainfit128,108_0.96_0.98.png,0.5861073136329651,0.007431342266499996,0.5625441074371338,0.6093270182609558,0.0,0.0,-0.0,-0.05622326582670212,0.6216537356376648,-0.019235819578170776,0.6480555534362793,-0.0013516852632164955,0.5398709774017334,0.3393477499485016,0.017744841054081917,0.987883985042572,0.0030510355718433857,0.024847447872161865,0.8393083810806274,0.04960218071937561,0.6292698383331299,0.010549550876021385,0.6328343749046326,-0.0071882265619933605,0.505314826965332,0.039885200560092926,0.29086899757385254,0.6908483505249023,0.0,0.0,-0.014026425778865814,0.2604035437107086,0.20441459119319916,0.00295478873886168,0.0001823477359721437,0.39142364263534546,0.04419140890240669,-0.028284288942813873,0.5104647278785706,0.029296929016709328,0.44565725326538086,0.5686830878257751,0.0,0.0,-0.016322873532772064,0.15254680812358856,0.12713338434696198,0.0007049735868349671,-0.00010381158790551126,0.05934297293424606,0.009607098996639252,0.01080331951379776,0.5907517671585083,0.008394820615649223,0.5719656348228455,0.619223952293396,0.0,0.0,-0.0,-0.053569912910461426,0.6231768131256104,-0.018288232386112213,0.6469084024429321,-0.0024623707868158817,0.4385155141353607,0.07946065813302994,0.1691061407327652,0.6839244365692139,0.0,0.0,0.5562923550605774,0.06489989906549454,0.5883827209472656,0.008112805895507336,0.5770938396453857,-0.0020082162227481604,0.5102769732475281,0.05186166614294052,0.25999417901039124,0.776536762714386,0.0,0.0,0.05489245429635048,0.2918436825275421,0.23192033171653748,0.002741124713793397,-0.0006516167777590454,0.3914262354373932,0.04430453106760979,-0.02295518107712269,0.498375803232193,0.028657762333750725,0.4435744285583496,0.5696101188659668,0.0,0.0,-0.015202248468995094,0.1283329278230667,0.10804924368858337,0.0007787320646457374,-0.00011402104428270832,0.05934368818998337,0.009619846008718014,0.014345931820571423
trainfit128,1090_0.54_0.58.png,0.5827454328536987,0.008669729344546795,0.5548466444015503,0.5993641018867493,0.0,0.0,0.07520780712366104,-0.05627098307013512,0.6207573413848877,-0.01936468295753002,0.6470386385917664,-0.0013516852632164955,0.36516398191452026,0.2802888751029968,0.025960391387343407,0.9860711693763733,0.001964682014659047,0.09691660851240158,0.8495941162109375,0.05265369638800621,0.5877229571342468,0.0074364012107253075,0.5763737559318542,-0.0071882265619933605,0.5046830177307129,0.0393807627260685,0.33485329151153564,0.6838041543960571,0.0,0.0,-0.03639620915055275,0.301519513130188,0.24458859860897064,0.003523473162204027,0.0005083126598037779,0.42965003848075867,0.042721908539533615,-0.028284288942813873,0.5106821656227112,0.029238203540444374,0.4469764530658722,0.5747823119163513,0.0,0.0,-0.015939295291900635,0.17153069376945496,0.13943931460380554,0.0007746780756860971,-9.763441630639136e-05,0.061528611928224564,0.007554726675152779,0.01080331951379776,0.5905839204788208,0.009572132490575314,0.5652801394462585,0.6138378977775574,0.0,0.0,-0.0,-0.05357253551483154,0.6231371164321899,-0.018294740468263626,0.6468629837036133,-0.0024623707868158817,0.40324127674102783,0.08874240517616272,0.18402199447155,0.6496442556381226,0.0,0.0,0.5965351462364197,0.06518911570310593,0.5820190906524658,0.0074951183050870895,0.5680077075958252,-0.0020082162227481604,0.510811984539032,0.05450179800391197,0.29104259610176086,0.7599151730537415,0.0,0.0,0.05340590327978134,0.32357972860336304,0.26696670055389404,0.003153458936139941,-0.0006283161346800625,0.42966845631599426,0.04274329915642738,-0.02295518107712269,0.49831265211105347,0.02894209325313568,0.4455873966217041,0.5727595090866089,0.0,0.0,-0.018933400511741638,0.1574910283088684,0.13481108844280243,0.0009783345740288496,-0.00015137155423872173,0.06152377650141716,0.007538255304098129,0.014345931820571423
trainfit128,1091_0.79_1.01.png,0.5872998833656311,0.008973568677902222,0.5605838298797607,0.6046767234802246,0.0,0.0,0.03583666682243347,-0.05620632693171501,0.6219819188117981,-0.0191901084035635,0.6484262347221375,-0.0013516852632164955,0.44413718581199646,0.2899273931980133,0.023125402629375458,0.9878081679344177,0.0008321006316691637,0.11143214255571365,0.9045961499214172,0.051274318248033524,0.6031271815299988,0.00884364265948534,0.5977940559387207,-0.0071882265619933605,0.5044017434120178,0.03703223913908005,0.3589777648448944,0.66468346118927,0.0,0.0,-0.012432696297764778,0.2398916631937027,0.19268798828125,0.0027724565006792545,0.0001710605574771762,0.40798598527908325,0.04037351906299591,-0.028284288942813873,0.5105720162391663,0.02932221069931984,0.4461560845375061,0.5728089809417725,0.0,0.0,-0.009759300388395786,0.1613093912601471,0.1311267614364624,0.0007271353388205171,-6.563196802744642e-05,0.05361335724592209,0.007098677568137646,0.01080331951379776,0.5934855937957764,0.00942972581833601,0.5689899921417236,0.6172667145729065,0.0,0.0,-0.0,-0.05352707579731941,0.6239253282546997,-0.018182184547185898,0.647749662399292,-0.0024623707868158817,0.42697328329086304,0.08604057133197784,0.19188958406448364,0.6564044952392578,0.0,0.0,0.5903964638710022,0.06499452888965607,0.5863701701164246,0.007910690270364285,0.5742179751396179,-0.0020082162227481604,0.5089491605758667,0.045314665883779526,0.3009810447692871,0.7254372835159302,0.0,0.0,0.042436081916093826,0.2703017592430115,0.22005930542945862,0.0025768571067601442,-0.00047933420864865184,0.40802186727523804,0.04038522019982338,-0.02295518107712269,0.49830570816993713,0.029000137001276016,0.44593602418899536,0.5712245106697083,0.0,0.0,-0.012875649146735668,0.13747963309288025,0.11570577323436737,0.0008361831423826516,-0.00010174993803957477,0.053600750863552094,0.007095668464899063,0.014345931820571423
trainfit128,1092_0.84_1.93.png,0.5924748778343201,0.008918696083128452,0.564156174659729,0.6135984659194946,0.0,0.0,-0.0,-0.05613287165760994,0.6233823895454407,-0.018991753458976746,0.6500110626220703,-0.0013516852632164955,0.5680732727050781,0.29423218965530396,0.01822497695684433,0.9856642484664917,0.000739644980058074,0.12849019467830658,0.9309272766113281,0.04910958185791969,0.6302074193954468,0.011052094399929047,0.6345592141151428,-0.0071882265619933605,0.5040828585624695,0.03521730750799179,0.35453054308891296,0.6499804854393005,0.0,0.0,0.008268808014690876,0.21853163838386536,0.17583192884922028,0.00252811168320477,-0.0001158748782472685,0.3870060443878174,0.0434085950255394,-0.028284288942813873,0.5104010701179504,0.02951466664671898,0.44399815797805786,0.5703993439674377,0.0,0.0,-0.001916143693961203,0.1608186662197113,0.13208262622356415,0.0007293520029634237,-2.573344681877643e-05,0.04603080078959465,0.008529051207005978,0.01080331951379776,0.5968543291091919,0.009095652960240841,0.5728858113288879,0.6233042478561401,0.0,0.0,-0.0,-0.053474292159080505,0.6248443722724915,-0.018051505088806152,0.6487825512886047,-0.0024623707868158817,0.459900438785553,0.08042030781507492,0.18104341626167297,0.6497920155525208,0.0,0.0,0.5787085890769958,0.06472455710172653,0.5926744937896729,0.0084872767329216,0.5831420421600342,-0.0020082162227481604,0.5071108341217041,0.038592539727687836,0.2948065400123596,0.7361775040626526,0.0,0.0,0.030797529965639114,0.23506823182106018,0.1909494400024414,0.002228054217994213,-0.00033525764592923224,0.38692551851272583,0.043366771191358566,-0.02295518107712269,0.4981168508529663,0.02915222942829132,0.4449484050273895,0.5702975392341614,0.0,0.0,-0.00523728271946311,0.12784914672374725,0.10464426875114441,0.0007511004223488271,-3.979728353442624e-05,0.04601633548736572,0.008538286201655865,0.014345931820571423
trainfit128,1093_0.65_1.34.png,0.5812797546386719,0.009093065746128559,0.5575119256973267,0.609874427318573,0.0,0.0,0.002662937855347991,-0.056291788816452026,0.6203678250312805,-0.019420862197875977,0.646596372127533,-0.0013516852632164955,0.5178154110908508,0.30470773577690125,0.012724840082228184,0.9769187569618225,0.00656434940174222,0.0004391641996335238,0.8621936440467834,0.04998740926384926,0.6200725436210632,0.010156537406146526,0.6208029389381409,-0.0071882265619933605,0.5051472783088684,0.04035959392786026,0.28501027822494507,0.7009181976318359,0.0,0.0,-0.018636515364050865,0.260211318731308,0.20479363203048706,0.002957998076453805,0.0002493670326657593,0.3874329924583435,0.04532717168331146,-0.028284288942813873,0.5103687047958374,0.029317839071154594,0.4460614323616028,0.5706411004066467,0.0,0.0,-0.019108179956674576,0.16451096534729004,0.13413017988204956,0.0007442065980285406,-0.00012074174446752295,0.061484720557928085,0.010505983605980873,0.01080331951379776,0.5852105021476746,0.011125199496746063,0.5686236619949341,0.6252560019493103,0.0,0.0,0.0003430882643442601,-0.05365673825144768,0.6216945052146912,-0.018503189086914062,0.6452374458312988,-0.0024623707868158817,0.43397295475006104,0.07629505544900894,0.14668934047222137,0.648032546043396,0.0,0.0,0.5420851707458496,0.06493714451789856,0.5873970985412598,0.008033259771764278,0.5757094621658325,-0.0020082162227481604,0.5080116987228394,0.043192483484745026,0.30318623781204224,0.7379388213157654,0.0,0.0,0.05764620378613472,0.3049681782722473,0.2517864406108856,0.0029682873282581568,-0.000693917681928724,0.3873920440673828,0.045291442424058914,-0.02295518107712269,0.49848446249961853,0.029039112851023674,0.44148775935173035,0.57203209400177,0.0,0.0,-0.014131286181509495,0.12838740646839142,0.10433710366487503,0.0007519836071878672,-0.00010217623639618978,0.06149635091423988,0.010501622222363949,0.014345931820571423
trainfit128,1094_0.77_1.07.png,0.5840749740600586,0.008724995888769627,0.5584964156150818,0.6116107106208801,0.0,0.0,0.0021899074781686068,-0.05625210702419281,0.6211137175559998,-0.019313719123601913,0.647442638874054,-0.0013516852632164955,0.5324326157569885,0.3311484456062317,0.01218297891318798,0.9773446917533875,0.007650702726095915,0.0007165310671553016,0.8064813613891602,0.04973209649324417,0.6265544891357422,0.01041700504720211,0.6292704939842224,-0.0071882265619933605,0.5053633451461792,0.04094541072845459,0.29772502183914185,0.6884679794311523,0.0,0.0,-0.024962835013866425,0.2587965130805969,0.20449279248714447,0.002957023913040757,0.00034218933433294296,0.4002249538898468,0.04409364238381386,-0.028284288942813873,0.510410726070404,0.02934335730969906,0.44639524817466736,0.5704272389411926,0.0,0.0,-0.01679144613444805,0.16331128776073456,0.1339874267578125,0.00074300094274804,-0.00010746878251666203,0.06499963998794556,0.009908520616590977,0.01080331951379776,0.5880865454673767,0.01044001430273056,0.5701087713241577,0.626349151134491,0.0,0.0,0.0006399456178769469,-0.05361167713999748,0.6224657297134399,-0.01839161477982998,0.6461067199707031,-0.0024623707868158817,0.44289863109588623,0.08922537416219711,0.14524251222610474,0.6680806875228882,0.0,0.0,0.5476657748222351,0.06486395746469498,0.5895780324935913,0.008189558982849121,0.5787477493286133,-0.0020082162227481604,0.5088065266609192,0.04561862349510193,0.29572924971580505,0.7493572235107422,0.0,0.0,0.05600234121084213,0.29553133249282837,0.24226650595664978,0.0028593086171895266,-0.0006698683719150722,0.40020301938056946,0.04406797140836716,-0.02295518107712269,0.49839696288108826,0.02893432229757309,0.44142547249794006,0.5717102289199829,0.0,0.0,-0.015224152244627476,0.1291552186012268,0.10601219534873962,0.0007643505814485252,-0.0001131756798713468,0.06501367688179016,0.009902337566018105,0.014345931820571423
trainfit128,1095_0.9_0.64.png,0.5833292603492737,0.008418289944529533,0.5588475465774536,0.6103362441062927,0.0,0.0,0.0019473518477752805,-0.05626269429922104,0.620912492275238,-0.01934230327606201,0.6472146511077881,-0.0013516852632164955,0.5079842209815979,0.35104167461395264,0.010777757503092289,0.9788665175437927,0.011117788963019848,0.03672799468040466,0.8577902317047119,0.05015913397073746,0.6238811612129211,0.009981352835893631,0.625420868396759,-0.0071882265619933605,0.5058177709579468,0.0431244932115078,0.2739466726779938,0.7100250124931335,0.0,0.0,-0.04031291604042053,0.28651395440101624,0.23039788007736206,0.003334083128720522,0.0005579236312769353,0.4195125102996826,0.04445629566907883,-0.028284288942813873,0.5104787945747375,0.02930483967065811,0.4461836516857147,0.5702441334724426,0.0,0.0,-0.01919686049222946,0.16632330417633057,0.13631074130535126,0.0007564196130260825,-0.00011957657261518762,0.07128399610519409,0.009348367340862751,0.01080331951379776,0.5877705812454224,0.009912610054016113,0.5694498419761658,0.6241485476493835,0.0,0.0,-0.0,-0.05361662432551384,0.6223773956298828,-0.018403878435492516,0.6460075974464417,-0.0024623707868158817,0.4379056692123413,0.10046452283859253,0.13858288526535034,0.685039222240448,0.0,0.0,0.6216607093811035,0.06490489095449448,0.5890322923660278,0.00810212828218937,0.5779302716255188,-0.0020082162227481604,0.5105990767478943,0.052453551441431046,0.27709680795669556,0.768817126750946,0.0,0.0,0.060582030564546585,0.3171234130859375,0.2616867125034332,0.00310421921312809,-0.000738927919883281,0.41952207684516907,0.04445701837539673,-0.02295518107712269,0.49837130308151245,0.02884615585207939,0.44187095761299133,0.5725265741348267,0.0,0.0,-0.01925353892147541,0.13540759682655334,0.11549616605043411,0.0008347133407369256,-0.0001460929197492078,0.0712994784116745,0.009341884404420853,0.014345931820571423
trainfit128,1096_0.72_0.86.png,0.5815215706825256,0.008882149122655392,0.5580441355705261,0.6096142530441284,0.0,0.0,0.002662937855347991,-0.056288354098796844,0.6204313635826111,-0.019411595538258553,0.6466686129570007,-0.0013516852632164955,0.5080267786979675,0.3348133862018585,0.010722904466092587,0.9792140126228333,0.009962093085050583,0.0006471893284469843,0.7952826023101807,0.05015838146209717,0.621722400188446,0.009982108138501644,0.6226951479911804,-0.0071882265619933605,0.5056294798851013,0.04258064925670624,0.289610892534256,0.6993860006332397,0.0,0.0,-0.03497127816081047,0.2823638319969177,0.22531040012836456,0.003258420154452324,0.0004817471490241587,0.4123345613479614,0.044503770768642426,-0.028284288942813873,0.5104448795318604,0.029292386025190353,0.44642922282218933,0.570497989654541,0.0,0.0,-0.020265333354473114,0.1640956699848175,0.1351708620786667,0.000750294013414532,-0.00012600570335052907,0.0687796100974083,0.009579820558428764,0.01080331951379776,0.5859225392341614,0.010638779029250145,0.569620668888092,0.6256446242332458,0.0,0.0,0.0006399456178769469,-0.05364557355642319,0.62188321352005,-0.01847556233406067,0.6454504728317261,-0.0024623707868158817,0.4331669509410858,0.0898265466094017,0.1375882923603058,0.6686689257621765,0.0,0.0,0.5566179156303406,0.06494374573230743,0.5876989960670471,0.008019146509468555,0.5760875344276428,-0.0020082162227481604,0.5096126794815063,0.04898112267255783,0.29204240441322327,0.7521140575408936,0.0,0.0,0.06172898784279823,0.32196539640426636,0.26750239729881287,0.003169195493683219,-0.0007508471026085317,0.4123265743255615,0.04448782280087471,-0.02295518107712269,0.4984191358089447,0.028918420895934105,0.4413910508155823,0.572339653968811,0.0,0.0,-0.0186266228556633,0.13224518299102783,0.11020434647798538,0.0007957968628033996,-0.00013940561620984226,0.06879277527332306,0.009573708288371563,0.014345931820571423
trainfit128,1097_0.85_1.71.png,0.5864719152450562,0.007648790255188942,0.5552701950073242,0.6081187725067139,0.0,0.0,0.009906143881380558,-0.056218091398477554,0.6217527985572815,-0.019221849739551544,0.648167610168457,-0.0013516852632164955,0.5414016842842102,0.2840074896812439,0.008997606113553047,0.99053955078125,0.007881841622292995,0.002057137666270137,0.78395015001297,0.04957544058561325,0.6229303479194641,0.010576827451586723,0.6248761415481567,-0.0071882265619933605,0.5054935216903687,0.04203781858086586,0.26655957102775574,0.7604659795761108,0.0,0.0,-0.0065940264612436295,0.2974854111671448,0.2250664383172989,0.00325209298171103,7.941534568089992e-05,0.3982886075973511,0.05451856926083565,-0.028284288942813873,0.5104222297668457,0.029271217063069344,0.44594210386276245,0.5748752355575562,0.0,0.0,-0.0185854509472847,0.1508808135986328,0.12741445004940033,0.0007077327463775873,-0.00011703686323016882,0.060885343700647354,0.011282266117632389,0.01080331951379776,0.5909333825111389,0.007320308592170477,0.5675828456878662,0.6215540766716003,0.0,0.0,-0.0,-0.053567074239254,0.6232213973999023,-0.018281184136867523,0.6469592452049255,-0.0024623707868158817,0.4274198114871979,0.06571488082408905,0.13673615455627441,0.7105598449707031,0.0,0.0,0.4572734534740448,0.06499087065458298,0.5858255624771118,0.007918509654700756,0.5735141038894653,-0.0020082162227481604,0.5094771385192871,0.05563264340162277,0.19627510011196136,0.8483096957206726,0.0,0.0,0.06887917965650558,0.33374595642089844,0.2657437324523926,0.0031506752129644156,-0.000823307316750288,0.39827412366867065,0.0546143501996994,-0.02295518107712269,0.49837398529052734,0.02861933782696724,0.4431772232055664,0.5718761682510376,0.0,0.0,-0.013307536020874977,0.13461421430110931,0.11392011493444443,0.0008214141125790775,-9.841880819294602e-05,0.06089235842227936,0.0112978620454669,0.014345931820571423
trainfit128,1098_0.8_0.51.png,0.578434407711029,0.0059515926986932755,0.5428236126899719,0.6021754145622253,0.0,0.0,0.02303280681371689,-0.056332170963287354,0.6195970773696899,-0.019529927521944046,0.6457234025001526,-0.0013516852632164955,0.4334235191345215,0.20656879246234894,0.004706647712737322,0.9966399669647217,0.031943418085575104,0.0026580991689115763,0.8823263645172119,0.051461439579725266,0.592652440071106,0.008652734570205212,0.5841601490974426,-0.0071882265619933605,0.5067439675331116,0.04915338009595871,0.22216802835464478,0.7711639404296875,0.0,0.0,-0.03929779678583145,0.36212578415870667,0.2919900119304657,0.004225284792482853,0.0005293782451190054,0.4379865229129791,0.05028998851776123,-0.028284288942813873,0.5106093883514404,0.029159648343920708,0.44599735736846924,0.5783768892288208,0.0,0.0,-0.028185850009322166,0.15038488805294037,0.12671896815299988,0.0007050022250041366,-0.00016715026868041605,0.07170271128416061,0.009951799176633358,0.01080331951379776,0.5849452614784241,0.00674457149580121,0.5617552995681763,0.6192868947982788,0.0,0.0,0.0003430882643442601,-0.05366090312600136,0.621601402759552,-0.018513474613428116,0.6451355218887329,-0.0024623707868158817,0.3897990882396698,0.06385297328233719,0.09580455720424652,0.7506540417671204,0.0,0.0,0.46171021461486816,0.06529932469129562,0.5788027048110962,0.007259731646627188,0.5634887218475342,-0.0020082162227481604,0.5130215287208557,0.06749463826417923,0.2233828753232956,0.8500007390975952,0.0,0.0,0.07974929362535477,0.3978135585784912,0.33234989643096924,0.003968857694417238,-0.001003000303171575,0.4379143714904785,0.05030766502022743,-0.02295518107712269,0.49839404225349426,0.028480559587478638,0.44112396240234375,0.5766061544418335,0.0,0.0,-0.02334403805434704,0.14378225803375244,0.12498205900192261,0.000902991509065032,-0.00017704631318338215,0.07173915952444077,0.009951192885637283,0.014345931820571423
trainfit128,1099_0.54_1.76.png,0.5774192214012146,0.007102321367710829,0.5413431525230408,0.6003953814506531,0.0,0.0,0.05140910670161247,-0.0563465841114521,0.6193318367004395,-0.01956884376704693,0.64542156457901,-0.0013516852632164955,0.3929436206817627,0.17158517241477966,0.005698451306670904,0.9894042015075684,0.021102996543049812,0.0015024038730189204,0.7861762642860413,0.052168481051921844,0.5823580026626587,0.007931411266326904,0.5700372457504272,-0.0071882265619933605,0.5057247877120972,0.04520319402217865,0.24285432696342468,0.7518770694732666,0.0,0.0,-0.01415582001209259,0.33304768800735474,0.261649489402771,0.003778985934332013,0.00018112090765498579,0.4085654616355896,0.05623386427760124,-0.028284288942813873,0.5104374885559082,0.029134266078472137,0.4459492266178131,0.5778224468231201,0.0,0.0,-0.028679165989160538,0.15400318801403046,0.12874747812747955,0.0007166432915255427,-0.0001712701196083799,0.06591584533452988,0.01184474490582943,0.01080331951379776,0.5825276374816895,0.007059551775455475,0.5595013499259949,0.6154100298881531,0.0,0.0,0.0019473518477752805,-0.05369877070188522,0.6209539771080017,-0.01860724948346615,0.6444054841995239,-0.0024623707868158817,0.39974650740623474,0.06044463813304901,0.10354634374380112,0.7276791334152222,0.0,0.0,0.45873311161994934,0.0652177631855011,0.5805106163024902,0.0074339197017252445,0.5659499168395996,-0.0020082162227481604,0.5100180506706238,0.05734558776021004,0.22113119065761566,0.8462910056114197,0.0,0.0,0.08367651700973511,0.36772897839546204,0.30206871032714844,0.0035928930155932903,-0.001035091932862997,0.4083734154701233,0.05619737505912781,-0.02295518107712269,0.49847903847694397,0.028769535943865776,0.44160664081573486,0.5744228959083557,0.0,0.0,-0.017767783254384995,0.13809652626514435,0.1154574379324913,0.0008326280512847006,-0.00012948602670803666,0.06593716889619827,0.011858593672513962,0.014345931820571423
trainfit128,109_0.54_0.97.png,0.5795478820800781,0.01122277695685625,0.5549257397651672,0.6075195670127869,0.0,0.0,0.1535891741514206,-0.056316375732421875,0.6199183464050293,-0.019487248733639717,0.6460844874382019,-0.0013516852632164955,0.40650299191474915,0.2907252311706543,0.011773720383644104,0.9796181321144104,0.005570451263338327,0.015509430319070816,0.8328690528869629,0.051931653171777725,0.5961472392082214,0.008173029869794846,0.5880828499794006,-0.0071882265619933605,0.5057214498519897,0.045107487589120865,0.19035157561302185,0.7922567129135132,0.0,0.0,-0.03387369215488434,0.3099667727947235,0.24757444858551025,0.0035768577363342047,0.00047107174759730697,0.4188038408756256,0.04958268627524376,-0.028284288942813873,0.5105205178260803,0.029257338494062424,0.44578057527542114,0.5709949731826782,0.0,0.0,-0.01769229769706726,0.1631365269422531,0.13236679136753082,0.0007346593774855137,-0.00011115999950561672,0.06054169684648514,0.00967408623546362,0.01080331951379776,0.585059642791748,0.011454572901129723,0.5629944801330566,0.6180238723754883,0.0,0.0,-0.0,-0.0536591000854969,0.621656060218811,-0.01850903406739235,0.6451938152313232,-0.0024623707868158817,0.4230266511440277,0.08180993050336838,0.15125882625579834,0.685662031173706,0.0,0.0,0.5590692758560181,0.06502688676118851,0.5854715704917908,0.007841580547392368,0.5729576349258423,-0.0020082162227481604,0.509795606136322,0.05200354754924774,0.23508521914482117,0.7681967616081238,0.0,0.0,0.05712796002626419,0.3532584011554718,0.2911607325077057,0.003445421578362584,-0.0006925778579898179,0.41872942447662354,0.049612242728471756,-0.02295518107712269,0.4985256791114807,0.028919262811541557,0.4434550106525421,0.5745256543159485,0.0,0.0,-0.018224770203232765,0.1397884041070938,0.1157684326171875,0.000837888044770807,-0.0001394712453475222,0.06055266037583351,0.009669722057878971,0.014345931820571423
trainfit128,10_0.78_1.56.png,0.5933520793914795,0.01013279426842928,0.5634700059890747,0.6138598322868347,0.0,0.0,-0.0,-0.05612042173743248,0.6236274242401123,-0.01895812898874283,0.6502872109413147,-0.0013516852632164955,0.45849430561065674,0.28821784257888794,0.007179240696132183,0.9733871817588806,0.019369453191757202,0.10479845106601715,0.961850106716156,0.05102354660630226,0.6057555675506592,0.009099477902054787,0.6014406681060791,-0.0071882265619933605,0.5021169781684875,0.032057054340839386,0.2923315763473511,0.6699857115745544,0.0,0.0,0.015518016181886196,0.23898530006408691,0.19238105416297913,0.0027489778585731983,-0.00019762558804359287,0.439066618680954,0.05346199497580528,-0.028284288942813873,0.5104261636734009,0.02950648032128811,0.4427970349788666,0.5740140676498413,0.0,0.0,-0.004058314021676779,0.16126036643981934,0.13258615136146545,0.0007329439977183938,-3.840399222099222e-05,0.08739574253559113,0.01583961397409439,0.01080331951379776,0.6012153625488281,0.010488646104931831,0.5726580023765564,0.6213711500167847,0.0,0.0,-0.0,-0.05340595543384552,0.6260510683059692,-0.0178823359310627,0.6501359343528748,-0.0024623707868158817,0.42977476119995117,0.07959321141242981,0.14356167614459991,0.6419230699539185,0.0,0.0,0.5892407894134521,0.06497156620025635,0.5866902470588684,0.00795974675565958,0.5746961236000061,-0.0020082162227481604,0.5046818256378174,0.03352490812540054,0.33151349425315857,0.6546048521995544,0.0,0.0,0.04233318194746971,0.2516403794288635,0.20186005532741547,0.00234646606259048,-0.0004755807458423078,0.43891456723213196,0.05340099334716797,-0.02295518107712269,0.4978838264942169,0.029412265866994858,0.4406994879245758,0.5726871490478516,0.0,0.0,-0.002596818143501878,0.12940561771392822,0.10527386516332626,0.0007550180307589471,-1.801593134587165e-05,0.08737098425626755,0.015845514833927155,0.014345931820571423
trainfit128,1100_0.58_1.95.png,0.5792838335037231,0.007092399522662163,0.5453696846961975,0.6017025113105774,0.0,0.0,0.03453676402568817,-0.05632011219859123,0.6198269724845886,-0.01949736848473549,0.645983874797821,-0.0013516852632164955,0.4274980127811432,0.17939792573451996,0.006884308997541666,0.9884563684463501,0.014215052127838135,0.0015024038730189204,0.7892511487007141,0.05156493932008743,0.5893575549125671,0.008547146804630756,0.5798006653785706,-0.0071882265619933605,0.5054659247398376,0.043188415467739105,0.25691667199134827,0.7495860457420349,0.0,0.0,-0.008109411224722862,0.315841406583786,0.2471540868282318,0.0035681475419551134,9.642324585001916e-05,0.39502713084220886,0.05584682524204254,-0.028284288942813873,0.510407567024231,0.02916325256228447,0.445821613073349,0.5767993330955505,0.0,0.0,-0.025721659883856773,0.15428511798381805,0.12861163914203644,0.0007158837397582829,-0.00015568513481412083,0.06283910572528839,0.011844477616250515,0.01080331951379776,0.5838750004768372,0.007041965611279011,0.5620555281639099,0.6159915328025818,0.0,0.0,0.0003430882643442601,-0.05367765948176384,0.6213151216506958,-0.018554989248514175,0.6448126435279846,-0.0024623707868158817,0.40879786014556885,0.057980164885520935,0.11596836894750595,0.7221325039863586,0.0,0.0,0.4603029787540436,0.06514355540275574,0.5821149349212646,0.007592417765408754,0.5682519674301147,-0.0020082162227481604,0.5093907713890076,0.054522838443517685,0.2270495742559433,0.8376684784889221,0.0,0.0,0.081849604845047,0.3503188490867615,0.2861661911010742,0.0033975716214627028,-0.001002432662062347,0.39489826560020447,0.05578133091330528,-0.02295518107712269,0.4984976053237915,0.028773607686161995,0.4420282542705536,0.572679340839386,0.0,0.0,-0.015187262557446957,0.1359015256166458,0.11419697850942612,0.0008237776346504688,-0.00010989364818669856,0.06285465508699417,0.011847986839711666,0.014345931820571423
trainfit128,1101_0.77_1.17.png,0.5870047807693481,0.007569527719169855,0.5651097893714905,0.6163122057914734,0.0,0.0,-0.0,-0.05621051788330078,0.621895968914032,-0.01920142211019993,0.6483297944068909,-0.0013516852632164955,0.6088265776634216,0.32262471318244934,0.022767066955566406,0.9804309010505676,0.0035826554521918297,0.002542529720813036,0.8081706166267395,0.048397764563560486,0.643287181854248,0.011778289452195168,0.6517252922058105,-0.0071882265619933605,0.5049682259559631,0.03748404607176781,0.31916213035583496,0.6933013200759888,0.0,0.0,9.34121198952198e-05,0.22512777149677277,0.17563478648662567,0.0025376733392477036,-1.1314241419313475e-05,0.35992252826690674,0.039267558604478836,-0.028284288942813873,0.5104199051856995,0.029337041079998016,0.44523459672927856,0.5681764483451843,0.0,0.0,-0.014150673523545265,0.1495876908302307,0.1250683069229126,0.0006934911361895502,-9.228398266714066e-05,0.04762076959013939,0.007730228826403618,0.01080331951379776,0.5910703539848328,0.008707704953849316,0.5722783207893372,0.6259812116622925,0.0,0.0,0.0003430882643442601,-0.05356491729617119,0.623264729976654,-0.018275875598192215,0.6470072269439697,-0.0024623707868158817,0.4464857578277588,0.08086172491312027,0.18896301090717316,0.6581180095672607,0.0,0.0,0.5612887144088745,0.06483455002307892,0.589998185634613,0.008252372965216637,0.5793715119361877,-0.0020082162227481604,0.5080738067626953,0.04311089590191841,0.281561940908432,0.7331194877624512,0.0,0.0,0.06252157688140869,0.27749237418174744,0.2271967977285385,0.0026664542965590954,-0.0007246225140988827,0.3600313067436218,0.03926323354244232,-0.02295518107712269,0.49834564328193665,0.028691662475466728,0.44219887256622314,0.5681771039962769,0.0,0.0,-0.009147405624389648,0.1211252212524414,0.10064324736595154,0.0007236264646053314,-6.653003947576508e-05,0.04762657359242439,0.007727435324341059,0.014345931820571423
trainfit128,1102_0.65_0.94.png,0.5828840136528015,0.0076306043192744255,0.5647531151771545,0.6115531325340271,0.0,0.0,-0.0,-0.05626901611685753,0.6207897663116455,-0.019359368830919266,0.6470760703086853,-0.0013516852632164955,0.552125096321106,0.30885574221611023,0.023571116849780083,0.9819617867469788,0.0053161983378231525,0.0008321006316691637,0.862088143825531,0.04938814043998718,0.6282232403755188,0.01076790876686573,0.6317548155784607,-0.0071882265619933605,0.5055208206176758,0.040398500859737396,0.3005428612232208,0.7008832693099976,0.0,0.0,-0.013252620585262775,0.2539961636066437,0.20213466882705688,0.002926609944552183,0.00016695800877641886,0.37240171432495117,0.03814123570919037,-0.028284288942813873,0.5104941129684448,0.02924327924847603,0.445464164018631,0.5697612166404724,0.0,0.0,-0.019539717584848404,0.14724314212799072,0.12339164316654205,0.0006853874656371772,-0.00012058378342771903,0.05232338607311249,0.007419639732688665,0.01080331951379776,0.5876448750495911,0.009105014614760876,0.5681614875793457,0.6226813793182373,0.0,0.0,-0.0,-0.053618595004081726,0.6223391890525818,-0.018408752977848053,0.6459651589393616,-0.0024623707868158817,0.4263852536678314,0.0786798745393753,0.18223853409290314,0.6620254516601562,0.0,0.0,0.5563085079193115,0.06499934941530228,0.5860098004341125,0.007900391705334187,0.5737336874008179,-0.0020082162227481604,0.5093712210655212,0.04798928275704384,0.28860196471214294,0.7326707243919373,0.0,0.0,0.07534891366958618,0.3089490234851837,0.2583220601081848,0.0030513822566717863,-0.000897797872312367,0.37251853942871094,0.038121502846479416,-0.02295518107712269,0.49840667843818665,0.028656812384724617,0.44106507301330566,0.5705168843269348,0.0,0.0,-0.013714615255594254,0.1234002634882927,0.10268273204565048,0.0007399629103019834,-0.00010172506154049188,0.05234155058860779,0.007414350751787424,0.014345931820571423
trainfit128,1103_0.88_1.95.png,0.5929955840110779,0.007444130256772041,0.5650799870491028,0.6215037703514099,0.0,0.0,-0.0,-0.05612548813223839,0.6235172748565674,-0.018971793353557587,0.6501646041870117,-0.0013516852632164955,0.7074186205863953,0.3119751214981079,0.02003779076039791,0.9778422117233276,0.0028430104721337557,0.05128975585103035,0.7392399907112122,0.04667571187019348,0.667477011680603,0.01353512704372406,0.683588445186615,-0.0071882265619933605,0.5039357542991638,0.0338100828230381,0.29787784814834595,0.7191250324249268,0.0,0.0,0.022004486992955208,0.23578158020973206,0.18521632254123688,0.0026589236222207546,-0.0003063190379180014,0.32361626625061035,0.04900328442454338,-0.028284288942813873,0.5102225542068481,0.029596256092190742,0.4439346194267273,0.5670298337936401,0.0,0.0,-0.004783689510077238,0.17212854325771332,0.1439027488231659,0.0007945465040393174,-4.381061080493964e-05,0.038007646799087524,0.010476835072040558,0.01080331951379776,0.5956196784973145,0.008180640637874603,0.572981059551239,0.6295705437660217,0.0,0.0,0.003791490104049444,-0.05349363759160042,0.6245020031929016,-0.018099399283528328,0.6483984589576721,-0.0024623707868158817,0.48699790239334106,0.08370645344257355,0.17796695232391357,0.6458857655525208,0.0,0.0,0.5252528190612793,0.06450238078832626,0.5984004735946655,0.008961781859397888,0.5911477208137512,-0.0020082162227481604,0.5062546133995056,0.03815937787294388,0.2773510813713074,0.7605776190757751,0.0,0.0,0.03860832005739212,0.2580886781215668,0.21000421047210693,0.0024646520614624023,-0.0004319274448789656,0.32352033257484436,0.048985566943883896,-0.02295518107712269,0.49823638796806335,0.028807859867811203,0.44128307700157166,0.566933274269104,0.0,0.0,0.0007054054876789451,0.13431748747825623,0.11444395780563354,0.0008212326210923493,1.1390326108084992e-05,0.03798731416463852,0.010487406514585018,0.014345931820571423
trainfit128,1104_0.89_1.59.png,0.5916057229042053,0.007551567163318396,0.5652417540550232,0.6203749179840088,0.0,0.0,-0.0,-0.056145209819078445,0.6231400966644287,-0.019025065004825592,0.6497379541397095,-0.0013516852632164955,0.6757203340530396,0.3222031593322754,0.02255905792117119,0.9788757562637329,0.0030279215425252914,0.035110022872686386,0.7549198865890503,0.04722936078906059,0.6602000594139099,0.012970288284122944,0.674008846282959,-0.0071882265619933605,0.5041916370391846,0.034533578902482986,0.3155166506767273,0.7028774619102478,0.0,0.0,0.01671336218714714,0.22841399908065796,0.17837901413440704,0.002566156443208456,-0.00023440973018296063,0.3380002975463867,0.044724274426698685,-0.028284288942813873,0.510296642780304,0.029501769691705704,0.4444103538990021,0.5669692754745483,0.0,0.0,-0.007390178740024567,0.1602771133184433,0.13471412658691406,0.000744671153370291,-5.7039673265535384e-05,0.04140370711684227,0.009262016043066978,0.01080331951379776,0.5947445631027222,0.008291843347251415,0.5730925798416138,0.6286515593528748,0.0,0.0,0.000919351470656693,-0.05350734665989876,0.6242632865905762,-0.018133342266082764,0.6481302380561829,-0.0024623707868158817,0.4743763506412506,0.0841035321354866,0.1854933202266693,0.6506255865097046,0.0,0.0,0.5225628614425659,0.06460587680339813,0.5957674384117126,0.008740766905248165,0.5874677300453186,-0.0020082162227481604,0.5067519545555115,0.039222847670316696,0.27799805998802185,0.7508059144020081,0.0,0.0,0.04464203491806984,0.25990545749664307,0.21185991168022156,0.0024868138134479523,-0.0005023775156587362,0.33800485730171204,0.044718507677316666,-0.02295518107712269,0.49823617935180664,0.028762705624103546,0.4420892298221588,0.5664400458335876,0.0,0.0,-0.0024533497635275126,0.12595131993293762,0.10717830061912537,0.0007693493389524519,-1.3957921510154847e-05,0.04138970747590065,0.009267971850931644,0.014345931820571423
trainfit128,1105_0.82_0.89.png,0.5813606977462769,0.0077014039270579815,0.5601357221603394,0.6079677939414978,0.0,0.0,0.0028942732606083155,-0.0562906339764595,0.6203829050064087,-0.019417759031057358,0.6466145515441895,-0.0013516852632164955,0.5597273111343384,0.33148476481437683,0.009475719183683395,0.9465851187705994,0.006679918617010117,0.0,0.75144362449646,0.049255359917879105,0.6327515244483948,0.010903375223279,0.6375949382781982,-0.0071882265619933605,0.5070085525512695,0.04863045737147331,0.31231528520584106,0.6765162348747253,0.0,0.0,-0.04660312831401825,0.3021203279495239,0.24415595829486847,0.003549647517502308,0.000640296027995646,0.41246339678764343,0.03858330845832825,-0.028284288942813873,0.5104559063911438,0.02929983288049698,0.4476245641708374,0.5690014958381653,0.0,0.0,-0.018464326858520508,0.16205744445323944,0.13320112228393555,0.0007394964341074228,-0.00011675470159389079,0.053627364337444305,0.007788367569446564,0.01080331951379776,0.5842991471290588,0.008813692256808281,0.5696648955345154,0.6167264580726624,0.0,0.0,-0.0,-0.053671013563871384,0.6214368343353271,-0.01853853650391102,0.6449487805366516,-0.0024623707868158817,0.44118690490722656,0.0819484293460846,0.13885498046875,0.5708736181259155,0.0,0.0,0.5215424299240112,0.06487798690795898,0.5889881253242493,0.008159585297107697,0.5779411792755127,-0.0020082162227481604,0.5121025443077087,0.059945981949567795,0.2437249720096588,0.7925018072128296,0.0,0.0,0.08222568780183792,0.36003735661506653,0.3019486963748932,0.003607860766351223,-0.0010140548693016171,0.41246774792671204,0.03861553221940994,-0.02295518107712269,0.4983665943145752,0.028938209637999535,0.44376224279403687,0.5693201422691345,0.0,0.0,-0.018825767561793327,0.1305527687072754,0.11155205219984055,0.0008061355329118669,-0.0001419127656845376,0.05362595245242119,0.00779497716575861,0.014345931820571423
trainfit128,1106_0.89_1.69.png,0.5877615809440613,0.008559446781873703,0.5654383897781372,0.6127826571464539,0.0,0.0,-0.0,-0.056199781596660614,0.6221044063568115,-0.019172411412000656,0.6485652327537537,-0.0013516852632164955,0.6409969329833984,0.32101136445999146,0.011986223049461842,0.9603828191757202,0.0021033654920756817,0.0009707840508781374,0.6672662496566772,0.04783586412668228,0.6510988473892212,0.012351540848612785,0.6620662808418274,-0.0071882265619933605,0.5059260725975037,0.04200179502367973,0.3102324903011322,0.6769013404846191,0.0,0.0,-0.01246026623994112,0.2283332645893097,0.17988798022270203,0.002611082047224045,0.00016311704530380666,0.35517093539237976,0.03787317872047424,-0.028284288942813873,0.51030033826828,0.029498599469661713,0.44552895426750183,0.5675061345100403,0.0,0.0,-0.009361296892166138,0.16397187113761902,0.13387534022331238,0.0007398711168207228,-6.90274391672574e-05,0.04383300989866257,0.00881865993142128,0.01080331951379776,0.5892698168754578,0.009267807938158512,0.571452796459198,0.6202207803726196,0.0,0.0,-0.0,-0.05359312891960144,0.622779369354248,-0.018345721065998077,0.6464606523513794,-0.0024623707868158817,0.4755115509033203,0.07816299051046371,0.14403429627418518,0.584337055683136,0.0,0.0,0.44720718264579773,0.06459656357765198,0.5958096385002136,0.008760645985603333,0.5875459313392639,-0.0020082162227481604,0.508517861366272,0.04394513741135597,0.2852577567100525,0.755646288394928,0.0,0.0,0.05672027915716171,0.26787206530570984,0.2182386964559555,0.002569295233115554,-0.0006699302466586232,0.35509344935417175,0.03789523243904114,-0.02295518107712269,0.4983099400997162,0.028973134234547615,0.44336628913879395,0.568794846534729,0.0,0.0,-0.00870397500693798,0.12257110327482224,0.10087054967880249,0.0007242594147101045,-6.176603346830234e-05,0.043816979974508286,0.008827578276395798,0.014345931820571423
trainfit128,1107_0.98_1.25.png,0.5863233804702759,0.008397161960601807,0.5646036267280579,0.611065149307251,0.0,0.0,-0.0,-0.056220196187496185,0.6217161417007446,-0.019227543845772743,0.6481255888938904,-0.0013516852632164955,0.6148177981376648,0.33730003237724304,0.013555880635976791,0.966486394405365,0.002634985139593482,0.0021033654920756817,0.6585956811904907,0.04829312115907669,0.6465755105018616,0.011885047890245914,0.6559426784515381,-0.0071882265619933605,0.50624680519104,0.043810609728097916,0.32587891817092896,0.6804630160331726,0.0,0.0,-0.022710038349032402,0.2445935755968094,0.19422771036624908,0.0028225909918546677,0.0003049012157134712,0.3761422336101532,0.03724953904747963,-0.028284288942813873,0.5103583335876465,0.029429947957396507,0.44643735885620117,0.5675161480903625,0.0,0.0,-0.012036583386361599,0.16158702969551086,0.13154475390911102,0.0007283523445948958,-8.280637848656625e-05,0.04710758849978447,0.00825436133891344,0.01080331951379776,0.5882267951965332,0.009079585783183575,0.5710564255714417,0.6209079623222351,0.0,0.0,-0.0,-0.05360947549343109,0.6224962472915649,-0.018386181443929672,0.6461420655250549,-0.0024623707868158817,0.46707531809806824,0.083490289747715,0.15025384724140167,0.5892142653465271,0.0,0.0,0.45878538489341736,0.06466573476791382,0.5942398905754089,0.00861291866749525,0.585329532623291,-0.0020082162227481604,0.5097230076789856,0.0485411137342453,0.2742759883403778,0.7714436650276184,0.0,0.0,0.06616929918527603,0.28985825181007385,0.23914550244808197,0.0028310127090662718,-0.0007928331615403295,0.3760933578014374,0.03727230057120323,-0.02295518107712269,0.4983110725879669,0.028950227424502373,0.44441044330596924,0.5688596367835999,0.0,0.0,-0.012108663097023964,0.1227848157286644,0.10147501528263092,0.000729413062799722,-8.894995698938146e-05,0.04709531366825104,0.00826125405728817,0.014345931820571423
trainfit128,1108_0.58_1.2.png,0.5790380239486694,0.008218835107982159,0.5587578415870667,0.6053961515426636,0.0,0.0,0.004440282471477985,-0.05632361024618149,0.6197664141654968,-0.019506795331835747,0.6459143757820129,-0.0013516852632164955,0.5430278182029724,0.30160078406333923,0.007639187388122082,0.9258148074150085,0.006841715890914202,0.0,0.7724974751472473,0.04954703897237778,0.6253002285957336,0.010605803690850735,0.6278963685035706,-0.0071882265619933605,0.5069518685340881,0.048736345022916794,0.280208557844162,0.721299409866333,0.0,0.0,-0.044970687478780746,0.3107888102531433,0.25077885389328003,0.003642268478870392,0.0006186977261677384,0.40827038884162903,0.04050938040018082,-0.028284288942813873,0.5104315280914307,0.029278617352247238,0.44747042655944824,0.5711446404457092,0.0,0.0,-0.020496394485235214,0.16070185601711273,0.13302838802337646,0.0007389726233668625,-0.0001282171142520383,0.0535443089902401,0.008169068954885006,0.01080331951379776,0.5820380449295044,0.009750290773808956,0.5691989064216614,0.6151290535926819,0.0,0.0,-0.0,-0.053706444799900055,0.620835542678833,-0.018626250326633453,0.644270122051239,-0.0024623707868158817,0.43399110436439514,0.07342589646577835,0.12709592282772064,0.5503733158111572,0.0,0.0,0.5365694165229797,0.06493699550628662,0.5873130559921265,0.008033579215407372,0.5755998492240906,-0.0020082162227481604,0.5112897753715515,0.05694647878408432,0.22863811254501343,0.7953259348869324,0.0,0.0,0.07972171902656555,0.37068256735801697,0.3120323419570923,0.0037198879290372133,-0.0009844054002314806,0.4082288146018982,0.0405728705227375,-0.02295518107712269,0.4984320402145386,0.02899848483502865,0.4438917636871338,0.5708793997764587,0.0,0.0,-0.01865287311375141,0.12960590422153473,0.10744239389896393,0.0007760588196106255,-0.00013890000991523266,0.053541556000709534,0.00818086788058281,0.014345931820571423
trainfit128,1109_0.9_0.79.png,0.5823948383331299,0.007589873392134905,0.5613743662834167,0.6068145632743835,0.0,0.0,0.0003430882643442601,-0.05627596005797386,0.6206586956977844,-0.019378123804926872,0.6469274759292603,-0.0013516852632164955,0.46824732422828674,0.37183722853660583,0.005367853678762913,0.9773150682449341,0.014423076994717121,0.005085059441626072,0.7731354236602783,0.050853192806243896,0.618634045124054,0.009273268282413483,0.6180017590522766,-0.0071882265619933605,0.5048269033432007,0.03936796262860298,0.29566672444343567,0.6877656579017639,0.0,0.0,-0.023125069215893745,0.27202585339546204,0.21820427477359772,0.0031479899771511555,0.0003179257910232991,0.4625989496707916,0.04571264237165451,-0.028284288942813873,0.5105041265487671,0.029207631945610046,0.44738316535949707,0.5707830786705017,0.0,0.0,-0.022944198921322823,0.1546752005815506,0.12929998338222504,0.0007175513892434537,-0.00013833309640176594,0.08097391575574875,0.009927432984113693,0.01080331951379776,0.5887930393218994,0.008855634368956089,0.567996621131897,0.6191102862358093,0.0,0.0,-0.0,-0.05360059812664986,0.622648298740387,-0.018364211544394493,0.6463133692741394,-0.0024623707868158817,0.4119972288608551,0.10289603471755981,0.1158803179860115,0.6645766496658325,0.0,0.0,0.5527406930923462,0.06511731445789337,0.5841932892799377,0.007648444268852472,0.5710484385490417,-0.0020082162227481604,0.5096768140792847,0.048972755670547485,0.2879599928855896,0.7592002749443054,0.0,0.0,0.055455055087804794,0.3025308847427368,0.24736781418323517,0.0029207866173237562,-0.0006590218399651349,0.4625886082649231,0.04575277864933014,-0.02295518107712269,0.49848270416259766,0.028531072661280632,0.44498470425605774,0.5710881352424622,0.0,0.0,-0.01904798299074173,0.13036473095417023,0.11273166537284851,0.0008141932194121182,-0.0001431452255928889,0.0809762179851532,0.009923582896590233,0.014345931820571423
trainfit128,110_0.55_1.08.png,0.5804091095924377,0.011291378177702427,0.5562195777893066,0.6089904308319092,0.0,0.0,0.1493956297636032,-0.056304141879081726,0.6201481223106384,-0.019454237073659897,0.6463452577590942,-0.0013516852632164955,0.4211198389530182,0.2853991687297821,0.011178463697433472,0.9778603315353394,0.004160502925515175,0.01294378750026226,0.8518263697624207,0.051676344126462936,0.5982143878936768,0.008433491922914982,0.5910364985466003,-0.0071882265619933605,0.5055763721466064,0.04420049116015434,0.20122140645980835,0.780190110206604,0.0,0.0,-0.02846178039908409,0.2993716597557068,0.2381657212972641,0.0034390510991215706,0.000394827569834888,0.41135022044181824,0.04906148836016655,-0.028284288942813873,0.5105060338973999,0.029282785952091217,0.4457137882709503,0.5714484453201294,0.0,0.0,-0.015991587191820145,0.1626131683588028,0.13178032636642456,0.0007311419467441738,-0.00010219310934189707,0.0586998350918293,0.00975663959980011,0.01080331951379776,0.5858075618743896,0.011506408452987671,0.5634909272193909,0.6189864277839661,0.0,0.0,-0.0,-0.05364738777279854,0.6218576431274414,-0.018480028957128525,0.6454208493232727,-0.0024623707868158817,0.4272628128528595,0.07830794900655746,0.1490052193403244,0.679883599281311,0.0,0.0,0.5412922501564026,0.06499215960502625,0.5861660838127136,0.007915757596492767,0.5739567875862122,-0.0020082162227481604,0.5092698335647583,0.04973875731229782,0.24486467242240906,0.7579209208488464,0.0,0.0,0.05415509268641472,0.3437468707561493,0.2824050784111023,0.003333604894578457,-0.0006501781172119081,0.41127458214759827,0.0490608885884285,-0.02295518107712269,0.49852171540260315,0.02893529087305069,0.44305169582366943,0.5749906897544861,0.0,0.0,-0.016758324578404427,0.1383412629365921,0.1132056787610054,0.0008186512859538198,-0.00012805826554540545,0.058711159974336624,0.009750370867550373,0.014345931820571423
trainfit128,1110_0.92_0.77.png,0.5826647877693176,0.007467253599315882,0.5616384148597717,0.606934130191803,0.0,0.0,0.0003430882643442601,-0.05627213045954704,0.6207303404808044,-0.019367778673768044,0.6470087766647339,-0.0013516852632164955,0.46859580278396606,0.373101145029068,0.005357474088668823,0.9771482944488525,0.014816013164818287,0.011996117420494556,0.7800373435020447,0.05084710568189621,0.6188879609107971,0.009279477410018444,0.6183302998542786,-0.0071882265619933605,0.5048567056655884,0.03944846987724304,0.2979575991630554,0.687957227230072,0.0,0.0,-0.023867009207606316,0.2733328640460968,0.21940356492996216,0.003165654605254531,0.0003284424019511789,0.46373626589775085,0.045686423778533936,-0.028284288942813873,0.5105081796646118,0.029209556058049202,0.4474020302295685,0.5706967711448669,0.0,0.0,-0.02275088243186474,0.15492118895053864,0.12938439846038818,0.0007180015090852976,-0.00013721584400627762,0.08116676658391953,0.009931533597409725,0.01080331951379776,0.589065670967102,0.008704994805157185,0.5680941939353943,0.6190203428268433,0.0,0.0,-0.0,-0.05359633266925812,0.622721254825592,-0.018353641033172607,0.6463956832885742,-0.0024623707868158817,0.4124513864517212,0.10386057198047638,0.11568428575992584,0.6637393236160278,0.0,0.0,0.5557194352149963,0.0651135966181755,0.5843187570571899,0.007656394969671965,0.5712226033210754,-0.0020082162227481604,0.5098269581794739,0.04952627047896385,0.2866221070289612,0.7602924108505249,0.0,0.0,0.05531233921647072,0.3030175566673279,0.24751657247543335,0.002923175459727645,-0.0006575097795575857,0.4637240767478943,0.04573386535048485,-0.02295518107712269,0.49847760796546936,0.028523538261651993,0.44505199790000916,0.570834755897522,0.0,0.0,-0.019058432430028915,0.1308984011411667,0.11329580843448639,0.0008183239842765033,-0.00014345577801577747,0.0811687707901001,0.009927826933562756,0.014345931820571423
trainfit128,1111_0.57_1.35.png,0.5782436728477478,0.009084655903279781,0.5584632754325867,0.6033228635787964,0.0,0.0,0.0035709580406546593,-0.05633488669991493,0.6195595264434814,-0.019537243992090225,0.6456788182258606,-0.0013516852632164955,0.44803163409233093,0.32834482192993164,0.004439552780240774,0.9777165055274963,0.008690828457474709,0.0009707840508781374,0.7924790382385254,0.05120629072189331,0.6086392998695374,0.008913040161132812,0.6049021482467651,-0.0071882265619933605,0.5043280124664307,0.03923173248767853,0.28097426891326904,0.719747006893158,0.0,0.0,-0.011270768940448761,0.27736350893974304,0.2219989001750946,0.0031924438662827015,0.0001490561553509906,0.4484618604183197,0.04942665994167328,-0.028284288942813873,0.5104685425758362,0.02919139713048935,0.44648489356040955,0.5705446004867554,0.0,0.0,-0.02566271647810936,0.15747950971126556,0.13062390685081482,0.0007254923111759126,-0.00015419558621942997,0.07770410925149918,0.010921662673354149,0.01080331951379776,0.5849019885063171,0.010808007791638374,0.5660015940666199,0.6159260869026184,0.0,0.0,-0.0,-0.05366157367825508,0.621609628200531,-0.018515154719352722,0.6451420783996582,-0.0024623707868158817,0.40436965227127075,0.08456278592348099,0.10652179270982742,0.6675572395324707,0.0,0.0,0.5520782470703125,0.06517986208200455,0.5820770263671875,0.007514877710491419,0.5681079030036926,-0.0020082162227481604,0.5076844692230225,0.0426846481859684,0.31120526790618896,0.7300998568534851,0.0,0.0,0.05841132625937462,0.32068315148353577,0.2660149037837982,0.00312759424559772,-0.0006936856079846621,0.44842439889907837,0.04948154464364052,-0.02295518107712269,0.4985930323600769,0.02869323268532753,0.44470134377479553,0.5715795159339905,0.0,0.0,-0.019113972783088684,0.13030104339122772,0.10982798039913177,0.0007925605168566108,-0.00014053317136131227,0.07770562171936035,0.01092284731566906,0.014345931820571423
trainfit128,1112_0.61_0.52.png,0.5767310261726379,0.008409664034843445,0.5560951828956604,0.6020888090133667,0.0,0.0,0.007856837473809719,-0.05635635182261467,0.6191551089286804,-0.019595220685005188,0.6452198624610901,-0.0013516852632164955,0.4351499378681183,0.3528038263320923,0.004788978956639767,0.9782734513282776,0.031804732978343964,0.0018722263630479574,0.7768305540084839,0.051431283354759216,0.6094902157783508,0.00868349801748991,0.6057249903678894,-0.0071882265619933605,0.5054595470428467,0.043893054127693176,0.27117669582366943,0.722704291343689,0.0,0.0,-0.040708135813474655,0.3234333097934723,0.26341429352760315,0.0038018946070224047,0.0005651586689054966,0.48825615644454956,0.04897662252187729,-0.028284288942813873,0.5105464458465576,0.02915078029036522,0.44700998067855835,0.5721103549003601,0.0,0.0,-0.02914891205728054,0.15969018638134003,0.13504457473754883,0.0007499075727537274,-0.00017188875062856823,0.08707677572965622,0.010158784687519073,0.01080331951379776,0.5839856266975403,0.00966533925384283,0.5643131136894226,0.615124523639679,0.0,0.0,-0.0,-0.053675923496484756,0.6213570237159729,-0.018550701439380646,0.644858181476593,-0.0024623707868158817,0.39221617579460144,0.09669669717550278,0.11131159961223602,0.6681563258171082,0.0,0.0,0.6087021231651306,0.0652795061469078,0.5803248286247253,0.007302054204046726,0.5655444860458374,-0.0020082162227481604,0.5108429789543152,0.05525461584329605,0.2891381084918976,0.7524509429931641,0.0,0.0,0.06576734781265259,0.35775116086006165,0.29959654808044434,0.0035595789086073637,-0.0008120344718918204,0.4882549047470093,0.04904686287045479,-0.02295518107712269,0.4984830617904663,0.028562746942043304,0.4449820816516876,0.5717536807060242,0.0,0.0,-0.024902474135160446,0.13948288559913635,0.12311585992574692,0.0008905217982828617,-0.00018764867854770273,0.08708116412162781,0.010163404047489166,0.014345931820571423
trainfit128,1113_0.9_0.52.png,0.5837246179580688,0.01310430932790041,0.557849109172821,0.6095248460769653,0.0,0.0,0.09121156483888626,-0.05625708028674126,0.6210464835166931,-0.019327154383063316,0.647362470626831,-0.0013516852632164955,0.39836645126342773,0.3794417381286621,0.021546978503465652,0.9835878610610962,0.02639608085155487,0.235183984041214,0.6849916577339172,0.05207376554608345,0.606688916683197,0.008028043434023857,0.601406455039978,-0.0071882265619933605,0.5051823854446411,0.041760995984077454,0.30172282457351685,0.7144083976745605,0.0,0.0,-0.018370728939771652,0.27579325437545776,0.2223905771970749,0.003213166259229183,0.0002472334017511457,0.4336249828338623,0.04575570300221443,-0.028284288942813873,0.5105467438697815,0.0292123444378376,0.44672682881355286,0.5697776079177856,0.0,0.0,-0.017599301412701607,0.16828231513500214,0.13792333006858826,0.0007652936619706452,-0.00010620862303767353,0.06298891454935074,0.00914330966770649,0.01080331951379776,0.590194821357727,0.014562333934009075,0.5625550150871277,0.6214490532875061,0.0,0.0,-0.0,-0.053578637540340424,0.6230649948120117,-0.01830984093248844,0.646777331829071,-0.0024623707868158817,0.4123186767101288,0.13421347737312317,0.16686789691448212,0.6828863024711609,0.0,0.0,0.6498218178749084,0.06511467695236206,0.5857731699943542,0.007654071785509586,0.5731269717216492,-0.0020082162227481604,0.5096251368522644,0.04913484305143356,0.2965066134929657,0.7396653294563293,0.0,0.0,0.05194630101323128,0.30099111795425415,0.2461058795452118,0.002897764788940549,-0.0006230503204278648,0.43356049060821533,0.045769162476062775,-0.02295518107712269,0.49840739369392395,0.02876068837940693,0.4451901614665985,0.570901095867157,0.0,0.0,-0.015042956918478012,0.13374730944633484,0.11483999341726303,0.0008303088252432644,-0.00011664853809634224,0.06296596676111221,0.009138207882642746,0.014345931820571423
trainfit128,1114_0.76_1.34.png,0.5857332348823547,0.014518547803163528,0.5600883364677429,0.6127463579177856,0.0,0.0,0.017201552167534828,-0.05622857064008713,0.6215963959693909,-0.019250163808465004,0.6479842662811279,-0.0013516852632164955,0.44575896859169006,0.34647026658058167,0.027724917978048325,0.9823660254478455,0.008251664228737354,0.020201552659273148,0.8160654306411743,0.05124598741531372,0.610633373260498,0.008872542530298233,0.6073943972587585,-0.0071882265619933605,0.5045269727706909,0.039006203413009644,0.2843558192253113,0.6969944834709167,0.0,0.0,0.006416855379939079,0.2441454380750656,0.19409017264842987,0.002796597545966506,-0.0001007857354125008,0.395176500082016,0.050727833062410355,-0.028284288942813873,0.5104703307151794,0.029339080676436424,0.44549232721328735,0.5694621205329895,0.0,0.0,-0.011354953981935978,0.16505299508571625,0.13454915583133698,0.0007456916500814259,-7.508133421652019e-05,0.053435683250427246,0.010439364239573479,0.01080331951379776,0.5912426114082336,0.016050560399889946,0.5651932954788208,0.6242064237594604,0.0,0.0,-0.0,-0.0535622201859951,0.6233619451522827,-0.018269194290041924,0.6471097469329834,-0.0024623707868158817,0.4256029427051544,0.1054927408695221,0.20021621882915497,0.6808282136917114,0.0,0.0,0.6489835977554321,0.06500576436519623,0.5868687629699707,0.007886691950261593,0.5748419165611267,-0.0020082162227481604,0.5068566203117371,0.038883455097675323,0.34159183502197266,0.6850411891937256,0.0,0.0,0.04437349736690521,0.28111883997917175,0.22797872126102448,0.0026640004944056273,-0.0005159818101674318,0.3951178193092346,0.05078190937638283,-0.02295518107712269,0.4984714984893799,0.028900375589728355,0.4449770748615265,0.569857656955719,0.0,0.0,-0.009794428013265133,0.12620283663272858,0.1023489236831665,0.0007373373373411596,-7.327665662160143e-05,0.05343475192785263,0.010442842729389668,0.014345931820571423
trainfit128,1115_0.58_1.94.png,0.5852310657501221,0.014576616697013378,0.558692991733551,0.6129937171936035,0.0,0.0,0.025221263989806175,-0.056235697120428085,0.6214619278907776,-0.01926940679550171,0.6478318572044373,-0.0013516852632164955,0.4504874050617218,0.3142462968826294,0.02529517561197281,0.9870656728744507,0.0069110579788684845,0.005755362566560507,0.8517453074455261,0.05116339772939682,0.6073104739189148,0.00895680021494627,0.6032593250274658,-0.0071882265619933605,0.5039748549461365,0.03872806206345558,0.25818172097206116,0.7213601469993591,0.0,0.0,0.016729120165109634,0.26399120688438416,0.20993156731128693,0.0030122993048280478,-0.0002439172239974141,0.387753427028656,0.05685810744762421,-0.028284288942813873,0.5104448199272156,0.02937822788953781,0.444968581199646,0.57218337059021,0.0,0.0,-0.010973780415952206,0.17348535358905792,0.13949176669120789,0.0007733356324024498,-7.420251495204866e-05,0.05163508653640747,0.012241772376000881,0.01080331951379776,0.5908094048500061,0.017173629254102707,0.5618419647216797,0.6241506338119507,0.0,0.0,0.000919351470656693,-0.0535690113902092,0.6232547163963318,-0.018285997211933136,0.6469877362251282,-0.0024623707868158817,0.4193965792655945,0.08651931583881378,0.19241231679916382,0.6951499581336975,0.0,0.0,0.583007276058197,0.06505665183067322,0.5849454998970032,0.007778013125061989,0.5721915364265442,-0.0020082162227481604,0.505649209022522,0.036016251891851425,0.34612560272216797,0.6635493636131287,0.0,0.0,0.04520906135439873,0.30608731508255005,0.24800612032413483,0.0028907409869134426,-0.0005243659252300858,0.387666255235672,0.05681874230504036,-0.02295518107712269,0.49853643774986267,0.02906429022550583,0.4438616931438446,0.5730773210525513,0.0,0.0,-0.007978781126439571,0.13303524255752563,0.10740616917610168,0.0007737136329524219,-5.753992445534095e-05,0.05164128541946411,0.012245401740074158,0.014345931820571423
internal256,1013_0.63_1.83.png,0.5904145240783691,0.009846961125731468,0.562644362449646,0.6128824949264526,0.0,0.0,-0.0,-0.05616212263703346,0.6228280663490295,-0.01907072402536869,0.6493834853172302,-0.0013516852632164955,0.4952879250049591,0.29438552260398865,0.03083467297255993,0.9908684492111206,0.0005316198221407831,0.05256102234125137,0.9265199899673462,0.050380889326334,0.6140235662460327,0.009755113162100315,0.6126959323883057,-0.0071882265619933605,0.5038226246833801,0.03481178358197212,0.2863050699234009,0.7017104029655457,0.0,0.0,0.014729147776961327,0.21287386119365692,0.17045973241329193,0.0024482468143105507,-0.00021736272901762277,0.3826046288013458,0.04888428375124931,-0.028284288942813873,0.5104294419288635,0.02938081882894039,0.4443703293800354,0.5693146586418152,0.0,0.0,-0.004803453106433153,0.16256587207317352,0.13353188335895538,0.0007391960825771093,-4.020712003693916e-05,0.05166439712047577,0.01135638915002346,0.01080331951379776,0.5954639315605164,0.00998839084059,0.5708120465278625,0.6222377419471741,0.0,0.0,-0.0,-0.05349607765674591,0.6244685053825378,-0.018105443567037582,0.6483595967292786,-0.0024623707868158817,0.4357292652130127,0.07941151410341263,0.21478867530822754,0.7356937527656555,0.0,0.0,0.5973062515258789,0.0649227425456047,0.5878373980522156,0.008064014837145805,0.5763223171234131,-0.0020082162227481604,0.5054973363876343,0.034627821296453476,0.3467605710029602,0.6581478118896484,0.0,0.0,0.038181371986866,0.24560831487178802,0.19863785803318024,0.00231030466966331,-0.00042715034214779735,0.38259220123291016,0.04881235957145691,-0.02295518107712269,0.4983091652393341,0.02905932441353798,0.44214674830436707,0.5693145990371704,0.0,0.0,-0.003427982795983553,0.12816835939884186,0.10541746765375137,0.0007577327196486294,-2.5514202206977643e-05,0.05166477710008621,0.011356143280863762,0.014345931820571423
internal256,1014_0.74_1.61.png,0.5912129282951355,0.009893358685076237,0.5637490749359131,0.6139171123504639,0.0,0.0,-0.0,-0.05615079402923584,0.6230447888374329,-0.019040122628211975,0.6496285796165466,-0.0013516852632164955,0.4972725510597229,0.30353233218193054,0.03328932821750641,0.9914912581443787,0.0004853920254390687,0.06476516276597977,0.9253390431404114,0.05034622177481651,0.6155219674110413,0.009790480136871338,0.6146354079246521,-0.0071882265619933605,0.5039176940917969,0.035132765769958496,0.29154813289642334,0.6974533200263977,0.0,0.0,0.012539411894977093,0.21252945065498352,0.1699981689453125,0.0024437885731458664,-0.00018680939683690667,0.3852890431880951,0.047812655568122864,-0.028284288942813873,0.5104391574859619,0.029383519664406776,0.4443800151348114,0.5675557255744934,0.0,0.0,-0.004588193725794554,0.15947997570037842,0.13125984370708466,0.0007262222934514284,-3.8804053474450484e-05,0.052506398409605026,0.010942233726382256,0.01080331951379776,0.5961714386940002,0.009767887182533741,0.5720314383506775,0.6234070062637329,0.0,0.0,-0.0,-0.05348499119281769,0.624660849571228,-0.018077991902828217,0.6485758423805237,-0.0024623707868158817,0.4380492866039276,0.08536996692419052,0.217720165848732,0.7401357293128967,0.0,0.0,0.6119835376739502,0.06490371376276016,0.5884897708892822,0.008104641921818256,0.57722407579422,-0.0020082162227481604,0.5058671236038208,0.03540787473320961,0.3471601903438568,0.6662458181381226,0.0,0.0,0.03689773380756378,0.23935112357139587,0.1942489892244339,0.0022619154769927263,-0.0004115821502637118,0.3852735459804535,0.04772760719060898,-0.02295518107712269,0.49826914072036743,0.029028084129095078,0.44177624583244324,0.568558394908905,0.0,0.0,-0.003971073776483536,0.1253102421760559,0.10292355716228485,0.00073978555155918,-2.9904726034146734e-05,0.052504297345876694,0.010938514024019241,0.014345931820571423
internal256,1015_0.7_1.92.png,0.5923288464546204,0.009817120619118214,0.5650728344917297,0.6146054863929749,0.0,0.0,-0.0,-0.056134942919015884,0.6233473420143127,-0.018997348845005035,0.6499708294868469,-0.0013516852632164955,0.5253673195838928,0.2997016906738281,0.031808000057935715,0.9901167750358582,0.0005778476479463279,0.060003697872161865,0.9376915693283081,0.04985550791025162,0.621136486530304,0.01029110699892044,0.6222963333129883,-0.0071882265619933605,0.5038283467292786,0.034675583243370056,0.29845130443573,0.6886122226715088,0.0,0.0,0.01717652752995491,0.2126123607158661,0.17031364142894745,0.002446254249662161,-0.0002507716417312622,0.37676167488098145,0.049911826848983765,-0.028284288942813873,0.5103989839553833,0.029437575489282608,0.4440961182117462,0.5683542490005493,0.0,0.0,-0.002802911913022399,0.16517463326454163,0.13602210581302643,0.0007522705127485096,-2.9782200726913288e-05,0.049921583384275436,0.011694425716996193,0.01080331951379776,0.5971886515617371,0.00980693381279707,0.57258141040802,0.6233505606651306,0.0,0.0,-0.0,-0.05346904322504997,0.6249397397041321,-0.018038539215922356,0.6488891243934631,-0.0024623707868158817,0.44436749815940857,0.08133561909198761,0.21215859055519104,0.7293212413787842,0.0,0.0,0.6006112694740295,0.06485191732645035,0.5895944833755493,0.008215281181037426,0.5787999629974365,-0.0020082162227481604,0.5054723620414734,0.03452074155211449,0.3467811942100525,0.6598417162895203,0.0,0.0,0.03576043248176575,0.23821748793125153,0.19290094077587128,0.002243758412078023,-0.00039701146306470037,0.3767416179180145,0.04984492436051369,-0.02295518107712269,0.4982338547706604,0.029088689014315605,0.4415035545825958,0.5695757865905762,0.0,0.0,-0.002112283371388912,0.12961433827877045,0.10683116316795349,0.0007670675404369831,-1.523650462331716e-05,0.04991886764764786,0.011694194748997688,0.014345931820571423
internal256,1034_0.55_0.77.png,0.5838788151741028,0.00764111801981926,0.5562055110931396,0.6050583124160767,0.0,0.0,0.00823711697012186,-0.05625489726662636,0.6210561990737915,-0.019321242347359657,0.6473782062530518,-0.0013516852632164955,0.44443967938423157,0.33554571866989136,0.026749012991786003,0.9952221512794495,0.0019877958111464977,0.014723557978868484,0.7726889848709106,0.051269035786390305,0.6088969707489014,0.008849034085869789,0.6051574945449829,-0.0071882265619933605,0.5049893856048584,0.039009712636470795,0.2535904347896576,0.7689531445503235,0.0,0.0,-0.0014096272643655539,0.25186002254486084,0.20116795599460602,0.0029010148718953133,-6.391110218828544e-06,0.3655150532722473,0.045143574476242065,-0.028284288942813873,0.5105365514755249,0.029154852032661438,0.44487130641937256,0.5734423398971558,0.0,0.0,-0.020209962502121925,0.14997760951519012,0.1259322464466095,0.000699361611623317,-0.00012054058606736362,0.0591498427093029,0.008303968235850334,0.01080331951379776,0.5896607637405396,0.008914940059185028,0.5684123635292053,0.6146216988563538,0.0,0.0,-0.0,-0.05358700454235077,0.6228834986686707,-0.01833055168390274,0.6465780138969421,-0.0024623707868158817,0.3915315866470337,0.08178795129060745,0.1767643541097641,0.7114601731300354,0.0,0.0,0.5414710640907288,0.06528511643409729,0.579652726650238,0.007290069945156574,0.5646452307701111,-0.0020082162227481604,0.5076898336410522,0.04092393070459366,0.33145871758461,0.6784548163414001,0.0,0.0,0.045439451932907104,0.2734873294830322,0.2236006259918213,0.002622713102027774,-0.0005332618020474911,0.36555954813957214,0.04518920183181763,-0.02295518107712269,0.4985412061214447,0.028484869748353958,0.4434639811515808,0.5702298283576965,0.0,0.0,-0.013306899927556515,0.12498804926872253,0.1046992689371109,0.0007556960918009281,-9.99250914901495e-05,0.05916237831115723,0.008307782001793385,0.014345931820571423
internal256,1049_0.97_1.09.png,0.5916160345077515,0.008362090215086937,0.5635520815849304,0.6176797151565552,0.0,0.0,-0.0,-0.05614506080746651,0.6231464147567749,-0.019024673849344254,0.6497446298599243,-0.0013516852632164955,0.4691707491874695,0.2838814854621887,0.024821801111102104,0.9950632452964783,0.002265162765979767,0.0614829882979393,0.9675624966621399,0.05083705857396126,0.6074075102806091,0.009289724752306938,0.6037622094154358,-0.0071882265619933605,0.5044352412223816,0.038828641176223755,0.28854554891586304,0.7008528709411621,0.0,0.0,-0.005726910196244717,0.25625038146972656,0.20442891120910645,0.002943245228379965,6.907190982019529e-05,0.47809216380119324,0.05837287753820419,-0.028284288942813873,0.5104917287826538,0.02935667522251606,0.4435098469257355,0.569399356842041,0.0,0.0,-0.006922765634953976,0.15396489202976227,0.12716422975063324,0.0007035482558421791,-5.093543586554006e-05,0.06911022216081619,0.014777575619518757,0.01080331951379776,0.5964008569717407,0.009691348299384117,0.5718060731887817,0.6265950798988342,0.0,0.0,0.0019473518477752805,-0.053481388837099075,0.6247232556343079,-0.01806909590959549,0.6486460566520691,-0.0024623707868158817,0.42809590697288513,0.09037062525749207,0.19111090898513794,0.737795889377594,0.0,0.0,0.6373169422149658,0.06498531997203827,0.5867413878440857,0.007930345833301544,0.5747276544570923,-0.0020082162227481604,0.5075623393058777,0.04168451949954033,0.27864331007003784,0.7506569027900696,0.0,0.0,0.04845377802848816,0.2720642387866974,0.22138942778110504,0.0025964614469558,-0.000564008136279881,0.4780789911746979,0.05845702067017555,-0.02295518107712269,0.498161643743515,0.029052656143903732,0.44102928042411804,0.5688287615776062,0.0,0.0,-0.007955105043947697,0.1250750720500946,0.10325111448764801,0.0007429172401316464,-6.121135083958507e-05,0.06911134719848633,0.014766881242394447,0.014345931820571423
internal256,1060_0.94_1.09.png,0.5846862196922302,0.010694869793951511,0.5605255961418152,0.6213178038597107,0.0,0.0,0.0003430882643442601,-0.056243423372507095,0.6212883591651917,-0.019290294498205185,0.6476390361785889,-0.0013516852632164955,0.6816970109939575,0.31528395414352417,0.011740803718566895,0.9799730777740479,0.011811206117272377,0.24010725319385529,0.8331996202468872,0.04712497442960739,0.6609653234481812,0.013076786883175373,0.6750659942626953,-0.0071882265619933605,0.504958987236023,0.039123598486185074,0.3223889172077179,0.6750802993774414,0.0,0.0,-0.008134802803397179,0.24099095165729523,0.19328376650810242,0.002793160267174244,0.00011785268725361675,0.3733576834201813,0.04565952718257904,-0.028284288942813873,0.5103912353515625,0.029475126415491104,0.4446480870246887,0.5716228485107422,0.0,0.0,-0.01397650595754385,0.1716991364955902,0.1406935751438141,0.0007797023863531649,-9.322835830971599e-05,0.05012694001197815,0.010354526340961456,0.01080331951379776,0.5899381041526794,0.012488064356148243,0.5680974125862122,0.6302890181541443,0.0,0.0,0.0019473518477752805,-0.05358266085386276,0.6229798197746277,-0.01831979677081108,0.6466836333274841,-0.0024623707868158817,0.4765757918357849,0.10987244546413422,0.15536803007125854,0.6919513940811157,0.0,0.0,0.592228889465332,0.06458783894777298,0.5972279906272888,0.008779280818998814,0.5894115567207336,-0.0020082162227481604,0.5076786875724792,0.04078984260559082,0.31369927525520325,0.7181680798530579,0.0,0.0,0.05063541233539581,0.2603517770767212,0.21233011782169342,0.0024947382044047117,-0.0005852963076904416,0.3734176456928253,0.04562516137957573,-0.02295518107712269,0.49835658073425293,0.028882136568427086,0.43972188234329224,0.570803165435791,0.0,0.0,-0.010689403861761093,0.12072569131851196,0.1004658117890358,0.0007218504906632006,-7.645846926607192e-05,0.05013468116521835,0.01034944411367178,0.014345931820571423
internal256,1088_0.57_0.97.png,0.5835649967193604,0.008392388932406902,0.5462371110916138,0.6049163937568665,0.0,0.0,0.02303280681371689,-0.05625934898853302,0.6209754943847656,-0.019333267584443092,0.6472861170768738,-0.0013516852632164955,0.34911999106407166,0.23533475399017334,0.019491685554385185,0.9903988838195801,0.004460983909666538,0.008482803590595722,0.889691174030304,0.05293392390012741,0.5802658796310425,0.007150507532060146,0.5663838386535645,-0.0071882265619933605,0.5024539232254028,0.03549043461680412,0.272299200296402,0.7292594909667969,0.0,0.0,-0.0191141776740551,0.26272016763687134,0.20920684933662415,0.002988726133480668,0.00027539292932488024,0.5279912352561951,0.056102167814970016,-0.028284288942813873,0.5104848742485046,0.029271986335515976,0.44356343150138855,0.5712132453918457,0.0,0.0,-0.020647699013352394,0.15387965738773346,0.12789170444011688,0.0007091706502251327,-0.00012547793448902667,0.1192375048995018,0.019231297075748444,0.01080331951379776,0.5906092524528503,0.0084903659299016,0.5583927631378174,0.6128275394439697,0.0,0.0,0.0014470878522843122,-0.0535721480846405,0.6231385469436646,-0.01829376444220543,0.6468653678894043,-0.0024623707868158817,0.3782559037208557,0.07295561581850052,0.16928784549236298,0.714583694934845,0.0,0.0,0.5421127080917358,0.06539396941661835,0.5770223736763,0.007057596929371357,0.5608932971954346,-0.0020082162227481604,0.5058278441429138,0.037606071680784225,0.28908926248550415,0.7422174215316772,0.0,0.0,0.048764750361442566,0.28961092233657837,0.23579752445220947,0.0027571963146328926,-0.0005686737131327391,0.5279527902603149,0.05609780550003052,-0.02295518107712269,0.4981871545314789,0.02924858219921589,0.43969589471817017,0.5749687552452087,0.0,0.0,-0.013549731113016605,0.1226506382226944,0.10162066668272018,0.0007322509190998971,-9.983564086724073e-05,0.11927418410778046,0.019230304285883904,0.014345931820571423
internal256,1103_0.88_1.95.png,0.5929955840110779,0.007444130256772041,0.5650799870491028,0.6215037703514099,0.0,0.0,-0.0,-0.05612548813223839,0.6235172748565674,-0.018971793353557587,0.6501646041870117,-0.0013516852632164955,0.7074186205863953,0.3119751214981079,0.02003779076039791,0.9778422117233276,0.0028430104721337557,0.05128975585103035,0.7392399907112122,0.04667571187019348,0.667477011680603,0.01353512704372406,0.683588445186615,-0.0071882265619933605,0.5039357542991638,0.0338100828230381,0.29787784814834595,0.7191250324249268,0.0,0.0,0.022004486992955208,0.23578158020973206,0.18521632254123688,0.0026589236222207546,-0.0003063190379180014,0.32361626625061035,0.04900328442454338,-0.028284288942813873,0.5102225542068481,0.029596256092190742,0.4439346194267273,0.5670298337936401,0.0,0.0,-0.004783689510077238,0.17212854325771332,0.1439027488231659,0.0007945465040393174,-4.381061080493964e-05,0.038007646799087524,0.010476835072040558,0.01080331951379776,0.5956196784973145,0.008180640637874603,0.572981059551239,0.6295705437660217,0.0,0.0,0.003791490104049444,-0.05349363759160042,0.6245020031929016,-0.018099399283528328,0.6483984589576721,-0.0024623707868158817,0.48699790239334106,0.08370645344257355,0.17796695232391357,0.6458857655525208,0.0,0.0,0.5252528190612793,0.06450238078832626,0.5984004735946655,0.008961781859397888,0.5911477208137512,-0.0020082162227481604,0.5062546133995056,0.03815937787294388,0.2773510813713074,0.7605776190757751,0.0,0.0,0.03860832005739212,0.2580886781215668,0.21000421047210693,0.0024646520614624023,-0.0004319274448789656,0.32352033257484436,0.048985566943883896,-0.02295518107712269,0.49823638796806335,0.028807859867811203,0.44128307700157166,0.566933274269104,0.0,0.0,0.0007054054876789451,0.13431748747825623,0.11444395780563354,0.0008212326210923493,1.1390326108084992e-05,0.03798731416463852,0.010487406514585018,0.014345931820571423
internal256,1109_0.9_0.79.png,0.5823948383331299,0.007589873392134905,0.5613743662834167,0.6068145632743835,0.0,0.0,0.0003430882643442601,-0.05627596005797386,0.6206586956977844,-0.019378123804926872,0.6469274759292603,-0.0013516852632164955,0.46824732422828674,0.37183722853660583,0.005367853678762913,0.9773150682449341,0.014423076994717121,0.005085059441626072,0.7731354236602783,0.050853192806243896,0.618634045124054,0.009273268282413483,0.6180017590522766,-0.0071882265619933605,0.5048269033432007,0.03936796262860298,0.29566672444343567,0.6877656579017639,0.0,0.0,-0.023125069215893745,0.27202585339546204,0.21820427477359772,0.0031479899771511555,0.0003179257910232991,0.4625989496707916,0.04571264237165451,-0.028284288942813873,0.5105041265487671,0.029207631945610046,0.44738316535949707,0.5707830786705017,0.0,0.0,-0.022944198921322823,0.1546752005815506,0.12929998338222504,0.0007175513892434537,-0.00013833309640176594,0.08097391575574875,0.009927432984113693,0.01080331951379776,0.5887930393218994,0.008855634368956089,0.567996621131897,0.6191102862358093,0.0,0.0,-0.0,-0.05360059812664986,0.622648298740387,-0.018364211544394493,0.6463133692741394,-0.0024623707868158817,0.4119972288608551,0.10289603471755981,0.1158803179860115,0.6645766496658325,0.0,0.0,0.5527406930923462,0.06511731445789337,0.5841932892799377,0.007648444268852472,0.5710484385490417,-0.0020082162227481604,0.5096768140792847,0.048972755670547485,0.2879599928855896,0.7592002749443054,0.0,0.0,0.055455055087804794,0.3025308847427368,0.24736781418323517,0.0029207866173237562,-0.0006590218399651349,0.4625886082649231,0.04575277864933014,-0.02295518107712269,0.49848270416259766,0.028531072661280632,0.44498470425605774,0.5710881352424622,0.0,0.0,-0.01904798299074173,0.13036473095417023,0.11273166537284851,0.0008141932194121182,-0.0001431452255928889,0.0809762179851532,0.009923582896590233,0.014345931820571423
internal256,111_0.57_1.22.png,0.5816508531570435,0.01135998498648405,0.5576906204223633,0.611083447933197,0.0,0.0,0.14017628133296967,-0.0562865175306797,0.6204798221588135,-0.019406640902161598,0.646721601486206,-0.0013516852632164955,0.443267822265625,0.27870771288871765,0.010549354366958141,0.9786329865455627,0.003212832845747471,0.01153383869677782,0.872834324836731,0.051289498805999756,0.6016734838485718,0.00882815197110176,0.5959193110466003,-0.0071882265619933605,0.5054198503494263,0.0431516058743,0.21839302778244019,0.7684987187385559,0.0,0.0,-0.021966202184557915,0.28537145256996155,0.22602444887161255,0.0032618779223412275,0.0003035543777514249,0.4018782377243042,0.048829298466444016,-0.028284288942813873,0.5104831457138062,0.029319223016500473,0.44536909461021423,0.5716918110847473,0.0,0.0,-0.013900564052164555,0.16225610673427582,0.13126610219478607,0.0007278677076101303,-9.125866199610755e-05,0.05636131018400192,0.009940063580870628,0.01080331951379776,0.5867997407913208,0.011535342782735825,0.5643128156661987,0.6200498938560486,0.0,0.0,-0.0,-0.05363183468580246,0.6221250891685486,-0.018441539257764816,0.6457222104072571,-0.0024623707868158817,0.4332653880119324,0.07447058707475662,0.14565278589725494,0.6761679649353027,0.0,0.0,0.5255954265594482,0.06494294106960297,0.5872038006782532,0.008020871318876743,0.5754415988922119,-0.0020082162227481604,0.5086447596549988,0.046978745609521866,0.25437816977500916,0.7465444803237915,0.0,0.0,0.05022577941417694,0.3305920362472534,0.27020588517189026,0.0031804009340703487,-0.0005966691533103585,0.40180739760398865,0.04880207031965256,-0.02295518107712269,0.4985065758228302,0.02895978093147278,0.44258609414100647,0.5750730037689209,0.0,0.0,-0.01486416719853878,0.13612450659275055,0.10998797416687012,0.0007943492382764816,-0.00011314440780552104,0.05637376755475998,0.00993227120488882,0.014345931820571423
internal256,1127_0.91_0.61.png,0.5824353098869324,0.00985167920589447,0.5607666969299316,0.605310320854187,0.0,0.0,0.018781255930662155,-0.0562753863632679,0.6206805109977722,-0.019376574084162712,0.6469506025314331,-0.0013516852632164955,0.4509583115577698,0.33383825421333313,0.019082555547356606,0.986884593963623,0.008529030717909336,0.18403291702270508,0.877260684967041,0.05115516856312752,0.609933078289032,0.008965191431343555,0.6066082715988159,-0.0071882265619933605,0.5055069327354431,0.04276379197835922,0.3248850107192993,0.6911724805831909,0.0,0.0,-0.03092949464917183,0.28374916315078735,0.22904501855373383,0.003314459230750799,0.0004266745236236602,0.41421279311180115,0.04566109552979469,-0.028284288942813873,0.5105329155921936,0.029266076162457466,0.4454338550567627,0.5738717913627625,0.0,0.0,-0.01922888681292534,0.16190744936466217,0.13219130039215088,0.0007334872498176992,-0.00011879028170369565,0.06663081794977188,0.009317146614193916,0.01080331951379776,0.5882189869880676,0.009932956658303738,0.5675709247589111,0.6159181594848633,0.0,0.0,-0.0,-0.05360959470272064,0.622498631477356,-0.01838647946715355,0.6461442112922668,-0.0024623707868158817,0.43461889028549194,0.11061202734708786,0.15084058046340942,0.6729557514190674,0.0,0.0,0.6724656820297241,0.06493183970451355,0.588828444480896,0.008044570684432983,0.577595055103302,-0.0020082162227481604,0.510540783405304,0.052855487912893295,0.27925050258636475,0.766643226146698,0.0,0.0,0.05240265652537346,0.3144320249557495,0.2562825679779053,0.003025795565918088,-0.0006313370540738106,0.4142276346683502,0.045674704015254974,-0.02295518107712269,0.4984217584133148,0.028699254617094994,0.44319456815719604,0.5701655745506287,0.0,0.0,-0.018594250082969666,0.13573117554187775,0.11693134903907776,0.0008452666806988418,-0.0001421392080374062,0.06661950796842575,0.009306235238909721,0.014345931820571423
internal256,1174_0.74_1.33.png,0.5872583389282227,0.008108138106763363,0.5576643943786621,0.6137073040008545,0.0,0.0,0.0035709580406546593,-0.056206922978162766,0.6219666004180908,-0.01919170282781124,0.6484095454216003,-0.0013516852632164955,0.5375766158103943,0.28455278277397156,0.022916512563824654,0.9925029277801514,0.001271264860406518,0.019831731915473938,0.9137382507324219,0.049642253667116165,0.6221282482147217,0.010508665814995766,0.6237888336181641,-0.0071882265619933605,0.5048385858535767,0.03919858857989311,0.27184048295021057,0.7286413908004761,0.0,0.0,-0.006304272450506687,0.24611271917819977,0.1943504959344864,0.002800541929900646,8.06838070275262e-05,0.41004112362861633,0.05075230076909065,-0.028284288942813873,0.5103958249092102,0.029351593926548958,0.4443419277667999,0.5706492066383362,0.0,0.0,-0.011325567960739136,0.1537502259016037,0.126946359872818,0.000703539582900703,-7.70793340052478e-05,0.05735549330711365,0.011074641719460487,0.01080331951379776,0.5912601351737976,0.00886536668986082,0.5700015425682068,0.6232317686080933,0.0,0.0,-0.0,-0.053561944514513016,0.6233170032501221,-0.018268510699272156,0.6470659375190735,-0.0024623707868158817,0.44003918766975403,0.0694861188530922,0.18471461534500122,0.7238802313804626,0.0,0.0,0.5505563616752625,0.0648874044418335,0.5883787870407104,0.008139487355947495,0.5771207213401794,-0.0020082162227481604,0.5074365735054016,0.04136662185192108,0.314897745847702,0.7185105681419373,0.0,0.0,0.04819955676794052,0.28218212723731995,0.23049823939800262,0.0027083014138042927,-0.0005600386648438871,0.41009557247161865,0.05072089284658432,-0.02295518107712269,0.4983430802822113,0.028939222916960716,0.44249698519706726,0.5694271922111511,0.0,0.0,-0.008533531799912453,0.12366355210542679,0.10393451899290085,0.000748134742025286,-6.274312181631103e-05,0.05737602710723877,0.0110695855692029,0.014345931820571423
internal256,1192_0.85_0.98.png,0.5756356716156006,0.008061247877776623,0.5590063333511353,0.6060155034065247,0.0,0.0,0.002662937855347991,-0.05637190490961075,0.618863582611084,-0.019637204706668854,0.6448889374732971,-0.0013516852632164955,0.6682465076446533,0.32622283697128296,0.007256330456584692,0.978417158126831,0.0073271081782877445,0.003651997074484825,0.6818886995315552,0.047359906136989594,0.6587247848510742,0.012837110087275505,0.6720430850982666,-0.0071882265619933605,0.5068451166152954,0.0478815883398056,0.27662208676338196,0.7265563607215881,0.0,0.0,-0.04948672652244568,0.30592411756515503,0.24711459875106812,0.0035909065045416355,0.0006920929299667478,0.39258328080177307,0.03823945298790932,-0.028284288942813873,0.5104206800460815,0.02937931939959526,0.44647908210754395,0.5722367167472839,0.0,0.0,-0.026998920366168022,0.17449046671390533,0.1441531628370285,0.0008005566196516156,-0.00016679767577443272,0.05674496665596962,0.00754889752715826,0.01080331951379776,0.5806805491447449,0.009542335756123066,0.5673394799232483,0.6168047189712524,0.0,0.0,-0.0,-0.05372771993279457,0.6204715967178345,-0.01867891661822796,0.6438597440719604,-0.0024623707868158817,0.47405093908309937,0.08781101554632187,0.13460992276668549,0.6540603637695312,0.0,0.0,0.4681470990180969,0.06460853666067123,0.5958280563354492,0.008735068142414093,0.5875398516654968,-0.0020082162227481604,0.5126003623008728,0.06124185770750046,0.26281318068504333,0.7836185693740845,0.0,0.0,0.0801561176776886,0.36147958040237427,0.3055236339569092,0.0036520189605653286,-0.0010099709033966064,0.39265212416648865,0.03835734724998474,-0.02295518107712269,0.49844470620155334,0.028762664645910263,0.443056583404541,0.5745717287063599,0.0,0.0,-0.02501130849123001,0.12980437278747559,0.11174923181533813,0.0008066467707976699,-0.000183899886906147,0.05675705149769783,0.007548537105321884,0.014345931820571423
internal256,1202_0.79_1.51.png,0.5931634306907654,0.01273412723094225,0.5608505010604858,0.6209715008735657,0.0,0.0,0.0006399456178769469,-0.05612310394644737,0.6235924959182739,-0.01896536536514759,0.6502454280853271,-0.0013516852632164955,0.47360366582870483,0.29195767641067505,0.019722703844308853,0.9890753030776978,0.0030741493683308363,0.14987055957317352,0.9214718341827393,0.05075963959097862,0.6092374324798584,0.0093687130138278,0.6061808466911316,-0.0071882265619933605,0.5039329528808594,0.035785872489213943,0.299228310585022,0.6919915676116943,0.0,0.0,0.009315059520304203,0.23328526318073273,0.18437248468399048,0.0026523612905293703,-0.00013208725431468338,0.42495444416999817,0.052348122000694275,-0.028284288942813873,0.5104537606239319,0.029424794018268585,0.444442480802536,0.5719249248504639,0.0,0.0,-0.005314607173204422,0.15735425055027008,0.1296340972185135,0.000717407965566963,-4.3101172195747495e-05,0.06273531913757324,0.012837722897529602,0.01080331951379776,0.5989212393760681,0.013923591934144497,0.5675391554832458,0.6314955949783325,0.0,0.0,0.015255546197295189,-0.05344189330935478,0.6254424452781677,-0.017971327528357506,0.6494499444961548,-0.0024623707868158817,0.43706539273262024,0.08480662107467651,0.15272025763988495,0.6779389977455139,0.0,0.0,0.584997832775116,0.06491179019212723,0.5882781744003296,0.008087413385510445,0.5769268274307251,-0.0020082162227481604,0.5058000087738037,0.03651401773095131,0.30772340297698975,0.7166412472724915,0.0,0.0,0.041825070977211,0.26417309045791626,0.2110443115234375,0.0024602978955954313,-0.0004711202345788479,0.4249322712421417,0.05232439562678337,-0.02295518107712269,0.49817347526550293,0.029031280428171158,0.4420846700668335,0.5690926313400269,0.0,0.0,-0.005744018126279116,0.12698794901371002,0.1040486991405487,0.0007474413723684847,-4.361579703981988e-05,0.06274464726448059,0.012850440107285976,0.014345931820571423
internal256,1219_0.76_1.2.png,0.5874366760253906,0.007464197929948568,0.5673986077308655,0.612689733505249,0.0,0.0,-0.0,-0.05620439723134041,0.6220118999481201,-0.019184866920113564,0.6484611630439758,-0.0013516852632164955,0.5980260968208313,0.3484293222427368,0.015680523589253426,0.9895528554916382,0.010586168617010117,0.007465791422873735,0.7881104946136475,0.0485864132642746,0.6439352035522461,0.011585833504796028,0.6523317098617554,-0.0071882265619933605,0.5050787329673767,0.038165803998708725,0.2757713794708252,0.7008193135261536,0.0,0.0,0.00923963449895382,0.2466457337141037,0.19014152884483337,0.0027460395358502865,-0.00014294688298832625,0.3397822082042694,0.04886656627058983,-0.028284288942813873,0.510409951210022,0.029323676601052284,0.4459531009197235,0.571727991104126,0.0,0.0,-0.01459530834108591,0.15549227595329285,0.13072216510772705,0.0007249903283081949,-9.334801870863885e-05,0.046309374272823334,0.007924877107143402,0.01080331951379776,0.5920060873031616,0.008638761006295681,0.5708858370780945,0.6215843558311462,0.0,0.0,-0.0,-0.05355025827884674,0.6235186457633972,-0.018239576369524002,0.6472928524017334,-0.0024623707868158817,0.4395361840724945,0.09787868708372116,0.16784539818763733,0.6860461831092834,0.0,0.0,0.5776494741439819,0.0648915246129036,0.5892466902732849,0.008130679838359356,0.5782446265220642,-0.0020082162227481604,0.5077048540115356,0.04177124798297882,0.29142042994499207,0.738172173500061,0.0,0.0,0.05075440555810928,0.2841217815876007,0.23084968328475952,0.0027111447416245937,-0.0005772747681476176,0.33986344933509827,0.04894458130002022,-0.02295518107712269,0.4984203279018402,0.02853696048259735,0.44398772716522217,0.5698555707931519,0.0,0.0,-0.008699988946318626,0.12483002990484238,0.10630320012569427,0.0007653342909179628,-6.299690721789375e-05,0.04629521444439888,0.007928065024316311,0.014345931820571423
internal256,1220_0.82_1.9.png,0.5910794138908386,0.007290546782314777,0.5708916783332825,0.6141085028648376,0.0,0.0,-0.0,-0.05615268275141716,0.6229961514472961,-0.019045237451791763,0.6495753526687622,-0.0013516852632164955,0.6499516367912292,0.3484252691268921,0.018075287342071533,0.9858607053756714,0.006957285571843386,0.06920303404331207,0.7783351540565491,0.047679461538791656,0.6567767858505249,0.012511108070611954,0.6692905426025391,-0.0071882265619933605,0.504325270652771,0.03553825616836548,0.28800591826438904,0.6833365559577942,0.0,0.0,0.024235107004642487,0.25820791721343994,0.203110933303833,0.0029196972027420998,-0.0003444361500442028,0.32206207513809204,0.05851324647665024,-0.028284288942813873,0.5103062987327576,0.029514051973819733,0.44398683309555054,0.5710489153862,0.0,0.0,-0.00706973671913147,0.17356441915035248,0.1442202925682068,0.000797366607002914,-5.4121690482134e-05,0.040897104889154434,0.01015996839851141,0.01080331951379776,0.5947527289390564,0.008267203345894814,0.5745353102684021,0.6231908202171326,0.0,0.0,-0.0,-0.05350722000002861,0.6242654323577881,-0.018133027479052544,0.6481326222419739,-0.0024623707868158817,0.46472418308258057,0.10467477887868881,0.17547982931137085,0.6684967279434204,0.0,0.0,0.5559602975845337,0.06468500941991806,0.5945616960525513,0.008571745827794075,0.5857000946998596,-0.0020082162227481604,0.5063360333442688,0.03870401903986931,0.28555336594581604,0.7367842197418213,0.0,0.0,0.042429402470588684,0.28816691040992737,0.23391389846801758,0.002741560572758317,-0.0004726430925074965,0.3220672905445099,0.05854186788201332,-0.02295518107712269,0.49842962622642517,0.028609298169612885,0.4420327842235565,0.5690112113952637,0.0,0.0,-0.0016266199527308345,0.13768285512924194,0.1180182471871376,0.0008492508786730468,-7.623839792358922e-06,0.04086318612098694,0.010165056213736534,0.014345931820571423
internal256,122_0.85_2.0.png,0.5846973061561584,0.009803119115531445,0.5684312582015991,0.6105203628540039,0.0,0.0,-0.0,-0.056243278086185455,0.6212862133979797,-0.01928986981511116,0.6476374268531799,-0.0013516852632164955,0.5894824862480164,0.3374699056148529,0.012575731612741947,0.9403798580169678,0.007512019481509924,0.0,0.682625949382782,0.048735637217760086,0.6404730677604675,0.01143359299749136,0.6478420495986938,-0.0071882265619933605,0.5037686824798584,0.03308999538421631,0.2907984256744385,0.6688936948776245,0.0,0.0,0.0168245118111372,0.19795845448970795,0.15578263998031616,0.002233860781416297,-0.00024164891510736197,0.35405483841896057,0.052327755838632584,-0.028284288942813873,0.5101568102836609,0.029418831691145897,0.44384920597076416,0.5715159773826599,0.0,0.0,-0.0166621096432209,0.1812550574541092,0.14583778381347656,0.0008080777479335666,-0.00010855058644665405,0.04898635670542717,0.0123320696875453,0.01080331951379776,0.5887084007263184,0.010056915692985058,0.5713231563568115,0.6189596056938171,0.0,0.0,-0.0,-0.05360192432999611,0.6226316690444946,-0.018367497250437737,0.6462938189506531,-0.0024623707868158817,0.4544316530227661,0.08342050760984421,0.10480840504169464,0.5834230184555054,0.0,0.0,0.49138957262039185,0.06476940214633942,0.5916697382926941,0.008391514420509338,0.5817185044288635,-0.0020082162227481604,0.5056568384170532,0.03553645685315132,0.31519603729248047,0.708569347858429,0.0,0.0,0.05115244537591934,0.2360752373933792,0.19268062710762024,0.002253649989143014,-0.0006006466574035585,0.3540804088115692,0.05232236534357071,-0.02295518107712269,0.49855977296829224,0.02897557057440281,0.4322859048843384,0.5721797943115234,0.0,0.0,-0.002358552999794483,0.1285371631383896,0.11077622324228287,0.0007962507661432028,-7.767082934151404e-06,0.048991717398166656,0.01232610922306776,0.014345931820571423
internal256,126_0.75_1.47.png,0.5813994407653809,0.01098599098622799,0.5464155077934265,0.6096742749214172,0.0,0.0,0.054214123636484146,-0.05629008635878563,0.6204103231430054,-0.019416283816099167,0.6466431617736816,-0.0013516852632164955,0.4734226167201996,0.3176385462284088,0.010736064054071903,0.9946117401123047,0.006125185173004866,0.17441752552986145,0.898797869682312,0.05076279863715172,0.6123097538948059,0.009365488775074482,0.6100823283195496,-0.0071882265619933605,0.5054217576980591,0.043970491737127304,0.2531059682369232,0.7773670554161072,0.0,0.0,-0.02691587433218956,0.2826623022556305,0.2258211374282837,0.003263199934735894,0.0003731534816324711,0.44157418608665466,0.05129128694534302,-0.028284288942813873,0.5104873776435852,0.02930726483464241,0.44469669461250305,0.5751118063926697,0.0,0.0,-0.015827404335141182,0.16385887563228607,0.13350962102413177,0.0007405013311654329,-0.00010143833060283214,0.07196864485740662,0.010256719775497913,0.01080331951379776,0.5869839787483215,0.00988028198480606,0.5631377696990967,0.6177836656570435,0.0,0.0,-0.0,-0.05362895131111145,0.6221649050712585,-0.018434392288327217,0.6457683444023132,-0.0024623707868158817,0.43808263540267944,0.10143514722585678,0.14358901977539062,0.7400510311126709,0.0,0.0,0.6448547840118408,0.06490344554185867,0.5891066193580627,0.008105224929749966,0.5780311822891235,-0.0020082162227481604,0.5091149210929871,0.04826950281858444,0.27265259623527527,0.7489745616912842,0.0,0.0,0.05482408031821251,0.33340102434158325,0.27407851815223694,0.0032343952916562557,-0.0006502264877781272,0.4415440261363983,0.051257263869047165,-0.02295518107712269,0.4984428882598877,0.02881988137960434,0.44100117683410645,0.5729095935821533,0.0,0.0,-0.01653321273624897,0.13700902462005615,0.11361952871084213,0.0008206483907997608,-0.00012606008385773748,0.07198329269886017,0.010243533179163933,0.014345931820571423
internal256,1280_0.67_0.76.png,0.583861231803894,0.009777436964213848,0.5458699464797974,0.6062946319580078,0.0,0.0,0.050384391099214554,-0.05625513941049576,0.6210618615150452,-0.019321918487548828,0.6473830938339233,-0.0013516852632164955,0.31399965286254883,0.23237088322639465,0.017442721873521805,0.9949072003364563,0.0036288832779973745,0.030972633510828018,0.8274182677268982,0.053547363728284836,0.5745009183883667,0.006524687632918358,0.5581265091896057,-0.0071882265619933605,0.5034883618354797,0.03747935965657234,0.23523671925067902,0.7698699235916138,0.0,0.0,-0.010472159832715988,0.2636318504810333,0.20420855283737183,0.0029325082432478666,0.00014159304555505514,0.5242234468460083,0.05479811504483223,-0.028284288942813873,0.5105169415473938,0.029144201427698135,0.44493231177330017,0.5723284482955933,0.0,0.0,-0.017474178224802017,0.14178171753883362,0.11743839085102081,0.0006509814993478358,-0.00010679210390662774,0.08289719372987747,0.01451440155506134,0.01080331951379776,0.590103268623352,0.010491820983588696,0.560894250869751,0.6179327964782715,0.0,0.0,0.0014470878522843122,-0.05358007550239563,0.6230118870735168,-0.018313389271497726,0.6467214226722717,-0.0024623707868158817,0.3854151666164398,0.07641340792179108,0.13582667708396912,0.7416032552719116,0.0,0.0,0.5480340123176575,0.06533526629209518,0.5783876180648804,0.00718296505510807,0.5628476142883301,-0.0020082162227481604,0.5070634484291077,0.041562434285879135,0.24346448481082916,0.8141070604324341,0.0,0.0,0.05413281172513962,0.2838967740535736,0.22663624584674835,0.002665195381268859,-0.0006429338245652616,0.5240967273712158,0.05484197288751602,-0.02295518107712269,0.49826741218566895,0.029217036440968513,0.44100072979927063,0.5721111297607422,0.0,0.0,-0.010818172246217728,0.11787907779216766,0.09740986675024033,0.0007029889384284616,-8.131782669806853e-05,0.0829070433974266,0.014515100978314877,0.014345931820571423
internal256,1288_0.95_1.97.png,0.5869210958480835,0.00927777774631977,0.5689468383789062,0.6084400415420532,0.0,0.0,-0.0,-0.05621171370148659,0.6218814253807068,-0.019204631447792053,0.6483121514320374,-0.0013516852632164955,0.6655781269073486,0.30990394949913025,0.02571943774819374,0.9794319272041321,0.0012019231216982007,0.38352903723716736,0.7752916812896729,0.04740652069449425,0.656114399433136,0.012789559550583363,0.668754518032074,-0.0071882265619933605,0.5053542852401733,0.03951987624168396,0.3103649914264679,0.6630188822746277,0.0,0.0,-0.001464292872697115,0.21698887646198273,0.17267706990242004,0.002499186433851719,7.667011232115328e-06,0.3279508650302887,0.039357852190732956,-0.028284288942813873,0.5102596879005432,0.0295850969851017,0.4437641203403473,0.5661640167236328,0.0,0.0,-0.006375982891768217,0.1724807173013687,0.140056774020195,0.0007728098426014185,-5.2540719480020925e-05,0.036034733057022095,0.008820983581244946,0.01080331951379776,0.5885965824127197,0.008838297799229622,0.5733888149261475,0.6127380132675171,0.0,0.0,-0.0,-0.05360368266701698,0.6225950121879578,-0.018371837213635445,0.6462534070014954,-0.0024623707868158817,0.48936039209365845,0.08898544311523438,0.1748252511024475,0.6380305290222168,0.0,0.0,0.5555834174156189,0.06448301672935486,0.5990839004516602,0.009003152139484882,0.5920828580856323,-0.0020082162227481604,0.5082488059997559,0.04205311834812164,0.29521963000297546,0.746809720993042,0.0,0.0,0.029456060379743576,0.23269136250019073,0.1855500340461731,0.002177193760871887,-0.0003426526382099837,0.32778772711753845,0.039437565952539444,-0.02295518107712269,0.49844130873680115,0.028900327160954475,0.4399903118610382,0.5676242709159851,0.0,0.0,-0.00515946326777339,0.12551407516002655,0.103944793343544,0.0007459783228114247,-3.4056083677569404e-05,0.03599074110388756,0.008836107328534126,0.014345931820571423
internal256,1289_1.0_1.69.png,0.590790867805481,0.006446906831115484,0.5680712461471558,0.6163756847381592,0.0,0.0,-0.0,-0.05615678057074547,0.622914731502533,-0.019056301563978195,0.6494836807250977,-0.0013516852632164955,0.7352161407470703,0.3138291835784912,0.009275486692786217,0.981691300868988,0.0028892382979393005,0.15479382872581482,0.704836368560791,0.046190183609724045,0.6753222942352295,0.014030459336936474,0.6937636733055115,-0.0071882265619933605,0.5038967728614807,0.03459501639008522,0.2325090914964676,0.7163244485855103,0.0,0.0,0.014698181301355362,0.25328776240348816,0.19774194061756134,0.002843644469976425,-0.00019933874136768281,0.33727315068244934,0.05469018593430519,-0.028284288942813873,0.510215699672699,0.029585223644971848,0.44344761967658997,0.5772690176963806,0.0,0.0,-0.009248328395187855,0.17036980390548706,0.14307494461536407,0.0007901401841081679,-6.896329432493076e-05,0.0507705956697464,0.011504646390676498,0.01080331951379776,0.5940417051315308,0.006609832867980003,0.5723892450332642,0.6226268410682678,0.0,0.0,-0.0,-0.05351835861802101,0.6240645051002502,-0.018160611391067505,0.6479077339172363,-0.0024623707868158817,0.4932065010070801,0.08516696095466614,0.1447804719209671,0.6593365669250488,0.0,0.0,0.5305266380310059,0.06445148587226868,0.5997706055641174,0.009070499800145626,0.593052089214325,-0.0020082162227481604,0.5065277218818665,0.0376085489988327,0.2889201045036316,0.7520326972007751,0.0,0.0,0.02534092776477337,0.2725429832935333,0.22119784355163574,0.002596933161839843,-0.00027400036924518645,0.3371717929840088,0.054793693125247955,-0.02295518107712269,0.49851104617118835,0.028505690395832062,0.4403823912143707,0.5694668292999268,0.0,0.0,-0.002991621382534504,0.12981043756008148,0.11071783304214478,0.0007952721789479256,-1.506781336502172e-05,0.0507526621222496,0.011519737541675568,0.014345931820571423
internal256,1308_0.84_1.04.png,0.5815450549125671,0.008308138698339462,0.558682382106781,0.5997775197029114,0.0,0.0,0.000919351470656693,-0.05628801882266998,0.6204348206520081,-0.019410694018006325,0.6466730237007141,-0.0013516852632164955,0.4707598388195038,0.3223555386066437,0.025953704491257668,0.9912347793579102,0.0028661242686212063,0.0001849112450145185,0.8400198221206665,0.050809308886528015,0.6123682856559753,0.009318041615188122,0.6101032495498657,-0.0071882265619933605,0.5050634741783142,0.03949940204620361,0.25463709235191345,0.7488877773284912,0.0,0.0,-0.020494921132922173,0.23708216845989227,0.18697373569011688,0.002704476471990347,0.00027126356144435704,0.38064223527908325,0.03433326631784439,-0.028284288942813873,0.5104324221611023,0.02924988605082035,0.4473210871219635,0.5716242790222168,0.0,0.0,-0.017696749418973923,0.15269288420677185,0.1256610006093979,0.000696624512784183,-0.00011139589332742617,0.05561213567852974,0.0068504358641803265,0.01080331951379776,0.5857214331626892,0.009660677053034306,0.5677090287208557,0.6080784797668457,0.0,0.0,-0.0,-0.05364873632788658,0.6218236088752747,-0.018483364954590797,0.6453839540481567,-0.0024623707868158817,0.4276580810546875,0.08605226874351501,0.16762684285640717,0.7532193064689636,0.0,0.0,0.5729402303695679,0.06498891115188599,0.5865018367767334,0.007922681979835033,0.5744048357009888,-0.0020082162227481604,0.5102765560150146,0.0501888208091259,0.2914089262485504,0.7375388145446777,0.0,0.0,0.06478732079267502,0.2742187976837158,0.22517621517181396,0.0026747211813926697,-0.0007921165670268238,0.38059502840042114,0.03433961048722267,-0.02295518107712269,0.49836310744285583,0.02899906411767006,0.4435986280441284,0.5730271339416504,0.0,0.0,-0.014257164672017097,0.11894068866968155,0.09975293278694153,0.0007195179350674152,-0.00010532919986872002,0.055615946650505066,0.006856941618025303,0.014345931820571423
internal256,1335_0.93_1.95.png,0.5944984555244446,0.00963726919144392,0.5638046860694885,0.6213840842247009,0.0,0.0,-0.0,-0.0561041533946991,0.6239369511604309,-0.01891419105231762,0.6506374478340149,-0.0013516852632164955,0.5371690392494202,0.279948890209198,0.03359781950712204,0.9941825270652771,0.0003004807804245502,0.05947208032011986,0.9482321739196777,0.04964936897158623,0.6215296387672424,0.010501404292881489,0.623025119304657,-0.0071882265619933605,0.504643440246582,0.037797778844833374,0.3506428301334381,0.6524335145950317,0.0,0.0,0.0033789260778576136,0.2300877571105957,0.1842314600944519,0.0026540658436715603,-5.731308556278236e-05,0.38375967741012573,0.050721827894449234,-0.028284288942813873,0.510368824005127,0.029489772394299507,0.44219303131103516,0.5663017630577087,0.0,0.0,-0.001490690279752016,0.16014549136161804,0.13203592598438263,0.0007294178358279169,-2.319893792446237e-05,0.051271677017211914,0.011092109605669975,0.01080331951379776,0.5977063179016113,0.01032366044819355,0.5718432664871216,0.6278259754180908,0.0,0.0,0.0017000131774693727,-0.05346094071865082,0.6250845789909363,-0.018018458038568497,0.6490514278411865,-0.0024623707868158817,0.4505190849304199,0.07338399440050125,0.2113984376192093,0.7181015014648438,0.0,0.0,0.5640137195587158,0.06480147689580917,0.5905669927597046,0.00832300167530775,0.5801982283592224,-0.0020082162227481604,0.507378876209259,0.04035370424389839,0.3108537197113037,0.718078076839447,0.0,0.0,0.04378516599535942,0.24166417121887207,0.19811418652534485,0.0023223350290209055,-0.0005046604783274233,0.3837549388408661,0.050722669810056686,-0.02295518107712269,0.49798592925071716,0.029238641262054443,0.4401279389858246,0.5706372261047363,0.0,0.0,-0.003539597149938345,0.12924164533615112,0.10581165552139282,0.0007589202141389251,-2.632863834151067e-05,0.051286082714796066,0.011083767749369144,0.014345931820571423
internal256,134_0.82_1.41.png,0.5862729549407959,0.009669091552495956,0.5679290294647217,0.608214259147644,0.0,0.0,-0.0,-0.05622091144323349,0.6217089295387268,-0.019229471683502197,0.6481165289878845,-0.0013516852632164955,0.6117275953292847,0.340641587972641,0.023224715143442154,0.9825899004936218,0.0023345043882727623,0.35382765531539917,0.8040730357170105,0.048347096890211105,0.6462439894676208,0.011829983443021774,0.6554713845252991,-0.0071882265619933605,0.5045525431632996,0.03649287298321724,0.34648144245147705,0.6686547994613647,0.0,0.0,-0.0056139263324439526,0.21794569492340088,0.17474807798862457,0.0025217910297214985,8.140216959873214e-05,0.3632146716117859,0.036895349621772766,-0.028284288942813873,0.5103228688240051,0.029483631253242493,0.4453165531158447,0.5661150813102722,0.0,0.0,-0.01178466435521841,0.1648981124162674,0.1342085599899292,0.0007422160706482828,-8.14331797300838e-05,0.046125754714012146,0.008102145045995712,0.01080331951379776,0.5901375412940979,0.009865163825452328,0.5740366578102112,0.6139907240867615,0.0,0.0,-0.0,-0.05357953906059265,0.6230175495147705,-0.018312061205506325,0.6467283964157104,-0.0024623707868158817,0.48450106382369995,0.1052335724234581,0.20044724643230438,0.6459236741065979,0.0,0.0,0.5806625485420227,0.06452285498380661,0.5986869931221008,0.008918060921132565,0.5914685726165771,-0.0020082162227481604,0.5086823105812073,0.04342283308506012,0.25832346081733704,0.7825497984886169,0.0,0.0,0.0361807756125927,0.23937949538230896,0.19200998544692993,0.002255938248708844,-0.0004177663940936327,0.36311063170433044,0.03692648187279701,-0.02295518107712269,0.4983433783054352,0.02892416901886463,0.44617587327957153,0.5686063170433044,0.0,0.0,-0.010193771682679653,0.12280208617448807,0.10154277086257935,0.0007292117225006223,-7.379615271929651e-05,0.046115465462207794,0.008098513819277287,0.014345931820571423
internal256,1359_0.92_1.46.png,0.5897583365440369,0.009252476505935192,0.5644657015800476,0.6162089705467224,0.0,0.0,-0.0,-0.05617143586277962,0.6226472854614258,-0.019095880910754204,0.6491792798042297,-0.0013516852632164955,0.6147775053977966,0.31248217821121216,0.018610188737511635,0.9862080812454224,0.004553439561277628,0.18551219999790192,0.8709338903427124,0.0482938252389431,0.6435331106185913,0.01188433263450861,0.6521444320678711,-0.0071882265619933605,0.5053289532661438,0.039500895887613297,0.3544660210609436,0.6591514348983765,0.0,0.0,0.0028652537148445845,0.23125161230564117,0.1834336370229721,0.0026538497768342495,-5.823850733577274e-05,0.33681532740592957,0.04578409716486931,-0.028284288942813873,0.5103268623352051,0.029502779245376587,0.44503816962242126,0.5690411925315857,0.0,0.0,-0.0053445096127688885,0.16420075297355652,0.1343124657869339,0.0007416571024805307,-4.573034311761148e-05,0.03887034207582474,0.010230734944343567,0.01080331951379776,0.5916392207145691,0.009904500097036362,0.5721433758735657,0.6238889694213867,0.0,0.0,-0.0,-0.05355600267648697,0.6234254837036133,-0.018253806978464127,0.6471871137619019,-0.0024623707868158817,0.4767846167087555,0.0931941345334053,0.18577940762043,0.6942781805992126,0.0,0.0,0.6199929118156433,0.06458612531423569,0.5965919494628906,0.008782938122749329,0.5885892510414124,-0.0020082162227481604,0.5085063576698303,0.0437261238694191,0.2967395782470703,0.7422812581062317,0.0,0.0,0.038345422595739365,0.25189465284347534,0.20245611667633057,0.002376384334638715,-0.00044483502279035747,0.3367118239402771,0.04583010822534561,-0.02295518107712269,0.49833443760871887,0.028850575909018517,0.442777156829834,0.573849618434906,0.0,0.0,-0.006829709280282259,0.12585018575191498,0.1035604178905487,0.0007430413970723748,-4.884368536295369e-05,0.038859136402606964,0.010243609547615051,0.014345931820571423
internal256,1360_0.65_0.69.png,0.5790570974349976,0.009239975363016129,0.5530799627304077,0.6015357375144958,0.0,0.0,0.025365188717842102,-0.0563233382999897,0.6197764277458191,-0.01950605772435665,0.6459251046180725,-0.0013516852632164955,0.47803425788879395,0.3312588334083557,0.022733546793460846,0.9929943680763245,0.004992603790014982,0.024107802659273148,0.823298990726471,0.050682250410318375,0.614995539188385,0.009447668679058552,0.6135839819908142,-0.0071882265619933605,0.506463348865509,0.04643918201327324,0.30715084075927734,0.7073107957839966,0.0,0.0,-0.03569023683667183,0.31018418073654175,0.2495289146900177,0.003617858747020364,0.00047067293780855834,0.374521940946579,0.04261606186628342,-0.028284288942813873,0.5104619264602661,0.029190009459853172,0.44696494936943054,0.5700774192810059,0.0,0.0,-0.021273689344525337,0.15812429785728455,0.13035482168197632,0.0007236103410832584,-0.00013053051952738315,0.04776874557137489,0.007901908829808235,0.01080331951379776,0.5827697515487671,0.010404546745121479,0.5650083422660828,0.610774040222168,0.0,0.0,-0.0,-0.05369497463107109,0.6210351586341858,-0.018597867339849472,0.6444946527481079,-0.0024623707868158817,0.4267353415489197,0.0876394584774971,0.1638704389333725,0.6988816261291504,0.0,0.0,0.6103801131248474,0.06499648094177246,0.5863813161849976,0.007906523533165455,0.5742275714874268,-0.0020082162227481604,0.5120905041694641,0.060118842869997025,0.2841588854789734,0.7628012895584106,0.0,0.0,0.0675671175122261,0.34361153841018677,0.2828497290611267,0.0033681972417980433,-0.000854050274938345,0.3745582401752472,0.04267529398202896,-0.02295518107712269,0.49854305386543274,0.028797898441553116,0.440513551235199,0.5731455087661743,0.0,0.0,-0.019766228273510933,0.1266273856163025,0.1087505891919136,0.0007865800871513784,-0.00014797865878790617,0.047774311155080795,0.007911807857453823,0.014345931820571423
internal256,1378_0.56_1.67.png,0.5762251615524292,0.010277307592332363,0.5618600845336914,0.6018888354301453,0.0,0.0,0.0014470878522843122,-0.0563635416328907,0.6190308928489685,-0.019614607095718384,0.6450772881507874,-0.0013516852632164955,0.520878791809082,0.3542250096797943,0.02092406339943409,0.9837450981140137,0.0021495933178812265,0.0008552144863642752,0.6819120049476624,0.04993390291929245,0.6270851492881775,0.010211124084889889,0.6297141909599304,-0.0071882265619933605,0.5069421529769897,0.049423910677433014,0.3105843961238861,0.7098634243011475,0.0,0.0,-0.04044823348522186,0.3459576368331909,0.27820825576782227,0.004036715254187584,0.0005525100859813392,0.3693726360797882,0.04503193497657776,-0.028284288942813873,0.5105054378509521,0.029265033081173897,0.44638025760650635,0.572579562664032,0.0,0.0,-0.020507734268903732,0.17902669310569763,0.14666138589382172,0.0008149347268044949,-0.00012704823166131973,0.04591694846749306,0.008093282580375671,0.01080331951379776,0.5823552012443542,0.011977930553257465,0.5664294958114624,0.6142609715461731,0.0,0.0,-0.0,-0.05370147526264191,0.6209338903427124,-0.018613945692777634,0.644379198551178,-0.0024623707868158817,0.43586307764053345,0.09471794217824936,0.18907612562179565,0.6657589673995972,0.0,0.0,0.5116908550262451,0.06492163985967636,0.5884061455726624,0.008066359907388687,0.5770689249038696,-0.0020082162227481604,0.5123895406723022,0.06414259970188141,0.25672921538352966,0.7891537547111511,0.0,0.0,0.07105202972888947,0.3931865990161896,0.32856327295303345,0.003914407920092344,-0.0008752945577725768,0.36934319138526917,0.044992588460445404,-0.02295518107712269,0.4985271394252777,0.02877710945904255,0.4403361976146698,0.5709502100944519,0.0,0.0,-0.022690648213028908,0.15935060381889343,0.1288018375635147,0.000932583468966186,-0.0001741699961712584,0.045924112200737,0.008089019916951656,0.014345931820571423
internal256,1384_0.55_1.84.png,0.5733262300491333,0.00915710162371397,0.5545748472213745,0.5962995290756226,0.0,0.0,0.18942715227603912,-0.056404680013656616,0.6182594895362854,-0.019725723192095757,0.6442011594772339,-0.0013516852632164955,0.40830573439598083,0.249740332365036,0.008592542260885239,0.9667179584503174,0.014492418617010117,0.00016179733211174607,0.8620498180389404,0.05190016329288483,0.5919530391693115,0.008205154910683632,0.5827340483665466,-0.0071882265619933605,0.5032632350921631,0.03950003907084465,0.28218090534210205,0.7448182702064514,0.0,0.0,-0.020437143743038177,0.29419395327568054,0.23128846287727356,0.0033097676932811737,0.00029799979529343545,0.4845844805240631,0.06044837832450867,-0.028284288942813873,0.5103767514228821,0.029263494536280632,0.4447229504585266,0.5711565613746643,0.0,0.0,-0.030883312225341797,0.17690810561180115,0.1431587189435959,0.0007957135676406324,-0.0001874128938652575,0.08839082717895508,0.015356151387095451,0.01080331951379776,0.5799320936203003,0.010725777596235275,0.5599123239517212,0.6065202355384827,0.0,0.0,0.04345318675041199,-0.05373944714665413,0.6202787160873413,-0.018707938492298126,0.6436409950256348,-0.0024623707868158817,0.39961007237434387,0.07171914726495743,0.1239982545375824,0.6315479874610901,0.0,0.0,0.545826256275177,0.06521888077259064,0.580793023109436,0.007431531324982643,0.5663185715675354,-0.0020082162227481604,0.5066777467727661,0.041104596108198166,0.3015487790107727,0.7449222207069397,0.0,0.0,0.059931062161922455,0.33420172333717346,0.27377447485923767,0.003223316976800561,-0.0007314058020710945,0.4845087230205536,0.060470107942819595,-0.02295518107712269,0.49858319759368896,0.029336947947740555,0.43815484642982483,0.5745262503623962,0.0,0.0,-0.019434811547398567,0.13622495532035828,0.11359197646379471,0.0008183502941392362,-0.0001362885523121804,0.08839403092861176,0.01534157246351242,0.014345931820571423
internal256,138_0.89_1.06.png,0.5846672654151917,0.010208500549197197,0.559806227684021,0.615033745765686,0.0,0.0,0.0011874446645379066,-0.05624369531869888,0.6212804317474365,-0.019291022792458534,0.647630512714386,-0.0013516852632164955,0.5430598855018616,0.33759650588035583,0.017076591029763222,0.988134503364563,0.006679918617010117,0.2107757031917572,0.8760755658149719,0.04954648017883301,0.629754900932312,0.0106063736602664,0.6335064768791199,-0.0071882265619933605,0.5048564672470093,0.0400078184902668,0.31760287284851074,0.6601107716560364,0.0,0.0,-0.028759686276316643,0.26001182198524475,0.20847491919994354,0.003008828032761812,0.00040369859198108315,0.4628007113933563,0.04693402722477913,-0.028284288942813873,0.5104628205299377,0.029396705329418182,0.44523724913597107,0.5749471187591553,0.0,0.0,-0.016669120639562607,0.16616813838481903,0.13539794087409973,0.0007505243993364275,-0.00010707796172937378,0.07256294786930084,0.011477330699563026,0.01080331951379776,0.5898965001106262,0.010826567187905312,0.568797767162323,0.6278766393661499,0.0,0.0,0.0003430882643442601,-0.053583309054374695,0.6229577660560608,-0.018321411684155464,0.646660327911377,-0.0024623707868158817,0.45476019382476807,0.10313490778207779,0.15328913927078247,0.7079900503158569,0.0,0.0,0.632205605506897,0.06476671248674393,0.5924796462059021,0.008397267200052738,0.5827814340591431,-0.0020082162227481604,0.5093695521354675,0.047774091362953186,0.3044309616088867,0.7457846403121948,0.0,0.0,0.050397466868162155,0.28853312134742737,0.23550647497177124,0.0027720462530851364,-0.0006045560003258288,0.4627690613269806,0.046972863376140594,-0.02295518107712269,0.4983052909374237,0.028978535905480385,0.4420466423034668,0.5721491575241089,0.0,0.0,-0.016529630869627,0.1293172389268875,0.1090688407421112,0.0007864595972932875,-0.00012421510473359376,0.0725598856806755,0.011472134850919247,0.014345931820571423
internal256,1398_0.8_1.34.png,0.5835683345794678,0.008307801559567451,0.5580191612243652,0.6109734177589417,0.0,0.0,0.005072274245321751,-0.05625929683446884,0.6209759712219238,-0.019333142787218094,0.6472868323326111,-0.0013516852632164955,0.525292694568634,0.32206690311431885,0.015306123532354832,0.9812257885932922,0.01698872074484825,0.003235946875065565,0.8807265162467957,0.04985680803656578,0.6238299012184143,0.01028977707028389,0.6256952881813049,-0.0071882265619933605,0.5044680237770081,0.037715163081884384,0.29592591524124146,0.69603431224823,0.0,0.0,0.00042334076715633273,0.2513807713985443,0.19472120702266693,0.002802878851071,-1.2075512131559663e-05,0.4325966536998749,0.0537283755838871,-0.028284288942813873,0.5103830099105835,0.029289748519659042,0.4447205066680908,0.5704917907714844,0.0,0.0,-0.019047625362873077,0.1551479697227478,0.12867006659507751,0.0007141972309909761,-0.00011938124953303486,0.07054245471954346,0.012309294193983078,0.01080331951379776,0.5887545347213745,0.0092057716101408,0.5683140158653259,0.6174704432487488,0.0,0.0,-0.0,-0.053601205348968506,0.6226395964622498,-0.018365707248449326,0.6463034152984619,-0.0024623707868158817,0.43137338757514954,0.08325627446174622,0.1754264235496521,0.6994169354438782,0.0,0.0,0.5965744256973267,0.06495845317840576,0.5871202945709229,0.007987739518284798,0.5752925872802734,-0.0020082162227481604,0.5072351098060608,0.041340168565511703,0.294757604598999,0.7638854384422302,0.0,0.0,0.05878674238920212,0.289707213640213,0.2334350049495697,0.0027416308876127005,-0.0006893103709444404,0.4325922429561615,0.05379293113946915,-0.02295518107712269,0.4984126389026642,0.028783367946743965,0.443156361579895,0.5712965130805969,0.0,0.0,-0.011092583648860455,0.1229114904999733,0.10445316135883331,0.0007520660874433815,-7.935451139928773e-05,0.0705481544137001,0.012320907786488533,0.014345931820571423
internal256,13_0.94_1.35.png,0.5829228758811951,0.00690308166667819,0.5530716180801392,0.6043722033500671,0.0,0.0,0.003348038997501135,-0.05626846104860306,0.6207972168922424,-0.01935788244009018,0.6470849514007568,-0.0013516852632164955,0.4307818114757538,0.38607949018478394,0.016843145713210106,0.9864310622215271,0.015232063829898834,0.23113904893398285,0.7085522413253784,0.05150758847594261,0.6135488748550415,0.008605659939348698,0.610801100730896,-0.0071882265619933605,0.5041555166244507,0.03627631813287735,0.32039710879325867,0.6803011894226074,0.0,0.0,-0.014291949570178986,0.27628254890441895,0.21837426722049713,0.0031450141686946154,0.00019672804046422243,0.42491623759269714,0.05118473991751671,-0.028284288942813873,0.5105019211769104,0.029263023287057877,0.44476190209388733,0.5716542601585388,0.0,0.0,-0.01813555881381035,0.1633204072713852,0.13407345116138458,0.0007420647889375687,-0.00011171595542691648,0.06497767567634583,0.011235012672841549,0.01080331951379776,0.5892799496650696,0.007875502109527588,0.5652818083763123,0.613591194152832,0.0,0.0,-0.0,-0.053592976182699203,0.6227754950523376,-0.01834532804787159,0.6464571356773376,-0.0024623707868158817,0.4245803654193878,0.13057611882686615,0.1776370257139206,0.6709848046302795,0.0,0.0,0.6405242681503296,0.06501414626836777,0.5878811478614807,0.007868786342442036,0.5761457085609436,-0.0020082162227481604,0.5099631547927856,0.051899660378694534,0.25692474842071533,0.7874676585197449,0.0,0.0,0.044924285262823105,0.289224773645401,0.23300392925739288,0.002753669396042824,-0.0005311301210895181,0.4248359203338623,0.051438942551612854,-0.02295518107712269,0.4983678162097931,0.0287554282695055,0.4422498643398285,0.5721504092216492,0.0,0.0,-0.01655454747378826,0.13927964866161346,0.11861972510814667,0.0008567579789087176,-0.0001261673023691401,0.06497203558683395,0.011260701343417168,0.014345931820571423
internal256,1404_0.5_1.73.png,0.583619236946106,0.009132113307714462,0.5583466291427612,0.6108097434043884,0.0,0.0,0.0021899074781686068,-0.05625857412815094,0.6209936141967773,-0.01933119259774685,0.6473062038421631,-0.0013516852632164955,0.5618859529495239,0.2593277394771576,0.014863566495478153,0.9742575883865356,0.004068047273904085,0.0003004807804245502,0.9083283543586731,0.04921765252947807,0.6250283718109131,0.010941841639578342,0.6279221177101135,-0.0071882265619933605,0.5055572986602783,0.04133334755897522,0.3093113303184509,0.6877681016921997,0.0,0.0,-0.017980728298425674,0.24964246153831482,0.19708585739135742,0.0028531344141811132,0.00024098293215502053,0.3678504526615143,0.0401427187025547,-0.028284288942813873,0.5103537440299988,0.02934645302593708,0.4462832510471344,0.5713198781013489,0.0,0.0,-0.01361137069761753,0.15464985370635986,0.1271737515926361,0.0007049125852063298,-9.174009028356522e-05,0.04438707232475281,0.00764369685202837,0.01080331951379776,0.5867621898651123,0.010132321156561375,0.569920003414154,0.6222862601280212,0.0,0.0,-0.0,-0.05363241955637932,0.6221065521240234,-0.018442993983626366,0.6457024812698364,-0.0024623707868158817,0.45151403546333313,0.05721282958984375,0.15134297311306,0.6277603507041931,0.0,0.0,0.4811946451663971,0.06479332596063614,0.5903376340866089,0.008340424858033657,0.5799195170402527,-0.0020082162227481604,0.5086344480514526,0.04506112262606621,0.30528074502944946,0.7130635976791382,0.0,0.0,0.048384618014097214,0.2800109386444092,0.2287418395280838,0.0026953171472996473,-0.000580884690862149,0.3677622377872467,0.040253881365060806,-0.02295518107712269,0.4984067380428314,0.029057614505290985,0.4439648687839508,0.5708673000335693,0.0,0.0,-0.011985725723206997,0.11731046438217163,0.0953061506152153,0.0006857594707980752,-8.709084067959338e-05,0.044388167560100555,0.007652015425264835,0.014345931820571423
internal256,1441_0.58_1.73.png,0.5849953293800354,0.013708900660276413,0.5635690689086914,0.615627110004425,0.0,0.0,-0.0,-0.0562390498816967,0.6213918328285217,-0.019278444349765778,0.6477533578872681,-0.0013516852632164955,0.5364304184913635,0.32575926184654236,0.02414962649345398,0.9891144037246704,0.0007627588929608464,0.009060651063919067,0.7357495427131653,0.0496622733771801,0.6267569661140442,0.010488241910934448,0.629603385925293,-0.0071882265619933605,0.5044538378715515,0.03804240748286247,0.3018566370010376,0.6803677678108215,0.0,0.0,0.007110067643225193,0.23626507818698883,0.18781176209449768,0.002706443192437291,-0.0001055104803526774,0.36620625853538513,0.04698753356933594,-0.028284288942813873,0.5103500485420227,0.02945616841316223,0.44451096653938293,0.569787859916687,0.0,0.0,-0.010509517975151539,0.16771844029426575,0.13582302629947662,0.0007518196944147348,-7.459437620127574e-05,0.04619674012064934,0.010647332295775414,0.01080331951379776,0.5893732905387878,0.014925594441592693,0.5675728917121887,0.6281446218490601,0.0,0.0,0.000919351470656693,-0.053591515868902206,0.6228454113006592,-0.018341705203056335,0.6465298533439636,-0.0024623707868158817,0.45237281918525696,0.07652188837528229,0.1878449022769928,0.73655766248703,0.0,0.0,0.49101588129997253,0.06478627771139145,0.5910332202911377,0.008355461992323399,0.5808452367782593,-0.0020082162227481604,0.5063730478286743,0.03756231069564819,0.33537283539772034,0.67789626121521,0.0,0.0,0.04741444066166878,0.27594539523124695,0.22700200974941254,0.002652897033840418,-0.0005541077116504312,0.36618268489837646,0.046974122524261475,-0.02295518107712269,0.49843651056289673,0.029104173183441162,0.4434039294719696,0.5709001421928406,0.0,0.0,-0.007247265428304672,0.12173409759998322,0.09911227226257324,0.000712442270014435,-4.961556987836957e-05,0.046195246279239655,0.010654095560312271,0.014345931820571423
internal256,1454_0.62_1.48.png,0.5825648903846741,0.009597346186637878,0.5589581727981567,0.6092622876167297,0.0,0.0,0.000919351470656693,-0.05627353861927986,0.6207137703895569,-0.019371606409549713,0.646988570690155,-0.0013516852632164955,0.5292260050773621,0.2973758578300476,0.009462300688028336,0.9468807578086853,0.002704326994717121,0.0,0.7745273113250732,0.049788109958171844,0.62171870470047,0.010359865613281727,0.6231076717376709,-0.0071882265619933605,0.5056366920471191,0.0410880520939827,0.28943756222724915,0.7024545669555664,0.0,0.0,-0.011588230729103088,0.24177028238773346,0.18991167843341827,0.002751884050667286,0.0001387287920806557,0.34440159797668457,0.03620748221874237,-0.028284288942813873,0.5103253722190857,0.02931945025920868,0.4455289840698242,0.5722445845603943,0.0,0.0,-0.014919281005859375,0.1581765115261078,0.12895987927913666,0.0007147385040298104,-9.838206460699439e-05,0.04350639879703522,0.007710277568548918,0.01080331951379776,0.584746241569519,0.010852454230189323,0.5680263638496399,0.6209571957588196,0.0,0.0,-0.0,-0.05366401746869087,0.6215680837631226,-0.01852119341492653,0.64509516954422,-0.0024623707868158817,0.4423290193080902,0.06696594506502151,0.12571501731872559,0.6082627773284912,0.0,0.0,0.470162034034729,0.06486863642930984,0.5887591242790222,0.00817958265542984,0.5776658058166504,-0.0020082162227481604,0.5087248682975769,0.04529889300465584,0.26854807138442993,0.7561545372009277,0.0,0.0,0.056616127490997314,0.2819594740867615,0.23128852248191833,0.0027310270816087723,-0.0006855956744402647,0.34434208273887634,0.036274757236242294,-0.02295518107712269,0.4985225200653076,0.029019329696893692,0.444958359003067,0.5773626565933228,0.0,0.0,-0.0110481521114707,0.1189025491476059,0.09635297954082489,0.0006937122670933604,-7.833094423403963e-05,0.04351431876420975,0.007719276938587427,0.014345931820571423
internal256,1467_0.61_1.24.png,0.5871274471282959,0.010618558153510094,0.556352972984314,0.608768105506897,0.0,0.0,0.06416815519332886,-0.056208785623311996,0.6219443678855896,-0.019196724519133568,0.6483824849128723,-0.0013516852632164955,0.4357096254825592,0.239778071641922,0.01488475687801838,0.9849112033843994,0.00023113905626814812,0.007928069680929184,0.9007840752601624,0.05142151191830635,0.5961195826530457,0.008693472482264042,0.5886555314064026,-0.0071882265619933605,0.5035845041275024,0.03591810166835785,0.2688588798046112,0.7313553094863892,0.0,0.0,0.000612367526628077,0.23267142474651337,0.1822579950094223,0.0026154667139053345,-1.5195222658803686e-05,0.4217277765274048,0.05042038857936859,-0.028284288942813873,0.5104379057884216,0.029314178973436356,0.4440823793411255,0.5720288753509521,0.0,0.0,-0.009401768445968628,0.14935122430324554,0.12176868319511414,0.0006745777791365981,-6.50132933515124e-05,0.06002011522650719,0.012576749548316002,0.01080331951379776,0.5920988917350769,0.010888590477406979,0.5614813566207886,0.6191465854644775,0.0,0.0,0.004009794909507036,-0.05354880914092064,0.6235560774803162,-0.01823597401380539,0.6473333239555359,-0.0024623707868158817,0.4167216122150421,0.06276430934667587,0.10918544977903366,0.6762760281562805,0.0,0.0,0.5008746385574341,0.06507858633995056,0.5837143063545227,0.007731171324849129,0.5705201029777527,-0.0020082162227481604,0.505775511264801,0.035758599638938904,0.32431352138519287,0.6763207316398621,0.0,0.0,0.037428468465805054,0.25013047456741333,0.20068614184856415,0.002342812716960907,-0.00043320233817212284,0.4216861128807068,0.05042292922735214,-0.02295518107712269,0.49819594621658325,0.029308652505278587,0.44047340750694275,0.5711521506309509,0.0,0.0,-0.004742329474538565,0.11832087486982346,0.09525949507951736,0.0006843762821517885,-3.435166217968799e-05,0.06002171337604523,0.012586941011250019,0.014345931820571423
internal256,1473_0.95_0.96.png,0.5881766676902771,0.006054313853383064,0.5611868500709534,0.6038631796836853,0.0,0.0,0.0028942732606083155,-0.05619388818740845,0.6222062706947327,-0.019156504422426224,0.6486819982528687,-0.0013516852632164955,0.5577945113182068,0.3037596344947815,0.04325800761580467,0.9927884936332703,0.00011556952813407406,0.0448409765958786,0.8863715529441833,0.049289118498563766,0.6289206147193909,0.010868935845792294,0.6327422261238098,-0.0071882265619933605,0.5057995319366455,0.041181061416864395,0.3078404366970062,0.6785373091697693,0.0,0.0,-0.009583795443177223,0.23687127232551575,0.18693608045578003,0.002707534935325384,0.00010773590474855155,0.32962656021118164,0.03696175292134285,-0.028284288942813873,0.5104485750198364,0.029313135892152786,0.44572240114212036,0.5653464198112488,0.0,0.0,-0.010385654866695404,0.15015700459480286,0.12414136528968811,0.0006873483653180301,-7.02669785823673e-05,0.044391073286533356,0.006813686341047287,0.01080331951379776,0.5907849073410034,0.004999998956918716,0.5716519355773926,0.6114277839660645,0.0,0.0,-0.0,-0.05356939509510994,0.623173177242279,-0.018286945298314095,0.6469060778617859,-0.0024623707868158817,0.43943196535110474,0.08077552914619446,0.21213072538375854,0.7075029015541077,0.0,0.0,0.569350004196167,0.06489238142967224,0.5886049866676331,0.008128851652145386,0.5774036645889282,-0.0020082162227481604,0.5093339085578918,0.046412985771894455,0.31864219903945923,0.722190797328949,0.0,0.0,0.050620902329683304,0.2550484240055084,0.20680354535579681,0.0024365715216845274,-0.0005960440612398088,0.3297271728515625,0.036946527659893036,-0.02295518107712269,0.498344749212265,0.02879389375448227,0.4450977146625519,0.5664376020431519,0.0,0.0,-0.009512080810964108,0.12461975961923599,0.1045350655913353,0.0007531464798375964,-7.215265941340476e-05,0.04437943547964096,0.006803582422435284,0.014345931820571423
internal256,1474_0.92_0.89.png,0.5874134302139282,0.005943115334957838,0.5604771971702576,0.6029635667800903,0.0,0.0,0.006692071910947561,-0.05620472505688667,0.621999979019165,-0.019185760989785194,0.6484484672546387,-0.0013516852632164955,0.5430219173431396,0.2969588339328766,0.04554831236600876,0.9932771325111389,9.245562250725925e-05,0.04474852234125137,0.8798037171363831,0.049547139555215836,0.6247596740722656,0.010605697520077229,0.6272149085998535,-0.0071882265619933605,0.5059084892272949,0.041690628975629807,0.3035925030708313,0.6810951232910156,0.0,0.0,-0.013315793126821518,0.24155187606811523,0.19168220460414886,0.0027779319789260626,0.00015846904716454446,0.33106186985969543,0.0361025407910347,-0.028284288942813873,0.5104650259017944,0.02928783744573593,0.4456378221511841,0.565395712852478,0.0,0.0,-0.011581632308661938,0.14956386387348175,0.12362517416477203,0.0006848220364190638,-7.651866326341406e-05,0.04501530900597572,0.006643665488809347,0.01080331951379776,0.5901713967323303,0.00489951204508543,0.5707359910011292,0.6105436086654663,0.0,0.0,-0.0,-0.05357900261878967,0.6230064034461975,-0.01831074431538582,0.6467185020446777,-0.0024623707868158817,0.4354272484779358,0.07937421649694443,0.21330703794956207,0.710209846496582,0.0,0.0,0.5478466749191284,0.06492520868778229,0.5877773761749268,0.008058725856244564,0.5762375593185425,-0.0020082162227481604,0.5096532106399536,0.047539424151182175,0.3194265067577362,0.7189404964447021,0.0,0.0,0.0528143085539341,0.2600216567516327,0.21074241399765015,0.002484700409695506,-0.0006259828805923462,0.33115315437316895,0.036093346774578094,-0.02295518107712269,0.4983694851398468,0.028781557455658913,0.44526049494743347,0.5669353604316711,0.0,0.0,-0.010602378286421299,0.12510256469249725,0.10507897287607193,0.0007575394120067358,-8.07159231044352e-05,0.04500405117869377,0.006631533149629831,0.014345931820571423
internal256,1475_0.68_1.11.png,0.5864978432655334,0.0058008236810564995,0.5592941641807556,0.6014223098754883,0.0,0.0,0.015584013424813747,-0.05621771886944771,0.6217528581619263,-0.019220855087041855,0.6481686234474182,-0.0013516852632164955,0.5258614420890808,0.2772223651409149,0.04311589524149895,0.9924911856651306,9.245562250725925e-05,0.04497966170310974,0.8978245258331299,0.04984687641263008,0.618708074092865,0.01029991265386343,0.6192368865013123,-0.0071882265619933605,0.50579434633255,0.041014619171619415,0.3082398772239685,0.6937443614006042,0.0,0.0,-0.0126343984156847,0.23900188505649567,0.19024613499641418,0.002756678033620119,0.000149562896694988,0.32847532629966736,0.03586692735552788,-0.028284288942813873,0.5104529857635498,0.029265519231557846,0.44599273800849915,0.5667900443077087,0.0,0.0,-0.012540473602712154,0.14994986355304718,0.12375836074352264,0.0006862071459181607,-8.193394751287997e-05,0.04448448121547699,0.006699638441205025,0.01080331951379776,0.5893648862838745,0.004755030386149883,0.5694291591644287,0.6099979281425476,0.0,0.0,-0.0,-0.053591642528772354,0.6227875351905823,-0.01834203489124775,0.6464722156524658,-0.0024623707868158817,0.43278250098228455,0.07441804558038712,0.20761840045452118,0.6954753398895264,0.0,0.0,0.5068973898887634,0.06494689732789993,0.5871086120605469,0.008012414909899235,0.5753069519996643,-0.0020082162227481604,0.509307861328125,0.04655439406633377,0.32386335730552673,0.7110159993171692,0.0,0.0,0.05409155413508415,0.26284778118133545,0.21487528085708618,0.002532914513722062,-0.0006398018449544907,0.3285369575023651,0.03588137403130531,-0.02295518107712269,0.49840685725212097,0.028818663209676743,0.4454156756401062,0.567463219165802,0.0,0.0,-0.01057375967502594,0.12635591626167297,0.10561247169971466,0.0007618501549586654,-8.021774556254968e-05,0.04447653517127037,0.006686176639050245,0.014345931820571423
internal256,1479_0.8_1.08.png,0.5858615636825562,0.009048952721059322,0.5664283037185669,0.6028916835784912,0.0,0.0,-0.0,-0.05622674897313118,0.621595025062561,-0.019245240837335587,0.647987961769104,-0.0013516852632164955,0.5431448817253113,0.3665028214454651,0.057268302887678146,0.9919933080673218,0.0,0.3302746117115021,0.7268028855323792,0.04954499378800392,0.6336820125579834,0.010607889853417873,0.6384449601173401,-0.0071882265619933605,0.5060505867004395,0.04258108511567116,0.2745654881000519,0.7117418646812439,0.0,0.0,-0.006483365781605244,0.22892487049102783,0.18627072870731354,0.00269881053827703,6.113434938015416e-05,0.29420462250709534,0.03671809658408165,-0.028284288942813873,0.5105450749397278,0.029383808374404907,0.44398051500320435,0.5658315420150757,0.0,0.0,-0.008064795285463333,0.16906845569610596,0.1370384693145752,0.0007590478635393083,-5.554226663662121e-05,0.036878734827041626,0.005919576622545719,0.01080331951379776,0.5889681577682495,0.00858935434371233,0.5729723572731018,0.6100894808769226,0.0,0.0,-0.0,-0.05359785631299019,0.6226943135261536,-0.018357420340180397,0.6463654041290283,-0.0024623707868158817,0.44475799798965454,0.10138991475105286,0.22619399428367615,0.7162854075431824,0.0,0.0,0.6247618198394775,0.06484871357679367,0.5904154181480408,0.008222119882702827,0.5798802971839905,-0.0020082162227481604,0.5082895755767822,0.041744884103536606,0.3386695086956024,0.6878623962402344,0.0,0.0,0.03682445362210274,0.2282688319683075,0.18507656455039978,0.0021704717073589563,-0.00041723885806277394,0.29409539699554443,0.03673473000526428,-0.02295518107712269,0.4984299838542938,0.028755715116858482,0.44651558995246887,0.5653398633003235,0.0,0.0,-0.006704290397465229,0.12582513689994812,0.10477815568447113,0.000753466272726655,-5.216179488343187e-05,0.03678499534726143,0.005919772665947676,0.014345931820571423
internal256,14_0.87_0.97.png,0.5808923840522766,0.006864987779408693,0.5509472489356995,0.6019976735115051,0.0,0.0,0.004226032178848982,-0.056297287344932556,0.6202545762062073,-0.019435713067650795,0.6464693546295166,-0.0013516852632164955,0.4052563011646271,0.37939730286598206,0.012842505238950253,0.9835471510887146,0.02068694494664669,0.15782174468040466,0.720963716506958,0.05195342376828194,0.6078962087631226,0.008150815032422543,0.6030873656272888,-0.0071882265619933605,0.5044797658920288,0.03787867724895477,0.2948235869407654,0.707170307636261,0.0,0.0,-0.024994898587465286,0.2901630699634552,0.23064535856246948,0.0033245214726775885,0.00034314754884690046,0.43759390711784363,0.048997100442647934,-0.028284288942813873,0.5105653405189514,0.02919764444231987,0.44626665115356445,0.5723164081573486,0.0,0.0,-0.020782794803380966,0.16697853803634644,0.13729721307754517,0.00076100422302261,-0.0001254050002899021,0.06991620361804962,0.010461375117301941,0.01080331951379776,0.5880630612373352,0.00880697276443243,0.5626550912857056,0.6123195886611938,0.0,0.0,-0.0,-0.05361204966902733,0.6224506497383118,-0.018392527475953102,0.6460909247398376,-0.0024623707868158817,0.40916740894317627,0.1243588998913765,0.15940916538238525,0.6571478843688965,0.0,0.0,0.6367555856704712,0.06514052301645279,0.5846678018569946,0.007598888128995895,0.5716109871864319,-0.0020082162227481604,0.5111241340637207,0.05589548498392105,0.2635691463947296,0.7804514169692993,0.0,0.0,0.052643634378910065,0.3051426410675049,0.24712683260440826,0.0029210522770881653,-0.0006277807406149805,0.43751034140586853,0.04911208525300026,-0.02295518107712269,0.49834951758384705,0.028726931661367416,0.4421963393688202,0.5721492171287537,0.0,0.0,-0.0206182561814785,0.14783035218715668,0.12714596092700958,0.0009201232460327446,-0.0001593453489476815,0.0699128806591034,0.010464396327733994,0.014345931820571423
internal256,1500_0.87_1.88.png,0.5918101668357849,0.007540264166891575,0.5675407648086548,0.6175894737243652,0.0,0.0,-0.0,-0.05614231154322624,0.623195469379425,-0.019017228856682777,0.649800717830658,-0.0013516852632164955,0.7051087617874146,0.2717442512512207,0.02184414118528366,0.9796876907348633,0.0012943786568939686,0.007881841622292995,0.7743047475814819,0.046716053038835526,0.6625657081604004,0.013493968173861504,0.677472710609436,-0.0071882265619933605,0.5046399235725403,0.03696858137845993,0.3663251996040344,0.6571471095085144,0.0,0.0,0.007338746916502714,0.21622833609580994,0.17128415405750275,0.0024708150885999203,-0.0001065901669790037,0.3456331193447113,0.044577982276678085,-0.028284288942813873,0.5102220177650452,0.02962752804160118,0.4433828294277191,0.5653308629989624,0.0,0.0,-0.0043135774321854115,0.17324833571910858,0.14436054229736328,0.000796209613326937,-4.211012492305599e-05,0.04192919656634331,0.010726912878453732,0.01080331951379776,0.5939750075340271,0.009419094771146774,0.5725392699241638,0.6271087527275085,0.0,0.0,0.0019473518477752805,-0.05351940914988518,0.6240587830543518,-0.018163198605179787,0.6478996276855469,-0.0024623707868158817,0.48864683508872986,0.07162018865346909,0.19257837533950806,0.6444940567016602,0.0,0.0,0.46816712617874146,0.06448886543512344,0.5983745455741882,0.008990657515823841,0.5911476612091064,-0.0020082162227481604,0.5066280364990234,0.03777328133583069,0.3068271279335022,0.7251834273338318,0.0,0.0,0.0384809784591198,0.22281332314014435,0.18155792355537415,0.0021227472461760044,-0.00043945389916189015,0.34550008177757263,0.04457537829875946,-0.02295518107712269,0.4981553256511688,0.029107682406902313,0.4415825307369232,0.5674967765808105,0.0,0.0,-0.002034844132140279,0.1296914666891098,0.1079549640417099,0.0007742505986243486,-9.77726358541986e-06,0.041899438947439194,0.010728155262768269,0.014345931820571423
internal256,1529_0.84_0.56.png,0.5779029726982117,0.00816933810710907,0.5407707095146179,0.6045135855674744,0.0,0.0,0.07552949339151382,-0.05633971840143204,0.6194646954536438,-0.019550299271941185,0.645571768283844,-0.0013516852632164955,0.43642058968544006,0.25445815920829773,0.01627589575946331,0.9991636276245117,0.0031510416883975267,0.07874999940395355,0.884701132774353,0.05140909180045128,0.5977312922477722,0.008706139400601387,0.5907350778579712,-0.0071882265619933605,0.5095346570014954,0.06577222049236298,0.1893434375524521,0.840656042098999,0.0,0.0,-0.07480401545763016,0.4155113399028778,0.3518357276916504,0.0051316008903086185,0.0010080914944410324,0.4368022382259369,0.054490167647600174,-0.028284288942813873,0.510602593421936,0.029186272993683815,0.442506343126297,0.5761976838111877,0.0,0.0,-0.024234119802713394,0.17303471267223358,0.14432507753372192,0.0008008364238776267,-0.00014332783757708967,0.0564730279147625,0.009427069686353207,0.01080331951379776,0.5802673697471619,0.007996649481356144,0.5498697757720947,0.6163526773452759,0.0,0.0,0.02349417842924595,-0.0537341944873333,0.6203538179397583,-0.018694937229156494,0.6437277793884277,-0.0024623707868158817,0.4205125570297241,0.09578963369131088,0.09626450389623642,0.807176411151886,0.0,0.0,0.5998345017433167,0.06504750996828079,0.5855023860931396,0.007797554600983858,0.5729449391365051,-0.0020082162227481604,0.5160810351371765,0.07919763028621674,0.22617845237255096,0.8384566903114319,0.0,0.0,0.08036936819553375,0.45126938819885254,0.3798609673976898,0.0045234886929392815,-0.0010539492359384894,0.43685293197631836,0.05449354276061058,-0.02295518107712269,0.4984566271305084,0.028743784874677658,0.44146108627319336,0.5739869475364685,0.0,0.0,-0.02440478466451168,0.15029077231884003,0.1326776146888733,0.0009621804347261786,-0.00018821268167812377,0.05647642910480499,0.009430911391973495,0.014345931820571423
internal256,1540_0.88_1.25.png,0.5818065404891968,0.008307430893182755,0.5429699420928955,0.610770583152771,0.0,0.0,0.053844284266233444,-0.056284308433532715,0.6205046772956848,-0.019400671124458313,0.6467522382736206,-0.0013516852632164955,0.6044613718986511,0.28395509719848633,0.02020559273660183,0.9978095889091492,0.0004947916604578495,0.07020833343267441,0.8969671130180359,0.048474010080099106,0.6377776861190796,0.011700504459440708,0.6447528004646301,-0.0071882265619933605,0.5087456107139587,0.058347225189208984,0.18422342836856842,0.8291916847229004,0.0,0.0,-0.04660642519593239,0.33163461089134216,0.2728580832481384,0.003989255055785179,0.0006100568571127951,0.3684510290622711,0.04363204911351204,-0.028284288942813873,0.5104207396507263,0.02934102527797222,0.4444813132286072,0.5762678980827332,0.0,0.0,-0.015835992991924286,0.16623438894748688,0.13573722541332245,0.0007525971159338951,-0.00010180791286984459,0.042696814984083176,0.009649261832237244,0.01080331951379776,0.5816054940223694,0.007607074920088053,0.5566082000732422,0.6147550344467163,0.0,0.0,0.012045018374919891,-0.053713228553533554,0.6207095384597778,-0.018643030896782875,0.6441293954849243,-0.0024623707868158817,0.46041855216026306,0.08734221756458282,0.13454170525074005,0.8033509850502014,0.0,0.0,0.608644962310791,0.06472031772136688,0.5930141806602478,0.008496351540088654,0.5835954546928406,-0.0020082162227481604,0.5122032761573792,0.05811727046966553,0.2795118987560272,0.7737486958503723,0.0,0.0,0.06675589084625244,0.3665110170841217,0.304151326417923,0.003609311766922474,-0.0008519390248693526,0.3683755695819855,0.04365517944097519,-0.02295518107712269,0.4985634386539459,0.028758639469742775,0.44127029180526733,0.5740610957145691,0.0,0.0,-0.016077453270554543,0.12494921684265137,0.10487543046474457,0.0007560852682217956,-0.00011875207565026358,0.04269126430153847,0.00965957622975111,0.014345931820571423
internal256,1546_0.79_0.85.png,0.582673966884613,0.008878101594746113,0.54489666223526,0.6125853657722473,0.0,0.0,0.03284473717212677,-0.0562720000743866,0.6207392811775208,-0.01936742477118969,0.6470179557800293,-0.0013516852632164955,0.5543140769004822,0.28289610147476196,0.011997533962130547,0.9982993006706238,0.002578125102445483,0.06268229335546494,0.9544563293457031,0.04934990778565407,0.6257529258728027,0.0108069172129035,0.6286870837211609,-0.0071882265619933605,0.5074858069419861,0.055014897137880325,0.1530281901359558,0.8378697633743286,0.0,0.0,-0.05021148547530174,0.3425794541835785,0.2808830440044403,0.004079824313521385,0.0006788558675907552,0.5122117400169373,0.05674799904227257,-0.028284288942813873,0.510560929775238,0.029347801581025124,0.4440268278121948,0.576249897480011,0.0,0.0,-0.02019526995718479,0.17183692753314972,0.1426648199558258,0.0007913751760497689,-0.00012229567801114172,0.07721457630395889,0.0158859770745039,0.01080331951379776,0.5863347053527832,0.009832694195210934,0.5580469965934753,0.6211787462234497,0.0,0.0,0.007735000923275948,-0.05363912880420685,0.6219896078109741,-0.01845957711338997,0.6455709934234619,-0.0024623707868158817,0.43486538529396057,0.09498908370733261,0.10326892882585526,0.8107495903968811,0.0,0.0,0.6376909613609314,0.06492982059717178,0.5882226824760437,0.008048889227211475,0.5768081545829773,-0.0020082162227481604,0.5101625919342041,0.05192013829946518,0.27952632308006287,0.7683272361755371,0.0,0.0,0.06586891412734985,0.3738272190093994,0.3097549378871918,0.0036751963198184967,-0.0008162750746123493,0.5121425986289978,0.056750159710645676,-0.02295518107712269,0.49839818477630615,0.02886264957487583,0.43772685527801514,0.5796602368354797,0.0,0.0,-0.01917540654540062,0.13478770852088928,0.11493586748838425,0.0008309032418765128,-0.00014526677841786295,0.07719987630844116,0.015889257192611694,0.014345931820571423
internal256,1555_0.58_0.76.png,0.5754740238189697,0.00933866947889328,0.5418275594711304,0.6071408987045288,0.0,0.0,0.07423082739114761,-0.0563741959631443,0.6188271045684814,-0.019643401727080345,0.6448464393615723,-0.0013516852632164955,0.6237068176269531,0.2581622898578644,0.01879025436937809,0.9984347224235535,0.0033984375186264515,0.06302083283662796,0.9445410966873169,0.048137862235307693,0.6398959159851074,0.012043444439768791,0.6477680802345276,-0.0071882265619933605,0.5077686309814453,0.0562368668615818,0.14928038418293,0.8526262640953064,0.0,0.0,-0.06076959893107414,0.3477317690849304,0.2882939577102661,0.00418483279645443,0.0008407108252868056,0.40722373127937317,0.049741100519895554,-0.028284288942813873,0.5104708075523376,0.029332581907510757,0.44316062331199646,0.5809619426727295,0.0,0.0,-0.029923366382718086,0.1753813475370407,0.14802829921245575,0.0008216009591706097,-0.00017898120859172195,0.05996240675449371,0.010933072306215763,0.01080331951379776,0.5792423486709595,0.009960172697901726,0.5600276589393616,0.6187969446182251,0.0,0.0,0.005849728360772133,-0.05375025048851967,0.6200904846191406,-0.018734697252511978,0.643429160118103,-0.0024623707868158817,0.4524810016155243,0.08521029353141785,0.11431527137756348,0.7945912480354309,0.0,0.0,0.5981066226959229,0.06478539109230042,0.5913394689559937,0.008357355371117592,0.5812471508979797,-0.0020082162227481604,0.5112721920013428,0.05689333751797676,0.28557026386260986,0.7822851538658142,0.0,0.0,0.06440466642379761,0.39388471841812134,0.32890433073043823,0.0039113727398216724,-0.0008316031889989972,0.4071159064769745,0.04971523955464363,-0.02295518107712269,0.4984671175479889,0.028923114761710167,0.43597346544265747,0.5802586078643799,0.0,0.0,-0.025311186909675598,0.1291799396276474,0.11212992668151855,0.0008104551816359162,-0.0001865496305981651,0.05995243787765503,0.010937814600765705,0.014345931820571423
internal256,1560_0.99_1.56.png,0.5929355621337891,0.011647089384496212,0.5382593274116516,0.6179607510566711,0.0,0.0,0.035943418741226196,-0.056126341223716736,0.6235232353210449,-0.018974095582962036,0.6501680612564087,-0.0013516852632164955,0.42246872186660767,0.26809757947921753,0.013875721022486687,0.9987199306488037,0.003880208358168602,0.11001302301883698,0.8820677995681763,0.051652781665325165,0.5965223908424377,0.008457529358565807,0.5888963341712952,-0.0071882265619933605,0.5065759420394897,0.04972681403160095,0.17792856693267822,0.8436724543571472,0.0,0.0,-0.018484072759747505,0.30692264437675476,0.2462889701128006,0.003571529872715473,0.00021409857436083257,0.46027517318725586,0.053931962698698044,-0.028284288942813873,0.5106349587440491,0.029358260333538055,0.44239306449890137,0.5799286961555481,0.0,0.0,-0.005959301255643368,0.1669546216726303,0.13860522210597992,0.0007684357115067542,-3.9831331378081813e-05,0.06654046475887299,0.01506860926747322,0.01080331951379776,0.5972263813018799,0.010813426226377487,0.5536843538284302,0.6273497939109802,0.0,0.0,0.01660536229610443,-0.05346846207976341,0.6249558329582214,-0.01803707517683506,0.6489063501358032,-0.0024623707868158817,0.4129002094268799,0.10643737763166428,0.11168575286865234,0.8056391477584839,0.0,0.0,0.6007457971572876,0.06510991603136063,0.5845134258270264,0.007664254866540432,0.5714874863624573,-0.0020082162227481604,0.5086759328842163,0.04519369825720787,0.2760082483291626,0.7748467326164246,0.0,0.0,0.05375073850154877,0.3108765184879303,0.2507057189941406,0.002944737672805786,-0.0006377348327077925,0.4602696895599365,0.053973160684108734,-0.02295518107712269,0.49830979108810425,0.02881963551044464,0.4368741810321808,0.5814406871795654,0.0,0.0,-0.0072753517888486385,0.13466887176036835,0.11244433373212814,0.0008104168809950352,-5.956447421340272e-05,0.06654135882854462,0.01507953368127346,0.014345931820571423
internal256,1564_0.56_1.56.png,0.5788894891738892,0.011076121591031551,0.5373535752296448,0.6084260940551758,0.0,0.0,0.10358929634094238,-0.05632571503520012,0.6197423338890076,-0.01951248198747635,0.6458848118782043,-0.0013516852632164955,0.4707801342010498,0.22482271492481232,0.01136819738894701,0.9973715543746948,0.0006901042070239782,0.02070312574505806,0.911270260810852,0.05080895125865936,0.6017083525657654,0.009318402037024498,0.5965292453765869,-0.0071882265619933605,0.5071160197257996,0.05139334872364998,0.1950330287218094,0.8339844942092896,0.0,0.0,-0.03399477154016495,0.3221246898174286,0.2587521970272064,0.003760998835787177,0.0004473037552088499,0.41866397857666016,0.05426190793514252,-0.028284288942813873,0.5103405117988586,0.029200982302427292,0.4437887668609619,0.5755906701087952,0.0,0.0,-0.023168373852968216,0.16329669952392578,0.13282714784145355,0.0007375417044386268,-0.00014133701915852726,0.05185297876596451,0.014237918891012669,0.01080331951379776,0.5798066258430481,0.010776309296488762,0.5476322770118713,0.6189252138137817,0.0,0.0,0.07488157600164413,-0.05374141037464142,0.6202455163002014,-0.018712811172008514,0.6436035633087158,-0.0024623707868158817,0.42309799790382385,0.06806661933660507,0.0870826467871666,0.7953353524208069,0.0,0.0,0.5427149534225464,0.06502631306648254,0.5850636959075928,0.007842830382287502,0.572424590587616,-0.0020082162227481604,0.5087799429893494,0.048450320959091187,0.26770490407943726,0.7776464223861694,0.0,0.0,0.062251221388578415,0.3529258072376251,0.28749513626098633,0.0034012112300843,-0.0007886162493377924,0.41865670680999756,0.0544557198882103,-0.02295518107712269,0.4985426366329193,0.029155386611819267,0.4402412176132202,0.5767138600349426,0.0,0.0,-0.012474602088332176,0.1265803724527359,0.10416442900896072,0.0007492021541111171,-8.677834557602182e-05,0.05185907334089279,0.014256775379180908,0.014345931820571423
internal256,1568_0.8_1.8.png,0.579644501209259,0.009212808683514595,0.5440499782562256,0.6115189790725708,0.0,0.0,0.05415749177336693,-0.056314997375011444,0.6199325919151306,-0.019483547657728195,0.6461024284362793,-0.0013516852632164955,0.714931309223175,0.24461480975151062,0.032994478940963745,0.9970924854278564,0.00042968749767169356,0.11276041716337204,0.857229471206665,0.04654448851943016,0.6626945734024048,0.013669000007212162,0.6778101325035095,-0.0071882265619933605,0.5090519189834595,0.05954475328326225,0.17426857352256775,0.8322898149490356,0.0,0.0,-0.06363414973020554,0.3414075970649719,0.2837230861186981,0.0041444189846515656,0.0008684474159963429,0.4040050208568573,0.04114236310124397,-0.028284288942813873,0.5103365182876587,0.029396506026387215,0.4442160427570343,0.579853892326355,0.0,0.0,-0.02209419012069702,0.1762743443250656,0.14500561356544495,0.0008046934381127357,-0.00013827827933710068,0.04820660501718521,0.009208130650222301,0.01080331951379776,0.5805079340934753,0.007985674776136875,0.5569207668304443,0.6171092987060547,0.0,0.0,0.002431439934298396,-0.053730424493551254,0.6204180121421814,-0.018685605376958847,0.6438001990318298,-0.0024623707868158817,0.48660290241241455,0.07621873170137405,0.13093282282352448,0.790858805179596,0.0,0.0,0.5802972912788391,0.06450562924146652,0.5980771780014038,0.008954864926636219,0.5907198190689087,-0.0020082162227481604,0.5126575231552124,0.06135529652237892,0.26709404587745667,0.804514467716217,0.0,0.0,0.06470786035060883,0.3891099989414215,0.3255351781845093,0.003876578528434038,-0.0008441094541922212,0.40394967794418335,0.04111703485250473,-0.02295518107712269,0.4985722601413727,0.028816089034080505,0.44186699390411377,0.5745011568069458,0.0,0.0,-0.021090321242809296,0.12460125237703323,0.10598330199718475,0.0007638412644155324,-0.00015435621025972068,0.048199184238910675,0.009210907854139805,0.014345931820571423
internal256,1577_0.86_1.16.png,0.5928514003753662,0.011908421292901039,0.5420743227005005,0.6143370866775513,0.0,0.0,0.02215847745537758,-0.05612753704190254,0.6235019564628601,-0.018977323547005653,0.6501439213752747,-0.0013516852632164955,0.6012142300605774,0.24077685177326202,0.017317306250333786,0.9980990290641785,0.0005208333604969084,0.12920573353767395,0.908530592918396,0.04853072762489319,0.6326550841331482,0.011642644181847572,0.6382712125778198,-0.0071882265619933605,0.5057280659675598,0.0462409108877182,0.15539947152137756,0.8655105829238892,0.0,0.0,-0.01616658829152584,0.2648310363292694,0.21235907077789307,0.003066028468310833,0.0002038154489127919,0.40311187505722046,0.053718872368335724,-0.028284288942813873,0.5105124711990356,0.02952267974615097,0.4382307529449463,0.5768435001373291,0.0,0.0,-0.00576985627412796,0.1667276918888092,0.1383729726076126,0.0007656029774807394,-4.359466765890829e-05,0.06401828676462173,0.015337986871600151,0.01080331951379776,0.5954864025115967,0.010421772487461567,0.5579981803894043,0.6290356516838074,0.0,0.0,0.004510644823312759,-0.053495727479457855,0.6244770884513855,-0.018104566261172295,0.6483689546585083,-0.0024623707868158817,0.45127707719802856,0.07866260409355164,0.1000094786286354,0.8145198225975037,0.0,0.0,0.5517334938049316,0.06479526311159134,0.5908811688423157,0.008336273021996021,0.5806240439414978,-0.0020082162227481604,0.5061633586883545,0.03681914880871773,0.2931276559829712,0.7233701348304749,0.0,0.0,0.03540077432990074,0.2759591042995453,0.22028592228889465,0.0025740605778992176,-0.0004209355975035578,0.40303507447242737,0.05370870605111122,-0.02295518107712269,0.49818819761276245,0.029068058356642723,0.42642679810523987,0.5809637904167175,0.0,0.0,-0.007226103916764259,0.12748974561691284,0.10281882435083389,0.0007382273906841874,-5.49082578800153e-05,0.064005546271801,0.015336321666836739,0.014345931820571423
internal256,1591_0.87_0.52.png,0.5805825591087341,0.006806073244661093,0.5408797860145569,0.6049371957778931,0.0,0.0,0.03637882322072983,-0.05630168318748474,0.6201717257499695,-0.01944759115576744,0.6463753581047058,-0.0013516852632164955,0.45950034260749817,0.20821493864059448,0.02149742655456066,0.9987188577651978,0.0007812500116415322,0.047838542610406876,0.887421727180481,0.051005974411964417,0.5979530811309814,0.00911740493029356,0.5914973616600037,-0.0071882265619933605,0.5085994601249695,0.05893578380346298,0.18028438091278076,0.8400115370750427,0.0,0.0,-0.06475092470645905,0.3722766637802124,0.31216999888420105,0.004546265583485365,0.0008715293952263892,0.4246058166027069,0.04820554330945015,-0.028284288942813873,0.5106744766235352,0.029262177646160126,0.4437941610813141,0.5758480429649353,0.0,0.0,-0.020222848281264305,0.16590189933776855,0.13700717687606812,0.0007606938597746193,-0.00012152326962677762,0.05498481169342995,0.009258532896637917,0.01080331951379776,0.5825433135032654,0.0070906998589634895,0.5553297400474548,0.6167374849319458,0.0,0.0,0.013877784833312035,-0.05369852855801582,0.6209583282470703,-0.018606649711728096,0.644410252571106,-0.0024623707868158817,0.4241820275783539,0.0743550956249237,0.15341481566429138,0.8313613533973694,0.0,0.0,0.5007374882698059,0.06501742452383041,0.5854535102844238,0.00786181353032589,0.5729584097862244,-0.0020082162227481604,0.5137291550636292,0.06586962938308716,0.2537634074687958,0.811497688293457,0.0,0.0,0.07947797328233719,0.3895067274570465,0.3244417905807495,0.0038654201198369265,-0.0010085960384458303,0.4246741831302643,0.04821231588721275,-0.02295518107712269,0.49831461906433105,0.02881930209696293,0.442033976316452,0.5743594765663147,0.0,0.0,-0.020202888175845146,0.14255690574645996,0.12432572990655899,0.0009013384697027504,-0.0001561791286803782,0.05499010905623436,0.009264012798666954,0.014345931820571423
internal256,1594_0.71_0.5.png,0.5776241421699524,0.0072639100253582,0.5400241613388062,0.6046980023384094,0.0,0.0,0.062470581382513046,-0.0563436783850193,0.6193867921829224,-0.01956098899245262,0.6454839110374451,-0.0013516852632164955,0.4309285581111908,0.24690011143684387,0.007455433253198862,0.998170018196106,0.001940104179084301,0.06656250357627869,0.877578616142273,0.05150502175092697,0.5959053039550781,0.008608276024460793,0.5882813930511475,-0.0071882265619933605,0.5091494917869568,0.06298675388097763,0.1800704151391983,0.8415570855140686,0.0,0.0,-0.07650304585695267,0.41015833616256714,0.3479861617088318,0.005069201346486807,0.0010362488683313131,0.46991780400276184,0.05336178466677666,-0.028284288942813873,0.5106309056282043,0.02919909358024597,0.44531676173210144,0.5748692154884338,0.0,0.0,-0.02500035986304283,0.17276054620742798,0.14430822432041168,0.0008007132564671338,-0.00014707393711432815,0.06199805065989494,0.01002380158752203,0.01080331951379776,0.5802772045135498,0.007372067775577307,0.5503257513046265,0.6161229014396667,0.0,0.0,0.017561733722686768,-0.05373403802514076,0.6203537583351135,-0.018694553524255753,0.6437281370162964,-0.0024623707868158817,0.41670477390289307,0.08756136894226074,0.10744985193014145,0.8078224658966064,0.0,0.0,0.5741634964942932,0.0650787279009819,0.5844753384590149,0.007730876095592976,0.5715181231498718,-0.0020082162227481604,0.5151657462120056,0.07408781349658966,0.2262202948331833,0.846842885017395,0.0,0.0,0.08132161945104599,0.44174399971961975,0.3727109730243683,0.0044510746374726295,-0.00105786113999784,0.4699603021144867,0.05334426462650299,-0.02295518107712269,0.4984115660190582,0.028785785660147667,0.4409230053424835,0.574294924736023,0.0,0.0,-0.02426374889910221,0.14944390952587128,0.1320924609899521,0.0009582084603607655,-0.00018722834647633135,0.06199672818183899,0.010023021139204502,0.014345931820571423
internal256,15_0.88_1.43.png,0.5826671719551086,0.006889748387038708,0.5523071885108948,0.6043515205383301,0.0,0.0,0.003348038997501135,-0.05627209693193436,0.6207286715507507,-0.019367681816220284,0.6470072865486145,-0.0013516852632164955,0.4302065372467041,0.3825308382511139,0.01658714935183525,0.9821186065673828,0.014677329920232296,0.19998151063919067,0.7235405445098877,0.051517635583877563,0.6129024624824524,0.008595410734415054,0.6099676489830017,-0.0071882265619933605,0.5042634010314941,0.03653951734304428,0.30998700857162476,0.690057098865509,0.0,0.0,-0.014772789552807808,0.2737692594528198,0.21540868282318115,0.003103308379650116,0.0002018203231273219,0.42487114667892456,0.05087348446249962,-0.028284288942813873,0.5105060935020447,0.029254412278532982,0.4452849328517914,0.5720711946487427,0.0,0.0,-0.018251650035381317,0.16344735026359558,0.134075328707695,0.0007423807983286679,-0.00011246263602515683,0.06529782712459564,0.011062758974730968,0.01080331951379776,0.5889560580253601,0.008231780491769314,0.5635002255439758,0.6137709617614746,0.0,0.0,-0.0,-0.05359804257750511,0.622689425945282,-0.018357891589403152,0.6463600397109985,-0.0024623707868158817,0.4214642345905304,0.12489520758390427,0.17577530443668365,0.6546882390975952,0.0,0.0,0.6121283769607544,0.06503969430923462,0.5869944095611572,0.007814220152795315,0.574919581413269,-0.0020082162227481604,0.5099108815193176,0.051546480506658554,0.2645942270755768,0.7818253636360168,0.0,0.0,0.04679465666413307,0.2878095507621765,0.23173080384731293,0.002735475078225136,-0.0005512844072654843,0.4247838854789734,0.051084067672491074,-0.02295518107712269,0.49838289618492126,0.0287595447152853,0.44222861528396606,0.5721847414970398,0.0,0.0,-0.01695326529443264,0.13998325169086456,0.11875500530004501,0.0008580487337894738,-0.0001293190143769607,0.06529433280229568,0.011079763062298298,0.014345931820571423
internal256,1607_0.91_0.88.png,0.5856565237045288,0.010041036643087864,0.5421956181526184,0.6169005036354065,0.0,0.0,0.05595981702208519,-0.05622966215014458,0.6215451955795288,-0.01925310119986534,0.6479306817054749,-0.0013516852632164955,0.5558475852012634,0.2871670424938202,0.010829838924109936,0.9988505840301514,0.004153646063059568,0.10598958283662796,0.9617967009544373,0.04932312294840813,0.6265776753425598,0.010834243148565292,0.6297556161880493,-0.0071882265619933605,0.5079466104507446,0.056707583367824554,0.17514535784721375,0.8196678161621094,0.0,0.0,-0.04539751634001732,0.33593204617500305,0.27529364824295044,0.00400862842798233,0.0005986535106785595,0.4378635883331299,0.05078559368848801,-0.028284288942813873,0.5105158090591431,0.029337823390960693,0.4434543550014496,0.5806397199630737,0.0,0.0,-0.017100593075156212,0.17323602735996246,0.1427951604127884,0.0007922037038952112,-0.0001055140164680779,0.060870084911584854,0.012275400571525097,0.01080331951379776,0.5878269076347351,0.01059872005134821,0.5537851452827454,0.628603458404541,0.0,0.0,0.00816381722688675,-0.053615741431713104,0.6223965287208557,-0.01840168982744217,0.6460286378860474,-0.0024623707868158817,0.44887351989746094,0.10524045675992966,0.14199981093406677,0.8263282179832458,0.0,0.0,0.6635500192642212,0.0648149698972702,0.5913920998573303,0.008294185623526573,0.5812408328056335,-0.0020082162227481604,0.5110941529273987,0.05530337989330292,0.2619399130344391,0.781705379486084,0.0,0.0,0.06356529891490936,0.3653331398963928,0.3021620512008667,0.0035813848953694105,-0.0007929420680738986,0.43777257204055786,0.05078185349702835,-0.02295518107712269,0.4985048472881317,0.028767773881554604,0.43935033679008484,0.5755857229232788,0.0,0.0,-0.017739390954375267,0.13448554277420044,0.11463282257318497,0.0008283766219392419,-0.00013511844736058265,0.06085877865552902,0.012271814979612827,0.014345931820571423
internal256,1628_0.8_1.49.png,0.5928030610084534,0.00989583320915699,0.5398641228675842,0.6148939728736877,0.0,0.0,0.021141929551959038,-0.05612821877002716,0.6234766840934753,-0.01897917501628399,0.650117039680481,-0.0013516852632164955,0.4697035849094391,0.22359980642795563,0.037611741572618484,0.9991461038589478,0.00019531250291038305,0.033776041120290756,0.8965775370597839,0.0508277602493763,0.6013765931129456,0.009299216791987419,0.5960835218429565,-0.0071882265619933605,0.5058633685112,0.04482996463775635,0.16863426566123962,0.8258908987045288,0.0,0.0,-0.0080471346154809,0.2657262086868286,0.21312347054481506,0.0030884253792464733,7.17135044396855e-05,0.4383014142513275,0.04840005189180374,-0.028284288942813873,0.510621190071106,0.029389359056949615,0.4440291225910187,0.5786111950874329,0.0,0.0,-0.0019159476505592465,0.15503595769405365,0.12926968932151794,0.000716481648851186,-2.019341627601534e-05,0.057863783091306686,0.014002385549247265,0.01080331951379776,0.5959049463272095,0.01094768475741148,0.5581090450286865,0.6238935589790344,0.0,0.0,0.002695533912628889,-0.053489163517951965,0.6245946884155273,-0.018088335171341896,0.6485006809234619,-0.0024623707868158817,0.41938865184783936,0.07227937132120132,0.14741575717926025,0.8353032469749451,0.0,0.0,0.5083281993865967,0.06505671888589859,0.5844809412956238,0.007777873892337084,0.5715821385383606,-0.0020082162227481604,0.5069248080253601,0.03809197247028351,0.29737865924835205,0.6895213723182678,0.0,0.0,0.05274786427617073,0.26226097345352173,0.21234774589538574,0.0024856512900441885,-0.0006210175342857838,0.4383660852909088,0.04840067774057388,-0.02295518107712269,0.49826285243034363,0.02898196503520012,0.4399730861186981,0.577215313911438,0.0,0.0,-0.0032137450762093067,0.12057739496231079,0.09819526970386505,0.0007054032175801694,-2.6430350771988742e-05,0.0578753687441349,0.014014194719493389,0.014345931820571423
internal256,1644_0.53_1.52.png,0.5774025321006775,0.010376757010817528,0.5362909436225891,0.6093339323997498,0.0,0.0,0.1208798959851265,-0.0563468262553215,0.6193433403968811,-0.019569478929042816,0.6454322934150696,-0.0013516852632164955,0.4945579171180725,0.2506495416164398,0.01129008550196886,0.9983298182487488,0.0024609374813735485,0.10246094316244125,0.8813347816467285,0.050393640995025635,0.6091409921646118,0.00974210537970066,0.606481671333313,-0.0071882265619933605,0.507667064666748,0.05567361041903496,0.17612224817276,0.8323163986206055,0.0,0.0,-0.04568334296345711,0.3416212797164917,0.27625277638435364,0.004019544459879398,0.0006226420518942177,0.401421457529068,0.052908144891262054,-0.028284288942813873,0.5103461742401123,0.029208265244960785,0.4429633617401123,0.5815949440002441,0.0,0.0,-0.027854885905981064,0.16694267094135284,0.13667723536491394,0.0007590153836645186,-0.00016746191249694675,0.05172549560666084,0.011885950341820717,0.01080331951379776,0.5796884298324585,0.010077654384076595,0.5529155135154724,0.627447247505188,0.0,0.0,0.015201127156615257,-0.053743261843919754,0.6202099919319153,-0.018717391416430473,0.643563985824585,-0.0024623707868158817,0.437017023563385,0.09775097668170929,0.1094161719083786,0.799392580986023,0.0,0.0,0.6307021379470825,0.06491217762231827,0.5887495875358582,0.00808656681329012,0.5775421857833862,-0.0020082162227481604,0.5096131563186646,0.05200260505080223,0.24777667224407196,0.8334227204322815,0.0,0.0,0.06128564476966858,0.37272799015045166,0.3057090938091278,0.0036223086062818766,-0.0007888682885095477,0.40133368968963623,0.053001683205366135,-0.02295518107712269,0.4985949695110321,0.029083291068673134,0.43845248222351074,0.5776981711387634,0.0,0.0,-0.01685231924057007,0.12358509749174118,0.10023753345012665,0.0007213155622594059,-0.0001193362768390216,0.05172404274344444,0.011898147873580456,0.014345931820571423
internal256,1656_0.64_1.45.png,0.5881136655807495,0.01088639348745346,0.5395808815956116,0.6101831793785095,0.0,0.0,0.029726671054959297,-0.05619477853178978,0.6222119331359863,-0.019158920273184776,0.6486852169036865,-0.0013516852632164955,0.43866053223609924,0.20413267612457275,0.011262801475822926,0.9989990592002869,0.002825520932674408,0.0279687512665987,0.8638484477996826,0.05136997252702713,0.59346604347229,0.008746054954826832,0.585314154624939,-0.0071882265619933605,0.5062686800956726,0.047643013298511505,0.16476978361606598,0.8408704996109009,0.0,0.0,-0.016902176663279533,0.2873244881629944,0.22896189987659454,0.003323013661429286,0.0001973156613530591,0.43328186869621277,0.045895081013441086,-0.028284288942813873,0.5105277895927429,0.029252970591187477,0.4438416361808777,0.5828598737716675,0.0,0.0,-0.00904033798724413,0.14939594268798828,0.12454896420240402,0.0006905408808961511,-6.000234134262428e-05,0.05565927177667618,0.012070897966623306,0.01080331951379776,0.5903522968292236,0.011635013855993748,0.556725263595581,0.6208600401878357,0.0,0.0,0.00751839205622673,-0.05357617139816284,0.6230863928794861,-0.018303727731108665,0.6468043327331543,-0.0024623707868158817,0.4148627519607544,0.07174369692802429,0.12151581048965454,0.8355632424354553,0.0,0.0,0.5161001086235046,0.06509382277727127,0.583612859249115,0.007698620203882456,0.5703476071357727,-0.0020082162227481604,0.5080171823501587,0.044252075254917145,0.2594720125198364,0.7977489829063416,0.0,0.0,0.05587734282016754,0.29172590374946594,0.2318207323551178,0.002728922525420785,-0.0006807488389313221,0.4332953989505768,0.0458827018737793,-0.02295518107712269,0.4983396530151367,0.029042290523648262,0.43845900893211365,0.5745527744293213,0.0,0.0,-0.005456195678561926,0.11523336917161942,0.0942835882306099,0.0006785449804738164,-4.096039992873557e-05,0.0556645467877388,0.012068654410541058,0.014345931820571423
internal256,1673_0.63_1.48.png,0.5799394845962524,0.009922678582370281,0.5411956310272217,0.608076810836792,0.0,0.0,0.0647493302822113,-0.056310806423425674,0.6200149059295654,-0.019472237676382065,0.6461952924728394,-0.0013516852632164955,0.5238320827484131,0.2825019359588623,0.013766246847808361,0.9986822009086609,0.004843750037252903,0.08701822906732559,0.9747818112373352,0.049882322549819946,0.6188386678695679,0.010263750329613686,0.6193618178367615,-0.0071882265619933605,0.5061914920806885,0.0508132167160511,0.18268059194087982,0.8135138154029846,0.0,0.0,-0.03849555924534798,0.32876351475715637,0.26504087448120117,0.0038348580710589886,0.0005302017671056092,0.5234689712524414,0.06556496024131775,-0.028284288942813873,0.5105239152908325,0.029316581785678864,0.44218888878822327,0.5790922045707703,0.0,0.0,-0.026140911504626274,0.16985973715782166,0.14111170172691345,0.0007828266825526953,-0.00015575255383737385,0.08465540409088135,0.016892384737730026,0.01080331951379776,0.5859413146972656,0.010748021304607391,0.5560029149055481,0.6189011335372925,0.0,0.0,0.008800211362540722,-0.053645286709070206,0.6218889355659485,-0.01847483590245247,0.6454567909240723,-0.0024623707868158817,0.4275205135345459,0.10381526499986649,0.12597310543060303,0.8009101748466492,0.0,0.0,0.6776258945465088,0.06499004364013672,0.5871636867523193,0.007920271717011929,0.5752684473991394,-0.0020082162227481604,0.5079232454299927,0.04409937188029289,0.27900904417037964,0.7724646925926208,0.0,0.0,0.05706517770886421,0.3605956733226776,0.29598164558410645,0.0034923688508570194,-0.0007103605312295258,0.5233721137046814,0.06553220748901367,-0.02295518107712269,0.49840235710144043,0.029005825519561768,0.4389688968658447,0.5752953886985779,0.0,0.0,-0.0185592882335186,0.1294516623020172,0.11069898307323456,0.000799350265879184,-0.00013644628052134067,0.08464919775724411,0.016886288300156593,0.014345931820571423
internal256,168_0.92_0.76.png,0.5843978524208069,0.010155931115150452,0.5549485683441162,0.6071826815605164,0.0,0.0,0.07395660877227783,-0.0562475211918354,0.6212078332901001,-0.01930134743452072,0.6475483179092407,-0.0013516852632164955,0.38911229372024536,0.29276981949806213,0.013143332675099373,0.9957221746444702,0.013105584308505058,0.0810142382979393,0.9142944812774658,0.052235402166843414,0.5932896733283997,0.007863140664994717,0.5840494632720947,-0.0071882265619933605,0.5049102902412415,0.041753992438316345,0.23130518198013306,0.7638136744499207,0.0,0.0,-0.03396845608949661,0.29500627517700195,0.2353074550628662,0.003392772516235709,0.0004722925368696451,0.5132824778556824,0.05632032826542854,-0.028284288942813873,0.5105673670768738,0.029240641742944717,0.4444959759712219,0.5744075179100037,0.0,0.0,-0.01632346585392952,0.16118589043617249,0.1320011466741562,0.0007323489408008754,-0.00010122124513145536,0.0809996947646141,0.011941093020141125,0.01080331951379776,0.5902211666107178,0.010528738610446453,0.5621700882911682,0.616826593875885,0.0,0.0,0.0006399456178769469,-0.053578224033117294,0.6230440139770508,-0.018308816477656364,0.6467575430870056,-0.0024623707868158817,0.40593376755714417,0.10246234387159348,0.09986787289381027,0.7464926838874817,0.0,0.0,0.6524667739868164,0.06516703218221664,0.5830527544021606,0.0075422669760882854,0.5694228410720825,-0.0020082162227481604,0.5099806785583496,0.05079879239201546,0.2713794410228729,0.7861911654472351,0.0,0.0,0.05547520890831947,0.32027292251586914,0.25907978415489197,0.0030572994146496058,-0.000669405038934201,0.5132465958595276,0.05637664347887039,-0.02295518107712269,0.4983327388763428,0.028944892808794975,0.4382467567920685,0.5745137929916382,0.0,0.0,-0.016286075115203857,0.13601557910442352,0.11581294983625412,0.0008376947953365743,-0.00012631696881726384,0.08099566400051117,0.011934378184378147,0.014345931820571423
internal256,1704_0.9_1.06.png,0.5788996815681458,0.008164970204234123,0.5408180356025696,0.6090372800827026,0.0,0.0,0.05527901649475098,-0.05632556974887848,0.6197293996810913,-0.01951209455728531,0.6458724141120911,-0.0013516852632164955,0.4991784691810608,0.3014085590839386,0.005469499621540308,0.998531699180603,0.009296875447034836,0.15687499940395355,0.9092183709144592,0.050312936305999756,0.6156724691390991,0.009824439883232117,0.6148641109466553,-0.0071882265619933605,0.5091956853866577,0.06476713716983795,0.18085652589797974,0.831281840801239,0.0,0.0,-0.07631446421146393,0.41365760564804077,0.3508853316307068,0.0051122987642884254,0.001045792130753398,0.5098962783813477,0.06202378123998642,-0.028284288942813873,0.5105785727500916,0.02927209995687008,0.44432201981544495,0.5810421705245972,0.0,0.0,-0.025506317615509033,0.18311022222042084,0.15248732268810272,0.0008461976540274918,-0.00015183983487077057,0.07255619019269943,0.014159069396555424,0.01080331951379776,0.5830062031745911,0.0090611781924963,0.5560333132743835,0.6241014003753662,0.0,0.0,0.01125413365662098,-0.053691279143095016,0.6210911870002747,-0.01858869567513466,0.6445589065551758,-0.0024623707868158817,0.44265544414520264,0.11526036262512207,0.10285396128892899,0.8206672668457031,0.0,0.0,0.6817419528961182,0.06486595422029495,0.5906105637550354,0.00818529911339283,0.5800912380218506,-0.0020082162227481604,0.5150886178016663,0.07562398910522461,0.24461252987384796,0.832710325717926,0.0,0.0,0.07841445505619049,0.4583786129951477,0.3899761736392975,0.004650563932955265,-0.0010151612805202603,0.5098224878311157,0.06205295771360397,-0.02295518107712269,0.49850282073020935,0.028657881543040276,0.44171538949012756,0.5756329298019409,0.0,0.0,-0.027180640026926994,0.15379598736763,0.13528139889240265,0.0009809910552576184,-0.00020876374037470669,0.07254940271377563,0.014176372438669205,0.014345931820571423
internal256,1706_0.83_0.85.png,0.5805694460868835,0.008849256671965122,0.5404810905456543,0.6112833023071289,0.0,0.0,0.065443255007267,-0.056301869451999664,0.620177149772644,-0.019448090344667435,0.6463802456855774,-0.0013516852632164955,0.507550060749054,0.25469785928726196,0.01094111893326044,0.9988834261894226,0.007135416846722364,0.09523437917232513,0.9282767176628113,0.05016671121120453,0.6123352646827698,0.009973617270588875,0.6107999086380005,-0.0071882265619933605,0.5084455013275146,0.06167922541499138,0.16138939559459686,0.8566948771476746,0.0,0.0,-0.060519829392433167,0.38137558102607727,0.31669119000434875,0.004607473500072956,0.0008154356619343162,0.45607510209083557,0.05250966548919678,-0.028284288942813873,0.5105810761451721,0.02926974929869175,0.4440997838973999,0.5778226256370544,0.0,0.0,-0.022241566330194473,0.17174285650253296,0.14270727336406708,0.0007923877565190196,-0.0001339469599770382,0.0643332451581955,0.01228337176144123,0.01080331951379776,0.5839875340461731,0.009814516641199589,0.5508506298065186,0.6268700957298279,0.0,0.0,0.014742350205779076,-0.053675901144742966,0.6213582754135132,-0.018550626933574677,0.6448595523834229,-0.0024623707868158817,0.43560996651649475,0.10034607350826263,0.0997660905122757,0.8198444843292236,0.0,0.0,0.6165215969085693,0.0649237185716629,0.588580310344696,0.008061927743256092,0.5772914290428162,-0.0020082162227481604,0.5133833885192871,0.0699438750743866,0.24755695462226868,0.8297618627548218,0.0,0.0,0.07306705415248871,0.4209350347518921,0.34950998425483704,0.0041511147283017635,-0.0009404639713466167,0.45598721504211426,0.052551545202732086,-0.02295518107712269,0.4984592795372009,0.02875550650060177,0.439499169588089,0.5760063529014587,0.0,0.0,-0.02261064015328884,0.14138737320899963,0.12279004603624344,0.0008894882630556822,-0.00017262819164898247,0.06432359665632248,0.012287327088415623,0.014345931820571423
internal256,1719_0.77_1.33.png,0.5822662711143494,0.008159657940268517,0.5461841821670532,0.6078906059265137,0.0,0.0,0.026023291051387787,-0.05627778545022011,0.6206268072128296,-0.01938304863870144,0.6468909382820129,-0.0013516852632164955,0.5675424337387085,0.2756216526031494,0.006083691958338022,0.9974149465560913,0.0020312501583248377,0.07451823353767395,0.9655351638793945,0.049118854105472565,0.6280384063720703,0.011042637750506401,0.6318214535713196,-0.0071882265619933605,0.5070011615753174,0.05163568630814552,0.1817844659090042,0.8305537700653076,0.0,0.0,-0.03347189724445343,0.30697235465049744,0.2476736307144165,0.0035999915562570095,0.0004406823718454689,0.4522574841976166,0.05763640254735947,-0.028284288942813873,0.5104011297225952,0.029306991025805473,0.44251909852027893,0.5735961198806763,0.0,0.0,-0.01960979960858822,0.1626216322183609,0.13403935730457306,0.0007431778940372169,-0.00012180872727185488,0.06299389153718948,0.0171078871935606,0.01080331951379776,0.5845695734024048,0.008881701156497002,0.5575194954872131,0.6181689500808716,0.0,0.0,0.012045018374919891,-0.05366678535938263,0.6215097904205322,-0.0185280479490757,0.6450309157371521,-0.0024623707868158817,0.4478161334991455,0.09237387031316757,0.12287116050720215,0.7862163782119751,0.0,0.0,0.6514617204666138,0.06482363492250443,0.5906667709350586,0.008275669999420643,0.5802721977233887,-0.0020082162227481604,0.5088140964508057,0.0467357262969017,0.2752310633659363,0.7742398977279663,0.0,0.0,0.06020846962928772,0.34084275364875793,0.2811082899570465,0.003317207098007202,-0.0007492644945159554,0.4521666169166565,0.057657547295093536,-0.02295518107712269,0.49851319193840027,0.028909165412187576,0.44008398056030273,0.5769417881965637,0.0,0.0,-0.014534304849803448,0.12036354094743729,0.10071565210819244,0.0007255880627781153,-0.00010485383972991258,0.06299617141485214,0.017106173560023308,0.014345931820571423
internal256,1732_0.87_0.59.png,0.5805400609970093,0.011249230243265629,0.540729284286499,0.6144276261329651,0.0,0.0,0.1030031144618988,-0.05630228668451309,0.6201827526092529,-0.01944921910762787,0.6463846564292908,-0.0013516852632164955,0.5163119435310364,0.3601974546909332,0.004312979523092508,0.9990617632865906,0.012395833618938923,0.24074219167232513,0.8623141050338745,0.050013668835163116,0.6269251108169556,0.010129746049642563,0.6294235587120056,-0.0071882265619933605,0.5072967410087585,0.060826048254966736,0.15945710241794586,0.8697001338005066,0.0,0.0,-0.067652627825737,0.39076095819473267,0.3244885206222534,0.0047057559713721275,0.0009535694262012839,0.6000665426254272,0.06878452003002167,-0.028284288942813873,0.5106536746025085,0.02933269925415516,0.4429927468299866,0.578589916229248,0.0,0.0,-0.026022018864750862,0.18974100053310394,0.15778152644634247,0.0008745811646804214,-0.00015213419101200998,0.10026341676712036,0.014214223250746727,0.01080331951379776,0.5884004831314087,0.011487893760204315,0.5556640625,0.6373354196548462,0.0,0.0,0.01047428511083126,-0.053606752306222916,0.6225569844245911,-0.018379442393779755,0.6462085247039795,-0.0024623707868158817,0.4293658137321472,0.15106378495693207,0.06645338982343674,0.8161076903343201,0.0,0.0,0.7590555548667908,0.06497491151094437,0.5899672508239746,0.007952584885060787,0.5789737105369568,-0.0020082162227481604,0.5107869505882263,0.05662938579916954,0.25338512659072876,0.801582932472229,0.0,0.0,0.06267313659191132,0.42772647738456726,0.35802847146987915,0.004242527764290571,-0.0007869693799875677,0.5999764204025269,0.06879747658967972,-0.02295518107712269,0.49840736389160156,0.028595248237252235,0.4357791841030121,0.5784175992012024,0.0,0.0,-0.02465890906751156,0.15537089109420776,0.13500966131687164,0.000977934687398374,-0.00019075408636126667,0.1002420037984848,0.014215148985385895,0.014345931820571423
internal256,1739_0.98_1.18.png,0.5888988375663757,0.009854196570813656,0.5487440228462219,0.6225168108940125,0.0,0.0,0.018804149702191353,-0.05618363991379738,0.6224181056022644,-0.019128821790218353,0.648919403553009,-0.0013516852632164955,0.623563826084137,0.25399070978164673,0.00819559209048748,0.9979332685470581,0.0021093750838190317,0.12688802182674408,0.944005012512207,0.04814035817980766,0.6394548416137695,0.012040896341204643,0.647213876247406,-0.0071882265619933605,0.5076736211776733,0.05471068620681763,0.19689351320266724,0.839704692363739,0.0,0.0,-0.04039112105965614,0.32624122500419617,0.2642826437950134,0.003848857944831252,0.0005362139781937003,0.46000927686691284,0.061887476593256,-0.028284288942813873,0.5104923844337463,0.029450686648488045,0.44276636838912964,0.5765239596366882,0.0,0.0,-0.011380530893802643,0.17019914090633392,0.139717236161232,0.0007738883723504841,-7.640577678103e-05,0.06365635991096497,0.017179710790514946,0.01080331951379776,0.5910030007362366,0.010283461771905422,0.5582028031349182,0.633227527141571,0.0,0.0,0.012474813498556614,-0.05356597900390625,0.6232547760009766,-0.018278487026691437,0.6469948887825012,-0.0024623707868158817,0.46890708804130554,0.09276728332042694,0.1198762059211731,0.7850005626678467,0.0,0.0,0.6373559832572937,0.06465071439743042,0.59494549036026,0.008644993416965008,0.5862858295440674,-0.0020082162227481604,0.5101028680801392,0.052478544414043427,0.2604399621486664,0.80601567029953,0.0,0.0,0.06254397332668304,0.359728068113327,0.2957804799079895,0.00349384150467813,-0.0007670930936001241,0.4599156677722931,0.06193477660417557,-0.02295518107712269,0.4984157383441925,0.028742430731654167,0.4395451843738556,0.5730721354484558,0.0,0.0,-0.014654261991381645,0.1345367729663849,0.11224647611379623,0.0008084410801529884,-0.00011037069634767249,0.06365053355693817,0.017210954800248146,0.014345931820571423
internal256,1768_0.94_1.87.png,0.5870622396469116,0.00899167638272047,0.5442110300064087,0.6205861568450928,0.0,0.0,0.018274368718266487,-0.05620970577001572,0.6219179630279541,-0.019199220463633537,0.6483537554740906,-0.0013516852632164955,0.7178782224655151,0.22105824947357178,0.019263511523604393,0.9968317151069641,0.0002864583511836827,0.036250002682209015,0.8408764004707336,0.04649301618337631,0.6615004539489746,0.013721512630581856,0.6763856410980225,-0.0071882265619933605,0.5079033970832825,0.05356286093592644,0.18259301781654358,0.8381309509277344,0.0,0.0,-0.04048687219619751,0.2909685969352722,0.23518992960453033,0.0034327805042266846,0.0005452861078083515,0.39010149240493774,0.044318538159132004,-0.028284288942813873,0.5104827880859375,0.029511289671063423,0.4445480704307556,0.5770166516304016,0.0,0.0,-0.00917716696858406,0.1693999469280243,0.1374611258506775,0.0007607717416249216,-6.674019823549315e-05,0.04892262443900108,0.010380860418081284,0.01080331951379776,0.5872913599014282,0.009432366117835045,0.5585595369338989,0.6265420913696289,0.0,0.0,0.004649990703910589,-0.05362413451075554,0.6222454905509949,-0.018422463908791542,0.64585942029953,-0.0024623707868158817,0.48000940680503845,0.06283291429281235,0.10730884224176407,0.7625916600227356,0.0,0.0,0.5095893740653992,0.0645596832036972,0.5963147878646851,0.008839406073093414,0.5882951617240906,-0.0020082162227481604,0.5098774433135986,0.04909106343984604,0.272285521030426,0.7949708104133606,0.0,0.0,0.0619920939207077,0.3154646158218384,0.25804629921913147,0.0030525820329785347,-0.0007657066453248262,0.3901861608028412,0.044419996440410614,-0.02295518107712269,0.4983293414115906,0.02884666994214058,0.44194456934928894,0.5719426274299622,0.0,0.0,-0.011799504049122334,0.12693773210048676,0.10499335080385208,0.0007538564968854189,-8.667109068483114e-05,0.048938412219285965,0.010391322895884514,0.014345931820571423
internal256,1788_0.9_0.72.png,0.5790832042694092,0.009856371209025383,0.5416908264160156,0.616887092590332,0.0,0.0,0.04781194403767586,-0.056322962045669556,0.6197866797447205,-0.019505063071846962,0.6459362506866455,-0.0013516852632164955,0.5898719429969788,0.2999037504196167,0.010801474563777447,0.9987994432449341,0.0052994792349636555,0.16652344167232513,0.9454266428947449,0.048728834837675095,0.6360155344009399,0.01144053228199482,0.6422675848007202,-0.0071882265619933605,0.5089056491851807,0.06209125369787216,0.1649584174156189,0.852087676525116,0.0,0.0,-0.08226446807384491,0.39893490076065063,0.3369235098361969,0.004906855523586273,0.001147323870100081,0.5106897950172424,0.053440120071172714,-0.028284288942813873,0.5106064081192017,0.02935602515935898,0.4446306526660919,0.5819615721702576,0.0,0.0,-0.024334462359547615,0.18677189946174622,0.1544177085161209,0.0008573786471970379,-0.00014699231542181224,0.07316819578409195,0.01039290614426136,0.01080331951379776,0.5833128094673157,0.010441781021654606,0.5578675270080566,0.6303891539573669,0.0,0.0,0.012023056857287884,-0.05368647351861,0.6211808323860168,-0.01857679896056652,0.6446590423583984,-0.0024623707868158817,0.460284948348999,0.10825187712907791,0.07921084761619568,0.8017745018005371,0.0,0.0,0.7067579030990601,0.06472141295671463,0.5938124060630798,0.00849401019513607,0.5846326947212219,-0.0020082162227481604,0.5145273208618164,0.07263901829719543,0.23963825404644012,0.8295771479606628,0.0,0.0,0.08062010258436203,0.44135552644729614,0.3730691373348236,0.004461938515305519,-0.0010410750983282924,0.5106269717216492,0.053494252264499664,-0.02295518107712269,0.4983300268650055,0.02882877178490162,0.43980664014816284,0.5737379789352417,0.0,0.0,-0.025338558480143547,0.15376368165016174,0.13399077951908112,0.0009711168240755796,-0.00019519211491569877,0.07316085696220398,0.010399525985121727,0.014345931820571423
internal256,179_0.79_1.66.png,0.5904642343521118,0.012306805700063705,0.5614081025123596,0.6127638816833496,0.0,0.0,0.000919351470656693,-0.05616141855716705,0.6228567361831665,-0.019068818539381027,0.6494136452674866,-0.0013516852632164955,0.4546049237251282,0.31601062417030334,0.022620810195803642,0.9813856482505798,0.0020340236369520426,0.2022697925567627,0.8155812621116638,0.051091477274894714,0.6083406209945679,0.009030172601342201,0.6046549081802368,-0.0071882265619933605,0.504141628742218,0.036392342299222946,0.28144949674606323,0.6765369772911072,0.0,0.0,0.011360984295606613,0.22169849276542664,0.17748966813087463,0.0025528741534799337,-0.0001699737913440913,0.3883350193500519,0.048011623322963715,-0.028284288942813873,0.5104536414146423,0.029417937621474266,0.4436955749988556,0.5701639652252197,0.0,0.0,-0.004820647183805704,0.16409678757190704,0.13468775153160095,0.0007456239545717835,-3.903559627360664e-05,0.055064477026462555,0.010429974645376205,0.01080331951379776,0.5951232314109802,0.013272230513393879,0.5653871297836304,0.623084306716919,0.0,0.0,-0.0,-0.05350141227245331,0.624396562576294,-0.018118659034371376,0.6482759118080139,-0.0024623707868158817,0.4284575879573822,0.09399785101413727,0.17673438787460327,0.6658065319061279,0.0,0.0,0.5657820701599121,0.06498236209154129,0.5869472622871399,0.007936682552099228,0.5750048160552979,-0.0020082162227481604,0.5062021017074585,0.03642157465219498,0.3409956395626068,0.6585298180580139,0.0,0.0,0.03284284099936485,0.24158796668052673,0.19514329731464386,0.0022704522125422955,-0.00036673282738775015,0.38827642798423767,0.047979094088077545,-0.02295518107712269,0.4982791841030121,0.02909923903644085,0.4419291913509369,0.5701597929000854,0.0,0.0,-0.005479874555021524,0.12558035552501678,0.10281882435083389,0.0007393516134470701,-4.160630123806186e-05,0.05506778508424759,0.01042861770838499,0.014345931820571423
internal256,1824_0.74_1.39.png,0.5846803188323975,0.01031950768083334,0.5397151112556458,0.6097325086593628,0.0,0.0,0.0446847639977932,-0.05624351650476456,0.621284544467926,-0.01929052174091339,0.6476351022720337,-0.0013516852632164955,0.4445668160915375,0.24027657508850098,0.010052159428596497,0.999032735824585,0.002591145923361182,0.056497398763895035,0.8564584851264954,0.051266808062791824,0.5978935956954956,0.008851299993693829,0.5911118388175964,-0.0071882265619933605,0.5060975551605225,0.04782579839229584,0.16163958609104156,0.8347888588905334,0.0,0.0,-0.02681533806025982,0.2868846654891968,0.22934024035930634,0.0033234362490475178,0.0003486101049929857,0.4587630331516266,0.04876603186130524,-0.028284288942813873,0.5106419920921326,0.02932506613433361,0.44371458888053894,0.5826473236083984,0.0,0.0,-0.012411718256771564,0.15633581578731537,0.1289391964673996,0.0007147995056584477,-7.791977259330451e-05,0.061932679265737534,0.012423631735146046,0.01080331951379776,0.5880224704742432,0.01036112755537033,0.5579186677932739,0.6196661591529846,0.0,0.0,0.00837752316147089,-0.05361267924308777,0.6224479675292969,-0.0183941088616848,0.6460867524147034,-0.0024623707868158817,0.41653433442115784,0.0805194228887558,0.09906592220067978,0.835700511932373,0.0,0.0,0.5295807123184204,0.06508011370897293,0.5842007398605347,0.0077278935350477695,0.5711542963981628,-0.0020082162227481604,0.5076905488967896,0.04237421602010727,0.2891290783882141,0.7298340201377869,0.0,0.0,0.05494800582528114,0.2975650429725647,0.2383219450712204,0.002810227917507291,-0.0006649591960012913,0.458779513835907,0.048795152455568314,-0.02295518107712269,0.4982421100139618,0.02900387905538082,0.43930914998054504,0.5755739212036133,0.0,0.0,-0.009124564938247204,0.12370327115058899,0.10269870609045029,0.0007405331707559526,-6.975719588808715e-05,0.06195160746574402,0.012422076426446438,0.014345931820571423
internal256,182_0.69_0.53.png,0.5804170966148376,0.009996619075536728,0.5460329055786133,0.6103448867797852,0.0,0.0,0.03724868223071098,-0.05630403012037277,0.6201425790786743,-0.019453929737210274,0.6463401317596436,-0.0013516852632164955,0.37828442454338074,0.3168952465057373,0.003654807573184371,0.9943200349807739,0.029354659840464592,0.048793453723192215,0.87909996509552,0.05242452770471573,0.5944228172302246,0.007670195307582617,0.5852793455123901,-0.0071882265619933605,0.5043472051620483,0.042087409645318985,0.23693768680095673,0.7799115180969238,0.0,0.0,-0.040064647793769836,0.2992047071456909,0.2387116551399231,0.0034344710875302553,0.0005657641449943185,0.5501582026481628,0.056579817086458206,-0.028284288942813873,0.5105611681938171,0.029201654717326164,0.44519999623298645,0.5741440653800964,0.0,0.0,-0.023032745346426964,0.15710283815860748,0.13030217587947845,0.000723145785741508,-0.00013804782065562904,0.10182446241378784,0.01253246609121561,0.01080331951379776,0.5870736837387085,0.011306236498057842,0.5616344213485718,0.628052294254303,0.0,0.0,0.0009830277413129807,-0.05362754687666893,0.6221975088119507,-0.018430911004543304,0.6458039879798889,-0.0024623707868158817,0.38728442788124084,0.09940393269062042,0.08372889459133148,0.7493831515312195,0.0,0.0,0.661517858505249,0.06531994044780731,0.5795549750328064,0.007215695921331644,0.5644254684448242,-0.0020082162227481604,0.5091564655303955,0.04841603338718414,0.2841634750366211,0.7545230984687805,0.0,0.0,0.07037538290023804,0.33533912897109985,0.2772379517555237,0.0032795818988233805,-0.0008517228998243809,0.550066351890564,0.05662646144628525,-0.02295518107712269,0.49827319383621216,0.029038038104772568,0.4333478808403015,0.5777492523193359,0.0,0.0,-0.01799783483147621,0.13119450211524963,0.11250495165586472,0.0008134187664836645,-0.00013638156815432012,0.10182110220193863,0.012530665844678879,0.014345931820571423
internal256,1833_0.88_1.83.png,0.5868536233901978,0.00979086197912693,0.5384971499443054,0.6196920871734619,0.0,0.0,0.027142038568854332,-0.056212667375802994,0.6218659281730652,-0.019207214936614037,0.6482942700386047,-0.0013516852632164955,0.5690553784370422,0.33364832401275635,0.010037010535597801,0.9988079071044922,0.006171875167638063,0.03635416924953461,0.8033872842788696,0.049092426896095276,0.6351810693740845,0.011069593951106071,0.6408234238624573,-0.0071882265619933605,0.5067881941795349,0.04939398914575577,0.1636788547039032,0.8324524164199829,0.0,0.0,-0.020332958549261093,0.28686267137527466,0.23075689375400543,0.0033498972188681364,0.0002462815318722278,0.3910006880760193,0.043277423828840256,-0.028284288942813873,0.5104941725730896,0.029381195083260536,0.4438537061214447,0.5834453701972961,0.0,0.0,-0.010796000249683857,0.17757448554039001,0.14892570674419403,0.0008251676335930824,-6.959413440199569e-05,0.04614229500293732,0.011753025464713573,0.01080331951379776,0.5897117257118225,0.01245564129203558,0.5496600270271301,0.623696506023407,0.0,0.0,0.007842818275094032,-0.0535862036049366,0.6229183077812195,-0.018328575417399406,0.6466143727302551,-0.0024623707868158817,0.4296224117279053,0.10783866792917252,0.09092337638139725,0.8266064524650574,0.0,0.0,0.6127427816390991,0.06497281789779663,0.5877406001091003,0.007957077585160732,0.5760675668716431,-0.0020082162227481604,0.5080559253692627,0.042953331023454666,0.25916787981987,0.7562556862831116,0.0,0.0,0.05206679180264473,0.2840774655342102,0.22843500971794128,0.002687078434973955,-0.0006238537025637925,0.3910047113895416,0.04329029098153114,-0.02295518107712269,0.49834972620010376,0.028872383758425713,0.4376537799835205,0.5772605538368225,0.0,0.0,-0.008068323135375977,0.1287907063961029,0.106957346200943,0.0007703818846493959,-6.034840043867007e-05,0.04613688960671425,0.011757755652070045,0.014345931820571423
internal256,1836_0.78_1.32.png,0.5841743350028992,0.009961679577827454,0.5364367365837097,0.6127877831459045,0.0,0.0,0.03630637377500534,-0.05625069886445999,0.6211468577384949,-0.019309911876916885,0.647479236125946,-0.0013516852632164955,0.5012113451957703,0.303666889667511,0.009847931563854218,0.9989737272262573,0.006119791883975267,0.03333333507180214,0.8761849403381348,0.05027742683887482,0.6163733601570129,0.009860667400062084,0.6157926321029663,-0.0071882265619933605,0.5068082809448242,0.050308819860219955,0.1604716032743454,0.8336399793624878,0.0,0.0,-0.02715073898434639,0.3022889792919159,0.24407562613487244,0.003541795536875725,0.0003448797215241939,0.39280006289482117,0.04144003987312317,-0.028284288942813873,0.5105448961257935,0.029277104884386063,0.4439423084259033,0.583619236946106,0.0,0.0,-0.015741832554340363,0.17283658683300018,0.14508451521396637,0.0008046727743931115,-9.54667484620586e-05,0.04835110902786255,0.010665512643754482,0.01080331951379776,0.5876162052154541,0.012656193226575851,0.5483928918838501,0.619448184967041,0.0,0.0,0.010043606162071228,-0.05361904203891754,0.6223529577255249,-0.018409866839647293,0.645977795124054,-0.0024623707868158817,0.41366812586784363,0.10165157914161682,0.09536051005125046,0.832831084728241,0.0,0.0,0.5872564315795898,0.06510362029075623,0.5844526290893555,0.007677702233195305,0.5714240670204163,-0.0020082162227481604,0.5085904598236084,0.04535451531410217,0.2593308389186859,0.7622845768928528,0.0,0.0,0.05571366846561432,0.3028022050857544,0.24271759390830994,0.0028643428813666105,-0.000677103060297668,0.39279088377952576,0.04142707213759422,-0.02295518107712269,0.49837785959243774,0.028875747695565224,0.4376087486743927,0.5773105621337891,0.0,0.0,-0.010669847950339317,0.12537255883216858,0.1050671860575676,0.0007581847603432834,-8.039271051529795e-05,0.04834699258208275,0.01066321600228548,0.014345931820571423
internal256,1842_0.88_0.62.png,0.5820525884628296,0.011521578766405582,0.5441232919692993,0.6169080138206482,0.0,0.0,0.06550094485282898,-0.056280817836523056,0.6205881834030151,-0.019391244277358055,0.6468443870544434,-0.0013516852632164955,0.5928860902786255,0.3175610899925232,0.013864085078239441,0.9980554580688477,0.004192708525806665,0.19223958253860474,0.9309341907501221,0.04867619276046753,0.6388135552406311,0.011494239792227745,0.6458296179771423,-0.0071882265619933605,0.5072081089019775,0.05536134913563728,0.18027247488498688,0.8452523350715637,0.0,0.0,-0.06889326870441437,0.35967305302619934,0.2971022427082062,0.004306755494326353,0.0009693317115306854,0.502538800239563,0.05575781688094139,-0.028284288942813873,0.5107397437095642,0.02947242558002472,0.4436063766479492,0.5791628956794739,0.0,0.0,-0.02227598801255226,0.18663667142391205,0.15392355620861053,0.0008535935776308179,-0.00013299143756739795,0.08196476101875305,0.011715431697666645,0.01080331951379776,0.5885645747184753,0.012687618844211102,0.5523828268051147,0.629172682762146,0.0,0.0,0.013304564170539379,-0.053604185581207275,0.6226093769073486,-0.018373074010014534,0.646266520023346,-0.0024623707868158817,0.4429044723510742,0.12015463411808014,0.10370633751153946,0.8090940117835999,0.0,0.0,0.7313186526298523,0.0648639127612114,0.5908930897712708,0.00818965956568718,0.5804653167724609,-0.0020082162227481604,0.5112696290016174,0.058675143867731094,0.26219457387924194,0.8015640377998352,0.0,0.0,0.0633779987692833,0.3837428092956543,0.3159744441509247,0.0037581666838377714,-0.0008003874099813402,0.5024011135101318,0.05574628338217735,-0.02295518107712269,0.4980719983577728,0.028940042480826378,0.43719208240509033,0.5749872326850891,0.0,0.0,-0.021207662299275398,0.1536358743906021,0.13179855048656464,0.0009543211781419814,-0.00016522163059562445,0.08197013288736343,0.01172421034425497,0.014345931820571423
internal256,1851_0.7_1.14.png,0.5775677561759949,0.01371457427740097,0.542462944984436,0.6127225160598755,0.0,0.0,0.1668747216463089,-0.05634447932243347,0.6194096207618713,-0.01956314779818058,0.6455042362213135,-0.0013516852632164955,0.6209712624549866,0.3246499001979828,0.00890816655009985,0.9988871216773987,0.0062630209140479565,0.12975260615348816,0.8866411447525024,0.04818563908338547,0.6465212106704712,0.011994699947535992,0.6559900045394897,-0.0071882265619933605,0.5064016580581665,0.0504838190972805,0.17966118454933167,0.8163765668869019,0.0,0.0,-0.04470134899020195,0.3101344704627991,0.24886849522590637,0.0036047673784196377,0.0006324403802864254,0.4511968195438385,0.05641249567270279,-0.028284288942813873,0.5105341672897339,0.029400071129202843,0.4431457817554474,0.5786744952201843,0.0,0.0,-0.02523629739880562,0.17923186719417572,0.14755134284496307,0.0008182792807929218,-0.00015260423242580146,0.0651652067899704,0.012548944912850857,0.01080331951379776,0.584125816822052,0.013671854510903358,0.5618156790733337,0.626496434211731,0.0,0.0,0.0012511670356616378,-0.05367373302578926,0.6214206218719482,-0.01854526251554489,0.6449263691902161,-0.0024623707868158817,0.45440059900283813,0.11338305473327637,0.10651727765798569,0.8056492805480957,0.0,0.0,0.6979345083236694,0.06476965546607971,0.5928558111190796,0.008390969596803188,0.5832644104957581,-0.0020082162227481604,0.5081032514572144,0.045382119715213776,0.27945977449417114,0.7836966514587402,0.0,0.0,0.05317848175764084,0.3338436484336853,0.27030110359191895,0.0031944240909069777,-0.000666201114654541,0.45119214057922363,0.056390076875686646,-0.02295518107712269,0.4983806610107422,0.028977196663618088,0.4398684799671173,0.5748832821846008,0.0,0.0,-0.017253104597330093,0.12555451691150665,0.10441964864730835,0.0007526081171818078,-0.00012551732652354985,0.06516999751329422,0.012543749995529652,0.014345931820571423
internal256,1878_0.54_0.67.png,0.5729541182518005,0.011312517337501049,0.5345715880393982,0.6064277291297913,0.0,0.0,0.17642535269260406,-0.05640996992588043,0.6181738972663879,-0.019739987328648567,0.6441019177436829,-0.0013516852632164955,0.5766529440879822,0.3006744980812073,0.012204314582049847,0.9987810254096985,0.005611979402601719,0.021705729886889458,0.9151501059532166,0.048959728330373764,0.6329585909843445,0.011204978451132774,0.6381801962852478,-0.0071882265619933605,0.5089448690414429,0.06218814104795456,0.1622997522354126,0.833581805229187,0.0,0.0,-0.06626531481742859,0.3904534578323364,0.32667094469070435,0.004751837346702814,0.0009198585175909102,0.3959331512451172,0.04830179363489151,-0.028284288942813873,0.5104361176490784,0.029263783246278763,0.4444725215435028,0.5835494995117188,0.0,0.0,-0.03322931379079819,0.1866714358329773,0.15931738913059235,0.0008844578405842185,-0.00019654595234896988,0.05321824923157692,0.010425622574985027,0.01080331951379776,0.5779792666435242,0.012023864313960075,0.5483719706535339,0.6175912022590637,0.0,0.0,0.020284553989768028,-0.0537700429558754,0.6197671294212341,-0.018783695995807648,0.6430623531341553,-0.0024623707868158817,0.44427958130836487,0.10372398793697357,0.09479065239429474,0.8174949884414673,0.0,0.0,0.640617847442627,0.06485264003276825,0.5904181003570557,0.008213740773499012,0.5798737406730652,-0.0020082162227481604,0.5132091641426086,0.06664501130580902,0.26602503657341003,0.7959405779838562,0.0,0.0,0.07306739687919617,0.4452555477619171,0.3758012056350708,0.004481335636228323,-0.0009563257335685194,0.3958246111869812,0.04828488081693649,-0.02295518107712269,0.4986112713813782,0.028823111206293106,0.438153475522995,0.5774518251419067,0.0,0.0,-0.029101338237524033,0.13542084395885468,0.1194346621632576,0.0008640509913675487,-0.00021503677999135107,0.05320829525589943,0.0104232681915164,0.014345931820571423
internal256,1882_0.84_1.36.png,0.5836166739463806,0.013684311881661415,0.5431665182113647,0.6145641207695007,0.0,0.0,0.12509676814079285,-0.05625861510634422,0.6210218667984009,-0.01933129131793976,0.6473339796066284,-0.0013516852632164955,0.4795979857444763,0.33867207169532776,0.012799139134585857,0.9979515671730042,0.0043229167349636555,0.19208334386348724,0.8458070755004883,0.05065493285655975,0.6162932515144348,0.0094755282625556,0.6152607798576355,-0.0071882265619933605,0.5075079202651978,0.055138345807790756,0.1842563897371292,0.8043985962867737,0.0,0.0,-0.03663261607289314,0.344789981842041,0.28185445070266724,0.004099810030311346,0.0004821225011255592,0.43764910101890564,0.053215380758047104,-0.028284288942813873,0.5105494856834412,0.02930697239935398,0.4423615336418152,0.5809504389762878,0.0,0.0,-0.01621130295097828,0.17845168709754944,0.1478131115436554,0.0008205688209272921,-9.894342656480148e-05,0.06142774596810341,0.01373740192502737,0.01080331951379776,0.5883275270462036,0.014048834331333637,0.5546873807907104,0.62441086769104,0.0,0.0,0.007300504948943853,-0.05360789597034454,0.6225554347038269,-0.018382269889116287,0.6462043523788452,-0.0024623707868158817,0.4339355528354645,0.1280767321586609,0.11540354788303375,0.8044127821922302,0.0,0.0,0.7002236843109131,0.06493744999170303,0.5895434617996216,0.008032606914639473,0.578515350818634,-0.0020082162227481604,0.5107143521308899,0.05528648942708969,0.2573834955692291,0.8109122514724731,0.0,0.0,0.05665984004735947,0.3623889982700348,0.2964221239089966,0.0035030890721827745,-0.0007097268244251609,0.4376267194747925,0.05324011668562889,-0.02295518107712269,0.4984971880912781,0.0287245474755764,0.44067639112472534,0.5726416707038879,0.0,0.0,-0.016260802745819092,0.13695158064365387,0.11725932359695435,0.0008472959161736071,-0.00012508640065789223,0.06142839044332504,0.013744115829467773,0.014345931820571423
internal256,1884_0.78_0.61.png,0.5807300806045532,0.013070852495729923,0.5401341915130615,0.6102351546287537,0.0,0.0,0.14327067136764526,-0.05629958584904671,0.6202458143234253,-0.019441932439804077,0.6464543342590332,-0.0013516852632164955,0.44546160101890564,0.35251903533935547,0.006037232466042042,0.9982041120529175,0.007070312742143869,0.19029948115348816,0.7986134886741638,0.051251184195280075,0.611415445804596,0.00886724516749382,0.608383297920227,-0.0071882265619933605,0.5079030394554138,0.05907870829105377,0.17518623173236847,0.8156294822692871,0.0,0.0,-0.05122769623994827,0.37723904848098755,0.31060436367988586,0.004517142195254564,0.0006960881873965263,0.4495372772216797,0.05288812518119812,-0.028284288942813873,0.5106085538864136,0.02924276888370514,0.44314929842948914,0.5819211602210999,0.0,0.0,-0.02197577804327011,0.18686647713184357,0.15601377189159393,0.0008659155573695898,-0.00012884949683211744,0.06482482701539993,0.011719905771315098,0.01080331951379776,0.5869628190994263,0.013709735125303268,0.5537406206130981,0.6214520931243896,0.0,0.0,0.011353671550750732,-0.05362928658723831,0.6221843361854553,-0.01843521185219288,0.6457868218421936,-0.0024623707868158817,0.4198441803455353,0.14063115417957306,0.09546520560979843,0.8127658367156982,0.0,0.0,0.7011106014251709,0.06505298614501953,0.5875407457351685,0.007785852998495102,0.5756007432937622,-0.0020082162227481604,0.5123538374900818,0.06417568027973175,0.23872093856334686,0.8306407928466797,0.0,0.0,0.06192915141582489,0.3994329273700714,0.3272421360015869,0.0038839802145957947,-0.00079257384641096,0.44949981570243835,0.05288395658135414,-0.02295518107712269,0.49844157695770264,0.02869759127497673,0.44121718406677246,0.5737970471382141,0.0,0.0,-0.020186185836791992,0.14789320528507233,0.12841026484966278,0.0009304403210990131,-0.00015706814883742481,0.06481991708278656,0.011724801734089851,0.014345931820571423
internal256,1889_0.63_0.55.png,0.577820360660553,0.007195142097771168,0.5425606369972229,0.608409583568573,0.0,0.0,0.04542378708720207,-0.05634089186787605,0.6194385290145874,-0.01955346204340458,0.6455427408218384,-0.0013516852632164955,0.5110027194023132,0.25705862045288086,0.0165895763784647,0.9981219172477722,0.0029817710164934397,0.05889322981238365,0.9526716470718384,0.05010640621185303,0.613323986530304,0.010035139508545399,0.6121233105659485,-0.0071882265619933605,0.5085367560386658,0.05973963066935539,0.15345028042793274,0.8290175199508667,0.0,0.0,-0.0803755447268486,0.387131929397583,0.32735058665275574,0.004760154522955418,0.0011133786756545305,0.4474320113658905,0.045956358313560486,-0.028284288942813873,0.5107415914535522,0.0293667521327734,0.4445662200450897,0.5783470273017883,0.0,0.0,-0.025553662329912186,0.17986229062080383,0.15090805292129517,0.0008370087598450482,-0.0001504603715147823,0.06345523148775101,0.00852047186344862,0.01080331951379776,0.5814756155014038,0.008197333663702011,0.5536217093467712,0.6236449480056763,0.0,0.0,0.018628008663654327,-0.053715262562036514,0.6206774115562439,-0.018648065626621246,0.6440927386283875,-0.0024623707868158817,0.42464810609817505,0.08563757687807083,0.1271335631608963,0.7895838022232056,0.0,0.0,0.6018198728561401,0.0650135949254036,0.5859115123748779,0.007869972847402096,0.5735682845115662,-0.0020082162227481604,0.5137681365013123,0.06735409051179886,0.25623324513435364,0.8070967793464661,0.0,0.0,0.07761778682470322,0.41733020544052124,0.3504466712474823,0.0041926852427423,-0.0009984098142012954,0.44744935631752014,0.04598964750766754,-0.02295518107712269,0.4981366991996765,0.02890912815928459,0.4395417273044586,0.574787437915802,0.0,0.0,-0.024118749424815178,0.15383748710155487,0.1354936808347702,0.0009828730253502727,-0.00018700570217333734,0.06346694380044937,0.008512667380273342,0.014345931820571423
internal256,1891_0.57_1.79.png,0.5777198672294617,0.007416667882353067,0.5443572998046875,0.6087807416915894,0.0,0.0,0.03630637377500534,-0.056342318654060364,0.6194128394126892,-0.019557315856218338,0.6455133557319641,-0.0013516852632164955,0.5239907503128052,0.23800428211688995,0.01628664880990982,0.997470498085022,0.0016406250651925802,0.04479166865348816,0.9460093975067139,0.04987955093383789,0.6143172383308411,0.010266579687595367,0.6136420369148254,-0.0071882265619933605,0.507765531539917,0.0547117181122303,0.1716398149728775,0.8212841749191284,0.0,0.0,-0.057762447744607925,0.3362865746021271,0.27833449840545654,0.004045997746288776,0.0007861334015615284,0.4232209324836731,0.043220240622758865,-0.028284288942813873,0.5106220245361328,0.029326550662517548,0.44435620307922363,0.5776718854904175,0.0,0.0,-0.024639273062348366,0.16540579497814178,0.1387898027896881,0.0007700408459641039,-0.0001470731949666515,0.05918251350522041,0.009194813668727875,0.01080331951379776,0.5801601409912109,0.00834995973855257,0.557991623878479,0.6222177743911743,0.0,0.0,0.008800211362540722,-0.053735874593257904,0.6203268766403198,-0.018699096515774727,0.6436971426010132,-0.0024623707868158817,0.4302038252353668,0.07594288140535355,0.12532009184360504,0.7843795418739319,0.0,0.0,0.559421181678772,0.0649680495262146,0.5866570472717285,0.007967259734869003,0.5746616721153259,-0.0020082162227481604,0.5109556317329407,0.05416019633412361,0.28062692284584045,0.7888014316558838,0.0,0.0,0.06686554104089737,0.36528441309928894,0.3017546832561493,0.003593198489397764,-0.000850424577947706,0.42323970794677734,0.043248098343610764,-0.02295518107712269,0.4982931613922119,0.02895629033446312,0.43881955742836,0.5731187462806702,0.0,0.0,-0.0199604295194149,0.12997816503047943,0.11258645355701447,0.0008146858890540898,-0.00014968002506066114,0.059187714010477066,0.009190335869789124,0.014345931820571423
internal256,1896_0.7_0.8.png,0.5797125101089478,0.010788073763251305,0.5430861115455627,0.6040817499160767,0.0,0.0,0.05111958459019661,-0.05631403252482414,0.6199595332145691,-0.019480934366583824,0.646131694316864,-0.0013516852632164955,0.46068519353866577,0.2527903616428375,0.02376747503876686,0.9981338381767273,0.0011979166883975267,0.04417968913912773,0.9359663128852844,0.05098528042435646,0.6023455858230591,0.009138518013060093,0.5971355438232422,-0.0071882265619933605,0.5079361796379089,0.05814586207270622,0.19021078944206238,0.859249472618103,0.0,0.0,-0.0681607723236084,0.38058894872665405,0.3119872510433197,0.0045341793447732925,0.0009440072462894022,0.471784383058548,0.05264684185385704,-0.028284288942813873,0.5106877684593201,0.02928333915770054,0.4439939260482788,0.5751771330833435,0.0,0.0,-0.024637358263134956,0.1736559122800827,0.1446990668773651,0.000802707567345351,-0.00014447391731664538,0.07037925720214844,0.01051794458180666,0.01080331951379776,0.5844176411628723,0.011108764447271824,0.5551654100418091,0.6128071546554565,0.0,0.0,0.01976543664932251,-0.05366916209459305,0.6214813590049744,-0.018533943220973015,0.6449971795082092,-0.0024623707868158817,0.4103158414363861,0.08368688821792603,0.15163452923297882,0.7854200601577759,0.0,0.0,0.5723838210105896,0.06513110548257828,0.5831452012062073,0.007619000505656004,0.5696373581886292,-0.0020082162227481604,0.5123405456542969,0.06540914624929428,0.23127131164073944,0.8296459317207336,0.0,0.0,0.07473102957010269,0.42097216844558716,0.34701624512672424,0.004146607592701912,-0.0009564589709043503,0.4717896580696106,0.05264195054769516,-0.02295518107712269,0.49824628233909607,0.028946761041879654,0.4411791265010834,0.5731799602508545,0.0,0.0,-0.021695351228117943,0.14846566319465637,0.1280158907175064,0.0009280256927013397,-0.00016805040650069714,0.07037890702486038,0.010517812334001064,0.014345931820571423
internal256,1897_0.5_0.84.png,0.5791003108024597,0.01067714300006628,0.5347640514373779,0.6098709106445312,0.0,0.0,0.06428486108779907,-0.056322723627090454,0.6197959780693054,-0.019504403695464134,0.6459460258483887,-0.0013516852632164955,0.44896408915519714,0.2968844473361969,0.009001199156045914,0.9991567134857178,0.004205729346722364,0.07734375447034836,0.9329640865325928,0.051190003752708435,0.6048888564109802,0.008929657749831676,0.600141167640686,-0.0071882265619933605,0.5069774389266968,0.05459447205066681,0.1513427495956421,0.8638413548469543,0.0,0.0,-0.05380719155073166,0.3536270558834076,0.2883073389530182,0.0041776904836297035,0.0007402330520562828,0.5079877972602844,0.05614137277007103,-0.028284288942813873,0.5106795430183411,0.02930464968085289,0.4443742036819458,0.575299859046936,0.0,0.0,-0.026571130380034447,0.17479963600635529,0.1473400592803955,0.0008167389314621687,-0.000154485140228644,0.07932867109775543,0.011360134929418564,0.01080331951379776,0.5851123332977295,0.011594823561608791,0.5498562455177307,0.6263893246650696,0.0,0.0,0.014929749071598053,-0.05365827679634094,0.6216710805892944,-0.01850699447095394,0.6452106237411499,-0.0024623707868158817,0.406468003988266,0.10533203184604645,0.07578182965517044,0.830579400062561,0.0,0.0,0.6773768663406372,0.06516265124082565,0.5832735300064087,0.007551622577011585,0.5697240829467773,-0.0020082162227481604,0.5103458762168884,0.05489994212985039,0.2373788058757782,0.8053101897239685,0.0,0.0,0.06678512692451477,0.3922041356563568,0.32276883721351624,0.0038407405372709036,-0.0008408183348365128,0.5079847574234009,0.05612219497561455,-0.02295518107712269,0.49824076890945435,0.0289430133998394,0.4384957253932953,0.5775158405303955,0.0,0.0,-0.02189973182976246,0.14339882135391235,0.12479855865240097,0.0009042471647262573,-0.00016774107643868774,0.07931914925575256,0.011348958127200603,0.014345931820571423
internal256,1908_0.95_1.69.png,0.5834344625473022,0.011435872875154018,0.5474454164505005,0.6198980808258057,0.0,0.0,0.03057289309799671,-0.056261204183101654,0.6209573149681091,-0.019338272511959076,0.6472631692886353,-0.0013516852632164955,0.6087562441825867,0.28444698452949524,0.019344929605722427,0.9973305463790894,0.0023437500931322575,0.13717448711395264,0.935976505279541,0.04839899763464928,0.6388846635818481,0.01177703682333231,0.6462199091911316,-0.0071882265619933605,0.5085766911506653,0.05865653231739998,0.18836084008216858,0.8122502565383911,0.0,0.0,-0.056951455771923065,0.3560501039028168,0.2945748567581177,0.004297655541449785,0.0007733014645054936,0.4819099009037018,0.05381440743803978,-0.028284288942813873,0.5105164647102356,0.02933684177696705,0.4442352056503296,0.5803029537200928,0.0,0.0,-0.016276156529784203,0.17356203496456146,0.14269769191741943,0.000792528095189482,-0.0001037279944284819,0.058497354388237,0.011660082265734673,0.01080331951379776,0.5859234929084778,0.011786784045398235,0.5584021210670471,0.6293357610702515,0.0,0.0,0.007573035545647144,-0.05364556610584259,0.6218906044960022,-0.018475526943802834,0.6454578042030334,-0.0024623707868158817,0.4697133004665375,0.10136160254478455,0.16618122160434723,0.7981164455413818,0.0,0.0,0.6717550158500671,0.06464410573244095,0.5954470634460449,0.008659112267196178,0.5869550108909607,-0.0020082162227481604,0.5125076174736023,0.06248079240322113,0.25147897005081177,0.8119668364524841,0.0,0.0,0.07396053522825241,0.3976849615573883,0.3319548964500427,0.0039404164999723434,-0.000935918593313545,0.48188766837120056,0.05385645851492882,-0.02295518107712269,0.4984501302242279,0.028724825009703636,0.4410649836063385,0.5706165432929993,0.0,0.0,-0.018856404349207878,0.13692939281463623,0.11760241538286209,0.000849472708068788,-0.00014345017552841455,0.05851682275533676,0.01165954302996397,0.014345931820571423
internal256,1924_0.98_1.93.png,0.5882917642593384,0.012270673178136349,0.5444768071174622,0.6226441860198975,0.0,0.0,0.016296343877911568,-0.05619226023554802,0.6222689747810364,-0.019152093678712845,0.6487484574317932,-0.0013516852632164955,0.7105826139450073,0.30390965938568115,0.016433002427220345,0.9977166652679443,0.003502604318782687,0.26093751192092896,0.8320815563201904,0.0466204471886158,0.6674343347549438,0.013591507449746132,0.6835925579071045,-0.0071882265619933605,0.5070939064025879,0.05095115676522255,0.1732795685529709,0.8155641555786133,0.0,0.0,-0.03279859572649002,0.28388699889183044,0.229534313082695,0.0033379141241312027,0.0004444665682967752,0.4223509430885315,0.048183564096689224,-0.028284288942813873,0.5103920698165894,0.029561147093772888,0.4435252547264099,0.5806646347045898,0.0,0.0,-0.011311138048768044,0.18104064464569092,0.14758776128292084,0.000817097257822752,-7.723540329607204e-05,0.05298618599772453,0.013462445698678493,0.01080331951379776,0.5908262133598328,0.013240020722150803,0.5634470582008362,0.6302294731140137,0.0,0.0,0.004565810784697533,-0.053568750619888306,0.6232260465621948,-0.018285341560840607,0.6469599604606628,-0.0024623707868158817,0.4926380515098572,0.11198239028453827,0.12831199169158936,0.7846984267234802,0.0,0.0,0.7069265842437744,0.06445614993572235,0.6007040143013,0.00906054675579071,0.5942507982254028,-0.0020082162227481604,0.5088829398155212,0.04583952575922012,0.2949180603027344,0.7716492414474487,0.0,0.0,0.04485185071825981,0.3006173372268677,0.2438957840204239,0.002870765049010515,-0.0005494781071320176,0.42228230834007263,0.04822513461112976,-0.02295518107712269,0.4983578622341156,0.028845157474279404,0.43815240263938904,0.5761842727661133,0.0,0.0,-0.011914960108697414,0.13085168600082397,0.10835632681846619,0.0007779442239552736,-8.740047633182257e-05,0.0529620386660099,0.013474962674081326,0.014345931820571423
internal256,1938_0.71_1.33.png,0.581636369228363,0.009377437643706799,0.5371748805046082,0.6084959506988525,0.0,0.0,0.06405206024646759,-0.05628672242164612,0.6204645037651062,-0.01940719597041607,0.6467059254646301,-0.0013516852632164955,0.515489399433136,0.23916876316070557,0.017832161858677864,0.998746395111084,0.0016406250651925802,0.06187500059604645,0.9102856516838074,0.05002804100513458,0.6125481128692627,0.01011508796364069,0.6112291812896729,-0.0071882265619933605,0.5072598457336426,0.051960717886686325,0.16161838173866272,0.8353915810585022,0.0,0.0,-0.022717731073498726,0.30033162236213684,0.2441999614238739,0.0035588559694588184,0.0002706623636186123,0.3917880058288574,0.04813428223133087,-0.028284288942813873,0.5104082822799683,0.029262743890285492,0.4438245892524719,0.5828487873077393,0.0,0.0,-0.01376374438405037,0.15315984189510345,0.12637197971343994,0.0007006864761933684,-8.91602539923042e-05,0.04914330318570137,0.013128611259162426,0.01080331951379776,0.5824442505836487,0.00944590661674738,0.5499528050422668,0.6206209063529968,0.0,0.0,0.007409610319882631,-0.05370008572936058,0.6209426522254944,-0.01861049048602581,0.6443911194801331,-0.0024623707868158817,0.43973395228385925,0.08321099728345871,0.09090394526720047,0.8148361444473267,0.0,0.0,0.5770981311798096,0.06488990783691406,0.5887453556060791,0.008134141564369202,0.5775935053825378,-0.0020082162227481604,0.5088461637496948,0.04487170651555061,0.26996728777885437,0.7518765330314636,0.0,0.0,0.059687476605176926,0.31825581192970276,0.2609623372554779,0.0030742778908461332,-0.0007436806918121874,0.3917132019996643,0.04813744127750397,-0.02295518107712269,0.49855494499206543,0.0288857314735651,0.43920737504959106,0.5754002928733826,0.0,0.0,-0.010039236396551132,0.11445270478725433,0.09396621584892273,0.0006761890836060047,-7.221800478873774e-05,0.049152012914419174,0.013138633221387863,0.014345931820571423
internal256,195_0.71_1.76.png,0.5932169556617737,0.013927383348345757,0.5629915595054626,0.6186127662658691,0.0,0.0,-0.0,-0.056122347712516785,0.6236159205436707,-0.01896330714225769,0.6502706408500671,-0.0013516852632164955,0.5246378779411316,0.2879047095775604,0.012398716993629932,0.9644080996513367,0.0004391641996335238,0.04319988936185837,0.760261595249176,0.04986824467778206,0.6196202039718628,0.010278107598423958,0.6203658580780029,-0.0071882265619933605,0.5047029256820679,0.037582360208034515,0.3082696497440338,0.6980732083320618,0.0,0.0,0.011401515454053879,0.2270776927471161,0.18009410798549652,0.0025967941619455814,-0.00016901282651815563,0.35966363549232483,0.04710289090871811,-0.028284288942813873,0.5104050040245056,0.029552796855568886,0.4448763430118561,0.5681987404823303,0.0,0.0,0.00016258613322861493,0.16693241894245148,0.13563169538974762,0.0007495593745261431,-1.4743017345608678e-05,0.04305900260806084,0.009800178930163383,0.01080331951379776,0.5968096256256104,0.01488125417381525,0.5699815154075623,0.6287204027175903,0.0,0.0,0.002662937855347991,-0.053474992513656616,0.6248704791069031,-0.018053241074085236,0.6488067507743835,-0.0024623707868158817,0.45782777667045593,0.07175782322883606,0.14967046678066254,0.6430150270462036,0.0,0.0,0.4478590190410614,0.06474155187606812,0.591988205909729,0.00845098402351141,0.5822044014930725,-0.0020082162227481604,0.5065394639968872,0.0382089838385582,0.29289183020591736,0.7311598062515259,0.0,0.0,0.038209736347198486,0.25891807675361633,0.2072039544582367,0.002415259135887027,-0.00042888690950348973,0.3595794141292572,0.04712309688329697,-0.02295518107712269,0.4981585144996643,0.02916705422103405,0.4427712559700012,0.5680496692657471,0.0,0.0,-0.004541890695691109,0.13194675743579865,0.10737381875514984,0.0007701190188527107,-3.4217249776702374e-05,0.04305576533079147,0.00979516189545393,0.014345931820571423
internal256,1969_0.52_1.0.png,0.5770842432975769,0.009783119894564152,0.5297293663024902,0.6039195656776428,0.0,0.0,0.0933646485209465,-0.05635134503245354,0.6192556619644165,-0.01958167925477028,0.6453331112861633,-0.0013516852632164955,0.44840607047080994,0.2359023094177246,0.020733145996928215,0.9982748031616211,0.0008463541744276881,0.03949218988418579,0.9097479581832886,0.05119974911212921,0.5982276201248169,0.008919714950025082,0.5916187763214111,-0.0071882265619933605,0.5073374509811401,0.05287442356348038,0.17846883833408356,0.8368907570838928,0.0,0.0,-0.034167688339948654,0.3287085294723511,0.26521673798561096,0.003855886636301875,0.00044318463187664747,0.40190261602401733,0.05396733060479164,-0.028284288942813873,0.5103927254676819,0.029144326224923134,0.44390153884887695,0.5769220590591431,0.0,0.0,-0.026190420612692833,0.1506030261516571,0.12548428773880005,0.0006967307417653501,-0.0001571313478052616,0.05138780176639557,0.012486831285059452,0.01080331951379776,0.5786561369895935,0.009109418839216232,0.5555000305175781,0.613716721534729,0.0,0.0,0.020971208810806274,-0.05375944450497627,0.6199299097061157,-0.01875743642449379,0.6432485580444336,-0.0024623707868158817,0.42494216561317444,0.07907204329967499,0.13755212724208832,0.8062664270401001,0.0,0.0,0.5586845874786377,0.06501118838787079,0.5857465863227844,0.00787512306123972,0.573358416557312,-0.0020082162227481604,0.5096678733825684,0.05039549991488457,0.23470242321491241,0.8358142375946045,0.0,0.0,0.0681128054857254,0.36172622442245483,0.2979035973548889,0.0035324248019605875,-0.0008655098499730229,0.4018809199333191,0.05393381789326668,-0.02295518107712269,0.4985746741294861,0.029049385339021683,0.4404809772968292,0.5751381516456604,0.0,0.0,-0.016802752390503883,0.1154259592294693,0.09425956755876541,0.0006785780424252152,-0.0001197783785755746,0.05139927193522453,0.012492764741182327,0.014345931820571423
internal256,196_0.8_0.88.png,0.588699221611023,0.012502703815698624,0.5620875954627991,0.6125519275665283,0.0,0.0,0.0003430882643442601,-0.05618647485971451,0.6223806142807007,-0.019136479124426842,0.6488745808601379,-0.0013516852632164955,0.4443974792957306,0.3322451114654541,0.016427507624030113,0.9754499197006226,0.0010863535571843386,0.09994452446699142,0.7055624127388,0.0512697696685791,0.6084495782852173,0.0088482815772295,0.6045868396759033,-0.0071882265619933605,0.5053796172142029,0.04087964817881584,0.33622604608535767,0.6790503859519958,0.0,0.0,-0.011901773512363434,0.24899323284626007,0.19717705249786377,0.002852647565305233,0.000149237341247499,0.3892993927001953,0.04255892336368561,-0.028284288942813873,0.5104907751083374,0.029320379719138145,0.4462047219276428,0.5718112587928772,0.0,0.0,-0.008926848880946636,0.1584508866071701,0.12950438261032104,0.0007180735701695085,-6.169228436192498e-05,0.050985630601644516,0.007996444590389729,0.01080331951379776,0.5924887657165527,0.013693743385374546,0.5682551860809326,0.623260498046875,0.0,0.0,-0.0,-0.05354269593954086,0.6236813068389893,-0.018220853060483932,0.6474714875221252,-0.0024623707868158817,0.43368861079216003,0.09122884273529053,0.16733789443969727,0.650492787361145,0.0,0.0,0.5274420976638794,0.0649394690990448,0.5878517627716064,0.008028282783925533,0.5762983560562134,-0.0020082162227481604,0.5090168714523315,0.04664259031414986,0.2815675735473633,0.7480266094207764,0.0,0.0,0.05463678017258644,0.2750038206577301,0.22357502579689026,0.0026344284415245056,-0.0006478191935457289,0.38925325870513916,0.042615700513124466,-0.02295518107712269,0.49831146001815796,0.02899508737027645,0.4426969587802887,0.5698060989379883,0.0,0.0,-0.01063866913318634,0.1267137974500656,0.10553471744060516,0.000760485592763871,-8.225921192206442e-05,0.050991836935281754,0.007994822226464748,0.014345931820571423
internal256,1998_0.9_0.95.png,0.5834845304489136,0.010102326050400734,0.5417459607124329,0.6123136878013611,0.0,0.0,0.045758262276649475,-0.05626049265265465,0.6209627389907837,-0.019336357712745667,0.6472703814506531,-0.0013516852632164955,0.5422595143318176,0.309426873922348,0.011069879867136478,0.9982540011405945,0.003867187537252903,0.15881510078907013,0.9405646920204163,0.04956045746803284,0.6260539293289185,0.010592114180326462,0.6288313269615173,-0.0071882265619933605,0.5077228546142578,0.056176815181970596,0.16500212252140045,0.8470401763916016,0.0,0.0,-0.046614035964012146,0.3348766267299652,0.2740271985530853,0.003988936077803373,0.0006223680102266371,0.46660345792770386,0.05331968888640404,-0.028284288942813873,0.5104979872703552,0.029318472370505333,0.44346532225608826,0.5781227946281433,0.0,0.0,-0.017815707251429558,0.170573890209198,0.1405700445175171,0.0007794419070705771,-0.00010990145528921857,0.06456756591796875,0.013074186630547047,0.01080331951379776,0.5861627459526062,0.009038746356964111,0.5513702630996704,0.6276815533638,0.0,0.0,0.013317416422069073,-0.05364181473851204,0.6219391226768494,-0.018466247245669365,0.6455146670341492,-0.0024623707868158817,0.451001912355423,0.11582352966070175,0.11432437598705292,0.8161255121231079,0.0,0.0,0.7161688208580017,0.06479752063751221,0.5922892093658447,0.00833145622164011,0.5824552178382874,-0.0020082162227481604,0.5105053186416626,0.05347241833806038,0.23680312931537628,0.8144776225090027,0.0,0.0,0.06117388606071472,0.3680002987384796,0.30359724164009094,0.0035949377343058586,-0.0007657984970137477,0.46654632687568665,0.053321242332458496,-0.02295518107712269,0.4984971284866333,0.02877204865217209,0.4414882957935333,0.5757763981819153,0.0,0.0,-0.017364902421832085,0.13265669345855713,0.11282412707805634,0.0008147237822413445,-0.00013146446144673973,0.0645623654127121,0.013071104884147644,0.014345931820571423
internal256,2027_0.69_0.59.png,0.5801157355308533,0.007472609169781208,0.5372543931007385,0.6044725775718689,0.0,0.0,0.04702097922563553,-0.056308314204216,0.6200499534606934,-0.019465483725070953,0.6462368369102478,-0.0013516852632164955,0.3589538335800171,0.21879912912845612,0.009898008778691292,0.9986993074417114,0.0011328125838190317,0.04733072966337204,0.8129987120628357,0.052762169390916824,0.5803134441375732,0.007325740065425634,0.5666581392288208,-0.0071882265619933605,0.5075307488441467,0.05490788072347641,0.17255601286888123,0.8305115103721619,0.0,0.0,-0.038175925612449646,0.3371179699897766,0.27644065022468567,0.004021562170237303,0.00047872072900645435,0.4112732410430908,0.048141833394765854,-0.028284288942813873,0.510613203048706,0.029131384566426277,0.44445112347602844,0.5777469277381897,0.0,0.0,-0.01875428855419159,0.157248392701149,0.13063937425613403,0.0007245575543493032,-0.00010993649630108848,0.05305095762014389,0.010052084922790527,0.01080331951379776,0.5820311903953552,0.008168990723788738,0.5472568273544312,0.613014280796051,0.0,0.0,0.018274368718266487,-0.05370655283331871,0.6208258271217346,-0.018626514822244644,0.6442602276802063,-0.0024623707868158817,0.3929598927497864,0.08510807156562805,0.11160733550786972,0.8049705028533936,0.0,0.0,0.5613371133804321,0.06527340412139893,0.5800233483314514,0.007315078750252724,0.5651637315750122,-0.0020082162227481604,0.5111364126205444,0.05455515533685684,0.27690571546554565,0.7887368202209473,0.0,0.0,0.06580792367458344,0.35167136788368225,0.2877562940120697,0.003409607568755746,-0.0008308907272294164,0.41127917170524597,0.04810604825615883,-0.02295518107712269,0.4984663128852844,0.028762606903910637,0.43968796730041504,0.5744447112083435,0.0,0.0,-0.014501553028821945,0.12764771282672882,0.11055134236812592,0.000800394220277667,-0.00011159055429743603,0.053059205412864685,0.010061345994472504,0.014345931820571423
internal256,2031_0.78_1.8.png,0.5840491652488708,0.009307269006967545,0.5430359840393066,0.6133850812911987,0.0,0.0,0.04271451756358147,-0.05625247582793236,0.6211097240447998,-0.019314711913466454,0.6474376916885376,-0.0013516852632164955,0.6121178269386292,0.24662353098392487,0.018041446805000305,0.9965193271636963,0.0013151041930541396,0.0683072954416275,0.9406238794326782,0.04834027960896492,0.635892927646637,0.011836936697363853,0.6425386667251587,-0.0071882265619933605,0.5078288912773132,0.05437638983130455,0.1669958084821701,0.8492870926856995,0.0,0.0,-0.034861303865909576,0.3042636215686798,0.24558113515377045,0.003581475466489792,0.0004495352623052895,0.3723984658718109,0.05075687915086746,-0.028284288942813873,0.5103625655174255,0.02938016876578331,0.4437101185321808,0.5779814720153809,0.0,0.0,-0.016862737014889717,0.16709798574447632,0.1376524269580841,0.0007628618623130023,-0.0001074723550118506,0.04879631847143173,0.01253433432430029,0.01080331951379776,0.5840499997138977,0.008894884958863258,0.5548781752586365,0.6180036067962646,0.0,0.0,0.0095297796651721,-0.05367492884397507,0.6213703155517578,-0.018548203632235527,0.6448737382888794,-0.0024623707868158817,0.4607558846473694,0.07583395391702652,0.12365145981311798,0.7905818819999695,0.0,0.0,0.571504533290863,0.06471754610538483,0.5927034020423889,0.008502256125211716,0.5831974148750305,-0.0020082162227481604,0.5093305110931396,0.04819246008992195,0.2944640517234802,0.7545847296714783,0.0,0.0,0.057850439101457596,0.33885204792022705,0.27850043773651123,0.0032925361301749945,-0.0007236355450004339,0.372341513633728,0.05067991465330124,-0.02295518107712269,0.4985955059528351,0.028823522850871086,0.4372788965702057,0.5758506059646606,0.0,0.0,-0.014165205880999565,0.1219496950507164,0.10201910883188248,0.0007347588543780148,-0.00010206520528299734,0.048788391053676605,0.012538308277726173,0.014345931820571423
internal256,2049_0.54_1.16.png,0.5768150091171265,0.009066672995686531,0.5396390557289124,0.6060203313827515,0.0,0.0,0.07417647540569305,-0.05635515972971916,0.6191805005073547,-0.019592000171542168,0.6452483534812927,-0.0013516852632164955,0.4797646701335907,0.23061060905456543,0.008646130561828613,0.9976040720939636,0.0052343751303851604,0.05023437738418579,0.9310919046401978,0.050652023404836655,0.6040986180305481,0.009478501044213772,0.599762499332428,-0.0071882265619933605,0.5082571506500244,0.05886835977435112,0.1840781718492508,0.82497239112854,0.0,0.0,-0.055430859327316284,0.3735242187976837,0.3086452782154083,0.004489494487643242,0.0007482001092284918,0.4584411084651947,0.05775744840502739,-0.028284288942813873,0.5104615092277527,0.02917400747537613,0.44469088315963745,0.5749989748001099,0.0,0.0,-0.025076154619455338,0.15906383097171783,0.13320285081863403,0.0007399461464956403,-0.00015128224913496524,0.06112241372466087,0.012522847391664982,0.01080331951379776,0.5790838599205017,0.00951633881777525,0.5542054176330566,0.625674307346344,0.0,0.0,0.020229307934641838,-0.05375274270772934,0.6200458407402039,-0.01874084584414959,0.6433791518211365,-0.0024623707868158817,0.4297434687614441,0.08026888221502304,0.11002756655216217,0.7889031767845154,0.0,0.0,0.5729591250419617,0.06497181951999664,0.586706280708313,0.007959197275340557,0.5747163891792297,-0.0020082162227481604,0.5126453638076782,0.06453830748796463,0.23196259140968323,0.8464580774307251,0.0,0.0,0.07509510219097137,0.4163016378879547,0.3463161289691925,0.004114067647606134,-0.0009695635526441038,0.45843902230262756,0.05780038237571716,-0.02295518107712269,0.49854904413223267,0.028906092047691345,0.44174012541770935,0.5753676295280457,0.0,0.0,-0.020989034324884415,0.12801921367645264,0.11028775572776794,0.0007975801127031446,-0.00015585326764266938,0.06114094704389572,0.012524916790425777,0.014345931820571423
internal256,2052_0.66_0.92.png,0.5782963633537292,0.009043052792549133,0.5397161841392517,0.6086168885231018,0.0,0.0,0.06288227438926697,-0.05633414164185524,0.6195732951164246,-0.01953522115945816,0.6456945538520813,-0.0013516852632164955,0.49588602781295776,0.23826715350151062,0.008594284765422344,0.9981339573860168,0.005651041865348816,0.06204427406191826,0.9458763599395752,0.050370439887046814,0.6082173585891724,0.00976577028632164,0.6053343415260315,-0.0071882265619933605,0.5084434747695923,0.05980652570724487,0.18221546709537506,0.8260115385055542,0.0,0.0,-0.05987496301531792,0.37879616022109985,0.31461697816848755,0.004579443018883467,0.0008100535487756133,0.46898338198661804,0.05767127498984337,-0.028284288942813873,0.5104941725730896,0.029200755059719086,0.4446223974227905,0.5754930377006531,0.0,0.0,-0.023247789591550827,0.16235797107219696,0.13544124364852905,0.000752290419768542,-0.00014099104737397283,0.06308557093143463,0.012311705388128757,0.01080331951379776,0.5806731581687927,0.009688672609627247,0.5537829399108887,0.6270951628684998,0.0,0.0,0.014460119418799877,-0.05372783914208412,0.6204704642295837,-0.018679194152355194,0.6438583135604858,-0.0024623707868158817,0.4340176582336426,0.08493614941835403,0.10916240513324738,0.7940201163291931,0.0,0.0,0.5950436592102051,0.06493677198886871,0.5876897573471069,0.008034043945372105,0.5760932564735413,-0.0020082162227481604,0.5132010579109192,0.0665280744433403,0.24616830050945282,0.8353637456893921,0.0,0.0,0.07615359127521515,0.42107483744621277,0.3512713611125946,0.0041736639104783535,-0.0009813334327191114,0.46897125244140625,0.05772239342331886,-0.02295518107712269,0.49853089451789856,0.028845256194472313,0.4401819407939911,0.5748406648635864,0.0,0.0,-0.021511314436793327,0.13241183757781982,0.11434954404830933,0.0008276196313090622,-0.00016175559721887112,0.0631038099527359,0.012315207161009312,0.014345931820571423
internal256,2065_0.51_1.6.png,0.5824357271194458,0.0099105853587389,0.5384063720703125,0.6060736775398254,0.0,0.0,0.03717257082462311,-0.0562753826379776,0.6206809282302856,-0.01937655732035637,0.6469510197639465,-0.0013516852632164955,0.3964445888996124,0.2317105084657669,0.027670159935951233,0.9990994930267334,0.0004947916604578495,0.01992187462747097,0.8606634140014648,0.05210733413696289,0.5880141854286194,0.007993797771632671,0.5774134397506714,-0.0071882265619933605,0.5062640309333801,0.04843311384320259,0.14842602610588074,0.8539395928382874,0.0,0.0,-0.025125887244939804,0.2995070517063141,0.24093033373355865,0.0034931288100779057,0.0003169671690557152,0.419785737991333,0.04394930601119995,-0.028284288942813873,0.5105004906654358,0.02914430946111679,0.442791223526001,0.5820024013519287,0.0,0.0,-0.02036455273628235,0.15475423634052277,0.1294132024049759,0.0007181594846770167,-0.00012077257269993424,0.055398840457201004,0.01103212870657444,0.01080331951379776,0.5847135782241821,0.01123223826289177,0.5525890588760376,0.6179487109184265,0.0,0.0,0.011946815997362137,-0.05366452783346176,0.6215616464614868,-0.018522463738918304,0.6450875401496887,-0.0024623707868158817,0.3943573534488678,0.08055723458528519,0.1264074742794037,0.8364536762237549,0.0,0.0,0.5872355103492737,0.06526195257902145,0.5801191329956055,0.00733955018222332,0.5653196573257446,-0.0020082162227481604,0.5078964233398438,0.04262329265475273,0.30249878764152527,0.7463511228561401,0.0,0.0,0.05672452598810196,0.3026268780231476,0.2431207299232483,0.0028685785364359617,-0.0006987650413066149,0.41981562972068787,0.04395293816924095,-0.02295518107712269,0.4984830915927887,0.028995616361498833,0.43985095620155334,0.5756442546844482,0.0,0.0,-0.010052461177110672,0.11249760538339615,0.09318085014820099,0.0006714641931466758,-7.250350608956069e-05,0.05540775507688522,0.011033322662115097,0.014345931820571423
internal256,2072_0.87_1.18.png,0.5809592008590698,0.010236628353595734,0.5446687340736389,0.6173685193061829,0.0,0.0,0.026264213025569916,-0.05629633739590645,0.6202884316444397,-0.019433151930570602,0.6465054750442505,-0.0013516852632164955,0.6839811205863953,0.26075541973114014,0.0128208938986063,0.9982727766036987,0.0027083333116024733,0.10307291895151138,0.9029995203018188,0.04708508029580116,0.6557856202125549,0.013117488473653793,0.6686840057373047,-0.0071882265619933605,0.50823974609375,0.05763150379061699,0.16037461161613464,0.8265402317047119,0.0,0.0,-0.05190753564238548,0.336575448513031,0.27421748638153076,0.0039986842311918736,0.0007138381479308009,0.4559240937232971,0.054269321262836456,-0.028284288942813873,0.5104196071624756,0.02938598394393921,0.4439164400100708,0.5754668712615967,0.0,0.0,-0.020191950723528862,0.1699056327342987,0.1398213803768158,0.0007758672581985593,-0.00012769717432092875,0.05879102274775505,0.012394922785460949,0.01080331951379776,0.5835084915161133,0.010242287069559097,0.5587530732154846,0.6256021857261658,0.0,0.0,0.006053744815289974,-0.053683407604694366,0.6212322115898132,-0.018569206818938255,0.6447170376777649,-0.0024623707868158817,0.47937217354774475,0.0866093784570694,0.13193850219249725,0.790507972240448,0.0,0.0,0.6264936327934265,0.06456491351127625,0.5968945622444153,0.008828248828649521,0.5890355706214905,-0.0020082162227481604,0.5113042593002319,0.059448692947626114,0.25514212250709534,0.8318549990653992,0.0,0.0,0.06753746420145035,0.38695189356803894,0.31887876987457275,0.0037766098976135254,-0.0008608544012531638,0.4558500349521637,0.05425754562020302,-0.02295518107712269,0.49845296144485474,0.02878035232424736,0.4403735101222992,0.573513925075531,0.0,0.0,-0.018787633627653122,0.1270463764667511,0.10714231431484222,0.0007720975554548204,-0.000137961411383003,0.05879846587777138,0.012388835661113262,0.014345931820571423
internal256,2090_0.94_0.78.png,0.580854594707489,0.006941897328943014,0.5485894083976746,0.6070370078086853,0.0,0.0,0.028638824820518494,-0.056297823786735535,0.6202448010444641,-0.019437158480286598,0.6464582085609436,-0.0013516852632164955,0.616641640663147,0.23648867011070251,0.022142017260193825,0.9972561001777649,0.0011197916464880109,0.07666666805744171,0.9263824820518494,0.048261262476444244,0.6360865831375122,0.01191755011677742,0.6428675055503845,-0.0071882265619933605,0.5097639560699463,0.06468302011489868,0.20449084043502808,0.8323865532875061,0.0,0.0,-0.07770701497793198,0.39674773812294006,0.3360808789730072,0.004907167050987482,0.001057356595993042,0.4140174388885498,0.04901662468910217,-0.028284288942813873,0.5105093121528625,0.02932124026119709,0.44456031918525696,0.5710400342941284,0.0,0.0,-0.02206171676516533,0.17926697432994843,0.14843173325061798,0.0008243986521847546,-0.00013584682892542332,0.05039671063423157,0.009027366526424885,0.01080331951379776,0.5820664763450623,0.0060540069825947285,0.555637776851654,0.617320716381073,0.0,0.0,0.012920747511088848,-0.053706005215644836,0.6208269000053406,-0.018625149503350258,0.6442625522613525,-0.0024623707868158817,0.4667004644870758,0.07778791338205338,0.14328555762767792,0.788855254650116,0.0,0.0,0.5776849985122681,0.06466881185770035,0.5939775705337524,0.008606352843344212,0.584980309009552,-0.0020082162227481604,0.5156939625740051,0.07582487910985947,0.2602960765361786,0.8164528608322144,0.0,0.0,0.07921741157770157,0.4377785921096802,0.36930641531944275,0.00440805172547698,-0.0010358598083257675,0.4139938950538635,0.049019549041986465,-0.02295518107712269,0.49852612614631653,0.02869642898440361,0.4426664412021637,0.5721123218536377,0.0,0.0,-0.025468623265624046,0.14575724303722382,0.12733343243598938,0.0009222768130712211,-0.00019387925567571074,0.05039416626095772,0.009035485796630383,0.014345931820571423
internal256,2092_0.99_1.04.png,0.5830643773078918,0.007213689852505922,0.5499035120010376,0.6084033250808716,0.0,0.0,0.02440015971660614,-0.056266456842422485,0.6208363175392151,-0.01935245841741562,0.6471290588378906,-0.0013516852632164955,0.6489673256874084,0.2294982373714447,0.027915922924876213,0.9971254467964172,0.0007421874906867743,0.08156250417232513,0.9182698726654053,0.04769665002822876,0.6437024474143982,0.012493567541241646,0.6529983878135681,-0.0071882265619933605,0.5095128417015076,0.06303570419549942,0.20621158182621002,0.8269688487052917,0.0,0.0,-0.07022205740213394,0.37588679790496826,0.31528082489967346,0.004606487229466438,0.0009483475005254149,0.41081157326698303,0.04911177605390549,-0.028284288942813873,0.510485827922821,0.029363688081502914,0.4440082907676697,0.570742130279541,0.0,0.0,-0.018840119242668152,0.17808260023593903,0.14634902775287628,0.000812578247860074,-0.00011860490485560149,0.0497160479426384,0.009514657780528069,0.01080331951379776,0.5836678743362427,0.006253513973206282,0.557098388671875,0.618688702583313,0.0,0.0,0.011749854311347008,-0.0536809042096138,0.6212566494941711,-0.018563026562333107,0.6447470784187317,-0.0024623707868158817,0.47381827235221863,0.07614866644144058,0.156127467751503,0.7865802645683289,0.0,0.0,0.5713231563568115,0.06461045145988464,0.5953953266143799,0.00873099360615015,0.586972177028656,-0.0020082162227481604,0.5146757364273071,0.0705220028758049,0.2659013271331787,0.8110674023628235,0.0,0.0,0.07484574615955353,0.4149972200393677,0.34822002053260803,0.004148847423493862,-0.0009694023174233735,0.4107753336429596,0.04912329092621803,-0.02295518107712269,0.4985293745994568,0.028693752363324165,0.44218772649765015,0.5720227360725403,0.0,0.0,-0.02300972118973732,0.14228171110153198,0.12330050766468048,0.0008915756479837,-0.00017462740652263165,0.04971328750252724,0.009523142129182816,0.014345931820571423
internal256,2095_0.85_1.67.png,0.5844148993492126,0.010868444107472897,0.5432445406913757,0.6213239431381226,0.0,0.0,0.022661933675408363,-0.0562472864985466,0.6212165951728821,-0.01930069364607334,0.6475576162338257,-0.0013516852632164955,0.5920007228851318,0.2730061411857605,0.006593231111764908,0.9973410964012146,0.004544271156191826,0.1507161557674408,0.9427114725112915,0.048691656440496445,0.6335834860801697,0.011478466913104057,0.6392589807510376,-0.0071882265619933605,0.5073992013931274,0.05350865423679352,0.19208961725234985,0.8038521409034729,0.0,0.0,-0.031028296798467636,0.3138611614704132,0.2519996464252472,0.003667928045615554,0.0004034537123516202,0.41903403401374817,0.05618234723806381,-0.028284288942813873,0.5104123950004578,0.029390474781394005,0.4434386193752289,0.5767015218734741,0.0,0.0,-0.01326972059905529,0.1674659699201584,0.13695356249809265,0.0007592170732095838,-8.776465256232768e-05,0.053980305790901184,0.014243663288652897,0.01080331951379776,0.5861660242080688,0.010791932232677937,0.5589577555656433,0.6350260376930237,0.0,0.0,0.0067186132073402405,-0.05364176630973816,0.6219496726989746,-0.018466120585799217,0.6455252170562744,-0.0024623707868158817,0.4630894064903259,0.09211061149835587,0.13799920678138733,0.7869842648506165,0.0,0.0,0.6290249824523926,0.06469841301441193,0.5937299728393555,0.008543119765818119,0.5845832824707031,-0.0020082162227481604,0.5095633268356323,0.05098229646682739,0.24369359016418457,0.8167764544487,0.0,0.0,0.05584625527262688,0.34330984950065613,0.2780408263206482,0.0032786789815872908,-0.0006995910662226379,0.41899871826171875,0.05615270137786865,-0.02295518107712269,0.49847516417503357,0.028857694938778877,0.43903690576553345,0.5730347037315369,0.0,0.0,-0.0128611009567976,0.1272510290145874,0.10531438142061234,0.0007582303951494396,-9.444023453397676e-05,0.05398290231823921,0.014260710217058659,0.014345931820571423
internal256,2096_0.77_1.76.png,0.5824989080429077,0.010649791918694973,0.5431401133537292,0.6190821528434753,0.0,0.0,0.026744073256850243,-0.056274477392435074,0.6207020282745361,-0.01937413588166237,0.6469743847846985,-0.0013516852632164955,0.5768540501594543,0.2671806216239929,0.006848663557320833,0.9973090887069702,0.0044531249441206455,0.05199218913912773,0.9471167325973511,0.048956215381622314,0.6293508410453796,0.011208564043045044,0.6336523294448853,-0.0071882265619933605,0.5073792934417725,0.05333919823169708,0.19251365959644318,0.8027311563491821,0.0,0.0,-0.03003234975039959,0.3154924213886261,0.25324106216430664,0.003685023868456483,0.00038918477366678417,0.41585877537727356,0.05637315288186073,-0.028284288942813873,0.5103986263275146,0.02935253642499447,0.44366568326950073,0.5758384466171265,0.0,0.0,-0.015328574925661087,0.16627582907676697,0.13592979311943054,0.0007538520731031895,-9.918063005898148e-05,0.05319562926888466,0.01424765307456255,0.01080331951379776,0.5842375755310059,0.010626882314682007,0.5589770078659058,0.632472574710846,0.0,0.0,0.005824586842209101,-0.05367198586463928,0.6214300990104675,-0.018540924414992332,0.6449397802352905,-0.0024623707868158817,0.455652117729187,0.08579303324222565,0.13883677124977112,0.7871261239051819,0.0,0.0,0.616536021232605,0.06475939601659775,0.5919964909553528,0.00841288547962904,0.5821700096130371,-0.0020082162227481604,0.5094189047813416,0.0507238432765007,0.25711315870285034,0.820737361907959,0.0,0.0,0.057528842240571976,0.3459908068180084,0.280972957611084,0.0033147665672004223,-0.0007240574923343956,0.4158320128917694,0.05634106323122978,-0.02295518107712269,0.49851304292678833,0.02889454923570156,0.439419150352478,0.5729254484176636,0.0,0.0,-0.01306284498423338,0.12530085444450378,0.10372350364923477,0.0007469784468412399,-9.479156869929284e-05,0.053200818598270416,0.014264002442359924,0.014345931820571423
internal256,210_0.87_0.81.png,0.5840747356414795,0.008516496047377586,0.5614384412765503,0.6058441400527954,0.0,0.0,0.0006399456178769469,-0.056252118200063705,0.6211127042770386,-0.019313734024763107,0.6474416255950928,-0.0013516852632164955,0.49329912662506104,0.3443133533000946,0.024868270382285118,0.9838827848434448,0.0008089867187663913,0.0876479297876358,0.7864561676979065,0.05041562765836716,0.6198761463165283,0.009719673544168472,0.6200701594352722,-0.0071882265619933605,0.5061442255973816,0.04346234351396561,0.3313361704349518,0.6827726364135742,0.0,0.0,-0.019422486424446106,0.26041337847709656,0.20711621642112732,0.0030068920459598303,0.00024707187549211085,0.34860455989837646,0.03692058473825455,-0.028284288942813873,0.5105441212654114,0.029255444183945656,0.44757336378097534,0.5673016905784607,0.0,0.0,-0.01364328432828188,0.15528683364391327,0.1267729103565216,0.0007031172281131148,-8.797492773737758e-05,0.03893783688545227,0.006226569414138794,0.01080331951379776,0.5876427292823792,0.009344853460788727,0.570416271686554,0.615841805934906,0.0,0.0,-0.0,-0.05361862853169441,0.6223397850990295,-0.018408838659524918,0.6459657549858093,-0.0024623707868158817,0.43938732147216797,0.09596531838178635,0.195260152220726,0.6737536787986755,0.0,0.0,0.5903487801551819,0.06489275395870209,0.5891421437263489,0.008128072135150433,0.5781049132347107,-0.0020082162227481604,0.5107607245445251,0.052594929933547974,0.27386829257011414,0.7897918224334717,0.0,0.0,0.07094411551952362,0.29348495602607727,0.24254556000232697,0.002870870754122734,-0.0008506816229782999,0.3485410511493683,0.036986615508794785,-0.02295518107712269,0.49836406111717224,0.02876332774758339,0.44656768441200256,0.5686811208724976,0.0,0.0,-0.01368158683180809,0.1279493272304535,0.10822280496358871,0.0007816090364940464,-0.00010475565068190917,0.03893199563026428,0.006225979421287775,0.014345931820571423
internal256,2114_0.9_1.51.png,0.5839489102363586,0.010739967226982117,0.5408065915107727,0.6181231737136841,0.0,0.0,0.03767469897866249,-0.05625389888882637,0.621090829372406,-0.019318556413054466,0.6474151611328125,-0.0013516852632164955,0.6324370503425598,0.31723281741142273,0.0045384750701487064,0.9984685778617859,0.006874999962747097,0.12654948234558105,0.9110478162765503,0.047985371202230453,0.6484891772270203,0.012199010699987411,0.658657431602478,-0.0071882265619933605,0.507050096988678,0.052548203617334366,0.17255567014217377,0.8229758143424988,0.0,0.0,-0.03741808608174324,0.31737062335014343,0.2547786235809326,0.003701324574649334,0.0005095641245134175,0.48814499378204346,0.061518359929323196,-0.028284288942813873,0.5104386210441589,0.029384199529886246,0.4422186315059662,0.5788242220878601,0.0,0.0,-0.01865634135901928,0.1733458787202835,0.14293339848518372,0.000792014820035547,-0.00011651404201984406,0.07012767344713211,0.017147008329629898,0.01080331951379776,0.5880407094955444,0.011857394129037857,0.5574172139167786,0.6272757053375244,0.0,0.0,0.010247563011944294,-0.05361239239573479,0.6224621534347534,-0.018393399193882942,0.6461014747619629,-0.0024623707868158817,0.4631558954715729,0.11776375025510788,0.09363052248954773,0.8215758204460144,0.0,0.0,0.7227482199668884,0.06469786167144775,0.5948284268379211,0.008544284850358963,0.5860149264335632,-0.0020082162227481604,0.5092892646789551,0.049183737486600876,0.24736849963665009,0.8045660853385925,0.0,0.0,0.06096816062927246,0.35424500703811646,0.2913753390312195,0.003443388268351555,-0.0007519000209867954,0.4880625903606415,0.06155113875865936,-0.02295518107712269,0.4984537959098816,0.02872565947473049,0.44037672877311707,0.5748862624168396,0.0,0.0,-0.0160177331417799,0.12997859716415405,0.10867955535650253,0.0007830190006643534,-0.00011788889969466254,0.07011771202087402,0.017155295237898827,0.014345931820571423
internal256,2136_0.94_1.28.png,0.5873153805732727,0.012814655900001526,0.5422834157943726,0.6190725564956665,0.0,0.0,0.05296335741877556,-0.056206114590168,0.6220093965530396,-0.019189519807696342,0.648453950881958,-0.0013516852632164955,0.6910036206245422,0.2606211304664612,0.008113568648695946,0.9987595081329346,0.0021744791883975267,0.16334636509418488,0.9048662781715393,0.046962421387434006,0.6576572060585022,0.013242623768746853,0.6711346507072449,-0.0071882265619933605,0.5073672533035278,0.05516025796532631,0.1641935408115387,0.8407102227210999,0.0,0.0,-0.04718828201293945,0.32461297512054443,0.2608910799026489,0.003794694785028696,0.0006617141189053655,0.47581747174263,0.06049428507685661,-0.028284288942813873,0.510464072227478,0.029480192810297012,0.43817830085754395,0.5749471783638,0.0,0.0,-0.014151955023407936,0.17410391569137573,0.14171314239501953,0.0007847777451388538,-9.312183101428673e-05,0.06863350421190262,0.014846191741526127,0.01080331951379776,0.5906144380569458,0.012314165011048317,0.5581827163696289,0.6249756217002869,0.0,0.0,0.004325525369495153,-0.05357206612825394,0.623162031173706,-0.018293563276529312,0.646888792514801,-0.0024623707868158817,0.4803254306316376,0.10403558611869812,0.10055389255285263,0.7801727652549744,0.0,0.0,0.6812425255775452,0.06455709785223007,0.5977600812911987,0.008844940923154354,0.5901795625686646,-0.0020082162227481604,0.5094499588012695,0.05051439255475998,0.21793362498283386,0.7917882204055786,0.0,0.0,0.061781469732522964,0.36303040385246277,0.29890671372413635,0.0035318287555128336,-0.0007652680505998433,0.4757010042667389,0.0605180487036705,-0.02295518107712269,0.4983120858669281,0.028822658583521843,0.4368676245212555,0.5764074325561523,0.0,0.0,-0.014651545323431492,0.13525806367397308,0.11110659688711166,0.0007993647013790905,-0.00010995259071933106,0.06861081719398499,0.014867406338453293,0.014345931820571423
internal256,2141_0.55_0.57.png,0.5772529244422913,0.010614185594022274,0.5384930372238159,0.6028347611427307,0.0,0.0,0.11999017745256424,-0.056348949670791626,0.6193050742149353,-0.01957521215081215,0.6453886032104492,-0.0013516852632164955,0.4453641474246979,0.2918488681316376,0.010268578305840492,0.9988027811050415,0.010026042349636555,0.10177083313465118,0.9372134208679199,0.051252882927656174,0.603590726852417,0.008865507319569588,0.598410964012146,-0.0071882265619933605,0.5071276426315308,0.05506071448326111,0.17510424554347992,0.8490052819252014,0.0,0.0,-0.04967232793569565,0.35541003942489624,0.29133251309394836,0.004224984906613827,0.0006840273854322731,0.5396260023117065,0.06144309043884277,-0.028284288942813873,0.5106098651885986,0.029205648228526115,0.4427458345890045,0.5810093879699707,0.0,0.0,-0.026432404294610023,0.16154412925243378,0.1354021430015564,0.0007513589807786047,-0.00015584104403387755,0.07912866026163101,0.012710376642644405,0.01080331951379776,0.5827043056488037,0.011375163681805134,0.5517445802688599,0.6173615455627441,0.0,0.0,0.018979884684085846,-0.05369601026177406,0.6210234761238098,-0.018600402399897575,0.6444807648658752,-0.0024623707868158817,0.41215062141418457,0.11116864532232285,0.09015944600105286,0.8164913654327393,0.0,0.0,0.6961331367492676,0.06511606276035309,0.5845847129821777,0.007651130668818951,0.5715651512145996,-0.0020082162227481604,0.5102480053901672,0.052629146724939346,0.2132853865623474,0.8314135074615479,0.0,0.0,0.07504453510046005,0.39812159538269043,0.3331416845321655,0.003949495032429695,-0.0009396109962835908,0.5395094752311707,0.06140225753188133,-0.02295518107712269,0.49842315912246704,0.02881019562482834,0.43913155794143677,0.5762372016906738,0.0,0.0,-0.020445566624403,0.13092032074928284,0.11362578719854355,0.0008217846625484526,-0.000153505738126114,0.07912736386060715,0.012708527967333794,0.014345931820571423
internal256,2144_0.54_1.03.png,0.5777667164802551,0.010790316388010979,0.5406841039657593,0.6038460731506348,0.0,0.0,0.11761993169784546,-0.05634164810180664,0.6194424033164978,-0.01955552212893963,0.6455444097518921,-0.0013516852632164955,0.4555755853652954,0.272929310798645,0.01403049472719431,0.9986873269081116,0.005898437462747097,0.04143229126930237,0.9480796456336975,0.051074523478746414,0.6034531593322754,0.00904746912419796,0.5984445214271545,-0.0071882265619933605,0.5066136717796326,0.05142791196703911,0.17711831629276276,0.8437219858169556,0.0,0.0,-0.03471837565302849,0.32573220133781433,0.26272961497306824,0.00380843342281878,0.00046901340829208493,0.5063167214393616,0.05935382843017578,-0.028284288942813873,0.5105187892913818,0.02919117733836174,0.44326257705688477,0.5803722143173218,0.0,0.0,-0.025468556210398674,0.15451385080814362,0.12864260375499725,0.0007142097456380725,-0.00015185197116807103,0.07173501700162888,0.01399792730808258,0.01080331951379776,0.5820967555046082,0.011569959111511707,0.5532313585281372,0.61573326587677,0.0,0.0,0.050155580043792725,-0.05370552837848663,0.6208621263504028,-0.018623968586325645,0.6442985534667969,-0.0024623707868158817,0.415670245885849,0.096993587911129,0.10573209822177887,0.8089351058006287,0.0,0.0,0.6643980145454407,0.0650872066617012,0.5846377611160278,0.007712760008871555,0.571709156036377,-0.0020082162227481604,0.5086532831192017,0.046049244701862335,0.22569742798805237,0.8167546987533569,0.0,0.0,0.07037702202796936,0.3654656708240509,0.3030669093132019,0.0035817893221974373,-0.0008750829147174954,0.5062554478645325,0.05931828171014786,-0.02295518107712269,0.498478502035141,0.028918996453285217,0.43965378403663635,0.5758735537528992,0.0,0.0,-0.01658872328698635,0.12044983357191086,0.10098018497228622,0.0007280216086655855,-0.00012068073556292802,0.07174171507358551,0.014003289863467216,0.014345931820571423
internal256,2146_0.62_1.67.png,0.5771008729934692,0.010374780744314194,0.5360652208328247,0.6083618402481079,0.0,0.0,0.11166111379861832,-0.05635110288858414,0.6192633509635925,-0.01958104409277439,0.6453413963317871,-0.0013516852632164955,0.5062845349311829,0.2588356137275696,0.01904097944498062,0.9988850951194763,0.0024218750186264515,0.046341147273778915,0.9339268207550049,0.0501888208091259,0.6124823689460754,0.009951065294444561,0.6109611988067627,-0.0071882265619933605,0.5071160793304443,0.05378656089305878,0.1383931189775467,0.8649461269378662,0.0,0.0,-0.04172172024846077,0.33866313099861145,0.27378466725349426,0.003972954116761684,0.0005679353489540517,0.48383277654647827,0.06288774311542511,-0.028284288942813873,0.5104986429214478,0.029221538454294205,0.4419763684272766,0.5812150239944458,0.0,0.0,-0.025026828050613403,0.1571165919303894,0.13008224964141846,0.0007223999127745628,-0.00015105407510418445,0.06609266996383667,0.015320856124162674,0.01080331951379776,0.5807116031646729,0.010839997790753841,0.5514845252037048,0.6170955300331116,0.0,0.0,0.01941734366118908,-0.05372723564505577,0.6204872727394104,-0.01867770403623581,0.6438763737678528,-0.0024623707868158817,0.4291969835758209,0.08920582383871078,0.07504720985889435,0.8021469116210938,0.0,0.0,0.6321172714233398,0.0649762973189354,0.5869102478027344,0.007949628867208958,0.5749718546867371,-0.0020082162227481604,0.5095975995063782,0.05172529071569443,0.25650498270988464,0.8005577325820923,0.0,0.0,0.07612095028162003,0.38769733905792236,0.32305675745010376,0.0038261692970991135,-0.0009540874161757529,0.4838494062423706,0.06289271265268326,-0.02295518107712269,0.498513400554657,0.028857998549938202,0.43584656715393066,0.5790641903877258,0.0,0.0,-0.017279459163546562,0.12318325787782669,0.10333086550235748,0.0007445817464031279,-0.00012512726243585348,0.0661100521683693,0.015325190499424934,0.014345931820571423
internal256,2168_0.63_1.99.png,0.5777702331542969,0.010635949671268463,0.5431070923805237,0.609736979007721,0.0,0.0,0.10177872329950333,-0.05634160339832306,0.6194424033164978,-0.019555384293198586,0.6455445885658264,-0.0013516852632164955,0.5229782462120056,0.2911328375339508,0.007146475370973349,0.9974187612533569,0.00911458395421505,0.05585937574505806,0.9517682194709778,0.04989723488688469,0.6196203827857971,0.010248535312712193,0.620333194732666,-0.0071882265619933605,0.5078787803649902,0.05747723579406738,0.18598823249340057,0.815506100654602,0.0,0.0,-0.038505375385284424,0.3562815189361572,0.28843745589256287,0.0041924165561795235,0.0005133788799867034,0.4216112792491913,0.061200182884931564,-0.028284288942813873,0.5104248523712158,0.029224196448922157,0.4426538944244385,0.5791286826133728,0.0,0.0,-0.02265283651649952,0.17552927136421204,0.14469662308692932,0.0008037485531531274,-0.00013708592450711876,0.0509265772998333,0.015038433484733105,0.01080331951379776,0.5808418989181519,0.011413566768169403,0.5576274394989014,0.6216326355934143,0.0,0.0,0.01565440744161606,-0.05372518673539162,0.6205257177352905,-0.018672648817300797,0.6439191699028015,-0.0024623707868158817,0.4293327033519745,0.10168945789337158,0.12201347202062607,0.7923044562339783,0.0,0.0,0.6711217164993286,0.06497518718242645,0.5874223113059998,0.007952004671096802,0.5756450295448303,-0.0020082162227481604,0.5107246041297913,0.05819142982363701,0.2373901903629303,0.8442395329475403,0.0,0.0,0.07061972469091415,0.3863072097301483,0.31642359495162964,0.0037489375099539757,-0.0008933659410104156,0.42157188057899475,0.061180077493190765,-0.02295518107712269,0.498587965965271,0.028774691745638847,0.44054362177848816,0.573716402053833,0.0,0.0,-0.015193704515695572,0.13449408113956451,0.1150733232498169,0.000830794801004231,-0.00011112807260360569,0.05093871429562569,0.015049218200147152,0.014345931820571423
internal256,2180_0.99_1.66.png,0.5860494375228882,0.00986066646873951,0.5441204309463501,0.6188328862190247,0.0,0.0,0.015284628607332706,-0.05622408166527748,0.6216498613357544,-0.01923803798854351,0.6480494737625122,-0.0013516852632164955,0.7585568428039551,0.2430502325296402,0.03421083092689514,0.997899055480957,0.00020833333837799728,0.1814192682504654,0.8154235482215881,0.04578249901533127,0.6748307943344116,0.014446374960243702,0.6935712099075317,-0.0071882265619933605,0.5082240104675293,0.05654485523700714,0.18250060081481934,0.827072262763977,0.0,0.0,-0.04061233997344971,0.3149898052215576,0.25202885270118713,0.0036784436088055372,0.0005459313397295773,0.3706490099430084,0.0528443343937397,-0.028284288942813873,0.5104110836982727,0.02956247702240944,0.443605899810791,0.5779288411140442,0.0,0.0,-0.010047078132629395,0.1827273964881897,0.1498851627111435,0.0008294399012811482,-7.217689562821761e-05,0.04452754929661751,0.012133730575442314,0.01080331951379776,0.5870246291160583,0.008846963755786419,0.5597737431526184,0.6206936240196228,0.0,0.0,0.0010223716963082552,-0.05362831428647041,0.6221705079078674,-0.01843281090259552,0.6457753777503967,-0.0024623707868158817,0.502712607383728,0.0829070657491684,0.11877762526273727,0.790320873260498,0.0,0.0,0.6080390810966492,0.06437354534864426,0.601741373538971,0.009236963465809822,0.595799446105957,-0.0020082162227481604,0.5108943581581116,0.05784176290035248,0.24108892679214478,0.8205581903457642,0.0,0.0,0.053034987300634384,0.33984100818634033,0.2704659700393677,0.0031924410723149776,-0.0006684846593998373,0.3706520199775696,0.05292673408985138,-0.02295518107712269,0.49843040108680725,0.028653398156166077,0.44024208188056946,0.5751004815101624,0.0,0.0,-0.014264652505517006,0.13816474378108978,0.1144832894206047,0.0008223647018894553,-0.00010509892308618873,0.04452771320939064,0.012167445383965969,0.014345931820571423
internal256,2187_0.73_1.15.png,0.5756717920303345,0.008150705136358738,0.5449706315994263,0.6042985916137695,0.0,0.0,0.05540306121110916,-0.056371383368968964,0.6188735961914062,-0.019635817036032677,0.6449001431465149,-0.0013516852632164955,0.5971391797065735,0.23983906209468842,0.024640066549181938,0.9954903721809387,0.0003906250058207661,0.04858073219656944,0.9424930214881897,0.0486019067466259,0.6315704584121704,0.011570028960704803,0.6368318200111389,-0.0071882265619933605,0.5092928409576416,0.061445172876119614,0.2060539275407791,0.8357259631156921,0.0,0.0,-0.06724710017442703,0.3801019489765167,0.31822633743286133,0.004641752690076828,0.0009192763245664537,0.3789907693862915,0.04611596465110779,-0.028284288942813873,0.5104466080665588,0.0292793121188879,0.4449571371078491,0.5693272948265076,0.0,0.0,-0.026195237413048744,0.1671442985534668,0.13919977843761444,0.0007730660145170987,-0.00015971784887369722,0.04459758847951889,0.008736425079405308,0.01080331951379776,0.5771462917327881,0.007086136844009161,0.5583083033561707,0.6101400256156921,0.0,0.0,0.011651113629341125,-0.053783100098371506,0.6195195317268372,-0.018816005438566208,0.6427863836288452,-0.0024623707868158817,0.45738324522972107,0.06643791496753693,0.08985744416713715,0.7509064078330994,0.0,0.0,0.5385119915008545,0.06474519520998001,0.5917496085166931,0.008443200029432774,0.58188396692276,-0.0020082162227481604,0.5140685439109802,0.06965768337249756,0.23710811138153076,0.8343597054481506,0.0,0.0,0.07819139212369919,0.4247919023036957,0.35514572262763977,0.004235624335706234,-0.0010253257350996137,0.3789826035499573,0.046201083809137344,-0.02295518107712269,0.4985109567642212,0.028871526941657066,0.4431568384170532,0.5726585984230042,0.0,0.0,-0.022941045463085175,0.12726902961730957,0.10811857879161835,0.0007811248651705682,-0.0001687985350145027,0.0446016825735569,0.008752438239753246,0.014345931820571423
internal256,2192_0.68_1.84.png,0.5777223110198975,0.00888711865991354,0.5467041730880737,0.6070259213447571,0.0,0.0,0.07087843865156174,-0.05634228512644768,0.6194201111793518,-0.019557224586606026,0.6455206871032715,-0.0013516852632164955,0.5628182888031006,0.23500576615333557,0.016636721789836884,0.9939274787902832,0.001002604141831398,0.024856772273778915,0.9463785886764526,0.049201369285583496,0.6229091286659241,0.010958457365632057,0.6252694725990295,-0.0071882265619933605,0.5078179240226746,0.05376341566443443,0.22563163936138153,0.794884979724884,0.0,0.0,-0.041458308696746826,0.3342297077178955,0.2732700705528259,0.003977870102971792,0.0005515162483789027,0.4718776047229767,0.05661677196621895,-0.028284288942813873,0.5103955864906311,0.029222674667835236,0.4429072439670563,0.5703669190406799,0.0,0.0,-0.02544291503727436,0.15505239367485046,0.13010525703430176,0.0007227270398288965,-0.0001544262486277148,0.06427135318517685,0.01522123347967863,0.01080331951379776,0.5801721811294556,0.009495129808783531,0.5566182732582092,0.6116236448287964,0.0,0.0,0.01809690147638321,-0.05373568460345268,0.6203357577323914,-0.01869862899184227,0.6437063813209534,-0.0024623707868158817,0.4403575658798218,0.07502519339323044,0.15626925230026245,0.759693443775177,0.0,0.0,0.5724146366119385,0.06488478928804398,0.588604211807251,0.008145064115524292,0.5774220824241638,-0.0020082162227481604,0.5100225210189819,0.051179688423871994,0.2900730073451996,0.7642185688018799,0.0,0.0,0.07347851246595383,0.3815239369869232,0.3199380934238434,0.00379255972802639,-0.0009283723775297403,0.4719007611274719,0.056618060916662216,-0.02295518107712269,0.4985947906970978,0.028802480548620224,0.44051042199134827,0.5719031095504761,0.0,0.0,-0.01778412237763405,0.11736343055963516,0.09949028491973877,0.0007162857800722122,-0.00012707302812486887,0.06429294496774673,0.015230953693389893,0.014345931820571423
internal256,2195_0.53_1.24.png,0.5762723684310913,0.010296281427145004,0.537696361541748,0.6021300554275513,0.0,0.0,0.097861148416996,-0.05636286735534668,0.6190435290336609,-0.01961279660463333,0.6450916528701782,-0.0013516852632164955,0.45610809326171875,0.24280907213687897,0.00523550808429718,0.9981503486633301,0.0015885416651144624,0.027239583432674408,0.9375035762786865,0.05106522515416145,0.6004290580749512,0.009056957438588142,0.594593346118927,-0.0071882265619933605,0.5076045989990234,0.05575248599052429,0.16635379195213318,0.8713043332099915,0.0,0.0,-0.04829495772719383,0.3596217632293701,0.29289644956588745,0.004254089202731848,0.0006575912120752037,0.5033817887306213,0.05931977182626724,-0.028284288942813873,0.5105445384979248,0.029188644140958786,0.44347453117370605,0.5723392367362976,0.0,0.0,-0.025702951475977898,0.15889273583889008,0.13299912214279175,0.0007385098724626005,-0.00015336848446168005,0.07072241604328156,0.01374516636133194,0.01080331951379776,0.5802741646766663,0.009693020023405552,0.5550461411476135,0.6172153353691101,0.0,0.0,0.02062865160405636,-0.05373408645391464,0.6203640699386597,-0.018694670870900154,0.6437381505966187,-0.0024623707868158817,0.4195139408111572,0.07971728593111038,0.10821390897035599,0.807386040687561,0.0,0.0,0.5812279582023621,0.06505569070577621,0.584736168384552,0.007780068088322878,0.5719195008277893,-0.0020082162227481604,0.5109823942184448,0.05890703573822975,0.24728378653526306,0.813774585723877,0.0,0.0,0.07351896166801453,0.4084550142288208,0.33752670884132385,0.004017755389213562,-0.0009372906060889363,0.5033422112464905,0.05935116484761238,-0.02295518107712269,0.4984511435031891,0.02891257405281067,0.4415554106235504,0.5742443799972534,0.0,0.0,-0.019802793860435486,0.1322755068540573,0.11320286989212036,0.0008179820724762976,-0.00014748756075277925,0.07072392851114273,0.013755147345364094,0.014345931820571423
internal256,2216_0.58_1.17.png,0.5770748853683472,0.011305011808872223,0.5377498269081116,0.6080665588378906,0.0,0.0,0.1537250578403473,-0.056351471692323685,0.6192620992660522,-0.01958203688263893,0.6453391909599304,-0.0013516852632164955,0.4585381746292114,0.2866257429122925,0.019930163398385048,0.9989387392997742,0.0006770833279006183,0.04240885376930237,0.9045039415359497,0.05102277919650078,0.6055810451507568,0.009100259281694889,0.6012190580368042,-0.0071882265619933605,0.5071181654930115,0.053498540073633194,0.1580706685781479,0.8275254964828491,0.0,0.0,-0.033799342811107635,0.32710447907447815,0.2643435001373291,0.003840727498754859,0.0004469935083761811,0.44197237491607666,0.053559474647045135,-0.028284288942813873,0.5104442834854126,0.02918958105146885,0.4436822533607483,0.5818271636962891,0.0,0.0,-0.02425539493560791,0.15935257077217102,0.1310378909111023,0.0007272112416103482,-0.00014563617878593504,0.0597379244863987,0.01284114271402359,0.01080331951379776,0.5798123478889465,0.01039210706949234,0.5557775497436523,0.630349338054657,0.0,0.0,0.06838423758745193,-0.05374132841825485,0.6202448010444641,-0.018712585791945457,0.6436030268669128,-0.0024623707868158817,0.42141658067703247,0.09550246596336365,0.13533756136894226,0.8235149383544922,0.0,0.0,0.6398241519927979,0.06504009664058685,0.5856623649597168,0.007813386619091034,0.5731736421585083,-0.0020082162227481604,0.5090892314910889,0.047261614352464676,0.2602827250957489,0.774475634098053,0.0,0.0,0.06209256127476692,0.36075183749198914,0.29756486415863037,0.003517681732773781,-0.0007858952740207314,0.44196316599845886,0.05355611443519592,-0.02295518107712269,0.4986054599285126,0.02892952598631382,0.4424302577972412,0.5733957886695862,0.0,0.0,-0.016347890719771385,0.11886677145957947,0.09838246554136276,0.0007088088896125555,-0.00011795089085353538,0.059756942093372345,0.012847179546952248,0.014345931820571423
internal256,2217_0.57_1.84.png,0.5871705412864685,0.008788063190877438,0.5414471626281738,0.6055450439453125,0.0,0.0,0.022745540365576744,-0.05620816722512245,0.6219460964202881,-0.0191950686275959,0.6483858227729797,-0.0013516852632164955,0.3345275819301605,0.17967359721660614,0.011366605758666992,0.998984158039093,0.0006119791651144624,0.026250001043081284,0.7593908309936523,0.053188811987638474,0.5730667114257812,0.006890479940921068,0.5567091703414917,-0.0071882265619933605,0.5059552192687988,0.046635761857032776,0.15278403460979462,0.8418480157852173,0.0,0.0,-0.009748640470206738,0.28055882453918457,0.22508005797863007,0.0032635764218866825,8.650169183965772e-05,0.4001976251602173,0.03951346129179001,-0.028284288942813873,0.5105551481246948,0.029169287532567978,0.44391101598739624,0.5806426405906677,0.0,0.0,-0.010726581327617168,0.14865560829639435,0.12401945143938065,0.0006878927233628929,-6.560519977938384e-05,0.05426659435033798,0.010545438155531883,0.01080331951379776,0.5892477631568909,0.0097498232498765,0.5558097958564758,0.6123059988021851,0.0,0.0,0.004325525369495153,-0.053593482822179794,0.6227759122848511,-0.018346576020121574,0.6464564204216003,-0.0024623707868158817,0.38610488176345825,0.07003795355558395,0.1262783706188202,0.8299424052238464,0.0,0.0,0.46885377168655396,0.06532961130142212,0.5783165097236633,0.007195041980594397,0.5627686977386475,-0.0020082162227481604,0.5075962543487549,0.0411258302628994,0.30718687176704407,0.7223970293998718,0.0,0.0,0.0512399859726429,0.273616224527359,0.21806064248085022,0.002565463073551655,-0.0006182701326906681,0.40021198987960815,0.0395033061504364,-0.02295518107712269,0.49841463565826416,0.0289900004863739,0.4399661719799042,0.5750216841697693,0.0,0.0,-0.004758995957672596,0.11395962536334991,0.09442787617444992,0.0006805655430071056,-3.6925135646015406e-05,0.05427706986665726,0.010553628206253052,0.014345931820571423
internal256,2228_0.86_1.99.png,0.6028146743774414,0.01012318953871727,0.540050745010376,0.6229017376899719,0.0,0.0,0.023245373740792274,-0.05598611384630203,0.6262223124504089,-0.018595430999994278,0.653216540813446,-0.0013516852632164955,0.4175741374492645,0.22945138812065125,0.0243641696870327,0.9991279244422913,0.0009114583372138441,0.038333334028720856,0.9088541865348816,0.051738277077674866,0.5916784405708313,0.008370310999453068,0.5825759768486023,-0.0071882265619933605,0.5050304532051086,0.041965898126363754,0.1670823097229004,0.8305323719978333,0.0,0.0,0.022801632061600685,0.25958287715911865,0.20852792263031006,0.0030086946208029985,-0.0003729320305865258,0.41786128282546997,0.052653249353170395,-0.028284288942813873,0.5105833411216736,0.029527032747864723,0.44384390115737915,0.5836449265480042,0.0,0.0,0.009677864611148834,0.17029838263988495,0.14238475263118744,0.0007889117114245892,4.5287957618711516e-05,0.056641750037670135,0.01682351343333721,0.01080331951379776,0.6079394221305847,0.008576717227697372,0.5546690225601196,0.6325790882110596,0.0,0.0,0.010618318803608418,-0.05330059677362442,0.6279059648513794,-0.01762150414288044,0.6522160768508911,-0.0024623707868158817,0.40712830424308777,0.0813065767288208,0.13029304146766663,0.8326709866523743,0.0,0.0,0.5689566135406494,0.06515724211931229,0.5824740529060364,0.0075631835497915745,0.5686882138252258,-0.0020082162227481604,0.5056369304656982,0.03514886274933815,0.298469603061676,0.6984975934028625,0.0,0.0,0.03693443164229393,0.24192990362644196,0.19258008897304535,0.0022347362246364355,-0.00041117265936918557,0.4178420901298523,0.052651047706604004,-0.02295518107712269,0.49819836020469666,0.02902328595519066,0.4373103678226471,0.5774976015090942,0.0,0.0,0.0023212775122374296,0.1345030516386032,0.1084882915019989,0.0007771821692585945,1.2625362614926416e-05,0.056651148945093155,0.016849813982844353,0.014345931820571423
internal256,2231_0.71_0.89.png,0.5853478312492371,0.010577788576483727,0.5346723198890686,0.6079280972480774,0.0,0.0,0.07193074375391006,-0.05623404309153557,0.6214653253555298,-0.019264934584498405,0.6478397250175476,-0.0013516852632164955,0.4040440022945404,0.24758338928222656,0.006538087502121925,0.998727023601532,0.004205729346722364,0.07789062708616257,0.8555042147636414,0.05197460204362869,0.5909543633460999,0.008129212073981762,0.5813599824905396,-0.0071882265619933605,0.5062426924705505,0.04952210932970047,0.15603861212730408,0.862845778465271,0.0,0.0,-0.02733670361340046,0.3078126311302185,0.24582861363887787,0.0035629877820611,0.0003546196094248444,0.48082593083381653,0.05326813459396362,-0.028284288942813873,0.5105645656585693,0.029274435713887215,0.4439079165458679,0.5814323425292969,0.0,0.0,-0.015569671057164669,0.15965060889720917,0.13248403370380402,0.0007339176954701543,-9.450742800254375e-05,0.07754170894622803,0.014548832550644875,0.01080331951379776,0.5892274379730225,0.009245161898434162,0.5473607182502747,0.628635823726654,0.0,0.0,0.018656110391020775,-0.053593795746564865,0.6227677464485168,-0.01834736205637455,0.6464475989341736,-0.0024623707868158817,0.4086991846561432,0.09611866623163223,0.10473912209272385,0.8236954808235168,0.0,0.0,0.5801666378974915,0.0651443600654602,0.5833044052124023,0.00759069062769413,0.569811999797821,-0.0020082162227481604,0.5081174969673157,0.045060642063617706,0.27258023619651794,0.7842736840248108,0.0,0.0,0.05482833832502365,0.3313964307308197,0.2676566243171692,0.0031572049483656883,-0.0006689499714411795,0.48075419664382935,0.053274597972631454,-0.02295518107712269,0.4983871579170227,0.028917841613292694,0.43947336077690125,0.5778055191040039,0.0,0.0,-0.012239508330821991,0.12793874740600586,0.10684603452682495,0.0007712462102063,-9.371471969643608e-05,0.07752424478530884,0.014550727792084217,0.014345931820571423
internal256,2238_0.81_1.38.png,0.5868276357650757,0.011086514219641685,0.5434370636940002,0.6111326217651367,0.0,0.0,0.06619126349687576,-0.05621303617954254,0.6218664646148682,-0.019208211451768875,0.6482937932014465,-0.0013516852632164955,0.3990548849105835,0.26923325657844543,0.009544615633785725,0.9975873231887817,0.003554687602445483,0.0934765636920929,0.861372709274292,0.05206174775958061,0.5923464298248291,0.008040310814976692,0.583045482635498,-0.0071882265619933605,0.5061320066452026,0.04791072756052017,0.18973438441753387,0.8456652760505676,0.0,0.0,-0.0212361179292202,0.2985127866268158,0.24086299538612366,0.003489476628601551,0.0002636818098835647,0.4747237265110016,0.051039207726716995,-0.028284288942813873,0.5105957984924316,0.029236942529678345,0.44450634717941284,0.5745459198951721,0.0,0.0,-0.012455560266971588,0.1599540263414383,0.1325371116399765,0.0007352360989898443,-7.636805094080046e-05,0.06612598896026611,0.013299182988703251,0.01080331951379776,0.5910842418670654,0.011731564067304134,0.5532066226005554,0.6240282654762268,0.0,0.0,0.013877784833312035,-0.05356470122933388,0.623285710811615,-0.01827533356845379,0.647028386592865,-0.0024623707868158817,0.40541890263557434,0.10232522338628769,0.12038478255271912,0.8069921135902405,0.0,0.0,0.6094202399253845,0.0651712566614151,0.5829522609710693,0.0075332485139369965,0.5692799687385559,-0.0020082162227481604,0.5080711841583252,0.042879439890384674,0.300912082195282,0.7551736235618591,0.0,0.0,0.057216621935367584,0.3116307556629181,0.2529391944408417,0.0029760501347482204,-0.0006863385788165033,0.4747348129749298,0.051044609397649765,-0.02295518107712269,0.49841538071632385,0.028829075396060944,0.4389432370662689,0.5728626251220703,0.0,0.0,-0.009561977349221706,0.1249244436621666,0.10541918873786926,0.0007608457817696035,-7.416064181597903e-05,0.06613583117723465,0.013311026617884636,0.014345931820571423
internal256,2244_0.77_1.02.png,0.5867679119110107,0.013095526024699211,0.5364060401916504,0.6115709543228149,0.0,0.0,0.10604549944400787,-0.05621388927102089,0.6218639016151428,-0.01921050436794758,0.6482888460159302,-0.0013516852632164955,0.43525615334510803,0.2877129912376404,0.009512919001281261,0.9986206293106079,0.005559896118938923,0.12708333134651184,0.8897712230682373,0.05142943561077118,0.6011558175086975,0.008685390464961529,0.5950927734375,-0.0071882265619933605,0.5062482953071594,0.04946541786193848,0.15564408898353577,0.854117214679718,0.0,0.0,-0.024248506873846054,0.30314040184020996,0.24258644878864288,0.0035162640269845724,0.00031453350675292313,0.45173701643943787,0.05119390785694122,-0.028284288942813873,0.5105697512626648,0.029280737042427063,0.4439520835876465,0.5818454623222351,0.0,0.0,-0.013410489074885845,0.16479958593845367,0.1363735795021057,0.0007558352081105113,-8.26052128104493e-05,0.0640861988067627,0.012444324791431427,0.01080331951379776,0.5909970998764038,0.012291434220969677,0.553457498550415,0.632243275642395,0.0,0.0,0.00940671656280756,-0.05356606841087341,0.6232657432556152,-0.018278716132044792,0.6470054388046265,-0.0024623707868158817,0.41762667894363403,0.11361435800790787,0.10871615260839462,0.8159542679786682,0.0,0.0,0.6542032957077026,0.06507116556167603,0.5857213735580444,0.007747021038085222,0.5731711387634277,-0.0020082162227481604,0.5082090497016907,0.04441937431693077,0.2717668116092682,0.780098021030426,0.0,0.0,0.05392741784453392,0.3204597532749176,0.25792062282562256,0.003038683906197548,-0.0006557782180607319,0.45171937346458435,0.051188670098781586,-0.02295518107712269,0.498363196849823,0.028864050284028053,0.4399602711200714,0.5746580958366394,0.0,0.0,-0.010924768634140491,0.12844239175319672,0.10764317959547043,0.0007765217451378703,-8.422075916314498e-05,0.06409421563148499,0.012448571622371674,0.014345931820571423
internal256,2247_0.9_1.37.png,0.5860760807991028,0.01358950324356556,0.5410720705986023,0.6168079972267151,0.0,0.0,0.11579757183790207,-0.056223705410957336,0.6216813325881958,-0.01923702284693718,0.6480816006660461,-0.0013516852632164955,0.5371989607810974,0.2933834195137024,0.004149534739553928,0.9983950257301331,0.004192708525806665,0.15757812559604645,0.9222815632820129,0.04964885115623474,0.6230376958847046,0.010501936078071594,0.6249292492866516,-0.0071882265619933605,0.5072645545005798,0.05436244606971741,0.15961860120296478,0.8867894411087036,0.0,0.0,-0.03715834021568298,0.33317428827285767,0.26671355962753296,0.0038789131212979555,0.0005019413656555116,0.4959307610988617,0.061069730669260025,-0.028284288942813873,0.5105157494544983,0.02935546636581421,0.443719744682312,0.5766475200653076,0.0,0.0,-0.014429397881031036,0.1666719615459442,0.13653114438056946,0.0007565952255390584,-9.159204637398943e-05,0.07482258230447769,0.015117572620511055,0.01080331951379776,0.5899279117584229,0.011665118858218193,0.5536435842514038,0.631982684135437,0.0,0.0,0.01531295944005251,-0.053582821041345596,0.6229715347290039,-0.018320195376873016,0.6466750502586365,-0.0024623707868158817,0.4540494382381439,0.11439645290374756,0.09078066051006317,0.8058357238769531,0.0,0.0,0.6702277660369873,0.06477253139019012,0.5928320288658142,0.008384820073843002,0.5832261443138123,-0.0020082162227481604,0.5093549489974976,0.0503665916621685,0.25113269686698914,0.8057020306587219,0.0,0.0,0.06135271117091179,0.36371493339538574,0.2976858913898468,0.0035143240820616484,-0.0007590681198053062,0.4958411157131195,0.06113392114639282,-0.02295518107712269,0.49839040637016296,0.028746090829372406,0.4387868642807007,0.5848131775856018,0.0,0.0,-0.013912299647927284,0.1340421736240387,0.11134719103574753,0.0008025738061405718,-0.00010602697875583544,0.07481680810451508,0.015134385786950588,0.014345931820571423
internal256,2248_0.61_0.82.png,0.5785996913909912,0.012614237144589424,0.5355976819992065,0.6074500679969788,0.0,0.0,0.14489558339118958,-0.05632983148097992,0.6196754574775696,-0.01952359266579151,0.6458073854446411,-0.0013516852632164955,0.44137483835220337,0.3184448778629303,0.005539943929761648,0.9980432987213135,0.008216146379709244,0.14289063215255737,0.8629478812217712,0.051322560757398605,0.6060737371444702,0.008794423192739487,0.6014975309371948,-0.0071882265619933605,0.5073020458221436,0.056485023349523544,0.15796002745628357,0.8912564516067505,0.0,0.0,-0.04733425751328468,0.3612678349018097,0.2928790748119354,0.004254466388374567,0.000651245005428791,0.5157297849655151,0.060732245445251465,-0.028284288942813873,0.5105516910552979,0.02919722907245159,0.44382187724113464,0.5769354701042175,0.0,0.0,-0.02577354945242405,0.16212987899780273,0.13395610451698303,0.0007427170057781041,-0.00015194837760645896,0.08117527514696121,0.013561369851231575,0.01080331951379776,0.5841781497001648,0.010544093325734138,0.5516870617866516,0.6275193691253662,0.0,0.0,0.02476765215396881,-0.0536729134619236,0.6214136481285095,-0.01854323223233223,0.6449213624000549,-0.0024623707868158817,0.42044201493263245,0.12269569933414459,0.08060538023710251,0.8047904968261719,0.0,0.0,0.6713740825653076,0.06504807621240616,0.5866901278495789,0.007796319667249918,0.5744996070861816,-0.0020082162227481604,0.5100602507591248,0.054156217724084854,0.2394571453332901,0.8251627683639526,0.0,0.0,0.06919876486063004,0.3997984528541565,0.33131954073905945,0.003929757978767157,-0.0008741481578908861,0.5156428217887878,0.06072475016117096,-0.02295518107712269,0.4984942376613617,0.02874637395143509,0.4370633661746979,0.5852082371711731,0.0,0.0,-0.019099939614534378,0.13101589679718018,0.11100633442401886,0.0008019745582714677,-0.0001434356818208471,0.08118182420730591,0.013570069335401058,0.014345931820571423
internal256,2258_0.96_0.94.png,0.5816052556037903,0.011811701580882072,0.5438261032104492,0.6126818060874939,0.0,0.0,0.050091054290533066,-0.056287169456481934,0.6204705834388733,-0.019408386200666428,0.6467106938362122,-0.0013516852632164955,0.5463280081748962,0.3620040714740753,0.00904072355479002,0.9983175992965698,0.0032291668467223644,0.2858723998069763,0.8197864294052124,0.049489397555589676,0.6337661743164062,0.010664611123502254,0.6386117935180664,-0.0071882265619933605,0.5078271627426147,0.05757196247577667,0.17750221490859985,0.8333272337913513,0.0,0.0,-0.055666569620370865,0.34510329365730286,0.2842428386211395,0.004137387964874506,0.0007708491757512093,0.45743387937545776,0.054324518889188766,-0.028284288942813873,0.5105379819869995,0.029354792088270187,0.4422397017478943,0.5786060690879822,0.0,0.0,-0.020901348441839218,0.18190926313400269,0.1492791771888733,0.000827697163913399,-0.00012641909415833652,0.06778594851493835,0.012279244139790535,0.01080331951379776,0.5859545469284058,0.010435519739985466,0.5547404289245605,0.6231328845024109,0.0,0.0,0.00973601546138525,-0.05364508554339409,0.6218906044960022,-0.01847432181239128,0.645458996295929,-0.0024623707868158817,0.46379366517066956,0.14461562037467957,0.10419794172048569,0.8005261421203613,0.0,0.0,0.7172871828079224,0.06469263881444931,0.5963746309280396,0.008555452339351177,0.5880399346351624,-0.0020082162227481604,0.5112876892089844,0.05643720552325249,0.25715166330337524,0.7910094857215881,0.0,0.0,0.05591597408056259,0.38069695234298706,0.31666725873947144,0.0037512562703341246,-0.0007096710032783449,0.4573606848716736,0.05437864363193512,-0.02295518107712269,0.49845173954963684,0.028677482157945633,0.44139134883880615,0.5751703977584839,0.0,0.0,-0.020182842388749123,0.14201416075229645,0.1222052276134491,0.0008833194733597338,-0.00015438692935276777,0.0677797868847847,0.012279395945370197,0.014345931820571423
internal256,2264_0.66_1.54.png,0.5920509696006775,0.01176567655056715,0.538972020149231,0.6134154796600342,0.0,0.0,0.06959451735019684,-0.056138891726732254,0.6232835054397583,-0.019008001312613487,0.6498969793319702,-0.0013516852632164955,0.38510003685951233,0.2486146092414856,0.011025470681488514,0.9989377856254578,0.0044140624813735485,0.03882812708616257,0.8432779908180237,0.05230548605322838,0.5876760482788086,0.007791644893586636,0.5767367482185364,-0.0071882265619933605,0.5053067207336426,0.04422258585691452,0.1680546998977661,0.8427771925926208,0.0,0.0,0.006906094495207071,0.27135568857192993,0.21446838974952698,0.00310314423404634,-0.00013981190568301827,0.42509350180625916,0.05009089410305023,-0.028284288942813873,0.5105275511741638,0.029268447309732437,0.4437953531742096,0.5828226804733276,0.0,0.0,-0.004322541877627373,0.15764950215816498,0.13002991676330566,0.0007209311588667333,-3.2145242585102096e-05,0.05889492854475975,0.014982623979449272,0.01080331951379776,0.5958810448646545,0.011333691887557507,0.5502476692199707,0.627342700958252,0.0,0.0,0.008759468793869019,-0.05348953977227211,0.6245905756950378,-0.018089260905981064,0.6484956741333008,-0.0024623707868158817,0.4020976424217224,0.0898972675204277,0.10189395397901535,0.8204748034477234,0.0,0.0,0.5740235447883606,0.06519848853349686,0.58185213804245,0.007475090213119984,0.5677641034126282,-0.0020082162227481604,0.5061990022659302,0.036899615079164505,0.28089451789855957,0.7684455513954163,0.0,0.0,0.04451986402273178,0.26473531126976013,0.20935475826263428,0.002443295670673251,-0.000522478308994323,0.42510005831718445,0.05010687932372093,-0.02295518107712269,0.49836936593055725,0.02897990308701992,0.43798181414604187,0.5759355425834656,0.0,0.0,-0.0016859485767781734,0.12064389139413834,0.0980534553527832,0.0007047432009130716,-1.399989560013637e-05,0.05890963226556778,0.015003426000475883,0.014345931820571423
internal256,2265_0.72_1.34.png,0.5948953032493591,0.009642872959375381,0.5384044051170349,0.6129356622695923,0.0,0.0,0.03194214403629303,-0.05609852075576782,0.6240452527999878,-0.01889897882938385,0.6507598161697388,-0.0013516852632164955,0.36001306772232056,0.20326486229896545,0.02144434303045273,0.9990986585617065,0.0014453125186264515,0.033867187798023224,0.8287451863288879,0.05274366959929466,0.5791183710098267,0.007344614714384079,0.5651316046714783,-0.0071882265619933605,0.5052943229675293,0.04276469349861145,0.16155005991458893,0.8330014944076538,0.0,0.0,0.013160803355276585,0.2609032988548279,0.20816896855831146,0.0030096813570708036,-0.00023594623780809343,0.3972257077693939,0.04828400909900665,-0.028284288942813873,0.5105869770050049,0.029354719445109367,0.4430341124534607,0.5822217464447021,0.0,0.0,0.0017613742966204882,0.16055692732334137,0.1336490511894226,0.0007406716467812657,2.681678097360418e-06,0.05645610764622688,0.014155528508126736,0.01080331951379776,0.5983980298042297,0.008629370480775833,0.5499089360237122,0.6230778694152832,0.0,0.0,0.012727352790534496,-0.05345010384917259,0.6252656579017639,-0.017991621047258377,0.6492558121681213,-0.0024623707868158817,0.3952960669994354,0.07898808270692825,0.10871490091085434,0.8259881138801575,0.0,0.0,0.5319816470146179,0.06525424867868423,0.5802367925643921,0.007355988025665283,0.5654945373535156,-0.0020082162227481604,0.5061079859733582,0.036361489444971085,0.27789974212646484,0.7007165551185608,0.0,0.0,0.042540293186903,0.24893999099731445,0.19738560914993286,0.002301083877682686,-0.0004886625683866441,0.3972151577472687,0.04831206798553467,-0.02295518107712269,0.49830588698387146,0.02897133305668831,0.4378497898578644,0.5729785561561584,0.0,0.0,0.0001179536193376407,0.1270865797996521,0.1040012389421463,0.0007472418365068734,-3.107305474259192e-06,0.05646703392267227,0.01417028158903122,0.014345931820571423
internal256,2271_0.6_1.89.png,0.5982313752174377,0.008332662284374237,0.5373163223266602,0.6108791828155518,0.0,0.0,0.020284553989768028,-0.056051164865493774,0.6249514222145081,-0.018771104514598846,0.6517841815948486,-0.0013516852632164955,0.3999871015548706,0.16092458367347717,0.020548123866319656,0.9990583062171936,0.000885416695382446,0.020716145634651184,0.7000265717506409,0.05204546079039574,0.5828980207443237,0.008056923747062683,0.570886492729187,-0.0071882265619933605,0.5054325461387634,0.041931506246328354,0.1642513871192932,0.8280393481254578,0.0,0.0,0.018543755635619164,0.24095377326011658,0.19254519045352936,0.002788122044876218,-0.00031574387685395777,0.34197908639907837,0.04373902082443237,-0.028284288942813873,0.5104846358299255,0.029388369992375374,0.4433141350746155,0.5823379755020142,0.0,0.0,0.006750291213393211,0.15549825131893158,0.12928232550621033,0.0007152597536332905,2.774759559542872e-05,0.04499359056353569,0.012098222970962524,0.01080331951379776,0.5999256372451782,0.007418773137032986,0.5497934222221375,0.6275669932365417,0.0,0.0,0.005007817409932613,-0.05342617258429527,0.6256803870201111,-0.017932366579771042,0.6497220396995544,-0.0024623707868158817,0.40901118516921997,0.06244959682226181,0.1320701539516449,0.8286364078521729,0.0,0.0,0.36176571249961853,0.06514179706573486,0.5822651982307434,0.007596154231578112,0.5684539079666138,-0.0020082162227481604,0.5053742527961731,0.03419838473200798,0.29410475492477417,0.7037253975868225,0.0,0.0,0.036136578768491745,0.21893958747386932,0.17391537129878998,0.002022424479946494,-0.00041361371404491365,0.3419632613658905,0.043753381818532944,-0.02295518107712269,0.49822673201560974,0.02913855016231537,0.4363180994987488,0.5759864449501038,0.0,0.0,0.004681277554482222,0.12239283323287964,0.09868188202381134,0.0007068935083225369,3.32892122969497e-05,0.04499233514070511,0.012110964395105839,0.014345931820571423
internal256,2304_0.95_0.99.png,0.5878381729125977,0.009387885220348835,0.5458731651306152,0.6189541816711426,0.0,0.0,0.0261036716401577,-0.05619869381189346,0.6221291422843933,-0.019169483333826065,0.6485927104949951,-0.0013516852632164955,0.5969266295433044,0.26257842779159546,0.005364143289625645,0.9969457983970642,0.002942708320915699,0.08141927421092987,0.9491577744483948,0.04860561341047287,0.6337091326713562,0.011566240340471268,0.639510989189148,-0.0071882265619933605,0.507332444190979,0.05372307822108269,0.16482047736644745,0.841037392616272,0.0,0.0,-0.04803422465920448,0.32927998900413513,0.2684318423271179,0.003899583127349615,0.0006495749112218618,0.5116891860961914,0.055773183703422546,-0.028284288942813873,0.51055908203125,0.029397716745734215,0.44269677996635437,0.5774345993995667,0.0,0.0,-0.01504917535930872,0.17210277915000916,0.1417548805475235,0.0007857853197492659,-9.459684952162206e-05,0.07529877871274948,0.013982655480504036,0.01080331951379776,0.591070294380188,0.010158156976103783,0.5575982332229614,0.6258301734924316,0.0,0.0,0.011855054646730423,-0.053564924746751785,0.6232722997665405,-0.018275877460837364,0.6470146775245667,-0.0024623707868158817,0.4471915364265442,0.0952819287776947,0.087941974401474,0.7863336801528931,0.0,0.0,0.6234022974967957,0.0648287683725357,0.5906534790992737,0.008264731615781784,0.5802417397499084,-0.0020082162227481604,0.5097852945327759,0.04997888579964638,0.27805399894714355,0.7797654271125793,0.0,0.0,0.06282170861959457,0.35929036140441895,0.29589036107063293,0.0035014168825000525,-0.0007712364313192666,0.511605441570282,0.055762775242328644,-0.02295518107712269,0.4983506500720978,0.028851712122559547,0.44046443700790405,0.5739902257919312,0.0,0.0,-0.016457516700029373,0.13707895576953888,0.11515691131353378,0.000831435841973871,-0.0001260646531591192,0.07529108226299286,0.013995294459164143,0.014345931820571423
internal256,2309_0.84_1.77.png,0.5812985301017761,0.008711308240890503,0.5452853441238403,0.6116004586219788,0.0,0.0,0.034993961453437805,-0.05629151687026024,0.6203709244728088,-0.019420145079493523,0.6466002464294434,-0.0013516852632164955,0.5154118537902832,0.2559012472629547,0.003930380567908287,0.9967069029808044,0.002773437649011612,0.0659765675663948,0.9606812596321106,0.050029393285512924,0.6141693592071533,0.010113709606230259,0.6132831573486328,-0.0071882265619933605,0.5081609487533569,0.05727854371070862,0.18529993295669556,0.8226651549339294,0.0,0.0,-0.050182800740003586,0.3518209755420685,0.28789710998535156,0.004194912500679493,0.0006687609711661935,0.4609605073928833,0.05722891539335251,-0.028284288942813873,0.5104888081550598,0.029238851740956306,0.44336679577827454,0.5758359432220459,0.0,0.0,-0.019711269065737724,0.16209115087985992,0.13457860052585602,0.0007468500407412648,-0.00012108505325159058,0.06159393489360809,0.013036374002695084,0.01080331951379776,0.5830726027488708,0.01015792228281498,0.553080677986145,0.62650465965271,0.0,0.0,0.01483613345772028,-0.053690243512392044,0.6211148500442505,-0.01858612149953842,0.6445847749710083,-0.0024623707868158817,0.4366272985935211,0.08642774820327759,0.08074779808521271,0.784974217414856,0.0,0.0,0.610088586807251,0.06491538137197495,0.5882492661476135,0.008079740218818188,0.5768797993659973,-0.0020082162227481604,0.511577308177948,0.05934654176235199,0.25058871507644653,0.8107690811157227,0.0,0.0,0.06903928518295288,0.3870254456996918,0.3185543119907379,0.003772367723286152,-0.000876144680660218,0.4609883725643158,0.05735219642519951,-0.02295518107712269,0.49849510192871094,0.028805438429117203,0.4403436779975891,0.5738197565078735,0.0,0.0,-0.017486149445176125,0.13146032392978668,0.11221251636743546,0.000810821948107332,-0.00013101920194458216,0.06161310896277428,0.013069307431578636,0.014345931820571423
internal256,2334_0.56_0.79.png,0.5738827586174011,0.007210642099380493,0.5400779247283936,0.6052007079124451,0.0,0.0,0.07914967834949493,-0.056396786123514175,0.6183972358703613,-0.019704394042491913,0.6443591713905334,-0.0013516852632164955,0.49743562936782837,0.20935551822185516,0.011715905740857124,0.9977328777313232,0.0022916668094694614,0.04973958432674408,0.874617338180542,0.05034337937831879,0.6059633493423462,0.009793383069336414,0.6024981141090393,-0.0071882265619933605,0.5093027949333191,0.062003202736377716,0.16519518196582794,0.8413557410240173,0.0,0.0,-0.060392674058675766,0.38824260234832764,0.3279242515563965,0.004778668284416199,0.0008061708649620414,0.4123455286026001,0.050151482224464417,-0.028284288942813873,0.5104773044586182,0.029157118871808052,0.44532111287117004,0.5743135213851929,0.0,0.0,-0.02805107831954956,0.15582247078418732,0.13207820057868958,0.0007341686286963522,-0.00016804889310151339,0.04746934771537781,0.00949882809072733,0.01080331951379776,0.5759238004684448,0.0072319055907428265,0.5505466461181641,0.6183376908302307,0.0,0.0,0.016841590404510498,-0.0538022555410862,0.6191960573196411,-0.018863430246710777,0.642420768737793,-0.0024623707868158817,0.4345313608646393,0.07264243066310883,0.11005272716283798,0.792026698589325,0.0,0.0,0.5219128131866455,0.06493256241083145,0.587394654750824,0.008043038658797741,0.5757179856300354,-0.0020082162227481604,0.5141311883926392,0.06778686493635178,0.2419905960559845,0.8180034160614014,0.0,0.0,0.08572882413864136,0.43317440152168274,0.36727866530418396,0.004376870114356279,-0.0011169874342158437,0.4123072326183319,0.05014176294207573,-0.02295518107712269,0.4985831379890442,0.028786994516849518,0.44221219420433044,0.5741999745368958,0.0,0.0,-0.023424670100212097,0.12387911230325699,0.10840950161218643,0.0007838393212296069,-0.0001723952154861763,0.04748203977942467,0.009518825449049473,0.014345931820571423
internal256,2368_0.75_1.39.png,0.5813751220703125,0.009382130578160286,0.5450599193572998,0.6112386584281921,0.0,0.0,0.03550625219941139,-0.056290436536073685,0.620394766330719,-0.019417209550738335,0.6466268301010132,-0.0013516852632164955,0.572726845741272,0.29669106006622314,0.01616297848522663,0.9973726272583008,0.001914062537252903,0.0802994817495346,0.9204708933830261,0.04902830347418785,0.6315774321556091,0.01113501749932766,0.6363704204559326,-0.0071882265619933605,0.5076115727424622,0.05396418273448944,0.15150724351406097,0.8693702816963196,0.0,0.0,-0.04045118764042854,0.3139452040195465,0.25656211376190186,0.0037369849160313606,0.0005337650654837489,0.4050707221031189,0.049848489463329315,-0.028284288942813873,0.5104106068611145,0.02930506505072117,0.44320806860923767,0.5769630670547485,0.0,0.0,-0.01973903551697731,0.1627863198518753,0.1339293271303177,0.0007429793477058411,-0.00012212811270728707,0.05675415322184563,0.012737617827951908,0.01080331951379776,0.5828863382339478,0.009570308029651642,0.557830810546875,0.62727952003479,0.0,0.0,0.011704384349286556,-0.05369315668940544,0.6210616827011108,-0.01859334297478199,0.6445253491401672,-0.0024623707868158817,0.44978782534599304,0.09386620670557022,0.13798871636390686,0.7954021096229553,0.0,0.0,0.6471516489982605,0.0648074746131897,0.591115415096283,0.008310195058584213,0.5808987617492676,-0.0020082162227481604,0.5096288919448853,0.04864341765642166,0.30881088972091675,0.7569193840026855,0.0,0.0,0.05927828699350357,0.3455682694911957,0.2864609658718109,0.00338730332441628,-0.0007465611561201513,0.4050329625606537,0.04985182359814644,-0.02295518107712269,0.4986189901828766,0.02883078157901764,0.4414091408252716,0.5722053050994873,0.0,0.0,-0.01596054993569851,0.11836984008550644,0.0992664322257042,0.0007155336206778884,-0.0001162608023150824,0.0567493699491024,0.012734765186905861,0.014345931820571423
internal256,2402_0.8_0.8.png,0.576461911201477,0.008049477823078632,0.5471773147583008,0.6079047918319702,0.0,0.0,0.06087123975157738,-0.05636017769575119,0.6190821528434753,-0.01960553601384163,0.6451372504234314,-0.0013516852632164955,0.638966977596283,0.2816455662250519,0.007386388722807169,0.9982520937919617,0.008190104737877846,0.11180990189313889,0.9102595448493958,0.04787132143974304,0.6461466550827026,0.01231537014245987,0.6558594107627869,-0.0071882265619933605,0.509247362613678,0.06284775584936142,0.1933872401714325,0.8208425641059875,0.0,0.0,-0.08292403072118759,0.3970664441585541,0.33607611060142517,0.004895426332950592,0.0011562545550987124,0.457258403301239,0.05017963424324989,-0.028284288942813873,0.5105649828910828,0.02937598153948784,0.4438014030456543,0.5775637030601501,0.0,0.0,-0.027221601456403732,0.188430055975914,0.15687137842178345,0.0008706724038347602,-0.00016362906899303198,0.06234090402722359,0.009477993473410606,0.01080331951379776,0.5806319117546082,0.00791392382234335,0.5564445853233337,0.6183006167411804,0.0,0.0,0.011651113629341125,-0.05372847989201546,0.6204507350921631,-0.018680788576602936,0.6438372731208801,-0.0024623707868158817,0.46844056248664856,0.10502919554710388,0.10172818601131439,0.7909519076347351,0.0,0.0,0.6812912821769714,0.06465454399585724,0.5953376293182373,0.00863682385534048,0.5867864489555359,-0.0020082162227481604,0.514838695526123,0.07370840758085251,0.2425171434879303,0.837868869304657,0.0,0.0,0.07672419399023056,0.4450552463531494,0.37640225887298584,0.004504045005887747,-0.001002802513539791,0.4571778476238251,0.050196439027786255,-0.02295518107712269,0.4983634054660797,0.028766172006726265,0.4374864399433136,0.574725866317749,0.0,0.0,-0.028132010251283646,0.15198735892772675,0.13333506882190704,0.0009664111421443522,-0.00021460872085299343,0.062331411987543106,0.009480739012360573,0.014345931820571423
internal256,2404_0.65_1.05.png,0.5741335153579712,0.00846074614673853,0.5458438396453857,0.605757474899292,0.0,0.0,0.09584173560142517,-0.056393224745988846,0.6184688210487366,-0.01969478279352188,0.6444397568702698,-0.0013516852632164955,0.6270337104797363,0.2755115330219269,0.007714575622230768,0.9983217120170593,0.007539062760770321,0.08623698353767395,0.9214443564414978,0.048079751431941986,0.6424837708473206,0.01210272777825594,0.6510646343231201,-0.0071882265619933605,0.5090590715408325,0.06187893822789192,0.19169966876506805,0.8177210092544556,0.0,0.0,-0.0783311203122139,0.39102229475975037,0.3295476734638214,0.0047962358221411705,0.0010905031813308597,0.4517645239830017,0.050992414355278015,-0.028284288942813873,0.5105376243591309,0.029353514313697815,0.4433310031890869,0.5773270726203918,0.0,0.0,-0.02929324470460415,0.18409006297588348,0.15443968772888184,0.000857092731166631,-0.0001754270342644304,0.06103098765015602,0.00967454258352518,0.01080331951379776,0.5785596966743469,0.008123966865241528,0.5562521815299988,0.6198175549507141,0.0,0.0,0.011749854311347008,-0.05376094952225685,0.6198995113372803,-0.018761176615953445,0.6432148814201355,-0.0024623707868158817,0.4624640941619873,0.09871996939182281,0.10520269721746445,0.7932207584381104,0.0,0.0,0.6630727648735046,0.06470353901386261,0.5938570499420166,0.00853217113763094,0.5847358107566833,-0.0020082162227481604,0.5141692161560059,0.07082623243331909,0.24637648463249207,0.8366970419883728,0.0,0.0,0.07552384585142136,0.4429771304130554,0.37410300970077515,0.00447336258366704,-0.0009886722546070814,0.45171406865119934,0.051023293286561966,-0.02295518107712269,0.498391330242157,0.028814449906349182,0.43780621886253357,0.5737367272377014,0.0,0.0,-0.028473524376749992,0.14521147310733795,0.12762467563152313,0.0009246804402209818,-0.00021485917386598885,0.06102431192994118,0.00967615656554699,0.014345931820571423
internal256,2409_0.55_1.95.png,0.5745996236801147,0.011607572436332703,0.5362129211425781,0.6035720705986023,0.0,0.0,0.18351268768310547,-0.05638660490512848,0.6186094880104065,-0.01967691443860531,0.644597053527832,-0.0013516852632164955,0.5252885818481445,0.2829071581363678,0.0028569658752530813,0.9981830716133118,0.0023437500931322575,0.04710937663912773,0.924285352230072,0.04985688626766205,0.6192053556442261,0.010289703495800495,0.6198542714118958,-0.0071882265619933605,0.5073820948600769,0.055088192224502563,0.1680419147014618,0.8229551315307617,0.0,0.0,-0.03142179176211357,0.3385506868362427,0.2735042870044708,0.003972449339926243,0.0004247774777468294,0.4166688621044159,0.06313931941986084,-0.028284288942813873,0.5103775262832642,0.02924417331814766,0.4410441517829895,0.5754575133323669,0.0,0.0,-0.028902651742100716,0.16876685619354248,0.1378277689218521,0.0007655810914002359,-0.0001739313593134284,0.05439174175262451,0.015062273479998112,0.01080331951379776,0.5783101320266724,0.010026782751083374,0.5553652048110962,0.6190832853317261,0.0,0.0,0.032319195568561554,-0.053764861077070236,0.6198428273200989,-0.018770858645439148,0.6431494951248169,-0.0024623707868158817,0.43962255120277405,0.09147899597883224,0.0551471970975399,0.7977162599563599,0.0,0.0,0.627403736114502,0.06489081680774689,0.5890172719955444,0.008132190443575382,0.5779466032981873,-0.0020082162227481604,0.5087913870811462,0.04762020707130432,0.2677905261516571,0.8123897910118103,0.0,0.0,0.06372861564159393,0.3828773498535156,0.31957244873046875,0.00377485528588295,-0.0008145158644765615,0.4166935980319977,0.06309381872415543,-0.02295518107712269,0.49869945645332336,0.028912317007780075,0.4410180151462555,0.5749895572662354,0.0,0.0,-0.018961545079946518,0.12393330037593842,0.10239266604185104,0.0007362788892351091,-0.00013360714365262538,0.05440390482544899,0.015047607943415642,0.014345931820571423
internal256,240_0.87_1.37.png,0.5852089524269104,0.009738442488014698,0.5621724724769592,0.6130974888801575,0.0,0.0,0.0003430882643442601,-0.056236010044813156,0.6214233040809631,-0.01927025616168976,0.6477928161621094,-0.0013516852632164955,0.5417577624320984,0.338553786277771,0.031241917982697487,0.9744234681129456,0.0006240754737518728,0.17628975212574005,0.821280300617218,0.04956921935081482,0.6295878887176514,0.010583172552287579,0.6332710981369019,-0.0071882265619933605,0.5056976079940796,0.04162868484854698,0.3200291395187378,0.6995112895965576,0.0,0.0,-0.006528805010020733,0.25191929936408997,0.1966739445924759,0.002850515302270651,7.407765224343166e-05,0.34991154074668884,0.040403153747320175,-0.028284288942813873,0.5104253888130188,0.029383884742856026,0.44611939787864685,0.5661700963973999,0.0,0.0,-0.010656265541911125,0.1607470065355301,0.1312405914068222,0.0007261973805725574,-7.373620610451326e-05,0.038974545896053314,0.008183621801435947,0.01080331951379776,0.5884239673614502,0.009831695817410946,0.5642016530036926,0.6216148734092712,0.0,0.0,-0.0,-0.05360638350248337,0.6225535273551941,-0.01837853156030178,0.6462060213088989,-0.0024623707868158817,0.45993611216545105,0.10024465620517731,0.19730280339717865,0.6389108896255493,0.0,0.0,0.607306957244873,0.06472426652908325,0.5934049487113953,0.008487901650369167,0.5840946435928345,-0.0020082162227481604,0.5094178318977356,0.04952158033847809,0.2512560188770294,0.8001732230186462,0.0,0.0,0.05534976348280907,0.27968576550483704,0.2251570075750351,0.002653753152117133,-0.0006522046751342714,0.3498363196849823,0.04046362638473511,-0.02295518107712269,0.49832960963249207,0.028815843164920807,0.4442990720272064,0.5700840950012207,0.0,0.0,-0.010928591713309288,0.12744873762130737,0.10533948242664337,0.0007577707874588668,-8.122458530124277e-05,0.0389634370803833,0.008178003132343292,0.014345931820571423
internal256,2410_0.57_1.09.png,0.5740495920181274,0.011968649923801422,0.5374605655670166,0.6064310669898987,0.0,0.0,0.19053992629051208,-0.05639442056417465,0.6184667348861694,-0.019697997719049454,0.64443439245224,-0.0013516852632164955,0.5261309742927551,0.32038238644599915,0.0029902360402047634,0.998181939125061,0.0054427082650363445,0.09924479573965073,0.9016251564025879,0.049842171370983124,0.6238036155700684,0.010304714553058147,0.6256785988807678,-0.0071882265619933605,0.5081079006195068,0.05936505272984505,0.16629965603351593,0.8225929737091064,0.0,0.0,-0.04879142343997955,0.36783021688461304,0.30209043622016907,0.004393709823489189,0.0006716689094901085,0.4484958052635193,0.061220284551382065,-0.028284288942813873,0.5104783177375793,0.029255297034978867,0.4414958357810974,0.577019214630127,0.0,0.0,-0.029653817415237427,0.16954608261585236,0.14107312262058258,0.0007829521200619638,-0.00017653930990491062,0.06197341904044151,0.01281291525810957,0.01080331951379776,0.5793503522872925,0.010158645920455456,0.5533227920532227,0.6223699450492859,0.0,0.0,0.016841590404510498,-0.053748562932014465,0.6201203465461731,-0.018730508163571358,0.6434627771377563,-0.0024623707868158817,0.4422197639942169,0.11264213919639587,0.0563952699303627,0.7964810729026794,0.0,0.0,0.6894792318344116,0.06486952304840088,0.5904039740562439,0.008177671581506729,0.5798124074935913,-0.0020082162227481604,0.5109047889709473,0.056397441774606705,0.25647327303886414,0.8196030855178833,0.0,0.0,0.06695634871721268,0.41793161630630493,0.3518357276916504,0.0041732871904969215,-0.0008666994399391115,0.44851309061050415,0.061243802309036255,-0.02295518107712269,0.49862122535705566,0.02873065322637558,0.44223251938819885,0.57515549659729,0.0,0.0,-0.02369810827076435,0.12888434529304504,0.11068045347929001,0.0007990245940163732,-0.00017398520139977336,0.06197906658053398,0.012804809026420116,0.014345931820571423
internal256,2413_0.71_1.28.png,0.5775607228279114,0.008327730931341648,0.5409169793128967,0.6037567257881165,0.0,0.0,0.022242609411478043,-0.05634457990527153,0.6193746328353882,-0.01956341415643692,0.6454693675041199,-0.0013516852632164955,0.6540613174438477,0.25473546981811523,0.026562310755252838,0.9946495890617371,0.0007421874906867743,0.029348958283662796,0.8707135915756226,0.047607675194740295,0.6473207473754883,0.012584338895976543,0.6576046347618103,-0.0071882265619933605,0.5082080364227295,0.055551446974277496,0.16437795758247375,0.8284483551979065,0.0,0.0,-0.05204537510871887,0.31976816058158875,0.26199302077293396,0.003818936413154006,0.000705319456756115,0.3725256621837616,0.04293396696448326,-0.028284288942813873,0.5103664398193359,0.029358578845858574,0.4436894655227661,0.5776238441467285,0.0,0.0,-0.024145545437932014,0.16947290301322937,0.14033974707126617,0.0007787305512465537,-0.00014892758917994797,0.0465046763420105,0.009203813038766384,0.01080331951379776,0.5787261724472046,0.007882341742515564,0.5537264347076416,0.6196792721748352,0.0,0.0,0.004921979270875454,-0.05375834181904793,0.6199427247047424,-0.01875472068786621,0.6432638168334961,-0.0024623707868158817,0.4670942425727844,0.07455942779779434,0.09844468533992767,0.7636416554450989,0.0,0.0,0.5582539439201355,0.06466557830572128,0.5939592123031616,0.008613248355686665,0.5849645137786865,-0.0020082162227481604,0.5109816789627075,0.054817818105220795,0.28868305683135986,0.7699862718582153,0.0,0.0,0.06232945993542671,0.3644375801086426,0.30048874020576477,0.0035724760964512825,-0.000804306473582983,0.37248775362968445,0.04294402897357941,-0.02295518107712269,0.4985763728618622,0.028857193887233734,0.439464271068573,0.577795684337616,0.0,0.0,-0.020032944157719612,0.1190030500292778,0.09953328967094421,0.0007167294970713556,-0.00014413193275686353,0.04649878293275833,0.009216388687491417,0.014345931820571423
internal256,2417_0.58_1.91.png,0.578710675239563,0.007603466510772705,0.5369055271148682,0.6058079600334167,0.0,0.0,0.057372353971004486,-0.05632825195789337,0.6196767091751099,-0.01951933652162552,0.64581298828125,-0.0013516852632164955,0.44923025369644165,0.21211664378643036,0.00954005029052496,0.997554361820221,0.0033333334140479565,0.04205729439854622,0.8792135119438171,0.051185354590415955,0.5962265729904175,0.008934399113059044,0.5890739560127258,-0.0071882265619933605,0.5074489712715149,0.05316079035401344,0.18479709327220917,0.8393590450286865,0.0,0.0,-0.03890233859419823,0.3271734416484833,0.26768824458122253,0.0038943307008594275,0.0005034814239479601,0.4289703369140625,0.04820172116160393,-0.028284288942813873,0.51046222448349,0.02917441725730896,0.44398245215415955,0.5756437182426453,0.0,0.0,-0.020479746162891388,0.14856421947479248,0.12363607436418533,0.0006861911970190704,-0.000124815123854205,0.056461699306964874,0.011761372908949852,0.01080331951379776,0.5797484517097473,0.007324864622205496,0.5492311120033264,0.6184171438217163,0.0,0.0,0.02019827999174595,-0.05374231934547424,0.6202126145362854,-0.018715064972639084,0.6435688138008118,-0.0024623707868158817,0.42343273758888245,0.07330390065908432,0.1365276426076889,0.8036606311798096,0.0,0.0,0.5212315320968628,0.06502356380224228,0.5852789878845215,0.007848691195249557,0.5727137923240662,-0.0020082162227481604,0.5104740858078003,0.05240858718752861,0.2533916234970093,0.7849854230880737,0.0,0.0,0.06907734274864197,0.3539195954799652,0.2906021773815155,0.003443764057010412,-0.0008731939597055316,0.42899090051651,0.048176635056734085,-0.02295518107712269,0.4985077977180481,0.028961148113012314,0.4406247138977051,0.5773868560791016,0.0,0.0,-0.014329605735838413,0.11691233515739441,0.09935913234949112,0.0007171044126152992,-0.00010480418859515339,0.05647232010960579,0.011771855875849724,0.014345931820571423
internal256,2428_0.56_1.84.png,0.5751532316207886,0.00813963357359171,0.540086567401886,0.6026315093040466,0.0,0.0,0.038672253489494324,-0.05637874826788902,0.6187364459037781,-0.019655698910355568,0.6447442770004272,-0.0013516852632164955,0.5599708557128906,0.25268518924713135,0.016783175989985466,0.9987961053848267,0.0007942708325572312,0.019479166716337204,0.8951678276062012,0.04925110563635826,0.6239213943481445,0.010907717980444431,0.6264896988868713,-0.0071882265619933605,0.507534384727478,0.0525423027575016,0.16556040942668915,0.8393211960792542,0.0,0.0,-0.03843418136239052,0.3172175884246826,0.2583812475204468,0.00375741976313293,0.0005062962882220745,0.394800066947937,0.055013690143823624,-0.028284288942813873,0.5103107690811157,0.02924484573304653,0.44315066933631897,0.5795872807502747,0.0,0.0,-0.02915738895535469,0.16830797493457794,0.13882802426815033,0.0007713382365182042,-0.00017558112449478358,0.050098054111003876,0.01397799327969551,0.01080331951379776,0.576739490032196,0.008897311985492706,0.5588628053665161,0.6134065389633179,0.0,0.0,0.008057587780058384,-0.053789470344781876,0.6194197535514832,-0.018831783905625343,0.6426724791526794,-0.0024623707868158817,0.4406197667121887,0.07820958644151688,0.11661600321531296,0.8111204504966736,0.0,0.0,0.542072057723999,0.06488264352083206,0.5887549519538879,0.008149654604494572,0.5776245594024658,-0.0020082162227481604,0.5097353458404541,0.04929971322417259,0.3025175929069519,0.7451471090316772,0.0,0.0,0.06654492765665054,0.36744609475135803,0.30804750323295593,0.003652227809652686,-0.0008479132666252553,0.3947484791278839,0.05492069944739342,-0.02295518107712269,0.4987066388130188,0.028992613777518272,0.44104912877082825,0.5740548968315125,0.0,0.0,-0.019653432071208954,0.12023724615573883,0.09928068518638611,0.0007139721419662237,-0.00013804237823933363,0.050099510699510574,0.013981119729578495,0.014345931820571423
internal256,2440_0.59_0.9.png,0.5795977711677551,0.010559508576989174,0.5359967947006226,0.6107821464538574,0.0,0.0,0.06624865531921387,-0.05631566420197487,0.6199275851249695,-0.019485337659716606,0.6460955739021301,-0.0013516852632164955,0.4536725878715515,0.2825189530849457,0.0014718720922246575,0.9987884163856506,0.0044401041232049465,0.055716145783662796,0.9495702981948853,0.05110776424407959,0.6041456460952759,0.009013560600578785,0.5992892384529114,-0.0071882265619933605,0.5072586536407471,0.05470316857099533,0.15765804052352905,0.8414597511291504,0.0,0.0,-0.05138407275080681,0.3497270941734314,0.28461122512817383,0.0041296896524727345,0.000701376236975193,0.4691316485404968,0.05144335329532623,-0.028284288942813873,0.510651707649231,0.029266538098454475,0.4441218972206116,0.5813068747520447,0.0,0.0,-0.02293824590742588,0.1710233986377716,0.14311064779758453,0.0007939333445392549,-0.00013505603419616818,0.06634343415498734,0.011918270029127598,0.01080331951379776,0.5842157006263733,0.011855111457407475,0.5486003756523132,0.6313614249229431,0.0,0.0,0.020936647430062294,-0.053672321140766144,0.6214319467544556,-0.01854177564382553,0.6449407935142517,-0.0024623707868158817,0.40975621342658997,0.09727247059345245,0.0419403575360775,0.8122492432594299,1.302083364862483e-05,0.0,0.6627578139305115,0.06513568758964539,0.5835460424423218,0.0076092020608484745,0.5701515674591064,-0.0020082162227481604,0.5105504393577576,0.05532843619585037,0.24206677079200745,0.8232152462005615,0.0,0.0,0.06817645579576492,0.37071558833122253,0.30202651023864746,0.0035900252405554056,-0.0008552420185878873,0.4691174030303955,0.05145522207021713,-0.02295518107712269,0.4982757270336151,0.028929566964507103,0.4361956715583801,0.5771178007125854,0.0,0.0,-0.01769113540649414,0.13490793108940125,0.1158464178442955,0.0008385556866414845,-0.00013496089377440512,0.06634489446878433,0.011919545009732246,0.014345931820571423
internal256,246_0.81_1.95.png,0.5867128372192383,0.005448430310934782,0.5620566010475159,0.6032576560974121,0.0,0.0,0.0006399456178769469,-0.05621466785669327,0.6218096017837524,-0.019212618470191956,0.6482330560684204,-0.0013516852632164955,0.528926432132721,0.29664483666419983,0.01678227074444294,0.972679853439331,0.0021033654920756817,0.0007858728058636189,0.9196549654006958,0.049793340265750885,0.6215675473213196,0.010354526340961456,0.6229108572006226,-0.0071882265619933605,0.5040373802185059,0.03531314805150032,0.31204119324684143,0.6780656576156616,0.0,0.0,-0.0012080528540536761,0.23085249960422516,0.18089359998703003,0.002603486878797412,1.3363332982407883e-05,0.4378267526626587,0.046791620552539825,-0.028284288942813873,0.5103619694709778,0.02934965491294861,0.44433873891830444,0.5708195567131042,0.0,0.0,-0.014491100795567036,0.15847831964492798,0.1300874799489975,0.0007206576410681009,-9.565682557877153e-05,0.06930793821811676,0.012987890280783176,0.01080331951379776,0.5925485491752625,0.005905147176235914,0.5700956583023071,0.6105996370315552,0.0,0.0,-0.0,-0.05354176089167595,0.6236551403999329,-0.01821853406727314,0.6474478840827942,-0.0024623707868158817,0.44625845551490784,0.07356434315443039,0.16705654561519623,0.6719923615455627,0.0,0.0,0.5500773787498474,0.06483641266822815,0.5897243618965149,0.008248393423855305,0.5790091156959534,-0.0020082162227481604,0.507366955280304,0.041228629648685455,0.2873208224773407,0.7351917624473572,0.0,0.0,0.04337889328598976,0.24547965824604034,0.19697333872318268,0.0023098085075616837,-0.000502569368109107,0.4378785490989685,0.04685462266206741,-0.02295518107712269,0.49838393926620483,0.028867293149232864,0.44277891516685486,0.5709027051925659,0.0,0.0,-0.008794942870736122,0.12583591043949127,0.10725654661655426,0.0007723001181147993,-6.281324749579653e-05,0.06931907683610916,0.013004222884774208,0.014345931820571423
internal256,2471_0.54_1.65.png,0.58910071849823,0.009442050009965897,0.5373626351356506,0.6096093654632568,0.0,0.0,0.036451224237680435,-0.05618077144026756,0.6224704384803772,-0.019121084362268448,0.6489789485931396,-0.0013516852632164955,0.3015423119068146,0.19934025406837463,0.002922993851825595,0.998601496219635,0.007604166865348816,0.03235677257180214,0.7572833895683289,0.0537649467587471,0.5696431994438171,0.006302708759903908,0.551512598991394,-0.0071882265619933605,0.5053137540817261,0.044347770512104034,0.1560632288455963,0.8303129076957703,0.0,0.0,0.00337269832380116,0.2820775508880615,0.22479334473609924,0.003251388669013977,-9.604501974536106e-05,0.41045069694519043,0.04615137726068497,-0.028284288942813873,0.5106104612350464,0.029145102947950363,0.44481515884399414,0.5797078609466553,0.0,0.0,-0.009128831326961517,0.15485301613807678,0.12904813885688782,0.0007161641260609031,-5.488643000717275e-05,0.05609818920493126,0.013203796930611134,0.01080331951379776,0.5928659439086914,0.009870803914964199,0.548884391784668,0.6255310773849487,0.0,0.0,0.01483613345772028,-0.053536783903837204,0.6237589716911316,-0.018206221982836723,0.6475622653961182,-0.0024623707868158817,0.37195199728012085,0.07920495420694351,0.059659767895936966,0.8182510733604431,0.0,0.0,0.498929888010025,0.06544564664363861,0.5761275291442871,0.0069472091272473335,0.5595760345458984,-0.0020082162227481604,0.5068313479423523,0.03872750699520111,0.30367225408554077,0.7364252209663391,0.0,0.0,0.04980625584721565,0.26388055086135864,0.20819199085235596,0.0024374332278966904,-0.0005855534691363573,0.41043609380722046,0.04613126069307327,-0.02295518107712269,0.4984074532985687,0.02889844961464405,0.43702420592308044,0.5755458474159241,0.0,0.0,-0.0034402499441057444,0.11758847534656525,0.09780658781528473,0.0007056339527480304,-2.8641959943342954e-05,0.05610870569944382,0.013210204429924488,0.014345931820571423
internal256,2475_0.92_1.34.png,0.5809064507484436,0.01034968439489603,0.5431219339370728,0.6106834411621094,0.0,0.0,0.08108395338058472,-0.05629708617925644,0.6202750205993652,-0.019435172900557518,0.6464901566505432,-0.0013516852632164955,0.5768364071846008,0.32535889744758606,0.00789556186646223,0.9975103139877319,0.0022265624720603228,0.16388021409511566,0.9035691618919373,0.04895652085542679,0.6359562873840332,0.0112082464620471,0.6419442892074585,-0.0071882265619933605,0.5088021755218506,0.060653842985630035,0.21210193634033203,0.8232226371765137,0.0,0.0,-0.06398889422416687,0.3703744411468506,0.30891233682632446,0.0045068771578371525,0.0008705321233719587,0.44810381531715393,0.05114883929491043,-0.028284288942813873,0.5105070471763611,0.029298849403858185,0.44153672456741333,0.5749638080596924,0.0,0.0,-0.020813897252082825,0.1780259907245636,0.14629051089286804,0.0008120079291984439,-0.00012680779036600143,0.05911029502749443,0.010940618813037872,0.01080331951379776,0.5837514400482178,0.010245093144476414,0.5566055774688721,0.623353898525238,0.0,0.0,0.011946815997362137,-0.05367960035800934,0.6212973594665527,-0.018559783697128296,0.644790530204773,-0.0024623707868158817,0.4573180377483368,0.1186547800898552,0.08717786520719528,0.77882981300354,0.0,0.0,0.7034596800804138,0.06474572420120239,0.5936890840530396,0.00844205729663372,0.5844107270240784,-0.0020082162227481604,0.513256847858429,0.0650845468044281,0.2584609091281891,0.8012697100639343,0.0,0.0,0.06777472048997879,0.40639162063598633,0.3396751582622528,0.004040077794343233,-0.0008757688920013607,0.448075532913208,0.051158152520656586,-0.02295518107712269,0.4985308051109314,0.02867087349295616,0.4355999529361725,0.5763689279556274,0.0,0.0,-0.021103566512465477,0.13806737959384918,0.11941906064748764,0.0008637982537038624,-0.00016037577006500214,0.059109434485435486,0.010957728140056133,0.014345931820571423
internal256,2481_0.62_0.87.png,0.5755988955497742,0.009513859637081623,0.5377379059791565,0.6113425493240356,0.0,0.0,0.10390401631593704,-0.05637242645025253,0.6188610196113586,-0.019638611003756523,0.6448848843574524,-0.0013516852632164955,0.48236411809921265,0.27751076221466064,0.0036851607728749514,0.9990875720977783,0.0062369792722165585,0.07895833253860474,0.955065906047821,0.0506066270172596,0.6094036102294922,0.009524819441139698,0.6065691113471985,-0.0071882265619933605,0.5078046917915344,0.05746842175722122,0.18919487297534943,0.8255894780158997,0.0,0.0,-0.0551820769906044,0.36809447407722473,0.30364352464675903,0.004411659203469753,0.000755195738747716,0.5238538980484009,0.06211209297180176,-0.028284288942813873,0.5105302333831787,0.029189221560955048,0.4441298842430115,0.579658031463623,0.0,0.0,-0.026360327377915382,0.1614849865436554,0.13496269285678864,0.0007492814329452813,-0.00015753072511870414,0.07253134250640869,0.013620812445878983,0.01080331951379776,0.5796473622322083,0.009158042259514332,0.5506454110145569,0.6286540627479553,0.0,0.0,0.02321152575314045,-0.053743910044431686,0.6201940774917603,-0.018718985840678215,0.6435467600822449,-0.0024623707868158817,0.43173474073410034,0.09945109486579895,0.05521136522293091,0.803396999835968,0.0,0.0,0.6657015681266785,0.06495548784732819,0.587793231010437,0.007994066923856735,0.5761808156967163,-0.0020082162227481604,0.511856734752655,0.06032876670360565,0.24789513647556305,0.8047267198562622,0.0,0.0,0.0775531753897667,0.41838017106056213,0.3504498600959778,0.004164854995906353,-0.0009902269812300801,0.5238374471664429,0.06211085617542267,-0.02295518107712269,0.49846985936164856,0.028864266350865364,0.437375009059906,0.5766902565956116,0.0,0.0,-0.02194724790751934,0.13091161847114563,0.11327807605266571,0.0008193023968487978,-0.0001640015107113868,0.07254724949598312,0.013615729287266731,0.014345931820571423
internal256,2500_0.55_1.53.png,0.5793218016624451,0.010031846351921558,0.544083297252655,0.6013341546058655,0.0,0.0,0.09851310402154922,-0.05631958320736885,0.6198511719703674,-0.01949591189622879,0.6460092663764954,-0.0013516852632164955,0.44167715311050415,0.24381673336029053,0.01595606654882431,0.9969545602798462,0.00024739583022892475,0.06269531697034836,0.8774873614311218,0.051317282021045685,0.5976756811141968,0.008799807168543339,0.5907729268074036,-0.0071882265619933605,0.5071015357971191,0.051324788480997086,0.18980228900909424,0.8045265078544617,0.0,0.0,-0.034116230905056,0.3096854090690613,0.2488204538822174,0.003617608919739723,0.0004421990306582302,0.40024641156196594,0.04649394378066063,-0.028284288942813873,0.5104775428771973,0.029216177761554718,0.44368112087249756,0.578116238117218,0.0,0.0,-0.021619822829961777,0.15291082859039307,0.12707802653312683,0.0007045966340228915,-0.00012998715101275593,0.052617546170949936,0.01071796752512455,0.01080331951379776,0.5806558132171631,0.00856285821646452,0.5575409531593323,0.608187735080719,0.0,0.0,0.02497171424329281,-0.05372810363769531,0.6204601526260376,-0.018679866567254066,0.6438473463058472,-0.0024623707868158817,0.41674742102622986,0.0798121839761734,0.1368054449558258,0.7908411026000977,0.0,0.0,0.5582593083381653,0.06507837772369385,0.5842176079750061,0.007731623947620392,0.5711809396743774,-0.0020082162227481604,0.5089176297187805,0.04652858525514603,0.2926788032054901,0.7691523432731628,0.0,0.0,0.05580809339880943,0.32485148310661316,0.2622826099395752,0.0031064727809280157,-0.0007057936163619161,0.4002275764942169,0.04648222774267197,-0.02295518107712269,0.4984152913093567,0.029069986194372177,0.4401257336139679,0.5755205750465393,0.0,0.0,-0.012614184990525246,0.115616075694561,0.09606751799583435,0.0006922774482518435,-9.087129728868604e-05,0.052622973918914795,0.010726860724389553,0.014345931820571423
internal256,2529_0.77_0.68.png,0.5823026895523071,0.010680505074560642,0.5369132161140442,0.6098937392234802,0.0,0.0,0.05669861659407616,-0.05627726390957832,0.6206498146057129,-0.019381655380129814,0.646915078163147,-0.0013516852632164955,0.44187062978744507,0.2777726650238037,0.003418027888983488,0.9989959597587585,0.008020833134651184,0.06574218720197678,0.9112994074821472,0.05131390318274498,0.6012970209121704,0.008803256787359715,0.5954094529151917,-0.0071882265619933605,0.5074861645698547,0.05646825209259987,0.1634264439344406,0.8505160212516785,0.0,0.0,-0.04762018471956253,0.35557928681373596,0.2915264070034027,0.004236473701894283,0.0006363954162225127,0.4913092255592346,0.05003355070948601,-0.028284288942813873,0.5105977654457092,0.029202517122030258,0.4439350366592407,0.5825473070144653,0.0,0.0,-0.021070312708616257,0.16892439126968384,0.14170955121517181,0.0007867299718782306,-0.0001244778250111267,0.07203970104455948,0.011629286222159863,0.01080331951379776,0.5868512392044067,0.012442955747246742,0.5480950474739075,0.6241000294685364,0.0,0.0,0.01729256846010685,-0.05363103374838829,0.6221449971199036,-0.01843954063951969,0.6457437872886658,-0.0024623707868158817,0.4078325629234314,0.10279994457960129,0.06364354491233826,0.8377366662025452,0.0,0.0,0.6206063628196716,0.06515146791934967,0.5834169983863831,0.007575516123324633,0.5699414610862732,-0.0020082162227481604,0.5112774968147278,0.05860908329486847,0.2594594359397888,0.8118723630905151,0.0,0.0,0.06898492574691772,0.3880135715007782,0.31874436140060425,0.0037831354420632124,-0.0008650001254864037,0.49127331376075745,0.05003731697797775,-0.02295518107712269,0.49849727749824524,0.028741031885147095,0.43750229477882385,0.576688826084137,0.0,0.0,-0.01852286607027054,0.13627120852470398,0.11823315918445587,0.0008562777657061815,-0.00014243139594327658,0.07203385978937149,0.011627302505075932,0.014345931820571423
internal256,252_0.98_1.73.png,0.5951401591300964,0.009995797649025917,0.5605159401893616,0.6174838542938232,0.0,0.0,0.000919351470656693,-0.05609504505991936,0.6241139769554138,-0.018889591097831726,0.650837242603302,-0.0013516852632164955,0.5991873741149902,0.3143669664859772,0.015857873484492302,0.9882460236549377,0.0015717456117272377,0.250808984041214,0.9028519988059998,0.04856612905859947,0.6399490237236023,0.01160652656108141,0.6473701596260071,-0.0071882265619933605,0.5032582879066467,0.03372373804450035,0.3276278078556061,0.6672735214233398,0.0,0.0,0.03140238672494888,0.25754016637802124,0.20574446022510529,0.002939738566055894,-0.0004410414840094745,0.369386225938797,0.05481737479567528,-0.028284288942813873,0.5103251338005066,0.02958078682422638,0.4423202574253082,0.5681453943252563,0.0,0.0,-0.00028203806141391397,0.16939935088157654,0.14038535952568054,0.0007753655081614852,-1.714322752377484e-05,0.046959348022937775,0.012963253073394299,0.01080331951379776,0.6003945469856262,0.009208262898027897,0.5701978206634521,0.625214159488678,0.0,0.0,0.0003430882643442601,-0.05341881513595581,0.6258177757263184,-0.01791417971253395,0.6498751044273376,-0.0024623707868158817,0.47127726674079895,0.09220165014266968,0.17034530639648438,0.693903923034668,0.0,0.0,0.6174023151397705,0.06463128328323364,0.5954129099845886,0.008686496876180172,0.5869427919387817,-0.0020082162227481604,0.5055824518203735,0.03566427528858185,0.2971760332584381,0.7314549684524536,0.0,0.0,0.03192901238799095,0.25699755549430847,0.2065754532814026,0.002414257964119315,-0.00035248667700216174,0.36936694383621216,0.05483050271868706,-0.02295518107712269,0.49801698327064514,0.02899516187608242,0.44079095125198364,0.5689905285835266,0.0,0.0,0.0020304375793784857,0.13484932482242584,0.11166469752788544,0.0007999484660103917,1.8167640519095585e-05,0.04694570600986481,0.0129822613671422,0.014345931820571423
internal256,2542_0.7_1.52.png,0.5898603796958923,0.00982617400586605,0.5376738905906677,0.6094151735305786,0.0,0.0,0.034920573234558105,-0.05616998299956322,0.6226779818534851,-0.019091971218585968,0.6492135524749756,-0.0013516852632164955,0.34613311290740967,0.17130732536315918,0.013771291822195053,0.9991389513015747,0.0015364583814516664,0.027031250298023224,0.7537934184074402,0.05298610031604767,0.5743093490600586,0.007097282446920872,0.5585818886756897,-0.0071882265619933605,0.5059276223182678,0.04576366767287254,0.16006270051002502,0.8676769733428955,0.0,0.0,-0.004376709461212158,0.2823881506919861,0.22544677555561066,0.0032704761251807213,8.841653652780224e-06,0.422852486371994,0.0456949882209301,-0.028284288942813873,0.5105706453323364,0.02925236150622368,0.4441443085670471,0.5795596837997437,0.0,0.0,-0.0032878899946808815,0.15217311680316925,0.1261025369167328,0.0006985788932070136,-2.5651150281191804e-05,0.05395754054188728,0.012335671111941338,0.01080331951379776,0.5918825268745422,0.009205330163240433,0.5526067614555359,0.615669846534729,0.0,0.0,0.014256183058023453,-0.05355219542980194,0.6234878897666931,-0.018244368955492973,0.6472578644752502,-0.0024623707868158817,0.3948816657066345,0.06970757246017456,0.11949142813682556,0.8360785245895386,0.0,0.0,0.442554235458374,0.06525764614343643,0.5798770785331726,0.007348731625825167,0.5650122761726379,-0.0020082162227481604,0.5072492361068726,0.04071418568491936,0.2983960807323456,0.7480699419975281,0.0,0.0,0.054346270859241486,0.2764913737773895,0.21987417340278625,0.0025817137211561203,-0.0006452137604355812,0.4228651523590088,0.045684002339839935,-0.02295518107712269,0.4983689486980438,0.028943030163645744,0.43763697147369385,0.5755736827850342,0.0,0.0,-0.002093828283250332,0.12187252938747406,0.10012344270944595,0.0007206970476545393,-1.858415998867713e-05,0.05396682769060135,0.012351039797067642,0.014345931820571423
internal256,2552_0.55_0.61.png,0.5750605463981628,0.01249226089566946,0.5346578359603882,0.6089264154434204,0.0,0.0,0.17563992738723755,-0.05638007074594498,0.6187371015548706,-0.019659245386719704,0.6447412967681885,-0.0013516852632164955,0.5729799270629883,0.3344036638736725,0.006110988557338715,0.9974141120910645,0.0043359375558793545,0.16484375298023224,0.8894008994102478,0.049023885279893875,0.6361911296844482,0.011139527894556522,0.6421651840209961,-0.0071882265619933605,0.5089384913444519,0.06365352869033813,0.1284976303577423,0.8425490856170654,0.0,0.0,-0.07246621698141098,0.39758825302124023,0.33254361152648926,0.004838945809751749,0.0010107246926054358,0.41939103603363037,0.048776887357234955,-0.028284288942813873,0.5105124115943909,0.029328670352697372,0.44243964552879333,0.5808328986167908,0.0,0.0,-0.02941158041357994,0.18895728886127472,0.1586058884859085,0.0008798824856057763,-0.00017436397320125252,0.05772649124264717,0.00923167448490858,0.01080331951379776,0.5803936123847961,0.012046555988490582,0.5532819628715515,0.6219823956489563,0.0,0.0,0.01125413365662098,-0.053732212632894516,0.620410144329071,-0.018690036609768867,0.6437882781028748,-0.0024623707868158817,0.44873619079589844,0.11652998626232147,0.06660579144954681,0.7922002077102661,0.0,0.0,0.715843915939331,0.06481610238552094,0.5918715596199036,0.008291780017316341,0.5818634629249573,-0.0020082162227481604,0.5140605568885803,0.07163717597723007,0.2652745544910431,0.8097732663154602,0.0,0.0,0.07000692933797836,0.44881802797317505,0.3756309151649475,0.004482143092900515,-0.0009249993599951267,0.41935721039772034,0.04880934953689575,-0.02295518107712269,0.49842551350593567,0.028839927166700363,0.4341529607772827,0.5795961618423462,0.0,0.0,-0.026980947703123093,0.14381404221057892,0.12622927129268646,0.0009147202945314348,-0.00020381735521368682,0.05771408975124359,0.009232768788933754,0.014345931820571423
internal256,2568_0.6_1.1.png,0.5784452557563782,0.013300769962370396,0.5429087281227112,0.6071526408195496,0.0,0.0,0.16478310525417328,-0.056332021951675415,0.6196393966674805,-0.019529512152075768,0.6457657814025879,-0.0013516852632164955,0.5036977529525757,0.339068204164505,0.00527142034843564,0.9971625208854675,0.007864583283662796,0.05364583432674408,0.8589474558830261,0.05023399740457535,0.6213610172271729,0.009904968552291393,0.6221532225608826,-0.0071882265619933605,0.5077271461486816,0.05733625218272209,0.18186336755752563,0.8211864233016968,0.0,0.0,-0.05442702770233154,0.3684065639972687,0.30069732666015625,0.004367708694189787,0.0007484485977329314,0.46604326367378235,0.051841218024492264,-0.028284288942813873,0.5105220675468445,0.02928764373064041,0.4440566301345825,0.5766394138336182,0.0,0.0,-0.027693329378962517,0.17699415981769562,0.14812615513801575,0.0008214223780669272,-0.0001630098558962345,0.07055485248565674,0.011190392076969147,0.01080331951379776,0.5838423371315002,0.014338354580104351,0.5556411147117615,0.6238861083984375,0.0,0.0,0.013592368923127651,-0.053678177297115326,0.6213498115539551,-0.018556255847215652,0.644845724105835,-0.0024623707868158817,0.42134547233581543,0.11592377722263336,0.1126103475689888,0.776561439037323,0.0,0.0,0.6753515601158142,0.06504067778587341,0.5865310430526733,0.007812140975147486,0.5743102431297302,-0.0020082162227481604,0.5110237002372742,0.059743814170360565,0.25441232323646545,0.8190434575080872,0.0,0.0,0.06495393812656403,0.40397849678993225,0.33126935362815857,0.003936665132641792,-0.0008321601198986173,0.46597301959991455,0.05174235999584198,-0.02295518107712269,0.49841827154159546,0.028927091509103775,0.43954697251319885,0.5763946771621704,0.0,0.0,-0.022622378543019295,0.1337100863456726,0.11534541100263596,0.0008342374349012971,-0.0001690247154328972,0.07054366171360016,0.011194347403943539,0.014345931820571423
internal256,2571_0.85_1.0.png,0.589073657989502,0.010310516692698002,0.5372399687767029,0.6144016981124878,0.0,0.0,0.03557923808693886,-0.0561811588704586,0.6224678754806519,-0.01912212371826172,0.6489753723144531,-0.0013516852632164955,0.40137287974357605,0.22900865972042084,0.02274581789970398,0.9989226460456848,0.0016796875279396772,0.04085937514901161,0.8897820711135864,0.05202125757932663,0.5886480808258057,0.008081615902483463,0.5783346891403198,-0.0071882265619933605,0.5064868927001953,0.049662020057439804,0.1688004583120346,0.8351324200630188,0.0,0.0,-0.025978151708841324,0.3030582666397095,0.2443501055240631,0.003544237231835723,0.00032452255254611373,0.44934597611427307,0.04621608182787895,-0.028284288942813873,0.510658860206604,0.02926117368042469,0.4435650408267975,0.5830060243606567,0.0,0.0,-0.010418503545224667,0.16150055825710297,0.1341284215450287,0.0007443676586262882,-6.429410859709606e-05,0.06143420189619064,0.011606101877987385,0.01080331951379776,0.5931240916252136,0.012235051020979881,0.548214316368103,0.6192510724067688,0.0,0.0,0.01611359603703022,-0.05353274196386337,0.623843789100647,-0.018196208402514458,0.6476556062698364,-0.0024623707868158817,0.39767253398895264,0.08530809730291367,0.09867337346076965,0.8305845260620117,0.0,0.0,0.5767490267753601,0.06523477286100388,0.580880880355835,0.007397602777928114,0.566392719745636,-0.0020082162227481604,0.5089030265808105,0.0461948998272419,0.2921363115310669,0.7550877332687378,0.0,0.0,0.059180356562137604,0.3066125810146332,0.24662379920482635,0.0029067068826407194,-0.0007141731912270188,0.4493691623210907,0.046206094324588776,-0.02295518107712269,0.498315691947937,0.02890726923942566,0.4362364411354065,0.576562225818634,0.0,0.0,-0.008992225863039494,0.12905777990818024,0.10877855867147446,0.0007857781019993126,-7.19547679182142e-05,0.0614393875002861,0.01160693820565939,0.014345931820571423
internal256,2575_0.53_1.08.png,0.5803634524345398,0.011313187889754772,0.5477655529975891,0.6047126650810242,0.0,0.0,0.1203952208161354,-0.05630479380488396,0.6201361417770386,-0.019455984234809875,0.6463316679000854,-0.0013516852632164955,0.42877665162086487,0.2789476811885834,0.010816219262778759,0.9957833290100098,0.0012109375093132257,0.13679687678813934,0.8263300061225891,0.051542606204748154,0.5989171266555786,0.008569932542741299,0.5920950770378113,-0.0071882265619933605,0.507507860660553,0.05566241219639778,0.16916485130786896,0.8173950910568237,0.0,0.0,-0.038854897022247314,0.3337729573249817,0.2673977315425873,0.003890044754371047,0.0005155811086297035,0.36577269434928894,0.04722464457154274,-0.028284288942813873,0.5105224251747131,0.02924857661128044,0.4430684447288513,0.577354907989502,0.0,0.0,-0.020225930958986282,0.16339968144893646,0.13421107828617096,0.0007439586333930492,-0.00012120883184252307,0.049107182770967484,0.009716542437672615,0.01080331951379776,0.5832968354225159,0.008966829627752304,0.5553944110870361,0.6116142868995667,0.0,0.0,0.011154397390782833,-0.053686726838350296,0.6211686134338379,-0.018577421084046364,0.6446462869644165,-0.0024623707868158817,0.41895225644111633,0.10302060097455978,0.10158806294202805,0.7624142169952393,0.0,0.0,0.5653999447822571,0.06506029516458511,0.5855016708374023,0.007770233321934938,0.5729111433029175,-0.0020082162227481604,0.5101277828216553,0.0540277324616909,0.2532711327075958,0.8224047422409058,0.0,0.0,0.05283774808049202,0.35290518403053284,0.28153714537620544,0.0033365918789058924,-0.0006828272598795593,0.3657791316509247,0.04722083359956741,-0.02295518107712269,0.4983881711959839,0.028986744582653046,0.44040438532829285,0.5753541588783264,0.0,0.0,-0.01405113935470581,0.12729071080684662,0.10526814311742783,0.0007600837270729244,-0.00010537738853599876,0.049116525799036026,0.009723300114274025,0.014345931820571423
internal256,2580_0.77_1.33.png,0.5880364775657654,0.01172594539821148,0.5449286699295044,0.6113256216049194,0.0,0.0,0.03329306095838547,-0.056195877492427826,0.6221964359283447,-0.019161876291036606,0.6486667990684509,-0.0013516852632164955,0.5078359842300415,0.21857230365276337,0.02872438170015812,0.9971522092819214,0.00014322917559184134,0.034322917461395264,0.9214633703231812,0.05016171932220459,0.6090013384819031,0.009978710673749447,0.6065725088119507,-0.0071882265619933605,0.5075245499610901,0.05415131524205208,0.1972026824951172,0.8206307888031006,0.0,0.0,-0.038857974112033844,0.3315412402153015,0.2647906541824341,0.0038524498231709003,0.0005087353056296706,0.4023803472518921,0.04634172096848488,-0.028284288942813873,0.5105138421058655,0.029332006350159645,0.44490984082221985,0.5759848952293396,0.0,0.0,-0.011622140184044838,0.16484665870666504,0.1364690661430359,0.0007561586680822074,-7.505807298002765e-05,0.05261656641960144,0.010536421090364456,0.01080331951379776,0.5892948508262634,0.01117356214672327,0.5530675053596497,0.6176329255104065,0.0,0.0,0.010954340919852257,-0.0535927414894104,0.6227969527244568,-0.01834474876523018,0.6464790105819702,-0.0024623707868158817,0.4305339753627777,0.06670727580785751,0.17007970809936523,0.7791340947151184,0.0,0.0,0.48634564876556396,0.06496533751487732,0.5864517688751221,0.007973040454089642,0.5743998289108276,-0.0020082162227481604,0.5102202296257019,0.05663522705435753,0.2516462802886963,0.8117246031761169,0.0,0.0,0.05876220390200615,0.3444848954677582,0.2721787691116333,0.0032289554364979267,-0.000740761635825038,0.40239080786705017,0.046370264142751694,-0.02295518107712269,0.49831077456474304,0.02901834435760975,0.4403268098831177,0.5716798901557922,0.0,0.0,-0.011193337850272655,0.13213364779949188,0.1086522564291954,0.0007835667347535491,-8.607035124441609e-05,0.05261627212166786,0.010546769015491009,0.014345931820571423
internal256,2581_0.79_1.95.png,0.5810807943344116,0.010548667050898075,0.5471804141998291,0.6130179166793823,0.0,0.0,0.07346805185079575,-0.05629461258649826,0.6203227043151855,-0.019428491592407227,0.6465440988540649,-0.0013516852632164955,0.659019410610199,0.27041834592819214,0.012806225568056107,0.9989169836044312,0.002526041818782687,0.06997396051883698,0.9159631133079529,0.04752106964588165,0.6501502990722656,0.012672689743340015,0.6612199544906616,-0.0071882265619933605,0.5070918798446655,0.051085472106933594,0.1712856888771057,0.8217015266418457,0.0,0.0,-0.04138289391994476,0.2956596612930298,0.24046878516674042,0.0034940557088702917,0.0005614054389297962,0.4082185924053192,0.04901556298136711,-0.028284288942813873,0.5103846192359924,0.029421480372548103,0.4439638555049896,0.5763294696807861,0.0,0.0,-0.02150573581457138,0.17204537987709045,0.14117315411567688,0.0007826848886907101,-0.00013330076762940735,0.055356040596961975,0.01198558695614338,0.01080331951379776,0.5835269093513489,0.011402705684304237,0.5611158013343811,0.6191728115081787,0.0,0.0,0.0017490682657808065,-0.053683117032051086,0.6212441325187683,-0.0185684934258461,0.6447295546531677,-0.0024623707868158817,0.4587959349155426,0.08743495494127274,0.1035885140299797,0.8051350712776184,0.0,0.0,0.6395350694656372,0.06473361700773239,0.5926886200904846,0.008467936888337135,0.583137571811676,-0.0020082162227481604,0.5080527067184448,0.04299219325184822,0.30545780062675476,0.7203103303909302,0.0,0.0,0.054391805082559586,0.3281085193157196,0.26883265376091003,0.0031736702658236027,-0.0006817858666181564,0.408174604177475,0.04899196699261665,-0.02295518107712269,0.4984981417655945,0.028925340622663498,0.43900537490844727,0.5761789083480835,0.0,0.0,-0.014712614007294178,0.12009669840335846,0.099265918135643,0.0007140793022699654,-0.00010406929504824802,0.05535357445478439,0.01198469940572977,0.014345931820571423
internal256,2584_0.84_1.66.png,0.5823883414268494,0.010729821398854256,0.5470899939537048,0.6149911880493164,0.0,0.0,0.06998644769191742,-0.056276049464941025,0.6206730008125305,-0.01937837339937687,0.6469413042068481,-0.0013516852632164955,0.6681348085403442,0.28164029121398926,0.012280624359846115,0.9987793564796448,0.002838541753590107,0.12501302361488342,0.9102163910865784,0.04736185818910599,0.6536861658096313,0.012835117056965828,0.6657853126525879,-0.0071882265619933605,0.5071855783462524,0.051854658871889114,0.16908851265907288,0.8255940675735474,0.0,0.0,-0.044629938900470734,0.29822617769241333,0.2433360368013382,0.003536378964781761,0.0006086060311645269,0.41351208090782166,0.0479966476559639,-0.028284288942813873,0.5104329586029053,0.029445167630910873,0.44416558742523193,0.5772786140441895,0.0,0.0,-0.02035791426897049,0.17304697632789612,0.1419917643070221,0.000787041790317744,-0.00012642813089769334,0.05759669095277786,0.011433806270360947,0.01080331951379776,0.585096538066864,0.011424817144870758,0.5602095127105713,0.6201249957084656,0.0,0.0,0.0028259612154215574,-0.05365852639079094,0.6216657757759094,-0.01850760541856289,0.6452047824859619,-0.0024623707868158817,0.4638880491256714,0.09500730037689209,0.10213726758956909,0.7997987270355225,0.0,0.0,0.6609656810760498,0.06469187140464783,0.5940021276473999,0.00855710543692112,0.5849541425704956,-0.0020082162227481604,0.5084843039512634,0.04447031021118164,0.3039484918117523,0.7310035228729248,0.0,0.0,0.05384979397058487,0.3290747106075287,0.2694344222545624,0.003183419583365321,-0.0006737200310453773,0.41345101594924927,0.047982338815927505,-0.02295518107712269,0.49843475222587585,0.028885187581181526,0.43886426091194153,0.5758527517318726,0.0,0.0,-0.015927553176879883,0.12311431020498276,0.10202085226774216,0.0007343475008383393,-0.00011535709199961275,0.057591330260038376,0.011433728970587254,0.014345931820571423
internal256,2587_0.67_1.68.png,0.5912436246871948,0.010728150606155396,0.5443690419197083,0.610816478729248,0.0,0.0,0.03838813304901123,-0.05615035444498062,0.6230579018592834,-0.01903894916176796,0.6496427059173584,-0.0013516852632164955,0.34905657172203064,0.22982953488826752,0.01419671531766653,0.9983651041984558,0.0032291668467223644,0.046367187052965164,0.7956079840660095,0.05293503776192665,0.5797200202941895,0.007149375509470701,0.5656745433807373,-0.0071882265619933605,0.5055257081985474,0.04670106992125511,0.16148702800273895,0.827042281627655,0.0,0.0,-0.01992655172944069,0.29333534836769104,0.232537642121315,0.0033595492132008076,0.0002477190864738077,0.4280198812484741,0.04489784315228462,-0.028284288942813873,0.5107362270355225,0.029316436499357224,0.4441871643066406,0.575344979763031,0.0,0.0,-0.012111217714846134,0.16823023557662964,0.14002037048339844,0.0007768527138978243,-7.085574907250702e-05,0.06935720145702362,0.010969697497785091,0.01080331951379776,0.598023533821106,0.011758223176002502,0.5581263303756714,0.6289886832237244,0.0,0.0,0.015023240819573402,-0.05345596373081207,0.6251804232597351,-0.01800614967942238,0.6491578221321106,-0.0024623707868158817,0.3759758472442627,0.08640681207180023,0.10713233798742294,0.7993407249450684,0.0,0.0,0.5464343428611755,0.06541265547275543,0.5770705938339233,0.007017671596258879,0.5609077215194702,-0.0020082162227481604,0.508059024810791,0.04456514120101929,0.26368170976638794,0.8025493621826172,0.0,0.0,0.04799855500459671,0.2924657464027405,0.22928446531295776,0.002699375618249178,-0.0005739114712923765,0.42802873253822327,0.04490077123045921,-0.02295518107712269,0.49818524718284607,0.02896302379667759,0.4369587302207947,0.5759735107421875,0.0,0.0,-0.009996417909860611,0.1360694319009781,0.11522825062274933,0.0008333963342010975,-8.099288970697671e-05,0.06937679648399353,0.010975631885230541,0.014345931820571423
internal256,2611_0.79_0.73.png,0.587407112121582,0.012103677727282047,0.5435726642608643,0.6153297424316406,0.0,0.0,0.045088429003953934,-0.05620481073856354,0.622029185295105,-0.019186001271009445,0.6484771370887756,-0.0013516852632164955,0.4642907679080963,0.3127184510231018,0.0015559692401438951,0.9983066320419312,0.006523437798023224,0.10930989682674408,0.8950933218002319,0.05092230439186096,0.609852135181427,0.009202766232192516,0.606774628162384,-0.0071882265619933605,0.5058696866035461,0.047800369560718536,0.1745835542678833,0.8409262895584106,0.0,0.0,-0.027654120698571205,0.30289775133132935,0.24281640350818634,0.003512091003358364,0.00036476305103860795,0.48120978474617004,0.05306380242109299,-0.028284288942813873,0.5106567740440369,0.029320690780878067,0.44306817650794983,0.5812925100326538,0.0,0.0,-0.014789960347115993,0.1680920422077179,0.13897551596164703,0.0007709490018896759,-8.937966777011752e-05,0.07419568300247192,0.013103561475872993,0.01080331951379776,0.5933567881584167,0.012829829007387161,0.5527512431144714,0.6361565589904785,0.0,0.0,0.017101814970374107,-0.05352909862995148,0.6239113211631775,-0.018187180161476135,0.6477310061454773,-0.0024623707868158817,0.4123342037200928,0.10823574662208557,0.04466905817389488,0.8161786794662476,1.302083364862483e-05,0.0,0.6754159927368164,0.06511455774307251,0.5844870805740356,0.007654344197362661,0.5714409351348877,-0.0020082162227481604,0.5080636143684387,0.04342107102274895,0.2766284942626953,0.7464319467544556,0.0,0.0,0.0535217821598053,0.30867457389831543,0.24770808219909668,0.0029169791378080845,-0.0006454542744904757,0.4811761677265167,0.05306977033615112,-0.02295518107712269,0.498258113861084,0.02894948609173298,0.43635445833206177,0.5770753026008606,0.0,0.0,-0.01187384594231844,0.13004469871520996,0.10957830399274826,0.0007915260503068566,-9.235707693733275e-05,0.07419531792402267,0.01310326810926199,0.014345931820571423
internal256,2619_0.78_1.48.png,0.5850715041160583,0.010593383572995663,0.543210506439209,0.6149346828460693,0.0,0.0,0.03895564004778862,-0.05623796582221985,0.6213911771774292,-0.019275521859526634,0.6477557420730591,-0.0013516852632164955,0.4622857868671417,0.20934638381004333,0.006703399587422609,0.9981003403663635,0.0013932292349636555,0.03463541716337204,0.9031974077224731,0.050957322120666504,0.5986136794090271,0.009167037904262543,0.592400074005127,-0.0071882265619933605,0.506965160369873,0.051183637231588364,0.18748517334461212,0.8351410031318665,0.0,0.0,-0.03162115439772606,0.3107552230358124,0.24782593548297882,0.0036027266178280115,0.00040635588811710477,0.4691503047943115,0.05094869062304497,-0.028284288942813873,0.5105957984924316,0.02932535856962204,0.44465675950050354,0.5768153071403503,0.0,0.0,-0.010040591470897198,0.15503589808940887,0.12837883830070496,0.0007111745071597397,-6.610686978092417e-05,0.06098083779215813,0.012478351593017578,0.01080331951379776,0.5874140858650208,0.010120541788637638,0.5508176684379578,0.6305886507034302,0.0,0.0,0.013652150519192219,-0.053622208535671234,0.6222822666168213,-0.018417708575725555,0.6459004282951355,-0.0024623707868158817,0.420413076877594,0.07158125191926956,0.12434118241071701,0.8010507822036743,0.0,0.0,0.519463300704956,0.06504832208156586,0.5846542119979858,0.0077958134934306145,0.5718311071395874,-0.0020082162227481604,0.5092838406562805,0.05053199082612991,0.23032578825950623,0.82514888048172,0.0,0.0,0.06505168229341507,0.3275190591812134,0.26168549060821533,0.003096136264503002,-0.0007997603388503194,0.46918752789497375,0.05098426342010498,-0.02295518107712269,0.49819448590278625,0.029038310050964355,0.4407268166542053,0.573089063167572,0.0,0.0,-0.008437538519501686,0.12828852236270905,0.10686607658863068,0.0007703203009441495,-6.477432907558978e-05,0.060988567769527435,0.012487920932471752,0.014345931820571423
internal256,2627_0.78_1.93.png,0.5821744799613953,0.009181320667266846,0.5403270721435547,0.614205539226532,0.0,0.0,0.047417085617780685,-0.05627908930182457,0.6206071972846985,-0.019386570900678635,0.6468679308891296,-0.0013516852632164955,0.5813785791397095,0.3012515902519226,0.0032988644670695066,0.9989135265350342,0.008203125558793545,0.07140625268220901,0.9377908706665039,0.04887718707323074,0.6341435313224792,0.011289187707006931,0.6397578120231628,-0.0071882265619933605,0.5072946548461914,0.05329935997724533,0.1540442705154419,0.8678351044654846,0.0,0.0,-0.04093329235911369,0.3148750066757202,0.2561502158641815,0.0037247666623443365,0.0005449347081594169,0.46712449193000793,0.05155931040644646,-0.028284288942813873,0.5104420185089111,0.02929949201643467,0.44178423285484314,0.5824982523918152,0.0,0.0,-0.02132744900882244,0.16562947630882263,0.13713788986206055,0.0007605082355439663,-0.00012993757263757288,0.06387845426797867,0.013218467123806477,0.01080331951379776,0.5852165222167969,0.011370467953383923,0.5578014254570007,0.6307798624038696,0.0,0.0,0.009832784533500671,-0.05365664139389992,0.621697723865509,-0.01850295066833496,0.6452407836914062,-0.0024623707868158817,0.4404430687427521,0.10337888449430466,0.07753610610961914,0.816262423992157,0.0,0.0,0.6824866533279419,0.06488408893346786,0.5896492600440979,0.00814655888825655,0.578789472579956,-0.0020082162227481604,0.5091068148612976,0.047046903520822525,0.2790070176124573,0.7428929209709167,0.0,0.0,0.06122664362192154,0.3503012955188751,0.2894664704799652,0.0034219170920550823,-0.0007632254855707288,0.46704235672950745,0.0515579953789711,-0.02295518107712269,0.49853211641311646,0.02877761237323284,0.43916580080986023,0.5747913122177124,0.0,0.0,-0.01586041785776615,0.12317175418138504,0.10367710143327713,0.0007474902085959911,-0.00011596617696341127,0.0638735443353653,0.01322627067565918,0.014345931820571423
internal256,2637_0.97_1.92.png,0.5889102220535278,0.010554157197475433,0.5483300089836121,0.6216706037521362,0.0,0.0,0.016660356894135475,-0.05618347227573395,0.6224251389503479,-0.019128385931253433,0.6489267945289612,-0.0013516852632164955,0.7361523509025574,0.27347278594970703,0.01733427308499813,0.9959408044815063,0.0010546875419095159,0.23718750476837158,0.8241545557975769,0.046173833310604095,0.6713137030601501,0.014047141186892986,0.6888390183448792,-0.0071882265619933605,0.5072991847991943,0.051821041852235794,0.1661766767501831,0.8665980696678162,0.0,0.0,-0.03720919415354729,0.293285071849823,0.236210435628891,0.003436917904764414,0.0005046579171903431,0.4241081476211548,0.053482960909605026,-0.028284288942813873,0.5103563666343689,0.029558390378952026,0.44261816143989563,0.5775063633918762,0.0,0.0,-0.012299329973757267,0.18097643554210663,0.14752985537052155,0.0008162091253325343,-8.369338320335373e-05,0.05455795302987099,0.01404152624309063,0.01080331951379776,0.5904247164726257,0.010355792008340359,0.5593711733818054,0.6316327452659607,0.0,0.0,0.004383905790746212,-0.05357503518462181,0.6230981945991516,-0.018300916999578476,0.6468186974525452,-0.0024623707868158817,0.5022732615470886,0.09767548739910126,0.14165066182613373,0.7833002805709839,0.0,0.0,0.6713435053825378,0.06437714397907257,0.6021767258644104,0.009229267947375774,0.5963543653488159,-0.0020082162227481604,0.5089215636253357,0.04722323641180992,0.26056328415870667,0.8057947754859924,0.0,0.0,0.04654967039823532,0.31524425745010376,0.25527825951576233,0.003009951673448086,-0.0005756839527748525,0.424035906791687,0.05348004773259163,-0.02295518107712269,0.4983663558959961,0.028873397037386894,0.4399048089981079,0.5750702023506165,0.0,0.0,-0.01316781435161829,0.1316487044095993,0.10847339779138565,0.0007788711227476597,-9.624342055758461e-05,0.05455003306269646,0.014057258144021034,0.014345931820571423
internal256,2646_0.82_1.47.png,0.5845448970794678,0.009656885638833046,0.5478112697601318,0.6143614649772644,0.0,0.0,0.021312275901436806,-0.05624544247984886,0.6212445497512817,-0.01929570734500885,0.6475902795791626,-0.0013516852632164955,0.578857421875,0.223493292927742,0.018697107210755348,0.9959546327590942,0.001757812569849193,0.036536458879709244,0.9325765371322632,0.04892122745513916,0.6256849765777588,0.01124426070600748,0.6290799975395203,-0.0071882265619933605,0.5081499218940735,0.05726287141442299,0.17723901569843292,0.8227224946022034,0.0,0.0,-0.056076351553201675,0.3491379916667938,0.2838693857192993,0.004134131595492363,0.0007597692892886698,0.44295939803123474,0.0512092299759388,-0.028284288942813873,0.510464608669281,0.029338596388697624,0.4436275362968445,0.5734601020812988,0.0,0.0,-0.016742529347538948,0.16729135811328888,0.13874758780002594,0.0007691827486269176,-0.0001059983333107084,0.05594364181160927,0.011523631401360035,0.01080331951379776,0.5856692790985107,0.010450632311403751,0.557701051235199,0.6250516176223755,0.0,0.0,0.0051260036416351795,-0.053649548441171646,0.621813952922821,-0.01848539151251316,0.6453725695610046,-0.0024623707868158817,0.4480060935020447,0.06707050651311874,0.15025901794433594,0.7832816243171692,0.0,0.0,0.5196529030799866,0.06482208520174026,0.5898860692977905,0.00827899482101202,0.5792567729949951,-0.0020082162227481604,0.5113109350204468,0.06107236072421074,0.2566414773464203,0.8144587874412537,0.0,0.0,0.06487751752138138,0.3776646852493286,0.3052562177181244,0.003623302560299635,-0.0008278922759927809,0.44295787811279297,0.05123011767864227,-0.02295518107712269,0.4983730614185333,0.028970157727599144,0.4405944347381592,0.5722029805183411,0.0,0.0,-0.01586899533867836,0.13468194007873535,0.11178991943597794,0.0008066123118624091,-0.00011912279296666384,0.055941734462976456,0.011536681093275547,0.014345931820571423
internal256,2664_0.64_0.83.png,0.583338737487793,0.01200233306735754,0.5409146547317505,0.6085126399993896,0.0,0.0,0.11084643751382828,-0.056262556463479996,0.6209353804588318,-0.01934194378554821,0.6472376585006714,-0.0013516852632164955,0.4305730164051056,0.3096486032009125,0.012456297874450684,0.9985789060592651,0.003893229179084301,0.13886718451976776,0.8747334480285645,0.05151123180985451,0.6029049158096313,0.008601940236985683,0.5972320437431335,-0.0071882265619933605,0.5061474442481995,0.05111444368958473,0.1693589836359024,0.8307825326919556,0.0,0.0,-0.03303316608071327,0.3208804428577423,0.2587569057941437,0.0037460527382791042,0.00044557280489243567,0.5036347508430481,0.05727655068039894,-0.028284288942813873,0.5106198191642761,0.029270822182297707,0.44272878766059875,0.5786527991294861,0.0,0.0,-0.02094164676964283,0.1668660193681717,0.1389693021774292,0.0007706295582465827,-0.00012335598876234144,0.08011197298765182,0.013476661406457424,0.01080331951379776,0.5896533131599426,0.011745326220989227,0.5544032454490662,0.6230394244194031,0.0,0.0,0.013592368923127651,-0.05358712747693062,0.6228976845741272,-0.01833084225654602,0.64659184217453,-0.0024623707868158817,0.4072759747505188,0.1186639741063118,0.1285865604877472,0.7968353629112244,0.0,0.0,0.6779769062995911,0.06515602022409439,0.5840350985527039,0.007565768901258707,0.5707408785820007,-0.0020082162227481604,0.5081185102462769,0.04431316629052162,0.2901434302330017,0.7758181095123291,0.0,0.0,0.054347701370716095,0.3445243835449219,0.2800496816635132,0.003301831427961588,-0.0006661263178102672,0.5036113858222961,0.057306330651044846,-0.02295518107712269,0.4984223544597626,0.028803635388612747,0.43819954991340637,0.5743976831436157,0.0,0.0,-0.016090424731373787,0.12948070466518402,0.11082112789154053,0.0008011992322281003,-0.00012240218347869813,0.08011002838611603,0.013471519574522972,0.014345931820571423
internal256,2667_0.94_1.11.png,0.587149977684021,0.013693010434508324,0.5409435629844666,0.6188923716545105,0.0,0.0,0.07547562569379807,-0.05620846524834633,0.6219712495803833,-0.019195858389139175,0.648409903049469,-0.0013516852632164955,0.5338873863220215,0.31245341897010803,0.005641229450702667,0.998108983039856,0.0032161460258066654,0.19877605140209198,0.8972154259681702,0.04970669373869896,0.6245442628860474,0.010442927479743958,0.626764714717865,-0.0071882265619933605,0.5073123574256897,0.05582018569111824,0.18672388792037964,0.8329251408576965,0.0,0.0,-0.04365139082074165,0.3409460484981537,0.27611202001571655,0.004012321121990681,0.0005922462441958487,0.48754867911338806,0.05925758555531502,-0.028284288942813873,0.5105535984039307,0.0294030774384737,0.44130566716194153,0.576883852481842,0.0,0.0,-0.015108427032828331,0.177003875374794,0.1457856446504593,0.0008080950938165188,-9.41589823924005e-05,0.07538142800331116,0.014166077598929405,0.01080331951379776,0.5912654995918274,0.012434415519237518,0.5536215901374817,0.6318621039390564,0.0,0.0,0.014899439178407192,-0.05356185883283615,0.6233395338058472,-0.01826830953359604,0.6470884680747986,-0.0024623707868158817,0.4524502754211426,0.12437552213668823,0.08847479522228241,0.8051511645317078,0.0,0.0,0.700157880783081,0.06478564441204071,0.5929933190345764,0.008356817997992039,0.5834032297134399,-0.0020082162227481604,0.5098221898078918,0.05195183679461479,0.24578794836997986,0.7898800373077393,0.0,0.0,0.053876444697380066,0.367512583732605,0.29941290616989136,0.0035373864229768515,-0.0006682400708086789,0.48743775486946106,0.05929531157016754,-0.02295518107712269,0.49837973713874817,0.028771599754691124,0.43971243500709534,0.5740264654159546,0.0,0.0,-0.016836849972605705,0.14199741184711456,0.11964643001556396,0.0008635520935058594,-0.000129745778394863,0.07536520063877106,0.014170007780194283,0.014345931820571423
internal256,2680_0.94_1.89.png,0.5867724418640137,0.012904009781777859,0.5447248220443726,0.6169284582138062,0.0,0.0,0.01675102487206459,-0.056213825941085815,0.6218637228012085,-0.01921032927930355,0.648288905620575,-0.0013516852632164955,0.6735661029815674,0.3291580379009247,0.019691959023475647,0.9974246025085449,0.0006119791651144624,0.36303386092185974,0.7888554334640503,0.047266993671655655,0.6604674458503723,0.012931901030242443,0.6743010878562927,-0.0071882265619933605,0.5064772367477417,0.04947119578719139,0.17521511018276215,0.8079637885093689,0.0,0.0,-0.026905642822384834,0.272743821144104,0.21929247677326202,0.0031825301703065634,0.00037097762105986476,0.3930656611919403,0.05400114133954048,-0.028284288942813873,0.5103381276130676,0.029560642316937447,0.44073915481567383,0.5776804685592651,0.0,0.0,-0.013899593614041805,0.18085356056690216,0.14785988628864288,0.0008182072779163718,-9.19394806260243e-05,0.05367168411612511,0.014855636283755302,0.01080331951379776,0.5899284482002258,0.012348688207566738,0.5595611333847046,0.6265302896499634,0.0,0.0,0.0035645461175590754,-0.0535828173160553,0.6229762434959412,-0.018320173025131226,0.6466797590255737,-0.0024623707868158817,0.4960917830467224,0.11805087327957153,0.13875259459018707,0.7756382822990417,0.0,0.0,0.7024825215339661,0.06442782282829285,0.6017200946807861,0.009121025912463665,0.5956376791000366,-0.0020082162227481604,0.5075595378875732,0.041218068450689316,0.2959575355052948,0.7378010153770447,0.0,0.0,0.035454098135232925,0.29182589054107666,0.2355441302061081,0.0027634012512862682,-0.0004357488942332566,0.39296793937683105,0.05398368462920189,-0.02295518107712269,0.4984203577041626,0.028922155499458313,0.4395301640033722,0.5751067996025085,0.0,0.0,-0.011171096935868263,0.12819935381412506,0.1059759259223938,0.0007614587666466832,-7.942932279547676e-05,0.053660038858652115,0.014863720163702965,0.014345931820571423
internal256,2724_0.83_1.93.png,0.586768627166748,0.010843097232282162,0.5461956262588501,0.6138089895248413,0.0,0.0,0.030725974589586258,-0.056213874369859695,0.6218490600585938,-0.01921047642827034,0.648274302482605,-0.0013516852632164955,0.5570324063301086,0.26494619250297546,0.007298049982637167,0.9980011582374573,0.0011718750465661287,0.10658854246139526,0.942078709602356,0.04930242896080017,0.6244722008705139,0.010855354368686676,0.6271264553070068,-0.0071882265619933605,0.506766140460968,0.050405025482177734,0.1944282352924347,0.842113733291626,0.0,0.0,-0.021834706887602806,0.3008047044277191,0.24044331908226013,0.003491241717711091,0.0002711328852456063,0.43570685386657715,0.057622287422418594,-0.028284288942813873,0.510458767414093,0.02940709888935089,0.44273611903190613,0.5804951190948486,0.0,0.0,-0.010476761497557163,0.1657627522945404,0.1370231956243515,0.0007588978623971343,-6.987850065343082e-05,0.0599769726395607,0.016548214480280876,0.01080331951379776,0.5890442728996277,0.010032269172370434,0.5570768713951111,0.6222726702690125,0.0,0.0,0.005849728360772133,-0.05359666794538498,0.6227223873138428,-0.018354468047618866,0.6463959813117981,-0.0024623707868158817,0.4446398913860321,0.09336347877979279,0.1282581388950348,0.7821844220161438,0.0,0.0,0.6359536051750183,0.06484968215227127,0.5900749564170837,0.008220049552619457,0.5794332027435303,-0.0020082162227481604,0.5079014301300049,0.04398011416196823,0.26035985350608826,0.7589747309684753,0.0,0.0,0.0547611303627491,0.31853243708610535,0.25914713740348816,0.003047388279810548,-0.0006664228858426213,0.43567466735839844,0.057615816593170166,-0.02295518107712269,0.498417466878891,0.028799083083868027,0.4404025375843048,0.5748021006584167,0.0,0.0,-0.00937733706086874,0.12779027223587036,0.1054551750421524,0.0007584777777083218,-6.927222420927137e-05,0.059977978467941284,0.016553115099668503,0.014345931820571423
internal256,2727_0.84_0.56.png,0.5777315497398376,0.01268770731985569,0.5426415801048279,0.6143826246261597,0.0,0.0,0.16448573768138885,-0.05634215101599693,0.6194455027580261,-0.019556868821382523,0.6455461382865906,-0.0013516852632164955,0.5522584915161133,0.3813328146934509,0.004351741634309292,0.9987435936927795,0.010117188096046448,0.3489062488079071,0.7559905052185059,0.049385812133550644,0.6378387212753296,0.010770287364721298,0.6438358426094055,-0.0071882265619933605,0.508135974407196,0.06094278395175934,0.1751737743616104,0.8436340093612671,0.0,0.0,-0.06463819742202759,0.3756435811519623,0.31358611583709717,0.0045630112290382385,0.0009158134926110506,0.44522878527641296,0.05837205424904823,-0.028284288942813873,0.5105552077293396,0.029317431151866913,0.44279810786247253,0.5779492855072021,0.0,0.0,-0.025906160473823547,0.18883860111236572,0.15535767376422882,0.0008618716383352876,-0.00015435686509590596,0.06701932102441788,0.011797855608165264,0.01080331951379776,0.5840498208999634,0.011687158606946468,0.5578866600990295,0.6350429654121399,0.0,0.0,0.012911736033856869,-0.05367492884397507,0.6213862895965576,-0.018548209220170975,0.6448894739151001,-0.0024623707868158817,0.46697211265563965,0.15185047686100006,0.08653552830219269,0.7988073229789734,0.0,0.0,0.6969258189201355,0.06466658413410187,0.5974520444869995,0.008611109107732773,0.5895059108734131,-0.0020082162227481604,0.5124233365058899,0.06166953966021538,0.2495458871126175,0.8128676414489746,0.0,0.0,0.060270462185144424,0.4166969060897827,0.35153186321258545,0.004173858091235161,-0.0007811161922290921,0.44520071148872375,0.05839930474758148,-0.02295518107712269,0.49848252534866333,0.02859824150800705,0.44161325693130493,0.5754225850105286,0.0,0.0,-0.02423659712076187,0.14904215931892395,0.13022908568382263,0.0009426367469131947,-0.00018577466835267842,0.06702035665512085,0.011799103580415249,0.014345931820571423
internal256,2730_0.75_1.79.png,0.5812588930130005,0.011506510898470879,0.5398669242858887,0.6106019020080566,0.0,0.0,0.062175776809453964,-0.0562920905649662,0.6203760504722595,-0.019421664997935295,0.6466038227081299,-0.0013516852632164955,0.5874574184417725,0.28703999519348145,0.009572234004735947,0.9985764026641846,0.0024088541977107525,0.06381510943174362,0.9324501752853394,0.04877101257443428,0.6339942216873169,0.01139750611037016,0.6396870613098145,-0.0071882265619933605,0.5074100494384766,0.053463131189346313,0.1764489859342575,0.8353781700134277,0.0,0.0,-0.03031896986067295,0.3154028654098511,0.25206390023231506,0.0036694479640573263,0.0003981765767093748,0.4087129831314087,0.055891457945108414,-0.028284288942813873,0.5103599429130554,0.029343893751502037,0.4405919909477234,0.5744980573654175,0.0,0.0,-0.018120508641004562,0.1704913079738617,0.13983476161956787,0.000775225053075701,-0.00011456525680841878,0.05067521706223488,0.014545113779604435,0.01080331951379776,0.5832872986793518,0.010788033716380596,0.555281937122345,0.6264739632606506,0.0,0.0,0.0044085122644901276,-0.053686875849962234,0.6211760640144348,-0.01857778988778591,0.6446533203125,-0.0024623707868158817,0.4569491744041443,0.09366466850042343,0.08880768716335297,0.7906273603439331,0.0,0.0,0.6448752284049988,0.06474875658750534,0.5925434827804565,0.008435598574578762,0.5829101204872131,-0.0020082162227481604,0.5089396238327026,0.048232920467853546,0.23561757802963257,0.7888078689575195,0.0,0.0,0.05960078537464142,0.347342312335968,0.2832319140434265,0.003346796613186598,-0.0007491887081414461,0.4086706042289734,0.05587006360292435,-0.02295518107712269,0.4985087215900421,0.028925154358148575,0.4361667335033417,0.576423168182373,0.0,0.0,-0.013175036758184433,0.12535998225212097,0.10369032621383667,0.0007460858323611319,-9.401294664712623e-05,0.0506816990673542,0.014547842554748058,0.014345931820571423
internal256,2742_0.91_1.41.png,0.5816140174865723,0.01254742220044136,0.5416136384010315,0.6144116520881653,0.0,0.0,0.07132243365049362,-0.056287042796611786,0.6204779148101807,-0.019408050924539566,0.6467182636260986,-0.0013516852632164955,0.6471707224845886,0.3228254020214081,0.005104797426611185,0.9988420605659485,0.005169271025806665,0.21510417759418488,0.8500630259513855,0.047728031873703,0.6528853178024292,0.012461555190384388,0.6644030809402466,-0.0071882265619933605,0.5079191327095032,0.05657568573951721,0.1727084368467331,0.8407315015792847,0.0,0.0,-0.041445884853601456,0.3290896713733673,0.2665375769138336,0.003884827485308051,0.000565875496249646,0.42097413539886475,0.05490667000412941,-0.028284288942813873,0.510409951210022,0.02941591665148735,0.4402417838573456,0.5728764533996582,0.0,0.0,-0.017282871529459953,0.1774091273546219,0.14465339481830597,0.0008021483663469553,-0.00011044030543416739,0.05638531595468521,0.013678102754056454,0.01080331951379776,0.5846409797668457,0.011660757474601269,0.5559896230697632,0.626690685749054,0.0,0.0,0.006002563517540693,-0.053665656596422195,0.6215448379516602,-0.01852528005838394,0.6450682878494263,-0.0024623707868158817,0.48602381348609924,0.11569230258464813,0.08735963702201843,0.809337317943573,0.0,0.0,0.7139960527420044,0.06451037526130676,0.5994698405265808,0.008944726549088955,0.5925155878067017,-0.0020082162227481604,0.5105751752853394,0.054064974188804626,0.21627289056777954,0.8091894388198853,0.0,0.0,0.058814071118831635,0.3663684129714966,0.3013405501842499,0.0035645905882120132,-0.0007456293096765876,0.4208938777446747,0.05487940460443497,-0.02295518107712269,0.4984959065914154,0.02873563952744007,0.4390638470649719,0.5768219232559204,0.0,0.0,-0.017211314290761948,0.13125668466091156,0.10916121304035187,0.000786025368142873,-0.00012741265527438372,0.056379370391368866,0.013693765737116337,0.014345931820571423
internal256,2751_0.51_0.98.png,0.5722235441207886,0.012815086171030998,0.538527250289917,0.6065346002578735,0.0,0.0,0.21914838254451752,-0.05642034113407135,0.6179918646812439,-0.019767990335822105,0.643893301486969,-0.0013516852632164955,0.5453070402145386,0.34610292315483093,0.00756132323294878,0.9988763928413391,0.00826822966337204,0.09356771409511566,0.8809496760368347,0.04950723052024841,0.6313779354095459,0.010646414943039417,0.6355911493301392,-0.0071882265619933605,0.5082685351371765,0.06089146062731743,0.1791713982820511,0.826252281665802,0.0,0.0,-0.06338132172822952,0.3912794888019562,0.3254458010196686,0.004728721920400858,0.0008868334698490798,0.4708484411239624,0.06254202872514725,-0.028284288942813873,0.5104956030845642,0.029265254735946655,0.44368383288383484,0.578839123249054,0.0,0.0,-0.032198816537857056,0.1816253662109375,0.1524413526058197,0.0008454980561509728,-0.00019026616064365953,0.06684724241495132,0.012565783224999905,0.01080331951379776,0.5784114599227905,0.01250997744500637,0.5542807579040527,0.6207607388496399,0.0,0.0,0.09079916775226593,-0.05376327782869339,0.6198853254318237,-0.01876692846417427,0.643195390701294,-0.0024623707868158817,0.4379280209541321,0.11930429190397263,0.10510863363742828,0.8011281490325928,0.0,0.0,0.7119839191436768,0.06490471214056015,0.5898777842521667,0.008102518506348133,0.5790355801582336,-0.0020082162227481604,0.5124046206474304,0.06265917420387268,0.26060011982917786,0.8026540279388428,0.0,0.0,0.07252197712659836,0.44200849533081055,0.3724481761455536,0.004431788343936205,-0.0009415745735168457,0.470795601606369,0.06255598366260529,-0.02295518107712269,0.4984918236732483,0.02888103947043419,0.4302464425563812,0.5826626420021057,0.0,0.0,-0.027540290728211403,0.1370665282011032,0.12009693682193756,0.0008687323424965143,-0.00020444783149287105,0.0668475329875946,0.012557384558022022,0.014345931820571423
internal256,2758_0.51_1.22.png,0.5755509734153748,0.011450892314314842,0.5375164151191711,0.6061917543411255,0.0,0.0,0.1730850487947464,-0.05637310817837715,0.6188597083091736,-0.019640453159809113,0.6448816657066345,-0.0013516852632164955,0.5036061406135559,0.2975594997406006,0.015294578857719898,0.997205913066864,0.0014192708767950535,0.04932291805744171,0.9086493253707886,0.050235603004693985,0.6161611676216125,0.009903337806463242,0.6155714988708496,-0.0071882265619933605,0.5070907473564148,0.05454469844698906,0.1641799956560135,0.8490543961524963,0.0,0.0,-0.038899242877960205,0.3433923125267029,0.27828845381736755,0.0040380931459367275,0.0005331491120159626,0.4551903307437897,0.061803653836250305,-0.028284288942813873,0.5104338526725769,0.02924392558634281,0.44148746132850647,0.5763837099075317,0.0,0.0,-0.028598083183169365,0.1653832644224167,0.1364544779062271,0.0007571518654003739,-0.00017117755487561226,0.06776279956102371,0.015325253829360008,0.01080331951379776,0.5799244046211243,0.009832628071308136,0.5523756146430969,0.615850031375885,0.0,0.0,0.07335876673460007,-0.05373957380652428,0.6202715039253235,-0.01870824210345745,0.6436336040496826,-0.0024623707868158817,0.4288490414619446,0.09541982412338257,0.1230587512254715,0.782357394695282,0.0,0.0,0.648183286190033,0.06497915089130402,0.5870773792266846,0.007943537086248398,0.5751833915710449,-0.0020082162227481604,0.5089027285575867,0.04723208397626877,0.26810169219970703,0.7938277721405029,0.0,0.0,0.06037865951657295,0.3854021430015564,0.32005947828292847,0.003783129621297121,-0.0007699578418396413,0.4551617503166199,0.061827659606933594,-0.02295518107712269,0.49862438440322876,0.028956951573491096,0.4378949999809265,0.5766772627830505,0.0,0.0,-0.021033968776464462,0.12268706411123276,0.10244951397180557,0.0007380258175544441,-0.00015157739107962698,0.06776352226734161,0.015315210446715355,0.014345931820571423
internal256,2764_0.85_1.06.png,0.5777490735054016,0.009892272762954235,0.5379688739776611,0.609226405620575,0.0,0.0,0.04944402724504471,-0.05634190887212753,0.6194325685501099,-0.0195561945438385,0.6455339789390564,-0.0013516852632164955,0.617325484752655,0.3150196969509125,0.012562648393213749,0.9983443021774292,0.004544271156191826,0.17826823890209198,0.8962809443473816,0.048249319195747375,0.6444617509841919,0.011929734610021114,0.6533518433570862,-0.0071882265619933605,0.5087700486183167,0.05949712544679642,0.15400540828704834,0.8884686231613159,0.0,0.0,-0.06509821861982346,0.360869437456131,0.29996058344841003,0.004372383002191782,0.0008943734574131668,0.4247379004955292,0.04909456521272659,-0.028284288942813873,0.5104814767837524,0.029332883656024933,0.44265812635421753,0.5805012583732605,0.0,0.0,-0.02519994229078293,0.18138545751571655,0.15080112218856812,0.0008367592236027122,-0.00015244944370351732,0.05747845396399498,0.01001778244972229,0.01080331951379776,0.5809955596923828,0.009999671019613743,0.5504280924797058,0.6170817613601685,0.0,0.0,0.012727352790534496,-0.05372277647256851,0.6205582618713379,-0.018666688352823257,0.6439570784568787,-0.0024623707868158817,0.46394094824790955,0.10926386713981628,0.09811636060476303,0.801726222038269,0.0,0.0,0.6908525228500366,0.06469143182039261,0.594599723815918,0.008558033034205437,0.5857333540916443,-0.0020082162227481604,0.5130293965339661,0.06390955299139023,0.26085329055786133,0.8013337254524231,0.0,0.0,0.06818203628063202,0.40432456135749817,0.33744025230407715,0.00402026204392314,-0.0008833162137307227,0.42470115423202515,0.04915829375386238,-0.02295518107712269,0.4985062777996063,0.02870982512831688,0.4399460554122925,0.5742014050483704,0.0,0.0,-0.023886527866125107,0.13700278103351593,0.11900674551725388,0.0008604899048805237,-0.00017892818141262978,0.057473260909318924,0.01002999022603035,0.014345931820571423
internal256,2778_0.58_1.79.png,0.5792221426963806,0.01003579143434763,0.5385180115699768,0.6077196002006531,0.0,0.0,0.10327393561601639,-0.05632099136710167,0.6198246479034424,-0.019499734044075012,0.6459791660308838,-0.0013516852632164955,0.44465622305870056,0.2593299448490143,0.01488261204212904,0.9980941414833069,0.001927083358168602,0.061927083879709244,0.9064624309539795,0.05126524716615677,0.5998392701148987,0.008852893486618996,0.5936030745506287,-0.0071882265619933605,0.5073992013931274,0.0541863739490509,0.17574791610240936,0.8432690501213074,0.0,0.0,-0.033797487616539,0.3341729938983917,0.2711721956729889,0.0039427089504897594,0.00043655550689436495,0.4293898046016693,0.05712667107582092,-0.028284288942813873,0.5104849338531494,0.029195941984653473,0.4431793987751007,0.5774281620979309,0.0,0.0,-0.02136397361755371,0.1556975543498993,0.12943105399608612,0.0007181569817475975,-0.00012838329712394625,0.05767332389950752,0.013905259780585766,0.01080331951379776,0.5816035866737366,0.009549872018396854,0.5544552803039551,0.6210993528366089,0.0,0.0,0.029881088063120842,-0.05371325463056564,0.6207183003425598,-0.018643097952008247,0.644137978553772,-0.0024623707868158817,0.41597965359687805,0.09348323941230774,0.1414879411458969,0.8028119802474976,0.0,0.0,0.6409198045730591,0.06508466601371765,0.5845588445663452,0.007718177977949381,0.5716122388839722,-0.0020082162227481604,0.509514570236206,0.049295824021101,0.29951414465904236,0.7656124830245972,0.0,0.0,0.06260688602924347,0.35880380868911743,0.29466336965560913,0.0034845161717385054,-0.000789461366366595,0.4293864071369171,0.0571143813431263,-0.02295518107712269,0.49856406450271606,0.028802448883652687,0.4400630295276642,0.5752192139625549,0.0,0.0,-0.014799497090280056,0.12071646749973297,0.10189403593540192,0.0007350786472670734,-0.00010827659571077675,0.05767950788140297,0.013908054679632187,0.014345931820571423
internal256,2780_0.82_0.68.png,0.5802596211433411,0.010167423635721207,0.538790225982666,0.6032961010932922,0.0,0.0,0.10200617462396622,-0.05630626901984215,0.6201015710830688,-0.01945997029542923,0.6462934017181396,-0.0013516852632164955,0.4416101276874542,0.2855052649974823,0.009500796906650066,0.998734176158905,0.003958333283662796,0.12490885704755783,0.8909031748771667,0.0513184517621994,0.6021245121955872,0.008798614144325256,0.5964615345001221,-0.0071882265619933605,0.508219301700592,0.059030599892139435,0.1748410016298294,0.8492389917373657,0.0,0.0,-0.05492787808179855,0.3673890233039856,0.3040787875652313,0.004427012056112289,0.0007355120033025742,0.45555949211120605,0.056601397693157196,-0.028284288942813873,0.5106230974197388,0.029238712042570114,0.44419243931770325,0.5774348974227905,0.0,0.0,-0.02045328915119171,0.16879187524318695,0.14025673270225525,0.0007781847380101681,-0.00012125385546823964,0.06476418673992157,0.012074122205376625,0.01080331951379776,0.583836555480957,0.00965925119817257,0.5500726699829102,0.619306206703186,0.0,0.0,0.019330056384205818,-0.05367827042937279,0.6213169693946838,-0.018556484952569008,0.644813060760498,-0.0024623707868158817,0.4170508086681366,0.11366844922304153,0.10627467930316925,0.8033850789070129,0.0,0.0,0.6720510721206665,0.06507588922977448,0.5856157541275024,0.0077369376085698605,0.5730205178260803,-0.0020082162227481604,0.5123202800750732,0.06151563301682472,0.25710564851760864,0.8024567365646362,0.0,0.0,0.0670664831995964,0.39640095829963684,0.3289579451084137,0.003904885845258832,-0.0008554626838304102,0.45555955171585083,0.05661509186029434,-0.02295518107712269,0.4984886944293976,0.028625568374991417,0.43990761041641235,0.574816107749939,0.0,0.0,-0.01930432766675949,0.13940496742725372,0.12091357260942459,0.0008756667375564575,-0.0001487170229665935,0.06476028263568878,0.012077773921191692,0.014345931820571423
internal256,2786_0.88_1.47.png,0.5820091962814331,0.008535107597708702,0.5426215529441833,0.6101424694061279,0.0,0.0,0.03550625219941139,-0.0562814362347126,0.6205598711967468,-0.01939290761947632,0.6468147039413452,-0.0013516852632164955,0.5388619899749756,0.26347196102142334,0.02427382580935955,0.9976513981819153,0.0013020833721384406,0.05476562678813934,0.9547783732414246,0.049619801342487335,0.6201620101928711,0.010531571693718433,0.6213313937187195,-0.0071882265619933605,0.5086058378219604,0.05940008908510208,0.17150065302848816,0.856884241104126,0.0,0.0,-0.05499902367591858,0.3558444678783417,0.2927176356315613,0.0042695109732449055,0.0007287001935765147,0.4069179594516754,0.046725474298000336,-0.028284288942813873,0.5105053782463074,0.029273314401507378,0.4442969858646393,0.5746444463729858,0.0,0.0,-0.017564283683896065,0.1659589558839798,0.13745401799678802,0.0007626065635122359,-0.00010908508556894958,0.052471354603767395,0.009309708140790462,0.01080331951379776,0.5831442475318909,0.008217127993702888,0.5543365478515625,0.6237128973007202,0.0,0.0,0.013113467022776604,-0.05368911102414131,0.6211240887641907,-0.01858333870768547,0.6445965766906738,-0.0024623707868158817,0.4405286908149719,0.08204431086778641,0.14239948987960815,0.8061493635177612,0.0,0.0,0.5856783390045166,0.06488338857889175,0.5888620615005493,0.00814805831760168,0.5777626633644104,-0.0020082162227481604,0.5130773782730103,0.06624068319797516,0.2518208622932434,0.8267637491226196,0.0,0.0,0.06876561045646667,0.38932034373283386,0.3200345039367676,0.003804030828177929,-0.0008851482416503131,0.40691274404525757,0.04666893184185028,-0.02295518107712269,0.49849584698677063,0.028773445636034012,0.44337382912635803,0.5722773671150208,0.0,0.0,-0.018225178122520447,0.13445395231246948,0.11468050628900528,0.0008290134137496352,-0.0001382353948429227,0.052472274750471115,0.00931814219802618,0.014345931820571423
internal256,278_0.98_0.65.png,0.5810867547988892,0.006826683878898621,0.55564284324646,0.6044448018074036,0.0,0.0,0.0021899074781686068,-0.056294526904821396,0.6203062534332275,-0.01942826248705387,0.6465280055999756,-0.0013516852632164955,0.4421345293521881,0.35661187767982483,0.007037732750177383,0.9812352657318115,0.016017936170101166,0.038299743086099625,0.8092658519744873,0.051309291273355484,0.6113536357879639,0.008807958103716373,0.6082375645637512,-0.0071882265619933605,0.5066990852355957,0.0477740503847599,0.2986534535884857,0.7058641910552979,0.0,0.0,-0.05481159687042236,0.3396732211112976,0.27744749188423157,0.004021266009658575,0.0007515330798923969,0.45441094040870667,0.04805667698383331,-0.028284288942813873,0.5105694532394409,0.02919340878725052,0.4468269646167755,0.5731154084205627,0.0,0.0,-0.02359883487224579,0.16501152515411377,0.13650451600551605,0.0007579057128168643,-0.0001419472391717136,0.0717727392911911,0.009353665634989738,0.01080331951379776,0.5865797996520996,0.007929841056466103,0.568442165851593,0.6153673529624939,0.0,0.0,-0.0,-0.05363528057932854,0.6220462918281555,-0.018450068309903145,0.6456360816955566,-0.0024623707868158817,0.41516488790512085,0.10190324485301971,0.12609733641147614,0.6817111968994141,0.0,0.0,0.6204999089241028,0.06509134918451309,0.5847430229187012,0.007703911047428846,0.5718365907669067,-0.0020082162227481604,0.5138630867004395,0.06786756962537766,0.259731262922287,0.7994853258132935,0.0,0.0,0.07530704885721207,0.369363009929657,0.305739164352417,0.0036514124367386103,-0.0009496878483332694,0.4544770419597626,0.048165056854486465,-0.02295518107712269,0.4983871877193451,0.028667308390140533,0.4427714943885803,0.5743449926376343,0.0,0.0,-0.023559940978884697,0.14534074068069458,0.12793000042438507,0.0009265615371987224,-0.00018089592049364,0.07177138328552246,0.009359853342175484,0.014345931820571423
internal256,2800_0.75_0.87.png,0.5779022574424744,0.0076403808780014515,0.5417085886001587,0.6022502779960632,0.0,0.0,0.044886767864227295,-0.05633972957730293,0.6194621324539185,-0.019550323486328125,0.6455692648887634,-0.0013516852632164955,0.5163537859916687,0.24521487951278687,0.013061584904789925,0.9971542358398438,0.0030989584047347307,0.03680989518761635,0.9504671692848206,0.050012946128845215,0.613317608833313,0.010130491107702255,0.6122222542762756,-0.0071882265619933605,0.5087185502052307,0.06053604185581207,0.19243845343589783,0.8306769132614136,0.0,0.0,-0.06402571499347687,0.3796747624874115,0.31471359729766846,0.0045838188380002975,0.0008677967707626522,0.43809306621551514,0.050076164305210114,-0.028284288942813873,0.5105688571929932,0.029262131080031395,0.4450523257255554,0.5742195248603821,0.0,0.0,-0.02487652748823166,0.16990135610103607,0.14222191274166107,0.0007892386056482792,-0.00014847907004877925,0.05979648232460022,0.011301917023956776,0.01080331951379776,0.5804383158683777,0.008145200088620186,0.5516497492790222,0.6150388121604919,0.0,0.0,0.015191863290965557,-0.053731519728899,0.620400071144104,-0.01868830807507038,0.6437799334526062,-0.0024623707868158817,0.42892009019851685,0.0832834392786026,0.15110629796981812,0.7858386635780334,0.0,0.0,0.5738267302513123,0.06497857719659805,0.5866484642028809,0.007944779470562935,0.5746234059333801,-0.0020082162227481604,0.5137878656387329,0.07151741534471512,0.20800533890724182,0.8718681335449219,0.0,0.0,0.07562557607889175,0.41075077652931213,0.3391669690608978,0.004043303430080414,-0.0009827230824157596,0.43811264634132385,0.05011662468314171,-0.02295518107712269,0.49839192628860474,0.028879279270768166,0.4413968324661255,0.5729679465293884,0.0,0.0,-0.021960074082016945,0.13815602660179138,0.11851467192173004,0.0008580636349506676,-0.0001660249981796369,0.05978818237781525,0.011313896626234055,0.014345931820571423
internal256,2813_0.71_1.07.png,0.5808565020561218,0.007631974294781685,0.5449000597000122,0.6072461605072021,0.0,0.0,0.04154421389102936,-0.05629779398441315,0.6202480792999268,-0.019437089562416077,0.646461546421051,-0.0013516852632164955,0.430062472820282,0.24330149590969086,0.018087517470121384,0.9969186782836914,0.000950520858168602,0.05032552033662796,0.9055147767066956,0.051520150154829025,0.595380425453186,0.00859284307807684,0.587590217590332,-0.0071882265619933605,0.5075640082359314,0.05417691171169281,0.1905377060174942,0.8441612124443054,0.0,0.0,-0.049900926649570465,0.3408547639846802,0.2803044021129608,0.004076286684721708,0.0006614476442337036,0.4756689667701721,0.050438638776540756,-0.028284288942813873,0.5105541348457336,0.029210245236754417,0.44449982047080994,0.575501024723053,0.0,0.0,-0.021252114325761795,0.16063149273395538,0.13378332555294037,0.0007420527981594205,-0.000126866769278422,0.07116643339395523,0.011881599202752113,0.01080331951379776,0.5833086371421814,0.007653001695871353,0.5526974201202393,0.6180731058120728,0.0,0.0,0.014632200822234154,-0.053686536848545074,0.6211656928062439,-0.018576959148049355,0.6446438431739807,-0.0024623707868158817,0.4151493310928345,0.08376790583133698,0.12411651015281677,0.7930111885070801,0.0,0.0,0.5727562308311462,0.06509146839380264,0.584050178527832,0.0077036404982209206,0.5709273815155029,-0.0020082162227481604,0.5110510587692261,0.05500631406903267,0.26278355717658997,0.8095740675926208,0.0,0.0,0.06854450702667236,0.37264394760131836,0.3084157109260559,0.003664407879114151,-0.0008627977222204208,0.47563570737838745,0.050417445600032806,-0.02295518107712269,0.4984497129917145,0.028917033225297928,0.4398840069770813,0.5742744207382202,0.0,0.0,-0.01811184361577034,0.13116766512393951,0.1128731444478035,0.000817037362139672,-0.00013772709644399583,0.07116557657718658,0.011890698224306107,0.014345931820571423
internal256,2814_0.59_1.03.png,0.5791559219360352,0.0075737349689006805,0.54410320520401,0.6065948605537415,0.0,0.0,0.04695483297109604,-0.05632193386554718,0.6197949647903442,-0.019502270966768265,0.6459472179412842,-0.0013516852632164955,0.40423089265823364,0.23401854932308197,0.016119662672281265,0.9970380067825317,0.0010546875419095159,0.045104168355464935,0.8879202604293823,0.05197133868932724,0.5896459221839905,0.008132542483508587,0.5796801447868347,-0.0071882265619933605,0.5075318813323975,0.05423089116811752,0.18942348659038544,0.8446781039237976,0.0,0.0,-0.05114056169986725,0.3466137647628784,0.2854362428188324,0.004148690961301327,0.0006807458703406155,0.47696858644485474,0.05053858086466789,-0.028284288942813873,0.5105518102645874,0.029181474819779396,0.44398048520088196,0.5755899548530579,0.0,0.0,-0.02405010163784027,0.15943904221057892,0.1337319016456604,0.0007416867301799357,-0.00014198131975717843,0.07178705185651779,0.011652030982077122,0.01080331951379776,0.5818173289299011,0.007634993176907301,0.5521788001060486,0.6167514324188232,0.0,0.0,0.015562165528535843,-0.053709909319877625,0.6207662224769592,-0.01863480918109417,0.6441933512687683,-0.0024623707868158817,0.40803131461143494,0.08253315836191177,0.12043357640504837,0.795660138130188,0.0,0.0,0.5676950216293335,0.06514984369277954,0.5826823115348816,0.007578996941447258,0.5689809322357178,-0.0020082162227481604,0.5111535787582397,0.055589694529771805,0.26292693614959717,0.8055279850959778,0.0,0.0,0.069880411028862,0.38015609979629517,0.3155074119567871,0.0037521489430218935,-0.0008844715775921941,0.4769359529018402,0.050515785813331604,-0.02295518107712269,0.498453289270401,0.028941983357071877,0.4400463402271271,0.5755142569541931,0.0,0.0,-0.01923380047082901,0.13005277514457703,0.11259528249502182,0.0008151301881298423,-0.00014532131899613887,0.07178433984518051,0.011658605188131332,0.014345931820571423
internal256,2826_0.56_1.05.png,0.578765869140625,0.007703179959207773,0.5441521406173706,0.6033144593238831,0.0,0.0,0.05773843079805374,-0.056327469646930695,0.619691789150238,-0.01951722241938114,0.6458300352096558,-0.0013516852632164955,0.3896738290786743,0.22043287754058838,0.011417579837143421,0.9971526861190796,0.0014322916977107525,0.028958333656191826,0.8110002875328064,0.05222559720277786,0.585750162601471,0.00787314586341381,0.5743493437767029,-0.0071882265619933605,0.5077808499336243,0.05497800186276436,0.19008509814739227,0.8137760162353516,0.0,0.0,-0.05077628418803215,0.34832629561424255,0.28663718700408936,0.004167642910033464,0.0006731142639182508,0.4157554805278778,0.04540271311998367,-0.028284288942813873,0.5106443166732788,0.029219016432762146,0.4435960054397583,0.5779531002044678,0.0,0.0,-0.02237066626548767,0.1562584787607193,0.13045957684516907,0.0007231555646285415,-0.000131408276502043,0.05603295937180519,0.009743006899952888,0.01080331951379776,0.5805858373641968,0.007428938988596201,0.5536372065544128,0.612187385559082,0.0,0.0,0.018362943083047867,-0.05372919887304306,0.6204363703727722,-0.018682584166526794,0.6438212990760803,-0.0024623707868158817,0.40091216564178467,0.07259450852870941,0.10904431343078613,0.8101039528846741,0.0,0.0,0.5115922093391418,0.06520820409059525,0.581056535243988,0.007454332895576954,0.5666928291320801,-0.0020082162227481604,0.5114378929138184,0.05699700117111206,0.27175143361091614,0.7949185967445374,0.0,0.0,0.07024551928043365,0.36353519558906555,0.2986758351325989,0.003557110670953989,-0.000892787822522223,0.41576334834098816,0.04539136216044426,-0.02295518107712269,0.4982697665691376,0.02896214835345745,0.44097900390625,0.5751573443412781,0.0,0.0,-0.016472218558192253,0.12860938906669617,0.11117486655712128,0.0008046787115745246,-0.00012492436508182436,0.056055668741464615,0.009752145037055016,0.014345931820571423
internal256,2837_0.85_0.64.png,0.5780636668205261,0.006902553141117096,0.5419264435768127,0.6072506904602051,0.0,0.0,0.043669700622558594,-0.05633743479847908,0.6195020079612732,-0.01954413764178753,0.6456149816513062,-0.0013516852632164955,0.394024133682251,0.20067156851291656,0.008792313747107983,0.9973545074462891,0.0012760417303070426,0.043020833283662796,0.7952435612678528,0.052149608731269836,0.5848029255867004,0.007950665429234505,0.5732194185256958,-0.0071882265619933605,0.5084056258201599,0.05832071602344513,0.2013569176197052,0.8339889645576477,0.0,0.0,-0.06332803517580032,0.3707570731639862,0.3097088634967804,0.004507974721491337,0.0008476927177980542,0.43320053815841675,0.04733314737677574,-0.028284288942813873,0.5107285976409912,0.029243115335702896,0.44449299573898315,0.5727908611297607,0.0,0.0,-0.02008918486535549,0.16424988210201263,0.1360580176115036,0.0007549420115537941,-0.00011895762145286426,0.05580505356192589,0.009269933216273785,0.01080331951379776,0.5805460214614868,0.0067604039795696735,0.5512507557868958,0.6165622472763062,0.0,0.0,0.01782982423901558,-0.0537298284471035,0.6204230785369873,-0.018684126436710358,0.6438066959381104,-0.0024623707868158817,0.40704959630966187,0.07296568155288696,0.09360293298959732,0.7909432649612427,0.0,0.0,0.47402477264404297,0.06515788286924362,0.5821949243545532,0.007561804726719856,0.5683198571205139,-0.0020082162227481604,0.5136873722076416,0.06626242399215698,0.22527360916137695,0.831473708152771,0.0,0.0,0.07859662920236588,0.3948723375797272,0.32862672209739685,0.003919521346688271,-0.0010034269653260708,0.43322739005088806,0.04733705148100853,-0.02295518107712269,0.4982447326183319,0.028820902109146118,0.43952512741088867,0.5728543996810913,0.0,0.0,-0.01914398930966854,0.1454198807477951,0.1276114135980606,0.0009249611175619066,-0.00014935675426386297,0.055827487260103226,0.009268843568861485,0.014345931820571423
internal256,2863_0.96_0.62.png,0.5846441984176636,0.008986343629658222,0.5481131672859192,0.613082230091095,0.0,0.0,0.03796064108610153,-0.05624402314424515,0.6212676763534546,-0.01929190382361412,0.6476170420646667,-0.0013516852632164955,0.5697855949401855,0.2640991806983948,0.021088287234306335,0.9970356225967407,0.0006901042070239782,0.10203125327825546,0.9489865899085999,0.04907967522740364,0.6273635029792786,0.011082608252763748,0.631015956401825,-0.0071882265619933605,0.5074638724327087,0.054129958152770996,0.18681520223617554,0.816789448261261,0.0,0.0,-0.06182313337922096,0.33766651153564453,0.2782028615474701,0.004043093416839838,0.0008525099838152528,0.46551188826560974,0.04971738159656525,-0.028284288942813873,0.5107463002204895,0.029443688690662384,0.4444129765033722,0.576233446598053,0.0,0.0,-0.018259497359395027,0.17616799473762512,0.14468218386173248,0.0008025645511224866,-0.00011069062020396814,0.0698598101735115,0.01020844280719757,0.01080331951379776,0.5886844396591187,0.009172506630420685,0.558009684085846,0.6252470016479492,0.0,0.0,0.011158309876918793,-0.05360230430960655,0.6226204633712769,-0.018368426710367203,0.6462818384170532,-0.0024623707868158817,0.4407966732978821,0.0919937863945961,0.13089393079280853,0.7656550407409668,0.0,0.0,0.6272791028022766,0.06488119810819626,0.5892666578292847,0.008152752183377743,0.5782970190048218,-0.0020082162227481604,0.5106520056724548,0.05328476056456566,0.26202908158302307,0.7881169319152832,0.0,0.0,0.06572585552930832,0.3539732098579407,0.29045233130455017,0.0034517981112003326,-0.0008130283677019179,0.4654546082019806,0.04978645592927933,-0.02295518107712269,0.4980914294719696,0.028938649222254753,0.43976229429244995,0.5737076997756958,0.0,0.0,-0.01841586083173752,0.1461208015680313,0.12504109740257263,0.0009049057262018323,-0.00014356708561535925,0.06987245380878448,0.010213405825197697,0.014345931820571423
internal256,287_0.9_0.63.png,0.5788638591766357,0.006676144897937775,0.5563938617706299,0.6014590263366699,0.0,0.0,0.0035709580406546593,-0.05632607638835907,0.6197137236595154,-0.019513465464115143,0.6458554863929749,-0.0013516852632164955,0.38848716020584106,0.3066292405128479,0.0222842525690794,0.991706371307373,0.0049232617020606995,0.04754530265927315,0.8098097443580627,0.052246324717998505,0.5948765873908997,0.007852000184357166,0.5860757231712341,-0.0071882265619933605,0.5067001581192017,0.04849143698811531,0.2543075680732727,0.7408788204193115,0.0,0.0,-0.05624007061123848,0.34356850385665894,0.2818523645401001,0.0040863133035600185,0.0007653472130186856,0.47223299741744995,0.04948437586426735,-0.028284288942813873,0.5106083750724792,0.029150551185011864,0.4473782181739807,0.5699551701545715,0.0,0.0,-0.02187732793390751,0.1613333374261856,0.13332676887512207,0.0007399595924653113,-0.00013103880337439477,0.061190441250801086,0.008371631614863873,0.01080331951379776,0.5839160084724426,0.008145938627421856,0.5633534789085388,0.6105701327323914,0.0,0.0,-0.0,-0.053677018731832504,0.6213307976722717,-0.01855340041220188,0.6448296904563904,-0.0024623707868158817,0.4068114757537842,0.0955675020813942,0.15701791644096375,0.6943197846412659,0.0,0.0,0.6078317165374756,0.06515983492136002,0.5829339623451233,0.0075576347298920155,0.5692855715751648,-0.0020082162227481604,0.5140491724014282,0.0684589222073555,0.250040203332901,0.7961449027061462,0.0,0.0,0.07480505108833313,0.37125229835510254,0.30771321058273315,0.003677713917568326,-0.0009540325845591724,0.4723256528377533,0.04954161494970322,-0.02295518107712269,0.49840256571769714,0.028785476461052895,0.4404136538505554,0.5700445771217346,0.0,0.0,-0.021449599415063858,0.14254754781723022,0.12597468495368958,0.0009127375087700784,-0.00016568537103012204,0.061166442930698395,0.008366218768060207,0.014345931820571423
internal256,2883_0.9_0.76.png,0.5798657536506653,0.00926376972347498,0.5424464344978333,0.6031553745269775,0.0,0.0,0.0941309854388237,-0.05631185695528984,0.6199917793273926,-0.019475063309073448,0.6461694836616516,-0.0013516852632164955,0.44935569167137146,0.25331351161003113,0.006146539933979511,0.9992576241493225,0.0024739583022892475,0.10684896260499954,0.8444023132324219,0.05118316411972046,0.6001396179199219,0.008936635218560696,0.5940842032432556,-0.0071882265619933605,0.509178876876831,0.062378838658332825,0.19166821241378784,0.8416824340820312,0.0,0.0,-0.06647589802742004,0.39111456274986267,0.32793980836868286,0.00478663295507431,0.0008915340295061469,0.4234359860420227,0.049416977912187576,-0.028284288942813873,0.5106121301651001,0.02921578288078308,0.4442673921585083,0.5743079781532288,0.0,0.0,-0.020120471715927124,0.16808515787124634,0.13797076046466827,0.0007659311522729695,-0.00012081636668881401,0.05315442383289337,0.009274977259337902,0.01080331951379776,0.5819052457809448,0.008106141351163387,0.5527166128158569,0.6139020323753357,0.0,0.0,0.020800134167075157,-0.053708530962467194,0.6207918524742126,-0.018631398677825928,0.6442219614982605,-0.0024623707868158817,0.4305112361907959,0.09878288209438324,0.09260713309049606,0.8029748201370239,0.0,0.0,0.5502756237983704,0.06496552377939224,0.5875303149223328,0.00797264277935028,0.5758110880851746,-0.0020082162227481604,0.514676034450531,0.071834996342659,0.2300366312265396,0.8322454690933228,0.0,0.0,0.07554847747087479,0.41790324449539185,0.3468821942806244,0.0041285185143351555,-0.000980747165158391,0.42350515723228455,0.04942447692155838,-0.02295518107712269,0.49844738841056824,0.0287220049649477,0.43767258524894714,0.5771151185035706,0.0,0.0,-0.020546507090330124,0.1442272812128067,0.12517675757408142,0.0009071477688848972,-0.0001589521998539567,0.053171467036008835,0.00928544346243143,0.014345931820571423
internal256,2888_0.93_0.59.png,0.5858047008514404,0.012389768846333027,0.5422165393829346,0.6152716279029846,0.0,0.0,0.08684545755386353,-0.056227557361125946,0.6215996742248535,-0.019247420132160187,0.6479902863502502,-0.0013516852632164955,0.5434502363204956,0.29697921872138977,0.011426543816924095,0.9982603192329407,0.002825520932674408,0.16071614623069763,0.9378421902656555,0.04953966289758682,0.6248588562011719,0.010613331571221352,0.6273483037948608,-0.0071882265619933605,0.5074222087860107,0.05491189286112785,0.17931997776031494,0.8248072266578674,0.0,0.0,-0.0488644503057003,0.3320440351963043,0.270892471075058,0.003937796223908663,0.0006670490256510675,0.46932557225227356,0.050998255610466,-0.028284288942813873,0.5106154680252075,0.02937954105436802,0.4437888264656067,0.5738933086395264,0.0,0.0,-0.01563672348856926,0.17617806792259216,0.1441946178674698,0.0007999757071956992,-9.678337664809078e-05,0.06866440922021866,0.011363213881850243,0.01080331951379776,0.5894483327865601,0.011821779422461987,0.5584620237350464,0.6312046051025391,0.0,0.0,0.012032502330839634,-0.05359033867716789,0.6228426694869995,-0.018338797613978386,0.6465298533439636,-0.0024623707868158817,0.44950297474861145,0.11570946872234344,0.10902617126703262,0.8106775283813477,0.0,0.0,0.6914156675338745,0.06480981409549713,0.5919854044914246,0.008305206894874573,0.5820279121398926,-0.0020082162227481604,0.5102861523628235,0.0516405887901783,0.2602047622203827,0.7829023003578186,0.0,0.0,0.0576082244515419,0.34731408953666687,0.283610075712204,0.003356244647875428,-0.0007158485241234303,0.4692559838294983,0.051009953022003174,-0.02295518107712269,0.49829724431037903,0.02887675352394581,0.44036757946014404,0.5736387372016907,0.0,0.0,-0.01614103652536869,0.14001722633838654,0.11854838579893112,0.000856609083712101,-0.00012517937284428626,0.06865213066339493,0.011370683088898659,0.014345931820571423
internal256,2889_0.82_0.62.png,0.579241931438446,0.009317858144640923,0.5442725419998169,0.6093176007270813,0.0,0.0,0.07867544144392014,-0.056320711970329285,0.6198260188102722,-0.019498974084854126,0.6459813117980957,-0.0013516852632164955,0.515172004699707,0.27013325691223145,0.015362780541181564,0.9979920387268066,0.0026432292070239782,0.09610677510499954,0.9356310367584229,0.050033584237098694,0.6155937910079956,0.0101094339042902,0.6150831580162048,-0.0071882265619933605,0.5085463523864746,0.0607583187520504,0.1828605830669403,0.845109224319458,0.0,0.0,-0.08121582120656967,0.3922831118106842,0.32858598232269287,0.004781756550073624,0.0011345796519890428,0.46330323815345764,0.054027557373046875,-0.028284288942813873,0.5107275247573853,0.029394395649433136,0.4448353946208954,0.5782123804092407,0.0,0.0,-0.025191666558384895,0.1838509887456894,0.15397553145885468,0.00085399707313627,-0.00014845083933323622,0.06547372043132782,0.009462272748351097,0.01080331951379776,0.5837727785110474,0.00992316659539938,0.5557698607444763,0.6200088262557983,0.0,0.0,0.013209578581154346,-0.05367926508188248,0.6213012933731079,-0.018558956682682037,0.6447951793670654,-0.0024623707868158817,0.4282377362251282,0.1070062518119812,0.14511772990226746,0.7850046157836914,0.0,0.0,0.660398006439209,0.06498415768146515,0.5874383449554443,0.007932830601930618,0.5756429433822632,-0.0020082162227481604,0.5136815309524536,0.0692325010895729,0.2315891683101654,0.8152116537094116,0.0,0.0,0.07390493899583817,0.424711138010025,0.3534136116504669,0.004220902919769287,-0.0009540753089822829,0.46331706643104553,0.05413017421960831,-0.02295518107712269,0.4981193244457245,0.028886765241622925,0.4392382800579071,0.5770613551139832,0.0,0.0,-0.02432986907660961,0.15701255202293396,0.13706865906715393,0.000993738998658955,-0.00018872959481086582,0.06548465043306351,0.009467325173318386,0.014345931820571423
internal256,2948_0.75_1.31.png,0.5798892378807068,0.006843948736786842,0.5427584052085876,0.6007843017578125,0.0,0.0,0.025781741365790367,-0.05631151795387268,0.6199871301651001,-0.01947416365146637,0.6461659073829651,-0.0013516852632164955,0.6383199691772461,0.2201394885778427,0.030269848182797432,0.9970098733901978,0.0005468750023283064,0.03496093675494194,0.8988088369369507,0.04788262024521828,0.6401604413986206,0.01230384036898613,0.6483752727508545,-0.0071882265619933605,0.5085006952285767,0.05692025274038315,0.1743708997964859,0.8481842279434204,0.0,0.0,-0.05985422432422638,0.33720874786376953,0.27730947732925415,0.004044335801154375,0.0008140912977978587,0.38901132345199585,0.04410511627793312,-0.028284288942813873,0.5104236006736755,0.0293418001383543,0.4440835118293762,0.5728809833526611,0.0,0.0,-0.022257236763834953,0.16920140385627747,0.13999025523662567,0.0007764343754388392,-0.00013781517918687314,0.04912163317203522,0.0090181240811944,0.01080331951379776,0.5803687572479248,0.0056711221113801,0.5584709644317627,0.6113629937171936,0.0,0.0,0.004325525369495153,-0.05373260751366615,0.6203720569610596,-0.01869099959731102,0.6437495946884155,-0.0024623707868158817,0.4591391980648041,0.06838446110486984,0.1249137669801712,0.791054904460907,0.0,0.0,0.48815035820007324,0.06473080068826675,0.5921581387519836,0.008473948575556278,0.5824531316757202,-0.0020082162227481604,0.5118104219436646,0.05934368073940277,0.24602435529232025,0.8272274732589722,0.0,0.0,0.06658945977687836,0.36938709020614624,0.3033612370491028,0.003613122506067157,-0.0008571203798055649,0.38906130194664,0.044104814529418945,-0.02295518107712269,0.4984709918498993,0.028913188725709915,0.4404807984828949,0.5741599202156067,0.0,0.0,-0.018616704270243645,0.12618236243724823,0.10514434427022934,0.0007586193387396634,-0.00013631639012601227,0.04911506921052933,0.009022199548780918,0.014345931820571423
internal256,2960_0.83_1.03.png,0.5785490870475769,0.006563759408891201,0.5456671714782715,0.6085803508758545,0.0,0.0,0.032394446432590485,-0.05633055046200752,0.6196296215057373,-0.01952553354203701,0.6457601189613342,-0.0013516852632164955,0.5330537557601929,0.23561201989650726,0.02117457613348961,0.9985529780387878,0.0007812500116415322,0.04911458492279053,0.9557746648788452,0.04972125589847565,0.6161225438117981,0.01042807288467884,0.616108775138855,-0.0071882265619933605,0.5093178153038025,0.0625448152422905,0.19065852463245392,0.824897825717926,0.0,0.0,-0.06436813622713089,0.38187044858932495,0.3204632103443146,0.004678341560065746,0.0008575199171900749,0.41282200813293457,0.04676566645503044,-0.028284288942813873,0.510581374168396,0.02922559529542923,0.44467711448669434,0.5745768547058105,0.0,0.0,-0.020530028268694878,0.16073554754257202,0.13305531442165375,0.0007391059189103544,-0.00012570348917506635,0.048156511038541794,0.008628450334072113,0.01080331951379776,0.5799681544303894,0.006450991611927748,0.5570188164710999,0.6191447973251343,0.0,0.0,0.013113467022776604,-0.05373888090252876,0.6202678084373474,-0.018706541508436203,0.6436315774917603,-0.0024623707868158817,0.44137492775917053,0.0741882249712944,0.13955524563789368,0.7914007902145386,0.0,0.0,0.5478824377059937,0.06487645953893661,0.5887786746025085,0.008162876591086388,0.5776714086532593,-0.0020082162227481604,0.5148129463195801,0.07168152928352356,0.24765032529830933,0.8197727203369141,0.0,0.0,0.08441685140132904,0.41542014479637146,0.3484298884868622,0.004148566164076328,-0.0010895986342802644,0.4128568768501282,0.04675763472914696,-0.02295518107712269,0.49847713112831116,0.02870872989296913,0.44266706705093384,0.5727409720420837,0.0,0.0,-0.020276609808206558,0.1343880146741867,0.11685147881507874,0.0008460546960122883,-0.00015389984764624387,0.04816818982362747,0.008638283237814903,0.014345931820571423
internal256,2961_0.62_0.84.png,0.5768115520477295,0.007173605263233185,0.5363680124282837,0.5975315570831299,0.0,0.0,0.05484398454427719,-0.05635521188378334,0.6191710233688354,-0.019592130556702614,0.6452388167381287,-0.0013516852632164955,0.4196033179759979,0.2136649340391159,0.021207263693213463,0.9984971284866333,0.0013411458348855376,0.030247395858168602,0.8273255228996277,0.051702830940485,0.5906243324279785,0.008406469598412514,0.5812634825706482,-0.0071882265619933605,0.5087332129478455,0.05990273132920265,0.17562861740589142,0.8510624170303345,0.0,0.0,-0.05913334712386131,0.383396178483963,0.31854504346847534,0.004641072824597359,0.0007842389750294387,0.4316255748271942,0.04920282959938049,-0.028284288942813873,0.5105686783790588,0.02912566252052784,0.4437556564807892,0.5786539316177368,0.0,0.0,-0.02341904304921627,0.1540866494178772,0.12803372740745544,0.0007106433622539043,-0.00013934075832366943,0.05425931513309479,0.010155622847378254,0.01080331951379776,0.5781593322753906,0.0055641173385083675,0.553032398223877,0.6028361916542053,0.0,0.0,0.020885728299617767,-0.05376722291111946,0.6197832822799683,-0.018776707351207733,0.6430849432945251,-0.0024623707868158817,0.4148483872413635,0.06694245338439941,0.13574831187725067,0.8058680891990662,0.0,0.0,0.4566788077354431,0.06509394198656082,0.5834735035896301,0.007698370143771172,0.5701644420623779,-0.0020082162227481604,0.513556957244873,0.06816020607948303,0.19683890044689178,0.8628090023994446,0.0,0.0,0.07977673411369324,0.41478532552719116,0.34418660402297974,0.004102080594748259,-0.0010346649214625359,0.4316003620624542,0.04917364567518234,-0.02295518107712269,0.49848419427871704,0.028806040063500404,0.4398752748966217,0.575659990310669,0.0,0.0,-0.01922035962343216,0.1328406035900116,0.1139255166053772,0.0008248640224337578,-0.0001458004117012024,0.05426408350467682,0.010165260173380375,0.014345931820571423
internal256,2962_0.97_1.66.png,0.5870895385742188,0.009059123694896698,0.5386160612106323,0.6108912229537964,0.0,0.0,0.024890290573239326,-0.05620932579040527,0.6219256520271301,-0.01919817179441452,0.6483624577522278,-0.0013516852632164955,0.5741778612136841,0.20571814477443695,0.016278255730867386,0.9979425072669983,0.0013151041930541396,0.04351562634110451,0.9208125472068787,0.049002956598997116,0.6230835914611816,0.011160875670611858,0.625711977481842,-0.0071882265619933605,0.5086589455604553,0.058606162667274475,0.18015921115875244,0.8483420610427856,0.0,0.0,-0.04245080426335335,0.3482643663883209,0.282414048910141,0.004126053303480148,0.0005390047444961965,0.4253196716308594,0.05405638366937637,-0.028284288942813873,0.5105392336845398,0.029398754239082336,0.4435465633869171,0.5790372490882874,0.0,0.0,-0.007500534877181053,0.16472528874874115,0.13600702583789825,0.000753063999582082,-5.441171015263535e-05,0.05039643868803978,0.012846524827182293,0.01080331951379776,0.5872301459312439,0.006812546867877245,0.5545850396156311,0.6152116656303406,0.0,0.0,0.010954340919852257,-0.053625088185071945,0.622217059135437,-0.01842484064400196,0.6458291411399841,-0.0024623707868158817,0.45044445991516113,0.06746096163988113,0.14349322021007538,0.7942180633544922,0.0,0.0,0.47892841696739197,0.06480208784341812,0.5903829336166382,0.00832169409841299,0.5799562931060791,-0.0020082162227481604,0.5120325684547424,0.061992909759283066,0.20972929894924164,0.8545785546302795,0.0,0.0,0.06987966597080231,0.3758624494075775,0.3059382438659668,0.0036288402043282986,-0.0008823248790577054,0.4253227412700653,0.05410601571202278,-0.02295518107712269,0.4983300268650055,0.028783824294805527,0.4410024881362915,0.575870931148529,0.0,0.0,-0.01240351889282465,0.1398295760154724,0.11583471298217773,0.0008347301045432687,-9.592169953975827e-05,0.05040416866540909,0.012873557396233082,0.014345931820571423
internal256,296_0.57_0.78.png,0.576508641242981,0.007659448776394129,0.5456135869026184,0.5983402132987976,0.0,0.0,0.027215328067541122,-0.056359510868787766,0.6190928220748901,-0.01960374042391777,0.6451496481895447,-0.0013516852632164955,0.39949631690979004,0.28721919655799866,0.01644894853234291,0.9806976318359375,0.010516826994717121,0.0005547337350435555,0.8690506815910339,0.0520540326833725,0.5944713950157166,0.008048178628087044,0.585785448551178,-0.0071882265619933605,0.5055149793624878,0.04274344816803932,0.25655415654182434,0.7447973489761353,0.0,0.0,-0.027334827929735184,0.30680185556411743,0.24465371668338776,0.0035329051315784454,0.00035863896482624114,0.42952558398246765,0.05037664622068405,-0.028284288942813873,0.5104965567588806,0.02910907194018364,0.44631147384643555,0.5698225498199463,0.0,0.0,-0.02817666158080101,0.1519920825958252,0.12814167141914368,0.0007116076885722578,-0.000166496291058138,0.06484478712081909,0.010309002362191677,0.01080331951379776,0.5819852352142334,0.008148513734340668,0.5603820085525513,0.6065855622291565,0.0,0.0,0.0006399456178769469,-0.05370728299021721,0.6208134293556213,-0.01862829364836216,0.6442462801933289,-0.0024623707868158817,0.39315497875213623,0.07592438161373138,0.159927636384964,0.6344397664070129,0.0,0.0,0.5578272342681885,0.06527180969715118,0.579753041267395,0.007318495307117701,0.5648120641708374,-0.0020082162227481604,0.5100434422492981,0.05203554034233093,0.2333551049232483,0.8073872923851013,0.0,0.0,0.06324706971645355,0.3308805525302887,0.27318745851516724,0.003248814959079027,-0.0007911042193882167,0.4294930100440979,0.05044425278902054,-0.02295518107712269,0.4985367953777313,0.028737371787428856,0.4439849853515625,0.5726708769798279,0.0,0.0,-0.021050482988357544,0.12871506810188293,0.10979665070772171,0.0007927604019641876,-0.00015564537898171693,0.06484982371330261,0.010319399647414684,0.014345931820571423
internal256,2994_0.81_0.58.png,0.577377438545227,0.0104237524792552,0.5416527986526489,0.6138880252838135,0.0,0.0,0.12355858087539673,-0.05634718015789986,0.6193369626998901,-0.01957044005393982,0.645425021648407,-0.0013516852632164955,0.5748893618583679,0.3266010582447052,0.005755632650107145,0.9982770681381226,0.007044271100312471,0.19117188453674316,0.9160321950912476,0.04899052903056145,0.6356539130210876,0.01117355190217495,0.6415280103683472,-0.0071882265619933605,0.5085314512252808,0.0604570135474205,0.17148111760616302,0.8546662330627441,0.0,0.0,-0.06595936417579651,0.3753258287906647,0.3132331073284149,0.004560926929116249,0.0009126818622462451,0.4908795654773712,0.05772918090224266,-0.028284288942813873,0.5105242133140564,0.029295409098267555,0.44425341486930847,0.5763413310050964,0.0,0.0,-0.025990713387727737,0.1774364709854126,0.14710856974124908,0.0008164168684743345,-0.00015596288722008467,0.07059185951948166,0.012119371443986893,0.01080331951379776,0.5818200707435608,0.009697980247437954,0.5568765997886658,0.627910852432251,0.0,0.0,0.012639944441616535,-0.05370986461639404,0.6207769513130188,-0.018634704872965813,0.6442040801048279,-0.0024623707868158817,0.4600730538368225,0.12235865741968155,0.08435095846652985,0.8021853566169739,0.0,0.0,0.7377089262008667,0.06472314149141312,0.5944252610206604,0.008490300737321377,0.5854264497756958,-0.0020082162227481604,0.5128363966941833,0.06376586109399796,0.2459253966808319,0.815191388130188,0.0,0.0,0.07077089697122574,0.4268358051776886,0.360965371131897,0.0042967121116817,-0.0009142251219600439,0.4908173382282257,0.05774973705410957,-0.02295518107712269,0.4985221326351166,0.02866533026099205,0.43969249725341797,0.5743756890296936,0.0,0.0,-0.024970615282654762,0.14088141918182373,0.12321052700281143,0.0008918759413063526,-0.00018880523566622287,0.0705907940864563,0.012121064588427544,0.014345931820571423
internal256,304_0.72_1.7.png,0.5857475399971008,0.007854499854147434,0.5516985058784485,0.6012195348739624,0.0,0.0,0.0224393792450428,-0.05622836574912071,0.6215587854385376,-0.019249608740210533,0.6479476094245911,-0.0013516852632164955,0.5351686477661133,0.29007989168167114,0.014932229183614254,0.9924023151397705,0.008875739760696888,0.0339774414896965,0.8079685568809509,0.0496843047440052,0.6222071051597595,0.01046575978398323,0.6238411068916321,-0.0071882265619933605,0.5043491125106812,0.035304099321365356,0.2671414613723755,0.7124097347259521,0.0,0.0,0.01641930639743805,0.23499922454357147,0.1839892566204071,0.002647656947374344,-0.0002480942930560559,0.3431786000728607,0.04999854788184166,-0.028284288942813873,0.5102863907814026,0.029264984652400017,0.4460463523864746,0.5719186663627625,0.0,0.0,-0.017445335164666176,0.1628427505493164,0.1325356811285019,0.0007362050819210708,-0.00011099965195171535,0.05510590597987175,0.010241298004984856,0.01080331951379776,0.5892316699028015,0.007148819975554943,0.5646283030509949,0.6106347441673279,0.0,0.0,-0.0,-0.05359373241662979,0.6227593421936035,-0.01834719628095627,0.6464394330978394,-0.0024623707868158817,0.4312726557254791,0.08061271905899048,0.13063839077949524,0.7206763625144958,0.0,0.0,0.5164381265640259,0.06495928764343262,0.5870124697685242,0.007985977455973625,0.575149416923523,-0.0020082162227481604,0.5068320631980896,0.04026641696691513,0.2767627537250519,0.7716690897941589,0.0,0.0,0.06595722585916519,0.26300594210624695,0.21423940360546112,0.002511984435841441,-0.0007761005545035005,0.3431892991065979,0.05004069581627846,-0.02295518107712269,0.49851661920547485,0.02875676192343235,0.4438658356666565,0.5742009878158569,0.0,0.0,-0.004204525146633387,0.12627099454402924,0.11032553762197495,0.0007938221679069102,-2.5085000743274577e-05,0.05510701984167099,0.010259336791932583,0.014345931820571423
internal256,309_0.52_0.96.png,0.5802351236343384,0.013621684163808823,0.5514383912086487,0.6040391325950623,0.0,0.0,0.18762756884098053,-0.056306615471839905,0.6201179623603821,-0.019460909068584442,0.6463086605072021,-0.0013516852632164955,0.3548503816127777,0.33030635118484497,0.00944669358432293,0.9933310151100159,0.007673816755414009,0.007280880119651556,0.6041539311408997,0.05283384025096893,0.5923082232475281,0.007252617739140987,0.5820669531822205,-0.0071882265619933605,0.5050044655799866,0.04330854490399361,0.2319657802581787,0.7493304014205933,0.0,0.0,-0.01102999597787857,0.2921968102455139,0.2315397411584854,0.0033385513816028833,0.00013741137809120119,0.40296146273612976,0.04429824650287628,-0.028284288942813873,0.5105939507484436,0.029173199087381363,0.44550132751464844,0.5768877863883972,0.0,0.0,-0.018771329894661903,0.16888707876205444,0.13911204040050507,0.0007726292824372649,-0.00011143086157971993,0.058857664465904236,0.0085011450573802,0.01080331951379776,0.5864540338516235,0.015102659352123737,0.5590121746063232,0.6197510361671448,0.0,0.0,0.12782765924930573,-0.05363725870847702,0.6220583319664001,-0.01845495030283928,0.6456433534622192,-0.0024623707868158817,0.38243284821510315,0.09737318754196167,0.13591605424880981,0.7262661457061768,0.0,0.0,0.5019761323928833,0.06535971909761429,0.578615665435791,0.007130738813430071,0.5630840063095093,-0.0020082162227481604,0.508453905582428,0.04623839631676674,0.30010607838630676,0.739702045917511,0.0,0.0,0.05554480478167534,0.33354127407073975,0.27188417315483093,0.00320309866219759,-0.0006607092218473554,0.4028245806694031,0.04426012560725212,-0.02295518107712269,0.4984019994735718,0.028966492041945457,0.4414672553539276,0.5734135508537292,0.0,0.0,-0.015387619845569134,0.13562741875648499,0.11463195830583572,0.0008296790183521807,-0.0001184576831292361,0.058876682072877884,0.008494582958519459,0.014345931820571423
internal256,31_0.54_1.13.png,0.575739324092865,0.012664558365941048,0.5531442761421204,0.6029049158096313,0.0,0.0,0.20713312923908234,-0.056370437145233154,0.6189176440238953,-0.019633231684565544,0.6449463963508606,-0.0013516852632164955,0.4275013506412506,0.30261045694351196,0.01777970790863037,0.9148640632629395,0.004437869880348444,0.0,0.8053350448608398,0.05156487599015236,0.601457417011261,0.008547208271920681,0.5953187942504883,-0.0071882265619933605,0.5049149990081787,0.04167230427265167,0.2531792223453522,0.7312299013137817,0.0,0.0,-0.01928381808102131,0.2822078466415405,0.2216123640537262,0.0031951700802892447,0.00025924918008968234,0.39737191796302795,0.04409542307257652,-0.028284288942813873,0.510440468788147,0.02922523394227028,0.445770263671875,0.5727698802947998,0.0,0.0,-0.024743452668190002,0.16114920377731323,0.1313113570213318,0.0007290373323485255,-0.00015045185864437371,0.058627426624298096,0.009041057899594307,0.01080331951379776,0.5810404419898987,0.013930287212133408,0.5590932965278625,0.6156272888183594,0.0,0.0,0.1767597645521164,-0.0537220761179924,0.6205964684486389,-0.018664946779608727,0.6439965963363647,-0.0024623707868158817,0.4105035960674286,0.07664909958839417,0.15872791409492493,0.5736804008483887,0.0,0.0,0.5533556342124939,0.06512955576181412,0.5829483866691589,0.007622288540005684,0.5693828463554382,-0.0020082162227481604,0.5089548230171204,0.047564830631017685,0.29103800654411316,0.7279656529426575,0.0,0.0,0.060679007321596146,0.3286830484867096,0.2683594822883606,0.003175612771883607,-0.0007486050599254668,0.39732256531715393,0.044037722051143646,-0.02295518107712269,0.49853235483169556,0.029102401807904243,0.44306036829948425,0.5716370344161987,0.0,0.0,-0.018339455127716064,0.12408500909805298,0.10174638777971268,0.0007337075658142567,-0.00013317420962266624,0.05863119661808014,0.009038951247930527,0.014345931820571423
internal256,335_0.73_1.53.png,0.5876843929290771,0.008408106863498688,0.569869339466095,0.608803391456604,0.0,0.0,-0.0,-0.05620087310671806,0.6220828890800476,-0.019175369292497635,0.6485409736633301,-0.0013516852632164955,0.6450890898704529,0.33448854088783264,0.011229578405618668,0.9821577072143555,0.01171875,0.21493621170520782,0.8669188022613525,0.04776439070701599,0.6537790298461914,0.012424460612237453,0.6654760837554932,-0.0071882265619933605,0.5051181316375732,0.038420818746089935,0.341415673494339,0.6494561433792114,0.0,0.0,-0.003241169499233365,0.235163152217865,0.1860848069190979,0.002687539905309677,4.060190622112714e-05,0.32874006032943726,0.034388210624456406,-0.028284288942813873,0.5103430151939392,0.02947206422686577,0.44463780522346497,0.5703375935554504,0.0,0.0,-0.00936891045421362,0.16800333559513092,0.1363082081079483,0.000753750849980861,-6.806216697441414e-05,0.04021536931395531,0.0071787843480706215,0.01080331951379776,0.5908529758453369,0.009837303310632706,0.5732261538505554,0.619708240032196,0.0,0.0,-0.0,-0.05356832593679428,0.6232115030288696,-0.018284302204847336,0.6469465494155884,-0.0024623707868158817,0.48094743490219116,0.09931818395853043,0.14770519733428955,0.6516969799995422,0.0,0.0,0.6308500170707703,0.06455199420452118,0.5976981520652771,0.008855833671987057,0.5901118516921997,-0.0020082162227481604,0.5086334943771362,0.044218793511390686,0.2810644209384918,0.7114025354385376,0.0,0.0,0.03748337924480438,0.267727792263031,0.2142709344625473,0.002503888448700309,-0.0004232159990351647,0.3286077082157135,0.03442356735467911,-0.02295518107712269,0.4984888434410095,0.028704224154353142,0.4463002681732178,0.5707555413246155,0.0,0.0,-0.01075780764222145,0.12992918491363525,0.10638672858476639,0.0007646639132872224,-7.949270366225392e-05,0.040200453251600266,0.0071752797812223434,0.014345931820571423
internal256,36_0.6_1.64.png,0.5850602388381958,0.0075911362655460835,0.5625532865524292,0.6077566146850586,0.0,0.0,-0.0,-0.05623812600970268,0.6213729977607727,-0.019275953993201256,0.6477372646331787,-0.0013516852632164955,0.4528573453426361,0.30128464102745056,0.011763349175453186,0.9759777784347534,0.0021495933178812265,0.15625,0.8771698474884033,0.05112199857831001,0.6061806678771973,0.008999031037092209,0.60186767578125,-0.0071882265619933605,0.5048187971115112,0.0393388569355011,0.28161555528640747,0.7567634582519531,0.0,0.0,-0.020567022264003754,0.26212596893310547,0.20543964207172394,0.0029646754264831543,0.0002851752215065062,0.4154163897037506,0.041425492614507675,-0.028284288942813873,0.510502278804779,0.02932172268629074,0.44578343629837036,0.5675654411315918,0.0,0.0,-0.01343455258756876,0.15914517641067505,0.1296147108078003,0.0007184571004472673,-8.833598985802382e-05,0.0656096413731575,0.009138847701251507,0.01080331951379776,0.5907625555992126,0.00782650988548994,0.5711373090744019,0.6170061230659485,0.0,0.0,-0.0,-0.053569745272397995,0.6231771111488342,-0.018287811428308487,0.6469091773033142,-0.0024623707868158817,0.4399643540382385,0.08509436249732971,0.12535929679870605,0.639091432094574,0.0,0.0,0.5448271036148071,0.06488801538944244,0.588854968547821,0.008138176053762436,0.5777416229248047,-0.0020082162227481604,0.5100656151771545,0.05111759528517723,0.2507428526878357,0.801040768623352,0.0,0.0,0.05689353123307228,0.29104143381118774,0.23307110369205475,0.00275191362015903,-0.0006642892840318382,0.41535764932632446,0.04149848222732544,-0.02295518107712269,0.4982724189758301,0.02896564081311226,0.4459114670753479,0.5732123255729675,0.0,0.0,-0.015016973949968815,0.13642936944961548,0.11356952041387558,0.0008199872681871057,-0.00011565709428396076,0.0656043216586113,0.009136823937296867,0.014345931820571423
internal256,402_0.54_1.36.png,0.5734179615974426,0.008381502702832222,0.5397026538848877,0.606262743473053,0.0,0.0,0.034667469561100006,-0.05640337988734245,0.6182798743247986,-0.01972220465540886,0.6442248821258545,-0.0013516852632164955,0.4609278440475464,0.245841383934021,0.001997950254008174,0.9977779984474182,0.01641087234020233,0.011140902526676655,0.7894372344017029,0.05098103731870651,0.6016963720321655,0.009142843075096607,0.5963115096092224,-0.0071882265619933605,0.5057330131530762,0.04480569064617157,0.2060009241104126,0.81456059217453,0.0,0.0,-0.016938190907239914,0.3088739812374115,0.24284103512763977,0.003507156390696764,0.0002139147836714983,0.3866572678089142,0.049402348697185516,-0.028284288942813873,0.5103680491447449,0.029134050011634827,0.44566217064857483,0.5729554295539856,0.0,0.0,-0.0327906459569931,0.15669748187065125,0.1307944655418396,0.0007272722432389855,-0.0001952271704794839,0.05599155277013779,0.010732218623161316,0.01080331951379776,0.5784935355186462,0.009744849987328053,0.5601826906204224,0.6233683228492737,0.0,0.0,0.0035709580406546593,-0.05376199632883072,0.619890034198761,-0.018763748928904533,0.6432029604911804,-0.0024623707868158817,0.41270700097084045,0.07075130194425583,0.07517670094966888,0.7833224534988403,0.0,0.0,0.46602103114128113,0.06511149555444717,0.5831804275512695,0.007660870905965567,0.5697342753410339,-0.0020082162227481604,0.510163426399231,0.055075809359550476,0.2252265065908432,0.8080825805664062,0.0,0.0,0.08719553798437119,0.3628510534763336,0.3027998208999634,0.0036075080279260874,-0.0010869941907003522,0.3866526186466217,0.049442168325185776,-0.02295518107712269,0.49854224920272827,0.02893202379345894,0.43798163533210754,0.5748989582061768,0.0,0.0,-0.021063847467303276,0.1280789077281952,0.10589326918125153,0.0007611055625602603,-0.0001496884651714936,0.05599934980273247,0.010736237280070782,0.014345931820571423
internal256,405_0.62_0.68.png,0.5869851112365723,0.008531820960342884,0.5535601377487183,0.612962543964386,0.0,0.0,0.004652675706893206,-0.056210801005363464,0.621894896030426,-0.019202174618840218,0.6483280658721924,-0.0013516852632164955,0.3542920649051666,0.23023851215839386,0.019523985683918,0.9938934445381165,0.0031434912234544754,0.016688240692019463,0.9021012783050537,0.05284358933568001,0.5806154012680054,0.0072426688857376575,0.5669487118721008,-0.0071882265619933605,0.5035184621810913,0.03671162575483322,0.24364988505840302,0.7498193979263306,0.0,0.0,-0.014774862676858902,0.2509002089500427,0.19970287382602692,0.0028661370743066072,0.00020674560801126063,0.5130068063735962,0.04932057112455368,-0.028284288942813873,0.5106297731399536,0.029294591397047043,0.4459514021873474,0.5749270915985107,0.0,0.0,-0.015673315152525902,0.15299338102340698,0.1262085884809494,0.0006999774486757815,-9.656783367972821e-05,0.09316588193178177,0.013379750773310661,0.01080331951379776,0.5940847992897034,0.011217487044632435,0.5685673952102661,0.6243048310279846,0.0,0.0,-0.0,-0.05351768806576729,0.6240990161895752,-0.018158944323658943,0.6479434967041016,-0.0024623707868158817,0.38964590430259705,0.0719875767827034,0.15467482805252075,0.72831130027771,0.0,0.0,0.5569937229156494,0.06530057638883591,0.5790039300918579,0.0072570499032735825,0.5637504458427429,-0.0020082162227481604,0.5069113969802856,0.039111606776714325,0.3263923227787018,0.7044755220413208,0.0,0.0,0.047499753534793854,0.2735685706138611,0.222625732421875,0.0026102461852133274,-0.0005493071512319148,0.5129331350326538,0.04939167946577072,-0.02295518107712269,0.4981388747692108,0.029186585918068886,0.4391779601573944,0.5715423226356506,0.0,0.0,-0.012784436345100403,0.12868961691856384,0.10865700244903564,0.0007853900315240026,-9.895533003145829e-05,0.09317697584629059,0.013380685821175575,0.014345931820571423
internal256,408_0.9_0.87.png,0.5930449962615967,0.008980898186564445,0.5606651902198792,0.6199893951416016,0.0,0.0,0.000919351470656693,-0.05612478405237198,0.6235377192497253,-0.018969902768731117,0.6501866579055786,-0.0013516852632164955,0.4492667019367218,0.2508501708507538,0.03085041604936123,0.9935213923454285,0.0014561760472133756,0.02748243324458599,0.9558616876602173,0.05118471756577492,0.5998709797859192,0.008935048244893551,0.593738853931427,-0.0071882265619933605,0.5036159157752991,0.035876452922821045,0.2672572433948517,0.7281235456466675,0.0,0.0,-0.005412782542407513,0.23015505075454712,0.18385770916938782,0.0026402194052934647,7.564323459519073e-05,0.49174338579177856,0.05090552568435669,-0.028284288942813873,0.5105756521224976,0.029403695836663246,0.44508302211761475,0.5727972984313965,0.0,0.0,-0.00779318530112505,0.15447856485843658,0.12715910375118256,0.0007040249183773994,-5.513214637176134e-05,0.08292677253484726,0.014073806814849377,0.01080331951379776,0.5994837284088135,0.011534471064805984,0.5723668336868286,0.6302334666252136,0.0,0.0,0.015255546197295189,-0.05343309044837952,0.6255802512168884,-0.017949508503079414,0.6496068835258484,-0.0024623707868158817,0.4166773557662964,0.07113825529813766,0.18945501744747162,0.7253395915031433,0.0,0.0,0.5586658716201782,0.06507894396781921,0.5839359760284424,0.007730396464467049,0.5708100199699402,-0.0020082162227481604,0.5065730214118958,0.0375012531876564,0.32926636934280396,0.6980878710746765,0.0,0.0,0.041729170829057693,0.24688184261322021,0.20104730129241943,0.0023488958831876516,-0.00047226002789102495,0.4917002320289612,0.05098734423518181,-0.02295518107712269,0.49806106090545654,0.02922409400343895,0.4403199851512909,0.570056140422821,0.0,0.0,-0.00875009410083294,0.1260683834552765,0.10440871864557266,0.0007517017656937242,-6.81490491842851e-05,0.08293981850147247,0.014071408659219742,0.014345931820571423
internal256,414_0.52_1.27.png,0.572906494140625,0.009415114298462868,0.5537121891975403,0.5989309549331665,0.0,0.0,0.08223147690296173,-0.056410644203424454,0.6181503534317017,-0.019741812720894814,0.6440767645835876,-0.0013516852632164955,0.5306075811386108,0.28826820850372314,0.011937829665839672,0.9801908135414124,0.004183616954833269,0.0023576184175908566,0.8906851410865784,0.04976397752761841,0.6209844350814819,0.010384483262896538,0.6222074031829834,-0.0071882265619933605,0.507075309753418,0.050345566123723984,0.2774900496006012,0.7485979795455933,0.0,0.0,-0.04513973742723465,0.34944015741348267,0.28221988677978516,0.004094635136425495,0.0006150511908344924,0.3833825886249542,0.047364965081214905,-0.028284288942813873,0.5103890895843506,0.0292227640748024,0.4471345841884613,0.5749754905700684,0.0,0.0,-0.029349710792303085,0.16604498028755188,0.13751378655433655,0.0007643174030818045,-0.00017823865346144885,0.047919899225234985,0.008698854595422745,0.01080331951379776,0.5774654746055603,0.010476057417690754,0.5613664388656616,0.6089295148849487,0.0,0.0,0.0003430882643442601,-0.053778089582920074,0.6196209192276001,-0.01880362443625927,0.6428984999656677,-0.0024623707868158817,0.43492868542671204,0.07200628519058228,0.14264151453971863,0.7030168771743774,0.0,0.0,0.5393381118774414,0.0649293065071106,0.5874531269073486,0.008049995638430119,0.5758028030395508,-0.0020082162227481604,0.5128598213195801,0.06508148461580276,0.24909242987632751,0.8058428168296814,0.0,0.0,0.07555390894412994,0.40175965428352356,0.336299866437912,0.004020447842776775,-0.0009707133867777884,0.3833497166633606,0.047435976564884186,-0.02295518107712269,0.49859383702278137,0.028956493362784386,0.43933427333831787,0.5720915198326111,0.0,0.0,-0.02537817694246769,0.13086166977882385,0.10952021181583405,0.0007905971724539995,-0.0001853558496804908,0.04792453348636627,0.00871549267321825,0.014345931820571423
internal256,418_0.66_0.66.png,0.5779675841331482,0.011379214935004711,0.5514630675315857,0.6121012568473816,0.0,0.0,0.1250654011964798,-0.056338801980018616,0.6194993257522583,-0.019547821953892708,0.6456085443496704,-0.0013516852632164955,0.3982013463973999,0.29612666368484497,0.009169947355985641,0.9891760945320129,0.007951183244585991,0.09425850957632065,0.8529006838798523,0.05207664892077446,0.5952996015548706,0.008025099523365498,0.5868218541145325,-0.0071882265619933605,0.5066636800765991,0.05018017813563347,0.24759921431541443,0.7889664173126221,0.0,0.0,-0.05280986800789833,0.3406357765197754,0.27478495240211487,0.00398089038208127,0.0007392361876554787,0.4462544918060303,0.049546241760253906,-0.028284288942813873,0.5105674266815186,0.02918710745871067,0.4462754726409912,0.5707103610038757,0.0,0.0,-0.022461209446191788,0.16053199768066406,0.13259641826152802,0.0007364272023551166,-0.00013566068082582206,0.06693623960018158,0.008909993804991245,0.01080331951379776,0.5831596851348877,0.011677036993205547,0.5619419813156128,0.623987078666687,0.0,0.0,0.000919351470656693,-0.05368886888027191,0.6211473941802979,-0.01858273707330227,0.6446202397346497,-0.0024623707868158817,0.4130736291408539,0.09777166694402695,0.12626171112060547,0.7504755854606628,0.0,0.0,0.6070197224617004,0.06510849297046661,0.5841830968856812,0.00766729237511754,0.5710578560829163,-0.0020082162227481604,0.5123671293258667,0.06445040553808212,0.25518637895584106,0.8157278299331665,0.0,0.0,0.0762084573507309,0.3801482617855072,0.31442612409591675,0.0037576165050268173,-0.0009629828855395317,0.44621536135673523,0.04957474023103714,-0.02295518107712269,0.4983469247817993,0.028951553627848625,0.44094109535217285,0.5742649435997009,0.0,0.0,-0.01988617144525051,0.1354404091835022,0.11692491918802261,0.000846540613565594,-0.0001519620418548584,0.06693897396326065,0.008913490921258926,0.014345931820571423
internal256,433_0.62_1.02.png,0.5786812901496887,0.006189459934830666,0.5524377226829529,0.6052077412605286,0.0,0.0,0.002662937855347991,-0.0563286729156971,0.619663417339325,-0.019520461559295654,0.6457986831665039,-0.0013516852632164955,0.5958142876625061,0.31734710931777954,0.012814492918550968,0.9880245327949524,0.008066752925515175,0.0011325813829898834,0.7629907131195068,0.048625048249959946,0.6394917964935303,0.011546417139470577,0.6467340588569641,-0.0071882265619933605,0.5063357353210449,0.044554587453603745,0.2678869664669037,0.7851580381393433,0.0,0.0,-0.024563809856772423,0.2983768582344055,0.23919448256492615,0.003468744922429323,0.0003249892615713179,0.36004093289375305,0.03896165266633034,-0.028284288942813873,0.5105252861976624,0.029240228235721588,0.44694072008132935,0.5725905895233154,0.0,0.0,-0.025702612474560738,0.15303342044353485,0.12975212931632996,0.0007214352954179049,-0.00015556751168332994,0.05017239600419998,0.007252550683915615,0.01080331951379776,0.5849487781524658,0.007531141396611929,0.5643578767776489,0.6181045174598694,0.0,0.0,-0.0,-0.053660839796066284,0.6216055154800415,-0.018513336777687073,0.6451396942138672,-0.0024623707868158817,0.43381813168525696,0.08284401148557663,0.1524737924337387,0.6983150839805603,0.0,0.0,0.5078945159912109,0.06493840366601944,0.5875794887542725,0.008030548691749573,0.5759449005126953,-0.0020082162227481604,0.5119495391845703,0.05892197787761688,0.2632167935371399,0.7618304491043091,0.0,0.0,0.0786743089556694,0.339454710483551,0.2842610478401184,0.003381825517863035,-0.0009625438833609223,0.36017000675201416,0.03899819403886795,-0.02295518107712269,0.49847015738487244,0.028423979878425598,0.44326990842819214,0.5740557312965393,0.0,0.0,-0.021457431837916374,0.13153894245624542,0.11350354552268982,0.0008192337700165808,-0.0001596794609213248,0.05017545819282532,0.007253730203956366,0.014345931820571423
internal256,478_0.53_0.59.png,0.5799996256828308,0.00909923855215311,0.5560696721076965,0.6010013222694397,0.0,0.0,0.000919351470656693,-0.056309960782527924,0.6200265884399414,-0.019469933584332466,0.6462091207504272,-0.0013516852632164955,0.46676862239837646,0.34067901968955994,0.009443557821214199,0.9820048809051514,0.0033515163231641054,0.0005316198221407831,0.751569926738739,0.05087902024388313,0.6139695644378662,0.009246918372809887,0.6120566725730896,-0.0071882265619933605,0.5064327716827393,0.04556824266910553,0.28520092368125916,0.734334409236908,0.0,0.0,-0.03697279095649719,0.3061632812023163,0.2453702688217163,0.003557040588930249,0.0004936268669553101,0.3569563627243042,0.034982603043317795,-0.028284288942813873,0.5105311274528503,0.029163146391510963,0.44710275530815125,0.5706961750984192,0.0,0.0,-0.020787864923477173,0.15870724618434906,0.1314629465341568,0.000730392406694591,-0.0001263412123080343,0.04817158728837967,0.00594966858625412,0.01080331951379776,0.5848988890647888,0.010562571696937084,0.5664188861846924,0.612479031085968,0.0,0.0,-0.0,-0.05366161838173866,0.6216074228286743,-0.018515270203351974,0.6451396942138672,-0.0024623707868158817,0.4185411036014557,0.08470851927995682,0.1523033082485199,0.6904106736183167,0.0,0.0,0.5211421847343445,0.06506367027759552,0.5847205519676208,0.007763033267110586,0.5718784332275391,-0.0020082162227481604,0.512100875377655,0.06082019954919815,0.2903531491756439,0.7647961378097534,0.0,0.0,0.07141219824552536,0.3430430591106415,0.28358814120292664,0.003384873503819108,-0.0008879327215254307,0.3569827973842621,0.03503703698515892,-0.02295518107712269,0.49850165843963623,0.028711259365081787,0.444609135389328,0.5716394782066345,0.0,0.0,-0.01990775763988495,0.13574230670928955,0.1172676533460617,0.0008491473272442818,-0.00015192796126939356,0.048169463872909546,0.005953543353825808,0.014345931820571423
internal256,47_0.86_1.82.png,0.5939931273460388,0.012938826344907284,0.5647249817848206,0.6196825504302979,0.0,0.0,-0.0,-0.056111324578523636,0.623819887638092,-0.01893356256186962,0.6505022644996643,-0.0013516852632164955,0.517737627029419,0.29126691818237305,0.04825000837445259,0.9906859993934631,2.3113905626814812e-05,0.1535225659608841,0.9344056248664856,0.049988776445388794,0.6184865832328796,0.010155148804187775,0.6187958121299744,-0.0071882265619933605,0.504399299621582,0.037842705845832825,0.30694544315338135,0.6757346987724304,0.0,0.0,0.008680982515215874,0.23725499212741852,0.19032156467437744,0.0027410625480115414,-0.00012840436829719692,0.35997486114501953,0.05059508606791496,-0.028284288942813873,0.5103514194488525,0.029524963349103928,0.44179001450538635,0.5677706599235535,0.0,0.0,-0.0024202836211770773,0.1669444739818573,0.13709276914596558,0.0007574011688120663,-2.8436435968615115e-05,0.055245835334062576,0.011962363496422768,0.01080331951379776,0.5979721546173096,0.013387005776166916,0.571978747844696,0.6277477741241455,0.0,0.0,0.003791490104049444,-0.05345676839351654,0.6251776814460754,-0.018008142709732056,0.6491531729698181,-0.0024623707868158817,0.4518507719039917,0.08730030059814453,0.22634606063365936,0.7272350788116455,0.0,0.0,0.584080159664154,0.06479055434465408,0.5912863612174988,0.008346319198608398,0.5811647176742554,-0.0020082162227481604,0.5066298842430115,0.038879819214344025,0.30955979228019714,0.7188786864280701,0.0,0.0,0.033086296170949936,0.2519358992576599,0.20431798696517944,0.00239389855414629,-0.00037374740350060165,0.36001649498939514,0.050455376505851746,-0.02295518107712269,0.4980635941028595,0.029230253770947456,0.4405432939529419,0.569771409034729,0.0,0.0,-0.004540764726698399,0.13200265169143677,0.10834234952926636,0.0007776523707434535,-3.325249417684972e-05,0.055275190621614456,0.011954193003475666,0.014345931820571423
internal256,488_0.53_1.25.png,0.5798516869544983,0.00572681799530983,0.5643109083175659,0.599621057510376,0.0,0.0,-0.0,-0.05631205439567566,0.6199731826782227,-0.019475605338811874,0.6461506485939026,-0.0013516852632164955,0.6274514198303223,0.29373085498809814,0.02066037431359291,0.9878644347190857,0.001641087350435555,0.001849112450145185,0.7410615682601929,0.0480724535882473,0.6445437073707581,0.012110171839594841,0.6536440849304199,-0.0071882265619933605,0.5059370994567871,0.040963828563690186,0.2883586883544922,0.70628422498703,0.0,0.0,-0.007328132167458534,0.24220570921897888,0.19247914850711823,0.0027888414915651083,8.525423618266359e-05,0.30628859996795654,0.03731822595000267,-0.028284288942813873,0.5103646516799927,0.02928713709115982,0.4464718997478485,0.5683761835098267,0.0,0.0,-0.023460950702428818,0.15025970339775085,0.12677772343158722,0.0007041132776066661,-0.0001448862167308107,0.04268473759293556,0.006535376887768507,0.01080331951379776,0.5842740535736084,0.006679798010736704,0.5702927112579346,0.6090834736824036,0.0,0.0,-0.0,-0.05367141589522362,0.6214208006858826,-0.018539512529969215,0.644931972026825,-0.0024623707868158817,0.44444790482521057,0.059726741164922714,0.19858324527740479,0.6385136842727661,0.0,0.0,0.42592594027519226,0.06485125422477722,0.5889909863471985,0.00821668840944767,0.5780130624771118,-0.0020082162227481604,0.5090330243110657,0.04528448358178139,0.3267001211643219,0.7027893662452698,0.0,0.0,0.06058866158127785,0.28643998503685,0.2380959838628769,0.002805257448926568,-0.0007276670658029616,0.3064403831958771,0.03738505393266678,-0.02295518107712269,0.4985838234424591,0.02846757508814335,0.4454670548439026,0.5696713924407959,0.0,0.0,-0.015073688700795174,0.11754448711872101,0.0969497412443161,0.0006969707901589572,-0.00010679927072487772,0.04267922416329384,0.006532145198434591,0.014345931820571423
internal256,489_0.98_1.77.png,0.5916171073913574,0.008772650733590126,0.5686610341072083,0.612263023853302,0.0,0.0,-0.0,-0.05614505335688591,0.6231486797332764,-0.01902463100850582,0.6497468948364258,-0.0013516852632164955,0.6420291066169739,0.32031458616256714,0.046381138265132904,0.984154462814331,6.934171688044444e-05,0.2448687106370926,0.8534799814224243,0.047817833721637726,0.6512773036956787,0.012369934469461441,0.6623075008392334,-0.0071882265619933605,0.5048534274101257,0.037190116941928864,0.35231414437294006,0.6610933542251587,0.0,0.0,0.008041119202971458,0.213211327791214,0.17151327431201935,0.002474552486091852,-0.0001187037632917054,0.3280009329319,0.03906647861003876,-0.028284288942813873,0.5103027820587158,0.029606405645608902,0.4445471465587616,0.5652335286140442,0.0,0.0,-0.0015939038712531328,0.1697593480348587,0.13932611048221588,0.0007679443224333227,-2.5422379621886648e-05,0.03379010036587715,0.007841655053198338,0.01080331951379776,0.5934264063835144,0.00914360024034977,0.5752970576286316,0.6183397173881531,0.0,0.0,-0.0,-0.05352800339460373,0.6239078044891357,-0.01818447932600975,0.6477301120758057,-0.0024623707868158817,0.4833894670009613,0.09298828989267349,0.21503111720085144,0.6492372751235962,0.0,0.0,0.6124446392059326,0.06453197449445724,0.5979671478271484,0.008898594416677952,0.5905112028121948,-0.0020082162227481604,0.5075024366378784,0.03943466767668724,0.3180288076400757,0.7141666412353516,0.0,0.0,0.028111878782510757,0.2317417860031128,0.18798157572746277,0.0021976411808282137,-0.000309550465317443,0.327857106924057,0.039066802710294724,-0.02295518107712269,0.4983375072479248,0.028933638706803322,0.44494515657424927,0.5673002004623413,0.0,0.0,-0.00342216482385993,0.1291254162788391,0.10628467053174973,0.0007625435828231275,-2.3249047444551252e-05,0.03376996889710426,0.007840992882847786,0.014345931820571423
internal256,502_0.56_1.0.png,0.5874683260917664,0.009952093474566936,0.5557034015655518,0.6117703318595886,0.0,0.0,0.01256089098751545,-0.056203942745923996,0.6220324635505676,-0.019183656200766563,0.6484827399253845,-0.0013516852632164955,0.38349753618240356,0.2743035554885864,0.021990539506077766,0.9948804378509521,0.000739644980058074,0.11321190744638443,0.8062031269073486,0.05233347788453102,0.5901632905006409,0.00776308961212635,0.5799082517623901,-0.0071882265619933605,0.5046934485435486,0.03875483199954033,0.29248639941215515,0.6788129806518555,0.0,0.0,-0.007711322978138924,0.24623353779315948,0.1967276632785797,0.0028342879377305508,9.58125528995879e-05,0.414175808429718,0.04531486704945564,-0.028284288942813873,0.5105708837509155,0.02927786111831665,0.4447998106479645,0.5690805315971375,0.0,0.0,-0.008270838297903538,0.15755963325500488,0.12881478667259216,0.000714174413587898,-5.6560864322818816e-05,0.06066235899925232,0.00948843639343977,0.01080331951379776,0.5928100943565369,0.009798950515687466,0.5646295547485352,0.6224365830421448,0.0,0.0,-0.0,-0.053537655621767044,0.6237432956695557,-0.01820838823914528,0.6475447416305542,-0.0024623707868158817,0.4156167805194855,0.08268721401691437,0.19401520490646362,0.7540550827980042,0.0,0.0,0.5210021138191223,0.06508763879537582,0.5841009616851807,0.007711825426667929,0.5710039734840393,-0.0020082162227481604,0.5076497197151184,0.04151802137494087,0.28161919116973877,0.7360244393348694,0.0,0.0,0.044500093907117844,0.28223153948783875,0.229837566614151,0.0026874314062297344,-0.0005010373424738646,0.41414621472358704,0.04529091343283653,-0.02295518107712269,0.4983413517475128,0.028951013460755348,0.44291961193084717,0.5689485669136047,0.0,0.0,-0.010362299159169197,0.13428813219070435,0.11116167902946472,0.0008029913296923041,-8.268859528470784e-05,0.06066003069281578,0.009474729187786579,0.014345931820571423
internal256,508_0.87_0.92.png,0.5823906064033508,0.010747641324996948,0.5648859739303589,0.6101062893867493,0.0,0.0,-0.0,-0.056276023387908936,0.6206737160682678,-0.019378282129764557,0.6469420790672302,-0.0013516852632164955,0.5833886861801147,0.3804543912410736,0.010977930389344692,0.9782128930091858,0.011094674468040466,0.003651997074484825,0.6997234225273132,0.04884207621216774,0.644858717918396,0.011325005441904068,0.6532106399536133,-0.0071882265619933605,0.5055745244026184,0.04280781000852585,0.301113486289978,0.7227956056594849,0.0,0.0,-0.027179326862096786,0.26798516511917114,0.2137194573879242,0.00309527269564569,0.0003766919835470617,0.41829678416252136,0.03774742782115936,-0.028284288942813873,0.5104305148124695,0.029326796531677246,0.4465583860874176,0.5746789574623108,0.0,0.0,-0.020100852474570274,0.17020250856876373,0.13943126797676086,0.0007738418062217534,-0.00012540195893961936,0.06715088337659836,0.008677130565047264,0.01080331951379776,0.5873153209686279,0.012227417901158333,0.5681341886520386,0.6214408278465271,0.0,0.0,-0.0,-0.053623754531145096,0.6222687363624573,-0.018421538174152374,0.645883321762085,-0.0024623707868158817,0.45400315523147583,0.11366212368011475,0.1399160623550415,0.6803455948829651,0.0,0.0,0.5618018507957458,0.06477291136980057,0.5927889347076416,0.008384011685848236,0.5831689834594727,-0.0020082162227481604,0.5103903412818909,0.05181090906262398,0.28700166940689087,0.749187171459198,0.0,0.0,0.06578048318624496,0.31052011251449585,0.25686994194984436,0.0030415672808885574,-0.0007958662463352084,0.4182848632335663,0.03778053820133209,-0.02295518107712269,0.49838554859161377,0.028813527897000313,0.4380200505256653,0.5714898705482483,0.0,0.0,-0.018595131114125252,0.13001812994480133,0.11096011102199554,0.0008006936404854059,-0.00013899242912884802,0.06715058535337448,0.008665799163281918,0.014345931820571423
internal256,509_0.63_1.2.png,0.5870388746261597,0.01152477040886879,0.5526710152626038,0.6086004376411438,0.0,0.0,0.06323526799678802,-0.05621003732085228,0.6219261288642883,-0.019200114533305168,0.6483609080314636,-0.0013516852632164955,0.3634461760520935,0.2527852952480316,0.034397754818201065,0.9960712194442749,0.00020802515791729093,0.008367233909666538,0.8816720843315125,0.05268369987607002,0.5844014286994934,0.007405789103358984,0.5720466375350952,-0.0071882265619933605,0.5036101937294006,0.036254897713661194,0.24370236694812775,0.749933123588562,0.0,0.0,-0.0070341285318136215,0.23520012199878693,0.1854567527770996,0.0026652778033167124,9.579017932992429e-05,0.43650394678115845,0.04121008887887001,-0.028284288942813873,0.5105862617492676,0.029277456924319267,0.44441118836402893,0.5693036913871765,0.0,0.0,-0.013036664575338364,0.1511652022600174,0.12479698657989502,0.0006922539323568344,-8.184683247236535e-05,0.07495173066854477,0.008695344440639019,0.01080331951379776,0.5937838554382324,0.014760292135179043,0.5622562766075134,0.6239252090454102,0.0,0.0,0.0011874446645379066,-0.05352240800857544,0.6240424513816833,-0.018170610070228577,0.647876501083374,-0.0024623707868158817,0.39014142751693726,0.077474445104599,0.20087233185768127,0.7656678557395935,0.0,0.0,0.5757583975791931,0.06529651582241058,0.5792620182037354,0.0072657261043787,0.564100980758667,-0.0020082162227481604,0.5069925785064697,0.03994175046682358,0.3235090970993042,0.7141220569610596,0.0,0.0,0.04527868703007698,0.25984349846839905,0.2106095552444458,0.002471919870004058,-0.00053043058142066,0.4364655613899231,0.04119986668229103,-0.02295518107712269,0.49821165204048157,0.02918323129415512,0.4394177496433258,0.5725558996200562,0.0,0.0,-0.00940028578042984,0.12266181409358978,0.10161708295345306,0.000733227061573416,-7.249902409967035e-05,0.0749719962477684,0.008691280148923397,0.014345931820571423
internal256,521_0.93_1.49.png,0.5892050862312317,0.007698205765336752,0.5680422186851501,0.6100047826766968,0.0,0.0,-0.0,-0.05617928504943848,0.6224903464317322,-0.01911708526313305,0.649002730846405,-0.0013516852632164955,0.6270227432250977,0.3475322425365448,0.01858726516366005,0.9887174367904663,0.0018028846243396401,0.08979752659797668,0.8022370934486389,0.04807993769645691,0.650897741317749,0.01210253220051527,0.6615570783615112,-0.0071882265619933605,0.5037019848823547,0.03371049463748932,0.34358030557632446,0.6469425559043884,0.0,0.0,0.013660038821399212,0.22391065955162048,0.1761200875043869,0.002531104488298297,-0.00019198709924239665,0.3584699034690857,0.045576076954603195,-0.028284288942813873,0.5103386044502258,0.02946067973971367,0.4445793330669403,0.5717710256576538,0.0,0.0,-0.009165960364043713,0.16165684163570404,0.13380658626556396,0.0007397107547149062,-6.629672134295106e-05,0.05169001594185829,0.009956586174666882,0.01080331951379776,0.5938395857810974,0.00796759594231844,0.573554515838623,0.6170749068260193,0.0,0.0,-0.0,-0.053521528840065,0.6240147948265076,-0.01816844940185547,0.6478511691093445,-0.0024623707868158817,0.4668424725532532,0.09377629309892654,0.16431571543216705,0.6755052804946899,0.0,0.0,0.5935540795326233,0.06466764211654663,0.5945594310760498,0.008608837611973286,0.5857407450675964,-0.0020082162227481604,0.5065547227859497,0.037318479269742966,0.32660824060440063,0.69752436876297,0.0,0.0,0.031724344938993454,0.24259212613105774,0.19747473299503326,0.0023133151698857546,-0.00035111175384372473,0.3584616780281067,0.04569680243730545,-0.02295518107712269,0.49839791655540466,0.028737157583236694,0.4427928626537323,0.5681804418563843,0.0,0.0,-0.004957147873938084,0.12234628945589066,0.10320907086133957,0.0007416129810735583,-3.303954508737661e-05,0.05168704316020012,0.00996923353523016,0.014345931820571423
internal256,52_0.54_1.25.png,0.5797132253646851,0.01179276593029499,0.5510717034339905,0.6021403670310974,0.0,0.0,0.1626843810081482,-0.056314025074243546,0.6199660301208496,-0.019480912014842033,0.6461381316184998,-0.0013516852632164955,0.36742305755615234,0.28134867548942566,0.020148614421486855,0.9904344081878662,0.004183616954833269,0.0022420487366616726,0.7622135281562805,0.0526142343878746,0.5882238745689392,0.007476655766367912,0.5770680904388428,-0.0071882265619933605,0.5039946436882019,0.03778204694390297,0.2756907641887665,0.7501744031906128,0.0,0.0,-0.015203366056084633,0.26470401883125305,0.2056036740541458,0.0029564504511654377,0.00020573922665789723,0.45148158073425293,0.04684510827064514,-0.028284288942813873,0.5104300379753113,0.029162483289837837,0.4444727897644043,0.5704772472381592,0.0,0.0,-0.020431037992239,0.14909668266773224,0.12220599502325058,0.0006778863607905805,-0.00012523088662419468,0.07169488072395325,0.012308151461184025,0.01080331951379776,0.5851544737815857,0.011927805840969086,0.5595877766609192,0.6138916015625,0.0,0.0,0.03388078510761261,-0.053657617419958115,0.6216846108436584,-0.018505355343222618,0.6452255845069885,-0.0024623707868158817,0.40135788917541504,0.07543374598026276,0.1618700474500656,0.7183825969696045,0.0,0.0,0.5232418775558472,0.06520455330610275,0.5812245607376099,0.007462135516107082,0.5669232606887817,-0.0020082162227481604,0.5076265335083008,0.04309592396020889,0.30200937390327454,0.7320543527603149,0.0,0.0,0.05325627326965332,0.2950247824192047,0.23750005662441254,0.002799773123115301,-0.0006402579601854086,0.45134538412094116,0.04691961407661438,-0.02295518107712269,0.4984112083911896,0.02916439063847065,0.4417504668235779,0.5745635032653809,0.0,0.0,-0.014191054739058018,0.11974038928747177,0.09794237464666367,0.0007060033385641873,-0.00010392833792138845,0.07168878614902496,0.01230267807841301,0.014345931820571423
internal256,534_0.97_1.03.png,0.5869335532188416,0.008037096820771694,0.5573855638504028,0.6136247515678406,0.0,0.0,0.000919351470656693,-0.056211527436971664,0.6218787431716919,-0.01920415461063385,0.6483100056648254,-0.0013516852632164955,0.5401551127433777,0.3257911503314972,0.008095632307231426,0.9942063093185425,0.009106879122555256,0.11127033829689026,0.8776545524597168,0.04959722235798836,0.6275928616523743,0.01055461261421442,0.6307288408279419,-0.0071882265619933605,0.5050604343414307,0.03932345286011696,0.26800066232681274,0.7629134654998779,0.0,0.0,-0.012994064949452877,0.24189740419387817,0.19002211093902588,0.0027452106587588787,0.0001730062795104459,0.4066438376903534,0.04309555143117905,-0.028284288942813873,0.5104093551635742,0.02935880608856678,0.4452242851257324,0.5710254311561584,0.0,0.0,-0.01277658250182867,0.1547042429447174,0.12710346281528473,0.0007037960458546877,-8.599204738857225e-05,0.058668386191129684,0.009858697652816772,0.01080331951379776,0.5906340479850769,0.009173066355288029,0.568467915058136,0.6254105567932129,0.0,0.0,0.0003430882643442601,-0.053571753203868866,0.6231486201286316,-0.018292797729372978,0.6468762159347534,-0.0024623707868158817,0.4548099637031555,0.08789421617984772,0.1439036875963211,0.7532719373703003,0.0,0.0,0.6019496917724609,0.0647662952542305,0.5919008851051331,0.008398137986660004,0.5820278525352478,-0.0020082162227481604,0.5092061161994934,0.04696311801671982,0.2333696186542511,0.7874164581298828,0.0,0.0,0.0522928424179554,0.2724544405937195,0.21806134283542633,0.0025671932380646467,-0.0006195037276484072,0.4065936505794525,0.04318837821483612,-0.02295518107712269,0.49837273359298706,0.028780538588762283,0.4391321837902069,0.5732356905937195,0.0,0.0,-0.011996524408459663,0.12212447077035904,0.10129296779632568,0.0007287416374310851,-8.844803960528225e-05,0.05866607651114464,0.009867559187114239,0.014345931820571423
internal256,543_0.51_0.66.png,0.5784546732902527,0.007952208630740643,0.5356214046478271,0.6053096652030945,0.0,0.0,0.03361725062131882,-0.05633188411593437,0.6196101903915405,-0.019529150798916817,0.6457371711730957,-0.0013516852632164955,0.3621174395084381,0.2708577513694763,0.013898293487727642,0.9984241724014282,0.02306767739355564,0.009476701728999615,0.9157072901725769,0.05270691215991974,0.5861412882804871,0.007382111623883247,0.5742667317390442,-0.0071882265619933605,0.5037804245948792,0.03968420997262001,0.23989538848400116,0.7678257822990417,0.0,0.0,-0.035981349647045135,0.3014915883541107,0.24264582991600037,0.0034810425713658333,0.0005120118148624897,0.5939316749572754,0.06188252195715904,-0.028284288942813873,0.5106200575828552,0.02916840836405754,0.4444497525691986,0.5769822597503662,0.0,0.0,-0.027320755645632744,0.14861740171909332,0.1253480613231659,0.0006955362041480839,-0.00016027923265937716,0.11382609605789185,0.014076845720410347,0.01080331951379776,0.5863066911697388,0.00812921579927206,0.5593200922012329,0.6174339056015015,0.0,0.0,0.0019473518477752805,-0.05363956466317177,0.6219735741615295,-0.01846066489815712,0.6455540060997009,-0.0024623707868158817,0.3587718904018402,0.07974687218666077,0.11894243210554123,0.7865214347839355,0.0,0.0,0.5927249789237976,0.0655537098646164,0.573908805847168,0.006716412492096424,0.5563578605651855,-0.0020082162227481604,0.5078170299530029,0.043579861521720886,0.2838321328163147,0.7520509362220764,0.0,0.0,0.060317594558000565,0.32559674978256226,0.2684049904346466,0.003162230597808957,-0.0007226041634567082,0.5938757658004761,0.061947308480739594,-0.02295518107712269,0.498295396566391,0.028796112164855003,0.43322041630744934,0.5719003677368164,0.0,0.0,-0.01792147569358349,0.12976829707622528,0.11238190531730652,0.0008110980852507055,-0.00013463983486872166,0.11384189873933792,0.014070268720388412,0.014345931820571423
internal256,545_0.7_0.92.png,0.5737342238426208,0.009190458804368973,0.5419837236404419,0.6025248765945435,0.0,0.0,0.1156582459807396,-0.056398894637823105,0.6183671951293945,-0.019710086286067963,0.6443235874176025,-0.0013516852632164955,0.4006096124649048,0.2712447941303253,0.013592868112027645,0.9936127066612244,0.005940273869782686,0.021750185638666153,0.9388599991798401,0.052034586668014526,0.5928484797477722,0.008068014867603779,0.5837235450744629,-0.0071882265619933605,0.506817638874054,0.05157724395394325,0.2548099160194397,0.7795155048370361,0.0,0.0,-0.051417361944913864,0.35420140624046326,0.2866954505443573,0.004149562679231167,0.0007057493203319609,0.47917500138282776,0.057714372873306274,-0.028284288942813873,0.5104789733886719,0.029155518859624863,0.4449317157268524,0.57080078125,0.0,0.0,-0.02969443053007126,0.16452080011367798,0.13828949630260468,0.0007680039270780981,-0.00017669038788881153,0.07369410246610641,0.011428291909396648,0.01080331951379776,0.5791032910346985,0.009417655877768993,0.5586370825767517,0.6121125221252441,0.0,0.0,0.008047441951930523,-0.05375242978334427,0.6200505495071411,-0.018740089610219002,0.6433844566345215,-0.0024623707868158817,0.40437331795692444,0.08601967990398407,0.14968276023864746,0.7266066670417786,0.0,0.0,0.6249659657478333,0.06517982482910156,0.5821288228034973,0.007514940109103918,0.5681760907173157,-0.0020082162227481604,0.5127127170562744,0.06846845895051956,0.20564188063144684,0.8511419296264648,0.0,0.0,0.07004126161336899,0.40093937516212463,0.3303716480731964,0.003945993259549141,-0.0009128261008299887,0.4791065752506256,0.05780501291155815,-0.02295518107712269,0.498484343290329,0.028934111818671227,0.43960481882095337,0.5721793174743652,0.0,0.0,-0.025415048003196716,0.13665235042572021,0.1181684285402298,0.0008546456228941679,-0.0001896706671686843,0.07371165603399277,0.011430146172642708,0.014345931820571423
internal256,549_0.75_0.59.png,0.5779970288276672,0.008413370698690414,0.5589301586151123,0.6047318577766418,0.0,0.0,0.011339549906551838,-0.05633838474750519,0.6194907426834106,-0.019546689465641975,0.645601212978363,-0.0013516852632164955,0.5839513540267944,0.33615270256996155,0.013512691482901573,0.9917463064193726,0.018491124734282494,0.013359837234020233,0.7357540130615234,0.0488322488963604,0.638992190361023,0.011335030198097229,0.6458836793899536,-0.0071882265619933605,0.505689799785614,0.04341975226998329,0.2522231638431549,0.7355387806892395,0.0,0.0,-0.02556658908724785,0.28556039929389954,0.2270916849374771,0.0032834364101290703,0.0003446573973633349,0.40958142280578613,0.044102706015110016,-0.028284288942813873,0.5104236602783203,0.029265427961945534,0.4456804394721985,0.5704550743103027,0.0,0.0,-0.029008403420448303,0.1563100516796112,0.13261255621910095,0.0007365471101365983,-0.0001744038163451478,0.06896667927503586,0.009471289813518524,0.01080331951379776,0.5841957330703735,0.009965618140995502,0.5674892663955688,0.616236686706543,0.0,0.0,-0.0,-0.05367263779044151,0.6214150190353394,-0.018542548641562462,0.6449233889579773,-0.0024623707868158817,0.4287387430667877,0.0855102390050888,0.14862652122974396,0.7389099597930908,0.0,0.0,0.5389940738677979,0.06498005986213684,0.586690366268158,0.007941603660583496,0.5746744275093079,-0.0020082162227481604,0.510420024394989,0.051943089812994,0.2987753450870514,0.7357946038246155,0.0,0.0,0.06475768983364105,0.3207206428050995,0.26711761951446533,0.0031703307759016752,-0.0008086300222203135,0.4096667170524597,0.04414664953947067,-0.02295518107712269,0.4984583854675293,0.028677068650722504,0.4420144259929657,0.5721673965454102,0.0,0.0,-0.02245349809527397,0.12440389394760132,0.10628222674131393,0.0007659116527065635,-0.00016357420827262104,0.06897643953561783,0.00947630312293768,0.014345931820571423
internal256,556_0.86_1.79.png,0.5885022282600403,0.009453612379729748,0.5643008947372437,0.6158897280693054,0.0,0.0,-0.0,-0.05618926137685776,0.6223087906837463,-0.019144024699926376,0.6487959623336792,-0.0013516852632164955,0.5165539979934692,0.2627813518047333,0.02099386230111122,0.9891524314880371,0.0022882765624672174,0.04294563829898834,0.9726128578186035,0.05000944435596466,0.6151238679885864,0.010134059004485607,0.6145154237747192,-0.0071882265619933605,0.5047289729118347,0.039497293531894684,0.32151854038238525,0.6876175403594971,0.0,0.0,-0.01648852974176407,0.25531312823295593,0.20127202570438385,0.0029050076846033335,0.00022841300233267248,0.45250773429870605,0.055772408843040466,-0.028284288942813873,0.5103951096534729,0.029378771781921387,0.4440271854400635,0.568937361240387,0.0,0.0,-0.010332031175494194,0.15664108097553253,0.12897071242332458,0.0007140918169170618,-7.258920959429815e-05,0.06564105302095413,0.014414224773645401,0.01080331951379776,0.5928364396095276,0.010555182583630085,0.5695109963417053,0.6264302730560303,0.0,0.0,0.0003430882643442601,-0.05353724583983421,0.6237547993659973,-0.01820736564695835,0.6475570797920227,-0.0024623707868158817,0.441885769367218,0.07149823755025864,0.17353948950767517,0.6995531916618347,0.0,0.0,0.5640655755996704,0.06487226486206055,0.5887994766235352,0.00817182194441557,0.5777092576026917,-0.0020082162227481604,0.5081842541694641,0.04722638428211212,0.26414886116981506,0.7931658625602722,0.0,0.0,0.05352788418531418,0.28805750608444214,0.23141330480575562,0.0027325034607201815,-0.0006385828601196408,0.45241814851760864,0.05588509142398834,-0.02295518107712269,0.498199999332428,0.02916031889617443,0.4413801431655884,0.5711103677749634,0.0,0.0,-0.009940257295966148,0.12595805525779724,0.10402166843414307,0.0007483855006285012,-7.372324034804478e-05,0.06565874814987183,0.01440255157649517,0.014345931820571423
internal256,560_0.75_1.98.png,0.5879110097885132,0.009292954578995705,0.5543466210365295,0.6142006516456604,0.0,0.0,0.003791490104049444,-0.056197650730609894,0.622148334980011,-0.01916668936610222,0.6486144661903381,-0.0013516852632164955,0.5964233875274658,0.2264196276664734,0.004784068092703819,0.9843852519989014,0.005154401063919067,0.02799093909561634,0.909857988357544,0.04861441254615784,0.6301923990249634,0.011557272635400295,0.6350879669189453,-0.0071882265619933605,0.5036711692810059,0.03526217117905617,0.2431805431842804,0.7568662762641907,0.0,0.0,0.005806023720651865,0.21828177571296692,0.1733863651752472,0.0024910559877753258,-7.558645302196965e-05,0.40520328283309937,0.051591500639915466,-0.028284288942813873,0.5102241635322571,0.029471740126609802,0.44377896189689636,0.5678812861442566,0.0,0.0,-0.009849881753325462,0.16646508872509003,0.13773953914642334,0.000761764298658818,-7.244008156703785e-05,0.05570969358086586,0.01493800524622202,0.01080331951379776,0.5927653312683105,0.008998008444905281,0.5651150941848755,0.6269368529319763,0.0,0.0,0.0003430882643442601,-0.05353836342692375,0.6237269639968872,-0.018210124224424362,0.6475269198417664,-0.0024623707868158817,0.4630089998245239,0.0633755773305893,0.11327864229679108,0.6957053542137146,0.0,0.0,0.5062917470932007,0.06469906866550446,0.5928117632865906,0.008541712537407875,0.5833853483200073,-0.0020082162227481604,0.5053911209106445,0.035530075430870056,0.28950807452201843,0.7414568066596985,0.0,0.0,0.03357066959142685,0.23405730724334717,0.18560068309307098,0.002163841389119625,-0.00038482481613755226,0.40515074133872986,0.05154869332909584,-0.02295518107712269,0.49812281131744385,0.02930406667292118,0.4425329267978668,0.5744059085845947,0.0,0.0,-0.003961510490626097,0.12431404739618301,0.10332269221544266,0.000740703078918159,-2.3355054509011097e-05,0.055719662457704544,0.014921966940164566,0.014345931820571423
internal256,566_0.6_1.1.png,0.5717614889144897,0.006364458706229925,0.5487033128738403,0.5965762138366699,0.0,0.0,0.036480750888586044,-0.05642690137028694,0.6178358793258667,-0.01978570595383644,0.6437209248542786,-0.0013516852632164955,0.48314446210861206,0.28979215025901794,0.013271677307784557,0.9950382113456726,0.007974297739565372,0.0047845784574747086,0.788076639175415,0.05059299245476723,0.6109505891799927,0.009538726881146431,0.6085512042045593,-0.0071882265619933605,0.5070890188217163,0.04952576383948326,0.2212870568037033,0.8175260424613953,0.0,0.0,-0.037313517183065414,0.35091450810432434,0.2830563187599182,0.0041039143688976765,0.0004938191268593073,0.3721916675567627,0.04529252648353577,-0.028284288942813873,0.5105056166648865,0.029103338718414307,0.4465446472167969,0.5721673965454102,0.0,0.0,-0.03313525766134262,0.1564711481332779,0.13336890935897827,0.0007417397573590279,-0.00019606994464993477,0.04806280508637428,0.00791224930435419,0.01080331951379776,0.5779445171356201,0.007011320907622576,0.561616063117981,0.6080905795097351,0.0,0.0,0.0003430882643442601,-0.05377058684825897,0.6197312474250793,-0.018785040825605392,0.6430255174636841,-0.0024623707868158817,0.41284915804862976,0.07444636523723602,0.1342192143201828,0.7453786134719849,0.0,0.0,0.45612576603889465,0.06511033326387405,0.5833171010017395,0.007663360331207514,0.5699167847633362,-0.0020082162227481604,0.5138564705848694,0.07029405981302261,0.23345527052879333,0.8267076015472412,0.0,0.0,0.09476818889379501,0.3979228734970093,0.3377282917499542,0.004058465361595154,-0.0012029819190502167,0.3722328245639801,0.045312631875276566,-0.02295518107712269,0.4984687566757202,0.028665024787187576,0.4435851275920868,0.5733062028884888,0.0,0.0,-0.02671094425022602,0.1383877843618393,0.11932510882616043,0.0008610247168689966,-0.00019734710804186761,0.04806608334183693,0.00791909173130989,0.014345931820571423
internal256,583_0.58_1.41.png,0.5909178853034973,0.010196954943239689,0.5645995140075684,0.6095055341720581,0.0,0.0,-0.0,-0.05615498125553131,0.622966468334198,-0.019051434472203255,0.6495397090911865,-0.0013516852632164955,0.5299919247627258,0.34567707777023315,0.05118124559521675,0.9923802614212036,0.0,0.1693555861711502,0.8161483407020569,0.04977472871541977,0.6279177665710449,0.010373512282967567,0.6309404969215393,-0.0071882265619933605,0.505577802658081,0.04024209454655647,0.3548208773136139,0.6594225764274597,0.0,0.0,0.00013472943101078272,0.22219659388065338,0.17888015508651733,0.002584735630080104,-2.4804368877084926e-05,0.32692068815231323,0.038174521178007126,-0.028284288942813873,0.5105071067810059,0.029410062357783318,0.44439345598220825,0.5678582191467285,0.0,0.0,-0.0035681799054145813,0.16580678522586823,0.13466887176036835,0.0007453467696905136,-3.167176328133792e-05,0.03852023929357529,0.006296150851994753,0.01080331951379776,0.594218909740448,0.010264835320413113,0.5721002221107483,0.6162081360816956,0.0,0.0,-0.0,-0.053515587002038956,0.6241299510002136,-0.018153738230466843,0.6479790210723877,-0.0024623707868158817,0.44466519355773926,0.09559374302625656,0.2185489535331726,0.643782377243042,0.0,0.0,0.6442509293556213,0.06484947353601456,0.5901654362678528,0.0082204919308424,0.5795519351959229,-0.0020082162227481604,0.5084589719772339,0.042581237852573395,0.3290364444255829,0.6989554762840271,0.0,0.0,0.039258185774087906,0.2417408674955368,0.1963101476430893,0.002293186727911234,-0.0004392188275232911,0.3269425928592682,0.0381857194006443,-0.02295518107712269,0.4983604848384857,0.028843898326158524,0.4455510973930359,0.5673644542694092,0.0,0.0,-0.006624835543334484,0.13080480694770813,0.10773979127407074,0.000774538901168853,-5.262189733912237e-05,0.03848060220479965,0.006296657957136631,0.014345931820571423
internal256,591_0.83_0.96.png,0.5798491835594177,0.007350440602749586,0.5612403154373169,0.6042213439941406,0.0,0.0,0.0011874446645379066,-0.056312087923288345,0.6199784874916077,-0.019475698471069336,0.6461557745933533,-0.0013516852632164955,0.552804172039032,0.3758273124694824,0.01988762617111206,0.9839766025543213,0.0064025516621768475,0.14235854148864746,0.7537057995796204,0.04937627911567688,0.6371684074401855,0.010780010372400284,0.6430056691169739,-0.0071882265619933605,0.5069383382797241,0.04920921474695206,0.3263241648674011,0.679360032081604,0.0,0.0,-0.0636332556605339,0.36080417037010193,0.2976415455341339,0.004319302272051573,0.0008827639394439757,0.4001481235027313,0.04331697151064873,-0.028284288942813873,0.5104981660842896,0.02929682284593582,0.44694238901138306,0.5720487833023071,0.0,0.0,-0.023833319544792175,0.1827651411294937,0.1498183161020279,0.0008321586064994335,-0.00014562673459295183,0.05143110454082489,0.007769088726490736,0.01080331951379776,0.5854771137237549,0.008886128664016724,0.5701818466186523,0.6153456568717957,0.0,0.0,-0.0,-0.0536525622010231,0.6217538118362427,-0.018492842093110085,0.6453059315681458,-0.0024623707868158817,0.4539262354373932,0.11389882117509842,0.183134064078331,0.6577479243278503,0.0,0.0,0.6241077184677124,0.0647735446691513,0.5927843451499939,0.008382664062082767,0.583161473274231,-0.0020082162227481604,0.5158694386482239,0.07874398678541183,0.23128221929073334,0.8267099857330322,0.0,0.0,0.07145068794488907,0.38965773582458496,0.32396480441093445,0.0038864961825311184,-0.0009249215945601463,0.4001196622848511,0.04330285266041756,-0.02295518107712269,0.4983762204647064,0.028781091794371605,0.44394364953041077,0.5733484625816345,0.0,0.0,-0.02704729326069355,0.1571618914604187,0.1384577751159668,0.0010026778327301145,-0.00020826698164455593,0.051402587443590164,0.007757354993373156,0.014345931820571423
internal256,592_0.61_0.98.png,0.579004168510437,0.007046733051538467,0.5610164403915405,0.6026123762130737,0.0,0.0,0.000919351470656693,-0.05632409080862999,0.6197524070739746,-0.019508089870214462,0.6458992958068848,-0.0013516852632164955,0.5486365556716919,0.37125539779663086,0.012929762713611126,0.981920063495636,0.014307507313787937,0.10778014361858368,0.7871519327163696,0.049449075013399124,0.6355802416801453,0.010705746710300446,0.640933632850647,-0.0071882265619933605,0.5074740052223206,0.0529179573059082,0.3083176016807556,0.7126847505569458,0.0,0.0,-0.0796753391623497,0.4180923104286194,0.3525112569332123,0.005117539316415787,0.001120581990107894,0.41735565662384033,0.04958055168390274,-0.028284288942813873,0.5105964541435242,0.029312897473573685,0.44807541370391846,0.5735226273536682,0.0,0.0,-0.021622000262141228,0.19638758897781372,0.16035249829292297,0.0008913109195418656,-0.00013297646364662796,0.055619094520807266,0.008646879345178604,0.01080331951379776,0.5864404439926147,0.009247299283742905,0.5699384808540344,0.6158666610717773,0.0,0.0,-0.0,-0.053637467324733734,0.6220149993896484,-0.018455475568771362,0.6455999612808228,-0.0024623707868158817,0.448412150144577,0.11177249997854233,0.15876397490501404,0.662319540977478,0.0,0.0,0.6308258175849915,0.06481874734163284,0.5915874242782593,0.00828610546886921,0.5814860463142395,-0.0020082162227481604,0.5168975591659546,0.0866474136710167,0.2303158938884735,0.8123902678489685,0.0,0.0,0.07536206394433975,0.4443023204803467,0.37649551033973694,0.004518803674727678,-0.0009702166425995529,0.4173583984375,0.04963109642267227,-0.02295518107712269,0.49838265776634216,0.02875187247991562,0.4432464838027954,0.5743083953857422,0.0,0.0,-0.029003964737057686,0.18440422415733337,0.159506693482399,0.0011578144039958715,-0.00022972114675212651,0.05560114234685898,0.008644421584904194,0.014345931820571423
internal256,604_0.92_1.7.png,0.5906032919883728,0.010344947688281536,0.5583391785621643,0.619924008846283,0.0,0.0,0.0014470878522843122,-0.05615943670272827,0.622882068157196,-0.019063487648963928,0.6494441032409668,-0.0013516852632164955,0.5848395228385925,0.3092651069164276,0.018903765827417374,0.9788995385169983,0.0012250370346009731,0.19025056064128876,0.9133498668670654,0.0488167367875576,0.6359006762504578,0.011350858956575394,0.6420274972915649,-0.0071882265619933605,0.504227340221405,0.03747691586613655,0.29871609807014465,0.7210391163825989,0.0,0.0,0.004297788254916668,0.2518622875213623,0.1975145787000656,0.0028454463463276625,-5.768265327787958e-05,0.4239613115787506,0.05175270512700081,-0.028284288942813873,0.5103545188903809,0.02948865480720997,0.4434170126914978,0.5675157308578491,0.0,0.0,-0.007738439366221428,0.16499921679496765,0.13631676137447357,0.0007541322847828269,-5.899626194150187e-05,0.06339837610721588,0.012730946764349937,0.01080331951379776,0.5956312417984009,0.01042434386909008,0.5694778561592102,0.6296349763870239,0.0,0.0,0.0019473518477752805,-0.05349345505237579,0.6245167255401611,-0.018098952248692513,0.6484134793281555,-0.0024623707868158817,0.46854478120803833,0.08510395884513855,0.18921443819999695,0.6439111232757568,0.0,0.0,0.5948596000671387,0.06465368717908859,0.5945965647697449,0.008638650178909302,0.585824191570282,-0.0020082162227481604,0.5069446563720703,0.04159082472324371,0.22177505493164062,0.8093116879463196,0.0,0.0,0.03933492302894592,0.27781784534454346,0.2207394689321518,0.0025939438492059708,-0.00044433464063331485,0.4238587021827698,0.05176418274641037,-0.02295518107712269,0.4981895387172699,0.028949715197086334,0.4426146447658539,0.5705945491790771,0.0,0.0,-0.006915452424436808,0.13074913620948792,0.10904520004987717,0.0007832653354853392,-5.005374623578973e-05,0.0633886307477951,0.012731381691992283,0.014345931820571423
internal256,610_0.58_0.89.png,0.5790180563926697,0.008935876190662384,0.5562360882759094,0.6057440638542175,0.0,0.0,0.06113993376493454,-0.05632389336824417,0.6197645664215088,-0.019507557153701782,0.6459117531776428,-0.0013516852632164955,0.4678783714771271,0.28735363483428955,0.009973098523914814,0.9833869338035583,0.016364645212888718,0.002265162765979767,0.9550166726112366,0.05085963383316994,0.6075415015220642,0.009266695007681847,0.6039065718650818,-0.0071882265619933605,0.5044808983802795,0.04137849807739258,0.2310021072626114,0.7668625116348267,0.0,0.0,-0.03681856393814087,0.2945014536380768,0.23429781198501587,0.003369447775185108,0.0005193323595449328,0.49605393409729004,0.05511675029993057,-0.028284288942813873,0.51055908203125,0.029288560152053833,0.4445858597755432,0.5797043442726135,0.0,0.0,-0.01909516379237175,0.16087107360363007,0.13234084844589233,0.0007348277722485363,-0.00011798113700933754,0.07916735857725143,0.012109159491956234,0.01080331951379776,0.5852190256118774,0.009863145649433136,0.5617120862007141,0.6163073778152466,0.0,0.0,0.002428280422464013,-0.053656600415706635,0.6216894388198853,-0.0185028538107872,0.6452327370643616,-0.0024623707868158817,0.40528085827827454,0.08649952709674835,0.12027384340763092,0.6954270005226135,0.0,0.0,0.6136484742164612,0.06517238169908524,0.5823127031326294,0.007530832663178444,0.5684369206428528,-0.0020082162227481604,0.5084825158119202,0.04646078869700432,0.2749633193016052,0.7568073272705078,0.0,0.0,0.05126344785094261,0.32164064049720764,0.2623496651649475,0.0030938400886952877,-0.0006168575491756201,0.4959959387779236,0.05524536222219467,-0.02295518107712269,0.49832552671432495,0.029021520167589188,0.4382599890232086,0.5777930617332458,0.0,0.0,-0.016389846801757812,0.13431993126869202,0.11122006177902222,0.0008035732316784561,-0.0001244447339558974,0.07917707413434982,0.01212057750672102,0.014345931820571423
internal256,611_0.99_1.33.png,0.5878141522407532,0.009219720959663391,0.5638241767883301,0.6133776903152466,0.0,0.0,-0.0,-0.056199029088020325,0.6221218109130859,-0.019170397892594337,0.6485844850540161,-0.0013516852632164955,0.6036767363548279,0.30003446340560913,0.009423782117664814,0.9916536211967468,0.01583302579820156,0.09333395212888718,0.9560317993164062,0.048487719148397446,0.6393696069717407,0.011686521582305431,0.646730363368988,-0.0071882265619933605,0.5040620565414429,0.037567269057035446,0.2630184292793274,0.7331278920173645,0.0,0.0,-0.013412563130259514,0.25511854887008667,0.2036874145269394,0.0029298223089426756,0.00019307412730995566,0.46344754099845886,0.05543142184615135,-0.028284288942813873,0.5104467868804932,0.029478376731276512,0.4422774314880371,0.5765910744667053,0.0,0.0,-0.009087582118809223,0.16301298141479492,0.13395659625530243,0.0007408751407638192,-6.504360499093309e-05,0.07020253688097,0.013439808040857315,0.01080331951379776,0.5930562019348145,0.009509076364338398,0.5698309540748596,0.6190335750579834,0.0,0.0,-0.0,-0.053533803671598434,0.6238088011741638,-0.01819884032011032,0.6476185321807861,-0.0024623707868158817,0.4498225748538971,0.10173953324556351,0.12125039845705032,0.7134935259819031,0.0,0.0,0.6683015823364258,0.06480718404054642,0.5914342403411865,0.008310805074870586,0.5813155174255371,-0.0020082162227481604,0.5076611638069153,0.04232422262430191,0.2742345929145813,0.7734128832817078,0.0,0.0,0.0414268784224987,0.2660907208919525,0.21394036710262299,0.0025106770917773247,-0.00048065706505440176,0.46343183517456055,0.05558088421821594,-0.02295518107712269,0.4981013238430023,0.029049312695860863,0.4393062889575958,0.5766842365264893,0.0,0.0,-0.009182581678032875,0.12744790315628052,0.10537374764680862,0.0007569039007648826,-6.840529385954142e-05,0.07021079212427139,0.01345821563154459,0.014345931820571423
internal256,635_0.65_1.64.png,0.5821774005889893,0.006313796620815992,0.5549558401107788,0.6019306778907776,0.0,0.0,0.008047441951930523,-0.05627904087305069,0.6205956339836121,-0.019386455416679382,0.6468566060066223,-0.0013516852632164955,0.4101381003856659,0.20687709748744965,0.02047337405383587,0.9937847852706909,0.001849112450145185,0.002634985139593482,0.8946859240531921,0.05186815559864044,0.5882677435874939,0.00823780708014965,0.5780304670333862,-0.0071882265619933605,0.5044956803321838,0.03742673620581627,0.2829553186893463,0.7242243885993958,0.0,0.0,-0.00746561586856842,0.23441407084465027,0.18211349844932556,0.0026271590031683445,8.20360000943765e-05,0.41703084111213684,0.046465519815683365,-0.028284288942813873,0.510310709476471,0.029154663905501366,0.4460824429988861,0.5746188759803772,0.0,0.0,-0.01750921830534935,0.15017637610435486,0.12226897478103638,0.0006788377650082111,-0.0001106275522033684,0.05257391184568405,0.011359951458871365,0.01080331951379776,0.5854504704475403,0.007791322655975819,0.565356969833374,0.6079221367835999,0.0,0.0,-0.0,-0.05365298315882683,0.6217414736747742,-0.018493877723813057,0.6452928185462952,-0.0024623707868158817,0.4148402512073517,0.05413828790187836,0.17273417115211487,0.7325090169906616,0.0,0.0,0.4556533396244049,0.0650940090417862,0.5831537246704102,0.007698225788772106,0.5697445273399353,-0.0020082162227481604,0.5077842473983765,0.04324337840080261,0.2738606929779053,0.7815417647361755,0.0,0.0,0.0554649643599987,0.25973019003868103,0.20888257026672363,0.0024671407882124186,-0.0006761486874893308,0.41697973012924194,0.046460751444101334,-0.02295518107712269,0.498436838388443,0.029183080419898033,0.4424392879009247,0.5701597332954407,0.0,0.0,-0.005464238580316305,0.11759081482887268,0.1010064110159874,0.0007267325418069959,-3.560610275599174e-05,0.052567340433597565,0.011367407627403736,0.014345931820571423
internal256,645_0.92_0.79.png,0.581139862537384,0.009649167768657207,0.5521626472473145,0.6049543023109436,0.0,0.0,0.01341658178716898,-0.05629377067089081,0.6203333735466003,-0.01942622847855091,0.6465569138526917,-0.0013516852632164955,0.46414175629615784,0.38634249567985535,0.005220375489443541,0.9829567670822144,0.022882767021656036,0.30898669362068176,0.6894974708557129,0.05092490091919899,0.6199752688407898,0.009200111962854862,0.6196191906929016,-0.0071882265619933605,0.5050635933876038,0.041191019117832184,0.2853410542011261,0.7334799766540527,0.0,0.0,-0.04111245647072792,0.30362701416015625,0.24283672869205475,0.003504746127873659,0.000586076348554343,0.4559224247932434,0.04962633550167084,-0.028284288942813873,0.5105714201927185,0.029257092624902725,0.4468241035938263,0.5718972086906433,0.0,0.0,-0.021592101082205772,0.1681465059518814,0.1374572068452835,0.0007630424224771559,-0.0001317101705353707,0.07114429026842117,0.01046720426529646,0.01080331951379776,0.5880931615829468,0.010422949679195881,0.563538134098053,0.6160040497779846,0.0,0.0,-0.0,-0.05361156910657883,0.6224674582481384,-0.018391365185379982,0.6461086273193359,-0.0024623707868158817,0.43494758009910583,0.12757907807826996,0.1302570104598999,0.6708518266677856,0.0,0.0,0.5453243255615234,0.06492915004491806,0.589713454246521,0.008050327189266682,0.578758716583252,-0.0020082162227481604,0.5115795135498047,0.05817815661430359,0.2380533516407013,0.7781043648719788,0.0,0.0,0.056632719933986664,0.3266536295413971,0.26238784193992615,0.0031052257400006056,-0.0006836121901869774,0.45596393942832947,0.049657709896564484,-0.02295518107712269,0.49836474657058716,0.028675949200987816,0.4432835280895233,0.5735973715782166,0.0,0.0,-0.02102803997695446,0.14536671340465546,0.12561097741127014,0.0009084561606869102,-0.00016179367958102375,0.0711405947804451,0.010468974709510803,0.014345931820571423
internal256,647_0.58_1.05.png,0.5772558450698853,0.011075885966420174,0.5486526489257812,0.6019694209098816,0.0,0.0,0.057720769196748734,-0.056348901242017746,0.6193086504936218,-0.019575105980038643,0.6453922390937805,-0.0013516852632164955,0.4617781341075897,0.3620331585407257,0.004253819119185209,0.9739331603050232,0.022096894681453705,0.006333210039883852,0.7193292379379272,0.050966184586286545,0.6159382462501526,0.009157991968095303,0.6144554615020752,-0.0071882265619933605,0.5050455927848816,0.04463210701942444,0.22393158078193665,0.7910499572753906,0.0,0.0,-0.036439474672079086,0.32962143421173096,0.2631726861000061,0.003792592091485858,0.0005147267365828156,0.47365909814834595,0.054895490407943726,-0.028284288942813873,0.510583758354187,0.029253706336021423,0.4467252194881439,0.5737452507019043,0.0,0.0,-0.02186804823577404,0.17089535295963287,0.13962110877037048,0.0007756807608529925,-0.00013378620496951044,0.07409737259149551,0.011541886255145073,0.01080331951379776,0.58505779504776,0.012586314231157303,0.5625051259994507,0.6139575839042664,0.0,0.0,-0.0,-0.05365912988781929,0.6216631531715393,-0.01850910671055317,0.6452007293701172,-0.0024623707868158817,0.4167250394821167,0.10250219702720642,0.12116836756467819,0.6849855184555054,0.0,0.0,0.5602949261665344,0.06507855653762817,0.585060715675354,0.007731231860816479,0.572286069393158,-0.0020082162227481604,0.5099722743034363,0.05369522422552109,0.23255911469459534,0.7826157212257385,0.0,0.0,0.0641828179359436,0.3636743426322937,0.30082839727401733,0.0035562459379434586,-0.0007749273208901286,0.4736768901348114,0.05492102727293968,-0.02295518107712269,0.4984859526157379,0.02874748222529888,0.44301605224609375,0.5735002160072327,0.0,0.0,-0.021884646266698837,0.15290018916130066,0.12629060447216034,0.000914206902962178,-0.00016774940013419837,0.07410423457622528,0.01155406516045332,0.014345931820571423
internal256,648_0.78_1.91.png,0.5837327241897583,0.011061616241931915,0.5505499839782715,0.6098142266273499,0.0,0.0,0.013075873255729675,-0.056256961077451706,0.6210348606109619,-0.019326837733387947,0.6473513841629028,-0.0013516852632164955,0.5045852661132812,0.35508406162261963,0.006254267413169146,0.976241409778595,0.018190642818808556,0.06481139361858368,0.76767498254776,0.05021849274635315,0.6237152218818665,0.009920784272253513,0.6251447200775146,-0.0071882265619933605,0.5042547583580017,0.0391521155834198,0.23289604485034943,0.7764036059379578,0.0,0.0,-0.011998838745057583,0.27840831875801086,0.21434107422828674,0.0030841061379760504,0.00017532819765619934,0.4423593580722809,0.0536971352994442,-0.028284288942813873,0.5104808807373047,0.02938489243388176,0.44472935795783997,0.5727273225784302,0.0,0.0,-0.014093111269176006,0.16813255846500397,0.13624785840511322,0.0007550976006314158,-9.275095362681895e-05,0.06519100815057755,0.011908565647900105,0.01080331951379776,0.5900671482086182,0.01235128939151764,0.5639439821243286,0.6195189952850342,0.0,0.0,-0.0,-0.053580645471811295,0.6230138540267944,-0.018314791843295097,0.6467220187187195,-0.0024623707868158817,0.44404980540275574,0.10435215383768082,0.10620470345020294,0.6792256236076355,0.0,0.0,0.5699677467346191,0.06485451757907867,0.5903992652893066,0.008209718391299248,0.5798444151878357,-0.0020082162227481604,0.5079460144042969,0.04517224058508873,0.24063506722450256,0.7400617599487305,0.0,0.0,0.04766238108277321,0.3101802170276642,0.24670922756195068,0.0028910646215081215,-0.0005467478767968714,0.4423827826976776,0.053817491978406906,-0.02295518107712269,0.4984833300113678,0.028795314952731133,0.4432372450828552,0.573906421661377,0.0,0.0,-0.014036680571734905,0.14223119616508484,0.11597808450460434,0.0008373722666874528,-0.0001061868533724919,0.06519384682178497,0.011941519565880299,0.014345931820571423
internal256,662_0.54_0.84.png,0.5791606307029724,0.008032490499317646,0.5400988459587097,0.602857768535614,0.0,0.0,0.04969670996069908,-0.05632186681032181,0.6197981834411621,-0.01950209029018879,0.6459506154060364,-0.0013516852632164955,0.3739001452922821,0.2126004546880722,0.00929812341928482,0.9965752959251404,0.0031897190492600203,0.0174972265958786,0.855705201625824,0.05250110849738121,0.5822864770889282,0.007592072244733572,0.5695353746414185,-0.0071882265619933605,0.5042070746421814,0.0379517637193203,0.24091291427612305,0.8080027103424072,0.0,0.0,0.0026617548428475857,0.2626226544380188,0.20380492508411407,0.0029317622538655996,-5.324179073795676e-05,0.3937349021434784,0.04943040758371353,-0.028284288942813873,0.5103725790977478,0.029085321351885796,0.44491925835609436,0.5744410157203674,0.0,0.0,-0.02642151340842247,0.14220239222049713,0.11860425770282745,0.0006594840670004487,-0.00015804165741428733,0.06199817731976509,0.011728629469871521,0.01080331951379776,0.5841073989868164,0.008118853904306889,0.5550886392593384,0.6200833320617676,0.0,0.0,0.005072274245321751,-0.05367402732372284,0.6213820576667786,-0.018545974045991898,0.6448874473571777,-0.0024623707868158817,0.39617830514907837,0.06368373334407806,0.09781228005886078,0.754559338092804,0.0,0.0,0.49840691685676575,0.06524702161550522,0.5799455046653748,0.007371437735855579,0.5651300549507141,-0.0020082162227481604,0.5071881413459778,0.04239586368203163,0.23721913993358612,0.8126078248023987,0.0,0.0,0.06832148134708405,0.2913092076778412,0.23774723708629608,0.0028065985534340143,-0.0008238765876740217,0.39366620779037476,0.04943689703941345,-0.02295518107712269,0.4984680414199829,0.02894536219537258,0.4402344226837158,0.5725144743919373,0.0,0.0,-0.01076973881572485,0.11507880687713623,0.09537773579359055,0.0006852127844467759,-7.354663102887571e-05,0.06201149523258209,0.011724136769771576,0.014345931820571423
internal256,668_0.88_1.12.png,0.5882193446159363,0.01081851776689291,0.5628792643547058,0.6155785322189331,0.0,0.0,-0.0,-0.0561932735145092,0.6222400665283203,-0.0191548690199852,0.6487171053886414,-0.0013516852632164955,0.5532264709472656,0.34261494874954224,0.021175529807806015,0.9883960485458374,0.00399870565161109,0.0025656435173004866,0.8011260628700256,0.049368903040885925,0.6327054500579834,0.010787535458803177,0.6374119520187378,-0.0071882265619933605,0.5038755536079407,0.03654399886727333,0.26234468817710876,0.7115225195884705,0.0,0.0,-0.0017153448425233364,0.24915528297424316,0.1957269310951233,0.0028111240826547146,1.6125404727063142e-05,0.42479628324508667,0.0530514195561409,-0.028284288942813873,0.510448694229126,0.029361633583903313,0.444589227437973,0.5722248554229736,0.0,0.0,-0.014112393371760845,0.16160568594932556,0.1343664675951004,0.0007450132980011404,-8.981551945907995e-05,0.07231888175010681,0.012644807808101177,0.01080331951379776,0.5940666794776917,0.013186239637434483,0.5674952268600464,0.6307669878005981,0.0,0.0,0.0003430882643442601,-0.05351796746253967,0.6241074204444885,-0.018159642815589905,0.6479511260986328,-0.0024623707868158817,0.4174174666404724,0.10007334500551224,0.12721097469329834,0.7105094194412231,0.0,0.0,0.5808228850364685,0.06507287919521332,0.585090160369873,0.007743355818092823,0.5723392963409424,-0.0020082162227481604,0.5065335035324097,0.0378219336271286,0.319743275642395,0.7008134722709656,0.0,0.0,0.04335293918848038,0.261247843503952,0.21085983514785767,0.002463017823174596,-0.0004995521157979965,0.42485177516937256,0.05305178463459015,-0.02295518107712269,0.49833688139915466,0.028874369338154793,0.43352827429771423,0.5708007216453552,0.0,0.0,-0.008304649032652378,0.12020785361528397,0.09992574900388718,0.0007186454604379833,-5.9995614719809964e-05,0.0723244845867157,0.012637006118893623,0.014345931820571423
internal256,674_0.93_0.72.png,0.580590546131134,0.0061868843622505665,0.5619592070579529,0.602289617061615,0.0,0.0,0.0003430882643442601,-0.05630156770348549,0.6201716065406799,-0.01944727823138237,0.6463755369186401,-0.0013516852632164955,0.511113166809082,0.39061009883880615,0.01941266655921936,0.9790535569190979,0.008182322606444359,0.24029216170310974,0.7031038403511047,0.05010448023676872,0.6302222013473511,0.010037107393145561,0.6334765553474426,-0.0071882265619933605,0.5058386921882629,0.042474642395973206,0.3024538457393646,0.7077121734619141,0.0,0.0,-0.04082027077674866,0.28886598348617554,0.23474939167499542,0.003399233566597104,0.0005672482657246292,0.4223429262638092,0.03707713261246681,-0.028284288942813873,0.5104692578315735,0.029283832758665085,0.44645869731903076,0.5703386664390564,0.0,0.0,-0.021563613787293434,0.1682504415512085,0.13703970611095428,0.000760681985411793,-0.00013323714665602893,0.06590202450752258,0.00790634099394083,0.01080331951379776,0.5856252312660217,0.006586021743714809,0.5689898133277893,0.6081682443618774,0.0,0.0,-0.0,-0.05365024134516716,0.6217837333679199,-0.018487099558115005,0.6453410387039185,-0.0024623707868158817,0.45088571310043335,0.11348706483840942,0.17902621626853943,0.6415658593177795,0.0,0.0,0.5926922559738159,0.06479846686124802,0.5921577215194702,0.008329420350492,0.5822813510894775,-0.0020082162227481604,0.5121518969535828,0.05794679373502731,0.28691378235816956,0.745735228061676,0.0,0.0,0.06018191576004028,0.3108077347278595,0.25583237409591675,0.0030415477231144905,-0.0007364231278188527,0.42229095101356506,0.037134360522031784,-0.02295518107712269,0.49841850996017456,0.028743039816617966,0.4431890547275543,0.5695159435272217,0.0,0.0,-0.02172132395207882,0.13843315839767456,0.12063558399677277,0.0008721543126739562,-0.00016496579337399453,0.06588869541883469,0.007903740741312504,0.014345931820571423
internal256,706_0.58_1.34.png,0.5835179686546326,0.0079981479793787,0.5673112273216248,0.6104653477668762,0.0,0.0,-0.0,-0.05626000836491585,0.62096107006073,-0.019335076212882996,0.6472700834274292,-0.0013516852632164955,0.6284919381141663,0.31957051157951355,0.021028682589530945,0.9701007604598999,0.0015948595246300101,0.09206268936395645,0.8562704920768738,0.048054277896881104,0.6477791666984558,0.012128711678087711,0.6576990485191345,-0.0071882265619933605,0.5064212679862976,0.04416761174798012,0.36258411407470703,0.6543407440185547,0.0,0.0,-0.030283115804195404,0.26406481862068176,0.21175777912139893,0.0030743773095309734,0.0004176948859822005,0.3444402515888214,0.032036278396844864,-0.028284288942813873,0.5103887915611267,0.029408806934952736,0.44681116938591003,0.568006694316864,0.0,0.0,-0.014128373004496098,0.16838312149047852,0.13636262714862823,0.0007559949881397188,-9.460412547923625e-05,0.03980747237801552,0.005914067383855581,0.01080331951379776,0.5866572260856628,0.008787672966718674,0.5732412338256836,0.6156473755836487,0.0,0.0,-0.0,-0.05363406985998154,0.6220711469650269,-0.018447065725922585,0.6456635594367981,-0.0024623707868158817,0.4761001467704773,0.0777948647737503,0.19596520066261292,0.638468325138092,0.0,0.0,0.5800131559371948,0.06459174305200577,0.5959206223487854,0.008770952001214027,0.5877023339271545,-0.0020082162227481604,0.5108448266983032,0.05305638909339905,0.29500317573547363,0.747897207736969,0.0,0.0,0.06008942797780037,0.3146147131919861,0.26145651936531067,0.0030928063206374645,-0.0007187822484411299,0.34434404969215393,0.032000910490751266,-0.02295518107712269,0.49842727184295654,0.028821902349591255,0.4461739659309387,0.5696335434913635,0.0,0.0,-0.016136527061462402,0.13369300961494446,0.11116553843021393,0.0008012650650925934,-0.00012142637569922954,0.0397706963121891,0.005905375350266695,0.014345931820571423
internal256,711_0.71_1.84.png,0.5822802782058716,0.008671012707054615,0.563527524471283,0.6072613000869751,0.0,0.0,-0.0,-0.05627758800983429,0.6206330060958862,-0.01938251405954361,0.646897554397583,-0.0013516852632164955,0.5829915404319763,0.3379964530467987,0.008600808680057526,0.9735690951347351,0.018860947340726852,0.0021495933178812265,0.7406692504882812,0.048849016427993774,0.6390013098716736,0.01131792739033699,0.6458768248558044,-0.0071882265619933605,0.505645751953125,0.04165293648838997,0.2681253254413605,0.728222668170929,0.0,0.0,-0.011628301814198494,0.2543823719024658,0.20097705721855164,0.0029107362497597933,0.000146160222357139,0.35917606949806213,0.04187920689582825,-0.028284288942813873,0.5103610157966614,0.029351625591516495,0.4460267126560211,0.5730017423629761,0.0,0.0,-0.017396356910467148,0.16401587426662445,0.134269580245018,0.0007444988586939871,-0.00011252892727497965,0.050508905202150345,0.00854482315480709,0.01080331951379776,0.5858599543571472,0.010374322533607483,0.5707177519798279,0.6192064881324768,0.0,0.0,-0.0,-0.05364655703306198,0.6218647956848145,-0.018477993085980415,0.6454299092292786,-0.0024623707868158817,0.4587964415550232,0.08597052097320557,0.13626235723495483,0.7001008987426758,0.0,0.0,0.506624698638916,0.06473361700773239,0.5926374793052673,0.008467945270240307,0.5830708146095276,-0.0020082162227481604,0.5092074871063232,0.047270409762859344,0.293984979391098,0.7302581071853638,0.0,0.0,0.054849714040756226,0.2933031916618347,0.2408408522605896,0.002835458144545555,-0.0006552151753567159,0.3591409921646118,0.0418999083340168,-0.02295518107712269,0.4985963702201843,0.028714628890156746,0.44397953152656555,0.574103593826294,0.0,0.0,-0.01570216380059719,0.12427163869142532,0.10259447991847992,0.000739485549274832,-0.0001142024775617756,0.050514087080955505,0.008545476011931896,0.014345931820571423
internal256,716_0.79_1.12.png,0.5850237607955933,0.012812860310077667,0.5601131319999695,0.6066676378250122,0.0,0.0,0.044296178966760635,-0.05623864382505417,0.6213928461074829,-0.019277358427643776,0.6477554440498352,-0.0013516852632164955,0.43069279193878174,0.3526688516139984,0.030438581481575966,0.9830999374389648,0.0030510355718433857,0.20224668085575104,0.7671127915382385,0.05150914192199707,0.6086329817771912,0.008604076690971851,0.6045427322387695,-0.0071882265619933605,0.5042825937271118,0.03651423752307892,0.3074922263622284,0.6891553997993469,0.0,0.0,-0.006696997210383415,0.22302855551242828,0.17786498367786407,0.0025629326701164246,8.519599941791967e-05,0.38576823472976685,0.041508324444293976,-0.028284288942813873,0.5104862451553345,0.02926451526582241,0.4455638825893402,0.5694225430488586,0.0,0.0,-0.01446987222880125,0.15816380083560944,0.1297350525856018,0.0007189941825345159,-9.13310723262839e-05,0.0590876080095768,0.008526884019374847,0.01080331951379776,0.5907824039459229,0.013122436590492725,0.5664859414100647,0.6205535531044006,0.0,0.0,-0.0,-0.053569428622722626,0.6232132911682129,-0.018287045881152153,0.6469457149505615,-0.0024623707868158817,0.4190611243247986,0.10543623566627502,0.16809000074863434,0.6832839846611023,0.0,0.0,0.5899345278739929,0.06505940109491348,0.585625171661377,0.007772138807922602,0.5730752348899841,-0.0020082162227481604,0.5076385140419006,0.04069400578737259,0.3313426673412323,0.6940155625343323,0.0,0.0,0.04331826791167259,0.24445566534996033,0.19811488687992096,0.002323493827134371,-0.000506391457747668,0.3857368230819702,0.04161807522177696,-0.02295518107712269,0.498412549495697,0.028912940993905067,0.4431469142436981,0.5706515312194824,0.0,0.0,-0.011245233938097954,0.12169530987739563,0.1010051965713501,0.000728411425370723,-8.452298789052293e-05,0.059088125824928284,0.008525477722287178,0.014345931820571423
internal256,719_0.61_0.7.png,0.5809757709503174,0.007734225131571293,0.5519083738327026,0.604467511177063,0.0,0.0,0.013586158864200115,-0.056296102702617645,0.620280385017395,-0.019432516768574715,0.6464980840682983,-0.0013516852632164955,0.4042242467403412,0.2941003441810608,0.011324116960167885,0.9916724562644958,0.004299186635762453,0.008852626197040081,0.8780025839805603,0.05197145417332649,0.5961365103721619,0.008132425136864185,0.5880216360092163,-0.0071882265619933605,0.5049291849136353,0.04033779352903366,0.23980014026165009,0.745242714881897,0.0,0.0,-0.021302180364727974,0.28240129351615906,0.2247423529624939,0.0032401070930063725,0.0002866785798687488,0.47648391127586365,0.04869365319609642,-0.028284288942813873,0.510521411895752,0.029160551726818085,0.44462668895721436,0.578825056552887,0.0,0.0,-0.02236594818532467,0.14835183322429657,0.12420984357595444,0.0006898721330799162,-0.0001346868957625702,0.0803731232881546,0.011212492361664772,0.01080331951379776,0.5867591500282288,0.008885718882083893,0.5618882179260254,0.6170603036880493,0.0,0.0,0.0003430882643442601,-0.053632479161024094,0.6220991015434265,-0.018443111330270767,0.6456949710845947,-0.0024623707868158817,0.3941219747066498,0.07753418385982513,0.11219072341918945,0.7256444096565247,0.0,0.0,0.5768217444419861,0.06526388227939606,0.5799781084060669,0.007335428614169359,0.5651289820671082,-0.0020082162227481604,0.508527934551239,0.04599257558584213,0.27258211374282837,0.7551502585411072,0.0,0.0,0.06089966744184494,0.311941921710968,0.25602179765701294,0.0030220006592571735,-0.0007298098644241691,0.47643736004829407,0.04873232915997505,-0.02295518107712269,0.49845466017723083,0.028745539486408234,0.4378705620765686,0.5744204521179199,0.0,0.0,-0.01581943780183792,0.1257759928703308,0.10636015236377716,0.000768070574849844,-0.00011826897389255464,0.08038115501403809,0.011209860444068909,0.014345931820571423
internal256,720_0.62_1.27.png,0.5837909579277039,0.007771200034767389,0.5587565898895264,0.6070927977561951,0.0,0.0,0.0035709580406546593,-0.056256141513586044,0.6210331916809082,-0.01932460628449917,0.6473520994186401,-0.0013516852632164955,0.44824138283729553,0.27974826097488403,0.018685564398765564,0.9881529211997986,0.0005085059092380106,0.003443971974775195,0.892527163028717,0.051202621310949326,0.6027622222900391,0.008916778489947319,0.5974121689796448,-0.0071882265619933605,0.5042572021484375,0.036782391369342804,0.25074779987335205,0.719321608543396,0.0,0.0,-0.002435333328321576,0.2442145198583603,0.19254407286643982,0.002769508631899953,2.4199949621106498e-05,0.43364566564559937,0.04960830882191658,-0.028284288942813873,0.5104138851165771,0.029220404103398323,0.4445323348045349,0.5759779214859009,0.0,0.0,-0.017649604007601738,0.14951860904693604,0.12373176962137222,0.0006869679782539606,-0.00011057571828132495,0.06854449957609177,0.012421873398125172,0.01080331951379776,0.5887908339500427,0.008722806349396706,0.5637679100036621,0.6185013055801392,0.0,0.0,-0.0,-0.05360063910484314,0.6226469874382019,-0.018364299088716507,0.6463120579719543,-0.0024623707868158817,0.41331717371940613,0.06913457810878754,0.14331814646720886,0.7098066806793213,0.0,0.0,0.5397813320159912,0.06510649621486664,0.5832480192184448,0.007671557832509279,0.5698359608650208,-0.0020082162227481604,0.5067715644836426,0.039851684123277664,0.25911274552345276,0.7425586581230164,0.0,0.0,0.054541390389204025,0.2780860364437103,0.226352721452713,0.002655871445313096,-0.0006396602257154882,0.4336074888706207,0.049645327031612396,-0.02295518107712269,0.49844804406166077,0.02888171374797821,0.4383348226547241,0.5743392109870911,0.0,0.0,-0.009508742950856686,0.12014860659837723,0.10081048309803009,0.0007260982529260218,-6.842253787908703e-05,0.06854946911334991,0.012420324608683586,0.014345931820571423
internal256,730_0.62_0.98.png,0.575738251209259,0.010837052017450333,0.5509740114212036,0.5999263525009155,0.0,0.0,0.15563909709453583,-0.05637044832110405,0.6189053654670715,-0.019633270800113678,0.6449342370033264,-0.0013516852632164955,0.41763731837272644,0.3586118221282959,0.013724526390433311,0.9701743721961975,0.00698039960116148,0.0010401257313787937,0.6423565149307251,0.05173717811703682,0.6070617437362671,0.008371435105800629,0.6022745370864868,-0.0071882265619933605,0.5062144994735718,0.046858999878168106,0.28442323207855225,0.7269876003265381,0.0,0.0,-0.03091573528945446,0.3230724334716797,0.2576281428337097,0.003731412347406149,0.00041741193854250014,0.3916870653629303,0.0442439503967762,-0.028284288942813873,0.5106179714202881,0.029154255986213684,0.4476848542690277,0.571589469909668,0.0,0.0,-0.02247626520693302,0.16647586226463318,0.1369510442018509,0.0007606217404827476,-0.00013502237561624497,0.054934196174144745,0.008395729586482048,0.01080331951379776,0.5823754668235779,0.011566882953047752,0.5626708269119263,0.6097333431243896,0.0,0.0,-0.0,-0.05370115861296654,0.6209366321563721,-0.01861315779387951,0.644382655620575,-0.0024623707868158817,0.40611881017684937,0.10071355849504471,0.15597616136074066,0.6769898533821106,0.0,0.0,0.49491581320762634,0.06516551226377487,0.5830138325691223,0.007545506581664085,0.5693756937980652,-0.0020082162227481604,0.5117774605751038,0.06084504351019859,0.268825888633728,0.7731940746307373,0.0,0.0,0.07955075800418854,0.36685124039649963,0.3047221601009369,0.0036328730639070272,-0.0009702116367407143,0.391663134098053,0.04425553232431412,-0.02295518107712269,0.4983970522880554,0.02874067611992359,0.44394463300704956,0.5732755661010742,0.0,0.0,-0.020904986187815666,0.14818009734153748,0.12479372322559357,0.0009038833086378872,-0.00016071496065706015,0.05493844300508499,0.008386893197894096,0.014345931820571423
internal256,736_0.78_1.76.png,0.5863984823226929,0.011834824457764626,0.5671525597572327,0.616183876991272,0.0,0.0,-0.0,-0.056219130754470825,0.6217556595802307,-0.019224664196372032,0.648167610168457,-0.0013516852632164955,0.593113362789154,0.34144508838653564,0.028581328690052032,0.9799253940582275,0.00032359466422349215,0.2509707808494568,0.7393252849578857,0.04867221787571907,0.6418495774269104,0.011498291976749897,0.649632453918457,-0.0071882265619933605,0.5051935911178589,0.03984404355287552,0.35723239183425903,0.6696874499320984,0.0,0.0,-0.004667337983846664,0.2362169325351715,0.18629807233810425,0.002694325288757682,6.310785101959482e-05,0.358624666929245,0.04432635381817818,-0.028284288942813873,0.5103364586830139,0.029482491314411163,0.4443407654762268,0.5676032900810242,0.0,0.0,-0.01056131161749363,0.16746826469898224,0.13596098124980927,0.00075242028106004,-7.47308149584569e-05,0.04151948541402817,0.008213263005018234,0.01080331951379776,0.5903767943382263,0.011786454357206821,0.5701606869697571,0.6253214478492737,0.0,0.0,0.0003430882643442601,-0.0535757876932621,0.6230940818786621,-0.01830277405679226,0.6468127965927124,-0.0024623707868158817,0.48005396127700806,0.09091700613498688,0.21558275818824768,0.6470201015472412,0.0,0.0,0.5397167205810547,0.06455932557582855,0.5971906185150146,0.008840185590088367,0.5894343256950378,-0.0020082162227481604,0.5083203911781311,0.04431935027241707,0.2804708480834961,0.7596256136894226,0.0,0.0,0.04767272248864174,0.2783934772014618,0.22390232980251312,0.0026293264236301184,-0.000552373006939888,0.3584928512573242,0.04435649514198303,-0.02295518107712269,0.49840468168258667,0.028888104483485222,0.44321882724761963,0.5699687004089355,0.0,0.0,-0.00886990875005722,0.12628231942653656,0.10578102618455887,0.0007605295395478606,-6.376866804203019e-05,0.0414990596473217,0.008228335529565811,0.014345931820571423
internal256,744_0.9_0.99.png,0.5869455933570862,0.007000335492193699,0.5647933483123779,0.6107840538024902,0.0,0.0,-0.0,-0.056211359798908234,0.6218776702880859,-0.01920369081199169,0.6483094692230225,-0.0013516852632164955,0.46938356757164,0.3184948265552521,0.014383524656295776,0.9817819595336914,0.0030279215425252914,0.001849112450145185,0.8490145206451416,0.05083334818482399,0.6116001009941101,0.009293516166508198,0.6090995669364929,-0.0071882265619933605,0.5047777891159058,0.03816835209727287,0.3141328990459442,0.6666357517242432,0.0,0.0,-0.017546478658914566,0.23872524499893188,0.19017507135868073,0.002745015313848853,0.00023221112496685237,0.4301661252975464,0.04046493396162987,-0.028284288942813873,0.5104646682739258,0.029276909306645393,0.4448845684528351,0.5688766241073608,0.0,0.0,-0.013170500285923481,0.15019384026527405,0.123876191675663,0.0006863614544272423,-8.598471322329715e-05,0.06765057891607285,0.008875933475792408,0.01080331951379776,0.5914424061775208,0.008042152039706707,0.5716508030891418,0.6212061047554016,0.0,0.0,-0.0,-0.05355909466743469,0.62336266040802,-0.018261441960930824,0.6471178531646729,-0.0024623707868158817,0.427986741065979,0.0820017009973526,0.16257809102535248,0.6735314726829529,0.0,0.0,0.5284610390663147,0.0649862214922905,0.5864259004592896,0.007928436622023582,0.5743123292922974,-0.0020082162227481604,0.5091349482536316,0.046410880982875824,0.263794869184494,0.7832002639770508,0.0,0.0,0.05710339918732643,0.2647640109062195,0.21629564464092255,0.00254990765824914,-0.0006786417216062546,0.43017199635505676,0.04047813266515732,-0.02295518107712269,0.49835512042045593,0.028896544128656387,0.4414120614528656,0.5691620707511902,0.0,0.0,-0.011978447437286377,0.12187749147415161,0.10206389427185059,0.0007358754519373178,-9.044304897543043e-05,0.0676550343632698,0.008880418725311756,0.014345931820571423
internal256,765_0.56_1.91.png,0.5838313102722168,0.008169764652848244,0.5607566833496094,0.6077917218208313,0.0,0.0,0.0014470878522843122,-0.05625556781888008,0.6210458278656006,-0.019323062151670456,0.6473660469055176,-0.0013516852632164955,0.5246579051017761,0.25800594687461853,0.015497833490371704,0.9854556918144226,0.0021264792885631323,0.0026118713431060314,0.9069800972938538,0.0498679019510746,0.6164210438728333,0.01027846522629261,0.6163195967674255,-0.0071882265619933605,0.5033875703811646,0.03412152826786041,0.27294644713401794,0.7735732197761536,0.0,0.0,0.012447168119251728,0.21953752636909485,0.17573948204517365,0.0025163788814097643,-0.00017440150259062648,0.4000050127506256,0.050006698817014694,-0.028284288942813873,0.5103038549423218,0.02932189777493477,0.44496187567710876,0.5703001618385315,0.0,0.0,-0.01801808923482895,0.16238200664520264,0.13231682777404785,0.0007344468031078577,-0.00011513134086271748,0.07041928917169571,0.014168909750878811,0.01080331951379776,0.5898026823997498,0.009424473159015179,0.5676648020744324,0.6228983402252197,0.0,0.0,-0.0,-0.05358478054404259,0.6229245066642761,-0.01832505129277706,0.6466238498687744,-0.0024623707868158817,0.4300127625465393,0.05927211791276932,0.16601510345935822,0.6825301647186279,0.0,0.0,0.4605284631252289,0.06496961414813995,0.586159884929657,0.00796391349285841,0.5740066170692444,-0.0020082162227481604,0.5050318837165833,0.03436892479658127,0.3297601044178009,0.6886178851127625,0.0,0.0,0.04923482984304428,0.26160839200019836,0.21179263293743134,0.0024673857260495424,-0.0005656141438521445,0.4000440239906311,0.049978580325841904,-0.02295518107712269,0.49846068024635315,0.028957979753613472,0.4424569308757782,0.570896565914154,0.0,0.0,-0.006103846710175276,0.12400888651609421,0.10450393706560135,0.000751155021134764,-3.904827462974936e-05,0.07043325901031494,0.014154261909425259,0.014345931820571423
internal256,774_0.55_0.55.png,0.5773022770881653,0.006697724107652903,0.5541757345199585,0.5973596572875977,0.0,0.0,0.00823711697012186,-0.056348249316215515,0.6192992329597473,-0.01957332156598568,0.6453847289085388,-0.0013516852632164955,0.3842344284057617,0.25930172204971313,0.011239058338105679,0.9826942086219788,0.024338942021131516,0.0013637203956022859,0.8462908267974854,0.052320607006549835,0.5886441469192505,0.007776220329105854,0.577966570854187,-0.0071882265619933605,0.5052477717399597,0.043821293860673904,0.28753817081451416,0.713264524936676,0.0,0.0,-0.04637325182557106,0.3253113031387329,0.265238881111145,0.0038278414867818356,0.0006379715632647276,0.508782684803009,0.0478227436542511,-0.028284288942813873,0.5105913281440735,0.02916806936264038,0.44746506214141846,0.5714718103408813,0.0,0.0,-0.027169033885002136,0.1565374881029129,0.13192453980445862,0.0007327914354391396,-0.00016122242959681898,0.08692193031311035,0.01080181822180748,0.01080331951379776,0.5838358998298645,0.009389198385179043,0.5633860230445862,0.6089888215065002,0.0,0.0,-0.0,-0.053678277879953384,0.6213153600692749,-0.018556511029601097,0.6448113918304443,-0.0024623707868158817,0.38862329721450806,0.07946009188890457,0.13136613368988037,0.7011445164680481,0.0,0.0,0.5308892130851746,0.06530895829200745,0.5790556073188782,0.007239142898470163,0.5637965202331543,-0.0020082162227481604,0.5115259289741516,0.058169979602098465,0.28701260685920715,0.7646280527114868,0.0,0.0,0.08094003051519394,0.36730068922042847,0.3072822690010071,0.0036598804872483015,-0.0010010795667767525,0.5086939334869385,0.047918371856212616,-0.02295518107712269,0.49830150604248047,0.0289625134319067,0.4414787292480469,0.5747687220573425,0.0,0.0,-0.02266024239361286,0.1385166347026825,0.12113142758607864,0.0008770633139647543,-0.00017181015573441982,0.0869346484541893,0.010813011787831783,0.014345931820571423
internal256,786_0.91_0.72.png,0.5837217569351196,0.006573619320988655,0.5595525503158569,0.6100115776062012,0.0,0.0,0.0019473518477752805,-0.05625712499022484,0.621009886264801,-0.019327260553836823,0.6473262906074524,-0.0013516852632164955,0.598430871963501,0.3190240263938904,0.01956133171916008,0.9936309456825256,0.005154401063919067,0.005963387433439493,0.7770825624465942,0.04857933893799782,0.640325129032135,0.01159304566681385,0.6478263139724731,-0.0071882265619933605,0.5056252479553223,0.04101434722542763,0.2734926640987396,0.7441675662994385,0.0,0.0,-0.01829279214143753,0.25319892168045044,0.20042464137077332,0.0029018172062933445,0.00024254946038126945,0.3898978531360626,0.04279092699289322,-0.028284288942813873,0.5104119181632996,0.029302600771188736,0.44558876752853394,0.5718716382980347,0.0,0.0,-0.01895941235125065,0.1534307599067688,0.12814347445964813,0.0007109408616088331,-0.00011986304889433086,0.05572659522294998,0.008433130569756031,0.01080331951379776,0.5876018404960632,0.007923749275505543,0.5666667222976685,0.6208378076553345,0.0,0.0,-0.0,-0.05361926555633545,0.6223219633102417,-0.018410421907901764,0.6459465622901917,-0.0024623707868158817,0.4491123557090759,0.08316884934902191,0.16909143328666687,0.7158608436584473,0.0,0.0,0.5407760739326477,0.06481301039457321,0.5905970335006714,0.008298368193209171,0.5802080631256104,-0.0020082162227481604,0.510024905204773,0.049180373549461365,0.28131696581840515,0.7689324021339417,0.0,0.0,0.059369590133428574,0.28677111864089966,0.23339834809303284,0.0027569099329411983,-0.000716516631655395,0.38996633887290955,0.04287939891219139,-0.02295518107712269,0.49846068024635315,0.028654804453253746,0.43317943811416626,0.5757133960723877,0.0,0.0,-0.01616005040705204,0.12012451887130737,0.1014498919248581,0.0007308048661798239,-0.000118377705803141,0.05573036149144173,0.008434796705842018,0.014345931820571423
internal256,815_0.7_1.68.png,0.5901939868927002,0.009105028584599495,0.5578204393386841,0.6107096076011658,0.0,0.0,0.0014470878522843122,-0.05616525560617447,0.622764527797699,-0.01907917857170105,0.6493120193481445,-0.0013516852632164955,0.39439862966537476,0.29431381821632385,0.014968669041991234,0.9746475219726562,0.012573964893817902,0.003004807746037841,0.9111167788505554,0.052143070846796036,0.5944057703018188,0.007957340218126774,0.5855944752693176,-0.0071882265619933605,0.5016618967056274,0.03126528114080429,0.27831006050109863,0.7572113275527954,0.0,0.0,0.010598602704703808,0.24053123593330383,0.1923743337392807,0.002742148470133543,-0.00013798801228404045,0.5566407442092896,0.05975351855158806,-0.028284288942813873,0.5104570388793945,0.02930661290884018,0.44349026679992676,0.5736474394798279,0.0,0.0,-0.012801994569599628,0.15056182444095612,0.12445957958698273,0.0006895269034430385,-8.261961920652539e-05,0.11926678568124771,0.020745297893881798,0.01080331951379776,0.5990421772003174,0.010823190212249756,0.5676553249359131,0.6204068064689636,0.0,0.0,-0.0,-0.05344000831246376,0.6254544854164124,-0.017966635525226593,0.6494662165641785,-0.0024623707868158817,0.3797677755355835,0.09040027111768723,0.15349672734737396,0.6729171872138977,0.0,0.0,0.617684543132782,0.06538157165050507,0.577877402305603,0.0070840707048773766,0.5620536208152771,-0.0020082162227481604,0.5045310258865356,0.03383597731590271,0.3372955620288849,0.670649528503418,0.0,0.0,0.041002191603183746,0.2575851082801819,0.20856457948684692,0.0024221402127295732,-0.0004630072508007288,0.5565643310546875,0.059716422110795975,-0.02295518107712269,0.4982339143753052,0.029170744121074677,0.43673524260520935,0.5740041732788086,0.0,0.0,-0.005213601980358362,0.1196565181016922,0.09879320859909058,0.000710147141944617,-3.68997898476664e-05,0.11927767097949982,0.020746061578392982,0.014345931820571423
internal256,840_0.64_1.72.png,0.5887772440910339,0.007532263640314341,0.5596258640289307,0.6114150285720825,0.0,0.0,0.003348038997501135,-0.05618536099791527,0.6223739981651306,-0.01913348026573658,0.648871123790741,-0.0013516852632164955,0.5732911229133606,0.27198508381843567,0.024979334324598312,0.9897763729095459,0.0007858728058636189,0.03818417340517044,0.8670166730880737,0.04901844263076782,0.6290065050125122,0.011145073920488358,0.6331504583358765,-0.0071882265619933605,0.5037418603897095,0.035375580191612244,0.29161038994789124,0.7140458822250366,0.0,0.0,0.02149966172873974,0.23860670626163483,0.18937775492668152,0.0027170113753527403,-0.00030414221691899,0.3825717866420746,0.0547066405415535,-0.028284288942813873,0.5103552937507629,0.029382850974798203,0.44468918442726135,0.570364236831665,0.0,0.0,-0.01159390527755022,0.15619973838329315,0.12776145339012146,0.0007088914280757308,-7.942922093207017e-05,0.056004785001277924,0.013312079943716526,0.01080331951379776,0.5939551591873169,0.00718403235077858,0.5709941387176514,0.6210848689079285,0.0,0.0,-0.0,-0.05351972207427025,0.6240431070327759,-0.01816396974027157,0.6478833556175232,-0.0024623707868158817,0.4458915591239929,0.0644431859254837,0.17965900897979736,0.6856905221939087,0.0,0.0,0.4897400736808777,0.0648394227027893,0.5893958806991577,0.008241968229413033,0.5785723924636841,-0.0020082162227481604,0.505313515663147,0.035321395844221115,0.31123456358909607,0.6992374658584595,0.0,0.0,0.05588316172361374,0.2825357913970947,0.2290288805961609,0.0026698715519160032,-0.0006352166528813541,0.3826253414154053,0.054740648716688156,-0.02295518107712269,0.49832212924957275,0.02877829410135746,0.44302377104759216,0.5695229172706604,0.0,0.0,-0.002416846342384815,0.12622016668319702,0.10731497406959534,0.0007709456840530038,-1.4222874597180635e-05,0.05600479990243912,0.013301821425557137,0.014345931820571423
internal256,848_0.71_0.58.png,0.5803957581520081,0.007804419379681349,0.5637974739074707,0.6041750311851501,0.0,0.0,-0.0,-0.056304339319467545,0.6201260089874268,-0.019454745575785637,0.6463229060173035,-0.0013516852632164955,0.5010310411453247,0.37213006615638733,0.03519746661186218,0.9819971919059753,0.000739644980058074,0.13315920531749725,0.7432345747947693,0.050280578434467316,0.6253744959831238,0.009857451543211937,0.6271697878837585,-0.0071882265619933605,0.5065421462059021,0.045976411551237106,0.3148427903652191,0.678682804107666,0.0,0.0,-0.04889516532421112,0.31852930784225464,0.25926876068115234,0.0037599916104227304,0.0006696963682770729,0.39713630080223083,0.03856708109378815,-0.028284288942813873,0.5105212330818176,0.029242364689707756,0.4466998279094696,0.5705078840255737,0.0,0.0,-0.019597558304667473,0.17302243411540985,0.14048537611961365,0.000779892026912421,-0.00012037513079121709,0.054200414568185806,0.006911156699061394,0.01080331951379776,0.5851469039916992,0.007440014276653528,0.570820689201355,0.6146162152290344,0.0,0.0,-0.0,-0.053657736629247665,0.6216583847999573,-0.018505657091736794,0.6451992988586426,-0.0024623707868158817,0.44005507230758667,0.11337250471115112,0.18151293694972992,0.6404492259025574,0.0,0.0,0.6119924187660217,0.06488727033138275,0.5900130271911621,0.008139765821397305,0.5792566537857056,-0.0020082162227481604,0.5134640336036682,0.06577707082033157,0.28731122612953186,0.7751612067222595,0.0,0.0,0.06542207300662994,0.33734583854675293,0.27885496616363525,0.003329781349748373,-0.0008233045227825642,0.39712435007095337,0.03864311799407005,-0.02295518107712269,0.498395711183548,0.02876710146665573,0.4455055296421051,0.5706350207328796,0.0,0.0,-0.021036729216575623,0.14415478706359863,0.1259884387254715,0.000912159332074225,-0.00016262750432360917,0.05418720096349716,0.006905486807227135,0.014345931820571423
internal256,851_0.78_0.98.png,0.5805634260177612,0.006004249677062035,0.554775595664978,0.6000707745552063,0.0,0.0,0.00823711697012186,-0.05630195885896683,0.6201637387275696,-0.01944831945002079,0.6463667154312134,-0.0013516852632164955,0.4111751616001129,0.24136501550674438,0.020779583603143692,0.9732117056846619,0.00399870565161109,0.0007165310671553016,0.9198616743087769,0.05185004323720932,0.5916381478309631,0.008256284520030022,0.5823895335197449,-0.0071882265619933605,0.5048696994781494,0.03993576765060425,0.2760016620159149,0.7394218444824219,0.0,0.0,-0.03695479407906532,0.2641999125480652,0.21143856644630432,0.0030485547613352537,0.0005149649223312736,0.5058135390281677,0.04301680251955986,-0.028284288942813873,0.5104733109474182,0.029201140627264977,0.4464929699897766,0.5705366134643555,0.0,0.0,-0.018746616318821907,0.14629091322422028,0.12175478041172028,0.0006758890813216567,-0.00011757406173273921,0.08450537919998169,0.0106389494612813,0.01080331951379776,0.5854793787002563,0.006451466120779514,0.565608561038971,0.6099401116371155,0.0,0.0,-0.0,-0.053652528673410416,0.6217440366744995,-0.01849275827407837,0.6452963352203369,-0.0024623707868158817,0.4139508306980133,0.06200089678168297,0.18427373468875885,0.6897569298744202,0.0,0.0,0.5209407806396484,0.06510130316019058,0.5831745266914368,0.007682653609663248,0.5697529315948486,-0.0020082162227481604,0.5097891092300415,0.05015566200017929,0.24846960604190826,0.8154256343841553,0.0,0.0,0.06748167425394058,0.30394601821899414,0.2507576048374176,0.0029749630484730005,-0.0008178454590961337,0.5057226419448853,0.04298898205161095,-0.02295518107712269,0.4983627498149872,0.02902247942984104,0.43857672810554504,0.5736945867538452,0.0,0.0,-0.015659896656870842,0.12156804651021957,0.10323438048362732,0.0007456840830855072,-0.00011719325993908569,0.08449549973011017,0.010623703710734844,0.014345931820571423
internal256,854_0.55_1.43.png,0.5823823809623718,0.01049181167036295,0.5503400564193726,0.6059842109680176,0.0,0.0,0.055978816002607346,-0.056276142597198486,0.6206700205802917,-0.019378604367375374,0.646938145160675,-0.0013516852632164955,0.356413871049881,0.28649309277534485,0.01943805254995823,0.986132025718689,0.0013868343085050583,0.010447485372424126,0.7746361494064331,0.05280652642250061,0.5870031118392944,0.007280479650944471,0.5752583146095276,-0.0071882265619933605,0.5033789277076721,0.03560503199696541,0.2530447244644165,0.7419136762619019,0.0,0.0,0.008934051729738712,0.24811027944087982,0.1953057497739792,0.0027983838226646185,-0.00013414664135780185,0.43017566204071045,0.05065231770277023,-0.028284288942813873,0.5104985237121582,0.029183054342865944,0.44469305872917175,0.5713645219802856,0.0,0.0,-0.016818853095173836,0.15275952219963074,0.12494649738073349,0.0006931327516213059,-0.00010380444291513413,0.06724636256694794,0.01256671641021967,0.01080331951379776,0.5886929631233215,0.011224901303648949,0.562501072883606,0.6187824606895447,0.0,0.0,-0.0,-0.053602173924446106,0.6226344108581543,-0.01836809702217579,0.6462959051132202,-0.0024623707868158817,0.3969317674636841,0.07575764507055283,0.18262329697608948,0.6877168416976929,0.0,0.0,0.5652157068252563,0.06524083763360977,0.5804294347763062,0.007384630385786295,0.5657829642295837,-0.0020082162227481604,0.5057934522628784,0.03622743487358093,0.33602795004844666,0.6797566413879395,0.0,0.0,0.04189300164580345,0.2729204297065735,0.2204148769378662,0.002571752527728677,-0.0004804149502888322,0.43008673191070557,0.05072975158691406,-0.02295518107712269,0.49846944212913513,0.028971686959266663,0.4436388909816742,0.5741747617721558,0.0,0.0,-0.010985637083649635,0.12345858663320541,0.10101933777332306,0.000728578248526901,-8.141293801600114e-05,0.06725354492664337,0.012561457231640816,0.014345931820571423
internal256,861_0.95_0.65.png,0.5813121795654297,0.007199915591627359,0.5612967014312744,0.5986416339874268,0.0,0.0,0.0006399456178769469,-0.05629132688045502,0.6203678846359253,-0.01941962167620659,0.6465977430343628,-0.0013516852632164955,0.4184911549091339,0.3378942608833313,0.019220517948269844,0.9822316765785217,0.00483080605044961,0.20111408829689026,0.7831082940101624,0.05172226205468178,0.6043283343315125,0.008386651054024696,0.5988028645515442,-0.0071882265619933605,0.5054433941841125,0.04109928011894226,0.30411040782928467,0.7009427547454834,0.0,0.0,-0.036834582686424255,0.2838311195373535,0.2284679114818573,0.0033029706683009863,0.0005008939770050347,0.40487292408943176,0.037931833416223526,-0.028284288942813873,0.5105283260345459,0.029208293184638023,0.4473716616630554,0.5720589756965637,0.0,0.0,-0.019471677020192146,0.16073010861873627,0.13110534846782684,0.0007272402290254831,-0.00011973720393143594,0.058761339634656906,0.007706273812800646,0.01080331951379776,0.5866608023643494,0.008095183409750462,0.5697166323661804,0.6111695766448975,0.0,0.0,-0.0,-0.05363401398062706,0.6220688223838806,-0.01844692975282669,0.6456614136695862,-0.0024623707868158817,0.42640992999076843,0.10596049576997757,0.16512757539749146,0.6481819152832031,0.0,0.0,0.5813206434249878,0.06499915570020676,0.587043046951294,0.007900825701653957,0.5750871300697327,-0.0020082162227481604,0.5128612518310547,0.061384350061416626,0.26310262084007263,0.7694506049156189,0.0,0.0,0.06668075919151306,0.30404841899871826,0.2483869045972824,0.002958844415843487,-0.0008282518829219043,0.4048619866371155,0.037994757294654846,-0.02295518107712269,0.498388409614563,0.028812652453780174,0.44527193903923035,0.5709097981452942,0.0,0.0,-0.01904224418103695,0.13580946624279022,0.11830529570579529,0.0008556682150810957,-0.00014581822324544191,0.05876316502690315,0.007704990450292826,0.014345931820571423
internal256,865_0.85_1.63.png,0.5902006030082703,0.011443434283137321,0.5646416544914246,0.6132776141166687,0.0,0.0,-0.0,-0.05616515874862671,0.6227795481681824,-0.019078928977251053,0.6493272185325623,-0.0013516852632164955,0.4612739086151123,0.3279455602169037,0.01998801901936531,0.9885297417640686,0.002796782646328211,0.17885540425777435,0.8627794981002808,0.05097499489784241,0.6111885905265808,0.009149008430540562,0.6084132790565491,-0.0071882265619933605,0.5041239261627197,0.03655880689620972,0.32335853576660156,0.6494943499565125,0.0,0.0,-0.0015840978594496846,0.23212935030460358,0.18451754748821259,0.00265709706582129,2.394567127339542e-05,0.4317432940006256,0.04647677391767502,-0.028284288942813873,0.5104754567146301,0.02940777689218521,0.4443671703338623,0.5706387162208557,0.0,0.0,-0.010635343380272388,0.16100753843784332,0.1318887621164322,0.0007305206381715834,-7.195718353614211e-05,0.07775603234767914,0.010705129243433475,0.01080331951379776,0.5961859822273254,0.014054088853299618,0.5702617168426514,0.62589430809021,0.0,0.0,0.0011874446645379066,-0.05348476395010948,0.6246930956840515,-0.018077434971928596,0.6486083269119263,-0.0024623707868158817,0.4345993399620056,0.10333513468503952,0.18023253977298737,0.7230262756347656,0.0,0.0,0.6106252670288086,0.06493200361728668,0.5885079503059387,0.008044229820370674,0.5771756172180176,-0.0020082162227481604,0.5069536566734314,0.039321716874837875,0.31279584765434265,0.7132649421691895,0.0,0.0,0.0455523282289505,0.2696368098258972,0.21929803490638733,0.0025620432570576668,-0.0005163967725820839,0.4317013919353485,0.0464666523039341,-0.02295518107712269,0.498264342546463,0.02902689017355442,0.4433046281337738,0.5678170919418335,0.0,0.0,-0.010476832278072834,0.12901578843593597,0.10690093040466309,0.000770077109336853,-7.970752631081268e-05,0.07776680588722229,0.010701050981879234,0.014345931820571423
internal256,890_0.68_0.92.png,0.5901159048080444,0.008077130652964115,0.5626182556152344,0.6117895841598511,0.0,0.0,-0.0,-0.056166354566812515,0.6227384209632874,-0.019082173705101013,0.649283230304718,-0.0013516852632164955,0.5492690801620483,0.31679996848106384,0.024482347071170807,0.9957085847854614,0.0019877958111464977,0.01698872074484825,0.8393745422363281,0.049438025802373886,0.628532350063324,0.010717018507421017,0.6320884227752686,-0.0071882265619933605,0.5044596791267395,0.03567717224359512,0.28170883655548096,0.7509270310401917,0.0,0.0,0.023947659879922867,0.22721713781356812,0.17856517434120178,0.0025710919871926308,-0.00035391264827921987,0.328717440366745,0.04760802164673805,-0.028284288942813873,0.5104646682739258,0.02927619405090809,0.4448852241039276,0.571294903755188,0.0,0.0,-0.012941699475049973,0.14218857884407043,0.12120121717453003,0.0006730363238602877,-8.311046985909343e-05,0.04916631430387497,0.008939634077250957,0.01080331951379776,0.5954432487487793,0.00897454097867012,0.5726516246795654,0.6195787191390991,0.0,0.0,-0.0,-0.05349639430642128,0.6244574785232544,-0.018106242641806602,0.6483479738235474,-0.0024623707868158817,0.420396089553833,0.07730043679475784,0.18500778079032898,0.745839536190033,0.0,0.0,0.5271213054656982,0.0650484561920166,0.5848253965377808,0.007795515935868025,0.5720551013946533,-0.0020082162227481604,0.5064528584480286,0.036951176822185516,0.3318634629249573,0.6762046813964844,0.0,0.0,0.046785201877355576,0.26152142882347107,0.21364571154117584,0.0024930196814239025,-0.000524855509866029,0.3288055658340454,0.047685008496046066,-0.02295518107712269,0.4984118342399597,0.02844238467514515,0.43855351209640503,0.5693591237068176,0.0,0.0,-0.004261435009539127,0.11598677933216095,0.09796807169914246,0.0007041403441689909,-2.9924984119134024e-05,0.04916926473379135,0.008939586579799652,0.014345931820571423
internal256,891_0.77_1.82.png,0.5966684818267822,0.007693638559430838,0.5704484581947327,0.6205795407295227,0.0,0.0,-0.0,-0.056073352694511414,0.624520480632782,-0.01883101277053356,0.651297926902771,-0.0013516852632164955,0.6641817092895508,0.30968618392944336,0.028255360201001167,0.9899437427520752,0.0011325813829898834,0.019831731915473938,0.6969907283782959,0.04743090644478798,0.65572589635849,0.012764678336679935,0.6682465076446533,-0.0071882265619933605,0.5035392642021179,0.032521482557058334,0.33239442110061646,0.6704448461532593,0.0,0.0,0.044539738446474075,0.2465171068906784,0.1983051598072052,0.0028398034628480673,-0.0006298752850852907,0.2952606678009033,0.06162726879119873,-0.028284288942813873,0.5102528929710388,0.02957453392446041,0.44295522570610046,0.566852867603302,0.0,0.0,-0.0006394865922629833,0.17193350195884705,0.1418330818414688,0.0007839023019187152,-1.9752265870920382e-05,0.037713125348091125,0.012637259438633919,0.01080331951379776,0.6006747484207153,0.007796257734298706,0.5766572952270508,0.6257994771003723,0.0,0.0,0.0003430882643442601,-0.05341443046927452,0.6258883476257324,-0.01790330745279789,0.6499552130699158,-0.0024623707868158817,0.46801993250846863,0.07581369578838348,0.19993135333061218,0.7043373584747314,0.0,0.0,0.4987978935241699,0.06465799361467361,0.5941874384880066,0.008629457093775272,0.5852807760238647,-0.0020082162227481604,0.5048717260360718,0.033714670687913895,0.3458429276943207,0.6618874669075012,0.0,0.0,0.037085458636283875,0.2674652934074402,0.21623419225215912,0.0025221991818398237,-0.00040727132000029087,0.29521605372428894,0.06160478666424751,-0.02295518107712269,0.49828678369522095,0.028646409511566162,0.44089275598526,0.5688861608505249,0.0,0.0,0.005635929759591818,0.13713066279888153,0.11547917127609253,0.0008278944296762347,4.760912270285189e-05,0.03769942745566368,0.012635509483516216,0.014345931820571423
internal256,893_0.65_1.08.png,0.5836623311042786,0.009331166744232178,0.5304949879646301,0.6050542593002319,0.0,0.0,0.027215328067541122,-0.05625796690583229,0.621006190776825,-0.01932954415678978,0.6473202705383301,-0.0013516852632164955,0.3262562155723572,0.2043084055185318,0.004190437495708466,0.9964696168899536,0.0029354661237448454,0.011880547739565372,0.8298419713973999,0.05333327874541283,0.5737738013267517,0.006743090692907572,0.5574483871459961,-0.0071882265619933605,0.5028650760650635,0.03420105576515198,0.24091404676437378,0.8074512481689453,0.0,0.0,-0.012045592069625854,0.2369469553232193,0.1846359521150589,0.0026470476295799017,0.0001755143894115463,0.5078239440917969,0.05503001809120178,-0.028284288942813873,0.5105235576629639,0.029221374541521072,0.4448375701904297,0.5752713680267334,0.0,0.0,-0.0203439611941576,0.14128239452838898,0.11817453801631927,0.0006554769352078438,-0.00012503367906901985,0.09523556381464005,0.016524802893400192,0.01080331951379776,0.5910305380821228,0.009504622779786587,0.5511922240257263,0.6176385879516602,0.0,0.0,0.007856837473809719,-0.05356554687023163,0.6232579350471497,-0.01827741414308548,0.6469990015029907,-0.0024623707868158817,0.39098814129829407,0.06166011095046997,0.09740295261144638,0.7491599917411804,0.0,0.0,0.4824160635471344,0.06528957188129425,0.5789585113525391,0.007280551362782717,0.5637194514274597,-0.0020082162227481604,0.5060597062110901,0.036962058395147324,0.2868219316005707,0.7517769932746887,0.0,0.0,0.05341633781790733,0.2578800320625305,0.20777976512908936,0.0024380560498684645,-0.0006308999727480114,0.5076844692230225,0.0551358126103878,-0.02295518107712269,0.49816182255744934,0.029317177832126617,0.4383768141269684,0.5745975375175476,0.0,0.0,-0.011460404843091965,0.11372367292642593,0.09355942159891129,0.0006737844087183475,-8.297480235341936e-05,0.09524095803499222,0.01651640608906746,0.014345931820571423
internal256,896_0.83_1.62.png,0.5904600620269775,0.00938421767205,0.5349400639533997,0.6110323667526245,0.0,0.0,0.015090671367943287,-0.05616147071123123,0.622838020324707,-0.01906898431479931,0.6493949890136719,-0.0013516852632164955,0.4684388339519501,0.2147495299577713,0.005245234351605177,0.9950262904167175,0.0028198964428156614,0.011949889361858368,0.9173719882965088,0.05084984749555588,0.6003338098526001,0.009276681579649448,0.5947257280349731,-0.0071882265619933605,0.5029073357582092,0.03292393684387207,0.24099738895893097,0.8023906350135803,0.0,0.0,-0.0005757810431532562,0.21474191546440125,0.16952669620513916,0.0024313325993716717,1.7725284124026075e-05,0.470612496137619,0.05850189924240112,-0.028284288942813873,0.5104254484176636,0.029399586841464043,0.444611132144928,0.5740872621536255,0.0,0.0,-0.009814124554395676,0.15107901394367218,0.12539266049861908,0.0006939779850654304,-6.9930094468873e-05,0.08131568878889084,0.0181120578199625,0.01080331951379776,0.5970571637153625,0.0093992929905653,0.5548979043960571,0.6209728717803955,0.0,0.0,0.005072274245321751,-0.053471121937036514,0.6249014735221863,-0.01804363913834095,0.6488465070724487,-0.0024623707868158817,0.4305216073989868,0.05680466070771217,0.10966554284095764,0.7417815923690796,0.0,0.0,0.46118566393852234,0.06496544182300568,0.5861995816230774,0.007972823455929756,0.5740693211555481,-0.0020082162227481604,0.5054714679718018,0.03495243191719055,0.28507888317108154,0.7600629329681396,0.0,0.0,0.042522963136434555,0.22037522494792938,0.17685982584953308,0.0020655221305787563,-0.0004912072909064591,0.47050589323043823,0.05858154967427254,-0.02295518107712269,0.4979966878890991,0.029382312670350075,0.44022542238235474,0.5743265748023987,0.0,0.0,-0.005429829005151987,0.11611514538526535,0.09419923275709152,0.0006755085196346045,-3.740358442883007e-05,0.08131744712591171,0.018103286623954773,0.014345931820571423
internal256,905_0.65_1.3.png,0.5842640995979309,0.007484888657927513,0.5660374164581299,0.6070581078529358,0.0,0.0,-0.0,-0.05624942108988762,0.6211588382720947,-0.019306473433971405,0.6474946141242981,-0.0013516852632164955,0.49478402733802795,0.344217449426651,0.022738082334399223,0.96574467420578,0.008552145212888718,0.00041605031583458185,0.7808918952941895,0.050389692187309265,0.6201730370521545,0.009746133349835873,0.620475172996521,-0.0071882265619933605,0.5041054487228394,0.0364198237657547,0.3378118872642517,0.6617363095283508,0.0,0.0,-0.0013723536394536495,0.23817549645900726,0.1873813420534134,0.0026950566098093987,2.1327761714928783e-05,0.44920673966407776,0.044698260724544525,-0.028284288942813873,0.5104442238807678,0.02931041456758976,0.44517382979393005,0.5736396312713623,0.0,0.0,-0.017054062336683273,0.1532842069864273,0.12656350433826447,0.000702249410096556,-0.00010769242362584919,0.07939954847097397,0.010341030545532703,0.01080331951379776,0.590831458568573,0.01016207318753004,0.5710469484329224,0.623124897480011,0.0,0.0,-0.0,-0.05356866121292114,0.6232074499130249,-0.01828513853251934,0.6469417810440063,-0.0024623707868158817,0.41955530643463135,0.08506462723016739,0.1941266655921936,0.6225705742835999,0.0,0.0,0.5760493278503418,0.06505534797906876,0.5849244594573975,0.007780793122947216,0.5721672177314758,-0.0020082162227481604,0.506540060043335,0.03900712728500366,0.3019876480102539,0.7030237317085266,0.0,0.0,0.047495465725660324,0.2813723087310791,0.22742655873298645,0.0026551743503659964,-0.0005435961065813899,0.44926416873931885,0.04478905349969864,-0.02295518107712269,0.49846184253692627,0.028709590435028076,0.4422467052936554,0.5694496035575867,0.0,0.0,-0.010146671906113625,0.12855219841003418,0.10834286361932755,0.0007805387140251696,-7.437635940732434e-05,0.07940087467432022,0.010355973616242409,0.014345931820571423
internal256,917_0.83_1.67.png,0.5840274691581726,0.010084209032356739,0.5551575422286987,0.6068663001060486,0.0,0.0,0.003791490104049444,-0.05625278502702713,0.6211081147193909,-0.01931554265320301,0.6474352478981018,-0.0013516852632164955,0.5510339140892029,0.31511756777763367,0.0064018405973911285,0.9888375997543335,0.0062638684175908566,0.019207656383514404,0.8510993123054504,0.04940720275044441,0.6287285089492798,0.010748465545475483,0.6323695182800293,-0.0071882265619933605,0.5049810409545898,0.04056810960173607,0.25707927346229553,0.7638354301452637,0.0,0.0,-0.013536890968680382,0.26391252875328064,0.20325124263763428,0.00293583027087152,0.00018162083870265633,0.4009059965610504,0.05215722694993019,-0.028284288942813873,0.5103263854980469,0.029390182346105576,0.4445492923259735,0.5691183805465698,0.0,0.0,-0.01620696485042572,0.16860415041446686,0.13754935562610626,0.0007616917137056589,-0.00010565304546616971,0.06197010725736618,0.01268644630908966,0.01080331951379776,0.587578296661377,0.011648564599454403,0.5662592649459839,0.6168314814567566,0.0,0.0,-0.0,-0.053619638085365295,0.6223359107971191,-0.018411332741379738,0.6459594964981079,-0.0024623707868158817,0.4448539614677429,0.08326847106218338,0.12657305598258972,0.7153940200805664,0.0,0.0,0.5630577206611633,0.0648479238152504,0.5897552371025085,0.00822379719465971,0.5790201425552368,-0.0020082162227481604,0.508100152015686,0.04550491273403168,0.255093514919281,0.7977871298789978,0.0,0.0,0.05327974259853363,0.28914934396743774,0.23160609602928162,0.0027314338367432356,-0.0006479487637989223,0.4009004831314087,0.05225348845124245,-0.02295518107712269,0.4984044134616852,0.029045097529888153,0.44111132621765137,0.5734175443649292,0.0,0.0,-0.011672740802168846,0.12575280666351318,0.10420965403318405,0.0007505800458602607,-8.27677285997197e-05,0.0619930699467659,0.012708189897239208,0.014345931820571423
internal256,922_0.74_0.99.png,0.5821231007575989,0.005698864813894033,0.5577200651168823,0.6059832572937012,0.0,0.0,0.0021899074781686068,-0.05627981573343277,0.6205790638923645,-0.019388539716601372,0.6468381285667419,-0.0013516852632164955,0.574872612953186,0.30758610367774963,0.021169230341911316,0.989559531211853,0.0017566567985340953,0.009707840159535408,0.8575338125228882,0.048990827053785324,0.6333445906639099,0.011173255741596222,0.6386305093765259,-0.0071882265619933605,0.5054699778556824,0.039750970900058746,0.29574984312057495,0.7284231185913086,0.0,0.0,-0.009648437611758709,0.2415265291929245,0.19143344461917877,0.002771012717857957,0.00011947857274208218,0.3571508824825287,0.03921065479516983,-0.028284288942813873,0.5104320645332336,0.029269224032759666,0.44641560316085815,0.5662567019462585,0.0,0.0,-0.02055143564939499,0.1492009162902832,0.12508469820022583,0.0006942448671907187,-0.0001278283161809668,0.05111227184534073,0.008313661441206932,0.01080331951379776,0.5867108106613159,0.006265615113079548,0.5696729421615601,0.6121996641159058,0.0,0.0,-0.0,-0.05363323166966438,0.6220749616622925,-0.018444985151290894,0.6456693410873413,-0.0024623707868158817,0.4400259256362915,0.0736757144331932,0.17818571627140045,0.7027878761291504,0.0,0.0,0.5569882988929749,0.06488750874996185,0.5884982943534851,0.008139253593981266,0.5772765874862671,-0.0020082162227481604,0.5092678070068359,0.047158706933259964,0.28146448731422424,0.7670337557792664,0.0,0.0,0.06288711726665497,0.28727591037750244,0.23557838797569275,0.002778982510790229,-0.0007480367785319686,0.3572327792644501,0.039276737719774246,-0.02295518107712269,0.49844685196876526,0.028640402480959892,0.4440842270851135,0.5675095915794373,0.0,0.0,-0.01490043941885233,0.12058094143867493,0.10116542130708694,0.000728906539734453,-0.00010859841131605208,0.051116615533828735,0.008307531476020813,0.014345931820571423
internal256,92_0.7_0.93.png,0.5850846171379089,0.007691462989896536,0.5581660866737366,0.6048728823661804,0.0,0.0,0.005279645789414644,-0.056237779557704926,0.6213799715042114,-0.01927502080798149,0.6477450728416443,-0.0013516852632164955,0.3961819112300873,0.3103393018245697,0.014521692879498005,0.9707478880882263,0.009129992686212063,0.0006009615608491004,0.8207619786262512,0.052111923694610596,0.596695065498352,0.007989116944372654,0.5885708332061768,-0.0071882265619933605,0.5034350156784058,0.03363097831606865,0.2926134467124939,0.7271987795829773,0.0,0.0,0.01546717993915081,0.22655834257602692,0.18046241998672485,0.002587775932624936,-0.00022932051797397435,0.3987075090408325,0.047107286751270294,-0.028284288942813873,0.5105089545249939,0.029152769595384598,0.44515538215637207,0.5722866058349609,0.0,0.0,-0.017817337065935135,0.14415988326072693,0.12071648240089417,0.0006702853715978563,-0.00010799110896186903,0.0686546117067337,0.010271891951560974,0.01080331951379776,0.5915320515632629,0.009570659138262272,0.5677007436752319,0.6143004894256592,0.0,0.0,-0.0,-0.053557682782411575,0.6233945488929749,-0.01825796626508236,0.6471525430679321,-0.0024623707868158817,0.38237136602401733,0.08098138123750687,0.12063585221767426,0.6306053996086121,0.0,0.0,0.5630726218223572,0.06536022573709488,0.577999472618103,0.007129663601517677,0.5622705817222595,-0.0020082162227481604,0.5061302185058594,0.03684762492775917,0.29899877309799194,0.6841240525245667,0.0,0.0,0.05252005159854889,0.25340738892555237,0.2065807282924652,0.002412768080830574,-0.0006046231719665229,0.3987275958061218,0.0471620112657547,-0.02295518107712269,0.4984242022037506,0.02866416983306408,0.43542197346687317,0.5726297497749329,0.0,0.0,-0.0066718002781271935,0.11578727513551712,0.0980176329612732,0.0007057812763378024,-4.786934005096555e-05,0.06866279244422913,0.010278948582708836,0.014345931820571423
internal256,942_0.98_1.21.png,0.5953219532966614,0.011312161572277546,0.5469644665718079,0.6178893446922302,0.0,0.0,0.0233279038220644,-0.056092459708452225,0.6241713762283325,-0.018882624804973602,0.6509010195732117,-0.0013516852632164955,0.4906250536441803,0.2745378911495209,0.05505575239658356,0.9993663430213928,0.0,0.07731601595878601,0.9158468246459961,0.05046233534812927,0.6108040809631348,0.009672025218605995,0.608515739440918,-0.0071882265619933605,0.5036331415176392,0.039249345660209656,0.17706824839115143,0.8519647121429443,0.0,0.0,-0.005400421097874641,0.2517573833465576,0.19737009704113007,0.002823881572112441,7.384861237369478e-05,0.39208999276161194,0.05192635580897331,-0.028284288942813873,0.5107477307319641,0.02960796467959881,0.44263574481010437,0.5705116391181946,0.0,0.0,-0.003100804053246975,0.17341594398021698,0.1426897495985031,0.000790195248555392,-2.440794742142316e-05,0.07413173466920853,0.011015969328582287,0.01080331951379776,0.6038054823875427,0.010419429279863834,0.5612297058105469,0.625916600227356,0.0,0.0,0.0009830277413129807,-0.053365375846624374,0.6267668008804321,-0.01778186298906803,0.6509385704994202,-0.0024623707868158817,0.3883233964443207,0.0800049751996994,0.1685793697834015,0.7702154517173767,0.0,0.0,0.5706029534339905,0.06531141698360443,0.5790201425552368,0.007233889307826757,0.5637434720993042,-0.0020082162227481604,0.5061825513839722,0.036328867077827454,0.3284180760383606,0.7029305100440979,0.0,0.0,0.031104573979973793,0.26051655411720276,0.20797614753246307,0.002421498764306307,-0.0003437859704717994,0.39210981130599976,0.05196085944771767,-0.02295518107712269,0.49766838550567627,0.029297908768057823,0.4299802780151367,0.5748786330223083,0.0,0.0,-0.00651566032320261,0.1461849957704544,0.1200910285115242,0.0008643717737868428,-5.575565592152998e-05,0.07415008544921875,0.011024520732462406,0.014345931820571423
internal256,948_0.73_0.76.png,0.5810142159461975,0.006985639221966267,0.5525588989257812,0.5977605581283569,0.0,0.0,0.021841589361429214,-0.05629555508494377,0.6202875375747681,-0.019431043416261673,0.646506667137146,-0.0013516852632164955,0.3607715964317322,0.2440710812807083,0.018238957971334457,0.9915265440940857,0.004068047273904085,0.025795118883252144,0.898707389831543,0.05273041874170303,0.5830554366111755,0.007358131464570761,0.5702483057975769,-0.0071882265619933605,0.5049071311950684,0.04082814231514931,0.2804584205150604,0.7317500114440918,0.0,0.0,-0.025051631033420563,0.3041402995586395,0.24266059696674347,0.00349700590595603,0.00033291426370851696,0.5025957226753235,0.05291307345032692,-0.028284288942813873,0.5105580687522888,0.02913711965084076,0.4459554851055145,0.5726342797279358,0.0,0.0,-0.021689558401703835,0.14914852380752563,0.12415148317813873,0.0006893743993714452,-0.00012981909094378352,0.07988367974758148,0.01183194201439619,0.01080331951379776,0.5863648056983948,0.0063101802952587605,0.562138557434082,0.6076759696006775,0.0,0.0,0.0003430882643442601,-0.05363864451646805,0.6219819188117981,-0.018458407372236252,0.6455644369125366,-0.0024623707868158817,0.3874608278274536,0.07555536925792694,0.16100794076919556,0.711472749710083,0.0,0.0,0.5441320538520813,0.06531849503517151,0.5787234902381897,0.007218785583972931,0.5633341670036316,-0.0020082162227481604,0.5097568035125732,0.05087689682841301,0.2679089903831482,0.7786759734153748,0.0,0.0,0.06298470497131348,0.312576562166214,0.25508221983909607,0.003015174763277173,-0.0007614919450134039,0.5025454163551331,0.052977804094552994,-0.02295518107712269,0.4983735978603363,0.028815725818276405,0.43965837359428406,0.5716005563735962,0.0,0.0,-0.016074163839221,0.1307910531759262,0.11293356865644455,0.0008165966719388962,-0.00012227639672346413,0.07989652454853058,0.011835544370114803,0.014345931820571423
internal256,974_0.77_1.14.png,0.5884776711463928,0.010087664239108562,0.5661762356758118,0.6117537021636963,0.0,0.0,-0.0,-0.05618961527943611,0.6223055720329285,-0.019144967198371887,0.6487918496131897,-0.0013516852632164955,0.4449117183685303,0.2906140983104706,0.05449364706873894,0.9939759373664856,0.0,0.09730954468250275,0.8561298251152039,0.05126078426837921,0.6033580303192139,0.008857444860041142,0.59810471534729,-0.0071882265619933605,0.5046786069869995,0.038014281541109085,0.29635143280029297,0.6941149234771729,0.0,0.0,-0.002885945374146104,0.22810497879981995,0.18101197481155396,0.0026109868194907904,2.410777597106062e-05,0.3989957571029663,0.043843548744916916,-0.028284288942813873,0.5104678869247437,0.029300719499588013,0.4450044631958008,0.5694737434387207,0.0,0.0,-0.009328859858214855,0.15159058570861816,0.12550106644630432,0.000694802962243557,-6.392694194801152e-05,0.058600038290023804,0.009732944890856743,0.01080331951379776,0.5928254723548889,0.009781580418348312,0.5713868737220764,0.6191302537918091,0.0,0.0,-0.0,-0.05353742465376854,0.6237474679946899,-0.018207792192697525,0.6475493311882019,-0.0024623707868158817,0.4264017343521118,0.08098655939102173,0.23014354705810547,0.7337381839752197,0.0,0.0,0.5466058850288391,0.06499921530485153,0.5860882997512817,0.007900680415332317,0.5738368034362793,-0.0020082162227481604,0.5074738264083862,0.04053451120853424,0.31160297989845276,0.7143272757530212,0.0,0.0,0.04072130098938942,0.2507237493991852,0.20258478820323944,0.002374590840190649,-0.00046911792014725506,0.39899682998657227,0.04383813589811325,-0.02295518107712269,0.49834293127059937,0.028881661593914032,0.44259166717529297,0.5674042701721191,0.0,0.0,-0.008667134679853916,0.12203444540500641,0.10035132616758347,0.0007223064894787967,-6.578505417564884e-05,0.05859808996319771,0.009723656810820103,0.014345931820571423
internal256,977_0.83_0.6.png,0.5800985097885132,0.007871605455875397,0.550153911113739,0.6002324819564819,0.0,0.0,0.06292292475700378,-0.0563085563480854,0.6200470924377441,-0.019466137513518333,0.646233320236206,-0.0013516852632164955,0.30012965202331543,0.2602543234825134,0.0167867261916399,0.9941293001174927,0.009892751462757587,0.06874075531959534,0.7759039998054504,0.053789619356393814,0.5753711462020874,0.006277534645050764,0.5589562058448792,-0.0071882265619933605,0.5051833391189575,0.041642650961875916,0.2509048283100128,0.7461776733398438,0.0,0.0,-0.03896157070994377,0.2891596853733063,0.23293936252593994,0.003362859832122922,0.0005372244049794972,0.47216716408729553,0.04615985229611397,-0.028284288942813873,0.5105735063552856,0.029123753309249878,0.4448736011981964,0.5704910755157471,0.0,0.0,-0.01940186321735382,0.15341366827487946,0.1259804517030716,0.0006988464738242328,-0.00011714975698851049,0.0790000781416893,0.009884263388812542,0.01080331951379776,0.5855990052223206,0.00737822474911809,0.5652331113815308,0.6134070158004761,0.0,0.0,-0.0,-0.05365064740180969,0.6217797994613647,-0.018488112837076187,0.6453361511230469,-0.0024623707868158817,0.39199379086494446,0.0921747013926506,0.17422091960906982,0.7726005911827087,0.0,0.0,0.573556125164032,0.06528133153915405,0.580108642578125,0.0072981612756848335,0.5652552843093872,-0.0020082162227481604,0.510898232460022,0.054644592106342316,0.28396284580230713,0.7497021555900574,0.0,0.0,0.0688454806804657,0.3197806775569916,0.2658097445964813,0.0031583867967128754,-0.0008343326044268906,0.47204113006591797,0.04626234620809555,-0.02295518107712269,0.49833399057388306,0.028954636305570602,0.44334831833839417,0.5736922025680542,0.0,0.0,-0.01757745072245598,0.1347048431634903,0.1173744648694992,0.0008501973352394998,-0.0001359470043098554,0.07899883389472961,0.009874890558421612,0.014345931820571423
internal256,97_0.52_0.61.png,0.5776594281196594,0.007952587679028511,0.555653989315033,0.6010671257972717,0.0,0.0,0.034143682569265366,-0.05634317547082901,0.6193990707397461,-0.019559629261493683,0.6454974412918091,-0.0013516852632164955,0.3649410009384155,0.2570732533931732,0.01387768518179655,0.9870997071266174,0.008806398138403893,0.00027736686752177775,0.8984659910202026,0.0526575967669487,0.5851051807403564,0.007432424928992987,0.5729883313179016,-0.0071882265619933605,0.5052388310432434,0.0407324880361557,0.2874668538570404,0.7088705897331238,0.0,0.0,-0.024448107928037643,0.2876512110233307,0.230155810713768,0.003322649747133255,0.0003218423807993531,0.42489027976989746,0.044605035334825516,-0.028284288942813873,0.5104681849479675,0.02908991277217865,0.44643518328666687,0.5702352523803711,0.0,0.0,-0.027609463781118393,0.14587660133838654,0.1236763671040535,0.0006871133809909225,-0.00016328410129062831,0.07356042414903641,0.009791319258511066,0.01080331951379776,0.5829930305480957,0.008639173582196236,0.5634382367134094,0.6119307279586792,0.0,0.0,-0.0,-0.05369148030877113,0.6210855841636658,-0.01858920231461525,0.6445528864860535,-0.0024623707868158817,0.3912733793258667,0.07172206789255142,0.16161119937896729,0.6783255338668823,0.0,0.0,0.5690585970878601,0.06528723239898682,0.5792871117591858,0.007285546977072954,0.5641583204269409,-0.0020082162227481604,0.5093557834625244,0.04860289767384529,0.28425246477127075,0.7589913010597229,0.0,0.0,0.06748974323272705,0.3180612623691559,0.264362096786499,0.0031397950369864702,-0.0008301986963488162,0.4248596429824829,0.04464956372976303,-0.02295518107712269,0.4984896183013916,0.028812812641263008,0.443812757730484,0.5709819793701172,0.0,0.0,-0.019177109003067017,0.12205012887716293,0.1045367568731308,0.0007541308295913041,-0.0001409694814356044,0.07356777787208557,0.009792969562113285,0.014345931820571423
internal256,989_0.59_1.18.png,0.5768955945968628,0.009321187622845173,0.5584101676940918,0.6028156876564026,0.0,0.0,0.013755235821008682,-0.056354016065597534,0.6192031502723694,-0.019588913768529892,0.6452739238739014,-0.0013516852632164955,0.4120873510837555,0.33107101917266846,0.027048036456108093,0.9840166568756104,0.00864460039883852,0.0015255177859216928,0.7207919955253601,0.0518341138958931,0.6022399663925171,0.008272538892924786,0.5960025191307068,-0.0071882265619933605,0.5049118995666504,0.039639297872781754,0.30989858508110046,0.7226950526237488,0.0,0.0,-0.017145443707704544,0.2735235095024109,0.21851667761802673,0.0031503073405474424,0.00022400743910111487,0.4278024435043335,0.045172542333602905,-0.028284288942813873,0.5104544162750244,0.029153743758797646,0.4451720416545868,0.5719136595726013,0.0,0.0,-0.026165824383497238,0.15928488969802856,0.1316101998090744,0.0007307696505449712,-0.00015682632511015981,0.06952846795320511,0.00998706929385662,0.01080331951379776,0.5818304419517517,0.010785160586237907,0.5644882321357727,0.6100638508796692,0.0,0.0,-0.0,-0.05370970070362091,0.6207859516143799,-0.01863430067896843,0.6442133784294128,-0.0024623707868158817,0.40086930990219116,0.08491218090057373,0.19321155548095703,0.6487456560134888,0.0,0.0,0.5811364650726318,0.0652085617184639,0.5814484357833862,0.007453582249581814,0.5672072172164917,-0.0020082162227481604,0.5087525844573975,0.04580451175570488,0.2704184651374817,0.7300494909286499,0.0,0.0,0.07012605667114258,0.3243297338485718,0.2723924517631531,0.003222924657166004,-0.0008501678821630776,0.42776259779930115,0.04517309367656708,-0.02295518107712269,0.4985470473766327,0.02890084497630596,0.4412037134170532,0.5711867809295654,0.0,0.0,-0.019945422187447548,0.12970998883247375,0.10894069820642471,0.0007867100648581982,-0.00014668848598375916,0.06952950358390808,0.009987755678594112,0.014345931820571423
internal256,995_0.77_1.16.png,0.5827180743217468,0.007439690642058849,0.5605685114860535,0.6057389378547668,0.0,0.0,0.002428280422464013,-0.056271374225616455,0.620744526386261,-0.01936572790145874,0.6470248699188232,-0.0013516852632164955,0.6013050079345703,0.33606359362602234,0.006222967058420181,0.9765620231628418,0.0067954882979393005,0.08984375,0.8303489089012146,0.048529140651226044,0.643129289150238,0.011644260957837105,0.6513864398002625,-0.0071882265619933605,0.5061672925949097,0.04333333298563957,0.3121344745159149,0.7055315375328064,0.0,0.0,-0.029907742515206337,0.264509916305542,0.20943094789981842,0.00303867575712502,0.0004143080150242895,0.3561095893383026,0.034168634563684464,-0.028284288942813873,0.5104042291641235,0.02936461940407753,0.4467748999595642,0.5663869976997375,0.0,0.0,-0.01636361889541149,0.16563983261585236,0.13511908054351807,0.0007494183955714107,-0.00010705259774113074,0.04824354127049446,0.007075893692672253,0.01080331951379776,0.5863784551620483,0.008059400133788586,0.5691554546356201,0.6125461459159851,0.0,0.0,-0.0,-0.053638432174921036,0.6219925880432129,-0.018457883968949318,0.6455754637718201,-0.0024623707868158817,0.4722437858581543,0.08311013132333755,0.12756478786468506,0.6245394945144653,0.0,0.0,0.5746673345565796,0.06462335586547852,0.5952920913696289,0.008703421801328659,0.5868054628372192,-0.0020082162227481604,0.5112075209617615,0.05568481609225273,0.22415116429328918,0.8221799731254578,0.0,0.0,0.06218012422323227,0.31562814116477966,0.254940927028656,0.0030254959128797054,-0.000749825092498213,0.35608986020088196,0.03415541723370552,-0.02295518107712269,0.4984326958656311,0.02871110290288925,0.44437968730926514,0.5699037313461304,0.0,0.0,-0.0175113957375288,0.13229888677597046,0.11076425015926361,0.000798441527877003,-0.00013092263543512672,0.04824278876185417,0.007069080136716366,0.014345931820571423
