fold,gt_keep_fraction,gt_spatial_minus_keep_color_bias,gt_spatial_minus_keep_psnr_db,gt_spatial_minus_keep_ssim,gt_spatial_minus_shuffled_psnr_db,gt_spatial_minus_uniform_psnr_db,gt_strengthen_fraction,gt_weaken_fraction,model,p00_keep_fraction,p00_minus_p11_psnr_db,p00_spatial_minus_keep_color_bias,p00_spatial_minus_keep_psnr_db,p00_spatial_minus_keep_ssim,p00_spatial_minus_shuffled_psnr_db,p00_spatial_minus_uniform_psnr_db,p00_strengthen_fraction,p00_weaken_fraction,p01_keep_fraction,p01_spatial_minus_keep_color_bias,p01_spatial_minus_keep_psnr_db,p01_spatial_minus_keep_ssim,p01_spatial_minus_shuffled_psnr_db,p01_spatial_minus_uniform_psnr_db,p01_strengthen_fraction,p01_weaken_fraction,p10_keep_fraction,p10_spatial_minus_keep_color_bias,p10_spatial_minus_keep_psnr_db,p10_spatial_minus_keep_ssim,p10_spatial_minus_shuffled_psnr_db,p10_spatial_minus_uniform_psnr_db,p10_strengthen_fraction,p10_weaken_fraction,p11_keep_fraction,p11_spatial_minus_keep_color_bias,p11_spatial_minus_keep_psnr_db,p11_spatial_minus_keep_ssim,p11_spatial_minus_shuffled_psnr_db,p11_spatial_minus_uniform_psnr_db,p11_strengthen_fraction,p11_weaken_fraction,population,scene
frozen_candidate,0.21319999999999995,-0.006856311514038588,3.0695806148537184,0.0016549229621887207,3.357831899485281,3.0695806148537184,0.41279999999999983,0.3739999999999999,frozen_test_development_candidate,1.0,0.0,0.0,0.0,0.0,0.0,0.0,0.0,0.0,1.0,0.0,0.0,0.0,0.0,0.0,0.0,0.0,1.0,0.0,0.0,0.0,0.0,0.0,0.0,0.0,1.0,0.0,0.0,0.0,0.0,0.0,0.0,0.0,haze4k_test_development_stress,0208e589ca4f40fb4e97c6ca2732afcd5c744601580355533ca985aa828c5b07
frozen_candidate,0.7008333333333332,-0.0030471802962024537,4.838218012172213,-0.0017083585262298584,6.810889822192486,4.838218012172211,0.23499999999999993,0.06416666666666666,frozen_test_development_candidate,1.0,0.0,0.0,1.7763568394002505e-15,0.0,0.0,0.0,0.0,0.0,1.0,0.0,1.7763568394002505e-15,0.0,0.0,0.0,0.0,0.0,1.0,0.0,1.7763568394002505e-15,0.0,0.0,0.0,0.0,0.0,1.0,0.0,1.7763568394002505e-15,0.0,0.0,0.0,0.0,0.0,haze4k_test_development_stress,043da5cd0e426396cf04dda6a0ca822e6c56f582c0819f2107bb05be182455d5
frozen_candidate,0.8916666666666665,-0.0006838209427067137,0.7132125857002318,-0.00023899972438812256,4.730454796273699,0.7132125857002318,0.09166666666666663,0.016666666666666663,frozen_test_development_candidate,1.0,0.0,0.0,0.0,0.0,0.0,0.0,0.0,0.0,1.0,0.0,0.0,0.0,0.0,0.0,0.0,0.0,1.0,0.0,0.0,0.0,0.0,0.0,0.0,0.0,1.0,0.0,0.0,0.0,0.0,0.0,0.0,0.0,haze4k_test_development_stress,0758a0e91205d51bb43bc575f9e13ee8ed64b4943b95d9620241b537f0dc7bbe
frozen_candidate,0.37833333333333324,-0.0037792687900883946,3.370519325466967,-0.00020228326320648193,4.68910420569829,3.3705193254669688,0.3533333333333332,0.26833333333333326,frozen_test_development_candidate,1.0,0.0,0.0,-1.7763568394002505e-15,0.0,0.0,0.0,0.0,0.0,1.0,0.0,-1.7763568394002505e-15,0.0,0.0,0.0,0.0,0.0,1.0,0.0,-1.7763568394002505e-15,0.0,0.0,0.0,0.0,0.0,1.0,0.0,-1.7763568394002505e-15,0.0,0.0,0.0,0.0,0.0,haze4k_test_development_stress,0781becc78de058b5be20549283e56b50790eee66384d051aaa36a6dfd4a0d03
frozen_candidate,0.7703999999999998,-0.001221049575255833,1.5213001667970385,-0.0013594627380371094,3.6098184150020742,1.5213001667970385,0.05119999999999999,0.17839999999999992,frozen_test_development_candidate,1.0,0.0,0.0,0.0,0.0,0.0,0.0,0.0,0.0,1.0,0.0,0.0,0.0,0.0,0.0,0.0,0.0,1.0,0.0,0.0,0.0,0.0,0.0,0.0,0.0,1.0,0.0,0.0,0.0,0.0,0.0,0.0,0.0,haze4k_test_development_stress,0862c9ec230261e2e3aef9cb33ffee43b3073bac18c3a723a33f00ad07c55222
frozen_candidate,0.7349999999999999,-0.0005380386387511473,2.5188320416688974,6.720423698425293e-05,5.881007113179731,2.5188320416688974,0.06666666666666665,0.19833333333333325,frozen_test_development_candidate,1.0,0.0,0.0,0.0,0.0,0.0,0.0,0.0,0.0,1.0,0.0,0.0,0.0,0.0,0.0,0.0,0.0,1.0,0.0,0.0,0.0,0.0,0.0,0.0,0.0,1.0,0.0,0.0,0.0,0.0,0.0,0.0,0.0,haze4k_test_development_stress,09a597670ca2e7104556cfc7fab55899eb2884de81002f51c8b4033ab2b31c06
frozen_candidate,0.6608333333333333,-0.00012410450628428125,2.5677491371687164,-0.00054892897605896,5.122279470710401,2.5677491371687164,0.2641666666666666,0.07499999999999998,frozen_test_development_candidate,1.0,0.0,0.0,0.0,0.0,0.0,0.0,0.0,0.0,1.0,0.0,0.0,0.0,0.0,0.0,0.0,0.0,1.0,0.0,0.0,0.0,0.0,0.0,0.0,0.0,1.0,0.0,0.0,0.0,0.0,0.0,0.0,0.0,haze4k_test_development_stress,0c64f33f28eafe61d6473cff48e36d08f57da96baa0d7363bacbabc4e2805d3c
frozen_candidate,0.13199999999999995,-0.014624342264123463,0.8345720794636531,-0.005217403173446655,0.9441894500186123,0.834572079463654,0.2887999999999999,0.5791999999999998,frozen_test_development_candidate,1.0,0.0,0.0,-8.881784197001252e-16,0.0,0.0,0.0,0.0,0.0,1.0,0.0,-8.881784197001252e-16,0.0,0.0,0.0,0.0,0.0,1.0,0.0,-8.881784197001252e-16,0.0,0.0,0.0,0.0,0.0,1.0,0.0,-8.881784197001252e-16,0.0,0.0,0.0,0.0,0.0,haze4k_test_development_stress,1149cee41aa787f52188e916a42d00c0d7838339ef31c4bb209dfa7d0ff54ca2
frozen_candidate,0.4924999999999999,-0.0013024388144281804,2.066636780484645,-0.0004995018243789673,3.8168482942775377,2.0666367804846466,0.23333333333333328,0.2741666666666666,frozen_test_development_candidate,1.0,0.0,0.0,-1.7763568394002505e-15,0.0,0.0,0.0,0.0,0.0,1.0,0.0,-1.7763568394002505e-15,0.0,0.0,0.0,0.0,0.0,1.0,0.0,-1.7763568394002505e-15,0.0,0.0,0.0,0.0,0.0,1.0,0.0,-1.7763568394002505e-15,0.0,0.0,0.0,0.0,0.0,haze4k_test_development_stress,13592328073ae000524eb075dc9a74d58ace170b8b06eac9ac8e73f376f8fd7a
frozen_candidate,0.3367999999999999,-0.00955546752238794,4.196717451748747,0.004673287272453308,3.7102014831560295,4.196717451748748,0.5551999999999998,0.10799999999999996,frozen_test_development_candidate,0.9952,0.06011783726957187,-0.00012198881944641433,0.060117837269570984,-0.00021405518054962158,0.05171356908433289,0.06011783726957187,0.004799999999999999,0.0,1.0,0.0,-8.881784197001252e-16,0.0,0.0,0.0,0.0,0.0,0.9952,-0.00012198881944641433,0.060117837269570984,-0.00021405518054962158,0.05269030501271654,0.06011783726957187,0.004799999999999999,0.0,1.0,0.0,-8.881784197001252e-16,0.0,0.0,0.0,0.0,0.0,haze4k_test_development_stress,1423731b01a21c92ddb7b79f300cc85e623f28672afed86eeac7e77d04b53766
frozen_candidate,0.2311999999999999,-0.013167244165973892,3.353629001015877,-0.0003076791763305664,3.8450162934974337,3.353629001015876,0.19839999999999994,0.5703999999999998,frozen_test_development_candidate,1.0,0.0,0.0,8.881784197001252e-16,0.0,0.0,0.0,0.0,0.0,1.0,0.0,8.881784197001252e-16,0.0,0.0,0.0,0.0,0.0,1.0,0.0,8.881784197001252e-16,0.0,0.0,0.0,0.0,0.0,1.0,0.0,8.881784197001252e-16,0.0,0.0,0.0,0.0,0.0,haze4k_test_development_stress,165f433bceb4a460c90e0b6ee43d5c04520a6da61cb4c20dba7d4d640e9dc910
frozen_candidate,0.5167999999999998,-0.0018617005486187134,2.8942732520454904,-0.0032137781381607056,6.169579132057368,2.8942732520454912,0.2039999999999999,0.2791999999999999,frozen_test_development_candidate,1.0,0.0,0.0,-8.881784197001252e-16,0.0,0.0,0.0,0.0,0.0,1.0,0.0,-8.881784197001252e-16,0.0,0.0,0.0,0.0,0.0,1.0,0.0,-8.881784197001252e-16,0.0,0.0,0.0,0.0,0.0,1.0,0.0,-8.881784197001252e-16,0.0,0.0,0.0,0.0,0.0,haze4k_test_development_stress,195ad3517180939a4a7637e14da6ebec3bbfd2527652058fad275b9d89c04eb1
frozen_candidate,0.28199999999999986,-0.019771810332787996,4.85314254753701,-0.002523556351661682,5.696903120665871,4.853142547537008,0.16239999999999996,0.5555999999999999,frozen_test_development_candidate,1.0,0.0,0.0,1.7763568394002505e-15,0.0,0.0,0.0,0.0,0.0,1.0,0.0,1.7763568394002505e-15,0.0,0.0,0.0,0.0,0.0,1.0,0.0,1.7763568394002505e-15,0.0,0.0,0.0,0.0,0.0,1.0,0.0,1.7763568394002505e-15,0.0,0.0,0.0,0.0,0.0,haze4k_test_development_stress,1b3fb5dbf526d1640ad23af7eac7ff69141625a8ee38e9be183329de0df7edc2
frozen_candidate,0.6658333333333332,-0.0011534579270282405,1.601553096407251,-0.001884371042251587,6.9324833316475925,1.601553096407251,0.12583333333333332,0.2083333333333333,frozen_test_development_candidate,1.0,0.0,0.0,0.0,0.0,0.0,0.0,0.0,0.0,1.0,0.0,0.0,0.0,0.0,0.0,0.0,0.0,1.0,0.0,0.0,0.0,0.0,0.0,0.0,0.0,1.0,0.0,0.0,0.0,0.0,0.0,0.0,0.0,haze4k_test_development_stress,1bd27ca517d1c37dbac2f0739e5be0f76b333fcbfdab01d52badf40f727cc2df
frozen_candidate,0.6149999999999999,-0.0022025218785511743,3.0768232926342343,-0.0016936510801315308,6.779849355265722,3.0768232926342343,0.25999999999999995,0.12499999999999996,frozen_test_development_candidate,1.0,0.0,0.0,0.0,0.0,0.0,0.0,0.0,0.0,1.0,0.0,0.0,0.0,0.0,0.0,0.0,0.0,1.0,0.0,0.0,0.0,0.0,0.0,0.0,0.0,1.0,0.0,0.0,0.0,0.0,0.0,0.0,0.0,haze4k_test_development_stress,1be383b4c85f1ac1c716283ab8f9bdf7a68a3b445af11919e9dd3fec5d619470
frozen_candidate,0.45999999999999985,-0.008653348613948524,4.6880588123212865,0.0028448253870010376,5.746955772667253,4.688058812321286,0.46599999999999986,0.07399999999999997,frozen_test_development_candidate,1.0,0.0,0.0,8.881784197001252e-16,0.0,0.0,0.0,0.0,0.0,1.0,0.0,8.881784197001252e-16,0.0,0.0,0.0,0.0,0.0,1.0,0.0,8.881784197001252e-16,0.0,0.0,0.0,0.0,0.0,1.0,0.0,8.881784197001252e-16,0.0,0.0,0.0,0.0,0.0,haze4k_test_development_stress,1e60ae05613bb1f667a318adbd00000954277fe2e360eca309ca1b4c2bda9593
frozen_candidate,0.07319999999999997,-0.03693044623173446,6.35126016811709,0.00863504409790039,1.6754678422151308,1.9168139445616506,0.9247999999999997,0.001999999999999999,frozen_test_development_candidate,1.0,0.0,0.0,0.0,0.0,0.0,0.0,0.0,0.0,1.0,0.0,0.0,0.0,0.0,0.0,0.0,0.0,1.0,0.0,0.0,0.0,0.0,0.0,0.0,0.0,1.0,0.0,0.0,0.0,0.0,0.0,0.0,0.0,haze4k_test_development_stress,1fea99716fc4bbf70bb6110ab2430ecddfaca783e41eb741939fb82f32936fec
frozen_candidate,0.35519999999999985,-0.01503325007242238,3.282935574602085,-0.002133473753929138,3.7133650663894304,2.4770317708183898,0.03839999999999998,0.6063999999999998,frozen_test_development_candidate,1.0,0.0,0.0,1.7763568394002505e-15,0.0,0.0,0.0,0.0,0.0,1.0,0.0,1.7763568394002505e-15,0.0,0.0,0.0,0.0,0.0,1.0,0.0,1.7763568394002505e-15,0.0,0.0,0.0,0.0,0.0,1.0,0.0,1.7763568394002505e-15,0.0,0.0,0.0,0.0,0.0,haze4k_test_development_stress,21138a37c3939355dff493c528e35d414ab2232291b1a536cf1f8e1f17f8e0bd
frozen_candidate,0.6933333333333332,-0.0005882751327294499,1.7622532715248216,-0.001234203577041626,7.700641013951367,1.7622532715248216,0.22333333333333327,0.08333333333333333,frozen_test_development_candidate,1.0,0.0,0.0,0.0,0.0,0.0,0.0,0.0,0.0,1.0,0.0,0.0,0.0,0.0,0.0,0.0,0.0,1.0,0.0,0.0,0.0,0.0,0.0,0.0,0.0,1.0,0.0,0.0,0.0,0.0,0.0,0.0,0.0,haze4k_test_development_stress,23cf88896536721546d33baa95b441362ff06c6a2cc651b0b61ed9114706aba2
frozen_candidate,0.5495999999999998,0.00034208447904032584,2.9394581370956194,-0.0034898966550827026,5.379916607834796,2.9394581370956177,0.2703999999999999,0.17999999999999994,frozen_test_development_candidate,1.0,0.0,0.0,1.7763568394002505e-15,0.0,0.0,0.0,0.0,0.0,1.0,0.0,1.7763568394002505e-15,0.0,0.0,0.0,0.0,0.0,1.0,0.0,1.7763568394002505e-15,0.0,0.0,0.0,0.0,0.0,1.0,0.0,1.7763568394002505e-15,0.0,0.0,0.0,0.0,0.0,haze4k_test_development_stress,2478221d96798530fe000c4fd35c291f45e7b97ce95f2ec779cf9464ddec50cb
frozen_candidate,0.10399999999999997,-0.010286682776235102,5.2085376925854305,0.001743406057357788,1.6245337499456003,3.32633281286995,0.8911999999999998,0.004799999999999999,frozen_test_development_candidate,1.0,0.0,0.0,0.0,0.0,0.0,0.0,0.0,0.0,1.0,0.0,0.0,0.0,0.0,0.0,0.0,0.0,1.0,0.0,0.0,0.0,0.0,0.0,0.0,0.0,1.0,0.0,0.0,0.0,0.0,0.0,0.0,0.0,haze4k_test_development_stress,2b28bfd1bb807ead9582f822c63049654284d50d6a19794d5732aa6d5d46f531
frozen_candidate,0.3003999999999999,-0.008155710747839714,3.7223718898410167,-0.0054104626178741455,4.842691428621285,3.7223718898410167,0.3991999999999999,0.3003999999999999,frozen_test_development_candidate,1.0,0.0,0.0,0.0,0.0,0.0,0.0,0.0,0.0,1.0,0.0,0.0,0.0,0.0,0.0,0.0,0.0,1.0,0.0,0.0,0.0,0.0,0.0,0.0,0.0,1.0,0.0,0.0,0.0,0.0,0.0,0.0,0.0,haze4k_test_development_stress,2b8744ac3bbce6279bea0ec1d5ca849f5411d3d2af93fc1b56c387308965b3a6
frozen_candidate,0.5567999999999999,-0.003139011128711475,2.0003930974173123,-0.0012092888355255127,3.0293252458585895,2.0003930974173123,0.07479999999999998,0.36839999999999984,frozen_test_development_candidate,1.0,0.0,0.0,0.0,0.0,0.0,0.0,0.0,0.0,1.0,0.0,0.0,0.0,0.0,0.0,0.0,0.0,1.0,0.0,0.0,0.0,0.0,0.0,0.0,0.0,1.0,0.0,0.0,0.0,0.0,0.0,0.0,0.0,haze4k_test_development_stress,2bed0d60ffe6d226873e94b3cc5bf0d67fc8de4ad26ca77c4d3cc146de20f314
frozen_candidate,0.12719999999999995,-0.023275508825134603,4.710527501000601,0.0038039833307266235,3.237367658217604,4.710527501000602,0.13199999999999995,0.7407999999999998,frozen_test_development_candidate,1.0,0.0,0.0,-8.881784197001252e-16,0.0,0.0,0.0,0.0,0.0,1.0,0.0,-8.881784197001252e-16,0.0,0.0,0.0,0.0,0.0,1.0,0.0,-8.881784197001252e-16,0.0,0.0,0.0,0.0,0.0,1.0,0.0,-8.881784197001252e-16,0.0,0.0,0.0,0.0,0.0,haze4k_test_development_stress,33b1a641a6c6860f57e1547bcd8f5592bef9016a2ef26da4efa7ae403ac1b299
frozen_candidate,0.4767999999999998,-0.0028907582123015654,2.6034116286829407,0.003005281090736389,4.098410942569099,2.60341162868294,0.2775999999999999,0.24559999999999993,frozen_test_development_candidate,1.0,0.0,0.0,8.881784197001252e-16,0.0,0.0,0.0,0.0,0.0,1.0,0.0,8.881784197001252e-16,0.0,0.0,0.0,0.0,0.0,1.0,0.0,8.881784197001252e-16,0.0,0.0,0.0,0.0,0.0,1.0,0.0,8.881784197001252e-16,0.0,0.0,0.0,0.0,0.0,haze4k_test_development_stress,3522e97b6fc89802609965afc3d5e5baa723be338edfd5b177c9871b8b85966f
frozen_candidate,0.33333333333333326,0.0015836660613181013,1.2734037379368477,-0.0006701648235321045,2.0497681119847524,1.273403737936845,0.3824999999999999,0.2841666666666666,frozen_test_development_candidate,1.0,0.0,0.0,2.6645352591003757e-15,0.0,0.0,0.0,0.0,0.0,1.0,0.0,2.6645352591003757e-15,0.0,0.0,0.0,0.0,0.0,1.0,0.0,2.6645352591003757e-15,0.0,0.0,0.0,0.0,0.0,1.0,0.0,2.6645352591003757e-15,0.0,0.0,0.0,0.0,0.0,haze4k_test_development_stress,35d12ec899ad3d7c94f4dff257281970f63f3b0e3f1c765983db4cbbef9619ef
frozen_candidate,0.3911999999999999,-0.006818527711035373,2.158232265912334,-0.0005945563316345215,3.686138792610546,2.158232265912334,0.3911999999999999,0.2175999999999999,frozen_test_development_candidate,1.0,0.0,0.0,0.0,0.0,0.0,0.0,0.0,0.0,1.0,0.0,0.0,0.0,0.0,0.0,0.0,0.0,1.0,0.0,0.0,0.0,0.0,0.0,0.0,0.0,1.0,0.0,0.0,0.0,0.0,0.0,0.0,0.0,haze4k_test_development_stress,3761e2ecc0e47b77ceeb29dc5fd3177b0821e1469ae195a3224e3c94dc6e9bbc
frozen_candidate,0.5899999999999999,-0.002171122570532073,2.601784347092936,0.0011070668697357178,4.591018051432259,2.601784347092937,0.24559999999999987,0.16439999999999994,frozen_test_development_candidate,1.0,0.0,0.0,-8.881784197001252e-16,0.0,0.0,0.0,0.0,0.0,1.0,0.0,-8.881784197001252e-16,0.0,0.0,0.0,0.0,0.0,1.0,0.0,-8.881784197001252e-16,0.0,0.0,0.0,0.0,0.0,1.0,0.0,-8.881784197001252e-16,0.0,0.0,0.0,0.0,0.0,haze4k_test_development_stress,38933dc6ce6c83cfbdf4fef20c45fd9471791d0b676d2eae48bf13be38b24984
frozen_candidate,0.6533333333333333,8.635136341627122e-05,1.0095774172352314,0.00034068524837493896,5.1710668942456905,1.0095774172352314,0.10666666666666665,0.23999999999999994,frozen_test_development_candidate,1.0,0.0,0.0,0.0,0.0,0.0,0.0,0.0,0.0,1.0,0.0,0.0,0.0,0.0,0.0,0.0,0.0,1.0,0.0,0.0,0.0,0.0,0.0,0.0,0.0,1.0,0.0,0.0,0.0,0.0,0.0,0.0,0.0,haze4k_test_development_stress,38d6f0630f4d47d3d08fa06b1cb346f67420580d8316dc791034ec0473868cda
frozen_candidate,0.8349999999999997,-0.000494789471977981,1.350320698928865,-3.88026237487793e-05,4.3667826804054055,1.350320698928865,0.16249999999999995,0.0024999999999999996,frozen_test_development_candidate,1.0,0.0,0.0,0.0,0.0,0.0,0.0,0.0,0.0,1.0,0.0,0.0,0.0,0.0,0.0,0.0,0.0,1.0,0.0,0.0,0.0,0.0,0.0,0.0,0.0,1.0,0.0,0.0,0.0,0.0,0.0,0.0,0.0,haze4k_test_development_stress,3b427a1781976dddae79fdfb54c81431836d6ab6f29cc8f5eab6bd591d122cc8
frozen_candidate,0.5566666666666665,-0.0027578289779129107,3.4987037075364924,-0.00045581161975860596,6.250791989323124,3.498703707536494,0.31916666666666654,0.12416666666666665,frozen_test_development_candidate,1.0,0.0,0.0,-1.7763568394002505e-15,0.0,0.0,0.0,0.0,0.0,1.0,0.0,-1.7763568394002505e-15,0.0,0.0,0.0,0.0,0.0,1.0,0.0,-1.7763568394002505e-15,0.0,0.0,0.0,0.0,0.0,1.0,0.0,-1.7763568394002505e-15,0.0,0.0,0.0,0.0,0.0,haze4k_test_development_stress,3b533e230d9bd54b3479890af18a2fac55a2436a0ba3fb1e25c4e0640fcb02e0
frozen_candidate,0.07279999999999998,-0.023318872269464913,5.370267806782058,0.005792587995529175,5.519230667548667,5.370267806782058,0.2351999999999999,0.6919999999999998,frozen_test_development_candidate,1.0,0.0,0.0,0.0,0.0,0.0,0.0,0.0,0.0,1.0,0.0,0.0,0.0,0.0,0.0,0.0,0.0,1.0,0.0,0.0,0.0,0.0,0.0,0.0,0.0,1.0,0.0,0.0,0.0,0.0,0.0,0.0,0.0,haze4k_test_development_stress,437f8bfd16e4bc55d602c7084f4736340f92806bbae63d2ae09d6cddec54d783
frozen_candidate,0.6775,-0.0028067027389800437,1.99620914695996,-0.0018658936023712158,3.8984228674018677,1.9962091469599592,0.22166666666666662,0.1008333333333333,frozen_test_development_candidate,1.0,0.0,0.0,8.881784197001252e-16,0.0,0.0,0.0,0.0,0.0,1.0,0.0,8.881784197001252e-16,0.0,0.0,0.0,0.0,0.0,1.0,0.0,8.881784197001252e-16,0.0,0.0,0.0,0.0,0.0,1.0,0.0,8.881784197001252e-16,0.0,0.0,0.0,0.0,0.0,haze4k_test_development_stress,47c5fb8bd781d02100b4155643c00d314fc6171e7ec5390ce585a488166e269d
frozen_candidate,0.8924999999999998,-0.00012425215109452281,1.4915289773708338,-0.0023196935653686523,4.398079943805852,1.4915289773708338,0.04916666666666666,0.05833333333333332,frozen_test_development_candidate,1.0,0.0,0.0,0.0,0.0,0.0,0.0,0.0,0.0,1.0,0.0,0.0,0.0,0.0,0.0,0.0,0.0,1.0,0.0,0.0,0.0,0.0,0.0,0.0,0.0,1.0,0.0,0.0,0.0,0.0,0.0,0.0,0.0,haze4k_test_development_stress,4b89c98b16715919427eae6c2b9b3b9ada72fd3dddf284e2985b121c84903418
frozen_candidate,0.6116666666666666,-0.0028152058213799275,3.4055615883577843,-0.0018365532159805298,6.486745165500019,3.405561588357788,0.31833333333333325,0.06999999999999998,frozen_test_development_candidate,1.0,0.0,0.0,-3.552713678800501e-15,0.0,0.0,0.0,0.0,0.0,1.0,0.0,-3.552713678800501e-15,0.0,0.0,0.0,0.0,0.0,1.0,0.0,-3.552713678800501e-15,0.0,0.0,0.0,0.0,0.0,1.0,0.0,-3.552713678800501e-15,0.0,0.0,0.0,0.0,0.0,haze4k_test_development_stress,4d3f296547cfbe76d86b5d041754a2329e7886e3b502850d50879e78d0610397
frozen_candidate,0.4724999999999999,-0.000491867526606947,0.6868033241674194,-6.639957427978516e-05,1.8153881782560948,0.6868033241674212,0.2899999999999999,0.23749999999999993,frozen_test_development_candidate,1.0,0.0,0.0,-1.7763568394002505e-15,0.0,0.0,0.0,0.0,0.0,1.0,0.0,-1.7763568394002505e-15,0.0,0.0,0.0,0.0,0.0,1.0,0.0,-1.7763568394002505e-15,0.0,0.0,0.0,0.0,0.0,1.0,0.0,-1.7763568394002505e-15,0.0,0.0,0.0,0.0,0.0,haze4k_test_development_stress,4e129d82790049bfc446279a661e699088f9cb8f45b1ac1737047f72831d2474
frozen_candidate,0.49239999999999984,-0.0046512594212154606,3.387088825771584,-0.004299283027648926,5.891485965639861,3.387088825771583,0.27839999999999987,0.2291999999999999,frozen_test_development_candidate,1.0,0.0,0.0,8.881784197001252e-16,0.0,0.0,0.0,0.0,0.0,1.0,0.0,8.881784197001252e-16,0.0,0.0,0.0,0.0,0.0,1.0,0.0,8.881784197001252e-16,0.0,0.0,0.0,0.0,0.0,1.0,0.0,8.881784197001252e-16,0.0,0.0,0.0,0.0,0.0,haze4k_test_development_stress,4f5c12d1b8236a3f0b80ed7aa252817ab4c35e367f793946457d0259c911fd7b
frozen_candidate,0.5174999999999998,-0.007981745784779837,3.4452841089313635,-0.0021814554929733276,3.612741403238994,3.4452841089313617,0.4224999999999999,0.059999999999999984,frozen_test_development_candidate,1.0,0.0,0.0,1.7763568394002505e-15,0.0,0.0,0.0,0.0,0.0,1.0,0.0,1.7763568394002505e-15,0.0,0.0,0.0,0.0,0.0,1.0,0.0,1.7763568394002505e-15,0.0,0.0,0.0,0.0,0.0,1.0,0.0,1.7763568394002505e-15,0.0,0.0,0.0,0.0,0.0,haze4k_test_development_stress,541b72eb4ee830ae6fc16bdb3e2510e092779d877e7d7a7ba1b1eb95ced94d31
frozen_candidate,0.6616666666666665,-0.0011719510443940506,1.6470663775739247,-0.00329415500164032,5.366149233428241,1.6470663775739247,0.1158333333333333,0.22249999999999998,frozen_test_development_candidate,1.0,0.0,0.0,0.0,0.0,0.0,0.0,0.0,0.0,1.0,0.0,0.0,0.0,0.0,0.0,0.0,0.0,1.0,0.0,0.0,0.0,0.0,0.0,0.0,0.0,1.0,0.0,0.0,0.0,0.0,0.0,0.0,0.0,haze4k_test_development_stress,56afb3dbab8bf66aae264d43db2fadfcd5cc192d3b5c397b6db761f18f7a8c27
frozen_candidate,0.3315999999999999,-0.011169668035982856,4.031308180810259,-0.002721726894378662,4.973595140471652,4.031308180810261,0.5147999999999999,0.15359999999999996,frozen_test_development_candidate,1.0,0.0,0.0,-1.7763568394002505e-15,0.0,0.0,0.0,0.0,0.0,1.0,0.0,-1.7763568394002505e-15,0.0,0.0,0.0,0.0,0.0,1.0,0.0,-1.7763568394002505e-15,0.0,0.0,0.0,0.0,0.0,1.0,0.0,-1.7763568394002505e-15,0.0,0.0,0.0,0.0,0.0,haze4k_test_development_stress,57d97d6dbcc7fa175df17525f9f54bd5f5585255c08e4d28e9dee75fa950c174
frozen_candidate,0.6208333333333332,-0.00013469729046736482,2.8786157068971487,-0.0028037577867507935,6.994528574636928,2.8786157068971487,0.15666666666666665,0.22249999999999992,frozen_test_development_candidate,1.0,0.0,0.0,0.0,0.0,0.0,0.0,0.0,0.0,1.0,0.0,0.0,0.0,0.0,0.0,0.0,0.0,1.0,0.0,0.0,0.0,0.0,0.0,0.0,0.0,1.0,0.0,0.0,0.0,0.0,0.0,0.0,0.0,haze4k_test_development_stress,581a73c7459c2c2e1cb2a058096de99732dec2c597576e730d3b035faee90da2
frozen_candidate,0.6883333333333332,-0.002168115840902311,2.1778904342633805,-0.002404257655143738,6.425133843674846,2.1778904342633787,0.2016666666666666,0.10999999999999999,frozen_test_development_candidate,1.0,0.0,0.0,1.7763568394002505e-15,0.0,0.0,0.0,0.0,0.0,1.0,0.0,1.7763568394002505e-15,0.0,0.0,0.0,0.0,0.0,1.0,0.0,1.7763568394002505e-15,0.0,0.0,0.0,0.0,0.0,1.0,0.0,1.7763568394002505e-15,0.0,0.0,0.0,0.0,0.0,haze4k_test_development_stress,598350a6741f9226a7b885641e60d0347dc898b08b44d09287d040e89626279b
frozen_candidate,0.08159999999999996,-0.016558752503442943,2.7701225602793578,0.00800342857837677,1.489805304190579,2.770122560279356,0.24519999999999992,0.6731999999999999,frozen_test_development_candidate,1.0,0.0,0.0,1.7763568394002505e-15,0.0,0.0,0.0,0.0,0.0,1.0,0.0,1.7763568394002505e-15,0.0,0.0,0.0,0.0,0.0,1.0,0.0,1.7763568394002505e-15,0.0,0.0,0.0,0.0,0.0,1.0,0.0,1.7763568394002505e-15,0.0,0.0,0.0,0.0,0.0,haze4k_test_development_stress,5b677b44ecb4f3479eed8ea01610ecb95acbc71fe94cb6e6a908c6d99139885c
frozen_candidate,0.8783333333333332,-0.000583866908779732,1.6053041539618693,-0.00032486021518707275,5.453239171149882,1.6053041539618675,0.05999999999999999,0.06166666666666665,frozen_test_development_candidate,1.0,0.0,0.0,1.7763568394002505e-15,0.0,0.0,0.0,0.0,0.0,1.0,0.0,1.7763568394002505e-15,0.0,0.0,0.0,0.0,0.0,1.0,0.0,1.7763568394002505e-15,0.0,0.0,0.0,0.0,0.0,1.0,0.0,1.7763568394002505e-15,0.0,0.0,0.0,0.0,0.0,haze4k_test_development_stress,5db5963e4aef68454fac9c9ad4eefd30fe3ee688009d3f9f9484e857f2555593
frozen_candidate,0.3603999999999999,-0.0024916855162412203,3.521705879974296,0.005838856101036072,3.45882686168894,3.521705879974296,0.5627999999999997,0.07679999999999998,frozen_test_development_candidate,1.0,0.0,0.0,0.0,0.0,0.0,0.0,0.0,0.0,1.0,0.0,0.0,0.0,0.0,0.0,0.0,0.0,1.0,0.0,0.0,0.0,0.0,0.0,0.0,0.0,1.0,0.0,0.0,0.0,0.0,0.0,0.0,0.0,haze4k_test_development_stress,5e7db84c136529c428137ccdec5bb42a968328a089441c8a7a563d339ed949a9
frozen_candidate,0.31519999999999987,-0.019296022451624352,3.958034536554755,-0.0035056769847869873,5.221381420762551,3.958034536554756,0.10639999999999995,0.5783999999999998,frozen_test_development_candidate,1.0,0.0,0.0,-8.881784197001252e-16,0.0,0.0,0.0,0.0,0.0,1.0,0.0,-8.881784197001252e-16,0.0,0.0,0.0,0.0,0.0,1.0,0.0,-8.881784197001252e-16,0.0,0.0,0.0,0.0,0.0,1.0,0.0,-8.881784197001252e-16,0.0,0.0,0.0,0.0,0.0,haze4k_test_development_stress,6456ce9b6d07a49d28a94647e38f30b5f0fe48bafc3300dd89d97003124017ff
frozen_candidate,0.5591666666666666,-0.00030086816203118456,3.4414216753385913,-0.003519296646118164,6.580210640477996,3.4414216753385913,0.22583333333333327,0.21499999999999997,frozen_test_development_candidate,1.0,0.0,0.0,0.0,0.0,0.0,0.0,0.0,0.0,1.0,0.0,0.0,0.0,0.0,0.0,0.0,0.0,1.0,0.0,0.0,0.0,0.0,0.0,0.0,0.0,1.0,0.0,0.0,0.0,0.0,0.0,0.0,0.0,haze4k_test_development_stress,6a00c95a3d0b3c375522eec278b0d48cf123d95bf05ab3158808c73ca7b93138
frozen_candidate,0.30319999999999986,-0.01863999275416718,5.090030864742784,0.004096046090126038,4.886230914440523,5.090030864742784,0.5903999999999998,0.10639999999999997,frozen_test_development_candidate,1.0,0.0,0.0,0.0,0.0,0.0,0.0,0.0,0.0,1.0,0.0,0.0,0.0,0.0,0.0,0.0,0.0,1.0,0.0,0.0,0.0,0.0,0.0,0.0,0.0,1.0,0.0,0.0,0.0,0.0,0.0,0.0,0.0,haze4k_test_development_stress,6bb6d10a7480969e3979851285d508d89db6156740df4d933e33e4c1f67434dd
frozen_candidate,0.5335999999999999,-0.009690726919820009,1.648981766627097,-0.004520222544670105,3.153497802392601,1.6489817666270952,0.4227999999999999,0.043599999999999986,frozen_test_development_candidate,1.0,0.0,0.0,1.7763568394002505e-15,0.0,0.0,0.0,0.0,0.0,1.0,0.0,1.7763568394002505e-15,0.0,0.0,0.0,0.0,0.0,1.0,0.0,1.7763568394002505e-15,0.0,0.0,0.0,0.0,0.0,1.0,0.0,1.7763568394002505e-15,0.0,0.0,0.0,0.0,0.0,haze4k_test_development_stress,6dd4e091905844d071bedfe6f28147ef9d7278436a21a0104b886ea698b3dcf4
frozen_candidate,0.06799999999999998,-0.008568963714142105,1.651093654005252,0.006529316306114197,1.7199539892027866,1.651093654005252,0.5911999999999998,0.3407999999999999,frozen_test_development_candidate,0.8543999999999999,0.6512193987570232,-0.0031136318695886653,0.6512193987570232,0.0011751651763916016,0.4346966176578091,0.6512193987570232,0.14559999999999995,0.0,1.0,0.0,0.0,0.0,0.0,0.0,0.0,0.0,0.8543999999999999,-0.0031136318695886653,0.6512193987570232,0.0011751651763916016,0.5099064112859351,0.6512193987570232,0.14559999999999995,0.0,1.0,0.0,0.0,0.0,0.0,0.0,0.0,0.0,haze4k_test_development_stress,71d3d197909e4997abdf4ce29771db918e83cc5615b9887b5b407e9e36657854
frozen_candidate,0.9749999999999999,-1.6977568206786767e-05,0.26470206582975386,-0.00021503865718841553,1.8633585214223736,0.26470206582975386,0.01833333333333333,0.006666666666666665,frozen_test_development_candidate,1.0,0.0,0.0,0.0,0.0,0.0,0.0,0.0,0.0,1.0,0.0,0.0,0.0,0.0,0.0,0.0,0.0,1.0,0.0,0.0,0.0,0.0,0.0,0.0,0.0,1.0,0.0,0.0,0.0,0.0,0.0,0.0,0.0,haze4k_test_development_stress,72857efb51eef14cea280c4a00650c1e558558339a5b6d28370839f4f8b11bac
frozen_candidate,0.7474999999999999,-0.0013758184208521778,3.5825837693614595,-0.000335007905960083,6.037137878939365,3.5825837693614595,0.08416666666666665,0.1683333333333333,frozen_test_development_candidate,1.0,0.0,0.0,0.0,0.0,0.0,0.0,0.0,0.0,1.0,0.0,0.0,0.0,0.0,0.0,0.0,0.0,1.0,0.0,0.0,0.0,0.0,0.0,0.0,0.0,1.0,0.0,0.0,0.0,0.0,0.0,0.0,0.0,haze4k_test_development_stress,73473f28154eb6b2478224630dc5ec285b4a381bcbb94daac9eeb61834b868ee
frozen_candidate,0.7063999999999997,-0.004541935943661277,1.2374151292778848,-0.0014354437589645386,3.560831059673493,1.2374151292778865,0.25759999999999983,0.03599999999999998,frozen_test_development_candidate,1.0,0.0,0.0,-1.7763568394002505e-15,0.0,0.0,0.0,0.0,0.0,1.0,0.0,-1.7763568394002505e-15,0.0,0.0,0.0,0.0,0.0,1.0,0.0,-1.7763568394002505e-15,0.0,0.0,0.0,0.0,0.0,1.0,0.0,-1.7763568394002505e-15,0.0,0.0,0.0,0.0,0.0,haze4k_test_development_stress,74c80630b93ed947a088d53afe4a80644b0c3663e4d3273ac6b222aec66e33df
frozen_candidate,0.21919999999999992,-0.021097636321162766,4.283926161427965,0.0025354325771331787,4.455642573755695,4.283926161427965,0.6079999999999998,0.17279999999999995,frozen_test_development_candidate,1.0,0.0,0.0,0.0,0.0,0.0,0.0,0.0,0.0,1.0,0.0,0.0,0.0,0.0,0.0,0.0,0.0,1.0,0.0,0.0,0.0,0.0,0.0,0.0,0.0,1.0,0.0,0.0,0.0,0.0,0.0,0.0,0.0,haze4k_test_development_stress,7f286c5ff931170c7a4c7fcbd91bdc271fd69fff8d068f82b9f6e44ffa3acf16
frozen_candidate,0.6991999999999998,-0.0017211314385528875,1.357175495798157,-0.002412736415863037,3.8664383736003627,1.357175495798157,0.21039999999999992,0.09039999999999997,frozen_test_development_candidate,1.0,0.0,0.0,0.0,0.0,0.0,0.0,0.0,0.0,1.0,0.0,0.0,0.0,0.0,0.0,0.0,0.0,1.0,0.0,0.0,0.0,0.0,0.0,0.0,0.0,1.0,0.0,0.0,0.0,0.0,0.0,0.0,0.0,haze4k_test_development_stress,8336ae081ffa31ed7f8810da3ebedb950a64555f1d2f1eea5caeb8d0fc15b13d
frozen_candidate,0.5919999999999999,-0.005672437441431005,2.5848069108386174,-0.0019712448120117188,4.952902670881962,2.5848069108386165,0.10479999999999995,0.3031999999999999,frozen_test_development_candidate,1.0,0.0,0.0,8.881784197001252e-16,0.0,0.0,0.0,0.0,0.0,1.0,0.0,8.881784197001252e-16,0.0,0.0,0.0,0.0,0.0,1.0,0.0,8.881784197001252e-16,0.0,0.0,0.0,0.0,0.0,1.0,0.0,8.881784197001252e-16,0.0,0.0,0.0,0.0,0.0,haze4k_test_development_stress,89e2d9e2cd267f0ff1bf15ab2d4c073c084d70588262e2d5fd23e1c342768491
frozen_candidate,0.38583333333333325,-0.00095755028422439,2.5464599271218287,-0.00013253092765808105,4.289260908772199,2.5464599271218304,0.17666666666666664,0.4374999999999999,frozen_test_development_candidate,1.0,0.0,0.0,-1.7763568394002505e-15,0.0,0.0,0.0,0.0,0.0,1.0,0.0,-1.7763568394002505e-15,0.0,0.0,0.0,0.0,0.0,1.0,0.0,-1.7763568394002505e-15,0.0,0.0,0.0,0.0,0.0,1.0,0.0,-1.7763568394002505e-15,0.0,0.0,0.0,0.0,0.0,haze4k_test_development_stress,8b7983821fe99421cc55a66248f7d273c080ab7bb7d4386fd3a6dc3efdf0b689
frozen_candidate,0.2223999999999999,-0.01973112776444686,4.073787189270665,-0.0032314807176589966,3.7242532762188114,4.073787189270666,0.6703999999999998,0.10719999999999996,frozen_test_development_candidate,1.0,0.0,0.0,-8.881784197001252e-16,0.0,0.0,0.0,0.0,0.0,1.0,0.0,-8.881784197001252e-16,0.0,0.0,0.0,0.0,0.0,1.0,0.0,-8.881784197001252e-16,0.0,0.0,0.0,0.0,0.0,1.0,0.0,-8.881784197001252e-16,0.0,0.0,0.0,0.0,0.0,haze4k_test_development_stress,8e9b9a64c4a220e7726e3055ad381d021da3e6787f02eaa2a03a3c894f252e16
frozen_candidate,0.6143999999999998,-0.009064549779042258,2.6320921963192436,-0.0024380385875701904,4.9734659924535825,2.6320921963192436,0.056799999999999976,0.32879999999999987,frozen_test_development_candidate,1.0,0.0,0.0,0.0,0.0,0.0,0.0,0.0,0.0,1.0,0.0,0.0,0.0,0.0,0.0,0.0,0.0,1.0,0.0,0.0,0.0,0.0,0.0,0.0,0.0,1.0,0.0,0.0,0.0,0.0,0.0,0.0,0.0,haze4k_test_development_stress,8eeae4f41d40999e57811275a9c0bc54f3d2e9bfe322d1a127434720f7999c08
frozen_candidate,0.03359999999999999,-0.015193664982975072,2.6262075115630923,0.006573766469955444,2.6125585781040863,2.6262075115630914,0.2527999999999999,0.7135999999999999,frozen_test_development_candidate,1.0,0.0,0.0,8.881784197001252e-16,0.0,0.0,0.0,0.0,0.0,1.0,0.0,8.881784197001252e-16,0.0,0.0,0.0,0.0,0.0,1.0,0.0,8.881784197001252e-16,0.0,0.0,0.0,0.0,0.0,1.0,0.0,8.881784197001252e-16,0.0,0.0,0.0,0.0,0.0,haze4k_test_development_stress,9132fc16bacb75e1acf01d17106b342ab75396e85a6ccf99e79c9c0d74a7c83e
frozen_candidate,0.4999999999999999,-0.0016420308433656712,1.4049078107887887,-0.00042441487312316895,4.337059915141342,1.404907810788787,0.3591666666666665,0.1408333333333333,frozen_test_development_candidate,1.0,0.0,0.0,1.7763568394002505e-15,0.0,0.0,0.0,0.0,0.0,1.0,0.0,1.7763568394002505e-15,0.0,0.0,0.0,0.0,0.0,1.0,0.0,1.7763568394002505e-15,0.0,0.0,0.0,0.0,0.0,1.0,0.0,1.7763568394002505e-15,0.0,0.0,0.0,0.0,0.0,haze4k_test_development_stress,953590c5678bea8c8a4c4ff9fb99438d5ccbfd091f5eba3cc978508874d2cbc1
frozen_candidate,0.6071999999999999,-0.0137347506373267,3.3216413123638144,-0.002884581685066223,4.687122059361119,3.3216413123638144,0.39199999999999985,0.0007999999999999997,frozen_test_development_candidate,1.0,0.0,0.0,0.0,0.0,0.0,0.0,0.0,0.0,1.0,0.0,0.0,0.0,0.0,0.0,0.0,0.0,1.0,0.0,0.0,0.0,0.0,0.0,0.0,0.0,1.0,0.0,0.0,0.0,0.0,0.0,0.0,0.0,haze4k_test_development_stress,9538fe7ec54c51fa74bd06792c46b1315c24c859cbb81c8551ef54c230ae60a3
frozen_candidate,0.8949999999999998,-0.00028187262162972487,0.3290412442542152,-0.00028280913829803467,4.260238593300421,0.3290412442542152,0.03499999999999999,0.06999999999999998,frozen_test_development_candidate,1.0,0.0,0.0,0.0,0.0,0.0,0.0,0.0,0.0,1.0,0.0,0.0,0.0,0.0,0.0,0.0,0.0,1.0,0.0,0.0,0.0,0.0,0.0,0.0,0.0,1.0,0.0,0.0,0.0,0.0,0.0,0.0,0.0,haze4k_test_development_stress,97248246cdaad3d557829ebb31c9cf86957493f2052468e3f7b54f6e10e2dc63
frozen_candidate,0.09839999999999996,-0.013531257755865469,3.0299986960166576,0.0051131099462509155,1.551747184387681,2.44896985559284,0.8319999999999997,0.06959999999999997,frozen_test_development_candidate,1.0,0.0,0.0,0.0,0.0,0.0,0.0,0.0,0.0,1.0,0.0,0.0,0.0,0.0,0.0,0.0,0.0,1.0,0.0,0.0,0.0,0.0,0.0,0.0,0.0,1.0,0.0,0.0,0.0,0.0,0.0,0.0,0.0,haze4k_test_development_stress,9980391d257059f543736b6db3a8127bd62186fd7f29216be2c7d2ce6cd274a5
frozen_candidate,0.7158333333333332,-0.0023767874927632586,2.4390696350767627,-0.0011003464460372925,6.046578575837772,2.4390696350767627,0.0983333333333333,0.1858333333333333,frozen_test_development_candidate,1.0,0.0,0.0,0.0,0.0,0.0,0.0,0.0,0.0,1.0,0.0,0.0,0.0,0.0,0.0,0.0,0.0,1.0,0.0,0.0,0.0,0.0,0.0,0.0,0.0,1.0,0.0,0.0,0.0,0.0,0.0,0.0,0.0,haze4k_test_development_stress,9a979cece6c870f6e6f65888b50d3539128167640b679bc1468b0795c299cfda
frozen_candidate,0.45249999999999985,-0.0013255010890522872,2.470385122637998,-0.00026935338973999023,5.105054296668792,2.470385122637998,0.18916666666666662,0.3583333333333332,frozen_test_development_candidate,1.0,0.0,0.0,0.0,0.0,0.0,0.0,0.0,0.0,1.0,0.0,0.0,0.0,0.0,0.0,0.0,0.0,1.0,0.0,0.0,0.0,0.0,0.0,0.0,0.0,1.0,0.0,0.0,0.0,0.0,0.0,0.0,0.0,haze4k_test_development_stress,a080e171d9ace46267278f74eda2e1f8d05c17889e5436eaeca573bc09211813
frozen_candidate,0.062399999999999976,-0.02670512329269599,3.373594870493899,0.03801350295543671,0.7465538726655465,1.468654104559855,0.9319999999999998,0.005599999999999997,frozen_test_development_candidate,1.0,0.0,0.0,0.0,0.0,0.0,0.0,0.0,0.0,1.0,0.0,0.0,0.0,0.0,0.0,0.0,0.0,1.0,0.0,0.0,0.0,0.0,0.0,0.0,0.0,1.0,0.0,0.0,0.0,0.0,0.0,0.0,0.0,haze4k_test_development_stress,a627588187f48b198558aa3e826cef8223b32fa20cd6da81f9f85b46c70a05e5
frozen_candidate,0.5207999999999998,-0.012000358098071652,2.311157542648388,-0.010763287544250488,4.23287125972305,2.311157542648388,0.3231999999999999,0.15599999999999994,frozen_test_development_candidate,1.0,0.0,0.0,0.0,0.0,0.0,0.0,0.0,0.0,1.0,0.0,0.0,0.0,0.0,0.0,0.0,0.0,1.0,0.0,0.0,0.0,0.0,0.0,0.0,0.0,1.0,0.0,0.0,0.0,0.0,0.0,0.0,0.0,haze4k_test_development_stress,a6aac832e69c1b38c796b8a73deda83f7ca9589f6d256cf5b0e54ee2ee7b8a0e
frozen_candidate,0.27079999999999993,-0.003929776837974957,2.967533409781346,0.00013181567192077637,3.546385060759956,2.9675334097813453,0.22719999999999993,0.5019999999999998,frozen_test_development_candidate,0.9984,-0.006785820729485081,3.857541546846508e-05,-0.006785820729484193,-0.0002018362283706665,-0.004340285040170144,-0.006785820729485081,0.0015999999999999994,0.0,1.0,0.0,8.881784197001252e-16,0.0,0.0,0.0,0.0,0.0,0.9984,3.857541546846508e-05,-0.006785820729484193,-0.0002018362283706665,-0.006274435669022083,-0.006785820729485081,0.0015999999999999994,0.0,1.0,0.0,8.881784197001252e-16,0.0,0.0,0.0,0.0,0.0,haze4k_test_development_stress,a97084361cb0af66882fb683d44510afd93266f662a1de7e00cb83937686ae13
frozen_candidate,0.6974999999999998,-0.00012910949873015751,1.1124546669704394,-0.0006382763385772705,5.525125833940125,1.1124546669704394,0.13249999999999998,0.16999999999999998,frozen_test_development_candidate,1.0,0.0,0.0,0.0,0.0,0.0,0.0,0.0,0.0,1.0,0.0,0.0,0.0,0.0,0.0,0.0,0.0,1.0,0.0,0.0,0.0,0.0,0.0,0.0,0.0,1.0,0.0,0.0,0.0,0.0,0.0,0.0,0.0,haze4k_test_development_stress,ab2307f1f4d8e12e976d26c48703575a182e6c039e3b795b2a0a6d3583ebc956
frozen_candidate,0.35159999999999986,-0.004928722517317875,0.5672611500699043,-0.00038871169090270996,1.309243310991695,0.5672611500699043,0.2183999999999999,0.4299999999999998,frozen_test_development_candidate,1.0,0.0,0.0,0.0,0.0,0.0,0.0,0.0,0.0,1.0,0.0,0.0,0.0,0.0,0.0,0.0,0.0,1.0,0.0,0.0,0.0,0.0,0.0,0.0,0.0,1.0,0.0,0.0,0.0,0.0,0.0,0.0,0.0,haze4k_test_development_stress,ad55cb48a9f526d7654fff553980684598cbfaaa92dcf164f7f68289c954a08a
frozen_candidate,0.11839999999999996,-0.013273850530951311,3.767534641809423,0.006297856569290161,3.243355576507656,3.0416908140972634,0.6607999999999998,0.2207999999999999,frozen_test_development_candidate,1.0,0.0,0.0,8.881784197001252e-16,0.0,0.0,0.0,0.0,0.0,1.0,0.0,8.881784197001252e-16,0.0,0.0,0.0,0.0,0.0,1.0,0.0,8.881784197001252e-16,0.0,0.0,0.0,0.0,0.0,1.0,0.0,8.881784197001252e-16,0.0,0.0,0.0,0.0,0.0,haze4k_test_development_stress,aef053982abbb94f90577fe19a63a7528c2b93372e05213ce9cb994454ffcc68
frozen_candidate,0.6474999999999999,-0.0005076916619225517,1.6934675892642055,-0.001003459095954895,5.496130869425713,1.6934675892642055,0.1391666666666666,0.2133333333333333,frozen_test_development_candidate,1.0,0.0,0.0,0.0,0.0,0.0,0.0,0.0,0.0,1.0,0.0,0.0,0.0,0.0,0.0,0.0,0.0,1.0,0.0,0.0,0.0,0.0,0.0,0.0,0.0,1.0,0.0,0.0,0.0,0.0,0.0,0.0,0.0,haze4k_test_development_stress,b15e7a0234a62356ff130b1841211b7905684fec3d3a043871e0299d909d5bd0
frozen_candidate,0.6124999999999998,-0.0012197967364855514,1.9885606799266977,-0.00037331879138946533,4.242140691963979,1.9885606799266977,0.21499999999999997,0.17249999999999993,frozen_test_development_candidate,1.0,0.0,0.0,0.0,0.0,0.0,0.0,0.0,0.0,1.0,0.0,0.0,0.0,0.0,0.0,0.0,0.0,1.0,0.0,0.0,0.0,0.0,0.0,0.0,0.0,1.0,0.0,0.0,0.0,0.0,0.0,0.0,0.0,haze4k_test_development_stress,b1a77e7e19c341dab35812d4b816bd374ef985c6a9e79f362d7d5919a6f5a1a1
frozen_candidate,0.7233333333333332,-0.0021053263230428835,1.3052822907543806,-0.001459553837776184,4.950984312899628,1.3052822907543824,0.04666666666666666,0.22999999999999995,frozen_test_development_candidate,1.0,0.0,0.0,-1.7763568394002505e-15,0.0,0.0,0.0,0.0,0.0,1.0,0.0,-1.7763568394002505e-15,0.0,0.0,0.0,0.0,0.0,1.0,0.0,-1.7763568394002505e-15,0.0,0.0,0.0,0.0,0.0,1.0,0.0,-1.7763568394002505e-15,0.0,0.0,0.0,0.0,0.0,haze4k_test_development_stress,b39751d3644dc043a008fbd1e874a4358585cc41dff44743ecbc8723b13fd5bb
frozen_candidate,0.9108333333333332,-0.0008414005301306639,0.4806269140163142,-0.0018380284309387207,4.015300107125984,0.4806269140163142,0.07749999999999999,0.011666666666666665,frozen_test_development_candidate,1.0,0.0,0.0,0.0,0.0,0.0,0.0,0.0,0.0,1.0,0.0,0.0,0.0,0.0,0.0,0.0,0.0,1.0,0.0,0.0,0.0,0.0,0.0,0.0,0.0,1.0,0.0,0.0,0.0,0.0,0.0,0.0,0.0,haze4k_test_development_stress,bcb71a7db4f0003620267503b8ec47a8c29ea0efb7c5da68a47346d4edd44a1e
frozen_candidate,0.43079999999999985,-0.009474978392979392,2.935211498154346,-0.00153447687625885,4.4136626743046365,2.935211498154347,0.5399999999999998,0.02919999999999999,frozen_test_development_candidate,1.0,0.0,0.0,-8.881784197001252e-16,0.0,0.0,0.0,0.0,0.0,1.0,0.0,-8.881784197001252e-16,0.0,0.0,0.0,0.0,0.0,1.0,0.0,-8.881784197001252e-16,0.0,0.0,0.0,0.0,0.0,1.0,0.0,-8.881784197001252e-16,0.0,0.0,0.0,0.0,0.0,haze4k_test_development_stress,bd25450e2544bfd7e925a9cb31485cd546b78b590da7b2b83c526fe5f26c52fc
frozen_candidate,0.35119999999999985,-0.009320734527390838,2.1344768649995682,-0.001399204134941101,3.41519662459884,2.134476864999571,0.18639999999999993,0.46239999999999976,frozen_test_development_candidate,1.0,0.0,0.0,-2.6645352591003757e-15,0.0,0.0,0.0,0.0,0.0,1.0,0.0,-2.6645352591003757e-15,0.0,0.0,0.0,0.0,0.0,1.0,0.0,-2.6645352591003757e-15,0.0,0.0,0.0,0.0,0.0,1.0,0.0,-2.6645352591003757e-15,0.0,0.0,0.0,0.0,0.0,haze4k_test_development_stress,c2f38599fe6fbf82b92eac9e8c7a5465f47189312b60a41abbb6965cf95fd907
frozen_candidate,0.15679999999999994,-0.01719508312393348,4.0668085088078465,0.005116194486618042,4.140166221586809,4.066808508807844,0.6907999999999997,0.15239999999999995,frozen_test_development_candidate,1.0,0.0,0.0,2.6645352591003757e-15,0.0,0.0,0.0,0.0,0.0,1.0,0.0,2.6645352591003757e-15,0.0,0.0,0.0,0.0,0.0,1.0,0.0,2.6645352591003757e-15,0.0,0.0,0.0,0.0,0.0,1.0,0.0,2.6645352591003757e-15,0.0,0.0,0.0,0.0,0.0,haze4k_test_development_stress,c6204e65e90e3a9454a12a14bcf48da0c9b1847ebd4678b64915b0f0c9e27e33
frozen_candidate,0.2447999999999999,-0.02507744809127302,2.50972962743739,-2.980232238769531e-07,1.2951823632584682,2.5097296274373884,0.7423999999999997,0.012799999999999995,frozen_test_development_candidate,1.0,0.0,0.0,1.7763568394002505e-15,0.0,0.0,0.0,0.0,0.0,1.0,0.0,1.7763568394002505e-15,0.0,0.0,0.0,0.0,0.0,1.0,0.0,1.7763568394002505e-15,0.0,0.0,0.0,0.0,0.0,1.0,0.0,1.7763568394002505e-15,0.0,0.0,0.0,0.0,0.0,haze4k_test_development_stress,c69fb7a2c731d30cae9239d144b3e69d44cb2298a247de41670be04a011a907f
frozen_candidate,0.8233333333333331,-0.0010391508243203086,1.3158221814004616,-0.0034477412700653076,6.059235462577785,1.3158221814004616,0.08499999999999998,0.09166666666666665,frozen_test_development_candidate,1.0,0.0,0.0,0.0,0.0,0.0,0.0,0.0,0.0,1.0,0.0,0.0,0.0,0.0,0.0,0.0,0.0,1.0,0.0,0.0,0.0,0.0,0.0,0.0,0.0,1.0,0.0,0.0,0.0,0.0,0.0,0.0,0.0,haze4k_test_development_stress,c82b9b0df0d666698df7d24542def3b4fcb14fc3da4416bde523b6905fbd503e
frozen_candidate,0.6847999999999997,-0.005653371297755196,3.290375810795581,-0.0024781376123428345,6.199715930094043,3.290375810795581,0.23999999999999988,0.07519999999999998,frozen_test_development_candidate,1.0,0.0,0.0,0.0,0.0,0.0,0.0,0.0,0.0,1.0,0.0,0.0,0.0,0.0,0.0,0.0,0.0,1.0,0.0,0.0,0.0,0.0,0.0,0.0,0.0,1.0,0.0,0.0,0.0,0.0,0.0,0.0,0.0,haze4k_test_development_stress,c902f43d1acfe4def1d1186c317f1b3d0f4eda3bfcaae893a79e35aae3042182
frozen_candidate,0.5416666666666666,-0.002678281260766021,2.5116334263055773,-0.0016015619039535522,5.502282961951966,2.5116334263055773,0.021666666666666664,0.43666666666666654,frozen_test_development_candidate,1.0,0.0,0.0,0.0,0.0,0.0,0.0,0.0,0.0,1.0,0.0,0.0,0.0,0.0,0.0,0.0,0.0,1.0,0.0,0.0,0.0,0.0,0.0,0.0,0.0,1.0,0.0,0.0,0.0,0.0,0.0,0.0,0.0,haze4k_test_development_stress,cc8aafe7868ecea7a8aa63673c824605a9073eedc3687cf30eb8c5076a56dd51
frozen_candidate,0.4499999999999999,-0.0010944344855854144,2.5940881194122003,-0.0006944388151168823,5.100837603796993,2.5940881194122003,0.22083333333333327,0.3291666666666666,frozen_test_development_candidate,1.0,0.0,0.0,0.0,0.0,0.0,0.0,0.0,0.0,1.0,0.0,0.0,0.0,0.0,0.0,0.0,0.0,1.0,0.0,0.0,0.0,0.0,0.0,0.0,0.0,1.0,0.0,0.0,0.0,0.0,0.0,0.0,0.0,haze4k_test_development_stress,ccbf864aeef84fbd1241b286c08141608cb293789a6ad4beb2a3723eb3c4191c
frozen_candidate,0.7916666666666665,-0.0008088013008468705,1.5162000959790198,-0.0008466392755508423,6.760168995495986,1.5162000959790216,0.15083333333333332,0.05749999999999999,frozen_test_development_candidate,1.0,0.0,0.0,-1.7763568394002505e-15,0.0,0.0,0.0,0.0,0.0,1.0,0.0,-1.7763568394002505e-15,0.0,0.0,0.0,0.0,0.0,1.0,0.0,-1.7763568394002505e-15,0.0,0.0,0.0,0.0,0.0,1.0,0.0,-1.7763568394002505e-15,0.0,0.0,0.0,0.0,0.0,haze4k_test_development_stress,ce01ef3b3dd9d274f4b9ab928073ae4cc0871f626cd7f0998ddbba77440f5d9f
frozen_candidate,0.3727999999999999,-0.009903788007575591,1.419941081109556,0.002523645758628845,1.3805877571038812,1.4199410811095552,0.06919999999999997,0.5579999999999998,frozen_test_development_candidate,1.0,0.0,0.0,8.881784197001252e-16,0.0,0.0,0.0,0.0,0.0,1.0,0.0,8.881784197001252e-16,0.0,0.0,0.0,0.0,0.0,1.0,0.0,8.881784197001252e-16,0.0,0.0,0.0,0.0,0.0,1.0,0.0,8.881784197001252e-16,0.0,0.0,0.0,0.0,0.0,haze4k_test_development_stress,cf84788d46bccb482d3b17c96841924959242a732147056091a8697731355d7c
frozen_candidate,0.4599999999999999,-0.011872005831482237,3.9666607599256745,-0.002270057797431946,6.561883317085428,3.9666607599256745,0.13959999999999997,0.40039999999999987,frozen_test_development_candidate,1.0,0.0,0.0,0.0,0.0,0.0,0.0,0.0,0.0,1.0,0.0,0.0,0.0,0.0,0.0,0.0,0.0,1.0,0.0,0.0,0.0,0.0,0.0,0.0,0.0,1.0,0.0,0.0,0.0,0.0,0.0,0.0,0.0,haze4k_test_development_stress,cfe86b49ef54d2cadb24ebe7bb7f9f320c351db7737df4e322f16bb93086c1f4
frozen_candidate,0.40083333333333326,0.0014779068110737444,2.057208617945742,-0.00044630467891693115,3.918643148089581,2.0572086179457436,0.3424999999999999,0.2566666666666666,frozen_test_development_candidate,1.0,0.0,0.0,-1.7763568394002505e-15,0.0,0.0,0.0,0.0,0.0,1.0,0.0,-1.7763568394002505e-15,0.0,0.0,0.0,0.0,0.0,1.0,0.0,-1.7763568394002505e-15,0.0,0.0,0.0,0.0,0.0,1.0,0.0,-1.7763568394002505e-15,0.0,0.0,0.0,0.0,0.0,haze4k_test_development_stress,d547fc8fc5c4d44db4c57071c377649d3ffc1493f3357a114e6f45e92e38e5e8
frozen_candidate,0.6455999999999997,-0.001533445272988562,2.655872629349642,-0.00010888278484344482,4.809023437008802,2.655872629349643,0.2175999999999999,0.13679999999999995,frozen_test_development_candidate,1.0,0.0,0.0,-8.881784197001252e-16,0.0,0.0,0.0,0.0,0.0,1.0,0.0,-8.881784197001252e-16,0.0,0.0,0.0,0.0,0.0,1.0,0.0,-8.881784197001252e-16,0.0,0.0,0.0,0.0,0.0,1.0,0.0,-8.881784197001252e-16,0.0,0.0,0.0,0.0,0.0,haze4k_test_development_stress,d58d93d9c80508c6f7ecea9a0ddf82a9e2e2c714c64bba9beaa26c9b2203d61c
frozen_candidate,0.06399999999999997,-0.011812188537914091,2.15985791081982,0.010113418102264404,0.35255812051253255,0.7501196399518779,0.9311999999999997,0.004799999999999999,frozen_test_development_candidate,0.9872,0.052746234119042334,-0.00036636067273405903,0.052746234119041446,-0.00042782723903656006,0.02388585729478354,0.052746234119042334,0.012799999999999995,0.0,1.0,0.0,-8.881784197001252e-16,0.0,0.0,0.0,0.0,0.0,0.9872,-0.00036636067273405903,0.052746234119041446,-0.00042782723903656006,0.014010909286799489,0.052746234119042334,0.012799999999999995,0.0,1.0,0.0,-8.881784197001252e-16,0.0,0.0,0.0,0.0,0.0,haze4k_test_development_stress,d6c7ecdafec601f41cc6842161cae169429cc7e9cef75f82bcc747559695ecdb
frozen_candidate,0.8633333333333331,0.0006952191856473492,0.8860344667644906,-0.0026980191469192505,5.164342677278707,0.8860344667644888,0.10999999999999997,0.02666666666666666,frozen_test_development_candidate,1.0,0.0,0.0,1.7763568394002505e-15,0.0,0.0,0.0,0.0,0.0,1.0,0.0,1.7763568394002505e-15,0.0,0.0,0.0,0.0,0.0,1.0,0.0,1.7763568394002505e-15,0.0,0.0,0.0,0.0,0.0,1.0,0.0,1.7763568394002505e-15,0.0,0.0,0.0,0.0,0.0,haze4k_test_development_stress,d8cef97f1b3f690945286606de350aa5ab17dba3be1821e4bea3490f9046f909
frozen_candidate,0.15919999999999992,-0.012360008213991993,1.775372078466284,0.0020736604928970337,1.1981755366930482,1.7753720784662832,0.11879999999999996,0.7219999999999999,frozen_test_development_candidate,1.0,0.0,0.0,8.881784197001252e-16,0.0,0.0,0.0,0.0,0.0,1.0,0.0,8.881784197001252e-16,0.0,0.0,0.0,0.0,0.0,1.0,0.0,8.881784197001252e-16,0.0,0.0,0.0,0.0,0.0,1.0,0.0,8.881784197001252e-16,0.0,0.0,0.0,0.0,0.0,haze4k_test_development_stress,e18d270c62317e1b20df72723fb57929880e0f69a652d60b69348ad72d30c3f3
frozen_candidate,0.6791666666666666,-0.0007723018055611459,1.677682573527445,-0.002016499638557434,5.028449799586424,1.677682573527445,0.2216666666666666,0.09916666666666665,frozen_test_development_candidate,1.0,0.0,0.0,0.0,0.0,0.0,0.0,0.0,0.0,1.0,0.0,0.0,0.0,0.0,0.0,0.0,0.0,1.0,0.0,0.0,0.0,0.0,0.0,0.0,0.0,1.0,0.0,0.0,0.0,0.0,0.0,0.0,0.0,haze4k_test_development_stress,f427861e5520e55c8b4008f450d83119c16c9810c3990b70127d1c3b3247536b
frozen_candidate,0.48719999999999986,-0.0012368708783978947,2.963189659671107,-0.0009737461805343628,5.3022894041408595,2.963189659671107,0.29679999999999984,0.21599999999999991,frozen_test_development_candidate,1.0,0.0,0.0,0.0,0.0,0.0,0.0,0.0,0.0,1.0,0.0,0.0,0.0,0.0,0.0,0.0,0.0,1.0,0.0,0.0,0.0,0.0,0.0,0.0,0.0,1.0,0.0,0.0,0.0,0.0,0.0,0.0,0.0,haze4k_test_development_stress,fa2d2018d17131337453d6cfb4c6b13b505d98260c61a6e38c06e6db787e8c4a
frozen_candidate,0.3735999999999999,-0.003880827963781728,2.0454839671008056,0.003194853663444519,2.8934448972653692,2.0454839671008056,0.23919999999999994,0.3871999999999999,frozen_test_development_candidate,1.0,0.0,0.0,0.0,0.0,0.0,0.0,0.0,0.0,1.0,0.0,0.0,0.0,0.0,0.0,0.0,0.0,1.0,0.0,0.0,0.0,0.0,0.0,0.0,0.0,1.0,0.0,0.0,0.0,0.0,0.0,0.0,0.0,haze4k_test_development_stress,fa48e67e8257aae07b5fcde6715b109d8d549a06f69c78551575dd040e707e7f
frozen_candidate,0.6683333333333332,-0.0014114802418443337,1.8194796819385672,-0.0043906718492507935,6.039386137390077,1.8194796819385672,0.1666666666666666,0.16499999999999998,frozen_test_development_candidate,1.0,0.0,0.0,0.0,0.0,0.0,0.0,0.0,0.0,1.0,0.0,0.0,0.0,0.0,0.0,0.0,0.0,1.0,0.0,0.0,0.0,0.0,0.0,0.0,0.0,1.0,0.0,0.0,0.0,0.0,0.0,0.0,0.0,haze4k_test_development_stress,fba2ccb60f9a4fe8754851bb97a91999857f924bccacd4531f2396e98371e3e4
frozen_candidate,0.4143999999999999,-0.0039532843169426376,1.5997175997443023,-0.0015595406293869019,3.0376550626260137,1.5997175997443023,0.23559999999999992,0.34999999999999987,frozen_test_development_candidate,1.0,0.0,0.0,0.0,0.0,0.0,0.0,0.0,0.0,1.0,0.0,0.0,0.0,0.0,0.0,0.0,0.0,1.0,0.0,0.0,0.0,0.0,0.0,0.0,0.0,1.0,0.0,0.0,0.0,0.0,0.0,0.0,0.0,haze4k_test_development_stress,fbaa24942bc51865f397c8e6a7a6edcbcaa0f2b96c3642a994f8988819538a3d
frozen_candidate,0.4999999999999999,-0.008364744149159201,3.394942597748411,-0.001985907554626465,5.097990448246772,3.394942597748411,0.04583333333333332,0.45416666666666655,frozen_test_development_candidate,1.0,0.0,0.0,0.0,0.0,0.0,0.0,0.0,0.0,1.0,0.0,0.0,0.0,0.0,0.0,0.0,0.0,1.0,0.0,0.0,0.0,0.0,0.0,0.0,0.0,1.0,0.0,0.0,0.0,0.0,0.0,0.0,0.0,haze4k_test_development_stress,fbc9a77cabe0ef618d0c03bf970bbf43a7564bb7b7fb3273d32ef89ccf42df07
frozen_candidate,0.9833333333333333,-0.0001490083332651515,0.048743201379611634,-0.0006063133478164673,1.1068669330225553,0.048743201379611634,0.016666666666666663,0.0,frozen_test_development_candidate,1.0,0.0,0.0,0.0,0.0,0.0,0.0,0.0,0.0,1.0,0.0,0.0,0.0,0.0,0.0,0.0,0.0,1.0,0.0,0.0,0.0,0.0,0.0,0.0,0.0,1.0,0.0,0.0,0.0,0.0,0.0,0.0,0.0,haze4k_test_development_stress,fc151999e7379d4189d5fddd4eba1ac2423535d352cd1e2831266381ac8ecbb2
frozen_candidate,0.7279999999999998,-0.0028239310606956386,1.9625148845407194,-0.00753137469291687,3.4580536563078716,1.9625148845407194,0.19679999999999992,0.07519999999999996,frozen_test_development_candidate,1.0,0.0,0.0,0.0,0.0,0.0,0.0,0.0,0.0,1.0,0.0,0.0,0.0,0.0,0.0,0.0,0.0,1.0,0.0,0.0,0.0,0.0,0.0,0.0,0.0,1.0,0.0,0.0,0.0,0.0,0.0,0.0,0.0,haze4k_test_development_stress,fea14247e7bee92e36bd33990e4d51b910acc5f74abb645f6c87ef81e21ddda1
1,0.5233333333333332,-0.00400555440757873,2.3035305879527144,-0.0019025802612304688,3.4597314317433856,2.3035305879527144,0.42999999999999994,0.04666666666666666,oof_fold_1,1.0,0.0,0.0,0.0,0.0,0.0,0.0,0.0,0.0,1.0,0.0,0.0,0.0,0.0,0.0,0.0,0.0,1.0,0.0,0.0,0.0,0.0,0.0,0.0,0.0,1.0,0.0,0.0,0.0,0.0,0.0,0.0,0.0,haze4k_train_oof,0059eac40c0514150bb6e71018dbb9d8a4c1c227c483bfbf8bac1615e2539aa6
0,0.5823999999999998,-0.012349663523716543,3.349628301285918,-0.0069388747215271,5.6150227281682135,3.349628301285918,0.003199999999999999,0.4143999999999999,oof_fold_0,1.0,0.0,0.0,0.0,0.0,0.0,0.0,0.0,0.0,1.0,0.0,0.0,0.0,0.0,0.0,0.0,0.0,1.0,0.0,0.0,0.0,0.0,0.0,0.0,0.0,1.0,0.0,0.0,0.0,0.0,0.0,0.0,0.0,haze4k_train_oof,0062f17865656805ebaebdc80b8f3a3c67126f09bf2ce9eff5116ef6fbeb4ac8
4,0.8719999999999998,-0.002525964895631963,0.9945366003164935,-0.002270042896270752,2.096791735572708,0.9945366003164935,0.12479999999999995,0.003199999999999999,oof_fold_4,1.0,0.0,0.0,0.0,0.0,0.0,0.0,0.0,0.0,1.0,0.0,0.0,0.0,0.0,0.0,0.0,0.0,1.0,0.0,0.0,0.0,0.0,0.0,0.0,0.0,1.0,0.0,0.0,0.0,0.0,0.0,0.0,0.0,haze4k_train_oof,00e8968acc69366a0f3b7fa70106fc77bd396cee62f727d5b7725d01623e2487
1,0.42399999999999993,-0.01650217860461562,7.170471281037585,-0.0009653568267822266,7.5647542486481925,7.170471281037585,0.5759999999999998,0.0,oof_fold_1,1.0,0.0,0.0,0.0,0.0,0.0,0.0,0.0,0.0,1.0,0.0,0.0,0.0,0.0,0.0,0.0,0.0,1.0,0.0,0.0,0.0,0.0,0.0,0.0,0.0,1.0,0.0,0.0,0.0,0.0,0.0,0.0,0.0,haze4k_train_oof,00fe6a418e93bdac6fd16db912d45663f3943813c3e5774895921e0bb7d7d9bc
3,0.7487999999999998,-0.003395625606093866,1.3715815862645258,-0.0021265745162963867,9.146687715847769,1.3715815862645258,0.012799999999999995,0.2383999999999999,oof_fold_3,1.0,0.0,0.0,0.0,0.0,0.0,0.0,0.0,0.0,1.0,0.0,0.0,0.0,0.0,0.0,0.0,0.0,1.0,0.0,0.0,0.0,0.0,0.0,0.0,0.0,1.0,0.0,0.0,0.0,0.0,0.0,0.0,0.0,haze4k_train_oof,01572b6a1f379705c3149744f68e08ea2bd6eec72f361c7307ed4d613573c52e
1,0.6333333333333332,-0.0003983591435462586,0.46098991371487585,-0.0010033845901489258,6.598229014839056,0.46098991371487585,0.23666666666666658,0.12999999999999998,oof_fold_1,1.0,0.0,0.0,0.0,0.0,0.0,0.0,0.0,0.0,1.0,0.0,0.0,0.0,0.0,0.0,0.0,0.0,1.0,0.0,0.0,0.0,0.0,0.0,0.0,0.0,1.0,0.0,0.0,0.0,0.0,0.0,0.0,0.0,haze4k_train_oof,017854902a4e3031a19ae990d8632d74db1e65e0fdd8e08881aea69da3d6103c
1,0.8966666666666665,-0.0005865516319954632,0.18161770915757103,-0.0015033483505249023,4.3617174156510785,0.18161770915757103,0.04999999999999999,0.05333333333333332,oof_fold_1,1.0,0.0,0.0,0.0,0.0,0.0,0.0,0.0,0.0,1.0,0.0,0.0,0.0,0.0,0.0,0.0,0.0,1.0,0.0,0.0,0.0,0.0,0.0,0.0,0.0,1.0,0.0,0.0,0.0,0.0,0.0,0.0,0.0,haze4k_train_oof,018481b8e1d2c375b4852f74f10672da9c12985ebbc15a867733d32590e21246
0,0.5439999999999998,-0.0017851822571285695,1.9471504930284311,-0.0012038946151733398,5.610501929252884,1.9471504930284311,0.26879999999999993,0.18719999999999995,oof_fold_0,1.0,0.0,0.0,0.0,0.0,0.0,0.0,0.0,0.0,1.0,0.0,0.0,0.0,0.0,0.0,0.0,0.0,1.0,0.0,0.0,0.0,0.0,0.0,0.0,0.0,1.0,0.0,0.0,0.0,0.0,0.0,0.0,0.0,haze4k_train_oof,019d1beb2ac13b409b64e3faf5f601800517880a1caba26b958acbda885dc9be
4,0.8699999999999998,-0.0015233114139118697,0.33273785365648934,-0.003506779670715332,4.6903467675508566,0.33273785365648934,0.07999999999999999,0.04999999999999999,oof_fold_4,1.0,0.0,0.0,0.0,0.0,0.0,0.0,0.0,0.0,1.0,0.0,0.0,0.0,0.0,0.0,0.0,0.0,1.0,0.0,0.0,0.0,0.0,0.0,0.0,0.0,1.0,0.0,0.0,0.0,0.0,0.0,0.0,0.0,haze4k_train_oof,01ea31d89fc44114033b08b0375ade2a196dfc1444ea6936bfa6ff4ce312880d
1,0.7247999999999998,-0.0003243925869794717,1.4772941696390802,-0.0011658072471618652,5.730905287463457,1.4772941696390802,0.2559999999999999,0.019199999999999995,oof_fold_1,1.0,0.0,0.0,0.0,0.0,0.0,0.0,0.0,0.0,1.0,0.0,0.0,0.0,0.0,0.0,0.0,0.0,1.0,0.0,0.0,0.0,0.0,0.0,0.0,0.0,1.0,0.0,0.0,0.0,0.0,0.0,0.0,0.0,haze4k_train_oof,02325ff643929b5186b6f5469bdf20e6a7d344a2d4708c650f7047b3e93f2f5c
4,0.8699999999999999,-0.00011042657668844597,0.369960717200442,-0.00018525123596191406,3.397115433276092,0.369960717200442,0.09999999999999996,0.029999999999999995,oof_fold_4,1.0,0.0,0.0,0.0,0.0,0.0,0.0,0.0,0.0,1.0,0.0,0.0,0.0,0.0,0.0,0.0,0.0,1.0,0.0,0.0,0.0,0.0,0.0,0.0,0.0,1.0,0.0,0.0,0.0,0.0,0.0,0.0,0.0,haze4k_train_oof,02c35322ba487afcf864e376e94ecbf28ca53d0904db0c5f02c4b75ddf351796
0,0.4319999999999999,-7.986337766245307e-05,2.9009634887908717,5.3048133850097656e-05,4.727099740375586,2.9009634887908717,0.2991999999999999,0.26879999999999993,oof_fold_0,1.0,0.0,0.0,0.0,0.0,0.0,0.0,0.0,0.0,1.0,0.0,0.0,0.0,0.0,0.0,0.0,0.0,1.0,0.0,0.0,0.0,0.0,0.0,0.0,0.0,1.0,0.0,0.0,0.0,0.0,0.0,0.0,0.0,haze4k_train_oof,03f5374aee2d67dd03005194d3ae9694c866587ed80e51af0dadbed072f3d11f
3,0.6833333333333332,-0.0007582574644109422,0.869276073748388,-0.0003612637519836426,4.845747181808484,0.869276073748388,0.19999999999999993,0.11666666666666664,oof_fold_3,1.0,0.0,0.0,0.0,0.0,0.0,0.0,0.0,0.0,1.0,0.0,0.0,0.0,0.0,0.0,0.0,0.0,1.0,0.0,0.0,0.0,0.0,0.0,0.0,0.0,1.0,0.0,0.0,0.0,0.0,0.0,0.0,0.0,haze4k_train_oof,04c0fc5d5d7d09eb83ae85c39db82df81ed48574f0d8561dd3b703e5485c1edc
1,0.7487999999999998,-0.00014917087957728677,1.5165690497007063,-0.0003687739372253418,2.2452694951827823,1.5165690497007063,0.23839999999999995,0.012799999999999995,oof_fold_1,1.0,0.0,0.0,0.0,0.0,0.0,0.0,0.0,0.0,1.0,0.0,0.0,0.0,0.0,0.0,0.0,0.0,1.0,0.0,0.0,0.0,0.0,0.0,0.0,0.0,1.0,0.0,0.0,0.0,0.0,0.0,0.0,0.0,haze4k_train_oof,065200da89c85406fe60a5d7d96fdf28774ef6ccb91dfa00704196ce768c5ea1
0,0.4495999999999998,-0.002945372484848,6.464857014861892,-0.0029549598693847656,7.090744957831554,6.464857014861892,0.4511999999999998,0.09919999999999997,oof_fold_0,1.0,0.0,0.0,0.0,0.0,0.0,0.0,0.0,0.0,1.0,0.0,0.0,0.0,0.0,0.0,0.0,0.0,1.0,0.0,0.0,0.0,0.0,0.0,0.0,0.0,1.0,0.0,0.0,0.0,0.0,0.0,0.0,0.0,haze4k_train_oof,06b0daf8dfe2bfbca96b9ffa2f032ca6da81452f15bcf274793b49f1c4122862
1,0.5791999999999999,-0.0027673222775609855,4.257925862707069,-0.00042706727981567383,7.272270118786395,4.257925862707069,0.35519999999999985,0.06559999999999998,oof_fold_1,1.0,0.0,0.0,0.0,0.0,0.0,0.0,0.0,0.0,1.0,0.0,0.0,0.0,0.0,0.0,0.0,0.0,1.0,0.0,0.0,0.0,0.0,0.0,0.0,0.0,1.0,0.0,0.0,0.0,0.0,0.0,0.0,0.0,haze4k_train_oof,06b3b4d0a7a3692a5257f5f059a7eec6572c5542481db16caca7af532b2e4667
1,0.8911999999999998,-0.0004389033550668193,0.6163778145494732,-0.0008245110511779785,6.389701597427546,0.6163778145494732,0.009599999999999997,0.09919999999999997,oof_fold_1,0.9743999999999998,-0.713302529083812,0.000372947768246134,-0.713302529083812,-0.0005751848220825195,1.2025466215971647,-0.713302529083812,0.02559999999999999,0.0,1.0,0.0,0.0,0.0,0.0,0.0,0.0,0.0,0.9743999999999998,0.000372947768246134,-0.713302529083812,-0.0005751848220825195,1.0047147740345608,-0.713302529083812,0.02559999999999999,0.0,1.0,0.0,0.0,0.0,0.0,0.0,0.0,0.0,haze4k_train_oof,06d18929cf995fbe293e219923ecd63da5a10b47703710378ca3a3c45beae8b4
4,0.8266666666666664,-7.8992978124006e-05,0.8401118223300017,-0.001261293888092041,4.206771809533016,0.8401118223300017,0.10333333333333329,0.06999999999999999,oof_fold_4,1.0,0.0,0.0,0.0,0.0,0.0,0.0,0.0,0.0,1.0,0.0,0.0,0.0,0.0,0.0,0.0,0.0,1.0,0.0,0.0,0.0,0.0,0.0,0.0,0.0,1.0,0.0,0.0,0.0,0.0,0.0,0.0,0.0,haze4k_train_oof,071eb2a3b1840e05b16713ed0e76bb675023c03b5ab856e3585b427c043c4124
3,0.9266666666666664,-1.421319100498072e-06,0.1556052264900245,-0.00010251998901367188,4.544547728014962,0.1556052264900245,0.03666666666666666,0.03666666666666666,oof_fold_3,1.0,0.0,0.0,0.0,0.0,0.0,0.0,0.0,0.0,1.0,0.0,0.0,0.0,0.0,0.0,0.0,0.0,1.0,0.0,0.0,0.0,0.0,0.0,0.0,0.0,1.0,0.0,0.0,0.0,0.0,0.0,0.0,0.0,haze4k_train_oof,0729f8805e28b62ff73f2b8f28288217f83c58880dc1d01f5f3780cb01f23162
0,0.35519999999999985,-0.004218129939007728,4.4031704676765315,-0.00042754411697387695,5.224502369261252,4.4031704676765315,0.6287999999999998,0.015999999999999993,oof_fold_0,1.0,0.0,0.0,0.0,0.0,0.0,0.0,0.0,0.0,1.0,0.0,0.0,0.0,0.0,0.0,0.0,0.0,1.0,0.0,0.0,0.0,0.0,0.0,0.0,0.0,1.0,0.0,0.0,0.0,0.0,0.0,0.0,0.0,haze4k_train_oof,074c4f3e952dc78c39f9d52ebb026b66e0fee3236d31478b4f566b8f98000a4a
4,0.9007999999999997,-0.0006044752705066147,0.507092444494269,-0.0004194974899291992,4.6785756555828755,0.507092444494269,0.08639999999999996,0.012799999999999995,oof_fold_4,1.0,0.0,0.0,0.0,0.0,0.0,0.0,0.0,0.0,1.0,0.0,0.0,0.0,0.0,0.0,0.0,0.0,1.0,0.0,0.0,0.0,0.0,0.0,0.0,0.0,1.0,0.0,0.0,0.0,0.0,0.0,0.0,0.0,haze4k_train_oof,0751426409551787185ce77e74973f226b405fbe6d29df13c72a75c5f55635e6
0,0.8299999999999998,6.740056127354263e-05,0.7863005463935977,3.3020973205566406e-05,7.538241796740465,0.7863005463935977,0.09333333333333331,0.07666666666666663,oof_fold_0,1.0,0.0,0.0,0.0,0.0,0.0,0.0,0.0,0.0,1.0,0.0,0.0,0.0,0.0,0.0,0.0,0.0,1.0,0.0,0.0,0.0,0.0,0.0,0.0,0.0,1.0,0.0,0.0,0.0,0.0,0.0,0.0,0.0,haze4k_train_oof,089a362f56dd8c1920de1a869664a1402a5c064bea777616d7d695689e66b373
1,0.6566666666666666,0.00014821806069044723,2.753436646773679,-0.0001232624053955078,5.73729546857048,2.753436646773679,0.1633333333333333,0.17999999999999997,oof_fold_1,1.0,0.0,0.0,0.0,0.0,0.0,0.0,0.0,0.0,1.0,0.0,0.0,0.0,0.0,0.0,0.0,0.0,1.0,0.0,0.0,0.0,0.0,0.0,0.0,0.0,1.0,0.0,0.0,0.0,0.0,0.0,0.0,0.0,haze4k_train_oof,08af8ac067bba159f2e79e67b68384a7c313457e6d110c9ed7765aab70fa802f
3,0.42239999999999983,-0.009111850994922377,3.468704317793957,-0.0012876391410827637,5.1313827594634205,3.468704317793957,0.044799999999999986,0.5327999999999998,oof_fold_3,1.0,0.0,0.0,0.0,0.0,0.0,0.0,0.0,0.0,1.0,0.0,0.0,0.0,0.0,0.0,0.0,0.0,1.0,0.0,0.0,0.0,0.0,0.0,0.0,0.0,1.0,0.0,0.0,0.0,0.0,0.0,0.0,0.0,haze4k_train_oof,08b7b999957aa20523aac1514c50751fa3d611ac0d7cd72ff80e3c900d103631
3,0.8133333333333331,-0.00047374495362823336,1.3659071996542167,-0.0008420348167419434,5.879537618716043,1.3659071996542167,0.11333333333333327,0.07333333333333332,oof_fold_3,1.0,0.0,0.0,0.0,0.0,0.0,0.0,0.0,0.0,1.0,0.0,0.0,0.0,0.0,0.0,0.0,0.0,1.0,0.0,0.0,0.0,0.0,0.0,0.0,0.0,1.0,0.0,0.0,0.0,0.0,0.0,0.0,0.0,haze4k_train_oof,08f32eb376a909d86fa89c84bf6da714c6c1143eb27b87488434f018ce972c76
3,0.7775999999999997,-0.0014094386939730603,0.9768649170104453,-0.00035965442657470703,3.6298656972486185,0.9768649170104453,0.1951999999999999,0.02719999999999999,oof_fold_3,1.0,0.0,0.0,0.0,0.0,0.0,0.0,0.0,0.0,1.0,0.0,0.0,0.0,0.0,0.0,0.0,0.0,1.0,0.0,0.0,0.0,0.0,0.0,0.0,0.0,1.0,0.0,0.0,0.0,0.0,0.0,0.0,0.0,haze4k_train_oof,0a3282860dd790646a0658289530b8e238096014b9f18dd67a6388db4fea6aee
3,0.6303999999999997,-0.0034810726685934545,2.7029392369398266,-0.001961946487426758,6.014064261674292,2.7029392369398266,0.24959999999999988,0.11999999999999995,oof_fold_3,1.0,0.0,0.0,0.0,0.0,0.0,0.0,0.0,0.0,1.0,0.0,0.0,0.0,0.0,0.0,0.0,0.0,1.0,0.0,0.0,0.0,0.0,0.0,0.0,0.0,1.0,0.0,0.0,0.0,0.0,0.0,0.0,0.0,haze4k_train_oof,0a3c638691ca3d4538cc447626ee0c4f06b5b11bfeb37001306941eb244bac94
3,0.3935999999999999,-0.006231371856007414,2.945360309842691,-0.0029647350311279297,5.373297282673256,2.945360309842691,0.5487999999999998,0.05759999999999998,oof_fold_3,1.0,0.0,0.0,0.0,0.0,0.0,0.0,0.0,0.0,1.0,0.0,0.0,0.0,0.0,0.0,0.0,0.0,1.0,0.0,0.0,0.0,0.0,0.0,0.0,0.0,1.0,0.0,0.0,0.0,0.0,0.0,0.0,0.0,haze4k_train_oof,0ab306d3e150eb7d658f0e9a59e35e317a745981b3ff9ce2bbda990352c6d27f
0,0.4671999999999999,-0.0034721231017319967,1.67147606545484,0.0014756321907043457,1.9023744266623055,1.67147606545484,0.2319999999999999,0.30079999999999996,oof_fold_0,1.0,0.0,0.0,0.0,0.0,0.0,0.0,0.0,0.0,1.0,0.0,0.0,0.0,0.0,0.0,0.0,0.0,1.0,0.0,0.0,0.0,0.0,0.0,0.0,0.0,1.0,0.0,0.0,0.0,0.0,0.0,0.0,0.0,haze4k_train_oof,0bffa5c601cd4252e96d93786aaaaac32eda5e2ff3b18ad1d7bc871af536e4e8
3,0.8543999999999999,-0.0008937943189715348,0.7018572239187009,-0.0017502903938293457,6.903804966972011,0.7018572239187009,0.13919999999999993,0.006399999999999998,oof_fold_3,1.0,0.0,0.0,0.0,0.0,0.0,0.0,0.0,0.0,1.0,0.0,0.0,0.0,0.0,0.0,0.0,0.0,1.0,0.0,0.0,0.0,0.0,0.0,0.0,0.0,1.0,0.0,0.0,0.0,0.0,0.0,0.0,0.0,haze4k_train_oof,0cc155a9804759866d3d9fcd9f8e0dd048fe2834c9f56654fd5072c913c0ad66
3,0.7299999999999999,-0.0006236645982429915,1.6671332092857796,-0.0005325675010681152,7.352377080263345,1.6671332092857796,0.10666666666666663,0.1633333333333333,oof_fold_3,1.0,0.0,0.0,0.0,0.0,0.0,0.0,0.0,0.0,1.0,0.0,0.0,0.0,0.0,0.0,0.0,0.0,1.0,0.0,0.0,0.0,0.0,0.0,0.0,0.0,1.0,0.0,0.0,0.0,0.0,0.0,0.0,0.0,haze4k_train_oof,0d1945547f43ccb7609fe56f0e8cc46a33fd6125b525a569a369c589ea578332
2,0.9615999999999998,-0.0008062701160126986,0.40841847300720246,-0.0005936026573181152,4.998693864411607,0.40841847300720246,0.03839999999999999,0.0,oof_fold_2,1.0,0.0,0.0,0.0,0.0,0.0,0.0,0.0,0.0,1.0,0.0,0.0,0.0,0.0,0.0,0.0,0.0,1.0,0.0,0.0,0.0,0.0,0.0,0.0,0.0,1.0,0.0,0.0,0.0,0.0,0.0,0.0,0.0,haze4k_train_oof,0e9a9a5de1416a98d3371f53b1fa74bd9766b22746135c6aff3d9aea791d033b
2,0.3007999999999999,-0.0053495925716609515,2.0225605854918314,-0.0008120536804199219,3.1768275014199006,2.0225605854918314,0.6703999999999998,0.02879999999999999,oof_fold_2,1.0,0.0,0.0,0.0,0.0,0.0,0.0,0.0,0.0,1.0,0.0,0.0,0.0,0.0,0.0,0.0,0.0,1.0,0.0,0.0,0.0,0.0,0.0,0.0,0.0,1.0,0.0,0.0,0.0,0.0,0.0,0.0,0.0,haze4k_train_oof,0f0b28e60d89832bb68f838fde1d7110a23fca0cc60657bfe34abf192b71c6cc
2,0.8866666666666665,-7.672096150018764e-05,0.3353545424882043,-0.0001704096794128418,3.7736629179111247,0.3353545424882043,0.10666666666666663,0.006666666666666665,oof_fold_2,1.0,0.0,0.0,0.0,0.0,0.0,0.0,0.0,0.0,1.0,0.0,0.0,0.0,0.0,0.0,0.0,0.0,1.0,0.0,0.0,0.0,0.0,0.0,0.0,0.0,1.0,0.0,0.0,0.0,0.0,0.0,0.0,0.0,haze4k_train_oof,0f46a279ccaeae86598126ff0c046a22058bad2b86c91a4a33e2d99481f5bcec
2,0.9266666666666665,-0.0011386641929534054,1.2830128495440434,-0.0007598996162414551,5.441838328941515,1.2830128495440434,0.006666666666666665,0.06666666666666665,oof_fold_2,1.0,0.0,0.0,0.0,0.0,0.0,0.0,0.0,0.0,1.0,0.0,0.0,0.0,0.0,0.0,0.0,0.0,1.0,0.0,0.0,0.0,0.0,0.0,0.0,0.0,1.0,0.0,0.0,0.0,0.0,0.0,0.0,0.0,haze4k_train_oof,0fbcce9cb818a404c0cef3d93339e6c667819863ba1503cbfbe1b821a4cf6172
4,0.8415999999999998,2.161794407293206e-05,0.7828832832680277,-0.0017150044441223145,2.938995701116042,0.7828832832680277,0.07519999999999998,0.08319999999999995,oof_fold_4,1.0,0.0,0.0,0.0,0.0,0.0,0.0,0.0,0.0,1.0,0.0,0.0,0.0,0.0,0.0,0.0,0.0,1.0,0.0,0.0,0.0,0.0,0.0,0.0,0.0,1.0,0.0,0.0,0.0,0.0,0.0,0.0,0.0,haze4k_train_oof,107d09977a8a5d14dce80e9a0dc1ef3099f3864376f05d7c4a133bbb16d26241
1,0.5855999999999999,-0.003258962982349718,1.7780980281163465,-0.0020311474800109863,5.171922542694016,1.7780980281163465,0.2431999999999999,0.17119999999999994,oof_fold_1,1.0,0.0,0.0,0.0,0.0,0.0,0.0,0.0,0.0,1.0,0.0,0.0,0.0,0.0,0.0,0.0,0.0,1.0,0.0,0.0,0.0,0.0,0.0,0.0,0.0,1.0,0.0,0.0,0.0,0.0,0.0,0.0,0.0,haze4k_train_oof,1210a1c1659b67cb090e0bbcf0a49eb195248d5f1494be777a6aa88cb9a489b9
2,0.46239999999999987,-0.005803993276961652,3.04622037068237,-0.0004661679267883301,3.5863730302559667,3.04622037068237,0.44479999999999986,0.09279999999999997,oof_fold_2,1.0,0.0,0.0,0.0,0.0,0.0,0.0,0.0,0.0,1.0,0.0,0.0,0.0,0.0,0.0,0.0,0.0,1.0,0.0,0.0,0.0,0.0,0.0,0.0,0.0,1.0,0.0,0.0,0.0,0.0,0.0,0.0,0.0,haze4k_train_oof,121fcf5a8d8ee21b3209ccaf2f14a7c33b3230e6cea7e8edb43d285969ad8613
0,0.8543999999999998,-0.002517644584811447,1.1944914025342186,-0.004794299602508545,5.711519048017983,1.1944914025342186,0.08159999999999998,0.06399999999999997,oof_fold_0,1.0,0.0,0.0,0.0,0.0,0.0,0.0,0.0,0.0,1.0,0.0,0.0,0.0,0.0,0.0,0.0,0.0,1.0,0.0,0.0,0.0,0.0,0.0,0.0,0.0,1.0,0.0,0.0,0.0,0.0,0.0,0.0,0.0,haze4k_train_oof,12395f8c4f4e5c8406b1fed03c4587798340bb06f7ae599c27c25d44898b6004
3,0.7899999999999998,-0.0004549350456929664,0.5024953620429429,-0.000934898853302002,3.128809287941344,0.5024953620429429,0.14666666666666664,0.06333333333333332,oof_fold_3,1.0,0.0,0.0,0.0,0.0,0.0,0.0,0.0,0.0,1.0,0.0,0.0,0.0,0.0,0.0,0.0,0.0,1.0,0.0,0.0,0.0,0.0,0.0,0.0,0.0,1.0,0.0,0.0,0.0,0.0,0.0,0.0,0.0,haze4k_train_oof,1353506cbc9880d0798f1061e1b7c366541309f8f7533a200c5a5f49fd3d21b7
0,0.6207999999999998,-0.00010631793642532951,0.7612775049324796,0.0004528164863586426,5.676720615707929,0.7612775049324796,0.2991999999999999,0.07999999999999996,oof_fold_0,1.0,0.0,0.0,0.0,0.0,0.0,0.0,0.0,0.0,1.0,0.0,0.0,0.0,0.0,0.0,0.0,0.0,1.0,0.0,0.0,0.0,0.0,0.0,0.0,0.0,1.0,0.0,0.0,0.0,0.0,0.0,0.0,0.0,haze4k_train_oof,13a0c02f0f43af8b0e13aa0cb8c256d9c7f78646f00eda177768033a75cbd4ad
1,0.6863999999999998,-0.0034196652731295525,3.291802631426222,-0.00847846269607544,7.812478931222113,3.291802631426222,0.08639999999999996,0.2271999999999999,oof_fold_1,1.0,0.0,0.0,0.0,0.0,0.0,0.0,0.0,0.0,1.0,0.0,0.0,0.0,0.0,0.0,0.0,0.0,1.0,0.0,0.0,0.0,0.0,0.0,0.0,0.0,1.0,0.0,0.0,0.0,0.0,0.0,0.0,0.0,haze4k_train_oof,14857ac65206ec4198e9a4f3810a536bb65d64b41c9c3615dff23922310c8601
1,0.8863999999999996,-0.0003136342132725986,1.141358788787123,-0.0006030797958374023,7.374075426975743,1.141358788787123,0.05119999999999998,0.062399999999999976,oof_fold_1,1.0,0.0,0.0,0.0,0.0,0.0,0.0,0.0,0.0,1.0,0.0,0.0,0.0,0.0,0.0,0.0,0.0,1.0,0.0,0.0,0.0,0.0,0.0,0.0,0.0,1.0,0.0,0.0,0.0,0.0,0.0,0.0,0.0,haze4k_train_oof,14f23240dea2b607f55ce63fc2f2a990567cb2f690ed0317d52808c6cf0cd825
3,0.6751999999999998,-0.0025596142739503815,0.4229894846604054,-0.006906032562255859,1.8637808157691254,0.4229894846604054,0.21759999999999993,0.10719999999999996,oof_fold_3,1.0,0.0,0.0,0.0,0.0,0.0,0.0,0.0,0.0,1.0,0.0,0.0,0.0,0.0,0.0,0.0,0.0,1.0,0.0,0.0,0.0,0.0,0.0,0.0,0.0,1.0,0.0,0.0,0.0,0.0,0.0,0.0,0.0,haze4k_train_oof,1590c2bfd2679f8fedd87e5453635fe86e61f9fc935bcc16f85f9f765cc7a08b
1,0.6299999999999999,-0.0012546034575219287,2.735816254882735,0.0005546212196350098,8.772607448248706,2.735816254882735,0.23333333333333328,0.1366666666666666,oof_fold_1,1.0,0.0,0.0,0.0,0.0,0.0,0.0,0.0,0.0,1.0,0.0,0.0,0.0,0.0,0.0,0.0,0.0,1.0,0.0,0.0,0.0,0.0,0.0,0.0,0.0,1.0,0.0,0.0,0.0,0.0,0.0,0.0,0.0,haze4k_train_oof,15af76ac38c9da480d3725249fa5c90eedc1b1fc882f0f060b7167b99ac773dd
3,0.8431999999999998,-0.0012091759587056009,0.5184678859409431,-0.0011087656021118164,8.47131509954626,0.5184678859409431,0.10559999999999996,0.05119999999999998,oof_fold_3,1.0,0.0,0.0,0.0,0.0,0.0,0.0,0.0,0.0,1.0,0.0,0.0,0.0,0.0,0.0,0.0,0.0,1.0,0.0,0.0,0.0,0.0,0.0,0.0,0.0,1.0,0.0,0.0,0.0,0.0,0.0,0.0,0.0,haze4k_train_oof,162d074ea9b5536188c946ff9b6921c5a95304042fd04c6acea44164912ad962
4,0.7615999999999997,0.00020673404261275802,0.8536252238315853,0.0005471110343933105,1.7107392717721837,0.8536252238315853,0.2287999999999999,0.009599999999999997,oof_fold_4,1.0,0.0,0.0,0.0,0.0,0.0,0.0,0.0,0.0,1.0,0.0,0.0,0.0,0.0,0.0,0.0,0.0,1.0,0.0,0.0,0.0,0.0,0.0,0.0,0.0,1.0,0.0,0.0,0.0,0.0,0.0,0.0,0.0,haze4k_train_oof,166024886375fc48decb6f7aa00ff2cd118c44d8362e856c05a846e06bd452f0
3,0.7099999999999999,-0.0003077015105908583,0.7473468701959334,-0.0002754330635070801,4.907870154539431,0.7473468701959334,0.09,0.19999999999999996,oof_fold_3,1.0,0.0,0.0,0.0,0.0,0.0,0.0,0.0,0.0,1.0,0.0,0.0,0.0,0.0,0.0,0.0,0.0,1.0,0.0,0.0,0.0,0.0,0.0,0.0,0.0,1.0,0.0,0.0,0.0,0.0,0.0,0.0,0.0,haze4k_train_oof,16d269c2c3a4db7d56b569b9ca76d28207cf57ae557824788da572985afde8b0
3,0.40159999999999985,-0.011078800768114159,2.933959619930093,-0.0037598013877868652,4.353138918950247,2.933959619930093,0.576,0.02239999999999999,oof_fold_3,1.0,0.0,0.0,0.0,0.0,0.0,0.0,0.0,0.0,1.0,0.0,0.0,0.0,0.0,0.0,0.0,0.0,1.0,0.0,0.0,0.0,0.0,0.0,0.0,0.0,1.0,0.0,0.0,0.0,0.0,0.0,0.0,0.0,haze4k_train_oof,1781559bca0e2743a88d2864ee5fb8e7d4cdf9f4ceca157bb401326567bc60af
4,0.2751999999999999,-0.005783176697880844,1.4425280903666007,0.0010377168655395508,1.6142763258085395,1.4425280903666007,0.14879999999999996,0.5759999999999998,oof_fold_4,1.0,0.0,0.0,0.0,0.0,0.0,0.0,0.0,0.0,1.0,0.0,0.0,0.0,0.0,0.0,0.0,0.0,1.0,0.0,0.0,0.0,0.0,0.0,0.0,0.0,1.0,0.0,0.0,0.0,0.0,0.0,0.0,0.0,haze4k_train_oof,17d39c01da2c8fe5ab2727c02faf694fbb699a6c825b1f56ea9cae614b7f57d7
3,0.34559999999999985,-0.004775298082378386,0.6634714030060316,-0.003000199794769287,0.9905418848141458,0.6634714030060316,0.5295999999999998,0.12479999999999995,oof_fold_3,1.0,0.0,0.0,0.0,0.0,0.0,0.0,0.0,0.0,1.0,0.0,0.0,0.0,0.0,0.0,0.0,0.0,1.0,0.0,0.0,0.0,0.0,0.0,0.0,0.0,1.0,0.0,0.0,0.0,0.0,0.0,0.0,0.0,haze4k_train_oof,1835efd9aba3a314fd2389e06c04c3a3491545d68f045d0daff2a772ed9669c6
0,0.6383999999999997,-0.0036819763779310363,2.894362701333513,-0.0027890801429748535,4.823716327938584,2.894362701333513,0.2911999999999999,0.07039999999999998,oof_fold_0,1.0,0.0,0.0,0.0,0.0,0.0,0.0,0.0,0.0,1.0,0.0,0.0,0.0,0.0,0.0,0.0,0.0,1.0,0.0,0.0,0.0,0.0,0.0,0.0,0.0,1.0,0.0,0.0,0.0,0.0,0.0,0.0,0.0,haze4k_train_oof,19333c3babfb0a9a69c9f71ed92ffa2d508309ab62842e9c5c580e317a26ef73
2,0.7807999999999998,-0.0038175583174820836,1.5222675332116467,-0.0011632442474365234,4.107203573570509,1.5222675332116467,0.19679999999999992,0.022399999999999993,oof_fold_2,1.0,0.0,0.0,0.0,0.0,0.0,0.0,0.0,0.0,1.0,0.0,0.0,0.0,0.0,0.0,0.0,0.0,1.0,0.0,0.0,0.0,0.0,0.0,0.0,0.0,1.0,0.0,0.0,0.0,0.0,0.0,0.0,0.0,haze4k_train_oof,196e3cd641a4a04c918a7743ab940b5ba671aff1791e9f2ddd477cea6f99fcc1
3,0.5215999999999998,-0.006876807961061908,4.538113894142889,-0.0025521516799926758,8.200090376050092,4.538113894142889,0.416,0.06239999999999997,oof_fold_3,1.0,0.0,0.0,0.0,0.0,0.0,0.0,0.0,0.0,1.0,0.0,0.0,0.0,0.0,0.0,0.0,0.0,1.0,0.0,0.0,0.0,0.0,0.0,0.0,0.0,1.0,0.0,0.0,0.0,0.0,0.0,0.0,0.0,haze4k_train_oof,19cb138715501ef08e6674ae3db9fc4b67f8c3db522b82ca537a48a4a1ba686c
4,0.5935999999999999,-0.006348682335329553,3.7773052789505392,0.005052328109741211,4.647495294053307,3.7773052789505392,0.3775999999999999,0.02879999999999999,oof_fold_4,1.0,0.0,0.0,0.0,0.0,0.0,0.0,0.0,0.0,1.0,0.0,0.0,0.0,0.0,0.0,0.0,0.0,1.0,0.0,0.0,0.0,0.0,0.0,0.0,0.0,1.0,0.0,0.0,0.0,0.0,0.0,0.0,0.0,haze4k_train_oof,1a779e1118d7970aa2e393ba32621b8d525f7e5571745cfa5fc7a32c6ad73c37
2,0.7966666666666665,-0.0006729503454771978,1.4663214625651904,-0.0005397796630859375,5.088510729636944,1.4663214625651904,0.06999999999999999,0.13333333333333328,oof_fold_2,1.0,0.0,0.0,0.0,0.0,0.0,0.0,0.0,0.0,1.0,0.0,0.0,0.0,0.0,0.0,0.0,0.0,1.0,0.0,0.0,0.0,0.0,0.0,0.0,0.0,1.0,0.0,0.0,0.0,0.0,0.0,0.0,0.0,haze4k_train_oof,1ab0c004bb2964b0b378f94f85ad121c666faebe30795b047c72c726eaa2e8d2
3,0.5266666666666665,-0.007471651926475779,3.8787976238020505,-0.0034492015838623047,5.747581331478813,3.8787976238020505,0.40666666666666657,0.06666666666666665,oof_fold_3,1.0,0.0,0.0,0.0,0.0,0.0,0.0,0.0,0.0,1.0,0.0,0.0,0.0,0.0,0.0,0.0,0.0,1.0,0.0,0.0,0.0,0.0,0.0,0.0,0.0,1.0,0.0,0.0,0.0,0.0,0.0,0.0,0.0,haze4k_train_oof,1b1aedc7dc8f1ee443d18d6b64aa92c0105bef9a96c2d5b28eb1c64254904b7a
1,0.7295999999999997,-0.002265476023098261,0.9342212379676909,-0.0008130669593811035,3.3908190133894642,0.9342212379676909,0.08319999999999995,0.18719999999999992,oof_fold_1,1.0,0.0,0.0,0.0,0.0,0.0,0.0,0.0,0.0,1.0,0.0,0.0,0.0,0.0,0.0,0.0,0.0,1.0,0.0,0.0,0.0,0.0,0.0,0.0,0.0,1.0,0.0,0.0,0.0,0.0,0.0,0.0,0.0,haze4k_train_oof,1b27b11b2aad75933b851ef73eecd09037f32da058d87ea56cbfc1a7596e56a5
4,0.7633333333333331,0.0007595114683822939,2.138127868677522,-0.002699613571166992,6.906824847953175,2.138127868677522,0.1333333333333333,0.10333333333333329,oof_fold_4,1.0,0.0,0.0,0.0,0.0,0.0,0.0,0.0,0.0,1.0,0.0,0.0,0.0,0.0,0.0,0.0,0.0,1.0,0.0,0.0,0.0,0.0,0.0,0.0,0.0,1.0,0.0,0.0,0.0,0.0,0.0,0.0,0.0,haze4k_train_oof,1bbe0348da6b87cf5fd18a053f0f7a1f36e58aaff094f96fa7d610bc028cf50f
0,0.3663999999999999,-0.015745657448387164,5.933296032832203,0.00344771146774292,5.472431147847928,5.933296032832203,0.5983999999999999,0.03519999999999999,oof_fold_0,1.0,0.0,0.0,0.0,0.0,0.0,0.0,0.0,0.0,1.0,0.0,0.0,0.0,0.0,0.0,0.0,0.0,1.0,0.0,0.0,0.0,0.0,0.0,0.0,0.0,1.0,0.0,0.0,0.0,0.0,0.0,0.0,0.0,haze4k_train_oof,1c24400b07ef576879fac0bf1b8bb08281872cc9fef0bcadbea0427c5103094a
3,0.6847999999999997,-0.0032139843103786312,1.4508260947256133,-0.0015404820442199707,6.908544581624859,1.4508260947256133,0.03999999999999998,0.2751999999999999,oof_fold_3,1.0,0.0,0.0,0.0,0.0,0.0,0.0,0.0,0.0,1.0,0.0,0.0,0.0,0.0,0.0,0.0,0.0,1.0,0.0,0.0,0.0,0.0,0.0,0.0,0.0,1.0,0.0,0.0,0.0,0.0,0.0,0.0,0.0,haze4k_train_oof,1cd446767ca42538b195cf4c1d33dac9343d0ee71b83d6e1a7af20f744e84dbe
0,0.6833333333333332,-0.00045516375734981315,2.0930545482151146,-0.0011458396911621094,6.158727156029059,2.0930545482151146,0.20333333333333328,0.11333333333333331,oof_fold_0,1.0,0.0,0.0,0.0,0.0,0.0,0.0,0.0,0.0,1.0,0.0,0.0,0.0,0.0,0.0,0.0,0.0,1.0,0.0,0.0,0.0,0.0,0.0,0.0,0.0,1.0,0.0,0.0,0.0,0.0,0.0,0.0,0.0,haze4k_train_oof,1d153d2f6f64ae1cf240e08d47eb0fecbad2fe9664c0fe654774bf4c180b75e4
2,0.9633333333333333,-0.0008639907599738057,1.111125294845941,-0.0012892484664916992,2.480205203377743,1.111125294845941,0.03666666666666666,0.0,oof_fold_2,1.0,0.0,0.0,0.0,0.0,0.0,0.0,0.0,0.0,1.0,0.0,0.0,0.0,0.0,0.0,0.0,0.0,1.0,0.0,0.0,0.0,0.0,0.0,0.0,0.0,1.0,0.0,0.0,0.0,0.0,0.0,0.0,0.0,haze4k_train_oof,1d2261d7c2b3f53b35e2a0fe172ba402eaa3d9d0e66352f5404e387776a62ade
3,0.8199999999999998,0.00038871653687541153,1.6883625959033068,-0.0009685754776000977,4.353930519823109,1.6883625959033068,0.10666666666666663,0.07333333333333332,oof_fold_3,1.0,0.0,0.0,0.0,0.0,0.0,0.0,0.0,0.0,1.0,0.0,0.0,0.0,0.0,0.0,0.0,0.0,1.0,0.0,0.0,0.0,0.0,0.0,0.0,0.0,1.0,0.0,0.0,0.0,0.0,0.0,0.0,0.0,haze4k_train_oof,1d74182b2493b63a96875bc876716088ac91dd77dd00f7b5b02a10f66f6f559a
1,0.35999999999999993,0.00033252620550756375,2.2244717142362305,-0.002346515655517578,4.291196528215131,2.2244717142362305,0.4266666666666665,0.21333333333333326,oof_fold_1,1.0,0.0,0.0,0.0,0.0,0.0,0.0,0.0,0.0,1.0,0.0,0.0,0.0,0.0,0.0,0.0,0.0,1.0,0.0,0.0,0.0,0.0,0.0,0.0,0.0,1.0,0.0,0.0,0.0,0.0,0.0,0.0,0.0,haze4k_train_oof,1d82644808ec3bd80d4fef60d299a3b4deff30d93e9ac3ea926daf8e61b5c6c3
0,0.7359999999999999,0.0004911753128146908,3.125567250234731,-0.004060864448547363,7.909952027469039,3.125567250234731,0.1663999999999999,0.09759999999999996,oof_fold_0,1.0,0.0,0.0,0.0,0.0,0.0,0.0,0.0,0.0,1.0,0.0,0.0,0.0,0.0,0.0,0.0,0.0,1.0,0.0,0.0,0.0,0.0,0.0,0.0,0.0,1.0,0.0,0.0,0.0,0.0,0.0,0.0,0.0,haze4k_train_oof,1e791fec8c93c964da8a45ec044944200f34b8e409842c4f797da62fbf4a9b25
2,0.6599999999999999,-0.0007932922753687106,0.6308120566589039,-0.0005170702934265137,4.63697944198875,0.6308120566589039,0.11666666666666663,0.22333333333333327,oof_fold_2,1.0,0.0,0.0,0.0,0.0,0.0,0.0,0.0,0.0,1.0,0.0,0.0,0.0,0.0,0.0,0.0,0.0,1.0,0.0,0.0,0.0,0.0,0.0,0.0,0.0,1.0,0.0,0.0,0.0,0.0,0.0,0.0,0.0,haze4k_train_oof,1f7559f1a64089a8ae5254bc063121d972b8b10f4c9f95d12d469b9144dadc1e
0,0.5391999999999999,-0.0025593183922736603,2.9833243233195006,-0.005280196666717529,5.232761698940706,2.9833243233195006,0.32959999999999984,0.13119999999999996,oof_fold_0,0.9679999999999997,-0.007608163451550354,-0.00014727209252305383,-0.007608163451550354,-1.8537044525146484e-05,0.046744041693457916,-0.007608163451550354,0.03199999999999999,0.0,1.0,0.0,0.0,0.0,0.0,0.0,0.0,0.0,0.9679999999999997,-0.00014727209252305383,-0.007608163451550354,-1.8537044525146484e-05,0.10583909959308357,-0.007608163451550354,0.03199999999999999,0.0,1.0,0.0,0.0,0.0,0.0,0.0,0.0,0.0,haze4k_train_oof,1f8ef93a2ef1835f6198f124d519e264a07c7ec380eeb379f830af48b0d3cccf
2,0.8799999999999998,-0.00045773701549453333,0.704907172316318,-0.000768125057220459,3.3629351310025513,0.704907172316318,0.1033333333333333,0.016666666666666663,oof_fold_2,1.0,0.0,0.0,0.0,0.0,0.0,0.0,0.0,0.0,1.0,0.0,0.0,0.0,0.0,0.0,0.0,0.0,1.0,0.0,0.0,0.0,0.0,0.0,0.0,0.0,1.0,0.0,0.0,0.0,0.0,0.0,0.0,0.0,haze4k_train_oof,1fef587d86b4fbf6ee6a2ffb81dd4f704601e9fa609ee65f883c288ffee5aae3
0,0.8366666666666666,-0.000646295847882862,0.8248999998971769,-0.0006696581840515137,6.106346394107561,0.8248999998971769,0.12999999999999998,0.033333333333333326,oof_fold_0,1.0,0.0,0.0,0.0,0.0,0.0,0.0,0.0,0.0,1.0,0.0,0.0,0.0,0.0,0.0,0.0,0.0,1.0,0.0,0.0,0.0,0.0,0.0,0.0,0.0,1.0,0.0,0.0,0.0,0.0,0.0,0.0,0.0,haze4k_train_oof,201497c760d7885d5d067d3d065c5c0f4f887a865c06eb1f980735c8452097d1
0,0.9087999999999998,-0.00047071745725503836,0.6032917265017375,-0.001674652099609375,4.964859384819505,0.6032917265017375,0.05119999999999998,0.03999999999999998,oof_fold_0,1.0,0.0,0.0,0.0,0.0,0.0,0.0,0.0,0.0,1.0,0.0,0.0,0.0,0.0,0.0,0.0,0.0,1.0,0.0,0.0,0.0,0.0,0.0,0.0,0.0,1.0,0.0,0.0,0.0,0.0,0.0,0.0,0.0,haze4k_train_oof,20606056e8cc47a7f37c3784a35e1b5ff62d361bbdb60dcf8396549ccb0ad109
0,0.8433333333333332,-0.0006607747750020584,0.5173828439149517,-0.00028192996978759766,3.75121798848312,0.5173828439149517,0.11666666666666661,0.039999999999999994,oof_fold_0,1.0,0.0,0.0,0.0,0.0,0.0,0.0,0.0,0.0,1.0,0.0,0.0,0.0,0.0,0.0,0.0,0.0,1.0,0.0,0.0,0.0,0.0,0.0,0.0,0.0,1.0,0.0,0.0,0.0,0.0,0.0,0.0,0.0,haze4k_train_oof,20d98de865ea0710b77257bef2f710b3d700564b17b215b3071aafd1af584022
0,0.7499999999999999,-0.0006660394350840055,1.2239485793956248,-0.001279294490814209,4.945815173064425,1.2239485793956248,0.17666666666666664,0.07333333333333332,oof_fold_0,1.0,0.0,0.0,0.0,0.0,0.0,0.0,0.0,0.0,1.0,0.0,0.0,0.0,0.0,0.0,0.0,0.0,1.0,0.0,0.0,0.0,0.0,0.0,0.0,0.0,1.0,0.0,0.0,0.0,0.0,0.0,0.0,0.0,haze4k_train_oof,20de96507a80e581c8c784fbe4d0891b8f1997aee28cd2b15b28e7666f4a868e
3,0.9566666666666666,-0.0008199005016652133,0.9960971226938398,-0.0017170906066894531,3.7435241178725107,0.9960971226938398,0.033333333333333326,0.009999999999999998,oof_fold_3,1.0,0.0,0.0,0.0,0.0,0.0,0.0,0.0,0.0,1.0,0.0,0.0,0.0,0.0,0.0,0.0,0.0,1.0,0.0,0.0,0.0,0.0,0.0,0.0,0.0,1.0,0.0,0.0,0.0,0.0,0.0,0.0,0.0,haze4k_train_oof,2115d0381d7cfcc2d3608981e7e5cd6276615b92b107229f649bf172c4af06d2
1,0.8415999999999998,-0.003503420357342109,1.224693904067415,-0.0026754140853881836,3.2407491763309793,1.224693904067415,0.009599999999999997,0.14879999999999996,oof_fold_1,1.0,0.0,0.0,0.0,0.0,0.0,0.0,0.0,0.0,1.0,0.0,0.0,0.0,0.0,0.0,0.0,0.0,1.0,0.0,0.0,0.0,0.0,0.0,0.0,0.0,1.0,0.0,0.0,0.0,0.0,0.0,0.0,0.0,haze4k_train_oof,217570835a6d5232092fafdac64f9b647768e0a4c8fbb73b37fced35f8c8e412
3,0.7633333333333331,-0.0001895108681643107,0.8770400986390356,-0.00036209821701049805,5.97261268717488,0.8770400986390356,0.11999999999999995,0.11666666666666664,oof_fold_3,1.0,0.0,0.0,0.0,0.0,0.0,0.0,0.0,0.0,1.0,0.0,0.0,0.0,0.0,0.0,0.0,0.0,1.0,0.0,0.0,0.0,0.0,0.0,0.0,0.0,1.0,0.0,0.0,0.0,0.0,0.0,0.0,0.0,haze4k_train_oof,2188fecca08acd9e41cf1892bc332435165eeed53d5f535c77146b1204289dc8
4,0.46666666666666656,-0.0007768858588759844,0.9453134377023176,-0.0005251765251159668,2.767110577983381,0.9453134377023176,0.3399999999999999,0.1933333333333333,oof_fold_4,1.0,0.0,0.0,0.0,0.0,0.0,0.0,0.0,0.0,1.0,0.0,0.0,0.0,0.0,0.0,0.0,0.0,1.0,0.0,0.0,0.0,0.0,0.0,0.0,0.0,1.0,0.0,0.0,0.0,0.0,0.0,0.0,0.0,haze4k_train_oof,219e839fa1ce8871b0ab0c9d4fba06e947a8bc80b8b358ff0f185e4b86fb1916
4,0.7133333333333333,0.00023207979523956783,0.7429046564931667,-0.0005925893783569336,4.667246121614298,0.7429046564931667,0.12666666666666662,0.15999999999999998,oof_fold_4,1.0,0.0,0.0,0.0,0.0,0.0,0.0,0.0,0.0,1.0,0.0,0.0,0.0,0.0,0.0,0.0,0.0,1.0,0.0,0.0,0.0,0.0,0.0,0.0,0.0,1.0,0.0,0.0,0.0,0.0,0.0,0.0,0.0,haze4k_train_oof,2224c5eab6986290f92ce15936d3532e0bcbb168e6041386ac1c53a963b41d9e
2,0.7699999999999998,-0.003932227623907289,2.6641314123682633,-0.004367470741271973,5.718259488455043,2.6641314123682633,0.18333333333333332,0.046666666666666655,oof_fold_2,1.0,0.0,0.0,0.0,0.0,0.0,0.0,0.0,0.0,1.0,0.0,0.0,0.0,0.0,0.0,0.0,0.0,1.0,0.0,0.0,0.0,0.0,0.0,0.0,0.0,1.0,0.0,0.0,0.0,0.0,0.0,0.0,0.0,haze4k_train_oof,2249e7451b17baa17c1ef663f51727d7c2acc24d99306e2980980f2bec0459d3
0,0.99,-1.607370548905836e-05,0.002364983621575334,-0.00020712614059448242,2.6441993697254276,0.002364983621575334,0.006666666666666665,0.0033333333333333327,oof_fold_0,1.0,0.0,0.0,0.0,0.0,0.0,0.0,0.0,0.0,1.0,0.0,0.0,0.0,0.0,0.0,0.0,0.0,1.0,0.0,0.0,0.0,0.0,0.0,0.0,0.0,1.0,0.0,0.0,0.0,0.0,0.0,0.0,0.0,haze4k_train_oof,226713ece6fba9ea091d10ab6eb8e65af8e962d558c5b485f16e3c80d1db7906
4,0.5791999999999998,-0.00536050393571301,2.3273576595746945,-0.0044023990631103516,5.998279821478661,2.3273576595746945,0.10719999999999998,0.3135999999999998,oof_fold_4,1.0,0.0,0.0,0.0,0.0,0.0,0.0,0.0,0.0,1.0,0.0,0.0,0.0,0.0,0.0,0.0,0.0,1.0,0.0,0.0,0.0,0.0,0.0,0.0,0.0,1.0,0.0,0.0,0.0,0.0,0.0,0.0,0.0,haze4k_train_oof,22f6dcd0636864764206eeb4b5d487fe4f82f973709563dbe20133b9261e4cf8
2,1.0,0.0,0.0,0.0,0.0,0.0,0.0,0.0,oof_fold_2,1.0,0.0,0.0,0.0,0.0,0.0,0.0,0.0,0.0,1.0,0.0,0.0,0.0,0.0,0.0,0.0,0.0,1.0,0.0,0.0,0.0,0.0,0.0,0.0,0.0,1.0,0.0,0.0,0.0,0.0,0.0,0.0,0.0,haze4k_train_oof,2339a5741eb8ac5eedc1c46527db0ad6ee23e8abc1998c1f0904a1bec550dc2b
3,0.8095999999999998,-0.0018290081418919728,2.82794715598299,-0.000794827938079834,6.820117698873993,2.82794715598299,0.003199999999999999,0.1871999999999999,oof_fold_3,1.0,0.0,0.0,0.0,0.0,0.0,0.0,0.0,0.0,1.0,0.0,0.0,0.0,0.0,0.0,0.0,0.0,1.0,0.0,0.0,0.0,0.0,0.0,0.0,0.0,1.0,0.0,0.0,0.0,0.0,0.0,0.0,0.0,haze4k_train_oof,23754b93ea211c8b0a8bd60ca968d3e857f3a629dbe2cfe319c8132598868413
4,0.9266666666666665,6.34226869674927e-05,0.2785161172689925,-0.0003279447555541992,3.295266896955326,0.2785161172689925,0.04666666666666666,0.02666666666666666,oof_fold_4,1.0,0.0,0.0,0.0,0.0,0.0,0.0,0.0,0.0,1.0,0.0,0.0,0.0,0.0,0.0,0.0,0.0,1.0,0.0,0.0,0.0,0.0,0.0,0.0,0.0,1.0,0.0,0.0,0.0,0.0,0.0,0.0,0.0,haze4k_train_oof,23b52292044eaf79309cf2ae91c5fc5e7195e5e6810d422caa22a5aa9098bd85
1,0.5279999999999998,-0.0032780232187709776,3.119926533054141,2.491474151611328e-05,5.063434865375534,3.119926533054141,0.4495999999999998,0.02239999999999999,oof_fold_1,1.0,0.0,0.0,0.0,0.0,0.0,0.0,0.0,0.0,1.0,0.0,0.0,0.0,0.0,0.0,0.0,0.0,1.0,0.0,0.0,0.0,0.0,0.0,0.0,0.0,1.0,0.0,0.0,0.0,0.0,0.0,0.0,0.0,haze4k_train_oof,23d980293c72dca8d6bbc8feef534188857e60c8168f767aa2613f635f86ebcd
1,0.5247999999999998,0.002771563290434036,4.510327832833731,-0.0038477182388305664,4.016509962226408,4.510327832833731,0.47519999999999984,0.0,oof_fold_1,1.0,0.0,0.0,0.0,0.0,0.0,0.0,0.0,0.0,1.0,0.0,0.0,0.0,0.0,0.0,0.0,0.0,1.0,0.0,0.0,0.0,0.0,0.0,0.0,0.0,1.0,0.0,0.0,0.0,0.0,0.0,0.0,0.0,haze4k_train_oof,240a36431264938b02a47f0524b24bf13f73b0d0f58d4b1234b086e432a94eb0
1,0.5567999999999999,-0.00011882249863507874,1.3437780904301135,0.00013440847396850586,2.491037260964113,1.3437780904301135,0.41119999999999984,0.03199999999999999,oof_fold_1,1.0,0.0,0.0,0.0,0.0,0.0,0.0,0.0,0.0,1.0,0.0,0.0,0.0,0.0,0.0,0.0,0.0,1.0,0.0,0.0,0.0,0.0,0.0,0.0,0.0,1.0,0.0,0.0,0.0,0.0,0.0,0.0,0.0,haze4k_train_oof,240d18d45c90005f49e5e9ffc8c5c8e52f341c6e77108081ebe6fdbde0dd0658
3,0.8833333333333332,4.502855913920533e-05,1.971960629507194,-0.00522613525390625,5.150777381992945,1.971960629507194,0.04666666666666666,0.06999999999999999,oof_fold_3,1.0,0.0,0.0,0.0,0.0,0.0,0.0,0.0,0.0,1.0,0.0,0.0,0.0,0.0,0.0,0.0,0.0,1.0,0.0,0.0,0.0,0.0,0.0,0.0,0.0,1.0,0.0,0.0,0.0,0.0,0.0,0.0,0.0,haze4k_train_oof,24e47c681a0351df82cb2bed8c2f227fd62709ae8a006e9ae957e377fdbd72f0
0,0.8133333333333332,-2.0743492429270904e-05,0.2331990097620178,-0.00015288591384887695,4.3874903675801065,0.2331990097620178,0.06999999999999998,0.11666666666666661,oof_fold_0,1.0,0.0,0.0,0.0,0.0,0.0,0.0,0.0,0.0,1.0,0.0,0.0,0.0,0.0,0.0,0.0,0.0,1.0,0.0,0.0,0.0,0.0,0.0,0.0,0.0,1.0,0.0,0.0,0.0,0.0,0.0,0.0,0.0,haze4k_train_oof,24f93c3f6ea8ee5832e54512e34940c27521192ceea1f18a2500f5348682a1fc
4,0.5151999999999999,-0.005764123223192291,4.245474578431349,-0.005017399787902832,4.175290316847658,4.245474578431349,0.48479999999999984,0.0,oof_fold_4,1.0,0.0,0.0,0.0,0.0,0.0,0.0,0.0,0.0,1.0,0.0,0.0,0.0,0.0,0.0,0.0,0.0,1.0,0.0,0.0,0.0,0.0,0.0,0.0,0.0,1.0,0.0,0.0,0.0,0.0,0.0,0.0,0.0,haze4k_train_oof,2576b2d794e7df1c0f0a01099f12e67698e16a617c6af4916d333cb772da20c6
0,0.8863999999999999,-0.00029166241535955734,1.4211752467516021,-0.0020849108695983887,6.233697001233153,1.4211752467516021,0.07679999999999997,0.03679999999999999,oof_fold_0,1.0,0.0,0.0,0.0,0.0,0.0,0.0,0.0,0.0,1.0,0.0,0.0,0.0,0.0,0.0,0.0,0.0,1.0,0.0,0.0,0.0,0.0,0.0,0.0,0.0,1.0,0.0,0.0,0.0,0.0,0.0,0.0,0.0,haze4k_train_oof,2611658d06cc01c6e718cf79ef4004cf8ca08d7e000708a5193e5412477c091e
3,0.9695999999999998,8.18337050266561e-05,0.561470950307168,8.404254913330078e-06,3.5893498484359014,0.561470950307168,0.03039999999999999,0.0,oof_fold_3,1.0,0.0,0.0,0.0,0.0,0.0,0.0,0.0,0.0,1.0,0.0,0.0,0.0,0.0,0.0,0.0,0.0,1.0,0.0,0.0,0.0,0.0,0.0,0.0,0.0,1.0,0.0,0.0,0.0,0.0,0.0,0.0,0.0,haze4k_train_oof,269215eed8afb021aecdfeb4b1a6ee4256c2fb78cee564c4ade585e8b5cd2e1e
0,0.8671999999999999,-0.00029688220943789915,0.74600960422773,-0.003329157829284668,6.762697132912354,0.74600960422773,0.08799999999999997,0.04479999999999998,oof_fold_0,1.0,0.0,0.0,0.0,0.0,0.0,0.0,0.0,0.0,1.0,0.0,0.0,0.0,0.0,0.0,0.0,0.0,1.0,0.0,0.0,0.0,0.0,0.0,0.0,0.0,1.0,0.0,0.0,0.0,0.0,0.0,0.0,0.0,haze4k_train_oof,26d1f928e0f8d1dcf628acb6a3bd321ef8b866a67b73e5f0bf4b5742d17e1b41
1,0.9066666666666665,-0.0014566450872689528,0.6699976267047205,-0.0018526315689086914,2.9454563964121547,0.6699976267047205,0.07333333333333332,0.019999999999999997,oof_fold_1,1.0,0.0,0.0,0.0,0.0,0.0,0.0,0.0,0.0,1.0,0.0,0.0,0.0,0.0,0.0,0.0,0.0,1.0,0.0,0.0,0.0,0.0,0.0,0.0,0.0,1.0,0.0,0.0,0.0,0.0,0.0,0.0,0.0,haze4k_train_oof,27b4f4f1a172211f2e50a610688df9781d60c64ff5cfd3510fd8d13b76dcac5c
3,0.7199999999999999,-0.00622405997942163,4.058916929446298,-0.004237771034240723,6.543823710708359,4.058916929446298,0.2735999999999999,0.006399999999999998,oof_fold_3,1.0,0.0,0.0,0.0,0.0,0.0,0.0,0.0,0.0,1.0,0.0,0.0,0.0,0.0,0.0,0.0,0.0,1.0,0.0,0.0,0.0,0.0,0.0,0.0,0.0,1.0,0.0,0.0,0.0,0.0,0.0,0.0,0.0,haze4k_train_oof,285c12fa84806ac972d3520ff42782733c556c7c54db25a34fe0210d3a683d7e
0,0.7999999999999998,-0.0007292821623746605,1.1050708719689055,-3.439188003540039e-05,2.917384273452697,1.1050708719689055,0.07666666666666665,0.12333333333333328,oof_fold_0,1.0,0.0,0.0,0.0,0.0,0.0,0.0,0.0,0.0,1.0,0.0,0.0,0.0,0.0,0.0,0.0,0.0,1.0,0.0,0.0,0.0,0.0,0.0,0.0,0.0,1.0,0.0,0.0,0.0,0.0,0.0,0.0,0.0,haze4k_train_oof,2865759ab5f4327e0a704fc2bcfe4049fc4c3b5b241af3decf1aea9bfaaefdb0
4,0.9599999999999999,-0.0003698506377171726,0.16908155547582737,-0.0009452104568481445,2.2320338918216436,0.16908155547582737,0.019199999999999995,0.020799999999999992,oof_fold_4,1.0,0.0,0.0,0.0,0.0,0.0,0.0,0.0,0.0,1.0,0.0,0.0,0.0,0.0,0.0,0.0,0.0,1.0,0.0,0.0,0.0,0.0,0.0,0.0,0.0,1.0,0.0,0.0,0.0,0.0,0.0,0.0,0.0,haze4k_train_oof,28e1b692c9b0a3327b4404d271483f7b901279f5750077f220c340e3765110d7
2,0.3933333333333332,-0.002295052948191672,3.7971144446977263,5.751848220825195e-05,4.780665275131291,3.7971144446977263,0.27999999999999986,0.3266666666666666,oof_fold_2,1.0,0.0,0.0,0.0,0.0,0.0,0.0,0.0,0.0,1.0,0.0,0.0,0.0,0.0,0.0,0.0,0.0,1.0,0.0,0.0,0.0,0.0,0.0,0.0,0.0,1.0,0.0,0.0,0.0,0.0,0.0,0.0,0.0,haze4k_train_oof,29251a493db748f02372bf6ba4c12499298f69be12c368720d6692a235d8cda9
1,0.5215999999999998,-0.010811288793811883,6.404407471316283,-0.004730701446533203,8.303320102063196,6.404407471316283,0.35519999999999985,0.12319999999999995,oof_fold_1,1.0,0.0,0.0,0.0,0.0,0.0,0.0,0.0,0.0,1.0,0.0,0.0,0.0,0.0,0.0,0.0,0.0,1.0,0.0,0.0,0.0,0.0,0.0,0.0,0.0,1.0,0.0,0.0,0.0,0.0,0.0,0.0,0.0,haze4k_train_oof,29c7b134461bcb50232e2e0b703eca9990dfe719cd145c82b35ebc33b689a57a
1,0.7533333333333331,-0.0013713900290644983,1.8389714241016506,-0.0005911588668823242,4.67641408873304,1.8389714241016506,0.1966666666666666,0.04999999999999999,oof_fold_1,1.0,0.0,0.0,0.0,0.0,0.0,0.0,0.0,0.0,1.0,0.0,0.0,0.0,0.0,0.0,0.0,0.0,1.0,0.0,0.0,0.0,0.0,0.0,0.0,0.0,1.0,0.0,0.0,0.0,0.0,0.0,0.0,0.0,haze4k_train_oof,2a087c0cdce9bd7dace49ab9bf2f29d03b2d7036ae030ff2de8c94c35ab021d2
1,0.7533333333333331,-0.0008523791604150923,0.9278469536875491,-0.0004088878631591797,4.284700051701314,0.9278469536875491,0.1733333333333333,0.07333333333333332,oof_fold_1,1.0,0.0,0.0,0.0,0.0,0.0,0.0,0.0,0.0,1.0,0.0,0.0,0.0,0.0,0.0,0.0,0.0,1.0,0.0,0.0,0.0,0.0,0.0,0.0,0.0,1.0,0.0,0.0,0.0,0.0,0.0,0.0,0.0,haze4k_train_oof,2a0a3c7346d504d730dd9e6b5add420ec719df46be4ee1fbd8fc6b6064cbead0
3,0.9103999999999997,-0.0008162999812746422,0.7976768225752693,-0.0005991458892822266,4.738533635724799,0.7976768225752693,0.03199999999999999,0.05759999999999998,oof_fold_3,1.0,0.0,0.0,0.0,0.0,0.0,0.0,0.0,0.0,1.0,0.0,0.0,0.0,0.0,0.0,0.0,0.0,1.0,0.0,0.0,0.0,0.0,0.0,0.0,0.0,1.0,0.0,0.0,0.0,0.0,0.0,0.0,0.0,haze4k_train_oof,2a8967df53565f0f7e4d97e3ec325e07d1cc8e5f4e612f09d1c9faae59b43fc7
1,0.6239999999999999,-0.0037362816528863432,1.9685487026264,-0.0028452277183532715,5.7442700812590175,1.9685487026264,0.2975999999999999,0.07839999999999997,oof_fold_1,1.0,0.0,0.0,0.0,0.0,0.0,0.0,0.0,0.0,1.0,0.0,0.0,0.0,0.0,0.0,0.0,0.0,1.0,0.0,0.0,0.0,0.0,0.0,0.0,0.0,1.0,0.0,0.0,0.0,0.0,0.0,0.0,0.0,haze4k_train_oof,2b27c41382ed880672a785d890a1683e9efdaf5d089a1c04f91c3689dd6ffc46
2,0.5033333333333333,-0.00028547412565356153,0.5086595516246675,7.009506225585938e-05,4.681576917622088,0.5086595516246675,0.26666666666666655,0.22999999999999993,oof_fold_2,1.0,0.0,0.0,0.0,0.0,0.0,0.0,0.0,0.0,1.0,0.0,0.0,0.0,0.0,0.0,0.0,0.0,1.0,0.0,0.0,0.0,0.0,0.0,0.0,0.0,1.0,0.0,0.0,0.0,0.0,0.0,0.0,0.0,haze4k_train_oof,2b6faf7e36b960acb2cb57ab25a303ef9a109a671fe9e0465de63e5a985aedc2
3,0.4166666666666665,-0.002350115189122638,1.4429294734745852,-0.0010470151901245117,2.657247715209863,1.4429294734745852,0.4766666666666665,0.10666666666666665,oof_fold_3,1.0,0.0,0.0,0.0,0.0,0.0,0.0,0.0,0.0,1.0,0.0,0.0,0.0,0.0,0.0,0.0,0.0,1.0,0.0,0.0,0.0,0.0,0.0,0.0,0.0,1.0,0.0,0.0,0.0,0.0,0.0,0.0,0.0,haze4k_train_oof,2b8ad41699d474d2d71a5f90b72f278726f7d16b323e1636319df2a1eb8898e5
2,0.576,-0.010946894654390055,5.624098935952237,-0.001564323902130127,6.738982085286683,5.624098935952237,0.42239999999999994,0.0015999999999999994,oof_fold_2,1.0,0.0,0.0,0.0,0.0,0.0,0.0,0.0,0.0,1.0,0.0,0.0,0.0,0.0,0.0,0.0,0.0,1.0,0.0,0.0,0.0,0.0,0.0,0.0,0.0,1.0,0.0,0.0,0.0,0.0,0.0,0.0,0.0,haze4k_train_oof,2bfeed5540b47bebaecdabdbf8352f795d3830692412d1ab0c95e4c71fa787a1
0,0.9266666666666665,-7.315714905753543e-05,0.019129929756189767,0.00010859966278076172,5.471943144870181,0.019129929756189767,0.06333333333333332,0.009999999999999998,oof_fold_0,1.0,0.0,0.0,0.0,0.0,0.0,0.0,0.0,0.0,1.0,0.0,0.0,0.0,0.0,0.0,0.0,0.0,1.0,0.0,0.0,0.0,0.0,0.0,0.0,0.0,1.0,0.0,0.0,0.0,0.0,0.0,0.0,0.0,haze4k_train_oof,2c3cf1c60f5f5e48126b12604e0b7d3c7a24aa0bc7c400596e6cbbb98a5832d5
1,0.9099999999999998,-0.0012263404949872992,0.4903653983949141,-0.0014322400093078613,3.0061796524372895,0.4903653983949141,0.08666666666666666,0.0033333333333333327,oof_fold_1,1.0,0.0,0.0,0.0,0.0,0.0,0.0,0.0,0.0,1.0,0.0,0.0,0.0,0.0,0.0,0.0,0.0,1.0,0.0,0.0,0.0,0.0,0.0,0.0,0.0,1.0,0.0,0.0,0.0,0.0,0.0,0.0,0.0,haze4k_train_oof,2c47bc09fa4bc650bded3933b5642ae1de9b246ca35ba6535bd4454d398dfac5
4,0.9833333333333332,1.7297407855241707e-05,0.014090756660365855,0.0001608133316040039,1.4483153967203677,0.014090756660365855,0.01333333333333333,0.0033333333333333327,oof_fold_4,1.0,0.0,0.0,0.0,0.0,0.0,0.0,0.0,0.0,1.0,0.0,0.0,0.0,0.0,0.0,0.0,0.0,1.0,0.0,0.0,0.0,0.0,0.0,0.0,0.0,1.0,0.0,0.0,0.0,0.0,0.0,0.0,0.0,haze4k_train_oof,2c8f759e8e8aa94a0f390529c8a4d2c64bace8655d48691e75caf3519d817709
3,0.8799999999999999,-0.0011800197869004277,1.3092562563160044,-0.0019884109497070312,5.672349275736458,1.3092562563160044,0.059999999999999984,0.059999999999999984,oof_fold_3,1.0,0.0,0.0,0.0,0.0,0.0,0.0,0.0,0.0,1.0,0.0,0.0,0.0,0.0,0.0,0.0,0.0,1.0,0.0,0.0,0.0,0.0,0.0,0.0,0.0,1.0,0.0,0.0,0.0,0.0,0.0,0.0,0.0,haze4k_train_oof,2d193c8f6e0f44be59295b674976da97ae08a3e22959336df5ba3137b44ad620
4,0.6303999999999997,0.0006281643940368666,0.5804959379169148,-0.00023090839385986328,4.387990999229082,0.5804959379169148,0.13759999999999994,0.2319999999999999,oof_fold_4,1.0,0.0,0.0,0.0,0.0,0.0,0.0,0.0,0.0,1.0,0.0,0.0,0.0,0.0,0.0,0.0,0.0,1.0,0.0,0.0,0.0,0.0,0.0,0.0,0.0,1.0,0.0,0.0,0.0,0.0,0.0,0.0,0.0,haze4k_train_oof,2d3a26004307cdba9e8fd92abfd9215b3e1b7cf08a417f3e799ab22f75517a3c
4,0.9533333333333331,-0.0003070387631297915,0.24448972212404385,-0.0011389851570129395,2.533738271878093,0.24448972212404385,0.039999999999999994,0.006666666666666665,oof_fold_4,1.0,0.0,0.0,0.0,0.0,0.0,0.0,0.0,0.0,1.0,0.0,0.0,0.0,0.0,0.0,0.0,0.0,1.0,0.0,0.0,0.0,0.0,0.0,0.0,0.0,1.0,0.0,0.0,0.0,0.0,0.0,0.0,0.0,haze4k_train_oof,2e2b0c315b200c79e6e104908da8b922e6cb3dbb6f011b2bf2c487bc94a90aa2
1,0.7733333333333332,-0.002361919649327622,2.1850355576402976,-0.0008600950241088867,4.99328632748874,2.1850355576402976,0.21999999999999997,0.006666666666666665,oof_fold_1,1.0,0.0,0.0,0.0,0.0,0.0,0.0,0.0,0.0,1.0,0.0,0.0,0.0,0.0,0.0,0.0,0.0,1.0,0.0,0.0,0.0,0.0,0.0,0.0,0.0,1.0,0.0,0.0,0.0,0.0,0.0,0.0,0.0,haze4k_train_oof,2eef94ee0336b735c73ddd0474321052fe642a12a523eb8dcae9d643dbb87075
3,0.6847999999999997,-0.007878177954357427,3.770468019955125,-0.003749072551727295,6.132715668143291,3.770468019955125,0.2879999999999999,0.02719999999999999,oof_fold_3,1.0,0.0,0.0,0.0,0.0,0.0,0.0,0.0,0.0,1.0,0.0,0.0,0.0,0.0,0.0,0.0,0.0,1.0,0.0,0.0,0.0,0.0,0.0,0.0,0.0,1.0,0.0,0.0,0.0,0.0,0.0,0.0,0.0,haze4k_train_oof,2fd350fb3d17dcf4d3d5b66deb29abcfaf3263c792ecba0435df9a175e289d20
1,0.833333333333333,-0.0002610422747489332,0.29204294096435746,3.7550926208496094e-06,4.016456198698123,0.29204294096435746,0.05666666666666666,0.10999999999999996,oof_fold_1,1.0,0.0,0.0,0.0,0.0,0.0,0.0,0.0,0.0,1.0,0.0,0.0,0.0,0.0,0.0,0.0,0.0,1.0,0.0,0.0,0.0,0.0,0.0,0.0,0.0,1.0,0.0,0.0,0.0,0.0,0.0,0.0,0.0,haze4k_train_oof,300e5dcc5aa2a71d9c3e8b4196029acb5cb23e54fa5ca8edeb6606790aae19ea
1,0.8191999999999998,0.000343318767338739,1.2081384000947182,-0.0003859400749206543,4.260686006562885,1.2081384000947182,0.07999999999999996,0.10079999999999997,oof_fold_1,1.0,0.0,0.0,0.0,0.0,0.0,0.0,0.0,0.0,1.0,0.0,0.0,0.0,0.0,0.0,0.0,0.0,1.0,0.0,0.0,0.0,0.0,0.0,0.0,0.0,1.0,0.0,0.0,0.0,0.0,0.0,0.0,0.0,haze4k_train_oof,3018b9d6a14938b9d337aa03aaaaf15f7f273eb9440a55f7849a41f639cdd2ef
3,0.4031999999999999,0.0003425176414015975,1.9533283669706876,-9.59634780883789e-06,3.1077678468474375,1.9533283669706876,0.5231999999999999,0.07359999999999997,oof_fold_3,1.0,0.0,0.0,0.0,0.0,0.0,0.0,0.0,0.0,1.0,0.0,0.0,0.0,0.0,0.0,0.0,0.0,1.0,0.0,0.0,0.0,0.0,0.0,0.0,0.0,1.0,0.0,0.0,0.0,0.0,0.0,0.0,0.0,haze4k_train_oof,30370fabda0efebbd58ca7dbbb5a2d61d67e5712984a22848149fa3a4ff490c9
1,0.9199999999999998,-0.0005688527336357968,0.4741307170203868,-0.0017448067665100098,4.387881040865572,0.4741307170203868,0.04999999999999999,0.029999999999999992,oof_fold_1,1.0,0.0,0.0,0.0,0.0,0.0,0.0,0.0,0.0,1.0,0.0,0.0,0.0,0.0,0.0,0.0,0.0,1.0,0.0,0.0,0.0,0.0,0.0,0.0,0.0,1.0,0.0,0.0,0.0,0.0,0.0,0.0,0.0,haze4k_train_oof,304946f0881cecfefb1b44aec992c4b7fdc47d2cf4ccfd88da237acd8284db0d
0,0.7199999999999999,-0.003641499811400231,2.3545444357765746,-0.00028884410858154297,4.690397705781422,2.3545444357765746,0.04479999999999998,0.2351999999999999,oof_fold_0,1.0,0.0,0.0,0.0,0.0,0.0,0.0,0.0,0.0,1.0,0.0,0.0,0.0,0.0,0.0,0.0,0.0,1.0,0.0,0.0,0.0,0.0,0.0,0.0,0.0,1.0,0.0,0.0,0.0,0.0,0.0,0.0,0.0,haze4k_train_oof,3072b111d4220fe8d065984a22cdca61fc7090198fe4a95d7c3fd330371aedfc
1,0.5119999999999998,-0.0014613271671260002,1.9531785512739361,-0.001820206642150879,4.687884804204508,1.9531785512739361,0.4031999999999999,0.08479999999999996,oof_fold_1,1.0,0.0,0.0,0.0,0.0,0.0,0.0,0.0,0.0,1.0,0.0,0.0,0.0,0.0,0.0,0.0,0.0,1.0,0.0,0.0,0.0,0.0,0.0,0.0,0.0,1.0,0.0,0.0,0.0,0.0,0.0,0.0,0.0,haze4k_train_oof,3083efbe6596e6edb39c8daa87753e53778364a4645df0bff8acbe2f146fcda6
4,0.2751999999999999,0.0028724241202037464,3.5380499028918884,-0.008260786533355713,6.864187152297863,3.5380499028918884,0.29919999999999985,0.42559999999999987,oof_fold_4,1.0,0.0,0.0,0.0,0.0,0.0,0.0,0.0,0.0,1.0,0.0,0.0,0.0,0.0,0.0,0.0,0.0,1.0,0.0,0.0,0.0,0.0,0.0,0.0,0.0,1.0,0.0,0.0,0.0,0.0,0.0,0.0,0.0,haze4k_train_oof,30fca3a0ee7fec5d9d31d1ed0a7bf147fc864cffdb90e72d97e091b4d3aeb858
0,0.9033333333333331,0.000121783292732742,0.4171002231645886,3.3915042877197266e-05,2.3575883412120717,0.4171002231645886,0.07999999999999999,0.016666666666666663,oof_fold_0,1.0,0.0,0.0,0.0,0.0,0.0,0.0,0.0,0.0,1.0,0.0,0.0,0.0,0.0,0.0,0.0,0.0,1.0,0.0,0.0,0.0,0.0,0.0,0.0,0.0,1.0,0.0,0.0,0.0,0.0,0.0,0.0,0.0,haze4k_train_oof,3128516f11a858fc172444ef4a2b70fa2bb26fa39a72c0dfed68e38712316442
2,0.5024,-0.004698629927899068,3.0663816152934444,-0.0005924105644226074,3.771993409027367,3.0663816152934444,0.47199999999999986,0.02559999999999999,oof_fold_2,1.0,0.0,0.0,0.0,0.0,0.0,0.0,0.0,0.0,1.0,0.0,0.0,0.0,0.0,0.0,0.0,0.0,1.0,0.0,0.0,0.0,0.0,0.0,0.0,0.0,1.0,0.0,0.0,0.0,0.0,0.0,0.0,0.0,haze4k_train_oof,31410ceae4c381ddd0527459a1632c44feaec19e6c22f419fb5220e68ff78535
4,0.8866666666666665,0.00012899504157577735,0.9776397938440127,-2.586841583251953e-05,6.121355331625502,0.9776397938440127,0.06999999999999998,0.04333333333333333,oof_fold_4,1.0,0.0,0.0,0.0,0.0,0.0,0.0,0.0,0.0,1.0,0.0,0.0,0.0,0.0,0.0,0.0,0.0,1.0,0.0,0.0,0.0,0.0,0.0,0.0,0.0,1.0,0.0,0.0,0.0,0.0,0.0,0.0,0.0,haze4k_train_oof,3176fb7dc49a53d16a6a22e695a9ea9ac4cb4f91bf13d832535620c79f65643b
3,0.7499999999999999,-0.0006273406700938722,0.7121277515079285,-0.0002288222312927246,5.176765404622536,0.7121277515079285,0.10666666666666663,0.1433333333333333,oof_fold_3,1.0,0.0,0.0,0.0,0.0,0.0,0.0,0.0,0.0,1.0,0.0,0.0,0.0,0.0,0.0,0.0,0.0,1.0,0.0,0.0,0.0,0.0,0.0,0.0,0.0,1.0,0.0,0.0,0.0,0.0,0.0,0.0,0.0,haze4k_train_oof,322d98ebef795041d57e7fc5d79b6e8bd850aede12726f340b1986b848d5a1b2
3,0.7871999999999998,-0.0018329052488785247,1.1067325041556515,-0.000899195671081543,4.1302072600397395,1.1067325041556515,0.049599999999999984,0.16319999999999993,oof_fold_3,1.0,0.0,0.0,0.0,0.0,0.0,0.0,0.0,0.0,1.0,0.0,0.0,0.0,0.0,0.0,0.0,0.0,1.0,0.0,0.0,0.0,0.0,0.0,0.0,0.0,1.0,0.0,0.0,0.0,0.0,0.0,0.0,0.0,haze4k_train_oof,328661fb79bbe9936dc9f212388521be5d330136704b2835eb4462d927cda7c9
0,0.9366666666666665,-0.0002238008947683533,0.11544852220260537,2.1398067474365234e-05,4.010750681378845,0.11544852220260537,0.04666666666666666,0.016666666666666663,oof_fold_0,1.0,0.0,0.0,0.0,0.0,0.0,0.0,0.0,0.0,1.0,0.0,0.0,0.0,0.0,0.0,0.0,0.0,1.0,0.0,0.0,0.0,0.0,0.0,0.0,0.0,1.0,0.0,0.0,0.0,0.0,0.0,0.0,0.0,haze4k_train_oof,333d5290068bc04a1823668e71157f7883b0ae8f5370bca9e1351e5c96505aa8
2,0.49666666666666653,0.0005763821363850892,4.306599988078801,0.0012633800506591797,6.44154013023028,4.306599988078801,0.36999999999999994,0.1333333333333333,oof_fold_2,1.0,0.0,0.0,0.0,0.0,0.0,0.0,0.0,0.0,1.0,0.0,0.0,0.0,0.0,0.0,0.0,0.0,1.0,0.0,0.0,0.0,0.0,0.0,0.0,0.0,1.0,0.0,0.0,0.0,0.0,0.0,0.0,0.0,haze4k_train_oof,33c637904fa6d9429f7f7a938716934e8b465978629cd278893c96cff5945eb3
0,0.8287999999999998,-0.003924884056571561,1.252044303379897,-0.001422882080078125,4.994700171838893,1.252044303379897,0.019199999999999995,0.15199999999999997,oof_fold_0,1.0,0.0,0.0,0.0,0.0,0.0,0.0,0.0,0.0,1.0,0.0,0.0,0.0,0.0,0.0,0.0,0.0,1.0,0.0,0.0,0.0,0.0,0.0,0.0,0.0,1.0,0.0,0.0,0.0,0.0,0.0,0.0,0.0,haze4k_train_oof,34804f193160353663a87770603c14edcbd32d3409fa95d1f00a5bd2618f3b9b
2,0.9263999999999999,-0.002486569642126171,0.2124102314645242,-0.008058786392211914,2.767082172624633,0.2124102314645242,0.07039999999999998,0.003199999999999999,oof_fold_2,1.0,0.0,0.0,0.0,0.0,0.0,0.0,0.0,0.0,1.0,0.0,0.0,0.0,0.0,0.0,0.0,0.0,1.0,0.0,0.0,0.0,0.0,0.0,0.0,0.0,1.0,0.0,0.0,0.0,0.0,0.0,0.0,0.0,haze4k_train_oof,34c3067e3518a3c4f1d05dae865fe6ff21309c6dd9029c90a564c1dfe8eee8ea
0,0.9455999999999998,-0.00032029672754166913,0.5094697094689167,-0.0021473169326782227,3.215065974523071,0.5094697094689167,0.015999999999999993,0.03839999999999999,oof_fold_0,1.0,0.0,0.0,0.0,0.0,0.0,0.0,0.0,0.0,1.0,0.0,0.0,0.0,0.0,0.0,0.0,0.0,1.0,0.0,0.0,0.0,0.0,0.0,0.0,0.0,1.0,0.0,0.0,0.0,0.0,0.0,0.0,0.0,haze4k_train_oof,358b0399b6ab7a8c2974816e308a04ebe4f373571e218ba33b59ca795e6fc838
3,0.5279999999999998,-0.004335625026192671,2.8612736554415505,0.0004304051399230957,4.994628740875477,2.8612736554415505,0.46399999999999986,0.007999999999999997,oof_fold_3,1.0,0.0,0.0,0.0,0.0,0.0,0.0,0.0,0.0,1.0,0.0,0.0,0.0,0.0,0.0,0.0,0.0,1.0,0.0,0.0,0.0,0.0,0.0,0.0,0.0,1.0,0.0,0.0,0.0,0.0,0.0,0.0,0.0,haze4k_train_oof,35f91cf0fda25fadb3889731d1e2f024c021dc0f05773ba7cddf69f91c678470
0,0.9933333333333332,-4.6830016563035324e-05,0.05114723903206908,0.0005677938461303711,1.4967891594868803,0.05114723903206908,0.006666666666666665,0.0,oof_fold_0,1.0,0.0,0.0,0.0,0.0,0.0,0.0,0.0,0.0,1.0,0.0,0.0,0.0,0.0,0.0,0.0,0.0,1.0,0.0,0.0,0.0,0.0,0.0,0.0,0.0,1.0,0.0,0.0,0.0,0.0,0.0,0.0,0.0,haze4k_train_oof,36ac9bc43062cbcbfe5027dd1596866090fc149923e937ed797a91f3c777aa75
4,0.5279999999999998,-0.012823879779945127,3.0502936028790586,-0.0015482902526855469,4.327851583684556,3.0502936028790586,0.4719999999999998,0.0,oof_fold_4,1.0,0.0,0.0,0.0,0.0,0.0,0.0,0.0,0.0,1.0,0.0,0.0,0.0,0.0,0.0,0.0,0.0,1.0,0.0,0.0,0.0,0.0,0.0,0.0,0.0,1.0,0.0,0.0,0.0,0.0,0.0,0.0,0.0,haze4k_train_oof,3807a870f2615fcef2d26d1bc5ac59b7062ec9efde9f995dab40375bfeb8908d
4,0.8499999999999999,-0.0003810056685029571,0.26657359053048424,0.0003393888473510742,5.796204451127828,0.26657359053048424,0.13999999999999996,0.009999999999999998,oof_fold_4,1.0,0.0,0.0,0.0,0.0,0.0,0.0,0.0,0.0,1.0,0.0,0.0,0.0,0.0,0.0,0.0,0.0,1.0,0.0,0.0,0.0,0.0,0.0,0.0,0.0,1.0,0.0,0.0,0.0,0.0,0.0,0.0,0.0,haze4k_train_oof,383e52b38e409d2b8ddc6cb01a09733e736d23a9a1012c8b699ad1c9ac3118f4
0,0.5727999999999999,-0.008348134773236236,1.7595549756592561,-0.006710350513458252,4.493050622036563,1.7595549756592561,0.26879999999999993,0.15839999999999993,oof_fold_0,1.0,0.0,0.0,0.0,0.0,0.0,0.0,0.0,0.0,1.0,0.0,0.0,0.0,0.0,0.0,0.0,0.0,1.0,0.0,0.0,0.0,0.0,0.0,0.0,0.0,1.0,0.0,0.0,0.0,0.0,0.0,0.0,0.0,haze4k_train_oof,3843d5c0b17ad91f8e087389572c1c4bd4f53c22ee81be10a12f4a66a6b6b197
4,0.7699999999999998,-0.0015063496735233948,1.0189365782291588,-0.001132965087890625,3.389538591964154,1.0189365782291588,0.12999999999999998,0.09999999999999998,oof_fold_4,1.0,0.0,0.0,0.0,0.0,0.0,0.0,0.0,0.0,1.0,0.0,0.0,0.0,0.0,0.0,0.0,0.0,1.0,0.0,0.0,0.0,0.0,0.0,0.0,0.0,1.0,0.0,0.0,0.0,0.0,0.0,0.0,0.0,haze4k_train_oof,38d19ba9db4ce3c22b6be8b767873f282950193a830d2eee58fd7f7e684ce57d
0,0.6233333333333332,-0.0007571215678409417,1.3094795426744668,-0.00030297040939331055,6.974384491111557,1.3094795426744668,0.24666666666666665,0.12999999999999998,oof_fold_0,1.0,0.0,0.0,0.0,0.0,0.0,0.0,0.0,0.0,1.0,0.0,0.0,0.0,0.0,0.0,0.0,0.0,1.0,0.0,0.0,0.0,0.0,0.0,0.0,0.0,1.0,0.0,0.0,0.0,0.0,0.0,0.0,0.0,haze4k_train_oof,399ec3a6c7f4e7997a5299c3dd16fec0f18c6324107174f65c58e0ef0400f1b2
2,0.8847999999999998,-0.0003317803278972864,0.21888160009956437,-0.0007939338684082031,5.736417888198375,0.21888160009956437,0.05759999999999998,0.05759999999999997,oof_fold_2,1.0,0.0,0.0,0.0,0.0,0.0,0.0,0.0,0.0,1.0,0.0,0.0,0.0,0.0,0.0,0.0,0.0,1.0,0.0,0.0,0.0,0.0,0.0,0.0,0.0,1.0,0.0,0.0,0.0,0.0,0.0,0.0,0.0,haze4k_train_oof,39b3437baf3110c4f112d0fe0e84dcbe94854dd50d88d81e130bc4a7c66bbeba
1,0.9133333333333331,-0.0003150712596521367,0.07217928320508094,-0.0009452700614929199,2.8412605169315057,0.07217928320508094,0.08333333333333333,0.0033333333333333327,oof_fold_1,1.0,0.0,0.0,0.0,0.0,0.0,0.0,0.0,0.0,1.0,0.0,0.0,0.0,0.0,0.0,0.0,0.0,1.0,0.0,0.0,0.0,0.0,0.0,0.0,0.0,1.0,0.0,0.0,0.0,0.0,0.0,0.0,0.0,haze4k_train_oof,3a1a5286066029417afe19f2409e96b5d6799134ba8a184f7b262f938726b24e
4,0.7999999999999998,-0.0008748504000473381,1.0667341465181934,-0.0004145503044128418,6.646819813699352,1.0667341465181934,0.10879999999999997,0.09119999999999996,oof_fold_4,1.0,0.0,0.0,0.0,0.0,0.0,0.0,0.0,0.0,1.0,0.0,0.0,0.0,0.0,0.0,0.0,0.0,1.0,0.0,0.0,0.0,0.0,0.0,0.0,0.0,1.0,0.0,0.0,0.0,0.0,0.0,0.0,0.0,haze4k_train_oof,3b5f4022bee90a8d5d4701329f79ec5e1ae20c81722a006b4f9a8004f19d54e2
4,0.8699999999999998,-0.0014350986790042145,2.1002378824101697,-0.0018940567970275879,5.955196342792171,2.1002378824101697,0.019999999999999997,0.10999999999999996,oof_fold_4,1.0,0.0,0.0,0.0,0.0,0.0,0.0,0.0,0.0,1.0,0.0,0.0,0.0,0.0,0.0,0.0,0.0,1.0,0.0,0.0,0.0,0.0,0.0,0.0,0.0,1.0,0.0,0.0,0.0,0.0,0.0,0.0,0.0,haze4k_train_oof,3bf1ba6099edaea2ccc6f471d8d77b0266e2bea42f4bbfabd760ccee570abd10
3,0.8299999999999998,0.00013629830239854823,1.1110517529348414,-0.00038170814514160156,6.776017407517614,1.1110517529348414,0.05666666666666666,0.1133333333333333,oof_fold_3,1.0,0.0,0.0,0.0,0.0,0.0,0.0,0.0,0.0,1.0,0.0,0.0,0.0,0.0,0.0,0.0,0.0,1.0,0.0,0.0,0.0,0.0,0.0,0.0,0.0,1.0,0.0,0.0,0.0,0.0,0.0,0.0,0.0,haze4k_train_oof,3c0525f4e5fb9f3017707297d95c20d43c67db3529b3cebb2323930d32da0abd
3,0.9233333333333331,7.273098696288123e-05,0.5012853486458866,-0.0002473592758178711,2.974552829051383,0.5012853486458866,0.05666666666666666,0.019999999999999997,oof_fold_3,1.0,0.0,0.0,0.0,0.0,0.0,0.0,0.0,0.0,1.0,0.0,0.0,0.0,0.0,0.0,0.0,0.0,1.0,0.0,0.0,0.0,0.0,0.0,0.0,0.0,1.0,0.0,0.0,0.0,0.0,0.0,0.0,0.0,haze4k_train_oof,3c97994dc4fc9fd15974185924164891c697863f37143f85f5c82a0a520882b2
3,0.8287999999999999,-0.0027736482551321386,0.9129753434424259,-0.0050103068351745605,4.980043883961457,0.9129753434424259,0.10879999999999997,0.062399999999999976,oof_fold_3,1.0,0.0,0.0,0.0,0.0,0.0,0.0,0.0,0.0,1.0,0.0,0.0,0.0,0.0,0.0,0.0,0.0,1.0,0.0,0.0,0.0,0.0,0.0,0.0,0.0,1.0,0.0,0.0,0.0,0.0,0.0,0.0,0.0,haze4k_train_oof,3cd981bf817d97b56e27ba1114867c7927c55c1a14534e88eb000d2088ce6d6d
2,0.8233333333333331,-0.0008548424418024238,0.4959454688730176,-0.000722348690032959,3.8360228272207664,0.4959454688730176,0.08666666666666664,0.08999999999999998,oof_fold_2,1.0,0.0,0.0,0.0,0.0,0.0,0.0,0.0,0.0,1.0,0.0,0.0,0.0,0.0,0.0,0.0,0.0,1.0,0.0,0.0,0.0,0.0,0.0,0.0,0.0,1.0,0.0,0.0,0.0,0.0,0.0,0.0,0.0,haze4k_train_oof,3d1c3a0babe1d555ba4bce5c0f39e8de87509dcfb8a46fa2c511b50a012efd76
3,0.1033333333333333,-0.0011095989228134488,1.2365761322110131,-1.5556812286376953e-05,1.3867852414355823,1.2365761322110131,0.3999999999999999,0.4966666666666666,oof_fold_3,1.0,0.0,0.0,0.0,0.0,0.0,0.0,0.0,0.0,1.0,0.0,0.0,0.0,0.0,0.0,0.0,0.0,1.0,0.0,0.0,0.0,0.0,0.0,0.0,0.0,1.0,0.0,0.0,0.0,0.0,0.0,0.0,0.0,haze4k_train_oof,3dfc1c08dd38a7766aeaff898d826f4c666bec693dc9b74d19b713a1f7bd119b
0,0.7699999999999998,-0.001159696881074726,1.0947981526211592,-0.0027030110359191895,6.3367313535978695,1.0947981526211592,0.09999999999999996,0.12999999999999998,oof_fold_0,1.0,0.0,0.0,0.0,0.0,0.0,0.0,0.0,0.0,1.0,0.0,0.0,0.0,0.0,0.0,0.0,0.0,1.0,0.0,0.0,0.0,0.0,0.0,0.0,0.0,1.0,0.0,0.0,0.0,0.0,0.0,0.0,0.0,haze4k_train_oof,3e7e3fa19e2770a7f7bb6f3b3cb6ef3a331671f39b36f21e9b4d8354d523ec54
4,0.7266666666666665,0.00023555115832411713,1.5881007499479836,-0.0008153319358825684,7.960270600392221,1.5881007499479836,0.07999999999999999,0.1933333333333333,oof_fold_4,1.0,0.0,0.0,0.0,0.0,0.0,0.0,0.0,0.0,1.0,0.0,0.0,0.0,0.0,0.0,0.0,0.0,1.0,0.0,0.0,0.0,0.0,0.0,0.0,0.0,1.0,0.0,0.0,0.0,0.0,0.0,0.0,0.0,haze4k_train_oof,3e82cfa0b082929e52136ae3ca91301be72e24a86647021fa052ee0bd749d3bd
3,0.8991999999999998,-0.0012489711758292572,0.732492405071298,-0.0015324950218200684,5.260103333961368,0.732492405071298,0.059199999999999975,0.04159999999999998,oof_fold_3,1.0,0.0,0.0,0.0,0.0,0.0,0.0,0.0,0.0,1.0,0.0,0.0,0.0,0.0,0.0,0.0,0.0,1.0,0.0,0.0,0.0,0.0,0.0,0.0,0.0,1.0,0.0,0.0,0.0,0.0,0.0,0.0,0.0,haze4k_train_oof,3ea0a236211a1e6654fcc7e49661c9f6b77b9da00f64228f0b4c1acd41ac20d3
4,0.8699999999999998,-0.0005936267263549173,0.531391260292601,-0.00032138824462890625,3.78247829102812,0.531391260292601,0.09666666666666664,0.033333333333333326,oof_fold_4,1.0,0.0,0.0,0.0,0.0,0.0,0.0,0.0,0.0,1.0,0.0,0.0,0.0,0.0,0.0,0.0,0.0,1.0,0.0,0.0,0.0,0.0,0.0,0.0,0.0,1.0,0.0,0.0,0.0,0.0,0.0,0.0,0.0,haze4k_train_oof,3f136de33c542a06b856e6887aa10232cc0012a43ea2478f102346f8d5004cfb
3,0.8933333333333331,-4.753905470099382e-05,0.0637577695257221,-1.6450881958007812e-05,6.604351521677209,0.0637577695257221,0.01333333333333333,0.09333333333333331,oof_fold_3,1.0,0.0,0.0,0.0,0.0,0.0,0.0,0.0,0.0,1.0,0.0,0.0,0.0,0.0,0.0,0.0,0.0,1.0,0.0,0.0,0.0,0.0,0.0,0.0,0.0,1.0,0.0,0.0,0.0,0.0,0.0,0.0,0.0,haze4k_train_oof,3f29645c0b2224efb3afdfe1e4a9d1d0b4c2f4e048c6d0fc74ae7b86a45fe352
2,0.8719999999999998,0.0004537596147575339,2.4638221949915504,-0.0005664825439453125,6.277565018641539,2.4638221949915504,0.10239999999999996,0.02559999999999999,oof_fold_2,1.0,0.0,0.0,0.0,0.0,0.0,0.0,0.0,0.0,1.0,0.0,0.0,0.0,0.0,0.0,0.0,0.0,1.0,0.0,0.0,0.0,0.0,0.0,0.0,0.0,1.0,0.0,0.0,0.0,0.0,0.0,0.0,0.0,haze4k_train_oof,3faefcc29492d1f97091150c746792ca1f4ea2ae4ff9300b1b9e40d0dd007a6c
4,0.7247999999999998,8.991211060880807e-05,1.6347044957504409,-0.0016941428184509277,7.350777306481351,1.6347044957504409,0.17919999999999991,0.09599999999999996,oof_fold_4,1.0,0.0,0.0,0.0,0.0,0.0,0.0,0.0,0.0,1.0,0.0,0.0,0.0,0.0,0.0,0.0,0.0,1.0,0.0,0.0,0.0,0.0,0.0,0.0,0.0,1.0,0.0,0.0,0.0,0.0,0.0,0.0,0.0,haze4k_train_oof,40a620f0a4cf5a5bb63f7de0c8543d90f510916ddd94e91b7ecf422eeb3878f3
0,0.8255999999999998,-0.001968966966192238,2.364158428903096,-0.0019418597221374512,6.635651452002762,2.364158428903096,0.14719999999999994,0.02719999999999999,oof_fold_0,1.0,0.0,0.0,0.0,0.0,0.0,0.0,0.0,0.0,1.0,0.0,0.0,0.0,0.0,0.0,0.0,0.0,1.0,0.0,0.0,0.0,0.0,0.0,0.0,0.0,1.0,0.0,0.0,0.0,0.0,0.0,0.0,0.0,haze4k_train_oof,4101b571cc87432f73727a2b2b9ed100a2c8959a8e28388e35f64338a9173324
1,0.7833333333333332,-0.0008232825416416745,0.4912624688390963,-0.0011780261993408203,5.393527312477637,0.4912624688390963,0.16666666666666666,0.04999999999999999,oof_fold_1,1.0,0.0,0.0,0.0,0.0,0.0,0.0,0.0,0.0,1.0,0.0,0.0,0.0,0.0,0.0,0.0,0.0,1.0,0.0,0.0,0.0,0.0,0.0,0.0,0.0,1.0,0.0,0.0,0.0,0.0,0.0,0.0,0.0,haze4k_train_oof,415ccf5b0f87616be2041e76ad7d07dfaf3237309b84dc31622167cb7ec8ce43
3,0.63,-0.00046482499998294066,1.1716213655024887,-1.996755599975586e-05,7.258941686226642,1.1716213655024887,0.06999999999999999,0.29999999999999993,oof_fold_3,1.0,0.0,0.0,0.0,0.0,0.0,0.0,0.0,0.0,1.0,0.0,0.0,0.0,0.0,0.0,0.0,0.0,1.0,0.0,0.0,0.0,0.0,0.0,0.0,0.0,1.0,0.0,0.0,0.0,0.0,0.0,0.0,0.0,haze4k_train_oof,416a485d2821601277c36b7ca43505e6b4b9d3750eda1c500988fd2fb65c3fcd
0,0.7299999999999999,-0.0026558229890732967,1.442209113093483,-0.0018982291221618652,5.630074322043754,1.442209113093483,0.1033333333333333,0.16666666666666663,oof_fold_0,1.0,0.0,0.0,0.0,0.0,0.0,0.0,0.0,0.0,1.0,0.0,0.0,0.0,0.0,0.0,0.0,0.0,1.0,0.0,0.0,0.0,0.0,0.0,0.0,0.0,1.0,0.0,0.0,0.0,0.0,0.0,0.0,0.0,haze4k_train_oof,42e3a952dcd305ac308978765f88c0346b267dc638dee48108f5d2840897bfcd
4,0.96,-0.001279636064721722,1.5757922766277588,-0.001869499683380127,6.181848769622974,1.5757922766277588,0.02666666666666666,0.01333333333333333,oof_fold_4,1.0,0.0,0.0,0.0,0.0,0.0,0.0,0.0,0.0,1.0,0.0,0.0,0.0,0.0,0.0,0.0,0.0,1.0,0.0,0.0,0.0,0.0,0.0,0.0,0.0,1.0,0.0,0.0,0.0,0.0,0.0,0.0,0.0,haze4k_train_oof,4376e7a832ec23e5fa71673b32989119398e46ad3161c686f79957d39671f015
2,0.8527999999999998,-0.0011416436239844192,0.47569329785572734,-0.0027580857276916504,6.806986932791169,0.47569329785572734,0.05759999999999997,0.08959999999999997,oof_fold_2,1.0,0.0,0.0,0.0,0.0,0.0,0.0,0.0,0.0,1.0,0.0,0.0,0.0,0.0,0.0,0.0,0.0,1.0,0.0,0.0,0.0,0.0,0.0,0.0,0.0,1.0,0.0,0.0,0.0,0.0,0.0,0.0,0.0,haze4k_train_oof,43e852b91befd21bff368a0d57405ab136db15623f818aeb1fa7b53391374f9e
0,0.9151999999999998,-0.00022203413277942056,1.6206489030362192,-0.0010981559753417969,6.22174504750765,1.6206489030362192,0.05119999999999998,0.03359999999999999,oof_fold_0,1.0,0.0,0.0,0.0,0.0,0.0,0.0,0.0,0.0,1.0,0.0,0.0,0.0,0.0,0.0,0.0,0.0,1.0,0.0,0.0,0.0,0.0,0.0,0.0,0.0,1.0,0.0,0.0,0.0,0.0,0.0,0.0,0.0,haze4k_train_oof,441c490528125020d260dd4ec34b9f30af8a79d886e7bb83ceae1037d909c6d8
0,0.7647999999999998,-0.0020944909729664982,1.5573921103179345,-0.0013353228569030762,3.509502854389787,1.5573921103179345,0.09919999999999997,0.13599999999999995,oof_fold_0,1.0,0.0,0.0,0.0,0.0,0.0,0.0,0.0,0.0,1.0,0.0,0.0,0.0,0.0,0.0,0.0,0.0,1.0,0.0,0.0,0.0,0.0,0.0,0.0,0.0,1.0,0.0,0.0,0.0,0.0,0.0,0.0,0.0,haze4k_train_oof,449ed095fe118c741d536ca38dae7c53685e459f9fa5320870f82cd2a926b80b
3,0.8699999999999998,-0.000777402915945105,0.5965193392298644,-0.0006212592124938965,4.95522254491577,0.5965193392298644,0.08666666666666664,0.04333333333333333,oof_fold_3,1.0,0.0,0.0,0.0,0.0,0.0,0.0,0.0,0.0,1.0,0.0,0.0,0.0,0.0,0.0,0.0,0.0,1.0,0.0,0.0,0.0,0.0,0.0,0.0,0.0,1.0,0.0,0.0,0.0,0.0,0.0,0.0,0.0,haze4k_train_oof,451be166afa9391d0d8077769c169f919614edb04d3d24c149eabb3d8785750c
4,0.7007999999999998,-0.0025333917750336686,0.8906274834843657,-0.0015690922737121582,1.603212958578169,0.8906274834843657,0.2735999999999999,0.02559999999999999,oof_fold_4,1.0,0.0,0.0,0.0,0.0,0.0,0.0,0.0,0.0,1.0,0.0,0.0,0.0,0.0,0.0,0.0,0.0,1.0,0.0,0.0,0.0,0.0,0.0,0.0,0.0,1.0,0.0,0.0,0.0,0.0,0.0,0.0,0.0,haze4k_train_oof,45b2ede5f17d30e61952ea19c211847316b97725bc58115f04774ce7f14287b4
2,0.8666666666666666,0.00017925426734842,0.39019798752696744,-0.00014346837997436523,7.853492374260561,0.39019798752696744,0.11999999999999998,0.01333333333333333,oof_fold_2,1.0,0.0,0.0,0.0,0.0,0.0,0.0,0.0,0.0,1.0,0.0,0.0,0.0,0.0,0.0,0.0,0.0,1.0,0.0,0.0,0.0,0.0,0.0,0.0,0.0,1.0,0.0,0.0,0.0,0.0,0.0,0.0,0.0,haze4k_train_oof,46d09b99225c2ecf518ddc65e45c72999f0df4de6a1ea7fe8b3ecb854d2f8147
4,0.5566666666666665,-0.00047171343502106584,1.9301487129790473,-0.0004996657371520996,5.927009029225168,1.9301487129790473,0.31333333333333324,0.12999999999999998,oof_fold_4,1.0,0.0,0.0,0.0,0.0,0.0,0.0,0.0,0.0,1.0,0.0,0.0,0.0,0.0,0.0,0.0,0.0,1.0,0.0,0.0,0.0,0.0,0.0,0.0,0.0,1.0,0.0,0.0,0.0,0.0,0.0,0.0,0.0,haze4k_train_oof,46e0dec842296df74c77ce82de1071e20bb783ff31280028db4488602a1ec1b2
3,0.7551999999999998,-0.0006958857528477297,1.3689293037718286,-0.006539821624755859,6.29003619312568,1.3689293037718286,0.09439999999999997,0.15039999999999995,oof_fold_3,1.0,0.0,0.0,0.0,0.0,0.0,0.0,0.0,0.0,1.0,0.0,0.0,0.0,0.0,0.0,0.0,0.0,1.0,0.0,0.0,0.0,0.0,0.0,0.0,0.0,1.0,0.0,0.0,0.0,0.0,0.0,0.0,0.0,haze4k_train_oof,47b1617f15286dd6ad335526cce559449db6eb8fa2b5385c0db83c2cd1b0debe
4,0.8831999999999997,0.00032379794717611165,0.561448774354389,-0.0008636713027954102,4.75595382113822,0.561448774354389,0.03519999999999999,0.08159999999999996,oof_fold_4,1.0,0.0,0.0,0.0,0.0,0.0,0.0,0.0,0.0,1.0,0.0,0.0,0.0,0.0,0.0,0.0,0.0,1.0,0.0,0.0,0.0,0.0,0.0,0.0,0.0,1.0,0.0,0.0,0.0,0.0,0.0,0.0,0.0,haze4k_train_oof,48ebc87fb77eeb80737bf90f5e0b74e6af7eb5184301b3ecafe79bb2bb9c8288
1,0.8383999999999998,-0.002389622530802929,1.2610964036391152,-0.0017178654670715332,5.689215876736313,1.2610964036391152,0.03839999999999999,0.12319999999999995,oof_fold_1,1.0,0.0,0.0,0.0,0.0,0.0,0.0,0.0,0.0,1.0,0.0,0.0,0.0,0.0,0.0,0.0,0.0,1.0,0.0,0.0,0.0,0.0,0.0,0.0,0.0,1.0,0.0,0.0,0.0,0.0,0.0,0.0,0.0,haze4k_train_oof,493026245aebe21f963b9f49955f7ac979682dc58cda8a9dffc71b4546321282
1,0.6223999999999998,0.0007219886759043828,2.2835107742256753,-0.012514829635620117,8.148073212250207,2.2835107742256753,0.16959999999999995,0.20799999999999993,oof_fold_1,1.0,0.0,0.0,0.0,0.0,0.0,0.0,0.0,0.0,1.0,0.0,0.0,0.0,0.0,0.0,0.0,0.0,1.0,0.0,0.0,0.0,0.0,0.0,0.0,0.0,1.0,0.0,0.0,0.0,0.0,0.0,0.0,0.0,haze4k_train_oof,49a0daba0f198db64c31e46433ef1be1d48da7d79dee6852ed5758d5867e00d1
1,0.9266666666666665,-0.00013771978719281214,0.23719860817320182,-5.6684017181396484e-05,4.550520607303021,0.23719860817320182,0.04999999999999999,0.02333333333333333,oof_fold_1,1.0,0.0,0.0,0.0,0.0,0.0,0.0,0.0,0.0,1.0,0.0,0.0,0.0,0.0,0.0,0.0,0.0,1.0,0.0,0.0,0.0,0.0,0.0,0.0,0.0,1.0,0.0,0.0,0.0,0.0,0.0,0.0,0.0,haze4k_train_oof,49e16f4558e14a8958f01994caf3e75f878807266c979a29705c4e9c143536ed
2,0.39039999999999986,-0.013805574425620335,4.825104781440899,-0.00011521577835083008,6.218425026264061,4.825104781440899,0.5055999999999998,0.10399999999999997,oof_fold_2,1.0,0.0,0.0,0.0,0.0,0.0,0.0,0.0,0.0,1.0,0.0,0.0,0.0,0.0,0.0,0.0,0.0,1.0,0.0,0.0,0.0,0.0,0.0,0.0,0.0,1.0,0.0,0.0,0.0,0.0,0.0,0.0,0.0,haze4k_train_oof,49ee501d0c5d43957648a0a795a8d69f78fe4be0d372f955ecceb3b118b7e3b6
2,0.8127999999999999,-0.0015790939019604895,0.843827189956599,-0.004700720310211182,5.938545092434207,0.843827189956599,0.041599999999999984,0.14559999999999995,oof_fold_2,1.0,0.0,0.0,0.0,0.0,0.0,0.0,0.0,0.0,1.0,0.0,0.0,0.0,0.0,0.0,0.0,0.0,1.0,0.0,0.0,0.0,0.0,0.0,0.0,0.0,1.0,0.0,0.0,0.0,0.0,0.0,0.0,0.0,haze4k_train_oof,4a1271ee576cecc3ec53f282449c4246db06bbc20d5835ded804ecabde755b82
0,0.2239999999999999,-0.0013595673772351193,2.5563815905950804,-0.0011265277862548828,3.7853842700290983,2.5563815905950804,0.5679999999999998,0.20799999999999993,oof_fold_0,1.0,0.0,0.0,0.0,0.0,0.0,0.0,0.0,0.0,1.0,0.0,0.0,0.0,0.0,0.0,0.0,0.0,1.0,0.0,0.0,0.0,0.0,0.0,0.0,0.0,1.0,0.0,0.0,0.0,0.0,0.0,0.0,0.0,haze4k_train_oof,4a80cd9b7810c4b63099061c924d4be0874a0da9536e5b962c2a06beb6ed62ab
2,0.9099999999999998,-0.0009282505294979479,1.3175033493247383,-0.0039001107215881348,5.5854796588251645,1.3175033493247383,0.04999999999999999,0.039999999999999994,oof_fold_2,1.0,0.0,0.0,0.0,0.0,0.0,0.0,0.0,0.0,1.0,0.0,0.0,0.0,0.0,0.0,0.0,0.0,1.0,0.0,0.0,0.0,0.0,0.0,0.0,0.0,1.0,0.0,0.0,0.0,0.0,0.0,0.0,0.0,haze4k_train_oof,4accb1594114cd0724da8907066f655a2771d7d6e4fdd99729fd4f9f88998d9f
4,0.6815999999999998,-0.008477628743649499,1.9829950776170762,0.0005205869674682617,4.062328093821748,1.9829950776170762,0.31199999999999994,0.006399999999999998,oof_fold_4,1.0,0.0,0.0,0.0,0.0,0.0,0.0,0.0,0.0,1.0,0.0,0.0,0.0,0.0,0.0,0.0,0.0,1.0,0.0,0.0,0.0,0.0,0.0,0.0,0.0,1.0,0.0,0.0,0.0,0.0,0.0,0.0,0.0,haze4k_train_oof,4b23fdf174c5f318e0ed32e696cb2d7e0c50080892a335d29fb3102790285bd5
1,0.6966666666666665,-0.0013799146765699206,1.3267283455661598,-0.0002067089080810547,6.120607498440087,1.3267283455661598,0.04666666666666666,0.2566666666666666,oof_fold_1,1.0,0.0,0.0,0.0,0.0,0.0,0.0,0.0,0.0,1.0,0.0,0.0,0.0,0.0,0.0,0.0,0.0,1.0,0.0,0.0,0.0,0.0,0.0,0.0,0.0,1.0,0.0,0.0,0.0,0.0,0.0,0.0,0.0,haze4k_train_oof,4b6713442dc366af2b16f3b24af9190b41fe44f680fbd16d9e6d28a7ae2eb616
0,0.6866666666666666,-0.0007769867163924322,0.6605575199409799,2.3126602172851562e-05,2.822332602578257,0.6605575199409799,0.09333333333333331,0.21999999999999995,oof_fold_0,1.0,0.0,0.0,0.0,0.0,0.0,0.0,0.0,0.0,1.0,0.0,0.0,0.0,0.0,0.0,0.0,0.0,1.0,0.0,0.0,0.0,0.0,0.0,0.0,0.0,1.0,0.0,0.0,0.0,0.0,0.0,0.0,0.0,haze4k_train_oof,4c6a769034237efcd481bf6b1d2ed18b1a71634cf1863087c2072865b45fdfca
4,0.8966666666666665,-0.0003894445351236046,0.5264419999659324,-0.0001499652862548828,4.888252533661799,0.5264419999659324,0.06333333333333331,0.039999999999999994,oof_fold_4,1.0,0.0,0.0,0.0,0.0,0.0,0.0,0.0,0.0,1.0,0.0,0.0,0.0,0.0,0.0,0.0,0.0,1.0,0.0,0.0,0.0,0.0,0.0,0.0,0.0,1.0,0.0,0.0,0.0,0.0,0.0,0.0,0.0,haze4k_train_oof,4cce2d2c0b9aa2a275e6b701d54a63e98227fe103945a14ce0d515e9884b22fd
4,0.8255999999999999,-0.0025886425719596445,1.534795115916772,-0.0022786855697631836,6.21697102188746,1.534795115916772,0.16479999999999992,0.009599999999999997,oof_fold_4,1.0,0.0,0.0,0.0,0.0,0.0,0.0,0.0,0.0,1.0,0.0,0.0,0.0,0.0,0.0,0.0,0.0,1.0,0.0,0.0,0.0,0.0,0.0,0.0,0.0,1.0,0.0,0.0,0.0,0.0,0.0,0.0,0.0,haze4k_train_oof,4d6939de46bf1f7a07d678bf2663ada5c8b5e5042e2740e7f10ab290daa8663a
2,0.5247999999999998,-0.0029986353371369984,0.9539278787126264,-0.00288999080657959,2.744928322079673,0.9539278787126264,0.33919999999999983,0.13599999999999995,oof_fold_2,1.0,0.0,0.0,0.0,0.0,0.0,0.0,0.0,0.0,1.0,0.0,0.0,0.0,0.0,0.0,0.0,0.0,1.0,0.0,0.0,0.0,0.0,0.0,0.0,0.0,1.0,0.0,0.0,0.0,0.0,0.0,0.0,0.0,haze4k_train_oof,4d81c0737779e521fcee9bf5ee6465726cb356aeb10085cc1b7d4d0e337135ca
2,0.6233333333333332,-0.002545974025607747,2.7883877383632765,-0.0010941028594970703,7.515987728188598,2.7883877383632765,0.3166666666666666,0.059999999999999984,oof_fold_2,1.0,0.0,0.0,0.0,0.0,0.0,0.0,0.0,0.0,1.0,0.0,0.0,0.0,0.0,0.0,0.0,0.0,1.0,0.0,0.0,0.0,0.0,0.0,0.0,0.0,1.0,0.0,0.0,0.0,0.0,0.0,0.0,0.0,haze4k_train_oof,4dc7a399ec5a052526fb1024f7e234c76f46731be82eb7fd5799a7c5ef68ef61
2,0.9966666666666666,-3.709300920794092e-05,0.02013808194436706,-1.0311603546142578e-05,0.46935689394106106,0.02013808194436706,0.0033333333333333327,0.0,oof_fold_2,1.0,0.0,0.0,0.0,0.0,0.0,0.0,0.0,0.0,1.0,0.0,0.0,0.0,0.0,0.0,0.0,0.0,1.0,0.0,0.0,0.0,0.0,0.0,0.0,0.0,1.0,0.0,0.0,0.0,0.0,0.0,0.0,0.0,haze4k_train_oof,4e126a5de0cc0d50fb0bd8ce1c36015f915fba2e20487a6ab456e6c6da844094
1,0.8266666666666664,-0.007855167615988548,2.67764959531371,-0.012347638607025146,5.024755739067832,2.67764959531371,0.1733333333333333,0.0,oof_fold_1,1.0,0.0,0.0,0.0,0.0,0.0,0.0,0.0,0.0,1.0,0.0,0.0,0.0,0.0,0.0,0.0,0.0,1.0,0.0,0.0,0.0,0.0,0.0,0.0,0.0,1.0,0.0,0.0,0.0,0.0,0.0,0.0,0.0,haze4k_train_oof,4e3ab41a825a5898f99ca7a1cf745d7a0e05a4d076ccb1f432f3189147a687f6
2,0.7919999999999998,-0.004352335889880973,1.5141114781033522,-0.0025233030319213867,4.996962787625261,1.5141114781033522,0.10879999999999997,0.09919999999999995,oof_fold_2,1.0,0.0,0.0,0.0,0.0,0.0,0.0,0.0,0.0,1.0,0.0,0.0,0.0,0.0,0.0,0.0,0.0,1.0,0.0,0.0,0.0,0.0,0.0,0.0,0.0,1.0,0.0,0.0,0.0,0.0,0.0,0.0,0.0,haze4k_train_oof,4e41e8b7bb634f1acf69fba73c6531e2337b6bdbd98cd5460a1d139ac6db2072
3,0.32799999999999985,-0.010166781536893299,4.38346132670609,-0.004010975360870361,5.331348045085733,4.38346132670609,0.5855999999999999,0.08639999999999996,oof_fold_3,1.0,0.0,0.0,0.0,0.0,0.0,0.0,0.0,0.0,1.0,0.0,0.0,0.0,0.0,0.0,0.0,0.0,1.0,0.0,0.0,0.0,0.0,0.0,0.0,0.0,1.0,0.0,0.0,0.0,0.0,0.0,0.0,0.0,haze4k_train_oof,4e43a41b0a8a9909629d63fdb46d020a778d6d763fb50cc4b59dca746cff3968
1,0.8966666666666665,-0.0003389520015578758,1.3025859984763528,-0.002673029899597168,4.984410632856786,1.3025859984763528,0.05666666666666666,0.04666666666666666,oof_fold_1,1.0,0.0,0.0,0.0,0.0,0.0,0.0,0.0,0.0,1.0,0.0,0.0,0.0,0.0,0.0,0.0,0.0,1.0,0.0,0.0,0.0,0.0,0.0,0.0,0.0,1.0,0.0,0.0,0.0,0.0,0.0,0.0,0.0,haze4k_train_oof,4ef1d171649e8ffcfa458e74476563e69ed009e5eb5e2e093af3446c9b33ddf6
4,0.9567999999999998,-0.0014335991030811177,0.580275326709355,-0.002597033977508545,2.8021692502474096,0.580275326709355,0.043199999999999975,0.0,oof_fold_4,1.0,0.0,0.0,0.0,0.0,0.0,0.0,0.0,0.0,1.0,0.0,0.0,0.0,0.0,0.0,0.0,0.0,1.0,0.0,0.0,0.0,0.0,0.0,0.0,0.0,1.0,0.0,0.0,0.0,0.0,0.0,0.0,0.0,haze4k_train_oof,4f5baa217ab096ae7db2ceee1c6ab359b304c2adc3577776459846f2035ac20b
3,0.8333333333333331,-9.077668764803106e-06,0.2976703811543686,-5.453824996948242e-05,3.016853789440951,0.2976703811543686,0.02333333333333333,0.14333333333333328,oof_fold_3,1.0,0.0,0.0,0.0,0.0,0.0,0.0,0.0,0.0,1.0,0.0,0.0,0.0,0.0,0.0,0.0,0.0,1.0,0.0,0.0,0.0,0.0,0.0,0.0,0.0,1.0,0.0,0.0,0.0,0.0,0.0,0.0,0.0,haze4k_train_oof,4f66b600facb88c6ed4a605468d995d2800d88aff409fd83a7665dab474dd2b7
0,0.5567999999999999,-0.0014623681251037242,1.4774570173257473,-0.0001550912857055664,4.412804540716223,1.4774570173257473,0.07519999999999998,0.3679999999999999,oof_fold_0,1.0,0.0,0.0,0.0,0.0,0.0,0.0,0.0,0.0,1.0,0.0,0.0,0.0,0.0,0.0,0.0,0.0,1.0,0.0,0.0,0.0,0.0,0.0,0.0,0.0,1.0,0.0,0.0,0.0,0.0,0.0,0.0,0.0,haze4k_train_oof,4f6f14819999fff8316f4a4f9c9adeccd35f9d9824822d33341b916ed72d7400
4,0.8911999999999999,-0.0002833638153446373,0.6497663714179112,-0.0004298686981201172,3.6163189284347794,0.6497663714179112,0.08319999999999995,0.025599999999999994,oof_fold_4,1.0,0.0,0.0,0.0,0.0,0.0,0.0,0.0,0.0,1.0,0.0,0.0,0.0,0.0,0.0,0.0,0.0,1.0,0.0,0.0,0.0,0.0,0.0,0.0,0.0,1.0,0.0,0.0,0.0,0.0,0.0,0.0,0.0,haze4k_train_oof,4feea785f6d2db2b8703788656eb6838c7da00a573dd33d579b3c9b2b1330159
2,0.6999999999999998,-0.0003583764046826824,0.37436050586256897,-0.0005159974098205566,9.576105401907341,0.37436050586256897,0.1666666666666666,0.1333333333333333,oof_fold_2,1.0,0.0,0.0,0.0,0.0,0.0,0.0,0.0,0.0,1.0,0.0,0.0,0.0,0.0,0.0,0.0,0.0,1.0,0.0,0.0,0.0,0.0,0.0,0.0,0.0,1.0,0.0,0.0,0.0,0.0,0.0,0.0,0.0,haze4k_train_oof,5029e9f7a89cfa7662e2446347becc107c471f00562c320c64bfe2f07c8bd231
1,0.8699999999999999,-0.0001755208692188466,0.5610064276550943,-0.00020575523376464844,5.043558866454319,0.5610064276550943,0.11666666666666663,0.01333333333333333,oof_fold_1,1.0,0.0,0.0,0.0,0.0,0.0,0.0,0.0,0.0,1.0,0.0,0.0,0.0,0.0,0.0,0.0,0.0,1.0,0.0,0.0,0.0,0.0,0.0,0.0,0.0,1.0,0.0,0.0,0.0,0.0,0.0,0.0,0.0,haze4k_train_oof,50a75e0d45cb36427196ba6110163c57df135cb4a2912720354926ce07c5ff5d
4,0.7567999999999998,-0.004731420026102567,1.8753610897883917,-0.003231227397918701,5.683830551748798,1.8753610897883917,0.23039999999999988,0.012799999999999995,oof_fold_4,1.0,0.0,0.0,0.0,0.0,0.0,0.0,0.0,0.0,1.0,0.0,0.0,0.0,0.0,0.0,0.0,0.0,1.0,0.0,0.0,0.0,0.0,0.0,0.0,0.0,1.0,0.0,0.0,0.0,0.0,0.0,0.0,0.0,haze4k_train_oof,50c7a1890d042eddb1d3164abd637f58ac4bd6445dc04edc21e4bc8864a611fb
2,0.8463999999999998,-0.00185067430079871,2.4745014664245204,-0.0001576542854309082,6.860234600527754,2.4745014664245204,0.03199999999999999,0.12159999999999996,oof_fold_2,1.0,0.0,0.0,0.0,0.0,0.0,0.0,0.0,0.0,1.0,0.0,0.0,0.0,0.0,0.0,0.0,0.0,1.0,0.0,0.0,0.0,0.0,0.0,0.0,0.0,1.0,0.0,0.0,0.0,0.0,0.0,0.0,0.0,haze4k_train_oof,51ae9b406bed57c9b426a31ca33c0d7701290e712b94201a12ce9d93baca21e9
2,0.4033333333333332,-8.385319246754206e-05,1.5130176306514684,-0.00023704767227172852,5.26935862933977,1.5130176306514684,0.2966666666666666,0.3,oof_fold_2,1.0,0.0,0.0,0.0,0.0,0.0,0.0,0.0,0.0,1.0,0.0,0.0,0.0,0.0,0.0,0.0,0.0,1.0,0.0,0.0,0.0,0.0,0.0,0.0,0.0,1.0,0.0,0.0,0.0,0.0,0.0,0.0,0.0,haze4k_train_oof,51f547879a601d6d0e2a2d66ec3b5f9958e1fc4ed8298a96061d4eaa219a138f
4,0.6066666666666666,-0.0015163122787716348,1.7451636925804976,-0.0025174617767333984,5.305478687785694,1.7451636925804976,0.11666666666666664,0.2766666666666666,oof_fold_4,1.0,0.0,0.0,0.0,0.0,0.0,0.0,0.0,0.0,1.0,0.0,0.0,0.0,0.0,0.0,0.0,0.0,1.0,0.0,0.0,0.0,0.0,0.0,0.0,0.0,1.0,0.0,0.0,0.0,0.0,0.0,0.0,0.0,haze4k_train_oof,5228083f159b2143596305986633d0e05b9c3e8bafe6f7a3b72534ccb40137f6
2,0.8666666666666665,-0.0005002020879227428,0.6748128357721583,-0.0012331008911132812,3.0639252060596007,0.6748128357721583,0.06333333333333332,0.06999999999999999,oof_fold_2,1.0,0.0,0.0,0.0,0.0,0.0,0.0,0.0,0.0,1.0,0.0,0.0,0.0,0.0,0.0,0.0,0.0,1.0,0.0,0.0,0.0,0.0,0.0,0.0,0.0,1.0,0.0,0.0,0.0,0.0,0.0,0.0,0.0,haze4k_train_oof,52327328cc0c9b8b8d025ee80df237f07a2d5491a0cfbd8ef82aab9a1976bbfe
2,0.2367999999999999,0.00039754017157635343,2.795406852208849,-0.00010597705841064453,4.2567648989255815,2.795406852208849,0.5311999999999999,0.2319999999999999,oof_fold_2,1.0,0.0,0.0,0.0,0.0,0.0,0.0,0.0,0.0,1.0,0.0,0.0,0.0,0.0,0.0,0.0,0.0,1.0,0.0,0.0,0.0,0.0,0.0,0.0,0.0,1.0,0.0,0.0,0.0,0.0,0.0,0.0,0.0,haze4k_train_oof,52bf090289e3d31ec51603f785e61c9d2f8d7a7b7c3f046b0ef4bb9be3bc193a
2,0.8633333333333333,-0.00027819032229632265,0.5181044082432464,-0.0003908872604370117,3.0929323099336443,0.5181044082432464,0.09999999999999998,0.03666666666666666,oof_fold_2,1.0,0.0,0.0,0.0,0.0,0.0,0.0,0.0,0.0,1.0,0.0,0.0,0.0,0.0,0.0,0.0,0.0,1.0,0.0,0.0,0.0,0.0,0.0,0.0,0.0,1.0,0.0,0.0,0.0,0.0,0.0,0.0,0.0,haze4k_train_oof,531d07e25bf5fe2ffb9ca49d25bf7794c3fcbc69b2507127679ca8e6c88ea43c
4,0.6175999999999999,-0.002664295408292674,1.6697872875884485,-0.00027942657470703125,4.040196296193237,1.6697872875884485,0.3503999999999998,0.03199999999999999,oof_fold_4,1.0,0.0,0.0,0.0,0.0,0.0,0.0,0.0,0.0,1.0,0.0,0.0,0.0,0.0,0.0,0.0,0.0,1.0,0.0,0.0,0.0,0.0,0.0,0.0,0.0,1.0,0.0,0.0,0.0,0.0,0.0,0.0,0.0,haze4k_train_oof,5383c4da25181de9478469577f155f617593fa780c13ff9a6857b7ad6d159c0e
3,0.5855999999999999,-0.0027888837929582223,3.5662832271840585,-0.009977459907531738,8.643107050640428,3.5662832271840585,0.17759999999999992,0.2367999999999999,oof_fold_3,1.0,0.0,0.0,0.0,0.0,0.0,0.0,0.0,0.0,1.0,0.0,0.0,0.0,0.0,0.0,0.0,0.0,1.0,0.0,0.0,0.0,0.0,0.0,0.0,0.0,1.0,0.0,0.0,0.0,0.0,0.0,0.0,0.0,haze4k_train_oof,53bc77eb29e6a03dd9d4288cd922346af22ddf9be3a52e2af1acb8ad88bdb1c9
2,0.8466666666666665,-0.0001696054372654352,0.4206256701308959,-0.00026726722717285156,4.930301716634119,0.4206256701308959,0.08666666666666663,0.06666666666666665,oof_fold_2,1.0,0.0,0.0,0.0,0.0,0.0,0.0,0.0,0.0,1.0,0.0,0.0,0.0,0.0,0.0,0.0,0.0,1.0,0.0,0.0,0.0,0.0,0.0,0.0,0.0,1.0,0.0,0.0,0.0,0.0,0.0,0.0,0.0,haze4k_train_oof,53e43ce1504c88816042c9b451a7bfd20ce35b14998165861a184b0676cad9ac
4,0.7183999999999997,-0.004574208787611375,1.3025226187645202,-0.0068168044090271,3.2504903510346637,1.3025226187645202,0.2079999999999999,0.07359999999999997,oof_fold_4,1.0,0.0,0.0,0.0,0.0,0.0,0.0,0.0,0.0,1.0,0.0,0.0,0.0,0.0,0.0,0.0,0.0,1.0,0.0,0.0,0.0,0.0,0.0,0.0,0.0,1.0,0.0,0.0,0.0,0.0,0.0,0.0,0.0,haze4k_train_oof,546c863270049e1fb63954fad16081553fc75186582afea1ad75cbdb3794ab9a
2,0.7066666666666666,-0.001616638246074823,1.176717855409592,-0.0010582208633422852,5.309775330898489,1.176717855409592,0.16999999999999998,0.12333333333333331,oof_fold_2,1.0,0.0,0.0,0.0,0.0,0.0,0.0,0.0,0.0,1.0,0.0,0.0,0.0,0.0,0.0,0.0,0.0,1.0,0.0,0.0,0.0,0.0,0.0,0.0,0.0,1.0,0.0,0.0,0.0,0.0,0.0,0.0,0.0,haze4k_train_oof,54ab08d208da44042205ddc0cedc24ec265e73d339861e323f1a3de28cce2ae1
4,0.5823999999999998,-0.0009722984069027005,0.7323273464848583,-0.0008188486099243164,2.8957363429761784,0.7323273464848583,0.2543999999999999,0.16319999999999993,oof_fold_4,1.0,0.0,0.0,0.0,0.0,0.0,0.0,0.0,0.0,1.0,0.0,0.0,0.0,0.0,0.0,0.0,0.0,1.0,0.0,0.0,0.0,0.0,0.0,0.0,0.0,1.0,0.0,0.0,0.0,0.0,0.0,0.0,0.0,haze4k_train_oof,562f73418fcb1c082b92d2e033a0befa576ca0962bdf568800c56afb6bf28f08
0,0.7871999999999998,-0.0002643849777145069,2.021454196227033,-0.0025442838668823242,9.650799434041861,2.021454196227033,0.12799999999999992,0.08479999999999996,oof_fold_0,1.0,0.0,0.0,0.0,0.0,0.0,0.0,0.0,0.0,1.0,0.0,0.0,0.0,0.0,0.0,0.0,0.0,1.0,0.0,0.0,0.0,0.0,0.0,0.0,0.0,1.0,0.0,0.0,0.0,0.0,0.0,0.0,0.0,haze4k_train_oof,569e701859aa8c694ed932e69ff437301a50911edfd8eb4e3bf5bbab0af4f200
3,0.17919999999999994,-0.0016041938064270656,5.194726744313769,0.0002123117446899414,3.569432507584345,5.194726744313769,0.7999999999999997,0.020799999999999992,oof_fold_3,1.0,0.0,0.0,0.0,0.0,0.0,0.0,0.0,0.0,1.0,0.0,0.0,0.0,0.0,0.0,0.0,0.0,1.0,0.0,0.0,0.0,0.0,0.0,0.0,0.0,1.0,0.0,0.0,0.0,0.0,0.0,0.0,0.0,haze4k_train_oof,572848e2d0491e6b2e84c981bd36990209d3298838fa7ae481ac4a215affcbfd
0,0.9066666666666665,-0.0020483748887975,0.36682972914244516,-0.004330098628997803,3.321853400167157,0.36682972914244516,0.07999999999999999,0.01333333333333333,oof_fold_0,1.0,0.0,0.0,0.0,0.0,0.0,0.0,0.0,0.0,1.0,0.0,0.0,0.0,0.0,0.0,0.0,0.0,1.0,0.0,0.0,0.0,0.0,0.0,0.0,0.0,1.0,0.0,0.0,0.0,0.0,0.0,0.0,0.0,haze4k_train_oof,57354deff07163027b8c2c2f8aa748b0e86d3a44ab26e50119bfba79b440093e
0,0.8111999999999998,-0.0012309451728916127,1.5547917462565621,-9.351968765258789e-05,4.69515242397749,1.5547917462565621,0.13759999999999994,0.05119999999999998,oof_fold_0,1.0,0.0,0.0,0.0,0.0,0.0,0.0,0.0,0.0,1.0,0.0,0.0,0.0,0.0,0.0,0.0,0.0,1.0,0.0,0.0,0.0,0.0,0.0,0.0,0.0,1.0,0.0,0.0,0.0,0.0,0.0,0.0,0.0,haze4k_train_oof,577e05fdcae490267bf2a74ed80854e363c95e439de045d7a13d0fbdc130b6e6
4,0.8599999999999999,-0.0018437766646181649,1.144182263575182,-0.002709686756134033,4.412781003971155,1.144182263575182,0.06999999999999999,0.06999999999999998,oof_fold_4,1.0,0.0,0.0,0.0,0.0,0.0,0.0,0.0,0.0,1.0,0.0,0.0,0.0,0.0,0.0,0.0,0.0,1.0,0.0,0.0,0.0,0.0,0.0,0.0,0.0,1.0,0.0,0.0,0.0,0.0,0.0,0.0,0.0,haze4k_train_oof,57f2a4d0575a91a452deb73480126f36cfbee2a4b8bc103575e4c242f5fd04fb
0,0.6199999999999999,-0.0005365190460432561,2.091790420494732,-0.0005643367767333984,4.5129713766560045,2.091790420494732,0.21666666666666662,0.1633333333333333,oof_fold_0,1.0,0.0,0.0,0.0,0.0,0.0,0.0,0.0,0.0,1.0,0.0,0.0,0.0,0.0,0.0,0.0,0.0,1.0,0.0,0.0,0.0,0.0,0.0,0.0,0.0,1.0,0.0,0.0,0.0,0.0,0.0,0.0,0.0,haze4k_train_oof,58b0b1dc447fac2a8d76fef76d788c930bacdd059fc91ba27c5d74cf80a87ffc
1,0.7066666666666666,-0.002050781343962171,1.3541871319972216,-0.0021614432334899902,4.9971923454695215,1.3541871319972216,0.21333333333333326,0.07999999999999997,oof_fold_1,1.0,0.0,0.0,0.0,0.0,0.0,0.0,0.0,0.0,1.0,0.0,0.0,0.0,0.0,0.0,0.0,0.0,1.0,0.0,0.0,0.0,0.0,0.0,0.0,0.0,1.0,0.0,0.0,0.0,0.0,0.0,0.0,0.0,haze4k_train_oof,591998cf5c6fe60b5ac27c3930cbced975609cc5a96d576a2dd0e599dac99fc6
2,0.7366666666666667,-0.002809784913977641,1.6649255719370117,-0.0012397170066833496,3.8361820202139043,1.6649255719370117,0.23333333333333328,0.029999999999999995,oof_fold_2,1.0,0.0,0.0,0.0,0.0,0.0,0.0,0.0,0.0,1.0,0.0,0.0,0.0,0.0,0.0,0.0,0.0,1.0,0.0,0.0,0.0,0.0,0.0,0.0,0.0,1.0,0.0,0.0,0.0,0.0,0.0,0.0,0.0,haze4k_train_oof,598b05801bbff081ca58ad01da60d0332b96c2d5cf246d142a5970f387d26267
4,0.8031999999999998,-0.002295471972584104,1.9850438119064222,-0.003960013389587402,6.3787954386904175,1.9850438119064222,0.13439999999999996,0.06239999999999997,oof_fold_4,1.0,0.0,0.0,0.0,0.0,0.0,0.0,0.0,0.0,1.0,0.0,0.0,0.0,0.0,0.0,0.0,0.0,1.0,0.0,0.0,0.0,0.0,0.0,0.0,0.0,1.0,0.0,0.0,0.0,0.0,0.0,0.0,0.0,haze4k_train_oof,5a51a209fd1ee956044b9db987ff9c08ae57565fa6bb9c41d40a854212373ed1
2,0.7466666666666667,-0.00034683835637249806,0.9447004351200619,-0.0005866885185241699,5.046256289059116,0.9447004351200619,0.1466666666666666,0.10666666666666663,oof_fold_2,1.0,0.0,0.0,0.0,0.0,0.0,0.0,0.0,0.0,1.0,0.0,0.0,0.0,0.0,0.0,0.0,0.0,1.0,0.0,0.0,0.0,0.0,0.0,0.0,0.0,1.0,0.0,0.0,0.0,0.0,0.0,0.0,0.0,haze4k_train_oof,5b093bbbb65bf206bb97ae3e6df9776eaf34b5a4017afa4b6d23e8082af3a4c7
0,0.8223999999999999,0.0013311138787908323,0.890484949968716,-0.0027410387992858887,5.5152486017934095,0.890484949968716,0.04639999999999998,0.13119999999999996,oof_fold_0,1.0,0.0,0.0,0.0,0.0,0.0,0.0,0.0,0.0,1.0,0.0,0.0,0.0,0.0,0.0,0.0,0.0,1.0,0.0,0.0,0.0,0.0,0.0,0.0,0.0,1.0,0.0,0.0,0.0,0.0,0.0,0.0,0.0,haze4k_train_oof,5db565cdc75904e3e94aa472d24afeb852fde64250584ee94abcdfeb20ab988f
2,0.7133333333333333,-0.0012261423005586242,1.1606850294604172,-0.0008658766746520996,5.481495098407606,1.1606850294604172,0.2133333333333333,0.07333333333333332,oof_fold_2,1.0,0.0,0.0,0.0,0.0,0.0,0.0,0.0,0.0,1.0,0.0,0.0,0.0,0.0,0.0,0.0,0.0,1.0,0.0,0.0,0.0,0.0,0.0,0.0,0.0,1.0,0.0,0.0,0.0,0.0,0.0,0.0,0.0,haze4k_train_oof,5f04e28fd1af155ff1ee0465d88aa903476adf8fff621837ad9da981f7ee34cc
0,0.31039999999999984,-0.009646553511659536,4.484537838472399,5.882978439331055e-05,5.3082310536579165,4.484537838472399,0.6095999999999999,0.07999999999999997,oof_fold_0,1.0,0.0,0.0,0.0,0.0,0.0,0.0,0.0,0.0,1.0,0.0,0.0,0.0,0.0,0.0,0.0,0.0,1.0,0.0,0.0,0.0,0.0,0.0,0.0,0.0,1.0,0.0,0.0,0.0,0.0,0.0,0.0,0.0,haze4k_train_oof,5f460bd8367781bb34b5189fd681818c8b1b49a1433851366b3b990c8017f603
3,0.8863999999999996,0.0013103205794429717,1.2197423529910267,-0.001076042652130127,4.895280192561991,1.2197423529910267,0.011199999999999996,0.10239999999999996,oof_fold_3,1.0,0.0,0.0,0.0,0.0,0.0,0.0,0.0,0.0,1.0,0.0,0.0,0.0,0.0,0.0,0.0,0.0,1.0,0.0,0.0,0.0,0.0,0.0,0.0,0.0,1.0,0.0,0.0,0.0,0.0,0.0,0.0,0.0,haze4k_train_oof,602d55cc1d86785f48640db75884b0fd9072c76195760937786f6c55daed740e
1,0.9199999999999998,1.8596087770548597e-05,0.18710392268618392,-0.00027316808700561523,4.292036153923817,0.18710392268618392,0.06666666666666665,0.01333333333333333,oof_fold_1,1.0,0.0,0.0,0.0,0.0,0.0,0.0,0.0,0.0,1.0,0.0,0.0,0.0,0.0,0.0,0.0,0.0,1.0,0.0,0.0,0.0,0.0,0.0,0.0,0.0,1.0,0.0,0.0,0.0,0.0,0.0,0.0,0.0,haze4k_train_oof,605f2c4906d33002548b08e4961df6c98f7d47ff662766ad37b22f239e8c8786
2,0.37439999999999984,-0.00873908818505782,2.905862740766075,-0.002170085906982422,2.9421087422140744,2.905862740766075,0.6255999999999998,0.0,oof_fold_2,1.0,0.0,0.0,0.0,0.0,0.0,0.0,0.0,0.0,1.0,0.0,0.0,0.0,0.0,0.0,0.0,0.0,1.0,0.0,0.0,0.0,0.0,0.0,0.0,0.0,1.0,0.0,0.0,0.0,0.0,0.0,0.0,0.0,haze4k_train_oof,6067e8d6dd7ca4448ad6fa927b1aed2a7dc4cb62fd8a4e0603238899c37d978f
0,0.7266666666666666,4.63332566747951e-06,1.5467566322176864,-0.0006369948387145996,9.63669975853307,1.5467566322176864,0.14333333333333328,0.12999999999999998,oof_fold_0,1.0,0.0,0.0,0.0,0.0,0.0,0.0,0.0,0.0,1.0,0.0,0.0,0.0,0.0,0.0,0.0,0.0,1.0,0.0,0.0,0.0,0.0,0.0,0.0,0.0,1.0,0.0,0.0,0.0,0.0,0.0,0.0,0.0,haze4k_train_oof,60932dc9acc1198e0ce640b18b8e1bda5151d372d2798445650b3e6bfbc4b499
4,0.7599999999999999,-0.0002119353263191849,0.5143270521766539,-0.00012797117233276367,4.31488364851046,0.5143270521766539,0.20999999999999996,0.029999999999999995,oof_fold_4,1.0,0.0,0.0,0.0,0.0,0.0,0.0,0.0,0.0,1.0,0.0,0.0,0.0,0.0,0.0,0.0,0.0,1.0,0.0,0.0,0.0,0.0,0.0,0.0,0.0,1.0,0.0,0.0,0.0,0.0,0.0,0.0,0.0,haze4k_train_oof,61ceb4901e3dcd14742bef9822b14a94792a90858075e1bf784364fd58c93f87
1,0.8351999999999998,-0.0002403854316061674,0.9234723602607531,-0.0008234381675720215,6.318237052036544,0.9234723602607531,0.044799999999999986,0.11999999999999997,oof_fold_1,1.0,0.0,0.0,0.0,0.0,0.0,0.0,0.0,0.0,1.0,0.0,0.0,0.0,0.0,0.0,0.0,0.0,1.0,0.0,0.0,0.0,0.0,0.0,0.0,0.0,1.0,0.0,0.0,0.0,0.0,0.0,0.0,0.0,haze4k_train_oof,61e21773747898ccf99b51edbecf7c5e444bb53d22cee71b26ec38a659ed2878
0,0.8833333333333331,-0.0004010282505962772,0.696919956434769,0.0003033280372619629,6.547647054199338,0.696919956434769,0.02666666666666666,0.08999999999999998,oof_fold_0,1.0,0.0,0.0,0.0,0.0,0.0,0.0,0.0,0.0,1.0,0.0,0.0,0.0,0.0,0.0,0.0,0.0,1.0,0.0,0.0,0.0,0.0,0.0,0.0,0.0,1.0,0.0,0.0,0.0,0.0,0.0,0.0,0.0,haze4k_train_oof,620485df1402d8457b4232ab1ba0db79404f8aa7c24a08fae84c92f6e36e29ec
1,0.5666666666666665,-0.0007031848755784155,1.3139517277277122,-0.00012493133544921875,2.491907398998002,1.3139517277277122,0.36333333333333323,0.06999999999999998,oof_fold_1,1.0,0.0,0.0,0.0,0.0,0.0,0.0,0.0,0.0,1.0,0.0,0.0,0.0,0.0,0.0,0.0,0.0,1.0,0.0,0.0,0.0,0.0,0.0,0.0,0.0,1.0,0.0,0.0,0.0,0.0,0.0,0.0,0.0,haze4k_train_oof,62b7b118631140d956f56e34d7455c6c8130c84dfeaf750a66889ed444fffa45
2,0.9279999999999997,0.0015677621653187085,0.795129446179601,-0.0005067586898803711,6.1838916759007105,0.795129446179601,0.003199999999999999,0.06879999999999997,oof_fold_2,1.0,0.0,0.0,0.0,0.0,0.0,0.0,0.0,0.0,1.0,0.0,0.0,0.0,0.0,0.0,0.0,0.0,1.0,0.0,0.0,0.0,0.0,0.0,0.0,0.0,1.0,0.0,0.0,0.0,0.0,0.0,0.0,0.0,haze4k_train_oof,6355a9f79ab8b5f9c00756352c83e487464dfa55b6f957868d1a7c0ca2a57000
4,0.8233333333333333,0.0004313564187032172,1.9169945097580765,-0.003107130527496338,7.42741855054431,1.9169945097580765,0.033333333333333326,0.1433333333333333,oof_fold_4,1.0,0.0,0.0,0.0,0.0,0.0,0.0,0.0,0.0,1.0,0.0,0.0,0.0,0.0,0.0,0.0,0.0,1.0,0.0,0.0,0.0,0.0,0.0,0.0,0.0,1.0,0.0,0.0,0.0,0.0,0.0,0.0,0.0,haze4k_train_oof,63c206aa75800458197314d5f60504efc0653a174a9aa2f26b31c372d92bce6e
1,0.7633333333333332,-0.0009629997330514535,1.2876236849602307,-0.0014147758483886719,7.218935769859073,1.2876236849602307,0.08666666666666666,0.14999999999999994,oof_fold_1,1.0,0.0,0.0,0.0,0.0,0.0,0.0,0.0,0.0,1.0,0.0,0.0,0.0,0.0,0.0,0.0,0.0,1.0,0.0,0.0,0.0,0.0,0.0,0.0,0.0,1.0,0.0,0.0,0.0,0.0,0.0,0.0,0.0,haze4k_train_oof,63c4f3a74c92bda49e8be261dc37af9b9c1e0ee3b4bbf60ea2aee9b313c5e020
3,0.6815999999999998,0.00030385873496221994,1.8353639232487708,-0.0008203983306884766,4.38989695295389,1.8353639232487708,0.2223999999999999,0.09599999999999997,oof_fold_3,1.0,0.0,0.0,0.0,0.0,0.0,0.0,0.0,0.0,1.0,0.0,0.0,0.0,0.0,0.0,0.0,0.0,1.0,0.0,0.0,0.0,0.0,0.0,0.0,0.0,1.0,0.0,0.0,0.0,0.0,0.0,0.0,0.0,haze4k_train_oof,63ce8017c6ea5eb371ccecb29d0bc409ddefc91b6bdb9d8a0db5716a26b1982d
4,0.47666666666666657,-0.002367872423178091,2.7411526616864066,-0.0013232231140136719,3.1242977196633817,2.7411526616864066,0.46666666666666656,0.05666666666666666,oof_fold_4,1.0,0.0,0.0,0.0,0.0,0.0,0.0,0.0,0.0,1.0,0.0,0.0,0.0,0.0,0.0,0.0,0.0,1.0,0.0,0.0,0.0,0.0,0.0,0.0,0.0,1.0,0.0,0.0,0.0,0.0,0.0,0.0,0.0,haze4k_train_oof,640553af7637485a83bd2c160da987a7a0d4822d2a73d8a1f5ca0d43158ae8ee
0,0.6399999999999998,-0.003388589873313321,1.4327728681521918,-0.0021642446517944336,3.7877306381137217,1.4327728681521918,0.2943999999999999,0.06559999999999998,oof_fold_0,1.0,0.0,0.0,0.0,0.0,0.0,0.0,0.0,0.0,1.0,0.0,0.0,0.0,0.0,0.0,0.0,0.0,1.0,0.0,0.0,0.0,0.0,0.0,0.0,0.0,1.0,0.0,0.0,0.0,0.0,0.0,0.0,0.0,haze4k_train_oof,64a36634fdca1fede0387c1cf85783a90d77bd00f450f323db9a60559ff81692
0,0.9343999999999998,0.0003122790879492342,0.5577056374633642,-0.00037658214569091797,4.480407404542461,0.5577056374633642,0.02879999999999999,0.036799999999999986,oof_fold_0,1.0,0.0,0.0,0.0,0.0,0.0,0.0,0.0,0.0,1.0,0.0,0.0,0.0,0.0,0.0,0.0,0.0,1.0,0.0,0.0,0.0,0.0,0.0,0.0,0.0,1.0,0.0,0.0,0.0,0.0,0.0,0.0,0.0,haze4k_train_oof,6545112f375c040a63e8234d3bce2bb194a598b0fd6a3f0f53489cad961d3a2f
4,0.9166666666666665,0.00029946552487167033,0.3973622131715402,-0.00029402971267700195,8.298416567475883,0.3973622131715402,0.033333333333333326,0.04999999999999999,oof_fold_4,1.0,0.0,0.0,0.0,0.0,0.0,0.0,0.0,0.0,1.0,0.0,0.0,0.0,0.0,0.0,0.0,0.0,1.0,0.0,0.0,0.0,0.0,0.0,0.0,0.0,1.0,0.0,0.0,0.0,0.0,0.0,0.0,0.0,haze4k_train_oof,657fd10f819cc3287b7324bf8365d8b6c344e665317d72623911eb0624f2e9a3
1,0.6239999999999999,-0.007276422889398722,3.0726140241951754,-0.0023227930068969727,7.2391879799516445,3.0726140241951754,0.3135999999999998,0.062399999999999976,oof_fold_1,1.0,0.0,0.0,0.0,0.0,0.0,0.0,0.0,0.0,1.0,0.0,0.0,0.0,0.0,0.0,0.0,0.0,1.0,0.0,0.0,0.0,0.0,0.0,0.0,0.0,1.0,0.0,0.0,0.0,0.0,0.0,0.0,0.0,haze4k_train_oof,65954cd460d901af038d9da18e0f05b5e25e730d7581f8f7c37369a1f392e0c3
0,0.9533333333333331,0.00042086028641935834,0.6502719071578298,7.3909759521484375e-06,6.0893824327233546,0.6502719071578298,0.0,0.04666666666666666,oof_fold_0,1.0,0.0,0.0,0.0,0.0,0.0,0.0,0.0,0.0,1.0,0.0,0.0,0.0,0.0,0.0,0.0,0.0,1.0,0.0,0.0,0.0,0.0,0.0,0.0,0.0,1.0,0.0,0.0,0.0,0.0,0.0,0.0,0.0,haze4k_train_oof,65d267b0a080dd5029ce4454acb6e113656114e4f880825a91805fe6c09445f0
2,0.25333333333333324,-0.0005793741330590921,2.0559708235196723,-9.912252426147461e-05,2.6523987955689847,2.0559708235196723,0.5499999999999999,0.1966666666666666,oof_fold_2,1.0,0.0,0.0,0.0,0.0,0.0,0.0,0.0,0.0,1.0,0.0,0.0,0.0,0.0,0.0,0.0,0.0,1.0,0.0,0.0,0.0,0.0,0.0,0.0,0.0,1.0,0.0,0.0,0.0,0.0,0.0,0.0,0.0,haze4k_train_oof,664957188cd419e5c1715c3f4576480b24ad104b1412d952c20a8e36f158f0ef
1,0.9359999999999997,-0.0014582794012579447,0.803678822577865,-0.000915229320526123,5.460870686186013,0.803678822577865,0.012799999999999995,0.05119999999999998,oof_fold_1,1.0,0.0,0.0,0.0,0.0,0.0,0.0,0.0,0.0,1.0,0.0,0.0,0.0,0.0,0.0,0.0,0.0,1.0,0.0,0.0,0.0,0.0,0.0,0.0,0.0,1.0,0.0,0.0,0.0,0.0,0.0,0.0,0.0,haze4k_train_oof,664eaaf3ab514b305ad399bdb672846985edab4d013e60ff7cee05bc97f504c5
3,0.9343999999999998,0.00028797861838053595,0.15310008757136728,-0.00022405385971069336,2.1960351103016507,0.15310008757136728,0.06559999999999998,0.0,oof_fold_3,1.0,0.0,0.0,0.0,0.0,0.0,0.0,0.0,0.0,1.0,0.0,0.0,0.0,0.0,0.0,0.0,0.0,1.0,0.0,0.0,0.0,0.0,0.0,0.0,0.0,1.0,0.0,0.0,0.0,0.0,0.0,0.0,0.0,haze4k_train_oof,6691c3680844281ed6acfb71e35d3b47909dc779ba1c27adf4314845baa0d1f9
3,0.8559999999999998,-0.008636618264353697,2.2029022595870273,-0.01136159896850586,4.0955186249087205,2.2029022595870273,0.12799999999999995,0.015999999999999993,oof_fold_3,1.0,0.0,0.0,0.0,0.0,0.0,0.0,0.0,0.0,1.0,0.0,0.0,0.0,0.0,0.0,0.0,0.0,1.0,0.0,0.0,0.0,0.0,0.0,0.0,0.0,1.0,0.0,0.0,0.0,0.0,0.0,0.0,0.0,haze4k_train_oof,67158f53227e8cbf1866dd620da410160bdbaabe55444bb906e564b3a96aa67a
3,0.45333333333333325,-0.0020308703788163656,1.5361395877958017,-0.001176595687866211,4.476870016543195,1.5361395877958017,0.28999999999999987,0.25666666666666665,oof_fold_3,1.0,0.0,0.0,0.0,0.0,0.0,0.0,0.0,0.0,1.0,0.0,0.0,0.0,0.0,0.0,0.0,0.0,1.0,0.0,0.0,0.0,0.0,0.0,0.0,0.0,1.0,0.0,0.0,0.0,0.0,0.0,0.0,0.0,haze4k_train_oof,679cd08133ad96a6033ea5cae71b65edbbe47dd35e1949331f730679e86fd3cc
1,0.4351999999999998,-0.001272668936677898,3.1052838761507218,-0.0007511377334594727,6.563362759352017,3.1052838761507218,0.47039999999999976,0.09439999999999996,oof_fold_1,1.0,0.0,0.0,0.0,0.0,0.0,0.0,0.0,0.0,1.0,0.0,0.0,0.0,0.0,0.0,0.0,0.0,1.0,0.0,0.0,0.0,0.0,0.0,0.0,0.0,1.0,0.0,0.0,0.0,0.0,0.0,0.0,0.0,haze4k_train_oof,68947890e38fddfc7696ac7cdd69c2951ee69e4439c5613dfc8ef9ec63cf9f34
0,0.7499999999999999,-0.0015551415535224398,3.526240135704903,8.96453857421875e-05,7.209393430022317,3.526240135704903,0.11333333333333331,0.1366666666666666,oof_fold_0,1.0,0.0,0.0,0.0,0.0,0.0,0.0,0.0,0.0,1.0,0.0,0.0,0.0,0.0,0.0,0.0,0.0,1.0,0.0,0.0,0.0,0.0,0.0,0.0,0.0,1.0,0.0,0.0,0.0,0.0,0.0,0.0,0.0,haze4k_train_oof,68e87be69ba379790c34aedd396a8ad20aa26bbee6bcd37dee5c2845fa1fe8b2
1,0.5833333333333333,-0.00183853214593455,2.4313745083876057,-0.0007579922676086426,7.486848081567473,2.4313745083876057,0.22999999999999995,0.18666666666666665,oof_fold_1,1.0,0.0,0.0,0.0,0.0,0.0,0.0,0.0,0.0,1.0,0.0,0.0,0.0,0.0,0.0,0.0,0.0,1.0,0.0,0.0,0.0,0.0,0.0,0.0,0.0,1.0,0.0,0.0,0.0,0.0,0.0,0.0,0.0,haze4k_train_oof,690978c6a759003e03d8c02339bffdd94c46dfa1a9dddec669d8168c36f02013
3,0.9299999999999999,-0.0001227089722114587,0.165469018566192,-8.07046890258789e-05,3.197908978987158,0.165469018566192,0.05333333333333332,0.016666666666666663,oof_fold_3,1.0,0.0,0.0,0.0,0.0,0.0,0.0,0.0,0.0,1.0,0.0,0.0,0.0,0.0,0.0,0.0,0.0,1.0,0.0,0.0,0.0,0.0,0.0,0.0,0.0,1.0,0.0,0.0,0.0,0.0,0.0,0.0,0.0,haze4k_train_oof,69133263c5b847963effe867a21c7ff0d4d344fe35ca4b1929eaf1f00150543a
2,0.4999999999999999,-0.0006053800169585582,0.5800010471004384,-0.00014322996139526367,4.7879235873353,0.5800010471004384,0.43666666666666654,0.06333333333333331,oof_fold_2,1.0,0.0,0.0,0.0,0.0,0.0,0.0,0.0,0.0,1.0,0.0,0.0,0.0,0.0,0.0,0.0,0.0,1.0,0.0,0.0,0.0,0.0,0.0,0.0,0.0,1.0,0.0,0.0,0.0,0.0,0.0,0.0,0.0,haze4k_train_oof,692e688d2ec2713843211197ae77097dfa2997d5dff798c8308cebd598489628
1,0.7633333333333332,1.636053038509992e-05,0.5253779811836097,-0.0004265904426574707,4.267907378775341,0.5253779811836097,0.13666666666666663,0.09999999999999998,oof_fold_1,1.0,0.0,0.0,0.0,0.0,0.0,0.0,0.0,0.0,1.0,0.0,0.0,0.0,0.0,0.0,0.0,0.0,1.0,0.0,0.0,0.0,0.0,0.0,0.0,0.0,1.0,0.0,0.0,0.0,0.0,0.0,0.0,0.0,haze4k_train_oof,694f327ac14d503888aae0ca3522e9cf3ea1e7259d234523b9f886e4bc53bd2c
3,0.9087999999999998,0.00029680805068540636,0.7380883946146071,-0.0011037588119506836,6.189169103559934,0.7380883946146071,0.030399999999999986,0.06079999999999997,oof_fold_3,1.0,0.0,0.0,0.0,0.0,0.0,0.0,0.0,0.0,1.0,0.0,0.0,0.0,0.0,0.0,0.0,0.0,1.0,0.0,0.0,0.0,0.0,0.0,0.0,0.0,1.0,0.0,0.0,0.0,0.0,0.0,0.0,0.0,haze4k_train_oof,69dcb2981c18d4291b1027876a572f826bb5d4d944c9e6955647e73437353fc1
4,0.48319999999999985,-0.004846796778243151,3.1922166574382658,-5.1021575927734375e-05,5.461846871362511,3.1922166574382658,0.009599999999999997,0.5071999999999999,oof_fold_4,1.0,0.0,0.0,0.0,0.0,0.0,0.0,0.0,0.0,1.0,0.0,0.0,0.0,0.0,0.0,0.0,0.0,1.0,0.0,0.0,0.0,0.0,0.0,0.0,0.0,1.0,0.0,0.0,0.0,0.0,0.0,0.0,0.0,haze4k_train_oof,69ee017adba07763efca08a723fbee0ed03170968791c1a65fbeb2ca201aa34a
4,0.31679999999999986,-0.0030946924887442426,0.5914207131301445,0.002964794635772705,0.6442032126239781,0.5914207131301445,0.4911999999999998,0.19199999999999992,oof_fold_4,1.0,0.0,0.0,0.0,0.0,0.0,0.0,0.0,0.0,1.0,0.0,0.0,0.0,0.0,0.0,0.0,0.0,1.0,0.0,0.0,0.0,0.0,0.0,0.0,0.0,1.0,0.0,0.0,0.0,0.0,0.0,0.0,0.0,haze4k_train_oof,69f6b5e555efe19ed9ccbcba3b8b715ce9b826fa651525e1a49baf149d8cd68f
1,0.2766666666666666,-0.002538789966967873,2.9605196580392175,-0.0004941225051879883,3.3124091840482706,2.9605196580392175,0.07333333333333332,0.6499999999999999,oof_fold_1,1.0,0.0,0.0,0.0,0.0,0.0,0.0,0.0,0.0,1.0,0.0,0.0,0.0,0.0,0.0,0.0,0.0,1.0,0.0,0.0,0.0,0.0,0.0,0.0,0.0,1.0,0.0,0.0,0.0,0.0,0.0,0.0,0.0,haze4k_train_oof,6a0937ce574d7eb400c81395b9d961ad423ff8a58e7c7c6c112da93d0b62fdde
3,0.7666666666666664,-0.000541623248593371,0.7529206590912736,-0.002162754535675049,8.40943801819557,0.7529206590912736,0.05666666666666666,0.17666666666666664,oof_fold_3,1.0,0.0,0.0,0.0,0.0,0.0,0.0,0.0,0.0,1.0,0.0,0.0,0.0,0.0,0.0,0.0,0.0,1.0,0.0,0.0,0.0,0.0,0.0,0.0,0.0,1.0,0.0,0.0,0.0,0.0,0.0,0.0,0.0,haze4k_train_oof,6afdfbb43c08084f80fb169f25df777a7cf0684e6b8a47d35989c50a17b66ea3
4,0.8863999999999997,0.00024386279816390012,1.7207352545306875,-0.0013238191604614258,5.118517594393168,1.7207352545306875,0.07679999999999998,0.036799999999999986,oof_fold_4,1.0,0.0,0.0,0.0,0.0,0.0,0.0,0.0,0.0,1.0,0.0,0.0,0.0,0.0,0.0,0.0,0.0,1.0,0.0,0.0,0.0,0.0,0.0,0.0,0.0,1.0,0.0,0.0,0.0,0.0,0.0,0.0,0.0,haze4k_train_oof,6b18e8446a01367345755082cf0d3dd0608b08643ed8339f340446791e48c8f4
2,0.46079999999999977,-0.009536913495857152,4.181072842081836,-0.005712747573852539,5.9980387478199475,4.181072842081836,0.41919999999999985,0.11999999999999995,oof_fold_2,1.0,0.0,0.0,0.0,0.0,0.0,0.0,0.0,0.0,1.0,0.0,0.0,0.0,0.0,0.0,0.0,0.0,1.0,0.0,0.0,0.0,0.0,0.0,0.0,0.0,1.0,0.0,0.0,0.0,0.0,0.0,0.0,0.0,haze4k_train_oof,6b44b628bc71d9af19d367b61f4d64fdcde72d2c8b417374b16712658e235c84
0,0.6847999999999997,-0.002315501659795701,0.5808076000381135,-0.002760946750640869,2.566301438727372,0.5808076000381135,0.17599999999999993,0.13919999999999996,oof_fold_0,1.0,0.0,0.0,0.0,0.0,0.0,0.0,0.0,0.0,1.0,0.0,0.0,0.0,0.0,0.0,0.0,0.0,1.0,0.0,0.0,0.0,0.0,0.0,0.0,0.0,1.0,0.0,0.0,0.0,0.0,0.0,0.0,0.0,haze4k_train_oof,6b56cd305b0e362d83976ce40791174f90851a06bd6aff0510889f0ea776bf1e
0,0.8591999999999999,-0.0005511202331477155,1.0360652129354548,-0.0014395713806152344,4.260942820948628,1.0360652129354548,0.14079999999999995,0.0,oof_fold_0,1.0,0.0,0.0,0.0,0.0,0.0,0.0,0.0,0.0,1.0,0.0,0.0,0.0,0.0,0.0,0.0,0.0,1.0,0.0,0.0,0.0,0.0,0.0,0.0,0.0,1.0,0.0,0.0,0.0,0.0,0.0,0.0,0.0,haze4k_train_oof,6bfb39d73d0c063e8172745c9dd52147a504c66c976c60433f705b94bd253476
3,0.3087999999999999,-0.017996522873686624,5.504494217565764,-0.0017099976539611816,3.3966383477567312,5.504494217565764,0.6879999999999998,0.003199999999999999,oof_fold_3,1.0,0.0,0.0,0.0,0.0,0.0,0.0,0.0,0.0,1.0,0.0,0.0,0.0,0.0,0.0,0.0,0.0,1.0,0.0,0.0,0.0,0.0,0.0,0.0,0.0,1.0,0.0,0.0,0.0,0.0,0.0,0.0,0.0,haze4k_train_oof,6c31572b814625c82ed3baa121162911c0f6535b4fff12eed51c8d0ae5469d6d
4,0.5759999999999998,-0.009261328263487667,3.2125302726094986,-0.008620142936706543,6.1688367213253485,3.2125302726094986,0.3231999999999998,0.10079999999999996,oof_fold_4,1.0,0.0,0.0,0.0,0.0,0.0,0.0,0.0,0.0,1.0,0.0,0.0,0.0,0.0,0.0,0.0,0.0,1.0,0.0,0.0,0.0,0.0,0.0,0.0,0.0,1.0,0.0,0.0,0.0,0.0,0.0,0.0,0.0,haze4k_train_oof,6cd520ddfceb5e6c9cf66678811e589aa4afcede7aca1ad8e8fea693ba9188ee
2,0.6751999999999997,-0.001966336161687892,1.3804025158290045,-0.005103051662445068,3.625891096714007,1.3804025158290045,0.18399999999999989,0.14079999999999995,oof_fold_2,1.0,0.0,0.0,0.0,0.0,0.0,0.0,0.0,0.0,1.0,0.0,0.0,0.0,0.0,0.0,0.0,0.0,1.0,0.0,0.0,0.0,0.0,0.0,0.0,0.0,1.0,0.0,0.0,0.0,0.0,0.0,0.0,0.0,haze4k_train_oof,6ce45488f2b8652f281c9d105f8c541e4d019974c4353f535e5088df35484734
1,0.7966666666666665,-0.0002247571157626124,2.1488751687696634,-0.0011636018753051758,5.75987424306237,2.1488751687696634,0.06999999999999999,0.1333333333333333,oof_fold_1,1.0,0.0,0.0,0.0,0.0,0.0,0.0,0.0,0.0,1.0,0.0,0.0,0.0,0.0,0.0,0.0,0.0,1.0,0.0,0.0,0.0,0.0,0.0,0.0,0.0,1.0,0.0,0.0,0.0,0.0,0.0,0.0,0.0,haze4k_train_oof,6d01f23dbf79c16cb808fa1e46b62961903efe0625690f71c4e44f8360a2a47e
2,0.5399999999999999,-0.00047857704530808096,0.9714948532047458,-0.0005131363868713379,7.311692938964853,0.9714948532047458,0.12999999999999998,0.32999999999999996,oof_fold_2,1.0,0.0,0.0,0.0,0.0,0.0,0.0,0.0,0.0,1.0,0.0,0.0,0.0,0.0,0.0,0.0,0.0,1.0,0.0,0.0,0.0,0.0,0.0,0.0,0.0,1.0,0.0,0.0,0.0,0.0,0.0,0.0,0.0,haze4k_train_oof,6d03f8169fc54abad2bf8f10446c1ef6e7721da7fc70480a12ba31b034d77cf5
0,0.8899999999999998,-0.00011942157518256464,1.4715084847289788,-0.00043523311614990234,4.265091482430066,1.4715084847289788,0.039999999999999994,0.06999999999999999,oof_fold_0,1.0,0.0,0.0,0.0,0.0,0.0,0.0,0.0,0.0,1.0,0.0,0.0,0.0,0.0,0.0,0.0,0.0,1.0,0.0,0.0,0.0,0.0,0.0,0.0,0.0,1.0,0.0,0.0,0.0,0.0,0.0,0.0,0.0,haze4k_train_oof,6d58d6df22fc1491bccfb36b498b228803b00a32d765bb206a0ddad57734b8b8
3,0.42559999999999987,-0.0011467021676653533,1.6408471802284765,0.00014197826385498047,2.5924377720003946,1.6408471802284765,0.4879999999999998,0.08639999999999998,oof_fold_3,1.0,0.0,0.0,0.0,0.0,0.0,0.0,0.0,0.0,1.0,0.0,0.0,0.0,0.0,0.0,0.0,0.0,1.0,0.0,0.0,0.0,0.0,0.0,0.0,0.0,1.0,0.0,0.0,0.0,0.0,0.0,0.0,0.0,haze4k_train_oof,6d6cb8ded763bf55c7d97b59a95fcda33b554ce16618e8ea5adc006fd4da09e9
1,0.7903999999999999,-0.00021514603603670063,1.2440552489270615,-0.0021022558212280273,4.348202610457278,1.2440552489270615,0.08959999999999997,0.11999999999999995,oof_fold_1,1.0,0.0,0.0,0.0,0.0,0.0,0.0,0.0,0.0,1.0,0.0,0.0,0.0,0.0,0.0,0.0,0.0,1.0,0.0,0.0,0.0,0.0,0.0,0.0,0.0,1.0,0.0,0.0,0.0,0.0,0.0,0.0,0.0,haze4k_train_oof,6dac746b281583fdab71407c1b213dbee4879f11a1619a535c78dd72fff1fa77
3,0.7503999999999998,-0.0022115295238172,0.5776870890901478,-0.005443871021270752,2.4850353496458517,0.5776870890901478,0.11519999999999996,0.13439999999999996,oof_fold_3,1.0,0.0,0.0,0.0,0.0,0.0,0.0,0.0,0.0,1.0,0.0,0.0,0.0,0.0,0.0,0.0,0.0,1.0,0.0,0.0,0.0,0.0,0.0,0.0,0.0,1.0,0.0,0.0,0.0,0.0,0.0,0.0,0.0,haze4k_train_oof,6dbbbb540630e29c2539988bc87e457970d38660cec0449d2ba412d00e745fa2
3,0.74,0.00010597688070649587,0.9918734614549649,-4.470348358154297e-05,9.639136681731976,0.9918734614549649,0.1333333333333333,0.12666666666666665,oof_fold_3,1.0,0.0,0.0,0.0,0.0,0.0,0.0,0.0,0.0,1.0,0.0,0.0,0.0,0.0,0.0,0.0,0.0,1.0,0.0,0.0,0.0,0.0,0.0,0.0,0.0,1.0,0.0,0.0,0.0,0.0,0.0,0.0,0.0,haze4k_train_oof,6df28bac0b353afe1664a53f6345bf56407e7d54edb43d1934b9f1bc5466b1d2
1,0.5183999999999999,0.0011811951912512693,1.2010765983553142,-0.0027278661727905273,4.387058730020215,1.2010765983553142,0.14879999999999996,0.3327999999999999,oof_fold_1,1.0,0.0,0.0,0.0,0.0,0.0,0.0,0.0,0.0,1.0,0.0,0.0,0.0,0.0,0.0,0.0,0.0,1.0,0.0,0.0,0.0,0.0,0.0,0.0,0.0,1.0,0.0,0.0,0.0,0.0,0.0,0.0,0.0,haze4k_train_oof,6efbdf70b733a1f8b9db793bedb1691fa661783705c0633211c6dd484290e4ec
2,0.19519999999999993,-0.014262589138558057,3.9332735756338124,0.003634154796600342,3.328426176808442,3.9332735756338124,0.7583999999999999,0.04639999999999998,oof_fold_2,1.0,0.0,0.0,0.0,0.0,0.0,0.0,0.0,0.0,1.0,0.0,0.0,0.0,0.0,0.0,0.0,0.0,1.0,0.0,0.0,0.0,0.0,0.0,0.0,0.0,1.0,0.0,0.0,0.0,0.0,0.0,0.0,0.0,haze4k_train_oof,6fc7a10b9c03fabc33e740d9fa6ca73dd4c3a06278e0270c1a531bb4cf590663
4,0.8943999999999998,-7.128334024067342e-05,0.10410759035406159,-0.00018030405044555664,4.725561096945356,0.10410759035406159,0.05759999999999998,0.04799999999999998,oof_fold_4,1.0,0.0,0.0,0.0,0.0,0.0,0.0,0.0,0.0,1.0,0.0,0.0,0.0,0.0,0.0,0.0,0.0,1.0,0.0,0.0,0.0,0.0,0.0,0.0,0.0,1.0,0.0,0.0,0.0,0.0,0.0,0.0,0.0,haze4k_train_oof,6ffae7e7159189864275ba975c55fd67a2964afad0b0001e42ea6f38fb7b6d64
3,0.7633333333333331,-9.404100692841496e-06,1.3750194382586187,-0.0001634359359741211,4.780572872365987,1.3750194382586187,0.12666666666666665,0.10999999999999997,oof_fold_3,1.0,0.0,0.0,0.0,0.0,0.0,0.0,0.0,0.0,1.0,0.0,0.0,0.0,0.0,0.0,0.0,0.0,1.0,0.0,0.0,0.0,0.0,0.0,0.0,0.0,1.0,0.0,0.0,0.0,0.0,0.0,0.0,0.0,haze4k_train_oof,701b1c34e4d3fc37dddb7f44e063429a5977d6b27d0de0550bdefbf470931715
2,0.6687999999999998,0.002306299814806941,1.5606204469474747,-0.0011788010597229004,4.611195537254154,1.5606204469474747,0.3247999999999998,0.006399999999999998,oof_fold_2,1.0,0.0,0.0,0.0,0.0,0.0,0.0,0.0,0.0,1.0,0.0,0.0,0.0,0.0,0.0,0.0,0.0,1.0,0.0,0.0,0.0,0.0,0.0,0.0,0.0,1.0,0.0,0.0,0.0,0.0,0.0,0.0,0.0,haze4k_train_oof,70a47a3131f333433ac424b8843871eed4f8bec1745d813cf6b605ab80fe9bb8
4,0.6566666666666666,-0.00023629061321053617,0.9020965995340191,-2.8192996978759766e-05,3.7019101079189483,0.9020965995340191,0.17999999999999997,0.1633333333333333,oof_fold_4,1.0,0.0,0.0,0.0,0.0,0.0,0.0,0.0,0.0,1.0,0.0,0.0,0.0,0.0,0.0,0.0,0.0,1.0,0.0,0.0,0.0,0.0,0.0,0.0,0.0,1.0,0.0,0.0,0.0,0.0,0.0,0.0,0.0,haze4k_train_oof,7102450dc64ae1aaaebf07e06558616b2d3e850d399544cb791246e88f2a38f0
2,0.8433333333333333,-3.959825367120276e-05,0.485510393317405,-0.0002735257148742676,4.891840923255138,0.485510393317405,0.07333333333333332,0.08333333333333333,oof_fold_2,1.0,0.0,0.0,0.0,0.0,0.0,0.0,0.0,0.0,1.0,0.0,0.0,0.0,0.0,0.0,0.0,0.0,1.0,0.0,0.0,0.0,0.0,0.0,0.0,0.0,1.0,0.0,0.0,0.0,0.0,0.0,0.0,0.0,haze4k_train_oof,7248866c9b52a37beb266c4aaa3b03d9f44646d2e21f40039c739a99814b44f5
0,0.7503999999999998,0.0009119578786601777,1.6184259381247443,-0.0007268190383911133,7.999004310953978,1.6184259381247443,0.14399999999999996,0.10559999999999996,oof_fold_0,1.0,0.0,0.0,0.0,0.0,0.0,0.0,0.0,0.0,1.0,0.0,0.0,0.0,0.0,0.0,0.0,0.0,1.0,0.0,0.0,0.0,0.0,0.0,0.0,0.0,1.0,0.0,0.0,0.0,0.0,0.0,0.0,0.0,haze4k_train_oof,733e13760fb7ca38dbe12c1a5f4205afe1d15b16d9c8f1f9cf57399d02feb21e
4,0.8543999999999999,0.0006520325237691091,1.0195256681833271,-0.00412595272064209,8.096539970571737,1.0195256681833271,0.07199999999999998,0.07359999999999997,oof_fold_4,1.0,0.0,0.0,0.0,0.0,0.0,0.0,0.0,0.0,1.0,0.0,0.0,0.0,0.0,0.0,0.0,0.0,1.0,0.0,0.0,0.0,0.0,0.0,0.0,0.0,1.0,0.0,0.0,0.0,0.0,0.0,0.0,0.0,haze4k_train_oof,73f68eee99b93b3563e947a25f4003032ddeef15c3cb6895fa4e211048235b87
2,0.9899999999999998,-8.986605643252046e-06,0.013066190504780195,7.331371307373047e-06,0.5447973723768342,0.013066190504780195,0.009999999999999998,0.0,oof_fold_2,1.0,0.0,0.0,0.0,0.0,0.0,0.0,0.0,0.0,1.0,0.0,0.0,0.0,0.0,0.0,0.0,0.0,1.0,0.0,0.0,0.0,0.0,0.0,0.0,0.0,1.0,0.0,0.0,0.0,0.0,0.0,0.0,0.0,haze4k_train_oof,744935fa322c1f9dadc97d4490a7fc0a59bdd1e24a01e1e91fbd807371023590
2,0.9466666666666665,3.106232174407826e-05,0.15988405928892035,-0.00022417306900024414,1.5761932838096868,0.15988405928892035,0.02666666666666666,0.026666666666666658,oof_fold_2,1.0,0.0,0.0,0.0,0.0,0.0,0.0,0.0,0.0,1.0,0.0,0.0,0.0,0.0,0.0,0.0,0.0,1.0,0.0,0.0,0.0,0.0,0.0,0.0,0.0,1.0,0.0,0.0,0.0,0.0,0.0,0.0,0.0,haze4k_train_oof,753535bcbdd05a3839775ba029255047825cdee2b81116196503b0571a6c534a
4,0.6766666666666665,-0.0010632148719726807,2.825308252653457,-0.004704177379608154,6.753147055032777,2.825308252653457,0.18999999999999995,0.1333333333333333,oof_fold_4,1.0,0.0,0.0,0.0,0.0,0.0,0.0,0.0,0.0,1.0,0.0,0.0,0.0,0.0,0.0,0.0,0.0,1.0,0.0,0.0,0.0,0.0,0.0,0.0,0.0,1.0,0.0,0.0,0.0,0.0,0.0,0.0,0.0,haze4k_train_oof,76089a7afaff5285aa12bdbcae5014ef725f05fbd290a8ee87e67300d1e51621
0,0.7519999999999998,-0.0013239283752705276,1.0919070681092649,-0.00037354230880737305,3.6897473027021874,1.0919070681092649,0.21279999999999993,0.03519999999999999,oof_fold_0,1.0,0.0,0.0,0.0,0.0,0.0,0.0,0.0,0.0,1.0,0.0,0.0,0.0,0.0,0.0,0.0,0.0,1.0,0.0,0.0,0.0,0.0,0.0,0.0,0.0,1.0,0.0,0.0,0.0,0.0,0.0,0.0,0.0,haze4k_train_oof,76c22ad7527c601b7a295806c0711e9dd420567a09a8cd48600135c09dbe8e7a
1,0.3466666666666666,-0.0019929631644865576,3.700096453534208,-2.4080276489257812e-05,10.730938909581965,3.700096453534208,0.4166666666666665,0.23666666666666664,oof_fold_1,1.0,0.0,0.0,0.0,0.0,0.0,0.0,0.0,0.0,1.0,0.0,0.0,0.0,0.0,0.0,0.0,0.0,1.0,0.0,0.0,0.0,0.0,0.0,0.0,0.0,1.0,0.0,0.0,0.0,0.0,0.0,0.0,0.0,haze4k_train_oof,76cf21b8d9c6079589928731cab63594076c3f8f6cab4fb766dc2a3681ae6e82
4,0.7666666666666664,-0.0002879244437493374,1.1160254910088199,-0.0005481243133544922,4.945873557129339,1.1160254910088199,0.11999999999999997,0.11333333333333331,oof_fold_4,1.0,0.0,0.0,0.0,0.0,0.0,0.0,0.0,0.0,1.0,0.0,0.0,0.0,0.0,0.0,0.0,0.0,1.0,0.0,0.0,0.0,0.0,0.0,0.0,0.0,1.0,0.0,0.0,0.0,0.0,0.0,0.0,0.0,haze4k_train_oof,7709577876fe832f097d4727e0df309c00caf50fa5dbe6619ca4066bf888a7a8
4,0.8566666666666665,-0.00019714177517345067,0.28497247469913134,-0.00023996829986572266,5.119348743147519,0.28497247469913134,0.04666666666666666,0.09666666666666664,oof_fold_4,1.0,0.0,0.0,0.0,0.0,0.0,0.0,0.0,0.0,1.0,0.0,0.0,0.0,0.0,0.0,0.0,0.0,1.0,0.0,0.0,0.0,0.0,0.0,0.0,0.0,1.0,0.0,0.0,0.0,0.0,0.0,0.0,0.0,haze4k_train_oof,77db3f4df8bb29443f4af49108ba8f261f80bb44695d4bdc2873036e348f4283
4,0.8999999999999999,-0.00029108014434314094,0.8317610236737778,-0.00045627355575561523,3.3179375206117,0.8317610236737778,0.07333333333333332,0.02666666666666666,oof_fold_4,1.0,0.0,0.0,0.0,0.0,0.0,0.0,0.0,0.0,1.0,0.0,0.0,0.0,0.0,0.0,0.0,0.0,1.0,0.0,0.0,0.0,0.0,0.0,0.0,0.0,1.0,0.0,0.0,0.0,0.0,0.0,0.0,0.0,haze4k_train_oof,77fc8f77e107190b2fa6fac37f12369b58119000e79fabc2728306c3b5e34de7
2,0.9359999999999997,-0.00023838931663243065,0.18229583231141788,-0.00011056661605834961,2.348938477722321,0.18229583231141788,0.04799999999999998,0.015999999999999993,oof_fold_2,1.0,0.0,0.0,0.0,0.0,0.0,0.0,0.0,0.0,1.0,0.0,0.0,0.0,0.0,0.0,0.0,0.0,1.0,0.0,0.0,0.0,0.0,0.0,0.0,0.0,1.0,0.0,0.0,0.0,0.0,0.0,0.0,0.0,haze4k_train_oof,78b8ac8168fece8ff053f814d839fc52ff4dec4b3ed12ac1f5bc1fcf4552c068
4,0.8199999999999998,2.5156305885805754e-05,1.0070559884914516,-0.0002459287643432617,5.42763236393818,1.0070559884914516,0.01333333333333333,0.16666666666666666,oof_fold_4,1.0,0.0,0.0,0.0,0.0,0.0,0.0,0.0,0.0,1.0,0.0,0.0,0.0,0.0,0.0,0.0,0.0,1.0,0.0,0.0,0.0,0.0,0.0,0.0,0.0,1.0,0.0,0.0,0.0,0.0,0.0,0.0,0.0,haze4k_train_oof,7914c0e2a3161b7cdde0f7754d4e5fc7e8658bf371bd5a2c2662af68191ef50a
1,0.5966666666666666,-0.00016790828997020278,2.113459165284084,-0.0005225539207458496,5.220296073635758,2.113459165284084,0.14333333333333328,0.25999999999999995,oof_fold_1,1.0,0.0,0.0,0.0,0.0,0.0,0.0,0.0,0.0,1.0,0.0,0.0,0.0,0.0,0.0,0.0,0.0,1.0,0.0,0.0,0.0,0.0,0.0,0.0,0.0,1.0,0.0,0.0,0.0,0.0,0.0,0.0,0.0,haze4k_train_oof,792d5402357e7a13bec380581301fabbe4c6a33b5970eedf3af6e88380dc523b
2,0.7935999999999998,-0.002196468415478981,0.9010329914798163,0.0073806047439575195,3.6746475852410256,0.9010329914798163,0.13599999999999995,0.07039999999999998,oof_fold_2,1.0,0.0,0.0,0.0,0.0,0.0,0.0,0.0,0.0,1.0,0.0,0.0,0.0,0.0,0.0,0.0,0.0,1.0,0.0,0.0,0.0,0.0,0.0,0.0,0.0,1.0,0.0,0.0,0.0,0.0,0.0,0.0,0.0,haze4k_train_oof,79df11faa27e37c18d8f1f6d4403d6a24a32f5e2f4414c68bc74ac4c8c2f2e4b
2,0.9166666666666665,-0.0005149203714922303,0.23338470780581844,-0.0018965601921081543,3.2785474751948556,0.23338470780581844,0.06666666666666665,0.016666666666666663,oof_fold_2,1.0,0.0,0.0,0.0,0.0,0.0,0.0,0.0,0.0,1.0,0.0,0.0,0.0,0.0,0.0,0.0,0.0,1.0,0.0,0.0,0.0,0.0,0.0,0.0,0.0,1.0,0.0,0.0,0.0,0.0,0.0,0.0,0.0,haze4k_train_oof,79ea6f8419015dcd3eccc01364468f0e17a2614bf86eccb96af7617d3c6cbd00
0,0.59,0.00019510072065208502,1.2727462595256682,-0.0008606314659118652,6.511830678395768,1.2727462595256682,0.17666666666666664,0.23333333333333328,oof_fold_0,1.0,0.0,0.0,0.0,0.0,0.0,0.0,0.0,0.0,1.0,0.0,0.0,0.0,0.0,0.0,0.0,0.0,1.0,0.0,0.0,0.0,0.0,0.0,0.0,0.0,1.0,0.0,0.0,0.0,0.0,0.0,0.0,0.0,haze4k_train_oof,79ff97f0c7cfa47a98e61f6134f702e8e3ca1e90ae38f6e1583cb1050c72c086
0,0.6063999999999998,-0.00646451983327667,5.539652102575786,-0.0016933083534240723,7.674659358502993,5.539652102575786,0.3519999999999999,0.041599999999999984,oof_fold_0,1.0,0.0,0.0,0.0,0.0,0.0,0.0,0.0,0.0,1.0,0.0,0.0,0.0,0.0,0.0,0.0,0.0,1.0,0.0,0.0,0.0,0.0,0.0,0.0,0.0,1.0,0.0,0.0,0.0,0.0,0.0,0.0,0.0,haze4k_train_oof,7a1ffd83c8fb707cb31700b616819bb7983a16aa5327a38538412b6dea44085c
1,0.6166666666666666,-0.0013199684599037513,2.1862278115020715,-0.0013453960418701172,7.277930637042559,2.1862278115020715,0.26999999999999996,0.11333333333333327,oof_fold_1,1.0,0.0,0.0,0.0,0.0,0.0,0.0,0.0,0.0,1.0,0.0,0.0,0.0,0.0,0.0,0.0,0.0,1.0,0.0,0.0,0.0,0.0,0.0,0.0,0.0,1.0,0.0,0.0,0.0,0.0,0.0,0.0,0.0,haze4k_train_oof,7a3c6712abe6a999204b4ec8a13dc3664fee1af12ed5f0c7bcd5fccf79f05504
0,0.43333333333333324,-0.001431915760767121,3.3623497904199624,-0.00039386749267578125,5.999901790860768,3.3623497904199624,0.11999999999999997,0.44666666666666655,oof_fold_0,1.0,0.0,0.0,0.0,0.0,0.0,0.0,0.0,0.0,1.0,0.0,0.0,0.0,0.0,0.0,0.0,0.0,1.0,0.0,0.0,0.0,0.0,0.0,0.0,0.0,1.0,0.0,0.0,0.0,0.0,0.0,0.0,0.0,haze4k_train_oof,7a3d95f55c2fae48a33c4273b4b306f9e31f6910430b20de861e0d5c31fbb046
4,0.8383999999999999,-0.0038650305869601044,0.9812913814167175,-0.01327049732208252,4.84539954372471,0.9812913814167175,0.09439999999999997,0.06719999999999998,oof_fold_4,1.0,0.0,0.0,0.0,0.0,0.0,0.0,0.0,0.0,1.0,0.0,0.0,0.0,0.0,0.0,0.0,0.0,1.0,0.0,0.0,0.0,0.0,0.0,0.0,0.0,1.0,0.0,0.0,0.0,0.0,0.0,0.0,0.0,haze4k_train_oof,7a4f4cc0d7cbcbf3228782e4ddf8cfde96278b37534e8f9ccf39ffb9c4781281
4,0.7866666666666664,-0.0006527575878327399,0.7772125295683736,-0.0004984140396118164,6.291691743175697,0.7772125295683736,0.12999999999999998,0.08333333333333331,oof_fold_4,1.0,0.0,0.0,0.0,0.0,0.0,0.0,0.0,0.0,1.0,0.0,0.0,0.0,0.0,0.0,0.0,0.0,1.0,0.0,0.0,0.0,0.0,0.0,0.0,0.0,1.0,0.0,0.0,0.0,0.0,0.0,0.0,0.0,haze4k_train_oof,7a58290aefe195e5438a2f33cc2b2c976adba62b6c131c274d6a297e6701906c
2,0.14719999999999994,-0.010858461996529754,4.526887952343266,0.0013011693954467773,1.4985855607709908,4.526887952343266,0.8367999999999999,0.015999999999999993,oof_fold_2,1.0,0.0,0.0,0.0,0.0,0.0,0.0,0.0,0.0,1.0,0.0,0.0,0.0,0.0,0.0,0.0,0.0,1.0,0.0,0.0,0.0,0.0,0.0,0.0,0.0,1.0,0.0,0.0,0.0,0.0,0.0,0.0,0.0,haze4k_train_oof,7a6d7af3e9dc7ed2739b1351d592fb927a349fb708d935e1415621732e8ef0ae
2,0.6699999999999999,-0.000383511834873692,1.206099991685889,-0.00010919570922851562,6.700110836047152,1.206099991685889,0.2133333333333333,0.11666666666666664,oof_fold_2,1.0,0.0,0.0,0.0,0.0,0.0,0.0,0.0,0.0,1.0,0.0,0.0,0.0,0.0,0.0,0.0,0.0,1.0,0.0,0.0,0.0,0.0,0.0,0.0,0.0,1.0,0.0,0.0,0.0,0.0,0.0,0.0,0.0,haze4k_train_oof,7bfc28c104b197ce4c85b4bb71253c412c82fa7fd73786b7edf778e917dfca72
2,0.7535999999999997,-0.0024193092013476414,2.078823115621063,-0.0011551976203918457,7.829806263390665,2.078823115621063,0.19519999999999993,0.05119999999999998,oof_fold_2,1.0,0.0,0.0,0.0,0.0,0.0,0.0,0.0,0.0,1.0,0.0,0.0,0.0,0.0,0.0,0.0,0.0,1.0,0.0,0.0,0.0,0.0,0.0,0.0,0.0,1.0,0.0,0.0,0.0,0.0,0.0,0.0,0.0,haze4k_train_oof,7c01862576061fbf113bd4b99a310b270f910b4ce0923211a361fa1a4fd07ba1
0,0.9871999999999999,0.00034077996739457876,0.15860188536033348,-0.001836538314819336,1.6302241039147631,0.15860188536033348,0.006399999999999998,0.006399999999999998,oof_fold_0,1.0,0.0,0.0,0.0,0.0,0.0,0.0,0.0,0.0,1.0,0.0,0.0,0.0,0.0,0.0,0.0,0.0,1.0,0.0,0.0,0.0,0.0,0.0,0.0,0.0,1.0,0.0,0.0,0.0,0.0,0.0,0.0,0.0,haze4k_train_oof,7c4a8f06578e65e0a7653360016408c38d060608f77472ae071d58f4f4244866
2,0.8266666666666664,0.00013172787708400492,0.4760520701766211,1.6808509826660156e-05,8.738886299109431,0.4760520701766211,0.016666666666666663,0.15666666666666665,oof_fold_2,1.0,0.0,0.0,0.0,0.0,0.0,0.0,0.0,0.0,1.0,0.0,0.0,0.0,0.0,0.0,0.0,0.0,1.0,0.0,0.0,0.0,0.0,0.0,0.0,0.0,1.0,0.0,0.0,0.0,0.0,0.0,0.0,0.0,haze4k_train_oof,7d3e17d5de7dcc9d653b8051789236bcaa05976bdb6aeac183926f27e84248b1
0,0.7423999999999998,-0.0016938202016521242,0.750737740572081,-6.258487701416016e-05,2.6997725751611483,0.750737740572081,0.13599999999999995,0.12159999999999996,oof_fold_0,1.0,0.0,0.0,0.0,0.0,0.0,0.0,0.0,0.0,1.0,0.0,0.0,0.0,0.0,0.0,0.0,0.0,1.0,0.0,0.0,0.0,0.0,0.0,0.0,0.0,1.0,0.0,0.0,0.0,0.0,0.0,0.0,0.0,haze4k_train_oof,7d731c149ef3b09538a1a8e640cc65f45654c3e9c3f7bbd2e1b115cfb165a38d
1,0.8191999999999998,-0.0012023978845293946,0.7999076837771497,-0.00177001953125,4.780191968381253,0.7999076837771497,0.14719999999999994,0.03359999999999999,oof_fold_1,1.0,0.0,0.0,0.0,0.0,0.0,0.0,0.0,0.0,1.0,0.0,0.0,0.0,0.0,0.0,0.0,0.0,1.0,0.0,0.0,0.0,0.0,0.0,0.0,0.0,1.0,0.0,0.0,0.0,0.0,0.0,0.0,0.0,haze4k_train_oof,7de755a0b1f04df72cbf695fe3f81e615bbf2bf20d1de81acb6944010d4a8225
1,0.8319999999999999,-0.0007444930574585061,0.8512243843544667,-0.0023654699325561523,7.905843032662208,0.8512243843544667,0.02399999999999999,0.14399999999999996,oof_fold_1,1.0,0.0,0.0,0.0,0.0,0.0,0.0,0.0,0.0,1.0,0.0,0.0,0.0,0.0,0.0,0.0,0.0,1.0,0.0,0.0,0.0,0.0,0.0,0.0,0.0,1.0,0.0,0.0,0.0,0.0,0.0,0.0,0.0,haze4k_train_oof,7f730aeb4fde9d1c196f9ed89f76044b1f92753203a3c1917612e1b9ce4e260e
3,0.8719999999999998,-0.0005901344704713363,1.0850715929146872,-0.0003796219825744629,4.770070207396046,1.0850715929146872,0.10879999999999997,0.019199999999999995,oof_fold_3,1.0,0.0,0.0,0.0,0.0,0.0,0.0,0.0,0.0,1.0,0.0,0.0,0.0,0.0,0.0,0.0,0.0,1.0,0.0,0.0,0.0,0.0,0.0,0.0,0.0,1.0,0.0,0.0,0.0,0.0,0.0,0.0,0.0,haze4k_train_oof,7fa0a1705cec67d7898a4e667766d380cf7810ecfba07ec2cfc84380660c5695
3,0.7471999999999998,-0.003944102389850499,1.0569454887885783,-0.0028992295265197754,6.4986620759231855,1.0569454887885783,0.16959999999999995,0.08319999999999997,oof_fold_3,1.0,0.0,0.0,0.0,0.0,0.0,0.0,0.0,0.0,1.0,0.0,0.0,0.0,0.0,0.0,0.0,0.0,1.0,0.0,0.0,0.0,0.0,0.0,0.0,0.0,1.0,0.0,0.0,0.0,0.0,0.0,0.0,0.0,haze4k_train_oof,7fc68746e532567371f94aa49a646468505c321061c1a40bc7b386ad0428ca67
3,0.7266666666666666,-0.0004006180889892776,1.1347927260077242,-0.0007040500640869141,7.0927195102862015,1.1347927260077242,0.10666666666666663,0.1666666666666666,oof_fold_3,1.0,0.0,0.0,0.0,0.0,0.0,0.0,0.0,0.0,1.0,0.0,0.0,0.0,0.0,0.0,0.0,0.0,1.0,0.0,0.0,0.0,0.0,0.0,0.0,0.0,1.0,0.0,0.0,0.0,0.0,0.0,0.0,0.0,haze4k_train_oof,7fd1e04059131edbdf03474cf3e15b7e2f07c09c99b4c2194ecb60532fe7c92c
2,0.2975999999999999,-0.0239193724316506,6.591013500747231,-0.0018978118896484375,6.054891163062468,6.591013500747231,0.6207999999999999,0.08159999999999996,oof_fold_2,1.0,0.0,0.0,0.0,0.0,0.0,0.0,0.0,0.0,1.0,0.0,0.0,0.0,0.0,0.0,0.0,0.0,1.0,0.0,0.0,0.0,0.0,0.0,0.0,0.0,1.0,0.0,0.0,0.0,0.0,0.0,0.0,0.0,haze4k_train_oof,7ffb1308971f698e297edbcab42fe05bc595660317a9e98041dd17c9207d7c63
3,0.5533333333333331,-0.0013076730427009253,1.445682323355065,-0.0006290674209594727,3.6496741668546164,1.445682323355065,0.30666666666666664,0.13999999999999999,oof_fold_3,1.0,0.0,0.0,0.0,0.0,0.0,0.0,0.0,0.0,1.0,0.0,0.0,0.0,0.0,0.0,0.0,0.0,1.0,0.0,0.0,0.0,0.0,0.0,0.0,0.0,1.0,0.0,0.0,0.0,0.0,0.0,0.0,0.0,haze4k_train_oof,806b25ec9a81adb739250228fbd53b478c62af523d28a3aca356fe2e8d21c058
3,0.1567999999999999,0.0008785117370134683,5.0174076542258845,0.0008620023727416992,3.2353068638197797,5.0174076542258845,0.7839999999999998,0.059199999999999975,oof_fold_3,1.0,0.0,0.0,0.0,0.0,0.0,0.0,0.0,0.0,1.0,0.0,0.0,0.0,0.0,0.0,0.0,0.0,1.0,0.0,0.0,0.0,0.0,0.0,0.0,0.0,1.0,0.0,0.0,0.0,0.0,0.0,0.0,0.0,haze4k_train_oof,806b3e09dd983032ec43ecd16903d598c8df5c2c7de70b007c3fda5ed2a270cf
0,0.4299999999999998,-0.0005237149982253364,1.0364807592155572,-0.00012427568435668945,3.198598236133094,1.0364807592155572,0.5433333333333332,0.026666666666666658,oof_fold_0,1.0,0.0,0.0,0.0,0.0,0.0,0.0,0.0,0.0,1.0,0.0,0.0,0.0,0.0,0.0,0.0,0.0,1.0,0.0,0.0,0.0,0.0,0.0,0.0,0.0,1.0,0.0,0.0,0.0,0.0,0.0,0.0,0.0,haze4k_train_oof,816b229fcb45a83f807b8873701cf0e9fb619f432b93ec1dedd6d27393baa480
3,0.5215999999999998,-0.005701367484007885,3.225962199036111,-0.0015343427658081055,4.408853282356645,3.225962199036111,0.44479999999999986,0.033599999999999984,oof_fold_3,1.0,0.0,0.0,0.0,0.0,0.0,0.0,0.0,0.0,1.0,0.0,0.0,0.0,0.0,0.0,0.0,0.0,1.0,0.0,0.0,0.0,0.0,0.0,0.0,0.0,1.0,0.0,0.0,0.0,0.0,0.0,0.0,0.0,haze4k_train_oof,819ba4f5714c5d7c6aba9036e517862898d430423bc510f9f7438dfe84ea2b84
1,0.7871999999999998,-0.0010262788207677656,1.0562690531120822,-0.0007426142692565918,6.580018350321417,1.0562690531120822,0.14079999999999995,0.07199999999999998,oof_fold_1,1.0,0.0,0.0,0.0,0.0,0.0,0.0,0.0,0.0,1.0,0.0,0.0,0.0,0.0,0.0,0.0,0.0,1.0,0.0,0.0,0.0,0.0,0.0,0.0,0.0,1.0,0.0,0.0,0.0,0.0,0.0,0.0,0.0,haze4k_train_oof,8251c19cf4f7a148679c30e15fe864ccbb9712803ddf53e9ca31a2c99209ae7c
0,0.8733333333333333,-0.0012413744033031786,3.9186371405255187,-8.887052536010742e-05,6.27368039147585,3.9186371405255187,0.11999999999999997,0.006666666666666665,oof_fold_0,1.0,0.0,0.0,0.0,0.0,0.0,0.0,0.0,0.0,1.0,0.0,0.0,0.0,0.0,0.0,0.0,0.0,1.0,0.0,0.0,0.0,0.0,0.0,0.0,0.0,1.0,0.0,0.0,0.0,0.0,0.0,0.0,0.0,haze4k_train_oof,827eefd66bb191d36dfdf73a9d147c0a277f9449d4457b26dfba3ecf20ebc110
1,0.69,-0.00022253782986253012,0.9784283873200366,-0.00048220157623291016,5.296550814297497,0.9784283873200366,0.2099999999999999,0.09999999999999998,oof_fold_1,1.0,0.0,0.0,0.0,0.0,0.0,0.0,0.0,0.0,1.0,0.0,0.0,0.0,0.0,0.0,0.0,0.0,1.0,0.0,0.0,0.0,0.0,0.0,0.0,0.0,1.0,0.0,0.0,0.0,0.0,0.0,0.0,0.0,haze4k_train_oof,82fe83ab088167daf2922e947ff2c6f8613364354ebd25487aba66e04304c337
0,0.8767999999999998,-0.0022863223751541225,0.5058681404143144,-0.003741919994354248,3.5429282623681573,0.5058681404143144,0.012799999999999995,0.11039999999999994,oof_fold_0,1.0,0.0,0.0,0.0,0.0,0.0,0.0,0.0,0.0,1.0,0.0,0.0,0.0,0.0,0.0,0.0,0.0,1.0,0.0,0.0,0.0,0.0,0.0,0.0,0.0,1.0,0.0,0.0,0.0,0.0,0.0,0.0,0.0,haze4k_train_oof,83b32ff23d52914eb52a128b0ad4034f6539fc4b102f371738226e9e44801bbc
1,0.8266666666666664,-0.0014104335132623814,1.399687429887564,-0.0023382902145385742,4.557645776546707,1.399687429887564,0.1533333333333333,0.019999999999999997,oof_fold_1,1.0,0.0,0.0,0.0,0.0,0.0,0.0,0.0,0.0,1.0,0.0,0.0,0.0,0.0,0.0,0.0,0.0,1.0,0.0,0.0,0.0,0.0,0.0,0.0,0.0,1.0,0.0,0.0,0.0,0.0,0.0,0.0,0.0,haze4k_train_oof,84a561a0ab6e4d9b99c4c0391082e291c67a3665e102ad2e8af1ca2df7ac957d
2,0.8133333333333331,-0.00014598945827131612,0.4694559586373046,-5.537271499633789e-05,3.603840792428663,0.4694559586373046,0.08666666666666666,0.09999999999999996,oof_fold_2,1.0,0.0,0.0,0.0,0.0,0.0,0.0,0.0,0.0,1.0,0.0,0.0,0.0,0.0,0.0,0.0,0.0,1.0,0.0,0.0,0.0,0.0,0.0,0.0,0.0,1.0,0.0,0.0,0.0,0.0,0.0,0.0,0.0,haze4k_train_oof,84ef3560c9801e90790b4b335839b3218553fb5cf9118b321a1fbfd07d284535
4,0.3487999999999999,-0.018597844251474212,3.247717274547515,-0.021073997020721436,2.81771999549202,3.247717274547515,0.6511999999999998,0.0,oof_fold_4,1.0,0.0,0.0,0.0,0.0,0.0,0.0,0.0,0.0,1.0,0.0,0.0,0.0,0.0,0.0,0.0,0.0,1.0,0.0,0.0,0.0,0.0,0.0,0.0,0.0,1.0,0.0,0.0,0.0,0.0,0.0,0.0,0.0,haze4k_train_oof,85b5c2ae2ee25118c296965fbc5602ea038d458ece34c7cdedfefcb1b051904c
4,0.5903999999999998,-0.010470566006899997,3.5065976868884334,-0.00043904781341552734,4.209628624209163,3.5065976868884334,0.39039999999999986,0.019199999999999995,oof_fold_4,1.0,0.0,0.0,0.0,0.0,0.0,0.0,0.0,0.0,1.0,0.0,0.0,0.0,0.0,0.0,0.0,0.0,1.0,0.0,0.0,0.0,0.0,0.0,0.0,0.0,1.0,0.0,0.0,0.0,0.0,0.0,0.0,0.0,haze4k_train_oof,86ba05f81bcd55a6f4ac8c553aadb3253789f32b32225b80f28b8db6ab6e5525
1,0.8399999999999997,-0.00038754992818964325,2.983317163774757,-0.003165602684020996,6.265723932008974,2.983317163774757,0.05119999999999998,0.10879999999999997,oof_fold_1,1.0,0.0,0.0,0.0,0.0,0.0,0.0,0.0,0.0,1.0,0.0,0.0,0.0,0.0,0.0,0.0,0.0,1.0,0.0,0.0,0.0,0.0,0.0,0.0,0.0,1.0,0.0,0.0,0.0,0.0,0.0,0.0,0.0,haze4k_train_oof,86d1bd51ce3550c45760e09187802212e85d26f388274566e26e004721e46ca2
2,0.5663999999999998,-0.008231883912791576,4.514054272345383,-0.004318594932556152,5.822308225651263,4.514054272345383,0.4239999999999998,0.009599999999999997,oof_fold_2,1.0,0.0,0.0,0.0,0.0,0.0,0.0,0.0,0.0,1.0,0.0,0.0,0.0,0.0,0.0,0.0,0.0,1.0,0.0,0.0,0.0,0.0,0.0,0.0,0.0,1.0,0.0,0.0,0.0,0.0,0.0,0.0,0.0,haze4k_train_oof,8710b6ba1cc1a2fc5677da32041192f1e54e835f60d2bb625cc8ade839009ebb
2,0.7633333333333332,0.00013137476777299304,0.36329691419245336,-0.0001818537712097168,6.256093166156269,0.36329691419245336,0.08333333333333331,0.1533333333333333,oof_fold_2,1.0,0.0,0.0,0.0,0.0,0.0,0.0,0.0,0.0,1.0,0.0,0.0,0.0,0.0,0.0,0.0,0.0,1.0,0.0,0.0,0.0,0.0,0.0,0.0,0.0,1.0,0.0,0.0,0.0,0.0,0.0,0.0,0.0,haze4k_train_oof,8762650cb6c9c7779b73b91cfd0e95d1bb069081a332374b32b0a1d9e21c7b40
2,0.8099999999999998,-3.18525805161901e-05,0.3501889252922865,-0.00023663043975830078,6.764095521393024,0.3501889252922865,0.1033333333333333,0.08666666666666664,oof_fold_2,1.0,0.0,0.0,0.0,0.0,0.0,0.0,0.0,0.0,1.0,0.0,0.0,0.0,0.0,0.0,0.0,0.0,1.0,0.0,0.0,0.0,0.0,0.0,0.0,0.0,1.0,0.0,0.0,0.0,0.0,0.0,0.0,0.0,haze4k_train_oof,8800496f765287f1ab0b871e88b8474415d43a9121de66f1ff88dd6e7e6564ec
0,0.45439999999999986,-0.015181132875045297,5.884314286883573,-0.0011448860168457031,7.125743377202625,5.884314286883573,0.4367999999999999,0.10879999999999997,oof_fold_0,1.0,0.0,0.0,0.0,0.0,0.0,0.0,0.0,0.0,1.0,0.0,0.0,0.0,0.0,0.0,0.0,0.0,1.0,0.0,0.0,0.0,0.0,0.0,0.0,0.0,1.0,0.0,0.0,0.0,0.0,0.0,0.0,0.0,haze4k_train_oof,88b33680284b974fa907d98294d5c10768e6683f1d480cd85c3a5155d7f623e3
2,0.38079999999999986,-0.010922510862971347,6.647718985397546,-0.0013562440872192383,6.853735730723912,6.647718985397546,0.5615999999999999,0.05759999999999998,oof_fold_2,1.0,0.0,0.0,0.0,0.0,0.0,0.0,0.0,0.0,1.0,0.0,0.0,0.0,0.0,0.0,0.0,0.0,1.0,0.0,0.0,0.0,0.0,0.0,0.0,0.0,1.0,0.0,0.0,0.0,0.0,0.0,0.0,0.0,haze4k_train_oof,8946c58956d7f9ad3ad839c0e0e61bc8047a1e4f9d7a28c939fec989a05598ba
2,0.7033333333333333,0.00016221887516153222,0.9905602223406973,-0.00019055604934692383,7.0529989858420095,0.9905602223406973,0.13666666666666663,0.15999999999999998,oof_fold_2,1.0,0.0,0.0,0.0,0.0,0.0,0.0,0.0,0.0,1.0,0.0,0.0,0.0,0.0,0.0,0.0,0.0,1.0,0.0,0.0,0.0,0.0,0.0,0.0,0.0,1.0,0.0,0.0,0.0,0.0,0.0,0.0,0.0,haze4k_train_oof,895668993e737172fd0a09b5e533b290e6334cd96728a2a01748fad2a7c6f6f7
4,0.7499999999999999,-2.2644167963537442e-05,0.922859955191278,-0.0011598467826843262,6.093620599653775,0.922859955191278,0.12999999999999998,0.11999999999999998,oof_fold_4,1.0,0.0,0.0,0.0,0.0,0.0,0.0,0.0,0.0,1.0,0.0,0.0,0.0,0.0,0.0,0.0,0.0,1.0,0.0,0.0,0.0,0.0,0.0,0.0,0.0,1.0,0.0,0.0,0.0,0.0,0.0,0.0,0.0,haze4k_train_oof,89a3543a9d6f8c6c5f0ecb42f1d0a0af4538d1a8292a8705935d46132b7b8a58
1,0.46719999999999984,-0.010205311608485257,4.597164287336305,-0.0009467601776123047,4.76738449067058,4.597164287336305,0.5295999999999998,0.003199999999999999,oof_fold_1,1.0,0.0,0.0,0.0,0.0,0.0,0.0,0.0,0.0,1.0,0.0,0.0,0.0,0.0,0.0,0.0,0.0,1.0,0.0,0.0,0.0,0.0,0.0,0.0,0.0,1.0,0.0,0.0,0.0,0.0,0.0,0.0,0.0,haze4k_train_oof,8a44023a6501d7cdf36909a14cdfb3c28b7d06e99d8b4a5a25810f9308d6791a
0,0.3999999999999999,-0.0014756130313066428,2.0755336522875467,-0.00048470497131347656,6.785089404914231,2.0755336522875467,0.37333333333333324,0.22666666666666663,oof_fold_0,1.0,0.0,0.0,0.0,0.0,0.0,0.0,0.0,0.0,1.0,0.0,0.0,0.0,0.0,0.0,0.0,0.0,1.0,0.0,0.0,0.0,0.0,0.0,0.0,0.0,1.0,0.0,0.0,0.0,0.0,0.0,0.0,0.0,haze4k_train_oof,8aac8180b8476eaf03acd87529f8fc74b26f8e257a81375710c199a370b5ad96
1,0.6911999999999997,-0.002129275814692179,1.5184784075255493,-0.0018126964569091797,4.779219255974105,1.5184784075255493,0.2607999999999999,0.04799999999999998,oof_fold_1,1.0,0.0,0.0,0.0,0.0,0.0,0.0,0.0,0.0,1.0,0.0,0.0,0.0,0.0,0.0,0.0,0.0,1.0,0.0,0.0,0.0,0.0,0.0,0.0,0.0,1.0,0.0,0.0,0.0,0.0,0.0,0.0,0.0,haze4k_train_oof,8aace6cefda25eeb2b3bfa498367180bd35ee5b6059e67d0cb99ed863a3d3fb7
1,0.5519999999999998,-0.00750250486715231,2.809497293868123,-0.0029172897338867188,3.982198680444654,2.809497293868123,0.3967999999999999,0.05119999999999998,oof_fold_1,1.0,0.0,0.0,0.0,0.0,0.0,0.0,0.0,0.0,1.0,0.0,0.0,0.0,0.0,0.0,0.0,0.0,1.0,0.0,0.0,0.0,0.0,0.0,0.0,0.0,1.0,0.0,0.0,0.0,0.0,0.0,0.0,0.0,haze4k_train_oof,8bcbf52ef08445cd1a61867641f69917d09d778427ea785fc270808e20cdc35f
3,0.6575999999999999,-0.010900107503682373,4.513497755746769,-0.004909157752990723,6.754186228815989,4.513497755746769,0.34239999999999987,0.0,oof_fold_3,1.0,0.0,0.0,0.0,0.0,0.0,0.0,0.0,0.0,1.0,0.0,0.0,0.0,0.0,0.0,0.0,0.0,1.0,0.0,0.0,0.0,0.0,0.0,0.0,0.0,1.0,0.0,0.0,0.0,0.0,0.0,0.0,0.0,haze4k_train_oof,8c2aea5b4915bcfae4965820c1e20ecff29f38f0f109b338b0e1776d9d4670c6
4,0.5666666666666665,-0.004457476530531293,1.9627871064142184,-0.004083156585693359,5.111530165316573,1.9627871064142184,0.3466666666666666,0.08666666666666666,oof_fold_4,1.0,0.0,0.0,0.0,0.0,0.0,0.0,0.0,0.0,1.0,0.0,0.0,0.0,0.0,0.0,0.0,0.0,1.0,0.0,0.0,0.0,0.0,0.0,0.0,0.0,1.0,0.0,0.0,0.0,0.0,0.0,0.0,0.0,haze4k_train_oof,8d12d821fd10853d0c0a4c5dd970015eab94feb72be3641ae30274a031cda65f
3,0.5566666666666665,-6.597743847388876e-05,1.61567485747495,-0.0001398921012878418,4.430205893262212,1.61567485747495,0.26999999999999996,0.1733333333333333,oof_fold_3,1.0,0.0,0.0,0.0,0.0,0.0,0.0,0.0,0.0,1.0,0.0,0.0,0.0,0.0,0.0,0.0,0.0,1.0,0.0,0.0,0.0,0.0,0.0,0.0,0.0,1.0,0.0,0.0,0.0,0.0,0.0,0.0,0.0,haze4k_train_oof,8da7d48106bf00c310f2970e12dbf909bcc5f91cfdd00815fd5a7674a5d94f2e
2,0.69,-0.0037946579732738425,2.329283247921225,-0.002854764461517334,8.019495433132022,2.329283247921225,0.22666666666666663,0.08333333333333333,oof_fold_2,1.0,0.0,0.0,0.0,0.0,0.0,0.0,0.0,0.0,1.0,0.0,0.0,0.0,0.0,0.0,0.0,0.0,1.0,0.0,0.0,0.0,0.0,0.0,0.0,0.0,1.0,0.0,0.0,0.0,0.0,0.0,0.0,0.0,haze4k_train_oof,8e32d58ccf6f0c4f372eec29fab40559ac25d4c165b4008864f277a3037b0e67
2,0.5215999999999998,-0.011789543307835508,3.9707002673368805,-0.0077422261238098145,4.674921411262247,3.9707002673368805,0.4495999999999998,0.02879999999999999,oof_fold_2,1.0,0.0,0.0,0.0,0.0,0.0,0.0,0.0,0.0,1.0,0.0,0.0,0.0,0.0,0.0,0.0,0.0,1.0,0.0,0.0,0.0,0.0,0.0,0.0,0.0,1.0,0.0,0.0,0.0,0.0,0.0,0.0,0.0,haze4k_train_oof,8e53f000069a2c9d3fcac4197766466ed72c1cdcb1676d059597b1a654e6d76a
2,0.6783999999999998,-2.0943844784050702e-05,1.574414485196705,-0.004373073577880859,5.262843696989094,1.574414485196705,0.17279999999999993,0.14879999999999996,oof_fold_2,1.0,0.0,0.0,0.0,0.0,0.0,0.0,0.0,0.0,1.0,0.0,0.0,0.0,0.0,0.0,0.0,0.0,1.0,0.0,0.0,0.0,0.0,0.0,0.0,0.0,1.0,0.0,0.0,0.0,0.0,0.0,0.0,0.0,haze4k_train_oof,8e906a941e2919b4c2b170854025b25290c76a67e95735e0b840257fa4514340
0,0.7866666666666664,-0.00453010333938755,3.3153899676143155,-0.0009174346923828125,6.215760709779502,3.3153899676143155,0.18666666666666665,0.02666666666666666,oof_fold_0,1.0,0.0,0.0,0.0,0.0,0.0,0.0,0.0,0.0,1.0,0.0,0.0,0.0,0.0,0.0,0.0,0.0,1.0,0.0,0.0,0.0,0.0,0.0,0.0,0.0,1.0,0.0,0.0,0.0,0.0,0.0,0.0,0.0,haze4k_train_oof,8f0ed7e40c31fe1f3422fde8af326edf8166d3f52b9e3b0417e64c14e47c56c7
2,0.6033333333333332,0.0003275752120933048,1.3045497983556658,-0.0017284750938415527,3.752199455543078,1.3045497983556658,0.16999999999999998,0.22666666666666663,oof_fold_2,1.0,0.0,0.0,0.0,0.0,0.0,0.0,0.0,0.0,1.0,0.0,0.0,0.0,0.0,0.0,0.0,0.0,1.0,0.0,0.0,0.0,0.0,0.0,0.0,0.0,1.0,0.0,0.0,0.0,0.0,0.0,0.0,0.0,haze4k_train_oof,8f1feeafb3e0960fc518bca46651ae8e897de1bcb0b6153c9ef0ad402c66db3a
4,0.5866666666666666,-0.004562989748816335,3.4579567304223104,-0.002156853675842285,5.716917244683131,3.4579567304223104,0.3899999999999999,0.02333333333333333,oof_fold_4,1.0,0.0,0.0,0.0,0.0,0.0,0.0,0.0,0.0,1.0,0.0,0.0,0.0,0.0,0.0,0.0,0.0,1.0,0.0,0.0,0.0,0.0,0.0,0.0,0.0,1.0,0.0,0.0,0.0,0.0,0.0,0.0,0.0,haze4k_train_oof,8fd7c88c85a4ffca661f920bb8a5096477176221eb9e4e03fd7e47d8794aeae9
0,0.6566666666666666,-0.00019634793443704742,1.1227850625284503,-0.0005363821983337402,7.224296949394322,1.1227850625284503,0.20333333333333325,0.13999999999999993,oof_fold_0,1.0,0.0,0.0,0.0,0.0,0.0,0.0,0.0,0.0,1.0,0.0,0.0,0.0,0.0,0.0,0.0,0.0,1.0,0.0,0.0,0.0,0.0,0.0,0.0,0.0,1.0,0.0,0.0,0.0,0.0,0.0,0.0,0.0,haze4k_train_oof,901cd2ff8434bd92467ac50f12bc29dded748de1fbd6f884cc6bcd6e834fde1d
0,0.35666666666666663,-0.0013665019011957864,2.3601022102569473,-0.0007796287536621094,4.286785961048928,2.3601022102569473,0.39333333333333326,0.24999999999999994,oof_fold_0,1.0,0.0,0.0,0.0,0.0,0.0,0.0,0.0,0.0,1.0,0.0,0.0,0.0,0.0,0.0,0.0,0.0,1.0,0.0,0.0,0.0,0.0,0.0,0.0,0.0,1.0,0.0,0.0,0.0,0.0,0.0,0.0,0.0,haze4k_train_oof,904f5c74617627748a354984eb8a37b181ba9b69a504a19146c30edf2b839519
3,0.7871999999999998,0.000296550910359171,1.867951579725144,-0.00011605024337768555,7.460477805309246,1.867951579725144,0.12799999999999995,0.08479999999999997,oof_fold_3,1.0,0.0,0.0,0.0,0.0,0.0,0.0,0.0,0.0,1.0,0.0,0.0,0.0,0.0,0.0,0.0,0.0,1.0,0.0,0.0,0.0,0.0,0.0,0.0,0.0,1.0,0.0,0.0,0.0,0.0,0.0,0.0,0.0,haze4k_train_oof,90adc706ae0003c235c22b335e96fda42080abb7fcc17b3412d473534806b1d1
3,0.7951999999999998,-0.0028346264563423275,1.3899348083010494,-0.0033735036849975586,5.549098364310133,1.3899348083010494,0.18239999999999992,0.022399999999999993,oof_fold_3,1.0,0.0,0.0,0.0,0.0,0.0,0.0,0.0,0.0,1.0,0.0,0.0,0.0,0.0,0.0,0.0,0.0,1.0,0.0,0.0,0.0,0.0,0.0,0.0,0.0,1.0,0.0,0.0,0.0,0.0,0.0,0.0,0.0,haze4k_train_oof,90d6de625bb70639f7bef3d86c29bc580e870b71875bba73caf8b29e6e63ad5f
4,0.7133333333333333,-0.0013302308241455864,1.2512209171369761,-0.0005043745040893555,4.369878027810849,1.2512209171369761,0.1933333333333333,0.09333333333333332,oof_fold_4,1.0,0.0,0.0,0.0,0.0,0.0,0.0,0.0,0.0,1.0,0.0,0.0,0.0,0.0,0.0,0.0,0.0,1.0,0.0,0.0,0.0,0.0,0.0,0.0,0.0,1.0,0.0,0.0,0.0,0.0,0.0,0.0,0.0,haze4k_train_oof,911471fc28161a019a499663a106aef8d325150b8734ca01a8ed5c1db8818c89
2,0.7699999999999998,0.0002942003848784224,0.9039741142451021,0.0006654858589172363,6.99225300181466,0.9039741142451021,0.06333333333333331,0.16666666666666666,oof_fold_2,1.0,0.0,0.0,0.0,0.0,0.0,0.0,0.0,0.0,1.0,0.0,0.0,0.0,0.0,0.0,0.0,0.0,1.0,0.0,0.0,0.0,0.0,0.0,0.0,0.0,1.0,0.0,0.0,0.0,0.0,0.0,0.0,0.0,haze4k_train_oof,911ee1c75444c5697a707bb044d6d0638019cfbcccd7fc7142b775182a7afa2d
2,0.9247999999999997,-0.00026031195195585794,0.995198388731886,-0.000582277774810791,3.0547763101907535,0.995198388731886,0.04479999999999998,0.030399999999999986,oof_fold_2,1.0,0.0,0.0,0.0,0.0,0.0,0.0,0.0,0.0,1.0,0.0,0.0,0.0,0.0,0.0,0.0,0.0,1.0,0.0,0.0,0.0,0.0,0.0,0.0,0.0,1.0,0.0,0.0,0.0,0.0,0.0,0.0,0.0,haze4k_train_oof,91cd87ab59e2eab487d2007fa3210840d1faada4f5ec7d274dc824fb47faebce
0,0.6799999999999999,-0.005836186070393726,1.9645191117904162,-0.003481268882751465,3.488461375558394,1.9645191117904162,0.29666666666666663,0.02333333333333333,oof_fold_0,1.0,0.0,0.0,0.0,0.0,0.0,0.0,0.0,0.0,1.0,0.0,0.0,0.0,0.0,0.0,0.0,0.0,1.0,0.0,0.0,0.0,0.0,0.0,0.0,0.0,1.0,0.0,0.0,0.0,0.0,0.0,0.0,0.0,haze4k_train_oof,93ef0fda0eb9693371477368f258b4c3ca035eb510b2937c39c2c4fd836ececd
3,0.8666666666666665,-0.0003604314095087425,0.640297490447665,-0.0012435317039489746,4.547649485993482,0.640297490447665,0.053333333333333316,0.07999999999999999,oof_fold_3,1.0,0.0,0.0,0.0,0.0,0.0,0.0,0.0,0.0,1.0,0.0,0.0,0.0,0.0,0.0,0.0,0.0,1.0,0.0,0.0,0.0,0.0,0.0,0.0,0.0,1.0,0.0,0.0,0.0,0.0,0.0,0.0,0.0,haze4k_train_oof,959348034faed7c1f47082b2a5a3062ec84e4515cebce120f1c448a40a272dcf
0,0.38719999999999993,-0.01811032206038944,6.372155196405096,4.00543212890625e-05,4.4908432020367535,6.372155196405096,0.6047999999999999,0.007999999999999997,oof_fold_0,1.0,0.0,0.0,0.0,0.0,0.0,0.0,0.0,0.0,1.0,0.0,0.0,0.0,0.0,0.0,0.0,0.0,1.0,0.0,0.0,0.0,0.0,0.0,0.0,0.0,1.0,0.0,0.0,0.0,0.0,0.0,0.0,0.0,haze4k_train_oof,95be09290cb7e52fed43f04e419620b8b6acfb1cc0c283161f35f33125e181a4
2,0.9633333333333332,-8.18878172585101e-05,0.08064861084273645,0.00012558698654174805,4.393733505527692,0.08064861084273645,0.03666666666666666,0.0,oof_fold_2,1.0,0.0,0.0,0.0,0.0,0.0,0.0,0.0,0.0,1.0,0.0,0.0,0.0,0.0,0.0,0.0,0.0,1.0,0.0,0.0,0.0,0.0,0.0,0.0,0.0,1.0,0.0,0.0,0.0,0.0,0.0,0.0,0.0,haze4k_train_oof,961489e566920f663bf89b2d26b757887220a7d42bd45a26d34f72841a736a1c
0,0.8047999999999998,-0.0014036790729771984,2.8853004688258963,-0.001011192798614502,6.46357517628352,2.8853004688258963,0.17279999999999993,0.022399999999999993,oof_fold_0,1.0,0.0,0.0,0.0,0.0,0.0,0.0,0.0,0.0,1.0,0.0,0.0,0.0,0.0,0.0,0.0,0.0,1.0,0.0,0.0,0.0,0.0,0.0,0.0,0.0,1.0,0.0,0.0,0.0,0.0,0.0,0.0,0.0,haze4k_train_oof,9647e15637120979919d6f2422ade84ee6a0eba23db64d98361b12def15ddf9c
0,0.9023999999999996,-0.0013217481950957637,1.005577683617659,-0.00251924991607666,3.853651698586461,1.005577683617659,0.08479999999999996,0.012799999999999995,oof_fold_0,1.0,0.0,0.0,0.0,0.0,0.0,0.0,0.0,0.0,1.0,0.0,0.0,0.0,0.0,0.0,0.0,0.0,1.0,0.0,0.0,0.0,0.0,0.0,0.0,0.0,1.0,0.0,0.0,0.0,0.0,0.0,0.0,0.0,haze4k_train_oof,967d9fe93b6532eb818069564e313ec5db25aff1e1a6aef8aee7486be750b92d
4,0.6543999999999998,-0.00926114806519278,5.5797118396287075,-0.0038028955459594727,9.432873070550361,5.5797118396287075,0.33599999999999985,0.009599999999999997,oof_fold_4,1.0,0.0,0.0,0.0,0.0,0.0,0.0,0.0,0.0,1.0,0.0,0.0,0.0,0.0,0.0,0.0,0.0,1.0,0.0,0.0,0.0,0.0,0.0,0.0,0.0,1.0,0.0,0.0,0.0,0.0,0.0,0.0,0.0,haze4k_train_oof,969a3336f8e695260fe398a3ef68247386b03ab6bc452922d2080806aeff9c16
0,0.11039999999999994,-0.010966904898474846,4.3426622770257595,-0.0006616115570068359,1.8946113965729339,4.3426622770257595,0.8671999999999999,0.022399999999999993,oof_fold_0,1.0,0.0,0.0,0.0,0.0,0.0,0.0,0.0,0.0,1.0,0.0,0.0,0.0,0.0,0.0,0.0,0.0,1.0,0.0,0.0,0.0,0.0,0.0,0.0,0.0,1.0,0.0,0.0,0.0,0.0,0.0,0.0,0.0,haze4k_train_oof,96a98f28355831f4adb9f54fa783b3ac07ce25f0bcaff550399c609021929c7e
1,0.7399999999999999,-0.004771126804792884,4.571712290947971,0.00045740604400634766,7.076562613712845,4.571712290947971,0.18666666666666665,0.07333333333333332,oof_fold_1,1.0,0.0,0.0,0.0,0.0,0.0,0.0,0.0,0.0,1.0,0.0,0.0,0.0,0.0,0.0,0.0,0.0,1.0,0.0,0.0,0.0,0.0,0.0,0.0,0.0,1.0,0.0,0.0,0.0,0.0,0.0,0.0,0.0,haze4k_train_oof,96c3d4565c7485009675945410ea29445d6100619b70a0b4fad19645d22e9c68
3,0.7999999999999998,-0.00011426343802001943,0.5678466786959504,7.921457290649414e-05,4.661724186237798,0.5678466786959504,0.11666666666666664,0.08333333333333333,oof_fold_3,1.0,0.0,0.0,0.0,0.0,0.0,0.0,0.0,0.0,1.0,0.0,0.0,0.0,0.0,0.0,0.0,0.0,1.0,0.0,0.0,0.0,0.0,0.0,0.0,0.0,1.0,0.0,0.0,0.0,0.0,0.0,0.0,0.0,haze4k_train_oof,9738e60e1de60151350e81f8fb79c818dce7d5463b238cb8c406074da41d83f9
0,0.7766666666666665,-0.0011691459816059555,1.3927453913750085,-0.0019252300262451172,4.977356289707551,1.3927453913750085,0.13666666666666663,0.08666666666666663,oof_fold_0,1.0,0.0,0.0,0.0,0.0,0.0,0.0,0.0,0.0,1.0,0.0,0.0,0.0,0.0,0.0,0.0,0.0,1.0,0.0,0.0,0.0,0.0,0.0,0.0,0.0,1.0,0.0,0.0,0.0,0.0,0.0,0.0,0.0,haze4k_train_oof,979200022ed8e8dbdee28d06db61bab671a82d363a9a0c425c64177a3550932d
2,0.6719999999999997,-0.003044130556712238,0.5003792413696218,-0.004022002220153809,1.2621286277378019,0.5003792413696218,0.26879999999999993,0.059199999999999975,oof_fold_2,1.0,0.0,0.0,0.0,0.0,0.0,0.0,0.0,0.0,1.0,0.0,0.0,0.0,0.0,0.0,0.0,0.0,1.0,0.0,0.0,0.0,0.0,0.0,0.0,0.0,1.0,0.0,0.0,0.0,0.0,0.0,0.0,0.0,haze4k_train_oof,97bb1d21a43954c65ddb6a5d83cc6346a19b75da679d08637de8ea670beac66b
2,0.7366666666666666,-0.0019584668800520276,3.896956305098506,-0.0019229650497436523,6.73647064679907,3.896956305098506,0.029999999999999992,0.23333333333333328,oof_fold_2,1.0,0.0,0.0,0.0,0.0,0.0,0.0,0.0,0.0,1.0,0.0,0.0,0.0,0.0,0.0,0.0,0.0,1.0,0.0,0.0,0.0,0.0,0.0,0.0,0.0,1.0,0.0,0.0,0.0,0.0,0.0,0.0,0.0,haze4k_train_oof,9888c911f66af1bcf555e1b87a0ce2f6e26e9c03879c17d8ee5aaf2704bc4e75
0,0.46333333333333326,-0.0012788217983456382,1.8111253340992306,-0.00020295381546020508,6.0521841436049755,1.8111253340992306,0.21333333333333326,0.32333333333333325,oof_fold_0,1.0,0.0,0.0,0.0,0.0,0.0,0.0,0.0,0.0,1.0,0.0,0.0,0.0,0.0,0.0,0.0,0.0,1.0,0.0,0.0,0.0,0.0,0.0,0.0,0.0,1.0,0.0,0.0,0.0,0.0,0.0,0.0,0.0,haze4k_train_oof,996ed3069b09f0b7b35b7157334f32039cb9ef22260f94e08a5b2806b3c68ff0
3,0.6833333333333332,-0.00041925508818748216,0.603106898008491,-0.00017559528350830078,5.340275576083165,0.603106898008491,0.04666666666666666,0.26999999999999996,oof_fold_3,1.0,0.0,0.0,0.0,0.0,0.0,0.0,0.0,0.0,1.0,0.0,0.0,0.0,0.0,0.0,0.0,0.0,1.0,0.0,0.0,0.0,0.0,0.0,0.0,0.0,1.0,0.0,0.0,0.0,0.0,0.0,0.0,0.0,haze4k_train_oof,9a9cc4a5a3c232771c75051bd190fad1d00e39a83bcbd65e3c2a51a3c582e38d
4,0.6433333333333332,-0.0011605648363865837,2.0289382023874936,-0.00013011693954467773,3.601925249666756,2.0289382023874936,0.3433333333333332,0.01333333333333333,oof_fold_4,1.0,0.0,0.0,0.0,0.0,0.0,0.0,0.0,0.0,1.0,0.0,0.0,0.0,0.0,0.0,0.0,0.0,1.0,0.0,0.0,0.0,0.0,0.0,0.0,0.0,1.0,0.0,0.0,0.0,0.0,0.0,0.0,0.0,haze4k_train_oof,9be74f4e9e31124f6036225b7353785044c0d60888d84ae51e4096162c788879
2,0.6047999999999999,0.002172579841486488,0.8279820427423878,-0.0036225318908691406,2.255238951371929,0.8279820427423878,0.24959999999999993,0.14559999999999995,oof_fold_2,1.0,0.0,0.0,0.0,0.0,0.0,0.0,0.0,0.0,1.0,0.0,0.0,0.0,0.0,0.0,0.0,0.0,1.0,0.0,0.0,0.0,0.0,0.0,0.0,0.0,1.0,0.0,0.0,0.0,0.0,0.0,0.0,0.0,haze4k_train_oof,9c191a9c97f2d0d6ddaaa95ce666926f2156a10218eb6b862c024d406b93558b
1,0.40319999999999984,-0.0023103590130539183,4.292057185613494,-0.0030106306076049805,5.239500489266973,4.292057185613494,0.48319999999999985,0.11359999999999995,oof_fold_1,1.0,0.0,0.0,0.0,0.0,0.0,0.0,0.0,0.0,1.0,0.0,0.0,0.0,0.0,0.0,0.0,0.0,1.0,0.0,0.0,0.0,0.0,0.0,0.0,0.0,1.0,0.0,0.0,0.0,0.0,0.0,0.0,0.0,haze4k_train_oof,9d45b015bd119960993b5f964cbd68803d9240cd98436e8b39dc3c315f3bc4ef
4,0.6783999999999998,-0.0012536118496854517,1.8413318321279277,-0.00011813640594482422,8.181915553418278,1.8413318321279277,0.2687999999999999,0.05279999999999998,oof_fold_4,1.0,0.0,0.0,0.0,0.0,0.0,0.0,0.0,0.0,1.0,0.0,0.0,0.0,0.0,0.0,0.0,0.0,1.0,0.0,0.0,0.0,0.0,0.0,0.0,0.0,1.0,0.0,0.0,0.0,0.0,0.0,0.0,0.0,haze4k_train_oof,9d64da8a43592442aa4b9e6f67bf9a64b79ae592e32e92a90a37023ee864f89b
0,0.5666666666666667,-0.0009173247698343327,1.1044579370829908,-0.00018513202667236328,5.986330518843829,1.1044579370829908,0.35999999999999993,0.07333333333333332,oof_fold_0,1.0,0.0,0.0,0.0,0.0,0.0,0.0,0.0,0.0,1.0,0.0,0.0,0.0,0.0,0.0,0.0,0.0,1.0,0.0,0.0,0.0,0.0,0.0,0.0,0.0,1.0,0.0,0.0,0.0,0.0,0.0,0.0,0.0,haze4k_train_oof,9e35b60b9bc649ec701eaa800a1e25f7a27d3c0f79a38b39c2c53388a28d9ccb
0,0.8655999999999998,-0.002000691984904309,1.4280641331936295,-0.002760648727416992,6.9540676095869145,1.4280641331936295,0.10559999999999996,0.02879999999999999,oof_fold_0,1.0,0.0,0.0,0.0,0.0,0.0,0.0,0.0,0.0,1.0,0.0,0.0,0.0,0.0,0.0,0.0,0.0,1.0,0.0,0.0,0.0,0.0,0.0,0.0,0.0,1.0,0.0,0.0,0.0,0.0,0.0,0.0,0.0,haze4k_train_oof,9e3b5aeb1b85fb3ab08846dcf4f092f32b78007696c32d1718c16fd968e68df1
1,0.9455999999999998,-1.1771865687721126e-05,0.7073136202028252,0.0010820627212524414,4.607652067951172,0.7073136202028252,0.028799999999999985,0.02559999999999999,oof_fold_1,1.0,0.0,0.0,0.0,0.0,0.0,0.0,0.0,0.0,1.0,0.0,0.0,0.0,0.0,0.0,0.0,0.0,1.0,0.0,0.0,0.0,0.0,0.0,0.0,0.0,1.0,0.0,0.0,0.0,0.0,0.0,0.0,0.0,haze4k_train_oof,9f16d82fc858902920882231206ae97d22e27ce16a7d81735c159ec9e838e6aa
0,0.8566666666666665,-0.00028159107010550444,0.7991932127842958,-0.000642240047454834,3.123925969483423,0.7991932127842958,0.1033333333333333,0.039999999999999994,oof_fold_0,1.0,0.0,0.0,0.0,0.0,0.0,0.0,0.0,0.0,1.0,0.0,0.0,0.0,0.0,0.0,0.0,0.0,1.0,0.0,0.0,0.0,0.0,0.0,0.0,0.0,1.0,0.0,0.0,0.0,0.0,0.0,0.0,0.0,haze4k_train_oof,9f9c4f61ea9249973142b4ec914c581942f94a8038595e25e7bb99b8a56397b4
4,0.7499999999999999,-0.00010720016254254009,0.5725435340770346,-0.00011652708053588867,3.693304232072002,0.5725435340770346,0.18666666666666662,0.06333333333333331,oof_fold_4,1.0,0.0,0.0,0.0,0.0,0.0,0.0,0.0,0.0,1.0,0.0,0.0,0.0,0.0,0.0,0.0,0.0,1.0,0.0,0.0,0.0,0.0,0.0,0.0,0.0,1.0,0.0,0.0,0.0,0.0,0.0,0.0,0.0,haze4k_train_oof,9fb4ce3763df8462876033550c39364306ae79c9a0257e4eab7f83178b7c40d6
1,0.8299999999999998,-0.00088150782940864,0.4842033459495809,-0.0016720890998840332,4.463215895354878,0.4842033459495809,0.07999999999999999,0.08999999999999998,oof_fold_1,1.0,0.0,0.0,0.0,0.0,0.0,0.0,0.0,0.0,1.0,0.0,0.0,0.0,0.0,0.0,0.0,0.0,1.0,0.0,0.0,0.0,0.0,0.0,0.0,0.0,1.0,0.0,0.0,0.0,0.0,0.0,0.0,0.0,haze4k_train_oof,9fc1480d9911f64c8bbd7e338341ed878ecdf1e3fad1935c3590759a532694a2
4,0.7535999999999998,-0.0028899862379844626,0.8946509970508885,-0.002080082893371582,3.613978969178561,0.8946509970508885,0.1663999999999999,0.07999999999999996,oof_fold_4,1.0,0.0,0.0,0.0,0.0,0.0,0.0,0.0,0.0,1.0,0.0,0.0,0.0,0.0,0.0,0.0,0.0,1.0,0.0,0.0,0.0,0.0,0.0,0.0,0.0,1.0,0.0,0.0,0.0,0.0,0.0,0.0,0.0,haze4k_train_oof,9fe646fec10ef9eca10c12e58ac118fdc760f5266cd1489c94f69bfde7ba7948
0,0.9279999999999998,-0.000670468836845248,1.2542008285360993,6.735324859619141e-06,6.866392349606883,1.2542008285360993,0.0,0.07199999999999998,oof_fold_0,1.0,0.0,0.0,0.0,0.0,0.0,0.0,0.0,0.0,1.0,0.0,0.0,0.0,0.0,0.0,0.0,0.0,1.0,0.0,0.0,0.0,0.0,0.0,0.0,0.0,1.0,0.0,0.0,0.0,0.0,0.0,0.0,0.0,haze4k_train_oof,a047f91585c4ef8ead1960cf5b01a2a2eca5b11babf16791c26b2b5e4babe6c4
0,0.9066666666666665,6.243261018501782e-05,0.07543787470513763,-2.0325183868408203e-05,5.03587716894252,0.07543787470513763,0.04666666666666666,0.04666666666666666,oof_fold_0,1.0,0.0,0.0,0.0,0.0,0.0,0.0,0.0,0.0,1.0,0.0,0.0,0.0,0.0,0.0,0.0,0.0,1.0,0.0,0.0,0.0,0.0,0.0,0.0,0.0,1.0,0.0,0.0,0.0,0.0,0.0,0.0,0.0,haze4k_train_oof,a251a296b6826a00258165bd94c3a19b9949e118f9c3e8cb7bae7691d94343f3
1,0.7566666666666665,-5.604171492728301e-05,0.792973837207235,-0.0008144974708557129,4.335223058618503,0.792973837207235,0.11666666666666664,0.12666666666666665,oof_fold_1,1.0,0.0,0.0,0.0,0.0,0.0,0.0,0.0,0.0,1.0,0.0,0.0,0.0,0.0,0.0,0.0,0.0,1.0,0.0,0.0,0.0,0.0,0.0,0.0,0.0,1.0,0.0,0.0,0.0,0.0,0.0,0.0,0.0,haze4k_train_oof,a2541f3f7c8db2d9bffadc8ac43ea7651f4e2bc3fbeb8a67d7fca49624a1941e
0,0.8447999999999998,-0.001521625300787855,0.7153205898093162,-0.0019298195838928223,3.775538717349754,0.7153205898093162,0.036799999999999986,0.11839999999999995,oof_fold_0,1.0,0.0,0.0,0.0,0.0,0.0,0.0,0.0,0.0,1.0,0.0,0.0,0.0,0.0,0.0,0.0,0.0,1.0,0.0,0.0,0.0,0.0,0.0,0.0,0.0,1.0,0.0,0.0,0.0,0.0,0.0,0.0,0.0,haze4k_train_oof,a372b731fcbad66a9fb5b2ecd6df2139c540adfac773baba894c0796afbf05e9
4,0.9855999999999998,-0.00014509268991193215,0.221260035725507,-0.0006867647171020508,2.6277504535079856,0.221260035725507,0.007999999999999997,0.006399999999999998,oof_fold_4,1.0,0.0,0.0,0.0,0.0,0.0,0.0,0.0,0.0,1.0,0.0,0.0,0.0,0.0,0.0,0.0,0.0,1.0,0.0,0.0,0.0,0.0,0.0,0.0,0.0,1.0,0.0,0.0,0.0,0.0,0.0,0.0,0.0,haze4k_train_oof,a3c072b131b11df49900459be2ae631f6567a34f785b16a938d87a1f455e6443
0,0.7499999999999999,0.00024286614783003793,0.8545015095127226,-0.0005653500556945801,8.616185279095397,0.8545015095127226,0.13999999999999999,0.10999999999999996,oof_fold_0,1.0,0.0,0.0,0.0,0.0,0.0,0.0,0.0,0.0,1.0,0.0,0.0,0.0,0.0,0.0,0.0,0.0,1.0,0.0,0.0,0.0,0.0,0.0,0.0,0.0,1.0,0.0,0.0,0.0,0.0,0.0,0.0,0.0,haze4k_train_oof,a479b9c64ce4b208cc8fd8c05d13ef73e302c616270aa23443a8b53ec5f2c44c
1,0.7567999999999998,0.0003751853554577493,0.8744271310790097,-0.00048667192459106445,2.883066833716967,0.8744271310790097,0.13439999999999994,0.10879999999999997,oof_fold_1,1.0,0.0,0.0,0.0,0.0,0.0,0.0,0.0,0.0,1.0,0.0,0.0,0.0,0.0,0.0,0.0,0.0,1.0,0.0,0.0,0.0,0.0,0.0,0.0,0.0,1.0,0.0,0.0,0.0,0.0,0.0,0.0,0.0,haze4k_train_oof,a48eb15f05798122f9ba35399248524492b83dfa609e7fe6969ba63c13e12fdb
4,0.7866666666666665,-0.0001503450040105589,0.5200718115105545,-0.0002593994140625,4.514018816358586,0.5200718115105545,0.07666666666666665,0.1366666666666666,oof_fold_4,1.0,0.0,0.0,0.0,0.0,0.0,0.0,0.0,0.0,1.0,0.0,0.0,0.0,0.0,0.0,0.0,0.0,1.0,0.0,0.0,0.0,0.0,0.0,0.0,0.0,1.0,0.0,0.0,0.0,0.0,0.0,0.0,0.0,haze4k_train_oof,a4c8cd31ce0c4619bee3d221c3ec76ad21203cbe7880bbfef75f54f34903c1d7
2,0.8383999999999998,1.849194151388187e-05,0.7917140569298269,-0.000492095947265625,4.174932803724623,0.7917140569298269,0.12479999999999994,0.036799999999999986,oof_fold_2,1.0,0.0,0.0,0.0,0.0,0.0,0.0,0.0,0.0,1.0,0.0,0.0,0.0,0.0,0.0,0.0,0.0,1.0,0.0,0.0,0.0,0.0,0.0,0.0,0.0,1.0,0.0,0.0,0.0,0.0,0.0,0.0,0.0,haze4k_train_oof,a5cbd4d3b1962cafd98a29c99ec12a11a836547ad4d4d43253b26276fa8e696e
3,0.8399999999999999,-0.001401712926798508,0.9958164410755899,-0.0010575652122497559,6.020092357276894,0.9958164410755899,0.1533333333333333,0.006666666666666665,oof_fold_3,1.0,0.0,0.0,0.0,0.0,0.0,0.0,0.0,0.0,1.0,0.0,0.0,0.0,0.0,0.0,0.0,0.0,1.0,0.0,0.0,0.0,0.0,0.0,0.0,0.0,1.0,0.0,0.0,0.0,0.0,0.0,0.0,0.0,haze4k_train_oof,a5cbebf497cd17e2f256a7a5fde676a60ac9983b04b64b6690ddd80074650db1
1,0.7583999999999999,-0.003580324476778817,2.834531250442737,-0.003182649612426758,6.306552823119823,2.834531250442737,0.18719999999999992,0.05439999999999998,oof_fold_1,1.0,0.0,0.0,0.0,0.0,0.0,0.0,0.0,0.0,1.0,0.0,0.0,0.0,0.0,0.0,0.0,0.0,1.0,0.0,0.0,0.0,0.0,0.0,0.0,0.0,1.0,0.0,0.0,0.0,0.0,0.0,0.0,0.0,haze4k_train_oof,a61def8f415e4e9641eca31ab241304e02de4b0e50d1e9713fea78e997e72ed7
3,0.843333333333333,0.00022496305096814876,0.5924875964346157,-0.001209855079650879,5.76392408400671,0.5924875964346157,0.06333333333333332,0.09333333333333332,oof_fold_3,1.0,0.0,0.0,0.0,0.0,0.0,0.0,0.0,0.0,1.0,0.0,0.0,0.0,0.0,0.0,0.0,0.0,1.0,0.0,0.0,0.0,0.0,0.0,0.0,0.0,1.0,0.0,0.0,0.0,0.0,0.0,0.0,0.0,haze4k_train_oof,a676644651ca511d94a320708f2ac30bb1aca1f996f7f9a8c9b7c087c2277273
1,0.9633333333333333,0.0005475869337129146,0.6589536353925425,-0.0014644861221313477,2.8898602424090356,0.6589536353925425,0.016666666666666663,0.019999999999999997,oof_fold_1,1.0,0.0,0.0,0.0,0.0,0.0,0.0,0.0,0.0,1.0,0.0,0.0,0.0,0.0,0.0,0.0,0.0,1.0,0.0,0.0,0.0,0.0,0.0,0.0,0.0,1.0,0.0,0.0,0.0,0.0,0.0,0.0,0.0,haze4k_train_oof,a72898d4645ae959e8691dc7e7c4f54be2973fd4f242c1334f436c90e31e502f
4,0.8703999999999998,-0.0015086188645218497,0.8067801110292692,-0.0003014206886291504,6.270119282741376,0.8067801110292692,0.12959999999999997,0.0,oof_fold_4,1.0,0.0,0.0,0.0,0.0,0.0,0.0,0.0,0.0,1.0,0.0,0.0,0.0,0.0,0.0,0.0,0.0,1.0,0.0,0.0,0.0,0.0,0.0,0.0,0.0,1.0,0.0,0.0,0.0,0.0,0.0,0.0,0.0,haze4k_train_oof,a75c0ef6b88ccaf883f3027eff6605ce68cb270c456e4a0aea308abb6d4f0d66
2,0.9566666666666664,-0.00021979294310060343,0.5209213658401808,-0.0014286041259765625,5.625091239943565,0.5209213658401808,0.019999999999999997,0.02333333333333333,oof_fold_2,1.0,0.0,0.0,0.0,0.0,0.0,0.0,0.0,0.0,1.0,0.0,0.0,0.0,0.0,0.0,0.0,0.0,1.0,0.0,0.0,0.0,0.0,0.0,0.0,0.0,1.0,0.0,0.0,0.0,0.0,0.0,0.0,0.0,haze4k_train_oof,a7b33ea1258f73c6721a5a2b0c790a15262224c05f6f575ab694629fe57b83cd
3,0.9366666666666665,-5.868761463574397e-05,0.14597016169086885,1.5854835510253906e-05,4.297584887178807,0.14597016169086885,0.04333333333333333,0.019999999999999997,oof_fold_3,1.0,0.0,0.0,0.0,0.0,0.0,0.0,0.0,0.0,1.0,0.0,0.0,0.0,0.0,0.0,0.0,0.0,1.0,0.0,0.0,0.0,0.0,0.0,0.0,0.0,1.0,0.0,0.0,0.0,0.0,0.0,0.0,0.0,haze4k_train_oof,a87c450e84bd152f5c032c34b55c389f68cdc01e6a3505c6d8ba895a8af47f1d
3,0.33599999999999985,-0.0028245115186010176,2.278258214658024,-0.00027060508728027344,2.8912721800063608,2.278258214658024,0.5743999999999998,0.08959999999999996,oof_fold_3,1.0,0.0,0.0,0.0,0.0,0.0,0.0,0.0,0.0,1.0,0.0,0.0,0.0,0.0,0.0,0.0,0.0,1.0,0.0,0.0,0.0,0.0,0.0,0.0,0.0,1.0,0.0,0.0,0.0,0.0,0.0,0.0,0.0,haze4k_train_oof,a9229ee6358a01f140e1b4061db4cc8a92ce27185828b07ce409364ab0aba076
4,0.8766666666666666,0.00012803203955614765,0.4498453603450727,-0.0003102421760559082,5.696046021167348,0.4498453603450727,0.04999999999999999,0.07333333333333332,oof_fold_4,1.0,0.0,0.0,0.0,0.0,0.0,0.0,0.0,0.0,1.0,0.0,0.0,0.0,0.0,0.0,0.0,0.0,1.0,0.0,0.0,0.0,0.0,0.0,0.0,0.0,1.0,0.0,0.0,0.0,0.0,0.0,0.0,0.0,haze4k_train_oof,a97dcb92a2f5e71dd07ef2734fa6a92687b16021898b1c3332188548f83c7e51
2,0.6966666666666665,-0.0012123353123436363,1.5143099479632127,0.00011909008026123047,6.309985220751848,1.5143099479632127,0.18999999999999995,0.1133333333333333,oof_fold_2,1.0,0.0,0.0,0.0,0.0,0.0,0.0,0.0,0.0,1.0,0.0,0.0,0.0,0.0,0.0,0.0,0.0,1.0,0.0,0.0,0.0,0.0,0.0,0.0,0.0,1.0,0.0,0.0,0.0,0.0,0.0,0.0,0.0,haze4k_train_oof,aa64c90af83ed1985dc608d4a4d59d2d48049d8f7c8db878042c18ede9b12b1c
1,0.8766666666666665,-0.0028154852942169684,1.3029905802389052,-0.0017415285110473633,5.073448743985651,1.3029905802389052,0.1233333333333333,0.0,oof_fold_1,1.0,0.0,0.0,0.0,0.0,0.0,0.0,0.0,0.0,1.0,0.0,0.0,0.0,0.0,0.0,0.0,0.0,1.0,0.0,0.0,0.0,0.0,0.0,0.0,0.0,1.0,0.0,0.0,0.0,0.0,0.0,0.0,0.0,haze4k_train_oof,aa955d1294ac9d889672126534edff03b708a41b7e91a766c1483f7922f6fa55
4,0.8466666666666665,-4.819625494214797e-05,1.2200244391655488,-1.341104507446289e-05,5.316321593591951,1.2200244391655488,0.08666666666666666,0.06666666666666665,oof_fold_4,1.0,0.0,0.0,0.0,0.0,0.0,0.0,0.0,0.0,1.0,0.0,0.0,0.0,0.0,0.0,0.0,0.0,1.0,0.0,0.0,0.0,0.0,0.0,0.0,0.0,1.0,0.0,0.0,0.0,0.0,0.0,0.0,0.0,haze4k_train_oof,aae11101303e8438588de1062694c89d9699864d1b3f866371f8277dd8759567
4,0.8699999999999999,-2.7132120039823375e-05,0.495694634610345,-0.0010775923728942871,4.549219051613768,0.495694634610345,0.029999999999999992,0.09999999999999995,oof_fold_4,1.0,0.0,0.0,0.0,0.0,0.0,0.0,0.0,0.0,1.0,0.0,0.0,0.0,0.0,0.0,0.0,0.0,1.0,0.0,0.0,0.0,0.0,0.0,0.0,0.0,1.0,0.0,0.0,0.0,0.0,0.0,0.0,0.0,haze4k_train_oof,ab0e876ab3468c3f6963916503794016b6010be03c2ce5013bbe0e9e9d226fa3
0,0.6175999999999999,0.000649495777503277,1.4249504398289616,-0.001161336898803711,2.847946180217683,1.4249504398289616,0.2991999999999999,0.08319999999999995,oof_fold_0,1.0,0.0,0.0,0.0,0.0,0.0,0.0,0.0,0.0,1.0,0.0,0.0,0.0,0.0,0.0,0.0,0.0,1.0,0.0,0.0,0.0,0.0,0.0,0.0,0.0,1.0,0.0,0.0,0.0,0.0,0.0,0.0,0.0,haze4k_train_oof,abf62d8e92b2fb0034e29e55c68f03bd85b83355be0c7a7fa6bd6bea00aa91c2
3,0.9766666666666666,-1.032546240139706e-05,0.04076749065664842,-1.1324882507324219e-06,2.4818423226654787,0.04076749065664842,0.01333333333333333,0.009999999999999998,oof_fold_3,1.0,0.0,0.0,0.0,0.0,0.0,0.0,0.0,0.0,1.0,0.0,0.0,0.0,0.0,0.0,0.0,0.0,1.0,0.0,0.0,0.0,0.0,0.0,0.0,0.0,1.0,0.0,0.0,0.0,0.0,0.0,0.0,0.0,haze4k_train_oof,ac7372c933b3f9b17661002a63aadc185ae1c9d39baf3e4d238da9068c724fd6
1,0.6319999999999998,-0.001205804577268039,2.911674211522822,-0.0011796355247497559,6.425647627813419,2.911674211522822,0.24959999999999988,0.11839999999999995,oof_fold_1,1.0,0.0,0.0,0.0,0.0,0.0,0.0,0.0,0.0,1.0,0.0,0.0,0.0,0.0,0.0,0.0,0.0,1.0,0.0,0.0,0.0,0.0,0.0,0.0,0.0,1.0,0.0,0.0,0.0,0.0,0.0,0.0,0.0,haze4k_train_oof,acb4bbddc8de45c2dc1e7de2ec1298c428747d2ab36a63446c2140b8a22e1d37
2,0.5166666666666665,4.329745380699836e-06,1.4330921420633658,-0.0004628300666809082,5.292626653060864,1.4330921420633658,0.22333333333333327,0.25999999999999995,oof_fold_2,1.0,0.0,0.0,0.0,0.0,0.0,0.0,0.0,0.0,1.0,0.0,0.0,0.0,0.0,0.0,0.0,0.0,1.0,0.0,0.0,0.0,0.0,0.0,0.0,0.0,1.0,0.0,0.0,0.0,0.0,0.0,0.0,0.0,haze4k_train_oof,ad6bf0002f511bee3d9dfd6505777c5056296d8097531f3efd062b582b96f1d7
4,0.7099999999999999,-0.0030874054542528026,2.009392398854658,-0.003948986530303955,5.625672665608853,2.009392398854658,0.19999999999999996,0.08999999999999998,oof_fold_4,1.0,0.0,0.0,0.0,0.0,0.0,0.0,0.0,0.0,1.0,0.0,0.0,0.0,0.0,0.0,0.0,0.0,1.0,0.0,0.0,0.0,0.0,0.0,0.0,0.0,1.0,0.0,0.0,0.0,0.0,0.0,0.0,0.0,haze4k_train_oof,adad42f26b57dae28d9f59af920c06e9673cd1a3808dc6133a60742f5c36e874
0,0.8499999999999999,-0.002354091566512074,4.537665516542987,-0.0011125802993774414,5.344358108049882,4.537665516542987,0.1433333333333333,0.006666666666666665,oof_fold_0,1.0,0.0,0.0,0.0,0.0,0.0,0.0,0.0,0.0,1.0,0.0,0.0,0.0,0.0,0.0,0.0,0.0,1.0,0.0,0.0,0.0,0.0,0.0,0.0,0.0,1.0,0.0,0.0,0.0,0.0,0.0,0.0,0.0,haze4k_train_oof,ade7fbe093deb8dc21d47ed0745c42d204e24c080c84612e6b1237dae5ac8d53
3,0.7899999999999998,-0.0010666693992177694,0.5041375644450667,-0.0014796853065490723,5.843739552010867,0.5041375644450667,0.13666666666666663,0.07333333333333332,oof_fold_3,1.0,0.0,0.0,0.0,0.0,0.0,0.0,0.0,0.0,1.0,0.0,0.0,0.0,0.0,0.0,0.0,0.0,1.0,0.0,0.0,0.0,0.0,0.0,0.0,0.0,1.0,0.0,0.0,0.0,0.0,0.0,0.0,0.0,haze4k_train_oof,ae1bf8137bdaf8d393fdb5a0f6a0f3f6efdbcdc1b9a3caecdd45d4cb0a9d337f
3,0.8666666666666665,-0.0005433797321896037,0.7204944967258697,-0.0003718137741088867,3.4351683948103755,0.7204944967258697,0.08666666666666664,0.046666666666666655,oof_fold_3,1.0,0.0,0.0,0.0,0.0,0.0,0.0,0.0,0.0,1.0,0.0,0.0,0.0,0.0,0.0,0.0,0.0,1.0,0.0,0.0,0.0,0.0,0.0,0.0,0.0,1.0,0.0,0.0,0.0,0.0,0.0,0.0,0.0,haze4k_train_oof,ae4f46b67424e85c7aa163573e47d084e46e9723d1ab532a4f9ab146fcc9a99c
2,0.7466666666666667,-0.0049263920358256046,3.6668014031946115,-0.003005683422088623,6.53896740714233,3.6668014031946115,0.2533333333333333,0.0,oof_fold_2,1.0,0.0,0.0,0.0,0.0,0.0,0.0,0.0,0.0,1.0,0.0,0.0,0.0,0.0,0.0,0.0,0.0,1.0,0.0,0.0,0.0,0.0,0.0,0.0,0.0,1.0,0.0,0.0,0.0,0.0,0.0,0.0,0.0,haze4k_train_oof,af499bd83f7c7ecbb633c051fbb2720b0e1c28fd1f19095cc7ae37ca12273f1d
4,0.7699999999999998,-0.0002825581555849668,0.8558864272593425,-0.00036275386810302734,4.4583705444901796,0.8558864272593425,0.033333333333333326,0.19666666666666657,oof_fold_4,1.0,0.0,0.0,0.0,0.0,0.0,0.0,0.0,0.0,1.0,0.0,0.0,0.0,0.0,0.0,0.0,0.0,1.0,0.0,0.0,0.0,0.0,0.0,0.0,0.0,1.0,0.0,0.0,0.0,0.0,0.0,0.0,0.0,haze4k_train_oof,af5f209be05c8e76cc9335cec61dff6a840d452846c2aa002297d9cc5e9085ae
1,0.4255999999999998,-0.004809530451781271,1.9662013512522378,-0.0010127425193786621,2.7309150323764158,1.9662013512522378,0.5391999999999998,0.03519999999999999,oof_fold_1,1.0,0.0,0.0,0.0,0.0,0.0,0.0,0.0,0.0,1.0,0.0,0.0,0.0,0.0,0.0,0.0,0.0,1.0,0.0,0.0,0.0,0.0,0.0,0.0,0.0,1.0,0.0,0.0,0.0,0.0,0.0,0.0,0.0,haze4k_train_oof,af6e1e51f2b24b37c7b17556583a253bc939dc56211011f8e84a3d75f0ad1e17
3,0.6879999999999998,-0.001213893786460782,1.0392770000725093,-0.000899970531463623,6.205144623102278,1.0392770000725093,0.16159999999999994,0.15039999999999992,oof_fold_3,1.0,0.0,0.0,0.0,0.0,0.0,0.0,0.0,0.0,1.0,0.0,0.0,0.0,0.0,0.0,0.0,0.0,1.0,0.0,0.0,0.0,0.0,0.0,0.0,0.0,1.0,0.0,0.0,0.0,0.0,0.0,0.0,0.0,haze4k_train_oof,afa1a9aab568491fade07063a4bc3509b3a5cc2a0909467e3551b543380f0cc3
2,0.6367999999999997,-0.0012166585334693085,2.282851672326686,-0.002330005168914795,3.961236586234243,2.282851672326686,0.33759999999999984,0.02559999999999999,oof_fold_2,0.9871999999999999,-0.02256940999575363,0.0001849920220673082,-0.02256940999575363,-0.0003070235252380371,-0.07459830281815272,-0.02256940999575363,0.012799999999999995,0.0,1.0,0.0,0.0,0.0,0.0,0.0,0.0,0.0,0.9871999999999999,0.0001849920220673082,-0.02256940999575363,-0.0003070235252380371,-0.12153820951821359,-0.02256940999575363,0.012799999999999995,0.0,1.0,0.0,0.0,0.0,0.0,0.0,0.0,0.0,haze4k_train_oof,b09913cfa8cb56fe64103f4a718c53bd3a52c135163cba10c73fb09615f66fa6
1,0.6599999999999998,-0.015005419307122892,6.23223452934289,-0.0026912689208984375,8.925973906341426,6.23223452934289,0.29,0.04999999999999999,oof_fold_1,1.0,0.0,0.0,0.0,0.0,0.0,0.0,0.0,0.0,1.0,0.0,0.0,0.0,0.0,0.0,0.0,0.0,1.0,0.0,0.0,0.0,0.0,0.0,0.0,0.0,1.0,0.0,0.0,0.0,0.0,0.0,0.0,0.0,haze4k_train_oof,b13fdc83aa0e3de368c194d29b572c6f05c66c4ce3a49a6dc19decda9ec3de5b
4,0.8287999999999999,-0.0013002584825192267,1.4112709888052493,-0.0005994439125061035,4.896886017562643,1.4112709888052493,0.02719999999999999,0.14399999999999993,oof_fold_4,1.0,0.0,0.0,0.0,0.0,0.0,0.0,0.0,0.0,1.0,0.0,0.0,0.0,0.0,0.0,0.0,0.0,1.0,0.0,0.0,0.0,0.0,0.0,0.0,0.0,1.0,0.0,0.0,0.0,0.0,0.0,0.0,0.0,haze4k_train_oof,b23596f0a25a24ebd2b5df8c5e8a754762a863eff2838fd712882667922bce0f
1,0.8866666666666665,-0.000774084613085364,1.472136738088608,-0.0003733634948730469,7.1985420583422695,1.472136738088608,0.016666666666666663,0.09666666666666664,oof_fold_1,1.0,0.0,0.0,0.0,0.0,0.0,0.0,0.0,0.0,1.0,0.0,0.0,0.0,0.0,0.0,0.0,0.0,1.0,0.0,0.0,0.0,0.0,0.0,0.0,0.0,1.0,0.0,0.0,0.0,0.0,0.0,0.0,0.0,haze4k_train_oof,b26445de80c20acd3227938279dcfdaf175bbb1d4dc3b84ef7f5f4c763d1f9a0
1,0.6566666666666666,-0.003032725856003285,2.1950857884900543,-0.001925826072692871,7.333912926417135,2.1950857884900543,0.22333333333333327,0.11999999999999998,oof_fold_1,1.0,0.0,0.0,0.0,0.0,0.0,0.0,0.0,0.0,1.0,0.0,0.0,0.0,0.0,0.0,0.0,0.0,1.0,0.0,0.0,0.0,0.0,0.0,0.0,0.0,1.0,0.0,0.0,0.0,0.0,0.0,0.0,0.0,haze4k_train_oof,b279f47f121b60c4b908133a37970a61574b5740bb67ab161a66d15bf457bfcd
4,0.9033333333333331,-0.00010087134099901764,0.6900380821617347,-9.97781753540039e-05,3.5076032787819855,0.6900380821617347,0.06999999999999999,0.02666666666666666,oof_fold_4,1.0,0.0,0.0,0.0,0.0,0.0,0.0,0.0,0.0,1.0,0.0,0.0,0.0,0.0,0.0,0.0,0.0,1.0,0.0,0.0,0.0,0.0,0.0,0.0,0.0,1.0,0.0,0.0,0.0,0.0,0.0,0.0,0.0,haze4k_train_oof,b29934e414045d2e01f3e83db4fcbea4c53b47b9179d9e9018109b1b385737be
3,0.8399999999999999,-0.0006659061411783736,0.45546616568313425,-6.580352783203125e-05,4.901395563882229,0.45546616568313425,0.15039999999999995,0.009599999999999997,oof_fold_3,1.0,0.0,0.0,0.0,0.0,0.0,0.0,0.0,0.0,1.0,0.0,0.0,0.0,0.0,0.0,0.0,0.0,1.0,0.0,0.0,0.0,0.0,0.0,0.0,0.0,1.0,0.0,0.0,0.0,0.0,0.0,0.0,0.0,haze4k_train_oof,b2aabea58be8c69ac61eaf6f23fd848880a7fe11926c6cccda6f7f139cac852b
2,0.4511999999999999,-0.007218430556214298,5.968831390037252,9.924173355102539e-05,5.9080772158224875,5.968831390037252,0.48159999999999986,0.06719999999999998,oof_fold_2,1.0,0.0,0.0,0.0,0.0,0.0,0.0,0.0,0.0,1.0,0.0,0.0,0.0,0.0,0.0,0.0,0.0,1.0,0.0,0.0,0.0,0.0,0.0,0.0,0.0,1.0,0.0,0.0,0.0,0.0,0.0,0.0,0.0,haze4k_train_oof,b3dd5f43cffeb124091812b8bb719f42197948386f6aa9057f69a9c8f1028428
0,0.8895999999999997,-0.0017794243873097003,1.4275238685572162,-0.0010687708854675293,5.631492764658432,1.4275238685572162,0.003199999999999999,0.10719999999999998,oof_fold_0,1.0,0.0,0.0,0.0,0.0,0.0,0.0,0.0,0.0,1.0,0.0,0.0,0.0,0.0,0.0,0.0,0.0,1.0,0.0,0.0,0.0,0.0,0.0,0.0,0.0,1.0,0.0,0.0,0.0,0.0,0.0,0.0,0.0,haze4k_train_oof,b4168f02184cbc4612bf564c7b315afa38711bf0669bf0c5d61f2d7bb8ad08e4
4,0.18079999999999993,-0.01023120504062002,4.463751095819838,-0.0025069117546081543,4.515204733999184,4.463751095819838,0.7423999999999998,0.07679999999999998,oof_fold_4,1.0,0.0,0.0,0.0,0.0,0.0,0.0,0.0,0.0,1.0,0.0,0.0,0.0,0.0,0.0,0.0,0.0,1.0,0.0,0.0,0.0,0.0,0.0,0.0,0.0,1.0,0.0,0.0,0.0,0.0,0.0,0.0,0.0,haze4k_train_oof,b57d0335957b11b8be06ba940d52793d5b37b535b8af4b915e4297b6196ef3f0
3,0.3583999999999999,-0.019341935971235704,4.572580814459101,-0.0067452192306518555,3.48159496037551,4.572580814459101,0.6399999999999998,0.0015999999999999994,oof_fold_3,1.0,0.0,0.0,0.0,0.0,0.0,0.0,0.0,0.0,1.0,0.0,0.0,0.0,0.0,0.0,0.0,0.0,1.0,0.0,0.0,0.0,0.0,0.0,0.0,0.0,1.0,0.0,0.0,0.0,0.0,0.0,0.0,0.0,haze4k_train_oof,b5a986dd0630904e3a904a75a5c4f4f8d7faa8c6954386185caf79bfc34ebfab
1,0.7933333333333331,-0.0017435608294708003,1.9650627706621933,-0.0012192130088806152,6.851537843176999,1.9650627706621933,0.1666666666666666,0.039999999999999994,oof_fold_1,1.0,0.0,0.0,0.0,0.0,0.0,0.0,0.0,0.0,1.0,0.0,0.0,0.0,0.0,0.0,0.0,0.0,1.0,0.0,0.0,0.0,0.0,0.0,0.0,0.0,1.0,0.0,0.0,0.0,0.0,0.0,0.0,0.0,haze4k_train_oof,b5d0885743c683d0eec34eba789a0b51e91d739c2bd2d51481dc9a558525e6a8
0,0.9279999999999998,-0.0004347175510231553,0.43953908532363073,-6.967782974243164e-05,3.457590106127519,0.43953908532363073,0.03999999999999998,0.03199999999999999,oof_fold_0,1.0,0.0,0.0,0.0,0.0,0.0,0.0,0.0,0.0,1.0,0.0,0.0,0.0,0.0,0.0,0.0,0.0,1.0,0.0,0.0,0.0,0.0,0.0,0.0,0.0,1.0,0.0,0.0,0.0,0.0,0.0,0.0,0.0,haze4k_train_oof,b5dff676d9ad25c00767fc6005c5de6301c643589f046bd2c4dbaf17bf4231d6
3,0.9375999999999998,-9.338086005301199e-07,0.41802077560630124,-0.0004150867462158203,6.239829980737099,0.41802077560630124,0.028799999999999985,0.03359999999999999,oof_fold_3,1.0,0.0,0.0,0.0,0.0,0.0,0.0,0.0,0.0,1.0,0.0,0.0,0.0,0.0,0.0,0.0,0.0,1.0,0.0,0.0,0.0,0.0,0.0,0.0,0.0,1.0,0.0,0.0,0.0,0.0,0.0,0.0,0.0,haze4k_train_oof,b5f633192671e76428cd17f6591cc68eaf716e1b744862333b810c7c67982b58
3,0.6633333333333332,-0.0031591569702100783,2.166655564746357,-0.0011876225471496582,4.401214233111062,2.166655564746357,0.3033333333333333,0.033333333333333326,oof_fold_3,1.0,0.0,0.0,0.0,0.0,0.0,0.0,0.0,0.0,1.0,0.0,0.0,0.0,0.0,0.0,0.0,0.0,1.0,0.0,0.0,0.0,0.0,0.0,0.0,0.0,1.0,0.0,0.0,0.0,0.0,0.0,0.0,0.0,haze4k_train_oof,b6498ed469fea98371e2ff6c942512c0bcc179a129a8565958823ab368fe5068
4,0.7999999999999998,6.153704892615909e-07,0.46343679006066196,-0.0005121231079101562,6.592444917552648,0.46343679006066196,0.07333333333333332,0.12666666666666665,oof_fold_4,1.0,0.0,0.0,0.0,0.0,0.0,0.0,0.0,0.0,1.0,0.0,0.0,0.0,0.0,0.0,0.0,0.0,1.0,0.0,0.0,0.0,0.0,0.0,0.0,0.0,1.0,0.0,0.0,0.0,0.0,0.0,0.0,0.0,haze4k_train_oof,b6f89fef8e8ec35c0d6726f7426e5c152473d708aa47518b335ca66d12195360
1,0.8399999999999999,-0.00024402370317653144,0.8093489091878325,-0.00031769275665283203,5.738309599954292,0.8093489091878325,0.08333333333333333,0.07666666666666666,oof_fold_1,1.0,0.0,0.0,0.0,0.0,0.0,0.0,0.0,0.0,1.0,0.0,0.0,0.0,0.0,0.0,0.0,0.0,1.0,0.0,0.0,0.0,0.0,0.0,0.0,0.0,1.0,0.0,0.0,0.0,0.0,0.0,0.0,0.0,haze4k_train_oof,b72a251321a08813dfc514d47c6d67a1a45b1864b968369360086e8d7809ff52
1,0.8533333333333332,-0.0011869752555604565,1.1033456014888472,-0.0006735324859619141,4.261975899111363,1.1033456014888472,0.01333333333333333,0.1333333333333333,oof_fold_1,1.0,0.0,0.0,0.0,0.0,0.0,0.0,0.0,0.0,1.0,0.0,0.0,0.0,0.0,0.0,0.0,0.0,1.0,0.0,0.0,0.0,0.0,0.0,0.0,0.0,1.0,0.0,0.0,0.0,0.0,0.0,0.0,0.0,haze4k_train_oof,b7bc06337f242fa3975de8bc167a14e5e37e28e8c3d43c7614948270630591b9
4,0.8633333333333332,-0.0008503011667542321,1.1898083620118456,5.692243576049805e-05,5.095615360980297,1.1898083620118456,0.12666666666666665,0.009999999999999998,oof_fold_4,1.0,0.0,0.0,0.0,0.0,0.0,0.0,0.0,0.0,1.0,0.0,0.0,0.0,0.0,0.0,0.0,0.0,1.0,0.0,0.0,0.0,0.0,0.0,0.0,0.0,1.0,0.0,0.0,0.0,0.0,0.0,0.0,0.0,haze4k_train_oof,b92c77c820bea8c7b7eb688f22480f1cbc8882a0b75cdccce37a59d201ed54cc
4,0.9233333333333331,-0.001054109813956327,0.43189190873776795,-0.001218557357788086,2.6502933250731857,0.43189190873776795,0.06999999999999999,0.006666666666666665,oof_fold_4,1.0,0.0,0.0,0.0,0.0,0.0,0.0,0.0,0.0,1.0,0.0,0.0,0.0,0.0,0.0,0.0,0.0,1.0,0.0,0.0,0.0,0.0,0.0,0.0,0.0,1.0,0.0,0.0,0.0,0.0,0.0,0.0,0.0,haze4k_train_oof,b99e4484082213338224d5552a97c672e49718143a3265e206139c62cbdea368
3,0.9099999999999999,-2.3516165639296234e-06,0.951187214490048,0.0002378225326538086,3.6728138102763808,0.951187214490048,0.04999999999999999,0.039999999999999994,oof_fold_3,1.0,0.0,0.0,0.0,0.0,0.0,0.0,0.0,0.0,1.0,0.0,0.0,0.0,0.0,0.0,0.0,0.0,1.0,0.0,0.0,0.0,0.0,0.0,0.0,0.0,1.0,0.0,0.0,0.0,0.0,0.0,0.0,0.0,haze4k_train_oof,ba345a9b652236a18ac2d53b2ffca8a5dd45a6f9fa0636a6db9d7142071adc74
1,0.6111999999999999,-0.002705929829428594,1.358652454526478,-0.0007026195526123047,4.0898563122093705,1.358652454526478,0.1583999999999999,0.2303999999999999,oof_fold_1,1.0,0.0,0.0,0.0,0.0,0.0,0.0,0.0,0.0,1.0,0.0,0.0,0.0,0.0,0.0,0.0,0.0,1.0,0.0,0.0,0.0,0.0,0.0,0.0,0.0,1.0,0.0,0.0,0.0,0.0,0.0,0.0,0.0,haze4k_train_oof,ba370017b7ba38837310dd30eeda469b232964d39d32c5f1bba5eca2baefc8ee
0,0.7695999999999997,-0.0012056586641197402,1.0935083971038395,-0.0016252398490905762,6.851724583851151,1.0935083971038395,0.06399999999999997,0.1663999999999999,oof_fold_0,1.0,0.0,0.0,0.0,0.0,0.0,0.0,0.0,0.0,1.0,0.0,0.0,0.0,0.0,0.0,0.0,0.0,1.0,0.0,0.0,0.0,0.0,0.0,0.0,0.0,1.0,0.0,0.0,0.0,0.0,0.0,0.0,0.0,haze4k_train_oof,ba4b504e3b26492f433b3202561ed9a60a16889e7dab3ad47bacc5b39c1baef8
1,0.9103999999999998,-0.0013387116839818185,0.5594750377822919,0.0002875328063964844,3.9044456293343828,0.5594750377822919,0.08959999999999996,0.0,oof_fold_1,1.0,0.0,0.0,0.0,0.0,0.0,0.0,0.0,0.0,1.0,0.0,0.0,0.0,0.0,0.0,0.0,0.0,1.0,0.0,0.0,0.0,0.0,0.0,0.0,0.0,1.0,0.0,0.0,0.0,0.0,0.0,0.0,0.0,haze4k_train_oof,babeedf14ce3a9e24e8c9e7358f29d06c6e39746fc3240096bcdc259d352a4da
4,0.7666666666666664,-0.00014787290409913102,1.2063138398292494,-0.0004311800003051758,6.054711464035428,1.2063138398292494,0.11999999999999997,0.11333333333333331,oof_fold_4,1.0,0.0,0.0,0.0,0.0,0.0,0.0,0.0,0.0,1.0,0.0,0.0,0.0,0.0,0.0,0.0,0.0,1.0,0.0,0.0,0.0,0.0,0.0,0.0,0.0,1.0,0.0,0.0,0.0,0.0,0.0,0.0,0.0,haze4k_train_oof,bb771f370660118db870658610dc8d9e8a0b88097fa7348adc6bba5d8e906ce8
3,0.8966666666666665,-0.001375342780881713,0.8743195461970856,-0.0024290084838867188,6.47745499101196,0.8743195461970856,0.04333333333333333,0.05999999999999999,oof_fold_3,1.0,0.0,0.0,0.0,0.0,0.0,0.0,0.0,0.0,1.0,0.0,0.0,0.0,0.0,0.0,0.0,0.0,1.0,0.0,0.0,0.0,0.0,0.0,0.0,0.0,1.0,0.0,0.0,0.0,0.0,0.0,0.0,0.0,haze4k_train_oof,bd2dfe7d23f608bf2e0f3391a7177b275398e0f7f159798967e4ad1dde6bbffd
0,0.5999999999999999,-0.0010059007086566558,1.6089939174653551,-0.0002104640007019043,4.281844829543317,1.6089939174653551,0.2599999999999999,0.13999999999999999,oof_fold_0,1.0,0.0,0.0,0.0,0.0,0.0,0.0,0.0,0.0,1.0,0.0,0.0,0.0,0.0,0.0,0.0,0.0,1.0,0.0,0.0,0.0,0.0,0.0,0.0,0.0,1.0,0.0,0.0,0.0,0.0,0.0,0.0,0.0,haze4k_train_oof,bde28ee7624891eb1eaa59e7c1b3392f8b9cb4027dc54392c13a82eeebaddcda
1,0.7933333333333332,-0.001421161363345315,1.3083056260356898,-0.0017534494400024414,5.176753202452261,1.3083056260356898,0.17999999999999997,0.02666666666666666,oof_fold_1,1.0,0.0,0.0,0.0,0.0,0.0,0.0,0.0,0.0,1.0,0.0,0.0,0.0,0.0,0.0,0.0,0.0,1.0,0.0,0.0,0.0,0.0,0.0,0.0,0.0,1.0,0.0,0.0,0.0,0.0,0.0,0.0,0.0,haze4k_train_oof,bdf9fa00f2389948109115ebf3ff978ba51a50d3f970ee1776315f36776047d7
2,0.7699999999999998,0.00016618258666716842,1.633924607429499,3.17692756652832e-05,4.31287926275327,1.633924607429499,0.15999999999999995,0.06999999999999998,oof_fold_2,1.0,0.0,0.0,0.0,0.0,0.0,0.0,0.0,0.0,1.0,0.0,0.0,0.0,0.0,0.0,0.0,0.0,1.0,0.0,0.0,0.0,0.0,0.0,0.0,0.0,1.0,0.0,0.0,0.0,0.0,0.0,0.0,0.0,haze4k_train_oof,bdfd6bd22b0f84a6f45ebc3680453cb97db727d357ebe5c59685059c9262d043
3,0.5359999999999998,-0.01089543830266339,2.0659607030995844,-0.010013401508331299,4.027159259859573,2.0659607030995844,0.4639999999999998,0.0,oof_fold_3,1.0,0.0,0.0,0.0,0.0,0.0,0.0,0.0,0.0,1.0,0.0,0.0,0.0,0.0,0.0,0.0,0.0,1.0,0.0,0.0,0.0,0.0,0.0,0.0,0.0,1.0,0.0,0.0,0.0,0.0,0.0,0.0,0.0,haze4k_train_oof,be2f11c13dfb5317b4a20b0563ab406c251e75538c4dbc463f61b30d2dc18375
1,0.5119999999999998,-0.0046176516061585664,2.8315497529054596,-0.0022298693656921387,6.619257571810884,2.8315497529054596,0.32479999999999987,0.16319999999999993,oof_fold_1,1.0,0.0,0.0,0.0,0.0,0.0,0.0,0.0,0.0,1.0,0.0,0.0,0.0,0.0,0.0,0.0,0.0,1.0,0.0,0.0,0.0,0.0,0.0,0.0,0.0,1.0,0.0,0.0,0.0,0.0,0.0,0.0,0.0,haze4k_train_oof,be6f9e18883e7bbfd852eee243bec2298e546d2152248d8bc45911344fb5fe79
1,0.8899999999999998,-0.0003905006607722801,0.3916656719735485,-0.0010734200477600098,3.4917127160288217,0.3916656719735485,0.06999999999999999,0.039999999999999994,oof_fold_1,1.0,0.0,0.0,0.0,0.0,0.0,0.0,0.0,0.0,1.0,0.0,0.0,0.0,0.0,0.0,0.0,0.0,1.0,0.0,0.0,0.0,0.0,0.0,0.0,0.0,1.0,0.0,0.0,0.0,0.0,0.0,0.0,0.0,haze4k_train_oof,be8d80ebfcd10d3293475f210c583894ac1dc85f084fc9d20bed375bc39a9858
1,0.7199999999999999,-0.0019345676620721656,2.3627674122024516,-0.003396928310394287,6.128788957153901,2.3627674122024516,0.21666666666666662,0.06333333333333331,oof_fold_1,1.0,0.0,0.0,0.0,0.0,0.0,0.0,0.0,0.0,1.0,0.0,0.0,0.0,0.0,0.0,0.0,0.0,1.0,0.0,0.0,0.0,0.0,0.0,0.0,0.0,1.0,0.0,0.0,0.0,0.0,0.0,0.0,0.0,haze4k_train_oof,bf43365c2cdd4740f32a15a5b0edf37577c00ad0b47c427e87e30120735ecd37
4,0.8833333333333331,-0.0006915367680529825,1.0115740298269316,-0.00042873620986938477,3.3933824178797494,1.0115740298269316,0.08333333333333333,0.033333333333333326,oof_fold_4,1.0,0.0,0.0,0.0,0.0,0.0,0.0,0.0,0.0,1.0,0.0,0.0,0.0,0.0,0.0,0.0,0.0,1.0,0.0,0.0,0.0,0.0,0.0,0.0,0.0,1.0,0.0,0.0,0.0,0.0,0.0,0.0,0.0,haze4k_train_oof,bf87a2ee2b76fd7f006b83679d01dbb317b53d777677c0139740c427366ff4ab
0,0.8566666666666666,-0.0012531046387633264,1.5422787764283328,-0.0010437369346618652,5.898165976546316,1.5422787764283328,0.1033333333333333,0.039999999999999994,oof_fold_0,1.0,0.0,0.0,0.0,0.0,0.0,0.0,0.0,0.0,1.0,0.0,0.0,0.0,0.0,0.0,0.0,0.0,1.0,0.0,0.0,0.0,0.0,0.0,0.0,0.0,1.0,0.0,0.0,0.0,0.0,0.0,0.0,0.0,haze4k_train_oof,bfde502830702ceac4f122cae039aeeac99b798776adff86884a4b0faaace635
3,0.8479999999999999,-0.004225950649780376,1.9398380945805016,-0.0037646889686584473,3.7107647834209914,1.9398380945805016,0.14239999999999994,0.009599999999999997,oof_fold_3,1.0,0.0,0.0,0.0,0.0,0.0,0.0,0.0,0.0,1.0,0.0,0.0,0.0,0.0,0.0,0.0,0.0,1.0,0.0,0.0,0.0,0.0,0.0,0.0,0.0,1.0,0.0,0.0,0.0,0.0,0.0,0.0,0.0,haze4k_train_oof,c0180a867316e96fed181d91aabee8f0f085a42f459af4f67e567399793e7cbc
3,0.4447999999999998,-0.003781683252115424,6.316904569323746,-0.0027946829795837402,6.918358278940865,6.316904569323746,0.5055999999999998,0.04959999999999998,oof_fold_3,0.9551999999999998,1.0456456866733674,-0.0013586493365466599,1.0456456866733674,-0.0019226670265197754,1.1407604616506077,1.0456456866733674,0.04479999999999998,0.0,1.0,0.0,0.0,0.0,0.0,0.0,0.0,0.0,0.9551999999999998,-0.0013586493365466599,1.0456456866733674,-0.0019226670265197754,1.0943040209582549,1.0456456866733674,0.04479999999999998,0.0,1.0,0.0,0.0,0.0,0.0,0.0,0.0,0.0,haze4k_train_oof,c05aaa3f22348652e6fad843d5e3844ee3d0233b02fdc2d485df3ee6d4b7742d
4,0.6433333333333332,-0.0018193316517701732,2.093331140618403,-0.0002707839012145996,7.439586811046084,2.093331140618403,0.01333333333333333,0.34333333333333327,oof_fold_4,1.0,0.0,0.0,0.0,0.0,0.0,0.0,0.0,0.0,1.0,0.0,0.0,0.0,0.0,0.0,0.0,0.0,1.0,0.0,0.0,0.0,0.0,0.0,0.0,0.0,1.0,0.0,0.0,0.0,0.0,0.0,0.0,0.0,haze4k_train_oof,c1d9d785504ed84dbd4327ae667fdd0e93cabdd85efd82af293b51f53bdad3c8
3,0.8299999999999998,-0.00022156134429072462,0.4548278615219914,-0.00017219781875610352,9.052007002660446,0.4548278615219914,0.09999999999999996,0.06999999999999999,oof_fold_3,1.0,0.0,0.0,0.0,0.0,0.0,0.0,0.0,0.0,1.0,0.0,0.0,0.0,0.0,0.0,0.0,0.0,1.0,0.0,0.0,0.0,0.0,0.0,0.0,0.0,1.0,0.0,0.0,0.0,0.0,0.0,0.0,0.0,haze4k_train_oof,c1f2c90a2d1c809c19bd63d6d21a45707ce510fe93b0e3841bda74deaceadbab
3,0.4991999999999998,-0.012257334479014389,4.1828527935898165,-0.003024280071258545,6.2204609931261245,4.1828527935898165,0.42719999999999986,0.07359999999999997,oof_fold_3,1.0,0.0,0.0,0.0,0.0,0.0,0.0,0.0,0.0,1.0,0.0,0.0,0.0,0.0,0.0,0.0,0.0,1.0,0.0,0.0,0.0,0.0,0.0,0.0,0.0,1.0,0.0,0.0,0.0,0.0,0.0,0.0,0.0,haze4k_train_oof,c1f769b324469c2ae3a210433c4d05096b6558fe538f5ff57ae9300e13d87404
3,0.6633333333333332,-0.0034355307858641017,2.945932314779718,-0.0002766847610473633,6.383135633322496,2.945932314779718,0.2966666666666666,0.039999999999999994,oof_fold_3,1.0,0.0,0.0,0.0,0.0,0.0,0.0,0.0,0.0,1.0,0.0,0.0,0.0,0.0,0.0,0.0,0.0,1.0,0.0,0.0,0.0,0.0,0.0,0.0,0.0,1.0,0.0,0.0,0.0,0.0,0.0,0.0,0.0,haze4k_train_oof,c205215d3037bd7b1f01d43be6052b472b9a4e9572a0827b49a45cd11b20ed0d
1,0.49279999999999985,-0.004148771549637118,1.3495941270338463,-0.0012417435646057129,2.1529410041067223,1.3495941270338463,0.4335999999999999,0.07359999999999997,oof_fold_1,1.0,0.0,0.0,0.0,0.0,0.0,0.0,0.0,0.0,1.0,0.0,0.0,0.0,0.0,0.0,0.0,0.0,1.0,0.0,0.0,0.0,0.0,0.0,0.0,0.0,1.0,0.0,0.0,0.0,0.0,0.0,0.0,0.0,haze4k_train_oof,c25316875174079b9d1e1a967a18b514565f1cf1cb7ff266e1c1cc17b00d6a3e
1,0.9299999999999998,-0.00044979402943782706,0.28491478613143784,-0.0004564523696899414,3.0744936223360355,0.28491478613143784,0.039999999999999994,0.029999999999999992,oof_fold_1,1.0,0.0,0.0,0.0,0.0,0.0,0.0,0.0,0.0,1.0,0.0,0.0,0.0,0.0,0.0,0.0,0.0,1.0,0.0,0.0,0.0,0.0,0.0,0.0,0.0,1.0,0.0,0.0,0.0,0.0,0.0,0.0,0.0,haze4k_train_oof,c2c0491da1eeffeb33b392dac9b5d75a1f729fe239b26f567a2757ec67e0132b
2,0.8033333333333332,0.00029796116436803753,0.9042596632717448,-0.0014172196388244629,7.382295648849031,0.9042596632717448,0.04333333333333333,0.1533333333333333,oof_fold_2,1.0,0.0,0.0,0.0,0.0,0.0,0.0,0.0,0.0,1.0,0.0,0.0,0.0,0.0,0.0,0.0,0.0,1.0,0.0,0.0,0.0,0.0,0.0,0.0,0.0,1.0,0.0,0.0,0.0,0.0,0.0,0.0,0.0,haze4k_train_oof,c39875a987d7c326d6d0133da967b9681c5eb631a9b64168c11a27870f13b7ed
2,0.8033333333333332,-0.003426552173389912,1.4991081127322161,-0.0023373961448669434,6.6487481152966765,1.4991081127322161,0.18333333333333332,0.01333333333333333,oof_fold_2,1.0,0.0,0.0,0.0,0.0,0.0,0.0,0.0,0.0,1.0,0.0,0.0,0.0,0.0,0.0,0.0,0.0,1.0,0.0,0.0,0.0,0.0,0.0,0.0,0.0,1.0,0.0,0.0,0.0,0.0,0.0,0.0,0.0,haze4k_train_oof,c39c5a74e054e04509bd38baaf340bc241449e0895622e270443eae2a8aa0772
0,0.5399999999999999,-0.0003053831941022306,0.5509992615309685,-0.00025284290313720703,5.557798010849993,0.5509992615309685,0.35666666666666663,0.1033333333333333,oof_fold_0,1.0,0.0,0.0,0.0,0.0,0.0,0.0,0.0,0.0,1.0,0.0,0.0,0.0,0.0,0.0,0.0,0.0,1.0,0.0,0.0,0.0,0.0,0.0,0.0,0.0,1.0,0.0,0.0,0.0,0.0,0.0,0.0,0.0,haze4k_train_oof,c46b82538ccaaa880222bdfb649617bf279ea96c2e003d6aa9e69c2956809420
0,0.47679999999999984,-0.0023527723339308677,1.1164917684364255,2.6166439056396484e-05,1.3366668989939683,1.1164917684364255,0.45919999999999983,0.06399999999999997,oof_fold_0,1.0,0.0,0.0,0.0,0.0,0.0,0.0,0.0,0.0,1.0,0.0,0.0,0.0,0.0,0.0,0.0,0.0,1.0,0.0,0.0,0.0,0.0,0.0,0.0,0.0,1.0,0.0,0.0,0.0,0.0,0.0,0.0,0.0,haze4k_train_oof,c4c75e21d206259395536c5f6cf2202192e3481b5b348becdb5dd7cddfed261e
0,0.8466666666666665,-0.0007021632394345384,0.3471660111738757,-0.0007137060165405273,5.234345478444688,0.3471660111738757,0.07666666666666666,0.07666666666666665,oof_fold_0,1.0,0.0,0.0,0.0,0.0,0.0,0.0,0.0,0.0,1.0,0.0,0.0,0.0,0.0,0.0,0.0,0.0,1.0,0.0,0.0,0.0,0.0,0.0,0.0,0.0,1.0,0.0,0.0,0.0,0.0,0.0,0.0,0.0,haze4k_train_oof,c4f8a61751e8cf4aace36a274b6f9a25ad591b58ca1a9eee89136ad3f8e9b929
3,0.8863999999999996,6.960358596794919e-05,0.46808004943131465,-0.0005401968955993652,4.739905611897036,0.46808004943131465,0.04639999999999998,0.06719999999999998,oof_fold_3,1.0,0.0,0.0,0.0,0.0,0.0,0.0,0.0,0.0,1.0,0.0,0.0,0.0,0.0,0.0,0.0,0.0,1.0,0.0,0.0,0.0,0.0,0.0,0.0,0.0,1.0,0.0,0.0,0.0,0.0,0.0,0.0,0.0,haze4k_train_oof,c4f9d5b65c94ac0c7c0492c43b9e337ee4558c03147cf7498444f66c1b738b80
1,0.61,-0.005371686299222852,2.215071288504454,-0.004570186138153076,6.7057024105687155,2.215071288504454,0.27333333333333326,0.11666666666666664,oof_fold_1,1.0,0.0,0.0,0.0,0.0,0.0,0.0,0.0,0.0,1.0,0.0,0.0,0.0,0.0,0.0,0.0,0.0,1.0,0.0,0.0,0.0,0.0,0.0,0.0,0.0,1.0,0.0,0.0,0.0,0.0,0.0,0.0,0.0,haze4k_train_oof,c58e616b0eb776b1d8677e3635394b4db34cee1beec9d7ef25b6247f2fe040e7
3,0.7399999999999999,-0.002712969524677141,1.6140449557139362,-0.0014492273330688477,5.860412759366135,1.6140449557139362,0.22333333333333327,0.03666666666666666,oof_fold_3,1.0,0.0,0.0,0.0,0.0,0.0,0.0,0.0,0.0,1.0,0.0,0.0,0.0,0.0,0.0,0.0,0.0,1.0,0.0,0.0,0.0,0.0,0.0,0.0,0.0,1.0,0.0,0.0,0.0,0.0,0.0,0.0,0.0,haze4k_train_oof,c59f362a7e88f797fd2620e9f647b768ff88c7402990eb7e52df8b80a8b9b88b
0,0.8735999999999998,-0.0005605009369498777,1.229738499741238,-0.002721250057220459,4.0777865483918205,1.229738499741238,0.07679999999999997,0.04959999999999998,oof_fold_0,1.0,0.0,0.0,0.0,0.0,0.0,0.0,0.0,0.0,1.0,0.0,0.0,0.0,0.0,0.0,0.0,0.0,1.0,0.0,0.0,0.0,0.0,0.0,0.0,0.0,1.0,0.0,0.0,0.0,0.0,0.0,0.0,0.0,haze4k_train_oof,c5c120f6121894933eb5c535c2c87b933b408aee136727599cdc0f37c1a9e721
4,0.6911999999999997,-0.0011406786148630396,2.226592271430434,-0.000690460205078125,6.965224309001236,2.226592271430434,0.21119999999999992,0.09759999999999996,oof_fold_4,1.0,0.0,0.0,0.0,0.0,0.0,0.0,0.0,0.0,1.0,0.0,0.0,0.0,0.0,0.0,0.0,0.0,1.0,0.0,0.0,0.0,0.0,0.0,0.0,0.0,1.0,0.0,0.0,0.0,0.0,0.0,0.0,0.0,haze4k_train_oof,c69a7d42f0ea5632266f259c5dda27d1ecd79164f18e7b185c43aeca8982cb35
3,0.7433333333333332,-0.0005184698585114551,0.6358056048813836,-0.00017660856246948242,7.414911258586116,0.6358056048813836,0.15999999999999998,0.09666666666666664,oof_fold_3,1.0,0.0,0.0,0.0,0.0,0.0,0.0,0.0,0.0,1.0,0.0,0.0,0.0,0.0,0.0,0.0,0.0,1.0,0.0,0.0,0.0,0.0,0.0,0.0,0.0,1.0,0.0,0.0,0.0,0.0,0.0,0.0,0.0,haze4k_train_oof,c6bcf55118880027b9fa88bd918407bdc4c36d1d0f11673e4ab5f2a3f0445402
3,0.42239999999999994,-0.007151915926660391,1.761706044215181,-0.002408623695373535,3.2126965759612105,1.761706044215181,0.08959999999999996,0.4879999999999998,oof_fold_3,1.0,0.0,0.0,0.0,0.0,0.0,0.0,0.0,0.0,1.0,0.0,0.0,0.0,0.0,0.0,0.0,0.0,1.0,0.0,0.0,0.0,0.0,0.0,0.0,0.0,1.0,0.0,0.0,0.0,0.0,0.0,0.0,0.0,haze4k_train_oof,c6ef05ce393ceb222f1b68b62d7de385167a74f3d4f4f05ca20c951f53f8f2a4
3,0.9423999999999998,-0.0011011991010202713,0.40422542694444275,-0.000998854637145996,2.5094049276177373,0.40422542694444275,0.05759999999999997,0.0,oof_fold_3,1.0,0.0,0.0,0.0,0.0,0.0,0.0,0.0,0.0,1.0,0.0,0.0,0.0,0.0,0.0,0.0,0.0,1.0,0.0,0.0,0.0,0.0,0.0,0.0,0.0,1.0,0.0,0.0,0.0,0.0,0.0,0.0,0.0,haze4k_train_oof,c70061aadfaeccfe2e464439d593820b6914a2c0283364666b73929d1abc4852
0,0.7699999999999998,-0.000902196054296256,0.9528453336923945,-0.00019603967666625977,4.7194425464612095,0.9528453336923945,0.09666666666666662,0.1333333333333333,oof_fold_0,1.0,0.0,0.0,0.0,0.0,0.0,0.0,0.0,0.0,1.0,0.0,0.0,0.0,0.0,0.0,0.0,0.0,1.0,0.0,0.0,0.0,0.0,0.0,0.0,0.0,1.0,0.0,0.0,0.0,0.0,0.0,0.0,0.0,haze4k_train_oof,c73944e30c85ff7613ae2a95606cbe7f16e7afad87915bec10f6a0f71906e0c2
0,0.7899999999999998,-0.00047507273053838607,0.46729323457321215,-2.9802322387695312e-06,4.977903343328862,0.46729323457321215,0.1233333333333333,0.08666666666666666,oof_fold_0,1.0,0.0,0.0,0.0,0.0,0.0,0.0,0.0,0.0,1.0,0.0,0.0,0.0,0.0,0.0,0.0,0.0,1.0,0.0,0.0,0.0,0.0,0.0,0.0,0.0,1.0,0.0,0.0,0.0,0.0,0.0,0.0,0.0,haze4k_train_oof,c8deacca8ecc5ee9eaa211369d45af6a0d9d99486250942b3e281cd21c1f5168
1,0.31999999999999995,-0.005117810265998439,4.83767917504656,-0.0006146430969238281,6.21196143302906,4.83767917504656,0.6533333333333332,0.02666666666666666,oof_fold_1,1.0,0.0,0.0,0.0,0.0,0.0,0.0,0.0,0.0,1.0,0.0,0.0,0.0,0.0,0.0,0.0,0.0,1.0,0.0,0.0,0.0,0.0,0.0,0.0,0.0,1.0,0.0,0.0,0.0,0.0,0.0,0.0,0.0,haze4k_train_oof,c976ed0ecb239e9603fb11d6597c174a7a657892decb4cac703be0648d63efe2
2,0.8166666666666665,-0.0002476783101896116,0.5103351435158245,-0.0014876723289489746,5.606781600217154,0.5103351435158245,0.14666666666666664,0.03666666666666666,oof_fold_2,1.0,0.0,0.0,0.0,0.0,0.0,0.0,0.0,0.0,1.0,0.0,0.0,0.0,0.0,0.0,0.0,0.0,1.0,0.0,0.0,0.0,0.0,0.0,0.0,0.0,1.0,0.0,0.0,0.0,0.0,0.0,0.0,0.0,haze4k_train_oof,c9966aee7dd5168e7694e819309dd9bd91430b5aa7d1e17ffcc1ecbb566b2fc7
0,0.3871999999999998,-0.013133397986507043,4.374737258805212,-0.006082773208618164,2.7522900042153537,4.374737258805212,0.6127999999999999,0.0,oof_fold_0,1.0,0.0,0.0,0.0,0.0,0.0,0.0,0.0,0.0,1.0,0.0,0.0,0.0,0.0,0.0,0.0,0.0,1.0,0.0,0.0,0.0,0.0,0.0,0.0,0.0,1.0,0.0,0.0,0.0,0.0,0.0,0.0,0.0,haze4k_train_oof,c9c8193c44f26abd8d31e1e277a12a66e44dae012baa228e193e977b6f6f11e3
1,0.8366666666666664,-0.0003030361427295247,0.5456546855358582,-3.3020973205566406e-05,6.7848573143527275,0.5456546855358582,0.08333333333333331,0.07999999999999999,oof_fold_1,1.0,0.0,0.0,0.0,0.0,0.0,0.0,0.0,0.0,1.0,0.0,0.0,0.0,0.0,0.0,0.0,0.0,1.0,0.0,0.0,0.0,0.0,0.0,0.0,0.0,1.0,0.0,0.0,0.0,0.0,0.0,0.0,0.0,haze4k_train_oof,c9f5ed7a7c200430c207d9d7630e692b38a7be17f3d118a9ffa21e1a5cd83f9a
1,0.33919999999999983,-0.006811094519986848,4.157997024021363,-0.003604292869567871,4.993625519966763,4.157997024021363,0.5423999999999998,0.11839999999999994,oof_fold_1,1.0,0.0,0.0,0.0,0.0,0.0,0.0,0.0,0.0,1.0,0.0,0.0,0.0,0.0,0.0,0.0,0.0,1.0,0.0,0.0,0.0,0.0,0.0,0.0,0.0,1.0,0.0,0.0,0.0,0.0,0.0,0.0,0.0,haze4k_train_oof,ca1f579054194ad7e24f569d872f6d2f20389b464ee8ad187bb542a186e32bae
2,0.7266666666666666,-0.0002598427582501649,0.7346503442111256,-0.000868678092956543,4.696552991826181,0.7346503442111256,0.1433333333333333,0.12999999999999998,oof_fold_2,1.0,0.0,0.0,0.0,0.0,0.0,0.0,0.0,0.0,1.0,0.0,0.0,0.0,0.0,0.0,0.0,0.0,1.0,0.0,0.0,0.0,0.0,0.0,0.0,0.0,1.0,0.0,0.0,0.0,0.0,0.0,0.0,0.0,haze4k_train_oof,ca3bc1497450d8256790e047e5fef1c6a753ce6bd3c1664f70fd4e3e845a652d
2,0.43039999999999984,-0.00604848931709227,2.753824372440633,-0.004058659076690674,3.6598183235331163,2.753824372440633,0.5279999999999998,0.041599999999999984,oof_fold_2,1.0,0.0,0.0,0.0,0.0,0.0,0.0,0.0,0.0,1.0,0.0,0.0,0.0,0.0,0.0,0.0,0.0,1.0,0.0,0.0,0.0,0.0,0.0,0.0,0.0,1.0,0.0,0.0,0.0,0.0,0.0,0.0,0.0,haze4k_train_oof,cabded77ab4475755459c089a8a265b3593de280ef2161a6741b01b5b151ff02
3,0.8699999999999999,-0.0011148909858830949,1.0568818257768982,-0.0017867088317871094,5.198433929711108,1.0568818257768982,0.09999999999999998,0.029999999999999995,oof_fold_3,1.0,0.0,0.0,0.0,0.0,0.0,0.0,0.0,0.0,1.0,0.0,0.0,0.0,0.0,0.0,0.0,0.0,1.0,0.0,0.0,0.0,0.0,0.0,0.0,0.0,1.0,0.0,0.0,0.0,0.0,0.0,0.0,0.0,haze4k_train_oof,cabe97f11fc0219fb1dc5a1f1c1c0bd2359fe030cd2300d0800a94f32f039ad1
0,0.7455999999999997,-0.001926062086067396,2.853770119852726,0.00010925531387329102,4.028186114990554,2.853770119852726,0.03519999999999999,0.2191999999999999,oof_fold_0,1.0,0.0,0.0,0.0,0.0,0.0,0.0,0.0,0.0,1.0,0.0,0.0,0.0,0.0,0.0,0.0,0.0,1.0,0.0,0.0,0.0,0.0,0.0,0.0,0.0,1.0,0.0,0.0,0.0,0.0,0.0,0.0,0.0,haze4k_train_oof,cb6b9272e291601f35372334560cceb67069ebe4c211331ce6d57d1481062352
0,0.6733333333333332,-0.001607778522254142,1.5564727178437394,-0.0007973909378051758,4.960303837824895,1.5564727178437394,0.02333333333333333,0.30333333333333323,oof_fold_0,1.0,0.0,0.0,0.0,0.0,0.0,0.0,0.0,0.0,1.0,0.0,0.0,0.0,0.0,0.0,0.0,0.0,1.0,0.0,0.0,0.0,0.0,0.0,0.0,0.0,1.0,0.0,0.0,0.0,0.0,0.0,0.0,0.0,haze4k_train_oof,cc5793aa1fd5814b64977c42f5f4a3859a68e6de42ae84a7c4011d5bf7f27c6a
1,0.8299999999999998,-0.0002041676167727423,0.6624248082823883,3.731250762939453e-05,4.127744906384905,0.6624248082823883,0.07999999999999999,0.08999999999999998,oof_fold_1,1.0,0.0,0.0,0.0,0.0,0.0,0.0,0.0,0.0,1.0,0.0,0.0,0.0,0.0,0.0,0.0,0.0,1.0,0.0,0.0,0.0,0.0,0.0,0.0,0.0,1.0,0.0,0.0,0.0,0.0,0.0,0.0,0.0,haze4k_train_oof,cc9f056fc3f9a429a62efda1b031ed7567871e49a5ed5c51f9f77debb861ea3e
4,0.9533333333333331,2.5889015205646172e-05,0.04546510084676214,2.562999725341797e-05,4.606605271123954,0.04546510084676214,0.033333333333333326,0.01333333333333333,oof_fold_4,1.0,0.0,0.0,0.0,0.0,0.0,0.0,0.0,0.0,1.0,0.0,0.0,0.0,0.0,0.0,0.0,0.0,1.0,0.0,0.0,0.0,0.0,0.0,0.0,0.0,1.0,0.0,0.0,0.0,0.0,0.0,0.0,0.0,haze4k_train_oof,cca63dcda835a8a999f2c2e3847f36d8726b208cc840d5849dd5f3fbddf79e72
0,0.95,-0.0002972909419993088,0.407421213269366,-0.00014662742614746094,3.662643828532879,0.407421213269366,0.04999999999999999,0.0,oof_fold_0,1.0,0.0,0.0,0.0,0.0,0.0,0.0,0.0,0.0,1.0,0.0,0.0,0.0,0.0,0.0,0.0,0.0,1.0,0.0,0.0,0.0,0.0,0.0,0.0,0.0,1.0,0.0,0.0,0.0,0.0,0.0,0.0,0.0,haze4k_train_oof,cdb5c22207e101cb2e504ffaca687c04c3e616181b65069f77a7696a856ec742
0,0.6166666666666666,-0.0032316629929785754,1.502110535139245,-0.007467925548553467,4.752937388553381,1.502110535139245,0.30999999999999994,0.07333333333333332,oof_fold_0,1.0,0.0,0.0,0.0,0.0,0.0,0.0,0.0,0.0,1.0,0.0,0.0,0.0,0.0,0.0,0.0,0.0,1.0,0.0,0.0,0.0,0.0,0.0,0.0,0.0,1.0,0.0,0.0,0.0,0.0,0.0,0.0,0.0,haze4k_train_oof,cdff7169726944faaf44995c145c8f7b1abf15c401a0cb4b1e6c79f950870bd0
1,0.8191999999999998,-0.0002558713024947792,0.8036679572135341,-0.0011128783226013184,6.202399272754199,0.8036679572135341,0.10079999999999996,0.07999999999999996,oof_fold_1,1.0,0.0,0.0,0.0,0.0,0.0,0.0,0.0,0.0,1.0,0.0,0.0,0.0,0.0,0.0,0.0,0.0,1.0,0.0,0.0,0.0,0.0,0.0,0.0,0.0,1.0,0.0,0.0,0.0,0.0,0.0,0.0,0.0,haze4k_train_oof,ce144f3afa842725b8b34760cfd7afb64567dd51739af39c1a02716355eec216
4,0.20799999999999993,-0.006105193760579762,3.3123318696944892,-0.0011953115463256836,2.7986426529605737,3.3123318696944892,0.7023999999999998,0.08959999999999997,oof_fold_4,1.0,0.0,0.0,0.0,0.0,0.0,0.0,0.0,0.0,1.0,0.0,0.0,0.0,0.0,0.0,0.0,0.0,1.0,0.0,0.0,0.0,0.0,0.0,0.0,0.0,1.0,0.0,0.0,0.0,0.0,0.0,0.0,0.0,haze4k_train_oof,ce21985da89355c8a259d631e25ff1f3c31c14ab330ec2909f3949eb05bd3568
0,0.7295999999999998,-0.001627016478311271,0.733928019838693,-0.0001538991928100586,4.605274880800515,0.733928019838693,0.05919999999999997,0.21119999999999992,oof_fold_0,1.0,0.0,0.0,0.0,0.0,0.0,0.0,0.0,0.0,1.0,0.0,0.0,0.0,0.0,0.0,0.0,0.0,1.0,0.0,0.0,0.0,0.0,0.0,0.0,0.0,1.0,0.0,0.0,0.0,0.0,0.0,0.0,0.0,haze4k_train_oof,cf5e5e97dbaea15173d88b06d671c48c6f1f158ae18044f222893eb53fc7aca2
4,0.8066666666666664,0.00019153663813742448,0.41829994249165026,-0.0005646347999572754,6.225805412382265,0.41829994249165026,0.029999999999999995,0.16333333333333327,oof_fold_4,1.0,0.0,0.0,0.0,0.0,0.0,0.0,0.0,0.0,1.0,0.0,0.0,0.0,0.0,0.0,0.0,0.0,1.0,0.0,0.0,0.0,0.0,0.0,0.0,0.0,1.0,0.0,0.0,0.0,0.0,0.0,0.0,0.0,haze4k_train_oof,cf612976be00c919f2f5b2d2def62b70b57cbc02b149b7a84b32f593dab636ff
2,0.8066666666666665,-0.001083090702354639,0.7705370637173914,-0.0005139708518981934,6.173587840135845,0.7705370637173914,0.016666666666666663,0.1766666666666666,oof_fold_2,1.0,0.0,0.0,0.0,0.0,0.0,0.0,0.0,0.0,1.0,0.0,0.0,0.0,0.0,0.0,0.0,0.0,1.0,0.0,0.0,0.0,0.0,0.0,0.0,0.0,1.0,0.0,0.0,0.0,0.0,0.0,0.0,0.0,haze4k_train_oof,cf64b99c07c25c4c0312e03b3c3d644fd64776984953a322b246d53bf5702216
0,0.7199999999999999,-0.000983445645280578,1.5385607098172684,-0.0008979439735412598,5.645211853093784,1.5385607098172684,0.19333333333333327,0.08666666666666666,oof_fold_0,1.0,0.0,0.0,0.0,0.0,0.0,0.0,0.0,0.0,1.0,0.0,0.0,0.0,0.0,0.0,0.0,0.0,1.0,0.0,0.0,0.0,0.0,0.0,0.0,0.0,1.0,0.0,0.0,0.0,0.0,0.0,0.0,0.0,haze4k_train_oof,cf71d5c8841cf2d81eba67744e70539d0b895ca971be2c0c312cfce04f183345
2,0.7839999999999998,-0.0010280623575478478,1.565549497102758,-0.0017359256744384766,5.0817008814263005,1.565549497102758,0.07679999999999998,0.13919999999999993,oof_fold_2,1.0,0.0,0.0,0.0,0.0,0.0,0.0,0.0,0.0,1.0,0.0,0.0,0.0,0.0,0.0,0.0,0.0,1.0,0.0,0.0,0.0,0.0,0.0,0.0,0.0,1.0,0.0,0.0,0.0,0.0,0.0,0.0,0.0,haze4k_train_oof,cfa3ba8924afc92fb046152ce44963e0c274d409861dee1198f1779467bb07cd
1,0.9231999999999998,0.00025190024067220905,0.6537321929909581,-0.00013124942779541016,4.769949326376505,0.6537321929909581,0.019199999999999995,0.05759999999999998,oof_fold_1,1.0,0.0,0.0,0.0,0.0,0.0,0.0,0.0,0.0,1.0,0.0,0.0,0.0,0.0,0.0,0.0,0.0,1.0,0.0,0.0,0.0,0.0,0.0,0.0,0.0,1.0,0.0,0.0,0.0,0.0,0.0,0.0,0.0,haze4k_train_oof,cfbd527ce4bf57e670d0b726ce739ad5f0d0a993b2155f29d2d6694e767ecf7c
1,0.7391999999999997,-0.0023613425449681624,1.620474579586542,-0.001316666603088379,6.9607753731768796,1.620474579586542,0.16159999999999994,0.09919999999999995,oof_fold_1,0.9679999999999999,0.04313100801302028,-0.00010223161292572877,0.04313100801302028,-1.8715858459472656e-05,1.49140231372796,0.04313100801302028,0.03199999999999999,0.0,1.0,0.0,0.0,0.0,0.0,0.0,0.0,0.0,0.9679999999999999,-0.00010223161292572877,0.04313100801302028,-1.8715858459472656e-05,1.0314506677714945,0.04313100801302028,0.03199999999999999,0.0,1.0,0.0,0.0,0.0,0.0,0.0,0.0,0.0,haze4k_train_oof,d13afce1e9d58c067487725c5b944b699778aef8519163e49100265190959965
3,0.2566666666666666,-0.0038339364384369712,2.964025355359503,-0.00026488304138183594,2.179001714881366,2.964025355359503,0.6733333333333332,0.06999999999999998,oof_fold_3,1.0,0.0,0.0,0.0,0.0,0.0,0.0,0.0,0.0,1.0,0.0,0.0,0.0,0.0,0.0,0.0,0.0,1.0,0.0,0.0,0.0,0.0,0.0,0.0,0.0,1.0,0.0,0.0,0.0,0.0,0.0,0.0,0.0,haze4k_train_oof,d16cf0211368d1be252de341d8fe541f735d8f8c75a272f7a786faaf20c0140b
1,0.8703999999999998,-0.0010905055633105803,1.6950029482988356,-0.0004596114158630371,4.7499459989573936,1.6950029482988356,0.015999999999999993,0.11359999999999995,oof_fold_1,1.0,0.0,0.0,0.0,0.0,0.0,0.0,0.0,0.0,1.0,0.0,0.0,0.0,0.0,0.0,0.0,0.0,1.0,0.0,0.0,0.0,0.0,0.0,0.0,0.0,1.0,0.0,0.0,0.0,0.0,0.0,0.0,0.0,haze4k_train_oof,d1a48a4fac796924e868a6206b99efaa2ff87f060bd12e79dfebee857b345fd8
1,0.2559999999999999,0.0014473967085834984,2.2735558057141887,0.00021451711654663086,1.387830583754436,2.2735558057141887,0.7151999999999997,0.02879999999999999,oof_fold_1,1.0,0.0,0.0,0.0,0.0,0.0,0.0,0.0,0.0,1.0,0.0,0.0,0.0,0.0,0.0,0.0,0.0,1.0,0.0,0.0,0.0,0.0,0.0,0.0,0.0,1.0,0.0,0.0,0.0,0.0,0.0,0.0,0.0,haze4k_train_oof,d244ac28f2f4b6576bbd06311e6ac4b9161537da15a180f8095ec61e009118df
3,0.4575999999999998,-0.016637790288131993,2.3722099926568525,-0.015544116497039795,4.334713292302926,2.3722099926568525,0.5215999999999998,0.020799999999999992,oof_fold_3,1.0,0.0,0.0,0.0,0.0,0.0,0.0,0.0,0.0,1.0,0.0,0.0,0.0,0.0,0.0,0.0,0.0,1.0,0.0,0.0,0.0,0.0,0.0,0.0,0.0,1.0,0.0,0.0,0.0,0.0,0.0,0.0,0.0,haze4k_train_oof,d391c3e0b451fc77f90747903c5f6e352e68769da8e82e615c3e6f778f45b4fe
1,0.6833333333333332,-0.0004022720787058158,0.9099590720652202,-0.00030916929244995117,6.342960943272786,0.9099590720652202,0.2566666666666666,0.05999999999999999,oof_fold_1,1.0,0.0,0.0,0.0,0.0,0.0,0.0,0.0,0.0,1.0,0.0,0.0,0.0,0.0,0.0,0.0,0.0,1.0,0.0,0.0,0.0,0.0,0.0,0.0,0.0,1.0,0.0,0.0,0.0,0.0,0.0,0.0,0.0,haze4k_train_oof,d3a58b3b859943c85529f27f2fdf5c3a50c916bb68b9f35e442dbf9bcc218104
4,0.8933333333333331,0.00028068995764493187,0.9824420852021447,-0.00010985136032104492,7.987420856730694,0.9824420852021447,0.033333333333333326,0.07333333333333332,oof_fold_4,1.0,0.0,0.0,0.0,0.0,0.0,0.0,0.0,0.0,1.0,0.0,0.0,0.0,0.0,0.0,0.0,0.0,1.0,0.0,0.0,0.0,0.0,0.0,0.0,0.0,1.0,0.0,0.0,0.0,0.0,0.0,0.0,0.0,haze4k_train_oof,d412c92e31b6469410263a700c1375b695cb88e3ad24a12bed298ed04a5e9a18
3,0.6066666666666666,-0.0040520873165051955,4.000357837771965,-0.0007581114768981934,7.969861573822591,4.000357837771965,0.37333333333333324,0.019999999999999997,oof_fold_3,1.0,0.0,0.0,0.0,0.0,0.0,0.0,0.0,0.0,1.0,0.0,0.0,0.0,0.0,0.0,0.0,0.0,1.0,0.0,0.0,0.0,0.0,0.0,0.0,0.0,1.0,0.0,0.0,0.0,0.0,0.0,0.0,0.0,haze4k_train_oof,d46d34d543319b71d07c63d7791ddd19e8647d85d0944f7512bfb7d6bde4cc86
3,0.7903999999999999,-0.000580401248492611,1.3511562001265531,-9.882450103759766e-05,8.009057933588906,1.3511562001265531,0.09919999999999997,0.11039999999999996,oof_fold_3,1.0,0.0,0.0,0.0,0.0,0.0,0.0,0.0,0.0,1.0,0.0,0.0,0.0,0.0,0.0,0.0,0.0,1.0,0.0,0.0,0.0,0.0,0.0,0.0,0.0,1.0,0.0,0.0,0.0,0.0,0.0,0.0,0.0,haze4k_train_oof,d53edc69c03708d0c94f88aaa4ae9c447d298bad31abfbdd04437b4078c5e24b
4,0.9295999999999998,-0.0015314394272902673,0.7035232034348553,-0.0001195669174194336,4.826394753262015,0.7035232034348553,0.06719999999999997,0.003199999999999999,oof_fold_4,1.0,0.0,0.0,0.0,0.0,0.0,0.0,0.0,0.0,1.0,0.0,0.0,0.0,0.0,0.0,0.0,0.0,1.0,0.0,0.0,0.0,0.0,0.0,0.0,0.0,1.0,0.0,0.0,0.0,0.0,0.0,0.0,0.0,haze4k_train_oof,d54a3a0cfdc391e2b26962ccf15821dba3aa06dd78e1f035bbb45407ce7192a8
1,0.7839999999999998,-0.0020217366674914958,0.7176676635503263,-0.0012932419776916504,2.7486964159746847,0.7176676635503263,0.06239999999999997,0.15359999999999996,oof_fold_1,1.0,0.0,0.0,0.0,0.0,0.0,0.0,0.0,0.0,1.0,0.0,0.0,0.0,0.0,0.0,0.0,0.0,1.0,0.0,0.0,0.0,0.0,0.0,0.0,0.0,1.0,0.0,0.0,0.0,0.0,0.0,0.0,0.0,haze4k_train_oof,d5d3faae23f380d495f890a50a787e25bf7a47dac19ecbf00600d7aa7026f8c7
0,0.7647999999999998,-0.001980997447044744,1.5929677719358182,-0.0018027424812316895,4.677068366255575,1.5929677719358182,0.1583999999999999,0.07679999999999998,oof_fold_0,1.0,0.0,0.0,0.0,0.0,0.0,0.0,0.0,0.0,1.0,0.0,0.0,0.0,0.0,0.0,0.0,0.0,1.0,0.0,0.0,0.0,0.0,0.0,0.0,0.0,1.0,0.0,0.0,0.0,0.0,0.0,0.0,0.0,haze4k_train_oof,d5fc15a1fe393f02c000da6a6420cad99b8c3013fb1fb362d6a537ff56e57684
1,0.43199999999999983,-0.012763205095855908,4.366243799754038,-0.002366960048675537,4.264068239457977,4.366243799754038,0.0,0.5679999999999998,oof_fold_1,1.0,0.0,0.0,0.0,0.0,0.0,0.0,0.0,0.0,1.0,0.0,0.0,0.0,0.0,0.0,0.0,0.0,1.0,0.0,0.0,0.0,0.0,0.0,0.0,0.0,1.0,0.0,0.0,0.0,0.0,0.0,0.0,0.0,haze4k_train_oof,d650b3b35ab96741a4d0274e678f2edef5591048bcfbb6984fd8ac5337087c41
2,0.8133333333333332,6.701425400024033e-07,0.6676537342642561,-5.3822994232177734e-05,3.527942365332187,0.6676537342642561,0.08999999999999998,0.09666666666666664,oof_fold_2,1.0,0.0,0.0,0.0,0.0,0.0,0.0,0.0,0.0,1.0,0.0,0.0,0.0,0.0,0.0,0.0,0.0,1.0,0.0,0.0,0.0,0.0,0.0,0.0,0.0,1.0,0.0,0.0,0.0,0.0,0.0,0.0,0.0,haze4k_train_oof,d65345257fd0de9d74b12bb5d57f7797d4bff87c61f03cf0ac2f5484cf84bfa5
2,0.9199999999999998,-3.5364417296174594e-05,0.20003526801706784,-0.00012105703353881836,4.051845320971189,0.20003526801706784,0.04333333333333333,0.03666666666666666,oof_fold_2,1.0,0.0,0.0,0.0,0.0,0.0,0.0,0.0,0.0,1.0,0.0,0.0,0.0,0.0,0.0,0.0,0.0,1.0,0.0,0.0,0.0,0.0,0.0,0.0,0.0,1.0,0.0,0.0,0.0,0.0,0.0,0.0,0.0,haze4k_train_oof,d6563f21eaa9adb19c3c7be6949801e4e494041832eb67de572791a650dbf0c6
0,0.8799999999999997,0.0006465550846255302,0.6930079461423873,-0.0012781620025634766,3.9774615569757046,0.6930079461423873,0.052799999999999986,0.06719999999999997,oof_fold_0,1.0,0.0,0.0,0.0,0.0,0.0,0.0,0.0,0.0,1.0,0.0,0.0,0.0,0.0,0.0,0.0,0.0,1.0,0.0,0.0,0.0,0.0,0.0,0.0,0.0,1.0,0.0,0.0,0.0,0.0,0.0,0.0,0.0,haze4k_train_oof,d6f5d34cbf4733c534de8cd63c45a066f644e4994c8d0aa1369281dfa0d1fe59
0,0.9919999999999998,-0.00018214984202058948,0.04960198461689913,-0.00023996829986572266,2.5780865119116214,0.04960198461689913,0.007999999999999997,0.0,oof_fold_0,1.0,0.0,0.0,0.0,0.0,0.0,0.0,0.0,0.0,1.0,0.0,0.0,0.0,0.0,0.0,0.0,0.0,1.0,0.0,0.0,0.0,0.0,0.0,0.0,0.0,1.0,0.0,0.0,0.0,0.0,0.0,0.0,0.0,haze4k_train_oof,d6fa117a77baa15a3f8626b7cba12f2ca632e04a5008aa9c5f54ef4ff5fa04c0
4,0.7766666666666664,-5.308745470995768e-05,1.1962254067440057,-0.0001882314682006836,7.94893787231252,1.1962254067440057,0.1733333333333333,0.04999999999999999,oof_fold_4,1.0,0.0,0.0,0.0,0.0,0.0,0.0,0.0,0.0,1.0,0.0,0.0,0.0,0.0,0.0,0.0,0.0,1.0,0.0,0.0,0.0,0.0,0.0,0.0,0.0,1.0,0.0,0.0,0.0,0.0,0.0,0.0,0.0,haze4k_train_oof,d71d74fcccca6e7db3f26f3a516be11468680275e4ddb6c33e7de6559610fa0e
3,0.8999999999999998,-0.0035136399891176648,0.6549030493147683,-0.0062277913093566895,3.489188391782271,0.6549030493147683,0.08333333333333333,0.016666666666666663,oof_fold_3,1.0,0.0,0.0,0.0,0.0,0.0,0.0,0.0,0.0,1.0,0.0,0.0,0.0,0.0,0.0,0.0,0.0,1.0,0.0,0.0,0.0,0.0,0.0,0.0,0.0,1.0,0.0,0.0,0.0,0.0,0.0,0.0,0.0,haze4k_train_oof,d7267cdc004378b6becec923ca66523d7d2e4d2ab98b475d153224f8223795ec
4,0.853333333333333,0.0009474961416466004,0.9445933208082948,-0.001488029956817627,4.817163415706695,0.9445933208082948,0.09666666666666665,0.04999999999999999,oof_fold_4,1.0,0.0,0.0,0.0,0.0,0.0,0.0,0.0,0.0,1.0,0.0,0.0,0.0,0.0,0.0,0.0,0.0,1.0,0.0,0.0,0.0,0.0,0.0,0.0,0.0,1.0,0.0,0.0,0.0,0.0,0.0,0.0,0.0,haze4k_train_oof,d7428511d85f1244ab378595fc86c6dee4ea399fb39590924cee46e156ff7488
4,0.9633333333333332,-0.00014059546324966105,0.10924377725596202,-8.064508438110352e-05,3.219901044793289,0.10924377725596202,0.03666666666666666,0.0,oof_fold_4,1.0,0.0,0.0,0.0,0.0,0.0,0.0,0.0,0.0,1.0,0.0,0.0,0.0,0.0,0.0,0.0,0.0,1.0,0.0,0.0,0.0,0.0,0.0,0.0,0.0,1.0,0.0,0.0,0.0,0.0,0.0,0.0,0.0,haze4k_train_oof,d9ae260c13a207291cf9c478f02424a42fc3a029077a139a36b2624b74ae7ae0
2,0.8607999999999999,-0.00024711676861043075,2.172420506060334,-0.004363298416137695,5.788780115164705,2.172420506060334,0.05599999999999997,0.08319999999999995,oof_fold_2,1.0,0.0,0.0,0.0,0.0,0.0,0.0,0.0,0.0,1.0,0.0,0.0,0.0,0.0,0.0,0.0,0.0,1.0,0.0,0.0,0.0,0.0,0.0,0.0,0.0,1.0,0.0,0.0,0.0,0.0,0.0,0.0,0.0,haze4k_train_oof,da41f42b3d49db9276f2d2e758085316632c491f55d429dc64a1ad91cbcb461b
4,0.6433333333333332,-0.0009434193830171959,1.2757917107257128,-0.0020588040351867676,6.825721239349441,1.2757917107257128,0.2266666666666666,0.12999999999999998,oof_fold_4,1.0,0.0,0.0,0.0,0.0,0.0,0.0,0.0,0.0,1.0,0.0,0.0,0.0,0.0,0.0,0.0,0.0,1.0,0.0,0.0,0.0,0.0,0.0,0.0,0.0,1.0,0.0,0.0,0.0,0.0,0.0,0.0,0.0,haze4k_train_oof,dae57497ac0c26b7b1f73dcaca150c39b584d100a977b368d27ce869e04767a9
2,0.2767999999999999,-0.008088872131363799,2.702937683215204,-0.004805207252502441,4.626242201280501,2.702937683215204,0.4927999999999999,0.23039999999999988,oof_fold_2,1.0,0.0,0.0,0.0,0.0,0.0,0.0,0.0,0.0,1.0,0.0,0.0,0.0,0.0,0.0,0.0,0.0,1.0,0.0,0.0,0.0,0.0,0.0,0.0,0.0,1.0,0.0,0.0,0.0,0.0,0.0,0.0,0.0,haze4k_train_oof,db27fe5ac0721e65baf21c7e6af4e5a582bc3f32bcbd0f98393fbf136f2b1030
0,0.8733333333333332,-0.0005838313506198272,0.8561369599841484,-0.0010997653007507324,3.8548270524349704,0.8561369599841484,0.09333333333333332,0.033333333333333326,oof_fold_0,1.0,0.0,0.0,0.0,0.0,0.0,0.0,0.0,0.0,1.0,0.0,0.0,0.0,0.0,0.0,0.0,0.0,1.0,0.0,0.0,0.0,0.0,0.0,0.0,0.0,1.0,0.0,0.0,0.0,0.0,0.0,0.0,0.0,haze4k_train_oof,db81622f3857ea247ec4c85717945fafddcdb3c85fa03511c96ddb55913d6ad9
4,0.2559999999999999,-0.0044882062907020265,1.6083784319191423,0.0010222792625427246,0.8920456596497033,1.6083784319191423,0.7087999999999998,0.03519999999999999,oof_fold_4,1.0,0.0,0.0,0.0,0.0,0.0,0.0,0.0,0.0,1.0,0.0,0.0,0.0,0.0,0.0,0.0,0.0,1.0,0.0,0.0,0.0,0.0,0.0,0.0,0.0,1.0,0.0,0.0,0.0,0.0,0.0,0.0,0.0,haze4k_train_oof,db859dd8bacbe3facb909751d1c4962884c0d094fb8c74e1879ca885525545c5
3,0.7566666666666664,-0.003645519570544214,1.5642459637481139,-0.004019200801849365,6.0737897550811795,1.5642459637481139,0.21333333333333326,0.029999999999999992,oof_fold_3,1.0,0.0,0.0,0.0,0.0,0.0,0.0,0.0,0.0,1.0,0.0,0.0,0.0,0.0,0.0,0.0,0.0,1.0,0.0,0.0,0.0,0.0,0.0,0.0,0.0,1.0,0.0,0.0,0.0,0.0,0.0,0.0,0.0,haze4k_train_oof,dbd027bb62f5e6c4c721d6cd2e29a5afd345dd82f999c8e89ebeb8b9474bf9a5
1,0.5999999999999999,-0.00017782702521493103,0.8337494821120828,-0.002398967742919922,2.9480084095774117,0.8337494821120828,0.22333333333333327,0.17666666666666664,oof_fold_1,1.0,0.0,0.0,0.0,0.0,0.0,0.0,0.0,0.0,1.0,0.0,0.0,0.0,0.0,0.0,0.0,0.0,1.0,0.0,0.0,0.0,0.0,0.0,0.0,0.0,1.0,0.0,0.0,0.0,0.0,0.0,0.0,0.0,haze4k_train_oof,dbe161d81d9f697f75899a9e7573b6b002ad9fda7e11e2a5cb47a97fc3b6248c
3,0.5759999999999998,-0.001272646107140463,2.854532931725558,-1.1801719665527344e-05,5.54475688859538,2.854532931725558,0.1951999999999999,0.2287999999999999,oof_fold_3,1.0,0.0,0.0,0.0,0.0,0.0,0.0,0.0,0.0,1.0,0.0,0.0,0.0,0.0,0.0,0.0,0.0,1.0,0.0,0.0,0.0,0.0,0.0,0.0,0.0,1.0,0.0,0.0,0.0,0.0,0.0,0.0,0.0,haze4k_train_oof,dc3fd280ef3bceb7e5262d073d13ff5d8ac32e77a6d635c3e23a375066692b86
4,0.7733333333333332,-0.00015389121332140754,0.9902441085082145,-0.0011407136917114258,5.334838445777336,0.9902441085082145,0.10666666666666663,0.11999999999999997,oof_fold_4,1.0,0.0,0.0,0.0,0.0,0.0,0.0,0.0,0.0,1.0,0.0,0.0,0.0,0.0,0.0,0.0,0.0,1.0,0.0,0.0,0.0,0.0,0.0,0.0,0.0,1.0,0.0,0.0,0.0,0.0,0.0,0.0,0.0,haze4k_train_oof,dc6e56adebc38d32938a6c837fc4c944b0f23fe5b4c5a4bdcbf8e2b039e45c8e
4,0.6015999999999998,0.00013929897642228758,0.9333286937823786,-0.0017572641372680664,4.948714679632829,0.9333286937823786,0.2447999999999999,0.15359999999999996,oof_fold_4,1.0,0.0,0.0,0.0,0.0,0.0,0.0,0.0,0.0,1.0,0.0,0.0,0.0,0.0,0.0,0.0,0.0,1.0,0.0,0.0,0.0,0.0,0.0,0.0,0.0,1.0,0.0,0.0,0.0,0.0,0.0,0.0,0.0,haze4k_train_oof,dcfe1f7630804c062d106dc5214c79f54dd441fe29ae293696f4dcc5b929b0b6
3,0.7199999999999999,-0.000696489981359668,3.3667336287017093,-0.0003235936164855957,6.055147309704992,3.3667336287017093,0.13999999999999999,0.13999999999999993,oof_fold_3,1.0,0.0,0.0,0.0,0.0,0.0,0.0,0.0,0.0,1.0,0.0,0.0,0.0,0.0,0.0,0.0,0.0,1.0,0.0,0.0,0.0,0.0,0.0,0.0,0.0,1.0,0.0,0.0,0.0,0.0,0.0,0.0,0.0,haze4k_train_oof,dd50d52c32945a954522f7ef1dd90e60c800acbea359ed6a279378a8825387b6
4,0.7967999999999998,0.00015240297539470082,0.6724543239966678,-0.0024740099906921387,2.2714956393578944,0.6724543239966678,0.08959999999999997,0.11359999999999995,oof_fold_4,1.0,0.0,0.0,0.0,0.0,0.0,0.0,0.0,0.0,1.0,0.0,0.0,0.0,0.0,0.0,0.0,0.0,1.0,0.0,0.0,0.0,0.0,0.0,0.0,0.0,1.0,0.0,0.0,0.0,0.0,0.0,0.0,0.0,haze4k_train_oof,dd830a1854c405e8021c766d79def63f6442328862fa775dafef617c6347a133
2,0.6431999999999998,-0.00230644127697063,1.0218633855694144,-0.002871394157409668,4.002321745767755,1.0218633855694144,0.16639999999999994,0.19039999999999993,oof_fold_2,1.0,0.0,0.0,0.0,0.0,0.0,0.0,0.0,0.0,1.0,0.0,0.0,0.0,0.0,0.0,0.0,0.0,1.0,0.0,0.0,0.0,0.0,0.0,0.0,0.0,1.0,0.0,0.0,0.0,0.0,0.0,0.0,0.0,haze4k_train_oof,de8ee11d3a6d0b53fd51a1ec95f33cf3943c587e533ddd524961e3496e109fcf
1,0.6975999999999998,-0.005698981248697965,2.1549031192431016,-0.0016658902168273926,4.9061132199257855,2.1549031192431016,0.3007999999999999,0.0015999999999999994,oof_fold_1,1.0,0.0,0.0,0.0,0.0,0.0,0.0,0.0,0.0,1.0,0.0,0.0,0.0,0.0,0.0,0.0,0.0,1.0,0.0,0.0,0.0,0.0,0.0,0.0,0.0,1.0,0.0,0.0,0.0,0.0,0.0,0.0,0.0,haze4k_train_oof,df312ba64c1a595418a63b0a4cc86f9c8655f87a2a956535834e31ff8a4fb028
3,0.49599999999999983,-0.006292346703298003,2.541294897278817,0.00019884109497070312,4.269232057103217,2.541294897278817,0.4463999999999998,0.05759999999999998,oof_fold_3,1.0,0.0,0.0,0.0,0.0,0.0,0.0,0.0,0.0,1.0,0.0,0.0,0.0,0.0,0.0,0.0,0.0,1.0,0.0,0.0,0.0,0.0,0.0,0.0,0.0,1.0,0.0,0.0,0.0,0.0,0.0,0.0,0.0,haze4k_train_oof,df407b94f18ba26c0c79def01ed34fb764e1b03046c8882510d53f690cdfc2d8
2,0.6399999999999999,-0.0011846520341002057,0.9445615807524845,-0.0012407898902893066,5.511730524428714,0.9445615807524845,0.2099999999999999,0.14999999999999997,oof_fold_2,1.0,0.0,0.0,0.0,0.0,0.0,0.0,0.0,0.0,1.0,0.0,0.0,0.0,0.0,0.0,0.0,0.0,1.0,0.0,0.0,0.0,0.0,0.0,0.0,0.0,1.0,0.0,0.0,0.0,0.0,0.0,0.0,0.0,haze4k_train_oof,e03547df071ab42bafb37d7a47d956299d9463a8d77ee4973e65b57fe6dcbb21
0,0.61,-0.0011699563991795809,2.4436829066364183,-0.00013118982315063477,5.098611317043044,2.4436829066364183,0.35666666666666663,0.033333333333333326,oof_fold_0,1.0,0.0,0.0,0.0,0.0,0.0,0.0,0.0,0.0,1.0,0.0,0.0,0.0,0.0,0.0,0.0,0.0,1.0,0.0,0.0,0.0,0.0,0.0,0.0,0.0,1.0,0.0,0.0,0.0,0.0,0.0,0.0,0.0,haze4k_train_oof,e0787d5081c926a1ea86d3a72f59edc2f0d651eca2fba6eeea5295d6eafe7165
4,0.7487999999999998,-0.002172560247825459,1.6168341723152082,-0.0010620951652526855,4.231875805523707,1.6168341723152082,0.07039999999999998,0.18079999999999993,oof_fold_4,1.0,0.0,0.0,0.0,0.0,0.0,0.0,0.0,0.0,1.0,0.0,0.0,0.0,0.0,0.0,0.0,0.0,1.0,0.0,0.0,0.0,0.0,0.0,0.0,0.0,1.0,0.0,0.0,0.0,0.0,0.0,0.0,0.0,haze4k_train_oof,e1d579f93678c3e42cacc06defc065d21e57f57af52e669bf8b9bcfd296815fc
3,0.7119999999999997,-0.001719500994143891,0.9961706085779056,-0.007354438304901123,4.572381903769013,0.9961706085779056,0.19199999999999995,0.09599999999999997,oof_fold_3,1.0,0.0,0.0,0.0,0.0,0.0,0.0,0.0,0.0,1.0,0.0,0.0,0.0,0.0,0.0,0.0,0.0,1.0,0.0,0.0,0.0,0.0,0.0,0.0,0.0,1.0,0.0,0.0,0.0,0.0,0.0,0.0,0.0,haze4k_train_oof,e214aba1963e0140ab1f936d0e79f4d9e7c6c5c89f192496d6bab6bf1a572f86
1,0.9399999999999998,-0.0001482350483865957,0.46716858597052635,-6.335973739624023e-05,4.0487189426287955,0.46716858597052635,0.046666666666666655,0.01333333333333333,oof_fold_1,1.0,0.0,0.0,0.0,0.0,0.0,0.0,0.0,0.0,1.0,0.0,0.0,0.0,0.0,0.0,0.0,0.0,1.0,0.0,0.0,0.0,0.0,0.0,0.0,0.0,1.0,0.0,0.0,0.0,0.0,0.0,0.0,0.0,haze4k_train_oof,e36b656e53945ab795dfc3a6906d639f9676053497a04773417bc1fdebc71bee
2,0.5535999999999999,-0.0024048267588640264,4.75822784069058,-0.005322277545928955,6.8430423992625045,4.75822784069058,0.2991999999999999,0.14719999999999994,oof_fold_2,1.0,0.0,0.0,0.0,0.0,0.0,0.0,0.0,0.0,1.0,0.0,0.0,0.0,0.0,0.0,0.0,0.0,1.0,0.0,0.0,0.0,0.0,0.0,0.0,0.0,1.0,0.0,0.0,0.0,0.0,0.0,0.0,0.0,haze4k_train_oof,e3acae2267fd04c4fe3a4ca42e6813b96bdfff353496223fde19f01ba42b51cd
0,0.97,-0.0003201701817720779,0.318445209456506,-0.0003224015235900879,2.569604979199994,0.318445209456506,0.02333333333333333,0.006666666666666665,oof_fold_0,1.0,0.0,0.0,0.0,0.0,0.0,0.0,0.0,0.0,1.0,0.0,0.0,0.0,0.0,0.0,0.0,0.0,1.0,0.0,0.0,0.0,0.0,0.0,0.0,0.0,1.0,0.0,0.0,0.0,0.0,0.0,0.0,0.0,haze4k_train_oof,e48fb2ea43f663b9ffbeee96467d68abee2680b517585973b32e7e369ad51768
0,0.7099999999999999,-0.0010294157723949916,1.0647526009503352,6.35981559753418e-05,6.048417695634491,1.0647526009503352,0.21999999999999992,0.06999999999999998,oof_fold_0,1.0,0.0,0.0,0.0,0.0,0.0,0.0,0.0,0.0,1.0,0.0,0.0,0.0,0.0,0.0,0.0,0.0,1.0,0.0,0.0,0.0,0.0,0.0,0.0,0.0,1.0,0.0,0.0,0.0,0.0,0.0,0.0,0.0,haze4k_train_oof,e4f72d0466e9e2de51d37880e572433b340056662c4c606ee36ef66fc7960318
1,0.8066666666666664,-0.0017195456526635804,1.4691842288868244,-0.0018216371536254883,4.27648177123406,1.4691842288868244,0.14999999999999994,0.04333333333333333,oof_fold_1,1.0,0.0,0.0,0.0,0.0,0.0,0.0,0.0,0.0,1.0,0.0,0.0,0.0,0.0,0.0,0.0,0.0,1.0,0.0,0.0,0.0,0.0,0.0,0.0,0.0,1.0,0.0,0.0,0.0,0.0,0.0,0.0,0.0,haze4k_train_oof,e553834e29c098aa9fe0b7c1a5b905a7f64128af341df79f398178432b92f387
0,0.9071999999999998,-0.00062848553264824,0.5515811401910184,-0.0006384849548339844,1.7958107176200784,0.5515811401910184,0.006399999999999998,0.08639999999999996,oof_fold_0,1.0,0.0,0.0,0.0,0.0,0.0,0.0,0.0,0.0,1.0,0.0,0.0,0.0,0.0,0.0,0.0,0.0,1.0,0.0,0.0,0.0,0.0,0.0,0.0,0.0,1.0,0.0,0.0,0.0,0.0,0.0,0.0,0.0,haze4k_train_oof,e557def1c87c525da5cc7ec9b23dd95c336e3fd6eebcfa33cee47dca2d04b751
2,0.8527999999999999,-0.000298621367441956,0.9829571683087863,-0.0011335015296936035,3.416018519015253,0.9829571683087863,0.07999999999999996,0.06719999999999998,oof_fold_2,1.0,0.0,0.0,0.0,0.0,0.0,0.0,0.0,0.0,1.0,0.0,0.0,0.0,0.0,0.0,0.0,0.0,1.0,0.0,0.0,0.0,0.0,0.0,0.0,0.0,1.0,0.0,0.0,0.0,0.0,0.0,0.0,0.0,haze4k_train_oof,e57a8d509e172d28fe92c0d681af7e31db61d5c8e640edf352cd83a866764400
2,0.7366666666666667,-0.0005616552226719147,1.538120938002578,-0.00027436017990112305,7.843823105145631,1.538120938002578,0.19999999999999996,0.06333333333333331,oof_fold_2,1.0,0.0,0.0,0.0,0.0,0.0,0.0,0.0,0.0,1.0,0.0,0.0,0.0,0.0,0.0,0.0,0.0,1.0,0.0,0.0,0.0,0.0,0.0,0.0,0.0,1.0,0.0,0.0,0.0,0.0,0.0,0.0,0.0,haze4k_train_oof,e5dabb6dc112e7ce51a7d886d6f472fe4fce5caf71bf7008c320840582794f82
4,0.5263999999999998,-0.011852713112719359,3.3918457611731014,-0.005154430866241455,4.390521910186347,3.3918457611731014,0.43519999999999986,0.03839999999999999,oof_fold_4,1.0,0.0,0.0,0.0,0.0,0.0,0.0,0.0,0.0,1.0,0.0,0.0,0.0,0.0,0.0,0.0,0.0,1.0,0.0,0.0,0.0,0.0,0.0,0.0,0.0,1.0,0.0,0.0,0.0,0.0,0.0,0.0,0.0,haze4k_train_oof,e5e51355f48931e2b24696b99d4bab3e6dce9d2f70faebe4db655536f0e8bfb6
4,0.7,-0.0018999015227919042,2.1024812836094426,-0.0016321539878845215,6.343897158777942,2.1024812836094426,0.23666666666666658,0.06333333333333332,oof_fold_4,1.0,0.0,0.0,0.0,0.0,0.0,0.0,0.0,0.0,1.0,0.0,0.0,0.0,0.0,0.0,0.0,0.0,1.0,0.0,0.0,0.0,0.0,0.0,0.0,0.0,1.0,0.0,0.0,0.0,0.0,0.0,0.0,0.0,haze4k_train_oof,e6a3198c4095fa4fc056679821f16747a5d1908e54c3d95992ca2334b5d16132
3,0.6766666666666665,-0.0005381018215166091,0.4378721975623776,0.0004869699478149414,4.639608885850464,0.4378721975623776,0.3066666666666666,0.016666666666666663,oof_fold_3,1.0,0.0,0.0,0.0,0.0,0.0,0.0,0.0,0.0,1.0,0.0,0.0,0.0,0.0,0.0,0.0,0.0,1.0,0.0,0.0,0.0,0.0,0.0,0.0,0.0,1.0,0.0,0.0,0.0,0.0,0.0,0.0,0.0,haze4k_train_oof,e6efd580b97a7496e2db43062a720c5cf005b215103e33cabdee173fc0dff0ff
1,0.8099999999999998,-0.000217271061939957,1.166812879165768,-0.0011859536170959473,6.38983021166608,1.166812879165768,0.04666666666666666,0.1433333333333333,oof_fold_1,1.0,0.0,0.0,0.0,0.0,0.0,0.0,0.0,0.0,1.0,0.0,0.0,0.0,0.0,0.0,0.0,0.0,1.0,0.0,0.0,0.0,0.0,0.0,0.0,0.0,1.0,0.0,0.0,0.0,0.0,0.0,0.0,0.0,haze4k_train_oof,e76a9ba768ea83cfdfbd75414c13809f4c23f6fed9526636b4bbf8772200380b
1,0.7199999999999999,-5.648013012988579e-05,0.9640938093478368,-0.00020962953567504883,5.179218563733514,0.9640938093478368,0.13666666666666663,0.14333333333333328,oof_fold_1,1.0,0.0,0.0,0.0,0.0,0.0,0.0,0.0,0.0,1.0,0.0,0.0,0.0,0.0,0.0,0.0,0.0,1.0,0.0,0.0,0.0,0.0,0.0,0.0,0.0,1.0,0.0,0.0,0.0,0.0,0.0,0.0,0.0,haze4k_train_oof,e80dc8f17211f818b541fb3097a94182d2275b0b3a4a1904e681f6cb2f4a85b2
4,0.2351999999999999,-0.015273620779007133,6.387685629138829,-0.0008914470672607422,4.871809596146107,6.387685629138829,0.6815999999999998,0.08319999999999995,oof_fold_4,1.0,0.0,0.0,0.0,0.0,0.0,0.0,0.0,0.0,1.0,0.0,0.0,0.0,0.0,0.0,0.0,0.0,1.0,0.0,0.0,0.0,0.0,0.0,0.0,0.0,1.0,0.0,0.0,0.0,0.0,0.0,0.0,0.0,haze4k_train_oof,e86c3b6bb630f4d54fbaa1609e0870e02c4fca383fab40436d64bf1822da57f7
3,0.8999999999999999,1.1060403827387836e-05,0.14635124059101656,9.620189666748047e-05,3.580679752669866,0.14635124059101656,0.04666666666666666,0.05333333333333332,oof_fold_3,1.0,0.0,0.0,0.0,0.0,0.0,0.0,0.0,0.0,1.0,0.0,0.0,0.0,0.0,0.0,0.0,0.0,1.0,0.0,0.0,0.0,0.0,0.0,0.0,0.0,1.0,0.0,0.0,0.0,0.0,0.0,0.0,0.0,haze4k_train_oof,e8dab12878abe77c8ce84a6e130cbf789ad3678dc53000de7d54e68f046d7439
2,0.6799999999999999,-0.0005327119179436422,1.2984963452035458,-0.0001755356788635254,4.951231000365681,1.2984963452035458,0.07666666666666666,0.24333333333333326,oof_fold_2,1.0,0.0,0.0,0.0,0.0,0.0,0.0,0.0,0.0,1.0,0.0,0.0,0.0,0.0,0.0,0.0,0.0,1.0,0.0,0.0,0.0,0.0,0.0,0.0,0.0,1.0,0.0,0.0,0.0,0.0,0.0,0.0,0.0,haze4k_train_oof,e8e164ba79276e5a5c509093350ec3289ce9c40235d74bf0ad3a56858b8e1bd1
2,0.7366666666666667,-0.00013688866418786155,1.4288351278352138,-0.00029528141021728516,5.269663148288849,1.4288351278352138,0.22999999999999995,0.033333333333333326,oof_fold_2,1.0,0.0,0.0,0.0,0.0,0.0,0.0,0.0,0.0,1.0,0.0,0.0,0.0,0.0,0.0,0.0,0.0,1.0,0.0,0.0,0.0,0.0,0.0,0.0,0.0,1.0,0.0,0.0,0.0,0.0,0.0,0.0,0.0,haze4k_train_oof,e8fe9c4a06951b9fb620fcdc4516d62b83e0ccb9109f31ee57813db10c06d9a8
4,0.7599999999999998,-0.002213059415184943,2.794738612735806,-0.000923454761505127,6.272866906829805,2.794738612735806,0.21333333333333326,0.026666666666666658,oof_fold_4,1.0,0.0,0.0,0.0,0.0,0.0,0.0,0.0,0.0,1.0,0.0,0.0,0.0,0.0,0.0,0.0,0.0,1.0,0.0,0.0,0.0,0.0,0.0,0.0,0.0,1.0,0.0,0.0,0.0,0.0,0.0,0.0,0.0,haze4k_train_oof,e942dfd294b5033c3890c6823f54ff5182ac609ef34a1c297e7aeb0a2cab49b5
4,0.95,7.509972371432623e-05,0.4855571899727522,-0.001484692096710205,2.534963868250152,0.4855571899727522,0.01333333333333333,0.03666666666666666,oof_fold_4,1.0,0.0,0.0,0.0,0.0,0.0,0.0,0.0,0.0,1.0,0.0,0.0,0.0,0.0,0.0,0.0,0.0,1.0,0.0,0.0,0.0,0.0,0.0,0.0,0.0,1.0,0.0,0.0,0.0,0.0,0.0,0.0,0.0,haze4k_train_oof,e951f695b642b53aed88ddd1e81cc9bcc5de90447d5bd1ef6c43986a26d84b80
1,0.8833333333333331,6.772781014734741e-05,0.7450883100096064,-0.0004082918167114258,6.225807331434609,0.7450883100096064,0.02333333333333333,0.0933333333333333,oof_fold_1,1.0,0.0,0.0,0.0,0.0,0.0,0.0,0.0,0.0,1.0,0.0,0.0,0.0,0.0,0.0,0.0,0.0,1.0,0.0,0.0,0.0,0.0,0.0,0.0,0.0,1.0,0.0,0.0,0.0,0.0,0.0,0.0,0.0,haze4k_train_oof,eaa741c60b80770bd84e67a62b91cd4e51846260b75d7a966b683e81b5d86f18
1,0.9663999999999998,-0.0003806874078892484,0.2021294654410184,-0.0008959770202636719,4.134994154826224,0.2021294654410184,0.017599999999999994,0.015999999999999993,oof_fold_1,1.0,0.0,0.0,0.0,0.0,0.0,0.0,0.0,0.0,1.0,0.0,0.0,0.0,0.0,0.0,0.0,0.0,1.0,0.0,0.0,0.0,0.0,0.0,0.0,0.0,1.0,0.0,0.0,0.0,0.0,0.0,0.0,0.0,haze4k_train_oof,eab49563778373e9d1f8fcecb178f9406ce5f9b549e6b9607b8d778fc50407f0
1,0.7071999999999997,-0.0019713221507981263,1.5584183204442752,0.0013280510902404785,4.200224714518399,1.5584183204442752,0.2895999999999999,0.003199999999999999,oof_fold_1,1.0,0.0,0.0,0.0,0.0,0.0,0.0,0.0,0.0,1.0,0.0,0.0,0.0,0.0,0.0,0.0,0.0,1.0,0.0,0.0,0.0,0.0,0.0,0.0,0.0,1.0,0.0,0.0,0.0,0.0,0.0,0.0,0.0,haze4k_train_oof,ead13ddeec0aecd048f3218d96ace535b3601da2e25f4e1bdef6f9bd97d44ba9
2,0.7566666666666665,-1.761249555683105e-05,0.8774175359604399,-0.0006105303764343262,5.9503578425266,0.8774175359604399,0.18666666666666662,0.05666666666666665,oof_fold_2,1.0,0.0,0.0,0.0,0.0,0.0,0.0,0.0,0.0,1.0,0.0,0.0,0.0,0.0,0.0,0.0,0.0,1.0,0.0,0.0,0.0,0.0,0.0,0.0,0.0,1.0,0.0,0.0,0.0,0.0,0.0,0.0,0.0,haze4k_train_oof,eb48384a19c39f560edd2d3757b6e72a6d2811c7e930a7e54a0fc1abedcc1cd6
4,0.2367999999999999,-0.003563231948163593,3.0225529156475233,-9.059906005859375e-06,5.266356236043421,3.0225529156475233,0.5599999999999998,0.2031999999999999,oof_fold_4,1.0,0.0,0.0,0.0,0.0,0.0,0.0,0.0,0.0,1.0,0.0,0.0,0.0,0.0,0.0,0.0,0.0,1.0,0.0,0.0,0.0,0.0,0.0,0.0,0.0,1.0,0.0,0.0,0.0,0.0,0.0,0.0,0.0,haze4k_train_oof,ebe887602775e41c83d0f36c2f2f06f7ea050d7c77a0cc23b3841e1fb8c55870
0,0.9066666666666665,-0.0003528549073879124,0.662937109582387,-6.4849853515625e-05,3.7698959655092423,0.662937109582387,0.08999999999999998,0.0033333333333333327,oof_fold_0,1.0,0.0,0.0,0.0,0.0,0.0,0.0,0.0,0.0,1.0,0.0,0.0,0.0,0.0,0.0,0.0,0.0,1.0,0.0,0.0,0.0,0.0,0.0,0.0,0.0,1.0,0.0,0.0,0.0,0.0,0.0,0.0,0.0,haze4k_train_oof,ec1a1cf77296ae360923961cb90125968a2cc393c54b0adac8807aeafbf6bfc5
4,0.8287999999999999,-0.002613534620831099,1.6994185680164335,-0.00010722875595092773,4.697240708700932,1.6994185680164335,0.15519999999999995,0.015999999999999993,oof_fold_4,1.0,0.0,0.0,0.0,0.0,0.0,0.0,0.0,0.0,1.0,0.0,0.0,0.0,0.0,0.0,0.0,0.0,1.0,0.0,0.0,0.0,0.0,0.0,0.0,0.0,1.0,0.0,0.0,0.0,0.0,0.0,0.0,0.0,haze4k_train_oof,ed46572a0a34985649ae17eed32f2e38cc328baa61f62d135e7281007db05efd
2,0.5066666666666665,0.00043978896105424317,2.8527558013094776,-0.0029737353324890137,7.472005791685838,2.8527558013094776,0.20333333333333325,0.2899999999999999,oof_fold_2,1.0,0.0,0.0,0.0,0.0,0.0,0.0,0.0,0.0,1.0,0.0,0.0,0.0,0.0,0.0,0.0,0.0,1.0,0.0,0.0,0.0,0.0,0.0,0.0,0.0,1.0,0.0,0.0,0.0,0.0,0.0,0.0,0.0,haze4k_train_oof,ed9f272f5776f2541d56753d22ad01cff684c3232374bcd1703e3cd4b9e91d70
4,0.98,-0.00012340290323158522,0.38836443779459984,-1.2159347534179688e-05,4.1347423701774275,0.38836443779459984,0.0033333333333333327,0.016666666666666663,oof_fold_4,1.0,0.0,0.0,0.0,0.0,0.0,0.0,0.0,0.0,1.0,0.0,0.0,0.0,0.0,0.0,0.0,0.0,1.0,0.0,0.0,0.0,0.0,0.0,0.0,0.0,1.0,0.0,0.0,0.0,0.0,0.0,0.0,0.0,haze4k_train_oof,ee08dd643b70cdcc20ff9f32e7e4be1bf8febce0e3cb770d1e5c12cfd9f07df2
4,0.5633333333333332,-0.002487168544332942,3.177083194782611,4.464387893676758e-05,4.975887287296402,3.177083194782611,0.07666666666666665,0.35999999999999993,oof_fold_4,1.0,0.0,0.0,0.0,0.0,0.0,0.0,0.0,0.0,1.0,0.0,0.0,0.0,0.0,0.0,0.0,0.0,1.0,0.0,0.0,0.0,0.0,0.0,0.0,0.0,1.0,0.0,0.0,0.0,0.0,0.0,0.0,0.0,haze4k_train_oof,ee17e28f666fc53312909193af3d31f9f64030f8314b6ca8f8025792ecf5633d
0,0.6591999999999998,-0.003305385555770285,2.18854039144378,-0.0036796927452087402,4.4390362210866385,2.18854039144378,0.003199999999999999,0.33759999999999984,oof_fold_0,1.0,0.0,0.0,0.0,0.0,0.0,0.0,0.0,0.0,1.0,0.0,0.0,0.0,0.0,0.0,0.0,0.0,1.0,0.0,0.0,0.0,0.0,0.0,0.0,0.0,1.0,0.0,0.0,0.0,0.0,0.0,0.0,0.0,haze4k_train_oof,ef9abc91a789e36d9183b98bca7d15539d1a9cc5d5aa37608a233fbf5e586bd5
0,0.3866666666666665,-0.00033548708266332983,4.348485278985997,-0.0015677809715270996,8.472720381076059,4.348485278985997,0.24333333333333326,0.36999999999999994,oof_fold_0,1.0,0.0,0.0,0.0,0.0,0.0,0.0,0.0,0.0,1.0,0.0,0.0,0.0,0.0,0.0,0.0,0.0,1.0,0.0,0.0,0.0,0.0,0.0,0.0,0.0,1.0,0.0,0.0,0.0,0.0,0.0,0.0,0.0,haze4k_train_oof,eff4f0e700b2435f7841ef40c95605b7c274c9d60f8fd43c9962cc9b9dc17ac1
1,0.8966666666666665,-0.0004171776381765664,0.3269397328018684,7.212162017822266e-06,4.471144003838688,0.3269397328018684,0.08666666666666666,0.016666666666666663,oof_fold_1,1.0,0.0,0.0,0.0,0.0,0.0,0.0,0.0,0.0,1.0,0.0,0.0,0.0,0.0,0.0,0.0,0.0,1.0,0.0,0.0,0.0,0.0,0.0,0.0,0.0,1.0,0.0,0.0,0.0,0.0,0.0,0.0,0.0,haze4k_train_oof,f0897941d2155ab3dd2bfefa3a8ae4a72e90c4283f2762d8d880da8ec2fa3fd7
1,0.8799999999999998,-0.0008906444764650383,1.0536985617422445,-0.0005654096603393555,3.555492238474379,1.0536985617422445,0.06333333333333332,0.05666666666666666,oof_fold_1,1.0,0.0,0.0,0.0,0.0,0.0,0.0,0.0,0.0,1.0,0.0,0.0,0.0,0.0,0.0,0.0,0.0,1.0,0.0,0.0,0.0,0.0,0.0,0.0,0.0,1.0,0.0,0.0,0.0,0.0,0.0,0.0,0.0,haze4k_train_oof,f0e50d35249e2a28770fa7c75db3b27d2e471f32922ad6d556bb326337db5e67
0,0.6399999999999998,0.00017630839884481657,2.3487709254565203,-0.0016673803329467773,7.81192920596343,2.3487709254565203,0.25333333333333324,0.10666666666666663,oof_fold_0,1.0,0.0,0.0,0.0,0.0,0.0,0.0,0.0,0.0,1.0,0.0,0.0,0.0,0.0,0.0,0.0,0.0,1.0,0.0,0.0,0.0,0.0,0.0,0.0,0.0,1.0,0.0,0.0,0.0,0.0,0.0,0.0,0.0,haze4k_train_oof,f0eda7d3f18c39262b6eb67ab6d63740381bb2d3afe9a50da7915ad546e82924
2,0.7967999999999998,-0.0020436068583551486,1.46286392617111,-0.00266873836517334,4.922219522685253,1.46286392617111,0.13439999999999996,0.06879999999999997,oof_fold_2,1.0,0.0,0.0,0.0,0.0,0.0,0.0,0.0,0.0,1.0,0.0,0.0,0.0,0.0,0.0,0.0,0.0,1.0,0.0,0.0,0.0,0.0,0.0,0.0,0.0,1.0,0.0,0.0,0.0,0.0,0.0,0.0,0.0,haze4k_train_oof,f2071aa88e66d4523adb05dc959326dca48c843d4a905478c4853c6941d0c3b0
3,0.7775999999999998,1.986266266612753e-06,1.4056610058110692,-0.0009962916374206543,7.237732825247832,1.4056610058110692,0.11199999999999993,0.11039999999999996,oof_fold_3,1.0,0.0,0.0,0.0,0.0,0.0,0.0,0.0,0.0,1.0,0.0,0.0,0.0,0.0,0.0,0.0,0.0,1.0,0.0,0.0,0.0,0.0,0.0,0.0,0.0,1.0,0.0,0.0,0.0,0.0,0.0,0.0,0.0,haze4k_train_oof,f296280e80477809f39545278c9698d74683f2e550588d0784299cd73fcd117b
3,0.5087999999999998,-0.0018257163898320865,1.604579407402035,-0.0009760260581970215,3.7814584529839763,1.604579407402035,0.14719999999999997,0.34399999999999986,oof_fold_3,1.0,0.0,0.0,0.0,0.0,0.0,0.0,0.0,0.0,1.0,0.0,0.0,0.0,0.0,0.0,0.0,0.0,1.0,0.0,0.0,0.0,0.0,0.0,0.0,0.0,1.0,0.0,0.0,0.0,0.0,0.0,0.0,0.0,haze4k_train_oof,f2abef9cc515b78b9c6c90af8a4ed0cd2b08a8059fe27b68cff0d75c141ad52a
1,0.4671999999999998,-0.000108651619622833,2.480495227320212,-0.0007862448692321777,5.800584844241911,2.480495227320212,0.2255999999999999,0.3071999999999999,oof_fold_1,1.0,0.0,0.0,0.0,0.0,0.0,0.0,0.0,0.0,1.0,0.0,0.0,0.0,0.0,0.0,0.0,0.0,1.0,0.0,0.0,0.0,0.0,0.0,0.0,0.0,1.0,0.0,0.0,0.0,0.0,0.0,0.0,0.0,haze4k_train_oof,f2e7948b887228bee3b8c867284e71ee4366d4a34a5e7ba971d4e641e3fe1a24
2,0.6591999999999997,-0.0020683064074371936,1.1652977302352383,-0.0002282261848449707,2.1908406421533044,1.1652977302352383,0.31519999999999987,0.02559999999999999,oof_fold_2,1.0,0.0,0.0,0.0,0.0,0.0,0.0,0.0,0.0,1.0,0.0,0.0,0.0,0.0,0.0,0.0,0.0,1.0,0.0,0.0,0.0,0.0,0.0,0.0,0.0,1.0,0.0,0.0,0.0,0.0,0.0,0.0,0.0,haze4k_train_oof,f388056b7349ee1960ba25ca4e4b44f1cede7cc3d0c2c87e16b56962b41c63e0
2,0.8383999999999999,-0.0012986303785854642,2.192308885413439,-0.0015388727188110352,5.846066735194881,2.192308885413439,0.15839999999999996,0.003199999999999999,oof_fold_2,1.0,0.0,0.0,0.0,0.0,0.0,0.0,0.0,0.0,1.0,0.0,0.0,0.0,0.0,0.0,0.0,0.0,1.0,0.0,0.0,0.0,0.0,0.0,0.0,0.0,1.0,0.0,0.0,0.0,0.0,0.0,0.0,0.0,haze4k_train_oof,f3b72916c216f795b064aec1af073a2a4c40f259eda0a2c9e6357a7f8e22117f
2,0.7166666666666666,-0.0014165421303985368,1.108648224180385,-0.00022155046463012695,5.893078455970915,1.108648224180385,0.22333333333333327,0.05999999999999999,oof_fold_2,1.0,0.0,0.0,0.0,0.0,0.0,0.0,0.0,0.0,1.0,0.0,0.0,0.0,0.0,0.0,0.0,0.0,1.0,0.0,0.0,0.0,0.0,0.0,0.0,0.0,1.0,0.0,0.0,0.0,0.0,0.0,0.0,0.0,haze4k_train_oof,f3d6ebcd70e5ca717ddf2a495a6e91144106c2d25c4af3bf24514bd798345eca
2,0.7359999999999999,-0.0015267059389268978,0.5778730822138556,-0.002867460250854492,2.0159703266159568,0.5778730822138556,0.11839999999999995,0.14559999999999995,oof_fold_2,1.0,0.0,0.0,0.0,0.0,0.0,0.0,0.0,0.0,1.0,0.0,0.0,0.0,0.0,0.0,0.0,0.0,1.0,0.0,0.0,0.0,0.0,0.0,0.0,0.0,1.0,0.0,0.0,0.0,0.0,0.0,0.0,0.0,haze4k_train_oof,f3da20c996715b9757e298fc5729202231f464b379cdc8fb2d6f7385fe8b9ed7
1,0.5333333333333332,-0.004030209506446274,3.3916955066085634,-0.00206679105758667,6.318775080749909,3.3916955066085634,0.2666666666666666,0.19999999999999996,oof_fold_1,1.0,0.0,0.0,0.0,0.0,0.0,0.0,0.0,0.0,1.0,0.0,0.0,0.0,0.0,0.0,0.0,0.0,1.0,0.0,0.0,0.0,0.0,0.0,0.0,0.0,1.0,0.0,0.0,0.0,0.0,0.0,0.0,0.0,haze4k_train_oof,f3f6d707af7683794ae6de1d257821619b8183771e5f5f5d306fcb0707ed5cca
3,0.7199999999999998,0.00046075700747120823,2.3961847416361906,-0.0015076398849487305,8.144300289452737,2.3961847416361906,0.11519999999999996,0.16479999999999992,oof_fold_3,1.0,0.0,0.0,0.0,0.0,0.0,0.0,0.0,0.0,1.0,0.0,0.0,0.0,0.0,0.0,0.0,0.0,1.0,0.0,0.0,0.0,0.0,0.0,0.0,0.0,1.0,0.0,0.0,0.0,0.0,0.0,0.0,0.0,haze4k_train_oof,f4387c40598d62fb7593c0cca0483a04f1ad127c7001a52c3a82de8167510cea
2,0.5551999999999999,-0.013164889243330497,3.3246705729619066,-0.012604713439941406,5.322619550799949,3.3246705729619066,0.41599999999999987,0.028799999999999985,oof_fold_2,1.0,0.0,0.0,0.0,0.0,0.0,0.0,0.0,0.0,1.0,0.0,0.0,0.0,0.0,0.0,0.0,0.0,1.0,0.0,0.0,0.0,0.0,0.0,0.0,0.0,1.0,0.0,0.0,0.0,0.0,0.0,0.0,0.0,haze4k_train_oof,f447c9967425a179003641d9f6145d0ecf7103a52d6cd30aef84b44f774565f3
2,0.2591999999999999,-0.0023968213803425885,3.8622521276636377,-0.00026744604110717773,2.534759193891098,3.8622521276636377,0.7247999999999998,0.015999999999999993,oof_fold_2,1.0,0.0,0.0,0.0,0.0,0.0,0.0,0.0,0.0,1.0,0.0,0.0,0.0,0.0,0.0,0.0,0.0,1.0,0.0,0.0,0.0,0.0,0.0,0.0,0.0,1.0,0.0,0.0,0.0,0.0,0.0,0.0,0.0,haze4k_train_oof,f4697cf0acc88c3686c84bf5656f5232bbb58eb5927cbe13f2216fdae6fbc97d
0,0.5759999999999998,-0.0025193141911998597,1.387302482263479,-0.00010418891906738281,4.103790164604334,1.387302482263479,0.2527999999999999,0.17119999999999994,oof_fold_0,1.0,0.0,0.0,0.0,0.0,0.0,0.0,0.0,0.0,1.0,0.0,0.0,0.0,0.0,0.0,0.0,0.0,1.0,0.0,0.0,0.0,0.0,0.0,0.0,0.0,1.0,0.0,0.0,0.0,0.0,0.0,0.0,0.0,haze4k_train_oof,f4b0f9e90acbe9b22a85997133a33e8bae6ac0943e5b5b657f876514b548e16c
2,0.8599999999999999,-0.0004375975147660128,0.45083563886305456,-0.0002028942108154297,3.426699905928487,0.45083563886305456,0.06999999999999999,0.06999999999999999,oof_fold_2,1.0,0.0,0.0,0.0,0.0,0.0,0.0,0.0,0.0,1.0,0.0,0.0,0.0,0.0,0.0,0.0,0.0,1.0,0.0,0.0,0.0,0.0,0.0,0.0,0.0,1.0,0.0,0.0,0.0,0.0,0.0,0.0,0.0,haze4k_train_oof,f50e61fb92669d4c192e1773780424c4c63242b1d4344d10d07dc798cff401b8
4,0.8699999999999998,-0.0007480740187091007,0.6661989747963446,-0.0008358359336853027,2.355165679455176,0.6661989747963446,0.09666666666666665,0.033333333333333326,oof_fold_4,1.0,0.0,0.0,0.0,0.0,0.0,0.0,0.0,0.0,1.0,0.0,0.0,0.0,0.0,0.0,0.0,0.0,1.0,0.0,0.0,0.0,0.0,0.0,0.0,0.0,1.0,0.0,0.0,0.0,0.0,0.0,0.0,0.0,haze4k_train_oof,f5173c986c47bca4a526f0858bdb6d1a20d625ff3728943611b11a53cfa56df9
2,0.9839999999999998,0.00027431320329390774,1.1224417148883745,-3.701448440551758e-05,3.4612171814937085,1.1224417148883745,0.0,0.015999999999999993,oof_fold_2,1.0,0.0,0.0,0.0,0.0,0.0,0.0,0.0,0.0,1.0,0.0,0.0,0.0,0.0,0.0,0.0,0.0,1.0,0.0,0.0,0.0,0.0,0.0,0.0,0.0,1.0,0.0,0.0,0.0,0.0,0.0,0.0,0.0,haze4k_train_oof,f52b1d069f6efd8e42997e6120fdc49422c4b9ecde1e5da9b08d3e51648eebb7
3,0.33919999999999983,-0.004914596929815405,3.0849105879451884,0.0001647472381591797,2.7935866438647423,3.0849105879451884,0.5663999999999999,0.09439999999999996,oof_fold_3,1.0,0.0,0.0,0.0,0.0,0.0,0.0,0.0,0.0,1.0,0.0,0.0,0.0,0.0,0.0,0.0,0.0,1.0,0.0,0.0,0.0,0.0,0.0,0.0,0.0,1.0,0.0,0.0,0.0,0.0,0.0,0.0,0.0,haze4k_train_oof,f57562055a010572ebc5a2dd6ee54946091bcf80307f044b6debb2a87560ad13
2,0.8666666666666665,-0.0009015721669079033,0.8053987889347596,-0.00015926361083984375,3.5640868318577574,0.8053987889347596,0.10666666666666663,0.02666666666666666,oof_fold_2,1.0,0.0,0.0,0.0,0.0,0.0,0.0,0.0,0.0,1.0,0.0,0.0,0.0,0.0,0.0,0.0,0.0,1.0,0.0,0.0,0.0,0.0,0.0,0.0,0.0,1.0,0.0,0.0,0.0,0.0,0.0,0.0,0.0,haze4k_train_oof,f61f9ff556d76559f08eaf12908c59efff4d857ada695e3463be083d1e2931b3
2,0.8433333333333332,-0.0006760667249298219,1.0393437505959042,-0.0009468197822570801,4.310720425280927,1.0393437505959042,0.11666666666666664,0.039999999999999994,oof_fold_2,1.0,0.0,0.0,0.0,0.0,0.0,0.0,0.0,0.0,1.0,0.0,0.0,0.0,0.0,0.0,0.0,0.0,1.0,0.0,0.0,0.0,0.0,0.0,0.0,0.0,1.0,0.0,0.0,0.0,0.0,0.0,0.0,0.0,haze4k_train_oof,f684525abc09dd3418dc4cab5fa2a28ab0af8dc809e97f2994b7eb9ff7f39ef6
3,0.8767999999999998,0.00027040599669950725,0.9720211403943182,-0.0011678338050842285,7.629308351747174,0.9720211403943182,0.10559999999999997,0.017599999999999994,oof_fold_3,1.0,0.0,0.0,0.0,0.0,0.0,0.0,0.0,0.0,1.0,0.0,0.0,0.0,0.0,0.0,0.0,0.0,1.0,0.0,0.0,0.0,0.0,0.0,0.0,0.0,1.0,0.0,0.0,0.0,0.0,0.0,0.0,0.0,haze4k_train_oof,f6cbbee6afd5460d9071f33db1b3173826a1d0b9f51fcd9e82d515bf74d23804
3,0.8735999999999998,-0.002215358635399025,1.4889214351934186,0.003265857696533203,6.63171705809787,1.4889214351934186,0.12639999999999996,0.0,oof_fold_3,1.0,0.0,0.0,0.0,0.0,0.0,0.0,0.0,0.0,1.0,0.0,0.0,0.0,0.0,0.0,0.0,0.0,1.0,0.0,0.0,0.0,0.0,0.0,0.0,0.0,1.0,0.0,0.0,0.0,0.0,0.0,0.0,0.0,haze4k_train_oof,f75c6565eb455f1f0a5292e449d0f3a0617d3ea53288d12e4684cc1f5c7a60c3
2,0.7533333333333332,-0.0006672982789291381,1.9974111928285794,-0.0015583038330078125,5.030578387889484,1.9974111928285794,0.10333333333333326,0.1433333333333333,oof_fold_2,1.0,0.0,0.0,0.0,0.0,0.0,0.0,0.0,0.0,1.0,0.0,0.0,0.0,0.0,0.0,0.0,0.0,1.0,0.0,0.0,0.0,0.0,0.0,0.0,0.0,1.0,0.0,0.0,0.0,0.0,0.0,0.0,0.0,haze4k_train_oof,f7951de587cd3a1ee05637433532e1ab5ac94476e88e7c0da132a0616ea3c1b4
1,0.9433333333333331,-0.00037423276664109523,0.6434431924190349,-8.392333984375e-05,5.880363738941831,0.6434431924190349,0.05666666666666666,0.0,oof_fold_1,1.0,0.0,0.0,0.0,0.0,0.0,0.0,0.0,0.0,1.0,0.0,0.0,0.0,0.0,0.0,0.0,0.0,1.0,0.0,0.0,0.0,0.0,0.0,0.0,0.0,1.0,0.0,0.0,0.0,0.0,0.0,0.0,0.0,haze4k_train_oof,f7ad5a61e48d5b5503b967a39e96e371804a2e85531fb1d579c5a0284b3a8e04
4,0.7533333333333332,-0.0007842558149093452,1.5857272897409231,-0.0007958412170410156,5.6386765992005365,1.5857272897409231,0.1433333333333333,0.1033333333333333,oof_fold_4,1.0,0.0,0.0,0.0,0.0,0.0,0.0,0.0,0.0,1.0,0.0,0.0,0.0,0.0,0.0,0.0,0.0,1.0,0.0,0.0,0.0,0.0,0.0,0.0,0.0,1.0,0.0,0.0,0.0,0.0,0.0,0.0,0.0,haze4k_train_oof,f7ca9048c053c55e3946c661cec7ee69645f69060bf2db742df3cda6ace2e17f
1,0.6175999999999999,-0.008939428936278759,1.1713563452294764,-0.007149040699005127,5.74518622135739,1.1713563452294764,0.2591999999999999,0.12319999999999996,oof_fold_1,1.0,0.0,0.0,0.0,0.0,0.0,0.0,0.0,0.0,1.0,0.0,0.0,0.0,0.0,0.0,0.0,0.0,1.0,0.0,0.0,0.0,0.0,0.0,0.0,0.0,1.0,0.0,0.0,0.0,0.0,0.0,0.0,0.0,haze4k_train_oof,f80f309309cb41c13b91a72da79811abdd441f0080bd129fc1ae3a115aa7a787
2,0.14719999999999994,-0.008772462208448753,2.5760877883209474,-0.002038419246673584,3.6221003251280024,2.5760877883209474,0.3135999999999999,0.5391999999999999,oof_fold_2,1.0,0.0,0.0,0.0,0.0,0.0,0.0,0.0,0.0,1.0,0.0,0.0,0.0,0.0,0.0,0.0,0.0,1.0,0.0,0.0,0.0,0.0,0.0,0.0,0.0,1.0,0.0,0.0,0.0,0.0,0.0,0.0,0.0,haze4k_train_oof,f8a589a8cd01f8fa00e736b50402c20851d5b7c5d4ffcf319d0b544f1d60cdb6
0,0.7039999999999997,7.615310857654546e-05,1.4857413729002076,-0.0013608336448669434,5.8513974646598825,1.4857413729002076,0.14399999999999996,0.15199999999999997,oof_fold_0,1.0,0.0,0.0,0.0,0.0,0.0,0.0,0.0,0.0,1.0,0.0,0.0,0.0,0.0,0.0,0.0,0.0,1.0,0.0,0.0,0.0,0.0,0.0,0.0,0.0,1.0,0.0,0.0,0.0,0.0,0.0,0.0,0.0,haze4k_train_oof,f8edb867cf35ff700783c60fdf5068b3dacf2fc223b0f0d79641f4171f0d66e9
2,0.6599999999999999,0.00030360983627461893,0.8973638329584901,-0.0006826519966125488,4.2645515639553295,0.8973638329584901,0.19999999999999996,0.13999999999999999,oof_fold_2,1.0,0.0,0.0,0.0,0.0,0.0,0.0,0.0,0.0,1.0,0.0,0.0,0.0,0.0,0.0,0.0,0.0,1.0,0.0,0.0,0.0,0.0,0.0,0.0,0.0,1.0,0.0,0.0,0.0,0.0,0.0,0.0,0.0,haze4k_train_oof,f93746afcb7aaba276ef89580fcaaa2a6df0248064eb757abcded015e09662ce
3,0.7033333333333333,-0.0053523494263079865,3.8702388677787596,0.0002790093421936035,4.017520500745949,3.8702388677787596,0.2799999999999999,0.016666666666666663,oof_fold_3,0.9766666666666666,0.49852422492919146,-0.0005548726615314907,0.49852422492919146,-0.0005372762680053711,0.5188912162591883,0.49852422492919146,0.02333333333333333,0.0,1.0,0.0,0.0,0.0,0.0,0.0,0.0,0.0,0.9766666666666666,-0.0005548726615314907,0.49852422492919146,-0.0005372762680053711,0.5409757781549835,0.49852422492919146,0.02333333333333333,0.0,1.0,0.0,0.0,0.0,0.0,0.0,0.0,0.0,haze4k_train_oof,fa01c857b1a87ff85b35c01e323ee9d17ee03e79cba7fced319611a6c8f32b41
4,0.8031999999999998,-5.065154270268973e-05,0.8913572705861199,-0.0012987256050109863,3.29347298278406,0.8913572705861199,0.05599999999999998,0.14079999999999995,oof_fold_4,1.0,0.0,0.0,0.0,0.0,0.0,0.0,0.0,0.0,1.0,0.0,0.0,0.0,0.0,0.0,0.0,0.0,1.0,0.0,0.0,0.0,0.0,0.0,0.0,0.0,1.0,0.0,0.0,0.0,0.0,0.0,0.0,0.0,haze4k_train_oof,fa45765318a9efbe78854319eea635e9cef2e6cf18aa53634a79c2112ce3d2b6
1,0.8833333333333331,-0.0006787735651596445,0.42023963217468463,-0.00314176082611084,5.873555196128152,0.42023963217468463,0.05666666666666666,0.05999999999999999,oof_fold_1,1.0,0.0,0.0,0.0,0.0,0.0,0.0,0.0,0.0,1.0,0.0,0.0,0.0,0.0,0.0,0.0,0.0,1.0,0.0,0.0,0.0,0.0,0.0,0.0,0.0,1.0,0.0,0.0,0.0,0.0,0.0,0.0,0.0,haze4k_train_oof,fa5a1edfba9096ea27cc32ba44a10107c5e123ba646fcca241f93d6555149763
3,0.6466666666666665,0.0004692572687670488,1.2091774905628725,-0.00036835670471191406,6.791755379500941,1.2091774905628725,0.1333333333333333,0.21999999999999995,oof_fold_3,1.0,0.0,0.0,0.0,0.0,0.0,0.0,0.0,0.0,1.0,0.0,0.0,0.0,0.0,0.0,0.0,0.0,1.0,0.0,0.0,0.0,0.0,0.0,0.0,0.0,1.0,0.0,0.0,0.0,0.0,0.0,0.0,0.0,haze4k_train_oof,fa71382cd0b59eaf98678680ae99272e7b9443aa64f3d8666293dead0788cefb
0,0.8666666666666665,-0.0028018186317523776,1.0473173895564045,-0.00378262996673584,4.823996571533144,1.0473173895564045,0.13333333333333333,0.0,oof_fold_0,1.0,0.0,0.0,0.0,0.0,0.0,0.0,0.0,0.0,1.0,0.0,0.0,0.0,0.0,0.0,0.0,0.0,1.0,0.0,0.0,0.0,0.0,0.0,0.0,0.0,1.0,0.0,0.0,0.0,0.0,0.0,0.0,0.0,haze4k_train_oof,fb38e579a5096c58103e153a1d37390dd152e6a038da5b7260cc6efd33b13c52
2,0.8031999999999998,0.002514354529233727,0.8035652664002484,-0.000862419605255127,2.6191348149320675,0.8035652664002484,0.012799999999999995,0.1839999999999999,oof_fold_2,1.0,0.0,0.0,0.0,0.0,0.0,0.0,0.0,0.0,1.0,0.0,0.0,0.0,0.0,0.0,0.0,0.0,1.0,0.0,0.0,0.0,0.0,0.0,0.0,0.0,1.0,0.0,0.0,0.0,0.0,0.0,0.0,0.0,haze4k_train_oof,fb685e5e2857e005fe146312737cc225ceda003805638fc0316e2bb1d03aff32
4,0.8866666666666665,0.00014776479144933946,0.7493320073491105,-0.0003412961959838867,4.253178648523715,0.7493320073491105,0.05333333333333332,0.05999999999999999,oof_fold_4,1.0,0.0,0.0,0.0,0.0,0.0,0.0,0.0,0.0,1.0,0.0,0.0,0.0,0.0,0.0,0.0,0.0,1.0,0.0,0.0,0.0,0.0,0.0,0.0,0.0,1.0,0.0,0.0,0.0,0.0,0.0,0.0,0.0,haze4k_train_oof,fb73630833be09ab1581b91ebd1ac7349fc83f444ba1a872c64aed10a865b37e
1,0.4895999999999998,-0.0032111037713009865,2.0722225177593643,-0.0015527009963989258,5.630490081472097,2.0722225177593643,0.3311999999999999,0.17919999999999994,oof_fold_1,1.0,0.0,0.0,0.0,0.0,0.0,0.0,0.0,0.0,1.0,0.0,0.0,0.0,0.0,0.0,0.0,0.0,1.0,0.0,0.0,0.0,0.0,0.0,0.0,0.0,1.0,0.0,0.0,0.0,0.0,0.0,0.0,0.0,haze4k_train_oof,fbb5aee39e68a62f32ef4e221d7725feb981e7616c080438576dfa8a945fe8bc
4,0.38399999999999984,-0.010765193719878639,2.122045525594636,-0.004852890968322754,4.546053727340215,2.122045525594636,0.43679999999999986,0.17919999999999991,oof_fold_4,1.0,0.0,0.0,0.0,0.0,0.0,0.0,0.0,0.0,1.0,0.0,0.0,0.0,0.0,0.0,0.0,0.0,1.0,0.0,0.0,0.0,0.0,0.0,0.0,0.0,1.0,0.0,0.0,0.0,0.0,0.0,0.0,0.0,haze4k_train_oof,fbe5f5d45eb563da7270d5872e05d55449d36a3b290fcd155b5e2b29eb5b9125
0,0.8033333333333331,-9.292406879290462e-05,2.076335251542382,-0.0007319450378417969,6.431284026777142,2.076335251542382,0.1233333333333333,0.07333333333333332,oof_fold_0,1.0,0.0,0.0,0.0,0.0,0.0,0.0,0.0,0.0,1.0,0.0,0.0,0.0,0.0,0.0,0.0,0.0,1.0,0.0,0.0,0.0,0.0,0.0,0.0,0.0,1.0,0.0,0.0,0.0,0.0,0.0,0.0,0.0,haze4k_train_oof,fc46e04dddfc964199472cce9c171af5df2d2dbb4397f2104d7757e022c7ab07
3,0.853333333333333,-0.0002565401879274354,0.7376152359993853,2.8073787689208984e-05,4.15004383373298,0.7376152359993853,0.13666666666666663,0.009999999999999998,oof_fold_3,1.0,0.0,0.0,0.0,0.0,0.0,0.0,0.0,0.0,1.0,0.0,0.0,0.0,0.0,0.0,0.0,0.0,1.0,0.0,0.0,0.0,0.0,0.0,0.0,0.0,1.0,0.0,0.0,0.0,0.0,0.0,0.0,0.0,haze4k_train_oof,fd8b5ae8ccb200cb33fe60d3f1ea3ec0b597dd3e95a913f5854322625f0219c6
