{
  "runs": {
    "A0": {
      "label": "A0",
      "arch": "official_convir",
      "mode": "original",
      "checkpoint": "/sda/home/wangyuxin/ConvIR-B/checkpoints/official/Haze4K/haze4k-base.pkl",
      "depth_mode": "none",
      "airlight_mode": "none",
      "count": 600,
      "mean_psnr": 39.35034857114156,
      "mean_ssim": 0.9957262628277143,
      "avg_time_sec_sync": 0.03164676229159037,
      "median_time_sec_sync": 0.02926313877105713,
      "peak_cuda_mem_mib": 535.95654296875
    },
    "DTA_v32_v32_safemix_c3_full_seed3407_f0_scout5full_gt_normal": {
      "label": "DTA_v32_v32_safemix_c3_full_seed3407_f0_scout5full_gt_normal",
      "arch": "dta_v3",
      "mode": "modres",
      "checkpoint": "/sda/home/wangyuxin/ConvIR-B/repos/ConvIR-B-dta-v3-dapc-finetune-v32-safemix/Dehazing/ITS/results/ConvIR-Haze4K-DTA-v3-2-SafeMix-c3_full-seed3407-f0-scout5full/Training-Results/Final.pkl",
      "depth_mode": "normal",
      "airlight_mode": "gt",
      "count": 600,
      "mean_psnr": 39.344909836451215,
      "mean_ssim": 0.9957028333346049,
      "avg_time_sec_sync": 0.034494474331537885,
      "median_time_sec_sync": 0.0314183235168457,
      "peak_cuda_mem_mib": 541.2275390625
    }
  },
  "comparison": {
    "common_count": 600,
    "mean_psnr_delta": -0.005438734690348307,
    "median_psnr_delta": 0.001895904541015625,
    "p5_psnr_delta": -0.19282360076904298,
    "p95_psnr_delta": 0.1635997772216796,
    "hard_bottom25_psnr_delta": -0.01621045430501302,
    "easy_top25_psnr_delta": 0.013349329630533854,
    "worst10pct_mean_psnr_delta": -0.21780220667521158,
    "best10pct_mean_psnr_delta": 0.17881491978963215,
    "worst10img_mean_psnr_delta": -0.3318935394287109,
    "best10img_mean_psnr_delta": 0.28965034484863283,
    "worst10_mean_psnr_delta": -0.21780220667521158,
    "best10_mean_psnr_delta": 0.17881491978963215,
    "mean_ssim_delta": -2.342949310938517e-05,
    "positive_ratio": 0.51,
    "strong_reference_cut_psnr": 42.755948066711426,
    "strong_reference_count": 150,
    "strong_regression_count_delta_le_-0.05": 30,
    "worst_regression_count_delta_le_-0.20": 30
  }
}