{
  "runs": {
    "A0": {
      "label": "A0",
      "arch": "official_convir",
      "mode": "original",
      "checkpoint": "/sda/home/wangyuxin/ConvIR-B/checkpoints/official/Haze4K/haze4k-base.pkl",
      "depth_mode": "none",
      "airlight_mode": "none",
      "count": 600,
      "mean_psnr": 39.35034857114156,
      "mean_ssim": 0.9957262628277143,
      "avg_time_sec_sync": 0.04024945060412089,
      "median_time_sec_sync": 0.03982806205749512,
      "peak_cuda_mem_mib": 535.95654296875
    },
    "DTA_v33_v33_routerfusion_d3_router_seed3411_f0_triage5full_gt_zero": {
      "label": "DTA_v33_v33_routerfusion_d3_router_seed3411_f0_triage5full_gt_zero",
      "arch": "dta_v3",
      "mode": "modres",
      "checkpoint": "/sda/home/wangyuxin/ConvIR-B/repos/ConvIR-B-dta-v3-dapc-finetune-v33-routerfusion/Dehazing/ITS/results/ConvIR-Haze4K-DTA-v3-3-RouterFusion-d3_router-seed3411-f0-triage5full/Training-Results/Final.pkl",
      "depth_mode": "zero",
      "airlight_mode": "gt",
      "count": 600,
      "mean_psnr": 39.40718484242757,
      "mean_ssim": 0.9957344411810239,
      "avg_time_sec_sync": 0.04732131361961365,
      "median_time_sec_sync": 0.04703211784362793,
      "peak_cuda_mem_mib": 541.89892578125
    }
  },
  "comparison": {
    "common_count": 600,
    "mean_psnr_delta": 0.056836271286010744,
    "median_psnr_delta": 0.04496574401855469,
    "p5_psnr_delta": -0.21700210571289064,
    "p95_psnr_delta": 0.35062770843505847,
    "hard_bottom25_psnr_delta": 0.07629199981689454,
    "easy_top25_psnr_delta": 0.04344721476236979,
    "worst10pct_mean_psnr_delta": -0.23397865295410156,
    "best10pct_mean_psnr_delta": 0.392217763264974,
    "worst10img_mean_psnr_delta": -0.3901947021484375,
    "best10img_mean_psnr_delta": 0.6103603363037109,
    "worst10_mean_psnr_delta": -0.23397865295410156,
    "best10_mean_psnr_delta": 0.392217763264974,
    "mean_ssim_delta": 8.178353309631348e-06,
    "positive_ratio": 0.635,
    "strong_reference_cut_psnr": 42.755948066711426,
    "strong_reference_count": 150,
    "strong_regression_count_delta_le_-0.05": 41,
    "worst_regression_count_delta_le_-0.20": 34
  }
}
