{
  "runs": {
    "A0": {
      "label": "A0",
      "arch": "official_convir",
      "mode": "original",
      "checkpoint": "/home/caozhiyang/ConvIR-B/checkpoints/official/Haze4K/haze4k-base.pkl",
      "depth_mode": "none",
      "airlight_mode": "none",
      "count": 600,
      "mean_psnr": 39.34407578468323,
      "mean_ssim": 0.995722817381223,
      "avg_time_sec_sync": 0.023334006071090697,
      "median_time_sec_sync": 0.02459263801574707,
      "peak_cuda_mem_mib": 535.44482421875
    },
    "DTA_v34_v34_fdf_tsr_e1_feature_only_seed3411_f0_quick5full_fallback_train_zero": {
      "label": "DTA_v34_v34_fdf_tsr_e1_feature_only_seed3411_f0_quick5full_fallback_train_zero",
      "arch": "dta_v3",
      "mode": "modres",
      "checkpoint": "/home/caozhiyang/ConvIR-B/repos/ConvIR-B-dta-v3-4-fdf-tsr-finetune/Dehazing/ITS/results/ConvIR-Haze4K-DTA-v3-4-FDF-TSR-e1_feature_only-seed3411_f0-quick5full/Training-Results/Final.pkl",
      "depth_mode": "zero",
      "airlight_mode": "fallback",
      "count": 600,
      "mean_psnr": 39.238436711629234,
      "mean_ssim": 0.9956440714001655,
      "avg_time_sec_sync": 0.03217812259991964,
      "median_time_sec_sync": 0.03462028503417969,
      "peak_cuda_mem_mib": 543.4287109375
    }
  },
  "comparison": {
    "common_count": 600,
    "mean_psnr_delta": -0.10563907305399577,
    "median_psnr_delta": -0.09515571594238281,
    "p5_psnr_delta": -0.7426530838012695,
    "p95_psnr_delta": 0.5098531723022459,
    "hard_bottom25_psnr_delta": -0.12327093760172526,
    "easy_top25_psnr_delta": -0.11649330139160156,
    "worst10pct_mean_psnr_delta": -0.8223717371622722,
    "best10pct_mean_psnr_delta": 0.5849318186442057,
    "worst10img_mean_psnr_delta": -1.2238971710205078,
    "best10img_mean_psnr_delta": 1.0045570373535155,
    "worst10_mean_psnr_delta": -0.8223717371622722,
    "best10_mean_psnr_delta": 0.5849318186442057,
    "mean_ssim_delta": -7.874598105748494e-05,
    "positive_ratio": 0.36333333333333334,
    "strong_reference_cut_psnr": 42.766201972961426,
    "strong_reference_count": 150,
    "strong_regression_count_delta_le_-0.05": 80,
    "worst_regression_count_delta_le_-0.20": 212
  }
}