{
  "runs": {
    "A0": {
      "label": "A0",
      "arch": "official_convir",
      "mode": "original",
      "checkpoint": "/sda/home/wangyuxin/ConvIR-B/checkpoints/official/Haze4K/haze4k-base.pkl",
      "depth_mode": "none",
      "airlight_mode": "none",
      "count": 600,
      "mean_psnr": 39.35034857114156,
      "mean_ssim": 0.9957262628277143,
      "avg_time_sec_sync": 0.04139408310254415,
      "median_time_sec_sync": 0.03616821765899658,
      "peak_cuda_mem_mib": 537.50634765625
    },
    "DTA_v35_v35_fdf_rcs_l5_res010_tail_s004_g025_bm2_seed3407_f0_quick5full_fallback_train_shuffle": {
      "label": "DTA_v35_v35_fdf_rcs_l5_res010_tail_s004_g025_bm2_seed3407_f0_quick5full_fallback_train_shuffle",
      "arch": "dta_v3",
      "mode": "modres",
      "checkpoint": "/sda/home/wangyuxin/ConvIR-B/repos/ConvIR-B-dta-v3-5-fdf-rcs-lite/Dehazing/ITS/results/ConvIR-Haze4K-DTA-v3-5-FDF-RCS-l5_res010_tail_s004_g025_bm2-seed3407_f0-quick5full/Training-Results/Final.pkl",
      "depth_mode": "shuffle",
      "airlight_mode": "fallback",
      "count": 600,
      "mean_psnr": 39.35640302658081,
      "mean_ssim": 0.9957210596402486,
      "avg_time_sec_sync": 0.06880183219909668,
      "median_time_sec_sync": 0.06512045860290527,
      "peak_cuda_mem_mib": 604.74951171875
    }
  },
  "comparison": {
    "common_count": 600,
    "mean_psnr_delta": 0.006054455439249674,
    "median_psnr_delta": 0.00301361083984375,
    "p5_psnr_delta": -0.305192756652832,
    "p95_psnr_delta": 0.32201023101806614,
    "hard_bottom25_psnr_delta": -0.0014403915405273437,
    "easy_top25_psnr_delta": 0.0009104665120442709,
    "worst10pct_mean_psnr_delta": -0.33703174591064455,
    "best10pct_mean_psnr_delta": 0.35481268564860025,
    "worst10img_mean_psnr_delta": -0.5460914611816406,
    "best10img_mean_psnr_delta": 0.5984889984130859,
    "worst10_mean_psnr_delta": -0.33703174591064455,
    "best10_mean_psnr_delta": 0.35481268564860025,
    "mean_ssim_delta": -5.203187465667725e-06,
    "positive_ratio": 0.5083333333333333,
    "strong_reference_cut_psnr": 42.755948066711426,
    "strong_reference_count": 150,
    "strong_regression_count_delta_le_-0.05": 44,
    "worst_regression_count_delta_le_-0.20": 70
  }
}