image_id,fold_id,fold_role
1000,0,train
1000,1,val
1000,2,train
1000,3,train
1000,4,train
1001,0,val
1001,1,train
1001,2,train
1001,3,train
1001,4,train
1002,0,train
1002,1,train
1002,2,val
1002,3,train
1002,4,train
1003,0,train
1003,1,train
1003,2,val
1003,3,train
1003,4,train
1004,0,train
1004,1,train
1004,2,train
1004,3,train
1004,4,val
1005,0,train
1005,1,train
1005,2,train
1005,3,val
1005,4,train
1006,0,train
1006,1,train
1006,2,val
1006,3,train
1006,4,train
1007,0,train
1007,1,train
1007,2,train
1007,3,train
1007,4,val
1008,0,val
1008,1,train
1008,2,train
1008,3,train
1008,4,train
1009,0,train
1009,1,val
1009,2,train
1009,3,train
1009,4,train
100,0,train
100,1,train
100,2,train
100,3,val
100,4,train
1010,0,val
1010,1,train
1010,2,train
1010,3,train
1010,4,train
1011,0,train
1011,1,train
1011,2,train
1011,3,val
1011,4,train
1012,0,train
1012,1,train
1012,2,val
1012,3,train
1012,4,train
1013,0,train
1013,1,train
1013,2,train
1013,3,train
1013,4,val
1014,0,val
1014,1,train
1014,2,train
1014,3,train
1014,4,train
1015,0,train
1015,1,val
1015,2,train
1015,3,train
1015,4,train
1016,0,train
1016,1,val
1016,2,train
1016,3,train
1016,4,train
1017,0,train
1017,1,val
1017,2,train
1017,3,train
1017,4,train
1018,0,val
1018,1,train
1018,2,train
1018,3,train
1018,4,train
1019,0,val
1019,1,train
1019,2,train
1019,3,train
1019,4,train
101,0,train
101,1,train
101,2,val
101,3,train
101,4,train
1020,0,val
1020,1,train
1020,2,train
1020,3,train
1020,4,train
1021,0,train
1021,1,train
1021,2,train
1021,3,train
1021,4,val
1022,0,train
1022,1,val
1022,2,train
1022,3,train
1022,4,train
1023,0,train
1023,1,train
1023,2,train
1023,3,val
1023,4,train
1024,0,val
1024,1,train
1024,2,train
1024,3,train
1024,4,train
1025,0,train
1025,1,train
1025,2,val
1025,3,train
1025,4,train
1026,0,train
1026,1,val
1026,2,train
1026,3,train
1026,4,train
1027,0,train
1027,1,train
1027,2,train
1027,3,train
1027,4,val
1028,0,train
1028,1,train
1028,2,train
1028,3,val
1028,4,train
1029,0,val
1029,1,train
1029,2,train
1029,3,train
1029,4,train
102,0,train
102,1,train
102,2,val
102,3,train
102,4,train
1030,0,train
1030,1,train
1030,2,train
1030,3,val
1030,4,train
1031,0,train
1031,1,val
1031,2,train
1031,3,train
1031,4,train
1032,0,train
1032,1,train
1032,2,train
1032,3,train
1032,4,val
1033,0,train
1033,1,train
1033,2,train
1033,3,train
1033,4,val
1034,0,train
1034,1,train
1034,2,train
1034,3,val
1034,4,train
1035,0,train
1035,1,train
1035,2,train
1035,3,train
1035,4,val
1036,0,train
1036,1,train
1036,2,train
1036,3,train
1036,4,val
1037,0,val
1037,1,train
1037,2,train
1037,3,train
1037,4,train
1038,0,val
1038,1,train
1038,2,train
1038,3,train
1038,4,train
1039,0,train
1039,1,train
1039,2,train
1039,3,val
1039,4,train
103,0,train
103,1,train
103,2,val
103,3,train
103,4,train
1040,0,train
1040,1,train
1040,2,val
1040,3,train
1040,4,train
1041,0,val
1041,1,train
1041,2,train
1041,3,train
1041,4,train
1042,0,train
1042,1,val
1042,2,train
1042,3,train
1042,4,train
1043,0,train
1043,1,train
1043,2,train
1043,3,val
1043,4,train
1044,0,train
1044,1,train
1044,2,train
1044,3,train
1044,4,val
1045,0,train
1045,1,train
1045,2,train
1045,3,train
1045,4,val
1046,0,val
1046,1,train
1046,2,train
1046,3,train
1046,4,train
1047,0,val
1047,1,train
1047,2,train
1047,3,train
1047,4,train
1048,0,train
1048,1,val
1048,2,train
1048,3,train
1048,4,train
1049,0,val
1049,1,train
1049,2,train
1049,3,train
1049,4,train
104,0,val
104,1,train
104,2,train
104,3,train
104,4,train
1050,0,train
1050,1,val
1050,2,train
1050,3,train
1050,4,train
1051,0,train
1051,1,train
1051,2,train
1051,3,val
1051,4,train
1052,0,train
1052,1,train
1052,2,val
1052,3,train
1052,4,train
1053,0,train
1053,1,train
1053,2,train
1053,3,val
1053,4,train
1054,0,val
1054,1,train
1054,2,train
1054,3,train
1054,4,train
1055,0,train
1055,1,train
1055,2,train
1055,3,train
1055,4,val
1056,0,train
1056,1,train
1056,2,train
1056,3,val
1056,4,train
1057,0,val
1057,1,train
1057,2,train
1057,3,train
1057,4,train
1058,0,val
1058,1,train
1058,2,train
1058,3,train
1058,4,train
1059,0,val
1059,1,train
1059,2,train
1059,3,train
1059,4,train
105,0,val
105,1,train
105,2,train
105,3,train
105,4,train
1060,0,train
1060,1,train
1060,2,val
1060,3,train
1060,4,train
1061,0,train
1061,1,train
1061,2,val
1061,3,train
1061,4,train
1062,0,train
1062,1,train
1062,2,train
1062,3,val
1062,4,train
1063,0,train
1063,1,train
1063,2,train
1063,3,train
1063,4,val
1064,0,train
1064,1,train
1064,2,train
1064,3,train
1064,4,val
1065,0,train
1065,1,val
1065,2,train
1065,3,train
1065,4,train
1066,0,train
1066,1,train
1066,2,val
1066,3,train
1066,4,train
1067,0,train
1067,1,train
1067,2,val
1067,3,train
1067,4,train
1068,0,train
1068,1,train
1068,2,train
1068,3,val
1068,4,train
1069,0,train
1069,1,train
1069,2,val
1069,3,train
1069,4,train
106,0,train
106,1,train
106,2,train
106,3,train
106,4,val
1070,0,train
1070,1,val
1070,2,train
1070,3,train
1070,4,train
1071,0,val
1071,1,train
1071,2,train
1071,3,train
1071,4,train
1072,0,train
1072,1,train
1072,2,train
1072,3,val
1072,4,train
1073,0,train
1073,1,val
1073,2,train
1073,3,train
1073,4,train
1074,0,val
1074,1,train
1074,2,train
1074,3,train
1074,4,train
1075,0,train
1075,1,train
1075,2,train
1075,3,val
1075,4,train
1076,0,train
1076,1,train
1076,2,train
1076,3,train
1076,4,val
1077,0,train
1077,1,train
1077,2,val
1077,3,train
1077,4,train
1078,0,val
1078,1,train
1078,2,train
1078,3,train
1078,4,train
1079,0,train
1079,1,train
1079,2,train
1079,3,val
1079,4,train
107,0,train
107,1,train
107,2,train
107,3,val
107,4,train
1080,0,train
1080,1,train
1080,2,train
1080,3,val
1080,4,train
1081,0,train
1081,1,train
1081,2,val
1081,3,train
1081,4,train
1082,0,train
1082,1,train
1082,2,train
1082,3,val
1082,4,train
1083,0,train
1083,1,val
1083,2,train
1083,3,train
1083,4,train
1084,0,train
1084,1,train
1084,2,train
1084,3,val
1084,4,train
1085,0,train
1085,1,val
1085,2,train
1085,3,train
1085,4,train
1086,0,train
1086,1,train
1086,2,train
1086,3,val
1086,4,train
1087,0,train
1087,1,train
1087,2,train
1087,3,train
1087,4,val
1088,0,val
1088,1,train
1088,2,train
1088,3,train
1088,4,train
1089,0,train
1089,1,train
1089,2,train
1089,3,val
1089,4,train
108,0,val
108,1,train
108,2,train
108,3,train
108,4,train
1090,0,train
1090,1,train
1090,2,val
1090,3,train
1090,4,train
1091,0,train
1091,1,val
1091,2,train
1091,3,train
1091,4,train
1092,0,train
1092,1,train
1092,2,train
1092,3,train
1092,4,val
1093,0,train
1093,1,train
1093,2,train
1093,3,train
1093,4,val
1094,0,train
1094,1,train
1094,2,train
1094,3,train
1094,4,val
1095,0,train
1095,1,train
1095,2,train
1095,3,val
1095,4,train
1096,0,train
1096,1,train
1096,2,train
1096,3,val
1096,4,train
1097,0,val
1097,1,train
1097,2,train
1097,3,train
1097,4,train
1098,0,train
1098,1,train
1098,2,train
1098,3,train
1098,4,val
1099,0,train
1099,1,train
1099,2,val
1099,3,train
1099,4,train
109,0,train
109,1,train
109,2,train
109,3,val
109,4,train
10,0,train
10,1,train
10,2,val
10,3,train
10,4,train
1100,0,train
1100,1,train
1100,2,val
1100,3,train
1100,4,train
1101,0,train
1101,1,train
1101,2,train
1101,3,train
1101,4,val
1102,0,val
1102,1,train
1102,2,train
1102,3,train
1102,4,train
1103,0,val
1103,1,train
1103,2,train
1103,3,train
1103,4,train
1104,0,val
1104,1,train
1104,2,train
1104,3,train
1104,4,train
1105,0,train
1105,1,train
1105,2,train
1105,3,train
1105,4,val
1106,0,train
1106,1,train
1106,2,train
1106,3,val
1106,4,train
1107,0,val
1107,1,train
1107,2,train
1107,3,train
1107,4,train
1108,0,train
1108,1,train
1108,2,train
1108,3,train
1108,4,val
1109,0,train
1109,1,train
1109,2,train
1109,3,val
1109,4,train
110,0,train
110,1,val
110,2,train
110,3,train
110,4,train
1110,0,train
1110,1,train
1110,2,train
1110,3,train
1110,4,val
1111,0,train
1111,1,val
1111,2,train
1111,3,train
1111,4,train
1112,0,train
1112,1,train
1112,2,val
1112,3,train
1112,4,train
1113,0,train
1113,1,train
1113,2,train
1113,3,val
1113,4,train
1114,0,train
1114,1,val
1114,2,train
1114,3,train
1114,4,train
1115,0,train
1115,1,val
1115,2,train
1115,3,train
1115,4,train
1116,0,train
1116,1,val
1116,2,train
1116,3,train
1116,4,train
1117,0,train
1117,1,train
1117,2,train
1117,3,train
1117,4,val
1118,0,val
1118,1,train
1118,2,train
1118,3,train
1118,4,train
1119,0,train
1119,1,train
1119,2,train
1119,3,val
1119,4,train
111,0,train
111,1,train
111,2,train
111,3,val
111,4,train
1120,0,val
1120,1,train
1120,2,train
1120,3,train
1120,4,train
1121,0,val
1121,1,train
1121,2,train
1121,3,train
1121,4,train
1122,0,val
1122,1,train
1122,2,train
1122,3,train
1122,4,train
1123,0,train
1123,1,train
1123,2,train
1123,3,train
1123,4,val
1124,0,train
1124,1,val
1124,2,train
1124,3,train
1124,4,train
1125,0,train
1125,1,val
1125,2,train
1125,3,train
1125,4,train
1126,0,train
1126,1,train
1126,2,train
1126,3,train
1126,4,val
1127,0,train
1127,1,val
1127,2,train
1127,3,train
1127,4,train
1128,0,val
1128,1,train
1128,2,train
1128,3,train
1128,4,train
1129,0,train
1129,1,train
1129,2,val
1129,3,train
1129,4,train
112,0,train
112,1,val
112,2,train
112,3,train
112,4,train
1130,0,train
1130,1,val
1130,2,train
1130,3,train
1130,4,train
1131,0,train
1131,1,train
1131,2,val
1131,3,train
1131,4,train
1132,0,train
1132,1,train
1132,2,val
1132,3,train
1132,4,train
1133,0,val
1133,1,train
1133,2,train
1133,3,train
1133,4,train
1134,0,val
1134,1,train
1134,2,train
1134,3,train
1134,4,train
1135,0,train
1135,1,val
1135,2,train
1135,3,train
1135,4,train
1136,0,train
1136,1,val
1136,2,train
1136,3,train
1136,4,train
1137,0,train
1137,1,train
1137,2,train
1137,3,val
1137,4,train
1138,0,train
1138,1,val
1138,2,train
1138,3,train
1138,4,train
1139,0,train
1139,1,val
1139,2,train
1139,3,train
1139,4,train
113,0,train
113,1,train
113,2,val
113,3,train
113,4,train
1140,0,train
1140,1,train
1140,2,val
1140,3,train
1140,4,train
1141,0,train
1141,1,train
1141,2,val
1141,3,train
1141,4,train
1142,0,val
1142,1,train
1142,2,train
1142,3,train
1142,4,train
1143,0,train
1143,1,val
1143,2,train
1143,3,train
1143,4,train
1144,0,train
1144,1,train
1144,2,train
1144,3,val
1144,4,train
1145,0,train
1145,1,val
1145,2,train
1145,3,train
1145,4,train
1146,0,train
1146,1,train
1146,2,val
1146,3,train
1146,4,train
1147,0,train
1147,1,train
1147,2,val
1147,3,train
1147,4,train
1148,0,train
1148,1,val
1148,2,train
1148,3,train
1148,4,train
1149,0,train
1149,1,train
1149,2,train
1149,3,val
1149,4,train
114,0,train
114,1,val
114,2,train
114,3,train
114,4,train
1150,0,train
1150,1,train
1150,2,train
1150,3,train
1150,4,val
1151,0,train
1151,1,train
1151,2,train
1151,3,train
1151,4,val
1152,0,train
1152,1,val
1152,2,train
1152,3,train
1152,4,train
1153,0,train
1153,1,train
1153,2,train
1153,3,train
1153,4,val
1154,0,train
1154,1,train
1154,2,val
1154,3,train
1154,4,train
1155,0,train
1155,1,train
1155,2,train
1155,3,train
1155,4,val
1156,0,train
1156,1,val
1156,2,train
1156,3,train
1156,4,train
1157,0,train
1157,1,train
1157,2,train
1157,3,val
1157,4,train
1158,0,train
1158,1,train
1158,2,train
1158,3,train
1158,4,val
1159,0,val
1159,1,train
1159,2,train
1159,3,train
1159,4,train
115,0,val
115,1,train
115,2,train
115,3,train
115,4,train
1160,0,val
1160,1,train
1160,2,train
1160,3,train
1160,4,train
1161,0,train
1161,1,val
1161,2,train
1161,3,train
1161,4,train
1162,0,train
1162,1,train
1162,2,val
1162,3,train
1162,4,train
1163,0,train
1163,1,val
1163,2,train
1163,3,train
1163,4,train
1164,0,train
1164,1,train
1164,2,train
1164,3,val
1164,4,train
1165,0,val
1165,1,train
1165,2,train
1165,3,train
1165,4,train
1166,0,train
1166,1,train
1166,2,train
1166,3,train
1166,4,val
1167,0,train
1167,1,train
1167,2,train
1167,3,val
1167,4,train
1168,0,train
1168,1,val
1168,2,train
1168,3,train
1168,4,train
1169,0,train
1169,1,train
1169,2,train
1169,3,train
1169,4,val
116,0,train
116,1,train
116,2,train
116,3,train
116,4,val
1170,0,train
1170,1,train
1170,2,val
1170,3,train
1170,4,train
1171,0,train
1171,1,train
1171,2,train
1171,3,val
1171,4,train
1172,0,train
1172,1,train
1172,2,val
1172,3,train
1172,4,train
1173,0,train
1173,1,train
1173,2,train
1173,3,val
1173,4,train
1174,0,train
1174,1,train
1174,2,train
1174,3,train
1174,4,val
1175,0,train
1175,1,train
1175,2,val
1175,3,train
1175,4,train
1176,0,train
1176,1,train
1176,2,train
1176,3,train
1176,4,val
1177,0,train
1177,1,val
1177,2,train
1177,3,train
1177,4,train
1178,0,train
1178,1,train
1178,2,train
1178,3,val
1178,4,train
1179,0,val
1179,1,train
1179,2,train
1179,3,train
1179,4,train
117,0,train
117,1,train
117,2,train
117,3,train
117,4,val
1180,0,val
1180,1,train
1180,2,train
1180,3,train
1180,4,train
1181,0,val
1181,1,train
1181,2,train
1181,3,train
1181,4,train
1182,0,train
1182,1,val
1182,2,train
1182,3,train
1182,4,train
1183,0,train
1183,1,train
1183,2,train
1183,3,train
1183,4,val
1184,0,train
1184,1,val
1184,2,train
1184,3,train
1184,4,train
1185,0,train
1185,1,train
1185,2,val
1185,3,train
1185,4,train
1186,0,train
1186,1,train
1186,2,train
1186,3,val
1186,4,train
1187,0,train
1187,1,train
1187,2,train
1187,3,train
1187,4,val
1188,0,train
1188,1,val
1188,2,train
1188,3,train
1188,4,train
1189,0,train
1189,1,train
1189,2,train
1189,3,val
1189,4,train
118,0,train
118,1,train
118,2,val
118,3,train
118,4,train
1190,0,val
1190,1,train
1190,2,train
1190,3,train
1190,4,train
1191,0,val
1191,1,train
1191,2,train
1191,3,train
1191,4,train
1192,0,train
1192,1,train
1192,2,val
1192,3,train
1192,4,train
1193,0,train
1193,1,train
1193,2,train
1193,3,train
1193,4,val
1194,0,train
1194,1,val
1194,2,train
1194,3,train
1194,4,train
1195,0,train
1195,1,val
1195,2,train
1195,3,train
1195,4,train
1196,0,train
1196,1,val
1196,2,train
1196,3,train
1196,4,train
1197,0,val
1197,1,train
1197,2,train
1197,3,train
1197,4,train
1198,0,train
1198,1,train
1198,2,train
1198,3,val
1198,4,train
1199,0,train
1199,1,val
1199,2,train
1199,3,train
1199,4,train
119,0,val
119,1,train
119,2,train
119,3,train
119,4,train
11,0,train
11,1,train
11,2,val
11,3,train
11,4,train
1200,0,val
1200,1,train
1200,2,train
1200,3,train
1200,4,train
1201,0,train
1201,1,train
1201,2,train
1201,3,train
1201,4,val
1202,0,val
1202,1,train
1202,2,train
1202,3,train
1202,4,train
1203,0,train
1203,1,val
1203,2,train
1203,3,train
1203,4,train
1204,0,train
1204,1,val
1204,2,train
1204,3,train
1204,4,train
1205,0,train
1205,1,train
1205,2,train
1205,3,val
1205,4,train
1206,0,train
1206,1,val
1206,2,train
1206,3,train
1206,4,train
1207,0,train
1207,1,train
1207,2,train
1207,3,train
1207,4,val
1208,0,val
1208,1,train
1208,2,train
1208,3,train
1208,4,train
1209,0,train
1209,1,train
1209,2,train
1209,3,train
1209,4,val
120,0,train
120,1,train
120,2,train
120,3,train
120,4,val
1210,0,train
1210,1,train
1210,2,val
1210,3,train
1210,4,train
1211,0,train
1211,1,val
1211,2,train
1211,3,train
1211,4,train
1212,0,val
1212,1,train
1212,2,train
1212,3,train
1212,4,train
1213,0,train
1213,1,train
1213,2,val
1213,3,train
1213,4,train
1214,0,train
1214,1,train
1214,2,val
1214,3,train
1214,4,train
1215,0,train
1215,1,train
1215,2,train
1215,3,val
1215,4,train
1216,0,train
1216,1,train
1216,2,val
1216,3,train
1216,4,train
1217,0,train
1217,1,train
1217,2,train
1217,3,train
1217,4,val
1218,0,train
1218,1,val
1218,2,train
1218,3,train
1218,4,train
1219,0,train
1219,1,train
1219,2,val
1219,3,train
1219,4,train
121,0,train
121,1,train
121,2,train
121,3,train
121,4,val
1220,0,train
1220,1,train
1220,2,val
1220,3,train
1220,4,train
1221,0,train
1221,1,train
1221,2,train
1221,3,train
1221,4,val
1222,0,train
1222,1,train
1222,2,train
1222,3,val
1222,4,train
1223,0,train
1223,1,train
1223,2,train
1223,3,val
1223,4,train
1224,0,train
1224,1,train
1224,2,train
1224,3,train
1224,4,val
1225,0,train
1225,1,val
1225,2,train
1225,3,train
1225,4,train
1226,0,train
1226,1,train
1226,2,train
1226,3,train
1226,4,val
1227,0,val
1227,1,train
1227,2,train
1227,3,train
1227,4,train
1228,0,train
1228,1,train
1228,2,val
1228,3,train
1228,4,train
1229,0,train
1229,1,train
1229,2,val
1229,3,train
1229,4,train
122,0,train
122,1,train
122,2,train
122,3,val
122,4,train
1230,0,train
1230,1,train
1230,2,train
1230,3,val
1230,4,train
1231,0,train
1231,1,val
1231,2,train
1231,3,train
1231,4,train
1232,0,val
1232,1,train
1232,2,train
1232,3,train
1232,4,train
1233,0,val
1233,1,train
1233,2,train
1233,3,train
1233,4,train
1234,0,train
1234,1,train
1234,2,val
1234,3,train
1234,4,train
1235,0,train
1235,1,train
1235,2,train
1235,3,train
1235,4,val
1236,0,train
1236,1,train
1236,2,train
1236,3,val
1236,4,train
1237,0,train
1237,1,train
1237,2,train
1237,3,val
1237,4,train
1238,0,val
1238,1,train
1238,2,train
1238,3,train
1238,4,train
1239,0,train
1239,1,train
1239,2,train
1239,3,val
1239,4,train
123,0,train
123,1,train
123,2,train
123,3,train
123,4,val
1240,0,val
1240,1,train
1240,2,train
1240,3,train
1240,4,train
1241,0,val
1241,1,train
1241,2,train
1241,3,train
1241,4,train
1242,0,train
1242,1,val
1242,2,train
1242,3,train
1242,4,train
1243,0,train
1243,1,train
1243,2,train
1243,3,val
1243,4,train
1244,0,train
1244,1,train
1244,2,val
1244,3,train
1244,4,train
1245,0,train
1245,1,val
1245,2,train
1245,3,train
1245,4,train
1246,0,val
1246,1,train
1246,2,train
1246,3,train
1246,4,train
1247,0,val
1247,1,train
1247,2,train
1247,3,train
1247,4,train
1248,0,train
1248,1,train
1248,2,train
1248,3,val
1248,4,train
1249,0,train
1249,1,train
1249,2,train
1249,3,train
1249,4,val
124,0,train
124,1,train
124,2,train
124,3,val
124,4,train
1250,0,train
1250,1,val
1250,2,train
1250,3,train
1250,4,train
1251,0,train
1251,1,train
1251,2,train
1251,3,val
1251,4,train
1252,0,train
1252,1,train
1252,2,val
1252,3,train
1252,4,train
1253,0,train
1253,1,train
1253,2,val
1253,3,train
1253,4,train
1254,0,train
1254,1,train
1254,2,val
1254,3,train
1254,4,train
1255,0,train
1255,1,val
1255,2,train
1255,3,train
1255,4,train
1256,0,train
1256,1,train
1256,2,train
1256,3,val
1256,4,train
1257,0,train
1257,1,train
1257,2,val
1257,3,train
1257,4,train
1258,0,train
1258,1,train
1258,2,train
1258,3,train
1258,4,val
1259,0,train
1259,1,train
1259,2,val
1259,3,train
1259,4,train
125,0,val
125,1,train
125,2,train
125,3,train
125,4,train
1260,0,train
1260,1,train
1260,2,train
1260,3,val
1260,4,train
1261,0,val
1261,1,train
1261,2,train
1261,3,train
1261,4,train
1262,0,val
1262,1,train
1262,2,train
1262,3,train
1262,4,train
1263,0,train
1263,1,train
1263,2,val
1263,3,train
1263,4,train
1264,0,train
1264,1,train
1264,2,train
1264,3,val
1264,4,train
1265,0,train
1265,1,val
1265,2,train
1265,3,train
1265,4,train
1266,0,train
1266,1,train
1266,2,val
1266,3,train
1266,4,train
1267,0,val
1267,1,train
1267,2,train
1267,3,train
1267,4,train
1268,0,train
1268,1,val
1268,2,train
1268,3,train
1268,4,train
1269,0,train
1269,1,train
1269,2,train
1269,3,val
1269,4,train
126,0,train
126,1,val
126,2,train
126,3,train
126,4,train
1270,0,val
1270,1,train
1270,2,train
1270,3,train
1270,4,train
1271,0,train
1271,1,val
1271,2,train
1271,3,train
1271,4,train
1272,0,train
1272,1,train
1272,2,val
1272,3,train
1272,4,train
1273,0,train
1273,1,train
1273,2,val
1273,3,train
1273,4,train
1274,0,train
1274,1,val
1274,2,train
1274,3,train
1274,4,train
1275,0,train
1275,1,train
1275,2,train
1275,3,val
1275,4,train
1276,0,train
1276,1,train
1276,2,train
1276,3,train
1276,4,val
1277,0,train
1277,1,val
1277,2,train
1277,3,train
1277,4,train
1278,0,train
1278,1,train
1278,2,train
1278,3,val
1278,4,train
1279,0,train
1279,1,train
1279,2,val
1279,3,train
1279,4,train
127,0,train
127,1,train
127,2,train
127,3,val
127,4,train
1280,0,val
1280,1,train
1280,2,train
1280,3,train
1280,4,train
1281,0,train
1281,1,val
1281,2,train
1281,3,train
1281,4,train
1282,0,train
1282,1,train
1282,2,train
1282,3,train
1282,4,val
1283,0,train
1283,1,train
1283,2,train
1283,3,val
1283,4,train
1284,0,train
1284,1,val
1284,2,train
1284,3,train
1284,4,train
1285,0,train
1285,1,train
1285,2,val
1285,3,train
1285,4,train
1286,0,train
1286,1,train
1286,2,train
1286,3,train
1286,4,val
1287,0,val
1287,1,train
1287,2,train
1287,3,train
1287,4,train
1288,0,train
1288,1,train
1288,2,train
1288,3,train
1288,4,val
1289,0,val
1289,1,train
1289,2,train
1289,3,train
1289,4,train
128,0,train
128,1,val
128,2,train
128,3,train
128,4,train
1290,0,train
1290,1,train
1290,2,train
1290,3,train
1290,4,val
1291,0,train
1291,1,train
1291,2,train
1291,3,train
1291,4,val
1292,0,train
1292,1,train
1292,2,train
1292,3,val
1292,4,train
1293,0,train
1293,1,val
1293,2,train
1293,3,train
1293,4,train
1294,0,train
1294,1,val
1294,2,train
1294,3,train
1294,4,train
1295,0,train
1295,1,train
1295,2,train
1295,3,val
1295,4,train
1296,0,train
1296,1,val
1296,2,train
1296,3,train
1296,4,train
1297,0,train
1297,1,train
1297,2,train
1297,3,train
1297,4,val
1298,0,train
1298,1,train
1298,2,train
1298,3,train
1298,4,val
1299,0,val
1299,1,train
1299,2,train
1299,3,train
1299,4,train
129,0,val
129,1,train
129,2,train
129,3,train
129,4,train
12,0,train
12,1,train
12,2,train
12,3,train
12,4,val
1300,0,train
1300,1,train
1300,2,train
1300,3,train
1300,4,val
1301,0,train
1301,1,train
1301,2,train
1301,3,train
1301,4,val
1302,0,train
1302,1,val
1302,2,train
1302,3,train
1302,4,train
1303,0,train
1303,1,train
1303,2,train
1303,3,val
1303,4,train
1304,0,train
1304,1,val
1304,2,train
1304,3,train
1304,4,train
1305,0,train
1305,1,train
1305,2,train
1305,3,val
1305,4,train
1306,0,train
1306,1,train
1306,2,train
1306,3,train
1306,4,val
1307,0,val
1307,1,train
1307,2,train
1307,3,train
1307,4,train
1308,0,train
1308,1,train
1308,2,train
1308,3,val
1308,4,train
1309,0,train
1309,1,train
1309,2,val
1309,3,train
1309,4,train
130,0,train
130,1,train
130,2,val
130,3,train
130,4,train
1310,0,train
1310,1,train
1310,2,val
1310,3,train
1310,4,train
1311,0,train
1311,1,val
1311,2,train
1311,3,train
1311,4,train
1312,0,train
1312,1,train
1312,2,val
1312,3,train
1312,4,train
1313,0,val
1313,1,train
1313,2,train
1313,3,train
1313,4,train
1314,0,train
1314,1,train
1314,2,val
1314,3,train
1314,4,train
1315,0,train
1315,1,train
1315,2,train
1315,3,train
1315,4,val
1316,0,train
1316,1,train
1316,2,val
1316,3,train
1316,4,train
1317,0,train
1317,1,val
1317,2,train
1317,3,train
1317,4,train
1318,0,train
1318,1,val
1318,2,train
1318,3,train
1318,4,train
1319,0,train
1319,1,train
1319,2,train
1319,3,val
1319,4,train
131,0,train
131,1,train
131,2,train
131,3,val
131,4,train
1320,0,train
1320,1,val
1320,2,train
1320,3,train
1320,4,train
1321,0,train
1321,1,train
1321,2,val
1321,3,train
1321,4,train
1322,0,train
1322,1,train
1322,2,val
1322,3,train
1322,4,train
1323,0,train
1323,1,train
1323,2,train
1323,3,val
1323,4,train
1324,0,train
1324,1,train
1324,2,val
1324,3,train
1324,4,train
1325,0,train
1325,1,train
1325,2,val
1325,3,train
1325,4,train
1326,0,train
1326,1,train
1326,2,val
1326,3,train
1326,4,train
1327,0,train
1327,1,train
1327,2,train
1327,3,train
1327,4,val
1328,0,val
1328,1,train
1328,2,train
1328,3,train
1328,4,train
1329,0,train
1329,1,train
1329,2,train
1329,3,val
1329,4,train
132,0,train
132,1,val
132,2,train
132,3,train
132,4,train
1330,0,train
1330,1,val
1330,2,train
1330,3,train
1330,4,train
1331,0,train
1331,1,train
1331,2,val
1331,3,train
1331,4,train
1332,0,val
1332,1,train
1332,2,train
1332,3,train
1332,4,train
1333,0,val
1333,1,train
1333,2,train
1333,3,train
1333,4,train
1334,0,train
1334,1,train
1334,2,train
1334,3,val
1334,4,train
1335,0,train
1335,1,val
1335,2,train
1335,3,train
1335,4,train
1336,0,val
1336,1,train
1336,2,train
1336,3,train
1336,4,train
1337,0,val
1337,1,train
1337,2,train
1337,3,train
1337,4,train
1338,0,train
1338,1,train
1338,2,train
1338,3,train
1338,4,val
1339,0,train
1339,1,val
1339,2,train
1339,3,train
1339,4,train
133,0,val
133,1,train
133,2,train
133,3,train
133,4,train
1340,0,train
1340,1,val
1340,2,train
1340,3,train
1340,4,train
1341,0,val
1341,1,train
1341,2,train
1341,3,train
1341,4,train
1342,0,train
1342,1,train
1342,2,train
1342,3,val
1342,4,train
1343,0,train
1343,1,train
1343,2,train
1343,3,val
1343,4,train
1344,0,train
1344,1,val
1344,2,train
1344,3,train
1344,4,train
1345,0,train
1345,1,val
1345,2,train
1345,3,train
1345,4,train
1346,0,train
1346,1,train
1346,2,train
1346,3,val
1346,4,train
1347,0,train
1347,1,train
1347,2,val
1347,3,train
1347,4,train
1348,0,train
1348,1,train
1348,2,val
1348,3,train
1348,4,train
1349,0,val
1349,1,train
1349,2,train
1349,3,train
1349,4,train
134,0,train
134,1,train
134,2,val
134,3,train
134,4,train
1350,0,val
1350,1,train
1350,2,train
1350,3,train
1350,4,train
1351,0,train
1351,1,train
1351,2,val
1351,3,train
1351,4,train
1352,0,train
1352,1,train
1352,2,train
1352,3,train
1352,4,val
1353,0,train
1353,1,val
1353,2,train
1353,3,train
1353,4,train
1354,0,train
1354,1,train
1354,2,train
1354,3,train
1354,4,val
1355,0,train
1355,1,train
1355,2,train
1355,3,val
1355,4,train
1356,0,train
1356,1,train
1356,2,val
1356,3,train
1356,4,train
1357,0,train
1357,1,train
1357,2,train
1357,3,val
1357,4,train
1358,0,val
1358,1,train
1358,2,train
1358,3,train
1358,4,train
1359,0,train
1359,1,train
1359,2,val
1359,3,train
1359,4,train
135,0,train
135,1,train
135,2,train
135,3,val
135,4,train
1360,0,train
1360,1,train
1360,2,val
1360,3,train
1360,4,train
1361,0,train
1361,1,train
1361,2,train
1361,3,val
1361,4,train
1362,0,train
1362,1,train
1362,2,val
1362,3,train
1362,4,train
1363,0,train
1363,1,train
1363,2,val
1363,3,train
1363,4,train
1364,0,val
1364,1,train
1364,2,train
1364,3,train
1364,4,train
1365,0,train
1365,1,train
1365,2,train
1365,3,val
1365,4,train
1366,0,train
1366,1,val
1366,2,train
1366,3,train
1366,4,train
1367,0,train
1367,1,train
1367,2,train
1367,3,val
1367,4,train
1368,0,val
1368,1,train
1368,2,train
1368,3,train
1368,4,train
1369,0,val
1369,1,train
1369,2,train
1369,3,train
1369,4,train
136,0,train
136,1,train
136,2,train
136,3,val
136,4,train
1370,0,val
1370,1,train
1370,2,train
1370,3,train
1370,4,train
1371,0,train
1371,1,train
1371,2,val
1371,3,train
1371,4,train
1372,0,train
1372,1,val
1372,2,train
1372,3,train
1372,4,train
1373,0,train
1373,1,val
1373,2,train
1373,3,train
1373,4,train
1374,0,train
1374,1,train
1374,2,val
1374,3,train
1374,4,train
1375,0,train
1375,1,train
1375,2,val
1375,3,train
1375,4,train
1376,0,train
1376,1,train
1376,2,val
1376,3,train
1376,4,train
1377,0,train
1377,1,train
1377,2,train
1377,3,train
1377,4,val
1378,0,train
1378,1,train
1378,2,val
1378,3,train
1378,4,train
1379,0,train
1379,1,train
1379,2,val
1379,3,train
1379,4,train
137,0,val
137,1,train
137,2,train
137,3,train
137,4,train
1380,0,train
1380,1,train
1380,2,train
1380,3,val
1380,4,train
1381,0,train
1381,1,train
1381,2,val
1381,3,train
1381,4,train
1382,0,train
1382,1,train
1382,2,val
1382,3,train
1382,4,train
1383,0,train
1383,1,train
1383,2,val
1383,3,train
1383,4,train
1384,0,train
1384,1,train
1384,2,val
1384,3,train
1384,4,train
1385,0,train
1385,1,train
1385,2,train
1385,3,train
1385,4,val
1386,0,train
1386,1,train
1386,2,val
1386,3,train
1386,4,train
1387,0,train
1387,1,train
1387,2,train
1387,3,train
1387,4,val
1388,0,val
1388,1,train
1388,2,train
1388,3,train
1388,4,train
1389,0,train
1389,1,train
1389,2,train
1389,3,val
1389,4,train
138,0,train
138,1,val
138,2,train
138,3,train
138,4,train
1390,0,train
1390,1,val
1390,2,train
1390,3,train
1390,4,train
1391,0,train
1391,1,train
1391,2,train
1391,3,train
1391,4,val
1392,0,val
1392,1,train
1392,2,train
1392,3,train
1392,4,train
1393,0,train
1393,1,train
1393,2,train
1393,3,train
1393,4,val
1394,0,train
1394,1,train
1394,2,val
1394,3,train
1394,4,train
1395,0,train
1395,1,train
1395,2,train
1395,3,train
1395,4,val
1396,0,train
1396,1,train
1396,2,train
1396,3,val
1396,4,train
1397,0,train
1397,1,train
1397,2,train
1397,3,train
1397,4,val
1398,0,train
1398,1,train
1398,2,val
1398,3,train
1398,4,train
1399,0,train
1399,1,train
1399,2,train
1399,3,train
1399,4,val
139,0,train
139,1,train
139,2,train
139,3,val
139,4,train
13,0,train
13,1,train
13,2,train
13,3,val
13,4,train
1400,0,train
1400,1,train
1400,2,train
1400,3,val
1400,4,train
1401,0,train
1401,1,train
1401,2,train
1401,3,train
1401,4,val
1402,0,train
1402,1,val
1402,2,train
1402,3,train
1402,4,train
1403,0,val
1403,1,train
1403,2,train
1403,3,train
1403,4,train
1404,0,train
1404,1,train
1404,2,train
1404,3,val
1404,4,train
1405,0,train
1405,1,train
1405,2,train
1405,3,train
1405,4,val
1406,0,val
1406,1,train
1406,2,train
1406,3,train
1406,4,train
1407,0,train
1407,1,train
1407,2,train
1407,3,val
1407,4,train
1408,0,train
1408,1,train
1408,2,val
1408,3,train
1408,4,train
1409,0,train
1409,1,train
1409,2,train
1409,3,val
1409,4,train
140,0,train
140,1,train
140,2,train
140,3,val
140,4,train
1410,0,train
1410,1,train
1410,2,train
1410,3,val
1410,4,train
1411,0,train
1411,1,val
1411,2,train
1411,3,train
1411,4,train
1412,0,train
1412,1,train
1412,2,val
1412,3,train
1412,4,train
1413,0,train
1413,1,train
1413,2,val
1413,3,train
1413,4,train
1414,0,train
1414,1,train
1414,2,val
1414,3,train
1414,4,train
1415,0,train
1415,1,train
1415,2,val
1415,3,train
1415,4,train
1416,0,train
1416,1,train
1416,2,train
1416,3,train
1416,4,val
1417,0,train
1417,1,train
1417,2,train
1417,3,val
1417,4,train
1418,0,train
1418,1,train
1418,2,train
1418,3,train
1418,4,val
1419,0,train
1419,1,val
1419,2,train
1419,3,train
1419,4,train
141,0,train
141,1,train
141,2,val
141,3,train
141,4,train
1420,0,val
1420,1,train
1420,2,train
1420,3,train
1420,4,train
1421,0,train
1421,1,train
1421,2,val
1421,3,train
1421,4,train
1422,0,train
1422,1,val
1422,2,train
1422,3,train
1422,4,train
1423,0,train
1423,1,train
1423,2,train
1423,3,train
1423,4,val
1424,0,train
1424,1,train
1424,2,train
1424,3,train
1424,4,val
1425,0,val
1425,1,train
1425,2,train
1425,3,train
1425,4,train
1426,0,train
1426,1,train
1426,2,train
1426,3,train
1426,4,val
1427,0,train
1427,1,train
1427,2,val
1427,3,train
1427,4,train
1428,0,train
1428,1,val
1428,2,train
1428,3,train
1428,4,train
1429,0,val
1429,1,train
1429,2,train
1429,3,train
1429,4,train
142,0,train
142,1,train
142,2,val
142,3,train
142,4,train
1430,0,train
1430,1,train
1430,2,val
1430,3,train
1430,4,train
1431,0,train
1431,1,val
1431,2,train
1431,3,train
1431,4,train
1432,0,train
1432,1,train
1432,2,train
1432,3,val
1432,4,train
1433,0,val
1433,1,train
1433,2,train
1433,3,train
1433,4,train
1434,0,train
1434,1,train
1434,2,train
1434,3,val
1434,4,train
1435,0,val
1435,1,train
1435,2,train
1435,3,train
1435,4,train
1436,0,train
1436,1,train
1436,2,train
1436,3,val
1436,4,train
1437,0,val
1437,1,train
1437,2,train
1437,3,train
1437,4,train
1438,0,train
1438,1,train
1438,2,val
1438,3,train
1438,4,train
1439,0,train
1439,1,train
1439,2,train
1439,3,train
1439,4,val
143,0,train
143,1,train
143,2,val
143,3,train
143,4,train
1440,0,train
1440,1,val
1440,2,train
1440,3,train
1440,4,train
1441,0,val
1441,1,train
1441,2,train
1441,3,train
1441,4,train
1442,0,train
1442,1,train
1442,2,train
1442,3,val
1442,4,train
1443,0,train
1443,1,train
1443,2,train
1443,3,train
1443,4,val
1444,0,train
1444,1,val
1444,2,train
1444,3,train
1444,4,train
1445,0,train
1445,1,val
1445,2,train
1445,3,train
1445,4,train
1446,0,train
1446,1,train
1446,2,train
1446,3,train
1446,4,val
1447,0,val
1447,1,train
1447,2,train
1447,3,train
1447,4,train
1448,0,train
1448,1,train
1448,2,train
1448,3,val
1448,4,train
1449,0,train
1449,1,train
1449,2,train
1449,3,train
1449,4,val
144,0,train
144,1,train
144,2,train
144,3,val
144,4,train
1450,0,train
1450,1,train
1450,2,train
1450,3,train
1450,4,val
1451,0,train
1451,1,train
1451,2,train
1451,3,val
1451,4,train
1452,0,train
1452,1,train
1452,2,train
1452,3,train
1452,4,val
1453,0,train
1453,1,train
1453,2,train
1453,3,train
1453,4,val
1454,0,val
1454,1,train
1454,2,train
1454,3,train
1454,4,train
1455,0,train
1455,1,train
1455,2,train
1455,3,val
1455,4,train
1456,0,train
1456,1,train
1456,2,val
1456,3,train
1456,4,train
1457,0,train
1457,1,train
1457,2,train
1457,3,train
1457,4,val
1458,0,train
1458,1,train
1458,2,train
1458,3,train
1458,4,val
1459,0,train
1459,1,val
1459,2,train
1459,3,train
1459,4,train
145,0,train
145,1,val
145,2,train
145,3,train
145,4,train
1460,0,val
1460,1,train
1460,2,train
1460,3,train
1460,4,train
1461,0,val
1461,1,train
1461,2,train
1461,3,train
1461,4,train
1462,0,train
1462,1,train
1462,2,train
1462,3,train
1462,4,val
1463,0,train
1463,1,val
1463,2,train
1463,3,train
1463,4,train
1464,0,train
1464,1,train
1464,2,train
1464,3,train
1464,4,val
1465,0,train
1465,1,train
1465,2,val
1465,3,train
1465,4,train
1466,0,train
1466,1,train
1466,2,val
1466,3,train
1466,4,train
1467,0,val
1467,1,train
1467,2,train
1467,3,train
1467,4,train
1468,0,val
1468,1,train
1468,2,train
1468,3,train
1468,4,train
1469,0,train
1469,1,train
1469,2,train
1469,3,train
1469,4,val
146,0,train
146,1,train
146,2,train
146,3,val
146,4,train
1470,0,train
1470,1,train
1470,2,train
1470,3,val
1470,4,train
1471,0,train
1471,1,val
1471,2,train
1471,3,train
1471,4,train
1472,0,train
1472,1,train
1472,2,val
1472,3,train
1472,4,train
1473,0,train
1473,1,val
1473,2,train
1473,3,train
1473,4,train
1474,0,train
1474,1,train
1474,2,train
1474,3,train
1474,4,val
1475,0,train
1475,1,train
1475,2,val
1475,3,train
1475,4,train
1476,0,train
1476,1,train
1476,2,train
1476,3,val
1476,4,train
1477,0,train
1477,1,train
1477,2,train
1477,3,train
1477,4,val
1478,0,val
1478,1,train
1478,2,train
1478,3,train
1478,4,train
1479,0,val
1479,1,train
1479,2,train
1479,3,train
1479,4,train
147,0,train
147,1,val
147,2,train
147,3,train
147,4,train
1480,0,train
1480,1,train
1480,2,train
1480,3,val
1480,4,train
1481,0,train
1481,1,train
1481,2,train
1481,3,train
1481,4,val
1482,0,train
1482,1,train
1482,2,train
1482,3,train
1482,4,val
1483,0,train
1483,1,train
1483,2,val
1483,3,train
1483,4,train
1484,0,train
1484,1,train
1484,2,val
1484,3,train
1484,4,train
1485,0,val
1485,1,train
1485,2,train
1485,3,train
1485,4,train
1486,0,val
1486,1,train
1486,2,train
1486,3,train
1486,4,train
1487,0,train
1487,1,train
1487,2,train
1487,3,val
1487,4,train
1488,0,train
1488,1,val
1488,2,train
1488,3,train
1488,4,train
1489,0,train
1489,1,train
1489,2,train
1489,3,train
1489,4,val
148,0,train
148,1,train
148,2,val
148,3,train
148,4,train
1490,0,train
1490,1,train
1490,2,train
1490,3,train
1490,4,val
1491,0,val
1491,1,train
1491,2,train
1491,3,train
1491,4,train
1492,0,train
1492,1,train
1492,2,train
1492,3,val
1492,4,train
1493,0,train
1493,1,train
1493,2,val
1493,3,train
1493,4,train
1494,0,val
1494,1,train
1494,2,train
1494,3,train
1494,4,train
1495,0,train
1495,1,val
1495,2,train
1495,3,train
1495,4,train
1496,0,val
1496,1,train
1496,2,train
1496,3,train
1496,4,train
1497,0,train
1497,1,train
1497,2,train
1497,3,train
1497,4,val
1498,0,val
1498,1,train
1498,2,train
1498,3,train
1498,4,train
1499,0,train
1499,1,train
1499,2,val
1499,3,train
1499,4,train
149,0,train
149,1,val
149,2,train
149,3,train
149,4,train
14,0,train
14,1,train
14,2,train
14,3,train
14,4,val
1500,0,train
1500,1,train
1500,2,train
1500,3,val
1500,4,train
1501,0,train
1501,1,train
1501,2,train
1501,3,val
1501,4,train
1502,0,val
1502,1,train
1502,2,train
1502,3,train
1502,4,train
1503,0,train
1503,1,train
1503,2,train
1503,3,val
1503,4,train
1504,0,train
1504,1,val
1504,2,train
1504,3,train
1504,4,train
1505,0,train
1505,1,train
1505,2,val
1505,3,train
1505,4,train
1506,0,val
1506,1,train
1506,2,train
1506,3,train
1506,4,train
1507,0,val
1507,1,train
1507,2,train
1507,3,train
1507,4,train
1508,0,train
1508,1,train
1508,2,train
1508,3,val
1508,4,train
1509,0,train
1509,1,val
1509,2,train
1509,3,train
1509,4,train
150,0,train
150,1,val
150,2,train
150,3,train
150,4,train
1510,0,train
1510,1,train
1510,2,train
1510,3,val
1510,4,train
1511,0,val
1511,1,train
1511,2,train
1511,3,train
1511,4,train
1512,0,train
1512,1,train
1512,2,train
1512,3,val
1512,4,train
1513,0,train
1513,1,val
1513,2,train
1513,3,train
1513,4,train
1514,0,train
1514,1,train
1514,2,val
1514,3,train
1514,4,train
1515,0,train
1515,1,train
1515,2,train
1515,3,val
1515,4,train
1516,0,val
1516,1,train
1516,2,train
1516,3,train
1516,4,train
1517,0,val
1517,1,train
1517,2,train
1517,3,train
1517,4,train
1518,0,val
1518,1,train
1518,2,train
1518,3,train
1518,4,train
1519,0,train
1519,1,val
1519,2,train
1519,3,train
1519,4,train
151,0,train
151,1,train
151,2,train
151,3,val
151,4,train
1520,0,val
1520,1,train
1520,2,train
1520,3,train
1520,4,train
1521,0,train
1521,1,train
1521,2,val
1521,3,train
1521,4,train
1522,0,train
1522,1,train
1522,2,train
1522,3,train
1522,4,val
1523,0,train
1523,1,val
1523,2,train
1523,3,train
1523,4,train
1524,0,train
1524,1,val
1524,2,train
1524,3,train
1524,4,train
1525,0,train
1525,1,train
1525,2,train
1525,3,train
1525,4,val
1526,0,val
1526,1,train
1526,2,train
1526,3,train
1526,4,train
1527,0,train
1527,1,val
1527,2,train
1527,3,train
1527,4,train
1528,0,train
1528,1,train
1528,2,train
1528,3,train
1528,4,val
1529,0,train
1529,1,train
1529,2,train
1529,3,train
1529,4,val
152,0,train
152,1,val
152,2,train
152,3,train
152,4,train
1530,0,train
1530,1,val
1530,2,train
1530,3,train
1530,4,train
1531,0,train
1531,1,train
1531,2,val
1531,3,train
1531,4,train
1532,0,val
1532,1,train
1532,2,train
1532,3,train
1532,4,train
1533,0,train
1533,1,train
1533,2,val
1533,3,train
1533,4,train
1534,0,train
1534,1,train
1534,2,val
1534,3,train
1534,4,train
1535,0,train
1535,1,val
1535,2,train
1535,3,train
1535,4,train
1536,0,train
1536,1,train
1536,2,val
1536,3,train
1536,4,train
1537,0,val
1537,1,train
1537,2,train
1537,3,train
1537,4,train
1538,0,val
1538,1,train
1538,2,train
1538,3,train
1538,4,train
1539,0,train
1539,1,train
1539,2,train
1539,3,train
1539,4,val
153,0,train
153,1,val
153,2,train
153,3,train
153,4,train
1540,0,val
1540,1,train
1540,2,train
1540,3,train
1540,4,train
1541,0,train
1541,1,train
1541,2,val
1541,3,train
1541,4,train
1542,0,train
1542,1,train
1542,2,val
1542,3,train
1542,4,train
1543,0,train
1543,1,train
1543,2,val
1543,3,train
1543,4,train
1544,0,train
1544,1,train
1544,2,train
1544,3,train
1544,4,val
1545,0,train
1545,1,train
1545,2,val
1545,3,train
1545,4,train
1546,0,train
1546,1,train
1546,2,train
1546,3,train
1546,4,val
1547,0,train
1547,1,train
1547,2,val
1547,3,train
1547,4,train
1548,0,train
1548,1,val
1548,2,train
1548,3,train
1548,4,train
1549,0,train
1549,1,train
1549,2,train
1549,3,val
1549,4,train
154,0,train
154,1,train
154,2,train
154,3,train
154,4,val
1550,0,train
1550,1,val
1550,2,train
1550,3,train
1550,4,train
1551,0,val
1551,1,train
1551,2,train
1551,3,train
1551,4,train
1552,0,val
1552,1,train
1552,2,train
1552,3,train
1552,4,train
1553,0,train
1553,1,train
1553,2,val
1553,3,train
1553,4,train
1554,0,train
1554,1,train
1554,2,train
1554,3,val
1554,4,train
1555,0,train
1555,1,train
1555,2,train
1555,3,train
1555,4,val
1556,0,val
1556,1,train
1556,2,train
1556,3,train
1556,4,train
1557,0,train
1557,1,train
1557,2,val
1557,3,train
1557,4,train
1558,0,train
1558,1,train
1558,2,train
1558,3,val
1558,4,train
1559,0,train
1559,1,train
1559,2,train
1559,3,val
1559,4,train
155,0,train
155,1,train
155,2,train
155,3,val
155,4,train
1560,0,train
1560,1,train
1560,2,val
1560,3,train
1560,4,train
1561,0,train
1561,1,val
1561,2,train
1561,3,train
1561,4,train
1562,0,train
1562,1,train
1562,2,train
1562,3,train
1562,4,val
1563,0,train
1563,1,train
1563,2,val
1563,3,train
1563,4,train
1564,0,val
1564,1,train
1564,2,train
1564,3,train
1564,4,train
1565,0,train
1565,1,train
1565,2,val
1565,3,train
1565,4,train
1566,0,train
1566,1,val
1566,2,train
1566,3,train
1566,4,train
1567,0,val
1567,1,train
1567,2,train
1567,3,train
1567,4,train
1568,0,train
1568,1,train
1568,2,val
1568,3,train
1568,4,train
1569,0,train
1569,1,train
1569,2,train
1569,3,train
1569,4,val
156,0,train
156,1,val
156,2,train
156,3,train
156,4,train
1570,0,train
1570,1,train
1570,2,val
1570,3,train
1570,4,train
1571,0,val
1571,1,train
1571,2,train
1571,3,train
1571,4,train
1572,0,train
1572,1,val
1572,2,train
1572,3,train
1572,4,train
1573,0,val
1573,1,train
1573,2,train
1573,3,train
1573,4,train
1574,0,val
1574,1,train
1574,2,train
1574,3,train
1574,4,train
1575,0,train
1575,1,train
1575,2,train
1575,3,val
1575,4,train
1576,0,val
1576,1,train
1576,2,train
1576,3,train
1576,4,train
1577,0,val
1577,1,train
1577,2,train
1577,3,train
1577,4,train
1578,0,train
1578,1,val
1578,2,train
1578,3,train
1578,4,train
1579,0,val
1579,1,train
1579,2,train
1579,3,train
1579,4,train
157,0,train
157,1,val
157,2,train
157,3,train
157,4,train
1580,0,train
1580,1,train
1580,2,train
1580,3,val
1580,4,train
1581,0,train
1581,1,train
1581,2,train
1581,3,train
1581,4,val
1582,0,train
1582,1,train
1582,2,train
1582,3,train
1582,4,val
1583,0,val
1583,1,train
1583,2,train
1583,3,train
1583,4,train
1584,0,train
1584,1,val
1584,2,train
1584,3,train
1584,4,train
1585,0,train
1585,1,train
1585,2,train
1585,3,train
1585,4,val
1586,0,train
1586,1,val
1586,2,train
1586,3,train
1586,4,train
1587,0,train
1587,1,val
1587,2,train
1587,3,train
1587,4,train
1588,0,train
1588,1,train
1588,2,val
1588,3,train
1588,4,train
1589,0,train
1589,1,train
1589,2,train
1589,3,train
1589,4,val
158,0,train
158,1,train
158,2,train
158,3,val
158,4,train
1590,0,train
1590,1,train
1590,2,train
1590,3,train
1590,4,val
1591,0,train
1591,1,train
1591,2,train
1591,3,val
1591,4,train
1592,0,train
1592,1,train
1592,2,val
1592,3,train
1592,4,train
1593,0,train
1593,1,val
1593,2,train
1593,3,train
1593,4,train
1594,0,train
1594,1,train
1594,2,train
1594,3,val
1594,4,train
1595,0,train
1595,1,train
1595,2,train
1595,3,train
1595,4,val
1596,0,train
1596,1,train
1596,2,train
1596,3,val
1596,4,train
1597,0,train
1597,1,train
1597,2,train
1597,3,val
1597,4,train
1598,0,train
1598,1,train
1598,2,train
1598,3,val
1598,4,train
1599,0,train
1599,1,train
1599,2,train
1599,3,train
1599,4,val
159,0,train
159,1,train
159,2,train
159,3,train
159,4,val
15,0,val
15,1,train
15,2,train
15,3,train
15,4,train
1600,0,train
1600,1,train
1600,2,train
1600,3,train
1600,4,val
1601,0,train
1601,1,val
1601,2,train
1601,3,train
1601,4,train
1602,0,val
1602,1,train
1602,2,train
1602,3,train
1602,4,train
1603,0,val
1603,1,train
1603,2,train
1603,3,train
1603,4,train
1604,0,val
1604,1,train
1604,2,train
1604,3,train
1604,4,train
1605,0,train
1605,1,train
1605,2,train
1605,3,val
1605,4,train
1606,0,train
1606,1,train
1606,2,train
1606,3,train
1606,4,val
1607,0,train
1607,1,train
1607,2,train
1607,3,val
1607,4,train
1608,0,train
1608,1,train
1608,2,train
1608,3,train
1608,4,val
1609,0,train
1609,1,train
1609,2,val
1609,3,train
1609,4,train
160,0,val
160,1,train
160,2,train
160,3,train
160,4,train
1610,0,train
1610,1,train
1610,2,train
1610,3,train
1610,4,val
1611,0,train
1611,1,train
1611,2,val
1611,3,train
1611,4,train
1612,0,train
1612,1,train
1612,2,val
1612,3,train
1612,4,train
1613,0,train
1613,1,train
1613,2,train
1613,3,val
1613,4,train
1614,0,train
1614,1,train
1614,2,train
1614,3,val
1614,4,train
1615,0,train
1615,1,train
1615,2,train
1615,3,val
1615,4,train
1616,0,train
1616,1,train
1616,2,train
1616,3,train
1616,4,val
1617,0,train
1617,1,train
1617,2,val
1617,3,train
1617,4,train
1618,0,train
1618,1,val
1618,2,train
1618,3,train
1618,4,train
1619,0,train
1619,1,train
1619,2,val
1619,3,train
1619,4,train
161,0,train
161,1,train
161,2,train
161,3,train
161,4,val
1620,0,train
1620,1,val
1620,2,train
1620,3,train
1620,4,train
1621,0,train
1621,1,train
1621,2,train
1621,3,val
1621,4,train
1622,0,train
1622,1,train
1622,2,train
1622,3,val
1622,4,train
1623,0,train
1623,1,train
1623,2,train
1623,3,train
1623,4,val
1624,0,train
1624,1,train
1624,2,train
1624,3,val
1624,4,train
1625,0,train
1625,1,train
1625,2,train
1625,3,val
1625,4,train
1626,0,train
1626,1,val
1626,2,train
1626,3,train
1626,4,train
1627,0,train
1627,1,train
1627,2,val
1627,3,train
1627,4,train
1628,0,train
1628,1,train
1628,2,train
1628,3,train
1628,4,val
1629,0,train
1629,1,train
1629,2,train
1629,3,val
1629,4,train
162,0,val
162,1,train
162,2,train
162,3,train
162,4,train
1630,0,train
1630,1,val
1630,2,train
1630,3,train
1630,4,train
1631,0,val
1631,1,train
1631,2,train
1631,3,train
1631,4,train
1632,0,val
1632,1,train
1632,2,train
1632,3,train
1632,4,train
1633,0,val
1633,1,train
1633,2,train
1633,3,train
1633,4,train
1634,0,train
1634,1,train
1634,2,train
1634,3,train
1634,4,val
1635,0,train
1635,1,train
1635,2,train
1635,3,val
1635,4,train
1636,0,train
1636,1,train
1636,2,train
1636,3,val
1636,4,train
1637,0,val
1637,1,train
1637,2,train
1637,3,train
1637,4,train
1638,0,train
1638,1,val
1638,2,train
1638,3,train
1638,4,train
1639,0,val
1639,1,train
1639,2,train
1639,3,train
1639,4,train
163,0,train
163,1,train
163,2,train
163,3,val
163,4,train
1640,0,val
1640,1,train
1640,2,train
1640,3,train
1640,4,train
1641,0,train
1641,1,train
1641,2,train
1641,3,val
1641,4,train
1642,0,val
1642,1,train
1642,2,train
1642,3,train
1642,4,train
1643,0,train
1643,1,train
1643,2,val
1643,3,train
1643,4,train
1644,0,train
1644,1,val
1644,2,train
1644,3,train
1644,4,train
1645,0,train
1645,1,train
1645,2,val
1645,3,train
1645,4,train
1646,0,val
1646,1,train
1646,2,train
1646,3,train
1646,4,train
1647,0,train
1647,1,train
1647,2,train
1647,3,train
1647,4,val
1648,0,train
1648,1,train
1648,2,train
1648,3,train
1648,4,val
1649,0,train
1649,1,train
1649,2,train
1649,3,train
1649,4,val
164,0,train
164,1,train
164,2,train
164,3,train
164,4,val
1650,0,val
1650,1,train
1650,2,train
1650,3,train
1650,4,train
1651,0,train
1651,1,train
1651,2,train
1651,3,train
1651,4,val
1652,0,train
1652,1,train
1652,2,val
1652,3,train
1652,4,train
1653,0,train
1653,1,train
1653,2,train
1653,3,val
1653,4,train
1654,0,train
1654,1,train
1654,2,val
1654,3,train
1654,4,train
1655,0,val
1655,1,train
1655,2,train
1655,3,train
1655,4,train
1656,0,train
1656,1,train
1656,2,train
1656,3,train
1656,4,val
1657,0,train
1657,1,train
1657,2,train
1657,3,val
1657,4,train
1658,0,train
1658,1,train
1658,2,val
1658,3,train
1658,4,train
1659,0,train
1659,1,val
1659,2,train
1659,3,train
1659,4,train
165,0,train
165,1,train
165,2,train
165,3,val
165,4,train
1660,0,val
1660,1,train
1660,2,train
1660,3,train
1660,4,train
1661,0,train
1661,1,val
1661,2,train
1661,3,train
1661,4,train
1662,0,train
1662,1,train
1662,2,train
1662,3,val
1662,4,train
1663,0,train
1663,1,train
1663,2,val
1663,3,train
1663,4,train
1664,0,train
1664,1,train
1664,2,train
1664,3,train
1664,4,val
1665,0,train
1665,1,train
1665,2,val
1665,3,train
1665,4,train
1666,0,val
1666,1,train
1666,2,train
1666,3,train
1666,4,train
1667,0,train
1667,1,train
1667,2,train
1667,3,val
1667,4,train
1668,0,train
1668,1,train
1668,2,train
1668,3,train
1668,4,val
1669,0,train
1669,1,train
1669,2,train
1669,3,val
1669,4,train
166,0,train
166,1,train
166,2,train
166,3,val
166,4,train
1670,0,train
1670,1,train
1670,2,val
1670,3,train
1670,4,train
1671,0,val
1671,1,train
1671,2,train
1671,3,train
1671,4,train
1672,0,train
1672,1,train
1672,2,train
1672,3,train
1672,4,val
1673,0,train
1673,1,train
1673,2,train
1673,3,train
1673,4,val
1674,0,train
1674,1,val
1674,2,train
1674,3,train
1674,4,train
1675,0,train
1675,1,train
1675,2,val
1675,3,train
1675,4,train
1676,0,train
1676,1,train
1676,2,train
1676,3,val
1676,4,train
1677,0,train
1677,1,train
1677,2,val
1677,3,train
1677,4,train
1678,0,val
1678,1,train
1678,2,train
1678,3,train
1678,4,train
1679,0,train
1679,1,train
1679,2,train
1679,3,val
1679,4,train
167,0,train
167,1,train
167,2,val
167,3,train
167,4,train
1680,0,train
1680,1,train
1680,2,train
1680,3,train
1680,4,val
1681,0,train
1681,1,train
1681,2,train
1681,3,train
1681,4,val
1682,0,val
1682,1,train
1682,2,train
1682,3,train
1682,4,train
1683,0,train
1683,1,train
1683,2,train
1683,3,val
1683,4,train
1684,0,train
1684,1,train
1684,2,val
1684,3,train
1684,4,train
1685,0,train
1685,1,val
1685,2,train
1685,3,train
1685,4,train
1686,0,val
1686,1,train
1686,2,train
1686,3,train
1686,4,train
1687,0,val
1687,1,train
1687,2,train
1687,3,train
1687,4,train
1688,0,train
1688,1,train
1688,2,val
1688,3,train
1688,4,train
1689,0,train
1689,1,train
1689,2,train
1689,3,val
1689,4,train
168,0,train
168,1,train
168,2,val
168,3,train
168,4,train
1690,0,train
1690,1,val
1690,2,train
1690,3,train
1690,4,train
1691,0,train
1691,1,train
1691,2,train
1691,3,train
1691,4,val
1692,0,train
1692,1,train
1692,2,train
1692,3,train
1692,4,val
1693,0,train
1693,1,train
1693,2,train
1693,3,train
1693,4,val
1694,0,train
1694,1,train
1694,2,train
1694,3,train
1694,4,val
1695,0,train
1695,1,train
1695,2,val
1695,3,train
1695,4,train
1696,0,train
1696,1,train
1696,2,val
1696,3,train
1696,4,train
1697,0,val
1697,1,train
1697,2,train
1697,3,train
1697,4,train
1698,0,train
1698,1,train
1698,2,train
1698,3,val
1698,4,train
1699,0,train
1699,1,val
1699,2,train
1699,3,train
1699,4,train
169,0,train
169,1,val
169,2,train
169,3,train
169,4,train
16,0,train
16,1,train
16,2,train
16,3,train
16,4,val
1700,0,train
1700,1,train
1700,2,train
1700,3,val
1700,4,train
1701,0,train
1701,1,train
1701,2,val
1701,3,train
1701,4,train
1702,0,train
1702,1,train
1702,2,train
1702,3,val
1702,4,train
1703,0,val
1703,1,train
1703,2,train
1703,3,train
1703,4,train
1704,0,val
1704,1,train
1704,2,train
1704,3,train
1704,4,train
1705,0,train
1705,1,train
1705,2,train
1705,3,train
1705,4,val
1706,0,train
1706,1,train
1706,2,train
1706,3,val
1706,4,train
1707,0,train
1707,1,train
1707,2,train
1707,3,train
1707,4,val
1708,0,val
1708,1,train
1708,2,train
1708,3,train
1708,4,train
1709,0,val
1709,1,train
1709,2,train
1709,3,train
1709,4,train
170,0,val
170,1,train
170,2,train
170,3,train
170,4,train
1710,0,train
1710,1,train
1710,2,train
1710,3,train
1710,4,val
1711,0,train
1711,1,val
1711,2,train
1711,3,train
1711,4,train
1712,0,train
1712,1,train
1712,2,train
1712,3,val
1712,4,train
1713,0,train
1713,1,train
1713,2,train
1713,3,val
1713,4,train
1714,0,train
1714,1,train
1714,2,train
1714,3,val
1714,4,train
1715,0,train
1715,1,train
1715,2,val
1715,3,train
1715,4,train
1716,0,train
1716,1,val
1716,2,train
1716,3,train
1716,4,train
1717,0,val
1717,1,train
1717,2,train
1717,3,train
1717,4,train
1718,0,train
1718,1,train
1718,2,train
1718,3,train
1718,4,val
1719,0,train
1719,1,val
1719,2,train
1719,3,train
1719,4,train
171,0,train
171,1,train
171,2,train
171,3,val
171,4,train
1720,0,train
1720,1,train
1720,2,train
1720,3,train
1720,4,val
1721,0,train
1721,1,train
1721,2,val
1721,3,train
1721,4,train
1722,0,train
1722,1,train
1722,2,val
1722,3,train
1722,4,train
1723,0,train
1723,1,train
1723,2,train
1723,3,val
1723,4,train
1724,0,train
1724,1,val
1724,2,train
1724,3,train
1724,4,train
1725,0,train
1725,1,train
1725,2,train
1725,3,val
1725,4,train
1726,0,val
1726,1,train
1726,2,train
1726,3,train
1726,4,train
1727,0,train
1727,1,train
1727,2,train
1727,3,val
1727,4,train
1728,0,train
1728,1,val
1728,2,train
1728,3,train
1728,4,train
1729,0,train
1729,1,train
1729,2,val
1729,3,train
1729,4,train
172,0,train
172,1,val
172,2,train
172,3,train
172,4,train
1730,0,train
1730,1,train
1730,2,train
1730,3,val
1730,4,train
1731,0,train
1731,1,train
1731,2,train
1731,3,train
1731,4,val
1732,0,val
1732,1,train
1732,2,train
1732,3,train
1732,4,train
1733,0,train
1733,1,val
1733,2,train
1733,3,train
1733,4,train
1734,0,train
1734,1,train
1734,2,train
1734,3,train
1734,4,val
1735,0,train
1735,1,val
1735,2,train
1735,3,train
1735,4,train
1736,0,train
1736,1,train
1736,2,train
1736,3,val
1736,4,train
1737,0,train
1737,1,train
1737,2,val
1737,3,train
1737,4,train
1738,0,train
1738,1,val
1738,2,train
1738,3,train
1738,4,train
1739,0,val
1739,1,train
1739,2,train
1739,3,train
1739,4,train
173,0,train
173,1,val
173,2,train
173,3,train
173,4,train
1740,0,train
1740,1,train
1740,2,train
1740,3,val
1740,4,train
1741,0,train
1741,1,val
1741,2,train
1741,3,train
1741,4,train
1742,0,train
1742,1,train
1742,2,val
1742,3,train
1742,4,train
1743,0,train
1743,1,train
1743,2,train
1743,3,train
1743,4,val
1744,0,val
1744,1,train
1744,2,train
1744,3,train
1744,4,train
1745,0,train
1745,1,train
1745,2,val
1745,3,train
1745,4,train
1746,0,train
1746,1,val
1746,2,train
1746,3,train
1746,4,train
1747,0,val
1747,1,train
1747,2,train
1747,3,train
1747,4,train
1748,0,train
1748,1,val
1748,2,train
1748,3,train
1748,4,train
1749,0,train
1749,1,train
1749,2,train
1749,3,train
1749,4,val
174,0,train
174,1,train
174,2,val
174,3,train
174,4,train
1750,0,train
1750,1,val
1750,2,train
1750,3,train
1750,4,train
1751,0,val
1751,1,train
1751,2,train
1751,3,train
1751,4,train
1752,0,train
1752,1,train
1752,2,val
1752,3,train
1752,4,train
1753,0,train
1753,1,train
1753,2,train
1753,3,train
1753,4,val
1754,0,train
1754,1,val
1754,2,train
1754,3,train
1754,4,train
1755,0,train
1755,1,train
1755,2,val
1755,3,train
1755,4,train
1756,0,train
1756,1,train
1756,2,train
1756,3,val
1756,4,train
1757,0,train
1757,1,train
1757,2,train
1757,3,train
1757,4,val
1758,0,train
1758,1,val
1758,2,train
1758,3,train
1758,4,train
1759,0,train
1759,1,train
1759,2,train
1759,3,train
1759,4,val
175,0,train
175,1,train
175,2,train
175,3,train
175,4,val
1760,0,train
1760,1,val
1760,2,train
1760,3,train
1760,4,train
1761,0,train
1761,1,train
1761,2,val
1761,3,train
1761,4,train
1762,0,train
1762,1,train
1762,2,train
1762,3,val
1762,4,train
1763,0,train
1763,1,train
1763,2,train
1763,3,train
1763,4,val
1764,0,val
1764,1,train
1764,2,train
1764,3,train
1764,4,train
1765,0,train
1765,1,val
1765,2,train
1765,3,train
1765,4,train
1766,0,train
1766,1,val
1766,2,train
1766,3,train
1766,4,train
1767,0,train
1767,1,val
1767,2,train
1767,3,train
1767,4,train
1768,0,train
1768,1,train
1768,2,train
1768,3,val
1768,4,train
1769,0,train
1769,1,train
1769,2,val
1769,3,train
1769,4,train
176,0,train
176,1,val
176,2,train
176,3,train
176,4,train
1770,0,train
1770,1,train
1770,2,val
1770,3,train
1770,4,train
1771,0,train
1771,1,train
1771,2,train
1771,3,train
1771,4,val
1772,0,train
1772,1,val
1772,2,train
1772,3,train
1772,4,train
1773,0,train
1773,1,train
1773,2,val
1773,3,train
1773,4,train
1774,0,train
1774,1,val
1774,2,train
1774,3,train
1774,4,train
1775,0,train
1775,1,val
1775,2,train
1775,3,train
1775,4,train
1776,0,train
1776,1,val
1776,2,train
1776,3,train
1776,4,train
1777,0,train
1777,1,train
1777,2,train
1777,3,val
1777,4,train
1778,0,train
1778,1,train
1778,2,val
1778,3,train
1778,4,train
1779,0,train
1779,1,train
1779,2,val
1779,3,train
1779,4,train
177,0,train
177,1,train
177,2,train
177,3,val
177,4,train
1780,0,train
1780,1,train
1780,2,train
1780,3,val
1780,4,train
1781,0,train
1781,1,train
1781,2,train
1781,3,val
1781,4,train
1782,0,train
1782,1,train
1782,2,val
1782,3,train
1782,4,train
1783,0,train
1783,1,train
1783,2,train
1783,3,train
1783,4,val
1784,0,train
1784,1,train
1784,2,val
1784,3,train
1784,4,train
1785,0,train
1785,1,val
1785,2,train
1785,3,train
1785,4,train
1786,0,train
1786,1,val
1786,2,train
1786,3,train
1786,4,train
1787,0,train
1787,1,train
1787,2,val
1787,3,train
1787,4,train
1788,0,train
1788,1,val
1788,2,train
1788,3,train
1788,4,train
1789,0,train
1789,1,val
1789,2,train
1789,3,train
1789,4,train
178,0,train
178,1,train
178,2,train
178,3,val
178,4,train
1790,0,train
1790,1,train
1790,2,val
1790,3,train
1790,4,train
1791,0,train
1791,1,train
1791,2,val
1791,3,train
1791,4,train
1792,0,train
1792,1,val
1792,2,train
1792,3,train
1792,4,train
1793,0,train
1793,1,train
1793,2,train
1793,3,train
1793,4,val
1794,0,train
1794,1,train
1794,2,val
1794,3,train
1794,4,train
1795,0,train
1795,1,val
1795,2,train
1795,3,train
1795,4,train
1796,0,val
1796,1,train
1796,2,train
1796,3,train
1796,4,train
1797,0,train
1797,1,train
1797,2,val
1797,3,train
1797,4,train
1798,0,train
1798,1,train
1798,2,train
1798,3,val
1798,4,train
1799,0,train
1799,1,train
1799,2,val
1799,3,train
1799,4,train
179,0,val
179,1,train
179,2,train
179,3,train
179,4,train
17,0,val
17,1,train
17,2,train
17,3,train
17,4,train
1800,0,train
1800,1,train
1800,2,train
1800,3,train
1800,4,val
1801,0,train
1801,1,train
1801,2,train
1801,3,val
1801,4,train
1802,0,train
1802,1,train
1802,2,train
1802,3,train
1802,4,val
1803,0,train
1803,1,val
1803,2,train
1803,3,train
1803,4,train
1804,0,train
1804,1,val
1804,2,train
1804,3,train
1804,4,train
1805,0,train
1805,1,train
1805,2,train
1805,3,val
1805,4,train
1806,0,val
1806,1,train
1806,2,train
1806,3,train
1806,4,train
1807,0,train
1807,1,train
1807,2,train
1807,3,train
1807,4,val
1808,0,train
1808,1,train
1808,2,val
1808,3,train
1808,4,train
1809,0,train
1809,1,train
1809,2,train
1809,3,val
1809,4,train
180,0,train
180,1,train
180,2,train
180,3,val
180,4,train
1810,0,train
1810,1,val
1810,2,train
1810,3,train
1810,4,train
1811,0,train
1811,1,train
1811,2,train
1811,3,train
1811,4,val
1812,0,train
1812,1,val
1812,2,train
1812,3,train
1812,4,train
1813,0,train
1813,1,val
1813,2,train
1813,3,train
1813,4,train
1814,0,train
1814,1,val
1814,2,train
1814,3,train
1814,4,train
1815,0,train
1815,1,train
1815,2,train
1815,3,train
1815,4,val
1816,0,train
1816,1,train
1816,2,val
1816,3,train
1816,4,train
1817,0,val
1817,1,train
1817,2,train
1817,3,train
1817,4,train
1818,0,val
1818,1,train
1818,2,train
1818,3,train
1818,4,train
1819,0,val
1819,1,train
1819,2,train
1819,3,train
1819,4,train
181,0,train
181,1,train
181,2,train
181,3,val
181,4,train
1820,0,train
1820,1,train
1820,2,val
1820,3,train
1820,4,train
1821,0,train
1821,1,train
1821,2,train
1821,3,train
1821,4,val
1822,0,val
1822,1,train
1822,2,train
1822,3,train
1822,4,train
1823,0,train
1823,1,train
1823,2,val
1823,3,train
1823,4,train
1824,0,train
1824,1,train
1824,2,train
1824,3,val
1824,4,train
1825,0,train
1825,1,train
1825,2,val
1825,3,train
1825,4,train
1826,0,train
1826,1,val
1826,2,train
1826,3,train
1826,4,train
1827,0,train
1827,1,train
1827,2,train
1827,3,train
1827,4,val
1828,0,train
1828,1,train
1828,2,train
1828,3,train
1828,4,val
1829,0,train
1829,1,train
1829,2,val
1829,3,train
1829,4,train
182,0,train
182,1,train
182,2,train
182,3,train
182,4,val
1830,0,train
1830,1,train
1830,2,train
1830,3,train
1830,4,val
1831,0,train
1831,1,train
1831,2,train
1831,3,val
1831,4,train
1832,0,val
1832,1,train
1832,2,train
1832,3,train
1832,4,train
1833,0,train
1833,1,train
1833,2,val
1833,3,train
1833,4,train
1834,0,train
1834,1,train
1834,2,train
1834,3,train
1834,4,val
1835,0,train
1835,1,train
1835,2,val
1835,3,train
1835,4,train
1836,0,train
1836,1,val
1836,2,train
1836,3,train
1836,4,train
1837,0,val
1837,1,train
1837,2,train
1837,3,train
1837,4,train
1838,0,train
1838,1,train
1838,2,val
1838,3,train
1838,4,train
1839,0,train
1839,1,train
1839,2,train
1839,3,train
1839,4,val
183,0,val
183,1,train
183,2,train
183,3,train
183,4,train
1840,0,val
1840,1,train
1840,2,train
1840,3,train
1840,4,train
1841,0,train
1841,1,train
1841,2,val
1841,3,train
1841,4,train
1842,0,train
1842,1,train
1842,2,train
1842,3,val
1842,4,train
1843,0,train
1843,1,val
1843,2,train
1843,3,train
1843,4,train
1844,0,train
1844,1,val
1844,2,train
1844,3,train
1844,4,train
1845,0,train
1845,1,train
1845,2,val
1845,3,train
1845,4,train
1846,0,val
1846,1,train
1846,2,train
1846,3,train
1846,4,train
1847,0,val
1847,1,train
1847,2,train
1847,3,train
1847,4,train
1848,0,train
1848,1,train
1848,2,val
1848,3,train
1848,4,train
1849,0,train
1849,1,val
1849,2,train
1849,3,train
1849,4,train
184,0,train
184,1,train
184,2,val
184,3,train
184,4,train
1850,0,train
1850,1,val
1850,2,train
1850,3,train
1850,4,train
1851,0,val
1851,1,train
1851,2,train
1851,3,train
1851,4,train
1852,0,train
1852,1,train
1852,2,val
1852,3,train
1852,4,train
1853,0,train
1853,1,train
1853,2,train
1853,3,val
1853,4,train
1854,0,val
1854,1,train
1854,2,train
1854,3,train
1854,4,train
1855,0,train
1855,1,val
1855,2,train
1855,3,train
1855,4,train
1856,0,train
1856,1,train
1856,2,val
1856,3,train
1856,4,train
1857,0,val
1857,1,train
1857,2,train
1857,3,train
1857,4,train
1858,0,val
1858,1,train
1858,2,train
1858,3,train
1858,4,train
1859,0,val
1859,1,train
1859,2,train
1859,3,train
1859,4,train
185,0,val
185,1,train
185,2,train
185,3,train
185,4,train
1860,0,val
1860,1,train
1860,2,train
1860,3,train
1860,4,train
1861,0,train
1861,1,train
1861,2,train
1861,3,train
1861,4,val
1862,0,train
1862,1,val
1862,2,train
1862,3,train
1862,4,train
1863,0,val
1863,1,train
1863,2,train
1863,3,train
1863,4,train
1864,0,train
1864,1,val
1864,2,train
1864,3,train
1864,4,train
1865,0,train
1865,1,train
1865,2,train
1865,3,train
1865,4,val
1866,0,val
1866,1,train
1866,2,train
1866,3,train
1866,4,train
1867,0,train
1867,1,val
1867,2,train
1867,3,train
1867,4,train
1868,0,val
1868,1,train
1868,2,train
1868,3,train
1868,4,train
1869,0,train
1869,1,val
1869,2,train
1869,3,train
1869,4,train
186,0,train
186,1,train
186,2,train
186,3,val
186,4,train
1870,0,train
1870,1,train
1870,2,train
1870,3,train
1870,4,val
1871,0,train
1871,1,train
1871,2,val
1871,3,train
1871,4,train
1872,0,train
1872,1,train
1872,2,train
1872,3,val
1872,4,train
1873,0,train
1873,1,val
1873,2,train
1873,3,train
1873,4,train
1874,0,train
1874,1,val
1874,2,train
1874,3,train
1874,4,train
1875,0,val
1875,1,train
1875,2,train
1875,3,train
1875,4,train
1876,0,val
1876,1,train
1876,2,train
1876,3,train
1876,4,train
1877,0,train
1877,1,train
1877,2,train
1877,3,train
1877,4,val
1878,0,train
1878,1,train
1878,2,train
1878,3,train
1878,4,val
1879,0,train
1879,1,val
1879,2,train
1879,3,train
1879,4,train
187,0,train
187,1,train
187,2,train
187,3,train
187,4,val
1880,0,train
1880,1,val
1880,2,train
1880,3,train
1880,4,train
1881,0,train
1881,1,train
1881,2,train
1881,3,train
1881,4,val
1882,0,val
1882,1,train
1882,2,train
1882,3,train
1882,4,train
1883,0,train
1883,1,val
1883,2,train
1883,3,train
1883,4,train
1884,0,train
1884,1,train
1884,2,val
1884,3,train
1884,4,train
1885,0,train
1885,1,train
1885,2,val
1885,3,train
1885,4,train
1886,0,train
1886,1,train
1886,2,val
1886,3,train
1886,4,train
1887,0,train
1887,1,val
1887,2,train
1887,3,train
1887,4,train
1888,0,train
1888,1,train
1888,2,train
1888,3,val
1888,4,train
1889,0,train
1889,1,train
1889,2,val
1889,3,train
1889,4,train
188,0,train
188,1,train
188,2,train
188,3,val
188,4,train
1890,0,train
1890,1,train
1890,2,train
1890,3,val
1890,4,train
1891,0,train
1891,1,train
1891,2,val
1891,3,train
1891,4,train
1892,0,val
1892,1,train
1892,2,train
1892,3,train
1892,4,train
1893,0,train
1893,1,val
1893,2,train
1893,3,train
1893,4,train
1894,0,train
1894,1,val
1894,2,train
1894,3,train
1894,4,train
1895,0,train
1895,1,train
1895,2,train
1895,3,val
1895,4,train
1896,0,train
1896,1,train
1896,2,train
1896,3,train
1896,4,val
1897,0,train
1897,1,train
1897,2,train
1897,3,val
1897,4,train
1898,0,train
1898,1,train
1898,2,val
1898,3,train
1898,4,train
1899,0,train
1899,1,train
1899,2,train
1899,3,train
1899,4,val
189,0,val
189,1,train
189,2,train
189,3,train
189,4,train
18,0,train
18,1,train
18,2,train
18,3,train
18,4,val
1900,0,val
1900,1,train
1900,2,train
1900,3,train
1900,4,train
1901,0,train
1901,1,train
1901,2,val
1901,3,train
1901,4,train
1902,0,val
1902,1,train
1902,2,train
1902,3,train
1902,4,train
1903,0,train
1903,1,train
1903,2,train
1903,3,val
1903,4,train
1904,0,train
1904,1,train
1904,2,train
1904,3,train
1904,4,val
1905,0,train
1905,1,train
1905,2,val
1905,3,train
1905,4,train
1906,0,train
1906,1,train
1906,2,train
1906,3,val
1906,4,train
1907,0,train
1907,1,train
1907,2,train
1907,3,train
1907,4,val
1908,0,train
1908,1,train
1908,2,val
1908,3,train
1908,4,train
1909,0,train
1909,1,val
1909,2,train
1909,3,train
1909,4,train
190,0,train
190,1,train
190,2,val
190,3,train
190,4,train
1910,0,train
1910,1,train
1910,2,val
1910,3,train
1910,4,train
1911,0,train
1911,1,train
1911,2,train
1911,3,train
1911,4,val
1912,0,train
1912,1,train
1912,2,train
1912,3,val
1912,4,train
1913,0,train
1913,1,train
1913,2,train
1913,3,train
1913,4,val
1914,0,train
1914,1,val
1914,2,train
1914,3,train
1914,4,train
1915,0,train
1915,1,train
1915,2,val
1915,3,train
1915,4,train
1916,0,train
1916,1,train
1916,2,train
1916,3,val
1916,4,train
1917,0,train
1917,1,train
1917,2,train
1917,3,val
1917,4,train
1918,0,train
1918,1,train
1918,2,train
1918,3,train
1918,4,val
1919,0,train
1919,1,train
1919,2,train
1919,3,val
1919,4,train
191,0,train
191,1,train
191,2,val
191,3,train
191,4,train
1920,0,train
1920,1,train
1920,2,train
1920,3,train
1920,4,val
1921,0,train
1921,1,train
1921,2,train
1921,3,train
1921,4,val
1922,0,train
1922,1,train
1922,2,train
1922,3,train
1922,4,val
1923,0,train
1923,1,train
1923,2,train
1923,3,train
1923,4,val
1924,0,train
1924,1,train
1924,2,train
1924,3,val
1924,4,train
1925,0,val
1925,1,train
1925,2,train
1925,3,train
1925,4,train
1926,0,train
1926,1,val
1926,2,train
1926,3,train
1926,4,train
1927,0,train
1927,1,train
1927,2,train
1927,3,val
1927,4,train
1928,0,train
1928,1,val
1928,2,train
1928,3,train
1928,4,train
1929,0,val
1929,1,train
1929,2,train
1929,3,train
1929,4,train
192,0,val
192,1,train
192,2,train
192,3,train
192,4,train
1930,0,train
1930,1,train
1930,2,val
1930,3,train
1930,4,train
1931,0,train
1931,1,train
1931,2,val
1931,3,train
1931,4,train
1932,0,train
1932,1,train
1932,2,train
1932,3,train
1932,4,val
1933,0,train
1933,1,train
1933,2,train
1933,3,val
1933,4,train
1934,0,val
1934,1,train
1934,2,train
1934,3,train
1934,4,train
1935,0,train
1935,1,val
1935,2,train
1935,3,train
1935,4,train
1936,0,train
1936,1,train
1936,2,train
1936,3,train
1936,4,val
1937,0,train
1937,1,train
1937,2,train
1937,3,val
1937,4,train
1938,0,train
1938,1,train
1938,2,train
1938,3,train
1938,4,val
1939,0,train
1939,1,val
1939,2,train
1939,3,train
1939,4,train
193,0,train
193,1,val
193,2,train
193,3,train
193,4,train
1940,0,val
1940,1,train
1940,2,train
1940,3,train
1940,4,train
1941,0,train
1941,1,train
1941,2,train
1941,3,train
1941,4,val
1942,0,train
1942,1,train
1942,2,train
1942,3,val
1942,4,train
1943,0,train
1943,1,val
1943,2,train
1943,3,train
1943,4,train
1944,0,train
1944,1,train
1944,2,val
1944,3,train
1944,4,train
1945,0,train
1945,1,train
1945,2,train
1945,3,val
1945,4,train
1946,0,train
1946,1,train
1946,2,train
1946,3,val
1946,4,train
1947,0,train
1947,1,train
1947,2,train
1947,3,train
1947,4,val
1948,0,train
1948,1,train
1948,2,train
1948,3,val
1948,4,train
1949,0,train
1949,1,val
1949,2,train
1949,3,train
1949,4,train
194,0,train
194,1,val
194,2,train
194,3,train
194,4,train
1950,0,val
1950,1,train
1950,2,train
1950,3,train
1950,4,train
1951,0,train
1951,1,train
1951,2,val
1951,3,train
1951,4,train
1952,0,train
1952,1,train
1952,2,train
1952,3,val
1952,4,train
1953,0,train
1953,1,train
1953,2,train
1953,3,train
1953,4,val
1954,0,val
1954,1,train
1954,2,train
1954,3,train
1954,4,train
1955,0,train
1955,1,train
1955,2,train
1955,3,val
1955,4,train
1956,0,train
1956,1,train
1956,2,val
1956,3,train
1956,4,train
1957,0,train
1957,1,train
1957,2,train
1957,3,train
1957,4,val
1958,0,train
1958,1,train
1958,2,train
1958,3,val
1958,4,train
1959,0,train
1959,1,val
1959,2,train
1959,3,train
1959,4,train
195,0,train
195,1,train
195,2,train
195,3,train
195,4,val
1960,0,val
1960,1,train
1960,2,train
1960,3,train
1960,4,train
1961,0,val
1961,1,train
1961,2,train
1961,3,train
1961,4,train
1962,0,train
1962,1,val
1962,2,train
1962,3,train
1962,4,train
1963,0,train
1963,1,train
1963,2,val
1963,3,train
1963,4,train
1964,0,val
1964,1,train
1964,2,train
1964,3,train
1964,4,train
1965,0,val
1965,1,train
1965,2,train
1965,3,train
1965,4,train
1966,0,train
1966,1,val
1966,2,train
1966,3,train
1966,4,train
1967,0,train
1967,1,train
1967,2,val
1967,3,train
1967,4,train
1968,0,train
1968,1,val
1968,2,train
1968,3,train
1968,4,train
1969,0,train
1969,1,val
1969,2,train
1969,3,train
1969,4,train
196,0,train
196,1,train
196,2,val
196,3,train
196,4,train
1970,0,train
1970,1,train
1970,2,val
1970,3,train
1970,4,train
1971,0,val
1971,1,train
1971,2,train
1971,3,train
1971,4,train
1972,0,val
1972,1,train
1972,2,train
1972,3,train
1972,4,train
1973,0,train
1973,1,train
1973,2,train
1973,3,train
1973,4,val
1974,0,train
1974,1,train
1974,2,val
1974,3,train
1974,4,train
1975,0,train
1975,1,val
1975,2,train
1975,3,train
1975,4,train
1976,0,val
1976,1,train
1976,2,train
1976,3,train
1976,4,train
1977,0,train
1977,1,train
1977,2,train
1977,3,val
1977,4,train
1978,0,train
1978,1,val
1978,2,train
1978,3,train
1978,4,train
1979,0,train
1979,1,val
1979,2,train
1979,3,train
1979,4,train
197,0,train
197,1,train
197,2,val
197,3,train
197,4,train
1980,0,train
1980,1,train
1980,2,val
1980,3,train
1980,4,train
1981,0,train
1981,1,val
1981,2,train
1981,3,train
1981,4,train
1982,0,train
1982,1,train
1982,2,train
1982,3,train
1982,4,val
1983,0,train
1983,1,val
1983,2,train
1983,3,train
1983,4,train
1984,0,train
1984,1,train
1984,2,train
1984,3,val
1984,4,train
1985,0,train
1985,1,train
1985,2,train
1985,3,train
1985,4,val
1986,0,train
1986,1,val
1986,2,train
1986,3,train
1986,4,train
1987,0,val
1987,1,train
1987,2,train
1987,3,train
1987,4,train
1988,0,train
1988,1,train
1988,2,train
1988,3,val
1988,4,train
1989,0,train
1989,1,val
1989,2,train
1989,3,train
1989,4,train
198,0,train
198,1,val
198,2,train
198,3,train
198,4,train
1990,0,train
1990,1,val
1990,2,train
1990,3,train
1990,4,train
1991,0,train
1991,1,train
1991,2,train
1991,3,train
1991,4,val
1992,0,train
1992,1,train
1992,2,val
1992,3,train
1992,4,train
1993,0,train
1993,1,train
1993,2,val
1993,3,train
1993,4,train
1994,0,train
1994,1,train
1994,2,val
1994,3,train
1994,4,train
1995,0,train
1995,1,train
1995,2,train
1995,3,val
1995,4,train
1996,0,train
1996,1,train
1996,2,val
1996,3,train
1996,4,train
1997,0,train
1997,1,train
1997,2,train
1997,3,val
1997,4,train
1998,0,train
1998,1,train
1998,2,train
1998,3,val
1998,4,train
1999,0,train
1999,1,train
1999,2,val
1999,3,train
1999,4,train
199,0,train
199,1,train
199,2,train
199,3,train
199,4,val
19,0,train
19,1,val
19,2,train
19,3,train
19,4,train
1,0,train
1,1,val
1,2,train
1,3,train
1,4,train
2000,0,train
2000,1,train
2000,2,train
2000,3,val
2000,4,train
2001,0,train
2001,1,train
2001,2,val
2001,3,train
2001,4,train
2002,0,train
2002,1,train
2002,2,val
2002,3,train
2002,4,train
2003,0,val
2003,1,train
2003,2,train
2003,3,train
2003,4,train
2004,0,train
2004,1,train
2004,2,train
2004,3,val
2004,4,train
2005,0,train
2005,1,train
2005,2,train
2005,3,val
2005,4,train
2006,0,train
2006,1,train
2006,2,train
2006,3,val
2006,4,train
2007,0,train
2007,1,val
2007,2,train
2007,3,train
2007,4,train
2008,0,train
2008,1,train
2008,2,train
2008,3,val
2008,4,train
2009,0,train
2009,1,train
2009,2,train
2009,3,train
2009,4,val
200,0,train
200,1,train
200,2,val
200,3,train
200,4,train
2010,0,val
2010,1,train
2010,2,train
2010,3,train
2010,4,train
2011,0,train
2011,1,train
2011,2,val
2011,3,train
2011,4,train
2012,0,train
2012,1,train
2012,2,train
2012,3,train
2012,4,val
2013,0,train
2013,1,val
2013,2,train
2013,3,train
2013,4,train
2014,0,train
2014,1,val
2014,2,train
2014,3,train
2014,4,train
2015,0,train
2015,1,train
2015,2,val
2015,3,train
2015,4,train
2016,0,train
2016,1,train
2016,2,val
2016,3,train
2016,4,train
2017,0,train
2017,1,train
2017,2,val
2017,3,train
2017,4,train
2018,0,val
2018,1,train
2018,2,train
2018,3,train
2018,4,train
2019,0,val
2019,1,train
2019,2,train
2019,3,train
2019,4,train
201,0,train
201,1,train
201,2,val
201,3,train
201,4,train
2020,0,train
2020,1,train
2020,2,train
2020,3,val
2020,4,train
2021,0,train
2021,1,val
2021,2,train
2021,3,train
2021,4,train
2022,0,train
2022,1,train
2022,2,val
2022,3,train
2022,4,train
2023,0,train
2023,1,train
2023,2,train
2023,3,val
2023,4,train
2024,0,train
2024,1,val
2024,2,train
2024,3,train
2024,4,train
2025,0,train
2025,1,train
2025,2,val
2025,3,train
2025,4,train
2026,0,train
2026,1,train
2026,2,train
2026,3,val
2026,4,train
2027,0,train
2027,1,train
2027,2,train
2027,3,train
2027,4,val
2028,0,train
2028,1,val
2028,2,train
2028,3,train
2028,4,train
2029,0,train
2029,1,train
2029,2,val
2029,3,train
2029,4,train
202,0,val
202,1,train
202,2,train
202,3,train
202,4,train
2030,0,val
2030,1,train
2030,2,train
2030,3,train
2030,4,train
2031,0,train
2031,1,train
2031,2,val
2031,3,train
2031,4,train
2032,0,val
2032,1,train
2032,2,train
2032,3,train
2032,4,train
2033,0,val
2033,1,train
2033,2,train
2033,3,train
2033,4,train
2034,0,train
2034,1,train
2034,2,train
2034,3,train
2034,4,val
2035,0,val
2035,1,train
2035,2,train
2035,3,train
2035,4,train
2036,0,train
2036,1,val
2036,2,train
2036,3,train
2036,4,train
2037,0,train
2037,1,train
2037,2,val
2037,3,train
2037,4,train
2038,0,train
2038,1,train
2038,2,train
2038,3,val
2038,4,train
2039,0,train
2039,1,train
2039,2,val
2039,3,train
2039,4,train
203,0,train
203,1,train
203,2,train
203,3,train
203,4,val
2040,0,train
2040,1,train
2040,2,train
2040,3,val
2040,4,train
2041,0,train
2041,1,train
2041,2,train
2041,3,train
2041,4,val
2042,0,val
2042,1,train
2042,2,train
2042,3,train
2042,4,train
2043,0,train
2043,1,val
2043,2,train
2043,3,train
2043,4,train
2044,0,train
2044,1,val
2044,2,train
2044,3,train
2044,4,train
2045,0,val
2045,1,train
2045,2,train
2045,3,train
2045,4,train
2046,0,train
2046,1,train
2046,2,train
2046,3,train
2046,4,val
2047,0,train
2047,1,train
2047,2,train
2047,3,val
2047,4,train
2048,0,train
2048,1,val
2048,2,train
2048,3,train
2048,4,train
2049,0,train
2049,1,train
2049,2,train
2049,3,train
2049,4,val
204,0,train
204,1,train
204,2,val
204,3,train
204,4,train
2050,0,train
2050,1,train
2050,2,val
2050,3,train
2050,4,train
2051,0,train
2051,1,train
2051,2,train
2051,3,val
2051,4,train
2052,0,val
2052,1,train
2052,2,train
2052,3,train
2052,4,train
2053,0,train
2053,1,train
2053,2,train
2053,3,train
2053,4,val
2054,0,val
2054,1,train
2054,2,train
2054,3,train
2054,4,train
2055,0,val
2055,1,train
2055,2,train
2055,3,train
2055,4,train
2056,0,train
2056,1,train
2056,2,train
2056,3,train
2056,4,val
2057,0,val
2057,1,train
2057,2,train
2057,3,train
2057,4,train
2058,0,train
2058,1,train
2058,2,val
2058,3,train
2058,4,train
2059,0,train
2059,1,train
2059,2,train
2059,3,train
2059,4,val
205,0,train
205,1,train
205,2,train
205,3,train
205,4,val
2060,0,train
2060,1,train
2060,2,train
2060,3,val
2060,4,train
2061,0,train
2061,1,train
2061,2,train
2061,3,val
2061,4,train
2062,0,val
2062,1,train
2062,2,train
2062,3,train
2062,4,train
2063,0,train
2063,1,train
2063,2,val
2063,3,train
2063,4,train
2064,0,val
2064,1,train
2064,2,train
2064,3,train
2064,4,train
2065,0,train
2065,1,train
2065,2,train
2065,3,train
2065,4,val
2066,0,train
2066,1,train
2066,2,train
2066,3,val
2066,4,train
2067,0,train
2067,1,val
2067,2,train
2067,3,train
2067,4,train
2068,0,train
2068,1,train
2068,2,train
2068,3,val
2068,4,train
2069,0,train
2069,1,val
2069,2,train
2069,3,train
2069,4,train
206,0,val
206,1,train
206,2,train
206,3,train
206,4,train
2070,0,train
2070,1,train
2070,2,val
2070,3,train
2070,4,train
2071,0,train
2071,1,train
2071,2,train
2071,3,val
2071,4,train
2072,0,train
2072,1,val
2072,2,train
2072,3,train
2072,4,train
2073,0,train
2073,1,train
2073,2,val
2073,3,train
2073,4,train
2074,0,train
2074,1,train
2074,2,train
2074,3,train
2074,4,val
2075,0,train
2075,1,train
2075,2,train
2075,3,val
2075,4,train
2076,0,val
2076,1,train
2076,2,train
2076,3,train
2076,4,train
2077,0,train
2077,1,val
2077,2,train
2077,3,train
2077,4,train
2078,0,val
2078,1,train
2078,2,train
2078,3,train
2078,4,train
2079,0,train
2079,1,train
2079,2,train
2079,3,train
2079,4,val
207,0,train
207,1,train
207,2,train
207,3,val
207,4,train
2080,0,train
2080,1,train
2080,2,val
2080,3,train
2080,4,train
2081,0,train
2081,1,train
2081,2,train
2081,3,val
2081,4,train
2082,0,train
2082,1,train
2082,2,train
2082,3,val
2082,4,train
2083,0,val
2083,1,train
2083,2,train
2083,3,train
2083,4,train
2084,0,train
2084,1,val
2084,2,train
2084,3,train
2084,4,train
2085,0,train
2085,1,train
2085,2,train
2085,3,train
2085,4,val
2086,0,train
2086,1,train
2086,2,val
2086,3,train
2086,4,train
2087,0,train
2087,1,train
2087,2,train
2087,3,val
2087,4,train
2088,0,val
2088,1,train
2088,2,train
2088,3,train
2088,4,train
2089,0,train
2089,1,train
2089,2,train
2089,3,val
2089,4,train
208,0,val
208,1,train
208,2,train
208,3,train
208,4,train
2090,0,val
2090,1,train
2090,2,train
2090,3,train
2090,4,train
2091,0,train
2091,1,train
2091,2,train
2091,3,val
2091,4,train
2092,0,train
2092,1,val
2092,2,train
2092,3,train
2092,4,train
2093,0,train
2093,1,train
2093,2,val
2093,3,train
2093,4,train
2094,0,train
2094,1,train
2094,2,train
2094,3,val
2094,4,train
2095,0,val
2095,1,train
2095,2,train
2095,3,train
2095,4,train
2096,0,train
2096,1,train
2096,2,train
2096,3,val
2096,4,train
2097,0,train
2097,1,train
2097,2,val
2097,3,train
2097,4,train
2098,0,train
2098,1,train
2098,2,val
2098,3,train
2098,4,train
2099,0,train
2099,1,train
2099,2,train
2099,3,train
2099,4,val
209,0,train
209,1,train
209,2,train
209,3,train
209,4,val
20,0,train
20,1,train
20,2,train
20,3,val
20,4,train
2100,0,train
2100,1,train
2100,2,train
2100,3,train
2100,4,val
2101,0,train
2101,1,train
2101,2,val
2101,3,train
2101,4,train
2102,0,train
2102,1,train
2102,2,train
2102,3,train
2102,4,val
2103,0,train
2103,1,train
2103,2,train
2103,3,val
2103,4,train
2104,0,train
2104,1,val
2104,2,train
2104,3,train
2104,4,train
2105,0,train
2105,1,train
2105,2,val
2105,3,train
2105,4,train
2106,0,train
2106,1,train
2106,2,train
2106,3,val
2106,4,train
2107,0,train
2107,1,train
2107,2,train
2107,3,val
2107,4,train
2108,0,val
2108,1,train
2108,2,train
2108,3,train
2108,4,train
2109,0,train
2109,1,val
2109,2,train
2109,3,train
2109,4,train
210,0,train
210,1,train
210,2,train
210,3,train
210,4,val
2110,0,val
2110,1,train
2110,2,train
2110,3,train
2110,4,train
2111,0,train
2111,1,train
2111,2,train
2111,3,val
2111,4,train
2112,0,train
2112,1,train
2112,2,train
2112,3,train
2112,4,val
2113,0,train
2113,1,train
2113,2,train
2113,3,val
2113,4,train
2114,0,train
2114,1,train
2114,2,train
2114,3,val
2114,4,train
2115,0,train
2115,1,val
2115,2,train
2115,3,train
2115,4,train
2116,0,val
2116,1,train
2116,2,train
2116,3,train
2116,4,train
2117,0,train
2117,1,val
2117,2,train
2117,3,train
2117,4,train
2118,0,train
2118,1,train
2118,2,val
2118,3,train
2118,4,train
2119,0,val
2119,1,train
2119,2,train
2119,3,train
2119,4,train
211,0,train
211,1,train
211,2,val
211,3,train
211,4,train
2120,0,train
2120,1,train
2120,2,val
2120,3,train
2120,4,train
2121,0,train
2121,1,train
2121,2,train
2121,3,val
2121,4,train
2122,0,train
2122,1,val
2122,2,train
2122,3,train
2122,4,train
2123,0,train
2123,1,train
2123,2,train
2123,3,val
2123,4,train
2124,0,train
2124,1,train
2124,2,val
2124,3,train
2124,4,train
2125,0,val
2125,1,train
2125,2,train
2125,3,train
2125,4,train
2126,0,val
2126,1,train
2126,2,train
2126,3,train
2126,4,train
2127,0,train
2127,1,train
2127,2,val
2127,3,train
2127,4,train
2128,0,train
2128,1,train
2128,2,train
2128,3,train
2128,4,val
2129,0,val
2129,1,train
2129,2,train
2129,3,train
2129,4,train
212,0,train
212,1,train
212,2,train
212,3,val
212,4,train
2130,0,train
2130,1,train
2130,2,val
2130,3,train
2130,4,train
2131,0,train
2131,1,val
2131,2,train
2131,3,train
2131,4,train
2132,0,val
2132,1,train
2132,2,train
2132,3,train
2132,4,train
2133,0,val
2133,1,train
2133,2,train
2133,3,train
2133,4,train
2134,0,train
2134,1,train
2134,2,train
2134,3,train
2134,4,val
2135,0,train
2135,1,train
2135,2,train
2135,3,train
2135,4,val
2136,0,train
2136,1,train
2136,2,train
2136,3,train
2136,4,val
2137,0,train
2137,1,train
2137,2,train
2137,3,train
2137,4,val
2138,0,train
2138,1,train
2138,2,train
2138,3,train
2138,4,val
2139,0,train
2139,1,train
2139,2,val
2139,3,train
2139,4,train
213,0,val
213,1,train
213,2,train
213,3,train
213,4,train
2140,0,train
2140,1,train
2140,2,val
2140,3,train
2140,4,train
2141,0,train
2141,1,train
2141,2,train
2141,3,val
2141,4,train
2142,0,val
2142,1,train
2142,2,train
2142,3,train
2142,4,train
2143,0,train
2143,1,train
2143,2,train
2143,3,val
2143,4,train
2144,0,train
2144,1,train
2144,2,val
2144,3,train
2144,4,train
2145,0,train
2145,1,train
2145,2,train
2145,3,train
2145,4,val
2146,0,train
2146,1,val
2146,2,train
2146,3,train
2146,4,train
2147,0,train
2147,1,train
2147,2,val
2147,3,train
2147,4,train
2148,0,train
2148,1,train
2148,2,train
2148,3,val
2148,4,train
2149,0,train
2149,1,train
2149,2,train
2149,3,train
2149,4,val
214,0,val
214,1,train
214,2,train
214,3,train
214,4,train
2150,0,val
2150,1,train
2150,2,train
2150,3,train
2150,4,train
2151,0,train
2151,1,train
2151,2,val
2151,3,train
2151,4,train
2152,0,val
2152,1,train
2152,2,train
2152,3,train
2152,4,train
2153,0,train
2153,1,train
2153,2,train
2153,3,train
2153,4,val
2154,0,train
2154,1,val
2154,2,train
2154,3,train
2154,4,train
2155,0,train
2155,1,train
2155,2,train
2155,3,train
2155,4,val
2156,0,train
2156,1,val
2156,2,train
2156,3,train
2156,4,train
2157,0,val
2157,1,train
2157,2,train
2157,3,train
2157,4,train
2158,0,train
2158,1,train
2158,2,train
2158,3,train
2158,4,val
2159,0,train
2159,1,train
2159,2,val
2159,3,train
2159,4,train
215,0,train
215,1,val
215,2,train
215,3,train
215,4,train
2160,0,train
2160,1,train
2160,2,train
2160,3,train
2160,4,val
2161,0,train
2161,1,train
2161,2,val
2161,3,train
2161,4,train
2162,0,train
2162,1,val
2162,2,train
2162,3,train
2162,4,train
2163,0,train
2163,1,val
2163,2,train
2163,3,train
2163,4,train
2164,0,train
2164,1,train
2164,2,train
2164,3,val
2164,4,train
2165,0,train
2165,1,train
2165,2,val
2165,3,train
2165,4,train
2166,0,val
2166,1,train
2166,2,train
2166,3,train
2166,4,train
2167,0,train
2167,1,train
2167,2,train
2167,3,train
2167,4,val
2168,0,val
2168,1,train
2168,2,train
2168,3,train
2168,4,train
2169,0,val
2169,1,train
2169,2,train
2169,3,train
2169,4,train
216,0,train
216,1,train
216,2,train
216,3,val
216,4,train
2170,0,train
2170,1,train
2170,2,val
2170,3,train
2170,4,train
2171,0,train
2171,1,train
2171,2,train
2171,3,train
2171,4,val
2172,0,train
2172,1,val
2172,2,train
2172,3,train
2172,4,train
2173,0,train
2173,1,train
2173,2,train
2173,3,val
2173,4,train
2174,0,train
2174,1,val
2174,2,train
2174,3,train
2174,4,train
2175,0,train
2175,1,val
2175,2,train
2175,3,train
2175,4,train
2176,0,val
2176,1,train
2176,2,train
2176,3,train
2176,4,train
2177,0,train
2177,1,train
2177,2,train
2177,3,train
2177,4,val
2178,0,train
2178,1,train
2178,2,train
2178,3,train
2178,4,val
2179,0,train
2179,1,train
2179,2,train
2179,3,val
2179,4,train
217,0,val
217,1,train
217,2,train
217,3,train
217,4,train
2180,0,train
2180,1,train
2180,2,train
2180,3,train
2180,4,val
2181,0,val
2181,1,train
2181,2,train
2181,3,train
2181,4,train
2182,0,train
2182,1,val
2182,2,train
2182,3,train
2182,4,train
2183,0,val
2183,1,train
2183,2,train
2183,3,train
2183,4,train
2184,0,train
2184,1,train
2184,2,train
2184,3,val
2184,4,train
2185,0,train
2185,1,train
2185,2,train
2185,3,train
2185,4,val
2186,0,val
2186,1,train
2186,2,train
2186,3,train
2186,4,train
2187,0,train
2187,1,val
2187,2,train
2187,3,train
2187,4,train
2188,0,train
2188,1,train
2188,2,train
2188,3,train
2188,4,val
2189,0,train
2189,1,train
2189,2,train
2189,3,train
2189,4,val
218,0,train
218,1,train
218,2,train
218,3,val
218,4,train
2190,0,train
2190,1,train
2190,2,train
2190,3,val
2190,4,train
2191,0,train
2191,1,train
2191,2,train
2191,3,val
2191,4,train
2192,0,train
2192,1,train
2192,2,val
2192,3,train
2192,4,train
2193,0,train
2193,1,train
2193,2,train
2193,3,val
2193,4,train
2194,0,train
2194,1,train
2194,2,train
2194,3,val
2194,4,train
2195,0,train
2195,1,val
2195,2,train
2195,3,train
2195,4,train
2196,0,train
2196,1,train
2196,2,train
2196,3,train
2196,4,val
2197,0,train
2197,1,train
2197,2,val
2197,3,train
2197,4,train
2198,0,train
2198,1,train
2198,2,val
2198,3,train
2198,4,train
2199,0,train
2199,1,train
2199,2,train
2199,3,val
2199,4,train
219,0,train
219,1,train
219,2,train
219,3,train
219,4,val
21,0,train
21,1,val
21,2,train
21,3,train
21,4,train
2200,0,train
2200,1,train
2200,2,train
2200,3,val
2200,4,train
2201,0,train
2201,1,train
2201,2,train
2201,3,val
2201,4,train
2202,0,val
2202,1,train
2202,2,train
2202,3,train
2202,4,train
2203,0,train
2203,1,val
2203,2,train
2203,3,train
2203,4,train
2204,0,train
2204,1,train
2204,2,val
2204,3,train
2204,4,train
2205,0,train
2205,1,train
2205,2,train
2205,3,val
2205,4,train
2206,0,val
2206,1,train
2206,2,train
2206,3,train
2206,4,train
2207,0,train
2207,1,train
2207,2,val
2207,3,train
2207,4,train
2208,0,val
2208,1,train
2208,2,train
2208,3,train
2208,4,train
2209,0,val
2209,1,train
2209,2,train
2209,3,train
2209,4,train
220,0,train
220,1,train
220,2,val
220,3,train
220,4,train
2210,0,train
2210,1,train
2210,2,train
2210,3,train
2210,4,val
2211,0,train
2211,1,train
2211,2,train
2211,3,train
2211,4,val
2212,0,train
2212,1,val
2212,2,train
2212,3,train
2212,4,train
2213,0,train
2213,1,train
2213,2,train
2213,3,val
2213,4,train
2214,0,train
2214,1,train
2214,2,train
2214,3,val
2214,4,train
2215,0,train
2215,1,train
2215,2,train
2215,3,train
2215,4,val
2216,0,train
2216,1,train
2216,2,train
2216,3,train
2216,4,val
2217,0,train
2217,1,train
2217,2,val
2217,3,train
2217,4,train
2218,0,train
2218,1,val
2218,2,train
2218,3,train
2218,4,train
2219,0,train
2219,1,train
2219,2,train
2219,3,val
2219,4,train
221,0,train
221,1,train
221,2,train
221,3,train
221,4,val
2220,0,train
2220,1,train
2220,2,train
2220,3,train
2220,4,val
2221,0,train
2221,1,train
2221,2,val
2221,3,train
2221,4,train
2222,0,train
2222,1,train
2222,2,train
2222,3,train
2222,4,val
2223,0,train
2223,1,val
2223,2,train
2223,3,train
2223,4,train
2224,0,train
2224,1,train
2224,2,train
2224,3,val
2224,4,train
2225,0,val
2225,1,train
2225,2,train
2225,3,train
2225,4,train
2226,0,train
2226,1,train
2226,2,val
2226,3,train
2226,4,train
2227,0,train
2227,1,train
2227,2,val
2227,3,train
2227,4,train
2228,0,train
2228,1,train
2228,2,val
2228,3,train
2228,4,train
2229,0,val
2229,1,train
2229,2,train
2229,3,train
2229,4,train
222,0,train
222,1,train
222,2,train
222,3,val
222,4,train
2230,0,train
2230,1,train
2230,2,val
2230,3,train
2230,4,train
2231,0,train
2231,1,val
2231,2,train
2231,3,train
2231,4,train
2232,0,train
2232,1,train
2232,2,train
2232,3,val
2232,4,train
2233,0,train
2233,1,train
2233,2,train
2233,3,train
2233,4,val
2234,0,train
2234,1,train
2234,2,train
2234,3,val
2234,4,train
2235,0,train
2235,1,train
2235,2,train
2235,3,train
2235,4,val
2236,0,train
2236,1,train
2236,2,train
2236,3,train
2236,4,val
2237,0,train
2237,1,train
2237,2,train
2237,3,train
2237,4,val
2238,0,val
2238,1,train
2238,2,train
2238,3,train
2238,4,train
2239,0,train
2239,1,train
2239,2,train
2239,3,train
2239,4,val
223,0,val
223,1,train
223,2,train
223,3,train
223,4,train
2240,0,val
2240,1,train
2240,2,train
2240,3,train
2240,4,train
2241,0,train
2241,1,train
2241,2,train
2241,3,train
2241,4,val
2242,0,train
2242,1,train
2242,2,val
2242,3,train
2242,4,train
2243,0,val
2243,1,train
2243,2,train
2243,3,train
2243,4,train
2244,0,train
2244,1,train
2244,2,train
2244,3,val
2244,4,train
2245,0,train
2245,1,train
2245,2,train
2245,3,train
2245,4,val
2246,0,train
2246,1,train
2246,2,train
2246,3,train
2246,4,val
2247,0,train
2247,1,train
2247,2,train
2247,3,train
2247,4,val
2248,0,train
2248,1,val
2248,2,train
2248,3,train
2248,4,train
2249,0,train
2249,1,train
2249,2,train
2249,3,train
2249,4,val
224,0,train
224,1,val
224,2,train
224,3,train
224,4,train
2250,0,val
2250,1,train
2250,2,train
2250,3,train
2250,4,train
2251,0,train
2251,1,val
2251,2,train
2251,3,train
2251,4,train
2252,0,val
2252,1,train
2252,2,train
2252,3,train
2252,4,train
2253,0,val
2253,1,train
2253,2,train
2253,3,train
2253,4,train
2254,0,train
2254,1,train
2254,2,train
2254,3,train
2254,4,val
2255,0,val
2255,1,train
2255,2,train
2255,3,train
2255,4,train
2256,0,train
2256,1,train
2256,2,val
2256,3,train
2256,4,train
2257,0,train
2257,1,train
2257,2,val
2257,3,train
2257,4,train
2258,0,train
2258,1,val
2258,2,train
2258,3,train
2258,4,train
2259,0,train
2259,1,val
2259,2,train
2259,3,train
2259,4,train
225,0,train
225,1,train
225,2,val
225,3,train
225,4,train
2260,0,val
2260,1,train
2260,2,train
2260,3,train
2260,4,train
2261,0,train
2261,1,train
2261,2,train
2261,3,train
2261,4,val
2262,0,train
2262,1,train
2262,2,val
2262,3,train
2262,4,train
2263,0,train
2263,1,val
2263,2,train
2263,3,train
2263,4,train
2264,0,train
2264,1,train
2264,2,train
2264,3,train
2264,4,val
2265,0,train
2265,1,train
2265,2,val
2265,3,train
2265,4,train
2266,0,train
2266,1,train
2266,2,train
2266,3,val
2266,4,train
2267,0,train
2267,1,train
2267,2,train
2267,3,val
2267,4,train
2268,0,train
2268,1,train
2268,2,train
2268,3,train
2268,4,val
2269,0,val
2269,1,train
2269,2,train
2269,3,train
2269,4,train
226,0,train
226,1,train
226,2,val
226,3,train
226,4,train
2270,0,train
2270,1,val
2270,2,train
2270,3,train
2270,4,train
2271,0,val
2271,1,train
2271,2,train
2271,3,train
2271,4,train
2272,0,train
2272,1,val
2272,2,train
2272,3,train
2272,4,train
2273,0,val
2273,1,train
2273,2,train
2273,3,train
2273,4,train
2274,0,val
2274,1,train
2274,2,train
2274,3,train
2274,4,train
2275,0,train
2275,1,val
2275,2,train
2275,3,train
2275,4,train
2276,0,train
2276,1,train
2276,2,val
2276,3,train
2276,4,train
2277,0,val
2277,1,train
2277,2,train
2277,3,train
2277,4,train
2278,0,train
2278,1,train
2278,2,train
2278,3,val
2278,4,train
2279,0,train
2279,1,val
2279,2,train
2279,3,train
2279,4,train
227,0,val
227,1,train
227,2,train
227,3,train
227,4,train
2280,0,train
2280,1,val
2280,2,train
2280,3,train
2280,4,train
2281,0,train
2281,1,val
2281,2,train
2281,3,train
2281,4,train
2282,0,train
2282,1,train
2282,2,train
2282,3,train
2282,4,val
2283,0,train
2283,1,val
2283,2,train
2283,3,train
2283,4,train
2284,0,train
2284,1,train
2284,2,train
2284,3,train
2284,4,val
2285,0,train
2285,1,train
2285,2,train
2285,3,train
2285,4,val
2286,0,train
2286,1,train
2286,2,train
2286,3,train
2286,4,val
2287,0,val
2287,1,train
2287,2,train
2287,3,train
2287,4,train
2288,0,train
2288,1,train
2288,2,val
2288,3,train
2288,4,train
2289,0,train
2289,1,train
2289,2,train
2289,3,train
2289,4,val
228,0,train
228,1,train
228,2,train
228,3,train
228,4,val
2290,0,train
2290,1,val
2290,2,train
2290,3,train
2290,4,train
2291,0,train
2291,1,train
2291,2,train
2291,3,train
2291,4,val
2292,0,train
2292,1,train
2292,2,val
2292,3,train
2292,4,train
2293,0,train
2293,1,train
2293,2,val
2293,3,train
2293,4,train
2294,0,train
2294,1,train
2294,2,val
2294,3,train
2294,4,train
2295,0,train
2295,1,train
2295,2,train
2295,3,train
2295,4,val
2296,0,train
2296,1,train
2296,2,train
2296,3,train
2296,4,val
2297,0,train
2297,1,val
2297,2,train
2297,3,train
2297,4,train
2298,0,train
2298,1,train
2298,2,val
2298,3,train
2298,4,train
2299,0,val
2299,1,train
2299,2,train
2299,3,train
2299,4,train
229,0,train
229,1,train
229,2,train
229,3,train
229,4,val
22,0,val
22,1,train
22,2,train
22,3,train
22,4,train
2300,0,train
2300,1,train
2300,2,train
2300,3,train
2300,4,val
2301,0,val
2301,1,train
2301,2,train
2301,3,train
2301,4,train
2302,0,train
2302,1,train
2302,2,train
2302,3,val
2302,4,train
2303,0,train
2303,1,train
2303,2,train
2303,3,train
2303,4,val
2304,0,val
2304,1,train
2304,2,train
2304,3,train
2304,4,train
2305,0,train
2305,1,train
2305,2,train
2305,3,train
2305,4,val
2306,0,val
2306,1,train
2306,2,train
2306,3,train
2306,4,train
2307,0,train
2307,1,val
2307,2,train
2307,3,train
2307,4,train
2308,0,train
2308,1,train
2308,2,train
2308,3,train
2308,4,val
2309,0,train
2309,1,val
2309,2,train
2309,3,train
2309,4,train
230,0,train
230,1,val
230,2,train
230,3,train
230,4,train
2310,0,val
2310,1,train
2310,2,train
2310,3,train
2310,4,train
2311,0,train
2311,1,val
2311,2,train
2311,3,train
2311,4,train
2312,0,train
2312,1,train
2312,2,val
2312,3,train
2312,4,train
2313,0,train
2313,1,train
2313,2,train
2313,3,val
2313,4,train
2314,0,train
2314,1,val
2314,2,train
2314,3,train
2314,4,train
2315,0,val
2315,1,train
2315,2,train
2315,3,train
2315,4,train
2316,0,train
2316,1,val
2316,2,train
2316,3,train
2316,4,train
2317,0,train
2317,1,train
2317,2,train
2317,3,train
2317,4,val
2318,0,train
2318,1,train
2318,2,train
2318,3,train
2318,4,val
2319,0,val
2319,1,train
2319,2,train
2319,3,train
2319,4,train
231,0,train
231,1,val
231,2,train
231,3,train
231,4,train
2320,0,train
2320,1,train
2320,2,train
2320,3,val
2320,4,train
2321,0,train
2321,1,train
2321,2,train
2321,3,train
2321,4,val
2322,0,train
2322,1,train
2322,2,val
2322,3,train
2322,4,train
2323,0,train
2323,1,train
2323,2,train
2323,3,val
2323,4,train
2324,0,val
2324,1,train
2324,2,train
2324,3,train
2324,4,train
2325,0,train
2325,1,train
2325,2,train
2325,3,train
2325,4,val
2326,0,train
2326,1,train
2326,2,train
2326,3,train
2326,4,val
2327,0,train
2327,1,train
2327,2,val
2327,3,train
2327,4,train
2328,0,train
2328,1,train
2328,2,val
2328,3,train
2328,4,train
2329,0,train
2329,1,train
2329,2,val
2329,3,train
2329,4,train
232,0,train
232,1,train
232,2,train
232,3,val
232,4,train
2330,0,val
2330,1,train
2330,2,train
2330,3,train
2330,4,train
2331,0,train
2331,1,train
2331,2,train
2331,3,train
2331,4,val
2332,0,train
2332,1,train
2332,2,train
2332,3,train
2332,4,val
2333,0,train
2333,1,val
2333,2,train
2333,3,train
2333,4,train
2334,0,train
2334,1,val
2334,2,train
2334,3,train
2334,4,train
2335,0,train
2335,1,train
2335,2,train
2335,3,train
2335,4,val
2336,0,train
2336,1,train
2336,2,val
2336,3,train
2336,4,train
2337,0,train
2337,1,train
2337,2,train
2337,3,val
2337,4,train
2338,0,train
2338,1,train
2338,2,train
2338,3,val
2338,4,train
2339,0,val
2339,1,train
2339,2,train
2339,3,train
2339,4,train
233,0,train
233,1,val
233,2,train
233,3,train
233,4,train
2340,0,train
2340,1,train
2340,2,train
2340,3,train
2340,4,val
2341,0,train
2341,1,train
2341,2,train
2341,3,train
2341,4,val
2342,0,train
2342,1,val
2342,2,train
2342,3,train
2342,4,train
2343,0,val
2343,1,train
2343,2,train
2343,3,train
2343,4,train
2344,0,val
2344,1,train
2344,2,train
2344,3,train
2344,4,train
2345,0,train
2345,1,val
2345,2,train
2345,3,train
2345,4,train
2346,0,val
2346,1,train
2346,2,train
2346,3,train
2346,4,train
2347,0,train
2347,1,train
2347,2,val
2347,3,train
2347,4,train
2348,0,train
2348,1,train
2348,2,train
2348,3,val
2348,4,train
2349,0,train
2349,1,train
2349,2,val
2349,3,train
2349,4,train
234,0,train
234,1,train
234,2,val
234,3,train
234,4,train
2350,0,train
2350,1,train
2350,2,val
2350,3,train
2350,4,train
2351,0,train
2351,1,train
2351,2,train
2351,3,train
2351,4,val
2352,0,train
2352,1,train
2352,2,val
2352,3,train
2352,4,train
2353,0,train
2353,1,train
2353,2,val
2353,3,train
2353,4,train
2354,0,train
2354,1,val
2354,2,train
2354,3,train
2354,4,train
2355,0,train
2355,1,train
2355,2,train
2355,3,train
2355,4,val
2356,0,val
2356,1,train
2356,2,train
2356,3,train
2356,4,train
2357,0,train
2357,1,train
2357,2,train
2357,3,val
2357,4,train
2358,0,train
2358,1,train
2358,2,train
2358,3,train
2358,4,val
2359,0,train
2359,1,val
2359,2,train
2359,3,train
2359,4,train
235,0,train
235,1,train
235,2,train
235,3,val
235,4,train
2360,0,train
2360,1,val
2360,2,train
2360,3,train
2360,4,train
2361,0,train
2361,1,train
2361,2,val
2361,3,train
2361,4,train
2362,0,val
2362,1,train
2362,2,train
2362,3,train
2362,4,train
2363,0,train
2363,1,train
2363,2,train
2363,3,val
2363,4,train
2364,0,val
2364,1,train
2364,2,train
2364,3,train
2364,4,train
2365,0,train
2365,1,train
2365,2,train
2365,3,val
2365,4,train
2366,0,train
2366,1,train
2366,2,train
2366,3,val
2366,4,train
2367,0,train
2367,1,train
2367,2,val
2367,3,train
2367,4,train
2368,0,train
2368,1,train
2368,2,train
2368,3,train
2368,4,val
2369,0,train
2369,1,train
2369,2,val
2369,3,train
2369,4,train
236,0,train
236,1,train
236,2,val
236,3,train
236,4,train
2370,0,train
2370,1,val
2370,2,train
2370,3,train
2370,4,train
2371,0,train
2371,1,train
2371,2,train
2371,3,val
2371,4,train
2372,0,train
2372,1,train
2372,2,val
2372,3,train
2372,4,train
2373,0,train
2373,1,val
2373,2,train
2373,3,train
2373,4,train
2374,0,val
2374,1,train
2374,2,train
2374,3,train
2374,4,train
2375,0,train
2375,1,train
2375,2,train
2375,3,train
2375,4,val
2376,0,train
2376,1,train
2376,2,train
2376,3,train
2376,4,val
2377,0,val
2377,1,train
2377,2,train
2377,3,train
2377,4,train
2378,0,train
2378,1,train
2378,2,val
2378,3,train
2378,4,train
2379,0,train
2379,1,val
2379,2,train
2379,3,train
2379,4,train
237,0,train
237,1,train
237,2,train
237,3,train
237,4,val
2380,0,train
2380,1,train
2380,2,train
2380,3,train
2380,4,val
2381,0,train
2381,1,train
2381,2,val
2381,3,train
2381,4,train
2382,0,train
2382,1,train
2382,2,train
2382,3,train
2382,4,val
2383,0,val
2383,1,train
2383,2,train
2383,3,train
2383,4,train
2384,0,train
2384,1,train
2384,2,train
2384,3,val
2384,4,train
2385,0,train
2385,1,train
2385,2,train
2385,3,val
2385,4,train
2386,0,train
2386,1,train
2386,2,train
2386,3,val
2386,4,train
2387,0,train
2387,1,val
2387,2,train
2387,3,train
2387,4,train
2388,0,train
2388,1,val
2388,2,train
2388,3,train
2388,4,train
2389,0,val
2389,1,train
2389,2,train
2389,3,train
2389,4,train
238,0,train
238,1,val
238,2,train
238,3,train
238,4,train
2390,0,train
2390,1,train
2390,2,train
2390,3,train
2390,4,val
2391,0,train
2391,1,train
2391,2,val
2391,3,train
2391,4,train
2392,0,train
2392,1,train
2392,2,train
2392,3,train
2392,4,val
2393,0,val
2393,1,train
2393,2,train
2393,3,train
2393,4,train
2394,0,val
2394,1,train
2394,2,train
2394,3,train
2394,4,train
2395,0,train
2395,1,train
2395,2,train
2395,3,val
2395,4,train
2396,0,train
2396,1,train
2396,2,train
2396,3,train
2396,4,val
2397,0,train
2397,1,train
2397,2,train
2397,3,train
2397,4,val
2398,0,train
2398,1,train
2398,2,train
2398,3,val
2398,4,train
2399,0,val
2399,1,train
2399,2,train
2399,3,train
2399,4,train
239,0,train
239,1,val
239,2,train
239,3,train
239,4,train
23,0,val
23,1,train
23,2,train
23,3,train
23,4,train
2400,0,train
2400,1,val
2400,2,train
2400,3,train
2400,4,train
2401,0,train
2401,1,train
2401,2,train
2401,3,train
2401,4,val
2402,0,train
2402,1,val
2402,2,train
2402,3,train
2402,4,train
2403,0,val
2403,1,train
2403,2,train
2403,3,train
2403,4,train
2404,0,train
2404,1,train
2404,2,train
2404,3,train
2404,4,val
2405,0,val
2405,1,train
2405,2,train
2405,3,train
2405,4,train
2406,0,train
2406,1,train
2406,2,train
2406,3,train
2406,4,val
2407,0,train
2407,1,train
2407,2,train
2407,3,train
2407,4,val
2408,0,val
2408,1,train
2408,2,train
2408,3,train
2408,4,train
2409,0,train
2409,1,train
2409,2,train
2409,3,val
2409,4,train
240,0,train
240,1,train
240,2,train
240,3,train
240,4,val
2410,0,val
2410,1,train
2410,2,train
2410,3,train
2410,4,train
2411,0,train
2411,1,train
2411,2,val
2411,3,train
2411,4,train
2412,0,train
2412,1,train
2412,2,train
2412,3,val
2412,4,train
2413,0,val
2413,1,train
2413,2,train
2413,3,train
2413,4,train
2414,0,train
2414,1,val
2414,2,train
2414,3,train
2414,4,train
2415,0,train
2415,1,train
2415,2,val
2415,3,train
2415,4,train
2416,0,train
2416,1,train
2416,2,val
2416,3,train
2416,4,train
2417,0,train
2417,1,train
2417,2,train
2417,3,val
2417,4,train
2418,0,train
2418,1,train
2418,2,train
2418,3,train
2418,4,val
2419,0,train
2419,1,train
2419,2,val
2419,3,train
2419,4,train
241,0,train
241,1,val
241,2,train
241,3,train
241,4,train
2420,0,train
2420,1,val
2420,2,train
2420,3,train
2420,4,train
2421,0,train
2421,1,train
2421,2,val
2421,3,train
2421,4,train
2422,0,train
2422,1,val
2422,2,train
2422,3,train
2422,4,train
2423,0,train
2423,1,val
2423,2,train
2423,3,train
2423,4,train
2424,0,train
2424,1,val
2424,2,train
2424,3,train
2424,4,train
2425,0,train
2425,1,train
2425,2,train
2425,3,train
2425,4,val
2426,0,train
2426,1,train
2426,2,train
2426,3,train
2426,4,val
2427,0,train
2427,1,train
2427,2,val
2427,3,train
2427,4,train
2428,0,train
2428,1,train
2428,2,train
2428,3,val
2428,4,train
2429,0,train
2429,1,train
2429,2,val
2429,3,train
2429,4,train
242,0,val
242,1,train
242,2,train
242,3,train
242,4,train
2430,0,train
2430,1,train
2430,2,val
2430,3,train
2430,4,train
2431,0,train
2431,1,train
2431,2,train
2431,3,val
2431,4,train
2432,0,train
2432,1,train
2432,2,train
2432,3,val
2432,4,train
2433,0,train
2433,1,val
2433,2,train
2433,3,train
2433,4,train
2434,0,val
2434,1,train
2434,2,train
2434,3,train
2434,4,train
2435,0,train
2435,1,train
2435,2,train
2435,3,val
2435,4,train
2436,0,val
2436,1,train
2436,2,train
2436,3,train
2436,4,train
2437,0,train
2437,1,train
2437,2,val
2437,3,train
2437,4,train
2438,0,train
2438,1,val
2438,2,train
2438,3,train
2438,4,train
2439,0,val
2439,1,train
2439,2,train
2439,3,train
2439,4,train
243,0,train
243,1,train
243,2,train
243,3,train
243,4,val
2440,0,train
2440,1,val
2440,2,train
2440,3,train
2440,4,train
2441,0,train
2441,1,train
2441,2,train
2441,3,train
2441,4,val
2442,0,train
2442,1,train
2442,2,val
2442,3,train
2442,4,train
2443,0,train
2443,1,train
2443,2,val
2443,3,train
2443,4,train
2444,0,val
2444,1,train
2444,2,train
2444,3,train
2444,4,train
2445,0,train
2445,1,train
2445,2,train
2445,3,val
2445,4,train
2446,0,val
2446,1,train
2446,2,train
2446,3,train
2446,4,train
2447,0,val
2447,1,train
2447,2,train
2447,3,train
2447,4,train
2448,0,val
2448,1,train
2448,2,train
2448,3,train
2448,4,train
2449,0,train
2449,1,train
2449,2,val
2449,3,train
2449,4,train
244,0,train
244,1,train
244,2,train
244,3,val
244,4,train
2450,0,train
2450,1,train
2450,2,train
2450,3,train
2450,4,val
2451,0,train
2451,1,train
2451,2,train
2451,3,val
2451,4,train
2452,0,train
2452,1,train
2452,2,train
2452,3,val
2452,4,train
2453,0,train
2453,1,train
2453,2,train
2453,3,val
2453,4,train
2454,0,val
2454,1,train
2454,2,train
2454,3,train
2454,4,train
2455,0,train
2455,1,val
2455,2,train
2455,3,train
2455,4,train
2456,0,train
2456,1,train
2456,2,train
2456,3,train
2456,4,val
2457,0,train
2457,1,train
2457,2,train
2457,3,train
2457,4,val
2458,0,val
2458,1,train
2458,2,train
2458,3,train
2458,4,train
2459,0,train
2459,1,val
2459,2,train
2459,3,train
2459,4,train
245,0,train
245,1,val
245,2,train
245,3,train
245,4,train
2460,0,train
2460,1,val
2460,2,train
2460,3,train
2460,4,train
2461,0,train
2461,1,train
2461,2,train
2461,3,train
2461,4,val
2462,0,train
2462,1,train
2462,2,train
2462,3,val
2462,4,train
2463,0,train
2463,1,train
2463,2,val
2463,3,train
2463,4,train
2464,0,train
2464,1,train
2464,2,val
2464,3,train
2464,4,train
2465,0,train
2465,1,val
2465,2,train
2465,3,train
2465,4,train
2466,0,val
2466,1,train
2466,2,train
2466,3,train
2466,4,train
2467,0,train
2467,1,train
2467,2,val
2467,3,train
2467,4,train
2468,0,train
2468,1,train
2468,2,train
2468,3,train
2468,4,val
2469,0,val
2469,1,train
2469,2,train
2469,3,train
2469,4,train
246,0,train
246,1,val
246,2,train
246,3,train
246,4,train
2470,0,train
2470,1,train
2470,2,train
2470,3,train
2470,4,val
2471,0,train
2471,1,val
2471,2,train
2471,3,train
2471,4,train
2472,0,train
2472,1,train
2472,2,train
2472,3,train
2472,4,val
2473,0,train
2473,1,train
2473,2,val
2473,3,train
2473,4,train
2474,0,train
2474,1,train
2474,2,train
2474,3,val
2474,4,train
2475,0,train
2475,1,train
2475,2,val
2475,3,train
2475,4,train
2476,0,train
2476,1,train
2476,2,val
2476,3,train
2476,4,train
2477,0,train
2477,1,train
2477,2,train
2477,3,train
2477,4,val
2478,0,train
2478,1,train
2478,2,train
2478,3,train
2478,4,val
2479,0,train
2479,1,val
2479,2,train
2479,3,train
2479,4,train
247,0,train
247,1,val
247,2,train
247,3,train
247,4,train
2480,0,train
2480,1,val
2480,2,train
2480,3,train
2480,4,train
2481,0,train
2481,1,train
2481,2,train
2481,3,val
2481,4,train
2482,0,train
2482,1,train
2482,2,val
2482,3,train
2482,4,train
2483,0,val
2483,1,train
2483,2,train
2483,3,train
2483,4,train
2484,0,train
2484,1,train
2484,2,train
2484,3,val
2484,4,train
2485,0,train
2485,1,train
2485,2,val
2485,3,train
2485,4,train
2486,0,train
2486,1,val
2486,2,train
2486,3,train
2486,4,train
2487,0,train
2487,1,train
2487,2,train
2487,3,val
2487,4,train
2488,0,train
2488,1,train
2488,2,train
2488,3,val
2488,4,train
2489,0,val
2489,1,train
2489,2,train
2489,3,train
2489,4,train
248,0,val
248,1,train
248,2,train
248,3,train
248,4,train
2490,0,train
2490,1,train
2490,2,val
2490,3,train
2490,4,train
2491,0,val
2491,1,train
2491,2,train
2491,3,train
2491,4,train
2492,0,val
2492,1,train
2492,2,train
2492,3,train
2492,4,train
2493,0,train
2493,1,train
2493,2,train
2493,3,val
2493,4,train
2494,0,train
2494,1,train
2494,2,train
2494,3,val
2494,4,train
2495,0,val
2495,1,train
2495,2,train
2495,3,train
2495,4,train
2496,0,train
2496,1,val
2496,2,train
2496,3,train
2496,4,train
2497,0,train
2497,1,train
2497,2,train
2497,3,train
2497,4,val
2498,0,train
2498,1,train
2498,2,val
2498,3,train
2498,4,train
2499,0,train
2499,1,train
2499,2,train
2499,3,train
2499,4,val
249,0,val
249,1,train
249,2,train
249,3,train
249,4,train
24,0,train
24,1,train
24,2,train
24,3,val
24,4,train
2500,0,train
2500,1,train
2500,2,train
2500,3,val
2500,4,train
2501,0,train
2501,1,train
2501,2,train
2501,3,val
2501,4,train
2502,0,train
2502,1,train
2502,2,train
2502,3,train
2502,4,val
2503,0,train
2503,1,val
2503,2,train
2503,3,train
2503,4,train
2504,0,train
2504,1,train
2504,2,train
2504,3,train
2504,4,val
2505,0,train
2505,1,val
2505,2,train
2505,3,train
2505,4,train
2506,0,train
2506,1,val
2506,2,train
2506,3,train
2506,4,train
2507,0,train
2507,1,train
2507,2,val
2507,3,train
2507,4,train
2508,0,train
2508,1,val
2508,2,train
2508,3,train
2508,4,train
2509,0,val
2509,1,train
2509,2,train
2509,3,train
2509,4,train
250,0,train
250,1,train
250,2,train
250,3,train
250,4,val
2510,0,train
2510,1,train
2510,2,train
2510,3,val
2510,4,train
2511,0,train
2511,1,val
2511,2,train
2511,3,train
2511,4,train
2512,0,val
2512,1,train
2512,2,train
2512,3,train
2512,4,train
2513,0,train
2513,1,train
2513,2,val
2513,3,train
2513,4,train
2514,0,train
2514,1,train
2514,2,train
2514,3,val
2514,4,train
2515,0,train
2515,1,train
2515,2,val
2515,3,train
2515,4,train
2516,0,train
2516,1,train
2516,2,train
2516,3,train
2516,4,val
2517,0,val
2517,1,train
2517,2,train
2517,3,train
2517,4,train
2518,0,train
2518,1,train
2518,2,train
2518,3,train
2518,4,val
2519,0,train
2519,1,train
2519,2,val
2519,3,train
2519,4,train
251,0,train
251,1,train
251,2,val
251,3,train
251,4,train
2520,0,val
2520,1,train
2520,2,train
2520,3,train
2520,4,train
2521,0,train
2521,1,val
2521,2,train
2521,3,train
2521,4,train
2522,0,train
2522,1,train
2522,2,train
2522,3,val
2522,4,train
2523,0,train
2523,1,train
2523,2,train
2523,3,val
2523,4,train
2524,0,val
2524,1,train
2524,2,train
2524,3,train
2524,4,train
2525,0,train
2525,1,train
2525,2,train
2525,3,val
2525,4,train
2526,0,train
2526,1,train
2526,2,val
2526,3,train
2526,4,train
2527,0,train
2527,1,val
2527,2,train
2527,3,train
2527,4,train
2528,0,val
2528,1,train
2528,2,train
2528,3,train
2528,4,train
2529,0,val
2529,1,train
2529,2,train
2529,3,train
2529,4,train
252,0,train
252,1,val
252,2,train
252,3,train
252,4,train
2530,0,train
2530,1,val
2530,2,train
2530,3,train
2530,4,train
2531,0,train
2531,1,val
2531,2,train
2531,3,train
2531,4,train
2532,0,val
2532,1,train
2532,2,train
2532,3,train
2532,4,train
2533,0,train
2533,1,train
2533,2,val
2533,3,train
2533,4,train
2534,0,train
2534,1,train
2534,2,val
2534,3,train
2534,4,train
2535,0,train
2535,1,train
2535,2,train
2535,3,val
2535,4,train
2536,0,train
2536,1,val
2536,2,train
2536,3,train
2536,4,train
2537,0,train
2537,1,train
2537,2,val
2537,3,train
2537,4,train
2538,0,val
2538,1,train
2538,2,train
2538,3,train
2538,4,train
2539,0,val
2539,1,train
2539,2,train
2539,3,train
2539,4,train
253,0,train
253,1,train
253,2,train
253,3,train
253,4,val
2540,0,train
2540,1,train
2540,2,val
2540,3,train
2540,4,train
2541,0,val
2541,1,train
2541,2,train
2541,3,train
2541,4,train
2542,0,train
2542,1,train
2542,2,train
2542,3,train
2542,4,val
2543,0,train
2543,1,train
2543,2,train
2543,3,train
2543,4,val
2544,0,val
2544,1,train
2544,2,train
2544,3,train
2544,4,train
2545,0,train
2545,1,train
2545,2,train
2545,3,val
2545,4,train
2546,0,val
2546,1,train
2546,2,train
2546,3,train
2546,4,train
2547,0,train
2547,1,train
2547,2,train
2547,3,val
2547,4,train
2548,0,train
2548,1,train
2548,2,train
2548,3,train
2548,4,val
2549,0,train
2549,1,val
2549,2,train
2549,3,train
2549,4,train
254,0,val
254,1,train
254,2,train
254,3,train
254,4,train
2550,0,train
2550,1,val
2550,2,train
2550,3,train
2550,4,train
2551,0,train
2551,1,train
2551,2,val
2551,3,train
2551,4,train
2552,0,train
2552,1,train
2552,2,train
2552,3,train
2552,4,val
2553,0,train
2553,1,val
2553,2,train
2553,3,train
2553,4,train
2554,0,train
2554,1,val
2554,2,train
2554,3,train
2554,4,train
2555,0,val
2555,1,train
2555,2,train
2555,3,train
2555,4,train
2556,0,train
2556,1,train
2556,2,val
2556,3,train
2556,4,train
2557,0,val
2557,1,train
2557,2,train
2557,3,train
2557,4,train
2558,0,train
2558,1,train
2558,2,val
2558,3,train
2558,4,train
2559,0,train
2559,1,train
2559,2,train
2559,3,val
2559,4,train
255,0,train
255,1,val
255,2,train
255,3,train
255,4,train
2560,0,train
2560,1,train
2560,2,val
2560,3,train
2560,4,train
2561,0,train
2561,1,train
2561,2,train
2561,3,val
2561,4,train
2562,0,train
2562,1,train
2562,2,train
2562,3,train
2562,4,val
2563,0,train
2563,1,train
2563,2,val
2563,3,train
2563,4,train
2564,0,train
2564,1,train
2564,2,train
2564,3,val
2564,4,train
2565,0,train
2565,1,val
2565,2,train
2565,3,train
2565,4,train
2566,0,train
2566,1,train
2566,2,train
2566,3,val
2566,4,train
2567,0,val
2567,1,train
2567,2,train
2567,3,train
2567,4,train
2568,0,train
2568,1,train
2568,2,val
2568,3,train
2568,4,train
2569,0,train
2569,1,train
2569,2,train
2569,3,val
2569,4,train
256,0,train
256,1,train
256,2,val
256,3,train
256,4,train
2570,0,train
2570,1,train
2570,2,train
2570,3,train
2570,4,val
2571,0,train
2571,1,train
2571,2,train
2571,3,val
2571,4,train
2572,0,train
2572,1,train
2572,2,train
2572,3,val
2572,4,train
2573,0,val
2573,1,train
2573,2,train
2573,3,train
2573,4,train
2574,0,train
2574,1,train
2574,2,train
2574,3,train
2574,4,val
2575,0,train
2575,1,val
2575,2,train
2575,3,train
2575,4,train
2576,0,train
2576,1,val
2576,2,train
2576,3,train
2576,4,train
2577,0,train
2577,1,train
2577,2,val
2577,3,train
2577,4,train
2578,0,train
2578,1,train
2578,2,train
2578,3,train
2578,4,val
2579,0,train
2579,1,train
2579,2,val
2579,3,train
2579,4,train
257,0,val
257,1,train
257,2,train
257,3,train
257,4,train
2580,0,train
2580,1,val
2580,2,train
2580,3,train
2580,4,train
2581,0,train
2581,1,val
2581,2,train
2581,3,train
2581,4,train
2582,0,train
2582,1,train
2582,2,train
2582,3,val
2582,4,train
2583,0,val
2583,1,train
2583,2,train
2583,3,train
2583,4,train
2584,0,train
2584,1,train
2584,2,train
2584,3,val
2584,4,train
2585,0,train
2585,1,val
2585,2,train
2585,3,train
2585,4,train
2586,0,train
2586,1,val
2586,2,train
2586,3,train
2586,4,train
2587,0,train
2587,1,train
2587,2,val
2587,3,train
2587,4,train
2588,0,train
2588,1,val
2588,2,train
2588,3,train
2588,4,train
2589,0,train
2589,1,val
2589,2,train
2589,3,train
2589,4,train
258,0,train
258,1,val
258,2,train
258,3,train
258,4,train
2590,0,train
2590,1,val
2590,2,train
2590,3,train
2590,4,train
2591,0,train
2591,1,train
2591,2,val
2591,3,train
2591,4,train
2592,0,val
2592,1,train
2592,2,train
2592,3,train
2592,4,train
2593,0,val
2593,1,train
2593,2,train
2593,3,train
2593,4,train
2594,0,train
2594,1,train
2594,2,val
2594,3,train
2594,4,train
2595,0,train
2595,1,train
2595,2,train
2595,3,val
2595,4,train
2596,0,train
2596,1,train
2596,2,train
2596,3,train
2596,4,val
2597,0,train
2597,1,train
2597,2,train
2597,3,val
2597,4,train
2598,0,train
2598,1,train
2598,2,train
2598,3,val
2598,4,train
2599,0,train
2599,1,val
2599,2,train
2599,3,train
2599,4,train
259,0,train
259,1,train
259,2,val
259,3,train
259,4,train
25,0,val
25,1,train
25,2,train
25,3,train
25,4,train
2600,0,train
2600,1,val
2600,2,train
2600,3,train
2600,4,train
2601,0,train
2601,1,train
2601,2,train
2601,3,val
2601,4,train
2602,0,train
2602,1,train
2602,2,val
2602,3,train
2602,4,train
2603,0,train
2603,1,train
2603,2,train
2603,3,val
2603,4,train
2604,0,train
2604,1,train
2604,2,val
2604,3,train
2604,4,train
2605,0,train
2605,1,train
2605,2,train
2605,3,val
2605,4,train
2606,0,val
2606,1,train
2606,2,train
2606,3,train
2606,4,train
2607,0,train
2607,1,train
2607,2,train
2607,3,val
2607,4,train
2608,0,train
2608,1,val
2608,2,train
2608,3,train
2608,4,train
2609,0,train
2609,1,train
2609,2,train
2609,3,val
2609,4,train
260,0,train
260,1,train
260,2,train
260,3,val
260,4,train
2610,0,train
2610,1,train
2610,2,val
2610,3,train
2610,4,train
2611,0,train
2611,1,train
2611,2,train
2611,3,val
2611,4,train
2612,0,train
2612,1,train
2612,2,train
2612,3,val
2612,4,train
2613,0,val
2613,1,train
2613,2,train
2613,3,train
2613,4,train
2614,0,train
2614,1,train
2614,2,train
2614,3,train
2614,4,val
2615,0,train
2615,1,train
2615,2,val
2615,3,train
2615,4,train
2616,0,train
2616,1,train
2616,2,train
2616,3,train
2616,4,val
2617,0,train
2617,1,train
2617,2,val
2617,3,train
2617,4,train
2618,0,train
2618,1,train
2618,2,val
2618,3,train
2618,4,train
2619,0,val
2619,1,train
2619,2,train
2619,3,train
2619,4,train
261,0,val
261,1,train
261,2,train
261,3,train
261,4,train
2620,0,train
2620,1,train
2620,2,val
2620,3,train
2620,4,train
2621,0,train
2621,1,train
2621,2,val
2621,3,train
2621,4,train
2622,0,train
2622,1,train
2622,2,train
2622,3,train
2622,4,val
2623,0,val
2623,1,train
2623,2,train
2623,3,train
2623,4,train
2624,0,train
2624,1,train
2624,2,train
2624,3,val
2624,4,train
2625,0,val
2625,1,train
2625,2,train
2625,3,train
2625,4,train
2626,0,train
2626,1,train
2626,2,train
2626,3,val
2626,4,train
2627,0,train
2627,1,val
2627,2,train
2627,3,train
2627,4,train
2628,0,train
2628,1,train
2628,2,train
2628,3,train
2628,4,val
2629,0,train
2629,1,train
2629,2,val
2629,3,train
2629,4,train
262,0,val
262,1,train
262,2,train
262,3,train
262,4,train
2630,0,train
2630,1,val
2630,2,train
2630,3,train
2630,4,train
2631,0,train
2631,1,val
2631,2,train
2631,3,train
2631,4,train
2632,0,val
2632,1,train
2632,2,train
2632,3,train
2632,4,train
2633,0,train
2633,1,train
2633,2,train
2633,3,val
2633,4,train
2634,0,train
2634,1,train
2634,2,train
2634,3,val
2634,4,train
2635,0,train
2635,1,val
2635,2,train
2635,3,train
2635,4,train
2636,0,train
2636,1,train
2636,2,train
2636,3,train
2636,4,val
2637,0,train
2637,1,train
2637,2,val
2637,3,train
2637,4,train
2638,0,train
2638,1,train
2638,2,train
2638,3,val
2638,4,train
2639,0,train
2639,1,train
2639,2,val
2639,3,train
2639,4,train
263,0,train
263,1,train
263,2,train
263,3,val
263,4,train
2640,0,train
2640,1,val
2640,2,train
2640,3,train
2640,4,train
2641,0,val
2641,1,train
2641,2,train
2641,3,train
2641,4,train
2642,0,train
2642,1,val
2642,2,train
2642,3,train
2642,4,train
2643,0,train
2643,1,train
2643,2,val
2643,3,train
2643,4,train
2644,0,train
2644,1,train
2644,2,val
2644,3,train
2644,4,train
2645,0,train
2645,1,train
2645,2,train
2645,3,val
2645,4,train
2646,0,train
2646,1,train
2646,2,train
2646,3,train
2646,4,val
2647,0,train
2647,1,train
2647,2,val
2647,3,train
2647,4,train
2648,0,val
2648,1,train
2648,2,train
2648,3,train
2648,4,train
2649,0,val
2649,1,train
2649,2,train
2649,3,train
2649,4,train
264,0,train
264,1,val
264,2,train
264,3,train
264,4,train
2650,0,train
2650,1,train
2650,2,train
2650,3,val
2650,4,train
2651,0,train
2651,1,train
2651,2,train
2651,3,train
2651,4,val
2652,0,val
2652,1,train
2652,2,train
2652,3,train
2652,4,train
2653,0,train
2653,1,train
2653,2,train
2653,3,val
2653,4,train
2654,0,train
2654,1,train
2654,2,train
2654,3,train
2654,4,val
2655,0,train
2655,1,val
2655,2,train
2655,3,train
2655,4,train
2656,0,train
2656,1,val
2656,2,train
2656,3,train
2656,4,train
2657,0,train
2657,1,val
2657,2,train
2657,3,train
2657,4,train
2658,0,train
2658,1,train
2658,2,train
2658,3,val
2658,4,train
2659,0,val
2659,1,train
2659,2,train
2659,3,train
2659,4,train
265,0,train
265,1,val
265,2,train
265,3,train
265,4,train
2660,0,val
2660,1,train
2660,2,train
2660,3,train
2660,4,train
2661,0,train
2661,1,train
2661,2,val
2661,3,train
2661,4,train
2662,0,train
2662,1,train
2662,2,train
2662,3,train
2662,4,val
2663,0,train
2663,1,train
2663,2,train
2663,3,train
2663,4,val
2664,0,train
2664,1,train
2664,2,train
2664,3,train
2664,4,val
2665,0,val
2665,1,train
2665,2,train
2665,3,train
2665,4,train
2666,0,train
2666,1,train
2666,2,train
2666,3,train
2666,4,val
2667,0,val
2667,1,train
2667,2,train
2667,3,train
2667,4,train
2668,0,val
2668,1,train
2668,2,train
2668,3,train
2668,4,train
2669,0,train
2669,1,val
2669,2,train
2669,3,train
2669,4,train
266,0,train
266,1,val
266,2,train
266,3,train
266,4,train
2670,0,train
2670,1,train
2670,2,train
2670,3,val
2670,4,train
2671,0,val
2671,1,train
2671,2,train
2671,3,train
2671,4,train
2672,0,train
2672,1,train
2672,2,train
2672,3,val
2672,4,train
2673,0,train
2673,1,train
2673,2,val
2673,3,train
2673,4,train
2674,0,train
2674,1,val
2674,2,train
2674,3,train
2674,4,train
2675,0,train
2675,1,train
2675,2,train
2675,3,val
2675,4,train
2676,0,train
2676,1,train
2676,2,train
2676,3,train
2676,4,val
2677,0,train
2677,1,train
2677,2,val
2677,3,train
2677,4,train
2678,0,train
2678,1,train
2678,2,train
2678,3,val
2678,4,train
2679,0,train
2679,1,train
2679,2,train
2679,3,val
2679,4,train
267,0,train
267,1,train
267,2,train
267,3,val
267,4,train
2680,0,train
2680,1,train
2680,2,train
2680,3,train
2680,4,val
2681,0,train
2681,1,train
2681,2,val
2681,3,train
2681,4,train
2682,0,train
2682,1,train
2682,2,val
2682,3,train
2682,4,train
2683,0,train
2683,1,train
2683,2,train
2683,3,train
2683,4,val
2684,0,train
2684,1,val
2684,2,train
2684,3,train
2684,4,train
2685,0,train
2685,1,train
2685,2,train
2685,3,val
2685,4,train
2686,0,train
2686,1,val
2686,2,train
2686,3,train
2686,4,train
2687,0,train
2687,1,train
2687,2,train
2687,3,val
2687,4,train
2688,0,train
2688,1,train
2688,2,train
2688,3,val
2688,4,train
2689,0,train
2689,1,train
2689,2,train
2689,3,train
2689,4,val
268,0,train
268,1,train
268,2,train
268,3,val
268,4,train
2690,0,train
2690,1,train
2690,2,val
2690,3,train
2690,4,train
2691,0,train
2691,1,train
2691,2,train
2691,3,val
2691,4,train
2692,0,train
2692,1,val
2692,2,train
2692,3,train
2692,4,train
2693,0,train
2693,1,train
2693,2,train
2693,3,val
2693,4,train
2694,0,val
2694,1,train
2694,2,train
2694,3,train
2694,4,train
2695,0,train
2695,1,train
2695,2,train
2695,3,val
2695,4,train
2696,0,train
2696,1,train
2696,2,train
2696,3,val
2696,4,train
2697,0,train
2697,1,val
2697,2,train
2697,3,train
2697,4,train
2698,0,train
2698,1,val
2698,2,train
2698,3,train
2698,4,train
2699,0,train
2699,1,train
2699,2,train
2699,3,val
2699,4,train
269,0,train
269,1,train
269,2,val
269,3,train
269,4,train
26,0,train
26,1,train
26,2,train
26,3,val
26,4,train
2700,0,val
2700,1,train
2700,2,train
2700,3,train
2700,4,train
2701,0,train
2701,1,val
2701,2,train
2701,3,train
2701,4,train
2702,0,train
2702,1,train
2702,2,train
2702,3,train
2702,4,val
2703,0,train
2703,1,val
2703,2,train
2703,3,train
2703,4,train
2704,0,train
2704,1,train
2704,2,val
2704,3,train
2704,4,train
2705,0,train
2705,1,train
2705,2,val
2705,3,train
2705,4,train
2706,0,train
2706,1,train
2706,2,val
2706,3,train
2706,4,train
2707,0,train
2707,1,train
2707,2,val
2707,3,train
2707,4,train
2708,0,train
2708,1,val
2708,2,train
2708,3,train
2708,4,train
2709,0,train
2709,1,train
2709,2,train
2709,3,val
2709,4,train
270,0,train
270,1,train
270,2,train
270,3,train
270,4,val
2710,0,train
2710,1,train
2710,2,val
2710,3,train
2710,4,train
2711,0,train
2711,1,train
2711,2,train
2711,3,train
2711,4,val
2712,0,val
2712,1,train
2712,2,train
2712,3,train
2712,4,train
2713,0,val
2713,1,train
2713,2,train
2713,3,train
2713,4,train
2714,0,train
2714,1,train
2714,2,train
2714,3,train
2714,4,val
2715,0,train
2715,1,train
2715,2,train
2715,3,val
2715,4,train
2716,0,train
2716,1,train
2716,2,val
2716,3,train
2716,4,train
2717,0,train
2717,1,val
2717,2,train
2717,3,train
2717,4,train
2718,0,train
2718,1,train
2718,2,train
2718,3,val
2718,4,train
2719,0,train
2719,1,train
2719,2,train
2719,3,train
2719,4,val
271,0,train
271,1,train
271,2,train
271,3,train
271,4,val
2720,0,val
2720,1,train
2720,2,train
2720,3,train
2720,4,train
2721,0,train
2721,1,train
2721,2,val
2721,3,train
2721,4,train
2722,0,train
2722,1,train
2722,2,train
2722,3,val
2722,4,train
2723,0,val
2723,1,train
2723,2,train
2723,3,train
2723,4,train
2724,0,train
2724,1,train
2724,2,train
2724,3,val
2724,4,train
2725,0,train
2725,1,val
2725,2,train
2725,3,train
2725,4,train
2726,0,train
2726,1,train
2726,2,train
2726,3,val
2726,4,train
2727,0,train
2727,1,train
2727,2,train
2727,3,train
2727,4,val
2728,0,train
2728,1,train
2728,2,val
2728,3,train
2728,4,train
2729,0,train
2729,1,train
2729,2,train
2729,3,train
2729,4,val
272,0,train
272,1,val
272,2,train
272,3,train
272,4,train
2730,0,train
2730,1,train
2730,2,train
2730,3,train
2730,4,val
2731,0,train
2731,1,train
2731,2,train
2731,3,val
2731,4,train
2732,0,train
2732,1,train
2732,2,train
2732,3,val
2732,4,train
2733,0,train
2733,1,train
2733,2,train
2733,3,train
2733,4,val
2734,0,train
2734,1,train
2734,2,train
2734,3,val
2734,4,train
2735,0,val
2735,1,train
2735,2,train
2735,3,train
2735,4,train
2736,0,train
2736,1,train
2736,2,train
2736,3,val
2736,4,train
2737,0,train
2737,1,val
2737,2,train
2737,3,train
2737,4,train
2738,0,train
2738,1,train
2738,2,train
2738,3,train
2738,4,val
2739,0,train
2739,1,train
2739,2,train
2739,3,train
2739,4,val
273,0,train
273,1,train
273,2,train
273,3,train
273,4,val
2740,0,train
2740,1,train
2740,2,train
2740,3,val
2740,4,train
2741,0,train
2741,1,train
2741,2,val
2741,3,train
2741,4,train
2742,0,val
2742,1,train
2742,2,train
2742,3,train
2742,4,train
2743,0,train
2743,1,train
2743,2,val
2743,3,train
2743,4,train
2744,0,train
2744,1,train
2744,2,train
2744,3,val
2744,4,train
2745,0,train
2745,1,train
2745,2,train
2745,3,train
2745,4,val
2746,0,train
2746,1,val
2746,2,train
2746,3,train
2746,4,train
2747,0,train
2747,1,train
2747,2,val
2747,3,train
2747,4,train
2748,0,train
2748,1,train
2748,2,val
2748,3,train
2748,4,train
2749,0,val
2749,1,train
2749,2,train
2749,3,train
2749,4,train
274,0,val
274,1,train
274,2,train
274,3,train
274,4,train
2750,0,train
2750,1,train
2750,2,val
2750,3,train
2750,4,train
2751,0,val
2751,1,train
2751,2,train
2751,3,train
2751,4,train
2752,0,train
2752,1,train
2752,2,train
2752,3,val
2752,4,train
2753,0,train
2753,1,train
2753,2,train
2753,3,val
2753,4,train
2754,0,train
2754,1,train
2754,2,val
2754,3,train
2754,4,train
2755,0,train
2755,1,train
2755,2,val
2755,3,train
2755,4,train
2756,0,train
2756,1,train
2756,2,val
2756,3,train
2756,4,train
2757,0,train
2757,1,train
2757,2,train
2757,3,val
2757,4,train
2758,0,train
2758,1,val
2758,2,train
2758,3,train
2758,4,train
2759,0,train
2759,1,val
2759,2,train
2759,3,train
2759,4,train
275,0,val
275,1,train
275,2,train
275,3,train
275,4,train
2760,0,train
2760,1,val
2760,2,train
2760,3,train
2760,4,train
2761,0,train
2761,1,train
2761,2,val
2761,3,train
2761,4,train
2762,0,train
2762,1,train
2762,2,train
2762,3,train
2762,4,val
2763,0,train
2763,1,train
2763,2,train
2763,3,train
2763,4,val
2764,0,train
2764,1,val
2764,2,train
2764,3,train
2764,4,train
2765,0,train
2765,1,train
2765,2,train
2765,3,train
2765,4,val
2766,0,val
2766,1,train
2766,2,train
2766,3,train
2766,4,train
2767,0,val
2767,1,train
2767,2,train
2767,3,train
2767,4,train
2768,0,train
2768,1,val
2768,2,train
2768,3,train
2768,4,train
2769,0,train
2769,1,train
2769,2,train
2769,3,train
2769,4,val
276,0,train
276,1,train
276,2,train
276,3,train
276,4,val
2770,0,train
2770,1,train
2770,2,train
2770,3,val
2770,4,train
2771,0,train
2771,1,train
2771,2,train
2771,3,train
2771,4,val
2772,0,train
2772,1,train
2772,2,val
2772,3,train
2772,4,train
2773,0,train
2773,1,train
2773,2,val
2773,3,train
2773,4,train
2774,0,train
2774,1,train
2774,2,train
2774,3,val
2774,4,train
2775,0,train
2775,1,train
2775,2,train
2775,3,val
2775,4,train
2776,0,val
2776,1,train
2776,2,train
2776,3,train
2776,4,train
2777,0,train
2777,1,train
2777,2,train
2777,3,val
2777,4,train
2778,0,train
2778,1,train
2778,2,train
2778,3,train
2778,4,val
2779,0,train
2779,1,train
2779,2,train
2779,3,train
2779,4,val
277,0,train
277,1,train
277,2,train
277,3,val
277,4,train
2780,0,train
2780,1,val
2780,2,train
2780,3,train
2780,4,train
2781,0,val
2781,1,train
2781,2,train
2781,3,train
2781,4,train
2782,0,train
2782,1,val
2782,2,train
2782,3,train
2782,4,train
2783,0,train
2783,1,train
2783,2,train
2783,3,val
2783,4,train
2784,0,train
2784,1,train
2784,2,val
2784,3,train
2784,4,train
2785,0,train
2785,1,train
2785,2,val
2785,3,train
2785,4,train
2786,0,train
2786,1,val
2786,2,train
2786,3,train
2786,4,train
2787,0,train
2787,1,train
2787,2,train
2787,3,val
2787,4,train
2788,0,train
2788,1,val
2788,2,train
2788,3,train
2788,4,train
2789,0,val
2789,1,train
2789,2,train
2789,3,train
2789,4,train
278,0,val
278,1,train
278,2,train
278,3,train
278,4,train
2790,0,train
2790,1,train
2790,2,val
2790,3,train
2790,4,train
2791,0,train
2791,1,train
2791,2,train
2791,3,val
2791,4,train
2792,0,val
2792,1,train
2792,2,train
2792,3,train
2792,4,train
2793,0,train
2793,1,train
2793,2,train
2793,3,val
2793,4,train
2794,0,val
2794,1,train
2794,2,train
2794,3,train
2794,4,train
2795,0,train
2795,1,train
2795,2,train
2795,3,val
2795,4,train
2796,0,train
2796,1,train
2796,2,val
2796,3,train
2796,4,train
2797,0,train
2797,1,train
2797,2,val
2797,3,train
2797,4,train
2798,0,train
2798,1,train
2798,2,train
2798,3,train
2798,4,val
2799,0,train
2799,1,train
2799,2,train
2799,3,train
2799,4,val
279,0,train
279,1,train
279,2,train
279,3,train
279,4,val
27,0,train
27,1,train
27,2,train
27,3,train
27,4,val
2800,0,val
2800,1,train
2800,2,train
2800,3,train
2800,4,train
2801,0,val
2801,1,train
2801,2,train
2801,3,train
2801,4,train
2802,0,train
2802,1,train
2802,2,val
2802,3,train
2802,4,train
2803,0,train
2803,1,train
2803,2,train
2803,3,val
2803,4,train
2804,0,train
2804,1,train
2804,2,val
2804,3,train
2804,4,train
2805,0,train
2805,1,train
2805,2,val
2805,3,train
2805,4,train
2806,0,train
2806,1,train
2806,2,train
2806,3,train
2806,4,val
2807,0,train
2807,1,train
2807,2,train
2807,3,val
2807,4,train
2808,0,val
2808,1,train
2808,2,train
2808,3,train
2808,4,train
2809,0,val
2809,1,train
2809,2,train
2809,3,train
2809,4,train
280,0,train
280,1,val
280,2,train
280,3,train
280,4,train
2810,0,val
2810,1,train
2810,2,train
2810,3,train
2810,4,train
2811,0,train
2811,1,train
2811,2,val
2811,3,train
2811,4,train
2812,0,train
2812,1,train
2812,2,train
2812,3,train
2812,4,val
2813,0,train
2813,1,train
2813,2,train
2813,3,val
2813,4,train
2814,0,val
2814,1,train
2814,2,train
2814,3,train
2814,4,train
2815,0,val
2815,1,train
2815,2,train
2815,3,train
2815,4,train
2816,0,train
2816,1,train
2816,2,train
2816,3,train
2816,4,val
2817,0,train
2817,1,train
2817,2,train
2817,3,val
2817,4,train
2818,0,train
2818,1,val
2818,2,train
2818,3,train
2818,4,train
2819,0,train
2819,1,train
2819,2,train
2819,3,train
2819,4,val
281,0,train
281,1,train
281,2,train
281,3,val
281,4,train
2820,0,val
2820,1,train
2820,2,train
2820,3,train
2820,4,train
2821,0,train
2821,1,train
2821,2,train
2821,3,val
2821,4,train
2822,0,train
2822,1,train
2822,2,train
2822,3,val
2822,4,train
2823,0,train
2823,1,train
2823,2,train
2823,3,train
2823,4,val
2824,0,val
2824,1,train
2824,2,train
2824,3,train
2824,4,train
2825,0,train
2825,1,train
2825,2,train
2825,3,train
2825,4,val
2826,0,train
2826,1,train
2826,2,train
2826,3,train
2826,4,val
2827,0,train
2827,1,val
2827,2,train
2827,3,train
2827,4,train
2828,0,train
2828,1,val
2828,2,train
2828,3,train
2828,4,train
2829,0,val
2829,1,train
2829,2,train
2829,3,train
2829,4,train
282,0,train
282,1,val
282,2,train
282,3,train
282,4,train
2830,0,train
2830,1,train
2830,2,train
2830,3,val
2830,4,train
2831,0,train
2831,1,train
2831,2,val
2831,3,train
2831,4,train
2832,0,train
2832,1,val
2832,2,train
2832,3,train
2832,4,train
2833,0,train
2833,1,train
2833,2,val
2833,3,train
2833,4,train
2834,0,train
2834,1,train
2834,2,train
2834,3,train
2834,4,val
2835,0,train
2835,1,val
2835,2,train
2835,3,train
2835,4,train
2836,0,train
2836,1,train
2836,2,train
2836,3,val
2836,4,train
2837,0,train
2837,1,train
2837,2,train
2837,3,val
2837,4,train
2838,0,val
2838,1,train
2838,2,train
2838,3,train
2838,4,train
2839,0,val
2839,1,train
2839,2,train
2839,3,train
2839,4,train
283,0,train
283,1,train
283,2,train
283,3,val
283,4,train
2840,0,train
2840,1,val
2840,2,train
2840,3,train
2840,4,train
2841,0,train
2841,1,val
2841,2,train
2841,3,train
2841,4,train
2842,0,val
2842,1,train
2842,2,train
2842,3,train
2842,4,train
2843,0,val
2843,1,train
2843,2,train
2843,3,train
2843,4,train
2844,0,train
2844,1,train
2844,2,val
2844,3,train
2844,4,train
2845,0,train
2845,1,val
2845,2,train
2845,3,train
2845,4,train
2846,0,train
2846,1,train
2846,2,train
2846,3,train
2846,4,val
2847,0,train
2847,1,val
2847,2,train
2847,3,train
2847,4,train
2848,0,train
2848,1,val
2848,2,train
2848,3,train
2848,4,train
2849,0,train
2849,1,val
2849,2,train
2849,3,train
2849,4,train
284,0,train
284,1,train
284,2,val
284,3,train
284,4,train
2850,0,train
2850,1,train
2850,2,val
2850,3,train
2850,4,train
2851,0,train
2851,1,train
2851,2,train
2851,3,train
2851,4,val
2852,0,val
2852,1,train
2852,2,train
2852,3,train
2852,4,train
2853,0,train
2853,1,val
2853,2,train
2853,3,train
2853,4,train
2854,0,train
2854,1,train
2854,2,val
2854,3,train
2854,4,train
2855,0,train
2855,1,train
2855,2,train
2855,3,val
2855,4,train
2856,0,train
2856,1,train
2856,2,val
2856,3,train
2856,4,train
2857,0,train
2857,1,train
2857,2,val
2857,3,train
2857,4,train
2858,0,train
2858,1,train
2858,2,val
2858,3,train
2858,4,train
2859,0,train
2859,1,train
2859,2,train
2859,3,train
2859,4,val
285,0,train
285,1,train
285,2,train
285,3,train
285,4,val
2860,0,train
2860,1,train
2860,2,val
2860,3,train
2860,4,train
2861,0,train
2861,1,train
2861,2,val
2861,3,train
2861,4,train
2862,0,val
2862,1,train
2862,2,train
2862,3,train
2862,4,train
2863,0,val
2863,1,train
2863,2,train
2863,3,train
2863,4,train
2864,0,train
2864,1,val
2864,2,train
2864,3,train
2864,4,train
2865,0,train
2865,1,train
2865,2,train
2865,3,val
2865,4,train
2866,0,train
2866,1,train
2866,2,train
2866,3,val
2866,4,train
2867,0,train
2867,1,train
2867,2,train
2867,3,val
2867,4,train
2868,0,train
2868,1,train
2868,2,val
2868,3,train
2868,4,train
2869,0,val
2869,1,train
2869,2,train
2869,3,train
2869,4,train
286,0,train
286,1,train
286,2,train
286,3,val
286,4,train
2870,0,train
2870,1,train
2870,2,val
2870,3,train
2870,4,train
2871,0,train
2871,1,train
2871,2,val
2871,3,train
2871,4,train
2872,0,train
2872,1,val
2872,2,train
2872,3,train
2872,4,train
2873,0,train
2873,1,train
2873,2,train
2873,3,val
2873,4,train
2874,0,train
2874,1,train
2874,2,val
2874,3,train
2874,4,train
2875,0,train
2875,1,train
2875,2,val
2875,3,train
2875,4,train
2876,0,val
2876,1,train
2876,2,train
2876,3,train
2876,4,train
2877,0,train
2877,1,train
2877,2,train
2877,3,train
2877,4,val
2878,0,val
2878,1,train
2878,2,train
2878,3,train
2878,4,train
2879,0,train
2879,1,train
2879,2,train
2879,3,val
2879,4,train
287,0,train
287,1,train
287,2,train
287,3,val
287,4,train
2880,0,train
2880,1,train
2880,2,train
2880,3,val
2880,4,train
2881,0,train
2881,1,train
2881,2,train
2881,3,val
2881,4,train
2882,0,train
2882,1,train
2882,2,train
2882,3,train
2882,4,val
2883,0,train
2883,1,train
2883,2,val
2883,3,train
2883,4,train
2884,0,train
2884,1,train
2884,2,train
2884,3,train
2884,4,val
2885,0,train
2885,1,val
2885,2,train
2885,3,train
2885,4,train
2886,0,train
2886,1,train
2886,2,train
2886,3,train
2886,4,val
2887,0,train
2887,1,train
2887,2,val
2887,3,train
2887,4,train
2888,0,train
2888,1,val
2888,2,train
2888,3,train
2888,4,train
2889,0,train
2889,1,train
2889,2,val
2889,3,train
2889,4,train
288,0,train
288,1,val
288,2,train
288,3,train
288,4,train
2890,0,train
2890,1,val
2890,2,train
2890,3,train
2890,4,train
2891,0,train
2891,1,train
2891,2,train
2891,3,train
2891,4,val
2892,0,val
2892,1,train
2892,2,train
2892,3,train
2892,4,train
2893,0,train
2893,1,val
2893,2,train
2893,3,train
2893,4,train
2894,0,train
2894,1,train
2894,2,val
2894,3,train
2894,4,train
2895,0,train
2895,1,train
2895,2,train
2895,3,train
2895,4,val
2896,0,train
2896,1,val
2896,2,train
2896,3,train
2896,4,train
2897,0,val
2897,1,train
2897,2,train
2897,3,train
2897,4,train
2898,0,val
2898,1,train
2898,2,train
2898,3,train
2898,4,train
2899,0,val
2899,1,train
2899,2,train
2899,3,train
2899,4,train
289,0,train
289,1,train
289,2,val
289,3,train
289,4,train
28,0,train
28,1,train
28,2,train
28,3,val
28,4,train
2900,0,train
2900,1,train
2900,2,train
2900,3,val
2900,4,train
2901,0,train
2901,1,train
2901,2,train
2901,3,val
2901,4,train
2902,0,train
2902,1,train
2902,2,train
2902,3,val
2902,4,train
2903,0,train
2903,1,train
2903,2,train
2903,3,train
2903,4,val
2904,0,train
2904,1,train
2904,2,train
2904,3,train
2904,4,val
2905,0,train
2905,1,train
2905,2,train
2905,3,train
2905,4,val
2906,0,train
2906,1,train
2906,2,train
2906,3,train
2906,4,val
2907,0,train
2907,1,val
2907,2,train
2907,3,train
2907,4,train
2908,0,train
2908,1,train
2908,2,train
2908,3,val
2908,4,train
2909,0,train
2909,1,train
2909,2,train
2909,3,val
2909,4,train
290,0,train
290,1,train
290,2,train
290,3,train
290,4,val
2910,0,val
2910,1,train
2910,2,train
2910,3,train
2910,4,train
2911,0,train
2911,1,train
2911,2,val
2911,3,train
2911,4,train
2912,0,val
2912,1,train
2912,2,train
2912,3,train
2912,4,train
2913,0,train
2913,1,train
2913,2,train
2913,3,val
2913,4,train
2914,0,train
2914,1,train
2914,2,val
2914,3,train
2914,4,train
2915,0,train
2915,1,train
2915,2,val
2915,3,train
2915,4,train
2916,0,train
2916,1,val
2916,2,train
2916,3,train
2916,4,train
2917,0,train
2917,1,train
2917,2,train
2917,3,train
2917,4,val
2918,0,train
2918,1,train
2918,2,train
2918,3,train
2918,4,val
2919,0,train
2919,1,train
2919,2,val
2919,3,train
2919,4,train
291,0,train
291,1,val
291,2,train
291,3,train
291,4,train
2920,0,train
2920,1,train
2920,2,val
2920,3,train
2920,4,train
2921,0,train
2921,1,train
2921,2,val
2921,3,train
2921,4,train
2922,0,val
2922,1,train
2922,2,train
2922,3,train
2922,4,train
2923,0,val
2923,1,train
2923,2,train
2923,3,train
2923,4,train
2924,0,train
2924,1,train
2924,2,train
2924,3,train
2924,4,val
2925,0,train
2925,1,train
2925,2,train
2925,3,val
2925,4,train
2926,0,val
2926,1,train
2926,2,train
2926,3,train
2926,4,train
2927,0,train
2927,1,val
2927,2,train
2927,3,train
2927,4,train
2928,0,train
2928,1,train
2928,2,train
2928,3,val
2928,4,train
2929,0,val
2929,1,train
2929,2,train
2929,3,train
2929,4,train
292,0,train
292,1,train
292,2,val
292,3,train
292,4,train
2930,0,train
2930,1,train
2930,2,train
2930,3,train
2930,4,val
2931,0,train
2931,1,train
2931,2,train
2931,3,train
2931,4,val
2932,0,val
2932,1,train
2932,2,train
2932,3,train
2932,4,train
2933,0,train
2933,1,val
2933,2,train
2933,3,train
2933,4,train
2934,0,train
2934,1,val
2934,2,train
2934,3,train
2934,4,train
2935,0,train
2935,1,train
2935,2,train
2935,3,train
2935,4,val
2936,0,train
2936,1,train
2936,2,val
2936,3,train
2936,4,train
2937,0,val
2937,1,train
2937,2,train
2937,3,train
2937,4,train
2938,0,train
2938,1,train
2938,2,train
2938,3,val
2938,4,train
2939,0,train
2939,1,train
2939,2,train
2939,3,train
2939,4,val
293,0,train
293,1,train
293,2,train
293,3,train
293,4,val
2940,0,train
2940,1,val
2940,2,train
2940,3,train
2940,4,train
2941,0,train
2941,1,train
2941,2,train
2941,3,train
2941,4,val
2942,0,train
2942,1,train
2942,2,val
2942,3,train
2942,4,train
2943,0,train
2943,1,val
2943,2,train
2943,3,train
2943,4,train
2944,0,train
2944,1,train
2944,2,val
2944,3,train
2944,4,train
2945,0,train
2945,1,train
2945,2,val
2945,3,train
2945,4,train
2946,0,train
2946,1,val
2946,2,train
2946,3,train
2946,4,train
2947,0,train
2947,1,train
2947,2,train
2947,3,train
2947,4,val
2948,0,val
2948,1,train
2948,2,train
2948,3,train
2948,4,train
2949,0,train
2949,1,train
2949,2,train
2949,3,val
2949,4,train
294,0,train
294,1,train
294,2,train
294,3,train
294,4,val
2950,0,val
2950,1,train
2950,2,train
2950,3,train
2950,4,train
2951,0,train
2951,1,val
2951,2,train
2951,3,train
2951,4,train
2952,0,train
2952,1,train
2952,2,train
2952,3,train
2952,4,val
2953,0,train
2953,1,train
2953,2,train
2953,3,train
2953,4,val
2954,0,train
2954,1,train
2954,2,train
2954,3,train
2954,4,val
2955,0,train
2955,1,train
2955,2,train
2955,3,val
2955,4,train
2956,0,train
2956,1,train
2956,2,val
2956,3,train
2956,4,train
2957,0,train
2957,1,train
2957,2,train
2957,3,val
2957,4,train
2958,0,val
2958,1,train
2958,2,train
2958,3,train
2958,4,train
2959,0,val
2959,1,train
2959,2,train
2959,3,train
2959,4,train
295,0,val
295,1,train
295,2,train
295,3,train
295,4,train
2960,0,train
2960,1,val
2960,2,train
2960,3,train
2960,4,train
2961,0,train
2961,1,train
2961,2,train
2961,3,train
2961,4,val
2962,0,train
2962,1,val
2962,2,train
2962,3,train
2962,4,train
2963,0,train
2963,1,train
2963,2,train
2963,3,train
2963,4,val
2964,0,val
2964,1,train
2964,2,train
2964,3,train
2964,4,train
2965,0,train
2965,1,val
2965,2,train
2965,3,train
2965,4,train
2966,0,train
2966,1,train
2966,2,train
2966,3,val
2966,4,train
2967,0,train
2967,1,train
2967,2,train
2967,3,train
2967,4,val
2968,0,train
2968,1,val
2968,2,train
2968,3,train
2968,4,train
2969,0,train
2969,1,train
2969,2,train
2969,3,train
2969,4,val
296,0,train
296,1,val
296,2,train
296,3,train
296,4,train
2970,0,train
2970,1,val
2970,2,train
2970,3,train
2970,4,train
2971,0,train
2971,1,val
2971,2,train
2971,3,train
2971,4,train
2972,0,val
2972,1,train
2972,2,train
2972,3,train
2972,4,train
2973,0,train
2973,1,train
2973,2,train
2973,3,val
2973,4,train
2974,0,train
2974,1,train
2974,2,train
2974,3,val
2974,4,train
2975,0,train
2975,1,train
2975,2,val
2975,3,train
2975,4,train
2976,0,train
2976,1,val
2976,2,train
2976,3,train
2976,4,train
2977,0,train
2977,1,train
2977,2,train
2977,3,val
2977,4,train
2978,0,train
2978,1,train
2978,2,val
2978,3,train
2978,4,train
2979,0,val
2979,1,train
2979,2,train
2979,3,train
2979,4,train
297,0,train
297,1,train
297,2,train
297,3,val
297,4,train
2980,0,val
2980,1,train
2980,2,train
2980,3,train
2980,4,train
2981,0,val
2981,1,train
2981,2,train
2981,3,train
2981,4,train
2982,0,train
2982,1,train
2982,2,val
2982,3,train
2982,4,train
2983,0,train
2983,1,train
2983,2,val
2983,3,train
2983,4,train
2984,0,val
2984,1,train
2984,2,train
2984,3,train
2984,4,train
2985,0,train
2985,1,train
2985,2,train
2985,3,train
2985,4,val
2986,0,train
2986,1,train
2986,2,train
2986,3,train
2986,4,val
2987,0,train
2987,1,train
2987,2,train
2987,3,train
2987,4,val
2988,0,train
2988,1,train
2988,2,val
2988,3,train
2988,4,train
2989,0,train
2989,1,train
2989,2,train
2989,3,train
2989,4,val
298,0,train
298,1,train
298,2,val
298,3,train
298,4,train
2990,0,train
2990,1,val
2990,2,train
2990,3,train
2990,4,train
2991,0,train
2991,1,train
2991,2,train
2991,3,train
2991,4,val
2992,0,train
2992,1,train
2992,2,train
2992,3,train
2992,4,val
2993,0,train
2993,1,train
2993,2,train
2993,3,val
2993,4,train
2994,0,train
2994,1,train
2994,2,train
2994,3,val
2994,4,train
2995,0,train
2995,1,train
2995,2,train
2995,3,val
2995,4,train
2996,0,train
2996,1,train
2996,2,val
2996,3,train
2996,4,train
2997,0,train
2997,1,train
2997,2,val
2997,3,train
2997,4,train
2998,0,train
2998,1,train
2998,2,train
2998,3,val
2998,4,train
2999,0,train
2999,1,train
2999,2,val
2999,3,train
2999,4,train
299,0,train
299,1,train
299,2,train
299,3,train
299,4,val
29,0,train
29,1,train
29,2,train
29,3,train
29,4,val
2,0,val
2,1,train
2,2,train
2,3,train
2,4,train
3000,0,train
3000,1,train
3000,2,train
3000,3,val
3000,4,train
300,0,val
300,1,train
300,2,train
300,3,train
300,4,train
301,0,train
301,1,val
301,2,train
301,3,train
301,4,train
302,0,train
302,1,train
302,2,val
302,3,train
302,4,train
303,0,train
303,1,train
303,2,val
303,3,train
303,4,train
304,0,train
304,1,train
304,2,train
304,3,train
304,4,val
305,0,train
305,1,train
305,2,train
305,3,train
305,4,val
306,0,train
306,1,train
306,2,train
306,3,val
306,4,train
307,0,val
307,1,train
307,2,train
307,3,train
307,4,train
308,0,train
308,1,val
308,2,train
308,3,train
308,4,train
309,0,val
309,1,train
309,2,train
309,3,train
309,4,train
30,0,train
30,1,train
30,2,val
30,3,train
30,4,train
310,0,train
310,1,train
310,2,train
310,3,train
310,4,val
311,0,train
311,1,train
311,2,train
311,3,train
311,4,val
312,0,train
312,1,train
312,2,train
312,3,val
312,4,train
313,0,train
313,1,val
313,2,train
313,3,train
313,4,train
314,0,train
314,1,val
314,2,train
314,3,train
314,4,train
315,0,train
315,1,train
315,2,train
315,3,val
315,4,train
316,0,train
316,1,train
316,2,train
316,3,train
316,4,val
317,0,train
317,1,train
317,2,train
317,3,val
317,4,train
318,0,train
318,1,train
318,2,train
318,3,val
318,4,train
319,0,train
319,1,val
319,2,train
319,3,train
319,4,train
31,0,train
31,1,train
31,2,train
31,3,train
31,4,val
320,0,train
320,1,train
320,2,train
320,3,val
320,4,train
321,0,train
321,1,val
321,2,train
321,3,train
321,4,train
322,0,train
322,1,train
322,2,train
322,3,val
322,4,train
323,0,train
323,1,train
323,2,train
323,3,train
323,4,val
324,0,val
324,1,train
324,2,train
324,3,train
324,4,train
325,0,train
325,1,train
325,2,train
325,3,train
325,4,val
326,0,train
326,1,train
326,2,val
326,3,train
326,4,train
327,0,val
327,1,train
327,2,train
327,3,train
327,4,train
328,0,train
328,1,train
328,2,train
328,3,train
328,4,val
329,0,val
329,1,train
329,2,train
329,3,train
329,4,train
32,0,val
32,1,train
32,2,train
32,3,train
32,4,train
330,0,val
330,1,train
330,2,train
330,3,train
330,4,train
331,0,train
331,1,train
331,2,val
331,3,train
331,4,train
332,0,train
332,1,train
332,2,train
332,3,train
332,4,val
333,0,val
333,1,train
333,2,train
333,3,train
333,4,train
334,0,train
334,1,val
334,2,train
334,3,train
334,4,train
335,0,val
335,1,train
335,2,train
335,3,train
335,4,train
336,0,val
336,1,train
336,2,train
336,3,train
336,4,train
337,0,val
337,1,train
337,2,train
337,3,train
337,4,train
338,0,train
338,1,train
338,2,val
338,3,train
338,4,train
339,0,train
339,1,train
339,2,train
339,3,train
339,4,val
33,0,train
33,1,train
33,2,train
33,3,val
33,4,train
340,0,train
340,1,train
340,2,train
340,3,train
340,4,val
341,0,train
341,1,val
341,2,train
341,3,train
341,4,train
342,0,val
342,1,train
342,2,train
342,3,train
342,4,train
343,0,train
343,1,val
343,2,train
343,3,train
343,4,train
344,0,train
344,1,train
344,2,train
344,3,train
344,4,val
345,0,train
345,1,train
345,2,train
345,3,val
345,4,train
346,0,train
346,1,train
346,2,train
346,3,train
346,4,val
347,0,train
347,1,train
347,2,val
347,3,train
347,4,train
348,0,train
348,1,train
348,2,train
348,3,val
348,4,train
349,0,val
349,1,train
349,2,train
349,3,train
349,4,train
34,0,train
34,1,train
34,2,val
34,3,train
34,4,train
350,0,train
350,1,train
350,2,train
350,3,train
350,4,val
351,0,train
351,1,train
351,2,val
351,3,train
351,4,train
352,0,train
352,1,train
352,2,val
352,3,train
352,4,train
353,0,train
353,1,train
353,2,train
353,3,val
353,4,train
354,0,train
354,1,val
354,2,train
354,3,train
354,4,train
355,0,val
355,1,train
355,2,train
355,3,train
355,4,train
356,0,train
356,1,train
356,2,train
356,3,train
356,4,val
357,0,val
357,1,train
357,2,train
357,3,train
357,4,train
358,0,train
358,1,train
358,2,val
358,3,train
358,4,train
359,0,train
359,1,train
359,2,train
359,3,train
359,4,val
35,0,train
35,1,train
35,2,train
35,3,train
35,4,val
360,0,val
360,1,train
360,2,train
360,3,train
360,4,train
361,0,train
361,1,val
361,2,train
361,3,train
361,4,train
362,0,train
362,1,val
362,2,train
362,3,train
362,4,train
363,0,train
363,1,train
363,2,val
363,3,train
363,4,train
364,0,val
364,1,train
364,2,train
364,3,train
364,4,train
365,0,train
365,1,val
365,2,train
365,3,train
365,4,train
366,0,train
366,1,train
366,2,train
366,3,val
366,4,train
367,0,train
367,1,train
367,2,val
367,3,train
367,4,train
368,0,train
368,1,train
368,2,train
368,3,train
368,4,val
369,0,val
369,1,train
369,2,train
369,3,train
369,4,train
36,0,train
36,1,train
36,2,train
36,3,val
36,4,train
370,0,val
370,1,train
370,2,train
370,3,train
370,4,train
371,0,val
371,1,train
371,2,train
371,3,train
371,4,train
372,0,train
372,1,val
372,2,train
372,3,train
372,4,train
373,0,train
373,1,train
373,2,train
373,3,train
373,4,val
374,0,train
374,1,train
374,2,val
374,3,train
374,4,train
375,0,train
375,1,train
375,2,train
375,3,train
375,4,val
376,0,train
376,1,train
376,2,train
376,3,train
376,4,val
377,0,train
377,1,train
377,2,val
377,3,train
377,4,train
378,0,train
378,1,val
378,2,train
378,3,train
378,4,train
379,0,train
379,1,train
379,2,train
379,3,val
379,4,train
37,0,train
37,1,train
37,2,train
37,3,train
37,4,val
380,0,train
380,1,train
380,2,val
380,3,train
380,4,train
381,0,train
381,1,val
381,2,train
381,3,train
381,4,train
382,0,train
382,1,train
382,2,train
382,3,train
382,4,val
383,0,train
383,1,train
383,2,train
383,3,train
383,4,val
384,0,train
384,1,val
384,2,train
384,3,train
384,4,train
385,0,val
385,1,train
385,2,train
385,3,train
385,4,train
386,0,train
386,1,train
386,2,train
386,3,train
386,4,val
387,0,val
387,1,train
387,2,train
387,3,train
387,4,train
388,0,train
388,1,val
388,2,train
388,3,train
388,4,train
389,0,val
389,1,train
389,2,train
389,3,train
389,4,train
38,0,train
38,1,train
38,2,val
38,3,train
38,4,train
390,0,val
390,1,train
390,2,train
390,3,train
390,4,train
391,0,train
391,1,train
391,2,val
391,3,train
391,4,train
392,0,train
392,1,val
392,2,train
392,3,train
392,4,train
393,0,train
393,1,train
393,2,train
393,3,val
393,4,train
394,0,val
394,1,train
394,2,train
394,3,train
394,4,train
395,0,val
395,1,train
395,2,train
395,3,train
395,4,train
396,0,train
396,1,train
396,2,train
396,3,val
396,4,train
397,0,train
397,1,train
397,2,train
397,3,val
397,4,train
398,0,train
398,1,train
398,2,train
398,3,train
398,4,val
399,0,train
399,1,val
399,2,train
399,3,train
399,4,train
39,0,val
39,1,train
39,2,train
39,3,train
39,4,train
3,0,train
3,1,train
3,2,train
3,3,train
3,4,val
400,0,train
400,1,val
400,2,train
400,3,train
400,4,train
401,0,val
401,1,train
401,2,train
401,3,train
401,4,train
402,0,train
402,1,val
402,2,train
402,3,train
402,4,train
403,0,train
403,1,val
403,2,train
403,3,train
403,4,train
404,0,val
404,1,train
404,2,train
404,3,train
404,4,train
405,0,val
405,1,train
405,2,train
405,3,train
405,4,train
406,0,train
406,1,val
406,2,train
406,3,train
406,4,train
407,0,val
407,1,train
407,2,train
407,3,train
407,4,train
408,0,train
408,1,val
408,2,train
408,3,train
408,4,train
409,0,train
409,1,train
409,2,val
409,3,train
409,4,train
40,0,val
40,1,train
40,2,train
40,3,train
40,4,train
410,0,train
410,1,val
410,2,train
410,3,train
410,4,train
411,0,train
411,1,train
411,2,val
411,3,train
411,4,train
412,0,val
412,1,train
412,2,train
412,3,train
412,4,train
413,0,train
413,1,val
413,2,train
413,3,train
413,4,train
414,0,train
414,1,train
414,2,val
414,3,train
414,4,train
415,0,train
415,1,val
415,2,train
415,3,train
415,4,train
416,0,train
416,1,train
416,2,val
416,3,train
416,4,train
417,0,train
417,1,train
417,2,train
417,3,val
417,4,train
418,0,train
418,1,val
418,2,train
418,3,train
418,4,train
419,0,train
419,1,val
419,2,train
419,3,train
419,4,train
41,0,train
41,1,train
41,2,val
41,3,train
41,4,train
420,0,train
420,1,train
420,2,train
420,3,val
420,4,train
421,0,train
421,1,train
421,2,train
421,3,val
421,4,train
422,0,val
422,1,train
422,2,train
422,3,train
422,4,train
423,0,train
423,1,train
423,2,train
423,3,train
423,4,val
424,0,train
424,1,train
424,2,train
424,3,val
424,4,train
425,0,train
425,1,train
425,2,val
425,3,train
425,4,train
426,0,train
426,1,train
426,2,train
426,3,val
426,4,train
427,0,train
427,1,val
427,2,train
427,3,train
427,4,train
428,0,val
428,1,train
428,2,train
428,3,train
428,4,train
429,0,train
429,1,train
429,2,val
429,3,train
429,4,train
42,0,train
42,1,train
42,2,train
42,3,train
42,4,val
430,0,train
430,1,val
430,2,train
430,3,train
430,4,train
431,0,train
431,1,val
431,2,train
431,3,train
431,4,train
432,0,train
432,1,train
432,2,train
432,3,train
432,4,val
433,0,train
433,1,train
433,2,train
433,3,val
433,4,train
434,0,train
434,1,val
434,2,train
434,3,train
434,4,train
435,0,train
435,1,train
435,2,val
435,3,train
435,4,train
436,0,train
436,1,val
436,2,train
436,3,train
436,4,train
437,0,train
437,1,train
437,2,train
437,3,val
437,4,train
438,0,train
438,1,train
438,2,train
438,3,train
438,4,val
439,0,train
439,1,train
439,2,train
439,3,train
439,4,val
43,0,train
43,1,train
43,2,train
43,3,train
43,4,val
440,0,train
440,1,train
440,2,val
440,3,train
440,4,train
441,0,train
441,1,train
441,2,val
441,3,train
441,4,train
442,0,val
442,1,train
442,2,train
442,3,train
442,4,train
443,0,train
443,1,train
443,2,train
443,3,val
443,4,train
444,0,train
444,1,train
444,2,val
444,3,train
444,4,train
445,0,train
445,1,train
445,2,train
445,3,val
445,4,train
446,0,val
446,1,train
446,2,train
446,3,train
446,4,train
447,0,train
447,1,train
447,2,val
447,3,train
447,4,train
448,0,train
448,1,val
448,2,train
448,3,train
448,4,train
449,0,train
449,1,train
449,2,val
449,3,train
449,4,train
44,0,train
44,1,val
44,2,train
44,3,train
44,4,train
450,0,train
450,1,val
450,2,train
450,3,train
450,4,train
451,0,train
451,1,val
451,2,train
451,3,train
451,4,train
452,0,train
452,1,val
452,2,train
452,3,train
452,4,train
453,0,train
453,1,train
453,2,val
453,3,train
453,4,train
454,0,val
454,1,train
454,2,train
454,3,train
454,4,train
455,0,train
455,1,train
455,2,train
455,3,val
455,4,train
456,0,train
456,1,train
456,2,train
456,3,train
456,4,val
457,0,train
457,1,val
457,2,train
457,3,train
457,4,train
458,0,train
458,1,train
458,2,train
458,3,val
458,4,train
459,0,train
459,1,val
459,2,train
459,3,train
459,4,train
45,0,train
45,1,train
45,2,train
45,3,val
45,4,train
460,0,train
460,1,train
460,2,val
460,3,train
460,4,train
461,0,train
461,1,train
461,2,val
461,3,train
461,4,train
462,0,val
462,1,train
462,2,train
462,3,train
462,4,train
463,0,train
463,1,train
463,2,train
463,3,val
463,4,train
464,0,train
464,1,train
464,2,train
464,3,val
464,4,train
465,0,train
465,1,train
465,2,train
465,3,train
465,4,val
466,0,train
466,1,train
466,2,train
466,3,val
466,4,train
467,0,val
467,1,train
467,2,train
467,3,train
467,4,train
468,0,val
468,1,train
468,2,train
468,3,train
468,4,train
469,0,val
469,1,train
469,2,train
469,3,train
469,4,train
46,0,val
46,1,train
46,2,train
46,3,train
46,4,train
470,0,train
470,1,train
470,2,train
470,3,val
470,4,train
471,0,train
471,1,train
471,2,train
471,3,val
471,4,train
472,0,train
472,1,val
472,2,train
472,3,train
472,4,train
473,0,train
473,1,train
473,2,train
473,3,train
473,4,val
474,0,train
474,1,train
474,2,train
474,3,train
474,4,val
475,0,train
475,1,val
475,2,train
475,3,train
475,4,train
476,0,train
476,1,val
476,2,train
476,3,train
476,4,train
477,0,train
477,1,train
477,2,val
477,3,train
477,4,train
478,0,train
478,1,val
478,2,train
478,3,train
478,4,train
479,0,val
479,1,train
479,2,train
479,3,train
479,4,train
47,0,train
47,1,val
47,2,train
47,3,train
47,4,train
480,0,train
480,1,val
480,2,train
480,3,train
480,4,train
481,0,val
481,1,train
481,2,train
481,3,train
481,4,train
482,0,train
482,1,val
482,2,train
482,3,train
482,4,train
483,0,train
483,1,train
483,2,train
483,3,val
483,4,train
484,0,train
484,1,val
484,2,train
484,3,train
484,4,train
485,0,train
485,1,val
485,2,train
485,3,train
485,4,train
486,0,train
486,1,train
486,2,val
486,3,train
486,4,train
487,0,train
487,1,train
487,2,val
487,3,train
487,4,train
488,0,train
488,1,train
488,2,val
488,3,train
488,4,train
489,0,train
489,1,val
489,2,train
489,3,train
489,4,train
48,0,train
48,1,val
48,2,train
48,3,train
48,4,train
490,0,train
490,1,val
490,2,train
490,3,train
490,4,train
491,0,train
491,1,train
491,2,val
491,3,train
491,4,train
492,0,val
492,1,train
492,2,train
492,3,train
492,4,train
493,0,train
493,1,val
493,2,train
493,3,train
493,4,train
494,0,train
494,1,val
494,2,train
494,3,train
494,4,train
495,0,train
495,1,train
495,2,train
495,3,val
495,4,train
496,0,train
496,1,train
496,2,train
496,3,val
496,4,train
497,0,train
497,1,train
497,2,val
497,3,train
497,4,train
498,0,train
498,1,train
498,2,train
498,3,train
498,4,val
499,0,train
499,1,train
499,2,train
499,3,train
499,4,val
49,0,train
49,1,val
49,2,train
49,3,train
49,4,train
4,0,val
4,1,train
4,2,train
4,3,train
4,4,train
500,0,train
500,1,val
500,2,train
500,3,train
500,4,train
501,0,train
501,1,train
501,2,train
501,3,train
501,4,val
502,0,train
502,1,train
502,2,train
502,3,val
502,4,train
503,0,train
503,1,train
503,2,train
503,3,val
503,4,train
504,0,train
504,1,train
504,2,train
504,3,train
504,4,val
505,0,val
505,1,train
505,2,train
505,3,train
505,4,train
506,0,train
506,1,train
506,2,train
506,3,val
506,4,train
507,0,val
507,1,train
507,2,train
507,3,train
507,4,train
508,0,train
508,1,train
508,2,val
508,3,train
508,4,train
509,0,val
509,1,train
509,2,train
509,3,train
509,4,train
50,0,train
50,1,val
50,2,train
50,3,train
50,4,train
510,0,train
510,1,train
510,2,train
510,3,train
510,4,val
511,0,train
511,1,train
511,2,train
511,3,train
511,4,val
512,0,train
512,1,train
512,2,train
512,3,val
512,4,train
513,0,train
513,1,train
513,2,train
513,3,val
513,4,train
514,0,train
514,1,train
514,2,train
514,3,train
514,4,val
515,0,train
515,1,val
515,2,train
515,3,train
515,4,train
516,0,train
516,1,train
516,2,train
516,3,train
516,4,val
517,0,train
517,1,val
517,2,train
517,3,train
517,4,train
518,0,train
518,1,train
518,2,val
518,3,train
518,4,train
519,0,train
519,1,train
519,2,train
519,3,train
519,4,val
51,0,train
51,1,train
51,2,train
51,3,train
51,4,val
520,0,train
520,1,train
520,2,train
520,3,train
520,4,val
521,0,train
521,1,train
521,2,train
521,3,train
521,4,val
522,0,train
522,1,train
522,2,train
522,3,train
522,4,val
523,0,train
523,1,train
523,2,train
523,3,val
523,4,train
524,0,train
524,1,train
524,2,val
524,3,train
524,4,train
525,0,train
525,1,train
525,2,val
525,3,train
525,4,train
526,0,train
526,1,train
526,2,train
526,3,val
526,4,train
527,0,train
527,1,train
527,2,train
527,3,train
527,4,val
528,0,train
528,1,train
528,2,train
528,3,train
528,4,val
529,0,train
529,1,train
529,2,val
529,3,train
529,4,train
52,0,train
52,1,train
52,2,train
52,3,train
52,4,val
530,0,val
530,1,train
530,2,train
530,3,train
530,4,train
531,0,train
531,1,train
531,2,train
531,3,val
531,4,train
532,0,train
532,1,train
532,2,val
532,3,train
532,4,train
533,0,train
533,1,train
533,2,val
533,3,train
533,4,train
534,0,train
534,1,val
534,2,train
534,3,train
534,4,train
535,0,val
535,1,train
535,2,train
535,3,train
535,4,train
536,0,val
536,1,train
536,2,train
536,3,train
536,4,train
537,0,train
537,1,train
537,2,train
537,3,val
537,4,train
538,0,train
538,1,train
538,2,val
538,3,train
538,4,train
539,0,train
539,1,train
539,2,train
539,3,val
539,4,train
53,0,val
53,1,train
53,2,train
53,3,train
53,4,train
540,0,train
540,1,train
540,2,train
540,3,val
540,4,train
541,0,train
541,1,train
541,2,val
541,3,train
541,4,train
542,0,train
542,1,train
542,2,val
542,3,train
542,4,train
543,0,train
543,1,val
543,2,train
543,3,train
543,4,train
544,0,val
544,1,train
544,2,train
544,3,train
544,4,train
545,0,train
545,1,train
545,2,train
545,3,val
545,4,train
546,0,train
546,1,val
546,2,train
546,3,train
546,4,train
547,0,train
547,1,train
547,2,train
547,3,train
547,4,val
548,0,val
548,1,train
548,2,train
548,3,train
548,4,train
549,0,train
549,1,train
549,2,train
549,3,val
549,4,train
54,0,train
54,1,val
54,2,train
54,3,train
54,4,train
550,0,train
550,1,train
550,2,train
550,3,train
550,4,val
551,0,train
551,1,train
551,2,train
551,3,train
551,4,val
552,0,train
552,1,val
552,2,train
552,3,train
552,4,train
553,0,train
553,1,val
553,2,train
553,3,train
553,4,train
554,0,train
554,1,train
554,2,train
554,3,train
554,4,val
555,0,train
555,1,train
555,2,val
555,3,train
555,4,train
556,0,train
556,1,val
556,2,train
556,3,train
556,4,train
557,0,train
557,1,train
557,2,train
557,3,val
557,4,train
558,0,val
558,1,train
558,2,train
558,3,train
558,4,train
559,0,train
559,1,train
559,2,train
559,3,train
559,4,val
55,0,train
55,1,val
55,2,train
55,3,train
55,4,train
560,0,train
560,1,train
560,2,train
560,3,train
560,4,val
561,0,val
561,1,train
561,2,train
561,3,train
561,4,train
562,0,train
562,1,train
562,2,train
562,3,val
562,4,train
563,0,train
563,1,train
563,2,val
563,3,train
563,4,train
564,0,train
564,1,train
564,2,train
564,3,val
564,4,train
565,0,val
565,1,train
565,2,train
565,3,train
565,4,train
566,0,train
566,1,train
566,2,train
566,3,train
566,4,val
567,0,train
567,1,val
567,2,train
567,3,train
567,4,train
568,0,train
568,1,train
568,2,train
568,3,val
568,4,train
569,0,train
569,1,val
569,2,train
569,3,train
569,4,train
56,0,train
56,1,train
56,2,val
56,3,train
56,4,train
570,0,train
570,1,train
570,2,train
570,3,val
570,4,train
571,0,train
571,1,train
571,2,train
571,3,train
571,4,val
572,0,val
572,1,train
572,2,train
572,3,train
572,4,train
573,0,train
573,1,train
573,2,train
573,3,val
573,4,train
574,0,train
574,1,val
574,2,train
574,3,train
574,4,train
575,0,val
575,1,train
575,2,train
575,3,train
575,4,train
576,0,train
576,1,train
576,2,train
576,3,train
576,4,val
577,0,train
577,1,val
577,2,train
577,3,train
577,4,train
578,0,train
578,1,train
578,2,val
578,3,train
578,4,train
579,0,train
579,1,train
579,2,train
579,3,val
579,4,train
57,0,train
57,1,train
57,2,train
57,3,val
57,4,train
580,0,val
580,1,train
580,2,train
580,3,train
580,4,train
581,0,train
581,1,train
581,2,val
581,3,train
581,4,train
582,0,val
582,1,train
582,2,train
582,3,train
582,4,train
583,0,train
583,1,val
583,2,train
583,3,train
583,4,train
584,0,train
584,1,train
584,2,train
584,3,train
584,4,val
585,0,train
585,1,val
585,2,train
585,3,train
585,4,train
586,0,val
586,1,train
586,2,train
586,3,train
586,4,train
587,0,train
587,1,train
587,2,val
587,3,train
587,4,train
588,0,train
588,1,train
588,2,train
588,3,val
588,4,train
589,0,val
589,1,train
589,2,train
589,3,train
589,4,train
58,0,train
58,1,train
58,2,train
58,3,val
58,4,train
590,0,train
590,1,train
590,2,val
590,3,train
590,4,train
591,0,train
591,1,train
591,2,train
591,3,train
591,4,val
592,0,train
592,1,train
592,2,val
592,3,train
592,4,train
593,0,train
593,1,train
593,2,val
593,3,train
593,4,train
594,0,train
594,1,train
594,2,val
594,3,train
594,4,train
595,0,train
595,1,train
595,2,val
595,3,train
595,4,train
596,0,val
596,1,train
596,2,train
596,3,train
596,4,train
597,0,val
597,1,train
597,2,train
597,3,train
597,4,train
598,0,train
598,1,val
598,2,train
598,3,train
598,4,train
599,0,val
599,1,train
599,2,train
599,3,train
599,4,train
59,0,val
59,1,train
59,2,train
59,3,train
59,4,train
5,0,val
5,1,train
5,2,train
5,3,train
5,4,train
600,0,train
600,1,train
600,2,val
600,3,train
600,4,train
601,0,train
601,1,val
601,2,train
601,3,train
601,4,train
602,0,train
602,1,train
602,2,val
602,3,train
602,4,train
603,0,train
603,1,train
603,2,val
603,3,train
603,4,train
604,0,train
604,1,train
604,2,val
604,3,train
604,4,train
605,0,train
605,1,train
605,2,train
605,3,train
605,4,val
606,0,train
606,1,val
606,2,train
606,3,train
606,4,train
607,0,train
607,1,train
607,2,train
607,3,train
607,4,val
608,0,val
608,1,train
608,2,train
608,3,train
608,4,train
609,0,val
609,1,train
609,2,train
609,3,train
609,4,train
60,0,train
60,1,val
60,2,train
60,3,train
60,4,train
610,0,train
610,1,val
610,2,train
610,3,train
610,4,train
611,0,train
611,1,val
611,2,train
611,3,train
611,4,train
612,0,val
612,1,train
612,2,train
612,3,train
612,4,train
613,0,train
613,1,train
613,2,train
613,3,train
613,4,val
614,0,train
614,1,val
614,2,train
614,3,train
614,4,train
615,0,train
615,1,train
615,2,train
615,3,val
615,4,train
616,0,val
616,1,train
616,2,train
616,3,train
616,4,train
617,0,train
617,1,train
617,2,train
617,3,train
617,4,val
618,0,val
618,1,train
618,2,train
618,3,train
618,4,train
619,0,train
619,1,val
619,2,train
619,3,train
619,4,train
61,0,train
61,1,val
61,2,train
61,3,train
61,4,train
620,0,train
620,1,train
620,2,train
620,3,val
620,4,train
621,0,train
621,1,train
621,2,train
621,3,val
621,4,train
622,0,train
622,1,train
622,2,train
622,3,train
622,4,val
623,0,val
623,1,train
623,2,train
623,3,train
623,4,train
624,0,train
624,1,val
624,2,train
624,3,train
624,4,train
625,0,train
625,1,val
625,2,train
625,3,train
625,4,train
626,0,train
626,1,train
626,2,train
626,3,train
626,4,val
627,0,train
627,1,train
627,2,val
627,3,train
627,4,train
628,0,val
628,1,train
628,2,train
628,3,train
628,4,train
629,0,train
629,1,val
629,2,train
629,3,train
629,4,train
62,0,val
62,1,train
62,2,train
62,3,train
62,4,train
630,0,train
630,1,val
630,2,train
630,3,train
630,4,train
631,0,train
631,1,val
631,2,train
631,3,train
631,4,train
632,0,train
632,1,train
632,2,val
632,3,train
632,4,train
633,0,val
633,1,train
633,2,train
633,3,train
633,4,train
634,0,train
634,1,train
634,2,train
634,3,train
634,4,val
635,0,train
635,1,train
635,2,train
635,3,train
635,4,val
636,0,train
636,1,train
636,2,train
636,3,train
636,4,val
637,0,train
637,1,train
637,2,train
637,3,val
637,4,train
638,0,val
638,1,train
638,2,train
638,3,train
638,4,train
639,0,train
639,1,train
639,2,val
639,3,train
639,4,train
63,0,train
63,1,train
63,2,train
63,3,val
63,4,train
640,0,train
640,1,train
640,2,train
640,3,val
640,4,train
641,0,train
641,1,val
641,2,train
641,3,train
641,4,train
642,0,train
642,1,train
642,2,train
642,3,train
642,4,val
643,0,train
643,1,train
643,2,train
643,3,val
643,4,train
644,0,train
644,1,train
644,2,train
644,3,val
644,4,train
645,0,train
645,1,val
645,2,train
645,3,train
645,4,train
646,0,val
646,1,train
646,2,train
646,3,train
646,4,train
647,0,train
647,1,train
647,2,train
647,3,train
647,4,val
648,0,val
648,1,train
648,2,train
648,3,train
648,4,train
649,0,val
649,1,train
649,2,train
649,3,train
649,4,train
64,0,train
64,1,train
64,2,train
64,3,val
64,4,train
650,0,train
650,1,train
650,2,train
650,3,val
650,4,train
651,0,train
651,1,val
651,2,train
651,3,train
651,4,train
652,0,train
652,1,val
652,2,train
652,3,train
652,4,train
653,0,val
653,1,train
653,2,train
653,3,train
653,4,train
654,0,train
654,1,val
654,2,train
654,3,train
654,4,train
655,0,train
655,1,train
655,2,val
655,3,train
655,4,train
656,0,train
656,1,val
656,2,train
656,3,train
656,4,train
657,0,train
657,1,train
657,2,val
657,3,train
657,4,train
658,0,train
658,1,train
658,2,train
658,3,val
658,4,train
659,0,val
659,1,train
659,2,train
659,3,train
659,4,train
65,0,train
65,1,val
65,2,train
65,3,train
65,4,train
660,0,train
660,1,train
660,2,val
660,3,train
660,4,train
661,0,train
661,1,train
661,2,train
661,3,train
661,4,val
662,0,val
662,1,train
662,2,train
662,3,train
662,4,train
663,0,train
663,1,train
663,2,train
663,3,train
663,4,val
664,0,train
664,1,val
664,2,train
664,3,train
664,4,train
665,0,train
665,1,train
665,2,train
665,3,val
665,4,train
666,0,train
666,1,train
666,2,val
666,3,train
666,4,train
667,0,train
667,1,val
667,2,train
667,3,train
667,4,train
668,0,train
668,1,train
668,2,train
668,3,val
668,4,train
669,0,train
669,1,train
669,2,train
669,3,train
669,4,val
66,0,train
66,1,train
66,2,train
66,3,val
66,4,train
670,0,train
670,1,train
670,2,train
670,3,train
670,4,val
671,0,train
671,1,val
671,2,train
671,3,train
671,4,train
672,0,val
672,1,train
672,2,train
672,3,train
672,4,train
673,0,train
673,1,train
673,2,train
673,3,val
673,4,train
674,0,train
674,1,train
674,2,train
674,3,train
674,4,val
675,0,val
675,1,train
675,2,train
675,3,train
675,4,train
676,0,val
676,1,train
676,2,train
676,3,train
676,4,train
677,0,train
677,1,train
677,2,train
677,3,train
677,4,val
678,0,train
678,1,train
678,2,train
678,3,train
678,4,val
679,0,train
679,1,train
679,2,train
679,3,val
679,4,train
67,0,train
67,1,train
67,2,train
67,3,train
67,4,val
680,0,train
680,1,val
680,2,train
680,3,train
680,4,train
681,0,train
681,1,train
681,2,val
681,3,train
681,4,train
682,0,train
682,1,val
682,2,train
682,3,train
682,4,train
683,0,train
683,1,train
683,2,train
683,3,train
683,4,val
684,0,train
684,1,train
684,2,train
684,3,train
684,4,val
685,0,train
685,1,val
685,2,train
685,3,train
685,4,train
686,0,train
686,1,val
686,2,train
686,3,train
686,4,train
687,0,train
687,1,train
687,2,train
687,3,val
687,4,train
688,0,train
688,1,train
688,2,val
688,3,train
688,4,train
689,0,train
689,1,val
689,2,train
689,3,train
689,4,train
68,0,train
68,1,train
68,2,train
68,3,val
68,4,train
690,0,train
690,1,train
690,2,train
690,3,val
690,4,train
691,0,val
691,1,train
691,2,train
691,3,train
691,4,train
692,0,train
692,1,train
692,2,val
692,3,train
692,4,train
693,0,train
693,1,train
693,2,train
693,3,train
693,4,val
694,0,val
694,1,train
694,2,train
694,3,train
694,4,train
695,0,train
695,1,train
695,2,train
695,3,val
695,4,train
696,0,train
696,1,train
696,2,train
696,3,train
696,4,val
697,0,train
697,1,train
697,2,train
697,3,val
697,4,train
698,0,train
698,1,val
698,2,train
698,3,train
698,4,train
699,0,train
699,1,train
699,2,train
699,3,train
699,4,val
69,0,train
69,1,train
69,2,train
69,3,val
69,4,train
6,0,val
6,1,train
6,2,train
6,3,train
6,4,train
700,0,val
700,1,train
700,2,train
700,3,train
700,4,train
701,0,train
701,1,train
701,2,val
701,3,train
701,4,train
702,0,train
702,1,train
702,2,train
702,3,train
702,4,val
703,0,train
703,1,train
703,2,train
703,3,val
703,4,train
704,0,train
704,1,train
704,2,val
704,3,train
704,4,train
705,0,train
705,1,train
705,2,train
705,3,train
705,4,val
706,0,train
706,1,train
706,2,val
706,3,train
706,4,train
707,0,train
707,1,train
707,2,train
707,3,val
707,4,train
708,0,val
708,1,train
708,2,train
708,3,train
708,4,train
709,0,train
709,1,val
709,2,train
709,3,train
709,4,train
70,0,train
70,1,train
70,2,train
70,3,val
70,4,train
710,0,val
710,1,train
710,2,train
710,3,train
710,4,train
711,0,train
711,1,train
711,2,train
711,3,val
711,4,train
712,0,val
712,1,train
712,2,train
712,3,train
712,4,train
713,0,train
713,1,train
713,2,train
713,3,train
713,4,val
714,0,train
714,1,train
714,2,val
714,3,train
714,4,train
715,0,train
715,1,train
715,2,val
715,3,train
715,4,train
716,0,train
716,1,val
716,2,train
716,3,train
716,4,train
717,0,train
717,1,train
717,2,val
717,3,train
717,4,train
718,0,train
718,1,train
718,2,train
718,3,val
718,4,train
719,0,train
719,1,val
719,2,train
719,3,train
719,4,train
71,0,train
71,1,train
71,2,val
71,3,train
71,4,train
720,0,train
720,1,val
720,2,train
720,3,train
720,4,train
721,0,train
721,1,train
721,2,val
721,3,train
721,4,train
722,0,train
722,1,train
722,2,train
722,3,val
722,4,train
723,0,train
723,1,train
723,2,train
723,3,val
723,4,train
724,0,train
724,1,train
724,2,train
724,3,train
724,4,val
725,0,train
725,1,train
725,2,val
725,3,train
725,4,train
726,0,train
726,1,train
726,2,train
726,3,train
726,4,val
727,0,train
727,1,train
727,2,val
727,3,train
727,4,train
728,0,train
728,1,train
728,2,val
728,3,train
728,4,train
729,0,train
729,1,train
729,2,val
729,3,train
729,4,train
72,0,train
72,1,train
72,2,train
72,3,train
72,4,val
730,0,val
730,1,train
730,2,train
730,3,train
730,4,train
731,0,train
731,1,train
731,2,train
731,3,val
731,4,train
732,0,train
732,1,train
732,2,train
732,3,val
732,4,train
733,0,train
733,1,train
733,2,train
733,3,val
733,4,train
734,0,train
734,1,train
734,2,train
734,3,train
734,4,val
735,0,train
735,1,train
735,2,train
735,3,train
735,4,val
736,0,train
736,1,train
736,2,val
736,3,train
736,4,train
737,0,train
737,1,train
737,2,train
737,3,train
737,4,val
738,0,train
738,1,train
738,2,train
738,3,train
738,4,val
739,0,train
739,1,train
739,2,val
739,3,train
739,4,train
73,0,train
73,1,train
73,2,val
73,3,train
73,4,train
740,0,val
740,1,train
740,2,train
740,3,train
740,4,train
741,0,train
741,1,train
741,2,train
741,3,train
741,4,val
742,0,train
742,1,train
742,2,val
742,3,train
742,4,train
743,0,val
743,1,train
743,2,train
743,3,train
743,4,train
744,0,train
744,1,train
744,2,train
744,3,val
744,4,train
745,0,train
745,1,train
745,2,train
745,3,val
745,4,train
746,0,train
746,1,val
746,2,train
746,3,train
746,4,train
747,0,val
747,1,train
747,2,train
747,3,train
747,4,train
748,0,train
748,1,val
748,2,train
748,3,train
748,4,train
749,0,train
749,1,train
749,2,train
749,3,val
749,4,train
74,0,train
74,1,val
74,2,train
74,3,train
74,4,train
750,0,train
750,1,train
750,2,train
750,3,train
750,4,val
751,0,train
751,1,train
751,2,val
751,3,train
751,4,train
752,0,train
752,1,train
752,2,val
752,3,train
752,4,train
753,0,train
753,1,val
753,2,train
753,3,train
753,4,train
754,0,train
754,1,train
754,2,train
754,3,train
754,4,val
755,0,train
755,1,train
755,2,train
755,3,val
755,4,train
756,0,train
756,1,train
756,2,train
756,3,val
756,4,train
757,0,train
757,1,train
757,2,val
757,3,train
757,4,train
758,0,val
758,1,train
758,2,train
758,3,train
758,4,train
759,0,train
759,1,train
759,2,train
759,3,val
759,4,train
75,0,train
75,1,train
75,2,train
75,3,val
75,4,train
760,0,val
760,1,train
760,2,train
760,3,train
760,4,train
761,0,train
761,1,train
761,2,train
761,3,train
761,4,val
762,0,train
762,1,train
762,2,train
762,3,train
762,4,val
763,0,val
763,1,train
763,2,train
763,3,train
763,4,train
764,0,train
764,1,train
764,2,train
764,3,train
764,4,val
765,0,train
765,1,train
765,2,val
765,3,train
765,4,train
766,0,train
766,1,train
766,2,train
766,3,val
766,4,train
767,0,train
767,1,val
767,2,train
767,3,train
767,4,train
768,0,train
768,1,train
768,2,train
768,3,val
768,4,train
769,0,train
769,1,val
769,2,train
769,3,train
769,4,train
76,0,val
76,1,train
76,2,train
76,3,train
76,4,train
770,0,train
770,1,train
770,2,train
770,3,val
770,4,train
771,0,val
771,1,train
771,2,train
771,3,train
771,4,train
772,0,train
772,1,val
772,2,train
772,3,train
772,4,train
773,0,train
773,1,train
773,2,train
773,3,val
773,4,train
774,0,train
774,1,train
774,2,train
774,3,val
774,4,train
775,0,train
775,1,train
775,2,train
775,3,val
775,4,train
776,0,train
776,1,train
776,2,train
776,3,val
776,4,train
777,0,train
777,1,train
777,2,val
777,3,train
777,4,train
778,0,train
778,1,train
778,2,train
778,3,val
778,4,train
779,0,train
779,1,train
779,2,train
779,3,val
779,4,train
77,0,train
77,1,train
77,2,train
77,3,train
77,4,val
780,0,train
780,1,train
780,2,train
780,3,train
780,4,val
781,0,train
781,1,val
781,2,train
781,3,train
781,4,train
782,0,val
782,1,train
782,2,train
782,3,train
782,4,train
783,0,train
783,1,val
783,2,train
783,3,train
783,4,train
784,0,train
784,1,val
784,2,train
784,3,train
784,4,train
785,0,train
785,1,train
785,2,train
785,3,val
785,4,train
786,0,train
786,1,train
786,2,val
786,3,train
786,4,train
787,0,val
787,1,train
787,2,train
787,3,train
787,4,train
788,0,train
788,1,train
788,2,train
788,3,val
788,4,train
789,0,train
789,1,train
789,2,train
789,3,val
789,4,train
78,0,val
78,1,train
78,2,train
78,3,train
78,4,train
790,0,train
790,1,train
790,2,train
790,3,train
790,4,val
791,0,train
791,1,train
791,2,val
791,3,train
791,4,train
792,0,train
792,1,train
792,2,val
792,3,train
792,4,train
793,0,train
793,1,train
793,2,val
793,3,train
793,4,train
794,0,train
794,1,train
794,2,val
794,3,train
794,4,train
795,0,train
795,1,train
795,2,val
795,3,train
795,4,train
796,0,train
796,1,train
796,2,train
796,3,train
796,4,val
797,0,val
797,1,train
797,2,train
797,3,train
797,4,train
798,0,val
798,1,train
798,2,train
798,3,train
798,4,train
799,0,train
799,1,train
799,2,train
799,3,val
799,4,train
79,0,train
79,1,train
79,2,train
79,3,train
79,4,val
7,0,train
7,1,train
7,2,val
7,3,train
7,4,train
800,0,train
800,1,train
800,2,train
800,3,train
800,4,val
801,0,val
801,1,train
801,2,train
801,3,train
801,4,train
802,0,train
802,1,train
802,2,val
802,3,train
802,4,train
803,0,train
803,1,train
803,2,val
803,3,train
803,4,train
804,0,train
804,1,train
804,2,val
804,3,train
804,4,train
805,0,train
805,1,train
805,2,train
805,3,val
805,4,train
806,0,val
806,1,train
806,2,train
806,3,train
806,4,train
807,0,train
807,1,val
807,2,train
807,3,train
807,4,train
808,0,train
808,1,train
808,2,train
808,3,train
808,4,val
809,0,train
809,1,train
809,2,train
809,3,train
809,4,val
80,0,val
80,1,train
80,2,train
80,3,train
80,4,train
810,0,train
810,1,train
810,2,train
810,3,val
810,4,train
811,0,val
811,1,train
811,2,train
811,3,train
811,4,train
812,0,train
812,1,train
812,2,val
812,3,train
812,4,train
813,0,train
813,1,val
813,2,train
813,3,train
813,4,train
814,0,train
814,1,val
814,2,train
814,3,train
814,4,train
815,0,train
815,1,train
815,2,train
815,3,train
815,4,val
816,0,val
816,1,train
816,2,train
816,3,train
816,4,train
817,0,train
817,1,train
817,2,train
817,3,train
817,4,val
818,0,train
818,1,train
818,2,val
818,3,train
818,4,train
819,0,train
819,1,train
819,2,train
819,3,train
819,4,val
81,0,train
81,1,val
81,2,train
81,3,train
81,4,train
820,0,train
820,1,val
820,2,train
820,3,train
820,4,train
821,0,train
821,1,val
821,2,train
821,3,train
821,4,train
822,0,train
822,1,train
822,2,val
822,3,train
822,4,train
823,0,val
823,1,train
823,2,train
823,3,train
823,4,train
824,0,train
824,1,train
824,2,val
824,3,train
824,4,train
825,0,train
825,1,train
825,2,train
825,3,train
825,4,val
826,0,train
826,1,train
826,2,val
826,3,train
826,4,train
827,0,val
827,1,train
827,2,train
827,3,train
827,4,train
828,0,val
828,1,train
828,2,train
828,3,train
828,4,train
829,0,train
829,1,train
829,2,val
829,3,train
829,4,train
82,0,train
82,1,val
82,2,train
82,3,train
82,4,train
830,0,train
830,1,train
830,2,train
830,3,val
830,4,train
831,0,train
831,1,train
831,2,val
831,3,train
831,4,train
832,0,val
832,1,train
832,2,train
832,3,train
832,4,train
833,0,train
833,1,val
833,2,train
833,3,train
833,4,train
834,0,train
834,1,train
834,2,train
834,3,train
834,4,val
835,0,train
835,1,val
835,2,train
835,3,train
835,4,train
836,0,train
836,1,train
836,2,val
836,3,train
836,4,train
837,0,train
837,1,train
837,2,train
837,3,val
837,4,train
838,0,train
838,1,val
838,2,train
838,3,train
838,4,train
839,0,val
839,1,train
839,2,train
839,3,train
839,4,train
83,0,train
83,1,train
83,2,train
83,3,val
83,4,train
840,0,val
840,1,train
840,2,train
840,3,train
840,4,train
841,0,train
841,1,val
841,2,train
841,3,train
841,4,train
842,0,train
842,1,train
842,2,train
842,3,val
842,4,train
843,0,train
843,1,train
843,2,train
843,3,val
843,4,train
844,0,train
844,1,train
844,2,train
844,3,val
844,4,train
845,0,train
845,1,val
845,2,train
845,3,train
845,4,train
846,0,train
846,1,train
846,2,train
846,3,val
846,4,train
847,0,val
847,1,train
847,2,train
847,3,train
847,4,train
848,0,val
848,1,train
848,2,train
848,3,train
848,4,train
849,0,val
849,1,train
849,2,train
849,3,train
849,4,train
84,0,train
84,1,val
84,2,train
84,3,train
84,4,train
850,0,train
850,1,train
850,2,train
850,3,train
850,4,val
851,0,train
851,1,train
851,2,train
851,3,train
851,4,val
852,0,val
852,1,train
852,2,train
852,3,train
852,4,train
853,0,train
853,1,train
853,2,train
853,3,val
853,4,train
854,0,train
854,1,train
854,2,train
854,3,train
854,4,val
855,0,train
855,1,train
855,2,val
855,3,train
855,4,train
856,0,train
856,1,train
856,2,val
856,3,train
856,4,train
857,0,train
857,1,val
857,2,train
857,3,train
857,4,train
858,0,val
858,1,train
858,2,train
858,3,train
858,4,train
859,0,train
859,1,train
859,2,train
859,3,train
859,4,val
85,0,train
85,1,train
85,2,val
85,3,train
85,4,train
860,0,train
860,1,train
860,2,train
860,3,train
860,4,val
861,0,train
861,1,train
861,2,train
861,3,train
861,4,val
862,0,train
862,1,val
862,2,train
862,3,train
862,4,train
863,0,train
863,1,val
863,2,train
863,3,train
863,4,train
864,0,train
864,1,train
864,2,val
864,3,train
864,4,train
865,0,train
865,1,train
865,2,train
865,3,val
865,4,train
866,0,train
866,1,train
866,2,train
866,3,val
866,4,train
867,0,train
867,1,train
867,2,train
867,3,train
867,4,val
868,0,train
868,1,train
868,2,val
868,3,train
868,4,train
869,0,train
869,1,train
869,2,train
869,3,val
869,4,train
86,0,train
86,1,train
86,2,train
86,3,val
86,4,train
870,0,train
870,1,train
870,2,val
870,3,train
870,4,train
871,0,train
871,1,train
871,2,val
871,3,train
871,4,train
872,0,val
872,1,train
872,2,train
872,3,train
872,4,train
873,0,train
873,1,val
873,2,train
873,3,train
873,4,train
874,0,train
874,1,train
874,2,train
874,3,val
874,4,train
875,0,val
875,1,train
875,2,train
875,3,train
875,4,train
876,0,train
876,1,train
876,2,val
876,3,train
876,4,train
877,0,train
877,1,train
877,2,train
877,3,train
877,4,val
878,0,val
878,1,train
878,2,train
878,3,train
878,4,train
879,0,train
879,1,val
879,2,train
879,3,train
879,4,train
87,0,train
87,1,train
87,2,train
87,3,train
87,4,val
880,0,val
880,1,train
880,2,train
880,3,train
880,4,train
881,0,train
881,1,train
881,2,val
881,3,train
881,4,train
882,0,val
882,1,train
882,2,train
882,3,train
882,4,train
883,0,train
883,1,train
883,2,train
883,3,train
883,4,val
884,0,val
884,1,train
884,2,train
884,3,train
884,4,train
885,0,train
885,1,train
885,2,train
885,3,val
885,4,train
886,0,train
886,1,train
886,2,train
886,3,val
886,4,train
887,0,train
887,1,train
887,2,val
887,3,train
887,4,train
888,0,train
888,1,train
888,2,train
888,3,train
888,4,val
889,0,val
889,1,train
889,2,train
889,3,train
889,4,train
88,0,train
88,1,train
88,2,train
88,3,train
88,4,val
890,0,val
890,1,train
890,2,train
890,3,train
890,4,train
891,0,train
891,1,train
891,2,train
891,3,val
891,4,train
892,0,train
892,1,train
892,2,train
892,3,train
892,4,val
893,0,val
893,1,train
893,2,train
893,3,train
893,4,train
894,0,train
894,1,train
894,2,train
894,3,val
894,4,train
895,0,val
895,1,train
895,2,train
895,3,train
895,4,train
896,0,train
896,1,train
896,2,val
896,3,train
896,4,train
897,0,train
897,1,val
897,2,train
897,3,train
897,4,train
898,0,val
898,1,train
898,2,train
898,3,train
898,4,train
899,0,train
899,1,val
899,2,train
899,3,train
899,4,train
89,0,train
89,1,train
89,2,train
89,3,train
89,4,val
8,0,train
8,1,train
8,2,train
8,3,train
8,4,val
900,0,train
900,1,val
900,2,train
900,3,train
900,4,train
901,0,train
901,1,train
901,2,train
901,3,val
901,4,train
902,0,train
902,1,train
902,2,train
902,3,train
902,4,val
903,0,train
903,1,train
903,2,val
903,3,train
903,4,train
904,0,train
904,1,train
904,2,val
904,3,train
904,4,train
905,0,train
905,1,val
905,2,train
905,3,train
905,4,train
906,0,train
906,1,train
906,2,val
906,3,train
906,4,train
907,0,train
907,1,train
907,2,val
907,3,train
907,4,train
908,0,train
908,1,val
908,2,train
908,3,train
908,4,train
909,0,train
909,1,train
909,2,train
909,3,val
909,4,train
90,0,train
90,1,train
90,2,val
90,3,train
90,4,train
910,0,train
910,1,train
910,2,val
910,3,train
910,4,train
911,0,train
911,1,val
911,2,train
911,3,train
911,4,train
912,0,train
912,1,train
912,2,train
912,3,train
912,4,val
913,0,train
913,1,train
913,2,train
913,3,val
913,4,train
914,0,train
914,1,train
914,2,train
914,3,train
914,4,val
915,0,train
915,1,train
915,2,train
915,3,train
915,4,val
916,0,train
916,1,train
916,2,val
916,3,train
916,4,train
917,0,train
917,1,train
917,2,train
917,3,val
917,4,train
918,0,train
918,1,train
918,2,train
918,3,train
918,4,val
919,0,val
919,1,train
919,2,train
919,3,train
919,4,train
91,0,train
91,1,train
91,2,val
91,3,train
91,4,train
920,0,train
920,1,train
920,2,val
920,3,train
920,4,train
921,0,train
921,1,train
921,2,val
921,3,train
921,4,train
922,0,train
922,1,train
922,2,train
922,3,val
922,4,train
923,0,train
923,1,train
923,2,train
923,3,train
923,4,val
924,0,train
924,1,train
924,2,train
924,3,val
924,4,train
925,0,train
925,1,train
925,2,val
925,3,train
925,4,train
926,0,val
926,1,train
926,2,train
926,3,train
926,4,train
927,0,train
927,1,val
927,2,train
927,3,train
927,4,train
928,0,train
928,1,train
928,2,train
928,3,val
928,4,train
929,0,train
929,1,val
929,2,train
929,3,train
929,4,train
92,0,val
92,1,train
92,2,train
92,3,train
92,4,train
930,0,train
930,1,val
930,2,train
930,3,train
930,4,train
931,0,train
931,1,train
931,2,val
931,3,train
931,4,train
932,0,train
932,1,train
932,2,train
932,3,train
932,4,val
933,0,train
933,1,val
933,2,train
933,3,train
933,4,train
934,0,train
934,1,train
934,2,train
934,3,val
934,4,train
935,0,train
935,1,train
935,2,train
935,3,val
935,4,train
936,0,val
936,1,train
936,2,train
936,3,train
936,4,train
937,0,train
937,1,train
937,2,train
937,3,train
937,4,val
938,0,train
938,1,train
938,2,val
938,3,train
938,4,train
939,0,train
939,1,train
939,2,train
939,3,train
939,4,val
93,0,train
93,1,train
93,2,train
93,3,val
93,4,train
940,0,train
940,1,train
940,2,train
940,3,train
940,4,val
941,0,train
941,1,train
941,2,val
941,3,train
941,4,train
942,0,train
942,1,train
942,2,train
942,3,val
942,4,train
943,0,train
943,1,train
943,2,train
943,3,val
943,4,train
944,0,train
944,1,val
944,2,train
944,3,train
944,4,train
945,0,train
945,1,val
945,2,train
945,3,train
945,4,train
946,0,train
946,1,train
946,2,train
946,3,val
946,4,train
947,0,train
947,1,val
947,2,train
947,3,train
947,4,train
948,0,train
948,1,train
948,2,val
948,3,train
948,4,train
949,0,train
949,1,train
949,2,val
949,3,train
949,4,train
94,0,train
94,1,val
94,2,train
94,3,train
94,4,train
950,0,train
950,1,val
950,2,train
950,3,train
950,4,train
951,0,train
951,1,val
951,2,train
951,3,train
951,4,train
952,0,train
952,1,val
952,2,train
952,3,train
952,4,train
953,0,train
953,1,val
953,2,train
953,3,train
953,4,train
954,0,train
954,1,val
954,2,train
954,3,train
954,4,train
955,0,train
955,1,train
955,2,train
955,3,train
955,4,val
956,0,val
956,1,train
956,2,train
956,3,train
956,4,train
957,0,train
957,1,train
957,2,val
957,3,train
957,4,train
958,0,val
958,1,train
958,2,train
958,3,train
958,4,train
959,0,train
959,1,train
959,2,train
959,3,train
959,4,val
95,0,train
95,1,train
95,2,train
95,3,train
95,4,val
960,0,val
960,1,train
960,2,train
960,3,train
960,4,train
961,0,val
961,1,train
961,2,train
961,3,train
961,4,train
962,0,train
962,1,train
962,2,train
962,3,val
962,4,train
963,0,val
963,1,train
963,2,train
963,3,train
963,4,train
964,0,train
964,1,train
964,2,train
964,3,train
964,4,val
965,0,train
965,1,train
965,2,train
965,3,val
965,4,train
966,0,train
966,1,train
966,2,train
966,3,train
966,4,val
967,0,train
967,1,train
967,2,train
967,3,val
967,4,train
968,0,train
968,1,train
968,2,train
968,3,train
968,4,val
969,0,train
969,1,val
969,2,train
969,3,train
969,4,train
96,0,train
96,1,val
96,2,train
96,3,train
96,4,train
970,0,train
970,1,train
970,2,train
970,3,train
970,4,val
971,0,train
971,1,train
971,2,train
971,3,val
971,4,train
972,0,train
972,1,train
972,2,val
972,3,train
972,4,train
973,0,train
973,1,train
973,2,val
973,3,train
973,4,train
974,0,val
974,1,train
974,2,train
974,3,train
974,4,train
975,0,train
975,1,train
975,2,train
975,3,train
975,4,val
976,0,train
976,1,val
976,2,train
976,3,train
976,4,train
977,0,train
977,1,train
977,2,train
977,3,val
977,4,train
978,0,train
978,1,train
978,2,train
978,3,val
978,4,train
979,0,train
979,1,val
979,2,train
979,3,train
979,4,train
97,0,train
97,1,val
97,2,train
97,3,train
97,4,train
980,0,train
980,1,train
980,2,train
980,3,train
980,4,val
981,0,train
981,1,val
981,2,train
981,3,train
981,4,train
982,0,train
982,1,train
982,2,val
982,3,train
982,4,train
983,0,train
983,1,train
983,2,val
983,3,train
983,4,train
984,0,train
984,1,train
984,2,train
984,3,train
984,4,val
985,0,train
985,1,val
985,2,train
985,3,train
985,4,train
986,0,train
986,1,train
986,2,train
986,3,val
986,4,train
987,0,train
987,1,train
987,2,train
987,3,train
987,4,val
988,0,train
988,1,train
988,2,train
988,3,train
988,4,val
989,0,val
989,1,train
989,2,train
989,3,train
989,4,train
98,0,val
98,1,train
98,2,train
98,3,train
98,4,train
990,0,train
990,1,train
990,2,train
990,3,val
990,4,train
991,0,val
991,1,train
991,2,train
991,3,train
991,4,train
992,0,train
992,1,train
992,2,train
992,3,train
992,4,val
993,0,train
993,1,train
993,2,train
993,3,train
993,4,val
994,0,val
994,1,train
994,2,train
994,3,train
994,4,train
995,0,train
995,1,train
995,2,val
995,3,train
995,4,train
996,0,train
996,1,val
996,2,train
996,3,train
996,4,train
997,0,val
997,1,train
997,2,train
997,3,train
997,4,train
998,0,train
998,1,train
998,2,train
998,3,train
998,4,val
999,0,train
999,1,val
999,2,train
999,3,train
999,4,train
99,0,val
99,1,train
99,2,train
99,3,train
99,4,train
9,0,train
9,1,train
9,2,train
9,3,val
9,4,train
