{
  "runs": {
    "A0": {
      "label": "A0",
      "arch": "official_convir",
      "mode": "original",
      "checkpoint": "/sda/home/wangyuxin/ConvIR-B/checkpoints/official/Haze4K/haze4k-base.pkl",
      "depth_mode": "none",
      "airlight_mode": "none",
      "count": 600,
      "mean_psnr": 39.35034857114156,
      "mean_ssim": 0.9957262628277143,
      "avg_time_sec_sync": 0.058539387782414756,
      "median_time_sec_sync": 0.05537402629852295,
      "peak_cuda_mem_mib": 537.50634765625
    },
    "DTA_v35_v35_fdf_rcs_l1_fdf_lite_s004_g025_bm2_seed3407_f0_quick5full_fallback_train_shuffle": {
      "label": "DTA_v35_v35_fdf_rcs_l1_fdf_lite_s004_g025_bm2_seed3407_f0_quick5full_fallback_train_shuffle",
      "arch": "dta_v3",
      "mode": "modres",
      "checkpoint": "/sda/home/wangyuxin/ConvIR-B/repos/ConvIR-B-dta-v3-5-fdf-rcs-lite/Dehazing/ITS/results/ConvIR-Haze4K-DTA-v3-5-FDF-RCS-l1_fdf_lite_s004_g025_bm2-seed3407_f0-quick5full/Training-Results/Final.pkl",
      "depth_mode": "shuffle",
      "airlight_mode": "fallback",
      "count": 600,
      "mean_psnr": 39.348472255071,
      "mean_ssim": 0.9957140478491783,
      "avg_time_sec_sync": 0.06731492797533671,
      "median_time_sec_sync": 0.06376826763153076,
      "peak_cuda_mem_mib": 601.7294921875
    }
  },
  "comparison": {
    "common_count": 600,
    "mean_psnr_delta": -0.0018763160705566407,
    "median_psnr_delta": -0.005741119384765625,
    "p5_psnr_delta": -0.310382080078125,
    "p95_psnr_delta": 0.3058368682861327,
    "hard_bottom25_psnr_delta": -0.012864201863606772,
    "easy_top25_psnr_delta": -0.0037448628743489585,
    "worst10pct_mean_psnr_delta": -0.34436041514078775,
    "best10pct_mean_psnr_delta": 0.34465338389078776,
    "worst10img_mean_psnr_delta": -0.5568309783935547,
    "best10img_mean_psnr_delta": 0.5859375,
    "worst10_mean_psnr_delta": -0.34436041514078775,
    "best10_mean_psnr_delta": 0.34465338389078776,
    "mean_ssim_delta": -1.2214978535970052e-05,
    "positive_ratio": 0.48833333333333334,
    "strong_reference_cut_psnr": 42.755948066711426,
    "strong_reference_count": 150,
    "strong_regression_count_delta_le_-0.05": 44,
    "worst_regression_count_delta_le_-0.20": 74
  }
}