{
  "runs": {
    "A0": {
      "label": "A0",
      "arch": "official_convir",
      "mode": "original",
      "checkpoint": "/sda/home/wangyuxin/ConvIR-B/checkpoints/official/Haze4K/haze4k-base.pkl",
      "depth_mode": "none",
      "count": 600,
      "mean_psnr": 39.35034857114156,
      "mean_ssim": 0.9957262628277143,
      "avg_time_sec_sync": 0.04315496285756429,
      "median_time_sec_sync": 0.04216420650482178,
      "peak_cuda_mem_mib": 535.95654296875
    },
    "DTA_v3_scout5full_depthDirect_zero_seed3407_f0_evalnormal": {
      "label": "DTA_v3_scout5full_depthDirect_zero_seed3407_f0_evalnormal",
      "arch": "dta_v3",
      "mode": "modres",
      "checkpoint": "/sda/home/wangyuxin/ConvIR-B/repos/ConvIR-B-dta-v3-dapc-finetune-depthdirect/Dehazing/ITS/results/ConvIR-Haze4K-DTA-v3-DAPC-DepthDirect-zero-seed3407-f0-scout5full/Training-Results/Final.pkl",
      "depth_mode": "normal",
      "count": 600,
      "mean_psnr": 39.341813252766926,
      "mean_ssim": 0.9956945641835531,
      "avg_time_sec_sync": 0.054544410705566405,
      "median_time_sec_sync": 0.054259300231933594,
      "peak_cuda_mem_mib": 540.7724609375
    }
  },
  "comparison": {
    "common_count": 600,
    "mean_psnr_delta": -0.00853531837463379,
    "median_psnr_delta": 0.001262664794921875,
    "p5_psnr_delta": -0.2915044784545898,
    "p95_psnr_delta": 0.25341529846191396,
    "hard_bottom25_psnr_delta": -0.020601666768391928,
    "easy_top25_psnr_delta": 0.01331939697265625,
    "worst10pct_mean_psnr_delta": -0.32559115091959634,
    "best10pct_mean_psnr_delta": 0.25980234146118164,
    "worst10img_mean_psnr_delta": -0.5629615783691406,
    "best10img_mean_psnr_delta": 0.3975700378417969,
    "worst10_mean_psnr_delta": -0.32559115091959634,
    "best10_mean_psnr_delta": 0.25980234146118164,
    "mean_ssim_delta": -3.169864416122437e-05,
    "positive_ratio": 0.5083333333333333,
    "strong_reference_cut_psnr": 42.755948066711426,
    "strong_reference_count": 150,
    "strong_regression_count_delta_le_-0.05": 39,
    "worst_regression_count_delta_le_-0.20": 60
  }
}