{
  "runs": {
    "A0": {
      "label": "A0",
      "arch": "official_convir",
      "mode": "original",
      "checkpoint": "/sda/home/wangyuxin/ConvIR-B/checkpoints/official/Haze4K/haze4k-base.pkl",
      "depth_mode": "none",
      "airlight_mode": "none",
      "count": 600,
      "mean_psnr": 39.75955163955688,
      "mean_ssim": 0.995632650355498,
      "avg_time_sec_sync": 0.05110829591751099,
      "median_time_sec_sync": 0.045989036560058594,
      "peak_cuda_mem_mib": 536.99169921875
    },
    "DTA_v35_v35_fdf_rcs_l1_fdf_lite_s004_g025_bm2_seed3411_f1_quick5full_fallback_train_shuffle": {
      "label": "DTA_v35_v35_fdf_rcs_l1_fdf_lite_s004_g025_bm2_seed3411_f1_quick5full_fallback_train_shuffle",
      "arch": "dta_v3",
      "mode": "modres",
      "checkpoint": "/sda/home/wangyuxin/ConvIR-B/repos/ConvIR-B-dta-v3-5-fdf-rcs-lite/Dehazing/ITS/results/ConvIR-Haze4K-DTA-v3-5-FDF-RCS-l1_fdf_lite_s004_g025_bm2-seed3411_f1-quick5full/Training-Results/Final.pkl",
      "depth_mode": "shuffle",
      "airlight_mode": "fallback",
      "count": 600,
      "mean_psnr": 39.77364828427633,
      "mean_ssim": 0.9956485084692637,
      "avg_time_sec_sync": 0.06578064640363057,
      "median_time_sec_sync": 0.06263542175292969,
      "peak_cuda_mem_mib": 602.0146484375
    }
  },
  "comparison": {
    "common_count": 600,
    "mean_psnr_delta": 0.014096644719441732,
    "median_psnr_delta": 0.012226104736328125,
    "p5_psnr_delta": -0.26338977813720704,
    "p95_psnr_delta": 0.27107200622558575,
    "hard_bottom25_psnr_delta": 0.03660017649332682,
    "easy_top25_psnr_delta": 0.014073842366536459,
    "worst10pct_mean_psnr_delta": -0.31609970728556314,
    "best10pct_mean_psnr_delta": 0.32497628529866535,
    "worst10img_mean_psnr_delta": -0.5761497497558594,
    "best10img_mean_psnr_delta": 0.5320423126220704,
    "worst10_mean_psnr_delta": -0.31609970728556314,
    "best10_mean_psnr_delta": 0.32497628529866535,
    "mean_ssim_delta": 1.5858113765716553e-05,
    "positive_ratio": 0.545,
    "strong_reference_cut_psnr": 42.834919929504395,
    "strong_reference_count": 150,
    "strong_regression_count_delta_le_-0.05": 46,
    "worst_regression_count_delta_le_-0.20": 54
  }
}