{
  "runs": {
    "A0": {
      "label": "A0",
      "arch": "official_convir",
      "mode": "original",
      "checkpoint": "/sda/home/wangyuxin/ConvIR-B/checkpoints/official/Haze4K/haze4k-base.pkl",
      "depth_mode": "none",
      "airlight_mode": "none",
      "count": 600,
      "mean_psnr": 39.75955163955688,
      "mean_ssim": 0.995632650355498,
      "avg_time_sec_sync": 0.04027131994565328,
      "median_time_sec_sync": 0.03950989246368408,
      "peak_cuda_mem_mib": 535.56884765625
    },
    "DTA_v33_v33_routerfusion_d1_loss_seed3411_f1_triage5full_gt_normal": {
      "label": "DTA_v33_v33_routerfusion_d1_loss_seed3411_f1_triage5full_gt_normal",
      "arch": "dta_v3",
      "mode": "modres",
      "checkpoint": "/sda/home/wangyuxin/ConvIR-B/repos/ConvIR-B-dta-v3-dapc-finetune-v33-routerfusion/Dehazing/ITS/results/ConvIR-Haze4K-DTA-v3-3-RouterFusion-d1_loss-seed3411-f1-triage5full/Training-Results/Final.pkl",
      "depth_mode": "normal",
      "airlight_mode": "gt",
      "count": 600,
      "mean_psnr": 39.75115357398987,
      "mean_ssim": 0.9956297702590624,
      "avg_time_sec_sync": 0.0461801819006602,
      "median_time_sec_sync": 0.04632699489593506,
      "peak_cuda_mem_mib": 541.57080078125
    }
  },
  "comparison": {
    "common_count": 600,
    "mean_psnr_delta": -0.008398065567016602,
    "median_psnr_delta": -0.0077342987060546875,
    "p5_psnr_delta": -0.18061542510986328,
    "p95_psnr_delta": 0.16996517181396478,
    "hard_bottom25_psnr_delta": -0.008569831848144532,
    "easy_top25_psnr_delta": 0.010158106486002605,
    "worst10pct_mean_psnr_delta": -0.21174723307291668,
    "best10pct_mean_psnr_delta": 0.1842434565226237,
    "worst10img_mean_psnr_delta": -0.37361679077148435,
    "best10img_mean_psnr_delta": 0.2685539245605469,
    "worst10_mean_psnr_delta": -0.21174723307291668,
    "best10_mean_psnr_delta": 0.1842434565226237,
    "mean_ssim_delta": -2.880096435546875e-06,
    "positive_ratio": 0.4666666666666667,
    "strong_reference_cut_psnr": 42.834919929504395,
    "strong_reference_count": 150,
    "strong_regression_count_delta_le_-0.05": 37,
    "worst_regression_count_delta_le_-0.20": 23
  }
}
