{
  "runs": {
    "a0": {
      "label": "a0",
      "arch": "convir",
      "mode": "original",
      "checkpoint": "/root/autodl-tmp/workspace/ConvIR-B/Dehazing/pretrained_models/haze4k-base.pkl",
      "count": 300,
      "mean_psnr": 34.24652523676554,
      "mean_ssim": 0.9936463141441345,
      "avg_time_sec_sync": 0.026990896860758465,
      "median_time_sec_sync": 0.022223353385925293,
      "peak_cuda_mem_mib": 536.22607421875
    },
    "v18_seed2222_model_15_val_hard": {
      "label": "v18_seed2222_model_15_val_hard",
      "arch": "dpga",
      "mode": "model_15",
      "checkpoint": "/root/autodl-tmp/workspace/ConvIR-B-v1-8-execution-queue/Dehazing/ITS/results/ConvIR-Haze4K-v1.8-BiDPFM1-fusion-neighbor-seed2222-20260606/Training-Results/model_15.pkl",
      "count": 300,
      "mean_psnr": 31.048180510203043,
      "mean_ssim": 0.9864368108908336,
      "avg_time_sec_sync": 0.03185636043548584,
      "median_time_sec_sync": 0.028993844985961914,
      "peak_cuda_mem_mib": 1147.46435546875
    }
  },
  "comparison": {
    "common_count": 300,
    "mean_psnr_delta": -3.1983447265625,
    "median_psnr_delta": -3.3616161346435547,
    "p5_psnr_delta": -6.349633598327637,
    "p95_psnr_delta": 0.4384054183959983,
    "hard_bottom25_psnr_delta": -2.7560968526204426,
    "easy_top25_psnr_delta": -3.997424596150716,
    "worst10pct_mean_psnr_delta": -7.05188102722168,
    "best10pct_mean_psnr_delta": 0.9580108642578125,
    "worst10img_mean_psnr_delta": -8.859099960327148,
    "best10img_mean_psnr_delta": 2.9688735961914063,
    "worst10_mean_psnr_delta": -7.05188102722168,
    "best10_mean_psnr_delta": 0.9580108642578125,
    "mean_ssim_delta": -0.007209503253300984,
    "positive_ratio": 0.056666666666666664,
    "strong_reference_cut_psnr": 36.437724113464355,
    "strong_reference_count": 75,
    "strong_regression_count_delta_le_-0.05": 71,
    "worst_regression_count_delta_le_-0.20": 281
  }
}