{
  "runs": {
    "a0": {
      "label": "a0",
      "arch": "convir",
      "mode": "original",
      "checkpoint": "/root/autodl-tmp/workspace/ConvIR-B/Dehazing/pretrained_models/haze4k-base.pkl",
      "count": 300,
      "mean_psnr": 39.4691934076945,
      "mean_ssim": 0.9956027658780416,
      "avg_time_sec_sync": 0.02928943951924642,
      "median_time_sec_sync": 0.029979228973388672,
      "peak_cuda_mem_mib": 535.27294921875
    },
    "v18_seed2222_final_val_regular": {
      "label": "v18_seed2222_final_val_regular",
      "arch": "dpga",
      "mode": "Final",
      "checkpoint": "/root/autodl-tmp/workspace/ConvIR-B-v1-8-execution-queue/Dehazing/ITS/results/ConvIR-Haze4K-v1.8-BiDPFM1-fusion-neighbor-seed2222-20260606/Training-Results/Final.pkl",
      "count": 300,
      "mean_psnr": 32.15649993896484,
      "mean_ssim": 0.9836852586269379,
      "avg_time_sec_sync": 0.037287634213765464,
      "median_time_sec_sync": 0.04176223278045654,
      "peak_cuda_mem_mib": 1147.56005859375
    }
  },
  "comparison": {
    "common_count": 300,
    "mean_psnr_delta": -7.3126934687296545,
    "median_psnr_delta": -7.26533317565918,
    "p5_psnr_delta": -12.230298805236817,
    "p95_psnr_delta": -2.189315795898437,
    "hard_bottom25_psnr_delta": -4.554022699991862,
    "easy_top25_psnr_delta": -9.60731730143229,
    "worst10pct_mean_psnr_delta": -12.447962443033854,
    "best10pct_mean_psnr_delta": -1.9429578145345052,
    "worst10img_mean_psnr_delta": -13.613588905334472,
    "best10img_mean_psnr_delta": -0.8254293441772461,
    "worst10_mean_psnr_delta": -12.447962443033854,
    "best10_mean_psnr_delta": -1.9429578145345052,
    "mean_ssim_delta": -0.011917507251103718,
    "positive_ratio": 0.006666666666666667,
    "strong_reference_cut_psnr": 42.45430278778076,
    "strong_reference_count": 75,
    "strong_regression_count_delta_le_-0.05": 75,
    "worst_regression_count_delta_le_-0.20": 297
  }
}