{
  "runs": {
    "a0": {
      "label": "a0",
      "arch": "convir",
      "mode": "original",
      "checkpoint": "/root/autodl-tmp/workspace/ConvIR-B/Dehazing/pretrained_models/haze4k-base.pkl",
      "count": 300,
      "mean_psnr": 34.24652523676554,
      "mean_ssim": 0.9936463165283204,
      "avg_time_sec_sync": 0.027212101618448892,
      "median_time_sec_sync": 0.022041916847229004,
      "peak_cuda_mem_mib": 536.22607421875
    },
    "v18_seed2222_model_5_val_hard": {
      "label": "v18_seed2222_model_5_val_hard",
      "arch": "dpga",
      "mode": "model_5",
      "checkpoint": "/root/autodl-tmp/workspace/ConvIR-B-v1-8-execution-queue/Dehazing/ITS/results/ConvIR-Haze4K-v1.8-BiDPFM1-fusion-neighbor-seed2222-20260606/Training-Results/model_5.pkl",
      "count": 300,
      "mean_psnr": 33.61061112085978,
      "mean_ssim": 0.9924094086885452,
      "avg_time_sec_sync": 0.03198447068532308,
      "median_time_sec_sync": 0.029910922050476074,
      "peak_cuda_mem_mib": 1147.46435546875
    }
  },
  "comparison": {
    "common_count": 300,
    "mean_psnr_delta": -0.6359141159057617,
    "median_psnr_delta": -0.6918888092041016,
    "p5_psnr_delta": -2.258819580078125,
    "p95_psnr_delta": 1.3416328430175786,
    "hard_bottom25_psnr_delta": -0.7139233907063802,
    "easy_top25_psnr_delta": -0.5837042744954427,
    "worst10pct_mean_psnr_delta": -2.4440235137939452,
    "best10pct_mean_psnr_delta": 1.4955962498982747,
    "worst10img_mean_psnr_delta": -3.1366525650024415,
    "best10img_mean_psnr_delta": 2.232574462890625,
    "worst10_mean_psnr_delta": -2.4440235137939452,
    "best10_mean_psnr_delta": 1.4955962498982747,
    "mean_ssim_delta": -0.0012369078397750854,
    "positive_ratio": 0.22333333333333333,
    "strong_reference_cut_psnr": 36.437724113464355,
    "strong_reference_count": 75,
    "strong_regression_count_delta_le_-0.05": 53,
    "worst_regression_count_delta_le_-0.20": 209
  }
}