{
  "runs": {
    "a0": {
      "label": "a0",
      "arch": "convir",
      "mode": "original",
      "checkpoint": "/root/autodl-tmp/workspace/ConvIR-B/Dehazing/pretrained_models/haze4k-base.pkl",
      "count": 300,
      "mean_psnr": 39.46919339497884,
      "mean_ssim": 0.9956027660767237,
      "avg_time_sec_sync": 0.029577189286549885,
      "median_time_sec_sync": 0.02997303009033203,
      "peak_cuda_mem_mib": 535.27294921875
    },
    "v18_seed2222_model_20_val_regular": {
      "label": "v18_seed2222_model_20_val_regular",
      "arch": "dpga",
      "mode": "model_20",
      "checkpoint": "/root/autodl-tmp/workspace/ConvIR-B-v1-8-execution-queue/Dehazing/ITS/results/ConvIR-Haze4K-v1.8-BiDPFM1-fusion-neighbor-seed2222-20260606/Training-Results/model_20.pkl",
      "count": 300,
      "mean_psnr": 32.15649991989136,
      "mean_ssim": 0.98368525604407,
      "avg_time_sec_sync": 0.03732321818669637,
      "median_time_sec_sync": 0.04215514659881592,
      "peak_cuda_mem_mib": 1147.56005859375
    }
  },
  "comparison": {
    "common_count": 300,
    "mean_psnr_delta": -7.3126934750874835,
    "median_psnr_delta": -7.26533317565918,
    "p5_psnr_delta": -12.230299186706542,
    "p95_psnr_delta": -2.189315795898437,
    "hard_bottom25_psnr_delta": -4.554022699991862,
    "easy_top25_psnr_delta": -9.607317403157552,
    "worst10pct_mean_psnr_delta": -12.447962633768718,
    "best10pct_mean_psnr_delta": -1.9429578145345052,
    "worst10img_mean_psnr_delta": -13.613589096069337,
    "best10img_mean_psnr_delta": -0.8254293441772461,
    "worst10_mean_psnr_delta": -12.447962633768718,
    "best10_mean_psnr_delta": -1.9429578145345052,
    "mean_ssim_delta": -0.01191751003265381,
    "positive_ratio": 0.006666666666666667,
    "strong_reference_cut_psnr": 42.45430278778076,
    "strong_reference_count": 75,
    "strong_regression_count_delta_le_-0.05": 75,
    "worst_regression_count_delta_le_-0.20": 297
  }
}