{
  "runs": {
    "a0": {
      "label": "a0",
      "arch": "convir",
      "mode": "original",
      "checkpoint": "/root/autodl-tmp/workspace/ConvIR-B/Dehazing/pretrained_models/haze4k-base.pkl",
      "count": 300,
      "mean_psnr": 39.469193382263185,
      "mean_ssim": 0.9956027666727701,
      "avg_time_sec_sync": 0.029090206623077392,
      "median_time_sec_sync": 0.03016972541809082,
      "peak_cuda_mem_mib": 535.27294921875
    },
    "v18_seed2222_model_5_val_regular": {
      "label": "v18_seed2222_model_5_val_regular",
      "arch": "dpga",
      "mode": "model_5",
      "checkpoint": "/root/autodl-tmp/workspace/ConvIR-B-v1-8-execution-queue/Dehazing/ITS/results/ConvIR-Haze4K-v1.8-BiDPFM1-fusion-neighbor-seed2222-20260606/Training-Results/model_5.pkl",
      "count": 300,
      "mean_psnr": 38.25343949000041,
      "mean_ssim": 0.9944820306698481,
      "avg_time_sec_sync": 0.03781870126724243,
      "median_time_sec_sync": 0.04244053363800049,
      "peak_cuda_mem_mib": 1147.56005859375
    }
  },
  "comparison": {
    "common_count": 300,
    "mean_psnr_delta": -1.2157538922627766,
    "median_psnr_delta": -1.1244049072265625,
    "p5_psnr_delta": -3.555830955505371,
    "p95_psnr_delta": 0.6310563087463381,
    "hard_bottom25_psnr_delta": -0.8036455535888671,
    "easy_top25_psnr_delta": -1.7942752583821615,
    "worst10pct_mean_psnr_delta": -3.8358818689982095,
    "best10pct_mean_psnr_delta": 0.872381083170573,
    "worst10img_mean_psnr_delta": -4.780531311035157,
    "best10img_mean_psnr_delta": 1.6690059661865235,
    "worst10_mean_psnr_delta": -3.8358818689982095,
    "best10_mean_psnr_delta": 0.872381083170573,
    "mean_ssim_delta": -0.0011207360029220582,
    "positive_ratio": 0.15,
    "strong_reference_cut_psnr": 42.45430278778076,
    "strong_reference_count": 75,
    "strong_regression_count_delta_le_-0.05": 70,
    "worst_regression_count_delta_le_-0.20": 244
  }
}