{
  "runs": {
    "A0": {
      "label": "A0",
      "arch": "official_convir",
      "mode": "original",
      "checkpoint": "/sda/home/wangyuxin/ConvIR-B/checkpoints/official/Haze4K/haze4k-base.pkl",
      "depth_mode": "none",
      "airlight_mode": "none",
      "count": 600,
      "mean_psnr": 39.75955163955688,
      "mean_ssim": 0.995632650355498,
      "avg_time_sec_sync": 0.05983742356300354,
      "median_time_sec_sync": 0.05544435977935791,
      "peak_cuda_mem_mib": 536.99169921875
    },
    "DTA_v35_v35_fdf_rcs_l5_res010_tail_s004_g025_bm2_seed3407_f1_quick5full_fallback_train_normal": {
      "label": "DTA_v35_v35_fdf_rcs_l5_res010_tail_s004_g025_bm2_seed3407_f1_quick5full_fallback_train_normal",
      "arch": "dta_v3",
      "mode": "modres",
      "checkpoint": "/sda/home/wangyuxin/ConvIR-B/repos/ConvIR-B-dta-v3-5-fdf-rcs-lite/Dehazing/ITS/results/ConvIR-Haze4K-DTA-v3-5-FDF-RCS-l5_res010_tail_s004_g025_bm2-seed3407_f1-quick5full/Training-Results/Final.pkl",
      "depth_mode": "normal",
      "airlight_mode": "fallback",
      "count": 600,
      "mean_psnr": 39.77903434435527,
      "mean_ssim": 0.9956280401349068,
      "avg_time_sec_sync": 0.062485525608062746,
      "median_time_sec_sync": 0.05648922920227051,
      "peak_cuda_mem_mib": 603.92919921875
    }
  },
  "comparison": {
    "common_count": 600,
    "mean_psnr_delta": 0.019482704798380535,
    "median_psnr_delta": 0.014493942260742188,
    "p5_psnr_delta": -0.2679752349853516,
    "p95_psnr_delta": 0.35428295135497995,
    "hard_bottom25_psnr_delta": 0.01523448944091797,
    "easy_top25_psnr_delta": 0.04123888651529948,
    "worst10pct_mean_psnr_delta": -0.3294774691263835,
    "best10pct_mean_psnr_delta": 0.37846533457438153,
    "worst10img_mean_psnr_delta": -0.6051971435546875,
    "best10img_mean_psnr_delta": 0.5676956176757812,
    "worst10_mean_psnr_delta": -0.3294774691263835,
    "best10_mean_psnr_delta": 0.37846533457438153,
    "mean_ssim_delta": -4.610220591227213e-06,
    "positive_ratio": 0.5433333333333333,
    "strong_reference_cut_psnr": 42.834919929504395,
    "strong_reference_count": 150,
    "strong_regression_count_delta_le_-0.05": 40,
    "worst_regression_count_delta_le_-0.20": 59
  }
}