{
  "runs": {
    "A0": {
      "label": "A0",
      "arch": "official_convir",
      "mode": "original",
      "checkpoint": "/sda/home/wangyuxin/ConvIR-B/checkpoints/official/Haze4K/haze4k-base.pkl",
      "depth_mode": "none",
      "airlight_mode": "none",
      "count": 600,
      "mean_psnr": 39.75955163955688,
      "mean_ssim": 0.995632650355498,
      "avg_time_sec_sync": 0.042894232670466104,
      "median_time_sec_sync": 0.03959083557128906,
      "peak_cuda_mem_mib": 535.56884765625
    },
    "DTA_v33_v33_routerfusion_d2_lowphys_seed3407_f1_triage5full_fallback_invert": {
      "label": "DTA_v33_v33_routerfusion_d2_lowphys_seed3407_f1_triage5full_fallback_invert",
      "arch": "dta_v3",
      "mode": "modres",
      "checkpoint": "/sda/home/wangyuxin/ConvIR-B/repos/ConvIR-B-dta-v3-dapc-finetune-v33-routerfusion/Dehazing/ITS/results/ConvIR-Haze4K-DTA-v3-3-RouterFusion-d2_lowphys-seed3407-f1-triage5full/Training-Results/Final.pkl",
      "depth_mode": "invert",
      "airlight_mode": "fallback",
      "count": 600,
      "mean_psnr": 39.83243141492208,
      "mean_ssim": 0.9956266116102537,
      "avg_time_sec_sync": 0.0561421263217926,
      "median_time_sec_sync": 0.05391693115234375,
      "peak_cuda_mem_mib": 541.8515625
    }
  },
  "comparison": {
    "common_count": 600,
    "mean_psnr_delta": 0.07287977536519369,
    "median_psnr_delta": 0.07407760620117188,
    "p5_psnr_delta": -0.4250286102294922,
    "p95_psnr_delta": 0.505037498474121,
    "hard_bottom25_psnr_delta": 0.08645633697509765,
    "easy_top25_psnr_delta": 0.038796946207682294,
    "worst10pct_mean_psnr_delta": -0.4551025390625,
    "best10pct_mean_psnr_delta": 0.5549587885538737,
    "worst10img_mean_psnr_delta": -0.781683349609375,
    "best10img_mean_psnr_delta": 0.868039321899414,
    "worst10_mean_psnr_delta": -0.4551025390625,
    "best10_mean_psnr_delta": 0.5549587885538737,
    "mean_ssim_delta": -6.0387452443440755e-06,
    "positive_ratio": 0.63,
    "strong_reference_cut_psnr": 42.834919929504395,
    "strong_reference_count": 150,
    "strong_regression_count_delta_le_-0.05": 49,
    "worst_regression_count_delta_le_-0.20": 81
  }
}
