{
  "runs": {
    "A0": {
      "label": "A0",
      "arch": "official_convir",
      "mode": "original",
      "checkpoint": "/home/caozhiyang/ConvIR-B/checkpoints/official/Haze4K/haze4k-base.pkl",
      "depth_mode": "none",
      "airlight_mode": "none",
      "count": 600,
      "mean_psnr": 39.34407578468323,
      "mean_ssim": 0.995722817381223,
      "avg_time_sec_sync": 0.022224592765172323,
      "median_time_sec_sync": 0.024185657501220703,
      "peak_cuda_mem_mib": 535.44482421875
    },
    "DTA_v34_v34_fdf_tsr_e3_tsr_full_seed3411_f0_quick5full_fallback_train_normal": {
      "label": "DTA_v34_v34_fdf_tsr_e3_tsr_full_seed3411_f0_quick5full_fallback_train_normal",
      "arch": "dta_v3",
      "mode": "modres",
      "checkpoint": "/home/caozhiyang/ConvIR-B/repos/ConvIR-B-dta-v3-4-fdf-tsr-finetune/Dehazing/ITS/results/ConvIR-Haze4K-DTA-v3-4-FDF-TSR-e3_tsr_full-seed3411_f0-quick5full/Training-Results/Final.pkl",
      "depth_mode": "normal",
      "airlight_mode": "fallback",
      "count": 600,
      "mean_psnr": 39.22703714688619,
      "mean_ssim": 0.9956568596760432,
      "avg_time_sec_sync": 0.031431576808293664,
      "median_time_sec_sync": 0.03509724140167236,
      "peak_cuda_mem_mib": 543.1943359375
    }
  },
  "comparison": {
    "common_count": 600,
    "mean_psnr_delta": -0.11703863779703776,
    "median_psnr_delta": -0.1279888153076172,
    "p5_psnr_delta": -0.725901985168457,
    "p95_psnr_delta": 0.5362178802490234,
    "hard_bottom25_psnr_delta": -0.21302963256835938,
    "easy_top25_psnr_delta": -0.055470759073893226,
    "worst10pct_mean_psnr_delta": -0.8248861312866211,
    "best10pct_mean_psnr_delta": 0.6080214818318684,
    "worst10img_mean_psnr_delta": -1.3209548950195313,
    "best10img_mean_psnr_delta": 1.056614303588867,
    "worst10_mean_psnr_delta": -0.8248861312866211,
    "best10_mean_psnr_delta": 0.6080214818318684,
    "mean_ssim_delta": -6.595770517985026e-05,
    "positive_ratio": 0.34833333333333333,
    "strong_reference_cut_psnr": 42.766201972961426,
    "strong_reference_count": 150,
    "strong_regression_count_delta_le_-0.05": 65,
    "worst_regression_count_delta_le_-0.20": 245
  }
}