K,low_size,step,loss,loss_field,loss_coeff,loss_tv,count,coeff_mse,coeff_mae,lowspace_weighted_field_l1,lowspace_zero_field_l1,lowspace_field_l1_drop,lowspace_field_corr
16,32,2000,0.002108742715790868,0.002099565463140607,3.1418334401678294e-05,0.0028936308808624744,26,1.3002652110571944e-07,0.00025395292323082685,0.005134878449721014,0.011238165398022932,0.543085702349214,0.8894194960594177
32,32,2000,0.001366835436783731,0.0013617846416309476,6.5976705627690535e-06,0.0037312000058591366,26,1.6006392655754098e-08,7.124801049940288e-05,0.004077574939310403,0.011238165398022932,0.6371672070222646,0.927885115146637
