{
  "runs": {
    "a1": {
      "mode": "original",
      "arch": "convir",
      "checkpoint": "/root/autodl-tmp/workspace/ConvIR-B-pfd-mainline/Dehazing/ITS/results/ConvIR-Haze4K-A1-init-official-stop20-seed3407-20260602/Training-Results/Best.pkl",
      "count": 1000,
      "mean_psnr": 33.42601767539978,
      "mean_ssim": 0.9886073943376541,
      "avg_time_sec_sync": 0.054325011014938356,
      "median_time_sec_sync": 0.06728339195251465,
      "peak_cuda_mem_mib": 570.69287109375,
      "label": "a1"
    },
    "b1": {
      "mode": "original",
      "arch": "pfd",
      "checkpoint": "/root/autodl-tmp/workspace/ConvIR-B-pfd-mainline/Dehazing/ITS/results/ConvIR-Haze4K-PFD-B1-rhfd-stop20-seed3407-20260602/Training-Results/Best.pkl",
      "count": 1000,
      "mean_psnr": 33.33754905319214,
      "mean_ssim": 0.9866236138939858,
      "avg_time_sec_sync": 0.05346550941467285,
      "median_time_sec_sync": 0.06462228298187256,
      "peak_cuda_mem_mib": 572.24658203125,
      "label": "b1"
    }
  },
  "comparison": {
    "common_count": 1000,
    "mean_psnr_delta": -0.0884686222076416,
    "median_psnr_delta": 0.040978431701660156,
    "p5_psnr_delta": -2.1382423400878907,
    "p95_psnr_delta": 2.103942394256591,
    "worst10_mean_psnr_delta": -3.164797992706299,
    "best10_mean_psnr_delta": 2.383524990081787,
    "mean_ssim_delta": -0.0019837804436683656,
    "strong_reference_cut_psnr": 37.7932014465332,
    "strong_reference_count": 250,
    "strong_regression_count_delta_le_-0.05": 137,
    "worst_regression_count_delta_le_-0.20": 434
  }
}