{
  "runs": {
    "A0": {
      "label": "A0",
      "arch": "official_convir",
      "mode": "original",
      "checkpoint": "/sda/home/wangyuxin/ConvIR-B/checkpoints/official/Haze4K/haze4k-base.pkl",
      "depth_mode": "none",
      "airlight_mode": "none",
      "count": 600,
      "mean_psnr": 39.35034857114156,
      "mean_ssim": 0.9957262628277143,
      "avg_time_sec_sync": 0.041271023750305176,
      "median_time_sec_sync": 0.03616166114807129,
      "peak_cuda_mem_mib": 537.50634765625
    },
    "DTA_v35_v35_fdf_rcs_l5_res015_tail_s004_g025_bm2_seed3411_f0_quick5full_fallback_train_shuffle": {
      "label": "DTA_v35_v35_fdf_rcs_l5_res015_tail_s004_g025_bm2_seed3411_f0_quick5full_fallback_train_shuffle",
      "arch": "dta_v3",
      "mode": "modres",
      "checkpoint": "/sda/home/wangyuxin/ConvIR-B/repos/ConvIR-B-dta-v3-5-fdf-rcs-lite/Dehazing/ITS/results/ConvIR-Haze4K-DTA-v3-5-FDF-RCS-l5_res015_tail_s004_g025_bm2-seed3411_f0-quick5full/Training-Results/Final.pkl",
      "depth_mode": "shuffle",
      "airlight_mode": "fallback",
      "count": 600,
      "mean_psnr": 39.38956642150879,
      "mean_ssim": 0.9957309625546138,
      "avg_time_sec_sync": 0.04461075862248739,
      "median_time_sec_sync": 0.044844865798950195,
      "peak_cuda_mem_mib": 604.74951171875
    }
  },
  "comparison": {
    "common_count": 600,
    "mean_psnr_delta": 0.03921785036722819,
    "median_psnr_delta": 0.03647422790527344,
    "p5_psnr_delta": -0.27863197326660155,
    "p95_psnr_delta": 0.3646615982055663,
    "hard_bottom25_psnr_delta": 0.029467608133951825,
    "easy_top25_psnr_delta": 0.02953282674153646,
    "worst10pct_mean_psnr_delta": -0.3227749506632487,
    "best10pct_mean_psnr_delta": 0.37280413309733074,
    "worst10img_mean_psnr_delta": -0.5347801208496094,
    "best10img_mean_psnr_delta": 0.52342529296875,
    "worst10_mean_psnr_delta": -0.3227749506632487,
    "best10_mean_psnr_delta": 0.37280413309733074,
    "mean_ssim_delta": 4.699726899464925e-06,
    "positive_ratio": 0.6,
    "strong_reference_cut_psnr": 42.755948066711426,
    "strong_reference_count": 150,
    "strong_regression_count_delta_le_-0.05": 44,
    "worst_regression_count_delta_le_-0.20": 57
  }
}