{
  "runs": {
    "A0": {
      "label": "A0",
      "arch": "official_convir",
      "mode": "original",
      "checkpoint": "/home/caozhiyang/ConvIR-B/checkpoints/official/Haze4K/haze4k-base.pkl",
      "depth_mode": "none",
      "airlight_mode": "none",
      "count": 600,
      "mean_psnr": 39.75413154284159,
      "mean_ssim": 0.9956292870640755,
      "avg_time_sec_sync": 0.024334994157155353,
      "median_time_sec_sync": 0.024382352828979492,
      "peak_cuda_mem_mib": 535.44482421875
    },
    "DTA_v34_v34_fdf_tsr_e2_tiny_residual_seed3407_f1_quick5full_fallback_train_zero": {
      "label": "DTA_v34_v34_fdf_tsr_e2_tiny_residual_seed3407_f1_quick5full_fallback_train_zero",
      "arch": "dta_v3",
      "mode": "modres",
      "checkpoint": "/home/caozhiyang/ConvIR-B/repos/ConvIR-B-dta-v3-4-fdf-tsr-finetune/Dehazing/ITS/results/ConvIR-Haze4K-DTA-v3-4-FDF-TSR-e2_tiny_residual-seed3407_f1-quick5full/Training-Results/Final.pkl",
      "depth_mode": "zero",
      "airlight_mode": "fallback",
      "count": 600,
      "mean_psnr": 39.618700647354125,
      "mean_ssim": 0.9955469905336698,
      "avg_time_sec_sync": 0.034635555346806846,
      "median_time_sec_sync": 0.035666823387145996,
      "peak_cuda_mem_mib": 543.4326171875
    }
  },
  "comparison": {
    "common_count": 600,
    "mean_psnr_delta": -0.13543089548746745,
    "median_psnr_delta": -0.1225738525390625,
    "p5_psnr_delta": -0.7666790008544921,
    "p95_psnr_delta": 0.4232141494750975,
    "hard_bottom25_psnr_delta": -0.12671246846516926,
    "easy_top25_psnr_delta": -0.10234059651692708,
    "worst10pct_mean_psnr_delta": -0.806466547648112,
    "best10pct_mean_psnr_delta": 0.4837913513183594,
    "worst10img_mean_psnr_delta": -1.132664108276367,
    "best10img_mean_psnr_delta": 0.845767593383789,
    "worst10_mean_psnr_delta": -0.806466547648112,
    "best10_mean_psnr_delta": 0.4837913513183594,
    "mean_ssim_delta": -8.229653040568034e-05,
    "positive_ratio": 0.3233333333333333,
    "strong_reference_cut_psnr": 42.84021854400635,
    "strong_reference_count": 150,
    "strong_regression_count_delta_le_-0.05": 87,
    "worst_regression_count_delta_le_-0.20": 232
  }
}