{
  "runs": {
    "A0": {
      "label": "A0",
      "arch": "official_convir",
      "mode": "original",
      "checkpoint": "/sda/home/wangyuxin/ConvIR-B/checkpoints/official/Haze4K/haze4k-base.pkl",
      "depth_mode": "none",
      "airlight_mode": "none",
      "count": 600,
      "mean_psnr": 39.75955163955688,
      "mean_ssim": 0.995632650355498,
      "avg_time_sec_sync": 0.0431459379196167,
      "median_time_sec_sync": 0.039995551109313965,
      "peak_cuda_mem_mib": 535.56884765625
    },
    "DTA_v33_v33_routerfusion_d1_loss_seed3407_f1_triage5full_gt_invert": {
      "label": "DTA_v33_v33_routerfusion_d1_loss_seed3407_f1_triage5full_gt_invert",
      "arch": "dta_v3",
      "mode": "modres",
      "checkpoint": "/sda/home/wangyuxin/ConvIR-B/repos/ConvIR-B-dta-v3-dapc-finetune-v33-routerfusion/Dehazing/ITS/results/ConvIR-Haze4K-DTA-v3-3-RouterFusion-d1_loss-seed3407-f1-triage5full/Training-Results/Final.pkl",
      "depth_mode": "invert",
      "airlight_mode": "gt",
      "count": 600,
      "mean_psnr": 39.83324403444926,
      "mean_ssim": 0.9956263168652852,
      "avg_time_sec_sync": 0.04930711587270101,
      "median_time_sec_sync": 0.04611170291900635,
      "peak_cuda_mem_mib": 541.85205078125
    }
  },
  "comparison": {
    "common_count": 600,
    "mean_psnr_delta": 0.07369239489237467,
    "median_psnr_delta": 0.07336616516113281,
    "p5_psnr_delta": -0.41763954162597655,
    "p95_psnr_delta": 0.5023315429687496,
    "hard_bottom25_psnr_delta": 0.0842129643758138,
    "easy_top25_psnr_delta": 0.0390655517578125,
    "worst10pct_mean_psnr_delta": -0.4403999328613281,
    "best10pct_mean_psnr_delta": 0.5463284492492676,
    "worst10img_mean_psnr_delta": -0.7617717742919922,
    "best10img_mean_psnr_delta": 0.8387149810791016,
    "worst10_mean_psnr_delta": -0.4403999328613281,
    "best10_mean_psnr_delta": 0.5463284492492676,
    "mean_ssim_delta": -6.3334902127583826e-06,
    "positive_ratio": 0.635,
    "strong_reference_cut_psnr": 42.834919929504395,
    "strong_reference_count": 150,
    "strong_regression_count_delta_le_-0.05": 49,
    "worst_regression_count_delta_le_-0.20": 78
  }
}
