{
  "source_csv": "/root/autodl-tmp/workspace/ConvIR-B-pfd-mainline/experience_docx/experiment_logs/haze4k_b1_surgery_preserve_20260602/scout_eval_per_image_b1_surgery_s0.50_vs_a0.csv",
  "candidate_name": "b1_surgery_s0.50",
  "overall": {
    "count": 1000,
    "mean_delta_psnr": 0.008148110389709473,
    "median_delta_psnr": 0.00042724609375,
    "p5_delta_psnr": -0.020130157470703125,
    "p95_delta_psnr": 0.022822570800781244,
    "positive_delta_count": 513,
    "positive_delta_ratio": 0.513,
    "regression_delta_le_-0.05": 4,
    "regression_delta_le_-0.10": 0,
    "regression_delta_le_-0.20": 0,
    "gain_delta_ge_0.05": 5,
    "gain_delta_ge_0.10": 2,
    "mean_delta_ssim": 1.1986613273620606e-05,
    "median_delta_ssim": -1.1920928955078125e-07,
    "worst_10_mean_delta_psnr": -0.05570964813232422,
    "best_10_mean_delta_psnr": 0.773504638671875
  },
  "difficulty_buckets_by_original_psnr": {
    "hard_bottom_25pct": {
      "original_psnr_range": [
        14.919734954833984,
        29.733125686645508
      ],
      "count": 250,
      "mean_delta_psnr": 0.02508012771606445,
      "median_delta_psnr": -0.0015230178833007812,
      "p5_delta_psnr": -0.016063594818115236,
      "p95_delta_psnr": 0.01627302169799805,
      "positive_delta_count": 106,
      "positive_delta_ratio": 0.424,
      "regression_delta_le_-0.05": 2,
      "regression_delta_le_-0.10": 0,
      "regression_delta_le_-0.20": 0,
      "gain_delta_ge_0.05": 2,
      "gain_delta_ge_0.10": 1,
      "mean_delta_ssim": 4.739856719970703e-05,
      "median_delta_ssim": -2.6226043701171875e-06,
      "worst_10_mean_delta_psnr": -0.03226165771484375,
      "best_10_mean_delta_psnr": 0.6817481994628907
    },
    "medium_middle_50pct": {
      "original_psnr_range": [
        29.737844467163086,
        39.08415985107422
      ],
      "count": 500,
      "mean_delta_psnr": 0.0006200942993164063,
      "median_delta_psnr": 0.000629425048828125,
      "p5_delta_psnr": -0.022768020629882812,
      "p95_delta_psnr": 0.023428153991699223,
      "positive_delta_count": 256,
      "positive_delta_ratio": 0.512,
      "regression_delta_le_-0.05": 2,
      "regression_delta_le_-0.10": 0,
      "regression_delta_le_-0.20": 0,
      "gain_delta_ge_0.05": 1,
      "gain_delta_ge_0.10": 0,
      "mean_delta_ssim": 1.9860267639160155e-07,
      "median_delta_ssim": 5.364418029785156e-07,
      "worst_10_mean_delta_psnr": -0.04640827178955078,
      "best_10_mean_delta_psnr": 0.03733139038085938
    },
    "easy_top_25pct": {
      "original_psnr_range": [
        39.10456848144531,
        50.026092529296875
      ],
      "count": 250,
      "mean_delta_psnr": 0.006272125244140625,
      "median_delta_psnr": 0.0024623870849609375,
      "p5_delta_psnr": -0.019839668273925783,
      "p95_delta_psnr": 0.027528572082519548,
      "positive_delta_count": 151,
      "positive_delta_ratio": 0.604,
      "regression_delta_le_-0.05": 0,
      "regression_delta_le_-0.10": 0,
      "regression_delta_le_-0.20": 0,
      "gain_delta_ge_0.05": 2,
      "gain_delta_ge_0.10": 1,
      "mean_delta_ssim": 1.506805419921875e-07,
      "median_delta_ssim": -8.940696716308594e-08,
      "worst_10_mean_delta_psnr": -0.028012466430664063,
      "best_10_mean_delta_psnr": 0.11385040283203125
    }
  },
  "filename_parameter_correlations_inferred": {
    "note": "Haze4K filenames look like id_param1_param2.png; this file records correlation only and does not assume the parameter meaning.",
    "param_1_vs_original_psnr": -0.1615068984663337,
    "param_1_vs_delta_psnr": -0.010383998635306006,
    "param_2_vs_original_psnr": -0.32351294811584774,
    "param_2_vs_delta_psnr": -0.027918340141918394
  },
  "worst_regressions": [
    {
      "name": "648_0.94_1.95.png",
      "original_psnr": 26.385908126831055,
      "candidate_psnr": 26.303699493408203,
      "delta_psnr": -0.08220863342285156,
      "original_ssim": 0.9514398574829102,
      "candidate_ssim": 0.9511404037475586,
      "delta_ssim": -0.0002994537353515625,
      "filename_param_1": 0.94,
      "filename_param_2": 1.95
    },
    {
      "name": "219_0.62_1.27.png",
      "original_psnr": 33.99677658081055,
      "candidate_psnr": 33.91801071166992,
      "delta_psnr": -0.078765869140625,
      "original_ssim": 0.9953761100769043,
      "candidate_ssim": 0.9953336119651794,
      "delta_ssim": -4.2498111724853516e-05,
      "filename_param_1": 0.62,
      "filename_param_2": 1.27
    },
    {
      "name": "720_0.96_1.96.png",
      "original_psnr": 24.57550048828125,
      "candidate_psnr": 24.49815559387207,
      "delta_psnr": -0.07734489440917969,
      "original_ssim": 0.9640666246414185,
      "candidate_ssim": 0.9636905193328857,
      "delta_ssim": -0.00037610530853271484,
      "filename_param_1": 0.96,
      "filename_param_2": 1.96
    },
    {
      "name": "218_0.53_1.18.png",
      "original_psnr": 32.64994812011719,
      "candidate_psnr": 32.57895278930664,
      "delta_psnr": -0.07099533081054688,
      "original_ssim": 0.9944989085197449,
      "candidate_ssim": 0.9944537878036499,
      "delta_ssim": -4.51207160949707e-05,
      "filename_param_1": 0.53,
      "filename_param_2": 1.18
    },
    {
      "name": "757_0.64_1.31.png",
      "original_psnr": 33.974082946777344,
      "candidate_psnr": 33.925209045410156,
      "delta_psnr": -0.0488739013671875,
      "original_ssim": 0.9953427314758301,
      "candidate_ssim": 0.9953228831291199,
      "delta_ssim": -1.9848346710205078e-05,
      "filename_param_1": 0.64,
      "filename_param_2": 1.31
    },
    {
      "name": "758_0.61_0.98.png",
      "original_psnr": 36.635711669921875,
      "candidate_psnr": 36.5921745300293,
      "delta_psnr": -0.043537139892578125,
      "original_ssim": 0.9970264434814453,
      "candidate_ssim": 0.9970202445983887,
      "delta_ssim": -6.198883056640625e-06,
      "filename_param_1": 0.61,
      "filename_param_2": 0.98
    },
    {
      "name": "220_0.68_1.35.png",
      "original_psnr": 34.235313415527344,
      "candidate_psnr": 34.19293212890625,
      "delta_psnr": -0.04238128662109375,
      "original_ssim": 0.9953798055648804,
      "candidate_ssim": 0.9953570365905762,
      "delta_ssim": -2.276897430419922e-05,
      "filename_param_1": 0.68,
      "filename_param_2": 1.35
    },
    {
      "name": "224_0.7_1.92.png",
      "original_psnr": 32.940879821777344,
      "candidate_psnr": 32.89967346191406,
      "delta_psnr": -0.04120635986328125,
      "original_ssim": 0.9937008619308472,
      "candidate_ssim": 0.9936992526054382,
      "delta_ssim": -1.6093254089355469e-06,
      "filename_param_1": 0.7,
      "filename_param_2": 1.92
    },
    {
      "name": "437_0.96_1.74.png",
      "original_psnr": 33.48017120361328,
      "candidate_psnr": 33.444000244140625,
      "delta_psnr": -0.03617095947265625,
      "original_ssim": 0.991693377494812,
      "candidate_ssim": 0.9916760921478271,
      "delta_ssim": -1.728534698486328e-05,
      "filename_param_1": 0.96,
      "filename_param_2": 1.74
    },
    {
      "name": "210_0.63_1.2.png",
      "original_psnr": 31.099205017089844,
      "candidate_psnr": 31.0635929107666,
      "delta_psnr": -0.03561210632324219,
      "original_ssim": 0.9916645288467407,
      "candidate_ssim": 0.9916529655456543,
      "delta_ssim": -1.1563301086425781e-05,
      "filename_param_1": 0.63,
      "filename_param_2": 1.2
    },
    {
      "name": "457_0.61_0.57.png",
      "original_psnr": 31.364608764648438,
      "candidate_psnr": 31.32901954650879,
      "delta_psnr": -0.03558921813964844,
      "original_ssim": 0.9974159598350525,
      "candidate_ssim": 0.997406005859375,
      "delta_ssim": -9.953975677490234e-06,
      "filename_param_1": 0.61,
      "filename_param_2": 0.57
    },
    {
      "name": "519_0.58_1.19.png",
      "original_psnr": 46.28837585449219,
      "candidate_psnr": 46.25547790527344,
      "delta_psnr": -0.03289794921875,