{
  "source_csv": "/root/autodl-tmp/workspace/ConvIR-B-pfd-mainline/experience_docx/experiment_logs/haze4k_b1_surgery_preserve_20260602/scout_eval_per_image_b1_surgery_s0.05_vs_a0.csv",
  "candidate_name": "b1_surgery_s0.05",
  "overall": {
    "count": 1000,
    "mean_delta_psnr": 0.00018999195098876953,
    "median_delta_psnr": 3.0517578125e-05,
    "p5_delta_psnr": -0.0022815704345703126,
    "p95_delta_psnr": 0.002571296691894531,
    "positive_delta_count": 505,
    "positive_delta_ratio": 0.505,
    "regression_delta_le_-0.05": 2,
    "regression_delta_le_-0.10": 0,
    "regression_delta_le_-0.20": 0,
    "gain_delta_ge_0.05": 1,
    "gain_delta_ge_0.10": 1,
    "mean_delta_ssim": 4.456639289855957e-07,
    "median_delta_ssim": 0.0,
    "worst_10_mean_delta_psnr": -0.016440963745117186,
    "best_10_mean_delta_psnr": 0.027503013610839844
  },
  "difficulty_buckets_by_original_psnr": {
    "hard_bottom_25pct": {
      "original_psnr_range": [
        14.919734954833984,
        29.733125686645508
      ],
      "count": 250,
      "mean_delta_psnr": 0.0005631675720214844,
      "median_delta_psnr": -0.0001621246337890625,
      "p5_delta_psnr": -0.001960277557373047,
      "p95_delta_psnr": 0.0017889022827148441,
      "positive_delta_count": 106,
      "positive_delta_ratio": 0.424,
      "regression_delta_le_-0.05": 1,
      "regression_delta_le_-0.10": 0,
      "regression_delta_le_-0.20": 0,
      "gain_delta_ge_0.05": 1,
      "gain_delta_ge_0.10": 1,
      "mean_delta_ssim": 1.9562244415283203e-06,
      "median_delta_ssim": -4.470348358154297e-07,
      "worst_10_mean_delta_psnr": -0.008132553100585938,
      "best_10_mean_delta_psnr": 0.025220680236816406
    },
    "medium_middle_50pct": {
      "original_psnr_range": [
        29.737844467163086,
        39.08415985107422
      ],
      "count": 500,
      "mean_delta_psnr": 7.114791870117187e-05,
      "median_delta_psnr": 7.2479248046875e-05,
      "p5_delta_psnr": -0.0025673866271972655,
      "p95_delta_psnr": 0.0026123046875000007,
      "positive_delta_count": 257,
      "positive_delta_ratio": 0.514,
      "regression_delta_le_-0.05": 0,
      "regression_delta_le_-0.10": 0,
      "regression_delta_le_-0.20": 0,
      "gain_delta_ge_0.05": 0,
      "gain_delta_ge_0.10": 0,
      "mean_delta_ssim": 4.148483276367187e-08,
      "median_delta_ssim": 1.1920928955078125e-07,
      "worst_10_mean_delta_psnr": -0.005329704284667969,
      "best_10_mean_delta_psnr": 0.004150772094726562
    },
    "easy_top_25pct": {
      "original_psnr_range": [
        39.10456848144531,
        50.026092529296875
      ],
      "count": 250,
      "mean_delta_psnr": 5.450439453125e-05,
      "median_delta_psnr": 0.0003185272216796875,
      "p5_delta_psnr": -0.002208518981933594,
      "p95_delta_psnr": 0.002748298645019533,
      "positive_delta_count": 142,
      "positive_delta_ratio": 0.568,
      "regression_delta_le_-0.05": 1,
      "regression_delta_le_-0.10": 0,
      "regression_delta_le_-0.20": 0,
      "gain_delta_ge_0.05": 0,
      "gain_delta_ge_0.10": 0,
      "mean_delta_ssim": -2.5653839111328127e-07,
      "median_delta_ssim": -8.940696716308594e-08,
      "worst_10_mean_delta_psnr": -0.009015655517578125,
      "best_10_mean_delta_psnr": 0.004290390014648438
    }
  },
  "filename_parameter_correlations_inferred": {
    "note": "Haze4K filenames look like id_param1_param2.png; this file records correlation only and does not assume the parameter meaning.",
    "param_1_vs_original_psnr": -0.1615068984663337,
    "param_1_vs_delta_psnr": -0.012622865082937564,
    "param_2_vs_original_psnr": -0.32351294811584774,
    "param_2_vs_delta_psnr": -0.03137796287485179
  },
  "worst_regressions": [
    {
      "name": "507_0.66_0.7.png",
      "original_psnr": 40.15583419799805,
      "candidate_psnr": 40.093631744384766,
      "delta_psnr": -0.06220245361328125,
      "original_ssim": 0.997393012046814,
      "candidate_ssim": 0.9973560571670532,
      "delta_ssim": -3.695487976074219e-05,
      "filename_param_1": 0.66,
      "filename_param_2": 0.7
    },
    {
      "name": "720_0.96_1.96.png",
      "original_psnr": 24.57550048828125,
      "candidate_psnr": 24.52493667602539,
      "delta_psnr": -0.050563812255859375,
      "original_ssim": 0.9640666246414185,
      "candidate_ssim": 0.9637426137924194,
      "delta_ssim": -0.00032401084899902344,
      "filename_param_1": 0.96,
      "filename_param_2": 1.96
    },
    {
      "name": "219_0.62_1.27.png",
      "original_psnr": 33.99677658081055,
      "candidate_psnr": 33.986385345458984,
      "delta_psnr": -0.0103912353515625,
      "original_ssim": 0.9953761100769043,
      "candidate_ssim": 0.9953708052635193,
      "delta_ssim": -5.304813385009766e-06,
      "filename_param_1": 0.62,
      "filename_param_2": 1.27
    },
    {
      "name": "648_0.94_1.95.png",
      "original_psnr": 26.385908126831055,
      "candidate_psnr": 26.37647819519043,
      "delta_psnr": -0.009429931640625,
      "original_ssim": 0.9514398574829102,
      "candidate_ssim": 0.9514061808586121,
      "delta_ssim": -3.36766242980957e-05,
      "filename_param_1": 0.94,
      "filename_param_2": 1.95
    },
    {
      "name": "218_0.53_1.18.png",
      "original_psnr": 32.64994812011719,
      "candidate_psnr": 32.642154693603516,
      "delta_psnr": -0.007793426513671875,
      "original_ssim": 0.9944989085197449,
      "candidate_ssim": 0.9944955706596375,
      "delta_ssim": -3.337860107421875e-06,
      "filename_param_1": 0.53,
      "filename_param_2": 1.18
    },
    {
      "name": "757_0.64_1.31.png",
      "original_psnr": 33.974082946777344,
      "candidate_psnr": 33.967769622802734,
      "delta_psnr": -0.006313323974609375,
      "original_ssim": 0.9953427314758301,
      "candidate_ssim": 0.9953404664993286,
      "delta_ssim": -2.2649765014648438e-06,
      "filename_param_1": 0.64,
      "filename_param_2": 1.31
    },
    {
      "name": "224_0.7_1.92.png",
      "original_psnr": 32.940879821777344,
      "candidate_psnr": 32.93619155883789,
      "delta_psnr": -0.004688262939453125,
      "original_ssim": 0.9937008619308472,
      "candidate_ssim": 0.9937001466751099,
      "delta_ssim": -7.152557373046875e-07,
      "filename_param_1": 0.7,
      "filename_param_2": 1.92
    },
    {
      "name": "196_0.67_0.7.png",
      "original_psnr": 35.53623580932617,
      "candidate_psnr": 35.53156661987305,
      "delta_psnr": -0.004669189453125,
      "original_ssim": 0.9974489212036133,
      "candidate_ssim": 0.9974484443664551,
      "delta_ssim": -4.76837158203125e-07,
      "filename_param_1": 0.67,
      "filename_param_2": 0.7
    },
    {
      "name": "293_0.71_1.13.png",
      "original_psnr": 30.18798828125,
      "candidate_psnr": 30.18378257751465,
      "delta_psnr": -0.0042057037353515625,
      "original_ssim": 0.9942771196365356,
      "candidate_ssim": 0.9942747950553894,
      "delta_ssim": -2.3245811462402344e-06,
      "filename_param_1": 0.71,
      "filename_param_2": 1.13
    },
    {
      "name": "457_0.61_0.57.png",
      "original_psnr": 31.364608764648438,
      "candidate_psnr": 31.360456466674805,
      "delta_psnr": -0.0041522979736328125,
      "original_ssim": 0.9974159598350525,
      "candidate_ssim": 0.997414767742157,
      "delta_ssim": -1.1920928955078125e-06,
      "filename_param_1": 0.61,
      "filename_param_2": 0.57
    },
    {
      "name": "545_0.65_1.46.png",
      "original_psnr": 42.304786682128906,
      "candidate_psnr": 42.300838470458984,
      "delta_psnr": -0.003948211669921875,
      "original_ssim": 0.9977087378501892,
      "candidate_ssim": 0.9977080821990967,
      "delta_ssim": -6.556510925292969e-07,
      "filename_param_1": 0.65,
      "filename_param_2": 1.46
    },
    {
      "name": "239_0.85_1.8.png",
      "original_psnr": 29.96757698059082,
      "candidate_psnr": 29.963802337646484,
      "delta_psnr": -0.0037746429443359375,