{
  "source_csv": "/root/autodl-tmp/workspace/ConvIR-B-pfd-mainline/experience_docx/experiment_logs/haze4k_b1_surgery_preserve_20260602/scout_eval_per_image_b1_surgery_s0.10_vs_a0.csv",
  "candidate_name": "b1_surgery_s0.10",
  "overall": {
    "count": 1000,
    "mean_delta_psnr": 0.0010893230438232422,
    "median_delta_psnr": 0.00015163421630859375,
    "p5_delta_psnr": -0.004174327850341797,
    "p95_delta_psnr": 0.004819011688232419,
    "positive_delta_count": 537,
    "positive_delta_ratio": 0.537,
    "regression_delta_le_-0.05": 0,
    "regression_delta_le_-0.10": 0,
    "regression_delta_le_-0.20": 0,
    "gain_delta_ge_0.05": 2,
    "gain_delta_ge_0.10": 2,
    "mean_delta_ssim": 2.627968788146973e-06,
    "median_delta_ssim": 0.0,
    "worst_10_mean_delta_psnr": -0.011692428588867187,
    "best_10_mean_delta_psnr": 0.09896869659423828
  },
  "difficulty_buckets_by_original_psnr": {
    "hard_bottom_25pct": {
      "original_psnr_range": [
        14.919734954833984,
        29.733125686645508
      ],
      "count": 250,
      "mean_delta_psnr": 0.0028157272338867187,
      "median_delta_psnr": -0.00028228759765625,
      "p5_delta_psnr": -0.0034167289733886717,
      "p95_delta_psnr": 0.0035833358764648443,
      "positive_delta_count": 110,
      "positive_delta_ratio": 0.44,
      "regression_delta_le_-0.05": 0,
      "regression_delta_le_-0.10": 0,
      "regression_delta_le_-0.20": 0,
      "gain_delta_ge_0.05": 1,
      "gain_delta_ge_0.10": 1,
      "mean_delta_ssim": 1.0236501693725586e-05,
      "median_delta_ssim": -4.76837158203125e-07,
      "worst_10_mean_delta_psnr": -0.006981468200683594,
      "best_10_mean_delta_psnr": 0.08130149841308594
    },
    "medium_middle_50pct": {
      "original_psnr_range": [
        29.737844467163086,
        39.08415985107422
      ],
      "count": 500,
      "mean_delta_psnr": 0.0001365203857421875,
      "median_delta_psnr": 0.00026702880859375,
      "p5_delta_psnr": -0.004603290557861328,
      "p95_delta_psnr": 0.005135726928710938,
      "positive_delta_count": 276,
      "positive_delta_ratio": 0.552,
      "regression_delta_le_-0.05": 0,
      "regression_delta_le_-0.10": 0,
      "regression_delta_le_-0.20": 0,
      "gain_delta_ge_0.05": 0,
      "gain_delta_ge_0.10": 0,
      "mean_delta_ssim": 6.914138793945312e-08,
      "median_delta_ssim": 1.1920928955078125e-07,
      "worst_10_mean_delta_psnr": -0.009339141845703124,
      "best_10_mean_delta_psnr": 0.007753753662109375
    },
    "easy_top_25pct": {
      "original_psnr_range": [
        39.10456848144531,
        50.026092529296875
      ],
      "count": 250,
      "mean_delta_psnr": 0.001268524169921875,
      "median_delta_psnr": 0.0005664825439453125,
      "p5_delta_psnr": -0.0037828445434570316,
      "p95_delta_psnr": 0.00575351715087891,
      "positive_delta_count": 151,
      "positive_delta_ratio": 0.604,
      "regression_delta_le_-0.05": 0,
      "regression_delta_le_-0.10": 0,
      "regression_delta_le_-0.20": 0,
      "gain_delta_ge_0.05": 1,
      "gain_delta_ge_0.10": 1,
      "mean_delta_ssim": 1.3709068298339843e-07,
      "median_delta_ssim": 0.0,
      "worst_10_mean_delta_psnr": -0.0058689117431640625,
      "best_10_mean_delta_psnr": 0.02233734130859375
    }
  },
  "filename_parameter_correlations_inferred": {
    "note": "Haze4K filenames look like id_param1_param2.png; this file records correlation only and does not assume the parameter meaning.",
    "param_1_vs_original_psnr": -0.1615068984663337,
    "param_1_vs_delta_psnr": -0.014922243448084694,
    "param_2_vs_original_psnr": -0.32351294811584774,
    "param_2_vs_delta_psnr": -0.03586146956044363
  },
  "worst_regressions": [
    {
      "name": "720_0.96_1.96.png",
      "original_psnr": 24.57550048828125,
      "candidate_psnr": 24.556684494018555,
      "delta_psnr": -0.018815994262695312,
      "original_ssim": 0.9640666246414185,
      "candidate_ssim": 0.9639439582824707,
      "delta_ssim": -0.0001226663589477539,
      "filename_param_1": 0.96,
      "filename_param_2": 1.96
    },
    {
      "name": "648_0.94_1.95.png",
      "original_psnr": 26.385908126831055,
      "candidate_psnr": 26.368282318115234,
      "delta_psnr": -0.017625808715820312,
      "original_ssim": 0.9514398574829102,
      "candidate_ssim": 0.951375424861908,
      "delta_ssim": -6.443262100219727e-05,
      "filename_param_1": 0.94,
      "filename_param_2": 1.95
    },
    {
      "name": "219_0.62_1.27.png",
      "original_psnr": 33.99677658081055,
      "candidate_psnr": 33.98104476928711,
      "delta_psnr": -0.0157318115234375,
      "original_ssim": 0.9953761100769043,
      "candidate_ssim": 0.9953678846359253,
      "delta_ssim": -8.225440979003906e-06,
      "filename_param_1": 0.62,
      "filename_param_2": 1.27
    },
    {
      "name": "218_0.53_1.18.png",
      "original_psnr": 32.64994812011719,
      "candidate_psnr": 32.63526153564453,
      "delta_psnr": -0.01468658447265625,
      "original_ssim": 0.9944989085197449,
      "candidate_ssim": 0.9944909811019897,
      "delta_ssim": -7.927417755126953e-06,
      "filename_param_1": 0.53,
      "filename_param_2": 1.18
    },
    {
      "name": "757_0.64_1.31.png",
      "original_psnr": 33.974082946777344,
      "candidate_psnr": 33.96442794799805,
      "delta_psnr": -0.009654998779296875,
      "original_ssim": 0.9953427314758301,
      "candidate_ssim": 0.9953386783599854,
      "delta_ssim": -4.0531158447265625e-06,
      "filename_param_1": 0.64,
      "filename_param_2": 1.31
    },
    {
      "name": "224_0.7_1.92.png",
      "original_psnr": 32.940879821777344,
      "candidate_psnr": 32.93149948120117,
      "delta_psnr": -0.009380340576171875,
      "original_ssim": 0.9937008619308472,
      "candidate_ssim": 0.9936994314193726,
      "delta_ssim": -1.430511474609375e-06,
      "filename_param_1": 0.7,
      "filename_param_2": 1.92
    },
    {
      "name": "758_0.61_0.98.png",
      "original_psnr": 36.635711669921875,
      "candidate_psnr": 36.627254486083984,
      "delta_psnr": -0.008457183837890625,
      "original_ssim": 0.9970264434814453,
      "candidate_ssim": 0.9970256686210632,
      "delta_ssim": -7.748603820800781e-07,
      "filename_param_1": 0.61,
      "filename_param_2": 0.98
    },
    {
      "name": "437_0.96_1.74.png",
      "original_psnr": 33.48017120361328,
      "candidate_psnr": 33.472015380859375,
      "delta_psnr": -0.00815582275390625,
      "original_ssim": 0.991693377494812,
      "candidate_ssim": 0.9916887283325195,
      "delta_ssim": -4.649162292480469e-06,
      "filename_param_1": 0.96,
      "filename_param_2": 1.74
    },
    {
      "name": "457_0.61_0.57.png",
      "original_psnr": 31.364608764648438,
      "candidate_psnr": 31.357341766357422,
      "delta_psnr": -0.007266998291015625,
      "original_ssim": 0.9974159598350525,
      "candidate_ssim": 0.997414231300354,
      "delta_ssim": -1.7285346984863281e-06,
      "filename_param_1": 0.61,
      "filename_param_2": 0.57
    },
    {
      "name": "519_0.58_1.19.png",
      "original_psnr": 46.28837585449219,
      "candidate_psnr": 46.281227111816406,
      "delta_psnr": -0.00714874267578125,
      "original_ssim": 0.9971127510070801,
      "candidate_ssim": 0.9971122741699219,
      "delta_ssim": -4.76837158203125e-07,
      "filename_param_1": 0.58,
      "filename_param_2": 1.19
    },
    {
      "name": "220_0.68_1.35.png",
      "original_psnr": 34.235313415527344,
      "candidate_psnr": 34.22821807861328,
      "delta_psnr": -0.0070953369140625,
      "original_ssim": 0.9953798055648804,
      "candidate_ssim": 0.9953750371932983,
      "delta_ssim": -4.76837158203125e-06,
      "filename_param_1": 0.68,
      "filename_param_2": 1.35
    },
    {
      "name": "537_0.58_1.0.png",
      "original_psnr": 41.2065544128418,
      "candidate_psnr": 41.19948959350586,
      "delta_psnr": -0.0070648193359375,
      "original_ssim": 0.9981591105461121,