{
  "runs": {
    "a0": {
      "mode": "original",
      "arch": "convir",
      "checkpoint": "/root/autodl-tmp/workspace/ConvIR-B/Dehazing/pretrained_models/haze4k-base.pkl",
      "count": 1000,
      "mean_psnr": 34.140645500183105,
      "mean_ssim": 0.9897101619243622,
      "avg_time_sec_sync": 0.05062634015083313,
      "median_time_sec_sync": 0.060169100761413574,
      "peak_cuda_mem_mib": 570.69287109375,
      "label": "a0"
    },
    "b1_surgery_s1.00": {
      "mode": "original",
      "arch": "pfd",
      "checkpoint": "/root/autodl-tmp/workspace/ConvIR-B-pfd-mainline/Dehazing/ITS/results/PFD-B1-surgery-rhfd-scale1.00/Training-Results/Best.pkl",
      "count": 1000,
      "mean_psnr": 34.15332297325134,
      "mean_ssim": 0.9897244337201119,
      "avg_time_sec_sync": 0.04878967499732971,
      "median_time_sec_sync": 0.05467569828033447,
      "peak_cuda_mem_mib": 572.24658203125,
      "label": "b1_surgery_s1.00"
    }
  },
  "comparison": {
    "common_count": 1000,
    "mean_psnr_delta": 0.012677473068237305,
    "median_psnr_delta": 0.000606536865234375,
    "p5_psnr_delta": -0.04086780548095703,
    "p95_psnr_delta": 0.04533405303955078,
    "worst10_mean_psnr_delta": -0.04771013259887695,
    "best10_mean_psnr_delta": 0.16220323562622072,
    "mean_ssim_delta": 1.4271795749664307e-05,
    "strong_reference_cut_psnr": 39.08926200866699,
    "strong_reference_count": 250,
    "strong_regression_count_delta_le_-0.05": 9,
    "worst_regression_count_delta_le_-0.20": 0
  }
}