{
  "source_csv": "/root/autodl-tmp/workspace/ConvIR-B-pfd-mainline/experience_docx/experiment_logs/haze4k_b1_surgery_preserve_20260602/scout_eval_per_image_b1_surgery_s0.30_vs_a0.csv",
  "candidate_name": "b1_surgery_s0.30",
  "overall": {
    "count": 1000,
    "mean_delta_psnr": 0.005663908004760742,
    "median_delta_psnr": 0.00025844573974609375,
    "p5_delta_psnr": -0.012346553802490234,
    "p95_delta_psnr": 0.013633632659912099,
    "positive_delta_count": 510,
    "positive_delta_ratio": 0.51,
    "regression_delta_le_-0.05": 2,
    "regression_delta_le_-0.10": 0,
    "regression_delta_le_-0.20": 0,
    "gain_delta_ge_0.05": 2,
    "gain_delta_ge_0.10": 2,
    "mean_delta_ssim": 1.0840177536010742e-05,
    "median_delta_ssim": 2.9802322387695312e-08,
    "worst_10_mean_delta_psnr": -0.034490966796875,
    "best_10_mean_delta_psnr": 0.543975830078125
  },
  "difficulty_buckets_by_original_psnr": {
    "hard_bottom_25pct": {
      "original_psnr_range": [
        14.919734954833984,
        29.733125686645508
      ],
      "count": 250,
      "mean_delta_psnr": 0.017633537292480468,
      "median_delta_psnr": -0.000926971435546875,
      "p5_delta_psnr": -0.009483623504638671,
      "p95_delta_psnr": 0.010304260253906255,
      "positive_delta_count": 107,
      "positive_delta_ratio": 0.428,
      "regression_delta_le_-0.05": 2,
      "regression_delta_le_-0.10": 0,
      "regression_delta_le_-0.20": 0,
      "gain_delta_ge_0.05": 1,
      "gain_delta_ge_0.10": 1,
      "mean_delta_ssim": 4.288887977600098e-05,
      "median_delta_ssim": -1.7881393432617188e-06,
      "worst_10_mean_delta_psnr": -0.020521163940429688,
      "best_10_mean_delta_psnr": 0.474366569519043
    },
    "medium_middle_50pct": {
      "original_psnr_range": [
        29.737844467163086,
        39.08415985107422
      ],
      "count": 500,
      "mean_delta_psnr": 0.00032457733154296874,
      "median_delta_psnr": 0.000164031982421875,
      "p5_delta_psnr": -0.013913726806640625,
      "p95_delta_psnr": 0.013959121704101563,
      "positive_delta_count": 254,
      "positive_delta_ratio": 0.508,
      "regression_delta_le_-0.05": 0,
      "regression_delta_le_-0.10": 0,
      "regression_delta_le_-0.20": 0,
      "gain_delta_ge_0.05": 0,
      "gain_delta_ge_0.10": 0,
      "mean_delta_ssim": 1.0204315185546875e-07,
      "median_delta_ssim": 4.76837158203125e-07,
      "worst_10_mean_delta_psnr": -0.027625274658203126,
      "best_10_mean_delta_psnr": 0.02190093994140625
    },
    "easy_top_25pct": {
      "original_psnr_range": [
        39.10456848144531,
        50.026092529296875
      ],
      "count": 250,
      "mean_delta_psnr": 0.004372940063476562,
      "median_delta_psnr": 0.0017375946044921875,
      "p5_delta_psnr": -0.011849403381347656,
      "p95_delta_psnr": 0.017457771301269544,
      "positive_delta_count": 149,
      "positive_delta_ratio": 0.596,
      "regression_delta_le_-0.05": 0,
      "regression_delta_le_-0.10": 0,
      "regression_delta_le_-0.20": 0,
      "gain_delta_ge_0.05": 1,
      "gain_delta_ge_0.10": 1,
      "mean_delta_ssim": 2.677440643310547e-07,
      "median_delta_ssim": -8.940696716308594e-08,
      "worst_10_mean_delta_psnr": -0.01701507568359375,
      "best_10_mean_delta_psnr": 0.08319244384765626
    }
  },
  "filename_parameter_correlations_inferred": {
    "note": "Haze4K filenames look like id_param1_param2.png; this file records correlation only and does not assume the parameter meaning.",
    "param_1_vs_original_psnr": -0.1615068984663337,
    "param_1_vs_delta_psnr": -0.010641277949198683,
    "param_2_vs_original_psnr": -0.32351294811584774,
    "param_2_vs_delta_psnr": -0.02759339002715527
  },
  "worst_regressions": [
    {
      "name": "720_0.96_1.96.png",
      "original_psnr": 24.57550048828125,
      "candidate_psnr": 24.519508361816406,
      "delta_psnr": -0.05599212646484375,
      "original_ssim": 0.9640666246414185,
      "candidate_ssim": 0.963781476020813,
      "delta_ssim": -0.00028514862060546875,
      "filename_param_1": 0.96,
      "filename_param_2": 1.96
    },
    {
      "name": "648_0.94_1.95.png",
      "original_psnr": 26.385908126831055,
      "candidate_psnr": 26.33531951904297,
      "delta_psnr": -0.05058860778808594,
      "original_ssim": 0.9514398574829102,
      "candidate_ssim": 0.9512550830841064,
      "delta_ssim": -0.00018477439880371094,
      "filename_param_1": 0.94,
      "filename_param_2": 1.95
    },
    {
      "name": "219_0.62_1.27.png",
      "original_psnr": 33.99677658081055,
      "candidate_psnr": 33.94942092895508,
      "delta_psnr": -0.04735565185546875,
      "original_ssim": 0.9953761100769043,
      "candidate_ssim": 0.9953515529632568,
      "delta_ssim": -2.4557113647460938e-05,
      "filename_param_1": 0.62,
      "filename_param_2": 1.27
    },
    {
      "name": "218_0.53_1.18.png",
      "original_psnr": 32.64994812011719,
      "candidate_psnr": 32.605072021484375,
      "delta_psnr": -0.0448760986328125,
      "original_ssim": 0.9944989085197449,
      "candidate_ssim": 0.9944708347320557,
      "delta_ssim": -2.8073787689208984e-05,
      "filename_param_1": 0.53,
      "filename_param_2": 1.18
    },
    {
      "name": "757_0.64_1.31.png",
      "original_psnr": 33.974082946777344,
      "candidate_psnr": 33.9448127746582,
      "delta_psnr": -0.029270172119140625,
      "original_ssim": 0.9953427314758301,
      "candidate_ssim": 0.9953307509422302,
      "delta_ssim": -1.1980533599853516e-05,
      "filename_param_1": 0.64,
      "filename_param_2": 1.31
    },
    {
      "name": "758_0.61_0.98.png",
      "original_psnr": 36.635711669921875,
      "candidate_psnr": 36.608795166015625,
      "delta_psnr": -0.02691650390625,
      "original_ssim": 0.9970264434814453,
      "candidate_ssim": 0.9970226287841797,
      "delta_ssim": -3.814697265625e-06,
      "filename_param_1": 0.61,
      "filename_param_2": 0.98
    },
    {
      "name": "224_0.7_1.92.png",
      "original_psnr": 32.940879821777344,
      "candidate_psnr": 32.915191650390625,
      "delta_psnr": -0.02568817138671875,
      "original_ssim": 0.9937008619308472,
      "candidate_ssim": 0.9936984777450562,
      "delta_ssim": -2.384185791015625e-06,
      "filename_param_1": 0.7,
      "filename_param_2": 1.92
    },
    {
      "name": "457_0.61_0.57.png",
      "original_psnr": 31.364608764648438,
      "candidate_psnr": 31.343076705932617,
      "delta_psnr": -0.021532058715820312,
      "original_ssim": 0.9974159598350525,
      "candidate_ssim": 0.9974102973937988,
      "delta_ssim": -5.662441253662109e-06,
      "filename_param_1": 0.61,
      "filename_param_2": 0.57
    },
    {
      "name": "437_0.96_1.74.png",
      "original_psnr": 33.48017120361328,
      "candidate_psnr": 33.458770751953125,
      "delta_psnr": -0.02140045166015625,
      "original_ssim": 0.991693377494812,
      "candidate_ssim": 0.9916819930076599,
      "delta_ssim": -1.138448715209961e-05,
      "filename_param_1": 0.96,
      "filename_param_2": 1.74
    },
    {
      "name": "220_0.68_1.35.png",
      "original_psnr": 34.235313415527344,
      "candidate_psnr": 34.21402359008789,
      "delta_psnr": -0.021289825439453125,
      "original_ssim": 0.9953798055648804,
      "candidate_ssim": 0.9953679442405701,
      "delta_ssim": -1.1861324310302734e-05,
      "filename_param_1": 0.68,
      "filename_param_2": 1.35
    },
    {
      "name": "519_0.58_1.19.png",
      "original_psnr": 46.28837585449219,
      "candidate_psnr": 46.267452239990234,
      "delta_psnr": -0.020923614501953125,
      "original_ssim": 0.9971127510070801,
      "candidate_ssim": 0.9971120357513428,
      "delta_ssim": -7.152557373046875e-07,
      "filename_param_1": 0.58,
      "filename_param_2": 1.19
    },
    {
      "name": "210_0.63_1.2.png",
      "original_psnr": 31.099205017089844,
      "candidate_psnr": 31.080204010009766,
      "delta_psnr": -0.019001007080078125,