{
  "source_csv": "/root/autodl-tmp/workspace/ConvIR-B-pfd-mainline/experience_docx/experiment_logs/haze4k_b1_surgery_preserve_20260602/scout_eval_per_image_b1_surgery_s0.20_vs_a0.csv",
  "candidate_name": "b1_surgery_s0.20",
  "overall": {
    "count": 1000,
    "mean_delta_psnr": 0.004401627540588379,
    "median_delta_psnr": 0.000274658203125,
    "p5_delta_psnr": -0.008103370666503906,
    "p95_delta_psnr": 0.00931148529052734,
    "positive_delta_count": 515,
    "positive_delta_ratio": 0.515,
    "regression_delta_le_-0.05": 0,
    "regression_delta_le_-0.10": 0,
    "regression_delta_le_-0.20": 0,
    "gain_delta_ge_0.05": 2,
    "gain_delta_ge_0.10": 2,
    "mean_delta_ssim": 9.620904922485352e-06,
    "median_delta_ssim": -2.9802322387695312e-08,
    "worst_10_mean_delta_psnr": -0.021643447875976562,
    "best_10_mean_delta_psnr": 0.4231466293334961
  },
  "difficulty_buckets_by_original_psnr": {
    "hard_bottom_25pct": {
      "original_psnr_range": [
        14.919734954833984,
        29.733125686645508
      ],
      "count": 250,
      "mean_delta_psnr": 0.014027843475341797,
      "median_delta_psnr": -0.0005626678466796875,
      "p5_delta_psnr": -0.006306171417236328,
      "p95_delta_psnr": 0.006747150421142579,
      "positive_delta_count": 103,
      "positive_delta_ratio": 0.412,
      "regression_delta_le_-0.05": 0,
      "regression_delta_le_-0.10": 0,
      "regression_delta_le_-0.20": 0,
      "gain_delta_ge_0.05": 1,
      "gain_delta_ge_0.10": 1,
      "mean_delta_ssim": 3.7868738174438476e-05,
      "median_delta_ssim": -6.556510925292969e-07,
      "worst_10_mean_delta_psnr": -0.012410163879394531,
      "best_10_mean_delta_psnr": 0.371354866027832
    },
    "medium_middle_50pct": {
      "original_psnr_range": [
        29.737844467163086,
        39.08415985107422
      ],
      "count": 500,
      "mean_delta_psnr": 0.00022230911254882813,
      "median_delta_psnr": 0.0003509521484375,
      "p5_delta_psnr": -0.00938119888305664,
      "p95_delta_psnr": 0.009944534301757816,
      "positive_delta_count": 260,
      "positive_delta_ratio": 0.52,
      "regression_delta_le_-0.05": 0,
      "regression_delta_le_-0.10": 0,
      "regression_delta_le_-0.20": 0,
      "gain_delta_ge_0.05": 0,
      "gain_delta_ge_0.10": 0,
      "mean_delta_ssim": 1.0764598846435547e-07,
      "median_delta_ssim": 2.980232238769531e-07,
      "worst_10_mean_delta_psnr": -0.018722915649414064,
      "best_10_mean_delta_psnr": 0.014856719970703125
    },
    "easy_top_25pct": {
      "original_psnr_range": [
        39.10456848144531,
        50.026092529296875
      ],
      "count": 250,
      "mean_delta_psnr": 0.0031340484619140625,
      "median_delta_psnr": 0.001125335693359375,
      "p5_delta_psnr": -0.007506942749023438,
      "p95_delta_psnr": 0.011241531372070323,
      "positive_delta_count": 152,
      "positive_delta_ratio": 0.608,
      "regression_delta_le_-0.05": 0,
      "regression_delta_le_-0.10": 0,
      "regression_delta_le_-0.20": 0,
      "gain_delta_ge_0.05": 1,
      "gain_delta_ge_0.10": 1,
      "mean_delta_ssim": 3.9958953857421873e-07,
      "median_delta_ssim": -1.1920928955078125e-07,
      "worst_10_mean_delta_psnr": -0.01147003173828125,
      "best_10_mean_delta_psnr": 0.06076622009277344
    }
  },
  "filename_parameter_correlations_inferred": {
    "note": "Haze4K filenames look like id_param1_param2.png; this file records correlation only and does not assume the parameter meaning.",
    "param_1_vs_original_psnr": -0.1615068984663337,
    "param_1_vs_delta_psnr": -0.010025071276575015,
    "param_2_vs_original_psnr": -0.32351294811584774,
    "param_2_vs_delta_psnr": -0.026332313156099317
  },
  "worst_regressions": [
    {
      "name": "648_0.94_1.95.png",
      "original_psnr": 26.385908126831055,
      "candidate_psnr": 26.351287841796875,
      "delta_psnr": -0.03462028503417969,
      "original_ssim": 0.9514398574829102,
      "candidate_ssim": 0.9513148069381714,
      "delta_ssim": -0.00012505054473876953,
      "filename_param_1": 0.94,
      "filename_param_2": 1.95
    },
    {
      "name": "219_0.62_1.27.png",
      "original_psnr": 33.99677658081055,
      "candidate_psnr": 33.96469497680664,
      "delta_psnr": -0.03208160400390625,
      "original_ssim": 0.9953761100769043,
      "candidate_ssim": 0.9953595995903015,
      "delta_ssim": -1.6510486602783203e-05,
      "filename_param_1": 0.62,
      "filename_param_2": 1.27
    },
    {
      "name": "218_0.53_1.18.png",
      "original_psnr": 32.64994812011719,
      "candidate_psnr": 32.61817169189453,
      "delta_psnr": -0.03177642822265625,
      "original_ssim": 0.9944989085197449,
      "candidate_ssim": 0.9944808483123779,
      "delta_ssim": -1.806020736694336e-05,
      "filename_param_1": 0.53,
      "filename_param_2": 1.18
    },
    {
      "name": "720_0.96_1.96.png",
      "original_psnr": 24.57550048828125,
      "candidate_psnr": 24.55467987060547,
      "delta_psnr": -0.02082061767578125,
      "original_ssim": 0.9640666246414185,
      "candidate_ssim": 0.9639836549758911,
      "delta_ssim": -8.296966552734375e-05,
      "filename_param_1": 0.96,
      "filename_param_2": 1.96
    },
    {
      "name": "757_0.64_1.31.png",
      "original_psnr": 33.974082946777344,
      "candidate_psnr": 33.95351791381836,
      "delta_psnr": -0.020565032958984375,
      "original_ssim": 0.9953427314758301,
      "candidate_ssim": 0.9953345060348511,
      "delta_ssim": -8.225440979003906e-06,
      "filename_param_1": 0.64,
      "filename_param_2": 1.31
    },
    {
      "name": "758_0.61_0.98.png",
      "original_psnr": 36.635711669921875,
      "candidate_psnr": 36.61836242675781,
      "delta_psnr": -0.0173492431640625,
      "original_ssim": 0.9970264434814453,
      "candidate_ssim": 0.9970242977142334,
      "delta_ssim": -2.1457672119140625e-06,
      "filename_param_1": 0.61,
      "filename_param_2": 0.98
    },
    {
      "name": "220_0.68_1.35.png",
      "original_psnr": 34.235313415527344,
      "candidate_psnr": 34.218868255615234,
      "delta_psnr": -0.016445159912109375,
      "original_ssim": 0.9953798055648804,
      "candidate_ssim": 0.9953710436820984,
      "delta_ssim": -8.761882781982422e-06,
      "filename_param_1": 0.68,
      "filename_param_2": 1.35
    },
    {
      "name": "224_0.7_1.92.png",
      "original_psnr": 32.940879821777344,
      "candidate_psnr": 32.92566680908203,
      "delta_psnr": -0.0152130126953125,
      "original_ssim": 0.9937008619308472,
      "candidate_ssim": 0.9937007427215576,
      "delta_ssim": -1.1920928955078125e-07,
      "filename_param_1": 0.7,
      "filename_param_2": 1.92
    },
    {
      "name": "457_0.61_0.57.png",
      "original_psnr": 31.364608764648438,
      "candidate_psnr": 31.350812911987305,
      "delta_psnr": -0.013795852661132812,
      "original_ssim": 0.9974159598350525,
      "candidate_ssim": 0.9974126815795898,
      "delta_ssim": -3.2782554626464844e-06,
      "filename_param_1": 0.61,
      "filename_param_2": 0.57
    },
    {
      "name": "519_0.58_1.19.png",
      "original_psnr": 46.28837585449219,
      "candidate_psnr": 46.27460861206055,
      "delta_psnr": -0.013767242431640625,
      "original_ssim": 0.9971127510070801,
      "candidate_ssim": 0.997112512588501,
      "delta_ssim": -2.384185791015625e-07,
      "filename_param_1": 0.58,
      "filename_param_2": 1.19
    },
    {
      "name": "210_0.63_1.2.png",
      "original_psnr": 31.099205017089844,
      "candidate_psnr": 31.08579444885254,
      "delta_psnr": -0.013410568237304688,
      "original_ssim": 0.9916645288467407,
      "candidate_ssim": 0.9916585683822632,
      "delta_ssim": -5.9604644775390625e-06,
      "filename_param_1": 0.63,
      "filename_param_2": 1.2
    },
    {
      "name": "437_0.96_1.74.png",
      "original_psnr": 33.48017120361328,
      "candidate_psnr": 33.466819763183594,
      "delta_psnr": -0.0133514404296875,