{
  "runs": {
    "A0": {
      "label": "A0",
      "arch": "official_convir",
      "mode": "original",
      "checkpoint": "/sda/home/wangyuxin/ConvIR-B/checkpoints/official/Haze4K/haze4k-base.pkl",
      "depth_mode": "none",
      "airlight_mode": "none",
      "count": 600,
      "mean_psnr": 39.35034857114156,
      "mean_ssim": 0.9957262628277143,
      "avg_time_sec_sync": 0.029071044921875,
      "median_time_sec_sync": 0.02853405475616455,
      "peak_cuda_mem_mib": 535.95654296875
    },
    "DTA_v31_v31_wg18_light_hinge_seed3407_f0_scout5full_post_gt_normal": {
      "label": "DTA_v31_v31_wg18_light_hinge_seed3407_f0_scout5full_post_gt_normal",
      "arch": "dta_v3",
      "mode": "modres",
      "checkpoint": "/sda/home/wangyuxin/ConvIR-B/repos/ConvIR-B-dta-v3-dapc-finetune-v31/Dehazing/ITS/results/ConvIR-Haze4K-DTA-v3-1-WG18LightHinge-seed3407-f0-scout5full/Training-Results/Final.pkl",
      "depth_mode": "normal",
      "airlight_mode": "gt",
      "count": 600,
      "mean_psnr": 39.33899585088094,
      "mean_ssim": 0.9957019038995107,
      "avg_time_sec_sync": 0.029445971250534057,
      "median_time_sec_sync": 0.031067371368408203,
      "peak_cuda_mem_mib": 540.77294921875
    }
  },
  "comparison": {
    "common_count": 600,
    "mean_psnr_delta": -0.011352720260620118,
    "median_psnr_delta": 0.0039520263671875,
    "p5_psnr_delta": -0.23262195587158205,
    "p95_psnr_delta": 0.16180343627929655,
    "hard_bottom25_psnr_delta": -0.0203256352742513,
    "easy_top25_psnr_delta": 0.009167734781901042,
    "worst10pct_mean_psnr_delta": -0.2746516227722168,
    "best10pct_mean_psnr_delta": 0.1876116116841634,
    "worst10img_mean_psnr_delta": -0.49315567016601564,
    "best10img_mean_psnr_delta": 0.30669212341308594,
    "worst10_mean_psnr_delta": -0.2746516227722168,
    "best10_mean_psnr_delta": 0.1876116116841634,
    "mean_ssim_delta": -2.4358928203582764e-05,
    "positive_ratio": 0.53,
    "strong_reference_cut_psnr": 42.755948066711426,
    "strong_reference_count": 150,
    "strong_regression_count_delta_le_-0.05": 30,
    "worst_regression_count_delta_le_-0.20": 42
  }
}