{
  "runs": {
    "A0": {
      "label": "A0",
      "arch": "official_convir",
      "mode": "original",
      "checkpoint": "/sda/home/wangyuxin/ConvIR-B/checkpoints/official/Haze4K/haze4k-base.pkl",
      "depth_mode": "none",
      "airlight_mode": "none",
      "count": 600,
      "mean_psnr": 39.35034857114156,
      "mean_ssim": 0.9957262628277143,
      "avg_time_sec_sync": 0.044022512833277384,
      "median_time_sec_sync": 0.04273366928100586,
      "peak_cuda_mem_mib": 535.95654296875
    },
    "DTA_v33_v33_routerfusion_d3_router_seed3407_f0_triage5full_fallback_shuffle": {
      "label": "DTA_v33_v33_routerfusion_d3_router_seed3407_f0_triage5full_fallback_shuffle",
      "arch": "dta_v3",
      "mode": "modres",
      "checkpoint": "/sda/home/wangyuxin/ConvIR-B/repos/ConvIR-B-dta-v3-dapc-finetune-v33-routerfusion/Dehazing/ITS/results/ConvIR-Haze4K-DTA-v3-3-RouterFusion-d3_router-seed3407-f0-triage5full/Training-Results/Final.pkl",
      "depth_mode": "shuffle",
      "airlight_mode": "fallback",
      "count": 600,
      "mean_psnr": 39.32319155375163,
      "mean_ssim": 0.9957039267818133,
      "avg_time_sec_sync": 0.05507938663164775,
      "median_time_sec_sync": 0.05469620227813721,
      "peak_cuda_mem_mib": 541.6640625
    }
  },
  "comparison": {
    "common_count": 600,
    "mean_psnr_delta": -0.02715701738993327,
    "median_psnr_delta": -0.01212310791015625,
    "p5_psnr_delta": -0.3513439178466797,
    "p95_psnr_delta": 0.2745300292968749,
    "hard_bottom25_psnr_delta": -0.036500282287597656,
    "easy_top25_psnr_delta": -0.019888839721679687,
    "worst10pct_mean_psnr_delta": -0.40571397145589194,
    "best10pct_mean_psnr_delta": 0.30474704106648765,
    "worst10img_mean_psnr_delta": -0.6890621185302734,
    "best10img_mean_psnr_delta": 0.49446907043457033,
    "worst10_mean_psnr_delta": -0.40571397145589194,
    "best10_mean_psnr_delta": 0.30474704106648765,
    "mean_ssim_delta": -2.2336045900980632e-05,
    "positive_ratio": 0.47,
    "strong_reference_cut_psnr": 42.755948066711426,
    "strong_reference_count": 150,
    "strong_regression_count_delta_le_-0.05": 45,
    "worst_regression_count_delta_le_-0.20": 103
  }
}
