{
  "runs": {
    "A0": {
      "label": "A0",
      "arch": "official_convir",
      "mode": "original",
      "checkpoint": "/home/caozhiyang/ConvIR-B/checkpoints/official/Haze4K/haze4k-base.pkl",
      "depth_mode": "none",
      "airlight_mode": "none",
      "count": 1000,
      "mean_psnr": 34.140645500183105,
      "mean_ssim": 0.9897101619243622,
      "avg_time_sec_sync": 0.021729106187820434,
      "median_time_sec_sync": 0.024119853973388672,
      "peak_cuda_mem_mib": 538.44482421875
    },
    "DTA_v34_v34_fdf_tsr_e2_tiny_residual_seed3407_quick5full_fallback_test_shuffle": {
      "label": "DTA_v34_v34_fdf_tsr_e2_tiny_residual_seed3407_quick5full_fallback_test_shuffle",
      "arch": "dta_v3",
      "mode": "modres",
      "checkpoint": "/home/caozhiyang/ConvIR-B/repos/ConvIR-B-dta-v3-4-fdf-tsr-finetune/Dehazing/ITS/results/ConvIR-Haze4K-DTA-v3-4-FDF-TSR-e2_tiny_residual-seed3407-quick5full/Training-Results/Final.pkl",
      "depth_mode": "shuffle",
      "airlight_mode": "fallback",
      "count": 1000,
      "mean_psnr": 34.01980856990814,
      "mean_ssim": 0.9896255381107331,
      "avg_time_sec_sync": 0.03118079733848572,
      "median_time_sec_sync": 0.03501582145690918,
      "peak_cuda_mem_mib": 545.0615234375
    }
  },
  "comparison": {
    "common_count": 1000,
    "mean_psnr_delta": -0.12083693027496338,
    "median_psnr_delta": -0.10799407958984375,
    "p5_psnr_delta": -0.6955419540405273,
    "p95_psnr_delta": 0.31359930038452144,
    "hard_bottom25_psnr_delta": -0.019603893280029296,
    "easy_top25_psnr_delta": -0.15711647033691406,
    "worst10pct_mean_psnr_delta": -0.7978513336181641,
    "best10pct_mean_psnr_delta": 0.5129389190673828,
    "worst10img_mean_psnr_delta": -1.4767078399658202,
    "best10img_mean_psnr_delta": 2.1464811325073243,
    "worst10_mean_psnr_delta": -0.7978513336181641,
    "best10_mean_psnr_delta": 0.5129389190673828,
    "mean_ssim_delta": -8.462381362915039e-05,
    "positive_ratio": 0.306,
    "strong_reference_cut_psnr": 39.08926200866699,
    "strong_reference_count": 250,
    "strong_regression_count_delta_le_-0.05": 150,
    "worst_regression_count_delta_le_-0.20": 343
  }
}