{
  "runs": {
    "A0": {
      "label": "A0",
      "arch": "official_convir",
      "mode": "original",
      "checkpoint": "/sda/home/wangyuxin/ConvIR-B/checkpoints/official/Haze4K/haze4k-base.pkl",
      "depth_mode": "none",
      "airlight_mode": "none",
      "count": 600,
      "mean_psnr": 39.35034857114156,
      "mean_ssim": 0.9957262628277143,
      "avg_time_sec_sync": 0.05522949894269307,
      "median_time_sec_sync": 0.051386356353759766,
      "peak_cuda_mem_mib": 537.50634765625
    },
    "DTA_v35_v35_fdf_rcs_l4_fdf_lite_tail_s004_g025_bm2_seed3411_f0_quick5full_fallback_train_zero": {
      "label": "DTA_v35_v35_fdf_rcs_l4_fdf_lite_tail_s004_g025_bm2_seed3411_f0_quick5full_fallback_train_zero",
      "arch": "dta_v3",
      "mode": "modres",
      "checkpoint": "/sda/home/wangyuxin/ConvIR-B/repos/ConvIR-B-dta-v3-5-fdf-rcs-lite/Dehazing/ITS/results/ConvIR-Haze4K-DTA-v3-5-FDF-RCS-l4_fdf_lite_tail_s004_g025_bm2-seed3411_f0-quick5full/Training-Results/Final.pkl",
      "depth_mode": "zero",
      "airlight_mode": "fallback",
      "count": 600,
      "mean_psnr": 39.37912091255188,
      "mean_ssim": 0.9957141281167666,
      "avg_time_sec_sync": 0.06598817586898803,
      "median_time_sec_sync": 0.06338131427764893,
      "peak_cuda_mem_mib": 601.9677734375
    }
  },
  "comparison": {
    "common_count": 600,
    "mean_psnr_delta": 0.02877234141031901,
    "median_psnr_delta": 0.025712966918945312,
    "p5_psnr_delta": -0.2540599822998047,
    "p95_psnr_delta": 0.3016124725341796,
    "hard_bottom25_psnr_delta": 0.02317896525065104,
    "easy_top25_psnr_delta": 0.013167470296223959,
    "worst10pct_mean_psnr_delta": -0.28078912099202474,
    "best10pct_mean_psnr_delta": 0.31926237742106117,
    "worst10img_mean_psnr_delta": -0.4631221771240234,
    "best10img_mean_psnr_delta": 0.46135940551757815,
    "worst10_mean_psnr_delta": -0.28078912099202474,
    "best10_mean_psnr_delta": 0.31926237742106117,
    "mean_ssim_delta": -1.2134710947672526e-05,
    "positive_ratio": 0.5966666666666667,
    "strong_reference_cut_psnr": 42.755948066711426,
    "strong_reference_count": 150,
    "strong_regression_count_delta_le_-0.05": 40,
    "worst_regression_count_delta_le_-0.20": 47
  }
}