split,count,a0_psnr_mean,a0_psnr_p25,a0_psnr_p75,hard_count,medium_count,easy_count,brightness_mean,saturation_mean,depth_mean,depth_gradient_mean,sky_proxy_ratio
train_inner,2400,40.02047994295756,37.22342777252197,43.17984104156494,461,1260,679,0.5566963493078947,0.0753779874361741,0.27551905895893775,0.0027166675261590476,0.14708333333333334
val_regular,300,39.46919339497884,36.15913677215576,42.45430278778076,75,154,71,0.5631805087129275,0.0733638516254723,0.2723988371590773,0.0027852026726274443,0.17666666666666667
val_hard,300,34.24652522404988,32.592373847961426,36.437724113464355,214,86,0,0.6255522834261259,0.055263923636327185,0.26018465821941694,0.0026430795527994633,0.36666666666666664
val_inner_regular,300,39.46919339497884,36.15913677215576,42.45430278778076,75,154,71,0.5631805087129275,0.0733638516254723,0.2723988371590773,0.0027852026726274443,0.17666666666666667
val_inner_hard,300,34.24652522404988,32.592373847961426,36.437724113464355,214,86,0,0.6255522834261259,0.055263923636327185,0.26018465821941694,0.0026430795527994633,0.36666666666666664
