{
  "runs": {
    "a0": {
      "label": "a0",
      "arch": "convir",
      "mode": "original",
      "checkpoint": "/root/autodl-tmp/workspace/ConvIR-B/Dehazing/pretrained_models/haze4k-base.pkl",
      "count": 300,
      "mean_psnr": 34.24652523676554,
      "mean_ssim": 0.9936463179190954,
      "avg_time_sec_sync": 0.028122875690460205,
      "median_time_sec_sync": 0.0261305570602417,
      "peak_cuda_mem_mib": 536.22607421875
    },
    "v18_seed3141_best_val_hard": {
      "label": "v18_seed3141_best_val_hard",
      "arch": "dpga",
      "mode": "Best",
      "checkpoint": "/root/autodl-tmp/workspace/ConvIR-B-v1-8-execution-queue/Dehazing/ITS/results/ConvIR-Haze4K-v1.8-BiDPFM1-fusion-neighbor-seed3141-20260606/Training-Results/Best.pkl",
      "count": 300,
      "mean_psnr": 34.1690144666036,
      "mean_ssim": 0.9935133936007817,
      "avg_time_sec_sync": 0.032006531556447344,
      "median_time_sec_sync": 0.029376745223999023,
      "peak_cuda_mem_mib": 1147.46435546875
    }
  },
  "comparison": {
    "common_count": 300,
    "mean_psnr_delta": -0.07751077016194662,
    "median_psnr_delta": -0.09655380249023438,
    "p5_psnr_delta": -0.3975368499755859,
    "p95_psnr_delta": 0.3414488792419435,
    "hard_bottom25_psnr_delta": -0.10244598388671874,
    "easy_top25_psnr_delta": -0.011371968587239583,
    "worst10pct_mean_psnr_delta": -0.46299978892008464,
    "best10pct_mean_psnr_delta": 0.3725964864095052,
    "worst10img_mean_psnr_delta": -0.6376930236816406,
    "best10img_mean_psnr_delta": 0.5177814483642578,
    "worst10_mean_psnr_delta": -0.46299978892008464,
    "best10_mean_psnr_delta": 0.3725964864095052,
    "mean_ssim_delta": -0.00013292431831359863,
    "positive_ratio": 0.30666666666666664,
    "strong_reference_cut_psnr": 36.437724113464355,
    "strong_reference_count": 75,
    "strong_regression_count_delta_le_-0.05": 39,
    "worst_regression_count_delta_le_-0.20": 87
  }
}