{
  "runs": {
    "a0": {
      "label": "a0",
      "arch": "convir",
      "mode": "original",
      "checkpoint": "/root/autodl-tmp/workspace/ConvIR-B/Dehazing/pretrained_models/haze4k-base.pkl",
      "count": 300,
      "mean_psnr": 34.24652523676554,
      "mean_ssim": 0.9936463137467703,
      "avg_time_sec_sync": 0.026967287063598633,
      "median_time_sec_sync": 0.022099018096923828,
      "peak_cuda_mem_mib": 536.22607421875
    },
    "v18_seed3141_model_20_val_hard": {
      "label": "v18_seed3141_model_20_val_hard",
      "arch": "dpga",
      "mode": "model_20",
      "checkpoint": "/root/autodl-tmp/workspace/ConvIR-B-v1-8-execution-queue/Dehazing/ITS/results/ConvIR-Haze4K-v1.8-BiDPFM1-fusion-neighbor-seed3141-20260606/Training-Results/model_20.pkl",
      "count": 300,
      "mean_psnr": 29.585947189331055,
      "mean_ssim": 0.9818008214235305,
      "avg_time_sec_sync": 0.030731122493743896,
      "median_time_sec_sync": 0.028307557106018066,
      "peak_cuda_mem_mib": 1147.46435546875
    }
  },
  "comparison": {
    "common_count": 300,
    "mean_psnr_delta": -4.660578047434489,
    "median_psnr_delta": -4.707334518432617,
    "p5_psnr_delta": -8.3157169342041,
    "p95_psnr_delta": -0.7860584259033201,
    "hard_bottom25_psnr_delta": -3.9871732584635415,
    "easy_top25_psnr_delta": -5.6263783009847,
    "worst10pct_mean_psnr_delta": -8.71889591217041,
    "best10pct_mean_psnr_delta": -0.5207844416300456,
    "worst10img_mean_psnr_delta": -10.147710990905761,
    "best10img_mean_psnr_delta": 0.9638881683349609,
    "worst10_mean_psnr_delta": -8.71889591217041,
    "best10_mean_psnr_delta": -0.5207844416300456,
    "mean_ssim_delta": -0.011845492323239644,
    "positive_ratio": 0.03,
    "strong_reference_cut_psnr": 36.437724113464355,
    "strong_reference_count": 75,
    "strong_regression_count_delta_le_-0.05": 72,
    "worst_regression_count_delta_le_-0.20": 289
  }
}