{
  "runs": {
    "a0": {
      "label": "a0",
      "arch": "convir",
      "mode": "original",
      "checkpoint": "/root/autodl-tmp/workspace/ConvIR-B/Dehazing/pretrained_models/haze4k-base.pkl",
      "count": 300,
      "mean_psnr": 39.46919334411621,
      "mean_ssim": 0.9956027648846308,
      "avg_time_sec_sync": 0.028972554206848144,
      "median_time_sec_sync": 0.03000950813293457,
      "peak_cuda_mem_mib": 535.27294921875
    },
    "v18_seed3141_model_10_val_regular": {
      "label": "v18_seed3141_model_10_val_regular",
      "arch": "dpga",
      "mode": "model_10",
      "checkpoint": "/root/autodl-tmp/workspace/ConvIR-B-v1-8-execution-queue/Dehazing/ITS/results/ConvIR-Haze4K-v1.8-BiDPFM1-fusion-neighbor-seed3141-20260606/Training-Results/model_10.pkl",
      "count": 300,
      "mean_psnr": 36.15694026311239,
      "mean_ssim": 0.9919929760694504,
      "avg_time_sec_sync": 0.03673527161280314,
      "median_time_sec_sync": 0.04159271717071533,
      "peak_cuda_mem_mib": 1147.56005859375
    }
  },
  "comparison": {
    "common_count": 300,
    "mean_psnr_delta": -3.3122530810038247,
    "median_psnr_delta": -3.262481689453125,
    "p5_psnr_delta": -6.947751998901367,
    "p95_psnr_delta": -0.008274173736571877,
    "hard_bottom25_psnr_delta": -1.9563236236572266,
    "easy_top25_psnr_delta": -4.667914021809896,
    "worst10pct_mean_psnr_delta": -7.183322970072428,
    "best10pct_mean_psnr_delta": 0.29757391611735023,
    "worst10img_mean_psnr_delta": -8.344422912597656,
    "best10img_mean_psnr_delta": 1.5205839157104493,
    "worst10_mean_psnr_delta": -7.183322970072428,
    "best10_mean_psnr_delta": 0.29757391611735023,
    "mean_ssim_delta": -0.0036097888151804605,
    "positive_ratio": 0.05,
    "strong_reference_cut_psnr": 42.45430278778076,
    "strong_reference_count": 75,
    "strong_regression_count_delta_le_-0.05": 75,
    "worst_regression_count_delta_le_-0.20": 281
  }
}