{
  "runs": {
    "a0": {
      "label": "a0",
      "arch": "convir",
      "mode": "original",
      "checkpoint": "/root/autodl-tmp/workspace/ConvIR-B/Dehazing/pretrained_models/haze4k-base.pkl",
      "count": 300,
      "mean_psnr": 39.46919343312582,
      "mean_ssim": 0.9956027646859487,
      "avg_time_sec_sync": 0.028947641054789225,
      "median_time_sec_sync": 0.029973864555358887,
      "peak_cuda_mem_mib": 535.27294921875
    },
    "v18_seed3141_model_15_val_regular": {
      "label": "v18_seed3141_model_15_val_regular",
      "arch": "dpga",
      "mode": "model_15",
      "checkpoint": "/root/autodl-tmp/workspace/ConvIR-B-v1-8-execution-queue/Dehazing/ITS/results/ConvIR-Haze4K-v1.8-BiDPFM1-fusion-neighbor-seed3141-20260606/Training-Results/model_15.pkl",
      "count": 300,
      "mean_psnr": 34.09288901011149,
      "mean_ssim": 0.9885972106456756,
      "avg_time_sec_sync": 0.03694817543029785,
      "median_time_sec_sync": 0.04169178009033203,
      "peak_cuda_mem_mib": 1147.56005859375
    }
  },
  "comparison": {
    "common_count": 300,
    "mean_psnr_delta": -5.376304423014323,
    "median_psnr_delta": -5.310077667236328,
    "p5_psnr_delta": -9.794767761230469,
    "p95_psnr_delta": -1.0374697685241694,
    "hard_bottom25_psnr_delta": -3.09560183207194,
    "easy_top25_psnr_delta": -7.392627410888672,
    "worst10pct_mean_psnr_delta": -10.082152557373046,
    "best10pct_mean_psnr_delta": -0.7835639317830404,
    "worst10img_mean_psnr_delta": -11.18989601135254,
    "best10img_mean_psnr_delta": 0.18922386169433594,
    "worst10_mean_psnr_delta": -10.082152557373046,
    "best10_mean_psnr_delta": -0.7835639317830404,
    "mean_ssim_delta": -0.00700555404027303,
    "positive_ratio": 0.01,
    "strong_reference_cut_psnr": 42.45430278778076,
    "strong_reference_count": 75,
    "strong_regression_count_delta_le_-0.05": 75,
    "worst_regression_count_delta_le_-0.20": 294
  }
}