{
  "runs": {
    "a0": {
      "label": "a0",
      "arch": "convir",
      "mode": "original",
      "checkpoint": "/root/autodl-tmp/workspace/ConvIR-B/Dehazing/pretrained_models/haze4k-base.pkl",
      "count": 300,
      "mean_psnr": 34.24652522404988,
      "mean_ssim": 0.9936463179190954,
      "avg_time_sec_sync": 0.02830618143081665,
      "median_time_sec_sync": 0.026346802711486816,
      "peak_cuda_mem_mib": 536.22607421875
    },
    "v18_seed3141_model_5_val_hard": {
      "label": "v18_seed3141_model_5_val_hard",
      "arch": "dpga",
      "mode": "model_5",
      "checkpoint": "/root/autodl-tmp/workspace/ConvIR-B-v1-8-execution-queue/Dehazing/ITS/results/ConvIR-Haze4K-v1.8-BiDPFM1-fusion-neighbor-seed3141-20260606/Training-Results/model_5.pkl",
      "count": 300,
      "mean_psnr": 33.61137238820394,
      "mean_ssim": 0.9923937634627025,
      "avg_time_sec_sync": 0.03294802029927572,
      "median_time_sec_sync": 0.03016531467437744,
      "peak_cuda_mem_mib": 1147.46435546875
    }
  },
  "comparison": {
    "common_count": 300,
    "mean_psnr_delta": -0.6351528358459473,
    "median_psnr_delta": -0.7080574035644531,
    "p5_psnr_delta": -2.0636875152587892,
    "p95_psnr_delta": 1.3049909591674809,
    "hard_bottom25_psnr_delta": -0.7159891764322917,
    "easy_top25_psnr_delta": -0.5989431762695312,
    "worst10pct_mean_psnr_delta": -2.3526716868082684,
    "best10pct_mean_psnr_delta": 1.437149747212728,
    "worst10img_mean_psnr_delta": -3.050018882751465,
    "best10img_mean_psnr_delta": 2.132790184020996,
    "worst10_mean_psnr_delta": -2.3526716868082684,
    "best10_mean_psnr_delta": 1.437149747212728,
    "mean_ssim_delta": -0.001252554456392924,
    "positive_ratio": 0.21333333333333335,
    "strong_reference_cut_psnr": 36.437724113464355,
    "strong_reference_count": 75,
    "strong_regression_count_delta_le_-0.05": 54,
    "worst_regression_count_delta_le_-0.20": 209
  }
}