{
  "runs": {
    "A0": {
      "label": "A0",
      "arch": "official_convir",
      "mode": "original",
      "checkpoint": "/sda/home/wangyuxin/ConvIR-B/checkpoints/official/Haze4K/haze4k-base.pkl",
      "depth_mode": "none",
      "count": 600,
      "mean_psnr": 39.75955163955688,
      "mean_ssim": 0.995632650355498,
      "avg_time_sec_sync": 0.045065438747406004,
      "median_time_sec_sync": 0.04156374931335449,
      "peak_cuda_mem_mib": 535.56884765625
    },
    "DTA_v2_oof20_adapter_only_normal_seed3411_f1_final": {
      "label": "DTA_v2_oof20_adapter_only_normal_seed3411_f1_final",
      "arch": "dta_v2",
      "mode": "original",
      "checkpoint": "/sda/home/wangyuxin/ConvIR-B/repos/ConvIR-B-dta-v2-calibrated/Dehazing/ITS/results/ConvIR-Haze4K-DTA-v2-adapter_only-normal-seed3411-f1-oof20/Training-Results/Final.pkl",
      "depth_mode": "normal",
      "count": 600,
      "mean_psnr": 39.83366509119669,
      "mean_ssim": 0.99559665620327,
      "avg_time_sec_sync": 0.04237125396728516,
      "median_time_sec_sync": 0.038431763648986816,
      "peak_cuda_mem_mib": 541.05859375
    }
  },
  "comparison": {
    "common_count": 600,
    "mean_psnr_delta": 0.0741134516398112,
    "median_psnr_delta": 0.05631065368652344,
    "p5_psnr_delta": -0.4257211685180664,
    "p95_psnr_delta": 0.5939386367797849,
    "hard_bottom25_psnr_delta": 0.07000503540039063,
    "easy_top25_psnr_delta": 0.04015589396158854,
    "worst10pct_mean_psnr_delta": -0.4811346689860026,
    "best10pct_mean_psnr_delta": 0.627679443359375,
    "worst10img_mean_psnr_delta": -0.7826042175292969,
    "best10img_mean_psnr_delta": 0.8125091552734375,
    "worst10_mean_psnr_delta": -0.4811346689860026,
    "best10_mean_psnr_delta": 0.627679443359375,
    "mean_ssim_delta": -3.5994152228037516e-05,
    "positive_ratio": 0.5766666666666667,
    "strong_reference_cut_psnr": 42.834919929504395,
    "strong_reference_count": 150,
    "strong_regression_count_delta_le_-0.05": 61,
    "worst_regression_count_delta_le_-0.20": 106
  }
}