{
  "runs": {
    "A0": {
      "label": "A0",
      "arch": "official_convir",
      "mode": "original",
      "checkpoint": "/sda/home/wangyuxin/ConvIR-B/checkpoints/official/Haze4K/haze4k-base.pkl",
      "depth_mode": "none",
      "airlight_mode": "none",
      "count": 600,
      "mean_psnr": 39.75955163955688,
      "mean_ssim": 0.995632650355498,
      "avg_time_sec_sync": 0.055131673018137616,
      "median_time_sec_sync": 0.04988658428192139,
      "peak_cuda_mem_mib": 536.99169921875
    },
    "DTA_v35_v35_fdf_rcs_l4_fdf_lite_tail_s004_g025_bm2_seed3411_f1_quick5full_fallback_train_zero": {
      "label": "DTA_v35_v35_fdf_rcs_l4_fdf_lite_tail_s004_g025_bm2_seed3411_f1_quick5full_fallback_train_zero",
      "arch": "dta_v3",
      "mode": "modres",
      "checkpoint": "/sda/home/wangyuxin/ConvIR-B/repos/ConvIR-B-dta-v3-5-fdf-rcs-lite/Dehazing/ITS/results/ConvIR-Haze4K-DTA-v3-5-FDF-RCS-l4_fdf_lite_tail_s004_g025_bm2-seed3411_f1-quick5full/Training-Results/Final.pkl",
      "depth_mode": "zero",
      "airlight_mode": "fallback",
      "count": 600,
      "mean_psnr": 39.76719751040141,
      "mean_ssim": 0.9956328212221464,
      "avg_time_sec_sync": 0.06790287375450134,
      "median_time_sec_sync": 0.06451594829559326,
      "peak_cuda_mem_mib": 601.8427734375
    }
  },
  "comparison": {
    "common_count": 600,
    "mean_psnr_delta": 0.007645870844523112,
    "median_psnr_delta": 0.0074176788330078125,
    "p5_psnr_delta": -0.2146556854248047,
    "p95_psnr_delta": 0.24644050598144512,
    "hard_bottom25_psnr_delta": 0.031910362243652346,
    "easy_top25_psnr_delta": 0.005089696248372396,
    "worst10pct_mean_psnr_delta": -0.2708839098612467,
    "best10pct_mean_psnr_delta": 0.2818220774332682,
    "worst10img_mean_psnr_delta": -0.5357498168945313,
    "best10img_mean_psnr_delta": 0.4842395782470703,
    "worst10_mean_psnr_delta": -0.2708839098612467,
    "best10_mean_psnr_delta": 0.2818220774332682,
    "mean_ssim_delta": 1.708666483561198e-07,
    "positive_ratio": 0.5283333333333333,
    "strong_reference_cut_psnr": 42.834919929504395,
    "strong_reference_count": 150,
    "strong_regression_count_delta_le_-0.05": 46,
    "worst_regression_count_delta_le_-0.20": 38
  }
}