{
  "runs": {
    "A0": {
      "label": "A0",
      "arch": "official_convir",
      "mode": "original",
      "checkpoint": "/sda/home/wangyuxin/ConvIR-B/checkpoints/official/Haze4K/haze4k-base.pkl",
      "depth_mode": "none",
      "airlight_mode": "none",
      "count": 600,
      "mean_psnr": 39.75955163955688,
      "mean_ssim": 0.995632650355498,
      "avg_time_sec_sync": 0.04432702581087748,
      "median_time_sec_sync": 0.04302859306335449,
      "peak_cuda_mem_mib": 535.56884765625
    },
    "DTA_v33_v33_routerfusion_d2_lowphys_seed3407_f1_triage5full_fallback_zero": {
      "label": "DTA_v33_v33_routerfusion_d2_lowphys_seed3407_f1_triage5full_fallback_zero",
      "arch": "dta_v3",
      "mode": "modres",
      "checkpoint": "/sda/home/wangyuxin/ConvIR-B/repos/ConvIR-B-dta-v3-dapc-finetune-v33-routerfusion/Dehazing/ITS/results/ConvIR-Haze4K-DTA-v3-3-RouterFusion-d2_lowphys-seed3407-f1-triage5full/Training-Results/Final.pkl",
      "depth_mode": "zero",
      "airlight_mode": "fallback",
      "count": 600,
      "mean_psnr": 39.78081407229106,
      "mean_ssim": 0.9956106277306874,
      "avg_time_sec_sync": 0.05725701967875163,
      "median_time_sec_sync": 0.05363035202026367,
      "peak_cuda_mem_mib": 541.8515625
    }
  },
  "comparison": {
    "common_count": 600,
    "mean_psnr_delta": 0.02126243273417155,
    "median_psnr_delta": 0.014492034912109375,
    "p5_psnr_delta": -0.1760610580444336,
    "p95_psnr_delta": 0.21845226287841757,
    "hard_bottom25_psnr_delta": 0.029206453959147137,
    "easy_top25_psnr_delta": 0.0013762919108072918,
    "worst10pct_mean_psnr_delta": -0.2050376574198405,
    "best10pct_mean_psnr_delta": 0.2559698740641276,
    "worst10img_mean_psnr_delta": -0.3668998718261719,
    "best10img_mean_psnr_delta": 0.40300788879394533,
    "worst10_mean_psnr_delta": -0.2050376574198405,
    "best10_mean_psnr_delta": 0.2559698740641276,
    "mean_ssim_delta": -2.2022624810536704e-05,
    "positive_ratio": 0.5683333333333334,
    "strong_reference_cut_psnr": 42.834919929504395,
    "strong_reference_count": 150,
    "strong_regression_count_delta_le_-0.05": 51,
    "worst_regression_count_delta_le_-0.20": 19
  }
}
