{
  "runs": {
    "A0": {
      "label": "A0",
      "arch": "official_convir",
      "mode": "original",
      "checkpoint": "/sda/home/wangyuxin/ConvIR-B/checkpoints/official/Haze4K/haze4k-base.pkl",
      "depth_mode": "none",
      "count": 600,
      "mean_psnr": 39.35034857114156,
      "mean_ssim": 0.9957262628277143,
      "avg_time_sec_sync": 0.04445701758066813,
      "median_time_sec_sync": 0.042510151863098145,
      "peak_cuda_mem_mib": 535.95654296875
    },
    "DTA_v2_oof20_adapter_only_shuffle_seed3407_f0_final": {
      "label": "DTA_v2_oof20_adapter_only_shuffle_seed3407_f0_final",
      "arch": "dta_v2",
      "mode": "original",
      "checkpoint": "/sda/home/wangyuxin/ConvIR-B/repos/ConvIR-B-dta-v2-calibrated/Dehazing/ITS/results/ConvIR-Haze4K-DTA-v2-adapter_only-shuffle-seed3407-f0-oof20/Training-Results/Final.pkl",
      "depth_mode": "shuffle",
      "count": 600,
      "mean_psnr": 39.44873984654745,
      "mean_ssim": 0.995735126932462,
      "avg_time_sec_sync": 0.04727463364601135,
      "median_time_sec_sync": 0.04616069793701172,
      "peak_cuda_mem_mib": 541.46484375
    }
  },
  "comparison": {
    "common_count": 600,
    "mean_psnr_delta": 0.09839127540588379,
    "median_psnr_delta": 0.08423042297363281,
    "p5_psnr_delta": -0.3779348373413086,
    "p95_psnr_delta": 0.6950736999511716,
    "hard_bottom25_psnr_delta": 0.09559004465738932,
    "easy_top25_psnr_delta": 0.08481468200683594,
    "worst10pct_mean_psnr_delta": -0.4588350296020508,
    "best10pct_mean_psnr_delta": 0.7321713129679362,
    "worst10img_mean_psnr_delta": -0.8315792083740234,
    "best10img_mean_psnr_delta": 1.0707221984863282,
    "worst10_mean_psnr_delta": -0.4588350296020508,
    "best10_mean_psnr_delta": 0.7321713129679362,
    "mean_ssim_delta": 8.864104747772217e-06,
    "positive_ratio": 0.6566666666666666,
    "strong_reference_cut_psnr": 42.755948066711426,
    "strong_reference_count": 150,
    "strong_regression_count_delta_le_-0.05": 55,
    "worst_regression_count_delta_le_-0.20": 90
  }
}