split,name,action_pixels,negative_pixels,ignore_pixels,low_adjacent_pixels,isolated_pixels
train_inner,1000_0.74_1.6.png,2680,0,280,89,166
train_inner,1001_0.89_1.66.png,2678,478,445,18,33
train_inner,1003_0.9_1.06.png,1807,704,578,0,172
train_inner,1004_0.91_1.17.png,2344,434,648,6,281
train_inner,1005_0.74_1.81.png,2794,6,287,71,125
train_inner,1006_0.89_1.55.png,2927,6,236,33,67
train_inner,1008_0.52_1.98.png,2761,52,246,79,66
train_inner,1009_0.84_0.56.png,2295,1,417,29,312
train_inner,100_0.65_1.43.png,2348,109,687,84,384
train_inner,1010_0.91_1.13.png,3990,0,72,0,72
train_inner,1011_0.79_0.66.png,2654,0,351,26,284
train_inner,1013_0.63_1.83.png,2092,144,373,85,156
train_inner,1014_0.74_1.61.png,1872,111,350,79,84
train_inner,1015_0.7_1.92.png,2214,74,305,98,115
train_inner,1017_0.91_1.44.png,2718,23,500,2,447
train_inner,1018_0.88_0.54.png,1040,320,2122,25,1864
train_inner,1019_0.82_1.87.png,1707,0,1021,2,948
train_inner,101_0.78_1.87.png,2991,0,507,128,490
train_inner,1020_0.5_0.98.png,1893,263,1330,29,358
train_inner,1021_0.73_0.84.png,554,724,1447,0,572
train_inner,1024_0.69_1.66.png,1435,198,694,4,443
train_inner,1025_0.95_1.79.png,2251,3,404,36,389
train_inner,1026_0.77_0.89.png,1448,20,1413,9,1386
train_inner,1027_0.57_1.77.png,2277,12,331,43,281
train_inner,1028_0.97_1.41.png,1745,3,494,38,446
train_inner,102_0.94_1.18.png,2419,0,664,125,564
train_inner,1030_0.75_1.69.png,1663,188,1034,111,627
train_inner,1031_0.76_0.7.png,120,410,1165,13,787
train_inner,1032_0.6_0.6.png,155,494,1192,2,664
train_inner,1033_0.52_1.2.png,3311,2,297,155,167
train_inner,1034_0.55_0.77.png,2391,47,749,72,428
train_inner,1035_0.76_1.14.png,3130,16,80,10,43
train_inner,1036_0.69_1.69.png,3601,0,36,24,5
train_inner,1037_0.89_0.54.png,442,219,3167,0,2522
train_inner,1038_0.87_1.29.png,1266,22,652,113,454
train_inner,1039_0.79_1.79.png,1758,38,463,97,347
train_inner,1040_0.78_2.0.png,1976,44,373,105,251
train_inner,1041_0.64_0.82.png,2416,7,1040,71,889
train_inner,1043_0.68_1.87.png,3098,12,457,55,303
train_inner,1044_0.69_0.99.png,2415,2,838,66,753
train_inner,1046_0.91_1.69.png,3249,4,99,40,55
train_inner,1047_0.89_1.57.png,3126,1,192,53,151
train_inner,1048_0.73_0.95.png,2401,42,791,213,713
train_inner,1049_0.97_1.09.png,2188,77,202,8,60
train_inner,104_0.88_1.76.png,2846,0,450,74,375
train_inner,1050_0.61_1.24.png,2582,41,249,27,95
train_inner,1051_0.69_0.54.png,1789,215,684,4,310
train_inner,1052_0.73_1.22.png,2760,23,185,4,86
train_inner,1053_0.54_1.81.png,2861,18,336,108,226
train_inner,1054_0.86_1.22.png,2204,84,541,37,174
train_inner,1055_0.8_1.95.png,3337,21,423,180,152
train_inner,1056_0.85_1.39.png,2557,75,474,77,141
train_inner,1057_0.96_1.31.png,1401,122,990,7,47
train_inner,1058_0.6_1.0.png,1127,326,1009,79,639
train_inner,1059_0.87_0.7.png,644,1159,351,3,11
train_inner,105_0.74_1.06.png,1679,0,1170,78,1117
train_inner,1061_0.91_0.94.png,2519,189,199,8,31
train_inner,1062_0.58_1.51.png,2989,25,261,99,161
train_inner,1063_0.51_1.61.png,3084,17,223,76,134
train_inner,1065_0.84_1.48.png,1965,185,208,31,13
train_inner,1066_0.58_1.42.png,2050,148,275,13,56
train_inner,1067_0.62_1.35.png,2107,197,313,8,50
train_inner,1068_0.69_1.34.png,2058,240,270,2,48
train_inner,1069_0.66_1.4.png,2750,182,316,0,159
train_inner,106_0.91_1.85.png,2521,0,166,33,166
train_inner,1070_0.79_1.57.png,2309,7,429,19,305
train_inner,1071_0.69_1.75.png,3248,74,323,9,196
train_inner,1074_0.59_1.24.png,1168,275,964,55,630
train_inner,1076_0.71_1.18.png,1290,126,1025,66,735
train_inner,1077_0.94_0.84.png,1717,27,243,43,125
train_inner,1078_0.96_0.54.png,1131,97,342,1,102
train_inner,1079_0.77_1.21.png,2035,10,254,72,102
train_inner,107_0.77_1.67.png,1968,0,373,20,359
train_inner,1081_0.66_1.5.png,3335,10,92,16,17
train_inner,1082_0.94_0.87.png,2647,0,27,0,25
train_inner,1084_0.81_1.75.png,3622,0,2,2,2
train_inner,1085_0.71_1.3.png,2689,15,56,13,19
train_inner,1086_0.6_0.76.png,1948,193,443,1,110
train_inner,1087_0.68_1.22.png,2604,20,73,11,18
train_inner,1088_0.57_0.97.png,2185,154,241,15,48
train_inner,1089_0.76_1.23.png,1156,56,394,0,109
train_inner,108_0.96_0.98.png,1687,1,404,25,404
train_inner,1091_0.79_1.01.png,908,173,330,0,78
train_inner,1092_0.84_1.93.png,2987,0,292,79,292
train_inner,1093_0.65_1.34.png,1606,177,1404,42,902
train_inner,1094_0.77_1.07.png,1869,547,723,7,210
train_inner,1095_0.9_0.64.png,2322,133,682,13,457
train_inner,1097_0.85_1.71.png,3333,37,256,45,149
train_inner,109_0.54_0.97.png,1750,0,265,25,236
train_inner,10_0.78_1.56.png,3131,0,17,0,2
train_inner,1100_0.58_1.95.png,2157,114,1796,1,1317
train_inner,1101_0.77_1.17.png,3547,39,294,0,128
train_inner,1103_0.88_1.95.png,3655,0,48,60,35
train_inner,1104_0.89_1.59.png,3576,0,111,47,76
train_inner,1105_0.82_0.89.png,2624,48,316,0,250
train_inner,1106_0.89_1.69.png,3805,0,82,30,82
train_inner,1107_0.98_1.25.png,3570,3,186,19,163
train_inner,1108_0.58_1.2.png,1849,422,1738,20,1223
train_inner,1109_0.9_0.79.png,968,549,805,0,401
train_inner,1110_0.92_0.77.png,1016,487,756,0,391
train_inner,1111_0.57_1.35.png,1965,40,1194,32,1031
train_inner,1112_0.61_0.52.png,7,1186,2754,0,447
train_inner,1114_0.76_1.34.png,2044,47,476,130,281
train_inner,1115_0.58_1.94.png,3029,3,77,45,47
train_inner,1116_0.63_1.62.png,2727,13,137,64,108
train_inner,1117_0.61_0.56.png,656,1308,1612,0,910
train_inner,1118_0.66_1.66.png,2406,72,568,2,338
train_inner,1119_0.62_1.98.png,2159,137,549,2,272
train_inner,111_0.57_1.22.png,1421,0,66,4,50
train_inner,1120_0.78_1.11.png,1097,139,1780,0,1487
train_inner,1121_0.88_0.92.png,2174,258,484,24,166
train_inner,1123_0.7_1.0.png,1665,156,814,41,294
train_inner,1125_0.72_1.76.png,2551,14,445,76,222
train_inner,1126_0.73_0.82.png,1468,222,1111,88,740
train_inner,1127_0.91_0.61.png,582,612,1216,31,605
train_inner,1128_0.8_1.45.png,2178,358,644,81,454
train_inner,1129_0.92_1.33.png,1176,235,525,2,248
train_inner,112_0.8_1.78.png,2038,116,627,129,296
train_inner,1130_0.94_1.44.png,1556,97,401,0,245
train_inner,1131_0.66_1.99.png,2190,193,1486,62,837
train_inner,1132_0.75_0.84.png,325,697,2134,21,743
train_inner,1133_0.68_1.41.png,2215,0,359,61,358
train_inner,1135_0.55_1.74.png,1517,4,347,38,283
train_inner,1136_0.96_0.74.png,931,25,663,91,627
train_inner,1137_0.87_0.85.png,870,811,1164,0,328
train_inner,1138_0.86_1.95.png,3724,0,16,56,13
train_inner,1139_0.58_1.05.png,36,2284,1654,0,551
train_inner,113_0.65_1.81.png,2281,0,405,104,387
train_inner,1141_0.93_1.87.png,1966,6,38,7,5
train_inner,1142_0.64_0.53.png,467,279,155,0,1
train_inner,1144_0.87_1.96.png,2072,9,34,7,7
train_inner,1147_0.56_1.1.png,1588,384,1555,14,807
train_inner,1148_0.78_0.59.png,662,321,1531,0,582
train_inner,1149_0.98_1.73.png,2610,0,119,42,119
train_inner,1151_0.92_1.56.png,2338,0,135,17,133
train_inner,1152_0.65_1.76.png,1657,157,459,62,157
train_inner,1153_0.71_0.99.png,702,948,1598,18,418
train_inner,1154_0.96_0.62.png,624,559,600,12,137
train_inner,1156_0.91_1.37.png,2100,261,383,35,194
train_inner,1157_0.56_1.98.png,1397,391,825,7,174
train_inner,1158_0.86_1.65.png,2455,117,806,18,423
train_inner,1159_0.84_1.51.png,2250,128,927,11,465
train_inner,115_0.86_1.29.png,1283,72,276,50,154
train_inner,1160_0.83_0.65.png,951,831,1687,0,449
train_inner,1161_0.75_1.93.png,1840,0,4,10,0
train_inner,1163_0.95_1.89.png,3206,0,0,11,0
train_inner,1165_0.76_1.92.png,3017,1,171,36,116
train_inner,1166_0.73_1.03.png,1341,408,1144,5,448
train_inner,1167_0.95_0.68.png,1521,292,827,8,380
train_inner,1169_0.58_1.98.png,3370,303,226,37,138
train_inner,1171_0.64_1.87.png,3247,324,203,28,125
train_inner,1172_0.76_1.83.png,3153,283,218,6,64
train_inner,1173_0.59_1.12.png,2295,18,130,1,37
train_inner,1174_0.74_1.33.png,2931,5,162,18,71
train_inner,1175_0.53_1.99.png,3390,0,11,7,6
train_inner,1176_0.65_1.07.png,2300,31,279,3,57
train_inner,1177_0.71_1.64.png,2833,3,877,3,709
train_inner,1178_0.68_0.85.png,969,44,3053,50,2695
train_inner,117_0.56_1.2.png,1247,73,652,17,453
train_inner,1180_0.68_0.5.png,57,255,3456,0,1660
train_inner,1181_0.57_1.2.png,1485,197,556,11,176
train_inner,1182_0.63_1.77.png,2664,104,277,23,142
train_inner,1183_0.84_1.24.png,3161,42,520,106,318
train_inner,1184_0.56_0.9.png,1419,321,727,9,218
train_inner,1185_0.94_1.35.png,1556,31,1365,207,1180
train_inner,1186_0.53_1.08.png,2413,168,1059,101,666
train_inner,1188_0.95_1.95.png,1888,90,1256,43,633
train_inner,1189_0.64_0.88.png,294,157,1627,9,890
train_inner,118_0.72_0.71.png,978,297,591,0,228
train_inner,1190_0.56_1.66.png,2026,0,792,179,704
train_inner,1191_0.97_0.75.png,356,2017,1082,0,359
train_inner,1192_0.85_0.98.png,663,1203,1865,29,249
train_inner,1193_0.97_1.06.png,1533,251,731,12,66
train_inner,1194_0.88_1.52.png,1516,134,1248,69,1086
train_inner,1195_0.65_1.61.png,2089,128,508,6,131
train_inner,1196_0.78_1.47.png,1878,204,704,102,401
train_inner,1197_0.84_0.85.png,3449,66,282,8,174
train_inner,1198_0.93_1.56.png,3743,0,186,17,182
train_inner,1199_0.86_0.65.png,3178,150,287,3,150
train_inner,11_0.68_1.56.png,3457,0,27,24,1
train_inner,1201_0.75_1.76.png,2953,19,512,152,327
train_inner,1202_0.79_1.51.png,2629,109,502,111,182
train_inner,1203_0.79_1.82.png,2966,21,452,110,236
train_inner,1204_0.79_1.15.png,2340,250,489,31,91
train_inner,1206_0.81_1.09.png,3100,0,76,2,51
train_inner,1207_0.7_1.43.png,3105,0,22,0,16
train_inner,1209_0.92_0.65.png,2205,376,932,19,271
train_inner,120_0.92_1.44.png,2511,146,236,91,99
train_inner,1210_0.69_0.81.png,1019,205,2801,7,1576
train_inner,1212_0.8_1.74.png,3738,0,298,109,270
train_inner,1213_0.56_1.24.png,3380,70,354,0,220
train_inner,1214_0.74_1.7.png,2252,0,1373,125,1334
train_inner,1215_0.9_0.73.png,1885,541,1215,0,264
train_inner,1216_0.65_1.09.png,2013,5,1507,13,1450
train_inner,1217_0.82_0.83.png,2152,109,697,19,454
train_inner,1218_0.62_2.0.png,3257,9,446,36,270
train_inner,1219_0.76_1.2.png,3172,16,477,34,409
train_inner,121_0.96_0.85.png,1648,77,154,0,50
train_inner,1220_0.82_1.9.png,3291,3,220,16,211
train_inner,1221_0.76_0.69.png,1246,292,1451,116,1203
train_inner,1222_0.92_1.14.png,2159,126,306,98,143
train_inner,1223_0.74_2.0.png,2289,33,605,150,481
train_inner,1224_0.87_0.77.png,1953,197,638,158,445
train_inner,1225_0.98_0.8.png,1265,372,914,9,262
train_inner,1226_0.82_0.78.png,2090,108,1335,117,942
train_inner,1227_0.9_1.41.png,2589,288,555,11,195
train_inner,1228_0.85_1.77.png,2264,9,915,193,841
train_inner,1229_0.6_0.6.png,1861,730,573,0,150
train_inner,122_0.85_2.0.png,3179,0,489,143,444
train_inner,1230_0.55_1.4.png,2623,16,781,0,631
train_inner,1232_0.77_0.99.png,2814,229,830,0,354
train_inner,1233_0.54_0.63.png,1175,176,983,51,783
train_inner,1234_0.51_1.28.png,2764,0,249,130,200
train_inner,1235_0.97_1.72.png,2124,3,423,69,297
train_inner,1236_0.84_1.0.png,1255,51,590,101,509
train_inner,1237_0.86_1.79.png,2243,23,725,172,461
train_inner,1238_0.86_1.03.png,772,677,651,1,87
train_inner,1239_0.66_1.97.png,2640,0,223,36,187
train_inner,1241_0.63_0.93.png,1073,533,1419,51,703
train_inner,1242_0.99_0.57.png,887,426,1256,53,543
train_inner,1243_0.64_1.03.png,1469,401,1152,68,538
train_inner,1244_0.95_1.91.png,2744,46,395,58,89
train_inner,1245_0.57_1.62.png,1080,123,1256,7,452
train_inner,1247_0.62_1.15.png,438,825,897,0,300
train_inner,1248_0.97_1.88.png,2670,8,50,146,6
train_inner,1249_0.79_0.56.png,2774,18,486,0,228
train_inner,124_0.79_1.89.png,2755,5,930,128,887
train_inner,1251_0.98_0.8.png,2846,38,31,1,0
train_inner,1252_0.78_0.78.png,3507,4,40,1,28
train_inner,1253_0.91_1.15.png,2275,0,48,5,28
train_inner,1255_0.65_1.08.png,1975,0,50,0,45
train_inner,1256_0.66_0.52.png,743,221,711,5,66
train_inner,1257_0.92_0.83.png,3545,22,170,10,42
train_inner,1258_0.83_1.3.png,3800,7,102,20,23
train_inner,1259_0.98_0.87.png,3678,10,129,16,32
train_inner,125_0.77_0.94.png,952,789,1160,5,612
train_inner,1260_0.82_1.01.png,3671,30,142,12,32
train_inner,1261_0.52_1.86.png,2068,66,748,34,566
train_inner,1262_0.55_0.76.png,1650,61,1518,0,1160
train_inner,1264_0.84_1.05.png,1968,380,468,15,77
train_inner,1265_0.62_1.32.png,2339,171,280,29,87
train_inner,1267_0.75_1.55.png,1958,77,1247,125,748
train_inner,1268_0.82_1.47.png,2384,106,781,42,226
train_inner,1269_0.51_1.67.png,3704,0,104,7,101
train_inner,1270_0.74_1.52.png,1977,154,1846,69,1475
train_inner,1272_0.62_0.57.png,1443,367,1836,0,923
train_inner,1273_0.96_1.43.png,3387,8,217,0,140
train_inner,1274_0.59_0.67.png,1689,168,2234,54,1928
train_inner,1275_0.54_1.73.png,2373,36,1426,102,1307
train_inner,1276_0.95_0.5.png,2961,317,271,33,131
train_inner,1277_0.79_1.18.png,2142,49,178,27,61
train_inner,1278_0.81_1.62.png,2592,9,138,28,72
train_inner,1279_0.87_0.95.png,1976,58,245,37,53
train_inner,127_0.99_1.4.png,2091,278,876,34,439
train_inner,1280_0.67_0.76.png,1284,137,493,29,135
train_inner,1283_0.55_1.12.png,1268,593,1884,6,969
train_inner,1284_0.58_1.58.png,1808,180,2007,10,1349
train_inner,1285_0.53_1.47.png,2467,80,389,52,198
train_inner,1286_0.98_0.99.png,1205,62,1302,50,613
train_inner,1287_0.56_1.87.png,2673,25,248,33,106
train_inner,1288_0.95_1.97.png,2712,0,890,38,868
train_inner,1289_1.0_1.69.png,3641,0,62,8,47
train_inner,128_0.54_0.89.png,392,1117,1923,0,794
train_inner,1290_0.95_1.76.png,3500,0,60,9,41
train_inner,1291_0.62_0.59.png,216,386,3319,0,2140
train_inner,1293_0.79_0.72.png,1590,502,932,9,327
train_inner,1294_0.51_1.96.png,2796,5,552,113,452
train_inner,1295_0.76_1.32.png,2439,77,804,42,226
train_inner,1296_0.61_1.52.png,2736,13,737,176,443
train_inner,1298_0.52_1.3.png,1971,21,92,50,7
train_inner,1299_0.83_1.21.png,1209,257,552,41,240
train_inner,12_0.9_1.75.png,3246,248,234,58,7
train_inner,1300_0.92_1.03.png,402,361,1196,0,129
train_inner,1301_0.95_1.37.png,2685,44,340,34,204
train_inner,1302_0.53_1.14.png,3158,291,688,93,223
train_inner,1303_0.7_0.67.png,1878,452,720,16,123
train_inner,1304_0.85_1.18.png,2883,151,338,1,159
train_inner,1307_0.92_1.87.png,2926,7,714,8,617
train_inner,1309_0.83_1.35.png,2338,9,378,105,343
train_inner,130_0.78_0.91.png,617,955,1356,19,230
train_inner,1310_0.53_1.28.png,1727,407,725,67,367
train_inner,1311_0.77_1.85.png,2707,1,286,126,266
train_inner,1312_0.62_0.6.png,254,780,1198,6,436
train_inner,1313_0.75_1.8.png,2333,43,488,126,347
train_inner,1314_0.66_0.77.png,669,191,918,62,617
train_inner,1315_0.52_1.19.png,1723,93,628,74,406
train_inner,1316_0.85_1.62.png,2081,3,426,120,381
train_inner,1317_0.53_1.87.png,3081,1,659,105,594
train_inner,1318_0.83_1.33.png,1539,5,804,175,521
train_inner,1319_0.88_1.19.png,1428,12,898,223,524
train_inner,131_0.69_1.1.png,968,934,1809,21,577
train_inner,1320_0.7_0.99.png,1350,29,1115,177,816
train_inner,1321_0.95_0.81.png,1332,244,756,86,418
train_inner,1325_0.61_1.53.png,2253,17,104,104,60
train_inner,1327_0.98_0.74.png,984,275,211,9,73
train_inner,1328_0.72_1.11.png,1252,92,931,197,644
train_inner,1329_0.78_1.76.png,1708,55,791,86,277
train_inner,132_0.77_1.07.png,895,782,1229,45,219
train_inner,1330_0.54_1.99.png,2588,27,941,161,721
train_inner,1331_0.9_1.69.png,2160,68,858,231,345
train_inner,1332_0.75_0.69.png,713,455,1807,47,913
train_inner,1333_0.79_1.62.png,2597,6,156,28,139
train_inner,1334_0.64_1.51.png,1690,5,311,125,184
train_inner,1335_0.93_1.95.png,2737,0,119,91,118
train_inner,1336_0.6_0.63.png,585,918,1963,6,794
train_inner,1337_0.69_1.72.png,2039,74,421,5,224
train_inner,1338_0.83_1.25.png,1521,67,1256,87,684
train_inner,1339_0.65_1.47.png,1720,93,448,6,239
train_inner,133_0.75_1.91.png,2785,125,667,9,198
train_inner,1340_0.84_1.32.png,1750,64,1219,162,838
train_inner,1342_0.9_1.88.png,3516,16,163,21,91
train_inner,1343_0.89_0.89.png,2862,104,363,26,187
train_inner,1344_0.71_0.79.png,2529,178,706,29,283
train_inner,1345_0.75_1.67.png,3508,33,148,2,70
train_inner,1346_0.77_1.14.png,3384,56,274,7,103
train_inner,1348_0.85_0.74.png,3482,89,412,51,138
train_inner,1349_0.94_1.22.png,1358,149,1129,12,329
train_inner,134_0.82_1.41.png,2056,209,792,6,95
train_inner,1350_0.6_0.99.png,442,394,1104,5,793
train_inner,1351_0.98_1.46.png,1822,85,1029,159,623
train_inner,1352_0.7_1.62.png,1902,11,441,28,335
train_inner,1353_0.71_1.79.png,2844,1,133,74,77
train_inner,1354_0.79_1.67.png,2730,502,712,72,70
train_inner,1355_0.85_0.57.png,399,1301,406,11,250
train_inner,1356_0.95_1.17.png,1373,1015,296,12,107
train_inner,1357_0.64_1.26.png,1658,354,766,46,175
train_inner,1358_0.55_0.52.png,1129,392,1777,9,1437
train_inner,1359_0.92_1.46.png,2143,4,341,76,281
train_inner,135_0.95_0.78.png,1773,749,896,50,303
train_inner,1360_0.65_0.69.png,870,46,1758,186,1411
train_inner,1361_0.95_0.66.png,1601,78,1290,70,756
train_inner,1362_0.72_0.84.png,2589,16,1153,200,1037
train_inner,1363_0.77_1.15.png,2740,10,1213,162,847
train_inner,1364_0.75_1.75.png,2887,63,1020,170,598
train_inner,1365_0.6_1.68.png,1747,153,1129,26,399
train_inner,1366_0.97_0.87.png,1561,894,805,0,221
train_inner,1367_0.64_1.15.png,1467,199,1348,17,505
train_inner,1368_0.91_1.94.png,2149,92,1339,85,1110
train_inner,1369_0.84_1.87.png,2544,5,34,7,17
train_inner,1370_0.82_0.79.png,921,299,376,0,12
train_inner,1371_0.85_0.62.png,809,462,552,3,35
train_inner,1372_0.51_0.74.png,584,981,1462,1,156
train_inner,1373_0.73_0.81.png,1060,104,319,3,134
train_inner,1374_0.91_1.06.png,1926,35,63,18,29
train_inner,1375_0.91_1.75.png,2362,6,24,22,0
train_inner,1378_0.56_1.67.png,2336,144,1085,127,645
train_inner,1379_0.58_2.0.png,2092,148,1185,241,771
train_inner,137_0.96_1.92.png,2170,52,765,83,100
train_inner,1381_0.96_0.82.png,1159,1341,904,10,425
train_inner,1382_0.57_1.88.png,1619,5,1445,79,1067
train_inner,1383_0.75_0.81.png,1174,456,1214,25,443
train_inner,1384_0.55_1.84.png,1613,1,1565,94,1283
train_inner,1385_0.67_0.95.png,940,566,929,100,380
train_inner,1387_0.93_1.02.png,1347,168,749,146,142
train_inner,1388_0.67_1.18.png,1342,389,822,142,239
train_inner,1389_0.95_1.29.png,2090,44,617,119,471
train_inner,138_0.89_1.06.png,1273,69,1009,195,616
train_inner,1390_0.57_1.23.png,1577,221,1331,0,738
train_inner,1391_0.87_1.32.png,1704,38,975,166,751
train_inner,1392_0.87_0.83.png,919,169,1526,90,1030
train_inner,1393_0.89_1.9.png,3190,1,119,13,93
train_inner,1394_0.64_1.0.png,2320,55,722,58,333
train_inner,1395_0.71_1.8.png,3293,0,168,15,94
train_inner,1396_0.92_1.33.png,2982,2,169,9,128
train_inner,1398_0.8_1.34.png,3296,14,625,136,279
train_inner,1399_0.81_0.95.png,2646,103,879,27,143
train_inner,13_0.94_1.35.png,1875,306,1136,107,556
train_inner,1400_1.0_0.82.png,3013,291,376,9,95
train_inner,1401_0.77_1.54.png,3636,0,8,4,8
train_inner,1402_0.73_0.73.png,2602,92,708,38,567
train_inner,1404_0.5_1.73.png,2772,23,785,179,693
train_inner,1405_0.62_1.55.png,3267,0,565,338,282
train_inner,1406_0.83_1.82.png,3640,0,181,54,109
train_inner,1408_0.96_0.53.png,469,428,390,2,58
train_inner,1409_0.85_0.88.png,739,1093,1082,1,680
train_inner,140_0.99_1.0.png,1129,679,491,28,50
train_inner,1411_0.54_0.56.png,16,1683,2279,0,788
train_inner,1412_0.87_1.34.png,1817,125,468,0,386
train_inner,1413_0.65_1.47.png,2211,121,646,89,308
train_inner,1414_0.88_1.69.png,2562,40,237,100,91
train_inner,1415_0.67_1.4.png,2211,124,831,114,467
train_inner,1416_0.95_1.15.png,2238,60,175,45,56
train_inner,1417_0.88_0.75.png,676,171,2458,11,2006
train_inner,1418_0.79_1.51.png,1299,324,1133,19,586
train_inner,1419_0.62_1.04.png,402,372,2112,1,1359
train_inner,1420_0.92_1.35.png,1544,94,1109,50,729
train_inner,1421_0.9_1.14.png,1812,200,478,15,226
train_inner,1422_0.51_1.71.png,2978,28,896,110,763
train_inner,1423_0.68_1.59.png,2966,0,831,23,797
train_inner,1424_0.94_1.89.png,1833,19,231,46,149
train_inner,1426_0.74_1.06.png,833,35,1562,22,1417
train_inner,1427_0.91_1.59.png,2330,24,651,8,609
train_inner,1428_0.86_1.18.png,1537,28,1016,0,964
train_inner,1429_0.5_1.16.png,2802,1,305,1,271
train_inner,142_0.57_1.0.png,1050,253,1144,8,608
train_inner,1430_0.51_1.86.png,3237,0,223,57,200
train_inner,1431_0.81_0.84.png,2145,837,897,5,453
train_inner,1434_0.83_1.44.png,1202,36,230,12,36
train_inner,1437_0.74_1.01.png,3101,36,615,88,405
train_inner,1438_0.9_1.29.png,3312,3,462,110,275
train_inner,1439_0.92_1.24.png,3291,16,454,79,238
train_inner,143_0.84_1.61.png,2665,32,484,125,212
train_inner,1441_0.58_1.73.png,3607,65,124,59,1
train_inner,1444_0.58_1.95.png,3808,16,172,95,3
train_inner,1445_0.65_0.82.png,2700,170,687,0,540
train_inner,1447_0.8_1.55.png,3335,1,44,0,16
train_inner,1448_0.97_1.24.png,2272,28,58,0,11
train_inner,144_0.68_1.71.png,2424,22,487,22,334
train_inner,1450_0.85_1.16.png,656,293,1090,30,399
train_inner,1451_0.79_1.55.png,915,246,1120,68,474
train_inner,1453_0.64_1.53.png,1457,1,1109,251,1016
train_inner,1455_0.79_0.88.png,1932,8,1248,108,1212
train_inner,1458_0.94_0.97.png,1272,132,517,39,91
train_inner,1459_0.77_0.55.png,1220,20,1024,112,891
train_inner,1460_0.51_1.63.png,1728,7,340,70,193
train_inner,1462_0.61_1.4.png,1909,14,1185,169,705
train_inner,1463_1.0_1.22.png,2194,98,342,16,292
train_inner,1465_0.91_0.86.png,1097,111,264,14,20
train_inner,1466_0.85_1.61.png,1975,107,135,25,2
train_inner,1467_0.61_1.24.png,1559,0,24,27,0
train_inner,1468_0.81_0.54.png,688,154,325,20,117
train_inner,1469_0.6_1.73.png,1212,133,704,5,340
train_inner,146_0.96_1.51.png,2540,183,358,18,226
train_inner,1472_0.95_0.58.png,1138,199,1004,21,365
train_inner,1473_0.95_0.96.png,2415,115,362,0,304
train_inner,1475_0.68_1.11.png,2891,50,332,10,189
train_inner,1476_0.87_1.12.png,2653,100,320,0,258
train_inner,1477_0.87_1.44.png,3514,2,16,0,2
train_inner,1478_0.69_1.36.png,3870,0,24,0,24
train_inner,1479_0.8_1.08.png,3313,0,37,0,18
train_inner,147_0.85_1.8.png,2514,122,348,20,205
train_inner,1480_0.96_1.38.png,3275,3,16,0,2
train_inner,1483_0.89_1.89.png,2273,0,771,21,701
train_inner,1484_0.75_0.81.png,236,163,2051,2,1816
train_inner,1486_0.98_1.1.png,1991,232,888,135,449
train_inner,1487_0.99_1.08.png,1704,355,789,77,288
train_inner,1488_0.71_1.67.png,2136,179,862,277,492
train_inner,1489_0.87_0.97.png,1693,74,409,64,84
train_inner,148_0.79_1.94.png,2521,43,271,9,219
train_inner,1490_0.76_0.64.png,1154,190,760,26,177
train_inner,1491_0.88_1.85.png,2689,114,184,59,10
train_inner,1492_0.97_0.72.png,1633,200,310,39,45
train_inner,1494_0.53_0.86.png,1476,329,1187,125,400
train_inner,1495_0.94_1.22.png,2480,1,30,27,3
train_inner,1496_0.55_1.19.png,2101,83,747,186,266
train_inner,1498_0.73_1.3.png,2985,1,12,0,7
train_inner,1499_0.76_0.97.png,2152,2,19,12,9
train_inner,149_0.51_1.05.png,2249,18,417,50,277
train_inner,14_0.87_0.97.png,941,546,1820,120,1050
train_inner,1501_0.82_1.27.png,1159,609,861,30,192
train_inner,1502_0.65_1.08.png,467,1193,1230,17,290
train_inner,1503_0.95_1.58.png,2120,188,245,20,64
train_inner,1504_0.64_0.94.png,334,1347,1405,4,277
train_inner,1505_0.8_0.86.png,417,1671,1437,2,183
train_inner,1506_0.92_1.66.png,1091,950,928,40,143
train_inner,1507_0.87_0.95.png,488,1584,1266,4,217
train_inner,1508_0.6_1.12.png,257,1644,1591,4,275
train_inner,1509_0.73_0.78.png,375,1320,1305,14,179
train_inner,150_0.71_0.79.png,1951,330,629,53,340
train_inner,1510_0.72_1.09.png,598,687,1392,51,276
train_inner,1513_0.71_1.67.png,1212,228,423,68,42
train_inner,1514_0.53_0.9.png,362,560,1229,51,263
train_inner,1515_0.64_1.3.png,665,480,618,21,112
train_inner,1516_0.6_1.22.png,538,636,596,12,132
train_inner,1519_0.95_0.89.png,557,2110,470,4,40
train_inner,151_0.85_1.89.png,3220,0,38,10,36
train_inner,1520_0.69_1.99.png,712,1371,1089,57,98
train_inner,1521_0.71_1.89.png,2125,253,601,121,110
train_inner,1522_0.53_0.78.png,226,1557,1852,1,432
train_inner,1523_0.59_1.3.png,819,419,1171,8,176
train_inner,1524_0.62_0.63.png,243,1233,2018,0,388
train_inner,1525_0.91_1.05.png,1633,254,295,27,49
train_inner,1526_0.68_1.54.png,1418,82,617,199,327
train_inner,1527_0.79_1.5.png,1779,123,436,120,107
train_inner,1529_0.84_0.56.png,278,2035,1460,2,305
train_inner,1530_0.67_1.92.png,796,786,1861,35,1059
train_inner,1532_0.88_1.14.png,791,804,1753,33,884
train_inner,1533_0.88_0.99.png,842,1159,934,50,99
train_inner,1534_0.7_0.91.png,371,1516,1258,28,178
train_inner,1535_0.82_0.52.png,211,2018,1004,2,98
train_inner,1536_0.73_1.93.png,848,942,903,42,156
train_inner,153_0.93_2.0.png,2763,0,25,9,21
train_inner,1540_0.88_1.25.png,2099,324,474,37,135
train_inner,1541_0.72_1.23.png,931,1681,463,23,39
train_inner,1542_0.86_0.58.png,482,2142,503,4,52
train_inner,1545_0.84_1.34.png,1247,228,355,52,108
train_inner,1546_0.79_0.85.png,618,774,470,32,122
train_inner,1550_0.87_0.57.png,97,1487,1087,3,162
train_inner,1551_0.97_1.18.png,534,889,771,30,139
train_inner,1552_0.88_0.63.png,148,1490,876,7,123
train_inner,1553_0.74_1.63.png,1705,29,714,71,274
train_inner,1554_0.92_0.92.png,1391,420,432,18,36
train_inner,1555_0.58_0.76.png,72,1600,1161,14,90
train_inner,1556_0.51_0.85.png,325,1103,1276,21,446
train_inner,1557_0.85_1.07.png,348,876,361,9,29
train_inner,1558_0.6_1.29.png,280,1161,200,0,21
train_inner,1559_0.69_1.99.png,623,628,262,4,34
train_inner,155_0.83_1.97.png,3077,0,27,9,22
train_inner,1560_0.99_1.56.png,848,425,385,17,130
train_inner,1561_0.57_1.08.png,486,572,1028,164,340
train_inner,1562_1.0_0.93.png,687,545,602,115,127
train_inner,1563_0.95_1.85.png,1868,378,674,151,299
train_inner,1564_0.56_1.56.png,565,495,941,86,413
train_inner,1565_0.92_0.5.png,209,889,2268,13,633
train_inner,1566_0.94_1.98.png,2259,297,437,110,126
train_inner,1567_0.8_0.84.png,559,689,2195,17,676
train_inner,1569_0.87_1.64.png,1284,314,466,127,168
train_inner,156_0.57_1.11.png,2838,55,220,20,109
train_inner,1570_0.76_1.09.png,591,564,820,86,218
train_inner,1571_0.87_0.66.png,526,1048,877,72,212
train_inner,1572_0.9_1.45.png,1254,573,518,137,161
train_inner,1574_0.67_1.97.png,781,777,1245,11,95
train_inner,1576_0.98_0.73.png,834,1568,447,2,25
train_inner,1577_0.86_1.16.png,1263,288,137,10,22
train_inner,1579_0.67_1.31.png,1056,186,300,21,40
train_inner,157_0.81_1.26.png,2571,210,357,79,62
train_inner,1581_0.62_0.7.png,491,795,1768,51,657
train_inner,1582_0.68_1.61.png,1968,326,771,55,400
train_inner,1583_0.73_1.16.png,1499,499,833,30,383
train_inner,1584_0.88_1.75.png,2669,246,515,134,189
train_inner,1585_0.59_0.64.png,281,1441,1022,11,207
train_inner,1587_0.73_1.54.png,1344,115,428,19,40
train_inner,1588_0.93_1.69.png,1999,156,111,19,21
train_inner,1589_0.74_1.06.png,576,293,805,48,278
train_inner,1590_0.78_0.63.png,297,1312,1454,1,413
train_inner,1591_0.87_0.52.png,418,1098,1430,1,589
train_inner,1593_0.84_1.62.png,1550,409,655,93,211
train_inner,1594_0.71_0.5.png,177,912,2854,4,1215
train_inner,1595_0.99_1.84.png,1996,309,354,72,107
train_inner,1596_0.91_1.05.png,999,746,1151,38,475
train_inner,1597_0.69_1.45.png,1093,458,1550,43,683
train_inner,1598_0.67_1.4.png,1085,356,1788,57,893
train_inner,159_0.6_1.46.png,3211,0,48,57,34
train_inner,15_0.88_1.43.png,1763,211,1372,108,887
train_inner,1600_0.78_1.77.png,1901,265,858,32,436
train_inner,1601_0.99_0.52.png,294,953,967,33,113
train_inner,1603_0.54_0.74.png,57,1788,492,2,48
train_inner,1604_0.57_1.17.png,236,1122,694,19,61
train_inner,1606_0.91_0.96.png,782,471,220,1,32
train_inner,1607_0.91_0.88.png,677,513,224,1,30
train_inner,1608_0.77_0.77.png,785,591,848,44,140
train_inner,1609_0.5_1.28.png,1374,314,1055,69,596
train_inner,160_0.63_1.04.png,2733,1,167,118,101
train_inner,1610_0.91_0.53.png,794,1065,545,6,188
train_inner,1611_0.9_1.98.png,1929,436,178,7,17
train_inner,1613_0.56_1.31.png,177,1541,1234,24,90
train_inner,1614_0.81_0.78.png,986,699,1067,0,646
train_inner,1615_0.91_1.25.png,1783,371,150,0,29
train_inner,1616_0.76_0.88.png,758,525,1445,6,924
train_inner,1617_0.56_1.97.png,712,82,504,86,189
train_inner,1618_0.97_1.32.png,1218,105,59,6,1
train_inner,1619_0.94_1.08.png,978,142,76,8,6
train_inner,1620_0.62_0.9.png,122,1108,216,2,27
train_inner,1622_0.98_1.75.png,513,218,126,3,21
train_inner,1623_0.78_1.81.png,408,269,121,1,13
train_inner,1624_0.76_1.43.png,415,359,102,3,13
train_inner,1625_0.53_1.48.png,190,212,132,0,12
train_inner,1626_0.53_1.25.png,180,241,404,0,10
train_inner,1627_0.94_0.52.png,128,349,130,5,11
train_inner,1628_0.8_1.49.png,445,75,38,1,3
train_inner,1629_0.87_1.78.png,2524,56,111,9,6
train_inner,1630_0.78_1.34.png,1333,177,400,2,274
train_inner,1632_0.67_0.5.png,1,2555,1369,0,175
train_inner,1633_0.73_1.49.png,844,1247,1067,43,86
train_inner,1634_0.75_1.81.png,916,880,1168,31,254
train_inner,1637_0.75_0.58.png,21,1192,2403,0,195
train_inner,1638_0.83_1.06.png,340,1468,980,24,164
train_inner,1639_0.69_1.12.png,95,1076,2100,12,102
train_inner,163_0.9_1.1.png,3466,0,49,55,30
train_inner,1640_0.53_0.59.png,7,2125,1699,0,340
train_inner,1641_0.97_1.87.png,2167,421,406,7,145
train_inner,1642_0.91_0.72.png,777,780,407,30,93
train_inner,1643_0.77_0.66.png,564,1023,1370,110,513
train_inner,1644_0.53_1.52.png,583,793,1341,101,134
train_inner,1645_0.87_1.02.png,1324,224,288,18,118
train_inner,1646_0.55_1.55.png,1780,135,1553,61,996
train_inner,1649_0.8_0.86.png,63,1469,233,1,23
train_inner,164_0.84_0.62.png,2108,20,430,92,230
train_inner,1650_0.76_1.07.png,82,1078,309,1,28
train_inner,1651_0.71_0.76.png,53,1935,340,1,43
train_inner,1652_0.62_1.35.png,120,1237,234,1,37
train_inner,1653_0.9_1.01.png,665,236,202,21,10
train_inner,1654_0.66_1.9.png,574,56,288,41,108
train_inner,1655_0.54_1.38.png,330,406,504,28,22
train_inner,1656_0.64_1.45.png,375,199,349,16,18
train_inner,1658_0.96_1.72.png,862,63,175,2,100
train_inner,1659_0.8_1.01.png,215,228,211,2,58
train_inner,165_0.71_1.57.png,1980,42,181,38,35
train_inner,1660_0.83_0.67.png,133,837,408,0,75
train_inner,1661_0.7_1.37.png,890,294,1027,7,205
train_inner,1662_0.52_1.89.png,655,100,1438,122,363
train_inner,1665_0.57_1.62.png,495,235,736,14,81
train_inner,1667_0.89_0.82.png,358,1830,655,9,49
train_inner,1668_0.88_0.99.png,311,1729,614,11,44
train_inner,1669_0.52_1.31.png,1427,273,613,80,76
train_inner,166_0.58_1.66.png,2081,23,324,124,156
train_inner,1670_0.72_1.61.png,2537,158,308,27,54
train_inner,1671_0.7_1.42.png,2090,237,300,27,48
train_inner,1672_0.86_1.68.png,2882,85,268,11,86
train_inner,1673_0.63_1.48.png,827,820,1056,114,210
train_inner,1674_0.9_1.32.png,1047,523,482,23,81
train_inner,1675_0.56_1.81.png,786,1071,677,83,67
train_inner,1676_0.81_1.89.png,1272,395,377,29,57
train_inner,1677_0.58_1.91.png,1157,705,788,104,93
train_inner,1678_0.95_0.64.png,860,974,761,39,118
train_inner,1679_0.94_1.47.png,1659,233,240,32,18
train_inner,167_0.83_0.5.png,694,825,1018,19,211
train_inner,1680_0.79_1.69.png,1569,238,558,89,106
train_inner,1681_0.98_1.69.png,1707,203,248,39,3
train_inner,1682_0.98_0.9.png,1025,466,341,25,32
train_inner,1683_0.97_0.89.png,1009,480,367,25,34
train_inner,1684_0.61_1.24.png,927,325,769,92,143
train_inner,1688_0.94_1.37.png,1689,681,620,19,110
train_inner,168_0.92_0.76.png,1286,457,631,62,167
train_inner,1690_0.91_0.52.png,309,2068,1151,6,244
train_inner,1692_0.67_1.76.png,1347,554,995,160,238
train_inner,1693_0.51_1.03.png,226,2829,845,53,83
train_inner,1694_0.72_0.66.png,45,3020,775,2,111
train_inner,1695_0.6_0.82.png,96,2996,748,22,68
train_inner,1697_0.87_1.23.png,668,717,898,54,188
train_inner,1698_0.9_1.01.png,514,1026,831,30,152
train_inner,1699_0.81_0.51.png,279,1676,1337,10,247
train_inner,169_0.8_0.81.png,1667,235,1370,22,710
train_inner,16_0.51_1.32.png,1121,994,1586,38,654
train_inner,1700_0.89_1.15.png,673,893,824,49,161
train_inner,1702_0.69_0.67.png,44,2362,1555,4,292
train_inner,1703_0.67_1.94.png,478,1390,1778,53,399
train_inner,1704_0.9_1.06.png,301,1497,2052,43,494
train_inner,1706_0.83_0.85.png,423,654,1514,6,624
train_inner,1707_0.88_1.61.png,1892,198,562,15,369
train_inner,1708_0.52_1.49.png,275,849,1656,10,119
train_inner,1709_0.68_1.68.png,1365,503,1318,66,315
train_inner,170_0.76_1.19.png,2647,101,936,23,707
train_inner,1710_0.54_0.87.png,233,1872,1403,39,145
train_inner,1711_0.54_0.6.png,46,2314,1287,6,142
train_inner,1713_0.69_1.59.png,1161,717,891,16,79
train_inner,1714_0.89_1.96.png,1848,273,641,113,159
train_inner,1715_0.89_1.94.png,1857,284,641,119,152
train_inner,1716_0.87_0.59.png,614,1551,949,7,219
train_inner,1717_0.58_1.39.png,1309,198,821,61,234
train_inner,1719_0.77_1.33.png,1481,233,489,35,66
train_inner,171_0.59_1.19.png,2509,125,940,30,768
train_inner,1720_0.71_1.73.png,2013,158,449,92,93
train_inner,1721_0.8_0.91.png,1428,315,304,40,33
train_inner,1723_0.96_1.89.png,2519,113,229,8,92
train_inner,1724_0.5_1.22.png,1105,331,1195,137,284
train_inner,1725_0.91_0.81.png,1469,654,488,23,69
train_inner,1727_0.97_1.9.png,2749,258,319,59,50
train_inner,1728_0.91_1.81.png,2549,282,333,63,56
train_inner,1729_0.85_0.57.png,115,2393,1005,5,73
train_inner,172_0.56_1.3.png,2617,86,841,32,685
train_inner,1731_0.84_1.3.png,549,1380,687,3,88
train_inner,1732_0.87_0.59.png,141,2320,996,5,100
train_inner,1734_0.67_0.82.png,782,790,1142,91,346
train_inner,1735_0.72_0.9.png,1046,703,867,82,290
train_inner,1736_0.81_1.35.png,2079,394,477,70,78
train_inner,1737_0.98_0.6.png,1032,532,905,20,295
train_inner,1738_0.58_1.63.png,1265,529,1079,92,229
train_inner,1739_0.98_1.18.png,1955,223,411,53,193
train_inner,1740_0.62_1.79.png,1473,313,995,105,372
train_inner,1741_0.52_0.81.png,42,2293,1280,0,303
train_inner,1742_0.9_1.59.png,1114,745,367,20,29
train_inner,1743_0.62_1.02.png,263,1841,694,1,106
train_inner,1744_0.79_1.18.png,678,1084,503,27,40
train_inner,1745_0.84_1.83.png,1102,631,311,24,38
train_inner,1746_0.86_1.2.png,609,978,279,10,22
train_inner,1747_0.63_1.37.png,523,1056,406,17,18
train_inner,1748_0.82_1.35.png,686,855,322,8,24
train_inner,1749_0.73_1.97.png,788,641,2141,62,1001
train_inner,174_0.89_1.7.png,2410,34,926,24,391
train_inner,1750_0.82_1.35.png,553,1202,1642,33,686
train_inner,1751_0.55_0.84.png,257,2295,1267,18,512
train_inner,1752_0.83_1.89.png,1107,510,1653,44,995
train_inner,1753_0.96_1.66.png,1239,787,1069,58,458
train_inner,1754_0.95_1.34.png,969,1019,1020,31,434
train_inner,1755_0.74_1.04.png,438,637,1399,82,320
train_inner,1757_1.0_1.19.png,1424,665,784,22,241
train_inner,1758_0.81_1.38.png,638,1033,1344,9,108
train_inner,1759_0.7_1.38.png,458,1557,998,10,52
train_inner,175_0.58_1.26.png,1934,330,519,130,163
train_inner,1760_0.76_0.82.png,224,2210,593,4,47
train_inner,1762_0.95_0.95.png,1993,197,242,19,79
train_inner,1764_0.84_1.26.png,2120,198,278,14,52
train_inner,1766_0.84_0.74.png,589,785,1312,13,466
train_inner,1767_0.55_0.58.png,13,1154,2712,0,975
train_inner,1768_0.94_1.87.png,1799,89,400,27,190
train_inner,1769_0.93_0.69.png,381,741,998,0,424
train_inner,176_0.74_1.73.png,2578,35,210,59,131
train_inner,1770_0.86_0.61.png,169,773,1524,0,485
train_inner,1771_0.85_1.14.png,1261,270,1131,22,487
train_inner,1772_0.62_1.44.png,831,217,2146,130,1463
train_inner,1774_0.83_0.59.png,243,1873,822,14,129
train_inner,1775_0.91_1.06.png,746,1172,592,74,43
train_inner,1776_0.86_1.11.png,869,1222,665,131,75
train_inner,1777_0.6_1.87.png,1041,469,600,58,225
train_inner,1778_0.61_0.57.png,36,2656,575,0,84
train_inner,1779_0.64_1.68.png,833,603,549,33,200
train_inner,177_0.65_1.21.png,2047,43,346,124,64
train_inner,1780_0.81_0.83.png,306,994,527,2,59
train_inner,1781_0.82_1.78.png,1881,526,399,42,27
train_inner,1782_0.72_0.56.png,183,1897,467,0,38
train_inner,1783_0.8_1.77.png,1886,547,388,48,29
train_inner,1785_0.51_1.95.png,387,1486,1092,38,116
train_inner,1786_0.64_1.19.png,203,2315,589,3,65
train_inner,1787_0.68_1.04.png,201,2475,572,0,46
train_inner,1788_0.9_0.72.png,270,2176,710,0,100
train_inner,1789_0.73_0.64.png,225,1473,627,11,148
train_inner,178_0.59_1.89.png,2972,0,125,105,59
train_inner,1790_0.66_1.46.png,686,611,497,55,132
train_inner,1791_0.92_1.26.png,911,423,628,22,96
train_inner,1792_0.62_1.77.png,878,421,638,49,174
train_inner,1793_0.92_1.79.png,1587,5,10,1,0
train_inner,1794_0.54_1.25.png,1230,9,23,1,1
train_inner,1797_0.62_0.78.png,57,923,99,0,16
train_inner,1798_0.64_0.63.png,39,1281,129,0,25
train_inner,1799_0.93_0.72.png,113,643,148,0,9
train_inner,179_0.79_1.66.png,2174,387,529,111,83
train_inner,1800_0.61_1.92.png,194,524,101,1,22
train_inner,1802_0.98_0.53.png,493,2218,875,3,82
train_inner,1804_0.8_1.29.png,633,1843,639,8,35
train_inner,1805_0.66_1.14.png,367,189,86,0,32
train_inner,1806_0.91_0.53.png,106,473,92,2,18
train_inner,1807_0.72_1.36.png,748,153,71,0,32
train_inner,1808_0.8_1.64.png,1052,138,50,0,8
train_inner,1809_0.71_1.38.png,422,331,176,20,15
train_inner,180_0.86_1.22.png,1721,275,696,55,79
train_inner,1810_0.54_1.97.png,861,210,267,89,93
train_inner,1811_0.62_1.47.png,371,356,237,34,27
train_inner,1812_0.63_1.78.png,527,224,216,50,33
train_inner,1813_0.71_0.7.png,43,1469,784,0,16
train_inner,1815_0.55_0.96.png,49,1215,1075,0,383
train_inner,1816_0.55_1.84.png,289,170,1032,11,733
train_inner,1818_0.7_1.19.png,709,447,702,25,8
train_inner,1819_0.84_1.22.png,520,233,461,11,3
train_inner,181_0.99_0.56.png,845,410,505,1,159
train_inner,1820_0.95_1.71.png,1677,41,78,6,0
train_inner,1821_0.98_1.57.png,948,189,359,6,207
train_inner,1823_0.78_0.96.png,206,755,813,3,301
train_inner,1824_0.74_1.39.png,444,537,690,9,89
train_inner,1825_0.88_0.56.png,292,2487,459,0,46
train_inner,1826_0.77_1.17.png,193,2105,365,3,28
train_inner,1827_0.65_0.73.png,37,2539,424,0,39
train_inner,1828_0.64_1.8.png,712,1040,1184,41,44
train_inner,1829_0.55_1.16.png,150,1299,1116,14,66
train_inner,182_0.69_0.53.png,445,615,1318,37,607
train_inner,1830_0.88_1.27.png,396,976,1460,52,525
train_inner,1831_0.68_1.19.png,417,504,1813,14,413
train_inner,1832_0.97_0.84.png,163,1237,1496,6,415
train_inner,1833_0.88_1.83.png,2301,912,120,0,13
train_inner,1834_0.54_1.06.png,622,1508,1305,20,442
train_inner,1836_0.78_1.32.png,1275,953,954,58,719
train_inner,1837_0.87_1.88.png,1074,442,219,32,50
train_inner,1838_0.88_0.63.png,237,1704,562,24,100
train_inner,1839_0.54_0.82.png,43,1834,1186,0,77
train_inner,1840_0.94_1.56.png,1153,492,261,36,47
train_inner,1842_0.88_0.62.png,83,2016,668,1,50
train_inner,1843_0.68_1.88.png,624,705,782,30,64
train_inner,1845_0.7_1.35.png,439,1547,1000,35,154
train_inner,1846_0.88_1.38.png,665,1167,686,22,148
train_inner,1847_0.55_2.0.png,775,1083,1295,15,232
train_inner,1848_0.98_1.11.png,775,1454,508,12,131
train_inner,1849_1.0_0.53.png,299,1400,926,7,64
train_inner,184_0.81_1.03.png,1567,210,655,178,447
train_inner,1850_0.69_0.59.png,107,1805,594,2,38
train_inner,1852_0.7_0.65.png,245,1569,679,3,57
train_inner,1853_0.9_0.88.png,210,787,280,0,55
train_inner,1855_0.9_1.32.png,426,326,105,2,28
train_inner,1856_0.82_1.13.png,276,514,151,1,34
train_inner,1857_0.87_1.23.png,899,98,72,0,9
train_inner,1858_0.94_0.69.png,508,239,156,10,21
train_inner,185_0.65_1.74.png,2018,47,222,11,99
train_inner,1861_0.85_0.51.png,336,1778,397,9,51
train_inner,1863_0.77_1.16.png,681,472,595,26,14
train_inner,1864_0.63_1.68.png,929,95,716,74,164
train_inner,1865_0.56_1.08.png,15,1450,1993,2,520
train_inner,1866_0.53_1.34.png,40,1568,1657,16,283
train_inner,1868_0.87_0.58.png,435,1172,1885,32,655
train_inner,1869_0.54_1.64.png,408,458,1280,18,168
train_inner,186_0.61_0.89.png,1461,669,717,1,171
train_inner,1870_0.54_1.45.png,231,648,1234,10,114
train_inner,1871_0.8_1.86.png,1783,156,634,153,262
train_inner,1872_0.94_1.17.png,1424,329,263,7,6
train_inner,1873_0.81_1.59.png,1233,321,796,69,109
train_inner,1874_0.85_0.87.png,786,742,1079,13,179
train_inner,1877_0.68_1.05.png,596,642,1836,182,940
train_inner,1878_0.54_0.67.png,93,813,1860,3,146
train_inner,1879_0.88_1.72.png,2134,549,424,40,248
train_inner,187_0.95_0.79.png,1668,303,672,2,234
train_inner,1880_0.85_1.19.png,1479,643,840,97,558
train_inner,1881_0.99_1.74.png,1011,726,522,44,194
train_inner,1882_0.84_1.36.png,404,1291,723,24,186
train_inner,1883_0.72_1.0.png,139,1765,866,9,96
train_inner,1886_0.89_1.66.png,765,451,103,0,18
train_inner,1887_0.6_1.79.png,546,525,825,52,240
train_inner,1888_0.77_0.51.png,194,2640,581,3,104
train_inner,1889_0.63_0.55.png,5,2652,1430,0,484
train_inner,188_0.9_1.18.png,2196,5,758,63,709
train_inner,1890_0.83_1.44.png,527,718,748,2,237
train_inner,1891_0.57_1.79.png,274,840,2230,46,756
train_inner,1893_0.53_1.29.png,25,54,2632,6,1307
train_inner,1894_0.81_0.67.png,89,467,2142,1,745
train_inner,1896_0.7_0.8.png,47,301,2408,2,874
train_inner,1897_0.5_0.84.png,231,2734,839,54,290
train_inner,1899_0.89_1.0.png,341,1415,671,2,88
train_inner,189_0.84_0.86.png,981,26,1825,103,1630
train_inner,18_0.55_1.6.png,1884,78,1244,34,593
train_inner,1900_0.59_0.94.png,79,2796,555,0,68
train_inner,1901_0.77_1.18.png,142,1650,1107,1,156
train_inner,1902_0.89_1.97.png,547,1096,1010,11,151
train_inner,1903_0.54_1.57.png,182,983,798,1,197
train_inner,1904_0.58_0.8.png,60,2125,889,1,101
train_inner,1905_0.76_1.8.png,496,1034,982,35,157
train_inner,1906_0.74_1.79.png,500,1018,1059,49,163
train_inner,1907_0.86_1.3.png,340,1263,927,12,230
train_inner,1908_0.95_1.69.png,889,569,844,0,276
train_inner,1909_0.97_1.74.png,2126,196,545,36,370
train_inner,190_0.87_0.62.png,764,99,1941,73,1325
train_inner,1910_0.72_1.03.png,606,1276,848,24,182
train_inner,1913_0.97_0.54.png,348,2944,488,8,38
train_inner,1915_0.83_1.95.png,746,2002,465,134,58
train_inner,1916_0.51_0.74.png,536,2631,782,46,234
train_inner,1918_0.65_0.95.png,245,559,984,3,35
train_inner,191_0.53_1.57.png,2321,18,267,69,84
train_inner,1921_0.76_0.62.png,181,1385,1572,22,295
train_inner,1922_0.97_1.88.png,1542,453,390,24,84
train_inner,1924_0.98_1.93.png,1580,439,352,24,66
train_inner,1925_0.83_1.92.png,2077,439,450,96,89
train_inner,1926_0.82_0.54.png,710,1495,604,30,82
train_inner,1927_0.78_0.54.png,629,1409,732,35,101
train_inner,1928_0.97_1.39.png,1823,728,486,55,34
train_inner,1929_0.88_1.23.png,2024,440,409,16,43
train_inner,192_0.61_1.48.png,2142,223,288,52,91
train_inner,1930_0.6_1.26.png,868,688,592,17,70
train_inner,1931_0.68_1.21.png,1329,533,701,42,115
train_inner,1932_0.8_1.59.png,2105,396,446,28,78
train_inner,1933_0.8_0.97.png,840,407,171,6,58
train_inner,1934_0.95_1.59.png,1545,198,98,19,11
train_inner,1935_0.69_0.62.png,406,1028,336,1,76
train_inner,1938_0.71_1.33.png,2294,24,128,47,54
train_inner,193_0.76_1.43.png,2064,69,603,20,451
train_inner,1940_0.93_0.78.png,1872,238,302,41,50
train_inner,1941_0.75_1.0.png,474,1053,1951,2,456
train_inner,1943_0.86_0.57.png,200,2400,984,11,149
train_inner,1944_0.99_1.3.png,1030,1198,1194,35,354
train_inner,1945_0.63_1.7.png,3915,0,181,154,181
train_inner,1946_0.91_1.18.png,1853,91,225,31,48
train_inner,1947_0.91_1.85.png,2311,49,164,30,38
train_inner,1948_0.76_0.93.png,3697,0,375,235,372
train_inner,1949_0.69_0.72.png,1222,199,745,43,267
train_inner,194_0.82_0.6.png,720,34,1239,60,903
train_inner,1950_0.98_1.54.png,2704,139,110,5,6
train_inner,1951_0.53_1.59.png,2190,53,375,194,213
train_inner,1953_0.73_0.63.png,129,2658,716,2,143
train_inner,1954_0.97_1.98.png,1567,474,550,80,59
train_inner,1955_0.78_1.21.png,656,1355,659,25,117
train_inner,1957_0.81_1.41.png,1354,270,393,45,86
train_inner,1958_0.87_1.08.png,1076,484,349,27,90
train_inner,1959_0.72_1.33.png,966,310,544,42,133
train_inner,195_0.71_1.76.png,2433,203,506,7,196
train_inner,1960_0.8_0.62.png,390,1039,640,18,194
train_inner,1961_0.5_1.16.png,744,286,962,31,315
train_inner,1962_0.63_1.11.png,1095,115,726,68,337
train_inner,1963_0.67_1.85.png,2177,35,324,101,158
train_inner,1964_0.6_0.61.png,255,957,1399,0,278
train_inner,1965_0.97_1.55.png,2518,236,232,39,35
train_inner,1967_0.84_0.81.png,1209,736,579,42,66
train_inner,1968_0.54_0.91.png,477,1053,1069,24,186
train_inner,1969_0.52_1.0.png,774,386,1327,159,293
train_inner,1970_0.94_1.51.png,2476,118,265,102,81
train_inner,1971_0.99_1.02.png,2034,218,257,81,71
train_inner,1972_0.6_0.84.png,900,276,1364,126,541
train_inner,1973_0.82_0.7.png,736,753,912,33,301
train_inner,1974_0.82_1.47.png,2336,25,501,139,326
train_inner,1975_0.78_0.62.png,571,1033,870,22,224
train_inner,1976_0.53_0.82.png,383,803,1292,13,181
train_inner,1977_0.65_1.98.png,1720,322,611,65,179
train_inner,1978_0.82_1.0.png,921,540,783,20,231
train_inner,197_0.75_0.75.png,556,364,2013,1,1239
train_inner,1980_0.66_1.45.png,1242,486,870,28,285
train_inner,1981_0.66_1.25.png,1081,246,815,48,86
train_inner,1983_0.87_1.51.png,1937,231,313,34,48
train_inner,1984_0.63_0.55.png,151,1863,821,1,96
train_inner,1986_0.78_0.65.png,671,720,1897,0,625
train_inner,1987_0.88_0.57.png,873,1132,1113,0,441
train_inner,1989_0.63_0.82.png,513,454,1000,57,70
train_inner,198_0.7_0.56.png,92,801,2562,0,1190
train_inner,1990_0.97_0.51.png,652,561,228,12,24
train_inner,1991_0.91_1.49.png,2164,93,115,33,14
train_inner,1992_0.81_1.62.png,2130,45,365,176,231
train_inner,1993_0.81_1.9.png,1810,148,247,38,62
train_inner,1994_0.55_1.79.png,1184,477,752,78,131
train_inner,1995_0.89_1.88.png,2066,217,240,27,56
train_inner,1996_0.77_1.8.png,1690,165,278,33,71
train_inner,1997_0.71_1.74.png,1812,324,599,108,207
train_inner,1998_0.9_0.95.png,1454,758,619,11,81
train_inner,1999_0.93_0.74.png,1344,881,626,17,101
train_inner,199_0.81_1.86.png,2432,1,949,200,759
train_inner,19_0.89_1.64.png,2338,222,666,72,232
train_inner,1_0.68_0.66.png,1211,10,1541,0,1421
train_inner,2001_0.55_1.42.png,301,1822,1211,10,208
train_inner,2002_0.86_1.83.png,901,986,960,51,145
train_inner,2004_0.95_1.57.png,928,999,758,28,121
train_inner,2005_0.64_1.62.png,1505,106,547,161,194
train_inner,2006_0.91_1.19.png,952,462,300,45,32
train_inner,2008_0.92_1.41.png,1193,391,314,66,54
train_inner,2009_0.82_1.34.png,1516,189,106,29,3
train_inner,200_0.88_0.55.png,881,1223,1113,0,395
train_inner,2010_0.89_1.17.png,1631,165,154,16,1
train_inner,2011_0.66_1.68.png,1438,77,133,39,58
train_inner,2012_0.86_1.57.png,1911,134,128,19,1
train_inner,2014_0.87_1.73.png,704,746,314,1,74
train_inner,2015_0.63_0.9.png,185,1413,822,43,111
train_inner,2016_0.66_1.25.png,236,1083,709,0,108
train_inner,2017_0.66_0.86.png,412,669,676,28,223
train_inner,2018_0.79_1.89.png,1289,103,100,26,10
train_inner,2019_0.67_0.95.png,532,499,534,30,171
train_inner,201_0.77_0.89.png,999,91,487,15,306
train_inner,2020_0.68_0.87.png,446,621,614,27,167
train_inner,2021_0.96_1.65.png,1550,321,370,29,36
train_inner,2022_0.74_1.71.png,1475,81,888,149,398
train_inner,2023_0.82_1.53.png,1209,240,596,59,109
train_inner,2025_0.81_0.67.png,798,535,627,5,169
train_inner,2029_0.83_0.64.png,295,1018,1194,33,241
train_inner,202_0.82_1.42.png,2049,39,195,10,98
train_inner,2030_0.77_1.93.png,1536,99,302,19,55
train_inner,2031_0.78_1.8.png,1302,168,395,15,91
train_inner,2032_0.88_0.71.png,547,718,856,41,316
train_inner,2034_0.77_0.91.png,545,1916,1108,12,313
train_inner,2035_0.56_1.32.png,192,875,2605,7,645
train_inner,2036_0.8_0.55.png,340,2467,858,1,148
train_inner,2037_0.65_0.92.png,329,721,773,2,85
train_inner,2038_0.84_1.68.png,1573,208,151,16,12
train_inner,2039_0.78_1.92.png,1566,144,141,14,13
train_inner,203_0.79_0.99.png,1120,72,447,12,291
train_inner,2040_0.75_1.75.png,1390,141,165,19,14
train_inner,2041_1.0_1.84.png,2499,112,417,121,133
train_inner,2042_0.69_0.65.png,458,1154,1167,31,184
train_inner,2044_0.97_0.55.png,849,894,445,9,50
train_inner,2045_0.94_0.71.png,1871,632,434,7,77
train_inner,2046_0.76_1.87.png,2380,269,371,40,22
train_inner,2047_0.52_1.45.png,1565,339,954,306,238
train_inner,2048_0.72_0.67.png,1542,537,1036,93,451
train_inner,2049_0.54_1.16.png,760,1237,1270,46,288
train_inner,204_0.59_0.52.png,1,877,915,0,264
train_inner,2052_0.66_0.92.png,600,1331,907,38,117
train_inner,2053_0.5_1.19.png,603,807,1667,67,415
train_inner,2054_0.96_1.13.png,1419,378,745,21,257
train_inner,2055_0.69_0.57.png,254,1477,1463,1,341
train_inner,2056_0.99_1.84.png,2027,169,408,64,66
train_inner,2058_0.71_0.74.png,206,1405,1152,6,212
train_inner,2059_0.61_1.83.png,994,821,949,135,367
train_inner,205_0.81_0.73.png,835,393,822,2,261
train_inner,2060_0.51_1.57.png,823,865,1330,176,272
train_inner,2062_0.98_0.6.png,554,949,467,1,89
train_inner,2064_0.8_1.99.png,1131,231,361,15,172
train_inner,2065_0.51_1.6.png,897,396,1225,196,762
train_inner,2066_0.95_1.0.png,877,432,202,3,46
train_inner,2067_0.76_1.54.png,563,358,191,0,47
train_inner,2068_0.8_1.35.png,572,418,175,2,38
train_inner,206_0.61_1.6.png,1546,241,645,19,160
train_inner,2075_0.73_2.0.png,2292,392,407,40,74
train_inner,2077_0.87_0.68.png,701,827,871,2,47
train_inner,2078_0.65_0.54.png,175,1146,1913,2,790
train_inner,207_0.61_1.64.png,1677,155,696,22,176
train_inner,2081_0.8_1.57.png,2037,92,614,175,261
train_inner,2082_0.96_1.58.png,2018,473,376,98,37
train_inner,2083_0.5_1.42.png,1384,358,974,263,234
train_inner,2084_0.73_1.89.png,2310,43,561,267,366
train_inner,2085_0.88_1.01.png,801,1405,642,11,64
train_inner,2086_0.74_0.69.png,289,1449,685,4,121
train_inner,2088_0.51_1.64.png,649,739,810,26,199
train_inner,2089_0.79_0.55.png,139,1791,1692,10,407
train_inner,208_0.52_0.53.png,134,1892,1402,0,360
train_inner,2090_0.94_0.78.png,726,1216,805,25,157
train_inner,2091_0.7_0.84.png,158,2092,1174,3,204
train_inner,2092_0.99_1.04.png,1113,583,442,56,87
train_inner,2093_0.79_1.1.png,565,471,677,5,80
train_inner,2095_0.85_1.67.png,1278,361,316,18,32
train_inner,2097_0.93_0.96.png,1056,968,603,4,67
train_inner,2098_0.96_1.95.png,2199,547,437,23,91
train_inner,2099_1.0_1.51.png,1902,657,432,32,113
train_inner,209_0.89_1.85.png,2152,0,263,48,189
train_inner,20_0.81_1.64.png,2177,202,829,53,267
train_inner,2100_0.76_0.76.png,414,1050,1064,6,287
train_inner,2101_0.83_1.14.png,1260,619,689,24,111
train_inner,2102_0.59_0.97.png,360,645,1557,20,245
train_inner,2103_0.77_1.32.png,1248,500,781,12,142
train_inner,2104_0.71_0.86.png,472,718,1373,30,365
train_inner,2105_0.68_1.66.png,1502,66,1031,136,434
train_inner,2106_0.53_0.55.png,66,1490,1509,0,316
train_inner,2107_0.67_0.57.png,112,1207,1706,6,569
train_inner,2108_0.55_1.9.png,1859,35,765,276,538
train_inner,210_0.87_0.81.png,2042,41,747,20,623
train_inner,2110_0.97_1.98.png,1475,623,933,45,301
train_inner,2112_0.66_1.29.png,935,1311,886,122,168
train_inner,2113_0.55_1.43.png,708,1048,1030,86,254
train_inner,2116_0.73_1.74.png,1442,858,965,127,334
train_inner,2117_0.76_1.14.png,1505,739,1025,216,300
train_inner,2118_0.86_1.55.png,1891,598,838,160,162
train_inner,211_0.63_0.82.png,978,90,1729,30,1538
train_inner,2120_0.93_1.24.png,1807,623,800,54,172
train_inner,2122_0.92_1.12.png,605,1533,800,11,202
train_inner,2124_0.77_1.13.png,239,2372,519,5,33
train_inner,2125_0.65_0.5.png,128,1906,1009,6,74
train_inner,2127_0.99_1.84.png,2516,191,259,38,46
train_inner,2128_0.85_1.82.png,2214,386,322,59,43
train_inner,2129_0.8_0.51.png,202,2106,744,17,51
train_inner,2130_0.93_0.85.png,687,863,1024,8,187
train_inner,2131_0.88_1.57.png,1252,589,693,11,144
train_inner,2133_0.59_0.63.png,79,1288,1467,5,185
train_inner,2134_0.89_0.61.png,407,1054,350,1,26
train_inner,2136_0.94_1.28.png,1637,646,374,7,114
train_inner,2137_0.57_1.38.png,1529,415,820,279,255
train_inner,2138_0.88_1.49.png,2119,178,404,113,97
train_inner,2139_0.66_1.61.png,2013,281,604,313,216
train_inner,213_0.97_0.85.png,720,789,168,11,22
train_inner,2142_0.81_1.58.png,1779,164,210,12,29
train_inner,2143_0.57_0.65.png,193,1340,1010,0,183
train_inner,2146_0.62_1.67.png,1117,685,856,25,105
train_inner,2147_0.76_0.94.png,449,1106,1051,10,83
train_inner,2148_0.69_1.7.png,1173,645,763,18,90
train_inner,2149_0.58_1.39.png,505,1054,1148,36,213
train_inner,214_0.82_1.6.png,2032,292,505,131,76
train_inner,2152_0.55_1.31.png,407,1189,1069,18,230
train_inner,2153_0.61_1.16.png,671,1394,675,97,126
train_inner,2154_0.65_1.47.png,894,1017,655,108,113
train_inner,2155_0.7_0.67.png,158,2029,846,20,102
train_inner,2157_0.88_1.15.png,860,850,910,8,452
train_inner,2158_0.93_1.48.png,1350,635,640,14,342
train_inner,2159_0.62_0.8.png,205,1168,2049,20,398
train_inner,2160_0.67_0.84.png,259,1308,1711,27,420
train_inner,2161_0.69_1.35.png,1686,48,219,5,119
train_inner,2162_0.63_1.79.png,2289,23,176,26,106
train_inner,2164_0.95_0.58.png,871,571,351,1,75
train_inner,2165_0.88_1.99.png,1540,648,986,94,124
train_inner,2166_0.99_0.93.png,905,1272,851,40,243
train_inner,2167_0.55_0.91.png,214,1672,1769,57,513
train_inner,2168_0.63_1.99.png,1283,933,1148,218,289
train_inner,2169_0.78_0.79.png,132,1978,1112,7,267
train_inner,216_0.58_1.1.png,1649,44,191,13,55
train_inner,2170_0.98_1.62.png,1647,468,786,24,421
train_inner,2171_0.57_1.74.png,938,557,1400,101,154
train_inner,2172_0.91_0.75.png,588,1144,1442,23,379
train_inner,2173_0.67_1.56.png,1871,151,442,197,121
train_inner,2174_0.88_0.84.png,775,1189,527,41,61
train_inner,2175_0.99_0.85.png,930,1119,398,20,98
train_inner,2177_1.0_1.8.png,2134,226,931,43,529
train_inner,2178_0.88_1.13.png,1004,899,835,66,212
train_inner,2180_0.99_1.66.png,1922,271,959,49,493
train_inner,2181_0.81_0.73.png,230,1630,1411,8,135
train_inner,2182_0.83_1.85.png,1707,481,1435,228,753
train_inner,2183_0.71_1.28.png,357,998,1461,15,331
train_inner,2184_0.86_1.39.png,1222,577,1513,172,417
train_inner,2185_0.57_1.6.png,628,968,1226,63,377
train_inner,2186_0.56_1.06.png,282,927,1609,11,318
train_inner,2187_0.73_1.15.png,632,480,1680,91,325
train_inner,2188_0.86_0.97.png,687,415,1697,75,686
train_inner,2189_0.81_0.71.png,416,685,2256,10,858
train_inner,218_0.71_1.25.png,2663,86,888,156,729
train_inner,2191_0.7_0.65.png,158,1856,1643,7,317
train_inner,2192_0.68_1.84.png,1148,368,1531,116,706
train_inner,2193_0.55_1.89.png,873,946,1256,77,315
train_inner,2194_0.94_1.6.png,1526,414,1063,79,560
train_inner,2196_0.72_0.83.png,432,1346,1224,13,285
train_inner,2197_0.51_1.2.png,316,1342,1313,46,288
train_inner,2198_0.89_1.09.png,734,1589,783,23,106
train_inner,2199_0.95_1.36.png,1173,1212,943,50,232
train_inner,219_0.84_1.07.png,1139,88,2284,232,2080
train_inner,21_0.84_0.84.png,3090,60,259,10,188
train_inner,2200_0.75_1.88.png,1444,1295,879,93,136
train_inner,2201_0.93_0.8.png,550,1210,1622,6,522
train_inner,2202_0.65_1.33.png,459,1216,1724,19,399
train_inner,2203_0.58_1.48.png,469,757,2209,62,652
train_inner,2205_0.53_0.61.png,16,1548,1980,0,291
train_inner,2206_0.7_1.0.png,853,1036,984,27,361
train_inner,2208_0.72_0.51.png,192,1934,1149,0,118
train_inner,2209_0.83_1.05.png,1477,140,319,61,51
train_inner,2210_0.81_1.94.png,2444,97,93,42,8
train_inner,2211_0.99_1.45.png,2161,143,96,25,3
train_inner,2212_0.92_0.99.png,1508,183,192,22,26
train_inner,2213_0.82_1.3.png,1036,240,294,53,62
train_inner,2214_0.86_1.48.png,1310,234,210,31,27
train_inner,2215_0.59_1.63.png,966,251,435,99,84
train_inner,2217_0.57_1.84.png,596,75,122,0,50
train_inner,2218_0.96_1.73.png,713,88,61,3,9
train_inner,2219_0.78_1.0.png,553,291,179,0,69
train_inner,221_0.88_1.44.png,1737,10,1568,163,1499
train_inner,2221_0.94_1.85.png,1113,139,40,2,1
train_inner,2222_0.73_1.79.png,1018,156,44,4,4
train_inner,2223_0.72_1.73.png,898,168,49,9,12
train_inner,2224_0.88_1.42.png,911,188,78,4,9
train_inner,2225_0.9_0.54.png,46,803,157,6,22
train_inner,2226_0.9_1.84.png,353,128,66,3,9
train_inner,2227_0.88_1.42.png,210,195,88,1,12
train_inner,2228_0.86_1.99.png,380,120,68,1,12
train_inner,2229_0.71_0.55.png,300,1364,559,1,140
train_inner,222_0.57_0.94.png,1790,201,1756,73,902
train_inner,2230_0.73_1.5.png,1176,580,384,4,134
train_inner,2232_0.72_0.59.png,336,1251,522,0,159
train_inner,2233_0.89_1.49.png,676,134,305,18,91
train_inner,2236_0.6_1.78.png,559,284,336,6,95
train_inner,2237_0.6_1.84.png,628,345,267,3,40
train_inner,2238_0.81_1.38.png,509,362,167,0,19
train_inner,2239_0.97_0.71.png,329,902,351,2,20
train_inner,223_1.0_0.79.png,1305,73,710,6,386
train_inner,2240_0.51_1.57.png,304,786,644,21,63
train_inner,2241_0.69_1.9.png,720,404,140,2,32
train_inner,2242_0.99_1.49.png,1004,625,160,9,10
train_inner,2243_0.75_1.64.png,677,437,146,0,31
train_inner,2245_0.55_0.94.png,378,706,1125,4,290
train_inner,2246_0.8_0.54.png,240,1212,883,5,163
train_inner,2248_0.61_0.82.png,332,806,1216,23,320
train_inner,2249_0.83_0.77.png,848,634,610,7,165
train_inner,224_0.52_0.84.png,1983,224,1823,82,811
train_inner,2251_0.7_1.53.png,1425,206,456,17,159
train_inner,2252_0.79_0.97.png,980,424,609,14,174
train_inner,2253_0.9_0.97.png,642,1326,552,12,45
train_inner,2254_0.99_0.51.png,337,1611,673,8,81
train_inner,2255_0.54_0.94.png,229,1581,1166,37,115
train_inner,2256_0.67_0.67.png,101,2361,652,0,50
train_inner,2257_0.75_1.03.png,322,756,915,7,263
train_inner,2258_0.96_0.94.png,714,1261,755,14,194
train_inner,225_0.53_0.84.png,1100,480,737,52,180
train_inner,2260_0.94_0.51.png,127,2089,702,3,143
train_inner,2261_0.61_1.11.png,390,204,236,18,46
train_inner,2263_0.68_0.81.png,280,322,252,1,65
train_inner,2266_0.54_0.77.png,256,731,206,5,36
train_inner,2267_0.77_1.17.png,602,456,91,5,11
train_inner,2268_0.66_1.84.png,805,300,187,2,18
train_inner,2270_0.78_1.2.png,223,282,33,0,12
train_inner,2272_0.52_1.23.png,197,297,94,0,13
train_inner,2273_0.9_1.94.png,1220,702,436,30,45
train_inner,2274_0.51_1.64.png,861,358,1491,91,518
train_inner,2275_0.88_1.27.png,835,963,495,28,24
train_inner,2276_0.77_1.55.png,955,562,734,24,126
train_inner,2278_0.76_0.76.png,298,1709,605,33,118
train_inner,227_0.91_0.64.png,1029,1069,570,26,151
train_inner,2280_0.66_0.52.png,91,2723,703,0,118
train_inner,2281_0.68_0.81.png,363,1170,980,22,154
train_inner,2284_0.77_1.53.png,1016,594,236,14,88
train_inner,2285_0.67_1.0.png,287,879,218,5,34
train_inner,2286_0.56_1.51.png,526,536,285,10,21
train_inner,2287_0.52_0.93.png,245,993,385,14,61
train_inner,2288_0.81_1.07.png,388,965,187,4,23
train_inner,2289_0.83_1.86.png,1556,168,77,9,3
train_inner,2291_0.76_1.03.png,620,241,75,8,4
train_inner,2293_0.61_1.53.png,772,382,501,9,79
train_inner,2295_0.81_1.9.png,1959,112,164,13,26
train_inner,2296_0.9_0.71.png,328,495,462,1,200
train_inner,2297_0.82_1.01.png,559,1308,541,15,114
train_inner,2299_0.98_1.19.png,912,602,770,23,274
train_inner,22_0.58_0.64.png,1317,8,737,0,657
train_inner,2300_0.99_1.84.png,1421,308,755,33,410
train_inner,2301_0.82_0.88.png,749,669,488,2,57
train_inner,2302_0.67_1.5.png,1015,616,551,22,37
train_inner,2303_0.52_1.19.png,174,1250,1225,1,60
train_inner,2304_0.95_0.99.png,950,518,247,1,29
train_inner,2306_0.93_1.08.png,1644,642,805,15,294
train_inner,2308_0.76_0.92.png,1115,920,1310,70,773
train_inner,2309_0.84_1.77.png,919,274,1242,121,939
train_inner,230_0.98_1.69.png,2430,4,231,40,188
train_inner,2311_0.83_1.77.png,960,285,1258,121,938
train_inner,2312_0.83_1.96.png,1150,210,1235,123,935
train_inner,2313_0.57_0.7.png,450,816,1570,6,269
train_inner,2314_0.51_1.78.png,1280,110,1148,257,555
train_inner,2315_0.84_1.1.png,1438,417,490,14,132
train_inner,2316_0.6_0.62.png,310,1104,1377,0,174
train_inner,2318_0.59_1.42.png,1685,384,936,86,538
train_inner,231_0.77_0.73.png,587,233,1160,30,898
train_inner,2320_0.98_0.73.png,916,533,1939,4,741
train_inner,2321_0.92_0.62.png,609,807,480,4,144
train_inner,2322_0.85_1.02.png,1217,487,374,14,107
train_inner,2323_0.8_0.67.png,413,1028,805,13,180
train_inner,2324_0.86_1.5.png,2102,330,242,13,58
train_inner,2326_0.78_0.7.png,143,2201,1369,2,506
train_inner,2327_0.63_0.89.png,74,2502,1203,0,255
train_inner,2328_0.86_1.07.png,457,1437,1217,27,340
train_inner,2329_0.66_1.73.png,761,279,2489,199,1600
train_inner,232_0.56_1.2.png,1100,63,885,141,598
train_inner,2330_0.55_1.2.png,299,492,2837,45,925
train_inner,2331_0.98_0.96.png,660,645,1135,28,416
train_inner,2332_0.85_1.57.png,1155,439,980,34,268
train_inner,2333_0.64_1.4.png,1234,445,1662,134,877
train_inner,2335_0.51_0.53.png,4,2371,1540,0,316
train_inner,2336_0.74_1.8.png,2561,155,349,86,112
train_inner,2337_0.57_0.65.png,78,1281,671,0,164
train_inner,2339_0.59_1.55.png,2064,16,558,181,325
train_inner,233_0.75_1.0.png,1665,36,290,35,99
train_inner,2340_0.98_1.97.png,2695,277,180,57,64
train_inner,2341_0.86_0.68.png,318,1630,848,15,152
train_inner,2342_0.63_0.94.png,70,1953,1201,11,133
train_inner,2343_0.53_1.69.png,455,1249,1157,46,137
train_inner,2344_0.82_1.64.png,876,520,623,13,208
train_inner,2346_0.83_0.8.png,770,995,934,9,88
train_inner,2347_0.5_1.72.png,584,1601,925,88,71
train_inner,2348_0.52_0.95.png,190,1521,1410,31,224
train_inner,2349_0.65_1.14.png,394,892,2002,4,341
train_inner,234_0.85_1.32.png,2198,10,95,7,26
train_inner,2350_0.56_1.41.png,383,471,2500,20,1078
train_inner,2351_0.65_0.57.png,79,2830,507,2,30
train_inner,2352_0.71_1.87.png,712,503,1812,9,752
train_inner,2353_0.86_0.69.png,233,1285,472,1,44
train_inner,2354_0.59_1.78.png,307,983,907,6,57
train_inner,2355_0.87_1.85.png,801,502,583,0,156
train_inner,2356_0.82_1.97.png,657,613,503,1,162
train_inner,2357_0.76_0.96.png,673,1447,447,24,128
train_inner,2358_0.78_1.5.png,1054,1083,378,40,68
train_inner,2359_0.84_1.95.png,1140,804,370,11,60
train_inner,235_0.63_1.62.png,1863,18,160,8,56
train_inner,2360_0.68_1.44.png,905,1248,480,42,135
train_inner,2361_0.88_1.89.png,1481,380,440,80,44
train_inner,2362_0.97_0.59.png,189,1298,1169,0,375
train_inner,2363_0.66_1.89.png,1228,223,818,246,284
train_inner,2364_0.67_1.98.png,1242,275,704,239,237
train_inner,2366_0.56_1.55.png,1380,195,892,174,175
train_inner,2367_0.8_1.63.png,1972,56,308,75,8
train_inner,2368_0.75_1.39.png,1476,107,391,32,29
train_inner,2369_0.55_0.62.png,238,1266,1402,50,509
train_inner,2370_0.65_1.01.png,1023,1073,1129,384,591
train_inner,2371_0.69_1.5.png,1644,908,917,385,398
train_inner,2372_0.73_1.34.png,1519,961,956,320,400
train_inner,2373_0.69_0.53.png,43,2279,748,0,74
train_inner,2374_0.99_0.8.png,366,777,403,8,39
train_inner,2375_0.75_1.0.png,356,1160,570,4,30
train_inner,2376_0.81_1.59.png,799,568,392,9,52
train_inner,2377_0.59_1.32.png,111,1997,607,19,51
train_inner,2378_0.52_1.23.png,162,1972,956,68,81
train_inner,237_0.62_1.11.png,1766,173,1119,220,834
train_inner,2380_0.52_1.3.png,173,1898,941,69,95
train_inner,2381_0.63_1.24.png,267,1176,923,18,189
train_inner,2383_0.59_1.38.png,280,1082,841,6,178
train_inner,2384_0.57_0.86.png,130,1714,765,0,72
train_inner,2385_0.74_1.17.png,250,919,1547,36,431
train_inner,2387_0.86_1.11.png,427,676,1124,27,329
train_inner,2388_0.93_0.77.png,228,916,1237,7,247
train_inner,2389_1.0_1.55.png,1634,683,440,26,36
train_inner,2390_0.99_0.99.png,976,1158,491,8,55
train_inner,2391_0.53_1.36.png,634,1559,800,17,148
train_inner,2392_0.93_1.96.png,1793,643,409,38,32
train_inner,2393_0.52_0.98.png,362,1603,1463,20,267
train_inner,2394_0.81_1.27.png,315,537,426,1,109
train_inner,2396_0.69_0.73.png,50,1769,936,0,147
train_inner,2397_0.64_0.76.png,288,1581,1854,0,396
train_inner,2398_0.89_1.09.png,735,1142,1438,37,190
train_inner,2399_0.68_0.89.png,370,1307,1890,5,435
train_inner,239_0.62_1.87.png,1657,148,906,180,552
train_inner,2400_0.58_0.53.png,38,2298,1598,0,515
train_inner,2401_0.77_1.3.png,418,1664,1578,12,459
train_inner,2403_0.79_0.99.png,319,1860,1591,7,609
train_inner,2404_0.65_1.05.png,188,1725,1914,4,410
train_inner,2405_0.56_0.59.png,223,2373,648,5,130
train_inner,2406_0.59_0.76.png,452,2041,793,17,113
train_inner,2407_0.95_1.45.png,1182,693,1234,44,509
train_inner,240_0.87_1.37.png,2136,33,965,129,892
train_inner,2412_0.68_1.7.png,925,273,409,82,45
train_inner,2413_0.71_1.28.png,732,786,959,95,150
train_inner,2414_0.77_1.67.png,1143,559,1125,60,161
train_inner,2416_0.83_0.88.png,706,1679,376,2,158
train_inner,2417_0.58_1.91.png,1441,503,491,4,99
train_inner,2418_0.73_1.2.png,1286,590,523,1,159
train_inner,2419_0.95_0.73.png,821,594,639,0,235
train_inner,241_0.81_1.07.png,3516,9,285,31,258
train_inner,2421_0.95_1.35.png,1355,704,906,0,471
train_inner,2422_0.66_0.77.png,175,1614,1087,10,258
train_inner,2423_0.58_1.14.png,338,1298,1274,19,354
train_inner,2424_0.59_2.0.png,864,751,1315,13,509
train_inner,2425_0.65_0.63.png,200,1986,1569,0,431
train_inner,2426_0.69_1.53.png,656,671,1482,27,192
train_inner,2427_0.71_0.9.png,325,2026,1038,0,199
train_inner,2428_0.56_1.84.png,810,488,1086,21,269
train_inner,2429_0.7_1.73.png,726,1204,1523,178,401
train_inner,242_0.69_1.56.png,3719,0,182,40,167
train_inner,2430_0.56_1.8.png,505,975,2105,115,480
train_inner,2431_0.95_1.53.png,1019,1089,677,1,146
train_inner,2433_1.0_1.49.png,795,1972,577,52,61
train_inner,2434_0.93_0.55.png,120,2891,838,3,159
train_inner,2435_0.72_0.78.png,89,2617,879,5,97
train_inner,2436_0.83_1.9.png,599,1456,906,68,60
train_inner,2438_0.72_1.78.png,421,1446,449,9,53
train_inner,2439_0.56_0.86.png,87,2347,695,10,74
train_inner,243_0.67_1.41.png,3677,0,199,47,189
train_inner,2440_0.59_0.9.png,120,2294,698,10,85
train_inner,2442_0.66_0.8.png,296,620,1680,23,186
train_inner,2443_0.79_0.92.png,354,1147,1487,22,252
train_inner,2444_0.8_1.01.png,412,1121,1479,24,285
train_inner,2445_0.77_1.63.png,696,485,1229,171,505
train_inner,2446_0.73_1.52.png,629,558,1286,161,555
train_inner,2447_0.83_1.03.png,454,812,1220,68,242
train_inner,2448_0.65_1.88.png,915,408,1202,190,615
train_inner,2449_0.56_0.96.png,399,798,300,7,39
train_inner,244_0.79_0.78.png,3285,11,453,46,392
train_inner,2451_0.74_1.66.png,1077,531,146,4,20
train_inner,2452_0.96_0.86.png,830,548,280,1,24
train_inner,2455_0.84_0.91.png,936,238,348,18,129
train_inner,2456_0.72_0.6.png,269,229,605,23,128
train_inner,2457_0.53_1.85.png,947,859,832,8,183
train_inner,2459_0.58_1.6.png,1078,1110,576,33,151
train_inner,245_0.79_1.53.png,2482,0,64,2,60
train_inner,2460_0.51_1.58.png,826,730,1108,25,295
train_inner,2461_0.8_0.72.png,325,1819,711,0,85
train_inner,2462_0.96_1.1.png,1040,977,578,15,86
train_inner,2464_0.63_0.75.png,89,2213,964,0,92
train_inner,2465_0.88_1.38.png,280,1183,122,2,9
train_inner,2466_0.83_0.85.png,133,1733,213,2,9
train_inner,2468_0.68_1.15.png,184,1498,371,18,21
train_inner,2469_0.52_1.22.png,95,877,270,0,50
train_inner,246_0.81_1.95.png,3381,0,30,4,30
train_inner,2470_0.7_1.38.png,213,319,183,4,50
train_inner,2471_0.54_1.65.png,156,495,168,2,37
train_inner,2472_0.8_1.36.png,219,286,143,14,41
train_inner,2473_0.73_1.45.png,684,1017,1379,46,257
train_inner,2477_0.71_1.89.png,1013,353,288,10,35
train_inner,2478_0.61_1.85.png,992,171,655,76,82
train_inner,2479_0.81_1.81.png,1205,124,339,11,80
train_inner,247_0.55_1.81.png,1780,32,950,12,597
train_inner,2480_0.85_1.87.png,1392,155,259,8,86
train_inner,2481_0.62_0.87.png,369,982,1451,62,319
train_inner,2482_0.99_0.67.png,667,791,949,11,226
train_inner,2484_0.94_1.7.png,1715,240,468,69,153
train_inner,2485_0.56_1.06.png,105,2374,567,2,71
train_inner,2486_0.73_1.35.png,1043,1006,898,90,205
train_inner,2487_0.93_0.64.png,621,1468,599,13,87
train_inner,2488_0.64_1.77.png,846,499,1467,135,352
train_inner,2489_0.62_1.9.png,2522,66,262,103,20
train_inner,248_0.73_0.56.png,641,272,2093,0,1312
train_inner,2492_0.78_0.93.png,1707,296,419,86,32
train_inner,2493_0.8_0.66.png,468,723,1027,36,344
train_inner,2494_0.83_1.83.png,1559,155,690,125,387
train_inner,2495_0.61_0.72.png,229,1246,1421,11,353
train_inner,2497_0.98_1.86.png,1886,200,311,10,132
train_inner,2499_0.55_0.8.png,250,958,1290,14,210
train_inner,2500_0.55_1.53.png,447,513,901,40,342
train_inner,2501_0.53_1.76.png,171,2174,1179,16,345
train_inner,2502_0.94_1.08.png,584,994,1219,3,259
train_inner,2503_1.0_0.68.png,319,1735,1127,2,193
train_inner,2504_0.91_1.76.png,988,641,929,11,278
train_inner,2505_0.73_1.48.png,492,1294,690,34,220
train_inner,2506_0.56_1.89.png,418,1438,901,38,132
train_inner,2507_0.79_1.96.png,952,1121,640,7,225
train_inner,2508_0.6_1.71.png,497,1310,902,78,151
train_inner,2509_0.89_1.4.png,272,1165,982,4,336
train_inner,250_0.94_1.08.png,1794,114,139,9,13
train_inner,2510_0.58_1.67.png,229,2114,844,27,137
train_inner,2511_0.82_1.93.png,487,941,868,7,328
train_inner,2512_0.6_1.28.png,154,2325,1042,30,162
train_inner,2513_0.77_1.03.png,175,1335,2563,24,1066
train_inner,2514_0.72_0.64.png,48,2338,1684,3,390
train_inner,2515_0.87_0.64.png,109,1137,2801,11,1023
train_inner,2516_0.88_0.51.png,45,1298,2717,3,762
train_inner,2518_0.67_1.1.png,312,1107,1016,37,208
train_inner,2519_0.97_1.49.png,926,783,702,35,230
train_inner,251_0.5_1.61.png,1515,12,58,2,12
train_inner,2520_0.68_1.42.png,505,1014,857,90,233
train_inner,2521_0.66_1.08.png,136,1315,1096,0,145
train_inner,2523_0.52_1.93.png,1418,272,1565,71,636
train_inner,2524_0.76_1.23.png,181,1321,1496,16,319
train_inner,2526_0.87_1.88.png,1089,310,2275,31,1562
train_inner,2527_0.82_0.59.png,726,601,2696,0,951
train_inner,2528_0.96_1.84.png,2733,108,474,5,266
train_inner,2529_0.77_0.68.png,151,1552,481,2,69
train_inner,2530_0.54_0.81.png,75,2119,319,0,81
train_inner,2531_0.93_0.69.png,556,894,270,7,50
train_inner,2532_0.74_1.32.png,612,678,295,12,53
train_inner,2533_0.78_0.9.png,341,459,269,3,33
train_inner,2534_0.74_1.5.png,681,280,256,10,34
train_inner,2535_1.0_1.71.png,1193,268,195,8,34
train_inner,2536_1.0_1.41.png,1044,356,178,6,28
train_inner,2537_0.51_1.87.png,680,738,777,44,196
train_inner,2538_0.89_0.75.png,395,1165,371,14,39
train_inner,2539_0.87_1.96.png,1324,270,553,35,160
train_inner,253_0.78_0.73.png,901,320,1801,6,1115
train_inner,2540_0.76_1.17.png,683,894,306,30,33
train_inner,2541_0.86_1.59.png,499,254,237,1,42
train_inner,2543_0.53_1.81.png,333,582,268,0,79
train_inner,2544_0.83_1.21.png,396,445,250,0,50
train_inner,2545_0.54_1.41.png,143,1706,805,1,148
train_inner,2546_0.84_0.53.png,96,985,1756,2,465
train_inner,2547_0.63_1.17.png,155,651,1743,22,138
train_inner,2548_0.9_0.6.png,452,723,1219,9,604
train_inner,2549_0.61_1.7.png,631,284,663,34,357
train_inner,254_0.94_0.86.png,1493,827,213,6,33
train_inner,2551_0.71_1.76.png,517,291,818,16,204
train_inner,2552_0.55_0.61.png,27,1613,1221,0,93
train_inner,2553_0.87_1.09.png,962,1409,527,79,57
train_inner,2554_0.63_1.32.png,1517,633,391,124,112
train_inner,2555_0.9_1.71.png,1263,1178,489,59,97
train_inner,2557_0.84_0.68.png,236,1254,630,4,184
train_inner,2558_0.52_1.06.png,228,947,558,0,101
train_inner,255_0.68_0.97.png,1852,501,762,1,96
train_inner,2560_0.8_1.36.png,485,267,865,36,440
train_inner,2561_0.98_0.54.png,175,1107,855,1,27
train_inner,2562_0.81_1.38.png,526,1119,632,16,14
train_inner,2564_0.59_1.09.png,594,732,649,29,42
train_inner,2565_0.6_1.17.png,173,1197,548,3,58
train_inner,2566_0.98_1.33.png,765,936,567,3,113
train_inner,2568_0.6_1.1.png,177,1302,563,10,56
train_inner,2569_0.51_1.46.png,415,1038,472,105,92
train_inner,256_0.94_1.27.png,2472,373,392,2,36
train_inner,2571_0.85_1.0.png,324,681,200,1,26
train_inner,2573_0.84_1.04.png,824,1046,180,0,37
train_inner,2575_0.53_1.08.png,325,1088,295,0,37
train_inner,2576_0.85_1.81.png,1108,739,335,1,114
train_inner,2577_0.96_0.78.png,252,507,823,22,331
train_inner,2578_0.79_1.18.png,774,471,802,12,217
train_inner,2579_0.77_0.86.png,387,695,643,7,123
train_inner,257_0.75_0.54.png,921,1105,1994,8,1195
train_inner,2580_0.77_1.33.png,901,458,810,6,247
train_inner,2582_0.53_1.64.png,272,565,836,4,62
train_inner,2583_0.66_0.66.png,10,2032,1109,0,41
train_inner,2584_0.84_1.66.png,1271,236,662,72,215
train_inner,2585_0.76_1.09.png,97,1502,462,0,39
train_inner,2586_0.65_1.77.png,231,570,619,19,109
train_inner,2587_0.67_1.68.png,234,590,639,17,116
train_inner,2588_0.7_1.03.png,115,1698,618,4,40
train_inner,258_0.79_1.8.png,2415,12,388,73,293
train_inner,2590_0.91_1.28.png,919,538,426,15,35
train_inner,2592_0.73_0.67.png,352,1292,568,6,36
train_inner,2593_0.64_0.67.png,209,1925,855,9,106
train_inner,2594_0.65_1.7.png,807,844,876,15,140
train_inner,2595_0.76_0.72.png,308,1537,639,6,64
train_inner,2597_0.99_1.21.png,127,1546,610,12,64
train_inner,2598_0.78_1.6.png,78,1939,348,0,29
train_inner,2599_0.94_1.0.png,54,1962,487,0,26
train_inner,2600_0.72_0.68.png,14,3684,153,0,3
train_inner,2601_0.9_1.5.png,561,145,161,14,2
train_inner,2602_0.79_0.82.png,214,810,627,24,34
train_inner,2603_0.94_1.62.png,618,133,107,6,2
train_inner,2604_0.54_1.12.png,464,405,1007,33,292
train_inner,2605_0.59_0.7.png,136,534,948,3,145
train_inner,2606_0.59_0.6.png,73,884,1014,0,151
train_inner,2607_1.0_0.53.png,396,1540,561,16,64
train_inner,2609_0.89_1.63.png,800,167,340,49,58
train_inner,260_0.65_1.07.png,1450,374,981,35,563
train_inner,2610_0.81_1.15.png,321,487,375,27,59
train_inner,2611_0.79_0.73.png,109,1022,321,16,61
train_inner,2613_0.76_1.52.png,689,178,279,51,18
train_inner,2615_0.61_1.0.png,217,435,905,58,78
train_inner,2616_0.96_0.99.png,444,250,185,7,6
train_inner,2617_0.73_0.82.png,418,957,701,0,155
train_inner,2618_0.53_1.46.png,238,706,965,1,258
train_inner,2619_0.78_1.48.png,901,606,585,14,268
train_inner,2620_0.76_1.26.png,764,662,629,9,262
train_inner,2621_0.76_1.88.png,948,629,663,10,268
train_inner,2622_0.82_1.18.png,545,959,794,3,312
train_inner,2623_0.96_1.38.png,1086,619,539,2,273
train_inner,2624_0.86_0.85.png,406,1231,945,5,380
train_inner,2627_0.78_1.93.png,978,657,641,12,107
train_inner,2629_0.52_1.35.png,808,323,1608,176,985
train_inner,262_0.94_1.35.png,2699,15,179,47,152
train_inner,2630_0.93_0.96.png,1183,397,196,13,46
train_inner,2631_0.81_1.01.png,1014,417,352,23,188
train_inner,2633_0.63_0.74.png,27,2080,1565,2,310
train_inner,2634_1.0_0.86.png,396,1408,933,10,332
train_inner,2636_0.8_1.94.png,752,1255,912,20,143
train_inner,2637_0.97_1.92.png,1528,427,389,70,47
train_inner,2638_0.62_1.93.png,1124,319,757,66,165
train_inner,2639_0.74_1.16.png,458,1077,523,11,66
train_inner,263_0.79_1.99.png,2184,399,831,62,120
train_inner,2640_0.7_1.13.png,359,1149,520,11,66
train_inner,2642_0.86_1.21.png,768,856,1031,12,187
train_inner,2643_0.94_1.45.png,795,610,512,13,62
train_inner,2644_0.85_0.81.png,499,1159,1233,17,267
train_inner,2645_0.78_0.85.png,450,716,1134,19,58
train_inner,2647_0.91_1.62.png,935,621,805,8,308
train_inner,2648_0.66_1.92.png,855,1042,871,9,74
train_inner,2649_0.59_0.63.png,112,1592,1164,0,93
train_inner,264_0.8_1.72.png,1991,463,907,71,138
train_inner,2650_0.65_0.93.png,416,1365,637,59,126
train_inner,2651_0.74_1.04.png,415,1521,542,27,40
train_inner,2654_0.88_1.25.png,306,1748,443,16,57
train_inner,2655_0.53_0.87.png,122,2617,934,37,118
train_inner,2656_0.85_0.67.png,130,2145,723,24,70
train_inner,2657_0.81_1.67.png,1230,82,325,71,121
train_inner,2658_0.78_1.47.png,1040,95,342,29,152
train_inner,2659_0.63_0.92.png,325,566,656,9,75
train_inner,265_0.84_1.28.png,2593,66,337,88,161
train_inner,2660_0.52_1.75.png,936,106,852,123,201
train_inner,2661_0.7_1.8.png,1192,63,140,39,14
train_inner,2662_0.71_1.19.png,565,243,329,24,114
train_inner,2664_0.64_0.83.png,172,509,649,6,266
train_inner,2666_0.65_1.42.png,674,473,992,0,336
train_inner,2667_0.94_1.11.png,846,852,714,14,221
train_inner,2668_0.91_1.54.png,1105,635,631,29,168
train_inner,2669_0.51_1.79.png,1035,185,176,38,54
train_inner,266_0.78_1.16.png,2301,92,504,105,207
train_inner,2670_0.93_1.49.png,1082,558,131,10,0
train_inner,2671_0.88_1.49.png,1052,580,128,8,3
train_inner,2672_0.53_1.63.png,887,220,168,43,44
train_inner,2673_0.77_1.49.png,310,1366,680,7,179
train_inner,2675_0.77_1.71.png,404,1185,629,8,123
train_inner,2676_0.59_0.95.png,105,1630,1612,43,652
train_inner,2677_0.78_0.96.png,364,515,580,8,66
train_inner,2678_0.66_1.48.png,728,159,339,15,102
train_inner,2679_0.72_1.97.png,1074,135,261,5,67
train_inner,267_0.59_0.62.png,1131,421,1598,12,1094
train_inner,2681_0.55_0.54.png,29,891,2393,0,219
train_inner,2683_0.64_0.93.png,115,460,2033,13,198
train_inner,2684_0.56_0.96.png,146,595,1749,13,185
train_inner,2685_0.69_1.42.png,1032,429,314,14,109
train_inner,2686_0.69_1.44.png,1029,428,302,32,104
train_inner,2688_0.87_1.2.png,1565,663,407,16,98
train_inner,2689_0.55_1.4.png,519,204,282,43,124
train_inner,2690_0.97_1.47.png,607,146,163,17,42
train_inner,2691_0.59_0.72.png,99,425,209,0,56
train_inner,2692_0.71_1.87.png,787,138,163,46,39
train_inner,2694_0.95_0.54.png,65,2610,269,2,13
train_inner,2695_0.53_1.16.png,165,1974,397,6,48
train_inner,2697_0.88_1.15.png,173,960,417,6,39
train_inner,2698_0.98_1.85.png,577,522,325,17,42
train_inner,2699_0.92_1.48.png,265,848,267,6,41
train_inner,269_0.6_1.75.png,2862,34,59,0,0
train_inner,26_0.91_0.86.png,1856,24,1406,125,1323
train_inner,2701_0.74_0.54.png,59,2736,486,0,16
train_inner,2702_0.74_0.63.png,120,2437,614,9,22
train_inner,2706_0.75_1.9.png,419,520,134,0,47
train_inner,2709_0.51_0.52.png,107,1119,466,0,94
train_inner,270_0.91_1.74.png,2962,12,93,6,10
train_inner,2711_0.69_1.62.png,516,32,170,44,105
train_inner,2713_0.86_1.67.png,996,254,204,0,56
train_inner,2715_0.89_1.78.png,1403,219,172,0,52
train_inner,2716_0.62_1.67.png,751,194,595,43,230
train_inner,2717_0.97_0.78.png,455,1010,630,27,52
train_inner,2718_0.63_0.79.png,196,1259,997,11,68
train_inner,2719_0.8_1.91.png,890,444,710,16,38
train_inner,271_0.75_1.92.png,3161,13,121,36,23
train_inner,2720_0.55_1.41.png,602,414,653,68,97
train_inner,2721_0.61_1.73.png,1055,431,684,60,122
train_inner,2722_0.85_0.56.png,461,1126,997,61,224
train_inner,2723_0.58_0.94.png,461,931,938,30,150
train_inner,2724_0.83_1.93.png,1513,186,421,93,209
train_inner,2725_0.73_0.5.png,73,2683,684,1,83
train_inner,2726_0.58_1.33.png,539,509,685,47,196
train_inner,2727_0.84_0.56.png,144,2363,607,7,77
train_inner,2728_0.84_1.29.png,618,1233,351,14,27
train_inner,2729_0.71_1.51.png,1400,449,729,106,48
train_inner,272_0.51_1.57.png,2549,0,0,0,0
train_inner,2730_0.75_1.79.png,1616,405,737,171,86
train_inner,2731_0.92_1.46.png,1419,577,883,114,244
train_inner,2732_0.7_1.41.png,1522,460,737,126,81
train_inner,2733_0.56_1.8.png,817,248,559,41,116
train_inner,2734_0.94_0.69.png,884,1582,736,36,133
train_inner,2735_0.59_1.44.png,681,380,552,32,131
train_inner,2736_0.57_1.81.png,848,227,536,44,137
train_inner,2737_0.51_0.6.png,56,2025,1229,1,373
train_inner,2738_0.64_1.94.png,699,851,609,48,90
train_inner,273_0.75_1.31.png,2133,95,446,97,339
train_inner,2740_0.93_1.53.png,528,1496,490,29,75
train_inner,2741_0.63_1.66.png,1390,226,423,48,94
train_inner,2742_0.91_1.41.png,1192,955,865,57,207
train_inner,2743_0.85_1.38.png,1096,686,969,148,277
train_inner,2745_0.86_1.94.png,1041,858,715,97,154
train_inner,2746_0.97_1.1.png,674,1539,784,24,109
train_inner,2748_0.57_0.6.png,48,2105,754,0,130
train_inner,2749_0.89_1.8.png,911,857,1179,93,159
train_inner,274_0.88_1.73.png,2281,11,213,111,145
train_inner,2750_0.71_0.88.png,143,1623,1305,23,213
train_inner,2751_0.51_0.98.png,282,1138,791,3,102
train_inner,2752_0.67_1.27.png,481,661,867,22,228
train_inner,2753_0.9_1.03.png,1122,790,784,12,236
train_inner,2755_0.99_0.79.png,2624,0,1504,188,1459
train_inner,2756_0.92_1.11.png,1435,729,721,27,251
train_inner,2757_0.77_0.72.png,477,742,844,14,328
train_inner,2758_0.51_1.22.png,679,468,784,60,204
train_inner,275_0.96_1.64.png,2233,0,211,131,149
train_inner,2760_0.98_0.95.png,1725,793,404,117,70
train_inner,2761_0.56_0.8.png,210,1610,828,5,133
train_inner,2762_0.59_1.16.png,506,1148,896,7,233
train_inner,2764_0.85_1.06.png,448,1448,1328,3,165
train_inner,2765_0.99_1.15.png,624,1581,1051,22,201
train_inner,2766_0.95_0.73.png,257,2183,1052,4,208
train_inner,2768_1.0_1.26.png,718,1438,1073,31,219
train_inner,276_0.52_0.95.png,516,608,1802,1,1277
train_inner,2770_0.77_1.63.png,513,1112,1181,36,251
train_inner,2772_0.6_1.66.png,513,1247,1011,51,223
train_inner,2773_0.7_0.71.png,651,650,1053,81,579
train_inner,2774_0.98_0.56.png,1245,544,366,24,34
train_inner,2776_0.64_1.73.png,1821,410,526,221,309
train_inner,2777_0.92_1.3.png,1125,659,525,20,112
train_inner,2778_0.58_1.79.png,852,892,987,28,167
train_inner,277_0.92_0.83.png,1610,549,1014,13,231
train_inner,2780_0.82_0.68.png,449,1384,1016,1,211
train_inner,2781_0.6_1.1.png,685,1136,1430,205,741
train_inner,2782_0.87_0.69.png,1127,1032,874,18,202
train_inner,2785_0.69_1.99.png,842,1144,935,100,418
train_inner,2787_0.55_1.38.png,268,1401,1293,31,217
train_inner,2788_0.73_1.62.png,759,1235,897,54,330
train_inner,2789_0.9_0.74.png,60,1176,182,0,29
train_inner,278_0.98_0.65.png,1015,1146,1119,0,421
train_inner,2793_0.73_0.79.png,67,724,323,1,33
train_inner,2795_0.97_0.75.png,483,315,267,11,87
train_inner,2796_0.8_1.44.png,1054,146,171,12,57
train_inner,2797_0.69_0.58.png,12,1410,2389,0,783
train_inner,2798_0.77_1.6.png,1796,58,958,86,655
train_inner,2799_0.58_0.59.png,6,1639,2388,0,278
train_inner,279_0.52_1.53.png,1173,93,1436,20,1095
train_inner,27_0.89_0.7.png,1581,143,1557,27,1350
train_inner,2801_0.81_1.57.png,1146,481,2156,173,1486
train_inner,2802_0.94_1.89.png,2236,226,881,68,382
train_inner,2803_0.88_0.78.png,298,1161,2521,4,1214
train_inner,2804_0.51_1.83.png,1269,154,891,56,336
train_inner,2805_0.99_0.74.png,159,2568,1378,57,333
train_inner,2806_0.61_1.73.png,129,3244,666,55,153
train_inner,2808_0.54_1.91.png,227,1414,2381,21,77
train_inner,280_0.8_1.72.png,3471,17,177,52,61
train_inner,2810_0.92_1.07.png,1012,947,636,57,43
train_inner,2811_0.76_1.19.png,619,1185,1111,32,156
train_inner,2812_0.56_1.93.png,461,1501,1658,82,414
train_inner,2813_0.71_1.07.png,354,876,579,13,91
train_inner,2814_0.59_1.03.png,188,1606,715,6,67
train_inner,2815_0.54_0.81.png,104,1935,1302,7,301
train_inner,2816_0.98_1.25.png,1287,367,458,23,99
train_inner,2817_0.68_1.71.png,1510,527,897,7,468
train_inner,2818_0.7_1.02.png,871,1116,859,3,243
train_inner,2819_0.97_0.52.png,655,1052,1229,2,438
train_inner,2821_0.92_1.5.png,2615,100,180,18,70
train_inner,2822_0.83_0.63.png,575,461,417,8,99
train_inner,2823_0.69_0.64.png,284,815,752,7,106
train_inner,2824_0.6_0.54.png,180,1304,1544,0,116
train_inner,2825_0.98_0.83.png,619,930,691,56,79
train_inner,2826_0.56_1.05.png,216,1952,792,10,126
train_inner,2829_0.7_0.68.png,120,2682,939,8,78
train_inner,2830_0.75_1.22.png,343,1836,831,16,130
train_inner,2831_0.91_0.62.png,358,2057,978,18,235
train_inner,2832_0.52_0.53.png,53,2547,1415,1,221
train_inner,2833_0.66_0.5.png,126,1996,886,0,198
train_inner,2834_0.7_1.05.png,960,767,924,6,281
train_inner,2835_0.84_0.58.png,653,907,796,4,145
train_inner,2836_0.86_1.64.png,2177,348,817,58,347
train_inner,2837_0.85_0.64.png,273,1628,1558,9,133
train_inner,2838_0.73_1.29.png,336,1393,1049,17,170
train_inner,2839_0.87_1.68.png,1187,664,855,74,319
train_inner,2840_0.79_0.79.png,249,1981,1086,4,127
train_inner,2841_0.6_1.33.png,1118,1622,509,11,128
train_inner,2842_0.9_1.38.png,1411,882,566,6,51
train_inner,2846_0.54_1.41.png,250,800,1916,25,233
train_inner,2847_0.67_0.53.png,78,2044,1346,1,229
train_inner,2848_0.64_1.91.png,873,233,1241,96,584
train_inner,2849_0.55_1.18.png,636,275,673,65,242
train_inner,284_0.57_0.69.png,1573,287,684,0,259
train_inner,2850_0.78_1.51.png,1709,185,327,24,161
train_inner,2851_0.6_1.41.png,992,145,483,70,256
train_inner,2852_0.56_0.74.png,362,951,889,1,136
train_inner,2853_0.97_1.52.png,552,412,396,32,50
train_inner,2854_0.79_1.87.png,506,486,430,21,43
train_inner,2855_0.6_1.15.png,354,680,539,15,55
train_inner,2856_0.88_1.68.png,484,472,421,25,39
train_inner,2857_0.7_1.15.png,461,1413,406,2,66
train_inner,2858_0.6_1.11.png,337,1626,659,20,97
train_inner,2859_0.64_1.61.png,622,879,547,1,49
train_inner,285_0.79_0.85.png,670,585,2098,107,1478
train_inner,2860_0.92_0.66.png,206,1581,468,1,98
train_inner,2861_0.72_1.38.png,729,143,1672,69,898
train_inner,2863_0.96_0.62.png,331,773,1064,10,363
train_inner,2864_0.5_1.92.png,2056,10,1612,167,1460
train_inner,2865_0.65_0.7.png,57,2084,749,0,101
train_inner,2866_0.62_1.51.png,343,946,1366,0,286
train_inner,2867_0.81_1.2.png,459,903,833,0,266
train_inner,2868_0.72_1.69.png,747,680,1098,0,378
train_inner,2869_0.8_0.83.png,381,626,1468,13,329
train_inner,286_0.98_1.98.png,2784,5,3,36,0
train_inner,2870_0.82_1.39.png,1487,200,434,77,249
train_inner,2871_0.76_1.43.png,1538,171,609,83,357
train_inner,2873_0.61_1.84.png,898,445,1509,107,163
train_inner,2874_0.53_1.21.png,195,2140,699,8,76
train_inner,2875_0.87_1.33.png,894,484,929,24,77
train_inner,2876_0.56_0.8.png,137,2582,746,3,102
train_inner,2878_0.94_1.32.png,701,581,1651,68,962
train_inner,2879_0.85_0.85.png,297,964,2365,11,1040
train_inner,287_0.9_0.63.png,533,535,2345,20,1682
train_inner,2880_0.9_0.87.png,289,1104,1882,10,670
train_inner,2881_0.58_1.16.png,211,853,1923,21,433
train_inner,2882_0.8_0.68.png,238,1561,1239,11,247
train_inner,2883_0.9_0.76.png,406,1255,1105,9,449
train_inner,2885_0.97_1.56.png,1760,452,174,2,16
train_inner,2886_0.56_1.65.png,919,309,669,97,113
train_inner,2887_0.88_0.77.png,787,699,225,29,37
train_inner,2888_0.93_0.59.png,547,811,253,25,35
train_inner,2889_0.82_0.62.png,150,2652,958,4,77
train_inner,2890_0.79_1.15.png,263,1751,1729,9,775
train_inner,2891_0.75_1.3.png,332,1616,1855,18,881
train_inner,2892_0.76_0.56.png,31,3049,783,0,58
train_inner,2893_0.66_0.92.png,247,2478,1209,80,229
train_inner,2894_0.56_1.76.png,440,1892,1288,47,226
train_inner,2895_0.96_0.95.png,416,1666,1215,12,176
train_inner,2897_0.75_1.35.png,1772,41,434,79,252
train_inner,2898_0.74_1.2.png,1564,64,490,71,293
train_inner,289_0.83_1.16.png,1431,175,744,18,418
train_inner,2900_0.61_1.22.png,1352,77,865,87,456
train_inner,2902_0.53_1.49.png,163,1684,1850,30,360
train_inner,2903_0.67_0.55.png,57,2050,1864,0,538
train_inner,2904_0.97_0.81.png,991,776,1560,14,537
train_inner,2906_0.79_0.86.png,294,1385,1847,5,687
train_inner,2907_0.54_1.75.png,803,761,2093,52,1068
train_inner,2908_0.67_0.96.png,231,1752,1839,1,574
train_inner,2909_0.91_1.44.png,917,372,459,10,81
train_inner,290_0.6_1.14.png,1359,47,610,23,310
train_inner,2910_0.56_1.62.png,423,263,861,56,268
train_inner,2911_0.55_1.26.png,271,565,1016,36,210
train_inner,2912_0.99_0.95.png,872,528,395,20,74
train_inner,2913_0.93_1.38.png,881,625,344,38,43
train_inner,2914_0.61_1.26.png,549,492,813,125,285
train_inner,2915_0.93_1.21.png,804,660,389,36,61
train_inner,2917_0.55_0.86.png,668,658,1710,19,439
train_inner,2919_0.84_0.65.png,1313,725,963,6,227
train_inner,291_0.53_1.8.png,3098,2,124,17,93
train_inner,2920_0.55_1.67.png,1354,330,1250,181,287
train_inner,2921_0.85_1.88.png,782,777,2111,96,917
train_inner,2922_0.61_1.92.png,855,276,1381,106,757
train_inner,2923_0.53_0.64.png,35,2223,1307,3,133
train_inner,2924_0.9_1.28.png,505,1258,1870,69,769
train_inner,2925_0.64_1.85.png,2089,16,80,13,1
train_inner,2927_0.97_0.84.png,1687,90,51,12,0
train_inner,2929_0.56_0.77.png,48,1916,1344,0,303
train_inner,292_0.67_0.61.png,415,728,1484,0,867
train_inner,2930_0.83_1.16.png,1044,457,388,0,121
train_inner,2931_0.79_1.74.png,1693,338,347,0,113
train_inner,2932_0.9_0.96.png,747,476,452,0,110
train_inner,2933_0.98_1.9.png,1046,784,839,36,190
train_inner,2934_0.62_1.45.png,327,1327,2159,50,1009
train_inner,2935_0.62_0.71.png,81,1918,2053,3,658
train_inner,2936_0.98_1.9.png,1046,784,839,36,190
train_inner,2937_0.84_1.4.png,1121,248,318,50,21
train_inner,2938_0.98_1.56.png,1850,195,416,68,20
train_inner,2939_0.79_1.78.png,1766,75,244,104,52
train_inner,293_0.88_0.76.png,1121,268,1133,117,669
train_inner,2940_0.96_0.73.png,858,706,325,28,17
train_inner,2942_0.61_1.83.png,945,381,1500,83,323
train_inner,2943_0.94_1.06.png,1029,756,676,15,151
train_inner,2944_0.81_1.6.png,1251,523,594,25,152
train_inner,2945_0.82_1.27.png,985,401,1024,0,424
train_inner,2946_0.62_0.52.png,105,1324,2055,1,696
train_inner,2947_0.91_0.89.png,476,634,822,0,400
train_inner,2948_0.75_1.31.png,728,798,969,0,201
train_inner,2949_0.93_0.8.png,975,674,1185,90,525
train_inner,294_0.64_0.79.png,226,976,1828,12,472
train_inner,2950_0.52_1.03.png,108,1187,2430,56,719
train_inner,2951_0.89_1.67.png,1885,191,734,20,468
train_inner,2952_0.56_0.89.png,38,1496,2142,6,762
train_inner,2954_0.63_1.11.png,166,1848,1680,5,119
train_inner,2956_0.94_1.69.png,752,990,1252,16,325
train_inner,2957_0.86_1.61.png,1431,324,552,4,256
train_inner,2958_0.59_1.75.png,888,237,1809,70,1092
train_inner,2959_0.85_0.71.png,795,1086,1287,9,426
train_inner,295_0.59_0.87.png,495,599,1689,14,404
train_inner,2960_0.83_1.03.png,1065,723,973,3,357
train_inner,2961_0.62_0.84.png,845,1371,640,14,147
train_inner,2962_0.97_1.66.png,1565,352,704,28,220
train_inner,2964_0.89_1.68.png,1510,398,751,30,219
train_inner,2965_0.87_0.95.png,1289,334,1317,31,496
train_inner,2967_0.66_0.63.png,221,1458,2070,1,705
train_inner,2968_0.58_1.48.png,744,834,1848,9,680
train_inner,2969_0.52_1.69.png,1327,90,1783,388,1204
train_inner,296_0.57_0.78.png,511,480,1872,17,346
train_inner,2970_0.99_1.7.png,1881,429,338,21,38
train_inner,2971_0.86_1.96.png,2257,328,295,30,56
train_inner,2972_0.63_0.7.png,276,730,2211,4,1213
train_inner,2973_0.95_1.29.png,1744,121,383,126,196
train_inner,2974_0.69_1.66.png,1771,77,413,115,240
train_inner,2975_1.0_1.72.png,2167,86,294,164,156
train_inner,2976_0.85_1.34.png,1523,69,338,124,171
train_inner,2977_0.54_1.2.png,1653,56,449,89,207
train_inner,2979_0.89_0.81.png,2177,77,206,30,71
train_inner,297_0.85_0.87.png,2391,88,307,6,123
train_inner,2980_0.93_1.58.png,3000,40,89,15,14
train_inner,2981_0.57_1.84.png,1482,257,502,105,104
train_inner,2982_0.94_1.69.png,2007,411,107,9,18
train_inner,2983_0.92_1.19.png,1646,490,113,13,15
train_inner,2984_0.77_0.51.png,359,862,526,7,76
train_inner,2985_0.62_1.93.png,1621,431,434,18,115
train_inner,2986_0.78_1.67.png,1873,327,365,14,109
train_inner,2987_0.99_1.51.png,2329,228,390,19,197
train_inner,2988_0.73_1.8.png,1860,375,349,23,65
train_inner,2989_0.93_1.05.png,924,906,1004,21,438
train_inner,298_0.69_1.38.png,2989,7,384,17,198
train_inner,2990_0.59_1.61.png,1197,968,971,140,219
train_inner,2992_0.95_0.97.png,877,880,1061,16,476
train_inner,2993_0.97_1.09.png,1087,827,321,18,38
train_inner,2995_0.98_1.88.png,1991,422,390,47,59
train_inner,2997_0.78_0.54.png,603,968,1098,51,362
train_inner,2998_0.77_0.88.png,867,396,1024,26,242
train_inner,2999_0.57_1.33.png,1028,400,888,132,200
train_inner,29_0.91_1.09.png,2505,614,599,27,78
train_inner,2_0.59_1.95.png,2426,2,916,97,890
train_inner,3000_0.89_1.57.png,2059,210,366,36,34
train_inner,301_0.99_1.79.png,3748,105,165,24,98
train_inner,304_0.72_1.7.png,3504,77,432,51,160
train_inner,305_0.65_1.24.png,1964,249,725,10,258
train_inner,306_0.96_1.61.png,2583,15,218,1,157
train_inner,307_0.69_0.73.png,1074,676,1023,0,373
train_inner,308_0.73_0.91.png,1521,417,829,29,358
train_inner,30_0.69_1.52.png,3168,1,91,59,85
train_inner,310_0.68_0.53.png,312,727,1443,1,476
train_inner,311_0.68_1.57.png,2689,8,400,285,368
train_inner,312_0.97_0.58.png,332,942,607,2,159
train_inner,313_0.78_0.95.png,1167,35,437,5,307
train_inner,314_0.83_0.92.png,1214,55,402,2,278
train_inner,315_0.68_0.58.png,755,17,1838,0,1479
train_inner,316_0.94_1.76.png,2173,121,139,1,53
train_inner,317_0.72_1.67.png,2496,10,788,166,676
train_inner,318_0.57_0.87.png,1830,357,1330,0,368
train_inner,31_0.54_1.13.png,3399,1,368,92,342
train_inner,320_0.75_0.76.png,935,150,2090,11,1822
train_inner,321_0.53_0.51.png,1467,79,1945,0,1361
train_inner,322_0.52_0.78.png,1831,81,1727,56,1337
train_inner,323_0.99_0.62.png,397,791,2629,0,965
train_inner,324_0.73_1.62.png,1138,157,805,44,280
train_inner,327_0.89_1.58.png,1102,37,887,108,748
train_inner,328_0.97_1.45.png,1290,60,750,25,679
train_inner,329_0.57_1.97.png,2570,3,739,105,649
train_inner,32_0.73_1.01.png,3016,244,401,51,128
train_inner,330_0.59_1.02.png,888,20,1509,81,1443
train_inner,331_0.87_1.64.png,3316,4,276,27,243
train_inner,332_0.74_1.24.png,2600,23,726,25,664
train_inner,333_0.84_1.98.png,3449,45,392,20,77
train_inner,334_0.53_0.79.png,1314,137,1291,7,757
train_inner,335_0.73_1.53.png,2022,147,438,15,93
train_inner,336_0.8_0.74.png,379,825,382,0,289
train_inner,337_0.55_1.95.png,1667,26,149,53,43
train_inner,338_0.62_1.32.png,1883,20,132,28,56
train_inner,339_0.61_0.69.png,1645,39,320,28,159
train_inner,340_0.94_1.5.png,1845,133,388,44,79
train_inner,341_0.51_1.8.png,3222,6,334,107,214
train_inner,342_0.98_1.92.png,2385,163,199,8,75
train_inner,343_0.84_1.57.png,2683,0,875,219,859
train_inner,345_0.95_1.78.png,2207,0,425,122,408
train_inner,346_0.81_1.65.png,2260,45,670,88,523
train_inner,347_0.52_0.87.png,686,276,1686,28,1183
train_inner,348_0.85_0.6.png,924,474,1438,9,458
train_inner,350_0.61_0.85.png,2274,18,1382,25,934
train_inner,351_0.6_1.91.png,2991,0,465,10,451
train_inner,352_0.55_0.71.png,1730,11,1664,0,1310
train_inner,353_0.64_1.57.png,2291,26,194,21,65
train_inner,354_0.87_0.68.png,2281,55,467,9,274
train_inner,357_0.76_1.35.png,2457,24,765,55,402
train_inner,358_0.51_1.67.png,3098,5,113,23,26
train_inner,359_0.85_0.67.png,1400,733,1450,2,672
train_inner,35_0.97_0.83.png,1666,283,847,41,498
train_inner,360_0.91_1.7.png,2692,95,632,137,146
train_inner,362_0.89_1.57.png,2762,58,704,264,301
train_inner,364_0.81_1.57.png,2306,202,746,195,154
train_inner,366_0.67_1.2.png,845,103,547,7,232
train_inner,368_0.53_1.11.png,744,625,1086,29,368
train_inner,369_0.78_1.42.png,2274,45,906,232,676
train_inner,36_0.6_1.64.png,3137,5,773,115,748
train_inner,370_0.53_0.88.png,1972,384,1116,8,257
train_inner,371_0.85_1.28.png,2324,0,789,244,743
train_inner,372_0.85_0.74.png,2043,130,1189,50,641
train_inner,373_0.66_1.31.png,1280,146,231,4,36
train_inner,374_0.93_1.43.png,1805,97,1370,137,273
train_inner,375_0.89_0.71.png,674,247,1555,33,155
train_inner,376_0.72_1.61.png,1822,10,125,8,31
train_inner,378_0.69_1.33.png,2150,17,985,51,690
train_inner,379_0.78_0.78.png,483,102,1967,104,1697
train_inner,37_0.68_1.27.png,1197,548,1650,35,383
train_inner,380_0.72_1.62.png,2262,8,1092,74,821
train_inner,381_0.57_0.52.png,346,135,2919,0,2492
train_inner,384_0.87_0.82.png,865,78,606,0,388
train_inner,385_0.54_0.9.png,2144,10,1755,197,1606
train_inner,387_0.94_1.5.png,3810,0,28,33,4
train_inner,388_0.82_1.27.png,3750,2,46,33,19
train_inner,389_0.93_0.77.png,2322,75,559,8,342
train_inner,38_0.79_1.15.png,2158,152,1206,44,872
train_inner,390_0.53_0.96.png,404,141,1323,13,834
train_inner,391_0.7_1.28.png,2445,27,633,50,433
train_inner,392_0.54_0.67.png,61,371,2055,1,732
train_inner,393_0.58_1.77.png,1877,38,363,115,212
train_inner,394_0.77_1.13.png,1315,132,1022,270,616
train_inner,395_0.5_1.02.png,2024,215,1036,239,591
train_inner,396_0.62_1.94.png,1827,30,317,101,196
train_inner,397_0.92_1.2.png,2217,238,620,49,317
train_inner,398_0.74_1.43.png,1938,167,915,53,406
train_inner,399_0.91_1.91.png,2739,117,458,53,246
train_inner,39_0.85_1.11.png,2782,136,396,18,257
train_inner,3_0.88_1.73.png,3251,52,441,72,296
train_inner,401_1.0_1.69.png,3524,4,99,122,29
train_inner,402_0.54_1.36.png,2774,104,801,9,353
train_inner,403_0.77_1.7.png,2632,9,1237,366,849
train_inner,404_0.82_1.92.png,3664,1,312,270,196
train_inner,405_0.62_0.68.png,996,102,162,7,8
train_inner,406_0.63_0.99.png,1896,25,96,16,6
train_inner,408_0.9_0.87.png,1987,41,28,1,1
train_inner,409_0.87_1.96.png,3044,0,295,17,295
train_inner,40_0.65_1.78.png,1203,313,1352,71,564
train_inner,410_0.96_1.32.png,2653,0,494,0,494
train_inner,411_0.78_1.03.png,1806,60,1008,8,778
train_inner,412_0.53_1.77.png,2963,0,899,49,790
train_inner,413_0.96_1.25.png,1670,336,634,88,474
train_inner,415_0.69_1.6.png,1674,43,1687,280,1502
train_inner,416_0.76_0.72.png,416,323,2620,109,2181
train_inner,417_0.87_1.47.png,1931,205,1105,57,392
train_inner,418_0.66_0.66.png,406,946,1392,16,563
train_inner,419_0.74_1.36.png,1424,433,948,75,645
train_inner,41_0.52_1.57.png,3172,0,330,131,211
train_inner,420_0.54_1.64.png,1205,405,990,56,431
train_inner,421_0.56_1.28.png,1427,79,1405,164,1213
train_inner,422_0.82_1.34.png,2024,1,847,53,818
train_inner,424_0.63_1.0.png,767,141,1914,136,1425
train_inner,425_0.89_1.0.png,2012,360,351,3,54
train_inner,426_0.75_1.86.png,2940,0,286,116,271
train_inner,427_0.64_1.21.png,2559,31,233,35,144
train_inner,428_0.98_0.92.png,2152,153,472,10,61
train_inner,429_0.66_1.55.png,1414,234,1990,0,1404
train_inner,42_0.82_1.79.png,3008,0,393,84,358
train_inner,430_0.75_1.46.png,2002,163,1699,8,1167
train_inner,431_0.76_1.15.png,1555,115,2048,2,1430
train_inner,432_0.93_0.96.png,2650,219,789,20,270
train_inner,433_0.62_1.02.png,1468,16,2380,22,1915
train_inner,434_0.76_1.58.png,4002,0,9,78,8
train_inner,435_0.58_1.68.png,2943,24,423,141,208
train_inner,436_0.62_1.79.png,3303,0,203,127,164
train_inner,437_0.87_0.76.png,2873,106,119,0,42
train_inner,438_0.58_0.61.png,1271,21,249,1,153
train_inner,43_0.92_1.86.png,3338,16,221,79,194
train_inner,441_0.78_0.66.png,771,4,971,182,861
train_inner,442_0.83_1.12.png,1552,1,576,211,540
train_inner,443_0.57_0.87.png,736,7,722,180,639
train_inner,444_0.78_0.52.png,498,18,1278,136,1152
train_inner,445_0.81_1.45.png,3426,54,149,1,31
train_inner,447_0.67_1.02.png,1636,805,939,0,218
train_inner,448_0.97_1.07.png,2768,27,84,0,18
train_inner,44_0.62_1.76.png,2835,46,531,84,339
train_inner,450_0.79_1.75.png,2006,11,243,4,137
train_inner,451_0.68_1.78.png,1554,66,177,4,80
train_inner,452_0.51_0.55.png,274,1353,1285,2,37
train_inner,453_0.76_1.67.png,2620,21,638,104,341
train_inner,456_0.84_1.7.png,2839,1,540,116,270
train_inner,457_0.66_0.95.png,447,774,1639,1,570
train_inner,458_0.92_1.89.png,2218,0,180,63,180
train_inner,45_0.57_1.81.png,2832,0,94,2,57
train_inner,460_0.74_1.47.png,1181,418,1039,11,560
train_inner,461_0.69_1.94.png,2954,0,1168,334,1099
train_inner,462_0.65_1.65.png,2148,0,1948,129,1856
train_inner,463_0.57_0.69.png,556,48,3019,21,2167
train_inner,464_0.71_1.41.png,2445,1,1639,195,1560
train_inner,465_0.97_1.62.png,3226,0,165,5,152
train_inner,466_0.7_1.58.png,3580,0,23,0,23
train_inner,467_0.75_1.41.png,3427,0,74,0,58
train_inner,468_0.56_1.55.png,3198,0,901,50,887
train_inner,469_0.67_1.87.png,1846,20,756,62,512
train_inner,46_0.63_1.99.png,2965,0,76,5,42
train_inner,472_0.68_1.63.png,1560,83,1075,45,705
train_inner,473_0.55_0.65.png,414,14,3653,0,3451
train_inner,474_0.56_1.28.png,2325,5,1114,68,1010
train_inner,475_0.64_1.59.png,2805,4,457,77,308
train_inner,476_0.69_0.56.png,541,48,3394,0,2953
train_inner,477_0.53_0.7.png,831,18,1906,106,1699
train_inner,478_0.53_0.59.png,712,33,2003,26,1851
train_inner,47_0.86_1.82.png,2651,18,533,195,362
train_inner,480_0.96_1.82.png,2329,0,100,43,89
train_inner,481_0.63_1.77.png,2563,122,819,38,300
train_inner,482_0.6_1.17.png,2202,147,981,0,406
train_inner,485_0.61_0.65.png,1227,0,2564,0,1956
train_inner,486_0.63_1.41.png,3850,0,259,43,117
train_inner,487_0.51_1.74.png,3485,27,616,105,425
train_inner,488_0.53_1.25.png,2999,0,1130,122,1049
train_inner,489_0.98_1.77.png,3028,71,172,3,48
train_inner,48_0.99_1.45.png,2141,307,462,27,108
train_inner,491_0.85_0.78.png,1699,113,464,0,90
train_inner,493_0.69_1.39.png,2624,7,431,0,397
train_inner,494_0.54_1.59.png,2810,8,466,0,418
train_inner,495_0.89_1.26.png,2268,7,410,0,378
train_inner,496_0.74_0.69.png,793,50,1063,0,945
train_inner,497_0.97_1.43.png,3501,3,7,59,0
train_inner,498_0.79_0.89.png,1890,379,289,21,84
train_inner,499_0.82_1.71.png,3491,0,16,36,0
train_inner,49_0.58_1.42.png,2091,2,265,26,222
train_inner,500_0.56_0.68.png,1170,1186,1426,4,531
train_inner,501_0.99_0.7.png,1264,33,673,38,413
train_inner,502_0.56_1.0.png,2473,6,440,89,352
train_inner,503_0.53_1.35.png,3041,0,393,122,314
train_inner,504_0.77_1.55.png,2654,2,298,164,284
train_inner,505_0.55_0.89.png,2224,263,1128,57,642
train_inner,506_0.58_1.19.png,2263,168,1074,227,654
train_inner,509_0.63_1.2.png,1051,33,170,8,28
train_inner,510_0.57_0.99.png,405,195,205,3,43
train_inner,511_0.74_0.58.png,464,341,667,0,341
train_inner,512_0.71_0.63.png,375,364,555,0,350
train_inner,513_0.64_0.75.png,806,436,1234,0,716
train_inner,514_0.62_1.93.png,2455,124,448,21,214
train_inner,515_0.65_1.88.png,2096,154,716,25,378
train_inner,516_0.68_1.23.png,1932,116,1219,20,806
train_inner,518_0.95_1.66.png,3343,7,302,11,234
train_inner,519_0.6_1.02.png,1503,434,993,3,401
train_inner,51_0.68_1.74.png,2657,0,383,174,233
train_inner,520_0.79_0.94.png,2468,103,453,5,284
train_inner,521_0.93_1.49.png,3433,2,50,4,16
train_inner,522_0.87_1.68.png,3494,6,53,12,12
train_inner,523_0.92_1.59.png,3562,2,44,11,11
train_inner,524_0.95_0.72.png,2555,14,346,15,110
train_inner,526_0.85_0.81.png,1041,149,1668,140,1367
train_inner,527_0.83_1.89.png,2786,155,579,13,180
train_inner,528_0.63_0.99.png,2127,309,890,31,144
train_inner,529_0.86_1.04.png,1349,183,1373,139,1178
train_inner,52_0.54_1.25.png,1969,6,311,18,275
train_inner,530_0.9_0.71.png,1109,248,1550,131,1278
train_inner,532_0.9_0.52.png,672,311,1767,141,1411
train_inner,534_0.97_1.03.png,1158,40,289,40,130
train_inner,536_0.73_1.23.png,1250,146,1080,133,609
train_inner,537_0.67_1.66.png,1982,23,371,1,358
train_inner,538_0.92_1.61.png,2688,0,22,7,22
train_inner,539_0.68_1.03.png,1779,63,549,0,540
train_inner,53_0.65_1.38.png,2432,862,550,36,117
train_inner,541_0.62_1.42.png,3547,10,179,56,47
train_inner,543_0.51_0.66.png,796,307,2627,3,956
train_inner,544_0.73_1.09.png,3315,15,197,36,62
train_inner,545_0.7_0.92.png,842,138,2440,85,1852
train_inner,546_0.73_0.63.png,311,275,2776,1,1832
train_inner,548_0.9_0.76.png,733,282,2235,67,1334
train_inner,549_0.75_0.59.png,361,314,2875,4,856
train_inner,54_0.69_1.86.png,2473,647,647,8,116
train_inner,550_0.89_1.85.png,3553,13,228,25,120
train_inner,552_0.77_0.73.png,984,112,2480,13,911
train_inner,553_0.57_1.35.png,1427,429,1074,116,426
train_inner,554_0.79_1.51.png,2192,23,519,25,447
train_inner,555_0.6_1.31.png,1759,212,1096,170,527
train_inner,557_0.89_1.35.png,2199,1,497,177,253
train_inner,558_0.54_1.34.png,2100,74,369,127,154
train_inner,559_0.81_1.51.png,2200,54,210,60,18
train_inner,55_0.95_1.7.png,2281,111,66,0,21
train_inner,560_0.75_1.98.png,2820,49,159,43,5
train_inner,561_0.77_0.8.png,1226,513,1567,101,878
train_inner,562_0.93_1.27.png,1799,103,1502,110,866
train_inner,563_0.58_1.44.png,2144,161,357,59,123
train_inner,564_0.52_1.02.png,1802,223,436,53,175
train_inner,566_0.6_1.1.png,1534,492,1608,0,472
train_inner,567_0.99_1.93.png,2440,0,114,50,105
train_inner,568_0.84_1.2.png,1478,12,891,25,778
train_inner,569_0.9_0.92.png,586,177,1209,87,954
train_inner,56_0.78_1.27.png,2355,327,1021,72,160
train_inner,570_0.79_1.59.png,1694,34,939,115,824
train_inner,571_0.74_0.89.png,760,195,1405,13,1059
train_inner,572_0.78_1.08.png,1091,120,1209,79,957
train_inner,573_0.78_1.94.png,2744,8,550,11,473
train_inner,577_0.51_0.99.png,2123,120,667,73,222
train_inner,578_0.73_1.04.png,1279,66,310,0,98
train_inner,579_0.69_1.44.png,2134,44,228,4,76
train_inner,57_0.61_1.69.png,2783,32,630,260,473
train_inner,580_0.67_1.03.png,1303,37,434,7,131
train_inner,582_0.98_0.77.png,2131,145,353,0,102
train_inner,583_0.58_1.41.png,3228,36,307,2,37
train_inner,584_0.79_1.9.png,3585,0,177,29,170
train_inner,586_0.56_1.23.png,1817,78,977,218,754
train_inner,587_0.8_0.51.png,425,400,2047,0,1417
train_inner,588_0.66_1.55.png,2510,83,607,227,394
train_inner,589_0.91_1.61.png,2636,227,271,113,115
train_inner,58_0.53_0.53.png,566,410,2073,0,1410
train_inner,591_0.83_0.96.png,1243,1276,932,2,431
train_inner,592_0.61_0.98.png,311,392,3107,0,1860
train_inner,594_0.81_0.51.png,1279,291,1100,0,443
train_inner,597_0.55_0.65.png,89,1894,766,0,73
train_inner,598_0.8_1.09.png,1280,113,959,21,691
train_inner,599_0.86_1.4.png,1713,27,672,14,545
train_inner,5_0.5_0.89.png,1720,136,1319,7,597
train_inner,600_0.89_1.63.png,1899,14,550,20,432
train_inner,601_0.81_1.29.png,2688,0,131,0,129
train_inner,602_0.76_1.57.png,3015,0,63,0,63
train_inner,604_0.92_1.7.png,2470,0,151,0,151
train_inner,606_0.54_1.08.png,2209,81,1484,11,862
train_inner,607_0.88_0.73.png,2742,247,665,1,384
train_inner,608_0.55_1.73.png,2336,23,905,5,651
train_inner,60_0.58_1.79.png,2846,6,510,279,400
train_inner,610_0.58_0.89.png,1445,149,1387,138,521
train_inner,611_0.99_1.33.png,1992,55,430,41,169
train_inner,612_0.78_0.9.png,1910,118,733,63,479
train_inner,613_0.54_0.81.png,225,601,614,3,252
train_inner,615_0.76_1.49.png,1932,0,39,11,24
train_inner,616_0.88_1.72.png,2534,12,282,73,62
train_inner,617_0.73_1.62.png,3063,95,558,20,75
train_inner,619_0.59_1.76.png,3115,2,230,97,179
train_inner,620_0.78_1.73.png,3137,51,586,18,160
train_inner,621_0.65_0.87.png,2227,341,1280,48,461
train_inner,622_0.86_1.34.png,2699,124,718,28,91
train_inner,623_0.53_1.27.png,2236,140,1171,16,698
train_inner,625_0.67_1.79.png,2680,12,1139,90,1084
train_inner,626_0.66_1.13.png,2304,28,1569,8,1479
train_inner,627_0.51_0.54.png,201,805,2801,0,830
train_inner,628_0.64_1.31.png,2441,23,1322,22,1235
train_inner,629_0.69_0.63.png,1554,147,1249,30,826
train_inner,62_0.93_1.08.png,1143,581,689,3,381
train_inner,630_0.77_1.56.png,2877,17,486,103,414
train_inner,631_0.94_0.86.png,1666,188,740,11,277
train_inner,632_0.91_1.4.png,2820,3,293,36,247
train_inner,633_0.67_1.53.png,1959,78,696,102,509
train_inner,634_0.53_0.77.png,456,1069,1438,0,582
train_inner,635_0.65_1.64.png,2070,76,635,102,455
train_inner,636_0.58_0.56.png,450,1211,1730,0,533
train_inner,637_0.82_1.62.png,1706,0,1040,28,930
train_inner,639_0.85_0.74.png,627,545,1305,18,484
train_inner,63_0.86_1.5.png,1494,180,716,31,276
train_inner,640_0.98_1.87.png,2308,305,343,35,172
train_inner,641_0.63_1.3.png,2722,118,1184,182,844
train_inner,642_0.52_1.04.png,2032,196,1507,80,773
train_inner,643_0.58_1.55.png,3100,61,1009,240,564
train_inner,644_0.87_1.08.png,2930,68,711,83,400
train_inner,645_0.92_0.79.png,468,732,1781,9,174
train_inner,646_0.83_1.58.png,1813,209,1790,134,1065
train_inner,647_0.58_1.05.png,1832,40,950,2,759
train_inner,648_0.78_1.91.png,2102,109,1783,136,1057
train_inner,649_0.55_0.86.png,1366,11,2581,144,2009
train_inner,64_0.77_1.39.png,1124,104,770,14,358
train_inner,650_0.88_1.7.png,1646,20,790,168,687
train_inner,651_0.83_1.45.png,1795,41,421,128,324
train_inner,652_0.75_0.51.png,1038,149,2316,0,1530
train_inner,654_0.84_1.79.png,3593,0,10,8,1
train_inner,655_0.53_1.69.png,3636,0,17,6,11
train_inner,656_0.77_1.82.png,3694,0,9,8,2
train_inner,657_0.8_1.55.png,3018,0,755,24,727
train_inner,658_0.84_0.54.png,780,243,2444,0,2165
train_inner,65_0.52_0.89.png,578,377,920,0,438
train_inner,660_0.52_1.08.png,1675,195,1936,43,1640
train_inner,662_0.54_0.84.png,593,147,1267,5,410
train_inner,664_0.71_1.28.png,2842,7,365,27,293
train_inner,665_0.7_1.28.png,1531,118,402,15,118
train_inner,666_0.9_1.01.png,1672,142,189,0,5
train_inner,667_0.95_0.69.png,1402,220,115,0,1
train_inner,668_0.88_1.12.png,1866,127,294,0,24
train_inner,669_0.92_1.25.png,1183,33,1349,37,1307
train_inner,66_0.83_0.66.png,846,685,1202,13,477
train_inner,670_0.89_1.66.png,1287,12,1318,71,1275
train_inner,671_0.78_0.85.png,1451,27,951,173,842
train_inner,672_0.8_0.77.png,1442,20,1153,166,1059
train_inner,673_0.55_0.68.png,1132,404,1321,2,944
train_inner,675_0.97_0.77.png,1000,820,852,46,307
train_inner,677_0.68_1.27.png,1879,60,184,12,69
train_inner,678_0.88_0.92.png,1877,94,502,37,136
train_inner,679_0.73_1.63.png,2537,4,118,14,86
train_inner,67_0.67_1.69.png,1300,0,220,48,168
train_inner,680_0.76_1.75.png,2637,1,106,14,75
train_inner,682_0.64_0.76.png,1858,89,1728,0,751
train_inner,684_0.67_1.46.png,2643,19,708,39,569
train_inner,685_0.58_0.78.png,1675,70,1879,46,1448
train_inner,688_0.72_0.52.png,547,420,1768,38,837
train_inner,689_0.82_1.73.png,671,566,1781,8,507
train_inner,690_0.54_1.0.png,2611,58,1432,224,1275
train_inner,691_0.81_1.41.png,587,1128,1436,11,484
train_inner,694_0.51_1.61.png,2804,106,830,45,540
train_inner,696_0.95_0.69.png,824,181,618,0,192
train_inner,697_0.89_1.98.png,3485,0,48,7,24
train_inner,698_0.55_1.7.png,3863,0,61,37,12
train_inner,699_0.77_1.57.png,3428,6,55,0,5
train_inner,6_0.57_0.6.png,264,597,2025,2,1234
train_inner,700_0.96_1.45.png,3583,7,98,0,71
train_inner,701_0.62_0.85.png,651,85,1839,74,1540
train_inner,702_0.72_0.91.png,1200,52,1097,66,1022
train_inner,703_0.51_1.04.png,939,98,1659,92,1403
train_inner,704_0.81_1.82.png,2382,0,301,32,284
train_inner,705_0.63_1.99.png,2951,0,838,9,838
train_inner,707_0.94_1.48.png,2619,0,537,62,525
train_inner,708_0.91_1.83.png,3039,0,390,85,389
train_inner,709_0.68_1.08.png,1010,345,1667,11,688
train_inner,70_0.78_1.4.png,2485,13,672,220,443
train_inner,710_0.87_1.34.png,1642,73,615,94,248
train_inner,711_0.71_1.84.png,1922,165,1169,87,547
train_inner,712_0.63_1.2.png,1616,241,1587,66,876
train_inner,713_0.75_0.59.png,855,977,651,0,147
train_inner,716_0.79_1.12.png,2122,198,994,15,161
train_inner,717_0.67_1.02.png,2672,47,428,65,227
train_inner,71_0.9_0.93.png,1559,0,945,263,865
train_inner,721_0.83_1.09.png,2561,70,698,10,528
train_inner,722_0.64_0.65.png,659,187,2983,0,2611
train_inner,723_0.77_1.08.png,1696,103,722,6,396
train_inner,724_0.86_1.35.png,2866,33,460,24,311
train_inner,725_0.64_0.72.png,250,304,2647,70,2126
train_inner,726_0.57_1.58.png,1431,88,739,21,153
train_inner,727_0.65_1.01.png,443,206,2227,39,577
train_inner,729_0.51_0.72.png,1030,747,1387,0,533
train_inner,730_0.62_0.98.png,1571,419,1470,3,719
train_inner,732_0.98_1.12.png,1593,134,692,11,321
train_inner,733_0.81_1.12.png,1577,949,297,0,169
train_inner,734_0.68_1.32.png,2012,1039,380,1,58
train_inner,736_0.78_1.76.png,2232,0,1062,36,995
train_inner,737_0.84_1.88.png,2561,2,331,115,286
train_inner,738_0.93_1.46.png,2343,2,304,80,267
train_inner,739_0.97_1.72.png,2695,0,200,55,193
train_inner,73_0.93_1.41.png,3527,12,116,27,16
train_inner,740_0.94_0.76.png,1904,23,596,28,489
train_inner,741_0.81_1.91.png,3009,0,45,14,25
train_inner,742_0.78_1.13.png,2174,20,57,1,34
train_inner,745_0.97_1.58.png,2481,87,385,52,204
train_inner,747_0.87_0.51.png,98,738,815,0,516
train_inner,749_0.79_1.11.png,1198,2,367,46,221
train_inner,74_0.6_1.25.png,3192,26,383,60,357
train_inner,750_0.72_1.91.png,1985,44,115,22,55
train_inner,753_0.57_0.6.png,804,274,2810,35,1665
train_inner,754_0.7_1.86.png,3090,0,579,96,409
train_inner,757_0.87_1.78.png,3196,0,45,18,25
train_inner,758_0.54_1.45.png,2485,12,293,31,122
train_inner,759_0.74_1.21.png,2651,35,146,10,73
train_inner,75_0.61_0.9.png,2826,48,774,42,738
train_inner,760_0.93_0.78.png,2532,38,294,8,228
train_inner,761_0.55_0.83.png,1841,441,951,6,488
train_inner,762_0.76_1.45.png,861,170,1526,171,1219
train_inner,763_0.84_1.82.png,1341,75,1130,84,869
train_inner,764_0.98_1.95.png,1708,45,104,33,61
train_inner,765_0.56_1.91.png,3608,0,37,10,14
train_inner,766_1.0_0.59.png,1782,75,317,19,184
train_inner,767_0.76_1.75.png,3137,0,210,83,73
train_inner,768_0.71_1.33.png,2828,0,388,75,272
train_inner,769_0.72_1.83.png,2704,27,524,9,465
train_inner,76_0.93_0.69.png,3264,40,402,85,92
train_inner,770_0.88_1.68.png,2561,208,258,13,16
train_inner,771_0.77_1.91.png,2739,38,439,13,364
train_inner,772_0.9_1.15.png,1868,271,470,0,145
train_inner,773_0.65_0.81.png,1336,619,1702,3,1023
train_inner,774_0.55_0.55.png,160,1196,2634,0,296
train_inner,775_0.6_1.49.png,2281,85,1382,29,862
train_inner,776_0.82_1.93.png,3506,12,368,20,237
train_inner,777_0.96_0.95.png,1986,2,1162,7,1116
train_inner,779_0.72_1.2.png,615,459,1488,16,805
train_inner,77_0.51_0.74.png,880,17,2995,2,2520
train_inner,780_0.62_1.99.png,1595,20,1583,182,1123
train_inner,782_0.62_1.68.png,684,464,1761,29,745
train_inner,783_0.77_1.38.png,2339,4,1014,70,652
train_inner,784_0.73_1.21.png,1357,192,1702,34,746
train_inner,786_0.91_0.72.png,731,29,214,22,109
train_inner,788_0.91_1.66.png,2753,4,61,10,42
train_inner,789_0.83_0.77.png,839,557,1844,45,514
train_inner,78_0.95_1.86.png,3329,0,52,22,52
train_inner,790_0.55_1.94.png,1998,34,535,16,308
train_inner,792_0.82_1.35.png,1561,130,1579,204,955
train_inner,794_0.7_1.44.png,525,59,1108,48,777
train_inner,795_0.86_1.17.png,435,105,934,32,393
train_inner,796_0.6_0.64.png,174,889,1058,26,344
train_inner,797_0.56_1.33.png,2273,289,1137,85,361
train_inner,798_0.77_1.01.png,1961,1129,276,2,8
train_inner,800_0.59_1.64.png,2519,550,847,57,239
train_inner,801_0.55_1.38.png,2059,142,316,1,276
train_inner,802_0.9_1.9.png,2386,31,633,66,430
train_inner,803_0.56_0.58.png,766,633,655,0,545
train_inner,804_0.99_1.92.png,2736,23,263,22,128
train_inner,806_0.93_1.51.png,2842,10,207,70,117
train_inner,807_0.72_0.62.png,430,664,2614,0,1060
train_inner,808_0.74_0.67.png,458,1078,2184,0,778
train_inner,809_0.65_1.56.png,1329,414,1658,1,1018
train_inner,811_0.69_1.87.png,1313,453,1641,0,770
train_inner,813_0.7_1.11.png,1591,208,409,92,23
train_inner,815_0.7_1.68.png,2261,39,245,94,9
train_inner,816_0.78_1.56.png,2170,36,223,67,3
train_inner,817_0.57_1.49.png,1282,129,1459,13,918
train_inner,818_0.72_0.52.png,197,789,2828,0,1234
train_inner,81_0.94_0.63.png,1512,96,602,65,368
train_inner,820_0.87_0.77.png,1061,347,1891,9,1167
train_inner,821_0.5_1.55.png,1965,32,587,3,523
train_inner,822_0.75_1.92.png,1896,56,1094,349,825
train_inner,823_0.63_1.96.png,1721,133,982,233,484
train_inner,824_0.66_1.88.png,1594,120,1131,307,717
train_inner,825_0.61_0.94.png,1907,21,2189,85,1762
train_inner,827_0.72_1.56.png,3775,0,398,265,192
train_inner,828_0.72_1.9.png,3871,0,317,266,159
train_inner,829_0.57_1.81.png,2121,254,680,87,177
train_inner,82_0.97_1.73.png,2353,38,214,78,44
train_inner,830_0.87_0.66.png,1091,9,1403,18,1066
train_inner,831_0.51_1.4.png,898,576,1293,32,215
train_inner,832_0.61_0.64.png,769,80,2889,7,2286
train_inner,833_0.95_1.89.png,2706,4,31,0,24
train_inner,834_0.61_0.66.png,820,279,2077,7,709
train_inner,835_0.98_1.98.png,2770,0,29,0,21
train_inner,836_0.97_1.19.png,1964,50,133,0,60
train_inner,837_0.69_0.9.png,3561,17,341,55,145
train_inner,838_0.55_1.54.png,3788,4,64,17,24
train_inner,839_0.77_1.34.png,3684,30,234,25,91
train_inner,840_0.64_1.72.png,3811,27,155,29,36
train_inner,841_0.76_1.47.png,3165,141,705,2,426
train_inner,842_0.93_0.69.png,435,467,1403,0,563
train_inner,843_0.99_1.9.png,3088,120,679,16,274
train_inner,845_0.6_1.37.png,3391,83,398,19,231
train_inner,846_0.68_1.78.png,3141,0,313,68,249
train_inner,847_0.92_0.94.png,2359,299,460,17,213
train_inner,848_0.71_0.58.png,2292,356,1208,12,407
train_inner,84_0.89_1.11.png,1892,132,300,88,70
train_inner,850_0.57_0.78.png,208,1407,1879,0,327
train_inner,851_0.78_0.98.png,1095,298,325,0,192
train_inner,852_0.93_0.73.png,1179,29,274,0,246
train_inner,853_0.93_0.96.png,1756,143,494,6,145
train_inner,854_0.55_1.43.png,2116,67,311,69,139
train_inner,855_0.54_1.96.png,2824,29,130,31,59
train_inner,856_0.91_1.72.png,2933,19,251,97,125
train_inner,857_0.54_1.6.png,2996,0,10,14,1
train_inner,858_0.65_1.72.png,3241,0,22,92,5
train_inner,859_0.97_0.93.png,1503,405,956,12,18
train_inner,861_0.95_0.65.png,805,172,1868,82,1413
train_inner,863_0.87_0.58.png,606,309,1940,17,1567
train_inner,864_0.62_0.85.png,1156,396,998,0,437
train_inner,865_0.85_1.63.png,2101,5,657,212,636
train_inner,866_0.78_1.78.png,2277,1,693,223,671
train_inner,867_0.89_1.83.png,2381,0,548,213,538
train_inner,868_0.85_0.65.png,954,125,1093,115,847
train_inner,869_0.66_1.74.png,2417,56,1329,178,1026
train_inner,86_0.74_0.98.png,1095,271,1349,7,424
train_inner,870_0.81_1.14.png,2531,115,389,16,28
train_inner,871_0.96_0.58.png,2017,309,287,4,32
train_inner,873_0.73_0.83.png,946,230,1201,0,397
train_inner,874_0.92_1.27.png,1487,24,339,2,182
train_inner,876_0.82_0.9.png,1137,149,840,0,259
train_inner,877_0.62_0.96.png,1171,38,803,23,571
train_inner,878_0.92_1.81.png,2760,198,264,9,152
train_inner,879_0.76_1.47.png,2385,0,263,12,241
train_inner,87_0.79_1.85.png,1734,62,1159,25,571
train_inner,880_0.52_0.56.png,30,1207,2351,0,1050
train_inner,883_0.97_0.83.png,1283,105,1099,1,130
train_inner,884_0.71_0.74.png,1294,120,979,81,757
train_inner,885_0.96_1.05.png,1318,183,1534,292,1059
train_inner,887_0.59_1.65.png,2131,97,782,15,199
train_inner,888_0.91_0.73.png,1136,188,1764,353,1398
train_inner,889_0.9_0.87.png,3523,5,92,31,35
train_inner,890_0.68_0.92.png,3701,6,102,50,44
train_inner,891_0.77_1.82.png,3997,0,45,14,19
train_inner,892_0.84_0.9.png,3576,2,100,33,39
train_inner,893_0.65_1.08.png,893,12,1322,135,579
train_inner,894_0.83_1.91.png,2139,27,130,38,14
train_inner,895_0.54_1.27.png,1874,0,1510,194,1376
train_inner,896_0.83_1.62.png,1870,39,149,34,11
train_inner,897_0.63_1.77.png,1568,404,715,44,199
train_inner,898_0.93_1.53.png,1576,149,311,1,130
train_inner,89_0.87_1.51.png,3096,13,63,4,36
train_inner,8_0.96_0.8.png,2042,26,276,0,183
train_inner,901_0.51_1.02.png,2516,342,660,70,317
train_inner,902_0.78_1.81.png,2820,9,416,51,328
train_inner,904_0.65_1.31.png,2221,170,932,63,393
train_inner,905_0.65_1.3.png,2918,33,362,12,149
train_inner,906_0.81_0.61.png,1718,333,470,1,262
train_inner,907_0.73_1.72.png,3424,2,126,1,90
train_inner,908_0.69_1.35.png,2805,37,236,5,118
train_inner,909_0.61_1.66.png,2995,4,351,32,195
train_inner,90_0.87_1.71.png,3353,7,56,9,29
train_inner,910_0.64_0.93.png,1501,151,1192,13,344
train_inner,911_0.58_1.46.png,2422,38,529,40,264
train_inner,912_0.76_1.92.png,2799,199,943,140,624
train_inner,913_0.54_1.24.png,517,467,1421,86,624
train_inner,914_0.66_0.74.png,481,268,1909,4,1174
train_inner,915_0.64_1.08.png,1008,53,1652,90,1340
train_inner,916_0.57_1.61.png,1369,202,1323,127,818
train_inner,917_0.83_1.67.png,1765,282,1526,210,995
train_inner,918_0.61_1.9.png,1425,172,543,60,194
train_inner,919_0.53_1.67.png,2205,180,676,54,244
train_inner,91_0.86_1.21.png,2795,25,110,1,55
train_inner,920_0.96_0.84.png,1379,991,670,31,266
train_inner,924_0.77_0.94.png,2496,61,431,42,277
train_inner,925_0.98_1.95.png,2218,0,20,75,19
train_inner,926_0.63_1.94.png,2303,36,144,79,85
train_inner,927_0.73_1.45.png,1698,71,216,18,173
train_inner,929_0.67_0.83.png,2392,157,1254,8,647
train_inner,930_0.67_0.65.png,1475,221,1946,2,1120
train_inner,931_0.97_1.4.png,3715,76,208,38,46
train_inner,932_0.81_1.54.png,3032,55,769,221,528
train_inner,933_0.57_1.9.png,3014,18,502,95,225
train_inner,934_0.9_1.4.png,1962,1,536,98,414
train_inner,935_0.97_1.77.png,2122,0,384,94,336
train_inner,936_0.91_0.66.png,809,80,1128,12,659
train_inner,937_0.96_1.89.png,3458,0,320,8,233
train_inner,938_0.96_0.78.png,1067,273,434,0,86
train_inner,939_0.79_1.3.png,2955,78,431,0,95
train_inner,93_0.97_1.07.png,3013,207,109,9,36
train_inner,941_0.53_1.08.png,587,1699,384,0,0
train_inner,942_0.98_1.21.png,892,818,593,1,16
train_inner,943_0.6_1.91.png,690,830,675,0,22
train_inner,945_0.99_1.73.png,3000,53,183,6,129
train_inner,946_0.8_0.84.png,1515,259,1299,8,665
train_inner,947_0.83_0.56.png,1005,638,1515,12,662
train_inner,948_0.73_0.76.png,1111,420,1599,9,759
train_inner,949_0.91_0.78.png,845,665,2132,5,1369
train_inner,950_0.79_1.26.png,1371,166,1068,123,800
train_inner,951_0.5_1.1.png,650,852,2436,0,1015
train_inner,954_0.92_1.72.png,3277,2,75,0,8
train_inner,957_0.81_1.94.png,2606,80,498,23,206
train_inner,958_0.93_0.63.png,726,573,1491,163,754
train_inner,959_0.76_1.95.png,2674,66,385,10,241
train_inner,960_0.9_0.94.png,1347,262,1393,192,768
train_inner,961_0.77_1.5.png,2846,22,280,49,144
train_inner,962_0.55_1.94.png,3421,0,57,20,46
train_inner,963_0.81_0.99.png,2605,48,430,38,265
train_inner,964_0.64_1.71.png,2868,20,129,11,101
train_inner,966_0.66_0.6.png,837,233,1207,0,961
train_inner,967_0.79_1.96.png,2226,6,65,18,20
train_inner,968_0.54_1.0.png,1147,86,903,37,649
train_inner,969_0.75_1.17.png,2637,50,883,26,305
train_inner,96_0.82_0.62.png,2242,365,387,13,135
train_inner,970_0.92_1.34.png,2836,192,301,6,112
train_inner,971_0.57_1.71.png,3103,15,718,62,383
train_inner,972_0.52_0.9.png,2583,11,855,125,767
train_inner,973_0.67_0.98.png,482,79,891,80,684
train_inner,974_0.77_1.14.png,970,35,533,113,434
train_inner,976_0.64_1.2.png,932,79,781,105,543
train_inner,977_0.83_0.6.png,697,171,1002,43,704
train_inner,978_0.96_1.69.png,2880,0,182,188,142
train_inner,97_0.52_0.61.png,1056,412,2093,22,844
train_inner,980_0.58_0.68.png,648,602,1422,0,590
train_inner,981_0.61_1.86.png,2601,9,143,16,53
train_inner,982_0.97_0.98.png,1657,60,241,2,120
train_inner,983_0.51_0.73.png,495,706,2018,8,412
train_inner,986_0.7_1.11.png,2378,9,420,196,368
train_inner,988_0.95_1.75.png,2397,0,70,55,57
train_inner,989_0.59_1.18.png,1397,82,872,10,581
train_inner,990_0.82_0.64.png,427,987,2015,0,685
train_inner,991_0.86_0.63.png,611,810,1969,0,801
train_inner,992_0.7_0.95.png,907,237,2089,32,1346
train_inner,994_0.81_1.01.png,1461,174,770,0,255
train_inner,995_0.77_1.16.png,1869,210,611,0,276
train_inner,997_0.75_1.44.png,2389,2,286,95,174
train_inner,998_0.74_1.7.png,2881,0,242,94,158
val_inner,1002_0.73_1.47.png,1835,47,1357,24,1209
val_inner,1007_0.68_1.25.png,2411,17,378,100,159
val_inner,1012_0.85_1.28.png,4013,0,61,0,61
val_inner,1016_0.8_1.72.png,2088,62,231,42,30
val_inner,1022_0.66_1.05.png,548,636,1166,3,484
val_inner,1023_0.5_1.87.png,1380,230,869,63,212
val_inner,1029_0.71_0.56.png,37,583,1173,0,614
val_inner,103_0.75_1.59.png,2916,0,651,150,636
val_inner,1042_0.91_0.56.png,1089,131,958,12,326
val_inner,1045_0.58_1.58.png,3036,2,256,244,212
val_inner,1060_0.94_1.09.png,1347,1087,114,0,0
val_inner,1064_0.54_0.97.png,2286,84,371,28,206
val_inner,1072_0.58_0.58.png,1158,690,518,0,96
val_inner,1073_0.51_0.98.png,237,573,1477,0,743
val_inner,1075_0.76_1.99.png,3037,16,376,122,317
val_inner,1080_0.59_1.22.png,1633,32,507,109,264
val_inner,1083_0.67_0.81.png,1528,367,278,2,33
val_inner,1090_0.54_0.58.png,687,272,609,0,227
val_inner,1096_0.72_0.86.png,1497,308,1472,11,792
val_inner,1098_0.8_0.51.png,1718,691,1687,0,835
val_inner,1099_0.54_1.76.png,1487,277,2317,0,1468
val_inner,1102_0.65_0.94.png,3327,140,583,66,259
val_inner,110_0.55_1.08.png,1775,0,110,17,89
val_inner,1113_0.9_0.52.png,328,151,1706,72,566
val_inner,1122_0.94_0.53.png,1535,435,697,4,209
val_inner,1124_0.74_1.17.png,1992,168,655,49,206
val_inner,1134_0.69_1.2.png,2283,1,465,78,463
val_inner,1140_0.67_1.42.png,1073,131,2546,1,1264
val_inner,1143_0.73_1.33.png,2661,20,51,11,2
val_inner,1145_0.9_1.2.png,2731,190,945,8,475
val_inner,1146_0.89_0.87.png,1368,344,1168,0,591
val_inner,114_0.75_1.45.png,1665,2,362,49,187
val_inner,1150_0.8_1.27.png,1159,0,161,7,156
val_inner,1155_0.63_1.27.png,1134,676,1750,64,444
val_inner,1162_0.65_1.7.png,2119,0,25,9,3
val_inner,1164_0.79_1.96.png,1945,0,2,10,0
val_inner,1168_0.56_0.69.png,67,567,2809,0,1196
val_inner,116_0.64_1.08.png,1613,308,1052,30,468
val_inner,1170_0.71_1.78.png,3056,283,237,13,106
val_inner,1179_0.56_1.96.png,1445,49,977,23,698
val_inner,1187_0.82_1.57.png,2028,0,703,178,607
val_inner,119_0.6_1.7.png,2161,23,477,98,326
val_inner,1200_0.97_0.52.png,3192,135,322,0,226
val_inner,1205_0.78_1.01.png,3003,0,90,0,42
val_inner,1208_0.63_0.83.png,1757,85,407,22,55
val_inner,1211_0.88_1.93.png,3828,0,85,4,59
val_inner,1231_0.98_1.26.png,1817,188,941,3,485
val_inner,123_0.94_1.22.png,2965,22,146,3,68
val_inner,1240_0.64_0.5.png,974,755,1799,1,747
val_inner,1246_0.62_2.0.png,1863,33,562,43,308
val_inner,1250_0.57_0.61.png,2470,14,1396,0,1385
val_inner,1254_0.97_1.31.png,2550,3,27,0,19
val_inner,1263_0.9_1.41.png,2458,258,214,35,15
val_inner,1266_0.96_1.34.png,2659,16,121,12,48
val_inner,126_0.75_1.47.png,1911,135,919,36,559
val_inner,1271_0.65_1.66.png,3117,167,522,26,280
val_inner,1281_0.89_0.85.png,1960,396,805,14,257
val_inner,1282_0.62_0.6.png,226,567,3303,0,2524
val_inner,1292_0.66_1.45.png,2436,118,1049,94,599
val_inner,1297_0.99_0.69.png,240,642,987,0,9
val_inner,129_0.95_1.3.png,1723,62,98,30,13
val_inner,1305_1.0_1.54.png,3831,18,160,0,72
val_inner,1306_0.6_0.6.png,1992,611,1128,0,242
val_inner,1308_0.84_1.04.png,1852,113,1435,56,1245
val_inner,1322_0.64_1.06.png,2373,388,363,66,70
val_inner,1323_0.89_0.88.png,1253,236,878,119,588
val_inner,1324_0.55_1.43.png,2377,390,341,20,44
val_inner,1326_0.77_0.97.png,1387,48,961,204,744
val_inner,1341_0.94_0.51.png,2479,224,559,34,278
val_inner,1347_0.75_1.79.png,3571,32,128,4,52
val_inner,136_0.6_1.01.png,2585,278,1114,27,743
val_inner,1376_0.65_1.6.png,2148,2,60,33,7
val_inner,1377_0.5_0.79.png,828,409,2657,1,1992
val_inner,1380_0.67_1.78.png,1543,29,1841,135,1598
val_inner,1386_0.99_1.78.png,2189,2,108,7,45
val_inner,1397_0.94_0.79.png,2629,370,417,12,107
val_inner,139_0.87_1.52.png,1606,53,837,255,548
val_inner,1403_0.73_1.26.png,3027,0,13,3,11
val_inner,1407_0.6_1.92.png,3527,0,230,213,188
val_inner,1410_0.76_1.08.png,880,1045,1111,65,558
val_inner,141_0.71_1.48.png,2188,34,623,13,443
val_inner,1425_0.84_1.75.png,2104,0,820,6,774
val_inner,1432_0.91_1.29.png,2094,536,829,0,296
val_inner,1433_0.9_1.85.png,1821,7,190,43,33
val_inner,1435_0.87_0.57.png,402,516,355,20,23
val_inner,1436_0.66_1.76.png,1583,0,204,0,69
val_inner,1440_0.65_1.26.png,2985,52,547,65,366
val_inner,1442_0.62_0.81.png,2867,49,847,200,408
val_inner,1443_0.76_1.22.png,2362,122,1342,221,1010
val_inner,1446_0.85_0.59.png,2149,427,687,0,556
val_inner,1449_0.94_0.78.png,807,311,995,4,585
val_inner,1452_0.81_1.88.png,1170,143,909,74,456
val_inner,1454_0.62_1.48.png,1693,6,982,249,903
val_inner,1456_0.66_1.83.png,1630,52,1135,251,1013
val_inner,1457_0.88_0.58.png,959,43,989,69,534
val_inner,145_0.5_1.08.png,1036,356,1201,19,124
val_inner,1461_0.59_0.54.png,1035,254,2703,0,1934
val_inner,1464_0.64_1.56.png,1886,84,1038,92,636
val_inner,1470_0.63_1.26.png,1149,193,902,0,338
val_inner,1471_0.82_1.95.png,2430,54,517,17,99
val_inner,1474_0.92_0.89.png,2437,138,362,0,295
val_inner,1481_0.7_0.89.png,503,153,1773,0,1384
val_inner,1482_0.59_1.05.png,1486,189,839,0,483
val_inner,1485_0.6_1.5.png,1755,236,1803,188,1277
val_inner,1493_0.84_0.8.png,1838,14,192,63,55
val_inner,1497_0.99_1.09.png,3308,0,21,1,10
val_inner,1500_0.87_1.88.png,3241,0,2,5,1
val_inner,1511_0.63_1.09.png,350,872,1645,33,297
val_inner,1512_0.89_1.11.png,1200,267,881,65,449
val_inner,1517_0.72_1.25.png,458,1911,866,38,38
val_inner,1518_0.62_1.44.png,490,1716,1077,40,71
val_inner,1528_0.91_1.9.png,2465,192,267,45,85
val_inner,152_0.8_1.99.png,3627,0,108,17,50
val_inner,1531_0.52_1.01.png,332,1898,1535,41,374
val_inner,1537_0.52_1.24.png,1206,558,1287,80,353
val_inner,1538_0.61_0.54.png,305,1851,1528,1,317
val_inner,1539_0.58_0.79.png,416,1501,1452,13,467
val_inner,1543_0.92_1.98.png,1301,988,320,1,37
val_inner,1544_0.87_1.52.png,1215,1390,226,0,45
val_inner,1547_0.77_1.84.png,1467,206,318,45,117
val_inner,1548_0.85_1.55.png,1711,170,349,61,104
val_inner,1549_0.91_1.37.png,594,819,834,46,125
val_inner,154_0.97_0.91.png,2404,0,123,4,107
val_inner,1568_0.8_1.8.png,1638,321,848,80,180
val_inner,1573_0.61_1.06.png,203,2275,960,22,245
val_inner,1575_0.51_1.39.png,785,1035,1738,130,512
val_inner,1578_0.57_1.99.png,1818,159,192,35,47
val_inner,1580_0.7_1.59.png,1574,250,176,8,36
val_inner,1586_0.74_1.29.png,1199,232,364,13,48
val_inner,158_0.56_1.42.png,3257,0,62,62,49
val_inner,1592_0.54_1.46.png,413,1359,1309,38,290
val_inner,1599_0.71_1.3.png,996,464,1565,35,718
val_inner,1602_0.92_0.57.png,180,1072,964,26,114
val_inner,1605_1.0_1.37.png,1573,333,191,25,20
val_inner,1612_0.77_1.4.png,1159,603,269,3,24
val_inner,161_0.83_1.56.png,3927,0,24,61,13
val_inner,1621_0.5_0.72.png,3,1555,334,0,49
val_inner,162_0.75_0.98.png,3327,0,234,179,171
val_inner,1631_0.92_1.27.png,1821,124,168,6,17
val_inner,1635_0.64_0.55.png,68,2275,1331,21,635
val_inner,1636_0.96_1.23.png,634,917,1088,7,579
val_inner,1647_0.89_1.55.png,2200,46,133,22,51
val_inner,1648_0.89_1.41.png,2071,59,192,22,84
val_inner,1657_0.68_1.28.png,275,632,245,0,35
val_inner,1663_0.92_1.8.png,1947,244,237,8,105
val_inner,1664_0.8_2.0.png,1773,180,300,6,24
val_inner,1666_0.85_0.59.png,253,2053,724,13,66
val_inner,1685_0.79_1.99.png,1828,446,558,12,80
val_inner,1686_0.51_0.6.png,227,1775,843,18,69
val_inner,1687_0.83_1.61.png,1774,663,509,11,55
val_inner,1689_0.74_0.54.png,86,2287,1157,4,263
val_inner,1691_0.77_1.92.png,1538,453,921,55,197
val_inner,1696_0.74_1.51.png,300,2001,1429,38,166
val_inner,1701_0.55_0.71.png,55,2326,1574,12,198
val_inner,1705_0.66_1.4.png,843,163,1768,31,887
val_inner,1712_0.9_0.74.png,502,1394,964,10,106
val_inner,1718_0.92_1.01.png,1355,412,475,23,133
val_inner,1722_0.85_1.51.png,2230,170,236,12,53
val_inner,1726_0.54_0.7.png,447,655,989,16,183
val_inner,1730_0.81_1.53.png,732,1228,635,7,73
val_inner,1733_0.57_1.6.png,1644,447,680,96,205
val_inner,173_0.88_1.45.png,2122,66,949,24,603
val_inner,1756_0.77_1.19.png,579,312,1624,58,653
val_inner,1761_0.99_0.94.png,2112,176,232,21,66
val_inner,1763_0.58_1.25.png,1360,297,1188,11,437
val_inner,1765_0.51_1.47.png,899,331,1924,212,1059
val_inner,1773_0.58_1.45.png,729,1282,628,56,105
val_inner,1784_0.94_1.15.png,1288,809,165,10,5
val_inner,1795_0.99_1.84.png,1920,3,9,1,0
val_inner,1796_0.93_0.58.png,365,114,61,1,8
val_inner,17_0.55_1.91.png,2247,32,1076,69,637
val_inner,1801_0.99_0.78.png,594,1741,732,2,150
val_inner,1803_0.99_1.79.png,1225,902,219,5,12
val_inner,1814_0.55_0.54.png,9,2974,861,0,40
val_inner,1817_0.81_2.0.png,1074,15,359,32,218
val_inner,1822_0.51_1.51.png,397,777,774,14,114
val_inner,1835_0.61_1.23.png,933,1130,1268,63,586
val_inner,183_0.77_0.99.png,1347,236,752,132,470
val_inner,1841_0.64_1.79.png,531,678,947,32,155
val_inner,1844_0.91_1.28.png,605,1040,502,3,103
val_inner,1851_0.7_1.14.png,853,791,254,7,34
val_inner,1854_0.94_1.49.png,455,270,79,0,28
val_inner,1859_0.73_1.32.png,736,36,54,0,13
val_inner,1860_0.77_1.07.png,543,80,85,1,16
val_inner,1862_0.82_1.52.png,1050,290,538,42,98
val_inner,1867_0.67_1.54.png,607,530,2347,209,1446
val_inner,1875_0.95_0.91.png,936,657,931,14,112
val_inner,1876_0.97_1.69.png,1404,482,413,36,52
val_inner,1884_0.78_0.61.png,46,2118,925,0,126
val_inner,1885_0.54_0.83.png,86,2805,476,0,95
val_inner,1892_0.85_0.58.png,45,2266,1526,1,515
val_inner,1895_0.9_1.62.png,716,235,1682,38,973
val_inner,1898_0.84_0.98.png,323,1711,620,2,99
val_inner,1911_0.96_1.13.png,1758,328,781,42,501
val_inner,1912_1.0_0.84.png,1003,501,984,35,524
val_inner,1914_0.81_0.98.png,430,2668,656,88,161
val_inner,1917_0.96_1.37.png,1694,120,92,3,13
val_inner,1919_0.59_0.94.png,85,1237,816,0,17
val_inner,1920_0.99_1.69.png,1889,104,74,13,2
val_inner,1923_0.81_1.81.png,978,402,701,24,135
val_inner,1936_0.52_1.67.png,759,186,381,9,68
val_inner,1937_0.79_0.84.png,1513,208,280,38,57
val_inner,1939_0.93_1.32.png,2384,123,230,47,31
val_inner,1942_0.89_0.67.png,315,2157,868,3,147
val_inner,1952_0.78_0.75.png,1371,248,626,24,142
val_inner,1956_0.99_1.4.png,1171,572,586,66,48
val_inner,1966_0.52_1.48.png,1496,453,757,194,108
val_inner,196_0.8_0.88.png,1526,19,875,68,726
val_inner,1979_0.6_0.93.png,227,1289,1468,2,339
val_inner,1982_0.99_1.89.png,2317,203,239,59,51
val_inner,1985_0.57_1.93.png,1413,619,1467,312,668
val_inner,1988_0.94_1.22.png,1924,399,447,2,146
val_inner,2000_0.86_0.62.png,1039,1050,707,13,155
val_inner,2003_0.64_1.33.png,415,2007,1067,20,147
val_inner,2007_0.61_1.26.png,791,159,990,125,173
val_inner,2013_1.0_1.78.png,850,329,644,4,368
val_inner,2024_0.99_1.36.png,1419,353,355,21,36
val_inner,2026_0.99_1.41.png,1657,153,216,15,56
val_inner,2027_0.69_0.59.png,750,739,1136,10,331
val_inner,2028_0.98_1.27.png,1359,213,222,14,54
val_inner,2033_0.61_0.56.png,52,3104,791,1,92
val_inner,2043_0.97_0.54.png,866,894,456,6,67
val_inner,2050_0.8_1.8.png,1582,289,610,69,197
val_inner,2051_0.92_0.92.png,1228,418,955,35,484
val_inner,2057_0.86_0.85.png,484,940,1028,14,211
val_inner,2061_0.79_1.72.png,959,331,378,10,135
val_inner,2063_0.76_1.8.png,982,316,404,9,164
val_inner,2069_0.7_1.18.png,442,845,1172,28,102
val_inner,2070_0.86_0.78.png,383,1438,689,3,114
val_inner,2071_0.63_1.21.png,471,1063,1000,92,122
val_inner,2072_0.87_1.18.png,931,705,855,28,70
val_inner,2073_0.87_1.93.png,2490,311,348,23,74
val_inner,2074_0.71_0.74.png,1173,847,934,70,136
val_inner,2076_0.85_1.77.png,2257,305,437,20,112
val_inner,2079_0.62_1.17.png,1241,205,1172,116,534
val_inner,2080_0.53_1.58.png,1573,462,585,194,118
val_inner,2087_0.72_1.14.png,652,900,688,12,120
val_inner,2094_0.56_1.05.png,443,88,1582,36,1002
val_inner,2096_0.77_1.76.png,1298,185,461,59,124
val_inner,2109_0.56_1.42.png,945,1200,999,154,284
val_inner,2111_0.68_1.03.png,635,1639,844,61,160
val_inner,2114_0.9_1.51.png,1434,766,781,77,122
val_inner,2115_0.75_1.52.png,1239,852,1069,108,319
val_inner,2119_0.54_1.47.png,719,734,1074,172,298
val_inner,2121_0.73_0.63.png,152,2766,631,3,48
val_inner,2123_0.66_0.89.png,214,2760,546,4,54
val_inner,2126_0.75_0.91.png,795,1110,757,116,257
val_inner,212_0.71_1.94.png,2004,10,514,29,358
val_inner,2132_0.76_1.7.png,1223,837,957,57,83
val_inner,2135_0.51_1.0.png,182,1023,1218,19,259
val_inner,2140_0.55_0.94.png,899,794,1279,186,423
val_inner,2141_0.55_0.57.png,54,1588,999,0,158
val_inner,2144_0.54_1.03.png,400,1120,724,2,165
val_inner,2145_0.59_1.25.png,671,1155,772,14,92
val_inner,2150_0.89_1.44.png,1296,457,786,14,320
val_inner,2151_0.78_0.51.png,147,1436,1294,1,212
val_inner,2156_0.71_1.75.png,1203,664,602,159,100
val_inner,215_0.58_0.63.png,195,308,300,5,21
val_inner,2163_0.52_1.35.png,830,138,652,17,213
val_inner,2176_0.54_1.82.png,1865,49,521,128,225
val_inner,2179_0.63_0.92.png,907,399,1602,93,716
val_inner,217_0.79_0.54.png,685,167,3089,17,2736
val_inner,2190_0.51_0.51.png,25,1590,2143,4,538
val_inner,2195_0.53_1.24.png,708,408,2151,21,885
val_inner,2204_0.99_1.22.png,976,534,1693,4,1166
val_inner,2207_0.53_1.2.png,459,991,1574,33,218
val_inner,220_0.56_1.69.png,3123,71,523,55,368
val_inner,2216_0.58_1.17.png,595,512,476,39,82
val_inner,2220_0.92_1.02.png,495,216,128,2,33
val_inner,2231_0.71_0.89.png,509,816,482,2,177
val_inner,2234_0.76_1.1.png,376,309,419,2,131
val_inner,2235_0.91_1.78.png,972,85,284,39,98
val_inner,2244_0.77_1.02.png,332,1029,258,0,89
val_inner,2247_0.9_1.37.png,1367,461,723,70,280
val_inner,2250_0.67_1.7.png,1586,180,432,21,152
val_inner,2259_0.79_0.9.png,278,1259,827,1,232
val_inner,2262_0.79_1.73.png,923,67,136,32,42
val_inner,2264_0.66_1.54.png,639,95,195,28,59
val_inner,2265_0.72_1.34.png,677,434,101,2,13
val_inner,2269_0.52_1.13.png,191,323,84,0,13
val_inner,226_0.56_0.7.png,802,756,804,38,212
val_inner,2271_0.6_1.89.png,357,162,67,0,14
val_inner,2277_0.69_0.53.png,106,2584,711,3,131
val_inner,2279_0.82_0.88.png,397,1310,518,30,62
val_inner,2282_0.93_1.05.png,591,1177,369,6,82
val_inner,2283_0.58_1.18.png,538,1073,645,69,89
val_inner,228_0.81_0.73.png,1063,906,746,55,257
val_inner,2290_0.92_1.28.png,1117,197,105,7,4
val_inner,2292_0.82_1.71.png,1391,181,75,6,4
val_inner,2294_1.0_1.16.png,1506,222,248,6,50
val_inner,2298_0.55_1.86.png,528,773,1516,98,237
val_inner,229_0.93_1.79.png,2523,2,238,44,184
val_inner,2305_0.57_1.54.png,1317,636,1119,247,604
val_inner,2307_0.75_1.96.png,1883,258,766,105,287
val_inner,2310_0.9_1.71.png,1129,255,1174,99,899
val_inner,2317_0.62_1.27.png,1204,484,1144,57,561
val_inner,2319_0.9_0.55.png,578,961,1941,2,462
val_inner,2325_0.93_1.76.png,1169,744,1193,43,425
val_inner,2334_0.56_0.79.png,101,1170,2356,3,592
val_inner,2338_0.62_1.42.png,2041,40,423,137,236
val_inner,2345_0.9_0.78.png,494,959,846,5,94
val_inner,2365_0.53_0.5.png,107,1675,1711,0,450
val_inner,236_0.67_1.6.png,1918,13,143,3,45
val_inner,2379_0.79_1.37.png,140,937,420,4,86
val_inner,2382_0.63_0.9.png,140,1474,878,3,98
val_inner,2386_0.97_1.08.png,803,582,926,25,267
val_inner,238_0.87_1.74.png,2058,14,794,104,734
val_inner,2395_0.78_1.43.png,419,511,429,0,125
val_inner,23_0.83_1.63.png,3620,0,137,31,102
val_inner,2402_0.8_0.8.png,193,1868,1798,2,719
val_inner,2408_0.55_1.94.png,893,1233,1258,54,224
val_inner,2409_0.55_1.95.png,929,486,530,37,38
val_inner,2410_0.57_1.09.png,520,985,661,97,91
val_inner,2411_0.81_0.52.png,273,1891,990,16,151
val_inner,2415_0.55_1.63.png,1916,170,569,110,337
val_inner,2420_0.95_0.63.png,555,746,754,0,309
val_inner,2432_0.94_1.56.png,915,1094,696,0,129
val_inner,2437_0.64_0.7.png,152,2449,570,19,115
val_inner,2441_0.74_1.28.png,528,514,1763,57,659
val_inner,2450_0.51_0.64.png,219,1036,506,8,57
val_inner,2453_0.54_1.83.png,1865,47,301,174,170
val_inner,2454_0.81_1.92.png,2302,57,220,103,85
val_inner,2458_0.78_1.02.png,866,903,1129,12,165
val_inner,2463_0.85_1.05.png,743,1213,632,3,107
val_inner,2467_0.62_0.72.png,55,1636,555,1,50
val_inner,2474_0.91_0.84.png,318,1572,1070,4,284
val_inner,2475_0.92_1.34.png,909,920,873,26,288
val_inner,2476_0.67_0.56.png,4,3030,937,0,218
val_inner,2483_0.82_1.17.png,1009,242,1274,69,536
val_inner,2490_0.71_1.73.png,2457,75,328,99,28
val_inner,2491_0.94_1.9.png,2922,78,204,89,45
val_inner,2496_0.61_0.78.png,236,908,1595,28,403
val_inner,2498_0.54_1.1.png,265,699,1086,39,263
val_inner,249_0.65_1.99.png,2007,4,50,8,3
val_inner,24_0.53_1.21.png,3420,1,262,2,239
val_inner,2517_0.94_1.24.png,666,920,948,36,200
val_inner,2522_0.78_1.79.png,422,577,1793,36,697
val_inner,2525_0.79_1.85.png,1343,572,1784,16,1225
val_inner,252_0.98_1.73.png,1929,26,110,9,5
val_inner,2542_0.7_1.52.png,556,398,266,0,52
val_inner,2550_0.85_1.96.png,803,544,728,24,213
val_inner,2556_0.89_1.72.png,1208,1151,488,69,108
val_inner,2559_0.81_1.96.png,789,147,831,121,472
val_inner,2563_0.85_0.62.png,132,2097,217,0,8
val_inner,2567_0.52_1.05.png,254,1167,581,12,129
val_inner,2570_0.99_2.0.png,941,236,164,1,38
val_inner,2572_0.54_1.3.png,248,1094,459,75,88
val_inner,2574_0.57_1.08.png,565,1087,251,1,34
val_inner,2581_0.79_1.95.png,1486,72,705,124,337
val_inner,2589_0.62_1.28.png,631,683,622,6,69
val_inner,2591_0.78_1.58.png,987,449,511,14,44
val_inner,2596_0.54_1.72.png,441,1276,846,10,188
val_inner,259_0.87_0.76.png,1332,523,903,0,601
val_inner,25_0.59_1.43.png,931,476,1562,24,776
val_inner,2608_0.68_1.54.png,777,37,449,82,210
val_inner,2612_0.52_1.14.png,588,480,387,82,114
val_inner,2614_0.55_0.63.png,65,1230,1136,7,170
val_inner,261_0.54_0.73.png,809,333,2401,0,1764
val_inner,2625_0.88_1.86.png,1237,470,365,4,63
val_inner,2626_0.88_1.19.png,860,915,531,4,95
val_inner,2628_0.86_1.01.png,771,1230,772,38,126
val_inner,2632_0.92_1.01.png,1126,367,219,16,54
val_inner,2635_0.98_1.78.png,1266,733,682,75,255
val_inner,2641_0.7_1.91.png,807,505,1229,80,267
val_inner,2646_0.82_1.47.png,721,756,811,10,179
val_inner,2652_0.85_1.34.png,524,1775,383,9,48
val_inner,2653_0.5_0.98.png,132,2619,861,34,138
val_inner,2663_0.54_1.88.png,1227,82,294,41,101
val_inner,2665_0.85_1.17.png,706,956,637,9,166
val_inner,2674_0.84_1.83.png,442,913,483,7,90
val_inner,2680_0.94_1.89.png,1230,924,420,17,95
val_inner,2682_0.96_1.39.png,1112,485,376,8,57
val_inner,2687_0.61_0.9.png,281,766,511,1,116
val_inner,268_0.79_1.15.png,2313,95,527,113,253
val_inner,2693_0.69_0.91.png,63,2586,380,4,23
val_inner,2696_0.77_1.3.png,422,1740,364,112,53
val_inner,2700_0.59_1.66.png,420,794,308,5,27
val_inner,2703_0.77_1.67.png,570,945,617,60,94
val_inner,2704_0.84_1.81.png,743,786,674,90,106
val_inner,2705_0.68_1.36.png,230,746,77,0,21
val_inner,2707_0.61_1.6.png,304,730,64,0,20
val_inner,2708_0.72_1.57.png,302,619,103,0,36
val_inner,2710_0.56_1.69.png,477,8,240,65,148
val_inner,2712_0.65_1.83.png,606,16,160,56,103
val_inner,2714_0.9_1.77.png,1427,225,163,0,51
val_inner,2739_0.95_1.39.png,599,1532,497,30,106
val_inner,2744_0.6_1.82.png,1464,151,397,65,123
val_inner,2747_0.87_1.0.png,476,1686,888,41,119
val_inner,2754_0.83_1.45.png,1527,338,960,44,237
val_inner,2759_0.52_1.32.png,791,525,648,76,197
val_inner,2763_0.83_1.04.png,418,1476,1372,1,222
val_inner,2767_0.69_0.71.png,4,2066,1836,0,346
val_inner,2769_0.81_1.94.png,906,923,1126,51,314
val_inner,2771_0.52_0.87.png,139,2058,1214,4,322
val_inner,2775_0.9_0.66.png,1406,627,286,26,43
val_inner,2779_0.73_0.56.png,232,1557,1347,3,479
val_inner,2783_0.78_1.9.png,1785,275,417,59,83
val_inner,2784_0.56_0.55.png,19,2507,1152,4,97
val_inner,2786_0.88_1.47.png,962,879,787,0,225
val_inner,2790_0.56_1.84.png,238,778,249,14,62
val_inner,2791_0.51_1.66.png,386,983,297,16,68
val_inner,2792_0.52_0.69.png,60,1837,369,17,41
val_inner,2794_0.8_0.92.png,210,274,236,3,58
val_inner,2800_0.75_0.87.png,601,775,2054,0,1040
val_inner,2807_0.78_0.64.png,54,3344,662,7,48
val_inner,2809_0.86_1.19.png,707,997,686,44,65
val_inner,281_0.93_1.17.png,3193,0,36,56,26
val_inner,2820_0.87_0.91.png,1043,702,973,0,328
val_inner,2827_0.92_0.93.png,688,799,791,64,69
val_inner,2828_0.98_1.23.png,968,352,723,93,120
val_inner,282_0.95_1.38.png,3372,0,18,48,14
val_inner,283_0.71_1.63.png,3038,0,154,42,146
val_inner,2843_0.7_0.5.png,213,1975,1260,0,296
val_inner,2844_0.58_0.74.png,223,1972,1135,1,201
val_inner,2845_0.61_0.81.png,168,1540,1489,3,135
val_inner,2862_0.91_1.23.png,877,403,708,47,218
val_inner,2872_0.75_1.98.png,2264,55,133,30,33
val_inner,2877_0.98_1.2.png,753,770,1407,42,836
val_inner,2884_0.65_1.22.png,288,1275,1259,36,280
val_inner,288_0.77_1.7.png,1896,34,830,194,771
val_inner,2896_0.84_0.74.png,167,2006,1573,2,175
val_inner,2899_0.92_1.08.png,1910,215,421,65,135
val_inner,28_0.54_1.24.png,726,295,2273,62,1397
val_inner,2901_0.59_1.0.png,101,2152,1539,5,219
val_inner,2905_0.99_0.96.png,1080,405,1254,50,602
val_inner,2916_0.62_1.39.png,603,430,755,129,266
val_inner,2918_0.6_1.92.png,1712,545,700,64,154
val_inner,2926_0.6_1.32.png,1375,54,53,3,0
val_inner,2928_0.93_0.58.png,1097,183,88,8,8
val_inner,2941_0.7_1.3.png,732,444,1452,35,393
val_inner,2953_0.65_1.26.png,190,1339,2068,2,246
val_inner,2955_0.54_1.51.png,155,901,2638,16,255
val_inner,2963_0.61_1.33.png,970,1047,689,30,126
val_inner,2966_0.98_0.67.png,1114,803,1379,72,349
val_inner,2978_0.94_1.66.png,2997,37,84,7,10
val_inner,2991_0.88_1.4.png,1161,640,1076,23,499
val_inner,2994_0.81_0.58.png,226,1788,977,3,227
val_inner,2996_0.97_1.99.png,1970,430,375,33,54
val_inner,299_0.79_0.75.png,1948,140,373,0,170
val_inner,300_0.72_1.88.png,2800,0,236,83,190
val_inner,302_0.67_0.9.png,2928,294,802,23,249
val_inner,303_0.68_0.54.png,2384,484,1175,1,387
val_inner,309_0.52_0.96.png,1892,56,300,24,181
val_inner,319_0.87_1.65.png,1729,13,1724,7,1686
val_inner,325_0.68_1.71.png,1645,64,437,27,260
val_inner,326_0.56_0.94.png,1328,588,1138,6,523
val_inner,33_0.9_0.83.png,1609,302,856,27,517
val_inner,344_0.57_1.11.png,2878,8,464,55,216
val_inner,349_0.53_1.37.png,3044,0,836,6,817
val_inner,34_0.67_1.92.png,3366,22,545,72,482
val_inner,355_0.85_0.53.png,2136,114,754,27,434
val_inner,356_0.65_0.6.png,1590,352,1395,13,871
val_inner,361_0.83_0.87.png,1759,169,1207,192,876
val_inner,363_0.77_0.88.png,1612,128,1343,146,600
val_inner,365_0.89_1.63.png,1824,3,234,14,162
val_inner,367_0.56_0.63.png,72,1559,1376,0,287
val_inner,377_0.97_1.14.png,1001,59,1516,37,414
val_inner,382_0.85_0.82.png,957,27,841,0,422
val_inner,383_0.87_0.78.png,864,222,579,0,387
val_inner,386_0.91_1.27.png,3766,2,41,20,18
val_inner,400_0.99_1.08.png,2445,201,609,42,323
val_inner,407_0.59_0.69.png,1215,97,197,13,16
val_inner,414_0.52_1.27.png,2157,151,1062,58,538
val_inner,423_0.92_0.7.png,633,110,1162,0,360
val_inner,439_0.95_1.86.png,3504,25,72,11,0
val_inner,440_0.72_1.73.png,3507,4,5,1,0
val_inner,446_0.72_1.25.png,2650,110,1002,2,232
val_inner,449_0.79_1.15.png,1570,242,308,5,94
val_inner,454_0.63_0.9.png,494,945,2060,7,733
val_inner,455_0.55_1.99.png,2549,3,371,41,295
val_inner,459_0.9_0.51.png,270,470,1648,0,759
val_inner,470_0.8_0.94.png,1099,129,1443,32,945
val_inner,471_0.9_1.29.png,2102,42,330,14,292
val_inner,479_0.58_1.54.png,1992,836,780,55,121
val_inner,483_0.88_1.16.png,1609,197,519,0,166
val_inner,484_0.58_1.89.png,2811,102,450,39,149
val_inner,490_0.83_1.67.png,3529,190,101,2,28
val_inner,492_0.61_1.32.png,3509,209,243,0,79
val_inner,4_0.84_1.98.png,3274,76,432,14,193
val_inner,507_0.74_1.31.png,1580,233,1788,144,1352
val_inner,508_0.87_0.92.png,1108,219,1914,38,880
val_inner,50_0.82_1.93.png,2595,23,635,176,468
val_inner,517_0.95_1.51.png,3204,4,321,13,243
val_inner,525_0.65_1.46.png,2321,135,610,52,175
val_inner,531_0.55_1.19.png,2219,151,837,6,382
val_inner,533_0.96_1.51.png,1769,9,112,67,63
val_inner,535_0.78_1.25.png,1156,89,1259,229,870
val_inner,540_0.92_1.97.png,3228,0,11,7,11
val_inner,542_0.55_1.46.png,3449,14,277,106,82
val_inner,547_0.79_1.67.png,1947,32,1448,169,1139
val_inner,551_0.75_1.66.png,2218,28,1659,169,1507
val_inner,556_0.86_1.79.png,2461,8,414,30,327
val_inner,565_0.76_1.56.png,1183,47,1081,55,775
val_inner,574_0.65_1.38.png,2143,0,1322,112,1322
val_inner,575_0.71_1.7.png,2448,0,903,62,899
val_inner,576_0.84_1.69.png,2199,7,647,11,484
val_inner,581_0.54_1.36.png,3237,56,312,1,39
val_inner,585_0.6_0.89.png,1129,187,1475,73,1055
val_inner,590_0.65_0.94.png,325,467,3059,0,1642
val_inner,593_0.64_0.82.png,703,152,309,0,78
val_inner,595_0.78_1.11.png,1282,70,351,1,155
val_inner,596_0.55_0.89.png,781,204,389,8,72
val_inner,59_0.59_1.43.png,2555,33,753,233,565
val_inner,603_0.67_1.99.png,3161,0,2,1,2
val_inner,605_0.58_0.77.png,2358,256,1448,7,848
val_inner,609_0.58_1.34.png,1883,101,525,145,194
val_inner,614_0.95_0.72.png,888,141,569,8,311
val_inner,618_0.66_1.24.png,2741,72,485,72,208
val_inner,61_0.71_1.08.png,625,164,1219,9,513
val_inner,624_0.88_1.47.png,2868,39,692,36,97
val_inner,638_0.73_1.34.png,1321,95,1236,4,993
val_inner,653_0.78_0.53.png,2036,39,178,15,64
val_inner,659_0.86_0.85.png,2171,47,1310,0,1184
val_inner,661_0.6_1.84.png,2742,1,353,44,323
val_inner,663_0.87_1.75.png,3311,0,231,65,151
val_inner,674_0.93_0.72.png,982,827,924,1,199
val_inner,676_0.53_1.48.png,3371,65,324,39,167
val_inner,681_0.66_0.67.png,1727,265,1732,0,617
val_inner,683_0.9_1.98.png,2418,110,862,2,397
val_inner,686_0.62_0.82.png,2084,115,1366,67,844
val_inner,687_0.89_1.42.png,2272,104,1063,127,743
val_inner,68_0.75_1.58.png,967,31,363,36,197
val_inner,692_0.69_1.32.png,1309,16,1922,5,1829
val_inner,693_0.92_1.29.png,2507,0,356,26,247
val_inner,695_0.53_0.7.png,353,404,1841,7,576
val_inner,69_0.76_0.64.png,887,40,1319,105,1168
val_inner,706_0.58_1.34.png,2404,8,1223,0,1202
val_inner,714_0.84_0.79.png,1413,675,672,9,183
val_inner,715_0.73_0.85.png,1653,444,577,10,174
val_inner,718_0.91_1.21.png,2875,28,192,7,141
val_inner,719_0.61_0.7.png,1831,134,1265,91,577
val_inner,720_0.62_1.27.png,3081,12,197,31,61
val_inner,728_0.58_1.55.png,1402,101,860,29,115
val_inner,72_0.7_1.07.png,2003,25,403,20,184
val_inner,731_0.85_1.53.png,2427,8,1023,90,989
val_inner,735_0.5_1.46.png,2449,225,734,160,349
val_inner,743_0.75_1.36.png,2626,9,59,3,30
val_inner,744_0.9_0.99.png,2661,6,78,2,49
val_inner,746_0.64_0.98.png,1368,328,759,26,256
val_inner,748_0.79_0.91.png,706,107,942,19,507
val_inner,751_0.7_1.66.png,1636,30,119,13,68
val_inner,752_0.78_0.7.png,895,43,634,32,335
val_inner,755_0.86_0.67.png,1451,219,1802,41,1150
val_inner,756_0.9_1.88.png,3208,3,275,161,162
val_inner,778_0.99_1.06.png,2071,17,598,16,511
val_inner,781_0.51_1.6.png,2733,64,1153,74,803
val_inner,785_0.71_1.08.png,672,1329,957,20,95
val_inner,787_0.88_0.71.png,508,52,209,21,96
val_inner,791_0.89_1.37.png,2433,78,462,62,152
val_inner,793_0.71_0.66.png,219,749,1047,42,324
val_inner,799_0.65_0.7.png,1524,1021,553,9,11
val_inner,79_0.62_1.54.png,3545,9,579,249,461
val_inner,7_0.89_0.6.png,1561,61,488,6,341
val_inner,805_0.75_1.2.png,1489,134,1458,104,665
val_inner,80_0.99_1.95.png,3458,0,50,25,48
val_inner,810_0.78_1.52.png,1523,70,2117,2,1754
val_inner,812_0.59_0.82.png,615,129,3352,0,2311
val_inner,814_0.63_1.29.png,1761,128,358,130,32
val_inner,819_0.5_1.85.png,2234,27,1283,49,929
val_inner,826_0.81_1.2.png,3825,2,77,95,19
val_inner,83_0.64_1.88.png,2119,101,282,28,34
val_inner,844_0.99_1.22.png,1413,573,629,0,349
val_inner,849_0.55_0.6.png,200,1989,1889,0,401
val_inner,85_1.0_1.41.png,2206,157,908,27,378
val_inner,860_0.73_1.11.png,1859,89,1178,148,1029
val_inner,862_0.69_1.5.png,1882,70,656,20,381
val_inner,872_0.51_0.78.png,1151,51,1809,1,1429
val_inner,875_0.87_1.74.png,2221,1,191,13,143
val_inner,881_0.6_1.13.png,2542,19,214,8,172
val_inner,882_0.95_1.36.png,2236,5,661,161,581
val_inner,886_0.89_0.98.png,1175,132,1648,234,982
val_inner,88_0.98_1.99.png,2645,90,701,55,325
val_inner,899_0.93_1.74.png,1753,124,287,3,130
val_inner,900_0.91_0.72.png,919,469,722,1,250
val_inner,903_0.81_0.73.png,1646,339,527,15,242
val_inner,921_0.67_1.07.png,2415,22,837,57,393
val_inner,922_0.74_0.99.png,2633,37,540,44,255
val_inner,923_0.59_1.48.png,2758,7,795,56,381
val_inner,928_0.52_1.15.png,567,277,1128,13,688
val_inner,92_0.7_0.93.png,2122,84,234,1,113
val_inner,940_0.91_1.03.png,2668,287,277,0,58
val_inner,944_0.59_1.51.png,626,1034,721,0,5
val_inner,94_0.62_1.46.png,2973,0,542,85,338
val_inner,952_0.74_0.72.png,459,738,2714,0,1634
val_inner,953_0.95_0.84.png,2840,87,36,0,1
val_inner,955_0.94_0.9.png,2697,75,42,0,2
val_inner,956_0.55_1.4.png,1493,93,1760,0,1085
val_inner,95_0.85_1.33.png,2888,189,138,9,33
val_inner,965_0.67_1.91.png,2073,11,67,15,40
val_inner,975_0.8_1.05.png,875,31,540,99,422
val_inner,979_0.96_0.5.png,798,351,819,10,730
val_inner,984_0.67_1.7.png,2568,18,151,12,48
val_inner,985_0.85_0.52.png,1211,473,752,7,543
val_inner,987_0.56_1.81.png,2522,22,370,218,277
val_inner,98_0.97_1.56.png,2876,68,286,34,153
val_inner,993_0.96_1.77.png,1614,32,199,45,153
val_inner,996_0.93_0.78.png,777,368,747,0,427
val_inner,999_0.77_1.81.png,2742,0,223,65,108
val_inner,99_0.79_1.39.png,2453,21,600,110,327
val_inner,9_0.71_0.66.png,2417,204,147,4,2
