{
  "runs": {
    "A0": {
      "label": "A0",
      "arch": "official_convir",
      "mode": "original",
      "checkpoint": "/sda/home/wangyuxin/ConvIR-B/checkpoints/official/Haze4K/haze4k-base.pkl",
      "depth_mode": "none",
      "airlight_mode": "none",
      "count": 600,
      "mean_psnr": 39.35034857114156,
      "mean_ssim": 0.9957262628277143,
      "avg_time_sec_sync": 0.03463871121406555,
      "median_time_sec_sync": 0.03299093246459961,
      "peak_cuda_mem_mib": 535.95654296875
    },
    "DTA_v31_v31_wg18_base_s008_b14_seed3407_f0_gt_shuffle": {
      "label": "DTA_v31_v31_wg18_base_s008_b14_seed3407_f0_gt_shuffle",
      "arch": "dta_v3",
      "mode": "modres",
      "checkpoint": "/sda/home/wangyuxin/ConvIR-B/repos/ConvIR-B-dta-v3-dapc-finetune-taillite/Dehazing/ITS/results/ConvIR-Haze4K-DTA-v3-DAPC-DepthDirectTail-wg18_base_s008_b14-seed3407-f0-scout5full/Training-Results/Final.pkl",
      "depth_mode": "shuffle",
      "airlight_mode": "gt",
      "count": 600,
      "mean_psnr": 39.33972706158956,
      "mean_ssim": 0.9957009101907413,
      "avg_time_sec_sync": 0.042621999581654864,
      "median_time_sec_sync": 0.04330265522003174,
      "peak_cuda_mem_mib": 541.37451171875
    }
  },
  "comparison": {
    "common_count": 600,
    "mean_psnr_delta": -0.010621509552001952,
    "median_psnr_delta": 0.0046138763427734375,
    "p5_psnr_delta": -0.2469451904296875,
    "p95_psnr_delta": 0.1764524459838866,
    "hard_bottom25_psnr_delta": -0.019688517252604166,
    "easy_top25_psnr_delta": 0.009148025512695312,
    "worst10pct_mean_psnr_delta": -0.27935682932535805,
    "best10pct_mean_psnr_delta": 0.19261916478474936,
    "worst10img_mean_psnr_delta": -0.4900814056396484,
    "best10img_mean_psnr_delta": 0.31690673828125,
    "worst10_mean_psnr_delta": -0.27935682932535805,
    "best10_mean_psnr_delta": 0.19261916478474936,
    "mean_ssim_delta": -2.5352636973063153e-05,
    "positive_ratio": 0.5283333333333333,
    "strong_reference_cut_psnr": 42.755948066711426,
    "strong_reference_count": 150,
    "strong_regression_count_delta_le_-0.05": 32,
    "worst_regression_count_delta_le_-0.20": 44
  }
}