{
  "runs": {
    "A0": {
      "label": "A0",
      "arch": "official_convir",
      "mode": "original",
      "checkpoint": "/sda/home/wangyuxin/ConvIR-B/checkpoints/official/Haze4K/haze4k-base.pkl",
      "depth_mode": "none",
      "airlight_mode": "none",
      "count": 600,
      "mean_psnr": 39.35034857114156,
      "mean_ssim": 0.9957262628277143,
      "avg_time_sec_sync": 0.041386388937632246,
      "median_time_sec_sync": 0.040830016136169434,
      "peak_cuda_mem_mib": 535.95654296875
    },
    "DTA_v33_v33_routerfusion_d3_router_seed3411_f0_triage5full_fallback_normal": {
      "label": "DTA_v33_v33_routerfusion_d3_router_seed3411_f0_triage5full_fallback_normal",
      "arch": "dta_v3",
      "mode": "modres",
      "checkpoint": "/sda/home/wangyuxin/ConvIR-B/repos/ConvIR-B-dta-v3-dapc-finetune-v33-routerfusion/Dehazing/ITS/results/ConvIR-Haze4K-DTA-v3-3-RouterFusion-d3_router-seed3411-f0-triage5full/Training-Results/Final.pkl",
      "depth_mode": "normal",
      "airlight_mode": "fallback",
      "count": 600,
      "mean_psnr": 39.41015160242716,
      "mean_ssim": 0.9957356539368629,
      "avg_time_sec_sync": 0.052865697542826336,
      "median_time_sec_sync": 0.05378258228302002,
      "peak_cuda_mem_mib": 542.0546875
    }
  },
  "comparison": {
    "common_count": 600,
    "mean_psnr_delta": 0.05980303128560384,
    "median_psnr_delta": 0.05189704895019531,
    "p5_psnr_delta": -0.2238107681274414,
    "p95_psnr_delta": 0.3605825424194335,
    "hard_bottom25_psnr_delta": 0.07648179372151692,
    "easy_top25_psnr_delta": 0.048953882853190106,
    "worst10pct_mean_psnr_delta": -0.23688561121622723,
    "best10pct_mean_psnr_delta": 0.4026568094889323,
    "worst10img_mean_psnr_delta": -0.4023021697998047,
    "best10img_mean_psnr_delta": 0.6202972412109375,
    "worst10_mean_psnr_delta": -0.23688561121622723,
    "best10_mean_psnr_delta": 0.4026568094889323,
    "mean_ssim_delta": 9.391109148661296e-06,
    "positive_ratio": 0.6466666666666666,
    "strong_reference_cut_psnr": 42.755948066711426,
    "strong_reference_count": 150,
    "strong_regression_count_delta_le_-0.05": 39,
    "worst_regression_count_delta_le_-0.20": 34
  }
}
