{
  "runs": {
    "A0": {
      "label": "A0",
      "arch": "official_convir",
      "mode": "original",
      "checkpoint": "/sda/home/wangyuxin/ConvIR-B/checkpoints/official/Haze4K/haze4k-base.pkl",
      "depth_mode": "none",
      "airlight_mode": "none",
      "count": 600,
      "mean_psnr": 39.75955163955688,
      "mean_ssim": 0.995632650355498,
      "avg_time_sec_sync": 0.04184393525123596,
      "median_time_sec_sync": 0.040695786476135254,
      "peak_cuda_mem_mib": 535.56884765625
    },
    "DTA_v33_v33_routerfusion_d3_router_seed3411_f1_triage5full_gt_shuffle": {
      "label": "DTA_v33_v33_routerfusion_d3_router_seed3411_f1_triage5full_gt_shuffle",
      "arch": "dta_v3",
      "mode": "modres",
      "checkpoint": "/sda/home/wangyuxin/ConvIR-B/repos/ConvIR-B-dta-v3-dapc-finetune-v33-routerfusion/Dehazing/ITS/results/ConvIR-Haze4K-DTA-v3-3-RouterFusion-d3_router-seed3411-f1-triage5full/Training-Results/Final.pkl",
      "depth_mode": "shuffle",
      "airlight_mode": "gt",
      "count": 600,
      "mean_psnr": 39.72506127357483,
      "mean_ssim": 0.9956276858846347,
      "avg_time_sec_sync": 0.04631804307301839,
      "median_time_sec_sync": 0.0468907356262207,
      "peak_cuda_mem_mib": 542.14404296875
    }
  },
  "comparison": {
    "common_count": 600,
    "mean_psnr_delta": -0.03449036598205566,
    "median_psnr_delta": -0.033905029296875,
    "p5_psnr_delta": -0.2951839447021484,
    "p95_psnr_delta": 0.2295150756835937,
    "hard_bottom25_psnr_delta": -0.030141766866048178,
    "easy_top25_psnr_delta": -0.021566060384114582,
    "worst10pct_mean_psnr_delta": -0.34181315104166665,
    "best10pct_mean_psnr_delta": 0.2521031061808268,
    "worst10img_mean_psnr_delta": -0.58309326171875,
    "best10img_mean_psnr_delta": 0.3973258972167969,
    "worst10_mean_psnr_delta": -0.34181315104166665,
    "best10_mean_psnr_delta": 0.2521031061808268,
    "mean_ssim_delta": -4.9644708633422855e-06,
    "positive_ratio": 0.3933333333333333,
    "strong_reference_cut_psnr": 42.834919929504395,
    "strong_reference_count": 150,
    "strong_regression_count_delta_le_-0.05": 56,
    "worst_regression_count_delta_le_-0.20": 72
  }
}
