{
  "runs": {
    "A0": {
      "label": "A0",
      "arch": "official_convir",
      "mode": "original",
      "checkpoint": "/sda/home/wangyuxin/ConvIR-B/checkpoints/official/Haze4K/haze4k-base.pkl",
      "depth_mode": "none",
      "airlight_mode": "none",
      "count": 600,
      "mean_psnr": 39.35034857114156,
      "mean_ssim": 0.9957262628277143,
      "avg_time_sec_sync": 0.05432102640469869,
      "median_time_sec_sync": 0.04937398433685303,
      "peak_cuda_mem_mib": 537.50634765625
    },
    "DTA_v35_v35_fdf_rcs_l4_fdf_lite_tail_s004_g025_bm2_seed3411_f0_quick5full_fallback_train_normal": {
      "label": "DTA_v35_v35_fdf_rcs_l4_fdf_lite_tail_s004_g025_bm2_seed3411_f0_quick5full_fallback_train_normal",
      "arch": "dta_v3",
      "mode": "modres",
      "checkpoint": "/sda/home/wangyuxin/ConvIR-B/repos/ConvIR-B-dta-v3-5-fdf-rcs-lite/Dehazing/ITS/results/ConvIR-Haze4K-DTA-v3-5-FDF-RCS-l4_fdf_lite_tail_s004_g025_bm2-seed3411_f0-quick5full/Training-Results/Final.pkl",
      "depth_mode": "normal",
      "airlight_mode": "fallback",
      "count": 600,
      "mean_psnr": 39.385082197189334,
      "mean_ssim": 0.9957312980294227,
      "avg_time_sec_sync": 0.06455635627110799,
      "median_time_sec_sync": 0.05814862251281738,
      "peak_cuda_mem_mib": 602.2802734375
    }
  },
  "comparison": {
    "common_count": 600,
    "mean_psnr_delta": 0.03473362604777018,
    "median_psnr_delta": 0.033832550048828125,
    "p5_psnr_delta": -0.27022762298583985,
    "p95_psnr_delta": 0.34722099304199217,
    "hard_bottom25_psnr_delta": 0.02076555887858073,
    "easy_top25_psnr_delta": 0.027791188557942707,
    "worst10pct_mean_psnr_delta": -0.313728396097819,
    "best10pct_mean_psnr_delta": 0.3576213836669922,
    "worst10img_mean_psnr_delta": -0.5226066589355469,
    "best10img_mean_psnr_delta": 0.48955841064453126,
    "worst10_mean_psnr_delta": -0.313728396097819,
    "best10_mean_psnr_delta": 0.3576213836669922,
    "mean_ssim_delta": 5.035201708475749e-06,
    "positive_ratio": 0.605,
    "strong_reference_cut_psnr": 42.755948066711426,
    "strong_reference_count": 150,
    "strong_regression_count_delta_le_-0.05": 44,
    "worst_regression_count_delta_le_-0.20": 58
  }
}