{
  "runs": {
    "A0": {
      "label": "A0",
      "arch": "official_convir",
      "mode": "original",
      "checkpoint": "/sda/home/wangyuxin/ConvIR-B/checkpoints/official/Haze4K/haze4k-base.pkl",
      "depth_mode": "none",
      "airlight_mode": "none",
      "count": 600,
      "mean_psnr": 39.35034857114156,
      "mean_ssim": 0.9957262628277143,
      "avg_time_sec_sync": 0.04095258673032125,
      "median_time_sec_sync": 0.03781425952911377,
      "peak_cuda_mem_mib": 537.50634765625
    },
    "DTA_v35_v35_fdf_rcs_l3_fdf_lite_s004_g015_bm2_seed3411_f0_quick5full_fallback_train_shuffle": {
      "label": "DTA_v35_v35_fdf_rcs_l3_fdf_lite_s004_g015_bm2_seed3411_f0_quick5full_fallback_train_shuffle",
      "arch": "dta_v3",
      "mode": "modres",
      "checkpoint": "/sda/home/wangyuxin/ConvIR-B/repos/ConvIR-B-dta-v3-5-fdf-rcs-lite/Dehazing/ITS/results/ConvIR-Haze4K-DTA-v3-5-FDF-RCS-l3_fdf_lite_s004_g015_bm2-seed3411_f0-quick5full/Training-Results/Final.pkl",
      "depth_mode": "shuffle",
      "airlight_mode": "fallback",
      "count": 600,
      "mean_psnr": 39.386807692845665,
      "mean_ssim": 0.995731636484464,
      "avg_time_sec_sync": 0.06070216774940491,
      "median_time_sec_sync": 0.058267831802368164,
      "peak_cuda_mem_mib": 601.7294921875
    }
  },
  "comparison": {
    "common_count": 600,
    "mean_psnr_delta": 0.036459121704101566,
    "median_psnr_delta": 0.03540229797363281,
    "p5_psnr_delta": -0.26738662719726564,
    "p95_psnr_delta": 0.3524446487426756,
    "hard_bottom25_psnr_delta": 0.027316563924153645,
    "easy_top25_psnr_delta": 0.0269781494140625,
    "worst10pct_mean_psnr_delta": -0.3111165364583333,
    "best10pct_mean_psnr_delta": 0.3561404546101888,
    "worst10img_mean_psnr_delta": -0.5173294067382812,
    "best10img_mean_psnr_delta": 0.49963951110839844,
    "worst10_mean_psnr_delta": -0.3111165364583333,
    "best10_mean_psnr_delta": 0.3561404546101888,
    "mean_ssim_delta": 5.373656749725342e-06,
    "positive_ratio": 0.6016666666666667,
    "strong_reference_cut_psnr": 42.755948066711426,
    "strong_reference_count": 150,
    "strong_regression_count_delta_le_-0.05": 45,
    "worst_regression_count_delta_le_-0.20": 55
  }
}