{
  "runs": {
    "A0": {
      "label": "A0",
      "arch": "official_convir",
      "mode": "original",
      "checkpoint": "/sda/home/wangyuxin/ConvIR-B/checkpoints/official/Haze4K/haze4k-base.pkl",
      "depth_mode": "none",
      "airlight_mode": "none",
      "count": 600,
      "mean_psnr": 39.35034857114156,
      "mean_ssim": 0.9957262628277143,
      "avg_time_sec_sync": 0.03970915198326111,
      "median_time_sec_sync": 0.03882014751434326,
      "peak_cuda_mem_mib": 535.95654296875
    },
    "DTA_v33_v33_routerfusion_d3_router_seed3407_f0_triage5full_gt_invert": {
      "label": "DTA_v33_v33_routerfusion_d3_router_seed3407_f0_triage5full_gt_invert",
      "arch": "dta_v3",
      "mode": "modres",
      "checkpoint": "/sda/home/wangyuxin/ConvIR-B/repos/ConvIR-B-dta-v3-dapc-finetune-v33-routerfusion/Dehazing/ITS/results/ConvIR-Haze4K-DTA-v3-3-RouterFusion-d3_router-seed3407-f0-triage5full/Training-Results/Final.pkl",
      "depth_mode": "invert",
      "airlight_mode": "gt",
      "count": 600,
      "mean_psnr": 39.35143573760986,
      "mean_ssim": 0.9957038773099581,
      "avg_time_sec_sync": 0.044116817712783814,
      "median_time_sec_sync": 0.045105934143066406,
      "peak_cuda_mem_mib": 541.89892578125
    }
  },
  "comparison": {
    "common_count": 600,
    "mean_psnr_delta": 0.0010871664683024089,
    "median_psnr_delta": 0.007966995239257812,
    "p5_psnr_delta": -0.3995798110961914,
    "p95_psnr_delta": 0.3740367889404295,
    "hard_bottom25_psnr_delta": -0.018039360046386718,
    "easy_top25_psnr_delta": 0.012529449462890625,
    "worst10pct_mean_psnr_delta": -0.45960330963134766,
    "best10pct_mean_psnr_delta": 0.4266558329264323,
    "worst10img_mean_psnr_delta": -0.789349365234375,
    "best10img_mean_psnr_delta": 0.6636207580566407,
    "worst10_mean_psnr_delta": -0.45960330963134766,
    "best10_mean_psnr_delta": 0.4266558329264323,
    "mean_ssim_delta": -2.2385517756144206e-05,
    "positive_ratio": 0.5183333333333333,
    "strong_reference_cut_psnr": 42.755948066711426,
    "strong_reference_count": 150,
    "strong_regression_count_delta_le_-0.05": 47,
    "worst_regression_count_delta_le_-0.20": 105
  }
}
