{
  "runs": {
    "A0": {
      "label": "A0",
      "arch": "official_convir",
      "mode": "original",
      "checkpoint": "/sda/home/wangyuxin/ConvIR-B/checkpoints/official/Haze4K/haze4k-base.pkl",
      "depth_mode": "none",
      "count": 600,
      "mean_psnr": 39.35034857114156,
      "mean_ssim": 0.9957262628277143,
      "avg_time_sec_sync": 0.04265857299168905,
      "median_time_sec_sync": 0.04144477844238281,
      "peak_cuda_mem_mib": 535.95654296875
    },
    "DTA_v3_scout5full_depthDirectTail_wg20_tail12_s006_b10_seed3407_f0_evalnormal": {
      "label": "DTA_v3_scout5full_depthDirectTail_wg20_tail12_s006_b10_seed3407_f0_evalnormal",
      "arch": "dta_v3",
      "mode": "modres",
      "checkpoint": "/sda/home/wangyuxin/ConvIR-B/repos/ConvIR-B-dta-v3-dapc-finetune-tailguard/Dehazing/ITS/results/ConvIR-Haze4K-DTA-v3-DAPC-DepthDirectTail-wg20_tail12_s006_b10-seed3407-f0-scout5full/Training-Results/Final.pkl",
      "depth_mode": "normal",
      "count": 600,
      "mean_psnr": 39.30924734751383,
      "mean_ssim": 0.9956965828935306,
      "avg_time_sec_sync": 0.04985167980194092,
      "median_time_sec_sync": 0.050675392150878906,
      "peak_cuda_mem_mib": 540.7724609375
    }
  },
  "comparison": {
    "common_count": 600,
    "mean_psnr_delta": -0.04110122362772624,
    "median_psnr_delta": -0.029811859130859375,
    "p5_psnr_delta": -0.21408157348632814,
    "p95_psnr_delta": 0.09646635055541981,
    "hard_bottom25_psnr_delta": -0.03695250193277995,
    "easy_top25_psnr_delta": -0.02813524881998698,
    "worst10pct_mean_psnr_delta": -0.2517847696940104,
    "best10pct_mean_psnr_delta": 0.12177743911743164,
    "worst10img_mean_psnr_delta": -0.4323879241943359,
    "best10img_mean_psnr_delta": 0.23065948486328125,
    "worst10_mean_psnr_delta": -0.2517847696940104,
    "best10_mean_psnr_delta": 0.12177743911743164,
    "mean_ssim_delta": -2.967993418375651e-05,
    "positive_ratio": 0.3516666666666667,
    "strong_reference_cut_psnr": 42.755948066711426,
    "strong_reference_count": 150,
    "strong_regression_count_delta_le_-0.05": 54,
    "worst_regression_count_delta_le_-0.20": 37
  }
}