{
  "runs": {
    "A0": {
      "label": "A0",
      "arch": "official_convir",
      "mode": "original",
      "checkpoint": "/sda/home/wangyuxin/ConvIR-B/checkpoints/official/Haze4K/haze4k-base.pkl",
      "depth_mode": "none",
      "count": 600,
      "mean_psnr": 39.024180043538415,
      "mean_ssim": 0.9954205108682315,
      "avg_time_sec_sync": 0.04375633001327515,
      "median_time_sec_sync": 0.041821837425231934,
      "peak_cuda_mem_mib": 535.56884765625
    },
    "DTA_v2_oof20_adapter_only_shuffle_seed3413_f2_final": {
      "label": "DTA_v2_oof20_adapter_only_shuffle_seed3413_f2_final",
      "arch": "dta_v2",
      "mode": "original",
      "checkpoint": "/sda/home/wangyuxin/ConvIR-B/repos/ConvIR-B-dta-v2-calibrated/Dehazing/ITS/results/ConvIR-Haze4K-DTA-v2-adapter_only-shuffle-seed3413-f2-oof20/Training-Results/Final.pkl",
      "depth_mode": "shuffle",
      "count": 600,
      "mean_psnr": 39.11220390319824,
      "mean_ssim": 0.9954271814227105,
      "avg_time_sec_sync": 0.037022762695948286,
      "median_time_sec_sync": 0.034979820251464844,
      "peak_cuda_mem_mib": 540.76171875
    }
  },
  "comparison": {
    "common_count": 600,
    "mean_psnr_delta": 0.08802385965983073,
    "median_psnr_delta": 0.08074378967285156,
    "p5_psnr_delta": -0.3498443603515625,
    "p95_psnr_delta": 0.5607990264892576,
    "hard_bottom25_psnr_delta": 0.05039769490559896,
    "easy_top25_psnr_delta": 0.0915033213297526,
    "worst10pct_mean_psnr_delta": -0.37246306737263996,
    "best10pct_mean_psnr_delta": 0.5975306828816732,
    "worst10img_mean_psnr_delta": -0.6156837463378906,
    "best10img_mean_psnr_delta": 0.86226806640625,
    "worst10_mean_psnr_delta": -0.37246306737263996,
    "best10_mean_psnr_delta": 0.5975306828816732,
    "mean_ssim_delta": 6.670554478963216e-06,
    "positive_ratio": 0.6483333333333333,
    "strong_reference_cut_psnr": 42.41839599609375,
    "strong_reference_count": 150,
    "strong_regression_count_delta_le_-0.05": 45,
    "worst_regression_count_delta_le_-0.20": 62
  }
}