{
  "runs": {
    "A0": {
      "label": "A0",
      "arch": "official_convir",
      "mode": "original",
      "checkpoint": "/sda/home/wangyuxin/ConvIR-B/checkpoints/official/Haze4K/haze4k-base.pkl",
      "depth_mode": "none",
      "airlight_mode": "none",
      "count": 600,
      "mean_psnr": 39.35034857114156,
      "mean_ssim": 0.9957262628277143,
      "avg_time_sec_sync": 0.04205106457074483,
      "median_time_sec_sync": 0.040432095527648926,
      "peak_cuda_mem_mib": 535.95654296875
    },
    "DTA_v33_v33_routerfusion_d2_lowphys_seed3407_f0_triage5full_fallback_shuffle": {
      "label": "DTA_v33_v33_routerfusion_d2_lowphys_seed3407_f0_triage5full_fallback_shuffle",
      "arch": "dta_v3",
      "mode": "modres",
      "checkpoint": "/sda/home/wangyuxin/ConvIR-B/repos/ConvIR-B-dta-v3-dapc-finetune-v33-routerfusion/Dehazing/ITS/results/ConvIR-Haze4K-DTA-v3-3-RouterFusion-d2_lowphys-seed3407-f0-triage5full/Training-Results/Final.pkl",
      "depth_mode": "shuffle",
      "airlight_mode": "fallback",
      "count": 600,
      "mean_psnr": 39.33430337270101,
      "mean_ssim": 0.9957043543457985,
      "avg_time_sec_sync": 0.05308976014455159,
      "median_time_sec_sync": 0.05360102653503418,
      "peak_cuda_mem_mib": 542.3359375
    }
  },
  "comparison": {
    "common_count": 600,
    "mean_psnr_delta": -0.01604519844055176,
    "median_psnr_delta": -0.0072574615478515625,
    "p5_psnr_delta": -0.2596864700317383,
    "p95_psnr_delta": 0.20563888549804674,
    "hard_bottom25_psnr_delta": -0.026240450541178385,
    "easy_top25_psnr_delta": -0.004858729044596354,
    "worst10pct_mean_psnr_delta": -0.28759018580118817,
    "best10pct_mean_psnr_delta": 0.22967395782470704,
    "worst10img_mean_psnr_delta": -0.4588314056396484,
    "best10img_mean_psnr_delta": 0.3695568084716797,
    "worst10_mean_psnr_delta": -0.28759018580118817,
    "best10_mean_psnr_delta": 0.22967395782470704,
    "mean_ssim_delta": -2.190848191579183e-05,
    "positive_ratio": 0.4666666666666667,
    "strong_reference_cut_psnr": 42.755948066711426,
    "strong_reference_count": 150,
    "strong_regression_count_delta_le_-0.05": 42,
    "worst_regression_count_delta_le_-0.20": 56
  }
}
