{
  "runs": {
    "A0": {
      "label": "A0",
      "arch": "official_convir",
      "mode": "original",
      "checkpoint": "/home/caozhiyang/ConvIR-B/checkpoints/official/Haze4K/haze4k-base.pkl",
      "depth_mode": "none",
      "airlight_mode": "none",
      "count": 1000,
      "mean_psnr": 34.140645500183105,
      "mean_ssim": 0.9897101619243622,
      "avg_time_sec_sync": 0.02162071204185486,
      "median_time_sec_sync": 0.024035215377807617,
      "peak_cuda_mem_mib": 538.44482421875
    },
    "DTA_v34_v34_fdf_tsr_e2_tiny_residual_seed3407_quick5full_fallback_test_normal": {
      "label": "DTA_v34_v34_fdf_tsr_e2_tiny_residual_seed3407_quick5full_fallback_test_normal",
      "arch": "dta_v3",
      "mode": "modres",
      "checkpoint": "/home/caozhiyang/ConvIR-B/repos/ConvIR-B-dta-v3-4-fdf-tsr-finetune/Dehazing/ITS/results/ConvIR-Haze4K-DTA-v3-4-FDF-TSR-e2_tiny_residual-seed3407-quick5full/Training-Results/Final.pkl",
      "depth_mode": "normal",
      "airlight_mode": "fallback",
      "count": 1000,
      "mean_psnr": 33.9869523601532,
      "mean_ssim": 0.9895739727020264,
      "avg_time_sec_sync": 0.029989251852035523,
      "median_time_sec_sync": 0.03431546688079834,
      "peak_cuda_mem_mib": 545.2568359375
    }
  },
  "comparison": {
    "common_count": 1000,
    "mean_psnr_delta": -0.15369314002990722,
    "median_psnr_delta": -0.1441335678100586,
    "p5_psnr_delta": -0.746064281463623,
    "p95_psnr_delta": 0.3207576751708982,
    "hard_bottom25_psnr_delta": -0.04072146606445313,
    "easy_top25_psnr_delta": -0.18835151672363282,
    "worst10pct_mean_psnr_delta": -0.8493389892578125,
    "best10pct_mean_psnr_delta": 0.49871679306030275,
    "worst10img_mean_psnr_delta": -1.517980194091797,
    "best10img_mean_psnr_delta": 2.1563085556030273,
    "worst10_mean_psnr_delta": -0.8493389892578125,
    "best10_mean_psnr_delta": 0.49871679306030275,
    "mean_ssim_delta": -0.00013618922233581544,
    "positive_ratio": 0.254,
    "strong_reference_cut_psnr": 39.08926200866699,
    "strong_reference_count": 250,
    "strong_regression_count_delta_le_-0.05": 163,
    "worst_regression_count_delta_le_-0.20": 395
  }
}