{
  "source_csv": "/root/autodl-tmp/workspace/ConvIR-B-haze-prior-scm/experience_docx/experiment_logs/haze4k_haze_prior_scm_20260601/scout_eval_per_image_seed3407_stop20_last.csv",
  "candidate_name": "haze_prior_scm_hardaux",
  "overall": {
    "count": 1000,
    "mean_delta_psnr": 1.5848309888839722,
    "median_delta_psnr": 1.5382061004638672,
    "p5_delta_psnr": -3.3401389122009277,
    "p95_delta_psnr": 6.173533344268798,
    "positive_delta_count": 747,
    "positive_delta_ratio": 0.747,
    "regression_delta_le_-0.05": 242,
    "regression_delta_le_-0.10": 237,
    "regression_delta_le_-0.20": 229,
    "gain_delta_ge_0.05": 744,
    "gain_delta_ge_0.10": 736,
    "mean_delta_ssim": 0.03389712285995483,
    "median_delta_ssim": 0.022196680307388306,
    "worst_10_mean_delta_psnr": -6.822060394287109,
    "best_10_mean_delta_psnr": 9.82917423248291
  },
  "difficulty_buckets_by_original_psnr": {
    "hard_bottom_25pct": {
      "original_psnr_range": [
        8.522269248962402,
        20.067798614501953
      ],
      "count": 250,
      "mean_delta_psnr": 2.1790987129211428,
      "median_delta_psnr": 2.069413185119629,
      "p5_delta_psnr": -0.8275815486907959,
      "p95_delta_psnr": 5.736161422729493,
      "positive_delta_count": 217,
      "positive_delta_ratio": 0.868,
      "regression_delta_le_-0.05": 31,
      "regression_delta_le_-0.10": 30,
      "regression_delta_le_-0.20": 28,
      "gain_delta_ge_0.05": 217,
      "gain_delta_ge_0.10": 215,
      "mean_delta_ssim": 0.04605867600440979,
      "median_delta_ssim": 0.03730061650276184,
      "worst_10_mean_delta_psnr": -2.067179298400879,
      "best_10_mean_delta_psnr": 7.428764724731446
    },
    "medium_middle_50pct": {
      "original_psnr_range": [
        20.08197784423828,
        24.689132690429688
      ],
      "count": 500,
      "mean_delta_psnr": 1.668239501953125,
      "median_delta_psnr": 1.5539731979370117,
      "p5_delta_psnr": -2.3620254516601564,
      "p95_delta_psnr": 6.189033603668213,
      "positive_delta_count": 378,
      "positive_delta_ratio": 0.756,
      "regression_delta_le_-0.05": 118,
      "regression_delta_le_-0.10": 115,
      "regression_delta_le_-0.20": 111,
      "gain_delta_ge_0.05": 376,
      "gain_delta_ge_0.10": 372,
      "mean_delta_ssim": 0.030664046049118043,
      "median_delta_ssim": 0.02120208740234375,
      "worst_10_mean_delta_psnr": -5.125012016296386,
      "best_10_mean_delta_psnr": 9.553462028503418
    },
    "easy_top_25pct": {
      "original_psnr_range": [
        24.709877014160156,
        33.228919982910156
      ],
      "count": 250,
      "mean_delta_psnr": 0.8237462387084961,
      "median_delta_psnr": 0.7694129943847656,
      "p5_delta_psnr": -4.841095924377441,
      "p95_delta_psnr": 6.186041641235351,
      "positive_delta_count": 152,
      "positive_delta_ratio": 0.608,
      "regression_delta_le_-0.05": 93,
      "regression_delta_le_-0.10": 92,
      "regression_delta_le_-0.20": 90,
      "gain_delta_ge_0.05": 151,
      "gain_delta_ge_0.10": 149,
      "mean_delta_ssim": 0.02820172333717346,
      "median_delta_ssim": 0.012825995683670044,
      "worst_10_mean_delta_psnr": -6.525511741638184,
      "best_10_mean_delta_psnr": 7.558508110046387
    }
  },
  "filename_parameter_correlations_inferred": {
    "note": "Haze4K filenames look like id_param1_param2.png; this file records correlation only and does not assume the parameter meaning.",
    "param_1_vs_original_psnr": 0.11359864669057414,
    "param_1_vs_delta_psnr": -0.0576224151020017,
    "param_2_vs_original_psnr": -0.30430570558703285,
    "param_2_vs_delta_psnr": -0.2558523380594379
  },
  "worst_regressions": [
    {
      "name": "97_0.61_1.21.png",
      "original_psnr": 30.067840576171875,
      "candidate_psnr": 20.76375961303711,
      "delta_psnr": -9.304080963134766,
      "original_ssim": 0.9674186110496521,
      "candidate_ssim": 0.9703973531723022,
      "delta_ssim": 0.0029787421226501465,
      "filename_param_1": 0.61,
      "filename_param_2": 1.21
    },
    {
      "name": "162_0.9_0.74.png",
      "original_psnr": 30.242128372192383,
      "candidate_psnr": 22.09652328491211,
      "delta_psnr": -8.145605087280273,
      "original_ssim": 0.9902632236480713,
      "candidate_ssim": 0.9629173278808594,
      "delta_ssim": -0.027345895767211914,
      "filename_param_1": 0.9,
      "filename_param_2": 0.74
    },
    {
      "name": "164_0.84_1.26.png",
      "original_psnr": 30.208568572998047,
      "candidate_psnr": 22.56939697265625,
      "delta_psnr": -7.639171600341797,
      "original_ssim": 0.9855517148971558,
      "candidate_ssim": 0.9675957560539246,
      "delta_ssim": -0.0179559588432312,
      "filename_param_1": 0.84,
      "filename_param_2": 1.26
    },
    {
      "name": "374_0.52_1.1.png",
      "original_psnr": 24.580150604248047,
      "candidate_psnr": 17.727733612060547,
      "delta_psnr": -6.8524169921875,
      "original_ssim": 0.9417448043823242,
      "candidate_ssim": 0.9253772497177124,
      "delta_ssim": -0.016367554664611816,
      "filename_param_1": 0.52,
      "filename_param_2": 1.1
    },
    {
      "name": "373_0.53_1.07.png",
      "original_psnr": 24.44786262512207,
      "candidate_psnr": 18.150575637817383,
      "delta_psnr": -6.2972869873046875,
      "original_ssim": 0.9420267939567566,
      "candidate_ssim": 0.9292539358139038,
      "delta_ssim": -0.012772858142852783,
      "filename_param_1": 0.53,
      "filename_param_2": 1.07
    },
    {
      "name": "20_0.58_1.76.png",
      "original_psnr": 27.628257751464844,
      "candidate_psnr": 21.540447235107422,
      "delta_psnr": -6.087810516357422,
      "original_ssim": 0.9501480460166931,
      "candidate_ssim": 0.9585911631584167,
      "delta_ssim": 0.008443117141723633,
      "filename_param_1": 0.58,
      "filename_param_2": 1.76
    },
    {
      "name": "195_0.61_1.47.png",
      "original_psnr": 25.940444946289062,
      "candidate_psnr": 19.89479637145996,
      "delta_psnr": -6.045648574829102,
      "original_ssim": 0.9682230949401855,
      "candidate_ssim": 0.9592385292053223,
      "delta_ssim": -0.008984565734863281,
      "filename_param_1": 0.61,
      "filename_param_2": 1.47
    },
    {
      "name": "36_0.83_1.99.png",
      "original_psnr": 25.13385772705078,
      "candidate_psnr": 19.09532356262207,
      "delta_psnr": -6.038534164428711,
      "original_ssim": 0.9667367339134216,
      "candidate_ssim": 0.9302816390991211,
      "delta_ssim": -0.03645509481430054,
      "filename_param_1": 0.83,
      "filename_param_2": 1.99
    },
    {
      "name": "161_0.56_1.13.png",
      "original_psnr": 28.5250244140625,
      "candidate_psnr": 22.606842041015625,
      "delta_psnr": -5.918182373046875,
      "original_ssim": 0.9820926189422607,
      "candidate_ssim": 0.977421224117279,
      "delta_ssim": -0.0046713948249816895,
      "filename_param_1": 0.56,
      "filename_param_2": 1.13
    },
    {
      "name": "34_0.77_1.56.png",
      "original_psnr": 24.484073638916016,
      "candidate_psnr": 18.592206954956055,
      "delta_psnr": -5.891866683959961,
      "original_ssim": 0.9609403014183044,
      "candidate_ssim": 0.9216617345809937,
      "delta_ssim": -0.03927856683731079,
      "filename_param_1": 0.77,
      "filename_param_2": 1.56
    },
    {
      "name": "35_0.77_1.43.png",
      "original_psnr": 23.972509384155273,
      "candidate_psnr": 18.357173919677734,
      "delta_psnr": -5.615335464477539,
      "original_ssim": 0.9573771357536316,
      "candidate_ssim": 0.917984664440155,
      "delta_ssim": -0.03939247131347656,
      "filename_param_1": 0.77,
      "filename_param_2": 1.43
    },
    {
      "name": "490_0.61_1.55.png",
      "original_psnr": 26.553728103637695,
      "candidate_psnr": 21.14000129699707,
      "delta_psnr": -5.413726806640625,
      "original_ssim": 0.9778062701225281,
      "candidate_ssim": 0.950958251953125,