{
  "runs": {
    "a0": {
      "label": "a0",
      "arch": "convir",
      "mode": "original",
      "checkpoint": "/root/autodl-tmp/workspace/ConvIR-B/Dehazing/pretrained_models/haze4k-base.pkl",
      "count": 300,
      "mean_psnr": 34.24652524312337,
      "mean_ssim": 0.9936463141441345,
      "avg_time_sec_sync": 0.061322420438130694,
      "median_time_sec_sync": 0.06311070919036865,
      "peak_cuda_mem_mib": 536.22607421875
    },
    "v18_seed929_model_5_val_hard": {
      "label": "v18_seed929_model_5_val_hard",
      "arch": "dpga",
      "mode": "model_5",
      "checkpoint": "/root/autodl-tmp/workspace/ConvIR-B-v1-8-execution-queue/Dehazing/ITS/results/ConvIR-Haze4K-v1.8-BiDPFM1-fusion-neighbor-seed929-20260606/Training-Results/model_5.pkl",
      "count": 300,
      "mean_psnr": 33.629220472971596,
      "mean_ssim": 0.992423855861028,
      "avg_time_sec_sync": 0.06535276571909586,
      "median_time_sec_sync": 0.06695270538330078,
      "peak_cuda_mem_mib": 1147.46435546875
    }
  },
  "comparison": {
    "common_count": 300,
    "mean_psnr_delta": -0.6173047701517741,
    "median_psnr_delta": -0.6899528503417969,
    "p5_psnr_delta": -2.1925134658813477,
    "p95_psnr_delta": 1.2800231933593769,
    "hard_bottom25_psnr_delta": -0.6902430725097656,
    "easy_top25_psnr_delta": -0.582836405436198,
    "worst10pct_mean_psnr_delta": -2.4417776107788085,
    "best10pct_mean_psnr_delta": 1.504603131612142,
    "worst10img_mean_psnr_delta": -3.1629510879516602,
    "best10img_mean_psnr_delta": 2.2331779479980467,
    "worst10_mean_psnr_delta": -2.4417776107788085,
    "best10_mean_psnr_delta": 1.504603131612142,
    "mean_ssim_delta": -0.001222458283106486,
    "positive_ratio": 0.24,
    "strong_reference_cut_psnr": 36.437724113464355,
    "strong_reference_count": 75,
    "strong_regression_count_delta_le_-0.05": 52,
    "worst_regression_count_delta_le_-0.20": 207
  }
}