{
  "runs": {
    "a0": {
      "label": "a0",
      "arch": "convir",
      "mode": "original",
      "checkpoint": "/root/autodl-tmp/workspace/ConvIR-B/Dehazing/pretrained_models/haze4k-base.pkl",
      "count": 300,
      "mean_psnr": 39.469193369547526,
      "mean_ssim": 0.9956027628978094,
      "avg_time_sec_sync": 0.059358221689860026,
      "median_time_sec_sync": 0.0586085319519043,
      "peak_cuda_mem_mib": 535.27294921875
    },
    "v18_seed929_model_10_val_regular": {
      "label": "v18_seed929_model_10_val_regular",
      "arch": "dpga",
      "mode": "model_10",
      "checkpoint": "/root/autodl-tmp/workspace/ConvIR-B-v1-8-execution-queue/Dehazing/ITS/results/ConvIR-Haze4K-v1.8-BiDPFM1-fusion-neighbor-seed929-20260606/Training-Results/model_10.pkl",
      "count": 300,
      "mean_psnr": 36.11556763966878,
      "mean_ssim": 0.9919718341032664,
      "avg_time_sec_sync": 0.060542634328206384,
      "median_time_sec_sync": 0.05761420726776123,
      "peak_cuda_mem_mib": 1147.56005859375
    }
  },
  "comparison": {
    "common_count": 300,
    "mean_psnr_delta": -3.3536257298787433,
    "median_psnr_delta": -3.2447681427001953,
    "p5_psnr_delta": -7.279879856109619,
    "p95_psnr_delta": -0.07964601516723616,
    "hard_bottom25_psnr_delta": -1.9508836110432943,
    "easy_top25_psnr_delta": -4.90693837483724,
    "worst10pct_mean_psnr_delta": -7.44328727722168,
    "best10pct_mean_psnr_delta": 0.3290053049723307,
    "worst10img_mean_psnr_delta": -8.6107666015625,
    "best10img_mean_psnr_delta": 1.5363101959228516,
    "worst10_mean_psnr_delta": -7.44328727722168,
    "best10_mean_psnr_delta": 0.3290053049723307,
    "mean_ssim_delta": -0.003630928794542948,
    "positive_ratio": 0.04666666666666667,
    "strong_reference_cut_psnr": 42.45430278778076,
    "strong_reference_count": 75,
    "strong_regression_count_delta_le_-0.05": 75,
    "worst_regression_count_delta_le_-0.20": 280
  }
}