{
  "runs": {
    "a0": {
      "label": "a0",
      "arch": "convir",
      "mode": "original",
      "checkpoint": "/root/autodl-tmp/workspace/ConvIR-B/Dehazing/pretrained_models/haze4k-base.pkl",
      "count": 300,
      "mean_psnr": 34.24652523676554,
      "mean_ssim": 0.9936463151375453,
      "avg_time_sec_sync": 0.061949151357014974,
      "median_time_sec_sync": 0.06353116035461426,
      "peak_cuda_mem_mib": 536.22607421875
    },
    "v18_seed929_model_15_val_hard": {
      "label": "v18_seed929_model_15_val_hard",
      "arch": "dpga",
      "mode": "model_15",
      "checkpoint": "/root/autodl-tmp/workspace/ConvIR-B-v1-8-execution-queue/Dehazing/ITS/results/ConvIR-Haze4K-v1.8-BiDPFM1-fusion-neighbor-seed929-20260606/Training-Results/model_15.pkl",
      "count": 300,
      "mean_psnr": 30.98908716837565,
      "mean_ssim": 0.9859078222513199,
      "avg_time_sec_sync": 0.06454152901967367,
      "median_time_sec_sync": 0.06741476058959961,
      "peak_cuda_mem_mib": 1147.46435546875
    }
  },
  "comparison": {
    "common_count": 300,
    "mean_psnr_delta": -3.2574380683898925,
    "median_psnr_delta": -3.3383731842041016,
    "p5_psnr_delta": -6.318646335601807,
    "p95_psnr_delta": 0.37780551910400556,
    "hard_bottom25_psnr_delta": -2.779924062093099,
    "easy_top25_psnr_delta": -4.110728530883789,
    "worst10pct_mean_psnr_delta": -7.31364860534668,
    "best10pct_mean_psnr_delta": 0.9693051020304362,
    "worst10img_mean_psnr_delta": -9.583124160766602,
    "best10img_mean_psnr_delta": 2.961067962646484,
    "worst10_mean_psnr_delta": -7.31364860534668,
    "best10_mean_psnr_delta": 0.9693051020304362,
    "mean_ssim_delta": -0.007738492886225383,
    "positive_ratio": 0.056666666666666664,
    "strong_reference_cut_psnr": 36.437724113464355,
    "strong_reference_count": 75,
    "strong_regression_count_delta_le_-0.05": 71,
    "worst_regression_count_delta_le_-0.20": 281
  }
}