{
  "runs": {
    "a0": {
      "label": "a0",
      "arch": "convir",
      "mode": "original",
      "checkpoint": "/root/autodl-tmp/workspace/ConvIR-B/Dehazing/pretrained_models/haze4k-base.pkl",
      "count": 300,
      "mean_psnr": 39.46919347127279,
      "mean_ssim": 0.9956027692556382,
      "avg_time_sec_sync": 0.06015448331832886,
      "median_time_sec_sync": 0.06057286262512207,
      "peak_cuda_mem_mib": 535.27294921875
    },
    "v18_seed929_model_20_val_regular": {
      "label": "v18_seed929_model_20_val_regular",
      "arch": "dpga",
      "mode": "model_20",
      "checkpoint": "/root/autodl-tmp/workspace/ConvIR-B-v1-8-execution-queue/Dehazing/ITS/results/ConvIR-Haze4K-v1.8-BiDPFM1-fusion-neighbor-seed929-20260606/Training-Results/model_20.pkl",
      "count": 300,
      "mean_psnr": 32.158163471221926,
      "mean_ssim": 0.9838379174470901,
      "avg_time_sec_sync": 0.06071396191914876,
      "median_time_sec_sync": 0.059188246726989746,
      "peak_cuda_mem_mib": 1147.56005859375
    }
  },
  "comparison": {
    "common_count": 300,
    "mean_psnr_delta": -7.311030000050863,
    "median_psnr_delta": -7.221044540405273,
    "p5_psnr_delta": -12.295751857757569,
    "p95_psnr_delta": -2.0831634521484363,
    "hard_bottom25_psnr_delta": -4.43121836344401,
    "easy_top25_psnr_delta": -9.735376815795899,
    "worst10pct_mean_psnr_delta": -12.59644432067871,
    "best10pct_mean_psnr_delta": -1.77649777730306,
    "worst10img_mean_psnr_delta": -13.841458511352538,
    "best10img_mean_psnr_delta": -0.7341156005859375,
    "worst10_mean_psnr_delta": -12.59644432067871,
    "best10_mean_psnr_delta": -1.77649777730306,
    "mean_ssim_delta": -0.011764851808547973,
    "positive_ratio": 0.006666666666666667,
    "strong_reference_cut_psnr": 42.45430278778076,
    "strong_reference_count": 75,
    "strong_regression_count_delta_le_-0.05": 75,
    "worst_regression_count_delta_le_-0.20": 297
  }
}