{
  "runs": {
    "a0": {
      "label": "a0",
      "arch": "convir",
      "mode": "original",
      "checkpoint": "/root/autodl-tmp/workspace/ConvIR-B/Dehazing/pretrained_models/haze4k-base.pkl",
      "count": 300,
      "mean_psnr": 39.4691934076945,
      "mean_ssim": 0.9956027662754059,
      "avg_time_sec_sync": 0.05830102523167928,
      "median_time_sec_sync": 0.05981004238128662,
      "peak_cuda_mem_mib": 535.27294921875
    },
    "v18_seed929_final_val_regular": {
      "label": "v18_seed929_final_val_regular",
      "arch": "dpga",
      "mode": "Final",
      "checkpoint": "/root/autodl-tmp/workspace/ConvIR-B-v1-8-execution-queue/Dehazing/ITS/results/ConvIR-Haze4K-v1.8-BiDPFM1-fusion-neighbor-seed929-20260606/Training-Results/Final.pkl",
      "count": 300,
      "mean_psnr": 32.15816348393758,
      "mean_ssim": 0.9838379164536794,
      "avg_time_sec_sync": 0.060556565125783286,
      "median_time_sec_sync": 0.05871081352233887,
      "peak_cuda_mem_mib": 1147.56005859375
    }
  },
  "comparison": {
    "common_count": 300,
    "mean_psnr_delta": -7.311029923756918,
    "median_psnr_delta": -7.221044540405273,
    "p5_psnr_delta": -12.295751857757569,
    "p95_psnr_delta": -2.0831634521484363,
    "hard_bottom25_psnr_delta": -4.43121836344401,
    "easy_top25_psnr_delta": -9.735376714070638,
    "worst10pct_mean_psnr_delta": -12.59644463857015,
    "best10pct_mean_psnr_delta": -1.77649777730306,
    "worst10img_mean_psnr_delta": -13.841458511352538,
    "best10img_mean_psnr_delta": -0.7341156005859375,
    "worst10_mean_psnr_delta": -12.59644463857015,
    "best10_mean_psnr_delta": -1.77649777730306,
    "mean_ssim_delta": -0.011764849821726481,
    "positive_ratio": 0.006666666666666667,
    "strong_reference_cut_psnr": 42.45430278778076,
    "strong_reference_count": 75,
    "strong_regression_count_delta_le_-0.05": 75,
    "worst_regression_count_delta_le_-0.20": 297
  }
}