{
  "runs": {
    "a0": {
      "label": "a0",
      "arch": "convir",
      "mode": "original",
      "checkpoint": "/root/autodl-tmp/workspace/ConvIR-B/Dehazing/pretrained_models/haze4k-base.pkl",
      "count": 300,
      "mean_psnr": 39.469193382263185,
      "mean_ssim": 0.9956027646859487,
      "avg_time_sec_sync": 0.057803056240081786,
      "median_time_sec_sync": 0.05798232555389404,
      "peak_cuda_mem_mib": 535.27294921875
    },
    "v18_seed929_best_val_regular": {
      "label": "v18_seed929_best_val_regular",
      "arch": "dpga",
      "mode": "Best",
      "checkpoint": "/root/autodl-tmp/workspace/ConvIR-B-v1-8-execution-queue/Dehazing/ITS/results/ConvIR-Haze4K-v1.8-BiDPFM1-fusion-neighbor-seed929-20260606/Training-Results/Best.pkl",
      "count": 300,
      "mean_psnr": 39.39293711344401,
      "mean_ssim": 0.9954936617612838,
      "avg_time_sec_sync": 0.061660049756368004,
      "median_time_sec_sync": 0.06260347366333008,
      "peak_cuda_mem_mib": 1147.56005859375
    }
  },
  "comparison": {
    "common_count": 300,
    "mean_psnr_delta": -0.07625626881917318,
    "median_psnr_delta": -0.08976173400878906,
    "p5_psnr_delta": -0.565556526184082,
    "p95_psnr_delta": 0.419136047363282,
    "hard_bottom25_psnr_delta": -0.16042724609375,
    "easy_top25_psnr_delta": -0.029335378011067708,
    "worst10pct_mean_psnr_delta": -0.6279446919759114,
    "best10pct_mean_psnr_delta": 0.5206530253092448,
    "worst10img_mean_psnr_delta": -0.8375698089599609,
    "best10img_mean_psnr_delta": 0.797488784790039,
    "worst10_mean_psnr_delta": -0.6279446919759114,
    "best10_mean_psnr_delta": 0.5206530253092448,
    "mean_ssim_delta": -0.00010910292466481527,
    "positive_ratio": 0.36666666666666664,
    "strong_reference_cut_psnr": 42.45430278778076,
    "strong_reference_count": 75,
    "strong_regression_count_delta_le_-0.05": 38,
    "worst_regression_count_delta_le_-0.20": 92
  }
}