{
  "runs": {
    "a0": {
      "label": "a0",
      "arch": "convir",
      "mode": "original",
      "checkpoint": "/root/autodl-tmp/workspace/ConvIR-B/Dehazing/pretrained_models/haze4k-base.pkl",
      "count": 300,
      "mean_psnr": 34.24652521133423,
      "mean_ssim": 0.9936463127533595,
      "avg_time_sec_sync": 0.061444121996561685,
      "median_time_sec_sync": 0.06334209442138672,
      "peak_cuda_mem_mib": 536.22607421875
    },
    "v18_seed929_best_val_hard": {
      "label": "v18_seed929_best_val_hard",
      "arch": "dpga",
      "mode": "Best",
      "checkpoint": "/root/autodl-tmp/workspace/ConvIR-B-v1-8-execution-queue/Dehazing/ITS/results/ConvIR-Haze4K-v1.8-BiDPFM1-fusion-neighbor-seed929-20260606/Training-Results/Best.pkl",
      "count": 300,
      "mean_psnr": 34.117374114990234,
      "mean_ssim": 0.9934844380617142,
      "avg_time_sec_sync": 0.06480424165725708,
      "median_time_sec_sync": 0.06775510311126709,
      "peak_cuda_mem_mib": 1147.46435546875
    }
  },
  "comparison": {
    "common_count": 300,
    "mean_psnr_delta": -0.12915109634399413,
    "median_psnr_delta": -0.1377582550048828,
    "p5_psnr_delta": -0.4060050964355469,
    "p95_psnr_delta": 0.1921476364135744,
    "hard_bottom25_psnr_delta": -0.1565856679280599,
    "easy_top25_psnr_delta": -0.06943695068359375,
    "worst10pct_mean_psnr_delta": -0.4650115966796875,
    "best10pct_mean_psnr_delta": 0.23972237904866536,
    "worst10img_mean_psnr_delta": -0.6074512481689454,
    "best10img_mean_psnr_delta": 0.37654857635498046,
    "worst10_mean_psnr_delta": -0.4650115966796875,
    "best10_mean_psnr_delta": 0.23972237904866536,
    "mean_ssim_delta": -0.00016187469164530437,
    "positive_ratio": 0.21333333333333335,
    "strong_reference_cut_psnr": 36.437724113464355,
    "strong_reference_count": 75,
    "strong_regression_count_delta_le_-0.05": 44,
    "worst_regression_count_delta_le_-0.20": 107
  }
}