{
  "runs": {
    "A0": {
      "label": "A0",
      "arch": "official_convir",
      "mode": "original",
      "checkpoint": "/sda/home/wangyuxin/ConvIR-B/checkpoints/official/Haze4K/haze4k-base.pkl",
      "depth_mode": "none",
      "airlight_mode": "none",
      "count": 600,
      "mean_psnr": 39.35034857114156,
      "mean_ssim": 0.9957262628277143,
      "avg_time_sec_sync": 0.05701480269432068,
      "median_time_sec_sync": 0.052347779273986816,
      "peak_cuda_mem_mib": 537.50634765625
    },
    "DTA_v35_v35_fdf_rcs_l3_fdf_lite_s004_g015_bm2_seed3407_f0_quick5full_fallback_train_zero": {
      "label": "DTA_v35_v35_fdf_rcs_l3_fdf_lite_s004_g015_bm2_seed3407_f0_quick5full_fallback_train_zero",
      "arch": "dta_v3",
      "mode": "modres",
      "checkpoint": "/sda/home/wangyuxin/ConvIR-B/repos/ConvIR-B-dta-v3-5-fdf-rcs-lite/Dehazing/ITS/results/ConvIR-Haze4K-DTA-v3-5-FDF-RCS-l3_fdf_lite_s004_g015_bm2-seed3407_f0-quick5full/Training-Results/Final.pkl",
      "depth_mode": "zero",
      "airlight_mode": "fallback",
      "count": 600,
      "mean_psnr": 39.33672385533651,
      "mean_ssim": 0.9956918371717135,
      "avg_time_sec_sync": 0.0610186239083608,
      "median_time_sec_sync": 0.05655622482299805,
      "peak_cuda_mem_mib": 601.9677734375
    }
  },
  "comparison": {
    "common_count": 600,
    "mean_psnr_delta": -0.01362471580505371,
    "median_psnr_delta": -0.011842727661132812,
    "p5_psnr_delta": -0.29270057678222655,
    "p95_psnr_delta": 0.25680179595947245,
    "hard_bottom25_psnr_delta": -0.010971514383951823,
    "easy_top25_psnr_delta": -0.03283302307128906,
    "worst10pct_mean_psnr_delta": -0.321560541788737,
    "best10pct_mean_psnr_delta": 0.2932647705078125,
    "worst10img_mean_psnr_delta": -0.5197456359863282,
    "best10img_mean_psnr_delta": 0.5057342529296875,
    "worst10_mean_psnr_delta": -0.321560541788737,
    "best10_mean_psnr_delta": 0.2932647705078125,
    "mean_ssim_delta": -3.4425656000773115e-05,
    "positive_ratio": 0.4483333333333333,
    "strong_reference_cut_psnr": 42.755948066711426,
    "strong_reference_count": 150,
    "strong_regression_count_delta_le_-0.05": 61,
    "worst_regression_count_delta_le_-0.20": 53
  }
}