{
  "runs": {
    "a0": {
      "label": "a0",
      "arch": "convir",
      "mode": "original",
      "checkpoint": "/root/autodl-tmp/workspace/ConvIR-B/Dehazing/pretrained_models/haze4k-base.pkl",
      "count": 300,
      "mean_psnr": 39.469193356831866,
      "mean_ssim": 0.9956027634938558,
      "avg_time_sec_sync": 0.051399335861206055,
      "median_time_sec_sync": 0.042021989822387695,
      "peak_cuda_mem_mib": 535.27294921875
    },
    "v13b_best_val_regular": {
      "label": "v13b_best_val_regular",
      "arch": "dpga",
      "mode": "Best",
      "checkpoint": "/root/autodl-tmp/workspace/ConvIR-B-v1-3-hsdf/Dehazing/ITS/results/ConvIR-Haze4K-DPGA-v1.3B-HSDF-hardgated-bottleneck-shallow-scale0p25-bneckmax0p05-gatelambda0p01-seed3407-20260604/Training-Results/Best.pkl",
      "count": 300,
      "mean_psnr": 39.49503281275431,
      "mean_ssim": 0.9956042204300563,
      "avg_time_sec_sync": 0.05228096087773641,
      "median_time_sec_sync": 0.04594528675079346,
      "peak_cuda_mem_mib": 550.0810546875
    }
  },
  "comparison": {
    "common_count": 300,
    "mean_psnr_delta": 0.025839455922444663,
    "median_psnr_delta": 0.014712333679199219,
    "p5_psnr_delta": -0.1425424575805664,
    "p95_psnr_delta": 0.20610637664794923,
    "hard_bottom25_psnr_delta": 0.02027208964029948,
    "easy_top25_psnr_delta": 0.02220494588216146,
    "worst10pct_mean_psnr_delta": -0.1460272471110026,
    "best10pct_mean_psnr_delta": 0.21677602132161458,
    "worst10img_mean_psnr_delta": -0.19742317199707032,
    "best10img_mean_psnr_delta": 0.26255340576171876,
    "worst10_mean_psnr_delta": -0.1460272471110026,
    "best10_mean_psnr_delta": 0.21677602132161458,
    "mean_ssim_delta": 1.456936200459798e-06,
    "positive_ratio": 0.5866666666666667,
    "strong_reference_cut_psnr": 42.45430278778076,
    "strong_reference_count": 75,
    "strong_regression_count_delta_le_-0.05": 15,
    "worst_regression_count_delta_le_-0.20": 3
  }
}