{
  "runs": {
    "a0": {
      "label": "a0",
      "arch": "convir",
      "mode": "original",
      "checkpoint": "/root/autodl-tmp/workspace/ConvIR-B/Dehazing/pretrained_models/haze4k-base.pkl",
      "count": 300,
      "mean_psnr": 39.46919339497884,
      "mean_ssim": 0.99560276389122,
      "avg_time_sec_sync": 0.052079883416493736,
      "median_time_sec_sync": 0.04106128215789795,
      "peak_cuda_mem_mib": 535.27294921875
    },
    "v13b_final_val_regular": {
      "label": "v13b_final_val_regular",
      "arch": "dpga",
      "mode": "Final",
      "checkpoint": "/root/autodl-tmp/workspace/ConvIR-B-v1-3-hsdf/Dehazing/ITS/results/ConvIR-Haze4K-DPGA-v1.3B-HSDF-hardgated-bottleneck-shallow-scale0p25-bneckmax0p05-gatelambda0p01-seed3407-20260604/Training-Results/Final.pkl",
      "count": 300,
      "mean_psnr": 39.494766324361166,
      "mean_ssim": 0.9956029484669368,
      "avg_time_sec_sync": 0.052699559529622395,
      "median_time_sec_sync": 0.044730424880981445,
      "peak_cuda_mem_mib": 550.0810546875
    }
  },
  "comparison": {
    "common_count": 300,
    "mean_psnr_delta": 0.02557292938232422,
    "median_psnr_delta": 0.013929367065429688,
    "p5_psnr_delta": -0.14470863342285156,
    "p95_psnr_delta": 0.21004581451416016,
    "hard_bottom25_psnr_delta": 0.019395243326822915,
    "easy_top25_psnr_delta": 0.02250244140625,
    "worst10pct_mean_psnr_delta": -0.14902064005533855,
    "best10pct_mean_psnr_delta": 0.22128092447916667,
    "worst10img_mean_psnr_delta": -0.20229721069335938,
    "best10img_mean_psnr_delta": 0.2686450958251953,
    "worst10_mean_psnr_delta": -0.14902064005533855,
    "best10_mean_psnr_delta": 0.22128092447916667,
    "mean_ssim_delta": 1.8457571665445964e-07,
    "positive_ratio": 0.5833333333333334,
    "strong_reference_cut_psnr": 42.45430278778076,
    "strong_reference_count": 75,
    "strong_regression_count_delta_le_-0.05": 16,
    "worst_regression_count_delta_le_-0.20": 6
  }
}