{
  "runs": {
    "A0": {
      "label": "A0",
      "arch": "official_convir",
      "mode": "original",
      "checkpoint": "/sda/home/wangyuxin/ConvIR-B/checkpoints/official/Haze4K/haze4k-base.pkl",
      "depth_mode": "none",
      "count": 600,
      "mean_psnr": 39.35034857114156,
      "mean_ssim": 0.9957262628277143,
      "avg_time_sec_sync": 0.03877980510393778,
      "median_time_sec_sync": 0.03843510150909424,
      "peak_cuda_mem_mib": 535.95654296875
    },
    "DTA_v3_scout5full_depthDirectTail_wg16_tail04_s008_b12_seed3407_f0_evalnormal": {
      "label": "DTA_v3_scout5full_depthDirectTail_wg16_tail04_s008_b12_seed3407_f0_evalnormal",
      "arch": "dta_v3",
      "mode": "modres",
      "checkpoint": "/sda/home/wangyuxin/ConvIR-B/repos/ConvIR-B-dta-v3-dapc-finetune-taillite/Dehazing/ITS/results/ConvIR-Haze4K-DTA-v3-DAPC-DepthDirectTail-wg16_tail04_s008_b12-seed3407-f0-scout5full/Training-Results/Final.pkl",
      "depth_mode": "normal",
      "count": 600,
      "mean_psnr": 39.33210050900777,
      "mean_ssim": 0.9957004230221113,
      "avg_time_sec_sync": 0.051666252215703326,
      "median_time_sec_sync": 0.051525235176086426,
      "peak_cuda_mem_mib": 540.7724609375
    }
  },
  "comparison": {
    "common_count": 600,
    "mean_psnr_delta": -0.018248062133789062,
    "median_psnr_delta": -0.0027256011962890625,
    "p5_psnr_delta": -0.2265554428100586,
    "p95_psnr_delta": 0.14264907836914054,
    "hard_bottom25_psnr_delta": -0.024753621419270833,
    "easy_top25_psnr_delta": 0.00181732177734375,
    "worst10pct_mean_psnr_delta": -0.2651572545369466,
    "best10pct_mean_psnr_delta": 0.17030216852823893,
    "worst10img_mean_psnr_delta": -0.47993621826171873,
    "best10img_mean_psnr_delta": 0.2870189666748047,
    "worst10_mean_psnr_delta": -0.2651572545369466,
    "best10_mean_psnr_delta": 0.17030216852823893,
    "mean_ssim_delta": -2.5839805603027343e-05,
    "positive_ratio": 0.4716666666666667,
    "strong_reference_cut_psnr": 42.755948066711426,
    "strong_reference_count": 150,
    "strong_regression_count_delta_le_-0.05": 31,
    "worst_regression_count_delta_le_-0.20": 40
  }
}