{
  "runs": {
    "A0": {
      "label": "A0",
      "arch": "official_convir",
      "mode": "original",
      "checkpoint": "/sda/home/wangyuxin/ConvIR-B/checkpoints/official/Haze4K/haze4k-base.pkl",
      "depth_mode": "none",
      "airlight_mode": "none",
      "count": 600,
      "mean_psnr": 39.35034857114156,
      "mean_ssim": 0.9957262628277143,
      "avg_time_sec_sync": 0.04061935067176819,
      "median_time_sec_sync": 0.03968632221221924,
      "peak_cuda_mem_mib": 535.95654296875
    },
    "DTA_v33_v33_routerfusion_d1_loss_seed3407_f0_triage5full_gt_normal": {
      "label": "DTA_v33_v33_routerfusion_d1_loss_seed3407_f0_triage5full_gt_normal",
      "arch": "dta_v3",
      "mode": "modres",
      "checkpoint": "/sda/home/wangyuxin/ConvIR-B/repos/ConvIR-B-dta-v3-dapc-finetune-v33-routerfusion/Dehazing/ITS/results/ConvIR-Haze4K-DTA-v3-3-RouterFusion-d1_loss-seed3407-f0-triage5full/Training-Results/Final.pkl",
      "depth_mode": "normal",
      "airlight_mode": "gt",
      "count": 600,
      "mean_psnr": 39.33194562594096,
      "mean_ssim": 0.9957089015841484,
      "avg_time_sec_sync": 0.04547392288843791,
      "median_time_sec_sync": 0.04577672481536865,
      "peak_cuda_mem_mib": 542.16455078125
    }
  },
  "comparison": {
    "common_count": 600,
    "mean_psnr_delta": -0.018402945200602212,
    "median_psnr_delta": -0.011213302612304688,
    "p5_psnr_delta": -0.24550361633300782,
    "p95_psnr_delta": 0.2097532272338866,
    "hard_bottom25_psnr_delta": -0.03087437947591146,
    "easy_top25_psnr_delta": -0.005967992146809896,
    "worst10pct_mean_psnr_delta": -0.2799709320068359,
    "best10pct_mean_psnr_delta": 0.22431338628133138,
    "worst10img_mean_psnr_delta": -0.44947166442871095,
    "best10img_mean_psnr_delta": 0.3382366180419922,
    "worst10_mean_psnr_delta": -0.2799709320068359,
    "best10_mean_psnr_delta": 0.22431338628133138,
    "mean_ssim_delta": -1.7361243565877277e-05,
    "positive_ratio": 0.4483333333333333,
    "strong_reference_cut_psnr": 42.755948066711426,
    "strong_reference_count": 150,
    "strong_regression_count_delta_le_-0.05": 41,
    "worst_regression_count_delta_le_-0.20": 58
  }
}
