{
  "runs": {
    "A0": {
      "label": "A0",
      "arch": "official_convir",
      "mode": "original",
      "checkpoint": "/sda/home/wangyuxin/ConvIR-B/checkpoints/official/Haze4K/haze4k-base.pkl",
      "depth_mode": "none",
      "count": 600,
      "mean_psnr": 39.75955163955688,
      "mean_ssim": 0.995632650355498,
      "avg_time_sec_sync": 0.03367187778155009,
      "median_time_sec_sync": 0.03284180164337158,
      "peak_cuda_mem_mib": 535.56884765625
    },
    "DTA_v2_oof20_adapter_only_zero_seed3413_f1_final": {
      "label": "DTA_v2_oof20_adapter_only_zero_seed3413_f1_final",
      "arch": "dta_v2",
      "mode": "original",
      "checkpoint": "/sda/home/wangyuxin/ConvIR-B/repos/ConvIR-B-dta-v2-calibrated/Dehazing/ITS/results/ConvIR-Haze4K-DTA-v2-adapter_only-zero-seed3413-f1-oof20/Training-Results/Final.pkl",
      "depth_mode": "zero",
      "count": 600,
      "mean_psnr": 39.810928354263304,
      "mean_ssim": 0.9956333761413892,
      "avg_time_sec_sync": 0.04319047172864278,
      "median_time_sec_sync": 0.0390242338180542,
      "peak_cuda_mem_mib": 540.9169921875
    }
  },
  "comparison": {
    "common_count": 600,
    "mean_psnr_delta": 0.0513767147064209,
    "median_psnr_delta": 0.05163002014160156,
    "p5_psnr_delta": -0.38300399780273436,
    "p95_psnr_delta": 0.4375078201293942,
    "hard_bottom25_psnr_delta": 0.05517770131429037,
    "easy_top25_psnr_delta": 0.020799585978190104,
    "worst10pct_mean_psnr_delta": -0.42049808502197267,
    "best10pct_mean_psnr_delta": 0.47711496353149413,
    "worst10img_mean_psnr_delta": -0.6787853240966797,
    "best10img_mean_psnr_delta": 0.6493614196777344,
    "worst10_mean_psnr_delta": -0.42049808502197267,
    "best10_mean_psnr_delta": 0.47711496353149413,
    "mean_ssim_delta": 7.257858912150065e-07,
    "positive_ratio": 0.59,
    "strong_reference_cut_psnr": 42.834919929504395,
    "strong_reference_count": 150,
    "strong_regression_count_delta_le_-0.05": 55,
    "worst_regression_count_delta_le_-0.20": 75
  }
}