{
  "runs": {
    "A0": {
      "label": "A0",
      "arch": "official_convir",
      "mode": "original",
      "checkpoint": "/home/caozhiyang/ConvIR-B/checkpoints/official/Haze4K/haze4k-base.pkl",
      "depth_mode": "none",
      "airlight_mode": "none",
      "count": 600,
      "mean_psnr": 39.75413154284159,
      "mean_ssim": 0.9956292870640755,
      "avg_time_sec_sync": 0.02524551471074422,
      "median_time_sec_sync": 0.024970054626464844,
      "peak_cuda_mem_mib": 535.44482421875
    },
    "DTA_v34_v34_fdf_tsr_e3_tsr_full_seed3411_f1_quick5full_fallback_train_zero": {
      "label": "DTA_v34_v34_fdf_tsr_e3_tsr_full_seed3411_f1_quick5full_fallback_train_zero",
      "arch": "dta_v3",
      "mode": "modres",
      "checkpoint": "/home/caozhiyang/ConvIR-B/repos/ConvIR-B-dta-v3-4-fdf-tsr-finetune/Dehazing/ITS/results/ConvIR-Haze4K-DTA-v3-4-FDF-TSR-e3_tsr_full-seed3411_f1-quick5full/Training-Results/Final.pkl",
      "depth_mode": "zero",
      "airlight_mode": "fallback",
      "count": 600,
      "mean_psnr": 39.52970421791077,
      "mean_ssim": 0.995542876124382,
      "avg_time_sec_sync": 0.035770343542099,
      "median_time_sec_sync": 0.03600490093231201,
      "peak_cuda_mem_mib": 543.7099609375
    }
  },
  "comparison": {
    "common_count": 600,
    "mean_psnr_delta": -0.22442732493082682,
    "median_psnr_delta": -0.21489715576171875,
    "p5_psnr_delta": -0.8260793685913086,
    "p95_psnr_delta": 0.31924457550048824,
    "hard_bottom25_psnr_delta": -0.21268234252929688,
    "easy_top25_psnr_delta": -0.16509300231933594,
    "worst10pct_mean_psnr_delta": -0.8825115203857422,
    "best10pct_mean_psnr_delta": 0.3893536885579427,
    "worst10img_mean_psnr_delta": -1.2066513061523438,
    "best10img_mean_psnr_delta": 0.7910713195800781,
    "worst10_mean_psnr_delta": -0.8825115203857422,
    "best10_mean_psnr_delta": 0.3893536885579427,
    "mean_ssim_delta": -8.641093969345092e-05,
    "positive_ratio": 0.24,
    "strong_reference_cut_psnr": 42.84021854400635,
    "strong_reference_count": 150,
    "strong_regression_count_delta_le_-0.05": 101,
    "worst_regression_count_delta_le_-0.20": 312
  }
}