group,count,mean_output_gain,mean_oracle_gain
open_hard,8,0.09198307991027832,1.2408795356750488
closed_hard,0,,
open_easy,4,0.15427875518798828,0.8035154342651367
closed_easy,4,0.0,0.0
