group,count,mean_output_gain,mean_oracle_gain
open_hard,8,1.2021713256835938,1.2408795356750488
closed_hard,0,,
open_easy,4,0.7870540618896484,0.8035154342651367
closed_easy,4,0.0,0.0
