step,weighted_delta_l1,corr,mean_output_gain
0,0.012615565766830346,,0.0
1,0.008928278058031421,0.09705536812543869,0.5744037628173828
2,0.009243864820266286,0.08355026319622993,1.018625259399414
