{
  "runs": {
    "A0": {
      "label": "A0",
      "arch": "official_convir",
      "mode": "original",
      "checkpoint": "/sda/home/wangyuxin/ConvIR-B/checkpoints/official/Haze4K/haze4k-base.pkl",
      "depth_mode": "none",
      "count": 600,
      "mean_psnr": 39.35034857114156,
      "mean_ssim": 0.9957262628277143,
      "avg_time_sec_sync": 0.038832537333170575,
      "median_time_sec_sync": 0.03808295726776123,
      "peak_cuda_mem_mib": 535.95654296875
    },
    "DTA_v3_scout5full_depthDirect_invert_seed3407_f0_evalinvert": {
      "label": "DTA_v3_scout5full_depthDirect_invert_seed3407_f0_evalinvert",
      "arch": "dta_v3",
      "mode": "modres",
      "checkpoint": "/sda/home/wangyuxin/ConvIR-B/repos/ConvIR-B-dta-v3-dapc-finetune-depthdirect/Dehazing/ITS/results/ConvIR-Haze4K-DTA-v3-DAPC-DepthDirect-invert-seed3407-f0-scout5full/Training-Results/Final.pkl",
      "depth_mode": "invert",
      "count": 600,
      "mean_psnr": 39.3642538134257,
      "mean_ssim": 0.9956994984547297,
      "avg_time_sec_sync": 0.049450611670811974,
      "median_time_sec_sync": 0.05025625228881836,
      "peak_cuda_mem_mib": 540.5224609375
    }
  },
  "comparison": {
    "common_count": 600,
    "mean_psnr_delta": 0.013905242284138997,
    "median_psnr_delta": 0.023464202880859375,
    "p5_psnr_delta": -0.3443178176879883,
    "p95_psnr_delta": 0.35044155120849607,
    "hard_bottom25_psnr_delta": -0.005601641337076823,
    "easy_top25_psnr_delta": 0.03687299092610677,
    "worst10pct_mean_psnr_delta": -0.39399566650390627,
    "best10pct_mean_psnr_delta": 0.37612708409627277,
    "worst10img_mean_psnr_delta": -0.6508167266845704,
    "best10img_mean_psnr_delta": 0.5487136840820312,
    "worst10_mean_psnr_delta": -0.39399566650390627,
    "best10_mean_psnr_delta": 0.37612708409627277,
    "mean_ssim_delta": -2.676437298456828e-05,
    "positive_ratio": 0.5883333333333334,
    "strong_reference_cut_psnr": 42.755948066711426,
    "strong_reference_count": 150,
    "strong_regression_count_delta_le_-0.05": 38,
    "worst_regression_count_delta_le_-0.20": 75
  }
}