{
  "runs": {
    "A0": {
      "label": "A0",
      "arch": "official_convir",
      "mode": "original",
      "checkpoint": "/sda/home/wangyuxin/ConvIR-B/checkpoints/official/Haze4K/haze4k-base.pkl",
      "depth_mode": "none",
      "airlight_mode": "none",
      "count": 600,
      "mean_psnr": 39.75955163955688,
      "mean_ssim": 0.995632650355498,
      "avg_time_sec_sync": 0.048207186460494995,
      "median_time_sec_sync": 0.04502463340759277,
      "peak_cuda_mem_mib": 536.99169921875
    },
    "DTA_v35_v35_fdf_rcs_l3_fdf_lite_s004_g015_bm2_seed3411_f1_quick5full_fallback_train_zero": {
      "label": "DTA_v35_v35_fdf_rcs_l3_fdf_lite_s004_g015_bm2_seed3411_f1_quick5full_fallback_train_zero",
      "arch": "dta_v3",
      "mode": "modres",
      "checkpoint": "/sda/home/wangyuxin/ConvIR-B/repos/ConvIR-B-dta-v3-5-fdf-rcs-lite/Dehazing/ITS/results/ConvIR-Haze4K-DTA-v3-5-FDF-RCS-l3_fdf_lite_s004_g015_bm2-seed3411_f1-quick5full/Training-Results/Final.pkl",
      "depth_mode": "zero",
      "airlight_mode": "fallback",
      "count": 600,
      "mean_psnr": 39.76758728027344,
      "mean_ssim": 0.9956365988651912,
      "avg_time_sec_sync": 0.06087319811185201,
      "median_time_sec_sync": 0.056829214096069336,
      "peak_cuda_mem_mib": 601.8427734375
    }
  },
  "comparison": {
    "common_count": 600,
    "mean_psnr_delta": 0.008035640716552734,
    "median_psnr_delta": 0.009012222290039062,
    "p5_psnr_delta": -0.2100534439086914,
    "p95_psnr_delta": 0.24124660491943353,
    "hard_bottom25_psnr_delta": 0.03245531717936198,
    "easy_top25_psnr_delta": 0.005689214070638021,
    "worst10pct_mean_psnr_delta": -0.26842575073242186,
    "best10pct_mean_psnr_delta": 0.27788168589274087,
    "worst10img_mean_psnr_delta": -0.5312202453613282,
    "best10img_mean_psnr_delta": 0.4708301544189453,
    "worst10_mean_psnr_delta": -0.26842575073242186,
    "best10_mean_psnr_delta": 0.27788168589274087,
    "mean_ssim_delta": 3.948509693145752e-06,
    "positive_ratio": 0.5266666666666666,
    "strong_reference_cut_psnr": 42.834919929504395,
    "strong_reference_count": 150,
    "strong_regression_count_delta_le_-0.05": 44,
    "worst_regression_count_delta_le_-0.20": 37
  }
}