{
  "runs": {
    "A0": {
      "label": "A0",
      "arch": "official_convir",
      "mode": "original",
      "checkpoint": "/sda/home/wangyuxin/ConvIR-B/checkpoints/official/Haze4K/haze4k-base.pkl",
      "depth_mode": "none",
      "count": 600,
      "mean_psnr": 39.35034857114156,
      "mean_ssim": 0.9957262628277143,
      "avg_time_sec_sync": 0.039431578318277996,
      "median_time_sec_sync": 0.035682082176208496,
      "peak_cuda_mem_mib": 535.95654296875
    },
    "DTA_v2_oof20_adapter_only_normal_seed3413_f0_final": {
      "label": "DTA_v2_oof20_adapter_only_normal_seed3413_f0_final",
      "arch": "dta_v2",
      "mode": "original",
      "checkpoint": "/sda/home/wangyuxin/ConvIR-B/repos/ConvIR-B-dta-v2-calibrated/Dehazing/ITS/results/ConvIR-Haze4K-DTA-v2-adapter_only-normal-seed3413-f0-oof20/Training-Results/Final.pkl",
      "depth_mode": "normal",
      "count": 600,
      "mean_psnr": 39.453014602661135,
      "mean_ssim": 0.9957243000467618,
      "avg_time_sec_sync": 0.03764683723449707,
      "median_time_sec_sync": 0.03363347053527832,
      "peak_cuda_mem_mib": 540.5107421875
    }
  },
  "comparison": {
    "common_count": 600,
    "mean_psnr_delta": 0.10266603151957195,
    "median_psnr_delta": 0.09793853759765625,
    "p5_psnr_delta": -0.40093269348144533,
    "p95_psnr_delta": 0.6982030868530273,
    "hard_bottom25_psnr_delta": 0.10159854888916016,
    "easy_top25_psnr_delta": 0.07939158121744792,
    "worst10pct_mean_psnr_delta": -0.4654640833536784,
    "best10pct_mean_psnr_delta": 0.6986206690470378,
    "worst10img_mean_psnr_delta": -0.8255996704101562,
    "best10img_mean_psnr_delta": 0.9868705749511719,
    "worst10_mean_psnr_delta": -0.4654640833536784,
    "best10_mean_psnr_delta": 0.6986206690470378,
    "mean_ssim_delta": -1.9627809524536133e-06,
    "positive_ratio": 0.66,
    "strong_reference_cut_psnr": 42.755948066711426,
    "strong_reference_count": 150,
    "strong_regression_count_delta_le_-0.05": 54,
    "worst_regression_count_delta_le_-0.20": 84
  }
}