{
  "runs": {
    "A0": {
      "label": "A0",
      "arch": "official_convir",
      "mode": "original",
      "checkpoint": "/sda/home/wangyuxin/ConvIR-B/checkpoints/official/Haze4K/haze4k-base.pkl",
      "depth_mode": "none",
      "count": 600,
      "mean_psnr": 39.35034857114156,
      "mean_ssim": 0.9957262628277143,
      "avg_time_sec_sync": 0.04122199932734172,
      "median_time_sec_sync": 0.04152071475982666,
      "peak_cuda_mem_mib": 535.95654296875
    },
    "DTA_v3_scout5full_depthDirectTail_wg16_tail08_s005_b10_seed3407_f0_evalshuffle": {
      "label": "DTA_v3_scout5full_depthDirectTail_wg16_tail08_s005_b10_seed3407_f0_evalshuffle",
      "arch": "dta_v3",
      "mode": "modres",
      "checkpoint": "/sda/home/wangyuxin/ConvIR-B/repos/ConvIR-B-dta-v3-dapc-finetune-tailguard/Dehazing/ITS/results/ConvIR-Haze4K-DTA-v3-DAPC-DepthDirectTail-wg16_tail08_s005_b10-seed3407-f0-scout5full/Training-Results/Final.pkl",
      "depth_mode": "shuffle",
      "count": 600,
      "mean_psnr": 39.317293615341185,
      "mean_ssim": 0.9956971420844396,
      "avg_time_sec_sync": 0.05291389505068461,
      "median_time_sec_sync": 0.052935004234313965,
      "peak_cuda_mem_mib": 541.3740234375
    }
  },
  "comparison": {
    "common_count": 600,
    "mean_psnr_delta": -0.03305495580037435,
    "median_psnr_delta": -0.02123260498046875,
    "p5_psnr_delta": -0.21441383361816407,
    "p95_psnr_delta": 0.10640125274658198,
    "hard_bottom25_psnr_delta": -0.03260121663411458,
    "easy_top25_psnr_delta": -0.017873509724934896,
    "worst10pct_mean_psnr_delta": -0.24917662938435872,
    "best10pct_mean_psnr_delta": 0.13158073425292968,
    "worst10img_mean_psnr_delta": -0.4421428680419922,
    "best10img_mean_psnr_delta": 0.24683742523193358,
    "worst10_mean_psnr_delta": -0.24917662938435872,
    "best10_mean_psnr_delta": 0.13158073425292968,
    "mean_ssim_delta": -2.912074327468872e-05,
    "positive_ratio": 0.37666666666666665,
    "strong_reference_cut_psnr": 42.755948066711426,
    "strong_reference_count": 150,
    "strong_regression_count_delta_le_-0.05": 49,
    "worst_regression_count_delta_le_-0.20": 35
  }
}