variant,target_contract,name,threshold,hard_negative_pixels,ldhn_pixels,false_tail_rate,ldhn_recall,pred_high_coverage
f4_global_strat_control,global_target,1002_0.73_1.47.png,0.5487143993377686,47,1233,0.0,0.545823195458232,0.21923828125
f4_global_strat_control,global_target,1007_0.68_1.25.png,0.5487143993377686,17,259,0.0,0.13127413127413126,0.651611328125
f4_global_strat_control,global_target,1012_0.85_1.28.png,0.5487143993377686,0,61,nan,0.0,0.46533203125
f4_global_strat_control,global_target,1016_0.8_1.72.png,0.5487143993377686,62,72,0.08064516129032258,0.3472222222222222,0.5205078125
f4_global_strat_control,global_target,1022_0.66_1.05.png,0.5487143993377686,636,487,0.007861635220125786,0.0,0.059814453125
f4_global_strat_control,global_target,1023_0.5_1.87.png,0.5487143993377686,230,275,0.28695652173913044,0.12727272727272726,0.3642578125
f4_global_strat_control,global_target,1029_0.71_0.56.png,0.5487143993377686,583,614,0.0,0.0749185667752443,0.020263671875
f4_global_strat_control,global_target,103_0.75_1.59.png,0.5487143993377686,0,786,nan,0.7888040712468194,0.527587890625
f4_global_strat_control,global_target,1042_0.91_0.56.png,0.5487143993377686,131,338,0.03816793893129771,0.005917159763313609,0.11865234375
f4_global_strat_control,global_target,1045_0.58_1.58.png,0.5487143993377686,2,456,0.0,0.9385964912280702,0.6259765625
f4_global_strat_control,global_target,1060_0.94_1.09.png,0.5487143993377686,1087,0,0.0027598896044158236,nan,0.22216796875
f4_global_strat_control,global_target,1064_0.54_0.97.png,0.5487143993377686,84,234,0.011904761904761904,0.21794871794871795,0.091796875
f4_global_strat_control,global_target,1072_0.58_0.58.png,0.5487143993377686,690,96,0.0,0.0,0.00439453125
f4_global_strat_control,global_target,1073_0.51_0.98.png,0.5487143993377686,573,743,0.008726003490401396,0.10901749663526245,0.0849609375
f4_global_strat_control,global_target,1075_0.76_1.99.png,0.5487143993377686,16,439,0.375,0.8132118451025057,0.611083984375
f4_global_strat_control,global_target,1080_0.59_1.22.png,0.5487143993377686,32,373,0.0,0.09651474530831099,0.311279296875
f4_global_strat_control,global_target,1083_0.67_0.81.png,0.5487143993377686,367,35,0.8583106267029973,0.05714285714285714,0.287353515625
f4_global_strat_control,global_target,1090_0.54_0.58.png,0.5487143993377686,272,227,0.003676470588235294,0.07488986784140969,0.008056640625
f4_global_strat_control,global_target,1096_0.72_0.86.png,0.5487143993377686,308,803,0.7402597402597403,0.6998754669987547,0.458740234375
f4_global_strat_control,global_target,1098_0.8_0.51.png,0.5487143993377686,691,835,0.0,0.010778443113772455,0.0029296875
f4_global_strat_control,global_target,1099_0.54_1.76.png,0.5487143993377686,277,1468,0.036101083032490974,0.16212534059945505,0.1181640625
f4_global_strat_control,global_target,1102_0.65_0.94.png,0.5487143993377686,140,325,0.5071428571428571,0.32,0.1572265625
f4_global_strat_control,global_target,110_0.55_1.08.png,0.5487143993377686,0,106,nan,0.07547169811320754,0.119384765625
f4_global_strat_control,global_target,1113_0.9_0.52.png,0.5487143993377686,151,638,0.0,0.5532915360501567,0.160400390625
f4_global_strat_control,global_target,1122_0.94_0.53.png,0.5487143993377686,435,213,0.02528735632183908,0.014084507042253521,0.1181640625
f4_global_strat_control,global_target,1124_0.74_1.17.png,0.5487143993377686,168,255,0.07142857142857142,0.17254901960784313,0.416015625
f4_global_strat_control,global_target,1134_0.69_1.2.png,0.5487143993377686,1,541,0.0,0.23475046210720887,0.275634765625
f4_global_strat_control,global_target,1140_0.67_1.42.png,0.5487143993377686,131,1265,0.5572519083969466,0.6213438735177865,0.453857421875
f4_global_strat_control,global_target,1143_0.73_1.33.png,0.5487143993377686,20,13,0.0,0.0,0.33740234375
f4_global_strat_control,global_target,1145_0.9_1.2.png,0.5487143993377686,190,483,0.24210526315789474,0.057971014492753624,0.066162109375
f4_global_strat_control,global_target,1146_0.89_0.87.png,0.5487143993377686,344,591,0.029069767441860465,0.021996615905245348,0.031982421875
f4_global_strat_control,global_target,114_0.75_1.45.png,0.5487143993377686,2,236,0.0,0.25,0.30029296875
f4_global_strat_control,global_target,1150_0.8_1.27.png,0.5487143993377686,0,163,nan,0.04294478527607362,0.60498046875
f4_global_strat_control,global_target,1155_0.63_1.27.png,0.5487143993377686,676,508,0.7292899408284024,0.14960629921259844,0.523681640625
f4_global_strat_control,global_target,1162_0.65_1.7.png,0.5487143993377686,0,12,nan,0.25,0.51611328125
f4_global_strat_control,global_target,1164_0.79_1.96.png,0.5487143993377686,0,10,nan,0.6,0.5986328125
f4_global_strat_control,global_target,1168_0.56_0.69.png,0.5487143993377686,567,1196,0.059964726631393295,0.17224080267558528,0.183837890625
f4_global_strat_control,global_target,116_0.64_1.08.png,0.5487143993377686,308,498,0.006493506493506494,0.004016064257028112,0.038330078125
f4_global_strat_control,global_target,1170_0.71_1.78.png,0.5487143993377686,283,119,0.0,0.01680672268907563,0.3427734375
f4_global_strat_control,global_target,1179_0.56_1.96.png,0.5487143993377686,49,721,0.02040816326530612,0.05825242718446602,0.53076171875
f4_global_strat_control,global_target,1187_0.82_1.57.png,0.5487143993377686,0,785,nan,0.16178343949044585,0.414306640625
f4_global_strat_control,global_target,119_0.6_1.7.png,0.5487143993377686,23,424,0.9565217391304348,0.9033018867924528,0.62890625
f4_global_strat_control,global_target,1200_0.97_0.52.png,0.5487143993377686,135,226,0.0,0.004424778761061947,0.018798828125
f4_global_strat_control,global_target,1205_0.78_1.01.png,0.5487143993377686,0,42,nan,0.047619047619047616,0.66552734375
f4_global_strat_control,global_target,1208_0.63_0.83.png,0.5487143993377686,85,77,0.0,0.03896103896103896,0.28759765625
f4_global_strat_control,global_target,1211_0.88_1.93.png,0.5487143993377686,0,63,nan,0.9206349206349206,0.796630859375
f4_global_strat_control,global_target,1231_0.98_1.26.png,0.5487143993377686,188,488,0.031914893617021274,0.2766393442622951,0.11865234375
f4_global_strat_control,global_target,123_0.94_1.22.png,0.5487143993377686,22,71,0.0,0.0,0.3984375
f4_global_strat_control,global_target,1240_0.64_0.5.png,0.5487143993377686,755,748,0.059602649006622516,0.4197860962566845,0.2333984375
f4_global_strat_control,global_target,1246_0.62_2.0.png,0.5487143993377686,33,351,0.030303030303030304,0.10256410256410256,0.28125
f4_global_strat_control,global_target,1250_0.57_0.61.png,0.5487143993377686,14,1385,0.0,0.2527075812274368,0.102783203125
f4_global_strat_control,global_target,1254_0.97_1.31.png,0.5487143993377686,3,19,0.0,0.0,0.381591796875
f4_global_strat_control,global_target,1263_0.9_1.41.png,0.5487143993377686,258,50,0.0,0.68,0.251220703125
f4_global_strat_control,global_target,1266_0.96_1.34.png,0.5487143993377686,16,60,0.0,0.45,0.5595703125
f4_global_strat_control,global_target,126_0.75_1.47.png,0.5487143993377686,135,595,0.0,0.0067226890756302525,0.201904296875
f4_global_strat_control,global_target,1271_0.65_1.66.png,0.5487143993377686,167,306,1.0,0.7156862745098039,0.701416015625
f4_global_strat_control,global_target,1281_0.89_0.85.png,0.5487143993377686,396,271,0.06565656565656566,0.18081180811808117,0.239013671875
f4_global_strat_control,global_target,1282_0.62_0.6.png,0.5487143993377686,567,2524,0.008818342151675485,0.4500792393026941,0.286865234375
f4_global_strat_control,global_target,1292_0.66_1.45.png,0.5487143993377686,118,693,0.15254237288135594,0.6724386724386724,0.728271484375
f4_global_strat_control,global_target,1297_0.99_0.69.png,0.5487143993377686,642,9,0.0,0.0,0.022705078125
f4_global_strat_control,global_target,129_0.95_1.3.png,0.5487143993377686,62,43,0.0,0.8837209302325582,0.297607421875
f4_global_strat_control,global_target,1305_1.0_1.54.png,0.5487143993377686,18,72,0.0,0.3333333333333333,0.410400390625
f4_global_strat_control,global_target,1306_0.6_0.6.png,0.5487143993377686,611,242,0.0032733224222585926,0.02066115702479339,0.2880859375
f4_global_strat_control,global_target,1308_0.84_1.04.png,0.5487143993377686,113,1301,0.0,0.9069946195234435,0.30908203125
f4_global_strat_control,global_target,1322_0.64_1.06.png,0.5487143993377686,388,136,0.002577319587628866,0.4117647058823529,0.376953125
f4_global_strat_control,global_target,1323_0.89_0.88.png,0.5487143993377686,236,707,0.0,0.8628005657708628,0.432373046875
f4_global_strat_control,global_target,1324_0.55_1.43.png,0.5487143993377686,390,64,0.007692307692307693,0.234375,0.399169921875
f4_global_strat_control,global_target,1326_0.77_0.97.png,0.5487143993377686,48,948,1.0,0.9556962025316456,0.481689453125
f4_global_strat_control,global_target,1341_0.94_0.51.png,0.5487143993377686,224,312,0.0,0.003205128205128205,0.03662109375
f4_global_strat_control,global_target,1347_0.75_1.79.png,0.5487143993377686,32,56,0.0625,0.5714285714285714,0.96484375
f4_global_strat_control,global_target,136_0.6_1.01.png,0.5487143993377686,278,770,0.0035971223021582736,0.0012987012987012987,0.055908203125
f4_global_strat_control,global_target,1376_0.65_1.6.png,0.5487143993377686,2,40,0.0,0.0,0.448974609375
f4_global_strat_control,global_target,1377_0.5_0.79.png,0.5487143993377686,409,1993,0.03178484107579462,0.36026091319618664,0.300537109375
f4_global_strat_control,global_target,1380_0.67_1.78.png,0.5487143993377686,29,1733,1.0,0.8684362377380266,0.5048828125
f4_global_strat_control,global_target,1386_0.99_1.78.png,0.5487143993377686,2,52,0.0,0.057692307692307696,0.66748046875
f4_global_strat_control,global_target,1397_0.94_0.79.png,0.5487143993377686,370,119,0.043243243243243246,0.08403361344537816,0.260986328125
f4_global_strat_control,global_target,139_0.87_1.52.png,0.5487143993377686,53,803,0.24528301886792453,0.5255292652552926,0.658203125
f4_global_strat_control,global_target,1403_0.73_1.26.png,0.5487143993377686,0,14,nan,0.07142857142857142,0.220947265625
f4_global_strat_control,global_target,1407_0.6_1.92.png,0.5487143993377686,0,401,nan,0.9750623441396509,0.655029296875
f4_global_strat_control,global_target,1410_0.76_1.08.png,0.5487143993377686,1045,623,0.43636363636363634,0.391653290529695,0.42626953125
f4_global_strat_control,global_target,141_0.71_1.48.png,0.5487143993377686,34,456,0.029411764705882353,0.2719298245614035,0.636962890625
f4_global_strat_control,global_target,1425_0.84_1.75.png,0.5487143993377686,0,780,nan,0.0,0.4912109375
f4_global_strat_control,global_target,1432_0.91_1.29.png,0.5487143993377686,536,296,0.029850746268656716,0.23310810810810811,0.2138671875
f4_global_strat_control,global_target,1433_0.9_1.85.png,0.5487143993377686,7,76,0.2857142857142857,0.5526315789473685,0.5693359375
f4_global_strat_control,global_target,1435_0.87_0.57.png,0.5487143993377686,516,43,0.013565891472868217,0.11627906976744186,0.114990234375
f4_global_strat_control,global_target,1436_0.66_1.76.png,0.5487143993377686,0,69,nan,0.0,0.510498046875
f4_global_strat_control,global_target,1440_0.65_1.26.png,0.5487143993377686,52,431,0.038461538461538464,0.16241299303944315,0.7705078125
f4_global_strat_control,global_target,1442_0.62_0.81.png,0.5487143993377686,49,608,0.20408163265306123,0.3519736842105263,0.225830078125
f4_global_strat_control,global_target,1443_0.76_1.22.png,0.5487143993377686,122,1231,0.3114754098360656,0.30463038180341184,0.4638671875
f4_global_strat_control,global_target,1446_0.85_0.59.png,0.5487143993377686,427,556,0.0,0.0,0.059326171875
f4_global_strat_control,global_target,1449_0.94_0.78.png,0.5487143993377686,311,589,0.19935691318327975,0.06621392190152801,0.158935546875
f4_global_strat_control,global_target,1452_0.81_1.88.png,0.5487143993377686,143,530,0.951048951048951,0.4849056603773585,0.68017578125
f4_global_strat_control,global_target,1454_0.62_1.48.png,0.5487143993377686,6,1152,1.0,0.9522569444444444,0.5966796875
f4_global_strat_control,global_target,1456_0.66_1.83.png,0.5487143993377686,52,1264,1.0,0.9857594936708861,0.711669921875
f4_global_strat_control,global_target,1457_0.88_0.58.png,0.5487143993377686,43,603,0.0,0.06965174129353234,0.073974609375
f4_global_strat_control,global_target,145_0.5_1.08.png,0.5487143993377686,356,143,0.008426966292134831,0.1048951048951049,0.101318359375
f4_global_strat_control,global_target,1461_0.59_0.54.png,0.5487143993377686,254,1934,0.0,0.002068252326783868,0.0419921875
f4_global_strat_control,global_target,1464_0.64_1.56.png,0.5487143993377686,84,728,0.9761904761904762,0.125,0.61767578125
f4_global_strat_control,global_target,1470_0.63_1.26.png,0.5487143993377686,193,338,0.0051813471502590676,0.05621301775147929,0.181396484375
f4_global_strat_control,global_target,1471_0.82_1.95.png,0.5487143993377686,54,116,0.14814814814814814,0.43103448275862066,0.727783203125
f4_global_strat_control,global_target,1474_0.92_0.89.png,0.5487143993377686,138,295,0.0,0.003389830508474576,0.18115234375
f4_global_strat_control,global_target,1481_0.7_0.89.png,0.5487143993377686,153,1384,0.11764705882352941,0.8179190751445087,0.3916015625
f4_global_strat_control,global_target,1482_0.59_1.05.png,0.5487143993377686,189,483,0.43915343915343913,0.42650103519668736,0.4111328125
f4_global_strat_control,global_target,1485_0.6_1.5.png,0.5487143993377686,236,1465,0.038135593220338986,0.24436860068259386,0.397705078125
f4_global_strat_control,global_target,1493_0.84_0.8.png,0.5487143993377686,14,118,0.0,0.17796610169491525,0.335693359375
f4_global_strat_control,global_target,1497_0.99_1.09.png,0.5487143993377686,0,11,nan,0.0,0.43212890625
f4_global_strat_control,global_target,1500_0.87_1.88.png,0.5487143993377686,0,6,nan,0.0,0.89111328125
f4_global_strat_control,global_target,1511_0.63_1.09.png,0.5487143993377686,872,330,0.1926605504587156,0.1484848484848485,0.214111328125
f4_global_strat_control,global_target,1512_0.89_1.11.png,0.5487143993377686,267,514,0.0,0.0914396887159533,0.314697265625
f4_global_strat_control,global_target,1517_0.72_1.25.png,0.5487143993377686,1911,76,0.0015698587127158557,0.27631578947368424,0.1845703125
f4_global_strat_control,global_target,1518_0.62_1.44.png,0.5487143993377686,1716,111,0.008741258741258742,0.34234234234234234,0.172119140625
f4_global_strat_control,global_target,1528_0.91_1.9.png,0.5487143993377686,192,130,0.08854166666666667,0.43846153846153846,0.861083984375
f4_global_strat_control,global_target,152_0.8_1.99.png,0.5487143993377686,0,67,nan,0.6119402985074627,0.79248046875
f4_global_strat_control,global_target,1531_0.52_1.01.png,0.5487143993377686,1898,415,0.0,0.024096385542168676,0.04833984375
f4_global_strat_control,global_target,1537_0.52_1.24.png,0.5487143993377686,558,433,0.02867383512544803,0.06235565819861432,0.248291015625
f4_global_strat_control,global_target,1538_0.61_0.54.png,0.5487143993377686,1851,318,0.005942733657482442,0.015723270440251572,0.02490234375
f4_global_strat_control,global_target,1539_0.58_0.79.png,0.5487143993377686,1501,480,0.029980013324450366,0.008333333333333333,0.063720703125
f4_global_strat_control,global_target,1543_0.92_1.98.png,0.5487143993377686,988,38,0.004048582995951417,0.13157894736842105,0.329345703125
f4_global_strat_control,global_target,1544_0.87_1.52.png,0.5487143993377686,1390,45,0.0007194244604316547,0.13333333333333333,0.218505859375
f4_global_strat_control,global_target,1547_0.77_1.84.png,0.5487143993377686,206,162,0.21844660194174756,0.19135802469135801,0.63232421875
f4_global_strat_control,global_target,1548_0.85_1.55.png,0.5487143993377686,170,165,0.01764705882352941,0.20606060606060606,0.4580078125
f4_global_strat_control,global_target,1549_0.91_1.37.png,0.5487143993377686,819,171,0.003663003663003663,0.0,0.14697265625
f4_global_strat_control,global_target,154_0.97_0.91.png,0.5487143993377686,0,111,nan,0.009009009009009009,0.302490234375
f4_global_strat_control,global_target,1568_0.8_1.8.png,0.5487143993377686,321,260,0.003115264797507788,0.07692307692307693,0.202392578125
f4_global_strat_control,global_target,1573_0.61_1.06.png,0.5487143993377686,2275,267,0.00967032967032967,0.06741573033707865,0.080322265625
f4_global_strat_control,global_target,1575_0.51_1.39.png,0.5487143993377686,1035,642,0.0,0.12305295950155763,0.104248046875
f4_global_strat_control,global_target,1578_0.57_1.99.png,0.5487143993377686,159,82,0.06918238993710692,0.21951219512195122,0.673095703125
f4_global_strat_control,global_target,1580_0.7_1.59.png,0.5487143993377686,250,44,0.0,0.11363636363636363,0.607177734375
f4_global_strat_control,global_target,1586_0.74_1.29.png,0.5487143993377686,232,61,0.0,0.21311475409836064,0.221923828125
f4_global_strat_control,global_target,158_0.56_1.42.png,0.5487143993377686,0,111,nan,0.27927927927927926,0.39794921875
f4_global_strat_control,global_target,1592_0.54_1.46.png,0.5487143993377686,1359,328,0.010301692420897719,0.11585365853658537,0.08203125
f4_global_strat_control,global_target,1599_0.71_1.3.png,0.5487143993377686,464,753,0.036637931034482756,0.12217795484727756,0.19873046875
f4_global_strat_control,global_target,1602_0.92_0.57.png,0.5487143993377686,1072,140,0.0,0.04285714285714286,0.0107421875
f4_global_strat_control,global_target,1605_1.0_1.37.png,0.5487143993377686,333,45,0.006006006006006006,0.15555555555555556,0.4814453125
f4_global_strat_control,global_target,1612_0.77_1.4.png,0.5487143993377686,603,27,0.0,0.037037037037037035,0.37548828125
f4_global_strat_control,global_target,161_0.83_1.56.png,0.5487143993377686,0,74,nan,0.7162162162162162,0.89599609375
f4_global_strat_control,global_target,1621_0.5_0.72.png,0.5487143993377686,1555,49,0.0,0.04081632653061224,0.00439453125
f4_global_strat_control,global_target,162_0.75_0.98.png,0.5487143993377686,0,350,nan,0.4828571428571429,0.483154296875
f4_global_strat_control,global_target,1631_0.92_1.27.png,0.5487143993377686,124,23,0.008064516129032258,0.13043478260869565,0.04345703125
f4_global_strat_control,global_target,1635_0.64_0.55.png,0.5487143993377686,2275,656,0.0,0.0,0.00537109375
f4_global_strat_control,global_target,1636_0.96_1.23.png,0.5487143993377686,917,586,0.0054525627044711015,0.006825938566552901,0.13037109375
f4_global_strat_control,global_target,1647_0.89_1.55.png,0.5487143993377686,46,73,0.0,0.2191780821917808,0.50634765625
f4_global_strat_control,global_target,1648_0.89_1.41.png,0.5487143993377686,59,106,0.0,0.1509433962264151,0.46533203125
f4_global_strat_control,global_target,1657_0.68_1.28.png,0.5487143993377686,632,35,0.05221518987341772,0.0,0.16552734375
f4_global_strat_control,global_target,1663_0.92_1.8.png,0.5487143993377686,244,113,0.0,0.017699115044247787,0.52392578125
f4_global_strat_control,global_target,1664_0.8_2.0.png,0.5487143993377686,180,30,0.005555555555555556,0.03333333333333333,0.517822265625
f4_global_strat_control,global_target,1666_0.85_0.59.png,0.5487143993377686,2053,79,0.0004870920603994155,0.0,0.013671875
f4_global_strat_control,global_target,1685_0.79_1.99.png,0.5487143993377686,446,92,0.03587443946188341,0.14130434782608695,0.671875
f4_global_strat_control,global_target,1686_0.51_0.6.png,0.5487143993377686,1775,87,0.0016901408450704226,0.0,0.049560546875
f4_global_strat_control,global_target,1687_0.83_1.61.png,0.5487143993377686,663,66,0.027149321266968326,0.16666666666666666,0.6201171875
f4_global_strat_control,global_target,1689_0.74_0.54.png,0.5487143993377686,2287,267,0.00043725404459991256,0.02247191011235955,0.0234375
f4_global_strat_control,global_target,1691_0.77_1.92.png,0.5487143993377686,453,252,0.004415011037527594,0.21031746031746032,0.375244140625
f4_global_strat_control,global_target,1696_0.74_1.51.png,0.5487143993377686,2001,204,0.0,0.15196078431372548,0.074462890625
f4_global_strat_control,global_target,1701_0.55_0.71.png,0.5487143993377686,2326,210,0.0008598452278589854,0.014285714285714285,0.01416015625
f4_global_strat_control,global_target,1705_0.66_1.4.png,0.5487143993377686,163,918,0.024539877300613498,0.03594771241830065,0.138916015625
f4_global_strat_control,global_target,1712_0.9_0.74.png,0.5487143993377686,1394,116,0.003586800573888092,0.02586206896551724,0.16162109375
f4_global_strat_control,global_target,1718_0.92_1.01.png,0.5487143993377686,412,156,0.0048543689320388345,0.07051282051282051,0.516845703125
f4_global_strat_control,global_target,1722_0.85_1.51.png,0.5487143993377686,170,65,0.0,0.09230769230769231,0.70947265625
f4_global_strat_control,global_target,1726_0.54_0.7.png,0.5487143993377686,655,199,0.00916030534351145,0.010050251256281407,0.08447265625
f4_global_strat_control,global_target,1730_0.81_1.53.png,0.5487143993377686,1228,80,0.0016286644951140066,0.05,0.15966796875
f4_global_strat_control,global_target,1733_0.57_1.6.png,0.5487143993377686,447,301,0.0,0.23920265780730898,0.34619140625
f4_global_strat_control,global_target,173_0.88_1.45.png,0.5487143993377686,66,627,0.5757575757575758,0.7432216905901117,0.5341796875
f4_global_strat_control,global_target,1756_0.77_1.19.png,0.5487143993377686,312,711,0.22435897435897437,0.0450070323488045,0.2255859375
f4_global_strat_control,global_target,1761_0.99_0.94.png,0.5487143993377686,176,87,0.011363636363636364,0.034482758620689655,0.321533203125
f4_global_strat_control,global_target,1763_0.58_1.25.png,0.5487143993377686,297,448,0.16835016835016836,0.5200892857142857,0.36669921875
f4_global_strat_control,global_target,1765_0.51_1.47.png,0.5487143993377686,331,1271,0.09063444108761329,0.06294256490952006,0.170654296875
f4_global_strat_control,global_target,1773_0.58_1.45.png,0.5487143993377686,1282,161,0.00234009360374415,0.06832298136645963,0.13525390625
f4_global_strat_control,global_target,1784_0.94_1.15.png,0.5487143993377686,809,15,0.0,0.13333333333333333,0.34521484375
f4_global_strat_control,global_target,1795_0.99_1.84.png,0.5487143993377686,3,1,0.0,1.0,0.43359375
f4_global_strat_control,global_target,1796_0.93_0.58.png,0.5487143993377686,114,9,0.008771929824561403,0.0,0.01416015625
f4_global_strat_control,global_target,17_0.55_1.91.png,0.5487143993377686,32,706,0.0,0.0339943342776204,0.481689453125
f4_global_strat_control,global_target,1801_0.99_0.78.png,0.5487143993377686,1741,152,0.0011487650775416428,0.0,0.0537109375
f4_global_strat_control,global_target,1803_0.99_1.79.png,0.5487143993377686,902,17,0.0033259423503325942,0.0,0.190673828125
f4_global_strat_control,global_target,1814_0.55_0.54.png,0.5487143993377686,2974,40,0.0,0.125,0.002685546875
f4_global_strat_control,global_target,1817_0.81_2.0.png,0.5487143993377686,15,250,0.0,0.008,0.522705078125
f4_global_strat_control,global_target,1822_0.51_1.51.png,0.5487143993377686,777,128,0.001287001287001287,0.1328125,0.112060546875
f4_global_strat_control,global_target,1835_0.61_1.23.png,0.5487143993377686,1130,649,0.007079646017699115,0.3790446841294299,0.283935546875
f4_global_strat_control,global_target,183_0.77_0.99.png,0.5487143993377686,236,602,0.0,0.8056478405315615,0.467529296875
f4_global_strat_control,global_target,1841_0.64_1.79.png,0.5487143993377686,678,187,0.0014749262536873156,0.21390374331550802,0.183837890625
f4_global_strat_control,global_target,1844_0.91_1.28.png,0.5487143993377686,1040,106,0.0,0.14150943396226415,0.165283203125
f4_global_strat_control,global_target,1851_0.7_1.14.png,0.5487143993377686,791,41,0.0012642225031605564,0.07317073170731707,0.13330078125
f4_global_strat_control,global_target,1854_0.94_1.49.png,0.5487143993377686,270,28,0.0,0.21428571428571427,0.086181640625
f4_global_strat_control,global_target,1859_0.73_1.32.png,0.5487143993377686,36,13,0.0,0.23076923076923078,0.2431640625
f4_global_strat_control,global_target,1860_0.77_1.07.png,0.5487143993377686,80,17,0.0,0.4117647058823529,0.1259765625
f4_global_strat_control,global_target,1862_0.82_1.52.png,0.5487143993377686,290,140,0.03103448275862069,0.03571428571428571,0.35009765625
f4_global_strat_control,global_target,1867_0.67_1.54.png,0.5487143993377686,530,1655,0.0018867924528301887,0.30090634441087616,0.190185546875
f4_global_strat_control,global_target,1875_0.95_0.91.png,0.5487143993377686,657,126,0.0,0.007936507936507936,0.0751953125
f4_global_strat_control,global_target,1876_0.97_1.69.png,0.5487143993377686,482,88,0.0,0.011363636363636364,0.33154296875
f4_global_strat_control,global_target,1884_0.78_0.61.png,0.5487143993377686,2118,126,0.00047214353163361664,0.0,0.0029296875
f4_global_strat_control,global_target,1885_0.54_0.83.png,0.5487143993377686,2805,95,0.0,0.021052631578947368,0.017822265625
f4_global_strat_control,global_target,1892_0.85_0.58.png,0.5487143993377686,2266,516,0.0,0.015503875968992248,0.00732421875
f4_global_strat_control,global_target,1895_0.9_1.62.png,0.5487143993377686,235,1011,0.02553191489361702,0.012858555885262116,0.136474609375
f4_global_strat_control,global_target,1898_0.84_0.98.png,0.5487143993377686,1711,101,0.0005844535359438924,0.009900990099009901,0.086669921875
f4_global_strat_control,global_target,1911_0.96_1.13.png,0.5487143993377686,328,543,0.012195121951219513,0.02578268876611418,0.34228515625
f4_global_strat_control,global_target,1912_1.0_0.84.png,0.5487143993377686,501,559,0.031936127744510975,0.03041144901610018,0.2001953125
f4_global_strat_control,global_target,1914_0.81_0.98.png,0.5487143993377686,2668,249,0.0003748125937031484,0.10843373493975904,0.0908203125
f4_global_strat_control,global_target,1917_0.96_1.37.png,0.5487143993377686,120,16,0.0,0.375,0.418212890625
f4_global_strat_control,global_target,1919_0.59_0.94.png,0.5487143993377686,1237,17,0.0008084074373484236,0.0,0.02587890625
f4_global_strat_control,global_target,1920_0.99_1.69.png,0.5487143993377686,104,15,0.038461538461538464,0.4666666666666667,0.589111328125
f4_global_strat_control,global_target,1923_0.81_1.81.png,0.5487143993377686,402,159,0.20398009950248755,0.4339622641509434,0.470947265625
f4_global_strat_control,global_target,1936_0.52_1.67.png,0.5487143993377686,186,77,0.0913978494623656,0.16883116883116883,0.1826171875
f4_global_strat_control,global_target,1937_0.79_0.84.png,0.5487143993377686,208,95,0.0,0.010526315789473684,0.12353515625
f4_global_strat_control,global_target,1939_0.93_1.32.png,0.5487143993377686,123,78,0.0,0.05128205128205128,0.62646484375
f4_global_strat_control,global_target,1942_0.89_0.67.png,0.5487143993377686,2157,150,0.004172461752433936,0.02,0.0634765625
f4_global_strat_control,global_target,1952_0.78_0.75.png,0.5487143993377686,248,166,0.0,0.0,0.200927734375
f4_global_strat_control,global_target,1956_0.99_1.4.png,0.5487143993377686,572,114,0.0017482517482517483,0.07894736842105263,0.2490234375
f4_global_strat_control,global_target,1966_0.52_1.48.png,0.5487143993377686,453,302,0.019867549668874173,0.23178807947019867,0.40283203125
f4_global_strat_control,global_target,196_0.8_0.88.png,0.5487143993377686,19,794,0.10526315789473684,0.8501259445843828,0.3896484375
f4_global_strat_control,global_target,1979_0.6_0.93.png,0.5487143993377686,1289,341,0.0007757951900698216,0.002932551319648094,0.03759765625
f4_global_strat_control,global_target,1982_0.99_1.89.png,0.5487143993377686,203,110,0.034482758620689655,0.44545454545454544,0.7978515625
f4_global_strat_control,global_target,1985_0.57_1.93.png,0.5487143993377686,619,980,0.0032310177705977385,0.5928571428571429,0.4697265625
f4_global_strat_control,global_target,1988_0.94_1.22.png,0.5487143993377686,399,148,0.022556390977443608,0.02027027027027027,0.45751953125
f4_global_strat_control,global_target,2000_0.86_0.62.png,0.5487143993377686,1050,168,0.0019047619047619048,0.03571428571428571,0.049560546875
f4_global_strat_control,global_target,2003_0.64_1.33.png,0.5487143993377686,2007,167,0.0014947683109118087,0.005988023952095809,0.0927734375
f4_global_strat_control,global_target,2007_0.61_1.26.png,0.5487143993377686,159,298,0.018867924528301886,0.21140939597315436,0.23779296875
f4_global_strat_control,global_target,2013_1.0_1.78.png,0.5487143993377686,329,372,0.0060790273556231,0.016129032258064516,0.29443359375
f4_global_strat_control,global_target,2024_0.99_1.36.png,0.5487143993377686,353,57,0.0028328611898017,0.12280701754385964,0.304931640625
f4_global_strat_control,global_target,2026_0.99_1.41.png,0.5487143993377686,153,71,0.0718954248366013,0.04225352112676056,0.5029296875
f4_global_strat_control,global_target,2027_0.69_0.59.png,0.5487143993377686,739,341,0.0,0.002932551319648094,0.011474609375
f4_global_strat_control,global_target,2028_0.98_1.27.png,0.5487143993377686,213,68,0.056338028169014086,0.07352941176470588,0.432373046875
f4_global_strat_control,global_target,2033_0.61_0.56.png,0.5487143993377686,3104,93,0.0067654639175257734,0.07526881720430108,0.017822265625
f4_global_strat_control,global_target,2043_0.97_0.54.png,0.5487143993377686,894,73,0.006711409395973154,0.2328767123287671,0.167724609375
f4_global_strat_control,global_target,2050_0.8_1.8.png,0.5487143993377686,289,266,0.05190311418685121,0.14661654135338345,0.545166015625
f4_global_strat_control,global_target,2051_0.92_0.92.png,0.5487143993377686,418,519,0.0023923444976076554,0.0674373795761079,0.340087890625
f4_global_strat_control,global_target,2057_0.86_0.85.png,0.5487143993377686,940,225,0.00425531914893617,0.05333333333333334,0.175537109375
f4_global_strat_control,global_target,2061_0.79_1.72.png,0.5487143993377686,331,145,0.006042296072507553,0.15172413793103448,0.24267578125
f4_global_strat_control,global_target,2063_0.76_1.8.png,0.5487143993377686,316,173,0.0,0.19653179190751446,0.262939453125
f4_global_strat_control,global_target,2069_0.7_1.18.png,0.5487143993377686,845,130,0.08047337278106509,0.13846153846153847,0.29296875
f4_global_strat_control,global_target,2070_0.86_0.78.png,0.5487143993377686,1438,117,0.004172461752433936,0.10256410256410256,0.17578125
f4_global_strat_control,global_target,2071_0.63_1.21.png,0.5487143993377686,1063,214,0.10159924741298212,0.102803738317757,0.278564453125
f4_global_strat_control,global_target,2072_0.87_1.18.png,0.5487143993377686,705,98,0.00851063829787234,0.17346938775510204,0.362548828125
f4_global_strat_control,global_target,2073_0.87_1.93.png,0.5487143993377686,311,97,0.00964630225080386,0.30927835051546393,0.732421875
f4_global_strat_control,global_target,2074_0.71_0.74.png,0.5487143993377686,847,206,0.0070838252656434475,0.038834951456310676,0.081298828125
f4_global_strat_control,global_target,2076_0.85_1.77.png,0.5487143993377686,305,132,0.009836065573770493,0.2803030303030303,0.707763671875
f4_global_strat_control,global_target,2079_0.62_1.17.png,0.5487143993377686,205,650,0.01951219512195122,0.48,0.349609375
f4_global_strat_control,global_target,2080_0.53_1.58.png,0.5487143993377686,462,312,0.04112554112554113,0.3076923076923077,0.468505859375
f4_global_strat_control,global_target,2087_0.72_1.14.png,0.5487143993377686,900,132,0.0011111111111111111,0.0,0.156005859375
f4_global_strat_control,global_target,2094_0.56_1.05.png,0.5487143993377686,88,1038,0.022727272727272728,0.012524084778420038,0.0751953125
f4_global_strat_control,global_target,2096_0.77_1.76.png,0.5487143993377686,185,183,0.005405405405405406,0.0546448087431694,0.384521484375
f4_global_strat_control,global_target,2109_0.56_1.42.png,0.5487143993377686,1200,438,0.0016666666666666668,0.1232876712328767,0.149658203125
f4_global_strat_control,global_target,2111_0.68_1.03.png,0.5487143993377686,1639,221,0.0012202562538133007,0.09049773755656108,0.087890625
f4_global_strat_control,global_target,2114_0.9_1.51.png,0.5487143993377686,766,199,0.015665796344647518,0.24623115577889448,0.516845703125
f4_global_strat_control,global_target,2115_0.75_1.52.png,0.5487143993377686,852,427,0.009389671361502348,0.3559718969555035,0.423828125
f4_global_strat_control,global_target,2119_0.54_1.47.png,0.5487143993377686,734,470,0.008174386920980926,0.08936170212765958,0.250244140625
f4_global_strat_control,global_target,2121_0.73_0.63.png,0.5487143993377686,2766,51,0.0025307302964569776,0.0,0.05419921875
f4_global_strat_control,global_target,2123_0.66_0.89.png,0.5487143993377686,2760,58,0.013043478260869565,0.017241379310344827,0.099853515625
f4_global_strat_control,global_target,2126_0.75_0.91.png,0.5487143993377686,1110,373,0.0,0.09919571045576407,0.212158203125
f4_global_strat_control,global_target,212_0.71_1.94.png,0.5487143993377686,10,387,1.0,0.9974160206718347,0.674072265625
f4_global_strat_control,global_target,2132_0.76_1.7.png,0.5487143993377686,837,140,0.014336917562724014,0.4,0.47998046875
f4_global_strat_control,global_target,2135_0.51_1.0.png,0.5487143993377686,1023,278,0.042033235581622676,0.014388489208633094,0.16650390625
f4_global_strat_control,global_target,2140_0.55_0.94.png,0.5487143993377686,794,609,0.0025188916876574307,0.22824302134646962,0.16943359375
f4_global_strat_control,global_target,2141_0.55_0.57.png,0.5487143993377686,1588,158,0.0025188916876574307,0.006329113924050633,0.02685546875
f4_global_strat_control,global_target,2144_0.54_1.03.png,0.5487143993377686,1120,167,0.022321428571428572,0.07784431137724551,0.200439453125
f4_global_strat_control,global_target,2145_0.59_1.25.png,0.5487143993377686,1155,106,0.012987012987012988,0.16981132075471697,0.250732421875
f4_global_strat_control,global_target,2150_0.89_1.44.png,0.5487143993377686,457,334,0.0262582056892779,0.11976047904191617,0.455810546875
f4_global_strat_control,global_target,2151_0.78_0.51.png,0.5487143993377686,1436,213,0.0,0.004694835680751174,0.006103515625
f4_global_strat_control,global_target,2156_0.71_1.75.png,0.5487143993377686,664,259,0.0015060240963855422,0.17374517374517376,0.298583984375
f4_global_strat_control,global_target,215_0.58_0.63.png,0.5487143993377686,308,26,0.09415584415584416,0.0,0.048583984375
f4_global_strat_control,global_target,2163_0.52_1.35.png,0.5487143993377686,138,230,0.050724637681159424,0.05217391304347826,0.25341796875
f4_global_strat_control,global_target,2176_0.54_1.82.png,0.5487143993377686,49,353,0.1836734693877551,0.0708215297450425,0.335693359375
f4_global_strat_control,global_target,2179_0.63_0.92.png,0.5487143993377686,399,809,0.005012531328320802,0.049443757725587144,0.140625
f4_global_strat_control,global_target,217_0.79_0.54.png,0.5487143993377686,167,2753,0.005988023952095809,0.6069742099527787,0.419189453125
f4_global_strat_control,global_target,2190_0.51_0.51.png,0.5487143993377686,1590,542,0.0,0.005535055350553505,0.001220703125
f4_global_strat_control,global_target,2195_0.53_1.24.png,0.5487143993377686,408,906,0.004901960784313725,0.03200883002207505,0.141357421875
f4_global_strat_control,global_target,2204_0.99_1.22.png,0.5487143993377686,534,1170,0.026217228464419477,0.02735042735042735,0.19970703125
f4_global_strat_control,global_target,2207_0.53_1.2.png,0.5487143993377686,991,251,0.0010090817356205853,0.08366533864541832,0.07177734375
f4_global_strat_control,global_target,220_0.56_1.69.png,0.5487143993377686,71,423,0.014084507042253521,0.11347517730496454,0.46435546875
f4_global_strat_control,global_target,2216_0.58_1.17.png,0.5487143993377686,512,121,0.025390625,0.024793388429752067,0.193115234375
f4_global_strat_control,global_target,2220_0.92_1.02.png,0.5487143993377686,216,35,0.032407407407407406,0.2,0.02197265625
f4_global_strat_control,global_target,2231_0.71_0.89.png,0.5487143993377686,816,179,0.007352941176470588,0.0446927374301676,0.165771484375
f4_global_strat_control,global_target,2234_0.76_1.1.png,0.5487143993377686,309,133,0.0,0.03007518796992481,0.08203125
f4_global_strat_control,global_target,2235_0.91_1.78.png,0.5487143993377686,85,137,0.08235294117647059,0.19708029197080293,0.46826171875
f4_global_strat_control,global_target,2244_0.77_1.02.png,0.5487143993377686,1029,89,0.0009718172983479105,0.20224719101123595,0.15576171875
f4_global_strat_control,global_target,2247_0.9_1.37.png,0.5487143993377686,461,350,0.03036876355748373,0.06857142857142857,0.508056640625
f4_global_strat_control,global_target,2250_0.67_1.7.png,0.5487143993377686,180,173,0.005555555555555556,0.04046242774566474,0.604248046875
f4_global_strat_control,global_target,2259_0.79_0.9.png,0.5487143993377686,1259,233,0.0007942811755361397,0.0,0.086181640625
f4_global_strat_control,global_target,2262_0.79_1.73.png,0.5487143993377686,67,74,0.0,0.04054054054054054,0.345703125
f4_global_strat_control,global_target,2264_0.66_1.54.png,0.5487143993377686,95,87,0.0,0.12643678160919541,0.248046875
f4_global_strat_control,global_target,2265_0.72_1.34.png,0.5487143993377686,434,15,0.0,0.0,0.18310546875
f4_global_strat_control,global_target,2269_0.52_1.13.png,0.5487143993377686,323,13,0.0,0.0,0.051513671875
f4_global_strat_control,global_target,226_0.56_0.7.png,0.5487143993377686,756,250,0.005291005291005291,0.328,0.149169921875
f4_global_strat_control,global_target,2271_0.6_1.89.png,0.5487143993377686,162,14,0.006172839506172839,0.0,0.11669921875
f4_global_strat_control,global_target,2277_0.69_0.53.png,0.5487143993377686,2584,134,0.0,0.014925373134328358,0.00537109375
f4_global_strat_control,global_target,2279_0.82_0.88.png,0.5487143993377686,1310,92,0.0,0.15217391304347827,0.05322265625
f4_global_strat_control,global_target,2282_0.93_1.05.png,0.5487143993377686,1177,88,0.0,0.09090909090909091,0.11376953125
f4_global_strat_control,global_target,2283_0.58_1.18.png,0.5487143993377686,1073,158,0.005591798695246971,0.11392405063291139,0.0673828125
f4_global_strat_control,global_target,228_0.81_0.73.png,0.5487143993377686,906,312,0.005518763796909493,0.08333333333333333,0.2392578125
f4_global_strat_control,global_target,2290_0.92_1.28.png,0.5487143993377686,197,11,0.0,0.18181818181818182,0.553466796875
f4_global_strat_control,global_target,2292_0.82_1.71.png,0.5487143993377686,181,10,0.0,0.2,0.720703125
f4_global_strat_control,global_target,2294_1.0_1.16.png,0.5487143993377686,222,56,0.0045045045045045045,0.2857142857142857,0.619873046875
f4_global_strat_control,global_target,2298_0.55_1.86.png,0.5487143993377686,773,335,0.015523932729624839,0.31044776119402984,0.209716796875
f4_global_strat_control,global_target,229_0.93_1.79.png,0.5487143993377686,2,228,0.0,0.7894736842105263,0.604736328125
f4_global_strat_control,global_target,2305_0.57_1.54.png,0.5487143993377686,636,851,0.0015723270440251573,0.15746180963572268,0.227294921875
f4_global_strat_control,global_target,2307_0.75_1.96.png,0.5487143993377686,258,392,0.003875968992248062,0.3596938775510204,0.427001953125
f4_global_strat_control,global_target,2310_0.9_1.71.png,0.5487143993377686,255,998,0.03529411764705882,0.2545090180360721,0.35595703125
f4_global_strat_control,global_target,2317_0.62_1.27.png,0.5487143993377686,484,618,0.01859504132231405,0.08414239482200647,0.218017578125
f4_global_strat_control,global_target,2319_0.9_0.55.png,0.5487143993377686,961,464,0.001040582726326743,0.008620689655172414,0.025390625
f4_global_strat_control,global_target,2325_0.93_1.76.png,0.5487143993377686,744,468,0.008064516129032258,0.03418803418803419,0.196044921875
f4_global_strat_control,global_target,2334_0.56_0.79.png,0.5487143993377686,1170,595,0.010256410256410256,0.12436974789915967,0.058837890625
f4_global_strat_control,global_target,2338_0.62_1.42.png,0.5487143993377686,40,373,0.025,0.5388739946380697,0.4765625
f4_global_strat_control,global_target,2345_0.9_0.78.png,0.5487143993377686,959,99,0.0020855057351407717,0.0,0.05029296875
f4_global_strat_control,global_target,2365_0.53_0.5.png,0.5487143993377686,1675,450,0.0,0.0,0.001953125
f4_global_strat_control,global_target,236_0.67_1.6.png,0.5487143993377686,13,48,0.15384615384615385,0.020833333333333332,0.546630859375
f4_global_strat_control,global_target,2379_0.79_1.37.png,0.5487143993377686,937,90,0.0,0.05555555555555555,0.048828125
f4_global_strat_control,global_target,2382_0.63_0.9.png,0.5487143993377686,1474,101,0.0,0.04950495049504951,0.021240234375
f4_global_strat_control,global_target,2386_0.97_1.08.png,0.5487143993377686,582,292,0.005154639175257732,0.03767123287671233,0.10791015625
f4_global_strat_control,global_target,238_0.87_1.74.png,0.5487143993377686,14,838,0.5,0.9737470167064439,0.81396484375
f4_global_strat_control,global_target,2395_0.78_1.43.png,0.5487143993377686,511,125,0.0,0.048,0.09814453125
f4_global_strat_control,global_target,23_0.83_1.63.png,0.5487143993377686,0,133,nan,0.18045112781954886,0.25830078125
f4_global_strat_control,global_target,2402_0.8_0.8.png,0.5487143993377686,1868,721,0.0,0.004160887656033287,0.006103515625
f4_global_strat_control,global_target,2408_0.55_1.94.png,0.5487143993377686,1233,278,0.0008110300081103001,0.1510791366906475,0.306640625
f4_global_strat_control,global_target,2409_0.55_1.95.png,0.5487143993377686,486,75,0.012345679012345678,0.2,0.287109375
f4_global_strat_control,global_target,2410_0.57_1.09.png,0.5487143993377686,985,188,0.003045685279187817,0.0797872340425532,0.115478515625
f4_global_strat_control,global_target,2411_0.81_0.52.png,0.5487143993377686,1891,167,0.0,0.023952095808383235,0.03759765625
f4_global_strat_control,global_target,2415_0.55_1.63.png,0.5487143993377686,170,447,0.011764705882352941,0.0447427293064877,0.158935546875
f4_global_strat_control,global_target,2420_0.95_0.63.png,0.5487143993377686,746,309,0.010723860589812333,0.006472491909385114,0.03369140625
f4_global_strat_control,global_target,2432_0.94_1.56.png,0.5487143993377686,1094,129,0.005484460694698354,0.031007751937984496,0.321044921875
f4_global_strat_control,global_target,2437_0.64_0.7.png,0.5487143993377686,2449,134,0.0012249897917517355,0.14925373134328357,0.051513671875
f4_global_strat_control,global_target,2441_0.74_1.28.png,0.5487143993377686,514,716,0.07198443579766536,0.12430167597765363,0.29833984375
f4_global_strat_control,global_target,2450_0.51_0.64.png,0.5487143993377686,1036,65,0.0,0.015384615384615385,0.027587890625
f4_global_strat_control,global_target,2453_0.54_1.83.png,0.5487143993377686,47,344,0.0,0.11918604651162791,0.69677734375
f4_global_strat_control,global_target,2454_0.81_1.92.png,0.5487143993377686,57,188,0.017543859649122806,0.09574468085106383,0.805419921875
f4_global_strat_control,global_target,2458_0.78_1.02.png,0.5487143993377686,903,177,0.0022148394241417496,0.005649717514124294,0.232177734375
f4_global_strat_control,global_target,2463_0.85_1.05.png,0.5487143993377686,1213,110,0.0,0.02727272727272727,0.12451171875
f4_global_strat_control,global_target,2467_0.62_0.72.png,0.5487143993377686,1636,51,0.0,0.0,0.001220703125
f4_global_strat_control,global_target,2474_0.91_0.84.png,0.5487143993377686,1572,288,0.009541984732824428,0.09722222222222222,0.040771484375
f4_global_strat_control,global_target,2475_0.92_1.34.png,0.5487143993377686,920,314,0.0010869565217391304,0.06050955414012739,0.129150390625
f4_global_strat_control,global_target,2476_0.67_0.56.png,0.5487143993377686,3030,218,0.0029702970297029703,0.01834862385321101,0.00439453125
f4_global_strat_control,global_target,2483_0.82_1.17.png,0.5487143993377686,242,605,0.03305785123966942,0.04297520661157025,0.29541015625
f4_global_strat_control,global_target,2490_0.71_1.73.png,0.5487143993377686,75,127,0.013333333333333334,0.2755905511811024,0.826416015625
f4_global_strat_control,global_target,2491_0.94_1.9.png,0.5487143993377686,78,134,0.02564102564102564,0.1417910447761194,0.8955078125
f4_global_strat_control,global_target,2496_0.61_0.78.png,0.5487143993377686,908,431,0.0011013215859030838,0.03248259860788863,0.040283203125
f4_global_strat_control,global_target,2498_0.54_1.1.png,0.5487143993377686,699,302,0.00715307582260372,0.2947019867549669,0.090576171875
f4_global_strat_control,global_target,249_0.65_1.99.png,0.5487143993377686,4,11,0.0,0.2727272727272727,0.4853515625
f4_global_strat_control,global_target,24_0.53_1.21.png,0.5487143993377686,1,241,0.0,0.04564315352697095,0.039794921875
f4_global_strat_control,global_target,2517_0.94_1.24.png,0.5487143993377686,920,236,0.017391304347826087,0.1864406779661017,0.221435546875
f4_global_strat_control,global_target,2522_0.78_1.79.png,0.5487143993377686,577,733,0.019064124783362217,0.1377899045020464,0.218994140625
f4_global_strat_control,global_target,2525_0.79_1.85.png,0.5487143993377686,572,1241,0.01048951048951049,0.007252215954875101,0.0771484375
f4_global_strat_control,global_target,252_0.98_1.73.png,0.5487143993377686,26,14,0.11538461538461539,0.6428571428571429,0.536865234375
f4_global_strat_control,global_target,2542_0.7_1.52.png,0.5487143993377686,398,52,0.0,0.07692307692307693,0.099609375
f4_global_strat_control,global_target,2550_0.85_1.96.png,0.5487143993377686,544,237,0.0,0.012658227848101266,0.326904296875
f4_global_strat_control,global_target,2556_0.89_1.72.png,0.5487143993377686,1151,177,0.005212858384013901,0.22598870056497175,0.38720703125
f4_global_strat_control,global_target,2559_0.81_1.96.png,0.5487143993377686,147,593,0.07482993197278912,0.09274873524451939,0.32421875
f4_global_strat_control,global_target,2563_0.85_0.62.png,0.5487143993377686,2097,8,0.002384358607534573,0.125,0.035888671875
f4_global_strat_control,global_target,2567_0.52_1.05.png,0.5487143993377686,1167,141,0.000856898029134533,0.03546099290780142,0.025390625
f4_global_strat_control,global_target,2570_0.99_2.0.png,0.5487143993377686,236,39,0.00423728813559322,0.02564102564102564,0.44921875
f4_global_strat_control,global_target,2572_0.54_1.3.png,0.5487143993377686,1094,163,0.0,0.006134969325153374,0.085205078125
f4_global_strat_control,global_target,2574_0.57_1.08.png,0.5487143993377686,1087,35,0.0,0.17142857142857143,0.071533203125
f4_global_strat_control,global_target,2581_0.79_1.95.png,0.5487143993377686,72,461,0.0,0.6529284164859002,0.45361328125
f4_global_strat_control,global_target,2589_0.62_1.28.png,0.5487143993377686,683,75,0.007320644216691069,0.04,0.253662109375
f4_global_strat_control,global_target,2591_0.78_1.58.png,0.5487143993377686,449,58,0.013363028953229399,0.1206896551724138,0.481201171875
f4_global_strat_control,global_target,2596_0.54_1.72.png,0.5487143993377686,1276,198,0.001567398119122257,0.015151515151515152,0.193359375
f4_global_strat_control,global_target,259_0.87_0.76.png,0.5487143993377686,523,601,0.0,0.0066555740432612314,0.002197265625
f4_global_strat_control,global_target,25_0.59_1.43.png,0.5487143993377686,476,800,0.031512605042016806,0.085,0.249267578125
f4_global_strat_control,global_target,2608_0.68_1.54.png,0.5487143993377686,37,292,0.02702702702702703,0.14726027397260275,0.189208984375
f4_global_strat_control,global_target,2612_0.52_1.14.png,0.5487143993377686,480,196,0.0,0.04081632653061224,0.078857421875
f4_global_strat_control,global_target,2614_0.55_0.63.png,0.5487143993377686,1230,177,0.0,0.07344632768361582,0.0107421875
f4_global_strat_control,global_target,261_0.54_0.73.png,0.5487143993377686,333,1764,0.8198198198198198,0.08219954648526077,0.413330078125
f4_global_strat_control,global_target,2625_0.88_1.86.png,0.5487143993377686,470,67,0.002127659574468085,0.16417910447761194,0.47705078125
f4_global_strat_control,global_target,2626_0.88_1.19.png,0.5487143993377686,915,99,0.007650273224043716,0.12121212121212122,0.17236328125
f4_global_strat_control,global_target,2628_0.86_1.01.png,0.5487143993377686,1230,164,0.0024390243902439024,0.12195121951219512,0.094970703125
f4_global_strat_control,global_target,2632_0.92_1.01.png,0.5487143993377686,367,70,0.0,0.02857142857142857,0.2236328125
f4_global_strat_control,global_target,2635_0.98_1.78.png,0.5487143993377686,733,330,0.004092769440654843,0.09393939393939393,0.362060546875
f4_global_strat_control,global_target,2641_0.7_1.91.png,0.5487143993377686,505,347,0.009900990099009901,0.5331412103746398,0.315673828125
f4_global_strat_control,global_target,2646_0.82_1.47.png,0.5487143993377686,756,189,0.03439153439153439,0.010582010582010581,0.49072265625
f4_global_strat_control,global_target,2652_0.85_1.34.png,0.5487143993377686,1775,57,0.0,0.22807017543859648,0.196044921875
f4_global_strat_control,global_target,2653_0.5_0.98.png,0.5487143993377686,2619,172,0.0007636502481863307,0.046511627906976744,0.02587890625
f4_global_strat_control,global_target,2663_0.54_1.88.png,0.5487143993377686,82,142,0.024390243902439025,0.07746478873239436,0.27734375
f4_global_strat_control,global_target,2665_0.85_1.17.png,0.5487143993377686,956,175,0.0020920502092050207,0.04,0.19189453125
f4_global_strat_control,global_target,2674_0.84_1.83.png,0.5487143993377686,913,97,0.01095290251916758,0.08247422680412371,0.21533203125
f4_global_strat_control,global_target,2680_0.94_1.89.png,0.5487143993377686,924,112,0.03787878787878788,0.1875,0.474365234375
f4_global_strat_control,global_target,2682_0.96_1.39.png,0.5487143993377686,485,65,0.002061855670103093,0.1076923076923077,0.2421875
f4_global_strat_control,global_target,2687_0.61_0.9.png,0.5487143993377686,766,117,0.006527415143603133,0.0,0.07763671875
f4_global_strat_control,global_target,268_0.79_1.15.png,0.5487143993377686,95,366,0.0,0.3087431693989071,0.281494140625
f4_global_strat_control,global_target,2693_0.69_0.91.png,0.5487143993377686,2586,27,0.001160092807424594,0.037037037037037035,0.025390625
f4_global_strat_control,global_target,2696_0.77_1.3.png,0.5487143993377686,1740,165,0.0,0.1696969696969697,0.0771484375
f4_global_strat_control,global_target,2700_0.59_1.66.png,0.5487143993377686,794,32,0.006297229219143577,0.0625,0.1455078125
f4_global_strat_control,global_target,2703_0.77_1.67.png,0.5487143993377686,945,154,0.005291005291005291,0.01948051948051948,0.1728515625
f4_global_strat_control,global_target,2704_0.84_1.81.png,0.5487143993377686,786,196,0.001272264631043257,0.03571428571428571,0.205322265625
f4_global_strat_control,global_target,2705_0.68_1.36.png,0.5487143993377686,746,21,0.0,0.0,0.082275390625
f4_global_strat_control,global_target,2707_0.61_1.6.png,0.5487143993377686,730,20,0.0,0.1,0.11181640625
f4_global_strat_control,global_target,2708_0.72_1.57.png,0.5487143993377686,619,36,0.0,0.05555555555555555,0.126220703125
f4_global_strat_control,global_target,2710_0.56_1.69.png,0.5487143993377686,8,213,0.0,0.03755868544600939,0.147216796875
f4_global_strat_control,global_target,2712_0.65_1.83.png,0.5487143993377686,16,159,0.0,0.03773584905660377,0.21533203125
f4_global_strat_control,global_target,2714_0.9_1.77.png,0.5487143993377686,225,51,0.0,0.0196078431372549,0.4873046875
f4_global_strat_control,global_target,2739_0.95_1.39.png,0.5487143993377686,1532,136,0.0045691906005221935,0.4264705882352941,0.167724609375
f4_global_strat_control,global_target,2744_0.6_1.82.png,0.5487143993377686,151,188,0.046357615894039736,0.06914893617021277,0.374755859375
f4_global_strat_control,global_target,2747_0.87_1.0.png,0.5487143993377686,1686,160,0.0,0.03125,0.11376953125
f4_global_strat_control,global_target,2754_0.83_1.45.png,0.5487143993377686,338,281,0.0029585798816568047,0.02491103202846975,0.401123046875
f4_global_strat_control,global_target,2759_0.52_1.32.png,0.5487143993377686,525,273,0.005714285714285714,0.07326007326007326,0.2216796875
f4_global_strat_control,global_target,2763_0.83_1.04.png,0.5487143993377686,1476,223,0.0020325203252032522,0.02242152466367713,0.055908203125
f4_global_strat_control,global_target,2767_0.69_0.71.png,0.5487143993377686,2066,346,0.015972894482090997,0.03468208092485549,0.0302734375
f4_global_strat_control,global_target,2769_0.81_1.94.png,0.5487143993377686,923,365,0.0065005417118093175,0.13424657534246576,0.214599609375
f4_global_strat_control,global_target,2771_0.52_0.87.png,0.5487143993377686,2058,326,0.00048590864917395527,0.003067484662576687,0.00830078125
f4_global_strat_control,global_target,2775_0.9_0.66.png,0.5487143993377686,627,69,0.0,0.15942028985507245,0.1259765625
f4_global_strat_control,global_target,2779_0.73_0.56.png,0.5487143993377686,1557,482,0.0006422607578676942,0.008298755186721992,0.016357421875
f4_global_strat_control,global_target,2783_0.78_1.9.png,0.5487143993377686,275,142,0.025454545454545455,0.31690140845070425,0.47216796875
f4_global_strat_control,global_target,2784_0.56_0.55.png,0.5487143993377686,2507,101,0.00039888312724371757,0.0,0.005126953125
f4_global_strat_control,global_target,2786_0.88_1.47.png,0.5487143993377686,879,225,0.006825938566552901,0.057777777777777775,0.250244140625
f4_global_strat_control,global_target,2790_0.56_1.84.png,0.5487143993377686,778,76,0.0,0.18421052631578946,0.09814453125
f4_global_strat_control,global_target,2791_0.51_1.66.png,0.5487143993377686,983,84,0.0,0.2976190476190476,0.0771484375
f4_global_strat_control,global_target,2792_0.52_0.69.png,0.5487143993377686,1837,58,0.0,0.06896551724137931,0.005859375
f4_global_strat_control,global_target,2794_0.8_0.92.png,0.5487143993377686,274,61,0.014598540145985401,0.03278688524590164,0.112548828125
f4_global_strat_control,global_target,2800_0.75_0.87.png,0.5487143993377686,775,1040,0.015483870967741935,0.04230769230769231,0.08837890625
f4_global_strat_control,global_target,2807_0.78_0.64.png,0.5487143993377686,3344,55,0.0,0.0,0.02001953125
f4_global_strat_control,global_target,2809_0.86_1.19.png,0.5487143993377686,997,109,0.022066198595787363,0.2018348623853211,0.207275390625
f4_global_strat_control,global_target,281_0.93_1.17.png,0.5487143993377686,0,82,nan,0.6341463414634146,0.567626953125
f4_global_strat_control,global_target,2820_0.87_0.91.png,0.5487143993377686,702,328,0.0014245014245014246,0.03353658536585366,0.175537109375
f4_global_strat_control,global_target,2827_0.92_0.93.png,0.5487143993377686,799,133,0.0012515644555694619,0.09774436090225563,0.100830078125
f4_global_strat_control,global_target,2828_0.98_1.23.png,0.5487143993377686,352,213,0.002840909090909091,0.06103286384976526,0.155029296875
f4_global_strat_control,global_target,282_0.95_1.38.png,0.5487143993377686,0,62,nan,0.7419354838709677,0.702392578125
f4_global_strat_control,global_target,283_0.71_1.63.png,0.5487143993377686,0,188,nan,0.8776595744680851,0.710693359375
f4_global_strat_control,global_target,2843_0.7_0.5.png,0.5487143993377686,1975,296,0.0,0.0,0.0048828125
f4_global_strat_control,global_target,2844_0.58_0.74.png,0.5487143993377686,1972,202,0.0005070993914807302,0.04950495049504951,0.0146484375
f4_global_strat_control,global_target,2845_0.61_0.81.png,0.5487143993377686,1540,138,0.0012987012987012987,0.0,0.0048828125
f4_global_strat_control,global_target,2862_0.91_1.23.png,0.5487143993377686,403,265,0.007444168734491315,0.07547169811320754,0.1025390625
f4_global_strat_control,global_target,2872_0.75_1.98.png,0.5487143993377686,55,63,0.0,0.09523809523809523,0.566650390625
f4_global_strat_control,global_target,2877_0.98_1.2.png,0.5487143993377686,770,878,0.04415584415584416,0.14123006833712984,0.220703125
f4_global_strat_control,global_target,2884_0.65_1.22.png,0.5487143993377686,1275,316,0.002352941176470588,0.1360759493670886,0.091796875
f4_global_strat_control,global_target,288_0.77_1.7.png,0.5487143993377686,34,965,0.2647058823529412,0.8715025906735752,0.51806640625
f4_global_strat_control,global_target,2896_0.84_0.74.png,0.5487143993377686,2006,177,0.0024925224327018943,0.1638418079096045,0.06103515625
f4_global_strat_control,global_target,2899_0.92_1.08.png,0.5487143993377686,215,200,0.009302325581395349,0.105,0.372802734375
f4_global_strat_control,global_target,28_0.54_1.24.png,0.5487143993377686,295,1459,0.2542372881355932,0.01782042494859493,0.13720703125
f4_global_strat_control,global_target,2901_0.59_1.0.png,0.5487143993377686,2152,224,0.012081784386617101,0.0625,0.033203125
f4_global_strat_control,global_target,2905_0.99_0.96.png,0.5487143993377686,405,652,0.037037037037037035,0.04754601226993865,0.062744140625
f4_global_strat_control,global_target,2916_0.62_1.39.png,0.5487143993377686,430,395,0.009302325581395349,0.1670886075949367,0.15234375
f4_global_strat_control,global_target,2918_0.6_1.92.png,0.5487143993377686,545,218,0.001834862385321101,0.10550458715596331,0.390869140625
f4_global_strat_control,global_target,2926_0.6_1.32.png,0.5487143993377686,54,3,0.0,0.6666666666666666,0.245361328125
f4_global_strat_control,global_target,2928_0.93_0.58.png,0.5487143993377686,183,16,0.00546448087431694,0.375,0.057373046875
f4_global_strat_control,global_target,2941_0.7_1.3.png,0.5487143993377686,444,428,0.05855855855855856,0.13551401869158877,0.2861328125
f4_global_strat_control,global_target,2953_0.65_1.26.png,0.5487143993377686,1339,248,0.0,0.004032258064516129,0.07763671875
f4_global_strat_control,global_target,2955_0.54_1.51.png,0.5487143993377686,901,271,0.005549389567147614,0.055350553505535055,0.0810546875
f4_global_strat_control,global_target,2963_0.61_1.33.png,0.5487143993377686,1047,156,0.0057306590257879654,0.21153846153846154,0.3271484375
f4_global_strat_control,global_target,2966_0.98_0.67.png,0.5487143993377686,803,421,0.0,0.040380047505938245,0.0458984375
f4_global_strat_control,global_target,2978_0.94_1.66.png,0.5487143993377686,37,17,0.08108108108108109,0.29411764705882354,0.899658203125
f4_global_strat_control,global_target,2991_0.88_1.4.png,0.5487143993377686,640,522,0.01875,0.06130268199233716,0.373291015625
f4_global_strat_control,global_target,2994_0.81_0.58.png,0.5487143993377686,1788,230,0.0,0.008695652173913044,0.071044921875
f4_global_strat_control,global_target,2996_0.97_1.99.png,0.5487143993377686,430,87,0.04186046511627907,0.3448275862068966,0.666015625
f4_global_strat_control,global_target,299_0.79_0.75.png,0.5487143993377686,140,170,0.0,0.029411764705882353,0.045654296875
f4_global_strat_control,global_target,300_0.72_1.88.png,0.5487143993377686,0,273,nan,0.7435897435897436,0.53466796875
f4_global_strat_control,global_target,302_0.67_0.9.png,0.5487143993377686,294,272,0.0,0.15808823529411764,0.218505859375
f4_global_strat_control,global_target,303_0.68_0.54.png,0.5487143993377686,484,388,0.008264462809917356,0.1056701030927835,0.029541015625
f4_global_strat_control,global_target,309_0.52_0.96.png,0.5487143993377686,56,205,0.0,0.3902439024390244,0.24560546875
f4_global_strat_control,global_target,319_0.87_1.65.png,0.5487143993377686,13,1693,0.0,0.7282929710572947,0.524658203125
f4_global_strat_control,global_target,325_0.68_1.71.png,0.5487143993377686,64,287,0.015625,0.3310104529616725,0.5380859375
f4_global_strat_control,global_target,326_0.56_0.94.png,0.5487143993377686,588,529,0.003401360544217687,0.03213610586011342,0.1669921875
f4_global_strat_control,global_target,33_0.9_0.83.png,0.5487143993377686,302,544,0.19536423841059603,0.14154411764705882,0.1650390625
f4_global_strat_control,global_target,344_0.57_1.11.png,0.5487143993377686,8,271,0.0,0.15867158671586715,0.6328125
f4_global_strat_control,global_target,349_0.53_1.37.png,0.5487143993377686,0,823,nan,0.02551640340218712,0.033203125
f4_global_strat_control,global_target,34_0.67_1.92.png,0.5487143993377686,22,554,0.0,0.5054151624548736,0.382568359375
f4_global_strat_control,global_target,355_0.85_0.53.png,0.5487143993377686,114,461,0.0,0.004338394793926247,0.032958984375
f4_global_strat_control,global_target,356_0.65_0.6.png,0.5487143993377686,352,884,0.0,0.004524886877828055,0.020751953125
f4_global_strat_control,global_target,361_0.83_0.87.png,0.5487143993377686,169,1068,0.011834319526627219,0.5365168539325843,0.291015625
f4_global_strat_control,global_target,363_0.77_0.88.png,0.5487143993377686,128,746,0.0859375,0.5723860589812333,0.30615234375
f4_global_strat_control,global_target,365_0.89_1.63.png,0.5487143993377686,3,176,0.3333333333333333,0.6136363636363636,0.63232421875
f4_global_strat_control,global_target,367_0.56_0.63.png,0.5487143993377686,1559,287,0.0006414368184733803,0.003484320557491289,0.024169921875
f4_global_strat_control,global_target,377_0.97_1.14.png,0.5487143993377686,59,451,0.05084745762711865,0.019955654101995565,0.21533203125
f4_global_strat_control,global_target,382_0.85_0.82.png,0.5487143993377686,27,422,0.0,0.11374407582938388,0.2529296875
f4_global_strat_control,global_target,383_0.87_0.78.png,0.5487143993377686,222,387,0.536036036036036,0.05426356589147287,0.205078125
f4_global_strat_control,global_target,386_0.91_1.27.png,0.5487143993377686,2,38,0.0,0.10526315789473684,0.69287109375
f4_global_strat_control,global_target,400_0.99_1.08.png,0.5487143993377686,201,365,0.13930348258706468,0.4657534246575342,0.538330078125
f4_global_strat_control,global_target,407_0.59_0.69.png,0.5487143993377686,97,29,0.0,0.0,0.08447265625
f4_global_strat_control,global_target,414_0.52_1.27.png,0.5487143993377686,151,596,0.059602649006622516,0.4429530201342282,0.602294921875
f4_global_strat_control,global_target,423_0.92_0.7.png,0.5487143993377686,110,360,0.06363636363636363,0.07777777777777778,0.0615234375
f4_global_strat_control,global_target,439_0.95_1.86.png,0.5487143993377686,25,11,0.0,0.0,0.7470703125
f4_global_strat_control,global_target,440_0.72_1.73.png,0.5487143993377686,4,1,0.0,1.0,0.5615234375
f4_global_strat_control,global_target,446_0.72_1.25.png,0.5487143993377686,110,234,0.990909090909091,0.7094017094017094,0.73046875
f4_global_strat_control,global_target,449_0.79_1.15.png,0.5487143993377686,242,99,0.7851239669421488,0.050505050505050504,0.605224609375
f4_global_strat_control,global_target,454_0.63_0.9.png,0.5487143993377686,945,740,0.007407407407407408,0.010810810810810811,0.03271484375
f4_global_strat_control,global_target,455_0.55_1.99.png,0.5487143993377686,3,336,0.3333333333333333,0.050595238095238096,0.322021484375
f4_global_strat_control,global_target,459_0.9_0.51.png,0.5487143993377686,470,759,0.0,0.005270092226613966,0.008544921875
f4_global_strat_control,global_target,470_0.8_0.94.png,0.5487143993377686,129,977,0.023255813953488372,0.02968270214943705,0.207763671875
f4_global_strat_control,global_target,471_0.9_1.29.png,0.5487143993377686,42,306,0.023809523809523808,0.20261437908496732,0.544921875
f4_global_strat_control,global_target,479_0.58_1.54.png,0.5487143993377686,836,176,1.0,0.6477272727272727,0.52685546875
f4_global_strat_control,global_target,483_0.88_1.16.png,0.5487143993377686,197,166,0.7766497461928934,0.0,0.39599609375
f4_global_strat_control,global_target,484_0.58_1.89.png,0.5487143993377686,102,188,1.0,0.8936170212765957,0.477783203125
f4_global_strat_control,global_target,490_0.83_1.67.png,0.5487143993377686,190,30,0.1,0.8666666666666667,0.380126953125
f4_global_strat_control,global_target,492_0.61_1.32.png,0.5487143993377686,209,79,0.019138755980861243,0.10126582278481013,0.044921875
f4_global_strat_control,global_target,4_0.84_1.98.png,0.5487143993377686,76,207,0.02631578947368421,0.2995169082125604,0.2998046875
f4_global_strat_control,global_target,507_0.74_1.31.png,0.5487143993377686,233,1496,0.8068669527896996,0.838903743315508,0.5927734375
f4_global_strat_control,global_target,508_0.87_0.92.png,0.5487143993377686,219,918,0.0,0.06100217864923747,0.1181640625
f4_global_strat_control,global_target,50_0.82_1.93.png,0.5487143993377686,23,644,0.043478260869565216,0.672360248447205,0.754150390625
f4_global_strat_control,global_target,517_0.95_1.51.png,0.5487143993377686,4,256,0.0,0.64453125,0.791015625
f4_global_strat_control,global_target,525_0.65_1.46.png,0.5487143993377686,135,227,0.007407407407407408,0.11013215859030837,0.25732421875
f4_global_strat_control,global_target,531_0.55_1.19.png,0.5487143993377686,151,388,0.0,0.010309278350515464,0.339599609375
f4_global_strat_control,global_target,533_0.96_1.51.png,0.5487143993377686,9,130,0.4444444444444444,0.7,0.90234375
f4_global_strat_control,global_target,535_0.78_1.25.png,0.5487143993377686,89,1099,0.5393258426966292,0.9190172884440401,0.728759765625
f4_global_strat_control,global_target,540_0.92_1.97.png,0.5487143993377686,0,18,nan,0.0,0.494873046875
f4_global_strat_control,global_target,542_0.55_1.46.png,0.5487143993377686,14,188,0.14285714285714285,0.2127659574468085,0.473388671875
f4_global_strat_control,global_target,547_0.79_1.67.png,0.5487143993377686,32,1308,0.375,0.1162079510703364,0.425537109375
f4_global_strat_control,global_target,551_0.75_1.66.png,0.5487143993377686,28,1676,0.0,0.7786396181384249,0.849853515625
f4_global_strat_control,global_target,556_0.86_1.79.png,0.5487143993377686,8,357,0.75,0.08403361344537816,0.685302734375
f4_global_strat_control,global_target,565_0.76_1.56.png,0.5487143993377686,47,830,0.5319148936170213,0.6180722891566265,0.599365234375
f4_global_strat_control,global_target,574_0.65_1.38.png,0.5487143993377686,0,1434,nan,0.02789400278940028,0.24462890625
f4_global_strat_control,global_target,575_0.71_1.7.png,0.5487143993377686,0,961,nan,0.008324661810613945,0.33056640625
f4_global_strat_control,global_target,576_0.84_1.69.png,0.5487143993377686,7,495,0.0,0.048484848484848485,0.382568359375
f4_global_strat_control,global_target,581_0.54_1.36.png,0.5487143993377686,56,40,0.0,0.0,0.063232421875
f4_global_strat_control,global_target,585_0.6_0.89.png,0.5487143993377686,187,1128,0.0962566844919786,0.32978723404255317,0.123779296875
f4_global_strat_control,global_target,590_0.65_0.94.png,0.5487143993377686,467,1642,0.0,0.0,0.0
f4_global_strat_control,global_target,593_0.64_0.82.png,0.5487143993377686,152,78,0.0,0.01282051282051282,0.00537109375
f4_global_strat_control,global_target,595_0.78_1.11.png,0.5487143993377686,70,156,0.0,0.019230769230769232,0.010009765625
f4_global_strat_control,global_target,596_0.55_0.89.png,0.5487143993377686,204,80,0.0,0.0,0.01318359375
f4_global_strat_control,global_target,59_0.59_1.43.png,0.5487143993377686,33,798,0.2727272727272727,0.518796992481203,0.58056640625
f4_global_strat_control,global_target,603_0.67_1.99.png,0.5487143993377686,0,3,nan,1.0,0.664306640625
f4_global_strat_control,global_target,605_0.58_0.77.png,0.5487143993377686,256,855,0.0,0.0,0.033447265625
f4_global_strat_control,global_target,609_0.58_1.34.png,0.5487143993377686,101,339,0.1485148514851485,0.20648967551622419,0.358642578125
f4_global_strat_control,global_target,614_0.95_0.72.png,0.5487143993377686,141,319,0.0,0.0,0.178955078125
f4_global_strat_control,global_target,618_0.66_1.24.png,0.5487143993377686,72,280,0.0,0.04642857142857143,0.080322265625
f4_global_strat_control,global_target,61_0.71_1.08.png,0.5487143993377686,164,522,0.042682926829268296,0.06513409961685823,0.1083984375
f4_global_strat_control,global_target,624_0.88_1.47.png,0.5487143993377686,39,133,0.5897435897435898,0.37593984962406013,0.7578125
f4_global_strat_control,global_target,638_0.73_1.34.png,0.5487143993377686,95,997,0.07368421052631578,0.05917753259779338,0.23876953125
f4_global_strat_control,global_target,653_0.78_0.53.png,0.5487143993377686,39,79,0.0,0.0,0.025634765625
f4_global_strat_control,global_target,659_0.86_0.85.png,0.5487143993377686,47,1184,0.10638297872340426,0.6554054054054054,0.2998046875
f4_global_strat_control,global_target,661_0.6_1.84.png,0.5487143993377686,1,367,0.0,0.26430517711171664,0.85302734375
f4_global_strat_control,global_target,663_0.87_1.75.png,0.5487143993377686,0,216,nan,0.25,0.907470703125
f4_global_strat_control,global_target,674_0.93_0.72.png,0.5487143993377686,827,200,0.053204353083434096,0.105,0.093994140625
f4_global_strat_control,global_target,676_0.53_1.48.png,0.5487143993377686,65,206,0.09230769230769231,0.6990291262135923,0.447021484375
f4_global_strat_control,global_target,681_0.66_0.67.png,0.5487143993377686,265,617,0.09056603773584905,0.04376012965964344,0.26611328125
f4_global_strat_control,global_target,683_0.9_1.98.png,0.5487143993377686,110,399,0.9818181818181818,0.8596491228070176,0.7041015625
f4_global_strat_control,global_target,686_0.62_0.82.png,0.5487143993377686,115,911,0.017391304347826087,0.0010976948408342481,0.062255859375
f4_global_strat_control,global_target,687_0.89_1.42.png,0.5487143993377686,104,870,0.09615384615384616,0.1,0.341064453125
f4_global_strat_control,global_target,68_0.75_1.58.png,0.5487143993377686,31,233,0.06451612903225806,0.017167381974248927,0.1337890625
f4_global_strat_control,global_target,692_0.69_1.32.png,0.5487143993377686,16,1834,0.0,0.03544165757906216,0.407958984375
f4_global_strat_control,global_target,693_0.92_1.29.png,0.5487143993377686,0,273,nan,0.47619047619047616,0.511962890625
f4_global_strat_control,global_target,695_0.53_0.7.png,0.5487143993377686,404,583,0.4777227722772277,0.4065180102915952,0.41064453125
f4_global_strat_control,global_target,69_0.76_0.64.png,0.5487143993377686,40,1273,0.025,0.5553809897879026,0.263427734375
f4_global_strat_control,global_target,706_0.58_1.34.png,0.5487143993377686,8,1202,0.0,0.06572379367720466,0.067138671875
f4_global_strat_control,global_target,714_0.84_0.79.png,0.5487143993377686,675,192,0.025185185185185185,0.026041666666666668,0.02734375
f4_global_strat_control,global_target,715_0.73_0.85.png,0.5487143993377686,444,184,0.06531531531531531,0.125,0.0498046875
f4_global_strat_control,global_target,718_0.91_1.21.png,0.5487143993377686,28,148,0.10714285714285714,0.14864864864864866,0.51416015625
f4_global_strat_control,global_target,719_0.61_0.7.png,0.5487143993377686,134,668,0.0,0.025449101796407185,0.078369140625
f4_global_strat_control,global_target,720_0.62_1.27.png,0.5487143993377686,12,92,0.25,0.22826086956521738,0.405517578125
f4_global_strat_control,global_target,728_0.58_1.55.png,0.5487143993377686,101,144,0.9603960396039604,0.8333333333333334,0.7880859375
f4_global_strat_control,global_target,72_0.7_1.07.png,0.5487143993377686,25,204,0.24,0.16176470588235295,0.478271484375
f4_global_strat_control,global_target,731_0.85_1.53.png,0.5487143993377686,8,1079,0.0,0.8025949953660797,0.600341796875
f4_global_strat_control,global_target,735_0.5_1.46.png,0.5487143993377686,225,509,0.0,0.07465618860510806,0.08056640625
f4_global_strat_control,global_target,743_0.75_1.36.png,0.5487143993377686,9,33,0.0,0.45454545454545453,0.559326171875
f4_global_strat_control,global_target,744_0.9_0.99.png,0.5487143993377686,6,51,0.0,0.19607843137254902,0.220458984375
f4_global_strat_control,global_target,746_0.64_0.98.png,0.5487143993377686,328,282,0.01524390243902439,0.0035460992907801418,0.0390625
f4_global_strat_control,global_target,748_0.79_0.91.png,0.5487143993377686,107,526,0.0,0.0,0.033935546875
f4_global_strat_control,global_target,751_0.7_1.66.png,0.5487143993377686,30,81,1.0,0.0,0.475830078125
f4_global_strat_control,global_target,752_0.78_0.7.png,0.5487143993377686,43,367,0.0,0.09536784741144415,0.10009765625
f4_global_strat_control,global_target,755_0.86_0.67.png,0.5487143993377686,219,1191,0.0,0.0041981528127623844,0.04833984375
f4_global_strat_control,global_target,756_0.9_1.88.png,0.5487143993377686,3,323,0.0,0.47058823529411764,0.712646484375
f4_global_strat_control,global_target,778_0.99_1.06.png,0.5487143993377686,17,527,0.0,0.4971537001897533,0.303466796875
f4_global_strat_control,global_target,781_0.51_1.6.png,0.5487143993377686,64,877,0.015625,0.03534777651083238,0.444091796875
f4_global_strat_control,global_target,785_0.71_1.08.png,0.5487143993377686,1329,115,0.9179834462001505,0.2956521739130435,0.71923828125
f4_global_strat_control,global_target,787_0.88_0.71.png,0.5487143993377686,52,117,0.23076923076923078,0.29914529914529914,0.274169921875
f4_global_strat_control,global_target,791_0.89_1.37.png,0.5487143993377686,78,214,0.1282051282051282,0.1822429906542056,0.576416015625
f4_global_strat_control,global_target,793_0.71_0.66.png,0.5487143993377686,749,366,0.004005340453938585,0.01092896174863388,0.05322265625
f4_global_strat_control,global_target,799_0.65_0.7.png,0.5487143993377686,1021,20,0.7698334965719883,0.3,0.322265625
f4_global_strat_control,global_target,79_0.62_1.54.png,0.5487143993377686,9,710,1.0,0.7887323943661971,0.690185546875
f4_global_strat_control,global_target,7_0.89_0.6.png,0.5487143993377686,61,347,0.0,0.07204610951008646,0.239990234375
f4_global_strat_control,global_target,805_0.75_1.2.png,0.5487143993377686,134,769,0.47761194029850745,0.1235370611183355,0.3369140625
f4_global_strat_control,global_target,80_0.99_1.95.png,0.5487143993377686,0,73,nan,0.6164383561643836,0.927978515625
f4_global_strat_control,global_target,810_0.78_1.52.png,0.5487143993377686,70,1756,0.0,0.5444191343963554,0.2783203125
f4_global_strat_control,global_target,812_0.59_0.82.png,0.5487143993377686,129,2311,0.0,0.11077455646906101,0.19189453125
f4_global_strat_control,global_target,814_0.63_1.29.png,0.5487143993377686,128,162,0.21875,0.9506172839506173,0.554443359375
f4_global_strat_control,global_target,819_0.5_1.85.png,0.5487143993377686,27,978,0.14814814814814814,0.08486707566462168,0.42822265625
f4_global_strat_control,global_target,826_0.81_1.2.png,0.5487143993377686,2,114,1.0,0.21052631578947367,0.35546875
f4_global_strat_control,global_target,83_0.64_1.88.png,0.5487143993377686,101,62,0.25742574257425743,0.3709677419354839,0.7802734375
f4_global_strat_control,global_target,844_0.99_1.22.png,0.5487143993377686,573,349,0.006980802792321117,0.10028653295128939,0.020751953125
f4_global_strat_control,global_target,849_0.55_0.6.png,0.5487143993377686,1989,401,0.0,0.007481296758104738,0.00634765625
f4_global_strat_control,global_target,85_1.0_1.41.png,0.5487143993377686,157,405,0.03184713375796178,0.145679012345679,0.548095703125
f4_global_strat_control,global_target,860_0.73_1.11.png,0.5487143993377686,89,1177,0.0,0.8020390824129142,0.364501953125
f4_global_strat_control,global_target,862_0.69_1.5.png,0.5487143993377686,70,401,0.04285714285714286,0.10473815461346633,0.37255859375
f4_global_strat_control,global_target,872_0.51_0.78.png,0.5487143993377686,51,1430,0.9019607843137255,0.14475524475524476,0.3447265625
f4_global_strat_control,global_target,875_0.87_1.74.png,0.5487143993377686,1,156,1.0,0.9935897435897436,0.609619140625
f4_global_strat_control,global_target,881_0.6_1.13.png,0.5487143993377686,19,180,0.0,0.016666666666666666,0.3525390625
f4_global_strat_control,global_target,882_0.95_1.36.png,0.5487143993377686,5,742,0.4,0.20215633423180593,0.555908203125
f4_global_strat_control,global_target,886_0.89_0.98.png,0.5487143993377686,132,1216,0.12878787878787878,0.4317434210526316,0.352783203125
f4_global_strat_control,global_target,88_0.98_1.99.png,0.5487143993377686,90,380,0.06666666666666667,0.3236842105263158,0.77734375
f4_global_strat_control,global_target,899_0.93_1.74.png,0.5487143993377686,124,133,0.0967741935483871,0.6842105263157895,0.822021484375
f4_global_strat_control,global_target,900_0.91_0.72.png,0.5487143993377686,469,251,0.0042643923240938165,0.16733067729083664,0.415771484375
f4_global_strat_control,global_target,903_0.81_0.73.png,0.5487143993377686,339,257,0.45427728613569324,0.7704280155642024,0.373779296875
f4_global_strat_control,global_target,921_0.67_1.07.png,0.5487143993377686,22,450,0.09090909090909091,0.02,0.109375
f4_global_strat_control,global_target,922_0.74_0.99.png,0.5487143993377686,37,299,0.16216216216216217,0.016722408026755852,0.1083984375
f4_global_strat_control,global_target,923_0.59_1.48.png,0.5487143993377686,7,437,0.7142857142857143,0.14416475972540047,0.264404296875
f4_global_strat_control,global_target,928_0.52_1.15.png,0.5487143993377686,277,701,0.07942238267148015,0.3223965763195435,0.10107421875
f4_global_strat_control,global_target,92_0.7_0.93.png,0.5487143993377686,84,114,0.08333333333333333,0.008771929824561403,0.253173828125
f4_global_strat_control,global_target,940_0.91_1.03.png,0.5487143993377686,287,58,0.0,0.05172413793103448,0.021240234375
f4_global_strat_control,global_target,944_0.59_1.51.png,0.5487143993377686,1034,5,0.0,0.0,0.172607421875
f4_global_strat_control,global_target,94_0.62_1.46.png,0.5487143993377686,0,423,nan,0.2222222222222222,0.583984375
f4_global_strat_control,global_target,952_0.74_0.72.png,0.5487143993377686,738,1634,0.005420054200542005,0.0024479804161566705,0.00830078125
f4_global_strat_control,global_target,953_0.95_0.84.png,0.5487143993377686,87,1,0.05747126436781609,0.0,0.306396484375
f4_global_strat_control,global_target,955_0.94_0.9.png,0.5487143993377686,75,2,0.08,0.0,0.341552734375
f4_global_strat_control,global_target,956_0.55_1.4.png,0.5487143993377686,93,1085,0.967741935483871,0.976036866359447,0.7333984375
f4_global_strat_control,global_target,95_0.85_1.33.png,0.5487143993377686,189,42,0.010582010582010581,0.07142857142857142,0.740478515625
f4_global_strat_control,global_target,965_0.67_1.91.png,0.5487143993377686,11,55,0.7272727272727273,0.8363636363636363,0.60400390625
f4_global_strat_control,global_target,975_0.8_1.05.png,0.5487143993377686,31,521,0.0,0.2034548944337812,0.30712890625
f4_global_strat_control,global_target,979_0.96_0.5.png,0.5487143993377686,351,740,0.0,0.010810810810810811,0.03173828125
f4_global_strat_control,global_target,984_0.67_1.7.png,0.5487143993377686,18,60,0.2222222222222222,0.45,0.763671875
f4_global_strat_control,global_target,985_0.85_0.52.png,0.5487143993377686,473,550,0.0,0.5981818181818181,0.09326171875
f4_global_strat_control,global_target,987_0.56_1.81.png,0.5487143993377686,22,495,1.0,0.9474747474747475,0.426025390625
f4_global_strat_control,global_target,98_0.97_1.56.png,0.5487143993377686,68,187,0.17647058823529413,0.39037433155080214,0.84521484375
f4_global_strat_control,global_target,993_0.96_1.77.png,0.5487143993377686,32,198,0.15625,0.6818181818181818,0.521484375
f4_global_strat_control,global_target,996_0.93_0.78.png,0.5487143993377686,368,427,0.0,0.0468384074941452,0.085205078125
f4_global_strat_control,global_target,999_0.77_1.81.png,0.5487143993377686,0,173,nan,0.9942196531791907,0.543701171875
f4_global_strat_control,global_target,99_0.79_1.39.png,0.5487143993377686,21,437,0.19047619047619047,0.4965675057208238,0.7685546875
f4_global_strat_control,global_target,9_0.71_0.66.png,0.5487143993377686,204,6,0.0,0.0,0.18701171875
f4_cond_strat_core,global_target,1002_0.73_1.47.png,0.48039510846138,47,1233,0.7659574468085106,0.8775344687753447,0.358154296875
f4_cond_strat_core,global_target,1007_0.68_1.25.png,0.48039510846138,17,259,0.17647058823529413,0.4015444015444015,0.363525390625
f4_cond_strat_core,global_target,1012_0.85_1.28.png,0.48039510846138,0,61,nan,0.819672131147541,0.32958984375
f4_cond_strat_core,global_target,1016_0.8_1.72.png,0.48039510846138,62,72,0.1774193548387097,0.6527777777777778,0.21435546875
f4_cond_strat_core,global_target,1022_0.66_1.05.png,0.48039510846138,636,487,0.49056603773584906,0.6611909650924025,0.3017578125
f4_cond_strat_core,global_target,1023_0.5_1.87.png,0.48039510846138,230,275,0.9260869565217391,0.7927272727272727,0.3603515625
f4_cond_strat_core,global_target,1029_0.71_0.56.png,0.48039510846138,583,614,0.1183533447684391,0.4804560260586319,0.1376953125
f4_cond_strat_core,global_target,103_0.75_1.59.png,0.48039510846138,0,786,nan,0.9083969465648855,0.24658203125
f4_cond_strat_core,global_target,1042_0.91_0.56.png,0.48039510846138,131,338,0.5877862595419847,0.6094674556213018,0.18896484375
f4_cond_strat_core,global_target,1045_0.58_1.58.png,0.48039510846138,2,456,1.0,0.9605263157894737,0.364501953125
f4_cond_strat_core,global_target,1060_0.94_1.09.png,0.48039510846138,1087,0,0.07175712971481141,nan,0.128173828125
f4_cond_strat_core,global_target,1064_0.54_0.97.png,0.48039510846138,84,234,0.32142857142857145,0.5085470085470085,0.09912109375
f4_cond_strat_core,global_target,1072_0.58_0.58.png,0.48039510846138,690,96,0.13768115942028986,0.5729166666666666,0.068115234375
f4_cond_strat_core,global_target,1073_0.51_0.98.png,0.48039510846138,573,743,0.44153577661431065,0.7994616419919246,0.351318359375
f4_cond_strat_core,global_target,1075_0.76_1.99.png,0.48039510846138,16,439,1.0,0.9863325740318907,0.430419921875
f4_cond_strat_core,global_target,1080_0.59_1.22.png,0.48039510846138,32,373,0.6875,0.8042895442359249,0.2197265625
f4_cond_strat_core,global_target,1083_0.67_0.81.png,0.48039510846138,367,35,0.9945504087193461,0.7142857142857143,0.42626953125
f4_cond_strat_core,global_target,1090_0.54_0.58.png,0.48039510846138,272,227,0.07720588235294118,0.7092511013215859,0.126708984375
f4_cond_strat_core,global_target,1096_0.72_0.86.png,0.48039510846138,308,803,0.9707792207792207,0.7646326276463262,0.447998046875
f4_cond_strat_core,global_target,1098_0.8_0.51.png,0.48039510846138,691,835,0.2706222865412446,0.3844311377245509,0.197998046875
f4_cond_strat_core,global_target,1099_0.54_1.76.png,0.48039510846138,277,1468,0.6895306859205776,0.5933242506811989,0.551025390625
f4_cond_strat_core,global_target,1102_0.65_0.94.png,0.48039510846138,140,325,1.0,1.0,0.344482421875
f4_cond_strat_core,global_target,110_0.55_1.08.png,0.48039510846138,0,106,nan,0.660377358490566,0.05712890625
f4_cond_strat_core,global_target,1113_0.9_0.52.png,0.48039510846138,151,638,0.019867549668874173,0.7351097178683386,0.24072265625
f4_cond_strat_core,global_target,1122_0.94_0.53.png,0.48039510846138,435,213,0.26436781609195403,0.6009389671361502,0.24462890625
f4_cond_strat_core,global_target,1124_0.74_1.17.png,0.48039510846138,168,255,0.4166666666666667,0.6509803921568628,0.468017578125
f4_cond_strat_core,global_target,1134_0.69_1.2.png,0.48039510846138,1,541,0.0,0.43622920517560076,0.16552734375
f4_cond_strat_core,global_target,1140_0.67_1.42.png,0.48039510846138,131,1265,0.9847328244274809,0.9818181818181818,0.849853515625
f4_cond_strat_core,global_target,1143_0.73_1.33.png,0.48039510846138,20,13,0.05,0.15384615384615385,0.0419921875
f4_cond_strat_core,global_target,1145_0.9_1.2.png,0.48039510846138,190,483,0.9736842105263158,0.9585921325051759,0.37109375
f4_cond_strat_core,global_target,1146_0.89_0.87.png,0.48039510846138,344,591,0.9069767441860465,0.9526226734348562,0.392822265625
f4_cond_strat_core,global_target,114_0.75_1.45.png,0.48039510846138,2,236,0.0,0.961864406779661,0.13916015625
f4_cond_strat_core,global_target,1150_0.8_1.27.png,0.48039510846138,0,163,nan,0.558282208588957,0.13427734375
f4_cond_strat_core,global_target,1155_0.63_1.27.png,0.48039510846138,676,508,0.8431952662721893,0.8562992125984252,0.67626953125
f4_cond_strat_core,global_target,1162_0.65_1.7.png,0.48039510846138,0,12,nan,1.0,0.224609375
f4_cond_strat_core,global_target,1164_0.79_1.96.png,0.48039510846138,0,10,nan,1.0,0.17724609375
f4_cond_strat_core,global_target,1168_0.56_0.69.png,0.48039510846138,567,1196,0.5255731922398589,0.8812709030100334,0.669677734375
f4_cond_strat_core,global_target,116_0.64_1.08.png,0.48039510846138,308,498,0.17532467532467533,0.6847389558232931,0.21630859375
f4_cond_strat_core,global_target,1170_0.71_1.78.png,0.48039510846138,283,119,0.01060070671378092,0.7478991596638656,0.136474609375
f4_cond_strat_core,global_target,1179_0.56_1.96.png,0.48039510846138,49,721,0.9795918367346939,0.9972260748959778,0.635986328125
f4_cond_strat_core,global_target,1187_0.82_1.57.png,0.48039510846138,0,785,nan,0.8751592356687898,0.43896484375
f4_cond_strat_core,global_target,119_0.6_1.7.png,0.48039510846138,23,424,1.0,0.9622641509433962,0.222412109375
f4_cond_strat_core,global_target,1200_0.97_0.52.png,0.48039510846138,135,226,0.2074074074074074,0.43805309734513276,0.060302734375
f4_cond_strat_core,global_target,1205_0.78_1.01.png,0.48039510846138,0,42,nan,0.6428571428571429,0.197998046875
f4_cond_strat_core,global_target,1208_0.63_0.83.png,0.48039510846138,85,77,0.023529411764705882,0.4675324675324675,0.178955078125
f4_cond_strat_core,global_target,1211_0.88_1.93.png,0.48039510846138,0,63,nan,1.0,0.545166015625
f4_cond_strat_core,global_target,1231_0.98_1.26.png,0.48039510846138,188,488,0.18617021276595744,0.5409836065573771,0.186767578125
f4_cond_strat_core,global_target,123_0.94_1.22.png,0.48039510846138,22,71,1.0,0.7887323943661971,0.204833984375
f4_cond_strat_core,global_target,1240_0.64_0.5.png,0.48039510846138,755,748,0.3655629139072848,0.6270053475935828,0.3759765625
f4_cond_strat_core,global_target,1246_0.62_2.0.png,0.48039510846138,33,351,0.696969696969697,0.6438746438746439,0.309814453125
f4_cond_strat_core,global_target,1250_0.57_0.61.png,0.48039510846138,14,1385,0.0,0.6851985559566787,0.646728515625
f4_cond_strat_core,global_target,1254_0.97_1.31.png,0.48039510846138,3,19,0.0,0.5789473684210527,0.052001953125
f4_cond_strat_core,global_target,1263_0.9_1.41.png,0.48039510846138,258,50,0.0,1.0,0.07763671875
f4_cond_strat_core,global_target,1266_0.96_1.34.png,0.48039510846138,16,60,0.6875,0.95,0.292724609375
f4_cond_strat_core,global_target,126_0.75_1.47.png,0.48039510846138,135,595,0.007407407407407408,0.2605042016806723,0.157470703125
f4_cond_strat_core,global_target,1271_0.65_1.66.png,0.48039510846138,167,306,0.9640718562874252,0.9705882352941176,0.49560546875
f4_cond_strat_core,global_target,1281_0.89_0.85.png,0.48039510846138,396,271,0.553030303030303,0.7047970479704797,0.411865234375
f4_cond_strat_core,global_target,1282_0.62_0.6.png,0.48039510846138,567,2524,0.6807760141093474,0.8355784469096672,0.739990234375
f4_cond_strat_core,global_target,1292_0.66_1.45.png,0.48039510846138,118,693,0.4830508474576271,0.9942279942279942,0.76123046875
f4_cond_strat_core,global_target,1297_0.99_0.69.png,0.48039510846138,642,9,0.001557632398753894,0.0,0.00146484375
f4_cond_strat_core,global_target,129_0.95_1.3.png,0.48039510846138,62,43,0.08064516129032258,0.9069767441860465,0.16650390625
f4_cond_strat_core,global_target,1305_1.0_1.54.png,0.48039510846138,18,72,1.0,1.0,0.2021484375
f4_cond_strat_core,global_target,1306_0.6_0.6.png,0.48039510846138,611,242,0.2684124386252046,0.5330578512396694,0.377197265625
f4_cond_strat_core,global_target,1308_0.84_1.04.png,0.48039510846138,113,1301,0.5929203539823009,0.9723289777094543,0.383056640625
f4_cond_strat_core,global_target,1322_0.64_1.06.png,0.48039510846138,388,136,0.19072164948453607,0.8970588235294118,0.22119140625
f4_cond_strat_core,global_target,1323_0.89_0.88.png,0.48039510846138,236,707,0.3135593220338983,0.9731258840169731,0.323486328125
f4_cond_strat_core,global_target,1324_0.55_1.43.png,0.48039510846138,390,64,0.2846153846153846,0.8125,0.265869140625
f4_cond_strat_core,global_target,1326_0.77_0.97.png,0.48039510846138,48,948,1.0,0.9883966244725738,0.316162109375
f4_cond_strat_core,global_target,1341_0.94_0.51.png,0.48039510846138,224,312,0.21875,0.3525641025641026,0.138427734375
f4_cond_strat_core,global_target,1347_0.75_1.79.png,0.48039510846138,32,56,0.8125,1.0,0.74072265625
f4_cond_strat_core,global_target,136_0.6_1.01.png,0.48039510846138,278,770,0.26258992805755393,0.42467532467532465,0.1796875
f4_cond_strat_core,global_target,1376_0.65_1.6.png,0.48039510846138,2,40,0.0,0.7,0.093017578125
f4_cond_strat_core,global_target,1377_0.5_0.79.png,0.48039510846138,409,1993,0.20048899755501223,0.8675363773206222,0.619384765625
f4_cond_strat_core,global_target,1380_0.67_1.78.png,0.48039510846138,29,1733,1.0,0.9901904212348529,0.560791015625
f4_cond_strat_core,global_target,1386_0.99_1.78.png,0.48039510846138,2,52,0.0,0.8653846153846154,0.3994140625
f4_cond_strat_core,global_target,1397_0.94_0.79.png,0.48039510846138,370,119,0.26756756756756755,0.5378151260504201,0.2373046875
f4_cond_strat_core,global_target,139_0.87_1.52.png,0.48039510846138,53,803,0.8867924528301887,0.9265255292652553,0.349609375
f4_cond_strat_core,global_target,1403_0.73_1.26.png,0.48039510846138,0,14,nan,1.0,0.2138671875
f4_cond_strat_core,global_target,1407_0.6_1.92.png,0.48039510846138,0,401,nan,0.9775561097256857,0.4677734375
f4_cond_strat_core,global_target,1410_0.76_1.08.png,0.48039510846138,1045,623,0.9617224880382775,0.6532905296950241,0.526123046875
f4_cond_strat_core,global_target,141_0.71_1.48.png,0.48039510846138,34,456,0.9705882352941176,0.9144736842105263,0.614990234375
f4_cond_strat_core,global_target,1425_0.84_1.75.png,0.48039510846138,0,780,nan,0.4948717948717949,0.36181640625
f4_cond_strat_core,global_target,1432_0.91_1.29.png,0.48039510846138,536,296,0.10634328358208955,0.7297297297297297,0.237060546875
f4_cond_strat_core,global_target,1433_0.9_1.85.png,0.48039510846138,7,76,0.42857142857142855,0.9078947368421053,0.3037109375
f4_cond_strat_core,global_target,1435_0.87_0.57.png,0.48039510846138,516,43,0.03488372093023256,0.9302325581395349,0.123046875
f4_cond_strat_core,global_target,1436_0.66_1.76.png,0.48039510846138,0,69,nan,0.21739130434782608,0.279541015625
f4_cond_strat_core,global_target,1440_0.65_1.26.png,0.48039510846138,52,431,0.40384615384615385,0.5568445475638051,0.462646484375
f4_cond_strat_core,global_target,1442_0.62_0.81.png,0.48039510846138,49,608,0.8775510204081632,0.9605263157894737,0.4296875
f4_cond_strat_core,global_target,1443_0.76_1.22.png,0.48039510846138,122,1231,1.0,0.9902518277822908,0.46875
f4_cond_strat_core,global_target,1446_0.85_0.59.png,0.48039510846138,427,556,0.0,0.0737410071942446,0.0908203125
f4_cond_strat_core,global_target,1449_0.94_0.78.png,0.48039510846138,311,589,0.662379421221865,0.5008488964346349,0.255859375
f4_cond_strat_core,global_target,1452_0.81_1.88.png,0.48039510846138,143,530,0.986013986013986,0.769811320754717,0.3818359375
f4_cond_strat_core,global_target,1454_0.62_1.48.png,0.48039510846138,6,1152,1.0,1.0,0.476318359375
f4_cond_strat_core,global_target,1456_0.66_1.83.png,0.48039510846138,52,1264,1.0,1.0,0.477294921875
f4_cond_strat_core,global_target,1457_0.88_0.58.png,0.48039510846138,43,603,0.7441860465116279,0.7346600331674958,0.2353515625
f4_cond_strat_core,global_target,145_0.5_1.08.png,0.48039510846138,356,143,0.40730337078651685,0.7132867132867133,0.24365234375
f4_cond_strat_core,global_target,1461_0.59_0.54.png,0.48039510846138,254,1934,0.20078740157480315,0.48810754912099275,0.444091796875
f4_cond_strat_core,global_target,1464_0.64_1.56.png,0.48039510846138,84,728,0.9761904761904762,0.5961538461538461,0.42431640625
f4_cond_strat_core,global_target,1470_0.63_1.26.png,0.48039510846138,193,338,0.18134715025906736,0.8195266272189349,0.28369140625
f4_cond_strat_core,global_target,1471_0.82_1.95.png,0.48039510846138,54,116,0.8703703703703703,0.9913793103448276,0.3486328125
f4_cond_strat_core,global_target,1474_0.92_0.89.png,0.48039510846138,138,295,0.21739130434782608,0.7288135593220338,0.0869140625
f4_cond_strat_core,global_target,1481_0.7_0.89.png,0.48039510846138,153,1384,0.8823529411764706,0.976878612716763,0.5478515625
f4_cond_strat_core,global_target,1482_0.59_1.05.png,0.48039510846138,189,483,0.8783068783068783,0.9316770186335404,0.307861328125
f4_cond_strat_core,global_target,1485_0.6_1.5.png,0.48039510846138,236,1465,0.690677966101695,0.8395904436860068,0.718017578125
f4_cond_strat_core,global_target,1493_0.84_0.8.png,0.48039510846138,14,118,0.14285714285714285,0.3474576271186441,0.14111328125
f4_cond_strat_core,global_target,1497_0.99_1.09.png,0.48039510846138,0,11,nan,0.09090909090909091,0.049560546875
f4_cond_strat_core,global_target,1500_0.87_1.88.png,0.48039510846138,0,6,nan,0.8333333333333334,0.157958984375
f4_cond_strat_core,global_target,1511_0.63_1.09.png,0.48039510846138,872,330,0.7224770642201835,0.803030303030303,0.593994140625
f4_cond_strat_core,global_target,1512_0.89_1.11.png,0.48039510846138,267,514,0.14232209737827714,0.6712062256809338,0.291015625
f4_cond_strat_core,global_target,1517_0.72_1.25.png,0.48039510846138,1911,76,0.0968079539508111,0.7631578947368421,0.229736328125
f4_cond_strat_core,global_target,1518_0.62_1.44.png,0.48039510846138,1716,111,0.1963869463869464,0.8828828828828829,0.360107421875
f4_cond_strat_core,global_target,1528_0.91_1.9.png,0.48039510846138,192,130,0.5208333333333334,0.6923076923076923,0.352294921875
f4_cond_strat_core,global_target,152_0.8_1.99.png,0.48039510846138,0,67,nan,0.9850746268656716,0.349853515625
f4_cond_strat_core,global_target,1531_0.52_1.01.png,0.48039510846138,1898,415,0.5721812434141201,0.6987951807228916,0.574462890625
f4_cond_strat_core,global_target,1537_0.52_1.24.png,0.48039510846138,558,433,0.7992831541218638,0.8914549653579676,0.6572265625
f4_cond_strat_core,global_target,1538_0.61_0.54.png,0.48039510846138,1851,318,0.6769313884386818,0.4056603773584906,0.57666015625
f4_cond_strat_core,global_target,1539_0.58_0.79.png,0.48039510846138,1501,480,0.776149233844104,0.5791666666666667,0.62841796875
f4_cond_strat_core,global_target,1543_0.92_1.98.png,0.48039510846138,988,38,0.07186234817813765,0.8421052631578947,0.153076171875
f4_cond_strat_core,global_target,1544_0.87_1.52.png,0.48039510846138,1390,45,0.04748201438848921,0.9333333333333333,0.12744140625
f4_cond_strat_core,global_target,1547_0.77_1.84.png,0.48039510846138,206,162,0.5145631067961165,0.7716049382716049,0.575439453125
f4_cond_strat_core,global_target,1548_0.85_1.55.png,0.48039510846138,170,165,0.3235294117647059,0.7818181818181819,0.407470703125
f4_cond_strat_core,global_target,1549_0.91_1.37.png,0.48039510846138,819,171,0.10134310134310134,0.17543859649122806,0.11865234375
f4_cond_strat_core,global_target,154_0.97_0.91.png,0.48039510846138,0,111,nan,0.36036036036036034,0.0263671875
f4_cond_strat_core,global_target,1568_0.8_1.8.png,0.48039510846138,321,260,0.3115264797507788,0.9192307692307692,0.4150390625
f4_cond_strat_core,global_target,1573_0.61_1.06.png,0.48039510846138,2275,267,0.4707692307692308,0.8876404494382022,0.48095703125
f4_cond_strat_core,global_target,1575_0.51_1.39.png,0.48039510846138,1035,642,0.5980676328502416,0.8956386292834891,0.581787109375
f4_cond_strat_core,global_target,1578_0.57_1.99.png,0.48039510846138,159,82,0.1320754716981132,0.7926829268292683,0.362060546875
f4_cond_strat_core,global_target,1580_0.7_1.59.png,0.48039510846138,250,44,0.092,0.7954545454545454,0.295654296875
f4_cond_strat_core,global_target,1586_0.74_1.29.png,0.48039510846138,232,61,0.4698275862068966,0.9016393442622951,0.169921875
f4_cond_strat_core,global_target,158_0.56_1.42.png,0.48039510846138,0,111,nan,0.6846846846846847,0.15869140625
f4_cond_strat_core,global_target,1592_0.54_1.46.png,0.48039510846138,1359,328,0.6725533480500367,0.9085365853658537,0.542724609375
f4_cond_strat_core,global_target,1599_0.71_1.3.png,0.48039510846138,464,753,0.6853448275862069,0.8658698539176627,0.64453125
f4_cond_strat_core,global_target,1602_0.92_0.57.png,0.48039510846138,1072,140,0.048507462686567165,0.21428571428571427,0.04541015625
f4_cond_strat_core,global_target,1605_1.0_1.37.png,0.48039510846138,333,45,0.22522522522522523,0.6888888888888889,0.207763671875
f4_cond_strat_core,global_target,1612_0.77_1.4.png,0.48039510846138,603,27,0.10613598673300166,0.6296296296296297,0.115478515625
f4_cond_strat_core,global_target,161_0.83_1.56.png,0.48039510846138,0,74,nan,1.0,0.310546875
f4_cond_strat_core,global_target,1621_0.5_0.72.png,0.48039510846138,1555,49,0.1337620578778135,0.4897959183673469,0.081298828125
f4_cond_strat_core,global_target,162_0.75_0.98.png,0.48039510846138,0,350,nan,0.9771428571428571,0.368408203125
f4_cond_strat_core,global_target,1631_0.92_1.27.png,0.48039510846138,124,23,0.2903225806451613,0.5217391304347826,0.110595703125
f4_cond_strat_core,global_target,1635_0.64_0.55.png,0.48039510846138,2275,656,0.0210989010989011,0.8628048780487805,0.2041015625
f4_cond_strat_core,global_target,1636_0.96_1.23.png,0.48039510846138,917,586,0.04907306434023991,0.040955631399317405,0.085205078125
f4_cond_strat_core,global_target,1647_0.89_1.55.png,0.48039510846138,46,73,0.2608695652173913,0.4246575342465753,0.11474609375
f4_cond_strat_core,global_target,1648_0.89_1.41.png,0.48039510846138,59,106,0.1694915254237288,0.37735849056603776,0.109619140625
f4_cond_strat_core,global_target,1657_0.68_1.28.png,0.48039510846138,632,35,0.7341772151898734,0.5142857142857142,0.25244140625
f4_cond_strat_core,global_target,1663_0.92_1.8.png,0.48039510846138,244,113,0.14754098360655737,0.46017699115044247,0.15478515625
f4_cond_strat_core,global_target,1664_0.8_2.0.png,0.48039510846138,180,30,0.3333333333333333,0.7333333333333333,0.43017578125
f4_cond_strat_core,global_target,1666_0.85_0.59.png,0.48039510846138,2053,79,0.06867998051631759,0.27848101265822783,0.083740234375
f4_cond_strat_core,global_target,1685_0.79_1.99.png,0.48039510846138,446,92,0.2914798206278027,0.8152173913043478,0.537841796875
f4_cond_strat_core,global_target,1686_0.51_0.6.png,0.48039510846138,1775,87,0.2332394366197183,0.4367816091954023,0.23583984375
f4_cond_strat_core,global_target,1687_0.83_1.61.png,0.48039510846138,663,66,0.23076923076923078,0.7424242424242424,0.460693359375
f4_cond_strat_core,global_target,1689_0.74_0.54.png,0.48039510846138,2287,267,0.05815478793178837,0.37453183520599254,0.14599609375
f4_cond_strat_core,global_target,1691_0.77_1.92.png,0.48039510846138,453,252,0.1986754966887417,0.6984126984126984,0.4599609375
f4_cond_strat_core,global_target,1696_0.74_1.51.png,0.48039510846138,2001,204,0.027486256871564217,0.30392156862745096,0.104736328125
f4_cond_strat_core,global_target,1701_0.55_0.71.png,0.48039510846138,2326,210,0.14058469475494412,0.5714285714285714,0.227294921875
f4_cond_strat_core,global_target,1705_0.66_1.4.png,0.48039510846138,163,918,0.3496932515337423,0.920479302832244,0.448974609375
f4_cond_strat_core,global_target,1712_0.9_0.74.png,0.48039510846138,1394,116,0.10903873744619799,0.5517241379310345,0.22509765625
f4_cond_strat_core,global_target,1718_0.92_1.01.png,0.48039510846138,412,156,0.308252427184466,0.46153846153846156,0.473388671875
f4_cond_strat_core,global_target,1722_0.85_1.51.png,0.48039510846138,170,65,0.38235294117647056,0.7846153846153846,0.543212890625
f4_cond_strat_core,global_target,1726_0.54_0.7.png,0.48039510846138,655,199,0.20458015267175572,0.592964824120603,0.294189453125
f4_cond_strat_core,global_target,1730_0.81_1.53.png,0.48039510846138,1228,80,0.11074918566775244,0.4,0.20458984375
f4_cond_strat_core,global_target,1733_0.57_1.6.png,0.48039510846138,447,301,0.06487695749440715,0.5880398671096345,0.310546875
f4_cond_strat_core,global_target,173_0.88_1.45.png,0.48039510846138,66,627,0.7272727272727273,0.9170653907496013,0.363037109375
f4_cond_strat_core,global_target,1756_0.77_1.19.png,0.48039510846138,312,711,0.6666666666666666,0.49929676511954996,0.40283203125
f4_cond_strat_core,global_target,1761_0.99_0.94.png,0.48039510846138,176,87,0.25,0.39080459770114945,0.097900390625
f4_cond_strat_core,global_target,1763_0.58_1.25.png,0.48039510846138,297,448,0.6397306397306397,0.8392857142857143,0.56591796875
f4_cond_strat_core,global_target,1765_0.51_1.47.png,0.48039510846138,331,1271,0.8036253776435045,0.9079464988198269,0.707275390625
f4_cond_strat_core,global_target,1773_0.58_1.45.png,0.48039510846138,1282,161,0.11466458658346333,0.84472049689441,0.323974609375
f4_cond_strat_core,global_target,1784_0.94_1.15.png,0.48039510846138,809,15,0.08529048207663782,0.8,0.1513671875
f4_cond_strat_core,global_target,1795_0.99_1.84.png,0.48039510846138,3,1,0.3333333333333333,1.0,0.072265625
f4_cond_strat_core,global_target,1796_0.93_0.58.png,0.48039510846138,114,9,0.03508771929824561,0.4444444444444444,0.0224609375
f4_cond_strat_core,global_target,17_0.55_1.91.png,0.48039510846138,32,706,0.46875,0.40368271954674223,0.41552734375
f4_cond_strat_core,global_target,1801_0.99_0.78.png,0.48039510846138,1741,152,0.03790924755887421,0.046052631578947366,0.06005859375
f4_cond_strat_core,global_target,1803_0.99_1.79.png,0.48039510846138,902,17,0.06541019955654102,0.17647058823529413,0.09619140625
f4_cond_strat_core,global_target,1814_0.55_0.54.png,0.48039510846138,2974,40,0.02488231338264963,0.35,0.03857421875
f4_cond_strat_core,global_target,1817_0.81_2.0.png,0.48039510846138,15,250,0.06666666666666667,0.768,0.175048828125
f4_cond_strat_core,global_target,1822_0.51_1.51.png,0.48039510846138,777,128,0.05791505791505792,0.5390625,0.158203125
f4_cond_strat_core,global_target,1835_0.61_1.23.png,0.48039510846138,1130,649,0.10619469026548672,0.9845916795069337,0.428466796875
f4_cond_strat_core,global_target,183_0.77_0.99.png,0.48039510846138,236,602,0.08050847457627118,0.840531561461794,0.282470703125
f4_cond_strat_core,global_target,1841_0.64_1.79.png,0.48039510846138,678,187,0.08997050147492626,0.7112299465240641,0.23095703125
f4_cond_strat_core,global_target,1844_0.91_1.28.png,0.48039510846138,1040,106,0.04423076923076923,0.4056603773584906,0.1455078125
f4_cond_strat_core,global_target,1851_0.7_1.14.png,0.48039510846138,791,41,0.04424778761061947,0.6829268292682927,0.1494140625
f4_cond_strat_core,global_target,1854_0.94_1.49.png,0.48039510846138,270,28,0.014814814814814815,0.39285714285714285,0.025390625
f4_cond_strat_core,global_target,1859_0.73_1.32.png,0.48039510846138,36,13,0.16666666666666666,0.7692307692307693,0.0673828125
f4_cond_strat_core,global_target,1860_0.77_1.07.png,0.48039510846138,80,17,0.125,0.7647058823529411,0.051513671875
f4_cond_strat_core,global_target,1862_0.82_1.52.png,0.48039510846138,290,140,0.4,0.7357142857142858,0.252197265625
f4_cond_strat_core,global_target,1867_0.67_1.54.png,0.48039510846138,530,1655,0.8320754716981132,0.7836858006042297,0.657958984375
f4_cond_strat_core,global_target,1875_0.95_0.91.png,0.48039510846138,657,126,0.0730593607305936,0.1349206349206349,0.065673828125
f4_cond_strat_core,global_target,1876_0.97_1.69.png,0.48039510846138,482,88,0.08921161825726141,0.17045454545454544,0.125
f4_cond_strat_core,global_target,1884_0.78_0.61.png,0.48039510846138,2118,126,0.09537299338999056,0.35714285714285715,0.09814453125
f4_cond_strat_core,global_target,1885_0.54_0.83.png,0.48039510846138,2805,95,0.1928698752228164,0.2736842105263158,0.17822265625
f4_cond_strat_core,global_target,1892_0.85_0.58.png,0.48039510846138,2266,516,0.01235657546337158,0.32170542635658916,0.066650390625
f4_cond_strat_core,global_target,1895_0.9_1.62.png,0.48039510846138,235,1011,0.7914893617021277,0.5687438180019783,0.38623046875
f4_cond_strat_core,global_target,1898_0.84_0.98.png,0.48039510846138,1711,101,0.052600818234950324,0.27722772277227725,0.092041015625
f4_cond_strat_core,global_target,1911_0.96_1.13.png,0.48039510846138,328,543,0.1798780487804878,0.4088397790055249,0.173095703125
f4_cond_strat_core,global_target,1912_1.0_0.84.png,0.48039510846138,501,559,0.25349301397205587,0.2737030411449016,0.145263671875
f4_cond_strat_core,global_target,1914_0.81_0.98.png,0.48039510846138,2668,249,0.06296851574212893,0.9076305220883534,0.219482421875
f4_cond_strat_core,global_target,1917_0.96_1.37.png,0.48039510846138,120,16,0.35833333333333334,0.9375,0.06103515625
f4_cond_strat_core,global_target,1919_0.59_0.94.png,0.48039510846138,1237,17,0.7380759902991108,0.5882352941176471,0.474365234375
f4_cond_strat_core,global_target,1920_0.99_1.69.png,0.48039510846138,104,15,0.4519230769230769,1.0,0.075927734375
f4_cond_strat_core,global_target,1923_0.81_1.81.png,0.48039510846138,402,159,0.5248756218905473,0.9245283018867925,0.43896484375
f4_cond_strat_core,global_target,1936_0.52_1.67.png,0.48039510846138,186,77,0.6397849462365591,0.5844155844155844,0.240234375
f4_cond_strat_core,global_target,1937_0.79_0.84.png,0.48039510846138,208,95,0.10576923076923077,0.15789473684210525,0.076416015625
f4_cond_strat_core,global_target,1939_0.93_1.32.png,0.48039510846138,123,78,0.14634146341463414,0.14102564102564102,0.15478515625
f4_cond_strat_core,global_target,1942_0.89_0.67.png,0.48039510846138,2157,150,0.14418173388966157,0.6333333333333333,0.301513671875
f4_cond_strat_core,global_target,1952_0.78_0.75.png,0.48039510846138,248,166,0.2661290322580645,0.1927710843373494,0.169189453125
f4_cond_strat_core,global_target,1956_0.99_1.4.png,0.48039510846138,572,114,0.17482517482517482,0.37719298245614036,0.16650390625
f4_cond_strat_core,global_target,1966_0.52_1.48.png,0.48039510846138,453,302,0.5761589403973509,0.7649006622516556,0.605224609375
f4_cond_strat_core,global_target,196_0.8_0.88.png,0.48039510846138,19,794,0.8421052631578947,0.9596977329974811,0.341796875
f4_cond_strat_core,global_target,1979_0.6_0.93.png,0.48039510846138,1289,341,0.20713731574864236,0.25513196480938416,0.2138671875
f4_cond_strat_core,global_target,1982_0.99_1.89.png,0.48039510846138,203,110,0.18226600985221675,0.9363636363636364,0.366455078125
f4_cond_strat_core,global_target,1985_0.57_1.93.png,0.48039510846138,619,980,0.8368336025848142,0.9530612244897959,0.76513671875
f4_cond_strat_core,global_target,1988_0.94_1.22.png,0.48039510846138,399,148,0.6240601503759399,0.8716216216216216,0.30712890625
f4_cond_strat_core,global_target,2000_0.86_0.62.png,0.48039510846138,1050,168,0.09904761904761905,0.375,0.10986328125
f4_cond_strat_core,global_target,2003_0.64_1.33.png,0.48039510846138,2007,167,0.24663677130044842,0.41317365269461076,0.28564453125
f4_cond_strat_core,global_target,2007_0.61_1.26.png,0.48039510846138,159,298,0.8742138364779874,0.8557046979865772,0.41943359375
f4_cond_strat_core,global_target,2013_1.0_1.78.png,0.48039510846138,329,372,0.48936170212765956,0.978494623655914,0.248291015625
f4_cond_strat_core,global_target,2024_0.99_1.36.png,0.48039510846138,353,57,0.0708215297450425,0.631578947368421,0.16015625
f4_cond_strat_core,global_target,2026_0.99_1.41.png,0.48039510846138,153,71,0.39869281045751637,0.14084507042253522,0.1435546875
f4_cond_strat_core,global_target,2027_0.69_0.59.png,0.48039510846138,739,341,0.037889039242219216,0.3812316715542522,0.078857421875
f4_cond_strat_core,global_target,2028_0.98_1.27.png,0.48039510846138,213,68,0.3192488262910798,0.23529411764705882,0.12744140625
f4_cond_strat_core,global_target,2033_0.61_0.56.png,0.48039510846138,3104,93,0.31862113402061853,0.7419354838709677,0.355224609375
f4_cond_strat_core,global_target,2043_0.97_0.54.png,0.48039510846138,894,73,0.15548098434004473,0.863013698630137,0.166259765625
f4_cond_strat_core,global_target,2050_0.8_1.8.png,0.48039510846138,289,266,0.36678200692041524,0.6353383458646616,0.412841796875
f4_cond_strat_core,global_target,2051_0.92_0.92.png,0.48039510846138,418,519,0.16028708133971292,0.32947976878612717,0.19921875
f4_cond_strat_core,global_target,2057_0.86_0.85.png,0.48039510846138,940,225,0.4978723404255319,0.8622222222222222,0.39013671875
f4_cond_strat_core,global_target,2061_0.79_1.72.png,0.48039510846138,331,145,0.2598187311178248,0.6413793103448275,0.17724609375
f4_cond_strat_core,global_target,2063_0.76_1.8.png,0.48039510846138,316,173,0.23734177215189872,0.6878612716763006,0.21533203125
f4_cond_strat_core,global_target,2069_0.7_1.18.png,0.48039510846138,845,130,0.7644970414201183,0.6538461538461539,0.567138671875
f4_cond_strat_core,global_target,2070_0.86_0.78.png,0.48039510846138,1438,117,0.17732962447844228,0.6666666666666666,0.23291015625
f4_cond_strat_core,global_target,2071_0.63_1.21.png,0.48039510846138,1063,214,0.819379115710254,0.5887850467289719,0.5712890625
f4_cond_strat_core,global_target,2072_0.87_1.18.png,0.48039510846138,705,98,0.2765957446808511,0.7142857142857143,0.3857421875
f4_cond_strat_core,global_target,2073_0.87_1.93.png,0.48039510846138,311,97,0.22508038585209003,0.711340206185567,0.5107421875
f4_cond_strat_core,global_target,2074_0.71_0.74.png,0.48039510846138,847,206,0.15584415584415584,0.4854368932038835,0.214599609375
f4_cond_strat_core,global_target,2076_0.85_1.77.png,0.48039510846138,305,132,0.20655737704918034,0.6212121212121212,0.463623046875
f4_cond_strat_core,global_target,2079_0.62_1.17.png,0.48039510846138,205,650,0.21951219512195122,0.9184615384615384,0.460205078125
f4_cond_strat_core,global_target,2080_0.53_1.58.png,0.48039510846138,462,312,0.29653679653679654,0.8365384615384616,0.456787109375
f4_cond_strat_core,global_target,2087_0.72_1.14.png,0.48039510846138,900,132,0.23555555555555555,0.5,0.198974609375
f4_cond_strat_core,global_target,2094_0.56_1.05.png,0.48039510846138,88,1038,0.14772727272727273,0.6339113680154143,0.256591796875
f4_cond_strat_core,global_target,2096_0.77_1.76.png,0.48039510846138,185,183,0.23243243243243245,0.4207650273224044,0.24755859375
f4_cond_strat_core,global_target,2109_0.56_1.42.png,0.48039510846138,1200,438,0.4083333333333333,0.815068493150685,0.4033203125
f4_cond_strat_core,global_target,2111_0.68_1.03.png,0.48039510846138,1639,221,0.3288590604026846,0.6787330316742082,0.322265625
f4_cond_strat_core,global_target,2114_0.9_1.51.png,0.48039510846138,766,199,0.2819843342036554,0.8442211055276382,0.49609375
f4_cond_strat_core,global_target,2115_0.75_1.52.png,0.48039510846138,852,427,0.2640845070422535,0.9203747072599532,0.565673828125
f4_cond_strat_core,global_target,2119_0.54_1.47.png,0.48039510846138,734,470,0.19209809264305178,0.8680851063829788,0.465087890625
f4_cond_strat_core,global_target,2121_0.73_0.63.png,0.48039510846138,2766,51,0.25162689804772237,0.7843137254901961,0.305419921875
f4_cond_strat_core,global_target,2123_0.66_0.89.png,0.48039510846138,2760,58,0.41340579710144926,0.8103448275862069,0.441650390625
f4_cond_strat_core,global_target,2126_0.75_0.91.png,0.48039510846138,1110,373,0.23063063063063063,0.8257372654155496,0.304931640625
f4_cond_strat_core,global_target,212_0.71_1.94.png,0.48039510846138,10,387,1.0,1.0,0.31787109375
f4_cond_strat_core,global_target,2132_0.76_1.7.png,0.48039510846138,837,140,0.48148148148148145,0.7642857142857142,0.59033203125
f4_cond_strat_core,global_target,2135_0.51_1.0.png,0.48039510846138,1023,278,0.5298142717497556,0.6223021582733813,0.50830078125
f4_cond_strat_core,global_target,2140_0.55_0.94.png,0.48039510846138,794,609,0.2040302267002519,0.8949096880131363,0.47412109375
f4_cond_strat_core,global_target,2141_0.55_0.57.png,0.48039510846138,1588,158,0.18073047858942065,0.569620253164557,0.2080078125
f4_cond_strat_core,global_target,2144_0.54_1.03.png,0.48039510846138,1120,167,0.2741071428571429,0.5568862275449101,0.32861328125
f4_cond_strat_core,global_target,2145_0.59_1.25.png,0.48039510846138,1155,106,0.17922077922077922,0.839622641509434,0.360595703125
f4_cond_strat_core,global_target,2150_0.89_1.44.png,0.48039510846138,457,334,0.2210065645514223,0.6107784431137725,0.27392578125
f4_cond_strat_core,global_target,2151_0.78_0.51.png,0.48039510846138,1436,213,0.08983286908077995,0.7136150234741784,0.134521484375
f4_cond_strat_core,global_target,2156_0.71_1.75.png,0.48039510846138,664,259,0.12650602409638553,0.694980694980695,0.281005859375
f4_cond_strat_core,global_target,215_0.58_0.63.png,0.48039510846138,308,26,0.4090909090909091,0.46153846153846156,0.0830078125
f4_cond_strat_core,global_target,2163_0.52_1.35.png,0.48039510846138,138,230,0.5289855072463768,0.4826086956521739,0.224609375
f4_cond_strat_core,global_target,2176_0.54_1.82.png,0.48039510846138,49,353,0.46938775510204084,0.5382436260623229,0.280029296875
f4_cond_strat_core,global_target,2179_0.63_0.92.png,0.48039510846138,399,809,0.8671679197994987,0.8714462299134734,0.59033203125
f4_cond_strat_core,global_target,217_0.79_0.54.png,0.48039510846138,167,2753,0.8383233532934131,0.9560479476934254,0.7744140625
f4_cond_strat_core,global_target,2190_0.51_0.51.png,0.48039510846138,1590,542,0.4188679245283019,0.6402214022140221,0.487548828125
f4_cond_strat_core,global_target,2195_0.53_1.24.png,0.48039510846138,408,906,0.34068627450980393,0.5198675496688742,0.350830078125
f4_cond_strat_core,global_target,2204_0.99_1.22.png,0.48039510846138,534,1170,0.14606741573033707,0.26495726495726496,0.24267578125
f4_cond_strat_core,global_target,2207_0.53_1.2.png,0.48039510846138,991,251,0.3773965691220989,0.6254980079681275,0.487548828125
f4_cond_strat_core,global_target,220_0.56_1.69.png,0.48039510846138,71,423,0.9577464788732394,0.806146572104019,0.27587890625
f4_cond_strat_core,global_target,2216_0.58_1.17.png,0.48039510846138,512,121,0.587890625,0.6198347107438017,0.268798828125
f4_cond_strat_core,global_target,2220_0.92_1.02.png,0.48039510846138,216,35,0.26851851851851855,0.22857142857142856,0.031982421875
f4_cond_strat_core,global_target,2231_0.71_0.89.png,0.48039510846138,816,179,0.08700980392156862,0.4301675977653631,0.12353515625
f4_cond_strat_core,global_target,2234_0.76_1.1.png,0.48039510846138,309,133,0.3883495145631068,0.7443609022556391,0.12548828125
f4_cond_strat_core,global_target,2235_0.91_1.78.png,0.48039510846138,85,137,0.6588235294117647,0.9708029197080292,0.225341796875
f4_cond_strat_core,global_target,2244_0.77_1.02.png,0.48039510846138,1029,89,0.03595724003887269,0.6179775280898876,0.096435546875
f4_cond_strat_core,global_target,2247_0.9_1.37.png,0.48039510846138,461,350,0.07158351409978309,0.4714285714285714,0.260986328125
f4_cond_strat_core,global_target,2250_0.67_1.7.png,0.48039510846138,180,173,0.2111111111111111,0.35260115606936415,0.32373046875
f4_cond_strat_core,global_target,2259_0.79_0.9.png,0.48039510846138,1259,233,0.14773629864972201,0.45493562231759654,0.17822265625
f4_cond_strat_core,global_target,2262_0.79_1.73.png,0.48039510846138,67,74,0.08955223880597014,0.5405405405405406,0.1533203125
f4_cond_strat_core,global_target,2264_0.66_1.54.png,0.48039510846138,95,87,0.042105263157894736,0.5517241379310345,0.126220703125
f4_cond_strat_core,global_target,2265_0.72_1.34.png,0.48039510846138,434,15,0.020737327188940093,0.4,0.084716796875
f4_cond_strat_core,global_target,2269_0.52_1.13.png,0.48039510846138,323,13,0.0030959752321981426,0.7692307692307693,0.048583984375
f4_cond_strat_core,global_target,226_0.56_0.7.png,0.48039510846138,756,250,0.21825396825396826,0.616,0.23681640625
f4_cond_strat_core,global_target,2271_0.6_1.89.png,0.48039510846138,162,14,0.012345679012345678,0.7142857142857143,0.06103515625
f4_cond_strat_core,global_target,2277_0.69_0.53.png,0.48039510846138,2584,134,0.011996904024767802,0.2462686567164179,0.03076171875
f4_cond_strat_core,global_target,2279_0.82_0.88.png,0.48039510846138,1310,92,0.0366412213740458,0.41304347826086957,0.066162109375
f4_cond_strat_core,global_target,2282_0.93_1.05.png,0.48039510846138,1177,88,0.027187765505522515,0.20454545454545456,0.075439453125
f4_cond_strat_core,global_target,2283_0.58_1.18.png,0.48039510846138,1073,158,0.0782851817334576,0.5443037974683544,0.127197265625
f4_cond_strat_core,global_target,228_0.81_0.73.png,0.48039510846138,906,312,0.15562913907284767,0.6346153846153846,0.241943359375
f4_cond_strat_core,global_target,2290_0.92_1.28.png,0.48039510846138,197,11,0.15228426395939088,0.8181818181818182,0.11669921875
f4_cond_strat_core,global_target,2292_0.82_1.71.png,0.48039510846138,181,10,0.2265193370165746,0.8,0.215576171875
f4_cond_strat_core,global_target,2294_1.0_1.16.png,0.48039510846138,222,56,0.17117117117117117,0.7678571428571429,0.226318359375
f4_cond_strat_core,global_target,2298_0.55_1.86.png,0.48039510846138,773,335,0.4644243208279431,0.6477611940298508,0.46923828125
f4_cond_strat_core,global_target,229_0.93_1.79.png,0.48039510846138,2,228,1.0,0.9912280701754386,0.26416015625
f4_cond_strat_core,global_target,2305_0.57_1.54.png,0.48039510846138,636,851,0.17295597484276728,0.790834312573443,0.44287109375
f4_cond_strat_core,global_target,2307_0.75_1.96.png,0.48039510846138,258,392,0.3178294573643411,0.6683673469387755,0.502685546875
f4_cond_strat_core,global_target,2310_0.9_1.71.png,0.48039510846138,255,998,0.41568627450980394,0.874749498997996,0.404541015625
f4_cond_strat_core,global_target,2317_0.62_1.27.png,0.48039510846138,484,618,0.6301652892561983,0.7135922330097088,0.5341796875
f4_cond_strat_core,global_target,2319_0.9_0.55.png,0.48039510846138,961,464,0.15608740894901144,0.7521551724137931,0.25537109375
f4_cond_strat_core,global_target,2325_0.93_1.76.png,0.48039510846138,744,468,0.2701612903225806,0.344017094017094,0.230712890625
f4_cond_strat_core,global_target,2334_0.56_0.79.png,0.48039510846138,1170,595,0.7837606837606838,0.6907563025210084,0.730712890625
f4_cond_strat_core,global_target,2338_0.62_1.42.png,0.48039510846138,40,373,0.325,0.871313672922252,0.406982421875
f4_cond_strat_core,global_target,2345_0.9_0.78.png,0.48039510846138,959,99,0.3587069864442127,0.6161616161616161,0.21875
f4_cond_strat_core,global_target,2365_0.53_0.5.png,0.48039510846138,1675,450,0.1761194029850746,0.4177777777777778,0.243896484375
f4_cond_strat_core,global_target,236_0.67_1.6.png,0.48039510846138,13,48,0.8461538461538461,0.7916666666666666,0.25341796875
f4_cond_strat_core,global_target,2379_0.79_1.37.png,0.48039510846138,937,90,0.033084311632870865,0.6777777777777778,0.076416015625
f4_cond_strat_core,global_target,2382_0.63_0.9.png,0.48039510846138,1474,101,0.027137042062415198,0.21782178217821782,0.05615234375
f4_cond_strat_core,global_target,2386_0.97_1.08.png,0.48039510846138,582,292,0.19415807560137457,0.3047945205479452,0.16552734375
f4_cond_strat_core,global_target,238_0.87_1.74.png,0.48039510846138,14,838,1.0,0.9988066825775657,0.4150390625
f4_cond_strat_core,global_target,2395_0.78_1.43.png,0.48039510846138,511,125,0.06653620352250489,0.376,0.080322265625
f4_cond_strat_core,global_target,23_0.83_1.63.png,0.48039510846138,0,133,nan,0.6165413533834586,0.12060546875
f4_cond_strat_core,global_target,2402_0.8_0.8.png,0.48039510846138,1868,721,0.1247323340471092,0.21914008321775313,0.15478515625
f4_cond_strat_core,global_target,2408_0.55_1.94.png,0.48039510846138,1233,278,0.4955393349553934,0.7014388489208633,0.498046875
f4_cond_strat_core,global_target,2409_0.55_1.95.png,0.48039510846138,486,75,0.2222222222222222,0.5866666666666667,0.308349609375
f4_cond_strat_core,global_target,2410_0.57_1.09.png,0.48039510846138,985,188,0.12284263959390863,0.6808510638297872,0.234130859375
f4_cond_strat_core,global_target,2411_0.81_0.52.png,0.48039510846138,1891,167,0.06927551560021153,0.40718562874251496,0.17041015625
f4_cond_strat_core,global_target,2415_0.55_1.63.png,0.48039510846138,170,447,0.8941176470588236,0.8322147651006712,0.3642578125
f4_cond_strat_core,global_target,2420_0.95_0.63.png,0.48039510846138,746,309,0.08042895442359249,0.34951456310679613,0.079833984375
f4_cond_strat_core,global_target,2432_0.94_1.56.png,0.48039510846138,1094,129,0.15356489945155394,0.6124031007751938,0.298583984375
f4_cond_strat_core,global_target,2437_0.64_0.7.png,0.48039510846138,2449,134,0.35851367905267456,0.664179104477612,0.290771484375
f4_cond_strat_core,global_target,2441_0.74_1.28.png,0.48039510846138,514,716,0.6167315175097277,0.702513966480447,0.571044921875
f4_cond_strat_core,global_target,2450_0.51_0.64.png,0.48039510846138,1036,65,0.06563706563706563,0.38461538461538464,0.09326171875
f4_cond_strat_core,global_target,2453_0.54_1.83.png,0.48039510846138,47,344,0.06382978723404255,0.5058139534883721,0.338134765625
f4_cond_strat_core,global_target,2454_0.81_1.92.png,0.48039510846138,57,188,0.17543859649122806,0.574468085106383,0.353515625
f4_cond_strat_core,global_target,2458_0.78_1.02.png,0.48039510846138,903,177,0.1805094130675526,0.3898305084745763,0.169921875
f4_cond_strat_core,global_target,2463_0.85_1.05.png,0.48039510846138,1213,110,0.1236603462489695,0.44545454545454544,0.235595703125
f4_cond_strat_core,global_target,2467_0.62_0.72.png,0.48039510846138,1636,51,0.030562347188264057,0.27450980392156865,0.072021484375
f4_cond_strat_core,global_target,2474_0.91_0.84.png,0.48039510846138,1572,288,0.08078880407124682,0.4305555555555556,0.145263671875
f4_cond_strat_core,global_target,2475_0.92_1.34.png,0.48039510846138,920,314,0.10108695652173913,0.3630573248407643,0.180908203125
f4_cond_strat_core,global_target,2476_0.67_0.56.png,0.48039510846138,3030,218,0.3673267326732673,0.22935779816513763,0.33837890625
f4_cond_strat_core,global_target,2483_0.82_1.17.png,0.48039510846138,242,605,0.2644628099173554,0.4413223140495868,0.29443359375
f4_cond_strat_core,global_target,2490_0.71_1.73.png,0.48039510846138,75,127,0.4666666666666667,0.8346456692913385,0.567138671875
f4_cond_strat_core,global_target,2491_0.94_1.9.png,0.48039510846138,78,134,0.11538461538461539,0.5597014925373134,0.662109375
f4_cond_strat_core,global_target,2496_0.61_0.78.png,0.48039510846138,908,431,0.47577092511013214,0.7958236658932715,0.395263671875
f4_cond_strat_core,global_target,2498_0.54_1.1.png,0.48039510846138,699,302,0.48783977110157367,0.7152317880794702,0.3232421875
f4_cond_strat_core,global_target,249_0.65_1.99.png,0.48039510846138,4,11,0.0,0.9090909090909091,0.1708984375
f4_cond_strat_core,global_target,24_0.53_1.21.png,0.48039510846138,1,241,0.0,0.3029045643153527,0.06591796875
f4_cond_strat_core,global_target,2517_0.94_1.24.png,0.48039510846138,920,236,0.30978260869565216,0.5720338983050848,0.302978515625
f4_cond_strat_core,global_target,2522_0.78_1.79.png,0.48039510846138,577,733,0.4852686308492201,0.7926330150068213,0.57763671875
f4_cond_strat_core,global_target,2525_0.79_1.85.png,0.48039510846138,572,1241,1.0,0.9887187751813054,0.955078125
f4_cond_strat_core,global_target,252_0.98_1.73.png,0.48039510846138,26,14,0.46153846153846156,1.0,0.158203125
f4_cond_strat_core,global_target,2542_0.7_1.52.png,0.48039510846138,398,52,0.06532663316582915,0.6346153846153846,0.055908203125
f4_cond_strat_core,global_target,2550_0.85_1.96.png,0.48039510846138,544,237,0.09558823529411764,0.8185654008438819,0.3095703125
f4_cond_strat_core,global_target,2556_0.89_1.72.png,0.48039510846138,1151,177,0.07645525629887055,0.9152542372881356,0.1953125
f4_cond_strat_core,global_target,2559_0.81_1.96.png,0.48039510846138,147,593,0.2857142857142857,0.9342327150084317,0.3232421875
f4_cond_strat_core,global_target,2563_0.85_0.62.png,0.48039510846138,2097,8,0.2908917501192179,0.375,0.201171875
f4_cond_strat_core,global_target,2567_0.52_1.05.png,0.48039510846138,1167,141,0.1405312767780634,0.6382978723404256,0.26123046875
f4_cond_strat_core,global_target,2570_0.99_2.0.png,0.48039510846138,236,39,0.08050847457627118,0.1282051282051282,0.07666015625
f4_cond_strat_core,global_target,2572_0.54_1.3.png,0.48039510846138,1094,163,0.2413162705667276,0.7852760736196319,0.224609375
f4_cond_strat_core,global_target,2574_0.57_1.08.png,0.48039510846138,1087,35,0.21159153633854647,0.8285714285714286,0.202392578125
f4_cond_strat_core,global_target,2581_0.79_1.95.png,0.48039510846138,72,461,0.1388888888888889,0.913232104121475,0.407958984375
f4_cond_strat_core,global_target,2589_0.62_1.28.png,0.48039510846138,683,75,0.36749633967789164,0.26666666666666666,0.266357421875
f4_cond_strat_core,global_target,2591_0.78_1.58.png,0.48039510846138,449,58,0.14699331848552338,0.4827586206896552,0.314697265625
f4_cond_strat_core,global_target,2596_0.54_1.72.png,0.48039510846138,1276,198,0.5117554858934169,0.30303030303030304,0.424072265625
f4_cond_strat_core,global_target,259_0.87_0.76.png,0.48039510846138,523,601,0.022944550669216062,0.6123128119800333,0.223388671875
f4_cond_strat_core,global_target,25_0.59_1.43.png,0.48039510846138,476,800,0.8319327731092437,0.965,0.53759765625
f4_cond_strat_core,global_target,2608_0.68_1.54.png,0.48039510846138,37,292,0.4864864864864865,0.928082191780822,0.2333984375
f4_cond_strat_core,global_target,2612_0.52_1.14.png,0.48039510846138,480,196,0.08125,0.5153061224489796,0.197509765625
f4_cond_strat_core,global_target,2614_0.55_0.63.png,0.48039510846138,1230,177,0.13414634146341464,0.7853107344632768,0.2373046875
f4_cond_strat_core,global_target,261_0.54_0.73.png,0.48039510846138,333,1764,0.996996996996997,0.38945578231292516,0.646484375
f4_cond_strat_core,global_target,2625_0.88_1.86.png,0.48039510846138,470,67,0.13404255319148936,0.5671641791044776,0.3583984375
f4_cond_strat_core,global_target,2626_0.88_1.19.png,0.48039510846138,915,99,0.11147540983606558,0.3838383838383838,0.204833984375
f4_cond_strat_core,global_target,2628_0.86_1.01.png,0.48039510846138,1230,164,0.15040650406504066,0.40853658536585363,0.17578125
f4_cond_strat_core,global_target,2632_0.92_1.01.png,0.48039510846138,367,70,0.1444141689373297,0.8,0.109619140625
f4_cond_strat_core,global_target,2635_0.98_1.78.png,0.48039510846138,733,330,0.14597544338335608,0.7666666666666667,0.36865234375
f4_cond_strat_core,global_target,2641_0.7_1.91.png,0.48039510846138,505,347,0.6396039603960396,0.8530259365994236,0.628173828125
f4_cond_strat_core,global_target,2646_0.82_1.47.png,0.48039510846138,756,189,0.37037037037037035,0.48148148148148145,0.36181640625
f4_cond_strat_core,global_target,2652_0.85_1.34.png,0.48039510846138,1775,57,0.044507042253521124,0.9122807017543859,0.154541015625
f4_cond_strat_core,global_target,2653_0.5_0.98.png,0.48039510846138,2619,172,0.1046200840015273,0.5465116279069767,0.144287109375
f4_cond_strat_core,global_target,2663_0.54_1.88.png,0.48039510846138,82,142,0.4268292682926829,0.3732394366197183,0.18603515625
f4_cond_strat_core,global_target,2665_0.85_1.17.png,0.48039510846138,956,175,0.1579497907949791,0.7942857142857143,0.2099609375
f4_cond_strat_core,global_target,2674_0.84_1.83.png,0.48039510846138,913,97,0.21029572836801752,0.5567010309278351,0.29150390625
f4_cond_strat_core,global_target,2680_0.94_1.89.png,0.48039510846138,924,112,0.18614718614718614,0.5178571428571429,0.405029296875
f4_cond_strat_core,global_target,2682_0.96_1.39.png,0.48039510846138,485,65,0.10309278350515463,0.47692307692307695,0.171630859375
f4_cond_strat_core,global_target,2687_0.61_0.9.png,0.48039510846138,766,117,0.26109660574412535,0.27350427350427353,0.212890625
f4_cond_strat_core,global_target,268_0.79_1.15.png,0.48039510846138,95,366,0.4421052631578947,0.9098360655737705,0.372314453125
f4_cond_strat_core,global_target,2693_0.69_0.91.png,0.48039510846138,2586,27,0.030162412993039442,0.7037037037037037,0.076171875
f4_cond_strat_core,global_target,2696_0.77_1.3.png,0.48039510846138,1740,165,0.03218390804597701,0.6303030303030303,0.0966796875
f4_cond_strat_core,global_target,2700_0.59_1.66.png,0.48039510846138,794,32,0.5453400503778337,0.5625,0.289794921875
f4_cond_strat_core,global_target,2703_0.77_1.67.png,0.48039510846138,945,154,0.056084656084656084,0.6298701298701299,0.171630859375
f4_cond_strat_core,global_target,2704_0.84_1.81.png,0.48039510846138,786,196,0.062340966921119595,0.6785714285714286,0.200927734375
f4_cond_strat_core,global_target,2705_0.68_1.36.png,0.48039510846138,746,21,0.058981233243967826,0.47619047619047616,0.06103515625
f4_cond_strat_core,global_target,2707_0.61_1.6.png,0.48039510846138,730,20,0.0547945205479452,0.55,0.06640625
f4_cond_strat_core,global_target,2708_0.72_1.57.png,0.48039510846138,619,36,0.06623586429725363,0.3888888888888889,0.0673828125
f4_cond_strat_core,global_target,2710_0.56_1.69.png,0.48039510846138,8,213,0.0,0.6103286384976526,0.101318359375
f4_cond_strat_core,global_target,2712_0.65_1.83.png,0.48039510846138,16,159,0.0,0.6918238993710691,0.1083984375
f4_cond_strat_core,global_target,2714_0.9_1.77.png,0.48039510846138,225,51,0.04,0.6666666666666666,0.114501953125
f4_cond_strat_core,global_target,2739_0.95_1.39.png,0.48039510846138,1532,136,0.09530026109660575,0.7720588235294118,0.193115234375
f4_cond_strat_core,global_target,2744_0.6_1.82.png,0.48039510846138,151,188,0.423841059602649,0.48936170212765956,0.28466796875
f4_cond_strat_core,global_target,2747_0.87_1.0.png,0.48039510846138,1686,160,0.06524317912218268,0.6375,0.175048828125
f4_cond_strat_core,global_target,2754_0.83_1.45.png,0.48039510846138,338,281,0.1834319526627219,0.4412811387900356,0.288330078125
f4_cond_strat_core,global_target,2759_0.52_1.32.png,0.48039510846138,525,273,0.6971428571428572,0.5934065934065934,0.367431640625
f4_cond_strat_core,global_target,2763_0.83_1.04.png,0.48039510846138,1476,223,0.1991869918699187,0.30493273542600896,0.239990234375
f4_cond_strat_core,global_target,2767_0.69_0.71.png,0.48039510846138,2066,346,0.3814133591481123,0.37283236994219654,0.361572265625
f4_cond_strat_core,global_target,2769_0.81_1.94.png,0.48039510846138,923,365,0.24918743228602383,0.6,0.3369140625
f4_cond_strat_core,global_target,2771_0.52_0.87.png,0.48039510846138,2058,326,0.42857142857142855,0.48466257668711654,0.4111328125
f4_cond_strat_core,global_target,2775_0.9_0.66.png,0.48039510846138,627,69,0.022328548644338118,0.6956521739130435,0.10205078125
f4_cond_strat_core,global_target,2779_0.73_0.56.png,0.48039510846138,1557,482,0.10597302504816955,0.4107883817427386,0.16796875
f4_cond_strat_core,global_target,2783_0.78_1.9.png,0.48039510846138,275,142,0.36727272727272725,0.8591549295774648,0.47265625
f4_cond_strat_core,global_target,2784_0.56_0.55.png,0.48039510846138,2507,101,0.3199042680494615,0.5247524752475248,0.354736328125
f4_cond_strat_core,global_target,2786_0.88_1.47.png,0.48039510846138,879,225,0.29579067121729236,0.9377777777777778,0.253173828125
f4_cond_strat_core,global_target,2790_0.56_1.84.png,0.48039510846138,778,76,0.021850899742930592,0.6710526315789473,0.06982421875
f4_cond_strat_core,global_target,2791_0.51_1.66.png,0.48039510846138,983,84,0.015259409969481181,0.6547619047619048,0.065185546875
f4_cond_strat_core,global_target,2792_0.52_0.69.png,0.48039510846138,1837,58,0.007621121393576484,0.4827586206896552,0.029296875
f4_cond_strat_core,global_target,2794_0.8_0.92.png,0.48039510846138,274,61,0.09854014598540146,0.47540983606557374,0.149169921875
f4_cond_strat_core,global_target,2800_0.75_0.87.png,0.48039510846138,775,1040,0.6012903225806452,0.5365384615384615,0.553955078125
f4_cond_strat_core,global_target,2807_0.78_0.64.png,0.48039510846138,3344,55,0.060406698564593304,0.7454545454545455,0.109375
f4_cond_strat_core,global_target,2809_0.86_1.19.png,0.48039510846138,997,109,0.19157472417251756,0.5504587155963303,0.26806640625
f4_cond_strat_core,global_target,281_0.93_1.17.png,0.48039510846138,0,82,nan,0.9634146341463414,0.16162109375
f4_cond_strat_core,global_target,2820_0.87_0.91.png,0.48039510846138,702,328,0.2692307692307692,0.850609756097561,0.2841796875
f4_cond_strat_core,global_target,2827_0.92_0.93.png,0.48039510846138,799,133,0.07634543178973717,0.8195488721804511,0.1171875
f4_cond_strat_core,global_target,2828_0.98_1.23.png,0.48039510846138,352,213,0.09375,0.6197183098591549,0.12158203125
f4_cond_strat_core,global_target,282_0.95_1.38.png,0.48039510846138,0,62,nan,0.9838709677419355,0.145751953125
f4_cond_strat_core,global_target,283_0.71_1.63.png,0.48039510846138,0,188,nan,0.9893617021276596,0.227294921875
f4_cond_strat_core,global_target,2843_0.7_0.5.png,0.48039510846138,1975,296,0.0389873417721519,0.47635135135135137,0.09765625
f4_cond_strat_core,global_target,2844_0.58_0.74.png,0.48039510846138,1972,202,0.05273833671399594,0.5247524752475248,0.162353515625
f4_cond_strat_core,global_target,2845_0.61_0.81.png,0.48039510846138,1540,138,0.22792207792207791,0.572463768115942,0.232666015625
f4_cond_strat_core,global_target,2862_0.91_1.23.png,0.48039510846138,403,265,0.3076923076923077,0.7169811320754716,0.1826171875
f4_cond_strat_core,global_target,2872_0.75_1.98.png,0.48039510846138,55,63,0.03636363636363636,0.4444444444444444,0.147705078125
f4_cond_strat_core,global_target,2877_0.98_1.2.png,0.48039510846138,770,878,0.5142857142857142,0.5125284738041003,0.36767578125
f4_cond_strat_core,global_target,2884_0.65_1.22.png,0.48039510846138,1275,316,0.27372549019607845,0.3829113924050633,0.2578125
f4_cond_strat_core,global_target,288_0.77_1.7.png,0.48039510846138,34,965,0.9411764705882353,0.9865284974093265,0.356689453125
f4_cond_strat_core,global_target,2896_0.84_0.74.png,0.48039510846138,2006,177,0.3459621136590229,0.7175141242937854,0.443603515625
f4_cond_strat_core,global_target,2899_0.92_1.08.png,0.48039510846138,215,200,0.33488372093023255,0.79,0.198974609375
f4_cond_strat_core,global_target,28_0.54_1.24.png,0.48039510846138,295,1459,0.8440677966101695,0.7793008910212474,0.588623046875
f4_cond_strat_core,global_target,2901_0.59_1.0.png,0.48039510846138,2152,224,0.9200743494423792,0.9241071428571429,0.875244140625
f4_cond_strat_core,global_target,2905_0.99_0.96.png,0.48039510846138,405,652,0.3506172839506173,0.5107361963190185,0.286376953125
f4_cond_strat_core,global_target,2916_0.62_1.39.png,0.48039510846138,430,395,0.2651162790697674,0.4962025316455696,0.236083984375
f4_cond_strat_core,global_target,2918_0.6_1.92.png,0.48039510846138,545,218,0.4036697247706422,0.7155963302752294,0.375244140625
f4_cond_strat_core,global_target,2926_0.6_1.32.png,0.48039510846138,54,3,0.9814814814814815,1.0,0.091796875
f4_cond_strat_core,global_target,2928_0.93_0.58.png,0.48039510846138,183,16,0.08743169398907104,0.8125,0.034423828125
f4_cond_strat_core,global_target,2941_0.7_1.3.png,0.48039510846138,444,428,0.5945945945945946,0.7242990654205608,0.478271484375
f4_cond_strat_core,global_target,2953_0.65_1.26.png,0.48039510846138,1339,248,0.13816280806572068,0.29435483870967744,0.1953125
f4_cond_strat_core,global_target,2955_0.54_1.51.png,0.48039510846138,901,271,0.19422863485016648,0.2656826568265683,0.272216796875
f4_cond_strat_core,global_target,2963_0.61_1.33.png,0.48039510846138,1047,156,0.4699140401146132,0.7884615384615384,0.413330078125
f4_cond_strat_core,global_target,2966_0.98_0.67.png,0.48039510846138,803,421,0.058530510585305104,0.34679334916864607,0.119384765625
f4_cond_strat_core,global_target,2978_0.94_1.66.png,0.48039510846138,37,17,0.2702702702702703,0.8823529411764706,0.2412109375
f4_cond_strat_core,global_target,2991_0.88_1.4.png,0.48039510846138,640,522,0.19375,0.603448275862069,0.43408203125
f4_cond_strat_core,global_target,2994_0.81_0.58.png,0.48039510846138,1788,230,0.10234899328859061,0.3782608695652174,0.18408203125
f4_cond_strat_core,global_target,2996_0.97_1.99.png,0.48039510846138,430,87,0.1511627906976744,0.6781609195402298,0.444091796875
f4_cond_strat_core,global_target,299_0.79_0.75.png,0.48039510846138,140,170,0.09285714285714286,0.9941176470588236,0.14404296875
f4_cond_strat_core,global_target,300_0.72_1.88.png,0.48039510846138,0,273,nan,0.978021978021978,0.177734375
f4_cond_strat_core,global_target,302_0.67_0.9.png,0.48039510846138,294,272,0.5544217687074829,0.6397058823529411,0.447021484375
f4_cond_strat_core,global_target,303_0.68_0.54.png,0.48039510846138,484,388,0.3574380165289256,0.5902061855670103,0.28955078125
f4_cond_strat_core,global_target,309_0.52_0.96.png,0.48039510846138,56,205,0.0,0.8097560975609757,0.10546875
f4_cond_strat_core,global_target,319_0.87_1.65.png,0.48039510846138,13,1693,0.3076923076923077,0.9781453041937389,0.481689453125
f4_cond_strat_core,global_target,325_0.68_1.71.png,0.48039510846138,64,287,0.78125,0.9128919860627178,0.310791015625
f4_cond_strat_core,global_target,326_0.56_0.94.png,0.48039510846138,588,529,0.358843537414966,0.6370510396975425,0.318603515625
f4_cond_strat_core,global_target,33_0.9_0.83.png,0.48039510846138,302,544,0.5927152317880795,0.6783088235294118,0.3076171875
f4_cond_strat_core,global_target,344_0.57_1.11.png,0.48039510846138,8,271,0.875,0.6752767527675276,0.367431640625
f4_cond_strat_core,global_target,349_0.53_1.37.png,0.48039510846138,0,823,nan,0.25637910085054677,0.0791015625
f4_cond_strat_core,global_target,34_0.67_1.92.png,0.48039510846138,22,554,0.0,0.3953068592057762,0.12255859375
f4_cond_strat_core,global_target,355_0.85_0.53.png,0.48039510846138,114,461,0.14035087719298245,0.15835140997830802,0.068603515625
f4_cond_strat_core,global_target,356_0.65_0.6.png,0.48039510846138,352,884,0.0625,0.19117647058823528,0.10400390625
f4_cond_strat_core,global_target,361_0.83_0.87.png,0.48039510846138,169,1068,0.15384615384615385,0.8754681647940075,0.413818359375
f4_cond_strat_core,global_target,363_0.77_0.88.png,0.48039510846138,128,746,0.265625,0.8257372654155496,0.4140625
f4_cond_strat_core,global_target,365_0.89_1.63.png,0.48039510846138,3,176,0.3333333333333333,0.9147727272727273,0.260986328125
f4_cond_strat_core,global_target,367_0.56_0.63.png,0.48039510846138,1559,287,0.16228351507376523,0.2508710801393728,0.166259765625
f4_cond_strat_core,global_target,377_0.97_1.14.png,0.48039510846138,59,451,0.4406779661016949,0.43237250554323725,0.15966796875
f4_cond_strat_core,global_target,382_0.85_0.82.png,0.48039510846138,27,422,0.2962962962962963,0.8317535545023697,0.36962890625
f4_cond_strat_core,global_target,383_0.87_0.78.png,0.48039510846138,222,387,0.8468468468468469,0.8165374677002584,0.344970703125
f4_cond_strat_core,global_target,386_0.91_1.27.png,0.48039510846138,2,38,1.0,0.9473684210526315,0.135498046875
f4_cond_strat_core,global_target,400_0.99_1.08.png,0.48039510846138,201,365,0.4527363184079602,0.9287671232876712,0.44873046875
f4_cond_strat_core,global_target,407_0.59_0.69.png,0.48039510846138,97,29,0.08247422680412371,0.6551724137931034,0.080078125
f4_cond_strat_core,global_target,414_0.52_1.27.png,0.48039510846138,151,596,0.7218543046357616,0.8171140939597316,0.49267578125
f4_cond_strat_core,global_target,423_0.92_0.7.png,0.48039510846138,110,360,0.8818181818181818,0.775,0.29052734375
f4_cond_strat_core,global_target,439_0.95_1.86.png,0.48039510846138,25,11,0.0,0.2727272727272727,0.200439453125
f4_cond_strat_core,global_target,440_0.72_1.73.png,0.48039510846138,4,1,0.0,1.0,0.079833984375
f4_cond_strat_core,global_target,446_0.72_1.25.png,0.48039510846138,110,234,1.0,0.9401709401709402,0.611328125
f4_cond_strat_core,global_target,449_0.79_1.15.png,0.48039510846138,242,99,0.640495867768595,0.47474747474747475,0.27001953125
f4_cond_strat_core,global_target,454_0.63_0.9.png,0.48039510846138,945,740,0.14179894179894179,0.4540540540540541,0.316650390625
f4_cond_strat_core,global_target,455_0.55_1.99.png,0.48039510846138,3,336,1.0,0.5625,0.302978515625
f4_cond_strat_core,global_target,459_0.9_0.51.png,0.48039510846138,470,759,0.18936170212765957,0.49670619235836627,0.1884765625
f4_cond_strat_core,global_target,470_0.8_0.94.png,0.48039510846138,129,977,0.4728682170542636,0.6519959058341863,0.422119140625
f4_cond_strat_core,global_target,471_0.9_1.29.png,0.48039510846138,42,306,0.6190476190476191,0.6274509803921569,0.33056640625
f4_cond_strat_core,global_target,479_0.58_1.54.png,0.48039510846138,836,176,1.0,0.7727272727272727,0.4443359375
f4_cond_strat_core,global_target,483_0.88_1.16.png,0.48039510846138,197,166,0.9593908629441624,0.4759036144578313,0.30517578125
f4_cond_strat_core,global_target,484_0.58_1.89.png,0.48039510846138,102,188,1.0,0.9627659574468085,0.34375
f4_cond_strat_core,global_target,490_0.83_1.67.png,0.48039510846138,190,30,0.9736842105263158,1.0,0.110595703125
f4_cond_strat_core,global_target,492_0.61_1.32.png,0.48039510846138,209,79,0.7703349282296651,0.8987341772151899,0.13232421875
f4_cond_strat_core,global_target,4_0.84_1.98.png,0.48039510846138,76,207,0.05263157894736842,0.20772946859903382,0.0751953125
f4_cond_strat_core,global_target,507_0.74_1.31.png,0.48039510846138,233,1496,1.0,0.9806149732620321,0.64111328125
f4_cond_strat_core,global_target,508_0.87_0.92.png,0.48039510846138,219,918,0.7990867579908676,0.9531590413943355,0.589111328125
f4_cond_strat_core,global_target,50_0.82_1.93.png,0.48039510846138,23,644,0.4782608695652174,0.937888198757764,0.426513671875
f4_cond_strat_core,global_target,517_0.95_1.51.png,0.48039510846138,4,256,0.5,0.90625,0.199951171875
f4_cond_strat_core,global_target,525_0.65_1.46.png,0.48039510846138,135,227,0.5851851851851851,0.6784140969162996,0.223876953125
f4_cond_strat_core,global_target,531_0.55_1.19.png,0.48039510846138,151,388,0.2781456953642384,0.6494845360824743,0.185546875
f4_cond_strat_core,global_target,533_0.96_1.51.png,0.48039510846138,9,130,1.0,0.8692307692307693,0.3212890625
f4_cond_strat_core,global_target,535_0.78_1.25.png,0.48039510846138,89,1099,1.0,0.9481346678798908,0.47509765625
f4_cond_strat_core,global_target,540_0.92_1.97.png,0.48039510846138,0,18,nan,0.8888888888888888,0.166015625
f4_cond_strat_core,global_target,542_0.55_1.46.png,0.48039510846138,14,188,0.5,0.648936170212766,0.34619140625
f4_cond_strat_core,global_target,547_0.79_1.67.png,0.48039510846138,32,1308,0.5625,0.7706422018348624,0.606689453125
f4_cond_strat_core,global_target,551_0.75_1.66.png,0.48039510846138,28,1676,0.10714285714285714,0.8997613365155132,0.7880859375
f4_cond_strat_core,global_target,556_0.86_1.79.png,0.48039510846138,8,357,1.0,0.4733893557422969,0.405029296875
f4_cond_strat_core,global_target,565_0.76_1.56.png,0.48039510846138,47,830,1.0,0.9542168674698795,0.723876953125
f4_cond_strat_core,global_target,574_0.65_1.38.png,0.48039510846138,0,1434,nan,0.999302649930265,0.453125
f4_cond_strat_core,global_target,575_0.71_1.7.png,0.48039510846138,0,961,nan,0.9729448491155047,0.369873046875
f4_cond_strat_core,global_target,576_0.84_1.69.png,0.48039510846138,7,495,0.8571428571428571,0.10505050505050505,0.123779296875
f4_cond_strat_core,global_target,581_0.54_1.36.png,0.48039510846138,56,40,0.0,1.0,0.039306640625
f4_cond_strat_core,global_target,585_0.6_0.89.png,0.48039510846138,187,1128,0.732620320855615,0.9193262411347518,0.4365234375
f4_cond_strat_core,global_target,590_0.65_0.94.png,0.48039510846138,467,1642,0.10492505353319058,0.22289890377588306,0.226806640625
f4_cond_strat_core,global_target,593_0.64_0.82.png,0.48039510846138,152,78,0.5789473684210527,0.7307692307692307,0.087646484375
f4_cond_strat_core,global_target,595_0.78_1.11.png,0.48039510846138,70,156,0.35714285714285715,0.6025641025641025,0.080078125
f4_cond_strat_core,global_target,596_0.55_0.89.png,0.48039510846138,204,80,0.5833333333333334,0.825,0.09228515625
f4_cond_strat_core,global_target,59_0.59_1.43.png,0.48039510846138,33,798,1.0,0.9849624060150376,0.46728515625
f4_cond_strat_core,global_target,603_0.67_1.99.png,0.48039510846138,0,3,nan,1.0,0.259033203125
f4_cond_strat_core,global_target,605_0.58_0.77.png,0.48039510846138,256,855,0.9921875,0.8046783625730994,0.47021484375
f4_cond_strat_core,global_target,609_0.58_1.34.png,0.48039510846138,101,339,0.8118811881188119,0.7138643067846607,0.385498046875
f4_cond_strat_core,global_target,614_0.95_0.72.png,0.48039510846138,141,319,0.014184397163120567,0.003134796238244514,0.047607421875
f4_cond_strat_core,global_target,618_0.66_1.24.png,0.48039510846138,72,280,0.2638888888888889,0.6678571428571428,0.127685546875
f4_cond_strat_core,global_target,61_0.71_1.08.png,0.48039510846138,164,522,0.8658536585365854,0.8524904214559387,0.3251953125
f4_cond_strat_core,global_target,624_0.88_1.47.png,0.48039510846138,39,133,0.8205128205128205,0.8646616541353384,0.32080078125
f4_cond_strat_core,global_target,638_0.73_1.34.png,0.48039510846138,95,997,0.16842105263157894,0.10230692076228685,0.132080078125
f4_cond_strat_core,global_target,653_0.78_0.53.png,0.48039510846138,39,79,0.07692307692307693,0.02531645569620253,0.015625
f4_cond_strat_core,global_target,659_0.86_0.85.png,0.48039510846138,47,1184,1.0,0.8927364864864865,0.376220703125
f4_cond_strat_core,global_target,661_0.6_1.84.png,0.48039510846138,1,367,1.0,0.7574931880108992,0.49267578125
f4_cond_strat_core,global_target,663_0.87_1.75.png,0.48039510846138,0,216,nan,0.875,0.37548828125
f4_cond_strat_core,global_target,674_0.93_0.72.png,0.48039510846138,827,200,0.4752116082224909,0.855,0.400634765625
f4_cond_strat_core,global_target,676_0.53_1.48.png,0.48039510846138,65,206,1.0,0.970873786407767,0.36376953125
f4_cond_strat_core,global_target,681_0.66_0.67.png,0.48039510846138,265,617,0.5169811320754717,0.6223662884927067,0.42041015625
f4_cond_strat_core,global_target,683_0.9_1.98.png,0.48039510846138,110,399,1.0,1.0,0.4443359375
f4_cond_strat_core,global_target,686_0.62_0.82.png,0.48039510846138,115,911,0.30434782608695654,0.1668496158068057,0.191162109375
f4_cond_strat_core,global_target,687_0.89_1.42.png,0.48039510846138,104,870,0.38461538461538464,0.8310344827586207,0.3798828125
f4_cond_strat_core,global_target,68_0.75_1.58.png,0.48039510846138,31,233,0.03225806451612903,0.6566523605150214,0.067626953125
f4_cond_strat_core,global_target,692_0.69_1.32.png,0.48039510846138,16,1834,1.0,0.5806979280261723,0.5537109375
f4_cond_strat_core,global_target,693_0.92_1.29.png,0.48039510846138,0,273,nan,0.8754578754578755,0.25244140625
f4_cond_strat_core,global_target,695_0.53_0.7.png,0.48039510846138,404,583,0.9306930693069307,0.8078902229845626,0.59619140625
f4_cond_strat_core,global_target,69_0.76_0.64.png,0.48039510846138,40,1273,0.1,0.8311076197957581,0.37255859375
f4_cond_strat_core,global_target,706_0.58_1.34.png,0.48039510846138,8,1202,1.0,0.8153078202995009,0.27734375
f4_cond_strat_core,global_target,714_0.84_0.79.png,0.48039510846138,675,192,0.277037037037037,0.7864583333333334,0.153076171875
f4_cond_strat_core,global_target,715_0.73_0.85.png,0.48039510846138,444,184,0.240990990990991,0.7989130434782609,0.13330078125
f4_cond_strat_core,global_target,718_0.91_1.21.png,0.48039510846138,28,148,0.5,0.39864864864864863,0.1640625
f4_cond_strat_core,global_target,719_0.61_0.7.png,0.48039510846138,134,668,0.11940298507462686,0.24251497005988024,0.17333984375
f4_cond_strat_core,global_target,720_0.62_1.27.png,0.48039510846138,12,92,0.8333333333333334,0.6413043478260869,0.2392578125
f4_cond_strat_core,global_target,728_0.58_1.55.png,0.48039510846138,101,144,1.0,0.9791666666666666,0.5625
f4_cond_strat_core,global_target,72_0.7_1.07.png,0.48039510846138,25,204,1.0,0.8676470588235294,0.280029296875
f4_cond_strat_core,global_target,731_0.85_1.53.png,0.48039510846138,8,1079,1.0,1.0,0.454345703125
f4_cond_strat_core,global_target,735_0.5_1.46.png,0.48039510846138,225,509,0.27555555555555555,0.93713163064833,0.22802734375
f4_cond_strat_core,global_target,743_0.75_1.36.png,0.48039510846138,9,33,1.0,1.0,0.31494140625
f4_cond_strat_core,global_target,744_0.9_0.99.png,0.48039510846138,6,51,1.0,1.0,0.04833984375
f4_cond_strat_core,global_target,746_0.64_0.98.png,0.48039510846138,328,282,0.8140243902439024,0.5,0.238037109375
f4_cond_strat_core,global_target,748_0.79_0.91.png,0.48039510846138,107,526,0.822429906542056,0.3060836501901141,0.167236328125
f4_cond_strat_core,global_target,751_0.7_1.66.png,0.48039510846138,30,81,0.9666666666666667,0.35802469135802467,0.103271484375
f4_cond_strat_core,global_target,752_0.78_0.7.png,0.48039510846138,43,367,0.2558139534883721,0.24795640326975477,0.11181640625
f4_cond_strat_core,global_target,755_0.86_0.67.png,0.48039510846138,219,1191,0.2785388127853881,0.20570948782535683,0.175048828125
f4_cond_strat_core,global_target,756_0.9_1.88.png,0.48039510846138,3,323,0.0,0.7213622291021672,0.446044921875
f4_cond_strat_core,global_target,778_0.99_1.06.png,0.48039510846138,17,527,0.0,0.34724857685009486,0.140625
f4_cond_strat_core,global_target,781_0.51_1.6.png,0.48039510846138,64,877,0.875,0.6499429874572406,0.60791015625
f4_cond_strat_core,global_target,785_0.71_1.08.png,0.48039510846138,1329,115,0.9917231000752446,0.9826086956521739,0.70166015625
f4_cond_strat_core,global_target,787_0.88_0.71.png,0.48039510846138,52,117,0.7115384615384616,0.8888888888888888,0.3427734375
f4_cond_strat_core,global_target,791_0.89_1.37.png,0.48039510846138,78,214,0.8589743589743589,0.8738317757009346,0.55859375
f4_cond_strat_core,global_target,793_0.71_0.66.png,0.48039510846138,749,366,0.27770360480640854,0.4562841530054645,0.189453125
f4_cond_strat_core,global_target,799_0.65_0.7.png,0.48039510846138,1021,20,0.9373163565132223,0.7,0.371337890625
f4_cond_strat_core,global_target,79_0.62_1.54.png,0.48039510846138,9,710,1.0,0.9971830985915493,0.661376953125
f4_cond_strat_core,global_target,7_0.89_0.6.png,0.48039510846138,61,347,0.06557377049180328,0.5936599423631124,0.30517578125
f4_cond_strat_core,global_target,805_0.75_1.2.png,0.48039510846138,134,769,1.0,0.9115734720416124,0.8125
f4_cond_strat_core,global_target,80_0.99_1.95.png,0.48039510846138,0,73,nan,1.0,0.239990234375
f4_cond_strat_core,global_target,810_0.78_1.52.png,0.48039510846138,70,1756,0.05714285714285714,0.6976082004555809,0.585205078125
f4_cond_strat_core,global_target,812_0.59_0.82.png,0.48039510846138,129,2311,0.4573643410852713,0.3626135871916919,0.42041015625
f4_cond_strat_core,global_target,814_0.63_1.29.png,0.48039510846138,128,162,0.4375,0.9753086419753086,0.4189453125
f4_cond_strat_core,global_target,819_0.5_1.85.png,0.48039510846138,27,978,0.9259259259259259,0.6022494887525562,0.645263671875
f4_cond_strat_core,global_target,826_0.81_1.2.png,0.48039510846138,2,114,1.0,0.5263157894736842,0.300048828125
f4_cond_strat_core,global_target,83_0.64_1.88.png,0.48039510846138,101,62,1.0,1.0,0.376953125
f4_cond_strat_core,global_target,844_0.99_1.22.png,0.48039510846138,573,349,0.1343804537521815,0.7392550143266475,0.150390625
f4_cond_strat_core,global_target,849_0.55_0.6.png,0.48039510846138,1989,401,0.1950729009552539,0.9102244389027432,0.478271484375
f4_cond_strat_core,global_target,85_1.0_1.41.png,0.48039510846138,157,405,0.6560509554140127,0.9061728395061729,0.47998046875
f4_cond_strat_core,global_target,860_0.73_1.11.png,0.48039510846138,89,1177,1.0,0.9957519116397621,0.39794921875
f4_cond_strat_core,global_target,862_0.69_1.5.png,0.48039510846138,70,401,0.8285714285714286,0.8553615960099751,0.27587890625
f4_cond_strat_core,global_target,872_0.51_0.78.png,0.48039510846138,51,1430,1.0,0.676923076923077,0.60400390625
f4_cond_strat_core,global_target,875_0.87_1.74.png,0.48039510846138,1,156,1.0,1.0,0.224853515625
f4_cond_strat_core,global_target,881_0.6_1.13.png,0.48039510846138,19,180,0.05263157894736842,0.36666666666666664,0.17431640625
f4_cond_strat_core,global_target,882_0.95_1.36.png,0.48039510846138,5,742,1.0,0.4191374663072776,0.237060546875
f4_cond_strat_core,global_target,886_0.89_0.98.png,0.48039510846138,132,1216,0.9393939393939394,0.9580592105263158,0.5439453125
f4_cond_strat_core,global_target,88_0.98_1.99.png,0.48039510846138,90,380,0.6777777777777778,0.9736842105263158,0.54345703125
f4_cond_strat_core,global_target,899_0.93_1.74.png,0.48039510846138,124,133,0.3790322580645161,0.9398496240601504,0.55810546875
f4_cond_strat_core,global_target,900_0.91_0.72.png,0.48039510846138,469,251,0.3368869936034115,0.50199203187251,0.2421875
f4_cond_strat_core,global_target,903_0.81_0.73.png,0.48039510846138,339,257,0.9587020648967551,0.9883268482490273,0.390625
f4_cond_strat_core,global_target,921_0.67_1.07.png,0.48039510846138,22,450,0.7727272727272727,0.8822222222222222,0.41943359375
f4_cond_strat_core,global_target,922_0.74_0.99.png,0.48039510846138,37,299,0.8648648648648649,0.8127090301003345,0.280029296875
f4_cond_strat_core,global_target,923_0.59_1.48.png,0.48039510846138,7,437,1.0,0.9382151029748284,0.575927734375
f4_cond_strat_core,global_target,928_0.52_1.15.png,0.48039510846138,277,701,0.7220216606498195,0.8630527817403709,0.343994140625
f4_cond_strat_core,global_target,92_0.7_0.93.png,0.48039510846138,84,114,0.44047619047619047,0.043859649122807015,0.136474609375
f4_cond_strat_core,global_target,940_0.91_1.03.png,0.48039510846138,287,58,0.024390243902439025,0.9827586206896551,0.049560546875
f4_cond_strat_core,global_target,944_0.59_1.51.png,0.48039510846138,1034,5,0.06382978723404255,0.8,0.08935546875
f4_cond_strat_core,global_target,94_0.62_1.46.png,0.48039510846138,0,423,nan,0.7659574468085106,0.498291015625
f4_cond_strat_core,global_target,952_0.74_0.72.png,0.48039510846138,738,1634,0.6355013550135501,0.6487148102815178,0.60791015625
f4_cond_strat_core,global_target,953_0.95_0.84.png,0.48039510846138,87,1,0.2988505747126437,0.0,0.019775390625
f4_cond_strat_core,global_target,955_0.94_0.9.png,0.48039510846138,75,2,0.28,0.0,0.02099609375
f4_cond_strat_core,global_target,956_0.55_1.4.png,0.48039510846138,93,1085,0.967741935483871,0.9889400921658986,0.47216796875
f4_cond_strat_core,global_target,95_0.85_1.33.png,0.48039510846138,189,42,0.1693121693121693,0.8333333333333334,0.228759765625
f4_cond_strat_core,global_target,965_0.67_1.91.png,0.48039510846138,11,55,0.9090909090909091,1.0,0.197265625
f4_cond_strat_core,global_target,975_0.8_1.05.png,0.48039510846138,31,521,0.5806451612903226,0.9520153550863724,0.228759765625
f4_cond_strat_core,global_target,979_0.96_0.5.png,0.48039510846138,351,740,0.02849002849002849,0.6878378378378378,0.18896484375
f4_cond_strat_core,global_target,984_0.67_1.7.png,0.48039510846138,18,60,1.0,0.9,0.2734375
f4_cond_strat_core,global_target,985_0.85_0.52.png,0.48039510846138,473,550,0.006342494714587738,0.889090909090909,0.13720703125
f4_cond_strat_core,global_target,987_0.56_1.81.png,0.48039510846138,22,495,1.0,0.9474747474747475,0.161376953125
f4_cond_strat_core,global_target,98_0.97_1.56.png,0.48039510846138,68,187,1.0,0.8716577540106952,0.2978515625
f4_cond_strat_core,global_target,993_0.96_1.77.png,0.48039510846138,32,198,1.0,0.9242424242424242,0.152587890625
f4_cond_strat_core,global_target,996_0.93_0.78.png,0.48039510846138,368,427,0.11141304347826086,0.9836065573770492,0.177001953125
f4_cond_strat_core,global_target,999_0.77_1.81.png,0.48039510846138,0,173,nan,0.9942196531791907,0.27001953125
f4_cond_strat_core,global_target,99_0.79_1.39.png,0.48039510846138,21,437,0.9523809523809523,0.9359267734553776,0.48095703125
f4_cond_strat_core,global_target,9_0.71_0.66.png,0.48039510846138,204,6,0.07352941176470588,0.5,0.095947265625
f4_cond_strat_ldhn,global_target,1002_0.73_1.47.png,0.49714240431785583,47,1233,0.5957446808510638,0.8288726682887266,0.315185546875
f4_cond_strat_ldhn,global_target,1007_0.68_1.25.png,0.49714240431785583,17,259,0.35294117647058826,0.42084942084942084,0.393310546875
f4_cond_strat_ldhn,global_target,1012_0.85_1.28.png,0.49714240431785583,0,61,nan,0.8688524590163934,0.336669921875
f4_cond_strat_ldhn,global_target,1016_0.8_1.72.png,0.49714240431785583,62,72,0.24193548387096775,0.7638888888888888,0.250732421875
f4_cond_strat_ldhn,global_target,1022_0.66_1.05.png,0.49714240431785583,636,487,0.5974842767295597,0.757700205338809,0.365966796875
f4_cond_strat_ldhn,global_target,1023_0.5_1.87.png,0.49714240431785583,230,275,0.9478260869565217,0.8581818181818182,0.39892578125
f4_cond_strat_ldhn,global_target,1029_0.71_0.56.png,0.49714240431785583,583,614,0.16295025728987994,0.5228013029315961,0.17626953125
f4_cond_strat_ldhn,global_target,103_0.75_1.59.png,0.49714240431785583,0,786,nan,0.7684478371501272,0.20361328125
f4_cond_strat_ldhn,global_target,1042_0.91_0.56.png,0.49714240431785583,131,338,0.48854961832061067,0.7041420118343196,0.12451171875
f4_cond_strat_ldhn,global_target,1045_0.58_1.58.png,0.49714240431785583,2,456,1.0,0.9517543859649122,0.350830078125
f4_cond_strat_ldhn,global_target,1060_0.94_1.09.png,0.49714240431785583,1087,0,0.09199632014719411,nan,0.12890625
f4_cond_strat_ldhn,global_target,1064_0.54_0.97.png,0.49714240431785583,84,234,0.27380952380952384,0.5811965811965812,0.086181640625
f4_cond_strat_ldhn,global_target,1072_0.58_0.58.png,0.49714240431785583,690,96,0.16521739130434782,0.7083333333333334,0.091796875
f4_cond_strat_ldhn,global_target,1073_0.51_0.98.png,0.49714240431785583,573,743,0.5165794066317626,0.3135935397039031,0.28515625
f4_cond_strat_ldhn,global_target,1075_0.76_1.99.png,0.49714240431785583,16,439,1.0,0.9430523917995444,0.371337890625
f4_cond_strat_ldhn,global_target,1080_0.59_1.22.png,0.49714240431785583,32,373,0.71875,0.9088471849865952,0.26904296875
f4_cond_strat_ldhn,global_target,1083_0.67_0.81.png,0.49714240431785583,367,35,1.0,0.9142857142857143,0.3759765625
f4_cond_strat_ldhn,global_target,1090_0.54_0.58.png,0.49714240431785583,272,227,0.1875,0.801762114537445,0.167236328125
f4_cond_strat_ldhn,global_target,1096_0.72_0.86.png,0.49714240431785583,308,803,0.9772727272727273,0.8156911581569116,0.482666015625
f4_cond_strat_ldhn,global_target,1098_0.8_0.51.png,0.49714240431785583,691,835,0.48625180897250364,0.48862275449101794,0.2841796875
f4_cond_strat_ldhn,global_target,1099_0.54_1.76.png,0.49714240431785583,277,1468,0.8953068592057761,0.5401907356948229,0.452880859375
f4_cond_strat_ldhn,global_target,1102_0.65_0.94.png,0.49714240431785583,140,325,0.9214285714285714,0.9938461538461538,0.39013671875
f4_cond_strat_ldhn,global_target,110_0.55_1.08.png,0.49714240431785583,0,106,nan,0.6981132075471698,0.08642578125
f4_cond_strat_ldhn,global_target,1113_0.9_0.52.png,0.49714240431785583,151,638,0.13245033112582782,0.7899686520376176,0.276123046875
f4_cond_strat_ldhn,global_target,1122_0.94_0.53.png,0.49714240431785583,435,213,0.3471264367816092,0.6572769953051644,0.28515625
f4_cond_strat_ldhn,global_target,1124_0.74_1.17.png,0.49714240431785583,168,255,0.32142857142857145,0.8,0.462158203125
f4_cond_strat_ldhn,global_target,1134_0.69_1.2.png,0.49714240431785583,1,541,0.0,0.4454713493530499,0.1650390625
f4_cond_strat_ldhn,global_target,1140_0.67_1.42.png,0.49714240431785583,131,1265,1.0,0.9936758893280633,0.767822265625
f4_cond_strat_ldhn,global_target,1143_0.73_1.33.png,0.49714240431785583,20,13,0.15,0.23076923076923078,0.06201171875
f4_cond_strat_ldhn,global_target,1145_0.9_1.2.png,0.49714240431785583,190,483,0.8210526315789474,0.9523809523809523,0.31298828125
f4_cond_strat_ldhn,global_target,1146_0.89_0.87.png,0.49714240431785583,344,591,0.3953488372093023,0.9746192893401016,0.324462890625
f4_cond_strat_ldhn,global_target,114_0.75_1.45.png,0.49714240431785583,2,236,0.0,0.885593220338983,0.136962890625
f4_cond_strat_ldhn,global_target,1150_0.8_1.27.png,0.49714240431785583,0,163,nan,0.8098159509202454,0.1796875
f4_cond_strat_ldhn,global_target,1155_0.63_1.27.png,0.49714240431785583,676,508,0.841715976331361,0.8917322834645669,0.686279296875
f4_cond_strat_ldhn,global_target,1162_0.65_1.7.png,0.49714240431785583,0,12,nan,1.0,0.1416015625
f4_cond_strat_ldhn,global_target,1164_0.79_1.96.png,0.49714240431785583,0,10,nan,1.0,0.08935546875
f4_cond_strat_ldhn,global_target,1168_0.56_0.69.png,0.49714240431785583,567,1196,0.654320987654321,0.9724080267558528,0.754638671875
f4_cond_strat_ldhn,global_target,116_0.64_1.08.png,0.49714240431785583,308,498,0.16883116883116883,0.8674698795180723,0.272705078125
f4_cond_strat_ldhn,global_target,1170_0.71_1.78.png,0.49714240431785583,283,119,0.0,0.5210084033613446,0.092529296875
f4_cond_strat_ldhn,global_target,1179_0.56_1.96.png,0.49714240431785583,49,721,1.0,0.9944521497919556,0.71533203125
f4_cond_strat_ldhn,global_target,1187_0.82_1.57.png,0.49714240431785583,0,785,nan,0.7694267515923567,0.427978515625
f4_cond_strat_ldhn,global_target,119_0.6_1.7.png,0.49714240431785583,23,424,1.0,0.9481132075471698,0.217041015625
f4_cond_strat_ldhn,global_target,1200_0.97_0.52.png,0.49714240431785583,135,226,0.22962962962962963,0.47345132743362833,0.076416015625
f4_cond_strat_ldhn,global_target,1205_0.78_1.01.png,0.49714240431785583,0,42,nan,0.6190476190476191,0.271728515625
f4_cond_strat_ldhn,global_target,1208_0.63_0.83.png,0.49714240431785583,85,77,0.10588235294117647,0.6363636363636364,0.270751953125
f4_cond_strat_ldhn,global_target,1211_0.88_1.93.png,0.49714240431785583,0,63,nan,1.0,0.529052734375
f4_cond_strat_ldhn,global_target,1231_0.98_1.26.png,0.49714240431785583,188,488,0.26063829787234044,0.639344262295082,0.163330078125
f4_cond_strat_ldhn,global_target,123_0.94_1.22.png,0.49714240431785583,22,71,1.0,0.8309859154929577,0.22705078125
f4_cond_strat_ldhn,global_target,1240_0.64_0.5.png,0.49714240431785583,755,748,0.6172185430463576,0.7058823529411765,0.46337890625
f4_cond_strat_ldhn,global_target,1246_0.62_2.0.png,0.49714240431785583,33,351,0.8181818181818182,0.6609686609686609,0.350830078125
f4_cond_strat_ldhn,global_target,1250_0.57_0.61.png,0.49714240431785583,14,1385,0.07142857142857142,0.8072202166064982,0.6826171875
f4_cond_strat_ldhn,global_target,1254_0.97_1.31.png,0.49714240431785583,3,19,1.0,0.7368421052631579,0.07080078125
f4_cond_strat_ldhn,global_target,1263_0.9_1.41.png,0.49714240431785583,258,50,0.027131782945736434,0.94,0.05810546875
f4_cond_strat_ldhn,global_target,1266_0.96_1.34.png,0.49714240431785583,16,60,0.75,0.8833333333333333,0.263916015625
f4_cond_strat_ldhn,global_target,126_0.75_1.47.png,0.49714240431785583,135,595,0.02962962962962963,0.31596638655462184,0.192138671875
f4_cond_strat_ldhn,global_target,1271_0.65_1.66.png,0.49714240431785583,167,306,1.0,1.0,0.503662109375
f4_cond_strat_ldhn,global_target,1281_0.89_0.85.png,0.49714240431785583,396,271,0.7651515151515151,0.7712177121771218,0.4765625
f4_cond_strat_ldhn,global_target,1282_0.62_0.6.png,0.49714240431785583,567,2524,0.7125220458553791,0.8688589540412044,0.782470703125
f4_cond_strat_ldhn,global_target,1292_0.66_1.45.png,0.49714240431785583,118,693,0.7203389830508474,0.9264069264069265,0.660400390625
f4_cond_strat_ldhn,global_target,1297_0.99_0.69.png,0.49714240431785583,642,9,0.3707165109034268,0.1111111111111111,0.14306640625
f4_cond_strat_ldhn,global_target,129_0.95_1.3.png,0.49714240431785583,62,43,0.11290322580645161,0.8837209302325582,0.15283203125
f4_cond_strat_ldhn,global_target,1305_1.0_1.54.png,0.49714240431785583,18,72,0.9444444444444444,1.0,0.185791015625
f4_cond_strat_ldhn,global_target,1306_0.6_0.6.png,0.49714240431785583,611,242,0.37152209492635024,0.6115702479338843,0.490966796875
f4_cond_strat_ldhn,global_target,1308_0.84_1.04.png,0.49714240431785583,113,1301,0.831858407079646,0.9792467332820907,0.387451171875
f4_cond_strat_ldhn,global_target,1322_0.64_1.06.png,0.49714240431785583,388,136,0.25257731958762886,0.8897058823529411,0.260498046875
f4_cond_strat_ldhn,global_target,1323_0.89_0.88.png,0.49714240431785583,236,707,0.423728813559322,0.9717114568599717,0.356201171875
f4_cond_strat_ldhn,global_target,1324_0.55_1.43.png,0.49714240431785583,390,64,0.3384615384615385,0.96875,0.297119140625
f4_cond_strat_ldhn,global_target,1326_0.77_0.97.png,0.49714240431785583,48,948,1.0,0.9883966244725738,0.322021484375
f4_cond_strat_ldhn,global_target,1341_0.94_0.51.png,0.49714240431785583,224,312,0.39732142857142855,0.44871794871794873,0.181396484375
f4_cond_strat_ldhn,global_target,1347_0.75_1.79.png,0.49714240431785583,32,56,0.96875,1.0,0.5390625
f4_cond_strat_ldhn,global_target,136_0.6_1.01.png,0.49714240431785583,278,770,0.17985611510791366,0.42337662337662335,0.15869140625
f4_cond_strat_ldhn,global_target,1376_0.65_1.6.png,0.49714240431785583,2,40,0.0,0.7,0.1142578125
f4_cond_strat_ldhn,global_target,1377_0.5_0.79.png,0.49714240431785583,409,1993,0.36674816625916873,0.9066733567486202,0.68359375
f4_cond_strat_ldhn,global_target,1380_0.67_1.78.png,0.49714240431785583,29,1733,1.0,0.9711482977495672,0.534423828125
f4_cond_strat_ldhn,global_target,1386_0.99_1.78.png,0.49714240431785583,2,52,0.0,0.9038461538461539,0.3740234375
f4_cond_strat_ldhn,global_target,1397_0.94_0.79.png,0.49714240431785583,370,119,0.41081081081081083,0.6890756302521008,0.30078125
f4_cond_strat_ldhn,global_target,139_0.87_1.52.png,0.49714240431785583,53,803,0.9056603773584906,0.9439601494396015,0.38330078125
f4_cond_strat_ldhn,global_target,1403_0.73_1.26.png,0.49714240431785583,0,14,nan,1.0,0.116943359375
f4_cond_strat_ldhn,global_target,1407_0.6_1.92.png,0.49714240431785583,0,401,nan,0.9800498753117207,0.460693359375
f4_cond_strat_ldhn,global_target,1410_0.76_1.08.png,0.49714240431785583,1045,623,0.937799043062201,0.7383627608346709,0.556884765625
f4_cond_strat_ldhn,global_target,141_0.71_1.48.png,0.49714240431785583,34,456,0.9705882352941176,0.6951754385964912,0.38818359375
f4_cond_strat_ldhn,global_target,1425_0.84_1.75.png,0.49714240431785583,0,780,nan,0.6461538461538462,0.39794921875
f4_cond_strat_ldhn,global_target,1432_0.91_1.29.png,0.49714240431785583,536,296,0.5895522388059702,0.9628378378378378,0.3662109375
f4_cond_strat_ldhn,global_target,1433_0.9_1.85.png,0.49714240431785583,7,76,0.42857142857142855,0.8026315789473685,0.267333984375
f4_cond_strat_ldhn,global_target,1435_0.87_0.57.png,0.49714240431785583,516,43,0.046511627906976744,0.9069767441860465,0.128173828125
f4_cond_strat_ldhn,global_target,1436_0.66_1.76.png,0.49714240431785583,0,69,nan,0.10144927536231885,0.237548828125
f4_cond_strat_ldhn,global_target,1440_0.65_1.26.png,0.49714240431785583,52,431,0.5576923076923077,0.7053364269141531,0.411865234375
f4_cond_strat_ldhn,global_target,1442_0.62_0.81.png,0.49714240431785583,49,608,0.8979591836734694,0.9967105263157895,0.4609375
f4_cond_strat_ldhn,global_target,1443_0.76_1.22.png,0.49714240431785583,122,1231,1.0,0.9983753046303818,0.47802734375
f4_cond_strat_ldhn,global_target,1446_0.85_0.59.png,0.49714240431785583,427,556,0.0,0.1528776978417266,0.13720703125
f4_cond_strat_ldhn,global_target,1449_0.94_0.78.png,0.49714240431785583,311,589,0.7170418006430869,0.5568760611205433,0.28955078125
f4_cond_strat_ldhn,global_target,1452_0.81_1.88.png,0.49714240431785583,143,530,0.9790209790209791,0.7150943396226415,0.38671875
f4_cond_strat_ldhn,global_target,1454_0.62_1.48.png,0.49714240431785583,6,1152,1.0,0.9956597222222222,0.47314453125
f4_cond_strat_ldhn,global_target,1456_0.66_1.83.png,0.49714240431785583,52,1264,1.0,0.9984177215189873,0.479736328125
f4_cond_strat_ldhn,global_target,1457_0.88_0.58.png,0.49714240431785583,43,603,0.7906976744186046,0.7529021558872305,0.23974609375
f4_cond_strat_ldhn,global_target,145_0.5_1.08.png,0.49714240431785583,356,143,0.5308988764044944,0.7342657342657343,0.30810546875
f4_cond_strat_ldhn,global_target,1461_0.59_0.54.png,0.49714240431785583,254,1934,0.4015748031496063,0.5987590486039297,0.4833984375
f4_cond_strat_ldhn,global_target,1464_0.64_1.56.png,0.49714240431785583,84,728,0.9761904761904762,0.5947802197802198,0.37646484375
f4_cond_strat_ldhn,global_target,1470_0.63_1.26.png,0.49714240431785583,193,338,0.21761658031088082,0.8520710059171598,0.252685546875
f4_cond_strat_ldhn,global_target,1471_0.82_1.95.png,0.49714240431785583,54,116,0.8888888888888888,0.9310344827586207,0.291748046875
f4_cond_strat_ldhn,global_target,1474_0.92_0.89.png,0.49714240431785583,138,295,0.2246376811594203,0.7694915254237288,0.101806640625
f4_cond_strat_ldhn,global_target,1481_0.7_0.89.png,0.49714240431785583,153,1384,0.8954248366013072,0.9754335260115607,0.541748046875
f4_cond_strat_ldhn,global_target,1482_0.59_1.05.png,0.49714240431785583,189,483,0.8518518518518519,0.9440993788819876,0.31787109375
f4_cond_strat_ldhn,global_target,1485_0.6_1.5.png,0.49714240431785583,236,1465,0.711864406779661,0.7290102389078499,0.666259765625
f4_cond_strat_ldhn,global_target,1493_0.84_0.8.png,0.49714240431785583,14,118,0.35714285714285715,0.423728813559322,0.1806640625
f4_cond_strat_ldhn,global_target,1497_0.99_1.09.png,0.49714240431785583,0,11,nan,0.0,0.058349609375
f4_cond_strat_ldhn,global_target,1500_0.87_1.88.png,0.49714240431785583,0,6,nan,0.5,0.13330078125
f4_cond_strat_ldhn,global_target,1511_0.63_1.09.png,0.49714240431785583,872,330,0.6892201834862385,0.7818181818181819,0.545654296875
f4_cond_strat_ldhn,global_target,1512_0.89_1.11.png,0.49714240431785583,267,514,0.12359550561797752,0.5778210116731517,0.2451171875
f4_cond_strat_ldhn,global_target,1517_0.72_1.25.png,0.49714240431785583,1911,76,0.0847723704866562,0.75,0.196533203125
f4_cond_strat_ldhn,global_target,1518_0.62_1.44.png,0.49714240431785583,1716,111,0.15734265734265734,0.8738738738738738,0.291015625
f4_cond_strat_ldhn,global_target,1528_0.91_1.9.png,0.49714240431785583,192,130,0.5260416666666666,0.7230769230769231,0.355224609375
f4_cond_strat_ldhn,global_target,152_0.8_1.99.png,0.49714240431785583,0,67,nan,1.0,0.3662109375
f4_cond_strat_ldhn,global_target,1531_0.52_1.01.png,0.49714240431785583,1898,415,0.6396206533192834,0.7469879518072289,0.62158203125
f4_cond_strat_ldhn,global_target,1537_0.52_1.24.png,0.49714240431785583,558,433,0.6756272401433692,0.7713625866050808,0.67529296875
f4_cond_strat_ldhn,global_target,1538_0.61_0.54.png,0.49714240431785583,1851,318,0.7061048082117775,0.4779874213836478,0.61328125
f4_cond_strat_ldhn,global_target,1539_0.58_0.79.png,0.49714240431785583,1501,480,0.7774816788807462,0.5020833333333333,0.61767578125
f4_cond_strat_ldhn,global_target,1543_0.92_1.98.png,0.49714240431785583,988,38,0.12044534412955465,0.8421052631578947,0.166015625
f4_cond_strat_ldhn,global_target,1544_0.87_1.52.png,0.49714240431785583,1390,45,0.07482014388489208,0.9333333333333333,0.142333984375
f4_cond_strat_ldhn,global_target,1547_0.77_1.84.png,0.49714240431785583,206,162,0.5048543689320388,0.7716049382716049,0.5263671875
f4_cond_strat_ldhn,global_target,1548_0.85_1.55.png,0.49714240431785583,170,165,0.3411764705882353,0.7636363636363637,0.31494140625
f4_cond_strat_ldhn,global_target,1549_0.91_1.37.png,0.49714240431785583,819,171,0.20757020757020758,0.1695906432748538,0.135986328125
f4_cond_strat_ldhn,global_target,154_0.97_0.91.png,0.49714240431785583,0,111,nan,0.7027027027027027,0.059814453125
f4_cond_strat_ldhn,global_target,1568_0.8_1.8.png,0.49714240431785583,321,260,0.32087227414330216,0.8269230769230769,0.2958984375
f4_cond_strat_ldhn,global_target,1573_0.61_1.06.png,0.49714240431785583,2275,267,0.3679120879120879,0.8539325842696629,0.4111328125
f4_cond_strat_ldhn,global_target,1575_0.51_1.39.png,0.49714240431785583,1035,642,0.47246376811594204,0.8987538940809969,0.530517578125
f4_cond_strat_ldhn,global_target,1578_0.57_1.99.png,0.49714240431785583,159,82,0.09433962264150944,0.573170731707317,0.314697265625
f4_cond_strat_ldhn,global_target,1580_0.7_1.59.png,0.49714240431785583,250,44,0.02,0.7727272727272727,0.264404296875
f4_cond_strat_ldhn,global_target,1586_0.74_1.29.png,0.49714240431785583,232,61,0.15517241379310345,0.8524590163934426,0.113525390625
f4_cond_strat_ldhn,global_target,158_0.56_1.42.png,0.49714240431785583,0,111,nan,0.7477477477477478,0.1728515625
f4_cond_strat_ldhn,global_target,1592_0.54_1.46.png,0.49714240431785583,1359,328,0.601177336276674,0.8597560975609756,0.506103515625
f4_cond_strat_ldhn,global_target,1599_0.71_1.3.png,0.49714240431785583,464,753,0.6724137931034483,0.9282868525896414,0.571044921875
f4_cond_strat_ldhn,global_target,1602_0.92_0.57.png,0.49714240431785583,1072,140,0.07835820895522388,0.32142857142857145,0.071533203125
f4_cond_strat_ldhn,global_target,1605_1.0_1.37.png,0.49714240431785583,333,45,0.24624624624624625,0.7333333333333333,0.18359375
f4_cond_strat_ldhn,global_target,1612_0.77_1.4.png,0.49714240431785583,603,27,0.06467661691542288,0.7407407407407407,0.09716796875
f4_cond_strat_ldhn,global_target,161_0.83_1.56.png,0.49714240431785583,0,74,nan,1.0,0.271240234375
f4_cond_strat_ldhn,global_target,1621_0.5_0.72.png,0.49714240431785583,1555,49,0.1189710610932476,0.5102040816326531,0.077392578125
f4_cond_strat_ldhn,global_target,162_0.75_0.98.png,0.49714240431785583,0,350,nan,0.9885714285714285,0.373291015625
f4_cond_strat_ldhn,global_target,1631_0.92_1.27.png,0.49714240431785583,124,23,0.4274193548387097,0.6521739130434783,0.084716796875
f4_cond_strat_ldhn,global_target,1635_0.64_0.55.png,0.49714240431785583,2275,656,0.011868131868131869,0.7057926829268293,0.1474609375
f4_cond_strat_ldhn,global_target,1636_0.96_1.23.png,0.49714240431785583,917,586,0.05452562704471101,0.023890784982935155,0.079345703125
f4_cond_strat_ldhn,global_target,1647_0.89_1.55.png,0.49714240431785583,46,73,0.2826086956521739,0.5342465753424658,0.10986328125
f4_cond_strat_ldhn,global_target,1648_0.89_1.41.png,0.49714240431785583,59,106,0.2033898305084746,0.4716981132075472,0.109375
f4_cond_strat_ldhn,global_target,1657_0.68_1.28.png,0.49714240431785583,632,35,0.7357594936708861,0.5428571428571428,0.222900390625
f4_cond_strat_ldhn,global_target,1663_0.92_1.8.png,0.49714240431785583,244,113,0.15163934426229508,0.4247787610619469,0.140869140625
f4_cond_strat_ldhn,global_target,1664_0.8_2.0.png,0.49714240431785583,180,30,0.24444444444444444,0.6,0.425537109375
f4_cond_strat_ldhn,global_target,1666_0.85_0.59.png,0.49714240431785583,2053,79,0.019970774476376036,0.3291139240506329,0.047607421875
f4_cond_strat_ldhn,global_target,1685_0.79_1.99.png,0.49714240431785583,446,92,0.3094170403587444,0.7934782608695652,0.5087890625
f4_cond_strat_ldhn,global_target,1686_0.51_0.6.png,0.49714240431785583,1775,87,0.1847887323943662,0.41379310344827586,0.17724609375
f4_cond_strat_ldhn,global_target,1687_0.83_1.61.png,0.49714240431785583,663,66,0.248868778280543,0.6818181818181818,0.44189453125
f4_cond_strat_ldhn,global_target,1689_0.74_0.54.png,0.49714240431785583,2287,267,0.034105815478793176,0.47191011235955055,0.111328125
f4_cond_strat_ldhn,global_target,1691_0.77_1.92.png,0.49714240431785583,453,252,0.23399558498896247,0.7261904761904762,0.44873046875
f4_cond_strat_ldhn,global_target,1696_0.74_1.51.png,0.49714240431785583,2001,204,0.03548225887056472,0.3627450980392157,0.10693359375
f4_cond_strat_ldhn,global_target,1701_0.55_0.71.png,0.49714240431785583,2326,210,0.20335339638865005,0.5238095238095238,0.2451171875
f4_cond_strat_ldhn,global_target,1705_0.66_1.4.png,0.49714240431785583,163,918,0.3803680981595092,0.8289760348583878,0.399658203125
f4_cond_strat_ldhn,global_target,1712_0.9_0.74.png,0.49714240431785583,1394,116,0.20444763271162122,0.6896551724137931,0.280517578125
f4_cond_strat_ldhn,global_target,1718_0.92_1.01.png,0.49714240431785583,412,156,0.3616504854368932,0.5512820512820513,0.477294921875
f4_cond_strat_ldhn,global_target,1722_0.85_1.51.png,0.49714240431785583,170,65,0.5176470588235295,0.7538461538461538,0.529052734375
f4_cond_strat_ldhn,global_target,1726_0.54_0.7.png,0.49714240431785583,655,199,0.14198473282442747,0.6030150753768844,0.233154296875
f4_cond_strat_ldhn,global_target,1730_0.81_1.53.png,0.49714240431785583,1228,80,0.1270358306188925,0.4625,0.196044921875
f4_cond_strat_ldhn,global_target,1733_0.57_1.6.png,0.49714240431785583,447,301,0.07158836689038031,0.574750830564784,0.2744140625
f4_cond_strat_ldhn,global_target,173_0.88_1.45.png,0.49714240431785583,66,627,0.7272727272727273,0.8771929824561403,0.36376953125
f4_cond_strat_ldhn,global_target,1756_0.77_1.19.png,0.49714240431785583,312,711,0.7243589743589743,0.5414908579465542,0.4033203125
f4_cond_strat_ldhn,global_target,1761_0.99_0.94.png,0.49714240431785583,176,87,0.4715909090909091,0.4942528735632184,0.124267578125
f4_cond_strat_ldhn,global_target,1763_0.58_1.25.png,0.49714240431785583,297,448,0.6363636363636364,0.875,0.513427734375
f4_cond_strat_ldhn,global_target,1765_0.51_1.47.png,0.49714240431785583,331,1271,0.8277945619335347,0.9166011014948859,0.730224609375
f4_cond_strat_ldhn,global_target,1773_0.58_1.45.png,0.49714240431785583,1282,161,0.07410296411856475,0.8571428571428571,0.268310546875
f4_cond_strat_ldhn,global_target,1784_0.94_1.15.png,0.49714240431785583,809,15,0.11990111248454882,0.8,0.158935546875
f4_cond_strat_ldhn,global_target,1795_0.99_1.84.png,0.49714240431785583,3,1,1.0,1.0,0.07763671875
f4_cond_strat_ldhn,global_target,1796_0.93_0.58.png,0.49714240431785583,114,9,0.14912280701754385,0.8888888888888888,0.033203125
f4_cond_strat_ldhn,global_target,17_0.55_1.91.png,0.49714240431785583,32,706,0.53125,0.43059490084985835,0.420654296875
f4_cond_strat_ldhn,global_target,1801_0.99_0.78.png,0.49714240431785583,1741,152,0.043653072946582425,0.03289473684210526,0.062255859375
f4_cond_strat_ldhn,global_target,1803_0.99_1.79.png,0.49714240431785583,902,17,0.08536585365853659,0.23529411764705882,0.09423828125
f4_cond_strat_ldhn,global_target,1814_0.55_0.54.png,0.49714240431785583,2974,40,0.050773369199731,0.575,0.1103515625
f4_cond_strat_ldhn,global_target,1817_0.81_2.0.png,0.49714240431785583,15,250,0.3333333333333333,0.428,0.110595703125
f4_cond_strat_ldhn,global_target,1822_0.51_1.51.png,0.49714240431785583,777,128,0.06435006435006435,0.5234375,0.1494140625
f4_cond_strat_ldhn,global_target,1835_0.61_1.23.png,0.49714240431785583,1130,649,0.10707964601769912,0.9953775038520801,0.423095703125
f4_cond_strat_ldhn,global_target,183_0.77_0.99.png,0.49714240431785583,236,602,0.2542372881355932,0.8554817275747508,0.331787109375
f4_cond_strat_ldhn,global_target,1841_0.64_1.79.png,0.49714240431785583,678,187,0.05014749262536873,0.5133689839572193,0.177978515625
f4_cond_strat_ldhn,global_target,1844_0.91_1.28.png,0.49714240431785583,1040,106,0.05673076923076923,0.3867924528301887,0.13916015625
f4_cond_strat_ldhn,global_target,1851_0.7_1.14.png,0.49714240431785583,791,41,0.05436156763590392,0.6097560975609756,0.11962890625
f4_cond_strat_ldhn,global_target,1854_0.94_1.49.png,0.49714240431785583,270,28,0.1111111111111111,0.8214285714285714,0.042724609375
f4_cond_strat_ldhn,global_target,1859_0.73_1.32.png,0.49714240431785583,36,13,0.6666666666666666,0.8461538461538461,0.072021484375
f4_cond_strat_ldhn,global_target,1860_0.77_1.07.png,0.49714240431785583,80,17,0.3625,0.8235294117647058,0.0576171875
f4_cond_strat_ldhn,global_target,1862_0.82_1.52.png,0.49714240431785583,290,140,0.43448275862068964,0.6428571428571429,0.22607421875
f4_cond_strat_ldhn,global_target,1867_0.67_1.54.png,0.49714240431785583,530,1655,0.7528301886792453,0.7885196374622356,0.626953125
f4_cond_strat_ldhn,global_target,1875_0.95_0.91.png,0.49714240431785583,657,126,0.091324200913242,0.1349206349206349,0.078857421875
f4_cond_strat_ldhn,global_target,1876_0.97_1.69.png,0.49714240431785583,482,88,0.11618257261410789,0.14772727272727273,0.11572265625
f4_cond_strat_ldhn,global_target,1884_0.78_0.61.png,0.49714240431785583,2118,126,0.09584513692162418,0.5873015873015873,0.12060546875
f4_cond_strat_ldhn,global_target,1885_0.54_0.83.png,0.49714240431785583,2805,95,0.08591800356506239,0.3263157894736842,0.099609375
f4_cond_strat_ldhn,global_target,1892_0.85_0.58.png,0.49714240431785583,2266,516,0.03442188879082083,0.5678294573643411,0.11865234375
f4_cond_strat_ldhn,global_target,1895_0.9_1.62.png,0.49714240431785583,235,1011,0.7489361702127659,0.6805143422354105,0.42041015625
f4_cond_strat_ldhn,global_target,1898_0.84_0.98.png,0.49714240431785583,1711,101,0.07071887784921099,0.44554455445544555,0.103271484375
f4_cond_strat_ldhn,global_target,1911_0.96_1.13.png,0.49714240431785583,328,543,0.4054878048780488,0.5377532228360957,0.2255859375
f4_cond_strat_ldhn,global_target,1912_1.0_0.84.png,0.49714240431785583,501,559,0.4171656686626746,0.41144901610017887,0.21728515625
f4_cond_strat_ldhn,global_target,1914_0.81_0.98.png,0.49714240431785583,2668,249,0.02586206896551724,0.8955823293172691,0.191650390625
f4_cond_strat_ldhn,global_target,1917_0.96_1.37.png,0.49714240431785583,120,16,0.5666666666666667,1.0,0.07470703125
f4_cond_strat_ldhn,global_target,1919_0.59_0.94.png,0.49714240431785583,1237,17,0.5957962813257882,0.7058823529411765,0.4111328125
f4_cond_strat_ldhn,global_target,1920_0.99_1.69.png,0.49714240431785583,104,15,0.7788461538461539,1.0,0.092041015625
f4_cond_strat_ldhn,global_target,1923_0.81_1.81.png,0.49714240431785583,402,159,0.5049751243781094,0.8679245283018868,0.3955078125
f4_cond_strat_ldhn,global_target,1936_0.52_1.67.png,0.49714240431785583,186,77,0.6397849462365591,0.5584415584415584,0.1923828125
f4_cond_strat_ldhn,global_target,1937_0.79_0.84.png,0.49714240431785583,208,95,0.125,0.21052631578947367,0.083984375
f4_cond_strat_ldhn,global_target,1939_0.93_1.32.png,0.49714240431785583,123,78,0.23577235772357724,0.14102564102564102,0.15380859375
f4_cond_strat_ldhn,global_target,1942_0.89_0.67.png,0.49714240431785583,2157,150,0.14000927213722764,0.8466666666666667,0.32470703125
f4_cond_strat_ldhn,global_target,1952_0.78_0.75.png,0.49714240431785583,248,166,0.1774193548387097,0.2710843373493976,0.13671875
f4_cond_strat_ldhn,global_target,1956_0.99_1.4.png,0.49714240431785583,572,114,0.2972027972027972,0.43859649122807015,0.193603515625
f4_cond_strat_ldhn,global_target,1966_0.52_1.48.png,0.49714240431785583,453,302,0.5187637969094923,0.7317880794701986,0.566162109375
f4_cond_strat_ldhn,global_target,196_0.8_0.88.png,0.49714240431785583,19,794,0.21052631578947367,0.8677581863979849,0.268310546875
f4_cond_strat_ldhn,global_target,1979_0.6_0.93.png,0.49714240431785583,1289,341,0.18386346004654772,0.2932551319648094,0.189453125
f4_cond_strat_ldhn,global_target,1982_0.99_1.89.png,0.49714240431785583,203,110,0.26108374384236455,0.9727272727272728,0.32373046875
f4_cond_strat_ldhn,global_target,1985_0.57_1.93.png,0.49714240431785583,619,980,0.8578352180936996,0.9693877551020408,0.75390625
f4_cond_strat_ldhn,global_target,1988_0.94_1.22.png,0.49714240431785583,399,148,0.7042606516290727,0.9527027027027027,0.310546875
f4_cond_strat_ldhn,global_target,2000_0.86_0.62.png,0.49714240431785583,1050,168,0.14857142857142858,0.4583333333333333,0.13671875
f4_cond_strat_ldhn,global_target,2003_0.64_1.33.png,0.49714240431785583,2007,167,0.1081215744892875,0.437125748502994,0.183837890625
f4_cond_strat_ldhn,global_target,2007_0.61_1.26.png,0.49714240431785583,159,298,0.8742138364779874,0.8489932885906041,0.385986328125
f4_cond_strat_ldhn,global_target,2013_1.0_1.78.png,0.49714240431785583,329,372,0.574468085106383,0.9838709677419355,0.2548828125
f4_cond_strat_ldhn,global_target,2024_0.99_1.36.png,0.49714240431785583,353,57,0.12181303116147309,0.6140350877192983,0.162353515625
f4_cond_strat_ldhn,global_target,2026_0.99_1.41.png,0.49714240431785583,153,71,0.5882352941176471,0.18309859154929578,0.143798828125
f4_cond_strat_ldhn,global_target,2027_0.69_0.59.png,0.49714240431785583,739,341,0.09607577807848444,0.47214076246334313,0.103515625
f4_cond_strat_ldhn,global_target,2028_0.98_1.27.png,0.49714240431785583,213,68,0.4413145539906103,0.2647058823529412,0.132568359375
f4_cond_strat_ldhn,global_target,2033_0.61_0.56.png,0.49714240431785583,3104,93,0.28318298969072164,0.7419354838709677,0.326171875
f4_cond_strat_ldhn,global_target,2043_0.97_0.54.png,0.49714240431785583,894,73,0.19239373601789708,0.8904109589041096,0.17919921875
f4_cond_strat_ldhn,global_target,2050_0.8_1.8.png,0.49714240431785583,289,266,0.5432525951557093,0.6879699248120301,0.431396484375
f4_cond_strat_ldhn,global_target,2051_0.92_0.92.png,0.49714240431785583,418,519,0.4473684210526316,0.5394990366088632,0.2880859375
f4_cond_strat_ldhn,global_target,2057_0.86_0.85.png,0.49714240431785583,940,225,0.5936170212765958,0.92,0.4375
f4_cond_strat_ldhn,global_target,2061_0.79_1.72.png,0.49714240431785583,331,145,0.2537764350453172,0.5586206896551724,0.140869140625
f4_cond_strat_ldhn,global_target,2063_0.76_1.8.png,0.49714240431785583,316,173,0.2310126582278481,0.5895953757225434,0.1875
f4_cond_strat_ldhn,global_target,2069_0.7_1.18.png,0.49714240431785583,845,130,0.7881656804733728,0.7538461538461538,0.5859375
f4_cond_strat_ldhn,global_target,2070_0.86_0.78.png,0.49714240431785583,1438,117,0.33240611961057026,0.8717948717948718,0.33544921875
f4_cond_strat_ldhn,global_target,2071_0.63_1.21.png,0.49714240431785583,1063,214,0.8617121354656632,0.794392523364486,0.602294921875
f4_cond_strat_ldhn,global_target,2072_0.87_1.18.png,0.49714240431785583,705,98,0.33900709219858155,0.826530612244898,0.426025390625
f4_cond_strat_ldhn,global_target,2073_0.87_1.93.png,0.49714240431785583,311,97,0.22186495176848875,0.6907216494845361,0.47216796875
f4_cond_strat_ldhn,global_target,2074_0.71_0.74.png,0.49714240431785583,847,206,0.14049586776859505,0.41262135922330095,0.170654296875
f4_cond_strat_ldhn,global_target,2076_0.85_1.77.png,0.49714240431785583,305,132,0.19344262295081968,0.5833333333333334,0.425537109375
f4_cond_strat_ldhn,global_target,2079_0.62_1.17.png,0.49714240431785583,205,650,0.1951219512195122,0.9230769230769231,0.457763671875
f4_cond_strat_ldhn,global_target,2080_0.53_1.58.png,0.49714240431785583,462,312,0.28354978354978355,0.7980769230769231,0.462158203125
f4_cond_strat_ldhn,global_target,2087_0.72_1.14.png,0.49714240431785583,900,132,0.29444444444444445,0.5606060606060606,0.2080078125
f4_cond_strat_ldhn,global_target,2094_0.56_1.05.png,0.49714240431785583,88,1038,0.2159090909090909,0.5684007707129094,0.24365234375
f4_cond_strat_ldhn,global_target,2096_0.77_1.76.png,0.49714240431785583,185,183,0.2594594594594595,0.48633879781420764,0.251220703125
f4_cond_strat_ldhn,global_target,2109_0.56_1.42.png,0.49714240431785583,1200,438,0.3233333333333333,0.7671232876712328,0.367431640625
f4_cond_strat_ldhn,global_target,2111_0.68_1.03.png,0.49714240431785583,1639,221,0.29591214154972545,0.669683257918552,0.2939453125
f4_cond_strat_ldhn,global_target,2114_0.9_1.51.png,0.49714240431785583,766,199,0.3133159268929504,0.8592964824120602,0.482177734375
f4_cond_strat_ldhn,global_target,2115_0.75_1.52.png,0.49714240431785583,852,427,0.25234741784037557,0.9344262295081968,0.521240234375
f4_cond_strat_ldhn,global_target,2119_0.54_1.47.png,0.49714240431785583,734,470,0.18392370572207084,0.8361702127659575,0.425048828125
f4_cond_strat_ldhn,global_target,2121_0.73_0.63.png,0.49714240431785583,2766,51,0.3036876355748373,0.9019607843137255,0.36572265625
f4_cond_strat_ldhn,global_target,2123_0.66_0.89.png,0.49714240431785583,2760,58,0.44021739130434784,0.8793103448275862,0.466064453125
f4_cond_strat_ldhn,global_target,2126_0.75_0.91.png,0.49714240431785583,1110,373,0.07297297297297298,0.8525469168900804,0.2373046875
f4_cond_strat_ldhn,global_target,212_0.71_1.94.png,0.49714240431785583,10,387,1.0,1.0,0.28955078125
f4_cond_strat_ldhn,global_target,2132_0.76_1.7.png,0.49714240431785583,837,140,0.2974910394265233,0.8142857142857143,0.525634765625
f4_cond_strat_ldhn,global_target,2135_0.51_1.0.png,0.49714240431785583,1023,278,0.5083088954056696,0.5215827338129496,0.45458984375
f4_cond_strat_ldhn,global_target,2140_0.55_0.94.png,0.49714240431785583,794,609,0.16624685138539042,0.8571428571428571,0.431640625
f4_cond_strat_ldhn,global_target,2141_0.55_0.57.png,0.49714240431785583,1588,158,0.17002518891687657,0.6835443037974683,0.186767578125
f4_cond_strat_ldhn,global_target,2144_0.54_1.03.png,0.49714240431785583,1120,167,0.2294642857142857,0.6047904191616766,0.26513671875
f4_cond_strat_ldhn,global_target,2145_0.59_1.25.png,0.49714240431785583,1155,106,0.2354978354978355,0.8490566037735849,0.357177734375
f4_cond_strat_ldhn,global_target,2150_0.89_1.44.png,0.49714240431785583,457,334,0.25164113785557984,0.8083832335329342,0.28173828125
f4_cond_strat_ldhn,global_target,2151_0.78_0.51.png,0.49714240431785583,1436,213,0.2381615598885794,0.7370892018779343,0.203369140625
f4_cond_strat_ldhn,global_target,2156_0.71_1.75.png,0.49714240431785583,664,259,0.18825301204819278,0.6911196911196911,0.26220703125
f4_cond_strat_ldhn,global_target,215_0.58_0.63.png,0.49714240431785583,308,26,0.5162337662337663,0.46153846153846156,0.113037109375
f4_cond_strat_ldhn,global_target,2163_0.52_1.35.png,0.49714240431785583,138,230,0.34057971014492755,0.508695652173913,0.173583984375
f4_cond_strat_ldhn,global_target,2176_0.54_1.82.png,0.49714240431785583,49,353,0.40816326530612246,0.5297450424929179,0.27294921875
f4_cond_strat_ldhn,global_target,2179_0.63_0.92.png,0.49714240431785583,399,809,0.7769423558897243,0.9208899876390606,0.597900390625
f4_cond_strat_ldhn,global_target,217_0.79_0.54.png,0.49714240431785583,167,2753,0.874251497005988,0.9531420268797676,0.77294921875
f4_cond_strat_ldhn,global_target,2190_0.51_0.51.png,0.49714240431785583,1590,542,0.389937106918239,0.6162361623616236,0.483154296875
f4_cond_strat_ldhn,global_target,2195_0.53_1.24.png,0.49714240431785583,408,906,0.27205882352941174,0.45143487858719644,0.3173828125
f4_cond_strat_ldhn,global_target,2204_0.99_1.22.png,0.49714240431785583,534,1170,0.17415730337078653,0.4752136752136752,0.33837890625
f4_cond_strat_ldhn,global_target,2207_0.53_1.2.png,0.49714240431785583,991,251,0.3148335015136226,0.3386454183266932,0.39892578125
f4_cond_strat_ldhn,global_target,220_0.56_1.69.png,0.49714240431785583,71,423,0.9859154929577465,0.7706855791962175,0.266845703125
f4_cond_strat_ldhn,global_target,2216_0.58_1.17.png,0.49714240431785583,512,121,0.505859375,0.7024793388429752,0.256103515625
f4_cond_strat_ldhn,global_target,2220_0.92_1.02.png,0.49714240431785583,216,35,0.375,0.22857142857142856,0.0400390625
f4_cond_strat_ldhn,global_target,2231_0.71_0.89.png,0.49714240431785583,816,179,0.16911764705882354,0.5642458100558659,0.149169921875
f4_cond_strat_ldhn,global_target,2234_0.76_1.1.png,0.49714240431785583,309,133,0.47249190938511326,0.8345864661654135,0.140869140625
f4_cond_strat_ldhn,global_target,2235_0.91_1.78.png,0.49714240431785583,85,137,0.7764705882352941,0.9927007299270073,0.225830078125
f4_cond_strat_ldhn,global_target,2244_0.77_1.02.png,0.49714240431785583,1029,89,0.062196307094266275,0.6853932584269663,0.1044921875
f4_cond_strat_ldhn,global_target,2247_0.9_1.37.png,0.49714240431785583,461,350,0.10845986984815618,0.5457142857142857,0.260498046875
f4_cond_strat_ldhn,global_target,2250_0.67_1.7.png,0.49714240431785583,180,173,0.32222222222222224,0.3468208092485549,0.313232421875
f4_cond_strat_ldhn,global_target,2259_0.79_0.9.png,0.49714240431785583,1259,233,0.13820492454328834,0.6223175965665236,0.190185546875
f4_cond_strat_ldhn,global_target,2262_0.79_1.73.png,0.49714240431785583,67,74,0.3283582089552239,0.6351351351351351,0.15234375
f4_cond_strat_ldhn,global_target,2264_0.66_1.54.png,0.49714240431785583,95,87,0.05263157894736842,0.5862068965517241,0.118408203125
f4_cond_strat_ldhn,global_target,2265_0.72_1.34.png,0.49714240431785583,434,15,0.03686635944700461,0.4666666666666667,0.085693359375
f4_cond_strat_ldhn,global_target,2269_0.52_1.13.png,0.49714240431785583,323,13,0.009287925696594427,0.7692307692307693,0.051513671875
f4_cond_strat_ldhn,global_target,226_0.56_0.7.png,0.49714240431785583,756,250,0.24074074074074073,0.652,0.262451171875
f4_cond_strat_ldhn,global_target,2271_0.6_1.89.png,0.49714240431785583,162,14,0.012345679012345678,0.7142857142857143,0.06396484375
f4_cond_strat_ldhn,global_target,2277_0.69_0.53.png,0.49714240431785583,2584,134,0.013544891640866873,0.2462686567164179,0.0283203125
f4_cond_strat_ldhn,global_target,2279_0.82_0.88.png,0.49714240431785583,1310,92,0.04580152671755725,0.33695652173913043,0.064697265625
f4_cond_strat_ldhn,global_target,2282_0.93_1.05.png,0.49714240431785583,1177,88,0.0637213254035684,0.19318181818181818,0.086181640625
f4_cond_strat_ldhn,global_target,2283_0.58_1.18.png,0.49714240431785583,1073,158,0.047530288909599254,0.5949367088607594,0.102783203125
f4_cond_strat_ldhn,global_target,228_0.81_0.73.png,0.49714240431785583,906,312,0.17328918322295805,0.5608974358974359,0.248046875
f4_cond_strat_ldhn,global_target,2290_0.92_1.28.png,0.49714240431785583,197,11,0.25888324873096447,0.9090909090909091,0.1162109375
f4_cond_strat_ldhn,global_target,2292_0.82_1.71.png,0.49714240431785583,181,10,0.36464088397790057,0.9,0.2041015625
f4_cond_strat_ldhn,global_target,2294_1.0_1.16.png,0.49714240431785583,222,56,0.25225225225225223,0.7857142857142857,0.232421875
f4_cond_strat_ldhn,global_target,2298_0.55_1.86.png,0.49714240431785583,773,335,0.23027166882276842,0.5970149253731343,0.3388671875
f4_cond_strat_ldhn,global_target,229_0.93_1.79.png,0.49714240431785583,2,228,1.0,0.9956140350877193,0.215087890625
f4_cond_strat_ldhn,global_target,2305_0.57_1.54.png,0.49714240431785583,636,851,0.22327044025157233,0.8049353701527615,0.46435546875
f4_cond_strat_ldhn,global_target,2307_0.75_1.96.png,0.49714240431785583,258,392,0.437984496124031,0.6887755102040817,0.512451171875
f4_cond_strat_ldhn,global_target,2310_0.9_1.71.png,0.49714240431785583,255,998,0.49411764705882355,0.8857715430861723,0.409423828125
f4_cond_strat_ldhn,global_target,2317_0.62_1.27.png,0.49714240431785583,484,618,0.7231404958677686,0.7556634304207119,0.58056640625
f4_cond_strat_ldhn,global_target,2319_0.9_0.55.png,0.49714240431785583,961,464,0.22164412070759626,0.8103448275862069,0.263671875
f4_cond_strat_ldhn,global_target,2325_0.93_1.76.png,0.49714240431785583,744,468,0.36693548387096775,0.45085470085470086,0.29833984375
f4_cond_strat_ldhn,global_target,2334_0.56_0.79.png,0.49714240431785583,1170,595,0.7786324786324786,0.7663865546218488,0.74365234375
f4_cond_strat_ldhn,global_target,2338_0.62_1.42.png,0.49714240431785583,40,373,0.2,0.8632707774798928,0.35986328125
f4_cond_strat_ldhn,global_target,2345_0.9_0.78.png,0.49714240431785583,959,99,0.47236704900938475,0.7777777777777778,0.293701171875
f4_cond_strat_ldhn,global_target,2365_0.53_0.5.png,0.49714240431785583,1675,450,0.1408955223880597,0.44,0.208984375
f4_cond_strat_ldhn,global_target,236_0.67_1.6.png,0.49714240431785583,13,48,0.8461538461538461,0.9166666666666666,0.272705078125
f4_cond_strat_ldhn,global_target,2379_0.79_1.37.png,0.49714240431785583,937,90,0.05336179295624333,0.5777777777777777,0.05419921875
f4_cond_strat_ldhn,global_target,2382_0.63_0.9.png,0.49714240431785583,1474,101,0.025780189959294438,0.44554455445544555,0.054443359375
f4_cond_strat_ldhn,global_target,2386_0.97_1.08.png,0.49714240431785583,582,292,0.36254295532646047,0.4452054794520548,0.2255859375
f4_cond_strat_ldhn,global_target,238_0.87_1.74.png,0.49714240431785583,14,838,1.0,0.9916467780429594,0.368896484375
f4_cond_strat_ldhn,global_target,2395_0.78_1.43.png,0.49714240431785583,511,125,0.1350293542074364,0.52,0.09033203125
f4_cond_strat_ldhn,global_target,23_0.83_1.63.png,0.49714240431785583,0,133,nan,0.556390977443609,0.091552734375
f4_cond_strat_ldhn,global_target,2402_0.8_0.8.png,0.49714240431785583,1868,721,0.09635974304068523,0.20110957004160887,0.14404296875
f4_cond_strat_ldhn,global_target,2408_0.55_1.94.png,0.49714240431785583,1233,278,0.34387672343876724,0.7158273381294964,0.394775390625
f4_cond_strat_ldhn,global_target,2409_0.55_1.95.png,0.49714240431785583,486,75,0.17901234567901234,0.5866666666666667,0.268798828125
f4_cond_strat_ldhn,global_target,2410_0.57_1.09.png,0.49714240431785583,985,188,0.08121827411167512,0.7340425531914894,0.20751953125
f4_cond_strat_ldhn,global_target,2411_0.81_0.52.png,0.49714240431785583,1891,167,0.08196721311475409,0.562874251497006,0.193115234375
f4_cond_strat_ldhn,global_target,2415_0.55_1.63.png,0.49714240431785583,170,447,0.8529411764705882,0.8322147651006712,0.44482421875
f4_cond_strat_ldhn,global_target,2420_0.95_0.63.png,0.49714240431785583,746,309,0.19571045576407506,0.6763754045307443,0.164794921875
f4_cond_strat_ldhn,global_target,2432_0.94_1.56.png,0.49714240431785583,1094,129,0.19378427787934185,0.6434108527131783,0.30908203125
f4_cond_strat_ldhn,global_target,2437_0.64_0.7.png,0.49714240431785583,2449,134,0.19109840751327073,0.6865671641791045,0.181396484375
f4_cond_strat_ldhn,global_target,2441_0.74_1.28.png,0.49714240431785583,514,716,0.6089494163424124,0.7835195530726257,0.589599609375
f4_cond_strat_ldhn,global_target,2450_0.51_0.64.png,0.49714240431785583,1036,65,0.023166023166023165,0.36923076923076925,0.05810546875
f4_cond_strat_ldhn,global_target,2453_0.54_1.83.png,0.49714240431785583,47,344,0.0425531914893617,0.36046511627906974,0.304443359375
f4_cond_strat_ldhn,global_target,2454_0.81_1.92.png,0.49714240431785583,57,188,0.15789473684210525,0.5531914893617021,0.327880859375
f4_cond_strat_ldhn,global_target,2458_0.78_1.02.png,0.49714240431785583,903,177,0.21262458471760798,0.6214689265536724,0.19580078125
f4_cond_strat_ldhn,global_target,2463_0.85_1.05.png,0.49714240431785583,1213,110,0.16075845012366036,0.6181818181818182,0.274658203125
f4_cond_strat_ldhn,global_target,2467_0.62_0.72.png,0.49714240431785583,1636,51,0.0012224938875305623,0.39215686274509803,0.029541015625
f4_cond_strat_ldhn,global_target,2474_0.91_0.84.png,0.49714240431785583,1572,288,0.11513994910941476,0.5243055555555556,0.1689453125
f4_cond_strat_ldhn,global_target,2475_0.92_1.34.png,0.49714240431785583,920,314,0.05217391304347826,0.43630573248407645,0.176513671875
f4_cond_strat_ldhn,global_target,2476_0.67_0.56.png,0.49714240431785583,3030,218,0.2504950495049505,0.40825688073394495,0.264892578125
f4_cond_strat_ldhn,global_target,2483_0.82_1.17.png,0.49714240431785583,242,605,0.32644628099173556,0.4462809917355372,0.28515625
f4_cond_strat_ldhn,global_target,2490_0.71_1.73.png,0.49714240431785583,75,127,0.44,0.8818897637795275,0.53662109375
f4_cond_strat_ldhn,global_target,2491_0.94_1.9.png,0.49714240431785583,78,134,0.19230769230769232,0.6417910447761194,0.619384765625
f4_cond_strat_ldhn,global_target,2496_0.61_0.78.png,0.49714240431785583,908,431,0.3964757709251101,0.8097447795823666,0.349853515625
f4_cond_strat_ldhn,global_target,2498_0.54_1.1.png,0.49714240431785583,699,302,0.4492131616595136,0.7880794701986755,0.30810546875
f4_cond_strat_ldhn,global_target,249_0.65_1.99.png,0.49714240431785583,4,11,0.0,0.9090909090909091,0.19140625
f4_cond_strat_ldhn,global_target,24_0.53_1.21.png,0.49714240431785583,1,241,0.0,0.35684647302904565,0.066162109375
f4_cond_strat_ldhn,global_target,2517_0.94_1.24.png,0.49714240431785583,920,236,0.3217391304347826,0.559322033898305,0.276611328125
f4_cond_strat_ldhn,global_target,2522_0.78_1.79.png,0.49714240431785583,577,733,0.45753899480069327,0.8472032742155525,0.521484375
f4_cond_strat_ldhn,global_target,2525_0.79_1.85.png,0.49714240431785583,572,1241,0.9965034965034965,0.9991941982272361,0.953857421875
f4_cond_strat_ldhn,global_target,252_0.98_1.73.png,0.49714240431785583,26,14,0.5769230769230769,0.9285714285714286,0.1796875
f4_cond_strat_ldhn,global_target,2542_0.7_1.52.png,0.49714240431785583,398,52,0.11055276381909548,0.7307692307692307,0.0693359375
f4_cond_strat_ldhn,global_target,2550_0.85_1.96.png,0.49714240431785583,544,237,0.13602941176470587,0.6919831223628692,0.2509765625
f4_cond_strat_ldhn,global_target,2556_0.89_1.72.png,0.49714240431785583,1151,177,0.12250217202432667,0.9096045197740112,0.19287109375
f4_cond_strat_ldhn,global_target,2559_0.81_1.96.png,0.49714240431785583,147,593,0.2925170068027211,0.851602023608769,0.3017578125
f4_cond_strat_ldhn,global_target,2563_0.85_0.62.png,0.49714240431785583,2097,8,0.058178350023843584,0.375,0.066650390625
f4_cond_strat_ldhn,global_target,2567_0.52_1.05.png,0.49714240431785583,1167,141,0.044558697514995714,0.475177304964539,0.214111328125
f4_cond_strat_ldhn,global_target,2570_0.99_2.0.png,0.49714240431785583,236,39,0.24152542372881355,0.10256410256410256,0.081298828125
f4_cond_strat_ldhn,global_target,2572_0.54_1.3.png,0.49714240431785583,1094,163,0.09414990859232175,0.7484662576687117,0.14453125
f4_cond_strat_ldhn,global_target,2574_0.57_1.08.png,0.49714240431785583,1087,35,0.24287028518859247,0.8571428571428571,0.171142578125
f4_cond_strat_ldhn,global_target,2581_0.79_1.95.png,0.49714240431785583,72,461,0.125,0.8828633405639913,0.389404296875
f4_cond_strat_ldhn,global_target,2589_0.62_1.28.png,0.49714240431785583,683,75,0.2913616398243045,0.25333333333333335,0.214599609375
f4_cond_strat_ldhn,global_target,2591_0.78_1.58.png,0.49714240431785583,449,58,0.11358574610244988,0.46551724137931033,0.256591796875
f4_cond_strat_ldhn,global_target,2596_0.54_1.72.png,0.49714240431785583,1276,198,0.3463949843260188,0.2727272727272727,0.322998046875
f4_cond_strat_ldhn,global_target,259_0.87_0.76.png,0.49714240431785583,523,601,0.06118546845124283,0.6672212978369384,0.257080078125
f4_cond_strat_ldhn,global_target,25_0.59_1.43.png,0.49714240431785583,476,800,0.9012605042016807,0.9825,0.5576171875
f4_cond_strat_ldhn,global_target,2608_0.68_1.54.png,0.49714240431785583,37,292,0.4594594594594595,0.9006849315068494,0.224365234375
f4_cond_strat_ldhn,global_target,2612_0.52_1.14.png,0.49714240431785583,480,196,0.04375,0.5051020408163265,0.165771484375
f4_cond_strat_ldhn,global_target,2614_0.55_0.63.png,0.49714240431785583,1230,177,0.08943089430894309,0.576271186440678,0.182373046875
f4_cond_strat_ldhn,global_target,261_0.54_0.73.png,0.49714240431785583,333,1764,1.0,0.5351473922902494,0.738525390625
f4_cond_strat_ldhn,global_target,2625_0.88_1.86.png,0.49714240431785583,470,67,0.17872340425531916,0.5970149253731343,0.32275390625
f4_cond_strat_ldhn,global_target,2626_0.88_1.19.png,0.49714240431785583,915,99,0.12240437158469945,0.41414141414141414,0.136474609375
f4_cond_strat_ldhn,global_target,2628_0.86_1.01.png,0.49714240431785583,1230,164,0.12276422764227642,0.3780487804878049,0.125244140625
f4_cond_strat_ldhn,global_target,2632_0.92_1.01.png,0.49714240431785583,367,70,0.25340599455040874,0.8,0.10791015625
f4_cond_strat_ldhn,global_target,2635_0.98_1.78.png,0.49714240431785583,733,330,0.18281036834924966,0.803030303030303,0.352783203125
f4_cond_strat_ldhn,global_target,2641_0.7_1.91.png,0.49714240431785583,505,347,0.596039603960396,0.7435158501440923,0.560546875
f4_cond_strat_ldhn,global_target,2646_0.82_1.47.png,0.49714240431785583,756,189,0.656084656084656,0.873015873015873,0.458251953125
f4_cond_strat_ldhn,global_target,2652_0.85_1.34.png,0.49714240431785583,1775,57,0.051830985915492955,0.9473684210526315,0.1416015625
f4_cond_strat_ldhn,global_target,2653_0.5_0.98.png,0.49714240431785583,2619,172,0.09507445589919816,0.45348837209302323,0.12646484375
f4_cond_strat_ldhn,global_target,2663_0.54_1.88.png,0.49714240431785583,82,142,0.36585365853658536,0.30985915492957744,0.148681640625
f4_cond_strat_ldhn,global_target,2665_0.85_1.17.png,0.49714240431785583,956,175,0.1997907949790795,0.8342857142857143,0.222900390625
f4_cond_strat_ldhn,global_target,2674_0.84_1.83.png,0.49714240431785583,913,97,0.2902519167579409,0.6597938144329897,0.30419921875
f4_cond_strat_ldhn,global_target,2680_0.94_1.89.png,0.49714240431785583,924,112,0.18398268398268397,0.375,0.358154296875
f4_cond_strat_ldhn,global_target,2682_0.96_1.39.png,0.49714240431785583,485,65,0.15463917525773196,0.4461538461538462,0.116455078125
f4_cond_strat_ldhn,global_target,2687_0.61_0.9.png,0.49714240431785583,766,117,0.21279373368146215,0.3076923076923077,0.15673828125
f4_cond_strat_ldhn,global_target,268_0.79_1.15.png,0.49714240431785583,95,366,0.4842105263157895,0.6994535519125683,0.283447265625
f4_cond_strat_ldhn,global_target,2693_0.69_0.91.png,0.49714240431785583,2586,27,0.008507347254447023,0.5555555555555556,0.03857421875
f4_cond_strat_ldhn,global_target,2696_0.77_1.3.png,0.49714240431785583,1740,165,0.022413793103448276,0.5212121212121212,0.080810546875
f4_cond_strat_ldhn,global_target,2700_0.59_1.66.png,0.49714240431785583,794,32,0.5,0.5625,0.253173828125
f4_cond_strat_ldhn,global_target,2703_0.77_1.67.png,0.49714240431785583,945,154,0.04338624338624339,0.4090909090909091,0.14111328125
f4_cond_strat_ldhn,global_target,2704_0.84_1.81.png,0.49714240431785583,786,196,0.04580152671755725,0.35714285714285715,0.16455078125
f4_cond_strat_ldhn,global_target,2705_0.68_1.36.png,0.49714240431785583,746,21,0.06970509383378017,0.47619047619047616,0.064453125
f4_cond_strat_ldhn,global_target,2707_0.61_1.6.png,0.49714240431785583,730,20,0.056164383561643834,0.55,0.067626953125
f4_cond_strat_ldhn,global_target,2708_0.72_1.57.png,0.49714240431785583,619,36,0.07754442649434572,0.3888888888888889,0.06787109375
f4_cond_strat_ldhn,global_target,2710_0.56_1.69.png,0.49714240431785583,8,213,0.0,0.5352112676056338,0.097412109375
f4_cond_strat_ldhn,global_target,2712_0.65_1.83.png,0.49714240431785583,16,159,0.0,0.6163522012578616,0.107666015625
f4_cond_strat_ldhn,global_target,2714_0.9_1.77.png,0.49714240431785583,225,51,0.12,0.6862745098039216,0.119140625
f4_cond_strat_ldhn,global_target,2739_0.95_1.39.png,0.49714240431785583,1532,136,0.11553524804177545,0.7867647058823529,0.205810546875
f4_cond_strat_ldhn,global_target,2744_0.6_1.82.png,0.49714240431785583,151,188,0.4370860927152318,0.4734042553191489,0.313232421875
f4_cond_strat_ldhn,global_target,2747_0.87_1.0.png,0.49714240431785583,1686,160,0.08481613285883749,0.5875,0.17724609375
f4_cond_strat_ldhn,global_target,2754_0.83_1.45.png,0.49714240431785583,338,281,0.28402366863905326,0.4483985765124555,0.2841796875
f4_cond_strat_ldhn,global_target,2759_0.52_1.32.png,0.49714240431785583,525,273,0.4857142857142857,0.4981684981684982,0.30224609375
f4_cond_strat_ldhn,global_target,2763_0.83_1.04.png,0.49714240431785583,1476,223,0.14227642276422764,0.32286995515695066,0.177734375
f4_cond_strat_ldhn,global_target,2767_0.69_0.71.png,0.49714240431785583,2066,346,0.45885769603097776,0.40173410404624277,0.4345703125
f4_cond_strat_ldhn,global_target,2769_0.81_1.94.png,0.49714240431785583,923,365,0.19501625135427952,0.6054794520547945,0.301025390625
f4_cond_strat_ldhn,global_target,2771_0.52_0.87.png,0.49714240431785583,2058,326,0.35422740524781343,0.43558282208588955,0.352783203125
f4_cond_strat_ldhn,global_target,2775_0.9_0.66.png,0.49714240431785583,627,69,0.03827751196172249,0.7536231884057971,0.13427734375
f4_cond_strat_ldhn,global_target,2779_0.73_0.56.png,0.49714240431785583,1557,482,0.2678227360308285,0.5062240663900415,0.272216796875
f4_cond_strat_ldhn,global_target,2783_0.78_1.9.png,0.49714240431785583,275,142,0.41454545454545455,0.8732394366197183,0.467041015625
f4_cond_strat_ldhn,global_target,2784_0.56_0.55.png,0.49714240431785583,2507,101,0.25488631830873554,0.5247524752475248,0.291015625
f4_cond_strat_ldhn,global_target,2786_0.88_1.47.png,0.49714240431785583,879,225,0.5392491467576792,0.7911111111111111,0.28857421875
f4_cond_strat_ldhn,global_target,2790_0.56_1.84.png,0.49714240431785583,778,76,0.02056555269922879,0.7368421052631579,0.069091796875
f4_cond_strat_ldhn,global_target,2791_0.51_1.66.png,0.49714240431785583,983,84,0.01017293997965412,0.7023809523809523,0.060302734375
f4_cond_strat_ldhn,global_target,2792_0.52_0.69.png,0.49714240431785583,1837,58,0.005988023952095809,0.5517241379310345,0.02685546875
f4_cond_strat_ldhn,global_target,2794_0.8_0.92.png,0.49714240431785583,274,61,0.27007299270072993,0.5737704918032787,0.143798828125
f4_cond_strat_ldhn,global_target,2800_0.75_0.87.png,0.49714240431785583,775,1040,0.5483870967741935,0.6798076923076923,0.546142578125
f4_cond_strat_ldhn,global_target,2807_0.78_0.64.png,0.49714240431785583,3344,55,0.13427033492822968,0.8181818181818182,0.19287109375
f4_cond_strat_ldhn,global_target,2809_0.86_1.19.png,0.49714240431785583,997,109,0.4112337011033099,0.8073394495412844,0.365234375
f4_cond_strat_ldhn,global_target,281_0.93_1.17.png,0.49714240431785583,0,82,nan,0.9878048780487805,0.116943359375
f4_cond_strat_ldhn,global_target,2820_0.87_0.91.png,0.49714240431785583,702,328,0.51994301994302,0.9512195121951219,0.37744140625
f4_cond_strat_ldhn,global_target,2827_0.92_0.93.png,0.49714240431785583,799,133,0.13016270337922403,0.9172932330827067,0.1591796875
f4_cond_strat_ldhn,global_target,2828_0.98_1.23.png,0.49714240431785583,352,213,0.1903409090909091,0.7136150234741784,0.152099609375
f4_cond_strat_ldhn,global_target,282_0.95_1.38.png,0.49714240431785583,0,62,nan,1.0,0.121826171875
f4_cond_strat_ldhn,global_target,283_0.71_1.63.png,0.49714240431785583,0,188,nan,1.0,0.209716796875
f4_cond_strat_ldhn,global_target,2843_0.7_0.5.png,0.49714240431785583,1975,296,0.051645569620253164,0.6148648648648649,0.123291015625
f4_cond_strat_ldhn,global_target,2844_0.58_0.74.png,0.49714240431785583,1972,202,0.056795131845841784,0.6485148514851485,0.171630859375
f4_cond_strat_ldhn,global_target,2845_0.61_0.81.png,0.49714240431785583,1540,138,0.22012987012987012,0.6666666666666666,0.24462890625
f4_cond_strat_ldhn,global_target,2862_0.91_1.23.png,0.49714240431785583,403,265,0.34739454094292804,0.6981132075471698,0.179931640625
f4_cond_strat_ldhn,global_target,2872_0.75_1.98.png,0.49714240431785583,55,63,0.05454545454545454,0.5396825396825397,0.180419921875
f4_cond_strat_ldhn,global_target,2877_0.98_1.2.png,0.49714240431785583,770,878,0.712987012987013,0.9225512528473804,0.566650390625
f4_cond_strat_ldhn,global_target,2884_0.65_1.22.png,0.49714240431785583,1275,316,0.4831372549019608,0.5126582278481012,0.35595703125
f4_cond_strat_ldhn,global_target,288_0.77_1.7.png,0.49714240431785583,34,965,0.8823529411764706,0.9647668393782384,0.333251953125
f4_cond_strat_ldhn,global_target,2896_0.84_0.74.png,0.49714240431785583,2006,177,0.4406779661016949,0.8248587570621468,0.520263671875
f4_cond_strat_ldhn,global_target,2899_0.92_1.08.png,0.49714240431785583,215,200,0.4790697674418605,0.855,0.2236328125
f4_cond_strat_ldhn,global_target,28_0.54_1.24.png,0.49714240431785583,295,1459,0.847457627118644,0.9019876627827279,0.647705078125
f4_cond_strat_ldhn,global_target,2901_0.59_1.0.png,0.49714240431785583,2152,224,0.9437732342007435,0.9241071428571429,0.891357421875
f4_cond_strat_ldhn,global_target,2905_0.99_0.96.png,0.49714240431785583,405,652,0.5876543209876544,0.7055214723926381,0.38818359375
f4_cond_strat_ldhn,global_target,2916_0.62_1.39.png,0.49714240431785583,430,395,0.17209302325581396,0.43291139240506327,0.1923828125
f4_cond_strat_ldhn,global_target,2918_0.6_1.92.png,0.49714240431785583,545,218,0.6752293577981652,0.7752293577981652,0.383544921875
f4_cond_strat_ldhn,global_target,2926_0.6_1.32.png,0.49714240431785583,54,3,0.8148148148148148,1.0,0.093505859375
f4_cond_strat_ldhn,global_target,2928_0.93_0.58.png,0.49714240431785583,183,16,0.24043715846994534,1.0,0.0546875
f4_cond_strat_ldhn,global_target,2941_0.7_1.3.png,0.49714240431785583,444,428,0.6779279279279279,0.7663551401869159,0.4931640625
f4_cond_strat_ldhn,global_target,2953_0.65_1.26.png,0.49714240431785583,1339,248,0.20089619118745333,0.45161290322580644,0.244140625
f4_cond_strat_ldhn,global_target,2955_0.54_1.51.png,0.49714240431785583,901,271,0.29633740288568255,0.26199261992619927,0.3291015625
f4_cond_strat_ldhn,global_target,2963_0.61_1.33.png,0.49714240431785583,1047,156,0.5549188156638013,0.8333333333333334,0.41650390625
f4_cond_strat_ldhn,global_target,2966_0.98_0.67.png,0.49714240431785583,803,421,0.2851805728518057,0.7197149643705463,0.2890625
f4_cond_strat_ldhn,global_target,2978_0.94_1.66.png,0.49714240431785583,37,17,0.32432432432432434,0.8823529411764706,0.23291015625
f4_cond_strat_ldhn,global_target,2991_0.88_1.4.png,0.49714240431785583,640,522,0.2296875,0.710727969348659,0.45703125
f4_cond_strat_ldhn,global_target,2994_0.81_0.58.png,0.49714240431785583,1788,230,0.11912751677852348,0.4826086956521739,0.21484375
f4_cond_strat_ldhn,global_target,2996_0.97_1.99.png,0.49714240431785583,430,87,0.15348837209302327,0.6666666666666666,0.431640625
f4_cond_strat_ldhn,global_target,299_0.79_0.75.png,0.49714240431785583,140,170,0.10714285714285714,0.9235294117647059,0.115966796875
f4_cond_strat_ldhn,global_target,300_0.72_1.88.png,0.49714240431785583,0,273,nan,0.945054945054945,0.1298828125
f4_cond_strat_ldhn,global_target,302_0.67_0.9.png,0.49714240431785583,294,272,0.7040816326530612,0.8161764705882353,0.328369140625
f4_cond_strat_ldhn,global_target,303_0.68_0.54.png,0.49714240431785583,484,388,0.5599173553719008,0.7654639175257731,0.310791015625
f4_cond_strat_ldhn,global_target,309_0.52_0.96.png,0.49714240431785583,56,205,0.0,0.848780487804878,0.114990234375
f4_cond_strat_ldhn,global_target,319_0.87_1.65.png,0.49714240431785583,13,1693,0.46153846153846156,0.8588304784406379,0.406005859375
f4_cond_strat_ldhn,global_target,325_0.68_1.71.png,0.49714240431785583,64,287,0.765625,0.8954703832752613,0.305419921875
f4_cond_strat_ldhn,global_target,326_0.56_0.94.png,0.49714240431785583,588,529,0.3979591836734694,0.665406427221172,0.3427734375
f4_cond_strat_ldhn,global_target,33_0.9_0.83.png,0.49714240431785583,302,544,0.6887417218543046,0.65625,0.31103515625
f4_cond_strat_ldhn,global_target,344_0.57_1.11.png,0.49714240431785583,8,271,0.875,0.8044280442804428,0.438720703125
f4_cond_strat_ldhn,global_target,349_0.53_1.37.png,0.49714240431785583,0,823,nan,0.9842041312272175,0.274169921875
f4_cond_strat_ldhn,global_target,34_0.67_1.92.png,0.49714240431785583,22,554,0.0,0.5126353790613718,0.13232421875
f4_cond_strat_ldhn,global_target,355_0.85_0.53.png,0.49714240431785583,114,461,0.20175438596491227,0.23210412147505424,0.09765625
f4_cond_strat_ldhn,global_target,356_0.65_0.6.png,0.49714240431785583,352,884,0.08238636363636363,0.2239819004524887,0.12841796875
f4_cond_strat_ldhn,global_target,361_0.83_0.87.png,0.49714240431785583,169,1068,0.2603550295857988,0.900749063670412,0.431396484375
f4_cond_strat_ldhn,global_target,363_0.77_0.88.png,0.49714240431785583,128,746,0.3671875,0.8646112600536193,0.4326171875
f4_cond_strat_ldhn,global_target,365_0.89_1.63.png,0.49714240431785583,3,176,0.6666666666666666,0.9318181818181818,0.2763671875
f4_cond_strat_ldhn,global_target,367_0.56_0.63.png,0.49714240431785583,1559,287,0.1988454137267479,0.3693379790940767,0.2158203125
f4_cond_strat_ldhn,global_target,377_0.97_1.14.png,0.49714240431785583,59,451,0.4576271186440678,0.5121951219512195,0.19287109375
f4_cond_strat_ldhn,global_target,382_0.85_0.82.png,0.49714240431785583,27,422,0.2962962962962963,0.8175355450236966,0.25439453125
f4_cond_strat_ldhn,global_target,383_0.87_0.78.png,0.49714240431785583,222,387,0.7657657657657657,0.8217054263565892,0.24951171875
f4_cond_strat_ldhn,global_target,386_0.91_1.27.png,0.49714240431785583,2,38,1.0,1.0,0.14892578125
f4_cond_strat_ldhn,global_target,400_0.99_1.08.png,0.49714240431785583,201,365,0.6467661691542289,0.9506849315068493,0.44140625
f4_cond_strat_ldhn,global_target,407_0.59_0.69.png,0.49714240431785583,97,29,0.07216494845360824,0.8275862068965517,0.106201171875
f4_cond_strat_ldhn,global_target,414_0.52_1.27.png,0.49714240431785583,151,596,0.6423841059602649,0.7315436241610739,0.549560546875
f4_cond_strat_ldhn,global_target,423_0.92_0.7.png,0.49714240431785583,110,360,0.7818181818181819,0.6638888888888889,0.200927734375
f4_cond_strat_ldhn,global_target,439_0.95_1.86.png,0.49714240431785583,25,11,0.0,0.2727272727272727,0.180908203125
f4_cond_strat_ldhn,global_target,440_0.72_1.73.png,0.49714240431785583,4,1,0.0,1.0,0.085205078125
f4_cond_strat_ldhn,global_target,446_0.72_1.25.png,0.49714240431785583,110,234,1.0,0.9829059829059829,0.62890625
f4_cond_strat_ldhn,global_target,449_0.79_1.15.png,0.49714240431785583,242,99,0.5,0.5454545454545454,0.272705078125
f4_cond_strat_ldhn,global_target,454_0.63_0.9.png,0.49714240431785583,945,740,0.18518518518518517,0.8797297297297297,0.44921875
f4_cond_strat_ldhn,global_target,455_0.55_1.99.png,0.49714240431785583,3,336,0.6666666666666666,0.8125,0.3828125
f4_cond_strat_ldhn,global_target,459_0.9_0.51.png,0.49714240431785583,470,759,0.3574468085106383,0.5586297760210803,0.299072265625
f4_cond_strat_ldhn,global_target,470_0.8_0.94.png,0.49714240431785583,129,977,0.5348837209302325,0.6704196519959058,0.48583984375
f4_cond_strat_ldhn,global_target,471_0.9_1.29.png,0.49714240431785583,42,306,0.8571428571428571,0.5620915032679739,0.405517578125
f4_cond_strat_ldhn,global_target,479_0.58_1.54.png,0.49714240431785583,836,176,1.0,0.7727272727272727,0.44384765625
f4_cond_strat_ldhn,global_target,483_0.88_1.16.png,0.49714240431785583,197,166,0.9695431472081218,0.5,0.309814453125
f4_cond_strat_ldhn,global_target,484_0.58_1.89.png,0.49714240431785583,102,188,1.0,0.973404255319149,0.37109375
f4_cond_strat_ldhn,global_target,490_0.83_1.67.png,0.49714240431785583,190,30,0.8157894736842105,1.0,0.076904296875
f4_cond_strat_ldhn,global_target,492_0.61_1.32.png,0.49714240431785583,209,79,0.8516746411483254,0.759493670886076,0.09375
f4_cond_strat_ldhn,global_target,4_0.84_1.98.png,0.49714240431785583,76,207,0.13157894736842105,0.2753623188405797,0.071533203125
f4_cond_strat_ldhn,global_target,507_0.74_1.31.png,0.49714240431785583,233,1496,1.0,0.9906417112299465,0.677734375
f4_cond_strat_ldhn,global_target,508_0.87_0.92.png,0.49714240431785583,219,918,0.8401826484018264,0.9640522875816994,0.591064453125
f4_cond_strat_ldhn,global_target,50_0.82_1.93.png,0.49714240431785583,23,644,0.6086956521739131,0.9083850931677019,0.404052734375
f4_cond_strat_ldhn,global_target,517_0.95_1.51.png,0.49714240431785583,4,256,0.5,0.6953125,0.1650390625
f4_cond_strat_ldhn,global_target,525_0.65_1.46.png,0.49714240431785583,135,227,0.6814814814814815,0.775330396475771,0.2509765625
f4_cond_strat_ldhn,global_target,531_0.55_1.19.png,0.49714240431785583,151,388,0.4304635761589404,0.7835051546391752,0.226318359375
f4_cond_strat_ldhn,global_target,533_0.96_1.51.png,0.49714240431785583,9,130,0.8888888888888888,0.7153846153846154,0.2392578125
f4_cond_strat_ldhn,global_target,535_0.78_1.25.png,0.49714240431785583,89,1099,0.898876404494382,0.935395814376706,0.48046875
f4_cond_strat_ldhn,global_target,540_0.92_1.97.png,0.49714240431785583,0,18,nan,1.0,0.06982421875
f4_cond_strat_ldhn,global_target,542_0.55_1.46.png,0.49714240431785583,14,188,0.42857142857142855,0.723404255319149,0.401611328125
f4_cond_strat_ldhn,global_target,547_0.79_1.67.png,0.49714240431785583,32,1308,0.46875,0.8501529051987767,0.640625
f4_cond_strat_ldhn,global_target,551_0.75_1.66.png,0.49714240431785583,28,1676,0.5714285714285714,0.4594272076372315,0.54931640625
f4_cond_strat_ldhn,global_target,556_0.86_1.79.png,0.49714240431785583,8,357,1.0,0.43137254901960786,0.425048828125
f4_cond_strat_ldhn,global_target,565_0.76_1.56.png,0.49714240431785583,47,830,1.0,0.9397590361445783,0.6962890625
f4_cond_strat_ldhn,global_target,574_0.65_1.38.png,0.49714240431785583,0,1434,nan,0.8556485355648535,0.368896484375
f4_cond_strat_ldhn,global_target,575_0.71_1.7.png,0.49714240431785583,0,961,nan,0.5254942767950052,0.212890625
f4_cond_strat_ldhn,global_target,576_0.84_1.69.png,0.49714240431785583,7,495,0.7142857142857143,0.11717171717171718,0.111572265625
f4_cond_strat_ldhn,global_target,581_0.54_1.36.png,0.49714240431785583,56,40,0.0,1.0,0.034912109375
f4_cond_strat_ldhn,global_target,585_0.6_0.89.png,0.49714240431785583,187,1128,0.8502673796791443,0.9441489361702128,0.4716796875
f4_cond_strat_ldhn,global_target,590_0.65_0.94.png,0.49714240431785583,467,1642,0.14989293361884368,0.34348355663824603,0.3603515625
f4_cond_strat_ldhn,global_target,593_0.64_0.82.png,0.49714240431785583,152,78,0.6052631578947368,0.8333333333333334,0.098388671875
f4_cond_strat_ldhn,global_target,595_0.78_1.11.png,0.49714240431785583,70,156,0.6571428571428571,0.6730769230769231,0.094482421875
f4_cond_strat_ldhn,global_target,596_0.55_0.89.png,0.49714240431785583,204,80,0.6225490196078431,0.8875,0.10009765625
f4_cond_strat_ldhn,global_target,59_0.59_1.43.png,0.49714240431785583,33,798,1.0,0.9849624060150376,0.489501953125
f4_cond_strat_ldhn,global_target,603_0.67_1.99.png,0.49714240431785583,0,3,nan,1.0,0.3095703125
f4_cond_strat_ldhn,global_target,605_0.58_0.77.png,0.49714240431785583,256,855,1.0,0.7859649122807018,0.47802734375
f4_cond_strat_ldhn,global_target,609_0.58_1.34.png,0.49714240431785583,101,339,0.8118811881188119,0.7197640117994101,0.40283203125
f4_cond_strat_ldhn,global_target,614_0.95_0.72.png,0.49714240431785583,141,319,0.07092198581560284,0.0438871473354232,0.075927734375
f4_cond_strat_ldhn,global_target,618_0.66_1.24.png,0.49714240431785583,72,280,0.3333333333333333,0.4357142857142857,0.097412109375
f4_cond_strat_ldhn,global_target,61_0.71_1.08.png,0.49714240431785583,164,522,0.8719512195121951,0.9444444444444444,0.364501953125
f4_cond_strat_ldhn,global_target,624_0.88_1.47.png,0.49714240431785583,39,133,0.8461538461538461,0.9473684210526315,0.33837890625
f4_cond_strat_ldhn,global_target,638_0.73_1.34.png,0.49714240431785583,95,997,0.37894736842105264,0.08324974924774323,0.14404296875
f4_cond_strat_ldhn,global_target,653_0.78_0.53.png,0.49714240431785583,39,79,0.1282051282051282,0.02531645569620253,0.021728515625
f4_cond_strat_ldhn,global_target,659_0.86_0.85.png,0.49714240431785583,47,1184,1.0,0.5506756756756757,0.26025390625
f4_cond_strat_ldhn,global_target,661_0.6_1.84.png,0.49714240431785583,1,367,1.0,0.7656675749318801,0.400390625
f4_cond_strat_ldhn,global_target,663_0.87_1.75.png,0.49714240431785583,0,216,nan,0.9768518518518519,0.356201171875
f4_cond_strat_ldhn,global_target,674_0.93_0.72.png,0.49714240431785583,827,200,0.26844014510278114,0.925,0.34326171875
f4_cond_strat_ldhn,global_target,676_0.53_1.48.png,0.49714240431785583,65,206,1.0,0.9854368932038835,0.383544921875
f4_cond_strat_ldhn,global_target,681_0.66_0.67.png,0.49714240431785583,265,617,0.769811320754717,0.7423014586709886,0.5771484375
f4_cond_strat_ldhn,global_target,683_0.9_1.98.png,0.49714240431785583,110,399,1.0,0.9974937343358395,0.41845703125
f4_cond_strat_ldhn,global_target,686_0.62_0.82.png,0.49714240431785583,115,911,0.48695652173913045,0.3062568605927552,0.26025390625
f4_cond_strat_ldhn,global_target,687_0.89_1.42.png,0.49714240431785583,104,870,0.6634615384615384,0.8931034482758621,0.419677734375
f4_cond_strat_ldhn,global_target,68_0.75_1.58.png,0.49714240431785583,31,233,0.2903225806451613,0.6738197424892703,0.080810546875
f4_cond_strat_ldhn,global_target,692_0.69_1.32.png,0.49714240431785583,16,1834,1.0,0.6537622682660851,0.527587890625
f4_cond_strat_ldhn,global_target,693_0.92_1.29.png,0.49714240431785583,0,273,nan,0.8351648351648352,0.213134765625
f4_cond_strat_ldhn,global_target,695_0.53_0.7.png,0.49714240431785583,404,583,0.9554455445544554,0.8576329331046312,0.65234375
f4_cond_strat_ldhn,global_target,69_0.76_0.64.png,0.49714240431785583,40,1273,0.2,0.819324430479183,0.390625
f4_cond_strat_ldhn,global_target,706_0.58_1.34.png,0.49714240431785583,8,1202,0.0,0.4259567387687188,0.158935546875
f4_cond_strat_ldhn,global_target,714_0.84_0.79.png,0.49714240431785583,675,192,0.48592592592592593,0.8541666666666666,0.203125
f4_cond_strat_ldhn,global_target,715_0.73_0.85.png,0.49714240431785583,444,184,0.24549549549549549,0.8695652173913043,0.129638671875
f4_cond_strat_ldhn,global_target,718_0.91_1.21.png,0.49714240431785583,28,148,0.5714285714285714,0.27702702702702703,0.19287109375
f4_cond_strat_ldhn,global_target,719_0.61_0.7.png,0.49714240431785583,134,668,0.11940298507462686,0.24550898203592814,0.201171875
f4_cond_strat_ldhn,global_target,720_0.62_1.27.png,0.49714240431785583,12,92,0.8333333333333334,0.6304347826086957,0.251953125
f4_cond_strat_ldhn,global_target,728_0.58_1.55.png,0.49714240431785583,101,144,0.9306930693069307,0.9791666666666666,0.505615234375
f4_cond_strat_ldhn,global_target,72_0.7_1.07.png,0.49714240431785583,25,204,1.0,0.7254901960784313,0.28271484375
f4_cond_strat_ldhn,global_target,731_0.85_1.53.png,0.49714240431785583,8,1079,1.0,0.9925857275254866,0.426025390625
f4_cond_strat_ldhn,global_target,735_0.5_1.46.png,0.49714240431785583,225,509,0.44,0.9430255402750491,0.245849609375
f4_cond_strat_ldhn,global_target,743_0.75_1.36.png,0.49714240431785583,9,33,1.0,1.0,0.310791015625
f4_cond_strat_ldhn,global_target,744_0.9_0.99.png,0.49714240431785583,6,51,1.0,1.0,0.04736328125
f4_cond_strat_ldhn,global_target,746_0.64_0.98.png,0.49714240431785583,328,282,0.7591463414634146,0.5921985815602837,0.1982421875
f4_cond_strat_ldhn,global_target,748_0.79_0.91.png,0.49714240431785583,107,526,0.514018691588785,0.42585551330798477,0.122802734375
f4_cond_strat_ldhn,global_target,751_0.7_1.66.png,0.49714240431785583,30,81,0.8,0.4074074074074074,0.105712890625
f4_cond_strat_ldhn,global_target,752_0.78_0.7.png,0.49714240431785583,43,367,0.2558139534883721,0.28610354223433243,0.126953125
f4_cond_strat_ldhn,global_target,755_0.86_0.67.png,0.49714240431785583,219,1191,0.3150684931506849,0.24853064651553317,0.2216796875
f4_cond_strat_ldhn,global_target,756_0.9_1.88.png,0.49714240431785583,3,323,0.0,0.7770897832817337,0.535888671875
f4_cond_strat_ldhn,global_target,778_0.99_1.06.png,0.49714240431785583,17,527,0.17647058823529413,0.5977229601518027,0.211669921875
f4_cond_strat_ldhn,global_target,781_0.51_1.6.png,0.49714240431785583,64,877,0.921875,0.7058152793614595,0.484375
f4_cond_strat_ldhn,global_target,785_0.71_1.08.png,0.49714240431785583,1329,115,0.9887133182844243,1.0,0.703125
f4_cond_strat_ldhn,global_target,787_0.88_0.71.png,0.49714240431785583,52,117,0.9038461538461539,0.9658119658119658,0.377197265625
f4_cond_strat_ldhn,global_target,791_0.89_1.37.png,0.49714240431785583,78,214,0.9358974358974359,0.822429906542056,0.561767578125
f4_cond_strat_ldhn,global_target,793_0.71_0.66.png,0.49714240431785583,749,366,0.30707610146862485,0.6010928961748634,0.220458984375
f4_cond_strat_ldhn,global_target,799_0.65_0.7.png,0.49714240431785583,1021,20,0.9373163565132223,0.75,0.3837890625
f4_cond_strat_ldhn,global_target,79_0.62_1.54.png,0.49714240431785583,9,710,1.0,0.7901408450704225,0.4931640625
f4_cond_strat_ldhn,global_target,7_0.89_0.6.png,0.49714240431785583,61,347,0.22950819672131148,0.6455331412103746,0.275634765625
f4_cond_strat_ldhn,global_target,805_0.75_1.2.png,0.49714240431785583,134,769,1.0,0.88296488946684,0.785888671875
f4_cond_strat_ldhn,global_target,80_0.99_1.95.png,0.49714240431785583,0,73,nan,1.0,0.20654296875
f4_cond_strat_ldhn,global_target,810_0.78_1.52.png,0.49714240431785583,70,1756,0.2714285714285714,0.8041002277904328,0.661376953125
f4_cond_strat_ldhn,global_target,812_0.59_0.82.png,0.49714240431785583,129,2311,0.751937984496124,0.8312418866291649,0.76904296875
f4_cond_strat_ldhn,global_target,814_0.63_1.29.png,0.49714240431785583,128,162,0.5,0.9753086419753086,0.44140625
f4_cond_strat_ldhn,global_target,819_0.5_1.85.png,0.49714240431785583,27,978,0.9259259259259259,0.6523517382413088,0.635498046875
f4_cond_strat_ldhn,global_target,826_0.81_1.2.png,0.49714240431785583,2,114,1.0,0.5964912280701754,0.337890625
f4_cond_strat_ldhn,global_target,83_0.64_1.88.png,0.49714240431785583,101,62,1.0,1.0,0.39013671875
f4_cond_strat_ldhn,global_target,844_0.99_1.22.png,0.49714240431785583,573,349,0.14136125654450263,0.828080229226361,0.15576171875
f4_cond_strat_ldhn,global_target,849_0.55_0.6.png,0.49714240431785583,1989,401,0.34338863750628457,0.9351620947630923,0.583251953125
f4_cond_strat_ldhn,global_target,85_1.0_1.41.png,0.49714240431785583,157,405,0.7834394904458599,0.9703703703703703,0.48486328125
f4_cond_strat_ldhn,global_target,860_0.73_1.11.png,0.49714240431785583,89,1177,1.0,0.9966015293118097,0.400634765625
f4_cond_strat_ldhn,global_target,862_0.69_1.5.png,0.49714240431785583,70,401,0.7857142857142857,0.8254364089775561,0.2294921875
f4_cond_strat_ldhn,global_target,872_0.51_0.78.png,0.49714240431785583,51,1430,1.0,0.7839160839160839,0.64306640625
f4_cond_strat_ldhn,global_target,875_0.87_1.74.png,0.49714240431785583,1,156,1.0,1.0,0.21435546875
f4_cond_strat_ldhn,global_target,881_0.6_1.13.png,0.49714240431785583,19,180,0.05263157894736842,0.4388888888888889,0.19384765625
f4_cond_strat_ldhn,global_target,882_0.95_1.36.png,0.49714240431785583,5,742,1.0,0.7654986522911051,0.310791015625
f4_cond_strat_ldhn,global_target,886_0.89_0.98.png,0.49714240431785583,132,1216,0.9621212121212122,0.9901315789473685,0.56396484375
f4_cond_strat_ldhn,global_target,88_0.98_1.99.png,0.49714240431785583,90,380,0.8444444444444444,0.9921052631578947,0.525634765625
f4_cond_strat_ldhn,global_target,899_0.93_1.74.png,0.49714240431785583,124,133,0.5725806451612904,0.9624060150375939,0.542236328125
f4_cond_strat_ldhn,global_target,900_0.91_0.72.png,0.49714240431785583,469,251,0.5373134328358209,0.549800796812749,0.31494140625
f4_cond_strat_ldhn,global_target,903_0.81_0.73.png,0.49714240431785583,339,257,0.9911504424778761,0.9961089494163424,0.375
f4_cond_strat_ldhn,global_target,921_0.67_1.07.png,0.49714240431785583,22,450,0.8636363636363636,0.8933333333333333,0.373291015625
f4_cond_strat_ldhn,global_target,922_0.74_0.99.png,0.49714240431785583,37,299,0.918918918918919,0.7759197324414716,0.3154296875
f4_cond_strat_ldhn,global_target,923_0.59_1.48.png,0.49714240431785583,7,437,1.0,0.7505720823798627,0.3515625
f4_cond_strat_ldhn,global_target,928_0.52_1.15.png,0.49714240431785583,277,701,0.8880866425992779,0.8887303851640513,0.412353515625
f4_cond_strat_ldhn,global_target,92_0.7_0.93.png,0.49714240431785583,84,114,0.4880952380952381,0.06140350877192982,0.1376953125
f4_cond_strat_ldhn,global_target,940_0.91_1.03.png,0.49714240431785583,287,58,0.013937282229965157,0.9482758620689655,0.0419921875
f4_cond_strat_ldhn,global_target,944_0.59_1.51.png,0.49714240431785583,1034,5,0.05415860735009671,0.6,0.0625
f4_cond_strat_ldhn,global_target,94_0.62_1.46.png,0.49714240431785583,0,423,nan,0.7706855791962175,0.3388671875
f4_cond_strat_ldhn,global_target,952_0.74_0.72.png,0.49714240431785583,738,1634,0.7588075880758808,0.6909424724602203,0.677001953125
f4_cond_strat_ldhn,global_target,953_0.95_0.84.png,0.49714240431785583,87,1,0.28735632183908044,0.0,0.023193359375
f4_cond_strat_ldhn,global_target,955_0.94_0.9.png,0.49714240431785583,75,2,0.26666666666666666,0.0,0.0234375
f4_cond_strat_ldhn,global_target,956_0.55_1.4.png,0.49714240431785583,93,1085,0.967741935483871,0.992626728110599,0.4658203125
f4_cond_strat_ldhn,global_target,95_0.85_1.33.png,0.49714240431785583,189,42,0.3862433862433862,0.9047619047619048,0.2529296875
f4_cond_strat_ldhn,global_target,965_0.67_1.91.png,0.49714240431785583,11,55,1.0,1.0,0.210693359375
f4_cond_strat_ldhn,global_target,975_0.8_1.05.png,0.49714240431785583,31,521,0.967741935483871,0.9923224568138196,0.291259765625
f4_cond_strat_ldhn,global_target,979_0.96_0.5.png,0.49714240431785583,351,740,0.06267806267806268,0.6702702702702703,0.20361328125
f4_cond_strat_ldhn,global_target,984_0.67_1.7.png,0.49714240431785583,18,60,0.9444444444444444,0.8833333333333333,0.227294921875
f4_cond_strat_ldhn,global_target,985_0.85_0.52.png,0.49714240431785583,473,550,0.012684989429175475,0.8709090909090909,0.14501953125
f4_cond_strat_ldhn,global_target,987_0.56_1.81.png,0.49714240431785583,22,495,1.0,0.9515151515151515,0.17431640625
f4_cond_strat_ldhn,global_target,98_0.97_1.56.png,0.49714240431785583,68,187,1.0,0.893048128342246,0.28759765625
f4_cond_strat_ldhn,global_target,993_0.96_1.77.png,0.49714240431785583,32,198,1.0,0.8232323232323232,0.09912109375
f4_cond_strat_ldhn,global_target,996_0.93_0.78.png,0.49714240431785583,368,427,0.11684782608695653,0.9718969555035128,0.178466796875
f4_cond_strat_ldhn,global_target,999_0.77_1.81.png,0.49714240431785583,0,173,nan,1.0,0.26513671875
f4_cond_strat_ldhn,global_target,99_0.79_1.39.png,0.49714240431785583,21,437,0.9523809523809523,0.9290617848970252,0.44677734375
f4_cond_strat_ldhn,global_target,9_0.71_0.66.png,0.49714240431785583,204,6,0.1715686274509804,0.3333333333333333,0.1298828125
f4_excess_strat_ldhn,global_target,1002_0.73_1.47.png,0.4967157542705536,47,1233,0.9787234042553191,0.959448499594485,0.41357421875
f4_excess_strat_ldhn,global_target,1007_0.68_1.25.png,0.4967157542705536,17,259,0.17647058823529413,0.4362934362934363,0.41357421875
f4_excess_strat_ldhn,global_target,1012_0.85_1.28.png,0.4967157542705536,0,61,nan,0.6721311475409836,0.32763671875
f4_excess_strat_ldhn,global_target,1016_0.8_1.72.png,0.4967157542705536,62,72,0.1774193548387097,0.5416666666666666,0.24560546875
f4_excess_strat_ldhn,global_target,1022_0.66_1.05.png,0.4967157542705536,636,487,0.6808176100628931,0.7638603696098563,0.448974609375
f4_excess_strat_ldhn,global_target,1023_0.5_1.87.png,0.4967157542705536,230,275,0.9869565217391304,0.9163636363636364,0.51171875
f4_excess_strat_ldhn,global_target,1029_0.71_0.56.png,0.4967157542705536,583,614,0.07204116638078903,0.50814332247557,0.11376953125
f4_excess_strat_ldhn,global_target,103_0.75_1.59.png,0.4967157542705536,0,786,nan,0.916030534351145,0.232666015625
f4_excess_strat_ldhn,global_target,1042_0.91_0.56.png,0.4967157542705536,131,338,0.648854961832061,0.4911242603550296,0.188232421875
f4_excess_strat_ldhn,global_target,1045_0.58_1.58.png,0.4967157542705536,2,456,1.0,0.9627192982456141,0.378173828125
f4_excess_strat_ldhn,global_target,1060_0.94_1.09.png,0.4967157542705536,1087,0,0.031278748850046,nan,0.12548828125
f4_excess_strat_ldhn,global_target,1064_0.54_0.97.png,0.4967157542705536,84,234,0.3333333333333333,0.5598290598290598,0.130126953125
f4_excess_strat_ldhn,global_target,1072_0.58_0.58.png,0.4967157542705536,690,96,0.19420289855072465,0.3229166666666667,0.08154296875
f4_excess_strat_ldhn,global_target,1073_0.51_0.98.png,0.4967157542705536,573,743,0.6404886561954625,0.9811574697173621,0.516357421875
f4_excess_strat_ldhn,global_target,1075_0.76_1.99.png,0.4967157542705536,16,439,1.0,0.9863325740318907,0.44921875
f4_excess_strat_ldhn,global_target,1080_0.59_1.22.png,0.4967157542705536,32,373,0.71875,0.7050938337801609,0.2529296875
f4_excess_strat_ldhn,global_target,1083_0.67_0.81.png,0.4967157542705536,367,35,0.9945504087193461,0.37142857142857144,0.45068359375
f4_excess_strat_ldhn,global_target,1090_0.54_0.58.png,0.4967157542705536,272,227,0.19117647058823528,0.7048458149779736,0.140869140625
f4_excess_strat_ldhn,global_target,1096_0.72_0.86.png,0.4967157542705536,308,803,0.9577922077922078,0.7858032378580324,0.4453125
f4_excess_strat_ldhn,global_target,1098_0.8_0.51.png,0.4967157542705536,691,835,0.0361794500723589,0.6502994011976048,0.2431640625
f4_excess_strat_ldhn,global_target,1099_0.54_1.76.png,0.4967157542705536,277,1468,0.44765342960288806,0.7098092643051771,0.5625
f4_excess_strat_ldhn,global_target,1102_0.65_0.94.png,0.4967157542705536,140,325,0.9071428571428571,0.9815384615384616,0.437255859375
f4_excess_strat_ldhn,global_target,110_0.55_1.08.png,0.4967157542705536,0,106,nan,0.7547169811320755,0.09375
f4_excess_strat_ldhn,global_target,1113_0.9_0.52.png,0.4967157542705536,151,638,0.013245033112582781,0.6880877742946708,0.21728515625
f4_excess_strat_ldhn,global_target,1122_0.94_0.53.png,0.4967157542705536,435,213,0.1724137931034483,0.30985915492957744,0.16455078125
f4_excess_strat_ldhn,global_target,1124_0.74_1.17.png,0.4967157542705536,168,255,0.6130952380952381,0.6196078431372549,0.5078125
f4_excess_strat_ldhn,global_target,1134_0.69_1.2.png,0.4967157542705536,1,541,0.0,0.4676524953789279,0.1748046875
f4_excess_strat_ldhn,global_target,1140_0.67_1.42.png,0.4967157542705536,131,1265,1.0,0.9881422924901185,0.84033203125
f4_excess_strat_ldhn,global_target,1143_0.73_1.33.png,0.4967157542705536,20,13,0.0,0.07692307692307693,0.048583984375
f4_excess_strat_ldhn,global_target,1145_0.9_1.2.png,0.4967157542705536,190,483,0.7210526315789474,0.9192546583850931,0.316162109375
f4_excess_strat_ldhn,global_target,1146_0.89_0.87.png,0.4967157542705536,344,591,0.6656976744186046,0.922165820642978,0.351318359375
f4_excess_strat_ldhn,global_target,114_0.75_1.45.png,0.4967157542705536,2,236,0.0,0.8813559322033898,0.17041015625
f4_excess_strat_ldhn,global_target,1150_0.8_1.27.png,0.4967157542705536,0,163,nan,0.6748466257668712,0.201904296875
f4_excess_strat_ldhn,global_target,1155_0.63_1.27.png,0.4967157542705536,676,508,0.8224852071005917,0.7145669291338582,0.66015625
f4_excess_strat_ldhn,global_target,1162_0.65_1.7.png,0.4967157542705536,0,12,nan,1.0,0.262451171875
f4_excess_strat_ldhn,global_target,1164_0.79_1.96.png,0.4967157542705536,0,10,nan,1.0,0.12890625
f4_excess_strat_ldhn,global_target,1168_0.56_0.69.png,0.4967157542705536,567,1196,0.6455026455026455,0.8787625418060201,0.7041015625
f4_excess_strat_ldhn,global_target,116_0.64_1.08.png,0.4967157542705536,308,498,0.9415584415584416,0.929718875502008,0.473388671875
f4_excess_strat_ldhn,global_target,1170_0.71_1.78.png,0.4967157542705536,283,119,0.0,0.25210084033613445,0.094970703125
f4_excess_strat_ldhn,global_target,1179_0.56_1.96.png,0.4967157542705536,49,721,1.0,0.9805825242718447,0.82080078125
f4_excess_strat_ldhn,global_target,1187_0.82_1.57.png,0.4967157542705536,0,785,nan,0.9668789808917198,0.5283203125
f4_excess_strat_ldhn,global_target,119_0.6_1.7.png,0.4967157542705536,23,424,1.0,0.9599056603773585,0.216552734375
f4_excess_strat_ldhn,global_target,1200_0.97_0.52.png,0.4967157542705536,135,226,0.11851851851851852,0.46017699115044247,0.0751953125
f4_excess_strat_ldhn,global_target,1205_0.78_1.01.png,0.4967157542705536,0,42,nan,0.7380952380952381,0.217529296875
f4_excess_strat_ldhn,global_target,1208_0.63_0.83.png,0.4967157542705536,85,77,0.047058823529411764,0.4935064935064935,0.189697265625
f4_excess_strat_ldhn,global_target,1211_0.88_1.93.png,0.4967157542705536,0,63,nan,1.0,0.593505859375
f4_excess_strat_ldhn,global_target,1231_0.98_1.26.png,0.4967157542705536,188,488,0.22872340425531915,0.5799180327868853,0.188232421875
f4_excess_strat_ldhn,global_target,123_0.94_1.22.png,0.4967157542705536,22,71,0.7727272727272727,0.6619718309859155,0.2353515625
f4_excess_strat_ldhn,global_target,1240_0.64_0.5.png,0.4967157542705536,755,748,0.3390728476821192,0.6684491978609626,0.439697265625
f4_excess_strat_ldhn,global_target,1246_0.62_2.0.png,0.4967157542705536,33,351,0.6666666666666666,0.8575498575498576,0.4169921875
f4_excess_strat_ldhn,global_target,1250_0.57_0.61.png,0.4967157542705536,14,1385,0.0,0.699638989169675,0.65478515625
f4_excess_strat_ldhn,global_target,1254_0.97_1.31.png,0.4967157542705536,3,19,0.0,0.0,0.044921875
f4_excess_strat_ldhn,global_target,1263_0.9_1.41.png,0.4967157542705536,258,50,0.03488372093023256,0.94,0.0869140625
f4_excess_strat_ldhn,global_target,1266_0.96_1.34.png,0.4967157542705536,16,60,0.5,0.8,0.283203125
f4_excess_strat_ldhn,global_target,126_0.75_1.47.png,0.4967157542705536,135,595,0.007407407407407408,0.36134453781512604,0.197998046875
f4_excess_strat_ldhn,global_target,1271_0.65_1.66.png,0.4967157542705536,167,306,1.0,1.0,0.645263671875
f4_excess_strat_ldhn,global_target,1281_0.89_0.85.png,0.4967157542705536,396,271,0.5732323232323232,0.7527675276752768,0.5146484375
f4_excess_strat_ldhn,global_target,1282_0.62_0.6.png,0.4967157542705536,567,2524,0.7407407407407407,0.8736133122028527,0.790771484375
f4_excess_strat_ldhn,global_target,1292_0.66_1.45.png,0.4967157542705536,118,693,0.4322033898305085,0.9927849927849928,0.77685546875
f4_excess_strat_ldhn,global_target,1297_0.99_0.69.png,0.4967157542705536,642,9,0.0,0.0,0.001708984375
f4_excess_strat_ldhn,global_target,129_0.95_1.3.png,0.4967157542705536,62,43,0.08064516129032258,0.8604651162790697,0.16162109375
f4_excess_strat_ldhn,global_target,1305_1.0_1.54.png,0.4967157542705536,18,72,0.8333333333333334,1.0,0.11767578125
f4_excess_strat_ldhn,global_target,1306_0.6_0.6.png,0.4967157542705536,611,242,0.3142389525368249,0.49586776859504134,0.46240234375
f4_excess_strat_ldhn,global_target,1308_0.84_1.04.png,0.4967157542705536,113,1301,0.2743362831858407,0.9554189085318986,0.348876953125
f4_excess_strat_ldhn,global_target,1322_0.64_1.06.png,0.4967157542705536,388,136,0.3118556701030928,0.9044117647058824,0.31787109375
f4_excess_strat_ldhn,global_target,1323_0.89_0.88.png,0.4967157542705536,236,707,0.22033898305084745,0.9618104667609618,0.314208984375
f4_excess_strat_ldhn,global_target,1324_0.55_1.43.png,0.4967157542705536,390,64,0.6615384615384615,0.859375,0.3720703125
f4_excess_strat_ldhn,global_target,1326_0.77_0.97.png,0.4967157542705536,48,948,1.0,0.9968354430379747,0.327392578125
f4_excess_strat_ldhn,global_target,1341_0.94_0.51.png,0.4967157542705536,224,312,0.044642857142857144,0.15705128205128205,0.063720703125
f4_excess_strat_ldhn,global_target,1347_0.75_1.79.png,0.4967157542705536,32,56,0.625,0.9821428571428571,0.801513671875
f4_excess_strat_ldhn,global_target,136_0.6_1.01.png,0.4967157542705536,278,770,0.7302158273381295,0.7077922077922078,0.304443359375
f4_excess_strat_ldhn,global_target,1376_0.65_1.6.png,0.4967157542705536,2,40,0.0,0.8,0.119140625
f4_excess_strat_ldhn,global_target,1377_0.5_0.79.png,0.4967157542705536,409,1993,0.254278728606357,0.8971399899648771,0.652099609375
f4_excess_strat_ldhn,global_target,1380_0.67_1.78.png,0.4967157542705536,29,1733,1.0,0.9942296595499135,0.576416015625
f4_excess_strat_ldhn,global_target,1386_0.99_1.78.png,0.4967157542705536,2,52,0.0,0.4807692307692308,0.3525390625
f4_excess_strat_ldhn,global_target,1397_0.94_0.79.png,0.4967157542705536,370,119,0.1972972972972973,0.3025210084033613,0.202392578125
f4_excess_strat_ldhn,global_target,139_0.87_1.52.png,0.4967157542705536,53,803,0.8867924528301887,0.9327521793275217,0.3681640625
f4_excess_strat_ldhn,global_target,1403_0.73_1.26.png,0.4967157542705536,0,14,nan,0.9285714285714286,0.24658203125
f4_excess_strat_ldhn,global_target,1407_0.6_1.92.png,0.4967157542705536,0,401,nan,0.9775561097256857,0.491455078125
f4_excess_strat_ldhn,global_target,1410_0.76_1.08.png,0.4967157542705536,1045,623,0.9779904306220095,0.7752808988764045,0.547607421875
f4_excess_strat_ldhn,global_target,141_0.71_1.48.png,0.4967157542705536,34,456,1.0,0.9407894736842105,0.650634765625
f4_excess_strat_ldhn,global_target,1425_0.84_1.75.png,0.4967157542705536,0,780,nan,0.7217948717948718,0.435791015625
f4_excess_strat_ldhn,global_target,1432_0.91_1.29.png,0.4967157542705536,536,296,0.20708955223880596,0.7736486486486487,0.282470703125
f4_excess_strat_ldhn,global_target,1433_0.9_1.85.png,0.4967157542705536,7,76,0.42857142857142855,0.5263157894736842,0.28076171875
f4_excess_strat_ldhn,global_target,1435_0.87_0.57.png,0.4967157542705536,516,43,0.029069767441860465,0.6511627906976745,0.107421875
f4_excess_strat_ldhn,global_target,1436_0.66_1.76.png,0.4967157542705536,0,69,nan,0.0,0.3388671875
f4_excess_strat_ldhn,global_target,1440_0.65_1.26.png,0.4967157542705536,52,431,0.6153846153846154,0.46403712296983757,0.43359375
f4_excess_strat_ldhn,global_target,1442_0.62_0.81.png,0.4967157542705536,49,608,0.8979591836734694,0.993421052631579,0.46240234375
f4_excess_strat_ldhn,global_target,1443_0.76_1.22.png,0.4967157542705536,122,1231,1.0,0.9975629569455727,0.485107421875
f4_excess_strat_ldhn,global_target,1446_0.85_0.59.png,0.4967157542705536,427,556,0.0,0.017985611510791366,0.166259765625
f4_excess_strat_ldhn,global_target,1449_0.94_0.78.png,0.4967157542705536,311,589,0.7363344051446945,0.5568760611205433,0.2880859375
f4_excess_strat_ldhn,global_target,1452_0.81_1.88.png,0.4967157542705536,143,530,0.9790209790209791,0.8226415094339623,0.44775390625
f4_excess_strat_ldhn,global_target,1454_0.62_1.48.png,0.4967157542705536,6,1152,1.0,0.9991319444444444,0.492919921875
f4_excess_strat_ldhn,global_target,1456_0.66_1.83.png,0.4967157542705536,52,1264,1.0,1.0,0.498291015625
f4_excess_strat_ldhn,global_target,1457_0.88_0.58.png,0.4967157542705536,43,603,0.7209302325581395,0.8076285240464345,0.251708984375
f4_excess_strat_ldhn,global_target,145_0.5_1.08.png,0.4967157542705536,356,143,0.6741573033707865,0.7972027972027972,0.338134765625
f4_excess_strat_ldhn,global_target,1461_0.59_0.54.png,0.4967157542705536,254,1934,0.09448818897637795,0.5031023784901758,0.48583984375
f4_excess_strat_ldhn,global_target,1464_0.64_1.56.png,0.4967157542705536,84,728,0.9880952380952381,0.6909340659340659,0.53759765625
f4_excess_strat_ldhn,global_target,1470_0.63_1.26.png,0.4967157542705536,193,338,0.533678756476684,0.757396449704142,0.32666015625
f4_excess_strat_ldhn,global_target,1471_0.82_1.95.png,0.4967157542705536,54,116,0.8333333333333334,0.9913793103448276,0.35400390625
f4_excess_strat_ldhn,global_target,1474_0.92_0.89.png,0.4967157542705536,138,295,0.14492753623188406,0.6237288135593221,0.06787109375
f4_excess_strat_ldhn,global_target,1481_0.7_0.89.png,0.4967157542705536,153,1384,0.8954248366013072,0.9804913294797688,0.549072265625
f4_excess_strat_ldhn,global_target,1482_0.59_1.05.png,0.4967157542705536,189,483,0.91005291005291,0.9710144927536232,0.539794921875
f4_excess_strat_ldhn,global_target,1485_0.6_1.5.png,0.4967157542705536,236,1465,0.8305084745762712,0.89419795221843,0.804443359375
f4_excess_strat_ldhn,global_target,1493_0.84_0.8.png,0.4967157542705536,14,118,0.0,0.4322033898305085,0.131103515625
f4_excess_strat_ldhn,global_target,1497_0.99_1.09.png,0.4967157542705536,0,11,nan,0.0,0.075439453125
f4_excess_strat_ldhn,global_target,1500_0.87_1.88.png,0.4967157542705536,0,6,nan,0.0,0.24365234375
f4_excess_strat_ldhn,global_target,1511_0.63_1.09.png,0.4967157542705536,872,330,0.7672018348623854,0.6,0.578369140625
f4_excess_strat_ldhn,global_target,1512_0.89_1.11.png,0.4967157542705536,267,514,0.06367041198501873,0.4182879377431907,0.248046875
f4_excess_strat_ldhn,global_target,1517_0.72_1.25.png,0.4967157542705536,1911,76,0.10361067503924647,0.7105263157894737,0.250244140625
f4_excess_strat_ldhn,global_target,1518_0.62_1.44.png,0.4967157542705536,1716,111,0.15384615384615385,0.8108108108108109,0.337890625
f4_excess_strat_ldhn,global_target,1528_0.91_1.9.png,0.4967157542705536,192,130,0.4270833333333333,0.6076923076923076,0.3515625
f4_excess_strat_ldhn,global_target,152_0.8_1.99.png,0.4967157542705536,0,67,nan,0.8955223880597015,0.395263671875
f4_excess_strat_ldhn,global_target,1531_0.52_1.01.png,0.4967157542705536,1898,415,0.5495258166491043,0.6650602409638554,0.562255859375
f4_excess_strat_ldhn,global_target,1537_0.52_1.24.png,0.4967157542705536,558,433,0.7724014336917563,0.8614318706697459,0.70703125
f4_excess_strat_ldhn,global_target,1538_0.61_0.54.png,0.4967157542705536,1851,318,0.7061048082117775,0.5880503144654088,0.619140625
f4_excess_strat_ldhn,global_target,1539_0.58_0.79.png,0.4967157542705536,1501,480,0.7834776815456362,0.6895833333333333,0.64697265625
f4_excess_strat_ldhn,global_target,1543_0.92_1.98.png,0.4967157542705536,988,38,0.048582995951417005,0.7631578947368421,0.1240234375
f4_excess_strat_ldhn,global_target,1544_0.87_1.52.png,0.4967157542705536,1390,45,0.04244604316546763,0.8222222222222222,0.115478515625
f4_excess_strat_ldhn,global_target,1547_0.77_1.84.png,0.4967157542705536,206,162,0.3106796116504854,0.3395061728395062,0.5224609375
f4_excess_strat_ldhn,global_target,1548_0.85_1.55.png,0.4967157542705536,170,165,0.011764705882352941,0.43636363636363634,0.318359375
f4_excess_strat_ldhn,global_target,1549_0.91_1.37.png,0.4967157542705536,819,171,0.06593406593406594,0.03508771929824561,0.05615234375
f4_excess_strat_ldhn,global_target,154_0.97_0.91.png,0.4967157542705536,0,111,nan,0.018018018018018018,0.019287109375
f4_excess_strat_ldhn,global_target,1568_0.8_1.8.png,0.4967157542705536,321,260,0.2897196261682243,0.8807692307692307,0.42138671875
f4_excess_strat_ldhn,global_target,1573_0.61_1.06.png,0.4967157542705536,2275,267,0.4206593406593407,0.8801498127340824,0.448974609375
f4_excess_strat_ldhn,global_target,1575_0.51_1.39.png,0.4967157542705536,1035,642,0.4454106280193237,0.8629283489096573,0.517333984375
f4_excess_strat_ldhn,global_target,1578_0.57_1.99.png,0.4967157542705536,159,82,0.0880503144654088,0.5121951219512195,0.330078125
f4_excess_strat_ldhn,global_target,1580_0.7_1.59.png,0.4967157542705536,250,44,0.028,0.3181818181818182,0.270751953125
f4_excess_strat_ldhn,global_target,1586_0.74_1.29.png,0.4967157542705536,232,61,0.23275862068965517,0.2459016393442623,0.1435546875
f4_excess_strat_ldhn,global_target,158_0.56_1.42.png,0.4967157542705536,0,111,nan,0.7207207207207207,0.21337890625
f4_excess_strat_ldhn,global_target,1592_0.54_1.46.png,0.4967157542705536,1359,328,0.8101545253863135,0.8902439024390244,0.591796875
f4_excess_strat_ldhn,global_target,1599_0.71_1.3.png,0.4967157542705536,464,753,0.7672413793103449,0.8884462151394422,0.68115234375
f4_excess_strat_ldhn,global_target,1602_0.92_0.57.png,0.4967157542705536,1072,140,0.0065298507462686565,0.07142857142857142,0.0107421875
f4_excess_strat_ldhn,global_target,1605_1.0_1.37.png,0.4967157542705536,333,45,0.036036036036036036,0.4222222222222222,0.110107421875
f4_excess_strat_ldhn,global_target,1612_0.77_1.4.png,0.4967157542705536,603,27,0.006633499170812604,0.4074074074074074,0.083251953125
f4_excess_strat_ldhn,global_target,161_0.83_1.56.png,0.4967157542705536,0,74,nan,1.0,0.361572265625
f4_excess_strat_ldhn,global_target,1621_0.5_0.72.png,0.4967157542705536,1555,49,0.1189710610932476,0.22448979591836735,0.06884765625
f4_excess_strat_ldhn,global_target,162_0.75_0.98.png,0.4967157542705536,0,350,nan,0.94,0.428466796875
f4_excess_strat_ldhn,global_target,1631_0.92_1.27.png,0.4967157542705536,124,23,0.13709677419354838,0.21739130434782608,0.031005859375
f4_excess_strat_ldhn,global_target,1635_0.64_0.55.png,0.4967157542705536,2275,656,0.0,0.7149390243902439,0.118896484375
f4_excess_strat_ldhn,global_target,1636_0.96_1.23.png,0.4967157542705536,917,586,0.0,0.008532423208191127,0.02734375
f4_excess_strat_ldhn,global_target,1647_0.89_1.55.png,0.4967157542705536,46,73,0.021739130434782608,0.1643835616438356,0.0751953125
f4_excess_strat_ldhn,global_target,1648_0.89_1.41.png,0.4967157542705536,59,106,0.03389830508474576,0.16037735849056603,0.0712890625
f4_excess_strat_ldhn,global_target,1657_0.68_1.28.png,0.4967157542705536,632,35,0.7325949367088608,0.42857142857142855,0.287109375
f4_excess_strat_ldhn,global_target,1663_0.92_1.8.png,0.4967157542705536,244,113,0.045081967213114756,0.2831858407079646,0.0859375
f4_excess_strat_ldhn,global_target,1664_0.8_2.0.png,0.4967157542705536,180,30,0.06111111111111111,0.43333333333333335,0.412841796875
f4_excess_strat_ldhn,global_target,1666_0.85_0.59.png,0.4967157542705536,2053,79,0.06039941548952752,0.21518987341772153,0.065673828125
f4_excess_strat_ldhn,global_target,1685_0.79_1.99.png,0.4967157542705536,446,92,0.15695067264573992,0.5869565217391305,0.444580078125
f4_excess_strat_ldhn,global_target,1686_0.51_0.6.png,0.4967157542705536,1775,87,0.17408450704225353,0.26436781609195403,0.153564453125
f4_excess_strat_ldhn,global_target,1687_0.83_1.61.png,0.4967157542705536,663,66,0.12217194570135746,0.4393939393939394,0.373291015625
f4_excess_strat_ldhn,global_target,1689_0.74_0.54.png,0.4967157542705536,2287,267,0.023611718408395276,0.15355805243445692,0.077880859375
f4_excess_strat_ldhn,global_target,1691_0.77_1.92.png,0.4967157542705536,453,252,0.0728476821192053,0.49603174603174605,0.370361328125
f4_excess_strat_ldhn,global_target,1696_0.74_1.51.png,0.4967157542705536,2001,204,0.005997001499250375,0.18137254901960784,0.064697265625
f4_excess_strat_ldhn,global_target,1701_0.55_0.71.png,0.4967157542705536,2326,210,0.13714531384350817,0.2857142857142857,0.16455078125
f4_excess_strat_ldhn,global_target,1705_0.66_1.4.png,0.4967157542705536,163,918,0.32515337423312884,0.8758169934640523,0.41650390625
f4_excess_strat_ldhn,global_target,1712_0.9_0.74.png,0.4967157542705536,1394,116,0.027259684361549498,0.21551724137931033,0.09765625
f4_excess_strat_ldhn,global_target,1718_0.92_1.01.png,0.4967157542705536,412,156,0.0825242718446602,0.1987179487179487,0.338623046875
f4_excess_strat_ldhn,global_target,1722_0.85_1.51.png,0.4967157542705536,170,65,0.1588235294117647,0.5692307692307692,0.455810546875
f4_excess_strat_ldhn,global_target,1726_0.54_0.7.png,0.4967157542705536,655,199,0.1083969465648855,0.4020100502512563,0.182861328125
f4_excess_strat_ldhn,global_target,1730_0.81_1.53.png,0.4967157542705536,1228,80,0.03013029315960912,0.175,0.11328125
f4_excess_strat_ldhn,global_target,1733_0.57_1.6.png,0.4967157542705536,447,301,0.020134228187919462,0.4684385382059801,0.2392578125
f4_excess_strat_ldhn,global_target,173_0.88_1.45.png,0.4967157542705536,66,627,0.696969696969697,0.8771929824561403,0.366455078125
f4_excess_strat_ldhn,global_target,1756_0.77_1.19.png,0.4967157542705536,312,711,0.7147435897435898,0.35864978902953587,0.3916015625
f4_excess_strat_ldhn,global_target,1761_0.99_0.94.png,0.4967157542705536,176,87,0.16477272727272727,0.3793103448275862,0.07080078125
f4_excess_strat_ldhn,global_target,1763_0.58_1.25.png,0.4967157542705536,297,448,0.6835016835016835,0.8035714285714286,0.584716796875
f4_excess_strat_ldhn,global_target,1765_0.51_1.47.png,0.4967157542705536,331,1271,0.8217522658610272,0.9024390243902439,0.731689453125
f4_excess_strat_ldhn,global_target,1773_0.58_1.45.png,0.4967157542705536,1282,161,0.06786271450858035,0.782608695652174,0.261474609375
f4_excess_strat_ldhn,global_target,1784_0.94_1.15.png,0.4967157542705536,809,15,0.042027194066749075,0.13333333333333333,0.107177734375
f4_excess_strat_ldhn,global_target,1795_0.99_1.84.png,0.4967157542705536,3,1,0.0,0.0,0.047607421875
f4_excess_strat_ldhn,global_target,1796_0.93_0.58.png,0.4967157542705536,114,9,0.008771929824561403,0.0,0.006591796875
f4_excess_strat_ldhn,global_target,17_0.55_1.91.png,0.4967157542705536,32,706,0.65625,0.5736543909348442,0.521728515625
f4_excess_strat_ldhn,global_target,1801_0.99_0.78.png,0.4967157542705536,1741,152,0.002871912693854107,0.013157894736842105,0.029052734375
f4_excess_strat_ldhn,global_target,1803_0.99_1.79.png,0.4967157542705536,902,17,0.0033259423503325942,0.11764705882352941,0.05224609375
f4_excess_strat_ldhn,global_target,1814_0.55_0.54.png,0.4967157542705536,2974,40,0.07061197041022192,0.525,0.14892578125
f4_excess_strat_ldhn,global_target,1817_0.81_2.0.png,0.4967157542705536,15,250,0.0,0.576,0.159423828125
f4_excess_strat_ldhn,global_target,1822_0.51_1.51.png,0.4967157542705536,777,128,0.039897039897039896,0.328125,0.145751953125
f4_excess_strat_ldhn,global_target,1835_0.61_1.23.png,0.4967157542705536,1130,649,0.09911504424778761,0.9722650231124808,0.43115234375
f4_excess_strat_ldhn,global_target,183_0.77_0.99.png,0.4967157542705536,236,602,0.0635593220338983,0.8421926910299004,0.302978515625
f4_excess_strat_ldhn,global_target,1841_0.64_1.79.png,0.4967157542705536,678,187,0.051622418879056046,0.3422459893048128,0.165283203125
f4_excess_strat_ldhn,global_target,1844_0.91_1.28.png,0.4967157542705536,1040,106,0.01730769230769231,0.3113207547169811,0.081298828125
f4_excess_strat_ldhn,global_target,1851_0.7_1.14.png,0.4967157542705536,791,41,0.010113780025284451,0.4878048780487805,0.119384765625
f4_excess_strat_ldhn,global_target,1854_0.94_1.49.png,0.4967157542705536,270,28,0.0,0.35714285714285715,0.00830078125
f4_excess_strat_ldhn,global_target,1859_0.73_1.32.png,0.4967157542705536,36,13,0.1111111111111111,0.6153846153846154,0.052978515625
f4_excess_strat_ldhn,global_target,1860_0.77_1.07.png,0.4967157542705536,80,17,0.05,0.5882352941176471,0.0302734375
f4_excess_strat_ldhn,global_target,1862_0.82_1.52.png,0.4967157542705536,290,140,0.23448275862068965,0.4142857142857143,0.200439453125
f4_excess_strat_ldhn,global_target,1867_0.67_1.54.png,0.4967157542705536,530,1655,0.8320754716981132,0.7788519637462236,0.657470703125
f4_excess_strat_ldhn,global_target,1875_0.95_0.91.png,0.4967157542705536,657,126,0.0121765601217656,0.015873015873015872,0.02978515625
f4_excess_strat_ldhn,global_target,1876_0.97_1.69.png,0.4967157542705536,482,88,0.004149377593360996,0.03409090909090909,0.074462890625
f4_excess_strat_ldhn,global_target,1884_0.78_0.61.png,0.4967157542705536,2118,126,0.08168083097261568,0.5079365079365079,0.0947265625
f4_excess_strat_ldhn,global_target,1885_0.54_0.83.png,0.4967157542705536,2805,95,0.1714795008912656,0.24210526315789474,0.1533203125
f4_excess_strat_ldhn,global_target,1892_0.85_0.58.png,0.4967157542705536,2266,516,0.0088261253309797,0.3023255813953488,0.057373046875
f4_excess_strat_ldhn,global_target,1895_0.9_1.62.png,0.4967157542705536,235,1011,0.4,0.2532146389713155,0.220458984375
f4_excess_strat_ldhn,global_target,1898_0.84_0.98.png,0.4967157542705536,1711,101,0.018702513150204558,0.1485148514851485,0.056640625
f4_excess_strat_ldhn,global_target,1911_0.96_1.13.png,0.4967157542705536,328,543,0.11280487804878049,0.39410681399631675,0.1416015625
f4_excess_strat_ldhn,global_target,1912_1.0_0.84.png,0.4967157542705536,501,559,0.13972055888223553,0.27191413237924866,0.109619140625
f4_excess_strat_ldhn,global_target,1914_0.81_0.98.png,0.4967157542705536,2668,249,0.010494752623688156,0.8152610441767069,0.171142578125
f4_excess_strat_ldhn,global_target,1917_0.96_1.37.png,0.4967157542705536,120,16,0.06666666666666667,0.25,0.02099609375
f4_excess_strat_ldhn,global_target,1919_0.59_0.94.png,0.4967157542705536,1237,17,0.7146321746160065,0.23529411764705882,0.459228515625
f4_excess_strat_ldhn,global_target,1920_0.99_1.69.png,0.4967157542705536,104,15,0.125,0.4,0.03125
f4_excess_strat_ldhn,global_target,1923_0.81_1.81.png,0.4967157542705536,402,159,0.39552238805970147,0.9056603773584906,0.420654296875
f4_excess_strat_ldhn,global_target,1936_0.52_1.67.png,0.4967157542705536,186,77,0.7526881720430108,0.4025974025974026,0.2509765625
f4_excess_strat_ldhn,global_target,1937_0.79_0.84.png,0.4967157542705536,208,95,0.009615384615384616,0.08421052631578947,0.05615234375
f4_excess_strat_ldhn,global_target,1939_0.93_1.32.png,0.4967157542705536,123,78,0.024390243902439025,0.0641025641025641,0.104736328125
f4_excess_strat_ldhn,global_target,1942_0.89_0.67.png,0.4967157542705536,2157,150,0.12424663885025498,0.88,0.340576171875
f4_excess_strat_ldhn,global_target,1952_0.78_0.75.png,0.4967157542705536,248,166,0.18951612903225806,0.0783132530120482,0.1416015625
f4_excess_strat_ldhn,global_target,1956_0.99_1.4.png,0.4967157542705536,572,114,0.043706293706293704,0.23684210526315788,0.109130859375
f4_excess_strat_ldhn,global_target,1966_0.52_1.48.png,0.4967157542705536,453,302,0.5408388520971302,0.7781456953642384,0.582275390625
f4_excess_strat_ldhn,global_target,196_0.8_0.88.png,0.4967157542705536,19,794,0.8947368421052632,0.9534005037783375,0.343505859375
f4_excess_strat_ldhn,global_target,1979_0.6_0.93.png,0.4967157542705536,1289,341,0.19860356865787432,0.20527859237536658,0.195556640625
f4_excess_strat_ldhn,global_target,1982_0.99_1.89.png,0.4967157542705536,203,110,0.06896551724137931,0.7454545454545455,0.234375
f4_excess_strat_ldhn,global_target,1985_0.57_1.93.png,0.4967157542705536,619,980,0.8012924071082391,0.939795918367347,0.7529296875
f4_excess_strat_ldhn,global_target,1988_0.94_1.22.png,0.4967157542705536,399,148,0.5288220551378446,0.8445945945945946,0.22412109375
f4_excess_strat_ldhn,global_target,2000_0.86_0.62.png,0.4967157542705536,1050,168,0.02666666666666667,0.24404761904761904,0.04638671875
f4_excess_strat_ldhn,global_target,2003_0.64_1.33.png,0.4967157542705536,2007,167,0.10064773293472845,0.20359281437125748,0.16162109375
f4_excess_strat_ldhn,global_target,2007_0.61_1.26.png,0.4967157542705536,159,298,0.8867924528301887,0.8489932885906041,0.420166015625
f4_excess_strat_ldhn,global_target,2013_1.0_1.78.png,0.4967157542705536,329,372,0.21580547112462006,0.8548387096774194,0.154296875
f4_excess_strat_ldhn,global_target,2024_0.99_1.36.png,0.4967157542705536,353,57,0.0169971671388102,0.3684210526315789,0.088134765625
f4_excess_strat_ldhn,global_target,2026_0.99_1.41.png,0.4967157542705536,153,71,0.05228758169934641,0.07042253521126761,0.06640625
f4_excess_strat_ldhn,global_target,2027_0.69_0.59.png,0.4967157542705536,739,341,0.02571041948579161,0.24633431085043989,0.0537109375
f4_excess_strat_ldhn,global_target,2028_0.98_1.27.png,0.4967157542705536,213,68,0.06103286384976526,0.11764705882352941,0.056884765625
f4_excess_strat_ldhn,global_target,2033_0.61_0.56.png,0.4967157542705536,3104,93,0.2860824742268041,0.6666666666666666,0.33349609375
f4_excess_strat_ldhn,global_target,2043_0.97_0.54.png,0.4967157542705536,894,73,0.12863534675615212,0.8082191780821918,0.130859375
f4_excess_strat_ldhn,global_target,2050_0.8_1.8.png,0.4967157542705536,289,266,0.47750865051903113,0.7481203007518797,0.45068359375
f4_excess_strat_ldhn,global_target,2051_0.92_0.92.png,0.4967157542705536,418,519,0.3373205741626794,0.3352601156069364,0.204345703125
f4_excess_strat_ldhn,global_target,2057_0.86_0.85.png,0.4967157542705536,940,225,0.4425531914893617,0.7555555555555555,0.335693359375
f4_excess_strat_ldhn,global_target,2061_0.79_1.72.png,0.4967157542705536,331,145,0.06646525679758308,0.36551724137931035,0.138427734375
f4_excess_strat_ldhn,global_target,2063_0.76_1.8.png,0.4967157542705536,316,173,0.04746835443037975,0.41040462427745666,0.177001953125
f4_excess_strat_ldhn,global_target,2069_0.7_1.18.png,0.4967157542705536,845,130,0.749112426035503,0.5692307692307692,0.572265625
f4_excess_strat_ldhn,global_target,2070_0.86_0.78.png,0.4967157542705536,1438,117,0.44019471488178025,0.5213675213675214,0.29541015625
f4_excess_strat_ldhn,global_target,2071_0.63_1.21.png,0.4967157542705536,1063,214,0.8353715898400753,0.7710280373831776,0.58251953125
f4_excess_strat_ldhn,global_target,2072_0.87_1.18.png,0.4967157542705536,705,98,0.3645390070921986,0.5306122448979592,0.397705078125
f4_excess_strat_ldhn,global_target,2073_0.87_1.93.png,0.4967157542705536,311,97,0.08681672025723473,0.4639175257731959,0.422119140625
f4_excess_strat_ldhn,global_target,2074_0.71_0.74.png,0.4967157542705536,847,206,0.09563164108618655,0.3932038834951456,0.147216796875
f4_excess_strat_ldhn,global_target,2076_0.85_1.77.png,0.4967157542705536,305,132,0.06557377049180328,0.4166666666666667,0.380859375
f4_excess_strat_ldhn,global_target,2079_0.62_1.17.png,0.4967157542705536,205,650,0.28292682926829266,0.9030769230769231,0.479248046875
f4_excess_strat_ldhn,global_target,2080_0.53_1.58.png,0.4967157542705536,462,312,0.4199134199134199,0.7756410256410257,0.53857421875
f4_excess_strat_ldhn,global_target,2087_0.72_1.14.png,0.4967157542705536,900,132,0.16555555555555557,0.26515151515151514,0.14111328125
f4_excess_strat_ldhn,global_target,2094_0.56_1.05.png,0.4967157542705536,88,1038,0.125,0.615606936416185,0.255859375
f4_excess_strat_ldhn,global_target,2096_0.77_1.76.png,0.4967157542705536,185,183,0.1837837837837838,0.46994535519125685,0.263427734375
f4_excess_strat_ldhn,global_target,2109_0.56_1.42.png,0.4967157542705536,1200,438,0.30833333333333335,0.7077625570776256,0.337646484375
f4_excess_strat_ldhn,global_target,2111_0.68_1.03.png,0.4967157542705536,1639,221,0.29835265405735206,0.6606334841628959,0.298828125
f4_excess_strat_ldhn,global_target,2114_0.9_1.51.png,0.4967157542705536,766,199,0.08093994778067885,0.5979899497487438,0.37646484375
f4_excess_strat_ldhn,global_target,2115_0.75_1.52.png,0.4967157542705536,852,427,0.107981220657277,0.819672131147541,0.49169921875
f4_excess_strat_ldhn,global_target,2119_0.54_1.47.png,0.4967157542705536,734,470,0.1784741144414169,0.8297872340425532,0.43994140625
f4_excess_strat_ldhn,global_target,2121_0.73_0.63.png,0.4967157542705536,2766,51,0.31778741865509763,0.6470588235294118,0.35009765625
f4_excess_strat_ldhn,global_target,2123_0.66_0.89.png,0.4967157542705536,2760,58,0.43768115942028984,0.5517241379310345,0.4580078125
f4_excess_strat_ldhn,global_target,2126_0.75_0.91.png,0.4967157542705536,1110,373,0.08828828828828829,0.7667560321715817,0.232421875
f4_excess_strat_ldhn,global_target,212_0.71_1.94.png,0.4967157542705536,10,387,1.0,1.0,0.376708984375
f4_excess_strat_ldhn,global_target,2132_0.76_1.7.png,0.4967157542705536,837,140,0.4050179211469534,0.7428571428571429,0.5517578125
f4_excess_strat_ldhn,global_target,2135_0.51_1.0.png,0.4967157542705536,1023,278,0.46529814271749753,0.5359712230215827,0.4453125
f4_excess_strat_ldhn,global_target,2140_0.55_0.94.png,0.4967157542705536,794,609,0.11964735516372796,0.8341543513957307,0.412841796875
f4_excess_strat_ldhn,global_target,2141_0.55_0.57.png,0.4967157542705536,1588,158,0.17443324937027707,0.25949367088607594,0.17138671875
f4_excess_strat_ldhn,global_target,2144_0.54_1.03.png,0.4967157542705536,1120,167,0.24107142857142858,0.3473053892215569,0.27880859375
f4_excess_strat_ldhn,global_target,2145_0.59_1.25.png,0.4967157542705536,1155,106,0.17142857142857143,0.4716981132075472,0.319580078125
f4_excess_strat_ldhn,global_target,2150_0.89_1.44.png,0.4967157542705536,457,334,0.12035010940919037,0.6287425149700598,0.244384765625
f4_excess_strat_ldhn,global_target,2151_0.78_0.51.png,0.4967157542705536,1436,213,0.21727019498607242,0.5633802816901409,0.16162109375
f4_excess_strat_ldhn,global_target,2156_0.71_1.75.png,0.4967157542705536,664,259,0.06325301204819277,0.7258687258687259,0.23876953125
f4_excess_strat_ldhn,global_target,215_0.58_0.63.png,0.4967157542705536,308,26,0.4383116883116883,0.46153846153846156,0.110595703125
f4_excess_strat_ldhn,global_target,2163_0.52_1.35.png,0.4967157542705536,138,230,0.4057971014492754,0.3652173913043478,0.1953125
f4_excess_strat_ldhn,global_target,2176_0.54_1.82.png,0.4967157542705536,49,353,0.4897959183673469,0.43909348441926344,0.288330078125
f4_excess_strat_ldhn,global_target,2179_0.63_0.92.png,0.4967157542705536,399,809,0.8145363408521303,0.9097651421508035,0.627197265625
f4_excess_strat_ldhn,global_target,217_0.79_0.54.png,0.4967157542705536,167,2753,0.874251497005988,0.9549582273883037,0.774169921875
f4_excess_strat_ldhn,global_target,2190_0.51_0.51.png,0.4967157542705536,1590,542,0.3339622641509434,0.6494464944649446,0.429443359375
f4_excess_strat_ldhn,global_target,2195_0.53_1.24.png,0.4967157542705536,408,906,0.25980392156862747,0.44370860927152317,0.3115234375
f4_excess_strat_ldhn,global_target,2204_0.99_1.22.png,0.4967157542705536,534,1170,0.035580524344569285,0.13162393162393163,0.135986328125
f4_excess_strat_ldhn,global_target,2207_0.53_1.2.png,0.4967157542705536,991,251,0.3057517658930373,0.350597609561753,0.412841796875
f4_excess_strat_ldhn,global_target,220_0.56_1.69.png,0.4967157542705536,71,423,0.971830985915493,0.9598108747044918,0.430419921875
f4_excess_strat_ldhn,global_target,2216_0.58_1.17.png,0.4967157542705536,512,121,0.5,0.5206611570247934,0.23974609375
f4_excess_strat_ldhn,global_target,2220_0.92_1.02.png,0.4967157542705536,216,35,0.004629629629629629,0.2,0.01123046875
f4_excess_strat_ldhn,global_target,2231_0.71_0.89.png,0.4967157542705536,816,179,0.0428921568627451,0.19553072625698323,0.08154296875
f4_excess_strat_ldhn,global_target,2234_0.76_1.1.png,0.4967157542705536,309,133,0.07766990291262135,0.16541353383458646,0.040771484375
f4_excess_strat_ldhn,global_target,2235_0.91_1.78.png,0.4967157542705536,85,137,0.16470588235294117,0.7591240875912408,0.143798828125
f4_excess_strat_ldhn,global_target,2244_0.77_1.02.png,0.4967157542705536,1029,89,0.010689990281827016,0.3707865168539326,0.068359375
f4_excess_strat_ldhn,global_target,2247_0.9_1.37.png,0.4967157542705536,461,350,0.039045553145336226,0.28,0.177001953125
f4_excess_strat_ldhn,global_target,2250_0.67_1.7.png,0.4967157542705536,180,173,0.07777777777777778,0.1676300578034682,0.277099609375
f4_excess_strat_ldhn,global_target,2259_0.79_0.9.png,0.4967157542705536,1259,233,0.0698967434471803,0.1630901287553648,0.097900390625
f4_excess_strat_ldhn,global_target,2262_0.79_1.73.png,0.4967157542705536,67,74,0.029850746268656716,0.28378378378378377,0.13134765625
f4_excess_strat_ldhn,global_target,2264_0.66_1.54.png,0.4967157542705536,95,87,0.0,0.3563218390804598,0.1123046875
f4_excess_strat_ldhn,global_target,2265_0.72_1.34.png,0.4967157542705536,434,15,0.0,0.2,0.07861328125
f4_excess_strat_ldhn,global_target,2269_0.52_1.13.png,0.4967157542705536,323,13,0.0,0.3076923076923077,0.0419921875
f4_excess_strat_ldhn,global_target,226_0.56_0.7.png,0.4967157542705536,756,250,0.2724867724867725,0.66,0.271728515625
f4_excess_strat_ldhn,global_target,2271_0.6_1.89.png,0.4967157542705536,162,14,0.006172839506172839,0.5714285714285714,0.05712890625
f4_excess_strat_ldhn,global_target,2277_0.69_0.53.png,0.4967157542705536,2584,134,0.0011609907120743034,0.022388059701492536,0.00634765625
f4_excess_strat_ldhn,global_target,2279_0.82_0.88.png,0.4967157542705536,1310,92,0.0030534351145038168,0.11956521739130435,0.027099609375
f4_excess_strat_ldhn,global_target,2282_0.93_1.05.png,0.4967157542705536,1177,88,0.0008496176720475786,0.11363636363636363,0.03466796875
f4_excess_strat_ldhn,global_target,2283_0.58_1.18.png,0.4967157542705536,1073,158,0.05964585274930102,0.5126582278481012,0.095703125
f4_excess_strat_ldhn,global_target,228_0.81_0.73.png,0.4967157542705536,906,312,0.08057395143487858,0.5512820512820513,0.206787109375
f4_excess_strat_ldhn,global_target,2290_0.92_1.28.png,0.4967157542705536,197,11,0.06091370558375635,0.45454545454545453,0.079345703125
f4_excess_strat_ldhn,global_target,2292_0.82_1.71.png,0.4967157542705536,181,10,0.11049723756906077,0.7,0.19921875
f4_excess_strat_ldhn,global_target,2294_1.0_1.16.png,0.4967157542705536,222,56,0.02252252252252252,0.4107142857142857,0.095703125
f4_excess_strat_ldhn,global_target,2298_0.55_1.86.png,0.4967157542705536,773,335,0.2897800776196636,0.6238805970149254,0.37109375
f4_excess_strat_ldhn,global_target,229_0.93_1.79.png,0.4967157542705536,2,228,1.0,0.9912280701754386,0.210205078125
f4_excess_strat_ldhn,global_target,2305_0.57_1.54.png,0.4967157542705536,636,851,0.055031446540880505,0.7802585193889542,0.42138671875
f4_excess_strat_ldhn,global_target,2307_0.75_1.96.png,0.4967157542705536,258,392,0.14728682170542637,0.5892857142857143,0.4638671875
f4_excess_strat_ldhn,global_target,2310_0.9_1.71.png,0.4967157542705536,255,998,0.16862745098039217,0.8196392785571143,0.34912109375
f4_excess_strat_ldhn,global_target,2317_0.62_1.27.png,0.4967157542705536,484,618,0.5475206611570248,0.7168284789644013,0.51416015625
f4_excess_strat_ldhn,global_target,2319_0.9_0.55.png,0.4967157542705536,961,464,0.1383975026014568,0.8685344827586207,0.317626953125
f4_excess_strat_ldhn,global_target,2325_0.93_1.76.png,0.4967157542705536,744,468,0.3239247311827957,0.3504273504273504,0.22021484375
f4_excess_strat_ldhn,global_target,2334_0.56_0.79.png,0.4967157542705536,1170,595,0.8170940170940171,0.7210084033613445,0.753173828125
f4_excess_strat_ldhn,global_target,2338_0.62_1.42.png,0.4967157542705536,40,373,0.15,0.7882037533512064,0.382568359375
f4_excess_strat_ldhn,global_target,2345_0.9_0.78.png,0.4967157542705536,959,99,0.3357664233576642,0.5555555555555556,0.1953125
f4_excess_strat_ldhn,global_target,2365_0.53_0.5.png,0.4967157542705536,1675,450,0.16417910447761194,0.2311111111111111,0.194580078125
f4_excess_strat_ldhn,global_target,236_0.67_1.6.png,0.4967157542705536,13,48,0.7692307692307693,0.9166666666666666,0.2939453125
f4_excess_strat_ldhn,global_target,2379_0.79_1.37.png,0.4967157542705536,937,90,0.010672358591248666,0.6111111111111112,0.09423828125
f4_excess_strat_ldhn,global_target,2382_0.63_0.9.png,0.4967157542705536,1474,101,0.012890094979647219,0.04950495049504951,0.0302734375
f4_excess_strat_ldhn,global_target,2386_0.97_1.08.png,0.4967157542705536,582,292,0.054982817869415807,0.21232876712328766,0.113037109375
f4_excess_strat_ldhn,global_target,238_0.87_1.74.png,0.4967157542705536,14,838,1.0,0.9976133651551312,0.423583984375
f4_excess_strat_ldhn,global_target,2395_0.78_1.43.png,0.4967157542705536,511,125,0.029354207436399216,0.136,0.05078125
f4_excess_strat_ldhn,global_target,23_0.83_1.63.png,0.4967157542705536,0,133,nan,0.6541353383458647,0.105224609375
f4_excess_strat_ldhn,global_target,2402_0.8_0.8.png,0.4967157542705536,1868,721,0.10653104925053533,0.17614424410540916,0.1318359375
f4_excess_strat_ldhn,global_target,2408_0.55_1.94.png,0.4967157542705536,1233,278,0.38118410381184104,0.4460431654676259,0.405517578125
f4_excess_strat_ldhn,global_target,2409_0.55_1.95.png,0.4967157542705536,486,75,0.19547325102880658,0.44,0.29345703125
f4_excess_strat_ldhn,global_target,2410_0.57_1.09.png,0.4967157542705536,985,188,0.14213197969543148,0.6702127659574468,0.2109375
f4_excess_strat_ldhn,global_target,2411_0.81_0.52.png,0.4967157542705536,1891,167,0.0671602326811211,0.39520958083832336,0.126953125
f4_excess_strat_ldhn,global_target,2415_0.55_1.63.png,0.4967157542705536,170,447,0.9,0.7583892617449665,0.3955078125
f4_excess_strat_ldhn,global_target,2420_0.95_0.63.png,0.4967157542705536,746,309,0.032171581769437,0.2524271844660194,0.047119140625
f4_excess_strat_ldhn,global_target,2432_0.94_1.56.png,0.4967157542705536,1094,129,0.08957952468007313,0.4418604651162791,0.227294921875
f4_excess_strat_ldhn,global_target,2437_0.64_0.7.png,0.4967157542705536,2449,134,0.24173131890567578,0.291044776119403,0.1943359375
f4_excess_strat_ldhn,global_target,2441_0.74_1.28.png,0.4967157542705536,514,716,0.6186770428015564,0.7625698324022346,0.593017578125
f4_excess_strat_ldhn,global_target,2450_0.51_0.64.png,0.4967157542705536,1036,65,0.0222007722007722,0.046153846153846156,0.038330078125
f4_excess_strat_ldhn,global_target,2453_0.54_1.83.png,0.4967157542705536,47,344,0.0,0.37209302325581395,0.308837890625
f4_excess_strat_ldhn,global_target,2454_0.81_1.92.png,0.4967157542705536,57,188,0.12280701754385964,0.3829787234042553,0.3095703125
f4_excess_strat_ldhn,global_target,2458_0.78_1.02.png,0.4967157542705536,903,177,0.13953488372093023,0.2655367231638418,0.122802734375
f4_excess_strat_ldhn,global_target,2463_0.85_1.05.png,0.4967157542705536,1213,110,0.01978565539983512,0.11818181818181818,0.10009765625
f4_excess_strat_ldhn,global_target,2467_0.62_0.72.png,0.4967157542705536,1636,51,0.013447432762836185,0.0,0.01708984375
f4_excess_strat_ldhn,global_target,2474_0.91_0.84.png,0.4967157542705536,1572,288,0.12213740458015267,0.2465277777777778,0.1171875
f4_excess_strat_ldhn,global_target,2475_0.92_1.34.png,0.4967157542705536,920,314,0.12065217391304348,0.18471337579617833,0.13330078125
f4_excess_strat_ldhn,global_target,2476_0.67_0.56.png,0.4967157542705536,3030,218,0.3805280528052805,0.05963302752293578,0.322021484375
f4_excess_strat_ldhn,global_target,2483_0.82_1.17.png,0.4967157542705536,242,605,0.1652892561983471,0.37355371900826445,0.26611328125
f4_excess_strat_ldhn,global_target,2490_0.71_1.73.png,0.4967157542705536,75,127,0.4,0.8267716535433071,0.59716796875
f4_excess_strat_ldhn,global_target,2491_0.94_1.9.png,0.4967157542705536,78,134,0.038461538461538464,0.40298507462686567,0.593505859375
f4_excess_strat_ldhn,global_target,2496_0.61_0.78.png,0.4967157542705536,908,431,0.42400881057268724,0.7331786542923434,0.335693359375
f4_excess_strat_ldhn,global_target,2498_0.54_1.1.png,0.4967157542705536,699,302,0.40915593705293274,0.6059602649006622,0.27734375
f4_excess_strat_ldhn,global_target,249_0.65_1.99.png,0.4967157542705536,4,11,0.0,0.6363636363636364,0.22412109375
f4_excess_strat_ldhn,global_target,24_0.53_1.21.png,0.4967157542705536,1,241,0.0,0.5684647302904564,0.078125
f4_excess_strat_ldhn,global_target,2517_0.94_1.24.png,0.4967157542705536,920,236,0.20869565217391303,0.4915254237288136,0.22021484375
f4_excess_strat_ldhn,global_target,2522_0.78_1.79.png,0.4967157542705536,577,733,0.4506065857885615,0.7994542974079127,0.540771484375
f4_excess_strat_ldhn,global_target,2525_0.79_1.85.png,0.4967157542705536,572,1241,1.0,0.9975825946817083,0.9423828125
f4_excess_strat_ldhn,global_target,252_0.98_1.73.png,0.4967157542705536,26,14,0.07692307692307693,0.8571428571428571,0.141357421875
f4_excess_strat_ldhn,global_target,2542_0.7_1.52.png,0.4967157542705536,398,52,0.03015075376884422,0.4423076923076923,0.039794921875
f4_excess_strat_ldhn,global_target,2550_0.85_1.96.png,0.4967157542705536,544,237,0.022058823529411766,0.759493670886076,0.2470703125
f4_excess_strat_ldhn,global_target,2556_0.89_1.72.png,0.4967157542705536,1151,177,0.020851433536055605,0.8135593220338984,0.156494140625
f4_excess_strat_ldhn,global_target,2559_0.81_1.96.png,0.4967157542705536,147,593,0.2653061224489796,0.8178752107925801,0.288330078125
f4_excess_strat_ldhn,global_target,2563_0.85_0.62.png,0.4967157542705536,2097,8,0.09823557463042441,0.375,0.076416015625
f4_excess_strat_ldhn,global_target,2567_0.52_1.05.png,0.4967157542705536,1167,141,0.05912596401028278,0.5035460992907801,0.207763671875
f4_excess_strat_ldhn,global_target,2570_0.99_2.0.png,0.4967157542705536,236,39,0.0211864406779661,0.0,0.04296875
f4_excess_strat_ldhn,global_target,2572_0.54_1.3.png,0.4967157542705536,1094,163,0.21206581352833637,0.7300613496932515,0.21435546875
f4_excess_strat_ldhn,global_target,2574_0.57_1.08.png,0.4967157542705536,1087,35,0.2704691812327507,0.2571428571428571,0.183837890625
f4_excess_strat_ldhn,global_target,2581_0.79_1.95.png,0.4967157542705536,72,461,0.013888888888888888,0.8524945770065075,0.3896484375
f4_excess_strat_ldhn,global_target,2589_0.62_1.28.png,0.4967157542705536,683,75,0.29428989751098095,0.17333333333333334,0.216064453125
f4_excess_strat_ldhn,global_target,2591_0.78_1.58.png,0.4967157542705536,449,58,0.0378619153674833,0.1896551724137931,0.235595703125
f4_excess_strat_ldhn,global_target,2596_0.54_1.72.png,0.4967157542705536,1276,198,0.4443573667711599,0.11616161616161616,0.326416015625
f4_excess_strat_ldhn,global_target,259_0.87_0.76.png,0.4967157542705536,523,601,0.05162523900573614,0.49584026622296173,0.210693359375
f4_excess_strat_ldhn,global_target,25_0.59_1.43.png,0.4967157542705536,476,800,0.9663865546218487,0.99375,0.6015625
f4_excess_strat_ldhn,global_target,2608_0.68_1.54.png,0.4967157542705536,37,292,0.5675675675675675,0.8356164383561644,0.2099609375
f4_excess_strat_ldhn,global_target,2612_0.52_1.14.png,0.4967157542705536,480,196,0.029166666666666667,0.44387755102040816,0.17041015625
f4_excess_strat_ldhn,global_target,2614_0.55_0.63.png,0.4967157542705536,1230,177,0.0943089430894309,0.8248587570621468,0.218994140625
f4_excess_strat_ldhn,global_target,261_0.54_0.73.png,0.4967157542705536,333,1764,0.996996996996997,0.37188208616780044,0.639404296875
f4_excess_strat_ldhn,global_target,2625_0.88_1.86.png,0.4967157542705536,470,67,0.010638297872340425,0.26865671641791045,0.298095703125
f4_excess_strat_ldhn,global_target,2626_0.88_1.19.png,0.4967157542705536,915,99,0.03169398907103825,0.1919191919191919,0.153564453125
f4_excess_strat_ldhn,global_target,2628_0.86_1.01.png,0.4967157542705536,1230,164,0.05934959349593496,0.21341463414634146,0.130615234375
f4_excess_strat_ldhn,global_target,2632_0.92_1.01.png,0.4967157542705536,367,70,0.051771117166212535,0.44285714285714284,0.07373046875
f4_excess_strat_ldhn,global_target,2635_0.98_1.78.png,0.4967157542705536,733,330,0.03819918144611187,0.5878787878787879,0.234375
f4_excess_strat_ldhn,global_target,2641_0.7_1.91.png,0.4967157542705536,505,347,0.6475247524752475,0.829971181556196,0.66259765625
f4_excess_strat_ldhn,global_target,2646_0.82_1.47.png,0.4967157542705536,756,189,0.4894179894179894,0.6666666666666666,0.425048828125
f4_excess_strat_ldhn,global_target,2652_0.85_1.34.png,0.4967157542705536,1775,57,0.010704225352112675,0.8070175438596491,0.092529296875
f4_excess_strat_ldhn,global_target,2653_0.5_0.98.png,0.4967157542705536,2619,172,0.1046200840015273,0.3372093023255814,0.129150390625
f4_excess_strat_ldhn,global_target,2663_0.54_1.88.png,0.4967157542705536,82,142,0.4024390243902439,0.2112676056338028,0.16259765625
f4_excess_strat_ldhn,global_target,2665_0.85_1.17.png,0.4967157542705536,956,175,0.10774058577405858,0.5885714285714285,0.15234375
f4_excess_strat_ldhn,global_target,2674_0.84_1.83.png,0.4967157542705536,913,97,0.14238773274917854,0.3402061855670103,0.261474609375
f4_excess_strat_ldhn,global_target,2680_0.94_1.89.png,0.4967157542705536,924,112,0.021645021645021644,0.19642857142857142,0.25537109375
f4_excess_strat_ldhn,global_target,2682_0.96_1.39.png,0.4967157542705536,485,65,0.004123711340206186,0.27692307692307694,0.06005859375
f4_excess_strat_ldhn,global_target,2687_0.61_0.9.png,0.4967157542705536,766,117,0.2349869451697128,0.09401709401709402,0.163818359375
f4_excess_strat_ldhn,global_target,268_0.79_1.15.png,0.4967157542705536,95,366,0.30526315789473685,0.9180327868852459,0.446044921875
f4_excess_strat_ldhn,global_target,2693_0.69_0.91.png,0.4967157542705536,2586,27,0.007733952049497293,0.4074074074074074,0.03125
f4_excess_strat_ldhn,global_target,2696_0.77_1.3.png,0.4967157542705536,1740,165,0.014367816091954023,0.46060606060606063,0.06591796875
f4_excess_strat_ldhn,global_target,2700_0.59_1.66.png,0.4967157542705536,794,32,0.4609571788413098,0.46875,0.244384765625
f4_excess_strat_ldhn,global_target,2703_0.77_1.67.png,0.4967157542705536,945,154,0.007407407407407408,0.2922077922077922,0.1103515625
f4_excess_strat_ldhn,global_target,2704_0.84_1.81.png,0.4967157542705536,786,196,0.002544529262086514,0.1989795918367347,0.111328125
f4_excess_strat_ldhn,global_target,2705_0.68_1.36.png,0.4967157542705536,746,21,0.0013404825737265416,0.42857142857142855,0.04345703125
f4_excess_strat_ldhn,global_target,2707_0.61_1.6.png,0.4967157542705536,730,20,0.0013698630136986301,0.45,0.05029296875
f4_excess_strat_ldhn,global_target,2708_0.72_1.57.png,0.4967157542705536,619,36,0.0,0.3055555555555556,0.049560546875
f4_excess_strat_ldhn,global_target,2710_0.56_1.69.png,0.4967157542705536,8,213,0.0,0.5023474178403756,0.089599609375
f4_excess_strat_ldhn,global_target,2712_0.65_1.83.png,0.4967157542705536,16,159,0.0,0.5723270440251572,0.096435546875
f4_excess_strat_ldhn,global_target,2714_0.9_1.77.png,0.4967157542705536,225,51,0.0044444444444444444,0.43137254901960786,0.08984375
f4_excess_strat_ldhn,global_target,2739_0.95_1.39.png,0.4967157542705536,1532,136,0.04046997389033943,0.7279411764705882,0.14208984375
f4_excess_strat_ldhn,global_target,2744_0.6_1.82.png,0.4967157542705536,151,188,0.4370860927152318,0.23404255319148937,0.3271484375
f4_excess_strat_ldhn,global_target,2747_0.87_1.0.png,0.4967157542705536,1686,160,0.02491103202846975,0.53125,0.122314453125
f4_excess_strat_ldhn,global_target,2754_0.83_1.45.png,0.4967157542705536,338,281,0.14497041420118342,0.29537366548042704,0.212890625
f4_excess_strat_ldhn,global_target,2759_0.52_1.32.png,0.4967157542705536,525,273,0.6247619047619047,0.34065934065934067,0.301513671875
f4_excess_strat_ldhn,global_target,2763_0.83_1.04.png,0.4967157542705536,1476,223,0.11043360433604336,0.2556053811659193,0.1787109375
f4_excess_strat_ldhn,global_target,2767_0.69_0.71.png,0.4967157542705536,2066,346,0.32623426911907066,0.3092485549132948,0.322509765625
f4_excess_strat_ldhn,global_target,2769_0.81_1.94.png,0.4967157542705536,923,365,0.2221018418201517,0.4821917808219178,0.283203125
f4_excess_strat_ldhn,global_target,2771_0.52_0.87.png,0.4967157542705536,2058,326,0.43974732750242956,0.3220858895705521,0.360595703125
f4_excess_strat_ldhn,global_target,2775_0.9_0.66.png,0.4967157542705536,627,69,0.006379585326953748,0.6231884057971014,0.111572265625
f4_excess_strat_ldhn,global_target,2779_0.73_0.56.png,0.4967157542705536,1557,482,0.15478484264611433,0.43568464730290457,0.1884765625
f4_excess_strat_ldhn,global_target,2783_0.78_1.9.png,0.4967157542705536,275,142,0.19636363636363635,0.704225352112676,0.43798828125
f4_excess_strat_ldhn,global_target,2784_0.56_0.55.png,0.4967157542705536,2507,101,0.2592740327084164,0.21782178217821782,0.273681640625
f4_excess_strat_ldhn,global_target,2786_0.88_1.47.png,0.4967157542705536,879,225,0.4539249146757679,0.5644444444444444,0.3212890625
f4_excess_strat_ldhn,global_target,2790_0.56_1.84.png,0.4967157542705536,778,76,0.0012853470437017994,0.4868421052631579,0.066162109375
f4_excess_strat_ldhn,global_target,2791_0.51_1.66.png,0.4967157542705536,983,84,0.001017293997965412,0.5238095238095238,0.060302734375
f4_excess_strat_ldhn,global_target,2792_0.52_0.69.png,0.4967157542705536,1837,58,0.00326619488296135,0.27586206896551724,0.01904296875
f4_excess_strat_ldhn,global_target,2794_0.8_0.92.png,0.4967157542705536,274,61,0.06569343065693431,0.19672131147540983,0.16064453125
f4_excess_strat_ldhn,global_target,2800_0.75_0.87.png,0.4967157542705536,775,1040,0.5238709677419355,0.6682692307692307,0.57275390625
f4_excess_strat_ldhn,global_target,2807_0.78_0.64.png,0.4967157542705536,3344,55,0.17464114832535885,0.2545454545454545,0.19873046875
f4_excess_strat_ldhn,global_target,2809_0.86_1.19.png,0.4967157542705536,997,109,0.1945837512537613,0.7064220183486238,0.28759765625
f4_excess_strat_ldhn,global_target,281_0.93_1.17.png,0.4967157542705536,0,82,nan,0.9024390243902439,0.1689453125
f4_excess_strat_ldhn,global_target,2820_0.87_0.91.png,0.4967157542705536,702,328,0.2492877492877493,0.7652439024390244,0.248046875
f4_excess_strat_ldhn,global_target,2827_0.92_0.93.png,0.4967157542705536,799,133,0.03128911138923655,0.46616541353383456,0.050048828125
f4_excess_strat_ldhn,global_target,2828_0.98_1.23.png,0.4967157542705536,352,213,0.036931818181818184,0.37089201877934275,0.060546875
f4_excess_strat_ldhn,global_target,282_0.95_1.38.png,0.4967157542705536,0,62,nan,0.9032258064516129,0.140869140625
f4_excess_strat_ldhn,global_target,283_0.71_1.63.png,0.4967157542705536,0,188,nan,0.9627659574468085,0.236328125
f4_excess_strat_ldhn,global_target,2843_0.7_0.5.png,0.4967157542705536,1975,296,0.030886075949367087,0.28378378378378377,0.08837890625
f4_excess_strat_ldhn,global_target,2844_0.58_0.74.png,0.4967157542705536,1972,202,0.04411764705882353,0.2722772277227723,0.133056640625
f4_excess_strat_ldhn,global_target,2845_0.61_0.81.png,0.4967157542705536,1540,138,0.2577922077922078,0.47101449275362317,0.25390625
f4_excess_strat_ldhn,global_target,2862_0.91_1.23.png,0.4967157542705536,403,265,0.1687344913151365,0.6226415094339622,0.127197265625
f4_excess_strat_ldhn,global_target,2872_0.75_1.98.png,0.4967157542705536,55,63,0.01818181818181818,0.5238095238095238,0.162841796875
f4_excess_strat_ldhn,global_target,2877_0.98_1.2.png,0.4967157542705536,770,878,0.5233766233766234,0.7904328018223234,0.42578125
f4_excess_strat_ldhn,global_target,2884_0.65_1.22.png,0.4967157542705536,1275,316,0.41411764705882353,0.5348101265822784,0.33544921875
f4_excess_strat_ldhn,global_target,288_0.77_1.7.png,0.4967157542705536,34,965,0.8529411764705882,0.9637305699481865,0.33251953125
f4_excess_strat_ldhn,global_target,2896_0.84_0.74.png,0.4967157542705536,2006,177,0.4476570289132602,0.6836158192090396,0.533935546875
f4_excess_strat_ldhn,global_target,2899_0.92_1.08.png,0.4967157542705536,215,200,0.2930232558139535,0.58,0.164306640625
f4_excess_strat_ldhn,global_target,28_0.54_1.24.png,0.4967157542705536,295,1459,0.8677966101694915,0.9115832762165867,0.65966796875
f4_excess_strat_ldhn,global_target,2901_0.59_1.0.png,0.4967157542705536,2152,224,0.9451672862453532,0.8794642857142857,0.898193359375
f4_excess_strat_ldhn,global_target,2905_0.99_0.96.png,0.4967157542705536,405,652,0.2123456790123457,0.4279141104294479,0.22998046875
f4_excess_strat_ldhn,global_target,2916_0.62_1.39.png,0.4967157542705536,430,395,0.17674418604651163,0.40759493670886077,0.208984375
f4_excess_strat_ldhn,global_target,2918_0.6_1.92.png,0.4967157542705536,545,218,0.4091743119266055,0.7155963302752294,0.362548828125
f4_excess_strat_ldhn,global_target,2926_0.6_1.32.png,0.4967157542705536,54,3,0.7777777777777778,1.0,0.082763671875
f4_excess_strat_ldhn,global_target,2928_0.93_0.58.png,0.4967157542705536,183,16,0.01092896174863388,0.4375,0.015380859375
f4_excess_strat_ldhn,global_target,2941_0.7_1.3.png,0.4967157542705536,444,428,0.5427927927927928,0.7757009345794392,0.49755859375
f4_excess_strat_ldhn,global_target,2953_0.65_1.26.png,0.4967157542705536,1339,248,0.11725168035847648,0.35080645161290325,0.21826171875
f4_excess_strat_ldhn,global_target,2955_0.54_1.51.png,0.4967157542705536,901,271,0.195338512763596,0.17712177121771217,0.272216796875
f4_excess_strat_ldhn,global_target,2963_0.61_1.33.png,0.4967157542705536,1047,156,0.47182425978987586,0.6666666666666666,0.3984375
f4_excess_strat_ldhn,global_target,2966_0.98_0.67.png,0.4967157542705536,803,421,0.049813200498132,0.42042755344418054,0.14111328125
f4_excess_strat_ldhn,global_target,2978_0.94_1.66.png,0.4967157542705536,37,17,0.08108108108108109,0.7647058823529411,0.159423828125
f4_excess_strat_ldhn,global_target,2991_0.88_1.4.png,0.4967157542705536,640,522,0.09375,0.2681992337164751,0.303955078125
f4_excess_strat_ldhn,global_target,2994_0.81_0.58.png,0.4967157542705536,1788,230,0.06879194630872483,0.25217391304347825,0.126708984375
f4_excess_strat_ldhn,global_target,2996_0.97_1.99.png,0.4967157542705536,430,87,0.03255813953488372,0.5172413793103449,0.283935546875
f4_excess_strat_ldhn,global_target,299_0.79_0.75.png,0.4967157542705536,140,170,0.02857142857142857,0.9882352941176471,0.14404296875
f4_excess_strat_ldhn,global_target,300_0.72_1.88.png,0.4967157542705536,0,273,nan,0.9816849816849816,0.186279296875
f4_excess_strat_ldhn,global_target,302_0.67_0.9.png,0.4967157542705536,294,272,0.3163265306122449,0.5367647058823529,0.54248046875
f4_excess_strat_ldhn,global_target,303_0.68_0.54.png,0.4967157542705536,484,388,0.1797520661157025,0.4948453608247423,0.388916015625
f4_excess_strat_ldhn,global_target,309_0.52_0.96.png,0.4967157542705536,56,205,0.0,0.7902439024390244,0.150634765625
f4_excess_strat_ldhn,global_target,319_0.87_1.65.png,0.4967157542705536,13,1693,0.15384615384615385,0.9775546367395157,0.49072265625
f4_excess_strat_ldhn,global_target,325_0.68_1.71.png,0.4967157542705536,64,287,0.84375,0.9128919860627178,0.385986328125
f4_excess_strat_ldhn,global_target,326_0.56_0.94.png,0.4967157542705536,588,529,0.4574829931972789,0.7391304347826086,0.383056640625
f4_excess_strat_ldhn,global_target,33_0.9_0.83.png,0.4967157542705536,302,544,0.8543046357615894,0.6268382352941176,0.329833984375
f4_excess_strat_ldhn,global_target,344_0.57_1.11.png,0.4967157542705536,8,271,1.0,0.8523985239852399,0.558349609375
f4_excess_strat_ldhn,global_target,349_0.53_1.37.png,0.4967157542705536,0,823,nan,0.5309842041312273,0.1416015625
f4_excess_strat_ldhn,global_target,34_0.67_1.92.png,0.4967157542705536,22,554,0.0,0.4855595667870036,0.141845703125
f4_excess_strat_ldhn,global_target,355_0.85_0.53.png,0.4967157542705536,114,461,0.07017543859649122,0.049891540130151846,0.03759765625
f4_excess_strat_ldhn,global_target,356_0.65_0.6.png,0.4967157542705536,352,884,0.03977272727272727,0.11538461538461539,0.075439453125
f4_excess_strat_ldhn,global_target,361_0.83_0.87.png,0.4967157542705536,169,1068,0.16568047337278108,0.8707865168539326,0.397705078125
f4_excess_strat_ldhn,global_target,363_0.77_0.88.png,0.4967157542705536,128,746,0.359375,0.8176943699731903,0.404052734375
f4_excess_strat_ldhn,global_target,365_0.89_1.63.png,0.4967157542705536,3,176,0.3333333333333333,0.8920454545454546,0.27734375
f4_excess_strat_ldhn,global_target,367_0.56_0.63.png,0.4967157542705536,1559,287,0.18088518280949326,0.18118466898954705,0.175537109375
f4_excess_strat_ldhn,global_target,377_0.97_1.14.png,0.4967157542705536,59,451,0.13559322033898305,0.3082039911308204,0.15673828125
f4_excess_strat_ldhn,global_target,382_0.85_0.82.png,0.4967157542705536,27,422,0.25925925925925924,0.7962085308056872,0.473876953125
f4_excess_strat_ldhn,global_target,383_0.87_0.78.png,0.4967157542705536,222,387,0.8423423423423423,0.7545219638242894,0.46826171875
f4_excess_strat_ldhn,global_target,386_0.91_1.27.png,0.4967157542705536,2,38,1.0,0.8421052631578947,0.14501953125
f4_excess_strat_ldhn,global_target,400_0.99_1.08.png,0.4967157542705536,201,365,0.27860696517412936,0.852054794520548,0.363525390625
f4_excess_strat_ldhn,global_target,407_0.59_0.69.png,0.4967157542705536,97,29,0.08247422680412371,0.2413793103448276,0.0791015625
f4_excess_strat_ldhn,global_target,414_0.52_1.27.png,0.4967157542705536,151,596,0.7682119205298014,0.9161073825503355,0.677734375
f4_excess_strat_ldhn,global_target,423_0.92_0.7.png,0.4967157542705536,110,360,0.8818181818181818,0.6972222222222222,0.353271484375
f4_excess_strat_ldhn,global_target,439_0.95_1.86.png,0.4967157542705536,25,11,0.0,0.2727272727272727,0.170654296875
f4_excess_strat_ldhn,global_target,440_0.72_1.73.png,0.4967157542705536,4,1,0.0,0.0,0.098388671875
f4_excess_strat_ldhn,global_target,446_0.72_1.25.png,0.4967157542705536,110,234,1.0,0.8760683760683761,0.614013671875
f4_excess_strat_ldhn,global_target,449_0.79_1.15.png,0.4967157542705536,242,99,0.8388429752066116,0.23232323232323232,0.374755859375
f4_excess_strat_ldhn,global_target,454_0.63_0.9.png,0.4967157542705536,945,740,0.10264550264550265,0.8040540540540541,0.341796875
f4_excess_strat_ldhn,global_target,455_0.55_1.99.png,0.4967157542705536,3,336,1.0,0.8363095238095238,0.38525390625
f4_excess_strat_ldhn,global_target,459_0.9_0.51.png,0.4967157542705536,470,759,0.20212765957446807,0.47299077733860345,0.215087890625
f4_excess_strat_ldhn,global_target,470_0.8_0.94.png,0.4967157542705536,129,977,0.4186046511627907,0.706243602865916,0.427734375
f4_excess_strat_ldhn,global_target,471_0.9_1.29.png,0.4967157542705536,42,306,0.40476190476190477,0.6013071895424836,0.34716796875
f4_excess_strat_ldhn,global_target,479_0.58_1.54.png,0.4967157542705536,836,176,1.0,0.7897727272727273,0.451904296875
f4_excess_strat_ldhn,global_target,483_0.88_1.16.png,0.4967157542705536,197,166,0.9137055837563451,0.3313253012048193,0.28857421875
f4_excess_strat_ldhn,global_target,484_0.58_1.89.png,0.4967157542705536,102,188,1.0,0.9627659574468085,0.385498046875
f4_excess_strat_ldhn,global_target,490_0.83_1.67.png,0.4967157542705536,190,30,0.531578947368421,1.0,0.059814453125
f4_excess_strat_ldhn,global_target,492_0.61_1.32.png,0.4967157542705536,209,79,0.8373205741626795,0.8481012658227848,0.12451171875
f4_excess_strat_ldhn,global_target,4_0.84_1.98.png,0.4967157542705536,76,207,0.13157894736842105,0.34299516908212563,0.07421875
f4_excess_strat_ldhn,global_target,507_0.74_1.31.png,0.4967157542705536,233,1496,1.0,0.9799465240641712,0.6318359375
f4_excess_strat_ldhn,global_target,508_0.87_0.92.png,0.4967157542705536,219,918,0.8812785388127854,0.9357298474945533,0.56689453125
f4_excess_strat_ldhn,global_target,50_0.82_1.93.png,0.4967157542705536,23,644,0.6086956521739131,0.9565217391304348,0.43408203125
f4_excess_strat_ldhn,global_target,517_0.95_1.51.png,0.4967157542705536,4,256,0.0,0.640625,0.17041015625
f4_excess_strat_ldhn,global_target,525_0.65_1.46.png,0.4967157542705536,135,227,0.7111111111111111,0.7929515418502202,0.287109375
f4_excess_strat_ldhn,global_target,531_0.55_1.19.png,0.4967157542705536,151,388,0.3708609271523179,0.7628865979381443,0.26123046875
f4_excess_strat_ldhn,global_target,533_0.96_1.51.png,0.4967157542705536,9,130,0.8888888888888888,0.7692307692307693,0.361572265625
f4_excess_strat_ldhn,global_target,535_0.78_1.25.png,0.4967157542705536,89,1099,0.9438202247191011,0.9472247497725205,0.496826171875
f4_excess_strat_ldhn,global_target,540_0.92_1.97.png,0.4967157542705536,0,18,nan,0.6666666666666666,0.147705078125
f4_excess_strat_ldhn,global_target,542_0.55_1.46.png,0.4967157542705536,14,188,0.6428571428571429,0.6542553191489362,0.412109375
f4_excess_strat_ldhn,global_target,547_0.79_1.67.png,0.4967157542705536,32,1308,0.5625,0.9311926605504587,0.690185546875
f4_excess_strat_ldhn,global_target,551_0.75_1.66.png,0.4967157542705536,28,1676,0.03571428571428571,0.9821002386634845,0.839111328125
f4_excess_strat_ldhn,global_target,556_0.86_1.79.png,0.4967157542705536,8,357,1.0,0.4341736694677871,0.42236328125
f4_excess_strat_ldhn,global_target,565_0.76_1.56.png,0.4967157542705536,47,830,1.0,0.9734939759036144,0.74853515625
f4_excess_strat_ldhn,global_target,574_0.65_1.38.png,0.4967157542705536,0,1434,nan,1.0,0.536376953125
f4_excess_strat_ldhn,global_target,575_0.71_1.7.png,0.4967157542705536,0,961,nan,0.9760665972944849,0.4462890625
f4_excess_strat_ldhn,global_target,576_0.84_1.69.png,0.4967157542705536,7,495,0.7142857142857143,0.11515151515151516,0.156982421875
f4_excess_strat_ldhn,global_target,581_0.54_1.36.png,0.4967157542705536,56,40,0.0,0.925,0.031982421875
f4_excess_strat_ldhn,global_target,585_0.6_0.89.png,0.4967157542705536,187,1128,0.8235294117647058,0.9476950354609929,0.458984375
f4_excess_strat_ldhn,global_target,590_0.65_0.94.png,0.4967157542705536,467,1642,0.2505353319057816,0.6942752740560292,0.52587890625
f4_excess_strat_ldhn,global_target,593_0.64_0.82.png,0.4967157542705536,152,78,0.6381578947368421,0.782051282051282,0.105712890625
f4_excess_strat_ldhn,global_target,595_0.78_1.11.png,0.4967157542705536,70,156,0.42857142857142855,0.6474358974358975,0.0927734375
f4_excess_strat_ldhn,global_target,596_0.55_0.89.png,0.4967157542705536,204,80,0.8235294117647058,0.875,0.119384765625
f4_excess_strat_ldhn,global_target,59_0.59_1.43.png,0.4967157542705536,33,798,1.0,0.9849624060150376,0.547607421875
f4_excess_strat_ldhn,global_target,603_0.67_1.99.png,0.4967157542705536,0,3,nan,1.0,0.297119140625
f4_excess_strat_ldhn,global_target,605_0.58_0.77.png,0.4967157542705536,256,855,1.0,0.7415204678362574,0.5390625
f4_excess_strat_ldhn,global_target,609_0.58_1.34.png,0.4967157542705536,101,339,0.8316831683168316,0.7404129793510325,0.45556640625
f4_excess_strat_ldhn,global_target,614_0.95_0.72.png,0.4967157542705536,141,319,0.0,0.006269592476489028,0.04052734375
f4_excess_strat_ldhn,global_target,618_0.66_1.24.png,0.4967157542705536,72,280,0.20833333333333334,0.7142857142857143,0.13232421875
f4_excess_strat_ldhn,global_target,61_0.71_1.08.png,0.4967157542705536,164,522,0.7560975609756098,0.6743295019157088,0.33740234375
f4_excess_strat_ldhn,global_target,624_0.88_1.47.png,0.4967157542705536,39,133,0.7948717948717948,0.8421052631578947,0.30712890625
f4_excess_strat_ldhn,global_target,638_0.73_1.34.png,0.4967157542705536,95,997,0.5473684210526316,0.21464393179538616,0.239013671875
f4_excess_strat_ldhn,global_target,653_0.78_0.53.png,0.4967157542705536,39,79,0.0,0.012658227848101266,0.008056640625
f4_excess_strat_ldhn,global_target,659_0.86_0.85.png,0.4967157542705536,47,1184,1.0,0.9940878378378378,0.43408203125
f4_excess_strat_ldhn,global_target,661_0.6_1.84.png,0.4967157542705536,1,367,1.0,0.8256130790190735,0.537353515625
f4_excess_strat_ldhn,global_target,663_0.87_1.75.png,0.4967157542705536,0,216,nan,0.8240740740740741,0.40966796875
f4_excess_strat_ldhn,global_target,674_0.93_0.72.png,0.4967157542705536,827,200,0.6360338573155986,0.76,0.4296875
f4_excess_strat_ldhn,global_target,676_0.53_1.48.png,0.4967157542705536,65,206,1.0,0.9660194174757282,0.556640625
f4_excess_strat_ldhn,global_target,681_0.66_0.67.png,0.4967157542705536,265,617,0.7358490566037735,0.6126418152350082,0.56103515625
f4_excess_strat_ldhn,global_target,683_0.9_1.98.png,0.4967157542705536,110,399,1.0,0.9974937343358395,0.464599609375
f4_excess_strat_ldhn,global_target,686_0.62_0.82.png,0.4967157542705536,115,911,0.3565217391304348,0.3062568605927552,0.2861328125
f4_excess_strat_ldhn,global_target,687_0.89_1.42.png,0.4967157542705536,104,870,0.5096153846153846,0.8137931034482758,0.39794921875
f4_excess_strat_ldhn,global_target,68_0.75_1.58.png,0.4967157542705536,31,233,0.03225806451612903,0.4248927038626609,0.063232421875
f4_excess_strat_ldhn,global_target,692_0.69_1.32.png,0.4967157542705536,16,1834,1.0,0.6553980370774264,0.79248046875
f4_excess_strat_ldhn,global_target,693_0.92_1.29.png,0.4967157542705536,0,273,nan,0.8571428571428571,0.280517578125
f4_excess_strat_ldhn,global_target,695_0.53_0.7.png,0.4967157542705536,404,583,0.9232673267326733,0.7718696397941681,0.6376953125
f4_excess_strat_ldhn,global_target,69_0.76_0.64.png,0.4967157542705536,40,1273,0.1,0.816967792615868,0.37255859375
f4_excess_strat_ldhn,global_target,706_0.58_1.34.png,0.4967157542705536,8,1202,1.0,0.9201331114808652,0.32763671875
f4_excess_strat_ldhn,global_target,714_0.84_0.79.png,0.4967157542705536,675,192,0.5674074074074074,0.5052083333333334,0.1982421875
f4_excess_strat_ldhn,global_target,715_0.73_0.85.png,0.4967157542705536,444,184,0.7657657657657657,0.592391304347826,0.218017578125
f4_excess_strat_ldhn,global_target,718_0.91_1.21.png,0.4967157542705536,28,148,0.35714285714285715,0.1891891891891892,0.1552734375
f4_excess_strat_ldhn,global_target,719_0.61_0.7.png,0.4967157542705536,134,668,0.09701492537313433,0.47005988023952094,0.2265625
f4_excess_strat_ldhn,global_target,720_0.62_1.27.png,0.4967157542705536,12,92,0.5833333333333334,0.6304347826086957,0.30322265625
f4_excess_strat_ldhn,global_target,728_0.58_1.55.png,0.4967157542705536,101,144,1.0,0.9861111111111112,0.7548828125
f4_excess_strat_ldhn,global_target,72_0.7_1.07.png,0.4967157542705536,25,204,1.0,0.8627450980392157,0.4169921875
f4_excess_strat_ldhn,global_target,731_0.85_1.53.png,0.4967157542705536,8,1079,1.0,1.0,0.49462890625
f4_excess_strat_ldhn,global_target,735_0.5_1.46.png,0.4967157542705536,225,509,0.4577777777777778,0.9783889980353635,0.265869140625
f4_excess_strat_ldhn,global_target,743_0.75_1.36.png,0.4967157542705536,9,33,1.0,1.0,0.3271484375
f4_excess_strat_ldhn,global_target,744_0.9_0.99.png,0.4967157542705536,6,51,0.8333333333333334,1.0,0.0927734375
f4_excess_strat_ldhn,global_target,746_0.64_0.98.png,0.4967157542705536,328,282,0.7804878048780488,0.21631205673758866,0.2138671875
f4_excess_strat_ldhn,global_target,748_0.79_0.91.png,0.4967157542705536,107,526,0.8317757009345794,0.0779467680608365,0.129150390625
f4_excess_strat_ldhn,global_target,751_0.7_1.66.png,0.4967157542705536,30,81,1.0,0.19753086419753085,0.131591796875
f4_excess_strat_ldhn,global_target,752_0.78_0.7.png,0.4967157542705536,43,367,0.046511627906976744,0.2016348773841962,0.111083984375
f4_excess_strat_ldhn,global_target,755_0.86_0.67.png,0.4967157542705536,219,1191,0.1735159817351598,0.0688497061293031,0.09814453125
f4_excess_strat_ldhn,global_target,756_0.9_1.88.png,0.4967157542705536,3,323,0.0,0.6439628482972136,0.441650390625
f4_excess_strat_ldhn,global_target,778_0.99_1.06.png,0.4967157542705536,17,527,0.0,0.6337760910815939,0.195556640625
f4_excess_strat_ldhn,global_target,781_0.51_1.6.png,0.4967157542705536,64,877,0.875,0.7331812998859749,0.802734375
f4_excess_strat_ldhn,global_target,785_0.71_1.08.png,0.4967157542705536,1329,115,0.9939804364183596,0.9217391304347826,0.703125
f4_excess_strat_ldhn,global_target,787_0.88_0.71.png,0.4967157542705536,52,117,0.6153846153846154,0.7948717948717948,0.5224609375
f4_excess_strat_ldhn,global_target,791_0.89_1.37.png,0.4967157542705536,78,214,0.7692307692307693,0.6074766355140186,0.526611328125
f4_excess_strat_ldhn,global_target,793_0.71_0.66.png,0.4967157542705536,749,366,0.3711615487316422,0.38524590163934425,0.222412109375
f4_excess_strat_ldhn,global_target,799_0.65_0.7.png,0.4967157542705536,1021,20,0.9373163565132223,0.7,0.38525390625
f4_excess_strat_ldhn,global_target,79_0.62_1.54.png,0.4967157542705536,9,710,1.0,0.9985915492957746,0.71484375
f4_excess_strat_ldhn,global_target,7_0.89_0.6.png,0.4967157542705536,61,347,0.06557377049180328,0.4783861671469741,0.301513671875
f4_excess_strat_ldhn,global_target,805_0.75_1.2.png,0.4967157542705536,134,769,1.0,0.976592977893368,0.833740234375
f4_excess_strat_ldhn,global_target,80_0.99_1.95.png,0.4967157542705536,0,73,nan,1.0,0.21533203125
f4_excess_strat_ldhn,global_target,810_0.78_1.52.png,0.4967157542705536,70,1756,0.17142857142857143,0.775626423690205,0.62890625
f4_excess_strat_ldhn,global_target,812_0.59_0.82.png,0.4967157542705536,129,2311,0.11627906976744186,0.6637819125919515,0.581787109375
f4_excess_strat_ldhn,global_target,814_0.63_1.29.png,0.4967157542705536,128,162,0.2734375,0.9506172839506173,0.41455078125
f4_excess_strat_ldhn,global_target,819_0.5_1.85.png,0.4967157542705536,27,978,0.9259259259259259,0.7239263803680982,0.71142578125
f4_excess_strat_ldhn,global_target,826_0.81_1.2.png,0.4967157542705536,2,114,1.0,0.5087719298245614,0.421142578125
f4_excess_strat_ldhn,global_target,83_0.64_1.88.png,0.4967157542705536,101,62,0.9801980198019802,0.9838709677419355,0.446044921875
f4_excess_strat_ldhn,global_target,844_0.99_1.22.png,0.4967157542705536,573,349,0.15532286212914484,0.7077363896848138,0.142822265625
f4_excess_strat_ldhn,global_target,849_0.55_0.6.png,0.4967157542705536,1989,401,0.41729512317747613,0.9376558603491272,0.632080078125
f4_excess_strat_ldhn,global_target,85_1.0_1.41.png,0.4967157542705536,157,405,0.3821656050955414,0.6271604938271605,0.344482421875
f4_excess_strat_ldhn,global_target,860_0.73_1.11.png,0.4967157542705536,89,1177,1.0,0.9949022939677146,0.389404296875
f4_excess_strat_ldhn,global_target,862_0.69_1.5.png,0.4967157542705536,70,401,0.9,0.8553615960099751,0.4130859375
f4_excess_strat_ldhn,global_target,872_0.51_0.78.png,0.4967157542705536,51,1430,1.0,0.6216783216783217,0.64404296875
f4_excess_strat_ldhn,global_target,875_0.87_1.74.png,0.4967157542705536,1,156,1.0,1.0,0.235595703125
f4_excess_strat_ldhn,global_target,881_0.6_1.13.png,0.4967157542705536,19,180,0.05263157894736842,0.3333333333333333,0.329833984375
f4_excess_strat_ldhn,global_target,882_0.95_1.36.png,0.4967157542705536,5,742,1.0,0.3140161725067385,0.208740234375
f4_excess_strat_ldhn,global_target,886_0.89_0.98.png,0.4967157542705536,132,1216,0.9166666666666666,0.9851973684210527,0.55908203125
f4_excess_strat_ldhn,global_target,88_0.98_1.99.png,0.4967157542705536,90,380,0.43333333333333335,0.7526315789473684,0.451171875
f4_excess_strat_ldhn,global_target,899_0.93_1.74.png,0.4967157542705536,124,133,0.28225806451612906,0.9548872180451128,0.545654296875
f4_excess_strat_ldhn,global_target,900_0.91_0.72.png,0.4967157542705536,469,251,0.18336886993603413,0.6055776892430279,0.1962890625
f4_excess_strat_ldhn,global_target,903_0.81_0.73.png,0.4967157542705536,339,257,0.8849557522123894,0.9571984435797666,0.42724609375
f4_excess_strat_ldhn,global_target,921_0.67_1.07.png,0.4967157542705536,22,450,0.8181818181818182,0.8711111111111111,0.59814453125
f4_excess_strat_ldhn,global_target,922_0.74_0.99.png,0.4967157542705536,37,299,0.918918918918919,0.7591973244147158,0.41259765625
f4_excess_strat_ldhn,global_target,923_0.59_1.48.png,0.4967157542705536,7,437,1.0,0.9359267734553776,0.651123046875
f4_excess_strat_ldhn,global_target,928_0.52_1.15.png,0.4967157542705536,277,701,0.7220216606498195,0.8944365192582026,0.373046875
f4_excess_strat_ldhn,global_target,92_0.7_0.93.png,0.4967157542705536,84,114,0.38095238095238093,0.017543859649122806,0.171142578125
f4_excess_strat_ldhn,global_target,940_0.91_1.03.png,0.4967157542705536,287,58,0.013937282229965157,0.9310344827586207,0.046630859375
f4_excess_strat_ldhn,global_target,944_0.59_1.51.png,0.4967157542705536,1034,5,0.02611218568665377,0.0,0.041748046875
f4_excess_strat_ldhn,global_target,94_0.62_1.46.png,0.4967157542705536,0,423,nan,0.7092198581560284,0.5048828125
f4_excess_strat_ldhn,global_target,952_0.74_0.72.png,0.4967157542705536,738,1634,0.5975609756097561,0.6548347613219094,0.590576171875
f4_excess_strat_ldhn,global_target,953_0.95_0.84.png,0.4967157542705536,87,1,0.19540229885057472,0.0,0.017333984375
f4_excess_strat_ldhn,global_target,955_0.94_0.9.png,0.4967157542705536,75,2,0.18666666666666668,0.0,0.01806640625
f4_excess_strat_ldhn,global_target,956_0.55_1.4.png,0.4967157542705536,93,1085,0.967741935483871,0.9843317972350231,0.4853515625
f4_excess_strat_ldhn,global_target,95_0.85_1.33.png,0.4967157542705536,189,42,0.19047619047619047,0.7142857142857143,0.253662109375
f4_excess_strat_ldhn,global_target,965_0.67_1.91.png,0.4967157542705536,11,55,1.0,1.0,0.2412109375
f4_excess_strat_ldhn,global_target,975_0.8_1.05.png,0.4967157542705536,31,521,0.9032258064516129,0.982725527831094,0.239501953125
f4_excess_strat_ldhn,global_target,979_0.96_0.5.png,0.4967157542705536,351,740,0.02849002849002849,0.5824324324324325,0.160888671875
f4_excess_strat_ldhn,global_target,984_0.67_1.7.png,0.4967157542705536,18,60,1.0,0.8666666666666667,0.2763671875
f4_excess_strat_ldhn,global_target,985_0.85_0.52.png,0.4967157542705536,473,550,0.0,0.8927272727272727,0.139404296875
f4_excess_strat_ldhn,global_target,987_0.56_1.81.png,0.4967157542705536,22,495,1.0,0.9797979797979798,0.201171875
f4_excess_strat_ldhn,global_target,98_0.97_1.56.png,0.4967157542705536,68,187,0.9705882352941176,0.839572192513369,0.28369140625
f4_excess_strat_ldhn,global_target,993_0.96_1.77.png,0.4967157542705536,32,198,0.6875,0.7474747474747475,0.099365234375
f4_excess_strat_ldhn,global_target,996_0.93_0.78.png,0.4967157542705536,368,427,0.6847826086956522,0.9531615925058547,0.29248046875
f4_excess_strat_ldhn,global_target,999_0.77_1.81.png,0.4967157542705536,0,173,nan,1.0,0.354736328125
f4_excess_strat_ldhn,global_target,99_0.79_1.39.png,0.4967157542705536,21,437,0.8571428571428571,0.9244851258581236,0.5380859375
f4_excess_strat_ldhn,global_target,9_0.71_0.66.png,0.4967157542705536,204,6,0.10294117647058823,0.3333333333333333,0.1103515625
