name,split,A0_PSNR,A0_SSIM,student_PSNR,student_SSIM,dPSNR,dSSIM,residual_mean_abs,raw_residual_mean_abs,ll_residual_mean_abs,color_shift,clip_ratio,input_dark_channel_mean,input_low_texture_proxy,sky_highlight_proxy,haze_param_t,haze_param_beta
1012_0.85_1.28.png,val_regular,38.41431427001953,0.9647197127342224,38.54901123046875,0.9666263461112976,0.13469696044921875,0.0019066333770751953,0.000891378556843847,0.003565514227375388,0.0017827494302764535,0.0008836239576339722,0.0016312500229105353,0.4600957930088043,0.029112091287970543,0.06684374809265137,0.85,1.28
1016_0.8_1.72.png,val_regular,39.61286163330078,0.9955519437789917,39.57536697387695,0.9954050779342651,-0.037494659423828125,-0.0001468658447265625,0.0015490949153900146,0.006196379661560059,0.0030981888994574547,0.001560727832838893,0.0036604166962206364,0.6149551868438721,0.011579803191125393,0.31971248984336853,0.8,1.72
1023_0.5_1.87.png,val_regular,37.46149444580078,0.9967917203903198,37.790279388427734,0.9969097971916199,0.3287849426269531,0.00011807680130004883,0.0008098446414805949,0.0032393785659223795,0.001618913491256535,0.0003053347463719547,0.005089583341032267,0.558870792388916,0.018685389310121536,0.08761874586343765,0.5,1.87
1031_0.76_0.7.png,val_regular,42.83445358276367,0.99848473072052,42.379207611083984,0.9985413551330566,-0.4552459716796875,5.6624412536621094e-05,0.0007704310701228678,0.0030817242804914713,0.0015408503822982311,0.0007501344080083072,0.01067916676402092,0.5576941967010498,0.02238466590642929,0.37184998393058777,0.76,0.7
1035_0.76_1.14.png,val_regular,33.746826171875,0.9929184913635254,34.614864349365234,0.9933414459228516,0.8680381774902344,0.0004229545593261719,0.002149810316041112,0.008599241264164448,0.0042996155098080635,0.0021547279320657253,0.0014229166554287076,0.5399232506752014,0.012314347550272942,0.15732499957084656,0.76,1.14
1037_0.89_0.54.png,val_regular,35.944435119628906,0.9982537031173706,35.76210403442383,0.9982262849807739,-0.18233108520507812,-2.7418136596679688e-05,0.0006280913949012756,0.0025123655796051025,0.0012561352923512459,0.0006277859210968018,2.0833333564951317e-06,0.4881669282913208,0.02246810495853424,0.24946250021457672,0.89,0.54
1039_0.79_1.79.png,val_regular,32.14397430419922,0.9955849051475525,32.03633499145508,0.9955245852470398,-0.10763931274414062,-6.031990051269531e-05,0.0014353072037920356,0.005741228815168142,0.0028706120792776346,0.001435657381080091,0.0002166666672565043,0.6588711738586426,0.015557206235826015,0.37017500400543213,0.79,1.79
1063_0.51_1.61.png,val_regular,34.0552864074707,0.9881882667541504,34.41279983520508,0.9888870120048523,0.357513427734375,0.0006987452507019043,0.0014545362209901214,0.0058181448839604855,0.0029090361203998327,0.001491248607635498,0.008508333005011082,0.6171346306800842,0.008273383602499962,0.41071873903274536,0.51,1.61
1076_0.71_1.18.png,val_regular,35.237770080566406,0.9977822303771973,35.71563720703125,0.9978238344192505,0.47786712646484375,4.1604042053222656e-05,0.0012160465121269226,0.00486418604850769,0.0024320129305124283,0.0012150406837463379,0.0009770833421498537,0.507169783115387,0.014182322658598423,0.18270625174045563,0.71,1.18
1080_0.59_1.22.png,val_regular,40.86412048339844,0.9971354007720947,41.26491928100586,0.9972724914550781,0.4007987976074219,0.00013709068298339844,0.0008070014300756156,0.0032280057203024626,0.0016135480254888535,0.0008030235767364502,0.0027166667860001326,0.37846052646636963,0.03184068575501442,0.004562499932944775,0.59,1.22
1085_0.71_1.3.png,val_regular,40.45887756347656,0.9976656436920166,40.54658508300781,0.9976803660392761,0.08770751953125,1.4722347259521484e-05,0.0008915300713852048,0.003566120285540819,0.00178225664421916,0.0008737742900848389,0.0026374999433755875,0.5222198963165283,0.03507201001048088,0.13003124296665192,0.71,1.3
1087_0.68_1.22.png,val_regular,41.442237854003906,0.9981285929679871,41.53654479980469,0.9981416463851929,0.09430694580078125,1.3053417205810547e-05,0.0008199436124414206,0.0032797744497656822,0.0016389061929658055,0.0007943908567540348,0.002695833332836628,0.5006284713745117,0.036896176636219025,0.11812499910593033,0.68,1.22
1100_0.58_1.95.png,val_regular,31.112680435180664,0.9931523203849792,31.641752243041992,0.9934841394424438,0.5290718078613281,0.0003318190574645996,0.001513235503807664,0.006052942015230656,0.0030264388769865036,0.0015135209541767836,0.00026666666963137686,0.48136448860168457,0.02389727160334587,0.008331249468028545,0.58,1.95
1102_0.65_0.94.png,val_regular,29.722049713134766,0.9940279722213745,30.148372650146484,0.994382381439209,0.42632293701171875,0.00035440921783447266,0.0015635999152436852,0.006254399660974741,0.003127189353108406,0.0015633702278137207,0.0002062499988824129,0.5360153913497925,0.012170086614787579,0.23667499423027039,0.65,0.94
1110_0.92_0.77.png,val_regular,39.92817306518555,0.9984459280967712,40.386558532714844,0.9984389543533325,0.4583854675292969,-6.973743438720703e-06,0.0012702763779088855,0.005081105511635542,0.002540552755817771,0.001270294189453125,7.916666800156236e-05,0.5340155363082886,0.027075808495283127,0.31129997968673706,0.92,0.77
1122_0.94_0.53.png,val_regular,40.92900848388672,0.9982873201370239,41.41114044189453,0.9983078241348267,0.4821319580078125,2.0503997802734375e-05,0.0016537742922082543,0.006615097168833017,0.0033074847888201475,0.001650303602218628,0.00160416669677943,0.5182243585586548,0.03298855945467949,0.10243749618530273,0.94,0.53
1128_0.8_1.45.png,val_regular,37.485660552978516,0.996299684047699,37.72596740722656,0.996370792388916,0.24030685424804688,7.110834121704102e-05,0.001457868842408061,0.005831475369632244,0.002915615914389491,0.0016750892391428351,0.0746999979019165,0.6323663592338562,0.01850845292210579,0.37883123755455017,0.8,1.45
1133_0.68_1.41.png,val_regular,32.858558654785156,0.9952945113182068,32.68181228637695,0.9952507019042969,-0.17674636840820312,-4.380941390991211e-05,0.0007927969563752413,0.003171187825500965,0.0015843709697946906,0.0007380644674412906,0.005866666790097952,0.4289070665836334,0.019614551216363907,0.0714312493801117,0.68,1.41
1134_0.69_1.2.png,val_regular,32.35816955566406,0.99577397108078,32.171024322509766,0.9957093596458435,-0.18714523315429688,-6.461143493652344e-05,0.0007601540419273078,0.0030406161677092314,0.0015191659331321716,0.0007027785177342594,0.00605208333581686,0.4099627733230591,0.021124310791492462,0.07661249488592148,0.69,1.2
114_0.75_1.45.png,val_regular,33.99034881591797,0.9939260482788086,34.086273193359375,0.9941056966781616,0.09592437744140625,0.00017964839935302734,0.0016536025796085596,0.0066144103184342384,0.0033071832731366158,0.001651684520766139,0.0,0.7141883373260498,0.00895048025995493,0.49758124351501465,0.75,1.45
1157_0.56_1.98.png,val_regular,39.58294677734375,0.9974612593650818,39.88399887084961,0.9974908828735352,0.3010520935058594,2.962350845336914e-05,0.000577462138608098,0.002309848554432392,0.001152964192442596,0.00045305490493774414,0.0012479167198762298,0.47097718715667725,0.02705848030745983,0.009262499399483204,0.56,1.98
1177_0.71_1.64.png,val_regular,34.68379592895508,0.9957431554794312,35.13467788696289,0.9958126544952393,0.4508819580078125,6.949901580810547e-05,0.0013679165858775377,0.005471666343510151,0.0027358189690858126,0.0013676285743713379,5.208333459449932e-05,0.8167749643325806,0.012311426922678947,0.8576687574386597,0.71,1.64
1183_0.84_1.24.png,val_regular,34.04589080810547,0.9965027570724487,34.806419372558594,0.9967347979545593,0.760528564453125,0.0002320408821105957,0.0017644353210926056,0.007057741284370422,0.0035283376928418875,0.0017858644714578986,0.0046812500804662704,0.61786949634552,0.01993628963828087,0.41507500410079956,0.84,1.24
1200_0.97_0.52.png,val_regular,31.893531799316406,0.9975616335868835,32.552093505859375,0.9977672100067139,0.6585617065429688,0.00020557641983032227,0.0018510670633986592,0.007404268253594637,0.003702131798490882,0.0018511315574869514,5.624999903375283e-05,0.5444495677947998,0.01004130020737648,0.08113750070333481,0.97,0.52
1212_0.8_1.74.png,val_regular,30.249603271484375,0.9950138330459595,30.820968627929688,0.995345950126648,0.5713653564453125,0.00033211708068847656,0.0020246696658432484,0.008098678663372993,0.004049339331686497,0.002025038003921509,5.208333459449932e-05,0.6333192586898804,0.016690930351614952,0.5244749784469604,0.8,1.74
1233_0.54_0.63.png,val_regular,37.336830139160156,0.9981050491333008,37.15473937988281,0.9980645179748535,-0.18209075927734375,-4.0531158447265625e-05,0.0007253624498844147,0.0029014497995376587,0.0014506335137411952,0.000724365352652967,0.00016041667549870908,0.43491771817207336,0.02021314762532711,0.2199624925851822,0.54,0.63
1246_0.62_2.0.png,val_regular,33.356136322021484,0.993172287940979,33.41722869873047,0.9933022260665894,0.061092376708984375,0.00012993812561035156,0.0006711579626426101,0.0026846318505704403,0.0013420690083876252,0.0006468097562901676,0.0017104166327044368,0.5065032839775085,0.02136210724711418,0.24466873705387115,0.62,2.0
1266_0.96_1.34.png,val_regular,35.37687683105469,0.9956516623497009,36.12165832519531,0.9958157539367676,0.744781494140625,0.0001640915870666504,0.0016490916023030877,0.006596366409212351,0.0032981710974127054,0.0016513665905222297,0.0013229167088866234,0.6247888803482056,0.014390747994184494,0.44510623812675476,0.96,1.34
126_0.75_1.47.png,val_regular,28.262712478637695,0.9916788339614868,28.157129287719727,0.9916126728057861,-0.10558319091796875,-6.61611557006836e-05,0.00117256969679147,0.00469027878716588,0.002345047425478697,0.0011922717094421387,0.014168750494718552,0.603663980960846,0.020540229976177216,0.26948124170303345,0.75,1.47
1282_0.62_0.6.png,val_regular,32.4411506652832,0.9982718229293823,32.61199951171875,0.9983081817626953,0.17084884643554688,3.635883331298828e-05,0.0006887687486596406,0.002755074994638562,0.0013774721883237362,0.0006872614612802863,0.0,0.5576035380363464,0.01786256581544876,0.11514999717473984,0.62,0.6
1290_0.95_1.76.png,val_regular,32.73866271972656,0.9931913614273071,33.664520263671875,0.9934278726577759,0.9258575439453125,0.00023651123046875,0.0028886764775961637,0.011554705910384655,0.0057773529551923275,0.0029006600379943848,0.0018979166634380817,0.7849034667015076,0.011545984074473381,0.750656247138977,0.95,1.76
1291_0.62_0.59.png,val_regular,40.37092590332031,0.9990457892417908,41.092987060546875,0.9990718364715576,0.7220611572265625,2.6047229766845703e-05,0.0010128411231562495,0.004051364492624998,0.002025679452344775,0.0010223786812275648,0.0017125000013038516,0.5430497527122498,0.018392497673630714,0.136843740940094,0.62,0.59
1299_0.83_1.21.png,val_regular,41.22010040283203,0.9969713687896729,42.342369079589844,0.9973771572113037,1.1222686767578125,0.0004057884216308594,0.0013393973931670189,0.0053575895726680756,0.00267878663726151,0.0013743838062509894,0.05284374952316284,0.6032677888870239,0.010175073519349098,0.47033125162124634,0.83,1.21
1300_0.92_1.03.png,val_regular,43.76705551147461,0.9975370168685913,44.075313568115234,0.9978489279747009,0.308258056640625,0.00031191110610961914,0.0014645791379734874,0.0058583165518939495,0.0029291496612131596,0.001422325847670436,0.013847916387021542,0.6091036796569824,0.010658014565706253,0.4764937460422516,0.92,1.03
1313_0.75_1.8.png,val_regular,36.15227127075195,0.9914888739585876,36.66543197631836,0.9919610023498535,0.5131607055664062,0.00047212839126586914,0.0014868795406073332,0.005947518162429333,0.002973714377731085,0.0014869372826069593,9.791666525416076e-05,0.672710657119751,0.006331224460154772,0.38148123025894165,0.75,1.8
1317_0.53_1.87.png,val_regular,29.31026268005371,0.991305947303772,29.33257293701172,0.9912569522857666,0.022310256958007812,-4.8995018005371094e-05,0.0005546386237256229,0.0022185544949024916,0.0011064410209655762,6.651878356933594e-05,0.0045958333648741245,0.3624858856201172,0.0210429560393095,0.001312499982304871,0.53,1.87
1333_0.79_1.62.png,val_regular,33.56443786621094,0.9950178861618042,33.24131393432617,0.9948753118515015,-0.3231239318847656,-0.00014257431030273438,0.001437746686860919,0.005750986747443676,0.00287541258148849,0.0014341871719807386,0.00039166666101664305,0.5703206658363342,0.013119773007929325,0.14051249623298645,0.79,1.62
1334_0.64_1.51.png,val_regular,36.25510787963867,0.9967682361602783,35.95704650878906,0.9967207312583923,-0.2980613708496094,-4.750490188598633e-05,0.0011726443190127611,0.0046905772760510445,0.0023449778091162443,0.001137385843321681,0.0004291666846256703,0.5061408877372742,0.014627955853939056,0.05778750032186508,0.64,1.51
1376_0.65_1.6.png,val_regular,40.22069549560547,0.9945105910301208,40.63676834106445,0.9959853887557983,0.4160728454589844,0.0014747977256774902,0.0019959923811256886,0.007983969524502754,0.003991954959928989,0.0019365549087524414,0.03136041760444641,0.5812341570854187,0.015000762417912483,0.308843731880188,0.65,1.6
1390_0.57_1.23.png,val_regular,37.17289733886719,0.9973490238189697,37.338436126708984,0.9973659515380859,0.16553878784179688,1.6927719116210938e-05,0.0004715703835245222,0.0018862815340980887,0.0009423894807696342,0.0001924435346154496,1.0416666555101983e-05,0.3869531750679016,0.017966371029615402,0.0033874998334795237,0.57,1.23
1397_0.94_0.79.png,val_regular,36.07333755493164,0.9973644018173218,36.858436584472656,0.9974880218505859,0.7850990295410156,0.00012362003326416016,0.0016826569335535169,0.0067306277342140675,0.003365303622558713,0.001681814668700099,0.0006020833388902247,0.5652584433555603,0.024495422840118408,0.1111687496304512,0.94,0.79
1413_0.65_1.47.png,val_regular,40.02935791015625,0.9981329441070557,39.56917953491211,0.9980989694595337,-0.4601783752441406,-3.3974647521972656e-05,0.0011837466154247522,0.004734986461699009,0.0023671784438192844,0.001181741594336927,9.791666525416076e-05,0.5265417695045471,0.017294254153966904,0.01373124960809946,0.65,1.47
1416_0.95_1.15.png,val_regular,39.354286193847656,0.9975528120994568,39.73171615600586,0.9976803064346313,0.3774299621582031,0.00012749433517456055,0.0019336504628881812,0.007734601851552725,0.0038672927767038345,0.0019340019207447767,0.0001354166743112728,0.6357303261756897,0.01968957483768463,0.34891247749328613,0.95,1.15
1419_0.62_1.04.png,val_regular,37.91752624511719,0.9978004693984985,37.98056411743164,0.9978357553482056,0.06303787231445312,3.528594970703125e-05,0.0006493289256468415,0.002597315702587366,0.0012984975473955274,0.0006479024887084961,6.458333518821746e-05,0.5635756850242615,0.017742663621902466,0.3670312464237213,0.62,1.04
1432_0.91_1.29.png,val_regular,32.592288970947266,0.9951907992362976,33.065284729003906,0.9954262971878052,0.4729957580566406,0.00023549795150756836,0.0014058917295187712,0.005623566918075085,0.002811764134094119,0.0014058550586923957,0.0,0.7007529139518738,0.013232124969363213,0.4701624810695648,0.91,1.29
1435_0.87_0.57.png,val_regular,43.403011322021484,0.9970235824584961,43.165809631347656,0.9972223043441772,-0.23720169067382812,0.00019872188568115234,0.0006358145619742572,0.002543258247897029,0.001269379397854209,0.0004512717423494905,0.03206458315253258,0.32238128781318665,0.028473876416683197,0.06876874715089798,0.87,0.57
1456_0.66_1.83.png,val_regular,33.7647590637207,0.995869517326355,33.49568176269531,0.9958220720291138,-0.2690773010253906,-4.744529724121094e-05,0.0013140622759237885,0.005256249103695154,0.002628057962283492,0.001313587068580091,2.0833333564951317e-06,0.6809804439544678,0.009034129790961742,0.44279372692108154,0.66,1.83
1461_0.59_0.54.png,val_regular,37.49542999267578,0.9987146258354187,37.254425048828125,0.9986814260482788,-0.24100494384765625,-3.319978713989258e-05,0.00043355580419301987,0.0017342232167720795,0.0008669224916957319,0.000417172908782959,0.002406249986961484,0.38615262508392334,0.020573075860738754,0.12308749556541443,0.59,0.54
1467_0.61_1.24.png,val_regular,40.423423767089844,0.9966234564781189,40.029075622558594,0.9965701103210449,-0.39434814453125,-5.334615707397461e-05,0.0010749050416052341,0.004299620166420937,0.0021488170605152845,0.0012140473118051887,0.04869375005364418,0.4998036026954651,0.01614638790488243,0.08773750066757202,0.61,1.24
1474_0.92_0.89.png,val_regular,30.84561538696289,0.9950827956199646,31.334802627563477,0.9952912330627441,0.48918724060058594,0.00020843744277954102,0.0019072487484663725,0.00762899499386549,0.0038144830614328384,0.0019081732025370002,0.0009916666895151138,0.5569742321968079,0.008787082508206367,0.26391249895095825,0.92,0.89
1480_0.96_1.38.png,val_regular,30.895841598510742,0.9845697283744812,31.237648010253906,0.9855470657348633,0.34180641174316406,0.00097733736038208,0.0010978290811181068,0.004391316324472427,0.002195655833929777,0.0010969142895191908,0.000885416695382446,0.6059659123420715,0.0028444677591323853,0.45432499051094055,0.96,1.38
1491_0.88_1.85.png,val_regular,33.603580474853516,0.9803575873374939,33.658443450927734,0.9806537628173828,0.05486297607421875,0.000296175479888916,0.001396680949255824,0.005586723797023296,0.002793295308947563,0.0014167528133839369,0.003889583284035325,0.635931134223938,0.01025458239018917,0.15886250138282776,0.88,1.85
1500_0.87_1.88.png,val_regular,34.133277893066406,0.9912440180778503,34.6357421875,0.991482138633728,0.5024642944335938,0.00023812055587768555,0.0020482793916016817,0.008193117566406727,0.004096553195267916,0.0020484328269958496,0.000366666674381122,0.7813213467597961,0.007717500440776348,0.7004562616348267,0.87,1.88
1502_0.65_1.08.png,val_regular,41.97490692138672,0.9977187514305115,42.49797058105469,0.9977884292602539,0.5230636596679688,6.967782974243164e-05,0.000677890726365149,0.002711562905460596,0.0013555496698245406,0.0008140901918523014,0.03542317822575569,0.5251339077949524,0.010013625025749207,0.06492839008569717,0.65,1.08
1528_0.91_1.9.png,val_regular,33.68292236328125,0.9911083579063416,34.04034423828125,0.9912362098693848,0.357421875,0.0001278519630432129,0.00156451016664505,0.0062580406665802,0.0031286953017115593,0.0016825497150421143,0.03392469882965088,0.6201097965240479,0.010420056991279125,0.1639876365661621,0.91,1.9
1534_0.7_0.91.png,val_regular,45.403175354003906,0.9977725744247437,45.46013259887695,0.9977782964706421,0.056957244873046875,5.7220458984375e-06,0.0006500026793219149,0.0026000107172876596,0.0012998738093301654,0.0007571479072794318,0.038007814437150955,0.46323564648628235,0.014092400670051575,0.10809244960546494,0.7,0.91
1547_0.77_1.84.png,val_regular,38.357994079589844,0.9882626533508301,38.45014190673828,0.9884042739868164,0.0921478271484375,0.00014162063598632812,0.0008406148408539593,0.0033624593634158373,0.001680647605098784,0.0008875032654032111,0.01990017481148243,0.5468050837516785,0.013680534437298775,0.13043946027755737,0.77,1.84
1550_0.87_0.57.png,val_regular,45.58212661743164,0.9983158111572266,45.731475830078125,0.9983583688735962,0.14934921264648438,4.2557716369628906e-05,0.0002962447179015726,0.0011849788716062903,0.0005916475201956928,0.0003355543012730777,0.039174262434244156,0.33738279342651367,0.018804144114255905,0.08984375,0.87,0.57
1567_0.8_0.84.png,val_regular,41.368141174316406,0.997229278087616,41.967079162597656,0.9973503947257996,0.59893798828125,0.00012111663818359375,0.0006975564174354076,0.0027902256697416306,0.001395064522512257,0.0008066098089329898,0.032217882573604584,0.6329962015151978,0.007296329364180565,0.4403320550918579,0.8,0.84
1575_0.51_1.39.png,val_regular,42.3780517578125,0.9986246824264526,42.44550704956055,0.9986128807067871,0.06745529174804688,-1.1801719665527344e-05,0.0003303630219306797,0.0013214520877227187,0.0006591676501557231,0.00037701925612054765,0.02924804762005806,0.5107728838920593,0.01040940172970295,0.18260742723941803,0.51,1.39
1579_0.67_1.31.png,val_regular,43.26335525512695,0.9950222969055176,43.59528350830078,0.9950472116470337,0.3319282531738281,2.491474151611328e-05,0.0005214300472289324,0.0020857201889157295,0.0010404227068647742,0.0005154609680175781,0.030513238161802292,0.4438239634037018,0.012116357684135437,0.07486654072999954,0.67,1.31
1580_0.7_1.59.png,val_regular,40.640953063964844,0.9930599927902222,41.0544548034668,0.9931852221488953,0.4135017395019531,0.0001252293586730957,0.0005912765045650303,0.0023651060182601213,0.0011799756903201342,0.0006194114685058594,0.03369140625,0.49092257022857666,0.010579745285212994,0.07858072966337204,0.7,1.59
1586_0.74_1.29.png,val_regular,39.64473342895508,0.9954327344894409,39.741981506347656,0.9954913854598999,0.09724807739257812,5.8650970458984375e-05,0.0008885588031262159,0.0035542352125048637,0.0017767949029803276,0.0009363889694213867,0.018871529027819633,0.47718313336372375,0.009747153148055077,0.142578125,0.74,1.29
1587_0.73_1.54.png,val_regular,38.55976104736328,0.9942265748977661,38.66996765136719,0.9943169355392456,0.11020660400390625,9.036064147949219e-05,0.0009488491341471672,0.003795396536588669,0.0018972103716805577,0.0009970366954803467,0.017466362565755844,0.49627238512039185,0.009111299179494381,0.14327473938465118,0.73,1.54
1589_0.74_1.06.png,val_regular,42.39085388183594,0.9970111846923828,42.27937316894531,0.997014045715332,-0.111480712890625,2.86102294921875e-06,0.0006538843153975904,0.0026155372615903616,0.001307408674620092,0.0007060865755192935,0.02408311702311039,0.43285492062568665,0.008426348678767681,0.05537760630249977,0.74,1.06
1612_0.77_1.4.png,val_regular,41.314674377441406,0.9953316450119019,41.17951965332031,0.9953166246414185,-0.13515472412109375,-1.5020370483398438e-05,0.0009971201652660966,0.003988480661064386,0.0019939339254051447,0.0011702179908752441,0.04058702290058136,0.5880388617515564,0.008066480979323387,0.2538932263851166,0.77,1.4
1618_0.97_1.32.png,val_regular,42.315364837646484,0.9915467500686646,42.43195343017578,0.9919512271881104,0.11658859252929688,0.0004044771194458008,0.0009435102692805231,0.0037740410771220922,0.001886951387859881,0.0009449273347854614,0.037123482674360275,0.48703405261039734,0.008913998492062092,0.04575846344232559,0.97,1.32
161_0.83_1.56.png,val_regular,28.50743865966797,0.989385724067688,29.03050422668457,0.9901711940765381,0.5230655670166016,0.0007854700088500977,0.00213247979991138,0.00852991919964552,0.004264958668500185,0.0021324455738067627,6.458333518821746e-05,0.7056186199188232,0.01140972226858139,0.6118624806404114,0.83,1.56
1642_0.91_0.72.png,val_regular,42.759483337402344,0.9978270530700684,43.12074279785156,0.9978464841842651,0.36125946044921875,1.9431114196777344e-05,0.0007990519516170025,0.00319620780646801,0.0015979980817064643,0.0008586446638219059,0.03230685740709305,0.55678790807724,0.010761665180325508,0.29086264967918396,0.91,0.72
164_0.84_0.62.png,val_regular,36.692413330078125,0.998051106929779,37.532352447509766,0.9981275796890259,0.8399391174316406,7.647275924682617e-05,0.0014364353846758604,0.005745741538703442,0.0028728588949888945,0.001434673904441297,0.00045625001075677574,0.558574378490448,0.01670660637319088,0.4167249798774719,0.84,0.62
165_0.71_1.57.png,val_regular,38.04133987426758,0.9966685175895691,38.57271957397461,0.9967775344848633,0.5313796997070312,0.00010901689529418945,0.0011352323926985264,0.0045409295707941055,0.0022701811976730824,0.001267810701392591,0.04386041685938835,0.5341756939888,0.024001967161893845,0.17823749780654907,0.71,1.57
1664_0.8_2.0.png,val_regular,39.815731048583984,0.995111882686615,39.974327087402344,0.9952936172485352,0.15859603881835938,0.00018173456192016602,0.0005882978439331055,0.002353191375732422,0.0011757228057831526,0.0006349086761474609,0.035380858927965164,0.5771068334579468,0.00877392292022705,0.2619759142398834,0.8,2.0
1674_0.9_1.32.png,val_regular,41.195030212402344,0.9973205327987671,41.3651237487793,0.9973356127738953,0.17009353637695312,1.5079975128173828e-05,0.0008119726553559303,0.0032478906214237213,0.0016237725503742695,0.0008605619659647346,0.035023871809244156,0.513019323348999,0.024305813014507294,0.24824871122837067,0.9,1.32
1675_0.56_1.81.png,val_regular,40.61992263793945,0.9980150461196899,40.82847595214844,0.9980437755584717,0.20855331420898438,2.872943878173828e-05,0.00036563645699061453,0.0014625458279624581,0.0007277000113390386,0.00036091607762500644,0.03417426347732544,0.4331847131252289,0.021977873519062996,0.10301758348941803,0.56,1.81
1684_0.61_1.24.png,val_regular,39.91542053222656,0.9979555606842041,40.04682540893555,0.9978593587875366,0.13140487670898438,-9.620189666748047e-05,0.0005681726615875959,0.0022726906463503838,0.001133142621256411,0.0006414055824279785,0.0467393659055233,0.47867101430892944,0.018428288400173187,0.13733072578907013,0.61,1.24
1701_0.55_0.71.png,val_regular,45.06745910644531,0.9988845586776733,45.411495208740234,0.9989166259765625,0.3440361022949219,3.2067298889160156e-05,0.00043724855640903115,0.0017489942256361246,0.0008736612508073449,0.0005030135507695377,0.027921007946133614,0.46146339178085327,0.018461599946022034,0.19842448830604553,0.55,0.71
1704_0.9_1.06.png,val_regular,42.09525680541992,0.9977525472640991,42.11856460571289,0.9977547526359558,0.02330780029296875,2.205371856689453e-06,0.0006601444911211729,0.0026405779644846916,0.0013202073751017451,0.000730494677554816,0.030534939840435982,0.49578768014907837,0.017838768661022186,0.22694335877895355,0.9,1.06
1716_0.87_0.59.png,val_regular,41.093666076660156,0.9973511695861816,41.133872985839844,0.9973353147506714,0.0402069091796875,-1.5854835510253906e-05,0.0006534070125781,0.0026136280503124,0.0013065232196822762,0.0007513861055485904,0.03448459133505821,0.44872504472732544,0.02221420593559742,0.15700195729732513,0.87,0.59
1729_0.85_0.57.png,val_regular,46.16436004638672,0.9988154768943787,46.095306396484375,0.9988197684288025,-0.06905364990234375,4.291534423828125e-06,0.0005869233282282948,0.0023476933129131794,0.0011732660932466388,0.0006701251259073615,0.04157009720802307,0.4440120458602905,0.03131226450204849,0.25521159172058105,0.85,0.57
1739_0.98_1.18.png,val_regular,35.70642852783203,0.9896987676620483,35.747459411621094,0.9897100329399109,0.0410308837890625,1.1265277862548828e-05,0.0013314549578353763,0.005325819831341505,0.0026628710329532623,0.0013879637699574232,0.026570096611976624,0.5965741276741028,0.013683444820344448,0.23652994632720947,0.98,1.18
1741_0.52_0.81.png,val_regular,49.31453323364258,0.9990150332450867,49.31985855102539,0.9990317821502686,0.0053253173828125,1.6748905181884766e-05,0.0004708568740170449,0.0018834274960681796,0.0009408908663317561,0.0005063613643869758,0.024046223610639572,0.41065987944602966,0.029682161286473274,0.15047526359558105,0.52,0.81
1744_0.79_1.18.png,val_regular,45.9113883972168,0.998449444770813,45.79265213012695,0.9985079765319824,-0.11873626708984375,5.8531761169433594e-05,0.0007808849913999438,0.0031235399655997753,0.0015613718423992395,0.0008088549366220832,0.02209744043648243,0.4675896167755127,0.02791113406419754,0.16116861999034882,0.79,1.18
1753_0.96_1.66.png,val_regular,38.75845718383789,0.9954323768615723,38.81971740722656,0.9954766631126404,0.061260223388671875,4.4286251068115234e-05,0.00114069867413491,0.00456279469653964,0.0022813724353909492,0.0011578401317819953,0.015384115278720856,0.6511925458908081,0.012168707326054573,0.4321517050266266,0.96,1.66
1778_0.61_0.57.png,val_regular,48.450042724609375,0.9992483854293823,48.63063049316406,0.9992598295211792,0.1805877685546875,1.1444091796875e-05,0.00035452001611702144,0.0014180800644680858,0.0007082506199367344,0.000371783971786499,0.018189020454883575,0.39101192355155945,0.01852017641067505,0.13344727456569672,0.61,0.57
179_0.79_1.66.png,val_regular,38.14042663574219,0.9926856756210327,38.438323974609375,0.9926525950431824,0.2978973388671875,-3.30805778503418e-05,0.0008588415803387761,0.0034353663213551044,0.0017176361288875341,0.0008585254545323551,0.0006604166701436043,0.5562331080436707,0.014016231521964073,0.27812498807907104,0.79,1.66
1801_0.99_0.78.png,val_regular,41.848228454589844,0.9973130226135254,42.23232650756836,0.9974008798599243,0.3840980529785156,8.785724639892578e-05,0.0005421548266895115,0.002168619306758046,0.001084036543034017,0.0006141464109532535,0.0491807721555233,0.4690101146697998,0.008726169355213642,0.19982096552848816,0.99,0.78
1811_0.62_1.47.png,val_regular,45.238731384277344,0.9939558506011963,45.610374450683594,0.993916928768158,0.37164306640625,-3.892183303833008e-05,0.00040937046287581325,0.001637481851503253,0.0008174413233064115,0.00045853358460590243,0.03847764804959297,0.3451266586780548,0.007416377775371075,0.06118164211511612,0.62,1.47
1823_0.78_0.96.png,val_regular,46.16032409667969,0.9973982572555542,46.23012161254883,0.9974571466445923,0.06979751586914062,5.888938903808594e-05,0.0003779073595069349,0.0015116294380277395,0.0007553113391622901,0.0004155536589678377,0.0412868931889534,0.33691132068634033,0.010220812633633614,0.09067708253860474,0.78,0.96
1838_0.88_0.63.png,val_regular,46.47446060180664,0.9966853857040405,46.67265319824219,0.996717095375061,0.19819259643554688,3.170967102050781e-05,0.0005377308698371053,0.002150923479348421,0.0010753048118203878,0.0006639361381530762,0.04425130411982536,0.3413339853286743,0.011509300209581852,0.10558919608592987,0.88,0.63
1840_0.94_1.56.png,val_regular,40.71682357788086,0.9913443326950073,41.004600524902344,0.9914588928222656,0.2877769470214844,0.00011456012725830078,0.0008892026962712407,0.003556810785084963,0.0017783435760065913,0.0009599825134500861,0.036228299140930176,0.4378259778022766,0.01041671633720398,0.10768229514360428,0.94,1.56
1847_0.55_2.0.png,val_regular,41.05072021484375,0.9963924288749695,41.239017486572266,0.9964110851287842,0.18829727172851562,1.8656253814697266e-05,0.000304732151562348,0.001218928606249392,0.000608111615292728,7.603566336911172e-05,0.020742187276482582,0.41448330879211426,0.009215857833623886,0.06005534157156944,0.55,2.0
1851_0.7_1.14.png,val_regular,43.50969696044922,0.9977089762687683,43.497314453125,0.997666597366333,-0.01238250732421875,-4.2378902435302734e-05,0.0003635447646956891,0.0014541790587827563,0.0007252817740663886,0.00014701485633850098,0.051137153059244156,0.5113167762756348,0.012232298962771893,0.22408854961395264,0.7,1.14
185_0.65_1.74.png,val_regular,37.417724609375,0.996454656124115,37.53783416748047,0.9964765310287476,0.12010955810546875,2.187490463256836e-05,0.0008972315117716789,0.0035889260470867157,0.0017938961973413825,0.0006263951654545963,0.00010000000474974513,0.5225111246109009,0.014776663854718208,0.005081249866634607,0.65,1.74
1864_0.63_1.68.png,val_regular,42.86103057861328,0.9961556196212769,43.08012390136719,0.9961535930633545,0.21909332275390625,-2.0265579223632812e-06,0.0007160555105656385,0.002864222042262554,0.0014303869102150202,0.000634570955298841,0.10260091722011566,0.5514175295829773,0.009109042584896088,0.26787760853767395,0.63,1.68
1870_0.54_1.45.png,val_regular,45.01409912109375,0.9969559907913208,45.33721160888672,0.9969541430473328,0.32311248779296875,-1.8477439880371094e-06,0.00042858783854171634,0.0017143513541668653,0.0008558102417737246,0.0004746516642626375,0.02945529669523239,0.45992717146873474,0.01148279756307602,0.06437825411558151,0.54,1.45
1893_0.53_1.29.png,val_regular,42.0767822265625,0.9985455274581909,41.977317810058594,0.9985926151275635,-0.09946441650390625,4.7087669372558594e-05,0.000211543490877375,0.0008461739635095,0.0004219663969706744,0.0002808173594530672,0.03715386241674423,0.34180182218551636,0.012636890634894371,0.04759114608168602,0.53,1.29
1896_0.7_0.8.png,val_regular,41.083045959472656,0.9987804293632507,40.91624450683594,0.9988174438476562,-0.16680145263671875,3.701448440551758e-05,0.0003015814581885934,0.0012063258327543736,0.0006026568007655442,0.0003597438335418701,0.028299696743488312,0.3534032702445984,0.013641209341585636,0.04794922098517418,0.7,0.8
1900_0.59_0.94.png,val_regular,46.58270263671875,0.9991617202758789,46.840354919433594,0.9992032051086426,0.25765228271484375,4.1484832763671875e-05,0.0003340170660521835,0.001336068264208734,0.0006668589194305241,0.0003827015752904117,0.03436848893761635,0.36123597621917725,0.018529947847127914,0.06528971344232559,0.59,0.94
1901_0.77_1.18.png,val_regular,45.50580596923828,0.9973049163818359,45.65150451660156,0.9973605871200562,0.14569854736328125,5.5670738220214844e-05,0.0002475189103279263,0.0009900756413117051,0.0004942613886669278,0.00026492279721423984,0.04308810830116272,0.5010915994644165,0.013212120160460472,0.21781250834465027,0.77,1.18
1917_0.96_1.37.png,val_regular,40.48727035522461,0.9921127557754517,40.87905502319336,0.9927259683609009,0.39178466796875,0.0006132125854492188,0.0011471709003672004,0.0045886836014688015,0.0022942840587347746,0.0011775493621826172,0.028490668162703514,0.5367697477340698,0.00798046961426735,0.07649414241313934,0.96,1.37
1919_0.59_0.94.png,val_regular,49.531150817871094,0.9972550868988037,49.54173278808594,0.9972618818283081,0.01058197021484375,6.794929504394531e-06,0.00044544876436702907,0.0017817950574681163,0.0008899986860342324,0.0004982551326975226,0.0336100272834301,0.37604281306266785,0.008914833888411522,0.045364584773778915,0.59,0.94
191_0.53_1.57.png,val_regular,38.34210968017578,0.9895226359367371,38.682456970214844,0.9904499053955078,0.3403472900390625,0.000927269458770752,0.0007544258260168135,0.003017703304067254,0.0015085841296240687,0.0004845659132115543,0.014945833943784237,0.6023622155189514,0.006794334389269352,0.458243727684021,0.53,1.57
1944_0.99_1.3.png,val_regular,37.27996063232422,0.9954249858856201,37.31254196166992,0.995464563369751,0.032581329345703125,3.9577484130859375e-05,0.0008894997299648821,0.0035579989198595285,0.0017789560370147228,0.00101470947265625,0.04209527000784874,0.7173923850059509,0.00964837521314621,0.550559937953949,0.99,1.3
1946_0.91_1.18.png,val_regular,39.9794807434082,0.993177056312561,40.043907165527344,0.9931465983390808,0.06442642211914062,-3.045797348022461e-05,0.0013486144598573446,0.0053944578394293785,0.002697204239666462,0.001430213451385498,0.027942709624767303,0.5969926118850708,0.014734665863215923,0.23614583909511566,0.91,1.18
1953_0.73_0.63.png,val_regular,46.17694854736328,0.9986578226089478,46.43764877319336,0.9987909197807312,0.2607002258300781,0.00013309717178344727,0.0005679169553332031,0.0022716678213328123,0.001135386759415269,0.000603238760959357,0.026538629084825516,0.4512097239494324,0.019170673564076424,0.10783528536558151,0.73,0.63
1994_0.55_1.79.png,val_regular,39.89699935913086,0.9963294863700867,40.396156311035156,0.9963526129722595,0.4991569519042969,2.3126602172851562e-05,0.0006837106193415821,0.0027348424773663282,0.0013652107445523143,0.0008373459568247199,0.04532009735703468,0.4650621712207794,0.010541098192334175,0.062031250447034836,0.55,1.79
1999_0.93_0.74.png,val_regular,38.24642562866211,0.99583899974823,38.36980438232422,0.9958046674728394,0.12337875366210938,-3.4332275390625e-05,0.0008860257803462446,0.0035441031213849783,0.0017719205934554338,0.0009327133884653449,0.025494791567325592,0.5153353810310364,0.01400686427950859,0.252825528383255,0.93,0.74
2002_0.86_1.83.png,val_regular,41.423919677734375,0.9971818327903748,41.59674835205078,0.9971880316734314,0.17282867431640625,6.198883056640625e-06,0.0007281540893018246,0.0029126163572072983,0.0014558940893039107,0.000785787939094007,0.025427518412470818,0.49189913272857666,0.015329033136367798,0.15406902134418488,0.86,1.83
2036_0.8_0.55.png,val_regular,45.372161865234375,0.9989542961120605,45.45068359375,0.9989550113677979,0.078521728515625,7.152557373046875e-07,0.0006801414419896901,0.0027205657679587603,0.0013601145474240184,0.0007455548038706183,0.02871636301279068,0.5652143359184265,0.012461775913834572,0.24315430223941803,0.8,0.55
2037_0.65_0.92.png,val_regular,46.11079406738281,0.9977862238883972,46.508522033691406,0.9978384971618652,0.39772796630859375,5.227327346801758e-05,0.0005337161128409207,0.0021348644513636827,0.0010666016023606062,0.000582963228225708,0.06532009690999985,0.43928995728492737,0.012005968019366264,0.1786816418170929,0.65,0.92
203_0.79_0.99.png,val_regular,40.69160842895508,0.9976984858512878,41.2542724609375,0.9979073405265808,0.5626640319824219,0.00020885467529296875,0.000837805331684649,0.003351221326738596,0.0016748639754951,0.0010173022747039795,0.09586666524410248,0.5086578726768494,0.018445447087287903,0.2784999907016754,0.79,0.99
2040_0.75_1.75.png,val_regular,41.22970962524414,0.9948517680168152,41.51490783691406,0.994891345500946,0.2851982116699219,3.9577484130859375e-05,0.000861558539327234,0.003446234157308936,0.0017219694564118981,0.0009840826969593763,0.0842013880610466,0.5176209807395935,0.009785212576389313,0.19221679866313934,0.75,1.75
2045_0.94_0.71.png,val_regular,40.67585372924805,0.9965828657150269,40.965126037597656,0.9966437220573425,0.2892723083496094,6.085634231567383e-05,0.0011081364937126637,0.004432545974850655,0.0022162115201354027,0.0011549195041880012,0.02827257104218006,0.5411477088928223,0.01573086902499199,0.24461263418197632,0.94,0.71
2050_0.8_1.8.png,val_regular,37.11074447631836,0.9914783239364624,37.1785888671875,0.9915024638175964,0.06784439086914062,2.4139881134033203e-05,0.001236950047314167,0.004947800189256668,0.002473670756444335,0.0013633370399475098,0.033466797322034836,0.5955516695976257,0.011137120425701141,0.10800456255674362,0.8,1.8
2055_0.69_0.57.png,val_regular,45.121604919433594,0.9987885355949402,45.48436737060547,0.998809814453125,0.362762451171875,2.1278858184814453e-05,0.0005376108456403017,0.002150443382561207,0.001074866857379675,0.0006524523487314582,0.04128255322575569,0.39946895837783813,0.013909000903367996,0.13361980020999908,0.69,0.57
2070_0.86_0.78.png,val_regular,44.15020751953125,0.9987574815750122,43.86539840698242,0.9987423419952393,-0.2848091125488281,-1.5139579772949219e-05,0.0010168460430577397,0.004067384172230959,0.002033300930634141,0.0010641416301950812,0.02453342080116272,0.6319801211357117,0.014778228476643562,0.32109376788139343,0.86,0.78
2075_0.73_2.0.png,val_regular,37.66062927246094,0.995913028717041,38.392913818359375,0.9959716796875,0.7322845458984375,5.8650970458984375e-05,0.0014242817414924502,0.005697126965969801,0.0028461108449846506,0.0016712348442524672,0.043601345270872116,0.5636731386184692,0.011099189519882202,0.12381184846162796,0.73,2.0
2076_0.85_1.77.png,val_regular,37.412200927734375,0.995581328868866,38.058685302734375,0.995675265789032,0.646484375,9.393692016601562e-05,0.0016656480729579926,0.00666259229183197,0.003330338280647993,0.001795311807654798,0.03590711951255798,0.6074528098106384,0.011955289170145988,0.2696647346019745,0.85,1.77
2080_0.53_1.58.png,val_regular,40.399478912353516,0.9966287612915039,40.33387756347656,0.9966299533843994,-0.06560134887695312,1.1920928955078125e-06,0.0005575952818617225,0.00223038112744689,0.0011131647042930126,0.00043589872075244784,0.030418837442994118,0.4803149104118347,0.008231902495026588,0.022050781175494194,0.53,1.58
210_0.87_0.81.png,val_regular,40.07377624511719,0.9975995421409607,39.52178955078125,0.9976474046707153,-0.5519866943359375,4.786252975463867e-05,0.0012830906780436635,0.005132362712174654,0.0025661743711680174,0.0012776355724781752,0.0,0.5610717535018921,0.008415229618549347,0.40234375,0.87,0.81
2125_0.65_0.5.png,val_regular,48.05406951904297,0.9993631839752197,48.373435974121094,0.9993729591369629,0.319366455078125,9.775161743164062e-06,0.0005037087830714881,0.0020148351322859526,0.0010063813533633947,0.0005677243461832404,0.025028211995959282,0.48113638162612915,0.019812900573015213,0.14027994871139526,0.65,0.5
212_0.71_1.94.png,val_regular,37.92644119262695,0.9950463771820068,37.71224594116211,0.9951695203781128,-0.21419525146484375,0.00012314319610595703,0.001791244256310165,0.00716497702524066,0.0035824845544993877,0.0017899473896250129,8.333333425980527e-06,0.6971300840377808,0.0058111827820539474,0.44677498936653137,0.71,1.94
2131_0.88_1.57.png,val_regular,40.41514587402344,0.9965218305587769,40.625999450683594,0.9965171217918396,0.21085357666015625,-4.708766937255859e-06,0.001280661323107779,0.005122645292431116,0.0025609212461858988,0.001368274330161512,0.0318760871887207,0.6198694109916687,0.011622028425335884,0.2797330915927887,0.88,1.57
2151_0.78_0.51.png,val_regular,46.091495513916016,0.9973980784416199,46.606082916259766,0.9975804090499878,0.51458740234375,0.00018233060836791992,0.0007996176136657596,0.0031984704546630383,0.0015989807434380054,0.0008870462770573795,0.03643663227558136,0.42372116446495056,0.014772283844649792,0.12964193522930145,0.78,0.51
2155_0.7_0.67.png,val_regular,47.13964080810547,0.9991742372512817,47.68244934082031,0.9992021322250366,0.5428085327148438,2.7894973754882812e-05,0.0006357636884786189,0.0025430547539144754,0.0012708486756309867,0.0007246534223668277,0.047957900911569595,0.45579275488853455,0.02146868407726288,0.2329980581998825,0.7,0.67
2161_0.69_1.35.png,val_regular,39.349422454833984,0.9937629699707031,39.89375305175781,0.9938273429870605,0.5443305969238281,6.437301635742188e-05,0.0009711823659017682,0.003884729463607073,0.001940377987921238,0.0011388262500986457,0.06399957090616226,0.4725312292575836,0.010147621855139732,0.1209830790758133,0.69,1.35
2165_0.88_1.99.png,val_regular,36.190277099609375,0.9836515784263611,36.493934631347656,0.9837156534194946,0.30365753173828125,6.407499313354492e-05,0.0011934697395190597,0.004773878958076239,0.0023864745162427425,0.0013789534568786621,0.050920139998197556,0.5628206133842468,0.010607197880744934,0.37646812200546265,0.88,1.99
216_0.58_1.1.png,val_regular,42.39570999145508,0.9978440999984741,43.0400276184082,0.9980061054229736,0.644317626953125,0.00016200542449951172,0.0008819338399916887,0.003527735359966755,0.0017634676769375801,0.0008643170585855842,0.026381250470876694,0.5235071778297424,0.018456634134054184,0.25132498145103455,0.58,1.1
2170_0.98_1.62.png,val_regular,36.96137237548828,0.9938509464263916,36.584449768066406,0.99382084608078,-0.376922607421875,-3.0100345611572266e-05,0.001378843910060823,0.005515375640243292,0.0027576873544603586,0.0014607509365305305,0.034665800631046295,0.678038477897644,0.014345445670187473,0.44862955808639526,0.98,1.62
2186_0.56_1.06.png,val_regular,45.16416549682617,0.9986881017684937,45.0578727722168,0.9986885786056519,-0.106292724609375,4.76837158203125e-07,0.00029523068224079907,0.0011809227289631963,0.0005894490168429911,0.0002693732676561922,0.02619357779622078,0.5045912861824036,0.007294392213225365,0.05194661766290665,0.56,1.06
2187_0.73_1.15.png,val_regular,43.12446975708008,0.9982346892356873,43.197357177734375,0.9982496500015259,0.07288742065429688,1.4960765838623047e-05,0.0005609788349829614,0.0022439153399318457,0.0011211116798222065,0.0006094574928283691,0.026744792237877846,0.5633193850517273,0.007098280359059572,0.10777994990348816,0.73,1.15
2188_0.86_0.97.png,val_regular,41.70903015136719,0.9980500936508179,41.64482498168945,0.998064398765564,-0.06420516967773438,1.430511474609375e-05,0.0008209658553823829,0.0032838634215295315,0.0016415967838838696,0.0008785327663645148,0.0255273450165987,0.5938546061515808,0.0075472136959433556,0.21377605199813843,0.86,0.97
2189_0.81_0.71.png,val_regular,42.98009490966797,0.9984593391418457,42.98698043823242,0.998473584651947,0.006885528564453125,1.424551010131836e-05,0.0008540222770534456,0.0034160891082137823,0.0017078163800761104,0.0009015798568725586,0.02326389029622078,0.5095064640045166,0.017341338098049164,0.12747396528720856,0.81,0.71
2193_0.55_1.89.png,val_regular,40.469303131103516,0.993382453918457,40.56913375854492,0.993471622467041,0.09983062744140625,8.916854858398438e-05,0.0006077599828131497,0.0024310399312525988,0.0012138430029153824,0.0007148683071136475,0.02934136427938938,0.44421595335006714,0.014645745977759361,0.04251953214406967,0.55,1.89
21_0.84_0.84.png,val_regular,32.694557189941406,0.9930357933044434,33.02127456665039,0.9931942224502563,0.3267173767089844,0.00015842914581298828,0.0015049189096316695,0.006019675638526678,0.003009749809280038,0.001504659652709961,0.0,0.6944175958633423,0.0036880685947835445,0.5044875144958496,0.84,0.84
2200_0.75_1.88.png,val_regular,39.40559005737305,0.9972786903381348,39.9668083190918,0.9973136782646179,0.56121826171875,3.49879264831543e-05,0.0008804198587313294,0.0035216794349253178,0.001759208389557898,0.0011217594146728516,0.04611111059784889,0.6222495436668396,0.018064651638269424,0.3422102928161621,0.75,1.88
2216_0.58_1.17.png,val_regular,43.66996383666992,0.9967761039733887,43.717124938964844,0.9968404173851013,0.047161102294921875,6.431341171264648e-05,0.000680965487845242,0.002723861951380968,0.0013601920800283551,0.0006640354986302555,0.07756944745779037,0.44758734107017517,0.012177701108157635,0.13234375417232513,0.58,1.17
2218_0.96_1.73.png,val_regular,41.53685760498047,0.9883543252944946,41.826271057128906,0.9888834953308105,0.2894134521484375,0.000529170036315918,0.0007796199643053114,0.0031184798572212458,0.0015591643750667572,0.0008935729856602848,0.044675566256046295,0.40445950627326965,0.00733339786529541,0.04509114846587181,0.96,1.73
221_0.88_1.44.png,val_regular,36.879722595214844,0.99591463804245,36.548255920410156,0.9959589242935181,-0.3314666748046875,4.4286251068115234e-05,0.001374503830447793,0.005498015321791172,0.0027490046340972185,0.0013745427131652832,1.0416666555101983e-05,0.6328875422477722,0.016639724373817444,0.4574500024318695,0.88,1.44
2222_0.73_1.79.png,val_regular,43.96260070800781,0.990056037902832,43.97910690307617,0.9899510741233826,0.016506195068359375,-0.00010496377944946289,0.0007327224593609571,0.0029308898374438286,0.001464755623601377,0.0008068382740020752,0.0346950963139534,0.39687836170196533,0.006909764371812344,0.04511718824505806,0.73,1.79
2225_0.9_0.54.png,val_regular,50.27980422973633,0.9935977458953857,50.72850799560547,0.993891179561615,0.4487037658691406,0.00029343366622924805,0.0002446327998768538,0.0009785311995074153,0.0004889789852313697,0.0002484942669980228,0.08937717229127884,0.19314990937709808,0.013806469738483429,0.04841471463441849,0.9,0.54
2232_0.72_0.59.png,val_regular,46.53254699707031,0.9968694448471069,46.58481216430664,0.9968680143356323,0.052265167236328125,-1.430511474609375e-06,0.0005537890829145908,0.0022151563316583633,0.0011068732710555196,0.0006302198162302375,0.03530381992459297,0.3495289981365204,0.020804109051823616,0.1016210988163948,0.72,0.59
2235_0.91_1.78.png,val_regular,41.73868179321289,0.9878711104393005,41.79713439941406,0.9884023666381836,0.058452606201171875,0.0005312561988830566,0.0010327639756724238,0.004131055902689695,0.0020652657840400934,0.0010910382261499763,0.05030382052063942,0.47949719429016113,0.012492101639509201,0.06297526508569717,0.91,1.78
2242_0.99_1.49.png,val_regular,41.004364013671875,0.9876580238342285,40.872310638427734,0.9884652495384216,-0.13205337524414062,0.0008072257041931152,0.0009407533798366785,0.003763013519346714,0.001881368225440383,0.0009698569774627686,0.03486762195825577,0.5339075922966003,0.011406050994992256,0.20941081643104553,0.99,1.49
2257_0.75_1.03.png,val_regular,44.80974578857422,0.9980997443199158,44.918880462646484,0.9980815649032593,0.10913467407226562,-1.817941665649414e-05,0.0005576168186962605,0.002230467274785042,0.001114239334128797,0.0006332496996037662,0.05149631202220917,0.5127701163291931,0.015250256285071373,0.3363085985183716,0.75,1.03
2266_0.54_0.77.png,val_regular,49.51896286010742,0.9936959743499756,49.65171432495117,0.9936388731002808,0.13275146484375,-5.710124969482422e-05,0.0002717392344493419,0.0010869569377973676,0.0005422457470558584,0.00026041766977868974,0.04838433116674423,0.2102942019701004,0.011529115028679371,0.050208333879709244,0.54,0.77
2289_0.83_1.86.png,val_regular,38.92265701293945,0.9903708696365356,39.14107894897461,0.990714430809021,0.21842193603515625,0.00034356117248535156,0.0011993334628641605,0.004797333851456642,0.0023976198863238096,0.0012368361931294203,0.031264107674360275,0.532933235168457,0.011326839216053486,0.08309570699930191,0.83,1.86
2290_0.92_1.28.png,val_regular,40.56766128540039,0.99334716796875,40.80512619018555,0.9933271408081055,0.23746490478515625,-2.002716064453125e-05,0.0011597968405112624,0.00463918736204505,0.002319500781595707,0.0011830430012196302,0.029898004606366158,0.49976029992103577,0.01350470446050167,0.0898958370089531,0.92,1.28
229_0.93_1.79.png,val_regular,36.4676513671875,0.9931097030639648,36.34089660644531,0.9929826259613037,-0.1267547607421875,-0.0001270771026611328,0.001593545195646584,0.006374180782586336,0.003187056863680482,0.0015934407711029053,1.0416666555101983e-05,0.6607431769371033,0.01167020108550787,0.29308125376701355,0.93,1.79
230_0.98_1.69.png,val_regular,36.82231140136719,0.9935182332992554,36.5361442565918,0.9933551549911499,-0.2861671447753906,-0.00016307830810546875,0.0015866701724007726,0.00634668068960309,0.0031733030918985605,0.00158657634165138,6.250000296859071e-06,0.6535655856132507,0.011737726628780365,0.2885437309741974,0.98,1.69
2310_0.9_1.71.png,val_regular,34.03510284423828,0.9944700598716736,33.96944046020508,0.9945443868637085,-0.06566238403320312,7.432699203491211e-05,0.001071968930773437,0.004287875723093748,0.0021437532268464565,0.0011982818832620978,0.039026692509651184,0.51491379737854,0.01219058595597744,0.13949869573116302,0.9,1.71
2311_0.83_1.77.png,val_regular,35.839927673339844,0.9957122206687927,35.848419189453125,0.9957935810089111,0.00849151611328125,8.13603401184082e-05,0.0009617310715839267,0.0038469242863357067,0.0019230679608881474,0.0011495351791381836,0.04177409037947655,0.4988536238670349,0.011994490399956703,0.1124153658747673,0.83,1.77
2313_0.57_0.7.png,val_regular,45.05973434448242,0.99786776304245,45.58940887451172,0.9979506731033325,0.5296745300292969,8.291006088256836e-05,0.0005548276240006089,0.0022193104960024357,0.0011087025050073862,0.0005835791816934943,0.06300564110279083,0.4228207468986511,0.013823635876178741,0.16110026836395264,0.57,0.7
2321_0.92_0.62.png,val_regular,42.359039306640625,0.9973427057266235,42.50455856323242,0.997339129447937,0.14551925659179688,-3.5762786865234375e-06,0.0010284037562087178,0.004113615024834871,0.0020567041356116533,0.001072913408279419,0.022872179746627808,0.5059579014778137,0.011513575911521912,0.10007812827825546,0.92,0.62
2325_0.93_1.76.png,val_regular,40.53710174560547,0.995659589767456,40.481964111328125,0.995663583278656,-0.05513763427734375,3.993511199951172e-06,0.0011520569678395987,0.004608227871358395,0.0023041078820824623,0.0012742480030283332,0.03340820223093033,0.577591061592102,0.009300252422690392,0.23964518308639526,0.93,1.76
2338_0.62_1.42.png,val_regular,38.9619255065918,0.9966908693313599,39.508663177490234,0.9970404505729675,0.5467376708984375,0.000349581241607666,0.0008236374706029892,0.003294549882411957,0.001645476557314396,0.0009169479599222541,0.06898979842662811,0.48542022705078125,0.009368053637444973,0.08208008110523224,0.62,1.42
2340_0.98_1.97.png,val_regular,29.834487915039062,0.9853613376617432,30.197717666625977,0.9858657717704773,0.36322975158691406,0.0005044341087341309,0.001743126311339438,0.006972505245357752,0.003486251225695014,0.0017737846355885267,0.019126519560813904,0.7005748152732849,0.0077703772112727165,0.5929980874061584,0.98,1.97
2342_0.63_0.94.png,val_regular,45.665897369384766,0.9982422590255737,45.72245788574219,0.9982747435569763,0.056560516357421875,3.248453140258789e-05,0.0002930202172137797,0.0011720808688551188,0.0005848993314430118,0.0003134012222290039,0.023602431640028954,0.3595980703830719,0.01440532598644495,0.047936197370290756,0.63,0.94
2343_0.53_1.69.png,val_regular,44.070457458496094,0.9974843859672546,44.10924530029297,0.9975293874740601,0.038787841796875,4.500150680541992e-05,0.0002889197494369,0.0011556789977476,0.0005763606168329716,0.0002333521842956543,0.020064018666744232,0.3631737232208252,0.012645261362195015,0.039049480110406876,0.53,1.69
234_0.85_1.32.png,val_regular,38.48573303222656,0.9951478838920593,38.91637420654297,0.9953936338424683,0.43064117431640625,0.00024574995040893555,0.0008319107000716031,0.0033276428002864122,0.001662774127908051,0.0008780956268310547,0.04528333246707916,0.4800656735897064,0.019905801862478256,0.15553750097751617,0.85,1.32
2370_0.65_1.01.png,val_regular,40.891624450683594,0.9956345558166504,41.183929443359375,0.9960967898368835,0.29230499267578125,0.0004622340202331543,0.0004623204586096108,0.0018492818344384432,0.0009231428266502917,0.0004537900385912508,0.03833550587296486,0.4207301139831543,0.010206928476691246,0.1457063853740692,0.65,1.01
2377_0.59_1.32.png,val_regular,48.13477325439453,0.9957770705223083,48.17458724975586,0.9959161281585693,0.039813995361328125,0.00013905763626098633,0.00021785941498819739,0.0008714376599527895,0.000434762128861621,0.0002657771110534668,0.04480686038732529,0.2566905617713928,0.00857187993824482,0.045309245586395264,0.59,1.32
2379_0.79_1.37.png,val_regular,46.4117431640625,0.994795024394989,46.2736701965332,0.9950487017631531,-0.13807296752929688,0.0002536773681640625,0.0003730866592377424,0.0014923466369509697,0.000745594734326005,0.0004236350650899112,0.04605685919523239,0.29610392451286316,0.008537047542631626,0.04592122510075569,0.79,1.37
2380_0.52_1.3.png,val_regular,46.14948654174805,0.9960683584213257,46.08597183227539,0.9960246086120605,-0.06351470947265625,-4.374980926513672e-05,0.0001760208251653239,0.0007040833006612957,0.0003510118986014277,0.0001911073923110962,0.03875434026122093,0.24323710799217224,0.00858917087316513,0.04519856721162796,0.52,1.3
2383_0.59_1.38.png,val_regular,45.705177307128906,0.9937609434127808,45.836334228515625,0.9938237071037292,0.13115692138671875,6.276369094848633e-05,0.00037530867848545313,0.0015012347139418125,0.0007494212477467954,0.0005506078596226871,0.05625976622104645,0.3823795020580292,0.011839217506349087,0.2167154997587204,0.59,1.38
2397_0.64_0.76.png,val_regular,40.655921936035156,0.9980767965316772,40.960880279541016,0.9981161952018738,0.3049583435058594,3.93986701965332e-05,0.00048736672033555806,0.0019494668813422322,0.0009740015957504511,0.0005437334766611457,0.020199652761220932,0.5185530781745911,0.009995006956160069,0.07453124970197678,0.64,0.76
2405_0.56_0.59.png,val_regular,48.646018981933594,0.9991471767425537,48.682823181152344,0.9991523623466492,0.03680419921875,5.185604095458984e-06,0.0004718629061244428,0.0018874516244977713,0.0009433148079551756,0.0005153616657480597,0.027070313692092896,0.3997489809989929,0.011901885271072388,0.1026497408747673,0.56,0.59
2409_0.55_1.95.png,val_regular,42.5724983215332,0.9965056777000427,42.832054138183594,0.9962703585624695,0.2595558166503906,-0.0002353191375732422,0.0008459936361759901,0.0033839745447039604,0.001688174670562148,0.0006720622768625617,0.08439561724662781,0.5067853331565857,0.011419801041483879,0.18397460877895355,0.55,1.95
2411_0.81_0.52.png,val_regular,46.496829986572266,0.9985448718070984,46.81439971923828,0.9985426664352417,0.3175697326660156,-2.205371856689453e-06,0.0007170772878453135,0.002868309151381254,0.0014339874032884836,0.0008081197738647461,0.03761501982808113,0.5356409549713135,0.01684523932635784,0.3111686408519745,0.81,0.52
2420_0.95_0.63.png,val_regular,43.17768096923828,0.997947096824646,43.38397979736328,0.9979606866836548,0.206298828125,1.3589859008789062e-05,0.0007656895904801786,0.0030627583619207144,0.0015312832547351718,0.0008207957143895328,0.02741428092122078,0.42741623520851135,0.015040311962366104,0.07728841155767441,0.95,0.63
2421_0.95_1.35.png,val_regular,36.84771728515625,0.9925072193145752,37.01163101196289,0.9925868511199951,0.16391372680664062,7.963180541992188e-05,0.0009742219117470086,0.0038968876469880342,0.0019484430085867643,0.0010139644145965576,0.01915798708796501,0.5333830118179321,0.018783867359161377,0.1938411444425583,0.95,1.35
2427_0.71_0.9.png,val_regular,44.30303192138672,0.9979901313781738,44.005218505859375,0.9979771971702576,-0.29781341552734375,-1.2934207916259766e-05,0.0006145181832835078,0.0024580727331340313,0.0012279790826141834,0.000681718229316175,0.024313151836395264,0.5569220185279846,0.012400336563587189,0.31776368618011475,0.71,0.9
2435_0.72_0.78.png,val_regular,44.469749450683594,0.999041736125946,44.16486740112305,0.9990350604057312,-0.3048820495605469,-6.67572021484375e-06,0.0004947654088027775,0.00197906163521111,0.0009888506028801203,0.000599940656684339,0.0506749153137207,0.5813345909118652,0.01582435332238674,0.4178417921066284,0.72,0.78
2436_0.83_1.9.png,val_regular,41.66386413574219,0.9979405403137207,41.419532775878906,0.9979655742645264,-0.24433135986328125,2.5033950805664062e-05,0.0006675984477624297,0.002670393791049719,0.0013343302998691797,0.0007884303922764957,0.05390516668558121,0.6162810921669006,0.013228662312030792,0.46839192509651184,0.83,1.9
2488_0.64_1.77.png,val_regular,41.667808532714844,0.9960415363311768,41.65794372558594,0.9960912466049194,-0.00986480712890625,4.971027374267578e-05,0.0006336889346130192,0.002534755738452077,0.0012664615642279387,0.0007466276874765754,0.036374785006046295,0.4698929488658905,0.01293631736189127,0.09569336473941803,0.64,1.77
2511_0.82_1.93.png,val_regular,42.58266830444336,0.9956860542297363,42.33625793457031,0.9958721399307251,-0.24641036987304688,0.00018608570098876953,0.0004585658898577094,0.0018342635594308376,0.0009167773532681167,0.00048710903502069414,0.03173719719052315,0.4646961987018585,0.008457837626338005,0.15743815898895264,0.82,1.93
2530_0.54_0.81.png,val_regular,49.29277038574219,0.9977611303329468,50.030372619628906,0.9979075193405151,0.7376022338867188,0.00014638900756835938,0.0004863490757998079,0.0019453963031992316,0.0009712483151815832,0.0005260209436528385,0.030489366501569748,0.36570143699645996,0.014963635243475437,0.07018554955720901,0.54,0.81
2534_0.74_1.5.png,val_regular,43.891563415527344,0.9925899505615234,44.114871978759766,0.9927130937576294,0.22330856323242188,0.00012314319610595703,0.0008197766146622598,0.0032791064586490393,0.0016383262118324637,0.0008582274313084781,0.048576388508081436,0.43666163086891174,0.011029265820980072,0.08465169370174408,0.74,1.5
2551_0.71_1.76.png,val_regular,42.296051025390625,0.9958624243736267,42.77747344970703,0.9961345195770264,0.48142242431640625,0.0002720952033996582,0.0005764237721450627,0.0023056950885802507,0.0011517873499542475,0.000593721866607666,0.031312935054302216,0.6107940077781677,0.007943907752633095,0.45418620109558105,0.71,1.76
2561_0.98_0.54.png,val_regular,47.222450256347656,0.9973462820053101,47.41368865966797,0.9974029064178467,0.1912384033203125,5.6624412536621094e-05,0.0006682086386717856,0.0026728345546871424,0.0013360599987208843,0.0007176995277404785,0.03693576529622078,0.5055643916130066,0.013124950230121613,0.4212955832481384,0.98,0.54
2566_0.98_1.33.png,val_regular,42.35471725463867,0.9943126440048218,42.716678619384766,0.9944049715995789,0.36196136474609375,9.232759475708008e-05,0.0007527070702053607,0.0030108282808214426,0.001505212509073317,0.0007592837209813297,0.018378905951976776,0.5422229170799255,0.01339581236243248,0.4341569244861603,0.98,1.33
2609_0.89_1.63.png,val_regular,41.88084411621094,0.9917198419570923,41.847923278808594,0.9920165538787842,-0.03292083740234375,0.00029671192169189453,0.0006979470490477979,0.0027917881961911917,0.0013957369374111295,0.0007005482912063599,0.03588216379284859,0.5196429491043091,0.011973111890256405,0.2316308617591858,0.89,1.63
2612_0.52_1.14.png,val_regular,44.18789291381836,0.9965319633483887,44.34814453125,0.9966434836387634,0.16025161743164062,0.00011152029037475586,0.00028090004343539476,0.001123600173741579,0.0005599308060482144,0.0002487649617251009,0.04300130158662796,0.3391755521297455,0.013633891940116882,0.08767253160476685,0.52,1.14
2639_0.74_1.16.png,val_regular,46.26811599731445,0.9984959363937378,46.35547637939453,0.9985503554344177,0.08736038208007812,5.441904067993164e-05,0.0005596071132458746,0.0022384284529834986,0.0011182825546711683,0.0005777279729954898,0.024432510137557983,0.569604218006134,0.01206896547228098,0.3381998836994171,0.74,1.16
2641_0.7_1.91.png,val_regular,41.87289810180664,0.9972140192985535,42.14642333984375,0.9972690939903259,0.2735252380371094,5.507469177246094e-05,0.0004916784819215536,0.0019667139276862144,0.000981867895461619,0.0004834135470446199,0.025668403133749962,0.6063619256019592,0.00770539790391922,0.20031902194023132,0.7,1.91
2648_0.66_1.92.png,val_regular,40.61591339111328,0.996814489364624,41.00928497314453,0.9968641996383667,0.39337158203125,4.971027374267578e-05,0.0006093482952564955,0.002437393181025982,0.0012177982134744525,0.0007426043739542365,0.02356228418648243,0.5033773183822632,0.007760737556964159,0.04640950635075569,0.66,1.92
2662_0.71_1.19.png,val_regular,43.91444778442383,0.996746301651001,44.15898895263672,0.9968589544296265,0.24454116821289062,0.00011265277862548828,0.0006090605165809393,0.002436242066323757,0.0012170132249593735,0.0007003148784860969,0.05136067792773247,0.4237363636493683,0.016015470027923584,0.16698893904685974,0.71,1.19
2674_0.84_1.83.png,val_regular,43.4410285949707,0.9953761100769043,43.45738220214844,0.9954228401184082,0.016353607177734375,4.673004150390625e-05,0.0006727345171384513,0.0026909380685538054,0.00134509545750916,0.0007895430317148566,0.03829969838261604,0.46154847741127014,0.012585822492837906,0.21339192986488342,0.84,1.83
2684_0.56_0.96.png,val_regular,45.598201751708984,0.998894214630127,45.74281692504883,0.9989058375358582,0.14461517333984375,1.1622905731201172e-05,0.0002465436700731516,0.0009861746802926064,0.0004920645151287317,0.0001663665025262162,0.03638888895511627,0.49558427929878235,0.011327242478728294,0.21272461116313934,0.56,0.96
2717_0.97_0.78.png,val_regular,43.19148254394531,0.9961363673210144,43.14033889770508,0.9963316321372986,-0.051143646240234375,0.0001952648162841797,0.0008017973159439862,0.0032071892637759447,0.00160353968385607,0.0008484324207529426,0.03149305656552315,0.507697343826294,0.014871148392558098,0.2619205713272095,0.97,0.78
2722_0.85_0.56.png,val_regular,44.38452911376953,0.9965275526046753,44.26524353027344,0.996599555015564,-0.11928558349609375,7.200241088867188e-05,0.000688824919052422,0.002755299676209688,0.0013775069965049624,0.000740995048545301,0.033042535185813904,0.3921825885772705,0.015287002548575401,0.13884440064430237,0.85,0.56
2733_0.56_1.8.png,val_regular,41.776390075683594,0.9932944178581238,41.93296813964844,0.993238627910614,0.15657806396484375,-5.5789947509765625e-05,0.0007737060659565032,0.0030948242638260126,0.001545022358186543,0.0004546443815343082,0.07922960072755814,0.5058700442314148,0.010254915803670883,0.1003190129995346,0.56,1.8
2748_0.57_0.6.png,val_regular,48.28205490112305,0.998633086681366,48.3668212890625,0.9986104965209961,0.08476638793945312,-2.2590160369873047e-05,0.00034059499739669263,0.0013623799895867705,0.0006799312541261315,0.0003455480036791414,0.040487196296453476,0.4803900718688965,0.020243600010871887,0.3341927230358124,0.57,0.6
2751_0.51_0.98.png,val_regular,45.909950256347656,0.9988123774528503,45.921470642089844,0.9988126754760742,0.0115203857421875,2.980232238769531e-07,0.000297636172035709,0.001190544688142836,0.000593039090745151,0.00017760197806637734,0.03486328199505806,0.505552351474762,0.01578744500875473,0.3272526264190674,0.51,0.98
2767_0.69_0.71.png,val_regular,45.30120086669922,0.998775839805603,45.51161193847656,0.9987696409225464,0.21041107177734375,-6.198883056640625e-06,0.0004885019734501839,0.0019540078938007355,0.0009763725684024394,0.0005919337272644043,0.03517469763755798,0.5182164907455444,0.01755928248167038,0.28426432609558105,0.69,0.71
2768_1.0_1.26.png,val_regular,39.52346420288086,0.9965744018554688,39.642601013183594,0.9965758323669434,0.11913681030273438,1.430511474609375e-06,0.0008510050247423351,0.0034040200989693403,0.001701983972452581,0.0009459853172302246,0.04533528909087181,0.5715934634208679,0.01654696837067604,0.4214550852775574,1.0,1.26
2778_0.58_1.79.png,val_regular,37.98850631713867,0.9870918989181519,38.126399993896484,0.9870385527610779,0.1378936767578125,-5.334615707397461e-05,0.000686174666043371,0.002744698664173484,0.0013712199870496988,0.0007711946964263916,0.0403125025331974,0.4124993085861206,0.010607966221868992,0.10903971642255783,0.58,1.79
2786_0.88_1.47.png,val_regular,39.62106704711914,0.9956594705581665,39.954254150390625,0.9956812858581543,0.3331871032714844,2.181529998779297e-05,0.0009397802059538662,0.003759120823815465,0.0018793022027239203,0.001057664630934596,0.03318250924348831,0.5119470953941345,0.008691485971212387,0.12522460520267487,0.88,1.47
2787_0.55_1.38.png,val_regular,43.791690826416016,0.9979943037033081,44.13972473144531,0.9980368614196777,0.3480339050292969,4.2557716369628906e-05,0.00048242154298350215,0.0019296861719340086,0.0009642706718295813,0.0005148252239450812,0.02044813334941864,0.4282122254371643,0.008724602870643139,0.05690104141831398,0.55,1.38
2818_0.7_1.02.png,val_regular,42.12932205200195,0.9967979192733765,42.51061248779297,0.9967902898788452,0.3812904357910156,-7.62939453125e-06,0.0007621091208420694,0.0030484364833682775,0.0015231400029733777,0.0009341835975646973,0.03890408203005791,0.37867432832717896,0.009041544049978256,0.08094076067209244,0.7,1.02
281_0.93_1.17.png,val_regular,34.74871063232422,0.994149386882782,35.207130432128906,0.9943771362304688,0.4584197998046875,0.00022774934768676758,0.0014647868229076266,0.0058591472916305065,0.00292954221367836,0.0014599462738260627,0.0016479167388752103,0.5855283141136169,0.022938666865229607,0.25540000200271606,0.93,1.17
2827_0.92_0.93.png,val_regular,42.209835052490234,0.9951927065849304,42.05438995361328,0.9951545596122742,-0.15544509887695312,-3.814697265625e-05,0.000554343219846487,0.002217372879385948,0.0011086168233305216,0.0005932152271270752,0.020874567329883575,0.36110150814056396,0.007997573353350163,0.04599284008145332,0.92,0.93
282_0.95_1.38.png,val_regular,33.88801956176758,0.9923495054244995,34.34539794921875,0.9926403760910034,0.4573783874511719,0.00029087066650390625,0.0016155944904312491,0.006462377961724997,0.0032311654649674892,0.0016120176296681166,0.0012229166459292173,0.6273614764213562,0.020419545471668243,0.2902812361717224,0.95,1.38
2836_0.86_1.64.png,val_regular,35.40329360961914,0.9915030002593994,35.75727081298828,0.9915766716003418,0.3539772033691406,7.367134094238281e-05,0.001016063499264419,0.004064253997057676,0.0020318853203207254,0.0011075239162892103,0.026222873479127884,0.5180022120475769,0.007138189859688282,0.06102539226412773,0.86,1.64
283_0.71_1.63.png,val_regular,35.85920333862305,0.9936651587486267,36.43457794189453,0.9940344095230103,0.5753746032714844,0.0003692507743835449,0.0015131154796108603,0.006052461918443441,0.003026217222213745,0.0015083353500813246,0.001483333297073841,0.6045690774917603,0.02120981365442276,0.26499998569488525,0.71,1.63
2841_0.6_1.33.png,val_regular,41.06303787231445,0.9968442916870117,41.379364013671875,0.9968889951705933,0.3163261413574219,4.470348358154297e-05,0.00037856315611861646,0.0015142526244744658,0.0007558159995824099,0.00047905248356983066,0.029049480333924294,0.3498450517654419,0.009831812232732773,0.05032552033662796,0.6,1.33
2845_0.61_0.81.png,val_regular,45.48161315917969,0.9982647895812988,45.420021057128906,0.9982768893241882,-0.06159210205078125,1.2099742889404297e-05,0.00035334305721335113,0.0014133722288534045,0.0007060460629872978,0.00043771666241809726,0.03206271678209305,0.3347680866718292,0.008637625724077225,0.04822591319680214,0.61,0.81
2850_0.78_1.51.png,val_regular,37.904544830322266,0.9921299815177917,38.19325256347656,0.9923338890075684,0.2887077331542969,0.00020390748977661133,0.0008869573939591646,0.0035478295758366585,0.0017722551710903645,0.001016815542243421,0.04138563573360443,0.47244852781295776,0.006471889093518257,0.09719076007604599,0.78,1.51
2869_0.8_0.83.png,val_regular,44.615230560302734,0.9984873533248901,44.763465881347656,0.9984899759292603,0.14823532104492188,2.6226043701171875e-06,0.0009178273030556738,0.0036713092122226954,0.001835650997236371,0.0010193487396463752,0.031452909111976624,0.5322705507278442,0.007920247502624989,0.05720703303813934,0.8,0.83
2884_0.65_1.22.png,val_regular,41.5162239074707,0.9975904226303101,41.838134765625,0.9976212382316589,0.3219108581542969,3.081560134887695e-05,0.0005542447906918824,0.0022169791627675295,0.0011076913215219975,0.0006959835882298648,0.03466688469052315,0.4155297875404358,0.008630708791315556,0.1231575533747673,0.65,1.22
2891_0.75_1.3.png,val_regular,41.501346588134766,0.9980546832084656,41.42797088623047,0.9980608820915222,-0.07337570190429688,6.198883056640625e-06,0.000366390886483714,0.001465563545934856,0.0007321963203139603,0.0003873805399052799,0.029685331508517265,0.41541820764541626,0.010326516814529896,0.1282910257577896,0.75,1.3
2902_0.53_1.49.png,val_regular,42.788394927978516,0.9986565113067627,43.17616271972656,0.9986600875854492,0.3877677917480469,3.5762786865234375e-06,0.0005126100149936974,0.0020504400599747896,0.0010245073353871703,0.0005906423320993781,0.017031250521540642,0.5484365820884705,0.006504836492240429,0.05256184935569763,0.53,1.49
2904_0.97_0.81.png,val_regular,39.94993209838867,0.9982709884643555,39.82075881958008,0.9982595443725586,-0.12917327880859375,-1.1444091796875e-05,0.0010151441674679518,0.004060576669871807,0.0020302757620811462,0.0011538069229573011,0.041527777910232544,0.6091712713241577,0.00722456444054842,0.10887044668197632,0.97,0.81
2909_0.91_1.44.png,val_regular,41.03071594238281,0.994640588760376,41.119041442871094,0.9947087168693542,0.08832550048828125,6.812810897827148e-05,0.0006874524988234043,0.0027498099952936172,0.0013747499324381351,0.0007276833057403564,0.02158203162252903,0.5518811345100403,0.007855512201786041,0.13686197996139526,0.91,1.44
290_0.6_1.14.png,val_regular,41.84059143066406,0.998414158821106,41.95441436767578,0.9984186887741089,0.11382293701171875,4.5299530029296875e-06,0.0006048555369488895,0.002419422147795558,0.0012095432030037045,0.0005552272195927799,0.0003770833427552134,0.4086124300956726,0.030365629121661186,0.17288124561309814,0.6,1.14
2915_0.93_1.21.png,val_regular,41.79662322998047,0.9971349239349365,41.782806396484375,0.9971994757652283,-0.01381683349609375,6.455183029174805e-05,0.0006373827927745879,0.0025495311710983515,0.0012747052824124694,0.0006808042526245117,0.03175672888755798,0.47139111161231995,0.012092091143131256,0.2819238305091858,0.93,1.21
2919_0.84_0.65.png,val_regular,39.81908416748047,0.9950668215751648,40.237518310546875,0.9951648116111755,0.41843414306640625,9.799003601074219e-05,0.0007270534406416118,0.0029082137625664473,0.001453993609175086,0.0007976194610819221,0.027991537004709244,0.39660847187042236,0.009408978745341301,0.05699869990348816,0.84,0.65
2922_0.61_1.92.png,val_regular,39.93254089355469,0.9947546720504761,39.90746307373047,0.9948493838310242,-0.02507781982421875,9.47117805480957e-05,0.00025841777096502483,0.0010336710838600993,0.0005159322172403336,0.0003533562121447176,0.02411566860973835,0.4820879101753235,0.008614899590611458,0.057744141668081284,0.61,1.92
2930_0.83_1.16.png,val_regular,42.400054931640625,0.9969028234481812,43.011287689208984,0.9969537258148193,0.6112327575683594,5.0902366638183594e-05,0.0009446614421904087,0.003778645768761635,0.0018888326594606042,0.001037041423842311,0.03573567792773247,0.4643561840057373,0.005514075048267841,0.0450325533747673,0.83,1.16
2950_0.52_1.03.png,val_regular,42.374420166015625,0.9980634450912476,42.31367111206055,0.9980578422546387,-0.060749053955078125,-5.602836608886719e-06,0.0003661726077552885,0.001464690431021154,0.0007314541726373136,0.0005626877536997199,0.03426757827401161,0.3411656320095062,0.008233536034822464,0.06701497733592987,0.52,1.03
2957_0.86_1.61.png,val_regular,34.51030349731445,0.9931505918502808,34.92719650268555,0.9932470321655273,0.41689300537109375,9.644031524658203e-05,0.0011913938215002418,0.004765575286000967,0.002382574137300253,0.0012292861938476562,0.016229383647441864,0.5409422516822815,0.006915498524904251,0.10613281279802322,0.86,1.61
2973_0.95_1.29.png,val_regular,38.1590576171875,0.9925006628036499,38.27055358886719,0.9925875663757324,0.1114959716796875,8.690357208251953e-05,0.0013757250271737576,0.00550290010869503,0.0027514423709362745,0.0014584660530090332,0.02652018330991268,0.561454176902771,0.007486985996365547,0.09621094167232513,0.95,1.29
2978_0.94_1.66.png,val_regular,32.173316955566406,0.9857594966888428,32.6559944152832,0.986136794090271,0.4826774597167969,0.00037729740142822266,0.0019185026176273823,0.007674010470509529,0.003836996853351593,0.0019653141498565674,0.021833768114447594,0.6782769560813904,0.006449197418987751,0.1989453136920929,0.94,1.66
2992_0.95_0.97.png,val_regular,39.190696716308594,0.9955310821533203,39.02006149291992,0.9954476356506348,-0.17063522338867188,-8.344650268554688e-05,0.000897591991815716,0.003590367967262864,0.0017950563924387097,0.0010003050556406379,0.038973525166511536,0.4269263744354248,0.012756606563925743,0.2124837338924408,0.95,0.97
2999_0.57_1.33.png,val_regular,41.59326171875,0.9967057108879089,41.46974563598633,0.9966894388198853,-0.12351608276367188,-1.627206802368164e-05,0.0008040845859795809,0.0032163383439183235,0.0016063450602814555,0.0007999440422281623,0.021855469793081284,0.5034006834030151,0.01071542501449585,0.08227213472127914,0.57,1.33
307_0.69_0.73.png,val_regular,42.92781066894531,0.9985949993133545,43.51167297363281,0.9986076354980469,0.5838623046875,1.2636184692382812e-05,0.0016409524250775576,0.00656380970031023,0.003281904850155115,0.0016402900218963623,0.00017500000831205398,0.374487042427063,0.021738499402999878,0.004006249830126762,0.69,0.73
31_0.54_1.13.png,val_regular,35.925453186035156,0.9960761070251465,36.3390998840332,0.9962765574455261,0.4136466979980469,0.00020045042037963867,0.0007683458970859647,0.0030733835883438587,0.001536335563287139,0.0002994537353515625,0.0005416666972450912,0.5025101900100708,0.016771893948316574,0.12277499586343765,0.54,1.13
325_0.68_1.71.png,val_regular,34.85270309448242,0.9969686269760132,35.014747619628906,0.9970585703849792,0.16204452514648438,8.994340896606445e-05,0.000984138110652566,0.003936552442610264,0.001966946991160512,0.0008997222175821662,0.0011874999618157744,0.5577942728996277,0.01734340749680996,0.2009437382221222,0.68,1.71
327_0.89_1.58.png,val_regular,35.0373420715332,0.9963024854660034,34.86227798461914,0.9963387250900269,-0.1750640869140625,3.62396240234375e-05,0.001403954578563571,0.005615818314254284,0.002807899843901396,0.001405825256370008,0.0007125000120140612,0.6275907158851624,0.01712189055979252,0.36663123965263367,0.89,1.58
330_0.59_1.02.png,val_regular,38.7113037109375,0.9984740614891052,38.29128646850586,0.9984811544418335,-0.4200172424316406,7.092952728271484e-06,0.0011739842593669891,0.0046959370374679565,0.002347903558984399,0.0011735459556803107,0.0,0.5664940476417542,0.018062997609376907,0.39237499237060547,0.59,1.02
331_0.87_1.64.png,val_regular,34.58487319946289,0.99420166015625,34.4666748046875,0.9944071769714355,-0.11819839477539062,0.00020551681518554688,0.002091360045596957,0.008365440182387829,0.004182660020887852,0.002091139554977417,2.0833333564951317e-06,0.7179958820343018,0.012014098465442657,0.5196312665939331,0.87,1.64
335_0.73_1.53.png,val_regular,35.285858154296875,0.9947487711906433,35.846923828125,0.994930624961853,0.561065673828125,0.0001818537712097168,0.0019225047435611486,0.007690018974244595,0.0038449950516223907,0.0019218921661376953,0.0,0.7496148347854614,0.007906286045908928,0.61347496509552,0.73,1.53
343_0.84_1.57.png,val_regular,37.83766555786133,0.9963996410369873,37.770355224609375,0.9965200424194336,-0.06731033325195312,0.00012040138244628906,0.001400289125740528,0.005601156502962112,0.00280056893825531,0.0013998051872476935,4.166666622040793e-05,0.6908153295516968,0.015505334362387657,0.39797499775886536,0.84,1.57
34_0.67_1.92.png,val_regular,29.102691650390625,0.9874376654624939,29.392444610595703,0.9878768920898438,0.2897529602050781,0.0004392266273498535,0.0016814108239486814,0.006725643295794725,0.0033627860248088837,0.0016799768200144172,0.0,0.6753848195075989,0.01628655008971691,0.32353124022483826,0.67,1.92
357_0.76_1.35.png,val_regular,33.0326042175293,0.9951955676078796,33.60398864746094,0.9955810308456421,0.5713844299316406,0.00038546323776245117,0.0012898154091089964,0.0051592616364359856,0.0025785162579268217,0.0012376507511362433,0.009354166686534882,0.4953162968158722,0.03184306621551514,0.1379312425851822,0.76,1.35
368_0.53_1.11.png,val_regular,42.46603012084961,0.9987272024154663,42.18048095703125,0.9986847639083862,-0.2855491638183594,-4.2438507080078125e-05,0.0008581937872804701,0.0034327751491218805,0.0017153704538941383,0.0005844732513651252,0.0013270833296701312,0.3838953673839569,0.020200788974761963,0.003974999766796827,0.53,1.11
38_0.79_1.15.png,val_regular,35.49878692626953,0.9970504641532898,35.92059326171875,0.997116208076477,0.42180633544921875,6.574392318725586e-05,0.0011187902418896556,0.004475160967558622,0.0022375176195055246,0.0011184017639607191,6.458333518821746e-05,0.5976224541664124,0.009806842543184757,0.05793124809861183,0.79,1.15
406_0.63_0.99.png,val_regular,41.87506103515625,0.9987388849258423,41.86293029785156,0.9987432360649109,-0.0121307373046875,4.351139068603516e-06,0.0009094352717511356,0.0036377410870045424,0.0018188387621194124,0.0009046992054209113,0.0040291668847203255,0.469929963350296,0.03130912408232689,0.055781248956918716,0.63,0.99
414_0.52_1.27.png,val_regular,33.6174430847168,0.996764600276947,33.63671875,0.9967546463012695,0.019275665283203125,-9.953975677490234e-06,0.000509442004840821,0.002037768019363284,0.0010183583945035934,0.0003237128257751465,0.0,0.5858176946640015,0.012686746194958687,0.12933124601840973,0.52,1.27
416_0.76_0.72.png,val_regular,36.39189147949219,0.9977664351463318,36.12773895263672,0.9977508783340454,-0.26415252685546875,-1.5556812286376953e-05,0.0008674613200128078,0.0034698452800512314,0.00173491844907403,0.0008674463024362922,4.1666667129902635e-06,0.6498350501060486,0.014470359310507774,0.5477687120437622,0.76,0.72
417_0.87_1.47.png,val_regular,29.75588607788086,0.991012454032898,29.663047790527344,0.9912847876548767,-0.09283828735351562,0.00027233362197875977,0.0010593945626169443,0.004237578250467777,0.002118692733347416,0.001049091457389295,0.0034895832650363445,0.5792171359062195,0.015124015510082245,0.229568749666214,0.87,1.47
422_0.82_1.34.png,val_regular,34.19041442871094,0.9942145347595215,34.000274658203125,0.9942395091056824,-0.1901397705078125,2.4974346160888672e-05,0.0014867715071886778,0.005947086028754711,0.0029735423158854246,0.0014867782592773438,8.333333425980527e-06,0.6719521284103394,0.005708163604140282,0.45948123931884766,0.82,1.34
427_0.64_1.21.png,val_regular,36.19194793701172,0.9930700659751892,36.343833923339844,0.9932190775871277,0.151885986328125,0.00014901161193847656,0.0009178078034892678,0.0036712312139570713,0.0018350813770666718,0.0008636812563054264,0.006916666869074106,0.45079052448272705,0.013929927721619606,0.175843745470047,0.64,1.21
440_0.72_1.73.png,val_regular,33.24330520629883,0.9893705248832703,33.53179168701172,0.9897024035453796,0.2884864807128906,0.000331878662109375,0.0009410270140506327,0.003764108056202531,0.0018818927928805351,0.0009740740060806274,0.009610416367650032,0.6064863204956055,0.007663542404770851,0.20861874520778656,0.72,1.73
441_0.78_0.66.png,val_regular,39.132625579833984,0.9986311793327332,38.89405059814453,0.9986346960067749,-0.23857498168945312,3.516674041748047e-06,0.0009867975022643805,0.003947190009057522,0.0019735933747142553,0.0009866952896118164,5.4166666814126074e-05,0.45785364508628845,0.024754704907536507,0.17498749494552612,0.78,0.66
442_0.83_1.12.png,val_regular,36.60690689086914,0.9971551895141602,36.50682067871094,0.9971751570701599,-0.10008621215820312,1.996755599975586e-05,0.0013798221480101347,0.005519288592040539,0.0027596442960202694,0.0013797879219055176,8.541666466044262e-05,0.56672602891922,0.019111357629299164,0.18594375252723694,0.83,1.12
468_0.56_1.55.png,val_regular,33.92634201049805,0.9972367286682129,34.503501892089844,0.997368335723877,0.5771598815917969,0.0001316070556640625,0.0014171730726957321,0.0056686922907829285,0.0028343461453914642,0.0014178554993122816,4.583333429764025e-05,0.6593981385231018,0.015334682539105415,0.33037498593330383,0.56,1.55
484_0.58_1.89.png,val_regular,36.561405181884766,0.9968637228012085,37.1080207824707,0.996986985206604,0.5466156005859375,0.0001232624053955078,0.0010207330342382193,0.004082932136952877,0.0020414567552506924,0.001020590541884303,4.7916666517267004e-05,0.5944187641143799,0.018946845084428787,0.32284998893737793,0.58,1.89
492_0.61_1.32.png,val_regular,31.20355796813965,0.991264820098877,31.658023834228516,0.9916832447052002,0.4544658660888672,0.0004184246063232422,0.001486386638134718,0.005945546552538872,0.00297276908531785,0.0014871458988636732,0.0005583333550021052,0.6598541736602783,0.00828128308057785,0.4604499936103821,0.61,1.32
494_0.54_1.59.png,val_regular,30.68666648864746,0.9882453680038452,30.97933006286621,0.98869389295578,0.29266357421875,0.00044852495193481445,0.0015864699380472302,0.006345879752188921,0.003172926837578416,0.0015828709583729506,2.0833333110203966e-05,0.6481744050979614,0.0070221140049397945,0.5116375088691711,0.54,1.59
500_0.56_0.68.png,val_regular,41.63591766357422,0.9989156126976013,42.21385192871094,0.9989447593688965,0.5779342651367188,2.9146671295166016e-05,0.000847960589453578,0.003391842357814312,0.0016959195490926504,0.0008626977796666324,0.0029916667845100164,0.5711222290992737,0.02313852310180664,0.5217437148094177,0.56,0.68
501_0.99_0.7.png,val_regular,39.12370300292969,0.996062695980072,38.65699005126953,0.9959878325462341,-0.46671295166015625,-7.486343383789062e-05,0.0011980371782556176,0.0047921487130224705,0.002395976334810257,0.001197775243781507,2.9166667445679195e-05,0.5075057744979858,0.01794588565826416,0.17175625264644623,0.99,0.7
510_0.57_0.99.png,val_regular,43.02377700805664,0.9984172582626343,43.2829704284668,0.9984321594238281,0.25919342041015625,1.4901161193847656e-05,0.0005590129876509309,0.0022360519506037235,0.0011177838314324617,0.0005014141788706183,0.006083333399146795,0.3732438087463379,0.019677840173244476,0.08649374544620514,0.57,0.99
514_0.62_1.93.png,val_regular,36.61734390258789,0.9958693981170654,36.907161712646484,0.9959196448326111,0.28981781005859375,5.02467155456543e-05,0.0008694238495081663,0.0034776953980326653,0.0017384228995069861,0.0008143981685861945,2.0833333564951317e-06,0.6355050206184387,0.007502760738134384,0.25658124685287476,0.62,1.93
530_0.9_0.71.png,val_regular,37.846256256103516,0.9977885484695435,37.862571716308594,0.9978711605072021,0.016315460205078125,8.26120376586914e-05,0.001015915535390377,0.004063662141561508,0.002031818963587284,0.0010158022632822394,2.0833333564951317e-06,0.5413619875907898,0.02024148777127266,0.3117624819278717,0.9,0.71
54_0.69_1.86.png,val_regular,35.62250518798828,0.9953569769859314,36.323638916015625,0.9956685900688171,0.7011337280273438,0.0003116130828857422,0.0014813885791227221,0.005925554316490889,0.0029627771582454443,0.0014814039459452033,8.333333425980527e-06,0.6779282093048096,0.009131100960075855,0.3745562434196472,0.69,1.86
55_0.95_1.7.png,val_regular,36.13276290893555,0.9944230914115906,36.83876419067383,0.9946796298027039,0.7060012817382812,0.00025653839111328125,0.0016724781598895788,0.006689912639558315,0.003344956086948514,0.0016724765300750732,0.0,0.7066746354103088,0.007944793440401554,0.39941248297691345,0.95,1.7
566_0.6_1.1.png,val_regular,33.155826568603516,0.9955329895019531,33.16276550292969,0.995573878288269,0.006938934326171875,4.088878631591797e-05,0.0005299432086758316,0.0021197728347033262,0.001059774192981422,0.0005229314556345344,3.7500001781154424e-05,0.4852689802646637,0.010596036911010742,0.04647500067949295,0.6,1.1
567_0.99_1.93.png,val_regular,31.90918731689453,0.9904093742370605,31.934425354003906,0.990501880645752,0.025238037109375,9.250640869140625e-05,0.0026593583170324564,0.010637433268129826,0.005318695213645697,0.0026587843894958496,1.4583333722839598e-05,0.7825387716293335,0.0053975824266672134,0.7005000114440918,0.99,1.93
577_0.51_0.99.png,val_regular,37.2971076965332,0.9947106242179871,37.834476470947266,0.9951137900352478,0.5373687744140625,0.0004031658172607422,0.0013110237196087837,0.005244094878435135,0.0026219370774924755,0.0013132989406585693,0.001875000074505806,0.46981745958328247,0.015476573258638382,0.1504812389612198,0.51,0.99
603_0.67_1.99.png,val_regular,33.892486572265625,0.9925459623336792,34.449161529541016,0.9931893348693848,0.5566749572753906,0.0006433725357055664,0.0019261800916865468,0.007704720366746187,0.0038523601833730936,0.0019241869449615479,0.0008249999955296516,0.7123879194259644,0.020867597311735153,0.5166687369346619,0.67,1.99
604_0.92_1.7.png,val_regular,35.330322265625,0.9927946329116821,35.7750244140625,0.993279218673706,0.4447021484375,0.0004845857620239258,0.0019179038936272264,0.007671615574508905,0.0038357870653271675,0.0019164979457855225,0.0006312500336207449,0.7069377303123474,0.0189302209764719,0.46338123083114624,0.92,1.7
611_0.99_1.33.png,val_regular,36.197845458984375,0.9950463175773621,35.605262756347656,0.9948629140853882,-0.5925827026367188,-0.00018340349197387695,0.001545743434689939,0.006182973738759756,0.003091369988396764,0.0015445451717823744,0.00018958334112539887,0.6303725242614746,0.017411723732948303,0.3895937502384186,0.99,1.33
627_0.51_0.54.png,val_regular,40.79159164428711,0.9985708594322205,41.11572265625,0.9986060857772827,0.3241310119628906,3.522634506225586e-05,0.00045269730617292225,0.001810789224691689,0.000905037100892514,0.00044912099838256836,2.0833333564951317e-06,0.42163369059562683,0.015208888798952103,0.004537499975413084,0.51,0.54
655_0.53_1.69.png,val_regular,35.654144287109375,0.9939596056938171,36.66008377075195,0.9944537878036499,1.0059394836425781,0.0004941821098327637,0.0022341525182127953,0.008936610072851181,0.004468139726668596,0.0022410154342651367,0.0022645832505077124,0.5157554745674133,0.01429031789302826,0.04206249862909317,0.53,1.69
680_0.76_1.75.png,val_regular,36.946266174316406,0.9917097091674805,37.59315872192383,0.9920587539672852,0.6468925476074219,0.0003490447998046875,0.0015831426717340946,0.0063325706869363785,0.003165733302012086,0.0015804668655619025,0.00038750001112930477,0.5767768621444702,0.006538356654345989,0.33441248536109924,0.76,1.75
692_0.69_1.32.png,val_regular,37.375518798828125,0.997734546661377,37.18656921386719,0.9976903200149536,-0.1889495849609375,-4.4226646423339844e-05,0.0004501814255490899,0.0018007257021963596,0.0009001241414807737,0.0004079540667589754,2.0833333110203966e-05,0.5454583168029785,0.017392665147781372,0.1518625020980835,0.69,1.32
693_0.92_1.29.png,val_regular,34.52173614501953,0.9872077703475952,34.93648147583008,0.9876643419265747,0.4147453308105469,0.0004565715789794922,0.0016326152253895998,0.006530460901558399,0.0032651666551828384,0.001630544662475586,0.0,0.6415238380432129,0.004604939371347427,0.5299062132835388,0.92,1.29
720_0.62_1.27.png,val_regular,40.50815963745117,0.9968785047531128,41.21731185913086,0.9970261454582214,0.7091522216796875,0.00014764070510864258,0.0015425102319568396,0.006170040927827358,0.003084756899625063,0.00154041254427284,0.0011666666250675917,0.527062177658081,0.022039134055376053,0.09675624966621399,0.62,1.27
728_0.58_1.55.png,val_regular,42.549442291259766,0.9973101019859314,42.46580505371094,0.9973480105400085,-0.08363723754882812,3.790855407714844e-05,0.0009116188157349825,0.00364647526293993,0.0018229170236736536,0.0008876522770151496,1.8750000890577212e-05,0.6014471650123596,0.009009001776576042,0.005624999757856131,0.58,1.55
737_0.84_1.88.png,val_regular,31.896276473999023,0.9939349889755249,32.185970306396484,0.9940306544303894,0.28969383239746094,9.566545486450195e-05,0.0019409294473007321,0.0077637177892029285,0.0038817592430859804,0.00194288301281631,0.0003958333400078118,0.6090182065963745,0.016159988939762115,0.3508562445640564,0.84,1.88
73_0.93_1.41.png,val_regular,35.00835418701172,0.9950593709945679,35.34315490722656,0.9950870871543884,0.33480072021484375,2.771615982055664e-05,0.0021550841629505157,0.008620336651802063,0.004310154356062412,0.0021558902226388454,0.00016666666488163173,0.7028911709785461,0.015735212713479996,0.4178687334060669,0.93,1.41
743_0.75_1.36.png,val_regular,40.335235595703125,0.9974154233932495,40.55400848388672,0.9974837303161621,0.21877288818359375,6.830692291259766e-05,0.0015760549576953053,0.006304219830781221,0.0031521045602858067,0.0015761256217956543,2.7083333407063037e-05,0.5909671783447266,0.01694432646036148,0.32228749990463257,0.75,1.36
746_0.64_0.98.png,val_regular,39.52616500854492,0.9955272674560547,40.08448791503906,0.9958116412162781,0.5583229064941406,0.00028437376022338867,0.000748643244151026,0.002994572976604104,0.001497028162702918,0.0007631580228917301,0.005329166539013386,0.46376991271972656,0.0076569365337491035,0.24882499873638153,0.64,0.98
750_0.72_1.91.png,val_regular,38.14475631713867,0.9931052923202515,38.213661193847656,0.993193507194519,0.06890487670898438,8.821487426757812e-05,0.0013239962281659245,0.005295984912663698,0.0026466059498488903,0.0013180177193135023,0.051110416650772095,0.565272867679596,0.008458057418465614,0.23159374296665192,0.72,1.91
754_0.7_1.86.png,val_regular,30.51203155517578,0.9927477836608887,30.81414031982422,0.9929406046867371,0.3021087646484375,0.00019282102584838867,0.0013511527795344591,0.0054046111181378365,0.0027022091671824455,0.0013730128994211555,0.007149999961256981,0.6362337470054626,0.026463206857442856,0.45128747820854187,0.7,1.86
75_0.61_0.9.png,val_regular,36.990779876708984,0.9985759258270264,37.17985153198242,0.9985889792442322,0.1890716552734375,1.3053417205810547e-05,0.0008957782993093133,0.003583113197237253,0.00179123948328197,0.0008648335933685303,0.0010104166576638818,0.5018301606178284,0.020728297531604767,0.2766124904155731,0.61,0.9
769_0.72_1.83.png,val_regular,29.185922622680664,0.989417314529419,29.412477493286133,0.9897536039352417,0.22655487060546875,0.0003362894058227539,0.0016353944083675742,0.006541577633470297,0.003270781598985195,0.0016353329410776496,0.0,0.7783670425415039,0.007198432460427284,0.6869562268257141,0.72,1.83
778_0.99_1.06.png,val_regular,33.92321014404297,0.9975783228874207,33.38734817504883,0.9974784255027771,-0.5358619689941406,-9.989738464355469e-05,0.0015451520448550582,0.006180608179420233,0.0030902589205652475,0.0015445351600646973,3.333333370392211e-05,0.6937277913093567,0.02144189551472664,0.36821249127388,0.99,1.06
785_0.71_1.08.png,val_regular,41.92027282714844,0.9971957206726074,42.49404525756836,0.9972348213195801,0.5737724304199219,3.910064697265625e-05,0.001272924360819161,0.005091697443276644,0.0025458261370658875,0.0012732148170471191,0.00021875000675208867,0.6100623607635498,0.01344253309071064,0.4540562331676483,0.71,1.08
797_0.56_1.33.png,val_regular,41.121829986572266,0.9952502250671387,41.630611419677734,0.9956092238426208,0.5087814331054688,0.00035899877548217773,0.0009538028971292078,0.0038152115885168314,0.0019075532909482718,0.0009422799339517951,0.004964583553373814,0.5843400359153748,0.014633778482675552,0.38281872868537903,0.56,1.33
801_0.55_1.38.png,val_regular,36.47361373901367,0.9964930415153503,36.321495056152344,0.9967620372772217,-0.15211868286132812,0.0002689957618713379,0.0005664413911290467,0.0022657655645161867,0.0011312466813251376,9.740392852108926e-05,0.02228124998509884,0.42662346363067627,0.015145499259233475,0.008349999785423279,0.55,1.38
813_0.7_1.11.png,val_regular,42.93043518066406,0.9988147616386414,43.213504791259766,0.9988384246826172,0.2830696105957031,2.3663043975830078e-05,0.0008768993429839611,0.0035075973719358444,0.001753601129166782,0.0008759995689615607,0.00543541694059968,0.4182822108268738,0.045031994581222534,0.18350625038146973,0.7,1.11
818_0.72_0.52.png,val_regular,41.16246795654297,0.9991750717163086,41.32854080200195,0.9991723299026489,0.16607284545898438,-2.7418136596679688e-06,0.0004944863030686975,0.00197794521227479,0.000988420913927257,0.0004903475637547672,0.0019354167161509395,0.3991960883140564,0.03221262991428375,0.05456874892115593,0.72,0.52
82_0.97_1.73.png,val_regular,36.884986877441406,0.992477536201477,36.976806640625,0.9924886226654053,0.09181976318359375,1.1086463928222656e-05,0.0016128616407513618,0.006451446563005447,0.003225712338462472,0.001613150117918849,0.000512500002514571,0.6429349780082703,0.013529743999242783,0.33008748292922974,0.97,1.73
851_0.78_0.98.png,val_regular,40.271793365478516,0.9990953803062439,40.03828430175781,0.9991070628166199,-0.23350906372070312,1.1682510375976562e-05,0.0012707613641396165,0.005083045456558466,0.002541509922593832,0.001270592212677002,4.1666667129902635e-06,0.5517817139625549,0.02814612165093422,0.0952562466263771,0.78,0.98
85_1.0_1.41.png,val_regular,30.506715774536133,0.9894103407859802,30.762615203857422,0.9897755980491638,0.25589942932128906,0.00036525726318359375,0.0017622109735384583,0.007048843894153833,0.003524421714246273,0.0017798840999603271,0.009647917002439499,0.584135115146637,0.0381227508187294,0.1123499944806099,1.0,1.41
861_0.95_0.65.png,val_regular,40.74633026123047,0.9982951879501343,40.67353820800781,0.9983134269714355,-0.07279205322265625,1.823902130126953e-05,0.001028522034175694,0.004114088136702776,0.002056993544101715,0.0010283291339874268,4.1666667129902635e-06,0.5393202304840088,0.017603566870093346,0.2696499824523926,0.95,0.65
863_0.87_0.58.png,val_regular,36.93707275390625,0.9985420107841492,36.586708068847656,0.99852454662323,-0.35036468505859375,-1.7464160919189453e-05,0.0009367060847580433,0.003746824339032173,0.0018733731703832746,0.0009365479345433414,2.0833333564951317e-06,0.5190310478210449,0.018007822334766388,0.2652624845504761,0.87,0.58
869_0.66_1.74.png,val_regular,36.57129669189453,0.996405303478241,37.076995849609375,0.9965440630912781,0.5056991577148438,0.00013875961303710938,0.0010231675114482641,0.0040926700457930565,0.0020462172105908394,0.0010210077743977308,0.0001062500014086254,0.6064844131469727,0.020830847322940826,0.20159374177455902,0.66,1.74
881_0.6_1.13.png,val_regular,37.47796630859375,0.998186469078064,37.37319564819336,0.9982025623321533,-0.10477066040039062,1.609325408935547e-05,0.0008647834765724838,0.003459133906289935,0.0017291087424382567,0.0008404552936553955,0.0002395833289483562,0.5539674758911133,0.01657474786043167,0.3382687270641327,0.6,1.13
885_0.96_1.05.png,val_regular,39.52239990234375,0.9976500868797302,39.39931869506836,0.9977978467941284,-0.12308120727539062,0.00014775991439819336,0.000949334295000881,0.003797337180003524,0.001898637623526156,0.0009481310844421387,9.791666525416076e-05,0.659558117389679,0.018984507769346237,0.45762500166893005,0.96,1.05
898_0.93_1.53.png,val_regular,37.85965347290039,0.9966237545013428,37.73109817504883,0.9966391324996948,-0.1285552978515625,1.537799835205078e-05,0.0015807808376848698,0.006323123350739479,0.0031615574844181538,0.0015819966793060303,0.0012833334039896727,0.6461752653121948,0.021107785403728485,0.34943750500679016,0.93,1.53
902_0.78_1.81.png,val_regular,35.63077163696289,0.9912282824516296,36.140018463134766,0.9916249513626099,0.509246826171875,0.0003966689109802246,0.001666310359723866,0.006665241438895464,0.0033326069824397564,0.0016645293217152357,0.0005354166496545076,0.6817749738693237,0.01546753291040659,0.38138124346733093,0.78,1.81
934_0.9_1.4.png,val_regular,38.9050178527832,0.9936479330062866,39.12956619262695,0.9939315319061279,0.22454833984375,0.0002835988998413086,0.0012120744213461876,0.00484829768538475,0.0024240431375801563,0.0012114148121327162,1.0416666555101983e-05,0.6058163642883301,0.007408046163618565,0.3412874937057495,0.9,1.4
940_0.91_1.03.png,val_regular,35.25252914428711,0.9959598779678345,35.744136810302734,0.9961055517196655,0.491607666015625,0.0001456737518310547,0.0011416937923058867,0.004566775169223547,0.002283386653289199,0.0011416872730478644,0.0,0.6316892504692078,0.007206988520920277,0.47107499837875366,0.91,1.03
983_0.51_0.73.png,val_regular,39.616111755371094,0.9977990984916687,40.52358627319336,0.9978995323181152,0.9074745178222656,0.0001004338264465332,0.0011992144864052534,0.004796857945621014,0.0023982299026101828,0.0012038251152262092,0.0010291666258126497,0.40749046206474304,0.015887701883912086,0.0179625004529953,0.51,0.73
984_0.67_1.7.png,val_regular,36.09260177612305,0.994269847869873,37.258262634277344,0.9945101141929626,1.1656608581542969,0.0002402663230895996,0.002428692765533924,0.009714771062135696,0.004857288673520088,0.002441148040816188,0.0016145833069458604,0.5705321431159973,0.011896813288331032,0.510768711566925,0.67,1.7
98_0.97_1.56.png,val_regular,34.89113235473633,0.9932648539543152,35.26274871826172,0.9932960271835327,0.3716163635253906,3.11732292175293e-05,0.002448451705276966,0.009793806821107864,0.004896892234683037,0.002448270795866847,2.9166667445679195e-05,0.6944006681442261,0.01488989032804966,0.5055874586105347,0.97,1.56
99_0.79_1.39.png,val_regular,35.690284729003906,0.9955622553825378,35.841102600097656,0.9955036044120789,0.15081787109375,-5.8650970458984375e-05,0.001809530658647418,0.007238122634589672,0.0036190457176417112,0.0018092095851898193,3.7500001781154424e-05,0.5942075252532959,0.016336143016815186,0.40261247754096985,0.79,1.39
1002_0.73_1.47.png,val_hard,33.58755111694336,0.9880549907684326,33.63273239135742,0.9887043237686157,0.0451812744140625,0.0006493330001831055,0.0011506732553243637,0.004602693021297455,0.0023013444151729345,0.0011447470169514418,0.0034020834136754274,0.6556058526039124,0.007781164720654488,0.4724312424659729,0.73,1.47
101_0.78_1.87.png,val_hard,31.260887145996094,0.9864507913589478,31.33786964416504,0.9868487119674683,0.07698249816894531,0.0003979206085205078,0.0017650711815804243,0.007060284726321697,0.003530113957822323,0.0017644762992858887,0.0,0.7369814515113831,0.0060141561552882195,0.5131874680519104,0.78,1.87
1024_0.69_1.66.png,val_hard,35.46226119995117,0.9968079924583435,35.50287628173828,0.9969298839569092,0.040615081787109375,0.00012189149856567383,0.0008022732217796147,0.0032090928871184587,0.001603808836080134,0.0006754199857823551,0.003975000232458115,0.6162616610527039,0.01809980347752571,0.3947124779224396,0.69,1.66
1028_0.97_1.41.png,val_hard,36.63440704345703,0.9965918064117432,36.501434326171875,0.9966498613357544,-0.13297271728515625,5.805492401123047e-05,0.0017363461665809155,0.006945384666323662,0.0034726911690086126,0.0017363429069519043,1.6666666851961054e-05,0.6868792772293091,0.014637667685747147,0.40625622868537903,0.97,1.41
102_0.94_1.18.png,val_hard,32.18922424316406,0.9894636869430542,32.200706481933594,0.989710807800293,0.01148223876953125,0.00024712085723876953,0.0015244432725012302,0.006097773090004921,0.003048843936994672,0.0015228688716888428,0.0,0.6731220483779907,0.007218999322503805,0.44103747606277466,0.94,1.18
1033_0.52_1.2.png,val_hard,34.24308395385742,0.9937137365341187,34.99810028076172,0.9941367506980896,0.7550163269042969,0.00042301416397094727,0.001632321742363274,0.006529286969453096,0.0032644306775182486,0.0016420980682596564,0.0022270833142101765,0.4733608365058899,0.013601237908005714,0.07769374549388885,0.52,1.2
1036_0.69_1.69.png,val_hard,30.81781005859375,0.9862875938415527,31.584482192993164,0.9870812296867371,0.7666721343994141,0.0007936358451843262,0.002432942623272538,0.009731770493090153,0.0048658763989806175,0.0024389426689594984,0.001397916697897017,0.6010671854019165,0.010521017014980316,0.48416247963905334,0.69,1.69
1038_0.87_1.29.png,val_hard,32.466121673583984,0.9960901737213135,32.39669418334961,0.9960708618164062,-0.069427490234375,-1.9311904907226562e-05,0.001145154470577836,0.004580617882311344,0.002290282631292939,0.0011441012611612678,1.4583333722839598e-05,0.590831995010376,0.018163148313760757,0.34232500195503235,0.87,1.29
1045_0.58_1.58.png,val_hard,32.29373550415039,0.9799882769584656,32.23884582519531,0.9802871942520142,-0.054889678955078125,0.000298917293548584,0.001133109093643725,0.0045324363745749,0.0022661432158201933,0.0011318325996398926,0.00015208333206828684,0.5357443690299988,0.00974837876856327,0.19405624270439148,0.58,1.58
1056_0.85_1.39.png,val_hard,37.56566619873047,0.975658118724823,38.05333709716797,0.9767774343490601,0.4876708984375,0.0011193156242370605,0.0011835688492283225,0.00473427539691329,0.002367133041843772,0.0011816422920674086,0.0008520833216607571,0.5491426587104797,0.023391425609588623,0.3156625032424927,0.85,1.39
105_0.74_1.06.png,val_hard,36.506126403808594,0.9975177645683289,36.38135528564453,0.9974798560142517,-0.1247711181640625,-3.790855407714844e-05,0.0014219065196812153,0.005687626078724861,0.0028438104782253504,0.0014219185104593635,1.6666666851961054e-05,0.5574873685836792,0.01764843240380287,0.25981250405311584,0.74,1.06
1069_0.66_1.4.png,val_hard,33.770050048828125,0.9889904260635376,34.39033126831055,0.9896804094314575,0.6202812194824219,0.0006899833679199219,0.0015773552004247904,0.0063094208016991615,0.0031546640675514936,0.0015770494937896729,2.7083333407063037e-05,0.6649475693702698,0.009589537978172302,0.4612937271595001,0.66,1.4
106_0.91_1.85.png,val_hard,30.734567642211914,0.9912112951278687,30.558645248413086,0.9910573959350586,-0.17592239379882812,-0.0001538991928100586,0.0024969223886728287,0.009987689554691315,0.00499384431168437,0.0024971466045826674,3.7500001781154424e-05,0.728377640247345,0.011810981668531895,0.5595250129699707,0.91,1.85
1074_0.59_1.24.png,val_hard,34.380916595458984,0.9979295134544373,34.728233337402344,0.9979709386825562,0.3473167419433594,4.1425228118896484e-05,0.0009823021246120334,0.0039292084984481335,0.0019643392879515886,0.000965247571002692,0.0037437500432133675,0.47663456201553345,0.014710941351950169,0.10901875048875809,0.59,1.24
1075_0.76_1.99.png,val_hard,29.512893676757812,0.993236243724823,29.926368713378906,0.9935239553451538,0.41347503662109375,0.00028771162033081055,0.0017376650357618928,0.006950660143047571,0.0034752890933305025,0.0017511050682514906,0.0043875002302229404,0.6156771183013916,0.011088985949754715,0.38353124260902405,0.76,1.99
1083_0.67_0.81.png,val_hard,36.44865798950195,0.9975613355636597,37.268226623535156,0.9977284669876099,0.8195686340332031,0.0001671314239501953,0.001576066599227488,0.006304266396909952,0.0031521134078502655,0.0015754600754007697,0.0002395833289483562,0.5045058131217957,0.019098429009318352,0.12457499653100967,0.67,0.81
1084_0.81_1.75.png,val_hard,29.94759750366211,0.9895716905593872,30.627342224121094,0.9900538325309753,0.6797447204589844,0.00048214197158813477,0.0026589909102767706,0.010635963641107082,0.005317977629601955,0.0026586255989968777,0.0001645833399379626,0.6738329529762268,0.013481561094522476,0.5750374794006348,0.81,1.75
1092_0.84_1.93.png,val_hard,33.319366455078125,0.9896768927574158,33.6955451965332,0.990001380443573,0.3761787414550781,0.00032448768615722656,0.0017078460659831762,0.006831384263932705,0.0034156907349824905,0.0017078419914469123,0.0,0.6695585250854492,0.009189272299408913,0.4124625027179718,0.84,1.93
1094_0.77_1.07.png,val_hard,35.434879302978516,0.9972712397575378,35.628944396972656,0.9973253607749939,0.19406509399414062,5.412101745605469e-05,0.0012233114102855325,0.00489324564114213,0.0024466090835630894,0.0012221138458698988,0.00026666666963137686,0.6337509751319885,0.019925557076931,0.44179999828338623,0.77,1.07
1096_0.72_0.86.png,val_hard,35.755611419677734,0.9981670379638672,36.06702423095703,0.9982311129570007,0.3114128112792969,6.407499313354492e-05,0.0009948760271072388,0.003979504108428955,0.0019897310994565487,0.0009938478469848633,0.00021875000675208867,0.5988548398017883,0.02186449244618416,0.4164874851703644,0.72,0.86
1098_0.8_0.51.png,val_hard,33.103092193603516,0.9975003004074097,33.51582336425781,0.9976670742034912,0.4127311706542969,0.00016677379608154297,0.001248360495083034,0.004993441980332136,0.0024967107456177473,0.001247714040800929,0.00020000000949949026,0.42213737964630127,0.02755364030599594,0.012006249278783798,0.8,0.51
1101_0.77_1.17.png,val_hard,27.404373168945312,0.9910225868225098,27.824155807495117,0.9915293455123901,0.4197826385498047,0.0005067586898803711,0.002066998975351453,0.008267995901405811,0.0041339946910738945,0.0020664334297180176,0.00022708333563059568,0.6185469627380371,0.010281222872436047,0.39169999957084656,0.77,1.17
1103_0.88_1.95.png,val_hard,24.20502471923828,0.9820014834403992,24.612659454345703,0.9828445315361023,0.4076347351074219,0.000843048095703125,0.0028841339517384768,0.011536535806953907,0.005768266506493092,0.002883732318878174,0.0001500000071246177,0.7677096724510193,0.0065175313502550125,0.7136312127113342,0.88,1.95
1108_0.58_1.2.png,val_hard,36.34600830078125,0.9981433749198914,36.79914093017578,0.9982361197471619,0.45313262939453125,9.274482727050781e-05,0.0008942998829297721,0.0035771995317190886,0.0017885942943394184,0.0008938710088841617,0.00017083332932088524,0.5950796604156494,0.012420175597071648,0.12844374775886536,0.58,1.2
1111_0.57_1.35.png,val_hard,35.799861907958984,0.9973832964897156,36.202972412109375,0.9974867701530457,0.4031105041503906,0.00010347366333007812,0.0008863592520356178,0.0035454370081424713,0.001772615360096097,0.0008826255798339844,0.0009187500108964741,0.5066729187965393,0.026345279067754745,0.12286874651908875,0.57,1.35
1117_0.61_0.56.png,val_hard,36.795677185058594,0.9988030195236206,36.74591827392578,0.9988174438476562,-0.0497589111328125,1.4424324035644531e-05,0.000693756912369281,0.002775027649477124,0.0013875033473595977,0.0006936987629160285,2.0833333564951317e-06,0.6298304796218872,0.01711876504123211,0.37109375,0.61,0.56
1137_0.87_0.85.png,val_hard,36.012386322021484,0.9977009296417236,36.357444763183594,0.9977363348007202,0.3450584411621094,3.540515899658203e-05,0.000890089781023562,0.003560359124094248,0.0017801470821723342,0.0008890529861673713,0.0,0.5349929332733154,0.011858658865094185,0.00315624987706542,0.87,0.85
113_0.65_1.81.png,val_hard,33.20071029663086,0.9922611713409424,33.28187561035156,0.9925109148025513,0.08116531372070312,0.0002497434616088867,0.0017322070198133588,0.006928828079253435,0.003464394249022007,0.0017312964191660285,0.0,0.7333566546440125,0.008673537522554398,0.5127750039100647,0.65,1.81
1161_0.75_1.93.png,val_hard,36.41226577758789,0.9878149032592773,36.744693756103516,0.9889020919799805,0.332427978515625,0.001087188720703125,0.0019129164284095168,0.007651665713638067,0.0038258323911577463,0.0019077956676483154,0.002045833272859454,0.7284834980964661,0.004248562268912792,0.5042625069618225,0.75,1.93
1165_0.76_1.92.png,val_hard,34.606082916259766,0.9950454235076904,35.11306381225586,0.9952029585838318,0.5069808959960938,0.00015753507614135742,0.0019856803119182587,0.007942721247673035,0.003971341997385025,0.0019852719269692898,1.0416666555101983e-05,0.7129166126251221,0.012394806370139122,0.5688437223434448,0.76,1.92
1166_0.73_1.03.png,val_hard,35.954010009765625,0.9975139498710632,36.37027359008789,0.9975888133049011,0.4162635803222656,7.486343383789062e-05,0.00123240624088794,0.00492962496355176,0.002464745659381151,0.0012304186820983887,8.333333425980527e-06,0.5847800970077515,0.01904933527112007,0.495199978351593,0.73,1.03
1169_0.58_1.98.png,val_hard,32.42066192626953,0.9503299593925476,32.83139419555664,0.9531990885734558,0.4107322692871094,0.002869129180908203,0.0010642026318237185,0.004256810527294874,0.0021282981615513563,0.0013469457626342773,0.06208750233054161,0.6413534879684448,0.007523342967033386,0.36893749237060547,0.58,1.98
1174_0.74_1.33.png,val_hard,34.845584869384766,0.9949557185173035,34.92582702636719,0.9951711893081665,0.08024215698242188,0.0002154707908630371,0.001825748011469841,0.007302992045879364,0.003651468548923731,0.0018349786987528205,0.003152083372697234,0.608853280544281,0.015345499850809574,0.2077312469482422,0.74,1.33
1179_0.56_1.96.png,val_hard,30.768911361694336,0.9915858507156372,30.790708541870117,0.9915951490402222,0.02179718017578125,9.298324584960938e-06,0.0005163288442417979,0.0020653153769671917,0.0010313664097338915,7.841984916012734e-05,7.291666406672448e-05,0.6589250564575195,0.010097465477883816,0.10953749716281891,0.56,1.96
1194_0.88_1.52.png,val_hard,36.354087829589844,0.9962829947471619,36.5084228515625,0.9963605403900146,0.15433502197265625,7.75456428527832e-05,0.0011727256933227181,0.004690902773290873,0.0023454513866454363,0.0011727213859558105,2.0833333564951317e-06,0.6824599504470825,0.017009127885103226,0.5030874609947205,0.88,1.52
1196_0.78_1.47.png,val_hard,37.083656311035156,0.9970972537994385,37.31317901611328,0.9971598386764526,0.229522705078125,6.258487701416016e-05,0.0007964034448377788,0.0031856137793511152,0.001592326327227056,0.0007751783123239875,1.2500000593718141e-05,0.6288155317306519,0.017372380942106247,0.42343124747276306,0.78,1.47
1197_0.84_0.85.png,val_hard,30.762968063354492,0.9965816736221313,31.390344619750977,0.9968430995941162,0.6273765563964844,0.0002614259719848633,0.002011711709201336,0.008046846836805344,0.004023421555757523,0.002011855598539114,8.750000415602699e-05,0.5797000527381897,0.008862586691975594,0.13026875257492065,0.84,0.85
1199_0.86_0.65.png,val_hard,32.4454231262207,0.9976420402526855,33.14799499511719,0.9978417158126831,0.7025718688964844,0.0001996755599975586,0.001837241929024458,0.007348967716097832,0.0036744812969118357,0.0018373429775238037,6.666666740784422e-05,0.5477692484855652,0.009586544707417488,0.07457499951124191,0.86,0.65
1201_0.75_1.76.png,val_hard,35.20630645751953,0.9945561289787292,35.82905578613281,0.9951369166374207,0.6227493286132812,0.0005807876586914062,0.0015070625813677907,0.006028250325471163,0.0030141251627355814,0.0014889439335092902,0.007910416461527348,0.6279761791229248,0.018405679613351822,0.28558123111724854,0.75,1.76
1209_0.92_0.65.png,val_hard,36.628822326660156,0.9983641505241394,37.4465217590332,0.998467206954956,0.8176994323730469,0.00010305643081665039,0.0016366648487746716,0.006546659395098686,0.0032733294647186995,0.0016366641502827406,4.1666667129902635e-06,0.551766037940979,0.022053565829992294,0.11857499927282333,0.92,0.65
1210_0.69_0.81.png,val_hard,36.730587005615234,0.9984480738639832,37.39830017089844,0.9985567331314087,0.6677131652832031,0.00010865926742553711,0.0012289693113416433,0.004915877245366573,0.0024579386226832867,0.0012290279846638441,6.250000296859071e-06,0.5122509002685547,0.02160334773361683,0.11400624364614487,0.69,0.81
1214_0.74_1.7.png,val_hard,32.7144775390625,0.9952976703643799,32.75739288330078,0.9955047965049744,0.04291534423828125,0.00020712614059448242,0.0016480244230479002,0.006592097692191601,0.003296048380434513,0.0016480684280395508,0.0,0.7090756893157959,0.011301837861537933,0.5135312080383301,0.74,1.7
1217_0.82_0.83.png,val_hard,35.31477355957031,0.9967960715293884,36.02519226074219,0.996972918510437,0.710418701171875,0.00017684698104858398,0.001920781098306179,0.007683124393224716,0.003841534722596407,0.0019180079689249396,4.583333429764025e-05,0.5613875985145569,0.009401957504451275,0.24006249010562897,0.82,0.83
1223_0.74_2.0.png,val_hard,34.76206970214844,0.9954342246055603,34.35747528076172,0.9953758120536804,-0.40459442138671875,-5.841255187988281e-05,0.001479711732827127,0.005918846931308508,0.0029590902850031853,0.0014736354351043701,0.00020416667393874377,0.6418837904930115,0.011297499760985374,0.3043999969959259,0.74,2.0
1228_0.85_1.77.png,val_hard,35.974647521972656,0.9961622953414917,35.91608428955078,0.9962445497512817,-0.058563232421875,8.225440979003906e-05,0.001491258735768497,0.005965034943073988,0.0029825104866176844,0.0014910300960764289,0.0,0.6775776743888855,0.012986784800887108,0.38906875252723694,0.85,1.77
122_0.85_2.0.png,val_hard,28.755464553833008,0.9911598563194275,29.11119842529297,0.9913684725761414,0.35573387145996094,0.0002086162567138672,0.0016623800620436668,0.006649520248174667,0.003324724268168211,0.0017170906066894531,0.009964583441615105,0.6800437569618225,0.011685570701956749,0.5486874580383301,0.85,2.0
1235_0.97_1.72.png,val_hard,37.207279205322266,0.9930481910705566,37.302894592285156,0.9930911064147949,0.09561538696289062,4.291534423828125e-05,0.001474052551202476,0.005896210204809904,0.0029480615630745888,0.0014733573189005256,0.0001354166743112728,0.637468695640564,0.011833133175969124,0.3219062387943268,0.97,1.72
1237_0.86_1.79.png,val_hard,36.0830192565918,0.9959321022033691,36.538307189941406,0.9960145950317383,0.4552879333496094,8.249282836914062e-05,0.00114825542550534,0.00459302170202136,0.0022964091040194035,0.001148869632743299,0.0010625000577419996,0.6171555519104004,0.017642734572291374,0.36482498049736023,0.86,1.79
1239_0.66_1.97.png,val_hard,37.20030975341797,0.9962579607963562,37.590171813964844,0.9963264465332031,0.389862060546875,6.848573684692383e-05,0.0008229574887081981,0.0032918299548327923,0.001645518816076219,0.0006167094106785953,0.0006791666965000331,0.5398479104042053,0.017596079036593437,0.03047499991953373,0.66,1.97
123_0.94_1.22.png,val_hard,34.56951904296875,0.9964637160301208,35.34011459350586,0.9966084957122803,0.7705955505371094,0.00014477968215942383,0.0018997772131115198,0.007599108852446079,0.0037995208986103535,0.0019078155746683478,0.004106250125914812,0.663179874420166,0.015317435376346111,0.5457187294960022,0.94,1.22
1247_0.62_1.15.png,val_hard,35.904090881347656,0.9967080950737,35.89791488647461,0.9967341423034668,-0.006175994873046875,2.6047229766845703e-05,0.0004992984468117356,0.0019971937872469425,0.0009984917705878615,0.0004937648773193359,0.0006687500281259418,0.4574185907840729,0.02584906481206417,0.22958749532699585,0.62,1.15
1249_0.79_0.56.png,val_hard,31.977272033691406,0.997982919216156,32.54584884643555,0.9981096982955933,0.5685768127441406,0.00012677907943725586,0.0015479025896638632,0.006191610358655453,0.003095783293247223,0.001546839950606227,0.0002749999985098839,0.5877735614776611,0.014770152047276497,0.2001499980688095,0.79,0.56
1251_0.98_0.8.png,val_hard,27.912059783935547,0.995081901550293,28.38050079345703,0.9953386187553406,0.4684410095214844,0.0002567172050476074,0.002121993340551853,0.008487973362207413,0.004243980627506971,0.00212019681930542,0.00030625000363215804,0.6705666780471802,0.0131611879914999,0.6967187523841858,0.98,0.8
1257_0.92_0.83.png,val_hard,31.882205963134766,0.9958508014678955,32.671600341796875,0.9962071776390076,0.7893943786621094,0.00035637617111206055,0.002273069228976965,0.00909227691590786,0.004546135663986206,0.0022789041977375746,0.002385416766628623,0.5564975738525391,0.023807045072317123,0.07763750106096268,0.92,0.83
1260_0.82_1.01.png,val_hard,30.742202758789062,0.9952564239501953,31.4539737701416,0.9956490397453308,0.7117710113525391,0.00039261579513549805,0.0022154711186885834,0.008861884474754333,0.004430940840393305,0.0022232632618397474,0.002422916702926159,0.5555659532546997,0.02242763340473175,0.07434374839067459,0.82,1.01
1261_0.52_1.86.png,val_hard,33.40861892700195,0.9954850077629089,33.467552185058594,0.995543360710144,0.058933258056640625,5.835294723510742e-05,0.0008603374590165913,0.0034413498360663652,0.001720495754852891,0.0008309682598337531,0.0,0.6695561408996582,0.009780533611774445,0.4606812298297882,0.52,1.86
1262_0.55_0.76.png,val_hard,36.60027313232422,0.9980683326721191,36.682220458984375,0.9981266260147095,0.08194732666015625,5.829334259033203e-05,0.0012762566329911351,0.0051050265319645405,0.002552512101829052,0.0012762348633259535,0.0,0.7152534127235413,0.012237697839736938,0.5716562271118164,0.55,0.76
1267_0.75_1.55.png,val_hard,36.556583404541016,0.996204137802124,37.064613342285156,0.9963229894638062,0.5080299377441406,0.0001188516616821289,0.001000579446554184,0.004002317786216736,0.0020008725114166737,0.0010008811950683594,0.0008895833161659539,0.5473487377166748,0.013686290942132473,0.43216249346733093,0.75,1.55
1275_0.54_1.73.png,val_hard,33.21034622192383,0.9961178302764893,33.47047424316406,0.9962743520736694,0.2601280212402344,0.00015652179718017578,0.0008215744746848941,0.0032862978987395763,0.0016424388159066439,0.0008071164484135807,0.00031666667200624943,0.512935996055603,0.014969982206821442,0.005668750032782555,0.54,1.73
127_0.99_1.4.png,val_hard,27.43048095703125,0.990437388420105,27.33852767944336,0.9903690218925476,-0.09195327758789062,-6.836652755737305e-05,0.0014753290452063084,0.0059013161808252335,0.0029506580904126167,0.0014859139919281006,0.006991666741669178,0.6618293523788452,0.017514627426862717,0.3231875002384186,0.99,1.4
1283_0.55_1.12.png,val_hard,35.11349105834961,0.9978367686271667,35.247032165527344,0.9978662729263306,0.13354110717773438,2.950429916381836e-05,0.0006019930588081479,0.0024079722352325916,0.0012035892577841878,0.0005196730489842594,0.0,0.5381038784980774,0.016033152118325233,0.10423749685287476,0.55,1.12
1287_0.56_1.87.png,val_hard,31.331518173217773,0.9935728907585144,31.537216186523438,0.9937058687210083,0.20569801330566406,0.00013297796249389648,0.0008949269540607929,0.0035797078162431717,0.00178914749994874,8.591016376158223e-05,0.00012083333422197029,0.526638925075531,0.006744754500687122,0.0024124998599290848,0.56,1.87
1295_0.76_1.32.png,val_hard,33.41132736206055,0.996670126914978,34.04139709472656,0.9968174695968628,0.6300697326660156,0.00014734268188476562,0.0017748652026057243,0.007099460810422897,0.0035497304052114487,0.0017754038562998176,7.70833357819356e-05,0.5661939382553101,0.01445779949426651,0.3726937472820282,0.76,1.32
1296_0.61_1.52.png,val_hard,35.09914016723633,0.997157096862793,35.60512161254883,0.9972226619720459,0.5059814453125,6.556510925292969e-05,0.0012484078761190176,0.00499363150447607,0.0024967307690531015,0.0012468695640563965,7.500000356230885e-05,0.5045151114463806,0.013760332018136978,0.0032687499187886715,0.61,1.52
1301_0.95_1.37.png,val_hard,33.86967849731445,0.995741069316864,34.18045425415039,0.9958515167236328,0.3107757568359375,0.00011044740676879883,0.00202270713634789,0.00809082854539156,0.00404541427269578,0.002022703643888235,0.0,0.7533872723579407,0.00959513708949089,0.5984687209129333,0.95,1.37
1306_0.6_0.6.png,val_hard,37.3335075378418,0.998112142086029,37.60573959350586,0.998185396194458,0.2722320556640625,7.325410842895508e-05,0.0004319737490732223,0.0017278949962928891,0.0008635556441731751,0.0003686944837681949,4.1666667129902635e-06,0.45717108249664307,0.01635252870619297,0.04834999889135361,0.6,0.6
1311_0.77_1.85.png,val_hard,35.08183288574219,0.9917141795158386,35.31511306762695,0.9919735193252563,0.23328018188476562,0.0002593398094177246,0.0016913042636588216,0.006765217054635286,0.0033825912978500128,0.0016907851677387953,3.958333400078118e-05,0.6393210887908936,0.005576768424361944,0.4237687289714813,0.77,1.85
1322_0.64_1.06.png,val_hard,36.503623962402344,0.9971408247947693,36.798492431640625,0.9972943663597107,0.29486846923828125,0.00015354156494140625,0.0006578801549039781,0.0026315206196159124,0.001315156347118318,0.0005021790857426822,8.958333637565374e-05,0.4600275754928589,0.02469698339700699,0.10059374570846558,0.64,1.06
1335_0.93_1.95.png,val_hard,31.31402587890625,0.9911012649536133,31.016904830932617,0.9908633232116699,-0.2971210479736328,-0.00023794174194335938,0.0017521900590509176,0.0070087602362036705,0.0035043798852711916,0.0017507076263427734,0.00031458333251066506,0.6529698371887207,0.010833353735506535,0.30982500314712524,0.93,1.95
1337_0.69_1.72.png,val_hard,37.339576721191406,0.995876669883728,37.58845520019531,0.9959812164306641,0.24887847900390625,0.00010454654693603516,0.0008663880871608853,0.0034655523486435413,0.0017324498621746898,0.0008485615253448486,0.00041666667675599456,0.5076985359191895,0.013589350506663322,0.18351875245571136,0.69,1.72
1346_0.77_1.14.png,val_hard,33.56840515136719,0.9963732957839966,34.52240753173828,0.9966163635253906,0.9540023803710938,0.00024306774139404297,0.002155463444069028,0.008621853776276112,0.00431063724681735,0.0021570026874542236,0.0014875000342726707,0.6016260385513306,0.012946967035531998,0.2787437438964844,0.77,1.14
1351_0.98_1.46.png,val_hard,30.783954620361328,0.9912225008010864,30.719614028930664,0.9914202094078064,-0.06434059143066406,0.0001977086067199707,0.0012462689774110913,0.004985075909644365,0.002492531668394804,0.001231769798323512,0.004404166713356972,0.6536514759063721,0.01134439092129469,0.2779249846935272,0.98,1.46
1353_0.71_1.79.png,val_hard,32.59959030151367,0.983203113079071,33.09421920776367,0.9842112064361572,0.49462890625,0.0010080933570861816,0.001161905936896801,0.004647623747587204,0.002323548309504986,0.0014033019542694092,0.05999375134706497,0.6296908259391785,0.006487349979579449,0.3694624900817871,0.71,1.79
1359_0.92_1.46.png,val_hard,35.44142532348633,0.992495059967041,35.58916473388672,0.992522656917572,0.14773941040039062,2.759695053100586e-05,0.0018544768681749701,0.007417907472699881,0.003708941861987114,0.0018541018944233656,2.0833333564951317e-06,0.7262640595436096,0.008226649835705757,0.46732500195503235,0.92,1.46
1364_0.75_1.75.png,val_hard,31.24885368347168,0.9893707633018494,31.705663681030273,0.9899027347564697,0.45680999755859375,0.0005319714546203613,0.0015210852725431323,0.006084341090172529,0.003042170312255621,0.0015229781856760383,0.000366666674381122,0.6703488230705261,0.012202868238091469,0.3397062420845032,0.75,1.75
1367_0.64_1.15.png,val_hard,35.68221664428711,0.9980463981628418,35.90281295776367,0.998099684715271,0.2205963134765625,5.328655242919922e-05,0.0006490867235697806,0.0025963468942791224,0.0012978764716535807,0.0003231167793273926,0.0,0.5124737620353699,0.017718710005283356,0.0036437499802559614,0.64,1.15
136_0.6_1.01.png,val_hard,30.91843032836914,0.9922926425933838,31.206865310668945,0.9925746917724609,0.2884349822998047,0.00028204917907714844,0.001207320368848741,0.004829281475394964,0.0024146265350282192,0.0012072324752807617,0.0,0.6789581179618835,0.014572285115718842,0.44001874327659607,0.6,1.01
1375_0.91_1.75.png,val_hard,37.441566467285156,0.991369903087616,38.245731353759766,0.9930919408798218,0.8041648864746094,0.0017220377922058105,0.002449250780045986,0.009797003120183945,0.0048984345048666,0.0023799738846719265,0.022687500342726707,0.6961316466331482,0.011526561342179775,0.45585623383522034,0.91,1.75
137_0.96_1.92.png,val_hard,34.9346923828125,0.9950916171073914,34.80594253540039,0.995078980922699,-0.12874984741210938,-1.2636184692382812e-05,0.001526867039501667,0.006107468158006668,0.0030537329148501158,0.0015263756504282355,0.00013333333481568843,0.7446699738502502,0.01839461177587509,0.484624981880188,0.96,1.92
1386_0.99_1.78.png,val_hard,36.5140380859375,0.9890472292900085,36.623069763183594,0.9895691871643066,0.10903167724609375,0.0005219578742980957,0.0013442039489746094,0.0053768157958984375,0.002688400447368622,0.0013299684505909681,0.005168749950826168,0.5900769829750061,0.017012838274240494,0.37891873717308044,0.99,1.78
1393_0.89_1.9.png,val_hard,33.061119079589844,0.9935161471366882,33.41304397583008,0.9936529994010925,0.3519248962402344,0.00013685226440429688,0.002007006900385022,0.008028027601540089,0.004014007281512022,0.0020092527847737074,0.0011312500573694706,0.6459430456161499,0.02008659765124321,0.36538124084472656,0.89,1.9
1398_0.8_1.34.png,val_hard,33.39881896972656,0.9949638843536377,34.05864334106445,0.9952073097229004,0.6598243713378906,0.0002434253692626953,0.0017387588741257787,0.006955035496503115,0.0034775142557919025,0.001739124534651637,0.00019583333050832152,0.5910980105400085,0.021063366904854774,0.3596562445163727,0.8,1.34
1400_1.0_0.82.png,val_hard,34.219818115234375,0.9966839551925659,34.95927047729492,0.9968487620353699,0.7394523620605469,0.00016480684280395508,0.0018157856538891792,0.007263142615556717,0.003631566185504198,0.001815497875213623,0.0006104166968725622,0.5853663682937622,0.024152722209692,0.13445624709129333,1.0,0.82
1403_0.73_1.26.png,val_hard,34.93574142456055,0.9968463778495789,35.6030158996582,0.9970240592956543,0.6672744750976562,0.00017768144607543945,0.001639080117456615,0.00655632046982646,0.003278152085840702,0.0016390085220336914,8.333333425980527e-06,0.6863642334938049,0.010046947747468948,0.33608123660087585,0.73,1.26
1407_0.6_1.92.png,val_hard,33.57660675048828,0.9929807186126709,33.975440979003906,0.9935314059257507,0.398834228515625,0.000550687313079834,0.0011209152871742845,0.004483661148697138,0.002241606591269374,0.0010900398483499885,0.006127083208411932,0.5470853447914124,0.021372230723500252,0.3655562400817871,0.6,1.92
1412_0.87_1.34.png,val_hard,34.53884506225586,0.9971174597740173,34.4633674621582,0.9971272349357605,-0.07547760009765625,9.775161743164062e-06,0.0014607496559619904,0.005842998623847961,0.0029214550741016865,0.0014586448669433594,0.00040208332939073443,0.7376425862312317,0.014848526567220688,0.534318745136261,0.87,1.34
1414_0.88_1.69.png,val_hard,37.49092102050781,0.996351420879364,37.528717041015625,0.9964398741722107,0.0377960205078125,8.845329284667969e-05,0.0020142346620559692,0.008056938648223877,0.0040284632705152035,0.002014974830672145,0.0002166666672565043,0.6674409508705139,0.015463748946785927,0.37156248092651367,0.88,1.69
1427_0.91_1.59.png,val_hard,33.29045104980469,0.9967451095581055,33.198673248291016,0.9968740344047546,-0.09177780151367188,0.00012892484664916992,0.0014129768824204803,0.005651907529681921,0.002825952135026455,0.0013994773617014289,0.008762500248849392,0.5811695456504822,0.03437067195773125,0.1203874945640564,0.91,1.59
1429_0.5_1.16.png,val_hard,32.566078186035156,0.9959379434585571,32.857582092285156,0.996097207069397,0.29150390625,0.00015926361083984375,0.0007360995514318347,0.002944398205727339,0.0014718625461682677,0.0005136728286743164,2.0833333564951317e-06,0.5830391645431519,0.01606965996325016,0.3552437424659729,0.5,1.16
1431_0.81_0.84.png,val_hard,34.22215270996094,0.9969817996025085,34.653602600097656,0.9971228837966919,0.43144989013671875,0.0001410841941833496,0.001144937239587307,0.004579748958349228,0.002289846073836088,0.0011448463192209601,0.0,0.6571670770645142,0.015643250197172165,0.4222562313079834,0.81,0.84
1441_0.58_1.73.png,val_hard,35.27130126953125,0.9943298697471619,35.70323181152344,0.9947421550750732,0.4319305419921875,0.00041228532791137695,0.0010101679945364594,0.004040671978145838,0.002020091749727726,0.0009806256275624037,0.0009979166788980365,0.6613088846206665,0.012589603662490845,0.4262374937534332,0.58,1.73
1462_0.61_1.4.png,val_hard,35.28375244140625,0.9967565536499023,35.185516357421875,0.9967147707939148,-0.098236083984375,-4.178285598754883e-05,0.0006745907594449818,0.0026983630377799273,0.0013482559006661177,0.0005504290456883609,0.0014104166766628623,0.43644872307777405,0.014207885600626469,0.0002687499800231308,0.61,1.4
1464_0.64_1.56.png,val_hard,34.536155700683594,0.9959361553192139,34.442012786865234,0.9958852529525757,-0.09414291381835938,-5.0902366638183594e-05,0.000780638016294688,0.003122552065178752,0.001560441916808486,0.0006808638572692871,0.0017541666748002172,0.46147421002388,0.0132660623639822,0.00038124999264255166,0.64,1.56
1479_0.8_1.08.png,val_hard,32.12799835205078,0.988839328289032,32.4581298828125,0.989586353302002,0.33013153076171875,0.0007470250129699707,0.0008823243551887572,0.0035292974207550287,0.001764646265655756,0.0008824368705973029,0.0019687500316649675,0.5346318483352661,0.003246273845434189,0.2128562480211258,0.8,1.08
148_0.79_1.94.png,val_hard,33.45743179321289,0.9948656558990479,33.436500549316406,0.9950729608535767,-0.020931243896484375,0.0002073049545288086,0.0015589386457577348,0.006235754583030939,0.0031176672782748938,0.001610746025107801,0.022160416468977928,0.6328734755516052,0.01738710142672062,0.1913062483072281,0.79,1.94
1503_0.95_1.58.png,val_hard,35.68722152709961,0.9916180372238159,35.97370529174805,0.9917469024658203,0.2864837646484375,0.00012886524200439453,0.0013750882353633642,0.005500352941453457,0.002750172046944499,0.0014316042652353644,0.029685331508517265,0.6424967646598816,0.00886194035410881,0.34307292103767395,0.95,1.58
153_0.93_2.0.png,val_hard,37.465293884277344,0.9907182455062866,37.75627517700195,0.9909634590148926,0.2909812927246094,0.00024521350860595703,0.0023167969193309546,0.009267187677323818,0.004633587319403887,0.0023168227635324,0.0004437500028871,0.7157486081123352,0.00935957208275795,0.5875437259674072,0.93,2.0
155_0.83_1.97.png,val_hard,36.42472839355469,0.991277813911438,36.54777908325195,0.9916002154350281,0.12305068969726562,0.0003224015235900879,0.002274805214256048,0.009099220857024193,0.004549604374915361,0.002281228778883815,0.0010270833736285567,0.6942663788795471,0.010223114863038063,0.4360312521457672,0.83,1.97
156_0.57_1.11.png,val_hard,36.797386169433594,0.9934591054916382,36.96400833129883,0.9937602877616882,0.16662216186523438,0.00030118227005004883,0.001526747248135507,0.006106988992542028,0.0030534612014889717,0.0015664895763620734,0.010120833292603493,0.49261942505836487,0.017985668033361435,0.08456874638795853,0.57,1.11
1595_0.99_1.84.png,val_hard,31.28870964050293,0.9854049682617188,31.22266387939453,0.9853124618530273,-0.06604576110839844,-9.250640869140625e-05,0.001146098249591887,0.004584392998367548,0.0022921785712242126,0.0012060205917805433,0.02631293423473835,0.5323120951652527,0.01048385538160801,0.18109050393104553,0.99,1.84
15_0.88_1.43.png,val_hard,37.183013916015625,0.9952630996704102,37.573699951171875,0.9953508377075195,0.39068603515625,8.7738037109375e-05,0.001073479768820107,0.004293919075280428,0.0021464901510626078,0.001067429780960083,0.0,0.5165894627571106,0.019711770117282867,0.34676873683929443,0.88,1.43
1611_0.9_1.98.png,val_hard,37.47121047973633,0.9908854961395264,37.57328796386719,0.9909217357635498,0.10207748413085938,3.62396240234375e-05,0.0013734137173742056,0.005493654869496822,0.0027467727195471525,0.0015078485012054443,0.035451389849185944,0.6748521327972412,0.006871318910270929,0.5387728214263916,0.9,1.98
1629_0.87_1.78.png,val_hard,33.04098892211914,0.9956462383270264,33.16973114013672,0.9956929087638855,0.12874221801757812,4.667043685913086e-05,0.0006520658498629928,0.002608263399451971,0.001303895958699286,0.0007377564907073975,0.025166016072034836,0.5341120958328247,0.004782753065228462,0.10489258170127869,0.87,1.78
163_0.9_1.1.png,val_hard,31.139432907104492,0.9947366714477539,31.774913787841797,0.9951136112213135,0.6354808807373047,0.0003769397735595703,0.001985317561775446,0.007941270247101784,0.003970633260905743,0.0019850037060678005,0.0001791666727513075,0.660625159740448,0.013339406810700893,0.606374979019165,0.9,1.1
1681_0.98_1.69.png,val_hard,34.32740020751953,0.9936273097991943,34.57499694824219,0.9935862421989441,0.24759674072265625,-4.106760025024414e-05,0.0014256670838221908,0.005702668335288763,0.0028513323049992323,0.001508047222159803,0.03143663331866264,0.6545882225036621,0.016300702467560768,0.4610644578933716,0.98,1.69
1687_0.83_1.61.png,val_hard,36.822227478027344,0.9956694841384888,37.11289978027344,0.9957679510116577,0.29067230224609375,9.846687316894531e-05,0.0011348421685397625,0.00453936867415905,0.002268073847517371,0.0012162427883595228,0.03112521767616272,0.6043381094932556,0.020175334066152573,0.27107423543930054,0.83,1.61
170_0.76_1.19.png,val_hard,33.046478271484375,0.9815196990966797,33.27576446533203,0.9819523096084595,0.22928619384765625,0.00043261051177978516,0.0005599390715360641,0.0022397562861442566,0.0011197465937584639,0.0005590816726908088,0.006597916595637798,0.4359537959098816,0.004755942150950432,0.2866562306880951,0.76,1.19
1714_0.89_1.96.png,val_hard,34.057525634765625,0.990029513835907,34.27048110961914,0.9900472164154053,0.21295547485351562,1.7702579498291016e-05,0.001051812432706356,0.004207249730825424,0.002103172242641449,0.0012162427883595228,0.04022027179598808,0.559883713722229,0.016184348613023758,0.2535351514816284,0.89,1.96
1715_0.89_1.94.png,val_hard,34.8253059387207,0.9904488921165466,35.03909683227539,0.9904559850692749,0.2137908935546875,7.092952728271484e-06,0.0010451814159750938,0.004180725663900375,0.0020899069495499134,0.001207888126373291,0.040730252861976624,0.5586816072463989,0.01625075563788414,0.24967774748802185,0.89,1.94
1722_0.85_1.51.png,val_hard,34.2772331237793,0.9910537004470825,34.54697036743164,0.9911112785339355,0.26973724365234375,5.7578086853027344e-05,0.0011829095892608166,0.004731638357043266,0.002365017542615533,0.0013409953098744154,0.040536023676395416,0.5324462056159973,0.012516112066805363,0.11907226592302322,0.85,1.51
172_0.56_1.3.png,val_hard,32.6593132019043,0.9827355146408081,32.781272888183594,0.9830678701400757,0.12195968627929688,0.0003323554992675781,0.00048183187027461827,0.001927327481098473,0.0009633388835936785,0.0003235936164855957,0.015089583583176136,0.3940400183200836,0.004962832201272249,0.14983125030994415,0.56,1.3
173_0.88_1.45.png,val_hard,35.5030403137207,0.9957963228225708,35.79987716674805,0.996017575263977,0.29683685302734375,0.00022125244140625,0.001069854130037129,0.004279416520148516,0.0021395457442849874,0.0010598599910736084,0.0038416667375713587,0.6192511320114136,0.021412502974271774,0.3927687406539917,0.88,1.45
1749_0.73_1.97.png,val_hard,35.89783477783203,0.9951364994049072,36.071632385253906,0.9951726794242859,0.173797607421875,3.618001937866211e-05,0.0007678860565647483,0.003071544226258993,0.0015353322960436344,0.0008168022031895816,0.017748480662703514,0.5608484148979187,0.010990752838551998,0.11163412034511566,0.73,1.97
1750_0.82_1.35.png,val_hard,36.40179443359375,0.9961857199668884,36.440818786621094,0.99620521068573,0.03902435302734375,1.9490718841552734e-05,0.0007867162930779159,0.0031468651723116636,0.0015732807805761695,0.0008323788642883301,0.017774522304534912,0.5550547242164612,0.012006432749330997,0.13902994990348816,0.82,1.35
1772_0.62_1.44.png,val_hard,37.309173583984375,0.9975208044052124,37.43228530883789,0.9975401759147644,0.12311172485351562,1.9371509552001953e-05,0.0005011803586967289,0.0020047214347869158,0.0010014604777097702,0.000628312467597425,0.028697917237877846,0.5280250310897827,0.009451879188418388,0.14234700798988342,0.62,1.44
1803_0.99_1.79.png,val_hard,34.565650939941406,0.9931297302246094,34.86946105957031,0.9932305216789246,0.30381011962890625,0.00010079145431518555,0.0007579983212053776,0.0030319932848215103,0.0015157874440774322,0.0008504192228429019,0.04298177361488342,0.5429527163505554,0.007593344431370497,0.34900715947151184,0.99,1.79
188_0.9_1.18.png,val_hard,37.27583694458008,0.9966866970062256,37.22506332397461,0.9967292547225952,-0.05077362060546875,4.2557716369628906e-05,0.0013735491083934903,0.005494196433573961,0.002747094491496682,0.0013755362015217543,0.000289583345875144,0.6203643083572388,0.01673087105154991,0.3310000002384186,0.9,1.18
1928_0.97_1.39.png,val_hard,33.267974853515625,0.9927225112915039,33.54894256591797,0.9929909706115723,0.28096771240234375,0.0002684593200683594,0.0013062391662970185,0.005224956665188074,0.002612372860312462,0.001297215698286891,0.021756727248430252,0.6056715846061707,0.014626037329435349,0.42394205927848816,0.97,1.39
1932_0.8_1.59.png,val_hard,36.82439422607422,0.9906121492385864,37.22182846069336,0.991070032119751,0.3974342346191406,0.0004578828811645508,0.0009127069497480989,0.0036508277989923954,0.0018244055099785328,0.000984062789939344,0.03593315929174423,0.48890361189842224,0.01050284132361412,0.12373372912406921,0.8,1.59
1950_0.98_1.54.png,val_hard,35.073638916015625,0.9873103499412537,35.464805603027344,0.9874693751335144,0.39116668701171875,0.0001590251922607422,0.0016029693651944399,0.0064118774607777596,0.003205906832590699,0.0016848644008859992,0.03217665106058121,0.6954420208930969,0.010012110695242882,0.4177474081516266,0.98,1.54
1965_0.97_1.55.png,val_hard,35.07319641113281,0.9914373159408569,35.36052703857422,0.9915213584899902,0.28733062744140625,8.404254913330078e-05,0.0016181609826162457,0.006472643930464983,0.0032363161444664,0.0016808509826660156,0.0277246106415987,0.708288311958313,0.0158906988799572,0.5160025954246521,0.97,1.55
1970_0.94_1.51.png,val_hard,36.29937744140625,0.9880554676055908,36.56452560424805,0.9881212711334229,0.2651481628417969,6.580352783203125e-05,0.0015475763939321041,0.0061903055757284164,0.0030950887594372034,0.0015944242477416992,0.018307292833924294,0.6772578954696655,0.009566593915224075,0.30403321981430054,0.94,1.51
1974_0.82_1.47.png,val_hard,36.55744934082031,0.9944791793823242,36.646759033203125,0.9945769309997559,0.0893096923828125,9.775161743164062e-05,0.0011726011289283633,0.004690404515713453,0.002343933330848813,0.0013022919883951545,0.04645290970802307,0.6083202362060547,0.010052409023046494,0.20275065302848816,0.82,1.47
199_0.81_1.86.png,val_hard,37.53166580200195,0.9976884722709656,37.837059020996094,0.9977478384971619,0.3053932189941406,5.936622619628906e-05,0.0012060785666108131,0.0048243142664432526,0.0024121569003909826,0.0012059112777933478,3.333333370392211e-05,0.6096454858779907,0.03808727115392685,0.29049375653266907,0.81,1.86
2012_0.86_1.57.png,val_hard,36.44303894042969,0.9922868609428406,36.7562370300293,0.9924756288528442,0.3131980895996094,0.0001887679100036621,0.0009983981726691127,0.003993592690676451,0.0019966030959039927,0.0010547637939453125,0.025388455018401146,0.6353886127471924,0.00895439088344574,0.3714908957481384,0.86,1.57
2021_0.96_1.65.png,val_hard,37.40971374511719,0.9945210218429565,37.631744384765625,0.9945670366287231,0.2220306396484375,4.601478576660156e-05,0.0012901073787361383,0.005160429514944553,0.002580188913270831,0.001338919042609632,0.027462022379040718,0.6634398102760315,0.010133720003068447,0.4897753894329071,0.96,1.65
202_0.82_1.42.png,val_hard,37.49304962158203,0.9953243136405945,38.151100158691406,0.9957733154296875,0.658050537109375,0.0004490017890930176,0.0010930798016488552,0.004372319206595421,0.0021854497026652098,0.001357217668555677,0.09253958612680435,0.5728546380996704,0.015247493982315063,0.303793728351593,0.82,1.42
2083_0.5_1.42.png,val_hard,36.89556121826172,0.9973697662353516,36.933074951171875,0.9973570704460144,0.03751373291015625,-1.2695789337158203e-05,0.0005658487789332867,0.0022633951157331467,0.001128190429881215,0.000248084485065192,0.050772570073604584,0.4580424726009369,0.013235887512564659,0.07206705957651138,0.5,1.42
2099_1.0_1.51.png,val_hard,37.45632553100586,0.9945425987243652,37.56501007080078,0.994563102722168,0.10868453979492188,2.0503997802734375e-05,0.0013387958751991391,0.0053551835007965565,0.0026775551959872246,0.0014011065941303968,0.037513021379709244,0.6980537176132202,0.014526245184242725,0.4941829442977905,1.0,1.51
20_0.81_1.64.png,val_hard,36.56398010253906,0.9931065440177917,36.61037826538086,0.9932080507278442,0.046398162841796875,0.00010150671005249023,0.0008762428187765181,0.0035049712751060724,0.0017516629304736853,0.0008654594421386719,0.005802083294838667,0.505077064037323,0.023704376071691513,0.10718749463558197,0.81,1.64
2142_0.81_1.58.png,val_hard,35.77738952636719,0.9935373067855835,36.07199478149414,0.9936279058456421,0.2946052551269531,9.059906005859375e-05,0.0012484209146350622,0.004993683658540249,0.002495663007721305,0.001386016607284546,0.05641818791627884,0.5511474013328552,0.014618673361837864,0.18098308145999908,0.81,1.58
2162_0.63_1.79.png,val_hard,36.9688720703125,0.9923321008682251,37.51935958862305,0.9924370646476746,0.5504875183105469,0.00010496377944946289,0.0010122519452124834,0.004049007780849934,0.0020212088711559772,0.0012759864330291748,0.06630100309848785,0.47798848152160645,0.00883561186492443,0.11067382991313934,0.63,1.79
2168_0.63_1.99.png,val_hard,37.28875732421875,0.989414632320404,37.636924743652344,0.9895569682121277,0.34816741943359375,0.0001423358917236328,0.0007395686116069555,0.002958274446427822,0.001477553858421743,0.0009602209320291877,0.033553604036569595,0.4848265051841736,0.010387644171714783,0.15167318284511566,0.63,1.99
219_0.84_1.07.png,val_hard,37.29166793823242,0.9968540668487549,36.835025787353516,0.9967468976974487,-0.45664215087890625,-0.00010716915130615234,0.0008815417531877756,0.0035261670127511024,0.0017630128422752023,0.0008778373594395816,1.0416666555101983e-05,0.6254104375839233,0.008700305595993996,0.5310750007629395,0.84,1.07
2204_0.99_1.22.png,val_hard,35.16340637207031,0.986060619354248,35.24250793457031,0.9864050149917603,0.0791015625,0.00034439563751220703,0.0011139906710013747,0.004455962684005499,0.0022279575932770967,0.001194000244140625,0.026793619617819786,0.5365316271781921,0.010991913266479969,0.14198242127895355,0.99,1.22
220_0.56_1.69.png,val_hard,33.030067443847656,0.9950381517410278,33.06253433227539,0.9949523210525513,0.032466888427734375,-8.58306884765625e-05,0.0007240897975862026,0.0028963591903448105,0.0014475056668743491,8.497636008542031e-05,1.0416666555101983e-05,0.5117194056510925,0.007486863061785698,0.0004437500028871,0.56,1.69
238_0.87_1.74.png,val_hard,36.110435485839844,0.9943310618400574,35.96481704711914,0.9943684935569763,-0.14561843872070312,3.743171691894531e-05,0.0016606857534497976,0.0066427430137991905,0.003321319352835417,0.0016582509269937873,2.0833333564951317e-06,0.7073158025741577,0.007472898345440626,0.44897499680519104,0.87,1.74
2392_0.93_1.96.png,val_hard,37.492088317871094,0.9965576529502869,37.930084228515625,0.9966816902160645,0.43799591064453125,0.0001240372657775879,0.0011300969636067748,0.004520387854427099,0.002260190201923251,0.0011909902095794678,0.02766384556889534,0.5638778209686279,0.010971026495099068,0.2687076926231384,0.93,1.96
23_0.83_1.63.png,val_hard,27.426244735717773,0.9818906188011169,27.760486602783203,0.9822897911071777,0.3342418670654297,0.000399172306060791,0.002052704803645611,0.008210819214582443,0.004105353262275457,0.0020526449661701918,1.0416666555101983e-05,0.7900692224502563,0.003138442523777485,0.8073562383651733,0.83,1.63
242_0.69_1.56.png,val_hard,29.50121307373047,0.9914498329162598,30.235076904296875,0.9922299385070801,0.7338638305664062,0.0007801055908203125,0.0028758011758327484,0.011503204703330994,0.005751552991569042,0.002893775701522827,0.003870833432301879,0.6215826272964478,0.011701643466949463,0.24011249840259552,0.69,1.56
244_0.79_0.78.png,val_hard,32.717010498046875,0.9956852197647095,33.43131637573242,0.9961014986038208,0.7143058776855469,0.0004162788391113281,0.002155154477804899,0.008620617911219597,0.004310308024287224,0.002162039279937744,0.0037770834751427174,0.514843761920929,0.01580505631864071,0.12001875042915344,0.79,0.78
246_0.81_1.95.png,val_hard,33.61632537841797,0.9945993423461914,34.26056671142578,0.9948540925979614,0.6442413330078125,0.00025475025177001953,0.002047365764155984,0.008189463056623936,0.004094731528311968,0.0020473599433898926,2.0833333564951317e-06,0.6527501940727234,0.02389916405081749,0.40978747606277466,0.81,1.95
2494_0.83_1.83.png,val_hard,36.75785446166992,0.9921190142631531,36.774635314941406,0.9920891523361206,0.016780853271484375,-2.9861927032470703e-05,0.001244985731318593,0.004979942925274372,0.002489132573828101,0.0013852119445800781,0.03640950471162796,0.5715581178665161,0.008847574703395367,0.14208984375,0.83,1.83
2528_0.96_1.84.png,val_hard,29.992666244506836,0.9923218488693237,30.099123001098633,0.9924054145812988,0.10645675659179688,8.356571197509766e-05,0.000739799696020782,0.002959198784083128,0.0014793690061196685,0.000845789909362793,0.02452257089316845,0.5953229665756226,0.005075421184301376,0.44668295979499817,0.96,1.84
25_0.59_1.43.png,val_hard,35.63964080810547,0.9977357387542725,36.06269454956055,0.9978197813034058,0.4230537414550781,8.404254913330078e-05,0.001247319858521223,0.004989279434084892,0.002494631800800562,0.001247326610609889,1.4583333722839598e-05,0.6952134370803833,0.02049596607685089,0.5251187086105347,0.59,1.43
260_0.65_1.07.png,val_hard,31.760746002197266,0.9921386241912842,31.790292739868164,0.9921972155570984,0.029546737670898438,5.8591365814208984e-05,0.0009145987569354475,0.00365839502774179,0.0018290822627022862,0.0009021362056955695,1.8750000890577212e-05,0.5096253752708435,0.02242230996489525,0.24409998953342438,0.65,1.07
264_0.8_1.72.png,val_hard,37.13910675048828,0.9970988035202026,37.510066986083984,0.9971736669540405,0.3709602355957031,7.486343383789062e-05,0.0013486709212884307,0.005394683685153723,0.0026973418425768614,0.0013497074833139777,0.0003083333431277424,0.7233456969261169,0.019230972975492477,0.5508249998092651,0.8,1.72
2671_0.88_1.49.png,val_hard,37.182830810546875,0.9850161075592041,37.295494079589844,0.9857192039489746,0.11266326904296875,0.0007030963897705078,0.0009697841014713049,0.0038791364058852196,0.0019395293202251196,0.0010352730751037598,0.03537977486848831,0.5507137179374695,0.008299095556139946,0.20575521886348724,0.88,1.49
267_0.59_0.62.png,val_hard,37.21725082397461,0.9976421594619751,37.75639343261719,0.9983260035514832,0.5391426086425781,0.0006838440895080566,0.0008595844265073538,0.003438337706029415,0.001718559768050909,0.0008068978786468506,0.013812500052154064,0.42236024141311646,0.019340001046657562,0.054487500339746475,0.59,0.62
268_0.79_1.15.png,val_hard,31.898357391357422,0.9955868124961853,32.483272552490234,0.9962598085403442,0.5849151611328125,0.0006729960441589355,0.0016183138359338045,0.006473255343735218,0.0032364106737077236,0.0015880664577707648,0.01184791699051857,0.5542883276939392,0.015596065670251846,0.25306248664855957,0.79,1.15
26_0.91_0.86.png,val_hard,29.30292510986328,0.9949026107788086,29.233097076416016,0.9949001669883728,-0.06982803344726562,-2.4437904357910156e-06,0.0012219102354720235,0.004887640941888094,0.0024437974207103252,0.0012214978924021125,0.0,0.6655271053314209,0.02012360841035843,0.4164062440395355,0.91,0.86
273_0.75_1.31.png,val_hard,34.129356384277344,0.9921707510948181,34.08269500732422,0.9924823045730591,-0.046661376953125,0.0003115534782409668,0.0012862144503742456,0.005144857801496983,0.0025724053848534822,0.0012829899787902832,0.0,0.5771592855453491,0.010831044055521488,0.3469499945640564,0.75,1.31
2878_0.94_1.32.png,val_hard,35.477088928222656,0.9965574145317078,35.3432502746582,0.9965577125549316,-0.13383865356445312,2.980232238769531e-07,0.0009164875955320895,0.003665950382128358,0.0018329584272578359,0.001017749309539795,0.0284559465944767,0.5435827374458313,0.005950137972831726,0.07362955808639526,0.94,1.32
2894_0.56_1.76.png,val_hard,33.544193267822266,0.992424726486206,33.594051361083984,0.9925092458724976,0.04985809326171875,8.45193862915039e-05,0.00042565763578750193,0.0017026305431500077,0.0008503035642206669,0.0005567868938669562,0.024120008572936058,0.5206791162490845,0.010880162008106709,0.09615234285593033,0.56,1.76
2899_0.92_1.08.png,val_hard,37.16315841674805,0.9943180084228516,37.3131103515625,0.9943668842315674,0.14995193481445312,4.887580871582031e-05,0.0012553645065054297,0.005021458026021719,0.00251072202809155,0.0013629099121317267,0.03180013224482536,0.5414594411849976,0.009101537987589836,0.10407226532697678,0.92,1.08
2905_0.99_0.96.png,val_hard,35.376564025878906,0.9931244850158691,35.40559005737305,0.9931651949882507,0.029026031494140625,4.07099723815918e-05,0.000641162390820682,0.002564649563282728,0.0012822254793718457,0.0008081396808847785,0.03927408903837204,0.3391110599040985,0.007213628385215998,0.07005859911441803,0.99,0.96
2918_0.6_1.92.png,val_hard,37.27318572998047,0.9904003143310547,37.68577575683594,0.9905321002006531,0.41259002685546875,0.00013178586959838867,0.0007763824542053044,0.0031055298168212175,0.0015506568597629666,0.0009417136898264289,0.024340277537703514,0.4276072382926941,0.007112395018339157,0.04161132872104645,0.6,1.92
2936_0.98_1.9.png,val_hard,36.779075622558594,0.996193528175354,36.98487854003906,0.9962158203125,0.20580291748046875,2.2292137145996094e-05,0.0009762846166267991,0.0039051384665071964,0.0019525359384715557,0.0010308623313903809,0.027167970314621925,0.5960295796394348,0.009590713307261467,0.37643229961395264,0.98,1.9
2964_0.89_1.68.png,val_hard,36.348602294921875,0.9926218390464783,36.298561096191406,0.992506206035614,-0.05004119873046875,-0.00011563301086425781,0.001296141417697072,0.005184565670788288,0.002591906813904643,0.001456787227652967,0.031053602695465088,0.5247232913970947,0.00859113223850727,0.05069335922598839,0.89,1.68
2965_0.87_0.95.png,val_hard,35.68975830078125,0.994116485118866,35.850624084472656,0.9941937923431396,0.16086578369140625,7.730722427368164e-05,0.0006754074129275978,0.002701629651710391,0.0013507773401215672,0.0007113317842595279,0.016667751595377922,0.3975745439529419,0.006669371388852596,0.053649090230464935,0.87,0.95
2979_0.89_0.81.png,val_hard,36.62006759643555,0.9951752424240112,37.12892150878906,0.995323896408081,0.5088539123535156,0.00014865398406982422,0.0013192113256081939,0.0052768453024327755,0.0026383951772004366,0.0013680061092600226,0.019019097089767456,0.5281891822814941,0.00899661798030138,0.09942057728767395,0.89,0.81
297_0.85_0.87.png,val_hard,36.90034103393555,0.9939664602279663,36.68266296386719,0.9940919280052185,-0.21767807006835938,0.00012546777725219727,0.0013932789443060756,0.005573115777224302,0.002786515513435006,0.0013948183041065931,0.0016499999910593033,0.6061133742332458,0.0045931534841656685,0.3856687545776367,0.85,0.87
2995_0.98_1.88.png,val_hard,37.21506118774414,0.9941611289978027,37.42670822143555,0.9941892027854919,0.21164703369140625,2.8073787689208984e-05,0.0015132483094930649,0.0060529932379722595,0.0030264912638813257,0.0016113718738779426,0.03688042610883713,0.7015073895454407,0.01216699369251728,0.5247200727462769,0.98,1.88
29_0.91_1.09.png,val_hard,35.8729362487793,0.9956614375114441,36.47936248779297,0.9959535002708435,0.6064262390136719,0.00029206275939941406,0.0012331868056207895,0.004932747222483158,0.002466373611241579,0.0012314717750996351,0.0007791667012497783,0.6427010297775269,0.015959305688738823,0.40248748660087585,0.91,1.09
304_0.72_1.7.png,val_hard,26.951284408569336,0.9888006448745728,27.43720245361328,0.989492654800415,0.4859180450439453,0.0006920099258422852,0.002321179024875164,0.009284716099500656,0.00464235432446003,0.002322216983884573,0.0003375000087544322,0.5875622034072876,0.01596781611442566,0.09216874837875366,0.72,1.7
311_0.68_1.57.png,val_hard,34.34233856201172,0.9763859510421753,34.561641693115234,0.9772846102714539,0.21930313110351562,0.0008986592292785645,0.0005735820159316063,0.002294328063726425,0.001146830734796822,0.0005545715685002506,0.002320833271369338,0.46025151014328003,0.01389448344707489,0.2975499927997589,0.68,1.57
317_0.72_1.67.png,val_hard,32.847904205322266,0.996361494064331,32.846004486083984,0.9964123964309692,-0.00189971923828125,5.0902366638183594e-05,0.000867714174091816,0.003470856696367264,0.0017352089053019881,0.0008619030704721808,2.0833333564951317e-06,0.6184016466140747,0.010524038225412369,0.28648123145103455,0.72,1.67
320_0.75_0.76.png,val_hard,33.17612075805664,0.9982671141624451,33.01033401489258,0.9982613325119019,-0.1657867431640625,-5.781650543212891e-06,0.0007977500790730119,0.0031910003162920475,0.0015954984119161963,0.0007977287168614566,2.0833333564951317e-06,0.5907335877418518,0.01364329643547535,0.39906248450279236,0.75,0.76
326_0.56_0.94.png,val_hard,35.22243118286133,0.9987596869468689,35.26323318481445,0.9987685680389404,0.040802001953125,8.881092071533203e-06,0.0006337735685519874,0.0025350942742079496,0.0012662430526688695,0.00046328705502673984,0.00047500000800937414,0.4736894369125366,0.022586196660995483,0.052831247448921204,0.56,0.94
328_0.97_1.45.png,val_hard,35.659271240234375,0.9959551692008972,35.39817428588867,0.9959726333618164,-0.2610969543457031,1.7464160919189453e-05,0.0015279955696314573,0.006111982278525829,0.0030559797305613756,0.001528282999061048,0.0002916666562668979,0.6428054571151733,0.017590036615729332,0.39624375104904175,0.97,1.45
329_0.57_1.97.png,val_hard,36.320682525634766,0.9952858686447144,36.46908187866211,0.9954840540885925,0.14839935302734375,0.00019818544387817383,0.001426122384145856,0.005704489536583424,0.0028522061184048653,0.0014260411262512207,0.0,0.63416987657547,0.012960301712155342,0.4287562370300293,0.57,1.97
332_0.74_1.24.png,val_hard,34.3131103515625,0.9975161552429199,33.84538269042969,0.9975411891937256,-0.4677276611328125,2.5033950805664062e-05,0.001738375867716968,0.006953503470867872,0.003476687939837575,0.001738091348670423,2.0833333564951317e-06,0.6455581188201904,0.01548907719552517,0.4424999952316284,0.74,1.24
340_0.94_1.5.png,val_hard,37.347023010253906,0.9912800788879395,37.657958984375,0.9917294979095459,0.31093597412109375,0.0004494190216064453,0.0013063624501228333,0.005225449800491333,0.0026127093005925417,0.001314828870818019,0.004506249912083149,0.6103910803794861,0.013194862753152847,0.18393124639987946,0.94,1.5
344_0.57_1.11.png,val_hard,36.302066802978516,0.9980913400650024,36.345943450927734,0.9981305003166199,0.04387664794921875,3.916025161743164e-05,0.0007746962364763021,0.0030987849459052086,0.0015490931691601872,0.0006753206253051758,1.8750000890577212e-05,0.5397500991821289,0.01983105204999447,0.04728749766945839,0.57,1.11
346_0.81_1.65.png,val_hard,35.4348258972168,0.9947683215141296,35.739540100097656,0.9950202703475952,0.3047142028808594,0.00025194883346557617,0.0015701469965279102,0.006280587986111641,0.003140283515676856,0.0015697976341471076,1.8750000890577212e-05,0.7034884095191956,0.0108560211956501,0.39351874589920044,0.81,1.65
348_0.85_0.6.png,val_hard,37.00770950317383,0.9970051050186157,37.211387634277344,0.9971015453338623,0.20367813110351562,9.644031524658203e-05,0.0008310904377140105,0.003324361750856042,0.0016620870446786284,0.0008262693881988525,0.0,0.525669515132904,0.017560619860887527,0.3332812488079071,0.85,0.6
349_0.53_1.37.png,val_hard,32.624427795410156,0.993125855922699,32.911190032958984,0.9933928847312927,0.2867622375488281,0.00026702880859375,0.0016224441351369023,0.006489776540547609,0.003244888037443161,0.0016224782448261976,4.1666667129902635e-06,0.6077736616134644,0.012508140876889229,0.34351250529289246,0.53,1.37
351_0.6_1.91.png,val_hard,33.07474899291992,0.9916092157363892,33.35059356689453,0.9918849468231201,0.2758445739746094,0.00027573108673095703,0.0020321134943515062,0.008128453977406025,0.0040642269887030125,0.00203221058472991,1.2500000593718141e-05,0.6933658719062805,0.009508035145699978,0.46233123540878296,0.6,1.91
352_0.55_0.71.png,val_hard,36.72023010253906,0.996757447719574,37.003501892089844,0.9968602657318115,0.28327178955078125,0.00010281801223754883,0.0010695175733417273,0.004278070293366909,0.0021390256006270647,0.0010694365482777357,0.0,0.509250819683075,0.014665549620985985,0.2799375057220459,0.55,0.71
355_0.85_0.53.png,val_hard,37.51895523071289,0.9977642893791199,38.219512939453125,0.9978344440460205,0.7005577087402344,7.015466690063477e-05,0.0013897089520469308,0.005558835808187723,0.002779326168820262,0.0013928711414337158,0.0016145833069458604,0.4244602918624878,0.02248309552669525,0.049537498503923416,0.85,0.53
369_0.78_1.42.png,val_hard,37.14011764526367,0.9976154565811157,37.25599670410156,0.9977104067802429,0.11587905883789062,9.495019912719727e-05,0.0012704491382464767,0.005081796552985907,0.002540877088904381,0.001270383596420288,0.0,0.6017079949378967,0.017597507685422897,0.2128562480211258,0.78,1.42
36_0.6_1.64.png,val_hard,29.18997573852539,0.9897818565368652,29.30060577392578,0.9900702238082886,0.11063003540039062,0.00028836727142333984,0.0013977731578052044,0.0055910926312208176,0.002795465523377061,0.0013956328621134162,0.0,0.606216311454773,0.01965029537677765,0.2723499834537506,0.6,1.64
371_0.85_1.28.png,val_hard,36.57685089111328,0.9975807070732117,36.57038116455078,0.997637927532196,-0.0064697265625,5.7220458984375e-05,0.0014192296657711267,0.005676918663084507,0.0028384560719132423,0.001419156789779663,0.0,0.6214362978935242,0.0185333713889122,0.22304999828338623,0.85,1.28
379_0.78_0.78.png,val_hard,36.276432037353516,0.9978702068328857,36.0307502746582,0.9978670477867126,-0.2456817626953125,-3.159046173095703e-06,0.0008335968013852835,0.003334387205541134,0.001667046919465065,0.0008309086551889777,0.0004666666791308671,0.5701557993888855,0.01424701139330864,0.43199998140335083,0.78,0.78
380_0.72_1.62.png,val_hard,33.59996795654297,0.9942469596862793,33.513328552246094,0.9943777918815613,-0.086639404296875,0.00013083219528198242,0.0009754341444931924,0.0039017365779727697,0.0019507859833538532,0.0009735226631164551,0.00041041665826924145,0.6210271120071411,0.011479003354907036,0.43773749470710754,0.72,1.62
385_0.54_0.9.png,val_hard,37.471824645996094,0.997201144695282,38.076751708984375,0.9974147081375122,0.6049270629882812,0.0002135634422302246,0.0009541065082885325,0.00381642603315413,0.001908076461404562,0.0009664794197306037,0.002454166766256094,0.5229567289352417,0.02080802246928215,0.07185624539852142,0.54,0.9
389_0.93_0.77.png,val_hard,35.393524169921875,0.9966717958450317,35.830413818359375,0.9967291355133057,0.4368896484375,5.733966827392578e-05,0.0019288021139800549,0.007715208455920219,0.0038575949147343636,0.0019306044559925795,0.0005874999915249646,0.45807263255119324,0.01765839383006096,0.031224999576807022,0.93,0.77
398_0.74_1.43.png,val_hard,33.39125061035156,0.9947406053543091,33.90756607055664,0.9948997497558594,0.5163154602050781,0.00015914440155029297,0.0016145678237080574,0.00645827129483223,0.0032286408822983503,0.001603414653800428,0.0010833333944901824,0.4944811463356018,0.021797597408294678,0.09936250001192093,0.74,1.43
3_0.88_1.73.png,val_hard,30.923561096191406,0.9897822737693787,31.25616455078125,0.9901251196861267,0.33260345458984375,0.0003428459167480469,0.0016240046825259924,0.00649601873010397,0.003248009365051985,0.0016239683609455824,6.250000296859071e-06,0.7258201241493225,0.010504905134439468,0.4527062475681305,0.88,1.73
400_0.99_1.08.png,val_hard,31.444549560546875,0.9926422834396362,31.97076416015625,0.9928966760635376,0.526214599609375,0.0002543926239013672,0.0020781804341822863,0.008312721736729145,0.0041563562117516994,0.002085447311401367,0.0028395834378898144,0.5545333623886108,0.02380976267158985,0.27325624227523804,0.99,1.08
401_1.0_1.69.png,val_hard,29.791370391845703,0.9909809827804565,30.226585388183594,0.9912447929382324,0.4352149963378906,0.0002638101577758789,0.0024262124206870794,0.009704849682748318,0.004852309823036194,0.0024208228569477797,0.0005249999812804163,0.7515166997909546,0.013035324402153492,0.6450999975204468,1.0,1.69
413_0.96_1.25.png,val_hard,29.954792022705078,0.9915612936019897,29.881481170654297,0.991624116897583,-0.07331085205078125,6.282329559326172e-05,0.001475679804570973,0.005902719218283892,0.00295135541819036,0.001475691795349121,4.1666667129902635e-06,0.7465081810951233,0.011259292252361774,0.5607812404632568,0.96,1.25
419_0.74_1.36.png,val_hard,33.53279495239258,0.9951754808425903,33.407508850097656,0.9954096674919128,-0.12528610229492188,0.00023418664932250977,0.0008393159369006753,0.003357263747602701,0.00167841964866966,0.0008165240287780762,0.007320833392441273,0.5346237421035767,0.01550210639834404,0.20753750205039978,0.74,1.36
429_0.66_1.55.png,val_hard,35.494537353515625,0.9965190887451172,35.72043991088867,0.9965982437133789,0.22590255737304688,7.915496826171875e-05,0.0005829689325764775,0.00233187573030591,0.0011653508991003036,0.0005744695663452148,0.0001354166743112728,0.5310249328613281,0.01963268220424652,0.0009499999578110874,0.66,1.55
431_0.76_1.15.png,val_hard,35.52355194091797,0.997201144695282,35.85356140136719,0.9972731471061707,0.33000946044921875,7.200241088867188e-05,0.0008071292540989816,0.0032285170163959265,0.0016142448876053095,0.0008071462507359684,1.4583333722839598e-05,0.5525462031364441,0.021365106105804443,0.08984375,0.76,1.15
435_0.58_1.68.png,val_hard,34.75208282470703,0.9952105283737183,35.129615783691406,0.9953478574752808,0.377532958984375,0.0001373291015625,0.0018342514522373676,0.0073370058089494705,0.003668502438813448,0.0018342535477131605,0.0,0.6549941897392273,0.01033080369234085,0.708549976348877,0.58,1.68
43_0.92_1.86.png,val_hard,26.693222045898438,0.9809405207633972,26.64550018310547,0.9811344146728516,-0.04772186279296875,0.0001938939094543457,0.0012501581804826856,0.005000632721930742,0.0025001142639666796,0.0012488465290516615,0.006158333271741867,0.5937666296958923,0.01352686993777752,0.10769374668598175,0.92,1.86
446_0.72_1.25.png,val_hard,36.56113052368164,0.9980835318565369,37.38844299316406,0.9981657862663269,0.8273124694824219,8.225440979003906e-05,0.0015351648908108473,0.006140659563243389,0.003070262260735035,0.001536250114440918,0.00045416667126119137,0.6281813383102417,0.015383823774755001,0.5755187273025513,0.72,1.25
453_0.76_1.67.png,val_hard,30.914743423461914,0.9934985637664795,30.898212432861328,0.9936303496360779,-0.016530990600585938,0.00013178586959838867,0.0013108154525980353,0.005243261810392141,0.0026216022670269012,0.0012988051166757941,0.0027729168068617582,0.5894502401351929,0.027344435453414917,0.18885000050067902,0.76,1.67
467_0.75_1.41.png,val_hard,34.144622802734375,0.9978456497192383,34.6356086730957,0.9979418516159058,0.4909858703613281,9.620189666748047e-05,0.0017065046122297645,0.006826018448919058,0.003413009224459529,0.0017066797008737922,2.2916667148820125e-05,0.6986294984817505,0.014299813657999039,0.4592062532901764,0.75,1.41
473_0.55_0.65.png,val_hard,34.935752868652344,0.9973005056381226,34.664058685302734,0.9972151517868042,-0.2716941833496094,-8.535385131835938e-05,0.0006267454591579735,0.002506981836631894,0.0012534382985904813,0.0006229380960576236,1.6666666851961054e-05,0.4482996463775635,0.02449953928589821,0.1673937439918518,0.55,0.65
474_0.56_1.28.png,val_hard,34.1060791015625,0.9952232241630554,33.76811599731445,0.9950542449951172,-0.3379631042480469,-0.00016897916793823242,0.0010901519563049078,0.004360607825219631,0.0021801693364977837,0.001088559627532959,1.2500000593718141e-05,0.5386369228363037,0.019785329699516296,0.22763124108314514,0.56,1.28
476_0.69_0.56.png,val_hard,35.81865692138672,0.9975966811180115,35.51398468017578,0.9975201487541199,-0.3046722412109375,-7.653236389160156e-05,0.0007103977259248495,0.002841590903699398,0.001420748420059681,0.000705718994140625,2.0833333564951317e-06,0.46235403418540955,0.024124182760715485,0.19793124496936798,0.69,0.56
481_0.63_1.77.png,val_hard,36.88615417480469,0.9974178075790405,37.406532287597656,0.997509241104126,0.5203781127929688,9.143352508544922e-05,0.001070403610356152,0.004281614441424608,0.002140806755051017,0.0010702710133045912,5.4166666814126074e-05,0.6002116799354553,0.018933264538645744,0.34236249327659607,0.63,1.77
490_0.83_1.67.png,val_hard,30.709564208984375,0.9885055422782898,31.231143951416016,0.9890265464782715,0.5215797424316406,0.0005210041999816895,0.0017791356658563018,0.007116542663425207,0.0035582687705755234,0.001778642414137721,8.333333425980527e-06,0.728011965751648,0.006060416344553232,0.5169312357902527,0.83,1.67
491_0.85_0.78.png,val_hard,37.536338806152344,0.9959957003593445,38.06915283203125,0.9961134791374207,0.5328140258789062,0.00011777877807617188,0.0012344408314675093,0.004937763325870037,0.0024688777048140764,0.0012321373214945197,0.0,0.5960337519645691,0.00816410779953003,0.3794499933719635,0.85,0.78
493_0.69_1.39.png,val_hard,32.312049865722656,0.9902030229568481,32.62459945678711,0.9905630946159363,0.3125495910644531,0.00036007165908813477,0.0016169032314792275,0.00646761292591691,0.0032337899319827557,0.001611908315680921,0.0,0.6498093008995056,0.006485716439783573,0.5095999836921692,0.69,1.39
497_0.97_1.43.png,val_hard,33.12379455566406,0.9948069453239441,33.66364669799805,0.9949064254760742,0.5398521423339844,9.948015213012695e-05,0.001992117380723357,0.007968469522893429,0.003984234761446714,0.001999219413846731,0.0019687500316649675,0.7569171786308289,0.014435984194278717,0.6485812067985535,0.97,1.43
516_0.68_1.23.png,val_hard,36.60091781616211,0.9973077774047852,36.97415542602539,0.9973807334899902,0.37323760986328125,7.295608520507812e-05,0.0010823525954037905,0.004329410381615162,0.0021647042594850063,0.0010823409538716078,1.0416666555101983e-05,0.6570621728897095,0.008737358264625072,0.43985623121261597,0.68,1.23
518_0.95_1.66.png,val_hard,29.3723201751709,0.9851077795028687,29.9776554107666,0.9856412410736084,0.6053352355957031,0.0005334615707397461,0.0027549874503165483,0.011019949801266193,0.005509955808520317,0.0027530789375305176,0.0009437500266358256,0.7222395539283752,0.00887233205139637,0.5294437408447266,0.95,1.66
521_0.93_1.49.png,val_hard,32.298248291015625,0.9940873384475708,33.036903381347656,0.9943900108337402,0.7386550903320312,0.0003026723861694336,0.0020684688352048397,0.008273875340819359,0.004136937670409679,0.002075016498565674,0.0012208333937451243,0.6937299370765686,0.012293301522731781,0.5903187394142151,0.93,1.49
523_0.92_1.59.png,val_hard,31.76518440246582,0.9935400485992432,32.47208786010742,0.9938743114471436,0.7069034576416016,0.0003342628479003906,0.002095924923196435,0.00838369969278574,0.00419184984639287,0.0021035175304859877,0.0015270833391696215,0.7028172612190247,0.011848186142742634,0.5983187556266785,0.92,1.59
533_0.96_1.51.png,val_hard,36.9848747253418,0.9966208338737488,36.504127502441406,0.996543288230896,-0.4807472229003906,-7.75456428527832e-05,0.002095058560371399,0.008380234241485596,0.004190117120742798,0.0020948550663888454,3.958333400078118e-05,0.728606641292572,0.014556501060724258,0.46690624952316284,0.96,1.51
556_0.86_1.79.png,val_hard,31.941387176513672,0.9937702417373657,32.01980209350586,0.99396812915802,0.0784149169921875,0.00019788742065429688,0.0015224136877804995,0.006089654751121998,0.0030447638127952814,0.0015419225674122572,0.010970833711326122,0.6332295536994934,0.018961187452077866,0.21816875040531158,0.86,1.79
562_0.93_1.27.png,val_hard,36.723812103271484,0.9867469668388367,36.86207580566406,0.9875525832176208,0.13826370239257812,0.0008056163787841797,0.0012245667167007923,0.004898266866803169,0.002449127146974206,0.0012286703567951918,0.0036979166325181723,0.691128134727478,0.010257178917527199,0.5014749765396118,0.93,1.27
565_0.76_1.56.png,val_hard,34.28504943847656,0.9949212074279785,34.320064544677734,0.9950313568115234,0.035015106201171875,0.00011014938354492188,0.0016147892456501722,0.006459156982600689,0.003229537047445774,0.0016122858505696058,2.5000001187436283e-05,0.6358795762062073,0.007674406748265028,0.5871187448501587,0.76,1.56
56_0.78_1.27.png,val_hard,37.006195068359375,0.9968785047531128,37.55726623535156,0.9970912933349609,0.5510711669921875,0.00021278858184814453,0.0013069616397842765,0.005227846559137106,0.002613922581076622,0.0013069510459899902,4.1666667129902635e-06,0.6260191798210144,0.010350828990340233,0.357206255197525,0.78,1.27
570_0.79_1.59.png,val_hard,36.025997161865234,0.993377685546875,36.091087341308594,0.9936412572860718,0.06509017944335938,0.00026357173919677734,0.001415580278262496,0.005662321113049984,0.0028310513589531183,0.0014136135578155518,0.0007520833169110119,0.6220271587371826,0.008527650497853756,0.3696250021457672,0.79,1.59
573_0.78_1.94.png,val_hard,33.906959533691406,0.9954125285148621,34.0397834777832,0.9954468607902527,0.13282394409179688,3.4332275390625e-05,0.0018451762152835727,0.007380704861134291,0.0036903524305671453,0.0018448432674631476,2.7083333407063037e-05,0.8573676347732544,0.00854516588151455,0.8588500022888184,0.78,1.94
583_0.58_1.41.png,val_hard,31.89813995361328,0.9812213778495789,32.296966552734375,0.9820936918258667,0.39882659912109375,0.0008723139762878418,0.001287183491513133,0.005148733966052532,0.0025743634905666113,0.0012873511295765638,0.00030625000363215804,0.5832341909408569,0.004515619017183781,0.4119125008583069,0.58,1.41
585_0.6_0.89.png,val_hard,37.0616569519043,0.9963681697845459,37.014469146728516,0.9963921904563904,-0.04718780517578125,2.4020671844482422e-05,0.0008006033021956682,0.003202413208782673,0.0016011531697586179,0.0007904967060312629,0.0,0.4867197275161743,0.016972508281469345,0.2973187565803528,0.6,0.89
586_0.56_1.23.png,val_hard,35.39457702636719,0.9948997497558594,35.35810089111328,0.9949304461479187,-0.03647613525390625,3.069639205932617e-05,0.0010297762928530574,0.0041191051714122295,0.0020595150999724865,0.001026839017868042,0.0,0.5366836786270142,0.0151236392557621,0.30409374833106995,0.56,1.23
588_0.66_1.55.png,val_hard,35.317630767822266,0.9936978220939636,35.19891357421875,0.993755578994751,-0.11871719360351562,5.7756900787353516e-05,0.0014681312022730708,0.005872524809092283,0.002936239819973707,0.0014673471450805664,0.0,0.6398566961288452,0.011569811031222343,0.3226437270641327,0.66,1.55
591_0.83_0.96.png,val_hard,29.56373405456543,0.9916231036186218,29.577056884765625,0.9916913509368896,0.013322830200195312,6.824731826782227e-05,0.000840362801682204,0.003361451206728816,0.0016806909115985036,0.0008315443992614746,0.0,0.6275407075881958,0.012339869514107704,0.5142187476158142,0.83,0.96
599_0.86_1.4.png,val_hard,31.074016571044922,0.9948270320892334,31.01025390625,0.9947899580001831,-0.06376266479492188,-3.707408905029297e-05,0.001077681197784841,0.004310724791139364,0.0021551477257162333,0.0010751783847808838,0.008495833724737167,0.49957048892974854,0.018223538994789124,0.06427499651908875,0.86,1.4
600_0.89_1.63.png,val_hard,29.519670486450195,0.992341935634613,29.468917846679688,0.9922947883605957,-0.05075263977050781,-4.7147274017333984e-05,0.001185891218483448,0.004743564873933792,0.0023716294672340155,0.0011749963741749525,0.0016291666543111205,0.526914119720459,0.01694982498884201,0.07976249605417252,0.89,1.63
610_0.58_0.89.png,val_hard,36.79851150512695,0.9978542327880859,36.34467315673828,0.9977604746818542,-0.4538383483886719,-9.375810623168945e-05,0.0008369556744582951,0.0033478226978331804,0.001673407037742436,0.000936359167098999,0.03186666592955589,0.4788214862346649,0.022337105125188828,0.09747499972581863,0.58,0.89
612_0.78_0.9.png,val_hard,34.34458923339844,0.996895432472229,33.869319915771484,0.9966923594474792,-0.4752693176269531,-0.00020307302474975586,0.0010987943969666958,0.004395177587866783,0.0021974691189825535,0.0011193156242370605,0.015908334404230118,0.5280165076255798,0.021371465176343918,0.16888125240802765,0.78,0.9
616_0.88_1.72.png,val_hard,35.671363830566406,0.9956673979759216,36.275177001953125,0.9959754347801208,0.6038131713867188,0.00030803680419921875,0.0016184013802558184,0.0064736055210232735,0.003236779710277915,0.0016203224658966064,0.004214583430439234,0.6486928462982178,0.016069594770669937,0.3016124963760376,0.88,1.72
619_0.59_1.76.png,val_hard,31.06432342529297,0.9792546033859253,31.352712631225586,0.9803833365440369,0.2883892059326172,0.0011287331581115723,0.0009244663524441421,0.0036978654097765684,0.0018484388710930943,0.0009162029018625617,0.022625001147389412,0.5253272652626038,0.00709838792681694,0.29819998145103455,0.59,1.76
620_0.78_1.73.png,val_hard,32.17967224121094,0.974334180355072,32.57896041870117,0.9756214618682861,0.3992881774902344,0.0012872815132141113,0.0011116145178675652,0.004446458071470261,0.002223192946985364,0.0011313657741993666,0.004512500017881393,0.584131121635437,0.006437236443161964,0.3309812545776367,0.78,1.73
622_0.86_1.34.png,val_hard,32.332374572753906,0.9948511123657227,33.32331848144531,0.9953184127807617,0.9909439086914062,0.0004673004150390625,0.0025726179592311382,0.010290471836924553,0.005145232193171978,0.0025739073753356934,0.00030416666413657367,0.6153010129928589,0.01846955344080925,0.5501124858856201,0.86,1.34
626_0.66_1.13.png,val_hard,31.405961990356445,0.995429277420044,31.668258666992188,0.9956457018852234,0.2622966766357422,0.00021642446517944336,0.0008217338472604752,0.0032869353890419006,0.0016433314885944128,0.0008209347724914551,4.1666667129902635e-06,0.49790653586387634,0.012080004438757896,0.006037499755620956,0.66,1.13
628_0.64_1.31.png,val_hard,32.15535354614258,0.9956048727035522,32.42304229736328,0.9958157539367676,0.2676887512207031,0.00021088123321533203,0.0007898804033175111,0.0031595216132700443,0.0015793864149600267,0.0007842282648198307,4.1666667129902635e-06,0.49380233883857727,0.01125429943203926,0.002662499900907278,0.64,1.31
630_0.77_1.56.png,val_hard,35.70692825317383,0.9941090941429138,35.981632232666016,0.9944819211959839,0.2747039794921875,0.00037282705307006836,0.0016533458838239312,0.006613383535295725,0.003306689905002713,0.001653144834563136,7.70833357819356e-05,0.6742605566978455,0.013560023158788681,0.34600624442100525,0.77,1.56
633_0.67_1.53.png,val_hard,35.860225677490234,0.9969356060028076,36.07268524169922,0.9969611167907715,0.21245956420898438,2.5510787963867188e-05,0.0012283535907045007,0.004913414362818003,0.0024565435014665127,0.0012265940895304084,8.333333425980527e-06,0.5116697549819946,0.013965613208711147,0.007306249812245369,0.67,1.53
635_0.65_1.64.png,val_hard,36.99769592285156,0.9970442652702332,37.244754791259766,0.997079074382782,0.24705886840820312,3.4809112548828125e-05,0.0012093099066987634,0.0048372396267950535,0.0024183583445847034,0.0012064477195963264,6.250000296859071e-06,0.5086516737937927,0.013370252214372158,0.00641250004991889,0.65,1.64
642_0.52_1.04.png,val_hard,37.564109802246094,0.9955878257751465,37.84893798828125,0.9957670569419861,0.28482818603515625,0.0001792311668395996,0.0005588185740634799,0.0022352742962539196,0.0011175143299624324,0.0005217393627390265,0.0005416666972450912,0.5064448118209839,0.007387148216366768,0.27710625529289246,0.52,1.04
643_0.58_1.55.png,val_hard,33.523956298828125,0.9907678365707397,33.86836242675781,0.9912382364273071,0.3444061279296875,0.0004703998565673828,0.0009345825528725982,0.0037383302114903927,0.0018691037548705935,0.0009210010757669806,9.16666685952805e-05,0.6007401943206787,0.005899988114833832,0.41494372487068176,0.58,1.55
649_0.55_0.86.png,val_hard,34.9791374206543,0.9988409280776978,34.93770217895508,0.9988434314727783,-0.04143524169921875,2.5033950805664062e-06,0.0007099219365045428,0.0028396877460181713,0.0014191599329933524,0.00046122074127197266,2.0833333110203966e-05,0.5467258095741272,0.021336356177926064,0.009162499569356441,0.55,0.86
654_0.84_1.79.png,val_hard,35.96281814575195,0.9895088076591492,37.23137664794922,0.9900370836257935,1.2685585021972656,0.0005282759666442871,0.0032225956674665213,0.012890382669866085,0.0064451913349330425,0.0032376747112721205,0.00354583328589797,0.6728820204734802,0.011708863079547882,0.4598812460899353,0.84,1.79
663_0.87_1.75.png,val_hard,32.164512634277344,0.9949631094932556,32.86638641357422,0.9950742125511169,0.701873779296875,0.00011110305786132812,0.0027953602839261293,0.011181441135704517,0.005590710323303938,0.0027964613400399685,0.0002020833344431594,0.6767519116401672,0.011987915262579918,0.4815937280654907,0.87,1.75
664_0.71_1.28.png,val_hard,33.31092071533203,0.9968013763427734,33.757286071777344,0.99681156873703,0.4463653564453125,1.0192394256591797e-05,0.001875867834314704,0.007503471337258816,0.0037516052834689617,0.0018770694732666016,0.00024375000793952495,0.5352345108985901,0.01488901674747467,0.03226250037550926,0.71,1.28
671_0.78_0.85.png,val_hard,34.886474609375,0.9984385371208191,34.7311897277832,0.9984599351882935,-0.15528488159179688,2.1398067474365234e-05,0.0008539334521628916,0.0034157338086515665,0.0017077589873224497,0.0008526643505319953,1.4583333722839598e-05,0.5682851076126099,0.014910073950886726,0.3889249861240387,0.78,0.85
672_0.8_0.77.png,val_hard,35.121299743652344,0.9984821677207947,34.93464660644531,0.9984984397888184,-0.18665313720703125,1.627206802368164e-05,0.0008701279875822365,0.003480511950328946,0.0017401863588020205,0.0008692741394042969,1.6666666851961054e-05,0.5673226714134216,0.015309803187847137,0.3897187411785126,0.8,0.77
676_0.53_1.48.png,val_hard,32.340389251708984,0.9955321550369263,32.52969741821289,0.9956738352775574,0.18930816650390625,0.00014168024063110352,0.0007281159632839262,0.002912463853135705,0.0014560322742909193,0.0006183981895446777,1.0416666555101983e-05,0.5714043974876404,0.019672468304634094,0.14146248996257782,0.53,1.48
689_0.82_1.73.png,val_hard,35.03420639038086,0.9956526756286621,35.01996612548828,0.9956202507019043,-0.014240264892578125,-3.24249267578125e-05,0.0011517718667164445,0.004607087466865778,0.002303543733432889,0.0011518399696797132,4.7916666517267004e-05,0.6477431058883667,0.016764722764492035,0.4656749963760376,0.82,1.73
694_0.51_1.61.png,val_hard,34.84137725830078,0.9925519824028015,35.254093170166016,0.9929095506668091,0.4127159118652344,0.00035756826400756836,0.0008858123328536749,0.0035432493314146996,0.0017713417764753103,0.000803788541816175,3.125000148429535e-05,0.5281968712806702,0.004801648668944836,0.07845624536275864,0.51,1.61
705_0.63_1.99.png,val_hard,28.34969711303711,0.9901263117790222,28.385051727294922,0.9903191328048706,0.0353546142578125,0.00019282102584838867,0.0019131791777908802,0.007652716711163521,0.0038263583555817604,0.0019132097950205207,0.0,0.8039451837539673,0.005024018231779337,0.694974958896637,0.63,1.99
723_0.77_1.08.png,val_hard,36.96879196166992,0.9964689612388611,37.013824462890625,0.9965781569480896,0.045032501220703125,0.00010919570922851562,0.0014101663837209344,0.0056406655348837376,0.002820282708853483,0.001403252361342311,0.0,0.6289787888526917,0.009244590997695923,0.5328437089920044,0.77,1.08
735_0.5_1.46.png,val_hard,31.59468650817871,0.993338942527771,31.850887298583984,0.9936856031417847,0.25620079040527344,0.0003466606140136719,0.000878551509231329,0.003514206036925316,0.0017567174509167671,0.0008747577667236328,0.01550416648387909,0.6235989928245544,0.011692510917782784,0.48352497816085815,0.5,1.46
736_0.78_1.76.png,val_hard,33.94158935546875,0.9898938536643982,34.044193267822266,0.9903125166893005,0.10260391235351562,0.00041866302490234375,0.0014200335135683417,0.005680134054273367,0.0028400649316608906,0.0014195641269907355,0.00031666667200624943,0.7139077186584473,0.008762642741203308,0.49339374899864197,0.78,1.76
738_0.93_1.46.png,val_hard,32.75204086303711,0.9951385855674744,33.03998565673828,0.9952370524406433,0.2879447937011719,9.846687316894531e-05,0.0021604488138109446,0.008641795255243778,0.004320854786783457,0.0021612346172332764,0.00020416667393874377,0.6269403100013733,0.01946530118584633,0.3786499798297882,0.93,1.46
739_0.97_1.72.png,val_hard,31.007877349853516,0.9930461645126343,31.298742294311523,0.9931807518005371,0.2908649444580078,0.00013458728790283203,0.0024711040314286947,0.009884416125714779,0.0049421703442931175,0.0024736325722187757,0.0005833333125337958,0.6818073391914368,0.017700141295790672,0.42775624990463257,0.97,1.72
745_0.97_1.58.png,val_hard,34.72856903076172,0.9839136004447937,35.22221374511719,0.9846093058586121,0.49364471435546875,0.0006957054138183594,0.0013319958234205842,0.005327983293682337,0.0026639862917363644,0.0013325016479939222,0.0009520833264105022,0.6387046575546265,0.005124969407916069,0.350481241941452,0.97,1.58
756_0.9_1.88.png,val_hard,27.555437088012695,0.9876294136047363,27.792186737060547,0.9878758192062378,0.23674964904785156,0.00024640560150146484,0.0018212819704785943,0.007285127881914377,0.0036425497382879257,0.0018199682235717773,0.004014583304524422,0.7111249566078186,0.02287822961807251,0.5971375107765198,0.9,1.88
757_0.87_1.78.png,val_hard,35.621925354003906,0.9937271475791931,36.70268249511719,0.9940135478973389,1.0807571411132812,0.00028640031814575195,0.0030580246821045876,0.01223209872841835,0.0061160484328866005,0.003065258264541626,0.0010979166254401207,0.7010524868965149,0.007128654979169369,0.5315312147140503,0.87,1.78
767_0.76_1.75.png,val_hard,34.91740417480469,0.9950785636901855,35.73800277709961,0.9953632354736328,0.8205986022949219,0.0002846717834472656,0.0021877277176827192,0.008750910870730877,0.004375447519123554,0.0021882555447518826,0.00013749999925494194,0.6651923656463623,0.02220640704035759,0.43745625019073486,0.76,1.75
775_0.6_1.49.png,val_hard,33.14286804199219,0.9970579147338867,33.44422912597656,0.9971425533294678,0.301361083984375,8.463859558105469e-05,0.0009241331717930734,0.0036965326871722937,0.001848266227170825,0.0009240011568181217,2.7083333407063037e-05,0.4989243149757385,0.02583644539117813,0.004287499934434891,0.6,1.49
781_0.51_1.6.png,val_hard,34.69783401489258,0.9964391589164734,34.66663360595703,0.9964135885238647,-0.031200408935546875,-2.5570392608642578e-05,0.0003577802563086152,0.0014311210252344608,0.0007146712159737945,0.00013894836592953652,5.0000002374872565e-05,0.4169600009918213,0.015546772629022598,0.0016249999171122909,0.51,1.6
783_0.77_1.38.png,val_hard,32.488346099853516,0.9963388442993164,32.64561462402344,0.9963909983634949,0.15726852416992188,5.21540641784668e-05,0.0013644228456541896,0.005457691382616758,0.002728833816945553,0.0013643305283039808,2.9166667445679195e-05,0.5919113159179688,0.015888569876551628,0.4778062403202057,0.77,1.38
784_0.73_1.21.png,val_hard,34.54759979248047,0.9972907304763794,34.704490661621094,0.9973262548446655,0.156890869140625,3.552436828613281e-05,0.0010945727117359638,0.004378290846943855,0.0021891032811254263,0.0010938446503132582,3.125000148429535e-05,0.5510222315788269,0.0173706766217947,0.3515999913215637,0.73,1.21
78_0.95_1.86.png,val_hard,31.202333450317383,0.9875263571739197,31.871862411499023,0.9879189729690552,0.6695289611816406,0.00039261579513549805,0.002534994389861822,0.010139977559447289,0.005069972947239876,0.0025345783215016127,2.2916667148820125e-05,0.7281370759010315,0.01055621076375246,0.6397624611854553,0.95,1.86
791_0.89_1.37.png,val_hard,36.28899002075195,0.9964973330497742,36.65024948120117,0.9965581893920898,0.36125946044921875,6.085634231567383e-05,0.0013629860477522016,0.005451944191008806,0.002725933911278844,0.0013597806682810187,0.0001729166688164696,0.6355115175247192,0.01709340512752533,0.44814997911453247,0.89,1.37
802_0.9_1.9.png,val_hard,32.6451416015625,0.9888693690299988,32.94797897338867,0.9897317886352539,0.3028373718261719,0.000862419605255127,0.0008782578515820205,0.003513031406328082,0.0017564226873219013,0.0008066296577453613,0.019833333790302277,0.6478325128555298,0.011781716719269753,0.4180687367916107,0.9,1.9
807_0.72_0.62.png,val_hard,35.16879653930664,0.9978235960006714,35.05168914794922,0.9978097677230835,-0.11710739135742188,-1.3828277587890625e-05,0.00064969586674124,0.00259878346696496,0.001299371593631804,0.0006497105350717902,4.3750002078013495e-05,0.4506433606147766,0.026263922452926636,0.12883125245571136,0.72,0.62
808_0.74_0.67.png,val_hard,34.764774322509766,0.9974030256271362,34.69602966308594,0.997400164604187,-0.06874465942382812,-2.86102294921875e-06,0.0006912063690833747,0.002764825476333499,0.0013823964400216937,0.000691274821292609,4.3750002078013495e-05,0.45904597640037537,0.025860629975795746,0.18590624630451202,0.74,0.67
810_0.78_1.52.png,val_hard,23.832725524902344,0.9836783409118652,23.8046817779541,0.9837638735771179,-0.028043746948242188,8.553266525268555e-05,0.0007592116016894579,0.0030368464067578316,0.00151830876711756,0.0007538398494943976,2.2916667148820125e-05,0.5682392716407776,0.016244597733020782,0.29637500643730164,0.78,1.52
812_0.59_0.82.png,val_hard,36.540828704833984,0.995862603187561,36.278175354003906,0.9958507418632507,-0.2626533508300781,-1.1861324310302734e-05,0.0005900278920307755,0.002360111568123102,0.0011800052598118782,0.0005896886577829719,1.4583333722839598e-05,0.5633053779602051,0.01724047027528286,0.2899249792098999,0.59,0.82
817_0.57_1.49.png,val_hard,35.343753814697266,0.996280312538147,35.36930847167969,0.9963178634643555,0.025554656982421875,3.7550926208496094e-05,0.00043775149970315397,0.0017510059988126159,0.0008733582799322903,0.000265270471572876,0.0015895833494141698,0.3911827802658081,0.025034572929143906,0.016356250271201134,0.57,1.49
821_0.5_1.55.png,val_hard,33.944183349609375,0.9948927164077759,33.934539794921875,0.9949177503585815,-0.0096435546875,2.5033950805664062e-05,0.0006644355598837137,0.002657742239534855,0.0013284835731610656,0.0005143284797668457,8.333333425980527e-06,0.5203811526298523,0.01527664065361023,0.27749374508857727,0.5,1.55
822_0.75_1.92.png,val_hard,31.759788513183594,0.9931819438934326,31.564613342285156,0.9930742979049683,-0.1951751708984375,-0.00010764598846435547,0.0015195714076980948,0.006078285630792379,0.0030391309410333633,0.0015184879302978516,0.0,0.6943488121032715,0.009841719642281532,0.38820624351501465,0.75,1.92
833_0.95_1.89.png,val_hard,35.166465759277344,0.9947774410247803,35.70578384399414,0.9949420690536499,0.5393180847167969,0.0001646280288696289,0.0018857436953112483,0.007542974781244993,0.0037714766804128885,0.0018848379841074347,0.00024166666844394058,0.6481904983520508,0.01755625195801258,0.4100874960422516,0.95,1.89
840_0.64_1.72.png,val_hard,30.01549530029297,0.9917144179344177,30.73246955871582,0.9923357367515564,0.7169742584228516,0.0006213188171386719,0.0027694962918758392,0.011077985167503357,0.0055389925837516785,0.002780159469693899,0.002591666765511036,0.6307774186134338,0.017900660634040833,0.4680124819278717,0.64,1.72
844_0.99_1.22.png,val_hard,35.68939208984375,0.9962267279624939,35.94882583618164,0.9962654113769531,0.2594337463378906,3.8683414459228516e-05,0.001410961733199656,0.005643846932798624,0.002821899950504303,0.0014107426395639777,0.0,0.7224205136299133,0.006389769725501537,0.5280812382698059,0.99,1.22
845_0.6_1.37.png,val_hard,32.277000427246094,0.9854413866996765,32.68956756591797,0.9860078692436218,0.412567138671875,0.0005664825439453125,0.0015297821955755353,0.006119128782302141,0.003059535752981901,0.0015289585571736097,0.0,0.6894687414169312,0.009118912741541862,0.4774562418460846,0.6,1.37
855_0.54_1.96.png,val_hard,36.76447296142578,0.9938883185386658,37.1082763671875,0.9941698908805847,0.34380340576171875,0.0002815723419189453,0.0009577107848599553,0.0038308431394398212,0.001914605381898582,0.0008520385017618537,0.0003187500115018338,0.4796161949634552,0.018743222579360008,0.049799997359514236,0.54,1.96
856_0.91_1.72.png,val_hard,35.8128662109375,0.9928261637687683,36.31644058227539,0.993060290813446,0.5035743713378906,0.00023412704467773438,0.0015273054596036673,0.006109221838414669,0.003054599976167083,0.0015298128128051758,0.0007562499959021807,0.5971322059631348,0.017690803855657578,0.3128499984741211,0.91,1.72
860_0.73_1.11.png,val_hard,34.80371856689453,0.9966459274291992,34.90790939331055,0.9968631267547607,0.10419082641601562,0.00021719932556152344,0.0011828407878056169,0.004731363151222467,0.0023656797129660845,0.001182774780318141,1.8750000890577212e-05,0.6153361797332764,0.014349312521517277,0.3706812262535095,0.73,1.11
867_0.89_1.83.png,val_hard,36.0997200012207,0.9963053464889526,35.911224365234375,0.9963250160217285,-0.18849563598632812,1.9669532775878906e-05,0.0013592476025223732,0.005436990410089493,0.002718492178246379,0.0013504624366760254,0.0024166665971279144,0.6265569925308228,0.022488445043563843,0.31398123502731323,0.89,1.83
86_0.74_0.98.png,val_hard,36.00090026855469,0.9955863952636719,36.110626220703125,0.9957215189933777,0.1097259521484375,0.00013512372970581055,0.0011974978260695934,0.004789991304278374,0.002394844777882099,0.0011900862446054816,0.007814583368599415,0.4551113247871399,0.04030049592256546,0.06176874786615372,0.74,0.98
875_0.87_1.74.png,val_hard,37.434879302978516,0.9940363168716431,37.844154357910156,0.994224488735199,0.4092750549316406,0.0001881718635559082,0.001832177978940308,0.007328711915761232,0.003664255840703845,0.0018305580597370863,2.0833333564951317e-06,0.7014521360397339,0.007726718671619892,0.4876687228679657,0.87,1.74
879_0.76_1.47.png,val_hard,34.85337448120117,0.9940093755722046,34.85258483886719,0.9939775466918945,-0.000789642333984375,-3.1828880310058594e-05,0.0012065133778378367,0.004826053511351347,0.0024126379285007715,0.0014415582409128547,0.05729375034570694,0.5464190244674683,0.013444600626826286,0.14906874299049377,0.76,1.47
88_0.98_1.99.png,val_hard,29.233795166015625,0.984619140625,29.49279022216797,0.9851133823394775,0.25899505615234375,0.0004942417144775391,0.001956227933987975,0.0078249117359519,0.0039124563336372375,0.001956602092832327,0.00471458351239562,0.6360263824462891,0.034903209656476974,0.2870374917984009,0.98,1.99
892_0.84_0.9.png,val_hard,34.1656608581543,0.9939913749694824,35.34371566772461,0.9945583343505859,1.1780548095703125,0.0005669593811035156,0.002737638307735324,0.010950553230941296,0.005475272890180349,0.0027388036251068115,0.000733333348762244,0.5553514957427979,0.011477398686110973,0.0655437484383583,0.84,0.9
899_0.93_1.74.png,val_hard,37.19699478149414,0.9961141347885132,37.131248474121094,0.9961286783218384,-0.06574630737304688,1.4543533325195312e-05,0.0016420412575826049,0.0065681650303304195,0.0032840764615684748,0.0016441047191619873,0.00250625004991889,0.6679438948631287,0.019504796713590622,0.42194998264312744,0.93,1.74
905_0.65_1.3.png,val_hard,32.312477111816406,0.9959912300109863,32.66575241088867,0.9962498545646667,0.3532752990722656,0.0002586245536804199,0.001796878525055945,0.00718751410022378,0.0035937479697167873,0.001796980737708509,0.00010000000474974513,0.5719091296195984,0.022777168080210686,0.41212499141693115,0.65,1.3
907_0.73_1.72.png,val_hard,31.086780548095703,0.9938567876815796,31.461381912231445,0.9942425489425659,0.3746013641357422,0.0003857612609863281,0.0022359115537256002,0.008943646214902401,0.004471818916499615,0.002236316679045558,0.00010208333696937189,0.6368564367294312,0.019788449630141258,0.42582499980926514,0.73,1.72
911_0.58_1.46.png,val_hard,35.42945098876953,0.9976514577865601,35.76347732543945,0.9977827072143555,0.3340263366699219,0.00013124942779541016,0.0008160810684785247,0.0032643242739140987,0.00163113116286695,0.0006321768159978092,0.00012083333422197029,0.5142554640769958,0.02639407478272915,0.00729374960064888,0.58,1.46
929_0.67_0.83.png,val_hard,37.40679168701172,0.9977366328239441,37.74147415161133,0.9978453516960144,0.3346824645996094,0.0001087188720703125,0.0008688605157658458,0.003475442063063383,0.0017377013573423028,0.0008684098720550537,0.0,0.5089318752288818,0.021002110093832016,0.239693745970726,0.67,0.83
932_0.81_1.54.png,val_hard,35.683956146240234,0.9956771731376648,36.03573226928711,0.9958934187889099,0.351776123046875,0.0002162456512451172,0.00157085747923702,0.00628342991694808,0.0031416998244822025,0.0015705426922068,0.0,0.6253189444541931,0.016075503081083298,0.2919749915599823,0.81,1.54
937_0.96_1.89.png,val_hard,31.841842651367188,0.990520179271698,32.282188415527344,0.9908029437065125,0.44034576416015625,0.0002827644348144531,0.0015684952959418297,0.006273981183767319,0.003136990126222372,0.0015684764366596937,0.0,0.7264922857284546,0.0057220752350986,0.5141687393188477,0.96,1.89
950_0.79_1.26.png,val_hard,32.789955139160156,0.9956590533256531,32.67424774169922,0.9956101775169373,-0.1157073974609375,-4.887580871582031e-05,0.0009143282659351826,0.0036573130637407303,0.0018286434933543205,0.0009132822742685676,2.0833333564951317e-06,0.504654049873352,0.027744609862565994,0.23007498681545258,0.79,1.26
952_0.74_0.72.png,val_hard,35.1894416809082,0.9976404905319214,34.99005126953125,0.9975976347923279,-0.19939041137695312,-4.285573959350586e-05,0.0006277604261413217,0.0025110417045652866,0.0012555038556456566,0.0006277561187744141,2.0833333564951317e-06,0.4495598077774048,0.031032204627990723,0.2232937514781952,0.74,0.72
953_0.95_0.84.png,val_hard,32.65647888183594,0.9971354007720947,33.2120246887207,0.9974080324172974,0.5555458068847656,0.0002726316452026367,0.001650919090025127,0.006603676360100508,0.0033017199020832777,0.001623302698135376,0.008622916415333748,0.6069475412368774,0.01338270679116249,0.4488999843597412,0.95,0.84
955_0.94_0.9.png,val_hard,33.00627899169922,0.9970489740371704,33.58075714111328,0.9973148107528687,0.5744781494140625,0.0002658367156982422,0.0016893042484298348,0.006757216993719339,0.0033784902188926935,0.0016613801708444953,0.008656250312924385,0.6152187585830688,0.013026176951825619,0.4515187442302704,0.94,0.9
972_0.52_0.9.png,val_hard,36.149593353271484,0.9916168451309204,36.50607681274414,0.9920357465744019,0.35648345947265625,0.0004189014434814453,0.0006377713871188462,0.0025510855484753847,0.0012752464972436428,0.0005835195770487189,0.0028604166582226753,0.5010462403297424,0.010491560213267803,0.3531562387943268,0.52,0.9
978_0.96_1.69.png,val_hard,31.872859954833984,0.9919697642326355,31.774559020996094,0.9918224215507507,-0.09830093383789062,-0.00014734268188476562,0.0019110145512968302,0.007644058205187321,0.003822020487859845,0.001911511062644422,0.00042708334513008595,0.6691298484802246,0.01425669901072979,0.3716000020503998,0.96,1.69
987_0.56_1.81.png,val_hard,37.09059143066406,0.9947792291641235,37.051719665527344,0.9950787425041199,-0.03887176513671875,0.0002995133399963379,0.0011845873668789864,0.0047383494675159454,0.0023691747337579727,0.0011834800243377686,0.00047500000800937414,0.5389115214347839,0.01403369102627039,0.2285124957561493,0.56,1.81
996_0.93_0.78.png,val_hard,36.98600387573242,0.9983712434768677,36.761199951171875,0.9983541965484619,-0.22480392456054688,-1.704692840576172e-05,0.001409592805430293,0.005638371221721172,0.0028191760648041964,0.0014095902442932129,0.0,0.6881330013275146,0.013232825323939323,0.4929187297821045,0.93,0.78
