{
  "runs": {
    "A0": {
      "label": "A0",
      "arch": "official_convir",
      "mode": "original",
      "checkpoint": "/sda/home/wangyuxin/ConvIR-B/checkpoints/official/Haze4K/haze4k-base.pkl",
      "depth_mode": "none",
      "airlight_mode": "none",
      "count": 600,
      "mean_psnr": 39.75955163955688,
      "mean_ssim": 0.995632650355498,
      "avg_time_sec_sync": 0.05969111204147339,
      "median_time_sec_sync": 0.055411458015441895,
      "peak_cuda_mem_mib": 536.99169921875
    },
    "DTA_v35_v35_fdf_rcs_l5_res010_tail_s004_g025_bm2_seed3411_f1_quick5full_fallback_train_zero": {
      "label": "DTA_v35_v35_fdf_rcs_l5_res010_tail_s004_g025_bm2_seed3411_f1_quick5full_fallback_train_zero",
      "arch": "dta_v3",
      "mode": "modres",
      "checkpoint": "/sda/home/wangyuxin/ConvIR-B/repos/ConvIR-B-dta-v3-5-fdf-rcs-lite/Dehazing/ITS/results/ConvIR-Haze4K-DTA-v3-5-FDF-RCS-l5_res010_tail_s004_g025_bm2-seed3411_f1-quick5full/Training-Results/Final.pkl",
      "depth_mode": "zero",
      "airlight_mode": "fallback",
      "count": 600,
      "mean_psnr": 39.77181857426961,
      "mean_ssim": 0.9956368604302406,
      "avg_time_sec_sync": 0.05417937994003296,
      "median_time_sec_sync": 0.05021309852600098,
      "peak_cuda_mem_mib": 604.35888671875
    }
  },
  "comparison": {
    "common_count": 600,
    "mean_psnr_delta": 0.012266934712727865,
    "median_psnr_delta": 0.010419845581054688,
    "p5_psnr_delta": -0.21613826751708984,
    "p95_psnr_delta": 0.26156272888183585,
    "hard_bottom25_psnr_delta": 0.03747469584147135,
    "easy_top25_psnr_delta": 0.008548787434895833,
    "worst10pct_mean_psnr_delta": -0.27224629720052085,
    "best10pct_mean_psnr_delta": 0.29276965459187826,
    "worst10img_mean_psnr_delta": -0.5370082855224609,
    "best10img_mean_psnr_delta": 0.49574813842773435,
    "worst10_mean_psnr_delta": -0.27224629720052085,
    "best10_mean_psnr_delta": 0.29276965459187826,
    "mean_ssim_delta": 4.2100747426350915e-06,
    "positive_ratio": 0.545,
    "strong_reference_cut_psnr": 42.834919929504395,
    "strong_reference_count": 150,
    "strong_regression_count_delta_le_-0.05": 44,
    "worst_regression_count_delta_le_-0.20": 33
  }
}