{
  "source_csv": "/root/autodl-tmp/workspace/ConvIR-B-apdr-v0-3-shed-diagnostics/experience_docx/experiment_logs/haze4k_apdr_v0_3_shed_replay_20260603/scout_eval_per_image_apdr_v0_3_shed_hardfreq_seed3407_vs_a0.csv",
  "candidate_name": "safe_expert_hardfreq",
  "overall": {
    "count": 1000,
    "mean_delta_psnr": -0.11555277061462402,
    "median_delta_psnr": -0.0022430419921875,
    "p5_delta_psnr": -0.9270074844360351,
    "p95_delta_psnr": 0.2652550697326656,
    "positive_delta_count": 309,
    "positive_delta_ratio": 0.309,
    "regression_delta_le_-0.05": 304,
    "regression_delta_le_-0.10": 256,
    "regression_delta_le_-0.20": 205,
    "gain_delta_ge_0.05": 99,
    "gain_delta_ge_0.10": 77,
    "mean_delta_ssim": -0.0003905525803565979,
    "median_delta_ssim": -3.516674041748047e-06,
    "worst_10_mean_delta_psnr": -1.8666646957397461,
    "best_10_mean_delta_psnr": 1.145834732055664
  },
  "difficulty_buckets_by_original_psnr": {
    "hard_bottom_25pct": {
      "original_psnr_range": [
        14.919734954833984,
        29.733125686645508
      ],
      "count": 250,
      "mean_delta_psnr": -0.16877459716796875,
      "median_delta_psnr": -0.06117725372314453,
      "p5_delta_psnr": -1.2445096015930175,
      "p95_delta_psnr": 0.6894265174865726,
      "positive_delta_count": 82,
      "positive_delta_ratio": 0.328,
      "regression_delta_le_-0.05": 135,
      "regression_delta_le_-0.10": 113,
      "regression_delta_le_-0.20": 93,
      "gain_delta_ge_0.05": 59,
      "gain_delta_ge_0.10": 52,
      "mean_delta_ssim": -0.0009783318042755128,
      "median_delta_ssim": -0.0002827942371368408,
      "worst_10_mean_delta_psnr": -1.46215763092041,
      "best_10_mean_delta_psnr": 1.004329299926758
    },
    "medium_middle_50pct": {
      "original_psnr_range": [
        29.737844467163086,
        39.08415985107422
      ],
      "count": 500,
      "mean_delta_psnr": -0.1468049201965332,
      "median_delta_psnr": -0.009487152099609375,
      "p5_delta_psnr": -0.9289155960083009,
      "p95_delta_psnr": 0.07857246398925784,
      "positive_delta_count": 139,
      "positive_delta_ratio": 0.278,
      "regression_delta_le_-0.05": 167,
      "regression_delta_le_-0.10": 143,
      "regression_delta_le_-0.20": 112,
      "gain_delta_ge_0.05": 38,
      "gain_delta_ge_0.10": 24,
      "mean_delta_ssim": -0.0002915048599243164,
      "median_delta_ssim": -1.4483928680419922e-05,
      "worst_10_mean_delta_psnr": -1.827046012878418,
      "best_10_mean_delta_psnr": 0.8703495025634765
    },
    "easy_top_25pct": {
      "original_psnr_range": [
        39.10456848144531,
        50.026092529296875
      ],
      "count": 250,
      "mean_delta_psnr": 0.0001733551025390625,
      "median_delta_psnr": -5.340576171875e-05,
      "p5_delta_psnr": -0.012253952026367188,
      "p95_delta_psnr": 0.013908195495605496,
      "positive_delta_count": 88,
      "positive_delta_ratio": 0.352,
      "regression_delta_le_-0.05": 2,
      "regression_delta_le_-0.10": 0,
      "regression_delta_le_-0.20": 0,
      "gain_delta_ge_0.05": 2,
      "gain_delta_ge_0.10": 1,
      "mean_delta_ssim": -8.687973022460938e-07,
      "median_delta_ssim": -1.1920928955078125e-07,
      "worst_10_mean_delta_psnr": -0.033792877197265626,
      "best_10_mean_delta_psnr": 0.044022750854492185
    }
  },
  "filename_parameter_correlations_inferred": {
    "note": "Haze4K filenames look like id_param1_param2.png; this file records correlation only and does not assume the parameter meaning.",
    "param_1_vs_original_psnr": -0.1615068984663337,
    "param_1_vs_delta_psnr": -0.21174139803920802,
    "param_2_vs_original_psnr": -0.32351294811584774,
    "param_2_vs_delta_psnr": -0.23141643872221768
  },
  "worst_regressions": [
    {
      "name": "423_0.81_1.79.png",
      "original_psnr": 31.306804656982422,
      "candidate_psnr": 28.797571182250977,
      "delta_psnr": -2.5092334747314453,
      "original_ssim": 0.9894658923149109,
      "candidate_ssim": 0.9857484698295593,
      "delta_ssim": -0.0037174224853515625,
      "filename_param_1": 0.81,
      "filename_param_2": 1.79
    },
    {
      "name": "424_0.81_1.5.png",
      "original_psnr": 32.65782928466797,
      "candidate_psnr": 30.302871704101562,
      "delta_psnr": -2.3549575805664062,
      "original_ssim": 0.9922198057174683,
      "candidate_ssim": 0.9894601702690125,
      "delta_ssim": -0.0027596354484558105,
      "filename_param_1": 0.81,
      "filename_param_2": 1.5
    },
    {
      "name": "133_0.67_1.65.png",
      "original_psnr": 35.66893768310547,
      "candidate_psnr": 33.83135986328125,
      "delta_psnr": -1.8375778198242188,
      "original_ssim": 0.9947053790092468,
      "candidate_ssim": 0.9931812286376953,
      "delta_ssim": -0.0015241503715515137,
      "filename_param_1": 0.67,
      "filename_param_2": 1.65
    },
    {
      "name": "122_0.94_1.72.png",
      "original_psnr": 29.859432220458984,
      "candidate_psnr": 28.045074462890625,
      "delta_psnr": -1.8143577575683594,
      "original_ssim": 0.9830266833305359,
      "candidate_ssim": 0.9801398515701294,
      "delta_ssim": -0.002886831760406494,
      "filename_param_1": 0.94,
      "filename_param_2": 1.72
    },
    {
      "name": "151_0.86_1.95.png",
      "original_psnr": 31.383935928344727,
      "candidate_psnr": 29.597698211669922,
      "delta_psnr": -1.7862377166748047,
      "original_ssim": 0.9890443682670593,
      "candidate_ssim": 0.9862411022186279,
      "delta_ssim": -0.0028032660484313965,
      "filename_param_1": 0.86,
      "filename_param_2": 1.95
    },
    {
      "name": "469_0.96_1.99.png",
      "original_psnr": 28.767562866210938,
      "candidate_psnr": 27.018653869628906,
      "delta_psnr": -1.7489089965820312,
      "original_ssim": 0.972427248954773,
      "candidate_ssim": 0.9672975540161133,
      "delta_ssim": -0.005129694938659668,
      "filename_param_1": 0.96,
      "filename_param_2": 1.99
    },
    {
      "name": "149_0.8_1.92.png",
      "original_psnr": 32.234596252441406,
      "candidate_psnr": 30.493091583251953,
      "delta_psnr": -1.7415046691894531,
      "original_ssim": 0.990241289138794,
      "candidate_ssim": 0.9874476194381714,
      "delta_ssim": -0.0027936697006225586,
      "filename_param_1": 0.8,
      "filename_param_2": 1.92
    },
    {
      "name": "188_0.91_0.91.png",
      "original_psnr": 33.81010055541992,
      "candidate_psnr": 32.11651611328125,
      "delta_psnr": -1.6935844421386719,
      "original_ssim": 0.9953266978263855,
      "candidate_ssim": 0.9941882491111755,
      "delta_ssim": -0.001138448715209961,
      "filename_param_1": 0.91,
      "filename_param_2": 0.91
    },
    {
      "name": "269_0.97_1.84.png",
      "original_psnr": 27.530441284179688,
      "candidate_psnr": 25.865707397460938,
      "delta_psnr": -1.66473388671875,
      "original_ssim": 0.9845027327537537,
      "candidate_ssim": 0.9820555448532104,
      "delta_ssim": -0.002447187900543213,
      "filename_param_1": 0.97,
      "filename_param_2": 1.84
    },
    {
      "name": "275_0.63_2.0.png",
      "original_psnr": 29.97037696838379,
      "candidate_psnr": 28.45482635498047,
      "delta_psnr": -1.5155506134033203,
      "original_ssim": 0.9899023771286011,
      "candidate_ssim": 0.9869126081466675,
      "delta_ssim": -0.0029897689819335938,
      "filename_param_1": 0.63,
      "filename_param_2": 2.0
    },
    {
      "name": "38_0.87_1.94.png",
      "original_psnr": 31.443872451782227,
      "candidate_psnr": 29.933250427246094,
      "delta_psnr": -1.5106220245361328,
      "original_ssim": 0.9866794347763062,
      "candidate_ssim": 0.9837961196899414,
      "delta_ssim": -0.002883315086364746,
      "filename_param_1": 0.87,
      "filename_param_2": 1.94
    },
    {
      "name": "104_0.91_1.41.png",
      "original_psnr": 25.64177703857422,
      "candidate_psnr": 24.132423400878906,
      "delta_psnr": -1.5093536376953125,