{
  "source_csv": "/root/autodl-tmp/workspace/ConvIR-B-apdr-v0-3-shed-diagnostics/experience_docx/experiment_logs/haze4k_apdr_v0_3_shed_replay_20260603/scout_eval_per_image_apdr_v0_3_shed_fam2_only_seed3407_vs_a0.csv",
  "candidate_name": "safe_expert_fam2_only",
  "overall": {
    "count": 1000,
    "mean_delta_psnr": -0.12591736602783205,
    "median_delta_psnr": -0.0025768280029296875,
    "p5_delta_psnr": -1.0198081016540528,
    "p95_delta_psnr": 0.2743350028991699,
    "positive_delta_count": 304,
    "positive_delta_ratio": 0.304,
    "regression_delta_le_-0.05": 309,
    "regression_delta_le_-0.10": 254,
    "regression_delta_le_-0.20": 204,
    "gain_delta_ge_0.05": 101,
    "gain_delta_ge_0.10": 87,
    "mean_delta_ssim": -0.00044844424724578856,
    "median_delta_ssim": -3.039836883544922e-06,
    "worst_10_mean_delta_psnr": -2.345792770385742,
    "best_10_mean_delta_psnr": 1.6240259170532227
  },
  "difficulty_buckets_by_original_psnr": {
    "hard_bottom_25pct": {
      "original_psnr_range": [
        14.919734954833984,
        29.733125686645508
      ],
      "count": 250,
      "mean_delta_psnr": -0.17583455657958985,
      "median_delta_psnr": -0.041202545166015625,
      "p5_delta_psnr": -1.3236669540405275,
      "p95_delta_psnr": 0.6873787879943861,
      "positive_delta_count": 81,
      "positive_delta_ratio": 0.324,
      "regression_delta_le_-0.05": 123,
      "regression_delta_le_-0.10": 111,
      "regression_delta_le_-0.20": 93,
      "gain_delta_ge_0.05": 60,
      "gain_delta_ge_0.10": 52,
      "mean_delta_ssim": -0.0011138014793395997,
      "median_delta_ssim": -0.00015398859977722168,
      "worst_10_mean_delta_psnr": -1.5833398818969726,
      "best_10_mean_delta_psnr": 1.2860233306884765
    },
    "medium_middle_50pct": {
      "original_psnr_range": [
        29.737844467163086,
        39.08415985107422
      ],
      "count": 500,
      "mean_delta_psnr": -0.16375226974487306,
      "median_delta_psnr": -0.009199142456054688,
      "p5_delta_psnr": -1.0679368019104003,
      "p95_delta_psnr": 0.16847124099731448,
      "positive_delta_count": 133,
      "positive_delta_ratio": 0.266,
      "regression_delta_le_-0.05": 185,
      "regression_delta_le_-0.10": 143,
      "regression_delta_le_-0.20": 111,
      "gain_delta_ge_0.05": 39,
      "gain_delta_ge_0.10": 34,
      "mean_delta_ssim": -0.0003407198190689087,
      "median_delta_ssim": -1.0371208190917969e-05,
      "worst_10_mean_delta_psnr": -2.345792770385742,
      "best_10_mean_delta_psnr": 1.205209732055664
    },
    "easy_top_25pct": {
      "original_psnr_range": [
        39.10456848144531,
        50.026092529296875
      ],
      "count": 250,
      "mean_delta_psnr": -0.0003303680419921875,
      "median_delta_psnr": -7.43865966796875e-05,
      "p5_delta_psnr": -0.011097145080566407,
      "p95_delta_psnr": 0.006715774536132821,
      "positive_delta_count": 90,
      "positive_delta_ratio": 0.36,
      "regression_delta_le_-0.05": 1,
      "regression_delta_le_-0.10": 0,
      "regression_delta_le_-0.20": 0,
      "gain_delta_ge_0.05": 2,
      "gain_delta_ge_0.10": 1,
      "mean_delta_ssim": 1.4641284942626953e-06,
      "median_delta_ssim": -8.940696716308594e-08,
      "worst_10_mean_delta_psnr": -0.03202400207519531,
      "best_10_mean_delta_psnr": 0.04117889404296875
    }
  },
  "filename_parameter_correlations_inferred": {
    "note": "Haze4K filenames look like id_param1_param2.png; this file records correlation only and does not assume the parameter meaning.",
    "param_1_vs_original_psnr": -0.1615068984663337,
    "param_1_vs_delta_psnr": -0.19868998487768424,
    "param_2_vs_original_psnr": -0.32351294811584774,
    "param_2_vs_delta_psnr": -0.22800864249562505
  },
  "worst_regressions": [
    {
      "name": "151_0.86_1.95.png",
      "original_psnr": 31.383935928344727,
      "candidate_psnr": 28.786266326904297,
      "delta_psnr": -2.5976696014404297,
      "original_ssim": 0.9890443682670593,
      "candidate_ssim": 0.9857214689254761,
      "delta_ssim": -0.003322899341583252,
      "filename_param_1": 0.86,
      "filename_param_2": 1.95
    },
    {
      "name": "149_0.8_1.92.png",
      "original_psnr": 32.234596252441406,
      "candidate_psnr": 29.678424835205078,
      "delta_psnr": -2.556171417236328,
      "original_ssim": 0.990241289138794,
      "candidate_ssim": 0.9871622920036316,
      "delta_ssim": -0.0030789971351623535,
      "filename_param_1": 0.8,
      "filename_param_2": 1.92
    },
    {
      "name": "9_0.85_1.67.png",
      "original_psnr": 33.88299560546875,
      "candidate_psnr": 31.329870223999023,
      "delta_psnr": -2.5531253814697266,
      "original_ssim": 0.9937629699707031,
      "candidate_ssim": 0.9928146600723267,
      "delta_ssim": -0.0009483098983764648,
      "filename_param_1": 0.85,
      "filename_param_2": 1.67
    },
    {
      "name": "423_0.81_1.79.png",
      "original_psnr": 31.306804656982422,
      "candidate_psnr": 28.783889770507812,
      "delta_psnr": -2.5229148864746094,
      "original_ssim": 0.9894658923149109,
      "candidate_ssim": 0.9860546588897705,
      "delta_ssim": -0.003411233425140381,
      "filename_param_1": 0.81,
      "filename_param_2": 1.79
    },
    {
      "name": "12_0.75_1.95.png",
      "original_psnr": 32.05001449584961,
      "candidate_psnr": 29.54521942138672,
      "delta_psnr": -2.5047950744628906,
      "original_ssim": 0.9922634959220886,
      "candidate_ssim": 0.9911190867424011,
      "delta_ssim": -0.0011444091796875,
      "filename_param_1": 0.75,
      "filename_param_2": 1.95
    },
    {
      "name": "185_0.79_1.23.png",
      "original_psnr": 33.999107360839844,
      "candidate_psnr": 31.578205108642578,
      "delta_psnr": -2.4209022521972656,
      "original_ssim": 0.9943587183952332,
      "candidate_ssim": 0.9920005202293396,
      "delta_ssim": -0.0023581981658935547,
      "filename_param_1": 0.79,
      "filename_param_2": 1.23
    },
    {
      "name": "424_0.81_1.5.png",
      "original_psnr": 32.65782928466797,
      "candidate_psnr": 30.309059143066406,
      "delta_psnr": -2.3487701416015625,
      "original_ssim": 0.9922198057174683,
      "candidate_ssim": 0.9895787239074707,
      "delta_ssim": -0.0026410818099975586,
      "filename_param_1": 0.81,
      "filename_param_2": 1.5
    },
    {
      "name": "11_0.98_0.72.png",
      "original_psnr": 36.17008590698242,
      "candidate_psnr": 34.15100860595703,
      "delta_psnr": -2.0190773010253906,
      "original_ssim": 0.9977667331695557,
      "candidate_ssim": 0.9975852966308594,
      "delta_ssim": -0.00018143653869628906,
      "filename_param_1": 0.98,
      "filename_param_2": 0.72
    },
    {
      "name": "133_0.67_1.65.png",
      "original_psnr": 35.66893768310547,
      "candidate_psnr": 33.70134353637695,
      "delta_psnr": -1.9675941467285156,
      "original_ssim": 0.9947053790092468,
      "candidate_ssim": 0.9930444955825806,
      "delta_ssim": -0.0016608834266662598,
      "filename_param_1": 0.67,
      "filename_param_2": 1.65
    },
    {
      "name": "122_0.94_1.72.png",
      "original_psnr": 29.859432220458984,
      "candidate_psnr": 27.89252471923828,
      "delta_psnr": -1.9669075012207031,
      "original_ssim": 0.9830266833305359,
      "candidate_ssim": 0.9792242050170898,
      "delta_ssim": -0.003802478313446045,
      "filename_param_1": 0.94,
      "filename_param_2": 1.72
    },
    {
      "name": "188_0.91_0.91.png",
      "original_psnr": 33.81010055541992,
      "candidate_psnr": 31.889442443847656,
      "delta_psnr": -1.9206581115722656,
      "original_ssim": 0.9953266978263855,
      "candidate_ssim": 0.9939684867858887,
      "delta_ssim": -0.0013582110404968262,
      "filename_param_1": 0.91,
      "filename_param_2": 0.91
    },
    {
      "name": "10_0.6_1.67.png",
      "original_psnr": 35.12403106689453,
      "candidate_psnr": 33.20918273925781,
      "delta_psnr": -1.9148483276367188,