{
  "source_csv": "/root/autodl-tmp/workspace/ConvIR-B-apdr-v0-3-shed-diagnostics/experience_docx/experiment_logs/haze4k_apdr_v0_3_shed_replay_20260603/scout_eval_per_image_apdr_v0_3_shed_fam2_conf_gated_seed3407_vs_a0.csv",
  "candidate_name": "safe_expert_fam2_conf_gated",
  "overall": {
    "count": 1000,
    "mean_delta_psnr": -0.13647399520874023,
    "median_delta_psnr": -0.003208160400390625,
    "p5_delta_psnr": -1.0992226600646973,
    "p95_delta_psnr": 0.19203109741210936,
    "positive_delta_count": 307,
    "positive_delta_ratio": 0.307,
    "regression_delta_le_-0.05": 313,
    "regression_delta_le_-0.10": 264,
    "regression_delta_le_-0.20": 203,
    "gain_delta_ge_0.05": 85,
    "gain_delta_ge_0.10": 67,
    "mean_delta_ssim": -0.00041907334327697754,
    "median_delta_ssim": -3.069639205932617e-06,
    "worst_10_mean_delta_psnr": -2.2036781311035156,
    "best_10_mean_delta_psnr": 1.0694805145263673
  },
  "difficulty_buckets_by_original_psnr": {
    "hard_bottom_25pct": {
      "original_psnr_range": [
        14.919734954833984,
        29.733125686645508
      ],
      "count": 250,
      "mean_delta_psnr": -0.1913160400390625,
      "median_delta_psnr": -0.05410957336425781,
      "p5_delta_psnr": -1.353755283355713,
      "p95_delta_psnr": 0.5334465980529786,
      "positive_delta_count": 75,
      "positive_delta_ratio": 0.3,
      "regression_delta_le_-0.05": 126,
      "regression_delta_le_-0.10": 105,
      "regression_delta_le_-0.20": 86,
      "gain_delta_ge_0.05": 53,
      "gain_delta_ge_0.10": 49,
      "mean_delta_ssim": -0.001015709161758423,
      "median_delta_ssim": -0.00019124150276184082,
      "worst_10_mean_delta_psnr": -1.579087257385254,
      "best_10_mean_delta_psnr": 0.8494623184204102
    },
    "medium_middle_50pct": {
      "original_psnr_range": [
        29.737844467163086,
        39.08415985107422
      ],
      "count": 500,
      "mean_delta_psnr": -0.1774853744506836,
      "median_delta_psnr": -0.011602401733398438,
      "p5_delta_psnr": -1.1864973068237306,
      "p95_delta_psnr": 0.06750440597534184,
      "positive_delta_count": 128,
      "positive_delta_ratio": 0.256,
      "regression_delta_le_-0.05": 185,
      "regression_delta_le_-0.10": 159,
      "regression_delta_le_-0.20": 117,
      "gain_delta_ge_0.05": 30,
      "gain_delta_ge_0.10": 17,
      "mean_delta_ssim": -0.0003310211896896362,
      "median_delta_ssim": -1.3053417205810547e-05,
      "worst_10_mean_delta_psnr": -2.2036781311035156,
      "best_10_mean_delta_psnr": 0.8473487854003906
    },
    "easy_top_25pct": {
      "original_psnr_range": [
        39.10456848144531,
        50.026092529296875
      ],
      "count": 250,
      "mean_delta_psnr": 0.00039080810546875,
      "median_delta_psnr": -1.9073486328125e-05,
      "p5_delta_psnr": -0.012367630004882814,
      "p95_delta_psnr": 0.010304260253906265,
      "positive_delta_count": 104,
      "positive_delta_ratio": 0.416,
      "regression_delta_le_-0.05": 2,
      "regression_delta_le_-0.10": 0,
      "regression_delta_le_-0.20": 0,
      "gain_delta_ge_0.05": 2,
      "gain_delta_ge_0.10": 1,
      "mean_delta_ssim": 1.4581680297851562e-06,
      "median_delta_ssim": -5.960464477539063e-08,
      "worst_10_mean_delta_psnr": -0.03426666259765625,
      "best_10_mean_delta_psnr": 0.054657363891601564
    }
  },
  "filename_parameter_correlations_inferred": {
    "note": "Haze4K filenames look like id_param1_param2.png; this file records correlation only and does not assume the parameter meaning.",
    "param_1_vs_original_psnr": -0.1615068984663337,
    "param_1_vs_delta_psnr": -0.20353930964348677,
    "param_2_vs_original_psnr": -0.32351294811584774,
    "param_2_vs_delta_psnr": -0.2654039436457949
  },
  "worst_regressions": [
    {
      "name": "423_0.81_1.79.png",
      "original_psnr": 31.306804656982422,
      "candidate_psnr": 28.832202911376953,
      "delta_psnr": -2.4746017456054688,
      "original_ssim": 0.9894658923149109,
      "candidate_ssim": 0.9861592650413513,
      "delta_ssim": -0.0033066272735595703,
      "filename_param_1": 0.81,
      "filename_param_2": 1.79
    },
    {
      "name": "9_0.85_1.67.png",
      "original_psnr": 33.88299560546875,
      "candidate_psnr": 31.459665298461914,
      "delta_psnr": -2.423330307006836,
      "original_ssim": 0.9937629699707031,
      "candidate_ssim": 0.9922276735305786,
      "delta_ssim": -0.0015352964401245117,
      "filename_param_1": 0.85,
      "filename_param_2": 1.67
    },
    {
      "name": "149_0.8_1.92.png",
      "original_psnr": 32.234596252441406,
      "candidate_psnr": 29.820785522460938,
      "delta_psnr": -2.4138107299804688,
      "original_ssim": 0.990241289138794,
      "candidate_ssim": 0.9874110221862793,
      "delta_ssim": -0.0028302669525146484,
      "filename_param_1": 0.8,
      "filename_param_2": 1.92
    },
    {
      "name": "151_0.86_1.95.png",
      "original_psnr": 31.383935928344727,
      "candidate_psnr": 28.982128143310547,
      "delta_psnr": -2.4018077850341797,
      "original_ssim": 0.9890443682670593,
      "candidate_ssim": 0.986236035823822,
      "delta_ssim": -0.0028083324432373047,
      "filename_param_1": 0.86,
      "filename_param_2": 1.95
    },
    {
      "name": "424_0.81_1.5.png",
      "original_psnr": 32.65782928466797,
      "candidate_psnr": 30.377199172973633,
      "delta_psnr": -2.280630111694336,
      "original_ssim": 0.9922198057174683,
      "candidate_ssim": 0.989810585975647,
      "delta_ssim": -0.002409219741821289,
      "filename_param_1": 0.81,
      "filename_param_2": 1.5
    },
    {
      "name": "185_0.79_1.23.png",
      "original_psnr": 33.999107360839844,
      "candidate_psnr": 31.81248664855957,
      "delta_psnr": -2.1866207122802734,
      "original_ssim": 0.9943587183952332,
      "candidate_ssim": 0.9923746585845947,
      "delta_ssim": -0.0019840598106384277,
      "filename_param_1": 0.79,
      "filename_param_2": 1.23
    },
    {
      "name": "133_0.67_1.65.png",
      "original_psnr": 35.66893768310547,
      "candidate_psnr": 33.50422286987305,
      "delta_psnr": -2.164714813232422,
      "original_ssim": 0.9947053790092468,
      "candidate_ssim": 0.9929710626602173,
      "delta_ssim": -0.001734316349029541,
      "filename_param_1": 0.67,
      "filename_param_2": 1.65
    },
    {
      "name": "12_0.75_1.95.png",
      "original_psnr": 32.05001449584961,
      "candidate_psnr": 30.104276657104492,
      "delta_psnr": -1.9457378387451172,
      "original_ssim": 0.9922634959220886,
      "candidate_ssim": 0.9901336431503296,
      "delta_ssim": -0.002129852771759033,
      "filename_param_1": 0.75,
      "filename_param_2": 1.95
    },
    {
      "name": "122_0.94_1.72.png",
      "original_psnr": 29.859432220458984,
      "candidate_psnr": 27.946247100830078,
      "delta_psnr": -1.9131851196289062,
      "original_ssim": 0.9830266833305359,
      "candidate_ssim": 0.9800385236740112,
      "delta_ssim": -0.002988159656524658,
      "filename_param_1": 0.94,
      "filename_param_2": 1.72
    },
    {
      "name": "188_0.91_0.91.png",
      "original_psnr": 33.81010055541992,
      "candidate_psnr": 31.977758407592773,
      "delta_psnr": -1.8323421478271484,
      "original_ssim": 0.9953266978263855,
      "candidate_ssim": 0.9941335916519165,
      "delta_ssim": -0.0011931061744689941,
      "filename_param_1": 0.91,
      "filename_param_2": 0.91
    },
    {
      "name": "372_0.98_1.7.png",
      "original_psnr": 27.065288543701172,
      "candidate_psnr": 25.234661102294922,
      "delta_psnr": -1.83062744140625,
      "original_ssim": 0.9834983348846436,
      "candidate_ssim": 0.9781228303909302,
      "delta_ssim": -0.005375504493713379,
      "filename_param_1": 0.98,
      "filename_param_2": 1.7
    },
    {
      "name": "350_0.84_1.87.png",
      "original_psnr": 31.240577697753906,
      "candidate_psnr": 29.417306900024414,
      "delta_psnr": -1.8232707977294922,