{
  "source_csv": "/root/autodl-tmp/workspace/ConvIR-B-apdr-v0-3-shed-diagnostics/experience_docx/experiment_logs/haze4k_apdr_v0_3_shed_replay_20260603/scout_eval_per_image_apdr_v0_3_shed_pfd_b1_seed3407_vs_a0.csv",
  "candidate_name": "safe_expert_pfd_b1",
  "overall": {
    "count": 1000,
    "mean_delta_psnr": 0.0006135339736938476,
    "median_delta_psnr": -1.33514404296875e-05,
    "p5_delta_psnr": -0.18044567108154297,
    "p95_delta_psnr": 0.16851215362548788,
    "positive_delta_count": 455,
    "positive_delta_ratio": 0.455,
    "regression_delta_le_-0.05": 128,
    "regression_delta_le_-0.10": 79,
    "regression_delta_le_-0.20": 48,
    "gain_delta_ge_0.05": 128,
    "gain_delta_ge_0.10": 72,
    "mean_delta_ssim": -2.8575897216796874e-05,
    "median_delta_ssim": 0.0,
    "worst_10_mean_delta_psnr": -0.51064453125,
    "best_10_mean_delta_psnr": 0.6534086227416992
  },
  "difficulty_buckets_by_original_psnr": {
    "hard_bottom_25pct": {
      "original_psnr_range": [
        14.919734954833984,
        29.733125686645508
      ],
      "count": 250,
      "mean_delta_psnr": 0.007085010528564453,
      "median_delta_psnr": -0.0005092620849609375,
      "p5_delta_psnr": -0.2982684135437012,
      "p95_delta_psnr": 0.33758497238159196,
      "positive_delta_count": 121,
      "positive_delta_ratio": 0.484,
      "regression_delta_le_-0.05": 64,
      "regression_delta_le_-0.10": 39,
      "regression_delta_le_-0.20": 24,
      "gain_delta_ge_0.05": 67,
      "gain_delta_ge_0.10": 41,
      "mean_delta_ssim": -0.00011589431762695313,
      "median_delta_ssim": -1.3113021850585938e-05,
      "worst_10_mean_delta_psnr": -0.4625410079956055,
      "best_10_mean_delta_psnr": 0.5472148895263672
    },
    "medium_middle_50pct": {
      "original_psnr_range": [
        29.737844467163086,
        39.08415985107422
      ],
      "count": 500,
      "mean_delta_psnr": -0.0023207321166992187,
      "median_delta_psnr": -2.6702880859375e-05,
      "p5_delta_psnr": -0.16514663696289064,
      "p95_delta_psnr": 0.12936029434204113,
      "positive_delta_count": 239,
      "positive_delta_ratio": 0.478,
      "regression_delta_le_-0.05": 64,
      "regression_delta_le_-0.10": 40,
      "regression_delta_le_-0.20": 24,
      "gain_delta_ge_0.05": 60,
      "gain_delta_ge_0.10": 31,
      "mean_delta_ssim": 7.042884826660157e-07,
      "median_delta_ssim": 1.1920928955078125e-07,
      "worst_10_mean_delta_psnr": -0.41251487731933595,
      "best_10_mean_delta_psnr": 0.47631683349609377
    },
    "easy_top_25pct": {
      "original_psnr_range": [
        39.10456848144531,
        50.026092529296875
      ],
      "count": 250,
      "mean_delta_psnr": 1.0589599609375e-05,
      "median_delta_psnr": -7.62939453125e-06,
      "p5_delta_psnr": -0.004586601257324218,
      "p95_delta_psnr": 0.002161026000976563,
      "positive_delta_count": 95,
      "positive_delta_ratio": 0.38,
      "regression_delta_le_-0.05": 0,
      "regression_delta_le_-0.10": 0,
      "regression_delta_le_-0.20": 0,
      "gain_delta_ge_0.05": 1,
      "gain_delta_ge_0.10": 0,
      "mean_delta_ssim": 1.8215179443359375e-07,
      "median_delta_ssim": 0.0,
      "worst_10_mean_delta_psnr": -0.008909988403320312,
      "best_10_mean_delta_psnr": 0.013529586791992187
    }
  },
  "filename_parameter_correlations_inferred": {
    "note": "Haze4K filenames look like id_param1_param2.png; this file records correlation only and does not assume the parameter meaning.",
    "param_1_vs_original_psnr": -0.1615068984663337,
    "param_1_vs_delta_psnr": 0.10742993271522955,
    "param_2_vs_original_psnr": -0.32351294811584774,
    "param_2_vs_delta_psnr": 0.06807833194254423
  },
  "worst_regressions": [
    {
      "name": "400_0.77_1.32.png",
      "original_psnr": 28.772457122802734,
      "candidate_psnr": 28.14641571044922,
      "delta_psnr": -0.6260414123535156,
      "original_ssim": 0.9774348735809326,
      "candidate_ssim": 0.9748173952102661,
      "delta_ssim": -0.002617478370666504,
      "filename_param_1": 0.77,
      "filename_param_2": 1.32
    },
    {
      "name": "469_0.96_1.99.png",
      "original_psnr": 28.767562866210938,
      "candidate_psnr": 28.148418426513672,
      "delta_psnr": -0.6191444396972656,
      "original_ssim": 0.972427248954773,
      "candidate_ssim": 0.97136390209198,
      "delta_ssim": -0.0010633468627929688,
      "filename_param_1": 0.96,
      "filename_param_2": 1.99
    },
    {
      "name": "183_0.86_1.21.png",
      "original_psnr": 29.733125686645508,
      "candidate_psnr": 29.171733856201172,
      "delta_psnr": -0.5613918304443359,
      "original_ssim": 0.9940771460533142,
      "candidate_ssim": 0.9939255118370056,
      "delta_ssim": -0.00015163421630859375,
      "filename_param_1": 0.86,
      "filename_param_2": 1.21
    },
    {
      "name": "182_0.89_1.0.png",
      "original_psnr": 30.589189529418945,
      "candidate_psnr": 30.0450439453125,
      "delta_psnr": -0.5441455841064453,
      "original_ssim": 0.9949678182601929,
      "candidate_ssim": 0.9948254823684692,
      "delta_ssim": -0.0001423358917236328,
      "filename_param_1": 0.89,
      "filename_param_2": 1.0
    },
    {
      "name": "181_0.82_0.77.png",
      "original_psnr": 30.268449783325195,
      "candidate_psnr": 29.77747917175293,
      "delta_psnr": -0.4909706115722656,
      "original_ssim": 0.9961373209953308,
      "candidate_ssim": 0.9960071444511414,
      "delta_ssim": -0.00013017654418945312,
      "filename_param_1": 0.82,
      "filename_param_2": 0.77
    },
    {
      "name": "184_0.83_0.77.png",
      "original_psnr": 30.091495513916016,
      "candidate_psnr": 29.60700798034668,
      "delta_psnr": -0.48448753356933594,
      "original_ssim": 0.9961816668510437,
      "candidate_ssim": 0.9960519671440125,
      "delta_ssim": -0.00012969970703125,
      "filename_param_1": 0.83,
      "filename_param_2": 0.77
    },
    {
      "name": "245_0.99_1.32.png",
      "original_psnr": 32.90371322631836,
      "candidate_psnr": 32.4515380859375,
      "delta_psnr": -0.4521751403808594,
      "original_ssim": 0.9876096248626709,
      "candidate_ssim": 0.9868844747543335,
      "delta_ssim": -0.0007251501083374023,
      "filename_param_1": 0.99,
      "filename_param_2": 1.32
    },
    {
      "name": "94_0.95_1.64.png",
      "original_psnr": 28.66903305053711,
      "candidate_psnr": 28.221195220947266,
      "delta_psnr": -0.44783782958984375,
      "original_ssim": 0.9662678241729736,
      "candidate_ssim": 0.9638994932174683,
      "delta_ssim": -0.002368330955505371,
      "filename_param_1": 0.95,
      "filename_param_2": 1.64
    },
    {
      "name": "398_0.78_1.13.png",
      "original_psnr": 28.50335693359375,
      "candidate_psnr": 28.058584213256836,
      "delta_psnr": -0.44477272033691406,
      "original_ssim": 0.9786953926086426,
      "candidate_ssim": 0.9770526885986328,
      "delta_ssim": -0.0016427040100097656,
      "filename_param_1": 0.78,
      "filename_param_2": 1.13
    },
    {
      "name": "102_0.67_1.36.png",
      "original_psnr": 24.432117462158203,
      "candidate_psnr": 23.996639251708984,
      "delta_psnr": -0.43547821044921875,
      "original_ssim": 0.9706735014915466,
      "candidate_ssim": 0.9692251086235046,
      "delta_ssim": -0.0014483928680419922,
      "filename_param_1": 0.67,
      "filename_param_2": 1.36
    },
    {
      "name": "470_0.53_1.34.png",
      "original_psnr": 34.07830047607422,
      "candidate_psnr": 33.68547058105469,
      "delta_psnr": -0.39282989501953125,
      "original_ssim": 0.993139386177063,
      "candidate_ssim": 0.9929182529449463,
      "delta_ssim": -0.00022113323211669922,
      "filename_param_1": 0.53,
      "filename_param_2": 1.34
    },
    {
      "name": "685_0.95_1.13.png",
      "original_psnr": 37.12479782104492,
      "candidate_psnr": 36.73486328125,
      "delta_psnr": -0.3899345397949219,
      "original_ssim": 0.9946670532226562,