{
  "runs": {
    "a0": {
      "label": "a0",
      "arch": "convir",
      "mode": "original",
      "checkpoint": "/root/autodl-tmp/workspace/ConvIR-B/Dehazing/pretrained_models/haze4k-base.pkl",
      "count": 300,
      "mean_psnr": 34.24652523676554,
      "mean_ssim": 0.9936463145414988,
      "avg_time_sec_sync": 0.06283199548721313,
      "median_time_sec_sync": 0.06321752071380615,
      "peak_cuda_mem_mib": 536.22607421875
    },
    "v18_seed777_model_15_val_hard": {
      "label": "v18_seed777_model_15_val_hard",
      "arch": "dpga",
      "mode": "model_15",
      "checkpoint": "/root/autodl-tmp/workspace/ConvIR-B-v1-8-execution-queue/Dehazing/ITS/results/ConvIR-Haze4K-v1.8-BiDPFM1-fusion-neighbor-seed777-20260606/Training-Results/model_15.pkl",
      "count": 300,
      "mean_psnr": 31.000757745107016,
      "mean_ssim": 0.9863427740335464,
      "avg_time_sec_sync": 0.06371225039164226,
      "median_time_sec_sync": 0.06611967086791992,
      "peak_cuda_mem_mib": 1147.46435546875
    }
  },
  "comparison": {
    "common_count": 300,
    "mean_psnr_delta": -3.245767491658529,
    "median_psnr_delta": -3.324594497680664,
    "p5_psnr_delta": -6.491384124755859,
    "p95_psnr_delta": 0.4006913185119645,
    "hard_bottom25_psnr_delta": -2.7865501912434896,
    "easy_top25_psnr_delta": -3.9514063517252604,
    "worst10pct_mean_psnr_delta": -6.881113815307617,
    "best10pct_mean_psnr_delta": 0.9275993347167969,
    "worst10img_mean_psnr_delta": -8.26087646484375,
    "best10img_mean_psnr_delta": 2.981082534790039,
    "worst10_mean_psnr_delta": -6.881113815307617,
    "best10_mean_psnr_delta": 0.9275993347167969,
    "mean_ssim_delta": -0.007303540507952372,
    "positive_ratio": 0.06,
    "strong_reference_cut_psnr": 36.437724113464355,
    "strong_reference_count": 75,
    "strong_regression_count_delta_le_-0.05": 71,
    "worst_regression_count_delta_le_-0.20": 281
  }
}