{
  "runs": {
    "a0": {
      "label": "a0",
      "arch": "convir",
      "mode": "original",
      "checkpoint": "/root/autodl-tmp/workspace/ConvIR-B/Dehazing/pretrained_models/haze4k-base.pkl",
      "count": 300,
      "mean_psnr": 34.24652523676554,
      "mean_ssim": 0.9936463177204132,
      "avg_time_sec_sync": 0.062111543814341225,
      "median_time_sec_sync": 0.06330382823944092,
      "peak_cuda_mem_mib": 536.22607421875
    },
    "v18_seed777_model_20_val_hard": {
      "label": "v18_seed777_model_20_val_hard",
      "arch": "dpga",
      "mode": "model_20",
      "checkpoint": "/root/autodl-tmp/workspace/ConvIR-B-v1-8-execution-queue/Dehazing/ITS/results/ConvIR-Haze4K-v1.8-BiDPFM1-fusion-neighbor-seed777-20260606/Training-Results/model_20.pkl",
      "count": 300,
      "mean_psnr": 29.56996905008952,
      "mean_ssim": 0.9818981023629506,
      "avg_time_sec_sync": 0.06509381055831909,
      "median_time_sec_sync": 0.06951010227203369,
      "peak_cuda_mem_mib": 1147.46435546875
    }
  },
  "comparison": {
    "common_count": 300,
    "mean_psnr_delta": -4.6765561866760255,
    "median_psnr_delta": -4.760313034057617,
    "p5_psnr_delta": -8.4118821144104,
    "p95_psnr_delta": -1.043654251098632,
    "hard_bottom25_psnr_delta": -3.9746317036946617,
    "easy_top25_psnr_delta": -5.620515569051107,
    "worst10pct_mean_psnr_delta": -8.690976778666178,
    "best10pct_mean_psnr_delta": -0.5314801534016927,
    "worst10img_mean_psnr_delta": -10.033535575866699,
    "best10img_mean_psnr_delta": 1.083257293701172,
    "worst10_mean_psnr_delta": -8.690976778666178,
    "best10_mean_psnr_delta": -0.5314801534016927,
    "mean_ssim_delta": -0.011748215357462566,
    "positive_ratio": 0.03333333333333333,
    "strong_reference_cut_psnr": 36.437724113464355,
    "strong_reference_count": 75,
    "strong_regression_count_delta_le_-0.05": 71,
    "worst_regression_count_delta_le_-0.20": 287
  }
}