{
  "runs": {
    "A0": {
      "label": "A0",
      "arch": "convir",
      "mode": "original",
      "checkpoint": "/root/autodl-tmp/workspace/ConvIR-B/Dehazing/pretrained_models/haze4k-base.pkl",
      "count": 300,
      "mean_psnr": 39.38530818939209,
      "mean_ssim": 0.9956096609433492,
      "avg_time_sec_sync": 0.051175800959269206,
      "median_time_sec_sync": 0.040496110916137695,
      "peak_cuda_mem_mib": 535.56884765625
    },
    "dpga_v1_1_best": {
      "label": "dpga_v1_1_best",
      "arch": "dpga",
      "mode": "original",
      "checkpoint": "/root/autodl-tmp/workspace/ConvIR-B-dpga-tail-control/Dehazing/ITS/results/ConvIR-Haze4K-DPGA-v1.1-tail-control-shallow-scale0p25-seed3407-20260604/Training-Results/Best.pkl",
      "count": 300,
      "mean_psnr": 39.422344309488935,
      "mean_ssim": 0.9956158832708994,
      "avg_time_sec_sync": 0.0520857048034668,
      "median_time_sec_sync": 0.04554617404937744,
      "peak_cuda_mem_mib": 546.4482421875
    }
  },
  "comparison": {
    "common_count": 300,
    "mean_psnr_delta": 0.03703612009684245,
    "median_psnr_delta": 0.023395538330078125,
    "p5_psnr_delta": -0.16250267028808593,
    "p95_psnr_delta": 0.2581474304199219,
    "hard_bottom25_psnr_delta": 0.02336690266927083,
    "easy_top25_psnr_delta": 0.05817774454752604,
    "worst10pct_mean_psnr_delta": -0.17860438028971354,
    "best10pct_mean_psnr_delta": 0.2682281494140625,
    "worst10img_mean_psnr_delta": -0.24286384582519532,
    "best10img_mean_psnr_delta": 0.3187370300292969,
    "worst10_mean_psnr_delta": -0.17860438028971354,
    "best10_mean_psnr_delta": 0.2682281494140625,
    "mean_ssim_delta": 6.2223275502522785e-06,
    "positive_ratio": 0.6233333333333333,
    "strong_reference_cut_psnr": 42.75029373168945,
    "strong_reference_count": 75,
    "strong_regression_count_delta_le_-0.05": 12,
    "worst_regression_count_delta_le_-0.20": 9
  }
}