{
  "runs": {
    "a0": {
      "label": "a0",
      "arch": "convir",
      "mode": "original",
      "checkpoint": "/root/autodl-tmp/workspace/ConvIR-B/Dehazing/pretrained_models/haze4k-base.pkl",
      "count": 300,
      "mean_psnr": 34.24652522404988,
      "mean_ssim": 0.993646316130956,
      "avg_time_sec_sync": 0.02770704428354899,
      "median_time_sec_sync": 0.023934483528137207,
      "peak_cuda_mem_mib": 536.22607421875
    },
    "v18_seed4242_best_val_hard": {
      "label": "v18_seed4242_best_val_hard",
      "arch": "dpga",
      "mode": "Best",
      "checkpoint": "/root/autodl-tmp/workspace/ConvIR-B-v1-8-execution-queue/Dehazing/ITS/results/ConvIR-Haze4K-v1.8-BiDPFM1-fusion-neighbor-seed4242-20260606/Training-Results/Best.pkl",
      "count": 300,
      "mean_psnr": 34.145675837198894,
      "mean_ssim": 0.9934911056359609,
      "avg_time_sec_sync": 0.032982602914174396,
      "median_time_sec_sync": 0.031108736991882324,
      "peak_cuda_mem_mib": 1147.46435546875
    }
  },
  "comparison": {
    "common_count": 300,
    "mean_psnr_delta": -0.10084938685099284,
    "median_psnr_delta": -0.13392066955566406,
    "p5_psnr_delta": -0.4036489486694336,
    "p95_psnr_delta": 0.26470432281494144,
    "hard_bottom25_psnr_delta": -0.12353604634602865,
    "easy_top25_psnr_delta": -0.032416127522786456,
    "worst10pct_mean_psnr_delta": -0.45555858612060546,
    "best10pct_mean_psnr_delta": 0.3220514933268229,
    "worst10img_mean_psnr_delta": -0.5967350006103516,
    "best10img_mean_psnr_delta": 0.48614044189453126,
    "worst10_mean_psnr_delta": -0.45555858612060546,
    "best10_mean_psnr_delta": 0.3220514933268229,
    "mean_ssim_delta": -0.0001552104949951172,
    "positive_ratio": 0.26,
    "strong_reference_cut_psnr": 36.437724113464355,
    "strong_reference_count": 75,
    "strong_regression_count_delta_le_-0.05": 42,
    "worst_regression_count_delta_le_-0.20": 88
  }
}