{
  "runs": {
    "a0": {
      "label": "a0",
      "arch": "convir",
      "mode": "original",
      "checkpoint": "/root/autodl-tmp/workspace/ConvIR-B/Dehazing/pretrained_models/haze4k-base.pkl",
      "count": 300,
      "mean_psnr": 34.24652523676554,
      "mean_ssim": 0.9936463167270024,
      "avg_time_sec_sync": 0.02731716553370158,
      "median_time_sec_sync": 0.022452712059020996,
      "peak_cuda_mem_mib": 536.22607421875
    },
    "v18_seed4242_model_15_val_hard": {
      "label": "v18_seed4242_model_15_val_hard",
      "arch": "dpga",
      "mode": "model_15",
      "checkpoint": "/root/autodl-tmp/workspace/ConvIR-B-v1-8-execution-queue/Dehazing/ITS/results/ConvIR-Haze4K-v1.8-BiDPFM1-fusion-neighbor-seed4242-20260606/Training-Results/model_15.pkl",
      "count": 300,
      "mean_psnr": 31.05428544362386,
      "mean_ssim": 0.9864290692408879,
      "avg_time_sec_sync": 0.03212897539138794,
      "median_time_sec_sync": 0.028853774070739746,
      "peak_cuda_mem_mib": 1147.46435546875
    }
  },
  "comparison": {
    "common_count": 300,
    "mean_psnr_delta": -3.192239793141683,
    "median_psnr_delta": -3.328126907348633,
    "p5_psnr_delta": -6.423609828948974,
    "p95_psnr_delta": 0.4819725036621111,
    "hard_bottom25_psnr_delta": -2.7515914154052736,
    "easy_top25_psnr_delta": -3.8722300211588543,
    "worst10pct_mean_psnr_delta": -6.755237579345703,
    "best10pct_mean_psnr_delta": 0.931419563293457,
    "worst10img_mean_psnr_delta": -7.9966075897216795,
    "best10img_mean_psnr_delta": 2.950403594970703,
    "worst10_mean_psnr_delta": -6.755237579345703,
    "best10_mean_psnr_delta": 0.931419563293457,
    "mean_ssim_delta": -0.007217247486114502,
    "positive_ratio": 0.056666666666666664,
    "strong_reference_cut_psnr": 36.437724113464355,
    "strong_reference_count": 75,
    "strong_regression_count_delta_le_-0.05": 71,
    "worst_regression_count_delta_le_-0.20": 280
  }
}