{
  "runs": {
    "a0": {
      "label": "a0",
      "arch": "convir",
      "mode": "original",
      "checkpoint": "/root/autodl-tmp/workspace/ConvIR-B/Dehazing/pretrained_models/haze4k-base.pkl",
      "count": 300,
      "mean_psnr": 39.469193382263185,
      "mean_ssim": 0.995602769056956,
      "avg_time_sec_sync": 0.028853542804718017,
      "median_time_sec_sync": 0.030039668083190918,
      "peak_cuda_mem_mib": 535.27294921875
    },
    "v18_seed4242_model_20_val_regular": {
      "label": "v18_seed4242_model_20_val_regular",
      "arch": "dpga",
      "mode": "model_20",
      "checkpoint": "/root/autodl-tmp/workspace/ConvIR-B-v1-8-execution-queue/Dehazing/ITS/results/ConvIR-Haze4K-v1.8-BiDPFM1-fusion-neighbor-seed4242-20260606/Training-Results/model_20.pkl",
      "count": 300,
      "mean_psnr": 32.111897195180255,
      "mean_ssim": 0.9835551210244496,
      "avg_time_sec_sync": 0.036563800970713295,
      "median_time_sec_sync": 0.04154813289642334,
      "peak_cuda_mem_mib": 1147.56005859375
    }
  },
  "comparison": {
    "common_count": 300,
    "mean_psnr_delta": -7.357296187082927,
    "median_psnr_delta": -7.308414459228516,
    "p5_psnr_delta": -12.33584222793579,
    "p95_psnr_delta": -1.9188037872314447,
    "hard_bottom25_psnr_delta": -4.435271301269531,
    "easy_top25_psnr_delta": -9.740712153116862,
    "worst10pct_mean_psnr_delta": -12.564253362019857,
    "best10pct_mean_psnr_delta": -1.8044249852498373,
    "worst10img_mean_psnr_delta": -13.78579273223877,
    "best10img_mean_psnr_delta": -0.7402791976928711,
    "worst10_mean_psnr_delta": -12.564253362019857,
    "best10_mean_psnr_delta": -1.8044249852498373,
    "mean_ssim_delta": -0.012047648032506308,
    "positive_ratio": 0.006666666666666667,
    "strong_reference_cut_psnr": 42.45430278778076,
    "strong_reference_count": 75,
    "strong_regression_count_delta_le_-0.05": 75,
    "worst_regression_count_delta_le_-0.20": 298
  }
}