{
  "runs": {
    "a0": {
      "label": "a0",
      "arch": "convir",
      "mode": "original",
      "checkpoint": "/root/autodl-tmp/workspace/ConvIR-B/Dehazing/pretrained_models/haze4k-base.pkl",
      "count": 300,
      "mean_psnr": 39.46919344584147,
      "mean_ssim": 0.9956027668714523,
      "avg_time_sec_sync": 0.0287077530225118,
      "median_time_sec_sync": 0.030039310455322266,
      "peak_cuda_mem_mib": 535.27294921875
    },
    "v18_seed4242_model_10_val_regular": {
      "label": "v18_seed4242_model_10_val_regular",
      "arch": "dpga",
      "mode": "model_10",
      "checkpoint": "/root/autodl-tmp/workspace/ConvIR-B-v1-8-execution-queue/Dehazing/ITS/results/ConvIR-Haze4K-v1.8-BiDPFM1-fusion-neighbor-seed4242-20260606/Training-Results/model_10.pkl",
      "count": 300,
      "mean_psnr": 36.25014036178589,
      "mean_ssim": 0.9921362034479777,
      "avg_time_sec_sync": 0.03647306203842163,
      "median_time_sec_sync": 0.04151475429534912,
      "peak_cuda_mem_mib": 1147.56005859375
    }
  },
  "comparison": {
    "common_count": 300,
    "mean_psnr_delta": -3.2190530840555827,
    "median_psnr_delta": -3.162860870361328,
    "p5_psnr_delta": -7.118613624572754,
    "p95_psnr_delta": 0.16244316101074274,
    "hard_bottom25_psnr_delta": -1.802497075398763,
    "easy_top25_psnr_delta": -4.6582786560058596,
    "worst10pct_mean_psnr_delta": -7.132561238606771,
    "best10pct_mean_psnr_delta": 0.42018197377522787,
    "worst10img_mean_psnr_delta": -8.264421272277833,
    "best10img_mean_psnr_delta": 1.6376758575439454,
    "worst10_mean_psnr_delta": -7.132561238606771,
    "best10_mean_psnr_delta": 0.42018197377522787,
    "mean_ssim_delta": -0.0034665634234746297,
    "positive_ratio": 0.056666666666666664,
    "strong_reference_cut_psnr": 42.45430278778076,
    "strong_reference_count": 75,
    "strong_regression_count_delta_le_-0.05": 75,
    "worst_regression_count_delta_le_-0.20": 279
  }
}