{
  "runs": {
    "A0": {
      "label": "A0",
      "arch": "official_convir",
      "mode": "original",
      "checkpoint": "/sda/home/wangyuxin/ConvIR-B/checkpoints/official/Haze4K/haze4k-base.pkl",
      "depth_mode": "none",
      "airlight_mode": "none",
      "count": 600,
      "mean_psnr": 39.75955163955688,
      "mean_ssim": 0.995632650355498,
      "avg_time_sec_sync": 0.040974451700846355,
      "median_time_sec_sync": 0.03943192958831787,
      "peak_cuda_mem_mib": 535.56884765625
    },
    "DTA_v33_v33_routerfusion_d2_lowphys_seed3411_f1_triage5full_gt_normal": {
      "label": "DTA_v33_v33_routerfusion_d2_lowphys_seed3411_f1_triage5full_gt_normal",
      "arch": "dta_v3",
      "mode": "modres",
      "checkpoint": "/sda/home/wangyuxin/ConvIR-B/repos/ConvIR-B-dta-v3-dapc-finetune-v33-routerfusion/Dehazing/ITS/results/ConvIR-Haze4K-DTA-v3-3-RouterFusion-d2_lowphys-seed3411-f1-triage5full/Training-Results/Final.pkl",
      "depth_mode": "normal",
      "airlight_mode": "gt",
      "count": 600,
      "mean_psnr": 39.74864543279012,
      "mean_ssim": 0.9956287108858426,
      "avg_time_sec_sync": 0.04501365343729655,
      "median_time_sec_sync": 0.04533696174621582,
      "peak_cuda_mem_mib": 541.57080078125
    }
  },
  "comparison": {
    "common_count": 600,
    "mean_psnr_delta": -0.010906206766764322,
    "median_psnr_delta": -0.0066432952880859375,
    "p5_psnr_delta": -0.18362140655517578,
    "p95_psnr_delta": 0.16639308929443355,
    "hard_bottom25_psnr_delta": -0.010066274007161459,
    "easy_top25_psnr_delta": 0.007585779825846354,
    "worst10pct_mean_psnr_delta": -0.21405722300211588,
    "best10pct_mean_psnr_delta": 0.18025938669840494,
    "worst10img_mean_psnr_delta": -0.373394775390625,
    "best10img_mean_psnr_delta": 0.2637939453125,
    "worst10_mean_psnr_delta": -0.21405722300211588,
    "best10_mean_psnr_delta": 0.18025938669840494,
    "mean_ssim_delta": -3.939469655354818e-06,
    "positive_ratio": 0.45666666666666667,
    "strong_reference_cut_psnr": 42.834919929504395,
    "strong_reference_count": 150,
    "strong_regression_count_delta_le_-0.05": 38,
    "worst_regression_count_delta_le_-0.20": 25
  }
}
