{
  "runs": {
    "A0": {
      "label": "A0",
      "arch": "official_convir",
      "mode": "original",
      "checkpoint": "/sda/home/wangyuxin/ConvIR-B/checkpoints/official/Haze4K/haze4k-base.pkl",
      "depth_mode": "none",
      "count": 600,
      "mean_psnr": 39.35034857114156,
      "mean_ssim": 0.9957262628277143,
      "avg_time_sec_sync": 0.04187180757522583,
      "median_time_sec_sync": 0.04071009159088135,
      "peak_cuda_mem_mib": 535.95654296875
    },
    "DTA_v3_scout5full_depthDirectTail_wg16_base_s008_b14_seed3407_f0_evalinvert": {
      "label": "DTA_v3_scout5full_depthDirectTail_wg16_base_s008_b14_seed3407_f0_evalinvert",
      "arch": "dta_v3",
      "mode": "modres",
      "checkpoint": "/sda/home/wangyuxin/ConvIR-B/repos/ConvIR-B-dta-v3-dapc-finetune-taillite/Dehazing/ITS/results/ConvIR-Haze4K-DTA-v3-DAPC-DepthDirectTail-wg16_base_s008_b14-seed3407-f0-scout5full/Training-Results/Final.pkl",
      "depth_mode": "invert",
      "count": 600,
      "mean_psnr": 39.37116874694824,
      "mean_ssim": 0.9957017869750658,
      "avg_time_sec_sync": 0.05194862087567647,
      "median_time_sec_sync": 0.051659226417541504,
      "peak_cuda_mem_mib": 540.5224609375
    }
  },
  "comparison": {
    "common_count": 600,
    "mean_psnr_delta": 0.020820175806681315,
    "median_psnr_delta": 0.03081035614013672,
    "p5_psnr_delta": -0.3520069122314453,
    "p95_psnr_delta": 0.38477115631103503,
    "hard_bottom25_psnr_delta": 0.002205823262532552,
    "easy_top25_psnr_delta": 0.04109611511230469,
    "worst10pct_mean_psnr_delta": -0.4045462926228841,
    "best10pct_mean_psnr_delta": 0.4019060770670573,
    "worst10img_mean_psnr_delta": -0.6674793243408204,
    "best10img_mean_psnr_delta": 0.578091812133789,
    "worst10_mean_psnr_delta": -0.4045462926228841,
    "best10_mean_psnr_delta": 0.4019060770670573,
    "mean_ssim_delta": -2.4475852648417154e-05,
    "positive_ratio": 0.6033333333333334,
    "strong_reference_cut_psnr": 42.755948066711426,
    "strong_reference_count": 150,
    "strong_regression_count_delta_le_-0.05": 38,
    "worst_regression_count_delta_le_-0.20": 76
  }
}