{
  "runs": {
    "A0": {
      "label": "A0",
      "arch": "official_convir",
      "mode": "original",
      "checkpoint": "/home/caozhiyang/ConvIR-B/checkpoints/official/Haze4K/haze4k-base.pkl",
      "depth_mode": "none",
      "airlight_mode": "none",
      "count": 600,
      "mean_psnr": 39.75413154284159,
      "mean_ssim": 0.9956292870640755,
      "avg_time_sec_sync": 0.027453078031539915,
      "median_time_sec_sync": 0.027181029319763184,
      "peak_cuda_mem_mib": 535.44482421875
    },
    "DTA_v34_v34_fdf_tsr_e2_tiny_residual_seed3411_f1_quick5full_fallback_train_invert": {
      "label": "DTA_v34_v34_fdf_tsr_e2_tiny_residual_seed3411_f1_quick5full_fallback_train_invert",
      "arch": "dta_v3",
      "mode": "modres",
      "checkpoint": "/home/caozhiyang/ConvIR-B/repos/ConvIR-B-dta-v3-4-fdf-tsr-finetune/Dehazing/ITS/results/ConvIR-Haze4K-DTA-v3-4-FDF-TSR-e2_tiny_residual-seed3411_f1-quick5full/Training-Results/Final.pkl",
      "depth_mode": "invert",
      "airlight_mode": "fallback",
      "count": 600,
      "mean_psnr": 39.811968835194904,
      "mean_ssim": 0.9956420573592186,
      "avg_time_sec_sync": 0.031835686763127646,
      "median_time_sec_sync": 0.035515427589416504,
      "peak_cuda_mem_mib": 543.4326171875
    }
  },
  "comparison": {
    "common_count": 600,
    "mean_psnr_delta": 0.05783729235331218,
    "median_psnr_delta": 0.055568695068359375,
    "p5_psnr_delta": -0.4900327682495117,
    "p95_psnr_delta": 0.6188026428222653,
    "hard_bottom25_psnr_delta": 0.04741616566975911,
    "easy_top25_psnr_delta": 0.04953379313151041,
    "worst10pct_mean_psnr_delta": -0.5270904541015625,
    "best10pct_mean_psnr_delta": 0.686673927307129,
    "worst10img_mean_psnr_delta": -0.8400226593017578,
    "best10img_mean_psnr_delta": 1.0577014923095702,
    "worst10_mean_psnr_delta": -0.5270904541015625,
    "best10_mean_psnr_delta": 0.686673927307129,
    "mean_ssim_delta": 1.2770295143127441e-05,
    "positive_ratio": 0.5616666666666666,
    "strong_reference_cut_psnr": 42.84021854400635,
    "strong_reference_count": 150,
    "strong_regression_count_delta_le_-0.05": 60,
    "worst_regression_count_delta_le_-0.20": 107
  }
}