{
  "runs": {
    "A0": {
      "label": "A0",
      "arch": "official_convir",
      "mode": "original",
      "checkpoint": "/sda/home/wangyuxin/ConvIR-B/checkpoints/official/Haze4K/haze4k-base.pkl",
      "depth_mode": "none",
      "count": 600,
      "mean_psnr": 39.75955163955688,
      "mean_ssim": 0.995632650355498,
      "avg_time_sec_sync": 0.03951503117879232,
      "median_time_sec_sync": 0.03524160385131836,
      "peak_cuda_mem_mib": 535.56884765625
    },
    "DTA_v2_oof20_adapter_only_normal_seed3413_f1_final": {
      "label": "DTA_v2_oof20_adapter_only_normal_seed3413_f1_final",
      "arch": "dta_v2",
      "mode": "original",
      "checkpoint": "/sda/home/wangyuxin/ConvIR-B/repos/ConvIR-B-dta-v2-calibrated/Dehazing/ITS/results/ConvIR-Haze4K-DTA-v2-adapter_only-normal-seed3413-f1-oof20/Training-Results/Final.pkl",
      "depth_mode": "normal",
      "count": 600,
      "mean_psnr": 39.823772509892784,
      "mean_ssim": 0.9956250821550687,
      "avg_time_sec_sync": 0.03792487700780233,
      "median_time_sec_sync": 0.03538930416107178,
      "peak_cuda_mem_mib": 541.05859375
    }
  },
  "comparison": {
    "common_count": 600,
    "mean_psnr_delta": 0.06422087033589681,
    "median_psnr_delta": 0.06288719177246094,
    "p5_psnr_delta": -0.41574802398681643,
    "p95_psnr_delta": 0.4861705780029296,
    "hard_bottom25_psnr_delta": 0.06539483388264974,
    "easy_top25_psnr_delta": 0.02637176513671875,
    "worst10pct_mean_psnr_delta": -0.45582269032796224,
    "best10pct_mean_psnr_delta": 0.5210392316182454,
    "worst10img_mean_psnr_delta": -0.7267284393310547,
    "best10img_mean_psnr_delta": 0.6777935028076172,
    "worst10_mean_psnr_delta": -0.45582269032796224,
    "best10_mean_psnr_delta": 0.5210392316182454,
    "mean_ssim_delta": -7.568200429280599e-06,
    "positive_ratio": 0.6083333333333333,
    "strong_reference_cut_psnr": 42.834919929504395,
    "strong_reference_count": 150,
    "strong_regression_count_delta_le_-0.05": 59,
    "worst_regression_count_delta_le_-0.20": 84
  }
}