{
  "runs": {
    "A0": {
      "label": "A0",
      "arch": "official_convir",
      "mode": "original",
      "checkpoint": "/sda/home/wangyuxin/ConvIR-B/checkpoints/official/Haze4K/haze4k-base.pkl",
      "depth_mode": "none",
      "count": 600,
      "mean_psnr": 39.35034857114156,
      "mean_ssim": 0.9957262628277143,
      "avg_time_sec_sync": 0.04304908275604248,
      "median_time_sec_sync": 0.042313456535339355,
      "peak_cuda_mem_mib": 535.95654296875
    },
    "DTA_v3_scout5full_depthDirectTail_wg16_tail06_s008_b08_seed3407_f0_evalnormal": {
      "label": "DTA_v3_scout5full_depthDirectTail_wg16_tail06_s008_b08_seed3407_f0_evalnormal",
      "arch": "dta_v3",
      "mode": "modres",
      "checkpoint": "/sda/home/wangyuxin/ConvIR-B/repos/ConvIR-B-dta-v3-dapc-finetune-tailguard/Dehazing/ITS/results/ConvIR-Haze4K-DTA-v3-DAPC-DepthDirectTail-wg16_tail06_s008_b08-seed3407-f0-scout5full/Training-Results/Final.pkl",
      "depth_mode": "normal",
      "count": 600,
      "mean_psnr": 39.317646198272705,
      "mean_ssim": 0.9956976304451625,
      "avg_time_sec_sync": 0.05235508879025777,
      "median_time_sec_sync": 0.05340862274169922,
      "peak_cuda_mem_mib": 540.7724609375
    }
  },
  "comparison": {
    "common_count": 600,
    "mean_psnr_delta": -0.03270237286885579,
    "median_psnr_delta": -0.02101421356201172,
    "p5_psnr_delta": -0.21912670135498047,
    "p95_psnr_delta": 0.10563573837280271,
    "hard_bottom25_psnr_delta": -0.03233745574951172,
    "easy_top25_psnr_delta": -0.017103678385416668,
    "worst10pct_mean_psnr_delta": -0.2498606046040853,
    "best10pct_mean_psnr_delta": 0.1314139684041341,
    "worst10img_mean_psnr_delta": -0.44358673095703127,
    "best10img_mean_psnr_delta": 0.24553451538085938,
    "worst10_mean_psnr_delta": -0.2498606046040853,
    "best10_mean_psnr_delta": 0.1314139684041341,
    "mean_ssim_delta": -2.863238255182902e-05,
    "positive_ratio": 0.37833333333333335,
    "strong_reference_cut_psnr": 42.755948066711426,
    "strong_reference_count": 150,
    "strong_regression_count_delta_le_-0.05": 49,
    "worst_regression_count_delta_le_-0.20": 34
  }
}