{
  "runs": {
    "A0": {
      "label": "A0",
      "arch": "official_convir",
      "mode": "original",
      "checkpoint": "/sda/home/wangyuxin/ConvIR-B/checkpoints/official/Haze4K/haze4k-base.pkl",
      "depth_mode": "none",
      "airlight_mode": "none",
      "count": 600,
      "mean_psnr": 39.35034857114156,
      "mean_ssim": 0.9957262628277143,
      "avg_time_sec_sync": 0.05585908730824789,
      "median_time_sec_sync": 0.0477367639541626,
      "peak_cuda_mem_mib": 537.50634765625
    },
    "DTA_v35_v35_fdf_rcs_l5_res015_tail_s004_g025_bm2_seed3411_f0_quick5full_fallback_train_zero": {
      "label": "DTA_v35_v35_fdf_rcs_l5_res015_tail_s004_g025_bm2_seed3411_f0_quick5full_fallback_train_zero",
      "arch": "dta_v3",
      "mode": "modres",
      "checkpoint": "/sda/home/wangyuxin/ConvIR-B/repos/ConvIR-B-dta-v3-5-fdf-rcs-lite/Dehazing/ITS/results/ConvIR-Haze4K-DTA-v3-5-FDF-RCS-l5_res015_tail_s004_g025_bm2-seed3411_f0-quick5full/Training-Results/Final.pkl",
      "depth_mode": "zero",
      "airlight_mode": "fallback",
      "count": 600,
      "mean_psnr": 39.38218747138977,
      "mean_ssim": 0.9957172212998072,
      "avg_time_sec_sync": 0.05540311654408773,
      "median_time_sec_sync": 0.053595662117004395,
      "peak_cuda_mem_mib": 603.56201171875
    }
  },
  "comparison": {
    "common_count": 600,
    "mean_psnr_delta": 0.03183890024820964,
    "median_psnr_delta": 0.029012680053710938,
    "p5_psnr_delta": -0.2541193008422852,
    "p95_psnr_delta": 0.309672164916992,
    "hard_bottom25_psnr_delta": 0.02704472859700521,
    "easy_top25_psnr_delta": 0.015480728149414062,
    "worst10pct_mean_psnr_delta": -0.28371143341064453,
    "best10pct_mean_psnr_delta": 0.32717170715332033,
    "worst10img_mean_psnr_delta": -0.4690700531005859,
    "best10img_mean_psnr_delta": 0.4672813415527344,
    "worst10_mean_psnr_delta": -0.28371143341064453,
    "best10_mean_psnr_delta": 0.32717170715332033,
    "mean_ssim_delta": -9.04152790705363e-06,
    "positive_ratio": 0.605,
    "strong_reference_cut_psnr": 42.755948066711426,
    "strong_reference_count": 150,
    "strong_regression_count_delta_le_-0.05": 41,
    "worst_regression_count_delta_le_-0.20": 49
  }
}