{
  "runs": {
    "a0": {
      "label": "a0",
      "arch": "convir",
      "mode": "original",
      "checkpoint": "/root/autodl-tmp/workspace/ConvIR-B/Dehazing/pretrained_models/haze4k-base.pkl",
      "count": 300,
      "mean_psnr": 34.24652522404988,
      "mean_ssim": 0.993646317521731,
      "avg_time_sec_sync": 0.028651840686798095,
      "median_time_sec_sync": 0.026813507080078125,
      "peak_cuda_mem_mib": 536.22607421875
    },
    "v18_seed2026_best_val_hard": {
      "label": "v18_seed2026_best_val_hard",
      "arch": "dpga",
      "mode": "Best",
      "checkpoint": "/root/autodl-tmp/workspace/ConvIR-B-v1-8-execution-queue/Dehazing/ITS/results/ConvIR-Haze4K-v1.8-BiDPFM1-fusion-neighbor-seed2026-20260606/Training-Results/Best.pkl",
      "count": 300,
      "mean_psnr": 34.16754175186157,
      "mean_ssim": 0.9935272771120072,
      "avg_time_sec_sync": 0.032723614374796546,
      "median_time_sec_sync": 0.02954232692718506,
      "peak_cuda_mem_mib": 1147.46435546875
    }
  },
  "comparison": {
    "common_count": 300,
    "mean_psnr_delta": -0.07898347218831381,
    "median_psnr_delta": -0.104034423828125,
    "p5_psnr_delta": -0.4029699325561523,
    "p95_psnr_delta": 0.33477230072021497,
    "hard_bottom25_psnr_delta": -0.11298731486002604,
    "easy_top25_psnr_delta": -8.967081705729167e-05,
    "worst10pct_mean_psnr_delta": -0.4706568400065104,
    "best10pct_mean_psnr_delta": 0.37652409871419273,
    "worst10img_mean_psnr_delta": -0.6606224060058594,
    "best10img_mean_psnr_delta": 0.5215003967285157,
    "worst10_mean_psnr_delta": -0.4706568400065104,
    "best10_mean_psnr_delta": 0.37652409871419273,
    "mean_ssim_delta": -0.00011904040972391765,
    "positive_ratio": 0.31,
    "strong_reference_cut_psnr": 36.437724113464355,
    "strong_reference_count": 75,
    "strong_regression_count_delta_le_-0.05": 38,
    "worst_regression_count_delta_le_-0.20": 85
  }
}