{
  "runs": {
    "a0": {
      "label": "a0",
      "arch": "convir",
      "mode": "original",
      "checkpoint": "/root/autodl-tmp/workspace/ConvIR-B/Dehazing/pretrained_models/haze4k-base.pkl",
      "count": 300,
      "mean_psnr": 34.24652523676554,
      "mean_ssim": 0.9936463159322738,
      "avg_time_sec_sync": 0.02862643559773763,
      "median_time_sec_sync": 0.026924610137939453,
      "peak_cuda_mem_mib": 536.22607421875
    },
    "v18_seed2026_model_15_val_hard": {
      "label": "v18_seed2026_model_15_val_hard",
      "arch": "dpga",
      "mode": "model_15",
      "checkpoint": "/root/autodl-tmp/workspace/ConvIR-B-v1-8-execution-queue/Dehazing/ITS/results/ConvIR-Haze4K-v1.8-BiDPFM1-fusion-neighbor-seed2026-20260606/Training-Results/model_15.pkl",
      "count": 300,
      "mean_psnr": 31.00047016143799,
      "mean_ssim": 0.9863134209314982,
      "avg_time_sec_sync": 0.03265881935755412,
      "median_time_sec_sync": 0.029589414596557617,
      "peak_cuda_mem_mib": 1147.46435546875
    }
  },
  "comparison": {
    "common_count": 300,
    "mean_psnr_delta": -3.2460550753275554,
    "median_psnr_delta": -3.430145263671875,
    "p5_psnr_delta": -6.307155990600586,
    "p95_psnr_delta": 0.2959633827209478,
    "hard_bottom25_psnr_delta": -2.822796147664388,
    "easy_top25_psnr_delta": -3.8973351287841798,
    "worst10pct_mean_psnr_delta": -6.752007357279459,
    "best10pct_mean_psnr_delta": 0.8390056610107421,
    "worst10img_mean_psnr_delta": -8.015408325195313,
    "best10img_mean_psnr_delta": 2.9055370330810546,
    "worst10_mean_psnr_delta": -6.752007357279459,
    "best10_mean_psnr_delta": 0.8390056610107421,
    "mean_ssim_delta": -0.0073328950007756554,
    "positive_ratio": 0.056666666666666664,
    "strong_reference_cut_psnr": 36.437724113464355,
    "strong_reference_count": 75,
    "strong_regression_count_delta_le_-0.05": 71,
    "worst_regression_count_delta_le_-0.20": 283
  }
}