{
  "runs": {
    "a0": {
      "label": "a0",
      "arch": "convir",
      "mode": "original",
      "checkpoint": "/root/autodl-tmp/workspace/ConvIR-B/Dehazing/pretrained_models/haze4k-base.pkl",
      "count": 300,
      "mean_psnr": 34.24652523676554,
      "mean_ssim": 0.9936463159322738,
      "avg_time_sec_sync": 0.026601988474527993,
      "median_time_sec_sync": 0.02245461940765381,
      "peak_cuda_mem_mib": 536.22607421875
    },
    "v18_seed2026_model_10_val_hard": {
      "label": "v18_seed2026_model_10_val_hard",
      "arch": "dpga",
      "mode": "model_10",
      "checkpoint": "/root/autodl-tmp/workspace/ConvIR-B-v1-8-execution-queue/Dehazing/ITS/results/ConvIR-Haze4K-v1.8-BiDPFM1-fusion-neighbor-seed2026-20260606/Training-Results/model_10.pkl",
      "count": 300,
      "mean_psnr": 32.41323394775391,
      "mean_ssim": 0.9899735275904338,
      "avg_time_sec_sync": 0.031739174524943035,
      "median_time_sec_sync": 0.029677510261535645,
      "peak_cuda_mem_mib": 1147.46435546875
    }
  },
  "comparison": {
    "common_count": 300,
    "mean_psnr_delta": -1.8332912890116373,
    "median_psnr_delta": -1.9423036575317383,
    "p5_psnr_delta": -4.444147777557373,
    "p95_psnr_delta": 1.3594130516052265,
    "hard_bottom25_psnr_delta": -1.7380157216389973,
    "easy_top25_psnr_delta": -2.092751922607422,
    "worst10pct_mean_psnr_delta": -4.775738271077474,
    "best10pct_mean_psnr_delta": 1.618247922261556,
    "worst10img_mean_psnr_delta": -5.757537841796875,
    "best10img_mean_psnr_delta": 3.105867385864258,
    "worst10_mean_psnr_delta": -4.775738271077474,
    "best10_mean_psnr_delta": 1.618247922261556,
    "mean_ssim_delta": -0.003672788341840108,
    "positive_ratio": 0.1,
    "strong_reference_cut_psnr": 36.437724113464355,
    "strong_reference_count": 75,
    "strong_regression_count_delta_le_-0.05": 66,
    "worst_regression_count_delta_le_-0.20": 262
  }
}