{
  "runs": {
    "a0": {
      "label": "a0",
      "arch": "convir",
      "mode": "original",
      "checkpoint": "/root/autodl-tmp/workspace/ConvIR-B/Dehazing/pretrained_models/haze4k-base.pkl",
      "count": 300,
      "mean_psnr": 39.46919342041016,
      "mean_ssim": 0.9956027634938558,
      "avg_time_sec_sync": 0.029643793900807697,
      "median_time_sec_sync": 0.030060410499572754,
      "peak_cuda_mem_mib": 535.27294921875
    },
    "v18_seed2026_model_5_val_regular": {
      "label": "v18_seed2026_model_5_val_regular",
      "arch": "dpga",
      "mode": "model_5",
      "checkpoint": "/root/autodl-tmp/workspace/ConvIR-B-v1-8-execution-queue/Dehazing/ITS/results/ConvIR-Haze4K-v1.8-BiDPFM1-fusion-neighbor-seed2026-20260606/Training-Results/model_5.pkl",
      "count": 300,
      "mean_psnr": 38.30951369603475,
      "mean_ssim": 0.994494736790657,
      "avg_time_sec_sync": 0.037310117880503334,
      "median_time_sec_sync": 0.042101383209228516,
      "peak_cuda_mem_mib": 1147.56005859375
    }
  },
  "comparison": {
    "common_count": 300,
    "mean_psnr_delta": -1.159679724375407,
    "median_psnr_delta": -1.0744590759277344,
    "p5_psnr_delta": -3.297847557067871,
    "p95_psnr_delta": 0.5047081947326669,
    "hard_bottom25_psnr_delta": -0.8098464711507162,
    "easy_top25_psnr_delta": -1.6323697916666666,
    "worst10pct_mean_psnr_delta": -3.5579126358032225,
    "best10pct_mean_psnr_delta": 0.815806516011556,
    "worst10img_mean_psnr_delta": -4.437481307983399,
    "best10img_mean_psnr_delta": 1.5679523468017578,
    "worst10_mean_psnr_delta": -3.5579126358032225,
    "best10_mean_psnr_delta": 0.815806516011556,
    "mean_ssim_delta": -0.0011080267031987508,
    "positive_ratio": 0.14,
    "strong_reference_cut_psnr": 42.45430278778076,
    "strong_reference_count": 75,
    "strong_regression_count_delta_le_-0.05": 70,
    "worst_regression_count_delta_le_-0.20": 245
  }
}