{
  "runs": {
    "a0": {
      "label": "a0",
      "arch": "convir",
      "mode": "original",
      "checkpoint": "/root/autodl-tmp/workspace/ConvIR-B/Dehazing/pretrained_models/haze4k-base.pkl",
      "count": 300,
      "mean_psnr": 34.24652523676554,
      "mean_ssim": 0.993646314740181,
      "avg_time_sec_sync": 0.02726315180460612,
      "median_time_sec_sync": 0.024641871452331543,
      "peak_cuda_mem_mib": 536.22607421875
    },
    "v18_seed2026_model_5_val_hard": {
      "label": "v18_seed2026_model_5_val_hard",
      "arch": "dpga",
      "mode": "model_5",
      "checkpoint": "/root/autodl-tmp/workspace/ConvIR-B-v1-8-execution-queue/Dehazing/ITS/results/ConvIR-Haze4K-v1.8-BiDPFM1-fusion-neighbor-seed2026-20260606/Training-Results/model_5.pkl",
      "count": 300,
      "mean_psnr": 33.583344567616784,
      "mean_ssim": 0.9923997600873311,
      "avg_time_sec_sync": 0.03272046407063802,
      "median_time_sec_sync": 0.029553651809692383,
      "peak_cuda_mem_mib": 1147.46435546875
    }
  },
  "comparison": {
    "common_count": 300,
    "mean_psnr_delta": -0.6631806691487631,
    "median_psnr_delta": -0.7725610733032227,
    "p5_psnr_delta": -2.219722366333008,
    "p95_psnr_delta": 1.3259096145629896,
    "hard_bottom25_psnr_delta": -0.7692931365966796,
    "easy_top25_psnr_delta": -0.6132962036132813,
    "worst10pct_mean_psnr_delta": -2.4071502685546875,
    "best10pct_mean_psnr_delta": 1.3933465957641602,
    "worst10img_mean_psnr_delta": -3.0493131637573243,
    "best10img_mean_psnr_delta": 2.021891212463379,
    "worst10_mean_psnr_delta": -2.4071502685546875,
    "best10_mean_psnr_delta": 1.3933465957641602,
    "mean_ssim_delta": -0.0012465546528498332,
    "positive_ratio": 0.23,
    "strong_reference_cut_psnr": 36.437724113464355,
    "strong_reference_count": 75,
    "strong_regression_count_delta_le_-0.05": 54,
    "worst_regression_count_delta_le_-0.20": 214
  }
}