{
  "runs": {
    "A0": {
      "label": "A0",
      "arch": "official_convir",
      "mode": "original",
      "checkpoint": "/sda/home/wangyuxin/ConvIR-B/checkpoints/official/Haze4K/haze4k-base.pkl",
      "depth_mode": "none",
      "airlight_mode": "none",
      "count": 600,
      "mean_psnr": 39.75955163955688,
      "mean_ssim": 0.995632650355498,
      "avg_time_sec_sync": 0.04640509168306987,
      "median_time_sec_sync": 0.042186856269836426,
      "peak_cuda_mem_mib": 536.99169921875
    },
    "DTA_v35_v35_fdf_rcs_l3_fdf_lite_s004_g015_bm2_seed3411_f1_quick5full_fallback_train_normal": {
      "label": "DTA_v35_v35_fdf_rcs_l3_fdf_lite_s004_g015_bm2_seed3411_f1_quick5full_fallback_train_normal",
      "arch": "dta_v3",
      "mode": "modres",
      "checkpoint": "/sda/home/wangyuxin/ConvIR-B/repos/ConvIR-B-dta-v3-5-fdf-rcs-lite/Dehazing/ITS/results/ConvIR-Haze4K-DTA-v3-5-FDF-RCS-l3_fdf_lite_s004_g015_bm2-seed3411_f1-quick5full/Training-Results/Final.pkl",
      "depth_mode": "normal",
      "airlight_mode": "fallback",
      "count": 600,
      "mean_psnr": 39.77386298815409,
      "mean_ssim": 0.9956565676132838,
      "avg_time_sec_sync": 0.07720434347788493,
      "median_time_sec_sync": 0.07470273971557617,
      "peak_cuda_mem_mib": 602.1240234375
    }
  },
  "comparison": {
    "common_count": 600,
    "mean_psnr_delta": 0.014311348597208659,
    "median_psnr_delta": 0.017309188842773438,
    "p5_psnr_delta": -0.2564800262451172,
    "p95_psnr_delta": 0.2789363861083984,
    "hard_bottom25_psnr_delta": 0.0379513676961263,
    "easy_top25_psnr_delta": 0.015655136108398436,
    "worst10pct_mean_psnr_delta": -0.297228749593099,
    "best10pct_mean_psnr_delta": 0.3112899462381999,
    "worst10img_mean_psnr_delta": -0.546719741821289,
    "best10img_mean_psnr_delta": 0.4973735809326172,
    "worst10_mean_psnr_delta": -0.297228749593099,
    "best10_mean_psnr_delta": 0.3112899462381999,
    "mean_ssim_delta": 2.391725778579712e-05,
    "positive_ratio": 0.5466666666666666,
    "strong_reference_cut_psnr": 42.834919929504395,
    "strong_reference_count": 150,
    "strong_regression_count_delta_le_-0.05": 44,
    "worst_regression_count_delta_le_-0.20": 47
  }
}