{
  "runs": {
    "A0": {
      "label": "A0",
      "arch": "official_convir",
      "mode": "original",
      "checkpoint": "/sda/home/wangyuxin/ConvIR-B/checkpoints/official/Haze4K/haze4k-base.pkl",
      "depth_mode": "none",
      "airlight_mode": "none",
      "count": 600,
      "mean_psnr": 39.35034857114156,
      "mean_ssim": 0.9957262628277143,
      "avg_time_sec_sync": 0.043143513997395834,
      "median_time_sec_sync": 0.03997910022735596,
      "peak_cuda_mem_mib": 537.50634765625
    },
    "DTA_v35_v35_fdf_rcs_l1_fdf_lite_s004_g025_bm2_seed3411_f0_quick5full_fallback_train_shuffle": {
      "label": "DTA_v35_v35_fdf_rcs_l1_fdf_lite_s004_g025_bm2_seed3411_f0_quick5full_fallback_train_shuffle",
      "arch": "dta_v3",
      "mode": "modres",
      "checkpoint": "/sda/home/wangyuxin/ConvIR-B/repos/ConvIR-B-dta-v3-5-fdf-rcs-lite/Dehazing/ITS/results/ConvIR-Haze4K-DTA-v3-5-FDF-RCS-l1_fdf_lite_s004_g025_bm2-seed3411_f0-quick5full/Training-Results/Final.pkl",
      "depth_mode": "shuffle",
      "airlight_mode": "fallback",
      "count": 600,
      "mean_psnr": 39.387955576578776,
      "mean_ssim": 0.9957288786768913,
      "avg_time_sec_sync": 0.061834580103556316,
      "median_time_sec_sync": 0.0574568510055542,
      "peak_cuda_mem_mib": 601.7294921875
    }
  },
  "comparison": {
    "common_count": 600,
    "mean_psnr_delta": 0.03760700543721517,
    "median_psnr_delta": 0.03513145446777344,
    "p5_psnr_delta": -0.2999591827392578,
    "p95_psnr_delta": 0.3621894836425781,
    "hard_bottom25_psnr_delta": 0.02317951202392578,
    "easy_top25_psnr_delta": 0.031531143188476565,
    "worst10pct_mean_psnr_delta": -0.33807779947916666,
    "best10pct_mean_psnr_delta": 0.38564186096191405,
    "worst10img_mean_psnr_delta": -0.5625087738037109,
    "best10img_mean_psnr_delta": 0.5441207885742188,
    "worst10_mean_psnr_delta": -0.33807779947916666,
    "best10_mean_psnr_delta": 0.38564186096191405,
    "mean_ssim_delta": 2.615849177042643e-06,
    "positive_ratio": 0.5916666666666667,
    "strong_reference_cut_psnr": 42.755948066711426,
    "strong_reference_count": 150,
    "strong_regression_count_delta_le_-0.05": 44,
    "worst_regression_count_delta_le_-0.20": 59
  }
}