{
  "runs": {
    "A0": {
      "label": "A0",
      "arch": "official_convir",
      "mode": "original",
      "checkpoint": "/sda/home/wangyuxin/ConvIR-B/checkpoints/official/Haze4K/haze4k-base.pkl",
      "depth_mode": "none",
      "airlight_mode": "none",
      "count": 600,
      "mean_psnr": 39.75955163955688,
      "mean_ssim": 0.995632650355498,
      "avg_time_sec_sync": 0.04079034964243571,
      "median_time_sec_sync": 0.040122032165527344,
      "peak_cuda_mem_mib": 535.56884765625
    },
    "DTA_v33_v33_routerfusion_d1_loss_seed3411_f1_triage5full_fallback_zero": {
      "label": "DTA_v33_v33_routerfusion_d1_loss_seed3411_f1_triage5full_fallback_zero",
      "arch": "dta_v3",
      "mode": "modres",
      "checkpoint": "/sda/home/wangyuxin/ConvIR-B/repos/ConvIR-B-dta-v3-dapc-finetune-v33-routerfusion/Dehazing/ITS/results/ConvIR-Haze4K-DTA-v3-3-RouterFusion-d1_loss-seed3411-f1-triage5full/Training-Results/Final.pkl",
      "depth_mode": "zero",
      "airlight_mode": "fallback",
      "count": 600,
      "mean_psnr": 39.75121285120646,
      "mean_ssim": 0.99562057107687,
      "avg_time_sec_sync": 0.05169591824213664,
      "median_time_sec_sync": 0.05182361602783203,
      "peak_cuda_mem_mib": 541.8515625
    }
  },
  "comparison": {
    "common_count": 600,
    "mean_psnr_delta": -0.008338788350423176,
    "median_psnr_delta": -0.008199691772460938,
    "p5_psnr_delta": -0.1699512481689453,
    "p95_psnr_delta": 0.15856971740722656,
    "hard_bottom25_psnr_delta": -0.0009962717692057292,
    "easy_top25_psnr_delta": -0.0020656585693359375,
    "worst10pct_mean_psnr_delta": -0.19353275299072265,
    "best10pct_mean_psnr_delta": 0.17582600911458332,
    "worst10img_mean_psnr_delta": -0.33185386657714844,
    "best10img_mean_psnr_delta": 0.269610595703125,
    "worst10_mean_psnr_delta": -0.19353275299072265,
    "best10_mean_psnr_delta": 0.17582600911458332,
    "mean_ssim_delta": -1.2079278628031413e-05,
    "positive_ratio": 0.46166666666666667,
    "strong_reference_cut_psnr": 42.834919929504395,
    "strong_reference_count": 150,
    "strong_regression_count_delta_le_-0.05": 43,
    "worst_regression_count_delta_le_-0.20": 18
  }
}
