{
  "runs": {
    "A0": {
      "label": "A0",
      "arch": "official_convir",
      "mode": "original",
      "checkpoint": "/sda/home/wangyuxin/ConvIR-B/checkpoints/official/Haze4K/haze4k-base.pkl",
      "depth_mode": "none",
      "airlight_mode": "none",
      "count": 600,
      "mean_psnr": 39.35034857114156,
      "mean_ssim": 0.9957262628277143,
      "avg_time_sec_sync": 0.059018499851226806,
      "median_time_sec_sync": 0.054122328758239746,
      "peak_cuda_mem_mib": 537.50634765625
    },
    "DTA_v35_v35_fdf_rcs_l4_fdf_lite_tail_s004_g025_bm2_seed3411_f0_quick5full_fallback_train_invert": {
      "label": "DTA_v35_v35_fdf_rcs_l4_fdf_lite_tail_s004_g025_bm2_seed3411_f0_quick5full_fallback_train_invert",
      "arch": "dta_v3",
      "mode": "modres",
      "checkpoint": "/sda/home/wangyuxin/ConvIR-B/repos/ConvIR-B-dta-v3-5-fdf-rcs-lite/Dehazing/ITS/results/ConvIR-Haze4K-DTA-v3-5-FDF-RCS-l4_fdf_lite_tail_s004_g025_bm2-seed3411_f0-quick5full/Training-Results/Final.pkl",
      "depth_mode": "invert",
      "airlight_mode": "fallback",
      "count": 600,
      "mean_psnr": 39.423787380854286,
      "mean_ssim": 0.9957412416736285,
      "avg_time_sec_sync": 0.07571880896886189,
      "median_time_sec_sync": 0.07062017917633057,
      "peak_cuda_mem_mib": 601.9677734375
    }
  },
  "comparison": {
    "common_count": 600,
    "mean_psnr_delta": 0.07343880971272787,
    "median_psnr_delta": 0.07904624938964844,
    "p5_psnr_delta": -0.36571807861328126,
    "p95_psnr_delta": 0.49438934326171863,
    "hard_bottom25_psnr_delta": 0.07062828063964843,
    "easy_top25_psnr_delta": 0.04798795064290365,
    "worst10pct_mean_psnr_delta": -0.413029416402181,
    "best10pct_mean_psnr_delta": 0.5156347274780273,
    "worst10img_mean_psnr_delta": -0.721438217163086,
    "best10img_mean_psnr_delta": 0.6719673156738282,
    "worst10_mean_psnr_delta": -0.413029416402181,
    "best10_mean_psnr_delta": 0.5156347274780273,
    "mean_ssim_delta": 1.4978845914204916e-05,
    "positive_ratio": 0.63,
    "strong_reference_cut_psnr": 42.755948066711426,
    "strong_reference_count": 150,
    "strong_regression_count_delta_le_-0.05": 52,
    "worst_regression_count_delta_le_-0.20": 80
  }
}