{
  "runs": {
    "A0": {
      "label": "A0",
      "arch": "official_convir",
      "mode": "original",
      "checkpoint": "/sda/home/wangyuxin/ConvIR-B/checkpoints/official/Haze4K/haze4k-base.pkl",
      "depth_mode": "none",
      "airlight_mode": "none",
      "count": 600,
      "mean_psnr": 39.35034857114156,
      "mean_ssim": 0.9957262628277143,
      "avg_time_sec_sync": 0.03837933580080668,
      "median_time_sec_sync": 0.039556026458740234,
      "peak_cuda_mem_mib": 537.50634765625
    },
    "DTA_v35_v35_fdf_rcs_l3_fdf_lite_s004_g015_bm2_seed3407_f0_quick5full_fallback_train_invert": {
      "label": "DTA_v35_v35_fdf_rcs_l3_fdf_lite_s004_g015_bm2_seed3407_f0_quick5full_fallback_train_invert",
      "arch": "dta_v3",
      "mode": "modres",
      "checkpoint": "/sda/home/wangyuxin/ConvIR-B/repos/ConvIR-B-dta-v3-5-fdf-rcs-lite/Dehazing/ITS/results/ConvIR-Haze4K-DTA-v3-5-FDF-RCS-l3_fdf_lite_s004_g015_bm2-seed3407_f0-quick5full/Training-Results/Final.pkl",
      "depth_mode": "invert",
      "airlight_mode": "fallback",
      "count": 600,
      "mean_psnr": 39.40403100331624,
      "mean_ssim": 0.9957422817746798,
      "avg_time_sec_sync": 0.05759035348892212,
      "median_time_sec_sync": 0.055909156799316406,
      "peak_cuda_mem_mib": 602.1416015625
    }
  },
  "comparison": {
    "common_count": 600,
    "mean_psnr_delta": 0.05368243217468262,
    "median_psnr_delta": 0.05216789245605469,
    "p5_psnr_delta": -0.3624713897705078,
    "p95_psnr_delta": 0.4397781372070307,
    "hard_bottom25_psnr_delta": 0.05301334381103515,
    "easy_top25_psnr_delta": 0.03562962849934896,
    "worst10pct_mean_psnr_delta": -0.4001708984375,
    "best10pct_mean_psnr_delta": 0.4854355494181315,
    "worst10img_mean_psnr_delta": -0.6429267883300781,
    "best10img_mean_psnr_delta": 0.739813232421875,
    "worst10_mean_psnr_delta": -0.4001708984375,
    "best10_mean_psnr_delta": 0.4854355494181315,
    "mean_ssim_delta": 1.601894696553548e-05,
    "positive_ratio": 0.6183333333333333,
    "strong_reference_cut_psnr": 42.755948066711426,
    "strong_reference_count": 150,
    "strong_regression_count_delta_le_-0.05": 47,
    "worst_regression_count_delta_le_-0.20": 81
  }
}