{
  "runs": {
    "A0": {
      "label": "A0",
      "arch": "official_convir",
      "mode": "original",
      "checkpoint": "/home/caozhiyang/ConvIR-B/checkpoints/official/Haze4K/haze4k-base.pkl",
      "depth_mode": "none",
      "airlight_mode": "none",
      "count": 600,
      "mean_psnr": 39.34407578468323,
      "mean_ssim": 0.995722817381223,
      "avg_time_sec_sync": 0.02249687115351359,
      "median_time_sec_sync": 0.02459394931793213,
      "peak_cuda_mem_mib": 535.44482421875
    },
    "DTA_v34_v34_fdf_tsr_e2_tiny_residual_seed3407_f0_quick5full_fallback_train_invert": {
      "label": "DTA_v34_v34_fdf_tsr_e2_tiny_residual_seed3407_f0_quick5full_fallback_train_invert",
      "arch": "dta_v3",
      "mode": "modres",
      "checkpoint": "/home/caozhiyang/ConvIR-B/repos/ConvIR-B-dta-v3-4-fdf-tsr-finetune/Dehazing/ITS/results/ConvIR-Haze4K-DTA-v3-4-FDF-TSR-e2_tiny_residual-seed3407_f0-quick5full/Training-Results/Final.pkl",
      "depth_mode": "invert",
      "airlight_mode": "fallback",
      "count": 600,
      "mean_psnr": 39.39178654034932,
      "mean_ssim": 0.9957286446293195,
      "avg_time_sec_sync": 0.032091823816299436,
      "median_time_sec_sync": 0.035099148750305176,
      "peak_cuda_mem_mib": 543.6943359375
    }
  },
  "comparison": {
    "common_count": 600,
    "mean_psnr_delta": 0.047710755666097004,
    "median_psnr_delta": 0.0388946533203125,
    "p5_psnr_delta": -0.5955821990966796,
    "p95_psnr_delta": 0.6667659759521484,
    "hard_bottom25_psnr_delta": -0.012458012898763022,
    "easy_top25_psnr_delta": 0.06895220438639323,
    "worst10pct_mean_psnr_delta": -0.6395091692606608,
    "best10pct_mean_psnr_delta": 0.7179131825764974,
    "worst10img_mean_psnr_delta": -0.9179107666015625,
    "best10img_mean_psnr_delta": 0.9804908752441406,
    "worst10_mean_psnr_delta": -0.6395091692606608,
    "best10_mean_psnr_delta": 0.7179131825764974,
    "mean_ssim_delta": 5.8272480964660645e-06,
    "positive_ratio": 0.5466666666666666,
    "strong_reference_cut_psnr": 42.766201972961426,
    "strong_reference_count": 150,
    "strong_regression_count_delta_le_-0.05": 56,
    "worst_regression_count_delta_le_-0.20": 120
  }
}