{
  "seed": 3407,
  "batch_source": "synthetic",
  "batch_size": 2,
  "input_shape": [
    2,
    3,
    256,
    256
  ],
  "loss_mode": "hard_aux",
  "hard_aux_lambda": 0.25,
  "output_shapes": [
    [
      2,
      3,
      64,
      64
    ],
    [
      2,
      3,
      128,
      128
    ],
    [
      2,
      3,
      256,
      256
    ]
  ],
  "neutral_init_max_abs_diffs": [
    0.0,
    0.0,
    0.0
  ],
  "neutral_init_pass": true,
  "loss_content": 0.9202176928520203,
  "loss_fft": 95.76373291015625,
  "loss_restore": 10.496590614318848,
  "loss_hard_focus": 10.50010871887207,
  "loss_total": 10.497469902038574,
  "loss_finite": true,
  "grad": {
    "finite": true,
    "grad_param_count": 8666441,
    "grad_l2_norm": 6.6483872302098055,
    "grad_max_abs": 0.21670053899288177
  },
  "prior_branch_grad": {
    "finite": true,
    "grad_param_count": 35776,
    "nonzero_grad_count": 10432,
    "grad_l2_norm": 0.04185118876007785,
    "grad_max_abs": 0.009088184684515
  },
  "original_params": 8630665,
  "candidate_params": 8666441,
  "param_delta": 35776,
  "param_delta_pct": 0.41452194008225324,
  "scm_stats": {
    "SCM1": {
      "prior_min_mean": 0.24960744380950928,
      "prior_max_mean": 0.7487276792526245,
      "prior_dark_mean": 0.0018752331379801035,
      "prior_saturation_mean": 0.4991202652454376,
      "prior_grad_mean": 0.432096004486084,
      "rgb_abs_mean": 0.6141685843467712,
      "prior_branch_abs_mean": 0.0,
      "prior_to_rgb_abs_ratio": 0.0
    },
    "SCM2": {
      "prior_min_mean": 0.2507164180278778,
      "prior_max_mean": 0.7492606043815613,
      "prior_dark_mean": 0.0017557962564751506,
      "prior_saturation_mean": 0.49854418635368347,
      "prior_grad_mean": 0.44138336181640625,
      "rgb_abs_mean": 0.6443990468978882,
      "prior_branch_abs_mean": 0.0,
      "prior_to_rgb_abs_ratio": 0.0
    }
  },
  "peak_cuda_mem_mib": 2409.06982421875
}
