K,low_size,step,loss,loss_field,loss_coeff,loss_tv,count,coeff_mse,coeff_mae,lowspace_weighted_field_l1,lowspace_zero_field_l1,lowspace_field_l1_drop,lowspace_field_corr
32,32,2000,0.0014497836818918586,0.0013988054124638438,0.00023510510800406337,0.003957277629524469,90,8.648402740618621e-07,0.0004514558822847903,0.004063350885798198,0.014808311419212496,0.7256033607905926,0.9465922713279724
