{
  "runs": {
    "A0": {
      "label": "A0",
      "arch": "official_convir",
      "mode": "original",
      "checkpoint": "/sda/home/wangyuxin/ConvIR-B/checkpoints/official/Haze4K/haze4k-base.pkl",
      "depth_mode": "none",
      "airlight_mode": "none",
      "count": 600,
      "mean_psnr": 39.35034857114156,
      "mean_ssim": 0.9957262628277143,
      "avg_time_sec_sync": 0.055744239489237464,
      "median_time_sec_sync": 0.04951202869415283,
      "peak_cuda_mem_mib": 537.50634765625
    },
    "DTA_v35_v35_fdf_rcs_l4_fdf_lite_tail_s004_g025_bm2_seed3407_f0_quick5full_fallback_train_invert": {
      "label": "DTA_v35_v35_fdf_rcs_l4_fdf_lite_tail_s004_g025_bm2_seed3407_f0_quick5full_fallback_train_invert",
      "arch": "dta_v3",
      "mode": "modres",
      "checkpoint": "/sda/home/wangyuxin/ConvIR-B/repos/ConvIR-B-dta-v3-5-fdf-rcs-lite/Dehazing/ITS/results/ConvIR-Haze4K-DTA-v3-5-FDF-RCS-l4_fdf_lite_tail_s004_g025_bm2-seed3407_f0-quick5full/Training-Results/Final.pkl",
      "depth_mode": "invert",
      "airlight_mode": "fallback",
      "count": 600,
      "mean_psnr": 39.40806955973307,
      "mean_ssim": 0.9957407069206238,
      "avg_time_sec_sync": 0.07393494288126627,
      "median_time_sec_sync": 0.06985366344451904,
      "peak_cuda_mem_mib": 601.9677734375
    }
  },
  "comparison": {
    "common_count": 600,
    "mean_psnr_delta": 0.05772098859151204,
    "median_psnr_delta": 0.05843353271484375,
    "p5_psnr_delta": -0.3833293914794922,
    "p95_psnr_delta": 0.47180900573730455,
    "hard_bottom25_psnr_delta": 0.054875907897949217,
    "easy_top25_psnr_delta": 0.0402105712890625,
    "worst10pct_mean_psnr_delta": -0.42654425303141275,
    "best10pct_mean_psnr_delta": 0.5178410212198893,
    "worst10img_mean_psnr_delta": -0.6865943908691406,
    "best10img_mean_psnr_delta": 0.7757316589355469,
    "worst10_mean_psnr_delta": -0.42654425303141275,
    "best10_mean_psnr_delta": 0.5178410212198893,
    "mean_ssim_delta": 1.4444092909495036e-05,
    "positive_ratio": 0.615,
    "strong_reference_cut_psnr": 42.755948066711426,
    "strong_reference_count": 150,
    "strong_regression_count_delta_le_-0.05": 48,
    "worst_regression_count_delta_le_-0.20": 85
  }
}