{
  "runs": {
    "A0": {
      "label": "A0",
      "arch": "official_convir",
      "mode": "original",
      "checkpoint": "/sda/home/wangyuxin/ConvIR-B/checkpoints/official/Haze4K/haze4k-base.pkl",
      "depth_mode": "none",
      "airlight_mode": "none",
      "count": 600,
      "mean_psnr": 39.35034857114156,
      "mean_ssim": 0.9957262628277143,
      "avg_time_sec_sync": 0.03299336751302084,
      "median_time_sec_sync": 0.030344247817993164,
      "peak_cuda_mem_mib": 535.95654296875
    },
    "DTA_v32_v32_safemix_c1_gate_seed3407_f0_scout5full_gt_invert": {
      "label": "DTA_v32_v32_safemix_c1_gate_seed3407_f0_scout5full_gt_invert",
      "arch": "dta_v3",
      "mode": "modres",
      "checkpoint": "/sda/home/wangyuxin/ConvIR-B/repos/ConvIR-B-dta-v3-dapc-finetune-v32-safemix/Dehazing/ITS/results/ConvIR-Haze4K-DTA-v3-2-SafeMix-c1_gate-seed3407-f0-scout5full/Training-Results/Final.pkl",
      "depth_mode": "invert",
      "airlight_mode": "gt",
      "count": 600,
      "mean_psnr": 39.37635842641195,
      "mean_ssim": 0.9957017594575882,
      "avg_time_sec_sync": 0.038097109794616696,
      "median_time_sec_sync": 0.03638947010040283,
      "peak_cuda_mem_mib": 541.3828125
    }
  },
  "comparison": {
    "common_count": 600,
    "mean_psnr_delta": 0.026009855270385743,
    "median_psnr_delta": 0.021436691284179688,
    "p5_psnr_delta": -0.2587427139282227,
    "p95_psnr_delta": 0.3109560012817382,
    "hard_bottom25_psnr_delta": 0.003590710957845052,
    "easy_top25_psnr_delta": 0.047711207071940105,
    "worst10pct_mean_psnr_delta": -0.28005008697509765,
    "best10pct_mean_psnr_delta": 0.33599459330240883,
    "worst10img_mean_psnr_delta": -0.45922012329101564,
    "best10img_mean_psnr_delta": 0.505413818359375,
    "worst10_mean_psnr_delta": -0.28005008697509765,
    "best10_mean_psnr_delta": 0.33599459330240883,
    "mean_ssim_delta": -2.4503370126088462e-05,
    "positive_ratio": 0.595,
    "strong_reference_cut_psnr": 42.755948066711426,
    "strong_reference_count": 150,
    "strong_regression_count_delta_le_-0.05": 36,
    "worst_regression_count_delta_le_-0.20": 46
  }
}