{
  "runs": {
    "A0": {
      "label": "A0",
      "arch": "official_convir",
      "mode": "original",
      "checkpoint": "/sda/home/wangyuxin/ConvIR-B/checkpoints/official/Haze4K/haze4k-base.pkl",
      "depth_mode": "none",
      "airlight_mode": "none",
      "count": 600,
      "mean_psnr": 39.35034857114156,
      "mean_ssim": 0.9957262628277143,
      "avg_time_sec_sync": 0.0322752845287323,
      "median_time_sec_sync": 0.030353903770446777,
      "peak_cuda_mem_mib": 537.50634765625
    },
    "DTA_v35_v35_fdf_rcs_l5_res015_tail_s004_g025_bm2_seed3407_f0_quick5full_fallback_train_normal": {
      "label": "DTA_v35_v35_fdf_rcs_l5_res015_tail_s004_g025_bm2_seed3407_f0_quick5full_fallback_train_normal",
      "arch": "dta_v3",
      "mode": "modres",
      "checkpoint": "/sda/home/wangyuxin/ConvIR-B/repos/ConvIR-B-dta-v3-5-fdf-rcs-lite/Dehazing/ITS/results/ConvIR-Haze4K-DTA-v3-5-FDF-RCS-l5_res015_tail_s004_g025_bm2-seed3407_f0-quick5full/Training-Results/Final.pkl",
      "depth_mode": "normal",
      "airlight_mode": "fallback",
      "count": 600,
      "mean_psnr": 39.353084262212114,
      "mean_ssim": 0.9957233672340711,
      "avg_time_sec_sync": 0.04240356961886088,
      "median_time_sec_sync": 0.04359900951385498,
      "peak_cuda_mem_mib": 603.78076171875
    }
  },
  "comparison": {
    "common_count": 600,
    "mean_psnr_delta": 0.0027356910705566406,
    "median_psnr_delta": -0.0007772445678710938,
    "p5_psnr_delta": -0.32143383026123046,
    "p95_psnr_delta": 0.32700176239013673,
    "hard_bottom25_psnr_delta": -0.008103663126627605,
    "easy_top25_psnr_delta": -0.001368560791015625,
    "worst10pct_mean_psnr_delta": -0.340782101949056,
    "best10pct_mean_psnr_delta": 0.3565587361653646,
    "worst10img_mean_psnr_delta": -0.5348911285400391,
    "best10img_mean_psnr_delta": 0.5680622100830078,
    "worst10_mean_psnr_delta": -0.340782101949056,
    "best10_mean_psnr_delta": 0.3565587361653646,
    "mean_ssim_delta": -2.8955936431884765e-06,
    "positive_ratio": 0.495,
    "strong_reference_cut_psnr": 42.755948066711426,
    "strong_reference_count": 150,
    "strong_regression_count_delta_le_-0.05": 49,
    "worst_regression_count_delta_le_-0.20": 68
  }
}