{
  "runs": {
    "A0": {
      "label": "A0",
      "arch": "official_convir",
      "mode": "original",
      "checkpoint": "/sda/home/wangyuxin/ConvIR-B/checkpoints/official/Haze4K/haze4k-base.pkl",
      "depth_mode": "none",
      "airlight_mode": "none",
      "count": 600,
      "mean_psnr": 39.35034857114156,
      "mean_ssim": 0.9957262628277143,
      "avg_time_sec_sync": 0.04254264791806539,
      "median_time_sec_sync": 0.04044806957244873,
      "peak_cuda_mem_mib": 535.95654296875
    },
    "DTA_v33_v33_routerfusion_d2_lowphys_seed3411_f0_triage5full_fallback_shuffle": {
      "label": "DTA_v33_v33_routerfusion_d2_lowphys_seed3411_f0_triage5full_fallback_shuffle",
      "arch": "dta_v3",
      "mode": "modres",
      "checkpoint": "/sda/home/wangyuxin/ConvIR-B/repos/ConvIR-B-dta-v3-dapc-finetune-v33-routerfusion/Dehazing/ITS/results/ConvIR-Haze4K-DTA-v3-3-RouterFusion-d2_lowphys-seed3411-f0-triage5full/Training-Results/Final.pkl",
      "depth_mode": "shuffle",
      "airlight_mode": "fallback",
      "count": 600,
      "mean_psnr": 39.404896109898885,
      "mean_ssim": 0.9957335944970449,
      "avg_time_sec_sync": 0.05150586485862732,
      "median_time_sec_sync": 0.051968932151794434,
      "peak_cuda_mem_mib": 542.3359375
    }
  },
  "comparison": {
    "common_count": 600,
    "mean_psnr_delta": 0.05454753875732422,
    "median_psnr_delta": 0.04403495788574219,
    "p5_psnr_delta": -0.16848545074462892,
    "p95_psnr_delta": 0.3245819091796874,
    "hard_bottom25_psnr_delta": 0.06712811787923177,
    "easy_top25_psnr_delta": 0.039247843424479165,
    "worst10pct_mean_psnr_delta": -0.18817323048909504,
    "best10pct_mean_psnr_delta": 0.3423268000284831,
    "worst10img_mean_psnr_delta": -0.30153961181640626,
    "best10img_mean_psnr_delta": 0.49380645751953123,
    "worst10_mean_psnr_delta": -0.18817323048909504,
    "best10_mean_psnr_delta": 0.3423268000284831,
    "mean_ssim_delta": 7.3316693305969236e-06,
    "positive_ratio": 0.6566666666666666,
    "strong_reference_cut_psnr": 42.755948066711426,
    "strong_reference_count": 150,
    "strong_regression_count_delta_le_-0.05": 37,
    "worst_regression_count_delta_le_-0.20": 21
  }
}
