{
  "runs": {
    "A0": {
      "label": "A0",
      "arch": "official_convir",
      "mode": "original",
      "checkpoint": "/sda/home/wangyuxin/ConvIR-B/checkpoints/official/Haze4K/haze4k-base.pkl",
      "depth_mode": "none",
      "airlight_mode": "none",
      "count": 600,
      "mean_psnr": 39.35034857114156,
      "mean_ssim": 0.9957262628277143,
      "avg_time_sec_sync": 0.03948378562927246,
      "median_time_sec_sync": 0.038901329040527344,
      "peak_cuda_mem_mib": 535.95654296875
    },
    "DTA_v33_v33_routerfusion_d2_lowphys_seed3411_f0_triage5full_fallback_zero": {
      "label": "DTA_v33_v33_routerfusion_d2_lowphys_seed3411_f0_triage5full_fallback_zero",
      "arch": "dta_v3",
      "mode": "modres",
      "checkpoint": "/sda/home/wangyuxin/ConvIR-B/repos/ConvIR-B-dta-v3-dapc-finetune-v33-routerfusion/Dehazing/ITS/results/ConvIR-Haze4K-DTA-v3-3-RouterFusion-d2_lowphys-seed3411-f0-triage5full/Training-Results/Final.pkl",
      "depth_mode": "zero",
      "airlight_mode": "fallback",
      "count": 600,
      "mean_psnr": 39.39709765752156,
      "mean_ssim": 0.9957242167989413,
      "avg_time_sec_sync": 0.050462419191996254,
      "median_time_sec_sync": 0.04940986633300781,
      "peak_cuda_mem_mib": 542.0234375
    }
  },
  "comparison": {
    "common_count": 600,
    "mean_psnr_delta": 0.046749086380004884,
    "median_psnr_delta": 0.04287910461425781,
    "p5_psnr_delta": -0.16070251464843752,
    "p95_psnr_delta": 0.28535842895507785,
    "hard_bottom25_psnr_delta": 0.07017696380615235,
    "easy_top25_psnr_delta": 0.018754348754882813,
    "worst10pct_mean_psnr_delta": -0.17712999979654948,
    "best10pct_mean_psnr_delta": 0.29860350290934246,
    "worst10img_mean_psnr_delta": -0.2993114471435547,
    "best10img_mean_psnr_delta": 0.43064346313476565,
    "worst10_mean_psnr_delta": -0.17712999979654948,
    "best10_mean_psnr_delta": 0.29860350290934246,
    "mean_ssim_delta": -2.046028772989909e-06,
    "positive_ratio": 0.665,
    "strong_reference_cut_psnr": 42.755948066711426,
    "strong_reference_count": 150,
    "strong_regression_count_delta_le_-0.05": 39,
    "worst_regression_count_delta_le_-0.20": 14
  }
}
