{
  "runs": {
    "A0": {
      "label": "A0",
      "arch": "official_convir",
      "mode": "original",
      "checkpoint": "/sda/home/wangyuxin/ConvIR-B/checkpoints/official/Haze4K/haze4k-base.pkl",
      "depth_mode": "none",
      "count": 600,
      "mean_psnr": 39.32277844429016,
      "mean_ssim": 0.9955213409662247,
      "avg_time_sec_sync": 0.0453240430355072,
      "median_time_sec_sync": 0.04359328746795654,
      "peak_cuda_mem_mib": 535.56884765625
    },
    "DTA_v2_oof20_adapter_only_shuffle_seed3407_f3_final": {
      "label": "DTA_v2_oof20_adapter_only_shuffle_seed3407_f3_final",
      "arch": "dta_v2",
      "mode": "original",
      "checkpoint": "/sda/home/wangyuxin/ConvIR-B/repos/ConvIR-B-dta-v2-calibrated/Dehazing/ITS/results/ConvIR-Haze4K-DTA-v2-adapter_only-shuffle-seed3407-f3-oof20/Training-Results/Final.pkl",
      "depth_mode": "shuffle",
      "count": 600,
      "mean_psnr": 39.379131377538044,
      "mean_ssim": 0.995507825911045,
      "avg_time_sec_sync": 0.04842406233151754,
      "median_time_sec_sync": 0.04466140270233154,
      "peak_cuda_mem_mib": 540.49609375
    }
  },
  "comparison": {
    "common_count": 600,
    "mean_psnr_delta": 0.05635293324788412,
    "median_psnr_delta": 0.05177116394042969,
    "p5_psnr_delta": -0.3788923263549805,
    "p95_psnr_delta": 0.49867973327636683,
    "hard_bottom25_psnr_delta": 0.029949620564778647,
    "easy_top25_psnr_delta": 0.046934814453125,
    "worst10pct_mean_psnr_delta": -0.396091365814209,
    "best10pct_mean_psnr_delta": 0.5398743947347006,
    "worst10img_mean_psnr_delta": -0.5880260467529297,
    "best10img_mean_psnr_delta": 0.7438819885253907,
    "worst10_mean_psnr_delta": -0.396091365814209,
    "best10_mean_psnr_delta": 0.5398743947347006,
    "mean_ssim_delta": -1.3515055179595948e-05,
    "positive_ratio": 0.6033333333333334,
    "strong_reference_cut_psnr": 42.88805866241455,
    "strong_reference_count": 150,
    "strong_regression_count_delta_le_-0.05": 57,
    "worst_regression_count_delta_le_-0.20": 73
  }
}