{
  "runs": {
    "A0": {
      "label": "A0",
      "arch": "official_convir",
      "mode": "original",
      "checkpoint": "/sda/home/wangyuxin/ConvIR-B/checkpoints/official/Haze4K/haze4k-base.pkl",
      "depth_mode": "none",
      "airlight_mode": "none",
      "count": 600,
      "mean_psnr": 39.35034857114156,
      "mean_ssim": 0.9957262628277143,
      "avg_time_sec_sync": 0.03847179452578227,
      "median_time_sec_sync": 0.03582561016082764,
      "peak_cuda_mem_mib": 537.50634765625
    },
    "DTA_v35_v35_fdf_rcs_l1_fdf_lite_s004_g025_bm2_seed3407_f0_quick5full_fallback_train_normal": {
      "label": "DTA_v35_v35_fdf_rcs_l1_fdf_lite_s004_g025_bm2_seed3407_f0_quick5full_fallback_train_normal",
      "arch": "dta_v3",
      "mode": "modres",
      "checkpoint": "/sda/home/wangyuxin/ConvIR-B/repos/ConvIR-B-dta-v3-5-fdf-rcs-lite/Dehazing/ITS/results/ConvIR-Haze4K-DTA-v3-5-FDF-RCS-l1_fdf_lite_s004_g025_bm2-seed3407_f0-quick5full/Training-Results/Final.pkl",
      "depth_mode": "normal",
      "airlight_mode": "fallback",
      "count": 600,
      "mean_psnr": 39.344513680140174,
      "mean_ssim": 0.995717035929362,
      "avg_time_sec_sync": 0.04759144981702169,
      "median_time_sec_sync": 0.04620623588562012,
      "peak_cuda_mem_mib": 602.2802734375
    }
  },
  "comparison": {
    "common_count": 600,
    "mean_psnr_delta": -0.005834891001383464,
    "median_psnr_delta": -0.009866714477539062,
    "p5_psnr_delta": -0.31952686309814454,
    "p95_psnr_delta": 0.304665756225585,
    "hard_bottom25_psnr_delta": -0.020965449015299478,
    "easy_top25_psnr_delta": -0.006350377400716146,
    "worst10pct_mean_psnr_delta": -0.3478689193725586,
    "best10pct_mean_psnr_delta": 0.3454950968424479,
    "worst10img_mean_psnr_delta": -0.5446994781494141,
    "best10img_mean_psnr_delta": 0.5481304168701172,
    "worst10_mean_psnr_delta": -0.3478689193725586,
    "best10_mean_psnr_delta": 0.3454950968424479,
    "mean_ssim_delta": -9.226898352305095e-06,
    "positive_ratio": 0.47333333333333333,
    "strong_reference_cut_psnr": 42.755948066711426,
    "strong_reference_count": 150,
    "strong_regression_count_delta_le_-0.05": 50,
    "worst_regression_count_delta_le_-0.20": 74
  }
}