{
  "runs": {
    "A0": {
      "label": "A0",
      "arch": "official_convir",
      "mode": "original",
      "checkpoint": "/sda/home/wangyuxin/ConvIR-B/checkpoints/official/Haze4K/haze4k-base.pkl",
      "depth_mode": "none",
      "airlight_mode": "none",
      "count": 600,
      "mean_psnr": 39.35034857114156,
      "mean_ssim": 0.9957262628277143,
      "avg_time_sec_sync": 0.03239582975705465,
      "median_time_sec_sync": 0.0284956693649292,
      "peak_cuda_mem_mib": 535.95654296875
    },
    "DTA_v32_v32_safemix_c1_gate_seed3407_f0_scout5full_fallback_normal": {
      "label": "DTA_v32_v32_safemix_c1_gate_seed3407_f0_scout5full_fallback_normal",
      "arch": "dta_v3",
      "mode": "modres",
      "checkpoint": "/sda/home/wangyuxin/ConvIR-B/repos/ConvIR-B-dta-v3-dapc-finetune-v32-safemix/Dehazing/ITS/results/ConvIR-Haze4K-DTA-v3-2-SafeMix-c1_gate-seed3407-f0-scout5full/Training-Results/Final.pkl",
      "depth_mode": "normal",
      "airlight_mode": "fallback",
      "count": 600,
      "mean_psnr": 39.351205600102745,
      "mean_ssim": 0.9957044701774915,
      "avg_time_sec_sync": 0.045661993821461994,
      "median_time_sec_sync": 0.04680585861206055,
      "peak_cuda_mem_mib": 541.22705078125
    }
  },
  "comparison": {
    "common_count": 600,
    "mean_psnr_delta": 0.0008570289611816406,
    "median_psnr_delta": 0.00972747802734375,
    "p5_psnr_delta": -0.18891124725341796,
    "p95_psnr_delta": 0.17419643402099605,
    "hard_bottom25_psnr_delta": -0.010859273274739583,
    "easy_top25_psnr_delta": 0.020436299641927082,
    "worst10pct_mean_psnr_delta": -0.21686347325642905,
    "best10pct_mean_psnr_delta": 0.19297116597493488,
    "worst10img_mean_psnr_delta": -0.3382781982421875,
    "best10img_mean_psnr_delta": 0.30455665588378905,
    "worst10_mean_psnr_delta": -0.21686347325642905,
    "best10_mean_psnr_delta": 0.19297116597493488,
    "mean_ssim_delta": -2.179265022277832e-05,
    "positive_ratio": 0.5383333333333333,
    "strong_reference_cut_psnr": 42.755948066711426,
    "strong_reference_count": 150,
    "strong_regression_count_delta_le_-0.05": 32,
    "worst_regression_count_delta_le_-0.20": 27
  }
}