name,split,bucket,a0_psnr,udpnet_psnr,delta_psnr,a0_ssim,udpnet_ssim,delta_ssim,a0_time_sec,udpnet_time_sec,a0_peak_cuda_mem_mib,udpnet_peak_cuda_mem_mib
1012_0.85_1.28.png,val_regular,hard_bottom25_by_a0,38.42698669433594,39.57215118408203,1.1451644897460938,0.9647457003593445,0.97921222448349,0.014466524124145508,0.43904542922973633,0.15573954582214355,354.994140625,2026.869140625
1016_0.8_1.72.png,val_regular,easy_top25_by_a0,39.64661407470703,37.51496887207031,-2.1316452026367188,0.9955741763114929,0.9942185282707214,-0.0013556480407714844,0.023448467254638672,0.048963308334350586,366.5556640625,2030.2587890625
