{
  "runs": {
    "A0": {
      "label": "A0",
      "arch": "official_convir",
      "mode": "original",
      "checkpoint": "/sda/home/wangyuxin/ConvIR-B/checkpoints/official/Haze4K/haze4k-base.pkl",
      "depth_mode": "none",
      "airlight_mode": "none",
      "count": 600,
      "mean_psnr": 39.35034857114156,
      "mean_ssim": 0.9957262628277143,
      "avg_time_sec_sync": 0.03343590617179871,
      "median_time_sec_sync": 0.03380000591278076,
      "peak_cuda_mem_mib": 535.95654296875
    },
    "DTA_v32_v32_safemix_c1_gate_seed3407_f0_scout5full_gt_normal": {
      "label": "DTA_v32_v32_safemix_c1_gate_seed3407_f0_scout5full_gt_normal",
      "arch": "dta_v3",
      "mode": "modres",
      "checkpoint": "/sda/home/wangyuxin/ConvIR-B/repos/ConvIR-B-dta-v3-dapc-finetune-v32-safemix/Dehazing/ITS/results/ConvIR-Haze4K-DTA-v3-2-SafeMix-c1_gate-seed3407-f0-scout5full/Training-Results/Final.pkl",
      "depth_mode": "normal",
      "airlight_mode": "gt",
      "count": 600,
      "mean_psnr": 39.34797472318014,
      "mean_ssim": 0.9957034208377202,
      "avg_time_sec_sync": 0.03761736154556274,
      "median_time_sec_sync": 0.037323951721191406,
      "peak_cuda_mem_mib": 541.3994140625
    }
  },
  "comparison": {
    "common_count": 600,
    "mean_psnr_delta": -0.002373847961425781,
    "median_psnr_delta": 0.0071125030517578125,
    "p5_psnr_delta": -0.19496917724609375,
    "p95_psnr_delta": 0.16438255310058586,
    "hard_bottom25_psnr_delta": -0.013558425903320313,
    "easy_top25_psnr_delta": 0.016049601236979166,
    "worst10pct_mean_psnr_delta": -0.2143454869588216,
    "best10pct_mean_psnr_delta": 0.1832066535949707,
    "worst10img_mean_psnr_delta": -0.32810516357421876,
    "best10img_mean_psnr_delta": 0.2933353424072266,
    "worst10_mean_psnr_delta": -0.2143454869588216,
    "best10_mean_psnr_delta": 0.1832066535949707,
    "mean_ssim_delta": -2.2841989994049074e-05,
    "positive_ratio": 0.5266666666666666,
    "strong_reference_cut_psnr": 42.755948066711426,
    "strong_reference_count": 150,
    "strong_regression_count_delta_le_-0.05": 29,
    "worst_regression_count_delta_le_-0.20": 29
  }
}