{
  "runs": {
    "A0": {
      "label": "A0",
      "arch": "official_convir",
      "mode": "original",
      "checkpoint": "/sda/home/wangyuxin/ConvIR-B/checkpoints/official/Haze4K/haze4k-base.pkl",
      "depth_mode": "none",
      "airlight_mode": "none",
      "count": 600,
      "mean_psnr": 39.35034857114156,
      "mean_ssim": 0.9957262628277143,
      "avg_time_sec_sync": 0.040155449310938514,
      "median_time_sec_sync": 0.039695024490356445,
      "peak_cuda_mem_mib": 535.95654296875
    },
    "DTA_v33_v33_routerfusion_d2_lowphys_seed3407_f0_triage5full_fallback_invert": {
      "label": "DTA_v33_v33_routerfusion_d2_lowphys_seed3407_f0_triage5full_fallback_invert",
      "arch": "dta_v3",
      "mode": "modres",
      "checkpoint": "/sda/home/wangyuxin/ConvIR-B/repos/ConvIR-B-dta-v3-dapc-finetune-v33-routerfusion/Dehazing/ITS/results/ConvIR-Haze4K-DTA-v3-3-RouterFusion-d2_lowphys-seed3407-f0-triage5full/Training-Results/Final.pkl",
      "depth_mode": "invert",
      "airlight_mode": "fallback",
      "count": 600,
      "mean_psnr": 39.391934359868365,
      "mean_ssim": 0.9957128249605497,
      "avg_time_sec_sync": 0.04880999207496643,
      "median_time_sec_sync": 0.04906773567199707,
      "peak_cuda_mem_mib": 542.0234375
    }
  },
  "comparison": {
    "common_count": 600,
    "mean_psnr_delta": 0.04158578872680664,
    "median_psnr_delta": 0.04141044616699219,
    "p5_psnr_delta": -0.4246210098266602,
    "p95_psnr_delta": 0.4681123733520505,
    "hard_bottom25_psnr_delta": 0.01885704040527344,
    "easy_top25_psnr_delta": 0.05298082987467448,
    "worst10pct_mean_psnr_delta": -0.4273879369099935,
    "best10pct_mean_psnr_delta": 0.48698679606119794,
    "worst10img_mean_psnr_delta": -0.6452842712402344,
    "best10img_mean_psnr_delta": 0.7056564331054688,
    "worst10_mean_psnr_delta": -0.4273879369099935,
    "best10_mean_psnr_delta": 0.48698679606119794,
    "mean_ssim_delta": -1.3437867164611816e-05,
    "positive_ratio": 0.5966666666666667,
    "strong_reference_cut_psnr": 42.755948066711426,
    "strong_reference_count": 150,
    "strong_regression_count_delta_le_-0.05": 50,
    "worst_regression_count_delta_le_-0.20": 95
  }
}
