{
  "runs": {
    "a0": {
      "label": "a0",
      "arch": "convir",
      "mode": "original",
      "checkpoint": "/root/autodl-tmp/workspace/ConvIR-B/Dehazing/pretrained_models/haze4k-base.pkl",
      "count": 300,
      "mean_psnr": 39.469193318684894,
      "mean_ssim": 0.9956027700503667,
      "avg_time_sec_sync": 0.05243770917256673,
      "median_time_sec_sync": 0.04150533676147461,
      "peak_cuda_mem_mib": 535.27294921875
    },
    "v13a_best_val_regular": {
      "label": "v13a_best_val_regular",
      "arch": "dpga",
      "mode": "Best",
      "checkpoint": "/root/autodl-tmp/workspace/ConvIR-B-v1-3-hsdf/Dehazing/ITS/results/ConvIR-Haze4K-DPGA-v1.3A-HSDF-lossmask-hardaware-shallow-scale0p25-hardw1p2-t0p01-seed3407-20260604/Training-Results/Best.pkl",
      "count": 300,
      "mean_psnr": 39.49552588144938,
      "mean_ssim": 0.9956058039267858,
      "avg_time_sec_sync": 0.05097130060195923,
      "median_time_sec_sync": 0.043585896492004395,
      "peak_cuda_mem_mib": 546.7197265625
    }
  },
  "comparison": {
    "common_count": 300,
    "mean_psnr_delta": 0.026332562764485676,
    "median_psnr_delta": 0.012839317321777344,
    "p5_psnr_delta": -0.1320732116699219,
    "p95_psnr_delta": 0.20239429473876958,
    "hard_bottom25_psnr_delta": 0.01792338053385417,
    "easy_top25_psnr_delta": 0.02375986735026042,
    "worst10pct_mean_psnr_delta": -0.1420061747233073,
    "best10pct_mean_psnr_delta": 0.2156628926595052,
    "worst10img_mean_psnr_delta": -0.1937896728515625,
    "best10img_mean_psnr_delta": 0.2615386962890625,
    "worst10_mean_psnr_delta": -0.1420061747233073,
    "best10_mean_psnr_delta": 0.2156628926595052,
    "mean_ssim_delta": 3.0338764190673827e-06,
    "positive_ratio": 0.58,
    "strong_reference_cut_psnr": 42.45430278778076,
    "strong_reference_count": 75,
    "strong_regression_count_delta_le_-0.05": 15,
    "worst_regression_count_delta_le_-0.20": 4
  }
}