{
  "runs": {
    "a0": {
      "label": "a0",
      "arch": "convir",
      "mode": "original",
      "checkpoint": "/root/autodl-tmp/workspace/ConvIR-B/Dehazing/pretrained_models/haze4k-base.pkl",
      "count": 300,
      "mean_psnr": 34.24652523676554,
      "mean_ssim": 0.9936463155349096,
      "avg_time_sec_sync": 0.05398876905441284,
      "median_time_sec_sync": 0.04057621955871582,
      "peak_cuda_mem_mib": 536.22607421875
    },
    "v13a_final_val_hard": {
      "label": "v13a_final_val_hard",
      "arch": "dpga",
      "mode": "Final",
      "checkpoint": "/root/autodl-tmp/workspace/ConvIR-B-v1-3-hsdf/Dehazing/ITS/results/ConvIR-Haze4K-DPGA-v1.3A-HSDF-lossmask-hardaware-shallow-scale0p25-hardw1p2-t0p01-seed3407-20260604/Training-Results/Final.pkl",
      "count": 300,
      "mean_psnr": 34.26335364659627,
      "mean_ssim": 0.9936312393347422,
      "avg_time_sec_sync": 0.05268486738204956,
      "median_time_sec_sync": 0.04298269748687744,
      "peak_cuda_mem_mib": 546.939453125
    }
  },
  "comparison": {
    "common_count": 300,
    "mean_psnr_delta": 0.016828409830729165,
    "median_psnr_delta": 0.0111083984375,
    "p5_psnr_delta": -0.11274709701538085,
    "p95_psnr_delta": 0.15494842529296876,
    "hard_bottom25_psnr_delta": 0.01534937540690104,
    "easy_top25_psnr_delta": 0.024430084228515624,
    "worst10pct_mean_psnr_delta": -0.1170739491780599,
    "best10pct_mean_psnr_delta": 0.16554412841796876,
    "worst10img_mean_psnr_delta": -0.15190086364746094,
    "best10img_mean_psnr_delta": 0.21211929321289064,
    "worst10_mean_psnr_delta": -0.1170739491780599,
    "best10_mean_psnr_delta": 0.16554412841796876,
    "mean_ssim_delta": -1.5076200167338053e-05,
    "positive_ratio": 0.56,
    "strong_reference_cut_psnr": 36.437724113464355,
    "strong_reference_count": 75,
    "strong_regression_count_delta_le_-0.05": 13,
    "worst_regression_count_delta_le_-0.20": 0
  }
}