{
  "runs": {
    "a0": {
      "label": "a0",
      "arch": "convir",
      "mode": "original",
      "checkpoint": "/root/autodl-tmp/workspace/ConvIR-B/Dehazing/pretrained_models/haze4k-base.pkl",
      "count": 300,
      "mean_psnr": 39.46919339497884,
      "mean_ssim": 0.9956027628978094,
      "avg_time_sec_sync": 0.05148972034454346,
      "median_time_sec_sync": 0.04018568992614746,
      "peak_cuda_mem_mib": 535.27294921875
    },
    "v13a_final_val_regular": {
      "label": "v13a_final_val_regular",
      "arch": "dpga",
      "mode": "Final",
      "checkpoint": "/root/autodl-tmp/workspace/ConvIR-B-v1-3-hsdf/Dehazing/ITS/results/ConvIR-Haze4K-DPGA-v1.3A-HSDF-lossmask-hardaware-shallow-scale0p25-hardw1p2-t0p01-seed3407-20260604/Training-Results/Final.pkl",
      "count": 300,
      "mean_psnr": 39.488099555969235,
      "mean_ssim": 0.9955917543172836,
      "avg_time_sec_sync": 0.051900851726531985,
      "median_time_sec_sync": 0.042877793312072754,
      "peak_cuda_mem_mib": 546.7197265625
    }
  },
  "comparison": {
    "common_count": 300,
    "mean_psnr_delta": 0.018906160990397134,
    "median_psnr_delta": 0.006755828857421875,
    "p5_psnr_delta": -0.1337533950805664,
    "p95_psnr_delta": 0.20117778778076176,
    "hard_bottom25_psnr_delta": 0.00911834716796875,
    "easy_top25_psnr_delta": 0.019662272135416665,
    "worst10pct_mean_psnr_delta": -0.15028368631998698,
    "best10pct_mean_psnr_delta": 0.21452204386393228,
    "worst10img_mean_psnr_delta": -0.2062664031982422,
    "best10img_mean_psnr_delta": 0.26487007141113283,
    "worst10_mean_psnr_delta": -0.15028368631998698,
    "best10_mean_psnr_delta": 0.21452204386393228,
    "mean_ssim_delta": -1.1008580525716146e-05,
    "positive_ratio": 0.5533333333333333,
    "strong_reference_cut_psnr": 42.45430278778076,
    "strong_reference_count": 75,
    "strong_regression_count_delta_le_-0.05": 16,
    "worst_regression_count_delta_le_-0.20": 6
  }
}