{
  "runs": {
    "A0": {
      "label": "A0",
      "arch": "official_convir",
      "mode": "original",
      "checkpoint": "/sda/home/wangyuxin/ConvIR-B/checkpoints/official/Haze4K/haze4k-base.pkl",
      "depth_mode": "none",
      "airlight_mode": "none",
      "count": 600,
      "mean_psnr": 39.75955163955688,
      "mean_ssim": 0.995632650355498,
      "avg_time_sec_sync": 0.03583160360654195,
      "median_time_sec_sync": 0.031604647636413574,
      "peak_cuda_mem_mib": 536.99169921875
    },
    "DTA_v35_v35_fdf_rcs_l5_res015_tail_s004_g025_bm2_seed3407_f1_quick5full_fallback_train_shuffle": {
      "label": "DTA_v35_v35_fdf_rcs_l5_res015_tail_s004_g025_bm2_seed3407_f1_quick5full_fallback_train_shuffle",
      "arch": "dta_v3",
      "mode": "modres",
      "checkpoint": "/sda/home/wangyuxin/ConvIR-B/repos/ConvIR-B-dta-v3-5-fdf-rcs-lite/Dehazing/ITS/results/ConvIR-Haze4K-DTA-v3-5-FDF-RCS-l5_res015_tail_s004_g025_bm2-seed3407_f1-quick5full/Training-Results/Final.pkl",
      "depth_mode": "shuffle",
      "airlight_mode": "fallback",
      "count": 600,
      "mean_psnr": 39.78271093686422,
      "mean_ssim": 0.9956216143568357,
      "avg_time_sec_sync": 0.04660165508588155,
      "median_time_sec_sync": 0.04549682140350342,
      "peak_cuda_mem_mib": 604.26025390625
    }
  },
  "comparison": {
    "common_count": 600,
    "mean_psnr_delta": 0.023159297307332356,
    "median_psnr_delta": 0.028493881225585938,
    "p5_psnr_delta": -0.26962909698486326,
    "p95_psnr_delta": 0.3531776428222653,
    "hard_bottom25_psnr_delta": 0.021621437072753907,
    "easy_top25_psnr_delta": 0.036654459635416664,
    "worst10pct_mean_psnr_delta": -0.3400851885477702,
    "best10pct_mean_psnr_delta": 0.3828404108683268,
    "worst10img_mean_psnr_delta": -0.6359470367431641,
    "best10img_mean_psnr_delta": 0.5546577453613282,
    "worst10_mean_psnr_delta": -0.3400851885477702,
    "best10_mean_psnr_delta": 0.3828404108683268,
    "mean_ssim_delta": -1.1035998662312826e-05,
    "positive_ratio": 0.5683333333333334,
    "strong_reference_cut_psnr": 42.834919929504395,
    "strong_reference_count": 150,
    "strong_regression_count_delta_le_-0.05": 39,
    "worst_regression_count_delta_le_-0.20": 69
  }
}