{
  "runs": {
    "A0": {
      "label": "A0",
      "arch": "official_convir",
      "mode": "original",
      "checkpoint": "/sda/home/wangyuxin/ConvIR-B/checkpoints/official/Haze4K/haze4k-base.pkl",
      "depth_mode": "none",
      "count": 600,
      "mean_psnr": 39.32277844429016,
      "mean_ssim": 0.9955213409662247,
      "avg_time_sec_sync": 0.041439085006713866,
      "median_time_sec_sync": 0.03611457347869873,
      "peak_cuda_mem_mib": 535.56884765625
    },
    "DTA_v2_oof20_adapter_only_normal_seed3411_f3_final": {
      "label": "DTA_v2_oof20_adapter_only_normal_seed3411_f3_final",
      "arch": "dta_v2",
      "mode": "original",
      "checkpoint": "/sda/home/wangyuxin/ConvIR-B/repos/ConvIR-B-dta-v2-calibrated/Dehazing/ITS/results/ConvIR-Haze4K-DTA-v2-adapter_only-normal-seed3411-f3-oof20/Training-Results/Final.pkl",
      "depth_mode": "normal",
      "count": 600,
      "mean_psnr": 39.40900889396667,
      "mean_ssim": 0.9955057734251023,
      "avg_time_sec_sync": 0.03669605811436971,
      "median_time_sec_sync": 0.03286457061767578,
      "peak_cuda_mem_mib": 540.76171875
    }
  },
  "comparison": {
    "common_count": 600,
    "mean_psnr_delta": 0.08623044967651367,
    "median_psnr_delta": 0.08925247192382812,
    "p5_psnr_delta": -0.5043880462646484,
    "p95_psnr_delta": 0.6618873596191401,
    "hard_bottom25_psnr_delta": 0.05925249735514323,
    "easy_top25_psnr_delta": 0.03768875122070312,
    "worst10pct_mean_psnr_delta": -0.5510375658671062,
    "best10pct_mean_psnr_delta": 0.7035216013590495,
    "worst10img_mean_psnr_delta": -0.909487533569336,
    "best10img_mean_psnr_delta": 0.9673744201660156,
    "worst10_mean_psnr_delta": -0.5510375658671062,
    "best10_mean_psnr_delta": 0.7035216013590495,
    "mean_ssim_delta": -1.5567541122436524e-05,
    "positive_ratio": 0.6133333333333333,
    "strong_reference_cut_psnr": 42.88805866241455,
    "strong_reference_count": 150,
    "strong_regression_count_delta_le_-0.05": 58,
    "worst_regression_count_delta_le_-0.20": 105
  }
}