{
  "runs": {
    "A0": {
      "label": "A0",
      "arch": "official_convir",
      "mode": "original",
      "checkpoint": "/sda/home/wangyuxin/ConvIR-B/checkpoints/official/Haze4K/haze4k-base.pkl",
      "depth_mode": "none",
      "airlight_mode": "none",
      "count": 600,
      "mean_psnr": 39.35034857114156,
      "mean_ssim": 0.9957262628277143,
      "avg_time_sec_sync": 0.06767486731211345,
      "median_time_sec_sync": 0.06186854839324951,
      "peak_cuda_mem_mib": 537.50634765625
    },
    "DTA_v35_v35_fdf_rcs_l1_fdf_lite_s004_g025_bm2_seed3411_f0_quick5full_fallback_train_normal": {
      "label": "DTA_v35_v35_fdf_rcs_l1_fdf_lite_s004_g025_bm2_seed3411_f0_quick5full_fallback_train_normal",
      "arch": "dta_v3",
      "mode": "modres",
      "checkpoint": "/sda/home/wangyuxin/ConvIR-B/repos/ConvIR-B-dta-v3-5-fdf-rcs-lite/Dehazing/ITS/results/ConvIR-Haze4K-DTA-v3-5-FDF-RCS-l1_fdf_lite_s004_g025_bm2-seed3411_f0-quick5full/Training-Results/Final.pkl",
      "depth_mode": "normal",
      "airlight_mode": "fallback",
      "count": 600,
      "mean_psnr": 39.385257450739545,
      "mean_ssim": 0.9957309745748838,
      "avg_time_sec_sync": 0.07206251780192058,
      "median_time_sec_sync": 0.07268655300140381,
      "peak_cuda_mem_mib": 602.2802734375
    }
  },
  "comparison": {
    "common_count": 600,
    "mean_psnr_delta": 0.03490887959798177,
    "median_psnr_delta": 0.03127861022949219,
    "p5_psnr_delta": -0.2828479766845703,
    "p95_psnr_delta": 0.35028476715087875,
    "hard_bottom25_psnr_delta": 0.01715370178222656,
    "easy_top25_psnr_delta": 0.030168863932291668,
    "worst10pct_mean_psnr_delta": -0.3276798248291016,
    "best10pct_mean_psnr_delta": 0.37126522064208983,
    "worst10img_mean_psnr_delta": -0.5460941314697265,
    "best10img_mean_psnr_delta": 0.5094039916992188,
    "worst10_mean_psnr_delta": -0.3276798248291016,
    "best10_mean_psnr_delta": 0.37126522064208983,
    "mean_ssim_delta": 4.711747169494629e-06,
    "positive_ratio": 0.6033333333333334,
    "strong_reference_cut_psnr": 42.755948066711426,
    "strong_reference_count": 150,
    "strong_regression_count_delta_le_-0.05": 45,
    "worst_regression_count_delta_le_-0.20": 60
  }
}