{
  "runs": [
    {
      "label": "true",
      "train_depth": "invert",
      "eval_depth": "invert",
      "compare_dir": "/sda/home/wangyuxin/ConvIR-B/repos/ConvIR-B-dta-v3-5-fdf-rcs-lite/experience_docx/experiment_logs/haze4k_dta_v3_5_fdf_rcs_lite_20260612/dta_v3_5_v35_fdf_rcs_l5_res015_tail_s004_g025_bm2_seed3407_f1_quick5full_fallback_train_invert_compare",
      "common_count": 600,
      "mean_psnr_delta": 0.0771147092183431,
      "median_psnr_delta": 0.07751846313476562,
      "p5_psnr_delta": -0.37396392822265623,
      "p95_psnr_delta": 0.5204240798950194,
      "hard_bottom25_psnr_delta": 0.09341222127278646,
      "easy_top25_psnr_delta": 0.05656913757324219,
      "worst10pct_mean_psnr_delta": -0.448452631632487,
      "best10pct_mean_psnr_delta": 0.5784366607666016,
      "worst10img_mean_psnr_delta": -0.7981380462646485,
      "best10img_mean_psnr_delta": 0.8320388793945312,
      "worst10_mean_psnr_delta": -0.448452631632487,
      "best10_mean_psnr_delta": 0.5784366607666016,
      "mean_ssim_delta": 6.926457087198893e-06,
      "positive_ratio": 0.6416666666666667,
      "strong_reference_cut_psnr": 42.834919929504395,
      "strong_reference_count": 150,
      "strong_regression_count_delta_le_-0.05": 51,
      "worst_regression_count_delta_le_-0.20": 76
    },
    {
      "label": "zero",
      "train_depth": "invert",
      "eval_depth": "zero",
      "compare_dir": "/sda/home/wangyuxin/ConvIR-B/repos/ConvIR-B-dta-v3-5-fdf-rcs-lite/experience_docx/experiment_logs/haze4k_dta_v3_5_fdf_rcs_lite_20260612/dta_v3_5_v35_fdf_rcs_l5_res015_tail_s004_g025_bm2_seed3407_f1_quick5full_fallback_train_zero_compare",
      "common_count": 600,
      "mean_psnr_delta": 0.008377672831217448,
      "median_psnr_delta": 0.007823944091796875,
      "p5_psnr_delta": -0.27722835540771484,
      "p95_psnr_delta": 0.3193124771118161,
      "hard_bottom25_psnr_delta": 0.006841278076171875,
      "easy_top25_psnr_delta": 0.022033716837565106,
      "worst10pct_mean_psnr_delta": -0.32251030604044595,
      "best10pct_mean_psnr_delta": 0.33431917826334634,
      "worst10img_mean_psnr_delta": -0.5574626922607422,
      "best10img_mean_psnr_delta": 0.4901264190673828,
      "worst10_mean_psnr_delta": -0.32251030604044595,
      "best10_mean_psnr_delta": 0.33431917826334634,
      "mean_ssim_delta": -4.743129014968872e-05,
      "positive_ratio": 0.525,
      "strong_reference_cut_psnr": 42.834919929504395,
      "strong_reference_count": 150,
      "strong_regression_count_delta_le_-0.05": 37,
      "worst_regression_count_delta_le_-0.20": 64
    },
    {
      "label": "shuffle",
      "train_depth": "invert",
      "eval_depth": "shuffle",
      "compare_dir": "/sda/home/wangyuxin/ConvIR-B/repos/ConvIR-B-dta-v3-5-fdf-rcs-lite/experience_docx/experiment_logs/haze4k_dta_v3_5_fdf_rcs_lite_20260612/dta_v3_5_v35_fdf_rcs_l5_res015_tail_s004_g025_bm2_seed3407_f1_quick5full_fallback_train_shuffle_compare",
      "common_count": 600,
      "mean_psnr_delta": 0.023159297307332356,
      "median_psnr_delta": 0.028493881225585938,
      "p5_psnr_delta": -0.26962909698486326,
      "p95_psnr_delta": 0.3531776428222653,
      "hard_bottom25_psnr_delta": 0.021621437072753907,
      "easy_top25_psnr_delta": 0.036654459635416664,
      "worst10pct_mean_psnr_delta": -0.3400851885477702,
      "best10pct_mean_psnr_delta": 0.3828404108683268,
      "worst10img_mean_psnr_delta": -0.6359470367431641,
      "best10img_mean_psnr_delta": 0.5546577453613282,
      "worst10_mean_psnr_delta": -0.3400851885477702,
      "best10_mean_psnr_delta": 0.3828404108683268,
      "mean_ssim_delta": -1.1035998662312826e-05,
      "positive_ratio": 0.5683333333333334,
      "strong_reference_cut_psnr": 42.834919929504395,
      "strong_reference_count": 150,
      "strong_regression_count_delta_le_-0.05": 39,
      "worst_regression_count_delta_le_-0.20": 69
    },
    {
      "label": "normal",
      "train_depth": "invert",
      "eval_depth": "normal",
      "compare_dir": "/sda/home/wangyuxin/ConvIR-B/repos/ConvIR-B-dta-v3-5-fdf-rcs-lite/experience_docx/experiment_logs/haze4k_dta_v3_5_fdf_rcs_lite_20260612/dta_v3_5_v35_fdf_rcs_l5_res015_tail_s004_g025_bm2_seed3407_f1_quick5full_fallback_train_normal_compare",
      "common_count": 600,
      "mean_psnr_delta": 0.019447720845540365,
      "median_psnr_delta": 0.014677047729492188,
      "p5_psnr_delta": -0.26784496307373046,
      "p95_psnr_delta": 0.3542156219482417,
      "hard_bottom25_psnr_delta": 0.015191014607747395,
      "easy_top25_psnr_delta": 0.04120577494303385,
      "worst10pct_mean_psnr_delta": -0.32941446304321287,
      "best10pct_mean_psnr_delta": 0.37834593454996746,
      "worst10img_mean_psnr_delta": -0.6050037384033203,
      "best10img_mean_psnr_delta": 0.567563247680664,
      "worst10_mean_psnr_delta": -0.32941446304321287,
      "best10_mean_psnr_delta": 0.37834593454996746,
      "mean_ssim_delta": -4.621346791585286e-06,
      "positive_ratio": 0.5433333333333333,
      "strong_reference_cut_psnr": 42.834919929504395,
      "strong_reference_count": 150,
      "strong_regression_count_delta_le_-0.05": 40,
      "worst_regression_count_delta_le_-0.20": 59
    }
  ],
  "attribution": {
    "true_label": "true",
    "baseline_label": "zero",
    "common_count": 600,
    "mean_depth_surplus_psnr": 0.06873703638712565,
    "median_depth_surplus_psnr": 0.09087753295898438,
    "positive_surplus_ratio": 0.6933333333333334
  }
}