{
  "runs": [
    {
      "label": "true",
      "train_depth": "invert",
      "eval_depth": "invert",
      "compare_dir": "/sda/home/wangyuxin/ConvIR-B/repos/ConvIR-B-dta-v3-5-fdf-rcs-lite/experience_docx/experiment_logs/haze4k_dta_v3_5_fdf_rcs_lite_20260612/dta_v3_5_v35_fdf_rcs_l5_res010_tail_s004_g025_bm2_seed3411_f0_quick5full_fallback_train_invert_compare",
      "common_count": 600,
      "mean_psnr_delta": 0.07248538970947266,
      "median_psnr_delta": 0.07841300964355469,
      "p5_psnr_delta": -0.35992774963378904,
      "p95_psnr_delta": 0.4889020919799803,
      "hard_bottom25_psnr_delta": 0.07015556335449219,
      "easy_top25_psnr_delta": 0.047186965942382815,
      "worst10pct_mean_psnr_delta": -0.4080982208251953,
      "best10pct_mean_psnr_delta": 0.5088015874226888,
      "worst10img_mean_psnr_delta": -0.7117561340332031,
      "best10img_mean_psnr_delta": 0.6636116027832031,
      "worst10_mean_psnr_delta": -0.4080982208251953,
      "best10_mean_psnr_delta": 0.5088015874226888,
      "mean_ssim_delta": 1.5227595965067545e-05,
      "positive_ratio": 0.6316666666666667,
      "strong_reference_cut_psnr": 42.755948066711426,
      "strong_reference_count": 150,
      "strong_regression_count_delta_le_-0.05": 52,
      "worst_regression_count_delta_le_-0.20": 79
    },
    {
      "label": "zero",
      "train_depth": "invert",
      "eval_depth": "zero",
      "compare_dir": "/sda/home/wangyuxin/ConvIR-B/repos/ConvIR-B-dta-v3-5-fdf-rcs-lite/experience_docx/experiment_logs/haze4k_dta_v3_5_fdf_rcs_lite_20260612/dta_v3_5_v35_fdf_rcs_l5_res010_tail_s004_g025_bm2_seed3411_f0_quick5full_fallback_train_zero_compare",
      "common_count": 600,
      "mean_psnr_delta": 0.03187067667643229,
      "median_psnr_delta": 0.029222488403320312,
      "p5_psnr_delta": -0.2542234420776367,
      "p95_psnr_delta": 0.30982189178466785,
      "hard_bottom25_psnr_delta": 0.027075449625651043,
      "easy_top25_psnr_delta": 0.01551129659016927,
      "worst10pct_mean_psnr_delta": -0.2837810516357422,
      "best10pct_mean_psnr_delta": 0.3273096720377604,
      "worst10img_mean_psnr_delta": -0.46915206909179685,
      "best10img_mean_psnr_delta": 0.467431640625,
      "worst10_mean_psnr_delta": -0.2837810516357422,
      "best10_mean_psnr_delta": 0.3273096720377604,
      "mean_ssim_delta": -9.013712406158447e-06,
      "positive_ratio": 0.605,
      "strong_reference_cut_psnr": 42.755948066711426,
      "strong_reference_count": 150,
      "strong_regression_count_delta_le_-0.05": 41,
      "worst_regression_count_delta_le_-0.20": 49
    },
    {
      "label": "shuffle",
      "train_depth": "invert",
      "eval_depth": "shuffle",
      "compare_dir": "/sda/home/wangyuxin/ConvIR-B/repos/ConvIR-B-dta-v3-5-fdf-rcs-lite/experience_docx/experiment_logs/haze4k_dta_v3_5_fdf_rcs_lite_20260612/dta_v3_5_v35_fdf_rcs_l5_res010_tail_s004_g025_bm2_seed3411_f0_quick5full_fallback_train_shuffle_compare",
      "common_count": 600,
      "mean_psnr_delta": 0.03924789110819499,
      "median_psnr_delta": 0.036502838134765625,
      "p5_psnr_delta": -0.27867584228515624,
      "p95_psnr_delta": 0.36467838287353505,
      "hard_bottom25_psnr_delta": 0.02949827829996745,
      "easy_top25_psnr_delta": 0.02953625996907552,
      "worst10pct_mean_psnr_delta": -0.32280673980712893,
      "best10pct_mean_psnr_delta": 0.3728809356689453,
      "worst10img_mean_psnr_delta": -0.5348560333251953,
      "best10img_mean_psnr_delta": 0.5235004425048828,
      "worst10_mean_psnr_delta": -0.32280673980712893,
      "best10_mean_psnr_delta": 0.3728809356689453,
      "mean_ssim_delta": 4.7213832537333174e-06,
      "positive_ratio": 0.6,
      "strong_reference_cut_psnr": 42.755948066711426,
      "strong_reference_count": 150,
      "strong_regression_count_delta_le_-0.05": 44,
      "worst_regression_count_delta_le_-0.20": 57
    },
    {
      "label": "normal",
      "train_depth": "invert",
      "eval_depth": "normal",
      "compare_dir": "/sda/home/wangyuxin/ConvIR-B/repos/ConvIR-B-dta-v3-5-fdf-rcs-lite/experience_docx/experiment_logs/haze4k_dta_v3_5_fdf_rcs_lite_20260612/dta_v3_5_v35_fdf_rcs_l5_res010_tail_s004_g025_bm2_seed3411_f0_quick5full_fallback_train_normal_compare",
      "common_count": 600,
      "mean_psnr_delta": 0.037075799306233725,
      "median_psnr_delta": 0.037133216857910156,
      "p5_psnr_delta": -0.26731338500976565,
      "p95_psnr_delta": 0.3476686477661133,
      "hard_bottom25_psnr_delta": 0.02474164326985677,
      "easy_top25_psnr_delta": 0.02844548543294271,
      "worst10pct_mean_psnr_delta": -0.31450710296630857,
      "best10pct_mean_psnr_delta": 0.3621513366699219,
      "worst10img_mean_psnr_delta": -0.5240390777587891,
      "best10img_mean_psnr_delta": 0.49213447570800783,
      "worst10_mean_psnr_delta": -0.31450710296630857,
      "best10_mean_psnr_delta": 0.3621513366699219,
      "mean_ssim_delta": 6.44524892171224e-06,
      "positive_ratio": 0.6083333333333333,
      "strong_reference_cut_psnr": 42.755948066711426,
      "strong_reference_count": 150,
      "strong_regression_count_delta_le_-0.05": 44,
      "worst_regression_count_delta_le_-0.20": 58
    }
  ],
  "attribution": {
    "true_label": "true",
    "baseline_label": "zero",
    "common_count": 600,
    "mean_depth_surplus_psnr": 0.040614713033040366,
    "median_depth_surplus_psnr": 0.045989990234375,
    "positive_surplus_ratio": 0.67
  }
}