{
  "runs": [
    {
      "label": "true",
      "train_depth": "invert",
      "eval_depth": "invert",
      "compare_dir": "/sda/home/wangyuxin/ConvIR-B/repos/ConvIR-B-dta-v3-5-fdf-rcs-lite/experience_docx/experiment_logs/haze4k_dta_v3_5_fdf_rcs_lite_20260612/dta_v3_5_v35_fdf_rcs_l4_fdf_lite_tail_s004_g025_bm2_seed3407_f1_quick5full_fallback_train_invert_compare",
      "common_count": 600,
      "mean_psnr_delta": 0.0776787821451823,
      "median_psnr_delta": 0.08002090454101562,
      "p5_psnr_delta": -0.3748624801635742,
      "p95_psnr_delta": 0.5246068954467771,
      "hard_bottom25_psnr_delta": 0.09295387268066406,
      "easy_top25_psnr_delta": 0.05664883931477865,
      "worst10pct_mean_psnr_delta": -0.45371570587158205,
      "best10pct_mean_psnr_delta": 0.5847743352254232,
      "worst10img_mean_psnr_delta": -0.8080093383789062,
      "best10img_mean_psnr_delta": 0.8444084167480469,
      "worst10_mean_psnr_delta": -0.45371570587158205,
      "best10_mean_psnr_delta": 0.5847743352254232,
      "mean_ssim_delta": 5.268951257069905e-06,
      "positive_ratio": 0.6416666666666667,
      "strong_reference_cut_psnr": 42.834919929504395,
      "strong_reference_count": 150,
      "strong_regression_count_delta_le_-0.05": 53,
      "worst_regression_count_delta_le_-0.20": 82
    },
    {
      "label": "zero",
      "train_depth": "invert",
      "eval_depth": "zero",
      "compare_dir": "/sda/home/wangyuxin/ConvIR-B/repos/ConvIR-B-dta-v3-5-fdf-rcs-lite/experience_docx/experiment_logs/haze4k_dta_v3_5_fdf_rcs_lite_20260612/dta_v3_5_v35_fdf_rcs_l4_fdf_lite_tail_s004_g025_bm2_seed3407_f1_quick5full_fallback_train_zero_compare",
      "common_count": 600,
      "mean_psnr_delta": 0.001129163106282552,
      "median_psnr_delta": 0.0042018890380859375,
      "p5_psnr_delta": -0.2886796951293945,
      "p95_psnr_delta": 0.3092119216918945,
      "hard_bottom25_psnr_delta": -0.0017375437418619792,
      "easy_top25_psnr_delta": 0.016070836385091145,
      "worst10pct_mean_psnr_delta": -0.3309067090352376,
      "best10pct_mean_psnr_delta": 0.32362543741861977,
      "worst10img_mean_psnr_delta": -0.5597618103027344,
      "best10img_mean_psnr_delta": 0.4752532958984375,
      "worst10_mean_psnr_delta": -0.3309067090352376,
      "best10_mean_psnr_delta": 0.32362543741861977,
      "mean_ssim_delta": -5.613863468170166e-05,
      "positive_ratio": 0.5183333333333333,
      "strong_reference_cut_psnr": 42.834919929504395,
      "strong_reference_count": 150,
      "strong_regression_count_delta_le_-0.05": 42,
      "worst_regression_count_delta_le_-0.20": 66
    },
    {
      "label": "shuffle",
      "train_depth": "invert",
      "eval_depth": "shuffle",
      "compare_dir": "/sda/home/wangyuxin/ConvIR-B/repos/ConvIR-B-dta-v3-5-fdf-rcs-lite/experience_docx/experiment_logs/haze4k_dta_v3_5_fdf_rcs_lite_20260612/dta_v3_5_v35_fdf_rcs_l4_fdf_lite_tail_s004_g025_bm2_seed3407_f1_quick5full_fallback_train_shuffle_compare",
      "common_count": 600,
      "mean_psnr_delta": 0.017716538111368814,
      "median_psnr_delta": 0.023723602294921875,
      "p5_psnr_delta": -0.2734825134277344,
      "p95_psnr_delta": 0.3447074890136717,
      "hard_bottom25_psnr_delta": 0.013954175313313803,
      "easy_top25_psnr_delta": 0.03360951741536458,
      "worst10pct_mean_psnr_delta": -0.3417255401611328,
      "best10pct_mean_psnr_delta": 0.3717979431152344,
      "worst10img_mean_psnr_delta": -0.6337429046630859,
      "best10img_mean_psnr_delta": 0.5438751220703125,
      "worst10_mean_psnr_delta": -0.3417255401611328,
      "best10_mean_psnr_delta": 0.3717979431152344,
      "mean_ssim_delta": -1.5695194403330485e-05,
      "positive_ratio": 0.5583333333333333,
      "strong_reference_cut_psnr": 42.834919929504395,
      "strong_reference_count": 150,
      "strong_regression_count_delta_le_-0.05": 40,
      "worst_regression_count_delta_le_-0.20": 69
    },
    {
      "label": "normal",
      "train_depth": "invert",
      "eval_depth": "normal",
      "compare_dir": "/sda/home/wangyuxin/ConvIR-B/repos/ConvIR-B-dta-v3-5-fdf-rcs-lite/experience_docx/experiment_logs/haze4k_dta_v3_5_fdf_rcs_lite_20260612/dta_v3_5_v35_fdf_rcs_l4_fdf_lite_tail_s004_g025_bm2_seed3407_f1_quick5full_fallback_train_normal_compare",
      "common_count": 600,
      "mean_psnr_delta": 0.01354942003885905,
      "median_psnr_delta": 0.008420944213867188,
      "p5_psnr_delta": -0.269990348815918,
      "p95_psnr_delta": 0.34589843749999977,
      "hard_bottom25_psnr_delta": 0.0068552780151367185,
      "easy_top25_psnr_delta": 0.03857704162597656,
      "worst10pct_mean_psnr_delta": -0.32971464792887367,
      "best10pct_mean_psnr_delta": 0.36789798736572266,
      "worst10img_mean_psnr_delta": -0.5995704650878906,
      "best10img_mean_psnr_delta": 0.5592529296875,
      "worst10_mean_psnr_delta": -0.32971464792887367,
      "best10_mean_psnr_delta": 0.36789798736572266,
      "mean_ssim_delta": -8.794864018758139e-06,
      "positive_ratio": 0.5283333333333333,
      "strong_reference_cut_psnr": 42.834919929504395,
      "strong_reference_count": 150,
      "strong_regression_count_delta_le_-0.05": 41,
      "worst_regression_count_delta_le_-0.20": 61
    }
  ],
  "attribution": {
    "true_label": "true",
    "baseline_label": "zero",
    "common_count": 600,
    "mean_depth_surplus_psnr": 0.07654961903889974,
    "median_depth_surplus_psnr": 0.09929561614990234,
    "positive_surplus_ratio": 0.6966666666666667
  }
}