{
  "runs": [
    {
      "label": "true",
      "train_depth": "invert",
      "eval_depth": "invert",
      "compare_dir": "/sda/home/wangyuxin/ConvIR-B/repos/ConvIR-B-dta-v3-5-fdf-rcs-lite/experience_docx/experiment_logs/haze4k_dta_v3_5_fdf_rcs_lite_20260612/dta_v3_5_v35_fdf_rcs_l1_fdf_lite_s004_g025_bm2_seed3407_f0_quick5full_fallback_train_invert_compare",
      "common_count": 600,
      "mean_psnr_delta": 0.0611430295308431,
      "median_psnr_delta": 0.06462478637695312,
      "p5_psnr_delta": -0.3840805053710938,
      "p95_psnr_delta": 0.5006359100341796,
      "hard_bottom25_psnr_delta": 0.05732449849446614,
      "easy_top25_psnr_delta": 0.0425164794921875,
      "worst10pct_mean_psnr_delta": -0.444238535563151,
      "best10pct_mean_psnr_delta": 0.5405016581217448,
      "worst10img_mean_psnr_delta": -0.7208324432373047,
      "best10img_mean_psnr_delta": 0.7961891174316407,
      "worst10_mean_psnr_delta": -0.444238535563151,
      "best10_mean_psnr_delta": 0.5405016581217448,
      "mean_ssim_delta": 1.3766586780548096e-05,
      "positive_ratio": 0.6183333333333333,
      "strong_reference_cut_psnr": 42.755948066711426,
      "strong_reference_count": 150,
      "strong_regression_count_delta_le_-0.05": 50,
      "worst_regression_count_delta_le_-0.20": 87
    },
    {
      "label": "zero",
      "train_depth": "invert",
      "eval_depth": "zero",
      "compare_dir": "/sda/home/wangyuxin/ConvIR-B/repos/ConvIR-B-dta-v3-5-fdf-rcs-lite/experience_docx/experiment_logs/haze4k_dta_v3_5_fdf_rcs_lite_20260612/dta_v3_5_v35_fdf_rcs_l1_fdf_lite_s004_g025_bm2_seed3407_f0_quick5full_fallback_train_zero_compare",
      "common_count": 600,
      "mean_psnr_delta": -0.020290826161702472,
      "median_psnr_delta": -0.0229949951171875,
      "p5_psnr_delta": -0.2981464385986328,
      "p95_psnr_delta": 0.25486698150634757,
      "hard_bottom25_psnr_delta": -0.01906702677408854,
      "easy_top25_psnr_delta": -0.04093963623046875,
      "worst10pct_mean_psnr_delta": -0.33922462463378905,
      "best10pct_mean_psnr_delta": 0.29156471888224283,
      "worst10img_mean_psnr_delta": -0.5466739654541015,
      "best10img_mean_psnr_delta": 0.5084274291992188,
      "worst10_mean_psnr_delta": -0.33922462463378905,
      "best10_mean_psnr_delta": 0.29156471888224283,
      "mean_ssim_delta": -4.801899194717407e-05,
      "positive_ratio": 0.42333333333333334,
      "strong_reference_cut_psnr": 42.755948066711426,
      "strong_reference_count": 150,
      "strong_regression_count_delta_le_-0.05": 66,
      "worst_regression_count_delta_le_-0.20": 64
    },
    {
      "label": "shuffle",
      "train_depth": "invert",
      "eval_depth": "shuffle",
      "compare_dir": "/sda/home/wangyuxin/ConvIR-B/repos/ConvIR-B-dta-v3-5-fdf-rcs-lite/experience_docx/experiment_logs/haze4k_dta_v3_5_fdf_rcs_lite_20260612/dta_v3_5_v35_fdf_rcs_l1_fdf_lite_s004_g025_bm2_seed3407_f0_quick5full_fallback_train_shuffle_compare",
      "common_count": 600,
      "mean_psnr_delta": -0.0018763160705566407,
      "median_psnr_delta": -0.005741119384765625,
      "p5_psnr_delta": -0.310382080078125,
      "p95_psnr_delta": 0.3058368682861327,
      "hard_bottom25_psnr_delta": -0.012864201863606772,
      "easy_top25_psnr_delta": -0.0037448628743489585,
      "worst10pct_mean_psnr_delta": -0.34436041514078775,
      "best10pct_mean_psnr_delta": 0.34465338389078776,
      "worst10img_mean_psnr_delta": -0.5568309783935547,
      "best10img_mean_psnr_delta": 0.5859375,
      "worst10_mean_psnr_delta": -0.34436041514078775,
      "best10_mean_psnr_delta": 0.34465338389078776,
      "mean_ssim_delta": -1.2214978535970052e-05,
      "positive_ratio": 0.48833333333333334,
      "strong_reference_cut_psnr": 42.755948066711426,
      "strong_reference_count": 150,
      "strong_regression_count_delta_le_-0.05": 44,
      "worst_regression_count_delta_le_-0.20": 74
    },
    {
      "label": "normal",
      "train_depth": "invert",
      "eval_depth": "normal",
      "compare_dir": "/sda/home/wangyuxin/ConvIR-B/repos/ConvIR-B-dta-v3-5-fdf-rcs-lite/experience_docx/experiment_logs/haze4k_dta_v3_5_fdf_rcs_lite_20260612/dta_v3_5_v35_fdf_rcs_l1_fdf_lite_s004_g025_bm2_seed3407_f0_quick5full_fallback_train_normal_compare",
      "common_count": 600,
      "mean_psnr_delta": -0.005834891001383464,
      "median_psnr_delta": -0.009866714477539062,
      "p5_psnr_delta": -0.31952686309814454,
      "p95_psnr_delta": 0.304665756225585,
      "hard_bottom25_psnr_delta": -0.020965449015299478,
      "easy_top25_psnr_delta": -0.006350377400716146,
      "worst10pct_mean_psnr_delta": -0.3478689193725586,
      "best10pct_mean_psnr_delta": 0.3454950968424479,
      "worst10img_mean_psnr_delta": -0.5446994781494141,
      "best10img_mean_psnr_delta": 0.5481304168701172,
      "worst10_mean_psnr_delta": -0.3478689193725586,
      "best10_mean_psnr_delta": 0.3454950968424479,
      "mean_ssim_delta": -9.226898352305095e-06,
      "positive_ratio": 0.47333333333333333,
      "strong_reference_cut_psnr": 42.755948066711426,
      "strong_reference_count": 150,
      "strong_regression_count_delta_le_-0.05": 50,
      "worst_regression_count_delta_le_-0.20": 74
    }
  ],
  "attribution": {
    "true_label": "true",
    "baseline_label": "zero",
    "common_count": 600,
    "mean_depth_surplus_psnr": 0.08143385569254558,
    "median_depth_surplus_psnr": 0.08983612060546875,
    "positive_surplus_ratio": 0.6916666666666667
  }
}