{
  "runs": [
    {
      "label": "true",
      "train_depth": "invert",
      "eval_depth": "invert",
      "compare_dir": "/sda/home/wangyuxin/ConvIR-B/repos/ConvIR-B-dta-v3-5-fdf-rcs-lite/experience_docx/experiment_logs/haze4k_dta_v3_5_fdf_rcs_lite_20260612/dta_v3_5_v35_fdf_rcs_l3_fdf_lite_s004_g015_bm2_seed3411_f1_quick5full_fallback_train_invert_compare",
      "common_count": 600,
      "mean_psnr_delta": 0.0549484125773112,
      "median_psnr_delta": 0.0608367919921875,
      "p5_psnr_delta": -0.3088632583618164,
      "p95_psnr_delta": 0.3994064331054687,
      "hard_bottom25_psnr_delta": 0.09065409342447917,
      "easy_top25_psnr_delta": 0.03216570536295573,
      "worst10pct_mean_psnr_delta": -0.35276177724202473,
      "best10pct_mean_psnr_delta": 0.4415234883626302,
      "worst10img_mean_psnr_delta": -0.5996383666992188,
      "best10img_mean_psnr_delta": 0.6444744110107422,
      "worst10_mean_psnr_delta": -0.35276177724202473,
      "best10_mean_psnr_delta": 0.4415234883626302,
      "mean_ssim_delta": 3.046462933222453e-05,
      "positive_ratio": 0.6233333333333333,
      "strong_reference_cut_psnr": 42.834919929504395,
      "strong_reference_count": 150,
      "strong_regression_count_delta_le_-0.05": 49,
      "worst_regression_count_delta_le_-0.20": 61
    },
    {
      "label": "zero",
      "train_depth": "invert",
      "eval_depth": "zero",
      "compare_dir": "/sda/home/wangyuxin/ConvIR-B/repos/ConvIR-B-dta-v3-5-fdf-rcs-lite/experience_docx/experiment_logs/haze4k_dta_v3_5_fdf_rcs_lite_20260612/dta_v3_5_v35_fdf_rcs_l3_fdf_lite_s004_g015_bm2_seed3411_f1_quick5full_fallback_train_zero_compare",
      "common_count": 600,
      "mean_psnr_delta": 0.008035640716552734,
      "median_psnr_delta": 0.009012222290039062,
      "p5_psnr_delta": -0.2100534439086914,
      "p95_psnr_delta": 0.24124660491943353,
      "hard_bottom25_psnr_delta": 0.03245531717936198,
      "easy_top25_psnr_delta": 0.005689214070638021,
      "worst10pct_mean_psnr_delta": -0.26842575073242186,
      "best10pct_mean_psnr_delta": 0.27788168589274087,
      "worst10img_mean_psnr_delta": -0.5312202453613282,
      "best10img_mean_psnr_delta": 0.4708301544189453,
      "worst10_mean_psnr_delta": -0.26842575073242186,
      "best10_mean_psnr_delta": 0.27788168589274087,
      "mean_ssim_delta": 3.948509693145752e-06,
      "positive_ratio": 0.5266666666666666,
      "strong_reference_cut_psnr": 42.834919929504395,
      "strong_reference_count": 150,
      "strong_regression_count_delta_le_-0.05": 44,
      "worst_regression_count_delta_le_-0.20": 37
    },
    {
      "label": "shuffle",
      "train_depth": "invert",
      "eval_depth": "shuffle",
      "compare_dir": "/sda/home/wangyuxin/ConvIR-B/repos/ConvIR-B-dta-v3-5-fdf-rcs-lite/experience_docx/experiment_logs/haze4k_dta_v3_5_fdf_rcs_lite_20260612/dta_v3_5_v35_fdf_rcs_l3_fdf_lite_s004_g015_bm2_seed3411_f1_quick5full_fallback_train_shuffle_compare",
      "common_count": 600,
      "mean_psnr_delta": 0.017164475123087566,
      "median_psnr_delta": 0.0150604248046875,
      "p5_psnr_delta": -0.2539241790771484,
      "p95_psnr_delta": 0.28191242218017565,
      "hard_bottom25_psnr_delta": 0.042440910339355466,
      "easy_top25_psnr_delta": 0.013970540364583334,
      "worst10pct_mean_psnr_delta": -0.30033528010050453,
      "best10pct_mean_psnr_delta": 0.31671272913614906,
      "worst10img_mean_psnr_delta": -0.5568309783935547,
      "best10img_mean_psnr_delta": 0.5087799072265625,
      "worst10_mean_psnr_delta": -0.30033528010050453,
      "best10_mean_psnr_delta": 0.31671272913614906,
      "mean_ssim_delta": 2.0636916160583497e-05,
      "positive_ratio": 0.5533333333333333,
      "strong_reference_cut_psnr": 42.834919929504395,
      "strong_reference_count": 150,
      "strong_regression_count_delta_le_-0.05": 44,
      "worst_regression_count_delta_le_-0.20": 50
    },
    {
      "label": "normal",
      "train_depth": "invert",
      "eval_depth": "normal",
      "compare_dir": "/sda/home/wangyuxin/ConvIR-B/repos/ConvIR-B-dta-v3-5-fdf-rcs-lite/experience_docx/experiment_logs/haze4k_dta_v3_5_fdf_rcs_lite_20260612/dta_v3_5_v35_fdf_rcs_l3_fdf_lite_s004_g015_bm2_seed3411_f1_quick5full_fallback_train_normal_compare",
      "common_count": 600,
      "mean_psnr_delta": 0.014311348597208659,
      "median_psnr_delta": 0.017309188842773438,
      "p5_psnr_delta": -0.2564800262451172,
      "p95_psnr_delta": 0.2789363861083984,
      "hard_bottom25_psnr_delta": 0.0379513676961263,
      "easy_top25_psnr_delta": 0.015655136108398436,
      "worst10pct_mean_psnr_delta": -0.297228749593099,
      "best10pct_mean_psnr_delta": 0.3112899462381999,
      "worst10img_mean_psnr_delta": -0.546719741821289,
      "best10img_mean_psnr_delta": 0.4973735809326172,
      "worst10_mean_psnr_delta": -0.297228749593099,
      "best10_mean_psnr_delta": 0.3112899462381999,
      "mean_ssim_delta": 2.391725778579712e-05,
      "positive_ratio": 0.5466666666666666,
      "strong_reference_cut_psnr": 42.834919929504395,
      "strong_reference_count": 150,
      "strong_regression_count_delta_le_-0.05": 44,
      "worst_regression_count_delta_le_-0.20": 47
    }
  ],
  "attribution": {
    "true_label": "true",
    "baseline_label": "zero",
    "common_count": 600,
    "mean_depth_surplus_psnr": 0.04691277186075846,
    "median_depth_surplus_psnr": 0.06413078308105469,
    "positive_surplus_ratio": 0.6916666666666667
  }
}