{
  "runs": [
    {
      "label": "true",
      "train_depth": "invert",
      "eval_depth": "invert",
      "compare_dir": "/sda/home/wangyuxin/ConvIR-B/repos/ConvIR-B-dta-v3-5-fdf-rcs-lite/experience_docx/experiment_logs/haze4k_dta_v3_5_fdf_rcs_lite_20260612/dta_v3_5_v35_fdf_rcs_l3_fdf_lite_s004_g015_bm2_seed3407_f0_quick5full_fallback_train_invert_compare",
      "common_count": 600,
      "mean_psnr_delta": 0.05368243217468262,
      "median_psnr_delta": 0.05216789245605469,
      "p5_psnr_delta": -0.3624713897705078,
      "p95_psnr_delta": 0.4397781372070307,
      "hard_bottom25_psnr_delta": 0.05301334381103515,
      "easy_top25_psnr_delta": 0.03562962849934896,
      "worst10pct_mean_psnr_delta": -0.4001708984375,
      "best10pct_mean_psnr_delta": 0.4854355494181315,
      "worst10img_mean_psnr_delta": -0.6429267883300781,
      "best10img_mean_psnr_delta": 0.739813232421875,
      "worst10_mean_psnr_delta": -0.4001708984375,
      "best10_mean_psnr_delta": 0.4854355494181315,
      "mean_ssim_delta": 1.601894696553548e-05,
      "positive_ratio": 0.6183333333333333,
      "strong_reference_cut_psnr": 42.755948066711426,
      "strong_reference_count": 150,
      "strong_regression_count_delta_le_-0.05": 47,
      "worst_regression_count_delta_le_-0.20": 81
    },
    {
      "label": "zero",
      "train_depth": "invert",
      "eval_depth": "zero",
      "compare_dir": "/sda/home/wangyuxin/ConvIR-B/repos/ConvIR-B-dta-v3-5-fdf-rcs-lite/experience_docx/experiment_logs/haze4k_dta_v3_5_fdf_rcs_lite_20260612/dta_v3_5_v35_fdf_rcs_l3_fdf_lite_s004_g015_bm2_seed3407_f0_quick5full_fallback_train_zero_compare",
      "common_count": 600,
      "mean_psnr_delta": -0.01362471580505371,
      "median_psnr_delta": -0.011842727661132812,
      "p5_psnr_delta": -0.29270057678222655,
      "p95_psnr_delta": 0.25680179595947245,
      "hard_bottom25_psnr_delta": -0.010971514383951823,
      "easy_top25_psnr_delta": -0.03283302307128906,
      "worst10pct_mean_psnr_delta": -0.321560541788737,
      "best10pct_mean_psnr_delta": 0.2932647705078125,
      "worst10img_mean_psnr_delta": -0.5197456359863282,
      "best10img_mean_psnr_delta": 0.5057342529296875,
      "worst10_mean_psnr_delta": -0.321560541788737,
      "best10_mean_psnr_delta": 0.2932647705078125,
      "mean_ssim_delta": -3.4425656000773115e-05,
      "positive_ratio": 0.4483333333333333,
      "strong_reference_cut_psnr": 42.755948066711426,
      "strong_reference_count": 150,
      "strong_regression_count_delta_le_-0.05": 61,
      "worst_regression_count_delta_le_-0.20": 53
    },
    {
      "label": "shuffle",
      "train_depth": "invert",
      "eval_depth": "shuffle",
      "compare_dir": "/sda/home/wangyuxin/ConvIR-B/repos/ConvIR-B-dta-v3-5-fdf-rcs-lite/experience_docx/experiment_logs/haze4k_dta_v3_5_fdf_rcs_lite_20260612/dta_v3_5_v35_fdf_rcs_l3_fdf_lite_s004_g015_bm2_seed3407_f0_quick5full_fallback_train_shuffle_compare",
      "common_count": 600,
      "mean_psnr_delta": 0.002307866414388021,
      "median_psnr_delta": -0.0008697509765625,
      "p5_psnr_delta": -0.2987089157104492,
      "p95_psnr_delta": 0.30749740600585934,
      "hard_bottom25_psnr_delta": -0.005008494059244792,
      "easy_top25_psnr_delta": -0.0016017659505208333,
      "worst10pct_mean_psnr_delta": -0.3312982559204102,
      "best10pct_mean_psnr_delta": 0.34129727681477867,
      "worst10img_mean_psnr_delta": -0.5342735290527344,
      "best10img_mean_psnr_delta": 0.5770099639892579,
      "worst10_mean_psnr_delta": -0.3312982559204102,
      "best10_mean_psnr_delta": 0.34129727681477867,
      "mean_ssim_delta": -5.245904127756755e-06,
      "positive_ratio": 0.49833333333333335,
      "strong_reference_cut_psnr": 42.755948066711426,
      "strong_reference_count": 150,
      "strong_regression_count_delta_le_-0.05": 45,
      "worst_regression_count_delta_le_-0.20": 70
    },
    {
      "label": "normal",
      "train_depth": "invert",
      "eval_depth": "normal",
      "compare_dir": "/sda/home/wangyuxin/ConvIR-B/repos/ConvIR-B-dta-v3-5-fdf-rcs-lite/experience_docx/experiment_logs/haze4k_dta_v3_5_fdf_rcs_lite_20260612/dta_v3_5_v35_fdf_rcs_l3_fdf_lite_s004_g015_bm2_seed3407_f0_quick5full_fallback_train_normal_compare",
      "common_count": 600,
      "mean_psnr_delta": -0.0008156998952229818,
      "median_psnr_delta": -0.0015621185302734375,
      "p5_psnr_delta": -0.3086589813232422,
      "p95_psnr_delta": 0.31072826385498,
      "hard_bottom25_psnr_delta": -0.01137335459391276,
      "easy_top25_psnr_delta": -0.0035541534423828127,
      "worst10pct_mean_psnr_delta": -0.3349472999572754,
      "best10pct_mean_psnr_delta": 0.34390621185302733,
      "worst10img_mean_psnr_delta": -0.5229057312011719,
      "best10img_mean_psnr_delta": 0.5441814422607422,
      "worst10_mean_psnr_delta": -0.3349472999572754,
      "best10_mean_psnr_delta": 0.34390621185302733,
      "mean_ssim_delta": -2.797047297159831e-06,
      "positive_ratio": 0.49166666666666664,
      "strong_reference_cut_psnr": 42.755948066711426,
      "strong_reference_count": 150,
      "strong_regression_count_delta_le_-0.05": 48,
      "worst_regression_count_delta_le_-0.20": 68
    }
  ],
  "attribution": {
    "true_label": "true",
    "baseline_label": "zero",
    "common_count": 600,
    "mean_depth_surplus_psnr": 0.06730714797973633,
    "median_depth_surplus_psnr": 0.07388019561767578,
    "positive_surplus_ratio": 0.6916666666666667
  }
}