{
  "runs": [
    {
      "label": "true",
      "train_depth": "invert",
      "eval_depth": "invert",
      "compare_dir": "/sda/home/wangyuxin/ConvIR-B/repos/ConvIR-B-dta-v3-5-fdf-rcs-lite/experience_docx/experiment_logs/haze4k_dta_v3_5_fdf_rcs_lite_20260612/dta_v3_5_v35_fdf_rcs_l5_res015_tail_s004_g025_bm2_seed3411_f1_quick5full_fallback_train_invert_compare",
      "common_count": 600,
      "mean_psnr_delta": 0.05810600916544596,
      "median_psnr_delta": 0.06157875061035156,
      "p5_psnr_delta": -0.32847957611083983,
      "p95_psnr_delta": 0.4363451004028319,
      "hard_bottom25_psnr_delta": 0.09407676696777344,
      "easy_top25_psnr_delta": 0.03588790893554687,
      "worst10pct_mean_psnr_delta": -0.37804718017578126,
      "best10pct_mean_psnr_delta": 0.47163645426432294,
      "worst10img_mean_psnr_delta": -0.6288105010986328,
      "best10img_mean_psnr_delta": 0.6905616760253906,
      "worst10_mean_psnr_delta": -0.37804718017578126,
      "best10_mean_psnr_delta": 0.47163645426432294,
      "mean_ssim_delta": 3.008107344309489e-05,
      "positive_ratio": 0.6283333333333333,
      "strong_reference_cut_psnr": 42.834919929504395,
      "strong_reference_count": 150,
      "strong_regression_count_delta_le_-0.05": 49,
      "worst_regression_count_delta_le_-0.20": 67
    },
    {
      "label": "zero",
      "train_depth": "invert",
      "eval_depth": "zero",
      "compare_dir": "/sda/home/wangyuxin/ConvIR-B/repos/ConvIR-B-dta-v3-5-fdf-rcs-lite/experience_docx/experiment_logs/haze4k_dta_v3_5_fdf_rcs_lite_20260612/dta_v3_5_v35_fdf_rcs_l5_res015_tail_s004_g025_bm2_seed3411_f1_quick5full_fallback_train_zero_compare",
      "common_count": 600,
      "mean_psnr_delta": 0.012229302724202473,
      "median_psnr_delta": 0.010412216186523438,
      "p5_psnr_delta": -0.21614513397216797,
      "p95_psnr_delta": 0.2614076614379882,
      "hard_bottom25_psnr_delta": 0.037454655965169274,
      "easy_top25_psnr_delta": 0.008495254516601563,
      "worst10pct_mean_psnr_delta": -0.2722269058227539,
      "best10pct_mean_psnr_delta": 0.29266061782836916,
      "worst10img_mean_psnr_delta": -0.5369632720947266,
      "best10img_mean_psnr_delta": 0.4955940246582031,
      "worst10_mean_psnr_delta": -0.2722269058227539,
      "best10_mean_psnr_delta": 0.29266061782836916,
      "mean_ssim_delta": 4.175901412963867e-06,
      "positive_ratio": 0.545,
      "strong_reference_cut_psnr": 42.834919929504395,
      "strong_reference_count": 150,
      "strong_regression_count_delta_le_-0.05": 44,
      "worst_regression_count_delta_le_-0.20": 33
    },
    {
      "label": "shuffle",
      "train_depth": "invert",
      "eval_depth": "shuffle",
      "compare_dir": "/sda/home/wangyuxin/ConvIR-B/repos/ConvIR-B-dta-v3-5-fdf-rcs-lite/experience_docx/experiment_logs/haze4k_dta_v3_5_fdf_rcs_lite_20260612/dta_v3_5_v35_fdf_rcs_l5_res015_tail_s004_g025_bm2_seed3411_f1_quick5full_fallback_train_shuffle_compare",
      "common_count": 600,
      "mean_psnr_delta": 0.019678544998168946,
      "median_psnr_delta": 0.0176849365234375,
      "p5_psnr_delta": -0.2577686309814453,
      "p95_psnr_delta": 0.28868789672851514,
      "hard_bottom25_psnr_delta": 0.04555248260498047,
      "easy_top25_psnr_delta": 0.015982767740885417,
      "worst10pct_mean_psnr_delta": -0.3100720405578613,
      "best10pct_mean_psnr_delta": 0.33117872873942056,
      "worst10img_mean_psnr_delta": -0.5711318969726562,
      "best10img_mean_psnr_delta": 0.5322216033935547,
      "worst10_mean_psnr_delta": -0.3100720405578613,
      "best10_mean_psnr_delta": 0.33117872873942056,
      "mean_ssim_delta": 2.007126808166504e-05,
      "positive_ratio": 0.5616666666666666,
      "strong_reference_cut_psnr": 42.834919929504395,
      "strong_reference_count": 150,
      "strong_regression_count_delta_le_-0.05": 43,
      "worst_regression_count_delta_le_-0.20": 53
    },
    {
      "label": "normal",
      "train_depth": "invert",
      "eval_depth": "normal",
      "compare_dir": "/sda/home/wangyuxin/ConvIR-B/repos/ConvIR-B-dta-v3-5-fdf-rcs-lite/experience_docx/experiment_logs/haze4k_dta_v3_5_fdf_rcs_lite_20260612/dta_v3_5_v35_fdf_rcs_l5_res015_tail_s004_g025_bm2_seed3411_f1_quick5full_fallback_train_normal_compare",
      "common_count": 600,
      "mean_psnr_delta": 0.016850773493448892,
      "median_psnr_delta": 0.018964767456054688,
      "p5_psnr_delta": -0.26096649169921876,
      "p95_psnr_delta": 0.28585834503173774,
      "hard_bottom25_psnr_delta": 0.04078965504964193,
      "easy_top25_psnr_delta": 0.018262405395507813,
      "worst10pct_mean_psnr_delta": -0.3065197944641113,
      "best10pct_mean_psnr_delta": 0.3266894340515137,
      "worst10img_mean_psnr_delta": -0.5613121032714844,
      "best10img_mean_psnr_delta": 0.5229282379150391,
      "worst10_mean_psnr_delta": -0.3065197944641113,
      "best10_mean_psnr_delta": 0.3266894340515137,
      "mean_ssim_delta": 2.348373333613078e-05,
      "positive_ratio": 0.5533333333333333,
      "strong_reference_cut_psnr": 42.834919929504395,
      "strong_reference_count": 150,
      "strong_regression_count_delta_le_-0.05": 45,
      "worst_regression_count_delta_le_-0.20": 51
    }
  ],
  "attribution": {
    "true_label": "true",
    "baseline_label": "zero",
    "common_count": 600,
    "mean_depth_surplus_psnr": 0.04587670644124349,
    "median_depth_surplus_psnr": 0.062007904052734375,
    "positive_surplus_ratio": 0.6783333333333333
  }
}