{
  "runs": [
    {
      "label": "true",
      "train_depth": "invert",
      "eval_depth": "invert",
      "compare_dir": "/sda/home/wangyuxin/ConvIR-B/repos/ConvIR-B-dta-v3-5-fdf-rcs-lite/experience_docx/experiment_logs/haze4k_dta_v3_5_fdf_rcs_lite_20260612/dta_v3_5_v35_fdf_rcs_l1_fdf_lite_s004_g025_bm2_seed3411_f0_quick5full_fallback_train_invert_compare",
      "common_count": 600,
      "mean_psnr_delta": 0.07892696698506674,
      "median_psnr_delta": 0.08481979370117188,
      "p5_psnr_delta": -0.3946865081787109,
      "p95_psnr_delta": 0.5382797241210937,
      "hard_bottom25_psnr_delta": 0.07573741912841797,
      "easy_top25_psnr_delta": 0.050505447387695315,
      "worst10pct_mean_psnr_delta": -0.4426804224650065,
      "best10pct_mean_psnr_delta": 0.5561361948649088,
      "worst10img_mean_psnr_delta": -0.7760452270507813,
      "best10img_mean_psnr_delta": 0.7206096649169922,
      "worst10_mean_psnr_delta": -0.4426804224650065,
      "best10_mean_psnr_delta": 0.5561361948649088,
      "mean_ssim_delta": 1.554479201634725e-05,
      "positive_ratio": 0.6283333333333333,
      "strong_reference_cut_psnr": 42.755948066711426,
      "strong_reference_count": 150,
      "strong_regression_count_delta_le_-0.05": 53,
      "worst_regression_count_delta_le_-0.20": 88
    },
    {
      "label": "zero",
      "train_depth": "invert",
      "eval_depth": "zero",
      "compare_dir": "/sda/home/wangyuxin/ConvIR-B/repos/ConvIR-B-dta-v3-5-fdf-rcs-lite/experience_docx/experiment_logs/haze4k_dta_v3_5_fdf_rcs_lite_20260612/dta_v3_5_v35_fdf_rcs_l1_fdf_lite_s004_g025_bm2_seed3411_f0_quick5full_fallback_train_zero_compare",
      "common_count": 600,
      "mean_psnr_delta": 0.02829343795776367,
      "median_psnr_delta": 0.024280548095703125,
      "p5_psnr_delta": -0.26469078063964846,
      "p95_psnr_delta": 0.2982925415039055,
      "hard_bottom25_psnr_delta": 0.019836222330729167,
      "easy_top25_psnr_delta": 0.014311676025390624,
      "worst10pct_mean_psnr_delta": -0.2922610600789388,
      "best10pct_mean_psnr_delta": 0.32818501790364585,
      "worst10img_mean_psnr_delta": -0.47986373901367185,
      "best10img_mean_psnr_delta": 0.47936210632324217,
      "worst10_mean_psnr_delta": -0.2922610600789388,
      "best10_mean_psnr_delta": 0.32818501790364585,
      "mean_ssim_delta": -1.4321009318033855e-05,
      "positive_ratio": 0.5866666666666667,
      "strong_reference_cut_psnr": 42.755948066711426,
      "strong_reference_count": 150,
      "strong_regression_count_delta_le_-0.05": 40,
      "worst_regression_count_delta_le_-0.20": 49
    },
    {
      "label": "shuffle",
      "train_depth": "invert",
      "eval_depth": "shuffle",
      "compare_dir": "/sda/home/wangyuxin/ConvIR-B/repos/ConvIR-B-dta-v3-5-fdf-rcs-lite/experience_docx/experiment_logs/haze4k_dta_v3_5_fdf_rcs_lite_20260612/dta_v3_5_v35_fdf_rcs_l1_fdf_lite_s004_g025_bm2_seed3411_f0_quick5full_fallback_train_shuffle_compare",
      "common_count": 600,
      "mean_psnr_delta": 0.03760700543721517,
      "median_psnr_delta": 0.03513145446777344,
      "p5_psnr_delta": -0.2999591827392578,
      "p95_psnr_delta": 0.3621894836425781,
      "hard_bottom25_psnr_delta": 0.02317951202392578,
      "easy_top25_psnr_delta": 0.031531143188476565,
      "worst10pct_mean_psnr_delta": -0.33807779947916666,
      "best10pct_mean_psnr_delta": 0.38564186096191405,
      "worst10img_mean_psnr_delta": -0.5625087738037109,
      "best10img_mean_psnr_delta": 0.5441207885742188,
      "worst10_mean_psnr_delta": -0.33807779947916666,
      "best10_mean_psnr_delta": 0.38564186096191405,
      "mean_ssim_delta": 2.615849177042643e-06,
      "positive_ratio": 0.5916666666666667,
      "strong_reference_cut_psnr": 42.755948066711426,
      "strong_reference_count": 150,
      "strong_regression_count_delta_le_-0.05": 44,
      "worst_regression_count_delta_le_-0.20": 59
    },
    {
      "label": "normal",
      "train_depth": "invert",
      "eval_depth": "normal",
      "compare_dir": "/sda/home/wangyuxin/ConvIR-B/repos/ConvIR-B-dta-v3-5-fdf-rcs-lite/experience_docx/experiment_logs/haze4k_dta_v3_5_fdf_rcs_lite_20260612/dta_v3_5_v35_fdf_rcs_l1_fdf_lite_s004_g025_bm2_seed3411_f0_quick5full_fallback_train_normal_compare",
      "common_count": 600,
      "mean_psnr_delta": 0.03490887959798177,
      "median_psnr_delta": 0.03127861022949219,
      "p5_psnr_delta": -0.2828479766845703,
      "p95_psnr_delta": 0.35028476715087875,
      "hard_bottom25_psnr_delta": 0.01715370178222656,
      "easy_top25_psnr_delta": 0.030168863932291668,
      "worst10pct_mean_psnr_delta": -0.3276798248291016,
      "best10pct_mean_psnr_delta": 0.37126522064208983,
      "worst10img_mean_psnr_delta": -0.5460941314697265,
      "best10img_mean_psnr_delta": 0.5094039916992188,
      "worst10_mean_psnr_delta": -0.3276798248291016,
      "best10_mean_psnr_delta": 0.37126522064208983,
      "mean_ssim_delta": 4.711747169494629e-06,
      "positive_ratio": 0.6033333333333334,
      "strong_reference_cut_psnr": 42.755948066711426,
      "strong_reference_count": 150,
      "strong_regression_count_delta_le_-0.05": 45,
      "worst_regression_count_delta_le_-0.20": 60
    }
  ],
  "attribution": {
    "true_label": "true",
    "baseline_label": "zero",
    "common_count": 600,
    "mean_depth_surplus_psnr": 0.05063352902730306,
    "median_depth_surplus_psnr": 0.058399200439453125,
    "positive_surplus_ratio": 0.6683333333333333
  }
}