{
  "runs": [
    {
      "label": "true",
      "train_depth": "invert",
      "eval_depth": "invert",
      "compare_dir": "/sda/home/wangyuxin/ConvIR-B/repos/ConvIR-B-dta-v3-5-fdf-rcs-lite/experience_docx/experiment_logs/haze4k_dta_v3_5_fdf_rcs_lite_20260612/dta_v3_5_v35_fdf_rcs_l4_fdf_lite_tail_s004_g025_bm2_seed3411_f1_quick5full_fallback_train_invert_compare",
      "common_count": 600,
      "mean_psnr_delta": 0.05885306040445964,
      "median_psnr_delta": 0.061611175537109375,
      "p5_psnr_delta": -0.3268871307373047,
      "p95_psnr_delta": 0.4372035980224607,
      "hard_bottom25_psnr_delta": 0.0942676289876302,
      "easy_top25_psnr_delta": 0.03646252950032552,
      "worst10pct_mean_psnr_delta": -0.38013827006022133,
      "best10pct_mean_psnr_delta": 0.47517484029134116,
      "worst10img_mean_psnr_delta": -0.6298896789550781,
      "best10img_mean_psnr_delta": 0.6957077026367188,
      "worst10_mean_psnr_delta": -0.38013827006022133,
      "best10_mean_psnr_delta": 0.47517484029134116,
      "mean_ssim_delta": 2.944082021713257e-05,
      "positive_ratio": 0.6283333333333333,
      "strong_reference_cut_psnr": 42.834919929504395,
      "strong_reference_count": 150,
      "strong_regression_count_delta_le_-0.05": 50,
      "worst_regression_count_delta_le_-0.20": 67
    },
    {
      "label": "zero",
      "train_depth": "invert",
      "eval_depth": "zero",
      "compare_dir": "/sda/home/wangyuxin/ConvIR-B/repos/ConvIR-B-dta-v3-5-fdf-rcs-lite/experience_docx/experiment_logs/haze4k_dta_v3_5_fdf_rcs_lite_20260612/dta_v3_5_v35_fdf_rcs_l4_fdf_lite_tail_s004_g025_bm2_seed3411_f1_quick5full_fallback_train_zero_compare",
      "common_count": 600,
      "mean_psnr_delta": 0.007645870844523112,
      "median_psnr_delta": 0.0074176788330078125,
      "p5_psnr_delta": -0.2146556854248047,
      "p95_psnr_delta": 0.24644050598144512,
      "hard_bottom25_psnr_delta": 0.031910362243652346,
      "easy_top25_psnr_delta": 0.005089696248372396,
      "worst10pct_mean_psnr_delta": -0.2708839098612467,
      "best10pct_mean_psnr_delta": 0.2818220774332682,
      "worst10img_mean_psnr_delta": -0.5357498168945313,
      "best10img_mean_psnr_delta": 0.4842395782470703,
      "worst10_mean_psnr_delta": -0.2708839098612467,
      "best10_mean_psnr_delta": 0.2818220774332682,
      "mean_ssim_delta": 1.708666483561198e-07,
      "positive_ratio": 0.5283333333333333,
      "strong_reference_cut_psnr": 42.834919929504395,
      "strong_reference_count": 150,
      "strong_regression_count_delta_le_-0.05": 46,
      "worst_regression_count_delta_le_-0.20": 38
    },
    {
      "label": "shuffle",
      "train_depth": "invert",
      "eval_depth": "shuffle",
      "compare_dir": "/sda/home/wangyuxin/ConvIR-B/repos/ConvIR-B-dta-v3-5-fdf-rcs-lite/experience_docx/experiment_logs/haze4k_dta_v3_5_fdf_rcs_lite_20260612/dta_v3_5_v35_fdf_rcs_l4_fdf_lite_tail_s004_g025_bm2_seed3411_f1_quick5full_fallback_train_shuffle_compare",
      "common_count": 600,
      "mean_psnr_delta": 0.016252479553222655,
      "median_psnr_delta": 0.014802932739257812,
      "p5_psnr_delta": -0.2610300064086914,
      "p95_psnr_delta": 0.27804698944091755,
      "hard_bottom25_psnr_delta": 0.04093376159667969,
      "easy_top25_psnr_delta": 0.014097468058268229,
      "worst10pct_mean_psnr_delta": -0.30915759404500326,
      "best10pct_mean_psnr_delta": 0.323016357421875,
      "worst10img_mean_psnr_delta": -0.5689136505126953,
      "best10img_mean_psnr_delta": 0.5250469207763672,
      "worst10_mean_psnr_delta": -0.30915759404500326,
      "best10_mean_psnr_delta": 0.323016357421875,
      "mean_ssim_delta": 1.793156067530314e-05,
      "positive_ratio": 0.555,
      "strong_reference_cut_psnr": 42.834919929504395,
      "strong_reference_count": 150,
      "strong_regression_count_delta_le_-0.05": 43,
      "worst_regression_count_delta_le_-0.20": 53
    },
    {
      "label": "normal",
      "train_depth": "invert",
      "eval_depth": "normal",
      "compare_dir": "/sda/home/wangyuxin/ConvIR-B/repos/ConvIR-B-dta-v3-5-fdf-rcs-lite/experience_docx/experiment_logs/haze4k_dta_v3_5_fdf_rcs_lite_20260612/dta_v3_5_v35_fdf_rcs_l4_fdf_lite_tail_s004_g025_bm2_seed3411_f1_quick5full_fallback_train_normal_compare",
      "common_count": 600,
      "mean_psnr_delta": 0.013076756795247396,
      "median_psnr_delta": 0.018093109130859375,
      "p5_psnr_delta": -0.2648014068603516,
      "p95_psnr_delta": 0.2765731811523435,
      "hard_bottom25_psnr_delta": 0.03568621317545573,
      "easy_top25_psnr_delta": 0.016480712890625,
      "worst10pct_mean_psnr_delta": -0.30497439702351886,
      "best10pct_mean_psnr_delta": 0.317317263285319,
      "worst10img_mean_psnr_delta": -0.5584697723388672,
      "best10img_mean_psnr_delta": 0.5144756317138672,
      "worst10_mean_psnr_delta": -0.30497439702351886,
      "best10_mean_psnr_delta": 0.317317263285319,
      "mean_ssim_delta": 2.1593868732452394e-05,
      "positive_ratio": 0.545,
      "strong_reference_cut_psnr": 42.834919929504395,
      "strong_reference_count": 150,
      "strong_regression_count_delta_le_-0.05": 44,
      "worst_regression_count_delta_le_-0.20": 48
    }
  ],
  "attribution": {
    "true_label": "true",
    "baseline_label": "zero",
    "common_count": 600,
    "mean_depth_surplus_psnr": 0.05120718955993652,
    "median_depth_surplus_psnr": 0.06939125061035156,
    "positive_surplus_ratio": 0.6833333333333333
  }
}