{
  "runs": [
    {
      "label": "true",
      "train_depth": "invert",
      "eval_depth": "invert",
      "compare_dir": "/sda/home/wangyuxin/ConvIR-B/repos/ConvIR-B-dta-v3-5-fdf-rcs-lite/experience_docx/experiment_logs/haze4k_dta_v3_5_fdf_rcs_lite_20260612/dta_v3_5_v35_fdf_rcs_l2_fdf_lite_s002_g025_bm2_seed3411_f1_quick5full_fallback_train_invert_compare",
      "common_count": 600,
      "mean_psnr_delta": 0.043313188552856444,
      "median_psnr_delta": 0.040279388427734375,
      "p5_psnr_delta": -0.26503868103027345,
      "p95_psnr_delta": 0.36172828674316404,
      "hard_bottom25_psnr_delta": 0.07718911488850912,
      "easy_top25_psnr_delta": 0.024504114786783854,
      "worst10pct_mean_psnr_delta": -0.31093902587890626,
      "best10pct_mean_psnr_delta": 0.3843792597452799,
      "worst10img_mean_psnr_delta": -0.55980224609375,
      "best10img_mean_psnr_delta": 0.5677154541015625,
      "worst10_mean_psnr_delta": -0.31093902587890626,
      "best10_mean_psnr_delta": 0.3843792597452799,
      "mean_ssim_delta": 2.94266144434611e-05,
      "positive_ratio": 0.6133333333333333,
      "strong_reference_cut_psnr": 42.834919929504395,
      "strong_reference_count": 150,
      "strong_regression_count_delta_le_-0.05": 38,
      "worst_regression_count_delta_le_-0.20": 50
    },
    {
      "label": "zero",
      "train_depth": "invert",
      "eval_depth": "zero",
      "compare_dir": "/sda/home/wangyuxin/ConvIR-B/repos/ConvIR-B-dta-v3-5-fdf-rcs-lite/experience_docx/experiment_logs/haze4k_dta_v3_5_fdf_rcs_lite_20260612/dta_v3_5_v35_fdf_rcs_l2_fdf_lite_s002_g025_bm2_seed3411_f1_quick5full_fallback_train_zero_compare",
      "common_count": 600,
      "mean_psnr_delta": 0.0072289117177327476,
      "median_psnr_delta": 0.0050868988037109375,
      "p5_psnr_delta": -0.20917339324951173,
      "p95_psnr_delta": 0.2406667709350585,
      "hard_bottom25_psnr_delta": 0.03296446482340495,
      "easy_top25_psnr_delta": 0.003056233723958333,
      "worst10pct_mean_psnr_delta": -0.26006326675415037,
      "best10pct_mean_psnr_delta": 0.2662386258443197,
      "worst10img_mean_psnr_delta": -0.5175251007080078,
      "best10img_mean_psnr_delta": 0.4429889678955078,
      "worst10_mean_psnr_delta": -0.26006326675415037,
      "best10_mean_psnr_delta": 0.2662386258443197,
      "mean_ssim_delta": 7.793505986531575e-06,
      "positive_ratio": 0.53,
      "strong_reference_cut_psnr": 42.834919929504395,
      "strong_reference_count": 150,
      "strong_regression_count_delta_le_-0.05": 43,
      "worst_regression_count_delta_le_-0.20": 34
    },
    {
      "label": "shuffle",
      "train_depth": "invert",
      "eval_depth": "shuffle",
      "compare_dir": "/sda/home/wangyuxin/ConvIR-B/repos/ConvIR-B-dta-v3-5-fdf-rcs-lite/experience_docx/experiment_logs/haze4k_dta_v3_5_fdf_rcs_lite_20260612/dta_v3_5_v35_fdf_rcs_l2_fdf_lite_s002_g025_bm2_seed3411_f1_quick5full_fallback_train_shuffle_compare",
      "common_count": 600,
      "mean_psnr_delta": 0.015238037109375,
      "median_psnr_delta": 0.012950897216796875,
      "p5_psnr_delta": -0.23919334411621093,
      "p95_psnr_delta": 0.2712509155273435,
      "hard_bottom25_psnr_delta": 0.04173029581705729,
      "easy_top25_psnr_delta": 0.010298538208007812,
      "worst10pct_mean_psnr_delta": -0.2810872713724772,
      "best10pct_mean_psnr_delta": 0.29745210011800133,
      "worst10img_mean_psnr_delta": -0.533343505859375,
      "best10img_mean_psnr_delta": 0.4742149353027344,
      "worst10_mean_psnr_delta": -0.2810872713724772,
      "best10_mean_psnr_delta": 0.29745210011800133,
      "mean_ssim_delta": 2.1665493647257488e-05,
      "positive_ratio": 0.55,
      "strong_reference_cut_psnr": 42.834919929504395,
      "strong_reference_count": 150,
      "strong_regression_count_delta_le_-0.05": 44,
      "worst_regression_count_delta_le_-0.20": 40
    },
    {
      "label": "normal",
      "train_depth": "invert",
      "eval_depth": "normal",
      "compare_dir": "/sda/home/wangyuxin/ConvIR-B/repos/ConvIR-B-dta-v3-5-fdf-rcs-lite/experience_docx/experiment_logs/haze4k_dta_v3_5_fdf_rcs_lite_20260612/dta_v3_5_v35_fdf_rcs_l2_fdf_lite_s002_g025_bm2_seed3411_f1_quick5full_fallback_train_normal_compare",
      "common_count": 600,
      "mean_psnr_delta": 0.013098983764648438,
      "median_psnr_delta": 0.013193130493164062,
      "p5_psnr_delta": -0.2435016632080078,
      "p95_psnr_delta": 0.2730682373046874,
      "hard_bottom25_psnr_delta": 0.03839581807454427,
      "easy_top25_psnr_delta": 0.011223322550455729,
      "worst10pct_mean_psnr_delta": -0.2807821273803711,
      "best10pct_mean_psnr_delta": 0.29363943735758463,
      "worst10img_mean_psnr_delta": -0.5237606048583985,
      "best10img_mean_psnr_delta": 0.46195640563964846,
      "worst10_mean_psnr_delta": -0.2807821273803711,
      "best10_mean_psnr_delta": 0.29363943735758463,
      "mean_ssim_delta": 2.4228195349375408e-05,
      "positive_ratio": 0.54,
      "strong_reference_cut_psnr": 42.834919929504395,
      "strong_reference_count": 150,
      "strong_regression_count_delta_le_-0.05": 47,
      "worst_regression_count_delta_le_-0.20": 42
    }
  ],
  "attribution": {
    "true_label": "true",
    "baseline_label": "zero",
    "common_count": 600,
    "mean_depth_surplus_psnr": 0.0360842768351237,
    "median_depth_surplus_psnr": 0.047992706298828125,
    "positive_surplus_ratio": 0.7
  }
}