{
  "runs": [
    {
      "label": "true",
      "train_depth": "invert",
      "eval_depth": "invert",
      "compare_dir": "/sda/home/wangyuxin/ConvIR-B/repos/ConvIR-B-dta-v3-5-fdf-rcs-lite/experience_docx/experiment_logs/haze4k_dta_v3_5_fdf_rcs_lite_20260612/dta_v3_5_v35_fdf_rcs_l2_fdf_lite_s002_g025_bm2_seed3407_f0_quick5full_fallback_train_invert_compare",
      "common_count": 600,
      "mean_psnr_delta": 0.04465034484863281,
      "median_psnr_delta": 0.042079925537109375,
      "p5_psnr_delta": -0.3226919174194336,
      "p95_psnr_delta": 0.38525180816650356,
      "hard_bottom25_psnr_delta": 0.04544097900390625,
      "easy_top25_psnr_delta": 0.02838239034016927,
      "worst10pct_mean_psnr_delta": -0.36578267415364585,
      "best10pct_mean_psnr_delta": 0.439203135172526,
      "worst10img_mean_psnr_delta": -0.5794918060302734,
      "best10img_mean_psnr_delta": 0.6874481201171875,
      "worst10_mean_psnr_delta": -0.36578267415364585,
      "best10_mean_psnr_delta": 0.439203135172526,
      "mean_ssim_delta": 1.6060670216878254e-05,
      "positive_ratio": 0.6066666666666667,
      "strong_reference_cut_psnr": 42.755948066711426,
      "strong_reference_count": 150,
      "strong_regression_count_delta_le_-0.05": 46,
      "worst_regression_count_delta_le_-0.20": 72
    },
    {
      "label": "zero",
      "train_depth": "invert",
      "eval_depth": "zero",
      "compare_dir": "/sda/home/wangyuxin/ConvIR-B/repos/ConvIR-B-dta-v3-5-fdf-rcs-lite/experience_docx/experiment_logs/haze4k_dta_v3_5_fdf_rcs_lite_20260612/dta_v3_5_v35_fdf_rcs_l2_fdf_lite_s002_g025_bm2_seed3407_f0_quick5full_fallback_train_zero_compare",
      "common_count": 600,
      "mean_psnr_delta": -0.011137641270955404,
      "median_psnr_delta": -0.008440017700195312,
      "p5_psnr_delta": -0.2851289749145508,
      "p95_psnr_delta": 0.253520393371582,
      "hard_bottom25_psnr_delta": -0.007100461324055989,
      "easy_top25_psnr_delta": -0.029766362508138022,
      "worst10pct_mean_psnr_delta": -0.3105171203613281,
      "best10pct_mean_psnr_delta": 0.29254490534464517,
      "worst10img_mean_psnr_delta": -0.502621841430664,
      "best10img_mean_psnr_delta": 0.49683685302734376,
      "worst10_mean_psnr_delta": -0.3105171203613281,
      "best10_mean_psnr_delta": 0.29254490534464517,
      "mean_ssim_delta": -2.6334325472513834e-05,
      "positive_ratio": 0.47,
      "strong_reference_cut_psnr": 42.755948066711426,
      "strong_reference_count": 150,
      "strong_regression_count_delta_le_-0.05": 58,
      "worst_regression_count_delta_le_-0.20": 49
    },
    {
      "label": "shuffle",
      "train_depth": "invert",
      "eval_depth": "shuffle",
      "compare_dir": "/sda/home/wangyuxin/ConvIR-B/repos/ConvIR-B-dta-v3-5-fdf-rcs-lite/experience_docx/experiment_logs/haze4k_dta_v3_5_fdf_rcs_lite_20260612/dta_v3_5_v35_fdf_rcs_l2_fdf_lite_s002_g025_bm2_seed3407_f0_quick5full_fallback_train_shuffle_compare",
      "common_count": 600,
      "mean_psnr_delta": 0.002906328837076823,
      "median_psnr_delta": -0.0014476776123046875,
      "p5_psnr_delta": -0.2802103042602539,
      "p95_psnr_delta": 0.2983860015869139,
      "hard_bottom25_psnr_delta": -0.0013961537679036459,
      "easy_top25_psnr_delta": -0.003023503621419271,
      "worst10pct_mean_psnr_delta": -0.31987476348876953,
      "best10pct_mean_psnr_delta": 0.3332288106282552,
      "worst10img_mean_psnr_delta": -0.5123779296875,
      "best10img_mean_psnr_delta": 0.5634078979492188,
      "worst10_mean_psnr_delta": -0.31987476348876953,
      "best10_mean_psnr_delta": 0.3332288106282552,
      "mean_ssim_delta": -1.6785661379496256e-06,
      "positive_ratio": 0.49666666666666665,
      "strong_reference_cut_psnr": 42.755948066711426,
      "strong_reference_count": 150,
      "strong_regression_count_delta_le_-0.05": 47,
      "worst_regression_count_delta_le_-0.20": 66
    },
    {
      "label": "normal",
      "train_depth": "invert",
      "eval_depth": "normal",
      "compare_dir": "/sda/home/wangyuxin/ConvIR-B/repos/ConvIR-B-dta-v3-5-fdf-rcs-lite/experience_docx/experiment_logs/haze4k_dta_v3_5_fdf_rcs_lite_20260612/dta_v3_5_v35_fdf_rcs_l2_fdf_lite_s002_g025_bm2_seed3407_f0_quick5full_fallback_train_normal_compare",
      "common_count": 600,
      "mean_psnr_delta": 0.0004117774963378906,
      "median_psnr_delta": 7.62939453125e-05,
      "p5_psnr_delta": -0.3053876876831055,
      "p95_psnr_delta": 0.31176757812499994,
      "hard_bottom25_psnr_delta": -0.006493860880533854,
      "easy_top25_psnr_delta": -0.0044156901041666665,
      "worst10pct_mean_psnr_delta": -0.32348079681396485,
      "best10pct_mean_psnr_delta": 0.33677295049031575,
      "worst10img_mean_psnr_delta": -0.5007335662841796,
      "best10img_mean_psnr_delta": 0.535647201538086,
      "worst10_mean_psnr_delta": -0.32348079681396485,
      "best10_mean_psnr_delta": 0.33677295049031575,
      "mean_ssim_delta": 2.1169583002726237e-07,
      "positive_ratio": 0.5,
      "strong_reference_cut_psnr": 42.755948066711426,
      "strong_reference_count": 150,
      "strong_regression_count_delta_le_-0.05": 48,
      "worst_regression_count_delta_le_-0.20": 68
    }
  ],
  "attribution": {
    "true_label": "true",
    "baseline_label": "zero",
    "common_count": 600,
    "mean_depth_surplus_psnr": 0.05578798611958822,
    "median_depth_surplus_psnr": 0.06115150451660156,
    "positive_surplus_ratio": 0.6983333333333334
  }
}