{
  "runs": [
    {
      "label": "true",
      "train_depth": "invert",
      "eval_depth": "invert",
      "compare_dir": "/sda/home/wangyuxin/ConvIR-B/repos/ConvIR-B-dta-v3-5-fdf-rcs-lite/experience_docx/experiment_logs/haze4k_dta_v3_5_fdf_rcs_lite_20260612/dta_v3_5_v35_fdf_rcs_l5_res010_tail_s004_g025_bm2_seed3407_f1_quick5full_fallback_train_invert_compare",
      "common_count": 600,
      "mean_psnr_delta": 0.07711705207824707,
      "median_psnr_delta": 0.07757568359375,
      "p5_psnr_delta": -0.37398586273193357,
      "p95_psnr_delta": 0.520545196533203,
      "hard_bottom25_psnr_delta": 0.09340096791585287,
      "easy_top25_psnr_delta": 0.05657791137695312,
      "worst10pct_mean_psnr_delta": -0.4484605153401693,
      "best10pct_mean_psnr_delta": 0.5784541447957356,
      "worst10img_mean_psnr_delta": -0.7981273651123046,
      "best10img_mean_psnr_delta": 0.8320770263671875,
      "worst10_mean_psnr_delta": -0.4484605153401693,
      "best10_mean_psnr_delta": 0.5784541447957356,
      "mean_ssim_delta": 6.959736347198486e-06,
      "positive_ratio": 0.6416666666666667,
      "strong_reference_cut_psnr": 42.834919929504395,
      "strong_reference_count": 150,
      "strong_regression_count_delta_le_-0.05": 51,
      "worst_regression_count_delta_le_-0.20": 76
    },
    {
      "label": "zero",
      "train_depth": "invert",
      "eval_depth": "zero",
      "compare_dir": "/sda/home/wangyuxin/ConvIR-B/repos/ConvIR-B-dta-v3-5-fdf-rcs-lite/experience_docx/experiment_logs/haze4k_dta_v3_5_fdf_rcs_lite_20260612/dta_v3_5_v35_fdf_rcs_l5_res010_tail_s004_g025_bm2_seed3407_f1_quick5full_fallback_train_zero_compare",
      "common_count": 600,
      "mean_psnr_delta": 0.008440965016682943,
      "median_psnr_delta": 0.0077228546142578125,
      "p5_psnr_delta": -0.27712230682373046,
      "p95_psnr_delta": 0.3194057464599606,
      "hard_bottom25_psnr_delta": 0.006904780069986979,
      "easy_top25_psnr_delta": 0.022142384847005207,
      "worst10pct_mean_psnr_delta": -0.3224863370259603,
      "best10pct_mean_psnr_delta": 0.3344818751017253,
      "worst10img_mean_psnr_delta": -0.5575172424316406,
      "best10img_mean_psnr_delta": 0.49039382934570314,
      "worst10_mean_psnr_delta": -0.3224863370259603,
      "best10_mean_psnr_delta": 0.3344818751017253,
      "mean_ssim_delta": -4.732042551040649e-05,
      "positive_ratio": 0.5266666666666666,
      "strong_reference_cut_psnr": 42.834919929504395,
      "strong_reference_count": 150,
      "strong_regression_count_delta_le_-0.05": 37,
      "worst_regression_count_delta_le_-0.20": 64
    },
    {
      "label": "shuffle",
      "train_depth": "invert",
      "eval_depth": "shuffle",
      "compare_dir": "/sda/home/wangyuxin/ConvIR-B/repos/ConvIR-B-dta-v3-5-fdf-rcs-lite/experience_docx/experiment_logs/haze4k_dta_v3_5_fdf_rcs_lite_20260612/dta_v3_5_v35_fdf_rcs_l5_res010_tail_s004_g025_bm2_seed3407_f1_quick5full_fallback_train_shuffle_compare",
      "common_count": 600,
      "mean_psnr_delta": 0.02320777893066406,
      "median_psnr_delta": 0.028451919555664062,
      "p5_psnr_delta": -0.2694356918334961,
      "p95_psnr_delta": 0.3533048629760739,
      "hard_bottom25_psnr_delta": 0.02166631062825521,
      "easy_top25_psnr_delta": 0.03670875549316406,
      "worst10pct_mean_psnr_delta": -0.34013210932413734,
      "best10pct_mean_psnr_delta": 0.38296534220377604,
      "worst10img_mean_psnr_delta": -0.6360538482666016,
      "best10img_mean_psnr_delta": 0.5547595977783203,
      "worst10_mean_psnr_delta": -0.34013210932413734,
      "best10_mean_psnr_delta": 0.38296534220377604,
      "mean_ssim_delta": -1.0999639828999837e-05,
      "positive_ratio": 0.5683333333333334,
      "strong_reference_cut_psnr": 42.834919929504395,
      "strong_reference_count": 150,
      "strong_regression_count_delta_le_-0.05": 39,
      "worst_regression_count_delta_le_-0.20": 69
    },
    {
      "label": "normal",
      "train_depth": "invert",
      "eval_depth": "normal",
      "compare_dir": "/sda/home/wangyuxin/ConvIR-B/repos/ConvIR-B-dta-v3-5-fdf-rcs-lite/experience_docx/experiment_logs/haze4k_dta_v3_5_fdf_rcs_lite_20260612/dta_v3_5_v35_fdf_rcs_l5_res010_tail_s004_g025_bm2_seed3407_f1_quick5full_fallback_train_normal_compare",
      "common_count": 600,
      "mean_psnr_delta": 0.019482704798380535,
      "median_psnr_delta": 0.014493942260742188,
      "p5_psnr_delta": -0.2679752349853516,
      "p95_psnr_delta": 0.35428295135497995,
      "hard_bottom25_psnr_delta": 0.01523448944091797,
      "easy_top25_psnr_delta": 0.04123888651529948,
      "worst10pct_mean_psnr_delta": -0.3294774691263835,
      "best10pct_mean_psnr_delta": 0.37846533457438153,
      "worst10img_mean_psnr_delta": -0.6051971435546875,
      "best10img_mean_psnr_delta": 0.5676956176757812,
      "worst10_mean_psnr_delta": -0.3294774691263835,
      "best10_mean_psnr_delta": 0.37846533457438153,
      "mean_ssim_delta": -4.610220591227213e-06,
      "positive_ratio": 0.5433333333333333,
      "strong_reference_cut_psnr": 42.834919929504395,
      "strong_reference_count": 150,
      "strong_regression_count_delta_le_-0.05": 40,
      "worst_regression_count_delta_le_-0.20": 59
    }
  ],
  "attribution": {
    "true_label": "true",
    "baseline_label": "zero",
    "common_count": 600,
    "mean_depth_surplus_psnr": 0.06867608706156413,
    "median_depth_surplus_psnr": 0.09086894989013672,
    "positive_surplus_ratio": 0.6916666666666667
  }
}