{
  "runs": [
    {
      "label": "true",
      "train_depth": "invert",
      "eval_depth": "invert",
      "compare_dir": "/sda/home/wangyuxin/ConvIR-B/repos/ConvIR-B-dta-v3-5-fdf-rcs-lite/experience_docx/experiment_logs/haze4k_dta_v3_5_fdf_rcs_lite_20260612/dta_v3_5_v35_fdf_rcs_l4_fdf_lite_tail_s004_g025_bm2_seed3411_f0_quick5full_fallback_train_invert_compare",
      "common_count": 600,
      "mean_psnr_delta": 0.07343880971272787,
      "median_psnr_delta": 0.07904624938964844,
      "p5_psnr_delta": -0.36571807861328126,
      "p95_psnr_delta": 0.49438934326171863,
      "hard_bottom25_psnr_delta": 0.07062828063964843,
      "easy_top25_psnr_delta": 0.04798795064290365,
      "worst10pct_mean_psnr_delta": -0.413029416402181,
      "best10pct_mean_psnr_delta": 0.5156347274780273,
      "worst10img_mean_psnr_delta": -0.721438217163086,
      "best10img_mean_psnr_delta": 0.6719673156738282,
      "worst10_mean_psnr_delta": -0.413029416402181,
      "best10_mean_psnr_delta": 0.5156347274780273,
      "mean_ssim_delta": 1.4978845914204916e-05,
      "positive_ratio": 0.63,
      "strong_reference_cut_psnr": 42.755948066711426,
      "strong_reference_count": 150,
      "strong_regression_count_delta_le_-0.05": 52,
      "worst_regression_count_delta_le_-0.20": 80
    },
    {
      "label": "zero",
      "train_depth": "invert",
      "eval_depth": "zero",
      "compare_dir": "/sda/home/wangyuxin/ConvIR-B/repos/ConvIR-B-dta-v3-5-fdf-rcs-lite/experience_docx/experiment_logs/haze4k_dta_v3_5_fdf_rcs_lite_20260612/dta_v3_5_v35_fdf_rcs_l4_fdf_lite_tail_s004_g025_bm2_seed3411_f0_quick5full_fallback_train_zero_compare",
      "common_count": 600,
      "mean_psnr_delta": 0.02877234141031901,
      "median_psnr_delta": 0.025712966918945312,
      "p5_psnr_delta": -0.2540599822998047,
      "p95_psnr_delta": 0.3016124725341796,
      "hard_bottom25_psnr_delta": 0.02317896525065104,
      "easy_top25_psnr_delta": 0.013167470296223959,
      "worst10pct_mean_psnr_delta": -0.28078912099202474,
      "best10pct_mean_psnr_delta": 0.31926237742106117,
      "worst10img_mean_psnr_delta": -0.4631221771240234,
      "best10img_mean_psnr_delta": 0.46135940551757815,
      "worst10_mean_psnr_delta": -0.28078912099202474,
      "best10_mean_psnr_delta": 0.31926237742106117,
      "mean_ssim_delta": -1.2134710947672526e-05,
      "positive_ratio": 0.5966666666666667,
      "strong_reference_cut_psnr": 42.755948066711426,
      "strong_reference_count": 150,
      "strong_regression_count_delta_le_-0.05": 40,
      "worst_regression_count_delta_le_-0.20": 47
    },
    {
      "label": "shuffle",
      "train_depth": "invert",
      "eval_depth": "shuffle",
      "compare_dir": "/sda/home/wangyuxin/ConvIR-B/repos/ConvIR-B-dta-v3-5-fdf-rcs-lite/experience_docx/experiment_logs/haze4k_dta_v3_5_fdf_rcs_lite_20260612/dta_v3_5_v35_fdf_rcs_l4_fdf_lite_tail_s004_g025_bm2_seed3411_f0_quick5full_fallback_train_shuffle_compare",
      "common_count": 600,
      "mean_psnr_delta": 0.037074403762817384,
      "median_psnr_delta": 0.03298377990722656,
      "p5_psnr_delta": -0.2793590545654297,
      "p95_psnr_delta": 0.36254100799560535,
      "hard_bottom25_psnr_delta": 0.02593883514404297,
      "easy_top25_psnr_delta": 0.028926493326822917,
      "worst10pct_mean_psnr_delta": -0.3226961135864258,
      "best10pct_mean_psnr_delta": 0.3692538579305013,
      "worst10img_mean_psnr_delta": -0.5353641510009766,
      "best10img_mean_psnr_delta": 0.5220077514648438,
      "worst10_mean_psnr_delta": -0.3226961135864258,
      "best10_mean_psnr_delta": 0.3692538579305013,
      "mean_ssim_delta": 3.1816959381103517e-06,
      "positive_ratio": 0.5966666666666667,
      "strong_reference_cut_psnr": 42.755948066711426,
      "strong_reference_count": 150,
      "strong_regression_count_delta_le_-0.05": 44,
      "worst_regression_count_delta_le_-0.20": 57
    },
    {
      "label": "normal",
      "train_depth": "invert",
      "eval_depth": "normal",
      "compare_dir": "/sda/home/wangyuxin/ConvIR-B/repos/ConvIR-B-dta-v3-5-fdf-rcs-lite/experience_docx/experiment_logs/haze4k_dta_v3_5_fdf_rcs_lite_20260612/dta_v3_5_v35_fdf_rcs_l4_fdf_lite_tail_s004_g025_bm2_seed3411_f0_quick5full_fallback_train_normal_compare",
      "common_count": 600,
      "mean_psnr_delta": 0.03473362604777018,
      "median_psnr_delta": 0.033832550048828125,
      "p5_psnr_delta": -0.27022762298583985,
      "p95_psnr_delta": 0.34722099304199217,
      "hard_bottom25_psnr_delta": 0.02076555887858073,
      "easy_top25_psnr_delta": 0.027791188557942707,
      "worst10pct_mean_psnr_delta": -0.313728396097819,
      "best10pct_mean_psnr_delta": 0.3576213836669922,
      "worst10img_mean_psnr_delta": -0.5226066589355469,
      "best10img_mean_psnr_delta": 0.48955841064453126,
      "worst10_mean_psnr_delta": -0.313728396097819,
      "best10_mean_psnr_delta": 0.3576213836669922,
      "mean_ssim_delta": 5.035201708475749e-06,
      "positive_ratio": 0.605,
      "strong_reference_cut_psnr": 42.755948066711426,
      "strong_reference_count": 150,
      "strong_regression_count_delta_le_-0.05": 44,
      "worst_regression_count_delta_le_-0.20": 58
    }
  ],
  "attribution": {
    "true_label": "true",
    "baseline_label": "zero",
    "common_count": 600,
    "mean_depth_surplus_psnr": 0.044666468302408856,
    "median_depth_surplus_psnr": 0.05095863342285156,
    "positive_surplus_ratio": 0.6733333333333333
  }
}