{
  "runs": [
    {
      "label": "true",
      "train_depth": "invert",
      "eval_depth": "invert",
      "compare_dir": "/sda/home/wangyuxin/ConvIR-B/repos/ConvIR-B-dta-v3-5-fdf-rcs-lite/experience_docx/experiment_logs/haze4k_dta_v3_5_fdf_rcs_lite_20260612/dta_v3_5_v35_fdf_rcs_l2_fdf_lite_s002_g025_bm2_seed3411_f0_quick5full_fallback_train_invert_compare",
      "common_count": 600,
      "mean_psnr_delta": 0.05799367904663086,
      "median_psnr_delta": 0.05988883972167969,
      "p5_psnr_delta": -0.27893543243408203,
      "p95_psnr_delta": 0.3887765884399414,
      "hard_bottom25_psnr_delta": 0.058679784138997396,
      "easy_top25_psnr_delta": 0.035099029541015625,
      "worst10pct_mean_psnr_delta": -0.3310899098714193,
      "best10pct_mean_psnr_delta": 0.4060042063395182,
      "worst10img_mean_psnr_delta": -0.5781925201416016,
      "best10img_mean_psnr_delta": 0.5382633209228516,
      "worst10_mean_psnr_delta": -0.3310899098714193,
      "best10_mean_psnr_delta": 0.4060042063395182,
      "mean_ssim_delta": 1.4863808949788412e-05,
      "positive_ratio": 0.6416666666666667,
      "strong_reference_cut_psnr": 42.755948066711426,
      "strong_reference_count": 150,
      "strong_regression_count_delta_le_-0.05": 44,
      "worst_regression_count_delta_le_-0.20": 61
    },
    {
      "label": "zero",
      "train_depth": "invert",
      "eval_depth": "zero",
      "compare_dir": "/sda/home/wangyuxin/ConvIR-B/repos/ConvIR-B-dta-v3-5-fdf-rcs-lite/experience_docx/experiment_logs/haze4k_dta_v3_5_fdf_rcs_lite_20260612/dta_v3_5_v35_fdf_rcs_l2_fdf_lite_s002_g025_bm2_seed3411_f0_quick5full_fallback_train_zero_compare",
      "common_count": 600,
      "mean_psnr_delta": 0.025583041508992512,
      "median_psnr_delta": 0.023183822631835938,
      "p5_psnr_delta": -0.23686752319335938,
      "p95_psnr_delta": 0.2741430282592772,
      "hard_bottom25_psnr_delta": 0.023937899271647134,
      "easy_top25_psnr_delta": 0.00896863301595052,
      "worst10pct_mean_psnr_delta": -0.25686063766479494,
      "best10pct_mean_psnr_delta": 0.2887619654337565,
      "worst10img_mean_psnr_delta": -0.42589759826660156,
      "best10img_mean_psnr_delta": 0.4075168609619141,
      "worst10_mean_psnr_delta": -0.25686063766479494,
      "best10_mean_psnr_delta": 0.2887619654337565,
      "mean_ssim_delta": -5.949040253957113e-06,
      "positive_ratio": 0.6033333333333334,
      "strong_reference_cut_psnr": 42.755948066711426,
      "strong_reference_count": 150,
      "strong_regression_count_delta_le_-0.05": 39,
      "worst_regression_count_delta_le_-0.20": 41
    },
    {
      "label": "shuffle",
      "train_depth": "invert",
      "eval_depth": "shuffle",
      "compare_dir": "/sda/home/wangyuxin/ConvIR-B/repos/ConvIR-B-dta-v3-5-fdf-rcs-lite/experience_docx/experiment_logs/haze4k_dta_v3_5_fdf_rcs_lite_20260612/dta_v3_5_v35_fdf_rcs_l2_fdf_lite_s002_g025_bm2_seed3411_f0_quick5full_fallback_train_shuffle_compare",
      "common_count": 600,
      "mean_psnr_delta": 0.033349583943684896,
      "median_psnr_delta": 0.03277873992919922,
      "p5_psnr_delta": -0.24503097534179688,
      "p95_psnr_delta": 0.31407928466796864,
      "hard_bottom25_psnr_delta": 0.028187026977539064,
      "easy_top25_psnr_delta": 0.021486536661783854,
      "worst10pct_mean_psnr_delta": -0.2846848805745443,
      "best10pct_mean_psnr_delta": 0.3263508478800456,
      "worst10img_mean_psnr_delta": -0.4742607116699219,
      "best10img_mean_psnr_delta": 0.4564933776855469,
      "worst10_mean_psnr_delta": -0.2846848805745443,
      "best10_mean_psnr_delta": 0.3263508478800456,
      "mean_ssim_delta": 6.246864795684815e-06,
      "positive_ratio": 0.6083333333333333,
      "strong_reference_cut_psnr": 42.755948066711426,
      "strong_reference_count": 150,
      "strong_regression_count_delta_le_-0.05": 41,
      "worst_regression_count_delta_le_-0.20": 49
    },
    {
      "label": "normal",
      "train_depth": "invert",
      "eval_depth": "normal",
      "compare_dir": "/sda/home/wangyuxin/ConvIR-B/repos/ConvIR-B-dta-v3-5-fdf-rcs-lite/experience_docx/experiment_logs/haze4k_dta_v3_5_fdf_rcs_lite_20260612/dta_v3_5_v35_fdf_rcs_l2_fdf_lite_s002_g025_bm2_seed3411_f0_quick5full_fallback_train_normal_compare",
      "common_count": 600,
      "mean_psnr_delta": 0.03189133644104004,
      "median_psnr_delta": 0.0339508056640625,
      "p5_psnr_delta": -0.24056854248046874,
      "p95_psnr_delta": 0.3110891342163085,
      "hard_bottom25_psnr_delta": 0.02476273854573568,
      "easy_top25_psnr_delta": 0.021128184000651043,
      "worst10pct_mean_psnr_delta": -0.27892723083496096,
      "best10pct_mean_psnr_delta": 0.3174564997355143,
      "worst10img_mean_psnr_delta": -0.4672588348388672,
      "best10img_mean_psnr_delta": 0.4310585021972656,
      "worst10_mean_psnr_delta": -0.27892723083496096,
      "best10_mean_psnr_delta": 0.3174564997355143,
      "mean_ssim_delta": 7.404188315073649e-06,
      "positive_ratio": 0.6083333333333333,
      "strong_reference_cut_psnr": 42.755948066711426,
      "strong_reference_count": 150,
      "strong_regression_count_delta_le_-0.05": 40,
      "worst_regression_count_delta_le_-0.20": 49
    }
  ],
  "attribution": {
    "true_label": "true",
    "baseline_label": "zero",
    "common_count": 600,
    "mean_depth_surplus_psnr": 0.03241063753763835,
    "median_depth_surplus_psnr": 0.03691673278808594,
    "positive_surplus_ratio": 0.685
  }
}