{
  "runs": [
    {
      "label": "true",
      "train_depth": "invert",
      "eval_depth": "invert",
      "compare_dir": "/sda/home/wangyuxin/ConvIR-B/repos/ConvIR-B-dta-v3-5-fdf-rcs-lite/experience_docx/experiment_logs/haze4k_dta_v3_5_fdf_rcs_lite_20260612/dta_v3_5_v35_fdf_rcs_l5_res010_tail_s004_g025_bm2_seed3407_f0_quick5full_fallback_train_invert_compare",
      "common_count": 600,
      "mean_psnr_delta": 0.05727648417154948,
      "median_psnr_delta": 0.056835174560546875,
      "p5_psnr_delta": -0.3772603988647461,
      "p95_psnr_delta": 0.46728019714355445,
      "hard_bottom25_psnr_delta": 0.05520222981770833,
      "easy_top25_psnr_delta": 0.0393707275390625,
      "worst10pct_mean_psnr_delta": -0.42291119893391926,
      "best10pct_mean_psnr_delta": 0.5139815012613932,
      "worst10img_mean_psnr_delta": -0.6794418334960938,
      "best10img_mean_psnr_delta": 0.7727294921875,
      "worst10_mean_psnr_delta": -0.42291119893391926,
      "best10_mean_psnr_delta": 0.5139815012613932,
      "mean_ssim_delta": 1.563797394434611e-05,
      "positive_ratio": 0.6166666666666667,
      "strong_reference_cut_psnr": 42.755948066711426,
      "strong_reference_count": 150,
      "strong_regression_count_delta_le_-0.05": 48,
      "worst_regression_count_delta_le_-0.20": 83
    },
    {
      "label": "zero",
      "train_depth": "invert",
      "eval_depth": "zero",
      "compare_dir": "/sda/home/wangyuxin/ConvIR-B/repos/ConvIR-B-dta-v3-5-fdf-rcs-lite/experience_docx/experiment_logs/haze4k_dta_v3_5_fdf_rcs_lite_20260612/dta_v3_5_v35_fdf_rcs_l5_res010_tail_s004_g025_bm2_seed3407_f0_quick5full_fallback_train_zero_compare",
      "common_count": 600,
      "mean_psnr_delta": -0.008862635294596355,
      "median_psnr_delta": -0.010532379150390625,
      "p5_psnr_delta": -0.29003314971923827,
      "p95_psnr_delta": 0.26879463195800773,
      "hard_bottom25_psnr_delta": -0.006945470174153646,
      "easy_top25_psnr_delta": -0.02860997517903646,
      "worst10pct_mean_psnr_delta": -0.32527364095052086,
      "best10pct_mean_psnr_delta": 0.30682992935180664,
      "worst10img_mean_psnr_delta": -0.5235870361328125,
      "best10img_mean_psnr_delta": 0.5312099456787109,
      "worst10_mean_psnr_delta": -0.32527364095052086,
      "best10_mean_psnr_delta": 0.30682992935180664,
      "mean_ssim_delta": -3.437081972757975e-05,
      "positive_ratio": 0.47,
      "strong_reference_cut_psnr": 42.755948066711426,
      "strong_reference_count": 150,
      "strong_regression_count_delta_le_-0.05": 58,
      "worst_regression_count_delta_le_-0.20": 55
    },
    {
      "label": "shuffle",
      "train_depth": "invert",
      "eval_depth": "shuffle",
      "compare_dir": "/sda/home/wangyuxin/ConvIR-B/repos/ConvIR-B-dta-v3-5-fdf-rcs-lite/experience_docx/experiment_logs/haze4k_dta_v3_5_fdf_rcs_lite_20260612/dta_v3_5_v35_fdf_rcs_l5_res010_tail_s004_g025_bm2_seed3407_f0_quick5full_fallback_train_shuffle_compare",
      "common_count": 600,
      "mean_psnr_delta": 0.006054455439249674,
      "median_psnr_delta": 0.00301361083984375,
      "p5_psnr_delta": -0.305192756652832,
      "p95_psnr_delta": 0.32201023101806614,
      "hard_bottom25_psnr_delta": -0.0014403915405273437,
      "easy_top25_psnr_delta": 0.0009104665120442709,
      "worst10pct_mean_psnr_delta": -0.33703174591064455,
      "best10pct_mean_psnr_delta": 0.35481268564860025,
      "worst10img_mean_psnr_delta": -0.5460914611816406,
      "best10img_mean_psnr_delta": 0.5984889984130859,
      "worst10_mean_psnr_delta": -0.33703174591064455,
      "best10_mean_psnr_delta": 0.35481268564860025,
      "mean_ssim_delta": -5.203187465667725e-06,
      "positive_ratio": 0.5083333333333333,
      "strong_reference_cut_psnr": 42.755948066711426,
      "strong_reference_count": 150,
      "strong_regression_count_delta_le_-0.05": 44,
      "worst_regression_count_delta_le_-0.20": 70
    },
    {
      "label": "normal",
      "train_depth": "invert",
      "eval_depth": "normal",
      "compare_dir": "/sda/home/wangyuxin/ConvIR-B/repos/ConvIR-B-dta-v3-5-fdf-rcs-lite/experience_docx/experiment_logs/haze4k_dta_v3_5_fdf_rcs_lite_20260612/dta_v3_5_v35_fdf_rcs_l5_res010_tail_s004_g025_bm2_seed3407_f0_quick5full_fallback_train_normal_compare",
      "common_count": 600,
      "mean_psnr_delta": 0.002763236363728841,
      "median_psnr_delta": -0.0008935928344726562,
      "p5_psnr_delta": -0.321533203125,
      "p95_psnr_delta": 0.32717132568359375,
      "hard_bottom25_psnr_delta": -0.008090604146321614,
      "easy_top25_psnr_delta": -0.0013344828287760416,
      "worst10pct_mean_psnr_delta": -0.34079866409301757,
      "best10pct_mean_psnr_delta": 0.3566064516703288,
      "worst10img_mean_psnr_delta": -0.5349338531494141,
      "best10img_mean_psnr_delta": 0.5681064605712891,
      "worst10_mean_psnr_delta": -0.34079866409301757,
      "best10_mean_psnr_delta": 0.3566064516703288,
      "mean_ssim_delta": -2.867281436920166e-06,
      "positive_ratio": 0.495,
      "strong_reference_cut_psnr": 42.755948066711426,
      "strong_reference_count": 150,
      "strong_regression_count_delta_le_-0.05": 49,
      "worst_regression_count_delta_le_-0.20": 68
    }
  ],
  "attribution": {
    "true_label": "true",
    "baseline_label": "zero",
    "common_count": 600,
    "mean_depth_surplus_psnr": 0.06613911946614583,
    "median_depth_surplus_psnr": 0.07472419738769531,
    "positive_surplus_ratio": 0.6883333333333334
  }
}