{
  "runs": [
    {
      "label": "true",
      "train_depth": "invert",
      "eval_depth": "invert",
      "compare_dir": "/sda/home/wangyuxin/ConvIR-B/repos/ConvIR-B-dta-v3-5-fdf-rcs-lite/experience_docx/experiment_logs/haze4k_dta_v3_5_fdf_rcs_lite_20260612/dta_v3_5_v35_fdf_rcs_l5_res010_tail_s004_g025_bm2_seed3411_f1_quick5full_fallback_train_invert_compare",
      "common_count": 600,
      "mean_psnr_delta": 0.058117974599202475,
      "median_psnr_delta": 0.06157493591308594,
      "p5_psnr_delta": -0.32842025756835935,
      "p95_psnr_delta": 0.4364078521728515,
      "hard_bottom25_psnr_delta": 0.09408302307128906,
      "easy_top25_psnr_delta": 0.035896987915039064,
      "worst10pct_mean_psnr_delta": -0.37799612681070965,
      "best10pct_mean_psnr_delta": 0.47164999643961586,
      "worst10img_mean_psnr_delta": -0.6286792755126953,
      "best10img_mean_psnr_delta": 0.6906402587890625,
      "worst10_mean_psnr_delta": -0.37799612681070965,
      "best10_mean_psnr_delta": 0.47164999643961586,
      "mean_ssim_delta": 3.009796142578125e-05,
      "positive_ratio": 0.6283333333333333,
      "strong_reference_cut_psnr": 42.834919929504395,
      "strong_reference_count": 150,
      "strong_regression_count_delta_le_-0.05": 49,
      "worst_regression_count_delta_le_-0.20": 67
    },
    {
      "label": "zero",
      "train_depth": "invert",
      "eval_depth": "zero",
      "compare_dir": "/sda/home/wangyuxin/ConvIR-B/repos/ConvIR-B-dta-v3-5-fdf-rcs-lite/experience_docx/experiment_logs/haze4k_dta_v3_5_fdf_rcs_lite_20260612/dta_v3_5_v35_fdf_rcs_l5_res010_tail_s004_g025_bm2_seed3411_f1_quick5full_fallback_train_zero_compare",
      "common_count": 600,
      "mean_psnr_delta": 0.012266934712727865,
      "median_psnr_delta": 0.010419845581054688,
      "p5_psnr_delta": -0.21613826751708984,
      "p95_psnr_delta": 0.26156272888183585,
      "hard_bottom25_psnr_delta": 0.03747469584147135,
      "easy_top25_psnr_delta": 0.008548787434895833,
      "worst10pct_mean_psnr_delta": -0.27224629720052085,
      "best10pct_mean_psnr_delta": 0.29276965459187826,
      "worst10img_mean_psnr_delta": -0.5370082855224609,
      "best10img_mean_psnr_delta": 0.49574813842773435,
      "worst10_mean_psnr_delta": -0.27224629720052085,
      "best10_mean_psnr_delta": 0.29276965459187826,
      "mean_ssim_delta": 4.2100747426350915e-06,
      "positive_ratio": 0.545,
      "strong_reference_cut_psnr": 42.834919929504395,
      "strong_reference_count": 150,
      "strong_regression_count_delta_le_-0.05": 44,
      "worst_regression_count_delta_le_-0.20": 33
    },
    {
      "label": "shuffle",
      "train_depth": "invert",
      "eval_depth": "shuffle",
      "compare_dir": "/sda/home/wangyuxin/ConvIR-B/repos/ConvIR-B-dta-v3-5-fdf-rcs-lite/experience_docx/experiment_logs/haze4k_dta_v3_5_fdf_rcs_lite_20260612/dta_v3_5_v35_fdf_rcs_l5_res010_tail_s004_g025_bm2_seed3411_f1_quick5full_fallback_train_shuffle_compare",
      "common_count": 600,
      "mean_psnr_delta": 0.019702348709106445,
      "median_psnr_delta": 0.017772674560546875,
      "p5_psnr_delta": -0.25777111053466795,
      "p95_psnr_delta": 0.28871631622314403,
      "hard_bottom25_psnr_delta": 0.0455801264444987,
      "easy_top25_psnr_delta": 0.016012217203776043,
      "worst10pct_mean_psnr_delta": -0.3101218223571777,
      "best10pct_mean_psnr_delta": 0.33126777013142905,
      "worst10img_mean_psnr_delta": -0.5712062835693359,
      "best10img_mean_psnr_delta": 0.5323188781738282,
      "worst10_mean_psnr_delta": -0.3101218223571777,
      "best10_mean_psnr_delta": 0.33126777013142905,
      "mean_ssim_delta": 2.0095109939575194e-05,
      "positive_ratio": 0.5633333333333334,
      "strong_reference_cut_psnr": 42.834919929504395,
      "strong_reference_count": 150,
      "strong_regression_count_delta_le_-0.05": 43,
      "worst_regression_count_delta_le_-0.20": 53
    },
    {
      "label": "normal",
      "train_depth": "invert",
      "eval_depth": "normal",
      "compare_dir": "/sda/home/wangyuxin/ConvIR-B/repos/ConvIR-B-dta-v3-5-fdf-rcs-lite/experience_docx/experiment_logs/haze4k_dta_v3_5_fdf_rcs_lite_20260612/dta_v3_5_v35_fdf_rcs_l5_res010_tail_s004_g025_bm2_seed3411_f1_quick5full_fallback_train_normal_compare",
      "common_count": 600,
      "mean_psnr_delta": 0.016886243820190428,
      "median_psnr_delta": 0.0190582275390625,
      "p5_psnr_delta": -0.2609226226806641,
      "p95_psnr_delta": 0.28594112396240173,
      "hard_bottom25_psnr_delta": 0.04082447052001953,
      "easy_top25_psnr_delta": 0.01829902648925781,
      "worst10pct_mean_psnr_delta": -0.30652542114257814,
      "best10pct_mean_psnr_delta": 0.3267707824707031,
      "worst10img_mean_psnr_delta": -0.5613826751708985,
      "best10img_mean_psnr_delta": 0.523044204711914,
      "worst10_mean_psnr_delta": -0.30652542114257814,
      "best10_mean_psnr_delta": 0.3267707824707031,
      "mean_ssim_delta": 2.350469430287679e-05,
      "positive_ratio": 0.5533333333333333,
      "strong_reference_cut_psnr": 42.834919929504395,
      "strong_reference_count": 150,
      "strong_regression_count_delta_le_-0.05": 45,
      "worst_regression_count_delta_le_-0.20": 50
    }
  ],
  "attribution": {
    "true_label": "true",
    "baseline_label": "zero",
    "common_count": 600,
    "mean_depth_surplus_psnr": 0.04585103988647461,
    "median_depth_surplus_psnr": 0.06211090087890625,
    "positive_surplus_ratio": 0.6783333333333333
  }
}