{
  "runs": [
    {
      "label": "true",
      "train_depth": "invert",
      "eval_depth": "invert",
      "compare_dir": "/sda/home/wangyuxin/ConvIR-B/repos/ConvIR-B-dta-v3-5-fdf-rcs-lite/experience_docx/experiment_logs/haze4k_dta_v3_5_fdf_rcs_lite_20260612/dta_v3_5_v35_fdf_rcs_l2_fdf_lite_s002_g025_bm2_seed3407_f1_quick5full_fallback_train_invert_compare",
      "common_count": 600,
      "mean_psnr_delta": 0.06486547152201334,
      "median_psnr_delta": 0.06692028045654297,
      "p5_psnr_delta": -0.32103729248046875,
      "p95_psnr_delta": 0.45337429046630856,
      "hard_bottom25_psnr_delta": 0.07796164194742838,
      "easy_top25_psnr_delta": 0.052932662963867186,
      "worst10pct_mean_psnr_delta": -0.3775538762410482,
      "best10pct_mean_psnr_delta": 0.4918288548787435,
      "worst10img_mean_psnr_delta": -0.6846420288085937,
      "best10img_mean_psnr_delta": 0.6946266174316407,
      "worst10_mean_psnr_delta": -0.3775538762410482,
      "best10_mean_psnr_delta": 0.4918288548787435,
      "mean_ssim_delta": 7.651448249816895e-06,
      "positive_ratio": 0.6383333333333333,
      "strong_reference_cut_psnr": 42.834919929504395,
      "strong_reference_count": 150,
      "strong_regression_count_delta_le_-0.05": 47,
      "worst_regression_count_delta_le_-0.20": 59
    },
    {
      "label": "zero",
      "train_depth": "invert",
      "eval_depth": "zero",
      "compare_dir": "/sda/home/wangyuxin/ConvIR-B/repos/ConvIR-B-dta-v3-5-fdf-rcs-lite/experience_docx/experiment_logs/haze4k_dta_v3_5_fdf_rcs_lite_20260612/dta_v3_5_v35_fdf_rcs_l2_fdf_lite_s002_g025_bm2_seed3407_f1_quick5full_fallback_train_zero_compare",
      "common_count": 600,
      "mean_psnr_delta": 0.006307538350423177,
      "median_psnr_delta": 0.0061283111572265625,
      "p5_psnr_delta": -0.25546855926513673,
      "p95_psnr_delta": 0.2839435577392577,
      "hard_bottom25_psnr_delta": 0.006211039225260417,
      "easy_top25_psnr_delta": 0.020878117879231772,
      "worst10pct_mean_psnr_delta": -0.2993878682454427,
      "best10pct_mean_psnr_delta": 0.3057366689046224,
      "worst10img_mean_psnr_delta": -0.5214874267578125,
      "best10img_mean_psnr_delta": 0.44785346984863283,
      "worst10_mean_psnr_delta": -0.2993878682454427,
      "best10_mean_psnr_delta": 0.3057366689046224,
      "mean_ssim_delta": -3.876696030298869e-05,
      "positive_ratio": 0.515,
      "strong_reference_cut_psnr": 42.834919929504395,
      "strong_reference_count": 150,
      "strong_regression_count_delta_le_-0.05": 39,
      "worst_regression_count_delta_le_-0.20": 56
    },
    {
      "label": "shuffle",
      "train_depth": "invert",
      "eval_depth": "shuffle",
      "compare_dir": "/sda/home/wangyuxin/ConvIR-B/repos/ConvIR-B-dta-v3-5-fdf-rcs-lite/experience_docx/experiment_logs/haze4k_dta_v3_5_fdf_rcs_lite_20260612/dta_v3_5_v35_fdf_rcs_l2_fdf_lite_s002_g025_bm2_seed3407_f1_quick5full_fallback_train_shuffle_compare",
      "common_count": 600,
      "mean_psnr_delta": 0.020322450002034507,
      "median_psnr_delta": 0.026556015014648438,
      "p5_psnr_delta": -0.2504429817199707,
      "p95_psnr_delta": 0.3219264984130859,
      "hard_bottom25_psnr_delta": 0.0197039794921875,
      "easy_top25_psnr_delta": 0.03477119445800781,
      "worst10pct_mean_psnr_delta": -0.31236569086710614,
      "best10pct_mean_psnr_delta": 0.3487237294514974,
      "worst10img_mean_psnr_delta": -0.5788555145263672,
      "best10img_mean_psnr_delta": 0.5115455627441406,
      "worst10_mean_psnr_delta": -0.31236569086710614,
      "best10_mean_psnr_delta": 0.3487237294514974,
      "mean_ssim_delta": -7.918874422709146e-06,
      "positive_ratio": 0.57,
      "strong_reference_cut_psnr": 42.834919929504395,
      "strong_reference_count": 150,
      "strong_regression_count_delta_le_-0.05": 38,
      "worst_regression_count_delta_le_-0.20": 54
    },
    {
      "label": "normal",
      "train_depth": "invert",
      "eval_depth": "normal",
      "compare_dir": "/sda/home/wangyuxin/ConvIR-B/repos/ConvIR-B-dta-v3-5-fdf-rcs-lite/experience_docx/experiment_logs/haze4k_dta_v3_5_fdf_rcs_lite_20260612/dta_v3_5_v35_fdf_rcs_l2_fdf_lite_s002_g025_bm2_seed3407_f1_quick5full_fallback_train_normal_compare",
      "common_count": 600,
      "mean_psnr_delta": 0.017187283833821614,
      "median_psnr_delta": 0.012800216674804688,
      "p5_psnr_delta": -0.25609512329101564,
      "p95_psnr_delta": 0.3253570556640625,
      "hard_bottom25_psnr_delta": 0.014651412963867188,
      "easy_top25_psnr_delta": 0.03745442708333333,
      "worst10pct_mean_psnr_delta": -0.3057507197062174,
      "best10pct_mean_psnr_delta": 0.3437040328979492,
      "worst10img_mean_psnr_delta": -0.5574298858642578,
      "best10img_mean_psnr_delta": 0.5186141967773438,
      "worst10_mean_psnr_delta": -0.3057507197062174,
      "best10_mean_psnr_delta": 0.3437040328979492,
      "mean_ssim_delta": -2.7629733085632322e-06,
      "positive_ratio": 0.5466666666666666,
      "strong_reference_cut_psnr": 42.834919929504395,
      "strong_reference_count": 150,
      "strong_regression_count_delta_le_-0.05": 41,
      "worst_regression_count_delta_le_-0.20": 51
    }
  ],
  "attribution": {
    "true_label": "true",
    "baseline_label": "zero",
    "common_count": 600,
    "mean_depth_surplus_psnr": 0.05855793317159017,
    "median_depth_surplus_psnr": 0.07755470275878906,
    "positive_surplus_ratio": 0.7016666666666667
  }
}