{
  "runs": {
    "A0": {
      "label": "A0",
      "arch": "official_convir",
      "mode": "original",
      "checkpoint": "/home/caozhiyang/ConvIR-B/checkpoints/official/Haze4K/haze4k-base.pkl",
      "depth_mode": "none",
      "airlight_mode": "none",
      "count": 600,
      "mean_psnr": 39.34407578468323,
      "mean_ssim": 0.995722817381223,
      "avg_time_sec_sync": 0.023500435749689737,
      "median_time_sec_sync": 0.024628639221191406,
      "peak_cuda_mem_mib": 535.44482421875
    },
    "DTA_v34_v34_fdf_tsr_e3_tsr_full_seed3411_f0_quick5full_fallback_train_invert": {
      "label": "DTA_v34_v34_fdf_tsr_e3_tsr_full_seed3411_f0_quick5full_fallback_train_invert",
      "arch": "dta_v3",
      "mode": "modres",
      "checkpoint": "/home/caozhiyang/ConvIR-B/repos/ConvIR-B-dta-v3-4-fdf-tsr-finetune/Dehazing/ITS/results/ConvIR-Haze4K-DTA-v3-4-FDF-TSR-e3_tsr_full-seed3411_f0-quick5full/Training-Results/Final.pkl",
      "depth_mode": "invert",
      "airlight_mode": "fallback",
      "count": 600,
      "mean_psnr": 39.431157690684,
      "mean_ssim": 0.9957073051730791,
      "avg_time_sec_sync": 0.034523911873499555,
      "median_time_sec_sync": 0.03563261032104492,
      "peak_cuda_mem_mib": 544.6005859375
    }
  },
  "comparison": {
    "common_count": 600,
    "mean_psnr_delta": 0.08708190600077312,
    "median_psnr_delta": 0.07263374328613281,
    "p5_psnr_delta": -0.7164136886596679,
    "p95_psnr_delta": 1.0183130264282225,
    "hard_bottom25_psnr_delta": 0.04344608306884765,
    "easy_top25_psnr_delta": 0.04741076151529948,
    "worst10pct_mean_psnr_delta": -0.8655801773071289,
    "best10pct_mean_psnr_delta": 1.0574679692586264,
    "worst10img_mean_psnr_delta": -1.605264663696289,
    "best10img_mean_psnr_delta": 1.4549205780029297,
    "worst10_mean_psnr_delta": -0.8655801773071289,
    "best10_mean_psnr_delta": 1.0574679692586264,
    "mean_ssim_delta": -1.5512208143870036e-05,
    "positive_ratio": 0.5733333333333334,
    "strong_reference_cut_psnr": 42.766201972961426,
    "strong_reference_count": 150,
    "strong_regression_count_delta_le_-0.05": 61,
    "worst_regression_count_delta_le_-0.20": 132
  }
}