{
  "runs": {
    "A0": {
      "label": "A0",
      "arch": "official_convir",
      "mode": "original",
      "checkpoint": "/home/caozhiyang/ConvIR-B/checkpoints/official/Haze4K/haze4k-base.pkl",
      "depth_mode": "none",
      "airlight_mode": "none",
      "count": 600,
      "mean_psnr": 39.34407578468323,
      "mean_ssim": 0.995722817381223,
      "avg_time_sec_sync": 0.024217590490976968,
      "median_time_sec_sync": 0.024631381034851074,
      "peak_cuda_mem_mib": 535.44482421875
    },
    "DTA_v34_v34_fdf_tsr_e4_plus_film_seed3411_f0_quick5full_fallback_train_zero": {
      "label": "DTA_v34_v34_fdf_tsr_e4_plus_film_seed3411_f0_quick5full_fallback_train_zero",
      "arch": "dta_v3",
      "mode": "modres",
      "checkpoint": "/home/caozhiyang/ConvIR-B/repos/ConvIR-B-dta-v3-4-fdf-tsr-finetune/Dehazing/ITS/results/ConvIR-Haze4K-DTA-v3-4-FDF-TSR-e4_plus_film-seed3411_f0-quick5full/Training-Results/Final.pkl",
      "depth_mode": "zero",
      "airlight_mode": "fallback",
      "count": 600,
      "mean_psnr": 39.23602263450623,
      "mean_ssim": 0.9956528447071711,
      "avg_time_sec_sync": 0.03149351040522257,
      "median_time_sec_sync": 0.035239577293395996,
      "peak_cuda_mem_mib": 544.6005859375
    }
  },
  "comparison": {
    "common_count": 600,
    "mean_psnr_delta": -0.10805315017700196,
    "median_psnr_delta": -0.11921310424804688,
    "p5_psnr_delta": -0.6727531433105469,
    "p95_psnr_delta": 0.4587524414062487,
    "hard_bottom25_psnr_delta": -0.15557029724121094,
    "easy_top25_psnr_delta": -0.09044212341308594,
    "worst10pct_mean_psnr_delta": -0.7670416831970215,
    "best10pct_mean_psnr_delta": 0.5492884953816731,
    "worst10img_mean_psnr_delta": -1.189847183227539,
    "best10img_mean_psnr_delta": 0.996127700805664,
    "worst10_mean_psnr_delta": -0.7670416831970215,
    "best10_mean_psnr_delta": 0.5492884953816731,
    "mean_ssim_delta": -6.997267405192058e-05,
    "positive_ratio": 0.36833333333333335,
    "strong_reference_cut_psnr": 42.766201972961426,
    "strong_reference_count": 150,
    "strong_regression_count_delta_le_-0.05": 77,
    "worst_regression_count_delta_le_-0.20": 224
  }
}