{
  "source_csv": "/root/autodl-tmp/workspace/ConvIR-B-hardfreq-loss/Dehazing/ITS/results/ConvIR-Haze4K-hardfreq-loss-stop20-20260601/logs/scout_eval_per_image_seed3407_stop20_last.csv",
  "candidate_name": "hardfreq_loss",
  "overall": {
    "count": 1000,
    "mean_delta_psnr": -0.9048442306518555,
    "median_delta_psnr": -0.6749544143676758,
    "p5_delta_psnr": -5.942797756195068,
    "p95_delta_psnr": 3.3149093627929673,
    "positive_delta_count": 384,
    "positive_delta_ratio": 0.384,
    "regression_delta_le_-0.05": 610,
    "regression_delta_le_-0.10": 603,
    "regression_delta_le_-0.20": 595,
    "gain_delta_ge_0.05": 373,
    "gain_delta_ge_0.10": 365,
    "mean_delta_ssim": -0.018981695711612703,
    "median_delta_ssim": -0.010939866304397583,
    "worst_10_mean_delta_psnr": -9.766921043395996,
    "best_10_mean_delta_psnr": 6.020558166503906
  },
  "difficulty_buckets_by_original_psnr": {
    "hard_bottom_25pct": {
      "original_psnr_range": [
        9.70559024810791,
        22.120845794677734
      ],
      "count": 250,
      "mean_delta_psnr": 0.45481175231933596,
      "median_delta_psnr": 0.32552623748779297,
      "p5_delta_psnr": -1.7686516761779785,
      "p95_delta_psnr": 3.221781444549561,
      "positive_delta_count": 147,
      "positive_delta_ratio": 0.588,
      "regression_delta_le_-0.05": 101,
      "regression_delta_le_-0.10": 98,
      "regression_delta_le_-0.20": 94,
      "gain_delta_ge_0.05": 142,
      "gain_delta_ge_0.10": 139,
      "mean_delta_ssim": -0.004718227624893189,
      "median_delta_ssim": -0.0023315250873565674,
      "worst_10_mean_delta_psnr": -2.7199098587036135,
      "best_10_mean_delta_psnr": 4.31579065322876
    },
    "medium_middle_50pct": {
      "original_psnr_range": [
        22.18939781188965,
        27.25054931640625
      ],
      "count": 500,
      "mean_delta_psnr": -0.3155628509521484,
      "median_delta_psnr": -0.5471515655517578,
      "p5_delta_psnr": -4.022373390197754,
      "p95_delta_psnr": 3.920202255249024,
      "positive_delta_count": 212,
      "positive_delta_ratio": 0.424,
      "regression_delta_le_-0.05": 287,
      "regression_delta_le_-0.10": 283,
      "regression_delta_le_-0.20": 279,
      "gain_delta_ge_0.05": 207,
      "gain_delta_ge_0.10": 202,
      "mean_delta_ssim": -0.017651528358459474,
      "median_delta_ssim": -0.009624481201171875,
      "worst_10_mean_delta_psnr": -5.806432723999023,
      "best_10_mean_delta_psnr": 5.688200950622559
    },
    "easy_top_25pct": {
      "original_psnr_range": [
        27.28000831604004,
        37.73191452026367
      ],
      "count": 250,
      "mean_delta_psnr": -3.443062973022461,
      "median_delta_psnr": -3.417522430419922,
      "p5_delta_psnr": -8.1537109375,
      "p95_delta_psnr": 1.1074429512023933,
      "positive_delta_count": 25,
      "positive_delta_ratio": 0.1,
      "regression_delta_le_-0.05": 222,
      "regression_delta_le_-0.10": 222,
      "regression_delta_le_-0.20": 222,
      "gain_delta_ge_0.05": 24,
      "gain_delta_ge_0.10": 24,
      "mean_delta_ssim": -0.03590549850463867,
      "median_delta_ssim": -0.02456703782081604,
      "worst_10_mean_delta_psnr": -9.766921043395996,
      "best_10_mean_delta_psnr": 3.525394058227539
    }
  },
  "filename_parameter_correlations_inferred": {
    "note": "Haze4K filenames look like id_param1_param2.png; this file records correlation only and does not assume the parameter meaning.",
    "param_1_vs_original_psnr": -0.11318063862281354,
    "param_1_vs_delta_psnr": 0.1468005605115419,
    "param_2_vs_original_psnr": -0.5562576191503015,
    "param_2_vs_delta_psnr": 0.29020733147988415
  },
  "worst_regressions": [
    {
      "name": "946_0.65_0.58.png",
      "original_psnr": 33.17375183105469,
      "candidate_psnr": 21.870309829711914,
      "delta_psnr": -11.303442001342773,
      "original_ssim": 0.9536001086235046,
      "candidate_ssim": 0.7844538688659668,
      "delta_ssim": -0.16914623975753784,
      "filename_param_1": 0.65,
      "filename_param_2": 0.58
    },
    {
      "name": "935_0.58_0.55.png",
      "original_psnr": 35.739219665527344,
      "candidate_psnr": 24.586223602294922,
      "delta_psnr": -11.152996063232422,
      "original_ssim": 0.9174047708511353,
      "candidate_ssim": 0.7365471124649048,
      "delta_ssim": -0.18085765838623047,
      "filename_param_1": 0.58,
      "filename_param_2": 0.55
    },
    {
      "name": "817_0.59_1.1.png",
      "original_psnr": 31.322715759277344,
      "candidate_psnr": 21.220064163208008,
      "delta_psnr": -10.102651596069336,
      "original_ssim": 0.9863495826721191,
      "candidate_ssim": 0.9026570320129395,
      "delta_ssim": -0.08369255065917969,
      "filename_param_1": 0.59,
      "filename_param_2": 1.1
    },
    {
      "name": "978_0.6_0.57.png",
      "original_psnr": 37.73191452026367,
      "candidate_psnr": 28.084522247314453,
      "delta_psnr": -9.647392272949219,
      "original_ssim": 0.9833166003227234,
      "candidate_ssim": 0.9498488903045654,
      "delta_ssim": -0.03346771001815796,
      "filename_param_1": 0.6,
      "filename_param_2": 0.57
    },
    {
      "name": "818_0.52_0.76.png",
      "original_psnr": 32.752349853515625,
      "candidate_psnr": 23.227313995361328,
      "delta_psnr": -9.525035858154297,
      "original_ssim": 0.9879559278488159,
      "candidate_ssim": 0.927059531211853,
      "delta_ssim": -0.06089639663696289,
      "filename_param_1": 0.52,
      "filename_param_2": 0.76
    },
    {
      "name": "557_0.68_0.68.png",
      "original_psnr": 32.50566864013672,
      "candidate_psnr": 23.006759643554688,
      "delta_psnr": -9.498908996582031,
      "original_ssim": 0.975073516368866,
      "candidate_ssim": 0.8600772619247437,
      "delta_ssim": -0.11499625444412231,
      "filename_param_1": 0.68,
      "filename_param_2": 0.68
    },
    {
      "name": "883_0.79_0.54.png",
      "original_psnr": 32.27164840698242,
      "candidate_psnr": 22.854616165161133,
      "delta_psnr": -9.417032241821289,
      "original_ssim": 0.9703904986381531,
      "candidate_ssim": 0.824910044670105,
      "delta_ssim": -0.1454804539680481,
      "filename_param_1": 0.79,
      "filename_param_2": 0.54
    },
    {
      "name": "479_0.79_0.62.png",
      "original_psnr": 27.979816436767578,
      "candidate_psnr": 18.748353958129883,
      "delta_psnr": -9.231462478637695,
      "original_ssim": 0.9814151525497437,
      "candidate_ssim": 0.8503718376159668,
      "delta_ssim": -0.13104331493377686,
      "filename_param_1": 0.79,
      "filename_param_2": 0.62
    },
    {
      "name": "977_0.64_0.58.png",
      "original_psnr": 37.27676773071289,
      "candidate_psnr": 28.341062545776367,
      "delta_psnr": -8.935705184936523,
      "original_ssim": 0.9813550710678101,
      "candidate_ssim": 0.9498424530029297,
      "delta_ssim": -0.03151261806488037,
      "filename_param_1": 0.64,
      "filename_param_2": 0.58
    },
    {
      "name": "929_0.65_0.89.png",
      "original_psnr": 32.83222961425781,
      "candidate_psnr": 23.977645874023438,
      "delta_psnr": -8.854583740234375,
      "original_ssim": 0.9589395523071289,
      "candidate_ssim": 0.913488507270813,
      "delta_ssim": -0.04545104503631592,
      "filename_param_1": 0.65,
      "filename_param_2": 0.89
    },
    {
      "name": "478_0.84_0.71.png",
      "original_psnr": 27.66301155090332,
      "candidate_psnr": 18.98756217956543,
      "delta_psnr": -8.67544937133789,
      "original_ssim": 0.9789934158325195,
      "candidate_ssim": 0.8613263964653015,
      "delta_ssim": -0.11766701936721802,
      "filename_param_1": 0.84,
      "filename_param_2": 0.71
    },
    {
      "name": "311_0.75_0.62.png",
      "original_psnr": 34.450767517089844,
      "candidate_psnr": 25.980365753173828,
      "delta_psnr": -8.470401763916016,
      "original_ssim": 0.9948256015777588,
      "candidate_ssim": 0.967975378036499,