{
  "source_csv": "/root/autodl-tmp/workspace/ConvIR-B-hardfreq-loss/Dehazing/ITS/results/ConvIR-Haze4K-hardfreq-loss-stop20-20260601/logs/scout_eval_per_image_seed3407_stop20_best.csv",
  "candidate_name": "hardfreq_loss",
  "overall": {
    "count": 1000,
    "mean_delta_psnr": -0.212680926322937,
    "median_delta_psnr": -0.2122049331665039,
    "p5_delta_psnr": -2.9561594009399412,
    "p95_delta_psnr": 2.609045791625976,
    "positive_delta_count": 443,
    "positive_delta_ratio": 0.443,
    "regression_delta_le_-0.05": 548,
    "regression_delta_le_-0.10": 531,
    "regression_delta_le_-0.20": 506,
    "gain_delta_ge_0.05": 423,
    "gain_delta_ge_0.10": 409,
    "mean_delta_ssim": -0.004832022726535797,
    "median_delta_ssim": -0.003071695566177368,
    "worst_10_mean_delta_psnr": -6.065200996398926,
    "best_10_mean_delta_psnr": 4.629340362548828
  },
  "difficulty_buckets_by_original_psnr": {
    "hard_bottom_25pct": {
      "original_psnr_range": [
        9.70559024810791,
        22.120845794677734
      ],
      "count": 250,
      "mean_delta_psnr": 0.5999444847106934,
      "median_delta_psnr": 0.3879251480102539,
      "p5_delta_psnr": -1.5993494987487793,
      "p95_delta_psnr": 3.053417396545411,
      "positive_delta_count": 154,
      "positive_delta_ratio": 0.616,
      "regression_delta_le_-0.05": 96,
      "regression_delta_le_-0.10": 88,
      "regression_delta_le_-0.20": 74,
      "gain_delta_ge_0.05": 148,
      "gain_delta_ge_0.10": 145,
      "mean_delta_ssim": 0.001741569995880127,
      "median_delta_ssim": 0.0014837682247161865,
      "worst_10_mean_delta_psnr": -2.174690914154053,
      "best_10_mean_delta_psnr": 4.083662986755371
    },
    "medium_middle_50pct": {
      "original_psnr_range": [
        22.18939781188965,
        27.25054931640625
      ],
      "count": 500,
      "mean_delta_psnr": -0.10719907379150391,
      "median_delta_psnr": -0.1670207977294922,
      "p5_delta_psnr": -2.5585317611694336,
      "p95_delta_psnr": 2.483118629455567,
      "positive_delta_count": 232,
      "positive_delta_ratio": 0.464,
      "regression_delta_le_-0.05": 264,
      "regression_delta_le_-0.10": 256,
      "regression_delta_le_-0.20": 248,
      "gain_delta_ge_0.05": 221,
      "gain_delta_ge_0.10": 213,
      "mean_delta_ssim": -0.004212450742721557,
      "median_delta_ssim": -0.0028195977210998535,
      "worst_10_mean_delta_psnr": -4.344640731811523,
      "best_10_mean_delta_psnr": 3.8726150512695314
    },
    "easy_top_25pct": {
      "original_psnr_range": [
        27.28000831604004,
        37.73191452026367
      ],
      "count": 250,
      "mean_delta_psnr": -1.2362700424194335,
      "median_delta_psnr": -1.3036985397338867,
      "p5_delta_psnr": -4.275173664093018,
      "p95_delta_psnr": 1.983789157867433,
      "positive_delta_count": 57,
      "positive_delta_ratio": 0.228,
      "regression_delta_le_-0.05": 188,
      "regression_delta_le_-0.10": 187,
      "regression_delta_le_-0.20": 184,
      "gain_delta_ge_0.05": 54,
      "gain_delta_ge_0.10": 51,
      "mean_delta_ssim": -0.0126447594165802,
      "median_delta_ssim": -0.006731569766998291,
      "worst_10_mean_delta_psnr": -5.88243465423584,
      "best_10_mean_delta_psnr": 2.5883050918579102
    }
  },
  "filename_parameter_correlations_inferred": {
    "note": "Haze4K filenames look like id_param1_param2.png; this file records correlation only and does not assume the parameter meaning.",
    "param_1_vs_original_psnr": -0.11318063862281354,
    "param_1_vs_delta_psnr": 0.12281724170493923,
    "param_2_vs_original_psnr": -0.5562576191503015,
    "param_2_vs_delta_psnr": 0.2040052310724878
  },
  "worst_regressions": [
    {
      "name": "401_0.7_0.6.png",
      "original_psnr": 32.86531066894531,
      "candidate_psnr": 24.285335540771484,
      "delta_psnr": -8.579975128173828,
      "original_ssim": 0.957060694694519,
      "candidate_ssim": 0.9295403361320496,
      "delta_ssim": -0.027520358562469482,
      "filename_param_1": 0.7,
      "filename_param_2": 0.6
    },
    {
      "name": "836_0.77_0.51.png",
      "original_psnr": 34.77452087402344,
      "candidate_psnr": 27.952346801757812,
      "delta_psnr": -6.822174072265625,
      "original_ssim": 0.9707059264183044,
      "candidate_ssim": 0.9084892272949219,
      "delta_ssim": -0.06221669912338257,
      "filename_param_1": 0.77,
      "filename_param_2": 0.51
    },
    {
      "name": "954_0.75_1.19.png",
      "original_psnr": 28.497865676879883,
      "candidate_psnr": 22.268678665161133,
      "delta_psnr": -6.22918701171875,
      "original_ssim": 0.947029709815979,
      "candidate_ssim": 0.9330885410308838,
      "delta_ssim": -0.013941168785095215,
      "filename_param_1": 0.75,
      "filename_param_2": 1.19
    },
    {
      "name": "878_0.77_1.29.png",
      "original_psnr": 26.529441833496094,
      "candidate_psnr": 20.472248077392578,
      "delta_psnr": -6.057193756103516,
      "original_ssim": 0.9768864512443542,
      "candidate_ssim": 0.9429890513420105,
      "delta_ssim": -0.03389739990234375,
      "filename_param_1": 0.77,
      "filename_param_2": 1.29
    },
    {
      "name": "794_0.81_1.13.png",
      "original_psnr": 31.435556411743164,
      "candidate_psnr": 25.430103302001953,
      "delta_psnr": -6.005453109741211,
      "original_ssim": 0.944476306438446,
      "candidate_ssim": 0.8780578374862671,
      "delta_ssim": -0.06641846895217896,
      "filename_param_1": 0.81,
      "filename_param_2": 1.13
    },
    {
      "name": "977_0.64_0.58.png",
      "original_psnr": 37.27676773071289,
      "candidate_psnr": 31.6489200592041,
      "delta_psnr": -5.627847671508789,
      "original_ssim": 0.9813550710678101,
      "candidate_ssim": 0.9563453197479248,
      "delta_ssim": -0.025009751319885254,
      "filename_param_1": 0.64,
      "filename_param_2": 0.58
    },
    {
      "name": "833_0.84_0.74.png",
      "original_psnr": 31.47060203552246,
      "candidate_psnr": 25.886337280273438,
      "delta_psnr": -5.584264755249023,
      "original_ssim": 0.9650110602378845,
      "candidate_ssim": 0.894199550151825,
      "delta_ssim": -0.07081151008605957,
      "filename_param_1": 0.84,
      "filename_param_2": 0.74
    },
    {
      "name": "981_0.69_0.63.png",
      "original_psnr": 34.045101165771484,
      "candidate_psnr": 28.721576690673828,
      "delta_psnr": -5.323524475097656,
      "original_ssim": 0.9615838527679443,
      "candidate_ssim": 0.8988099098205566,
      "delta_ssim": -0.0627739429473877,
      "filename_param_1": 0.69,
      "filename_param_2": 0.63
    },
    {
      "name": "978_0.6_0.57.png",
      "original_psnr": 37.73191452026367,
      "candidate_psnr": 32.48215103149414,
      "delta_psnr": -5.249763488769531,
      "original_ssim": 0.9833166003227234,
      "candidate_ssim": 0.9591032862663269,
      "delta_ssim": -0.024213314056396484,
      "filename_param_1": 0.6,
      "filename_param_2": 0.57
    },
    {
      "name": "584_0.74_1.42.png",
      "original_psnr": 26.471332550048828,
      "candidate_psnr": 21.2987060546875,
      "delta_psnr": -5.172626495361328,
      "original_ssim": 0.9744762778282166,
      "candidate_ssim": 0.9594811201095581,
      "delta_ssim": -0.014995157718658447,
      "filename_param_1": 0.74,
      "filename_param_2": 1.42
    },
    {
      "name": "877_0.67_1.49.png",
      "original_psnr": 23.61414909362793,
      "candidate_psnr": 18.553085327148438,
      "delta_psnr": -5.061063766479492,
      "original_ssim": 0.9701292514801025,
      "candidate_ssim": 0.929256796836853,
      "delta_ssim": -0.04087245464324951,
      "filename_param_1": 0.67,
      "filename_param_2": 1.49
    },
    {
      "name": "935_0.58_0.55.png",
      "original_psnr": 35.739219665527344,
      "candidate_psnr": 31.005544662475586,
      "delta_psnr": -4.733675003051758,
      "original_ssim": 0.9174047708511353,
      "candidate_ssim": 0.8747519254684448,