family,alpha,group,bin,count,mean_dPSNR,mean_bootstrap_LCB,hard_bottom25_dPSNR,hard_bootstrap_LCB,easy_top25_dPSNR,worst_dPSNR,dSSIM,positive_ratio,positive_Wilson_LCB,nonnegative_ratio,severe_loss_count,severe_loss_per_600,severe_Wilson_UCB
expert,0.0,A0-PSNR_q4,q1,150,0.0,0.0,0.0,0.0,0.0,0.0,0.0,0.0,0.0,1.0,0,0.0,0.02497113914571871
expert,0.0,A0-PSNR_q4,q2,150,0.0,0.0,0.0,0.0,0.0,0.0,0.0,0.0,0.0,1.0,0,0.0,0.02497113914571871
expert,0.0,A0-PSNR_q4,q3,150,0.0,0.0,0.0,0.0,0.0,0.0,0.0,0.0,0.0,1.0,0,0.0,0.02497113914571871
expert,0.0,A0-PSNR_q4,q4,150,0.0,0.0,0.0,0.0,0.0,0.0,0.0,0.0,0.0,1.0,0,0.0,0.02497113914571871
expert,0.0,Expert-A0_diff_signed_q4,q1,150,0.0,0.0,0.0,0.0,0.0,0.0,0.0,0.0,0.0,1.0,0,0.0,0.02497113914571871
expert,0.0,Expert-A0_diff_signed_q4,q2,150,0.0,0.0,0.0,0.0,0.0,0.0,0.0,0.0,0.0,1.0,0,0.0,0.02497113914571871
expert,0.0,Expert-A0_diff_signed_q4,q3,150,0.0,0.0,0.0,0.0,0.0,0.0,0.0,0.0,0.0,1.0,0,0.0,0.02497113914571871
expert,0.0,Expert-A0_diff_signed_q4,q4,150,0.0,0.0,0.0,0.0,0.0,0.0,0.0,0.0,0.0,1.0,0,0.0,0.02497113914571871
expert,0.0,Expert-A0_diff_abs_q4,q1,150,0.0,0.0,0.0,0.0,0.0,0.0,0.0,0.0,0.0,1.0,0,0.0,0.02497113914571871
expert,0.0,Expert-A0_diff_abs_q4,q2,150,0.0,0.0,0.0,0.0,0.0,0.0,0.0,0.0,0.0,1.0,0,0.0,0.02497113914571871
expert,0.0,Expert-A0_diff_abs_q4,q3,150,0.0,0.0,0.0,0.0,0.0,0.0,0.0,0.0,0.0,1.0,0,0.0,0.02497113914571871
expert,0.0,Expert-A0_diff_abs_q4,q4,150,0.0,0.0,0.0,0.0,0.0,0.0,0.0,0.0,0.0,1.0,0,0.0,0.02497113914571871
expert,0.0,expert_fulludp_disagreement_q4,q1,150,0.0,0.0,0.0,0.0,0.0,0.0,0.0,0.0,0.0,1.0,0,0.0,0.02497113914571871
expert,0.0,expert_fulludp_disagreement_q4,q2,150,0.0,0.0,0.0,0.0,0.0,0.0,0.0,0.0,0.0,1.0,0,0.0,0.02497113914571871
expert,0.0,expert_fulludp_disagreement_q4,q3,150,0.0,0.0,0.0,0.0,0.0,0.0,0.0,0.0,0.0,1.0,0,0.0,0.02497113914571871
expert,0.0,expert_fulludp_disagreement_q4,q4,150,0.0,0.0,0.0,0.0,0.0,0.0,0.0,0.0,0.0,1.0,0,0.0,0.02497113914571871
expert,0.0,residual_cosine_q4,q1,150,0.0,0.0,0.0,0.0,0.0,0.0,0.0,0.0,0.0,1.0,0,0.0,0.02497113914571871
expert,0.0,residual_cosine_q4,q2,150,0.0,0.0,0.0,0.0,0.0,0.0,0.0,0.0,0.0,1.0,0,0.0,0.02497113914571871
expert,0.0,residual_cosine_q4,q3,150,0.0,0.0,0.0,0.0,0.0,0.0,0.0,0.0,0.0,1.0,0,0.0,0.02497113914571871
expert,0.0,residual_cosine_q4,q4,150,0.0,0.0,0.0,0.0,0.0,0.0,0.0,0.0,0.0,1.0,0,0.0,0.02497113914571871
expert,0.0,haze_density_q4,q1,150,0.0,0.0,0.0,0.0,0.0,0.0,0.0,0.0,0.0,1.0,0,0.0,0.02497113914571871
expert,0.0,haze_density_q4,q2,150,0.0,0.0,0.0,0.0,0.0,0.0,0.0,0.0,0.0,1.0,0,0.0,0.02497113914571871
expert,0.0,haze_density_q4,q3,150,0.0,0.0,0.0,0.0,0.0,0.0,0.0,0.0,0.0,1.0,0,0.0,0.02497113914571871
expert,0.0,haze_density_q4,q4,150,0.0,0.0,0.0,0.0,0.0,0.0,0.0,0.0,0.0,1.0,0,0.0,0.02497113914571871
expert,0.0,haze_density_p90_q4,q1,150,0.0,0.0,0.0,0.0,0.0,0.0,0.0,0.0,0.0,1.0,0,0.0,0.02497113914571871
expert,0.0,haze_density_p90_q4,q2,163,0.0,0.0,0.0,0.0,0.0,0.0,0.0,0.0,0.0,1.0,0,0.0,0.023025432506041655
expert,0.0,haze_density_p90_q4,q3,142,0.0,0.0,0.0,0.0,0.0,0.0,0.0,0.0,0.0,1.0,0,0.0,0.02634090684688045
expert,0.0,haze_density_p90_q4,q4,145,0.0,0.0,0.0,0.0,0.0,0.0,0.0,0.0,0.0,1.0,0,0.0,0.025809988605336138
expert,0.0,transmission_q4,q1,150,0.0,0.0,0.0,0.0,0.0,0.0,0.0,0.0,0.0,1.0,0,0.0,0.02497113914571871
expert,0.0,transmission_q4,q2,150,0.0,0.0,0.0,0.0,0.0,0.0,0.0,0.0,0.0,1.0,0,0.0,0.02497113914571871
expert,0.0,transmission_q4,q3,150,0.0,0.0,0.0,0.0,0.0,0.0,0.0,0.0,0.0,1.0,0,0.0,0.02497113914571871
expert,0.0,transmission_q4,q4,150,0.0,0.0,0.0,0.0,0.0,0.0,0.0,0.0,0.0,1.0,0,0.0,0.02497113914571871
expert,0.0,airlight_proxy_q4,q1,150,0.0,0.0,0.0,0.0,0.0,0.0,0.0,0.0,0.0,1.0,0,0.0,0.02497113914571871
expert,0.0,airlight_proxy_q4,q2,157,0.0,0.0,0.0,0.0,0.0,0.0,0.0,0.0,0.0,1.0,0,0.0,0.02388436822314625
expert,0.0,airlight_proxy_q4,q3,143,0.0,0.0,0.0,0.0,0.0,0.0,0.0,0.0,0.0,1.0,0,0.0,0.02616152370990237
expert,0.0,airlight_proxy_q4,q4,150,0.0,0.0,0.0,0.0,0.0,0.0,0.0,0.0,0.0,1.0,0,0.0,0.02497113914571871
expert,0.0,depth_q4,q1,150,0.0,0.0,0.0,0.0,0.0,0.0,0.0,0.0,0.0,1.0,0,0.0,0.02497113914571871
expert,0.0,depth_q4,q2,150,0.0,0.0,0.0,0.0,0.0,0.0,0.0,0.0,0.0,1.0,0,0.0,0.02497113914571871
expert,0.0,depth_q4,q3,150,0.0,0.0,0.0,0.0,0.0,0.0,0.0,0.0,0.0,1.0,0,0.0,0.02497113914571871
expert,0.0,depth_q4,q4,150,0.0,0.0,0.0,0.0,0.0,0.0,0.0,0.0,0.0,1.0,0,0.0,0.02497113914571871
expert,0.0,dark_channel_q4,q1,150,0.0,0.0,0.0,0.0,0.0,0.0,0.0,0.0,0.0,1.0,0,0.0,0.02497113914571871
expert,0.0,dark_channel_q4,q2,150,0.0,0.0,0.0,0.0,0.0,0.0,0.0,0.0,0.0,1.0,0,0.0,0.02497113914571871
expert,0.0,dark_channel_q4,q3,150,0.0,0.0,0.0,0.0,0.0,0.0,0.0,0.0,0.0,1.0,0,0.0,0.02497113914571871
expert,0.0,dark_channel_q4,q4,150,0.0,0.0,0.0,0.0,0.0,0.0,0.0,0.0,0.0,1.0,0,0.0,0.02497113914571871
expert,0.0,low_texture_q4,q1,150,0.0,0.0,0.0,0.0,0.0,0.0,0.0,0.0,0.0,1.0,0,0.0,0.02497113914571871
expert,0.0,low_texture_q4,q2,150,0.0,0.0,0.0,0.0,0.0,0.0,0.0,0.0,0.0,1.0,0,0.0,0.02497113914571871
expert,0.0,low_texture_q4,q3,150,0.0,0.0,0.0,0.0,0.0,0.0,0.0,0.0,0.0,1.0,0,0.0,0.02497113914571871
expert,0.0,low_texture_q4,q4,150,0.0,0.0,0.0,0.0,0.0,0.0,0.0,0.0,0.0,1.0,0,0.0,0.02497113914571871
expert,0.0,edge_density_q4,q1,150,0.0,0.0,0.0,0.0,0.0,0.0,0.0,0.0,0.0,1.0,0,0.0,0.02497113914571871
expert,0.0,edge_density_q4,q2,150,0.0,0.0,0.0,0.0,0.0,0.0,0.0,0.0,0.0,1.0,0,0.0,0.02497113914571871
expert,0.0,edge_density_q4,q3,150,0.0,0.0,0.0,0.0,0.0,0.0,0.0,0.0,0.0,1.0,0,0.0,0.02497113914571871
expert,0.0,edge_density_q4,q4,150,0.0,0.0,0.0,0.0,0.0,0.0,0.0,0.0,0.0,1.0,0,0.0,0.02497113914571871
expert,0.0,sky_highlight_proxy_q4,q1,150,0.0,0.0,0.0,0.0,0.0,0.0,0.0,0.0,0.0,1.0,0,0.0,0.02497113914571871
expert,0.0,sky_highlight_proxy_q4,q2,150,0.0,0.0,0.0,0.0,0.0,0.0,0.0,0.0,0.0,1.0,0,0.0,0.02497113914571871
expert,0.0,sky_highlight_proxy_q4,q3,150,0.0,0.0,0.0,0.0,0.0,0.0,0.0,0.0,0.0,1.0,0,0.0,0.02497113914571871
expert,0.0,sky_highlight_proxy_q4,q4,150,0.0,0.0,0.0,0.0,0.0,0.0,0.0,0.0,0.0,1.0,0,0.0,0.02497113914571871
expert,0.0,split,val_hard,300,0.0,0.0,0.0,0.0,0.0,0.0,0.0,0.0,0.0,1.0,0,0.0,0.012643429997735661
expert,0.0,split,val_regular,300,0.0,0.0,0.0,0.0,0.0,0.0,0.0,0.0,0.0,1.0,0,0.0,0.012643429997735661
expert,0.125,A0-PSNR_q4,q1,150,0.6536301803588868,0.6045509611765544,0.5777973999848237,0.49629837757832296,0.659352276776288,-0.4087409973144531,0.0006217710177103678,0.96,0.9154854608728422,0.96,1,4.0,0.036793752933975674
expert,0.125,A0-PSNR_q4,q2,150,0.5574089050292969,0.5134911638895671,0.5511638538257496,0.4587089126174514,0.5199950965675147,-0.3620414733886719,0.0003560030460357666,0.9466666666666667,0.8982949952532904,0.9466666666666667,4,16.0,0.06655490610017561
expert,0.125,A0-PSNR_q4,q3,150,0.4710269419352214,0.41779467391967773,0.5218997646022487,0.4296890413438952,0.3785923107250317,-0.2725715637207031,0.0002373822530110677,0.9266666666666666,0.873463014734016,0.9266666666666666,4,16.0,0.06655490610017561
expert,0.125,A0-PSNR_q4,q4,150,0.25978591918945315,0.20237479019165042,0.3541960845122466,0.2585754600731102,0.04818261636270059,-1.2419624328613281,0.00013349731763203938,0.7866666666666666,0.7143779835916132,0.7866666666666666,12,48.0,0.13462257494318683
expert,0.125,Expert-A0_diff_signed_q4,q1,150,0.7995863087972005,0.7353392887115479,0.8076409520329656,0.7163426553880846,0.6478562226166596,-0.6238555908203125,0.0005953745047251384,0.9533333333333334,0.9068124260764262,0.9533333333333334,3,12.0,0.05714766586424166
expert,0.125,Expert-A0_diff_signed_q4,q2,150,0.49790494283040365,0.4574900201161703,0.3837220475480363,0.31788321056881463,0.5248096569164379,-1.2419624328613281,0.0003184819221496582,0.9466666666666667,0.8982949952532904,0.9466666666666667,3,12.0,0.05714766586424166
expert,0.125,Expert-A0_diff_signed_q4,q3,150,0.33223042805989583,0.294697057723999,0.4313244175266575,0.36593204704490867,0.18899329932960304,-0.7438163757324219,0.00021535873413085937,0.9133333333333333,0.8573705468757647,0.9133333333333333,3,12.0,0.05714766586424166
expert,0.125,Expert-A0_diff_signed_q4,q4,150,0.31213026682535805,0.2589625097910563,0.45400975201580973,0.36190593564832535,0.14068892195418076,-0.9470291137695312,0.0002194384733835856,0.8066666666666666,0.7361357242542107,0.8066666666666666,12,48.0,0.13462257494318683
expert,0.125,Expert-A0_diff_abs_q4,q1,150,0.238777338663737,0.2038179537455241,0.28099183778505066,0.23772652600262617,0.082474270382443,-0.7438163757324219,0.00012874762217203776,0.8266666666666667,0.7581386789428641,0.8266666666666667,8,32.0,0.10170500474670958
expert,0.125,Expert-A0_diff_abs_q4,q2,150,0.38431191762288414,0.34181940587361653,0.4184066669361011,0.3700413626593513,0.3759569735140414,-1.2419624328613281,0.00022730350494384766,0.9133333333333333,0.8573705468757647,0.9133333333333333,6,24.0,0.08451453912715763
expert,0.125,Expert-A0_diff_abs_q4,q3,150,0.5070883178710938,0.4658904457092285,0.43646972243850296,0.35840590451214765,0.4869583748482369,-0.6238555908203125,0.00034632007280985515,0.9266666666666666,0.873463014734016,0.9266666666666666,5,20.0,0.0756528425070956
expert,0.125,Expert-A0_diff_abs_q4,q4,150,0.8116743723551433,0.7490389493306477,0.7317200738030512,0.645213812750739,0.7189610455487225,-0.9470291137695312,0.000646282434463501,0.9533333333333334,0.9068124260764262,0.9533333333333334,2,8.0,0.047307856380276334
expert,0.125,expert_fulludp_disagreement_q4,q1,150,0.2783168919881185,0.23376499303181966,0.394651206764015,0.33753312342875713,0.07922703511006124,-0.7438163757324219,0.00015247543652852376,0.8333333333333334,0.7655327510904788,0.8333333333333334,7,28.0,0.09318757392357377
expert,0.125,expert_fulludp_disagreement_q4,q2,150,0.44274662017822264,0.39840107345581055,0.4397345362482844,0.3815183381776552,0.4452298138592694,-1.2419624328613281,0.0002665444215138753,0.94,0.8899090795570952,0.94,4,16.0,0.06655490610017561
expert,0.125,expert_fulludp_disagreement_q4,q3,150,0.47179927825927737,0.4279420096079508,0.49790423625224345,0.4160246436660354,0.32420173851219386,-0.6238555908203125,0.00030799309412638345,0.9133333333333333,0.8573705468757647,0.9133333333333333,7,28.0,0.09318757392357377
expert,0.125,expert_fulludp_disagreement_q4,q4,150,0.7489891560872396,0.6783547808329264,0.7232811902020428,0.6326496046942633,0.6127671937684755,-0.9470291137695312,0.000621640682220459,0.9333333333333333,0.8816364734751868,0.9333333333333333,3,12.0,0.05714766586424166
expert,0.125,residual_cosine_q4,q1,150,0.5296759541829427,0.4619332898457845,0.8057492230389569,0.6533601296914591,0.0900780961320207,-1.2419624328613281,0.0003834537665049235,0.86,0.7954465685598426,0.86,11,44.0,0.12653698526598403
expert,0.125,residual_cosine_q4,q2,150,0.377331911722819,0.3339008452097575,0.513513977463181,0.4179944888965504,0.2709243362014358,-0.4087409973144531,0.00028008460998535156,0.9266666666666666,0.873463014734016,0.9266666666666666,5,20.0,0.0756528425070956
expert,0.125,residual_cosine_q4,q3,150,0.41611157735188803,0.37486315472920734,0.5910265123521959,0.5048578829378695,0.18366076495196368,-0.3739662170410156,0.0002780473232269287,0.8866666666666667,0.8259959574322895,0.8866666666666667,2,8.0,0.047307856380276334
expert,0.125,residual_cosine_q4,q4,150,0.6187325032552083,0.5649309253692627,0.5787222578718856,0.48831407443897146,0.5050372561892947,-0.2725715637207031,0.00040706793467203774,0.9466666666666667,0.8982949952532904,0.9466666666666667,3,12.0,0.05714766586424166
expert,0.125,haze_density_q4,q1,150,0.30192139943440754,0.23965357271830243,0.5059010789201066,0.3810473906027304,0.02662772101324958,-1.2419624328613281,0.00022426644961039225,0.8066666666666666,0.7361357242542107,0.8066666666666666,11,44.0,0.12653698526598403
expert,0.125,haze_density_q4,q2,150,0.5150168100992839,0.45723959732055663,0.6499954429832665,0.5325098347019506,0.44836549501161316,-0.5538902282714844,0.00027244289716084796,0.9266666666666666,0.873463014734016,0.9266666666666666,4,16.0,0.06655490610017561
expert,0.125,haze_density_q4,q3,150,0.5583282470703125,0.5016610380808513,0.6349540916649071,0.5239666320182182,0.44378827069256754,-0.6157188415527344,0.0003625027338663737,0.94,0.8899090795570952,0.94,5,20.0,0.0756528425070956
expert,0.125,haze_density_q4,q4,150,0.5665854899088542,0.5254390424092611,0.618450267894848,0.5304929166226774,0.4630237270045925,-0.4087409973144531,0.0004894415537516276,0.9466666666666667,0.8982949952532904,0.9466666666666667,1,4.0,0.036793752933975674
expert,0.125,haze_density_p90_q4,q1,150,0.28731934865315756,0.23036145464579266,0.4856332830480627,0.3886555955216692,0.054385107916754646,-1.2419624328613281,0.0001846758524576823,0.8,0.7288572445686362,0.8,11,44.0,0.12653698526598403
expert,0.125,haze_density_p90_q4,q2,163,0.47308590660797306,0.4243754123617535,0.5331753730773926,0.447951922416687,0.36531696319580076,-0.6238555908203125,0.0003549632119254832,0.9141104294478528,0.8610012476708825,0.9141104294478528,4,14.723926380368098,0.061391737867693794
expert,0.125,haze_density_p90_q4,q3,142,0.5400946576830367,0.490719120939013,0.5668913160051618,0.47286959511893134,0.3904280526297433,-0.4087409973144531,0.0003606958288541982,0.9436619718309859,0.8927713969204907,0.9436619718309859,5,21.126760563380284,0.07977648248508216
expert,0.125,haze_density_p90_q4,q4,145,0.650851348350788,0.5949104401160931,0.786274962955051,0.6715319183137681,0.617679066128201,-0.3598060607910156,0.0004518541796454068,0.9655172413793104,0.9218214944358345,0.9655172413793104,1,4.137931034482759,0.03802867369885121
expert,0.125,transmission_q4,q1,150,0.5665854899088542,0.5254390424092611,0.618450267894848,0.5304929166226774,0.4630237270045925,-0.4087409973144531,0.0004894415537516276,0.9466666666666667,0.8982949952532904,0.9466666666666667,1,4.0,0.036793752933975674
expert,0.125,transmission_q4,q2,150,0.5583282470703125,0.5016610380808513,0.6349540916649071,0.5239666320182182,0.44378827069256754,-0.6157188415527344,0.0003625027338663737,0.94,0.8899090795570952,0.94,5,20.0,0.0756528425070956
expert,0.125,transmission_q4,q3,150,0.5150168100992839,0.45723959732055663,0.6499954429832665,0.5325098347019506,0.44836549501161316,-0.5538902282714844,0.00027244289716084796,0.9266666666666666,0.873463014734016,0.9266666666666666,4,16.0,0.06655490610017561
expert,0.125,transmission_q4,q4,150,0.30192139943440754,0.23965357271830243,0.5059010789201066,0.3810473906027304,0.02662772101324958,-1.2419624328613281,0.00022426644961039225,0.8066666666666666,0.7361357242542107,0.8066666666666666,11,44.0,0.12653698526598403
expert,0.125,airlight_proxy_q4,q1,150,0.5561568196614584,0.49795048077901205,0.5871096430598078,0.5145973514866184,0.47192753972233953,-0.4087409973144531,0.0003078579902648926,0.94,0.8899090795570952,0.94,5,20.0,0.0756528425070956
expert,0.125,airlight_proxy_q4,q2,157,0.606182790865564,0.5535718820656941,0.7844816843668619,0.6583062905531663,0.43610499455378604,-0.5538902282714844,0.00037813376469217287,0.9617834394904459,0.9191384847182683,0.9617834394904459,2,7.643312101910828,0.045253196446963774
expert,0.125,airlight_proxy_q4,q3,143,0.43707951632412995,0.38508073166533785,0.6161355699811663,0.5124119813101632,0.30553610665457587,-0.7438163757324219,0.00038157393048693253,0.8881118881118881,0.8259703656182174,0.8881118881118881,7,29.37062937062937,0.09759121838400686
expert,0.125,airlight_proxy_q4,q4,150,0.3345413335164388,0.2823474858601888,0.6058695509627059,0.4926926020029429,0.12865612957928632,-1.2419624328613281,0.0002812484900156657,0.8266666666666667,0.7581386789428641,0.8266666666666667,7,28.0,0.09318757392357377
expert,0.125,depth_q4,q1,150,0.5568553670247396,0.5014705333709717,0.8220316912676837,0.7173446655273438,0.23652442725929054,-0.6157188415527344,0.0004053938388824463,0.9133333333333333,0.8573705468757647,0.9133333333333333,4,16.0,0.06655490610017561
expert,0.125,depth_q4,q2,150,0.4768686803181966,0.4148259264628093,0.5070676545839052,0.39960045685639256,0.33312854251346075,-0.9470291137695312,0.00031797210375467935,0.8866666666666667,0.8259959574322895,0.8866666666666667,7,28.0,0.09318757392357377
expert,0.125,depth_q4,q3,150,0.4931203587849935,0.4355556786855062,0.6981196532378325,0.6003238600653571,0.1964863957585515,-1.2419624328613281,0.00034015695254007973,0.9,0.8415639255193983,0.9,5,20.0,0.0756528425070956
expert,0.125,depth_q4,q4,150,0.4150075403849284,0.3588287461598714,0.537431407619167,0.43666896304568725,0.2650252677298881,-0.7438163757324219,0.0002851307392120361,0.92,0.8653774250568133,0.92,5,20.0,0.0756528425070956
expert,0.125,dark_channel_q4,q1,150,0.3818278376261393,0.3213640003204346,0.6814132381129909,0.5829127724106247,0.07764991554054054,-1.2419624328613281,0.0002276750405629476,0.8666666666666667,0.8030184935523371,0.8666666666666667,10,40.0,0.11836352652481318
expert,0.125,dark_channel_q4,q2,150,0.48013336181640626,0.4157365131378174,0.6065910957955025,0.4771036044971363,0.3000226407437711,-0.9470291137695312,0.00028792579968770345,0.8866666666666667,0.8259959574322895,0.8866666666666667,5,20.0,0.0756528425070956
expert,0.125,dark_channel_q4,q3,150,0.514171511332194,0.46565711975097657,0.5645725662643845,0.49200254904257285,0.39983842179581924,-0.5538902282714844,0.00035350561141967774,0.9266666666666666,0.873463014734016,0.9266666666666666,5,20.0,0.0756528425070956
expert,0.125,dark_channel_q4,q4,150,0.5657192357381184,0.5229892648061117,0.6542938335521801,0.5536169593398635,0.38342017096442144,-0.22232818603515625,0.00047954718271891274,0.94,0.8899090795570952,0.94,1,4.0,0.036793752933975674
expert,0.125,low_texture_q4,q1,150,0.4581796264648437,0.39265651830037435,0.8495352461531356,0.7088010504439071,0.12400457021352407,-1.2419624328613281,0.0003363637129465739,0.8333333333333334,0.7655327510904788,0.8333333333333334,8,32.0,0.10170500474670958
expert,0.125,low_texture_q4,q2,150,0.489368158976237,0.4397004254659017,0.6412455584551837,0.5483291419776711,0.27296726123706716,-0.3739662170410156,0.0003349463144938151,0.92,0.8653774250568133,0.92,6,24.0,0.08451453912715763
expert,0.125,low_texture_q4,q3,150,0.48681065877278645,0.44167830403645836,0.6501531858701963,0.5673042838637894,0.40855314924910263,-0.3620414733886719,0.00033773581186930337,0.94,0.8899090795570952,0.94,4,16.0,0.06655490610017561
expert,0.125,low_texture_q4,q4,150,0.5074935022989909,0.45201701482137047,0.5767607302279085,0.4791388511657715,0.3559984774202914,-0.9470291137695312,0.00033960779507954914,0.9266666666666666,0.873463014734016,0.9266666666666666,3,12.0,0.05714766586424166
expert,0.125,edge_density_q4,q1,150,0.48709604899088543,0.41509598986307783,0.7552341770481419,0.5916795782140783,0.10578650397223395,-1.2419624328613281,0.0004179871082305908,0.8466666666666667,0.7804188029480452,0.8466666666666667,9,36.0,0.11009092044290468
expert,0.125,edge_density_q4,q2,150,0.5100653330485027,0.45780237261454265,0.7244456523173565,0.6293129637434677,0.32693120595571157,-0.4087409973144531,0.0004030311107635498,0.9466666666666667,0.8982949952532904,0.9466666666666667,3,12.0,0.05714766586424166
expert,0.125,edge_density_q4,q3,150,0.4609361902872721,0.4147023054758708,0.5467507130390888,0.45677902118579766,0.2811391675794447,-0.3349952697753906,0.00026784499486287437,0.92,0.8653774250568133,0.92,4,16.0,0.06655490610017561
expert,0.125,edge_density_q4,q4,150,0.48375437418619793,0.4332306423187256,0.5709106857712204,0.4859801704819138,0.32217726836333405,-0.3620414733886719,0.0002597904205322266,0.9066666666666666,0.8494348221544131,0.9066666666666666,5,20.0,0.0756528425070956
expert,0.125,sky_highlight_proxy_q4,q1,150,0.46906089782714844,0.4092570775349935,0.5782371727195946,0.4865701314565298,0.1680705096270587,-1.2419624328613281,0.0002503001689910889,0.8866666666666667,0.8259959574322895,0.8866666666666667,13,52.0,0.14262945312423528
expert,0.125,sky_highlight_proxy_q4,q2,150,0.35867022196451825,0.3048521092732747,0.5252625748917863,0.4309872137533652,0.1566065195444468,-0.5538902282714844,0.0002639210224151611,0.8666666666666667,0.8030184935523371,0.8666666666666667,4,16.0,0.06655490610017561
expert,0.125,sky_highlight_proxy_q4,q3,150,0.5140150705973308,0.45355532900492346,0.6796363624366554,0.5659114734546559,0.3458096272236592,-0.6157188415527344,0.00036867101987202963,0.92,0.8653774250568133,0.92,3,12.0,0.05714766586424166
expert,0.125,sky_highlight_proxy_q4,q4,150,0.6001057561238606,0.5546230125427246,0.7367810945253115,0.6368026320998733,0.40708129470412796,-0.22232818603515625,0.00046576142311096193,0.9466666666666667,0.8982949952532904,0.9466666666666667,1,4.0,0.036793752933975674
expert,0.125,split,val_hard,300,0.5831469917297363,0.5438724587758382,0.6284074147542318,0.5533035875956218,0.5178916931152344,-0.4087409973144531,0.0004295450448989868,0.9566666666666667,0.927281870871939,0.9566666666666667,2,4.0,0.02397807423146144
expert,0.125,split,val_regular,300,0.3877789815266927,0.34457431157430013,0.5943041483561198,0.5293479614257812,0.19114034016927084,-1.2419624328613281,0.000244781772295634,0.8533333333333334,0.8088365903800316,0.8533333333333334,19,38.0,0.09679203948257406
expert,0.25,A0-PSNR_q4,q1,150,1.2980757395426432,1.1970914160410564,1.156474139239337,0.9839020625965016,1.264553791767842,-0.8256759643554688,0.001090983549753825,0.96,0.9154854608728422,0.96,5,20.0,0.0756528425070956
expert,0.25,A0-PSNR_q4,q2,150,1.053133799235026,0.9651227442423503,1.0732281659100507,0.8794343742164406,0.9449717547442462,-0.7993125915527344,0.0005948475996653239,0.9466666666666667,0.8982949952532904,0.9466666666666667,6,24.0,0.08451453912715763
expert,0.25,A0-PSNR_q4,q3,150,0.8022804768880208,0.6944312171936036,0.956154591328389,0.7510902662534972,0.5609292726258974,-0.6419563293457031,0.000340195894241333,0.88,0.8182903386460475,0.88,12,48.0,0.13462257494318683
expert,0.25,A0-PSNR_q4,q4,150,0.26013028462727866,0.1427382329305013,0.4901739584433066,0.28618130039524386,-0.21158208073796453,-2.7226028442382812,0.00012536764144897462,0.5933333333333334,0.5133451744046799,0.5933333333333334,43,172.0,0.36365065920486445
expert,0.25,Expert-A0_diff_signed_q4,q1,150,1.4954721069335937,1.3578475036621094,1.6356019200505436,1.439741547043259,0.9998996837719066,-1.7714767456054688,0.0010195144017537436,0.9333333333333333,0.8816364734751868,0.9333333333333333,6,24.0,0.08451453912715763
expert,0.25,Expert-A0_diff_signed_q4,q2,150,0.9224667612711589,0.8349740734100342,0.7461692191459037,0.6054105964866844,0.8858563191181904,-2.7226028442382812,0.0005060374736785888,0.92,0.8653774250568133,0.92,8,32.0,0.10170500474670958
expert,0.25,Expert-A0_diff_signed_q4,q3,150,0.5355355834960938,0.4613199780782064,0.8396765219198691,0.705447617092648,0.15861305030616554,-1.7346076965332031,0.00030068675676981607,0.8466666666666667,0.7804188029480452,0.8466666666666667,16,64.0,0.16624750076432737
expert,0.25,Expert-A0_diff_signed_q4,q4,150,0.4601458485921224,0.343870210647583,0.8960478499129012,0.702721812274005,-0.07180425283071157,-2.2113723754882812,0.00032515605290730793,0.68,0.6016545135045653,0.68,36,144.0,0.31429285227428927
expert,0.25,Expert-A0_diff_abs_q4,q1,150,0.32665856679280597,0.24923783493041993,0.534796379707955,0.4429932156124631,-0.12444625029692778,-1.7346076965332031,0.00014492352803548178,0.6933333333333334,0.61548006161501,0.6933333333333334,30,120.0,0.27114275543136385
expert,0.25,Expert-A0_diff_abs_q4,q2,150,0.6480627314249674,0.5547779426574707,0.8323130736479888,0.7284836640229095,0.43433833766627955,-2.7226028442382812,0.0003375065326690674,0.8466666666666667,0.7804188029480452,0.8466666666666667,18,72.0,0.1817096613539524
expert,0.25,Expert-A0_diff_abs_q4,q3,150,0.913058853149414,0.8226785297393798,0.8581533689756651,0.7006655280654496,0.7158856778531462,-1.7714767456054688,0.0005657279491424561,0.9066666666666666,0.8494348221544131,0.9066666666666666,12,48.0,0.13462257494318683
expert,0.25,Expert-A0_diff_abs_q4,q4,150,1.5258401489257813,1.389143346150716,1.4768058673755542,1.2877546361974768,1.1204647373508763,-2.2113723754882812,0.0011032366752624513,0.9333333333333333,0.8816364734751868,0.9333333333333333,6,24.0,0.08451453912715763
expert,0.25,expert_fulludp_disagreement_q4,q1,150,0.41186683654785156,0.3143422705332438,0.7772906535380596,0.6591480048927101,-0.11752102826092695,-1.7346076965332031,0.00019331852595011394,0.7133333333333334,0.6363493407951355,0.7133333333333334,29,116.0,0.2638642757457893
expert,0.25,expert_fulludp_disagreement_q4,q2,150,0.7794919586181641,0.6862304356892903,0.8768280647896431,0.7541078464404957,0.6019272675385346,-2.7226028442382812,0.00040925025939941406,0.8733333333333333,0.8106321928453123,0.8733333333333333,13,52.0,0.14262945312423528
expert,0.25,expert_fulludp_disagreement_q4,q3,150,0.8415023549397787,0.7438804670969645,0.9926587697621938,0.8258703102936615,0.37665124841638514,-1.7714767456054688,0.0004933432737986247,0.88,0.8182903386460475,0.88,16,64.0,0.16624750076432737
expert,0.25,expert_fulludp_disagreement_q4,q4,150,1.3807591501871745,1.2336338272094727,1.4571219779349662,1.257577777553249,0.8697058187948691,-2.2113723754882812,0.0010554826259613038,0.9133333333333333,0.8573705468757647,0.9133333333333333,8,32.0,0.10170500474670958
expert,0.25,residual_cosine_q4,q1,150,0.942577616373698,0.7972301705678304,1.6194959073453337,1.2809004036155909,-0.19251880130252322,-2.7226028442382812,0.0006371986865997314,0.8333333333333334,0.7655327510904788,0.8333333333333334,20,80.0,0.1969815064476629
expert,0.25,residual_cosine_q4,q2,150,0.6374632136027019,0.5468924388885498,1.0108393591803473,0.8067325024991422,0.32494838817699534,-0.8256759643554688,0.0004224781195322673,0.8266666666666667,0.7581386789428641,0.8266666666666667,14,56.0,0.15056517784558682
expert,0.25,residual_cosine_q4,q3,150,0.6839432144165039,0.591340815226237,1.1654695562414221,0.9823770729271142,0.12889965160472974,-0.8592147827148438,0.0004050795237223307,0.8,0.7288572445686362,0.8,23,92.0,0.21958119705195484
expert,0.25,residual_cosine_q4,q4,150,1.149636255900065,1.0401844533284506,1.1714188859269425,0.9857724421733134,0.8062545157767631,-0.6419563293457031,0.0006866383552551269,0.92,0.8653774250568133,0.92,9,36.0,0.11009092044290468
expert,0.25,haze_density_q4,q1,150,0.37387388865152993,0.24893742561340335,0.8385794871562237,0.6217592265154864,-0.23831424197635134,-2.7226028442382812,0.0002936053276062012,0.6333333333333333,0.5537808929385404,0.6333333333333333,39,156.0,0.33556579865677183
expert,0.25,haze_density_q4,q2,150,0.8904490915934244,0.7672074546813964,1.2884862745130383,1.034506029696078,0.5754465670199007,-1.381927490234375,0.00040000279744466146,0.8733333333333333,0.8106321928453123,0.8733333333333333,13,52.0,0.14262945312423528
expert,0.25,haze_density_q4,q3,150,1.063767178853353,0.9453650366465252,1.2801517280372414,1.034281844061774,0.7433352083773226,-1.3620986938476562,0.000609590212504069,0.9333333333333333,0.8816364734751868,0.9333333333333333,7,28.0,0.09318757392357377
expert,0.25,haze_density_q4,q4,150,1.0855301411946614,0.9916044597625733,1.247177639523068,1.0633454477464832,0.7847482835924303,-0.8256759643554688,0.0008481963475545247,0.94,0.8899090795570952,0.94,7,28.0,0.09318757392357377
expert,0.25,haze_density_p90_q4,q1,150,0.34427865346272785,0.230871337890625,0.8434840537406303,0.6623637482926653,-0.23176162307326859,-2.7226028442382812,0.00022034247716267902,0.6266666666666667,0.5470043657114055,0.6266666666666667,38,152.0,0.32849556010602865
expert,0.25,haze_density_p90_q4,q2,163,0.8060653897150893,0.7093331641214757,1.0275413036346435,0.8535649561882019,0.5143229484558105,-1.7714767456054688,0.0005600203765681916,0.8711656441717791,0.8110701724758236,0.8711656441717791,17,62.576687116564415,0.16067082698947335
expert,0.25,haze_density_p90_q4,q3,142,1.011469411178374,0.9046029782631028,1.1389187949044364,0.9399746077401298,0.6454670497349331,-0.8256759643554688,0.0005989309767602195,0.9295774647887324,0.8752224911727352,0.9295774647887324,7,29.577464788732392,0.09825450197610573
expert,0.25,haze_density_p90_q4,q4,145,1.2785098766458445,1.155447102250724,1.6089247067769368,1.3691942665312025,1.1462945938110352,-0.7815933227539062,0.0007815607662858634,0.9586206896551724,0.9126674100621255,0.9586206896551724,4,16.551724137931036,0.06877967448824501
expert,0.25,transmission_q4,q1,150,1.0855301411946614,0.9916044597625733,1.247177639523068,1.0633454477464832,0.7847482835924303,-0.8256759643554688,0.0008481963475545247,0.94,0.8899090795570952,0.94,7,28.0,0.09318757392357377
expert,0.25,transmission_q4,q2,150,1.063767178853353,0.9453650366465252,1.2801517280372414,1.034281844061774,0.7433352083773226,-1.3620986938476562,0.000609590212504069,0.9333333333333333,0.8816364734751868,0.9333333333333333,7,28.0,0.09318757392357377
expert,0.25,transmission_q4,q3,150,0.8904490915934244,0.7672074546813964,1.2884862745130383,1.034506029696078,0.5754465670199007,-1.381927490234375,0.00040000279744466146,0.8733333333333333,0.8106321928453123,0.8733333333333333,13,52.0,0.14262945312423528
expert,0.25,transmission_q4,q4,150,0.37387388865152993,0.24893742561340335,0.8385794871562237,0.6217592265154864,-0.23831424197635134,-2.7226028442382812,0.0002936053276062012,0.6333333333333333,0.5537808929385404,0.6333333333333333,39,156.0,0.33556579865677183
expert,0.25,airlight_proxy_q4,q1,150,1.0649795786539713,0.9391330642700195,1.193766619708087,1.0373941086434029,0.7743735442290435,-0.8256759643554688,0.0005364274978637695,0.9266666666666666,0.873463014734016,0.9266666666666666,7,28.0,0.09318757392357377
expert,0.25,airlight_proxy_q4,q2,157,1.1469787427574207,1.0304700814994279,1.6162149967291417,1.3445813888158553,0.6866695697490985,-1.381927490234375,0.0006179186948545419,0.9490445859872612,0.9026816513121643,0.9490445859872612,6,22.929936305732483,0.0808615152817318
expert,0.25,airlight_proxy_q4,q3,143,0.733986301021976,0.6216519215723851,1.2092857360839844,1.004794041769845,0.3626921517508371,-1.7346076965332031,0.0006128991400445258,0.8181818181818182,0.7469205227007556,0.8181818181818182,19,79.72027972027972,0.1982070738415411
expert,0.25,airlight_proxy_q4,q4,150,0.4484026972452799,0.3429211692810059,1.097549077626821,0.898990705850962,-0.053259978423247464,-2.7226028442382812,0.000383915106455485,0.68,0.6016545135045653,0.68,34,136.0,0.3000033880832556
expert,0.25,depth_q4,q1,150,1.0161695353190103,0.895013313293457,1.6576175174197636,1.4444797618969067,0.21817758921030406,-1.381927490234375,0.0006627726554870605,0.8733333333333333,0.8106321928453123,0.8733333333333333,14,56.0,0.15056517784558682
expert,0.25,depth_q4,q2,150,0.8362723541259766,0.6993043435414632,1.0117479272790857,0.7786777032388223,0.42407484312315247,-2.2113723754882812,0.0005187797546386719,0.84,0.7729589426564779,0.84,19,76.0,0.18936780715468765
expert,0.25,depth_q4,q3,150,0.8918893051147461,0.7665747222900391,1.416011449452993,1.2059273384712836,0.1384135065851985,-2.7226028442382812,0.0005536341667175293,0.8666666666666667,0.8030184935523371,0.8666666666666667,15,60.0,0.15843607448060176
expert,0.25,depth_q4,q4,150,0.6692891057332356,0.5523753903706868,1.0041008511105098,0.8193032625559213,0.23241249290672508,-1.7714767456054688,0.00041620810826619467,0.8,0.7288572445686362,0.8,18,72.0,0.1817096613539524
expert,0.25,dark_channel_q4,q1,150,0.6064488220214844,0.4757395159403483,1.3672277089711782,1.1606210373543406,-0.12240817095782305,-2.7226028442382812,0.00031844417254130045,0.7133333333333334,0.6363493407951355,0.7133333333333334,27,108.0,0.24922468041993318
expert,0.25,dark_channel_q4,q2,150,0.8244909922281901,0.6902603797912598,1.176675744958826,0.9194744342082256,0.2876887965846706,-2.2113723754882812,0.000445940891901652,0.8466666666666667,0.7804188029480452,0.8466666666666667,18,72.0,0.1817096613539524
expert,0.25,dark_channel_q4,q3,150,0.9297614161173503,0.8288308652242025,1.1333009358998891,0.9800390733254923,0.5518562729294235,-1.381927490234375,0.0005832672119140625,0.9066666666666666,0.8494348221544131,0.9066666666666666,12,48.0,0.13462257494318683
expert,0.25,dark_channel_q4,q4,150,1.052919069925944,0.9582702503204346,1.3013123692692936,1.095175938992887,0.5806263073070629,-0.5303611755371094,0.0008037424087524414,0.9133333333333333,0.8573705468757647,0.9133333333333333,9,36.0,0.11009092044290468
expert,0.25,low_texture_q4,q1,150,0.7728231811523437,0.6323263575236002,1.72678127804318,1.4263149029499775,-0.026148306356894004,-2.7226028442382812,0.0005239546298980713,0.7533333333333333,0.6785952428848271,0.7533333333333333,27,108.0,0.24922468041993318
expert,0.25,low_texture_q4,q2,150,0.8738533655802408,0.7665522855122884,1.2766274632634342,1.0880854864378233,0.28045509956978465,-0.8592147827148438,0.000537027915318807,0.8533333333333334,0.7879140446419708,0.8533333333333334,13,52.0,0.14262945312423528
expert,0.25,low_texture_q4,q3,150,0.8665768051147461,0.7708087406158447,1.2921231759561074,1.1218916970330317,0.5851245570827175,-0.7993125915527344,0.0005388804276784261,0.8933333333333333,0.8337524992356726,0.8933333333333333,13,52.0,0.14262945312423528
expert,0.25,low_texture_q4,q4,150,0.900366948445638,0.787180570602417,1.10205078125,0.9326022947156752,0.44840817838101776,-2.2113723754882812,0.000551531712214152,0.88,0.8182903386460475,0.88,13,52.0,0.14262945312423528
expert,0.25,edge_density_q4,q1,150,0.8011707687377929,0.6500595798492432,1.4528709102321316,1.128150478569237,-0.10567897074931376,-2.7226028442382812,0.0006474324067433675,0.78,0.7071754568460243,0.78,26,104.0,0.24186132105713584
expert,0.25,edge_density_q4,q2,150,0.9065319061279297,0.8009467500050863,1.4832024445404877,1.2732216860796954,0.3976088858939506,-0.8256759643554688,0.0006494394938151042,0.86,0.7954465685598426,0.86,13,52.0,0.14262945312423528
expert,0.25,edge_density_q4,q3,150,0.8201298904418945,0.7143313592274985,1.0902922862284892,0.9047871641210607,0.3078898868045291,-1.2741012573242188,0.00042174458503723143,0.8866666666666667,0.8259959574322895,0.8866666666666667,11,44.0,0.12653698526598403
expert,0.25,edge_density_q4,q4,150,0.8857877349853516,0.7664113279978435,1.1368210251266893,0.9530100616248879,0.42991349503800674,-0.8237152099609375,0.00043277819951375327,0.8533333333333334,0.7879140446419708,0.8533333333333334,16,64.0,0.16624750076432737
expert,0.25,sky_highlight_proxy_q4,q1,150,0.8220079294840494,0.7019528414408367,1.1795671823862437,0.9907020336872823,0.04464402069916596,-2.7226028442382812,0.0003712622324625651,0.8133333333333334,0.7434413916324496,0.8133333333333334,22,88.0,0.21208595535802935
expert,0.25,sky_highlight_proxy_q4,q2,150,0.5529269790649414,0.44958612632751466,0.9764985264958562,0.8064928956933923,0.03716793575802365,-1.381927490234375,0.0003894797960917155,0.7533333333333333,0.6785952428848271,0.7533333333333333,23,92.0,0.21958119705195484
expert,0.25,sky_highlight_proxy_q4,q3,150,0.8991226704915365,0.765680128733317,1.349821967047614,1.0931751148120776,0.4405604182062922,-1.3620986938476562,0.0005935831864674887,0.8866666666666667,0.8259959574322895,0.8866666666666667,14,56.0,0.15056517784558682
expert,0.25,sky_highlight_proxy_q4,q4,150,1.1395627212524415,1.0413091742197673,1.4919521744186814,1.2832993765135068,0.6463629232870566,-0.5303611755371094,0.0007970694700876872,0.9266666666666666,0.873463014734016,0.9266666666666666,7,28.0,0.09318757392357377
expert,0.25,split,val_hard,300,1.1125237719217935,1.0341431182225547,1.2595948028564452,1.098598486582438,0.9135684712727865,-0.8256759643554688,0.0007267959912618001,0.9533333333333334,0.9232019646862172,0.9533333333333334,11,22.0,0.06445448699638771
expert,0.25,split,val_regular,300,0.5942863782246908,0.5023901729583741,1.1515083567301432,1.0155469767252605,0.08241353352864583,-2.7226028442382812,0.00034890135129292805,0.7366666666666667,0.6840594845533765,0.7366666666666667,55,109.99999999999999,0.23102956232050936
expert,0.375,A0-PSNR_q4,q1,150,1.8967619450887043,1.7420023377736409,1.7174661481702649,1.4395265630773595,1.7881276929700696,-1.2454185485839844,0.0014066131909688314,0.9466666666666667,0.8982949952532904,0.9466666666666667,6,24.0,0.08451453912715763
expert,0.375,A0-PSNR_q4,q2,150,1.4500410970052082,1.3130384864807128,1.5401236044394004,1.2468890886049013,1.234406651677312,-1.3411979675292969,0.0007172099749247233,0.9333333333333333,0.8816364734751868,0.9333333333333333,7,28.0,0.09318757392357377
expert,0.375,A0-PSNR_q4,q3,150,0.9581663767496745,0.8015943895975749,1.2701913988268054,0.9270413063667916,0.5121661005793391,-1.0842056274414062,0.0003136154015858968,0.8133333333333334,0.7434413916324496,0.8133333333333334,21,84.00000000000001,0.20455343144015736
expert,0.375,A0-PSNR_q4,q4,150,0.007125651041666667,-0.16440845998128253,0.39477786502322637,0.07350941735344968,-0.7166913006756757,-4.186733245849609,-1.3668139775594075e-05,0.52,0.44055093659797023,0.52,65,260.0,0.5133215929334043
expert,0.375,Expert-A0_diff_signed_q4,q1,150,2.0172394053141276,1.7912000001271566,2.447018339827254,2.121123373186266,0.98920945863466,-3.1122970581054688,0.0012703688939412435,0.88,0.8182903386460475,0.88,15,60.0,0.15843607448060176
expert,0.375,Expert-A0_diff_signed_q4,q2,150,1.2487545522054035,1.1068652521769207,1.0789124772355363,0.8507661432833284,1.0423125189703863,-4.186733245849609,0.0005666478474934895,0.9066666666666666,0.8494348221544131,0.9066666666666666,10,40.0,0.11836352652481318
expert,0.375,Expert-A0_diff_signed_q4,q3,150,0.5954563776652019,0.47846987215677894,1.211887823568808,1.0123045637800887,-0.08509166820629223,-2.8157730102539062,0.0002623625596364339,0.78,0.7071754568460243,0.78,23,92.0,0.21958119705195484
expert,0.375,Expert-A0_diff_signed_q4,q4,150,0.45064473470052085,0.25896543248494464,1.3164679037558067,1.0161330197308516,-0.578404916299356,-3.5426712036132812,0.00032439112663269044,0.6466666666666666,0.5673798898960487,0.6466666666666666,51,204.00000000000003,0.4189586179440758
expert,0.375,Expert-A0_diff_abs_q4,q1,150,0.264567387898763,0.1404929027557373,0.7562490927206503,0.6121658505620183,-0.5763659090609163,-2.8157730102539062,5.6204795837402346e-05,0.64,0.5605726755123628,0.64,46,184.0,0.38451993838498993
expert,0.375,Expert-A0_diff_abs_q4,q2,150,0.7779463831583658,0.6287339064280192,1.236228272721574,1.0694035968265017,0.15923278396194046,-4.186733245849609,0.000337758461634318,0.82,0.7507753195800668,0.82,23,92.0,0.21958119705195484
expert,0.375,Expert-A0_diff_abs_q4,q3,150,1.1982374572753907,1.0450179297129314,1.2553599589579814,1.0170677855208112,0.6756197955157306,-3.1122970581054688,0.0006605859597524007,0.8733333333333333,0.8106321928453123,0.8733333333333333,16,64.0,0.16624750076432737
expert,0.375,Expert-A0_diff_abs_q4,q4,150,2.0713438415527343,1.8536887283325196,2.2084352132436393,1.9039735458992624,1.1135134310335726,-3.5426712036132812,0.0013692212104797364,0.88,0.8182903386460475,0.88,14,56.0,0.15056517784558682
expert,0.375,expert_fulludp_disagreement_q4,q1,150,0.398902956644694,0.23463431549072267,1.1416163573393951,0.9543285756497769,-0.5498925286370355,-2.8157730102539062,0.00012877265612284343,0.6733333333333333,0.5947670390048972,0.6733333333333333,42,168.00000000000003,0.35665798050298214
expert,0.375,expert_fulludp_disagreement_q4,q2,150,0.9879931131998698,0.8397680536905925,1.3054264171703442,1.109893780785638,0.4297426584604624,-4.186733245849609,0.0004364049434661865,0.84,0.7729589426564779,0.84,20,80.0,0.1969815064476629
expert,0.375,expert_fulludp_disagreement_q4,q3,150,1.096637700398763,0.9394842160542806,1.475094357052365,1.2079117723413415,0.1680349401525549,-3.1122970581054688,0.0005583282311757405,0.8333333333333334,0.7655327510904788,0.8333333333333334,20,80.0,0.1969815064476629
expert,0.375,expert_fulludp_disagreement_q4,q4,150,1.8285612996419272,1.6071844539642335,2.173970402898015,1.8677934337306665,0.7039197973302893,-3.5426712036132812,0.001300264596939087,0.8666666666666667,0.8030184935523371,0.8666666666666667,17,68.0,0.17400404256771052
expert,0.375,residual_cosine_q4,q1,150,1.2113766225179037,0.9780622297922771,2.351007616197741,1.8438294539580475,-0.786805230218011,-4.186733245849609,0.0007628118991851807,0.7866666666666666,0.7143779835916132,0.7866666666666666,29,116.0,0.2638642757457893
expert,0.375,residual_cosine_q4,q2,150,0.7647131601969401,0.6231067454020182,1.47843768145587,1.1643426405416952,0.1568494229703336,-1.3411979675292969,0.00043124993642171223,0.76,0.6857071477257107,0.76,25,100.0,0.23446724890952125
expert,0.375,residual_cosine_q4,q3,150,0.7879824701944987,0.6373166923522949,1.7000555605501741,1.4127602061709843,-0.14671696843327703,-1.9542655944824219,0.00038985689481099445,0.7666666666666667,0.6928407309593593,0.7666666666666667,32,128.0,0.28562201640838675
expert,0.375,residual_cosine_q4,q4,150,1.5480228169759114,1.381502602895101,1.7673406858701963,1.4782896170745026,0.8467419598553632,-1.0842056274414062,0.00083985169728597,0.9,0.8415639255193983,0.9,13,52.0,0.14262945312423528
expert,0.375,haze_density_q4,q1,150,0.2118939971923828,0.021637491861979177,0.9608969817290435,0.6691458212362754,-0.7354275471455342,-4.186733245849609,0.00021446545918782551,0.5733333333333334,0.49332380166580925,0.5733333333333334,56,224.0,0.4529956342885945
expert,0.375,haze_density_q4,q2,150,1.0882250213623046,0.887070587793986,1.8622987077042863,1.4776429511405327,0.35296754579286316,-2.3448562622070312,0.0003889048099517822,0.8266666666666667,0.7581386789428641,0.8266666666666667,23,92.0,0.21958119705195484
expert,0.375,haze_density_q4,q3,150,1.4799587376912435,1.2896122811635335,1.8911029197074272,1.5063848598583323,0.8627698743665541,-2.170146942138672,0.0007425475120544433,0.9066666666666666,0.8494348221544131,0.9066666666666666,9,36.0,0.11009092044290468
expert,0.375,haze_density_q4,q4,150,1.532017313639323,1.3778837184906005,1.8669300594845333,1.5794465451627164,0.9414606867609797,-1.2454185485839844,0.0010778526465098062,0.9066666666666666,0.8494348221544131,0.9066666666666666,11,44.0,0.12653698526598403
expert,0.375,haze_density_p90_q4,q1,150,0.17811258951822917,0.013524201711018887,1.0445507152660474,0.7574818843119853,-0.7855264818346178,-4.186733245849609,0.00011445363362630209,0.5666666666666667,0.4866784070665957,0.5666666666666667,58,232.0,0.4665035705547861
expert,0.375,haze_density_p90_q4,q2,163,0.9591876655999868,0.8110823210031709,1.4518500804901122,1.1785644578933716,0.41379365921020506,-3.1122970581054688,0.0006192505725322326,0.8282208588957055,0.7629315723879412,0.8282208588957055,23,84.66257668711656,0.20283605626901482
expert,0.375,haze_density_p90_q4,q3,142,1.385145818683463,1.2119046358995036,1.698605946132115,1.3906535066877093,0.7503547668457031,-1.2454185485839844,0.0007179303908012283,0.8802816901408451,0.8166335958722645,0.8802816901408451,12,50.70422535211267,0.1419021370231642
expert,0.375,haze_density_p90_q4,q4,145,1.8417867331669249,1.6455674066214727,2.41306479771932,2.044593498441908,1.5358542336357965,-1.246368408203125,0.0009897486916903792,0.9448275862068966,0.8949116184853204,0.9448275862068966,6,24.82758620689655,0.08733258993787449
expert,0.375,transmission_q4,q1,150,1.532017313639323,1.3778837184906005,1.8669300594845333,1.5794465451627164,0.9414606867609797,-1.2454185485839844,0.0010778526465098062,0.9066666666666666,0.8494348221544131,0.9066666666666666,11,44.0,0.12653698526598403
expert,0.375,transmission_q4,q2,150,1.4799587376912435,1.2896122811635335,1.8911029197074272,1.5063848598583323,0.8627698743665541,-2.170146942138672,0.0007425475120544433,0.9066666666666666,0.8494348221544131,0.9066666666666666,9,36.0,0.11009092044290468
expert,0.375,transmission_q4,q3,150,1.0882250213623046,0.887070587793986,1.8622987077042863,1.4776429511405327,0.35296754579286316,-2.3448562622070312,0.0003889048099517822,0.8266666666666667,0.7581386789428641,0.8266666666666667,23,92.0,0.21958119705195484
expert,0.375,transmission_q4,q4,150,0.2118939971923828,0.021637491861979177,0.9608969817290435,0.6691458212362754,-0.7354275471455342,-4.186733245849609,0.00021446545918782551,0.5733333333333334,0.49332380166580925,0.5733333333333334,56,224.0,0.4529956342885945
expert,0.375,airlight_proxy_q4,q1,150,1.5021037165323894,1.3120893433888754,1.8103772240716058,1.5719673826887801,0.8774394473514041,-1.246368408203125,0.0006853572527567546,0.9,0.8415639255193983,0.9,12,48.0,0.13462257494318683
expert,0.375,airlight_proxy_q4,q2,157,1.5830439427855667,1.398757515439562,2.4350917522723856,2.011739109723996,0.7390340169270834,-2.3448562622070312,0.0007242059252064699,0.9171974522292994,0.8634925812222645,0.9171974522292994,10,38.21656050955414,0.11326862540524937
expert,0.375,airlight_proxy_q4,q3,143,0.8557377795239428,0.6960506145770733,1.7401533944266183,1.4502421406337194,0.14680470057896206,-2.8157730102539062,0.0006983451076320835,0.7692307692307693,0.6936769312209806,0.7692307692307693,28,117.48251748251748,0.26843741984207076
expert,0.375,airlight_proxy_q4,q4,150,0.3372686767578125,0.17186197471618656,1.4282501839302681,1.1420826009801917,-0.49783046825512034,-4.186733245849609,0.0003146553039550781,0.62,0.5402429290748867,0.62,49,196.0,0.40523296099510275
expert,0.375,depth_q4,q1,150,1.3458461252848308,1.154234967549642,2.437967248865076,2.1325461928908886,-0.035848669103673986,-2.3448562622070312,0.000777370532353719,0.8333333333333334,0.7655327510904788,0.8333333333333334,21,84.00000000000001,0.20455343144015736
expert,0.375,depth_q4,q2,150,1.037494837443034,0.849635581334432,1.4830753223316089,1.1194727871869061,0.23925997759844805,-3.5426712036132812,0.0006045567989349366,0.8,0.7288572445686362,0.8,26,104.0,0.24186132105713584
expert,0.375,depth_q4,q3,150,1.1801012674967448,0.975098518371582,2.1287556210079708,1.7985577712187895,-0.15548407064901815,-4.186733245849609,0.0006429513295491536,0.8066666666666666,0.7361357242542107,0.8066666666666666,22,88.0,0.21208595535802935
expert,0.375,depth_q4,q4,150,0.7486528396606446,0.5702140884399415,1.3776712675352354,1.1114451614586083,-0.07215901967641469,-3.1122970581054688,0.00039889176686604816,0.7733333333333333,0.6999966119167443,0.7733333333333333,30,120.0,0.27114275543136385
expert,0.375,dark_channel_q4,q1,150,0.6637639745076498,0.4556609592437744,2.0280101363723344,1.6971516428767024,-0.556432260049356,-4.186733245849609,0.00027901490529378255,0.6733333333333333,0.5947670390048972,0.6733333333333333,43,172.0,0.36365065920486445
expert,0.375,dark_channel_q4,q2,150,1.0093970743815104,0.8028880322774252,1.6672144709406673,1.2675581313468314,-0.025758588636243664,-3.5426712036132812,0.00047838528951009115,0.7733333333333333,0.6999966119167443,0.7733333333333333,28,112.0,0.25655860836755046
expert,0.375,dark_channel_q4,q3,150,1.2159896723429362,1.059355911254883,1.6885833224734745,1.4425748309573612,0.4251079043826541,-2.3448562622070312,0.0006927724679311116,0.8866666666666667,0.8259959574322895,0.8866666666666667,15,60.0,0.15843607448060176
expert,0.375,dark_channel_q4,q4,150,1.4229443486531574,1.272260103861491,1.9081994649526235,1.6022871532955685,0.5679343971046241,-1.0618743896484375,0.0009735977649688721,0.88,0.8182903386460475,0.88,13,52.0,0.14262945312423528
expert,0.375,low_texture_q4,q1,150,0.9155034383138021,0.699209342956543,2.54902154046136,2.084292205604347,-0.4280811000514675,-4.186733245849609,0.0005696427822113037,0.7,0.6224187104297283,0.7,39,156.0,0.33556579865677183
expert,0.375,low_texture_q4,q2,150,1.1313010025024415,0.9564844697316488,1.8823756140631598,1.5764449325767722,0.027376020276868664,-1.9542655944824219,0.0006089421113332112,0.8066666666666666,0.7361357242542107,0.8066666666666666,23,92.0,0.21958119705195484
expert,0.375,low_texture_q4,q3,150,1.114119618733724,0.9586573797861735,1.9010159260517843,1.6466453242946315,0.5008307792044975,-1.5313720703125,0.0006086293856302897,0.86,0.7954465685598426,0.86,18,72.0,0.1817096613539524
expert,0.375,low_texture_q4,q4,150,1.1511710103352863,0.9824452222188313,1.5502513163798564,1.2938959998053474,0.27046471673089106,-3.5426712036132812,0.0006365561485290527,0.8466666666666667,0.7804188029480452,0.8466666666666667,19,76.0,0.18936780715468765
expert,0.375,edge_density_q4,q1,150,0.9066884231567383,0.6856143137613933,2.0078616271147856,1.5377146488911397,-0.5848623739706503,-4.186733245849609,0.0006928129990895589,0.7266666666666667,0.6503534444650609,0.7266666666666667,36,144.0,0.31429285227428927
expert,0.375,edge_density_q4,q2,150,1.1572546513875326,1.0004091796875,2.2466269312678158,1.9154520756489521,0.1853190241633235,-1.5077400207519531,0.0007443789641062419,0.84,0.7729589426564779,0.84,21,84.00000000000001,0.20455343144015736
expert,0.375,edge_density_q4,q3,150,1.061330337524414,0.8862432301839193,1.6148223876953125,1.3389070227339461,0.09230309563714105,-2.790943145751953,0.00046674211819966633,0.82,0.7507753195800668,0.82,20,80.0,0.1969815064476629
expert,0.375,edge_density_q4,q4,150,1.1868216578165691,0.9935039602915446,1.6824156786944415,1.3933645686587772,0.3135525471455342,-1.6227455139160156,0.0005198363463083903,0.8266666666666667,0.7581386789428641,0.8266666666666667,22,88.0,0.21208595535802935
expert,0.375,sky_highlight_proxy_q4,q1,150,1.0471068318684895,0.851859858194987,1.7969379940548458,1.5084339554245407,-0.33422129863017314,-4.186733245849609,0.0003684870402018229,0.78,0.7071754568460243,0.78,30,120.0,0.27114275543136385
expert,0.375,sky_highlight_proxy_q4,q2,150,0.5672205861409505,0.41471554183959963,1.329026711953653,1.0494154105315339,-0.3311214962521115,-2.3448562622070312,0.0003804477055867513,0.7133333333333334,0.6363493407951355,0.7133333333333334,37,148.0,0.3214047571151728
expert,0.375,sky_highlight_proxy_q4,q3,150,1.1195697911580405,0.9190045979817709,1.9554816065607845,1.5577007190601246,0.27164665428367823,-2.790943145751953,0.0006796252727508545,0.8266666666666667,0.7581386789428641,0.8266666666666667,21,84.00000000000001,0.20455343144015736
expert,0.375,sky_highlight_proxy_q4,q4,150,1.5781978607177733,1.4241139386494956,2.231776675662479,1.9248003083306389,0.6897681983741554,-1.0618743896484375,0.0009952104091644287,0.8933333333333333,0.8337524992356726,0.8933333333333333,11,44.0,0.12653698526598403
expert,0.375,split,val_hard,300,1.5506348355611166,1.4303288825352987,1.8568442026774088,1.6146466369628907,1.145924072265625,-1.2454185485839844,0.0008934974670410156,0.9233333333333333,0.8875891334382622,0.9233333333333333,15,30.0,0.08084771970710952
expert,0.375,split,val_regular,300,0.6054126993815104,0.46375286229451496,1.6358707682291667,1.4303533070882162,-0.3032599894205729,-4.186733245849609,0.0003183877468109131,0.6833333333333333,0.6286582253552765,0.6833333333333333,84,168.00000000000003,0.3333449062836369
expert,0.5,A0-PSNR_q4,q1,150,2.38897590637207,2.1888516400655114,2.2340027577168233,1.8402486337197792,2.2371232831800305,-1.7841072082519531,0.0015668253103892009,0.9333333333333333,0.8816364734751868,0.9333333333333333,8,32.0,0.10170500474670958
expert,0.5,A0-PSNR_q4,q2,150,1.711682332356771,1.5229040845235189,1.9202968494312183,1.5337971352242135,1.3671791489059861,-1.9332160949707031,0.0007235519091288249,0.9,0.8415639255193983,0.9,11,44.0,0.12653698526598403
expert,0.5,A0-PSNR_q4,q3,150,0.9285429890950521,0.7175535456339518,1.4199424949852195,0.9486773877530486,0.25460031870249156,-1.8248558044433594,0.000161971648534139,0.74,0.6644342013432283,0.74,31,124.0,0.2783950330848814
expert,0.5,A0-PSNR_q4,q4,150,-0.45567403157552083,-0.6708646952311198,0.08985385379275761,-0.3350691202524545,-1.3862816063133445,-5.541713714599609,-0.00027364730834960937,0.36666666666666664,0.293773196710732,0.36666666666666664,88,352.0,0.6623479083163406
expert,0.5,Expert-A0_diff_signed_q4,q1,150,2.297446060180664,1.9935488255818685,3.1770443787445894,2.7588320319716995,0.6432827098949535,-4.449962615966797,0.001345287561416626,0.84,0.7729589426564779,0.84,21,84.00000000000001,0.20455343144015736
expert,0.5,Expert-A0_diff_signed_q4,q2,150,1.4554278691609701,1.2624457562764486,1.3710670986691036,1.063556243277885,0.973519093281514,-5.541713714599609,0.0005035853385925293,0.8733333333333333,0.8106321928453123,0.8733333333333333,16,64.0,0.16624750076432737
expert,0.5,Expert-A0_diff_signed_q4,q3,150,0.5132790756225586,0.3625614884694418,1.5321358861149967,1.2684039141680745,-0.5074472169618349,-3.8937301635742188,0.0001065671443939209,0.6533333333333333,0.5742027248462459,0.6533333333333333,44,176.0,0.37062497562159646
expert,0.5,Expert-A0_diff_signed_q4,q4,150,0.3073741912841797,0.051374176661173526,1.701425500818201,1.2891991305995631,-1.2823069804423564,-4.820621490478516,0.00022326151529947916,0.5733333333333334,0.49332380166580925,0.5733333333333334,57,228.0,0.4597570709251133
expert,0.5,Expert-A0_diff_abs_q4,q1,150,0.06839420318603516,-0.1091210397084554,0.9402938533473659,0.742425856719146,-1.2013793120513092,-3.8937301635742188,-0.00013000210126241048,0.5333333333333333,0.4536610487975692,0.5333333333333333,64,256.0,0.5066761983341909
expert,0.5,Expert-A0_diff_abs_q4,q2,150,0.7775405756632487,0.5813254947662354,1.6229368158288904,1.3962918023805362,-0.40634516123178843,-5.541713714599609,0.0002341763178507487,0.7466666666666667,0.6715044398939715,0.7466666666666667,32,128.0,0.28562201640838675
expert,0.5,Expert-A0_diff_abs_q4,q3,150,1.3522784805297852,1.1333960901896158,1.6159537547343485,1.3003860164333034,0.3978930292902766,-4.449962615966797,0.0006328169504801432,0.82,0.7507753195800668,0.82,22,88.0,0.21208595535802935
expert,0.5,Expert-A0_diff_abs_q4,q4,150,2.3753139368693033,2.0696850388844807,2.8758759885220915,2.473842391452274,0.7068551553262247,-4.820621490478516,0.0014417103926340738,0.84,0.7729589426564779,0.84,20,80.0,0.1969815064476629
expert,0.5,expert_fulludp_disagreement_q4,q1,150,0.252519900004069,0.023109315236409512,1.4804689046498891,1.212653649819864,-1.1517225729452598,-3.8937301635742188,-3.503561019897461e-05,0.5533333333333333,0.47342972849954784,0.5533333333333333,60,240.0,0.4799523201493683
expert,0.5,expert_fulludp_disagreement_q4,q2,150,1.061644058227539,0.8622293173472086,1.7168729627454602,1.4442445626129976,-0.04309298541094806,-5.541713714599609,0.00035497506459554034,0.7866666666666666,0.7143779835916132,0.7866666666666666,27,108.0,0.24922468041993318
expert,0.5,expert_fulludp_disagreement_q4,q3,150,1.2300548299153646,0.9932471027374268,1.9312640009699642,1.5566586906845505,-0.25805530032596075,-4.449962615966797,0.0005048958460489908,0.7733333333333333,0.6999966119167443,0.7733333333333333,27,108.0,0.24922468041993318
expert,0.5,expert_fulludp_disagreement_q4,q4,150,2.0293084081013997,1.7349329439798993,2.822332949251742,2.4107767491727263,0.16030254879513303,-4.820621490478516,0.0013538662592569987,0.8266666666666667,0.7581386789428641,0.8266666666666667,24,96.0,0.227041057343522
expert,0.5,residual_cosine_q4,q1,150,1.290809720357259,0.993770268758138,2.8027414373449377,2.2515335186107737,-1.5706931449271537,-5.541713714599609,0.0007612991333007812,0.7466666666666667,0.6715044398939715,0.7466666666666667,35,140.0,0.3071592690406407
expert,0.5,residual_cosine_q4,q2,150,0.7550965118408203,0.5577863502502441,1.892432857204128,1.471345803544328,-0.20735838606550888,-2.2648773193359375,0.00031000375747680664,0.66,0.5810413820559243,0.66,44,176.0,0.37062497562159646
expert,0.5,residual_cosine_q4,q3,150,0.7320508575439453,0.5190735524495443,2.1672424110206396,1.786173779255635,-0.5990342836122255,-3.2502365112304688,0.0002401407559712728,0.68,0.6016545135045653,0.68,41,164.0,0.3496465555349391
expert,0.5,residual_cosine_q4,q4,150,1.7955701065063476,1.5640913257598876,2.3468602670205607,1.9462357366407241,0.6213015994510135,-2.01177978515625,0.0008672579129536947,0.8533333333333334,0.7879140446419708,0.8533333333333334,18,72.0,0.1817096613539524
expert,0.5,haze_density_q4,q1,150,-0.14803967793782552,-0.4022057952880859,0.896201365702861,0.4646728309425148,-1.38878971821553,-5.541713714599609,-7.142225901285807e-06,0.44666666666666666,0.36942665000842445,0.44666666666666666,76,304.0,0.5855046395697807
expert,0.5,haze_density_q4,q2,150,1.0875032679239909,0.818775863647461,2.2625379304628113,1.8292014946808688,-0.1454052280735325,-3.34393310546875,0.0002446953455607096,0.7333333333333333,0.657384025709397,0.7333333333333333,32,128.0,0.28562201640838675
expert,0.5,haze_density_q4,q3,150,1.754632225036621,1.522563341140747,2.3602586179166227,1.866880550900021,0.7900251440099768,-2.9924697875976562,0.0007620676358540853,0.88,0.8182903386460475,0.88,13,52.0,0.14262945312423528
expert,0.5,haze_density_q4,q4,150,1.8794313812255858,1.6595816656748452,2.4475050745783626,2.068235245266476,0.9265636753391575,-1.8248558044433594,0.0011790808041890462,0.88,0.8182903386460475,0.88,17,68.0,0.17400404256771052
expert,0.5,haze_density_p90_q4,q1,150,-0.1684789530436198,-0.3920782457987467,1.1129353497479413,0.6830987285923315,-1.507757753939242,-5.541713714599609,-0.00012608965237935384,0.4533333333333333,0.3758236179532074,0.4533333333333333,73,292.0,0.5659835143549715
expert,0.5,haze_density_p90_q4,q2,163,0.9288334407689381,0.730772422135242,1.7754056453704834,1.407715003490448,0.07820692062377929,-4.449962615966797,0.00053611891401326,0.7116564417177914,0.6378728359967396,0.7116564417177914,38,139.8773006134969,0.3037270573615533
expert,0.5,haze_density_p90_q4,q3,142,1.6328120836069886,1.4029331999765315,2.2116087777273994,1.7980562264578683,0.709054674421038,-2.1137657165527344,0.0007201529724497191,0.8661971830985915,0.800462485425338,0.8661971830985915,17,71.83098591549296,0.18336640412773555
expert,0.5,haze_density_p90_q4,q4,145,2.2623569356984103,1.9980153471848061,3.0701767603556314,2.6566776514053347,1.7232952117919922,-1.7378616333007812,0.001076341908553551,0.9241379310344827,0.8692671612879235,0.9241379310344827,10,41.37931034482759,0.12229248104446815
expert,0.5,transmission_q4,q1,150,1.8794313812255858,1.6595816656748452,2.4475050745783626,2.068235245266476,0.9265636753391575,-1.8248558044433594,0.0011790808041890462,0.88,0.8182903386460475,0.88,17,68.0,0.17400404256771052
expert,0.5,transmission_q4,q2,150,1.754632225036621,1.522563341140747,2.3602586179166227,1.866880550900021,0.7900251440099768,-2.9924697875976562,0.0007620676358540853,0.88,0.8182903386460475,0.88,13,52.0,0.14262945312423528
expert,0.5,transmission_q4,q3,150,1.0875032679239909,0.818775863647461,2.2625379304628113,1.8292014946808688,-0.1454052280735325,-3.34393310546875,0.0002446953455607096,0.7333333333333333,0.657384025709397,0.7333333333333333,32,128.0,0.28562201640838675
expert,0.5,transmission_q4,q4,150,-0.14803967793782552,-0.4022057952880859,0.896201365702861,0.4646728309425148,-1.38878971821553,-5.541713714599609,-7.142225901285807e-06,0.44666666666666666,0.36942665000842445,0.44666666666666666,76,304.0,0.5855046395697807
expert,0.5,airlight_proxy_q4,q1,150,1.8377117919921875,1.5788446273803711,2.415094581810204,2.0995227349771035,0.7790620133683488,-2.01177978515625,0.0007546019554138184,0.8666666666666667,0.8030184935523371,0.8666666666666667,18,72.0,0.1817096613539524
expert,0.5,airlight_proxy_q4,q2,157,1.8511834600169188,1.6235805584366914,3.0666329799554286,2.575176229232397,0.5994020119691507,-3.34393310546875,0.000700486313765216,0.8789808917197452,0.8187178742479511,0.8789808917197452,15,57.32484076433121,0.15164780056912466
expert,0.5,airlight_proxy_q4,q3,143,0.8006001719228037,0.5913674214503148,2.164021955217634,1.778939860207694,-0.31030338832310267,-3.8937301635742188,0.0006415072854582246,0.6923076923076923,0.612455640064088,0.6923076923076923,40,167.83216783216784,0.35831274034960153
expert,0.5,airlight_proxy_q4,q4,150,0.03500455220540365,-0.18565520032246907,1.596043045456345,1.2001732903557856,-1.1293307123957455,-5.541713714599609,7.935365041097005e-05,0.49333333333333335,0.41449536043021934,0.49333333333333335,65,260.0,0.5133215929334043
expert,0.5,depth_q4,q1,150,1.5075227737426757,1.2534928302764892,3.0349744332803263,2.6459662617863837,-0.4698842022870038,-3.34393310546875,0.0007531042893727621,0.78,0.7071754568460243,0.78,28,112.0,0.25655860836755046
expert,0.5,depth_q4,q2,150,1.054711176554362,0.8068967723846436,1.8408545416754645,1.4023934596293683,-0.1995033057960304,-4.820621490478516,0.0005772288640340169,0.7333333333333333,0.657384025709397,0.7333333333333333,36,144.0,0.31429285227428927
expert,0.5,depth_q4,q3,150,1.3394652048746745,1.049236349741618,2.7786239417823584,2.3409810246648015,-0.637376424428579,-5.541713714599609,0.0006103293100992839,0.7333333333333333,0.657384025709397,0.7333333333333333,32,128.0,0.28562201640838675
expert,0.5,depth_q4,q4,150,0.6718280410766602,0.4230673834482829,1.6771815016462996,1.2801517589672191,-0.5895643492002745,-4.449962615966797,0.0002380390961964925,0.6933333333333334,0.61548006161501,0.6933333333333334,42,168.00000000000003,0.35665798050298214
expert,0.5,dark_channel_q4,q1,150,0.557144152323405,0.27392712084452314,2.5998684135643213,2.13420994732831,-1.1596180683857686,-5.541713714599609,0.00011597514152526856,0.5733333333333334,0.49332380166580925,0.5733333333333334,56,224.0,0.4529956342885945
expert,0.5,dark_channel_q4,q2,150,1.0282303365071614,0.739883118947347,2.026618648219753,1.5403694565231736,-0.5731425929713894,-4.820621490478516,0.0003891404469807943,0.7,0.6224187104297283,0.7,42,168.00000000000003,0.35665798050298214
expert,0.5,dark_channel_q4,q3,150,1.3566113408406575,1.1327562211354574,2.195544887233425,1.8682182982161237,0.06015220848289696,-3.34393310546875,0.0006844822565714518,0.8133333333333334,0.7434413916324496,0.8133333333333334,23,92.0,0.21958119705195484
expert,0.5,dark_channel_q4,q4,150,1.6315413665771485,1.4441641820271809,2.4291080784153296,2.0097751024607065,0.3533437574231947,-1.8248558044433594,0.0009891037146250406,0.8533333333333334,0.7879140446419708,0.8533333333333334,17,68.0,0.17400404256771052
expert,0.5,low_texture_q4,q1,150,0.8519877624511719,0.5738972021738687,3.106407371727196,2.563136371406349,-1.0263663627005912,-5.541713714599609,0.0004788064956665039,0.62,0.5402429290748867,0.62,49,196.0,0.40523296099510275
expert,0.5,low_texture_q4,q2,150,1.2451063791910808,0.999313414255778,2.4256849546690247,2.0126294883521827,-0.4387057536357158,-3.2502365112304688,0.0005535332361857096,0.72,0.6433420194970179,0.72,37,148.0,0.3214047571151728
expert,0.5,low_texture_q4,q3,150,1.2218527221679687,0.9941129811604817,2.4502390268686653,2.0986856563671217,0.18971912280933276,-2.378498077392578,0.0005514323711395264,0.8066666666666666,0.7361357242542107,0.8066666666666666,24,96.0,0.227041057343522
expert,0.5,low_texture_q4,q4,150,1.254580332438151,1.0220856444040936,1.9333151224497203,1.5633020065926218,-0.14194880305109797,-4.820621490478516,0.0005949294567108154,0.7933333333333333,0.7216049669151186,0.7933333333333333,28,112.0,0.25655860836755046
expert,0.5,edge_density_q4,q1,150,0.7902152379353841,0.49616410700480146,2.311325227892077,1.7304165737049,-1.2492333489495355,-5.541713714599609,0.0005577349662780762,0.6533333333333333,0.5742027248462459,0.6533333333333333,46,184.0,0.38451993838498993
expert,0.5,edge_density_q4,q2,150,1.2433194478352865,1.0245228112538656,2.926289790385478,2.540294956516575,-0.2796678285341005,-2.533618927001953,0.0006923015912373861,0.74,0.6644342013432283,0.74,33,132.0,0.2928245431539757
expert,0.5,edge_density_q4,q3,150,1.170336799621582,0.922705317179362,2.0971383275212467,1.7278482669108624,-0.320554578626478,-4.349037170410156,0.00040700793266296387,0.7666666666666667,0.6928407309593593,0.7666666666666667,30,120.0,0.27114275543136385
expert,0.5,edge_density_q4,q4,150,1.3696557108561198,1.0986814498901367,2.1829226725810282,1.7785823332296837,-0.008484608418232686,-2.5294723510742188,0.0005216570695241292,0.78,0.7071754568460243,0.78,29,116.0,0.2638642757457893
expert,0.5,sky_highlight_proxy_q4,q1,150,1.1367745463053385,0.864882994333903,2.4122888719713367,2.027001295862971,-0.9020329037228146,-5.541713714599609,0.0002476823329925537,0.74,0.6644342013432283,0.74,37,148.0,0.3214047571151728
expert,0.5,sky_highlight_proxy_q4,q2,150,0.4250247192382812,0.2138253370920817,1.5956268310546875,1.181891730025008,-0.8870959926295925,-3.34393310546875,0.000240017573038737,0.5533333333333333,0.47342972849954784,0.5533333333333333,55,219.99999999999997,0.4462191070614596
expert,0.5,sky_highlight_proxy_q4,q3,150,1.1468333307902019,0.8792926190694174,2.382852657421215,1.891605129757443,-0.12491071546399915,-4.349037170410156,0.0006304780642191569,0.7933333333333333,0.7216049669151186,0.7933333333333333,30,120.0,0.27114275543136385
expert,0.5,sky_highlight_proxy_q4,q4,150,1.8648945999145508,1.6592356338500975,2.895556321015229,2.4945040264645137,0.5378432402739654,-1.8248558044433594,0.0010605235894521078,0.8533333333333334,0.7879140446419708,0.8533333333333334,16,64.0,0.16624750076432737
expert,0.5,split,val_hard,300,1.8549070676167807,1.6935861997604371,2.34796875,2.044486859639486,1.19855717976888,-1.7841072082519531,0.0009307277202606201,0.8933333333333333,0.8532958822657973,0.8933333333333333,26,52.0,0.12395674551002386
expert,0.5,split,val_regular,300,0.4318565305074056,0.2504347931543986,2.0036690521240232,1.7189305076599122,-0.9011703491210937,-5.541713714599609,0.00015862305959065757,0.5766666666666667,0.5201322236304367,0.5766666666666667,112,224.0,0.4293459132567069
expert,0.75,A0-PSNR_q4,q1,150,2.935975507100423,2.643466390609741,3.0444498835383236,2.424999943295041,2.7612447480897644,-5.716682434082031,0.0014099268118540446,0.88,0.8182903386460475,0.88,14,56.0,0.15056517784558682
expert,0.75,A0-PSNR_q4,q2,150,1.7405246988932292,1.4785652758280434,2.3176252004262565,1.715734218906712,1.1694527703362543,-3.9387474060058594,0.0003876789410909017,0.8066666666666666,0.7361357242542107,0.8066666666666666,24,96.0,0.227041057343522
expert,0.75,A0-PSNR_q4,q3,150,0.35729288736979165,0.05367281087239585,1.0993914217562288,0.5093724379668365,-0.710037746944943,-4.513824462890625,-0.0005047007401784261,0.54,0.46023676745464287,0.54,65,260.0,0.5133215929334043
expert,0.75,A0-PSNR_q4,q4,150,-1.764874267578125,-2.0343199780782064,-0.968967747043919,-1.5823671753342088,-2.9503095472181164,-7.875820159912109,-0.0011237227916717529,0.22666666666666666,0.1669808346497373,0.22666666666666666,112,448.0,0.809509798127474
expert,0.75,Expert-A0_diff_signed_q4,q1,150,2.099539120992025,1.6407477423350016,4.111321578154692,3.428329235798604,-0.7436793559306377,-6.8550262451171875,0.0009521404902140299,0.7,0.6224187104297283,0.7,42,168.00000000000003,0.35665798050298214
expert,0.75,Expert-A0_diff_signed_q4,q2,150,1.4595004145304362,1.1632433592478435,1.7820444364805479,1.3103057191178604,0.20175366788297086,-7.875820159912109,1.577019691467285e-05,0.7733333333333333,0.6999966119167443,0.7733333333333333,28,112.0,0.25655860836755046
expert,0.75,Expert-A0_diff_signed_q4,q3,150,-0.007106768290201823,-0.2570368588765462,1.9485626736202755,1.5445512539631612,-1.6903119473843962,-5.889072418212891,-0.0005371646086374919,0.5133333333333333,0.43401648564502837,0.5133333333333333,66,264.0,0.5199529271877817
expert,0.75,Expert-A0_diff_signed_q4,q4,150,-0.2830139414469401,-0.6874447218577067,2.2800591958535685,1.6588545721930426,-2.9540844479122677,-7.1125640869140625,-0.0002615638573964437,0.4666666666666667,0.3886591247406171,0.4666666666666667,79,315.99999999999994,0.604902423286054
expert,0.75,Expert-A0_diff_abs_q4,q1,150,-0.6255186335245768,-0.8957727743784586,1.176918803034602,0.8736414677387959,-2.7041881664379224,-5.889072418212891,-0.0007700689633687337,0.44666666666666666,0.36942665000842445,0.44666666666666666,79,315.99999999999994,0.604902423286054
expert,0.75,Expert-A0_diff_abs_q4,q2,150,0.4635836664835612,0.15555160331726073,2.305312440202043,1.9617127315418141,-2.0334139643488705,-7.875820159912109,-0.00026677966117858885,0.6133333333333333,0.5334964294452138,0.6133333333333333,54,216.0,0.4394273244876372
expert,0.75,Expert-A0_diff_abs_q4,q3,150,1.2378612263997395,0.8967201118469238,2.166614532470703,1.648645558228364,-0.7150303608662373,-6.8550262451171875,0.00021363417307535806,0.6733333333333333,0.5947670390048972,0.6733333333333333,44,176.0,0.37062497562159646
expert,0.75,Expert-A0_diff_abs_q4,q4,150,2.1929925664265952,1.7566185277303061,3.7982057107461467,3.1860316405425197,-0.9749790913349873,-7.085197448730469,0.0009923966725667317,0.72,0.6433420194970179,0.72,38,152.0,0.32849556010602865
expert,0.75,expert_fulludp_disagreement_q4,q1,150,-0.34714864095052084,-0.6773354415893554,2.0475721617002747,1.6341765816147265,-2.6119702313397384,-5.889072418212891,-0.0006392943859100342,0.46,0.38223445858630034,0.46,76,304.0,0.5855046395697807
expert,0.75,expert_fulludp_disagreement_q4,q2,150,0.8357054901123047,0.5399554665883383,2.432956076957084,1.996308878305796,-1.5315633206754118,-7.875820159912109,-0.0001130986213684082,0.6533333333333333,0.5742027248462459,0.6533333333333333,49,196.0,0.40523296099510275
expert,0.75,expert_fulludp_disagreement_q4,q3,150,1.1035466766357422,0.723154988606771,2.672340496166332,2.0807223861281936,-1.5244916967443518,-7.1125640869140625,4.7153234481811525e-05,0.62,0.5402429290748867,0.62,52,208.0,0.4257972751537541
expert,0.75,expert_fulludp_disagreement_q4,q4,150,1.676815299987793,1.2796290404001873,3.687565210703257,3.080090012421479,-1.6423800700419657,-7.085197448730469,0.0008744219938913981,0.72,0.6433420194970179,0.72,38,152.0,0.32849556010602865
expert,0.75,residual_cosine_q4,q1,150,0.8957997385660807,0.4802868086496989,2.8653001527528503,2.2039561013917663,-3.3312437727644637,-7.875820159912109,0.00037665565808614096,0.6733333333333333,0.5947670390048972,0.6733333333333333,46,184.0,0.38451993838498993
expert,0.75,residual_cosine_q4,q2,150,0.34968987782796224,0.053979454040527355,2.392963254773939,1.799305869437553,-1.3360063707506336,-4.3808441162109375,-0.0003129665056864421,0.5266666666666666,0.4470991159595076,0.5266666666666666,67,268.0,0.5265702715004522
expert,0.75,residual_cosine_q4,q3,150,0.20527931213378905,-0.14243657430013018,2.7841558714170715,2.1778928241214235,-1.8272345259382918,-5.726467132568359,-0.0004385193188985189,0.5066666666666667,0.4274957452416098,0.5066666666666667,66,264.0,0.5199529271877817
expert,0.75,residual_cosine_q4,q4,150,1.818149897257487,1.4582038440704346,3.3247885832915434,2.726437084094898,-0.4210879351641681,-5.716682434082031,0.0005440123875935873,0.7466666666666667,0.6715044398939715,0.7466666666666667,36,144.0,0.31429285227428927
expert,0.75,haze_density_q4,q1,150,-1.275137825012207,-1.5968592116038005,0.25021429319639465,-0.39723074114000473,-2.911402418806746,-7.875820159912109,-0.0008581658204396566,0.3,0.23240716608801576,0.3,101,404.0,0.7432429660912536
expert,0.75,haze_density_q4,q2,150,0.5890081787109375,0.2169267698923747,2.562896728515625,2.029150681882291,-1.5818593824231946,-5.830883026123047,-0.00042578895886739095,0.56,0.48004707281221837,0.56,59,236.0,0.47323527607667293
expert,0.75,haze_density_q4,q3,150,1.783510004679362,1.4771745630900066,2.7424670038996517,2.165386349446065,0.14609919367609797,-4.579196929931641,0.00046065131823221843,0.7866666666666666,0.7143779835916132,0.7866666666666666,28,112.0,0.25655860836755046
expert,0.75,haze_density_q4,q4,150,2.1715384674072267,1.8207474708557128,3.354558738502296,2.790881123413911,0.4143178785169447,-4.286556243896484,0.0009924856821695964,0.8066666666666666,0.7361357242542107,0.8066666666666666,27,108.0,0.24922468041993318
expert,0.75,haze_density_p90_q4,q1,150,-1.2190816370646158,-1.512826531092326,0.9089538471118824,0.1758518579843882,-3.1559990547798775,-7.875820159912109,-0.0009885919094085693,0.3,0.23240716608801576,0.3,102,408.00000000000006,0.7493558764029761
expert,0.75,haze_density_p90_q4,q2,163,0.42452346474115105,0.12178001754854355,2.048501443862915,1.4998740506172181,-1.0533208847045898,-6.8550262451171875,-4.732462526099082e-05,0.5766871165644172,0.499927593270457,0.5766871165644172,63,231.90184049079755,0.46305273581367723
expert,0.75,haze_density_p90_q4,q3,142,1.659040545074033,1.309317300017451,2.908284650530134,2.338174830845424,0.23210525512695312,-4.962169647216797,0.00037753456075426557,0.7464788732394366,0.6690842062155706,0.7464788732394366,30,126.76056338028168,0.28555983509388483
expert,0.75,haze_density_p90_q4,q4,145,2.540820601890827,2.205638265280888,3.825651592678494,3.330962257915073,1.3369940651787653,-2.752288818359375,0.0008811732818340433,0.8482758620689655,0.7809546377328629,0.8482758620689655,20,82.75862068965517,0.20345692666748996
expert,0.75,transmission_q4,q1,150,2.1715384674072267,1.8207474708557128,3.354558738502296,2.790881123413911,0.4143178785169447,-4.286556243896484,0.0009924856821695964,0.8066666666666666,0.7361357242542107,0.8066666666666666,27,108.0,0.24922468041993318
expert,0.75,transmission_q4,q2,150,1.783510004679362,1.4771745630900066,2.7424670038996517,2.165386349446065,0.14609919367609797,-4.579196929931641,0.00046065131823221843,0.7866666666666666,0.7143779835916132,0.7866666666666666,28,112.0,0.25655860836755046
expert,0.75,transmission_q4,q3,150,0.5890081787109375,0.2169267698923747,2.562896728515625,2.029150681882291,-1.5818593824231946,-5.830883026123047,-0.00042578895886739095,0.56,0.48004707281221837,0.56,59,236.0,0.47323527607667293
expert,0.75,transmission_q4,q4,150,-1.275137825012207,-1.5968592116038005,0.25021429319639465,-0.39723074114000473,-2.911402418806746,-7.875820159912109,-0.0008581658204396566,0.3,0.23240716608801576,0.3,101,404.0,0.7432429660912536
expert,0.75,airlight_proxy_q4,q1,150,2.0867006174723306,1.7284035517374674,3.463452571147197,3.0173760594548407,0.08112149625211149,-4.343204498291016,0.0006519444783528646,0.7933333333333333,0.7216049669151186,0.7933333333333333,30,120.0,0.27114275543136385
expert,0.75,airlight_proxy_q4,q2,157,1.8174903286490471,1.4773547871097639,3.6391509618514624,3.0573494079785473,-0.20602123553936297,-5.830883026123047,0.00026884807902536576,0.7770700636942676,0.705789182065232,0.7770700636942676,30,114.64968152866243,0.2596677113941927
expert,0.75,airlight_proxy_q4,q3,143,0.25984773435792724,-0.05475548497446765,2.560100991385324,2.022362131391253,-1.6433073861258372,-5.889072418212891,0.0001106762385868526,0.5524475524475524,0.4706372701211171,0.5524475524475524,58,243.35664335664333,0.4875205929991358
expert,0.75,airlight_proxy_q4,q4,150,-0.9678098424275716,-1.2875442358652749,1.4274910076244458,0.7674470849939296,-2.671955211742504,-7.875820159912109,-0.000869667927424113,0.32,0.2506441235970241,0.32,97,387.99999999999994,0.7186285759545403
expert,0.75,depth_q4,q1,150,1.3379563903808593,0.9492733643849691,3.663950945879962,3.099572354394036,-1.6727323789854307,-5.830883026123047,0.0002959962685902913,0.6533333333333333,0.5742027248462459,0.6533333333333333,49,196.0,0.40523296099510275
expert,0.75,depth_q4,q2,150,0.6192071787516276,0.27357172393798834,2.18050631961307,1.5894233780938225,-1.5322783186629012,-7.085197448730469,0.00018861810366312663,0.58,0.499983335113527,0.58,60,240.0,0.4799523201493683
expert,0.75,depth_q4,q3,150,1.162766367594401,0.7385559717814129,3.493106017241607,2.9128304301081474,-1.9530094249828442,-7.875820159912109,0.0001849798361460368,0.64,0.5605726755123628,0.64,49,196.0,0.40523296099510275
expert,0.75,depth_q4,q4,150,0.148988889058431,-0.2130309136708577,2.0238294343690613,1.3685178550514014,-2.002804524189717,-7.1125640869140625,-0.0005004119873046875,0.58,0.499983335113527,0.58,57,228.0,0.4597570709251133
expert,0.75,dark_channel_q4,q1,150,-0.09082480112711588,-0.47382314427693684,3.1899552731900602,2.553712780411179,-2.6309753624168604,-7.875820159912109,-0.0005582348505655925,0.44666666666666666,0.36942665000842445,0.44666666666666666,79,315.99999999999994,0.604902423286054
expert,0.75,dark_channel_q4,q2,150,0.6551498794555664,0.2239282906850179,2.4414065077498153,1.6632980269354742,-2.0309391537228145,-7.1125640869140625,-0.0001438411076863607,0.5933333333333334,0.5133451744046799,0.5933333333333334,57,228.0,0.4597570709251133
expert,0.75,dark_channel_q4,q3,150,1.1820601654052734,0.8535740534464518,2.90298064979347,2.456236220694877,-1.120808472504487,-5.257106781005859,0.0003182784716288249,0.6933333333333334,0.61548006161501,0.6933333333333334,41,164.0,0.3496465555349391
expert,0.75,dark_channel_q4,q4,150,1.522533582051595,1.238637420654297,3.0433068662076384,2.4339884706445645,-0.5320857280009502,-3.7000198364257812,0.0005529797077178955,0.72,0.6433420194970179,0.72,38,152.0,0.32849556010602865
expert,0.75,low_texture_q4,q1,150,0.20151938120524088,-0.1943836949666341,3.2610493737298087,2.6840996252523888,-2.5157095419394,-7.875820159912109,-9.790976842244467e-05,0.5133333333333333,0.43401648564502837,0.5133333333333333,70,280.0,0.5463389512024308
expert,0.75,low_texture_q4,q2,150,1.0074099477132161,0.6182132377624512,3.146493550893423,2.50620918016176,-1.7502518731194574,-5.726467132568359,6.934642791748047e-05,0.6333333333333333,0.5537808929385404,0.6333333333333333,52,208.0,0.4257972751537541
expert,0.75,low_texture_q4,q3,150,1.0200822575887045,0.6757398052215576,3.238075720297324,2.698720140714903,-0.9014125514674831,-4.513824462890625,6.768703460693359e-05,0.64,0.5605726755123628,0.64,49,196.0,0.40523296099510275
expert,0.75,low_texture_q4,q4,150,1.0399072392781576,0.6834147116343181,2.485360738393423,1.8517455616512815,-1.4308411881730363,-7.085197448730469,0.00013005852699279785,0.6666666666666666,0.5878960768592671,0.6666666666666666,44,176.0,0.37062497562159646
expert,0.75,edge_density_q4,q1,150,0.011149368286132812,-0.41012917455037434,2.1433063197780298,1.4214269354536726,-2.839851173194679,-7.875820159912109,-0.0002453029155731201,0.5133333333333333,0.43401648564502837,0.5133333333333333,71,284.0,0.5529008840404923
expert,0.75,edge_density_q4,q2,150,0.9856912485758463,0.6308471558888753,3.874853649654904,3.3375067633551523,-1.6469753368480786,-4.7428436279296875,0.00015961567560831706,0.5866666666666667,0.5066570942317349,0.5866666666666667,58,232.0,0.4665035705547861
expert,0.75,edge_density_q4,q3,150,0.9535478973388671,0.6026888154347738,2.807657190271326,2.260905136933198,-1.531682607289907,-7.1125640869140625,-1.5067259470621744e-05,0.6333333333333333,0.5537808929385404,0.6333333333333333,49,196.0,0.40523296099510275
expert,0.75,edge_density_q4,q4,150,1.3185303115844726,0.927606866200765,2.900979892627613,2.272712704942033,-1.099873413910737,-4.384819030761719,0.00026993672053019207,0.72,0.6433420194970179,0.72,37,148.0,0.3214047571151728
expert,0.75,sky_highlight_proxy_q4,q1,150,0.886781743367513,0.4601938927968343,3.483052124848237,2.8890110582918735,-2.351728593980944,-7.875820159912109,-0.00032816529273986815,0.62,0.5402429290748867,0.62,52,208.0,0.4257972751537541
expert,0.75,sky_highlight_proxy_q4,q2,150,-0.21051743825276692,-0.5350613721211751,1.8285512666444521,1.1285976719211888,-2.3034644255766996,-5.716682434082031,-0.0004263456662495931,0.44,0.36304360950970455,0.44,80,320.0,0.6113408752593829
expert,0.75,sky_highlight_proxy_q4,q3,150,0.6841458892822265,0.326355889638265,2.6305631689123206,2.01528341190235,-1.3361020474820524,-7.1125640869140625,0.00013432065645853678,0.6333333333333333,0.5537808929385404,0.6333333333333333,49,196.0,0.40523296099510275
expert,0.75,sky_highlight_proxy_q4,q4,150,1.9085086313883464,1.5912363719940186,3.7353676460884713,3.146087411932043,-0.23615677292282516,-3.5066566467285156,0.0007893725236256917,0.76,0.6857071477257107,0.76,34,136.0,0.3000033880832556
expert,0.75,split,val_hard,300,1.9919324429829914,1.7792175013224285,2.9174354553222654,2.4863200937906904,0.7885709635416667,-5.716682434082031,0.0006169915199279785,0.79,0.7403879054849664,0.79,52,104.0,0.220227073661028
expert,0.75,split,val_regular,300,-0.35747303009033204,-0.6158439976374308,2.260284932454427,1.8183962910970053,-2.4241642252604167,-7.875820159912109,-0.0005324004093805949,0.43666666666666665,0.3816930100345721,0.43666666666666665,163,326.0,0.598798093887883
expert,1.0,A0-PSNR_q4,q1,150,2.8524079513549805,2.45582443745931,3.4418774166622677,2.5717422717326395,2.482879999521616,-8.611162185668945,0.0005912888050079346,0.8266666666666667,0.7581386789428641,0.8266666666666667,25,100.0,0.23446724890952125
expert,1.0,A0-PSNR_q4,q2,150,1.1406616719563802,0.809860403696696,2.141099259660051,1.3598118756268476,0.43172516693940033,-6.446250915527344,-0.00041895151138305665,0.66,0.5810413820559243,0.66,47,188.0,0.39144123843458906
expert,1.0,A0-PSNR_q4,q3,150,-0.693172098795573,-1.0534016017913819,0.16713188789986275,-0.4934266425467826,-1.9868307371397276,-7.358341217041016,-0.0016445461908976236,0.38666666666666666,0.3124898876515768,0.38666666666666666,89,356.0,0.6686602129547861
expert,1.0,A0-PSNR_q4,q4,150,-3.2554720052083335,-3.5495976600646975,-2.319765348692198,-3.0296359397269583,-4.543195776037268,-9.786293029785156,-0.002371906042098999,0.07333333333333333,0.041438386805029266,0.07333333333333333,133,532.0,0.9280263616283547
expert,1.0,Expert-A0_diff_signed_q4,q1,150,1.1120459493001302,0.5410315761566162,4.171014837316565,3.2216687589078337,-2.545136632146062,-8.857769012451172,-0.00019835789998372396,0.5733333333333334,0.49332380166580925,0.5733333333333334,63,252.0,0.5000166648864729
expert,1.0,Expert-A0_diff_signed_q4,q2,150,0.9404289245605468,0.5609354782104493,1.8948351885821368,1.2543838990701213,-1.1278723639410895,-9.786293029785156,-0.0009457679589589436,0.6266666666666667,0.5470043657114055,0.6266666666666667,51,204.00000000000003,0.4189586179440758
expert,1.0,Expert-A0_diff_signed_q4,q3,150,-0.8449731318155924,-1.1684404271443685,1.9793770764325116,1.4924965214084935,-3.047825375118771,-7.618877410888672,-0.0015967166423797607,0.35333333333333333,0.28137142404545956,0.35333333333333333,93,372.0,0.6937639975301408
expert,1.0,Expert-A0_diff_signed_q4,q4,150,-1.1630762227376301,-1.6414505812327067,2.437321018528294,1.6442071399173221,-4.653641159470017,-9.347537994384766,-0.0011032724380493164,0.3933333333333333,0.31875856694108035,0.3933333333333333,87,348.0,0.656021282623158
expert,1.0,Expert-A0_diff_abs_q4,q1,150,-1.5516974767049154,-1.89441392771403,1.2079461071942303,0.7914391053689493,-4.261370478449641,-7.834953308105469,-0.00173394242922465,0.3,0.23240716608801576,0.3,98,392.0,0.7248061258157337
expert,1.0,Expert-A0_diff_abs_q4,q2,150,-0.148221804300944,-0.5586062609354655,2.78061361570616,2.2975913099340493,-3.8227438024572424,-9.786293029785156,-0.0011409199237823486,0.4866666666666667,0.4080157160222476,0.4866666666666667,73,292.0,0.5659835143549715
expert,1.0,Expert-A0_diff_abs_q4,q3,150,0.5658332061767578,0.13291881306966147,2.365356342212574,1.687212003243936,-2.302920367266681,-8.857769012451172,-0.0006895073254903158,0.56,0.48004707281221837,0.56,64,256.0,0.5066761983341909
expert,1.0,Expert-A0_diff_abs_q4,q4,150,1.178511594136556,0.624587017695109,4.023270581219648,3.148925154917949,-3.01950774321685,-8.973217010498047,-0.0002797452608744303,0.6,0.5200476798506318,0.6,59,236.0,0.47323527607667293
expert,1.0,expert_fulludp_disagreement_q4,q1,150,-1.2066049448649088,-1.6462108605702719,2.3873462161502323,1.8132125622517354,-4.138794770111909,-7.834953308105469,-0.0015836461385091145,0.31333333333333335,0.2445479868464793,0.31333333333333335,98,392.0,0.7248061258157337
expert,1.0,expert_fulludp_disagreement_q4,q2,150,0.21000442504882813,-0.1679570992787679,2.8737292934108423,2.2774937062650116,-3.2426669146563554,-9.786293029785156,-0.0009675323963165283,0.5266666666666666,0.4470991159595076,0.5266666666666666,65,260.0,0.5133215929334043
expert,1.0,expert_fulludp_disagreement_q4,q3,150,0.4366623051961263,-0.011323101043701145,2.9614086151123047,2.160004301328917,-3.012882438865868,-9.347537994384766,-0.0008768637975056967,0.5333333333333333,0.4536610487975692,0.5333333333333333,68,272.0,0.5331736883670596
expert,1.0,expert_fulludp_disagreement_q4,q4,150,0.6043637339274088,0.11776467768351244,3.801904008195207,3.0306920154674635,-3.6226928298537797,-8.973217010498047,-0.00041607260704040527,0.5733333333333334,0.49332380166580925,0.5733333333333334,63,252.0,0.5000166648864729
expert,1.0,residual_cosine_q4,q1,150,-0.0034305445353190103,-0.5120724328358968,2.2721419978786157,1.4145351100612331,-5.049406927985114,-9.786293029785156,-0.0005239597956339518,0.54,0.46023676745464287,0.54,66,264.0,0.5199529271877817
expert,1.0,residual_cosine_q4,q2,150,-0.45567877451578775,-0.8224910774230957,2.3098949741672827,1.618992179148906,-2.6968147690231734,-6.310871124267578,-0.0014332203070322673,0.4,0.32504190767977553,0.4,83,332.0,0.6305733499915755
expert,1.0,residual_cosine_q4,q3,150,-0.7320860290527343,-1.1862753976186116,2.781091226113809,2.0243768124967008,-3.211260305868613,-7.834953308105469,-0.001595184803009033,0.37333333333333335,0.29999705429498763,0.37333333333333335,91,364.0,0.6812414330589196
expert,1.0,residual_cosine_q4,q4,150,1.2356208674112956,0.7814554125467937,3.795121785756704,3.061731825648127,-1.865845809111724,-8.611162185668945,-0.0002917500336964925,0.6333333333333333,0.5537808929385404,0.6333333333333333,54,216.0,0.4394273244876372
expert,1.0,haze_density_q4,q1,150,-2.657052688598633,-3.01293168258667,-0.8886913608860325,-1.6789884696135648,-4.465734224061708,-9.786293029785156,-0.002231155236562093,0.16,0.10993931727556672,0.16,123,491.99999999999994,0.8732431513666732
expert,1.0,haze_density_q4,q2,150,-0.3648501205444336,-0.8210861695607502,2.3129472990293762,1.512649090225632,-3.2015124140559017,-8.309974670410156,-0.0015850241978963217,0.44,0.36304360950970455,0.44,80,320.0,0.6113408752593829
expert,1.0,haze_density_q4,q3,150,1.2277082951863607,0.8532476571400961,2.557153856432116,1.7747251252870304,-0.9507483920535525,-6.024635314941406,-0.00030034224192301433,0.6466666666666666,0.5673798898960487,0.6466666666666666,49,196.0,0.40523296099510275
expert,1.0,haze_density_q4,q4,150,1.8386200332641602,1.4140355294545492,3.7191882777858423,2.979448669021194,-0.6333657857534047,-6.541887283325195,0.00027240673700968423,0.7,0.6224187104297283,0.7,42,168.00000000000003,0.35665798050298214
expert,1.0,haze_density_p90_q4,q1,150,-2.4994349416097004,-2.8584821758270262,0.3090404819797825,-0.6409200745659905,-4.800159351245777,-9.786293029785156,-0.0023324239253997804,0.16666666666666666,0.11551351052095789,0.16666666666666666,121,484.0,0.8618819770697485
expert,1.0,haze_density_p90_q4,q2,163,-0.4752597340776876,-0.8656237929876597,1.7932142257690429,1.12144273519516,-2.4414422035217287,-8.857769012451172,-0.001178819343356267,0.4601226993865031,0.385406334688541,0.4601226993865031,85,312.8834355828221,0.5967802662982074
expert,1.0,haze_density_p90_q4,q3,142,1.064013118475256,0.6390467254208847,3.031554412841797,2.3171719714573453,-0.6952304295131139,-7.355205535888672,-0.0004316148623614244,0.5774647887323944,0.49522876003715055,0.5774647887323944,56,236.61971830985914,0.47651520387433016
expert,1.0,haze_density_p90_q4,q4,145,2.1238382273706895,1.6710760958441373,3.893848525153266,3.1880331569247775,0.23187626732720268,-3.7564964294433594,0.00018402214707999393,0.7586206896551724,0.6828750013092127,0.7586206896551724,32,132.41379310344828,0.29491297433604485
expert,1.0,transmission_q4,q1,150,1.8386200332641602,1.4140355294545492,3.7191882777858423,2.979448669021194,-0.6333657857534047,-6.541887283325195,0.00027240673700968423,0.7,0.6224187104297283,0.7,42,168.00000000000003,0.35665798050298214
expert,1.0,transmission_q4,q2,150,1.2277082951863607,0.8532476571400961,2.557153856432116,1.7747251252870304,-0.9507483920535525,-6.024635314941406,-0.00030034224192301433,0.6466666666666666,0.5673798898960487,0.6466666666666666,49,196.0,0.40523296099510275
expert,1.0,transmission_q4,q3,150,-0.3648501205444336,-0.8210861695607502,2.3129472990293762,1.512649090225632,-3.2015124140559017,-8.309974670410156,-0.0015850241978963217,0.44,0.36304360950970455,0.44,80,320.0,0.6113408752593829
expert,1.0,transmission_q4,q4,150,-2.657052688598633,-3.01293168258667,-0.8886913608860325,-1.6789884696135648,-4.465734224061708,-9.786293029785156,-0.002231155236562093,0.16,0.10993931727556672,0.16,123,491.99999999999994,0.8732431513666732
expert,1.0,airlight_proxy_q4,q1,150,1.7349308649698894,1.2500167655944825,4.162037823651288,3.5749811224035315,-1.078609105702993,-6.541887283325195,0.0002240598201751709,0.6933333333333334,0.61548006161501,0.6933333333333334,43,172.0,0.36365065920486445
expert,1.0,airlight_proxy_q4,q2,157,1.1371310410226227,0.7076986154932885,3.429836419912485,2.7710783444918117,-1.4800787705641527,-8.309974670410156,-0.0006787875655350411,0.6496815286624203,0.57229080225928,0.6496815286624203,50,191.08280254777068,0.39493772870692917
expert,1.0,airlight_proxy_q4,q3,143,-0.6700344352455406,-1.0773226818004686,2.3059222630092076,1.627526705605643,-3.1501905168805804,-7.618877410888672,-0.0009696783719362912,0.3916083916083916,0.31544371983096325,0.3916083916083916,83,348.25174825174827,0.6581631153188411
expert,1.0,airlight_proxy_q4,q4,150,-2.2419363403320314,-2.630108599980672,0.6848094012286212,-0.11291280437160182,-4.281110505799989,-9.786293029785156,-0.0024332837263743084,0.2,0.1438399280560674,0.2,118,472.0,0.8446385632981747
expert,1.0,depth_q4,q1,150,0.6674484888712565,0.17022552490234374,3.669953578227275,2.747284561878926,-3.0735949438971444,-8.309974670410156,-0.0007040278116861979,0.5466666666666666,0.46682631163294025,0.5466666666666666,67,268.0,0.5265702715004522
expert,1.0,depth_q4,q2,150,-0.23476186116536457,-0.6711319262186686,2.101026689684069,1.2962634988733241,-3.0582397048537797,-8.973217010498047,-0.0006415875752766927,0.42,0.34397871737684205,0.42,83,332.0,0.6305733499915755
expert,1.0,depth_q4,q3,150,0.3366707229614258,-0.1567539857228597,3.1877291395857528,2.6376720892416463,-3.4491586427430847,-9.786293029785156,-0.0007158768177032471,0.5466666666666666,0.46682631163294025,0.5466666666666666,66,264.0,0.5199529271877817
expert,1.0,depth_q4,q4,150,-0.7249318313598633,-1.1639869035085042,1.9131198573756862,1.1003525038023252,-3.5754505879170186,-9.347537994384766,-0.001782622734705607,0.43333333333333335,0.35667455895269157,0.43333333333333335,78,312.0,0.5984502178362011
expert,1.0,dark_channel_q4,q1,150,-1.111631228129069,-1.5771826210021973,3.058686282183673,2.298131973679001,-4.179551098797773,-9.786293029785156,-0.0016672046979268392,0.3333333333333333,0.2628864565745068,0.3333333333333333,97,387.99999999999994,0.7186285759545403
expert,1.0,dark_channel_q4,q2,150,-0.16666948954264324,-0.7119905707041423,2.4141222464071737,1.4404724894343197,-3.6107635498046875,-9.347537994384766,-0.0011403048038482666,0.4666666666666667,0.3886591247406171,0.4666666666666667,74,296.0,0.5725042547583903
expert,1.0,dark_channel_q4,q3,150,0.4997366714477539,0.09905855751037602,3.1707320342192777,2.499344570572312,-2.5522316597603463,-7.358341217041016,-0.0005163498719533285,0.5266666666666666,0.4470991159595076,0.5266666666666666,68,272.0,0.5331736883670596
expert,1.0,dark_channel_q4,q4,150,0.8229895655314128,0.45462686665852864,2.929679458205764,2.1436717445785933,-1.7470106691927523,-5.63191032409668,-0.0005202555656433106,0.62,0.5402429290748867,0.62,55,219.99999999999997,0.4462191070614596
expert,1.0,low_texture_q4,q1,150,-0.8752682240804036,-1.3598657112121582,2.49374601003286,1.7303440403293917,-4.078273360793655,-9.786293029785156,-0.0011916625499725341,0.4066666666666667,0.33133978704521405,0.4066666666666667,86,344.0,0.6496804312594854
expert,1.0,low_texture_q4,q2,150,0.25300867716471354,-0.21606829579671213,3.2212141397837044,2.4258233946722907,-3.225476445378484,-7.834953308105469,-0.0009020002683003743,0.5,0.4209887046908502,0.5,69,276.0,0.5397632325453572
expert,1.0,low_texture_q4,q3,150,0.3088489786783854,-0.137387071609497,3.3590934341018266,2.6792830364124196,-2.296910569474504,-7.358341217041016,-0.0008997587362925212,0.5133333333333333,0.43401648564502837,0.5133333333333333,72,288.0,0.5594490634020298
expert,1.0,low_texture_q4,q4,150,0.3578360875447591,-0.10983203887939451,2.691938967318148,1.8288424878507046,-2.961741473223712,-8.973217010498047,-0.0008506933848063151,0.5266666666666666,0.4470991159595076,0.5266666666666666,67,268.0,0.5265702715004522
expert,1.0,edge_density_q4,q1,150,-1.1813535435994467,-1.6844197959899903,1.3138496295825854,0.47038012581902594,-4.475659035347603,-9.786293029785156,-0.001756277879079183,0.32,0.2506441235970241,0.32,100,400.0,0.7371135434254932
expert,1.0,edge_density_q4,q2,150,0.2863763682047526,-0.1847490774790446,4.207093522355363,3.5019241255682867,-3.1836638579497465,-6.7342681884765625,-0.0009343341986338298,0.48,0.40154978216379894,0.48,74,296.0,0.5725042547583903
expert,1.0,edge_density_q4,q3,150,0.2421425755818685,-0.18376307678222653,2.974618602443386,2.3093248444634513,-2.9642685555122994,-9.347537994384766,-0.0008292770385742187,0.5333333333333333,0.4536610487975692,0.5333333333333333,64,256.0,0.5066761983341909
expert,1.0,edge_density_q4,q4,150,0.69726011912028,0.21077950414021812,3.0254183073301575,2.2513865599761136,-2.474443899618613,-6.438591003417969,-0.00032422582308451334,0.6133333333333333,0.5334964294452138,0.6133333333333333,56,224.0,0.4529956342885945
expert,1.0,sky_highlight_proxy_q4,q1,150,0.12765396118164063,-0.4281654764811198,4.003099493078284,3.194874039211789,-3.9180261766588367,-9.786293029785156,-0.0013225845495859782,0.4666666666666667,0.3886591247406171,0.4666666666666667,74,296.0,0.5725042547583903
expert,1.0,sky_highlight_proxy_q4,q2,150,-1.1455618413289388,-1.5718872718811034,1.6337313780913483,0.7182773074588261,-3.8238984185296134,-8.611162185668945,-0.0016005297501881918,0.34,0.2690321465825542,0.34,96,384.0,0.712435405526836
expert,1.0,sky_highlight_proxy_q4,q3,150,-0.28513277689615885,-0.6885430043538411,2.08070352915171,1.3426569706684837,-2.7755239332044446,-9.347537994384766,-0.0008908812204996745,0.4666666666666667,0.3886591247406171,0.4666666666666667,77,308.0,0.5919842839777524
expert,1.0,sky_highlight_proxy_q4,q4,150,1.3474661763509115,0.9678838990529378,3.8102590715562976,3.1320947569769784,-1.3976973456305426,-5.142711639404297,-3.011941909790039e-05,0.6733333333333333,0.5947670390048972,0.6733333333333333,47,188.0,0.39144123843458906
expert,1.0,split,val_hard,300,1.5158201599121093,1.259815818786621,2.889531733194987,2.3651300977071124,-0.1840868886311849,-8.611162185668945,-0.00022120018800099691,0.69,0.6355381623460284,0.69,88,176.0,0.34720711452813136
expert,1.0,split,val_regular,300,-1.4936074002583821,-1.8049447453816732,1.8854009501139324,1.2446268844604491,-4.03700678507487,-9.786293029785156,-0.0017008572816848756,0.2833333333333333,0.23533002872803954,0.2833333333333333,206,412.0,0.7365164659779293
fulludp,0.0,A0-PSNR_q4,q1,150,0.0,0.0,0.0,0.0,0.0,0.0,0.0,0.0,0.0,1.0,0,0.0,0.02497113914571871
fulludp,0.0,A0-PSNR_q4,q2,150,0.0,0.0,0.0,0.0,0.0,0.0,0.0,0.0,0.0,1.0,0,0.0,0.02497113914571871
fulludp,0.0,A0-PSNR_q4,q3,150,0.0,0.0,0.0,0.0,0.0,0.0,0.0,0.0,0.0,1.0,0,0.0,0.02497113914571871
fulludp,0.0,A0-PSNR_q4,q4,150,0.0,0.0,0.0,0.0,0.0,0.0,0.0,0.0,0.0,1.0,0,0.0,0.02497113914571871
fulludp,0.0,Expert-A0_diff_signed_q4,q1,150,0.0,0.0,0.0,0.0,0.0,0.0,0.0,0.0,0.0,1.0,0,0.0,0.02497113914571871
fulludp,0.0,Expert-A0_diff_signed_q4,q2,150,0.0,0.0,0.0,0.0,0.0,0.0,0.0,0.0,0.0,1.0,0,0.0,0.02497113914571871
fulludp,0.0,Expert-A0_diff_signed_q4,q3,150,0.0,0.0,0.0,0.0,0.0,0.0,0.0,0.0,0.0,1.0,0,0.0,0.02497113914571871
fulludp,0.0,Expert-A0_diff_signed_q4,q4,150,0.0,0.0,0.0,0.0,0.0,0.0,0.0,0.0,0.0,1.0,0,0.0,0.02497113914571871
fulludp,0.0,Expert-A0_diff_abs_q4,q1,150,0.0,0.0,0.0,0.0,0.0,0.0,0.0,0.0,0.0,1.0,0,0.0,0.02497113914571871
fulludp,0.0,Expert-A0_diff_abs_q4,q2,150,0.0,0.0,0.0,0.0,0.0,0.0,0.0,0.0,0.0,1.0,0,0.0,0.02497113914571871
fulludp,0.0,Expert-A0_diff_abs_q4,q3,150,0.0,0.0,0.0,0.0,0.0,0.0,0.0,0.0,0.0,1.0,0,0.0,0.02497113914571871
fulludp,0.0,Expert-A0_diff_abs_q4,q4,150,0.0,0.0,0.0,0.0,0.0,0.0,0.0,0.0,0.0,1.0,0,0.0,0.02497113914571871
fulludp,0.0,expert_fulludp_disagreement_q4,q1,150,0.0,0.0,0.0,0.0,0.0,0.0,0.0,0.0,0.0,1.0,0,0.0,0.02497113914571871
fulludp,0.0,expert_fulludp_disagreement_q4,q2,150,0.0,0.0,0.0,0.0,0.0,0.0,0.0,0.0,0.0,1.0,0,0.0,0.02497113914571871
fulludp,0.0,expert_fulludp_disagreement_q4,q3,150,0.0,0.0,0.0,0.0,0.0,0.0,0.0,0.0,0.0,1.0,0,0.0,0.02497113914571871
fulludp,0.0,expert_fulludp_disagreement_q4,q4,150,0.0,0.0,0.0,0.0,0.0,0.0,0.0,0.0,0.0,1.0,0,0.0,0.02497113914571871
fulludp,0.0,residual_cosine_q4,q1,150,0.0,0.0,0.0,0.0,0.0,0.0,0.0,0.0,0.0,1.0,0,0.0,0.02497113914571871
fulludp,0.0,residual_cosine_q4,q2,150,0.0,0.0,0.0,0.0,0.0,0.0,0.0,0.0,0.0,1.0,0,0.0,0.02497113914571871
fulludp,0.0,residual_cosine_q4,q3,150,0.0,0.0,0.0,0.0,0.0,0.0,0.0,0.0,0.0,1.0,0,0.0,0.02497113914571871
fulludp,0.0,residual_cosine_q4,q4,150,0.0,0.0,0.0,0.0,0.0,0.0,0.0,0.0,0.0,1.0,0,0.0,0.02497113914571871
fulludp,0.0,haze_density_q4,q1,150,0.0,0.0,0.0,0.0,0.0,0.0,0.0,0.0,0.0,1.0,0,0.0,0.02497113914571871
fulludp,0.0,haze_density_q4,q2,150,0.0,0.0,0.0,0.0,0.0,0.0,0.0,0.0,0.0,1.0,0,0.0,0.02497113914571871
fulludp,0.0,haze_density_q4,q3,150,0.0,0.0,0.0,0.0,0.0,0.0,0.0,0.0,0.0,1.0,0,0.0,0.02497113914571871
fulludp,0.0,haze_density_q4,q4,150,0.0,0.0,0.0,0.0,0.0,0.0,0.0,0.0,0.0,1.0,0,0.0,0.02497113914571871
fulludp,0.0,haze_density_p90_q4,q1,150,0.0,0.0,0.0,0.0,0.0,0.0,0.0,0.0,0.0,1.0,0,0.0,0.02497113914571871
fulludp,0.0,haze_density_p90_q4,q2,163,0.0,0.0,0.0,0.0,0.0,0.0,0.0,0.0,0.0,1.0,0,0.0,0.023025432506041655
fulludp,0.0,haze_density_p90_q4,q3,142,0.0,0.0,0.0,0.0,0.0,0.0,0.0,0.0,0.0,1.0,0,0.0,0.02634090684688045
fulludp,0.0,haze_density_p90_q4,q4,145,0.0,0.0,0.0,0.0,0.0,0.0,0.0,0.0,0.0,1.0,0,0.0,0.025809988605336138
fulludp,0.0,transmission_q4,q1,150,0.0,0.0,0.0,0.0,0.0,0.0,0.0,0.0,0.0,1.0,0,0.0,0.02497113914571871
fulludp,0.0,transmission_q4,q2,150,0.0,0.0,0.0,0.0,0.0,0.0,0.0,0.0,0.0,1.0,0,0.0,0.02497113914571871
fulludp,0.0,transmission_q4,q3,150,0.0,0.0,0.0,0.0,0.0,0.0,0.0,0.0,0.0,1.0,0,0.0,0.02497113914571871
fulludp,0.0,transmission_q4,q4,150,0.0,0.0,0.0,0.0,0.0,0.0,0.0,0.0,0.0,1.0,0,0.0,0.02497113914571871
fulludp,0.0,airlight_proxy_q4,q1,150,0.0,0.0,0.0,0.0,0.0,0.0,0.0,0.0,0.0,1.0,0,0.0,0.02497113914571871
fulludp,0.0,airlight_proxy_q4,q2,157,0.0,0.0,0.0,0.0,0.0,0.0,0.0,0.0,0.0,1.0,0,0.0,0.02388436822314625
fulludp,0.0,airlight_proxy_q4,q3,143,0.0,0.0,0.0,0.0,0.0,0.0,0.0,0.0,0.0,1.0,0,0.0,0.02616152370990237
fulludp,0.0,airlight_proxy_q4,q4,150,0.0,0.0,0.0,0.0,0.0,0.0,0.0,0.0,0.0,1.0,0,0.0,0.02497113914571871
fulludp,0.0,depth_q4,q1,150,0.0,0.0,0.0,0.0,0.0,0.0,0.0,0.0,0.0,1.0,0,0.0,0.02497113914571871
fulludp,0.0,depth_q4,q2,150,0.0,0.0,0.0,0.0,0.0,0.0,0.0,0.0,0.0,1.0,0,0.0,0.02497113914571871
fulludp,0.0,depth_q4,q3,150,0.0,0.0,0.0,0.0,0.0,0.0,0.0,0.0,0.0,1.0,0,0.0,0.02497113914571871
fulludp,0.0,depth_q4,q4,150,0.0,0.0,0.0,0.0,0.0,0.0,0.0,0.0,0.0,1.0,0,0.0,0.02497113914571871
fulludp,0.0,dark_channel_q4,q1,150,0.0,0.0,0.0,0.0,0.0,0.0,0.0,0.0,0.0,1.0,0,0.0,0.02497113914571871
fulludp,0.0,dark_channel_q4,q2,150,0.0,0.0,0.0,0.0,0.0,0.0,0.0,0.0,0.0,1.0,0,0.0,0.02497113914571871
fulludp,0.0,dark_channel_q4,q3,150,0.0,0.0,0.0,0.0,0.0,0.0,0.0,0.0,0.0,1.0,0,0.0,0.02497113914571871
fulludp,0.0,dark_channel_q4,q4,150,0.0,0.0,0.0,0.0,0.0,0.0,0.0,0.0,0.0,1.0,0,0.0,0.02497113914571871
fulludp,0.0,low_texture_q4,q1,150,0.0,0.0,0.0,0.0,0.0,0.0,0.0,0.0,0.0,1.0,0,0.0,0.02497113914571871
fulludp,0.0,low_texture_q4,q2,150,0.0,0.0,0.0,0.0,0.0,0.0,0.0,0.0,0.0,1.0,0,0.0,0.02497113914571871
fulludp,0.0,low_texture_q4,q3,150,0.0,0.0,0.0,0.0,0.0,0.0,0.0,0.0,0.0,1.0,0,0.0,0.02497113914571871
fulludp,0.0,low_texture_q4,q4,150,0.0,0.0,0.0,0.0,0.0,0.0,0.0,0.0,0.0,1.0,0,0.0,0.02497113914571871
fulludp,0.0,edge_density_q4,q1,150,0.0,0.0,0.0,0.0,0.0,0.0,0.0,0.0,0.0,1.0,0,0.0,0.02497113914571871
fulludp,0.0,edge_density_q4,q2,150,0.0,0.0,0.0,0.0,0.0,0.0,0.0,0.0,0.0,1.0,0,0.0,0.02497113914571871
fulludp,0.0,edge_density_q4,q3,150,0.0,0.0,0.0,0.0,0.0,0.0,0.0,0.0,0.0,1.0,0,0.0,0.02497113914571871
fulludp,0.0,edge_density_q4,q4,150,0.0,0.0,0.0,0.0,0.0,0.0,0.0,0.0,0.0,1.0,0,0.0,0.02497113914571871
fulludp,0.0,sky_highlight_proxy_q4,q1,150,0.0,0.0,0.0,0.0,0.0,0.0,0.0,0.0,0.0,1.0,0,0.0,0.02497113914571871
fulludp,0.0,sky_highlight_proxy_q4,q2,150,0.0,0.0,0.0,0.0,0.0,0.0,0.0,0.0,0.0,1.0,0,0.0,0.02497113914571871
fulludp,0.0,sky_highlight_proxy_q4,q3,150,0.0,0.0,0.0,0.0,0.0,0.0,0.0,0.0,0.0,1.0,0,0.0,0.02497113914571871
fulludp,0.0,sky_highlight_proxy_q4,q4,150,0.0,0.0,0.0,0.0,0.0,0.0,0.0,0.0,0.0,1.0,0,0.0,0.02497113914571871
fulludp,0.0,split,val_hard,300,0.0,0.0,0.0,0.0,0.0,0.0,0.0,0.0,0.0,1.0,0,0.0,0.012643429997735661
fulludp,0.0,split,val_regular,300,0.0,0.0,0.0,0.0,0.0,0.0,0.0,0.0,0.0,1.0,0,0.0,0.012643429997735661
fulludp,0.125,A0-PSNR_q4,q1,150,0.05829541524251302,0.024555693308512372,0.059626553509686445,0.01431772644455369,0.06627057049725507,-0.6035079956054688,6.314953168233236e-05,0.5733333333333334,0.49332380166580925,0.5733333333333334,22,88.0,0.21208595535802935
fulludp,0.125,A0-PSNR_q4,q2,150,0.0934716288248698,0.06386895497639974,0.10742754549593539,0.03962416777739654,0.08548210762642525,-0.5515022277832031,9.610732396443685e-05,0.68,0.6016545135045653,0.68,12,48.0,0.13462257494318683
fulludp,0.125,A0-PSNR_q4,q3,150,0.1437835693359375,0.10589852396647136,0.04416749284074113,-0.022521158166833827,0.15899988122888514,-0.6352310180664062,0.00011712272961934408,0.7466666666666667,0.6715044398939715,0.7466666666666667,19,76.0,0.18936780715468765
fulludp,0.125,A0-PSNR_q4,q4,150,0.26671600341796875,0.22550583140055339,0.23244868098078547,0.13906685081688133,0.357519716829867,-0.8958015441894531,0.00012303551038106282,0.88,0.8182903386460475,0.88,5,20.0,0.0756528425070956
fulludp,0.125,Expert-A0_diff_signed_q4,q1,150,0.09204118092854818,0.05948669942220052,0.04366132375356313,-0.020780411282101188,0.21177992949614655,-0.5266475677490234,5.367596944173177e-05,0.6466666666666666,0.5673798898960487,0.6466666666666666,19,76.0,0.18936780715468765
fulludp,0.125,Expert-A0_diff_signed_q4,q2,150,0.10497369130452473,0.07270404624938966,0.059588406537030195,-0.00024247813869166456,0.22910185117979306,-0.5515022277832031,9.33067003885905e-05,0.6733333333333333,0.5947670390048972,0.6733333333333333,13,52.0,0.14262945312423528
fulludp,0.125,Expert-A0_diff_signed_q4,q3,150,0.19716056823730468,0.16010250918070476,0.11934723725190034,0.05224515811817066,0.2835130433778505,-0.8958015441894531,0.000143278439839681,0.8133333333333334,0.7434413916324496,0.8133333333333334,14,56.0,0.15056517784558682
fulludp,0.125,Expert-A0_diff_signed_q4,q4,150,0.16809117635091145,0.12764770762125652,0.06835875640044341,0.00490166947648332,0.29996531718486064,-0.8302345275878906,0.00010915398597717285,0.7466666666666667,0.6715044398939715,0.7466666666666667,12,48.0,0.13462257494318683
fulludp,0.125,Expert-A0_diff_abs_q4,q1,150,0.20123706817626952,0.16049783325195313,0.024476901904956716,-0.05565271893063107,0.3626913122228674,-0.8302345275878906,0.00010777831077575684,0.7866666666666666,0.7143779835916132,0.7866666666666666,16,64.0,0.16624750076432737
fulludp,0.125,Expert-A0_diff_abs_q4,q2,150,0.14320462544759113,0.11136210823059083,0.12722541190482475,0.06904562615059519,0.21972336640229095,-0.8958015441894531,8.57377052307129e-05,0.7866666666666666,0.7143779835916132,0.7866666666666666,11,44.0,0.12653698526598403
fulludp,0.125,Expert-A0_diff_abs_q4,q3,150,0.12041685740152995,0.08819776725769043,0.021976316297376477,-0.026216762130324905,0.23757450000659838,-0.5515022277832031,0.00012294729550679524,0.6666666666666666,0.5878960768592671,0.6666666666666666,10,40.0,0.11836352652481318
fulludp,0.125,Expert-A0_diff_abs_q4,q4,150,0.09740806579589843,0.06206215159098308,0.07462702570734797,0.028287833445780987,0.19165802001953125,-0.5266475677490234,8.295178413391114e-05,0.64,0.5605726755123628,0.64,21,84.00000000000001,0.20455343144015736
fulludp,0.125,expert_fulludp_disagreement_q4,q1,150,0.27142644246419273,0.24378048451741538,0.19659784677866343,0.13188293044631547,0.37588397876636404,-0.3375968933105469,0.00013658801714579264,0.9066666666666666,0.8494348221544131,0.9066666666666666,2,8.0,0.047307856380276334
fulludp,0.125,expert_fulludp_disagreement_q4,q2,150,0.1628386942545573,0.13063660303751626,0.1393382098223712,0.0928625622311154,0.1933591688001478,-0.6507682800292969,0.0001268625259399414,0.8,0.7288572445686362,0.8,13,52.0,0.14262945312423528
fulludp,0.125,expert_fulludp_disagreement_q4,q3,150,0.0973578135172526,0.0611707878112793,0.06651419562262458,0.013076867284001533,0.13788511946394638,-0.8958015441894531,8.83793830871582e-05,0.66,0.5810413820559243,0.66,15,60.0,0.15843607448060176
fulludp,0.125,expert_fulludp_disagreement_q4,q4,150,0.030643666585286458,-0.007394231160481769,0.0373586706213049,-0.011013587745460303,0.15489609177048141,-0.5515022277832031,4.7585169474283856e-05,0.5133333333333333,0.43401648564502837,0.5133333333333333,28,112.0,0.25655860836755046
fulludp,0.125,residual_cosine_q4,q1,150,-0.026423568725585937,-0.06448164749145507,-0.09953607095254434,-0.1441632270812988,0.21444640288481842,-0.6507682800292969,-3.3471186955769854e-05,0.36,0.287564594473164,0.36,38,152.0,0.32849556010602865
fulludp,0.125,residual_cosine_q4,q2,150,0.11004843393961589,0.07813040669759115,0.004513250814901816,-0.03878564576844912,0.2132216788627006,-0.8958015441894531,9.458144505818685e-05,0.72,0.6433420194970179,0.72,11,44.0,0.12653698526598403
fulludp,0.125,residual_cosine_q4,q3,150,0.19194127400716146,0.1630751698811849,0.15077508462441935,0.10447837210990288,0.22790444863809123,-0.8302345275878906,0.00014798800150553386,0.8733333333333333,0.8106321928453123,0.8733333333333333,5,20.0,0.0756528425070956
fulludp,0.125,residual_cosine_q4,q4,150,0.28670047760009765,0.2542357978820801,0.22481047140585408,0.1565036438606881,0.36222581605653503,-0.6035079956054688,0.00019031683603922526,0.9266666666666666,0.873463014734016,0.9266666666666666,4,16.0,0.06655490610017561
fulludp,0.125,haze_density_q4,q1,150,0.2670664723714193,0.22774373626708985,0.18930754790434967,0.11989411534489813,0.37029946816934123,-0.8958015441894531,0.00014918843905131022,0.8733333333333333,0.8106321928453123,0.8733333333333333,10,40.0,0.11836352652481318
fulludp,0.125,haze_density_q4,q2,150,0.14713865915934246,0.10991558329264323,0.11177573332915434,0.04233606957100534,0.22788290075353673,-0.5112190246582031,0.0001349616050720215,0.74,0.6644342013432283,0.74,15,60.0,0.15843607448060176
fulludp,0.125,haze_density_q4,q3,150,0.09953275044759115,0.07029690678914388,0.00734556043470228,-0.055223722715635554,0.14601011533994931,-0.6035079956054688,5.249857902526855e-05,0.7066666666666667,0.6293750243784035,0.7066666666666667,13,52.0,0.14262945312423528
fulludp,0.125,haze_density_q4,q4,150,0.0485287348429362,0.015596199035644534,0.08187294006347656,0.035437264313568945,0.06199357316300676,-0.6352310180664062,6.276647249857584e-05,0.56,0.48004707281221837,0.56,20,80.0,0.1969815064476629
fulludp,0.125,haze_density_p90_q4,q1,150,0.269572385152181,0.2231492265065511,0.21621791736499682,0.12786521653871277,0.33633309441643794,-0.8958015441894531,0.0001451551914215088,0.84,0.7729589426564779,0.84,7,28.0,0.09318757392357377
fulludp,0.125,haze_density_p90_q4,q2,163,0.1494422280715287,0.11732749763441963,0.06337962150573731,-0.009613645076751706,0.25222339630126955,-0.6035079956054688,0.00012681381834065255,0.7484662576687117,0.6766573768275054,0.7484662576687117,16,58.895705521472394,0.15349804682211876
fulludp,0.125,haze_density_p90_q4,q3,142,0.07584733022770411,0.045059797125802915,0.05510493687220982,0.0018327604021344869,0.14076331002371653,-0.5515022277832031,9.335262674680898e-05,0.676056338028169,0.5953250006318106,0.676056338028169,19,80.28169014084506,0.19953751457466187
fulludp,0.125,haze_density_p90_q4,q4,145,0.06051538401636584,0.026795243888065732,0.01790089077419705,-0.04376147323184543,0.05041281382242838,-0.6352310180664062,2.9050070663978312e-05,0.6068965517241379,0.5256188814709304,0.6068965517241379,16,66.20689655172414,0.17173290507644284
fulludp,0.125,transmission_q4,q1,150,0.0485287348429362,0.015596199035644534,0.08187294006347656,0.035437264313568945,0.06199357316300676,-0.6352310180664062,6.276647249857584e-05,0.56,0.48004707281221837,0.56,20,80.0,0.1969815064476629
fulludp,0.125,transmission_q4,q2,150,0.09953275044759115,0.07029690678914388,0.00734556043470228,-0.055223722715635554,0.14601011533994931,-0.6035079956054688,5.249857902526855e-05,0.7066666666666667,0.6293750243784035,0.7066666666666667,13,52.0,0.14262945312423528
fulludp,0.125,transmission_q4,q3,150,0.14713865915934246,0.10991558329264323,0.11177573332915434,0.04233606957100534,0.22788290075353673,-0.5112190246582031,0.0001349616050720215,0.74,0.6644342013432283,0.74,15,60.0,0.15843607448060176
fulludp,0.125,transmission_q4,q4,150,0.2670664723714193,0.22774373626708985,0.18930754790434967,0.11989411534489813,0.37029946816934123,-0.8958015441894531,0.00014918843905131022,0.8733333333333333,0.8106321928453123,0.8733333333333333,10,40.0,0.11836352652481318
fulludp,0.125,airlight_proxy_q4,q1,150,0.11673309326171875,0.08458317375183105,0.16502225721204603,0.093800129761567,0.16934348441459038,-0.4653167724609375,5.439440409342448e-05,0.6733333333333333,0.5947670390048972,0.6733333333333333,15,60.0,0.15843607448060176
fulludp,0.125,airlight_proxy_q4,q2,157,0.05182701159434713,0.02574096667538783,0.012721428504356971,-0.03400855186658028,0.12844966008112982,-0.6352310180664062,4.53807745769525e-05,0.6305732484076433,0.552798011217552,0.6305732484076433,20,76.43312101910828,0.18857775719927036
fulludp,0.125,airlight_proxy_q4,q3,143,0.1349451691954286,0.09549092646245357,-0.037337657383510046,-0.09308545521327427,0.27527596609933036,-0.8958015441894531,9.714348332865255e-05,0.6993006993006993,0.6197334043040457,0.6993006993006993,17,71.32867132867133,0.1821414644397818
fulludp,0.125,airlight_proxy_q4,q4,150,0.26264019012451173,0.2284121481577555,0.10921772106273754,0.03930624884528083,0.3673140036093222,-0.8302345275878906,0.00020491202672322592,0.88,0.8182903386460475,0.88,6,24.0,0.08451453912715763
fulludp,0.125,depth_q4,q1,150,0.11458349863688151,0.08132158533732096,0.007486034084010769,-0.040759305696229674,0.21053365758947423,-0.5266475677490234,5.669236183166504e-05,0.66,0.5810413820559243,0.66,14,56.0,0.15056517784558682
fulludp,0.125,depth_q4,q2,150,0.132668940226237,0.10060251808166504,0.007092243916279561,-0.05751278335983689,0.3007312465358425,-0.6035079956054688,0.00010431965192159017,0.7133333333333334,0.6363493407951355,0.7133333333333334,14,56.0,0.15056517784558682
fulludp,0.125,depth_q4,q3,150,0.14859610239664714,0.10400921567281088,0.09057230562777133,0.00808453688750396,0.33017328623178843,-0.8302345275878906,9.785572687784831e-05,0.7066666666666667,0.6293750243784035,0.7066666666666667,17,68.0,0.17400404256771052
fulludp,0.125,depth_q4,q4,150,0.16641807556152344,0.1278554573059082,0.13854691788956924,0.06496513469799145,0.26070187542889567,-0.8958015441894531,0.0001405473550160726,0.8,0.7288572445686362,0.8,13,52.0,0.14262945312423528
fulludp,0.125,dark_channel_q4,q1,150,0.22099177042643228,0.1756747023264567,0.15820590869800463,0.09080103539131783,0.36425956519874364,-0.8958015441894531,0.00013882835706075032,0.82,0.7507753195800668,0.82,9,36.0,0.11009092044290468
fulludp,0.125,dark_channel_q4,q2,150,0.16569358825683594,0.12665684572855632,0.11276337907120988,0.03490677910882074,0.29821911373653925,-0.6352310180664062,0.00010720252990722656,0.7533333333333333,0.6785952428848271,0.7533333333333333,16,64.0,0.16624750076432737
fulludp,0.125,dark_channel_q4,q3,150,0.10924742380777995,0.07636287752787273,0.010009817174963048,-0.03759374876280089,0.19763523823506124,-0.5515022277832031,7.261991500854492e-05,0.6933333333333334,0.61548006161501,0.6933333333333334,16,64.0,0.16624750076432737
fulludp,0.125,dark_channel_q4,q4,150,0.06633383433024088,0.035033348719278976,0.0818300504942198,0.01815884048874314,0.12350494797165329,-0.6035079956054688,8.07642936706543e-05,0.6133333333333333,0.5334964294452138,0.6133333333333333,17,68.0,0.17400404256771052
fulludp,0.125,low_texture_q4,q1,150,0.15992406209309895,0.12099310429890951,-0.01938113650760135,-0.07637634019593934,0.33379838273331924,-0.6035079956054688,5.8677991231282555e-05,0.76,0.6857071477257107,0.76,17,68.0,0.17400404256771052
fulludp,0.125,low_texture_q4,q2,150,0.14313868204752603,0.1093832410176595,0.05138799306508657,0.004126927659318254,0.2590585657068201,-0.8302345275878906,0.00010491212209065756,0.76,0.6857071477257107,0.76,11,44.0,0.12653698526598403
fulludp,0.125,low_texture_q4,q3,150,0.1365093994140625,0.10182660293579102,0.02763923438819679,-0.020649082596237593,0.2553445970689928,-0.6507682800292969,0.00012110273043314616,0.7133333333333334,0.6363493407951355,0.7133333333333334,12,48.0,0.13462257494318683
fulludp,0.125,low_texture_q4,q4,150,0.12269447326660156,0.08037803141276043,0.16732076696447423,0.08664239677223,0.17385565268026815,-0.8958015441894531,0.00011472225189208985,0.6466666666666666,0.5673798898960487,0.6466666666666666,18,72.0,0.1817096613539524
fulludp,0.125,edge_density_q4,q1,150,0.11828650156656902,0.07383678944905599,-0.007150959324192356,-0.08775992780118375,0.22506507667335304,-0.8958015441894531,5.964438120524088e-05,0.6533333333333333,0.5742027248462459,0.6533333333333333,22,88.0,0.21208595535802935
fulludp,0.125,edge_density_q4,q2,150,0.1753003438313802,0.13930014801025392,0.11289864617425042,0.04831939645715662,0.27217916540197423,-0.6507682800292969,0.0001515185832977295,0.7533333333333333,0.6785952428848271,0.7533333333333333,11,44.0,0.12653698526598403
fulludp,0.125,edge_density_q4,q3,150,0.15372997283935547,0.12588613255818684,0.12052572095716321,0.05625769898698137,0.3073466532939189,-0.34532928466796875,9.684960047403971e-05,0.7666666666666667,0.6928407309593593,0.7666666666666667,8,32.0,0.10170500474670958
fulludp,0.125,edge_density_q4,q4,150,0.11494979858398438,0.08217741330464681,0.05757244213207348,-0.005380365010854355,0.22485104122677366,-0.6352310180664062,9.140253067016602e-05,0.7066666666666667,0.6293750243784035,0.7066666666666667,17,68.0,0.17400404256771052
fulludp,0.125,sky_highlight_proxy_q4,q1,150,0.19070074717203775,0.15339728101094563,0.13696304527488914,0.05824787552292283,0.2981652955751161,-0.8958015441894531,0.00013803203900655112,0.74,0.6644342013432283,0.74,13,52.0,0.14262945312423528
fulludp,0.125,sky_highlight_proxy_q4,q2,150,0.21059014638264975,0.17535397148132323,0.16492374523265943,0.08593514674418681,0.30128829543654984,-0.8302345275878906,0.00013042012850443522,0.82,0.7507753195800668,0.82,13,52.0,0.14262945312423528
fulludp,0.125,sky_highlight_proxy_q4,q3,150,0.11442468007405598,0.08298390452067057,0.025777404372756545,-0.028419396683976455,0.21079893369932431,-0.5515022277832031,8.58155886332194e-05,0.7266666666666667,0.6503534444650609,0.7266666666666667,14,56.0,0.15056517784558682
fulludp,0.125,sky_highlight_proxy_q4,q4,150,0.04655104319254557,0.01630484390258789,0.019431810121278505,-0.027314897485681482,0.10901466575828758,-0.6035079956054688,4.514733950297038e-05,0.5933333333333334,0.5133451744046799,0.5933333333333334,18,72.0,0.1817096613539524
fulludp,0.125,split,val_hard,300,0.09355764389038086,0.06804233010609945,0.04629295349121094,0.0012568283081054702,0.15299235026041666,-0.6035079956054688,8.362392584482829e-05,0.6366666666666667,0.5808305794961457,0.6366666666666667,34,68.0,0.15420023806384622
fulludp,0.125,split,val_regular,300,0.18757566452026367,0.15794991111755372,0.08415702819824218,0.041417391459147135,0.3201703389485677,-0.8958015441894531,0.00011608362197875976,0.8033333333333333,0.7546402726922236,0.8033333333333333,24,48.0,0.11627401141355302
fulludp,0.25,A0-PSNR_q4,q1,150,0.10141343434651692,0.03176855723063152,0.10955124932366449,0.01837881191356763,0.10863577352987754,-1.2175064086914062,5.0681432088216143e-05,0.56,0.48004707281221837,0.56,33,132.0,0.2928245431539757
fulludp,0.25,A0-PSNR_q4,q2,150,0.1513617451985677,0.09007267888387045,0.18838552526525548,0.05354619928308436,0.1252089835502006,-1.1379776000976562,0.0001283860206604004,0.6466666666666666,0.5673798898960487,0.6466666666666666,28,112.0,0.25655860836755046
fulludp,0.25,A0-PSNR_q4,q3,150,0.2298627217610677,0.15470744959513347,0.043951601595491975,-0.0857037827775285,0.23991631172798775,-1.2863426208496094,0.00016097029050191243,0.6933333333333334,0.61548006161501,0.6933333333333334,32,128.0,0.28562201640838675
fulludp,0.25,A0-PSNR_q4,q4,150,0.4267451985677083,0.3446953951517741,0.3934223071948902,0.2081963719548406,0.5882702389278928,-1.9697303771972656,0.0001890405019124349,0.8133333333333334,0.7434413916324496,0.8133333333333334,12,48.0,0.13462257494318683
fulludp,0.25,Expert-A0_diff_signed_q4,q1,150,0.14856026967366537,0.0817055492401123,0.07550517932788746,-0.056206507296175566,0.3537991497967694,-1.0505104064941406,2.6783148447672528e-05,0.6,0.5200476798506318,0.6,32,128.0,0.28562201640838675
fulludp,0.25,Expert-A0_diff_signed_q4,q2,150,0.1628529993693034,0.09976977030436199,0.10304368508828653,-0.016860513429383973,0.37021616342905406,-1.1379776000976562,0.00011744856834411621,0.6266666666666667,0.5470043657114055,0.6266666666666667,28,112.0,0.25655860836755046
fulludp,0.25,Expert-A0_diff_signed_q4,q3,150,0.32926116943359374,0.2553190155029297,0.22171938097154772,0.08575520644316802,0.4590808765308277,-1.8305854797363281,0.00021970351537068685,0.76,0.6857071477257107,0.76,19,76.0,0.18936780715468765
fulludp,0.25,Expert-A0_diff_signed_q4,q4,150,0.26870866139729815,0.1870625794728597,0.11753809129869616,-0.01104217735496727,0.4730223578375739,-1.9697303771972656,0.00016514301300048827,0.7266666666666667,0.6503534444650609,0.7266666666666667,26,104.0,0.24186132105713584
fulludp,0.25,Expert-A0_diff_abs_q4,q1,150,0.3259625625610352,0.24766000938415528,0.026314348787874788,-0.13424928252761428,0.5984518721296981,-1.9697303771972656,0.00016421278317769368,0.7466666666666667,0.6715044398939715,0.7466666666666667,22,88.0,0.21208595535802935
fulludp,0.25,Expert-A0_diff_abs_q4,q2,150,0.22870726267496744,0.16122985204060872,0.24111397201950485,0.1223809577323295,0.31159870044605154,-1.8305854797363281,0.00010861635208129883,0.7333333333333333,0.657384025709397,0.7333333333333333,21,84.00000000000001,0.20455343144015736
fulludp,0.25,Expert-A0_diff_abs_q4,q3,150,0.1948170598347982,0.12853192710876465,0.026081136755041173,-0.07167271536749763,0.3895301818847656,-1.2504043579101562,0.00017867644627888996,0.6266666666666667,0.5470043657114055,0.6266666666666667,30,120.0,0.27114275543136385
fulludp,0.25,Expert-A0_diff_abs_q4,q4,150,0.1598962148030599,0.0900806802113851,0.1360004528148754,0.04470383669878986,0.31103608414933487,-1.0505104064941406,7.757266362508138e-05,0.6066666666666667,0.5267647239233271,0.6066666666666667,32,128.0,0.28562201640838675
fulludp,0.25,expert_fulludp_disagreement_q4,q1,150,0.47680353800455727,0.4207133191426595,0.38557990821632177,0.2529415594564902,0.6410822481722445,-0.6792449951171875,0.00022400895754496255,0.8666666666666667,0.8030184935523371,0.8666666666666667,5,20.0,0.0756528425070956
fulludp,0.25,expert_fulludp_disagreement_q4,q2,150,0.27101392110188804,0.2042446231842041,0.26561304040857264,0.1715577744148873,0.2642922272553315,-1.3371009826660156,0.00019556403160095215,0.7533333333333333,0.6785952428848271,0.7533333333333333,21,84.00000000000001,0.20455343144015736
fulludp,0.25,expert_fulludp_disagreement_q4,q3,150,0.14442693074544272,0.07286402702331543,0.11536912660341005,0.00626171730660104,0.17420175913217906,-1.9697303771972656,0.00010534962018330892,0.62,0.5402429290748867,0.62,32,128.0,0.28562201640838675
fulludp,0.25,expert_fulludp_disagreement_q4,q4,150,0.017138710021972658,-0.06125772349039713,0.06036237768224768,-0.0365843644013276,0.21425350292308912,-1.2504043579101562,4.155635833740234e-06,0.47333333333333333,0.39509757671394596,0.47333333333333333,47,188.0,0.39144123843458906
fulludp,0.25,residual_cosine_q4,q1,150,-0.10910541534423829,-0.18818305206298827,-0.21503536121265307,-0.30477218627929686,0.2927879127296242,-1.3371009826660156,-0.00013025879859924317,0.31333333333333335,0.2445479868464793,0.31333333333333335,66,264.0,0.5199529271877817
fulludp,0.25,residual_cosine_q4,q2,150,0.16007649739583332,0.09757700538635254,-0.0220286395098712,-0.1131530710168787,0.3225400770032728,-1.8305854797363281,0.0001100766658782959,0.66,0.5810413820559243,0.66,23,92.0,0.21958119705195484
fulludp,0.25,residual_cosine_q4,q3,150,0.31826978047688803,0.25911717224121095,0.27864621136639567,0.18526670352832691,0.34590520085515203,-1.9697303771972656,0.00022890369097391765,0.8266666666666667,0.7581386789428641,0.8266666666666667,9,36.0,0.11009092044290468
fulludp,0.25,residual_cosine_q4,q4,150,0.5401422373453776,0.4776491374969482,0.4444725449020798,0.3032348813237371,0.6494120005014781,-1.2175064086914062,0.0003203566869099935,0.9133333333333333,0.8573705468757647,0.9133333333333333,7,28.0,0.09318757392357377
fulludp,0.25,haze_density_q4,q1,150,0.44648090362548826,0.37119715499877926,0.33109020542454076,0.19249027355297194,0.6139649056099556,-1.9697303771972656,0.00023308753967285156,0.8066666666666666,0.7361357242542107,0.8066666666666666,15,60.0,0.15843607448060176
fulludp,0.25,haze_density_q4,q2,150,0.24012957255045572,0.1620624612172445,0.20696289474899704,0.06552635399070947,0.35714546409813136,-1.2504043579101562,0.0002042527993520101,0.7,0.6224187104297283,0.7,25,100.0,0.23446724890952125
fulludp,0.25,haze_density_q4,q3,150,0.16280160268147786,0.10379795646667482,0.004217044727222339,-0.12232111080272778,0.21690409892314189,-1.2175064086914062,3.9328336715698245e-05,0.6666666666666666,0.5878960768592671,0.6666666666666666,28,112.0,0.25655860836755046
fulludp,0.25,haze_density_q4,q4,150,0.0599710210164388,-0.006491477330525714,0.15105860942118876,0.05912784112466348,0.048020543278874575,-1.2863426208496094,5.240956942240397e-05,0.54,0.46023676745464287,0.54,37,148.0,0.3214047571151728
fulludp,0.25,haze_density_p90_q4,q1,150,0.45005144755045573,0.3581184844970703,0.4001003987080342,0.21801362939783045,0.5403708380621832,-1.9697303771972656,0.0002266701062520345,0.7866666666666666,0.7143779835916132,0.7866666666666666,15,60.0,0.15843607448060176
fulludp,0.25,haze_density_p90_q4,q2,163,0.2438848647603228,0.18401082278760666,0.10448775291442872,-0.04942007303237914,0.4123845100402832,-1.2175064086914062,0.00018004478852441707,0.7055214723926381,0.631462640149289,0.7055214723926381,31,114.11042944785277,0.25729377085855426
fulludp,0.25,haze_density_p90_q4,q3,142,0.11244874604990784,0.048789735579154864,0.0960014888218471,-0.011303021567208426,0.21651535034179686,-1.1379776000976562,0.00012285818516368597,0.6267605633802817,0.5448523475637013,0.6267605633802817,29,122.53521126760563,0.27790679299843807
fulludp,0.25,haze_density_p90_q4,q4,145,0.09088822726545663,0.02381837844848633,0.02300066418117947,-0.0979639689127604,0.04338423411051432,-1.2863426208496094,-9.875461972992996e-06,0.5862068965517241,0.5048261175061806,0.5862068965517241,30,124.13793103448276,0.2799779563941267
fulludp,0.25,transmission_q4,q1,150,0.0599710210164388,-0.006491477330525714,0.15105860942118876,0.05912784112466348,0.048020543278874575,-1.2863426208496094,5.240956942240397e-05,0.54,0.46023676745464287,0.54,37,148.0,0.3214047571151728
fulludp,0.25,transmission_q4,q2,150,0.16280160268147786,0.10379795646667482,0.004217044727222339,-0.12232111080272778,0.21690409892314189,-1.2175064086914062,3.9328336715698245e-05,0.6666666666666666,0.5878960768592671,0.6666666666666666,28,112.0,0.25655860836755046
fulludp,0.25,transmission_q4,q3,150,0.24012957255045572,0.1620624612172445,0.20696289474899704,0.06552635399070947,0.35714546409813136,-1.2504043579101562,0.0002042527993520101,0.7,0.6224187104297283,0.7,25,100.0,0.23446724890952125
fulludp,0.25,transmission_q4,q4,150,0.44648090362548826,0.37119715499877926,0.33109020542454076,0.19249027355297194,0.6139649056099556,-1.9697303771972656,0.00023308753967285156,0.8066666666666666,0.7361357242542107,0.8066666666666666,15,60.0,0.15843607448060176
fulludp,0.25,airlight_proxy_q4,q1,150,0.2002501932779948,0.13408706347147625,0.32406915200723185,0.17810077924986145,0.266677340945682,-0.9390640258789062,6.47580623626709e-05,0.6466666666666666,0.5673798898960487,0.6466666666666666,28,112.0,0.25655860836755046
fulludp,0.25,airlight_proxy_q4,q2,157,0.05974669972802423,0.007367954132663218,0.013577534602238582,-0.08061345907358022,0.17202592507386819,-1.2863426208496094,1.6812306300849672e-05,0.6050955414012739,0.5269971194558805,0.6050955414012739,36,137.5796178343949,0.30105405080315917
fulludp,0.25,airlight_proxy_q4,q3,143,0.21380958023604812,0.13723130659623578,-0.09106200081961495,-0.20101663316999163,0.45435289655412947,-1.8305854797363281,0.00011806971543318742,0.6293706293706294,0.5477941733888138,0.6293706293706294,29,121.67832167832167,0.27607058383046723
fulludp,0.25,airlight_proxy_q4,q4,150,0.44276622772216795,0.37292561976114913,0.19244657980429158,0.04898402497575091,0.604756329510663,-1.9697303771972656,0.00033416350682576496,0.8333333333333334,0.7655327510904788,0.8333333333333334,12,48.0,0.13462257494318683
fulludp,0.25,depth_q4,q1,150,0.1823886998494466,0.11634013303120931,-0.0005793700347075592,-0.09480720983969197,0.32236068313186234,-1.2504043579101562,4.619121551513672e-05,0.62,0.5402429290748867,0.62,29,116.0,0.2638642757457893
fulludp,0.25,depth_q4,q2,150,0.21826459248860677,0.152990078608195,0.0011001793113914696,-0.12945056348233608,0.5141499493573163,-1.2175064086914062,0.00015225370724995932,0.66,0.5810413820559243,0.66,27,108.0,0.24922468041993318
fulludp,0.25,depth_q4,q3,150,0.24685721079508463,0.1577390022277832,0.16771538193161423,0.0009395908665012694,0.5529386159536,-1.9697303771972656,0.0001279906431833903,0.6933333333333334,0.61548006161501,0.6933333333333334,30,120.0,0.27114275543136385
fulludp,0.25,depth_q4,q4,150,0.26187259674072266,0.1854819081624349,0.2566031894168338,0.09798798947720914,0.38127393980283997,-1.8305854797363281,0.00020264267921447755,0.74,0.6644342013432283,0.74,19,76.0,0.18936780715468765
fulludp,0.25,dark_channel_q4,q1,150,0.3685027313232422,0.276471627553304,0.30409075762774496,0.1630226960053315,0.5950474094700169,-1.9697303771972656,0.0002190856138865153,0.7666666666666667,0.6928407309593593,0.7666666666666667,18,72.0,0.1817096613539524
fulludp,0.25,dark_channel_q4,q2,150,0.2812250010172526,0.20275592104593912,0.20988948925121412,0.05106324891786318,0.5019798278808594,-1.2863426208496094,0.000155489444732666,0.7133333333333334,0.6363493407951355,0.7133333333333334,27,108.0,0.24922468041993318
fulludp,0.25,dark_channel_q4,q3,150,0.1694993464152018,0.10185564359029134,0.006642779788455447,-0.09100791312552786,0.2966652947503167,-1.1379776000976562,7.67044226328532e-05,0.6533333333333333,0.5742027248462459,0.6533333333333333,26,104.0,0.24186132105713584
fulludp,0.25,dark_channel_q4,q4,150,0.09015602111816406,0.029427204132080078,0.15061244449099978,0.025355707632528767,0.16396249307168498,-1.2175064086914062,7.779876391092936e-05,0.58,0.499983335113527,0.58,34,136.0,0.3000033880832556
fulludp,0.25,low_texture_q4,q1,150,0.2566426722208659,0.17885544204711917,-0.0584641018429318,-0.1751754399892446,0.5495727126662796,-1.2175064086914062,4.7977765401204424e-05,0.7,0.6224187104297283,0.7,26,104.0,0.24186132105713584
fulludp,0.25,low_texture_q4,q2,150,0.23271297454833983,0.16478781890869143,0.08996659356194574,-0.0026054124574403496,0.40727934966216217,-1.9697303771972656,0.000144807497660319,0.72,0.6433420194970179,0.72,20,80.0,0.1969815064476629
fulludp,0.25,low_texture_q4,q3,150,0.22499895731608072,0.15472417640686037,0.03481808224239865,-0.06438783954929661,0.4231765334670608,-1.3371009826660156,0.00017430424690246583,0.66,0.5810413820559243,0.66,23,92.0,0.21958119705195484
fulludp,0.25,low_texture_q4,q4,150,0.19502849578857423,0.10766192054748536,0.3303438650595175,0.16308212022523622,0.23769502382020694,-1.8305854797363281,0.0001619887351989746,0.6333333333333333,0.5537808929385404,0.6333333333333333,36,144.0,0.31429285227428927
fulludp,0.25,edge_density_q4,q1,150,0.17003100077311198,0.08262606684366863,-0.027588715424408782,-0.19224005776482658,0.31606766984269424,-1.9697303771972656,3.123203913370768e-05,0.5866666666666667,0.5066570942317349,0.5866666666666667,40,160.0,0.34261597429060303
fulludp,0.25,edge_density_q4,q2,150,0.29470175425211587,0.22300179290771485,0.2130255312532992,0.08197863553021406,0.4307702554238809,-1.3371009826660156,0.0002250051498413086,0.72,0.6433420194970179,0.72,19,76.0,0.18936780715468765
fulludp,0.25,edge_density_q4,q3,150,0.2602940877278646,0.20584760602315266,0.22781413310282939,0.09785200582968223,0.5200230366474873,-0.7370185852050781,0.00013820528984069823,0.72,0.6433420194970179,0.72,18,72.0,0.1817096613539524
fulludp,0.25,edge_density_q4,q4,150,0.18435625712076822,0.11676437759399415,0.10081945883261191,-0.029680566529969903,0.36113965833509293,-1.2863426208496094,0.00013463576634724936,0.6866666666666666,0.6085587615654109,0.6866666666666666,28,112.0,0.25655860836755046
fulludp,0.25,sky_highlight_proxy_q4,q1,150,0.3273777389526367,0.25425761604309083,0.2666393486229149,0.10806427001953127,0.4789234883076436,-1.8305854797363281,0.00021964669227600097,0.7,0.6224187104297283,0.7,26,104.0,0.24186132105713584
fulludp,0.25,sky_highlight_proxy_q4,q2,150,0.3531178029378255,0.2797935161590576,0.3005060762972445,0.13831448683867584,0.4753111761969489,-1.9697303771972656,0.00019295732180277508,0.7866666666666666,0.7143779835916132,0.7866666666666666,18,72.0,0.1817096613539524
fulludp,0.25,sky_highlight_proxy_q4,q3,150,0.17463640848795572,0.11307730038960775,0.03497366003088049,-0.07345192625715925,0.3252715033453864,-1.1379776000976562,9.77929433186849e-05,0.6733333333333333,0.5947670390048972,0.6733333333333333,27,108.0,0.24922468041993318
fulludp,0.25,sky_highlight_proxy_q4,q4,150,0.054251149495442706,-0.0065172615051269514,0.02648265941722973,-0.06620749653996648,0.13930160934860641,-1.2175064086914062,1.868128776550293e-05,0.5533333333333333,0.47342972849954784,0.5533333333333333,34,136.0,0.3000033880832556
fulludp,0.25,split,val_hard,300,0.155977414449056,0.10431734244028727,0.07970326741536458,-0.010475100199381495,0.2550953165690104,-1.2175064086914062,0.00010008474191029867,0.6166666666666667,0.5605020926949223,0.6166666666666667,63,126.0,0.25961209451503364
fulludp,0.25,split,val_regular,300,0.29871413548787434,0.2402249552408854,0.13907941182454428,0.0520405019124349,0.5198116556803385,-1.9697303771972656,0.00016445438067118326,0.74,0.6875509670609357,0.74,42,84.00000000000001,0.1838324997473059
fulludp,0.375,A0-PSNR_q4,q1,150,0.12962669372558594,0.02376164627075196,0.1496932570998733,0.012715311308164863,0.12956279032939189,-1.8284225463867188,-3.480950991312663e-05,0.54,0.46023676745464287,0.54,43,172.0,0.36365065920486445
fulludp,0.375,A0-PSNR_q4,q2,150,0.17197039286295573,0.0782492650349935,0.2409318460000528,0.03753170322727513,0.11791724127692145,-1.7390899658203125,9.757002194722494e-05,0.5866666666666667,0.5066570942317349,0.5866666666666667,39,156.0,0.33556579865677183
fulludp,0.375,A0-PSNR_q4,q3,150,0.25389195760091143,0.1443659833272298,-0.0009493441195101352,-0.19539541296056798,0.23685022302576014,-1.9358749389648438,0.00013358553250630696,0.64,0.5605726755123628,0.64,39,156.0,0.33556579865677183
fulludp,0.375,A0-PSNR_q4,q4,150,0.4698514302571615,0.3434398307800293,0.4733887749749261,0.1966117858886719,0.6741779430492504,-3.2007598876953125,0.00020006020863850912,0.74,0.6644342013432283,0.74,29,116.0,0.2638642757457893
fulludp,0.375,Expert-A0_diff_signed_q4,q1,150,0.1679546101888021,0.06950772476196289,0.09454907597722234,-0.10363155313440271,0.4181152549949852,-1.6213302612304688,-7.824142773946127e-05,0.56,0.48004707281221837,0.56,43,172.0,0.36365065920486445
fulludp,0.375,Expert-A0_diff_signed_q4,q2,150,0.17149916330973308,0.07945795122782388,0.1299557556977143,-0.04941682042302312,0.41587664629961996,-1.7390899658203125,7.34555721282959e-05,0.5733333333333334,0.49332380166580925,0.5733333333333334,41,164.0,0.3496465555349391
fulludp,0.375,Expert-A0_diff_signed_q4,q3,150,0.388844846089681,0.28100110181172694,0.3053878062480205,0.10346909600335198,0.5131022479083087,-2.754344940185547,0.00023114800453186035,0.6866666666666666,0.6085587615654109,0.6866666666666666,33,132.0,0.2928245431539757
fulludp,0.375,Expert-A0_diff_signed_q4,q4,150,0.29704185485839846,0.17683041381835937,0.14728979162267736,-0.04122528127721836,0.5060723794473184,-3.2007598876953125,0.0001700441042582194,0.6866666666666666,0.6085587615654109,0.6866666666666666,33,132.0,0.2928245431539757
fulludp,0.375,Expert-A0_diff_abs_q4,q1,150,0.3667632675170898,0.25398327255249026,0.00587056134198163,-0.23322313669565561,0.6885198644689612,-3.2007598876953125,0.0001702574888865153,0.6933333333333334,0.61548006161501,0.6933333333333334,36,144.0,0.31429285227428927
fulludp,0.375,Expert-A0_diff_abs_q4,q2,150,0.2534182357788086,0.14722856585184735,0.34042456343367294,0.1603090595554661,0.26894419902079814,-2.754344940185547,7.192452748616537e-05,0.6666666666666666,0.5878960768592671,0.6666666666666666,29,116.0,0.2638642757457893
fulludp,0.375,Expert-A0_diff_abs_q4,q3,150,0.21976184844970703,0.12415621248881024,0.012609172511745143,-0.13367260855597418,0.44610296713339315,-2.111682891845703,0.00016808231671651205,0.58,0.499983335113527,0.58,41,164.0,0.3496465555349391
fulludp,0.375,Expert-A0_diff_abs_q4,q4,150,0.1853971227010091,0.08403018951416015,0.1823755728231894,0.050051426243137694,0.3506100628827069,-1.6213302612304688,-1.385807991027832e-05,0.5666666666666667,0.4866784070665957,0.5666666666666667,44,176.0,0.37062497562159646
fulludp,0.375,expert_fulludp_disagreement_q4,q1,150,0.6053093592325847,0.5186879583994548,0.5660330798174884,0.3612862818949931,0.7739272246489654,-1.0373077392578125,0.00026306748390197754,0.8066666666666666,0.7361357242542107,0.8066666666666666,17,68.0,0.17400404256771052
fulludp,0.375,expert_fulludp_disagreement_q4,q2,150,0.32058176676432293,0.22472172101338705,0.3772132461135452,0.23413269970868086,0.2090814951303843,-2.0320816040039062,0.00020717938741048178,0.6866666666666666,0.6085587615654109,0.6866666666666666,29,116.0,0.2638642757457893
fulludp,0.375,expert_fulludp_disagreement_q4,q3,150,0.1391711934407552,0.03415522321065269,0.14614960953995987,-0.019269922617319468,0.10495758056640625,-3.2007598876953125,5.419850349426269e-05,0.58,0.499983335113527,0.58,42,168.00000000000003,0.35665798050298214
fulludp,0.375,expert_fulludp_disagreement_q4,q4,150,-0.03972184499104818,-0.15789578692118325,0.06748122137946051,-0.07654579523447395,0.17638273496885556,-2.111682891845703,-0.0001280391216278076,0.43333333333333335,0.35667455895269157,0.43333333333333335,62,248.0,0.49334290576826517
fulludp,0.375,residual_cosine_q4,q1,150,-0.24772388458251954,-0.3612231712341309,-0.3454218168516417,-0.48020687618771113,0.22627186130832982,-2.111682891845703,-0.000288391908009847,0.26666666666666666,0.2023705573107324,0.26666666666666666,85,340.0,0.6433254410473084
fulludp,0.375,residual_cosine_q4,q2,150,0.14780529022216796,0.05667943827311198,-0.07723602088722023,-0.2165202862507588,0.3209529567409206,-2.754344940185547,4.941225051879883e-05,0.6,0.5200476798506318,0.6,34,136.0,0.3000033880832556
fulludp,0.375,residual_cosine_q4,q3,150,0.37400845845540365,0.2821707394917806,0.38064399925438136,0.24290689262183937,0.35162229795713684,-3.2007598876953125,0.0002444124221801758,0.7533333333333333,0.6785952428848271,0.7533333333333333,20,80.0,0.1969815064476629
fulludp,0.375,residual_cosine_q4,q4,150,0.7512506103515625,0.656123841603597,0.6569611832902238,0.4369848431767644,0.8406993762866871,-1.8284225463867188,0.0003909734884897868,0.8866666666666667,0.8259959574322895,0.8866666666666667,11,44.0,0.12653698526598403
fulludp,0.375,haze_density_q4,q1,150,0.5267590204874675,0.41941029230753585,0.42053351531157623,0.21083166277086415,0.71198355185019,-3.2007598876953125,0.00025336941083272296,0.7666666666666667,0.6928407309593593,0.7666666666666667,28,112.0,0.25655860836755046
fulludp,0.375,haze_density_q4,q2,150,0.2762033716837565,0.154844757715861,0.28563489140690984,0.06918860512810784,0.3834627512338999,-2.111682891845703,0.0002093664805094401,0.6266666666666667,0.5470043657114055,0.6266666666666667,37,148.0,0.3214047571151728
fulludp,0.375,haze_density_q4,q3,150,0.1877505366007487,0.09704593594868978,-0.008963765324773016,-0.197409421044427,0.2092938809781461,-1.8284225463867188,-3.742774327596028e-05,0.6066666666666667,0.5267647239233271,0.6066666666666667,36,144.0,0.31429285227428927
fulludp,0.375,haze_density_q4,q4,150,0.03462754567464193,-0.06759440549214682,0.2053169044288429,0.06913457818933437,-0.04054033434068834,-1.9358749389648438,-2.890189488728841e-05,0.5066666666666667,0.4274957452416098,0.5066666666666667,49,196.0,0.40523296099510275
fulludp,0.375,haze_density_p90_q4,q1,150,0.5309211095174153,0.3847322889963786,0.5486108419057485,0.25762397663013353,0.5969384683145059,-3.2007598876953125,0.00024653275807698567,0.7133333333333334,0.6363493407951355,0.7133333333333334,32,128.0,0.28562201640838675
fulludp,0.375,haze_density_p90_q4,q2,163,0.27917598654156084,0.19220618031507622,0.12499232292175293,-0.11203813076019287,0.4729985237121582,-1.8284225463867188,0.00016215205923911252,0.6687116564417178,0.5933003489113351,0.6687116564417178,39,143.55828220858896,0.31028316962377206
fulludp,0.375,haze_density_p90_q4,q3,142,0.10972258070824852,0.013225885847924461,0.12219734191894531,-0.03732762200491768,0.22653143746512278,-1.7390899658203125,8.89737841109155e-05,0.5492957746478874,0.4672327915920091,0.5492957746478874,37,156.33802816901408,0.3383887700072605
fulludp,0.375,haze_density_p90_q4,q4,145,0.09018353429333917,-0.00859183278577081,0.014037609100341797,-0.16197592947218148,-0.0199485354953342,-1.9358749389648438,-0.00011437268092714507,0.5655172413793104,0.4841734516942064,0.5655172413793104,42,173.79310344827587,0.3681595393386668
fulludp,0.375,transmission_q4,q1,150,0.03462754567464193,-0.06759440549214682,0.2053169044288429,0.06913457818933437,-0.04054033434068834,-1.9358749389648438,-2.890189488728841e-05,0.5066666666666667,0.4274957452416098,0.5066666666666667,49,196.0,0.40523296099510275
fulludp,0.375,transmission_q4,q2,150,0.1877505366007487,0.09704593594868978,-0.008963765324773016,-0.197409421044427,0.2092938809781461,-1.8284225463867188,-3.742774327596028e-05,0.6066666666666667,0.5267647239233271,0.6066666666666667,36,144.0,0.31429285227428927
fulludp,0.375,transmission_q4,q3,150,0.2762033716837565,0.154844757715861,0.28563489140690984,0.06918860512810784,0.3834627512338999,-2.111682891845703,0.0002093664805094401,0.6266666666666667,0.5470043657114055,0.6266666666666667,37,148.0,0.3214047571151728
fulludp,0.375,transmission_q4,q4,150,0.5267590204874675,0.41941029230753585,0.42053351531157623,0.21083166277086415,0.71198355185019,-3.2007598876953125,0.00025336941083272296,0.7666666666666667,0.6928407309593593,0.7666666666666667,28,112.0,0.25655860836755046
fulludp,0.375,airlight_proxy_q4,q1,150,0.2492288335164388,0.14696857134501137,0.47544329875224345,0.252734222927609,0.288541639173353,-1.4140968322753906,3.1243562698364255e-05,0.5933333333333334,0.5133451744046799,0.5933333333333334,40,160.0,0.34261597429060303
fulludp,0.375,airlight_proxy_q4,q2,157,0.024732079475548615,-0.05392899239898487,0.002546995114057492,-0.13921507077339368,0.13056574112329727,-2.111682891845703,-8.302547369792962e-05,0.535031847133758,0.45710764742329546,0.535031847133758,43,164.3312101910828,0.34841700941032266
fulludp,0.375,airlight_proxy_q4,q3,143,0.23179351699935807,0.1173041103603123,-0.16017445155552457,-0.3220078686305455,0.5283536638532366,-2.754344940185547,6.634372097628933e-05,0.5944055944055944,0.512479407000864,0.5944055944055944,42,176.2237762237762,0.3729690058111708
fulludp,0.375,airlight_proxy_q4,q4,150,0.5292489115397135,0.41791014035542806,0.24818379170185811,0.0280968202126993,0.692392194593275,-3.2007598876953125,0.00038881500562032065,0.7866666666666666,0.7143779835916132,0.7866666666666666,25,100.0,0.23446724890952125
fulludp,0.375,depth_q4,q1,150,0.20058289845784505,0.10404958788553875,-0.02410594837085621,-0.1610731717702505,0.3305314553750528,-2.111682891845703,-2.871870994567871e-05,0.58,0.499983335113527,0.58,41,164.0,0.3496465555349391
fulludp,0.375,depth_q4,q2,150,0.25226309458414714,0.1563043359120687,-0.017489201313740498,-0.21346896145794841,0.6271502520586993,-1.8284225463867188,0.00014471014340718588,0.62,0.5402429290748867,0.62,35,140.0,0.3071592690406407
fulludp,0.375,depth_q4,q3,150,0.2892109807332357,0.16109876823425295,0.23082593969396642,-0.020772258655444995,0.6474775365881018,-3.2007598876953125,9.193619092305502e-05,0.6466666666666666,0.5673798898960487,0.6466666666666666,38,152.0,0.32849556010602865
fulludp,0.375,depth_q4,q4,150,0.28328350067138675,0.17106318600972495,0.35509052792110957,0.10478874928242451,0.35615683890677785,-2.754344940185547,0.0001884786287943522,0.66,0.5810413820559243,0.66,36,144.0,0.31429285227428927
fulludp,0.375,dark_channel_q4,q1,150,0.4352195103963216,0.2949083627065023,0.43727158211372996,0.21927627099526895,0.6755906182366449,-3.2007598876953125,0.00024214824040730794,0.7066666666666667,0.6293750243784035,0.7066666666666667,32,128.0,0.28562201640838675
fulludp,0.375,dark_channel_q4,q2,150,0.3412695948282878,0.22512070337931317,0.2899951934814453,0.04754004349579682,0.5990186124234587,-2.111682891845703,0.0001456904411315918,0.68,0.6016545135045653,0.68,35,140.0,0.3071592690406407
fulludp,0.375,dark_channel_q4,q3,150,0.17846234639485678,0.07463262176513673,-0.009653658480257602,-0.16054174320117848,0.29229179588524073,-1.7390899658203125,1.5068451563517253e-05,0.5733333333333334,0.49332380166580925,0.5733333333333334,36,144.0,0.31429285227428927
fulludp,0.375,dark_channel_q4,q4,150,0.07038902282714844,-0.013944858551025386,0.2038783511599979,0.02108046815202043,0.11794775885504645,-1.8284225463867188,-6.500879923502604e-06,0.5466666666666666,0.46682631163294025,0.5466666666666666,47,188.0,0.39144123843458906
fulludp,0.375,low_texture_q4,q1,150,0.2839862187703451,0.1645906505584717,-0.11600685119628906,-0.2952233804238809,0.6331538638553104,-1.8284225463867188,-2.9548009236653647e-05,0.66,0.5810413820559243,0.66,40,160.0,0.34261597429060303
fulludp,0.375,low_texture_q4,q2,150,0.26484443664550783,0.16153178723653155,0.11536551810599663,-0.0193243104058343,0.43485868299329605,-3.2007598876953125,0.00012109796206156413,0.6466666666666666,0.5673798898960487,0.6466666666666666,29,116.0,0.2638642757457893
fulludp,0.375,low_texture_q4,q3,150,0.26088197072347,0.16122596613566081,0.02184754448968011,-0.12609288241412187,0.4915421975625528,-2.0320816040039062,0.00016138037045796712,0.6133333333333333,0.5334964294452138,0.6133333333333333,34,136.0,0.3000033880832556
fulludp,0.375,low_texture_q4,q4,150,0.21562784830729168,0.07922555605570475,0.4871559143066406,0.22989758156441356,0.18840604215054899,-2.754344940185547,0.00014347592989603678,0.5866666666666667,0.5066570942317349,0.5866666666666667,47,188.0,0.39144123843458906
fulludp,0.375,edge_density_q4,q1,150,0.15267595926920574,0.019232619603474936,-0.06063935563370988,-0.31161341538300386,0.271706452240815,-3.2007598876953125,-8.22758674621582e-05,0.54,0.46023676745464287,0.54,55,219.99999999999997,0.4462191070614596
fulludp,0.375,edge_density_q4,q2,150,0.3529779688517253,0.2489752089182536,0.29888776830724767,0.09349386627609665,0.463648306356894,-2.0320816040039062,0.00022260387738545735,0.66,0.5810413820559243,0.66,30,120.0,0.27114275543136385
fulludp,0.375,edge_density_q4,q3,150,0.31472049713134764,0.23284121640523275,0.31996520789893895,0.12383836797765783,0.6219390662940772,-1.1613502502441406,0.00012594262758890788,0.6733333333333333,0.5947670390048972,0.6733333333333333,28,112.0,0.25655860836755046
fulludp,0.375,edge_density_q4,q4,150,0.20496604919433595,0.10192117691040038,0.1300612784720756,-0.07184798781936232,0.3984010026261613,-1.9358749389648438,0.00013013561566670737,0.6333333333333333,0.5537808929385404,0.6333333333333333,37,148.0,0.3214047571151728
fulludp,0.375,sky_highlight_proxy_q4,q1,150,0.4031992212931315,0.2936078383127848,0.38874749879579285,0.1500025543006691,0.5296897888183594,-2.754344940185547,0.00024581074714660647,0.6733333333333333,0.5947670390048972,0.6733333333333333,37,148.0,0.3214047571151728
fulludp,0.375,sky_highlight_proxy_q4,q2,150,0.42187361399332685,0.30977018038431803,0.4049294445965741,0.15858894038844754,0.5094737491092166,-3.2007598876953125,0.00018868525822957356,0.72,0.6433420194970179,0.72,28,112.0,0.25655860836755046
fulludp,0.375,sky_highlight_proxy_q4,q3,150,0.1776475397745768,0.08717799949645996,0.02752082412307327,-0.13210377306551546,0.3363804172825169,-1.7390899658203125,3.864208857218424e-05,0.6066666666666667,0.5267647239233271,0.6066666666666667,38,152.0,0.32849556010602865
fulludp,0.375,sky_highlight_proxy_q4,q4,150,0.022620099385579427,-0.0696889788309733,0.021189663861248945,-0.11881008921442805,0.08857056901261613,-1.8284225463867188,-7.673184076944986e-05,0.5066666666666667,0.4274957452416098,0.5066666666666667,47,188.0,0.39144123843458906
fulludp,0.375,split,val_hard,300,0.18555791854858397,0.10913996251424155,0.09971778869628906,-0.038081447601318354,0.3020250956217448,-1.8284225463867188,5.069315433502197e-05,0.59,0.5335471696907381,0.59,83,166.0,0.32987096334735366
fulludp,0.375,split,val_regular,300,0.3271123186747233,0.23870888773600263,0.1643858591715495,0.03491248957316081,0.5849674479166667,-3.2007598876953125,0.00014750997225443523,0.6633333333333333,0.6080909561297257,0.6633333333333333,67,134.0,0.2737920696563328
fulludp,0.5,A0-PSNR_q4,q1,150,0.14271812438964843,0.001500855127970379,0.17994282696698163,-0.0022976385580526755,0.13006540246911952,-2.427490234375,-0.00019161343574523924,0.52,0.44055093659797023,0.52,57,228.0,0.4597570709251133
fulludp,0.5,A0-PSNR_q4,q2,150,0.15413106282552083,0.02679360071818034,0.2630012099807327,0.002736158628721503,0.06371915662610853,-2.3404998779296875,4.204114278157552e-06,0.5533333333333333,0.47342972849954784,0.5533333333333333,48,192.0,0.39834548649543466
fulludp,0.5,A0-PSNR_q4,q3,150,0.21368263244628907,0.06995213572184246,-0.08968507921373522,-0.33616811906969224,0.14798231382627744,-2.5727462768554688,3.67577870686849e-05,0.5866666666666667,0.5066570942317349,0.5866666666666667,49,196.0,0.40523296099510275
fulludp,0.5,A0-PSNR_q4,q4,150,0.39354522705078127,0.22866622797648115,0.46500376108530406,0.09961316907728046,0.6122101448677681,-4.4059295654296875,0.00015763680140177408,0.6866666666666666,0.6085587615654109,0.6866666666666666,41,164.0,0.3496465555349391
fulludp,0.5,Expert-A0_diff_signed_q4,q1,150,0.1494699478149414,0.018702112197875986,0.09942049593538851,-0.15899522368972366,0.4008781845505173,-2.404865264892578,-0.00025952776273091636,0.5266666666666666,0.4470991159595076,0.5266666666666666,58,232.0,0.4665035705547861
fulludp,0.5,Expert-A0_diff_signed_q4,q2,150,0.13086896260579428,0.010967465082804361,0.14007083789722338,-0.10182501303183064,0.36549459921347127,-2.3404998779296875,-3.763397534688314e-05,0.52,0.44055093659797023,0.52,56,224.0,0.4529956342885945
fulludp,0.5,Expert-A0_diff_signed_q4,q3,150,0.3715237553914388,0.22887020937601726,0.36790822003338786,0.10400602753097947,0.44097900390625,-3.641582489013672,0.0001789736747741699,0.6533333333333333,0.5742027248462459,0.6533333333333333,40,160.0,0.34261597429060303
fulludp,0.5,Expert-A0_diff_signed_q4,q4,150,0.2522143809000651,0.09475014114379883,0.1573640978014147,-0.09365920247258365,0.3997797579378695,-4.4059295654296875,0.00012517333030700683,0.6466666666666666,0.5673798898960487,0.6466666666666666,41,164.0,0.3496465555349391
fulludp,0.5,Expert-A0_diff_abs_q4,q1,150,0.320682373046875,0.17338680775960288,-0.03734021573453336,-0.3530629957044447,0.6291421426309122,-4.4059295654296875,0.00012662808100382487,0.64,0.5605726755123628,0.64,43,172.0,0.36365065920486445
fulludp,0.5,Expert-A0_diff_abs_q4,q2,150,0.21757038116455077,0.0764186414082845,0.4234512432201489,0.18270218565657334,0.09690918793549409,-3.641582489013672,-2.217253049214681e-05,0.6,0.5200476798506318,0.6,43,172.0,0.36365065920486445
fulludp,0.5,Expert-A0_diff_abs_q4,q3,150,0.19290303548177085,0.06694928232828776,-0.018029805776235218,-0.20813906128342086,0.40078487911739863,-3.015766143798828,9.19938087463379e-05,0.5666666666666667,0.4866784070665957,0.5666666666666667,54,216.0,0.4394273244876372
fulludp,0.5,Expert-A0_diff_abs_q4,q4,150,0.17292125701904296,0.0392984536488851,0.21169878985430743,0.03912223867467935,0.30860127629460515,-2.404865264892578,-0.00018946409225463866,0.54,0.46023676745464287,0.54,55,219.99999999999997,0.4462191070614596
fulludp,0.5,expert_fulludp_disagreement_q4,q1,150,0.6506586710611979,0.5330469748179119,0.7368066117570207,0.45563048285406993,0.7638547742688978,-1.4514656066894531,0.00025440772374471027,0.74,0.6644342013432283,0.74,24,96.0,0.227041057343522
fulludp,0.5,expert_fulludp_disagreement_q4,q2,150,0.3107209650675456,0.1872510611216227,0.47224080884778824,0.2801051062506599,0.03560215718037373,-2.718364715576172,0.00016269961992899576,0.6533333333333333,0.5742027248462459,0.6533333333333333,40,160.0,0.34261597429060303
fulludp,0.5,expert_fulludp_disagreement_q4,q3,150,0.08084391276041666,-0.050991183598836226,0.15834911449535474,-0.05979371457486538,-0.07017310889991554,-4.4059295654296875,-6.309390068054199e-05,0.54,0.46023676745464287,0.54,56,224.0,0.4529956342885945
fulludp,0.5,expert_fulludp_disagreement_q4,q4,150,-0.13814650217692057,-0.2982083873748779,0.05693956323572107,-0.132222876677642,0.04513178644953547,-3.015766143798828,-0.0003470281759897868,0.41333333333333333,0.3376520916836594,0.41333333333333333,75,300.0,0.5790112953091499
fulludp,0.5,residual_cosine_q4,q1,150,-0.4386305236816406,-0.575749179204305,-0.4894888594343856,-0.6683088508812157,0.019335669440192146,-3.015766143798828,-0.0005063315232594808,0.24,0.17869214008148446,0.24,101,404.0,0.7432429660912536
fulludp,0.5,residual_cosine_q4,q2,150,0.0737429428100586,-0.045885557174682616,-0.1586437225341797,-0.3457202112352526,0.21053272969013936,-3.641582489013672,-8.561889330546061e-05,0.5333333333333333,0.4536610487975692,0.5333333333333333,49,196.0,0.40523296099510275
fulludp,0.5,residual_cosine_q4,q3,150,0.357562624613444,0.23647061983744305,0.4540053187189875,0.27783394117613097,0.2489059035842483,-4.4059295654296875,0.00019600470860799154,0.7066666666666667,0.6293750243784035,0.7066666666666667,30,120.0,0.27114275543136385
fulludp,0.5,residual_cosine_q4,q4,150,0.9114020029703777,0.7835612710316976,0.8595908912452491,0.5640627551723171,0.917616148252745,-2.427490234375,0.00040293097496032717,0.8666666666666667,0.8030184935523371,0.8666666666666667,15,60.0,0.15843607448060176
fulludp,0.5,haze_density_q4,q1,150,0.5021826299031575,0.3553406499226888,0.45391294118520376,0.16876238487862252,0.6601642917942356,-4.4059295654296875,0.00021110296249389647,0.7266666666666667,0.6503534444650609,0.7266666666666667,34,136.0,0.3000033880832556
fulludp,0.5,haze_density_q4,q2,150,0.25475594838460286,0.09561319986979168,0.34792116526010874,0.05496170198595202,0.30739366686021957,-3.015766143798828,0.00015144785245259604,0.5866666666666667,0.5066570942317349,0.5866666666666667,47,188.0,0.39144123843458906
fulludp,0.5,haze_density_q4,q3,150,0.173589719136556,0.05673085594177247,-0.0320966050431535,-0.28378595145973,0.12450914125184755,-2.427490234375,-0.00017626007397969563,0.5666666666666667,0.4866784070665957,0.5666666666666667,52,208.0,0.4257972751537541
fulludp,0.5,haze_density_q4,q4,150,-0.026451250712076824,-0.1614291343688965,0.2421198148985167,0.06744560293249181,-0.1987660382245038,-2.5727462768554688,-0.00017930547396341958,0.4666666666666667,0.3886591247406171,0.4666666666666667,62,248.0,0.49334290576826517
fulludp,0.5,haze_density_p90_q4,q1,150,0.5070174662272136,0.31458913612365724,0.6582256007838894,0.26540645393165385,0.5052529412346918,-4.4059295654296875,0.000205995241800944,0.68,0.6016545135045653,0.68,41,164.0,0.3496465555349391
fulludp,0.5,haze_density_p90_q4,q2,163,0.2539081105425314,0.13553593524394592,0.1261390209197998,-0.1873769736289978,0.4337599754333496,-2.427490234375,7.50053148328161e-05,0.6441717791411042,0.5681281434190135,0.6441717791411042,48,176.68711656441718,0.3685373598507111
fulludp,0.5,haze_density_p90_q4,q3,142,0.06872773506272008,-0.06238100293656469,0.13318121773856026,-0.08144851412091937,0.17344120570591517,-2.3404998779296875,-7.919442485755598e-06,0.49295774647887325,0.41200167331950344,0.49295774647887325,51,215.49295774647888,0.440816551148381
fulludp,0.5,haze_density_p90_q4,q4,145,0.05801777017527613,-0.07092696222765693,-0.010658582051595053,-0.23523151079813634,-0.13607904646131727,-2.5727462768554688,-0.0002824331152028051,0.5172413793103449,0.4365154803728679,0.5172413793103449,55,227.58620689655172,0.46043977966694927
fulludp,0.5,transmission_q4,q1,150,-0.026451250712076824,-0.1614291343688965,0.2421198148985167,0.06744560293249181,-0.1987660382245038,-2.5727462768554688,-0.00017930547396341958,0.4666666666666667,0.3886591247406171,0.4666666666666667,62,248.0,0.49334290576826517
fulludp,0.5,transmission_q4,q2,150,0.173589719136556,0.05673085594177247,-0.0320966050431535,-0.28378595145973,0.12450914125184755,-2.427490234375,-0.00017626007397969563,0.5666666666666667,0.4866784070665957,0.5666666666666667,52,208.0,0.4257972751537541
fulludp,0.5,transmission_q4,q3,150,0.25475594838460286,0.09561319986979168,0.34792116526010874,0.05496170198595202,0.30739366686021957,-3.015766143798828,0.00015144785245259604,0.5866666666666667,0.5066570942317349,0.5866666666666667,47,188.0,0.39144123843458906
fulludp,0.5,transmission_q4,q4,150,0.5021826299031575,0.3553406499226888,0.45391294118520376,0.16876238487862252,0.6601642917942356,-4.4059295654296875,0.00021110296249389647,0.7266666666666667,0.6503534444650609,0.7266666666666667,34,136.0,0.3000033880832556
fulludp,0.5,airlight_proxy_q4,q1,150,0.2629300816853841,0.12465324211120606,0.6168711378767684,0.3127628996565535,0.23452377319335938,-1.9999656677246094,-4.583239555358887e-05,0.56,0.48004707281221837,0.56,51,204.00000000000003,0.4189586179440758
fulludp,0.5,airlight_proxy_q4,q2,157,-0.050858527991422424,-0.15510826779019302,-0.02040867927746895,-0.20769806641798752,0.008609380477514023,-3.015766143798828,-0.00025199097432907977,0.49044585987261147,0.413414984291584,0.49044585987261147,62,236.94267515923568,0.47300288054411965
fulludp,0.5,airlight_proxy_q4,q3,143,0.18609568455836156,0.037950893882271304,-0.24375087193080358,-0.4587982313973563,0.49460601806640625,-3.641582489013672,-5.565573285509656e-05,0.5594405594405595,0.47757133478487557,0.5594405594405595,52,218.1818181818182,0.44509243913661795
fulludp,0.5,airlight_proxy_q4,q4,150,0.5169676717122396,0.3707520955403646,0.2738904179753484,-0.025528686111037764,0.6273078918457031,-4.4059295654296875,0.00036962668100992837,0.74,0.6644342013432283,0.74,30,120.0,0.27114275543136385
fulludp,0.5,depth_q4,q1,150,0.16815725962320963,0.0404073174794515,-0.06270913820008973,-0.238086563832051,0.23581180057010134,-3.015766143798828,-0.00016595522562662762,0.54,0.46023676745464287,0.54,55,219.99999999999997,0.4462191070614596
fulludp,0.5,depth_q4,q2,150,0.23171473185221353,0.1078013947804769,-0.04852171201963682,-0.3085920153437434,0.6315530313027872,-2.427490234375,8.244872093200684e-05,0.5866666666666667,0.5066570942317349,0.5866666666666667,45,180.0,0.3775812895702717
fulludp,0.5,depth_q4,q3,150,0.2718819808959961,0.10933360544840495,0.2786977097794816,-0.05675901722263642,0.5996744310533678,-4.4059295654296875,-8.98122787475586e-06,0.62,0.5402429290748867,0.62,47,188.0,0.39144123843458906
fulludp,0.5,depth_q4,q4,150,0.2323230743408203,0.07722204717000326,0.43351910565350504,0.08930833919628248,0.19520311097841006,-3.641582489013672,9.947299957275391e-05,0.6,0.5200476798506318,0.6,48,192.0,0.39834548649543466
fulludp,0.5,dark_channel_q4,q1,150,0.41862120310465495,0.2420940424601237,0.557154114181931,0.25979956549567146,0.6053808057630384,-4.4059295654296875,0.0002088785171508789,0.6666666666666666,0.5878960768592671,0.6666666666666666,37,148.0,0.3214047571151728
fulludp,0.5,dark_channel_q4,q2,150,0.34218240102132164,0.1897256800333659,0.3507465156348976,0.02718255326554582,0.5828811026908256,-3.015766143798828,7.854620615641276e-05,0.6533333333333333,0.5742027248462459,0.6533333333333333,46,184.0,0.38451993838498993
fulludp,0.5,dark_channel_q4,q3,150,0.13576201121012368,0.0011515611012776793,-0.03846374717918602,-0.24130911440462677,0.18546418885926944,-2.3404998779296875,-0.00011031428972880045,0.5333333333333333,0.4536610487975692,0.5333333333333333,52,208.0,0.4257972751537541
fulludp,0.5,dark_channel_q4,q4,150,0.007511431376139323,-0.10310654258728028,0.23878875938621727,0.004616167738630965,-0.011651322648331925,-2.427490234375,-0.00017012516657511392,0.49333333333333335,0.41449536043021934,0.49333333333333335,60,240.0,0.4799523201493683
fulludp,0.5,low_texture_q4,q1,150,0.2400066375732422,0.08656690915425619,-0.19108292863175674,-0.42973122210116,0.5833270098711993,-2.427490234375,-0.00017171184221903484,0.62,0.5402429290748867,0.62,47,188.0,0.39144123843458906
fulludp,0.5,low_texture_q4,q2,150,0.2381310272216797,0.0971078987121582,0.1272068539181271,-0.048816851023081184,0.33882904052734375,-4.4059295654296875,3.498673439025879e-05,0.5933333333333334,0.5133451744046799,0.5933333333333334,42,168.00000000000003,0.35665798050298214
fulludp,0.5,low_texture_q4,q3,150,0.24191978454589844,0.11001750373840331,-0.010667130753800675,-0.20773490957311683,0.4544284923656567,-2.718364715576172,8.329987525939941e-05,0.5666666666666667,0.4866784070665957,0.5666666666666667,50,200.0,0.4121039231407327
fulludp,0.5,low_texture_q4,q4,150,0.18401959737141926,0.002434931437174486,0.6341802236196157,0.28917327829309414,0.02731127352327914,-3.641582489013672,6.0410499572753905e-05,0.5666666666666667,0.4866784070665957,0.5666666666666667,56,224.0,0.4529956342885945
fulludp,0.5,edge_density_q4,q1,150,0.06568328857421875,-0.11160000038146971,-0.10698545301282728,-0.4474141430210423,0.09593365643475507,-4.4059295654296875,-0.00027852853139241537,0.5066666666666667,0.4274957452416098,0.5066666666666667,65,260.0,0.5133215929334043
fulludp,0.5,edge_density_q4,q2,150,0.34845771789550783,0.21494778442382814,0.3688594715015308,0.08953437547425966,0.37087208515888936,-2.718364715576172,0.0001457389195760091,0.6266666666666667,0.5470043657114055,0.6266666666666667,42,168.00000000000003,0.35665798050298214
fulludp,0.5,edge_density_q4,q3,150,0.3142230733235677,0.20352257029215495,0.3946337313265414,0.1357070355801969,0.6040398881242082,-1.6065750122070312,6.132761637369792e-05,0.62,0.5402429290748867,0.62,41,164.0,0.3496465555349391
fulludp,0.5,edge_density_q4,q4,150,0.1757129669189453,0.04740942573547363,0.14552472088788007,-0.12803227192646746,0.33321854874894424,-2.5727462768554688,7.844726244608562e-05,0.5933333333333334,0.5133451744046799,0.5933333333333334,47,188.0,0.39144123843458906
fulludp,0.5,sky_highlight_proxy_q4,q1,150,0.41359879811604816,0.2705822257995606,0.5027585931726404,0.17824176324380414,0.4474752271497572,-3.641582489013672,0.00021698872248331706,0.64,0.5605726755123628,0.64,42,168.00000000000003,0.35665798050298214
fulludp,0.5,sky_highlight_proxy_q4,q2,150,0.4144631958007812,0.25808186340332034,0.4749000136916702,0.13512943886421822,0.40542953078811234,-4.4059295654296875,0.00011873086293538412,0.6933333333333334,0.61548006161501,0.6933333333333334,39,156.0,0.33556579865677183
fulludp,0.5,sky_highlight_proxy_q4,q3,150,0.12348317464192708,0.005442343393961593,0.0032817737476245777,-0.20539778632086675,0.24429723378774282,-2.3404998779296875,-8.97363821665446e-05,0.5666666666666667,0.4866784070665957,0.5666666666666667,52,208.0,0.4257972751537541
fulludp,0.5,sky_highlight_proxy_q4,q4,150,-0.04746812184651693,-0.16812862396240233,0.0035878258782464103,-0.1839648556064915,-0.04057672861460093,-2.427490234375,-0.00023899793624877928,0.44666666666666666,0.36942665000842445,0.44666666666666666,62,248.0,0.49334290576826517
fulludp,0.5,split,val_hard,300,0.18096312840779621,0.07730634053548179,0.1055835215250651,-0.07509507878621417,0.29074951171875,-2.427490234375,-6.34704033533732e-05,0.55,0.49342456648184296,0.55,101,202.0,0.39190904387027425
fulludp,0.5,split,val_regular,300,0.27107539494832356,0.15398526096343995,0.15981895446777344,-0.010112508138020828,0.5136624145507812,-4.4059295654296875,6.696303685506185e-05,0.6233333333333333,0.5672673858683439,0.6233333333333333,94,188.0,0.36790334651041734
fulludp,0.75,A0-PSNR_q4,q1,150,0.11751987457275391,-0.09150681368509929,0.21006945017221812,-0.06176904729894689,0.05380609873178843,-4.011661529541016,-0.0007142166296641032,0.5,0.4209887046908502,0.5,66,264.0,0.5199529271877817
fulludp,0.75,A0-PSNR_q4,q2,150,0.0022933451334635415,-0.17689446894327798,0.20834690815693624,-0.16397088025067302,-0.178252142828864,-3.509784698486328,-0.00036848068237304687,0.44666666666666666,0.36942665000842445,0.44666666666666666,66,264.0,0.5199529271877817
fulludp,0.75,A0-PSNR_q4,q3,150,-0.056663920084635416,-0.25929105885823567,-0.3900215561325486,-0.7498642534823031,-0.27159685701937286,-3.785369873046875,-0.000360405445098877,0.5,0.4209887046908502,0.5,70,280.0,0.5463389512024308
fulludp,0.75,A0-PSNR_q4,q4,150,-0.08486930847167969,-0.3103252817789713,0.17585094555004224,-0.31342158961940453,0.10066501514331715,-6.58233642578125,-8.341789245605469e-05,0.5466666666666666,0.46682631163294025,0.5466666666666666,54,216.0,0.4394273244876372
fulludp,0.75,Expert-A0_diff_signed_q4,q1,150,-0.0024309666951497395,-0.19662357711791992,0.062125850368190454,-0.3125095315881678,0.12832858111407305,-4.011661529541016,-0.000844800074895223,0.47333333333333333,0.39509757671394596,0.47333333333333333,69,276.0,0.5397632325453572
fulludp,0.75,Expert-A0_diff_signed_q4,q2,150,-0.08958660125732422,-0.2739632536570231,0.10926184783110747,-0.2653261571317106,0.0008272738070101352,-3.8587799072265625,-0.00045769294102986655,0.42,0.34397871737684205,0.42,72,288.0,0.5594490634020298
fulludp,0.75,Expert-A0_diff_signed_q4,q3,150,0.10943501790364583,-0.08746752548217772,0.41704765526024073,0.03220949172973633,-0.04615989891258446,-5.2710723876953125,-0.00011303901672363281,0.56,0.48004707281221837,0.56,54,216.0,0.4394273244876372
fulludp,0.75,Expert-A0_diff_signed_q4,q4,150,-0.03913745880126953,-0.25210086822509764,0.11798667907714844,-0.25482331611014697,-0.1698095991804793,-6.58233642578125,-0.00011098861694335937,0.54,0.46023676745464287,0.54,61,244.0,0.48665482559532014
fulludp,0.75,Expert-A0_diff_abs_q4,q1,150,-0.01828277587890625,-0.23464074707031246,-0.19943000174857475,-0.6466171522398253,0.11660498541754645,-6.58233642578125,-0.00010811408360799153,0.5533333333333333,0.47342972849954784,0.5533333333333333,55,219.99999999999997,0.4462191070614596
fulludp,0.75,Expert-A0_diff_abs_q4,q2,150,-0.020609957377115885,-0.23494631512959796,0.5320184552991712,0.18591238743550068,-0.5681170901736697,-5.2710723876953125,-0.0003771185874938965,0.5,0.4209887046908502,0.5,65,260.0,0.5133215929334043
fulludp,0.75,Expert-A0_diff_abs_q4,q3,150,-0.01576745351155599,-0.19810683250427247,-0.1289279525344436,-0.4111175743309227,0.009872127223659205,-4.780788421630859,-0.00025449196497599286,0.4666666666666667,0.3886591247406171,0.4666666666666667,67,268.0,0.5265702715004522
fulludp,0.75,Expert-A0_diff_abs_q4,q4,150,0.03294017791748047,-0.17676222546895343,0.2128316002923089,-0.043571977357606616,-0.000770362647804054,-4.011661529541016,-0.0007867960135142008,0.47333333333333333,0.39509757671394596,0.47333333333333333,69,276.0,0.5397632325453572
fulludp,0.75,expert_fulludp_disagreement_q4,q1,150,0.4962620035807292,0.3134174124399821,1.04131234658731,0.5903524656553526,0.3443911784404033,-2.954601287841797,9.5289945602417e-05,0.6333333333333333,0.5537808929385404,0.6333333333333333,40,160.0,0.34261597429060303
fulludp,0.75,expert_fulludp_disagreement_q4,q2,150,0.11998864491780599,-0.0586620184580485,0.6038395134178368,0.3192009358792692,-0.6028235151961043,-4.028331756591797,-9.175976117451986e-05,0.5866666666666667,0.5066570942317349,0.5866666666666667,55,219.99999999999997,0.4462191070614596
fulludp,0.75,expert_fulludp_disagreement_q4,q3,150,-0.18672494252522787,-0.3805378341674805,0.1248142654831345,-0.20593689583443306,-0.7044953011177681,-6.58233642578125,-0.0004913600285847982,0.43333333333333335,0.35667455895269157,0.43333333333333335,73,292.0,0.5659835143549715
fulludp,0.75,expert_fulludp_disagreement_q4,q4,150,-0.451245714823405,-0.6784587580362955,-0.021968841552734375,-0.28637159192884293,-0.45976979023701436,-4.780788421630859,-0.0010386908054351807,0.34,0.2690321465825542,0.34,88,352.0,0.6623479083163406
fulludp,0.75,residual_cosine_q4,q1,150,-0.9492047882080078,-1.137795410792033,-0.8133639258307379,-1.0676441888551456,-0.7410082430452913,-4.780788421630859,-0.0011163477102915445,0.16,0.10993931727556672,0.16,117,468.0,0.8388407052323733
fulludp,0.75,residual_cosine_q4,q2,150,-0.24505970001220703,-0.4028253072102865,-0.39119065774453654,-0.6713838061770877,-0.2889906393515097,-5.2710723876953125,-0.0005743153889973959,0.4066666666666667,0.33133978704521405,0.4066666666666667,71,284.0,0.5529008840404923
fulludp,0.75,residual_cosine_q4,q3,150,0.1194400151570638,-0.0503243007659912,0.5064944189948004,0.2607269957258895,-0.23936194342535896,-6.58233642578125,-8.841832478841146e-05,0.6133333333333333,0.5334964294452138,0.6133333333333333,47,188.0,0.39144123843458906
fulludp,0.75,residual_cosine_q4,q4,150,1.0531044642130534,0.8518719685872396,1.2228587898048195,0.7843174393112595,0.6973431561444257,-3.5712738037109375,0.00025256077448527017,0.8133333333333334,0.7434413916324496,0.8133333333333334,21,84.00000000000001,0.20455343144015736
fulludp,0.75,haze_density_q4,q1,150,0.1492202377319336,-0.06320492553710935,0.3327096990636877,-0.1116250708296492,0.15903854370117188,-6.58233642578125,-5.8539708455403645e-05,0.58,0.499983335113527,0.58,48,192.0,0.39834548649543466
fulludp,0.75,haze_density_q4,q2,150,0.046692186991373695,-0.1832814572652181,0.4221121813799884,-0.024334044069857206,-0.12597934619800463,-4.780788421630859,-0.00015012065569559732,0.4866666666666667,0.4080157160222476,0.4866666666666667,67,268.0,0.5265702715004522
fulludp,0.75,haze_density_q4,q3,150,0.031023953755696613,-0.13960840225219726,-0.10888331645243876,-0.4804379540520745,-0.2515805218670819,-3.5712738037109375,-0.0006363538901011149,0.5133333333333333,0.43401648564502837,0.5133333333333333,65,260.0,0.5133215929334043
fulludp,0.75,haze_density_q4,q4,150,-0.24865638732910156,-0.4485371634165446,0.25551868129420924,0.022085818728885143,-0.6941245826514991,-4.011661529541016,-0.0006815063953399659,0.41333333333333333,0.3376520916836594,0.41333333333333333,76,304.0,0.5855046395697807
fulludp,0.75,haze_density_p90_q4,q1,150,0.15676410675048827,-0.10825838406880696,0.7290145770923512,0.14610041025522602,-0.06120743622650971,-6.58233642578125,-5.267461140950521e-05,0.5733333333333334,0.49332380166580925,0.5733333333333334,55,219.99999999999997,0.4462191070614596
fulludp,0.75,haze_density_p90_q4,q2,163,0.028564757364659223,-0.15847555230731614,0.07202033996582032,-0.37996764898300167,0.08034696578979492,-4.011661529541016,-0.000302078899430351,0.5398773006134969,0.46332455172793646,0.5398773006134969,62,228.22085889570553,0.4568411295094455
fulludp,0.75,haze_density_p90_q4,q3,142,-0.12025787460971886,-0.32315595720855284,0.10766154697963169,-0.1934338297162737,-0.10331835065569196,-3.509784698486328,-0.0003895113165949432,0.43661971830985913,0.35777709582588163,0.43661971830985913,69,291.5492957746479,0.5674045477005513
fulludp,0.75,haze_density_p90_q4,q4,145,-0.09897968686860183,-0.28956613869502623,-0.11223904291788737,-0.42621824741363523,-0.5051919089423286,-3.785369873046875,-0.0008036375045776367,0.43448275862068964,0.35652096744249173,0.43448275862068964,70,289.65517241379314,0.5634845196271321
fulludp,0.75,transmission_q4,q1,150,-0.24865638732910156,-0.4485371634165446,0.25551868129420924,0.022085818728885143,-0.6941245826514991,-4.011661529541016,-0.0006815063953399659,0.41333333333333333,0.3376520916836594,0.41333333333333333,76,304.0,0.5855046395697807
fulludp,0.75,transmission_q4,q2,150,0.031023953755696613,-0.13960840225219726,-0.10888331645243876,-0.4804379540520745,-0.2515805218670819,-3.5712738037109375,-0.0006363538901011149,0.5133333333333333,0.43401648564502837,0.5133333333333333,65,260.0,0.5133215929334043
fulludp,0.75,transmission_q4,q3,150,0.046692186991373695,-0.1832814572652181,0.4221121813799884,-0.024334044069857206,-0.12597934619800463,-4.780788421630859,-0.00015012065569559732,0.4866666666666667,0.4080157160222476,0.4866666666666667,67,268.0,0.5265702715004522
fulludp,0.75,transmission_q4,q4,150,0.1492202377319336,-0.06320492553710935,0.3327096990636877,-0.1116250708296492,0.15903854370117188,-6.58233642578125,-5.8539708455403645e-05,0.58,0.499983335113527,0.58,48,192.0,0.39834548649543466
fulludp,0.75,airlight_proxy_q4,q1,150,0.18481422424316407,-0.027582738240559894,0.8592459188925253,0.40580532744124126,-0.08750492817646749,-3.2322540283203125,-0.00032938798268636067,0.5066666666666667,0.4274957452416098,0.5066666666666667,67,268.0,0.5265702715004522
fulludp,0.75,airlight_proxy_q4,q2,157,-0.3101094118349112,-0.46623893604157074,-0.1022633772629958,-0.38216604330600834,-0.4426994323730469,-4.780788421630859,-0.0007912698824694202,0.4012738853503185,0.32784367142125215,0.4012738853503185,78,298.0891719745223,0.5741626630941786
fulludp,0.75,airlight_proxy_q4,q3,143,-0.0954208107261391,-0.28466578730336434,-0.45087607247488837,-0.7587607547215053,0.11988514491489956,-5.2710723876953125,-0.000504847589906279,0.4825174825174825,0.40215038678276555,0.4825174825174825,65,272.7272727272727,0.536281137261273
fulludp,0.75,airlight_proxy_q4,q4,150,0.2090147908528646,-0.033923833211263014,0.21051695540144638,-0.23067751961785393,0.10403700132627745,-6.58233642578125,0.00011235117912292481,0.6066666666666667,0.5267647239233271,0.6066666666666667,46,184.0,0.38451993838498993
fulludp,0.75,depth_q4,q1,150,-0.04329423268636068,-0.22163637097676595,-0.18241603954418287,-0.44086201126511027,-0.23081320685309334,-4.780788421630859,-0.0006207485993703206,0.4866666666666667,0.4080157160222476,0.4866666666666667,67,268.0,0.5265702715004522
fulludp,0.75,depth_q4,q2,150,0.027425549825032553,-0.15201752599080404,-0.14882407317290436,-0.5308350640374261,0.3164821315456081,-3.5712738037109375,-0.0002037803332010905,0.52,0.44055093659797023,0.52,62,248.0,0.49334290576826517
fulludp,0.75,depth_q4,q3,150,0.06299920399983724,-0.16072377332051593,0.32260219470874685,-0.20301931742075324,0.09733220693227407,-6.58233642578125,-0.00040215492248535156,0.5133333333333333,0.43401648564502837,0.5133333333333333,60,240.0,0.4799523201493683
fulludp,0.75,depth_q4,q4,150,-0.06885052998860677,-0.2942168032328288,0.5092379595782306,-0.00878597981220966,-0.4544547828468117,-5.2710723876953125,-0.000299836794535319,0.47333333333333333,0.39509757671394596,0.47333333333333333,67,268.0,0.5265702715004522
fulludp,0.75,dark_channel_q4,q1,150,0.15279347737630208,-0.08978479703267415,0.7515512414880701,0.27721683656847157,0.07536058168153505,-6.58233642578125,-2.5185743967692058e-05,0.5666666666666667,0.4866784070665957,0.5666666666666667,53,212.0,0.43262011010395124
fulludp,0.75,dark_channel_q4,q2,150,0.1610757064819336,-0.0559133497873942,0.39002006118362015,-0.0806982762104756,0.22479433626741976,-4.780788421630859,-0.00022458791732788086,0.56,0.48004707281221837,0.56,57,228.0,0.4597570709251133
fulludp,0.75,dark_channel_q4,q3,150,-0.09680530548095703,-0.2851727377573649,-0.13208043897474134,-0.4327215478226945,-0.3064093718657622,-3.509784698486328,-0.00054764191309611,0.4666666666666667,0.3886591247406171,0.4666666666666667,71,284.0,0.5529008840404923
fulludp,0.75,dark_channel_q4,q4,150,-0.2387838872273763,-0.39940698115030926,0.24421062984982053,-0.07247819385013064,-0.4868463052285684,-4.011661529541016,-0.0007291050752003987,0.4,0.32504190767977553,0.4,75,300.0,0.5790112953091499
fulludp,0.75,low_texture_q4,q1,150,-0.050761082967122395,-0.26141600163777673,-0.39163909087309967,-0.7365548056525153,0.12818980861354518,-3.5712738037109375,-0.0006438056627909342,0.5266666666666666,0.4470991159595076,0.5266666666666666,61,244.0,0.48665482559532014
fulludp,0.75,low_texture_q4,q2,150,0.01875568389892578,-0.19379294840494793,0.1089755393363334,-0.1427416724127692,-0.18405780276736697,-6.58233642578125,-0.0003201591968536377,0.4866666666666667,0.4080157160222476,0.4866666666666667,59,236.0,0.47323527607667293
fulludp,0.75,low_texture_q4,q3,150,0.04424952189127604,-0.13791282590230305,-0.1311343425029033,-0.4244412473730139,0.07803313796584671,-4.028331756591797,-0.0002660687764485677,0.5,0.4209887046908502,0.5,67,268.0,0.5265702715004522
fulludp,0.75,low_texture_q4,q4,150,-0.033964131673177085,-0.2899698899586995,0.8671518274255701,0.3536282307392842,-0.5975358292863175,-5.2710723876953125,-0.00029648701349894205,0.48,0.40154978216379894,0.48,69,276.0,0.5397632325453572
fulludp,0.75,edge_density_q4,q1,150,-0.30905197143554686,-0.5587748514811197,-0.25913444725242823,-0.7569621343870421,-0.5994290532292547,-6.58233642578125,-0.0009121012687683106,0.4266666666666667,0.35031956874051456,0.4266666666666667,76,304.0,0.5855046395697807
fulludp,0.75,edge_density_q4,q2,150,0.15951061248779297,-0.04377329889933268,0.4551361187084301,0.02216856157457507,-0.14372315277924408,-4.028331756591797,-0.00022693951924641928,0.54,0.46023676745464287,0.54,57,228.0,0.4597570709251133
fulludp,0.75,edge_density_q4,q3,150,0.1515988286336263,-0.008141235351562495,0.4804184887860272,0.09885983338227144,0.22165618071684967,-2.954601287841797,-0.00022191683451334635,0.5466666666666666,0.46682631163294025,0.5466666666666666,58,232.0,0.4665035705547861
fulludp,0.75,edge_density_q4,q4,150,-0.02377747853597005,-0.19914288075764972,0.1352048822351404,-0.268679564707988,-0.07510004816828547,-3.785369873046875,-0.00016556302706400552,0.48,0.40154978216379894,0.48,65,260.0,0.5133215929334043
fulludp,0.75,sky_highlight_proxy_q4,q1,150,0.23910715738932292,0.030546977996826177,0.7013410619787268,0.18491710714391765,-0.07529892792572847,-5.2710723876953125,-5.074739456176758e-06,0.5466666666666666,0.46682631163294025,0.5466666666666666,57,228.0,0.4597570709251133
fulludp,0.75,sky_highlight_proxy_q4,q2,150,0.1755377960205078,-0.05785492324829101,0.4831501728779561,-0.009337077269683008,-0.15315524951831713,-6.58233642578125,-0.0002143863836924235,0.58,0.499983335113527,0.58,51,204.00000000000003,0.4189586179440758
fulludp,0.75,sky_highlight_proxy_q4,q3,150,-0.1427953084309896,-0.31148097801208496,-0.09610304961333403,-0.40419291676701724,-0.21577051523569468,-3.509784698486328,-0.0005489718914031982,0.5,0.4209887046908502,0.5,70,280.0,0.5463389512024308
fulludp,0.75,sky_highlight_proxy_q4,q4,150,-0.2935696538289388,-0.46300628534952804,-0.06839205767657305,-0.34596038509059596,-0.5037035555452913,-3.5712738037109375,-0.0007580876350402832,0.36666666666666664,0.293773196710732,0.36666666666666664,78,312.0,0.5984502178362011
fulludp,0.75,split,val_hard,300,0.06465421676635742,-0.08433131758371988,0.07155146280924479,-0.19482433700561522,0.08789077758789063,-3.5712738037109375,-0.0004825367530186971,0.47333333333333333,0.417527991598086,0.47333333333333333,133,266.0,0.49991365887032774
fulludp,0.75,split,val_regular,300,-0.07551422119140624,-0.23862362257639566,0.06158075968424479,-0.19984835306803383,0.009042714436848958,-6.58233642578125,-0.00028072357177734376,0.5233333333333333,0.46687729355961577,0.5233333333333333,123,245.99999999999997,0.4664528303092618
fulludp,1.0,A0-PSNR_q4,q1,150,0.0048442331949869796,-0.25366310246785484,0.19781844680373734,-0.1638244448481379,-0.1824162972939981,-5.526937484741211,-0.0015091009934743245,0.49333333333333335,0.41449536043021934,0.49333333333333335,74,296.0,0.5725042547583903
fulludp,1.0,A0-PSNR_q4,q2,150,-0.29596764882405596,-0.512924415588379,0.01618746164682749,-0.4472877553991369,-0.5751367517419763,-4.606590270996094,-0.0009869595368703207,0.3933333333333333,0.31875856694108035,0.3933333333333333,83,332.0,0.6305733499915755
fulludp,1.0,A0-PSNR_q4,q3,150,-0.5505151112874349,-0.7916609497070313,-0.8295128281052048,-1.2801965146451382,-0.9436825932683172,-4.902503967285156,-0.0010234105587005615,0.38666666666666666,0.3124898876515768,0.38666666666666666,86,344.0,0.6496804312594854
fulludp,1.0,A0-PSNR_q4,q4,150,-0.8851267751057943,-1.1407286732991537,-0.43329847181165543,-0.9844044350289008,-0.7695321778993349,-8.424148559570312,-0.000527949333190918,0.3466666666666667,0.27519387418426633,0.3466666666666667,86,344.0,0.6496804312594854
fulludp,1.0,Expert-A0_diff_signed_q4,q1,150,-0.3069542566935221,-0.5573680585225423,-0.040813446044921875,-0.5172917855752481,-0.41200596577412374,-5.526937484741211,-0.001720270315806071,0.44666666666666666,0.36942665000842445,0.44666666666666666,80,320.0,0.6113408752593829
fulludp,1.0,Expert-A0_diff_signed_q4,q2,150,-0.467151616414388,-0.7117265942891439,0.009311469825538429,-0.47788459674732103,-0.6364955386599979,-5.7906341552734375,-0.0011359012126922606,0.35333333333333333,0.28137142404545956,0.35333333333333333,90,360.0,0.6749580923202244
fulludp,1.0,Expert-A0_diff_signed_q4,q3,150,-0.41248655954996744,-0.6636126931508382,0.3447985777983794,-0.12588429579863675,-0.8638606715846706,-6.705593109130859,-0.0006525397300720214,0.41333333333333333,0.3376520916836594,0.41333333333333333,76,304.0,0.5855046395697807
fulludp,1.0,Expert-A0_diff_signed_q4,q4,150,-0.5401728693644205,-0.8057798913319906,0.0002392433785103463,-0.4916656055965939,-1.0611639280576963,-8.424148559570312,-0.0005387091636657715,0.4066666666666667,0.33133978704521405,0.4066666666666667,83,332.0,0.6305733499915755
fulludp,1.0,Expert-A0_diff_abs_q4,q1,150,-0.6229669316609701,-0.8969579855600993,-0.4734317160941459,-1.0286509307655127,-0.7610815924567145,-8.424148559570312,-0.0005384488900502523,0.38666666666666666,0.3124898876515768,0.38666666666666666,81,324.0,0.6177655414136997
fulludp,1.0,Expert-A0_diff_abs_q4,q2,150,-0.4387858327229818,-0.712902177810669,0.5491475801210146,0.07772761937734245,-1.5098876953125,-6.705593109130859,-0.0009479014078776042,0.3933333333333333,0.31875856694108035,0.3933333333333333,83,332.0,0.6305733499915755
fulludp,1.0,Expert-A0_diff_abs_q4,q3,150,-0.4062793223063151,-0.6315811297098796,-0.3029192847174567,-0.681710586032352,-0.7026035205737965,-6.380851745605469,-0.000857078234354655,0.4,0.32504190767977553,0.4,85,340.0,0.6433254410473084
fulludp,1.0,Expert-A0_diff_abs_q4,q4,150,-0.25873321533203125,-0.5179495054880778,0.1374328716381176,-0.20288659430838918,-0.5439698502824113,-5.526937484741211,-0.0017039918899536134,0.44,0.36304360950970455,0.44,80,320.0,0.6113408752593829
fulludp,1.0,expert_fulludp_disagreement_q4,q1,150,0.06570107777913411,-0.18866807746887207,1.263541505143449,0.6553008569253458,-0.4668531675596495,-4.527748107910156,-0.00025214751561482746,0.4666666666666667,0.3886591247406171,0.4666666666666667,68,272.0,0.5331736883670596
fulludp,1.0,expert_fulludp_disagreement_q4,q2,150,-0.26931563059488933,-0.48574907493591307,0.643382046673749,0.279228805851292,-1.4993166536898226,-5.7906341552734375,-0.0005630751450856527,0.46,0.38223445858630034,0.46,75,300.0,0.5790112953091499
fulludp,1.0,expert_fulludp_disagreement_q4,q3,150,-0.620507672627767,-0.8768372097015381,0.010965295740076014,-0.40405653618477483,-1.6051671827161633,-8.424148559570312,-0.0011728994051615398,0.37333333333333335,0.29999705429498763,0.37333333333333335,88,352.0,0.6623479083163406
fulludp,1.0,expert_fulludp_disagreement_q4,q4,150,-0.9026430765787761,-1.1789401919047038,-0.1743053745579075,-0.48463408238178973,-1.1976707046096389,-6.380851745605469,-0.002059298356374105,0.32,0.2506441235970241,0.32,98,392.0,0.7248061258157337
fulludp,1.0,residual_cosine_q4,q1,150,-1.5744391759236653,-1.8005282122294106,-1.1757732082057644,-1.4940746693997768,-1.7892407597722233,-6.380851745605469,-0.0019513165950775146,0.13333333333333333,0.08799732892586416,0.13333333333333333,127,508.0,0.8956012072442565
fulludp,1.0,residual_cosine_q4,q2,150,-0.7492247772216797,-0.9461911989847819,-0.7027706455540013,-1.0651744790979334,-1.0467222059095227,-6.705593109130859,-0.001349791685740153,0.3,0.23240716608801576,0.3,98,392.0,0.7248061258157337
fulludp,1.0,residual_cosine_q4,q3,150,-0.3448356119791667,-0.5525163548787435,0.42840483381941513,0.1377366014429041,-1.0046697049527555,-8.424148559570312,-0.0006182320912679036,0.46,0.38223445858630034,0.46,69,276.0,0.5397632325453572
fulludp,1.0,residual_cosine_q4,q4,150,0.9417342631022135,0.677198563893636,1.5013391133901235,0.9304145890313226,0.04158824198954814,-4.630516052246094,-0.0001280800501505534,0.7266666666666667,0.6503534444650609,0.7266666666666667,35,140.0,0.3071592690406407
fulludp,1.0,haze_density_q4,q1,150,-0.5377184677124024,-0.7947321236928304,-0.07678660830935917,-0.6019634607675913,-0.7153216181574641,-8.424148559570312,-0.0005729385217030843,0.44,0.36304360950970455,0.44,75,300.0,0.5790112953091499
fulludp,1.0,haze_density_q4,q2,150,-0.3543354415893555,-0.6660868326822916,0.410749744724583,-0.18994715407087995,-0.8501291017274599,-6.380851745605469,-0.0006953966617584228,0.38,0.30623600246985916,0.38,87,348.0,0.656021282623158
fulludp,1.0,haze_density_q4,q3,150,-0.24844865163167318,-0.4610755920410156,-0.22847366333007812,-0.7047255361402357,-0.8409007304423565,-4.630516052246094,-0.0013342352708180746,0.44666666666666666,0.36942665000842445,0.44666666666666666,77,308.0,0.5919842839777524
fulludp,1.0,haze_density_q4,q4,150,-0.5862627410888672,-0.8354976024627685,0.1880900408770587,-0.0909917264371305,-1.369722624082823,-5.526937484741211,-0.001444849967956543,0.35333333333333333,0.28137142404545956,0.35333333333333333,90,360.0,0.6749580923202244
fulludp,1.0,haze_density_p90_q4,q1,150,-0.5266392008463542,-0.8487641747792561,0.5176173029719172,-0.2219260782808871,-0.9751392055202175,-8.424148559570312,-0.0005443076292673747,0.4266666666666667,0.35031956874051456,0.4266666666666667,79,315.99999999999994,0.604902423286054
fulludp,1.0,haze_density_p90_q4,q2,163,-0.39676546904207005,-0.6251824964043553,-0.05943417549133301,-0.6524422693252563,-0.5641488075256348,-5.7906341552734375,-0.0009438033484242445,0.4110429447852761,0.338402899936514,0.4110429447852761,88,323.92638036809814,0.614593665311459
fulludp,1.0,haze_density_p90_q4,q3,142,-0.4350036164404641,-0.6911020319226762,0.01728700910295759,-0.3669994136265346,-0.5730069841657366,-4.606590270996094,-0.001019733472609184,0.3873239436619718,0.3111742087239353,0.3873239436619718,81,342.2535211267606,0.6489294380378157
fulludp,1.0,haze_density_p90_q4,q4,145,-0.3694871047447468,-0.6108087079278354,-0.2806490792168511,-0.6741015487247043,-1.0164713329739041,-4.902503967285156,-0.001564309103735562,0.3931034482758621,0.31734377558655397,0.3931034482758621,81,335.17241379310343,0.6368954917342594
fulludp,1.0,transmission_q4,q1,150,-0.5862627410888672,-0.8354976024627685,0.1880900408770587,-0.0909917264371305,-1.369722624082823,-5.526937484741211,-0.001444849967956543,0.35333333333333333,0.28137142404545956,0.35333333333333333,90,360.0,0.6749580923202244
fulludp,1.0,transmission_q4,q2,150,-0.24844865163167318,-0.4610755920410156,-0.22847366333007812,-0.7047255361402357,-0.8409007304423565,-4.630516052246094,-0.0013342352708180746,0.44666666666666666,0.36942665000842445,0.44666666666666666,77,308.0,0.5919842839777524
fulludp,1.0,transmission_q4,q3,150,-0.3543354415893555,-0.6660868326822916,0.410749744724583,-0.18994715407087995,-0.8501291017274599,-6.380851745605469,-0.0006953966617584228,0.38,0.30623600246985916,0.38,87,348.0,0.656021282623158
fulludp,1.0,transmission_q4,q4,150,-0.5377184677124024,-0.7947321236928304,-0.07678660830935917,-0.6019634607675913,-0.7153216181574641,-8.424148559570312,-0.0005729385217030843,0.44,0.36304360950970455,0.44,75,300.0,0.5790112953091499
fulludp,1.0,airlight_proxy_q4,q1,150,-0.027629267374674478,-0.2888841622670491,1.0215176762761295,0.4215300482672614,-0.6440186371674409,-4.435070037841797,-0.0007829968134562174,0.4666666666666667,0.3886591247406171,0.4666666666666667,77,308.0,0.5919842839777524
fulludp,1.0,airlight_proxy_q4,q2,157,-0.6869021859138634,-0.8799604762132001,-0.2321479992988782,-0.5959843024229392,-1.0992767138358874,-6.380851745605469,-0.0015929462803397209,0.33121019108280253,0.2623933009329,0.33121019108280253,97,370.70063694267515,0.6901690452101619
fulludp,1.0,airlight_proxy_q4,q3,143,-0.5998645328975224,-0.8269489021568032,-0.7059323447091239,-1.092642661503383,-0.5917456490652901,-6.705593109130859,-0.0012208160820540849,0.34965034965034963,0.2763537399903497,0.34965034965034963,83,348.25174825174827,0.6581631153188411
fulludp,1.0,airlight_proxy_q4,q4,150,-0.40830755869547525,-0.6875736338297526,-0.06365033742543813,-0.576331630912987,-0.7741855930637669,-8.424148559570312,-0.00043329517046610514,0.47333333333333333,0.39509757671394596,0.47333333333333333,72,288.0,0.5594490634020298
fulludp,1.0,depth_q4,q1,150,-0.4253257369995117,-0.6319856872558594,-0.35285815677127325,-0.7078901265118573,-0.974268423544394,-6.380851745605469,-0.0013080994288126627,0.38666666666666666,0.3124898876515768,0.38666666666666666,83,332.0,0.6305733499915755
fulludp,1.0,depth_q4,q2,150,-0.3666244379679362,-0.5894273872375487,-0.3037560952676309,-0.7905687357928302,-0.35604765608504013,-4.630516052246094,-0.0007019301255544026,0.44,0.36304360950970455,0.44,76,304.0,0.5855046395697807
fulludp,1.0,depth_q4,q3,150,-0.33806934356689455,-0.626126272201538,0.2802739529996305,-0.40169104756535706,-0.7893073623244827,-8.424148559570312,-0.001046842336654663,0.43333333333333335,0.35667455895269157,0.43333333333333335,80,320.0,0.6113408752593829
fulludp,1.0,depth_q4,q4,150,-0.5967457834879557,-0.8801177666982015,0.4147838901829075,-0.1988306896106617,-1.3869571170291386,-6.705593109130859,-0.0009905485312143962,0.36,0.287564594473164,0.36,90,360.0,0.6749580923202244
fulludp,1.0,dark_channel_q4,q1,150,-0.35792444864908857,-0.6646456832885742,0.8584040048960093,0.2234154984757707,-0.8117112855653505,-8.424148559570312,-0.0004827419916788737,0.43333333333333335,0.35667455895269157,0.43333333333333335,76,304.0,0.5855046395697807
fulludp,1.0,dark_channel_q4,q2,150,-0.25193421681722006,-0.5124197502136231,0.25992764653386297,-0.2890205486400707,-0.4794927029996305,-6.380851745605469,-0.0007485008239746094,0.4533333333333333,0.3758236179532074,0.4533333333333333,76,304.0,0.5855046395697807
fulludp,1.0,dark_channel_q4,q3,150,-0.4956798934936523,-0.7209732761383056,-0.27124745136982686,-0.6698439881608292,-1.0781441765862543,-4.802349090576172,-0.0012280325094858806,0.4066666666666667,0.33133978704521405,0.4066666666666667,83,332.0,0.6305733499915755
fulludp,1.0,dark_channel_q4,q4,150,-0.6212267430623373,-0.8342768580118815,0.16068298752243454,-0.23107924332489838,-1.1745099248112858,-5.526937484741211,-0.001588145097096761,0.32666666666666666,0.2567570339087464,0.32666666666666666,94,376.0,0.7000029457050124
fulludp,1.0,low_texture_q4,q1,150,-0.5653466924031576,-0.8113351427714031,-0.6578700606887405,-1.0955740103850493,-0.6757886731946791,-5.400211334228516,-0.0013588527838389079,0.3933333333333333,0.31875856694108035,0.3933333333333333,80,320.0,0.6113408752593829
fulludp,1.0,low_texture_q4,q2,150,-0.3829068883260091,-0.6424758338928223,0.033967404752164275,-0.2879420332006506,-1.0152979670344173,-8.424148559570312,-0.0009133787949879964,0.38666666666666666,0.3124898876515768,0.38666666666666666,81,324.0,0.6177655414136997
fulludp,1.0,low_texture_q4,q3,150,-0.3342351786295573,-0.5591324113210042,-0.31975122400232264,-0.714086187208021,-0.6098283303750528,-5.7906341552734375,-0.0008705461025238037,0.43333333333333335,0.35667455895269157,0.43333333333333335,82,328.0,0.6241763820467926
fulludp,1.0,low_texture_q4,q4,150,-0.4442765426635742,-0.7804645805358886,0.9351208145554001,0.28914074253391575,-1.5151338319520693,-6.705593109130859,-0.0009046427408854167,0.4066666666666667,0.33133978704521405,0.4066666666666667,86,344.0,0.6496804312594854
fulludp,1.0,edge_density_q4,q1,150,-0.9124274063110351,-1.2199844659169516,-0.546395121393977,-1.1079881384566024,-1.605677114950644,-8.424148559570312,-0.0018576713403066,0.37333333333333335,0.29999705429498763,0.37333333333333335,91,364.0,0.6812414330589196
fulludp,1.0,edge_density_q4,q2,150,-0.23703717549641928,-0.5119386831919351,0.4549040407747836,-0.12454172340599264,-0.9719590882997255,-5.526937484741211,-0.000887598991394043,0.4266666666666667,0.35031956874051456,0.4266666666666667,75,300.0,0.5790112953091499
fulludp,1.0,edge_density_q4,q3,150,-0.1964580281575521,-0.3921680895487467,0.4630165615597287,-0.010379974262134443,-0.5185928344726562,-4.527748107910156,-0.0007061195373535156,0.43333333333333335,0.35667455895269157,0.43333333333333335,76,304.0,0.5855046395697807
fulludp,1.0,edge_density_q4,q4,150,-0.38084269205729165,-0.59637642288208,0.06783717387431376,-0.4638330433819745,-0.7572260676203547,-4.902503967285156,-0.0005960305531819662,0.38666666666666666,0.3124898876515768,0.38666666666666666,87,348.0,0.656021282623158
fulludp,1.0,sky_highlight_proxy_q4,q1,150,-0.15746212005615234,-0.42610646120707196,0.8342235152785843,0.13057077253187027,-0.9413598550332559,-6.705593109130859,-0.0004473567008972168,0.4666666666666667,0.3886591247406171,0.4666666666666667,75,300.0,0.5790112953091499
fulludp,1.0,sky_highlight_proxy_q4,q2,150,-0.33078898111979166,-0.6240348459879558,0.2587258622453019,-0.32882268750989757,-1.02578828141496,-8.424148559570312,-0.0007999809583028157,0.46,0.38223445858630034,0.46,73,292.0,0.5659835143549715
fulludp,1.0,sky_highlight_proxy_q4,q3,150,-0.5808074061075846,-0.7956465873718263,-0.26315415872109904,-0.6647480990435626,-0.9479883554819468,-4.606590270996094,-0.0012713499863942464,0.4,0.32504190767977553,0.4,84,336.00000000000006,0.6369563904902955
fulludp,1.0,sky_highlight_proxy_q4,q4,150,-0.6577067947387696,-0.873750805536906,-0.18906593322753906,-0.5421630910924963,-1.1686658086003483,-4.630516052246094,-0.0015287327766418458,0.29333333333333333,0.22636309522530063,0.29333333333333333,97,387.99999999999994,0.7186285759545403
fulludp,1.0,split,val_hard,300,-0.19823442459106444,-0.3718238064448039,-0.03160527547200521,-0.3754389483133952,-0.3448503112792969,-4.630516052246094,-0.0011512223879496257,0.4166666666666667,0.36227512359534986,0.4166666666666667,161,322.0,0.592275117429281
fulludp,1.0,split,val_regular,300,-0.6651482264200846,-0.8616724662780763,-0.1488209533691406,-0.517112907409668,-0.8392509460449219,-8.424148559570312,-0.0008724878231684367,0.3933333333333333,0.3397381566402702,0.3933333333333333,168,336.00000000000006,0.6150617904205288
