family,alpha,group,bin,count,mean_dPSNR,mean_bootstrap_LCB,hard_bottom25_dPSNR,hard_bootstrap_LCB,easy_top25_dPSNR,worst_dPSNR,dSSIM,positive_ratio,positive_Wilson_LCB,nonnegative_ratio,severe_loss_count,severe_loss_per_600,severe_Wilson_UCB
expert,0.0,A0-PSNR_q4,q1,150,0.0,0.0,0.0,0.0,0.0,0.0,0.0,0.0,0.0,1.0,0,0.0,0.02497113914571871
expert,0.0,A0-PSNR_q4,q2,150,0.0,0.0,0.0,0.0,0.0,0.0,0.0,0.0,0.0,1.0,0,0.0,0.02497113914571871
expert,0.0,A0-PSNR_q4,q3,150,0.0,0.0,0.0,0.0,0.0,0.0,0.0,0.0,0.0,1.0,0,0.0,0.02497113914571871
expert,0.0,A0-PSNR_q4,q4,150,0.0,0.0,0.0,0.0,0.0,0.0,0.0,0.0,0.0,1.0,0,0.0,0.02497113914571871
expert,0.0,Expert-A0_diff_signed_q4,q1,150,0.0,0.0,0.0,0.0,0.0,0.0,0.0,0.0,0.0,1.0,0,0.0,0.02497113914571871
expert,0.0,Expert-A0_diff_signed_q4,q2,150,0.0,0.0,0.0,0.0,0.0,0.0,0.0,0.0,0.0,1.0,0,0.0,0.02497113914571871
expert,0.0,Expert-A0_diff_signed_q4,q3,150,0.0,0.0,0.0,0.0,0.0,0.0,0.0,0.0,0.0,1.0,0,0.0,0.02497113914571871
expert,0.0,Expert-A0_diff_signed_q4,q4,150,0.0,0.0,0.0,0.0,0.0,0.0,0.0,0.0,0.0,1.0,0,0.0,0.02497113914571871
expert,0.0,Expert-A0_diff_abs_q4,q1,150,0.0,0.0,0.0,0.0,0.0,0.0,0.0,0.0,0.0,1.0,0,0.0,0.02497113914571871
expert,0.0,Expert-A0_diff_abs_q4,q2,150,0.0,0.0,0.0,0.0,0.0,0.0,0.0,0.0,0.0,1.0,0,0.0,0.02497113914571871
expert,0.0,Expert-A0_diff_abs_q4,q3,150,0.0,0.0,0.0,0.0,0.0,0.0,0.0,0.0,0.0,1.0,0,0.0,0.02497113914571871
expert,0.0,Expert-A0_diff_abs_q4,q4,150,0.0,0.0,0.0,0.0,0.0,0.0,0.0,0.0,0.0,1.0,0,0.0,0.02497113914571871
expert,0.0,expert_fulludp_disagreement_q4,q1,150,0.0,0.0,0.0,0.0,0.0,0.0,0.0,0.0,0.0,1.0,0,0.0,0.02497113914571871
expert,0.0,expert_fulludp_disagreement_q4,q2,150,0.0,0.0,0.0,0.0,0.0,0.0,0.0,0.0,0.0,1.0,0,0.0,0.02497113914571871
expert,0.0,expert_fulludp_disagreement_q4,q3,150,0.0,0.0,0.0,0.0,0.0,0.0,0.0,0.0,0.0,1.0,0,0.0,0.02497113914571871
expert,0.0,expert_fulludp_disagreement_q4,q4,150,0.0,0.0,0.0,0.0,0.0,0.0,0.0,0.0,0.0,1.0,0,0.0,0.02497113914571871
expert,0.0,residual_cosine_q4,q1,150,0.0,0.0,0.0,0.0,0.0,0.0,0.0,0.0,0.0,1.0,0,0.0,0.02497113914571871
expert,0.0,residual_cosine_q4,q2,150,0.0,0.0,0.0,0.0,0.0,0.0,0.0,0.0,0.0,1.0,0,0.0,0.02497113914571871
expert,0.0,residual_cosine_q4,q3,150,0.0,0.0,0.0,0.0,0.0,0.0,0.0,0.0,0.0,1.0,0,0.0,0.02497113914571871
expert,0.0,residual_cosine_q4,q4,150,0.0,0.0,0.0,0.0,0.0,0.0,0.0,0.0,0.0,1.0,0,0.0,0.02497113914571871
expert,0.0,haze_density_q4,q1,150,0.0,0.0,0.0,0.0,0.0,0.0,0.0,0.0,0.0,1.0,0,0.0,0.02497113914571871
expert,0.0,haze_density_q4,q2,150,0.0,0.0,0.0,0.0,0.0,0.0,0.0,0.0,0.0,1.0,0,0.0,0.02497113914571871
expert,0.0,haze_density_q4,q3,150,0.0,0.0,0.0,0.0,0.0,0.0,0.0,0.0,0.0,1.0,0,0.0,0.02497113914571871
expert,0.0,haze_density_q4,q4,150,0.0,0.0,0.0,0.0,0.0,0.0,0.0,0.0,0.0,1.0,0,0.0,0.02497113914571871
expert,0.0,haze_density_p90_q4,q1,150,0.0,0.0,0.0,0.0,0.0,0.0,0.0,0.0,0.0,1.0,0,0.0,0.02497113914571871
expert,0.0,haze_density_p90_q4,q2,163,0.0,0.0,0.0,0.0,0.0,0.0,0.0,0.0,0.0,1.0,0,0.0,0.023025432506041655
expert,0.0,haze_density_p90_q4,q3,142,0.0,0.0,0.0,0.0,0.0,0.0,0.0,0.0,0.0,1.0,0,0.0,0.02634090684688045
expert,0.0,haze_density_p90_q4,q4,145,0.0,0.0,0.0,0.0,0.0,0.0,0.0,0.0,0.0,1.0,0,0.0,0.025809988605336138
expert,0.0,transmission_q4,q1,150,0.0,0.0,0.0,0.0,0.0,0.0,0.0,0.0,0.0,1.0,0,0.0,0.02497113914571871
expert,0.0,transmission_q4,q2,150,0.0,0.0,0.0,0.0,0.0,0.0,0.0,0.0,0.0,1.0,0,0.0,0.02497113914571871
expert,0.0,transmission_q4,q3,150,0.0,0.0,0.0,0.0,0.0,0.0,0.0,0.0,0.0,1.0,0,0.0,0.02497113914571871
expert,0.0,transmission_q4,q4,150,0.0,0.0,0.0,0.0,0.0,0.0,0.0,0.0,0.0,1.0,0,0.0,0.02497113914571871
expert,0.0,airlight_proxy_q4,q1,150,0.0,0.0,0.0,0.0,0.0,0.0,0.0,0.0,0.0,1.0,0,0.0,0.02497113914571871
expert,0.0,airlight_proxy_q4,q2,157,0.0,0.0,0.0,0.0,0.0,0.0,0.0,0.0,0.0,1.0,0,0.0,0.02388436822314625
expert,0.0,airlight_proxy_q4,q3,143,0.0,0.0,0.0,0.0,0.0,0.0,0.0,0.0,0.0,1.0,0,0.0,0.02616152370990237
expert,0.0,airlight_proxy_q4,q4,150,0.0,0.0,0.0,0.0,0.0,0.0,0.0,0.0,0.0,1.0,0,0.0,0.02497113914571871
expert,0.0,depth_q4,q1,150,0.0,0.0,0.0,0.0,0.0,0.0,0.0,0.0,0.0,1.0,0,0.0,0.02497113914571871
expert,0.0,depth_q4,q2,150,0.0,0.0,0.0,0.0,0.0,0.0,0.0,0.0,0.0,1.0,0,0.0,0.02497113914571871
expert,0.0,depth_q4,q3,150,0.0,0.0,0.0,0.0,0.0,0.0,0.0,0.0,0.0,1.0,0,0.0,0.02497113914571871
expert,0.0,depth_q4,q4,150,0.0,0.0,0.0,0.0,0.0,0.0,0.0,0.0,0.0,1.0,0,0.0,0.02497113914571871
expert,0.0,dark_channel_q4,q1,150,0.0,0.0,0.0,0.0,0.0,0.0,0.0,0.0,0.0,1.0,0,0.0,0.02497113914571871
expert,0.0,dark_channel_q4,q2,150,0.0,0.0,0.0,0.0,0.0,0.0,0.0,0.0,0.0,1.0,0,0.0,0.02497113914571871
expert,0.0,dark_channel_q4,q3,150,0.0,0.0,0.0,0.0,0.0,0.0,0.0,0.0,0.0,1.0,0,0.0,0.02497113914571871
expert,0.0,dark_channel_q4,q4,150,0.0,0.0,0.0,0.0,0.0,0.0,0.0,0.0,0.0,1.0,0,0.0,0.02497113914571871
expert,0.0,low_texture_q4,q1,150,0.0,0.0,0.0,0.0,0.0,0.0,0.0,0.0,0.0,1.0,0,0.0,0.02497113914571871
expert,0.0,low_texture_q4,q2,150,0.0,0.0,0.0,0.0,0.0,0.0,0.0,0.0,0.0,1.0,0,0.0,0.02497113914571871
expert,0.0,low_texture_q4,q3,150,0.0,0.0,0.0,0.0,0.0,0.0,0.0,0.0,0.0,1.0,0,0.0,0.02497113914571871
expert,0.0,low_texture_q4,q4,150,0.0,0.0,0.0,0.0,0.0,0.0,0.0,0.0,0.0,1.0,0,0.0,0.02497113914571871
expert,0.0,edge_density_q4,q1,150,0.0,0.0,0.0,0.0,0.0,0.0,0.0,0.0,0.0,1.0,0,0.0,0.02497113914571871
expert,0.0,edge_density_q4,q2,150,0.0,0.0,0.0,0.0,0.0,0.0,0.0,0.0,0.0,1.0,0,0.0,0.02497113914571871
expert,0.0,edge_density_q4,q3,150,0.0,0.0,0.0,0.0,0.0,0.0,0.0,0.0,0.0,1.0,0,0.0,0.02497113914571871
expert,0.0,edge_density_q4,q4,150,0.0,0.0,0.0,0.0,0.0,0.0,0.0,0.0,0.0,1.0,0,0.0,0.02497113914571871
expert,0.0,sky_highlight_proxy_q4,q1,150,0.0,0.0,0.0,0.0,0.0,0.0,0.0,0.0,0.0,1.0,0,0.0,0.02497113914571871
expert,0.0,sky_highlight_proxy_q4,q2,150,0.0,0.0,0.0,0.0,0.0,0.0,0.0,0.0,0.0,1.0,0,0.0,0.02497113914571871
expert,0.0,sky_highlight_proxy_q4,q3,150,0.0,0.0,0.0,0.0,0.0,0.0,0.0,0.0,0.0,1.0,0,0.0,0.02497113914571871
expert,0.0,sky_highlight_proxy_q4,q4,150,0.0,0.0,0.0,0.0,0.0,0.0,0.0,0.0,0.0,1.0,0,0.0,0.02497113914571871
expert,0.0,split,val_hard,300,0.0,0.0,0.0,0.0,0.0,0.0,0.0,0.0,0.0,1.0,0,0.0,0.012643429997735661
expert,0.0,split,val_regular,300,0.0,0.0,0.0,0.0,0.0,0.0,0.0,0.0,0.0,1.0,0,0.0,0.012643429997735661
expert,0.125,A0-PSNR_q4,q1,150,1.0540487798055014,1.031158863067627,1.1090042526657518,1.0754813967524348,1.003700874947213,0.30577850341796875,0.0012744112809499105,1.0,0.9750288608542813,1.0,0,0.0,0.02497113914571871
expert,0.125,A0-PSNR_q4,q2,150,0.9755958557128906,0.947128433227539,1.0407877741633236,0.9972171938097155,0.9269313296756229,0.47379302978515625,0.0006423580646514892,1.0,0.9750288608542813,1.0,0,0.0,0.02497113914571871
expert,0.125,A0-PSNR_q4,q3,150,0.8254979960123698,0.7923767674763997,0.8878435701937288,0.7996568886009423,0.7422524529534418,-0.2422637939453125,0.0005413790543874105,0.9933333333333333,0.9632062470660242,0.9933333333333333,1,4.0,0.036793752933975674
expert,0.125,A0-PSNR_q4,q4,150,0.5867562866210938,0.545638188680013,0.7176563159839527,0.653783504382984,0.43168268976984797,-0.2539710998535156,0.00029163400332132974,0.9733333333333334,0.9334450938998244,0.9733333333333334,1,4.0,0.036793752933975674
expert,0.125,Expert-A0_diff_signed_q4,q1,150,1.0834644063313803,1.061734987258911,1.0925468238624367,1.059249310880094,1.0447311401367188,-0.2422637939453125,0.0010821791489919028,0.9933333333333333,0.9632062470660242,0.9933333333333333,1,4.0,0.036793752933975674
expert,0.125,Expert-A0_diff_signed_q4,q2,150,0.8314911651611329,0.8019555918375652,0.9137866045977618,0.8725595680443017,0.7264774425609691,0.097991943359375,0.0006020132700602213,1.0,0.9750288608542813,1.0,0,0.0,0.02497113914571871
expert,0.125,Expert-A0_diff_signed_q4,q3,150,0.6150951131184896,0.571890604019165,0.8373695579735009,0.763754195135993,0.412999642861856,-0.2539710998535156,0.0004472513993581136,0.9733333333333334,0.9334450938998244,0.9733333333333334,1,4.0,0.036793752933975674
expert,0.125,Expert-A0_diff_signed_q4,q4,150,0.9118482335408529,0.875237943649292,1.0475763372472815,1.0010901760410618,0.7101536312618771,0.2667350769042969,0.0006183385848999023,1.0,0.9750288608542813,1.0,0,0.0,0.02497113914571871
expert,0.125,Expert-A0_diff_abs_q4,q1,150,0.5402135213216146,0.5055044377644856,0.5919601852829391,0.5416341163016655,0.43168268976984797,-0.2539710998535156,0.0003041275342305501,0.9733333333333334,0.9334450938998244,0.9733333333333334,1,4.0,0.036793752933975674
expert,0.125,Expert-A0_diff_abs_q4,q2,150,0.8167762756347656,0.7901209589640299,0.7727980742583404,0.728146877804318,0.8699689298062712,0.2714195251464844,0.0005250696341196696,1.0,0.9750288608542813,1.0,0,0.0,0.02497113914571871
expert,0.125,Expert-A0_diff_abs_q4,q3,150,0.9630963134765625,0.9392459697723389,0.9190970755912162,0.8738856959987331,0.924525802199905,-0.2422637939453125,0.0006930907567342122,0.9933333333333333,0.9632062470660242,0.9933333333333333,1,4.0,0.036793752933975674
expert,0.125,Expert-A0_diff_abs_q4,q4,150,1.1218128077189127,1.1008362986246745,1.1090042526657518,1.0754813967524348,1.1899460457466744,0.8426799774169922,0.001227494478225708,1.0,0.9750288608542813,1.0,0,0.0,0.02497113914571871
expert,0.125,expert_fulludp_disagreement_q4,q1,150,0.5855284118652344,0.5474756393432617,0.735561061549831,0.6699257051622545,0.43168268976984797,-0.2539710998535156,0.0003344134489695231,0.9733333333333334,0.9334450938998244,0.9733333333333334,1,4.0,0.036793752933975674
expert,0.125,expert_fulludp_disagreement_q4,q2,150,0.8056440099080404,0.7728671283721924,0.9110846132845491,0.8499376090797218,0.7218979500435494,0.097991943359375,0.0005217683315277099,1.0,0.9750288608542813,1.0,0,0.0,0.02497113914571871
expert,0.125,expert_fulludp_disagreement_q4,q3,150,1.0004602559407552,0.9737991466522217,1.039362314585093,0.9987305770049224,0.9111571440825591,0.2714195251464844,0.0006452655792236328,1.0,0.9750288608542813,1.0,0,0.0,0.02497113914571871
expert,0.125,expert_fulludp_disagreement_q4,q4,150,1.0502662404378256,1.024262581507365,1.1080483617009342,1.0743174656017407,0.9890253221666491,-0.2422637939453125,0.001248335043589274,0.9933333333333333,0.9632062470660242,0.9933333333333333,1,4.0,0.036793752933975674
expert,0.125,residual_cosine_q4,q1,150,0.944650510152181,0.9055231698354086,1.0597073838517472,1.0246712091806773,0.7513231844515413,-0.2539710998535156,0.0008810540040334066,0.9733333333333334,0.9334450938998244,0.9733333333333334,2,8.0,0.047307856380276334
expert,0.125,residual_cosine_q4,q2,150,0.7862861506144205,0.7440974356333414,0.9733488237535631,0.9239532986202755,0.48328007878483953,-0.13434219360351562,0.000591739813486735,0.9933333333333333,0.9632062470660242,0.9933333333333333,0,0.0,0.02497113914571871
expert,0.125,residual_cosine_q4,q3,150,0.7504005813598633,0.7115398731231689,1.022440884564374,0.9764866571168642,0.4587596171611064,0.13987350463867188,0.0005364839235941569,1.0,0.9750288608542813,1.0,0,0.0,0.02497113914571871
expert,0.125,residual_cosine_q4,q4,150,0.9605616760253907,0.9259052410125732,1.134648915883657,1.097980228630272,0.7737049412082981,0.14387893676757812,0.0007405046621958415,1.0,0.9750288608542813,1.0,0,0.0,0.02497113914571871
expert,0.125,haze_density_q4,q1,150,0.6340659586588542,0.5922816975911459,0.7748708982725401,0.7133293873554952,0.42113474253061656,-0.2539710998535156,0.00045912504196166993,0.9733333333333334,0.9334450938998244,0.9733333333333334,1,4.0,0.036793752933975674
expert,0.125,haze_density_q4,q2,150,0.8458351008097331,0.801172124226888,1.046217170921532,0.9965951404056034,0.6421178869298987,-0.2422637939453125,0.0005424137910207112,0.9933333333333333,0.9632062470660242,0.9933333333333333,1,4.0,0.036793752933975674
expert,0.125,haze_density_q4,q3,150,0.9592445627848307,0.927638573328654,1.091325295938028,1.0578076903884475,0.771553761250264,0.2667350769042969,0.0007900094985961914,1.0,0.9750288608542813,1.0,0,0.0,0.02497113914571871
expert,0.125,haze_density_q4,q4,150,1.0027532958984375,0.9751201680501302,1.0811057219634186,1.0447718826500145,0.8773702673009924,0.2714195251464844,0.0009582340717315674,1.0,0.9750288608542813,1.0,0,0.0,0.02497113914571871
expert,0.125,haze_density_p90_q4,q1,150,0.633907610575358,0.5975426737467447,0.8505721736598659,0.7800567910477922,0.44375888721362966,-0.2539710998535156,0.0004058202107747396,0.9733333333333334,0.9334450938998244,0.9733333333333334,1,4.0,0.036793752933975674
expert,0.125,haze_density_p90_q4,q2,163,0.8361839341239695,0.8025373131219595,1.0226314544677735,0.9837552762031555,0.6114040374755859,-0.2422637939453125,0.0006584210629843496,0.9938650306748467,0.966070916482625,0.9938650306748467,1,3.6809815950920246,0.03392908351737489
expert,0.125,haze_density_p90_q4,q3,142,0.9700282459527674,0.9413953411747032,1.0913545880998885,1.056440497807094,0.8536485944475446,0.2667350769042969,0.000758681918533755,1.0,0.9736590931531194,1.0,0,0.0,0.02634090684688045
expert,0.125,haze_density_p90_q4,q4,145,1.0148738203377559,0.9898550882010624,1.0986561245388455,1.058233239915636,0.9021126429239908,0.2714195251464844,0.0009416473322901233,1.0,0.9741900113946637,1.0,0,0.0,0.025809988605336138
expert,0.125,transmission_q4,q1,150,1.0027532958984375,0.9751201680501302,1.0811057219634186,1.0447718826500145,0.8773702673009924,0.2714195251464844,0.0009582340717315674,1.0,0.9750288608542813,1.0,0,0.0,0.02497113914571871
expert,0.125,transmission_q4,q2,150,0.9592445627848307,0.927638573328654,1.091325295938028,1.0578076903884475,0.771553761250264,0.2667350769042969,0.0007900094985961914,1.0,0.9750288608542813,1.0,0,0.0,0.02497113914571871
expert,0.125,transmission_q4,q3,150,0.8458351008097331,0.801172124226888,1.046217170921532,0.9965951404056034,0.6421178869298987,-0.2422637939453125,0.0005424137910207112,0.9933333333333333,0.9632062470660242,0.9933333333333333,1,4.0,0.036793752933975674
expert,0.125,transmission_q4,q4,150,0.6340659586588542,0.5922816975911459,0.7748708982725401,0.7133293873554952,0.42113474253061656,-0.2539710998535156,0.00045912504196166993,0.9733333333333334,0.9334450938998244,0.9733333333333334,1,4.0,0.036793752933975674
expert,0.125,airlight_proxy_q4,q1,150,0.9761917241414388,0.947605915705363,1.095819885666306,1.0601183788196462,0.7922964353819151,0.45066070556640625,0.0005656707286834716,1.0,0.9750288608542813,1.0,0,0.0,0.02497113914571871
expert,0.125,airlight_proxy_q4,q2,157,0.9444526259306889,0.9089701488519171,1.079198250403771,1.0431886990865071,0.7532356457832532,0.2359771728515625,0.0008218930025768888,1.0,0.9761156317768539,1.0,0,0.0,0.02388436822314625
expert,0.125,airlight_proxy_q4,q3,143,0.8291472855147782,0.7923043957957021,1.0501691545758929,1.005382295336042,0.522781263078962,-0.2539710998535156,0.0007645733706601016,0.986013986013986,0.9504420452891259,0.986013986013986,1,4.195804195804196,0.03854616816702708
expert,0.125,airlight_proxy_q4,q4,150,0.6867263666788737,0.6479895477294921,0.933180164646458,0.8748362515423749,0.4533932660077069,-0.2422637939453125,0.0005949703852335612,0.98,0.9428523341357584,0.98,1,4.0,0.036793752933975674
expert,0.125,depth_q4,q1,150,0.8900068537394206,0.8545278765360513,1.054314123617636,1.013411689449001,0.6890972240551098,0.21933364868164062,0.0007611425717671712,1.0,0.9750288608542813,1.0,0,0.0,0.02497113914571871
expert,0.125,depth_q4,q2,150,0.8651322301228841,0.8234738089243571,1.0485664058376003,1.0135297362868851,0.5564065881677576,0.13987350463867188,0.0006259286403656006,1.0,0.9750288608542813,1.0,0,0.0,0.02497113914571871
expert,0.125,depth_q4,q3,150,0.8664672342936198,0.8262945702870688,1.084724323169605,1.045857777466645,0.5212299243823902,-0.2539710998535156,0.0007246311505635579,0.9733333333333334,0.9334450938998244,0.9733333333333334,2,8.0,0.047307856380276334
expert,0.125,depth_q4,q4,150,0.820292599995931,0.7796790911356608,1.0421461672396273,0.9956320865734204,0.5557287061536634,-0.080352783203125,0.0006380800406138102,0.9933333333333333,0.9632062470660242,0.9933333333333333,0,0.0,0.02497113914571871
expert,0.125,dark_channel_q4,q1,150,0.7333640543619792,0.6916284478505453,1.0143561492095123,0.9734758866799844,0.42831585858319254,-0.2539710998535156,0.0005013732115427653,0.98,0.9428523341357584,0.98,1,4.0,0.036793752933975674
expert,0.125,dark_channel_q4,q2,150,0.8301570129394531,0.7874824396769206,1.0412056381637986,0.976250983573295,0.5602997444771431,-0.13434219360351562,0.0005440616607666016,0.9933333333333333,0.9632062470660242,0.9933333333333333,0,0.0,0.02497113914571871
expert,0.125,dark_channel_q4,q3,150,0.9337380345662435,0.8939099178314209,1.0969903791272961,1.064669299770046,0.7573691703177787,-0.2422637939453125,0.0007233301798502604,0.9933333333333333,0.9632062470660242,0.9933333333333333,1,4.0,0.036793752933975674
expert,0.125,dark_channel_q4,q4,150,0.9446398162841797,0.9168016370137532,1.0828148094383445,1.0451366836960252,0.7626049969647382,0.2667350769042969,0.0009810173511505128,1.0,0.9750288608542813,1.0,0,0.0,0.02497113914571871
expert,0.125,low_texture_q4,q1,150,0.7983671315511067,0.7558527259826661,1.0457952344739758,0.9997710356841216,0.4637806866620038,-0.2539710998535156,0.000778741439183553,0.98,0.9428523341357584,0.98,1,4.0,0.036793752933975674
expert,0.125,low_texture_q4,q2,150,0.8942565536499023,0.8544978084564209,1.091017078708958,1.0583075291401631,0.5985004321948902,0.19017791748046875,0.0006867186228434245,1.0,0.9750288608542813,1.0,0,0.0,0.02497113914571871
expert,0.125,low_texture_q4,q3,150,0.871121711730957,0.8322457752227783,1.0558573233114708,1.008849592466612,0.6681922706397804,-0.2422637939453125,0.0006658494472503662,0.9933333333333333,0.9632062470660242,0.9933333333333333,1,4.0,0.036793752933975674
expert,0.125,low_texture_q4,q4,150,0.8781535212198893,0.8424695962270101,1.0672227498647329,1.030880121282629,0.65622886451515,-0.13434219360351562,0.0006184728940327963,0.9933333333333333,0.9632062470660242,0.9933333333333333,0,0.0,0.02497113914571871
expert,0.125,edge_density_q4,q1,150,0.831069081624349,0.7890563570658367,1.0808979756123311,1.0421701173524598,0.5410722268594278,-0.2539710998535156,0.0009435800711313884,0.9666666666666667,0.9243471574929044,0.9666666666666667,2,8.0,0.047307856380276334
expert,0.125,edge_density_q4,q2,150,0.8190025202433269,0.7794145259857178,1.034644616616739,0.9932237908646867,0.519989013671875,0.13987350463867188,0.0007195373376210531,1.0,0.9750288608542813,1.0,0,0.0,0.02497113914571871
expert,0.125,edge_density_q4,q3,150,0.875301742553711,0.8365618960062662,1.0832116410538957,1.0467096715360074,0.6102461943755279,0.14387893676757812,0.0005277518431345622,1.0,0.9750288608542813,1.0,0,0.0,0.02497113914571871
expert,0.125,edge_density_q4,q4,150,0.9165255737304687,0.8829583466847738,1.0812049040923248,1.0458230095940668,0.6556048006624788,0.21192169189453125,0.0005589131514231364,1.0,0.9750288608542813,1.0,0,0.0,0.02497113914571871
expert,0.125,sky_highlight_proxy_q4,q1,150,0.8206976699829102,0.774423548380534,1.077704197651631,1.0399590724223369,0.5468133462441934,-0.2539710998535156,0.0005017892519632975,0.9733333333333334,0.9334450938998244,0.9733333333333334,1,4.0,0.036793752933975674
expert,0.125,sky_highlight_proxy_q4,q2,150,0.7734657796223958,0.7289972292582194,1.0000569111592061,0.9376157760620117,0.4963480975176837,-0.2422637939453125,0.0005532491207122802,0.9933333333333333,0.9632062470660242,0.9933333333333333,1,4.0,0.036793752933975674
expert,0.125,sky_highlight_proxy_q4,q3,150,0.8647695287068685,0.8282976010640462,1.0653155043318465,1.0269415649207863,0.6203748342153188,0.14387893676757812,0.0008235979080200195,1.0,0.9750288608542813,1.0,0,0.0,0.02497113914571871
expert,0.125,sky_highlight_proxy_q4,q4,150,0.982965939839681,0.9565092290242513,1.0820625408275708,1.0448899449528875,0.8158974518647065,0.2667350769042969,0.0008711461226145426,1.0,0.9750288608542813,1.0,0,0.0,0.02497113914571871
expert,0.125,split,val_hard,300,0.981120007832845,0.9586326824824015,1.0825076802571614,1.0527023646036784,0.8727320861816407,-0.2422637939453125,0.0008651955922444662,0.9966666666666667,0.9813628354450568,0.9966666666666667,1,2.0,0.018637164554943353
expert,0.125,split,val_regular,300,0.7398294512430826,0.7116615680058797,1.0010336558024089,0.9614708735148112,0.4730305989583333,-0.2539710998535156,0.0005096956094106038,0.9866666666666667,0.9662239391535501,0.9866666666666667,1,2.0,0.018637164554943353
expert,0.25,A0-PSNR_q4,q1,150,2.2190261840820313,2.1659249846140542,2.3545127043852934,2.275275805189803,2.090785464724979,0.5984535217285156,0.0023578337828318277,1.0,0.9750288608542813,1.0,0,0.0,0.02497113914571871
expert,0.25,A0-PSNR_q4,q2,150,1.9962384033203124,1.9336909014383954,2.1607840254500106,2.0580065031309385,1.8763499904323269,0.9102401733398438,0.0011577693621317546,1.0,0.9750288608542813,1.0,0,0.0,0.02497113914571871
expert,0.25,A0-PSNR_q4,q3,150,1.6182277170817057,1.5412261848449706,1.7853479127626162,1.5904594576036608,1.4111427100929055,-0.7768211364746094,0.0009646221001942953,0.9933333333333333,0.9632062470660242,0.9933333333333333,1,4.0,0.036793752933975674
expert,0.25,A0-PSNR_q4,q4,150,1.0012910715738932,0.9131978721618652,1.3395801234889675,1.2017882888381546,0.6140546025456609,-0.5892562866210938,0.0005054978529612223,0.96,0.9154854608728422,0.96,4,16.0,0.06655490610017561
expert,0.25,Expert-A0_diff_signed_q4,q1,150,2.2521542358398436,2.1992734324137366,2.3173208494444153,2.240960623766925,2.0904752370473503,-0.7768211364746094,0.0020051618417104085,0.9933333333333333,0.9632062470660242,0.9933333333333333,1,4.0,0.036793752933975674
expert,0.25,Expert-A0_diff_signed_q4,q2,150,1.6110809834798177,1.5405199750264484,1.858286883379962,1.764325492446487,1.2783117552061338,0.045375823974609375,0.0010793288548787436,1.0,0.9750288608542813,1.0,0,0.0,0.02497113914571871
expert,0.25,Expert-A0_diff_signed_q4,q3,150,1.1270159657796224,1.0356855583190918,1.6888996845967061,1.526920290251036,0.6105135324839,-0.5892562866210938,0.0007909313837687175,0.96,0.9154854608728422,0.96,4,16.0,0.06655490610017561
expert,0.25,Expert-A0_diff_signed_q4,q4,150,1.844532190958659,1.7574166208902995,2.2085502212112016,2.100981952048637,1.290947269748997,0.3214988708496094,0.0011103010177612304,1.0,0.9750288608542813,1.0,0,0.0,0.02497113914571871
expert,0.25,Expert-A0_diff_abs_q4,q1,150,0.9287535603841146,0.8511880022684734,1.121526254189981,1.0106903282371729,0.6140546025456609,-0.5892562866210938,0.0005304773648579915,0.96,0.9154854608728422,0.96,4,16.0,0.06655490610017561
expert,0.25,Expert-A0_diff_abs_q4,q2,150,1.596196060180664,1.5338870798746744,1.55643452824773,1.454202904572358,1.5901189237027555,0.3813323974609375,0.0009383165836334229,1.0,0.9750288608542813,1.0,0,0.0,0.02497113914571871
expert,0.25,Expert-A0_diff_abs_q4,q3,150,1.9576149495442707,1.8946169700622557,1.901351413211307,1.7959085696452373,1.8124650491250527,-0.7768211364746094,0.0012481268246968588,0.9933333333333333,0.9632062470660242,0.9933333333333333,1,4.0,0.036793752933975674
expert,0.25,Expert-A0_diff_abs_q4,q4,150,2.352218805948893,2.3034364668528235,2.3545127043852934,2.275275805189803,2.435194376352671,1.4939613342285156,0.002268802324930827,1.0,0.9750288608542813,1.0,0,0.0,0.02497113914571871
expert,0.25,expert_fulludp_disagreement_q4,q1,150,1.0304017384847006,0.9490231412251791,1.4417491603542019,1.2937011615650074,0.6140546025456609,-0.5892562866210938,0.0005866336822509766,0.9666666666666667,0.9243471574929044,0.9666666666666667,4,16.0,0.06655490610017561
expert,0.25,expert_fulludp_disagreement_q4,q2,150,1.5890820948282878,1.514618808110555,1.8791137386012722,1.746394275974583,1.30373207298485,-0.15519332885742188,0.0009382267793019613,0.9933333333333333,0.9632062470660242,0.9933333333333333,0,0.0,0.02497113914571871
expert,0.25,expert_fulludp_disagreement_q4,q3,150,2.029222895304362,1.9652257728576659,2.1823353123020484,2.088700464609507,1.7227032635663007,0.3813323974609375,0.0011574057737986246,1.0,0.9750288608542813,1.0,0,0.0,0.02497113914571871
expert,0.25,expert_fulludp_disagreement_q4,q4,150,2.1860766474405926,2.1243458506266277,2.3515534787564665,2.2759786193435256,1.9820910273371517,-0.7768211364746094,0.0023034568627675373,0.9933333333333333,0.9632062470660242,0.9933333333333333,1,4.0,0.036793752933975674
expert,0.25,residual_cosine_q4,q1,150,1.9136704381306966,1.825108870824178,2.2357197838860587,2.1569330576303845,1.3943438143343538,-0.7768211364746094,0.0016202227274576824,0.9666666666666667,0.9243471574929044,0.9666666666666667,4,16.0,0.06655490610017561
expert,0.25,residual_cosine_q4,q2,150,1.5444157155354818,1.443835459391276,2.023886809477935,1.9118661648518331,0.8008530075485641,-0.5280227661132812,0.0010588657855987549,0.9933333333333333,0.9632062470660242,0.9933333333333333,1,4.0,0.036793752933975674
expert,0.25,residual_cosine_q4,q3,150,1.4410175323486327,1.3491822776794433,2.135239884660051,2.025962564107534,0.7051164781725084,0.0885009765625,0.0009607307116190593,1.0,0.9750288608542813,1.0,0,0.0,0.02497113914571871
expert,0.25,residual_cosine_q4,q4,150,1.9356796900431315,1.8486363474527994,2.412359856270455,2.3254914309527424,1.3946993028795398,-0.0387115478515625,0.0013459038734436035,0.9933333333333333,0.9632062470660242,0.9933333333333333,0,0.0,0.02497113914571871
expert,0.25,haze_density_q4,q1,150,1.1317070897420247,1.035115847269694,1.5159726014008392,1.38252366040204,0.6112317265690984,-0.5892562866210938,0.0008172980944315592,0.96,0.9154854608728422,0.96,4,16.0,0.06655490610017561
expert,0.25,haze_density_q4,q2,150,1.6636454518636068,1.5627053813934326,2.178942499934016,2.0620952168026485,1.1117699081833299,-0.7768211364746094,0.0009660470485687256,0.9933333333333333,0.9632062470660242,0.9933333333333333,1,4.0,0.036793752933975674
expert,0.25,haze_density_q4,q3,150,1.9626409276326497,1.8880719089508058,2.311245428549277,2.232820742839092,1.4792663986618455,0.4628486633300781,0.001441651185353597,1.0,0.9750288608542813,1.0,0,0.0,0.02497113914571871
expert,0.25,haze_density_q4,q4,150,2.0767899068196614,2.0109700667063395,2.288692165065456,2.2037395992794555,1.7457230026657518,0.3813323974609375,0.0017607267697652181,1.0,0.9750288608542813,1.0,0,0.0,0.02497113914571871
expert,0.25,haze_density_p90_q4,q1,150,1.1286314519246419,1.0432843125661213,1.7054417068893846,1.5440669033978436,0.6270185934530722,-0.5892562866210938,0.0007170677185058594,0.96,0.9154854608728422,0.96,4,16.0,0.06655490610017561
expert,0.25,haze_density_p90_q4,q2,163,1.6446264536102857,1.569402357113142,2.1327236175537108,2.0458239769935607,1.0983084678649901,-0.7768211364746094,0.0011796406441670986,0.9938650306748467,0.966070916482625,0.9938650306748467,1,3.6809815950920246,0.03392908351737489
expert,0.25,haze_density_p90_q4,q3,142,1.992237561185595,1.9263540744781493,2.3088255201067245,2.227891276223319,1.6809817722865514,0.4628486633300781,0.0013840362219743325,1.0,0.9736590931531194,1.0,0,0.0,0.02634090684688045
expert,0.25,haze_density_p90_q4,q4,145,2.1031099516769935,2.0416077291554418,2.3315137227376304,2.236868667602539,1.7979842291937933,0.3813323974609375,0.0017343706098096124,1.0,0.9741900113946637,1.0,0,0.0,0.025809988605336138
expert,0.25,transmission_q4,q1,150,2.0767899068196614,2.0109700667063395,2.288692165065456,2.2037395992794555,1.7457230026657518,0.3813323974609375,0.0017607267697652181,1.0,0.9750288608542813,1.0,0,0.0,0.02497113914571871
expert,0.25,transmission_q4,q2,150,1.9626409276326497,1.8880719089508058,2.311245428549277,2.232820742839092,1.4792663986618455,0.4628486633300781,0.001441651185353597,1.0,0.9750288608542813,1.0,0,0.0,0.02497113914571871
expert,0.25,transmission_q4,q3,150,1.6636454518636068,1.5627053813934326,2.178942499934016,2.0620952168026485,1.1117699081833299,-0.7768211364746094,0.0009660470485687256,0.9933333333333333,0.9632062470660242,0.9933333333333333,1,4.0,0.036793752933975674
expert,0.25,transmission_q4,q4,150,1.1317070897420247,1.035115847269694,1.5159726014008392,1.38252366040204,0.6112317265690984,-0.5892562866210938,0.0008172980944315592,0.96,0.9154854608728422,0.96,4,16.0,0.06655490610017561
expert,0.25,airlight_proxy_q4,q1,150,2.0109558359781903,1.9461446412404377,2.3246968243573165,2.241991089485787,1.5409930461161845,0.7484321594238281,0.0010238782564798992,1.0,0.9750288608542813,1.0,0,0.0,0.02497113914571871
expert,0.25,airlight_proxy_q4,q2,157,1.916353383641334,1.8361991384226806,2.2801986107459435,2.195886567922739,1.408326662503756,0.30974578857421875,0.0015087074534908221,1.0,0.9761156317768539,1.0,0,0.0,0.02388436822314625
expert,0.25,airlight_proxy_q4,q3,143,1.6385683713259396,1.55586175251674,2.2106440952845983,2.1042301913670127,0.9102667672293526,-0.5892562866210938,0.00139131329276345,0.986013986013986,0.9504420452891259,0.986013986013986,2,8.391608391608392,0.04955795471087411
expert,0.25,airlight_proxy_q4,q4,150,1.2559424845377605,1.1698686618804932,1.9109968236974768,1.7763297957343025,0.6659532495447107,-0.7768211364746094,0.0010563457012176514,0.9666666666666667,0.9243471574929044,0.9666666666666667,3,12.0,0.05714766586424166
expert,0.25,depth_q4,q1,150,1.7841244125366211,1.6986582094828286,2.22674864691657,2.133177950575545,1.229119687467008,0.21441268920898438,0.0013876489798227945,1.0,0.9750288608542813,1.0,0,0.0,0.02497113914571871
expert,0.25,depth_q4,q2,150,1.729971351623535,1.6363065662384033,2.2090406160096863,2.1278268814086916,0.9515810786066828,-0.15519332885742188,0.0011365445454915365,0.9933333333333333,0.9632062470660242,0.9933333333333333,0,0.0,0.02497113914571871
expert,0.25,depth_q4,q3,150,1.728920618693034,1.6295815811157228,2.287480019234322,2.198300397718275,0.8680424045872044,-0.7768211364746094,0.0013197882970174153,0.9733333333333334,0.9334450938998244,0.9733333333333334,4,16.0,0.06655490610017561
expert,0.25,depth_q4,q4,150,1.5917669932047527,1.4994020315806071,2.1755880407384924,2.069196605682373,0.8997567666543497,-0.3418121337890625,0.0011417412757873536,0.9866666666666667,0.9526921436197237,0.9866666666666667,1,4.0,0.036793752933975674
expert,0.25,dark_channel_q4,q1,150,1.386265614827474,1.2885248006184895,2.113498069144584,2.0164451341371277,0.6324259783770587,-0.5892562866210938,0.000903936227162679,0.98,0.9428523341357584,0.98,3,12.0,0.05714766586424166
expert,0.25,dark_channel_q4,q2,150,1.6406326166788736,1.5385568091074626,2.1893529634217956,2.0419929916794235,0.9446138949007601,-0.5280227661132812,0.000977256695429484,0.98,0.9428523341357584,0.98,1,4.0,0.036793752933975674
expert,0.25,dark_channel_q4,q3,150,1.8761241912841797,1.7807593205769856,2.3259429931640625,2.2512932055705304,1.3733991674474768,-0.7768211364746094,0.001309648354848226,0.9933333333333333,0.9632062470660242,0.9933333333333333,1,4.0,0.036793752933975674
expert,0.25,dark_channel_q4,q4,150,1.9317609532674154,1.8658560905456545,2.286780950185415,2.196796556421228,1.4817249194995776,0.4355506896972656,0.0017948818206787109,1.0,0.9750288608542813,1.0,0,0.0,0.02497113914571871
expert,0.25,low_texture_q4,q1,150,1.5534548823038736,1.4552783285776774,2.194559097290039,2.0878901765153213,0.7184934873838682,-0.5892562866210938,0.001434175968170166,0.9733333333333334,0.9334450938998244,0.9733333333333334,3,12.0,0.05714766586424166
expert,0.25,low_texture_q4,q2,150,1.7860688018798827,1.6917470423380534,2.3058554159628377,2.2306693489487106,1.0027113218565245,-0.15519332885742188,0.001243848403294881,0.9933333333333333,0.9632062470660242,0.9933333333333333,0,0.0,0.02497113914571871
expert,0.25,low_texture_q4,q3,150,1.7489006169637045,1.6617527103424072,2.2227377504915804,2.1114558838509225,1.2263434126570418,-0.7768211364746094,0.0012034988403320313,0.9933333333333333,0.9632062470660242,0.9933333333333333,1,4.0,0.036793752933975674
expert,0.25,low_texture_q4,q4,150,1.7463590749104818,1.6610988508860272,2.250928414834512,2.1658684859404693,1.1494384971824851,-0.5280227661132812,0.0011041998863220216,0.9933333333333333,0.9632062470660242,0.9933333333333333,1,4.0,0.036793752933975674
expert,0.25,edge_density_q4,q1,150,1.6371104685465494,1.5397201588948568,2.2809428653201542,2.189188119527456,0.8846148929080447,-0.7768211364746094,0.0017308974266052246,0.9666666666666667,0.9243471574929044,0.9666666666666667,5,20.0,0.0756528425070956
expert,0.25,edge_density_q4,q2,150,1.600628318786621,1.5053059838612874,2.179686726750554,2.08580609656669,0.8219718933105469,-0.15519332885742188,0.0012977850437164307,0.9933333333333333,0.9632062470660242,0.9933333333333333,0,0.0,0.02497113914571871
expert,0.25,edge_density_q4,q3,150,1.753898162841797,1.6615370019276936,2.2805769636824325,2.190465548231795,1.0781084009118982,-0.0387115478515625,0.000943371852238973,0.9933333333333333,0.9632062470660242,0.9933333333333333,0,0.0,0.02497113914571871
expert,0.25,edge_density_q4,q4,150,1.8431464258829753,1.7657256399790444,2.271927034532702,2.185439599526895,1.1710168993150867,0.14948654174804688,0.0010136687755584717,1.0,0.9750288608542813,1.0,0,0.0,0.02497113914571871
expert,0.25,sky_highlight_proxy_q4,q1,150,1.611841278076172,1.501086181640625,2.2750757578256966,2.1889125927074535,0.8908366641482791,-0.5892562866210938,0.0009008355935414633,0.9733333333333334,0.9334450938998244,0.9733333333333334,4,16.0,0.06655490610017561
expert,0.25,sky_highlight_proxy_q4,q2,150,1.4801966094970702,1.3758429190317791,2.0797345960462414,1.9376500799849226,0.7802167325406462,-0.7768211364746094,0.0009842272599538168,0.9866666666666667,0.9526921436197237,0.9866666666666667,1,4.0,0.036793752933975674
expert,0.25,sky_highlight_proxy_q4,q3,150,1.7255371220906575,1.6410981515248617,2.237760543823242,2.1505749083854058,1.107614568761877,-0.0387115478515625,0.0015049457550048828,0.9933333333333333,0.9632062470660242,0.9933333333333333,0,0.0,0.02497113914571871
expert,0.25,sky_highlight_proxy_q4,q4,150,2.0172083663940428,1.9502131354014078,2.288936357240419,2.203839786632641,1.5769730645257074,0.4355506896972656,0.0015957144896189372,1.0,0.9750288608542813,1.0,0,0.0,0.02497113914571871
expert,0.25,split,val_hard,300,2.0207633781433105,1.9691728874842327,2.289233118693034,2.220297964731852,1.7375014241536457,-0.7768211364746094,0.0015845217307408651,0.9966666666666667,0.9813628354450568,0.9966666666666667,1,2.0,0.018637164554943353
expert,0.25,split,val_regular,300,1.396628309885661,1.3344222380320232,2.0686366526285807,1.9784309374491373,0.7354829406738281,-0.5892562866210938,0.0009083398183186849,0.98,0.9570598132699448,0.98,4,8.0,0.033776060846449914
expert,0.375,A0-PSNR_q4,q1,150,3.5056149673461916,3.4090261255900067,3.7616582818933435,3.620868595226391,3.2545520679370776,0.8736343383789062,0.00324133038520813,1.0,0.9750288608542813,1.0,0,0.0,0.02497113914571871
expert,0.375,A0-PSNR_q4,q2,150,3.027662658691406,2.9197186495463052,3.342834575756176,3.1574630788854647,2.804871327168233,1.22186279296875,0.0015434503555297851,1.0,0.9750288608542813,1.0,0,0.0,0.02497113914571871
expert,0.375,A0-PSNR_q4,q3,150,2.3260470326741536,2.1984109166463215,2.656039469950908,2.3336117924870674,1.944429552232897,-1.509063720703125,0.0012673985958099364,0.9866666666666667,0.9526921436197237,0.9866666666666667,1,4.0,0.036793752933975674
expert,0.375,A0-PSNR_q4,q4,150,1.1894835408528646,1.0505401852925618,1.8067351676322319,1.5750073252497492,0.5152835330447635,-1.1179885864257812,0.000641168753306071,0.9066666666666666,0.8494348221544131,0.9066666666666666,10,40.0,0.11836352652481318
expert,0.375,Expert-A0_diff_signed_q4,q1,150,3.490522613525391,3.393402472178141,3.6975337879077808,3.5646127056431123,3.064536635940139,-1.509063720703125,0.002759522596995036,0.9933333333333333,0.9632062470660242,0.9933333333333333,1,4.0,0.036793752933975674
expert,0.375,Expert-A0_diff_signed_q4,q2,150,2.2840375010172527,2.162460370381673,2.8017902889767208,2.6394676260046053,1.5784074937975086,-0.45940399169921875,0.001428457498550415,0.9733333333333334,0.9334450938998244,0.9733333333333334,2,8.0,0.047307856380276334
expert,0.375,Expert-A0_diff_signed_q4,q3,150,1.4996317545572917,1.3523322277069092,2.528777045172614,2.2581875569111594,0.5617944872057116,-1.1179885864257812,0.0010299170017242431,0.9266666666666666,0.873463014734016,0.9266666666666666,8,32.0,0.10170500474670958
expert,0.375,Expert-A0_diff_signed_q4,q4,150,2.774616330464681,2.6187818768819175,3.4977657730514937,3.3105373537218252,1.6818051724820524,0.031951904296875,0.0014754509925842285,1.0,0.9750288608542813,1.0,0,0.0,0.02497113914571871
expert,0.375,Expert-A0_diff_abs_q4,q1,150,1.1246026357014973,0.9955332756042481,1.5527961318557326,1.3726012461894268,0.5152835330447635,-1.1179885864257812,0.0006787113348642985,0.9,0.8415639255193983,0.9,10,40.0,0.11836352652481318
expert,0.375,Expert-A0_diff_abs_q4,q2,150,2.287652359008789,2.183439365386963,2.3276270273569466,2.151282099130991,2.0530703776591532,0.2600059509277344,0.0012374138832092286,1.0,0.9750288608542813,1.0,0,0.0,0.02497113914571871
expert,0.375,Expert-A0_diff_abs_q4,q3,150,2.9508750152587893,2.832226668039958,2.9397290204022384,2.758188010550834,2.604198662010399,-1.509063720703125,0.001662067969640096,0.9933333333333333,0.9632062470660242,0.9933333333333333,1,4.0,0.036793752933975674
expert,0.375,Expert-A0_diff_abs_q4,q4,150,3.6856781895955404,3.597519995371501,3.7616582818933435,3.620868595226391,3.6633326556231522,1.5495948791503906,0.0031151549021402993,1.0,0.9750288608542813,1.0,0,0.0,0.02497113914571871
expert,0.375,expert_fulludp_disagreement_q4,q1,150,1.2914186604817708,1.1571060066223144,2.0803040169380806,1.8384142643696553,0.5152835330447635,-1.1179885864257812,0.0007561405499776204,0.9133333333333333,0.8573705468757647,0.9133333333333333,9,36.0,0.11009092044290468
expert,0.375,expert_fulludp_disagreement_q4,q2,150,2.3121039199829103,2.1831468550364175,2.891805751903637,2.6756884729540023,1.6704191259435706,-0.9260787963867188,0.0012471874554951985,0.9866666666666667,0.9526921436197237,0.9866666666666667,1,4.0,0.036793752933975674
expert,0.375,expert_fulludp_disagreement_q4,q3,150,3.0475513458251955,2.9272854283650718,3.434873220082876,3.2732929693685997,2.3400599505450272,0.3171730041503906,0.0015337149302164714,1.0,0.9750288608542813,1.0,0,0.0,0.02497113914571871
expert,0.375,expert_fulludp_disagreement_q4,q4,150,3.3977342732747395,3.285050354003906,3.754625062684755,3.622243626053269,2.9130610904178105,-1.509063720703125,0.0031563051541646323,0.9933333333333333,0.9632062470660242,0.9933333333333333,1,4.0,0.036793752933975674
expert,0.375,residual_cosine_q4,q1,150,2.8747290166219077,2.714511123021444,3.5412580644762195,3.408501516806113,1.8624059316274282,-1.509063720703125,0.002210987408955892,0.9666666666666667,0.9243471574929044,0.9666666666666667,5,20.0,0.0756528425070956
expert,0.375,residual_cosine_q4,q2,150,2.243765385945638,2.0687075080871584,3.147167102710621,2.9506094984106115,0.9168221757218644,-1.1179885864257812,0.0013988653818766275,0.9666666666666667,0.9243471574929044,0.9666666666666667,2,8.0,0.047307856380276334
expert,0.375,residual_cosine_q4,q3,150,2.0352163950602216,1.8742414881388347,3.3370682999894425,3.1451067048150136,0.7031790243612753,-0.6270713806152344,0.0012701082229614258,0.9666666666666667,0.9243471574929044,0.9666666666666667,3,12.0,0.05714766586424166
expert,0.375,residual_cosine_q4,q4,150,2.895097401936849,2.7421527455647787,3.8604615701211467,3.702953057675748,1.784812308646537,-0.51007080078125,0.0018133870760599772,0.9933333333333333,0.9632062470660242,0.9933333333333333,1,4.0,0.036793752933975674
expert,0.375,haze_density_q4,q1,150,1.442180544535319,1.276285826365153,2.1797958064723657,1.9419217522079881,0.5395732570338894,-1.1179885864257812,0.0010732285181681315,0.9133333333333333,0.8573705468757647,0.9133333333333333,10,40.0,0.11836352652481318
expert,0.375,haze_density_q4,q2,150,2.4119427235921225,2.2337604026794438,3.3914447475124048,3.1772638527122705,1.3373399682947107,-1.509063720703125,0.001268324851989746,0.98,0.9428523341357584,0.98,1,4.0,0.036793752933975674
expert,0.375,haze_density_q4,q3,150,2.9850502904256184,2.8572437845865886,3.6809919718149544,3.545785545658421,2.064904702676309,0.54840087890625,0.001950232187906901,1.0,0.9750288608542813,1.0,0,0.0,0.02497113914571871
expert,0.375,haze_density_q4,q4,150,3.209634641011556,3.092573300043742,3.643052436210014,3.48974020674422,2.5548909161541915,0.3171730041503906,0.002401562531789144,1.0,0.9750288608542813,1.0,0,0.0,0.02497113914571871
expert,0.375,haze_density_p90_q4,q1,150,1.437234001159668,1.2910651384989422,2.5304983499887825,2.2669618580792403,0.5129845077927048,-1.1179885864257812,0.0009329795837402343,0.9,0.8415639255193983,0.9,10,40.0,0.11836352652481318
expert,0.375,haze_density_p90_q4,q2,163,2.379573974141314,2.242977436627347,3.3239179134368895,3.1755855798721315,1.4064128875732422,-1.509063720703125,0.0015606481604780887,0.9938650306748467,0.966070916482625,0.9938650306748467,1,3.6809815950920246,0.03392908351737489
expert,0.375,haze_density_p90_q4,q3,142,3.0449534940048,2.92980849574989,3.6717955453055247,3.5258562850952146,2.424772208077567,0.54840087890625,0.0018718477705834617,1.0,0.9736590931531194,1.0,0,0.0,0.02634090684688045
expert,0.375,haze_density_p90_q4,q4,145,3.251601212600182,3.144501190843253,3.7234356668260364,3.557536975542704,2.6348563300238714,0.3171730041503906,0.002371498223008781,1.0,0.9741900113946637,1.0,0,0.0,0.025809988605336138
expert,0.375,transmission_q4,q1,150,3.209634641011556,3.092573300043742,3.643052436210014,3.48974020674422,2.5548909161541915,0.3171730041503906,0.002401562531789144,1.0,0.9750288608542813,1.0,0,0.0,0.02497113914571871
expert,0.375,transmission_q4,q2,150,2.9850502904256184,2.8572437845865886,3.6809919718149544,3.545785545658421,2.064904702676309,0.54840087890625,0.001950232187906901,1.0,0.9750288608542813,1.0,0,0.0,0.02497113914571871
expert,0.375,transmission_q4,q3,150,2.4119427235921225,2.2337604026794438,3.3914447475124048,3.1772638527122705,1.3373399682947107,-1.509063720703125,0.001268324851989746,0.98,0.9428523341357584,0.98,1,4.0,0.036793752933975674
expert,0.375,transmission_q4,q4,150,1.442180544535319,1.276285826365153,2.1797958064723657,1.9419217522079881,0.5395732570338894,-1.1179885864257812,0.0010732285181681315,0.9133333333333333,0.8573705468757647,0.9133333333333333,10,40.0,0.11836352652481318
expert,0.375,airlight_proxy_q4,q1,150,3.0873559697469077,2.9717542877197265,3.710239668150206,3.5649515435502335,2.194615647599504,0.68865966796875,0.0013724084695180257,1.0,0.9750288608542813,1.0,0,0.0,0.02497113914571871
expert,0.375,airlight_proxy_q4,q2,157,2.885483723537178,2.749667436150229,3.6189204974052234,3.4685860315958656,1.901537577311198,-0.1175384521484375,0.0020547326962659313,0.9936305732484076,0.9648062552548127,0.9936305732484076,0,0.0,0.02388436822314625
expert,0.375,airlight_proxy_q4,q3,143,2.3903963715880066,2.24434588038838,3.492890875680106,3.3003934124537877,1.1189090183803014,-0.9874153137207031,0.0018756289582152466,0.972027972027972,0.9302882153718061,0.972027972027972,2,8.391608391608392,0.04955795471087411
expert,0.375,airlight_proxy_q4,q4,150,1.6624680582682292,1.51567866007487,2.9134884396114864,2.684161982665191,0.6066429550583298,-1.509063720703125,0.0013822197914123535,0.9266666666666666,0.873463014734016,0.9266666666666666,9,36.0,0.11009092044290468
expert,0.375,depth_q4,q1,150,2.6553424326578776,2.503387224197388,3.5360189901815877,3.3725372211353197,1.5533508094581399,-0.1175384521484375,0.0018756580352783203,0.9866666666666667,0.9526921436197237,0.9866666666666667,0,0.0,0.02497113914571871
expert,0.375,depth_q4,q2,150,2.5661071904500328,2.400554869969686,3.4928653304641313,3.3457109837918666,1.1347889255832981,-0.9260787963867188,0.0015281283855438233,0.9866666666666667,0.9526921436197237,0.9866666666666667,1,4.0,0.036793752933975674
expert,0.375,depth_q4,q3,150,2.556202278137207,2.3858298136393232,3.619494412396405,3.4574496423875964,0.995037181957348,-1.509063720703125,0.0017812093098958333,0.96,0.9154854608728422,0.96,5,20.0,0.0756528425070956
expert,0.375,depth_q4,q4,150,2.271156298319499,2.1111785882314047,3.39414931632377,3.2076290697664827,0.9779544521022487,-0.7541313171386719,0.0015083523591359457,0.96,0.9154854608728422,0.96,5,20.0,0.0756528425070956
expert,0.375,dark_channel_q4,q1,150,1.918623415629069,1.7456886107126872,3.2905657484724715,3.1224678632375356,0.5807047663508235,-0.9874153137207031,0.0012057272593180338,0.9333333333333333,0.8816364734751868,0.9333333333333333,7,28.0,0.09318757392357377
expert,0.375,dark_channel_q4,q2,150,2.4014801661173504,2.2182950496673586,3.4548789874927417,3.201720371761837,1.105771863782728,-1.1179885864257812,0.001297308603922526,0.9733333333333334,0.9334450938998244,0.9733333333333334,3,12.0,0.05714766586424166
expert,0.375,dark_channel_q4,q3,150,2.79062380472819,2.62716237894694,3.7100700172218115,3.576837913410084,1.7653770446777344,-1.509063720703125,0.0017549355824788412,0.9866666666666667,0.9526921436197237,0.9866666666666667,1,4.0,0.036793752933975674
expert,0.375,dark_channel_q4,q4,150,2.9380808130900067,2.815066298802694,3.626474380493164,3.469641487018482,2.1108477824443095,0.4524078369140625,0.0024353766441345213,1.0,0.9750288608542813,1.0,0,0.0,0.02497113914571871
expert,0.375,low_texture_q4,q1,150,2.232314669291178,2.0545573806762696,3.4519739408750794,3.263453800613816,0.725367056356894,-0.9874153137207031,0.0019607059160868328,0.94,0.8899090795570952,0.94,7,28.0,0.09318757392357377
expert,0.375,low_texture_q4,q2,150,2.6474337641398114,2.472431572596232,3.6600196941478833,3.5273647591874404,1.1563891849002323,-0.9260787963867188,0.001667731205622355,0.98,0.9428523341357584,0.98,2,8.0,0.047307856380276334
expert,0.375,low_texture_q4,q3,150,2.5992558161417643,2.4529305731455486,3.510653779313371,3.315618592339593,1.613969338906778,-1.509063720703125,0.0016096818447113037,0.9933333333333333,0.9632062470660242,0.9933333333333333,1,4.0,0.036793752933975674
expert,0.375,low_texture_q4,q4,150,2.569803949991862,2.41294748878479,3.5635678059345968,3.415987674610035,1.4053140588708826,-1.1179885864257812,0.001455229123433431,0.98,0.9428523341357584,0.98,1,4.0,0.036793752933975674
expert,0.375,edge_density_q4,q1,150,2.384231071472168,2.211376746495565,3.6135109050853833,3.4456290502805964,0.9687425768053209,-1.509063720703125,0.0023551106452941893,0.9466666666666667,0.8982949952532904,0.9466666666666667,5,20.0,0.0756528425070956
expert,0.375,edge_density_q4,q2,150,2.3136828994750975,2.1382306048075357,3.448918883864944,3.2922541231722446,0.8685293455381651,-0.9260787963867188,0.0017318896452585856,0.9733333333333334,0.9334450938998244,0.9733333333333334,4,16.0,0.06655490610017561
expert,0.375,edge_density_q4,q3,150,2.6065932591756185,2.441956336975098,3.6024630263045028,3.4368710285908466,1.3519661362106736,-0.51007080078125,0.0012450842062632242,0.98,0.9428523341357584,0.98,2,8.0,0.047307856380276334
expert,0.375,edge_density_q4,q4,150,2.7443009694417317,2.610982037862142,3.574465158823374,3.424822629464639,1.4809064091862858,-0.17605972290039062,0.0013612635930379232,0.9933333333333333,0.9632062470660242,0.9933333333333333,0,0.0,0.02497113914571871
expert,0.375,sky_highlight_proxy_q4,q1,150,2.340530637105306,2.1536594842274983,3.6052136292328707,3.459294548550168,0.9711538778769003,-1.1179885864257812,0.0011951454480489095,0.9533333333333334,0.9068124260764262,0.9533333333333334,4,16.0,0.06655490610017561
expert,0.375,sky_highlight_proxy_q4,q2,150,2.0796402867635093,1.9039000180562338,3.233024854917784,3.0005927936450854,0.8156047511745144,-1.509063720703125,0.0012910048166910808,0.9533333333333334,0.9068124260764262,0.9533333333333334,6,24.0,0.08451453912715763
expert,0.375,sky_highlight_proxy_q4,q3,150,2.5455166625976564,2.39974095026652,3.522100293958509,3.3723883113345585,1.4078235110721073,-0.51007080078125,0.00203887939453125,0.9866666666666667,0.9526921436197237,0.9866666666666667,1,4.0,0.036793752933975674
expert,0.375,sky_highlight_proxy_q4,q4,150,3.0831206130981443,2.962191914876302,3.638763479284338,3.492036814303012,2.2300233583192566,0.36998748779296875,0.002168318430582682,1.0,0.9750288608542813,1.0,0,0.0,0.02497113914571871
expert,0.375,split,val_hard,300,3.100388952891032,3.0139941358566285,3.6384882354736328,3.513062630971273,2.5464745585123696,-1.509063720703125,0.0021528096993764243,0.9966666666666667,0.9813628354450568,0.9966666666666667,1,2.0,0.018637164554943353
expert,0.375,split,val_regular,300,1.924015146891276,1.8092331085205078,3.181707814534505,3.0248672205607097,0.7480201721191406,-1.1179885864257812,0.0011938643455505372,0.95,0.9191522802928904,0.95,10,20.0,0.06026245145756911
expert,0.5,A0-PSNR_q4,q1,150,4.909155438741048,4.762652212778727,5.348662659928605,5.119520275012866,4.460734702445365,1.1264572143554688,0.003914837837219238,1.0,0.9750288608542813,1.0,0,0.0,0.02497113914571871
expert,0.5,A0-PSNR_q4,q2,150,4.001099624633789,3.842872854868571,4.5369573026090055,4.233272052455593,3.63790563634924,1.4013252258300781,0.0017961657047271728,1.0,0.9750288608542813,1.0,0,0.0,0.02497113914571871
expert,0.5,A0-PSNR_q4,q3,150,2.882611821492513,2.704723014831543,3.4294239765888936,2.9722443812602273,2.2718309969515413,-2.3457794189453125,0.0014464505513509115,0.9866666666666667,0.9526921436197237,0.9866666666666667,2,8.0,0.047307856380276334
expert,0.5,A0-PSNR_q4,q4,150,1.1265544637044271,0.9386532351175944,2.0617987143026815,1.74593576998324,0.155792236328125,-1.9341583251953125,0.0006979103883107504,0.8133333333333334,0.7434413916324496,0.8133333333333334,20,80.0,0.1969815064476629
expert,0.5,Expert-A0_diff_signed_q4,q1,150,4.759414494832357,4.592980365117391,5.247397448565509,5.040293361045219,3.8692389823294975,-2.3457794189453125,0.003334498405456543,0.9933333333333333,0.9632062470660242,0.9933333333333333,1,4.0,0.036793752933975674
expert,0.5,Expert-A0_diff_signed_q4,q2,150,2.7885459899902343,2.601621662139893,3.6863773449047192,3.436203580289274,1.5798803793417442,-1.2002372741699219,0.0016451982657114666,0.9533333333333334,0.9068124260764262,0.9533333333333334,5,20.0,0.0756528425070956
expert,0.5,Expert-A0_diff_signed_q4,q3,150,1.705900624593099,1.4891775856018066,3.3149828524202913,2.8878970919428646,0.276327184728674,-1.9341583251953125,0.0011629748344421386,0.8866666666666667,0.8259959574322895,0.8866666666666667,13,52.0,0.14262945312423528
expert,0.5,Expert-A0_diff_signed_q4,q4,150,3.665560239156087,3.4100544637044274,4.919756554268502,4.629183823353536,1.844689652726457,-0.523040771484375,0.0017126929759979249,0.9666666666666667,0.9243471574929044,0.9666666666666667,3,12.0,0.05714766586424166
expert,0.5,Expert-A0_diff_abs_q4,q1,150,1.1078830210367838,0.9260345891316731,1.8475866575498838,1.594723871591929,0.155792236328125,-1.9341583251953125,0.0007481793562571208,0.8266666666666667,0.7581386789428641,0.8266666666666667,21,84.00000000000001,0.20455343144015736
expert,0.5,Expert-A0_diff_abs_q4,q2,150,2.834334411621094,2.6806810137430825,3.04802806957348,2.78568162660341,2.178286784404033,-0.18349838256835938,0.0014194953441619873,0.98,0.9428523341357584,0.98,0,0.0,0.02497113914571871
expert,0.5,Expert-A0_diff_abs_q4,q3,150,3.8840361785888673,3.70156459681193,4.01130418519716,3.7286555444872054,3.219756049078864,-2.3457794189453125,0.0019311686356862387,0.9933333333333333,0.9632062470660242,0.9933333333333333,1,4.0,0.036793752933975674
expert,0.5,Expert-A0_diff_abs_q4,q4,150,5.093167737325032,4.952441413879395,5.348662659928605,5.119520275012866,4.751086467021221,1.0685386657714844,0.0037565211455027263,1.0,0.9750288608542813,1.0,0,0.0,0.02497113914571871
expert,0.5,expert_fulludp_disagreement_q4,q1,150,1.3437137349446615,1.1495308163960776,2.600566142314189,2.242725671304239,0.155792236328125,-1.8308753967285156,0.0008421059449513753,0.8333333333333334,0.7655327510904788,0.8333333333333334,19,76.0,0.18936780715468765
expert,0.5,expert_fulludp_disagreement_q4,q2,150,2.9262621434529623,2.730114730199178,3.91604825612661,3.5900612676465835,1.763399278795397,-1.9341583251953125,0.0014459586143493652,0.9733333333333334,0.9334450938998244,0.9733333333333334,2,8.0,0.047307856380276334
expert,0.5,expert_fulludp_disagreement_q4,q3,150,3.996934407552083,3.81109278233846,4.78425154814849,4.534539052602407,2.6947940104716532,0.08636093139648438,0.0017708297570546469,1.0,0.9750288608542813,1.0,0,0.0,0.02497113914571871
expert,0.5,expert_fulludp_disagreement_q4,q4,150,4.652511062622071,4.470748338699341,5.333315153379698,5.123636183867584,3.674154333166174,-2.3457794189453125,0.0037964701652526854,0.9933333333333333,0.9632062470660242,0.9933333333333333,1,4.0,0.036793752933975674
expert,0.5,residual_cosine_q4,q1,150,3.7745354080200197,3.5238503392537437,4.974368482022672,4.773954025474755,2.0980755573994405,-2.3457794189453125,0.0026455310980478923,0.96,0.9154854608728422,0.96,6,24.0,0.08451453912715763
expert,0.5,residual_cosine_q4,q2,150,2.843596700032552,2.587124667485555,4.319153863030511,4.018541173677187,0.8155747490960199,-1.8308753967285156,0.0016086963812510173,0.9466666666666667,0.8982949952532904,0.9466666666666667,5,20.0,0.0756528425070956
expert,0.5,residual_cosine_q4,q3,150,2.4985628763834637,2.245422722498576,4.6077536505621834,4.298190887554272,0.4588081772262986,-1.7608375549316406,0.0014617669582366944,0.9266666666666666,0.873463014734016,0.9266666666666666,8,32.0,0.10170500474670958
expert,0.5,residual_cosine_q4,q4,150,3.8027263641357423,3.5581257286071777,5.499183964084935,5.247046200004784,1.8929847511085305,-1.1873397827148438,0.002139370044072469,0.9666666666666667,0.9243471574929044,0.9666666666666667,3,12.0,0.05714766586424166
expert,0.5,haze_density_q4,q1,150,1.5342669550577799,1.2904440835316975,2.7146276010049357,2.33301051887306,0.22159535176045186,-1.9341583251953125,0.0012248114744822184,0.84,0.7729589426564779,0.84,18,72.0,0.1817096613539524
expert,0.5,haze_density_q4,q2,150,3.042604497273763,2.762312748591105,4.652598509917388,4.307798138180295,1.2843504209776182,-2.3457794189453125,0.0014463416735331217,0.96,0.9154854608728422,0.96,4,16.0,0.06655490610017561
expert,0.5,haze_density_q4,q3,150,3.9781366856892904,3.7816579252878824,5.214040343825881,4.9898965010771885,2.463151261613176,0.22356796264648438,0.0023104512691497804,1.0,0.9750288608542813,1.0,0,0.0,0.02497113914571871
expert,0.5,haze_density_q4,q4,150,4.364413210550944,4.1815222574869795,5.155121829058673,4.907899457055169,3.225131163725982,0.08636093139648438,0.0028737600644429527,1.0,0.9750288608542813,1.0,0,0.0,0.02497113914571871
expert,0.5,haze_density_p90_q4,q1,150,1.5349468104044597,1.317948912302653,3.27664818634858,2.8894919060372017,0.12727489986935178,-1.9341583251953125,0.0010523311297098797,0.8133333333333334,0.7434413916324496,0.8133333333333334,20,80.0,0.1969815064476629
expert,0.5,haze_density_p90_q4,q2,163,2.9879331413222237,2.7829749967422956,4.5661474704742435,4.323491840362549,1.4929038047790528,-2.3457794189453125,0.0017980611397444837,0.9877300613496932,0.9563709952637922,0.9877300613496932,2,7.361963190184049,0.04362900473620768
expert,0.5,haze_density_p90_q4,q3,142,4.080286066297075,3.897185733284749,5.191039112636021,4.948168111528669,3.0067212785993305,0.22356796264648438,0.002216830639772012,1.0,0.9736590931531194,1.0,0,0.0,0.02634090684688045
expert,0.5,haze_density_p90_q4,q4,145,4.422327291554418,4.249641627607674,5.292089462280273,5.027987366252475,3.3299904929267035,0.08636093139648438,0.0028453868010948446,1.0,0.9741900113946637,1.0,0,0.0,0.025809988605336138
expert,0.5,transmission_q4,q1,150,4.364413210550944,4.1815222574869795,5.155121829058673,4.907899457055169,3.225131163725982,0.08636093139648438,0.0028737600644429527,1.0,0.9750288608542813,1.0,0,0.0,0.02497113914571871
expert,0.5,transmission_q4,q2,150,3.9781366856892904,3.7816579252878824,5.214040343825881,4.9898965010771885,2.463151261613176,0.22356796264648438,0.0023104512691497804,1.0,0.9750288608542813,1.0,0,0.0,0.02497113914571871
expert,0.5,transmission_q4,q3,150,3.042604497273763,2.762312748591105,4.652598509917388,4.307798138180295,1.2843504209776182,-2.3457794189453125,0.0014463416735331217,0.96,0.9154854608728422,0.96,4,16.0,0.06655490610017561
expert,0.5,transmission_q4,q4,150,1.5342669550577799,1.2904440835316975,2.7146276010049357,2.33301051887306,0.22159535176045186,-1.9341583251953125,0.0012248114744822184,0.84,0.7729589426564779,0.84,18,72.0,0.1817096613539524
expert,0.5,airlight_proxy_q4,q1,150,4.1636130777994795,3.9834257844289143,5.2684138530009506,5.042823892026334,2.6896076717892208,0.3359107971191406,0.0016086975733439128,1.0,0.9750288608542813,1.0,0,0.0,0.02497113914571871
expert,0.5,airlight_proxy_q4,q2,157,3.801561039724168,3.5943358694671828,5.097210370577299,4.8604965527852375,2.1765922155135717,-0.830841064453125,0.0024527053164828355,0.9872611464968153,0.9547468035530363,0.9872611464968153,1,3.821656050955414,0.035193744745187334
expert,0.5,airlight_proxy_q4,q3,143,3.0415043730835816,2.815127906265792,4.894519751412528,4.592203508104597,1.118613760811942,-1.4305267333984375,0.0022125781832875073,0.9440559440559441,0.8934944200622377,0.9440559440559441,5,20.97902097902098,0.07923661610398051
expert,0.5,airlight_proxy_q4,q4,150,1.8772735468546549,1.6627919565836589,3.9009341162604256,3.533657140989561,0.29040259283942144,-2.3457794189453125,0.0015701774756113687,0.8666666666666667,0.8030184935523371,0.8666666666666667,16,64.0,0.16624750076432737
expert,0.5,depth_q4,q1,150,3.473151423136393,3.237533256530762,4.994540343413481,4.724142324602282,1.6265496949891787,-0.830841064453125,0.0022201824188232424,0.9733333333333334,0.9334450938998244,0.9733333333333334,3,12.0,0.05714766586424166
expert,0.5,depth_q4,q2,150,3.3321955490112303,3.081785181681315,4.89598511360787,4.666482781075143,1.0779743710079708,-1.9341583251953125,0.0017965376377105714,0.9666666666666667,0.9243471574929044,0.9666666666666667,3,12.0,0.05714766586424166
expert,0.5,depth_q4,q3,150,3.3004104232788087,3.0171369043986003,5.077278188756995,4.799058107427649,0.8828605445655616,-2.3457794189453125,0.002104056676228841,0.9266666666666666,0.873463014734016,0.9266666666666666,7,28.0,0.09318757392357377
expert,0.5,depth_q4,q4,150,2.813663953145345,2.572730794906616,4.662388311850058,4.365765455606821,0.7811659735602301,-1.7608375549316406,0.0017345877488454183,0.9333333333333333,0.8816364734751868,0.9333333333333333,9,36.0,0.11009092044290468
expert,0.5,dark_channel_q4,q1,150,2.299935468037923,2.0413470681508383,4.513816369546427,4.249100914516965,0.2873362979373416,-1.7608375549316406,0.0014041368166605632,0.8866666666666667,0.8259959574322895,0.8866666666666667,13,52.0,0.14262945312423528
expert,0.5,dark_channel_q4,q2,150,3.077582664489746,2.8055728766123456,4.834797678767024,4.446701949351543,1.0276400591876056,-1.9341583251953125,0.001501539945602417,0.9466666666666667,0.8982949952532904,0.9466666666666667,5,20.0,0.0756528425070956
expert,0.5,dark_channel_q4,q3,150,3.624523735046387,3.36675358581543,5.265921360737568,5.053332455093796,1.8680459099846918,-2.3457794189453125,0.002054579257965088,0.9666666666666667,0.9243471574929044,0.9666666666666667,4,16.0,0.06655490610017561
expert,0.5,dark_channel_q4,q4,150,3.917379480997721,3.720246176401774,5.1007401749894425,4.859691516773121,2.5933516218855575,0.22356796264648438,0.002895108461380005,1.0,0.9750288608542813,1.0,0,0.0,0.02497113914571871
expert,0.5,low_texture_q4,q1,150,2.803409055074056,2.5383094228108725,4.805785875062685,4.518317825729782,0.48544641443201014,-1.7608375549316406,0.002351270119349162,0.9066666666666666,0.8494348221544131,0.9066666666666666,13,52.0,0.14262945312423528
expert,0.5,low_texture_q4,q2,150,3.438924954732259,3.1661292978922524,5.155457831717826,4.935050773620605,1.0387715520085514,-1.9341583251953125,0.0019543747107187907,0.9533333333333334,0.9068124260764262,0.9533333333333334,5,20.0,0.0756528425070956
expert,0.5,low_texture_q4,q3,150,3.3700146102905273,3.154381875991821,4.912141181327201,4.60035958418975,1.779051806475665,-2.3457794189453125,0.0018806175390879314,0.98,0.9428523341357584,0.98,1,4.0,0.036793752933975674
expert,0.5,low_texture_q4,q4,150,3.307072728474935,3.0628909435272216,5.00199488047007,4.76009730777225,1.3793349394927155,-1.8308753967285156,0.001669102112452189,0.96,0.9154854608728422,0.96,3,12.0,0.05714766586424166
expert,0.5,edge_density_q4,q1,150,3.0356625239054362,2.771817490895589,5.076289975965345,4.810052312387002,0.7769046474147487,-2.3457794189453125,0.0028079513708750407,0.9266666666666666,0.873463014734016,0.9266666666666666,9,36.0,0.11009092044290468
expert,0.5,edge_density_q4,q2,150,2.9313624699910483,2.65455037244161,4.8458354537551465,4.597533365198084,0.6639287793958509,-1.9341583251953125,0.002018296718597412,0.9266666666666666,0.873463014734016,0.9266666666666666,7,28.0,0.09318757392357377
expert,0.5,edge_density_q4,q3,150,3.3878422419230145,3.140534121195475,5.044185174478067,4.768677391877046,1.3977004386283256,-1.1873397827148438,0.0014309775829315185,0.9666666666666667,0.9243471574929044,0.9666666666666667,4,16.0,0.06655490610017561
expert,0.5,edge_density_q4,q4,150,3.564554112752279,3.342221033732096,4.967343098408467,4.721850121987833,1.536842036891628,-0.7114448547363281,0.0015981388092041015,0.98,0.9428523341357584,0.98,2,8.0,0.047307856380276334
expert,0.5,sky_highlight_proxy_q4,q1,150,2.9737787501017254,2.686051337560018,5.0648125828923405,4.831778075243975,0.7769209372030722,-1.8308753967285156,0.0013823318481445313,0.92,0.8653774250568133,0.92,8,32.0,0.10170500474670958
expert,0.5,sky_highlight_proxy_q4,q2,150,2.53568177541097,2.2703750432332357,4.431893065169051,4.081644764462033,0.6033974724846918,-2.3457794189453125,0.0014712496598561604,0.92,0.8653774250568133,0.92,9,36.0,0.11009092044290468
expert,0.5,sky_highlight_proxy_q4,q3,150,3.2703641764322917,3.0538859933217366,4.906771479426204,4.637203574824977,1.4788057481920398,-1.1873397827148438,0.002419309616088867,0.9666666666666667,0.9243471574929044,0.9666666666666667,4,16.0,0.06655490610017561
expert,0.5,sky_highlight_proxy_q4,q4,150,4.13959664662679,3.948670103708903,5.136785610302074,4.912614693512787,2.7154837943412162,-0.523040771484375,0.002582473357518514,0.9933333333333333,0.9632062470660242,0.9933333333333333,1,4.0,0.036793752933975674
expert,0.5,split,val_hard,300,4.178071460723877,4.048764860153198,5.137302474975586,4.942181407928467,3.2293960571289064,-2.3457794189453125,0.002564018964767456,0.9966666666666667,0.9813628354450568,0.9966666666666667,1,2.0,0.018637164554943353
expert,0.5,split,val_regular,300,2.281639213562012,2.1126762409210205,4.293019256591797,4.069499059041341,0.5132710266113282,-1.9341583251953125,0.0013636632760365803,0.9033333333333333,0.864617489059097,0.9033333333333333,21,42.00000000000001,0.10463675583744661
expert,0.75,A0-PSNR_q4,q1,150,7.713982531229655,7.432589665095011,8.835420505420581,8.381753107019373,6.49597827808277,1.5442008972167969,0.004581186771392822,1.0,0.9750288608542813,1.0,0,0.0,0.02497113914571871
expert,0.75,A0-PSNR_q4,q2,150,5.261859944661459,4.971356948852539,6.4121788643501905,5.811511766588366,4.558559623924461,0.5673141479492188,0.0018872090180714926,1.0,0.9750288608542813,1.0,0,0.0,0.02497113914571871
expert,0.75,A0-PSNR_q4,q3,150,3.2395166015625,2.9313366750081378,4.212883408005173,3.5146244513021934,2.126381332809861,-4.084316253662109,0.0014154136180877686,0.9133333333333333,0.8573705468757647,0.9133333333333333,13,52.0,0.14262945312423528
expert,0.75,A0-PSNR_q4,q4,150,0.32387430826822916,0.07619546254475912,1.800233995592272,1.3271998431231524,-1.0926153853132918,-4.197170257568359,0.0005707832177480062,0.5533333333333333,0.47342972849954784,0.5533333333333333,61,244.0,0.48665482559532014
expert,0.75,Expert-A0_diff_signed_q4,q1,150,6.9234569549560545,6.563975295384725,8.571192045469541,8.179401085827802,4.442343119028452,-4.084316253662109,0.003889962037404378,0.98,0.9428523341357584,0.98,3,12.0,0.05714766586424166
expert,0.75,Expert-A0_diff_signed_q4,q2,150,3.0476029205322264,2.7342752291361494,4.87146604383314,4.416378005775245,0.7370353904930321,-2.9853897094726562,0.0016604737440745036,0.86,0.7954465685598426,0.86,20,80.0,0.1969815064476629
expert,0.75,Expert-A0_diff_signed_q4,q3,150,1.5515338134765626,1.1853199329376223,4.379314010207717,3.656056125743969,-0.8128058974807327,-4.197170257568359,0.001104729970296224,0.7066666666666667,0.6293750243784035,0.7066666666666667,41,164.0,0.3496465555349391
expert,0.75,Expert-A0_diff_signed_q4,q4,150,5.016639696756998,4.53959610303243,7.905659082773569,7.306286396851411,1.4571068222458299,-2.793487548828125,0.0017994268735249837,0.92,0.8653774250568133,0.92,10,40.0,0.11836352652481318
expert,0.75,Expert-A0_diff_abs_q4,q1,150,0.4793854014078776,0.20691199111938477,1.910546689420133,1.5265763927150418,-1.0926153853132918,-4.197170257568359,0.000647356907526652,0.6,0.5200476798506318,0.6,54,216.0,0.4394273244876372
expert,0.75,Expert-A0_diff_abs_q4,q2,150,3.2662069447835287,2.975481897989909,4.074685070965741,3.624227338223844,1.4005119736130174,-2.4430923461914062,0.0014179583390553792,0.9266666666666666,0.873463014734016,0.9266666666666666,11,44.0,0.12653698526598403
expert,0.75,Expert-A0_diff_abs_q4,q3,150,5.122413126627604,4.771232474644979,5.961902412208351,5.446429456246865,3.5090925886824325,-4.084316253662109,0.002016040086746216,0.9533333333333334,0.9068124260764262,0.9533333333333334,7,28.0,0.09318757392357377
expert,0.75,Expert-A0_diff_abs_q4,q4,150,7.6712279129028325,7.359946922938029,8.835420505420581,8.381753107019373,5.7483820528597445,-1.8047370910644531,0.004373237291971843,0.9866666666666667,0.9526921436197237,0.9866666666666667,2,8.0,0.047307856380276334
expert,0.75,expert_fulludp_disagreement_q4,q1,150,0.8245691935221354,0.5168925946553548,3.033664909568993,2.4696256843773097,-1.0926153853132918,-4.197170257568359,0.0007588632901509603,0.62,0.5402429290748867,0.62,52,208.0,0.4257972751537541
expert,0.75,expert_fulludp_disagreement_q4,q2,150,3.5747250493367515,3.230869222005208,5.6080502174996045,5.031863939439928,1.1185244998416386,-4.106075286865234,0.0014983252684275309,0.92,0.8653774250568133,0.92,11,44.0,0.12653698526598403
expert,0.75,expert_fulludp_disagreement_q4,q3,150,5.241947860717773,4.872411807378133,7.396887392611117,6.899778842926025,2.495399268897804,-2.4430923461914062,0.0018124636014302572,0.94,0.8899090795570952,0.94,9,36.0,0.11009092044290468
expert,0.75,expert_fulludp_disagreement_q4,q4,150,6.897991282145182,6.537151923497517,8.770298622749948,8.291536975551296,4.200641425880226,-4.084316253662109,0.004384940465291341,0.9866666666666667,0.9526921436197237,0.9866666666666667,2,8.0,0.047307856380276334
expert,0.75,residual_cosine_q4,q1,150,5.009671821594238,4.58339484723409,7.857024785634634,7.474786302205678,1.7573785524110537,-4.106075286865234,0.003005034923553467,0.9333333333333333,0.8816364734751868,0.9333333333333333,9,36.0,0.11009092044290468
expert,0.75,residual_cosine_q4,q2,150,3.480014419555664,3.0270864334106444,6.438044470709723,5.824523552044018,0.02530268076303843,-3.3949928283691406,0.001623750925064087,0.8266666666666667,0.7581386789428641,0.8266666666666667,25,100.0,0.23446724890952125
expert,0.75,residual_cosine_q4,q3,150,2.873060709635417,2.421688051859538,6.974565969931112,6.337229504456391,-0.5700849584631018,-4.197170257568359,0.0014774696032206218,0.7933333333333333,0.7216049669151186,0.7933333333333333,27,108.0,0.24922468041993318
expert,0.75,residual_cosine_q4,q4,150,5.176486434936524,4.707323356628418,9.088478603878537,8.505898877736685,1.2643335703256968,-2.824859619140625,0.002348337173461914,0.9133333333333333,0.8573705468757647,0.9133333333333333,13,52.0,0.14262945312423528
expert,0.75,haze_density_q4,q1,150,1.0483876927693685,0.6840730412801107,3.143426276542045,2.5191933812321845,-0.9326745110589105,-4.197170257568359,0.0012016721566518148,0.64,0.5605726755123628,0.64,50,200.0,0.4121039231407327
expert,0.75,haze_density_q4,q2,150,3.668526865641276,3.1771126384735107,6.811704480970228,6.118758469658929,0.44297873007284627,-4.084316253662109,0.001414402723312378,0.8666666666666667,0.8030184935523371,0.8666666666666667,19,76.0,0.18936780715468765
expert,0.75,haze_density_q4,q3,150,5.50784740447998,5.118150985717774,8.536172248221732,8.004368841325915,2.487226022256387,-0.964630126953125,0.002560702959696452,0.9733333333333334,0.9334450938998244,0.9733333333333334,3,12.0,0.05714766586424166
expert,0.75,haze_density_q4,q4,150,6.314471422831217,5.968379916508993,8.373310346861143,7.899775633940826,3.7518767279547616,-0.9746856689453125,0.003277814785639445,0.9866666666666667,0.9526921436197237,0.9866666666666667,2,8.0,0.047307856380276334
expert,0.75,haze_density_p90_q4,q1,150,1.0997533543904623,0.7523054110209147,4.206013499079524,3.5161593102120063,-1.1715522972313133,-4.197170257568359,0.0009937727451324464,0.62,0.5402429290748867,0.62,53,212.0,0.43262011010395124
expert,0.75,haze_density_p90_q4,q2,163,3.5833838644203233,3.182412458197471,6.796053075790406,6.314346387386322,0.9724835395812989,-4.084316253662109,0.0018250605811370663,0.8773006134969326,0.8180757098879816,0.8773006134969326,19,69.93865030674846,0.1748809705215896
expert,0.75,haze_density_p90_q4,q3,142,5.673412014061297,5.306073509135716,8.448990903581892,7.8782638141087125,3.361833190917969,-0.964630126953125,0.0024530556000454326,0.9929577464788732,0.9611897670033634,0.9929577464788732,1,4.225352112676056,0.03881023299663651
expert,0.75,haze_density_p90_q4,q4,145,6.387627095189588,6.047836779890389,8.674327638414171,8.106128899256388,3.857742839389377,-0.766815185546875,0.0032641669799541606,0.9862068965517241,0.9511064772560722,0.9862068965517241,1,4.137931034482759,0.03802867369885121
expert,0.75,transmission_q4,q1,150,6.314471422831217,5.968379916508993,8.373310346861143,7.899775633940826,3.7518767279547616,-0.9746856689453125,0.003277814785639445,0.9866666666666667,0.9526921436197237,0.9866666666666667,2,8.0,0.047307856380276334
expert,0.75,transmission_q4,q2,150,5.50784740447998,5.118150985717774,8.536172248221732,8.004368841325915,2.487226022256387,-0.964630126953125,0.002560702959696452,0.9733333333333334,0.9334450938998244,0.9733333333333334,3,12.0,0.05714766586424166
expert,0.75,transmission_q4,q3,150,3.668526865641276,3.1771126384735107,6.811704480970228,6.118758469658929,0.44297873007284627,-4.084316253662109,0.001414402723312378,0.8666666666666667,0.8030184935523371,0.8666666666666667,19,76.0,0.18936780715468765
expert,0.75,transmission_q4,q4,150,1.0483876927693685,0.6840730412801107,3.143426276542045,2.5191933812321845,-0.9326745110589105,-4.197170257568359,0.0012016721566518148,0.64,0.5605726755123628,0.64,50,200.0,0.4121039231407327
expert,0.75,airlight_proxy_q4,q1,150,5.895034205118815,5.5375350513458255,8.680323935843802,8.175896690987251,2.962740099107897,-0.9746856689453125,0.0017333634694417317,0.9933333333333333,0.9632062470660242,0.9933333333333333,1,4.0,0.036793752933975674
expert,0.75,airlight_proxy_q4,q2,157,5.0818089163227445,4.71494636474901,8.084076270079,7.613579378372584,1.9311930338541667,-2.645824432373047,0.0027653282615029886,0.9426751592356688,0.8946525904188517,0.9426751592356688,8,30.573248407643312,0.09731834868783584
expert,0.75,airlight_proxy_q4,q3,143,3.8145072910335514,3.404874252772831,7.730001558576311,7.1458729553222655,0.4877528599330357,-2.50445556640625,0.002418734393753372,0.8461538461538461,0.7780415908097098,0.8461538461538461,19,79.72027972027972,0.1982070738415411
expert,0.75,airlight_proxy_q4,q4,150,1.6887422307332356,1.299313528696696,5.450979954487568,4.722567450033652,-0.8888431239772487,-4.197170257568359,0.001520992120107015,0.68,0.6016545135045653,0.68,46,184.0,0.38451993838498993
expert,0.75,depth_q4,q1,150,4.720330708821614,4.253361494700114,8.140543551058382,7.545825798447067,1.0660481839566618,-2.645824432373047,0.0024522705872853596,0.9,0.8415639255193983,0.9,13,52.0,0.14262945312423528
expert,0.75,depth_q4,q2,150,4.343304456075033,3.8963986797332764,7.699048789771828,7.266691527495514,0.3076886357487859,-4.106075286865234,0.0019449071089426677,0.8933333333333333,0.8337524992356726,0.8933333333333333,15,60.0,0.15843607448060176
expert,0.75,depth_q4,q3,150,4.237489356994629,3.7309884878794355,8.056790686942435,7.408129836417533,0.024174148971970018,-4.084316253662109,0.002310062249501546,0.8533333333333334,0.7879140446419708,0.8533333333333334,21,84.00000000000001,0.20455343144015736
expert,0.75,depth_q4,q4,150,3.2381088638305666,2.8223223934173585,6.786297411532016,6.211253186818715,-0.2571848276499155,-4.197170257568359,0.001747352679570516,0.82,0.7507753195800668,0.82,25,100.0,0.23446724890952125
expert,0.75,dark_channel_q4,q1,150,2.483020057678223,2.0348770078023275,6.6451924813760295,6.131210641603212,-0.8122944187473606,-4.197170257568359,0.00147643248240153,0.7066666666666667,0.6293750243784035,0.7066666666666667,41,164.0,0.3496465555349391
expert,0.75,dark_channel_q4,q2,150,3.924459368387858,3.4426211109161375,7.581374245720941,6.804374220564559,0.23484410466374578,-4.106075286865234,0.0015495391686757406,0.8666666666666667,0.8030184935523371,0.8666666666666667,19,76.0,0.18936780715468765
expert,0.75,dark_channel_q4,q3,150,4.744583117167155,4.253587344487508,8.689447093654323,8.16659687660836,1.1815694860509924,-4.084316253662109,0.002194948593775431,0.9133333333333333,0.8573705468757647,0.9133333333333333,11,44.0,0.12653698526598403
expert,0.75,dark_channel_q4,q4,150,5.387170842488607,4.985335775375367,8.044269458667651,7.579712097064869,2.888950657200169,-0.964630126953125,0.0032336723804473875,0.98,0.9428523341357584,0.98,3,12.0,0.05714766586424166
expert,0.75,low_texture_q4,q1,150,3.417194684346517,2.957420258839925,7.382936890060837,6.798081733085014,-0.5559880024677998,-4.197170257568359,0.002684760491053263,0.7866666666666666,0.7143779835916132,0.7866666666666666,29,116.0,0.2638642757457893
expert,0.75,low_texture_q4,q2,150,4.525459912618001,4.0095006955464685,8.29260898280788,7.798075232634673,0.11304226437130489,-4.106075286865234,0.002098203897476196,0.8733333333333333,0.8106321928453123,0.8733333333333333,18,72.0,0.1817096613539524
expert,0.75,low_texture_q4,q3,150,4.346135470072428,3.941347387313843,7.648641380103859,7.06698471017786,1.3724882796004012,-4.084316253662109,0.0019977319240570067,0.9333333333333333,0.8816364734751868,0.9333333333333333,9,36.0,0.11009092044290468
expert,0.75,low_texture_q4,q4,150,4.250443318684896,3.7941291745503745,7.9056492367306275,7.423664639447186,0.5488508069837416,-3.3949928283691406,0.001673896312713623,0.8733333333333333,0.8106321928453123,0.8733333333333333,18,72.0,0.1817096613539524
expert,0.75,edge_density_q4,q1,150,3.8226626459757487,3.3221484184265138,7.98648097064044,7.39561459309346,-0.2602240072714316,-4.084316253662109,0.0031555608908335367,0.8133333333333334,0.7434413916324496,0.8133333333333334,27,108.0,0.24922468041993318
expert,0.75,edge_density_q4,q2,150,3.725224444071452,3.229998551686605,7.777588870074298,7.286909075041075,-0.33839241234031886,-4.197170257568359,0.002130014101664225,0.82,0.7507753195800668,0.82,25,100.0,0.23446724890952125
expert,0.75,edge_density_q4,q3,150,4.411304766337077,3.975269681294759,7.923171326920793,7.228977832278689,0.81073420756572,-2.9853897094726562,0.0014476017157236734,0.92,0.8653774250568133,0.92,10,40.0,0.11836352652481318
expert,0.75,edge_density_q4,q4,150,4.580041529337565,4.151568549474081,7.563945151664115,7.068461737761626,0.889413678968275,-2.1364974975585938,0.001721415917078654,0.9133333333333333,0.8573705468757647,0.9133333333333333,12,48.0,0.13462257494318683
expert,0.75,sky_highlight_proxy_q4,q1,150,3.741176846822103,3.2407770404815675,8.01525389181601,7.5649881414465,-0.24765818827861064,-3.3949928283691406,0.0014235218365987142,0.8,0.7288572445686362,0.8,29,116.0,0.2638642757457893
expert,0.75,sky_highlight_proxy_q4,q2,150,2.844938875834147,2.378641844431559,6.536367416381836,5.841994953155517,-0.40802362802866343,-4.197170257568359,0.0014410805702209472,0.7866666666666666,0.7143779835916132,0.7866666666666666,29,116.0,0.2638642757457893
expert,0.75,sky_highlight_proxy_q4,q3,150,4.148611348470052,3.7410137519836426,7.667241792421083,7.031949012343948,0.9081319860509924,-2.824859619140625,0.0026867508888244627,0.92,0.8653774250568133,0.92,11,44.0,0.12653698526598403
expert,0.75,sky_highlight_proxy_q4,q4,150,5.804506314595541,5.440009283065796,8.210212759069494,7.802750200838656,2.9523300995697848,-2.793487548828125,0.002903239329655965,0.96,0.9154854608728422,0.96,5,20.0,0.0756528425070956
expert,0.75,split,val_hard,300,5.897821063995361,5.650858434041341,8.258427149454752,7.840654497782389,3.820091094970703,-4.084316253662109,0.0028847869237264,0.9866666666666667,0.9662239391535501,0.9866666666666667,4,8.0,0.033776060846449914
expert,0.75,split,val_regular,300,2.3717956288655597,2.067247922897339,6.120628102620443,5.694981128692627,-0.5175507609049479,-4.197170257568359,0.001342509388923645,0.7466666666666667,0.6945448785767366,0.7466666666666667,70,140.0,0.28438233809395574
expert,1.0,A0-PSNR_q4,q1,150,8.276923433939617,7.90780661646525,9.959709115930506,9.349693772599503,6.445556537525074,0.8550834655761719,0.004219892422358195,1.0,0.9750288608542813,1.0,0,0.0,0.02497113914571871
expert,1.0,A0-PSNR_q4,q2,150,4.712143987019857,4.365736452738443,6.143510354531778,5.436056399989773,3.901173565838788,-1.1549491882324219,0.001387942632039388,0.98,0.9428523341357584,0.98,3,12.0,0.05714766586424166
expert,1.0,A0-PSNR_q4,q3,150,2.371678873697917,2.0340128173828127,3.5352873931059965,2.711388618881638,1.0583648681640625,-5.717708587646484,0.0008185835679372152,0.8133333333333334,0.7434413916324496,0.8133333333333334,21,84.00000000000001,0.20455343144015736
expert,1.0,A0-PSNR_q4,q4,150,-1.0485372416178385,-1.3278855845133462,0.6285760209367082,0.1059244774483346,-2.6255168399295292,-6.3777618408203125,0.00011434713999430339,0.28,0.21432932072113414,0.28,100,400.0,0.7371135434254932
expert,1.0,Expert-A0_diff_signed_q4,q1,150,6.849020868937174,6.377572266896566,9.776656382792705,9.164586904886606,3.1097819354083085,-5.717708587646484,0.0035128235816955567,0.9533333333333334,0.9068124260764262,0.9533333333333334,7,28.0,0.09318757392357377
expert,1.0,Expert-A0_diff_signed_q4,q2,150,2.129548263549805,1.7283096249898275,4.562571242048934,3.997665492908375,-0.8179859470676731,-4.8444366455078125,0.0010676046212514242,0.7533333333333333,0.6785952428848271,0.7533333333333333,32,128.0,0.28562201640838675
expert,1.0,Expert-A0_diff_signed_q4,q3,150,0.6022657775878906,0.16502712059020996,3.9832145072318412,3.2299228230038204,-2.2262817589012354,-6.3777618408203125,0.0005982430775960286,0.49333333333333335,0.41449536043021934,0.49333333333333335,68,272.0,0.5331736883670596
expert,1.0,Expert-A0_diff_signed_q4,q4,150,4.731374142964681,4.114313899993896,8.557607135257205,7.86160025209994,0.27136766588365707,-4.984447479248047,0.001362094481786092,0.8733333333333333,0.8106321928453123,0.8733333333333333,17,68.0,0.17400404256771052
expert,1.0,Expert-A0_diff_abs_q4,q1,150,-0.702754618326823,-1.005752353668213,1.2664535110061232,0.7826149038366369,-2.6255168399295292,-6.3777618408203125,0.0002183226744333903,0.3333333333333333,0.2628864565745068,0.3333333333333333,92,368.0,0.6875101123484232
expert,1.0,Expert-A0_diff_abs_q4,q2,150,2.5810843404134114,2.224363207499186,4.014649159199482,3.488820385288548,-0.2519747759844806,-4.969921112060547,0.0008919235070546468,0.84,0.7729589426564779,0.84,18,72.0,0.1817096613539524
expert,1.0,Expert-A0_diff_abs_q4,q3,150,4.6606481170654295,4.2179779548645016,6.512581799481366,5.804914134257548,2.2237373558250635,-5.717708587646484,0.0014527281125386556,0.92,0.8653774250568133,0.92,11,44.0,0.12653698526598403
expert,1.0,Expert-A0_diff_abs_q4,q4,150,7.773231213887533,7.360111441294352,9.959709115930506,9.349693772599503,4.3288862898543075,-4.652915954589844,0.003977791468302409,0.98,0.9428523341357584,0.98,3,12.0,0.05714766586424166
expert,1.0,expert_fulludp_disagreement_q4,q1,150,-0.35859832763671873,-0.7048113276163737,2.3783437368032097,1.7533800022022143,-2.6255168399295292,-6.3777618408203125,0.0003228894869486491,0.38,0.30623600246985916,0.38,88,352.0,0.6623479083163406
expert,1.0,expert_fulludp_disagreement_q4,q2,150,3.027122611999512,2.601927278518677,5.642935520893818,5.0303882573101975,-0.26230580097920186,-6.101512908935547,0.0010534445444742838,0.8266666666666667,0.7581386789428641,0.8266666666666667,19,76.0,0.18936780715468765
expert,1.0,expert_fulludp_disagreement_q4,q3,150,4.6410815684000655,4.185286047617595,7.961785599992082,7.271396332818109,1.1593828974543392,-4.969921112060547,0.0012460827827453613,0.8866666666666667,0.8259959574322895,0.8866666666666667,14,56.0,0.15056517784558682
expert,1.0,expert_fulludp_disagreement_q4,q4,150,7.002603200276693,6.5205218232472735,9.82912929638012,9.164872244242074,3.137350443247202,-5.717708587646484,0.003918348948160807,0.98,0.9428523341357584,0.98,3,12.0,0.05714766586424166
expert,1.0,residual_cosine_q4,q1,150,4.600879325866699,4.059878784815471,8.695159963659338,8.22836470732818,0.49474293476826436,-6.101512908935547,0.002579631805419922,0.8866666666666667,0.8259959574322895,0.8866666666666667,14,56.0,0.15056517784558682
expert,1.0,residual_cosine_q4,q2,150,2.856772918701172,2.3080256690979004,6.824883847623258,6.033685081069534,-1.2609624089421452,-4.930274963378906,0.001070388952891032,0.7133333333333334,0.6363493407951355,0.7133333333333334,37,148.0,0.3214047571151728
expert,1.0,residual_cosine_q4,q3,150,2.111624704996745,1.6219905223846436,7.238029583080395,6.473829795218802,-1.9505767822265625,-6.3777618408203125,0.000969783862431844,0.6466666666666666,0.5673798898960487,0.6466666666666666,48,192.0,0.39834548649543466
expert,1.0,residual_cosine_q4,q4,150,4.742932103474935,4.131341651280721,9.815018009495091,9.088623791771967,-0.18401676899678,-4.984447479248047,0.0019209611415863038,0.8266666666666667,0.7581386789428641,0.8266666666666667,25,100.0,0.23446724890952125
expert,1.0,haze_density_q4,q1,150,-0.16293643951416015,-0.5597677332560221,2.4405715014483476,1.688824040180928,-2.390249200769373,-6.3777618408203125,0.0007036427656809489,0.42,0.34397871737684205,0.42,79,315.99999999999994,0.604902423286054
expert,1.0,haze_density_q4,q2,150,2.851204325358073,2.2933868776957196,6.531653120711043,5.816745002849681,-0.9769596409153294,-5.717708587646484,0.0008309404055277507,0.7733333333333333,0.6999966119167443,0.7733333333333333,32,128.0,0.28562201640838675
expert,1.0,haze_density_q4,q3,150,5.277391242980957,4.73466242535909,9.341339781477645,8.719422832695214,1.4648582870895799,-2.5458450317382812,0.002131164868672689,0.9133333333333333,0.8573705468757647,0.9133333333333333,9,36.0,0.11009092044290468
expert,1.0,haze_density_q4,q4,150,6.346549924214681,5.862382194519043,9.508069064166095,8.92482216809247,2.908013627335832,-2.6002883911132812,0.0028750177224477133,0.9666666666666667,0.9243471574929044,0.9666666666666667,4,16.0,0.06655490610017561
expert,1.0,haze_density_p90_q4,q1,150,-0.08540526072184244,-0.4776548983256022,3.66678304929991,2.793318949518977,-2.7327518978634395,-6.3777618408203125,0.000516964594523112,0.4066666666666667,0.33133978704521405,0.4066666666666667,82,328.0,0.6241763820467926
expert,1.0,haze_density_p90_q4,q2,163,2.9134713272375565,2.385508979610139,7.126276063919067,6.414528958797455,-0.2408604621887207,-5.717708587646484,0.0012174358397173735,0.7607361963190185,0.689716830376228,0.7607361963190185,35,128.83435582822085,0.28394745024331985
expert,1.0,haze_density_p90_q4,q3,142,5.408600699733681,4.955928950914195,9.285783004760741,8.603151681082588,2.4326414925711495,-2.4639739990234375,0.0020248654862524756,0.9507042253521126,0.9017454980238941,0.9507042253521126,3,12.676056338028168,0.06027094214910476
expert,1.0,haze_density_p90_q4,q4,145,6.322241526636584,5.886145757477859,9.562999513414171,8.885735209782919,2.922186851501465,-1.9784812927246094,0.0028799809258559655,0.9724137931034482,0.9312203255117549,0.9724137931034482,4,16.551724137931036,0.06877967448824501
expert,1.0,transmission_q4,q1,150,6.346549924214681,5.862382194519043,9.508069064166095,8.92482216809247,2.908013627335832,-2.6002883911132812,0.0028750177224477133,0.9666666666666667,0.9243471574929044,0.9666666666666667,4,16.0,0.06655490610017561
expert,1.0,transmission_q4,q2,150,5.277391242980957,4.73466242535909,9.341339781477645,8.719422832695214,1.4648582870895799,-2.5458450317382812,0.002131164868672689,0.9133333333333333,0.8573705468757647,0.9133333333333333,9,36.0,0.11009092044290468
expert,1.0,transmission_q4,q3,150,2.851204325358073,2.2933868776957196,6.531653120711043,5.816745002849681,-0.9769596409153294,-5.717708587646484,0.0008309404055277507,0.7733333333333333,0.6999966119167443,0.7733333333333333,32,128.0,0.28562201640838675
expert,1.0,transmission_q4,q4,150,-0.16293643951416015,-0.5597677332560221,2.4405715014483476,1.688824040180928,-2.390249200769373,-6.3777618408203125,0.0007036427656809489,0.42,0.34397871737684205,0.42,79,315.99999999999994,0.604902423286054
expert,1.0,airlight_proxy_q4,q1,150,5.7186960601806645,5.272489731470744,9.688348615491712,9.092422052331873,2.1132153691472233,-2.6002883911132812,0.0013721859455108642,0.9466666666666667,0.8982949952532904,0.9466666666666667,6,24.0,0.08451453912715763
expert,1.0,airlight_proxy_q4,q2,157,4.645314417067607,4.17688299956595,8.677531853700296,8.109520924397003,0.7302071987054287,-4.969921112060547,0.0023280860512119948,0.8726114649681529,0.8114222428007297,0.8726114649681529,16,61.146496815286625,0.15913079228857738
expert,1.0,airlight_proxy_q4,q3,143,3.2702314603578793,2.7644342922664187,8.439700698852539,7.718829111371722,-0.7473609924316407,-4.652915954589844,0.0019417004985409184,0.7762237762237763,0.7011999287197851,0.7762237762237763,27,113.28671328671328,0.26077412612740586
expert,1.0,airlight_proxy_q4,q4,150,0.6137965774536133,0.14053437932332358,5.209664473662505,4.278374777613459,-2.3886348621265308,-6.3777618408203125,0.0008807619412740072,0.47333333333333333,0.39509757671394596,0.47333333333333333,75,300.0,0.5790112953091499
expert,1.0,depth_q4,q1,150,4.528678817749023,3.9177146078745526,9.248395249650285,8.419752007561762,-0.16474553701039907,-4.969921112060547,0.002003892660140991,0.82,0.7507753195800668,0.82,26,104.0,0.24186132105713584
expert,1.0,depth_q4,q2,150,3.8349105453491212,3.2619474678039553,8.395059791771141,7.954754455669506,-0.9976234436035156,-6.101512908935547,0.0015363220373789468,0.7866666666666666,0.7143779835916132,0.7866666666666666,26,104.0,0.24186132105713584
expert,1.0,depth_q4,q3,150,3.6199033228556314,2.9968217347462973,8.497230272035342,7.728653077821473,-1.3517546782622467,-5.717708587646484,0.0018742616971333822,0.76,0.6857071477257107,0.76,33,132.0,0.2928245431539757
expert,1.0,depth_q4,q4,150,2.3287163670857747,1.809807855606079,6.523509721498232,5.865095282889701,-1.7315891368969067,-6.3777618408203125,0.0011262893676757812,0.7066666666666667,0.6293750243784035,0.7066666666666667,39,156.0,0.33556579865677183
expert,1.0,dark_channel_q4,q1,150,1.6039553451538087,1.059467035293579,6.824781108546901,6.135923911429741,-2.2240250046188765,-6.3777618408203125,0.0010784570376078289,0.5533333333333333,0.47342972849954784,0.5533333333333333,62,248.0,0.49334290576826517
expert,1.0,dark_channel_q4,q2,150,3.356012992858887,2.7586511777242024,7.997552253104545,7.0861507235346615,-1.1083841066102724,-6.101512908935547,0.001086283524831136,0.78,0.7071754568460243,0.78,30,120.0,0.27114275543136385
expert,1.0,dark_channel_q4,q3,150,4.241647605895996,3.680683984120687,9.680265117335964,9.047113145364296,-0.30295335924303207,-5.717708587646484,0.0016759928067525227,0.7933333333333333,0.7216049669151186,0.7933333333333333,26,104.0,0.24186132105713584
expert,1.0,dark_channel_q4,q4,150,5.11059310913086,4.624547897338867,8.591314470445788,7.949034103187355,2.124523369041649,-2.4639739990234375,0.002700032393137614,0.9466666666666667,0.8982949952532904,0.9466666666666667,6,24.0,0.08451453912715763
expert,1.0,low_texture_q4,q1,150,2.6955837122599284,2.1230377457936602,7.576075940518765,6.926068958076271,-1.9661545624604095,-6.3777618408203125,0.0023129065831502277,0.6866666666666666,0.6085587615654109,0.6866666666666666,46,184.0,0.38451993838498993
expert,1.0,low_texture_q4,q2,150,4.038587633768717,3.3720380624135338,9.054610639005094,8.355881007941994,-1.3485373419684332,-6.101512908935547,0.0016344177722930908,0.7533333333333333,0.6785952428848271,0.7533333333333333,30,120.0,0.27114275543136385
expert,1.0,low_texture_q4,q3,150,3.855923881530762,3.361330348968506,8.187844508403057,7.476362725850699,0.19060145197687922,-5.717708587646484,0.0015026732285817464,0.8466666666666667,0.7804188029480452,0.8466666666666667,19,76.0,0.18936780715468765
expert,1.0,low_texture_q4,q4,150,3.722113825480143,3.1637279135386147,8.640509734282622,7.950997687674858,-0.8892320168984903,-4.969921112060547,0.0010907681783040365,0.7866666666666666,0.7143779835916132,0.7866666666666666,29,116.0,0.2638642757457893
expert,1.0,edge_density_q4,q1,150,3.2172741063435875,2.6184741713205977,8.367973791586387,7.678617379472063,-1.7329139709472656,-5.717708587646484,0.0026474924882253013,0.7466666666666667,0.6715044398939715,0.7466666666666667,35,140.0,0.3071592690406407
expert,1.0,edge_density_q4,q2,150,3.304676399230957,2.6775539061228435,8.91380923503154,8.133526242745889,-1.7734560579866976,-6.3777618408203125,0.001584222714106242,0.7,0.6224187104297283,0.7,40,160.0,0.34261597429060303
expert,1.0,edge_density_q4,q3,150,3.861415875752767,3.3582934640248614,8.241862168183198,7.399769636102625,-0.4419550509066195,-4.8444366455078125,0.0009758663177490234,0.8,0.7288572445686362,0.8,26,104.0,0.24186132105713584
expert,1.0,edge_density_q4,q4,150,3.9288426717122396,3.4420635662078856,7.807906588992557,7.098736608350599,-0.4344418499920819,-3.6896743774414062,0.001333184242248535,0.8266666666666667,0.7581386789428641,0.8266666666666667,23,92.0,0.21958119705195484
expert,1.0,sky_highlight_proxy_q4,q1,150,3.180333646138509,2.55000990486145,8.830012604996964,8.235055392497294,-1.706893405398807,-4.969921112060547,0.0009932267665863038,0.7066666666666667,0.6293750243784035,0.7066666666666667,42,168.00000000000003,0.35665798050298214
expert,1.0,sky_highlight_proxy_q4,q2,150,1.9749406051635743,1.4358950519561768,6.588453189746754,5.649295518204973,-1.8270206966915645,-6.3777618408203125,0.0008656211694081624,0.6133333333333333,0.5334964294452138,0.6133333333333333,50,200.0,0.4121039231407327
expert,1.0,sky_highlight_proxy_q4,q3,150,3.5795132446289064,3.060830462773641,8.034265157338735,7.265186693861677,-0.3444612863901499,-4.4946136474609375,0.0022080520788828532,0.8133333333333334,0.7434413916324496,0.8133333333333334,24,96.0,0.227041057343522
expert,1.0,sky_highlight_proxy_q4,q4,150,5.577421557108561,5.162588644663493,8.954857852007892,8.415721468023351,2.062795587488123,-4.984447479248047,0.0024738657474517823,0.94,0.8899090795570952,0.94,8,32.0,0.10170500474670958
expert,1.0,split,val_hard,300,5.7053643989562985,5.402861649831136,8.933579279581705,8.38279045232137,2.9999374389648437,-5.717708587646484,0.0024612772464752196,0.9633333333333334,0.9355455130036123,0.9633333333333334,7,14.0,0.04737255433287896
expert,1.0,split,val_regular,300,1.4507401275634766,1.077621873855591,6.116619720458984,5.5640916188557945,-1.9224696350097656,-6.3777618408203125,0.0008091056346893311,0.5733333333333334,0.5167848970036206,0.5733333333333334,117,234.0,0.44625247849428934
fulludp,0.0,A0-PSNR_q4,q1,150,0.0,0.0,0.0,0.0,0.0,0.0,0.0,0.0,0.0,1.0,0,0.0,0.02497113914571871
fulludp,0.0,A0-PSNR_q4,q2,150,0.0,0.0,0.0,0.0,0.0,0.0,0.0,0.0,0.0,1.0,0,0.0,0.02497113914571871
fulludp,0.0,A0-PSNR_q4,q3,150,0.0,0.0,0.0,0.0,0.0,0.0,0.0,0.0,0.0,1.0,0,0.0,0.02497113914571871
fulludp,0.0,A0-PSNR_q4,q4,150,0.0,0.0,0.0,0.0,0.0,0.0,0.0,0.0,0.0,1.0,0,0.0,0.02497113914571871
fulludp,0.0,Expert-A0_diff_signed_q4,q1,150,0.0,0.0,0.0,0.0,0.0,0.0,0.0,0.0,0.0,1.0,0,0.0,0.02497113914571871
fulludp,0.0,Expert-A0_diff_signed_q4,q2,150,0.0,0.0,0.0,0.0,0.0,0.0,0.0,0.0,0.0,1.0,0,0.0,0.02497113914571871
fulludp,0.0,Expert-A0_diff_signed_q4,q3,150,0.0,0.0,0.0,0.0,0.0,0.0,0.0,0.0,0.0,1.0,0,0.0,0.02497113914571871
fulludp,0.0,Expert-A0_diff_signed_q4,q4,150,0.0,0.0,0.0,0.0,0.0,0.0,0.0,0.0,0.0,1.0,0,0.0,0.02497113914571871
fulludp,0.0,Expert-A0_diff_abs_q4,q1,150,0.0,0.0,0.0,0.0,0.0,0.0,0.0,0.0,0.0,1.0,0,0.0,0.02497113914571871
fulludp,0.0,Expert-A0_diff_abs_q4,q2,150,0.0,0.0,0.0,0.0,0.0,0.0,0.0,0.0,0.0,1.0,0,0.0,0.02497113914571871
fulludp,0.0,Expert-A0_diff_abs_q4,q3,150,0.0,0.0,0.0,0.0,0.0,0.0,0.0,0.0,0.0,1.0,0,0.0,0.02497113914571871
fulludp,0.0,Expert-A0_diff_abs_q4,q4,150,0.0,0.0,0.0,0.0,0.0,0.0,0.0,0.0,0.0,1.0,0,0.0,0.02497113914571871
fulludp,0.0,expert_fulludp_disagreement_q4,q1,150,0.0,0.0,0.0,0.0,0.0,0.0,0.0,0.0,0.0,1.0,0,0.0,0.02497113914571871
fulludp,0.0,expert_fulludp_disagreement_q4,q2,150,0.0,0.0,0.0,0.0,0.0,0.0,0.0,0.0,0.0,1.0,0,0.0,0.02497113914571871
fulludp,0.0,expert_fulludp_disagreement_q4,q3,150,0.0,0.0,0.0,0.0,0.0,0.0,0.0,0.0,0.0,1.0,0,0.0,0.02497113914571871
fulludp,0.0,expert_fulludp_disagreement_q4,q4,150,0.0,0.0,0.0,0.0,0.0,0.0,0.0,0.0,0.0,1.0,0,0.0,0.02497113914571871
fulludp,0.0,residual_cosine_q4,q1,150,0.0,0.0,0.0,0.0,0.0,0.0,0.0,0.0,0.0,1.0,0,0.0,0.02497113914571871
fulludp,0.0,residual_cosine_q4,q2,150,0.0,0.0,0.0,0.0,0.0,0.0,0.0,0.0,0.0,1.0,0,0.0,0.02497113914571871
fulludp,0.0,residual_cosine_q4,q3,150,0.0,0.0,0.0,0.0,0.0,0.0,0.0,0.0,0.0,1.0,0,0.0,0.02497113914571871
fulludp,0.0,residual_cosine_q4,q4,150,0.0,0.0,0.0,0.0,0.0,0.0,0.0,0.0,0.0,1.0,0,0.0,0.02497113914571871
fulludp,0.0,haze_density_q4,q1,150,0.0,0.0,0.0,0.0,0.0,0.0,0.0,0.0,0.0,1.0,0,0.0,0.02497113914571871
fulludp,0.0,haze_density_q4,q2,150,0.0,0.0,0.0,0.0,0.0,0.0,0.0,0.0,0.0,1.0,0,0.0,0.02497113914571871
fulludp,0.0,haze_density_q4,q3,150,0.0,0.0,0.0,0.0,0.0,0.0,0.0,0.0,0.0,1.0,0,0.0,0.02497113914571871
fulludp,0.0,haze_density_q4,q4,150,0.0,0.0,0.0,0.0,0.0,0.0,0.0,0.0,0.0,1.0,0,0.0,0.02497113914571871
fulludp,0.0,haze_density_p90_q4,q1,150,0.0,0.0,0.0,0.0,0.0,0.0,0.0,0.0,0.0,1.0,0,0.0,0.02497113914571871
fulludp,0.0,haze_density_p90_q4,q2,163,0.0,0.0,0.0,0.0,0.0,0.0,0.0,0.0,0.0,1.0,0,0.0,0.023025432506041655
fulludp,0.0,haze_density_p90_q4,q3,142,0.0,0.0,0.0,0.0,0.0,0.0,0.0,0.0,0.0,1.0,0,0.0,0.02634090684688045
fulludp,0.0,haze_density_p90_q4,q4,145,0.0,0.0,0.0,0.0,0.0,0.0,0.0,0.0,0.0,1.0,0,0.0,0.025809988605336138
fulludp,0.0,transmission_q4,q1,150,0.0,0.0,0.0,0.0,0.0,0.0,0.0,0.0,0.0,1.0,0,0.0,0.02497113914571871
fulludp,0.0,transmission_q4,q2,150,0.0,0.0,0.0,0.0,0.0,0.0,0.0,0.0,0.0,1.0,0,0.0,0.02497113914571871
fulludp,0.0,transmission_q4,q3,150,0.0,0.0,0.0,0.0,0.0,0.0,0.0,0.0,0.0,1.0,0,0.0,0.02497113914571871
fulludp,0.0,transmission_q4,q4,150,0.0,0.0,0.0,0.0,0.0,0.0,0.0,0.0,0.0,1.0,0,0.0,0.02497113914571871
fulludp,0.0,airlight_proxy_q4,q1,150,0.0,0.0,0.0,0.0,0.0,0.0,0.0,0.0,0.0,1.0,0,0.0,0.02497113914571871
fulludp,0.0,airlight_proxy_q4,q2,157,0.0,0.0,0.0,0.0,0.0,0.0,0.0,0.0,0.0,1.0,0,0.0,0.02388436822314625
fulludp,0.0,airlight_proxy_q4,q3,143,0.0,0.0,0.0,0.0,0.0,0.0,0.0,0.0,0.0,1.0,0,0.0,0.02616152370990237
fulludp,0.0,airlight_proxy_q4,q4,150,0.0,0.0,0.0,0.0,0.0,0.0,0.0,0.0,0.0,1.0,0,0.0,0.02497113914571871
fulludp,0.0,depth_q4,q1,150,0.0,0.0,0.0,0.0,0.0,0.0,0.0,0.0,0.0,1.0,0,0.0,0.02497113914571871
fulludp,0.0,depth_q4,q2,150,0.0,0.0,0.0,0.0,0.0,0.0,0.0,0.0,0.0,1.0,0,0.0,0.02497113914571871
fulludp,0.0,depth_q4,q3,150,0.0,0.0,0.0,0.0,0.0,0.0,0.0,0.0,0.0,1.0,0,0.0,0.02497113914571871
fulludp,0.0,depth_q4,q4,150,0.0,0.0,0.0,0.0,0.0,0.0,0.0,0.0,0.0,1.0,0,0.0,0.02497113914571871
fulludp,0.0,dark_channel_q4,q1,150,0.0,0.0,0.0,0.0,0.0,0.0,0.0,0.0,0.0,1.0,0,0.0,0.02497113914571871
fulludp,0.0,dark_channel_q4,q2,150,0.0,0.0,0.0,0.0,0.0,0.0,0.0,0.0,0.0,1.0,0,0.0,0.02497113914571871
fulludp,0.0,dark_channel_q4,q3,150,0.0,0.0,0.0,0.0,0.0,0.0,0.0,0.0,0.0,1.0,0,0.0,0.02497113914571871
fulludp,0.0,dark_channel_q4,q4,150,0.0,0.0,0.0,0.0,0.0,0.0,0.0,0.0,0.0,1.0,0,0.0,0.02497113914571871
fulludp,0.0,low_texture_q4,q1,150,0.0,0.0,0.0,0.0,0.0,0.0,0.0,0.0,0.0,1.0,0,0.0,0.02497113914571871
fulludp,0.0,low_texture_q4,q2,150,0.0,0.0,0.0,0.0,0.0,0.0,0.0,0.0,0.0,1.0,0,0.0,0.02497113914571871
fulludp,0.0,low_texture_q4,q3,150,0.0,0.0,0.0,0.0,0.0,0.0,0.0,0.0,0.0,1.0,0,0.0,0.02497113914571871
fulludp,0.0,low_texture_q4,q4,150,0.0,0.0,0.0,0.0,0.0,0.0,0.0,0.0,0.0,1.0,0,0.0,0.02497113914571871
fulludp,0.0,edge_density_q4,q1,150,0.0,0.0,0.0,0.0,0.0,0.0,0.0,0.0,0.0,1.0,0,0.0,0.02497113914571871
fulludp,0.0,edge_density_q4,q2,150,0.0,0.0,0.0,0.0,0.0,0.0,0.0,0.0,0.0,1.0,0,0.0,0.02497113914571871
fulludp,0.0,edge_density_q4,q3,150,0.0,0.0,0.0,0.0,0.0,0.0,0.0,0.0,0.0,1.0,0,0.0,0.02497113914571871
fulludp,0.0,edge_density_q4,q4,150,0.0,0.0,0.0,0.0,0.0,0.0,0.0,0.0,0.0,1.0,0,0.0,0.02497113914571871
fulludp,0.0,sky_highlight_proxy_q4,q1,150,0.0,0.0,0.0,0.0,0.0,0.0,0.0,0.0,0.0,1.0,0,0.0,0.02497113914571871
fulludp,0.0,sky_highlight_proxy_q4,q2,150,0.0,0.0,0.0,0.0,0.0,0.0,0.0,0.0,0.0,1.0,0,0.0,0.02497113914571871
fulludp,0.0,sky_highlight_proxy_q4,q3,150,0.0,0.0,0.0,0.0,0.0,0.0,0.0,0.0,0.0,1.0,0,0.0,0.02497113914571871
fulludp,0.0,sky_highlight_proxy_q4,q4,150,0.0,0.0,0.0,0.0,0.0,0.0,0.0,0.0,0.0,1.0,0,0.0,0.02497113914571871
fulludp,0.0,split,val_hard,300,0.0,0.0,0.0,0.0,0.0,0.0,0.0,0.0,0.0,1.0,0,0.0,0.012643429997735661
fulludp,0.0,split,val_regular,300,0.0,0.0,0.0,0.0,0.0,0.0,0.0,0.0,0.0,1.0,0,0.0,0.012643429997735661
fulludp,0.125,A0-PSNR_q4,q1,150,0.05829541524251302,0.024555693308512372,0.059626553509686445,0.01431772644455369,0.06627057049725507,-0.6035079956054688,6.314953168233236e-05,0.5733333333333334,0.49332380166580925,0.5733333333333334,22,88.0,0.21208595535802935
fulludp,0.125,A0-PSNR_q4,q2,150,0.0934716288248698,0.06386895497639974,0.10742754549593539,0.03962416777739654,0.08548210762642525,-0.5515022277832031,9.610732396443685e-05,0.68,0.6016545135045653,0.68,12,48.0,0.13462257494318683
fulludp,0.125,A0-PSNR_q4,q3,150,0.1437835693359375,0.10589852396647136,0.04416749284074113,-0.022521158166833827,0.15899988122888514,-0.6352310180664062,0.00011712272961934408,0.7466666666666667,0.6715044398939715,0.7466666666666667,19,76.0,0.18936780715468765
fulludp,0.125,A0-PSNR_q4,q4,150,0.26671600341796875,0.22550583140055339,0.23244868098078547,0.13906685081688133,0.357519716829867,-0.8958015441894531,0.00012303551038106282,0.88,0.8182903386460475,0.88,5,20.0,0.0756528425070956
fulludp,0.125,Expert-A0_diff_signed_q4,q1,150,0.09662827809651693,0.06185020065307617,0.06104984798946896,0.011585109298293659,0.141093279864337,-0.6035079956054688,4.5101642608642575e-05,0.6133333333333333,0.5334964294452138,0.6133333333333333,20,80.0,0.1969815064476629
fulludp,0.125,Expert-A0_diff_signed_q4,q2,150,0.13177115122477215,0.09160322380065918,-0.004978231481603674,-0.07471601383106129,0.27076906771273224,-0.8302345275878906,0.00010605414708455403,0.6866666666666666,0.6085587615654109,0.6866666666666666,19,76.0,0.18936780715468765
fulludp,0.125,Expert-A0_diff_signed_q4,q3,150,0.22493687947591146,0.19361069615681967,0.055436830262880064,-0.0036669808465081277,0.3606411701924092,-0.4653167724609375,0.00013684988021850586,0.8666666666666667,0.8030184935523371,0.8666666666666667,7,28.0,0.09318757392357377
fulludp,0.125,Expert-A0_diff_signed_q4,q4,150,0.10893030802408854,0.07871245447794596,0.07233336165144637,0.024086011422647012,0.10926942567567567,-0.8958015441894531,0.00011140942573547364,0.7133333333333334,0.6363493407951355,0.7133333333333334,12,48.0,0.13462257494318683
fulludp,0.125,Expert-A0_diff_abs_q4,q1,150,0.2681867980957031,0.23687571080525716,0.20800564740155195,0.1246609455830342,0.357519716829867,-0.8958015441894531,0.00012277881304423015,0.8866666666666667,0.8259959574322895,0.8866666666666667,6,24.0,0.08451453912715763
fulludp,0.125,Expert-A0_diff_abs_q4,q2,150,0.13334643046061198,0.09671990331013998,0.1105040472906989,0.055074805182379644,0.14468620918892525,-0.8302345275878906,0.00011781573295593261,0.7133333333333334,0.6363493407951355,0.7133333333333334,14,56.0,0.15056517784558682
fulludp,0.125,Expert-A0_diff_abs_q4,q3,150,0.08611698150634765,0.0535157159169515,0.05797478959367082,-0.009202712290995828,0.10403349592879012,-0.5515022277832031,9.395003318786621e-05,0.6866666666666666,0.6085587615654109,0.6866666666666666,19,76.0,0.18936780715468765
fulludp,0.125,Expert-A0_diff_abs_q4,q4,150,0.0746164067586263,0.04132656733194987,0.059626553509686445,0.01431772644455369,0.12300027383340371,-0.6035079956054688,6.487051645914713e-05,0.5933333333333334,0.5133451744046799,0.5933333333333334,19,76.0,0.18936780715468765
fulludp,0.125,expert_fulludp_disagreement_q4,q1,150,0.33298609415690106,0.30128632354736323,0.3444103550266575,0.28414173641720336,0.357519716829867,-0.13631439208984375,0.00015514691670735677,0.96,0.9154854608728422,0.96,0,0.0,0.02497113914571871
fulludp,0.125,expert_fulludp_disagreement_q4,q2,150,0.20213415781656902,0.1691784801483154,0.2881665100922456,0.224970750550966,0.1213173737397065,-0.6507682800292969,0.00015175859133402506,0.8266666666666667,0.7581386789428641,0.8266666666666667,5,20.0,0.0756528425070956
fulludp,0.125,expert_fulludp_disagreement_q4,q3,150,0.06829800923665365,0.036868366877237956,0.12720932831635345,0.09329713357461467,-0.03486530200855152,-0.8958015441894531,8.820454279581705e-05,0.6933333333333334,0.61548006161501,0.6933333333333334,15,60.0,0.15843607448060176
fulludp,0.125,expert_fulludp_disagreement_q4,q4,150,-0.04115164438883463,-0.07214486694335936,0.05782240790289801,0.011180223001016154,-0.13998083166173986,-0.6035079956054688,4.305044809977214e-06,0.4,0.32504190767977553,0.4,38,152.0,0.32849556010602865
fulludp,0.125,residual_cosine_q4,q1,150,-0.15137781778971354,-0.1793558858235677,-0.16101971188107053,-0.20231170654296876,-0.0985313621727196,-0.8958015441894531,-9.045720100402831e-05,0.12,0.07726840439679382,0.12,55,219.99999999999997,0.4462191070614596
fulludp,0.125,residual_cosine_q4,q2,150,0.09422276814778646,0.07474788284301757,0.00900979944177576,-0.015973887572417387,0.20401640196104306,-0.6352310180664062,8.775909741719563e-05,0.7733333333333333,0.6999966119167443,0.7733333333333333,3,12.0,0.05714766586424166
fulludp,0.125,residual_cosine_q4,q3,150,0.2417247517903646,0.220451176961263,0.15485114020270271,0.1381528261545542,0.32788168417440877,-0.14111709594726562,0.00015581250190734863,0.9866666666666667,0.9526921436197237,0.9866666666666667,0,0.0,0.02497113914571871
fulludp,0.125,residual_cosine_q4,q4,150,0.37769691467285155,0.352291540145874,0.3153586516509185,0.25696624549659525,0.4709364401327597,0.08990287780761719,0.00024630069732666014,1.0,0.9750288608542813,1.0,0,0.0,0.02497113914571871
fulludp,0.125,haze_density_q4,q1,150,0.2670664723714193,0.22774373626708985,0.18930754790434967,0.11989411534489813,0.37029946816934123,-0.8958015441894531,0.00014918843905131022,0.8733333333333333,0.8106321928453123,0.8733333333333333,10,40.0,0.11836352652481318
fulludp,0.125,haze_density_q4,q2,150,0.14713865915934246,0.10991558329264323,0.11177573332915434,0.04233606957100534,0.22788290075353673,-0.5112190246582031,0.0001349616050720215,0.74,0.6644342013432283,0.74,15,60.0,0.15843607448060176
fulludp,0.125,haze_density_q4,q3,150,0.09953275044759115,0.07029690678914388,0.00734556043470228,-0.055223722715635554,0.14601011533994931,-0.6035079956054688,5.249857902526855e-05,0.7066666666666667,0.6293750243784035,0.7066666666666667,13,52.0,0.14262945312423528
fulludp,0.125,haze_density_q4,q4,150,0.0485287348429362,0.015596199035644534,0.08187294006347656,0.035437264313568945,0.06199357316300676,-0.6352310180664062,6.276647249857584e-05,0.56,0.48004707281221837,0.56,20,80.0,0.1969815064476629
fulludp,0.125,haze_density_p90_q4,q1,150,0.269572385152181,0.2231492265065511,0.21621791736499682,0.12786521653871277,0.33633309441643794,-0.8958015441894531,0.0001451551914215088,0.84,0.7729589426564779,0.84,7,28.0,0.09318757392357377
fulludp,0.125,haze_density_p90_q4,q2,163,0.1494422280715287,0.11732749763441963,0.06337962150573731,-0.009613645076751706,0.25222339630126955,-0.6035079956054688,0.00012681381834065255,0.7484662576687117,0.6766573768275054,0.7484662576687117,16,58.895705521472394,0.15349804682211876
fulludp,0.125,haze_density_p90_q4,q3,142,0.07584733022770411,0.045059797125802915,0.05510493687220982,0.0018327604021344869,0.14076331002371653,-0.5515022277832031,9.335262674680898e-05,0.676056338028169,0.5953250006318106,0.676056338028169,19,80.28169014084506,0.19953751457466187
fulludp,0.125,haze_density_p90_q4,q4,145,0.06051538401636584,0.026795243888065732,0.01790089077419705,-0.04376147323184543,0.05041281382242838,-0.6352310180664062,2.9050070663978312e-05,0.6068965517241379,0.5256188814709304,0.6068965517241379,16,66.20689655172414,0.17173290507644284
fulludp,0.125,transmission_q4,q1,150,0.0485287348429362,0.015596199035644534,0.08187294006347656,0.035437264313568945,0.06199357316300676,-0.6352310180664062,6.276647249857584e-05,0.56,0.48004707281221837,0.56,20,80.0,0.1969815064476629
fulludp,0.125,transmission_q4,q2,150,0.09953275044759115,0.07029690678914388,0.00734556043470228,-0.055223722715635554,0.14601011533994931,-0.6035079956054688,5.249857902526855e-05,0.7066666666666667,0.6293750243784035,0.7066666666666667,13,52.0,0.14262945312423528
fulludp,0.125,transmission_q4,q3,150,0.14713865915934246,0.10991558329264323,0.11177573332915434,0.04233606957100534,0.22788290075353673,-0.5112190246582031,0.0001349616050720215,0.74,0.6644342013432283,0.74,15,60.0,0.15843607448060176
fulludp,0.125,transmission_q4,q4,150,0.2670664723714193,0.22774373626708985,0.18930754790434967,0.11989411534489813,0.37029946816934123,-0.8958015441894531,0.00014918843905131022,0.8733333333333333,0.8106321928453123,0.8733333333333333,10,40.0,0.11836352652481318
fulludp,0.125,airlight_proxy_q4,q1,150,0.11673309326171875,0.08458317375183105,0.16502225721204603,0.093800129761567,0.16934348441459038,-0.4653167724609375,5.439440409342448e-05,0.6733333333333333,0.5947670390048972,0.6733333333333333,15,60.0,0.15843607448060176
fulludp,0.125,airlight_proxy_q4,q2,157,0.05182701159434713,0.02574096667538783,0.012721428504356971,-0.03400855186658028,0.12844966008112982,-0.6352310180664062,4.53807745769525e-05,0.6305732484076433,0.552798011217552,0.6305732484076433,20,76.43312101910828,0.18857775719927036
fulludp,0.125,airlight_proxy_q4,q3,143,0.1349451691954286,0.09549092646245357,-0.037337657383510046,-0.09308545521327427,0.27527596609933036,-0.8958015441894531,9.714348332865255e-05,0.6993006993006993,0.6197334043040457,0.6993006993006993,17,71.32867132867133,0.1821414644397818
fulludp,0.125,airlight_proxy_q4,q4,150,0.26264019012451173,0.2284121481577555,0.10921772106273754,0.03930624884528083,0.3673140036093222,-0.8302345275878906,0.00020491202672322592,0.88,0.8182903386460475,0.88,6,24.0,0.08451453912715763
fulludp,0.125,depth_q4,q1,150,0.11458349863688151,0.08132158533732096,0.007486034084010769,-0.040759305696229674,0.21053365758947423,-0.5266475677490234,5.669236183166504e-05,0.66,0.5810413820559243,0.66,14,56.0,0.15056517784558682
fulludp,0.125,depth_q4,q2,150,0.132668940226237,0.10060251808166504,0.007092243916279561,-0.05751278335983689,0.3007312465358425,-0.6035079956054688,0.00010431965192159017,0.7133333333333334,0.6363493407951355,0.7133333333333334,14,56.0,0.15056517784558682
fulludp,0.125,depth_q4,q3,150,0.14859610239664714,0.10400921567281088,0.09057230562777133,0.00808453688750396,0.33017328623178843,-0.8302345275878906,9.785572687784831e-05,0.7066666666666667,0.6293750243784035,0.7066666666666667,17,68.0,0.17400404256771052
fulludp,0.125,depth_q4,q4,150,0.16641807556152344,0.1278554573059082,0.13854691788956924,0.06496513469799145,0.26070187542889567,-0.8958015441894531,0.0001405473550160726,0.8,0.7288572445686362,0.8,13,52.0,0.14262945312423528
fulludp,0.125,dark_channel_q4,q1,150,0.22099177042643228,0.1756747023264567,0.15820590869800463,0.09080103539131783,0.36425956519874364,-0.8958015441894531,0.00013882835706075032,0.82,0.7507753195800668,0.82,9,36.0,0.11009092044290468
fulludp,0.125,dark_channel_q4,q2,150,0.16569358825683594,0.12665684572855632,0.11276337907120988,0.03490677910882074,0.29821911373653925,-0.6352310180664062,0.00010720252990722656,0.7533333333333333,0.6785952428848271,0.7533333333333333,16,64.0,0.16624750076432737
fulludp,0.125,dark_channel_q4,q3,150,0.10924742380777995,0.07636287752787273,0.010009817174963048,-0.03759374876280089,0.19763523823506124,-0.5515022277832031,7.261991500854492e-05,0.6933333333333334,0.61548006161501,0.6933333333333334,16,64.0,0.16624750076432737
fulludp,0.125,dark_channel_q4,q4,150,0.06633383433024088,0.035033348719278976,0.0818300504942198,0.01815884048874314,0.12350494797165329,-0.6035079956054688,8.07642936706543e-05,0.6133333333333333,0.5334964294452138,0.6133333333333333,17,68.0,0.17400404256771052
fulludp,0.125,low_texture_q4,q1,150,0.15992406209309895,0.12099310429890951,-0.01938113650760135,-0.07637634019593934,0.33379838273331924,-0.6035079956054688,5.8677991231282555e-05,0.76,0.6857071477257107,0.76,17,68.0,0.17400404256771052
fulludp,0.125,low_texture_q4,q2,150,0.14313868204752603,0.1093832410176595,0.05138799306508657,0.004126927659318254,0.2590585657068201,-0.8302345275878906,0.00010491212209065756,0.76,0.6857071477257107,0.76,11,44.0,0.12653698526598403
fulludp,0.125,low_texture_q4,q3,150,0.1365093994140625,0.10182660293579102,0.02763923438819679,-0.020649082596237593,0.2553445970689928,-0.6507682800292969,0.00012110273043314616,0.7133333333333334,0.6363493407951355,0.7133333333333334,12,48.0,0.13462257494318683
fulludp,0.125,low_texture_q4,q4,150,0.12269447326660156,0.08037803141276043,0.16732076696447423,0.08664239677223,0.17385565268026815,-0.8958015441894531,0.00011472225189208985,0.6466666666666666,0.5673798898960487,0.6466666666666666,18,72.0,0.1817096613539524
fulludp,0.125,edge_density_q4,q1,150,0.11828650156656902,0.07383678944905599,-0.007150959324192356,-0.08775992780118375,0.22506507667335304,-0.8958015441894531,5.964438120524088e-05,0.6533333333333333,0.5742027248462459,0.6533333333333333,22,88.0,0.21208595535802935
fulludp,0.125,edge_density_q4,q2,150,0.1753003438313802,0.13930014801025392,0.11289864617425042,0.04831939645715662,0.27217916540197423,-0.6507682800292969,0.0001515185832977295,0.7533333333333333,0.6785952428848271,0.7533333333333333,11,44.0,0.12653698526598403
fulludp,0.125,edge_density_q4,q3,150,0.15372997283935547,0.12588613255818684,0.12052572095716321,0.05625769898698137,0.3073466532939189,-0.34532928466796875,9.684960047403971e-05,0.7666666666666667,0.6928407309593593,0.7666666666666667,8,32.0,0.10170500474670958
fulludp,0.125,edge_density_q4,q4,150,0.11494979858398438,0.08217741330464681,0.05757244213207348,-0.005380365010854355,0.22485104122677366,-0.6352310180664062,9.140253067016602e-05,0.7066666666666667,0.6293750243784035,0.7066666666666667,17,68.0,0.17400404256771052
fulludp,0.125,sky_highlight_proxy_q4,q1,150,0.19070074717203775,0.15339728101094563,0.13696304527488914,0.05824787552292283,0.2981652955751161,-0.8958015441894531,0.00013803203900655112,0.74,0.6644342013432283,0.74,13,52.0,0.14262945312423528
fulludp,0.125,sky_highlight_proxy_q4,q2,150,0.21059014638264975,0.17535397148132323,0.16492374523265943,0.08593514674418681,0.30128829543654984,-0.8302345275878906,0.00013042012850443522,0.82,0.7507753195800668,0.82,13,52.0,0.14262945312423528
fulludp,0.125,sky_highlight_proxy_q4,q3,150,0.11442468007405598,0.08298390452067057,0.025777404372756545,-0.028419396683976455,0.21079893369932431,-0.5515022277832031,8.58155886332194e-05,0.7266666666666667,0.6503534444650609,0.7266666666666667,14,56.0,0.15056517784558682
fulludp,0.125,sky_highlight_proxy_q4,q4,150,0.04655104319254557,0.01630484390258789,0.019431810121278505,-0.027314897485681482,0.10901466575828758,-0.6035079956054688,4.514733950297038e-05,0.5933333333333334,0.5133451744046799,0.5933333333333334,18,72.0,0.1817096613539524
fulludp,0.125,split,val_hard,300,0.09355764389038086,0.06804233010609945,0.04629295349121094,0.0012568283081054702,0.15299235026041666,-0.6035079956054688,8.362392584482829e-05,0.6366666666666667,0.5808305794961457,0.6366666666666667,34,68.0,0.15420023806384622
fulludp,0.125,split,val_regular,300,0.18757566452026367,0.15794991111755372,0.08415702819824218,0.041417391459147135,0.3201703389485677,-0.8958015441894531,0.00011608362197875976,0.8033333333333333,0.7546402726922236,0.8033333333333333,24,48.0,0.11627401141355302
fulludp,0.25,A0-PSNR_q4,q1,150,0.10141343434651692,0.03176855723063152,0.10955124932366449,0.01837881191356763,0.10863577352987754,-1.2175064086914062,5.0681432088216143e-05,0.56,0.48004707281221837,0.56,33,132.0,0.2928245431539757
fulludp,0.25,A0-PSNR_q4,q2,150,0.1513617451985677,0.09007267888387045,0.18838552526525548,0.05354619928308436,0.1252089835502006,-1.1379776000976562,0.0001283860206604004,0.6466666666666666,0.5673798898960487,0.6466666666666666,28,112.0,0.25655860836755046
fulludp,0.25,A0-PSNR_q4,q3,150,0.2298627217610677,0.15470744959513347,0.043951601595491975,-0.0857037827775285,0.23991631172798775,-1.2863426208496094,0.00016097029050191243,0.6933333333333334,0.61548006161501,0.6933333333333334,32,128.0,0.28562201640838675
fulludp,0.25,A0-PSNR_q4,q4,150,0.4267451985677083,0.3446953951517741,0.3934223071948902,0.2081963719548406,0.5882702389278928,-1.9697303771972656,0.0001890405019124349,0.8133333333333334,0.7434413916324496,0.8133333333333334,12,48.0,0.13462257494318683
fulludp,0.25,Expert-A0_diff_signed_q4,q1,150,0.1732074228922526,0.10416189193725588,0.11021196520006335,0.013046419298326659,0.24673606253959038,-1.2175064086914062,2.29338804880778e-05,0.6066666666666667,0.5267647239233271,0.6066666666666667,33,132.0,0.2928245431539757
fulludp,0.25,Expert-A0_diff_signed_q4,q2,150,0.20133682250976562,0.12242915471394858,-0.044546900568781675,-0.1816572060456147,0.4391888798894109,-1.9697303771972656,0.00013463775316874187,0.62,0.5402429290748867,0.62,32,128.0,0.28562201640838675
fulludp,0.25,Expert-A0_diff_signed_q4,q3,150,0.36255175272623696,0.3018139979044596,0.0619457347972973,-0.056115351496516044,0.6107192168364654,-0.9390640258789062,0.00020481228828430175,0.8066666666666666,0.7361357242542107,0.8066666666666666,14,56.0,0.15056517784558682
fulludp,0.25,Expert-A0_diff_signed_q4,q4,150,0.17228710174560546,0.10991102091471355,0.12819604615907412,0.02860777313644822,0.1234181378338788,-1.8305854797363281,0.00016669432322184244,0.68,0.6016545135045653,0.68,26,104.0,0.24186132105713584
fulludp,0.25,Expert-A0_diff_abs_q4,q1,150,0.437839838663737,0.37254277420043946,0.35434681660420186,0.19436704790270007,0.5882702389278928,-1.8305854797363281,0.00018922011057535807,0.8266666666666667,0.7581386789428641,0.8266666666666667,13,52.0,0.14262945312423528
fulludp,0.25,Expert-A0_diff_abs_q4,q2,150,0.20569198608398437,0.12977699152628583,0.18402924408783783,0.0716706404814849,0.18999079111460093,-1.9697303771972656,0.0001653122901916504,0.6666666666666666,0.5878960768592671,0.6666666666666666,30,120.0,0.27114275543136385
fulludp,0.25,Expert-A0_diff_abs_q4,q3,150,0.1329508590698242,0.0685061321258545,0.0840226766225454,-0.055159813648945566,0.15775742401947845,-1.1379776000976562,0.00011492292086283365,0.64,0.5605726755123628,0.64,31,124.0,0.2783950330848814
fulludp,0.25,Expert-A0_diff_abs_q4,q4,150,0.1329004160563151,0.06567510986328126,0.10955124932366449,0.01837881191356763,0.21145949492583405,-1.2175064086914062,5.962292353312174e-05,0.58,0.499983335113527,0.58,31,124.0,0.2783950330848814
fulludp,0.25,expert_fulludp_disagreement_q4,q1,150,0.5774918111165365,0.508996499379476,0.6488154643290752,0.5232295062090899,0.5882702389278928,-0.3978118896484375,0.0002528019746144613,0.9066666666666666,0.8494348221544131,0.9066666666666666,3,12.0,0.05714766586424166
fulludp,0.25,expert_fulludp_disagreement_q4,q2,150,0.350922737121582,0.28148225339253746,0.560583630123654,0.42673548878850165,0.13638511863914696,-1.3371009826660156,0.0002452703317006429,0.78,0.7071754568460243,0.78,16,64.0,0.16624750076432737
fulludp,0.25,expert_fulludp_disagreement_q4,q3,150,0.09440610249837239,0.032640790303548176,0.2359923285406989,0.1672782614424422,-0.15101211135451859,-1.9697303771972656,0.00011263012886047363,0.6466666666666666,0.5673798898960487,0.6466666666666666,28,112.0,0.25655860836755046
fulludp,0.25,expert_fulludp_disagreement_q4,q4,150,-0.1134375508626302,-0.1749471975962321,0.10530487266746727,0.010578070460139095,-0.34891458459802577,-1.2175064086914062,-8.162419001261394e-05,0.38,0.30623600246985916,0.38,58,232.0,0.4665035705547861
fulludp,0.25,residual_cosine_q4,q1,150,-0.34727957407633464,-0.4057923571268718,-0.3351564665098448,-0.41704263944883607,-0.2867785273371516,-1.9697303771972656,-0.00025794386863708496,0.06666666666666667,0.03661146073480972,0.06666666666666667,95,380.0,0.706226803289268
fulludp,0.25,residual_cosine_q4,q2,150,0.11862642923990885,0.07667249043782552,-0.014305939545502534,-0.0724523028811893,0.2850627383670291,-1.2863426208496094,0.00010266939798990885,0.6933333333333334,0.61548006161501,0.6933333333333334,8,32.0,0.10170500474670958
fulludp,0.25,residual_cosine_q4,q3,150,0.41439412434895834,0.3724032389322917,0.2860169281830659,0.25604028186282596,0.5442847174567145,-0.5262413024902344,0.0002489769458770752,0.9533333333333334,0.9068124260764262,0.9533333333333334,2,8.0,0.047307856380276334
fulludp,0.25,residual_cosine_q4,q4,150,0.7236421203613281,0.6735695648193359,0.6306940027185388,0.5110878506222287,0.8585575206859691,0.0360870361328125,0.0004353757699330648,1.0,0.9750288608542813,1.0,0,0.0,0.02497113914571871
fulludp,0.25,haze_density_q4,q1,150,0.44648090362548826,0.37119715499877926,0.33109020542454076,0.19249027355297194,0.6139649056099556,-1.9697303771972656,0.00023308753967285156,0.8066666666666666,0.7361357242542107,0.8066666666666666,15,60.0,0.15843607448060176
fulludp,0.25,haze_density_q4,q2,150,0.24012957255045572,0.1620624612172445,0.20696289474899704,0.06552635399070947,0.35714546409813136,-1.2504043579101562,0.0002042527993520101,0.7,0.6224187104297283,0.7,25,100.0,0.23446724890952125
fulludp,0.25,haze_density_q4,q3,150,0.16280160268147786,0.10379795646667482,0.004217044727222339,-0.12232111080272778,0.21690409892314189,-1.2175064086914062,3.9328336715698245e-05,0.6666666666666666,0.5878960768592671,0.6666666666666666,28,112.0,0.25655860836755046
fulludp,0.25,haze_density_q4,q4,150,0.0599710210164388,-0.006491477330525714,0.15105860942118876,0.05912784112466348,0.048020543278874575,-1.2863426208496094,5.240956942240397e-05,0.54,0.46023676745464287,0.54,37,148.0,0.3214047571151728
fulludp,0.25,haze_density_p90_q4,q1,150,0.45005144755045573,0.3581184844970703,0.4001003987080342,0.21801362939783045,0.5403708380621832,-1.9697303771972656,0.0002266701062520345,0.7866666666666666,0.7143779835916132,0.7866666666666666,15,60.0,0.15843607448060176
fulludp,0.25,haze_density_p90_q4,q2,163,0.2438848647603228,0.18401082278760666,0.10448775291442872,-0.04942007303237914,0.4123845100402832,-1.2175064086914062,0.00018004478852441707,0.7055214723926381,0.631462640149289,0.7055214723926381,31,114.11042944785277,0.25729377085855426
fulludp,0.25,haze_density_p90_q4,q3,142,0.11244874604990784,0.048789735579154864,0.0960014888218471,-0.011303021567208426,0.21651535034179686,-1.1379776000976562,0.00012285818516368597,0.6267605633802817,0.5448523475637013,0.6267605633802817,29,122.53521126760563,0.27790679299843807
fulludp,0.25,haze_density_p90_q4,q4,145,0.09088822726545663,0.02381837844848633,0.02300066418117947,-0.0979639689127604,0.04338423411051432,-1.2863426208496094,-9.875461972992996e-06,0.5862068965517241,0.5048261175061806,0.5862068965517241,30,124.13793103448276,0.2799779563941267
fulludp,0.25,transmission_q4,q1,150,0.0599710210164388,-0.006491477330525714,0.15105860942118876,0.05912784112466348,0.048020543278874575,-1.2863426208496094,5.240956942240397e-05,0.54,0.46023676745464287,0.54,37,148.0,0.3214047571151728
fulludp,0.25,transmission_q4,q2,150,0.16280160268147786,0.10379795646667482,0.004217044727222339,-0.12232111080272778,0.21690409892314189,-1.2175064086914062,3.9328336715698245e-05,0.6666666666666666,0.5878960768592671,0.6666666666666666,28,112.0,0.25655860836755046
fulludp,0.25,transmission_q4,q3,150,0.24012957255045572,0.1620624612172445,0.20696289474899704,0.06552635399070947,0.35714546409813136,-1.2504043579101562,0.0002042527993520101,0.7,0.6224187104297283,0.7,25,100.0,0.23446724890952125
fulludp,0.25,transmission_q4,q4,150,0.44648090362548826,0.37119715499877926,0.33109020542454076,0.19249027355297194,0.6139649056099556,-1.9697303771972656,0.00023308753967285156,0.8066666666666666,0.7361357242542107,0.8066666666666666,15,60.0,0.15843607448060176
fulludp,0.25,airlight_proxy_q4,q1,150,0.2002501932779948,0.13408706347147625,0.32406915200723185,0.17810077924986145,0.266677340945682,-0.9390640258789062,6.47580623626709e-05,0.6466666666666666,0.5673798898960487,0.6466666666666666,28,112.0,0.25655860836755046
fulludp,0.25,airlight_proxy_q4,q2,157,0.05974669972802423,0.007367954132663218,0.013577534602238582,-0.08061345907358022,0.17202592507386819,-1.2863426208496094,1.6812306300849672e-05,0.6050955414012739,0.5269971194558805,0.6050955414012739,36,137.5796178343949,0.30105405080315917
fulludp,0.25,airlight_proxy_q4,q3,143,0.21380958023604812,0.13723130659623578,-0.09106200081961495,-0.20101663316999163,0.45435289655412947,-1.8305854797363281,0.00011806971543318742,0.6293706293706294,0.5477941733888138,0.6293706293706294,29,121.67832167832167,0.27607058383046723
fulludp,0.25,airlight_proxy_q4,q4,150,0.44276622772216795,0.37292561976114913,0.19244657980429158,0.04898402497575091,0.604756329510663,-1.9697303771972656,0.00033416350682576496,0.8333333333333334,0.7655327510904788,0.8333333333333334,12,48.0,0.13462257494318683
fulludp,0.25,depth_q4,q1,150,0.1823886998494466,0.11634013303120931,-0.0005793700347075592,-0.09480720983969197,0.32236068313186234,-1.2504043579101562,4.619121551513672e-05,0.62,0.5402429290748867,0.62,29,116.0,0.2638642757457893
fulludp,0.25,depth_q4,q2,150,0.21826459248860677,0.152990078608195,0.0011001793113914696,-0.12945056348233608,0.5141499493573163,-1.2175064086914062,0.00015225370724995932,0.66,0.5810413820559243,0.66,27,108.0,0.24922468041993318
fulludp,0.25,depth_q4,q3,150,0.24685721079508463,0.1577390022277832,0.16771538193161423,0.0009395908665012694,0.5529386159536,-1.9697303771972656,0.0001279906431833903,0.6933333333333334,0.61548006161501,0.6933333333333334,30,120.0,0.27114275543136385
fulludp,0.25,depth_q4,q4,150,0.26187259674072266,0.1854819081624349,0.2566031894168338,0.09798798947720914,0.38127393980283997,-1.8305854797363281,0.00020264267921447755,0.74,0.6644342013432283,0.74,19,76.0,0.18936780715468765
fulludp,0.25,dark_channel_q4,q1,150,0.3685027313232422,0.276471627553304,0.30409075762774496,0.1630226960053315,0.5950474094700169,-1.9697303771972656,0.0002190856138865153,0.7666666666666667,0.6928407309593593,0.7666666666666667,18,72.0,0.1817096613539524
fulludp,0.25,dark_channel_q4,q2,150,0.2812250010172526,0.20275592104593912,0.20988948925121412,0.05106324891786318,0.5019798278808594,-1.2863426208496094,0.000155489444732666,0.7133333333333334,0.6363493407951355,0.7133333333333334,27,108.0,0.24922468041993318
fulludp,0.25,dark_channel_q4,q3,150,0.1694993464152018,0.10185564359029134,0.006642779788455447,-0.09100791312552786,0.2966652947503167,-1.1379776000976562,7.67044226328532e-05,0.6533333333333333,0.5742027248462459,0.6533333333333333,26,104.0,0.24186132105713584
fulludp,0.25,dark_channel_q4,q4,150,0.09015602111816406,0.029427204132080078,0.15061244449099978,0.025355707632528767,0.16396249307168498,-1.2175064086914062,7.779876391092936e-05,0.58,0.499983335113527,0.58,34,136.0,0.3000033880832556
fulludp,0.25,low_texture_q4,q1,150,0.2566426722208659,0.17885544204711917,-0.0584641018429318,-0.1751754399892446,0.5495727126662796,-1.2175064086914062,4.7977765401204424e-05,0.7,0.6224187104297283,0.7,26,104.0,0.24186132105713584
fulludp,0.25,low_texture_q4,q2,150,0.23271297454833983,0.16478781890869143,0.08996659356194574,-0.0026054124574403496,0.40727934966216217,-1.9697303771972656,0.000144807497660319,0.72,0.6433420194970179,0.72,20,80.0,0.1969815064476629
fulludp,0.25,low_texture_q4,q3,150,0.22499895731608072,0.15472417640686037,0.03481808224239865,-0.06438783954929661,0.4231765334670608,-1.3371009826660156,0.00017430424690246583,0.66,0.5810413820559243,0.66,23,92.0,0.21958119705195484
fulludp,0.25,low_texture_q4,q4,150,0.19502849578857423,0.10766192054748536,0.3303438650595175,0.16308212022523622,0.23769502382020694,-1.8305854797363281,0.0001619887351989746,0.6333333333333333,0.5537808929385404,0.6333333333333333,36,144.0,0.31429285227428927
fulludp,0.25,edge_density_q4,q1,150,0.17003100077311198,0.08262606684366863,-0.027588715424408782,-0.19224005776482658,0.31606766984269424,-1.9697303771972656,3.123203913370768e-05,0.5866666666666667,0.5066570942317349,0.5866666666666667,40,160.0,0.34261597429060303
fulludp,0.25,edge_density_q4,q2,150,0.29470175425211587,0.22300179290771485,0.2130255312532992,0.08197863553021406,0.4307702554238809,-1.3371009826660156,0.0002250051498413086,0.72,0.6433420194970179,0.72,19,76.0,0.18936780715468765
fulludp,0.25,edge_density_q4,q3,150,0.2602940877278646,0.20584760602315266,0.22781413310282939,0.09785200582968223,0.5200230366474873,-0.7370185852050781,0.00013820528984069823,0.72,0.6433420194970179,0.72,18,72.0,0.1817096613539524
fulludp,0.25,edge_density_q4,q4,150,0.18435625712076822,0.11676437759399415,0.10081945883261191,-0.029680566529969903,0.36113965833509293,-1.2863426208496094,0.00013463576634724936,0.6866666666666666,0.6085587615654109,0.6866666666666666,28,112.0,0.25655860836755046
fulludp,0.25,sky_highlight_proxy_q4,q1,150,0.3273777389526367,0.25425761604309083,0.2666393486229149,0.10806427001953127,0.4789234883076436,-1.8305854797363281,0.00021964669227600097,0.7,0.6224187104297283,0.7,26,104.0,0.24186132105713584
fulludp,0.25,sky_highlight_proxy_q4,q2,150,0.3531178029378255,0.2797935161590576,0.3005060762972445,0.13831448683867584,0.4753111761969489,-1.9697303771972656,0.00019295732180277508,0.7866666666666666,0.7143779835916132,0.7866666666666666,18,72.0,0.1817096613539524
fulludp,0.25,sky_highlight_proxy_q4,q3,150,0.17463640848795572,0.11307730038960775,0.03497366003088049,-0.07345192625715925,0.3252715033453864,-1.1379776000976562,9.77929433186849e-05,0.6733333333333333,0.5947670390048972,0.6733333333333333,27,108.0,0.24922468041993318
fulludp,0.25,sky_highlight_proxy_q4,q4,150,0.054251149495442706,-0.0065172615051269514,0.02648265941722973,-0.06620749653996648,0.13930160934860641,-1.2175064086914062,1.868128776550293e-05,0.5533333333333333,0.47342972849954784,0.5533333333333333,34,136.0,0.3000033880832556
fulludp,0.25,split,val_hard,300,0.155977414449056,0.10431734244028727,0.07970326741536458,-0.010475100199381495,0.2550953165690104,-1.2175064086914062,0.00010008474191029867,0.6166666666666667,0.5605020926949223,0.6166666666666667,63,126.0,0.25961209451503364
fulludp,0.25,split,val_regular,300,0.29871413548787434,0.2402249552408854,0.13907941182454428,0.0520405019124349,0.5198116556803385,-1.9697303771972656,0.00016445438067118326,0.74,0.6875509670609357,0.74,42,84.00000000000001,0.1838324997473059
fulludp,0.375,A0-PSNR_q4,q1,150,0.12962669372558594,0.02376164627075196,0.1496932570998733,0.012715311308164863,0.12956279032939189,-1.8284225463867188,-3.480950991312663e-05,0.54,0.46023676745464287,0.54,43,172.0,0.36365065920486445
fulludp,0.375,A0-PSNR_q4,q2,150,0.17197039286295573,0.0782492650349935,0.2409318460000528,0.03753170322727513,0.11791724127692145,-1.7390899658203125,9.757002194722494e-05,0.5866666666666667,0.5066570942317349,0.5866666666666667,39,156.0,0.33556579865677183
fulludp,0.375,A0-PSNR_q4,q3,150,0.25389195760091143,0.1443659833272298,-0.0009493441195101352,-0.19539541296056798,0.23685022302576014,-1.9358749389648438,0.00013358553250630696,0.64,0.5605726755123628,0.64,39,156.0,0.33556579865677183
fulludp,0.375,A0-PSNR_q4,q4,150,0.4698514302571615,0.3434398307800293,0.4733887749749261,0.1966117858886719,0.6741779430492504,-3.2007598876953125,0.00020006020863850912,0.74,0.6644342013432283,0.74,29,116.0,0.2638642757457893
fulludp,0.375,Expert-A0_diff_signed_q4,q1,150,0.22773614247639973,0.1213194783528646,0.14553554638012037,0.0026811522406500884,0.3128486839500633,-1.8284225463867188,-6.472031275431315e-05,0.6,0.5200476798506318,0.6,42,168.00000000000003,0.35665798050298214
fulludp,0.375,Expert-A0_diff_signed_q4,q2,150,0.2040479024251302,0.08496111742655435,-0.11777661297772382,-0.3233442976668074,0.49390411376953125,-3.2007598876953125,8.823712666829426e-05,0.5733333333333334,0.49332380166580925,0.5733333333333334,47,188.0,0.39144123843458906
fulludp,0.375,Expert-A0_diff_signed_q4,q3,150,0.40449190775553384,0.31476655578613283,0.020249340985272382,-0.16165790042361697,0.7328767518739443,-1.6213302612304688,0.0002055021127065023,0.7266666666666667,0.6503534444650609,0.7266666666666667,26,104.0,0.24186132105713584
fulludp,0.375,Expert-A0_diff_signed_q4,q4,150,0.18906452178955077,0.09177357673645019,0.1677169284305057,0.014418318464949337,0.043053291939400336,-2.754344940185547,0.000167387326558431,0.6066666666666667,0.5267647239233271,0.6066666666666667,35,140.0,0.3071592690406407
fulludp,0.375,Expert-A0_diff_abs_q4,q1,150,0.4966155242919922,0.3934357922871907,0.42892136444916595,0.20024907911146012,0.6741779430492504,-2.754344940185547,0.00020106037457784016,0.7533333333333333,0.6785952428848271,0.7533333333333333,27,108.0,0.24922468041993318
fulludp,0.375,Expert-A0_diff_abs_q4,q2,150,0.21558807373046876,0.1001997947692871,0.21874783490155195,0.04431876105231208,0.13878507871885556,-3.2007598876953125,0.00014412244160970052,0.6,0.5200476798506318,0.6,43,172.0,0.36365065920486445
fulludp,0.375,Expert-A0_diff_abs_q4,q3,150,0.1388715362548828,0.04251920509338379,0.07899011147988809,-0.12899149559639594,0.15795527277766047,-1.7390899658203125,6.490985552469889e-05,0.5866666666666667,0.5066570942317349,0.5866666666666667,39,156.0,0.33556579865677183
fulludp,0.375,Expert-A0_diff_abs_q4,q4,150,0.17426534016927084,0.07309739557902019,0.1496932570998733,0.012715311308164863,0.2625466424065667,-1.8284225463867188,-1.3686418533325196e-05,0.5666666666666667,0.4866784070665957,0.5666666666666667,41,164.0,0.3496465555349391
fulludp,0.375,expert_fulludp_disagreement_q4,q1,150,0.7181984456380208,0.6074886703491211,0.9023329245077597,0.7050774754704655,0.6741779430492504,-0.8562660217285156,0.00029433568318684895,0.8466666666666667,0.7804188029480452,0.8466666666666667,16,64.0,0.16624750076432737
fulludp,0.375,expert_fulludp_disagreement_q4,q2,150,0.44196186065673826,0.3318319981892903,0.8128447146029085,0.6113637408694705,0.044592676935969175,-2.0320816040039062,0.0002807462215423584,0.7133333333333334,0.6363493407951355,0.7133333333333334,25,100.0,0.23446724890952125
fulludp,0.375,expert_fulludp_disagreement_q4,q3,150,0.07926055908203125,-0.013200245539347328,0.324591250032992,0.21943670221277187,-0.3382131215688345,-3.2007598876953125,7.486939430236816e-05,0.6,0.5200476798506318,0.6,39,156.0,0.33556579865677183
fulludp,0.375,expert_fulludp_disagreement_q4,q4,150,-0.21408039093017578,-0.3028253180185954,0.1423731107969542,-0.0009170944626266884,-0.618516664247255,-1.8284225463867188,-0.0002535450458526611,0.3466666666666667,0.27519387418426633,0.3466666666666667,70,280.0,0.5463389512024308
fulludp,0.375,residual_cosine_q4,q1,150,-0.5802028020222981,-0.6645535456339517,-0.5200440174824482,-0.6421098734881426,-0.5494066186853357,-3.2007598876953125,-0.0004974226156870524,0.06,0.03188368200532778,0.06,118,472.0,0.8446385632981747
fulludp,0.375,residual_cosine_q4,q2,150,0.07221829732259115,0.01071801249186198,-0.0675610722722234,-0.16921242378853463,0.24064244450749578,-1.9358749389648438,4.616340001424154e-05,0.5533333333333333,0.47342972849954784,0.5533333333333333,24,96.0,0.227041057343522
fulludp,0.375,residual_cosine_q4,q3,150,0.5084346008300781,0.44446286010742186,0.39059365762246623,0.35067207748825485,0.6328253874907622,-1.0970382690429688,0.0002802618344624837,0.9066666666666666,0.8494348221544131,0.9066666666666666,7,28.0,0.09318757392357377
fulludp,0.375,residual_cosine_q4,q4,150,1.0248903783162435,0.9482985153198242,0.9426955661258182,0.7579849243164063,1.1335757487529032,-0.21022796630859375,0.0005674036343892415,0.9866666666666667,0.9526921436197237,0.9866666666666667,1,4.0,0.036793752933975674
fulludp,0.375,haze_density_q4,q1,150,0.5267590204874675,0.41941029230753585,0.42053351531157623,0.21083166277086415,0.71198355185019,-3.2007598876953125,0.00025336941083272296,0.7666666666666667,0.6928407309593593,0.7666666666666667,28,112.0,0.25655860836755046
fulludp,0.375,haze_density_q4,q2,150,0.2762033716837565,0.154844757715861,0.28563489140690984,0.06918860512810784,0.3834627512338999,-2.111682891845703,0.0002093664805094401,0.6266666666666667,0.5470043657114055,0.6266666666666667,37,148.0,0.3214047571151728
fulludp,0.375,haze_density_q4,q3,150,0.1877505366007487,0.09704593594868978,-0.008963765324773016,-0.197409421044427,0.2092938809781461,-1.8284225463867188,-3.742774327596028e-05,0.6066666666666667,0.5267647239233271,0.6066666666666667,36,144.0,0.31429285227428927
fulludp,0.375,haze_density_q4,q4,150,0.03462754567464193,-0.06759440549214682,0.2053169044288429,0.06913457818933437,-0.04054033434068834,-1.9358749389648438,-2.890189488728841e-05,0.5066666666666667,0.4274957452416098,0.5066666666666667,49,196.0,0.40523296099510275
fulludp,0.375,haze_density_p90_q4,q1,150,0.5309211095174153,0.3847322889963786,0.5486108419057485,0.25762397663013353,0.5969384683145059,-3.2007598876953125,0.00024653275807698567,0.7133333333333334,0.6363493407951355,0.7133333333333334,32,128.0,0.28562201640838675
fulludp,0.375,haze_density_p90_q4,q2,163,0.27917598654156084,0.19220618031507622,0.12499232292175293,-0.11203813076019287,0.4729985237121582,-1.8284225463867188,0.00016215205923911252,0.6687116564417178,0.5933003489113351,0.6687116564417178,39,143.55828220858896,0.31028316962377206
fulludp,0.375,haze_density_p90_q4,q3,142,0.10972258070824852,0.013225885847924461,0.12219734191894531,-0.03732762200491768,0.22653143746512278,-1.7390899658203125,8.89737841109155e-05,0.5492957746478874,0.4672327915920091,0.5492957746478874,37,156.33802816901408,0.3383887700072605
fulludp,0.375,haze_density_p90_q4,q4,145,0.09018353429333917,-0.00859183278577081,0.014037609100341797,-0.16197592947218148,-0.0199485354953342,-1.9358749389648438,-0.00011437268092714507,0.5655172413793104,0.4841734516942064,0.5655172413793104,42,173.79310344827587,0.3681595393386668
fulludp,0.375,transmission_q4,q1,150,0.03462754567464193,-0.06759440549214682,0.2053169044288429,0.06913457818933437,-0.04054033434068834,-1.9358749389648438,-2.890189488728841e-05,0.5066666666666667,0.4274957452416098,0.5066666666666667,49,196.0,0.40523296099510275
fulludp,0.375,transmission_q4,q2,150,0.1877505366007487,0.09704593594868978,-0.008963765324773016,-0.197409421044427,0.2092938809781461,-1.8284225463867188,-3.742774327596028e-05,0.6066666666666667,0.5267647239233271,0.6066666666666667,36,144.0,0.31429285227428927
fulludp,0.375,transmission_q4,q3,150,0.2762033716837565,0.154844757715861,0.28563489140690984,0.06918860512810784,0.3834627512338999,-2.111682891845703,0.0002093664805094401,0.6266666666666667,0.5470043657114055,0.6266666666666667,37,148.0,0.3214047571151728
fulludp,0.375,transmission_q4,q4,150,0.5267590204874675,0.41941029230753585,0.42053351531157623,0.21083166277086415,0.71198355185019,-3.2007598876953125,0.00025336941083272296,0.7666666666666667,0.6928407309593593,0.7666666666666667,28,112.0,0.25655860836755046
fulludp,0.375,airlight_proxy_q4,q1,150,0.2492288335164388,0.14696857134501137,0.47544329875224345,0.252734222927609,0.288541639173353,-1.4140968322753906,3.1243562698364255e-05,0.5933333333333334,0.5133451744046799,0.5933333333333334,40,160.0,0.34261597429060303
fulludp,0.375,airlight_proxy_q4,q2,157,0.024732079475548615,-0.05392899239898487,0.002546995114057492,-0.13921507077339368,0.13056574112329727,-2.111682891845703,-8.302547369792962e-05,0.535031847133758,0.45710764742329546,0.535031847133758,43,164.3312101910828,0.34841700941032266
fulludp,0.375,airlight_proxy_q4,q3,143,0.23179351699935807,0.1173041103603123,-0.16017445155552457,-0.3220078686305455,0.5283536638532366,-2.754344940185547,6.634372097628933e-05,0.5944055944055944,0.512479407000864,0.5944055944055944,42,176.2237762237762,0.3729690058111708
fulludp,0.375,airlight_proxy_q4,q4,150,0.5292489115397135,0.41791014035542806,0.24818379170185811,0.0280968202126993,0.692392194593275,-3.2007598876953125,0.00038881500562032065,0.7866666666666666,0.7143779835916132,0.7866666666666666,25,100.0,0.23446724890952125
fulludp,0.375,depth_q4,q1,150,0.20058289845784505,0.10404958788553875,-0.02410594837085621,-0.1610731717702505,0.3305314553750528,-2.111682891845703,-2.871870994567871e-05,0.58,0.499983335113527,0.58,41,164.0,0.3496465555349391
fulludp,0.375,depth_q4,q2,150,0.25226309458414714,0.1563043359120687,-0.017489201313740498,-0.21346896145794841,0.6271502520586993,-1.8284225463867188,0.00014471014340718588,0.62,0.5402429290748867,0.62,35,140.0,0.3071592690406407
fulludp,0.375,depth_q4,q3,150,0.2892109807332357,0.16109876823425295,0.23082593969396642,-0.020772258655444995,0.6474775365881018,-3.2007598876953125,9.193619092305502e-05,0.6466666666666666,0.5673798898960487,0.6466666666666666,38,152.0,0.32849556010602865
fulludp,0.375,depth_q4,q4,150,0.28328350067138675,0.17106318600972495,0.35509052792110957,0.10478874928242451,0.35615683890677785,-2.754344940185547,0.0001884786287943522,0.66,0.5810413820559243,0.66,36,144.0,0.31429285227428927
fulludp,0.375,dark_channel_q4,q1,150,0.4352195103963216,0.2949083627065023,0.43727158211372996,0.21927627099526895,0.6755906182366449,-3.2007598876953125,0.00024214824040730794,0.7066666666666667,0.6293750243784035,0.7066666666666667,32,128.0,0.28562201640838675
fulludp,0.375,dark_channel_q4,q2,150,0.3412695948282878,0.22512070337931317,0.2899951934814453,0.04754004349579682,0.5990186124234587,-2.111682891845703,0.0001456904411315918,0.68,0.6016545135045653,0.68,35,140.0,0.3071592690406407
fulludp,0.375,dark_channel_q4,q3,150,0.17846234639485678,0.07463262176513673,-0.009653658480257602,-0.16054174320117848,0.29229179588524073,-1.7390899658203125,1.5068451563517253e-05,0.5733333333333334,0.49332380166580925,0.5733333333333334,36,144.0,0.31429285227428927
fulludp,0.375,dark_channel_q4,q4,150,0.07038902282714844,-0.013944858551025386,0.2038783511599979,0.02108046815202043,0.11794775885504645,-1.8284225463867188,-6.500879923502604e-06,0.5466666666666666,0.46682631163294025,0.5466666666666666,47,188.0,0.39144123843458906
fulludp,0.375,low_texture_q4,q1,150,0.2839862187703451,0.1645906505584717,-0.11600685119628906,-0.2952233804238809,0.6331538638553104,-1.8284225463867188,-2.9548009236653647e-05,0.66,0.5810413820559243,0.66,40,160.0,0.34261597429060303
fulludp,0.375,low_texture_q4,q2,150,0.26484443664550783,0.16153178723653155,0.11536551810599663,-0.0193243104058343,0.43485868299329605,-3.2007598876953125,0.00012109796206156413,0.6466666666666666,0.5673798898960487,0.6466666666666666,29,116.0,0.2638642757457893
fulludp,0.375,low_texture_q4,q3,150,0.26088197072347,0.16122596613566081,0.02184754448968011,-0.12609288241412187,0.4915421975625528,-2.0320816040039062,0.00016138037045796712,0.6133333333333333,0.5334964294452138,0.6133333333333333,34,136.0,0.3000033880832556
fulludp,0.375,low_texture_q4,q4,150,0.21562784830729168,0.07922555605570475,0.4871559143066406,0.22989758156441356,0.18840604215054899,-2.754344940185547,0.00014347592989603678,0.5866666666666667,0.5066570942317349,0.5866666666666667,47,188.0,0.39144123843458906
fulludp,0.375,edge_density_q4,q1,150,0.15267595926920574,0.019232619603474936,-0.06063935563370988,-0.31161341538300386,0.271706452240815,-3.2007598876953125,-8.22758674621582e-05,0.54,0.46023676745464287,0.54,55,219.99999999999997,0.4462191070614596
fulludp,0.375,edge_density_q4,q2,150,0.3529779688517253,0.2489752089182536,0.29888776830724767,0.09349386627609665,0.463648306356894,-2.0320816040039062,0.00022260387738545735,0.66,0.5810413820559243,0.66,30,120.0,0.27114275543136385
fulludp,0.375,edge_density_q4,q3,150,0.31472049713134764,0.23284121640523275,0.31996520789893895,0.12383836797765783,0.6219390662940772,-1.1613502502441406,0.00012594262758890788,0.6733333333333333,0.5947670390048972,0.6733333333333333,28,112.0,0.25655860836755046
fulludp,0.375,edge_density_q4,q4,150,0.20496604919433595,0.10192117691040038,0.1300612784720756,-0.07184798781936232,0.3984010026261613,-1.9358749389648438,0.00013013561566670737,0.6333333333333333,0.5537808929385404,0.6333333333333333,37,148.0,0.3214047571151728
fulludp,0.375,sky_highlight_proxy_q4,q1,150,0.4031992212931315,0.2936078383127848,0.38874749879579285,0.1500025543006691,0.5296897888183594,-2.754344940185547,0.00024581074714660647,0.6733333333333333,0.5947670390048972,0.6733333333333333,37,148.0,0.3214047571151728
fulludp,0.375,sky_highlight_proxy_q4,q2,150,0.42187361399332685,0.30977018038431803,0.4049294445965741,0.15858894038844754,0.5094737491092166,-3.2007598876953125,0.00018868525822957356,0.72,0.6433420194970179,0.72,28,112.0,0.25655860836755046
fulludp,0.375,sky_highlight_proxy_q4,q3,150,0.1776475397745768,0.08717799949645996,0.02752082412307327,-0.13210377306551546,0.3363804172825169,-1.7390899658203125,3.864208857218424e-05,0.6066666666666667,0.5267647239233271,0.6066666666666667,38,152.0,0.32849556010602865
fulludp,0.375,sky_highlight_proxy_q4,q4,150,0.022620099385579427,-0.0696889788309733,0.021189663861248945,-0.11881008921442805,0.08857056901261613,-1.8284225463867188,-7.673184076944986e-05,0.5066666666666667,0.4274957452416098,0.5066666666666667,47,188.0,0.39144123843458906
fulludp,0.375,split,val_hard,300,0.18555791854858397,0.10913996251424155,0.09971778869628906,-0.038081447601318354,0.3020250956217448,-1.8284225463867188,5.069315433502197e-05,0.59,0.5335471696907381,0.59,83,166.0,0.32987096334735366
fulludp,0.375,split,val_regular,300,0.3271123186747233,0.23870888773600263,0.1643858591715495,0.03491248957316081,0.5849674479166667,-3.2007598876953125,0.00014750997225443523,0.6633333333333333,0.6080909561297257,0.6633333333333333,67,134.0,0.2737920696563328
fulludp,0.5,A0-PSNR_q4,q1,150,0.14271812438964843,0.001500855127970379,0.17994282696698163,-0.0022976385580526755,0.13006540246911952,-2.427490234375,-0.00019161343574523924,0.52,0.44055093659797023,0.52,57,228.0,0.4597570709251133
fulludp,0.5,A0-PSNR_q4,q2,150,0.15413106282552083,0.02679360071818034,0.2630012099807327,0.002736158628721503,0.06371915662610853,-2.3404998779296875,4.204114278157552e-06,0.5533333333333333,0.47342972849954784,0.5533333333333333,48,192.0,0.39834548649543466
fulludp,0.5,A0-PSNR_q4,q3,150,0.21368263244628907,0.06995213572184246,-0.08968507921373522,-0.33616811906969224,0.14798231382627744,-2.5727462768554688,3.67577870686849e-05,0.5866666666666667,0.5066570942317349,0.5866666666666667,49,196.0,0.40523296099510275
fulludp,0.5,A0-PSNR_q4,q4,150,0.39354522705078127,0.22866622797648115,0.46500376108530406,0.09961316907728046,0.6122101448677681,-4.4059295654296875,0.00015763680140177408,0.6866666666666666,0.6085587615654109,0.6866666666666666,41,164.0,0.3496465555349391
fulludp,0.5,Expert-A0_diff_signed_q4,q1,150,0.2577438990275065,0.11391458447774251,0.1647841994826858,-0.023892732568689286,0.33498578458218964,-2.427490234375,-0.0002165861924489339,0.5666666666666667,0.4866784070665957,0.5666666666666667,51,204.00000000000003,0.4189586179440758
fulludp,0.5,Expert-A0_diff_signed_q4,q2,150,0.1370047887166341,-0.01634376207987467,-0.22394896842337944,-0.49491681537112675,0.4272354744576119,-4.4059295654296875,-3.120303153991699e-05,0.5266666666666666,0.4470991159595076,0.5266666666666666,57,228.0,0.4597570709251133
fulludp,0.5,Expert-A0_diff_signed_q4,q3,150,0.3493477503458659,0.23082784589131672,-0.06734337677826753,-0.30731623108322553,0.7212427500131968,-2.404865264892578,0.0001404865582784017,0.6733333333333333,0.5947670390048972,0.6733333333333333,42,168.00000000000003,0.35665798050298214
fulludp,0.5,Expert-A0_diff_signed_q4,q4,150,0.15998060862223307,0.03041712760925293,0.19120381329510663,-0.01949894106065903,-0.1264390687684755,-3.641582489013672,0.0001142879327138265,0.58,0.499983335113527,0.58,45,180.0,0.3775812895702717
fulludp,0.5,Expert-A0_diff_abs_q4,q1,150,0.44008900960286457,0.3038862673441569,0.42279145524308487,0.12449062450512037,0.6122101448677681,-3.641582489013672,0.00015963514645894367,0.6933333333333334,0.61548006161501,0.6933333333333334,38,152.0,0.32849556010602865
fulludp,0.5,Expert-A0_diff_abs_q4,q2,150,0.1631468709309896,0.007156108856201175,0.21331704629434123,-0.015011622454669023,-0.004672488650760135,-4.4059295654296875,5.5707693099975586e-05,0.5733333333333334,0.49332380166580925,0.5733333333333334,53,212.0,0.43262011010395124
fulludp,0.5,Expert-A0_diff_abs_q4,q3,150,0.10288436889648438,-0.02743336995442708,0.04346115524704392,-0.24329778825914533,0.10253215480495144,-2.404865264892578,-5.448182423909505e-05,0.5333333333333333,0.4536610487975692,0.5333333333333333,49,196.0,0.40523296099510275
fulludp,0.5,Expert-A0_diff_abs_q4,q4,150,0.19795679728190105,0.06119524129231771,0.17994282696698163,-0.0022976385580526755,0.2744691178605363,-2.427490234375,-0.00015387574831644693,0.5466666666666666,0.46682631163294025,0.5466666666666666,55,219.99999999999997,0.4462191070614596
fulludp,0.5,expert_fulludp_disagreement_q4,q1,150,0.7467968241373698,0.6008525924682617,1.093431008828653,0.8138565578976193,0.6122101448677681,-1.7950630187988281,0.00028097351392110186,0.8,0.7288572445686362,0.8,22,88.0,0.21208595535802935
fulludp,0.5,expert_fulludp_disagreement_q4,q2,150,0.4728617477416992,0.3222412077585856,1.0398385846937024,0.7644368120141932,-0.14834336976747256,-2.718364715576172,0.00025840600331624347,0.6733333333333333,0.5947670390048972,0.6733333333333333,38,152.0,0.32849556010602865
fulludp,0.5,expert_fulludp_disagreement_q4,q3,150,0.02421507517496745,-0.09826579348246257,0.3913925273998364,0.25181722898741027,-0.5867511646167652,-4.4059295654296875,-2.4078289667765298e-05,0.5466666666666666,0.46682631163294025,0.5466666666666666,48,192.0,0.39834548649543466
fulludp,0.5,expert_fulludp_disagreement_q4,q4,150,-0.3397966003417969,-0.4570118967692057,0.16893685830605998,-0.024014320889034782,-0.9379194104993666,-2.427490234375,-0.0005083159605662028,0.32666666666666666,0.2567570339087464,0.32666666666666666,87,348.0,0.656021282623158
fulludp,0.5,residual_cosine_q4,q1,150,-0.8431226348876953,-0.9542136561075847,-0.7136161391799515,-0.8758004626712284,-0.8725214777766047,-4.4059295654296875,-0.0008055301507314046,0.04666666666666667,0.022786258901877864,0.04666666666666667,135,540.0,0.9384591631640268
fulludp,0.5,residual_cosine_q4,q2,150,-0.04109380086263021,-0.12337282498677571,-0.14790746327993032,-0.2996002893190126,0.0801293656632707,-2.5727462768554688,-8.04591178894043e-05,0.44,0.36304360950970455,0.44,45,180.0,0.3775812895702717
fulludp,0.5,residual_cosine_q4,q3,150,0.5195272318522135,0.432294303894043,0.46625322908968536,0.41795689350849874,0.5894712499670081,-1.7859954833984375,0.0002503800392150879,0.88,0.8182903386460475,0.88,13,52.0,0.14262945312423528
fulludp,0.5,residual_cosine_q4,q4,150,1.2687662506103516,1.1660622316996256,1.2462155110127218,0.99481441136953,1.2722024659852724,-0.6024932861328125,0.0006425944964090983,0.98,0.9428523341357584,0.98,2,8.0,0.047307856380276334
fulludp,0.5,haze_density_q4,q1,150,0.5021826299031575,0.3553406499226888,0.45391294118520376,0.16876238487862252,0.6601642917942356,-4.4059295654296875,0.00021110296249389647,0.7266666666666667,0.6503534444650609,0.7266666666666667,34,136.0,0.3000033880832556
fulludp,0.5,haze_density_q4,q2,150,0.25475594838460286,0.09561319986979168,0.34792116526010874,0.05496170198595202,0.30739366686021957,-3.015766143798828,0.00015144785245259604,0.5866666666666667,0.5066570942317349,0.5866666666666667,47,188.0,0.39144123843458906
fulludp,0.5,haze_density_q4,q3,150,0.173589719136556,0.05673085594177247,-0.0320966050431535,-0.28378595145973,0.12450914125184755,-2.427490234375,-0.00017626007397969563,0.5666666666666667,0.4866784070665957,0.5666666666666667,52,208.0,0.4257972751537541
fulludp,0.5,haze_density_q4,q4,150,-0.026451250712076824,-0.1614291343688965,0.2421198148985167,0.06744560293249181,-0.1987660382245038,-2.5727462768554688,-0.00017930547396341958,0.4666666666666667,0.3886591247406171,0.4666666666666667,62,248.0,0.49334290576826517
fulludp,0.5,haze_density_p90_q4,q1,150,0.5070174662272136,0.31458913612365724,0.6582256007838894,0.26540645393165385,0.5052529412346918,-4.4059295654296875,0.000205995241800944,0.68,0.6016545135045653,0.68,41,164.0,0.3496465555349391
fulludp,0.5,haze_density_p90_q4,q2,163,0.2539081105425314,0.13553593524394592,0.1261390209197998,-0.1873769736289978,0.4337599754333496,-2.427490234375,7.50053148328161e-05,0.6441717791411042,0.5681281434190135,0.6441717791411042,48,176.68711656441718,0.3685373598507111
fulludp,0.5,haze_density_p90_q4,q3,142,0.06872773506272008,-0.06238100293656469,0.13318121773856026,-0.08144851412091937,0.17344120570591517,-2.3404998779296875,-7.919442485755598e-06,0.49295774647887325,0.41200167331950344,0.49295774647887325,51,215.49295774647888,0.440816551148381
fulludp,0.5,haze_density_p90_q4,q4,145,0.05801777017527613,-0.07092696222765693,-0.010658582051595053,-0.23523151079813634,-0.13607904646131727,-2.5727462768554688,-0.0002824331152028051,0.5172413793103449,0.4365154803728679,0.5172413793103449,55,227.58620689655172,0.46043977966694927
fulludp,0.5,transmission_q4,q1,150,-0.026451250712076824,-0.1614291343688965,0.2421198148985167,0.06744560293249181,-0.1987660382245038,-2.5727462768554688,-0.00017930547396341958,0.4666666666666667,0.3886591247406171,0.4666666666666667,62,248.0,0.49334290576826517
fulludp,0.5,transmission_q4,q2,150,0.173589719136556,0.05673085594177247,-0.0320966050431535,-0.28378595145973,0.12450914125184755,-2.427490234375,-0.00017626007397969563,0.5666666666666667,0.4866784070665957,0.5666666666666667,52,208.0,0.4257972751537541
fulludp,0.5,transmission_q4,q3,150,0.25475594838460286,0.09561319986979168,0.34792116526010874,0.05496170198595202,0.30739366686021957,-3.015766143798828,0.00015144785245259604,0.5866666666666667,0.5066570942317349,0.5866666666666667,47,188.0,0.39144123843458906
fulludp,0.5,transmission_q4,q4,150,0.5021826299031575,0.3553406499226888,0.45391294118520376,0.16876238487862252,0.6601642917942356,-4.4059295654296875,0.00021110296249389647,0.7266666666666667,0.6503534444650609,0.7266666666666667,34,136.0,0.3000033880832556
fulludp,0.5,airlight_proxy_q4,q1,150,0.2629300816853841,0.12465324211120606,0.6168711378767684,0.3127628996565535,0.23452377319335938,-1.9999656677246094,-4.583239555358887e-05,0.56,0.48004707281221837,0.56,51,204.00000000000003,0.4189586179440758
fulludp,0.5,airlight_proxy_q4,q2,157,-0.050858527991422424,-0.15510826779019302,-0.02040867927746895,-0.20769806641798752,0.008609380477514023,-3.015766143798828,-0.00025199097432907977,0.49044585987261147,0.413414984291584,0.49044585987261147,62,236.94267515923568,0.47300288054411965
fulludp,0.5,airlight_proxy_q4,q3,143,0.18609568455836156,0.037950893882271304,-0.24375087193080358,-0.4587982313973563,0.49460601806640625,-3.641582489013672,-5.565573285509656e-05,0.5594405594405595,0.47757133478487557,0.5594405594405595,52,218.1818181818182,0.44509243913661795
fulludp,0.5,airlight_proxy_q4,q4,150,0.5169676717122396,0.3707520955403646,0.2738904179753484,-0.025528686111037764,0.6273078918457031,-4.4059295654296875,0.00036962668100992837,0.74,0.6644342013432283,0.74,30,120.0,0.27114275543136385
fulludp,0.5,depth_q4,q1,150,0.16815725962320963,0.0404073174794515,-0.06270913820008973,-0.238086563832051,0.23581180057010134,-3.015766143798828,-0.00016595522562662762,0.54,0.46023676745464287,0.54,55,219.99999999999997,0.4462191070614596
fulludp,0.5,depth_q4,q2,150,0.23171473185221353,0.1078013947804769,-0.04852171201963682,-0.3085920153437434,0.6315530313027872,-2.427490234375,8.244872093200684e-05,0.5866666666666667,0.5066570942317349,0.5866666666666667,45,180.0,0.3775812895702717
fulludp,0.5,depth_q4,q3,150,0.2718819808959961,0.10933360544840495,0.2786977097794816,-0.05675901722263642,0.5996744310533678,-4.4059295654296875,-8.98122787475586e-06,0.62,0.5402429290748867,0.62,47,188.0,0.39144123843458906
fulludp,0.5,depth_q4,q4,150,0.2323230743408203,0.07722204717000326,0.43351910565350504,0.08930833919628248,0.19520311097841006,-3.641582489013672,9.947299957275391e-05,0.6,0.5200476798506318,0.6,48,192.0,0.39834548649543466
fulludp,0.5,dark_channel_q4,q1,150,0.41862120310465495,0.2420940424601237,0.557154114181931,0.25979956549567146,0.6053808057630384,-4.4059295654296875,0.0002088785171508789,0.6666666666666666,0.5878960768592671,0.6666666666666666,37,148.0,0.3214047571151728
fulludp,0.5,dark_channel_q4,q2,150,0.34218240102132164,0.1897256800333659,0.3507465156348976,0.02718255326554582,0.5828811026908256,-3.015766143798828,7.854620615641276e-05,0.6533333333333333,0.5742027248462459,0.6533333333333333,46,184.0,0.38451993838498993
fulludp,0.5,dark_channel_q4,q3,150,0.13576201121012368,0.0011515611012776793,-0.03846374717918602,-0.24130911440462677,0.18546418885926944,-2.3404998779296875,-0.00011031428972880045,0.5333333333333333,0.4536610487975692,0.5333333333333333,52,208.0,0.4257972751537541
fulludp,0.5,dark_channel_q4,q4,150,0.007511431376139323,-0.10310654258728028,0.23878875938621727,0.004616167738630965,-0.011651322648331925,-2.427490234375,-0.00017012516657511392,0.49333333333333335,0.41449536043021934,0.49333333333333335,60,240.0,0.4799523201493683
fulludp,0.5,low_texture_q4,q1,150,0.2400066375732422,0.08656690915425619,-0.19108292863175674,-0.42973122210116,0.5833270098711993,-2.427490234375,-0.00017171184221903484,0.62,0.5402429290748867,0.62,47,188.0,0.39144123843458906
fulludp,0.5,low_texture_q4,q2,150,0.2381310272216797,0.0971078987121582,0.1272068539181271,-0.048816851023081184,0.33882904052734375,-4.4059295654296875,3.498673439025879e-05,0.5933333333333334,0.5133451744046799,0.5933333333333334,42,168.00000000000003,0.35665798050298214
fulludp,0.5,low_texture_q4,q3,150,0.24191978454589844,0.11001750373840331,-0.010667130753800675,-0.20773490957311683,0.4544284923656567,-2.718364715576172,8.329987525939941e-05,0.5666666666666667,0.4866784070665957,0.5666666666666667,50,200.0,0.4121039231407327
fulludp,0.5,low_texture_q4,q4,150,0.18401959737141926,0.002434931437174486,0.6341802236196157,0.28917327829309414,0.02731127352327914,-3.641582489013672,6.0410499572753905e-05,0.5666666666666667,0.4866784070665957,0.5666666666666667,56,224.0,0.4529956342885945
fulludp,0.5,edge_density_q4,q1,150,0.06568328857421875,-0.11160000038146971,-0.10698545301282728,-0.4474141430210423,0.09593365643475507,-4.4059295654296875,-0.00027852853139241537,0.5066666666666667,0.4274957452416098,0.5066666666666667,65,260.0,0.5133215929334043
fulludp,0.5,edge_density_q4,q2,150,0.34845771789550783,0.21494778442382814,0.3688594715015308,0.08953437547425966,0.37087208515888936,-2.718364715576172,0.0001457389195760091,0.6266666666666667,0.5470043657114055,0.6266666666666667,42,168.00000000000003,0.35665798050298214
fulludp,0.5,edge_density_q4,q3,150,0.3142230733235677,0.20352257029215495,0.3946337313265414,0.1357070355801969,0.6040398881242082,-1.6065750122070312,6.132761637369792e-05,0.62,0.5402429290748867,0.62,41,164.0,0.3496465555349391
fulludp,0.5,edge_density_q4,q4,150,0.1757129669189453,0.04740942573547363,0.14552472088788007,-0.12803227192646746,0.33321854874894424,-2.5727462768554688,7.844726244608562e-05,0.5933333333333334,0.5133451744046799,0.5933333333333334,47,188.0,0.39144123843458906
fulludp,0.5,sky_highlight_proxy_q4,q1,150,0.41359879811604816,0.2705822257995606,0.5027585931726404,0.17824176324380414,0.4474752271497572,-3.641582489013672,0.00021698872248331706,0.64,0.5605726755123628,0.64,42,168.00000000000003,0.35665798050298214
fulludp,0.5,sky_highlight_proxy_q4,q2,150,0.4144631958007812,0.25808186340332034,0.4749000136916702,0.13512943886421822,0.40542953078811234,-4.4059295654296875,0.00011873086293538412,0.6933333333333334,0.61548006161501,0.6933333333333334,39,156.0,0.33556579865677183
fulludp,0.5,sky_highlight_proxy_q4,q3,150,0.12348317464192708,0.005442343393961593,0.0032817737476245777,-0.20539778632086675,0.24429723378774282,-2.3404998779296875,-8.97363821665446e-05,0.5666666666666667,0.4866784070665957,0.5666666666666667,52,208.0,0.4257972751537541
fulludp,0.5,sky_highlight_proxy_q4,q4,150,-0.04746812184651693,-0.16812862396240233,0.0035878258782464103,-0.1839648556064915,-0.04057672861460093,-2.427490234375,-0.00023899793624877928,0.44666666666666666,0.36942665000842445,0.44666666666666666,62,248.0,0.49334290576826517
fulludp,0.5,split,val_hard,300,0.18096312840779621,0.07730634053548179,0.1055835215250651,-0.07509507878621417,0.29074951171875,-2.427490234375,-6.34704033533732e-05,0.55,0.49342456648184296,0.55,101,202.0,0.39190904387027425
fulludp,0.5,split,val_regular,300,0.27107539494832356,0.15398526096343995,0.15981895446777344,-0.010112508138020828,0.5136624145507812,-4.4059295654296875,6.696303685506185e-05,0.6233333333333333,0.5672673858683439,0.6233333333333333,94,188.0,0.36790334651041734
fulludp,0.75,A0-PSNR_q4,q1,150,0.11751987457275391,-0.09150681368509929,0.21006945017221812,-0.06176904729894689,0.05380609873178843,-4.011661529541016,-0.0007142166296641032,0.5,0.4209887046908502,0.5,66,264.0,0.5199529271877817
fulludp,0.75,A0-PSNR_q4,q2,150,0.0022933451334635415,-0.17689446894327798,0.20834690815693624,-0.16397088025067302,-0.178252142828864,-3.509784698486328,-0.00036848068237304687,0.44666666666666666,0.36942665000842445,0.44666666666666666,66,264.0,0.5199529271877817
fulludp,0.75,A0-PSNR_q4,q3,150,-0.056663920084635416,-0.25929105885823567,-0.3900215561325486,-0.7498642534823031,-0.27159685701937286,-3.785369873046875,-0.000360405445098877,0.5,0.4209887046908502,0.5,70,280.0,0.5463389512024308
fulludp,0.75,A0-PSNR_q4,q4,150,-0.08486930847167969,-0.3103252817789713,0.17585094555004224,-0.31342158961940453,0.10066501514331715,-6.58233642578125,-8.341789245605469e-05,0.5466666666666666,0.46682631163294025,0.5466666666666666,54,216.0,0.4394273244876372
fulludp,0.75,Expert-A0_diff_signed_q4,q1,150,0.23139747619628906,0.016662364959716815,0.14824269268963788,-0.1274629360920674,0.23158604389912374,-3.5712738037109375,-0.0007091331481933594,0.5,0.4209887046908502,0.5,60,240.0,0.4799523201493683
fulludp,0.75,Expert-A0_diff_signed_q4,q2,150,-0.20065536499023437,-0.42392627080281575,-0.5323162594357053,-0.9077898025512696,-0.05533373033678209,-6.58233642578125,-0.0004839324951171875,0.44666666666666666,0.36942665000842445,0.44666666666666666,74,296.0,0.5725042547583903
fulludp,0.75,Expert-A0_diff_signed_q4,q3,150,-0.02741102854410807,-0.20481346003214515,-0.36587436779125315,-0.7220093649786872,0.3257355561127534,-4.011661529541016,-0.0001818255583445231,0.5266666666666666,0.4470991159595076,0.5266666666666666,59,236.0,0.47323527607667293
fulludp,0.75,Expert-A0_diff_signed_q4,q4,150,-0.02505109151204427,-0.22857789230346678,0.19162770864125844,-0.14162819063341292,-0.6912328359243032,-5.2710723876953125,-0.00015162944793701172,0.52,0.44055093659797023,0.52,63,252.0,0.5000166648864729
fulludp,0.75,Expert-A0_diff_abs_q4,q1,150,0.006361770629882813,-0.186812136332194,0.15498929410367399,-0.27676469957506333,0.10066501514331715,-5.2710723876953125,-7.96369711558024e-05,0.5666666666666667,0.4866784070665957,0.5666666666666667,52,208.0,0.4257972751537541
fulludp,0.75,Expert-A0_diff_abs_q4,q2,150,-0.11979688008626302,-0.3490577125549317,0.08006998010583825,-0.26443869616534255,-0.5357916548445418,-6.58233642578125,-0.00031879226366678874,0.47333333333333333,0.39509757671394596,0.47333333333333333,71,284.0,0.5529008840404923
fulludp,0.75,Expert-A0_diff_abs_q4,q3,150,-0.09373772939046224,-0.284631046295166,-0.11637316523371516,-0.539585796562401,-0.17517955883129224,-4.011661529541016,-0.0004964256286621093,0.47333333333333333,0.39509757671394596,0.47333333333333333,70,280.0,0.5463389512024308
fulludp,0.75,Expert-A0_diff_abs_q4,q4,150,0.18545282999674478,-0.024355257670084632,0.21006945017221812,-0.06176904729894689,0.17870268950591217,-3.5712738037109375,-0.0006316657861073812,0.48,0.40154978216379894,0.48,63,252.0,0.5000166648864729
fulludp,0.75,expert_fulludp_disagreement_q4,q1,150,0.47325714111328127,0.2388705685933431,1.23496844317462,0.809386109017037,0.10066501514331715,-3.8587799072265625,9.292006492614746e-05,0.6733333333333333,0.5947670390048972,0.6733333333333333,36,144.0,0.31429285227428927
fulludp,0.75,expert_fulludp_disagreement_q4,q2,150,0.35449148813883463,0.1335546137491862,1.3939455908698004,0.9812192684895285,-0.7912212062526394,-4.028331756591797,4.0801763534545896e-05,0.6,0.5200476798506318,0.6,54,216.0,0.4394273244876372
fulludp,0.75,expert_fulludp_disagreement_q4,q3,150,-0.19663505554199218,-0.37076064364115396,0.45446911373653925,0.2512485065975705,-1.2293700140875738,-6.58233642578125,-0.000402681032816569,0.44,0.36304360950970455,0.44,70,280.0,0.5463389512024308
fulludp,0.75,expert_fulludp_disagreement_q4,q4,150,-0.6528335825602214,-0.8313255659739176,0.18999048181482264,-0.11150294381218986,-1.6797288430703652,-4.011661529541016,-0.0012575614452362061,0.28,0.21432932072113414,0.28,96,384.0,0.712435405526836
fulludp,0.75,residual_cosine_q4,q1,150,-1.4337408192952474,-1.5916407311757406,-1.1198927389608848,-1.3546178534224227,-1.6501273077887457,-6.58233642578125,-0.001617980400721232,0.04,0.01845890888690357,0.04,142,568.0,0.9727307871098675
fulludp,0.75,residual_cosine_q4,q2,150,-0.4374544397989909,-0.5687433745066325,-0.37842822719264674,-0.625132400925095,-0.5192791706806904,-4.011661529541016,-0.0005399938424428305,0.24,0.17869214008148446,0.24,85,340.0,0.6433254410473084
fulludp,0.75,residual_cosine_q4,q3,150,0.3049186070760091,0.18066908264160159,0.52567585094555,0.46488365740389437,0.14936148153769002,-3.3568801879882812,9.293556213378906e-06,0.7533333333333333,0.6785952428848271,0.7533333333333333,24,96.0,0.227041057343522
fulludp,0.75,residual_cosine_q4,q4,150,1.5445566431681315,1.384471627553304,1.789114101513012,1.4017754193898795,1.1082889453784839,-1.6769027709960938,0.0006221600373586019,0.96,0.9154854608728422,0.96,5,20.0,0.0756528425070956
fulludp,0.75,haze_density_q4,q1,150,0.1492202377319336,-0.06320492553710935,0.3327096990636877,-0.1116250708296492,0.15903854370117188,-6.58233642578125,-5.8539708455403645e-05,0.58,0.499983335113527,0.58,48,192.0,0.39834548649543466
fulludp,0.75,haze_density_q4,q2,150,0.046692186991373695,-0.1832814572652181,0.4221121813799884,-0.024334044069857206,-0.12597934619800463,-4.780788421630859,-0.00015012065569559732,0.4866666666666667,0.4080157160222476,0.4866666666666667,67,268.0,0.5265702715004522
fulludp,0.75,haze_density_q4,q3,150,0.031023953755696613,-0.13960840225219726,-0.10888331645243876,-0.4804379540520745,-0.2515805218670819,-3.5712738037109375,-0.0006363538901011149,0.5133333333333333,0.43401648564502837,0.5133333333333333,65,260.0,0.5133215929334043
fulludp,0.75,haze_density_q4,q4,150,-0.24865638732910156,-0.4485371634165446,0.25551868129420924,0.022085818728885143,-0.6941245826514991,-4.011661529541016,-0.0006815063953399659,0.41333333333333333,0.3376520916836594,0.41333333333333333,76,304.0,0.5855046395697807
fulludp,0.75,haze_density_p90_q4,q1,150,0.15676410675048827,-0.10825838406880696,0.7290145770923512,0.14610041025522602,-0.06120743622650971,-6.58233642578125,-5.267461140950521e-05,0.5733333333333334,0.49332380166580925,0.5733333333333334,55,219.99999999999997,0.4462191070614596
fulludp,0.75,haze_density_p90_q4,q2,163,0.028564757364659223,-0.15847555230731614,0.07202033996582032,-0.37996764898300167,0.08034696578979492,-4.011661529541016,-0.000302078899430351,0.5398773006134969,0.46332455172793646,0.5398773006134969,62,228.22085889570553,0.4568411295094455
fulludp,0.75,haze_density_p90_q4,q3,142,-0.12025787460971886,-0.32315595720855284,0.10766154697963169,-0.1934338297162737,-0.10331835065569196,-3.509784698486328,-0.0003895113165949432,0.43661971830985913,0.35777709582588163,0.43661971830985913,69,291.5492957746479,0.5674045477005513
fulludp,0.75,haze_density_p90_q4,q4,145,-0.09897968686860183,-0.28956613869502623,-0.11223904291788737,-0.42621824741363523,-0.5051919089423286,-3.785369873046875,-0.0008036375045776367,0.43448275862068964,0.35652096744249173,0.43448275862068964,70,289.65517241379314,0.5634845196271321
fulludp,0.75,transmission_q4,q1,150,-0.24865638732910156,-0.4485371634165446,0.25551868129420924,0.022085818728885143,-0.6941245826514991,-4.011661529541016,-0.0006815063953399659,0.41333333333333333,0.3376520916836594,0.41333333333333333,76,304.0,0.5855046395697807
fulludp,0.75,transmission_q4,q2,150,0.031023953755696613,-0.13960840225219726,-0.10888331645243876,-0.4804379540520745,-0.2515805218670819,-3.5712738037109375,-0.0006363538901011149,0.5133333333333333,0.43401648564502837,0.5133333333333333,65,260.0,0.5133215929334043
fulludp,0.75,transmission_q4,q3,150,0.046692186991373695,-0.1832814572652181,0.4221121813799884,-0.024334044069857206,-0.12597934619800463,-4.780788421630859,-0.00015012065569559732,0.4866666666666667,0.4080157160222476,0.4866666666666667,67,268.0,0.5265702715004522
fulludp,0.75,transmission_q4,q4,150,0.1492202377319336,-0.06320492553710935,0.3327096990636877,-0.1116250708296492,0.15903854370117188,-6.58233642578125,-5.8539708455403645e-05,0.58,0.499983335113527,0.58,48,192.0,0.39834548649543466
fulludp,0.75,airlight_proxy_q4,q1,150,0.18481422424316407,-0.027582738240559894,0.8592459188925253,0.40580532744124126,-0.08750492817646749,-3.2322540283203125,-0.00032938798268636067,0.5066666666666667,0.4274957452416098,0.5066666666666667,67,268.0,0.5265702715004522
fulludp,0.75,airlight_proxy_q4,q2,157,-0.3101094118349112,-0.46623893604157074,-0.1022633772629958,-0.38216604330600834,-0.4426994323730469,-4.780788421630859,-0.0007912698824694202,0.4012738853503185,0.32784367142125215,0.4012738853503185,78,298.0891719745223,0.5741626630941786
fulludp,0.75,airlight_proxy_q4,q3,143,-0.0954208107261391,-0.28466578730336434,-0.45087607247488837,-0.7587607547215053,0.11988514491489956,-5.2710723876953125,-0.000504847589906279,0.4825174825174825,0.40215038678276555,0.4825174825174825,65,272.7272727272727,0.536281137261273
fulludp,0.75,airlight_proxy_q4,q4,150,0.2090147908528646,-0.033923833211263014,0.21051695540144638,-0.23067751961785393,0.10403700132627745,-6.58233642578125,0.00011235117912292481,0.6066666666666667,0.5267647239233271,0.6066666666666667,46,184.0,0.38451993838498993
fulludp,0.75,depth_q4,q1,150,-0.04329423268636068,-0.22163637097676595,-0.18241603954418287,-0.44086201126511027,-0.23081320685309334,-4.780788421630859,-0.0006207485993703206,0.4866666666666667,0.4080157160222476,0.4866666666666667,67,268.0,0.5265702715004522
fulludp,0.75,depth_q4,q2,150,0.027425549825032553,-0.15201752599080404,-0.14882407317290436,-0.5308350640374261,0.3164821315456081,-3.5712738037109375,-0.0002037803332010905,0.52,0.44055093659797023,0.52,62,248.0,0.49334290576826517
fulludp,0.75,depth_q4,q3,150,0.06299920399983724,-0.16072377332051593,0.32260219470874685,-0.20301931742075324,0.09733220693227407,-6.58233642578125,-0.00040215492248535156,0.5133333333333333,0.43401648564502837,0.5133333333333333,60,240.0,0.4799523201493683
fulludp,0.75,depth_q4,q4,150,-0.06885052998860677,-0.2942168032328288,0.5092379595782306,-0.00878597981220966,-0.4544547828468117,-5.2710723876953125,-0.000299836794535319,0.47333333333333333,0.39509757671394596,0.47333333333333333,67,268.0,0.5265702715004522
fulludp,0.75,dark_channel_q4,q1,150,0.15279347737630208,-0.08978479703267415,0.7515512414880701,0.27721683656847157,0.07536058168153505,-6.58233642578125,-2.5185743967692058e-05,0.5666666666666667,0.4866784070665957,0.5666666666666667,53,212.0,0.43262011010395124
fulludp,0.75,dark_channel_q4,q2,150,0.1610757064819336,-0.0559133497873942,0.39002006118362015,-0.0806982762104756,0.22479433626741976,-4.780788421630859,-0.00022458791732788086,0.56,0.48004707281221837,0.56,57,228.0,0.4597570709251133
fulludp,0.75,dark_channel_q4,q3,150,-0.09680530548095703,-0.2851727377573649,-0.13208043897474134,-0.4327215478226945,-0.3064093718657622,-3.509784698486328,-0.00054764191309611,0.4666666666666667,0.3886591247406171,0.4666666666666667,71,284.0,0.5529008840404923
fulludp,0.75,dark_channel_q4,q4,150,-0.2387838872273763,-0.39940698115030926,0.24421062984982053,-0.07247819385013064,-0.4868463052285684,-4.011661529541016,-0.0007291050752003987,0.4,0.32504190767977553,0.4,75,300.0,0.5790112953091499
fulludp,0.75,low_texture_q4,q1,150,-0.050761082967122395,-0.26141600163777673,-0.39163909087309967,-0.7365548056525153,0.12818980861354518,-3.5712738037109375,-0.0006438056627909342,0.5266666666666666,0.4470991159595076,0.5266666666666666,61,244.0,0.48665482559532014
fulludp,0.75,low_texture_q4,q2,150,0.01875568389892578,-0.19379294840494793,0.1089755393363334,-0.1427416724127692,-0.18405780276736697,-6.58233642578125,-0.0003201591968536377,0.4866666666666667,0.4080157160222476,0.4866666666666667,59,236.0,0.47323527607667293
fulludp,0.75,low_texture_q4,q3,150,0.04424952189127604,-0.13791282590230305,-0.1311343425029033,-0.4244412473730139,0.07803313796584671,-4.028331756591797,-0.0002660687764485677,0.5,0.4209887046908502,0.5,67,268.0,0.5265702715004522
fulludp,0.75,low_texture_q4,q4,150,-0.033964131673177085,-0.2899698899586995,0.8671518274255701,0.3536282307392842,-0.5975358292863175,-5.2710723876953125,-0.00029648701349894205,0.48,0.40154978216379894,0.48,69,276.0,0.5397632325453572
fulludp,0.75,edge_density_q4,q1,150,-0.30905197143554686,-0.5587748514811197,-0.25913444725242823,-0.7569621343870421,-0.5994290532292547,-6.58233642578125,-0.0009121012687683106,0.4266666666666667,0.35031956874051456,0.4266666666666667,76,304.0,0.5855046395697807
fulludp,0.75,edge_density_q4,q2,150,0.15951061248779297,-0.04377329889933268,0.4551361187084301,0.02216856157457507,-0.14372315277924408,-4.028331756591797,-0.00022693951924641928,0.54,0.46023676745464287,0.54,57,228.0,0.4597570709251133
fulludp,0.75,edge_density_q4,q3,150,0.1515988286336263,-0.008141235351562495,0.4804184887860272,0.09885983338227144,0.22165618071684967,-2.954601287841797,-0.00022191683451334635,0.5466666666666666,0.46682631163294025,0.5466666666666666,58,232.0,0.4665035705547861
fulludp,0.75,edge_density_q4,q4,150,-0.02377747853597005,-0.19914288075764972,0.1352048822351404,-0.268679564707988,-0.07510004816828547,-3.785369873046875,-0.00016556302706400552,0.48,0.40154978216379894,0.48,65,260.0,0.5133215929334043
fulludp,0.75,sky_highlight_proxy_q4,q1,150,0.23910715738932292,0.030546977996826177,0.7013410619787268,0.18491710714391765,-0.07529892792572847,-5.2710723876953125,-5.074739456176758e-06,0.5466666666666666,0.46682631163294025,0.5466666666666666,57,228.0,0.4597570709251133
fulludp,0.75,sky_highlight_proxy_q4,q2,150,0.1755377960205078,-0.05785492324829101,0.4831501728779561,-0.009337077269683008,-0.15315524951831713,-6.58233642578125,-0.0002143863836924235,0.58,0.499983335113527,0.58,51,204.00000000000003,0.4189586179440758
fulludp,0.75,sky_highlight_proxy_q4,q3,150,-0.1427953084309896,-0.31148097801208496,-0.09610304961333403,-0.40419291676701724,-0.21577051523569468,-3.509784698486328,-0.0005489718914031982,0.5,0.4209887046908502,0.5,70,280.0,0.5463389512024308
fulludp,0.75,sky_highlight_proxy_q4,q4,150,-0.2935696538289388,-0.46300628534952804,-0.06839205767657305,-0.34596038509059596,-0.5037035555452913,-3.5712738037109375,-0.0007580876350402832,0.36666666666666664,0.293773196710732,0.36666666666666664,78,312.0,0.5984502178362011
fulludp,0.75,split,val_hard,300,0.06465421676635742,-0.08433131758371988,0.07155146280924479,-0.19482433700561522,0.08789077758789063,-3.5712738037109375,-0.0004825367530186971,0.47333333333333333,0.417527991598086,0.47333333333333333,133,266.0,0.49991365887032774
fulludp,0.75,split,val_regular,300,-0.07551422119140624,-0.23862362257639566,0.06158075968424479,-0.19984835306803383,0.009042714436848958,-6.58233642578125,-0.00028072357177734376,0.5233333333333333,0.46687729355961577,0.5233333333333333,123,245.99999999999997,0.4664528303092618
fulludp,1.0,A0-PSNR_q4,q1,150,0.0048442331949869796,-0.25366310246785484,0.19781844680373734,-0.1638244448481379,-0.1824162972939981,-5.526937484741211,-0.0015091009934743245,0.49333333333333335,0.41449536043021934,0.49333333333333335,74,296.0,0.5725042547583903
fulludp,1.0,A0-PSNR_q4,q2,150,-0.29596764882405596,-0.512924415588379,0.01618746164682749,-0.4472877553991369,-0.5751367517419763,-4.606590270996094,-0.0009869595368703207,0.3933333333333333,0.31875856694108035,0.3933333333333333,83,332.0,0.6305733499915755
fulludp,1.0,A0-PSNR_q4,q3,150,-0.5505151112874349,-0.7916609497070313,-0.8295128281052048,-1.2801965146451382,-0.9436825932683172,-4.902503967285156,-0.0010234105587005615,0.38666666666666666,0.3124898876515768,0.38666666666666666,86,344.0,0.6496804312594854
fulludp,1.0,A0-PSNR_q4,q4,150,-0.8851267751057943,-1.1407286732991537,-0.43329847181165543,-0.9844044350289008,-0.7695321778993349,-8.424148559570312,-0.000527949333190918,0.3466666666666667,0.27519387418426633,0.3466666666666667,86,344.0,0.6496804312594854
fulludp,1.0,Expert-A0_diff_signed_q4,q1,150,0.06815658569335938,-0.19347802670796713,0.05855189143000422,-0.26029018969149204,-0.07677129797033362,-4.630516052246094,-0.0014491581916809082,0.48,0.40154978216379894,0.48,74,296.0,0.5725042547583903
fulludp,1.0,Expert-A0_diff_signed_q4,q2,150,-0.7649857457478841,-1.0393954804738363,-0.9600959468532253,-1.4099494521682325,-0.8968363581476985,-8.424148559570312,-0.0012160404523213705,0.3466666666666667,0.27519387418426633,0.3466666666666667,92,368.0,0.6875101123484232
fulludp,1.0,Expert-A0_diff_signed_q4,q3,150,-0.6788295364379883,-0.8987975718180339,-0.8007081006024335,-1.258488062265757,-0.44828652046822215,-5.7906341552734375,-0.0007537078857421875,0.38666666666666666,0.3124898876515768,0.38666666666666666,82,328.0,0.6241763820467926
fulludp,1.0,Expert-A0_diff_signed_q4,q4,150,-0.3511066055297852,-0.6145325959523519,0.13212533899255702,-0.3350973515897184,-1.4691218814334355,-6.705593109130859,-0.0006285138924916585,0.4066666666666667,0.33133978704521405,0.4066666666666667,81,324.0,0.6177655414136997
fulludp,1.0,Expert-A0_diff_abs_q4,q1,150,-0.7505671056111654,-0.9851629015604655,-0.40894075342126796,-0.9035753378996978,-0.7695321778993349,-6.705593109130859,-0.0005231877168019613,0.37333333333333335,0.29999705429498763,0.37333333333333335,83,332.0,0.6305733499915755
fulludp,1.0,Expert-A0_diff_abs_q4,q2,150,-0.6083645884195964,-0.8863010266621908,-0.2104546830460832,-0.6458667445827175,-1.3085651913204708,-8.424148559570312,-0.0009524766604105631,0.36666666666666664,0.293773196710732,0.36666666666666664,88,352.0,0.6623479083163406
fulludp,1.0,Expert-A0_diff_abs_q4,q3,150,-0.44110438028971355,-0.6692325248718262,-0.3819955877355627,-0.932475556554021,-0.6540310833905194,-5.526937484741211,-0.001202719211578369,0.41333333333333333,0.3376520916836594,0.41333333333333333,81,324.0,0.6177655414136997
fulludp,1.0,Expert-A0_diff_abs_q4,q4,150,0.07327077229817708,-0.18128681437174476,0.19781844680373734,-0.1638244448481379,-0.07143371169631546,-4.630516052246094,-0.0013690368334452311,0.4666666666666667,0.3886591247406171,0.4666666666666667,77,308.0,0.5919842839777524
fulludp,1.0,expert_fulludp_disagreement_q4,q1,150,-0.17112937927246094,-0.4353918787638346,0.9800881050728463,0.4999658996994431,-0.7695321778993349,-5.7906341552734375,-0.00030591607093811036,0.46,0.38223445858630034,0.46,70,280.0,0.5463389512024308
fulludp,1.0,expert_fulludp_disagreement_q4,q2,150,0.014345881144205729,-0.27141144371032716,1.5640886667612437,1.03777240546974,-1.6686017835462414,-5.231719970703125,-0.00040774226188659666,0.5066666666666667,0.4274957452416098,0.5066666666666667,66,264.0,0.5199529271877817
fulludp,1.0,expert_fulludp_disagreement_q4,q3,150,-0.5432572555541992,-0.7612744604746501,0.4188922675880226,0.15336996026941252,-2.0028670027449325,-8.424148559570312,-0.0010191428661346436,0.38,0.30623600246985916,0.38,87,348.0,0.656021282623158
fulludp,1.0,expert_fulludp_disagreement_q4,q4,150,-1.0267245483398437,-1.2607237332661947,0.16671412699931376,-0.23998674701999972,-2.493062251322978,-5.526937484741211,-0.002314619223276774,0.2733333333333333,0.20834036087778668,0.2733333333333333,106,424.0,0.7736369047746994
fulludp,1.0,residual_cosine_q4,q1,150,-2.0749603271484376,-2.272311524073283,-1.5424311354353621,-1.834404958261026,-2.529618237469647,-8.424148559570312,-0.00268091877301534,0.02666666666666667,0.010417772291104762,0.02666666666666667,145,580.0,0.9856797793044249
fulludp,1.0,residual_cosine_q4,q2,150,-0.9967011896769206,-1.1819965674082438,-0.6843090057373047,-1.0177863095257733,-1.360637767894848,-5.7906341552734375,-0.0012678627173105875,0.1,0.06154083683597322,0.1,122,488.0,0.8675766945029001
fulludp,1.0,residual_cosine_q4,q3,150,-0.16388745625813803,-0.33414159965515133,0.46310321704761404,0.38019450161908125,-0.6335650263605891,-5.400211334228516,-0.00047005414962768554,0.5866666666666667,0.5066570942317349,0.5866666666666667,48,192.0,0.39834548649543466
fulludp,1.0,residual_cosine_q4,q4,150,1.508783671061198,1.2976870053609213,2.151037061536634,1.6813835092493006,0.43905546858504013,-2.9205169677734375,0.0003714152177174886,0.9066666666666666,0.8494348221544131,0.9066666666666666,14,56.0,0.15056517784558682
fulludp,1.0,haze_density_q4,q1,150,-0.5377184677124024,-0.7947321236928304,-0.07678660830935917,-0.6019634607675913,-0.7153216181574641,-8.424148559570312,-0.0005729385217030843,0.44,0.36304360950970455,0.44,75,300.0,0.5790112953091499
fulludp,1.0,haze_density_q4,q2,150,-0.3543354415893555,-0.6660868326822916,0.410749744724583,-0.18994715407087995,-0.8501291017274599,-6.380851745605469,-0.0006953966617584228,0.38,0.30623600246985916,0.38,87,348.0,0.656021282623158
fulludp,1.0,haze_density_q4,q3,150,-0.24844865163167318,-0.4610755920410156,-0.22847366333007812,-0.7047255361402357,-0.8409007304423565,-4.630516052246094,-0.0013342352708180746,0.44666666666666666,0.36942665000842445,0.44666666666666666,77,308.0,0.5919842839777524
fulludp,1.0,haze_density_q4,q4,150,-0.5862627410888672,-0.8354976024627685,0.1880900408770587,-0.0909917264371305,-1.369722624082823,-5.526937484741211,-0.001444849967956543,0.35333333333333333,0.28137142404545956,0.35333333333333333,90,360.0,0.6749580923202244
fulludp,1.0,haze_density_p90_q4,q1,150,-0.5266392008463542,-0.8487641747792561,0.5176173029719172,-0.2219260782808871,-0.9751392055202175,-8.424148559570312,-0.0005443076292673747,0.4266666666666667,0.35031956874051456,0.4266666666666667,79,315.99999999999994,0.604902423286054
fulludp,1.0,haze_density_p90_q4,q2,163,-0.39676546904207005,-0.6251824964043553,-0.05943417549133301,-0.6524422693252563,-0.5641488075256348,-5.7906341552734375,-0.0009438033484242445,0.4110429447852761,0.338402899936514,0.4110429447852761,88,323.92638036809814,0.614593665311459
fulludp,1.0,haze_density_p90_q4,q3,142,-0.4350036164404641,-0.6911020319226762,0.01728700910295759,-0.3669994136265346,-0.5730069841657366,-4.606590270996094,-0.001019733472609184,0.3873239436619718,0.3111742087239353,0.3873239436619718,81,342.2535211267606,0.6489294380378157
fulludp,1.0,haze_density_p90_q4,q4,145,-0.3694871047447468,-0.6108087079278354,-0.2806490792168511,-0.6741015487247043,-1.0164713329739041,-4.902503967285156,-0.001564309103735562,0.3931034482758621,0.31734377558655397,0.3931034482758621,81,335.17241379310343,0.6368954917342594
fulludp,1.0,transmission_q4,q1,150,-0.5862627410888672,-0.8354976024627685,0.1880900408770587,-0.0909917264371305,-1.369722624082823,-5.526937484741211,-0.001444849967956543,0.35333333333333333,0.28137142404545956,0.35333333333333333,90,360.0,0.6749580923202244
fulludp,1.0,transmission_q4,q2,150,-0.24844865163167318,-0.4610755920410156,-0.22847366333007812,-0.7047255361402357,-0.8409007304423565,-4.630516052246094,-0.0013342352708180746,0.44666666666666666,0.36942665000842445,0.44666666666666666,77,308.0,0.5919842839777524
fulludp,1.0,transmission_q4,q3,150,-0.3543354415893555,-0.6660868326822916,0.410749744724583,-0.18994715407087995,-0.8501291017274599,-6.380851745605469,-0.0006953966617584228,0.38,0.30623600246985916,0.38,87,348.0,0.656021282623158
fulludp,1.0,transmission_q4,q4,150,-0.5377184677124024,-0.7947321236928304,-0.07678660830935917,-0.6019634607675913,-0.7153216181574641,-8.424148559570312,-0.0005729385217030843,0.44,0.36304360950970455,0.44,75,300.0,0.5790112953091499
fulludp,1.0,airlight_proxy_q4,q1,150,-0.027629267374674478,-0.2888841622670491,1.0215176762761295,0.4215300482672614,-0.6440186371674409,-4.435070037841797,-0.0007829968134562174,0.4666666666666667,0.3886591247406171,0.4666666666666667,77,308.0,0.5919842839777524
fulludp,1.0,airlight_proxy_q4,q2,157,-0.6869021859138634,-0.8799604762132001,-0.2321479992988782,-0.5959843024229392,-1.0992767138358874,-6.380851745605469,-0.0015929462803397209,0.33121019108280253,0.2623933009329,0.33121019108280253,97,370.70063694267515,0.6901690452101619
fulludp,1.0,airlight_proxy_q4,q3,143,-0.5998645328975224,-0.8269489021568032,-0.7059323447091239,-1.092642661503383,-0.5917456490652901,-6.705593109130859,-0.0012208160820540849,0.34965034965034963,0.2763537399903497,0.34965034965034963,83,348.25174825174827,0.6581631153188411
fulludp,1.0,airlight_proxy_q4,q4,150,-0.40830755869547525,-0.6875736338297526,-0.06365033742543813,-0.576331630912987,-0.7741855930637669,-8.424148559570312,-0.00043329517046610514,0.47333333333333333,0.39509757671394596,0.47333333333333333,72,288.0,0.5594490634020298
fulludp,1.0,depth_q4,q1,150,-0.4253257369995117,-0.6319856872558594,-0.35285815677127325,-0.7078901265118573,-0.974268423544394,-6.380851745605469,-0.0013080994288126627,0.38666666666666666,0.3124898876515768,0.38666666666666666,83,332.0,0.6305733499915755
fulludp,1.0,depth_q4,q2,150,-0.3666244379679362,-0.5894273872375487,-0.3037560952676309,-0.7905687357928302,-0.35604765608504013,-4.630516052246094,-0.0007019301255544026,0.44,0.36304360950970455,0.44,76,304.0,0.5855046395697807
fulludp,1.0,depth_q4,q3,150,-0.33806934356689455,-0.626126272201538,0.2802739529996305,-0.40169104756535706,-0.7893073623244827,-8.424148559570312,-0.001046842336654663,0.43333333333333335,0.35667455895269157,0.43333333333333335,80,320.0,0.6113408752593829
fulludp,1.0,depth_q4,q4,150,-0.5967457834879557,-0.8801177666982015,0.4147838901829075,-0.1988306896106617,-1.3869571170291386,-6.705593109130859,-0.0009905485312143962,0.36,0.287564594473164,0.36,90,360.0,0.6749580923202244
fulludp,1.0,dark_channel_q4,q1,150,-0.35792444864908857,-0.6646456832885742,0.8584040048960093,0.2234154984757707,-0.8117112855653505,-8.424148559570312,-0.0004827419916788737,0.43333333333333335,0.35667455895269157,0.43333333333333335,76,304.0,0.5855046395697807
fulludp,1.0,dark_channel_q4,q2,150,-0.25193421681722006,-0.5124197502136231,0.25992764653386297,-0.2890205486400707,-0.4794927029996305,-6.380851745605469,-0.0007485008239746094,0.4533333333333333,0.3758236179532074,0.4533333333333333,76,304.0,0.5855046395697807
fulludp,1.0,dark_channel_q4,q3,150,-0.4956798934936523,-0.7209732761383056,-0.27124745136982686,-0.6698439881608292,-1.0781441765862543,-4.802349090576172,-0.0012280325094858806,0.4066666666666667,0.33133978704521405,0.4066666666666667,83,332.0,0.6305733499915755
fulludp,1.0,dark_channel_q4,q4,150,-0.6212267430623373,-0.8342768580118815,0.16068298752243454,-0.23107924332489838,-1.1745099248112858,-5.526937484741211,-0.001588145097096761,0.32666666666666666,0.2567570339087464,0.32666666666666666,94,376.0,0.7000029457050124
fulludp,1.0,low_texture_q4,q1,150,-0.5653466924031576,-0.8113351427714031,-0.6578700606887405,-1.0955740103850493,-0.6757886731946791,-5.400211334228516,-0.0013588527838389079,0.3933333333333333,0.31875856694108035,0.3933333333333333,80,320.0,0.6113408752593829
fulludp,1.0,low_texture_q4,q2,150,-0.3829068883260091,-0.6424758338928223,0.033967404752164275,-0.2879420332006506,-1.0152979670344173,-8.424148559570312,-0.0009133787949879964,0.38666666666666666,0.3124898876515768,0.38666666666666666,81,324.0,0.6177655414136997
fulludp,1.0,low_texture_q4,q3,150,-0.3342351786295573,-0.5591324113210042,-0.31975122400232264,-0.714086187208021,-0.6098283303750528,-5.7906341552734375,-0.0008705461025238037,0.43333333333333335,0.35667455895269157,0.43333333333333335,82,328.0,0.6241763820467926
fulludp,1.0,low_texture_q4,q4,150,-0.4442765426635742,-0.7804645805358886,0.9351208145554001,0.28914074253391575,-1.5151338319520693,-6.705593109130859,-0.0009046427408854167,0.4066666666666667,0.33133978704521405,0.4066666666666667,86,344.0,0.6496804312594854
fulludp,1.0,edge_density_q4,q1,150,-0.9124274063110351,-1.2199844659169516,-0.546395121393977,-1.1079881384566024,-1.605677114950644,-8.424148559570312,-0.0018576713403066,0.37333333333333335,0.29999705429498763,0.37333333333333335,91,364.0,0.6812414330589196
fulludp,1.0,edge_density_q4,q2,150,-0.23703717549641928,-0.5119386831919351,0.4549040407747836,-0.12454172340599264,-0.9719590882997255,-5.526937484741211,-0.000887598991394043,0.4266666666666667,0.35031956874051456,0.4266666666666667,75,300.0,0.5790112953091499
fulludp,1.0,edge_density_q4,q3,150,-0.1964580281575521,-0.3921680895487467,0.4630165615597287,-0.010379974262134443,-0.5185928344726562,-4.527748107910156,-0.0007061195373535156,0.43333333333333335,0.35667455895269157,0.43333333333333335,76,304.0,0.5855046395697807
fulludp,1.0,edge_density_q4,q4,150,-0.38084269205729165,-0.59637642288208,0.06783717387431376,-0.4638330433819745,-0.7572260676203547,-4.902503967285156,-0.0005960305531819662,0.38666666666666666,0.3124898876515768,0.38666666666666666,87,348.0,0.656021282623158
fulludp,1.0,sky_highlight_proxy_q4,q1,150,-0.15746212005615234,-0.42610646120707196,0.8342235152785843,0.13057077253187027,-0.9413598550332559,-6.705593109130859,-0.0004473567008972168,0.4666666666666667,0.3886591247406171,0.4666666666666667,75,300.0,0.5790112953091499
fulludp,1.0,sky_highlight_proxy_q4,q2,150,-0.33078898111979166,-0.6240348459879558,0.2587258622453019,-0.32882268750989757,-1.02578828141496,-8.424148559570312,-0.0007999809583028157,0.46,0.38223445858630034,0.46,73,292.0,0.5659835143549715
fulludp,1.0,sky_highlight_proxy_q4,q3,150,-0.5808074061075846,-0.7956465873718263,-0.26315415872109904,-0.6647480990435626,-0.9479883554819468,-4.606590270996094,-0.0012713499863942464,0.4,0.32504190767977553,0.4,84,336.00000000000006,0.6369563904902955
fulludp,1.0,sky_highlight_proxy_q4,q4,150,-0.6577067947387696,-0.873750805536906,-0.18906593322753906,-0.5421630910924963,-1.1686658086003483,-4.630516052246094,-0.0015287327766418458,0.29333333333333333,0.22636309522530063,0.29333333333333333,97,387.99999999999994,0.7186285759545403
fulludp,1.0,split,val_hard,300,-0.19823442459106444,-0.3718238064448039,-0.03160527547200521,-0.3754389483133952,-0.3448503112792969,-4.630516052246094,-0.0011512223879496257,0.4166666666666667,0.36227512359534986,0.4166666666666667,161,322.0,0.592275117429281
fulludp,1.0,split,val_regular,300,-0.6651482264200846,-0.8616724662780763,-0.1488209533691406,-0.517112907409668,-0.8392509460449219,-8.424148559570312,-0.0008724878231684367,0.3933333333333333,0.3397381566402702,0.3933333333333333,168,336.00000000000006,0.6150617904205288
