family,alpha,group,bin,count,mean_dPSNR,mean_bootstrap_LCB,hard_bottom25_dPSNR,hard_bootstrap_LCB,easy_top25_dPSNR,worst_dPSNR,dSSIM,positive_ratio,positive_Wilson_LCB,nonnegative_ratio,severe_loss_count,severe_loss_per_600,severe_Wilson_UCB
expert,0.0,A0-PSNR_q4,q1,150,0.0,0.0,0.0,0.0,0.0,0.0,0.0,0.0,0.0,1.0,0,0.0,0.02497113914571871
expert,0.0,A0-PSNR_q4,q2,150,0.0,0.0,0.0,0.0,0.0,0.0,0.0,0.0,0.0,1.0,0,0.0,0.02497113914571871
expert,0.0,A0-PSNR_q4,q3,150,0.0,0.0,0.0,0.0,0.0,0.0,0.0,0.0,0.0,1.0,0,0.0,0.02497113914571871
expert,0.0,A0-PSNR_q4,q4,150,0.0,0.0,0.0,0.0,0.0,0.0,0.0,0.0,0.0,1.0,0,0.0,0.02497113914571871
expert,0.0,Expert-A0_diff_signed_q4,q1,150,0.0,0.0,0.0,0.0,0.0,0.0,0.0,0.0,0.0,1.0,0,0.0,0.02497113914571871
expert,0.0,Expert-A0_diff_signed_q4,q2,150,0.0,0.0,0.0,0.0,0.0,0.0,0.0,0.0,0.0,1.0,0,0.0,0.02497113914571871
expert,0.0,Expert-A0_diff_signed_q4,q3,150,0.0,0.0,0.0,0.0,0.0,0.0,0.0,0.0,0.0,1.0,0,0.0,0.02497113914571871
expert,0.0,Expert-A0_diff_signed_q4,q4,150,0.0,0.0,0.0,0.0,0.0,0.0,0.0,0.0,0.0,1.0,0,0.0,0.02497113914571871
expert,0.0,Expert-A0_diff_abs_q4,q1,150,0.0,0.0,0.0,0.0,0.0,0.0,0.0,0.0,0.0,1.0,0,0.0,0.02497113914571871
expert,0.0,Expert-A0_diff_abs_q4,q2,150,0.0,0.0,0.0,0.0,0.0,0.0,0.0,0.0,0.0,1.0,0,0.0,0.02497113914571871
expert,0.0,Expert-A0_diff_abs_q4,q3,150,0.0,0.0,0.0,0.0,0.0,0.0,0.0,0.0,0.0,1.0,0,0.0,0.02497113914571871
expert,0.0,Expert-A0_diff_abs_q4,q4,150,0.0,0.0,0.0,0.0,0.0,0.0,0.0,0.0,0.0,1.0,0,0.0,0.02497113914571871
expert,0.0,expert_fulludp_disagreement_q4,q1,150,0.0,0.0,0.0,0.0,0.0,0.0,0.0,0.0,0.0,1.0,0,0.0,0.02497113914571871
expert,0.0,expert_fulludp_disagreement_q4,q2,150,0.0,0.0,0.0,0.0,0.0,0.0,0.0,0.0,0.0,1.0,0,0.0,0.02497113914571871
expert,0.0,expert_fulludp_disagreement_q4,q3,150,0.0,0.0,0.0,0.0,0.0,0.0,0.0,0.0,0.0,1.0,0,0.0,0.02497113914571871
expert,0.0,expert_fulludp_disagreement_q4,q4,150,0.0,0.0,0.0,0.0,0.0,0.0,0.0,0.0,0.0,1.0,0,0.0,0.02497113914571871
expert,0.0,residual_cosine_q4,q1,150,0.0,0.0,0.0,0.0,0.0,0.0,0.0,0.0,0.0,1.0,0,0.0,0.02497113914571871
expert,0.0,residual_cosine_q4,q2,150,0.0,0.0,0.0,0.0,0.0,0.0,0.0,0.0,0.0,1.0,0,0.0,0.02497113914571871
expert,0.0,residual_cosine_q4,q3,150,0.0,0.0,0.0,0.0,0.0,0.0,0.0,0.0,0.0,1.0,0,0.0,0.02497113914571871
expert,0.0,residual_cosine_q4,q4,150,0.0,0.0,0.0,0.0,0.0,0.0,0.0,0.0,0.0,1.0,0,0.0,0.02497113914571871
expert,0.0,haze_density_q4,q1,150,0.0,0.0,0.0,0.0,0.0,0.0,0.0,0.0,0.0,1.0,0,0.0,0.02497113914571871
expert,0.0,haze_density_q4,q2,150,0.0,0.0,0.0,0.0,0.0,0.0,0.0,0.0,0.0,1.0,0,0.0,0.02497113914571871
expert,0.0,haze_density_q4,q3,150,0.0,0.0,0.0,0.0,0.0,0.0,0.0,0.0,0.0,1.0,0,0.0,0.02497113914571871
expert,0.0,haze_density_q4,q4,150,0.0,0.0,0.0,0.0,0.0,0.0,0.0,0.0,0.0,1.0,0,0.0,0.02497113914571871
expert,0.0,haze_density_p90_q4,q1,150,0.0,0.0,0.0,0.0,0.0,0.0,0.0,0.0,0.0,1.0,0,0.0,0.02497113914571871
expert,0.0,haze_density_p90_q4,q2,163,0.0,0.0,0.0,0.0,0.0,0.0,0.0,0.0,0.0,1.0,0,0.0,0.023025432506041655
expert,0.0,haze_density_p90_q4,q3,142,0.0,0.0,0.0,0.0,0.0,0.0,0.0,0.0,0.0,1.0,0,0.0,0.02634090684688045
expert,0.0,haze_density_p90_q4,q4,145,0.0,0.0,0.0,0.0,0.0,0.0,0.0,0.0,0.0,1.0,0,0.0,0.025809988605336138
expert,0.0,transmission_q4,q1,150,0.0,0.0,0.0,0.0,0.0,0.0,0.0,0.0,0.0,1.0,0,0.0,0.02497113914571871
expert,0.0,transmission_q4,q2,150,0.0,0.0,0.0,0.0,0.0,0.0,0.0,0.0,0.0,1.0,0,0.0,0.02497113914571871
expert,0.0,transmission_q4,q3,150,0.0,0.0,0.0,0.0,0.0,0.0,0.0,0.0,0.0,1.0,0,0.0,0.02497113914571871
expert,0.0,transmission_q4,q4,150,0.0,0.0,0.0,0.0,0.0,0.0,0.0,0.0,0.0,1.0,0,0.0,0.02497113914571871
expert,0.0,airlight_proxy_q4,q1,150,0.0,0.0,0.0,0.0,0.0,0.0,0.0,0.0,0.0,1.0,0,0.0,0.02497113914571871
expert,0.0,airlight_proxy_q4,q2,157,0.0,0.0,0.0,0.0,0.0,0.0,0.0,0.0,0.0,1.0,0,0.0,0.02388436822314625
expert,0.0,airlight_proxy_q4,q3,143,0.0,0.0,0.0,0.0,0.0,0.0,0.0,0.0,0.0,1.0,0,0.0,0.02616152370990237
expert,0.0,airlight_proxy_q4,q4,150,0.0,0.0,0.0,0.0,0.0,0.0,0.0,0.0,0.0,1.0,0,0.0,0.02497113914571871
expert,0.0,depth_q4,q1,150,0.0,0.0,0.0,0.0,0.0,0.0,0.0,0.0,0.0,1.0,0,0.0,0.02497113914571871
expert,0.0,depth_q4,q2,150,0.0,0.0,0.0,0.0,0.0,0.0,0.0,0.0,0.0,1.0,0,0.0,0.02497113914571871
expert,0.0,depth_q4,q3,150,0.0,0.0,0.0,0.0,0.0,0.0,0.0,0.0,0.0,1.0,0,0.0,0.02497113914571871
expert,0.0,depth_q4,q4,150,0.0,0.0,0.0,0.0,0.0,0.0,0.0,0.0,0.0,1.0,0,0.0,0.02497113914571871
expert,0.0,dark_channel_q4,q1,150,0.0,0.0,0.0,0.0,0.0,0.0,0.0,0.0,0.0,1.0,0,0.0,0.02497113914571871
expert,0.0,dark_channel_q4,q2,150,0.0,0.0,0.0,0.0,0.0,0.0,0.0,0.0,0.0,1.0,0,0.0,0.02497113914571871
expert,0.0,dark_channel_q4,q3,150,0.0,0.0,0.0,0.0,0.0,0.0,0.0,0.0,0.0,1.0,0,0.0,0.02497113914571871
expert,0.0,dark_channel_q4,q4,150,0.0,0.0,0.0,0.0,0.0,0.0,0.0,0.0,0.0,1.0,0,0.0,0.02497113914571871
expert,0.0,low_texture_q4,q1,150,0.0,0.0,0.0,0.0,0.0,0.0,0.0,0.0,0.0,1.0,0,0.0,0.02497113914571871
expert,0.0,low_texture_q4,q2,150,0.0,0.0,0.0,0.0,0.0,0.0,0.0,0.0,0.0,1.0,0,0.0,0.02497113914571871
expert,0.0,low_texture_q4,q3,150,0.0,0.0,0.0,0.0,0.0,0.0,0.0,0.0,0.0,1.0,0,0.0,0.02497113914571871
expert,0.0,low_texture_q4,q4,150,0.0,0.0,0.0,0.0,0.0,0.0,0.0,0.0,0.0,1.0,0,0.0,0.02497113914571871
expert,0.0,edge_density_q4,q1,150,0.0,0.0,0.0,0.0,0.0,0.0,0.0,0.0,0.0,1.0,0,0.0,0.02497113914571871
expert,0.0,edge_density_q4,q2,150,0.0,0.0,0.0,0.0,0.0,0.0,0.0,0.0,0.0,1.0,0,0.0,0.02497113914571871
expert,0.0,edge_density_q4,q3,150,0.0,0.0,0.0,0.0,0.0,0.0,0.0,0.0,0.0,1.0,0,0.0,0.02497113914571871
expert,0.0,edge_density_q4,q4,150,0.0,0.0,0.0,0.0,0.0,0.0,0.0,0.0,0.0,1.0,0,0.0,0.02497113914571871
expert,0.0,sky_highlight_proxy_q4,q1,150,0.0,0.0,0.0,0.0,0.0,0.0,0.0,0.0,0.0,1.0,0,0.0,0.02497113914571871
expert,0.0,sky_highlight_proxy_q4,q2,150,0.0,0.0,0.0,0.0,0.0,0.0,0.0,0.0,0.0,1.0,0,0.0,0.02497113914571871
expert,0.0,sky_highlight_proxy_q4,q3,150,0.0,0.0,0.0,0.0,0.0,0.0,0.0,0.0,0.0,1.0,0,0.0,0.02497113914571871
expert,0.0,sky_highlight_proxy_q4,q4,150,0.0,0.0,0.0,0.0,0.0,0.0,0.0,0.0,0.0,1.0,0,0.0,0.02497113914571871
expert,0.0,split,val_hard,300,0.0,0.0,0.0,0.0,0.0,0.0,0.0,0.0,0.0,1.0,0,0.0,0.012643429997735661
expert,0.0,split,val_regular,300,0.0,0.0,0.0,0.0,0.0,0.0,0.0,0.0,0.0,1.0,0,0.0,0.012643429997735661
expert,0.125,A0-PSNR_q4,q1,150,0.5225772857666016,0.48761373074849446,0.5189225995862806,0.44886600133535026,0.5279431729703337,-0.12112045288085938,0.0008270776271820068,0.9733333333333334,0.9334450938998244,0.9733333333333334,0,0.0,0.02497113914571871
expert,0.125,A0-PSNR_q4,q2,150,0.5302733357747396,0.494433775583903,0.4758556469066723,0.4101591574179159,0.5148233980745882,-0.10304641723632812,0.0005430042743682862,0.98,0.9428523341357584,0.98,0,0.0,0.02497113914571871
expert,0.125,A0-PSNR_q4,q3,150,0.5827616119384765,0.5403857765197754,0.5721836605587521,0.5037257065644135,0.6545729766020904,-0.3823966979980469,0.0005528541405995686,0.9733333333333334,0.9334450938998244,0.9733333333333334,1,4.0,0.036793752933975674
expert,0.125,A0-PSNR_q4,q4,150,0.6102801767985025,0.5769508806864421,0.5832752537082981,0.500516314119906,0.5901750100625528,-0.08167266845703125,0.00029740015665690107,0.9866666666666667,0.9526921436197237,0.9866666666666667,0,0.0,0.02497113914571871
expert,0.125,Expert-A0_diff_signed_q4,q1,150,0.6998196156819662,0.6569662342071533,0.6786960911106419,0.6248759914088894,0.7024240236024599,-0.3823966979980469,0.000867611567179362,0.9866666666666667,0.9526921436197237,0.9866666666666667,1,4.0,0.036793752933975674
expert,0.125,Expert-A0_diff_signed_q4,q2,150,0.5278685887654623,0.49533638827006027,0.38872316721323374,0.3168237815032134,0.6760496191076331,-0.12112045288085938,0.000582962433497111,0.9733333333333334,0.9334450938998244,0.9733333333333334,0,0.0,0.02497113914571871
expert,0.125,Expert-A0_diff_signed_q4,q3,150,0.5131276067097982,0.4810651410420736,0.3881684896108267,0.32714592959429767,0.6485274031355575,-0.15317535400390625,0.0004148542881011963,0.9866666666666667,0.9526921436197237,0.9866666666666667,0,0.0,0.02497113914571871
expert,0.125,Expert-A0_diff_signed_q4,q4,150,0.5050765991210937,0.4687042973836263,0.37494669733820735,0.3172409547341836,0.6006756344357053,-0.10304641723632812,0.00035490791002909343,0.9666666666666667,0.9243471574929044,0.9666666666666667,0,0.0,0.02497113914571871
expert,0.125,Expert-A0_diff_abs_q4,q1,150,0.48715826670328777,0.45489557075500486,0.20198889036436338,0.1632107399605416,0.6084872065363703,-0.08167266845703125,0.000254281759262085,0.98,0.9428523341357584,0.98,0,0.0,0.02497113914571871
expert,0.125,Expert-A0_diff_abs_q4,q2,150,0.4751840337117513,0.4416265341440837,0.3005188091381176,0.2525079237448203,0.6667455724767737,-0.15317535400390625,0.0004553810755411784,0.9666666666666667,0.9243471574929044,0.9666666666666667,0,0.0,0.02497113914571871
expert,0.125,Expert-A0_diff_abs_q4,q3,150,0.5704151916503907,0.5366753470102946,0.37159161954312714,0.32252762510969835,0.7744702519597234,-0.06299018859863281,0.0006079546610514323,0.9866666666666667,0.9526921436197237,0.9866666666666667,0,0.0,0.02497113914571871
expert,0.125,Expert-A0_diff_abs_q4,q4,150,0.7131349182128907,0.6764513842264812,0.6343261615650074,0.5651536786878432,0.6955445779336465,-0.3823966979980469,0.000902718702952067,0.98,0.9428523341357584,0.98,1,4.0,0.036793752933975674
expert,0.125,expert_fulludp_disagreement_q4,q1,150,0.5669449106852213,0.5309001108805339,0.37973104940878377,0.306517776283058,0.592544040164432,-0.15317535400390625,0.00029917796452840167,0.98,0.9428523341357584,0.98,0,0.0,0.02497113914571871
expert,0.125,expert_fulludp_disagreement_q4,q2,150,0.4963908004760742,0.4624770704905192,0.3669457822232633,0.30856622231973185,0.6063367482778188,-0.12112045288085938,0.0004321372509002686,0.98,0.9428523341357584,0.98,0,0.0,0.02497113914571871
expert,0.125,expert_fulludp_disagreement_q4,q3,150,0.520080540974935,0.4842256126403809,0.4096527099609375,0.33599044438954945,0.5811163412558066,-0.13965606689453125,0.0005218565464019775,0.9666666666666667,0.9243471574929044,0.9666666666666667,0,0.0,0.02497113914571871
expert,0.125,expert_fulludp_disagreement_q4,q4,150,0.6624761581420898,0.6291738980611166,0.6660995998898068,0.611714319280676,0.6561963880384291,-0.3823966979980469,0.0009671644369761149,0.9866666666666667,0.9526921436197237,0.9866666666666667,1,4.0,0.036793752933975674
expert,0.125,residual_cosine_q4,q1,150,0.5353190739949544,0.4980967171986898,0.5069086744978621,0.43428300651344093,0.5261228406751478,-0.3823966979980469,0.0006763358910878499,0.9666666666666667,0.9243471574929044,0.9666666666666667,1,4.0,0.036793752933975674
expert,0.125,residual_cosine_q4,q2,150,0.5172550201416015,0.48734741401672366,0.527623666299356,0.45622009844393346,0.5525072458628062,-0.05777740478515625,0.000515589714050293,0.9933333333333333,0.9632062470660242,0.9933333333333333,0,0.0,0.02497113914571871
expert,0.125,residual_cosine_q4,q3,150,0.5125870895385742,0.47816100374857584,0.45800466795225403,0.3795576430655815,0.5352918264028188,-0.15317535400390625,0.00048412203788757326,0.96,0.9154854608728422,0.96,0,0.0,0.02497113914571871
expert,0.125,residual_cosine_q4,q4,150,0.6807312266031901,0.6440756448109944,0.5824379792084565,0.5019221357397131,0.6796448166305954,-0.06827735900878906,0.0005442885557810466,0.9933333333333333,0.9632062470660242,0.9933333333333333,0,0.0,0.02497113914571871
expert,0.125,haze_density_q4,q1,150,0.6543972396850586,0.6263198839823405,0.6848059473810969,0.64070869136501,0.6025041116250528,-0.07602310180664062,0.00045897801717122394,0.9933333333333333,0.9632062470660242,0.9933333333333333,0,0.0,0.02497113914571871
expert,0.125,haze_density_q4,q2,150,0.5860336939493815,0.5472209746042888,0.5688658533869563,0.4977349410185943,0.567539627487595,-0.3823966979980469,0.0005240972836812337,0.98,0.9428523341357584,0.98,1,4.0,0.036793752933975674
expert,0.125,haze_density_q4,q3,150,0.504982795715332,0.4693590698242187,0.5429102407919394,0.4609398249033335,0.5313448519320101,-0.15317535400390625,0.0005773810545603434,0.9733333333333334,0.9334450938998244,0.9733333333333334,0,0.0,0.02497113914571871
expert,0.125,haze_density_q4,q4,150,0.5004786809285482,0.46601589902242024,0.4603688523576066,0.4004594905956372,0.5383083240405934,-0.13965606689453125,0.0006598798433939616,0.9666666666666667,0.9243471574929044,0.9666666666666667,0,0.0,0.02497113914571871
expert,0.125,haze_density_p90_q4,q1,150,0.6444704818725586,0.6116003112792968,0.6549809945596231,0.5877174068141627,0.5977021294671137,-0.07602310180664062,0.0004053755601247152,0.9933333333333333,0.9632062470660242,0.9933333333333333,0,0.0,0.02497113914571871
expert,0.125,haze_density_p90_q4,q2,163,0.5759252419500994,0.544188528704497,0.5032820224761962,0.4166305088996887,0.5822749137878418,-0.12112045288085938,0.0005775192763907777,0.9815950920245399,0.9472909504611251,0.9815950920245399,0,0.0,0.023025432506041655
expert,0.125,haze_density_p90_q4,q3,142,0.5206114809278032,0.4801003657596212,0.4475785391671317,0.3839847183227539,0.49812731061662946,-0.3823966979980469,0.0006102705505532278,0.9507042253521126,0.9017454980238941,0.9507042253521126,1,4.225352112676056,0.03881023299663651
expert,0.125,haze_density_p90_q4,q4,145,0.49938375538793106,0.464271266542632,0.5374763276841905,0.46929689778221984,0.5476124021742079,-0.07386016845703125,0.0006306899004969104,0.9862068965517241,0.9511064772560722,0.9862068965517241,0,0.0,0.025809988605336138
expert,0.125,transmission_q4,q1,150,0.5004786809285482,0.46601589902242024,0.4603688523576066,0.4004594905956372,0.5383083240405934,-0.13965606689453125,0.0006598798433939616,0.9666666666666667,0.9243471574929044,0.9666666666666667,0,0.0,0.02497113914571871
expert,0.125,transmission_q4,q2,150,0.504982795715332,0.4693590698242187,0.5429102407919394,0.4609398249033335,0.5313448519320101,-0.15317535400390625,0.0005773810545603434,0.9733333333333334,0.9334450938998244,0.9733333333333334,0,0.0,0.02497113914571871
expert,0.125,transmission_q4,q3,150,0.5860336939493815,0.5472209746042888,0.5688658533869563,0.4977349410185943,0.567539627487595,-0.3823966979980469,0.0005240972836812337,0.98,0.9428523341357584,0.98,1,4.0,0.036793752933975674
expert,0.125,transmission_q4,q4,150,0.6543972396850586,0.6263198839823405,0.6848059473810969,0.64070869136501,0.6025041116250528,-0.07602310180664062,0.00045897801717122394,0.9933333333333333,0.9632062470660242,0.9933333333333333,0,0.0,0.02497113914571871
expert,0.125,airlight_proxy_q4,q1,150,0.5187080383300782,0.48070539347330726,0.49250051137563344,0.42029989087903824,0.5076844498917863,-0.3823966979980469,0.0004051637649536133,0.9733333333333334,0.9334450938998244,0.9733333333333334,1,4.0,0.036793752933975674
expert,0.125,airlight_proxy_q4,q2,157,0.5305921712498756,0.49481513819117456,0.5292359376565005,0.46846937032846303,0.5892266493577224,-0.15317535400390625,0.0006594031479707948,0.9872611464968153,0.9547468035530363,0.9872611464968153,0,0.0,0.02388436822314625
expert,0.125,airlight_proxy_q4,q3,143,0.5370736955762743,0.5019094093696221,0.46055652073451453,0.3847233200073242,0.5860226222446987,-0.12112045288085938,0.0005763293979884861,0.965034965034965,0.9207633838960194,0.965034965034965,0,0.0,0.02616152370990237
expert,0.125,airlight_proxy_q4,q4,150,0.6598209762573242,0.6325762742360433,0.6594339834677206,0.5888757834563384,0.6505173348091744,-0.06827735900878906,0.000575563112894694,0.9866666666666667,0.9526921436197237,0.9866666666666667,0,0.0,0.02497113914571871
expert,0.125,depth_q4,q1,150,0.5568600209554037,0.5150925229390463,0.5381561485496728,0.4636640084756387,0.5603395410486169,-0.3823966979980469,0.0005997796853383382,0.98,0.9428523341357584,0.98,1,4.0,0.036793752933975674
expert,0.125,depth_q4,q2,150,0.5383209864298503,0.503316489537557,0.4961331857217325,0.4216868684098527,0.6370647533519848,-0.13965606689453125,0.0004889969031016032,0.96,0.9154854608728422,0.96,0,0.0,0.02497113914571871
expert,0.125,depth_q4,q3,150,0.5949745432535807,0.5575363979339599,0.5404067168364654,0.4711418744680044,0.6861611443596918,0.0582427978515625,0.0005396107832590739,1.0,0.9750288608542813,1.0,0,0.0,0.02497113914571871
expert,0.125,depth_q4,q4,150,0.5557368596394857,0.51990576171875,0.5048967825399863,0.4188105145016232,0.5978321384739231,-0.12112045288085938,0.0005919488271077474,0.9733333333333334,0.9334450938998244,0.9733333333333334,0,0.0,0.02497113914571871
expert,0.125,dark_channel_q4,q1,150,0.5719329579671224,0.5353241437276204,0.48938081071183487,0.4116250888721363,0.6038749282424515,-0.3823966979980469,0.00044232805569966637,0.98,0.9428523341357584,0.98,1,4.0,0.036793752933975674
expert,0.125,dark_channel_q4,q2,150,0.5479287719726562,0.5134396177927653,0.4352919088827597,0.3570203549153096,0.6378019178235853,-0.08167266845703125,0.00046239892641703286,0.9866666666666667,0.9526921436197237,0.9866666666666667,0,0.0,0.02497113914571871
expert,0.125,dark_channel_q4,q3,150,0.5631777064005534,0.5228018932342529,0.4933043299494563,0.4189530114869814,0.6398876293285473,-0.15317535400390625,0.0005489842096964518,0.9666666666666667,0.9243471574929044,0.9666666666666667,0,0.0,0.02497113914571871
expert,0.125,dark_channel_q4,q4,150,0.5628529739379883,0.5311545441945394,0.5656341862034153,0.49375489209149337,0.5702252774625212,-0.06299018859863281,0.0007666250069936117,0.98,0.9428523341357584,0.98,0,0.0,0.02497113914571871
expert,0.125,low_texture_q4,q1,150,0.5639517466227214,0.5329477310180664,0.6397498878272804,0.5760046933148358,0.5866946658572635,-0.13965606689453125,0.0006223328908284506,0.98,0.9428523341357584,0.98,0,0.0,0.02497113914571871
expert,0.125,low_texture_q4,q2,150,0.5554777781168619,0.5232408644358317,0.49709979907886404,0.4297333562696303,0.645229958199166,-0.15317535400390625,0.000511640707651774,0.9733333333333334,0.9334450938998244,0.9733333333333334,0,0.0,0.02497113914571871
expert,0.125,low_texture_q4,q3,150,0.5499402236938477,0.5097989387512207,0.49092684565363703,0.4097963977504421,0.6245092443517737,-0.3823966979980469,0.0005676666895548503,0.9733333333333334,0.9334450938998244,0.9733333333333334,1,4.0,0.036793752933975674
expert,0.125,low_texture_q4,q4,150,0.5765226618448893,0.5382414283752441,0.4846631127434808,0.4086932053437104,0.6360367439888619,-0.12112045288085938,0.0005186959107716878,0.9866666666666667,0.9526921436197237,0.9866666666666667,0,0.0,0.02497113914571871
expert,0.125,edge_density_q4,q1,150,0.6076957575480143,0.5732421188354493,0.528850710069811,0.4530579747380437,0.6439568803117082,-0.13965606689453125,0.0007544982433319091,0.9666666666666667,0.9243471574929044,0.9666666666666667,0,0.0,0.02497113914571871
expert,0.125,edge_density_q4,q2,150,0.595023447672526,0.5674691301981608,0.5921175157701647,0.5334440385973132,0.5820369204959354,-0.07602310180664062,0.0006033670902252197,0.9866666666666667,0.9526921436197237,0.9866666666666667,0,0.0,0.02497113914571871
expert,0.125,edge_density_q4,q3,150,0.5332990264892579,0.49222163009643555,0.4924384452201225,0.41385196221841347,0.6293263821988493,-0.3823966979980469,0.000425419012705485,0.98,0.9428523341357584,0.98,1,4.0,0.036793752933975674
expert,0.125,edge_density_q4,q4,150,0.5098741785685221,0.47521595637003583,0.4238542608312658,0.3395413269867768,0.562564231253959,-0.12112045288085938,0.00043705185254414876,0.98,0.9428523341357584,0.98,0,0.0,0.02497113914571871
expert,0.125,sky_highlight_proxy_q4,q1,150,0.5745624669392904,0.5342486190795899,0.47474644635174723,0.3898604161030537,0.6370452674659522,-0.3823966979980469,0.00043628573417663573,0.98,0.9428523341357584,0.98,1,4.0,0.036793752933975674
expert,0.125,sky_highlight_proxy_q4,q2,150,0.564212417602539,0.529781042734782,0.45924078451620565,0.389124955357732,0.6023034791688662,-0.12112045288085938,0.0004900650183359782,0.98,0.9428523341357584,0.98,0,0.0,0.02497113914571871
expert,0.125,sky_highlight_proxy_q4,q3,150,0.5651559575398764,0.5318463064829508,0.5444292120031409,0.481573486328125,0.6017605549580342,-0.15317535400390625,0.0006605247656504313,0.9866666666666667,0.9526921436197237,0.9866666666666667,0,0.0,0.02497113914571871
expert,0.125,sky_highlight_proxy_q4,q4,150,0.5419615681966146,0.5078786004384358,0.5595459809174409,0.4911186811086294,0.5459617408546241,-0.13965606689453125,0.0006334606806437175,0.9666666666666667,0.9243471574929044,0.9666666666666667,0,0.0,0.02497113914571871
expert,0.125,split,val_hard,300,0.5360431162516276,0.5118864192962647,0.5018799336751302,0.45079370244344075,0.5675819396972657,-0.13965606689453125,0.00063437819480896,0.98,0.9570598132699448,0.98,0,0.0,0.012643429997735661
expert,0.125,split,val_regular,300,0.5869030888875325,0.5604840710957845,0.5203665669759114,0.4639404017130534,0.6304860432942708,-0.3823966979980469,0.0004757899045944214,0.9766666666666667,0.9526274456671211,0.9766666666666667,1,2.0,0.018637164554943353
expert,0.25,A0-PSNR_q4,q1,150,1.0646472803751628,0.9902094949086507,1.0635646613868508,0.9179923805030616,1.0664530573664486,-0.26837158203125,0.0015642257531483968,0.9666666666666667,0.9243471574929044,0.9666666666666667,1,4.0,0.036793752933975674
expert,0.25,A0-PSNR_q4,q2,150,1.0592973327636719,0.9846431719462078,0.958487742655986,0.8214262060216956,1.0175350292308911,-0.23176193237304688,0.0010145203272501628,0.98,0.9428523341357584,0.98,1,4.0,0.036793752933975674
expert,0.25,A0-PSNR_q4,q3,150,1.1348242696126303,1.0468698959350586,1.12856303034602,0.9811848614666913,1.2836149061048352,-0.8738479614257812,0.0010182034969329833,0.9733333333333334,0.9334450938998244,0.9733333333333334,3,12.0,0.05714766586424166
expert,0.25,A0-PSNR_q4,q4,150,1.1502952067057293,1.0808899485270183,1.1320939966150232,0.951649114247915,1.0983387715107686,-0.24681854248046875,0.0005243555704752605,0.9733333333333334,0.9334450938998244,0.9733333333333334,2,8.0,0.047307856380276334
expert,0.25,Expert-A0_diff_signed_q4,q1,150,1.4027208201090495,1.3059279098510743,1.3971093667520058,1.2786505389857938,1.3389024476747255,-0.8738479614257812,0.0016348083813985189,0.9733333333333334,0.9334450938998244,0.9733333333333334,2,8.0,0.047307856380276334
expert,0.25,Expert-A0_diff_signed_q4,q2,150,1.0469163004557291,0.977724126180013,0.7827918593947952,0.6319773106961637,1.3306498140902132,-0.26837158203125,0.0010850008328755698,0.9733333333333334,0.9334450938998244,0.9733333333333334,1,4.0,0.036793752933975674
expert,0.25,Expert-A0_diff_signed_q4,q3,150,0.9905868403116862,0.9290336329142252,0.7724960430248363,0.6506202646203944,1.233723511566987,-0.35854339599609375,0.0007550414403279623,0.9866666666666667,0.9526921436197237,0.9866666666666667,1,4.0,0.036793752933975674
expert,0.25,Expert-A0_diff_signed_q4,q4,150,0.9688401285807292,0.8945018316904704,0.753246410472973,0.6317676698839343,1.1099857639622044,-0.24681854248046875,0.0006464544932047526,0.96,0.9154854608728422,0.96,3,12.0,0.05714766586424166
expert,0.25,Expert-A0_diff_abs_q4,q1,150,0.9325317764282226,0.8676513563791911,0.38999614200076543,0.31152431384937185,1.143726245777027,-0.24681854248046875,0.0004529289404551188,0.98,0.9428523341357584,0.98,2,8.0,0.047307856380276334
expert,0.25,Expert-A0_diff_abs_q4,q2,150,0.9151494471232097,0.847247761408488,0.5978440465153875,0.4979283229724781,1.2298876788165118,-0.35854339599609375,0.0008402689297993978,0.96,0.9154854608728422,0.96,3,12.0,0.05714766586424166
expert,0.25,Expert-A0_diff_abs_q4,q3,150,1.1359178161621093,1.0657912114461263,0.746554709769584,0.6435182416761244,1.5341095795502533,-0.15339279174804688,0.0011362433433532715,0.98,0.9428523341357584,0.98,0,0.0,0.02497113914571871
expert,0.25,Expert-A0_diff_abs_q4,q4,150,1.4254650497436523,1.3429159253438314,1.3020970112568624,1.1516096140887286,1.2999463467984587,-0.8738479614257812,0.0016918639341990153,0.9733333333333334,0.9334450938998244,0.9733333333333334,2,8.0,0.047307856380276334
expert,0.25,expert_fulludp_disagreement_q4,q1,150,1.092318115234375,1.0199658012390136,0.7484432942158467,0.6000676541715055,1.109160345953864,-0.35854339599609375,0.0005331925551096598,0.9733333333333334,0.9334450938998244,0.9733333333333334,3,12.0,0.05714766586424166
expert,0.25,expert_fulludp_disagreement_q4,q2,150,0.9649955749511718,0.8922070128122965,0.7418469609440984,0.6196554905659444,1.130414086419183,-0.26837158203125,0.0007969808578491211,0.98,0.9428523341357584,0.98,2,8.0,0.047307856380276334
expert,0.25,expert_fulludp_disagreement_q4,q3,150,1.0178244527180988,0.9369164867401123,0.8268624383050043,0.6708796114534945,1.0797881049078863,-0.401885986328125,0.0009692939122517904,0.9533333333333334,0.9068124260764262,0.9533333333333334,1,4.0,0.036793752933975674
expert,0.25,expert_fulludp_disagreement_q4,q4,150,1.3339259465535482,1.2636846249898275,1.3705633008802258,1.2533633721841348,1.2776264499973606,-0.8738479614257812,0.001821837822596232,0.9866666666666667,0.9526921436197237,0.9866666666666667,1,4.0,0.036793752933975674
expert,0.25,residual_cosine_q4,q1,150,1.066911023457845,0.9896844259897868,1.0348957680367135,0.8772625510757034,1.0052780976166595,-0.8738479614257812,0.0012750609715779621,0.9666666666666667,0.9243471574929044,0.9666666666666667,2,8.0,0.047307856380276334
expert,0.25,residual_cosine_q4,q2,150,1.0095992024739584,0.9479170589447021,1.0684243279534418,0.9145101908090952,1.0422544737119932,-0.1761016845703125,0.0009537863731384277,0.9866666666666667,0.9526921436197237,0.9866666666666667,0,0.0,0.02497113914571871
expert,0.25,residual_cosine_q4,q3,150,1.0006377919514975,0.9314902674357096,0.9271112390466638,0.7659215463174356,1.008332329827386,-0.401885986328125,0.0008927583694458008,0.96,0.9154854608728422,0.96,5,20.0,0.0756528425070956
expert,0.25,residual_cosine_q4,q4,150,1.3319160715738931,1.2561076602935792,1.195339821480416,1.0258739935385215,1.267621323869035,-0.1711578369140625,0.0009996994336446126,0.98,0.9428523341357584,0.98,0,0.0,0.02497113914571871
expert,0.25,haze_density_q4,q1,150,1.2686396153767903,1.2094411888122558,1.3720086071942303,1.2767831157993625,1.129479691788957,-0.2223358154296875,0.0008365241686503093,0.9866666666666667,0.9526921436197237,0.9866666666666667,1,4.0,0.036793752933975674
expert,0.25,haze_density_q4,q2,150,1.1443766911824544,1.0647008361816406,1.158621865349847,1.0021245801771008,1.060153342582084,-0.8738479614257812,0.000959334373474121,0.98,0.9428523341357584,0.98,3,12.0,0.05714766586424166
expert,0.25,haze_density_q4,q3,150,0.9997735341389974,0.9265394026438395,1.1157096656593117,0.9418309830330515,0.9950431617530616,-0.35854339599609375,0.0010825848579406737,0.9666666666666667,0.9243471574929044,0.9666666666666667,1,4.0,0.036793752933975674
expert,0.25,haze_density_q4,q4,150,0.9962742487589519,0.9224273166656495,0.9312561138256176,0.8058562716922244,1.0386177269188133,-0.401885986328125,0.0012428617477416991,0.96,0.9154854608728422,0.96,2,8.0,0.047307856380276334
expert,0.25,haze_density_p90_q4,q1,150,1.2431749852498373,1.1736861006418864,1.316726117520719,1.1699121681419578,1.1071816521721918,-0.2223358154296875,0.0007309548060099284,0.9866666666666667,0.9526921436197237,0.9866666666666667,1,4.0,0.036793752933975674
expert,0.25,haze_density_p90_q4,q2,163,1.1318917069698404,1.0679512620703575,1.020053768157959,0.8345088911056519,1.108846950531006,-0.26837158203125,0.0010663834086225077,0.9754601226993865,0.9386082621323062,0.9754601226993865,2,7.361963190184049,0.04362900473620768
expert,0.25,haze_density_p90_q4,q3,142,1.0319990372993577,0.9480692238874838,0.9073301587785993,0.7736195128304618,0.9435687473842076,-0.8738479614257812,0.0011426281761115706,0.9507042253521126,0.9017454980238941,0.9507042253521126,4,16.901408450704224,0.07018737653869253
expert,0.25,haze_density_p90_q4,q4,145,0.9920079593000741,0.9128649540605216,1.0993946393330891,0.9534413311216566,1.0421246422661676,-0.16611480712890625,0.001189509342456686,0.9793103448275862,0.9409394849215631,0.9793103448275862,0,0.0,0.025809988605336138
expert,0.25,transmission_q4,q1,150,0.9962742487589519,0.9224273166656495,0.9312561138256176,0.8058562716922244,1.0386177269188133,-0.401885986328125,0.0012428617477416991,0.96,0.9154854608728422,0.96,2,8.0,0.047307856380276334
expert,0.25,transmission_q4,q2,150,0.9997735341389974,0.9265394026438395,1.1157096656593117,0.9418309830330515,0.9950431617530616,-0.35854339599609375,0.0010825848579406737,0.9666666666666667,0.9243471574929044,0.9666666666666667,1,4.0,0.036793752933975674
expert,0.25,transmission_q4,q3,150,1.1443766911824544,1.0647008361816406,1.158621865349847,1.0021245801771008,1.060153342582084,-0.8738479614257812,0.000959334373474121,0.98,0.9428523341357584,0.98,3,12.0,0.05714766586424166
expert,0.25,transmission_q4,q4,150,1.2686396153767903,1.2094411888122558,1.3720086071942303,1.2767831157993625,1.129479691788957,-0.2223358154296875,0.0008365241686503093,0.9866666666666667,0.9526921436197237,0.9866666666666667,1,4.0,0.036793752933975674
expert,0.25,airlight_proxy_q4,q1,150,1.0329573440551758,0.9472879981994629,1.008723748696817,0.8554513699299581,0.9583504135544235,-0.8738479614257812,0.0007564385732014973,0.9733333333333334,0.9334450938998244,0.9733333333333334,1,4.0,0.036793752933975674
expert,0.25,airlight_proxy_q4,q2,157,1.048994853997686,0.9725153054401373,1.0857823689778645,0.9586413432390262,1.121349139091296,-0.401885986328125,0.0012351570615343227,0.9872611464968153,0.9547468035530363,0.9872611464968153,2,7.643312101910828,0.045253196446963774
expert,0.25,airlight_proxy_q4,q3,143,1.046139363642339,0.9741393509444657,0.9256170545305524,0.768400925227574,1.1011097499302456,-0.26837158203125,0.0010692681465949213,0.951048951048951,0.9024087816159931,0.951048951048951,4,16.783216783216783,0.06971178462819394
expert,0.25,airlight_proxy_q4,q4,150,1.2808392715454102,1.2205741068522136,1.3385806212554108,1.1924464973243507,1.2175296061747782,-0.1711578369140625,0.00105269988377889,0.98,0.9428523341357584,0.98,0,0.0,0.02497113914571871
expert,0.25,depth_q4,q1,150,1.0972691345214844,1.0105171553293864,1.100611196981894,0.9477812148429252,1.0471235739218223,-0.8738479614257812,0.001119210720062256,0.98,0.9428523341357584,0.98,2,8.0,0.047307856380276334
expert,0.25,depth_q4,q2,150,1.053054453531901,0.9813372179667155,1.0116909130199536,0.8540208249478727,1.2039718627929688,-0.401885986328125,0.0009074544906616211,0.9466666666666667,0.8982949952532904,0.9466666666666667,2,8.0,0.047307856380276334
expert,0.25,depth_q4,q3,150,1.1792933527628582,1.1006634260813395,1.1001985395276868,0.9520499899580672,1.3202789925240181,0.09032058715820312,0.001002269983291626,1.0,0.9750288608542813,1.0,0,0.0,0.02497113914571871
expert,0.25,depth_q4,q4,150,1.0794471486409505,1.0044821395874024,1.0240613576528188,0.8467317967801481,1.1156060502335832,-0.26837158203125,0.0010923699537913004,0.9666666666666667,0.9243471574929044,0.9666666666666667,3,12.0,0.05714766586424166
expert,0.25,dark_channel_q4,q1,150,1.1080815760294596,1.0294583237965902,0.9920165087725665,0.8286812550312764,1.1270020974648964,-0.8738479614257812,0.0008037253220876058,0.9733333333333334,0.9334450938998244,0.9733333333333334,2,8.0,0.047307856380276334
expert,0.25,dark_channel_q4,q2,150,1.0735894521077474,1.0009117126464844,0.8795219627586571,0.7173380645545754,1.2135779922072951,-0.24681854248046875,0.000853575865427653,0.9866666666666667,0.9526921436197237,0.9866666666666667,1,4.0,0.036793752933975674
expert,0.25,dark_channel_q4,q3,150,1.1100729115804036,1.0252887484232587,1.0117232863967482,0.8531387174451673,1.203922477928368,-0.401885986328125,0.0010231455167134603,0.9533333333333334,0.9068124260764262,0.9533333333333334,4,16.0,0.06655490610017561
expert,0.25,dark_channel_q4,q4,150,1.1173201497395833,1.0501151339213053,1.1531600952148438,0.9962505237476246,1.090795053018106,-0.1761016845703125,0.0014408584435780844,0.98,0.9428523341357584,0.98,0,0.0,0.02497113914571871
expert,0.25,low_texture_q4,q1,150,1.0989296849568684,1.035937987645467,1.3131280331998259,1.179645249650285,1.0955257931271114,-0.401885986328125,0.0011622949441274007,0.9666666666666667,0.9243471574929044,0.9666666666666667,3,12.0,0.05714766586424166
expert,0.25,low_texture_q4,q2,150,1.0889835866292317,1.02077849706014,1.0101049268567883,0.8683023658958642,1.2208496299949851,-0.35854339599609375,0.0009492894013722737,0.9666666666666667,0.9243471574929044,0.9666666666666667,1,4.0,0.036793752933975674
expert,0.25,low_texture_q4,q3,150,1.0829643376668294,1.0009512055714926,0.9974803924560547,0.8279778351654878,1.1896055066907727,-0.8738479614257812,0.0010518320401509602,0.9733333333333334,0.9334450938998244,0.9733333333333334,2,8.0,0.047307856380276334
expert,0.25,low_texture_q4,q4,150,1.1381864802042643,1.0558639030456543,0.9894108643402925,0.8288540737048999,1.214055654164907,-0.26837158203125,0.0009578887621561686,0.9866666666666667,0.9526921436197237,0.9866666666666667,1,4.0,0.036793752933975674
expert,0.25,edge_density_q4,q1,150,1.1855988184611002,1.117364891052246,1.078055459099847,0.9208118593370592,1.191861848573427,-0.401885986328125,0.0014078625043233235,0.9666666666666667,0.9243471574929044,0.9666666666666667,2,8.0,0.047307856380276334
expert,0.25,edge_density_q4,q2,150,1.168979098002116,1.1066984799702961,1.215045980505041,1.0827560914529335,1.0673883798960093,-0.2223358154296875,0.001113529602686564,0.98,0.9428523341357584,0.98,1,4.0,0.036793752933975674
expert,0.25,edge_density_q4,q3,150,1.0461966705322265,0.9631712811787924,1.0024901725150444,0.8388341491286819,1.2103036416543496,-0.8738479614257812,0.0007859941323598226,0.9733333333333334,0.9334450938998244,0.9733333333333334,2,8.0,0.047307856380276334
expert,0.25,edge_density_q4,q4,150,1.0082895024617513,0.9389375584920248,0.859944369341876,0.6810288712785051,1.0793377644306905,-0.26837158203125,0.0008139189084370931,0.9733333333333334,0.9334450938998244,0.9733333333333334,2,8.0,0.047307856380276334
expert,0.25,sky_highlight_proxy_q4,q1,150,1.1243767674763998,1.0404985497792563,0.9719229517756282,0.790710601291141,1.1888317417454075,-0.8738479614257812,0.0007943292458852132,0.98,0.9428523341357584,0.98,2,8.0,0.047307856380276334
expert,0.25,sky_highlight_proxy_q4,q2,150,1.1003057352701824,1.0254759686787922,0.9182242316168707,0.7750788765984613,1.1297869295687288,-0.26837158203125,0.0008997682730356852,0.9733333333333334,0.9334450938998244,0.9733333333333334,2,8.0,0.047307856380276334
expert,0.25,sky_highlight_proxy_q4,q3,150,1.1084896723429363,1.040524912516276,1.1086874781428158,0.9725710765735524,1.147374745961782,-0.35854339599609375,0.0012385984261830648,0.98,0.9428523341357584,0.98,1,4.0,0.036793752933975674
expert,0.25,sky_highlight_proxy_q4,q4,150,1.0758919143676757,1.0040317173004152,1.1464045241072371,0.9983559015634897,1.0282557719462626,-0.401885986328125,0.0011886092027028402,0.96,0.9154854608728422,0.96,2,8.0,0.047307856380276334
expert,0.25,split,val_hard,300,1.0702422332763672,1.0186560312906903,1.0241361999511718,0.91531183497111,1.1006431070963543,-0.401885986328125,0.0011903850237528484,0.9766666666666667,0.9526274456671211,0.9766666666666667,2,4.0,0.02397807423146144
expert,0.25,split,val_regular,300,1.1342898114522297,1.0791900752385457,1.0471468353271485,0.9255281155904135,1.1784046936035155,-0.8738479614257812,0.0008702675501505533,0.97,0.9439768490080931,0.97,5,10.0,0.038415943621705605
expert,0.375,A0-PSNR_q4,q1,150,1.6239867146809897,1.5091484750111899,1.6342811584472656,1.4042425104089686,1.6077550939611487,-0.4390678405761719,0.002207741340001424,0.9666666666666667,0.9243471574929044,0.9666666666666667,4,16.0,0.06655490610017561
expert,0.375,A0-PSNR_q4,q2,150,1.5743527984619141,1.4558940188090006,1.441824010900549,1.2296072315525364,1.4932688120249156,-0.3838539123535156,0.0014126022656758626,0.9733333333333334,0.9334450938998244,0.9733333333333334,2,8.0,0.047307856380276334
expert,0.375,A0-PSNR_q4,q3,150,1.6298125712076823,1.4940298754374186,1.6495408754091005,1.423336395057472,1.8504447937011719,-1.4380111694335938,0.001389081080754598,0.9666666666666667,0.9243471574929044,0.9666666666666667,4,16.0,0.06655490610017561
expert,0.375,A0-PSNR_q4,q4,150,1.581052220662435,1.4747130648295086,1.6186237850704708,1.3289028270824537,1.48675959819072,-0.8850746154785156,0.0006795156002044677,0.9733333333333334,0.9334450938998244,0.9733333333333334,4,16.0,0.06655490610017561
expert,0.375,Expert-A0_diff_signed_q4,q1,150,2.0907958221435545,1.9353571840922037,2.156802615603885,1.9623408678415661,1.863185676368507,-1.4380111694335938,0.0022924367586771646,0.96,0.9154854608728422,0.96,3,12.0,0.05714766586424166
expert,0.375,Expert-A0_diff_signed_q4,q2,150,1.5417828750610352,1.432389341990153,1.179562285139754,0.943222597483042,1.932142721640097,-0.4390678405761719,0.0015030113855997722,0.9733333333333334,0.9334450938998244,0.9733333333333334,4,16.0,0.06655490610017561
expert,0.375,Expert-A0_diff_signed_q4,q3,150,1.4082218805948894,1.319673048655192,1.1464279277904614,0.9637174271248483,1.7129259882746517,-0.6088218688964844,0.0010184208552042643,0.9866666666666667,0.9526921436197237,0.9866666666666667,1,4.0,0.036793752933975674
expert,0.375,Expert-A0_diff_signed_q4,q4,150,1.3684037272135416,1.2547999636332194,1.1313806482263513,0.9428053804346033,1.4876128531791069,-0.6935768127441406,0.0008750712871551514,0.96,0.9154854608728422,0.96,6,24.0,0.08451453912715763
expert,0.375,Expert-A0_diff_abs_q4,q1,150,1.3116167449951173,1.2132657960255941,0.561362498515361,0.44278589454857076,1.565823323017842,-0.4862861633300781,0.0005948881308237712,0.98,0.9428523341357584,0.98,2,8.0,0.047307856380276334
expert,0.375,Expert-A0_diff_abs_q4,q2,150,1.3001541646321615,1.2025256265004476,0.8898490699561866,0.7334668906959327,1.6374403463827598,-0.6935768127441406,0.0011522746086120605,0.96,0.9154854608728422,0.96,6,24.0,0.08451453912715763
expert,0.375,Expert-A0_diff_abs_q4,q3,150,1.6802395502726237,1.5746912892659506,1.1230960021147858,0.9610772132873535,2.239757434741871,-0.2814903259277344,0.0015827357769012452,0.9733333333333334,0.9334450938998244,0.9733333333333334,2,8.0,0.047307856380276334
expert,0.375,Expert-A0_diff_abs_q4,q4,150,2.1171938451131185,1.987049306869507,2.0034721477611646,1.761119473947061,1.7623149768726245,-1.4380111694335938,0.002359041770299276,0.9666666666666667,0.9243471574929044,0.9666666666666667,4,16.0,0.06655490610017561
expert,0.375,expert_fulludp_disagreement_q4,q1,150,1.545306879679362,1.4369990971883138,1.0975234572951857,0.8737784050606392,1.5135428969924514,-0.6935768127441406,0.0007005794843037923,0.9733333333333334,0.9334450938998244,0.9733333333333334,4,16.0,0.06655490610017561
expert,0.375,expert_fulludp_disagreement_q4,q2,150,1.3875402704874675,1.2727710412343343,1.123793060715134,0.9292552200523583,1.532705461656725,-0.4390678405761719,0.0010931936899820963,0.98,0.9428523341357584,0.98,2,8.0,0.047307856380276334
expert,0.375,expert_fulludp_disagreement_q4,q3,150,1.4763698196411132,1.3567279103597005,1.2507091728416648,1.004064632106472,1.4576126304832664,-0.8850746154785156,0.0013404587904612224,0.9466666666666667,0.8982949952532904,0.9466666666666667,6,24.0,0.08451453912715763
expert,0.375,expert_fulludp_disagreement_q4,q4,150,1.999987335205078,1.8850116214752197,2.113333109262827,1.9278659408156937,1.8327958390519425,-1.4380111694335938,0.0025547083218892415,0.98,0.9428523341357584,0.98,2,8.0,0.047307856380276334
expert,0.375,residual_cosine_q4,q1,150,1.5835667546590169,1.4614335848490396,1.5839525686727989,1.3283471622982541,1.4158067445497255,-1.4380111694335938,0.001792826255162557,0.96,0.9154854608728422,0.96,4,16.0,0.06655490610017561
expert,0.375,residual_cosine_q4,q2,150,1.4584156036376954,1.3629549191792807,1.617573609223237,1.379091858219456,1.438541618553368,-0.3501853942871094,0.0013114798069000244,0.98,0.9428523341357584,0.98,1,4.0,0.036793752933975674
expert,0.375,residual_cosine_q4,q3,150,1.4447288513183594,1.3375535036722819,1.4024561289194468,1.1511153504655167,1.386277791616079,-0.7657508850097656,0.0012240819136301677,0.96,0.9154854608728422,0.96,6,24.0,0.08451453912715763
expert,0.375,residual_cosine_q4,q4,150,1.9224930953979493,1.8031087958017984,1.8400463929047455,1.5696429793899123,1.7185832874194995,-0.8850746154785156,0.0013605523109436034,0.98,0.9428523341357584,0.98,3,12.0,0.05714766586424166
expert,0.375,haze_density_q4,q1,150,1.8087240473429362,1.7109013754526774,2.0414118895659574,1.8906156926541715,1.5434934255239126,-0.6935768127441406,0.0011305797100067138,0.9866666666666667,0.9526921436197237,0.9866666666666667,2,8.0,0.047307856380276334
expert,0.375,haze_density_q4,q2,150,1.6522495142618816,1.5178376242319744,1.7662021018363334,1.5052175573400548,1.4438502337481525,-1.4380111694335938,0.00129941463470459,0.98,0.9428523341357584,0.98,3,12.0,0.05714766586424166
expert,0.375,haze_density_q4,q3,150,1.4715564982096354,1.3610570761362712,1.7198505917110958,1.44298085908632,1.3583759617161106,-0.8850746154785156,0.0015138049920399984,0.9533333333333334,0.9068124260764262,0.9533333333333334,5,20.0,0.0756528425070956
expert,0.375,haze_density_q4,q4,150,1.4766742451985677,1.3637394065856934,1.4102185223553632,1.2164917610787056,1.4771629539695945,-0.7657508850097656,0.0017451409498850504,0.96,0.9154854608728422,0.96,4,16.0,0.06655490610017561
expert,0.375,haze_density_p90_q4,q1,150,1.7611457443237304,1.6469853680928548,1.9693619496113546,1.7330833435058595,1.4886329238479201,-0.6935768127441406,0.000974963108698527,0.9866666666666667,0.9526921436197237,0.9866666666666667,2,8.0,0.047307856380276334
expert,0.375,haze_density_p90_q4,q2,163,1.6464559051888121,1.5383308375539955,1.5460806369781495,1.2480540704727172,1.5487656593322754,-0.4862861633300781,0.0014637200378932835,0.9754601226993865,0.9386082621323062,0.9754601226993865,3,11.042944785276074,0.05270904953887494
expert,0.375,haze_density_p90_q4,q3,142,1.5197737519170198,1.3942963297937958,1.3772896902901786,1.1675998660496303,1.3089110238211497,-1.4380111694335938,0.0015901620958892393,0.9436619718309859,0.8927713969204907,0.9436619718309859,6,25.352112676056336,0.08911543709755719
expert,0.375,haze_density_p90_q4,q4,145,1.4691627502441407,1.3426875324906973,1.6861405902438693,1.44718496799469,1.458319558037652,-0.8850746154785156,0.0016738427096399768,0.9724137931034482,0.9312203255117549,0.9724137931034482,3,12.413793103448276,0.0590605150784368
expert,0.375,transmission_q4,q1,150,1.4766742451985677,1.3637394065856934,1.4102185223553632,1.2164917610787056,1.4771629539695945,-0.7657508850097656,0.0017451409498850504,0.96,0.9154854608728422,0.96,4,16.0,0.06655490610017561
expert,0.375,transmission_q4,q2,150,1.4715564982096354,1.3610570761362712,1.7198505917110958,1.44298085908632,1.3583759617161106,-0.8850746154785156,0.0015138049920399984,0.9533333333333334,0.9068124260764262,0.9533333333333334,5,20.0,0.0756528425070956
expert,0.375,transmission_q4,q3,150,1.6522495142618816,1.5178376242319744,1.7662021018363334,1.5052175573400548,1.4438502337481525,-1.4380111694335938,0.00129941463470459,0.98,0.9428523341357584,0.98,3,12.0,0.05714766586424166
expert,0.375,transmission_q4,q4,150,1.8087240473429362,1.7109013754526774,2.0414118895659574,1.8906156926541715,1.5434934255239126,-0.6935768127441406,0.0011305797100067138,0.9866666666666667,0.9526921436197237,0.9866666666666667,2,8.0,0.047307856380276334
expert,0.375,airlight_proxy_q4,q1,150,1.5323067474365235,1.3911800460815429,1.5513089154217694,1.3004260913745778,1.32667706463788,-1.4380111694335938,0.0010526700814565023,0.9733333333333334,0.9334450938998244,0.9733333333333334,3,12.0,0.05714766586424166
expert,0.375,airlight_proxy_q4,q2,157,1.5380563796705502,1.422870369321981,1.6701451326027894,1.472695558499067,1.5528881366436298,-0.7657508850097656,0.0017193217945706313,0.9808917197452229,0.9453312104309163,0.9808917197452229,2,7.643312101910828,0.045253196446963774
expert,0.375,airlight_proxy_q4,q3,143,1.5074957334078276,1.3968880593359887,1.3905790601457868,1.1487856646946497,1.5157394409179688,-0.8850746154785156,0.0014764616539428284,0.9440559440559441,0.8934944200622377,0.9440559440559441,6,25.174825174825177,0.08851312411003467
expert,0.375,airlight_proxy_q4,q4,150,1.8299192810058593,1.7295925121307374,2.023995373700116,1.7983921746949891,1.65317525090398,-0.6935768127441406,0.001429153283437093,0.98,0.9428523341357584,0.98,3,12.0,0.05714766586424166
expert,0.375,depth_q4,q1,150,1.6029224014282226,1.4731787204742433,1.6857958097715635,1.4459368886174382,1.4234066525021114,-1.4380111694335938,0.0015565315882364909,0.98,0.9428523341357584,0.98,3,12.0,0.05714766586424166
expert,0.375,depth_q4,q2,150,1.5255826822916667,1.4164290211995443,1.5466682846481736,1.298494511681634,1.6622337135108742,-0.8850746154785156,0.001253149112065633,0.94,0.8899090795570952,0.94,6,24.0,0.08451453912715763
expert,0.375,depth_q4,q3,150,1.7322944513956706,1.6087140769958495,1.6786369633030247,1.4398552044017894,1.8524132805901605,0.09564781188964844,0.001385039488474528,1.0,0.9750288608542813,1.0,0,0.0,0.02497113914571871
expert,0.375,depth_q4,q4,150,1.548404769897461,1.430437655766805,1.5520706176757812,1.2782386547810323,1.5168544666187183,-0.6935768127441406,0.0014942200978597005,0.96,0.9154854608728422,0.96,5,20.0,0.0756528425070956
expert,0.375,dark_channel_q4,q1,150,1.5828141530354818,1.455578156789144,1.5032109440983952,1.2463746045086836,1.5334657205117714,-1.4380111694335938,0.0010780779520670573,0.9733333333333334,0.9334450938998244,0.9733333333333334,4,16.0,0.06655490610017561
expert,0.375,dark_channel_q4,q2,150,1.5545463562011719,1.4409032904307049,1.3284453314703863,1.0775142283053012,1.683432707915435,-0.4862861633300781,0.0011713866392771403,0.9866666666666667,0.9526921436197237,0.9866666666666667,1,4.0,0.036793752933975674
expert,0.375,dark_channel_q4,q3,150,1.6228017552693685,1.4910485305786132,1.5564929343558647,1.3030505644308554,1.6513628573031038,-0.8850746154785156,0.0014206743240356445,0.9533333333333334,0.9068124260764262,0.9533333333333334,6,24.0,0.08451453912715763
expert,0.375,dark_channel_q4,q4,150,1.6490420405069988,1.5453697681427,1.7601859118487384,1.5184870874559555,1.5339676109520164,-0.3501853942871094,0.0020188013712565105,0.9666666666666667,0.9243471574929044,0.9666666666666667,3,12.0,0.05714766586424166
expert,0.375,low_texture_q4,q1,150,1.584922472635905,1.4822979195912678,2.019172720006994,1.8048529624938965,1.4986268120843012,-0.8850746154785156,0.001616822083791097,0.9666666666666667,0.9243471574929044,0.9666666666666667,5,20.0,0.0756528425070956
expert,0.375,low_texture_q4,q2,150,1.5795309702555338,1.4705009104410807,1.5366488276301205,1.3098110198974608,1.683934701455606,-0.6088218688964844,0.001311415433883667,0.96,0.9154854608728422,0.96,3,12.0,0.05714766586424166
expert,0.375,low_texture_q4,q3,150,1.5792733510335286,1.4534722932179769,1.5162820558290224,1.239927101135254,1.6512247034021326,-1.4380111694335938,0.0014462562402089436,0.9666666666666667,0.9243471574929044,0.9666666666666667,4,16.0,0.06655490610017561
expert,0.375,low_texture_q4,q4,150,1.6654775110880533,1.538306168238322,1.5149355192442198,1.244336581874538,1.6937629081107475,-0.4390678405761719,0.001314446528752645,0.9866666666666667,0.9526921436197237,0.9866666666666667,2,8.0,0.047307856380276334
expert,0.375,edge_density_q4,q1,150,1.707281977335612,1.5960058968861899,1.6456850412729624,1.4012494886243667,1.5937193793219488,-0.7657508850097656,0.001956726312637329,0.9666666666666667,0.9243471574929044,0.9666666666666667,5,20.0,0.0756528425070956
expert,0.375,edge_density_q4,q2,150,1.7015307108561197,1.599862995147705,1.8704316422745988,1.6516094826363228,1.413943625785209,-0.8850746154785156,0.001527352730433146,0.9733333333333334,0.9334450938998244,0.9733333333333334,3,12.0,0.05714766586424166
expert,0.375,edge_density_q4,q3,150,1.521221300760905,1.3913690064748128,1.5277344471699483,1.2688488650966336,1.710237760801573,-1.4380111694335938,0.0010802650451660156,0.9666666666666667,0.9243471574929044,0.9666666666666667,3,12.0,0.05714766586424166
expert,0.375,edge_density_q4,q4,150,1.4791703160603842,1.3702841300964357,1.3069061588596653,1.0258927113301044,1.5190151317699536,-0.4862861633300781,0.0011245961983998617,0.9733333333333334,0.9334450938998244,0.9733333333333334,3,12.0,0.05714766586424166
expert,0.375,sky_highlight_proxy_q4,q1,150,1.6260919189453125,1.4974764118194581,1.4905748109559755,1.201123235032365,1.6068385356181376,-1.4380111694335938,0.001067820390065511,0.98,0.9428523341357584,0.98,3,12.0,0.05714766586424166
expert,0.375,sky_highlight_proxy_q4,q2,150,1.5836534118652343,1.4659618511199952,1.3696791159140098,1.1384940508249646,1.5462724840318836,-0.6935768127441406,0.0012268400192260742,0.9733333333333334,0.9334450938998244,0.9733333333333334,4,16.0,0.06655490610017561
expert,0.375,sky_highlight_proxy_q4,q3,150,1.6093627802530925,1.5047262128194172,1.6885784767769478,1.4712285815058528,1.598904377705342,-0.6088218688964844,0.0017313985029856363,0.98,0.9428523341357584,0.98,1,4.0,0.036793752933975674
expert,0.375,sky_highlight_proxy_q4,q4,150,1.5900961939493816,1.4772450720469157,1.7608922494424355,1.5227327913851352,1.4200396151156038,-0.8850746154785156,0.0016628813743591309,0.9466666666666667,0.8982949952532904,0.9466666666666667,6,24.0,0.08451453912715763
expert,0.375,split,val_hard,300,1.5912697092692056,1.5085175711313883,1.5665432739257812,1.3945157457987467,1.575584971110026,-0.7657508850097656,0.001665349006652832,0.9733333333333334,0.9482704597024538,0.9733333333333334,5,10.0,0.038415943621705605
expert,0.375,split,val_regular,300,1.6133324432373046,1.531206784248352,1.5722865295410156,1.3729174067179362,1.6038603210449218,-1.4380111694335938,0.0011791211366653442,0.9666666666666667,0.9397375485424309,0.9666666666666667,9,18.0,0.05602315099190695
expert,0.5,A0-PSNR_q4,q1,150,2.195684700012207,2.0340000712076822,2.2291917543153503,1.8962008166957547,2.1397560738228463,-0.6303634643554688,0.002752995491027832,0.9666666666666667,0.9243471574929044,0.9666666666666667,4,16.0,0.06655490610017561
expert,0.5,A0-PSNR_q4,q2,150,2.0554608408610027,1.8928417663574217,1.9162183194547087,1.627332847182815,1.918989645468222,-0.5568161010742188,0.0017350312074025471,0.9533333333333334,0.9068124260764262,0.9533333333333334,3,12.0,0.05714766586424166
expert,0.5,A0-PSNR_q4,q3,150,2.0335558319091795,1.8504640769958496,2.107678593815984,1.8068720534041123,2.301025390625,-2.0437889099121094,0.0016559517383575438,0.9666666666666667,0.9243471574929044,0.9666666666666667,5,20.0,0.0756528425070956
expert,0.5,A0-PSNR_q4,q4,150,1.8643054962158203,1.7240706481933594,2.0053256266825907,1.6390491073195999,1.7196692389410895,-2.005207061767578,0.0007612967491149903,0.9333333333333333,0.8816364734751868,0.9333333333333333,6,24.0,0.08451453912715763
expert,0.5,Expert-A0_diff_signed_q4,q1,150,2.7380214309692383,2.526034397125244,2.956941501514332,2.667249452745592,2.2200856595425993,-2.0437889099121094,0.002828174034754435,0.9533333333333334,0.9068124260764262,0.9533333333333334,5,20.0,0.0756528425070956
expert,0.5,Expert-A0_diff_signed_q4,q2,150,1.9909903971354166,1.8470705560048422,1.5744318575472445,1.2473340214909734,2.4371182209736593,-0.6303634643554688,0.001833489735921224,0.9733333333333334,0.9334450938998244,0.9733333333333334,4,16.0,0.06655490610017561
expert,0.5,Expert-A0_diff_signed_q4,q3,150,1.7393515268961588,1.6153276131947836,1.5007635580526817,1.2569984564910064,2.0414900908599027,-0.8961448669433594,0.0012024863560994466,0.96,0.9154854608728422,0.96,2,8.0,0.047307856380276334
expert,0.5,Expert-A0_diff_signed_q4,q4,150,1.6806435139973959,1.53081649462382,1.5037804680901605,1.2460905229723132,1.6976305987383868,-1.4030876159667969,0.0010411250591278076,0.9333333333333333,0.8816364734751868,0.9333333333333333,7,28.0,0.09318757392357377
expert,0.5,Expert-A0_diff_abs_q4,q1,150,1.5973634338378906,1.4629956804911297,0.713288384514886,0.5511855512051969,1.8354314855627112,-0.7881660461425781,0.0006789664427439371,0.96,0.9154854608728422,0.96,2,8.0,0.047307856380276334
expert,0.5,Expert-A0_diff_abs_q4,q2,150,1.6098549779256184,1.476992186864217,1.173871169219146,0.9580413586384542,1.8422762896563556,-1.4030876159667969,0.0013885637124379476,0.9266666666666666,0.873463014734016,0.9266666666666666,8,32.0,0.10170500474670958
expert,0.5,Expert-A0_diff_abs_q4,q3,150,2.1800111134847007,2.037916076660156,1.4985188664616764,1.2725507117606498,2.833994891192462,-0.4571800231933594,0.0019448745250701905,0.9733333333333334,0.9334450938998244,0.9733333333333334,3,12.0,0.05714766586424166
expert,0.5,Expert-A0_diff_abs_q4,q4,150,2.76177734375,2.5676315949757895,2.7356425104914486,2.3860306353182406,2.0298877406764673,-2.0437889099121094,0.002892870505650838,0.96,0.9154854608728422,0.96,5,20.0,0.0756528425070956
expert,0.5,expert_fulludp_disagreement_q4,q1,150,1.8890303039550782,1.743313309987386,1.414754816003748,1.113803853215398,1.7694813496357686,-1.4030876159667969,0.0007998843987782797,0.9533333333333334,0.9068124260764262,0.9533333333333334,4,16.0,0.06655490610017561
expert,0.5,expert_fulludp_disagreement_q4,q2,150,1.74495304107666,1.5996786314646405,1.5110412288356472,1.2392223229279389,1.7772826117438238,-0.6303634643554688,0.0013189935684204102,0.96,0.9154854608728422,0.96,3,12.0,0.05714766586424166
expert,0.5,expert_fulludp_disagreement_q4,q3,150,1.8773009490966797,1.7155300108591716,1.6796408988334037,1.3335460276217075,1.6817766138025232,-2.005207061767578,0.0016331839561462402,0.9266666666666666,0.873463014734016,0.9266666666666666,8,32.0,0.10170500474670958
expert,0.5,expert_fulludp_disagreement_q4,q4,150,2.6377225748697914,2.4817614053090415,2.8904362755852775,2.617607057416761,2.277293231036212,-2.0437889099121094,0.0031532132625579834,0.98,0.9428523341357584,0.98,3,12.0,0.05714766586424166
expert,0.5,residual_cosine_q4,q1,150,2.069842198689779,1.8976293938954671,2.1521366222484692,1.786223231135188,1.7365230869602513,-2.0437889099121094,0.0022255587577819824,0.9466666666666667,0.8982949952532904,0.9466666666666667,6,24.0,0.08451453912715763
expert,0.5,residual_cosine_q4,q2,150,1.842209726969401,1.7113185335795085,2.168158866263725,1.8389391486709181,1.710770168819943,-0.5734710693359375,0.001584924062093099,0.9733333333333334,0.9334450938998244,0.9733333333333334,2,8.0,0.047307856380276334
expert,0.5,residual_cosine_q4,q3,150,1.82043451944987,1.676197182337443,1.874921128556535,1.5192427660967853,1.6340884646853886,-1.2066535949707031,0.0014759480953216552,0.9333333333333333,0.8816364734751868,0.9333333333333333,6,24.0,0.08451453912715763
expert,0.5,residual_cosine_q4,q4,150,2.41652042388916,2.2361026757558187,2.516069927731076,2.1273139489663615,1.9884125993058488,-2.005207061767578,0.0016188442707061768,0.9666666666666667,0.9243471574929044,0.9666666666666667,4,16.0,0.06655490610017561
expert,0.5,haze_density_q4,q1,150,2.234202105204264,2.0849528007507323,2.6633769370414115,2.4369336695284454,1.8077746210871517,-1.4030876159667969,0.0013387409845987957,0.9666666666666667,0.9243471574929044,0.9666666666666667,3,12.0,0.05714766586424166
expert,0.5,haze_density_q4,q2,150,2.082230046590169,1.8958680407206219,2.3848390321473816,2.019802879642796,1.6857264750712626,-2.0437889099121094,0.001535495122273763,0.9666666666666667,0.9243471574929044,0.9666666666666667,4,16.0,0.06655490610017561
expert,0.5,haze_density_q4,q3,150,1.90627010345459,1.7512936611175538,2.354571935292837,1.9553497675302867,1.5959994341876056,-2.005207061767578,0.0018688344955444336,0.9333333333333333,0.8816364734751868,0.9333333333333333,7,28.0,0.09318757392357377
expert,0.5,haze_density_q4,q4,150,1.9263046137491862,1.7685182514190674,1.893701965744431,1.6151720485171757,1.8230181513605892,-1.2066535949707031,0.002162204583485921,0.9533333333333334,0.9068124260764262,0.9533333333333334,4,16.0,0.06655490610017561
expert,0.5,haze_density_p90_q4,q1,150,2.15777400970459,1.9954283701578777,2.5881164653881177,2.252911376953125,1.7069652660472974,-1.4030876159667969,0.0011353556315104167,0.9733333333333334,0.9334450938998244,0.9733333333333334,3,12.0,0.05714766586424166
expert,0.5,haze_density_p90_q4,q2,163,2.0937838291098005,1.9395909677985255,2.07435622215271,1.6500199913978577,1.869499969482422,-0.7881660461425781,0.0017662812595718477,0.950920245398773,0.9061513138196909,0.950920245398773,4,14.723926380368098,0.061391737867693794
expert,0.5,haze_density_p90_q4,q3,142,1.9630050793500013,1.798656656372715,1.853620638166155,1.559376975468227,1.561438969203404,-2.0437889099121094,0.0019430929506328745,0.9436619718309859,0.8927713969204907,0.9436619718309859,7,29.577464788732392,0.09825450197610573
expert,0.5,haze_density_p90_q4,q4,145,1.921734092975485,1.7463934701064536,2.296504020690918,1.96000886493259,1.7762067582872179,-2.005207061767578,0.002080447509371001,0.9517241379310345,0.9037088518303072,0.9517241379310345,4,16.551724137931036,0.06877967448824501
expert,0.5,transmission_q4,q1,150,1.9263046137491862,1.7685182514190674,1.893701965744431,1.6151720485171757,1.8230181513605892,-1.2066535949707031,0.002162204583485921,0.9533333333333334,0.9068124260764262,0.9533333333333334,4,16.0,0.06655490610017561
expert,0.5,transmission_q4,q2,150,1.90627010345459,1.7512936611175538,2.354571935292837,1.9553497675302867,1.5959994341876056,-2.005207061767578,0.0018688344955444336,0.9333333333333333,0.8816364734751868,0.9333333333333333,7,28.0,0.09318757392357377
expert,0.5,transmission_q4,q3,150,2.082230046590169,1.8958680407206219,2.3848390321473816,2.019802879642796,1.6857264750712626,-2.0437889099121094,0.001535495122273763,0.9666666666666667,0.9243471574929044,0.9666666666666667,4,16.0,0.06655490610017561
expert,0.5,transmission_q4,q4,150,2.234202105204264,2.0849528007507323,2.6633769370414115,2.4369336695284454,1.8077746210871517,-1.4030876159667969,0.0013387409845987957,0.9666666666666667,0.9243471574929044,0.9666666666666667,3,12.0,0.05714766586424166
expert,0.5,airlight_proxy_q4,q1,150,2.001841112772624,1.8030022010803224,2.1230198112693994,1.759799238153406,1.5863767056851774,-2.0437889099121094,0.001292421023050944,0.9533333333333334,0.9068124260764262,0.9533333333333334,3,12.0,0.05714766586424166
expert,0.5,airlight_proxy_q4,q2,157,1.9774319594073448,1.8235279502382704,2.280467595809545,1.998147661258013,1.8401863880646534,-1.2066535949707031,0.0021008921276991534,0.9745222929936306,0.9363284856960792,0.9745222929936306,4,15.286624203821656,0.06367151430392087
expert,0.5,airlight_proxy_q4,q3,143,1.8966656798249357,1.7510399384932085,1.848465347290039,1.519737469809396,1.7990036010742188,-2.005207061767578,0.00179528189705802,0.9300699300699301,0.8760619719770455,0.9300699300699301,8,33.56643356643357,0.10650557993776238
expert,0.5,airlight_proxy_q4,q4,150,2.269299023946126,2.1224494825998943,2.692910117072028,2.384401476061022,1.9096190993850295,-1.4030876159667969,0.001702418327331543,0.96,0.9154854608728422,0.96,3,12.0,0.05714766586424166
expert,0.5,depth_q4,q1,150,2.0514326604207356,1.8735846163431802,2.2891590530807906,1.957130512031349,1.6522750854492188,-2.0437889099121094,0.0019092774391174317,0.96,0.9154854608728422,0.96,4,16.0,0.06655490610017561
expert,0.5,depth_q4,q2,150,1.9354048919677735,1.7857628237406413,2.0990767607817777,1.749030373547528,1.9791526794433594,-2.005207061767578,0.0015235241254170735,0.9266666666666666,0.873463014734016,0.9266666666666666,7,28.0,0.09318757392357377
expert,0.5,depth_q4,q3,150,2.22654727935791,2.056395544687907,2.2740212002316036,1.9324750255894017,2.2218116554054053,0.045444488525390625,0.0016846740245819091,1.0,0.9750288608542813,1.0,0,0.0,0.02497113914571871
expert,0.5,depth_q4,q4,150,1.9356220372517903,1.7734096355438231,2.079532777940905,1.7074176350155392,1.7679352631440033,-1.4030876159667969,0.001787799596786499,0.9333333333333333,0.8816364734751868,0.9333333333333333,7,28.0,0.09318757392357377
expert,0.5,dark_channel_q4,q1,150,1.9658943684895833,1.7884386876424154,2.0145346151815877,1.6600826263427735,1.7897127512339,-2.0437889099121094,0.0012568895022074381,0.9533333333333334,0.9068124260764262,0.9533333333333334,5,20.0,0.0756528425070956
expert,0.5,dark_channel_q4,q2,150,1.9634046045939129,1.8073891010284422,1.7746734103640995,1.4312499974225017,2.001625782734639,-0.7881660461425781,0.0014132789770762125,0.9666666666666667,0.9243471574929044,0.9666666666666667,1,4.0,0.036793752933975674
expert,0.5,dark_channel_q4,q3,150,2.0793271764119465,1.8925374037424723,2.1270693701666756,1.7669194736996212,1.945978628622519,-2.005207061767578,0.0017392277717590333,0.9333333333333333,0.8816364734751868,0.9333333333333333,7,28.0,0.09318757392357377
expert,0.5,dark_channel_q4,q4,150,2.140380719502767,1.9949832261403402,2.381322345218143,2.0363634289921944,1.8723345576105892,-0.5734710693359375,0.0024958789348602296,0.9666666666666667,0.9243471574929044,0.9666666666666667,5,20.0,0.0756528425070956
expert,0.5,low_texture_q4,q1,150,2.0013624572753907,1.8644079240163167,2.753187437315245,2.457114384625409,1.770002725962046,-2.005207061767578,0.001981922388076782,0.96,0.9154854608728422,0.96,5,20.0,0.0756528425070956
expert,0.5,low_texture_q4,q2,150,2.0022055180867513,1.8560961933135987,2.072018236727328,1.7564043173918853,1.9894109158902555,-0.8961448669433594,0.0015961873531341554,0.9466666666666667,0.8982949952532904,0.9466666666666667,4,16.0,0.06655490610017561
expert,0.5,low_texture_q4,q3,150,2.0116888427734376,1.8338341414133708,2.040279903927365,1.6467873908377981,1.954522416398332,-2.0437889099121094,0.0017422755559285481,0.94,0.8899090795570952,0.94,6,24.0,0.08451453912715763
expert,0.5,low_texture_q4,q4,150,2.13375005086263,1.959613131205241,2.0609904108820736,1.6675257012650775,2.0300210488809123,-0.6303634643554688,0.0015848898887634278,0.9733333333333334,0.9334450938998244,0.9733333333333334,3,12.0,0.05714766586424166
expert,0.5,edge_density_q4,q1,150,2.1422959899902345,1.9833204180399577,2.226741172171928,1.875951540147936,1.8030162501979519,-1.2066535949707031,0.002396737337112427,0.9466666666666667,0.8982949952532904,0.9466666666666667,7,28.0,0.09318757392357377
expert,0.5,edge_density_q4,q2,150,2.170555534362793,2.0199717102050783,2.559269621565535,2.2440680710045067,1.5913962286871832,-2.005207061767578,0.0018411862850189209,0.9533333333333334,0.9068124260764262,0.9533333333333334,4,16.0,0.06655490610017561
expert,0.5,edge_density_q4,q3,150,1.9356210581461588,1.755958796819051,2.062763007911476,1.7065508558943465,2.0901424304859058,-2.0437889099121094,0.001306609312693278,0.96,0.9154854608728422,0.96,4,16.0,0.06655490610017561
expert,0.5,edge_density_q4,q4,150,1.9005342864990233,1.7523353010813396,1.7606531091638513,1.3726299157013764,1.8457421998719912,-0.7881660461425781,0.0013607422510782878,0.96,0.9154854608728422,0.96,3,12.0,0.05714766586424166
expert,0.5,sky_highlight_proxy_q4,q1,150,2.051164042154948,1.8728054129282634,2.025689511685758,1.6183898590706491,1.8463810070140942,-2.0437889099121094,0.0012482813994089763,0.96,0.9154854608728422,0.96,4,16.0,0.06655490610017561
expert,0.5,sky_highlight_proxy_q4,q2,150,1.9834799448649088,1.8092619387308757,1.8043735607250317,1.4749324979008855,1.8145410692369617,-1.4030876159667969,0.001468520959218343,0.9533333333333334,0.9068124260764262,0.9533333333333334,5,20.0,0.0756528425070956
expert,0.5,sky_highlight_proxy_q4,q3,150,2.0430423100789388,1.892136090596517,2.2749430166708455,1.9710048727087073,1.914177250217747,-0.8961448669433594,0.002135318915049235,0.96,0.9154854608728422,0.96,1,4.0,0.036793752933975674
expert,0.5,sky_highlight_proxy_q4,q4,150,2.071320571899414,1.9019683691660563,2.401296976450327,2.072190864666088,1.6999234379948795,-2.005207061767578,0.002053153912226359,0.9466666666666667,0.8982949952532904,0.9466666666666667,8,32.0,0.10170500474670958
expert,0.5,split,val_hard,300,2.0833832931518557,1.9673231913248699,2.127191569010417,1.8843097330729166,1.9657076517740886,-1.2066535949707031,0.002055951158205668,0.9666666666666667,0.9397375485424309,0.9666666666666667,6,12.0,0.04294018673005515
expert,0.5,split,val_regular,300,1.9911201413472492,1.878538654645284,2.0833434804280597,1.809829106648763,1.8685392761230468,-2.0437889099121094,0.0013966864347457885,0.9433333333333334,0.9111333346485289,0.9433333333333334,12,24.0,0.06860486345997804
expert,0.75,A0-PSNR_q4,q1,150,3.3258335240681967,3.05877147992452,3.4546145361823006,2.8870665524456953,3.0951286522117822,-1.0632514953613281,0.003523347775141398,0.94,0.8899090795570952,0.94,6,24.0,0.08451453912715763
expert,0.75,A0-PSNR_q4,q2,150,2.79770637512207,2.554614828745524,2.7782482456516577,2.3158797856923696,2.4937832806561446,-0.9549522399902344,0.0021414140860239665,0.9266666666666666,0.873463014734016,0.9266666666666666,7,28.0,0.09318757392357377
expert,0.75,A0-PSNR_q4,q3,150,2.412483978271484,2.1575327644348143,2.6872049280115076,2.2423961948704076,2.619312389476879,-3.292377471923828,0.0018233291308085123,0.92,0.8653774250568133,0.92,10,40.0,0.11836352652481318
expert,0.75,A0-PSNR_q4,q4,150,1.884767049153646,1.6822754453023274,2.300223788699588,1.7949590528333508,1.6348050091717694,-4.371772766113281,0.0006973965962727864,0.88,0.8182903386460475,0.88,17,68.0,0.17400404256771052
expert,0.75,Expert-A0_diff_signed_q4,q1,150,3.7567547353108726,3.428636396408081,4.633918968406883,4.108775788384515,2.1969618926177152,-4.371772766113281,0.0034631999333699544,0.9133333333333333,0.8573705468757647,0.9133333333333333,12,48.0,0.13462257494318683
expert,0.75,Expert-A0_diff_signed_q4,q2,150,2.641769167582194,2.430870039621989,2.3251738161654085,1.819492920024975,2.95134838207348,-1.1372184753417969,0.0022153504689534503,0.9466666666666667,0.8982949952532904,0.9466666666666667,5,20.0,0.0756528425070956
expert,0.75,Expert-A0_diff_signed_q4,q3,150,2.052630475362142,1.8628665256500245,2.0980085939974398,1.7332620852702374,2.1262537982012772,-2.3309326171875,0.001321563720703125,0.94,0.8899090795570952,0.94,6,24.0,0.08451453912715763
expert,0.75,Expert-A0_diff_signed_q4,q4,150,1.9696365483601888,1.7523483060201008,2.1937206886910103,1.7837867169766815,1.5407892175622888,-3.06103515625,0.0011853734652201334,0.8666666666666667,0.8030184935523371,0.8666666666666667,17,68.0,0.17400404256771052
expert,0.75,Expert-A0_diff_abs_q4,q1,150,1.7974542744954427,1.6213033873240152,0.9475115183237437,0.7112052170006005,1.8177497451369826,-1.5276107788085938,0.0006679522991180419,0.92,0.8653774250568133,0.92,7,28.0,0.09318757392357377
expert,0.75,Expert-A0_diff_abs_q4,q2,150,1.9416471099853516,1.7375497697194418,1.7039795952874262,1.3570113568692594,1.5619481060955975,-3.06103515625,0.0016193687915802002,0.88,0.8182903386460475,0.88,15,60.0,0.15843607448060176
expert,0.75,Expert-A0_diff_abs_q4,q3,150,2.923096745808919,2.7191038239796956,2.227342038541227,1.8661120182759054,3.399396329312711,-0.9050369262695312,0.002403837045033773,0.9533333333333334,0.9068124260764262,0.9533333333333334,5,20.0,0.0756528425070956
expert,0.75,Expert-A0_diff_abs_q4,q4,150,3.7585927963256838,3.4455537916819257,4.236559017284496,3.631247602926718,1.7873143376530827,-4.371772766113281,0.0034943294525146486,0.9133333333333333,0.8573705468757647,0.9133333333333333,13,52.0,0.14262945312423528
expert,0.75,expert_fulludp_disagreement_q4,q1,150,2.1146021270751953,1.9130223731994629,1.8814027116105363,1.463843464207005,1.7394148336874473,-3.06103515625,0.0007872974872589111,0.9066666666666666,0.8494348221544131,0.9066666666666666,10,40.0,0.11836352652481318
expert,0.75,expert_fulludp_disagreement_q4,q2,150,2.1910803858439127,1.9515542176564533,2.2865058795825854,1.8399345372174236,1.7111446277515308,-2.3309326171875,0.0015502293904622396,0.9133333333333333,0.8573705468757647,0.9133333333333333,9,36.0,0.11009092044290468
expert,0.75,expert_fulludp_disagreement_q4,q3,150,2.4300164413452148,2.176905106226603,2.5266127199740023,1.909293097418708,1.5954088778109163,-4.371772766113281,0.00197314461072286,0.9,0.8415639255193983,0.9,13,52.0,0.14262945312423528
expert,0.75,expert_fulludp_disagreement_q4,q4,150,3.685091972351074,3.405089302698771,4.480721241719014,4.011402434271735,2.6116643338590055,-3.292377471923828,0.003874816099802653,0.9466666666666667,0.8982949952532904,0.9466666666666667,8,32.0,0.10170500474670958
expert,0.75,residual_cosine_q4,q1,150,2.8584051259358723,2.585396847407023,3.313209327491554,2.712414986378438,2.028876021101668,-3.292377471923828,0.002813515265782674,0.9133333333333333,0.8573705468757647,0.9133333333333333,11,44.0,0.12653698526598403
expert,0.75,residual_cosine_q4,q2,150,2.3354614639282225,2.1136292800903322,3.2290865408407674,2.6550415142162427,1.7964255874221389,-1.5282859802246094,0.00186155637105306,0.9466666666666667,0.8982949952532904,0.9466666666666667,5,20.0,0.0756528425070956
expert,0.75,residual_cosine_q4,q3,150,2.259468510945638,2.029012556711833,2.741516216381176,2.2027238227225636,1.6456221503180426,-2.2271041870117188,0.0017312725385030111,0.8933333333333333,0.8337524992356726,0.8933333333333333,12,48.0,0.13462257494318683
expert,0.75,residual_cosine_q4,q4,150,2.967455825805664,2.6537168680826824,3.9178935901538745,3.2747314221150168,1.8818028424237225,-4.371772766113281,0.0017791434129079183,0.9133333333333333,0.8573705468757647,0.9133333333333333,12,48.0,0.13462257494318683
expert,0.75,haze_density_q4,q1,150,2.589359753926595,2.3325346043904625,3.599171561163825,3.2060477334099846,1.7915452493203652,-3.06103515625,0.0014854554335276286,0.9333333333333333,0.8816364734751868,0.9333333333333333,9,36.0,0.11009092044290468
expert,0.75,haze_density_q4,q2,150,2.5836836751302084,2.2855273933410647,3.579365601410737,2.947229442080936,1.6333065548458614,-3.292377471923828,0.0016460255781809488,0.92,0.8653774250568133,0.92,12,48.0,0.13462257494318683
expert,0.75,haze_density_q4,q3,150,2.6040803527832033,2.3366617425282796,3.6812936937486804,3.006804556459994,1.655457573968011,-4.371772766113281,0.0023387440045674643,0.8866666666666667,0.8259959574322895,0.8866666666666667,11,44.0,0.12653698526598403
expert,0.75,haze_density_q4,q4,150,2.6436671447753906,2.3808252525329587,2.852179140657992,2.3972037263818686,2.086499291497308,-2.2271041870117188,0.002715262571970622,0.9266666666666666,0.873463014734016,0.9266666666666666,8,32.0,0.10170500474670958
expert,0.75,haze_density_p90_q4,q1,150,2.4372602971394857,2.179067040125529,3.561633909070814,2.9780848348462903,1.5833124727816195,-3.06103515625,0.0011957502365112305,0.9266666666666666,0.873463014734016,0.9266666666666666,10,40.0,0.11836352652481318
expert,0.75,haze_density_p90_q4,q2,163,2.6753859256674177,2.439083699653485,3.079611587524414,2.4099786901474,2.0448036193847656,-2.3309326171875,0.00207189694504065,0.9141104294478528,0.8610012476708825,0.9141104294478528,9,33.12883435582822,0.10159515897385443
expert,0.75,haze_density_p90_q4,q3,142,2.607698856944769,2.3371885575039286,2.7957611628941126,2.3382195663452148,1.6249432155064174,-3.292377471923828,0.00230937230754906,0.8943661971830986,0.8330226167242017,0.8943661971830986,12,50.70422535211267,0.1419021370231642
expert,0.75,haze_density_p90_q4,q4,145,2.6975755231133824,2.409134520826669,3.55753755569458,2.981177881028917,2.034621980455187,-4.371772766113281,0.0026400726417015337,0.9310344827586207,0.8777075189555318,0.9310344827586207,9,37.241379310344826,0.11374921340646905
expert,0.75,transmission_q4,q1,150,2.6436671447753906,2.3808252525329587,2.852179140657992,2.3972037263818686,2.086499291497308,-2.2271041870117188,0.002715262571970622,0.9266666666666666,0.873463014734016,0.9266666666666666,8,32.0,0.10170500474670958
expert,0.75,transmission_q4,q2,150,2.6040803527832033,2.3366617425282796,3.6812936937486804,3.006804556459994,1.655457573968011,-4.371772766113281,0.0023387440045674643,0.8866666666666667,0.8259959574322895,0.8866666666666667,11,44.0,0.12653698526598403
expert,0.75,transmission_q4,q3,150,2.5836836751302084,2.2855273933410647,3.579365601410737,2.947229442080936,1.6333065548458614,-3.292377471923828,0.0016460255781809488,0.92,0.8653774250568133,0.92,12,48.0,0.13462257494318683
expert,0.75,transmission_q4,q4,150,2.589359753926595,2.3325346043904625,3.599171561163825,3.2060477334099846,1.7915452493203652,-3.06103515625,0.0014854554335276286,0.9333333333333333,0.8816364734751868,0.9333333333333333,9,36.0,0.11009092044290468
expert,0.75,airlight_proxy_q4,q1,150,2.7528693008422853,2.446483165105184,3.345144271850586,2.723510891682393,1.6811593545449746,-3.292377471923828,0.0015952817598978678,0.9266666666666666,0.873463014734016,0.9266666666666666,10,40.0,0.11836352652481318
expert,0.75,airlight_proxy_q4,q2,157,2.6256482069659386,2.3768077941457175,3.540324871356671,3.1057882871383278,1.8760547148875701,-2.2271041870117188,0.002492856068216312,0.9235668789808917,0.871161128363673,0.9235668789808917,7,26.751592356687897,0.08916405386871538
expert,0.75,airlight_proxy_q4,q3,143,2.3519437296407206,2.133375907444454,2.697431182861328,2.1658203806195937,1.8533641270228796,-4.371772766113281,0.002153444957066249,0.8951048951048951,0.834140242628048,0.8951048951048951,13,54.54545454545455,0.14932580337323734
expert,0.75,airlight_proxy_q4,q4,150,2.677556813557943,2.430512810389201,3.8391466913996517,3.3440366332595413,1.7838106928644955,-3.06103515625,0.0019280656178792318,0.92,0.8653774250568133,0.92,10,40.0,0.11836352652481318
expert,0.75,depth_q4,q1,150,2.6724172592163087,2.409353640874227,3.502269899522936,2.963544157389048,1.5706504615577492,-3.292377471923828,0.0023452095190684003,0.9266666666666666,0.873463014734016,0.9266666666666666,9,36.0,0.11009092044290468
expert,0.75,depth_q4,q2,150,2.480681800842285,2.2398582757314047,3.2213013623211837,2.6429565197712668,2.1028808387550146,-4.371772766113281,0.001826193332672119,0.8933333333333333,0.8337524992356726,0.8933333333333333,13,52.0,0.14262945312423528
expert,0.75,depth_q4,q3,150,2.9127243677775065,2.6623288911183676,3.486662014110668,2.872193738576528,2.2796066902779244,-0.5579910278320312,0.002019113302230835,0.98,0.9428523341357584,0.98,2,8.0,0.047307856380276334
expert,0.75,depth_q4,q4,150,2.354967498779297,2.0979725449879965,3.0550446381440035,2.4873866442087533,1.7331308931917757,-3.06103515625,0.001994971434275309,0.8666666666666667,0.8030184935523371,0.8666666666666667,16,64.0,0.16624750076432737
expert,0.75,dark_channel_q4,q1,150,2.337185961405436,2.065868883132935,2.969020585756044,2.4054188496357685,1.7616202895705764,-3.292377471923828,0.0012788832187652587,0.92,0.8653774250568133,0.92,11,44.0,0.12653698526598403
expert,0.75,dark_channel_q4,q2,150,2.4530289713541666,2.2035077266693115,2.6080411962560706,2.057452980247704,2.067861917856577,-1.5282859802246094,0.0016570130983988443,0.9133333333333333,0.8573705468757647,0.9133333333333333,8,32.0,0.10170500474670958
expert,0.75,dark_channel_q4,q3,150,2.715228042602539,2.4291277109781904,3.317806037696632,2.7242523554209117,1.9751401334195524,-4.371772766113281,0.0021278274059295652,0.8933333333333333,0.8337524992356726,0.8933333333333333,13,52.0,0.14262945312423528
expert,0.75,dark_channel_q4,q4,150,2.9153479512532554,2.6765738302866615,3.6098866849332243,3.042370821978595,2.1327120806719804,-2.0892982482910156,0.003121763865152995,0.94,0.8899090795570952,0.94,8,32.0,0.10170500474670958
expert,0.75,low_texture_q4,q1,150,2.5487996419270833,2.306553712844849,4.243850604907887,3.730572504610629,1.8326387147645693,-4.371772766113281,0.002421385447184245,0.92,0.8653774250568133,0.92,9,36.0,0.11009092044290468
expert,0.75,low_texture_q4,q2,150,2.5415785980224608,2.3028998896280926,3.1345440632588155,2.6259590844850282,2.0062405354267843,-2.0892982482910156,0.0019249244530995687,0.9066666666666666,0.8494348221544131,0.9066666666666666,12,48.0,0.13462257494318683
expert,0.75,low_texture_q4,q3,150,2.552211481730143,2.285297404607137,3.041219659753748,2.39943885287723,1.888975916682063,-3.292377471923828,0.00198903759320577,0.9133333333333333,0.8573705468757647,0.9133333333333333,11,44.0,0.12653698526598403
expert,0.75,low_texture_q4,q4,150,2.7782012049357094,2.5262358455657963,3.1841636348415063,2.5071057371191077,2.1302211864574536,-1.2495689392089844,0.0018501400947570801,0.9266666666666666,0.873463014734016,0.9266666666666666,8,32.0,0.10170500474670958
expert,0.75,edge_density_q4,q1,150,2.632109349568685,2.3614697291056315,3.3754846727525867,2.777654609164676,1.5556803522883236,-2.3309326171875,0.0029256788889567057,0.88,0.8182903386460475,0.88,16,64.0,0.16624750076432737
expert,0.75,edge_density_q4,q2,150,2.826183115641276,2.577564314524333,4.0175006969555005,3.4138861604639,1.4026555241765202,-4.371772766113281,0.002150619427363078,0.94,0.8899090795570952,0.94,8,32.0,0.10170500474670958
expert,0.75,edge_density_q4,q3,150,2.4679180018107094,2.1832897981007897,3.113036026825776,2.5420280894717653,2.3261631115062817,-3.292377471923828,0.0015476012229919433,0.9266666666666666,0.873463014734016,0.9266666666666666,9,36.0,0.11009092044290468
expert,0.75,edge_density_q4,q4,150,2.4945804595947267,2.247158535003662,2.636870203791438,2.032084735664162,2.049972121779983,-1.5276107788085938,0.0015615880489349364,0.92,0.8653774250568133,0.92,7,28.0,0.09318757392357377
expert,0.75,sky_highlight_proxy_q4,q1,150,2.5447979100545246,2.2629637400309246,3.0779675148628853,2.43883191959278,1.7097427780563768,-3.292377471923828,0.0012816683451334636,0.8933333333333333,0.8337524992356726,0.8933333333333333,14,56.0,0.15056517784558682
expert,0.75,sky_highlight_proxy_q4,q2,150,2.408496920267741,2.1599029833475747,2.571523975681614,2.0130711297731145,1.7987668836438977,-3.06103515625,0.001682720184326172,0.9333333333333333,0.8816364734751868,0.9333333333333333,7,28.0,0.09318757392357377
expert,0.75,sky_highlight_proxy_q4,q3,150,2.603081169128418,2.3717294692993165,3.3904655559642896,2.8851616447036332,2.0104268048260665,-2.0892982482910156,0.0026575160026550294,0.9266666666666666,0.873463014734016,0.9266666666666666,9,36.0,0.11009092044290468
expert,0.75,sky_highlight_proxy_q4,q4,150,2.8644149271647135,2.5771450316111246,3.7238778810243347,3.1435463699134623,1.8440011514199746,-4.371772766113281,0.0025635830561319987,0.9133333333333333,0.8573705468757647,0.9133333333333333,10,40.0,0.11836352652481318
expert,0.75,split,val_hard,300,2.8881120109558105,2.6958075898488363,3.268950169881185,2.8560694452921553,2.3658773295084634,-2.2271041870117188,0.002566360632578532,0.93,0.8953632441625535,0.93,15,30.0,0.08084771970710952
expert,0.75,split,val_regular,300,2.322283452351888,2.15060816637675,2.982114715576172,2.581662072499593,1.8182427978515625,-4.371772766113281,0.0015263831615447998,0.9033333333333333,0.864617489059097,0.9033333333333333,25,50.0,0.12012238097512637
expert,1.0,A0-PSNR_q4,q1,150,4.206926918029785,3.8234175415039062,4.534778698070629,3.785026483278017,3.679927310428104,-1.5451583862304688,0.0038039902846018474,0.9133333333333333,0.8573705468757647,0.9133333333333333,9,36.0,0.11009092044290468
expert,1.0,A0-PSNR_q4,q2,150,3.05716921488444,2.7899048817952474,3.3906399494892843,2.772548500267235,2.5398322440482475,-1.9936103820800781,0.0022033560276031494,0.9,0.8415639255193983,0.9,14,56.0,0.15056517784558682
expert,1.0,A0-PSNR_q4,q3,150,2.100675582885742,1.7937085075378418,2.6562234002190666,2.0971890269099056,2.084915676632443,-4.506591796875,0.001393891175587972,0.8533333333333334,0.7879140446419708,0.8533333333333334,19,76.0,0.18936780715468765
expert,1.0,A0-PSNR_q4,q4,150,1.2047945404052733,0.9681822204589844,1.8484122817580764,1.3498275447536159,0.87097590678447,-6.490203857421875,0.00031651854515075685,0.7666666666666667,0.6928407309593593,0.7666666666666667,29,116.0,0.2638642757457893
expert,1.0,Expert-A0_diff_signed_q4,q1,150,4.1310210673014325,3.6852852713267006,6.0912655495308545,5.386956823194349,1.1841299727156356,-6.490203857421875,0.003362007935841878,0.86,0.7954465685598426,0.86,20,80.0,0.1969815064476629
expert,1.0,Expert-A0_diff_signed_q4,q2,150,2.803924217224121,2.539123983383179,2.929038537515176,2.2575595855712893,2.5896811614165434,-1.8067283630371094,0.0021917200088500976,0.9066666666666666,0.8494348221544131,0.9066666666666666,10,40.0,0.11836352652481318
expert,1.0,Expert-A0_diff_signed_q4,q3,150,1.8536383565266927,1.6191257489522297,2.4407111502982475,2.0040078523996714,1.4662413725981842,-4.3150634765625,0.0010873218377431234,0.8866666666666667,0.8259959574322895,0.8866666666666667,14,56.0,0.15056517784558682
expert,1.0,Expert-A0_diff_signed_q4,q4,150,1.7809826151529948,1.4951689472198486,2.7085830069877006,2.163039135288548,0.6977547310494088,-4.72259521484375,0.0010767062505086264,0.78,0.7071754568460243,0.78,27,108.0,0.24922468041993318
expert,1.0,Expert-A0_diff_abs_q4,q1,150,1.4631101099650066,1.2710779247283936,1.0717755395012933,0.7559762439212283,1.0954114553090688,-2.3707542419433594,0.0004078805446624756,0.8133333333333334,0.7434413916324496,0.8133333333333334,18,72.0,0.1817096613539524
expert,1.0,Expert-A0_diff_abs_q4,q2,150,1.8675784556070965,1.6113500868479411,2.152418497446421,1.6770548433870884,0.5213898323677681,-4.72259521484375,0.0014969770113627116,0.8333333333333334,0.7655327510904788,0.8333333333333334,23,92.0,0.21958119705195484
expert,1.0,Expert-A0_diff_abs_q4,q3,150,3.1528208541870115,2.8558606904347736,2.86990145090464,2.357141012758822,2.8679846686285897,-2.0077781677246094,0.0024812738100687664,0.9133333333333333,0.8573705468757647,0.9133333333333333,11,44.0,0.12653698526598403
expert,1.0,Expert-A0_diff_abs_q4,q4,150,4.086056836446127,3.632959080378215,5.481911221066037,4.694376674858299,0.5898761233767947,-6.490203857421875,0.003331624666849772,0.8733333333333333,0.8106321928453123,0.8733333333333333,19,76.0,0.18936780715468765
expert,1.0,expert_fulludp_disagreement_q4,q1,150,1.6801950073242187,1.4424511032104492,2.0089954685520484,1.4957735113195472,1.017429558006493,-4.72259521484375,0.0004810412724812826,0.8066666666666666,0.7361357242542107,0.8066666666666666,24,96.0,0.227041057343522
expert,1.0,expert_fulludp_disagreement_q4,q2,150,2.1927785364786785,1.8792240219116212,2.9719438810606262,2.303969571397111,0.9606671719937712,-4.3150634765625,0.0014662226041158041,0.86,0.7954465685598426,0.86,13,52.0,0.14262945312423528
expert,1.0,expert_fulludp_disagreement_q4,q3,150,2.532646853129069,2.1878688011169434,3.150753485189902,2.3783786258182014,0.8724166251517631,-6.490203857421875,0.0019651333491007487,0.8533333333333334,0.7879140446419708,0.8533333333333334,22,88.0,0.21208595535802935
expert,1.0,expert_fulludp_disagreement_q4,q4,150,4.163945859273275,3.7797671871185305,5.783868016423406,5.1032644297625565,2.0637865839777767,-4.506591796875,0.0038053588072458904,0.9133333333333333,0.8573705468757647,0.9133333333333333,12,48.0,0.13462257494318683
expert,1.0,residual_cosine_q4,q1,150,3.2130077489217124,2.8414168542226155,4.353146578814532,3.545088984515216,1.7352697011586782,-4.506591796875,0.002980628808339437,0.8733333333333333,0.8106321928453123,0.8733333333333333,16,64.0,0.16624750076432737
expert,1.0,residual_cosine_q4,q2,150,2.3962047322591147,2.077820613861084,4.084441004572688,3.2360997303112136,1.2712311615815033,-3.1568450927734375,0.0017422870794932047,0.8733333333333333,0.8106321928453123,0.8733333333333333,14,56.0,0.15056517784558682
expert,1.0,residual_cosine_q4,q3,150,2.169447797139486,1.889957689921061,3.3109188079833984,2.615523742985081,1.0354527653874577,-3.3163909912109375,0.001633856693903605,0.8533333333333334,0.7879140446419708,0.8533333333333334,19,76.0,0.18936780715468765
expert,1.0,residual_cosine_q4,q4,150,2.7909059778849286,2.343244373957316,4.996475477476378,4.123446371748641,1.0074087606894004,-6.490203857421875,0.0013609834512074788,0.8333333333333334,0.7655327510904788,0.8333333333333334,22,88.0,0.21208595535802935
expert,1.0,haze_density_q4,q1,150,2.1872347895304363,1.8767182025909424,3.8337365743276237,3.2689320693144928,1.0799218255120355,-4.72259521484375,0.001245038906733195,0.8533333333333334,0.7879140446419708,0.8533333333333334,20,80.0,0.1969815064476629
expert,1.0,haze_density_q4,q2,150,2.4516421000162762,2.034726166407267,4.308980477822794,3.51977400908599,0.8873177605706293,-4.506591796875,0.0011777770519256592,0.86,0.7954465685598426,0.86,18,72.0,0.1817096613539524
expert,1.0,haze_density_q4,q3,150,2.9524885177612306,2.5825509560902913,4.871393409935203,3.9732979568275244,1.1941353050438133,-6.490203857421875,0.002463646332422892,0.84,0.7729589426564779,0.84,19,76.0,0.18936780715468765
expert,1.0,haze_density_q4,q4,150,2.978200848897298,2.632992427190145,3.74073956463788,3.072371013744457,1.6691951236209355,-3.3163909912109375,0.0028312937418619793,0.88,0.8182903386460475,0.88,14,56.0,0.15056517784558682
expert,1.0,haze_density_p90_q4,q1,150,1.9343584314982096,1.6232050825754802,3.7582843368117875,3.0491970990155197,0.7846359046729835,-4.72259521484375,0.0008894169330596924,0.8266666666666667,0.7581386789428641,0.8266666666666667,23,92.0,0.21958119705195484
expert,1.0,haze_density_p90_q4,q2,163,2.705665284139247,2.3871765002151206,3.7755806922912596,2.9531710004806517,1.5708852767944337,-4.3150634765625,0.0019479013659471384,0.8895705521472392,0.8322025893418277,0.8895705521472392,17,62.576687116564415,0.16067082698947335
expert,1.0,haze_density_p90_q4,q3,142,2.785179124751561,2.4184498048164476,3.635202625819615,3.0022639683314734,1.1032374790736608,-4.506591796875,0.0021089063563816983,0.8309859154929577,0.7608219589629348,0.8309859154929577,18,76.05633802816901,0.191477307841707
expert,1.0,haze_density_p90_q4,q4,145,3.1638779081147295,2.7690035570078884,4.7038708262973365,3.863765623834398,1.704032474093967,-6.490203857421875,0.002808815446393243,0.8827586206896552,0.8202600378070131,0.8827586206896552,13,53.793103448275865,0.14734931182624686
expert,1.0,transmission_q4,q1,150,2.978200848897298,2.632992427190145,3.74073956463788,3.072371013744457,1.6691951236209355,-3.3163909912109375,0.0028312937418619793,0.88,0.8182903386460475,0.88,14,56.0,0.15056517784558682
expert,1.0,transmission_q4,q2,150,2.9524885177612306,2.5825509560902913,4.871393409935203,3.9732979568275244,1.1941353050438133,-6.490203857421875,0.002463646332422892,0.84,0.7729589426564779,0.84,19,76.0,0.18936780715468765
expert,1.0,transmission_q4,q3,150,2.4516421000162762,2.034726166407267,4.308980477822794,3.51977400908599,0.8873177605706293,-4.506591796875,0.0011777770519256592,0.86,0.7954465685598426,0.86,18,72.0,0.1817096613539524
expert,1.0,transmission_q4,q4,150,2.1872347895304363,1.8767182025909424,3.8337365743276237,3.2689320693144928,1.0799218255120355,-4.72259521484375,0.001245038906733195,0.8533333333333334,0.7879140446419708,0.8533333333333334,20,80.0,0.1969815064476629
expert,1.0,airlight_proxy_q4,q1,150,3.049061139424642,2.659723233540853,4.426025751474741,3.5727685232420225,1.1988641893541492,-4.506591796875,0.0016475276152292887,0.8533333333333334,0.7879140446419708,0.8533333333333334,16,64.0,0.16624750076432737
expert,1.0,airlight_proxy_q4,q2,157,2.8702501309145787,2.5157871926666067,4.660572981223082,4.0694437540494475,1.273224072578626,-3.7742881774902344,0.0022565046693109403,0.8853503184713376,0.8260555843201953,0.8853503184713376,13,49.68152866242038,0.13650741877773567
expert,1.0,airlight_proxy_q4,q3,143,2.280273117385544,1.9958227791152634,3.3200176783970425,2.5628815705435617,1.192688969203404,-6.490203857421875,0.0021035633720718062,0.8601398601398601,0.7938323518793072,0.8601398601398601,19,79.72027972027972,0.1982070738415411
expert,1.0,airlight_proxy_q4,q4,150,2.342449607849121,2.014112517038981,4.400235201861407,3.750487518310547,0.9136540180927998,-4.72259521484375,0.001703023115793864,0.8333333333333334,0.7655327510904788,0.8333333333333334,23,92.0,0.21958119705195484
expert,1.0,depth_q4,q1,150,2.8030268732706705,2.451439896265666,4.53649546649005,3.8246016553930335,0.8425130070866765,-4.506591796875,0.0023768333594004314,0.8666666666666667,0.8030184935523371,0.8666666666666667,12,48.0,0.13462257494318683
expert,1.0,depth_q4,q2,150,2.5471695836385093,2.2110847244262692,4.181204048362938,3.4077148050875277,1.5304172618969067,-6.490203857421875,0.001788326104482015,0.86,0.7954465685598426,0.86,20,80.0,0.1969815064476629
expert,1.0,depth_q4,q3,150,3.0274867248535156,2.693972880045573,4.468063251392262,3.57687984157253,1.485485386204075,-1.4498939514160156,0.0019695623715718586,0.9133333333333333,0.8573705468757647,0.9133333333333333,11,44.0,0.12653698526598403
expert,1.0,depth_q4,q4,150,2.1918830744425457,1.856859452565511,3.639123504226272,2.9178702148231297,1.015477670205606,-4.72259521484375,0.0015830341974894205,0.7933333333333333,0.7216049669151186,0.7933333333333333,28,112.0,0.25655860836755046
expert,1.0,dark_channel_q4,q1,150,2.0758737309773765,1.7296204280853271,3.531179428100586,2.7872815312565984,1.0367096565865181,-4.72259521484375,0.0007560392220815023,0.8333333333333334,0.7655327510904788,0.8333333333333334,21,84.00000000000001,0.20455343144015736
expert,1.0,dark_channel_q4,q2,150,2.396087760925293,2.0561257743835446,3.2352743922053158,2.5506628423123745,1.4008219950907939,-3.1568450927734375,0.0015544625123341878,0.84,0.7729589426564779,0.84,16,64.0,0.16624750076432737
expert,1.0,dark_channel_q4,q3,150,2.845287831624349,2.474617197036743,4.409102465655352,3.605773487606564,1.2683636433369405,-6.490203857421875,0.0021601080894470214,0.8466666666666667,0.7804188029480452,0.8466666666666667,21,84.00000000000001,0.20455343144015736
expert,1.0,dark_channel_q4,q4,150,3.2523169326782226,2.9167327194213866,4.584935781118032,3.788329127028182,1.7572068910341005,-4.306617736816406,0.003247146209081014,0.9133333333333333,0.8573705468757647,0.9133333333333333,13,52.0,0.14262945312423528
expert,1.0,low_texture_q4,q1,150,2.606005465189616,2.2618114795684816,5.483905431386587,4.808144193082242,1.2372115882667336,-6.490203857421875,0.002418372631072998,0.8666666666666667,0.8030184935523371,0.8666666666666667,18,72.0,0.1817096613539524
expert,1.0,low_texture_q4,q2,150,2.5864872868855793,2.2475496362050373,4.092302322387695,3.407383854324753,1.2728708628061656,-4.306617736816406,0.0019152180353800457,0.84,0.7729589426564779,0.84,20,80.0,0.1969815064476629
expert,1.0,low_texture_q4,q3,150,2.5341032918294273,2.2097101910909016,3.763637233424831,2.9544428644953546,1.0148277282714844,-4.506591796875,0.001671576499938965,0.8733333333333333,0.8106321928453123,0.8733333333333333,16,64.0,0.16624750076432737
expert,1.0,low_texture_q4,q4,150,2.8429702123006186,2.5143888715108234,4.045915809837547,3.1546022672910947,1.4742664646457981,-2.8161392211914062,0.001712588866551717,0.8533333333333334,0.7879140446419708,0.8533333333333334,17,68.0,0.17400404256771052
expert,1.0,edge_density_q4,q1,150,2.5049637858072917,2.1172910442352295,4.275798179007865,3.4338719187556084,0.5678842905405406,-4.3150634765625,0.0029236650466918945,0.82,0.7507753195800668,0.82,24,96.0,0.227041057343522
expert,1.0,edge_density_q4,q2,150,2.959348627726237,2.606181781768799,5.3136831747519,4.441418490538727,0.5844019297006968,-6.490203857421875,0.0019970937569936116,0.8866666666666667,0.8259959574322895,0.8866666666666667,14,56.0,0.15056517784558682
expert,1.0,edge_density_q4,q3,150,2.4714056650797525,2.1347336928049723,3.9653925509066195,3.193883055609626,1.7928350293958508,-4.72259521484375,0.001491072177886963,0.8533333333333334,0.7879140446419708,0.8533333333333334,19,76.0,0.18936780715468765
expert,1.0,edge_density_q4,q4,150,2.6338481775919598,2.3282737344106037,3.2433146399420663,2.4778169271108266,1.6354175258327175,-2.3707542419433594,0.0013059250513712565,0.8733333333333333,0.8106321928453123,0.8733333333333333,14,56.0,0.15056517784558682
expert,1.0,sky_highlight_proxy_q4,q1,150,2.416131172180176,2.0583605810801187,3.8018380757924675,2.957311220426817,0.867567423227671,-4.506591796875,0.0007851791381835938,0.8,0.7288572445686362,0.8,23,92.0,0.21958119705195484
expert,1.0,sky_highlight_proxy_q4,q2,150,2.2374744923909504,1.9417273375193278,3.051104055868613,2.2848369082889044,1.069132830645587,-4.72259521484375,0.0015104301770528157,0.86,0.7954465685598426,0.86,16,64.0,0.16624750076432737
expert,1.0,sky_highlight_proxy_q4,q3,150,2.6365053176879885,2.3291418793996175,4.216993950508736,3.5530809376690837,1.3998803834657412,-4.306617736816406,0.002752896547317505,0.8866666666666667,0.8259959574322895,0.8866666666666667,15,60.0,0.15843607448060176
expert,1.0,sky_highlight_proxy_q4,q4,150,3.2794552739461262,2.8782240467071536,4.89660577516298,4.125825291710932,1.3802917068069045,-6.490203857421875,0.0026692501703898114,0.8866666666666667,0.8259959574322895,0.8866666666666667,17,68.0,0.17400404256771052
expert,1.0,split,val_hard,300,3.264558340708415,3.0068691409428916,4.213256810506185,3.6670431811014814,2.1171060689290364,-4.306617736816406,0.0026719836393992104,0.9,0.8608327216490345,0.9,25,50.0,0.12012238097512637
expert,1.0,split,val_regular,300,2.0202247873942056,1.7919732033411662,3.509223887125651,3.0176584739685057,1.0433573404947916,-6.490203857421875,0.0011868943770726522,0.8166666666666667,0.7689704376794907,0.8166666666666667,46,92.0,0.1984669639866331
fulludp,0.0,A0-PSNR_q4,q1,150,0.0,0.0,0.0,0.0,0.0,0.0,0.0,0.0,0.0,1.0,0,0.0,0.02497113914571871
fulludp,0.0,A0-PSNR_q4,q2,150,0.0,0.0,0.0,0.0,0.0,0.0,0.0,0.0,0.0,1.0,0,0.0,0.02497113914571871
fulludp,0.0,A0-PSNR_q4,q3,150,0.0,0.0,0.0,0.0,0.0,0.0,0.0,0.0,0.0,1.0,0,0.0,0.02497113914571871
fulludp,0.0,A0-PSNR_q4,q4,150,0.0,0.0,0.0,0.0,0.0,0.0,0.0,0.0,0.0,1.0,0,0.0,0.02497113914571871
fulludp,0.0,Expert-A0_diff_signed_q4,q1,150,0.0,0.0,0.0,0.0,0.0,0.0,0.0,0.0,0.0,1.0,0,0.0,0.02497113914571871
fulludp,0.0,Expert-A0_diff_signed_q4,q2,150,0.0,0.0,0.0,0.0,0.0,0.0,0.0,0.0,0.0,1.0,0,0.0,0.02497113914571871
fulludp,0.0,Expert-A0_diff_signed_q4,q3,150,0.0,0.0,0.0,0.0,0.0,0.0,0.0,0.0,0.0,1.0,0,0.0,0.02497113914571871
fulludp,0.0,Expert-A0_diff_signed_q4,q4,150,0.0,0.0,0.0,0.0,0.0,0.0,0.0,0.0,0.0,1.0,0,0.0,0.02497113914571871
fulludp,0.0,Expert-A0_diff_abs_q4,q1,150,0.0,0.0,0.0,0.0,0.0,0.0,0.0,0.0,0.0,1.0,0,0.0,0.02497113914571871
fulludp,0.0,Expert-A0_diff_abs_q4,q2,150,0.0,0.0,0.0,0.0,0.0,0.0,0.0,0.0,0.0,1.0,0,0.0,0.02497113914571871
fulludp,0.0,Expert-A0_diff_abs_q4,q3,150,0.0,0.0,0.0,0.0,0.0,0.0,0.0,0.0,0.0,1.0,0,0.0,0.02497113914571871
fulludp,0.0,Expert-A0_diff_abs_q4,q4,150,0.0,0.0,0.0,0.0,0.0,0.0,0.0,0.0,0.0,1.0,0,0.0,0.02497113914571871
fulludp,0.0,expert_fulludp_disagreement_q4,q1,150,0.0,0.0,0.0,0.0,0.0,0.0,0.0,0.0,0.0,1.0,0,0.0,0.02497113914571871
fulludp,0.0,expert_fulludp_disagreement_q4,q2,150,0.0,0.0,0.0,0.0,0.0,0.0,0.0,0.0,0.0,1.0,0,0.0,0.02497113914571871
fulludp,0.0,expert_fulludp_disagreement_q4,q3,150,0.0,0.0,0.0,0.0,0.0,0.0,0.0,0.0,0.0,1.0,0,0.0,0.02497113914571871
fulludp,0.0,expert_fulludp_disagreement_q4,q4,150,0.0,0.0,0.0,0.0,0.0,0.0,0.0,0.0,0.0,1.0,0,0.0,0.02497113914571871
fulludp,0.0,residual_cosine_q4,q1,150,0.0,0.0,0.0,0.0,0.0,0.0,0.0,0.0,0.0,1.0,0,0.0,0.02497113914571871
fulludp,0.0,residual_cosine_q4,q2,150,0.0,0.0,0.0,0.0,0.0,0.0,0.0,0.0,0.0,1.0,0,0.0,0.02497113914571871
fulludp,0.0,residual_cosine_q4,q3,150,0.0,0.0,0.0,0.0,0.0,0.0,0.0,0.0,0.0,1.0,0,0.0,0.02497113914571871
fulludp,0.0,residual_cosine_q4,q4,150,0.0,0.0,0.0,0.0,0.0,0.0,0.0,0.0,0.0,1.0,0,0.0,0.02497113914571871
fulludp,0.0,haze_density_q4,q1,150,0.0,0.0,0.0,0.0,0.0,0.0,0.0,0.0,0.0,1.0,0,0.0,0.02497113914571871
fulludp,0.0,haze_density_q4,q2,150,0.0,0.0,0.0,0.0,0.0,0.0,0.0,0.0,0.0,1.0,0,0.0,0.02497113914571871
fulludp,0.0,haze_density_q4,q3,150,0.0,0.0,0.0,0.0,0.0,0.0,0.0,0.0,0.0,1.0,0,0.0,0.02497113914571871
fulludp,0.0,haze_density_q4,q4,150,0.0,0.0,0.0,0.0,0.0,0.0,0.0,0.0,0.0,1.0,0,0.0,0.02497113914571871
fulludp,0.0,haze_density_p90_q4,q1,150,0.0,0.0,0.0,0.0,0.0,0.0,0.0,0.0,0.0,1.0,0,0.0,0.02497113914571871
fulludp,0.0,haze_density_p90_q4,q2,163,0.0,0.0,0.0,0.0,0.0,0.0,0.0,0.0,0.0,1.0,0,0.0,0.023025432506041655
fulludp,0.0,haze_density_p90_q4,q3,142,0.0,0.0,0.0,0.0,0.0,0.0,0.0,0.0,0.0,1.0,0,0.0,0.02634090684688045
fulludp,0.0,haze_density_p90_q4,q4,145,0.0,0.0,0.0,0.0,0.0,0.0,0.0,0.0,0.0,1.0,0,0.0,0.025809988605336138
fulludp,0.0,transmission_q4,q1,150,0.0,0.0,0.0,0.0,0.0,0.0,0.0,0.0,0.0,1.0,0,0.0,0.02497113914571871
fulludp,0.0,transmission_q4,q2,150,0.0,0.0,0.0,0.0,0.0,0.0,0.0,0.0,0.0,1.0,0,0.0,0.02497113914571871
fulludp,0.0,transmission_q4,q3,150,0.0,0.0,0.0,0.0,0.0,0.0,0.0,0.0,0.0,1.0,0,0.0,0.02497113914571871
fulludp,0.0,transmission_q4,q4,150,0.0,0.0,0.0,0.0,0.0,0.0,0.0,0.0,0.0,1.0,0,0.0,0.02497113914571871
fulludp,0.0,airlight_proxy_q4,q1,150,0.0,0.0,0.0,0.0,0.0,0.0,0.0,0.0,0.0,1.0,0,0.0,0.02497113914571871
fulludp,0.0,airlight_proxy_q4,q2,157,0.0,0.0,0.0,0.0,0.0,0.0,0.0,0.0,0.0,1.0,0,0.0,0.02388436822314625
fulludp,0.0,airlight_proxy_q4,q3,143,0.0,0.0,0.0,0.0,0.0,0.0,0.0,0.0,0.0,1.0,0,0.0,0.02616152370990237
fulludp,0.0,airlight_proxy_q4,q4,150,0.0,0.0,0.0,0.0,0.0,0.0,0.0,0.0,0.0,1.0,0,0.0,0.02497113914571871
fulludp,0.0,depth_q4,q1,150,0.0,0.0,0.0,0.0,0.0,0.0,0.0,0.0,0.0,1.0,0,0.0,0.02497113914571871
fulludp,0.0,depth_q4,q2,150,0.0,0.0,0.0,0.0,0.0,0.0,0.0,0.0,0.0,1.0,0,0.0,0.02497113914571871
fulludp,0.0,depth_q4,q3,150,0.0,0.0,0.0,0.0,0.0,0.0,0.0,0.0,0.0,1.0,0,0.0,0.02497113914571871
fulludp,0.0,depth_q4,q4,150,0.0,0.0,0.0,0.0,0.0,0.0,0.0,0.0,0.0,1.0,0,0.0,0.02497113914571871
fulludp,0.0,dark_channel_q4,q1,150,0.0,0.0,0.0,0.0,0.0,0.0,0.0,0.0,0.0,1.0,0,0.0,0.02497113914571871
fulludp,0.0,dark_channel_q4,q2,150,0.0,0.0,0.0,0.0,0.0,0.0,0.0,0.0,0.0,1.0,0,0.0,0.02497113914571871
fulludp,0.0,dark_channel_q4,q3,150,0.0,0.0,0.0,0.0,0.0,0.0,0.0,0.0,0.0,1.0,0,0.0,0.02497113914571871
fulludp,0.0,dark_channel_q4,q4,150,0.0,0.0,0.0,0.0,0.0,0.0,0.0,0.0,0.0,1.0,0,0.0,0.02497113914571871
fulludp,0.0,low_texture_q4,q1,150,0.0,0.0,0.0,0.0,0.0,0.0,0.0,0.0,0.0,1.0,0,0.0,0.02497113914571871
fulludp,0.0,low_texture_q4,q2,150,0.0,0.0,0.0,0.0,0.0,0.0,0.0,0.0,0.0,1.0,0,0.0,0.02497113914571871
fulludp,0.0,low_texture_q4,q3,150,0.0,0.0,0.0,0.0,0.0,0.0,0.0,0.0,0.0,1.0,0,0.0,0.02497113914571871
fulludp,0.0,low_texture_q4,q4,150,0.0,0.0,0.0,0.0,0.0,0.0,0.0,0.0,0.0,1.0,0,0.0,0.02497113914571871
fulludp,0.0,edge_density_q4,q1,150,0.0,0.0,0.0,0.0,0.0,0.0,0.0,0.0,0.0,1.0,0,0.0,0.02497113914571871
fulludp,0.0,edge_density_q4,q2,150,0.0,0.0,0.0,0.0,0.0,0.0,0.0,0.0,0.0,1.0,0,0.0,0.02497113914571871
fulludp,0.0,edge_density_q4,q3,150,0.0,0.0,0.0,0.0,0.0,0.0,0.0,0.0,0.0,1.0,0,0.0,0.02497113914571871
fulludp,0.0,edge_density_q4,q4,150,0.0,0.0,0.0,0.0,0.0,0.0,0.0,0.0,0.0,1.0,0,0.0,0.02497113914571871
fulludp,0.0,sky_highlight_proxy_q4,q1,150,0.0,0.0,0.0,0.0,0.0,0.0,0.0,0.0,0.0,1.0,0,0.0,0.02497113914571871
fulludp,0.0,sky_highlight_proxy_q4,q2,150,0.0,0.0,0.0,0.0,0.0,0.0,0.0,0.0,0.0,1.0,0,0.0,0.02497113914571871
fulludp,0.0,sky_highlight_proxy_q4,q3,150,0.0,0.0,0.0,0.0,0.0,0.0,0.0,0.0,0.0,1.0,0,0.0,0.02497113914571871
fulludp,0.0,sky_highlight_proxy_q4,q4,150,0.0,0.0,0.0,0.0,0.0,0.0,0.0,0.0,0.0,1.0,0,0.0,0.02497113914571871
fulludp,0.0,split,val_hard,300,0.0,0.0,0.0,0.0,0.0,0.0,0.0,0.0,0.0,1.0,0,0.0,0.012643429997735661
fulludp,0.0,split,val_regular,300,0.0,0.0,0.0,0.0,0.0,0.0,0.0,0.0,0.0,1.0,0,0.0,0.012643429997735661
fulludp,0.125,A0-PSNR_q4,q1,150,0.05829541524251302,0.024555693308512372,0.059626553509686445,0.01431772644455369,0.06627057049725507,-0.6035079956054688,6.314953168233236e-05,0.5733333333333334,0.49332380166580925,0.5733333333333334,22,88.0,0.21208595535802935
fulludp,0.125,A0-PSNR_q4,q2,150,0.0934716288248698,0.06386895497639974,0.10742754549593539,0.03962416777739654,0.08548210762642525,-0.5515022277832031,9.610732396443685e-05,0.68,0.6016545135045653,0.68,12,48.0,0.13462257494318683
fulludp,0.125,A0-PSNR_q4,q3,150,0.1437835693359375,0.10589852396647136,0.04416749284074113,-0.022521158166833827,0.15899988122888514,-0.6352310180664062,0.00011712272961934408,0.7466666666666667,0.6715044398939715,0.7466666666666667,19,76.0,0.18936780715468765
fulludp,0.125,A0-PSNR_q4,q4,150,0.26671600341796875,0.22550583140055339,0.23244868098078547,0.13906685081688133,0.357519716829867,-0.8958015441894531,0.00012303551038106282,0.88,0.8182903386460475,0.88,5,20.0,0.0756528425070956
fulludp,0.125,Expert-A0_diff_signed_q4,q1,150,0.08838114420572916,0.05556543413798015,0.09478785540606524,0.03845121280567066,0.1337683394148543,-0.4653167724609375,8.149981498718261e-05,0.66,0.5810413820559243,0.66,14,56.0,0.15056517784558682
fulludp,0.125,Expert-A0_diff_signed_q4,q2,150,0.11935560862223307,0.08490831311543783,0.029599318633208405,-0.04884014387388487,0.2534542599239865,-0.6035079956054688,8.035898208618164e-05,0.6666666666666666,0.5878960768592671,0.6666666666666666,14,56.0,0.15056517784558682
fulludp,0.125,Expert-A0_diff_signed_q4,q3,150,0.1880823008219401,0.14786195373535158,0.10131042068069046,0.0477984196430928,0.31962255529455236,-0.8958015441894531,0.00012203097343444824,0.7933333333333333,0.7216049669151186,0.7933333333333333,15,60.0,0.15843607448060176
fulludp,0.125,Expert-A0_diff_signed_q4,q4,150,0.16644756317138673,0.12877750714619954,0.06486103985760663,0.0021237115602235545,0.30714725803684545,-0.8302345275878906,0.00011552532513936361,0.76,0.6857071477257107,0.76,15,60.0,0.15843607448060176
fulludp,0.125,Expert-A0_diff_abs_q4,q1,150,0.21190931955973308,0.17276230430603026,0.04964008846798459,-0.01499557495117187,0.3693451752533784,-0.8958015441894531,9.369452794392904e-05,0.8466666666666667,0.7804188029480452,0.8466666666666667,9,36.0,0.11009092044290468
fulludp,0.125,Expert-A0_diff_abs_q4,q2,150,0.13007644653320313,0.09693990071614583,0.07571266792915962,0.030866999239534947,0.2677716435612859,-0.6352310180664062,7.598678270975748e-05,0.6733333333333333,0.5947670390048972,0.6733333333333333,18,72.0,0.1817096613539524
fulludp,0.125,Expert-A0_diff_abs_q4,q3,150,0.10445134480794271,0.07121672693888347,0.00925899196315456,-0.06499421145464923,0.24420124775654561,-0.6035079956054688,0.00011165380477905273,0.6933333333333334,0.61548006161501,0.6933333333333334,15,60.0,0.15843607448060176
fulludp,0.125,Expert-A0_diff_abs_q4,q4,150,0.11582950592041015,0.08409453137715658,0.07101125974912902,0.014183299605910844,0.17175653818491343,-0.3716087341308594,0.00011807998021443685,0.6666666666666666,0.5878960768592671,0.6666666666666666,16,64.0,0.16624750076432737
fulludp,0.125,expert_fulludp_disagreement_q4,q1,150,0.3184787750244141,0.28327766418457034,0.22678189664273649,0.16739834450386665,0.3611105841559333,-0.6507682800292969,0.00013451099395751952,0.9333333333333333,0.8816364734751868,0.9333333333333333,3,12.0,0.05714766586424166
fulludp,0.125,expert_fulludp_disagreement_q4,q2,150,0.17806580861409504,0.15064907964070637,0.1703054582750475,0.11561381365801837,0.11857037930875211,-0.31797027587890625,0.0001418908437093099,0.82,0.7507753195800668,0.82,7,28.0,0.09318757392357377
fulludp,0.125,expert_fulludp_disagreement_q4,q3,150,0.10851982116699219,0.07417783355712891,0.14688893911000844,0.06400299587765255,0.08248963227143159,-0.8302345275878906,0.00011880675951639811,0.6866666666666666,0.6085587615654109,0.6866666666666666,14,56.0,0.15056517784558682
fulludp,0.125,expert_fulludp_disagreement_q4,q4,150,-0.042797787984212236,-0.07521291732788085,0.03973605181719806,-0.002792716670680689,-0.05461955714870144,-0.8958015441894531,4.206498463948568e-06,0.44,0.36304360950970455,0.44,34,136.0,0.3000033880832556
fulludp,0.125,residual_cosine_q4,q1,150,-0.08534407297770183,-0.11066928799947102,-0.09376046464249894,-0.13941172780217354,-0.008095612397065034,-0.6352310180664062,-8.046905199686686e-05,0.2733333333333333,0.20834036087778668,0.2733333333333333,36,144.0,0.31429285227428927
fulludp,0.125,residual_cosine_q4,q2,150,0.04786023457845052,0.017146872838338222,0.021303950129328546,-0.030452784976443725,0.10905600882865288,-0.8958015441894531,7.869958877563476e-05,0.7066666666666667,0.6293750243784035,0.7066666666666667,16,64.0,0.16624750076432737
fulludp,0.125,residual_cosine_q4,q3,150,0.19893765767415364,0.17558826382954915,0.12158667074667441,0.07530109044667838,0.23791380186338681,-0.6507682800292969,0.0001530281702677409,0.92,0.8653774250568133,0.92,4,16.0,0.06655490610017561
fulludp,0.125,residual_cosine_q4,q4,150,0.4008127975463867,0.37196126238505045,0.3323713251062342,0.2672239664438608,0.4540714573215794,-0.2993812561035156,0.0002481563886006673,0.98,0.9428523341357584,0.98,2,8.0,0.047307856380276334
fulludp,0.125,haze_density_q4,q1,150,0.2670664723714193,0.22774373626708985,0.18930754790434967,0.11989411534489813,0.37029946816934123,-0.8958015441894531,0.00014918843905131022,0.8733333333333333,0.8106321928453123,0.8733333333333333,10,40.0,0.11836352652481318
fulludp,0.125,haze_density_q4,q2,150,0.14713865915934246,0.10991558329264323,0.11177573332915434,0.04233606957100534,0.22788290075353673,-0.5112190246582031,0.0001349616050720215,0.74,0.6644342013432283,0.74,15,60.0,0.15843607448060176
fulludp,0.125,haze_density_q4,q3,150,0.09953275044759115,0.07029690678914388,0.00734556043470228,-0.055223722715635554,0.14601011533994931,-0.6035079956054688,5.249857902526855e-05,0.7066666666666667,0.6293750243784035,0.7066666666666667,13,52.0,0.14262945312423528
fulludp,0.125,haze_density_q4,q4,150,0.0485287348429362,0.015596199035644534,0.08187294006347656,0.035437264313568945,0.06199357316300676,-0.6352310180664062,6.276647249857584e-05,0.56,0.48004707281221837,0.56,20,80.0,0.1969815064476629
fulludp,0.125,haze_density_p90_q4,q1,150,0.269572385152181,0.2231492265065511,0.21621791736499682,0.12786521653871277,0.33633309441643794,-0.8958015441894531,0.0001451551914215088,0.84,0.7729589426564779,0.84,7,28.0,0.09318757392357377
fulludp,0.125,haze_density_p90_q4,q2,163,0.1494422280715287,0.11732749763441963,0.06337962150573731,-0.009613645076751706,0.25222339630126955,-0.6035079956054688,0.00012681381834065255,0.7484662576687117,0.6766573768275054,0.7484662576687117,16,58.895705521472394,0.15349804682211876
fulludp,0.125,haze_density_p90_q4,q3,142,0.07584733022770411,0.045059797125802915,0.05510493687220982,0.0018327604021344869,0.14076331002371653,-0.5515022277832031,9.335262674680898e-05,0.676056338028169,0.5953250006318106,0.676056338028169,19,80.28169014084506,0.19953751457466187
fulludp,0.125,haze_density_p90_q4,q4,145,0.06051538401636584,0.026795243888065732,0.01790089077419705,-0.04376147323184543,0.05041281382242838,-0.6352310180664062,2.9050070663978312e-05,0.6068965517241379,0.5256188814709304,0.6068965517241379,16,66.20689655172414,0.17173290507644284
fulludp,0.125,transmission_q4,q1,150,0.0485287348429362,0.015596199035644534,0.08187294006347656,0.035437264313568945,0.06199357316300676,-0.6352310180664062,6.276647249857584e-05,0.56,0.48004707281221837,0.56,20,80.0,0.1969815064476629
fulludp,0.125,transmission_q4,q2,150,0.09953275044759115,0.07029690678914388,0.00734556043470228,-0.055223722715635554,0.14601011533994931,-0.6035079956054688,5.249857902526855e-05,0.7066666666666667,0.6293750243784035,0.7066666666666667,13,52.0,0.14262945312423528
fulludp,0.125,transmission_q4,q3,150,0.14713865915934246,0.10991558329264323,0.11177573332915434,0.04233606957100534,0.22788290075353673,-0.5112190246582031,0.0001349616050720215,0.74,0.6644342013432283,0.74,15,60.0,0.15843607448060176
fulludp,0.125,transmission_q4,q4,150,0.2670664723714193,0.22774373626708985,0.18930754790434967,0.11989411534489813,0.37029946816934123,-0.8958015441894531,0.00014918843905131022,0.8733333333333333,0.8106321928453123,0.8733333333333333,10,40.0,0.11836352652481318
fulludp,0.125,airlight_proxy_q4,q1,150,0.11673309326171875,0.08458317375183105,0.16502225721204603,0.093800129761567,0.16934348441459038,-0.4653167724609375,5.439440409342448e-05,0.6733333333333333,0.5947670390048972,0.6733333333333333,15,60.0,0.15843607448060176
fulludp,0.125,airlight_proxy_q4,q2,157,0.05182701159434713,0.02574096667538783,0.012721428504356971,-0.03400855186658028,0.12844966008112982,-0.6352310180664062,4.53807745769525e-05,0.6305732484076433,0.552798011217552,0.6305732484076433,20,76.43312101910828,0.18857775719927036
fulludp,0.125,airlight_proxy_q4,q3,143,0.1349451691954286,0.09549092646245357,-0.037337657383510046,-0.09308545521327427,0.27527596609933036,-0.8958015441894531,9.714348332865255e-05,0.6993006993006993,0.6197334043040457,0.6993006993006993,17,71.32867132867133,0.1821414644397818
fulludp,0.125,airlight_proxy_q4,q4,150,0.26264019012451173,0.2284121481577555,0.10921772106273754,0.03930624884528083,0.3673140036093222,-0.8302345275878906,0.00020491202672322592,0.88,0.8182903386460475,0.88,6,24.0,0.08451453912715763
fulludp,0.125,depth_q4,q1,150,0.11458349863688151,0.08132158533732096,0.007486034084010769,-0.040759305696229674,0.21053365758947423,-0.5266475677490234,5.669236183166504e-05,0.66,0.5810413820559243,0.66,14,56.0,0.15056517784558682
fulludp,0.125,depth_q4,q2,150,0.132668940226237,0.10060251808166504,0.007092243916279561,-0.05751278335983689,0.3007312465358425,-0.6035079956054688,0.00010431965192159017,0.7133333333333334,0.6363493407951355,0.7133333333333334,14,56.0,0.15056517784558682
fulludp,0.125,depth_q4,q3,150,0.14859610239664714,0.10400921567281088,0.09057230562777133,0.00808453688750396,0.33017328623178843,-0.8302345275878906,9.785572687784831e-05,0.7066666666666667,0.6293750243784035,0.7066666666666667,17,68.0,0.17400404256771052
fulludp,0.125,depth_q4,q4,150,0.16641807556152344,0.1278554573059082,0.13854691788956924,0.06496513469799145,0.26070187542889567,-0.8958015441894531,0.0001405473550160726,0.8,0.7288572445686362,0.8,13,52.0,0.14262945312423528
fulludp,0.125,dark_channel_q4,q1,150,0.22099177042643228,0.1756747023264567,0.15820590869800463,0.09080103539131783,0.36425956519874364,-0.8958015441894531,0.00013882835706075032,0.82,0.7507753195800668,0.82,9,36.0,0.11009092044290468
fulludp,0.125,dark_channel_q4,q2,150,0.16569358825683594,0.12665684572855632,0.11276337907120988,0.03490677910882074,0.29821911373653925,-0.6352310180664062,0.00010720252990722656,0.7533333333333333,0.6785952428848271,0.7533333333333333,16,64.0,0.16624750076432737
fulludp,0.125,dark_channel_q4,q3,150,0.10924742380777995,0.07636287752787273,0.010009817174963048,-0.03759374876280089,0.19763523823506124,-0.5515022277832031,7.261991500854492e-05,0.6933333333333334,0.61548006161501,0.6933333333333334,16,64.0,0.16624750076432737
fulludp,0.125,dark_channel_q4,q4,150,0.06633383433024088,0.035033348719278976,0.0818300504942198,0.01815884048874314,0.12350494797165329,-0.6035079956054688,8.07642936706543e-05,0.6133333333333333,0.5334964294452138,0.6133333333333333,17,68.0,0.17400404256771052
fulludp,0.125,low_texture_q4,q1,150,0.15992406209309895,0.12099310429890951,-0.01938113650760135,-0.07637634019593934,0.33379838273331924,-0.6035079956054688,5.8677991231282555e-05,0.76,0.6857071477257107,0.76,17,68.0,0.17400404256771052
fulludp,0.125,low_texture_q4,q2,150,0.14313868204752603,0.1093832410176595,0.05138799306508657,0.004126927659318254,0.2590585657068201,-0.8302345275878906,0.00010491212209065756,0.76,0.6857071477257107,0.76,11,44.0,0.12653698526598403
fulludp,0.125,low_texture_q4,q3,150,0.1365093994140625,0.10182660293579102,0.02763923438819679,-0.020649082596237593,0.2553445970689928,-0.6507682800292969,0.00012110273043314616,0.7133333333333334,0.6363493407951355,0.7133333333333334,12,48.0,0.13462257494318683
fulludp,0.125,low_texture_q4,q4,150,0.12269447326660156,0.08037803141276043,0.16732076696447423,0.08664239677223,0.17385565268026815,-0.8958015441894531,0.00011472225189208985,0.6466666666666666,0.5673798898960487,0.6466666666666666,18,72.0,0.1817096613539524
fulludp,0.125,edge_density_q4,q1,150,0.11828650156656902,0.07383678944905599,-0.007150959324192356,-0.08775992780118375,0.22506507667335304,-0.8958015441894531,5.964438120524088e-05,0.6533333333333333,0.5742027248462459,0.6533333333333333,22,88.0,0.21208595535802935
fulludp,0.125,edge_density_q4,q2,150,0.1753003438313802,0.13930014801025392,0.11289864617425042,0.04831939645715662,0.27217916540197423,-0.6507682800292969,0.0001515185832977295,0.7533333333333333,0.6785952428848271,0.7533333333333333,11,44.0,0.12653698526598403
fulludp,0.125,edge_density_q4,q3,150,0.15372997283935547,0.12588613255818684,0.12052572095716321,0.05625769898698137,0.3073466532939189,-0.34532928466796875,9.684960047403971e-05,0.7666666666666667,0.6928407309593593,0.7666666666666667,8,32.0,0.10170500474670958
fulludp,0.125,edge_density_q4,q4,150,0.11494979858398438,0.08217741330464681,0.05757244213207348,-0.005380365010854355,0.22485104122677366,-0.6352310180664062,9.140253067016602e-05,0.7066666666666667,0.6293750243784035,0.7066666666666667,17,68.0,0.17400404256771052
fulludp,0.125,sky_highlight_proxy_q4,q1,150,0.19070074717203775,0.15339728101094563,0.13696304527488914,0.05824787552292283,0.2981652955751161,-0.8958015441894531,0.00013803203900655112,0.74,0.6644342013432283,0.74,13,52.0,0.14262945312423528
fulludp,0.125,sky_highlight_proxy_q4,q2,150,0.21059014638264975,0.17535397148132323,0.16492374523265943,0.08593514674418681,0.30128829543654984,-0.8302345275878906,0.00013042012850443522,0.82,0.7507753195800668,0.82,13,52.0,0.14262945312423528
fulludp,0.125,sky_highlight_proxy_q4,q3,150,0.11442468007405598,0.08298390452067057,0.025777404372756545,-0.028419396683976455,0.21079893369932431,-0.5515022277832031,8.58155886332194e-05,0.7266666666666667,0.6503534444650609,0.7266666666666667,14,56.0,0.15056517784558682
fulludp,0.125,sky_highlight_proxy_q4,q4,150,0.04655104319254557,0.01630484390258789,0.019431810121278505,-0.027314897485681482,0.10901466575828758,-0.6035079956054688,4.514733950297038e-05,0.5933333333333334,0.5133451744046799,0.5933333333333334,18,72.0,0.1817096613539524
fulludp,0.125,split,val_hard,300,0.09355764389038086,0.06804233010609945,0.04629295349121094,0.0012568283081054702,0.15299235026041666,-0.6035079956054688,8.362392584482829e-05,0.6366666666666667,0.5808305794961457,0.6366666666666667,34,68.0,0.15420023806384622
fulludp,0.125,split,val_regular,300,0.18757566452026367,0.15794991111755372,0.08415702819824218,0.041417391459147135,0.3201703389485677,-0.8958015441894531,0.00011608362197875976,0.8033333333333333,0.7546402726922236,0.8033333333333333,24,48.0,0.11627401141355302
fulludp,0.25,A0-PSNR_q4,q1,150,0.10141343434651692,0.03176855723063152,0.10955124932366449,0.01837881191356763,0.10863577352987754,-1.2175064086914062,5.0681432088216143e-05,0.56,0.48004707281221837,0.56,33,132.0,0.2928245431539757
fulludp,0.25,A0-PSNR_q4,q2,150,0.1513617451985677,0.09007267888387045,0.18838552526525548,0.05354619928308436,0.1252089835502006,-1.1379776000976562,0.0001283860206604004,0.6466666666666666,0.5673798898960487,0.6466666666666666,28,112.0,0.25655860836755046
fulludp,0.25,A0-PSNR_q4,q3,150,0.2298627217610677,0.15470744959513347,0.043951601595491975,-0.0857037827775285,0.23991631172798775,-1.2863426208496094,0.00016097029050191243,0.6933333333333334,0.61548006161501,0.6933333333333334,32,128.0,0.28562201640838675
fulludp,0.25,A0-PSNR_q4,q4,150,0.4267451985677083,0.3446953951517741,0.3934223071948902,0.2081963719548406,0.5882702389278928,-1.9697303771972656,0.0001890405019124349,0.8133333333333334,0.7434413916324496,0.8133333333333334,12,48.0,0.13462257494318683
fulludp,0.25,Expert-A0_diff_signed_q4,q1,150,0.14377365112304688,0.07727438036600749,0.17927314139701225,0.06666819598223712,0.20721734536660685,-0.9390640258789062,8.750240008036295e-05,0.6066666666666667,0.5267647239233271,0.6066666666666667,29,116.0,0.2638642757457893
fulludp,0.25,Expert-A0_diff_signed_q4,q2,150,0.19777023315429687,0.1281727860768636,0.04615247571790541,-0.11631379256377349,0.440126573717272,-1.2175064086914062,8.931120236714682e-05,0.6466666666666666,0.5673798898960487,0.6466666666666666,29,116.0,0.2638642757457893
fulludp,0.25,Expert-A0_diff_signed_q4,q3,150,0.3030256271362305,0.2222156867980957,0.1731688525225665,0.06401158152399837,0.5157703708957981,-1.8305854797363281,0.00017680088678995767,0.7466666666666667,0.6715044398939715,0.7466666666666667,23,92.0,0.21958119705195484
fulludp,0.25,Expert-A0_diff_signed_q4,q4,150,0.26481358846028646,0.18803271039326985,0.11164268287452492,-0.016927824793635183,0.49314746341189825,-1.9697303771972656,0.00017546375592549643,0.7133333333333334,0.6363493407951355,0.7133333333333334,24,96.0,0.227041057343522
fulludp,0.25,Expert-A0_diff_abs_q4,q1,150,0.34130552927652996,0.2619623889923096,0.07312418963458087,-0.060311126708984364,0.6171902836980047,-1.9697303771972656,0.0001407917340596517,0.8066666666666666,0.7361357242542107,0.8066666666666666,14,56.0,0.15056517784558682
fulludp,0.25,Expert-A0_diff_abs_q4,q2,150,0.203423220316569,0.13663454182942708,0.13573533135491447,0.04470962833713842,0.41162470224741343,-1.2863426208496094,8.422652880350748e-05,0.62,0.5402429290748867,0.62,35,140.0,0.3071592690406407
fulludp,0.25,Expert-A0_diff_abs_q4,q3,150,0.1687252680460612,0.10376164627075195,0.007091367566907728,-0.141608782072325,0.419828260267103,-1.2175064086914062,0.00015334208806355793,0.6533333333333333,0.5742027248462459,0.6533333333333333,27,108.0,0.24922468041993318
fulludp,0.25,Expert-A0_diff_abs_q4,q4,150,0.1959290822347005,0.12973027229309084,0.128842070296004,0.014656340109335416,0.2713781820761191,-0.9115142822265625,0.00015071789423624674,0.6333333333333333,0.5537808929385404,0.6333333333333333,29,116.0,0.2638642757457893
fulludp,0.25,expert_fulludp_disagreement_q4,q1,150,0.5604994455973308,0.4905985145568848,0.4318450721534523,0.30849984658730994,0.5967787665289801,-1.3371009826660156,0.00021981318791707358,0.8933333333333333,0.8337524992356726,0.8933333333333333,6,24.0,0.08451453912715763
fulludp,0.25,expert_fulludp_disagreement_q4,q2,150,0.3050531641642253,0.24725055249532066,0.33107340013658676,0.21971918312278954,0.12154574007601351,-0.7571754455566406,0.00022571126619974773,0.7666666666666667,0.6928407309593593,0.7666666666666667,16,64.0,0.16624750076432737
fulludp,0.25,expert_fulludp_disagreement_q4,q3,150,0.17164212544759114,0.09927315775553384,0.285027890592008,0.11278526203052418,0.0742388544855891,-1.9697303771972656,0.00016968727111816407,0.6533333333333333,0.5742027248462459,0.6533333333333333,26,104.0,0.24186132105713584
fulludp,0.25,expert_fulludp_disagreement_q4,q4,150,-0.12781163533528647,-0.1931604194641113,0.06357363108042124,-0.020977125941096127,-0.19326132697028084,-1.8305854797363281,-8.613348007202148e-05,0.4,0.32504190767977553,0.4,57,228.0,0.4597570709251133
fulludp,0.25,residual_cosine_q4,q1,150,-0.2092724863688151,-0.25979494603474934,-0.20015634072793498,-0.28950135772292673,-0.0878806243071685,-1.2863426208496094,-0.00023069222768147787,0.24,0.17869214008148446,0.24,69,276.0,0.5397632325453572
fulludp,0.25,residual_cosine_q4,q2,150,0.033006566365559896,-0.03495343335469564,0.015825735556112754,-0.09049944748749601,0.10141681980442356,-1.9697303771972656,8.298595746358236e-05,0.64,0.5605726755123628,0.64,28,112.0,0.25655860836755046
fulludp,0.25,residual_cosine_q4,q3,150,0.3426899973551432,0.29553619257609054,0.22545891839104729,0.13469332875432194,0.37996477694124786,-1.3371009826660156,0.0002457877000172933,0.88,0.8182903386460475,0.88,4,16.0,0.06655490610017561
fulludp,0.25,residual_cosine_q4,q4,150,0.7429590225219727,0.6812063185373942,0.6631081555340741,0.5300048828125,0.7767914436958931,-0.6494255065917969,0.00043099681536356606,0.9533333333333334,0.9068124260764262,0.9533333333333334,4,16.0,0.06655490610017561
fulludp,0.25,haze_density_q4,q1,150,0.44648090362548826,0.37119715499877926,0.33109020542454076,0.19249027355297194,0.6139649056099556,-1.9697303771972656,0.00023308753967285156,0.8066666666666666,0.7361357242542107,0.8066666666666666,15,60.0,0.15843607448060176
fulludp,0.25,haze_density_q4,q2,150,0.24012957255045572,0.1620624612172445,0.20696289474899704,0.06552635399070947,0.35714546409813136,-1.2504043579101562,0.0002042527993520101,0.7,0.6224187104297283,0.7,25,100.0,0.23446724890952125
fulludp,0.25,haze_density_q4,q3,150,0.16280160268147786,0.10379795646667482,0.004217044727222339,-0.12232111080272778,0.21690409892314189,-1.2175064086914062,3.9328336715698245e-05,0.6666666666666666,0.5878960768592671,0.6666666666666666,28,112.0,0.25655860836755046
fulludp,0.25,haze_density_q4,q4,150,0.0599710210164388,-0.006491477330525714,0.15105860942118876,0.05912784112466348,0.048020543278874575,-1.2863426208496094,5.240956942240397e-05,0.54,0.46023676745464287,0.54,37,148.0,0.3214047571151728
fulludp,0.25,haze_density_p90_q4,q1,150,0.45005144755045573,0.3581184844970703,0.4001003987080342,0.21801362939783045,0.5403708380621832,-1.9697303771972656,0.0002266701062520345,0.7866666666666666,0.7143779835916132,0.7866666666666666,15,60.0,0.15843607448060176
fulludp,0.25,haze_density_p90_q4,q2,163,0.2438848647603228,0.18401082278760666,0.10448775291442872,-0.04942007303237914,0.4123845100402832,-1.2175064086914062,0.00018004478852441707,0.7055214723926381,0.631462640149289,0.7055214723926381,31,114.11042944785277,0.25729377085855426
fulludp,0.25,haze_density_p90_q4,q3,142,0.11244874604990784,0.048789735579154864,0.0960014888218471,-0.011303021567208426,0.21651535034179686,-1.1379776000976562,0.00012285818516368597,0.6267605633802817,0.5448523475637013,0.6267605633802817,29,122.53521126760563,0.27790679299843807
fulludp,0.25,haze_density_p90_q4,q4,145,0.09088822726545663,0.02381837844848633,0.02300066418117947,-0.0979639689127604,0.04338423411051432,-1.2863426208496094,-9.875461972992996e-06,0.5862068965517241,0.5048261175061806,0.5862068965517241,30,124.13793103448276,0.2799779563941267
fulludp,0.25,transmission_q4,q1,150,0.0599710210164388,-0.006491477330525714,0.15105860942118876,0.05912784112466348,0.048020543278874575,-1.2863426208496094,5.240956942240397e-05,0.54,0.46023676745464287,0.54,37,148.0,0.3214047571151728
fulludp,0.25,transmission_q4,q2,150,0.16280160268147786,0.10379795646667482,0.004217044727222339,-0.12232111080272778,0.21690409892314189,-1.2175064086914062,3.9328336715698245e-05,0.6666666666666666,0.5878960768592671,0.6666666666666666,28,112.0,0.25655860836755046
fulludp,0.25,transmission_q4,q3,150,0.24012957255045572,0.1620624612172445,0.20696289474899704,0.06552635399070947,0.35714546409813136,-1.2504043579101562,0.0002042527993520101,0.7,0.6224187104297283,0.7,25,100.0,0.23446724890952125
fulludp,0.25,transmission_q4,q4,150,0.44648090362548826,0.37119715499877926,0.33109020542454076,0.19249027355297194,0.6139649056099556,-1.9697303771972656,0.00023308753967285156,0.8066666666666666,0.7361357242542107,0.8066666666666666,15,60.0,0.15843607448060176
fulludp,0.25,airlight_proxy_q4,q1,150,0.2002501932779948,0.13408706347147625,0.32406915200723185,0.17810077924986145,0.266677340945682,-0.9390640258789062,6.47580623626709e-05,0.6466666666666666,0.5673798898960487,0.6466666666666666,28,112.0,0.25655860836755046
fulludp,0.25,airlight_proxy_q4,q2,157,0.05974669972802423,0.007367954132663218,0.013577534602238582,-0.08061345907358022,0.17202592507386819,-1.2863426208496094,1.6812306300849672e-05,0.6050955414012739,0.5269971194558805,0.6050955414012739,36,137.5796178343949,0.30105405080315917
fulludp,0.25,airlight_proxy_q4,q3,143,0.21380958023604812,0.13723130659623578,-0.09106200081961495,-0.20101663316999163,0.45435289655412947,-1.8305854797363281,0.00011806971543318742,0.6293706293706294,0.5477941733888138,0.6293706293706294,29,121.67832167832167,0.27607058383046723
fulludp,0.25,airlight_proxy_q4,q4,150,0.44276622772216795,0.37292561976114913,0.19244657980429158,0.04898402497575091,0.604756329510663,-1.9697303771972656,0.00033416350682576496,0.8333333333333334,0.7655327510904788,0.8333333333333334,12,48.0,0.13462257494318683
fulludp,0.25,depth_q4,q1,150,0.1823886998494466,0.11634013303120931,-0.0005793700347075592,-0.09480720983969197,0.32236068313186234,-1.2504043579101562,4.619121551513672e-05,0.62,0.5402429290748867,0.62,29,116.0,0.2638642757457893
fulludp,0.25,depth_q4,q2,150,0.21826459248860677,0.152990078608195,0.0011001793113914696,-0.12945056348233608,0.5141499493573163,-1.2175064086914062,0.00015225370724995932,0.66,0.5810413820559243,0.66,27,108.0,0.24922468041993318
fulludp,0.25,depth_q4,q3,150,0.24685721079508463,0.1577390022277832,0.16771538193161423,0.0009395908665012694,0.5529386159536,-1.9697303771972656,0.0001279906431833903,0.6933333333333334,0.61548006161501,0.6933333333333334,30,120.0,0.27114275543136385
fulludp,0.25,depth_q4,q4,150,0.26187259674072266,0.1854819081624349,0.2566031894168338,0.09798798947720914,0.38127393980283997,-1.8305854797363281,0.00020264267921447755,0.74,0.6644342013432283,0.74,19,76.0,0.18936780715468765
fulludp,0.25,dark_channel_q4,q1,150,0.3685027313232422,0.276471627553304,0.30409075762774496,0.1630226960053315,0.5950474094700169,-1.9697303771972656,0.0002190856138865153,0.7666666666666667,0.6928407309593593,0.7666666666666667,18,72.0,0.1817096613539524
fulludp,0.25,dark_channel_q4,q2,150,0.2812250010172526,0.20275592104593912,0.20988948925121412,0.05106324891786318,0.5019798278808594,-1.2863426208496094,0.000155489444732666,0.7133333333333334,0.6363493407951355,0.7133333333333334,27,108.0,0.24922468041993318
fulludp,0.25,dark_channel_q4,q3,150,0.1694993464152018,0.10185564359029134,0.006642779788455447,-0.09100791312552786,0.2966652947503167,-1.1379776000976562,7.67044226328532e-05,0.6533333333333333,0.5742027248462459,0.6533333333333333,26,104.0,0.24186132105713584
fulludp,0.25,dark_channel_q4,q4,150,0.09015602111816406,0.029427204132080078,0.15061244449099978,0.025355707632528767,0.16396249307168498,-1.2175064086914062,7.779876391092936e-05,0.58,0.499983335113527,0.58,34,136.0,0.3000033880832556
fulludp,0.25,low_texture_q4,q1,150,0.2566426722208659,0.17885544204711917,-0.0584641018429318,-0.1751754399892446,0.5495727126662796,-1.2175064086914062,4.7977765401204424e-05,0.7,0.6224187104297283,0.7,26,104.0,0.24186132105713584
fulludp,0.25,low_texture_q4,q2,150,0.23271297454833983,0.16478781890869143,0.08996659356194574,-0.0026054124574403496,0.40727934966216217,-1.9697303771972656,0.000144807497660319,0.72,0.6433420194970179,0.72,20,80.0,0.1969815064476629
fulludp,0.25,low_texture_q4,q3,150,0.22499895731608072,0.15472417640686037,0.03481808224239865,-0.06438783954929661,0.4231765334670608,-1.3371009826660156,0.00017430424690246583,0.66,0.5810413820559243,0.66,23,92.0,0.21958119705195484
fulludp,0.25,low_texture_q4,q4,150,0.19502849578857423,0.10766192054748536,0.3303438650595175,0.16308212022523622,0.23769502382020694,-1.8305854797363281,0.0001619887351989746,0.6333333333333333,0.5537808929385404,0.6333333333333333,36,144.0,0.31429285227428927
fulludp,0.25,edge_density_q4,q1,150,0.17003100077311198,0.08262606684366863,-0.027588715424408782,-0.19224005776482658,0.31606766984269424,-1.9697303771972656,3.123203913370768e-05,0.5866666666666667,0.5066570942317349,0.5866666666666667,40,160.0,0.34261597429060303
fulludp,0.25,edge_density_q4,q2,150,0.29470175425211587,0.22300179290771485,0.2130255312532992,0.08197863553021406,0.4307702554238809,-1.3371009826660156,0.0002250051498413086,0.72,0.6433420194970179,0.72,19,76.0,0.18936780715468765
fulludp,0.25,edge_density_q4,q3,150,0.2602940877278646,0.20584760602315266,0.22781413310282939,0.09785200582968223,0.5200230366474873,-0.7370185852050781,0.00013820528984069823,0.72,0.6433420194970179,0.72,18,72.0,0.1817096613539524
fulludp,0.25,edge_density_q4,q4,150,0.18435625712076822,0.11676437759399415,0.10081945883261191,-0.029680566529969903,0.36113965833509293,-1.2863426208496094,0.00013463576634724936,0.6866666666666666,0.6085587615654109,0.6866666666666666,28,112.0,0.25655860836755046
fulludp,0.25,sky_highlight_proxy_q4,q1,150,0.3273777389526367,0.25425761604309083,0.2666393486229149,0.10806427001953127,0.4789234883076436,-1.8305854797363281,0.00021964669227600097,0.7,0.6224187104297283,0.7,26,104.0,0.24186132105713584
fulludp,0.25,sky_highlight_proxy_q4,q2,150,0.3531178029378255,0.2797935161590576,0.3005060762972445,0.13831448683867584,0.4753111761969489,-1.9697303771972656,0.00019295732180277508,0.7866666666666666,0.7143779835916132,0.7866666666666666,18,72.0,0.1817096613539524
fulludp,0.25,sky_highlight_proxy_q4,q3,150,0.17463640848795572,0.11307730038960775,0.03497366003088049,-0.07345192625715925,0.3252715033453864,-1.1379776000976562,9.77929433186849e-05,0.6733333333333333,0.5947670390048972,0.6733333333333333,27,108.0,0.24922468041993318
fulludp,0.25,sky_highlight_proxy_q4,q4,150,0.054251149495442706,-0.0065172615051269514,0.02648265941722973,-0.06620749653996648,0.13930160934860641,-1.2175064086914062,1.868128776550293e-05,0.5533333333333333,0.47342972849954784,0.5533333333333333,34,136.0,0.3000033880832556
fulludp,0.25,split,val_hard,300,0.155977414449056,0.10431734244028727,0.07970326741536458,-0.010475100199381495,0.2550953165690104,-1.2175064086914062,0.00010008474191029867,0.6166666666666667,0.5605020926949223,0.6166666666666667,63,126.0,0.25961209451503364
fulludp,0.25,split,val_regular,300,0.29871413548787434,0.2402249552408854,0.13907941182454428,0.0520405019124349,0.5198116556803385,-1.9697303771972656,0.00016445438067118326,0.74,0.6875509670609357,0.74,42,84.00000000000001,0.1838324997473059
fulludp,0.375,A0-PSNR_q4,q1,150,0.12962669372558594,0.02376164627075196,0.1496932570998733,0.012715311308164863,0.12956279032939189,-1.8284225463867188,-3.480950991312663e-05,0.54,0.46023676745464287,0.54,43,172.0,0.36365065920486445
fulludp,0.375,A0-PSNR_q4,q2,150,0.17197039286295573,0.0782492650349935,0.2409318460000528,0.03753170322727513,0.11791724127692145,-1.7390899658203125,9.757002194722494e-05,0.5866666666666667,0.5066570942317349,0.5866666666666667,39,156.0,0.33556579865677183
fulludp,0.375,A0-PSNR_q4,q3,150,0.25389195760091143,0.1443659833272298,-0.0009493441195101352,-0.19539541296056798,0.23685022302576014,-1.9358749389648438,0.00013358553250630696,0.64,0.5605726755123628,0.64,39,156.0,0.33556579865677183
fulludp,0.375,A0-PSNR_q4,q4,150,0.4698514302571615,0.3434398307800293,0.4733887749749261,0.1966117858886719,0.6741779430492504,-3.2007598876953125,0.00020006020863850912,0.74,0.6644342013432283,0.74,29,116.0,0.2638642757457893
fulludp,0.375,Expert-A0_diff_signed_q4,q1,150,0.1646066157023112,0.061359259287516274,0.25159645080566406,0.08321309476285367,0.21546997895111908,-1.6213302612304688,2.0017623901367186e-05,0.5733333333333334,0.49332380166580925,0.5733333333333334,41,164.0,0.3496465555349391
fulludp,0.375,Expert-A0_diff_signed_q4,q2,150,0.23193074544270834,0.13039478302001956,0.04983819497598184,-0.20042305765925225,0.5512172595874684,-1.8284225463867188,2.8413136800130208e-05,0.6,0.5200476798506318,0.6,41,164.0,0.3496465555349391
fulludp,0.375,Expert-A0_diff_signed_q4,q3,150,0.3383728790283203,0.22276526260375976,0.21436825314083616,0.05023230990848026,0.5759019593934755,-2.754344940185547,0.00016636093457539876,0.68,0.6016545135045653,0.68,33,132.0,0.2928245431539757
fulludp,0.375,Expert-A0_diff_signed_q4,q4,150,0.29043023427327475,0.17198596127827964,0.14067453951449008,-0.05596166301417995,0.5427765717377534,-3.2007598876953125,0.00018161455790201823,0.6533333333333333,0.5742027248462459,0.6533333333333333,35,140.0,0.3071592690406407
fulludp,0.375,Expert-A0_diff_abs_q4,q1,150,0.38054620107014975,0.25936614990234375,0.07077392371925148,-0.12807061478898332,0.7234173336544553,-3.2007598876953125,0.00014263709386189778,0.74,0.6644342013432283,0.74,25,100.0,0.23446724890952125
fulludp,0.375,Expert-A0_diff_abs_q4,q2,150,0.21687472025553386,0.11600822321573895,0.1799361770217483,0.04025724771860485,0.42297785990947,-2.111682891845703,2.8203725814819336e-05,0.58,0.499983335113527,0.58,48,192.0,0.39834548649543466
fulludp,0.375,Expert-A0_diff_abs_q4,q3,150,0.18979974110921224,0.09236887995402018,-0.005845301860087627,-0.22715248417209932,0.5155832445299303,-1.8284225463867188,0.00012521266937255858,0.62,0.5402429290748867,0.62,35,140.0,0.3071592690406407
fulludp,0.375,Expert-A0_diff_abs_q4,q4,150,0.23811981201171875,0.1359983819325765,0.17173839259792018,-0.00018795632027290626,0.292820389206345,-1.6213302612304688,0.00010035276412963868,0.5666666666666667,0.4866784070665957,0.5666666666666667,42,168.00000000000003,0.35665798050298214
fulludp,0.375,expert_fulludp_disagreement_q4,q1,150,0.7099660746256511,0.6064669672648112,0.6103553771972656,0.423888804461505,0.6886728647592906,-2.0320816040039062,0.0002565944194793701,0.8533333333333334,0.7879140446419708,0.8533333333333334,15,60.0,0.15843607448060176
fulludp,0.375,expert_fulludp_disagreement_q4,q2,150,0.377221934000651,0.2896046867370605,0.48076567778716217,0.31103345510121944,0.011394500732421875,-1.2824363708496094,0.00025372982025146485,0.72,0.6433420194970179,0.72,25,100.0,0.23446724890952125
fulludp,0.375,expert_fulludp_disagreement_q4,q3,150,0.18929725646972656,0.07677268918355305,0.41267642459353887,0.1535733222961426,-0.01771401070259713,-3.2007598876953125,0.00015396595001220702,0.5933333333333334,0.5133451744046799,0.5933333333333334,36,144.0,0.31429285227428927
fulludp,0.375,expert_fulludp_disagreement_q4,q4,150,-0.2511447906494141,-0.3534194374084472,0.07125220427641997,-0.05324995968792889,-0.40767659367741765,-2.754344940185547,-0.0002678839365641276,0.34,0.2690321465825542,0.34,74,296.0,0.5725042547583903
fulludp,0.375,residual_cosine_q4,q1,150,-0.3677788162231445,-0.44129220008850095,-0.31811569832466746,-0.44874133805970884,-0.23345658585831924,-2.111682891845703,-0.0004481800397237142,0.19333333333333333,0.13811802293025152,0.19333333333333333,92,368.0,0.6875101123484232
fulludp,0.375,residual_cosine_q4,q2,150,-0.04143338521321615,-0.1447113342285156,-0.014229027000633446,-0.18244184030068886,-0.015970487852354307,-3.2007598876953125,1.5281041463216146e-05,0.56,0.48004707281221837,0.56,37,148.0,0.3214047571151728
fulludp,0.375,residual_cosine_q4,q3,150,0.42503573099772135,0.3588282248179118,0.3100693161423142,0.17453135155342722,0.41610171343829183,-2.0320816040039062,0.00027968962987263995,0.82,0.7507753195800668,0.82,13,52.0,0.14262945312423528
fulludp,0.375,residual_cosine_q4,q4,150,1.009516944885254,0.9133539187113444,0.9884008974642366,0.7866567869444151,0.9393093006030934,-1.0373077392578125,0.0005496156215667725,0.9333333333333333,0.8816364734751868,0.9333333333333333,8,32.0,0.10170500474670958
fulludp,0.375,haze_density_q4,q1,150,0.5267590204874675,0.41941029230753585,0.42053351531157623,0.21083166277086415,0.71198355185019,-3.2007598876953125,0.00025336941083272296,0.7666666666666667,0.6928407309593593,0.7666666666666667,28,112.0,0.25655860836755046
fulludp,0.375,haze_density_q4,q2,150,0.2762033716837565,0.154844757715861,0.28563489140690984,0.06918860512810784,0.3834627512338999,-2.111682891845703,0.0002093664805094401,0.6266666666666667,0.5470043657114055,0.6266666666666667,37,148.0,0.3214047571151728
fulludp,0.375,haze_density_q4,q3,150,0.1877505366007487,0.09704593594868978,-0.008963765324773016,-0.197409421044427,0.2092938809781461,-1.8284225463867188,-3.742774327596028e-05,0.6066666666666667,0.5267647239233271,0.6066666666666667,36,144.0,0.31429285227428927
fulludp,0.375,haze_density_q4,q4,150,0.03462754567464193,-0.06759440549214682,0.2053169044288429,0.06913457818933437,-0.04054033434068834,-1.9358749389648438,-2.890189488728841e-05,0.5066666666666667,0.4274957452416098,0.5066666666666667,49,196.0,0.40523296099510275
fulludp,0.375,haze_density_p90_q4,q1,150,0.5309211095174153,0.3847322889963786,0.5486108419057485,0.25762397663013353,0.5969384683145059,-3.2007598876953125,0.00024653275807698567,0.7133333333333334,0.6363493407951355,0.7133333333333334,32,128.0,0.28562201640838675
fulludp,0.375,haze_density_p90_q4,q2,163,0.27917598654156084,0.19220618031507622,0.12499232292175293,-0.11203813076019287,0.4729985237121582,-1.8284225463867188,0.00016215205923911252,0.6687116564417178,0.5933003489113351,0.6687116564417178,39,143.55828220858896,0.31028316962377206
fulludp,0.375,haze_density_p90_q4,q3,142,0.10972258070824852,0.013225885847924461,0.12219734191894531,-0.03732762200491768,0.22653143746512278,-1.7390899658203125,8.89737841109155e-05,0.5492957746478874,0.4672327915920091,0.5492957746478874,37,156.33802816901408,0.3383887700072605
fulludp,0.375,haze_density_p90_q4,q4,145,0.09018353429333917,-0.00859183278577081,0.014037609100341797,-0.16197592947218148,-0.0199485354953342,-1.9358749389648438,-0.00011437268092714507,0.5655172413793104,0.4841734516942064,0.5655172413793104,42,173.79310344827587,0.3681595393386668
fulludp,0.375,transmission_q4,q1,150,0.03462754567464193,-0.06759440549214682,0.2053169044288429,0.06913457818933437,-0.04054033434068834,-1.9358749389648438,-2.890189488728841e-05,0.5066666666666667,0.4274957452416098,0.5066666666666667,49,196.0,0.40523296099510275
fulludp,0.375,transmission_q4,q2,150,0.1877505366007487,0.09704593594868978,-0.008963765324773016,-0.197409421044427,0.2092938809781461,-1.8284225463867188,-3.742774327596028e-05,0.6066666666666667,0.5267647239233271,0.6066666666666667,36,144.0,0.31429285227428927
fulludp,0.375,transmission_q4,q3,150,0.2762033716837565,0.154844757715861,0.28563489140690984,0.06918860512810784,0.3834627512338999,-2.111682891845703,0.0002093664805094401,0.6266666666666667,0.5470043657114055,0.6266666666666667,37,148.0,0.3214047571151728
fulludp,0.375,transmission_q4,q4,150,0.5267590204874675,0.41941029230753585,0.42053351531157623,0.21083166277086415,0.71198355185019,-3.2007598876953125,0.00025336941083272296,0.7666666666666667,0.6928407309593593,0.7666666666666667,28,112.0,0.25655860836755046
fulludp,0.375,airlight_proxy_q4,q1,150,0.2492288335164388,0.14696857134501137,0.47544329875224345,0.252734222927609,0.288541639173353,-1.4140968322753906,3.1243562698364255e-05,0.5933333333333334,0.5133451744046799,0.5933333333333334,40,160.0,0.34261597429060303
fulludp,0.375,airlight_proxy_q4,q2,157,0.024732079475548615,-0.05392899239898487,0.002546995114057492,-0.13921507077339368,0.13056574112329727,-2.111682891845703,-8.302547369792962e-05,0.535031847133758,0.45710764742329546,0.535031847133758,43,164.3312101910828,0.34841700941032266
fulludp,0.375,airlight_proxy_q4,q3,143,0.23179351699935807,0.1173041103603123,-0.16017445155552457,-0.3220078686305455,0.5283536638532366,-2.754344940185547,6.634372097628933e-05,0.5944055944055944,0.512479407000864,0.5944055944055944,42,176.2237762237762,0.3729690058111708
fulludp,0.375,airlight_proxy_q4,q4,150,0.5292489115397135,0.41791014035542806,0.24818379170185811,0.0280968202126993,0.692392194593275,-3.2007598876953125,0.00038881500562032065,0.7866666666666666,0.7143779835916132,0.7866666666666666,25,100.0,0.23446724890952125
fulludp,0.375,depth_q4,q1,150,0.20058289845784505,0.10404958788553875,-0.02410594837085621,-0.1610731717702505,0.3305314553750528,-2.111682891845703,-2.871870994567871e-05,0.58,0.499983335113527,0.58,41,164.0,0.3496465555349391
fulludp,0.375,depth_q4,q2,150,0.25226309458414714,0.1563043359120687,-0.017489201313740498,-0.21346896145794841,0.6271502520586993,-1.8284225463867188,0.00014471014340718588,0.62,0.5402429290748867,0.62,35,140.0,0.3071592690406407
fulludp,0.375,depth_q4,q3,150,0.2892109807332357,0.16109876823425295,0.23082593969396642,-0.020772258655444995,0.6474775365881018,-3.2007598876953125,9.193619092305502e-05,0.6466666666666666,0.5673798898960487,0.6466666666666666,38,152.0,0.32849556010602865
fulludp,0.375,depth_q4,q4,150,0.28328350067138675,0.17106318600972495,0.35509052792110957,0.10478874928242451,0.35615683890677785,-2.754344940185547,0.0001884786287943522,0.66,0.5810413820559243,0.66,36,144.0,0.31429285227428927
fulludp,0.375,dark_channel_q4,q1,150,0.4352195103963216,0.2949083627065023,0.43727158211372996,0.21927627099526895,0.6755906182366449,-3.2007598876953125,0.00024214824040730794,0.7066666666666667,0.6293750243784035,0.7066666666666667,32,128.0,0.28562201640838675
fulludp,0.375,dark_channel_q4,q2,150,0.3412695948282878,0.22512070337931317,0.2899951934814453,0.04754004349579682,0.5990186124234587,-2.111682891845703,0.0001456904411315918,0.68,0.6016545135045653,0.68,35,140.0,0.3071592690406407
fulludp,0.375,dark_channel_q4,q3,150,0.17846234639485678,0.07463262176513673,-0.009653658480257602,-0.16054174320117848,0.29229179588524073,-1.7390899658203125,1.5068451563517253e-05,0.5733333333333334,0.49332380166580925,0.5733333333333334,36,144.0,0.31429285227428927
fulludp,0.375,dark_channel_q4,q4,150,0.07038902282714844,-0.013944858551025386,0.2038783511599979,0.02108046815202043,0.11794775885504645,-1.8284225463867188,-6.500879923502604e-06,0.5466666666666666,0.46682631163294025,0.5466666666666666,47,188.0,0.39144123843458906
fulludp,0.375,low_texture_q4,q1,150,0.2839862187703451,0.1645906505584717,-0.11600685119628906,-0.2952233804238809,0.6331538638553104,-1.8284225463867188,-2.9548009236653647e-05,0.66,0.5810413820559243,0.66,40,160.0,0.34261597429060303
fulludp,0.375,low_texture_q4,q2,150,0.26484443664550783,0.16153178723653155,0.11536551810599663,-0.0193243104058343,0.43485868299329605,-3.2007598876953125,0.00012109796206156413,0.6466666666666666,0.5673798898960487,0.6466666666666666,29,116.0,0.2638642757457893
fulludp,0.375,low_texture_q4,q3,150,0.26088197072347,0.16122596613566081,0.02184754448968011,-0.12609288241412187,0.4915421975625528,-2.0320816040039062,0.00016138037045796712,0.6133333333333333,0.5334964294452138,0.6133333333333333,34,136.0,0.3000033880832556
fulludp,0.375,low_texture_q4,q4,150,0.21562784830729168,0.07922555605570475,0.4871559143066406,0.22989758156441356,0.18840604215054899,-2.754344940185547,0.00014347592989603678,0.5866666666666667,0.5066570942317349,0.5866666666666667,47,188.0,0.39144123843458906
fulludp,0.375,edge_density_q4,q1,150,0.15267595926920574,0.019232619603474936,-0.06063935563370988,-0.31161341538300386,0.271706452240815,-3.2007598876953125,-8.22758674621582e-05,0.54,0.46023676745464287,0.54,55,219.99999999999997,0.4462191070614596
fulludp,0.375,edge_density_q4,q2,150,0.3529779688517253,0.2489752089182536,0.29888776830724767,0.09349386627609665,0.463648306356894,-2.0320816040039062,0.00022260387738545735,0.66,0.5810413820559243,0.66,30,120.0,0.27114275543136385
fulludp,0.375,edge_density_q4,q3,150,0.31472049713134764,0.23284121640523275,0.31996520789893895,0.12383836797765783,0.6219390662940772,-1.1613502502441406,0.00012594262758890788,0.6733333333333333,0.5947670390048972,0.6733333333333333,28,112.0,0.25655860836755046
fulludp,0.375,edge_density_q4,q4,150,0.20496604919433595,0.10192117691040038,0.1300612784720756,-0.07184798781936232,0.3984010026261613,-1.9358749389648438,0.00013013561566670737,0.6333333333333333,0.5537808929385404,0.6333333333333333,37,148.0,0.3214047571151728
fulludp,0.375,sky_highlight_proxy_q4,q1,150,0.4031992212931315,0.2936078383127848,0.38874749879579285,0.1500025543006691,0.5296897888183594,-2.754344940185547,0.00024581074714660647,0.6733333333333333,0.5947670390048972,0.6733333333333333,37,148.0,0.3214047571151728
fulludp,0.375,sky_highlight_proxy_q4,q2,150,0.42187361399332685,0.30977018038431803,0.4049294445965741,0.15858894038844754,0.5094737491092166,-3.2007598876953125,0.00018868525822957356,0.72,0.6433420194970179,0.72,28,112.0,0.25655860836755046
fulludp,0.375,sky_highlight_proxy_q4,q3,150,0.1776475397745768,0.08717799949645996,0.02752082412307327,-0.13210377306551546,0.3363804172825169,-1.7390899658203125,3.864208857218424e-05,0.6066666666666667,0.5267647239233271,0.6066666666666667,38,152.0,0.32849556010602865
fulludp,0.375,sky_highlight_proxy_q4,q4,150,0.022620099385579427,-0.0696889788309733,0.021189663861248945,-0.11881008921442805,0.08857056901261613,-1.8284225463867188,-7.673184076944986e-05,0.5066666666666667,0.4274957452416098,0.5066666666666667,47,188.0,0.39144123843458906
fulludp,0.375,split,val_hard,300,0.18555791854858397,0.10913996251424155,0.09971778869628906,-0.038081447601318354,0.3020250956217448,-1.8284225463867188,5.069315433502197e-05,0.59,0.5335471696907381,0.59,83,166.0,0.32987096334735366
fulludp,0.375,split,val_regular,300,0.3271123186747233,0.23870888773600263,0.1643858591715495,0.03491248957316081,0.5849674479166667,-3.2007598876953125,0.00014750997225443523,0.6633333333333333,0.6080909561297257,0.6633333333333333,67,134.0,0.2737920696563328
fulludp,0.5,A0-PSNR_q4,q1,150,0.14271812438964843,0.001500855127970379,0.17994282696698163,-0.0022976385580526755,0.13006540246911952,-2.427490234375,-0.00019161343574523924,0.52,0.44055093659797023,0.52,57,228.0,0.4597570709251133
fulludp,0.5,A0-PSNR_q4,q2,150,0.15413106282552083,0.02679360071818034,0.2630012099807327,0.002736158628721503,0.06371915662610853,-2.3404998779296875,4.204114278157552e-06,0.5533333333333333,0.47342972849954784,0.5533333333333333,48,192.0,0.39834548649543466
fulludp,0.5,A0-PSNR_q4,q3,150,0.21368263244628907,0.06995213572184246,-0.08968507921373522,-0.33616811906969224,0.14798231382627744,-2.5727462768554688,3.67577870686849e-05,0.5866666666666667,0.5066570942317349,0.5866666666666667,49,196.0,0.40523296099510275
fulludp,0.5,A0-PSNR_q4,q4,150,0.39354522705078127,0.22866622797648115,0.46500376108530406,0.09961316907728046,0.6122101448677681,-4.4059295654296875,0.00015763680140177408,0.6866666666666666,0.6085587615654109,0.6866666666666666,41,164.0,0.3496465555349391
fulludp,0.5,Expert-A0_diff_signed_q4,q1,150,0.14991898854573568,0.016115194320678712,0.3096030467265361,0.08843888205450937,0.15591080124313766,-2.404865264892578,-0.00011924505233764648,0.56,0.48004707281221837,0.56,51,204.00000000000003,0.4189586179440758
fulludp,0.5,Expert-A0_diff_signed_q4,q2,150,0.21901377360026042,0.08486125310262047,0.03928024704391892,-0.30092481406959326,0.5797660415237015,-2.427490234375,-0.00010147333145141602,0.5466666666666666,0.46682631163294025,0.5466666666666666,55,219.99999999999997,0.4462191070614596
fulludp,0.5,Expert-A0_diff_signed_q4,q3,150,0.2927240498860677,0.1339599189758301,0.2238268465609164,0.010218689892743086,0.5020158097550675,-3.641582489013672,9.2239777247111e-05,0.6333333333333333,0.5537808929385404,0.6333333333333333,44,176.0,0.37062497562159646
fulludp,0.5,Expert-A0_diff_signed_q4,q4,150,0.2424202346801758,0.0903802611033122,0.15237359742860537,-0.11622848510742187,0.4516189162795608,-4.4059295654296875,0.00013546387354532876,0.6066666666666667,0.5267647239233271,0.6066666666666667,45,180.0,0.3775812895702717
fulludp,0.5,Expert-A0_diff_abs_q4,q1,150,0.32725237528483075,0.17707763799031576,0.042670585013724664,-0.21568648364092852,0.68237727397197,-4.4059295654296875,0.00010011593500773112,0.6666666666666666,0.5878960768592671,0.6666666666666666,35,140.0,0.3071592690406407
fulludp,0.5,Expert-A0_diff_abs_q4,q2,150,0.17001007080078126,0.035691926320393884,0.20812163481841217,0.017655991219185513,0.30400899938634923,-3.015766143798828,-8.968194325764973e-05,0.5466666666666666,0.46682631163294025,0.5466666666666666,60,240.0,0.4799523201493683
fulludp,0.5,Expert-A0_diff_abs_q4,q3,150,0.1654656473795573,0.03634464073181152,-0.029403892723289696,-0.319471482972841,0.5224867124815245,-2.427490234375,2.749323844909668e-05,0.58,0.499983335113527,0.58,50,200.0,0.4121039231407327
fulludp,0.5,Expert-A0_diff_abs_q4,q4,150,0.2413489532470703,0.10578578440348307,0.197626577841269,-0.024929946177714563,0.23591015789959882,-2.404865264892578,-3.094196319580078e-05,0.5533333333333333,0.47342972849954784,0.5533333333333333,50,200.0,0.4121039231407327
fulludp,0.5,expert_fulludp_disagreement_q4,q1,150,0.7563709513346354,0.6200294583638509,0.756344460152291,0.5044057536769558,0.6332237656052048,-2.718364715576172,0.000245438019434611,0.7866666666666666,0.7143779835916132,0.7866666666666666,17,68.0,0.17400404256771052
fulludp,0.5,expert_fulludp_disagreement_q4,q2,150,0.3937649917602539,0.27541597811381024,0.6175418028960357,0.3884871482849121,-0.20020789069098396,-1.8613967895507812,0.00022727727890014648,0.6866666666666666,0.6085587615654109,0.6866666666666666,39,156.0,0.33556579865677183
fulludp,0.5,expert_fulludp_disagreement_q4,q3,150,0.16201062520345053,0.009250436147054038,0.5264469868427998,0.1774817312085951,-0.18495384422508446,-4.4059295654296875,7.262587547302246e-05,0.56,0.48004707281221837,0.56,53,212.0,0.43262011010395124
fulludp,0.5,expert_fulludp_disagreement_q4,q4,150,-0.40806952158610027,-0.5455068912506104,0.06277672020164696,-0.10035456580084721,-0.6861611443596918,-3.641582489013672,-0.0005383559068044026,0.31333333333333335,0.2445479868464793,0.31333333333333335,86,344.0,0.6496804312594854
fulludp,0.5,residual_cosine_q4,q1,150,-0.5562961705525716,-0.654514674504598,-0.44675043466928843,-0.6182217391761573,-0.4368194373878273,-3.015766143798828,-0.0007306981086730957,0.18,0.12675684863332679,0.18,110,439.99999999999994,0.7976294426892675
fulludp,0.5,residual_cosine_q4,q2,150,-0.1701919428507487,-0.30434453709920245,-0.06658961321856524,-0.29087742985905823,-0.2311198260333087,-4.4059295654296875,-0.00012253363927205405,0.46,0.38223445858630034,0.46,55,219.99999999999997,0.4462191070614596
fulludp,0.5,residual_cosine_q4,q3,150,0.44294801076253254,0.3562021872202556,0.3739542058996252,0.19000432040240314,0.3434253383327175,-2.718364715576172,0.0002553153038024902,0.78,0.7071754568460243,0.78,21,84.00000000000001,0.20455343144015736
fulludp,0.5,residual_cosine_q4,q4,150,1.1876171493530274,1.0495020656585694,1.3023119230528135,1.0176149729135875,0.9291504524849556,-1.7950630187988281,0.0006049017111460368,0.9266666666666666,0.873463014734016,0.9266666666666666,9,36.0,0.11009092044290468
fulludp,0.5,haze_density_q4,q1,150,0.5021826299031575,0.3553406499226888,0.45391294118520376,0.16876238487862252,0.6601642917942356,-4.4059295654296875,0.00021110296249389647,0.7266666666666667,0.6503534444650609,0.7266666666666667,34,136.0,0.3000033880832556
fulludp,0.5,haze_density_q4,q2,150,0.25475594838460286,0.09561319986979168,0.34792116526010874,0.05496170198595202,0.30739366686021957,-3.015766143798828,0.00015144785245259604,0.5866666666666667,0.5066570942317349,0.5866666666666667,47,188.0,0.39144123843458906
fulludp,0.5,haze_density_q4,q3,150,0.173589719136556,0.05673085594177247,-0.0320966050431535,-0.28378595145973,0.12450914125184755,-2.427490234375,-0.00017626007397969563,0.5666666666666667,0.4866784070665957,0.5666666666666667,52,208.0,0.4257972751537541
fulludp,0.5,haze_density_q4,q4,150,-0.026451250712076824,-0.1614291343688965,0.2421198148985167,0.06744560293249181,-0.1987660382245038,-2.5727462768554688,-0.00017930547396341958,0.4666666666666667,0.3886591247406171,0.4666666666666667,62,248.0,0.49334290576826517
fulludp,0.5,haze_density_p90_q4,q1,150,0.5070174662272136,0.31458913612365724,0.6582256007838894,0.26540645393165385,0.5052529412346918,-4.4059295654296875,0.000205995241800944,0.68,0.6016545135045653,0.68,41,164.0,0.3496465555349391
fulludp,0.5,haze_density_p90_q4,q2,163,0.2539081105425314,0.13553593524394592,0.1261390209197998,-0.1873769736289978,0.4337599754333496,-2.427490234375,7.50053148328161e-05,0.6441717791411042,0.5681281434190135,0.6441717791411042,48,176.68711656441718,0.3685373598507111
fulludp,0.5,haze_density_p90_q4,q3,142,0.06872773506272008,-0.06238100293656469,0.13318121773856026,-0.08144851412091937,0.17344120570591517,-2.3404998779296875,-7.919442485755598e-06,0.49295774647887325,0.41200167331950344,0.49295774647887325,51,215.49295774647888,0.440816551148381
fulludp,0.5,haze_density_p90_q4,q4,145,0.05801777017527613,-0.07092696222765693,-0.010658582051595053,-0.23523151079813634,-0.13607904646131727,-2.5727462768554688,-0.0002824331152028051,0.5172413793103449,0.4365154803728679,0.5172413793103449,55,227.58620689655172,0.46043977966694927
fulludp,0.5,transmission_q4,q1,150,-0.026451250712076824,-0.1614291343688965,0.2421198148985167,0.06744560293249181,-0.1987660382245038,-2.5727462768554688,-0.00017930547396341958,0.4666666666666667,0.3886591247406171,0.4666666666666667,62,248.0,0.49334290576826517
fulludp,0.5,transmission_q4,q2,150,0.173589719136556,0.05673085594177247,-0.0320966050431535,-0.28378595145973,0.12450914125184755,-2.427490234375,-0.00017626007397969563,0.5666666666666667,0.4866784070665957,0.5666666666666667,52,208.0,0.4257972751537541
fulludp,0.5,transmission_q4,q3,150,0.25475594838460286,0.09561319986979168,0.34792116526010874,0.05496170198595202,0.30739366686021957,-3.015766143798828,0.00015144785245259604,0.5866666666666667,0.5066570942317349,0.5866666666666667,47,188.0,0.39144123843458906
fulludp,0.5,transmission_q4,q4,150,0.5021826299031575,0.3553406499226888,0.45391294118520376,0.16876238487862252,0.6601642917942356,-4.4059295654296875,0.00021110296249389647,0.7266666666666667,0.6503534444650609,0.7266666666666667,34,136.0,0.3000033880832556
fulludp,0.5,airlight_proxy_q4,q1,150,0.2629300816853841,0.12465324211120606,0.6168711378767684,0.3127628996565535,0.23452377319335938,-1.9999656677246094,-4.583239555358887e-05,0.56,0.48004707281221837,0.56,51,204.00000000000003,0.4189586179440758
fulludp,0.5,airlight_proxy_q4,q2,157,-0.050858527991422424,-0.15510826779019302,-0.02040867927746895,-0.20769806641798752,0.008609380477514023,-3.015766143798828,-0.00025199097432907977,0.49044585987261147,0.413414984291584,0.49044585987261147,62,236.94267515923568,0.47300288054411965
fulludp,0.5,airlight_proxy_q4,q3,143,0.18609568455836156,0.037950893882271304,-0.24375087193080358,-0.4587982313973563,0.49460601806640625,-3.641582489013672,-5.565573285509656e-05,0.5594405594405595,0.47757133478487557,0.5594405594405595,52,218.1818181818182,0.44509243913661795
fulludp,0.5,airlight_proxy_q4,q4,150,0.5169676717122396,0.3707520955403646,0.2738904179753484,-0.025528686111037764,0.6273078918457031,-4.4059295654296875,0.00036962668100992837,0.74,0.6644342013432283,0.74,30,120.0,0.27114275543136385
fulludp,0.5,depth_q4,q1,150,0.16815725962320963,0.0404073174794515,-0.06270913820008973,-0.238086563832051,0.23581180057010134,-3.015766143798828,-0.00016595522562662762,0.54,0.46023676745464287,0.54,55,219.99999999999997,0.4462191070614596
fulludp,0.5,depth_q4,q2,150,0.23171473185221353,0.1078013947804769,-0.04852171201963682,-0.3085920153437434,0.6315530313027872,-2.427490234375,8.244872093200684e-05,0.5866666666666667,0.5066570942317349,0.5866666666666667,45,180.0,0.3775812895702717
fulludp,0.5,depth_q4,q3,150,0.2718819808959961,0.10933360544840495,0.2786977097794816,-0.05675901722263642,0.5996744310533678,-4.4059295654296875,-8.98122787475586e-06,0.62,0.5402429290748867,0.62,47,188.0,0.39144123843458906
fulludp,0.5,depth_q4,q4,150,0.2323230743408203,0.07722204717000326,0.43351910565350504,0.08930833919628248,0.19520311097841006,-3.641582489013672,9.947299957275391e-05,0.6,0.5200476798506318,0.6,48,192.0,0.39834548649543466
fulludp,0.5,dark_channel_q4,q1,150,0.41862120310465495,0.2420940424601237,0.557154114181931,0.25979956549567146,0.6053808057630384,-4.4059295654296875,0.0002088785171508789,0.6666666666666666,0.5878960768592671,0.6666666666666666,37,148.0,0.3214047571151728
fulludp,0.5,dark_channel_q4,q2,150,0.34218240102132164,0.1897256800333659,0.3507465156348976,0.02718255326554582,0.5828811026908256,-3.015766143798828,7.854620615641276e-05,0.6533333333333333,0.5742027248462459,0.6533333333333333,46,184.0,0.38451993838498993
fulludp,0.5,dark_channel_q4,q3,150,0.13576201121012368,0.0011515611012776793,-0.03846374717918602,-0.24130911440462677,0.18546418885926944,-2.3404998779296875,-0.00011031428972880045,0.5333333333333333,0.4536610487975692,0.5333333333333333,52,208.0,0.4257972751537541
fulludp,0.5,dark_channel_q4,q4,150,0.007511431376139323,-0.10310654258728028,0.23878875938621727,0.004616167738630965,-0.011651322648331925,-2.427490234375,-0.00017012516657511392,0.49333333333333335,0.41449536043021934,0.49333333333333335,60,240.0,0.4799523201493683
fulludp,0.5,low_texture_q4,q1,150,0.2400066375732422,0.08656690915425619,-0.19108292863175674,-0.42973122210116,0.5833270098711993,-2.427490234375,-0.00017171184221903484,0.62,0.5402429290748867,0.62,47,188.0,0.39144123843458906
fulludp,0.5,low_texture_q4,q2,150,0.2381310272216797,0.0971078987121582,0.1272068539181271,-0.048816851023081184,0.33882904052734375,-4.4059295654296875,3.498673439025879e-05,0.5933333333333334,0.5133451744046799,0.5933333333333334,42,168.00000000000003,0.35665798050298214
fulludp,0.5,low_texture_q4,q3,150,0.24191978454589844,0.11001750373840331,-0.010667130753800675,-0.20773490957311683,0.4544284923656567,-2.718364715576172,8.329987525939941e-05,0.5666666666666667,0.4866784070665957,0.5666666666666667,50,200.0,0.4121039231407327
fulludp,0.5,low_texture_q4,q4,150,0.18401959737141926,0.002434931437174486,0.6341802236196157,0.28917327829309414,0.02731127352327914,-3.641582489013672,6.0410499572753905e-05,0.5666666666666667,0.4866784070665957,0.5666666666666667,56,224.0,0.4529956342885945
fulludp,0.5,edge_density_q4,q1,150,0.06568328857421875,-0.11160000038146971,-0.10698545301282728,-0.4474141430210423,0.09593365643475507,-4.4059295654296875,-0.00027852853139241537,0.5066666666666667,0.4274957452416098,0.5066666666666667,65,260.0,0.5133215929334043
fulludp,0.5,edge_density_q4,q2,150,0.34845771789550783,0.21494778442382814,0.3688594715015308,0.08953437547425966,0.37087208515888936,-2.718364715576172,0.0001457389195760091,0.6266666666666667,0.5470043657114055,0.6266666666666667,42,168.00000000000003,0.35665798050298214
fulludp,0.5,edge_density_q4,q3,150,0.3142230733235677,0.20352257029215495,0.3946337313265414,0.1357070355801969,0.6040398881242082,-1.6065750122070312,6.132761637369792e-05,0.62,0.5402429290748867,0.62,41,164.0,0.3496465555349391
fulludp,0.5,edge_density_q4,q4,150,0.1757129669189453,0.04740942573547363,0.14552472088788007,-0.12803227192646746,0.33321854874894424,-2.5727462768554688,7.844726244608562e-05,0.5933333333333334,0.5133451744046799,0.5933333333333334,47,188.0,0.39144123843458906
fulludp,0.5,sky_highlight_proxy_q4,q1,150,0.41359879811604816,0.2705822257995606,0.5027585931726404,0.17824176324380414,0.4474752271497572,-3.641582489013672,0.00021698872248331706,0.64,0.5605726755123628,0.64,42,168.00000000000003,0.35665798050298214
fulludp,0.5,sky_highlight_proxy_q4,q2,150,0.4144631958007812,0.25808186340332034,0.4749000136916702,0.13512943886421822,0.40542953078811234,-4.4059295654296875,0.00011873086293538412,0.6933333333333334,0.61548006161501,0.6933333333333334,39,156.0,0.33556579865677183
fulludp,0.5,sky_highlight_proxy_q4,q3,150,0.12348317464192708,0.005442343393961593,0.0032817737476245777,-0.20539778632086675,0.24429723378774282,-2.3404998779296875,-8.97363821665446e-05,0.5666666666666667,0.4866784070665957,0.5666666666666667,52,208.0,0.4257972751537541
fulludp,0.5,sky_highlight_proxy_q4,q4,150,-0.04746812184651693,-0.16812862396240233,0.0035878258782464103,-0.1839648556064915,-0.04057672861460093,-2.427490234375,-0.00023899793624877928,0.44666666666666666,0.36942665000842445,0.44666666666666666,62,248.0,0.49334290576826517
fulludp,0.5,split,val_hard,300,0.18096312840779621,0.07730634053548179,0.1055835215250651,-0.07509507878621417,0.29074951171875,-2.427490234375,-6.34704033533732e-05,0.55,0.49342456648184296,0.55,101,202.0,0.39190904387027425
fulludp,0.5,split,val_regular,300,0.27107539494832356,0.15398526096343995,0.15981895446777344,-0.010112508138020828,0.5136624145507812,-4.4059295654296875,6.696303685506185e-05,0.6233333333333333,0.5672673858683439,0.6233333333333333,94,188.0,0.36790334651041734
fulludp,0.75,A0-PSNR_q4,q1,150,0.11751987457275391,-0.09150681368509929,0.21006945017221812,-0.06176904729894689,0.05380609873178843,-4.011661529541016,-0.0007142166296641032,0.5,0.4209887046908502,0.5,66,264.0,0.5199529271877817
fulludp,0.75,A0-PSNR_q4,q2,150,0.0022933451334635415,-0.17689446894327798,0.20834690815693624,-0.16397088025067302,-0.178252142828864,-3.509784698486328,-0.00036848068237304687,0.44666666666666666,0.36942665000842445,0.44666666666666666,66,264.0,0.5199529271877817
fulludp,0.75,A0-PSNR_q4,q3,150,-0.056663920084635416,-0.25929105885823567,-0.3900215561325486,-0.7498642534823031,-0.27159685701937286,-3.785369873046875,-0.000360405445098877,0.5,0.4209887046908502,0.5,70,280.0,0.5463389512024308
fulludp,0.75,A0-PSNR_q4,q4,150,-0.08486930847167969,-0.3103252817789713,0.17585094555004224,-0.31342158961940453,0.10066501514331715,-6.58233642578125,-8.341789245605469e-05,0.5466666666666666,0.46682631163294025,0.5466666666666666,54,216.0,0.4394273244876372
fulludp,0.75,Expert-A0_diff_signed_q4,q1,150,0.015033175150553385,-0.18022280438741048,0.37552431467417124,0.04781652656761376,-0.16004356178077492,-4.011661529541016,-0.0006084716320037841,0.4666666666666667,0.3886591247406171,0.4666666666666667,67,268.0,0.5265702715004522
fulludp,0.75,Expert-A0_diff_signed_q4,q2,150,0.04247891743977865,-0.1556204121907552,-0.04799806749498522,-0.5450377051894729,0.3757624239534945,-3.5712738037109375,-0.0005663124720255534,0.46,0.38223445858630034,0.46,69,276.0,0.5397632325453572
fulludp,0.75,Expert-A0_diff_signed_q4,q3,150,-0.024719085693359375,-0.24248121325174965,0.14471239657015414,-0.17162636679572027,0.009611903010187921,-5.2710723876953125,-0.00024271885553995767,0.5466666666666666,0.46682631163294025,0.5466666666666666,55,219.99999999999997,0.4462191070614596
fulludp,0.75,Expert-A0_diff_signed_q4,q4,150,-0.05451301574707031,-0.26736866251627606,0.12530373238228462,-0.2901629705686827,-0.10380038699588261,-6.58233642578125,-0.00010901769002278646,0.52,0.44055093659797023,0.52,65,260.0,0.5133215929334043
fulludp,0.75,Expert-A0_diff_abs_q4,q1,150,-0.03542307535807292,-0.23222418975830078,-0.08965301513671875,-0.46031519142357075,0.20640244355072845,-6.58233642578125,-0.00011570970217386881,0.5466666666666666,0.46682631163294025,0.5466666666666666,54,216.0,0.4394273244876372
fulludp,0.75,Expert-A0_diff_abs_q4,q2,150,-0.09478397369384765,-0.30018257077534993,0.21528805913151922,-0.0806906004209776,-0.27299190211940455,-4.780788421630859,-0.0005046546459197998,0.47333333333333333,0.39509757671394596,0.47333333333333333,68,272.0,0.5331736883670596
fulludp,0.75,Expert-A0_diff_abs_q4,q3,150,-0.020344594319661458,-0.21216146214803058,-0.11001401334195524,-0.5351952784770244,0.2598368670489337,-3.5712738037109375,-0.00037547190984090167,0.5133333333333333,0.43401648564502837,0.5133333333333333,64,256.0,0.5066761983341909
fulludp,0.75,Expert-A0_diff_abs_q4,q4,150,0.12883163452148438,-0.07058413569132486,0.19188509760676203,-0.11905059041203679,-0.09026182020032728,-4.011661529541016,-0.0005306843916575113,0.46,0.38223445858630034,0.46,70,280.0,0.5463389512024308
fulludp,0.75,expert_fulludp_disagreement_q4,q1,150,0.5386493174235026,0.35098010889689124,0.9217046789220862,0.5664135391647751,0.13368534397434545,-4.028331756591797,8.134802182515462e-05,0.68,0.6016545135045653,0.68,33,132.0,0.2928245431539757
fulludp,0.75,expert_fulludp_disagreement_q4,q2,150,0.2675120290120443,0.0767610804239909,0.8429583987674197,0.48753743558316615,-0.8606024046201963,-3.8587799072265625,1.3640324274698893e-05,0.6,0.5200476798506318,0.6,50,200.0,0.4121039231407327
fulludp,0.75,expert_fulludp_disagreement_q4,q3,150,-0.02488335927327474,-0.2447969258626302,0.6818967767663904,0.16394875500653242,-0.7098933039484797,-6.58233642578125,-0.00028357187906901044,0.4666666666666667,0.3886591247406171,0.4666666666666667,69,276.0,0.5397632325453572
fulludp,0.75,expert_fulludp_disagreement_q4,q4,150,-0.8029979960123698,-1.0055976060231526,-0.0017674935830605996,-0.26128597001771664,-1.3822229746225718,-5.2710723876953125,-0.0013379371166229248,0.24666666666666667,0.18458062005199133,0.24666666666666667,104,416.0,0.761531097915312
fulludp,0.75,residual_cosine_q4,q1,150,-1.004710896809896,-1.1516690057118735,-0.7329740266542177,-0.970454893885432,-0.9809592994483741,-4.780788421630859,-0.001483163833618164,0.12666666666666668,0.082610643407449,0.12666666666666668,124,496.0,0.8788801768152663
fulludp,0.75,residual_cosine_q4,q2,150,-0.5630293273925782,-0.762641195933024,-0.23067886764938766,-0.5676534394960145,-0.8923315099767737,-6.58233642578125,-0.0006034072240193685,0.32,0.2506441235970241,0.32,84,336.00000000000006,0.6369563904902955
fulludp,0.75,residual_cosine_q4,q3,150,0.2904316584269206,0.15187015914916993,0.4347190341433963,0.15674291816917627,-0.10177540134739231,-4.028331756591797,3.255168596903483e-05,0.6733333333333333,0.5947670390048972,0.6733333333333333,33,132.0,0.2928245431539757
fulludp,0.75,residual_cosine_q4,q4,150,1.2555885569254557,1.0244734439849854,1.852518030115076,1.4198668686119287,0.4349861145019531,-3.8587799072265625,0.000527498722076416,0.8733333333333333,0.8106321928453123,0.8733333333333333,15,60.0,0.15843607448060176
fulludp,0.75,haze_density_q4,q1,150,0.1492202377319336,-0.06320492553710935,0.3327096990636877,-0.1116250708296492,0.15903854370117188,-6.58233642578125,-5.8539708455403645e-05,0.58,0.499983335113527,0.58,48,192.0,0.39834548649543466
fulludp,0.75,haze_density_q4,q2,150,0.046692186991373695,-0.1832814572652181,0.4221121813799884,-0.024334044069857206,-0.12597934619800463,-4.780788421630859,-0.00015012065569559732,0.4866666666666667,0.4080157160222476,0.4866666666666667,67,268.0,0.5265702715004522
fulludp,0.75,haze_density_q4,q3,150,0.031023953755696613,-0.13960840225219726,-0.10888331645243876,-0.4804379540520745,-0.2515805218670819,-3.5712738037109375,-0.0006363538901011149,0.5133333333333333,0.43401648564502837,0.5133333333333333,65,260.0,0.5133215929334043
fulludp,0.75,haze_density_q4,q4,150,-0.24865638732910156,-0.4485371634165446,0.25551868129420924,0.022085818728885143,-0.6941245826514991,-4.011661529541016,-0.0006815063953399659,0.41333333333333333,0.3376520916836594,0.41333333333333333,76,304.0,0.5855046395697807
fulludp,0.75,haze_density_p90_q4,q1,150,0.15676410675048827,-0.10825838406880696,0.7290145770923512,0.14610041025522602,-0.06120743622650971,-6.58233642578125,-5.267461140950521e-05,0.5733333333333334,0.49332380166580925,0.5733333333333334,55,219.99999999999997,0.4462191070614596
fulludp,0.75,haze_density_p90_q4,q2,163,0.028564757364659223,-0.15847555230731614,0.07202033996582032,-0.37996764898300167,0.08034696578979492,-4.011661529541016,-0.000302078899430351,0.5398773006134969,0.46332455172793646,0.5398773006134969,62,228.22085889570553,0.4568411295094455
fulludp,0.75,haze_density_p90_q4,q3,142,-0.12025787460971886,-0.32315595720855284,0.10766154697963169,-0.1934338297162737,-0.10331835065569196,-3.509784698486328,-0.0003895113165949432,0.43661971830985913,0.35777709582588163,0.43661971830985913,69,291.5492957746479,0.5674045477005513
fulludp,0.75,haze_density_p90_q4,q4,145,-0.09897968686860183,-0.28956613869502623,-0.11223904291788737,-0.42621824741363523,-0.5051919089423286,-3.785369873046875,-0.0008036375045776367,0.43448275862068964,0.35652096744249173,0.43448275862068964,70,289.65517241379314,0.5634845196271321
fulludp,0.75,transmission_q4,q1,150,-0.24865638732910156,-0.4485371634165446,0.25551868129420924,0.022085818728885143,-0.6941245826514991,-4.011661529541016,-0.0006815063953399659,0.41333333333333333,0.3376520916836594,0.41333333333333333,76,304.0,0.5855046395697807
fulludp,0.75,transmission_q4,q2,150,0.031023953755696613,-0.13960840225219726,-0.10888331645243876,-0.4804379540520745,-0.2515805218670819,-3.5712738037109375,-0.0006363538901011149,0.5133333333333333,0.43401648564502837,0.5133333333333333,65,260.0,0.5133215929334043
fulludp,0.75,transmission_q4,q3,150,0.046692186991373695,-0.1832814572652181,0.4221121813799884,-0.024334044069857206,-0.12597934619800463,-4.780788421630859,-0.00015012065569559732,0.4866666666666667,0.4080157160222476,0.4866666666666667,67,268.0,0.5265702715004522
fulludp,0.75,transmission_q4,q4,150,0.1492202377319336,-0.06320492553710935,0.3327096990636877,-0.1116250708296492,0.15903854370117188,-6.58233642578125,-5.8539708455403645e-05,0.58,0.499983335113527,0.58,48,192.0,0.39834548649543466
fulludp,0.75,airlight_proxy_q4,q1,150,0.18481422424316407,-0.027582738240559894,0.8592459188925253,0.40580532744124126,-0.08750492817646749,-3.2322540283203125,-0.00032938798268636067,0.5066666666666667,0.4274957452416098,0.5066666666666667,67,268.0,0.5265702715004522
fulludp,0.75,airlight_proxy_q4,q2,157,-0.3101094118349112,-0.46623893604157074,-0.1022633772629958,-0.38216604330600834,-0.4426994323730469,-4.780788421630859,-0.0007912698824694202,0.4012738853503185,0.32784367142125215,0.4012738853503185,78,298.0891719745223,0.5741626630941786
fulludp,0.75,airlight_proxy_q4,q3,143,-0.0954208107261391,-0.28466578730336434,-0.45087607247488837,-0.7587607547215053,0.11988514491489956,-5.2710723876953125,-0.000504847589906279,0.4825174825174825,0.40215038678276555,0.4825174825174825,65,272.7272727272727,0.536281137261273
fulludp,0.75,airlight_proxy_q4,q4,150,0.2090147908528646,-0.033923833211263014,0.21051695540144638,-0.23067751961785393,0.10403700132627745,-6.58233642578125,0.00011235117912292481,0.6066666666666667,0.5267647239233271,0.6066666666666667,46,184.0,0.38451993838498993
fulludp,0.75,depth_q4,q1,150,-0.04329423268636068,-0.22163637097676595,-0.18241603954418287,-0.44086201126511027,-0.23081320685309334,-4.780788421630859,-0.0006207485993703206,0.4866666666666667,0.4080157160222476,0.4866666666666667,67,268.0,0.5265702715004522
fulludp,0.75,depth_q4,q2,150,0.027425549825032553,-0.15201752599080404,-0.14882407317290436,-0.5308350640374261,0.3164821315456081,-3.5712738037109375,-0.0002037803332010905,0.52,0.44055093659797023,0.52,62,248.0,0.49334290576826517
fulludp,0.75,depth_q4,q3,150,0.06299920399983724,-0.16072377332051593,0.32260219470874685,-0.20301931742075324,0.09733220693227407,-6.58233642578125,-0.00040215492248535156,0.5133333333333333,0.43401648564502837,0.5133333333333333,60,240.0,0.4799523201493683
fulludp,0.75,depth_q4,q4,150,-0.06885052998860677,-0.2942168032328288,0.5092379595782306,-0.00878597981220966,-0.4544547828468117,-5.2710723876953125,-0.000299836794535319,0.47333333333333333,0.39509757671394596,0.47333333333333333,67,268.0,0.5265702715004522
fulludp,0.75,dark_channel_q4,q1,150,0.15279347737630208,-0.08978479703267415,0.7515512414880701,0.27721683656847157,0.07536058168153505,-6.58233642578125,-2.5185743967692058e-05,0.5666666666666667,0.4866784070665957,0.5666666666666667,53,212.0,0.43262011010395124
fulludp,0.75,dark_channel_q4,q2,150,0.1610757064819336,-0.0559133497873942,0.39002006118362015,-0.0806982762104756,0.22479433626741976,-4.780788421630859,-0.00022458791732788086,0.56,0.48004707281221837,0.56,57,228.0,0.4597570709251133
fulludp,0.75,dark_channel_q4,q3,150,-0.09680530548095703,-0.2851727377573649,-0.13208043897474134,-0.4327215478226945,-0.3064093718657622,-3.509784698486328,-0.00054764191309611,0.4666666666666667,0.3886591247406171,0.4666666666666667,71,284.0,0.5529008840404923
fulludp,0.75,dark_channel_q4,q4,150,-0.2387838872273763,-0.39940698115030926,0.24421062984982053,-0.07247819385013064,-0.4868463052285684,-4.011661529541016,-0.0007291050752003987,0.4,0.32504190767977553,0.4,75,300.0,0.5790112953091499
fulludp,0.75,low_texture_q4,q1,150,-0.050761082967122395,-0.26141600163777673,-0.39163909087309967,-0.7365548056525153,0.12818980861354518,-3.5712738037109375,-0.0006438056627909342,0.5266666666666666,0.4470991159595076,0.5266666666666666,61,244.0,0.48665482559532014
fulludp,0.75,low_texture_q4,q2,150,0.01875568389892578,-0.19379294840494793,0.1089755393363334,-0.1427416724127692,-0.18405780276736697,-6.58233642578125,-0.0003201591968536377,0.4866666666666667,0.4080157160222476,0.4866666666666667,59,236.0,0.47323527607667293
fulludp,0.75,low_texture_q4,q3,150,0.04424952189127604,-0.13791282590230305,-0.1311343425029033,-0.4244412473730139,0.07803313796584671,-4.028331756591797,-0.0002660687764485677,0.5,0.4209887046908502,0.5,67,268.0,0.5265702715004522
fulludp,0.75,low_texture_q4,q4,150,-0.033964131673177085,-0.2899698899586995,0.8671518274255701,0.3536282307392842,-0.5975358292863175,-5.2710723876953125,-0.00029648701349894205,0.48,0.40154978216379894,0.48,69,276.0,0.5397632325453572
fulludp,0.75,edge_density_q4,q1,150,-0.30905197143554686,-0.5587748514811197,-0.25913444725242823,-0.7569621343870421,-0.5994290532292547,-6.58233642578125,-0.0009121012687683106,0.4266666666666667,0.35031956874051456,0.4266666666666667,76,304.0,0.5855046395697807
fulludp,0.75,edge_density_q4,q2,150,0.15951061248779297,-0.04377329889933268,0.4551361187084301,0.02216856157457507,-0.14372315277924408,-4.028331756591797,-0.00022693951924641928,0.54,0.46023676745464287,0.54,57,228.0,0.4597570709251133
fulludp,0.75,edge_density_q4,q3,150,0.1515988286336263,-0.008141235351562495,0.4804184887860272,0.09885983338227144,0.22165618071684967,-2.954601287841797,-0.00022191683451334635,0.5466666666666666,0.46682631163294025,0.5466666666666666,58,232.0,0.4665035705547861
fulludp,0.75,edge_density_q4,q4,150,-0.02377747853597005,-0.19914288075764972,0.1352048822351404,-0.268679564707988,-0.07510004816828547,-3.785369873046875,-0.00016556302706400552,0.48,0.40154978216379894,0.48,65,260.0,0.5133215929334043
fulludp,0.75,sky_highlight_proxy_q4,q1,150,0.23910715738932292,0.030546977996826177,0.7013410619787268,0.18491710714391765,-0.07529892792572847,-5.2710723876953125,-5.074739456176758e-06,0.5466666666666666,0.46682631163294025,0.5466666666666666,57,228.0,0.4597570709251133
fulludp,0.75,sky_highlight_proxy_q4,q2,150,0.1755377960205078,-0.05785492324829101,0.4831501728779561,-0.009337077269683008,-0.15315524951831713,-6.58233642578125,-0.0002143863836924235,0.58,0.499983335113527,0.58,51,204.00000000000003,0.4189586179440758
fulludp,0.75,sky_highlight_proxy_q4,q3,150,-0.1427953084309896,-0.31148097801208496,-0.09610304961333403,-0.40419291676701724,-0.21577051523569468,-3.509784698486328,-0.0005489718914031982,0.5,0.4209887046908502,0.5,70,280.0,0.5463389512024308
fulludp,0.75,sky_highlight_proxy_q4,q4,150,-0.2935696538289388,-0.46300628534952804,-0.06839205767657305,-0.34596038509059596,-0.5037035555452913,-3.5712738037109375,-0.0007580876350402832,0.36666666666666664,0.293773196710732,0.36666666666666664,78,312.0,0.5984502178362011
fulludp,0.75,split,val_hard,300,0.06465421676635742,-0.08433131758371988,0.07155146280924479,-0.19482433700561522,0.08789077758789063,-3.5712738037109375,-0.0004825367530186971,0.47333333333333333,0.417527991598086,0.47333333333333333,133,266.0,0.49991365887032774
fulludp,0.75,split,val_regular,300,-0.07551422119140624,-0.23862362257639566,0.06158075968424479,-0.19984835306803383,0.009042714436848958,-6.58233642578125,-0.00028072357177734376,0.5233333333333333,0.46687729355961577,0.5233333333333333,123,245.99999999999997,0.4664528303092618
fulludp,1.0,A0-PSNR_q4,q1,150,0.0048442331949869796,-0.25366310246785484,0.19781844680373734,-0.1638244448481379,-0.1824162972939981,-5.526937484741211,-0.0015091009934743245,0.49333333333333335,0.41449536043021934,0.49333333333333335,74,296.0,0.5725042547583903
fulludp,1.0,A0-PSNR_q4,q2,150,-0.29596764882405596,-0.512924415588379,0.01618746164682749,-0.4472877553991369,-0.5751367517419763,-4.606590270996094,-0.0009869595368703207,0.3933333333333333,0.31875856694108035,0.3933333333333333,83,332.0,0.6305733499915755
fulludp,1.0,A0-PSNR_q4,q3,150,-0.5505151112874349,-0.7916609497070313,-0.8295128281052048,-1.2801965146451382,-0.9436825932683172,-4.902503967285156,-0.0010234105587005615,0.38666666666666666,0.3124898876515768,0.38666666666666666,86,344.0,0.6496804312594854
fulludp,1.0,A0-PSNR_q4,q4,150,-0.8851267751057943,-1.1407286732991537,-0.43329847181165543,-0.9844044350289008,-0.7695321778993349,-8.424148559570312,-0.000527949333190918,0.3466666666666667,0.27519387418426633,0.3466666666666667,86,344.0,0.6496804312594854
fulludp,1.0,Expert-A0_diff_signed_q4,q1,150,-0.24862044016520182,-0.49061640866597495,0.36835283846468536,-0.04455572592245565,-0.6899523348421663,-5.526937484741211,-0.0013727561632792156,0.4066666666666667,0.33133978704521405,0.4066666666666667,82,328.0,0.6241763820467926
fulludp,1.0,Expert-A0_diff_signed_q4,q2,150,-0.3393394724527995,-0.5538203474680583,-0.28705406188964844,-0.8552493636672561,-0.15597441389754013,-4.630516052246094,-0.0013027894496917725,0.4,0.32504190767977553,0.4,84,336.00000000000006,0.6369563904902955
fulludp,1.0,Expert-A0_diff_signed_q4,q3,150,-0.5838363265991211,-0.8478912156422933,-0.06349135733939507,-0.4661005097466546,-0.8072231395824535,-6.705593109130859,-0.0008214688301086425,0.41333333333333333,0.3376520916836594,0.41333333333333333,78,312.0,0.5984502178362011
fulludp,1.0,Expert-A0_diff_signed_q4,q4,150,-0.5549690628051758,-0.8154263413747151,0.03216382619496938,-0.5207728927199905,-0.9999363873455975,-8.424148559570312,-0.0005504059791564942,0.4,0.32504190767977553,0.4,85,340.0,0.6433254410473084
fulludp,1.0,Expert-A0_diff_abs_q4,q1,150,-0.6592027409871419,-0.8944569193522136,-0.31809445973989126,-0.7994899156931284,-0.6415069167678421,-8.424148559570312,-0.0005035289128621419,0.36666666666666664,0.293773196710732,0.36666666666666664,82,328.0,0.6241763820467926
fulludp,1.0,Expert-A0_diff_abs_q4,q2,150,-0.5533019638061524,-0.817785462697347,0.15417073224041913,-0.24922409830866632,-1.1733073672732792,-6.380851745605469,-0.0011514484882354735,0.4066666666666667,0.33133978704521405,0.4066666666666667,87,348.0,0.656021282623158
fulludp,1.0,Expert-A0_diff_abs_q4,q3,150,-0.36975470225016277,-0.6088171494801838,-0.24096004382984057,-0.7806384808308369,-0.31869156296188766,-4.630516052246094,-0.0010533138116200764,0.4266666666666667,0.35031956874051456,0.4266666666666667,78,312.0,0.5984502178362011
fulludp,1.0,Expert-A0_diff_abs_q4,q4,150,-0.14450589497884114,-0.39616797701517736,0.10925535253576331,-0.27361667736156564,-0.6384401063661318,-5.526937484741211,-0.0013391292095184327,0.42,0.34397871737684205,0.42,82,328.0,0.6241763820467926
fulludp,1.0,expert_fulludp_disagreement_q4,q1,150,-0.02335577646891276,-0.27138618151346844,0.8774389834017366,0.4296367645263672,-0.7286527479017103,-5.400211334228516,-0.00026905059814453125,0.5,0.4209887046908502,0.5,63,252.0,0.5000166648864729
fulludp,1.0,expert_fulludp_disagreement_q4,q2,150,-0.044653943379720056,-0.29569677861531574,0.9817707474167282,0.5197264800200592,-1.7232820665514148,-5.7906341552734375,-0.00041292468706766763,0.52,0.44055093659797023,0.52,69,276.0,0.5397632325453572
fulludp,1.0,expert_fulludp_disagreement_q4,q3,150,-0.3819256337483724,-0.6485070953369141,0.6655434788884343,0.07273347184464742,-1.4283200856801626,-8.424148559570312,-0.000893164078394572,0.38,0.30623600246985916,0.38,82,328.0,0.6241763820467926
fulludp,1.0,expert_fulludp_disagreement_q4,q4,150,-1.276829948425293,-1.5460437285105386,-0.12791051091374578,-0.48977003870783625,-2.184736818880648,-6.705593109130859,-0.0024722810586293538,0.22,0.16115929476762675,0.22,115,460.00000000000006,0.8271746614962575
fulludp,1.0,residual_cosine_q4,q1,150,-1.519810422261556,-1.6951615893046061,-1.0527813370163377,-1.355328116545806,-1.6504205239785683,-6.380851745605469,-0.0024741411209106444,0.10666666666666667,0.06672979536363804,0.10666666666666667,132,528.0,0.9227315956032063
fulludp,1.0,residual_cosine_q4,q2,150,-1.0870393244425456,-1.3470729757944744,-0.46450032414616765,-0.8997413042429331,-1.753622003503748,-8.424148559570312,-0.0013517455259958904,0.24666666666666667,0.18458062005199133,0.24666666666666667,107,428.0,0.7796629731693578
fulludp,1.0,residual_cosine_q4,q3,150,-0.07765679677327474,-0.2530623105367025,0.40147920556970546,0.022300854244747686,-0.8481626768369932,-5.231719970703125,-0.0004220406214396159,0.49333333333333335,0.41449536043021934,0.49333333333333335,60,240.0,0.4799523201493683
fulludp,1.0,residual_cosine_q4,q4,150,0.9577412414550781,0.668190055847168,2.1940609699970968,1.6531676189319509,-0.5010002754830025,-5.7906341552734375,0.00020050684611002604,0.7733333333333333,0.6999966119167443,0.7733333333333333,30,120.0,0.27114275543136385
fulludp,1.0,haze_density_q4,q1,150,-0.5377184677124024,-0.7947321236928304,-0.07678660830935917,-0.6019634607675913,-0.7153216181574641,-8.424148559570312,-0.0005729385217030843,0.44,0.36304360950970455,0.44,75,300.0,0.5790112953091499
fulludp,1.0,haze_density_q4,q2,150,-0.3543354415893555,-0.6660868326822916,0.410749744724583,-0.18994715407087995,-0.8501291017274599,-6.380851745605469,-0.0006953966617584228,0.38,0.30623600246985916,0.38,87,348.0,0.656021282623158
fulludp,1.0,haze_density_q4,q3,150,-0.24844865163167318,-0.4610755920410156,-0.22847366333007812,-0.7047255361402357,-0.8409007304423565,-4.630516052246094,-0.0013342352708180746,0.44666666666666666,0.36942665000842445,0.44666666666666666,77,308.0,0.5919842839777524
fulludp,1.0,haze_density_q4,q4,150,-0.5862627410888672,-0.8354976024627685,0.1880900408770587,-0.0909917264371305,-1.369722624082823,-5.526937484741211,-0.001444849967956543,0.35333333333333333,0.28137142404545956,0.35333333333333333,90,360.0,0.6749580923202244
fulludp,1.0,haze_density_p90_q4,q1,150,-0.5266392008463542,-0.8487641747792561,0.5176173029719172,-0.2219260782808871,-0.9751392055202175,-8.424148559570312,-0.0005443076292673747,0.4266666666666667,0.35031956874051456,0.4266666666666667,79,315.99999999999994,0.604902423286054
fulludp,1.0,haze_density_p90_q4,q2,163,-0.39676546904207005,-0.6251824964043553,-0.05943417549133301,-0.6524422693252563,-0.5641488075256348,-5.7906341552734375,-0.0009438033484242445,0.4110429447852761,0.338402899936514,0.4110429447852761,88,323.92638036809814,0.614593665311459
fulludp,1.0,haze_density_p90_q4,q3,142,-0.4350036164404641,-0.6911020319226762,0.01728700910295759,-0.3669994136265346,-0.5730069841657366,-4.606590270996094,-0.001019733472609184,0.3873239436619718,0.3111742087239353,0.3873239436619718,81,342.2535211267606,0.6489294380378157
fulludp,1.0,haze_density_p90_q4,q4,145,-0.3694871047447468,-0.6108087079278354,-0.2806490792168511,-0.6741015487247043,-1.0164713329739041,-4.902503967285156,-0.001564309103735562,0.3931034482758621,0.31734377558655397,0.3931034482758621,81,335.17241379310343,0.6368954917342594
fulludp,1.0,transmission_q4,q1,150,-0.5862627410888672,-0.8354976024627685,0.1880900408770587,-0.0909917264371305,-1.369722624082823,-5.526937484741211,-0.001444849967956543,0.35333333333333333,0.28137142404545956,0.35333333333333333,90,360.0,0.6749580923202244
fulludp,1.0,transmission_q4,q2,150,-0.24844865163167318,-0.4610755920410156,-0.22847366333007812,-0.7047255361402357,-0.8409007304423565,-4.630516052246094,-0.0013342352708180746,0.44666666666666666,0.36942665000842445,0.44666666666666666,77,308.0,0.5919842839777524
fulludp,1.0,transmission_q4,q3,150,-0.3543354415893555,-0.6660868326822916,0.410749744724583,-0.18994715407087995,-0.8501291017274599,-6.380851745605469,-0.0006953966617584228,0.38,0.30623600246985916,0.38,87,348.0,0.656021282623158
fulludp,1.0,transmission_q4,q4,150,-0.5377184677124024,-0.7947321236928304,-0.07678660830935917,-0.6019634607675913,-0.7153216181574641,-8.424148559570312,-0.0005729385217030843,0.44,0.36304360950970455,0.44,75,300.0,0.5790112953091499
fulludp,1.0,airlight_proxy_q4,q1,150,-0.027629267374674478,-0.2888841622670491,1.0215176762761295,0.4215300482672614,-0.6440186371674409,-4.435070037841797,-0.0007829968134562174,0.4666666666666667,0.3886591247406171,0.4666666666666667,77,308.0,0.5919842839777524
fulludp,1.0,airlight_proxy_q4,q2,157,-0.6869021859138634,-0.8799604762132001,-0.2321479992988782,-0.5959843024229392,-1.0992767138358874,-6.380851745605469,-0.0015929462803397209,0.33121019108280253,0.2623933009329,0.33121019108280253,97,370.70063694267515,0.6901690452101619
fulludp,1.0,airlight_proxy_q4,q3,143,-0.5998645328975224,-0.8269489021568032,-0.7059323447091239,-1.092642661503383,-0.5917456490652901,-6.705593109130859,-0.0012208160820540849,0.34965034965034963,0.2763537399903497,0.34965034965034963,83,348.25174825174827,0.6581631153188411
fulludp,1.0,airlight_proxy_q4,q4,150,-0.40830755869547525,-0.6875736338297526,-0.06365033742543813,-0.576331630912987,-0.7741855930637669,-8.424148559570312,-0.00043329517046610514,0.47333333333333333,0.39509757671394596,0.47333333333333333,72,288.0,0.5594490634020298
fulludp,1.0,depth_q4,q1,150,-0.4253257369995117,-0.6319856872558594,-0.35285815677127325,-0.7078901265118573,-0.974268423544394,-6.380851745605469,-0.0013080994288126627,0.38666666666666666,0.3124898876515768,0.38666666666666666,83,332.0,0.6305733499915755
fulludp,1.0,depth_q4,q2,150,-0.3666244379679362,-0.5894273872375487,-0.3037560952676309,-0.7905687357928302,-0.35604765608504013,-4.630516052246094,-0.0007019301255544026,0.44,0.36304360950970455,0.44,76,304.0,0.5855046395697807
fulludp,1.0,depth_q4,q3,150,-0.33806934356689455,-0.626126272201538,0.2802739529996305,-0.40169104756535706,-0.7893073623244827,-8.424148559570312,-0.001046842336654663,0.43333333333333335,0.35667455895269157,0.43333333333333335,80,320.0,0.6113408752593829
fulludp,1.0,depth_q4,q4,150,-0.5967457834879557,-0.8801177666982015,0.4147838901829075,-0.1988306896106617,-1.3869571170291386,-6.705593109130859,-0.0009905485312143962,0.36,0.287564594473164,0.36,90,360.0,0.6749580923202244
fulludp,1.0,dark_channel_q4,q1,150,-0.35792444864908857,-0.6646456832885742,0.8584040048960093,0.2234154984757707,-0.8117112855653505,-8.424148559570312,-0.0004827419916788737,0.43333333333333335,0.35667455895269157,0.43333333333333335,76,304.0,0.5855046395697807
fulludp,1.0,dark_channel_q4,q2,150,-0.25193421681722006,-0.5124197502136231,0.25992764653386297,-0.2890205486400707,-0.4794927029996305,-6.380851745605469,-0.0007485008239746094,0.4533333333333333,0.3758236179532074,0.4533333333333333,76,304.0,0.5855046395697807
fulludp,1.0,dark_channel_q4,q3,150,-0.4956798934936523,-0.7209732761383056,-0.27124745136982686,-0.6698439881608292,-1.0781441765862543,-4.802349090576172,-0.0012280325094858806,0.4066666666666667,0.33133978704521405,0.4066666666666667,83,332.0,0.6305733499915755
fulludp,1.0,dark_channel_q4,q4,150,-0.6212267430623373,-0.8342768580118815,0.16068298752243454,-0.23107924332489838,-1.1745099248112858,-5.526937484741211,-0.001588145097096761,0.32666666666666666,0.2567570339087464,0.32666666666666666,94,376.0,0.7000029457050124
fulludp,1.0,low_texture_q4,q1,150,-0.5653466924031576,-0.8113351427714031,-0.6578700606887405,-1.0955740103850493,-0.6757886731946791,-5.400211334228516,-0.0013588527838389079,0.3933333333333333,0.31875856694108035,0.3933333333333333,80,320.0,0.6113408752593829
fulludp,1.0,low_texture_q4,q2,150,-0.3829068883260091,-0.6424758338928223,0.033967404752164275,-0.2879420332006506,-1.0152979670344173,-8.424148559570312,-0.0009133787949879964,0.38666666666666666,0.3124898876515768,0.38666666666666666,81,324.0,0.6177655414136997
fulludp,1.0,low_texture_q4,q3,150,-0.3342351786295573,-0.5591324113210042,-0.31975122400232264,-0.714086187208021,-0.6098283303750528,-5.7906341552734375,-0.0008705461025238037,0.43333333333333335,0.35667455895269157,0.43333333333333335,82,328.0,0.6241763820467926
fulludp,1.0,low_texture_q4,q4,150,-0.4442765426635742,-0.7804645805358886,0.9351208145554001,0.28914074253391575,-1.5151338319520693,-6.705593109130859,-0.0009046427408854167,0.4066666666666667,0.33133978704521405,0.4066666666666667,86,344.0,0.6496804312594854
fulludp,1.0,edge_density_q4,q1,150,-0.9124274063110351,-1.2199844659169516,-0.546395121393977,-1.1079881384566024,-1.605677114950644,-8.424148559570312,-0.0018576713403066,0.37333333333333335,0.29999705429498763,0.37333333333333335,91,364.0,0.6812414330589196
fulludp,1.0,edge_density_q4,q2,150,-0.23703717549641928,-0.5119386831919351,0.4549040407747836,-0.12454172340599264,-0.9719590882997255,-5.526937484741211,-0.000887598991394043,0.4266666666666667,0.35031956874051456,0.4266666666666667,75,300.0,0.5790112953091499
fulludp,1.0,edge_density_q4,q3,150,-0.1964580281575521,-0.3921680895487467,0.4630165615597287,-0.010379974262134443,-0.5185928344726562,-4.527748107910156,-0.0007061195373535156,0.43333333333333335,0.35667455895269157,0.43333333333333335,76,304.0,0.5855046395697807
fulludp,1.0,edge_density_q4,q4,150,-0.38084269205729165,-0.59637642288208,0.06783717387431376,-0.4638330433819745,-0.7572260676203547,-4.902503967285156,-0.0005960305531819662,0.38666666666666666,0.3124898876515768,0.38666666666666666,87,348.0,0.656021282623158
fulludp,1.0,sky_highlight_proxy_q4,q1,150,-0.15746212005615234,-0.42610646120707196,0.8342235152785843,0.13057077253187027,-0.9413598550332559,-6.705593109130859,-0.0004473567008972168,0.4666666666666667,0.3886591247406171,0.4666666666666667,75,300.0,0.5790112953091499
fulludp,1.0,sky_highlight_proxy_q4,q2,150,-0.33078898111979166,-0.6240348459879558,0.2587258622453019,-0.32882268750989757,-1.02578828141496,-8.424148559570312,-0.0007999809583028157,0.46,0.38223445858630034,0.46,73,292.0,0.5659835143549715
fulludp,1.0,sky_highlight_proxy_q4,q3,150,-0.5808074061075846,-0.7956465873718263,-0.26315415872109904,-0.6647480990435626,-0.9479883554819468,-4.606590270996094,-0.0012713499863942464,0.4,0.32504190767977553,0.4,84,336.00000000000006,0.6369563904902955
fulludp,1.0,sky_highlight_proxy_q4,q4,150,-0.6577067947387696,-0.873750805536906,-0.18906593322753906,-0.5421630910924963,-1.1686658086003483,-4.630516052246094,-0.0015287327766418458,0.29333333333333333,0.22636309522530063,0.29333333333333333,97,387.99999999999994,0.7186285759545403
fulludp,1.0,split,val_hard,300,-0.19823442459106444,-0.3718238064448039,-0.03160527547200521,-0.3754389483133952,-0.3448503112792969,-4.630516052246094,-0.0011512223879496257,0.4166666666666667,0.36227512359534986,0.4166666666666667,161,322.0,0.592275117429281
fulludp,1.0,split,val_regular,300,-0.6651482264200846,-0.8616724662780763,-0.1488209533691406,-0.517112907409668,-0.8392509460449219,-8.424148559570312,-0.0008724878231684367,0.3933333333333333,0.3397381566402702,0.3933333333333333,168,336.00000000000006,0.6150617904205288
