{
  "runs": {
    "A0": {
      "label": "A0",
      "arch": "official_convir",
      "mode": "original",
      "checkpoint": "/sda/home/wangyuxin/ConvIR-B/checkpoints/official/Haze4K/haze4k-base.pkl",
      "depth_mode": "none",
      "airlight_mode": "none",
      "count": 600,
      "mean_psnr": 39.35034857114156,
      "mean_ssim": 0.9957262628277143,
      "avg_time_sec_sync": 0.05412089188893636,
      "median_time_sec_sync": 0.04861462116241455,
      "peak_cuda_mem_mib": 537.50634765625
    },
    "DTA_v35_v35_fdf_rcs_l2_fdf_lite_s002_g025_bm2_seed3407_f0_quick5full_fallback_train_zero": {
      "label": "DTA_v35_v35_fdf_rcs_l2_fdf_lite_s002_g025_bm2_seed3407_f0_quick5full_fallback_train_zero",
      "arch": "dta_v3",
      "mode": "modres",
      "checkpoint": "/sda/home/wangyuxin/ConvIR-B/repos/ConvIR-B-dta-v3-5-fdf-rcs-lite/Dehazing/ITS/results/ConvIR-Haze4K-DTA-v3-5-FDF-RCS-l2_fdf_lite_s002_g025_bm2-seed3407_f0-quick5full/Training-Results/Final.pkl",
      "depth_mode": "zero",
      "airlight_mode": "fallback",
      "count": 600,
      "mean_psnr": 39.3392109298706,
      "mean_ssim": 0.9956999285022418,
      "avg_time_sec_sync": 0.07742041905721028,
      "median_time_sec_sync": 0.07443869113922119,
      "peak_cuda_mem_mib": 601.9677734375
    }
  },
  "comparison": {
    "common_count": 600,
    "mean_psnr_delta": -0.011137641270955404,
    "median_psnr_delta": -0.008440017700195312,
    "p5_psnr_delta": -0.2851289749145508,
    "p95_psnr_delta": 0.253520393371582,
    "hard_bottom25_psnr_delta": -0.007100461324055989,
    "easy_top25_psnr_delta": -0.029766362508138022,
    "worst10pct_mean_psnr_delta": -0.3105171203613281,
    "best10pct_mean_psnr_delta": 0.29254490534464517,
    "worst10img_mean_psnr_delta": -0.502621841430664,
    "best10img_mean_psnr_delta": 0.49683685302734376,
    "worst10_mean_psnr_delta": -0.3105171203613281,
    "best10_mean_psnr_delta": 0.29254490534464517,
    "mean_ssim_delta": -2.6334325472513834e-05,
    "positive_ratio": 0.47,
    "strong_reference_cut_psnr": 42.755948066711426,
    "strong_reference_count": 150,
    "strong_regression_count_delta_le_-0.05": 58,
    "worst_regression_count_delta_le_-0.20": 49
  }
}