{
  "runs": {
    "A0": {
      "label": "A0",
      "arch": "official_convir",
      "mode": "original",
      "checkpoint": "/sda/home/wangyuxin/ConvIR-B/checkpoints/official/Haze4K/haze4k-base.pkl",
      "depth_mode": "none",
      "count": 600,
      "mean_psnr": 39.49932057380676,
      "mean_ssim": 0.9955887365341186,
      "avg_time_sec_sync": 0.04963192661603292,
      "median_time_sec_sync": 0.044183969497680664,
      "peak_cuda_mem_mib": 535.56884765625
    },
    "DTA_v2_oof20_adapter_only_invert_seed3407_f4_final": {
      "label": "DTA_v2_oof20_adapter_only_invert_seed3407_f4_final",
      "arch": "dta_v2",
      "mode": "original",
      "checkpoint": "/sda/home/wangyuxin/ConvIR-B/repos/ConvIR-B-dta-v2-calibrated/Dehazing/ITS/results/ConvIR-Haze4K-DTA-v2-adapter_only-invert-seed3407-f4-oof20/Training-Results/Final.pkl",
      "depth_mode": "invert",
      "count": 600,
      "mean_psnr": 39.60583157221476,
      "mean_ssim": 0.9955631566047668,
      "avg_time_sec_sync": 0.0508422327041626,
      "median_time_sec_sync": 0.04754805564880371,
      "peak_cuda_mem_mib": 541.38671875
    }
  },
  "comparison": {
    "common_count": 600,
    "mean_psnr_delta": 0.10651099840799967,
    "median_psnr_delta": 0.08743095397949219,
    "p5_psnr_delta": -0.3949443817138672,
    "p95_psnr_delta": 0.6728754043579098,
    "hard_bottom25_psnr_delta": 0.09010028839111328,
    "easy_top25_psnr_delta": 0.08774080912272135,
    "worst10pct_mean_psnr_delta": -0.43584858576456703,
    "best10pct_mean_psnr_delta": 0.7146841367085774,
    "worst10img_mean_psnr_delta": -0.7114082336425781,
    "best10img_mean_psnr_delta": 0.9770072937011719,
    "worst10_mean_psnr_delta": -0.43584858576456703,
    "best10_mean_psnr_delta": 0.7146841367085774,
    "mean_ssim_delta": -2.5579929351806642e-05,
    "positive_ratio": 0.6266666666666667,
    "strong_reference_cut_psnr": 42.82054328918457,
    "strong_reference_count": 150,
    "strong_regression_count_delta_le_-0.05": 51,
    "worst_regression_count_delta_le_-0.20": 84
  }
}