{
  "runs": {
    "A0": {
      "label": "A0",
      "arch": "official_convir",
      "mode": "original",
      "checkpoint": "/sda/home/wangyuxin/ConvIR-B/checkpoints/official/Haze4K/haze4k-base.pkl",
      "depth_mode": "none",
      "count": 600,
      "mean_psnr": 39.75955163955688,
      "mean_ssim": 0.995632650355498,
      "avg_time_sec_sync": 0.04270665367444356,
      "median_time_sec_sync": 0.03829753398895264,
      "peak_cuda_mem_mib": 535.56884765625
    },
    "DTA_v2_oof20_adapter_only_shuffle_seed3411_f1_final": {
      "label": "DTA_v2_oof20_adapter_only_shuffle_seed3411_f1_final",
      "arch": "dta_v2",
      "mode": "original",
      "checkpoint": "/sda/home/wangyuxin/ConvIR-B/repos/ConvIR-B-dta-v2-calibrated/Dehazing/ITS/results/ConvIR-Haze4K-DTA-v2-adapter_only-shuffle-seed3411-f1-oof20/Training-Results/Final.pkl",
      "depth_mode": "shuffle",
      "count": 600,
      "mean_psnr": 39.82388387044271,
      "mean_ssim": 0.995609126885732,
      "avg_time_sec_sync": 0.04297726313273112,
      "median_time_sec_sync": 0.03786015510559082,
      "peak_cuda_mem_mib": 540.76171875
    }
  },
  "comparison": {
    "common_count": 600,
    "mean_psnr_delta": 0.06433223088582357,
    "median_psnr_delta": 0.05286407470703125,
    "p5_psnr_delta": -0.39019126892089845,
    "p95_psnr_delta": 0.5348936080932615,
    "hard_bottom25_psnr_delta": 0.06155189514160156,
    "easy_top25_psnr_delta": 0.04499984741210938,
    "worst10pct_mean_psnr_delta": -0.4312389373779297,
    "best10pct_mean_psnr_delta": 0.5637254079182943,
    "worst10img_mean_psnr_delta": -0.7119735717773438,
    "best10img_mean_psnr_delta": 0.7321372985839844,
    "worst10_mean_psnr_delta": -0.4312389373779297,
    "best10_mean_psnr_delta": 0.5637254079182943,
    "mean_ssim_delta": -2.352346976598104e-05,
    "positive_ratio": 0.575,
    "strong_reference_cut_psnr": 42.834919929504395,
    "strong_reference_count": 150,
    "strong_regression_count_delta_le_-0.05": 55,
    "worst_regression_count_delta_le_-0.20": 102
  }
}