{
  "runs": {
    "A0": {
      "label": "A0",
      "arch": "official_convir",
      "mode": "original",
      "checkpoint": "/sda/home/wangyuxin/ConvIR-B/checkpoints/official/Haze4K/haze4k-base.pkl",
      "depth_mode": "none",
      "airlight_mode": "none",
      "count": 600,
      "mean_psnr": 39.75955163955688,
      "mean_ssim": 0.995632650355498,
      "avg_time_sec_sync": 0.06463958779970805,
      "median_time_sec_sync": 0.0599132776260376,
      "peak_cuda_mem_mib": 536.99169921875
    },
    "DTA_v35_v35_fdf_rcs_l1_fdf_lite_s004_g025_bm2_seed3407_f1_quick5full_fallback_train_normal": {
      "label": "DTA_v35_v35_fdf_rcs_l1_fdf_lite_s004_g025_bm2_seed3407_f1_quick5full_fallback_train_normal",
      "arch": "dta_v3",
      "mode": "modres",
      "checkpoint": "/sda/home/wangyuxin/ConvIR-B/repos/ConvIR-B-dta-v3-5-fdf-rcs-lite/Dehazing/ITS/results/ConvIR-Haze4K-DTA-v3-5-FDF-RCS-l1_fdf_lite_s004_g025_bm2-seed3407_f1-quick5full/Training-Results/Final.pkl",
      "depth_mode": "normal",
      "airlight_mode": "fallback",
      "count": 600,
      "mean_psnr": 39.76814813296,
      "mean_ssim": 0.995620352824529,
      "avg_time_sec_sync": 0.06963837305704752,
      "median_time_sec_sync": 0.06157994270324707,
      "peak_cuda_mem_mib": 602.1240234375
    }
  },
  "comparison": {
    "common_count": 600,
    "mean_psnr_delta": 0.008596493403116861,
    "median_psnr_delta": 0.0067119598388671875,
    "p5_psnr_delta": -0.2807024002075195,
    "p95_psnr_delta": 0.34110851287841787,
    "hard_bottom25_psnr_delta": -0.002579205830891927,
    "easy_top25_psnr_delta": 0.03774543762207031,
    "worst10pct_mean_psnr_delta": -0.33906803131103513,
    "best10pct_mean_psnr_delta": 0.37057501475016275,
    "worst10img_mean_psnr_delta": -0.6136802673339844,
    "best10img_mean_psnr_delta": 0.5704925537109375,
    "worst10_mean_psnr_delta": -0.33906803131103513,
    "best10_mean_psnr_delta": 0.37057501475016275,
    "mean_ssim_delta": -1.2297530968983968e-05,
    "positive_ratio": 0.515,
    "strong_reference_cut_psnr": 42.834919929504395,
    "strong_reference_count": 150,
    "strong_regression_count_delta_le_-0.05": 41,
    "worst_regression_count_delta_le_-0.20": 67
  }
}