{
  "runs": {
    "A0": {
      "label": "A0",
      "arch": "official_convir",
      "mode": "original",
      "checkpoint": "/sda/home/wangyuxin/ConvIR-B/checkpoints/official/Haze4K/haze4k-base.pkl",
      "depth_mode": "none",
      "airlight_mode": "none",
      "count": 600,
      "mean_psnr": 39.35034857114156,
      "mean_ssim": 0.9957262628277143,
      "avg_time_sec_sync": 0.04051637013753255,
      "median_time_sec_sync": 0.039490580558776855,
      "peak_cuda_mem_mib": 535.95654296875
    },
    "DTA_v33_v33_routerfusion_d2_lowphys_seed3407_f0_triage5full_fallback_zero": {
      "label": "DTA_v33_v33_routerfusion_d2_lowphys_seed3407_f0_triage5full_fallback_zero",
      "arch": "dta_v3",
      "mode": "modres",
      "checkpoint": "/sda/home/wangyuxin/ConvIR-B/repos/ConvIR-B-dta-v3-dapc-finetune-v33-routerfusion/Dehazing/ITS/results/ConvIR-Haze4K-DTA-v3-3-RouterFusion-d2_lowphys-seed3407-f0-triage5full/Training-Results/Final.pkl",
      "depth_mode": "zero",
      "airlight_mode": "fallback",
      "count": 600,
      "mean_psnr": 39.32571426391601,
      "mean_ssim": 0.9956935055057208,
      "avg_time_sec_sync": 0.04964018821716309,
      "median_time_sec_sync": 0.049437761306762695,
      "peak_cuda_mem_mib": 542.0234375
    }
  },
  "comparison": {
    "common_count": 600,
    "mean_psnr_delta": -0.024634307225545247,
    "median_psnr_delta": -0.020099639892578125,
    "p5_psnr_delta": -0.24659423828125,
    "p95_psnr_delta": 0.18199138641357399,
    "hard_bottom25_psnr_delta": -0.022892036437988282,
    "easy_top25_psnr_delta": -0.02847551981608073,
    "worst10pct_mean_psnr_delta": -0.2720036506652832,
    "best10pct_mean_psnr_delta": 0.19864072799682617,
    "worst10img_mean_psnr_delta": -0.42327537536621096,
    "best10img_mean_psnr_delta": 0.3235805511474609,
    "worst10_mean_psnr_delta": -0.2720036506652832,
    "best10_mean_psnr_delta": 0.19864072799682617,
    "mean_ssim_delta": -3.275732199350993e-05,
    "positive_ratio": 0.42833333333333334,
    "strong_reference_cut_psnr": 42.755948066711426,
    "strong_reference_count": 150,
    "strong_regression_count_delta_le_-0.05": 48,
    "worst_regression_count_delta_le_-0.20": 53
  }
}
