{
  "runs": {
    "A0": {
      "label": "A0",
      "arch": "official_convir",
      "mode": "original",
      "checkpoint": "/sda/home/wangyuxin/ConvIR-B/checkpoints/official/Haze4K/haze4k-base.pkl",
      "depth_mode": "none",
      "airlight_mode": "none",
      "count": 600,
      "mean_psnr": 39.75955163955688,
      "mean_ssim": 0.995632650355498,
      "avg_time_sec_sync": 0.034850764671961465,
      "median_time_sec_sync": 0.028621673583984375,
      "peak_cuda_mem_mib": 535.56884765625
    },
    "DTA_v33_v33_routerfusion_d3_router_seed3407_f1_triage5full_gt_normal": {
      "label": "DTA_v33_v33_routerfusion_d3_router_seed3407_f1_triage5full_gt_normal",
      "arch": "dta_v3",
      "mode": "modres",
      "checkpoint": "/sda/home/wangyuxin/ConvIR-B/repos/ConvIR-B-dta-v3-dapc-finetune-v33-routerfusion/Dehazing/ITS/results/ConvIR-Haze4K-DTA-v3-3-RouterFusion-d3_router-seed3407-f1-triage5full/Training-Results/Final.pkl",
      "depth_mode": "normal",
      "airlight_mode": "gt",
      "count": 600,
      "mean_psnr": 39.78677522977193,
      "mean_ssim": 0.9956327219804127,
      "avg_time_sec_sync": 0.04193991541862488,
      "median_time_sec_sync": 0.03793132305145264,
      "peak_cuda_mem_mib": 541.46142578125
    }
  },
  "comparison": {
    "common_count": 600,
    "mean_psnr_delta": 0.0272235902150472,
    "median_psnr_delta": 0.030336380004882812,
    "p5_psnr_delta": -0.2725654602050781,
    "p95_psnr_delta": 0.32024154663085885,
    "hard_bottom25_psnr_delta": 0.03865929921468099,
    "easy_top25_psnr_delta": 0.006713714599609375,
    "worst10pct_mean_psnr_delta": -0.3171666145324707,
    "best10pct_mean_psnr_delta": 0.35620622634887694,
    "worst10img_mean_psnr_delta": -0.5653736114501953,
    "best10img_mean_psnr_delta": 0.5450149536132812,
    "worst10_mean_psnr_delta": -0.3171666145324707,
    "best10_mean_psnr_delta": 0.35620622634887694,
    "mean_ssim_delta": 7.16249148050944e-08,
    "positive_ratio": 0.5866666666666667,
    "strong_reference_cut_psnr": 42.834919929504395,
    "strong_reference_count": 150,
    "strong_regression_count_delta_le_-0.05": 49,
    "worst_regression_count_delta_le_-0.20": 48
  }
}
