{
  "runs": {
    "A0": {
      "label": "A0",
      "arch": "official_convir",
      "mode": "original",
      "checkpoint": "/sda/home/wangyuxin/ConvIR-B/checkpoints/official/Haze4K/haze4k-base.pkl",
      "depth_mode": "none",
      "airlight_mode": "none",
      "count": 600,
      "mean_psnr": 39.75955163955688,
      "mean_ssim": 0.995632650355498,
      "avg_time_sec_sync": 0.035376957654953,
      "median_time_sec_sync": 0.032106637954711914,
      "peak_cuda_mem_mib": 536.99169921875
    },
    "DTA_v35_v35_fdf_rcs_l5_res010_tail_s004_g025_bm2_seed3411_f1_quick5full_fallback_train_normal": {
      "label": "DTA_v35_v35_fdf_rcs_l5_res010_tail_s004_g025_bm2_seed3411_f1_quick5full_fallback_train_normal",
      "arch": "dta_v3",
      "mode": "modres",
      "checkpoint": "/sda/home/wangyuxin/ConvIR-B/repos/ConvIR-B-dta-v3-5-fdf-rcs-lite/Dehazing/ITS/results/ConvIR-Haze4K-DTA-v3-5-FDF-RCS-l5_res010_tail_s004_g025_bm2-seed3411_f1-quick5full/Training-Results/Final.pkl",
      "depth_mode": "normal",
      "airlight_mode": "fallback",
      "count": 600,
      "mean_psnr": 39.77643788337708,
      "mean_ssim": 0.9956561550498009,
      "avg_time_sec_sync": 0.04698083202044169,
      "median_time_sec_sync": 0.04608297348022461,
      "peak_cuda_mem_mib": 603.92919921875
    }
  },
  "comparison": {
    "common_count": 600,
    "mean_psnr_delta": 0.016886243820190428,
    "median_psnr_delta": 0.0190582275390625,
    "p5_psnr_delta": -0.2609226226806641,
    "p95_psnr_delta": 0.28594112396240173,
    "hard_bottom25_psnr_delta": 0.04082447052001953,
    "easy_top25_psnr_delta": 0.01829902648925781,
    "worst10pct_mean_psnr_delta": -0.30652542114257814,
    "best10pct_mean_psnr_delta": 0.3267707824707031,
    "worst10img_mean_psnr_delta": -0.5613826751708985,
    "best10img_mean_psnr_delta": 0.523044204711914,
    "worst10_mean_psnr_delta": -0.30652542114257814,
    "best10_mean_psnr_delta": 0.3267707824707031,
    "mean_ssim_delta": 2.350469430287679e-05,
    "positive_ratio": 0.5533333333333333,
    "strong_reference_cut_psnr": 42.834919929504395,
    "strong_reference_count": 150,
    "strong_regression_count_delta_le_-0.05": 45,
    "worst_regression_count_delta_le_-0.20": 50
  }
}