{
  "runs": {
    "A0": {
      "label": "A0",
      "arch": "official_convir",
      "mode": "original",
      "checkpoint": "/home/caozhiyang/ConvIR-B/checkpoints/official/Haze4K/haze4k-base.pkl",
      "depth_mode": "none",
      "airlight_mode": "none",
      "count": 600,
      "mean_psnr": 39.34407578468323,
      "mean_ssim": 0.995722817381223,
      "avg_time_sec_sync": 0.023601882060368857,
      "median_time_sec_sync": 0.024604082107543945,
      "peak_cuda_mem_mib": 535.44482421875
    },
    "DTA_v34_v34_fdf_tsr_e3_tsr_full_seed3411_f0_quick5full_fallback_train_shuffle": {
      "label": "DTA_v34_v34_fdf_tsr_e3_tsr_full_seed3411_f0_quick5full_fallback_train_shuffle",
      "arch": "dta_v3",
      "mode": "modres",
      "checkpoint": "/home/caozhiyang/ConvIR-B/repos/ConvIR-B-dta-v3-4-fdf-tsr-finetune/Dehazing/ITS/results/ConvIR-Haze4K-DTA-v3-4-FDF-TSR-e3_tsr_full-seed3411_f0-quick5full/Training-Results/Final.pkl",
      "depth_mode": "shuffle",
      "airlight_mode": "fallback",
      "count": 600,
      "mean_psnr": 39.25246396064758,
      "mean_ssim": 0.9956604274113973,
      "avg_time_sec_sync": 0.03169035116831462,
      "median_time_sec_sync": 0.03525185585021973,
      "peak_cuda_mem_mib": 543.5712890625
    }
  },
  "comparison": {
    "common_count": 600,
    "mean_psnr_delta": -0.09161182403564454,
    "median_psnr_delta": -0.10320281982421875,
    "p5_psnr_delta": -0.7050731658935547,
    "p95_psnr_delta": 0.6024412155151366,
    "hard_bottom25_psnr_delta": -0.17463180541992188,
    "easy_top25_psnr_delta": -0.03629826863606771,
    "worst10pct_mean_psnr_delta": -0.7993024826049805,
    "best10pct_mean_psnr_delta": 0.6528228123982748,
    "worst10img_mean_psnr_delta": -1.3157329559326172,
    "best10img_mean_psnr_delta": 1.0868602752685548,
    "worst10_mean_psnr_delta": -0.7993024826049805,
    "best10_mean_psnr_delta": 0.6528228123982748,
    "mean_ssim_delta": -6.238996982574463e-05,
    "positive_ratio": 0.37166666666666665,
    "strong_reference_cut_psnr": 42.766201972961426,
    "strong_reference_count": 150,
    "strong_regression_count_delta_le_-0.05": 67,
    "worst_regression_count_delta_le_-0.20": 229
  }
}