{
  "runs": {
    "A0": {
      "label": "A0",
      "arch": "official_convir",
      "mode": "original",
      "checkpoint": "/sda/home/wangyuxin/ConvIR-B/checkpoints/official/Haze4K/haze4k-base.pkl",
      "depth_mode": "none",
      "airlight_mode": "none",
      "count": 600,
      "mean_psnr": 39.35034857114156,
      "mean_ssim": 0.9957262628277143,
      "avg_time_sec_sync": 0.062011549870173134,
      "median_time_sec_sync": 0.05817735195159912,
      "peak_cuda_mem_mib": 537.50634765625
    },
    "DTA_v35_v35_fdf_rcs_l4_fdf_lite_tail_s004_g025_bm2_seed3411_f0_quick5full_fallback_train_shuffle": {
      "label": "DTA_v35_v35_fdf_rcs_l4_fdf_lite_tail_s004_g025_bm2_seed3411_f0_quick5full_fallback_train_shuffle",
      "arch": "dta_v3",
      "mode": "modres",
      "checkpoint": "/sda/home/wangyuxin/ConvIR-B/repos/ConvIR-B-dta-v3-5-fdf-rcs-lite/Dehazing/ITS/results/ConvIR-Haze4K-DTA-v3-5-FDF-RCS-l4_fdf_lite_tail_s004_g025_bm2-seed3411_f0-quick5full/Training-Results/Final.pkl",
      "depth_mode": "shuffle",
      "airlight_mode": "fallback",
      "count": 600,
      "mean_psnr": 39.387422974904375,
      "mean_ssim": 0.9957294445236524,
      "avg_time_sec_sync": 0.058234238227208454,
      "median_time_sec_sync": 0.0533369779586792,
      "peak_cuda_mem_mib": 601.7294921875
    }
  },
  "comparison": {
    "common_count": 600,
    "mean_psnr_delta": 0.037074403762817384,
    "median_psnr_delta": 0.03298377990722656,
    "p5_psnr_delta": -0.2793590545654297,
    "p95_psnr_delta": 0.36254100799560535,
    "hard_bottom25_psnr_delta": 0.02593883514404297,
    "easy_top25_psnr_delta": 0.028926493326822917,
    "worst10pct_mean_psnr_delta": -0.3226961135864258,
    "best10pct_mean_psnr_delta": 0.3692538579305013,
    "worst10img_mean_psnr_delta": -0.5353641510009766,
    "best10img_mean_psnr_delta": 0.5220077514648438,
    "worst10_mean_psnr_delta": -0.3226961135864258,
    "best10_mean_psnr_delta": 0.3692538579305013,
    "mean_ssim_delta": 3.1816959381103517e-06,
    "positive_ratio": 0.5966666666666667,
    "strong_reference_cut_psnr": 42.755948066711426,
    "strong_reference_count": 150,
    "strong_regression_count_delta_le_-0.05": 44,
    "worst_regression_count_delta_le_-0.20": 57
  }
}