{
  "runs": {
    "A0": {
      "label": "A0",
      "arch": "official_convir",
      "mode": "original",
      "checkpoint": "/sda/home/wangyuxin/ConvIR-B/checkpoints/official/Haze4K/haze4k-base.pkl",
      "depth_mode": "none",
      "count": 600,
      "mean_psnr": 39.024180043538415,
      "mean_ssim": 0.9954205108682315,
      "avg_time_sec_sync": 0.04399324576059977,
      "median_time_sec_sync": 0.04069507122039795,
      "peak_cuda_mem_mib": 535.56884765625
    },
    "DTA_v2_oof20_adapter_only_zero_seed3411_f2_final": {
      "label": "DTA_v2_oof20_adapter_only_zero_seed3411_f2_final",
      "arch": "dta_v2",
      "mode": "original",
      "checkpoint": "/sda/home/wangyuxin/ConvIR-B/repos/ConvIR-B-dta-v2-calibrated/Dehazing/ITS/results/ConvIR-Haze4K-DTA-v2-adapter_only-zero-seed3411-f2-oof20/Training-Results/Final.pkl",
      "depth_mode": "zero",
      "count": 600,
      "mean_psnr": 39.09278834978739,
      "mean_ssim": 0.99541604022185,
      "avg_time_sec_sync": 0.03914881865183512,
      "median_time_sec_sync": 0.035369277000427246,
      "peak_cuda_mem_mib": 541.2802734375
    }
  },
  "comparison": {
    "common_count": 600,
    "mean_psnr_delta": 0.06860830624898274,
    "median_psnr_delta": 0.04360008239746094,
    "p5_psnr_delta": -0.32834720611572266,
    "p95_psnr_delta": 0.5328271865844725,
    "hard_bottom25_psnr_delta": 0.007434069315592448,
    "easy_top25_psnr_delta": 0.09147672017415365,
    "worst10pct_mean_psnr_delta": -0.3870838165283203,
    "best10pct_mean_psnr_delta": 0.5789586385091146,
    "worst10img_mean_psnr_delta": -0.7106330871582032,
    "best10img_mean_psnr_delta": 0.8448329925537109,
    "worst10_mean_psnr_delta": -0.3870838165283203,
    "best10_mean_psnr_delta": 0.5789586385091146,
    "mean_ssim_delta": -4.4706463813781736e-06,
    "positive_ratio": 0.6033333333333334,
    "strong_reference_cut_psnr": 42.41839599609375,
    "strong_reference_count": 150,
    "strong_regression_count_delta_le_-0.05": 51,
    "worst_regression_count_delta_le_-0.20": 69
  }
}