{
  "runs": {
    "A0": {
      "label": "A0",
      "arch": "official_convir",
      "mode": "original",
      "checkpoint": "/home/caozhiyang/ConvIR-B/checkpoints/official/Haze4K/haze4k-base.pkl",
      "depth_mode": "none",
      "airlight_mode": "none",
      "count": 600,
      "mean_psnr": 39.34407578468323,
      "mean_ssim": 0.995722817381223,
      "avg_time_sec_sync": 0.022439399162928263,
      "median_time_sec_sync": 0.02454376220703125,
      "peak_cuda_mem_mib": 535.44482421875
    },
    "DTA_v34_v34_fdf_tsr_e2_tiny_residual_seed3411_f0_quick5full_fallback_train_zero": {
      "label": "DTA_v34_v34_fdf_tsr_e2_tiny_residual_seed3411_f0_quick5full_fallback_train_zero",
      "arch": "dta_v3",
      "mode": "modres",
      "checkpoint": "/home/caozhiyang/ConvIR-B/repos/ConvIR-B-dta-v3-4-fdf-tsr-finetune/Dehazing/ITS/results/ConvIR-Haze4K-DTA-v3-4-FDF-TSR-e2_tiny_residual-seed3411_f0-quick5full/Training-Results/Final.pkl",
      "depth_mode": "zero",
      "airlight_mode": "fallback",
      "count": 600,
      "mean_psnr": 39.230262775421146,
      "mean_ssim": 0.9956308077772459,
      "avg_time_sec_sync": 0.0325590447584788,
      "median_time_sec_sync": 0.03510868549346924,
      "peak_cuda_mem_mib": 543.6943359375
    }
  },
  "comparison": {
    "common_count": 600,
    "mean_psnr_delta": -0.11381300926208496,
    "median_psnr_delta": -0.09578895568847656,
    "p5_psnr_delta": -0.7218376159667969,
    "p95_psnr_delta": 0.4585283279418944,
    "hard_bottom25_psnr_delta": -0.13029966990152994,
    "easy_top25_psnr_delta": -0.12280614217122396,
    "worst10pct_mean_psnr_delta": -0.7919746398925781,
    "best10pct_mean_psnr_delta": 0.5414965311686198,
    "worst10img_mean_psnr_delta": -1.1625553131103517,
    "best10img_mean_psnr_delta": 0.9493766784667969,
    "worst10_mean_psnr_delta": -0.7919746398925781,
    "best10_mean_psnr_delta": 0.5414965311686198,
    "mean_ssim_delta": -9.200960397720337e-05,
    "positive_ratio": 0.35,
    "strong_reference_cut_psnr": 42.766201972961426,
    "strong_reference_count": 150,
    "strong_regression_count_delta_le_-0.05": 80,
    "worst_regression_count_delta_le_-0.20": 225
  }
}