{
  "runs": {
    "A0": {
      "label": "A0",
      "arch": "official_convir",
      "mode": "original",
      "checkpoint": "/home/caozhiyang/ConvIR-B/checkpoints/official/Haze4K/haze4k-base.pkl",
      "depth_mode": "none",
      "airlight_mode": "none",
      "count": 600,
      "mean_psnr": 39.75413154284159,
      "mean_ssim": 0.9956292870640755,
      "avg_time_sec_sync": 0.024758711258570352,
      "median_time_sec_sync": 0.024755239486694336,
      "peak_cuda_mem_mib": 535.44482421875
    },
    "DTA_v34_v34_fdf_tsr_e2_tiny_residual_seed3407_f1_quick5full_fallback_train_normal": {
      "label": "DTA_v34_v34_fdf_tsr_e2_tiny_residual_seed3407_f1_quick5full_fallback_train_normal",
      "arch": "dta_v3",
      "mode": "modres",
      "checkpoint": "/home/caozhiyang/ConvIR-B/repos/ConvIR-B-dta-v3-4-fdf-tsr-finetune/Dehazing/ITS/results/ConvIR-Haze4K-DTA-v3-4-FDF-TSR-e2_tiny_residual-seed3407_f1-quick5full/Training-Results/Final.pkl",
      "depth_mode": "normal",
      "airlight_mode": "fallback",
      "count": 600,
      "mean_psnr": 39.61464023590088,
      "mean_ssim": 0.9955784788727761,
      "avg_time_sec_sync": 0.03290048877398173,
      "median_time_sec_sync": 0.03486013412475586,
      "peak_cuda_mem_mib": 543.7529296875
    }
  },
  "comparison": {
    "common_count": 600,
    "mean_psnr_delta": -0.13949130694071452,
    "median_psnr_delta": -0.1247243881225586,
    "p5_psnr_delta": -0.7118255615234375,
    "p95_psnr_delta": 0.44844131469726517,
    "hard_bottom25_psnr_delta": -0.17254711151123048,
    "easy_top25_psnr_delta": -0.0390240478515625,
    "worst10pct_mean_psnr_delta": -0.782786242167155,
    "best10pct_mean_psnr_delta": 0.498278554280599,
    "worst10img_mean_psnr_delta": -1.1533500671386718,
    "best10img_mean_psnr_delta": 0.9332443237304687,
    "worst10_mean_psnr_delta": -0.782786242167155,
    "best10_mean_psnr_delta": 0.498278554280599,
    "mean_ssim_delta": -5.0808191299438474e-05,
    "positive_ratio": 0.30833333333333335,
    "strong_reference_cut_psnr": 42.84021854400635,
    "strong_reference_count": 150,
    "strong_regression_count_delta_le_-0.05": 75,
    "worst_regression_count_delta_le_-0.20": 247
  }
}