{
  "runs": {
    "A0": {
      "label": "A0",
      "arch": "official_convir",
      "mode": "original",
      "checkpoint": "/home/caozhiyang/ConvIR-B/checkpoints/official/Haze4K/haze4k-base.pkl",
      "depth_mode": "none",
      "airlight_mode": "none",
      "count": 600,
      "mean_psnr": 39.75413154284159,
      "mean_ssim": 0.9956292870640755,
      "avg_time_sec_sync": 0.024003894726435344,
      "median_time_sec_sync": 0.0243990421295166,
      "peak_cuda_mem_mib": 535.44482421875
    },
    "DTA_v34_v34_fdf_tsr_e4_plus_film_seed3407_f1_quick5full_fallback_train_normal": {
      "label": "DTA_v34_v34_fdf_tsr_e4_plus_film_seed3407_f1_quick5full_fallback_train_normal",
      "arch": "dta_v3",
      "mode": "modres",
      "checkpoint": "/home/caozhiyang/ConvIR-B/repos/ConvIR-B-dta-v3-4-fdf-tsr-finetune/Dehazing/ITS/results/ConvIR-Haze4K-DTA-v3-4-FDF-TSR-e4_plus_film-seed3407_f1-quick5full/Training-Results/Final.pkl",
      "depth_mode": "normal",
      "airlight_mode": "fallback",
      "count": 600,
      "mean_psnr": 39.67579935073852,
      "mean_ssim": 0.9955787057677905,
      "avg_time_sec_sync": 0.03462064305941264,
      "median_time_sec_sync": 0.0356752872467041,
      "peak_cuda_mem_mib": 544.3037109375
    }
  },
  "comparison": {
    "common_count": 600,
    "mean_psnr_delta": -0.07833219210306804,
    "median_psnr_delta": -0.07548713684082031,
    "p5_psnr_delta": -0.663484001159668,
    "p95_psnr_delta": 0.5105634689331054,
    "hard_bottom25_psnr_delta": -0.11014906565348308,
    "easy_top25_psnr_delta": -0.007031453450520833,
    "worst10pct_mean_psnr_delta": -0.7624183019002279,
    "best10pct_mean_psnr_delta": 0.6004496892293294,
    "worst10img_mean_psnr_delta": -1.2522354125976562,
    "best10img_mean_psnr_delta": 1.017770004272461,
    "worst10_mean_psnr_delta": -0.7624183019002279,
    "best10_mean_psnr_delta": 0.6004496892293294,
    "mean_ssim_delta": -5.058129628499349e-05,
    "positive_ratio": 0.375,
    "strong_reference_cut_psnr": 42.84021854400635,
    "strong_reference_count": 150,
    "strong_regression_count_delta_le_-0.05": 66,
    "worst_regression_count_delta_le_-0.20": 203
  }
}