{
  "runs": {
    "A0": {
      "label": "A0",
      "arch": "official_convir",
      "mode": "original",
      "checkpoint": "/sda/home/wangyuxin/ConvIR-B/checkpoints/official/Haze4K/haze4k-base.pkl",
      "depth_mode": "none",
      "airlight_mode": "none",
      "count": 600,
      "mean_psnr": 39.75955163955688,
      "mean_ssim": 0.995632650355498,
      "avg_time_sec_sync": 0.048824462890625,
      "median_time_sec_sync": 0.04352986812591553,
      "peak_cuda_mem_mib": 536.99169921875
    },
    "DTA_v35_v35_fdf_rcs_l2_fdf_lite_s002_g025_bm2_seed3411_f1_quick5full_fallback_train_shuffle": {
      "label": "DTA_v35_v35_fdf_rcs_l2_fdf_lite_s002_g025_bm2_seed3411_f1_quick5full_fallback_train_shuffle",
      "arch": "dta_v3",
      "mode": "modres",
      "checkpoint": "/sda/home/wangyuxin/ConvIR-B/repos/ConvIR-B-dta-v3-5-fdf-rcs-lite/Dehazing/ITS/results/ConvIR-Haze4K-DTA-v3-5-FDF-RCS-l2_fdf_lite_s002_g025_bm2-seed3411_f1-quick5full/Training-Results/Final.pkl",
      "depth_mode": "shuffle",
      "airlight_mode": "fallback",
      "count": 600,
      "mean_psnr": 39.77478967666626,
      "mean_ssim": 0.9956543158491452,
      "avg_time_sec_sync": 0.06930815021197001,
      "median_time_sec_sync": 0.06489098072052002,
      "peak_cuda_mem_mib": 602.0146484375
    }
  },
  "comparison": {
    "common_count": 600,
    "mean_psnr_delta": 0.015238037109375,
    "median_psnr_delta": 0.012950897216796875,
    "p5_psnr_delta": -0.23919334411621093,
    "p95_psnr_delta": 0.2712509155273435,
    "hard_bottom25_psnr_delta": 0.04173029581705729,
    "easy_top25_psnr_delta": 0.010298538208007812,
    "worst10pct_mean_psnr_delta": -0.2810872713724772,
    "best10pct_mean_psnr_delta": 0.29745210011800133,
    "worst10img_mean_psnr_delta": -0.533343505859375,
    "best10img_mean_psnr_delta": 0.4742149353027344,
    "worst10_mean_psnr_delta": -0.2810872713724772,
    "best10_mean_psnr_delta": 0.29745210011800133,
    "mean_ssim_delta": 2.1665493647257488e-05,
    "positive_ratio": 0.55,
    "strong_reference_cut_psnr": 42.834919929504395,
    "strong_reference_count": 150,
    "strong_regression_count_delta_le_-0.05": 44,
    "worst_regression_count_delta_le_-0.20": 40
  }
}