{
  "runs": {
    "A0": {
      "label": "A0",
      "arch": "official_convir",
      "mode": "original",
      "checkpoint": "/sda/home/wangyuxin/ConvIR-B/checkpoints/official/Haze4K/haze4k-base.pkl",
      "depth_mode": "none",
      "airlight_mode": "none",
      "count": 600,
      "mean_psnr": 39.35034857114156,
      "mean_ssim": 0.9957262628277143,
      "avg_time_sec_sync": 0.04275461753209432,
      "median_time_sec_sync": 0.042174696922302246,
      "peak_cuda_mem_mib": 535.95654296875
    },
    "DTA_v33_v33_routerfusion_d2_lowphys_seed3411_f0_triage5full_gt_shuffle": {
      "label": "DTA_v33_v33_routerfusion_d2_lowphys_seed3411_f0_triage5full_gt_shuffle",
      "arch": "dta_v3",
      "mode": "modres",
      "checkpoint": "/sda/home/wangyuxin/ConvIR-B/repos/ConvIR-B-dta-v3-dapc-finetune-v33-routerfusion/Dehazing/ITS/results/ConvIR-Haze4K-DTA-v3-3-RouterFusion-d2_lowphys-seed3411-f0-triage5full/Training-Results/Final.pkl",
      "depth_mode": "shuffle",
      "airlight_mode": "gt",
      "count": 600,
      "mean_psnr": 39.403168557484946,
      "mean_ssim": 0.9957328482468923,
      "avg_time_sec_sync": 0.04908623258272807,
      "median_time_sec_sync": 0.049939751625061035,
      "peak_cuda_mem_mib": 542.33642578125
    }
  },
  "comparison": {
    "common_count": 600,
    "mean_psnr_delta": 0.052819986343383786,
    "median_psnr_delta": 0.042858123779296875,
    "p5_psnr_delta": -0.1616647720336914,
    "p95_psnr_delta": 0.3139560699462886,
    "hard_bottom25_psnr_delta": 0.06545530954996745,
    "easy_top25_psnr_delta": 0.03716669718424479,
    "worst10pct_mean_psnr_delta": -0.18161207834879559,
    "best10pct_mean_psnr_delta": 0.33313961029052735,
    "worst10img_mean_psnr_delta": -0.2942157745361328,
    "best10img_mean_psnr_delta": 0.485479736328125,
    "worst10_mean_psnr_delta": -0.18161207834879559,
    "best10_mean_psnr_delta": 0.33313961029052735,
    "mean_ssim_delta": 6.585419178009033e-06,
    "positive_ratio": 0.6533333333333333,
    "strong_reference_cut_psnr": 42.755948066711426,
    "strong_reference_count": 150,
    "strong_regression_count_delta_le_-0.05": 37,
    "worst_regression_count_delta_le_-0.20": 20
  }
}
