{
  "runs": {
    "a0": {
      "label": "a0",
      "arch": "convir",
      "mode": "original",
      "checkpoint": "/root/autodl-tmp/workspace/ConvIR-B/Dehazing/pretrained_models/haze4k-base.pkl",
      "count": 300,
      "mean_psnr": 34.24652524312337,
      "mean_ssim": 0.9936463171243668,
      "avg_time_sec_sync": 0.05799939473470052,
      "median_time_sec_sync": 0.04988539218902588,
      "peak_cuda_mem_mib": 536.22607421875
    },
    "v14b_final_val_hard": {
      "label": "v14b_final_val_hard",
      "arch": "dpga",
      "mode": "Final",
      "checkpoint": "/root/autodl-tmp/workspace/ConvIR-B-v1-4b-bidpfm1/Dehazing/ITS/results/ConvIR-Haze4K-v1.4B-BiDPFM1-adapter-only-seed3407-20260604/Training-Results/Final.pkl",
      "count": 300,
      "mean_psnr": 34.269954681396484,
      "mean_ssim": 0.9936342740058899,
      "avg_time_sec_sync": 0.057562623818715415,
      "median_time_sec_sync": 0.050623536109924316,
      "peak_cuda_mem_mib": 1147.46435546875
    }
  },
  "comparison": {
    "common_count": 300,
    "mean_psnr_delta": 0.023429438273111978,
    "median_psnr_delta": 0.017103195190429688,
    "p5_psnr_delta": -0.1562042236328125,
    "p95_psnr_delta": 0.22275028228759783,
    "hard_bottom25_psnr_delta": 0.020760294596354166,
    "easy_top25_psnr_delta": 0.036296488444010414,
    "worst10pct_mean_psnr_delta": -0.1659432093302409,
    "best10pct_mean_psnr_delta": 0.23253504435221353,
    "worst10img_mean_psnr_delta": -0.22025299072265625,
    "best10img_mean_psnr_delta": 0.2906097412109375,
    "worst10_mean_psnr_delta": -0.1659432093302409,
    "best10_mean_psnr_delta": 0.23253504435221353,
    "mean_ssim_delta": -1.2043118476867676e-05,
    "positive_ratio": 0.57,
    "strong_reference_cut_psnr": 36.437724113464355,
    "strong_reference_count": 75,
    "strong_regression_count_delta_le_-0.05": 16,
    "worst_regression_count_delta_le_-0.20": 8
  }
}