{
  "runs": {
    "a0": {
      "label": "a0",
      "arch": "convir",
      "mode": "original",
      "checkpoint": "/root/autodl-tmp/workspace/ConvIR-B/Dehazing/pretrained_models/haze4k-base.pkl",
      "count": 300,
      "mean_psnr": 34.24652524312337,
      "mean_ssim": 0.9936463163296382,
      "avg_time_sec_sync": 0.05726865291595459,
      "median_time_sec_sync": 0.05024385452270508,
      "peak_cuda_mem_mib": 536.22607421875
    },
    "v14b_best_val_hard": {
      "label": "v14b_best_val_hard",
      "arch": "dpga",
      "mode": "Best",
      "checkpoint": "/root/autodl-tmp/workspace/ConvIR-B-v1-4b-bidpfm1/Dehazing/ITS/results/ConvIR-Haze4K-v1.4B-BiDPFM1-adapter-only-seed3407-20260604/Training-Results/Best.pkl",
      "count": 300,
      "mean_psnr": 34.269954719543456,
      "mean_ssim": 0.9936342738072077,
      "avg_time_sec_sync": 0.05809113423029582,
      "median_time_sec_sync": 0.05119740962982178,
      "peak_cuda_mem_mib": 1147.46435546875
    }
  },
  "comparison": {
    "common_count": 300,
    "mean_psnr_delta": 0.023429476420084635,
    "median_psnr_delta": 0.017103195190429688,
    "p5_psnr_delta": -0.1562042236328125,
    "p95_psnr_delta": 0.22275028228759783,
    "hard_bottom25_psnr_delta": 0.020760294596354166,
    "easy_top25_psnr_delta": 0.03629664103190104,
    "worst10pct_mean_psnr_delta": -0.1659432093302409,
    "best10pct_mean_psnr_delta": 0.23253542582194012,
    "worst10img_mean_psnr_delta": -0.22025299072265625,
    "best10img_mean_psnr_delta": 0.2906097412109375,
    "worst10_mean_psnr_delta": -0.1659432093302409,
    "best10_mean_psnr_delta": 0.23253542582194012,
    "mean_ssim_delta": -1.2042522430419921e-05,
    "positive_ratio": 0.57,
    "strong_reference_cut_psnr": 36.437724113464355,
    "strong_reference_count": 75,
    "strong_regression_count_delta_le_-0.05": 16,
    "worst_regression_count_delta_le_-0.20": 8
  }
}