{
  "runs": {
    "a0": {
      "label": "a0",
      "arch": "convir",
      "mode": "original",
      "checkpoint": "/root/autodl-tmp/workspace/ConvIR-B/Dehazing/pretrained_models/haze4k-base.pkl",
      "count": 300,
      "mean_psnr": 39.46919344584147,
      "mean_ssim": 0.9956027692556382,
      "avg_time_sec_sync": 0.05620311657587687,
      "median_time_sec_sync": 0.04964303970336914,
      "peak_cuda_mem_mib": 535.27294921875
    },
    "v14b_best_val_regular": {
      "label": "v14b_best_val_regular",
      "arch": "dpga",
      "mode": "Best",
      "checkpoint": "/root/autodl-tmp/workspace/ConvIR-B-v1-4b-bidpfm1/Dehazing/ITS/results/ConvIR-Haze4K-v1.4B-BiDPFM1-adapter-only-seed3407-20260604/Training-Results/Best.pkl",
      "count": 300,
      "mean_psnr": 39.497816975911455,
      "mean_ssim": 0.9955949914455414,
      "avg_time_sec_sync": 0.05592652479807536,
      "median_time_sec_sync": 0.050917625427246094,
      "peak_cuda_mem_mib": 1147.56005859375
    }
  },
  "comparison": {
    "common_count": 300,
    "mean_psnr_delta": 0.02862353006998698,
    "median_psnr_delta": 0.0123138427734375,
    "p5_psnr_delta": -0.21426315307617189,
    "p95_psnr_delta": 0.29744911193847656,
    "hard_bottom25_psnr_delta": 0.011189219156901041,
    "easy_top25_psnr_delta": 0.025532633463541666,
    "worst10pct_mean_psnr_delta": -0.21830787658691406,
    "best10pct_mean_psnr_delta": 0.3115178426106771,
    "worst10img_mean_psnr_delta": -0.2894611358642578,
    "best10img_mean_psnr_delta": 0.38352241516113283,
    "worst10_mean_psnr_delta": -0.21830787658691406,
    "best10_mean_psnr_delta": 0.3115178426106771,
    "mean_ssim_delta": -7.777810096740723e-06,
    "positive_ratio": 0.5366666666666666,
    "strong_reference_cut_psnr": 42.45430278778076,
    "strong_reference_count": 75,
    "strong_regression_count_delta_le_-0.05": 21,
    "worst_regression_count_delta_le_-0.20": 17
  }
}