{
  "runs": {
    "A0": {
      "label": "A0",
      "arch": "official_convir",
      "mode": "original",
      "checkpoint": "/home/caozhiyang/ConvIR-B/checkpoints/official/Haze4K/haze4k-base.pkl",
      "depth_mode": "none",
      "airlight_mode": "none",
      "count": 600,
      "mean_psnr": 39.75413154284159,
      "mean_ssim": 0.9956292870640755,
      "avg_time_sec_sync": 0.025869463682174684,
      "median_time_sec_sync": 0.026473522186279297,
      "peak_cuda_mem_mib": 535.44482421875
    },
    "DTA_v34_v34_fdf_tsr_e2_tiny_residual_seed3407_f1_quick5full_fallback_train_shuffle": {
      "label": "DTA_v34_v34_fdf_tsr_e2_tiny_residual_seed3407_f1_quick5full_fallback_train_shuffle",
      "arch": "dta_v3",
      "mode": "modres",
      "checkpoint": "/home/caozhiyang/ConvIR-B/repos/ConvIR-B-dta-v3-4-fdf-tsr-finetune/Dehazing/ITS/results/ConvIR-Haze4K-DTA-v3-4-FDF-TSR-e2_tiny_residual-seed3407_f1-quick5full/Training-Results/Final.pkl",
      "depth_mode": "shuffle",
      "airlight_mode": "fallback",
      "count": 600,
      "mean_psnr": 39.65390995025635,
      "mean_ssim": 0.9955876619617144,
      "avg_time_sec_sync": 0.03487049738566081,
      "median_time_sec_sync": 0.035653114318847656,
      "peak_cuda_mem_mib": 544.2880859375
    }
  },
  "comparison": {
    "common_count": 600,
    "mean_psnr_delta": -0.10022159258524577,
    "median_psnr_delta": -0.10567092895507812,
    "p5_psnr_delta": -0.6474231719970703,
    "p95_psnr_delta": 0.4192823410034177,
    "hard_bottom25_psnr_delta": -0.12791634877522787,
    "easy_top25_psnr_delta": -0.03391810099283854,
    "worst10pct_mean_psnr_delta": -0.7070796330769856,
    "best10pct_mean_psnr_delta": 0.5004764874776204,
    "worst10img_mean_psnr_delta": -1.0808601379394531,
    "best10img_mean_psnr_delta": 0.9472537994384765,
    "worst10_mean_psnr_delta": -0.7070796330769856,
    "best10_mean_psnr_delta": 0.5004764874776204,
    "mean_ssim_delta": -4.1625102361043295e-05,
    "positive_ratio": 0.345,
    "strong_reference_cut_psnr": 42.84021854400635,
    "strong_reference_count": 150,
    "strong_regression_count_delta_le_-0.05": 73,
    "worst_regression_count_delta_le_-0.20": 205
  }
}