{
  "runs": {
    "A0": {
      "label": "A0",
      "arch": "official_convir",
      "mode": "original",
      "checkpoint": "/sda/home/wangyuxin/ConvIR-B/checkpoints/official/Haze4K/haze4k-base.pkl",
      "depth_mode": "none",
      "airlight_mode": "none",
      "count": 600,
      "mean_psnr": 39.75955163955688,
      "mean_ssim": 0.995632650355498,
      "avg_time_sec_sync": 0.03827193260192871,
      "median_time_sec_sync": 0.03574538230895996,
      "peak_cuda_mem_mib": 536.99169921875
    },
    "DTA_v35_v35_fdf_rcs_l2_fdf_lite_s002_g025_bm2_seed3411_f1_quick5full_fallback_train_invert": {
      "label": "DTA_v35_v35_fdf_rcs_l2_fdf_lite_s002_g025_bm2_seed3411_f1_quick5full_fallback_train_invert",
      "arch": "dta_v3",
      "mode": "modres",
      "checkpoint": "/sda/home/wangyuxin/ConvIR-B/repos/ConvIR-B-dta-v3-5-fdf-rcs-lite/Dehazing/ITS/results/ConvIR-Haze4K-DTA-v3-5-FDF-RCS-l2_fdf_lite_s002_g025_bm2-seed3411_f1-quick5full/Training-Results/Final.pkl",
      "depth_mode": "invert",
      "airlight_mode": "fallback",
      "count": 600,
      "mean_psnr": 39.80286482810974,
      "mean_ssim": 0.9956620769699415,
      "avg_time_sec_sync": 0.061074684460957845,
      "median_time_sec_sync": 0.05795931816101074,
      "peak_cuda_mem_mib": 601.8427734375
    }
  },
  "comparison": {
    "common_count": 600,
    "mean_psnr_delta": 0.043313188552856444,
    "median_psnr_delta": 0.040279388427734375,
    "p5_psnr_delta": -0.26503868103027345,
    "p95_psnr_delta": 0.36172828674316404,
    "hard_bottom25_psnr_delta": 0.07718911488850912,
    "easy_top25_psnr_delta": 0.024504114786783854,
    "worst10pct_mean_psnr_delta": -0.31093902587890626,
    "best10pct_mean_psnr_delta": 0.3843792597452799,
    "worst10img_mean_psnr_delta": -0.55980224609375,
    "best10img_mean_psnr_delta": 0.5677154541015625,
    "worst10_mean_psnr_delta": -0.31093902587890626,
    "best10_mean_psnr_delta": 0.3843792597452799,
    "mean_ssim_delta": 2.94266144434611e-05,
    "positive_ratio": 0.6133333333333333,
    "strong_reference_cut_psnr": 42.834919929504395,
    "strong_reference_count": 150,
    "strong_regression_count_delta_le_-0.05": 38,
    "worst_regression_count_delta_le_-0.20": 50
  }
}