{
  "runs": {
    "A0": {
      "label": "A0",
      "arch": "official_convir",
      "mode": "original",
      "checkpoint": "/sda/home/wangyuxin/ConvIR-B/checkpoints/official/Haze4K/haze4k-base.pkl",
      "depth_mode": "none",
      "airlight_mode": "none",
      "count": 600,
      "mean_psnr": 39.75955163955688,
      "mean_ssim": 0.995632650355498,
      "avg_time_sec_sync": 0.059251651763916016,
      "median_time_sec_sync": 0.053401827812194824,
      "peak_cuda_mem_mib": 536.99169921875
    },
    "DTA_v35_v35_fdf_rcs_l5_res015_tail_s004_g025_bm2_seed3407_f1_quick5full_fallback_train_zero": {
      "label": "DTA_v35_v35_fdf_rcs_l5_res015_tail_s004_g025_bm2_seed3407_f1_quick5full_fallback_train_zero",
      "arch": "dta_v3",
      "mode": "modres",
      "checkpoint": "/sda/home/wangyuxin/ConvIR-B/repos/ConvIR-B-dta-v3-5-fdf-rcs-lite/Dehazing/ITS/results/ConvIR-Haze4K-DTA-v3-5-FDF-RCS-l5_res015_tail_s004_g025_bm2-seed3407_f1-quick5full/Training-Results/Final.pkl",
      "depth_mode": "zero",
      "airlight_mode": "fallback",
      "count": 600,
      "mean_psnr": 39.767929312388105,
      "mean_ssim": 0.9955852190653484,
      "avg_time_sec_sync": 0.06168884833653768,
      "median_time_sec_sync": 0.05505096912384033,
      "peak_cuda_mem_mib": 604.35888671875
    }
  },
  "comparison": {
    "common_count": 600,
    "mean_psnr_delta": 0.008377672831217448,
    "median_psnr_delta": 0.007823944091796875,
    "p5_psnr_delta": -0.27722835540771484,
    "p95_psnr_delta": 0.3193124771118161,
    "hard_bottom25_psnr_delta": 0.006841278076171875,
    "easy_top25_psnr_delta": 0.022033716837565106,
    "worst10pct_mean_psnr_delta": -0.32251030604044595,
    "best10pct_mean_psnr_delta": 0.33431917826334634,
    "worst10img_mean_psnr_delta": -0.5574626922607422,
    "best10img_mean_psnr_delta": 0.4901264190673828,
    "worst10_mean_psnr_delta": -0.32251030604044595,
    "best10_mean_psnr_delta": 0.33431917826334634,
    "mean_ssim_delta": -4.743129014968872e-05,
    "positive_ratio": 0.525,
    "strong_reference_cut_psnr": 42.834919929504395,
    "strong_reference_count": 150,
    "strong_regression_count_delta_le_-0.05": 37,
    "worst_regression_count_delta_le_-0.20": 64
  }
}