{
  "best_policy": {
    "count": 600,
    "coverage": 0.20666666666666667,
    "dSSIM": 1.1609892050425212e-05,
    "easy_top25_dPSNR": 0.0,
    "hard_bottom25_dPSNR": 0.34585412343343097,
    "mean_dPSNR": 0.18447762489318847,
    "nonnegative_ratio": 0.9433333333333334,
    "policy_id": "val_hard_and_name_param_2_le_1.39",
    "positive_ratio": 0.15,
    "score": 0.2069411557515462,
    "screen_gate_pass": true,
    "severe_loss_count": 32,
    "severe_loss_per_600": 32.0,
    "strong_loss_count": 32,
    "strong_loss_per_600": 32.0
  },
  "best_safe_policy": {
    "count": 600,
    "coverage": 0.20666666666666667,
    "dSSIM": 1.1609892050425212e-05,
    "easy_top25_dPSNR": 0.0,
    "hard_bottom25_dPSNR": 0.34585412343343097,
    "mean_dPSNR": 0.18447762489318847,
    "nonnegative_ratio": 0.9433333333333334,
    "policy_id": "val_hard_and_name_param_2_le_1.39",
    "positive_ratio": 0.15,
    "score": 0.2069411557515462,
    "screen_gate_pass": true,
    "severe_loss_count": 32,
    "severe_loss_per_600": 32.0,
    "strong_loss_count": 32,
    "strong_loss_per_600": 32.0
  },
  "decision": "C1_SIMPLE_FEATURE_POLICY_SCREEN_PASS_START_C2_TABLE_ROUTER",
  "global_fulludp": {
    "count": 600,
    "coverage": 1.0,
    "dSSIM": -0.0003103939692179362,
    "easy_top25_dPSNR": -0.6864959208170572,
    "hard_bottom25_dPSNR": 0.6855227915445964,
    "mean_dPSNR": 0.06200496355692545,
    "nonnegative_ratio": 0.53,
    "positive_ratio": 0.53,
    "severe_loss_count": 252,
    "severe_loss_per_600": 252.0,
    "strong_loss_count": 268,
    "strong_loss_per_600": 268.0
  },
  "locked_test_touched": false,
  "max_simple_auc_positive_or_risk": 0.6312948838039163,
  "phase": "C1 Strong Expert Risk/Correctability Map",
  "route": "Haze4K-v2.0 StrongExpert-GainMix",
  "rows": 600
}