{
  "aggregate": {
    "dSSIM_mean": 0.0002366305390993754,
    "dSSIM_std": 2.6975189229637247e-06,
    "easy_top25_dPSNR_mean": 0.4730047268337674,
    "easy_top25_dPSNR_std": 0.007776323578393151,
    "fold_count": 15,
    "hard_bottom25_dPSNR_mean": 0.2563885964287652,
    "hard_bottom25_dPSNR_std": 0.0027147755093348755,
    "max_seed_severe_loss_per_600": 38.0,
    "mean_dPSNR_mean": 0.3305556138356527,
    "mean_dPSNR_std": 0.0022300845614504146,
    "min_seed_easy_top25_dPSNR": 0.4620073445638021,
    "min_seed_hard_bottom25_dPSNR": 0.25282432556152346,
    "nonnegative_ratio_mean": 0.84,
    "nonnegative_ratio_std": 0.003600411499115458,
    "positive_ratio_mean": 0.6799999999999999,
    "positive_ratio_std": 0.008923543557893873,
    "screen_gate_all_seeds_pass": true,
    "seed_count": 3,
    "selected_precision_mean": 0.8095450119817253,
    "selected_precision_std": 0.0015573324889435504,
    "severe_loss_per_600_mean": 37.0,
    "severe_loss_per_600_std": 1.4142135623730951,
    "strong_formal_gate_pass": false
  },
  "decision": "C4_FORMAL_5X3_SCREEN_PASS_STRONG_TARGET_FAIL_NO_LOCKED",
  "fold_rows": [
    {
      "count": 114,
      "coverage": 0.8157894736842105,
      "dSSIM": 0.00023300030775237501,
      "easy_top25_dPSNR": 0.45956080300467356,
      "fold": 0,
      "hard_bottom25_dPSNR": 0.3293989045279367,
      "heldout_count": 114,
      "mean_dPSNR": 0.3034146124856514,
      "nonnegative_ratio": 0.7982456140350878,
      "positive_ratio": 0.6140350877192983,
      "score": 0.3507822168498872,
      "screen_gate_pass": false,
      "seed": 3407,
      "selected_count": 93,
      "selected_nonnegative_ratio": 0.7526881720430108,
      "selected_precision": 0.7526881720430108,
      "selected_severe_count": 8,
      "severe_loss_count": 8,
      "severe_loss_per_600": 42.10526315789473,
      "strict_gate_pass": false,
      "strong_loss_count": 17,
      "strong_loss_per_600": 89.47368421052632,
      "train_count": 486,
      "train_policy_id": "alpha_a0p25__diff_signed_mean_le_0.0022295762",
      "train_strict_gate_pass": true,
      "train_threshold": 0.0022295762319117785
    },
    {
      "count": 132,
      "coverage": 0.8787878787878788,
      "dSSIM": 0.00023165841897328696,
      "easy_top25_dPSNR": 0.5634647716175426,
      "fold": 1,
      "hard_bottom25_dPSNR": 0.25120740948301373,
      "heldout_count": 132,
      "mean_dPSNR": 0.3683225747310754,
      "nonnegative_ratio": 0.8939393939393939,
      "positive_ratio": 0.7727272727272727,
      "score": 0.5213860446208447,
      "screen_gate_pass": true,
      "seed": 3407,
      "selected_count": 116,
      "selected_nonnegative_ratio": 0.8793103448275862,
      "selected_precision": 0.8793103448275862,
      "selected_severe_count": 5,
      "severe_loss_count": 5,
      "severe_loss_per_600": 22.727272727272727,
      "strict_gate_pass": true,
      "strong_loss_count": 11,
      "strong_loss_per_600": 50.0,
      "train_count": 468,
      "train_policy_id": "alpha_a0p25__diff_signed_mean_le_0.0029799419",
      "train_strict_gate_pass": true,
      "train_threshold": 0.0029799418756738306
    },
    {
      "count": 124,
      "coverage": 0.7983870967741935,
      "dSSIM": 0.0002470367377804172,
      "easy_top25_dPSNR": 0.4657100554435484,
      "fold": 2,
      "hard_bottom25_dPSNR": 0.33658673686365925,
      "heldout_count": 124,
      "mean_dPSNR": 0.3089636833437027,
      "nonnegative_ratio": 0.7983870967741935,
      "positive_ratio": 0.5967741935483871,
      "score": 0.3723037934388739,
      "screen_gate_pass": false,
      "seed": 3407,
      "selected_count": 99,
      "selected_nonnegative_ratio": 0.7474747474747475,
      "selected_precision": 0.7474747474747475,
      "selected_severe_count": 7,
      "severe_loss_count": 7,
      "severe_loss_per_600": 33.87096774193548,
      "strict_gate_pass": false,
      "strong_loss_count": 22,
      "strong_loss_per_600": 106.45161290322581,
      "train_count": 476,
      "train_policy_id": "alpha_a0p25__diff_signed_mean_le_0.002651756",
      "train_strict_gate_pass": true,
      "train_threshold": 0.002651755989063531
    },
    {
      "count": 112,
      "coverage": 0.8571428571428571,
      "dSSIM": 0.00020695158413478306,
      "easy_top25_dPSNR": 0.40788391658238005,
      "fold": 3,
      "hard_bottom25_dPSNR": 0.2027737753731864,
      "heldout_count": 112,
      "mean_dPSNR": 0.33053864751543316,
      "nonnegative_ratio": 0.8571428571428571,
      "positive_ratio": 0.7142857142857143,
      "score": 0.38217658360799156,
      "screen_gate_pass": true,
      "seed": 3407,
      "selected_count": 96,
      "selected_nonnegative_ratio": 0.8333333333333334,
      "selected_precision": 0.8333333333333334,
      "selected_severe_count": 8,
      "severe_loss_count": 8,
      "severe_loss_per_600": 42.857142857142854,
      "strict_gate_pass": true,
      "strong_loss_count": 13,
      "strong_loss_per_600": 69.64285714285714,
      "train_count": 488,
      "train_policy_id": "alpha_a0p25__diff_signed_mean_le_0.002847538",
      "train_strict_gate_pass": true,
      "train_threshold": 0.002847537957131862
    },
    {
      "count": 118,
      "coverage": 0.864406779661017,
      "dSSIM": 0.00026879977371733067,
      "easy_top25_dPSNR": 0.5122784581677667,
      "fold": 4,
      "hard_bottom25_dPSNR": 0.18316032146585398,
      "heldout_count": 118,
      "mean_dPSNR": 0.33704702732926706,
      "nonnegative_ratio": 0.8389830508474576,
      "positive_ratio": 0.7033898305084746,
      "score": 0.37282111636772164,
      "screen_gate_pass": false,
      "seed": 3407,
      "selected_count": 102,
      "selected_nonnegative_ratio": 0.8137254901960784,
      "selected_precision": 0.8137254901960784,
      "selected_severe_count": 10,
      "severe_loss_count": 10,
      "severe_loss_per_600": 50.847457627118644,
      "strict_gate_pass": false,
      "strong_loss_count": 17,
      "strong_loss_per_600": 86.4406779661017,
      "train_count": 482,
      "train_policy_id": "alpha_a0p25__diff_signed_mean_le_0.0028756753",
      "train_strict_gate_pass": true,
      "train_threshold": 0.0028756753192283177
    },
    {
      "count": 124,
      "coverage": 0.8870967741935484,
      "dSSIM": 0.00021856879034349994,
      "easy_top25_dPSNR": 0.5012498671008695,
      "fold": 0,
      "hard_bottom25_dPSNR": 0.18556096476893272,
      "heldout_count": 124,
      "mean_dPSNR": 0.31633218642204036,
      "nonnegative_ratio": 0.7903225806451613,
      "positive_ratio": 0.6774193548387096,
      "score": 0.3288776496148879,
      "screen_gate_pass": false,
      "seed": 3411,
      "selected_count": 110,
      "selected_nonnegative_ratio": 0.7636363636363637,
      "selected_precision": 0.7636363636363637,
      "selected_severe_count": 10,
      "severe_loss_count": 10,
      "severe_loss_per_600": 48.387096774193544,
      "strict_gate_pass": false,
      "strong_loss_count": 22,
      "strong_loss_per_600": 106.45161290322581,
      "train_count": 476,
      "train_policy_id": "alpha_a0p25__diff_signed_mean_le_0.0030030464",
      "train_strict_gate_pass": true,
      "train_threshold": 0.0030030463822185993
    },
    {
      "count": 142,
      "coverage": 0.8098591549295775,
      "dSSIM": 0.00021267482932184784,
      "easy_top25_dPSNR": 0.5716642107282366,
      "fold": 1,
      "hard_bottom25_dPSNR": 0.23911492483956473,
      "heldout_count": 142,
      "mean_dPSNR": 0.35471822174502093,
      "nonnegative_ratio": 0.8591549295774648,
      "positive_ratio": 0.6690140845070423,
      "score": 0.4531859599468787,
      "screen_gate_pass": true,
      "seed": 3411,
      "selected_count": 115,
      "selected_nonnegative_ratio": 0.8260869565217391,
      "selected_precision": 0.8260869565217391,
      "selected_severe_count": 8,
      "severe_loss_count": 8,
      "severe_loss_per_600": 33.80281690140845,
      "strict_gate_pass": true,
      "strong_loss_count": 18,