{
  "abstention_gate": {
    "coverage": 0.1,
    "dSSIM": 0.0,
    "easy_top25_dPSNR": -0.02,
    "hard_bottom25_dPSNR": 0.2,
    "mean_dPSNR": 0.12,
    "nonnegative_ratio": 0.9,
    "selected_precision": 0.65,
    "severe_loss_per_600": 48.0
  },
  "best_abstention_policy": {
    "abstention_gate_pass": true,
    "alpha": 0.5,
    "complexity": 2,
    "count": 600,
    "coverage": 0.5066666666666667,
    "dSSIM": 0.00025174806515375776,
    "easy_top25_dPSNR": 0.40065577189127605,
    "hard_bottom25_dPSNR": 0.39807058970133463,
    "mean_dPSNR": 0.38931594530741376,
    "nonnegative_ratio": 0.92,
    "policy_id": "alpha_a0p5__a0_mean_le_0.5610461_AND_diff_signed_mean_le_0.0001681959",
    "positive_ratio": 0.4266666666666667,
    "score": 0.5022231865866142,
    "selected_count": 304,
    "selected_nonnegative_ratio": 0.8421052631578947,
    "selected_precision": 0.8421052631578947,
    "selected_severe_count": 35,
    "severe_loss_count": 35,
    "severe_loss_per_600": 35.0,
    "strict_gate_pass": false,
    "strong_loss_count": 44,
    "strong_loss_per_600": 44.0
  },
  "best_policy": {
    "abstention_gate_pass": false,
    "alpha": 0.25,
    "complexity": 1,
    "count": 600,
    "coverage": 0.8,
    "dSSIM": 0.00022891839345296223,
    "easy_top25_dPSNR": 0.4575859832763672,
    "hard_bottom25_dPSNR": 0.2553900400797526,
    "mean_dPSNR": 0.323956979115804,
    "nonnegative_ratio": 0.855,
    "policy_id": "alpha_a0p25__diff_signed_mean_le_0.0021860948",
    "positive_ratio": 0.655,
    "score": 0.4087548866271972,
    "selected_count": 480,
    "selected_nonnegative_ratio": 0.81875,
    "selected_precision": 0.81875,
    "selected_severe_count": 32,
    "severe_loss_count": 32,
    "severe_loss_per_600": 32.0,
    "strict_gate_pass": true,
    "strong_loss_count": 72,
    "strong_loss_per_600": 72.0
  },
  "decision": "C2D_ALPHA_STRICT_SCREEN_PASS_START_C3_SHIFTED",
  "fold_rows": [
    {
      "abstention_gate_pass": false,
      "count": 136,
      "coverage": 0.875,
      "dSSIM": 0.0002400546389467576,
      "easy_top25_dPSNR": 0.6215114593505859,
      "fold": 0,
      "hard_bottom25_dPSNR": 0.29208239387063417,
      "mean_dPSNR": 0.3782012041877298,
      "nonnegative_ratio": 0.8382352941176471,
      "positive_ratio": 0.7132352941176471,
      "score": 0.489679613994951,
      "selected_count": 119,
      "selected_nonnegative_ratio": 0.8151260504201681,
      "selected_precision": 0.8151260504201681,
      "selected_severe_count": 8,
      "severe_loss_count": 8,
      "severe_loss_per_600": 35.294117647058826,
      "strict_gate_pass": true,
      "strong_loss_count": 18,
      "strong_loss_per_600": 79.41176470588235,
      "train_abstention_gate_pass": false,
      "train_policy_id": "alpha_a0p25__diff_signed_mean_le_0.0029775854",
      "train_strict_gate_pass": true
    },
    {
      "abstention_gate_pass": false,
      "count": 115,
      "coverage": 0.8956521739130435,
      "dSSIM": 0.0002028501552084218,
      "easy_top25_dPSNR": 0.3987245559692383,
      "fold": 1,
      "hard_bottom25_dPSNR": 0.24394239698137557,
      "mean_dPSNR": 0.32672357973845106,
      "nonnegative_ratio": 0.808695652173913,
      "positive_ratio": 0.7043478260869566,
      "score": 0.37491169944123226,
      "selected_count": 103,
      "selected_nonnegative_ratio": 0.7864077669902912,
      "selected_precision": 0.7864077669902912,
      "selected_severe_count": 7,
      "severe_loss_count": 7,
      "severe_loss_per_600": 36.52173913043478,
      "strict_gate_pass": true,
      "strong_loss_count": 19,
      "strong_loss_per_600": 99.13043478260869,
      "train_abstention_gate_pass": false,
      "train_policy_id": "alpha_a0p25__diff_signed_mean_le_0.0030439693",
      "train_strict_gate_pass": true
    },
    {
      "abstention_gate_pass": false,
      "count": 116,
      "coverage": 0.8189655172413793,
      "dSSIM": 0.0002829304029201639,
      "easy_top25_dPSNR": 0.4587843007054822,
      "fold": 2,
      "hard_bottom25_dPSNR": 0.35200040093783674,
      "mean_dPSNR": 0.36730450597302666,
      "nonnegative_ratio": 0.8620689655172413,
      "positive_ratio": 0.6810344827586207,
      "score": 0.4651113620211121,
      "selected_count": 95,
      "selected_nonnegative_ratio": 0.8315789473684211,
      "selected_precision": 0.8315789473684211,
      "selected_severe_count": 8,
      "severe_loss_count": 8,
      "severe_loss_per_600": 41.37931034482759,
      "strict_gate_pass": true,
      "strong_loss_count": 13,
      "strong_loss_per_600": 67.24137931034483,
      "train_abstention_gate_pass": false,
      "train_policy_id": "alpha_a0p25__diff_signed_mean_le_0.0027345826",
      "train_strict_gate_pass": true
    },
    {
      "abstention_gate_pass": false,
      "count": 111,
      "coverage": 0.8198198198198198,
      "dSSIM": 0.00024762937614509654,
      "easy_top25_dPSNR": 0.5034681249547888,
      "fold": 3,
      "hard_bottom25_dPSNR": 0.2865200749150029,
      "mean_dPSNR": 0.29585513553103887,
      "nonnegative_ratio": 0.8468468468468469,
      "positive_ratio": 0.6666666666666666,
      "score": 0.3809788409764759,
      "selected_count": 91,
      "selected_nonnegative_ratio": 0.8131868131868132,
      "selected_precision": 0.8131868131868132,
      "selected_severe_count": 7,
      "severe_loss_count": 7,
      "severe_loss_per_600": 37.83783783783783,
      "strict_gate_pass": true,
      "strong_loss_count": 14,
      "strong_loss_per_600": 75.67567567567566,
      "train_abstention_gate_pass": false,
      "train_policy_id": "alpha_a0p25__diff_signed_mean_le_0.0022425749",
      "train_strict_gate_pass": true
    },
    {
      "abstention_gate_pass": false,
      "count": 122,
      "coverage": 0.7868852459016393,
      "dSSIM": 0.00021872852669387567,
      "easy_top25_dPSNR": 0.4331836700439453,
      "fold": 4,
      "hard_bottom25_dPSNR": 0.17231661478678387,
      "mean_dPSNR": 0.28736342758428857,
      "nonnegative_ratio": 0.8524590163934426,
      "positive_ratio": 0.639344262295082,
      "score": 0.33918037768921566,
      "selected_count": 96,
      "selected_nonnegative_ratio": 0.8125,
      "selected_precision": 0.8125,
      "selected_severe_count": 7,
      "severe_loss_count": 7,
      "severe_loss_per_600": 34.42622950819672,
      "strict_gate_pass": false,
      "strong_loss_count": 15,
      "strong_loss_per_600": 73.77049180327869,
      "train_abstention_gate_pass": false,
      "train_policy_id": "alpha_a0p25__diff_signed_mean_le_0.0026143706",
      "train_strict_gate_pass": true
    }
  ],
  "locked_test_touched": false,
  "meta": {
    "a0_checkpoint": "/sda/home/wangyuxin/ConvIR-B/checkpoints/official/Haze4K/haze4k-base.pkl",
    "a0_sha256": "6f42037d57a4e3de3a10ac0ab909d66a3415864a19433c29204a975f4efa4088",
    "alphas": [
      0.25,
      0.5,
      0.75,
      1.0
    ],
    "depth_normalization": "per_image_minmax_to_udpnet_depth2l_contract",
    "device": "cuda",
    "elapsed_sec": 157.31873059272766,
    "locked_test_touched": false,
    "official_checkpoint": "/sda/home/wangyuxin/ConvIR-B/checkpoints/udpnet/ConvIR_UDPNet_haze4k.ckpt",
    "official_checkpoint_meta": {
      "epoch": 1265,
      "global_step": 272190,
      "pytorch_lightning_version": "2.3.1",
      "state_dict_key_count": 689
    },
    "official_sha256": "6d02d2a42e97cc411a36d95cfaf8421eb25a5622f0cac8c150c0e790b7149291",
    "split_json": "/sda/home/wangyuxin/ConvIR-B/repos/ConvIR-B-v20-strongexpert-gainmix-c1/experience_docx/experiment_logs/haze4k_dpga_v13_hsdf_20260604/internal_val/haze4k_dpga_v13_regular_hard_seed3407.json",
    "splits": [
      "val_regular",
      "val_hard"
    ],
    "udp_repo": "/sda/home/wangyuxin/ConvIR-B/repos/UDPNet"
  },
  "oof_summary": {
    "abstention_gate_pass": false,
    "count": 600,
    "coverage": 0.84,
    "dSSIM": 0.00023827811082204184,
    "easy_top25_dPSNR": 0.47704737345377607,
    "hard_bottom25_dPSNR": 0.25777137756347657,
    "mean_dPSNR": 0.3325235939025879,