group,count,mean_output_gain,mean_oracle_gain
open_hard,8,0.019112825393676758,1.2408795356750488
closed_hard,0,,
open_easy,4,-0.007480621337890625,0.8035154342651367
closed_easy,4,0.0,0.0
