{
  "runs": {
    "A0": {
      "label": "A0",
      "arch": "official_convir",
      "mode": "original",
      "checkpoint": "/sda/home/wangyuxin/ConvIR-B/checkpoints/official/Haze4K/haze4k-base.pkl",
      "depth_mode": "none",
      "airlight_mode": "none",
      "count": 600,
      "mean_psnr": 39.75955163955688,
      "mean_ssim": 0.995632650355498,
      "avg_time_sec_sync": 0.03842273275057475,
      "median_time_sec_sync": 0.036113619804382324,
      "peak_cuda_mem_mib": 536.99169921875
    },
    "DTA_v35_v35_fdf_rcs_l3_fdf_lite_s004_g015_bm2_seed3407_f1_quick5full_fallback_train_normal": {
      "label": "DTA_v35_v35_fdf_rcs_l3_fdf_lite_s004_g015_bm2_seed3407_f1_quick5full_fallback_train_normal",
      "arch": "dta_v3",
      "mode": "modres",
      "checkpoint": "/sda/home/wangyuxin/ConvIR-B/repos/ConvIR-B-dta-v3-5-fdf-rcs-lite/Dehazing/ITS/results/ConvIR-Haze4K-DTA-v3-5-FDF-RCS-l3_fdf_lite_s004_g015_bm2-seed3407_f1-quick5full/Training-Results/Final.pkl",
      "depth_mode": "normal",
      "airlight_mode": "fallback",
      "count": 600,
      "mean_psnr": 39.77481583595276,
      "mean_ssim": 0.9956269045670827,
      "avg_time_sec_sync": 0.053533707857131956,
      "median_time_sec_sync": 0.05069077014923096,
      "peak_cuda_mem_mib": 602.1240234375
    }
  },
  "comparison": {
    "common_count": 600,
    "mean_psnr_delta": 0.015264196395874024,
    "median_psnr_delta": 0.010890960693359375,
    "p5_psnr_delta": -0.2688135147094727,
    "p95_psnr_delta": 0.33810634613037105,
    "hard_bottom25_psnr_delta": 0.009868125915527343,
    "easy_top25_psnr_delta": 0.0386279296875,
    "worst10pct_mean_psnr_delta": -0.3233790397644043,
    "best10pct_mean_psnr_delta": 0.3609202702840169,
    "worst10img_mean_psnr_delta": -0.590887451171875,
    "best10img_mean_psnr_delta": 0.5458805084228515,
    "worst10_mean_psnr_delta": -0.3233790397644043,
    "best10_mean_psnr_delta": 0.3609202702840169,
    "mean_ssim_delta": -5.74578841527303e-06,
    "positive_ratio": 0.5333333333333333,
    "strong_reference_cut_psnr": 42.834919929504395,
    "strong_reference_count": 150,
    "strong_regression_count_delta_le_-0.05": 41,
    "worst_regression_count_delta_le_-0.20": 59
  }
}