{
  "runs": {
    "A0": {
      "label": "A0",
      "arch": "official_convir",
      "mode": "original",
      "checkpoint": "/home/caozhiyang/ConvIR-B/checkpoints/official/Haze4K/haze4k-base.pkl",
      "depth_mode": "none",
      "airlight_mode": "none",
      "count": 600,
      "mean_psnr": 39.34407578468323,
      "mean_ssim": 0.995722817381223,
      "avg_time_sec_sync": 0.024120169083277385,
      "median_time_sec_sync": 0.024628043174743652,
      "peak_cuda_mem_mib": 535.44482421875
    },
    "DTA_v34_v34_fdf_tsr_e1_feature_only_seed3411_f0_quick5full_fallback_train_normal": {
      "label": "DTA_v34_v34_fdf_tsr_e1_feature_only_seed3411_f0_quick5full_fallback_train_normal",
      "arch": "dta_v3",
      "mode": "modres",
      "checkpoint": "/home/caozhiyang/ConvIR-B/repos/ConvIR-B-dta-v3-4-fdf-tsr-finetune/Dehazing/ITS/results/ConvIR-Haze4K-DTA-v3-4-FDF-TSR-e1_feature_only-seed3411_f0-quick5full/Training-Results/Final.pkl",
      "depth_mode": "normal",
      "airlight_mode": "fallback",
      "count": 600,
      "mean_psnr": 39.23570125897725,
      "mean_ssim": 0.9956555080413818,
      "avg_time_sec_sync": 0.03109496792157491,
      "median_time_sec_sync": 0.03459060192108154,
      "peak_cuda_mem_mib": 543.9599609375
    }
  },
  "comparison": {
    "common_count": 600,
    "mean_psnr_delta": -0.1083745257059733,
    "median_psnr_delta": -0.1085205078125,
    "p5_psnr_delta": -0.8202947616577149,
    "p95_psnr_delta": 0.5646881103515625,
    "hard_bottom25_psnr_delta": -0.18561040242513022,
    "easy_top25_psnr_delta": -0.06422337849934896,
    "worst10pct_mean_psnr_delta": -0.8761479377746582,
    "best10pct_mean_psnr_delta": 0.6371237436930338,
    "worst10img_mean_psnr_delta": -1.2724876403808594,
    "best10img_mean_psnr_delta": 1.0094772338867188,
    "worst10_mean_psnr_delta": -0.8761479377746582,
    "best10_mean_psnr_delta": 0.6371237436930338,
    "mean_ssim_delta": -6.730933984120687e-05,
    "positive_ratio": 0.365,
    "strong_reference_cut_psnr": 42.766201972961426,
    "strong_reference_count": 150,
    "strong_regression_count_delta_le_-0.05": 68,
    "worst_regression_count_delta_le_-0.20": 232
  }
}