{
  "runs": {
    "a0": {
      "label": "a0",
      "arch": "convir",
      "mode": "original",
      "checkpoint": "/root/autodl-tmp/workspace/ConvIR-B/Dehazing/pretrained_models/haze4k-base.pkl",
      "count": 300,
      "mean_psnr": 39.46919339497884,
      "mean_ssim": 0.9956027628978094,
      "avg_time_sec_sync": 0.029639732837677003,
      "median_time_sec_sync": 0.030074357986450195,
      "peak_cuda_mem_mib": 535.27294921875
    },
    "v19_seed2026_model_5_val_regular": {
      "label": "v19_seed2026_model_5_val_regular",
      "arch": "dpga",
      "mode": "model_5",
      "checkpoint": "/root/autodl-tmp/workspace/ConvIR-B-v1-9-conditional-teacher/experience_docx/experiment_logs/haze4k_v19_conditional_teacher_guided_20260606/seed_2026/checkpoints/model_5.pkl",
      "count": 300,
      "mean_psnr": 38.40147186279297,
      "mean_ssim": 0.9944224538405736,
      "avg_time_sec_sync": 0.038373938401540124,
      "median_time_sec_sync": 0.043717384338378906,
      "peak_cuda_mem_mib": 1163.6376953125
    }
  },
  "comparison": {
    "common_count": 300,
    "mean_psnr_delta": -1.0677215321858724,
    "median_psnr_delta": -0.9382724761962891,
    "p5_psnr_delta": -3.229839324951172,
    "p95_psnr_delta": 0.526608180999756,
    "hard_bottom25_psnr_delta": -0.7519962056477865,
    "easy_top25_psnr_delta": -1.2256764729817708,
    "worst10pct_mean_psnr_delta": -3.540042432149251,
    "best10pct_mean_psnr_delta": 0.8640590667724609,
    "worst10img_mean_psnr_delta": -4.659936141967774,
    "best10img_mean_psnr_delta": 1.7686012268066407,
    "worst10_mean_psnr_delta": -3.540042432149251,
    "best10_mean_psnr_delta": 0.8640590667724609,
    "mean_ssim_delta": -0.0011803090572357177,
    "positive_ratio": 0.14333333333333334,
    "strong_reference_cut_psnr": 42.45430278778076,
    "strong_reference_count": 75,
    "strong_regression_count_delta_le_-0.05": 68,
    "worst_regression_count_delta_le_-0.20": 237
  }
}