{
  "runs": {
    "a0": {
      "label": "a0",
      "arch": "convir",
      "mode": "original",
      "checkpoint": "/root/autodl-tmp/workspace/ConvIR-B/Dehazing/pretrained_models/haze4k-base.pkl",
      "count": 300,
      "mean_psnr": 34.24652524312337,
      "mean_ssim": 0.9936463139454523,
      "avg_time_sec_sync": 0.027074007193247478,
      "median_time_sec_sync": 0.022728562355041504,
      "peak_cuda_mem_mib": 536.22607421875
    },
    "v19_seed2026_final_val_hard": {
      "label": "v19_seed2026_final_val_hard",
      "arch": "dpga",
      "mode": "Final",
      "checkpoint": "/root/autodl-tmp/workspace/ConvIR-B-v1-9-conditional-teacher/experience_docx/experiment_logs/haze4k_v19_conditional_teacher_guided_20260606/seed_2026/checkpoints/Final.pkl",
      "count": 300,
      "mean_psnr": 31.20875113805135,
      "mean_ssim": 0.9864655415217082,
      "avg_time_sec_sync": 0.03313141822814941,
      "median_time_sec_sync": 0.030855178833007812,
      "peak_cuda_mem_mib": 1163.5126953125
    }
  },
  "comparison": {
    "common_count": 300,
    "mean_psnr_delta": -3.0377741050720215,
    "median_psnr_delta": -3.2953739166259766,
    "p5_psnr_delta": -6.009798622131347,
    "p95_psnr_delta": 0.44318027496338114,
    "hard_bottom25_psnr_delta": -2.707707265218099,
    "easy_top25_psnr_delta": -3.6282022857666014,
    "worst10pct_mean_psnr_delta": -6.267512067159017,
    "best10pct_mean_psnr_delta": 0.8751799901326497,
    "worst10img_mean_psnr_delta": -7.161176681518555,
    "best10img_mean_psnr_delta": 2.492558479309082,
    "worst10_mean_psnr_delta": -6.267512067159017,
    "best10_mean_psnr_delta": 0.8751799901326497,
    "mean_ssim_delta": -0.007180772423744201,
    "positive_ratio": 0.056666666666666664,
    "strong_reference_cut_psnr": 36.437724113464355,
    "strong_reference_count": 75,
    "strong_regression_count_delta_le_-0.05": 71,
    "worst_regression_count_delta_le_-0.20": 279
  }
}