{
  "runs": {
    "a0": {
      "label": "a0",
      "arch": "convir",
      "mode": "original",
      "checkpoint": "/root/autodl-tmp/workspace/ConvIR-B/Dehazing/pretrained_models/haze4k-base.pkl",
      "count": 300,
      "mean_psnr": 34.24652523676554,
      "mean_ssim": 0.9936463163296382,
      "avg_time_sec_sync": 0.02707903226216634,
      "median_time_sec_sync": 0.022544145584106445,
      "peak_cuda_mem_mib": 536.22607421875
    },
    "v19_seed2026_model_5_val_hard": {
      "label": "v19_seed2026_model_5_val_hard",
      "arch": "dpga",
      "mode": "model_5",
      "checkpoint": "/root/autodl-tmp/workspace/ConvIR-B-v1-9-conditional-teacher/experience_docx/experiment_logs/haze4k_v19_conditional_teacher_guided_20260606/seed_2026/checkpoints/model_5.pkl",
      "count": 300,
      "mean_psnr": 33.63766449610392,
      "mean_ssim": 0.9923592686653138,
      "avg_time_sec_sync": 0.032370015780131024,
      "median_time_sec_sync": 0.029906511306762695,
      "peak_cuda_mem_mib": 1163.5126953125
    }
  },
  "comparison": {
    "common_count": 300,
    "mean_psnr_delta": -0.6088607406616211,
    "median_psnr_delta": -0.6001167297363281,
    "p5_psnr_delta": -2.2010684967041017,
    "p95_psnr_delta": 1.0695863723754886,
    "hard_bottom25_psnr_delta": -0.6402145131429037,
    "easy_top25_psnr_delta": -0.582104237874349,
    "worst10pct_mean_psnr_delta": -2.369880231221517,
    "best10pct_mean_psnr_delta": 1.241900380452474,
    "worst10img_mean_psnr_delta": -2.9369882583618163,
    "best10img_mean_psnr_delta": 1.9229959487915038,
    "worst10_mean_psnr_delta": -2.369880231221517,
    "best10_mean_psnr_delta": 1.241900380452474,
    "mean_ssim_delta": -0.0012870476643244426,
    "positive_ratio": 0.24,
    "strong_reference_cut_psnr": 36.437724113464355,
    "strong_reference_count": 75,
    "strong_regression_count_delta_le_-0.05": 50,
    "worst_regression_count_delta_le_-0.20": 203
  }
}