{
  "runs": {
    "a0": {
      "label": "a0",
      "arch": "convir",
      "mode": "original",
      "checkpoint": "/root/autodl-tmp/workspace/ConvIR-B/Dehazing/pretrained_models/haze4k-base.pkl",
      "count": 300,
      "mean_psnr": 34.24652523676554,
      "mean_ssim": 0.9936463143428167,
      "avg_time_sec_sync": 0.027331708272298177,
      "median_time_sec_sync": 0.022829174995422363,
      "peak_cuda_mem_mib": 536.22607421875
    },
    "v19_seed2026_model_10_val_hard": {
      "label": "v19_seed2026_model_10_val_hard",
      "arch": "dpga",
      "mode": "model_10",
      "checkpoint": "/root/autodl-tmp/workspace/ConvIR-B-v1-9-conditional-teacher/experience_docx/experiment_logs/haze4k_v19_conditional_teacher_guided_20260606/seed_2026/checkpoints/model_10.pkl",
      "count": 300,
      "mean_psnr": 32.731271998087564,
      "mean_ssim": 0.9902882593870163,
      "avg_time_sec_sync": 0.03374324083328247,
      "median_time_sec_sync": 0.03135979175567627,
      "peak_cuda_mem_mib": 1163.5126953125
    }
  },
  "comparison": {
    "common_count": 300,
    "mean_psnr_delta": -1.5152532386779785,
    "median_psnr_delta": -1.463994026184082,
    "p5_psnr_delta": -3.8679841995239257,
    "p95_psnr_delta": 0.8583683967590336,
    "hard_bottom25_psnr_delta": -1.4228014119466146,
    "easy_top25_psnr_delta": -1.7087488810221354,
    "worst10pct_mean_psnr_delta": -4.076773579915365,
    "best10pct_mean_psnr_delta": 1.307133102416992,
    "worst10img_mean_psnr_delta": -4.8511960983276365,
    "best10img_mean_psnr_delta": 2.506490135192871,
    "worst10_mean_psnr_delta": -4.076773579915365,
    "best10_mean_psnr_delta": 1.307133102416992,
    "mean_ssim_delta": -0.0033580549558003743,
    "positive_ratio": 0.13,
    "strong_reference_cut_psnr": 36.437724113464355,
    "strong_reference_count": 75,
    "strong_regression_count_delta_le_-0.05": 63,
    "worst_regression_count_delta_le_-0.20": 253
  }
}