{
  "runs": {
    "A0": {
      "label": "A0",
      "arch": "official_convir",
      "mode": "original",
      "checkpoint": "/sda/home/wangyuxin/ConvIR-B/checkpoints/official/Haze4K/haze4k-base.pkl",
      "depth_mode": "none",
      "airlight_mode": "none",
      "count": 600,
      "mean_psnr": 39.35034857114156,
      "mean_ssim": 0.9957262628277143,
      "avg_time_sec_sync": 0.029225006898244223,
      "median_time_sec_sync": 0.028135299682617188,
      "peak_cuda_mem_mib": 535.95654296875
    },
    "DTA_v31_v31_wg18_base_s008_b14_seed3407_f0_fallback_normal": {
      "label": "DTA_v31_v31_wg18_base_s008_b14_seed3407_f0_fallback_normal",
      "arch": "dta_v3",
      "mode": "modres",
      "checkpoint": "/sda/home/wangyuxin/ConvIR-B/repos/ConvIR-B-dta-v3-dapc-finetune-taillite/Dehazing/ITS/results/ConvIR-Haze4K-DTA-v3-DAPC-DepthDirectTail-wg18_base_s008_b14-seed3407-f0-scout5full/Training-Results/Final.pkl",
      "depth_mode": "normal",
      "airlight_mode": "fallback",
      "count": 600,
      "mean_psnr": 39.341668945948285,
      "mean_ssim": 0.9957030368844668,
      "avg_time_sec_sync": 0.034837511777877805,
      "median_time_sec_sync": 0.037999749183654785,
      "peak_cuda_mem_mib": 540.7724609375
    }
  },
  "comparison": {
    "common_count": 600,
    "mean_psnr_delta": -0.008679625193277994,
    "median_psnr_delta": 0.004268646240234375,
    "p5_psnr_delta": -0.2412569046020508,
    "p95_psnr_delta": 0.17907581329345687,
    "hard_bottom25_psnr_delta": -0.01708989461263021,
    "easy_top25_psnr_delta": 0.011493631998697917,
    "worst10pct_mean_psnr_delta": -0.2791741689046224,
    "best10pct_mean_psnr_delta": 0.19845046997070312,
    "worst10img_mean_psnr_delta": -0.4991191864013672,
    "best10img_mean_psnr_delta": 0.32043304443359377,
    "worst10_mean_psnr_delta": -0.2791741689046224,
    "best10_mean_psnr_delta": 0.19845046997070312,
    "mean_ssim_delta": -2.3225943247477215e-05,
    "positive_ratio": 0.5283333333333333,
    "strong_reference_cut_psnr": 42.755948066711426,
    "strong_reference_count": 150,
    "strong_regression_count_delta_le_-0.05": 31,
    "worst_regression_count_delta_le_-0.20": 41
  }
}