{
  "runs": {
    "A0": {
      "label": "A0",
      "arch": "official_convir",
      "mode": "original",
      "checkpoint": "/sda/home/wangyuxin/ConvIR-B/checkpoints/official/Haze4K/haze4k-base.pkl",
      "depth_mode": "none",
      "airlight_mode": "none",
      "count": 600,
      "mean_psnr": 39.35034857114156,
      "mean_ssim": 0.9957262628277143,
      "avg_time_sec_sync": 0.06304080923398336,
      "median_time_sec_sync": 0.05883312225341797,
      "peak_cuda_mem_mib": 537.50634765625
    },
    "DTA_v35_v35_fdf_rcs_l5_res010_tail_s004_g025_bm2_seed3411_f0_quick5full_fallback_train_invert": {
      "label": "DTA_v35_v35_fdf_rcs_l5_res010_tail_s004_g025_bm2_seed3411_f0_quick5full_fallback_train_invert",
      "arch": "dta_v3",
      "mode": "modres",
      "checkpoint": "/sda/home/wangyuxin/ConvIR-B/repos/ConvIR-B-dta-v3-5-fdf-rcs-lite/Dehazing/ITS/results/ConvIR-Haze4K-DTA-v3-5-FDF-RCS-l5_res010_tail_s004_g025_bm2-seed3411_f0-quick5full/Training-Results/Final.pkl",
      "depth_mode": "invert",
      "airlight_mode": "fallback",
      "count": 600,
      "mean_psnr": 39.42283396085104,
      "mean_ssim": 0.9957414904236793,
      "avg_time_sec_sync": 0.052952077388763424,
      "median_time_sec_sync": 0.047962069511413574,
      "peak_cuda_mem_mib": 603.56201171875
    }
  },
  "comparison": {
    "common_count": 600,
    "mean_psnr_delta": 0.07248538970947266,
    "median_psnr_delta": 0.07841300964355469,
    "p5_psnr_delta": -0.35992774963378904,
    "p95_psnr_delta": 0.4889020919799803,
    "hard_bottom25_psnr_delta": 0.07015556335449219,
    "easy_top25_psnr_delta": 0.047186965942382815,
    "worst10pct_mean_psnr_delta": -0.4080982208251953,
    "best10pct_mean_psnr_delta": 0.5088015874226888,
    "worst10img_mean_psnr_delta": -0.7117561340332031,
    "best10img_mean_psnr_delta": 0.6636116027832031,
    "worst10_mean_psnr_delta": -0.4080982208251953,
    "best10_mean_psnr_delta": 0.5088015874226888,
    "mean_ssim_delta": 1.5227595965067545e-05,
    "positive_ratio": 0.6316666666666667,
    "strong_reference_cut_psnr": 42.755948066711426,
    "strong_reference_count": 150,
    "strong_regression_count_delta_le_-0.05": 52,
    "worst_regression_count_delta_le_-0.20": 79
  }
}