{
  "runs": {
    "A0": {
      "label": "A0",
      "arch": "official_convir",
      "mode": "original",
      "checkpoint": "/sda/home/wangyuxin/ConvIR-B/checkpoints/official/Haze4K/haze4k-base.pkl",
      "depth_mode": "none",
      "count": 600,
      "mean_psnr": 39.35034857114156,
      "mean_ssim": 0.9957262628277143,
      "avg_time_sec_sync": 0.04189780513445536,
      "median_time_sec_sync": 0.04067981243133545,
      "peak_cuda_mem_mib": 535.95654296875
    },
    "DTA_v3_scout5full_depthDirectTail_wg16_base_s008_b14_seed3407_f0_evalshuffle": {
      "label": "DTA_v3_scout5full_depthDirectTail_wg16_base_s008_b14_seed3407_f0_evalshuffle",
      "arch": "dta_v3",
      "mode": "modres",
      "checkpoint": "/sda/home/wangyuxin/ConvIR-B/repos/ConvIR-B-dta-v3-dapc-finetune-taillite/Dehazing/ITS/results/ConvIR-Haze4K-DTA-v3-DAPC-DepthDirectTail-wg16_base_s008_b14-seed3407-f0-scout5full/Training-Results/Final.pkl",
      "depth_mode": "shuffle",
      "count": 600,
      "mean_psnr": 39.340155057907104,
      "mean_ssim": 0.9957017186284065,
      "avg_time_sec_sync": 0.053066748380661014,
      "median_time_sec_sync": 0.053066253662109375,
      "peak_cuda_mem_mib": 541.3740234375
    }
  },
  "comparison": {
    "common_count": 600,
    "mean_psnr_delta": -0.010193513234456381,
    "median_psnr_delta": 0.0030841827392578125,
    "p5_psnr_delta": -0.25388126373291015,
    "p95_psnr_delta": 0.1835775375366211,
    "hard_bottom25_psnr_delta": -0.01874170939127604,
    "easy_top25_psnr_delta": 0.00978075663248698,
    "worst10pct_mean_psnr_delta": -0.281920591990153,
    "best10pct_mean_psnr_delta": 0.19788262049357097,
    "worst10img_mean_psnr_delta": -0.49839935302734373,
    "best10img_mean_psnr_delta": 0.3227542877197266,
    "worst10_mean_psnr_delta": -0.281920591990153,
    "best10_mean_psnr_delta": 0.19788262049357097,
    "mean_ssim_delta": -2.4544199307759604e-05,
    "positive_ratio": 0.5233333333333333,
    "strong_reference_cut_psnr": 42.755948066711426,
    "strong_reference_count": 150,
    "strong_regression_count_delta_le_-0.05": 30,
    "worst_regression_count_delta_le_-0.20": 44
  }
}