{
  "runs": {
    "A0": {
      "label": "A0",
      "arch": "official_convir",
      "mode": "original",
      "checkpoint": "/home/caozhiyang/ConvIR-B/checkpoints/official/Haze4K/haze4k-base.pkl",
      "depth_mode": "none",
      "airlight_mode": "none",
      "count": 600,
      "mean_psnr": 39.34407578468323,
      "mean_ssim": 0.995722817381223,
      "avg_time_sec_sync": 0.02241482734680176,
      "median_time_sec_sync": 0.024325132369995117,
      "peak_cuda_mem_mib": 535.44482421875
    },
    "DTA_v34_v34_fdf_tsr_e2_tiny_residual_seed3407_f0_quick5full_fallback_train_shuffle": {
      "label": "DTA_v34_v34_fdf_tsr_e2_tiny_residual_seed3407_f0_quick5full_fallback_train_shuffle",
      "arch": "dta_v3",
      "mode": "modres",
      "checkpoint": "/home/caozhiyang/ConvIR-B/repos/ConvIR-B-dta-v3-4-fdf-tsr-finetune/Dehazing/ITS/results/ConvIR-Haze4K-DTA-v3-4-FDF-TSR-e2_tiny_residual-seed3407_f0-quick5full/Training-Results/Final.pkl",
      "depth_mode": "shuffle",
      "airlight_mode": "fallback",
      "count": 600,
      "mean_psnr": 39.16807382265727,
      "mean_ssim": 0.9956591923038165,
      "avg_time_sec_sync": 0.03232871929804484,
      "median_time_sec_sync": 0.03512382507324219,
      "peak_cuda_mem_mib": 543.4287109375
    }
  },
  "comparison": {
    "common_count": 600,
    "mean_psnr_delta": -0.17600196202596027,
    "median_psnr_delta": -0.15476226806640625,
    "p5_psnr_delta": -0.806486701965332,
    "p95_psnr_delta": 0.36881942749023416,
    "hard_bottom25_psnr_delta": -0.2533355967203776,
    "easy_top25_psnr_delta": -0.11588694254557291,
    "worst10pct_mean_psnr_delta": -0.8356226921081543,
    "best10pct_mean_psnr_delta": 0.3830080032348633,
    "worst10img_mean_psnr_delta": -1.188225555419922,
    "best10img_mean_psnr_delta": 0.6899124145507812,
    "worst10_mean_psnr_delta": -0.8356226921081543,
    "best10_mean_psnr_delta": 0.3830080032348633,
    "mean_ssim_delta": -6.362507740656534e-05,
    "positive_ratio": 0.28833333333333333,
    "strong_reference_cut_psnr": 42.766201972961426,
    "strong_reference_count": 150,
    "strong_regression_count_delta_le_-0.05": 86,
    "worst_regression_count_delta_le_-0.20": 270
  }
}