{
  "runs": {
    "A0": {
      "label": "A0",
      "arch": "official_convir",
      "mode": "original",
      "checkpoint": "/sda/home/wangyuxin/ConvIR-B/checkpoints/official/Haze4K/haze4k-base.pkl",
      "depth_mode": "none",
      "airlight_mode": "none",
      "count": 600,
      "mean_psnr": 39.35034857114156,
      "mean_ssim": 0.9957262628277143,
      "avg_time_sec_sync": 0.03475240031878153,
      "median_time_sec_sync": 0.032268524169921875,
      "peak_cuda_mem_mib": 535.95654296875
    },
    "DTA_v31_v31_wg18_light_hinge_seed3407_f0_scout5full_post_fallback_invert": {
      "label": "DTA_v31_v31_wg18_light_hinge_seed3407_f0_scout5full_post_fallback_invert",
      "arch": "dta_v3",
      "mode": "modres",
      "checkpoint": "/sda/home/wangyuxin/ConvIR-B/repos/ConvIR-B-dta-v3-dapc-finetune-v31/Dehazing/ITS/results/ConvIR-Haze4K-DTA-v3-1-WG18LightHinge-seed3407-f0-scout5full/Training-Results/Final.pkl",
      "depth_mode": "invert",
      "airlight_mode": "fallback",
      "count": 600,
      "mean_psnr": 39.375432567596434,
      "mean_ssim": 0.9957030590375264,
      "avg_time_sec_sync": 0.04311338782310486,
      "median_time_sec_sync": 0.04402482509613037,
      "peak_cuda_mem_mib": 540.5224609375
    }
  },
  "comparison": {
    "common_count": 600,
    "mean_psnr_delta": 0.025083996454874673,
    "median_psnr_delta": 0.03541374206542969,
    "p5_psnr_delta": -0.3573810577392578,
    "p95_psnr_delta": 0.39719791412353495,
    "hard_bottom25_psnr_delta": 0.006701215108235677,
    "easy_top25_psnr_delta": 0.044017181396484376,
    "worst10pct_mean_psnr_delta": -0.4141431172688802,
    "best10pct_mean_psnr_delta": 0.4207380930582682,
    "worst10img_mean_psnr_delta": -0.6821762084960937,
    "best10img_mean_psnr_delta": 0.6006645202636719,
    "worst10_mean_psnr_delta": -0.4141431172688802,
    "best10_mean_psnr_delta": 0.4207380930582682,
    "mean_ssim_delta": -2.3203790187835694e-05,
    "positive_ratio": 0.6033333333333334,
    "strong_reference_cut_psnr": 42.755948066711426,
    "strong_reference_count": 150,
    "strong_regression_count_delta_le_-0.05": 41,
    "worst_regression_count_delta_le_-0.20": 76
  }
}