{
  "runs": {
    "a0_official": {
      "label": "a0_official",
      "arch": "convir",
      "mode": "original",
      "checkpoint": "/root/autodl-tmp/workspace/ConvIR-B/Dehazing/pretrained_models/haze4k-base.pkl",
      "count": 1000,
      "mean_psnr": 34.146581829071046,
      "mean_ssim": 0.9897282391786575,
      "avg_time_sec_sync": 0.1923965871334076,
      "median_time_sec_sync": 0.18834292888641357,
      "peak_cuda_mem_mib": 537.94482421875
    },
    "a1_stop5": {
      "label": "a1_stop5",
      "arch": "convir",
      "mode": "original",
      "checkpoint": "/root/autodl-tmp/workspace/ConvIR-B-pfd-mainline/Dehazing/ITS/results/ConvIR-Haze4K-A1-init-official-stop20-seed3407-20260602/Training-Results/model_5.pkl",
      "count": 1000,
      "mean_psnr": 22.97481761074066,
      "mean_ssim": 0.920926098048687,
      "avg_time_sec_sync": 0.21168191862106323,
      "median_time_sec_sync": 0.20074212551116943,
      "peak_cuda_mem_mib": 537.94482421875
    }
  },
  "comparison": {
    "common_count": 1000,
    "mean_psnr_delta": -11.171764218330383,
    "median_psnr_delta": -11.404420852661133,
    "p5_psnr_delta": -20.743324565887452,
    "p95_psnr_delta": -1.373561096191409,
    "worst10pct_mean_psnr_delta": -21.31262113571167,
    "best10pct_mean_psnr_delta": -0.8644248294830322,
    "worst10img_mean_psnr_delta": -25.26545696258545,
    "best10img_mean_psnr_delta": 3.508962631225586,
    "worst10_mean_psnr_delta": -21.31262113571167,
    "best10_mean_psnr_delta": -0.8644248294830322,
    "mean_ssim_delta": -0.06880214112997055,
    "strong_reference_cut_psnr": 39.07855987548828,
    "strong_reference_count": 250,
    "strong_regression_count_delta_le_-0.05": 250,
    "worst_regression_count_delta_le_-0.20": 966
  }
}