{
  "source_csv": "/root/autodl-tmp/workspace/ConvIR-B-v04e-repro-826caaf-bundle/experience_docx/experiment_logs/haze4k_rootcause_preexp_20260604/scout_eval_per_image_a1_best_vs_a0.csv",
  "candidate_name": "a1_best",
  "overall": {
    "count": 1000,
    "mean_delta_psnr": -0.7188839273452758,
    "median_delta_psnr": -0.5961151123046875,
    "p5_delta_psnr": -2.792952537536621,
    "p95_delta_psnr": 0.9185389518737793,
    "positive_delta_count": 271,
    "positive_delta_ratio": 0.271,
    "regression_delta_le_-0.05": 718,
    "regression_delta_le_-0.10": 708,
    "regression_delta_le_-0.20": 661,
    "gain_delta_ge_0.05": 252,
    "gain_delta_ge_0.10": 236,
    "mean_delta_ssim": -0.001117012619972229,
    "median_delta_ssim": -0.0007338225841522217,
    "worst_10_mean_delta_psnr": -5.7163646697998045,
    "best_10_mean_delta_psnr": 3.8619495391845704
  },
  "difficulty_buckets_by_original_psnr": {
    "hard_bottom_25pct": {
      "original_psnr_range": [
        14.923683166503906,
        29.73811149597168
      ],
      "count": 250,
      "mean_delta_psnr": -0.3132725639343262,
      "median_delta_psnr": -0.3358783721923828,
      "p5_delta_psnr": -1.7945407867431644,
      "p95_delta_psnr": 0.9487508773803717,
      "positive_delta_count": 80,
      "positive_delta_ratio": 0.32,
      "regression_delta_le_-0.05": 164,
      "regression_delta_le_-0.10": 163,
      "regression_delta_le_-0.20": 144,
      "gain_delta_ge_0.05": 74,
      "gain_delta_ge_0.10": 69,
      "mean_delta_ssim": -0.0011372599601745606,
      "median_delta_ssim": -0.0008065998554229736,
      "worst_10_mean_delta_psnr": -2.519955062866211,
      "best_10_mean_delta_psnr": 2.2008974075317385
    },
    "medium_middle_50pct": {
      "original_psnr_range": [
        29.73848533630371,
        39.077850341796875
      ],
      "count": 500,
      "mean_delta_psnr": -0.4761470222473145,
      "median_delta_psnr": -0.46036529541015625,
      "p5_delta_psnr": -2.142354202270508,
      "p95_delta_psnr": 1.1863572120666503,
      "positive_delta_count": 164,
      "positive_delta_ratio": 0.328,
      "regression_delta_le_-0.05": 331,
      "regression_delta_le_-0.10": 325,
      "regression_delta_le_-0.20": 302,
      "gain_delta_ge_0.05": 155,
      "gain_delta_ge_0.10": 145,
      "mean_delta_ssim": -0.0009730093479156495,
      "median_delta_ssim": -0.0007609128952026367,
      "worst_10_mean_delta_psnr": -3.3599853515625,
      "best_10_mean_delta_psnr": 3.3511157989501954
    },
    "easy_top_25pct": {
      "original_psnr_range": [
        39.0806884765625,
        50.05816650390625
      ],
      "count": 250,
      "mean_delta_psnr": -1.6099691009521484,
      "median_delta_psnr": -1.4564781188964844,
      "p5_delta_psnr": -4.488252449035644,
      "p95_delta_psnr": 0.33808021545410194,
      "positive_delta_count": 27,
      "positive_delta_ratio": 0.108,
      "regression_delta_le_-0.05": 223,
      "regression_delta_le_-0.10": 220,
      "regression_delta_le_-0.20": 215,
      "gain_delta_ge_0.05": 23,
      "gain_delta_ge_0.10": 22,
      "mean_delta_ssim": -0.0013847718238830567,
      "median_delta_ssim": -0.0006813704967498779,
      "worst_10_mean_delta_psnr": -5.7163646697998045,
      "best_10_mean_delta_psnr": 0.8388389587402344
    }
  },
  "filename_parameter_correlations_inferred": {
    "note": "Haze4K filenames look like id_param1_param2.png; this file records correlation only and does not assume the parameter meaning.",
    "param_1_vs_original_psnr": -0.1613676382958577,
    "param_1_vs_delta_psnr": 0.10261936473281885,
    "param_2_vs_original_psnr": -0.3235641015290623,
    "param_2_vs_delta_psnr": 0.06962036653583886
  },
  "worst_regressions": [
    {
      "name": "800_0.55_1.84.png",
      "original_psnr": 42.0154914855957,
      "candidate_psnr": 35.03449249267578,
      "delta_psnr": -6.980998992919922,
      "original_ssim": 0.997394323348999,
      "candidate_ssim": 0.995806097984314,
      "delta_ssim": -0.0015882253646850586,
      "filename_param_1": 0.55,
      "filename_param_2": 1.84
    },
    {
      "name": "957_0.55_0.69.png",
      "original_psnr": 47.0880126953125,
      "candidate_psnr": 40.77586364746094,
      "delta_psnr": -6.3121490478515625,
      "original_ssim": 0.9988512396812439,
      "candidate_ssim": 0.9978923797607422,
      "delta_ssim": -0.000958859920501709,
      "filename_param_1": 0.55,
      "filename_param_2": 0.69
    },
    {
      "name": "799_0.52_1.97.png",
      "original_psnr": 39.89196014404297,
      "candidate_psnr": 33.65531539916992,
      "delta_psnr": -6.236644744873047,
      "original_ssim": 0.9971408247947693,
      "candidate_ssim": 0.9955486059188843,
      "delta_ssim": -0.0015922188758850098,
      "filename_param_1": 0.52,
      "filename_param_2": 1.97
    },
    {
      "name": "869_0.55_0.51.png",
      "original_psnr": 45.21156692504883,
      "candidate_psnr": 39.02632522583008,
      "delta_psnr": -6.18524169921875,
      "original_ssim": 0.9987519979476929,
      "candidate_ssim": 0.998017430305481,
      "delta_ssim": -0.0007345676422119141,
      "filename_param_1": 0.55,
      "filename_param_2": 0.51
    },
    {
      "name": "871_0.51_1.24.png",
      "original_psnr": 40.43985366821289,
      "candidate_psnr": 34.29862976074219,
      "delta_psnr": -6.141223907470703,
      "original_ssim": 0.9968244433403015,
      "candidate_ssim": 0.9953822493553162,
      "delta_ssim": -0.0014421939849853516,
      "filename_param_1": 0.51,
      "filename_param_2": 1.24
    },
    {
      "name": "550_0.55_1.01.png",
      "original_psnr": 42.93354034423828,
      "candidate_psnr": 37.39167022705078,
      "delta_psnr": -5.5418701171875,
      "original_ssim": 0.9952875971794128,
      "candidate_ssim": 0.992563009262085,
      "delta_ssim": -0.002724587917327881,
      "filename_param_1": 0.55,
      "filename_param_2": 1.01
    },
    {
      "name": "872_0.58_1.62.png",
      "original_psnr": 40.24853515625,
      "candidate_psnr": 34.84453582763672,
      "delta_psnr": -5.403999328613281,
      "original_ssim": 0.9955281615257263,
      "candidate_ssim": 0.993391215801239,
      "delta_ssim": -0.0021369457244873047,
      "filename_param_1": 0.58,
      "filename_param_2": 1.62
    },
    {
      "name": "741_0.56_1.58.png",
      "original_psnr": 39.87034225463867,
      "candidate_psnr": 34.91552734375,
      "delta_psnr": -4.954814910888672,
      "original_ssim": 0.9977468252182007,
      "candidate_ssim": 0.997229814529419,
      "delta_ssim": -0.0005170106887817383,
      "filename_param_1": 0.56,
      "filename_param_2": 1.58
    },
    {
      "name": "698_0.51_1.13.png",
      "original_psnr": 44.60786437988281,
      "candidate_psnr": 39.8981819152832,
      "delta_psnr": -4.709682464599609,
      "original_ssim": 0.998562216758728,
      "candidate_ssim": 0.9978492259979248,
      "delta_ssim": -0.0007129907608032227,
      "filename_param_1": 0.51,
      "filename_param_2": 1.13
    },
    {
      "name": "549_0.6_0.92.png",
      "original_psnr": 44.45964813232422,
      "candidate_psnr": 39.76262664794922,
      "delta_psnr": -4.697021484375,
      "original_ssim": 0.9954442381858826,
      "candidate_ssim": 0.9931960105895996,
      "delta_ssim": -0.002248227596282959,
      "filename_param_1": 0.6,
      "filename_param_2": 0.92
    },
    {
      "name": "951_0.57_0.85.png",
      "original_psnr": 38.60338592529297,
      "candidate_psnr": 33.98390197753906,
      "delta_psnr": -4.619483947753906,
      "original_ssim": 0.9976329207420349,
      "candidate_ssim": 0.9962641000747681,
      "delta_ssim": -0.0013688206672668457,
      "filename_param_1": 0.57,
      "filename_param_2": 0.85
    },
    {
      "name": "254_0.7_0.56.png",
      "original_psnr": 40.7822380065918,
      "candidate_psnr": 36.18109893798828,
      "delta_psnr": -4.601139068603516,
      "original_ssim": 0.9986046552658081,
      "candidate_ssim": 0.9981169104576111,