{
  "source_csv": "/root/autodl-tmp/workspace/ConvIR-B-v04e-repro-826caaf-bundle/experience_docx/experiment_logs/haze4k_rootcause_preexp_20260604/scout_eval_per_image_a1_stop5_vs_a0.csv",
  "candidate_name": "a1_stop5",
  "overall": {
    "count": 1000,
    "mean_delta_psnr": -11.171764218330383,
    "median_delta_psnr": -11.404420852661133,
    "p5_delta_psnr": -20.743324565887452,
    "p95_delta_psnr": -1.373561096191409,
    "positive_delta_count": 31,
    "positive_delta_ratio": 0.031,
    "regression_delta_le_-0.05": 969,
    "regression_delta_le_-0.10": 968,
    "regression_delta_le_-0.20": 966,
    "gain_delta_ge_0.05": 30,
    "gain_delta_ge_0.10": 29,
    "mean_delta_ssim": -0.06880214112997055,
    "median_delta_ssim": -0.048399120569229126,
    "worst_10_mean_delta_psnr": -25.26545696258545,
    "best_10_mean_delta_psnr": 3.508962631225586
  },
  "difficulty_buckets_by_original_psnr": {
    "hard_bottom_25pct": {
      "original_psnr_range": [
        14.923683166503906,
        29.73811149597168
      ],
      "count": 250,
      "mean_delta_psnr": -5.9066537017822265,
      "median_delta_psnr": -6.199972152709961,
      "p5_delta_psnr": -12.682961416244506,
      "p95_delta_psnr": 0.9253083229064945,
      "positive_delta_count": 24,
      "positive_delta_ratio": 0.096,
      "regression_delta_le_-0.05": 226,
      "regression_delta_le_-0.10": 225,
      "regression_delta_le_-0.20": 223,
      "gain_delta_ge_0.05": 24,
      "gain_delta_ge_0.10": 23,
      "mean_delta_ssim": -0.05523675537109375,
      "median_delta_ssim": -0.03738686442375183,
      "worst_10_mean_delta_psnr": -14.720153903961181,
      "best_10_mean_delta_psnr": 3.5026681900024412
    },
    "medium_middle_50pct": {
      "original_psnr_range": [
        29.73848533630371,
        39.077850341796875
      ],
      "count": 500,
      "mean_delta_psnr": -10.842160354614258,
      "median_delta_psnr": -11.022652626037598,
      "p5_delta_psnr": -17.827429389953615,
      "p95_delta_psnr": -3.1045742988586422,
      "positive_delta_count": 7,
      "positive_delta_ratio": 0.014,
      "regression_delta_le_-0.05": 493,
      "regression_delta_le_-0.10": 493,
      "regression_delta_le_-0.20": 493,
      "gain_delta_ge_0.05": 6,
      "gain_delta_ge_0.10": 6,
      "mean_delta_ssim": -0.06444860577583313,
      "median_delta_ssim": -0.04924666881561279,
      "worst_10_mean_delta_psnr": -21.25098075866699,
      "best_10_mean_delta_psnr": 0.3577756881713867
    },
    "easy_top_25pct": {
      "original_psnr_range": [
        39.0806884765625,
        50.05816650390625
      ],
      "count": 250,
      "mean_delta_psnr": -17.09608246231079,
      "median_delta_psnr": -16.47669792175293,
      "p5_delta_psnr": -24.417589330673216,
      "p95_delta_psnr": -12.06825885772705,
      "positive_delta_count": 0,
      "positive_delta_ratio": 0.0,
      "regression_delta_le_-0.05": 250,
      "regression_delta_le_-0.10": 250,
      "regression_delta_le_-0.20": 250,
      "gain_delta_ge_0.05": 0,
      "gain_delta_ge_0.10": 0,
      "mean_delta_ssim": -0.09107459759712219,
      "median_delta_ssim": -0.05529472231864929,
      "worst_10_mean_delta_psnr": -25.26545696258545,
      "best_10_mean_delta_psnr": -11.130698204040527
    }
  },
  "filename_parameter_correlations_inferred": {
    "note": "Haze4K filenames look like id_param1_param2.png; this file records correlation only and does not assume the parameter meaning.",
    "param_1_vs_original_psnr": -0.1613676353850628,
    "param_1_vs_delta_psnr": -0.026210937482607315,
    "param_2_vs_original_psnr": -0.32356410082698106,
    "param_2_vs_delta_psnr": -0.13221964256886728
  },
  "worst_regressions": [
    {
      "name": "703_0.99_1.55.png",
      "original_psnr": 40.791770935058594,
      "candidate_psnr": 14.502921104431152,
      "delta_psnr": -26.28884983062744,
      "original_ssim": 0.9884257316589355,
      "candidate_ssim": 0.6216421723365784,
      "delta_ssim": -0.3667835593223572,
      "filename_param_1": 0.99,
      "filename_param_2": 1.55
    },
    {
      "name": "702_0.99_1.46.png",
      "original_psnr": 41.169071197509766,
      "candidate_psnr": 15.015752792358398,
      "delta_psnr": -26.153318405151367,
      "original_ssim": 0.9898521304130554,
      "candidate_ssim": 0.6313818097114563,
      "delta_ssim": -0.3584703207015991,
      "filename_param_1": 0.99,
      "filename_param_2": 1.46
    },
    {
      "name": "520_0.95_0.81.png",
      "original_psnr": 47.96699905395508,
      "candidate_psnr": 22.54837989807129,
      "delta_psnr": -25.41861915588379,
      "original_ssim": 0.996965765953064,
      "candidate_ssim": 0.7629866600036621,
      "delta_ssim": -0.23397910594940186,
      "filename_param_1": 0.95,
      "filename_param_2": 0.81
    },
    {
      "name": "776_0.77_1.8.png",
      "original_psnr": 41.008880615234375,
      "candidate_psnr": 15.820169448852539,
      "delta_psnr": -25.188711166381836,
      "original_ssim": 0.9899275302886963,
      "candidate_ssim": 0.659151017665863,
      "delta_ssim": -0.33077651262283325,
      "filename_param_1": 0.77,
      "filename_param_2": 1.8
    },
    {
      "name": "991_0.56_1.71.png",
      "original_psnr": 40.8259162902832,
      "candidate_psnr": 15.75914192199707,
      "delta_psnr": -25.066774368286133,
      "original_ssim": 0.9924997091293335,
      "candidate_ssim": 0.7189650535583496,
      "delta_ssim": -0.2735346555709839,
      "filename_param_1": 0.56,
      "filename_param_2": 1.71
    },
    {
      "name": "704_0.99_1.12.png",
      "original_psnr": 42.8700065612793,
      "candidate_psnr": 17.824928283691406,
      "delta_psnr": -25.04507827758789,
      "original_ssim": 0.9922212362289429,
      "candidate_ssim": 0.6834578514099121,
      "delta_ssim": -0.30876338481903076,
      "filename_param_1": 0.99,
      "filename_param_2": 1.12
    },
    {
      "name": "957_0.55_0.69.png",
      "original_psnr": 47.0880126953125,
      "candidate_psnr": 22.083845138549805,
      "delta_psnr": -25.004167556762695,
      "original_ssim": 0.9988511800765991,
      "candidate_ssim": 0.9457961916923523,
      "delta_ssim": -0.053054988384246826,
      "filename_param_1": 0.55,
      "filename_param_2": 0.69
    },
    {
      "name": "791_0.94_1.39.png",
      "original_psnr": 40.60481643676758,
      "candidate_psnr": 15.615763664245605,
      "delta_psnr": -24.989052772521973,
      "original_ssim": 0.9924874305725098,
      "candidate_ssim": 0.7237755656242371,
      "delta_ssim": -0.2687118649482727,
      "filename_param_1": 0.94,
      "filename_param_2": 1.39
    },
    {
      "name": "590_0.71_1.38.png",
      "original_psnr": 43.20005798339844,
      "candidate_psnr": 18.417205810546875,
      "delta_psnr": -24.782852172851562,
      "original_ssim": 0.9899287223815918,
      "candidate_ssim": 0.6329854726791382,
      "delta_ssim": -0.3569432497024536,
      "filename_param_1": 0.71,
      "filename_param_2": 1.38
    },
    {
      "name": "789_0.85_1.57.png",
      "original_psnr": 41.04236602783203,
      "candidate_psnr": 16.325220108032227,
      "delta_psnr": -24.717145919799805,
      "original_ssim": 0.9929695129394531,
      "candidate_ssim": 0.7318012118339539,
      "delta_ssim": -0.26116830110549927,
      "filename_param_1": 0.85,
      "filename_param_2": 1.57
    },
    {
      "name": "518_0.86_0.85.png",
      "original_psnr": 47.818328857421875,
      "candidate_psnr": 23.15349578857422,
      "delta_psnr": -24.664833068847656,
      "original_ssim": 0.9970794916152954,
      "candidate_ssim": 0.7691001892089844,
      "delta_ssim": -0.22797930240631104,
      "filename_param_1": 0.86,
      "filename_param_2": 0.85
    },
    {
      "name": "589_0.81_1.82.png",
      "original_psnr": 40.680843353271484,
      "candidate_psnr": 16.017654418945312,
      "delta_psnr": -24.663188934326172,
      "original_ssim": 0.9846200346946716,
      "candidate_ssim": 0.5813409090042114,