{
  "source_csv": "/root/autodl-tmp/workspace/ConvIR-B-v04e-repro-826caaf-bundle/experience_docx/experiment_logs/haze4k_rootcause_preexp_20260604/scout_eval_per_image_a1_final_vs_a0.csv",
  "candidate_name": "a1_final",
  "overall": {
    "count": 1000,
    "mean_delta_psnr": -3.4912599153518675,
    "median_delta_psnr": -3.2508811950683594,
    "p5_delta_psnr": -9.13690643310547,
    "p95_delta_psnr": 1.0838517189025874,
    "positive_delta_count": 114,
    "positive_delta_ratio": 0.114,
    "regression_delta_le_-0.05": 880,
    "regression_delta_le_-0.10": 872,
    "regression_delta_le_-0.20": 865,
    "gain_delta_ge_0.05": 110,
    "gain_delta_ge_0.10": 107,
    "mean_delta_ssim": -0.00752054363489151,
    "median_delta_ssim": -0.004635125398635864,
    "worst_10_mean_delta_psnr": -13.728231620788574,
    "best_10_mean_delta_psnr": 4.454232025146484
  },
  "difficulty_buckets_by_original_psnr": {
    "hard_bottom_25pct": {
      "original_psnr_range": [
        14.923683166503906,
        29.73811149597168
      ],
      "count": 250,
      "mean_delta_psnr": -1.0962010536193847,
      "median_delta_psnr": -1.2255926132202148,
      "p5_delta_psnr": -4.424098873138428,
      "p95_delta_psnr": 2.856542778015144,
      "positive_delta_count": 66,
      "positive_delta_ratio": 0.264,
      "regression_delta_le_-0.05": 182,
      "regression_delta_le_-0.10": 179,
      "regression_delta_le_-0.20": 176,
      "gain_delta_ge_0.05": 63,
      "gain_delta_ge_0.10": 60,
      "mean_delta_ssim": -0.008109705209732056,
      "median_delta_ssim": -0.005462676286697388,
      "worst_10_mean_delta_psnr": -5.8626361846923825,
      "best_10_mean_delta_psnr": 4.41745777130127
    },
    "medium_middle_50pct": {
      "original_psnr_range": [
        29.73848533630371,
        39.077850341796875
      ],
      "count": 500,
      "mean_delta_psnr": -3.100621063232422,
      "median_delta_psnr": -3.1244983673095703,
      "p5_delta_psnr": -7.143535423278808,
      "p95_delta_psnr": 0.8416463851928712,
      "positive_delta_count": 47,
      "positive_delta_ratio": 0.094,
      "regression_delta_le_-0.05": 449,
      "regression_delta_le_-0.10": 444,
      "regression_delta_le_-0.20": 440,
      "gain_delta_ge_0.05": 46,
      "gain_delta_ge_0.10": 46,
      "mean_delta_ssim": -0.006661397933959961,
      "median_delta_ssim": -0.004529833793640137,
      "worst_10_mean_delta_psnr": -9.100228118896485,
      "best_10_mean_delta_psnr": 2.9739700317382813
    },
    "easy_top_25pct": {
      "original_psnr_range": [
        39.0806884765625,
        50.05816650390625
      ],
      "count": 250,
      "mean_delta_psnr": -6.667596481323242,
      "median_delta_psnr": -6.441272735595703,
      "p5_delta_psnr": -11.815204238891601,
      "p95_delta_psnr": -2.657759284973142,
      "positive_delta_count": 1,
      "positive_delta_ratio": 0.004,
      "regression_delta_le_-0.05": 249,
      "regression_delta_le_-0.10": 249,
      "regression_delta_le_-0.20": 249,
      "gain_delta_ge_0.05": 1,
      "gain_delta_ge_0.10": 1,
      "mean_delta_ssim": -0.008649673461914063,
      "median_delta_ssim": -0.004382997751235962,
      "worst_10_mean_delta_psnr": -13.728231620788574,
      "best_10_mean_delta_psnr": -1.5730236053466797
    }
  },
  "filename_parameter_correlations_inferred": {
    "note": "Haze4K filenames look like id_param1_param2.png; this file records correlation only and does not assume the parameter meaning.",
    "param_1_vs_original_psnr": -0.16136763693342868,
    "param_1_vs_delta_psnr": 0.22221897008145416,
    "param_2_vs_original_psnr": -0.3235641016600122,
    "param_2_vs_delta_psnr": 0.08764829185398561
  },
  "worst_regressions": [
    {
      "name": "741_0.56_1.58.png",
      "original_psnr": 39.87034225463867,
      "candidate_psnr": 24.367897033691406,
      "delta_psnr": -15.502445220947266,
      "original_ssim": 0.9977469444274902,
      "candidate_ssim": 0.9864615201950073,
      "delta_ssim": -0.01128542423248291,
      "filename_param_1": 0.56,
      "filename_param_2": 1.58
    },
    {
      "name": "773_0.51_0.63.png",
      "original_psnr": 49.38873291015625,
      "candidate_psnr": 33.9555778503418,
      "delta_psnr": -15.433155059814453,
      "original_ssim": 0.99688720703125,
      "candidate_ssim": 0.9790739417076111,
      "delta_ssim": -0.017813265323638916,
      "filename_param_1": 0.51,
      "filename_param_2": 0.63
    },
    {
      "name": "935_0.58_0.55.png",
      "original_psnr": 50.05816650390625,
      "candidate_psnr": 35.29719924926758,
      "delta_psnr": -14.760967254638672,
      "original_ssim": 0.9958352446556091,
      "candidate_ssim": 0.9771571159362793,
      "delta_ssim": -0.018678128719329834,
      "filename_param_1": 0.58,
      "filename_param_2": 0.55
    },
    {
      "name": "519_0.58_1.19.png",
      "original_psnr": 46.29380798339844,
      "candidate_psnr": 31.808914184570312,
      "delta_psnr": -14.484893798828125,
      "original_ssim": 0.9971307516098022,
      "candidate_ssim": 0.9676207900047302,
      "delta_ssim": -0.02950996160507202,
      "filename_param_1": 0.58,
      "filename_param_2": 1.19
    },
    {
      "name": "789_0.85_1.57.png",
      "original_psnr": 41.04236602783203,
      "candidate_psnr": 27.652099609375,
      "delta_psnr": -13.390266418457031,
      "original_ssim": 0.9929695129394531,
      "candidate_ssim": 0.9563215970993042,
      "delta_ssim": -0.036647915840148926,
      "filename_param_1": 0.85,
      "filename_param_2": 1.57
    },
    {
      "name": "886_0.51_0.87.png",
      "original_psnr": 45.1402473449707,
      "candidate_psnr": 31.802825927734375,
      "delta_psnr": -13.337421417236328,
      "original_ssim": 0.9985545873641968,
      "candidate_ssim": 0.9943726062774658,
      "delta_ssim": -0.004181981086730957,
      "filename_param_1": 0.51,
      "filename_param_2": 0.87
    },
    {
      "name": "766_0.58_1.2.png",
      "original_psnr": 42.428253173828125,
      "candidate_psnr": 29.252456665039062,
      "delta_psnr": -13.175796508789062,
      "original_ssim": 0.9975506663322449,
      "candidate_ssim": 0.9744478464126587,
      "delta_ssim": -0.02310281991958618,
      "filename_param_1": 0.58,
      "filename_param_2": 1.2
    },
    {
      "name": "567_0.56_0.66.png",
      "original_psnr": 43.26725387573242,
      "candidate_psnr": 30.41876792907715,
      "delta_psnr": -12.848485946655273,
      "original_ssim": 0.9981676340103149,
      "candidate_ssim": 0.9912571907043457,
      "delta_ssim": -0.006910443305969238,
      "filename_param_1": 0.56,
      "filename_param_2": 0.66
    },
    {
      "name": "733_0.65_1.63.png",
      "original_psnr": 40.342796325683594,
      "candidate_psnr": 28.143728256225586,
      "delta_psnr": -12.199068069458008,
      "original_ssim": 0.9975937604904175,
      "candidate_ssim": 0.9918756484985352,
      "delta_ssim": -0.005718111991882324,
      "filename_param_1": 0.65,
      "filename_param_2": 1.63
    },
    {
      "name": "579_0.52_0.61.png",
      "original_psnr": 41.4879264831543,
      "candidate_psnr": 29.338109970092773,
      "delta_psnr": -12.149816513061523,
      "original_ssim": 0.9986757040023804,
      "candidate_ssim": 0.9934241771697998,
      "delta_ssim": -0.005251526832580566,
      "filename_param_1": 0.52,
      "filename_param_2": 0.61
    },
    {
      "name": "632_0.57_0.74.png",
      "original_psnr": 43.29941177368164,
      "candidate_psnr": 31.178176879882812,
      "delta_psnr": -12.121234893798828,
      "original_ssim": 0.998494029045105,
      "candidate_ssim": 0.9941457509994507,
      "delta_ssim": -0.004348278045654297,
      "filename_param_1": 0.57,
      "filename_param_2": 0.74
    },
    {
      "name": "916_0.53_0.72.png",
      "original_psnr": 43.97039031982422,
      "candidate_psnr": 31.899816513061523,
      "delta_psnr": -12.070573806762695,
      "original_ssim": 0.9981908202171326,
      "candidate_ssim": 0.9942082762718201,