{
  "source_csv": "/root/autodl-tmp/workspace/ConvIR-B-dpga-lite-826caaf/experience_docx/experiment_logs/haze4k_dpga_lite_20260604/eval_a0_compare/scout_eval_per_image_seed3407_dpga_lite_stop20_vs_A0.csv",
  "candidate_name": "dpga_lite_stop20",
  "overall": {
    "count": 1000,
    "mean_delta_psnr": 0.019325300216674803,
    "median_delta_psnr": 0.02479267120361328,
    "p5_delta_psnr": -0.4605730056762695,
    "p95_delta_psnr": 0.48242378234863265,
    "positive_delta_count": 560,
    "positive_delta_ratio": 0.56,
    "regression_delta_le_-0.05": 325,
    "regression_delta_le_-0.10": 247,
    "regression_delta_le_-0.20": 161,
    "gain_delta_ge_0.05": 429,
    "gain_delta_ge_0.10": 314,
    "mean_delta_ssim": 4.822957515716553e-05,
    "median_delta_ssim": 3.692507743835449e-05,
    "worst_10_mean_delta_psnr": -0.9302288055419922,
    "best_10_mean_delta_psnr": 1.0959396362304688
  },
  "difficulty_buckets_by_original_psnr": {
    "hard_bottom_25pct": {
      "original_psnr_range": [
        14.923683166503906,
        29.73811149597168
      ],
      "count": 250,
      "mean_delta_psnr": 0.0037252960205078124,
      "median_delta_psnr": 0.010106086730957031,
      "p5_delta_psnr": -0.18761730194091797,
      "p95_delta_psnr": 0.1721416473388673,
      "positive_delta_count": 136,
      "positive_delta_ratio": 0.544,
      "regression_delta_le_-0.05": 62,
      "regression_delta_le_-0.10": 39,
      "regression_delta_le_-0.20": 11,
      "gain_delta_ge_0.05": 77,
      "gain_delta_ge_0.10": 31,
      "mean_delta_ssim": 7.283687591552734e-05,
      "median_delta_ssim": 5.525350570678711e-05,
      "worst_10_mean_delta_psnr": -0.31079635620117185,
      "best_10_mean_delta_psnr": 0.35624103546142577
    },
    "medium_middle_50pct": {
      "original_psnr_range": [
        29.73848533630371,
        39.077850341796875
      ],
      "count": 500,
      "mean_delta_psnr": 0.03197016525268555,
      "median_delta_psnr": 0.030570030212402344,
      "p5_delta_psnr": -0.40937280654907227,
      "p95_delta_psnr": 0.42884197235107424,
      "positive_delta_count": 288,
      "positive_delta_ratio": 0.576,
      "regression_delta_le_-0.05": 155,
      "regression_delta_le_-0.10": 114,
      "regression_delta_le_-0.20": 72,
      "gain_delta_ge_0.05": 229,
      "gain_delta_ge_0.10": 174,
      "mean_delta_ssim": 4.724943637847901e-05,
      "median_delta_ssim": 4.8279762268066406e-05,
      "worst_10_mean_delta_psnr": -0.7104406356811523,
      "best_10_mean_delta_psnr": 0.9510009765625
    },
    "easy_top_25pct": {
      "original_psnr_range": [
        39.0806884765625,
        50.05816650390625
      ],
      "count": 250,
      "mean_delta_psnr": 0.009635574340820312,
      "median_delta_psnr": 0.04375648498535156,
      "p5_delta_psnr": -0.691048812866211,
      "p95_delta_psnr": 0.64513053894043,
      "positive_delta_count": 136,
      "positive_delta_ratio": 0.544,
      "regression_delta_le_-0.05": 108,
      "regression_delta_le_-0.10": 94,
      "regression_delta_le_-0.20": 78,
      "gain_delta_ge_0.05": 123,
      "gain_delta_ge_0.10": 109,
      "mean_delta_ssim": 2.5582551956176758e-05,
      "median_delta_ssim": 2.6226043701171875e-05,
      "worst_10_mean_delta_psnr": -0.8634517669677735,
      "best_10_mean_delta_psnr": 0.8212081909179687
    }
  },
  "filename_parameter_correlations_inferred": {
    "note": "Haze4K filenames look like id_param1_param2.png; this file records correlation only and does not assume the parameter meaning.",
    "param_1_vs_original_psnr": -0.16136763723183392,
    "param_1_vs_delta_psnr": 0.21819817419304605,
    "param_2_vs_original_psnr": -0.32356410352275944,
    "param_2_vs_delta_psnr": 0.00961347761031999
  },
  "worst_regressions": [
    {
      "name": "951_0.57_0.85.png",
      "original_psnr": 38.60338592529297,
      "candidate_psnr": 37.41091537475586,
      "delta_psnr": -1.1924705505371094,
      "original_ssim": 0.9976327419281006,
      "candidate_ssim": 0.9976060390472412,
      "delta_ssim": -2.6702880859375e-05,
      "filename_param_1": 0.57,
      "filename_param_2": 0.85
    },
    {
      "name": "537_0.58_1.0.png",
      "original_psnr": 41.14934539794922,
      "candidate_psnr": 40.09772491455078,
      "delta_psnr": -1.0516204833984375,
      "original_ssim": 0.9981532096862793,
      "candidate_ssim": 0.9980890154838562,
      "delta_ssim": -6.41942024230957e-05,
      "filename_param_1": 0.58,
      "filename_param_2": 1.0
    },
    {
      "name": "950_0.57_1.28.png",
      "original_psnr": 35.4885139465332,
      "candidate_psnr": 34.439144134521484,
      "delta_psnr": -1.0493698120117188,
      "original_ssim": 0.9962097406387329,
      "candidate_ssim": 0.9961535930633545,
      "delta_ssim": -5.614757537841797e-05,
      "filename_param_1": 0.57,
      "filename_param_2": 1.28
    },
    {
      "name": "956_0.51_0.81.png",
      "original_psnr": 40.64748764038086,
      "candidate_psnr": 39.68653869628906,
      "delta_psnr": -0.9609489440917969,
      "original_ssim": 0.9893650412559509,
      "candidate_ssim": 0.9891977310180664,
      "delta_ssim": -0.00016731023788452148,
      "filename_param_1": 0.51,
      "filename_param_2": 0.81
    },
    {
      "name": "538_0.61_1.35.png",
      "original_psnr": 39.0806884765625,
      "candidate_psnr": 38.134132385253906,
      "delta_psnr": -0.9465560913085938,
      "original_ssim": 0.9971853494644165,
      "candidate_ssim": 0.9971075057983398,
      "delta_ssim": -7.784366607666016e-05,
      "filename_param_1": 0.61,
      "filename_param_2": 1.35
    },
    {
      "name": "540_0.65_1.28.png",
      "original_psnr": 39.528907775878906,
      "candidate_psnr": 38.6959228515625,
      "delta_psnr": -0.8329849243164062,
      "original_ssim": 0.9972095489501953,
      "candidate_ssim": 0.9971479177474976,
      "delta_ssim": -6.16312026977539e-05,
      "filename_param_1": 0.65,
      "filename_param_2": 1.28
    },
    {
      "name": "799_0.52_1.97.png",
      "original_psnr": 39.89196014404297,
      "candidate_psnr": 39.06440734863281,
      "delta_psnr": -0.8275527954101562,
      "original_ssim": 0.9971408247947693,
      "candidate_ssim": 0.9970757961273193,
      "delta_ssim": -6.502866744995117e-05,
      "filename_param_1": 0.52,
      "filename_param_2": 1.97
    },
    {
      "name": "935_0.58_0.55.png",
      "original_psnr": 50.05816650390625,
      "candidate_psnr": 49.233558654785156,
      "delta_psnr": -0.8246078491210938,
      "original_ssim": 0.9958353042602539,
      "candidate_ssim": 0.9955517649650574,
      "delta_ssim": -0.0002835392951965332,
      "filename_param_1": 0.58,
      "filename_param_2": 0.55
    },
    {
      "name": "969_0.54_1.07.png",
      "original_psnr": 42.267372131347656,
      "candidate_psnr": 41.45524978637695,
      "delta_psnr": -0.8121223449707031,
      "original_ssim": 0.997339129447937,
      "candidate_ssim": 0.9972810745239258,
      "delta_ssim": -5.805492401123047e-05,
      "filename_param_1": 0.54,
      "filename_param_2": 1.07
    },
    {
      "name": "550_0.55_1.01.png",
      "original_psnr": 42.93354034423828,
      "candidate_psnr": 42.129486083984375,
      "delta_psnr": -0.8040542602539062,
      "original_ssim": 0.9952875375747681,
      "candidate_ssim": 0.9957078695297241,
      "delta_ssim": 0.0004203319549560547,
      "filename_param_1": 0.55,
      "filename_param_2": 1.01
    },
    {
      "name": "598_0.58_1.14.png",
      "original_psnr": 40.63932418823242,
      "candidate_psnr": 39.850250244140625,
      "delta_psnr": -0.7890739440917969,
      "original_ssim": 0.9971915483474731,
      "candidate_ssim": 0.9970662593841553,
      "delta_ssim": -0.0001252889633178711,
      "filename_param_1": 0.58,
      "filename_param_2": 1.14
    },
    {
      "name": "818_0.52_0.76.png",
      "original_psnr": 41.25962829589844,
      "candidate_psnr": 40.474632263183594,
      "delta_psnr": -0.7849960327148438,