{
  "source_csv": "/root/autodl-tmp/workspace/ConvIR-B-dpga-lite-826caaf/experience_docx/experiment_logs/haze4k_dpga_lite_20260604/eval_a0_compare/scout_eval_per_image_seed3407_dpga_lite_stop5_vs_A0.csv",
  "candidate_name": "dpga_lite_stop5",
  "overall": {
    "count": 1000,
    "mean_delta_psnr": -0.022862579345703123,
    "median_delta_psnr": -0.011639595031738281,
    "p5_delta_psnr": -0.4949611663818359,
    "p95_delta_psnr": 0.4216161727905269,
    "positive_delta_count": 459,
    "positive_delta_ratio": 0.459,
    "regression_delta_le_-0.05": 376,
    "regression_delta_le_-0.10": 294,
    "regression_delta_le_-0.20": 194,
    "gain_delta_ge_0.05": 315,
    "gain_delta_ge_0.10": 234,
    "mean_delta_ssim": 3.42559814453125e-06,
    "median_delta_ssim": 1.1920928955078125e-06,
    "worst_10_mean_delta_psnr": -0.9423629760742187,
    "best_10_mean_delta_psnr": 0.8094474792480468
  },
  "difficulty_buckets_by_original_psnr": {
    "hard_bottom_25pct": {
      "original_psnr_range": [
        14.923683166503906,
        29.73811149597168
      ],
      "count": 250,
      "mean_delta_psnr": -0.00581170654296875,
      "median_delta_psnr": -0.010677337646484375,
      "p5_delta_psnr": -0.17149953842163088,
      "p95_delta_psnr": 0.15645341873168955,
      "positive_delta_count": 106,
      "positive_delta_ratio": 0.424,
      "regression_delta_le_-0.05": 59,
      "regression_delta_le_-0.10": 32,
      "regression_delta_le_-0.20": 7,
      "gain_delta_ge_0.05": 46,
      "gain_delta_ge_0.10": 25,
      "mean_delta_ssim": -1.4472723007202149e-05,
      "median_delta_ssim": -2.3156404495239258e-05,
      "worst_10_mean_delta_psnr": -0.21252059936523438,
      "best_10_mean_delta_psnr": 0.2683431625366211
    },
    "medium_middle_50pct": {
      "original_psnr_range": [
        29.73848533630371,
        39.077850341796875
      ],
      "count": 500,
      "mean_delta_psnr": -0.01374432373046875,
      "median_delta_psnr": -0.011801719665527344,
      "p5_delta_psnr": -0.4126182556152344,
      "p95_delta_psnr": 0.39067840576171875,
      "positive_delta_count": 231,
      "positive_delta_ratio": 0.462,
      "regression_delta_le_-0.05": 196,
      "regression_delta_le_-0.10": 146,
      "regression_delta_le_-0.20": 93,
      "gain_delta_ge_0.05": 168,
      "gain_delta_ge_0.10": 122,
      "mean_delta_ssim": 4.691600799560547e-06,
      "median_delta_ssim": 2.3245811462402344e-06,
      "worst_10_mean_delta_psnr": -0.6910343170166016,
      "best_10_mean_delta_psnr": 0.6869998931884765
    },
    "easy_top_25pct": {
      "original_psnr_range": [
        39.0806884765625,
        50.05816650390625
      ],
      "count": 250,
      "mean_delta_psnr": -0.05814996337890625,
      "median_delta_psnr": -0.023042678833007812,
      "p5_delta_psnr": -0.7258420944213867,
      "p95_delta_psnr": 0.5983833312988285,
      "positive_delta_count": 122,
      "positive_delta_ratio": 0.488,
      "regression_delta_le_-0.05": 121,
      "regression_delta_le_-0.10": 116,
      "regression_delta_le_-0.20": 94,
      "gain_delta_ge_0.05": 101,
      "gain_delta_ge_0.10": 87,
      "mean_delta_ssim": 1.8791913986206055e-05,
      "median_delta_ssim": 1.2695789337158203e-05,
      "worst_10_mean_delta_psnr": -0.9105777740478516,
      "best_10_mean_delta_psnr": 0.7612823486328125
    }
  },
  "filename_parameter_correlations_inferred": {
    "note": "Haze4K filenames look like id_param1_param2.png; this file records correlation only and does not assume the parameter meaning.",
    "param_1_vs_original_psnr": -0.1613676386771656,
    "param_1_vs_delta_psnr": 0.18887028362503067,
    "param_2_vs_original_psnr": -0.3235641016482589,
    "param_2_vs_delta_psnr": 0.05601994746113835
  },
  "worst_regressions": [
    {
      "name": "537_0.58_1.0.png",
      "original_psnr": 41.14934539794922,
      "candidate_psnr": 39.96573257446289,
      "delta_psnr": -1.1836128234863281,
      "original_ssim": 0.9981532096862793,
      "candidate_ssim": 0.9980880618095398,
      "delta_ssim": -6.514787673950195e-05,
      "filename_param_1": 0.58,
      "filename_param_2": 1.0
    },
    {
      "name": "538_0.61_1.35.png",
      "original_psnr": 39.0806884765625,
      "candidate_psnr": 37.9854621887207,
      "delta_psnr": -1.0952262878417969,
      "original_ssim": 0.997185230255127,
      "candidate_ssim": 0.9970893859863281,
      "delta_ssim": -9.584426879882812e-05,
      "filename_param_1": 0.61,
      "filename_param_2": 1.35
    },
    {
      "name": "540_0.65_1.28.png",
      "original_psnr": 39.528907775878906,
      "candidate_psnr": 38.5152702331543,
      "delta_psnr": -1.0136375427246094,
      "original_ssim": 0.9972095489501953,
      "candidate_ssim": 0.9971258640289307,
      "delta_ssim": -8.368492126464844e-05,
      "filename_param_1": 0.65,
      "filename_param_2": 1.28
    },
    {
      "name": "978_0.6_0.57.png",
      "original_psnr": 46.35127639770508,
      "candidate_psnr": 45.40651321411133,
      "delta_psnr": -0.94476318359375,
      "original_ssim": 0.9986042380332947,
      "candidate_ssim": 0.9986003637313843,
      "delta_ssim": -3.874301910400391e-06,
      "filename_param_1": 0.6,
      "filename_param_2": 0.57
    },
    {
      "name": "507_0.66_0.7.png",
      "original_psnr": 38.02433776855469,
      "candidate_psnr": 37.08536911010742,
      "delta_psnr": -0.9389686584472656,
      "original_ssim": 0.9957998991012573,
      "candidate_ssim": 0.9953510761260986,
      "delta_ssim": -0.0004488229751586914,
      "filename_param_1": 0.66,
      "filename_param_2": 0.7
    },
    {
      "name": "951_0.57_0.85.png",
      "original_psnr": 38.60338592529297,
      "candidate_psnr": 37.70562744140625,
      "delta_psnr": -0.8977584838867188,
      "original_ssim": 0.9976326823234558,
      "candidate_ssim": 0.9976717829704285,
      "delta_ssim": 3.910064697265625e-05,
      "filename_param_1": 0.57,
      "filename_param_2": 0.85
    },
    {
      "name": "977_0.64_0.58.png",
      "original_psnr": 46.406005859375,
      "candidate_psnr": 45.52428436279297,
      "delta_psnr": -0.8817214965820312,
      "original_ssim": 0.9986274242401123,
      "candidate_ssim": 0.9986269474029541,
      "delta_ssim": -4.76837158203125e-07,
      "filename_param_1": 0.64,
      "filename_param_2": 0.58
    },
    {
      "name": "598_0.58_1.14.png",
      "original_psnr": 40.63932418823242,
      "candidate_psnr": 39.769290924072266,
      "delta_psnr": -0.8700332641601562,
      "original_ssim": 0.9971914291381836,
      "candidate_ssim": 0.9970371127128601,
      "delta_ssim": -0.00015431642532348633,
      "filename_param_1": 0.58,
      "filename_param_2": 1.14
    },
    {
      "name": "557_0.68_0.68.png",
      "original_psnr": 42.61225128173828,
      "candidate_psnr": 41.803260803222656,
      "delta_psnr": -0.808990478515625,
      "original_ssim": 0.9983869791030884,
      "candidate_ssim": 0.9984516501426697,
      "delta_ssim": 6.467103958129883e-05,
      "filename_param_1": 0.68,
      "filename_param_2": 0.68
    },
    {
      "name": "818_0.52_0.76.png",
      "original_psnr": 41.25962829589844,
      "candidate_psnr": 40.47071075439453,
      "delta_psnr": -0.7889175415039062,
      "original_ssim": 0.998779296875,
      "candidate_ssim": 0.9986848831176758,
      "delta_ssim": -9.441375732421875e-05,
      "filename_param_1": 0.52,
      "filename_param_2": 0.76
    },
    {
      "name": "950_0.57_1.28.png",
      "original_psnr": 35.4885139465332,
      "candidate_psnr": 34.713165283203125,
      "delta_psnr": -0.7753486633300781,
      "original_ssim": 0.9962096214294434,
      "candidate_ssim": 0.9962701201438904,
      "delta_ssim": 6.0498714447021484e-05,
      "filename_param_1": 0.57,
      "filename_param_2": 1.28
    },
    {
      "name": "550_0.55_1.01.png",
      "original_psnr": 42.93354034423828,
      "candidate_psnr": 42.16999816894531,
      "delta_psnr": -0.7635421752929688,
      "original_ssim": 0.9952874183654785,