{
  "runs": {
    "a0": {
      "label": "a0",
      "arch": "convir",
      "mode": "original",
      "checkpoint": "/root/autodl-tmp/workspace/ConvIR-B/Dehazing/pretrained_models/haze4k-base.pkl",
      "count": 1000,
      "mean_psnr": 34.14658182144165,
      "mean_ssim": 0.9897282396554947,
      "avg_time_sec_sync": 0.051738268852233885,
      "median_time_sec_sync": 0.04104018211364746,
      "peak_cuda_mem_mib": 537.94482421875
    },
    "dpga_lite_best": {
      "label": "dpga_lite_best",
      "arch": "dpga",
      "mode": "original",
      "checkpoint": "/root/autodl-tmp/workspace/ConvIR-B-dpga-lite-826caaf/Dehazing/ITS/results/ConvIR-Haze4K-DPGA-Lite-v1.0-adapter-only-stop20-seed3407-20260604/Training-Results/Best.pkl",
      "count": 1000,
      "mean_psnr": 34.177780815124514,
      "mean_ssim": 0.9898161199092865,
      "avg_time_sec_sync": 0.052926246404647825,
      "median_time_sec_sync": 0.04379582405090332,
      "peak_cuda_mem_mib": 548.21484375
    }
  },
  "comparison": {
    "common_count": 1000,
    "mean_psnr_delta": 0.031198993682861328,
    "median_psnr_delta": 0.038323402404785156,
    "p5_psnr_delta": -0.44954833984375,
    "p95_psnr_delta": 0.4914270401000976,
    "worst10pct_mean_psnr_delta": -0.47905115127563475,
    "best10pct_mean_psnr_delta": 0.5634444999694824,
    "worst10img_mean_psnr_delta": -0.841518783569336,
    "best10img_mean_psnr_delta": 1.1422502517700195,
    "worst10_mean_psnr_delta": -0.47905115127563475,
    "best10_mean_psnr_delta": 0.5634444999694824,
    "mean_ssim_delta": 8.788025379180908e-05,
    "strong_reference_cut_psnr": 39.07855987548828,
    "strong_reference_count": 250,
    "strong_regression_count_delta_le_-0.05": 105,
    "worst_regression_count_delta_le_-0.20": 163
  }
}