{
  "runs": {
    "a0": {
      "label": "a0",
      "arch": "convir",
      "mode": "original",
      "checkpoint": "/root/autodl-tmp/workspace/ConvIR-B/Dehazing/pretrained_models/haze4k-base.pkl",
      "count": 1000,
      "mean_psnr": 34.14658182144165,
      "mean_ssim": 0.9897282413244247,
      "avg_time_sec_sync": 0.05322102379798889,
      "median_time_sec_sync": 0.043611884117126465,
      "peak_cuda_mem_mib": 537.94482421875
    },
    "dpga_lite_final": {
      "label": "dpga_lite_final",
      "arch": "dpga",
      "mode": "original",
      "checkpoint": "/root/autodl-tmp/workspace/ConvIR-B-dpga-lite-826caaf/Dehazing/ITS/results/ConvIR-Haze4K-DPGA-Lite-v1.0-adapter-only-stop20-seed3407-20260604/Training-Results/Final.pkl",
      "count": 1000,
      "mean_psnr": 34.16590711402893,
      "mean_ssim": 0.9897764694094658,
      "avg_time_sec_sync": 0.05321785354614258,
      "median_time_sec_sync": 0.04473316669464111,
      "peak_cuda_mem_mib": 548.21484375
    }
  },
  "comparison": {
    "common_count": 1000,
    "mean_psnr_delta": 0.019325292587280274,
    "median_psnr_delta": 0.02479267120361328,
    "p5_psnr_delta": -0.4605730056762695,
    "p95_psnr_delta": 0.48242378234863265,
    "worst10pct_mean_psnr_delta": -0.5156753730773925,
    "best10pct_mean_psnr_delta": 0.5489976501464844,
    "worst10img_mean_psnr_delta": -0.9302288055419922,
    "best10img_mean_psnr_delta": 1.0959396362304688,
    "worst10_mean_psnr_delta": -0.5156753730773925,
    "best10_mean_psnr_delta": 0.5489976501464844,
    "mean_ssim_delta": 4.8228085041046145e-05,
    "strong_reference_cut_psnr": 39.07855987548828,
    "strong_reference_count": 250,
    "strong_regression_count_delta_le_-0.05": 108,
    "worst_regression_count_delta_le_-0.20": 161
  }
}