{
  "runs": {
    "a0": {
      "label": "a0",
      "arch": "convir",
      "mode": "original",
      "checkpoint": "/root/autodl-tmp/workspace/ConvIR-B/Dehazing/pretrained_models/haze4k-base.pkl",
      "count": 1000,
      "mean_psnr": 34.14658180236816,
      "mean_ssim": 0.9897282396554947,
      "avg_time_sec_sync": 0.05309216809272766,
      "median_time_sec_sync": 0.04246532917022705,
      "peak_cuda_mem_mib": 537.94482421875
    },
    "dpga_lite_stop20": {
      "label": "dpga_lite_stop20",
      "arch": "dpga",
      "mode": "original",
      "checkpoint": "/root/autodl-tmp/workspace/ConvIR-B-dpga-lite-826caaf/Dehazing/ITS/results/ConvIR-Haze4K-DPGA-Lite-v1.0-adapter-only-stop20-seed3407-20260604/Training-Results/model_20.pkl",
      "count": 1000,
      "mean_psnr": 34.16590710258484,
      "mean_ssim": 0.9897764692306519,
      "avg_time_sec_sync": 0.05289230608940124,
      "median_time_sec_sync": 0.04407167434692383,
      "peak_cuda_mem_mib": 548.21484375
    }
  },
  "comparison": {
    "common_count": 1000,
    "mean_psnr_delta": 0.019325300216674803,
    "median_psnr_delta": 0.02479267120361328,
    "p5_psnr_delta": -0.4605730056762695,
    "p95_psnr_delta": 0.48242378234863265,
    "worst10pct_mean_psnr_delta": -0.5156754112243652,
    "best10pct_mean_psnr_delta": 0.5489977264404297,
    "worst10img_mean_psnr_delta": -0.9302288055419922,
    "best10img_mean_psnr_delta": 1.0959396362304688,
    "worst10_mean_psnr_delta": -0.5156754112243652,
    "best10_mean_psnr_delta": 0.5489977264404297,
    "mean_ssim_delta": 4.822957515716553e-05,
    "strong_reference_cut_psnr": 39.07855987548828,
    "strong_reference_count": 250,
    "strong_regression_count_delta_le_-0.05": 108,
    "worst_regression_count_delta_le_-0.20": 161
  }
}