{
  "runs": {
    "A0": {
      "label": "A0",
      "arch": "official_convir",
      "mode": "original",
      "checkpoint": "/sda/home/wangyuxin/ConvIR-B/checkpoints/official/Haze4K/haze4k-base.pkl",
      "depth_mode": "none",
      "count": 600,
      "mean_psnr": 39.49932057380676,
      "mean_ssim": 0.9955887365341186,
      "avg_time_sec_sync": 0.03568290591239929,
      "median_time_sec_sync": 0.03715229034423828,
      "peak_cuda_mem_mib": 535.56884765625
    },
    "DTA_v2_oof20_adapter_only_zero_seed3413_f4_final": {
      "label": "DTA_v2_oof20_adapter_only_zero_seed3413_f4_final",
      "arch": "dta_v2",
      "mode": "original",
      "checkpoint": "/sda/home/wangyuxin/ConvIR-B/repos/ConvIR-B-dta-v2-calibrated/Dehazing/ITS/results/ConvIR-Haze4K-DTA-v2-adapter_only-zero-seed3413-f4-oof20/Training-Results/Final.pkl",
      "depth_mode": "zero",
      "count": 600,
      "mean_psnr": 39.59638478914896,
      "mean_ssim": 0.9955859127640724,
      "avg_time_sec_sync": 0.04541552186012268,
      "median_time_sec_sync": 0.04436767101287842,
      "peak_cuda_mem_mib": 541.38671875
    }
  },
  "comparison": {
    "common_count": 600,
    "mean_psnr_delta": 0.09706421534220377,
    "median_psnr_delta": 0.07278251647949219,
    "p5_psnr_delta": -0.27734851837158203,
    "p95_psnr_delta": 0.5149484634399413,
    "hard_bottom25_psnr_delta": 0.08980997721354167,
    "easy_top25_psnr_delta": 0.0822790273030599,
    "worst10pct_mean_psnr_delta": -0.310449473063151,
    "best10pct_mean_psnr_delta": 0.5554728825887044,
    "worst10img_mean_psnr_delta": -0.5293216705322266,
    "best10img_mean_psnr_delta": 0.8100528717041016,
    "worst10_mean_psnr_delta": -0.310449473063151,
    "best10_mean_psnr_delta": 0.5554728825887044,
    "mean_ssim_delta": -2.823770046234131e-06,
    "positive_ratio": 0.6533333333333333,
    "strong_reference_cut_psnr": 42.82054328918457,
    "strong_reference_count": 150,
    "strong_regression_count_delta_le_-0.05": 47,
    "worst_regression_count_delta_le_-0.20": 49
  }
}