sample_name,fold,label,target_prob,v221_prob,A_linear_prob,B_linear_prob,C_linear_prob,D_linear_prob,E_mlp_prob,hard_bottom25,easy_top25,strong_reference,raw_action_dpsnr,error_bucket
1000_0.74_1.6.png,0,0,0.0015651799039915204,0.0015651799039915204,0.07021166384220123,0.39370614290237427,0.00015506232739426196,0.9991525411605835,0.00032586147426627576,1,0,0,6.913459777832031,correct_negative
1006_0.89_1.55.png,0,0,0.18404605984687805,0.18404605984687805,0.8091058731079102,0.3077123165130615,8.824329597700853e-06,0.9991525411605835,0.02710311859846115,1,0,0,1.9079475402832031,correct_negative
1010_0.91_1.13.png,0,0,0.8958958387374878,0.8958958387374878,0.4029318392276764,0.3466814458370209,0.0013749897480010986,0.9991525411605835,0.4432811439037323,0,0,0,0.7228507995605469,correct_negative
1017_0.91_1.44.png,0,0,0.013088000938296318,0.013088000938296318,0.33174458146095276,0.15291178226470947,0.0004828108358196914,0.9991525411605835,0.002925446256995201,1,0,0,4.351654052734375,correct_negative
1022_0.66_1.05.png,0,0,0.037505410611629486,0.037505410611629486,0.031699586659669876,0.45811235904693604,0.07524353265762329,0.9991525411605835,0.010812424123287201,0,0,0,2.9994125366210938,correct_negative
1030_0.75_1.69.png,0,0,0.946740448474884,0.946740448474884,0.1453724354505539,0.46584615111351013,0.0021448610350489616,0.9991525411605835,0.3778913617134094,0,0,0,0.44861602783203125,correct_negative
1041_0.64_0.82.png,0,0,0.010941924527287483,0.010941924527287483,0.18451786041259766,0.1471165418624878,0.013621597550809383,0.9991525411605835,0.0015787804732099175,1,0,0,4.4432373046875,correct_negative
1047_0.89_1.57.png,0,0,0.0036681147757917643,0.0036681147757917643,0.03201000392436981,0.28061482310295105,7.073372216837015e-06,0.9991525411605835,9.372685781272594e-06,1,0,0,5.355928421020508,correct_negative
1051_0.69_0.54.png,0,1,0.8157047629356384,0.8157047629356384,0.35393548011779785,0.6378995180130005,0.14106836915016174,0.9991525411605835,0.962601363658905,0,0,0,-0.40225982666015625,correct_positive
1057_0.96_1.31.png,0,0,0.16066329181194305,0.16066329181194305,0.9662480354309082,0.8680827021598816,0.0019667400047183037,0.9991525411605835,0.008113154210150242,0,0,0,2.1882057189941406,false_positive
1062_0.58_1.51.png,0,0,0.02417152374982834,0.02417152374982834,0.12659530341625214,0.27605193853378296,0.00019804196199402213,0.9991525411605835,0.0006042588502168655,1,0,0,3.6711883544921875,correct_negative
1068_0.69_1.34.png,0,0,0.12658575177192688,0.12658575177192688,0.04135678708553314,0.43611326813697815,0.0008074259385466576,0.9991525411605835,0.0029624979943037033,0,0,0,2.8384437561035156,correct_negative
1077_0.94_0.84.png,0,0,0.1642717570066452,0.1642717570066452,0.2657293975353241,0.6401683688163757,0.0005360382492654026,0.9991525411605835,0.030955538153648376,0,0,0,1.454132080078125,false_positive
1082_0.94_0.87.png,0,0,0.06832844018936157,0.06832844018936157,0.12954214215278625,0.14718882739543915,0.0020383107475936413,0.9991525411605835,0.0028430449310690165,1,0,0,2.2668380737304688,correct_negative
1090_0.54_0.58.png,0,0,0.14907534420490265,0.14907534420490265,0.46212053298950195,0.6291649341583252,0.06000716611742973,0.9991525411605835,0.02516062557697296,0,0,0,2.3142013549804688,false_positive
1099_0.54_1.76.png,0,0,0.8484999537467957,0.8484999537467957,0.0029623161535710096,0.5586341023445129,0.44161567091941833,0.9991525411605835,0.23127372562885284,1,0,0,1.9462509155273438,false_positive
1106_0.89_1.69.png,0,0,0.0006021922454237938,0.0006021922454237938,0.7511546611785889,0.16158197820186615,0.00040619479841552675,0.9991525411605835,0.00013222542474977672,1,0,0,5.846897125244141,correct_negative
1113_0.9_0.52.png,0,0,0.7337979078292847,0.7337979078292847,0.6372239589691162,0.26156049966812134,0.1949978917837143,0.9991525411605835,0.8743340969085693,0,1,1,0.9143867492675781,correct_negative
1119_0.62_1.98.png,0,0,0.0032192112412303686,0.0032192112412303686,0.024682700634002686,0.005317614879459143,0.12746164202690125,0.9991525411605835,0.0009841168066486716,1,0,0,5.752662658691406,correct_negative
1124_0.74_1.17.png,0,0,0.059685949236154556,0.059685949236154556,0.12824977934360504,0.16900666058063507,0.016031645238399506,0.9991525411605835,0.0030627367086708546,0,0,0,3.225963592529297,correct_negative
112_0.8_1.78.png,0,0,0.10893858969211578,0.10893858969211578,0.28744158148765564,0.4836333096027374,9.258554200641811e-06,0.9991525411605835,0.015731697902083397,1,0,0,0.14508056640625,correct_negative
1136_0.96_0.74.png,0,0,0.010174717754125595,0.010174717754125595,0.725087583065033,0.1975325047969818,0.0050660390406847,0.9991525411605835,0.23216921091079712,1,0,0,2.191913604736328,correct_negative
1142_0.64_0.53.png,0,0,0.9280844330787659,0.9280844330787659,0.6063886284828186,0.690058708190918,0.2977985143661499,0.9991525411605835,0.939046323299408,0,1,1,0.2530975341796875,false_positive
1147_0.56_1.1.png,0,0,0.3164542615413666,0.3164542615413666,0.2322646826505661,0.5725956559181213,0.776526689529419,0.9991525411605835,0.011663625948131084,1,0,0,4.097496032714844,false_positive
1152_0.65_1.76.png,0,0,0.019680719822645187,0.019680719822645187,0.15757182240486145,0.05795520544052124,0.0002098086551995948,0.9991525411605835,0.04112563282251358,0,0,0,1.7720870971679688,correct_negative
1158_0.86_1.65.png,0,0,0.0020866254344582558,0.0020866254344582558,0.06792418658733368,0.007495639380067587,0.0005861980025656521,0.9991525411605835,0.00010737259435700253,1,0,0,8.600345611572266,correct_negative
1163_0.95_1.89.png,0,0,0.0783693864941597,0.0783693864941597,0.7398044466972351,0.03678000718355179,1.2104060864714938e-08,0.9991525411605835,0.005732135381549597,1,0,0,2.9013824462890625,correct_negative
1170_0.71_1.78.png,0,0,0.0014276718720793724,0.0014276718720793724,0.07678553462028503,0.14579887688159943,7.033423798930016e-07,0.9991525411605835,4.0974839066620916e-05,1,0,0,6.670623779296875,correct_negative
1176_0.65_1.07.png,0,0,0.010805352590978146,0.010805352590978146,0.298780620098114,0.5052487254142761,0.030218254774808884,0.9991525411605835,0.0007235120865516365,0,0,0,5.469348907470703,false_positive
1182_0.63_1.77.png,0,0,0.38185057044029236,0.38185057044029236,0.2561759650707245,0.766183614730835,0.7670464515686035,0.9991525411605835,0.20228908956050873,0,0,0,0.7745513916015625,false_positive
1188_0.95_1.95.png,0,1,0.7604455351829529,0.7604455351829529,0.7707316875457764,0.8241205811500549,0.001231130212545395,0.9991525411605835,0.3251992166042328,0,0,0,-0.7738723754882812,correct_positive
1192_0.85_0.98.png,0,0,0.06541001796722412,0.06541001796722412,0.16073527932167053,0.2292902022600174,0.6280714869499207,0.9991525411605835,0.013912043534219265,0,0,0,3.3436317443847656,correct_negative
11_0.68_1.56.png,0,0,0.020496916025877,0.020496916025877,0.5435658097267151,0.19231361150741577,0.0007507141563110054,0.9991525411605835,0.0037900907918810844,0,0,0,1.663116455078125,correct_negative
1206_0.81_1.09.png,0,0,0.30335190892219543,0.30335190892219543,0.31822991371154785,0.6677760481834412,0.0037483309861272573,0.9991525411605835,0.006982371211051941,0,0,0,3.1635055541992188,false_positive
1213_0.56_1.24.png,0,0,8.630001684650779e-05,8.630001684650779e-05,0.01978297531604767,0.04462185129523277,0.36311930418014526,0.9991525411605835,8.91110030352138e-05,1,0,0,7.313716888427734,correct_negative
121_0.96_0.85.png,0,0,0.11798198521137238,0.11798198521137238,0.5613206624984741,0.5891267657279968,0.08820035308599472,0.9991525411605835,0.0033541880548000336,0,0,0,3.291919708251953,false_positive
1225_0.98_0.8.png,0,0,0.01635613851249218,0.01635613851249218,0.10271124541759491,0.4637269973754883,0.013298973441123962,0.9991525411605835,0.010353723540902138,0,0,0,2.1432228088378906,correct_negative
1231_0.98_1.26.png,0,0,0.036540087312459946,0.036540087312459946,0.0845315083861351,0.08833946287631989,0.006224430166184902,0.9991525411605835,0.05853751301765442,1,0,0,1.8660049438476562,correct_negative
1240_0.64_0.5.png,0,0,0.9991135001182556,0.9991135001182556,0.6064743995666504,0.7127128839492798,0.7960158586502075,0.9991525411605835,0.9999463558197021,0,1,1,1.9028854370117188,false_positive
1245_0.57_1.62.png,0,0,0.009039873257279396,0.009039873257279396,0.005322850774973631,0.3412160873413086,0.08242063224315643,0.9991525411605835,0.0017901166575029492,1,0,0,5.5985565185546875,correct_negative
1253_0.91_1.15.png,0,0,0.024855876341462135,0.024855876341462135,0.20134806632995605,0.14072053134441376,4.414770592120476e-05,0.9991525411605835,0.0019355418626219034,0,0,0,2.6397933959960938,correct_negative
1259_0.98_0.87.png,0,0,0.0032098270021378994,0.0032098270021378994,0.5816107392311096,0.1298777312040329,0.0004998067743144929,0.9991525411605835,7.441379239025991e-06,1,0,0,9.568124771118164,correct_negative
1268_0.82_1.47.png,0,0,0.07181146740913391,0.07181146740913391,0.014478280209004879,0.14425250887870789,0.004127694759517908,0.9991525411605835,0.001465675770305097,1,0,0,5.236930847167969,correct_negative
1273_0.96_1.43.png,0,0,0.0007742768502794206,0.0007742768502794206,0.5603290796279907,0.21899950504302979,0.00011222446482861415,0.9991525411605835,0.00012002838775515556,1,0,0,5.0481719970703125,correct_negative
1279_0.87_0.95.png,0,0,0.16376730799674988,0.16376730799674988,0.02919098362326622,0.2915346324443817,0.001941803959198296,0.9991525411605835,0.03457723557949066,0,0,0,0.8158035278320312,correct_negative
1286_0.98_0.99.png,0,0,0.008313635364174843,0.008313635364174843,0.13576467335224152,0.19311849772930145,0.004418615251779556,0.9991525411605835,0.0053428481332957745,1,0,0,3.0831642150878906,correct_negative
1293_0.79_0.72.png,0,0,0.009495834819972515,0.009495834819972515,0.23473668098449707,0.322147935628891,0.1916687935590744,0.9991525411605835,0.0008565280004404485,1,0,0,5.539093017578125,correct_negative
12_0.9_1.75.png,0,0,0.24604855477809906,0.24604855477809906,0.5363696813583374,0.5462938547134399,3.1083732210390735e-06,0.9991525411605835,0.0336301364004612,0,0,0,0.9262771606445312,false_positive
1307_0.92_1.87.png,0,0,0.004580588545650244,0.004580588545650244,0.07448352128267288,0.22667983174324036,3.74867559003178e-05,0.9991525411605835,0.01677524670958519,1,0,0,2.458568572998047,correct_negative
1312_0.62_0.6.png,0,1,0.6012052297592163,0.6012052297592163,0.4136592745780945,0.3392522633075714,0.3190722167491913,0.9991525411605835,0.8807423114776611,0,0,0,-0.4784889221191406,false_negative
1319_0.88_1.19.png,0,0,0.005390452221035957,0.005390452221035957,0.6790640950202942,0.3525550365447998,0.06666117161512375,0.9991525411605835,0.003693680977448821,1,0,0,4.752048492431641,correct_negative
1324_0.55_1.43.png,0,0,0.7257742881774902,0.7257742881774902,0.6131280660629272,0.48754173517227173,0.34081584215164185,0.9991525411605835,0.7191054224967957,1,0,0,2.4502906799316406,correct_negative
1329_0.78_1.76.png,0,0,0.05690731480717659,0.05690731480717659,0.13559558987617493,0.24462416768074036,0.007776988670229912,0.9991525411605835,0.013926769606769085,0,0,0,1.6744346618652344,correct_negative
1336_0.6_0.63.png,0,0,0.5804563164710999,0.5804563164710999,0.3524196147918701,0.7418830394744873,0.6586242318153381,0.9991525411605835,0.29426297545433044,0,0,0,1.710296630859375,false_positive
1341_0.94_0.51.png,0,0,0.0030866179149597883,0.0030866179149597883,0.6927845478057861,0.3249264657497406,0.011477816849946976,0.9991525411605835,0.00010917597683146596,1,0,0,9.23416519165039,correct_negative
1347_0.75_1.79.png,0,0,0.0002560335269663483,0.0002560335269663483,0.00037410989170894027,0.0024239709600806236,1.2473864444473293e-05,0.9991525411605835,3.7431559007927717e-07,1,0,0,10.818653106689453,correct_negative
1352_0.7_1.62.png,0,0,0.0021722998935729265,0.0021722998935729265,0.05264369025826454,0.06739287078380585,0.0031371894292533398,0.9991525411605835,0.0002269838296342641,1,0,0,7.177888870239258,correct_negative
1358_0.55_0.52.png,0,0,0.5742372274398804,0.5742372274398804,0.6634920835494995,0.5012879371643066,0.4121733605861664,0.9991525411605835,0.3526548147201538,0,0,0,1.162322998046875,false_positive
1363_0.77_1.15.png,0,0,0.0018866611644625664,0.0018866611644625664,0.09293664246797562,0.07922062277793884,0.0033430163748562336,0.9991525411605835,0.0005428233416751027,1,0,0,4.536163330078125,correct_negative
1370_0.82_0.79.png,0,0,0.37991154193878174,0.37991154193878174,0.9200467467308044,0.6701903939247131,0.19285224378108978,0.9991525411605835,0.05679475516080856,0,0,0,0.9887199401855469,false_positive
1377_0.5_0.79.png,0,0,0.037570443004369736,0.037570443004369736,0.3947772681713104,0.3332349359989166,0.8782612681388855,0.9991525411605835,0.060909658670425415,0,0,0,1.7228279113769531,correct_negative
1382_0.57_1.88.png,0,0,0.15344765782356262,0.15344765782356262,0.36520543694496155,0.0027627767994999886,0.13583625853061676,0.9991525411605835,0.001818048651330173,1,0,0,4.556312561035156,correct_negative
1388_0.67_1.18.png,0,0,0.046886831521987915,0.046886831521987915,0.09195754677057266,0.28442996740341187,0.026074999943375587,0.9991525411605835,0.010544950142502785,0,0,0,2.622772216796875,correct_negative
1394_0.64_1.0.png,0,0,0.24386367201805115,0.24386367201805115,0.568631112575531,0.5097012519836426,0.13667520880699158,0.9991525411605835,0.0012742727994918823,0,0,0,3.701812744140625,false_positive
13_0.94_1.35.png,0,1,0.7238405346870422,0.7238405346870422,0.17627345025539398,0.8088558316230774,0.16485464572906494,0.9991525411605835,0.7144719958305359,0,0,0,-1.4409370422363281,correct_positive
1406_0.83_1.82.png,0,0,0.044779181480407715,0.044779181480407715,0.1208866611123085,0.47194036841392517,7.013839785940945e-05,0.9991525411605835,0.001832934096455574,1,0,0,3.0787811279296875,correct_negative
1411_0.54_0.56.png,0,1,0.9006547927856445,0.9006547927856445,0.2082163691520691,0.8398293852806091,0.5799697637557983,0.9991525411605835,0.9340768456459045,0,0,0,-1.2075424194335938,correct_positive
1420_0.92_1.35.png,0,0,0.006430174224078655,0.006430174224078655,0.0024846841115504503,0.1441362053155899,0.00040911033283919096,0.9991525411605835,0.0009571166010573506,1,0,0,4.668956756591797,correct_negative
1425_0.84_1.75.png,0,0,0.07380308955907822,0.07380308955907822,0.15197071433067322,0.2562910318374634,0.0021024623420089483,0.9991525411605835,0.004789924714714289,1,0,0,3.5771484375,correct_negative
1433_0.9_1.85.png,0,0,0.40342071652412415,0.40342071652412415,0.5986655354499817,0.8057816028594971,1.912967491080053e-06,0.9991525411605835,0.016682231798768044,0,0,0,1.4855537414550781,false_positive
1439_0.92_1.24.png,0,0,0.0016317616682499647,0.0016317616682499647,0.0979509949684143,0.2189924269914627,0.0001004936420940794,0.9991525411605835,7.842139893909916e-06,1,0,0,8.276836395263672,correct_negative
1444_0.58_1.95.png,0,0,0.0017786369426175952,0.0017786369426175952,0.24501051008701324,0.0005315392627380788,8.486147635267116e-06,0.9991525411605835,0.00029189526685513556,1,0,0,4.830101013183594,correct_negative
1449_0.94_0.78.png,0,0,0.02907492220401764,0.02907492220401764,0.4514625668525696,0.39024287462234497,0.03934437409043312,0.9991525411605835,0.016036616638302803,0,0,0,1.8885841369628906,correct_negative
1453_0.64_1.53.png,0,0,0.00017647484492044896,0.00017647484492044896,0.045265864580869675,0.029723752290010452,0.00956703256815672,0.9991525411605835,0.00027802353724837303,1,0,0,7.960727691650391,correct_negative
1459_0.77_0.55.png,0,0,0.01215803436934948,0.01215803436934948,0.2716231942176819,0.636890709400177,0.04787788540124893,0.9991525411605835,0.0045038433745503426,0,0,0,2.6211395263671875,false_positive
1466_0.85_1.61.png,0,0,0.8851038217544556,0.8851038217544556,0.2960650324821472,0.45668742060661316,3.3699484447424766e-06,0.9991525411605835,0.8597615957260132,1,0,0,0.1240997314453125,correct_negative
1471_0.82_1.95.png,0,0,0.4710591435432434,0.4710591435432434,0.00859506893903017,0.31328147649765015,0.001337462104856968,0.9991525411605835,0.02359553799033165,1,0,0,2.487773895263672,correct_negative
1477_0.87_1.44.png,0,0,0.0016383639303967357,0.0016383639303967357,0.06271988153457642,0.23933298885822296,1.1882304534083232e-05,0.9991525411605835,1.9316646557854256e-06,1,0,0,8.911163330078125,correct_negative
1483_0.89_1.89.png,0,0,0.08323483914136887,0.08323483914136887,0.19786113500595093,0.007229802664369345,2.151440639863722e-06,0.9991525411605835,0.01302124373614788,1,0,0,1.1390609741210938,correct_negative
1488_0.71_1.67.png,0,1,0.590510368347168,0.590510368347168,0.015443398617208004,0.7177069187164307,0.10263723880052567,0.9991525411605835,0.10217849910259247,0,0,0,-0.3844413757324219,correct_positive
1494_0.53_0.86.png,0,0,0.046181418001651764,0.046181418001651764,0.8819321393966675,0.2817671298980713,0.3150483965873718,0.9991525411605835,0.007996924221515656,0,0,0,3.0881881713867188,correct_negative
1499_0.76_0.97.png,0,0,0.005949703976511955,0.005949703976511955,0.13256235420703888,0.28520265221595764,0.0013058673357591033,0.9991525411605835,0.011793708428740501,0,0,0,3.8189926147460938,correct_negative
1505_0.8_0.86.png,0,0,0.01676493138074875,0.01676493138074875,0.658867597579956,0.6643110513687134,0.8267208933830261,0.9991525411605835,0.0021471818909049034,0,0,0,3.408966064453125,false_positive
150_0.71_0.79.png,0,0,0.2521747350692749,0.2521747350692749,0.18427275121212006,0.3117236793041229,0.012729963287711143,0.9991525411605835,0.0603683777153492,0,0,0,1.4329795837402344,correct_negative
1514_0.53_0.9.png,0,1,0.4117012917995453,0.4117012917995453,0.5844606161117554,0.617830753326416,0.4294106662273407,0.9991525411605835,0.828917920589447,0,1,1,-0.30477142333984375,correct_positive
1519_0.95_0.89.png,0,0,0.616644561290741,0.616644561290741,0.23350168764591217,0.6240360140800476,0.45090335607528687,0.9991525411605835,0.2884310185909271,0,0,0,1.936248779296875,false_positive
1523_0.59_1.3.png,0,0,0.06502994894981384,0.06502994894981384,0.3779391348361969,0.4507502317428589,0.3352080285549164,0.9991525411605835,0.006265189033001661,0,0,0,2.2742233276367188,correct_negative
1529_0.84_0.56.png,0,0,0.8341898918151855,0.8341898918151855,0.3409721553325653,0.49074041843414307,0.21869435906410217,0.9991525411605835,0.8897544741630554,0,1,1,0.22660446166992188,correct_negative
1533_0.88_0.99.png,0,0,0.5322867631912231,0.5322867631912231,0.05131368711590767,0.2039387971162796,0.002981803845614195,0.9991525411605835,0.16369809210300446,0,0,0,0.9777374267578125,correct_negative
1539_0.58_0.79.png,0,0,0.2996175289154053,0.2996175289154053,0.3576657474040985,0.5077362060546875,0.8710688352584839,0.9991525411605835,0.13415323197841644,0,0,0,1.436767578125,false_positive
1544_0.87_1.52.png,0,0,0.0540008619427681,0.0540008619427681,0.16179171204566956,0.3612174093723297,0.016882577911019325,0.9991525411605835,0.022862035781145096,0,0,0,1.3425331115722656,correct_negative
154_0.97_0.91.png,0,1,0.9721190929412842,0.9721190929412842,0.05576428398489952,0.2677674889564514,0.0006911191740073264,0.9991525411605835,0.9306936264038086,0,0,0,-0.4129524230957031,false_negative
1555_0.58_0.76.png,0,0,0.5578864812850952,0.5578864812850952,0.43600305914878845,0.5220690369606018,0.5381104350090027,0.9991525411605835,0.5724473595619202,0,1,1,0.714752197265625,false_positive
1560_0.99_1.56.png,0,1,0.964431643486023,0.964431643486023,0.28831085562705994,0.4402429163455963,0.0029092170298099518,0.9991525411605835,0.9343245625495911,0,0,0,-1.3975982666015625,false_negative
1565_0.92_0.5.png,0,1,0.9632368087768555,0.9632368087768555,0.6306755542755127,0.6980922818183899,0.6338316202163696,0.9991525411605835,0.9606451392173767,0,0,0,-0.39250946044921875,correct_positive
1571_0.87_0.66.png,0,0,0.4572857916355133,0.4572857916355133,0.5517086982727051,0.35488054156303406,0.035122644156217575,0.9991525411605835,0.46052873134613037,0,0,0,0.9381637573242188,correct_negative
1577_0.86_1.16.png,0,1,0.9766601324081421,0.9766601324081421,0.025524180382490158,0.010395370423793793,3.1329855119111016e-06,0.9991525411605835,0.975543737411499,0,0,0,-0.40743255615234375,false_negative
1583_0.73_1.16.png,0,0,0.05596248805522919,0.05596248805522919,0.04291040822863579,0.26708605885505676,0.053538523614406586,0.9991525411605835,0.0014679700834676623,0,0,0,3.489086151123047,correct_negative
1590_0.78_0.63.png,0,0,0.34529614448547363,0.34529614448547363,0.45125287771224976,0.18859554827213287,0.14412017166614532,0.9991525411605835,0.10524741560220718,0,1,1,1.49652099609375,correct_negative
1596_0.91_1.05.png,0,0,0.010623082518577576,0.010623082518577576,0.661556601524353,0.39565137028694153,0.14862999320030212,0.9991525411605835,0.0017070790054276586,1,0,0,6.241588592529297,correct_negative
1600_0.78_1.77.png,0,0,0.008486069738864899,0.008486069738864899,0.67778480052948,0.37068772315979004,0.087389275431633,0.9991525411605835,0.006693392992019653,1,0,0,3.000530242919922,correct_negative
1605_1.0_1.37.png,0,0,0.6142553091049194,0.6142553091049194,0.6160851120948792,0.6328001022338867,0.003250077599659562,0.9991525411605835,0.31541165709495544,0,0,0,0.45679473876953125,false_positive
160_0.63_1.04.png,0,0,0.03666330873966217,0.03666330873966217,0.2686195969581604,0.0925743505358696,0.034956756979227066,0.9991525411605835,0.0005759592168033123,1,0,0,6.106731414794922,correct_negative
1616_0.76_0.88.png,0,0,0.008792650885879993,0.008792650885879993,0.2643323838710785,0.4225322902202606,0.13893209397792816,0.9991525411605835,0.0001882479409687221,0,0,0,6.4005279541015625,correct_negative
1622_0.98_1.75.png,0,0,0.35229742527008057,0.35229742527008057,0.7731085419654846,0.49667873978614807,6.941597348486539e-06,0.9991525411605835,0.03453289344906807,0,0,0,1.4214134216308594,correct_negative
1627_0.94_0.52.png,0,1,0.939911425113678,0.939911425113678,0.7094209790229797,0.5055272579193115,0.05881665274500847,0.9991525411605835,0.9691094756126404,0,1,1,-0.2509307861328125,correct_positive
1632_0.67_0.5.png,0,0,0.9372997879981995,0.9372997879981995,0.7562428116798401,0.493507981300354,0.6193132400512695,0.9991525411605835,0.871719479560852,0,1,1,1.3365898132324219,correct_negative
1637_0.75_0.58.png,0,1,0.3354077637195587,0.3354077637195587,0.43673738837242126,0.6211961507797241,0.7121773362159729,0.9991525411605835,0.6850383877754211,0,1,1,-0.4545173645019531,correct_positive
1643_0.77_0.66.png,0,0,0.5368414521217346,0.5368414521217346,0.5086227655410767,0.33253371715545654,0.1490471065044403,0.9991525411605835,0.29912054538726807,0,1,1,1.6996002197265625,correct_negative
1648_0.89_1.41.png,0,0,0.003179660765454173,0.003179660765454173,0.08514340221881866,0.3383738696575165,0.0008509182371199131,0.9991525411605835,0.00030857831006869674,0,0,0,5.489723205566406,correct_negative
1653_0.9_1.01.png,0,1,0.8708012700080872,0.8708012700080872,0.8437340259552002,0.47450801730155945,0.0002535694220568985,0.9991525411605835,0.9728807806968689,0,1,1,-0.4934806823730469,false_negative
1658_0.96_1.72.png,0,1,0.7621062397956848,0.7621062397956848,0.4331713318824768,0.3985677659511566,0.00020526039588730782,0.9991525411605835,0.902336597442627,0,0,0,-0.8671340942382812,false_negative
1663_0.92_1.8.png,0,1,0.5902872085571289,0.5902872085571289,0.1373954862356186,0.47143104672431946,0.012736551463603973,0.9991525411605835,0.757145881652832,0,0,0,-0.4479026794433594,false_negative
1669_0.52_1.31.png,0,0,0.3796049654483795,0.3796049654483795,0.8658888339996338,0.23855242133140564,0.2314465045928955,0.9991525411605835,0.6885511875152588,0,0,0,-0.0354156494140625,correct_negative
1673_0.63_1.48.png,0,0,0.0989261344075203,0.0989261344075203,0.3998050391674042,0.7366729378700256,0.23062291741371155,0.9991525411605835,0.011344147846102715,0,0,0,2.3612403869628906,false_positive
167_0.83_0.5.png,0,0,0.3900432586669922,0.3900432586669922,0.2702724039554596,0.7074645161628723,0.3443385064601898,0.9991525411605835,0.41519400477409363,0,1,1,0.9974861145019531,false_positive
1686_0.51_0.6.png,0,1,0.9955346584320068,0.9955346584320068,0.6864839196205139,0.8736039400100708,0.7764188647270203,0.9991525411605835,0.992425799369812,0,1,1,-1.0605506896972656,correct_positive
1691_0.77_1.92.png,0,0,0.11629051715135574,0.11629051715135574,0.10622414946556091,0.650209903717041,0.25861454010009766,0.9991525411605835,0.0018863534787669778,1,0,0,2.654613494873047,false_positive
1696_0.74_1.51.png,0,1,0.8663131594657898,0.8663131594657898,0.7584798336029053,0.9134091734886169,0.940122127532959,0.9991525411605835,0.9754389524459839,0,0,0,-0.4816131591796875,correct_positive
16_0.51_1.32.png,0,0,0.30705925822257996,0.30705925822257996,0.018373796716332436,0.737833559513092,0.4804302453994751,0.9991525411605835,0.037262190133333206,0,0,0,2.82135009765625,false_positive
1706_0.83_0.85.png,0,0,0.10706024616956711,0.10706024616956711,0.6162832975387573,0.35430383682250977,0.26787739992141724,0.9991525411605835,0.006399417761713266,0,0,0,2.1269683837890625,correct_negative
1711_0.54_0.6.png,0,1,0.7659696936607361,0.7659696936607361,0.7537518739700317,0.8174389004707336,0.782142698764801,0.9991525411605835,0.840286374092102,0,1,1,-0.20165634155273438,correct_positive
1719_0.77_1.33.png,0,0,0.07020635902881622,0.07020635902881622,0.06486336886882782,0.2971302568912506,0.006176791153848171,0.9991525411605835,0.004181140102446079,0,0,0,1.6036262512207031,correct_negative
1724_0.5_1.22.png,0,0,0.387868732213974,0.387868732213974,0.9015058875083923,0.6638198494911194,0.10498553514480591,0.9991525411605835,0.13745678961277008,0,0,0,0.8625984191894531,false_positive
1730_0.81_1.53.png,0,0,0.5133852362632751,0.5133852362632751,0.7816258668899536,0.6403996348381042,0.6033319234848022,0.9991525411605835,0.3184514343738556,0,0,0,0.22560882568359375,false_positive
1735_0.72_0.9.png,0,0,0.11525986343622208,0.11525986343622208,0.35469603538513184,0.40386468172073364,0.04248121753334999,0.9991525411605835,0.009965215809643269,0,0,0,0.9721145629882812,correct_negative
1742_0.9_1.59.png,0,1,0.8512614369392395,0.8512614369392395,0.514238715171814,0.6204972863197327,0.11871211230754852,0.9991525411605835,0.8905395865440369,0,0,0,-0.0771942138671875,correct_positive
1748_0.82_1.35.png,0,0,0.06730885803699493,0.06730885803699493,0.15309280157089233,0.6241320371627808,0.022965261712670326,0.9991525411605835,0.3650802969932556,0,1,1,0.14905166625976562,false_positive
1755_0.74_1.04.png,0,0,0.1093238964676857,0.1093238964676857,0.3009914755821228,0.32025787234306335,0.09107554703950882,0.9991525411605835,0.3189235031604767,0,1,1,0.897613525390625,correct_negative
175_0.58_1.26.png,0,0,0.004948561079800129,0.004948561079800129,0.22097323834896088,0.43146276473999023,0.3670709729194641,0.9991525411605835,0.0017725813668221235,0,0,0,4.440982818603516,correct_negative
1764_0.84_1.26.png,0,0,0.04115007445216179,0.04115007445216179,0.2193712443113327,0.2880497872829437,0.001008372288197279,0.9991525411605835,0.006244386080652475,1,0,0,2.915050506591797,correct_negative
1769_0.93_0.69.png,0,0,0.04941374436020851,0.04941374436020851,0.3276343047618866,0.5451117753982544,0.3782665431499481,0.9991525411605835,0.006945689674466848,0,0,0,2.6942176818847656,false_positive
1774_0.83_0.59.png,0,0,0.6879188418388367,0.6879188418388367,0.8537124991416931,0.4940575957298279,0.4146879315376282,0.9991525411605835,0.6826026439666748,0,1,1,0.6197052001953125,correct_negative
177_0.65_1.21.png,0,0,0.01933279260993004,0.01933279260993004,0.025236202403903008,0.26144400238990784,0.04642065241932869,0.9991525411605835,0.005831379443407059,0,0,0,2.365978240966797,correct_negative
1784_0.94_1.15.png,0,0,0.27727317810058594,0.27727317810058594,0.48798418045043945,0.6170896291732788,0.012059759348630905,0.9991525411605835,0.2770654261112213,0,0,0,0.3233070373535156,false_positive
1789_0.73_0.64.png,0,0,0.4520839750766754,0.4520839750766754,0.48997732996940613,0.5643399953842163,0.5268791317939758,0.9991525411605835,0.6355569362640381,0,1,1,0.8439903259277344,false_positive
1793_0.92_1.79.png,0,0,0.44816651940345764,0.44816651940345764,0.8397217392921448,0.7366211414337158,0.0001805779611459002,0.9991525411605835,0.39936283230781555,0,0,0,0.8717575073242188,false_positive
1798_0.64_0.63.png,0,1,0.8777574896812439,0.8777574896812439,0.688735842704773,0.4268854558467865,0.2607741355895996,0.9991525411605835,0.8923614621162415,0,1,1,-0.06991195678710938,false_negative
1804_0.8_1.29.png,0,0,0.08942262083292007,0.08942262083292007,0.35020139813423157,0.4084548056125641,0.2945115268230438,0.9991525411605835,0.013711228966712952,0,0,0,2.8822593688964844,correct_negative
1809_0.71_1.38.png,0,0,0.3734283149242401,0.3734283149242401,0.5747332572937012,0.597774088382721,0.0010063330410048366,0.9991525411605835,0.825469434261322,0,1,1,0.2996025085449219,false_positive
1814_0.55_0.54.png,0,0,0.7479837536811829,0.7479837536811829,0.7471904754638672,0.7845062613487244,0.8589388132095337,0.9991525411605835,0.20074276626110077,0,1,1,2.1796188354492188,false_positive
1819_0.84_1.22.png,0,0,0.10016456991434097,0.10016456991434097,0.6361774206161499,0.4598742127418518,0.011437845416367054,0.9991525411605835,0.23025304079055786,0,1,1,0.8975982666015625,correct_negative
1824_0.74_1.39.png,0,0,0.640929102897644,0.640929102897644,0.25962892174720764,0.5204578042030334,0.008974598720669746,0.9991525411605835,0.8077887892723083,0,1,1,0.08037948608398438,false_positive
1829_0.55_1.16.png,0,0,0.3562735617160797,0.3562735617160797,0.3687829375267029,0.4928587079048157,0.9443268179893494,0.9991525411605835,0.4090523421764374,0,1,1,0.8180923461914062,correct_negative
1833_0.88_1.83.png,0,0,0.2890556752681732,0.2890556752681732,0.6725607514381409,0.6814495921134949,0.06152154877781868,0.9991525411605835,0.009799323044717312,0,0,0,3.593334197998047,false_positive
1839_0.54_0.82.png,0,1,0.928327202796936,0.928327202796936,0.976407527923584,0.6843128204345703,0.69910728931427,0.9991525411605835,0.9813839793205261,0,1,1,-0.7413558959960938,correct_positive
1844_0.91_1.28.png,0,0,0.8371913433074951,0.8371913433074951,0.32168495655059814,0.5417266488075256,0.023877868428826332,0.9991525411605835,0.9235539436340332,0,1,1,0.15797805786132812,false_positive
184_0.81_1.03.png,0,0,0.044469039887189865,0.044469039887189865,0.08551431447267532,0.31392064690589905,0.026301829144358635,0.9991525411605835,0.004144566599279642,0,0,0,2.889820098876953,correct_negative
1855_0.9_1.32.png,0,0,0.10522126406431198,0.10522126406431198,0.7827349305152893,0.4444299042224884,0.008249464444816113,0.9991525411605835,0.24749855697155,0,1,1,0.8724479675292969,correct_negative
1860_0.77_1.07.png,0,0,0.3323615491390228,0.3323615491390228,0.5700483322143555,0.40534597635269165,0.008794882334768772,0.9991525411605835,0.4582922160625458,0,1,1,0.68389892578125,correct_negative
1866_0.53_1.34.png,0,0,0.380440890789032,0.380440890789032,0.6851296424865723,0.8062532544136047,0.9614733457565308,0.9991525411605835,0.447532057762146,0,1,1,1.1218910217285156,false_positive
1871_0.8_1.86.png,0,0,0.09189468622207642,0.09189468622207642,0.1334349811077118,0.3684145510196686,0.04507638141512871,0.9991525411605835,0.0038291718810796738,0,0,0,3.275115966796875,correct_negative
1876_0.97_1.69.png,0,0,0.0763116329908371,0.0763116329908371,0.8237131237983704,0.6844336986541748,9.860989666776732e-05,0.9991525411605835,0.013401029631495476,0,0,0,1.650848388671875,false_positive
1880_0.85_1.19.png,0,0,0.03172079101204872,0.03172079101204872,0.5392347574234009,0.46567365527153015,0.11056351661682129,0.9991525411605835,0.004205821081995964,0,0,0,3.7625656127929688,correct_negative
1885_0.54_0.83.png,0,0,0.48496347665786743,0.48496347665786743,0.5318796634674072,0.6534314155578613,0.5336978435516357,0.9991525411605835,0.3137655556201935,0,1,1,1.3642654418945312,false_positive
1890_0.83_1.44.png,0,0,0.09926971048116684,0.09926971048116684,0.583171546459198,0.32537028193473816,0.1260407567024231,0.9991525411605835,0.03141109272837639,0,0,0,1.4323234558105469,correct_negative
1897_0.5_0.84.png,0,1,0.9823521971702576,0.9823521971702576,0.5985612273216248,0.6965689063072205,0.8456632494926453,0.9991525411605835,0.9984161853790283,0,1,1,-1.999847412109375,correct_positive
1902_0.89_1.97.png,0,1,0.9904682040214539,0.9904682040214539,0.2253689169883728,0.5779340267181396,0.006616558413952589,0.9991525411605835,0.9283795952796936,0,0,0,-0.3327598571777344,correct_positive
1907_0.86_1.3.png,0,0,0.15511837601661682,0.15511837601661682,0.7572411894798279,0.2780066132545471,0.01322745718061924,0.9991525411605835,0.14511948823928833,0,1,1,1.1538009643554688,correct_negative
1911_0.96_1.13.png,0,0,0.0033312183804810047,0.0033312183804810047,0.8147961497306824,0.44427111744880676,0.05420110002160072,0.9991525411605835,0.0014650480588898063,0,0,0,3.519550323486328,correct_negative
1916_0.51_0.74.png,0,1,0.9804501533508301,0.9804501533508301,0.6286903619766235,0.7034447193145752,0.8913285136222839,0.9991525411605835,0.9675235152244568,0,0,0,-1.1986236572265625,correct_positive
1923_0.81_1.81.png,0,0,0.3507545590400696,0.3507545590400696,0.14899100363254547,0.4084128141403198,0.002469309838488698,0.9991525411605835,0.02184080332517624,0,0,0,1.7420730590820312,correct_negative
1929_0.88_1.23.png,0,0,0.20907342433929443,0.20907342433929443,0.21741287410259247,0.6938965320587158,0.0005444505950435996,0.9991525411605835,0.005433646496385336,0,0,0,2.5662689208984375,false_positive
1934_0.95_1.59.png,0,0,0.00907981488853693,0.00907981488853693,0.7512384653091431,0.4673362374305725,2.2882006305735558e-05,0.9991525411605835,0.0031440313905477524,1,0,0,3.186960220336914,correct_negative
1939_0.93_1.32.png,0,0,0.04040258377790451,0.04040258377790451,0.2026362121105194,0.7673571109771729,0.017015406861901283,0.9991525411605835,0.0006161638884805143,1,0,0,5.378665924072266,false_positive
1943_0.86_0.57.png,0,0,0.1876024454832077,0.1876024454832077,0.6839307546615601,0.48643937706947327,0.48352715373039246,0.9991525411605835,0.04718063026666641,0,1,1,2.57672119140625,correct_negative
194_0.82_0.6.png,0,0,0.030282272025942802,0.030282272025942802,0.07999353855848312,0.3567802906036377,0.006255779415369034,0.9991525411605835,0.021132690832018852,0,1,1,2.244243621826172,correct_negative
1956_0.99_1.4.png,0,0,0.1411227434873581,0.1411227434873581,0.3803929090499878,0.6280512809753418,0.04150491580367088,0.9991525411605835,0.010462073609232903,0,0,0,1.4524078369140625,false_positive
1960_0.8_0.62.png,0,0,0.6219748258590698,0.6219748258590698,0.8717764616012573,0.6304636597633362,0.18514521420001984,0.9991525411605835,0.29690390825271606,0,0,0,0.8190841674804688,false_positive
1966_0.52_1.48.png,0,1,0.8814996480941772,0.8814996480941772,0.7273426055908203,0.64546799659729,0.7867496609687805,0.9991525411605835,0.9399921894073486,0,0,0,-0.8763427734375,correct_positive
1971_0.99_1.02.png,0,0,0.6593362092971802,0.6593362092971802,0.4813638925552368,0.40455296635627747,0.00032605230808258057,0.9991525411605835,0.45303401350975037,0,0,0,0.3360786437988281,correct_negative
1977_0.65_1.98.png,0,0,0.05053306370973587,0.05053306370973587,0.6224105358123779,0.6021794676780701,0.07122811675071716,0.9991525411605835,0.001236473210155964,0,0,0,3.5001869201660156,false_positive
1981_0.66_1.25.png,0,0,0.2366517037153244,0.2366517037153244,0.10963144898414612,0.4492080807685852,0.4920710027217865,0.9991525411605835,0.10070433467626572,0,0,0,0.5656280517578125,correct_negative
1986_0.78_0.65.png,0,0,0.037085309624671936,0.037085309624671936,0.3965919315814972,0.3821619749069214,0.3005406856536865,0.9991525411605835,0.0028656418435275555,0,0,0,3.693164825439453,correct_negative
1990_0.97_0.51.png,0,1,0.7512605786323547,0.7512605786323547,0.770973265171051,0.48133906722068787,0.04881246015429497,0.9991525411605835,0.923743486404419,0,1,1,-0.3055000305175781,false_negative
1996_0.77_1.8.png,0,0,0.014244203455746174,0.014244203455746174,0.09243408590555191,0.2724721431732178,0.06372631341218948,0.9991525411605835,0.003952879458665848,0,0,0,1.779205322265625,correct_negative
2000_0.86_0.62.png,0,0,0.016392389312386513,0.016392389312386513,0.6565763354301453,0.6342797875404358,0.37233349680900574,0.9991525411605835,0.007755313068628311,0,0,0,2.4595909118652344,false_positive
2006_0.91_1.19.png,0,0,0.1587165743112564,0.1587165743112564,0.49913111329078674,0.40335792303085327,0.005511855706572533,0.9991525411605835,0.03997568041086197,0,0,0,1.0771408081054688,correct_negative
2010_0.89_1.17.png,0,0,0.14642900228500366,0.14642900228500366,0.4491204023361206,0.8749639987945557,0.029983626678586006,0.9991525411605835,0.002632910618558526,0,0,0,3.0336265563964844,false_positive
2016_0.66_1.25.png,0,0,0.08847420662641525,0.08847420662641525,0.6221176385879517,0.6968569159507751,0.24632686376571655,0.9991525411605835,0.257417768239975,0,1,1,0.5849151611328125,false_positive
2020_0.68_0.87.png,0,0,0.20436573028564453,0.20436573028564453,0.7727495431900024,0.5486788749694824,0.4052966237068176,0.9991525411605835,0.3596014380455017,0,1,1,1.1011619567871094,false_positive
2026_0.99_1.41.png,0,0,0.11710794270038605,0.11710794270038605,0.2594143748283386,0.22743107378482819,2.5908537281793542e-05,0.9991525411605835,0.03470053896307945,0,0,0,0.7213211059570312,correct_negative
2031_0.78_1.8.png,0,0,0.09127792716026306,0.09127792716026306,0.33097556233406067,0.20355497300624847,1.5425906894961372e-05,0.9991525411605835,0.009092659689486027,0,0,0,1.34637451171875,correct_negative
2038_0.84_1.68.png,0,0,0.13945308327674866,0.13945308327674866,0.6609591245651245,0.13573487102985382,0.0005842978716827929,0.9991525411605835,0.005750715266913176,0,0,0,2.023792266845703,correct_negative
2044_0.97_0.55.png,0,0,0.10897105932235718,0.10897105932235718,0.6191314458847046,0.6551513075828552,0.0676848366856575,0.9991525411605835,0.20145820081233978,0,1,1,0.67840576171875,false_positive
204_0.59_0.52.png,0,0,0.8775516748428345,0.8775516748428345,0.24417008459568024,0.6749351024627686,0.9679684042930603,0.9991525411605835,0.7755039930343628,0,1,1,0.6371955871582031,false_positive
2056_0.99_1.84.png,0,0,0.5331924557685852,0.5331924557685852,0.012857742607593536,0.5711401104927063,0.0005953973741270602,0.9991525411605835,0.12050464749336243,1,0,0,0.9612808227539062,false_positive
2060_0.51_1.57.png,0,0,0.2125397026538849,0.2125397026538849,0.9854132533073425,0.3670821785926819,0.1770574450492859,0.9991525411605835,0.04647334665060043,0,0,0,0.8151512145996094,correct_negative
2065_0.51_1.6.png,0,1,0.3446758985519409,0.3446758985519409,0.5307067036628723,0.5215804576873779,0.6832064390182495,0.9991525411605835,0.7347967028617859,0,0,0,-0.05107879638671875,correct_positive
206_0.61_1.6.png,0,0,0.05198278650641441,0.05198278650641441,0.3638131320476532,0.2582269608974457,0.0493052639067173,0.9991525411605835,0.12071729451417923,0,0,0,1.1844329833984375,correct_negative
2077_0.87_0.68.png,0,0,0.28092488646507263,0.28092488646507263,0.6838926672935486,0.5918383002281189,0.16638001799583435,0.9991525411605835,0.626835823059082,0,1,1,0.7969589233398438,false_positive
2082_0.96_1.58.png,0,0,0.43973931670188904,0.43973931670188904,0.44560855627059937,0.5663699507713318,0.00028672858024947345,0.9991525411605835,0.1537865251302719,1,0,0,1.2654647827148438,false_positive
2088_0.51_1.64.png,0,1,0.9441259503364563,0.9441259503364563,0.9084724187850952,0.45249712467193604,0.17841820418834686,0.9991525411605835,0.9857731461524963,0,1,1,-0.19537734985351562,false_negative
2092_0.99_1.04.png,0,0,0.08963334560394287,0.08963334560394287,0.734015166759491,0.4225287139415741,0.018781056627631187,0.9991525411605835,0.011087029241025448,0,0,0,1.4389190673828125,correct_negative
2097_0.93_0.96.png,0,0,0.28532180190086365,0.28532180190086365,0.6980005502700806,0.4624505043029785,0.016620712354779243,0.9991525411605835,0.04526330903172493,0,0,0,1.0054588317871094,correct_negative
2102_0.59_0.97.png,0,0,0.23049303889274597,0.23049303889274597,0.5938252210617065,0.5319676995277405,0.4894421696662903,0.9991525411605835,0.5086382627487183,0,1,1,0.6267204284667969,false_positive
2107_0.67_0.57.png,0,0,0.13236665725708008,0.13236665725708008,0.6551005244255066,0.48329436779022217,0.352191299200058,0.9991525411605835,0.2313431203365326,0,1,1,0.700408935546875,correct_negative
2112_0.66_1.29.png,0,0,0.1707131266593933,0.1707131266593933,0.45435631275177,0.5145842432975769,0.13419540226459503,0.9991525411605835,0.0067162164486944675,0,0,0,3.707000732421875,false_positive
2117_0.76_1.14.png,0,0,0.025944452732801437,0.025944452732801437,0.03418254479765892,0.4167530834674835,0.02352984808385372,0.9991525411605835,0.0020209045615047216,0,0,0,3.542724609375,correct_negative
2121_0.73_0.63.png,0,0,0.8507474660873413,0.8507474660873413,0.8581739068031311,0.5781925916671753,0.6215780377388,0.9991525411605835,0.8879263401031494,0,1,1,0.15291213989257812,false_positive
2127_0.99_1.84.png,0,0,0.1821429282426834,0.1821429282426834,0.16639992594718933,0.25245845317840576,1.0514414725548704e-06,0.9991525411605835,0.0023470695596188307,1,0,0,3.3449134826660156,correct_negative
2133_0.59_0.63.png,0,1,0.7704741358757019,0.7704741358757019,0.8196064233779907,0.7006561160087585,0.741786539554596,0.9991525411605835,0.9534979462623596,0,1,1,-0.5719757080078125,correct_positive
2138_0.88_1.49.png,0,0,0.5144786834716797,0.5144786834716797,0.5609076023101807,0.3302478790283203,0.0003635103639680892,0.9991525411605835,0.3359566628932953,0,0,0,0.04079437255859375,correct_negative
2143_0.57_0.65.png,0,0,0.10308878123760223,0.10308878123760223,0.7334206104278564,0.6860705614089966,0.7917057275772095,0.9991525411605835,0.021380716934800148,0,1,1,2.3532562255859375,false_positive
2148_0.69_1.7.png,0,0,0.3323943018913269,0.3323943018913269,0.6098764538764954,0.3795216381549835,0.01009297277778387,0.9991525411605835,0.0564965158700943,0,0,0,0.9895858764648438,correct_negative
2153_0.61_1.16.png,0,0,0.16806085407733917,0.16806085407733917,0.5447595119476318,0.575186550617218,0.2856144309043884,0.9991525411605835,0.053918175399303436,0,1,1,2.0571365356445312,false_positive
2159_0.62_0.8.png,0,0,0.11808408051729202,0.11808408051729202,0.35625600814819336,0.4495810568332672,0.08773210644721985,0.9991525411605835,0.17018753290176392,0,1,1,1.0748291015625,correct_negative
2166_0.99_0.93.png,0,1,0.9880853891372681,0.9880853891372681,0.8284623026847839,0.37896886467933655,0.005013715475797653,0.9991525411605835,0.9939742684364319,0,0,0,-1.7305755615234375,false_negative
2173_0.67_1.56.png,0,0,0.16094112396240234,0.16094112396240234,0.1981009989976883,0.3185867369174957,0.02185848541557789,0.9991525411605835,0.009798916056752205,0,0,0,1.3563385009765625,correct_negative
2178_0.88_1.13.png,0,0,0.28834593296051025,0.28834593296051025,0.24721306562423706,0.4094393849372864,0.0037652263417840004,0.9991525411605835,0.2731994390487671,0,0,0,0.7219886779785156,correct_negative
2182_0.83_1.85.png,0,0,0.061137422919273376,0.061137422919273376,0.3792419135570526,0.11972549557685852,0.09268558770418167,0.9991525411605835,0.017271017655730247,0,0,0,1.74090576171875,correct_negative
2190_0.51_0.51.png,0,0,0.9018052816390991,0.9018052816390991,0.7578189373016357,0.7718061804771423,0.9160215258598328,0.9991525411605835,0.9702780842781067,0,1,1,0.117156982421875,false_positive
2196_0.72_0.83.png,0,0,0.3904609680175781,0.3904609680175781,0.11775103211402893,0.502008318901062,0.1585877537727356,0.9991525411605835,0.6820235848426819,0,1,1,0.33673095703125,false_positive
2202_0.65_1.33.png,0,0,0.523784339427948,0.523784339427948,0.9255288243293762,0.6035653352737427,0.4157155752182007,0.9991525411605835,0.14882810413837433,0,0,0,1.6152610778808594,false_positive
2208_0.72_0.51.png,0,0,0.2719751298427582,0.2719751298427582,0.5546407699584961,0.7868362069129944,0.7381706237792969,0.9991525411605835,0.1636851578950882,0,1,1,1.4235191345214844,false_positive
2213_0.82_1.3.png,0,0,0.08703629672527313,0.08703629672527313,0.10794111341238022,0.13922271132469177,0.013537636026740074,0.9991525411605835,0.013186386786401272,0,0,0,1.5929107666015625,correct_negative
2220_0.92_1.02.png,0,0,0.27779272198677063,0.27779272198677063,0.60105299949646,0.4720870852470398,0.09247586876153946,0.9991525411605835,0.022869618609547615,0,1,1,2.1773757934570312,correct_negative
2227_0.88_1.42.png,0,1,0.6806333065032959,0.6806333065032959,0.857088565826416,0.29888051748275757,4.408270797284786e-06,0.9991525411605835,0.9021735191345215,0,1,1,-0.5585098266601562,false_negative
2231_0.71_0.89.png,0,0,0.5140991806983948,0.5140991806983948,0.25426310300827026,0.3969261050224304,0.022435838356614113,0.9991525411605835,0.7748133540153503,0,1,1,0.33017730712890625,correct_negative
2238_0.81_1.38.png,0,1,0.7885487675666809,0.7885487675666809,0.3860836625099182,0.3264135420322418,0.0059545873664319515,0.9991525411605835,0.9813836216926575,0,1,1,-0.0796661376953125,false_negative
2243_0.75_1.64.png,0,1,0.13945914804935455,0.13945914804935455,0.03155598044395447,0.2809082567691803,0.0006865236791782081,0.9991525411605835,0.3236513137817383,0,0,0,-0.09758758544921875,false_negative
2248_0.61_0.82.png,0,0,0.34558168053627014,0.34558168053627014,0.284077912569046,0.7102850675582886,0.29148781299591064,0.9991525411605835,0.024835236370563507,0,0,0,1.9314117431640625,false_positive
2252_0.79_0.97.png,0,0,0.5447856187820435,0.5447856187820435,0.107918381690979,0.34159472584724426,0.018513016402721405,0.9991525411605835,0.7136059403419495,0,1,1,0.020435333251953125,correct_negative
2258_0.96_0.94.png,0,0,0.6691365838050842,0.6691365838050842,0.4085828959941864,0.5261405110359192,0.022001883015036583,0.9991525411605835,0.5537761449813843,0,0,0,0.6775970458984375,false_positive
2262_0.79_1.73.png,0,1,0.41994354128837585,0.41994354128837585,0.13534554839134216,0.572658121585846,7.219414692372084e-05,0.9991525411605835,0.5332837104797363,0,0,0,-0.174346923828125,correct_positive
2268_0.66_1.84.png,0,0,0.2527432143688202,0.2527432143688202,0.09354539960622787,0.291128933429718,2.7080430299974978e-05,0.9991525411605835,0.8511000275611877,0,1,1,0.00128173828125,correct_negative
2272_0.52_1.23.png,0,0,0.4303610026836395,0.4303610026836395,0.6631110906600952,0.6726404428482056,0.014322743751108646,0.9991525411605835,0.38743487000465393,0,1,1,0.2412109375,false_positive
2277_0.69_0.53.png,0,0,0.7063632011413574,0.7063632011413574,0.7548618316650391,0.7241297364234924,0.754103422164917,0.9991525411605835,0.7776759266853333,0,1,1,0.21409988403320312,false_positive
2281_0.68_0.81.png,0,0,0.6268963813781738,0.6268963813781738,0.8753681778907776,0.5233956575393677,0.8071033954620361,0.9991525411605835,0.6242961287498474,0,1,1,0.8003654479980469,false_positive
2286_0.56_1.51.png,0,0,0.4016719460487366,0.4016719460487366,0.8639890551567078,0.6831149458885193,0.0035811446141451597,0.9991525411605835,0.558949887752533,0,1,1,0.5868721008300781,false_positive
2292_0.82_1.71.png,0,1,0.8919633030891418,0.8919633030891418,0.2711811363697052,0.4326290786266327,0.0005741280619986355,0.9991525411605835,0.6870866417884827,0,0,0,-0.37162017822265625,false_negative
2297_0.82_1.01.png,0,0,0.45912930369377136,0.45912930369377136,0.18455541133880615,0.31826937198638916,0.010462701320648193,0.9991525411605835,0.2584451138973236,0,1,1,0.81640625,correct_negative
2301_0.82_0.88.png,0,0,0.17444537580013275,0.17444537580013275,0.5120347738265991,0.610399067401886,0.06959858536720276,0.9991525411605835,0.23569823801517487,0,1,1,0.7488174438476562,false_positive
2306_0.93_1.08.png,0,0,0.009863337501883507,0.009863337501883507,0.5665894150733948,0.6010820269584656,0.008386664092540741,0.9991525411605835,0.004876280669122934,1,0,0,5.07940673828125,false_positive
2314_0.51_1.78.png,0,0,0.5784507989883423,0.5784507989883423,0.638694167137146,0.6966950297355652,0.6304188370704651,0.9991525411605835,0.35648801922798157,0,0,0,0.9832725524902344,false_positive
2319_0.9_0.55.png,0,0,0.02649308554828167,0.02649308554828167,0.460882306098938,0.39889636635780334,0.1927422434091568,0.9991525411605835,0.0014704886125400662,0,0,0,4.560184478759766,correct_negative
2324_0.86_1.5.png,0,0,0.1251005232334137,0.1251005232334137,0.39060941338539124,0.2878398299217224,0.005048335064202547,0.9991525411605835,0.06721401959657669,1,0,0,1.3522262573242188,correct_negative
232_0.56_1.2.png,0,0,0.0314042791724205,0.0314042791724205,0.1862993687391281,0.1870884746313095,0.002564906608313322,0.9991525411605835,0.007662035059183836,0,0,0,2.6926040649414062,correct_negative
2334_0.56_0.79.png,0,0,0.1561211496591568,0.1561211496591568,0.3884367346763611,0.5128914713859558,0.748064398765564,0.9991525411605835,0.0028032627888023853,0,0,0,3.46551513671875,false_positive
233_0.75_1.0.png,0,0,0.9234060049057007,0.9234060049057007,0.1347338706254959,0.2872439920902252,0.06300406157970428,0.9991525411605835,0.4044910967350006,0,0,0,2.090167999267578,correct_negative
2347_0.5_1.72.png,0,0,0.741131603717804,0.741131603717804,0.08472685515880585,0.8281161785125732,0.8843796253204346,0.9991525411605835,0.8547431826591492,0,0,0,0.1858673095703125,false_positive
2352_0.71_1.87.png,0,0,0.07899529486894608,0.07899529486894608,0.080315962433815,0.3509640395641327,0.06334248930215836,0.9991525411605835,0.008313746191561222,0,0,0,2.060302734375,correct_negative
2357_0.76_0.96.png,0,0,0.5530194044113159,0.5530194044113159,0.151173934340477,0.45232778787612915,0.07052784413099289,0.9991525411605835,0.5336459875106812,0,1,1,0.6193504333496094,correct_negative
2361_0.88_1.89.png,0,0,0.1606975793838501,0.1606975793838501,0.08593159168958664,0.2713547945022583,0.001292501692660153,0.9991525411605835,0.006068958900868893,0,0,0,3.1340866088867188,correct_negative
2366_0.56_1.55.png,0,0,0.18852080404758453,0.18852080404758453,0.40738242864608765,0.3815784156322479,0.7083306312561035,0.9991525411605835,0.07735975831747055,0,0,0,0.8590202331542969,correct_negative
2371_0.69_1.5.png,0,0,0.051430221647024155,0.051430221647024155,0.9208879470825195,0.7524306178092957,0.1105479896068573,0.9991525411605835,0.00222913920879364,0,0,0,4.0120391845703125,false_positive
2376_0.81_1.59.png,0,0,0.6265096068382263,0.6265096068382263,0.4813059866428375,0.5189129114151001,0.016047319397330284,0.9991525411605835,0.6765076518058777,0,0,0,0.10347747802734375,false_positive
2384_0.57_0.86.png,0,1,0.9495216608047485,0.9495216608047485,0.5723602771759033,0.5530623197555542,0.41095632314682007,0.9991525411605835,0.9652983546257019,0,1,1,-0.5595436096191406,correct_positive
2389_1.0_1.55.png,0,0,0.17233045399188995,0.17233045399188995,0.7611767649650574,0.5191059708595276,0.02656547911465168,0.9991525411605835,0.024033289402723312,1,0,0,2.6788368225097656,false_positive
2395_0.78_1.43.png,0,0,0.34730079770088196,0.34730079770088196,0.8108170032501221,0.2823326289653778,0.03876468539237976,0.9991525411605835,0.0755443200469017,0,0,0,1.1181678771972656,correct_negative
2400_0.58_0.53.png,0,0,0.06973367184400558,0.06973367184400558,0.46646058559417725,0.6111717820167542,0.8227299451828003,0.9991525411605835,0.020284082740545273,0,1,1,3.4284439086914062,false_positive
2406_0.59_0.76.png,0,1,0.9454801082611084,0.9454801082611084,0.8451448678970337,0.9328554272651672,0.6995949149131775,0.9991525411605835,0.985565721988678,0,1,1,-0.40618133544921875,correct_positive
2412_0.68_1.7.png,0,0,0.9069263339042664,0.9069263339042664,0.45701873302459717,0.633717954158783,0.6466743350028992,0.9991525411605835,0.8328976035118103,0,0,0,-0.048809051513671875,false_positive
2417_0.58_1.91.png,0,0,0.4010079801082611,0.4010079801082611,0.0445462204515934,0.43452122807502747,0.033778999000787735,0.9991525411605835,0.34668394923210144,0,0,0,0.5920944213867188,correct_negative
2423_0.58_1.14.png,0,0,0.1369509994983673,0.1369509994983673,0.16645751893520355,0.6857091784477234,0.6939314007759094,0.9991525411605835,0.006365838460624218,0,0,0,2.6149864196777344,false_positive
2429_0.7_1.73.png,0,0,0.5588200688362122,0.5588200688362122,0.4940156936645508,0.3959634006023407,0.26733559370040894,0.9991525411605835,0.35027509927749634,0,0,0,0.8056526184082031,correct_negative
2434_0.93_0.55.png,0,1,0.9683972001075745,0.9683972001075745,0.8228507041931152,0.6587880253791809,0.5497263669967651,0.9991525411605835,0.9806724190711975,0,1,1,-0.15449905395507812,correct_positive
2440_0.59_0.9.png,0,0,0.26580318808555603,0.26580318808555603,0.27766281366348267,0.4839349687099457,0.2012951821088791,0.9991525411605835,0.3316299319267273,0,1,1,0.7439193725585938,correct_negative
2445_0.77_1.63.png,0,0,0.06122569739818573,0.06122569739818573,0.07956111431121826,0.2535804212093353,0.08761046081781387,0.9991525411605835,0.003378498600795865,0,0,0,2.4251022338867188,correct_negative
2450_0.51_0.64.png,0,1,0.9668253660202026,0.9668253660202026,0.6819578409194946,0.7843784689903259,0.6929989457130432,0.9991525411605835,0.9911122918128967,0,1,1,-1.0182456970214844,correct_positive
2455_0.84_0.91.png,0,0,0.6430299282073975,0.6430299282073975,0.4762174189090729,0.5264620184898376,0.004584061913192272,0.9991525411605835,0.18159303069114685,0,0,0,0.913848876953125,false_positive
245_0.79_1.53.png,0,0,0.2827252447605133,0.2827252447605133,0.10706803947687149,0.29438263177871704,0.0017616734839975834,0.9991525411605835,0.2670665979385376,1,0,0,1.0679397583007812,correct_negative
2464_0.63_0.75.png,0,1,0.9877475500106812,0.9877475500106812,0.657219648361206,0.7449170351028442,0.7552661895751953,0.9991525411605835,0.9887278079986572,0,1,1,-2.7491226196289062,correct_positive
2469_0.52_1.22.png,0,1,0.6606653332710266,0.6606653332710266,0.6809671521186829,0.7468731999397278,0.1403694748878479,0.9991525411605835,0.8680465817451477,0,1,1,-0.5877227783203125,correct_positive
2474_0.91_0.84.png,0,0,0.19739779829978943,0.19739779829978943,0.6643908619880676,0.7686455249786377,0.6810645461082458,0.9991525411605835,0.006037407089024782,0,0,0,2.6144371032714844,false_positive
2479_0.81_1.81.png,0,0,0.02918633073568344,0.02918633073568344,0.12487640976905823,0.20103079080581665,0.025959664955735207,0.9991525411605835,0.004539463669061661,0,0,0,1.8793487548828125,correct_negative
2483_0.82_1.17.png,0,0,0.08308713138103485,0.08308713138103485,0.10580644756555557,0.3994534909725189,0.024286767467856407,0.9991525411605835,0.01950955018401146,0,0,0,1.0679130554199219,correct_negative
2489_0.62_1.9.png,0,0,0.09545361995697021,0.09545361995697021,0.2936639189720154,0.2254144549369812,0.0013317468110471964,0.9991525411605835,0.008574217557907104,0,0,0,0.9607009887695312,correct_negative
2493_0.8_0.66.png,0,0,0.6701218485832214,0.6701218485832214,0.32042908668518066,0.5232536792755127,0.3702119290828705,0.9991525411605835,0.5533669590950012,0,0,0,0.9113082885742188,false_positive
2499_0.55_0.8.png,0,1,0.4392535984516144,0.4392535984516144,0.8282327651977539,0.43670186400413513,0.6689951419830322,0.9991525411605835,0.8845432996749878,0,1,1,-0.7733192443847656,false_negative
2502_0.94_1.08.png,0,0,0.04718412458896637,0.04718412458896637,0.3609379529953003,0.2754066288471222,0.09146728366613388,0.9991525411605835,0.002356307813897729,0,0,0,3.571086883544922,correct_negative
2507_0.79_1.96.png,0,0,0.0903732031583786,0.0903732031583786,0.24627478420734406,0.41741710901260376,0.0017818001797422767,0.9991525411605835,0.037928253412246704,0,0,0,1.4860458374023438,correct_negative
2512_0.6_1.28.png,0,0,0.35350677371025085,0.35350677371025085,0.8303935527801514,0.2328842431306839,0.46832942962646484,0.9991525411605835,0.5004096627235413,0,1,1,0.4902381896972656,correct_negative
2517_0.94_1.24.png,0,0,0.07114233076572418,0.07114233076572418,0.0854605957865715,0.3527548611164093,0.0032506182324141264,0.9991525411605835,0.017081595957279205,0,0,0,1.1064682006835938,correct_negative
2521_0.66_1.08.png,0,0,0.08443278074264526,0.08443278074264526,0.11714901775121689,0.5768918991088867,0.42332422733306885,0.9991525411605835,0.04384443536400795,0,1,1,2.908039093017578,false_positive
2526_0.87_1.88.png,0,0,0.47730061411857605,0.47730061411857605,0.003831744659692049,0.2123401015996933,0.030421562492847443,0.9991525411605835,0.000185364784556441,1,0,0,4.478086471557617,correct_negative
2532_0.74_1.32.png,0,0,0.6411149501800537,0.6411149501800537,0.08155833929777145,0.4783058166503906,0.014937070198357105,0.9991525411605835,0.7919750809669495,0,1,1,0.2867698669433594,correct_negative
2538_0.89_0.75.png,0,0,0.5233472585678101,0.5233472585678101,0.568693995475769,0.7084088921546936,0.02101987972855568,0.9991525411605835,0.7479557394981384,0,1,1,0.06291961669921875,false_positive
2542_0.7_1.52.png,0,0,0.2687109410762787,0.2687109410762787,0.11793392151594162,0.5362145304679871,0.00025538913905620575,0.9991525411605835,0.7778670787811279,0,1,1,0.212615966796875,false_positive
2547_0.63_1.17.png,0,0,0.466535359621048,0.466535359621048,0.663875937461853,0.5427451133728027,0.6371445059776306,0.9991525411605835,0.4489903450012207,0,1,1,1.2062149047851562,false_positive
2552_0.55_0.61.png,0,0,0.7645611763000488,0.7645611763000488,0.6785222291946411,0.7516508102416992,0.7826389670372009,0.9991525411605835,0.6188093423843384,0,1,1,1.2955818176269531,false_positive
2557_0.84_0.68.png,0,1,0.7541753053665161,0.7541753053665161,0.42353349924087524,0.6465668082237244,0.09983348101377487,0.9991525411605835,0.9691759943962097,0,1,1,-1.052734375,correct_positive
2562_0.81_1.38.png,0,1,0.7768768072128296,0.7768768072128296,0.16032901406288147,0.4696020185947418,0.0034090750850737095,0.9991525411605835,0.9773542284965515,0,1,1,-0.37975311279296875,false_negative
2568_0.6_1.1.png,0,0,0.25748178362846375,0.25748178362846375,0.6978950500488281,0.7416366934776306,0.9181563854217529,0.9991525411605835,0.6046106815338135,0,1,1,0.014202117919921875,false_positive
2572_0.54_1.3.png,0,0,0.17081166803836823,0.17081166803836823,0.6980507373809814,0.6026789546012878,0.47794076800346375,0.9991525411605835,0.24519842863082886,0,1,1,0.6518211364746094,false_positive
2577_0.96_0.78.png,0,0,0.3098437786102295,0.3098437786102295,0.8529515862464905,0.4375833570957184,0.002275789389386773,0.9991525411605835,0.18302494287490845,0,0,0,0.7325439453125,correct_negative
2581_0.79_1.95.png,0,0,0.097986601293087,0.097986601293087,0.01725357584655285,0.04380062222480774,0.00011035990610253066,0.9991525411605835,0.002627405570819974,0,0,0,2.973217010498047,correct_negative
2586_0.65_1.77.png,0,0,0.1110793799161911,0.1110793799161911,0.3828515410423279,0.6978886127471924,0.34933003783226013,0.9991525411605835,0.3703705370426178,0,1,1,0.3157310485839844,false_positive
2590_0.91_1.28.png,0,0,0.6693463325500488,0.6693463325500488,0.2619093358516693,0.3930257260799408,0.001254430739209056,0.9991525411605835,0.6168223023414612,0,0,0,0.3974800109863281,correct_negative
2595_0.76_0.72.png,0,0,0.4249489903450012,0.4249489903450012,0.25673115253448486,0.8196133375167847,0.48200640082359314,0.9991525411605835,0.446518212556839,0,1,1,0.5166587829589844,false_positive
259_0.87_0.76.png,0,0,0.001048011938109994,0.001048011938109994,0.738837718963623,0.501833975315094,0.11407016962766647,0.9991525411605835,0.014167170971632004,1,0,0,4.638771057128906,false_positive
2604_0.54_1.12.png,0,0,0.6757137775421143,0.6757137775421143,0.7554460167884827,0.6104980707168579,0.3860091269016266,0.9991525411605835,0.7691637277603149,0,1,1,0.552490234375,false_positive
2610_0.81_1.15.png,0,0,0.7332951426506042,0.7332951426506042,0.2040804624557495,0.5389142036437988,0.010866397991776466,0.9991525411605835,0.8163105249404907,0,1,1,0.20483016967773438,false_positive
2616_0.96_0.99.png,0,0,0.5188655853271484,0.5188655853271484,0.5875427722930908,0.6882472038269043,0.024722618982195854,0.9991525411605835,0.03461243212223053,0,0,0,2.075641632080078,false_positive
2620_0.76_1.26.png,0,0,0.0619826503098011,0.0619826503098011,0.37415388226509094,0.6063591837882996,0.004752316512167454,0.9991525411605835,0.09703882038593292,0,0,0,0.9338340759277344,false_positive
2625_0.88_1.86.png,0,0,0.04410726577043533,0.04410726577043533,0.7862206101417542,0.5290018320083618,0.08598094433546066,0.9991525411605835,0.004291183315217495,0,0,0,3.241680145263672,false_positive
262_0.94_1.35.png,0,0,0.0444362498819828,0.0444362498819828,0.40077152848243713,0.16278858482837677,0.003721241606399417,0.9991525411605835,0.01323780044913292,1,0,0,2.9879989624023438,correct_negative
2634_1.0_0.86.png,0,0,0.5134520530700684,0.5134520530700684,0.7845747470855713,0.6370114684104919,0.09964990615844727,0.9991525411605835,0.22437232732772827,0,0,0,1.2599029541015625,false_positive
263_0.79_1.99.png,0,0,0.06662921607494354,0.06662921607494354,0.15233448147773743,0.0987687036395073,0.0018272669985890388,0.9991525411605835,0.02851962111890316,1,0,0,2.4220008850097656,correct_negative
2645_0.78_0.85.png,0,0,0.19469070434570312,0.19469070434570312,0.12563805282115936,0.5018707513809204,0.061987053602933884,0.9991525411605835,0.4104856252670288,0,1,1,0.6094970703125,false_positive
2651_0.74_1.04.png,0,0,0.12496655434370041,0.12496655434370041,0.3172779381275177,0.43793654441833496,0.22706373035907745,0.9991525411605835,0.14883053302764893,0,1,1,1.0653953552246094,correct_negative
2656_0.85_0.67.png,0,0,0.944248378276825,0.944248378276825,0.5555993318557739,0.6235794425010681,0.5440747141838074,0.9991525411605835,0.9572208523750305,0,1,1,0.5828437805175781,false_positive
2660_0.52_1.75.png,0,0,0.4171958267688751,0.4171958267688751,0.9714320302009583,0.5360151529312134,0.09412319213151932,0.9991525411605835,0.7163692712783813,0,0,0,0.3258476257324219,false_positive
2666_0.65_1.42.png,0,0,0.7207732796669006,0.7207732796669006,0.5145400166511536,0.692593514919281,0.05486020818352699,0.9991525411605835,0.7016825079917908,0,0,0,0.9162521362304688,false_positive
2670_0.93_1.49.png,0,1,0.9136780500411987,0.9136780500411987,0.30578920245170593,0.3992571234703064,0.00017059016681741923,0.9991525411605835,0.8423753380775452,0,0,0,-0.6601524353027344,false_negative
2677_0.78_0.96.png,0,1,0.9392549395561218,0.9392549395561218,0.053956497460603714,0.4706251919269562,0.02216392755508423,0.9991525411605835,0.9768262505531311,0,1,1,-0.2741241455078125,false_negative
2682_0.96_1.39.png,0,0,0.34540632367134094,0.34540632367134094,0.10023857653141022,0.35950490832328796,0.0038210118655115366,0.9991525411605835,0.20189833641052246,0,0,0,1.0730972290039062,correct_negative
2688_0.87_1.2.png,0,0,0.3540114164352417,0.3540114164352417,0.04368850588798523,0.3773074150085449,0.01842305064201355,0.9991525411605835,0.3301858603954315,0,0,0,0.028636932373046875,correct_negative
2693_0.69_0.91.png,0,0,0.5214235782623291,0.5214235782623291,0.15068629384040833,0.6206539869308472,0.7386022806167603,0.9991525411605835,0.5312393307685852,0,1,1,0.23307037353515625,false_positive
2698_0.98_1.85.png,0,0,0.377963125705719,0.377963125705719,0.4313757121562958,0.5112314224243164,0.0013427429366856813,0.9991525411605835,0.7215256094932556,0,0,0,0.28549957275390625,false_positive
2702_0.74_0.63.png,0,0,0.6583817601203918,0.6583817601203918,0.6732240915298462,0.5015180110931396,0.29275810718536377,0.9991525411605835,0.6935089230537415,0,1,1,0.35831451416015625,false_positive
2707_0.61_1.6.png,0,0,0.2118433713912964,0.2118433713912964,0.6324817538261414,0.8790476322174072,0.04673159867525101,0.9991525411605835,0.8295062780380249,0,1,1,-0.003437042236328125,false_positive
2711_0.69_1.62.png,0,0,0.3168305456638336,0.3168305456638336,0.21294480562210083,0.7862148880958557,0.0024795907083898783,0.9991525411605835,0.7073414921760559,0,1,1,0.003711700439453125,false_positive
2716_0.62_1.67.png,0,0,0.34540417790412903,0.34540417790412903,0.5573419332504272,0.6351642608642578,0.11405670642852783,0.9991525411605835,0.259435772895813,0,0,0,0.8547401428222656,false_positive
2721_0.61_1.73.png,0,1,0.4499107897281647,0.4499107897281647,0.3460488021373749,0.6253378391265869,0.011843167245388031,0.9991525411605835,0.3605782687664032,0,0,0,-0.05565643310546875,correct_positive
2727_0.84_0.56.png,0,1,0.9390688538551331,0.9390688538551331,0.6041661500930786,0.6943904757499695,0.4110543429851532,0.9991525411605835,0.9574447274208069,0,1,1,-0.47063446044921875,correct_positive
2731_0.92_1.46.png,0,0,0.6094309091567993,0.6094309091567993,0.46949175000190735,0.4862378239631653,0.000967272964771837,0.9991525411605835,0.39918243885040283,0,0,0,0.6191368103027344,correct_negative
2737_0.51_0.6.png,0,1,0.9940662384033203,0.9940662384033203,0.8493871688842773,0.581811785697937,0.9670029878616333,0.9991525411605835,0.991219699382782,0,1,1,-0.767913818359375,correct_positive
2742_0.91_1.41.png,0,0,0.2578224241733551,0.2578224241733551,0.1345975548028946,0.31893298029899597,0.007760044652968645,0.9991525411605835,0.16688790917396545,0,0,0,0.44606781005859375,correct_negative
2747_0.87_1.0.png,0,0,0.20849214494228363,0.20849214494228363,0.2934252917766571,0.3154732882976532,0.05338079854846001,0.9991525411605835,0.5785149335861206,0,1,1,0.7366180419921875,correct_negative
2753_0.9_1.03.png,0,0,0.12905363738536835,0.12905363738536835,0.9587386846542358,0.623421847820282,0.2264036387205124,0.9991525411605835,0.023374313488602638,0,0,0,0.9461898803710938,false_positive
2758_0.51_1.22.png,0,0,0.23862074315547943,0.23862074315547943,0.4265049993991852,0.7492343187332153,0.5282949805259705,0.9991525411605835,0.020456895232200623,0,0,0,2.253467559814453,false_positive
2762_0.59_1.16.png,0,0,0.16462785005569458,0.16462785005569458,0.43083322048187256,0.5056797862052917,0.7973896265029907,0.9991525411605835,0.15324850380420685,0,1,1,1.4907264709472656,false_positive
2769_0.81_1.94.png,0,0,0.1442505121231079,0.1442505121231079,0.498058021068573,0.4490266442298889,0.07288620620965958,0.9991525411605835,0.0395042784512043,0,0,0,1.8076095581054688,correct_negative
2773_0.7_0.71.png,0,0,0.4907308518886566,0.4907308518886566,0.7870293259620667,0.3580469787120819,0.3161306381225586,0.9991525411605835,0.14356571435928345,0,1,1,2.269245147705078,correct_negative
2779_0.73_0.56.png,0,1,0.3667532205581665,0.3667532205581665,0.6770613789558411,0.4987713694572449,0.2015669196844101,0.9991525411605835,0.8080729842185974,0,1,1,-0.46840667724609375,false_negative
2783_0.78_1.9.png,0,0,0.00919362436980009,0.00919362436980009,0.36167752742767334,0.4043744206428528,0.17734122276306152,0.9991525411605835,0.00016864374629221857,1,0,0,6.414140701293945,correct_negative
278_0.98_0.65.png,0,0,0.022250976413488388,0.022250976413488388,0.7257692813873291,0.5490291714668274,0.3353888690471649,0.9991525411605835,0.0038398399483412504,0,0,0,4.804767608642578,false_positive
2794_0.8_0.92.png,0,0,0.29108256101608276,0.29108256101608276,0.34660935401916504,0.6170791387557983,0.007167164236307144,0.9991525411605835,0.12149976193904877,0,1,1,1.2194480895996094,false_positive
2799_0.58_0.59.png,0,0,0.9430026412010193,0.9430026412010193,0.19982492923736572,0.8191251158714294,0.852835476398468,0.9991525411605835,0.9348908066749573,0,1,1,0.5102996826171875,false_positive
2802_0.94_1.89.png,0,0,0.06755709648132324,0.06755709648132324,0.037064921110868454,0.30360275506973267,0.007024785503745079,0.9991525411605835,0.003251945599913597,1,0,0,2.464435577392578,correct_negative
2807_0.78_0.64.png,0,0,0.9515061974525452,0.9515061974525452,0.06971542537212372,0.610800564289093,0.48320239782333374,0.9991525411605835,0.6727954149246216,0,1,1,0.8914375305175781,false_positive
2811_0.76_1.19.png,0,0,0.47662362456321716,0.47662362456321716,0.6044566035270691,0.4644795358181,0.22768965363502502,0.9991525411605835,0.22895106673240662,0,0,0,1.5023117065429688,correct_negative
2816_0.98_1.25.png,0,0,0.30606675148010254,0.30606675148010254,0.5998541712760925,0.3928883671760559,0.046882860362529755,0.9991525411605835,0.28104424476623535,0,0,0,0.32932281494140625,correct_negative
2822_0.83_0.63.png,0,0,0.09543024003505707,0.09543024003505707,0.5179968476295471,0.49716916680336,0.17832599580287933,0.9991525411605835,0.10981392115354538,0,0,0,0.5413246154785156,correct_negative
2828_0.98_1.23.png,0,0,0.08432233333587646,0.08432233333587646,0.49248191714286804,0.3748352825641632,0.10219961404800415,0.9991525411605835,0.042428918182849884,0,0,0,0.6147232055664062,correct_negative
2833_0.66_0.5.png,0,0,0.4747808873653412,0.4747808873653412,0.22053031623363495,0.49063640832901,0.4741063416004181,0.9991525411605835,0.36505788564682007,0,1,1,1.2801933288574219,correct_negative
2839_0.87_1.68.png,0,0,0.030860060825943947,0.030860060825943947,0.42498257756233215,0.12119273096323013,0.0211638193577528,0.9991525411605835,0.018844548612833023,0,0,0,1.5008087158203125,correct_negative
2846_0.54_1.41.png,0,0,0.2881624102592468,0.2881624102592468,0.1493980884552002,0.6536281704902649,0.4724756181240082,0.9991525411605835,0.5990460515022278,0,1,1,0.6541633605957031,false_positive
2851_0.6_1.41.png,0,0,0.3202981948852539,0.3202981948852539,0.1520589292049408,0.5553816556930542,0.14193184673786163,0.9991525411605835,0.37452957034111023,0,0,0,0.3389930725097656,false_positive
2856_0.88_1.68.png,0,0,0.5080671906471252,0.5080671906471252,0.9199842810630798,0.19497078657150269,2.636981116665993e-05,0.9991525411605835,0.45862966775894165,0,0,0,0.49964141845703125,correct_negative
2860_0.92_0.66.png,0,0,0.9246505498886108,0.9246505498886108,0.7500455379486084,0.5258104801177979,0.28438761830329895,0.9991525411605835,0.9762747883796692,0,1,1,-0.04819488525390625,false_positive
2865_0.65_0.7.png,0,0,0.3110058307647705,0.3110058307647705,0.7320979237556458,0.6511206030845642,0.5165038704872131,0.9991525411605835,0.24959073960781097,0,1,1,0.7878494262695312,false_positive
2870_0.82_1.39.png,0,0,0.04582655057311058,0.04582655057311058,0.28086599707603455,0.5945339798927307,0.061842430382966995,0.9991525411605835,0.01950773037970066,0,0,0,1.705108642578125,false_positive
2875_0.87_1.33.png,0,1,0.7533562183380127,0.7533562183380127,0.2114856243133545,0.4621673822402954,0.03691931441426277,0.9991525411605835,0.8669612407684326,0,0,0,-0.2968101501464844,false_negative
2880_0.9_0.87.png,0,0,0.013164377771317959,0.013164377771317959,0.204024076461792,0.5349442362785339,0.348676472902298,0.9991525411605835,0.0004621755797415972,0,0,0,4.998874664306641,false_positive
2886_0.56_1.65.png,0,1,0.9547155499458313,0.9547155499458313,0.41303569078445435,0.6954820156097412,0.5554600954055786,0.9991525411605835,0.970002293586731,0,0,0,-0.15810012817382812,correct_positive
2890_0.79_1.15.png,0,0,0.9718658924102783,0.9718658924102783,0.8959111571311951,0.36895695328712463,0.4548211097717285,0.9991525411605835,0.9409063458442688,0,0,0,0.20360946655273438,correct_negative
2897_0.75_1.35.png,0,0,0.005573102738708258,0.005573102738708258,0.14331774413585663,0.41872912645339966,0.002913858275860548,0.9991525411605835,0.005696433130651712,0,0,0,2.5228309631347656,correct_negative
2901_0.59_1.0.png,0,0,0.18350933492183685,0.18350933492183685,0.5964548587799072,0.6328469514846802,0.8947955369949341,0.9991525411605835,0.16905906796455383,0,0,0,2.0309600830078125,false_positive
2910_0.56_1.62.png,0,0,0.12785908579826355,0.12785908579826355,0.2148498147726059,0.6471379399299622,0.3059748113155365,0.9991525411605835,0.38760650157928467,0,1,1,0.6541061401367188,false_positive
2916_0.62_1.39.png,0,0,0.05142194405198097,0.05142194405198097,0.759642481803894,0.6591498851776123,0.49767348170280457,0.9991525411605835,0.01533189695328474,0,0,0,2.2225074768066406,false_positive
2923_0.53_0.64.png,0,1,0.9881746768951416,0.9881746768951416,0.3291369080543518,0.7203017473220825,0.804896354675293,0.9991525411605835,0.9836500287055969,0,1,1,-0.4427909851074219,correct_positive
2928_0.93_0.58.png,0,0,0.09746568650007248,0.09746568650007248,0.4019680917263031,0.383084774017334,0.050515953451395035,0.9991525411605835,0.014001408591866493,0,0,0,2.4529266357421875,correct_negative
2933_0.98_1.9.png,0,0,0.8377599120140076,0.8377599120140076,0.7459231019020081,0.5748209953308105,0.05784479156136513,0.9991525411605835,0.9930161237716675,1,0,0,0.18135833740234375,false_positive
2939_0.79_1.78.png,0,0,0.08016394823789597,0.08016394823789597,0.3980465531349182,0.6468640565872192,0.04377451539039612,0.9991525411605835,0.011927586048841476,0,0,0,1.9072723388671875,false_positive
2943_0.94_1.06.png,0,0,0.5742929577827454,0.5742929577827454,0.5311167240142822,0.29478734731674194,0.044686347246170044,0.9991525411605835,0.5259295701980591,0,0,0,0.7709770202636719,correct_negative
2948_0.75_1.31.png,0,0,0.031547609716653824,0.031547609716653824,0.04641112685203552,0.3849553167819977,0.02674517221748829,0.9991525411605835,0.020588845014572144,0,0,0,1.4473419189453125,correct_negative
2953_0.65_1.26.png,0,0,0.04437496140599251,0.04437496140599251,0.16879422962665558,0.7300570011138916,0.28197339177131653,0.9991525411605835,0.020145779475569725,0,1,1,2.845287322998047,false_positive
2959_0.85_0.71.png,0,0,0.015197111293673515,0.015197111293673515,0.5711715221405029,0.3102276921272278,0.17684222757816315,0.9991525411605835,0.005140235181897879,0,0,0,3.1989822387695312,correct_negative
2963_0.61_1.33.png,0,0,0.43214792013168335,0.43214792013168335,0.2812449634075165,0.36670252680778503,0.025455322116613388,0.9991525411605835,0.36698970198631287,0,0,0,0.685302734375,correct_negative
296_0.57_0.78.png,0,0,0.11963146179914474,0.11963146179914474,0.6161146759986877,0.7447980046272278,0.8071314096450806,0.9991525411605835,0.045440591871738434,0,1,1,2.961719512939453,false_positive
2975_1.0_1.72.png,0,0,0.37927213311195374,0.37927213311195374,0.3914549946784973,0.2298276424407959,1.3261744697956601e-06,0.9991525411605835,0.13037227094173431,1,0,0,2.0503578186035156,correct_negative
2982_0.94_1.69.png,0,0,0.23689870536327362,0.23689870536327362,0.35287410020828247,0.6539433002471924,0.00020225919433869421,0.9991525411605835,0.11467181891202927,0,0,0,1.1409568786621094,false_positive
2987_0.99_1.51.png,0,0,0.06669098138809204,0.06669098138809204,0.7171974182128906,0.5781709551811218,9.554302232572809e-05,0.9991525411605835,0.007954285480082035,1,0,0,1.9747543334960938,false_positive
2991_0.88_1.4.png,0,0,0.07758314907550812,0.07758314907550812,0.4653514623641968,0.2704235315322876,0.0001012924694805406,0.9991525411605835,0.008273596875369549,0,0,0,2.2428970336914062,correct_negative
2998_0.77_0.88.png,0,0,0.4522981345653534,0.4522981345653534,0.3327008783817291,0.39041927456855774,0.13723662495613098,0.9991525411605835,0.5525842308998108,0,0,0,0.18965911865234375,correct_negative
301_0.99_1.79.png,0,0,0.018868137151002884,0.018868137151002884,0.008413678035140038,0.10211467742919922,1.797527147573419e-05,0.9991525411605835,2.9505476959457155e-06,1,0,0,7.606683731079102,correct_negative
308_0.73_0.91.png,0,0,0.1283680498600006,0.1283680498600006,0.00725063169375062,0.15190334618091583,0.011461235582828522,0.9991525411605835,0.0069858902134001255,0,0,0,1.8888626098632812,correct_negative
313_0.78_0.95.png,0,0,0.029365483671426773,0.029365483671426773,0.3247099816799164,0.5795384645462036,0.05766219645738602,0.9991525411605835,0.003567054867744446,0,0,0,3.210979461669922,false_positive
319_0.87_1.65.png,0,0,0.003950529731810093,0.003950529731810093,0.05547194182872772,0.1060321256518364,0.01090783067047596,0.9991525411605835,0.000707132974639535,1,0,0,3.920124053955078,correct_negative
32_0.73_1.01.png,0,0,0.0025616674683988094,0.0025616674683988094,0.10072029381990433,0.1746632307767868,0.04224591329693794,0.9991525411605835,0.001209563808515668,1,0,0,4.654541015625,correct_negative
338_0.62_1.32.png,0,0,0.13117820024490356,0.13117820024490356,0.15762192010879517,0.15446612238883972,0.010479602962732315,0.9991525411605835,0.046484727412462234,0,0,0,2.044872283935547,correct_negative
345_0.95_1.78.png,0,0,0.004970903042703867,0.004970903042703867,0.3765783905982971,0.06420808285474777,5.472357429425756e-07,0.9991525411605835,0.0015450764913111925,1,0,0,2.985828399658203,correct_negative
356_0.65_0.6.png,0,0,0.01880052499473095,0.01880052499473095,0.24538977444171906,0.493257999420166,0.485373318195343,0.9991525411605835,0.008442276157438755,0,0,0,3.4965591430664062,correct_negative
361_0.83_0.87.png,0,0,0.007073232904076576,0.007073232904076576,0.057479120790958405,0.12915818393230438,0.008469006977975368,0.9991525411605835,0.01123010739684105,0,0,0,3.2568397521972656,correct_negative
366_0.67_1.2.png,0,0,0.05739898979663849,0.05739898979663849,0.05000126734375954,0.3029990792274475,0.07513818889856339,0.9991525411605835,0.04470878094434738,0,0,0,1.3673057556152344,correct_negative
374_0.93_1.43.png,0,0,0.011554183438420296,0.011554183438420296,0.24911107122898102,0.38933029770851135,0.002468027640134096,0.9991525411605835,0.0030713449232280254,0,0,0,4.311920166015625,correct_negative
37_0.68_1.27.png,0,0,0.13695365190505981,0.13695365190505981,0.12393973022699356,0.3649599254131317,0.00855810847133398,0.9991525411605835,0.00533085223287344,0,0,0,2.9800071716308594,correct_negative
386_0.91_1.27.png,0,0,0.0022790441289544106,0.0022790441289544106,0.5031754374504089,0.6030091643333435,0.003174696583300829,0.9991525411605835,0.00034348215558566153,1,0,0,6.256511688232422,false_positive
392_0.54_0.67.png,0,0,0.021607780829072,0.021607780829072,0.1905340552330017,0.8122716546058655,0.8376089334487915,0.9991525411605835,0.004211804363876581,0,0,0,4.421302795410156,false_positive
397_0.92_1.2.png,0,0,0.01788284070789814,0.01788284070789814,0.11581660807132721,0.05305444449186325,0.0007885443046689034,0.9991525411605835,0.000169719394762069,1,0,0,5.062519073486328,correct_negative
404_0.82_1.92.png,0,0,0.0030025180894881487,0.0030025180894881487,0.18936088681221008,0.09865045547485352,0.00026374528533779085,0.9991525411605835,8.79289218573831e-05,1,0,0,6.35382080078125,correct_negative
40_0.65_1.78.png,0,0,0.22993063926696777,0.22993063926696777,0.13758525252342224,0.14336323738098145,0.027929965406656265,0.9991525411605835,0.2073608934879303,0,0,0,1.2263107299804688,correct_negative
418_0.66_0.66.png,0,0,0.024037394672632217,0.024037394672632217,0.25466060638427734,0.5089532136917114,0.33924201130867004,0.9991525411605835,0.005692923441529274,0,0,0,3.984119415283203,false_positive
424_0.63_1.0.png,0,0,0.018302973359823227,0.018302973359823227,0.06853354722261429,0.09756303578615189,0.14064787328243256,0.9991525411605835,0.008576597087085247,0,0,0,2.693218231201172,correct_negative
430_0.75_1.46.png,0,0,0.011454031802713871,0.011454031802713871,0.03165419027209282,0.16580593585968018,0.01592528633773327,0.9991525411605835,0.004486889112740755,1,0,0,4.132114410400391,correct_negative
437_0.87_0.76.png,0,0,0.05455644056200981,0.05455644056200981,0.24937091767787933,0.6944209337234497,0.009938299655914307,0.9991525411605835,0.004605865105986595,1,0,0,3.886951446533203,false_positive
445_0.81_1.45.png,0,0,0.015139413066208363,0.015139413066208363,0.016348375007510185,0.050663404166698456,0.00033482236904092133,0.9991525411605835,0.00011395165347494185,1,0,0,6.766197204589844,correct_negative
450_0.79_1.75.png,0,1,0.8758527636528015,0.8758527636528015,0.39213621616363525,0.1107262447476387,0.0001310692896367982,0.9991525411605835,0.7839866280555725,0,0,0,-0.08086395263671875,false_negative
456_0.84_1.7.png,0,0,0.00431016692891717,0.00431016692891717,0.08082138001918793,0.40632858872413635,4.804652780876495e-05,0.9991525411605835,0.0003279383236076683,1,0,0,5.493747711181641,correct_negative
460_0.74_1.47.png,0,0,0.0046890852972865105,0.0046890852972865105,0.5358589291572571,0.49240145087242126,0.029520617797970772,0.9991525411605835,0.005607608240097761,1,0,0,6.336376190185547,correct_negative
465_0.97_1.62.png,0,0,0.0005883448757231236,0.0005883448757231236,0.02216080203652382,0.6922036409378052,0.0002588633797131479,0.9991525411605835,0.00025623009423725307,1,0,0,4.356515884399414,false_positive
471_0.9_1.29.png,0,0,0.004405139479786158,0.004405139479786158,0.4163106381893158,0.3348676264286041,0.0036880960687994957,0.9991525411605835,0.0010985358385369182,1,0,0,7.109619140625,correct_negative
479_0.58_1.54.png,0,0,0.02917299047112465,0.02917299047112465,0.051587119698524475,0.0551639087498188,0.00012371587217785418,0.9991525411605835,0.05733175575733185,1,0,0,1.7047462463378906,correct_negative
485_0.61_0.65.png,0,0,0.01119571179151535,0.01119571179151535,0.11016019433736801,0.36658599972724915,0.35942649841308594,0.9991525411605835,0.0005416245548985898,1,0,0,6.559841156005859,correct_negative
48_0.99_1.45.png,0,0,0.022123921662569046,0.022123921662569046,0.03719466179609299,0.2869465947151184,3.859733624267392e-05,0.9991525411605835,0.03258420526981354,1,0,0,0.9202423095703125,correct_negative
49_0.58_1.42.png,0,0,0.0022887405939400196,0.0022887405939400196,0.1342916339635849,0.2951240837574005,0.0405789352953434,0.9991525411605835,0.0028903076890856028,0,0,0,5.1533355712890625,correct_negative
505_0.55_0.89.png,0,0,0.0010649027535691857,0.0010649027535691857,0.23998066782951355,0.36671555042266846,0.4298103153705597,0.9991525411605835,0.00033443732536397874,1,0,0,6.909145355224609,correct_negative
50_0.82_1.93.png,0,0,0.004900641273707151,0.004900641273707151,0.232163205742836,0.13299040496349335,0.00022345641627907753,0.9991525411605835,0.001749895280227065,1,0,0,5.195133209228516,correct_negative
517_0.95_1.51.png,0,0,0.002020823070779443,0.002020823070779443,0.019382549449801445,0.1995086520910263,3.10539617203176e-05,0.9991525411605835,9.626781320548616e-06,1,0,0,8.422706604003906,correct_negative
524_0.95_0.72.png,0,0,0.07918629795312881,0.07918629795312881,0.6759309768676758,0.48533254861831665,0.05579831451177597,0.9991525411605835,0.0017033483600243926,1,0,0,4.181140899658203,correct_negative
529_0.86_1.04.png,0,0,0.004337391350418329,0.004337391350418329,0.049053337424993515,0.18097932636737823,0.0032891768496483564,0.9991525411605835,0.009911892004311085,1,0,0,2.9938697814941406,correct_negative
535_0.78_1.25.png,0,0,0.0021862501744180918,0.0021862501744180918,0.025245264172554016,0.165808767080307,0.023401524871587753,0.9991525411605835,0.000879205297678709,0,0,0,4.720424652099609,correct_negative
53_0.65_1.38.png,0,0,0.09546708315610886,0.09546708315610886,0.11577752977609634,0.15520207583904266,0.0037794115487486124,0.9991525411605835,0.06519247591495514,1,0,0,0.7578659057617188,correct_negative
544_0.73_1.09.png,0,0,0.02226627804338932,0.02226627804338932,0.5324872136116028,0.485533744096756,0.03724810853600502,0.9991525411605835,0.0007067341939546168,0,0,0,3.964740753173828,correct_negative
549_0.75_0.59.png,0,0,0.03327473998069763,0.03327473998069763,0.07343097776174545,0.2530967593193054,0.38630396127700806,0.9991525411605835,0.0020908138249069452,0,0,0,3.6205406188964844,correct_negative
554_0.79_1.51.png,0,0,0.025507710874080658,0.025507710874080658,0.06536950170993805,0.471659779548645,0.004840435925871134,0.9991525411605835,0.005251176655292511,1,0,0,4.390403747558594,correct_negative
560_0.75_1.98.png,0,0,0.2572464048862457,0.2572464048862457,0.09177200496196747,0.5430816411972046,9.440318535780534e-05,0.9991525411605835,0.07323893159627914,1,0,0,0.96990966796875,false_positive
569_0.9_0.92.png,0,0,0.023972101509571075,0.023972101509571075,0.2404605597257614,0.30853399634361267,0.006727142259478569,0.9991525411605835,0.006258788984268904,0,0,0,3.3711776733398438,correct_negative
576_0.84_1.69.png,0,0,0.004544174298644066,0.004544174298644066,0.5593845248222351,0.5823901295661926,0.00012224707461427897,0.9991525411605835,0.003079821588471532,1,0,0,2.7036399841308594,false_positive
581_0.54_1.36.png,0,0,0.0009194944868795574,0.0009194944868795574,0.025326555594801903,0.47172483801841736,1.5992007320164703e-05,0.9991525411605835,7.045627717161551e-05,1,0,0,5.9178924560546875,correct_negative
58_0.53_0.53.png,0,1,0.9949729442596436,0.9949729442596436,0.4908061921596527,0.5414601564407349,0.7191784977912903,0.9991525411605835,0.9979926347732544,0,0,0,-2.5663414001464844,correct_positive
595_0.78_1.11.png,0,0,0.10641983151435852,0.10641983151435852,0.7008621096611023,0.4417497515678406,0.11418057978153229,0.9991525411605835,0.10522386431694031,0,0,0,1.4984779357910156,correct_negative
5_0.5_0.89.png,0,0,0.10981900244951248,0.10981900244951248,0.8250775337219238,0.6142102479934692,0.5063987970352173,0.9991525411605835,0.004134032409638166,0,0,0,3.568103790283203,false_positive
607_0.88_0.73.png,0,0,0.011980600655078888,0.011980600655078888,0.4797333776950836,0.23640182614326477,0.01899530738592148,0.9991525411605835,0.0023182861041277647,1,0,0,4.876457214355469,correct_negative
614_0.95_0.72.png,0,0,0.5406437516212463,0.5406437516212463,0.7764785289764404,0.460446298122406,0.02945111319422722,0.9991525411605835,0.4763011336326599,0,0,0,0.5902900695800781,correct_negative
621_0.65_0.87.png,0,0,0.005486164707690477,0.005486164707690477,0.06296434253454208,0.36093589663505554,0.24994124472141266,0.9991525411605835,0.0001321094750892371,1,0,0,8.755023956298828,correct_negative
62_0.93_1.08.png,0,0,0.020335616543889046,0.020335616543889046,0.07110914587974548,0.5423142313957214,0.0143165597692132,0.9991525411605835,0.0064456104300916195,0,0,0,2.6940956115722656,false_positive
637_0.82_1.62.png,0,0,0.15372179448604584,0.15372179448604584,0.028444815427064896,0.02214353159070015,0.003085467964410782,0.9991525411605835,0.004925526678562164,1,0,0,1.9229049682617188,correct_negative
641_0.63_1.3.png,0,0,0.033819377422332764,0.033819377422332764,0.0200935211032629,0.23013947904109955,0.0887114405632019,0.9991525411605835,0.009717296808958054,1,0,0,2.731689453125,correct_negative
648_0.78_1.91.png,0,0,0.004218675661832094,0.004218675661832094,0.01951454021036625,0.09134772419929504,0.00011676213762257248,0.9991525411605835,0.001350248116068542,1,0,0,4.135978698730469,correct_negative
653_0.78_0.53.png,0,0,0.3294823467731476,0.3294823467731476,0.6300069689750671,0.5911110043525696,0.16728822886943817,0.9991525411605835,0.1838945746421814,0,0,0,1.0984001159667969,false_positive
65_0.52_0.89.png,0,0,0.1479853093624115,0.1479853093624115,0.8529230952262878,0.44765788316726685,0.15137092769145966,0.9991525411605835,0.02614462748169899,0,0,0,3.656627655029297,correct_negative
666_0.9_1.01.png,0,0,0.04741281643509865,0.04741281643509865,0.6794231534004211,0.10765938460826874,0.0036290092393755913,0.9991525411605835,0.0010048379190266132,0,0,0,4.442039489746094,correct_negative
670_0.89_1.66.png,0,0,0.0009269839501939714,0.0009269839501939714,0.09790799021720886,0.11875580251216888,0.00013109654537402093,0.9991525411605835,0.0018289185827597976,1,0,0,4.408718109130859,correct_negative
678_0.88_0.92.png,0,0,0.5939093232154846,0.5939093232154846,0.06798739731311798,0.09175334125757217,0.015238063409924507,0.9991525411605835,0.08229819685220718,0,0,0,0.5089607238769531,correct_negative
683_0.9_1.98.png,0,0,0.00534473592415452,0.00534473592415452,0.11407303810119629,0.15351803600788116,4.552554673864506e-05,0.9991525411605835,0.0005934227374382317,1,0,0,3.2881813049316406,correct_negative
688_0.72_0.52.png,0,0,0.29855966567993164,0.29855966567993164,0.4686952233314514,0.5711442828178406,0.09418709576129913,0.9991525411605835,0.24104411900043488,0,1,1,1.168609619140625,false_positive
696_0.95_0.69.png,0,0,0.35847052931785583,0.35847052931785583,0.10039667785167694,0.26347723603248596,0.04353885352611542,0.9991525411605835,0.0848212018609047,0,0,0,0.8172225952148438,correct_negative
6_0.57_0.6.png,0,0,0.07703893631696701,0.07703893631696701,0.6655399799346924,0.5363364815711975,0.7090777158737183,0.9991525411605835,0.01022547297179699,0,0,0,2.896808624267578,false_positive
704_0.81_1.82.png,0,0,0.0017876712372526526,0.0017876712372526526,0.1073368564248085,0.6493442058563232,8.018290827749297e-05,0.9991525411605835,0.010655446909368038,1,0,0,2.066082000732422,false_positive
70_0.78_1.4.png,0,0,0.12703002989292145,0.12703002989292145,0.1380227506160736,0.13504086434841156,0.0010318710701540112,0.9991525411605835,0.01518822181969881,0,0,0,1.2424812316894531,correct_negative
714_0.84_0.79.png,0,0,0.003429672447964549,0.003429672447964549,0.3642288148403168,0.4198002517223358,0.012694749981164932,0.9991525411605835,0.00012894415704067796,0,0,0,5.596988677978516,correct_negative
719_0.61_0.7.png,0,0,0.1865713745355606,0.1865713745355606,0.08988139033317566,0.5526096224784851,0.5444440841674805,0.9991525411605835,0.15587514638900757,0,1,1,1.2941131591796875,false_positive
725_0.64_0.72.png,0,0,0.28667473793029785,0.28667473793029785,0.23058336973190308,0.5240456461906433,0.4270988702774048,0.9991525411605835,0.17931482195854187,0,1,1,1.0522384643554688,false_positive
730_0.62_0.98.png,0,0,0.07659156620502472,0.07659156620502472,0.019675562158226967,0.23351027071475983,0.11857874691486359,0.9991525411605835,0.017936183139681816,0,0,0,2.5394668579101562,correct_negative
740_0.94_0.76.png,0,0,0.019266583025455475,0.019266583025455475,0.7134697437286377,0.4209698736667633,0.061312977224588394,0.9991525411605835,0.006340234074741602,1,0,0,5.0842437744140625,correct_negative
748_0.79_0.91.png,0,0,0.031376052647829056,0.031376052647829056,0.018757866695523262,0.2597828209400177,0.026130158454179764,0.9991525411605835,0.014987298287451267,0,0,0,1.2897529602050781,correct_negative
753_0.57_0.6.png,0,0,0.48546937108039856,0.48546937108039856,0.6353009939193726,0.8223266005516052,0.9419376254081726,0.9991525411605835,0.09015825390815735,0,0,0,3.6186447143554688,false_positive
761_0.55_0.83.png,0,0,0.4154822528362274,0.4154822528362274,0.1695638746023178,0.334429532289505,0.6265522241592407,0.9991525411605835,0.4087921679019928,0,0,0,1.1664199829101562,correct_negative
766_1.0_0.59.png,0,0,0.06565622985363007,0.06565622985363007,0.6185449957847595,0.5381922125816345,0.04955952614545822,0.9991525411605835,0.009701671078801155,0,0,0,3.2416534423828125,false_positive
772_0.9_1.15.png,0,0,0.0008696640143170953,0.0008696640143170953,0.09512776881456375,0.18929430842399597,0.004588075913488865,0.9991525411605835,0.0032516333740204573,1,0,0,5.004283905029297,correct_negative
779_0.72_1.2.png,0,0,0.24056728184223175,0.24056728184223175,0.48794737458229065,0.7423433065414429,0.6668550372123718,0.9991525411605835,0.06854301691055298,0,0,0,0.4455070495605469,false_positive
787_0.88_0.71.png,0,0,0.06796929240226746,0.06796929240226746,0.10475798696279526,0.15097938477993011,0.019156787544488907,0.9991525411605835,0.003972724545747042,0,0,0,2.702667236328125,correct_negative
793_0.71_0.66.png,0,0,0.1530614197254181,0.1530614197254181,0.10265661031007767,0.5379408001899719,0.20134516060352325,0.9991525411605835,0.49093756079673767,0,1,1,0.717742919921875,false_positive
799_0.65_0.7.png,0,0,0.7587483525276184,0.7587483525276184,0.43572938442230225,0.313655823469162,0.015394159592688084,0.9991525411605835,0.7447006106376648,0,1,1,0.16804885864257812,correct_negative
804_0.99_1.92.png,0,0,0.07141676545143127,0.07141676545143127,0.007357678841799498,0.2655317783355713,1.720619877687568e-07,0.9991525411605835,0.00013055113959126174,1,0,0,4.691352844238281,correct_negative
811_0.69_1.87.png,0,0,0.0003736447251867503,0.0003736447251867503,0.16290827095508575,0.6424035429954529,0.03980369493365288,0.9991525411605835,0.00184847810305655,1,0,0,3.519134521484375,false_positive
81_0.94_0.63.png,0,0,0.8847000002861023,0.8847000002861023,0.24593223631381989,0.7806204557418823,0.04303037375211716,0.9991525411605835,0.9302336573600769,0,0,0,0.048770904541015625,false_positive
826_0.81_1.2.png,0,0,0.0002620336308609694,0.0002620336308609694,0.017101773992180824,0.06952422112226486,0.005121665541082621,0.9991525411605835,1.721460466796998e-05,1,0,0,7.760156631469727,correct_negative
831_0.51_1.4.png,0,1,0.9760326147079468,0.9760326147079468,0.4816788136959076,0.6254766583442688,0.9487770795822144,0.9991525411605835,0.9986805319786072,0,0,0,-4.368034362792969,correct_positive
837_0.69_0.9.png,0,0,0.008210369385778904,0.008210369385778904,0.07168726623058319,0.06836976855993271,0.017301570624113083,0.9991525411605835,3.9574908441863954e-05,1,0,0,7.5301513671875,correct_negative
842_0.93_0.69.png,0,1,0.2722834050655365,0.2722834050655365,0.41973596811294556,0.2774069607257843,0.036589615046978,0.9991525411605835,0.6849097013473511,0,0,0,-0.6093101501464844,false_negative
849_0.55_0.6.png,0,0,0.06674782186746597,0.06674782186746597,0.8510547280311584,0.8414457440376282,0.9723165035247803,0.9991525411605835,0.030111854895949364,0,1,1,2.783905029296875,false_positive
854_0.55_1.43.png,0,0,0.80263751745224,0.80263751745224,0.19370782375335693,0.11112302541732788,0.00823116023093462,0.9991525411605835,0.5852932333946228,0,0,0,1.7704353332519531,correct_negative
864_0.62_0.85.png,0,0,0.6591708064079285,0.6591708064079285,0.18140079081058502,0.3344283998012543,0.15535137057304382,0.9991525411605835,0.5781585574150085,0,0,0,0.9477615356445312,correct_negative
871_0.96_0.58.png,0,0,0.24164240062236786,0.24164240062236786,0.5449903011322021,0.36388081312179565,0.03890782967209816,0.9991525411605835,0.0022414119448512793,0,0,0,4.2427825927734375,correct_negative
877_0.62_0.96.png,0,0,0.07304584980010986,0.07304584980010986,0.5524398684501648,0.4195127785205841,0.28704363107681274,0.9991525411605835,0.045485660433769226,0,0,0,1.2567863464355469,correct_negative
883_0.97_0.83.png,0,0,0.08207454532384872,0.08207454532384872,0.4297233521938324,0.5740002989768982,0.05132611468434334,0.9991525411605835,0.0279106292873621,0,0,0,1.8648910522460938,false_positive
889_0.9_0.87.png,0,0,0.0012661706423386931,0.0012661706423386931,0.2185358703136444,0.14252211153507233,0.0007196348742581904,0.9991525411605835,4.390197864267975e-05,1,0,0,7.776313781738281,correct_negative
895_0.54_1.27.png,0,0,0.5996137857437134,0.5996137857437134,0.8060447573661804,0.6984571814537048,0.9817922711372375,0.9991525411605835,0.14368639886379242,0,0,0,1.19482421875,false_positive
900_0.91_0.72.png,0,0,0.8435496091842651,0.8435496091842651,0.3337406814098358,0.5926727056503296,0.027420630678534508,0.9991525411605835,0.7173027992248535,0,0,0,1.1539497375488281,false_positive
908_0.69_1.35.png,0,0,0.033416468650102615,0.033416468650102615,0.06390634179115295,0.10426383465528488,0.0004452838038560003,0.9991525411605835,0.0057203201577067375,1,0,0,3.0884552001953125,correct_negative
913_0.54_1.24.png,0,0,0.08440373837947845,0.08440373837947845,0.021789753809571266,0.04190654307603836,9.25208514672704e-05,0.9991525411605835,0.039673250168561935,0,0,0,1.4685020446777344,correct_negative
918_0.61_1.9.png,0,1,0.2588866651058197,0.2588866651058197,0.41585057973861694,0.04305866360664368,0.004481788724660873,0.9991525411605835,0.9286102652549744,0,0,0,-1.5736122131347656,false_negative
922_0.74_0.99.png,0,0,0.00034667408908717334,0.00034667408908717334,0.02508314698934555,0.08170551806688309,0.029198357835412025,0.9991525411605835,4.0731578337727115e-05,1,0,0,9.744403839111328,correct_negative
927_0.73_1.45.png,0,0,0.003489547176286578,0.003489547176286578,0.5893961191177368,0.41506943106651306,0.01738033816218376,0.9991525411605835,0.010392251424491405,1,0,0,4.179206848144531,correct_negative
933_0.57_1.9.png,0,0,0.06757397949695587,0.06757397949695587,0.012374946847558022,0.1426481157541275,2.857980916814995e-06,0.9991525411605835,0.0013283031294122338,1,0,0,3.4644737243652344,correct_negative
93_0.97_1.07.png,0,0,0.0044618770480155945,0.0044618770480155945,0.16449372470378876,0.6287656426429749,0.025020558387041092,0.9991525411605835,0.00012931268429383636,1,0,0,5.814731597900391,false_positive
945_0.99_1.73.png,0,0,0.7999072670936584,0.7999072670936584,0.0063737970776855946,0.08246344327926636,0.0008167544729076326,0.9991525411605835,0.20072059333324432,1,0,0,0.917694091796875,correct_negative
94_0.62_1.46.png,0,0,0.03222375363111496,0.03222375363111496,0.0009901724988594651,0.3418533205986023,0.0013587955618277192,0.9991525411605835,0.0023346261586993933,1,0,0,4.561580657958984,correct_negative
958_0.93_0.63.png,0,0,0.711189329624176,0.711189329624176,0.2653328776359558,0.55097496509552,0.15645229816436768,0.9991525411605835,0.36337488889694214,0,0,0,0.4234199523925781,false_positive
962_0.55_1.94.png,0,0,0.0142457764595747,0.0142457764595747,0.6517590284347534,0.45107463002204895,9.874154056888074e-05,0.9991525411605835,0.002867244416847825,1,0,0,4.294490814208984,correct_negative
967_0.79_1.96.png,0,0,0.0775914415717125,0.0775914415717125,0.2510419189929962,0.4438076913356781,5.385406984714791e-05,0.9991525411605835,0.0325428731739521,1,0,0,2.227436065673828,correct_negative
971_0.57_1.71.png,0,0,0.003877792274579406,0.003877792274579406,0.07706505805253983,0.0848335400223732,0.00011961489508394152,0.9991525411605835,0.00044833545689471066,1,0,0,4.900638580322266,correct_negative
977_0.83_0.6.png,0,0,0.021957049146294594,0.021957049146294594,0.7055070400238037,0.44811972975730896,0.3457830846309662,0.9991525411605835,0.033154409378767014,0,0,0,3.892131805419922,correct_negative
982_0.97_0.98.png,0,0,0.6411622762680054,0.6411622762680054,0.1533852219581604,0.14872239530086517,0.0020709559321403503,0.9991525411605835,0.028427543118596077,0,0,0,1.5648956298828125,correct_negative
990_0.82_0.64.png,0,0,0.0031660031527280807,0.0031660031527280807,0.4774826467037201,0.6172546148300171,0.3913523554801941,0.9991525411605835,0.0001091297745006159,0,0,0,6.43353271484375,false_positive
995_0.77_1.16.png,0,0,0.0010592318139970303,0.0010592318139970303,0.07195175439119339,0.16436797380447388,0.004326527938246727,0.9991525411605835,0.0066305422224104404,0,0,0,3.644306182861328,correct_negative
1001_0.89_1.66.png,1,0,0.0008245111675933003,0.0008245111675933003,0.1674579530954361,0.6028198003768921,0.5457156300544739,0.002891280921176076,0.0016945676179602742,1,0,0,5.273654937744141,false_positive
1007_0.68_1.25.png,1,0,0.09585889428853989,0.09585889428853989,0.04658680036664009,0.2305532544851303,0.9874759316444397,0.002891280921176076,0.027339540421962738,0,0,0,1.489013671875,correct_negative
1011_0.79_0.66.png,1,0,0.3407086431980133,0.3407086431980133,0.7951027750968933,0.5440547466278076,0.9780747890472412,0.002891280921176076,0.12912121415138245,0,1,1,0.43634033203125,false_positive
1018_0.88_0.54.png,1,0,0.14109139144420624,0.14109139144420624,0.705664873123169,0.1659303605556488,0.2236606627702713,0.002891280921176076,0.2754230797290802,0,0,0,1.2366600036621094,correct_negative
1025_0.95_1.79.png,1,0,0.10266688466072083,0.10266688466072083,0.24249793589115143,0.31464606523513794,0.9222889542579651,0.002891280921176076,0.005039897281676531,1,0,0,1.8516006469726562,correct_negative
1032_0.6_0.6.png,1,0,0.22106605768203735,0.22106605768203735,0.7749961018562317,0.5559494495391846,0.8494261503219604,0.002891280921176076,0.06991437822580338,0,0,0,0.710205078125,false_positive
1042_0.91_0.56.png,1,0,0.24646952748298645,0.24646952748298645,0.23294560611248016,0.296828031539917,0.9024731516838074,0.002891280921176076,0.05784156173467636,0,0,0,0.24483108520507812,correct_negative
1048_0.73_0.95.png,1,0,0.01771647296845913,0.01771647296845913,0.24160662293434143,0.16833917796611786,0.9868344664573669,0.002891280921176076,0.0017480828100815415,1,0,0,0.9382095336914062,correct_negative
1052_0.73_1.22.png,1,0,0.07384846359491348,0.07384846359491348,0.30757924914360046,0.38384687900543213,0.9611512422561646,0.002891280921176076,0.029833665117621422,0,0,0,1.3598823547363281,correct_negative
1058_0.6_1.0.png,1,1,0.9909515380859375,0.9909515380859375,0.20217692852020264,0.6714114546775818,0.5630966424942017,0.002891280921176076,0.9975494742393494,0,0,0,-2.407062530517578,correct_positive
1064_0.54_0.97.png,1,0,0.007398596499115229,0.007398596499115229,0.39088210463523865,0.2951095402240753,0.9067510366439819,0.002891280921176076,0.0014276189031079412,0,0,0,3.394195556640625,correct_negative
1070_0.79_1.57.png,1,0,0.0064364769496023655,0.0064364769496023655,0.7193344831466675,0.38861411809921265,0.9974737763404846,0.002891280921176076,0.0016288714250549674,1,0,0,4.7097015380859375,correct_negative
1078_0.96_0.54.png,1,0,0.4378034472465515,0.4378034472465515,0.7484526038169861,0.6817964911460876,0.8662932515144348,0.002891280921176076,0.10646885633468628,0,1,1,1.3845138549804688,false_positive
1086_0.6_0.76.png,1,0,0.6495227217674255,0.6495227217674255,0.6961822509765625,0.9271866679191589,0.9052707552909851,0.002891280921176076,0.3240673542022705,0,1,1,0.725799560546875,false_positive
1091_0.79_1.01.png,1,0,0.052626702934503555,0.052626702934503555,0.5111458897590637,0.583152174949646,0.3999268412590027,0.002891280921176076,0.005364171229302883,0,0,0,3.2842941284179688,false_positive
109_0.54_0.97.png,1,0,0.012385726906359196,0.012385726906359196,0.3233473598957062,0.30194276571273804,0.7135252952575684,0.002891280921176076,0.0008861771784722805,0,0,0,5.839336395263672,correct_negative
1107_0.98_1.25.png,1,0,0.00043114027357660234,0.00043114027357660234,0.04351973533630371,0.32510969042778015,0.5847791433334351,0.002891280921176076,9.493563266005367e-05,1,0,0,8.589519500732422,correct_negative
1114_0.76_1.34.png,1,0,0.01387561485171318,0.01387561485171318,0.015925077721476555,0.03553478792309761,0.9963549375534058,0.002891280921176076,0.011402111500501633,1,0,0,3.7500228881835938,correct_negative
111_0.57_1.22.png,1,0,0.010101418942213058,0.010101418942213058,0.1414375752210617,0.15567800402641296,0.977110743522644,0.002891280921176076,0.0038042610976845026,0,0,0,4.573146820068359,correct_negative
1125_0.72_1.76.png,1,0,0.6327812671661377,0.6327812671661377,0.0685437023639679,0.31489837169647217,0.9872182607650757,0.002891280921176076,0.15055058896541595,1,0,0,0.7809982299804688,correct_negative
1130_0.94_1.44.png,1,0,0.0036018742248415947,0.0036018742248415947,0.05242491140961647,0.1485542505979538,0.4208134412765503,0.002891280921176076,0.0022785519249737263,1,0,0,3.961261749267578,correct_negative
1138_0.86_1.95.png,1,0,0.0021201265044510365,0.0021201265044510365,0.013722795993089676,0.1760997325181961,0.09287342429161072,0.002891280921176076,0.000947587366681546,1,0,0,5.858951568603516,correct_negative
1143_0.73_1.33.png,1,0,0.13326038420200348,0.13326038420200348,0.039963576942682266,0.1120784804224968,0.7866448760032654,0.002891280921176076,0.0035640967544168234,0,0,0,2.0987281799316406,correct_negative
1148_0.78_0.59.png,1,0,0.6678406596183777,0.6678406596183777,0.9102969169616699,0.5655453205108643,0.2555965185165405,0.002891280921176076,0.2589503526687622,0,0,0,2.1698837280273438,false_positive
1153_0.71_0.99.png,1,0,0.05342136323451996,0.05342136323451996,0.09628906846046448,0.5487536787986755,0.973388671875,0.002891280921176076,0.014227614738047123,0,0,0,2.738819122314453,false_positive
1159_0.84_1.51.png,1,0,0.0009455420076847076,0.0009455420076847076,0.010733384639024734,0.004823750350624323,0.014405294321477413,0.002891280921176076,5.567391053773463e-05,1,0,0,9.417095184326172,correct_negative
1164_0.79_1.96.png,1,0,0.03833243250846863,0.03833243250846863,0.8901562094688416,0.12108178436756134,0.9514468312263489,0.002891280921176076,0.013662288896739483,1,0,0,3.2471923828125,correct_negative
1171_0.64_1.87.png,1,0,0.0016727749025449157,0.0016727749025449157,0.4899560511112213,0.7816216945648193,0.998136043548584,0.002891280921176076,0.00026432477170601487,1,0,0,5.8795928955078125,false_positive
1178_0.68_0.85.png,1,0,0.012597677297890186,0.012597677297890186,0.333487868309021,0.753601610660553,0.48644569516181946,0.002891280921176076,2.0462230168050155e-05,0,0,0,8.407611846923828,false_positive
1184_0.56_0.9.png,1,1,0.9123613834381104,0.9123613834381104,0.041705284267663956,0.144935742020607,0.8213126063346863,0.002891280921176076,0.901521623134613,0,1,1,-0.24071502685546875,false_negative
1189_0.64_0.88.png,1,0,0.373217910528183,0.373217910528183,0.11170648038387299,0.29456520080566406,0.7181181907653809,0.002891280921176076,0.01019465271383524,0,0,0,4.163524627685547,correct_negative
1193_0.97_1.06.png,1,0,0.9753578305244446,0.9753578305244446,0.6165661811828613,0.5313661098480225,0.953005313873291,0.002891280921176076,0.9629061222076416,0,0,0,0.05690765380859375,false_positive
1202_0.79_1.51.png,1,0,0.008814999833703041,0.008814999833703041,0.2110566794872284,0.3504163920879364,0.9991698265075684,0.002891280921176076,0.0011586324544623494,0,0,0,4.595329284667969,correct_negative
1207_0.7_1.43.png,1,0,0.3120845854282379,0.3120845854282379,0.44582048058509827,0.2828524708747864,0.4158335328102112,0.002891280921176076,0.04142297804355621,0,0,0,2.1080703735351562,correct_negative
1215_0.9_0.73.png,1,0,0.37552687525749207,0.37552687525749207,0.6010973453521729,0.5526700615882874,0.6288036704063416,0.002891280921176076,0.03698956221342087,0,0,0,1.5996551513671875,false_positive
1220_0.82_1.9.png,1,0,0.009459919296205044,0.009459919296205044,0.0012196085881441832,0.0002985618484672159,0.01556154154241085,0.002891280921176076,0.00014353387814480811,1,0,0,4.12507438659668,correct_negative
1226_0.82_0.78.png,1,0,0.0015357505762949586,0.0015357505762949586,0.1949382722377777,0.3295992314815521,0.891120970249176,0.002891280921176076,0.0007710845093242824,0,0,0,5.145145416259766,correct_negative
1232_0.77_0.99.png,1,0,0.002364647574722767,0.002364647574722767,0.4108976721763611,0.5572365522384644,0.5549948811531067,0.002891280921176076,0.002375423675402999,1,0,0,5.956459045410156,false_positive
1241_0.63_0.93.png,1,0,0.0846577063202858,0.0846577063202858,0.5318070650100708,0.7133269906044006,0.879048228263855,0.002891280921176076,0.0075880675576627254,0,0,0,2.6648597717285156,false_positive
1248_0.97_1.88.png,1,1,1.0,1.0,0.02094283327460289,0.11255211383104324,0.9061219692230225,0.002891280921176076,0.16260533034801483,1,0,0,-3.6177444458007812,false_negative
1254_0.97_1.31.png,1,0,0.008340004831552505,0.008340004831552505,0.01580655574798584,0.05450700968503952,0.7426064610481262,0.002891280921176076,0.0015323581174015999,0,0,0,3.9373931884765625,correct_negative
125_0.77_0.94.png,1,0,0.07164031267166138,0.07164031267166138,0.2459290325641632,0.5923349857330322,0.9446776509284973,0.002891280921176076,1.9769881873799022e-06,1,0,0,10.639778137207031,false_positive
1269_0.51_1.67.png,1,0,0.014247355982661247,0.014247355982661247,0.00024658808251842856,0.011765999719500542,0.9913687109947205,0.002891280921176076,0.002462452743202448,1,0,0,3.903614044189453,correct_negative
1274_0.59_0.67.png,1,0,0.0045868391171097755,0.0045868391171097755,0.2646264433860779,0.48759862780570984,0.5920722484588623,0.002891280921176076,0.0002208391233580187,1,0,0,7.856578826904297,correct_negative
1280_0.67_0.76.png,1,0,0.4752318859100342,0.4752318859100342,0.3354514241218567,0.5764755606651306,0.9740068912506104,0.002891280921176076,0.3562898635864258,0,1,1,0.5066299438476562,false_positive
1288_0.95_1.97.png,1,0,0.013386840000748634,0.013386840000748634,0.36459216475486755,0.07419200241565704,0.9516809582710266,0.002891280921176076,0.002261945977807045,1,0,0,0.37044525146484375,correct_negative
1294_0.51_1.96.png,1,0,0.07601455599069595,0.07601455599069595,0.012316287495195866,0.7762036323547363,0.8302811980247498,0.002891280921176076,0.015218991786241531,1,0,0,2.2477340698242188,false_positive
1302_0.53_1.14.png,1,0,0.0755465179681778,0.0755465179681778,0.01815422996878624,0.2966119647026062,0.8929151892662048,0.002891280921176076,0.004366208799183369,1,0,0,3.406566619873047,correct_negative
1308_0.84_1.04.png,1,0,9.904188482323661e-05,9.904188482323661e-05,0.021647196263074875,0.10845064371824265,0.7052022814750671,0.002891280921176076,0.0496780127286911,1,0,0,2.742694854736328,correct_negative
1314_0.66_0.77.png,1,0,0.07820970565080643,0.07820970565080643,0.20783106982707977,0.3126232326030731,0.699731707572937,0.002891280921176076,0.010384280234575272,0,0,0,1.519073486328125,correct_negative
131_0.69_1.1.png,1,0,0.020293088629841805,0.020293088629841805,0.004448411054909229,0.1109081506729126,0.028005477041006088,0.002891280921176076,0.010193281807005405,0,0,0,2.1367568969726562,correct_negative
1325_0.61_1.53.png,1,0,0.05890705808997154,0.05890705808997154,0.11587901413440704,0.04415144398808479,0.914848268032074,0.002891280921176076,0.08362188935279846,0,0,0,0.71673583984375,correct_negative
132_0.77_1.07.png,1,0,0.0072329966351389885,0.0072329966351389885,0.0012724626576527953,0.06994925439357758,0.002518382156267762,0.002891280921176076,0.003799040336161852,0,0,0,3.0547637939453125,correct_negative
1338_0.83_1.25.png,1,0,0.0021781278774142265,0.0021781278774142265,0.0299457348883152,0.06904774904251099,0.9098677039146423,0.002891280921176076,0.0011750634294003248,0,0,0,5.190219879150391,correct_negative
1342_0.9_1.88.png,1,0,0.021896876394748688,0.021896876394748688,0.0004649692273233086,0.1235748678445816,0.9696584343910217,0.002891280921176076,3.272535025189427e-07,1,0,0,10.07829475402832,correct_negative
1348_0.85_0.74.png,1,0,0.00039454104262404144,0.00039454104262404144,0.011183144524693489,0.051018886268138885,0.026487363502383232,0.002891280921176076,0.0014637538697570562,1,0,0,6.956684112548828,correct_negative
1354_0.79_1.67.png,1,0,0.004018300212919712,0.004018300212919712,0.08353357762098312,0.3546934425830841,0.9994283318519592,0.002891280921176076,0.003774274606257677,1,0,0,3.630603790283203,correct_negative
135_0.95_0.78.png,1,0,0.021864362061023712,0.021864362061023712,0.3458346724510193,0.429758757352829,0.9123751521110535,0.002891280921176076,0.014126437716186047,1,0,0,1.3451309204101562,correct_negative
1365_0.6_1.68.png,1,0,0.0012529744999483228,0.0012529744999483228,0.055570341646671295,0.28213754296302795,0.8651557564735413,0.002891280921176076,0.0008244228083640337,1,0,0,7.4308624267578125,correct_negative
1371_0.85_0.62.png,1,0,0.3553527593612671,0.3553527593612671,0.6398541331291199,0.5449437499046326,0.5293834805488586,0.002891280921176076,0.20743989944458008,0,1,1,1.43304443359375,false_positive
1378_0.56_1.67.png,1,0,0.011449184268712997,0.011449184268712997,0.04261009767651558,0.12613384425640106,0.8814113736152649,0.002891280921176076,8.049410826060921e-05,1,0,0,6.853290557861328,correct_negative
1383_0.75_0.81.png,1,0,0.31023645401000977,0.31023645401000977,0.7378742098808289,0.5405138731002808,0.8747119307518005,0.002891280921176076,0.08383485674858093,0,0,0,3.5584564208984375,false_positive
1389_0.95_1.29.png,1,0,0.0014395363396033645,0.0014395363396033645,0.048531074076890945,0.11298207193613052,0.5303477644920349,0.002891280921176076,0.004164120182394981,1,0,0,5.2676544189453125,correct_negative
1395_0.71_1.8.png,1,0,0.009447622112929821,0.009447622112929821,0.5485124588012695,0.42749273777008057,0.9872638583183289,0.002891280921176076,0.0016380270244553685,1,0,0,3.7505264282226562,correct_negative
1401_0.77_1.54.png,1,0,0.0005780752399004996,0.0005780752399004996,0.13057251274585724,0.4600346088409424,0.9380958676338196,0.002891280921176076,0.0008399651851505041,1,0,0,5.53125,correct_negative
1408_0.96_0.53.png,1,0,0.8860329389572144,0.8860329389572144,0.6510062217712402,0.36567461490631104,0.5660731196403503,0.002891280921176076,0.6220229268074036,0,1,1,0.41661834716796875,correct_negative
1415_0.67_1.4.png,1,0,0.542058527469635,0.542058527469635,0.10078772902488708,0.020600026473402977,0.890422523021698,0.002891280921176076,0.24717719852924347,0,0,0,0.5741996765136719,correct_negative
1421_0.9_1.14.png,1,0,0.010597708635032177,0.010597708635032177,0.09338732063770294,0.2959737777709961,0.5248953700065613,0.002891280921176076,0.00029148426256142557,1,0,0,4.909412384033203,correct_negative
1426_0.74_1.06.png,1,0,0.0076237390749156475,0.0076237390749156475,0.4662010967731476,0.2751713693141937,0.9670746922492981,0.002891280921176076,0.02683880180120468,1,0,0,3.2456512451171875,correct_negative
1434_0.83_1.44.png,1,0,0.6700431108474731,0.6700431108474731,0.15785090625286102,0.4356195032596588,0.9960253238677979,0.002891280921176076,0.21794673800468445,0,0,0,0.5953788757324219,correct_negative
143_0.84_1.61.png,1,0,0.0008446029387414455,0.0008446029387414455,0.00019156186317559332,0.011782911606132984,0.2361076921224594,0.002891280921176076,0.001644271076656878,1,0,0,5.496555328369141,correct_negative
1445_0.65_0.82.png,1,0,0.0088106794282794,0.0088106794282794,0.2176138013601303,0.32291343808174133,0.13681654632091522,0.002891280921176076,0.00037054799031466246,1,0,0,6.426353454589844,correct_negative
144_0.68_1.71.png,1,0,0.0013810626696795225,0.0013810626696795225,0.0037386086769402027,0.24182875454425812,0.9525423645973206,0.002891280921176076,0.0034765880554914474,1,0,0,5.9047698974609375,correct_negative
1454_0.62_1.48.png,1,0,8.967805479187518e-05,8.967805479187518e-05,0.006861580535769463,0.02152235619723797,0.8927791118621826,0.002891280921176076,0.00029254218679852784,1,0,0,7.014717102050781,correct_negative
145_0.5_1.08.png,1,1,0.5375916957855225,0.5375916957855225,0.6559798717498779,0.6939292550086975,0.9109315872192383,0.002891280921176076,0.9048939943313599,0,0,0,-0.21679306030273438,correct_positive
1468_0.81_0.54.png,1,0,0.4319579601287842,0.4319579601287842,0.5422922372817993,0.39188992977142334,0.6967827677726746,0.002891280921176076,0.37222832441329956,0,0,0,0.2556190490722656,correct_negative
1472_0.95_0.58.png,1,0,0.09014442563056946,0.09014442563056946,0.5811824202537537,0.2914779484272003,0.23843102157115936,0.002891280921176076,0.10556578636169434,0,0,0,1.1477546691894531,correct_negative
1478_0.69_1.36.png,1,0,0.00017261698667425662,0.00017261698667425662,0.18711914122104645,0.4536864459514618,0.9265738725662231,0.002891280921176076,0.0006043846951797605,1,0,0,5.455768585205078,correct_negative
1484_0.75_0.81.png,1,0,0.0019590139854699373,0.0019590139854699373,0.3297540843486786,0.06106053665280342,0.7387717366218567,0.002891280921176076,0.0006358962855301797,0,0,0,4.782321929931641,correct_negative
1489_0.87_0.97.png,1,0,0.02468269318342209,0.02468269318342209,0.11214683204889297,0.24435052275657654,0.9950390458106995,0.002891280921176076,0.004514273256063461,0,0,0,2.4652023315429688,correct_negative
1495_0.94_1.22.png,1,0,0.051528047770261765,0.051528047770261765,0.02974630706012249,0.04095348343253136,0.10655567049980164,0.002891280921176076,0.0003268957370892167,1,0,0,3.1468734741210938,correct_negative
149_0.51_1.05.png,1,0,0.026361960917711258,0.026361960917711258,0.12060391157865524,0.15940845012664795,0.8720380067825317,0.002891280921176076,0.0038013779558241367,0,0,0,2.262744903564453,correct_negative
1506_0.92_1.66.png,1,0,0.16234062612056732,0.16234062612056732,0.41733983159065247,0.2745634913444519,0.0154044758528471,0.002891280921176076,0.15262088179588318,0,0,0,1.0859909057617188,correct_negative
1510_0.72_1.09.png,1,0,0.053014934062957764,0.053014934062957764,0.39253881573677063,0.2509039044380188,0.38046640157699585,0.002891280921176076,0.008348373696208,0,0,0,2.649089813232422,correct_negative
1515_0.64_1.3.png,1,0,0.11550688743591309,0.11550688743591309,0.4418118894100189,0.2598816454410553,0.9741868376731873,0.002891280921176076,0.06141725182533264,0,0,0,0.7022209167480469,correct_negative
151_0.85_1.89.png,1,0,0.1694348156452179,0.1694348156452179,0.353739857673645,0.16749784350395203,0.9761431217193604,0.002891280921176076,0.010614360682666302,0,0,0,1.3407859802246094,correct_negative
1524_0.62_0.63.png,1,0,0.04013550654053688,0.04013550654053688,0.47146961092948914,0.5704388618469238,0.0421435721218586,0.002891280921176076,0.0030905823223292828,0,0,0,3.3540382385253906,false_positive
152_0.8_1.99.png,1,0,0.11278671771287918,0.11278671771287918,0.10918399691581726,0.6908202767372131,0.9936338663101196,0.002891280921176076,0.013218020088970661,1,0,0,3.0427474975585938,false_positive
1535_0.82_0.52.png,1,0,0.9419913291931152,0.9419913291931152,0.5560407638549805,0.4158167839050293,0.5142638683319092,0.002891280921176076,0.8195861577987671,0,1,1,0.00792694091796875,correct_negative
1540_0.88_1.25.png,1,0,0.3846285045146942,0.3846285045146942,0.02018500491976738,0.034446705132722855,0.06073776260018349,0.002891280921176076,0.16289810836315155,1,0,0,1.1258392333984375,correct_negative
1545_0.84_1.34.png,1,0,0.0672631561756134,0.0672631561756134,0.32951754331588745,0.4759949743747711,0.6679463982582092,0.002891280921176076,0.061310164630413055,0,0,0,0.41497039794921875,correct_negative
1551_0.97_1.18.png,1,0,0.298198401927948,0.298198401927948,0.5073683857917786,0.9067558646202087,0.7388542294502258,0.002891280921176076,0.3175746500492096,0,0,0,0.20671463012695312,false_positive
1556_0.51_0.85.png,1,0,0.551164448261261,0.551164448261261,0.6262714266777039,0.6165014505386353,0.6476029753684998,0.002891280921176076,0.529481828212738,0,1,1,0.2889251708984375,false_positive
1561_0.57_1.08.png,1,0,0.5732823610305786,0.5732823610305786,0.08181829750537872,0.34802454710006714,0.7385671734809875,0.002891280921176076,0.45537394285202026,0,0,0,1.055450439453125,correct_negative
1566_0.94_1.98.png,1,0,0.08498488366603851,0.08498488366603851,0.01508430577814579,0.13777296245098114,0.09193379431962967,0.002891280921176076,0.021042998880147934,0,0,0,1.6090927124023438,correct_negative
1572_0.9_1.45.png,1,0,0.035062193870544434,0.035062193870544434,0.24710579216480255,0.24381320178508759,0.728648841381073,0.002891280921176076,0.005707395263016224,0,0,0,2.6393661499023438,correct_negative
1578_0.57_1.99.png,1,0,0.9554486870765686,0.9554486870765686,0.24637848138809204,0.9969949722290039,0.999998927116394,0.002891280921176076,0.9784474968910217,0,0,0,0.19012832641601562,false_positive
1584_0.88_1.75.png,1,0,0.1093403771519661,0.1093403771519661,0.09893123060464859,0.058784641325473785,0.8324556946754456,0.002891280921176076,0.0008459229720756412,1,0,0,4.037322998046875,correct_negative
1591_0.87_0.52.png,1,0,0.14260587096214294,0.14260587096214294,0.17240019142627716,0.3887958526611328,0.08699148148298264,0.002891280921176076,0.016848018392920494,0,0,0,2.4218521118164062,correct_negative
1597_0.69_1.45.png,1,0,0.005860660690814257,0.005860660690814257,0.05939712002873421,0.2777310907840729,0.16717585921287537,0.002891280921176076,0.0013791174860671163,0,0,0,5.271274566650391,correct_negative
1601_0.99_0.52.png,1,0,0.28227102756500244,0.28227102756500244,0.522090494632721,0.6498950719833374,0.4947005808353424,0.002891280921176076,0.0553881898522377,0,1,1,0.6750564575195312,false_positive
1606_0.91_0.96.png,1,0,0.2956656813621521,0.2956656813621521,0.6138885021209717,0.5046495199203491,0.6654303669929504,0.002891280921176076,0.10959300398826599,0,0,0,0.44989776611328125,false_positive
1610_0.91_0.53.png,1,1,0.9655309319496155,0.9655309319496155,0.3540017902851105,0.38541197776794434,0.10393857210874557,0.002891280921176076,0.9559611678123474,0,1,1,-0.17563629150390625,false_negative
1617_0.56_1.97.png,1,0,0.5788171887397766,0.5788171887397766,0.8612973093986511,0.09364446997642517,0.7106016278266907,0.002891280921176076,0.6959711909294128,0,0,0,0.6328926086425781,correct_negative
1623_0.78_1.81.png,1,0,0.10516944527626038,0.10516944527626038,0.13979917764663696,0.18553082644939423,0.05152397230267525,0.002891280921176076,0.016436893492937088,0,0,0,1.7001075744628906,correct_negative
1628_0.8_1.49.png,1,1,0.9160019159317017,0.9160019159317017,0.8702293634414673,0.2969669699668884,0.2415158897638321,0.002891280921176076,0.9592530131340027,0,1,1,-0.6460113525390625,false_negative
1633_0.73_1.49.png,1,0,0.012467189691960812,0.012467189691960812,0.18071675300598145,0.5056254267692566,0.8759490847587585,0.002891280921176076,0.001784412539564073,0,0,0,3.88385009765625,false_positive
1638_0.83_1.06.png,1,0,0.24360854923725128,0.24360854923725128,0.20623478293418884,0.44868203997612,0.21808531880378723,0.002891280921176076,0.24894458055496216,0,1,1,0.23630523681640625,correct_negative
1644_0.53_1.52.png,1,1,0.998478353023529,0.998478353023529,0.9633229970932007,0.4347832500934601,0.9697557091712952,0.002891280921176076,0.9773464798927307,0,1,1,-0.8471298217773438,false_negative
1649_0.8_0.86.png,1,0,0.24447274208068848,0.24447274208068848,0.2840678095817566,0.8240067362785339,0.6276888251304626,0.002891280921176076,0.005666255950927734,0,1,1,1.9446220397949219,false_positive
1654_0.66_1.9.png,1,0,0.20966693758964539,0.20966693758964539,0.725463330745697,0.2060558944940567,0.15325886011123657,0.002891280921176076,0.3127639889717102,0,1,1,0.8203315734863281,correct_negative
1659_0.8_1.01.png,1,0,0.03151405230164528,0.03151405230164528,0.3659825921058655,0.4591790437698364,0.43943727016448975,0.002891280921176076,0.01168931182473898,0,1,1,1.7890396118164062,correct_negative
1665_0.57_1.62.png,1,0,0.9326296448707581,0.9326296448707581,0.017653821036219597,0.4089706540107727,0.13801661133766174,0.002891280921176076,0.6619746685028076,0,0,0,1.941131591796875,correct_negative
166_0.58_1.66.png,1,1,0.6713442802429199,0.6713442802429199,0.4617939889431,0.3447888493537903,0.9248554110527039,0.002891280921176076,0.8491374254226685,0,0,0,-0.5770263671875,false_negative
1676_0.81_1.89.png,1,1,0.8808032274246216,0.8808032274246216,0.9525585770606995,0.9866719841957092,0.9999861717224121,0.002891280921176076,0.9297192692756653,0,0,0,-0.140655517578125,correct_positive
1680_0.79_1.69.png,1,0,0.11555273085832596,0.11555273085832596,0.32314297556877136,0.8258993625640869,0.994215190410614,0.002891280921176076,0.01429290696978569,0,0,0,1.9512557983398438,false_positive
1688_0.94_1.37.png,1,0,0.21170420944690704,0.21170420944690704,0.47880685329437256,0.4520242512226105,0.9993348717689514,0.002891280921176076,0.017292987555265427,1,0,0,2.0702247619628906,correct_negative
1692_0.67_1.76.png,1,0,0.13175082206726074,0.13175082206726074,0.8571733832359314,0.9217029213905334,0.998557984828949,0.002891280921176076,0.003165571251884103,0,0,0,3.8539352416992188,false_positive
1697_0.87_1.23.png,1,0,0.048553649336099625,0.048553649336099625,0.16073665022850037,0.4718875288963318,0.5499863624572754,0.002891280921176076,0.048933494836091995,0,0,0,1.0374794006347656,correct_negative
1700_0.89_1.15.png,1,0,0.03475520759820938,0.03475520759820938,0.350736528635025,0.4173068404197693,0.5034322142601013,0.002891280921176076,0.05168860778212547,0,0,0,1.1064033508300781,correct_negative
1707_0.88_1.61.png,1,0,0.20445290207862854,0.20445290207862854,0.5546887516975403,0.20400215685367584,0.1209757849574089,0.002891280921176076,0.019562240689992905,0,0,0,1.5502510070800781,correct_negative
1712_0.9_0.74.png,1,0,0.9083056449890137,0.9083056449890137,0.33025187253952026,0.893847644329071,0.8880535364151001,0.002891280921176076,0.8528833389282227,0,0,0,0.12283706665039062,false_positive
171_0.59_1.19.png,1,0,0.014233427122235298,0.014233427122235298,0.03307405114173889,0.3069896996021271,0.9654901623725891,0.002891280921176076,0.012972609139978886,1,0,0,2.06787109375,correct_negative
1725_0.91_0.81.png,1,0,0.7696163654327393,0.7696163654327393,0.7179844975471497,0.6260703802108765,0.9010120034217834,0.002891280921176076,0.8613563179969788,0,0,0,-0.01964569091796875,false_positive
1731_0.84_1.3.png,1,0,0.35290616750717163,0.35290616750717163,0.8730777502059937,0.7440022826194763,0.615470826625824,0.002891280921176076,0.23009665310382843,0,0,0,0.5669975280761719,false_positive
1736_0.81_1.35.png,1,0,0.058514416217803955,0.058514416217803955,0.5617672801017761,0.4376832842826843,0.9198822975158691,0.002891280921176076,0.01138304639607668,0,0,0,1.7175483703613281,correct_negative
1743_0.62_1.02.png,1,0,0.9853825569152832,0.9853825569152832,0.8582690954208374,0.7701429724693298,0.4850918650627136,0.002891280921176076,0.9106595516204834,0,1,1,-0.00963592529296875,false_positive
174_0.89_1.7.png,1,0,0.005052686203271151,0.005052686203271151,0.37984445691108704,0.12840859591960907,0.9616926908493042,0.002891280921176076,0.002994670532643795,1,0,0,3.496105194091797,correct_negative
1756_0.77_1.19.png,1,0,0.0813552513718605,0.0813552513718605,0.4303714632987976,0.36034029722213745,0.9118643999099731,0.002891280921176076,0.06027674674987793,0,0,0,0.90301513671875,correct_negative
1760_0.76_0.82.png,1,0,0.5140963196754456,0.5140963196754456,0.21912062168121338,0.3408649265766144,0.40272530913352966,0.002891280921176076,0.24505193531513214,0,1,1,0.6011772155761719,correct_negative
1765_0.51_1.47.png,1,1,0.37043118476867676,0.37043118476867676,0.42033326625823975,0.3866381049156189,0.32653817534446716,0.002891280921176076,0.8531818985939026,0,0,0,-0.3122138977050781,false_negative
176_0.74_1.73.png,1,0,0.01334933191537857,0.01334933191537857,0.05094226077198982,0.2364935576915741,0.9995920062065125,0.002891280921176076,0.00858339574187994,1,0,0,3.163806915283203,correct_negative
1775_0.91_1.06.png,1,0,0.25640377402305603,0.25640377402305603,0.6554906964302063,0.5052517652511597,0.7309297323226929,0.002891280921176076,0.027261046692728996,0,0,0,2.0131187438964844,false_positive
1780_0.81_0.83.png,1,1,0.5357668995857239,0.5357668995857239,0.4069589078426361,0.540120005607605,0.7490003705024719,0.002891280921176076,0.729030191898346,0,1,1,-0.9922904968261719,correct_positive
1785_0.51_1.95.png,1,0,0.7475063800811768,0.7475063800811768,0.44297635555267334,0.5342559814453125,0.19277019798755646,0.002891280921176076,0.4060370922088623,0,1,1,0.937652587890625,false_positive
178_0.59_1.89.png,1,0,0.08272335678339005,0.08272335678339005,0.03572233021259308,0.043505098670721054,0.9971016049385071,0.002891280921176076,0.014292328618466854,1,0,0,1.9599800109863281,correct_negative
1794_0.54_1.25.png,1,1,0.5934101939201355,0.5934101939201355,0.6334056854248047,0.6117247939109802,0.12022698670625687,0.002891280921176076,0.8399524092674255,0,0,0,-0.4071159362792969,correct_positive
1799_0.93_0.72.png,1,1,0.8244120478630066,0.8244120478630066,0.14435908198356628,0.5427372455596924,0.31376031041145325,0.002891280921176076,0.7953096628189087,0,1,1,-0.352752685546875,correct_positive
1805_0.66_1.14.png,1,0,0.28366655111312866,0.28366655111312866,0.755406379699707,0.3851301670074463,0.33732497692108154,0.002891280921176076,0.028007537126541138,0,1,1,0.8744583129882812,correct_negative
180_0.86_1.22.png,1,0,0.3102788031101227,0.3102788031101227,0.03518100455403328,0.20227684080600739,0.9672105312347412,0.002891280921176076,0.10064125806093216,0,0,0,0.3465461730957031,correct_negative
1815_0.55_0.96.png,1,0,0.04585614800453186,0.04585614800453186,0.6035618782043457,0.8542405366897583,0.46643906831741333,0.002891280921176076,0.004469067323952913,0,1,1,3.4863662719726562,false_positive
181_0.99_0.56.png,1,1,0.8582656979560852,0.8582656979560852,0.5550886392593384,0.7205361723899841,0.6860647201538086,0.002891280921176076,0.34718450903892517,0,1,1,-0.07402801513671875,correct_positive
1825_0.88_0.56.png,1,0,0.23588509857654572,0.23588509857654572,0.2812897264957428,0.3983398675918579,0.4791308641433716,0.002891280921176076,0.004901910666376352,0,1,1,2.6254234313964844,correct_negative
182_0.69_0.53.png,1,1,0.9838426113128662,0.9838426113128662,0.5943930745124817,0.7340242266654968,0.6985538005828857,0.002891280921176076,0.9586380124092102,0,1,1,-0.98760986328125,correct_positive
1834_0.54_1.06.png,1,0,0.11501629650592804,0.11501629650592804,0.5067615509033203,0.718381941318512,0.2369128167629242,0.002891280921176076,0.0390285961329937,0,1,1,1.1102714538574219,false_positive
183_0.77_0.99.png,1,0,0.14177322387695312,0.14177322387695312,0.1327127069234848,0.3145151436328888,0.9232462644577026,0.002891280921176076,0.03802907094359398,0,0,0,1.7595100402832031,correct_negative
1845_0.7_1.35.png,1,0,0.22624531388282776,0.22624531388282776,0.1675008088350296,0.2667631506919861,0.8320865631103516,0.002891280921176076,0.0875537097454071,0,0,0,1.2153701782226562,correct_negative
1850_0.69_0.59.png,1,0,0.5593708753585815,0.5593708753585815,0.573053777217865,0.8627426624298096,0.9764695763587952,0.002891280921176076,0.04022186994552612,0,1,1,1.4138069152832031,false_positive
1856_0.82_1.13.png,1,0,0.2516961097717285,0.2516961097717285,0.3483617603778839,0.6051954627037048,0.18993660807609558,0.002891280921176076,0.17144210636615753,0,1,1,0.06525802612304688,false_positive
1861_0.85_0.51.png,1,1,0.992828905582428,0.992828905582428,0.5864894390106201,0.5407847762107849,0.9187169671058655,0.002891280921176076,0.9667797684669495,0,1,1,-0.7037467956542969,correct_positive
1867_0.67_1.54.png,1,0,0.0984175056219101,0.0984175056219101,0.26337191462516785,0.3419772982597351,0.9391971826553345,0.002891280921176076,0.0660579577088356,1,0,0,2.496612548828125,correct_negative
1872_0.94_1.17.png,1,0,0.13324123620986938,0.13324123620986938,0.2517833709716797,0.4441802203655243,0.7641269564628601,0.002891280921176076,0.008570132777094841,0,0,0,2.665050506591797,correct_negative
1877_0.68_1.05.png,1,0,0.10315356403589249,0.10315356403589249,0.06376902014017105,0.5659673810005188,0.45124971866607666,0.002891280921176076,0.014953378587961197,0,1,1,3.0828208923339844,false_positive
1881_0.99_1.74.png,1,0,0.420513391494751,0.420513391494751,0.21503587067127228,0.6015657186508179,0.46596574783325195,0.002891280921176076,0.15337592363357544,0,0,0,1.5290184020996094,false_positive
1886_0.89_1.66.png,1,0,0.6016103625297546,0.6016103625297546,0.5300277471542358,0.6987670660018921,0.2458295226097107,0.002891280921176076,0.6432925462722778,0,0,0,-0.021587371826171875,false_positive
1891_0.57_1.79.png,1,0,0.053898885846138,0.053898885846138,0.16307373344898224,0.4953438341617584,0.08026202023029327,0.002891280921176076,0.03506380319595337,0,0,0,2.0219078063964844,correct_negative
1898_0.84_0.98.png,1,0,0.19688603281974792,0.19688603281974792,0.33552446961402893,0.3784719407558441,0.7762957215309143,0.002891280921176076,0.02115958370268345,0,1,1,2.220233917236328,correct_negative
1903_0.54_1.57.png,1,0,0.8500726819038391,0.8500726819038391,0.5812889933586121,0.8604333996772766,0.9802106022834778,0.002891280921176076,0.7275518178939819,0,1,1,0.06520843505859375,false_positive
1908_0.95_1.69.png,1,0,0.47723662853240967,0.47723662853240967,0.5711377859115601,0.48182040452957153,0.9902121424674988,0.002891280921176076,0.13640037178993225,0,0,0,0.6844139099121094,correct_negative
1912_1.0_0.84.png,1,0,0.10152637958526611,0.10152637958526611,0.14729386568069458,0.47161248326301575,0.4035530090332031,0.002891280921176076,0.00435277633368969,0,0,0,3.1139602661132812,correct_negative
1918_0.65_0.95.png,1,1,0.9737076163291931,0.9737076163291931,0.5132914781570435,0.42833760380744934,0.4452202320098877,0.002891280921176076,0.900640606880188,0,1,1,-0.69927978515625,false_negative
1924_0.98_1.93.png,1,0,0.07658722996711731,0.07658722996711731,0.01676078327000141,0.2974832355976105,0.9263558387756348,0.002891280921176076,0.0104063106700778,0,0,0,1.7781448364257812,correct_negative
192_0.61_1.48.png,1,0,0.07830259203910828,0.07830259203910828,0.07634154707193375,0.01583997905254364,0.9995989203453064,0.002891280921176076,0.0012178370961919427,0,0,0,2.0301589965820312,correct_negative
1935_0.69_0.62.png,1,0,0.052221838384866714,0.052221838384866714,0.5497046113014221,0.6662867069244385,0.4611690640449524,0.002891280921176076,0.009921110235154629,0,0,0,3.0013809204101562,false_positive
193_0.76_1.43.png,1,0,0.0013849680544808507,0.0013849680544808507,0.20076552033424377,0.14612892270088196,0.9929643869400024,0.002891280921176076,0.0005745397065766156,0,0,0,4.411396026611328,correct_negative
1945_0.63_1.7.png,1,0,0.3794354796409607,0.3794354796409607,0.8283635377883911,0.43466028571128845,0.9869601726531982,0.002891280921176076,0.21376310288906097,0,0,0,0.8675384521484375,correct_negative
1951_0.53_1.59.png,1,0,0.2842170298099518,0.2842170298099518,0.12854810059070587,0.44925960898399353,0.5693457126617432,0.002891280921176076,0.17094862461090088,1,0,0,0.32343292236328125,correct_negative
1957_0.81_1.41.png,1,0,0.013292261399328709,0.013292261399328709,0.5436069965362549,0.24229392409324646,0.9208507537841797,0.002891280921176076,0.004996856674551964,0,0,0,2.3772430419921875,correct_negative
1961_0.5_1.16.png,1,0,0.43896523118019104,0.43896523118019104,0.7001057863235474,0.401640385389328,0.9828769564628601,0.002891280921176076,0.3069756031036377,0,0,0,0.168365478515625,correct_negative
1967_0.84_0.81.png,1,0,0.7406384944915771,0.7406384944915771,0.504555344581604,0.673254668712616,0.6590595245361328,0.002891280921176076,0.4817558228969574,0,0,0,0.23220443725585938,false_positive
1972_0.6_0.84.png,1,1,0.8694754838943481,0.8694754838943481,0.5942343473434448,0.6249299049377441,0.7164402604103088,0.002891280921176076,0.9475458264350891,0,0,0,-0.8602638244628906,correct_positive
1978_0.82_1.0.png,1,0,0.16190603375434875,0.16190603375434875,0.5130482316017151,0.759117066860199,0.33498308062553406,0.002891280921176076,0.05372586473822594,0,0,0,1.3229637145996094,false_positive
1982_0.99_1.89.png,1,0,0.35705289244651794,0.35705289244651794,0.5277059674263,0.9089794754981995,0.9837750792503357,0.002891280921176076,0.22373905777931213,1,0,0,0.619293212890625,false_positive
1987_0.88_0.57.png,1,0,0.011419652961194515,0.011419652961194515,0.7368099093437195,0.6576827168464661,0.1521831899881363,0.002891280921176076,0.0024711040314286947,0,0,0,4.441078186035156,false_positive
1991_0.91_1.49.png,1,0,0.20792479813098907,0.20792479813098907,0.03535467013716698,0.1413719207048416,0.608799934387207,0.002891280921176076,0.02414732240140438,0,0,0,1.58770751953125,correct_negative
1997_0.71_1.74.png,1,0,0.206062451004982,0.206062451004982,0.0240708589553833,0.2110462635755539,0.6371082663536072,0.002891280921176076,0.045963749289512634,1,0,0,1.8458099365234375,correct_negative
2001_0.55_1.42.png,1,0,0.563723087310791,0.563723087310791,0.8964958786964417,0.5693776607513428,0.9834119081497192,0.002891280921176076,0.4696868062019348,0,1,1,0.7373504638671875,false_positive
2007_0.61_1.26.png,1,0,0.030309554189443588,0.030309554189443588,0.5244086384773254,0.3135519027709961,0.9503753781318665,0.002891280921176076,0.01696900464594364,0,0,0,2.0334243774414062,correct_negative
2011_0.66_1.68.png,1,0,0.17311620712280273,0.17311620712280273,0.020750097930431366,0.2667309641838074,0.8242542743682861,0.002891280921176076,0.26505640149116516,0,0,0,0.5553359985351562,correct_negative
2017_0.66_0.86.png,1,0,0.04492758959531784,0.04492758959531784,0.7328722476959229,0.7279706001281738,0.2565443515777588,0.002891280921176076,0.0343422070145607,0,1,1,1.7077255249023438,false_positive
2022_0.74_1.71.png,1,0,0.08440226316452026,0.08440226316452026,0.152295783162117,0.17598971724510193,0.3401670455932617,0.002891280921176076,0.027625730261206627,0,0,0,1.9039993286132812,correct_negative
2027_0.69_0.59.png,1,0,0.12196704000234604,0.12196704000234604,0.5466042160987854,0.2774813175201416,0.08337471634149551,0.002891280921176076,0.04191496968269348,0,0,0,0.8300437927246094,correct_negative
2032_0.88_0.71.png,1,0,0.21121980249881744,0.21121980249881744,0.3889455497264862,0.7353818416595459,0.8625041842460632,0.002891280921176076,0.01832222379744053,0,0,0,1.4438362121582031,false_positive
2039_0.78_1.92.png,1,0,0.13880692422389984,0.13880692422389984,0.42318621277809143,0.49087923765182495,0.797162652015686,0.002891280921176076,0.005694982595741749,0,0,0,2.5685462951660156,correct_negative
2046_0.76_1.87.png,1,0,0.5976699590682983,0.5976699590682983,0.3265994191169739,0.06354524195194244,0.8180118799209595,0.002891280921176076,0.34707382321357727,1,0,0,1.15863037109375,correct_negative
2051_0.92_0.92.png,1,1,0.837956964969635,0.837956964969635,0.38640207052230835,0.6735138297080994,0.989947497844696,0.002891280921176076,0.9657986164093018,0,0,0,-0.8135223388671875,correct_positive
2057_0.86_0.85.png,1,1,0.6621130108833313,0.6621130108833313,0.3998102843761444,0.4107246696949005,0.8696854710578918,0.002891280921176076,0.850079357624054,0,0,0,-0.718475341796875,false_negative
2061_0.79_1.72.png,1,0,0.017183730378746986,0.017183730378746986,0.09430211037397385,0.5571295619010925,0.9274662137031555,0.002891280921176076,0.007121792994439602,0,0,0,3.16009521484375,false_positive
2066_0.95_1.0.png,1,0,0.08823234587907791,0.08823234587907791,0.594016969203949,0.6511828303337097,0.5580636262893677,0.002891280921176076,0.012022718787193298,0,0,0,2.9639434814453125,false_positive
2071_0.63_1.21.png,1,1,0.48607689142227173,0.48607689142227173,0.14127248525619507,0.13133220374584198,0.9648199677467346,0.002891280921176076,0.6663491129875183,0,1,1,-0.12144851684570312,false_negative
2078_0.65_0.54.png,1,0,0.44603440165519714,0.44603440165519714,0.628209114074707,0.5053905248641968,0.16369682550430298,0.002891280921176076,0.05809915438294411,0,1,1,1.5717697143554688,false_positive
2084_0.73_1.89.png,1,0,0.04140333831310272,0.04140333831310272,0.825688898563385,0.5178086161613464,0.9975911378860474,0.002891280921176076,0.01627017743885517,1,0,0,2.1583480834960938,false_positive
2089_0.79_0.55.png,1,0,0.12323117256164551,0.12323117256164551,0.28388509154319763,0.27057215571403503,0.4254888594150543,0.002891280921176076,0.012686438858509064,0,1,1,1.873779296875,correct_negative
2093_0.79_1.1.png,1,0,0.1640080064535141,0.1640080064535141,0.6112566590309143,0.5139511823654175,0.9796969294548035,0.002891280921176076,0.054758843034505844,0,1,1,1.2993736267089844,false_positive
2098_0.96_1.95.png,1,0,0.25811418890953064,0.25811418890953064,0.41747790575027466,0.5734496116638184,0.9996122717857361,0.002891280921176076,0.06069432199001312,1,0,0,0.9026756286621094,false_positive
2103_0.77_1.32.png,1,0,0.14562402665615082,0.14562402665615082,0.058047231286764145,0.39211976528167725,0.9511780738830566,0.002891280921176076,0.13055524230003357,0,0,0,0.636322021484375,correct_negative
2108_0.55_1.9.png,1,0,0.2166338860988617,0.2166338860988617,0.8673274517059326,0.5650502443313599,0.9955642223358154,0.002891280921176076,0.09730853885412216,0,0,0,1.0452537536621094,false_positive
2113_0.55_1.43.png,1,1,0.8406842350959778,0.8406842350959778,0.9534739851951599,0.8802732825279236,0.9884322285652161,0.002891280921176076,0.8958677053451538,0,0,0,-0.4405784606933594,correct_positive
2118_0.86_1.55.png,1,0,0.024682583287358284,0.024682583287358284,0.40955492854118347,0.5870052576065063,0.9998421669006348,0.002891280921176076,0.007542489096522331,0,0,0,3.347087860107422,false_positive
2122_0.92_1.12.png,1,1,0.7431299090385437,0.7431299090385437,0.43491339683532715,0.4533688724040985,0.889130711555481,0.002891280921176076,0.6926077604293823,0,0,0,-0.13485336303710938,false_negative
2128_0.85_1.82.png,1,0,0.03396114706993103,0.03396114706993103,0.027835672721266747,0.24599890410900116,0.9872681498527527,0.002891280921176076,0.023833420127630234,1,0,0,2.9183006286621094,correct_negative
2134_0.89_0.61.png,1,0,0.39447343349456787,0.39447343349456787,0.7716736197471619,0.6061169505119324,0.8565751910209656,0.002891280921176076,0.34615465998649597,0,1,1,0.3575325012207031,false_positive
2139_0.66_1.61.png,1,0,0.023784423246979713,0.023784423246979713,0.5757401585578918,0.541801393032074,0.978853702545166,0.002891280921176076,0.004311157390475273,1,0,0,4.128078460693359,false_positive
2144_0.54_1.03.png,1,0,0.33136919140815735,0.33136919140815735,0.571470320224762,0.5110713243484497,0.9267380833625793,0.002891280921176076,0.07019691169261932,0,1,1,1.4315872192382812,false_positive
2149_0.58_1.39.png,1,0,0.2707310616970062,0.2707310616970062,0.17068785429000854,0.8253886699676514,0.8841338753700256,0.002891280921176076,0.4446384310722351,0,1,1,0.658416748046875,false_positive
2154_0.65_1.47.png,1,0,0.19336697459220886,0.19336697459220886,0.7546175718307495,0.45697131752967834,0.9707456231117249,0.002891280921176076,0.007308397442102432,0,0,0,2.008869171142578,correct_negative
215_0.58_0.63.png,1,1,0.9996517896652222,0.9996517896652222,0.5458641052246094,0.29071885347366333,0.9416564702987671,0.002891280921176076,0.9912033081054688,0,1,1,-3.2271194458007812,false_negative
2167_0.55_0.91.png,1,1,0.9940949082374573,0.9940949082374573,0.01710554212331772,0.8990861773490906,0.6267856955528259,0.002891280921176076,0.9929243326187134,0,0,0,-1.0619125366210938,correct_positive
2174_0.88_0.84.png,1,0,0.8141262531280518,0.8141262531280518,0.46142253279685974,0.7161663174629211,0.9901864528656006,0.002891280921176076,0.7593668103218079,0,1,1,-0.01760101318359375,false_positive
2179_0.63_0.92.png,1,0,0.7851240634918213,0.7851240634918213,0.31960389018058777,0.49883008003234863,0.901871383190155,0.002891280921176076,0.7323855757713318,0,0,0,0.8167953491210938,correct_negative
2183_0.71_1.28.png,1,0,0.46669435501098633,0.46669435501098633,0.2782718539237976,0.4819589853286743,0.9351617097854614,0.002891280921176076,0.2781907021999359,0,1,1,0.6134567260742188,correct_negative
2191_0.7_0.65.png,1,1,0.8345581293106079,0.8345581293106079,0.6449205279350281,0.5302120447158813,0.21111944317817688,0.002891280921176076,0.8828166723251343,0,1,1,-0.0966949462890625,correct_positive
2197_0.51_1.2.png,1,1,0.9940410256385803,0.9940410256385803,0.8652437329292297,0.7493476271629333,0.9829562902450562,0.002891280921176076,0.9882701635360718,0,1,1,-1.1889533996582031,correct_positive
2203_0.58_1.48.png,1,0,0.5276457071304321,0.5276457071304321,0.7774159908294678,0.6267656683921814,0.9202399253845215,0.002891280921176076,0.4389830529689789,0,0,0,0.7854461669921875,false_positive
2209_0.83_1.05.png,1,0,0.04177548363804817,0.04177548363804817,0.4471212923526764,0.286151647567749,0.6265102624893188,0.002891280921176076,0.01494491659104824,0,0,0,1.9064292907714844,correct_negative
2214_0.86_1.48.png,1,0,0.057201456278562546,0.057201456278562546,0.19014573097229004,0.18663959205150604,0.981942355632782,0.002891280921176076,0.007883752696216106,0,0,0,2.3079490661621094,correct_negative
2221_0.94_1.85.png,1,0,0.4503500461578369,0.4503500461578369,0.9773644804954529,0.6537443995475769,0.9853111505508423,0.002891280921176076,0.14156053960323334,0,0,0,1.5193328857421875,false_positive
2228_0.86_1.99.png,1,1,0.46200230717658997,0.46200230717658997,0.772421658039093,0.6156885623931885,0.9545107483863831,0.002891280921176076,0.776743471622467,0,1,1,-0.3228111267089844,correct_positive
2233_0.89_1.49.png,1,0,0.5698400139808655,0.5698400139808655,0.629357635974884,0.4381793141365051,0.9848067164421082,0.002891280921176076,0.6926121711730957,0,1,1,0.056461334228515625,correct_negative
2239_0.97_0.71.png,1,0,0.9010769128799438,0.9010769128799438,0.6510161757469177,0.40501534938812256,0.9279907941818237,0.002891280921176076,0.8192169070243835,0,1,1,-0.039295196533203125,correct_negative
2244_0.77_1.02.png,1,0,0.10645727068185806,0.10645727068185806,0.8299881219863892,0.6375483870506287,0.9569701552391052,0.002891280921176076,0.05152395740151405,0,1,1,0.7135200500488281,false_positive
2249_0.83_0.77.png,1,0,0.3666243255138397,0.3666243255138397,0.7434346079826355,0.6649030447006226,0.9910402894020081,0.002891280921176076,0.4364193379878998,0,1,1,-0.001659393310546875,false_positive
2253_0.9_0.97.png,1,0,0.6209992170333862,0.6209992170333862,0.6138320565223694,0.8317014575004578,0.6956964731216431,0.002891280921176076,0.3994311988353729,0,0,0,0.1287078857421875,false_positive
2259_0.79_0.9.png,1,1,0.9417150020599365,0.9417150020599365,0.5113218426704407,0.7201552391052246,0.9128124117851257,0.002891280921176076,0.9273684024810791,0,1,1,-0.4095916748046875,correct_positive
2263_0.68_0.81.png,1,1,0.8029384016990662,0.8029384016990662,0.3622228801250458,0.7282216548919678,0.8880939483642578,0.002891280921176076,0.7300524711608887,0,1,1,-0.25563812255859375,correct_positive
2269_0.52_1.13.png,1,0,0.3647330403327942,0.3647330403327942,0.6026992201805115,0.5878205895423889,0.42424070835113525,0.002891280921176076,0.06437462568283081,0,1,1,0.6530075073242188,false_positive
2273_0.9_1.94.png,1,1,0.8931180834770203,0.8931180834770203,0.13619168102741241,0.7413666248321533,0.9745400547981262,0.002891280921176076,0.9176446199417114,0,0,0,-0.7970809936523438,correct_positive
2278_0.76_0.76.png,1,1,0.4340935945510864,0.4340935945510864,0.7516195774078369,0.7638640999794006,0.7736467123031616,0.002891280921176076,0.23455467820167542,0,1,1,-0.10540008544921875,correct_positive
2282_0.93_1.05.png,1,0,0.33911046385765076,0.33911046385765076,0.30100005865097046,0.5345337390899658,0.5846246480941772,0.002891280921176076,0.11393557488918304,0,1,1,0.6726608276367188,false_positive
2287_0.52_0.93.png,1,0,0.4040680527687073,0.4040680527687073,0.7070329189300537,0.6768558621406555,0.8314391374588013,0.002891280921176076,0.06697216629981995,0,1,1,0.5998344421386719,false_positive
2293_0.61_1.53.png,1,0,0.790779709815979,0.790779709815979,0.1451762318611145,0.14273247122764587,0.9817781448364258,0.002891280921176076,0.6911974549293518,0,0,0,0.1408233642578125,correct_negative
2298_0.55_1.86.png,1,0,0.8994019627571106,0.8994019627571106,0.3637518584728241,0.8046785593032837,0.9957233667373657,0.002891280921176076,0.8259569406509399,0,0,0,0.7247581481933594,false_positive
2302_0.67_1.5.png,1,0,0.08186426758766174,0.08186426758766174,0.14678868651390076,0.5809504389762878,0.9754648804664612,0.002891280921176076,0.009083930402994156,0,0,0,2.0447463989257812,false_positive
2307_0.75_1.96.png,1,0,0.011765595525503159,0.011765595525503159,0.9284054040908813,0.3873811960220337,0.9975983500480652,0.002891280921176076,0.0002831041347235441,1,0,0,6.637256622314453,correct_negative
2315_0.84_1.1.png,1,0,0.29552266001701355,0.29552266001701355,0.0746997743844986,0.3838450014591217,0.9617052674293518,0.002891280921176076,0.12634284794330597,0,0,0,0.7092247009277344,correct_negative
231_0.77_0.73.png,1,0,0.8049945831298828,0.8049945831298828,0.11791153997182846,0.29154375195503235,0.85415118932724,0.002891280921176076,0.7231845259666443,0,0,0,0.9537811279296875,correct_negative
2326_0.78_0.7.png,1,1,0.5020183324813843,0.5020183324813843,0.7928766012191772,0.5532824993133545,0.06000136956572533,0.002891280921176076,0.789157509803772,0,1,1,-0.8649787902832031,correct_positive
2330_0.55_1.2.png,1,0,0.36873534321784973,0.36873534321784973,0.7733343243598938,0.43087124824523926,0.2844604551792145,0.002891280921176076,0.010005084797739983,0,0,0,3.154491424560547,correct_negative
2335_0.51_0.53.png,1,1,0.7983997464179993,0.7983997464179993,0.26899558305740356,0.3180125057697296,0.02779456041753292,0.002891280921176076,0.8518800735473633,0,1,1,-0.6798934936523438,false_negative
2341_0.86_0.68.png,1,0,0.2420521080493927,0.2420521080493927,0.21621277928352356,0.5093190670013428,0.09030545502901077,0.002891280921176076,0.15264908969402313,0,1,1,0.6330986022949219,false_positive
2348_0.52_0.95.png,1,0,0.08799593150615692,0.08799593150615692,0.8058800101280212,0.6813147664070129,0.612804651260376,0.002891280921176076,0.0541512556374073,0,1,1,1.4441413879394531,false_positive
2353_0.86_0.69.png,1,0,0.9212397933006287,0.9212397933006287,0.3237523138523102,0.528042733669281,0.17357538640499115,0.002891280921176076,0.44550585746765137,0,1,1,0.50042724609375,false_positive
2358_0.78_1.5.png,1,0,0.11150052398443222,0.11150052398443222,0.09138713032007217,0.2852703034877777,0.8792882561683655,0.002891280921176076,0.030830299481749535,0,1,1,1.2874412536621094,correct_negative
2362_0.97_0.59.png,1,0,0.856916606426239,0.856916606426239,0.8048921227455139,0.7869479656219482,0.5455312728881836,0.002891280921176076,0.8186608552932739,0,1,1,0.21846771240234375,false_positive
2367_0.8_1.63.png,1,0,0.023452112451195717,0.023452112451195717,0.21652871370315552,0.040561795234680176,0.5879337787628174,0.002891280921176076,0.010038645006716251,0,0,0,3.1058502197265625,correct_negative
2372_0.73_1.34.png,1,0,0.06539089977741241,0.06539089977741241,0.1263801008462906,0.24169480800628662,0.9882683157920837,0.002891280921176076,0.005317079834640026,0,0,0,3.6187286376953125,correct_negative
2378_0.52_1.23.png,1,0,0.7192822098731995,0.7192822098731995,0.7891855239868164,0.6733866930007935,0.18382778763771057,0.002891280921176076,0.5519271492958069,0,1,1,0.3403129577636719,false_positive
2385_0.74_1.17.png,1,0,0.3792753517627716,0.3792753517627716,0.48804396390914917,0.4922849237918854,0.1905348151922226,0.002891280921176076,0.0406925268471241,0,1,1,1.68035888671875,correct_negative
2390_0.99_0.99.png,1,0,0.1500444859266281,0.1500444859266281,0.7655348181724548,0.8706225156784058,0.524117112159729,0.002891280921176076,0.07182172685861588,0,1,1,1.5111808776855469,false_positive
2396_0.69_0.73.png,1,0,0.6430920362472534,0.6430920362472534,0.653228223323822,0.43432244658470154,0.2796691954135895,0.002891280921176076,0.1191425547003746,0,1,1,1.4838294982910156,correct_negative
2401_0.77_1.3.png,1,0,0.01191604882478714,0.01191604882478714,0.3267523944377899,0.5094894766807556,0.5505040884017944,0.002891280921176076,0.0005654332926496863,0,0,0,6.193611145019531,false_positive
2407_0.95_1.45.png,1,1,0.9342208504676819,0.9342208504676819,0.43782514333724976,0.8097147345542908,0.9038633108139038,0.002891280921176076,0.9809646010398865,0,0,0,-0.3123588562011719,correct_positive
2413_0.71_1.28.png,1,0,0.04057123139500618,0.04057123139500618,0.01944533921778202,0.17645524442195892,0.13822530210018158,0.002891280921176076,0.010863050818443298,0,0,0,2.8957672119140625,correct_negative
2418_0.73_1.2.png,1,0,0.17277497053146362,0.17277497053146362,0.721331000328064,0.45668691396713257,0.3534732162952423,0.002891280921176076,0.08456939458847046,0,0,0,0.9449501037597656,correct_negative
2424_0.59_2.0.png,1,0,0.07041909545660019,0.07041909545660019,0.30307692289352417,0.22750021517276764,0.9481192231178284,0.002891280921176076,0.005584165919572115,0,0,0,2.720783233642578,correct_negative
2430_0.56_1.8.png,1,1,0.9944158792495728,0.9944158792495728,0.6661890149116516,0.7956880927085876,0.5683283805847168,0.002891280921176076,0.9660181403160095,0,0,0,-0.08081817626953125,correct_positive
2437_0.64_0.7.png,1,0,0.34204843640327454,0.34204843640327454,0.4103117287158966,0.38470160961151123,0.7041186690330505,0.002891280921176076,0.017003726214170456,0,1,1,1.6453475952148438,correct_negative
2441_0.74_1.28.png,1,0,0.07451433688402176,0.07451433688402176,0.03782421723008156,0.1673470288515091,0.24499410390853882,0.002891280921176076,0.015306784771382809,0,0,0,3.0922813415527344,correct_negative
2446_0.73_1.52.png,1,0,0.10063270479440689,0.10063270479440689,0.7521677017211914,0.7457916736602783,0.8948342800140381,0.002891280921176076,0.01571141928434372,0,0,0,1.6199493408203125,false_positive
2451_0.74_1.66.png,1,0,0.7179461717605591,0.7179461717605591,0.7352752089500427,0.8488122820854187,0.9996345043182373,0.002891280921176076,0.8026213049888611,0,0,0,0.20323944091796875,false_positive
2456_0.72_0.6.png,1,0,0.7651203274726868,0.7651203274726868,0.6810856461524963,0.5542087554931641,0.5709724426269531,0.002891280921176076,0.3475387990474701,0,1,1,0.7367057800292969,false_positive
2460_0.51_1.58.png,1,0,0.11832436919212341,0.11832436919212341,0.7478366494178772,0.7293850183486938,0.9971705079078674,0.002891280921176076,0.057459406554698944,0,0,0,1.5775909423828125,false_positive
2465_0.88_1.38.png,1,0,0.32636815309524536,0.32636815309524536,0.2584199011325836,0.6603138446807861,0.9943262934684753,0.002891280921176076,0.26407355070114136,0,1,1,0.035488128662109375,false_positive
2470_0.7_1.38.png,1,0,0.2519654929637909,0.2519654929637909,0.2920834422111511,0.4302707314491272,0.605599045753479,0.002891280921176076,0.16954921185970306,0,1,1,0.23064422607421875,correct_negative
2475_0.92_1.34.png,1,0,0.30722275376319885,0.30722275376319885,0.8856079578399658,0.5592472553253174,0.5575338006019592,0.002891280921176076,0.01990300975739956,0,0,0,2.195049285888672,false_positive
247_0.55_1.81.png,1,1,0.8945408463478088,0.8945408463478088,0.6150609850883484,0.21024851500988007,0.606537938117981,0.002891280921176076,0.8972868919372559,1,0,0,-1.4037208557128906,false_negative
2484_0.94_1.7.png,1,0,0.4273233115673065,0.4273233115673065,0.31842172145843506,0.15355117619037628,0.9906148910522461,0.002891280921176076,0.32596978545188904,1,0,0,0.3985137939453125,correct_negative
248_0.73_0.56.png,1,1,0.6716089844703674,0.6716089844703674,0.37632453441619873,0.6889380216598511,0.2649283707141876,0.002891280921176076,0.801594078540802,0,0,0,-0.504547119140625,correct_positive
2495_0.61_0.72.png,1,0,0.05891416594386101,0.05891416594386101,0.710308849811554,0.45258018374443054,0.7549003958702087,0.002891280921176076,0.05516475811600685,0,1,1,2.6926345825195312,correct_negative
249_0.65_1.99.png,1,0,0.8525068163871765,0.8525068163871765,0.22491756081581116,0.1552426517009735,0.9871056079864502,0.002891280921176076,0.9130223393440247,0,0,0,0.054874420166015625,correct_negative
2503_1.0_0.68.png,1,0,0.46666502952575684,0.46666502952575684,0.11254684627056122,0.33052659034729004,0.044069334864616394,0.002891280921176076,0.06972462683916092,0,1,1,1.4851837158203125,correct_negative
2508_0.6_1.71.png,1,0,0.05515066161751747,0.05515066161751747,0.32512396574020386,0.34009411931037903,0.8242021799087524,0.002891280921176076,0.05131159722805023,0,0,0,1.7823143005371094,correct_negative
2513_0.77_1.03.png,1,0,0.1471683531999588,0.1471683531999588,0.4019760489463806,0.38890916109085083,0.03322756290435791,0.002891280921176076,0.026867123320698738,0,0,0,2.926837921142578,correct_negative
2518_0.67_1.1.png,1,0,0.1460903286933899,0.1460903286933899,0.4599331319332123,0.5630277395248413,0.9847927093505859,0.002891280921176076,0.03892417252063751,0,1,1,1.8408203125,false_positive
2522_0.78_1.79.png,1,0,0.10335895419120789,0.10335895419120789,0.030655624344944954,0.10647056251764297,0.9742404818534851,0.002891280921176076,0.046440791338682175,0,0,0,2.3556251525878906,correct_negative
2527_0.82_0.59.png,1,0,0.9598822593688965,0.9598822593688965,0.4642638862133026,0.6522054672241211,0.02433864027261734,0.002891280921176076,0.7317795753479004,0,0,0,0.7575187683105469,false_positive
2533_0.78_0.9.png,1,1,0.7105736136436462,0.7105736136436462,0.48506879806518555,0.8517621755599976,0.9817933440208435,0.002891280921176076,0.8427043557167053,0,1,1,-0.2955322265625,correct_positive
2539_0.87_1.96.png,1,0,0.5574981570243835,0.5574981570243835,0.12740623950958252,0.8121317028999329,0.999817430973053,0.002891280921176076,0.7114925384521484,0,0,0,0.3424224853515625,false_positive
2543_0.53_1.81.png,1,1,0.5991849303245544,0.5991849303245544,0.30329394340515137,0.4242345094680786,0.49231088161468506,0.002891280921176076,0.7446659207344055,0,1,1,-0.6316032409667969,false_negative
2548_0.9_0.6.png,1,0,0.02441239356994629,0.02441239356994629,0.7346376776695251,0.7547435760498047,0.22651010751724243,0.002891280921176076,0.002011809265241027,0,1,1,5.07977294921875,false_positive
2553_0.87_1.09.png,1,0,0.8488200902938843,0.8488200902938843,0.32480114698410034,0.09422612190246582,0.9890438318252563,0.002891280921176076,0.8107528686523438,0,1,1,0.21289825439453125,correct_negative
2558_0.52_1.06.png,1,1,0.8543179035186768,0.8543179035186768,0.930655837059021,0.6427527070045471,0.6548908948898315,0.002891280921176076,0.8674901723861694,0,1,1,-0.09737014770507812,correct_positive
2563_0.85_0.62.png,1,1,0.9726709723472595,0.9726709723472595,0.607204794883728,0.8522637486457825,0.9377570152282715,0.002891280921176076,0.9233852624893188,0,1,1,-0.7122268676757812,correct_positive
2569_0.51_1.46.png,1,0,0.2222166210412979,0.2222166210412979,0.7774581909179688,0.6388000249862671,0.7160278558731079,0.002891280921176076,0.08874780684709549,0,1,1,0.9703788757324219,false_positive
2573_0.84_1.04.png,1,0,0.1159280464053154,0.1159280464053154,0.26305878162384033,0.3600524961948395,0.9913425445556641,0.002891280921176076,0.010583778843283653,0,0,0,2.466388702392578,correct_negative
2578_0.79_1.18.png,1,0,0.027350416406989098,0.027350416406989098,0.2658050060272217,0.3224541246891022,0.6593401432037354,0.002891280921176076,0.03303179144859314,0,1,1,1.2528038024902344,correct_negative
2582_0.53_1.64.png,1,1,0.9807375073432922,0.9807375073432922,0.28199639916419983,0.4757381081581116,0.9436529874801636,0.002891280921176076,0.9894157648086548,0,1,1,-1.6012420654296875,false_negative
2587_0.67_1.68.png,1,0,0.09027823060750961,0.09027823060750961,0.43143153190612793,0.7999523878097534,0.673173189163208,0.002891280921176076,0.026363123208284378,0,1,1,1.5615768432617188,false_positive
2591_0.78_1.58.png,1,0,0.22260047495365143,0.22260047495365143,0.4904156029224396,0.23159730434417725,0.9628428816795349,0.002891280921176076,0.0718078762292862,0,0,0,1.1985702514648438,correct_negative
2596_0.54_1.72.png,1,0,0.3598078489303589,0.3598078489303589,0.5312485098838806,0.6818625926971436,0.9906383752822876,0.002891280921176076,0.2907692790031433,0,1,1,0.5492706298828125,false_positive
2600_0.72_0.68.png,1,1,0.9166120290756226,0.9166120290756226,0.7938817739486694,0.8210134506225586,0.43930351734161377,0.002891280921176076,0.7711230516433716,0,1,1,-0.2629852294921875,correct_positive
2605_0.59_0.7.png,1,0,0.4460728168487549,0.4460728168487549,0.8811553120613098,0.5767972469329834,0.9537391662597656,0.002891280921176076,0.07418268918991089,0,1,1,1.2538337707519531,false_positive
2611_0.79_0.73.png,1,0,0.6335527896881104,0.6335527896881104,0.24584344029426575,0.5246617197990417,0.7960003018379211,0.002891280921176076,0.07693558186292648,0,1,1,0.8404731750488281,false_positive
2617_0.73_0.82.png,1,1,0.22224631905555725,0.22224631905555725,0.2577851414680481,0.4287325143814087,0.9298431873321533,0.002891280921176076,0.2790910601615906,0,1,1,-0.15911102294921875,false_negative
2621_0.76_1.88.png,1,0,0.13615958392620087,0.13615958392620087,0.12572476267814636,0.5416042804718018,0.48465028405189514,0.002891280921176076,0.13217036426067352,0,0,0,0.8860282897949219,false_positive
2626_0.88_1.19.png,1,0,0.013074937276542187,0.013074937276542187,0.7143452167510986,0.6309146285057068,0.6550896763801575,0.002891280921176076,0.0064324745908379555,0,0,0,3.630840301513672,false_positive
2630_0.93_0.96.png,1,0,0.010590596124529839,0.010590596124529839,0.4134599566459656,0.12635231018066406,0.4613533020019531,0.002891280921176076,0.0042252931743860245,0,0,0,4.1885833740234375,correct_negative
2635_0.98_1.78.png,1,0,0.32263246178627014,0.32263246178627014,0.28773507475852966,0.6882809996604919,0.9972570538520813,0.002891280921176076,0.29256150126457214,0,0,0,0.0932464599609375,false_positive
2640_0.7_1.13.png,1,1,0.8567150831222534,0.8567150831222534,0.13658563792705536,0.19364628195762634,0.7282777428627014,0.002891280921176076,0.8669501543045044,0,1,1,-0.17578887939453125,false_negative
2646_0.82_1.47.png,1,0,0.028279229998588562,0.028279229998588562,0.03945264592766762,0.3014739453792572,0.8116787075996399,0.002891280921176076,0.01980750821530819,0,0,0,2.0094985961914062,correct_negative
2652_0.85_1.34.png,1,0,0.3757905662059784,0.3757905662059784,0.3864816129207611,0.6533709168434143,0.9511144757270813,0.002891280921176076,0.5238639116287231,0,1,1,-0.023487091064453125,false_positive
2657_0.81_1.67.png,1,0,0.10777315497398376,0.10777315497398376,0.1741941124200821,0.2728475034236908,0.9977642297744751,0.002891280921176076,0.046160850673913956,0,0,0,1.0147666931152344,correct_negative
2661_0.7_1.8.png,1,0,0.2110901176929474,0.2110901176929474,0.18764148652553558,0.31911569833755493,0.997141420841217,0.002891280921176076,0.04726918786764145,0,0,0,0.995941162109375,correct_negative
2667_0.94_1.11.png,1,0,0.09306207299232483,0.09306207299232483,0.8475268483161926,0.8971466422080994,0.9948211908340454,0.002891280921176076,0.04798413813114166,0,0,0,1.3600387573242188,false_positive
2672_0.53_1.63.png,1,0,0.030791139230132103,0.030791139230132103,0.8907502293586731,0.19124910235404968,0.9933342933654785,0.002891280921176076,0.007181109860539436,0,0,0,2.0844879150390625,correct_negative
2678_0.66_1.48.png,1,0,0.16239380836486816,0.16239380836486816,0.12776891887187958,0.5433268547058105,0.9568363428115845,0.002891280921176076,0.29786959290504456,0,1,1,0.5695152282714844,false_positive
2683_0.64_0.93.png,1,0,0.04860437288880348,0.04860437288880348,0.20891734957695007,0.2879377603530884,0.39769434928894043,0.002891280921176076,0.004056040197610855,0,1,1,2.9865150451660156,correct_negative
2689_0.55_1.4.png,1,0,0.21008874475955963,0.21008874475955963,0.12193384766578674,0.4335375428199768,0.748927116394043,0.002891280921176076,0.03803587704896927,0,1,1,1.5676536560058594,correct_negative
2694_0.95_0.54.png,1,1,0.988848090171814,0.988848090171814,0.6578042507171631,0.6932717561721802,0.39052659273147583,0.002891280921176076,0.8907164335250854,0,1,1,-0.3125648498535156,correct_positive
2699_0.92_1.48.png,1,1,0.33897480368614197,0.33897480368614197,0.17990955710411072,0.7278128266334534,0.8271133303642273,0.002891280921176076,0.3444913625717163,0,1,1,-0.06060028076171875,correct_positive
2703_0.77_1.67.png,1,0,0.0392422080039978,0.0392422080039978,0.5188234448432922,0.5782066583633423,0.9483742117881775,0.002891280921176076,0.08727392554283142,0,1,1,0.4593391418457031,false_positive
2708_0.72_1.57.png,1,0,0.35003575682640076,0.35003575682640076,0.1721625030040741,0.8132233023643494,0.8984779715538025,0.002891280921176076,0.23019513487815857,0,1,1,0.14704132080078125,false_positive
2712_0.65_1.83.png,1,0,0.13407987356185913,0.13407987356185913,0.7240371704101562,0.8263322710990906,0.9958797693252563,0.002891280921176076,0.14847223460674286,0,1,1,0.5389137268066406,false_positive
2718_0.63_0.79.png,1,0,0.4596511721611023,0.4596511721611023,0.8082054853439331,0.6456796526908875,0.6195633411407471,0.002891280921176076,0.16662481427192688,0,1,1,0.7409629821777344,false_positive
2723_0.58_0.94.png,1,1,0.7197623252868652,0.7197623252868652,0.3341512680053711,0.7709945440292358,0.9714981913566589,0.002891280921176076,0.8295488357543945,0,1,1,-0.42508697509765625,correct_positive
2728_0.84_1.29.png,1,1,0.7720628976821899,0.7720628976821899,0.8195828795433044,0.7421854734420776,0.9935507774353027,0.002891280921176076,0.49307483434677124,0,0,0,-0.1087799072265625,correct_positive
2732_0.7_1.41.png,1,0,0.0565071664750576,0.0565071664750576,0.2877209186553955,0.18085633218288422,0.9821505546569824,0.002891280921176076,0.008598056621849537,0,0,0,1.7256011962890625,correct_negative
2738_0.64_1.94.png,1,0,0.7280535101890564,0.7280535101890564,0.4998466372489929,0.1365024894475937,0.8814902901649475,0.002891280921176076,0.5358205437660217,0,0,0,0.764312744140625,correct_negative
2743_0.85_1.38.png,1,0,0.17096926271915436,0.17096926271915436,0.2695913314819336,0.46023622155189514,0.918461263179779,0.002891280921176076,0.06997109949588776,0,0,0,0.5060615539550781,correct_negative
2749_0.89_1.8.png,1,1,0.7966469526290894,0.7966469526290894,0.5116080045700073,0.5597973465919495,0.9154120683670044,0.002891280921176076,0.8348591327667236,0,0,0,-0.3482933044433594,correct_positive
2754_0.83_1.45.png,1,0,0.5945917367935181,0.5945917367935181,0.4363170862197876,0.49207741022109985,0.7750881910324097,0.002891280921176076,0.5127355456352234,0,0,0,0.21622085571289062,correct_negative
2759_0.52_1.32.png,1,0,0.760087251663208,0.760087251663208,0.150102436542511,0.6929399967193604,0.9990670084953308,0.002891280921176076,0.6191105246543884,0,0,0,1.1997184753417969,false_positive
2763_0.83_1.04.png,1,0,0.020191775634884834,0.020191775634884834,0.21670450270175934,0.22264622151851654,0.029298877343535423,0.002891280921176076,0.06569315493106842,0,1,1,1.2315521240234375,correct_negative
276_0.52_0.95.png,1,0,0.6497921943664551,0.6497921943664551,0.6102022528648376,0.6231289505958557,0.6045884490013123,0.002891280921176076,0.09353400021791458,1,0,0,0.621612548828125,false_positive
2774_0.98_0.56.png,1,0,0.08092791587114334,0.08092791587114334,0.15443545579910278,0.7307964563369751,0.9824199676513672,0.002891280921176076,0.005225975066423416,0,0,0,3.7616653442382812,false_positive
277_0.92_0.83.png,1,0,0.006978273391723633,0.006978273391723633,0.24143466353416443,0.4924057126045227,0.2858857810497284,0.002891280921176076,0.001377279288135469,1,0,0,5.058216094970703,correct_negative
2784_0.56_0.55.png,1,0,0.6302297115325928,0.6302297115325928,0.8964214324951172,0.7565507888793945,0.24187415838241577,0.002891280921176076,0.26183536648750305,0,1,1,0.9332122802734375,false_positive
2790_0.56_1.84.png,1,1,0.24080124497413635,0.24080124497413635,0.9607307314872742,0.34953367710113525,0.496359646320343,0.002891280921176076,0.2956785559654236,0,1,1,-0.12221908569335938,false_negative
2795_0.97_0.75.png,1,0,0.4820851683616638,0.4820851683616638,0.5552326440811157,0.20767323672771454,0.5940565466880798,0.002891280921176076,0.18271037936210632,0,1,1,0.2448272705078125,correct_negative
279_0.52_1.53.png,1,1,0.7770540714263916,0.7770540714263916,0.02669447846710682,0.11298030614852905,0.4661053419113159,0.002891280921176076,0.8792644739151001,1,0,0,-1.8693580627441406,false_negative
2803_0.88_0.78.png,1,0,0.2628529369831085,0.2628529369831085,0.0567852146923542,0.46395644545555115,0.016291363164782524,0.002891280921176076,0.019753819331526756,0,0,0,3.2661705017089844,correct_negative
2808_0.54_1.91.png,1,0,0.26678988337516785,0.26678988337516785,0.1608273833990097,0.366777241230011,0.09247726202011108,0.002891280921176076,0.038756176829338074,0,0,0,2.847484588623047,correct_negative
2812_0.56_1.93.png,1,1,0.8745600581169128,0.8745600581169128,0.30050259828567505,0.6783156394958496,0.13863790035247803,0.002891280921176076,0.9598081707954407,0,0,0,-0.09029388427734375,correct_positive
2817_0.68_1.71.png,1,0,0.13355480134487152,0.13355480134487152,0.16822898387908936,0.3023636043071747,0.9605331420898438,0.002891280921176076,0.013854687102138996,1,0,0,3.33551025390625,correct_negative
2823_0.69_0.64.png,1,0,0.2874986231327057,0.2874986231327057,0.6293746829032898,0.41483211517333984,0.14893686771392822,0.002891280921176076,0.1741306483745575,0,1,1,0.41649627685546875,correct_negative
2829_0.7_0.68.png,1,0,0.17090336978435516,0.17090336978435516,0.7028273344039917,0.7733151912689209,0.6593712568283081,0.002891280921176076,0.024689307436347008,0,1,1,1.5931930541992188,false_positive
2834_0.7_1.05.png,1,0,0.043955668807029724,0.043955668807029724,0.2473851591348648,0.18169035017490387,0.8394801616668701,0.002891280921176076,0.013864156790077686,0,0,0,2.7065467834472656,correct_negative
2840_0.79_0.79.png,1,0,0.03347887098789215,0.03347887098789215,0.3699885904788971,0.15687446296215057,0.06658872961997986,0.002891280921176076,0.018780739977955818,0,1,1,2.1008338928222656,correct_negative
2847_0.67_0.53.png,1,1,0.9471613168716431,0.9471613168716431,0.5770378708839417,0.6014796495437622,0.11583608388900757,0.002891280921176076,0.9282277822494507,0,1,1,-0.10770416259765625,correct_positive
2852_0.56_0.74.png,1,0,0.5618967413902283,0.5618967413902283,0.7281715869903564,0.5643730759620667,0.6108105182647705,0.002891280921176076,0.6169356107711792,0,1,1,0.0250396728515625,false_positive
2857_0.7_1.15.png,1,0,0.04216812178492546,0.04216812178492546,0.485934853553772,0.3975584805011749,0.7476422786712646,0.002891280921176076,0.02747790887951851,0,1,1,2.069225311279297,correct_negative
2861_0.72_1.38.png,1,0,0.5366788506507874,0.5366788506507874,0.5467584133148193,0.6491315960884094,0.846996009349823,0.002891280921176076,0.3835093080997467,0,0,0,1.0019187927246094,false_positive
2866_0.62_1.51.png,1,0,0.04247426614165306,0.04247426614165306,0.12706920504570007,0.4190687835216522,0.5017023682594299,0.002891280921176076,0.028849584981799126,0,0,0,2.1382789611816406,correct_negative
2871_0.76_1.43.png,1,0,0.010571486316621304,0.010571486316621304,0.17321167886257172,0.5489462018013,0.11529374867677689,0.002891280921176076,0.0037668165750801563,0,0,0,3.7746810913085938,false_positive
2876_0.56_0.8.png,1,0,0.5429589152336121,0.5429589152336121,0.7105060815811157,0.613761842250824,0.3206186890602112,0.002891280921176076,0.6063041687011719,0,1,1,0.02759552001953125,false_positive
2881_0.58_1.16.png,1,1,0.993293285369873,0.993293285369873,0.9215524196624756,0.6051122546195984,0.47923150658607483,0.002891280921176076,0.899616003036499,0,1,1,-0.19880294799804688,correct_positive
2887_0.88_0.77.png,1,0,0.19797112047672272,0.19797112047672272,0.6435853838920593,0.3788752257823944,0.4953753650188446,0.002891280921176076,0.06475207209587097,0,1,1,1.0456886291503906,correct_negative
2892_0.76_0.56.png,1,0,0.40933606028556824,0.40933606028556824,0.32074862718582153,0.47991830110549927,0.18440298736095428,0.002891280921176076,0.15829290449619293,0,1,1,0.4377326965332031,correct_negative
2898_0.74_1.2.png,1,0,0.015801304951310158,0.015801304951310158,0.11344090104103088,0.11574047803878784,0.14369970560073853,0.002891280921176076,0.00674983998760581,0,0,0,2.7940711975097656,correct_negative
2903_0.67_0.55.png,1,1,0.8206684589385986,0.8206684589385986,0.09599167108535767,0.29728758335113525,0.021142559126019478,0.002891280921176076,0.8131380081176758,0,1,1,-0.9027061462402344,false_negative
2911_0.55_1.26.png,1,0,0.2784976661205292,0.2784976661205292,0.7874637246131897,0.7618891000747681,0.8664798736572266,0.002891280921176076,0.40570068359375,0,1,1,-0.032054901123046875,false_positive
2917_0.55_0.86.png,1,0,0.14238585531711578,0.14238585531711578,0.3222316801548004,0.541021466255188,0.4308815896511078,0.002891280921176076,0.1635812371969223,0,0,0,0.9180984497070312,false_positive
2924_0.9_1.28.png,1,0,0.29692766070365906,0.29692766070365906,0.91095370054245,0.4328124523162842,0.999909520149231,0.002891280921176076,0.022357959300279617,0,0,0,3.180774688720703,correct_negative
2929_0.56_0.77.png,1,0,0.36633986234664917,0.36633986234664917,0.4842570126056671,0.4151432514190674,0.41967421770095825,0.002891280921176076,0.08534129709005356,0,1,1,1.5017547607421875,correct_negative
2934_0.62_1.45.png,1,0,0.0527963824570179,0.0527963824570179,0.27161869406700134,0.39273080229759216,0.17740453779697418,0.002891280921176076,0.011504347436130047,0,0,0,3.4534072875976562,correct_negative
293_0.88_0.76.png,1,0,0.7159131169319153,0.7159131169319153,0.5113300681114197,0.44064879417419434,0.9541494250297546,0.002891280921176076,0.6118247509002686,0,0,0,0.56219482421875,correct_negative
2944_0.81_1.6.png,1,0,0.4407746493816376,0.4407746493816376,0.05601934716105461,0.0958198681473732,0.675067663192749,0.002891280921176076,0.3560097813606262,0,0,0,0.6731834411621094,correct_negative
2949_0.93_0.8.png,1,0,0.16211141645908356,0.16211141645908356,0.10775944590568542,0.30529218912124634,0.39046019315719604,0.002891280921176076,0.014288299717009068,0,0,0,1.2973098754882812,correct_negative
2954_0.63_1.11.png,1,0,0.062087055295705795,0.062087055295705795,0.74561607837677,0.8530023694038391,0.563014805316925,0.002891280921176076,0.020806921645998955,0,1,1,2.7027740478515625,false_positive
295_0.59_0.87.png,1,0,0.05572844296693802,0.05572844296693802,0.31538110971450806,0.4828116297721863,0.9253273606300354,0.002891280921176076,0.0012512302491813898,0,0,0,4.41912841796875,correct_negative
2966_0.98_0.67.png,1,0,0.06192687153816223,0.06192687153816223,0.20514240860939026,0.11170149594545364,0.16009128093719482,0.002891280921176076,0.02949395403265953,1,0,0,3.284637451171875,correct_negative
2970_0.99_1.7.png,1,0,0.13649587333202362,0.13649587333202362,0.7491312623023987,0.40231427550315857,0.3034597933292389,0.002891280921176076,0.0012070282828062773,1,0,0,2.7382049560546875,correct_negative
2976_0.85_1.34.png,1,0,0.08752481639385223,0.08752481639385223,0.11506186425685883,0.10977978259325027,0.3387058973312378,0.002891280921176076,0.005514812655746937,0,0,0,2.841625213623047,correct_negative
2983_0.92_1.19.png,1,0,0.3346787691116333,0.3346787691116333,0.6046143174171448,0.42397481203079224,0.9743426442146301,0.002891280921176076,0.2085735946893692,0,0,0,0.9570884704589844,correct_negative
2988_0.73_1.8.png,1,0,0.03692887723445892,0.03692887723445892,0.3384997546672821,0.24077144265174866,0.8499810099601746,0.002891280921176076,0.0051628402434289455,0,0,0,2.304126739501953,correct_negative
2993_0.97_1.09.png,1,0,0.8583922386169434,0.8583922386169434,0.45528727769851685,0.49954932928085327,0.827340841293335,0.002891280921176076,0.853230893611908,0,0,0,-0.028797149658203125,correct_negative
299_0.79_0.75.png,1,1,0.7884200215339661,0.7884200215339661,0.08069925010204315,0.29702576994895935,0.6435487866401672,0.002891280921176076,0.8797399401664734,0,0,0,-0.46103668212890625,false_negative
302_0.67_0.9.png,1,0,0.003585886675864458,0.003585886675864458,0.00207140832208097,0.10535786300897598,0.276554673910141,0.002891280921176076,0.0008729500696063042,1,0,0,8.30074691772461,correct_negative
309_0.52_0.96.png,1,0,0.3169367015361786,0.3169367015361786,0.09945986419916153,0.45453327894210815,0.9163109660148621,0.002891280921176076,0.1441221535205841,0,0,0,1.0461883544921875,correct_negative
314_0.83_0.92.png,1,0,0.005434069782495499,0.005434069782495499,0.26556196808815,0.47463327646255493,0.4775449335575104,0.002891280921176076,0.005410793237388134,0,0,0,3.42669677734375,correct_negative
321_0.53_0.51.png,1,0,0.02903345227241516,0.02903345227241516,0.5486695170402527,0.5654304623603821,0.33138230443000793,0.002891280921176076,0.0004691247013397515,0,0,0,5.697639465332031,false_positive
333_0.84_1.98.png,1,0,0.49237802624702454,0.49237802624702454,0.009694485925137997,0.010159889236092567,0.48266535997390747,0.002891280921176076,0.016720805317163467,1,0,0,1.0464954376220703,correct_negative
339_0.61_0.69.png,1,0,0.2707403600215912,0.2707403600215912,0.05590584874153137,0.1867346316576004,0.9340150952339172,0.002891280921176076,0.03287077322602272,0,1,1,2.566051483154297,correct_negative
347_0.52_0.87.png,1,0,0.17161130905151367,0.17161130905151367,0.20262008905410767,0.3583828806877136,0.755867063999176,0.002891280921176076,0.018780449405312538,0,0,0,2.318675994873047,correct_negative
358_0.51_1.67.png,1,1,0.9994545578956604,0.9994545578956604,0.9412835836410522,0.654130756855011,0.996450662612915,0.002891280921176076,0.999546468257904,0,0,0,-4.749393463134766,correct_positive
362_0.89_1.57.png,1,0,0.0073762438260018826,0.0073762438260018826,0.47264161705970764,0.33142173290252686,0.997302770614624,0.002891280921176076,0.0014652048703283072,1,0,0,3.7219696044921875,correct_negative
367_0.56_0.63.png,1,0,0.8790902495384216,0.8790902495384216,0.40628519654273987,0.6892576217651367,0.8354295492172241,0.002891280921176076,0.34926700592041016,0,1,1,1.2869873046875,false_positive
375_0.89_0.71.png,1,0,0.052066221833229065,0.052066221833229065,0.14135029911994934,0.2472609281539917,0.771796464920044,0.002891280921176076,0.007977934554219246,0,0,0,2.165050506591797,correct_negative
381_0.57_0.52.png,1,0,0.6595895290374756,0.6595895290374756,0.3225790560245514,0.37625107169151306,0.19373470544815063,0.002891280921176076,0.5924292802810669,0,0,0,0.8682670593261719,correct_negative
387_0.94_1.5.png,1,0,0.001236962154507637,0.001236962154507637,0.06410113722085953,0.18668653070926666,0.1831183135509491,0.002891280921176076,0.0005674700951203704,1,0,0,6.748680114746094,correct_negative
393_0.58_1.77.png,1,0,0.0159579087048769,0.0159579087048769,0.4036366641521454,0.1183958426117897,0.9777628779411316,0.002891280921176076,0.055911559611558914,0,0,0,2.766948699951172,correct_negative
399_0.91_1.91.png,1,0,0.0599953830242157,0.0599953830242157,0.05524018406867981,0.04064524546265602,0.9247568249702454,0.002891280921176076,8.351707947440445e-06,1,0,0,4.517086029052734,correct_negative
405_0.62_0.68.png,1,0,0.14468857645988464,0.14468857645988464,0.6832107305526733,0.6433116793632507,0.5884699821472168,0.002891280921176076,0.12638600170612335,0,1,1,0.6796417236328125,false_positive
410_0.96_1.32.png,1,0,0.001269107568077743,0.001269107568077743,0.26404184103012085,0.3476032614707947,0.9809387922286987,0.002891280921176076,1.3534428035200108e-05,1,0,0,6.940067291259766,correct_negative
41_0.52_1.57.png,1,0,0.582455039024353,0.582455039024353,0.9999412298202515,0.6932913064956665,0.9996768236160278,0.002891280921176076,0.002494423883035779,1,0,0,1.3520488739013672,false_positive
425_0.89_1.0.png,1,0,0.007667256984859705,0.007667256984859705,0.012059573084115982,0.19709844887256622,0.9716441035270691,0.002891280921176076,0.006484091281890869,1,0,0,1.7907791137695312,correct_negative
432_0.93_0.96.png,1,0,0.005922967102378607,0.005922967102378607,0.11579376459121704,0.11298097670078278,0.27654320001602173,0.002891280921176076,0.006630746182054281,1,0,0,3.6637191772460938,correct_negative
438_0.58_0.61.png,1,1,0.9561757445335388,0.9561757445335388,0.3218381702899933,0.4936903119087219,0.7493033409118652,0.002891280921176076,0.9845606088638306,0,0,0,-1.0452880859375,false_negative
447_0.67_1.02.png,1,0,0.07190867513418198,0.07190867513418198,0.012666208669543266,0.012359057553112507,0.13492105901241302,0.002891280921176076,0.026894310489296913,0,0,0,1.5343284606933594,correct_negative
451_0.68_1.78.png,1,0,0.7053769826889038,0.7053769826889038,0.25395071506500244,0.9376108050346375,0.9989824891090393,0.002891280921176076,0.4332583546638489,0,0,0,0.41943359375,false_positive
457_0.66_0.95.png,1,0,0.012647229246795177,0.012647229246795177,0.2978486120700836,0.5151246190071106,0.8260574340820312,0.002891280921176076,0.00045796873746439815,0,0,0,6.001354217529297,false_positive
461_0.69_1.94.png,1,0,9.849054913502187e-05,9.849054913502187e-05,0.022745832800865173,0.0542871467769146,0.22191478312015533,0.002891280921176076,7.832931260054465e-06,1,0,0,10.969039916992188,correct_negative
466_0.7_1.58.png,1,0,0.007405715528875589,0.007405715528875589,0.03040037304162979,0.346958726644516,0.7112058997154236,0.002891280921176076,0.0032483418472111225,1,0,0,3.395416259765625,correct_negative
472_0.68_1.63.png,1,0,0.0018941930029541254,0.0018941930029541254,0.056563135236501694,0.04139189422130585,0.49320557713508606,0.002891280921176076,2.006552676903084e-05,1,0,0,7.368526458740234,correct_negative
47_0.86_1.82.png,1,0,0.0302317775785923,0.0302317775785923,0.042343951761722565,0.1801605075597763,0.9992380142211914,0.002891280921176076,0.012255356647074223,1,0,0,0.5453834533691406,correct_negative
486_0.63_1.41.png,1,0,0.001713081612251699,0.001713081612251699,0.015448613092303276,0.007074479013681412,0.003278071526437998,0.002891280921176076,0.00016776211850810796,1,0,0,6.480903625488281,correct_negative
495_0.89_1.26.png,1,0,0.14184409379959106,0.14184409379959106,0.3255264163017273,0.47839921712875366,0.9325469732284546,0.002891280921176076,0.01112548541277647,1,0,0,1.0035514831542969,correct_negative
4_0.84_1.98.png,1,0,0.002500000409781933,0.002500000409781933,0.21387717127799988,0.24961388111114502,0.8695098161697388,0.002891280921176076,0.0025738338008522987,1,0,0,2.654073715209961,correct_negative
506_0.58_1.19.png,1,0,0.0016192587791010737,0.0016192587791010737,0.10861219465732574,0.09861379116773605,0.5162796378135681,0.002891280921176076,0.0010709066409617662,1,0,0,6.642120361328125,correct_negative
511_0.74_0.58.png,1,0,0.5369450449943542,0.5369450449943542,0.26102155447006226,0.3973769247531891,0.3866061866283417,0.002891280921176076,0.029265213757753372,0,1,1,0.7338905334472656,correct_negative
519_0.6_1.02.png,1,0,0.0033544350881129503,0.0033544350881129503,0.003936833702027798,0.06557563692331314,0.8430116176605225,0.002891280921176076,0.008282828144729137,0,0,0,2.74774169921875,correct_negative
525_0.65_1.46.png,1,0,0.015341337770223618,0.015341337770223618,0.009618459269404411,0.0838368758559227,0.9989849925041199,0.002891280921176076,0.004423242993652821,0,0,0,4.389457702636719,correct_negative
52_0.54_1.25.png,1,0,0.004291754215955734,0.004291754215955734,0.5831829905509949,0.21872909367084503,0.9857087135314941,0.002891280921176076,0.0006182518554851413,0,0,0,4.920680999755859,correct_negative
536_0.73_1.23.png,1,0,0.0019635099451988935,0.0019635099451988935,0.003520369529724121,0.05758804827928543,0.69393390417099,0.002891280921176076,0.004496450070291758,0,0,0,2.5291099548339844,correct_negative
540_0.92_1.97.png,1,0,0.0005273921997286379,0.0005273921997286379,0.5664846897125244,0.10975876450538635,0.957170844078064,0.002891280921176076,6.041769665898755e-06,1,0,0,9.930784225463867,correct_negative
545_0.7_0.92.png,1,0,0.023256581276655197,0.023256581276655197,0.32566943764686584,0.608946681022644,0.9551586508750916,0.002891280921176076,0.0010931428987532854,0,0,0,6.607810974121094,false_positive
550_0.89_1.85.png,1,0,0.0021156722214072943,0.0021156722214072943,0.023388070985674858,0.036084648221731186,0.34752899408340454,0.002891280921176076,0.0001831092085922137,1,0,0,6.662849426269531,correct_negative
555_0.6_1.31.png,1,0,0.012765003368258476,0.012765003368258476,0.2797473967075348,0.591383695602417,0.8985924124717712,0.002891280921176076,0.0007486313115805387,0,0,0,6.028018951416016,false_positive
561_0.77_0.8.png,1,0,0.10010554641485214,0.10010554641485214,0.05698356404900551,0.17619304358959198,0.8257002234458923,0.002891280921176076,0.006205213256180286,0,0,0,2.6746978759765625,correct_negative
571_0.74_0.89.png,1,0,0.0018120454624295235,0.0018120454624295235,0.4934803247451782,0.3422580063343048,0.8412227034568787,0.002891280921176076,0.0009240519138984382,0,0,0,4.911613464355469,correct_negative
578_0.73_1.04.png,1,0,0.013985532335937023,0.013985532335937023,0.07515577971935272,0.3509398400783539,0.9551233649253845,0.002891280921176076,0.001299474504776299,0,0,0,4.2173309326171875,correct_negative
582_0.98_0.77.png,1,0,0.43970316648483276,0.43970316648483276,0.7090287208557129,0.09488356113433838,0.36315855383872986,0.002891280921176076,0.07520797848701477,1,0,0,2.3884353637695312,correct_negative
590_0.65_0.94.png,1,0,0.15132436156272888,0.15132436156272888,0.8429503440856934,0.7746378183364868,0.8547008037567139,0.002891280921176076,0.002318201120942831,1,0,0,5.938465118408203,false_positive
596_0.55_0.89.png,1,0,0.005256654229015112,0.005256654229015112,0.817916989326477,0.33516690135002136,0.3650144934654236,0.002891280921176076,0.0011599145364016294,0,0,0,4.941719055175781,correct_negative
601_0.81_1.29.png,1,0,0.0049834116362035275,0.0049834116362035275,0.04258185252547264,0.41793572902679443,0.8673185706138611,0.002891280921176076,0.007837150245904922,1,0,0,4.832065582275391,correct_negative
608_0.55_1.73.png,1,0,0.009149041026830673,0.009149041026830673,0.02811851166188717,0.016688663512468338,0.09114634245634079,0.002891280921176076,0.0020966599695384502,1,0,0,4.476715087890625,correct_negative
615_0.76_1.49.png,1,1,0.5348947644233704,0.5348947644233704,0.06718569248914719,0.15034563839435577,0.9586599469184875,0.002891280921176076,0.5240609049797058,1,0,0,-0.9490394592285156,false_negative
623_0.53_1.27.png,1,0,0.21591982245445251,0.21591982245445251,0.014988310635089874,0.10429233312606812,0.5883857011795044,0.002891280921176076,0.020667562261223793,0,0,0,1.7547607421875,correct_negative
631_0.94_0.86.png,1,0,0.0032075715716928244,0.0032075715716928244,0.14200638234615326,0.4280067980289459,0.9462031722068787,0.002891280921176076,0.0007780356099829078,0,0,0,5.141407012939453,correct_negative
638_0.73_1.34.png,1,0,0.012942383997142315,0.012942383997142315,0.009301220998167992,0.006164041813462973,0.0942634865641594,0.002891280921176076,0.01531237829476595,1,0,0,3.718181610107422,correct_negative
644_0.87_1.08.png,1,0,0.016708331182599068,0.016708331182599068,0.08364195376634598,0.28755536675453186,0.934761643409729,0.002891280921176076,0.0008378827478736639,1,0,0,1.4081344604492188,correct_negative
64_0.77_1.39.png,1,0,0.005415217485278845,0.005415217485278845,0.02753106690943241,0.19252325594425201,0.9901156425476074,0.002891280921176076,0.015908295288681984,0,0,0,3.4398765563964844,correct_negative
656_0.77_1.82.png,1,0,0.3874959349632263,0.3874959349632263,0.4456222951412201,0.007804039865732193,0.01381595153361559,0.002891280921176076,0.016100464388728142,1,0,0,1.2468605041503906,correct_negative
660_0.52_1.08.png,1,0,0.03453526273369789,0.03453526273369789,0.15417605638504028,0.0932796448469162,0.1775406152009964,0.002891280921176076,0.01021193154156208,1,0,0,2.3755416870117188,correct_negative
667_0.95_0.69.png,1,0,0.04966863989830017,0.04966863989830017,0.49091923236846924,0.5716872215270996,0.7355380058288574,0.002891280921176076,0.0026973842177540064,0,0,0,4.3810882568359375,false_positive
673_0.55_0.68.png,1,0,0.030473653227090836,0.030473653227090836,0.4141724109649658,0.37649038434028625,0.7222779393196106,0.002891280921176076,0.03932369500398636,1,0,0,2.0307464599609375,correct_negative
679_0.73_1.63.png,1,0,0.3710114061832428,0.3710114061832428,0.0011048243613913655,0.018966300413012505,0.5148460865020752,0.002891280921176076,0.18447428941726685,0,0,0,1.0898170471191406,correct_negative
684_0.67_1.46.png,1,0,0.00012912687088828534,0.00012912687088828534,0.040182098746299744,0.09708602726459503,0.9312925338745117,0.002891280921176076,0.002167600207030773,1,0,0,5.697849273681641,correct_negative
68_0.75_1.58.png,1,0,0.04118699952960014,0.04118699952960014,0.49040281772613525,0.21701788902282715,0.9670587778091431,0.002891280921176076,0.00043682774412445724,0,0,0,5.155345916748047,correct_negative
697_0.89_1.98.png,1,0,0.011765522882342339,0.011765522882342339,2.507508543203585e-05,0.0447908379137516,0.1964193731546402,0.002891280921176076,0.00023858789063524455,1,0,0,6.245441436767578,correct_negative
700_0.96_1.45.png,1,0,0.0357191264629364,0.0357191264629364,0.14699552953243256,0.49569013714790344,0.9390895366668701,0.002891280921176076,0.0006741509423591197,1,0,0,2.8965682983398438,correct_negative
706_0.58_1.34.png,1,0,0.010648240335285664,0.010648240335285664,0.0005061023402959108,0.19025294482707977,0.9117181897163391,0.002891280921176076,0.0025762193836271763,1,0,0,1.0019474029541016,correct_negative
710_0.87_1.34.png,1,0,0.09892024844884872,0.09892024844884872,0.10106165707111359,0.4943391978740692,0.5899110436439514,0.002891280921176076,0.023221377283334732,0,0,0,1.2030220031738281,correct_negative
715_0.73_0.85.png,1,0,0.0016104854876175523,0.0016104854876175523,0.3797573149204254,0.2934543788433075,0.7474783062934875,0.002891280921176076,0.00010291842772858217,0,0,0,6.993553161621094,correct_negative
71_0.9_0.93.png,1,0,0.02987052872776985,0.02987052872776985,0.06967940181493759,0.21922990679740906,0.9337348937988281,0.002891280921176076,0.020837955176830292,0,0,0,0.9887924194335938,correct_negative
726_0.57_1.58.png,1,1,0.1326049566268921,0.1326049566268921,0.015171976760029793,0.08946142345666885,0.9172043800354004,0.002891280921176076,0.7097479104995728,0,0,0,-0.598358154296875,false_negative
731_0.85_1.53.png,1,0,0.0056813666597008705,0.0056813666597008705,0.13079063594341278,0.31231334805488586,0.9865891933441162,0.002891280921176076,0.00015466834884136915,1,0,0,4.24365234375,correct_negative
741_0.81_1.91.png,1,1,0.09504959732294083,0.09504959732294083,0.06780990958213806,0.10023126751184464,0.47529780864715576,0.002891280921176076,0.13840417563915253,1,0,0,-0.42316436767578125,false_negative
749_0.79_1.11.png,1,0,0.040394559502601624,0.040394559502601624,0.016972536221146584,0.09065239131450653,0.9831845164299011,0.002891280921176076,0.011598996818065643,0,0,0,1.7388954162597656,correct_negative
755_0.86_0.67.png,1,0,0.1741209775209427,0.1741209775209427,0.21103794872760773,0.5454879999160767,0.6458888649940491,0.002891280921176076,0.0034584717359393835,1,0,0,3.763317108154297,false_positive
762_0.76_1.45.png,1,0,0.004286954179406166,0.004286954179406166,0.020687783136963844,0.13232377171516418,0.9703258872032166,0.002891280921176076,0.005179486703127623,0,0,0,3.155193328857422,correct_negative
768_0.71_1.33.png,1,0,0.004241111688315868,0.004241111688315868,0.07694528996944427,0.171976238489151,0.634301483631134,0.002891280921176076,0.0020383631344884634,1,0,0,5.897792816162109,correct_negative
773_0.65_0.81.png,1,0,0.02378598414361477,0.02378598414361477,0.3391834497451782,0.4570927321910858,0.3685123920440674,0.002891280921176076,0.004303098656237125,1,0,0,5.189250946044922,correct_negative
77_0.51_0.74.png,1,0,0.015410206280648708,0.015410206280648708,0.18520043790340424,0.07021356374025345,0.06479153037071228,0.002891280921176076,0.00021403729624580592,1,0,0,8.27285385131836,correct_negative
788_0.91_1.66.png,1,0,0.04861557483673096,0.04861557483673096,0.01116408221423626,0.05857214704155922,0.01179890614002943,0.002891280921176076,0.0007609816384501755,1,0,0,4.217342376708984,correct_negative
794_0.7_1.44.png,1,0,0.11556359380483627,0.11556359380483627,0.2508894205093384,0.24006406962871552,0.9921184778213501,0.002891280921176076,0.2066899836063385,0,0,0,1.1268386840820312,correct_negative
79_0.62_1.54.png,1,0,0.0004179953830316663,0.0004179953830316663,0.002251833211630583,0.03663520887494087,0.4375770390033722,0.002891280921176076,0.0001181511688628234,1,0,0,7.812664031982422,correct_negative
805_0.75_1.2.png,1,0,0.006160041317343712,0.006160041317343712,0.25878602266311646,0.10370053350925446,0.7917418479919434,0.002891280921176076,0.00021385349100455642,1,0,0,4.943593978881836,correct_negative
814_0.63_1.29.png,1,0,0.7600634098052979,0.7600634098052979,0.674096405506134,0.4288635849952698,0.8759199976921082,0.002891280921176076,0.8478452563285828,0,0,0,0.031131744384765625,correct_negative
820_0.87_0.77.png,1,0,0.06349346041679382,0.06349346041679382,0.5827475190162659,0.5054183602333069,0.6900990605354309,0.002891280921176076,0.00013804213085677475,1,0,0,5.431438446044922,false_positive
827_0.72_1.56.png,1,0,0.0002490864135324955,0.0002490864135324955,0.00011438440560596064,0.0029912800528109074,0.01023449283093214,0.002891280921176076,2.7871578822669107e-06,1,0,0,12.995431900024414,correct_negative
832_0.61_0.64.png,1,1,0.730695366859436,0.730695366859436,0.35566210746765137,0.5198420286178589,0.5885005593299866,0.002891280921176076,0.9470014572143555,0,0,0,-0.2553558349609375,correct_positive
838_0.55_1.54.png,1,0,0.002070177346467972,0.002070177346467972,0.001954878680408001,0.015588599257171154,0.6236804127693176,0.002891280921176076,2.2057009118725546e-05,1,0,0,9.218574523925781,correct_negative
843_0.99_1.9.png,1,0,0.008429095149040222,0.008429095149040222,0.05335849151015282,0.015133961103856564,0.2515121400356293,0.002891280921176076,0.0008463006815873086,1,0,0,3.030651092529297,correct_negative
84_0.89_1.11.png,1,1,0.9320703744888306,0.9320703744888306,0.17038635909557343,0.5013538002967834,0.9146671295166016,0.002891280921176076,0.9795754551887512,0,0,0,-0.44368743896484375,correct_positive
857_0.54_1.6.png,1,0,0.0006846197647973895,0.0006846197647973895,0.18787333369255066,0.04875216633081436,0.9833826422691345,0.002891280921176076,0.0020587474573403597,1,0,0,6.920989990234375,correct_negative
865_0.85_1.63.png,1,0,0.005806238390505314,0.005806238390505314,0.06804385036230087,0.1200997456908226,0.8277507424354553,0.002891280921176076,0.0011553537333384156,1,0,0,4.860652923583984,correct_negative
872_0.51_0.78.png,1,0,0.09504032135009766,0.09504032135009766,0.167306050658226,0.3482292890548706,0.6888176202774048,0.002891280921176076,0.003329229075461626,0,0,0,3.501781463623047,correct_negative
878_0.92_1.81.png,1,0,0.02388889715075493,0.02388889715075493,0.1541747748851776,0.16874609887599945,0.9748209118843079,0.002891280921176076,1.52619177242741e-05,1,0,0,3.894458770751953,correct_negative
884_0.71_0.74.png,1,0,0.08584669977426529,0.08584669977426529,0.08051145076751709,0.1500309258699417,0.8062690496444702,0.002891280921176076,0.014025957323610783,0,0,0,0.6230201721191406,correct_negative
890_0.68_0.92.png,1,0,0.0012805399019271135,0.0012805399019271135,0.049416787922382355,0.20906269550323486,0.30666205286979675,0.002891280921176076,0.0006267742137424648,1,0,0,6.486354827880859,correct_negative
896_0.83_1.62.png,1,0,0.1239176020026207,0.1239176020026207,0.5698540806770325,0.30517759919166565,0.9505123496055603,0.002891280921176076,0.028055362403392792,0,0,0,1.3128204345703125,correct_negative
901_0.51_1.02.png,1,0,0.031337641179561615,0.031337641179561615,0.25387042760849,0.3657144010066986,0.9704820513725281,0.002891280921176076,0.002127645304426551,0,0,0,3.492198944091797,correct_negative
909_0.61_1.66.png,1,0,0.0004441326018422842,0.0004441326018422842,0.2024393081665039,0.2516076862812042,0.8901284337043762,0.002891280921176076,0.00570876756682992,1,0,0,3.5504798889160156,correct_negative
914_0.66_0.74.png,1,0,0.06601196527481079,0.06601196527481079,0.3807905912399292,0.42151743173599243,0.5412272810935974,0.002891280921176076,0.000606396934017539,1,0,0,6.918418884277344,correct_negative
919_0.53_1.67.png,1,0,0.13223078846931458,0.13223078846931458,0.8835216760635376,0.8530920147895813,0.9997431635856628,0.002891280921176076,0.21394707262516022,0,0,0,0.7265586853027344,false_positive
923_0.59_1.48.png,1,0,0.0006432131049223244,0.0006432131049223244,0.0025249058380723,0.019711211323738098,0.041022200137376785,0.002891280921176076,0.0007404639618471265,1,0,0,7.022502899169922,correct_negative
928_0.52_1.15.png,1,1,0.20829777419567108,0.20829777419567108,0.2743005156517029,0.4011526107788086,0.5321094393730164,0.002891280921176076,0.1522510051727295,0,0,0,-0.17282867431640625,false_negative
935_0.97_1.77.png,1,0,0.485221266746521,0.485221266746521,0.05784352496266365,0.09633730351924896,0.991375744342804,0.002891280921176076,0.2839885950088501,1,0,0,0.11545562744140625,correct_negative
941_0.53_1.08.png,1,0,0.40682342648506165,0.40682342648506165,0.9717332720756531,0.4852530360221863,0.9987288117408752,0.002891280921176076,0.0371289998292923,0,1,1,2.092945098876953,correct_negative
946_0.8_0.84.png,1,0,0.0025510387495160103,0.0025510387495160103,0.140745148062706,0.40060049295425415,0.7647493481636047,0.002891280921176076,0.0009699418442323804,0,0,0,5.004219055175781,correct_negative
951_0.5_1.1.png,1,0,0.2760251760482788,0.2760251760482788,0.6764798760414124,0.5506170988082886,0.5044426321983337,0.002891280921176076,0.12786227464675903,0,0,0,1.188018798828125,false_positive
959_0.76_1.95.png,1,0,0.014440895058214664,0.014440895058214664,0.3198554217815399,0.9990687966346741,0.9999995231628418,0.002891280921176076,0.006705936975777149,0,0,0,2.2194900512695312,false_positive
963_0.81_0.99.png,1,0,0.009151855483651161,0.009151855483651161,0.07004695385694504,0.2575705349445343,0.9963052272796631,0.002891280921176076,0.0011980946874246001,0,0,0,3.438854217529297,correct_negative
968_0.54_1.0.png,1,0,0.009012524969875813,0.009012524969875813,0.2269124835729599,0.28173649311065674,0.9517876505851746,0.002891280921176076,0.006844315677881241,0,0,0,2.9552574157714844,correct_negative
973_0.67_0.98.png,1,0,0.020985450595617294,0.020985450595617294,0.26306700706481934,0.19799751043319702,0.7396697402000427,0.002891280921176076,0.004957590717822313,0,0,0,1.8759765625,correct_negative
979_0.96_0.5.png,1,0,0.003191649913787842,0.003191649913787842,0.3085567057132721,0.4370517134666443,0.43520402908325195,0.002891280921176076,0.000375649455236271,1,0,0,7.569301605224609,correct_negative
985_0.85_0.52.png,1,0,0.0787976011633873,0.0787976011633873,0.18569892644882202,0.3574104607105255,0.11593998968601227,0.002891280921176076,0.010535302571952343,0,0,0,2.549579620361328,correct_negative
991_0.86_0.63.png,1,0,0.003946021664887667,0.003946021664887667,0.5054789185523987,0.5006701350212097,0.5810616612434387,0.002891280921176076,0.0003028105420526117,0,0,0,6.107158660888672,false_positive
997_0.75_1.44.png,1,0,0.006988301873207092,0.006988301873207092,0.0003631270956248045,0.009786592796444893,0.7373906970024109,0.002891280921176076,0.00034940478508360684,0,0,0,4.805057525634766,correct_negative
1003_0.9_1.06.png,2,0,0.0011979019036516547,0.0011979019036516547,0.644906759262085,0.4028956890106201,0.010040929540991783,0.9501262903213501,2.5534081942168996e-05,0,0,0,6.073577880859375,correct_negative
1008_0.52_1.98.png,2,1,0.992476761341095,0.992476761341095,0.938591480255127,0.9845083951950073,0.005828906316310167,0.9501262903213501,0.9266804456710815,0,0,0,-1.4989585876464844,correct_positive
1013_0.63_1.83.png,2,0,0.02304287813603878,0.02304287813603878,0.2873563766479492,0.32436057925224304,0.012781502678990364,0.9501262903213501,0.009347601793706417,0,0,0,2.9761734008789062,correct_negative
1019_0.82_1.87.png,2,0,0.004641103558242321,0.004641103558242321,0.09005063027143478,0.08333146572113037,0.0011882070684805512,0.9501262903213501,0.0005498836399056017,1,0,0,7.86480712890625,correct_negative
1026_0.77_0.89.png,2,0,0.030088895931839943,0.030088895931839943,0.15689197182655334,0.48978233337402344,0.035405851900577545,0.9501262903213501,0.03938576206564903,1,0,0,1.4752464294433594,correct_negative
1034_0.55_0.77.png,2,0,0.007348226383328438,0.007348226383328438,0.29351145029067993,0.07752764225006104,0.2825417220592499,0.9501262903213501,0.0027250407729297876,0,0,0,3.726764678955078,correct_negative
1043_0.68_1.87.png,2,0,0.12090229988098145,0.12090229988098145,0.1457013189792633,0.16634809970855713,0.0002198433066951111,0.9501262903213501,0.0329885259270668,1,0,0,2.19342041015625,correct_negative
1049_0.97_1.09.png,2,1,0.8210036158561707,0.8210036158561707,0.2441694587469101,0.3544216752052307,0.007681349758058786,0.9501262903213501,0.7187009453773499,0,0,0,-0.4837379455566406,false_negative
1053_0.54_1.81.png,2,0,0.2848600149154663,0.2848600149154663,0.3085430860519409,0.2671579420566559,0.07410211861133575,0.9501262903213501,0.0032986041624099016,0,0,0,3.0459365844726562,correct_negative
1059_0.87_0.7.png,2,0,0.2401634007692337,0.2401634007692337,0.8758134841918945,0.7649582028388977,0.33061742782592773,0.9501262903213501,0.03727921470999718,0,0,0,1.9368095397949219,false_positive
1065_0.84_1.48.png,2,0,0.825229823589325,0.825229823589325,0.00904272310435772,0.03971312940120697,0.002347055822610855,0.9501262903213501,0.4003966748714447,0,0,0,0.1331787109375,correct_negative
1071_0.69_1.75.png,2,0,0.00019638834055513144,0.00019638834055513144,0.44715580344200134,0.06600243598222733,0.0008748210384510458,0.9501262903213501,0.000685404462274164,1,0,0,4.843828201293945,correct_negative
1079_0.77_1.21.png,2,0,0.41739967465400696,0.41739967465400696,0.08861832320690155,0.4618959128856659,0.03279050439596176,0.9501262903213501,0.13018521666526794,0,0,0,0.8226547241210938,correct_negative
1088_0.57_0.97.png,2,0,0.47899308800697327,0.47899308800697327,0.10763595253229141,0.7597148418426514,0.07151748239994049,0.9501262903213501,0.4910106062889099,0,1,1,1.013671875,false_positive
1093_0.65_1.34.png,2,0,0.027811668813228607,0.027811668813228607,0.21531009674072266,0.14013135433197021,0.0014220705488696694,0.9501262903213501,0.16137202084064484,1,0,0,0.47153472900390625,correct_negative
10_0.78_1.56.png,2,0,0.1416463851928711,0.1416463851928711,0.7126208543777466,0.014183237217366695,2.8820402803830802e-05,0.9501262903213501,0.004120334982872009,0,0,0,3.1249465942382812,correct_negative
1109_0.9_0.79.png,2,0,0.15627838671207428,0.15627838671207428,0.14846427738666534,0.2955312430858612,0.017073573544621468,0.9501262903213501,0.0045180292800068855,0,0,0,3.2571983337402344,correct_negative
1115_0.58_1.94.png,2,0,0.06194189935922623,0.06194189935922623,0.5300801992416382,0.03275390341877937,0.002077887300401926,0.9501262903213501,0.0060044522397220135,1,0,0,2.9373512268066406,correct_negative
1120_0.78_1.11.png,2,0,0.007468104362487793,0.007468104362487793,0.08129523694515228,0.5629009008407593,0.011004474945366383,0.9501262903213501,0.0014926808653399348,1,0,0,5.4940338134765625,false_positive
1126_0.73_0.82.png,2,1,0.08920000493526459,0.08920000493526459,0.13790784776210785,0.307123601436615,0.013122722506523132,0.9501262903213501,0.5341286659240723,0,0,0,-0.3719291687011719,false_negative
1131_0.66_1.99.png,2,0,0.16841568052768707,0.16841568052768707,0.18950586020946503,0.035887639969587326,0.0002568979107309133,0.9501262903213501,0.06231400743126869,1,0,0,1.6571884155273438,correct_negative
1139_0.58_1.05.png,2,0,0.23763428628444672,0.23763428628444672,0.6584188938140869,0.6489824056625366,0.009905759245157242,0.9501262903213501,0.2533111870288849,0,0,0,0.8480186462402344,false_positive
1144_0.87_1.96.png,2,0,0.059781573712825775,0.059781573712825775,0.2905508875846863,0.6059245467185974,0.059823933988809586,0.9501262903213501,0.010934237390756607,0,0,0,2.944629669189453,false_positive
1149_0.98_1.73.png,2,0,0.004686922300606966,0.004686922300606966,0.012900340370833874,0.001892933971248567,0.0003060358576476574,0.9501262903213501,0.002287225564941764,1,0,0,4.778125762939453,correct_negative
1154_0.96_0.62.png,2,1,0.9945407509803772,0.9945407509803772,0.3805979788303375,0.31643369793891907,0.05849165841937065,0.9501262903213501,0.9887111186981201,0,1,1,-1.36956787109375,false_negative
115_0.86_1.29.png,2,0,0.004016119986772537,0.004016119986772537,0.01785610429942608,0.022204065695405006,0.00019527976110111922,0.9501262903213501,0.008993483148515224,1,0,0,5.553722381591797,correct_negative
1167_0.95_0.68.png,2,0,0.22206301987171173,0.22206301987171173,0.09516307711601257,0.422292023897171,0.0507354699075222,0.9501262903213501,0.023973040282726288,1,0,0,3.839916229248047,correct_negative
1172_0.76_1.83.png,2,0,0.0019471232080832124,0.0019471232080832124,0.34152400493621826,0.25117138028144836,0.0013128051068633795,0.9501262903213501,0.0014574663946405053,1,0,0,5.542938232421875,correct_negative
117_0.56_1.2.png,2,0,0.07783609628677368,0.07783609628677368,0.5690121650695801,0.2185579240322113,0.031301844865083694,0.9501262903213501,0.11340483278036118,0,0,0,3.5921669006347656,correct_negative
1185_0.94_1.35.png,2,0,0.009108931757509708,0.009108931757509708,0.21544690430164337,0.10238051414489746,0.0011034606723114848,0.9501262903213501,0.0006818530964665115,0,0,0,4.779941558837891,correct_negative
118_0.72_0.71.png,2,0,0.1584262251853943,0.1584262251853943,0.21812772750854492,0.5482451319694519,0.1863466054201126,0.9501262903213501,0.38548052310943604,0,0,0,1.0638351440429688,false_positive
1195_0.65_1.61.png,2,0,0.6786377429962158,0.6786377429962158,0.7803500890731812,0.8395807147026062,0.0012385136215016246,0.9501262903213501,0.022080780938267708,1,0,0,3.877979278564453,false_positive
1203_0.79_1.82.png,2,0,0.005394055042415857,0.005394055042415857,0.01773146539926529,0.19164343178272247,0.0003595180460251868,0.9501262903213501,0.00903522688895464,1,0,0,2.9726104736328125,correct_negative
1208_0.63_0.83.png,2,0,0.25858476758003235,0.25858476758003235,0.499003142118454,0.7424473762512207,0.036695439368486404,0.9501262903213501,0.1476631909608841,0,0,0,0.5718650817871094,false_positive
1216_0.65_1.09.png,2,0,0.00019887647067662328,0.00019887647067662328,0.11315962672233582,0.09848453849554062,0.0017536208033561707,0.9501262903213501,4.4624055590247735e-05,1,0,0,8.415122985839844,correct_negative
1221_0.76_0.69.png,2,0,0.15050269663333893,0.15050269663333893,0.06262465566396713,0.30239057540893555,0.010411025956273079,0.9501262903213501,0.08229973912239075,0,0,0,1.1374168395996094,correct_negative
1227_0.9_1.41.png,2,0,0.08222813904285431,0.08222813904285431,0.14780069887638092,0.15854321420192719,0.0007088386337272823,0.9501262903213501,0.01537737250328064,1,0,0,2.133991241455078,correct_negative
1234_0.51_1.28.png,2,0,0.2801124155521393,0.2801124155521393,0.012617919594049454,0.23563961684703827,0.07412433624267578,0.9501262903213501,0.040051043033599854,1,0,0,0.7752647399902344,correct_negative
1242_0.99_0.57.png,2,0,0.874862790107727,0.874862790107727,0.8756194114685059,0.5923071503639221,0.010646311566233635,0.9501262903213501,0.5967893004417419,0,0,0,0.16779708862304688,false_positive
124_0.79_1.89.png,2,0,0.00040253455517813563,0.00040253455517813563,0.34514516592025757,0.043546468019485474,0.0011079019168391824,0.9501262903213501,0.0014409985160455108,1,0,0,3.4906044006347656,correct_negative
1255_0.65_1.08.png,2,0,0.8259877562522888,0.8259877562522888,0.011218125931918621,0.12998981773853302,0.0218089260160923,0.9501262903213501,0.2400810569524765,0,0,0,0.6361732482910156,correct_negative
1263_0.9_1.41.png,2,0,0.0021928446367383003,0.0021928446367383003,0.015270588919520378,0.02099516987800598,7.108472345862538e-05,0.9501262903213501,0.0020178009290248156,1,0,0,5.6544952392578125,correct_negative
1270_0.74_1.52.png,2,0,0.003666914300993085,0.003666914300993085,0.0378691665828228,0.004554303828626871,2.505887641746085e-05,0.9501262903213501,0.000779021589551121,1,0,0,5.2509918212890625,correct_negative
1276_0.95_0.5.png,2,0,0.15233786404132843,0.15233786404132843,0.23981638252735138,0.4060084819793701,0.0637219175696373,0.9501262903213501,0.11020071804523468,1,0,0,1.37506103515625,correct_negative
1281_0.89_0.85.png,2,0,0.24596798419952393,0.24596798419952393,0.1413746476173401,0.3557424545288086,0.0057659815065562725,0.9501262903213501,0.006597480271011591,1,0,0,4.011943817138672,correct_negative
1289_1.0_1.69.png,2,0,0.5146404504776001,0.5146404504776001,0.016757410019636154,0.10820680856704712,0.01518903486430645,0.9501262903213501,0.002165720798075199,1,0,0,3.325305938720703,correct_negative
1297_0.99_0.69.png,2,1,0.6306770443916321,0.6306770443916321,0.09117677062749863,0.6066904664039612,0.009926768951117992,0.9501262903213501,0.8818911910057068,0,1,1,-0.9999923706054688,correct_positive
1303_0.7_0.67.png,2,0,0.10474233329296112,0.10474233329296112,0.06541402637958527,0.4064248502254486,0.05420440062880516,0.9501262903213501,0.0695953443646431,0,0,0,1.0273704528808594,correct_negative
1309_0.83_1.35.png,2,0,0.01709570735692978,0.01709570735692978,0.1316055804491043,0.11425323784351349,0.006413158029317856,0.9501262903213501,0.030506158247590065,1,0,0,2.623210906982422,correct_negative
1315_0.52_1.19.png,2,0,0.1492944061756134,0.1492944061756134,0.21856404840946198,0.1306590884923935,0.010668211616575718,0.9501262903213501,0.003419675165787339,0,0,0,2.228710174560547,correct_negative
1320_0.7_0.99.png,2,0,0.009366737678647041,0.009366737678647041,0.17427746951580048,0.6273539066314697,0.005611747037619352,0.9501262903213501,0.0040651592426002026,0,0,0,3.89239501953125,false_positive
1326_0.77_0.97.png,2,0,0.010033988393843174,0.010033988393843174,0.045090992003679276,0.08085805922746658,0.0009062798926606774,0.9501262903213501,0.11583822965621948,0,0,0,0.6868667602539062,correct_negative
1330_0.54_1.99.png,2,1,0.7767763733863831,0.7767763733863831,0.009041859768331051,0.6295117735862732,0.002920399187132716,0.9501262903213501,0.7965764999389648,1,0,0,-0.11592864990234375,correct_positive
1339_0.65_1.47.png,2,0,0.010929196141660213,0.010929196141660213,0.07911918312311172,0.12192565202713013,0.0006183788646012545,0.9501262903213501,0.13958729803562164,0,0,0,2.0998077392578125,correct_negative
1343_0.89_0.89.png,2,0,0.010428410954773426,0.010428410954773426,0.004812668077647686,0.11689768731594086,0.11904208362102509,0.9501262903213501,3.0929199965612497e-06,1,0,0,11.118034362792969,correct_negative
1349_0.94_1.22.png,2,0,0.00026693506515584886,0.00026693506515584886,0.036905016750097275,0.08306984603404999,0.0008971765055321157,0.9501262903213501,0.009765165857970715,1,0,0,4.678592681884766,correct_negative
1355_0.85_0.57.png,2,1,0.934844434261322,0.934844434261322,0.5421959757804871,0.47112998366355896,0.04237759858369827,0.9501262903213501,0.901077389717102,0,1,1,-0.3434600830078125,false_negative
1360_0.65_0.69.png,2,0,0.07463602721691132,0.07463602721691132,0.3495379388332367,0.38772445917129517,0.025489194318652153,0.9501262903213501,0.008107703179121017,0,0,0,2.2994117736816406,correct_negative
1366_0.97_0.87.png,2,0,0.029966797679662704,0.029966797679662704,0.6452325582504272,0.1622770130634308,0.003118862397968769,0.9501262903213501,0.01663636974990368,0,0,0,1.9485893249511719,correct_negative
1372_0.51_0.74.png,2,1,0.9912371635437012,0.9912371635437012,0.18475709855556488,0.2887020707130432,0.039227575063705444,0.9501262903213501,0.9980910420417786,0,1,1,-4.423797607421875,false_negative
1379_0.58_2.0.png,2,0,0.0035581006668508053,0.0035581006668508053,0.015129598788917065,0.01564013957977295,0.0014125703601166606,0.9501262903213501,0.00044073103344999254,1,0,0,8.216930389404297,correct_negative
1384_0.55_1.84.png,2,0,0.2916713356971741,0.2916713356971741,0.9388800859451294,0.33046311140060425,0.0017502517439424992,0.9501262903213501,0.007170119788497686,0,0,0,6.135028839111328,correct_negative
138_0.89_1.06.png,2,0,0.02109396643936634,0.02109396643936634,0.15910929441452026,0.4858996272087097,0.022483332082629204,0.9501262903213501,0.03762378916144371,0,0,0,3.4857254028320312,correct_negative
1396_0.92_1.33.png,2,0,0.01955571584403515,0.01955571584403515,0.3183506727218628,0.270681768655777,0.004610429517924786,0.9501262903213501,0.01063807774335146,1,0,0,3.8107643127441406,correct_negative
1402_0.73_0.73.png,2,0,0.0011413422180339694,0.0011413422180339694,0.3755614459514618,0.5300875306129456,0.06349264085292816,0.9501262903213501,0.0006023701862432063,1,0,0,5.273994445800781,false_positive
1409_0.85_0.88.png,2,0,0.008088735863566399,0.008088735863566399,0.370099276304245,0.5599857568740845,0.010697471909224987,0.9501262903213501,0.0011658635921776295,1,0,0,7.809295654296875,false_positive
1417_0.88_0.75.png,2,0,0.009191865101456642,0.009191865101456642,0.0002976614632643759,0.007229011505842209,8.005822564882692e-07,0.9501262903213501,0.0010459497570991516,1,0,0,5.381381988525391,correct_negative
1422_0.51_1.71.png,2,0,0.012821889482438564,0.012821889482438564,0.37884825468063354,0.12711036205291748,0.010490814223885536,0.9501262903213501,9.32228795136325e-05,1,0,0,6.920509338378906,correct_negative
1428_0.86_1.18.png,2,0,0.007992258295416832,0.007992258295416832,0.5556522607803345,0.4725508987903595,0.08937175571918488,0.9501262903213501,0.00552158709615469,1,0,0,4.252388000488281,correct_negative
1436_0.66_1.76.png,2,1,0.987242579460144,0.987242579460144,0.013245082460343838,0.24545301496982574,0.0007202090928331017,0.9501262903213501,0.8593896627426147,0,0,0,-0.7095718383789062,false_negative
1440_0.65_1.26.png,2,0,0.0016617212677374482,0.0016617212677374482,0.000456056121038273,0.06967156380414963,0.3193630278110504,0.9501262903213501,0.0007094902102835476,1,0,0,6.162103652954102,correct_negative
1446_0.85_0.59.png,2,0,0.4351080060005188,0.4351080060005188,0.47105783224105835,0.5218209624290466,0.13219444453716278,0.9501262903213501,0.0009638256160542369,0,0,0,3.8468246459960938,false_positive
1450_0.85_1.16.png,2,0,0.013039518147706985,0.013039518147706985,0.06386220455169678,0.2669989764690399,0.00690122926607728,0.9501262903213501,0.008822910487651825,0,0,0,2.929859161376953,correct_negative
1455_0.79_0.88.png,2,0,0.00046162348007783294,0.00046162348007783294,0.06082591414451599,0.17118673026561737,0.007027550134807825,0.9501262903213501,0.004295686725527048,1,0,0,4.757076263427734,correct_negative
1460_0.51_1.63.png,2,0,0.8983063101768494,0.8983063101768494,0.9086092114448547,0.61928790807724,0.008109133690595627,0.9501262903213501,0.3987300992012024,0,0,0,1.3760108947753906,false_positive
1469_0.6_1.73.png,2,1,0.24544332921504974,0.24544332921504974,0.07296246290206909,0.2856048047542572,0.004219390917569399,0.9501262903213501,0.4733244478702545,0,0,0,-0.3284759521484375,false_negative
1473_0.95_0.96.png,2,0,0.0006594599690288305,0.0006594599690288305,0.0536847859621048,0.05185326933860779,0.02254219353199005,0.9501262903213501,8.438565419055521e-05,1,0,0,10.019439697265625,correct_negative
147_0.85_1.8.png,2,0,0.05358516797423363,0.05358516797423363,0.8317226767539978,0.4773523211479187,0.01388043724000454,0.9501262903213501,0.0013556061312556267,1,0,0,6.946842193603516,correct_negative
1485_0.6_1.5.png,2,0,0.14078333973884583,0.14078333973884583,0.47196757793426514,0.8549829721450806,0.03595574200153351,0.9501262903213501,0.04786955192685127,1,0,0,1.7156257629394531,false_positive
1490_0.76_0.64.png,2,0,0.1363227665424347,0.1363227665424347,0.1150556206703186,0.3289722204208374,0.052891023457050323,0.9501262903213501,0.07518155127763748,0,0,0,1.8204345703125,correct_negative
1496_0.55_1.19.png,2,0,0.03147810697555542,0.03147810697555542,0.0019683009013533592,0.05624120682477951,0.02030249312520027,0.9501262903213501,0.033560216426849365,0,0,0,2.1988868713378906,correct_negative
14_0.87_0.97.png,2,1,0.8352859616279602,0.8352859616279602,0.7670332193374634,0.7221954464912415,0.004726935178041458,0.9501262903213501,0.8044857382774353,0,0,0,-0.5424270629882812,correct_positive
1507_0.87_0.95.png,2,0,0.024053284898400307,0.024053284898400307,0.13782231509685516,0.4967787563800812,0.034622058272361755,0.9501262903213501,0.0008386476547457278,0,0,0,3.2913551330566406,correct_negative
1511_0.63_1.09.png,2,0,0.5162760019302368,0.5162760019302368,0.18869273364543915,0.6944833397865295,0.016936535015702248,0.9501262903213501,0.02685418725013733,0,0,0,1.6091804504394531,false_positive
1516_0.6_1.22.png,2,0,0.3196374475955963,0.3196374475955963,0.2800670564174652,0.5684204697608948,0.043305207043886185,0.9501262903213501,0.3841528296470642,0,1,1,0.5207901000976562,false_positive
1520_0.69_1.99.png,2,0,0.24905633926391602,0.24905633926391602,0.05030200630426407,0.4430428147315979,0.007824813015758991,0.9501262903213501,0.03138924017548561,0,0,0,2.136138916015625,correct_negative
1525_0.91_1.05.png,2,0,0.18252448737621307,0.18252448737621307,0.3682088553905487,0.3692549765110016,0.002045457251369953,0.9501262903213501,0.006247713230550289,0,0,0,2.2259788513183594,correct_negative
1530_0.67_1.92.png,2,0,0.9442440867424011,0.9442440867424011,0.04743601009249687,0.015836305916309357,2.472703272360377e-05,0.9501262903213501,0.751035749912262,0,0,0,0.2979736328125,correct_negative
1536_0.73_1.93.png,2,1,0.9884989857673645,0.9884989857673645,0.7514148950576782,0.6999072432518005,0.008469891734421253,0.9501262903213501,0.936977207660675,0,0,0,-0.7456512451171875,correct_positive
1541_0.72_1.23.png,2,0,0.6418009400367737,0.6418009400367737,0.4064140021800995,0.6666036248207092,0.04973309114575386,0.9501262903213501,0.1584896594285965,0,0,0,0.8824195861816406,false_positive
1546_0.79_0.85.png,2,0,0.3751267194747925,0.3751267194747925,0.5693822503089905,0.6156110763549805,0.018231241032481194,0.9501262903213501,0.1882694512605667,0,0,0,0.008758544921875,false_positive
1552_0.88_0.63.png,2,1,0.5482602119445801,0.5482602119445801,0.8298658728599548,0.49425217509269714,0.22529974579811096,0.9501262903213501,0.5413767099380493,0,1,1,-0.15442657470703125,false_negative
1557_0.85_1.07.png,2,1,0.9738408923149109,0.9738408923149109,0.8772010803222656,0.5053625702857971,0.028286052867770195,0.9501262903213501,0.9766223430633545,0,1,1,-1.4228096008300781,correct_positive
1562_1.0_0.93.png,2,0,0.8445096611976624,0.8445096611976624,0.3491166830062866,0.7673957943916321,0.23433594405651093,0.9501262903213501,0.6065578460693359,0,0,0,0.32732391357421875,false_positive
1568_0.8_1.8.png,2,0,0.15923261642456055,0.15923261642456055,0.19278210401535034,0.4622325897216797,0.0007466747774742544,0.9501262903213501,0.004510533530265093,0,0,0,2.3565216064453125,correct_negative
1573_0.61_1.06.png,2,0,0.6575286388397217,0.6575286388397217,0.34137600660324097,0.6332486867904663,0.008128125220537186,0.9501262903213501,0.6779000759124756,0,1,1,0.7047500610351562,false_positive
157_0.81_1.26.png,2,0,0.04865347966551781,0.04865347966551781,0.1113998219370842,0.0525716207921505,0.004495719913393259,0.9501262903213501,0.02496163360774517,1,0,0,2.0804672241210938,correct_negative
1585_0.59_0.64.png,2,0,0.7616212964057922,0.7616212964057922,0.17220325767993927,0.6927413940429688,0.10420882701873779,0.9501262903213501,0.8272495269775391,0,1,1,0.07213592529296875,false_positive
1592_0.54_1.46.png,2,0,0.5851604342460632,0.5851604342460632,0.2914072573184967,0.763695478439331,0.0162946954369545,0.9501262903213501,0.8273857831954956,0,1,1,0.3650093078613281,false_positive
1598_0.67_1.4.png,2,0,0.0056606438010931015,0.0056606438010931015,0.25273582339286804,0.38820597529411316,0.005984815768897533,0.9501262903213501,0.0002514077059458941,0,0,0,5.676971435546875,correct_negative
1602_0.92_0.57.png,2,0,0.3240485191345215,0.3240485191345215,0.7760427594184875,0.6708474159240723,0.6130994558334351,0.9501262903213501,0.18665139377117157,0,1,1,0.20635604858398438,false_positive
1607_0.91_0.88.png,2,0,0.15148314833641052,0.15148314833641052,0.5514941811561584,0.4643998146057129,0.029034124687314034,0.9501262903213501,0.12273288518190384,0,1,1,0.7684669494628906,correct_negative
1613_0.56_1.31.png,2,0,0.4342663288116455,0.4342663288116455,0.608444094657898,0.5819798707962036,0.005479726474732161,0.9501262903213501,0.4740060865879059,0,1,1,0.35179901123046875,false_positive
1619_0.94_1.08.png,2,1,0.8216755986213684,0.8216755986213684,0.4200126528739929,0.7417358756065369,0.11050991714000702,0.9501262903213501,0.9441839456558228,0,1,1,-0.4739646911621094,correct_positive
1624_0.76_1.43.png,2,0,0.09668748825788498,0.09668748825788498,0.6472145915031433,0.3692987263202667,0.07285236567258835,0.9501262903213501,0.0019985607359558344,0,0,0,2.2586669921875,correct_negative
162_0.75_0.98.png,2,0,0.009923864156007767,0.009923864156007767,0.05004773288965225,0.36693018674850464,0.06907609105110168,0.9501262903213501,0.000187957746675238,1,0,0,6.71844482421875,correct_negative
1634_0.75_1.81.png,2,0,0.08532392233610153,0.08532392233610153,0.3841547966003418,0.46805500984191895,0.007533599156886339,0.9501262903213501,0.0025870746467262506,0,0,0,2.2451400756835938,correct_negative
1639_0.69_1.12.png,2,0,0.6296166777610779,0.6296166777610779,0.8343834280967712,0.5126935839653015,0.1241154819726944,0.9501262903213501,0.6863301396369934,0,1,1,0.0579071044921875,false_positive
1645_0.87_1.02.png,2,0,0.005696902982890606,0.005696902982890606,0.3911212682723999,0.5220749974250793,0.00478805648162961,0.9501262903213501,0.0005803320091217756,0,0,0,3.9864883422851562,false_positive
1650_0.76_1.07.png,2,0,0.1565782129764557,0.1565782129764557,0.683920681476593,0.718718409538269,0.41261959075927734,0.9501262903213501,0.005548377521336079,0,1,1,1.4431724548339844,false_positive
1655_0.54_1.38.png,2,0,0.15266218781471252,0.15266218781471252,0.604890763759613,0.4619921147823334,0.03005414456129074,0.9501262903213501,0.08671121299266815,0,1,1,1.1063270568847656,correct_negative
1660_0.83_0.67.png,2,0,0.07216477394104004,0.07216477394104004,0.8832449913024902,0.4253600835800171,0.036074448376894,0.9501262903213501,0.001964407041668892,0,1,1,2.8967208862304688,correct_negative
1666_0.85_0.59.png,2,0,0.8595385551452637,0.8595385551452637,0.7131282687187195,0.43329760432243347,0.08491574972867966,0.9501262903213501,0.42816871404647827,0,1,1,0.9969711303710938,correct_negative
1670_0.72_1.61.png,2,0,0.028582774102687836,0.028582774102687836,0.15149615705013275,0.02572462148964405,0.00046498849405907094,0.9501262903213501,0.015556181780993938,0,0,0,1.2570686340332031,correct_negative
1677_0.58_1.91.png,2,0,0.6855111122131348,0.6855111122131348,0.6943747401237488,0.8660485148429871,0.20828498899936676,0.9501262903213501,0.24593377113342285,0,0,0,0.4722251892089844,false_positive
1682_0.98_0.9.png,2,0,0.21864072978496552,0.21864072978496552,0.8890262246131897,0.5775136947631836,0.04130241274833679,0.9501262903213501,0.0010851237457245588,0,0,0,3.7930450439453125,false_positive
1689_0.74_0.54.png,2,0,0.5434723496437073,0.5434723496437073,0.38966652750968933,0.7100465893745422,0.07350217550992966,0.9501262903213501,0.3374538719654083,0,1,1,1.0362777709960938,false_positive
1693_0.51_1.03.png,2,1,0.9722808599472046,0.9722808599472046,0.937079131603241,0.5821755528450012,0.03390864282846451,0.9501262903213501,0.9811062812805176,0,1,1,-0.2287445068359375,correct_positive
1698_0.9_1.01.png,2,0,0.06088593602180481,0.06088593602180481,0.33916783332824707,0.19521847367286682,0.0218829158693552,0.9501262903213501,0.01576019451022148,0,0,0,1.0384979248046875,correct_negative
1702_0.69_0.67.png,2,0,0.6202080845832825,0.6202080845832825,0.9236857295036316,0.6391578316688538,0.07480650395154953,0.9501262903213501,0.5974982380867004,0,1,1,0.24268722534179688,false_positive
1708_0.52_1.49.png,2,0,0.6909474730491638,0.6909474730491638,0.6746681332588196,0.9095953702926636,0.09961814433336258,0.9501262903213501,0.6346025466918945,0,1,1,0.61407470703125,false_positive
1713_0.69_1.59.png,2,1,0.9545516967773438,0.9545516967773438,0.34534987807273865,0.6624558568000793,0.009238619357347488,0.9501262903213501,0.798093855381012,0,0,0,-0.2984886169433594,correct_positive
1720_0.71_1.73.png,2,0,0.14045350253582,0.14045350253582,0.1657973974943161,0.22984512150287628,0.0008007722790353,0.9501262903213501,0.004893328994512558,0,0,0,1.5011405944824219,correct_negative
1726_0.54_0.7.png,2,1,0.9259600043296814,0.9259600043296814,0.6547698378562927,0.6647502183914185,0.041384007781744,0.9501262903213501,0.9787004590034485,0,1,1,-0.35562896728515625,correct_positive
1732_0.87_0.59.png,2,1,0.9826101660728455,0.9826101660728455,0.9052312970161438,0.6635557413101196,0.7998132705688477,0.9501262903213501,0.9748539924621582,0,1,1,-0.23980712890625,correct_positive
1737_0.98_0.6.png,2,1,0.9309999942779541,0.9309999942779541,0.3071107864379883,0.3384915888309479,0.01713106967508793,0.9501262903213501,0.7772646546363831,0,0,0,-0.7311897277832031,false_negative
1745_0.84_1.83.png,2,1,0.6938591003417969,0.6938591003417969,0.1538810282945633,0.1529521942138672,0.00498404772952199,0.9501262903213501,0.32051631808280945,0,0,0,-0.05970001220703125,false_negative
1751_0.55_0.84.png,2,1,0.9609090089797974,0.9609090089797974,0.4356437623500824,0.38927605748176575,0.0114248963072896,0.9501262903213501,0.9863357543945312,0,0,0,-2.7652931213378906,false_negative
1757_1.0_1.19.png,2,0,0.10165096074342728,0.10165096074342728,0.19078746438026428,0.27223604917526245,0.02078864350914955,0.9501262903213501,0.014799471944570541,0,0,0,1.1511726379394531,correct_negative
1761_0.99_0.94.png,2,0,0.002271388191729784,0.002271388191729784,0.22505566477775574,0.4640315771102905,0.002733740722760558,0.9501262903213501,0.000496608903631568,1,0,0,5.52825927734375,correct_negative
1766_0.84_0.74.png,2,0,0.14888638257980347,0.14888638257980347,0.467741459608078,0.37181660532951355,0.015869352966547012,0.9501262903213501,0.009359665215015411,0,0,0,1.5237045288085938,correct_negative
1770_0.86_0.61.png,2,0,0.19052457809448242,0.19052457809448242,0.6372600197792053,0.3798883259296417,0.012355456128716469,0.9501262903213501,0.029896166175603867,0,1,1,2.3449440002441406,correct_negative
1776_0.86_1.11.png,2,0,0.1337835192680359,0.1337835192680359,0.5462804436683655,0.37239113450050354,0.03402804955840111,0.9501262903213501,0.0026141528505831957,0,0,0,2.6928558349609375,correct_negative
1781_0.82_1.78.png,2,0,0.029072042554616928,0.029072042554616928,0.04351408779621124,0.17774397134780884,0.003971343860030174,0.9501262903213501,0.002239727647975087,0,0,0,1.6096382141113281,correct_negative
1786_0.64_1.19.png,2,0,0.24434106051921844,0.24434106051921844,0.5451546311378479,0.641846239566803,0.07099664211273193,0.9501262903213501,0.1405189484357834,0,1,1,0.34957122802734375,false_positive
1790_0.66_1.46.png,2,0,0.07755366712808609,0.07755366712808609,0.06757223606109619,0.5129826068878174,0.030420459806919098,0.9501262903213501,0.07286568731069565,0,1,1,1.2243080139160156,false_positive
1795_0.99_1.84.png,2,0,0.20765870809555054,0.20765870809555054,0.9477233290672302,0.8954595923423767,0.6890347003936768,0.9501262903213501,0.034020934253931046,0,0,0,1.7962112426757812,false_positive
17_0.55_1.91.png,2,0,0.9496268033981323,0.9496268033981323,0.8101054430007935,0.23063461482524872,0.0035049288999289274,0.9501262903213501,0.8582103252410889,0,0,0,0.45858001708984375,correct_negative
1806_0.91_0.53.png,2,1,0.9952915906906128,0.9952915906906128,0.6133195161819458,0.6034377813339233,0.46120983362197876,0.9501262903213501,0.950436532497406,0,1,1,-1.08544921875,correct_positive
1810_0.54_1.97.png,2,0,0.26928868889808655,0.26928868889808655,0.6738296151161194,0.4184407889842987,0.0026836670003831387,0.9501262903213501,0.25640764832496643,0,0,0,0.31098175048828125,correct_negative
1816_0.55_1.84.png,2,0,0.059609442949295044,0.059609442949295044,0.5302768349647522,0.9045178294181824,0.3991923928260803,0.9501262903213501,0.004038436338305473,0,0,0,2.156005859375,false_positive
1820_0.95_1.71.png,2,0,0.10289523005485535,0.10289523005485535,0.5812060832977295,0.8573775887489319,0.23581570386886597,0.9501262903213501,0.031922709196805954,0,0,0,1.3973464965820312,false_positive
1826_0.77_1.17.png,2,0,0.3546357750892639,0.3546357750892639,0.12223963439464569,0.2729727327823639,0.006334132980555296,0.9501262903213501,0.09514687955379486,0,1,1,0.6615219116210938,correct_negative
1830_0.88_1.27.png,2,0,0.06251047551631927,0.06251047551631927,0.8016677498817444,0.6336488127708435,0.6586000919342041,0.9501262903213501,0.0010050078853964806,0,0,0,3.4509010314941406,false_positive
1835_0.61_1.23.png,2,0,0.03051619790494442,0.03051619790494442,0.5030336380004883,0.38751456141471863,0.09956537932157516,0.9501262903213501,0.0022472140844911337,0,1,1,3.952495574951172,correct_negative
1841_0.64_1.79.png,2,0,0.11811477690935135,0.11811477690935135,0.3715592920780182,0.473171204328537,0.024287156760692596,0.9501262903213501,0.003865573089569807,0,0,0,1.9263877868652344,correct_negative
1846_0.88_1.38.png,2,0,0.06589894741773605,0.06589894741773605,0.7674216628074646,0.8221079707145691,0.0010776894632726908,0.9501262903213501,0.02317073754966259,0,0,0,1.9395828247070312,false_positive
1852_0.7_0.65.png,2,0,0.7484279274940491,0.7484279274940491,0.8609364032745361,0.5945249795913696,0.003461291315034032,0.9501262903213501,0.14428283274173737,0,1,1,0.9134063720703125,false_positive
1857_0.87_1.23.png,2,0,0.35128358006477356,0.35128358006477356,0.7838006615638733,0.4738112986087799,0.1176571175456047,0.9501262903213501,0.3694983720779419,0,1,1,0.16612625122070312,correct_negative
1862_0.82_1.52.png,2,0,0.45312055945396423,0.45312055945396423,0.10162069648504257,0.27074456214904785,0.023167110979557037,0.9501262903213501,0.34608861804008484,0,0,0,0.00759124755859375,correct_negative
1868_0.87_0.58.png,2,1,0.9690617918968201,0.9690617918968201,0.2852073907852173,0.45953935384750366,0.07483793050050735,0.9501262903213501,0.9033602476119995,0,0,0,-0.44089508056640625,false_negative
1873_0.81_1.59.png,2,0,0.017693011090159416,0.017693011090159416,0.20469674468040466,0.22712741792201996,0.00632951594889164,0.9501262903213501,0.0025554599706083536,0,0,0,2.2956161499023438,correct_negative
1878_0.54_0.67.png,2,0,0.323076993227005,0.323076993227005,0.4368829131126404,0.9265998005867004,0.04166468232870102,0.9501262903213501,0.0207944568246603,0,1,1,1.6264801025390625,false_positive
1882_0.84_1.36.png,2,0,0.3898778557777405,0.3898778557777405,0.33706191182136536,0.5696419477462769,0.24115195870399475,0.9501262903213501,0.0920398160815239,0,1,1,1.1427040100097656,false_positive
1887_0.6_1.79.png,2,0,0.48595309257507324,0.48595309257507324,0.6770685911178589,0.6794019937515259,0.34848377108573914,0.9501262903213501,0.46409663558006287,0,1,1,0.9946212768554688,false_positive
1892_0.85_0.58.png,2,0,0.17772409319877625,0.17772409319877625,0.38668134808540344,0.6659379005432129,0.030539672821760178,0.9501262903213501,0.010820525698363781,0,1,1,2.0541534423828125,false_positive
1899_0.89_1.0.png,2,0,0.16818824410438538,0.16818824410438538,0.4033427834510803,0.6363735795021057,0.4050004780292511,0.9501262903213501,0.009041965939104557,0,0,0,2.242870330810547,false_positive
1904_0.58_0.8.png,2,1,0.9766311049461365,0.9766311049461365,0.7337427139282227,0.6529140472412109,0.29352134466171265,0.9501262903213501,0.939110279083252,0,1,1,-0.7825050354003906,correct_positive
1909_0.97_1.74.png,2,0,0.06318800151348114,0.06318800151348114,0.43277886509895325,0.29558834433555603,0.01612960360944271,0.9501262903213501,0.060177210718393326,1,0,0,1.715423583984375,correct_negative
1913_0.97_0.54.png,2,0,0.4761353135108948,0.4761353135108948,0.6957935094833374,0.7806117534637451,0.5116047859191895,0.9501262903213501,0.22060810029506683,0,1,1,1.3794517517089844,false_positive
1920_0.99_1.69.png,2,0,0.3168419599533081,0.3168419599533081,0.9505162239074707,0.7198643684387207,0.6534448862075806,0.9501262903213501,0.03743286058306694,0,0,0,1.9957466125488281,false_positive
1925_0.83_1.92.png,2,0,0.17527154088020325,0.17527154088020325,0.3615943193435669,0.07331075519323349,4.156798968324438e-05,0.9501262903213501,0.0030160662718117237,1,0,0,3.5143890380859375,correct_negative
1930_0.6_1.26.png,2,0,0.2735605239868164,0.2735605239868164,0.029803335666656494,0.5963008999824524,0.022732531651854515,0.9501262903213501,0.0948791429400444,0,1,1,0.9698295593261719,false_positive
1936_0.52_1.67.png,2,0,0.2945825457572937,0.2945825457572937,0.05408887565135956,0.37442678213119507,0.001302599674090743,0.9501262903213501,0.020175471901893616,0,0,0,1.9178009033203125,correct_negative
1940_0.93_0.78.png,2,0,0.013840777799487114,0.013840777799487114,0.5381465554237366,0.5929244756698608,0.06199123337864876,0.9501262903213501,0.0005120860878378153,0,0,0,5.340198516845703,false_positive
1947_0.91_1.85.png,2,1,0.9156371355056763,0.9156371355056763,0.3385119140148163,0.31675225496292114,0.0008409806177951396,0.9501262903213501,0.7388544082641602,1,0,0,-0.6402931213378906,false_negative
1952_0.78_0.75.png,2,0,0.04341403394937515,0.04341403394937515,0.49000343680381775,0.4404379725456238,0.02094295620918274,0.9501262903213501,0.0011887357104569674,0,0,0,3.219287872314453,correct_negative
1958_0.87_1.08.png,2,0,0.04134516417980194,0.04134516417980194,0.7298242449760437,0.4137038290500641,0.024448810145258904,0.9501262903213501,0.002221293281763792,0,0,0,3.1961441040039062,correct_negative
1962_0.63_1.11.png,2,0,0.05443684384226799,0.05443684384226799,0.4609718322753906,0.5414261221885681,0.01090147439390421,0.9501262903213501,0.0007310371147468686,0,0,0,2.106098175048828,false_positive
1968_0.54_0.91.png,2,0,0.6807384490966797,0.6807384490966797,0.4762367904186249,0.8479709029197693,0.07771944999694824,0.9501262903213501,0.7334837913513184,0,1,1,0.05518341064453125,false_positive
1973_0.82_0.7.png,2,0,0.34613436460494995,0.34613436460494995,0.4972783923149109,0.34738031029701233,0.059835370630025864,0.9501262903213501,0.04782102257013321,0,0,0,1.2234573364257812,correct_negative
1979_0.6_0.93.png,2,0,0.16577406227588654,0.16577406227588654,0.7873748540878296,0.6393986344337463,0.04271466284990311,0.9501262903213501,0.02623952366411686,0,1,1,1.68096923828125,false_positive
1983_0.87_1.51.png,2,0,0.1700020581483841,0.1700020581483841,0.18317528069019318,0.3381931483745575,0.01484764739871025,0.9501262903213501,0.025841711089015007,0,0,0,0.5617713928222656,correct_negative
1988_0.94_1.22.png,2,0,0.07506399601697922,0.07506399601697922,0.1282672882080078,0.4809586703777313,0.009080590680241585,0.9501262903213501,0.01474577747285366,1,0,0,2.1993980407714844,correct_negative
1992_0.81_1.62.png,2,0,0.11401575803756714,0.11401575803756714,0.3152092695236206,0.06073857843875885,3.262616883148439e-05,0.9501262903213501,0.0030904191080480814,1,0,0,2.455219268798828,correct_negative
1998_0.9_0.95.png,2,0,0.026137206703424454,0.026137206703424454,0.33227771520614624,0.41202133893966675,0.03435822203755379,0.9501262903213501,0.002458352129906416,0,0,0,3.1586074829101562,correct_negative
2003_0.64_1.33.png,2,0,0.5632478594779968,0.5632478594779968,0.40633079409599304,0.7052686810493469,0.031470704823732376,0.9501262903213501,0.4211546778678894,0,1,1,0.565155029296875,false_positive
2008_0.92_1.41.png,2,0,0.08705175668001175,0.08705175668001175,0.9149197340011597,0.8140702247619629,0.010571260936558247,0.9501262903213501,0.046482283622026443,0,0,0,0.7483558654785156,false_positive
2013_1.0_1.78.png,2,0,0.33220529556274414,0.33220529556274414,0.22708956897258759,0.7876404523849487,0.02629903331398964,0.9501262903213501,0.387408971786499,0,0,0,0.5473098754882812,false_positive
2018_0.79_1.89.png,2,1,0.8435713052749634,0.8435713052749634,0.31385260820388794,0.6504683494567871,0.1176033541560173,0.9501262903213501,0.8040635585784912,0,0,0,-0.4234275817871094,correct_positive
2023_0.82_1.53.png,2,0,0.22767464816570282,0.22767464816570282,0.20885725319385529,0.3375394642353058,0.0014411398442462087,0.9501262903213501,0.026242123916745186,0,0,0,1.5162734985351562,correct_negative
2028_0.98_1.27.png,2,0,0.2589753270149231,0.2589753270149231,0.13670386373996735,0.09204310178756714,0.0018089432269334793,0.9501262903213501,0.05380198732018471,0,0,0,0.7871589660644531,correct_negative
2033_0.61_0.56.png,2,0,0.6402813196182251,0.6402813196182251,0.427301287651062,0.73720782995224,0.030616166070103645,0.9501262903213501,0.544013261795044,0,1,1,0.5654296875,false_positive
2041_1.0_1.84.png,2,1,0.9141474962234497,0.9141474962234497,0.0006989473477005959,0.023639675229787827,0.0001219810001202859,0.9501262903213501,0.5716874599456787,1,0,0,-0.062419891357421875,false_negative
2047_0.52_1.45.png,2,0,0.4725989103317261,0.4725989103317261,0.2960667014122009,0.10761034488677979,9.315667557530105e-05,0.9501262903213501,0.2137116938829422,0,0,0,0.1182861328125,correct_negative
2052_0.66_0.92.png,2,0,0.31391939520835876,0.31391939520835876,0.094822958111763,0.2586500644683838,0.0025886069051921368,0.9501262903213501,0.055223532021045685,0,0,0,0.7252044677734375,correct_negative
2058_0.71_0.74.png,2,0,0.10904907435178757,0.10904907435178757,0.7257561683654785,0.3792003393173218,0.010715329088270664,0.9501262903213501,0.04721234738826752,0,1,1,0.7069778442382812,correct_negative
2062_0.98_0.6.png,2,0,0.881313681602478,0.881313681602478,0.7235393524169922,0.3215257525444031,0.13010160624980927,0.9501262903213501,0.8843845129013062,0,1,1,0.6562232971191406,correct_negative
2067_0.76_1.54.png,2,0,0.2113216668367386,0.2113216668367386,0.2804561257362366,0.2667045593261719,0.06541041284799576,0.9501262903213501,0.0014397242339327931,0,0,0,2.7520523071289062,correct_negative
2072_0.87_1.18.png,2,0,0.7443334460258484,0.7443334460258484,0.11831096559762955,0.2620505094528198,0.002636079443618655,0.9501262903213501,0.5399630069732666,0,0,0,0.3000030517578125,correct_negative
2079_0.62_1.17.png,2,0,0.1776147335767746,0.1776147335767746,0.5257532000541687,0.9051175713539124,0.026493875309824944,0.9501262903213501,0.005549277178943157,0,0,0,1.4957160949707031,false_positive
2085_0.88_1.01.png,2,0,0.3328831195831299,0.3328831195831299,0.41707491874694824,0.33959412574768066,0.09818456321954727,0.9501262903213501,0.3973277807235718,0,1,1,0.16204833984375,correct_negative
208_0.52_0.53.png,2,0,0.8729020357131958,0.8729020357131958,0.8099698424339294,0.28724217414855957,0.026806756854057312,0.9501262903213501,0.8477128148078918,0,1,1,-0.00345611572265625,correct_negative
2094_0.56_1.05.png,2,0,0.30876386165618896,0.30876386165618896,0.24373947083950043,0.6945429444313049,0.03208170458674431,0.9501262903213501,0.01694662868976593,0,0,0,2.1935653686523438,false_positive
209_0.89_1.85.png,2,1,0.9473502039909363,0.9473502039909363,0.017087198793888092,0.0033691427670419216,5.5393375077983364e-06,0.9501262903213501,0.693629801273346,0,0,0,-0.5907974243164062,false_negative
2104_0.71_0.86.png,2,0,0.0657045841217041,0.0657045841217041,0.24637524783611298,0.47744491696357727,0.011391489766538143,0.9501262903213501,0.032124463468790054,0,1,1,1.4418754577636719,correct_negative
2109_0.56_1.42.png,2,0,0.19410908222198486,0.19410908222198486,0.38703182339668274,0.4703344702720642,0.030303170904517174,0.9501262903213501,0.004549509845674038,0,0,0,2.5411376953125,correct_negative
2114_0.9_1.51.png,2,0,0.1740851253271103,0.1740851253271103,0.07732813060283661,0.20882414281368256,0.0005206527421250939,0.9501262903213501,0.018180757761001587,0,0,0,1.1388359069824219,correct_negative
2119_0.54_1.47.png,2,0,0.6790534257888794,0.6790534257888794,0.7648292779922485,0.4264322817325592,0.0028803194873034954,0.9501262903213501,0.08682757616043091,0,0,0,0.7002792358398438,correct_negative
2123_0.66_0.89.png,2,0,0.6789371967315674,0.6789371967315674,0.6473636031150818,0.7413386702537537,0.039438582956790924,0.9501262903213501,0.4787794053554535,0,1,1,1.2683448791503906,false_positive
2129_0.8_0.51.png,2,1,0.9596853852272034,0.9596853852272034,0.09141630679368973,0.2746759355068207,0.0075348541140556335,0.9501262903213501,0.9522585272789001,0,1,1,-0.09052276611328125,false_negative
2135_0.51_1.0.png,2,1,0.7004116773605347,0.7004116773605347,0.9796220064163208,0.7474038600921631,0.12365345656871796,0.9501262903213501,0.8324626684188843,0,1,1,-0.12314224243164062,correct_positive
213_0.97_0.85.png,2,1,0.644497811794281,0.644497811794281,0.18015578389167786,0.27078282833099365,0.028156355023384094,0.9501262903213501,0.6564323306083679,0,0,0,-0.596893310546875,false_negative
2145_0.59_1.25.png,2,0,0.3478851914405823,0.3478851914405823,0.7734684348106384,0.7046746611595154,0.024710917845368385,0.9501262903213501,0.11351179331541061,0,1,1,1.1682624816894531,false_positive
214_0.82_1.6.png,2,1,0.7858753800392151,0.7858753800392151,0.12267912179231644,0.1797688752412796,0.002115704584866762,0.9501262903213501,0.8819451332092285,0,0,0,-0.6726226806640625,false_negative
2156_0.71_1.75.png,2,0,0.32257455587387085,0.32257455587387085,0.825361430644989,0.4840681254863739,0.0031990937422960997,0.9501262903213501,0.012178679928183556,0,0,0,2.041095733642578,correct_negative
2160_0.67_0.84.png,2,0,0.14104245603084564,0.14104245603084564,0.9110026359558105,0.8115047812461853,0.259039044380188,0.9501262903213501,0.03873797878623009,0,1,1,1.3622512817382812,false_positive
2169_0.78_0.79.png,2,1,0.8734867572784424,0.8734867572784424,0.17572596669197083,0.30787184834480286,0.1273345798254013,0.9501262903213501,0.9229167103767395,0,1,1,-0.40456390380859375,false_negative
2175_0.99_0.85.png,2,0,0.6913642883300781,0.6913642883300781,0.24133870005607605,0.335584431886673,0.03202563896775246,0.9501262903213501,0.8070254325866699,0,1,1,-0.005336761474609375,correct_negative
217_0.79_0.54.png,2,0,0.23921364545822144,0.23921364545822144,0.20128773152828217,0.42256078124046326,0.02357982099056244,0.9501262903213501,0.048250336199998856,0,0,0,1.1817436218261719,correct_negative
2184_0.86_1.39.png,2,0,0.023303359746932983,0.023303359746932983,0.172367662191391,0.3410012423992157,0.058577995747327805,0.9501262903213501,0.005452387034893036,0,0,0,1.814788818359375,correct_negative
2192_0.68_1.84.png,2,1,0.9941415190696716,0.9941415190696716,0.05278249457478523,0.2530813217163086,0.0016374470433220267,0.9501262903213501,0.9357538819313049,0,0,0,-0.12599945068359375,false_negative
2198_0.89_1.09.png,2,0,0.2697347104549408,0.2697347104549408,0.0888449102640152,0.461257666349411,0.04189421981573105,0.9501262903213501,0.26150938868522644,0,1,1,0.7365646362304688,correct_negative
2205_0.53_0.61.png,2,0,0.7265966534614563,0.7265966534614563,0.8205156922340393,0.5877552032470703,0.14225657284259796,0.9501262903213501,0.47544947266578674,0,1,1,0.88006591796875,false_positive
2210_0.81_1.94.png,2,0,0.13297848403453827,0.13297848403453827,0.10461655259132385,0.12564580142498016,0.006175561808049679,0.9501262903213501,0.027900870889425278,0,0,0,1.892364501953125,correct_negative
2215_0.59_1.63.png,2,0,0.5385173559188843,0.5385173559188843,0.5012054443359375,0.7866091132164001,0.1814500242471695,0.9501262903213501,0.24162660539150238,0,0,0,0.40215301513671875,false_positive
2223_0.72_1.73.png,2,1,0.2691899836063385,0.2691899836063385,0.32841935753822327,0.5596305131912231,0.043977513909339905,0.9501262903213501,0.6636714935302734,0,1,1,-0.4637718200683594,correct_positive
2229_0.71_0.55.png,2,0,0.8930398225784302,0.8930398225784302,0.6162894368171692,0.6625914573669434,0.2666485607624054,0.9501262903213501,0.6846914291381836,0,1,1,0.3621482849121094,false_positive
2234_0.76_1.1.png,2,0,0.7183244824409485,0.7183244824409485,0.45824217796325684,0.7316731214523315,0.15190638601779938,0.9501262903213501,0.7324978709220886,0,1,1,0.062145233154296875,false_positive
223_1.0_0.79.png,2,1,0.9936240911483765,0.9936240911483765,0.5906404852867126,0.3519897758960724,0.010331477038562298,0.9501262903213501,0.9760466814041138,0,0,0,-2.0512619018554688,false_negative
2245_0.55_0.94.png,2,0,0.5410482287406921,0.5410482287406921,0.5417443513870239,0.8981326222419739,0.1862029880285263,0.9501262903213501,0.30367639660835266,0,1,1,0.9391059875488281,false_positive
224_0.52_0.84.png,2,0,0.06006745249032974,0.06006745249032974,0.9925843477249146,0.8023000955581665,0.008365911431610584,0.9501262903213501,0.0033797589130699635,0,0,0,4.396595001220703,false_positive
2254_0.99_0.51.png,2,1,0.9732896089553833,0.9732896089553833,0.4727417826652527,0.5080217719078064,0.05270155519247055,0.9501262903213501,0.9923332929611206,0,1,1,-1.2286911010742188,correct_positive
225_0.53_0.84.png,2,1,0.525347113609314,0.525347113609314,0.9650110006332397,0.5757747888565063,0.10675100237131119,0.9501262903213501,0.7125011682510376,0,0,0,-0.49822998046875,correct_positive
2264_0.66_1.54.png,2,0,0.34214136004447937,0.34214136004447937,0.14450521767139435,0.8090276718139648,0.3630675971508026,0.9501262903213501,0.5258340835571289,0,1,1,-0.029529571533203125,false_positive
226_0.56_0.7.png,2,0,0.7841947674751282,0.7841947674751282,0.6259151101112366,0.6492173075675964,0.25691717863082886,0.9501262903213501,0.5666236281394958,0,0,0,0.02465057373046875,false_positive
2274_0.51_1.64.png,2,0,0.22351191937923431,0.22351191937923431,0.4645264446735382,0.7941237092018127,0.03556980937719345,0.9501262903213501,0.10859866440296173,0,0,0,0.5959243774414062,false_positive
2279_0.82_0.88.png,2,0,0.7965666651725769,0.7965666651725769,0.9455875754356384,0.802718460559845,0.47843241691589355,0.9501262903213501,0.8778586387634277,0,1,1,0.03806304931640625,false_positive
2283_0.58_1.18.png,2,0,0.38069775700569153,0.38069775700569153,0.6463327407836914,0.6016244888305664,0.02677307091653347,0.9501262903213501,0.09055908024311066,0,1,1,0.3917694091796875,false_positive
2288_0.81_1.07.png,2,0,0.5923128128051758,0.5923128128051758,0.8381880521774292,0.5844007134437561,0.48415741324424744,0.9501262903213501,0.3879394233226776,0,1,1,0.22119903564453125,false_positive
2294_1.0_1.16.png,2,0,0.12863968312740326,0.12863968312740326,0.7740335464477539,0.4831923544406891,0.012617900967597961,0.9501262903213501,0.004231607541441917,0,0,0,2.258129119873047,correct_negative
2299_0.98_1.19.png,2,0,0.08699644356966019,0.08699644356966019,0.3981980085372925,0.6213335394859314,0.06056853383779526,0.9501262903213501,0.00770960608497262,0,0,0,1.1966629028320312,false_positive
2303_0.52_1.19.png,2,1,0.5825671553611755,0.5825671553611755,0.7162351608276367,0.5306892395019531,0.01920386217534542,0.9501262903213501,0.7736257314682007,0,1,1,-0.7729034423828125,correct_positive
2308_0.76_0.92.png,2,0,0.04125618189573288,0.04125618189573288,0.8401216268539429,0.7872027158737183,0.1504177302122116,0.9501262903213501,0.005380924791097641,0,0,0,3.4851303100585938,false_positive
2316_0.6_0.62.png,2,0,0.871453583240509,0.871453583240509,0.8912196159362793,0.6570543050765991,0.15990076959133148,0.9501262903213501,0.8820468783378601,0,1,1,0.2169647216796875,false_positive
2320_0.98_0.73.png,2,0,0.004741665441542864,0.004741665441542864,0.4681774973869324,0.5606361627578735,0.16438177227973938,0.9501262903213501,0.001554034766741097,0,0,0,3.445343017578125,false_positive
2327_0.63_0.89.png,2,0,0.6373835802078247,0.6373835802078247,0.9181925654411316,0.6082796454429626,0.022902103140950203,0.9501262903213501,0.19576451182365417,0,1,1,0.63836669921875,false_positive
2331_0.98_0.96.png,2,1,0.2054160088300705,0.2054160088300705,0.15155987441539764,0.33849209547042847,0.005042162258177996,0.9501262903213501,0.109415702521801,0,0,0,-0.07323455810546875,false_negative
2336_0.74_1.8.png,2,0,0.10447769612073898,0.10447769612073898,0.012324810959398746,0.03343432396650314,0.0004957074415870011,0.9501262903213501,0.0019778774585574865,1,0,0,3.289398193359375,correct_negative
2344_0.82_1.64.png,2,0,0.4648708701133728,0.4648708701133728,0.5530198812484741,0.6582400798797607,0.01845516823232174,0.9501262903213501,0.05058494210243225,0,0,0,0.6819992065429688,false_positive
2349_0.65_1.14.png,2,0,0.14682017266750336,0.14682017266750336,0.03419087454676628,0.20909297466278076,0.002804861404001713,0.9501262903213501,0.0007201740518212318,0,0,0,2.7913818359375,correct_negative
2354_0.59_1.78.png,2,0,0.4250018894672394,0.4250018894672394,0.10493721812963486,0.5266388654708862,0.1121264174580574,0.9501262903213501,0.23288124799728394,0,1,1,1.2635688781738281,false_positive
2359_0.84_1.95.png,2,0,0.2164018154144287,0.2164018154144287,0.09750180691480637,0.1399114429950714,0.00043265667045488954,0.9501262903213501,0.1216803714632988,0,0,0,0.5797843933105469,correct_negative
2363_0.66_1.89.png,2,0,0.01648053713142872,0.01648053713142872,0.25663527846336365,0.5392475128173828,0.008974187076091766,0.9501262903213501,0.0008693014970049262,0,0,0,4.616039276123047,false_positive
2368_0.75_1.39.png,2,0,0.030448026955127716,0.030448026955127716,0.11436782032251358,0.39514774084091187,0.007402908988296986,0.9501262903213501,0.002946598222479224,0,0,0,1.9798049926757812,correct_negative
2373_0.69_0.53.png,2,0,0.9504681825637817,0.9504681825637817,0.8325201869010925,0.6997254490852356,0.3321352005004883,0.9501262903213501,0.9241384267807007,0,1,1,0.14566802978515625,false_positive
237_0.62_1.11.png,2,0,0.006513245403766632,0.006513245403766632,0.004561331123113632,0.15373918414115906,0.00027885896270163357,0.9501262903213501,0.02398991584777832,1,0,0,3.7728614807128906,correct_negative
2386_0.97_1.08.png,2,0,0.05457097664475441,0.05457097664475441,0.3057155907154083,0.6091416478157043,0.026062898337841034,0.9501262903213501,0.019234295934438705,0,0,0,1.4602851867675781,false_positive
2391_0.53_1.36.png,2,0,0.5805748105049133,0.5805748105049133,0.38664698600769043,0.7392141819000244,0.16591514647006989,0.9501262903213501,0.34323614835739136,0,1,1,0.8236770629882812,false_positive
2398_0.89_1.09.png,2,0,0.3206033408641815,0.3206033408641815,0.5658029317855835,0.4216691255569458,0.0031413945835083723,0.9501262903213501,0.03513646498322487,0,0,0,3.1005516052246094,correct_negative
2402_0.8_0.8.png,2,0,0.052259281277656555,0.052259281277656555,0.4126698672771454,0.4865840673446655,0.0048348442651331425,0.9501262903213501,4.252757571521215e-05,0,0,0,6.495014190673828,correct_negative
2408_0.55_1.94.png,2,1,0.983135461807251,0.983135461807251,0.6429969072341919,0.473650723695755,0.0035005847457796335,0.9501262903213501,0.9847603440284729,0,0,0,-1.4640846252441406,false_negative
2414_0.77_1.67.png,2,0,0.09050768613815308,0.09050768613815308,0.23131056129932404,0.03007538430392742,7.731321238679811e-05,0.9501262903213501,0.007498973980545998,0,0,0,1.7669410705566406,correct_negative
2419_0.95_0.73.png,2,1,0.910438597202301,0.910438597202301,0.5409499406814575,0.4010465145111084,0.044661324471235275,0.9501262903213501,0.8722145557403564,0,0,0,-0.7318115234375,false_negative
2425_0.65_0.63.png,2,1,0.998664379119873,0.998664379119873,0.2606154680252075,0.6374824047088623,0.031004026532173157,0.9501262903213501,0.9972125887870789,0,1,1,-3.0024452209472656,correct_positive
2431_0.95_1.53.png,2,0,0.13387764990329742,0.13387764990329742,0.2618936598300934,0.412783682346344,0.004605710040777922,0.9501262903213501,0.14874038100242615,0,0,0,0.3451652526855469,correct_negative
2438_0.72_1.78.png,2,0,0.8362637758255005,0.8362637758255005,0.2456173300743103,0.11646132916212082,0.0002133221714757383,0.9501262903213501,0.8144611120223999,0,1,1,-0.0419921875,correct_negative
2442_0.66_0.8.png,2,0,0.2648515999317169,0.2648515999317169,0.5550805926322937,0.6965974569320679,0.02780141681432724,0.9501262903213501,0.02729915641248226,0,1,1,2.2932052612304688,false_positive
2447_0.83_1.03.png,2,0,0.6728265285491943,0.6728265285491943,0.7726954221725464,0.6398617029190063,0.3208809196949005,0.9501262903213501,0.38780316710472107,0,1,1,0.6112022399902344,false_positive
2452_0.96_0.86.png,2,0,0.7529913187026978,0.7529913187026978,0.5190246105194092,0.5845075249671936,0.12970280647277832,0.9501262903213501,0.8704661130905151,0,1,1,0.01262664794921875,false_positive
2457_0.53_1.85.png,2,0,0.1805621087551117,0.1805621087551117,0.04665127396583557,0.41839754581451416,0.07995008677244186,0.9501262903213501,0.041385672986507416,0,0,0,1.2714157104492188,correct_negative
2461_0.8_0.72.png,2,0,0.6651900410652161,0.6651900410652161,0.8552204966545105,0.7371219992637634,0.10258606821298599,0.9501262903213501,0.4889081120491028,0,1,1,0.46875762939453125,false_positive
2466_0.83_0.85.png,2,0,0.46280500292778015,0.46280500292778015,0.2814270555973053,0.590428352355957,0.7474653720855713,0.9501262903213501,0.10866418480873108,0,1,1,0.3572273254394531,false_positive
2471_0.54_1.65.png,2,0,0.539672315120697,0.539672315120697,0.2729152739048004,0.8573461174964905,0.5788882374763489,0.9501262903213501,0.3998911678791046,0,1,1,0.051723480224609375,false_positive
2476_0.67_0.56.png,2,1,0.9895831346511841,0.9895831346511841,0.6126388907432556,0.6271048784255981,0.17440636456012726,0.9501262903213501,0.9794923067092896,0,1,1,-0.8404464721679688,correct_positive
2480_0.85_1.87.png,2,0,0.030127674341201782,0.030127674341201782,0.541973352432251,0.06392767280340195,0.001222604769282043,0.9501262903213501,0.010387706570327282,0,0,0,1.10107421875,correct_negative
2485_0.56_1.06.png,2,1,0.8981613516807556,0.8981613516807556,0.5997743010520935,0.6319599747657776,0.07382205128669739,0.9501262903213501,0.9577178955078125,0,1,1,-0.21548843383789062,correct_positive
2490_0.71_1.73.png,2,0,0.12475205957889557,0.12475205957889557,0.13870106637477875,0.08076028525829315,0.0007707094773650169,0.9501262903213501,0.0036718689370900393,0,0,0,0.992828369140625,correct_negative
2496_0.61_0.78.png,2,0,0.21230819821357727,0.21230819821357727,0.48976588249206543,0.44009026885032654,0.02657267451286316,0.9501262903213501,0.059540074318647385,0,1,1,1.8390235900878906,correct_negative
24_0.53_1.21.png,2,0,0.004452573601156473,0.004452573601156473,0.89288330078125,0.18097174167633057,0.03765731677412987,0.9501262903213501,0.0002708171959966421,1,0,0,3.1905517578125,correct_negative
2504_0.91_1.76.png,2,0,0.041324906051158905,0.041324906051158905,0.498318612575531,0.2750324308872223,0.0033239852637052536,0.9501262903213501,0.016297096386551857,0,0,0,2.5398635864257812,correct_negative
2509_0.89_1.4.png,2,0,0.8073620796203613,0.8073620796203613,0.483340859413147,0.566752552986145,0.1437004655599594,0.9501262903213501,0.84627765417099,0,1,1,0.4030799865722656,false_positive
2514_0.72_0.64.png,2,0,0.14843818545341492,0.14843818545341492,0.10596350580453873,0.31865546107292175,0.013575424440205097,0.9501262903213501,0.061510492116212845,0,1,1,0.7139549255371094,correct_negative
2519_0.97_1.49.png,2,0,0.2090190351009369,0.2090190351009369,0.16247855126857758,0.1941232532262802,0.000340903497999534,0.9501262903213501,0.06979753077030182,0,0,0,1.0191535949707031,correct_negative
2523_0.52_1.93.png,2,0,0.08001066744327545,0.08001066744327545,0.48606404662132263,0.4844972789287567,1.6475079974043183e-05,0.9501262903213501,0.20508098602294922,0,0,0,0.09287643432617188,correct_negative
2529_0.77_0.68.png,2,0,0.4589696228504181,0.4589696228504181,0.731907844543457,0.7351420521736145,0.4563266932964325,0.9501262903213501,0.04664082080125809,0,1,1,0.6368598937988281,false_positive
2535_1.0_1.71.png,2,0,0.7293152809143066,0.7293152809143066,0.9290968179702759,0.9230919480323792,0.11108878999948502,0.9501262903213501,0.2333562672138214,0,0,0,0.5409622192382812,false_positive
253_0.78_0.73.png,2,0,0.0014027192955836654,0.0014027192955836654,0.14635390043258667,0.36108869314193726,0.005503722466528416,0.9501262903213501,1.0670253686839715e-05,0,0,0,6.864704132080078,correct_negative
2544_0.83_1.21.png,2,0,0.31947654485702515,0.31947654485702515,0.7752360701560974,0.7603950500488281,0.8043723702430725,0.9501262903213501,0.3085917532444,0,1,1,-0.009792327880859375,false_positive
2549_0.61_1.7.png,2,0,0.3194963335990906,0.3194963335990906,0.44582483172416687,0.5480207800865173,0.0006287381984293461,0.9501262903213501,0.04780977964401245,0,0,0,0.7932319641113281,false_positive
2554_0.63_1.32.png,2,0,0.778174638748169,0.778174638748169,0.07924876362085342,0.635898232460022,0.0669383704662323,0.9501262903213501,0.1261070817708969,0,0,0,1.0652313232421875,false_positive
2559_0.81_1.96.png,2,0,0.23377671837806702,0.23377671837806702,0.33338430523872375,0.3710951507091522,0.012841550633311272,0.9501262903213501,0.008086849935352802,0,0,0,1.3594512939453125,correct_negative
2564_0.59_1.09.png,2,1,0.8465511202812195,0.8465511202812195,0.6719046831130981,0.5911701321601868,0.03553402051329613,0.9501262903213501,0.9167121052742004,0,1,1,-0.09299850463867188,correct_positive
256_0.94_1.27.png,2,0,0.00215656915679574,0.00215656915679574,0.348446786403656,0.10452480614185333,0.00026261588209308684,0.9501262903213501,0.0009727640426717699,1,0,0,4.955047607421875,correct_negative
2574_0.57_1.08.png,2,0,0.05626616254448891,0.05626616254448891,0.2526152431964874,0.49255120754241943,0.011330637149512768,0.9501262903213501,0.03622366115450859,0,1,1,1.0500221252441406,correct_negative
2579_0.77_0.86.png,2,0,0.11541041731834412,0.11541041731834412,0.11985089629888535,0.7212600111961365,0.24379053711891174,0.9501262903213501,0.02335900254547596,0,1,1,1.0719528198242188,false_positive
2583_0.66_0.66.png,2,0,0.9740747213363647,0.9740747213363647,0.2594607174396515,0.6335326433181763,0.053218238055706024,0.9501262903213501,0.9147118926048279,0,1,1,0.7227973937988281,false_positive
2588_0.7_1.03.png,2,0,0.4196769893169403,0.4196769893169403,0.4939959943294525,0.6337692141532898,0.5321341753005981,0.9501262903213501,0.07943011820316315,0,1,1,1.1280288696289062,false_positive
2592_0.73_0.67.png,2,1,0.7930772304534912,0.7930772304534912,0.6792318820953369,0.7231048941612244,0.07415459305047989,0.9501262903213501,0.7341625690460205,0,1,1,-0.23414993286132812,correct_positive
2597_0.99_1.21.png,2,0,0.9483513832092285,0.9483513832092285,0.9125030636787415,0.7813639640808105,0.10529085248708725,0.9501262903213501,0.8924995064735413,0,1,1,0.3823356628417969,false_positive
2601_0.9_1.5.png,2,0,0.2917027771472931,0.2917027771472931,0.836312472820282,0.5903211832046509,0.0015146175865083933,0.9501262903213501,0.2637496888637543,0,1,1,-0.046596527099609375,false_positive
2606_0.59_0.6.png,2,0,0.669467031955719,0.669467031955719,0.9339233636856079,0.7664681673049927,0.28113290667533875,0.9501262903213501,0.4165678024291992,0,1,1,0.40009307861328125,false_positive
2613_0.76_1.52.png,2,0,0.5858865976333618,0.5858865976333618,0.5844278931617737,0.6411389112472534,0.09792694449424744,0.9501262903213501,0.28129318356513977,0,1,1,1.4099845886230469,false_positive
2618_0.53_1.46.png,2,0,0.3497122526168823,0.3497122526168823,0.1727781593799591,0.10661140084266663,0.00038932968163862824,0.9501262903213501,0.6361778378486633,0,1,1,0.35164642333984375,correct_negative
2622_0.82_1.18.png,2,0,0.018412532284855843,0.018412532284855843,0.6579950451850891,0.49898645281791687,0.0629744678735733,0.9501262903213501,0.00545776030048728,0,0,0,2.5591163635253906,correct_negative
2627_0.78_1.93.png,2,0,0.2784316837787628,0.2784316837787628,0.06910775601863861,0.10100728273391724,0.0006472764071077108,0.9501262903213501,0.036384217441082,0,0,0,0.8546867370605469,correct_negative
2631_0.81_1.01.png,2,0,0.017967168241739273,0.017967168241739273,0.4479750990867615,0.29320135712623596,0.008376063778996468,0.9501262903213501,0.0019066291861236095,0,0,0,2.917926788330078,correct_negative
2636_0.8_1.94.png,2,0,0.15562258660793304,0.15562258660793304,0.32128334045410156,0.723854124546051,0.11230089515447617,0.9501262903213501,0.07534199953079224,0,0,0,0.6734542846679688,false_positive
2642_0.86_1.21.png,2,0,0.032970696687698364,0.032970696687698364,0.49486762285232544,0.36132436990737915,0.0029592178761959076,0.9501262903213501,0.012434174306690693,0,0,0,1.2458229064941406,correct_negative
2647_0.91_1.62.png,2,0,0.47930094599723816,0.47930094599723816,0.027935413643717766,0.31875669956207275,0.000703842262737453,0.9501262903213501,0.40534326434135437,0,0,0,0.4970054626464844,correct_negative
2653_0.5_0.98.png,2,0,0.7991634011268616,0.7991634011268616,0.8805938959121704,0.6488922834396362,0.1946268081665039,0.9501262903213501,0.9278296232223511,0,1,1,0.07877731323242188,false_positive
2658_0.78_1.47.png,2,0,0.13467486202716827,0.13467486202716827,0.15709154307842255,0.16336660087108612,0.0038684371393173933,0.9501262903213501,0.01082685124129057,0,0,0,1.331390380859375,correct_negative
2663_0.54_1.88.png,2,0,0.23317798972129822,0.23317798972129822,0.8118733167648315,0.5181608200073242,0.014142404310405254,0.9501262903213501,0.011600226163864136,0,0,0,1.0283126831054688,false_positive
2668_0.91_1.54.png,2,0,0.1357707530260086,0.1357707530260086,0.6572793126106262,0.5551409721374512,0.016035225242376328,0.9501262903213501,0.012026338838040829,0,0,0,1.2165794372558594,false_positive
2673_0.77_1.49.png,2,0,0.24558879435062408,0.24558879435062408,0.8444218039512634,0.7292983531951904,0.4080706834793091,0.9501262903213501,0.09278092533349991,0,1,1,0.8946037292480469,false_positive
2679_0.72_1.97.png,2,0,0.712458610534668,0.712458610534668,0.24048954248428345,0.08724267780780792,0.00012473766400944442,0.9501262903213501,0.3870700001716614,0,0,0,0.16253662109375,correct_negative
2685_0.69_1.42.png,2,0,0.0540507435798645,0.0540507435798645,0.12966465950012207,0.3520822823047638,0.00019689364125952125,0.9501262903213501,0.011333153583109379,0,0,0,1.362274169921875,correct_negative
2690_0.97_1.47.png,2,0,0.6577956080436707,0.6577956080436707,0.9879946112632751,0.9626355171203613,0.9344484210014343,0.9501262903213501,0.34181052446365356,0,0,0,0.5893020629882812,false_positive
2695_0.53_1.16.png,2,0,0.4714720547199249,0.4714720547199249,0.6458206176757812,0.2974145710468292,0.03274976834654808,0.9501262903213501,0.4781036674976349,0,1,1,0.037662506103515625,correct_negative
269_0.6_1.75.png,2,0,0.1310286521911621,0.1310286521911621,0.005277975462377071,0.01724834553897381,0.000589780742302537,0.9501262903213501,0.00010837273293873295,0,0,0,6.6705474853515625,correct_negative
2704_0.84_1.81.png,2,0,0.14718200266361237,0.14718200266361237,0.5940283536911011,0.4778856635093689,0.008254689164459705,0.9501262903213501,0.10105342417955399,0,0,0,0.4801979064941406,correct_negative
2709_0.51_0.52.png,2,1,0.9723807573318481,0.9723807573318481,0.9506535530090332,0.884418785572052,0.7156440019607544,0.9501262903213501,0.9404509663581848,0,1,1,-0.2779731750488281,correct_positive
2713_0.86_1.67.png,2,0,0.16039811074733734,0.16039811074733734,0.13808687031269073,0.5909833312034607,0.024305807426571846,0.9501262903213501,0.012448985129594803,0,0,0,1.4087066650390625,false_positive
2719_0.8_1.91.png,2,1,0.9561715722084045,0.9561715722084045,0.7876263856887817,0.47593924403190613,0.004833362530916929,0.9501262903213501,0.7268274426460266,0,0,0,-0.14061737060546875,false_negative
2724_0.83_1.93.png,2,1,0.9704556465148926,0.9704556465148926,0.6441012620925903,0.1576915979385376,0.007410719525068998,0.9501262903213501,0.8034436106681824,0,0,0,-0.3779106140136719,false_negative
2729_0.71_1.51.png,2,0,0.039739206433296204,0.039739206433296204,0.019695384427905083,0.36279767751693726,0.003911771811544895,0.9501262903213501,0.0011159642599523067,0,0,0,2.3282241821289062,correct_negative
2734_0.94_0.69.png,2,1,0.9792869091033936,0.9792869091033936,0.9194968938827515,0.1765364706516266,0.0011708032106980681,0.9501262903213501,0.9824562072753906,0,1,1,-1.1375274658203125,false_negative
2739_0.95_1.39.png,2,0,0.09353624284267426,0.09353624284267426,0.5506524443626404,0.3459518253803253,0.016871759667992592,0.9501262903213501,0.0041798497550189495,0,0,0,1.8728446960449219,correct_negative
2744_0.6_1.82.png,2,0,0.11562293022871017,0.11562293022871017,0.3866526782512665,0.6136915683746338,0.01102418638765812,0.9501262903213501,0.011597908101975918,0,0,0,0.8573646545410156,false_positive
274_0.88_1.73.png,2,0,0.03008877858519554,0.03008877858519554,0.06861243396997452,0.06240749731659889,0.00040492709376849234,0.9501262903213501,0.12355790287256241,1,0,0,0.6009979248046875,correct_negative
2755_0.99_0.79.png,2,0,0.17439581453800201,0.17439581453800201,0.2659914791584015,0.41292545199394226,0.03558598831295967,0.9501262903213501,0.007493589073419571,0,0,0,0.8657379150390625,correct_negative
275_0.96_1.64.png,2,0,0.060290589928627014,0.060290589928627014,0.07374685257673264,0.08634664118289948,0.0004424370708875358,0.9501262903213501,0.16792519390583038,1,0,0,0.24737548828125,correct_negative
2764_0.85_1.06.png,2,0,0.05175548046827316,0.05175548046827316,0.4034683108329773,0.27095502614974976,0.011557507328689098,0.9501262903213501,0.12894760072231293,0,1,1,1.1572265625,correct_negative
2770_0.77_1.63.png,2,0,0.08315378427505493,0.08315378427505493,0.321985125541687,0.4156474173069,0.14602212607860565,0.9501262903213501,0.008941908366978168,0,0,0,1.3650703430175781,correct_negative
2775_0.9_0.66.png,2,0,0.05775563791394234,0.05775563791394234,0.038155682384967804,0.7421022653579712,0.5285436511039734,0.9501262903213501,0.0005660881870426238,0,0,0,3.261089324951172,false_positive
2780_0.82_0.68.png,2,0,0.15361855924129486,0.15361855924129486,0.8961443901062012,0.6289075613021851,0.07493659853935242,0.9501262903213501,0.1852397620677948,0,1,1,0.46282196044921875,false_positive
2785_0.69_1.99.png,2,0,0.0667848289012909,0.0667848289012909,0.04646169766783714,0.06017741188406944,0.0022895291913300753,0.9501262903213501,0.005951277911663055,0,0,0,3.1401596069335938,correct_negative
2791_0.51_1.66.png,2,0,0.0890720933675766,0.0890720933675766,0.3213579058647156,0.5045283436775208,0.026527374982833862,0.9501262903213501,0.016858501359820366,0,1,1,1.6494522094726562,false_positive
2796_0.8_1.44.png,2,0,0.02329743467271328,0.02329743467271328,0.9075347781181335,0.6201613545417786,0.27056685090065,0.9501262903213501,0.0019203212577849627,0,0,0,2.8981781005859375,false_positive
27_0.89_0.7.png,2,0,0.14343547821044922,0.14343547821044922,0.9962589740753174,0.578444242477417,0.11499828845262527,0.9501262903213501,0.019921356812119484,1,0,0,3.1104354858398438,false_positive
2804_0.51_1.83.png,2,1,0.9997414946556091,0.9997414946556091,0.9997367262840271,0.9656526446342468,0.023007478564977646,0.9501262903213501,0.9927037954330444,0,0,0,-2.7644577026367188,correct_positive
2809_0.86_1.19.png,2,0,0.012635272927582264,0.012635272927582264,0.34581422805786133,0.6408840417861938,0.007689903024584055,0.9501262903213501,0.00043869204819202423,0,0,0,4.060733795166016,false_positive
2813_0.71_1.07.png,2,0,0.23133498430252075,0.23133498430252075,0.057844776660203934,0.49143514037132263,0.005251550115644932,0.9501262903213501,0.0743233859539032,0,1,1,0.7173423767089844,correct_negative
2819_0.97_0.52.png,2,0,0.47483882308006287,0.47483882308006287,0.7428126335144043,0.32084181904792786,0.02835301123559475,0.9501262903213501,0.10096611082553864,0,0,0,0.5613632202148438,correct_negative
2824_0.6_0.54.png,2,0,0.5820985436439514,0.5820985436439514,0.7918938398361206,0.6183360815048218,0.009434047155082226,0.9501262903213501,0.38639411330223083,0,1,1,0.2529449462890625,false_positive
2830_0.75_1.22.png,2,0,0.37622272968292236,0.37622272968292236,0.41590073704719543,0.6986428499221802,0.04309498891234398,0.9501262903213501,0.6749156713485718,0,1,1,0.3440895080566406,false_positive
2835_0.84_0.58.png,2,0,0.12473223358392715,0.12473223358392715,0.27152708172798157,0.24888239800930023,0.008627011440694332,0.9501262903213501,0.006421719677746296,0,1,1,1.6087074279785156,correct_negative
2842_0.9_1.38.png,2,1,0.6438890099525452,0.6438890099525452,0.1319691687822342,0.44416487216949463,0.028653200715780258,0.9501262903213501,0.5936497449874878,0,0,0,-0.3896484375,false_negative
2848_0.64_1.91.png,2,0,0.16959792375564575,0.16959792375564575,0.19724822044372559,0.47646671533584595,0.02416408061981201,0.9501262903213501,0.07117912918329239,0,0,0,0.6809883117675781,correct_negative
2853_0.97_1.52.png,2,0,0.4285573363304138,0.4285573363304138,0.10275261849164963,0.5146729350090027,0.00048747501568868756,0.9501262903213501,0.332462340593338,0,0,0,0.2832527160644531,false_positive
2858_0.6_1.11.png,2,0,0.17223329842090607,0.17223329842090607,0.7557510137557983,0.38944873213768005,0.01120113953948021,0.9501262903213501,0.07241243869066238,0,1,1,0.9247207641601562,correct_negative
2862_0.91_1.23.png,2,0,0.2443397045135498,0.2443397045135498,0.031875427812337875,0.1910262107849121,0.007990784011781216,0.9501262903213501,0.0688561424612999,0,0,0,0.7535400390625,correct_negative
2867_0.81_1.2.png,2,0,0.23692992329597473,0.23692992329597473,0.09741928428411484,0.5502455830574036,0.025321271270513535,0.9501262903213501,0.023027075454592705,0,0,0,1.4058761596679688,false_positive
2872_0.75_1.98.png,2,0,0.05763889476656914,0.05763889476656914,0.14059853553771973,0.33182665705680847,0.008309178985655308,0.9501262903213501,0.010075218044221401,0,0,0,2.2575607299804688,correct_negative
2877_0.98_1.2.png,2,0,0.07930928468704224,0.07930928468704224,0.04841705784201622,0.5467373728752136,0.010929779149591923,0.9501262903213501,0.006421925965696573,1,0,0,3.6421546936035156,false_positive
2882_0.8_0.68.png,2,0,0.049187444150447845,0.049187444150447845,0.31473058462142944,0.41237184405326843,0.039122212678194046,0.9501262903213501,0.0018260133219882846,0,0,0,3.3732376098632812,correct_negative
2888_0.93_0.59.png,2,0,0.730076253414154,0.730076253414154,0.8573946952819824,0.3615862727165222,0.022945094853639603,0.9501262903213501,0.7709212303161621,0,1,1,0.2938194274902344,correct_negative
2893_0.66_0.92.png,2,1,0.9861130118370056,0.9861130118370056,0.34670329093933105,0.5207113027572632,0.026745304465293884,0.9501262903213501,0.9894275069236755,0,1,1,-0.3463592529296875,correct_positive
289_0.83_1.16.png,2,0,0.038851138204336166,0.038851138204336166,0.09808678925037384,0.17270134389400482,0.0012691541342064738,0.9501262903213501,0.047856174409389496,0,0,0,2.1455154418945312,correct_negative
2906_0.79_0.86.png,2,0,0.07462809234857559,0.07462809234857559,0.3335838317871094,0.1926916390657425,0.0038824696093797684,0.9501262903213501,0.003278431249782443,0,0,0,3.4410743713378906,correct_negative
2912_0.99_0.95.png,2,1,0.8418328166007996,0.8418328166007996,0.2748069763183594,0.16785770654678345,0.0002276516315760091,0.9501262903213501,0.696751594543457,0,0,0,-0.07138824462890625,false_negative
291_0.53_1.8.png,2,0,0.12555158138275146,0.12555158138275146,0.39124393463134766,0.30990904569625854,0.005243261344730854,0.9501262903213501,0.06088010221719742,0,0,0,1.8262176513671875,correct_negative
2925_0.64_1.85.png,2,0,0.01577606610953808,0.01577606610953808,0.4812678396701813,0.41293784976005554,0.018389541655778885,0.9501262903213501,0.017202647402882576,1,0,0,2.1150741577148438,correct_negative
292_0.67_0.61.png,2,1,0.6537840962409973,0.6537840962409973,0.412805438041687,0.602206289768219,0.01315958984196186,0.9501262903213501,0.4652829170227051,0,0,0,-0.4124412536621094,correct_positive
2935_0.62_0.71.png,2,0,0.9544751048088074,0.9544751048088074,0.7219425439834595,0.6106764078140259,0.013552219606935978,0.9501262903213501,0.7475415468215942,0,0,0,0.5077438354492188,false_positive
2940_0.96_0.73.png,2,0,0.542788028717041,0.542788028717041,0.5610209703445435,0.6406859159469604,0.039074260741472244,0.9501262903213501,0.08044925332069397,0,0,0,0.7119827270507812,false_positive
2945_0.82_1.27.png,2,0,0.01557889487594366,0.01557889487594366,0.11297644674777985,0.2082558274269104,0.00097827916033566,0.9501262903213501,0.006864957977086306,0,0,0,2.110736846923828,correct_negative
294_0.64_0.79.png,2,0,0.23347938060760498,0.23347938060760498,0.16679657995700836,0.4549899995326996,0.05814802274107933,0.9501262903213501,0.002510899445042014,0,0,0,3.397724151611328,correct_negative
2955_0.54_1.51.png,2,0,0.12827561795711517,0.12827561795711517,0.9060847759246826,0.8574889898300171,0.06843984127044678,0.9501262903213501,0.06925860792398453,0,1,1,1.5380058288574219,false_positive
2960_0.83_1.03.png,2,0,0.012441752478480339,0.012441752478480339,0.4527718424797058,0.4359509348869324,0.0650075152516365,0.9501262903213501,0.0005449711461551487,0,0,0,4.706157684326172,correct_negative
2967_0.66_0.63.png,2,0,0.06610018014907837,0.06610018014907837,0.7365469336509705,0.42098861932754517,0.04015796259045601,0.9501262903213501,0.0024014075752347708,0,0,0,2.8325843811035156,correct_negative
2971_0.86_1.96.png,2,0,0.03961314260959625,0.03961314260959625,0.737432599067688,0.20707331597805023,0.01894531585276127,0.9501262903213501,0.007469342090189457,1,0,0,4.4381561279296875,correct_negative
2977_0.54_1.2.png,2,0,0.20272840559482574,0.20272840559482574,0.09350020438432693,0.5852572321891785,0.010851324535906315,0.9501262903213501,0.0038390611298382282,0,0,0,2.7738380432128906,false_positive
2984_0.77_0.51.png,2,1,0.9623057842254639,0.9623057842254639,0.8954916000366211,0.35115551948547363,0.1534632295370102,0.9501262903213501,0.9653722643852234,0,1,1,-0.8920669555664062,false_negative
2989_0.93_1.05.png,2,0,0.06212662160396576,0.06212662160396576,0.6883037090301514,0.4892798960208893,0.008333015255630016,0.9501262903213501,0.0067932577803730965,0,0,0,2.581165313720703,correct_negative
2994_0.81_0.58.png,2,0,0.8705549240112305,0.8705549240112305,0.864641547203064,0.717988133430481,0.13972504436969757,0.9501262903213501,0.8076039552688599,0,1,1,0.2900428771972656,false_positive
2_0.59_1.95.png,2,0,0.0596318356692791,0.0596318356692791,0.33062300086021423,0.38822147250175476,0.088437519967556,0.9501262903213501,0.0056925262324512005,1,0,0,3.2713451385498047,correct_negative
303_0.68_0.54.png,2,0,0.1871851235628128,0.1871851235628128,0.37130415439605713,0.16301345825195312,0.14540474116802216,0.9501262903213501,0.0009997155284509063,1,0,0,4.468029022216797,correct_negative
30_0.69_1.52.png,2,0,0.00041612263885326684,0.00041612263885326684,0.2655564546585083,0.030649865046143532,0.0006287968717515469,0.9501262903213501,0.000962199701461941,1,0,0,4.772762298583984,correct_negative
315_0.68_0.58.png,2,0,0.016152016818523407,0.016152016818523407,0.33683449029922485,0.8276939392089844,0.13260841369628906,0.9501262903213501,0.0005757350008934736,0,0,0,4.434898376464844,false_positive
322_0.52_0.78.png,2,0,0.014423681423068047,0.014423681423068047,0.9995465874671936,0.9054455161094666,0.026656143367290497,0.9501262903213501,0.00018380630353931338,1,0,0,6.996894836425781,false_positive
334_0.53_0.79.png,2,0,0.09596093744039536,0.09596093744039536,0.5077685713768005,0.4977211356163025,0.07106263190507889,0.9501262903213501,0.007970319129526615,1,0,0,1.3787307739257812,correct_negative
33_0.9_0.83.png,2,0,0.013494434766471386,0.013494434766471386,0.1861124336719513,0.30594968795776367,0.015155143104493618,0.9501262903213501,0.001102810143493116,1,0,0,5.879772186279297,correct_negative
350_0.61_0.85.png,2,0,0.04061640426516533,0.04061640426516533,0.07392729073762894,0.6777263283729553,0.14567513763904572,0.9501262903213501,0.006182550918310881,1,0,0,2.9691162109375,false_positive
359_0.85_0.67.png,2,0,0.0414666123688221,0.0414666123688221,0.5647189617156982,0.21749494969844818,0.018229559063911438,0.9501262903213501,0.006820423062890768,1,0,0,4.161334991455078,correct_negative
363_0.77_0.88.png,2,0,0.006698905490338802,0.006698905490338802,0.028446877375245094,0.10041282325983047,0.0014543189899995923,0.9501262903213501,0.004299091640859842,0,0,0,4.557888031005859,correct_negative
370_0.53_0.88.png,2,0,0.9888657927513123,0.9888657927513123,0.09867572039365768,0.5273911952972412,0.010153168812394142,0.9501262903213501,0.8752238750457764,0,0,0,0.2985725402832031,false_positive
376_0.72_1.61.png,2,0,0.008690930902957916,0.008690930902957916,0.045616794377565384,0.4095500111579895,0.005449478980153799,0.9501262903213501,0.11775567382574081,0,0,0,2.24371337890625,correct_negative
382_0.85_0.82.png,2,0,0.004323411267250776,0.004323411267250776,0.10098174214363098,0.26305562257766724,0.005260742735117674,0.9501262903213501,0.0017376950709149241,0,0,0,4.181148529052734,correct_negative
388_0.82_1.27.png,2,0,0.0025444102939218283,0.0025444102939218283,0.09645581245422363,0.43088990449905396,0.044775016605854034,0.9501262903213501,7.743923924863338e-05,0,0,0,6.028656005859375,correct_negative
394_0.77_1.13.png,2,0,0.7149643898010254,0.7149643898010254,0.10459188371896744,0.20621012151241302,0.008438210934400558,0.9501262903213501,0.6582412719726562,0,0,0,0.31719207763671875,correct_negative
39_0.85_1.11.png,2,0,0.00834926962852478,0.00834926962852478,0.22474247217178345,0.11531488597393036,0.0009914170950651169,0.9501262903213501,0.015841666609048843,1,0,0,2.5371665954589844,correct_negative
407_0.59_0.69.png,2,0,0.1454615294933319,0.1454615294933319,0.8638449907302856,0.6343539357185364,0.05548530071973801,0.9501262903213501,0.024584215134382248,0,1,1,1.570068359375,false_positive
411_0.78_1.03.png,2,0,0.07591044157743454,0.07591044157743454,0.012967132963240147,0.3731442987918854,0.0031015907879918814,0.9501262903213501,6.655582546954975e-05,1,0,0,10.368400573730469,correct_negative
420_0.54_1.64.png,2,0,0.9045006036758423,0.9045006036758423,0.6069782972335815,0.4712778925895691,0.004082119558006525,0.9501262903213501,0.8487123250961304,0,0,0,0.275665283203125,correct_negative
426_0.75_1.86.png,2,0,0.16853928565979004,0.16853928565979004,0.18651846051216125,0.02442792057991028,9.122193296207115e-05,0.9501262903213501,0.12068275362253189,1,0,0,0.7428169250488281,correct_negative
433_0.62_1.02.png,2,0,0.024450406432151794,0.024450406432151794,0.6218253374099731,0.26203298568725586,0.07036101818084717,0.9501262903213501,0.004324930254369974,1,0,0,4.17413330078125,correct_negative
439_0.95_1.86.png,2,0,0.0022590388543903828,0.0022590388543903828,0.10360844433307648,0.4673905670642853,0.0004633112112060189,0.9501262903213501,0.0012053600512444973,1,0,0,3.077106475830078,correct_negative
448_0.97_1.07.png,2,0,0.000804198149126023,0.000804198149126023,0.004842319991439581,0.0008497960516251624,0.00019822805188596249,0.9501262903213501,0.00023605367459822446,1,0,0,6.040439605712891,correct_negative
452_0.51_0.55.png,2,1,0.998529314994812,0.998529314994812,0.5125082731246948,0.8597201108932495,0.08016695827245712,0.9501262903213501,0.9739805459976196,0,1,1,-1.3914337158203125,correct_positive
458_0.92_1.89.png,2,0,0.050259046256542206,0.050259046256542206,0.5608893632888794,0.09933450818061829,0.0004765026969835162,0.9501262903213501,0.013557442463934422,1,0,0,3.5042991638183594,correct_negative
462_0.65_1.65.png,2,0,0.0003436649276409298,0.0003436649276409298,0.21401704847812653,0.034088555723428726,0.004000546410679817,0.9501262903213501,2.117231360898586e-06,1,0,0,11.21310806274414,correct_negative
469_0.67_1.87.png,2,0,0.007728843484073877,0.007728843484073877,0.20851291716098785,0.09744855016469955,0.0003986156661994755,0.9501262903213501,0.002460860414430499,1,0,0,6.76611328125,correct_negative
475_0.64_1.59.png,2,1,0.8973132967948914,0.8973132967948914,0.3043278455734253,0.19201473891735077,0.007135697174817324,0.9501262903213501,0.8339673280715942,1,0,0,-0.749176025390625,false_negative
480_0.96_1.82.png,2,0,0.002420361153781414,0.002420361153781414,0.1430046409368515,0.01176685281097889,1.946636984939687e-05,0.9501262903213501,0.01863117143511772,1,0,0,3.1522598266601562,correct_negative
487_0.51_1.74.png,2,0,0.0016588246216997504,0.0016588246216997504,0.12204235792160034,0.021968837827444077,0.017289940267801285,0.9501262903213501,2.5948322218027897e-05,1,0,0,8.137454986572266,correct_negative
496_0.74_0.69.png,2,0,0.08664561063051224,0.08664561063051224,0.014965111389756203,0.17430466413497925,0.008781798183918,0.9501262903213501,0.016185246407985687,0,0,0,3.296459197998047,correct_negative
502_0.56_1.0.png,2,0,0.006004230119287968,0.006004230119287968,0.031850311905145645,0.2965974807739258,0.03802984952926636,0.9501262903213501,0.0024419832043349743,0,0,0,3.7871665954589844,correct_negative
507_0.74_1.31.png,2,0,0.009878954850137234,0.009878954850137234,0.02148648537695408,0.029681246727705002,0.0009260344668291509,0.9501262903213501,0.00033735521719790995,0,0,0,4.569847106933594,correct_negative
512_0.71_0.63.png,2,0,0.3269520103931427,0.3269520103931427,0.7971776723861694,0.6754629611968994,0.352371484041214,0.9501262903213501,0.12919281423091888,0,1,1,1.1507301330566406,false_positive
51_0.68_1.74.png,2,0,0.007851121947169304,0.007851121947169304,0.11374825239181519,0.0934746116399765,0.00035088087315671146,0.9501262903213501,0.0018399871187284589,1,0,0,6.865657806396484,correct_negative
526_0.85_0.81.png,2,0,0.001849503256380558,0.001849503256380558,0.08422978222370148,0.37182286381721497,0.007801332511007786,0.9501262903213501,2.239356399513781e-05,0,0,0,7.584377288818359,correct_negative
531_0.55_1.19.png,2,0,0.02742559090256691,0.02742559090256691,0.09469912201166153,0.420189768075943,0.011045959778130054,0.9501262903213501,0.016030801460146904,0,0,0,1.719329833984375,correct_negative
537_0.67_1.66.png,2,0,0.0008454935159534216,0.0008454935159534216,0.12753574550151825,0.09130270779132843,0.004410509020090103,0.9501262903213501,0.00036998989526182413,1,0,0,7.916866302490234,correct_negative
541_0.62_1.42.png,2,0,0.004534730222076178,0.004534730222076178,0.917312502861023,0.43026429414749146,0.019134240224957466,0.9501262903213501,0.0012680123327299953,1,0,0,5.4594268798828125,correct_negative
546_0.73_0.63.png,2,0,0.1421465426683426,0.1421465426683426,0.2991422414779663,0.6767062544822693,0.06275615841150284,0.9501262903213501,0.004930491093546152,0,0,0,4.219245910644531,false_positive
551_0.75_1.66.png,2,0,0.013225585222244263,0.013225585222244263,0.04502936080098152,0.01733970083296299,0.06818512082099915,0.9501262903213501,0.0012937468709424138,1,0,0,5.1712188720703125,correct_negative
557_0.89_1.35.png,2,0,0.06341610103845596,0.06341610103845596,0.045773182064294815,0.13112659752368927,0.002410589950159192,0.9501262903213501,0.04043031856417656,0,0,0,1.7539863586425781,correct_negative
563_0.58_1.44.png,2,0,0.020673995837569237,0.020673995837569237,0.010380998253822327,0.015011992305517197,0.0001805063511710614,0.9501262903213501,0.001897076261229813,0,0,0,3.8288307189941406,correct_negative
572_0.78_1.08.png,2,0,0.0037272716872394085,0.0037272716872394085,0.031216315925121307,0.1836097687482834,0.009992830455303192,0.9501262903213501,0.002116390271112323,0,0,0,4.856258392333984,correct_negative
579_0.69_1.44.png,2,0,0.01724264770746231,0.01724264770746231,0.020642763003706932,0.12264461070299149,0.07357344776391983,0.9501262903213501,0.0008393615717068315,0,0,0,3.6214866638183594,correct_negative
584_0.79_1.9.png,2,0,0.0052650184370577335,0.0052650184370577335,0.029003463685512543,0.2880444824695587,0.009760376065969467,0.9501262903213501,0.005183923523873091,1,0,0,3.092527389526367,correct_negative
592_0.61_0.98.png,2,0,0.10031280666589737,0.10031280666589737,0.01245904341340065,0.47451847791671753,0.13115310668945312,0.9501262903213501,0.0001535921182949096,1,0,0,6.621761322021484,correct_negative
597_0.55_0.65.png,2,0,0.6248212456703186,0.6248212456703186,0.35572609305381775,0.7667973637580872,0.05160946398973465,0.9501262903213501,0.12315745651721954,0,1,1,1.2910575866699219,false_positive
602_0.76_1.57.png,2,0,0.015336627140641212,0.015336627140641212,0.05128585919737816,0.6399008631706238,0.022430554032325745,0.9501262903213501,0.00122781319078058,1,0,0,5.575374603271484,false_positive
609_0.58_1.34.png,2,1,0.9976853132247925,0.9976853132247925,0.4917427897453308,0.7573762536048889,0.0726674497127533,0.9501262903213501,0.26478832960128784,1,0,0,-3.8901023864746094,correct_positive
617_0.73_1.62.png,2,0,0.002060448983684182,0.002060448983684182,0.2696046233177185,0.18448643386363983,0.01203085482120514,0.9501262903213501,0.0009233152377419174,1,0,0,4.798618316650391,correct_negative
624_0.88_1.47.png,2,0,0.0352671854197979,0.0352671854197979,0.0030545576009899378,0.0825338140130043,0.07706110924482346,0.9501262903213501,0.0002795321343000978,1,0,0,6.826045989990234,correct_negative
632_0.91_1.4.png,2,0,0.0029089886229485273,0.0029089886229485273,0.020154813304543495,0.06331129372119904,0.0006274993065744638,0.9501262903213501,0.023166600614786148,1,0,0,2.2453460693359375,correct_negative
639_0.85_0.74.png,2,0,0.006714769173413515,0.006714769173413515,0.1175977885723114,0.16633521020412445,0.00472633633762598,0.9501262903213501,0.016125109046697617,0,0,0,3.82586669921875,correct_negative
645_0.92_0.79.png,2,1,0.5760163068771362,0.5760163068771362,0.12802505493164062,0.28863653540611267,0.019984697923064232,0.9501262903213501,0.9906127452850342,0,0,0,-3.0570716857910156,false_negative
650_0.88_1.7.png,2,0,0.05950850248336792,0.05950850248336792,0.07864134013652802,0.11455269902944565,0.0003821598074864596,0.9501262903213501,0.07035817950963974,1,0,0,1.1286048889160156,correct_negative
657_0.8_1.55.png,2,0,0.002212452469393611,0.002212452469393611,0.017517967149615288,0.004001311492174864,5.125256939209066e-05,0.9501262903213501,0.0033005457371473312,1,0,0,5.3427581787109375,correct_negative
661_0.6_1.84.png,2,0,0.3014029264450073,0.3014029264450073,0.4116726815700531,0.9691216945648193,0.9946780204772949,0.9501262903213501,0.05922972410917282,1,0,0,1.74285888671875,false_positive
668_0.88_1.12.png,2,0,0.029524926096200943,0.029524926096200943,0.6639221906661987,0.2441725879907608,0.008590483106672764,0.9501262903213501,0.0013443244388327003,0,0,0,4.123729705810547,correct_negative
674_0.93_0.72.png,2,0,0.011332395486533642,0.011332395486533642,0.09470748901367188,0.31977593898773193,0.005671951919794083,0.9501262903213501,4.06859653594438e-05,0,0,0,7.3730926513671875,correct_negative
67_0.67_1.69.png,2,0,0.025474384427070618,0.025474384427070618,0.21936456859111786,0.06734930723905563,0.010795973241329193,0.9501262903213501,0.008092543110251427,0,0,0,4.8630828857421875,correct_negative
685_0.58_0.78.png,2,0,0.10969892889261246,0.10969892889261246,0.6414863467216492,0.5552382469177246,0.06603317707777023,0.9501262903213501,0.002224492374807596,0,0,0,3.1522293090820312,false_positive
690_0.54_1.0.png,2,0,0.16001760959625244,0.16001760959625244,0.999121367931366,0.9277005791664124,0.02310916967689991,0.9501262903213501,0.010367041453719139,1,0,0,1.59161376953125,false_positive
698_0.55_1.7.png,2,0,0.01732438988983631,0.01732438988983631,0.05410245433449745,0.050379835069179535,0.21722716093063354,0.9501262903213501,0.001327127800323069,1,0,0,4.870136260986328,correct_negative
701_0.62_0.85.png,2,0,0.005006845574826002,0.005006845574826002,0.14499029517173767,0.4592096209526062,0.03532318398356438,0.9501262903213501,6.574485450983047e-05,1,0,0,7.838188171386719,correct_negative
707_0.94_1.48.png,2,0,0.0004463125951588154,0.0004463125951588154,0.030103394761681557,0.003181994892656803,1.3955756003269926e-05,0.9501262903213501,0.01095517911016941,1,0,0,4.162700653076172,correct_negative
711_0.71_1.84.png,2,0,0.02059260383248329,0.02059260383248329,0.11372187733650208,0.13312558829784393,0.009562717750668526,0.9501262903213501,0.0072386860847473145,0,0,0,2.7679595947265625,correct_negative
716_0.79_1.12.png,2,0,0.0015450742794200778,0.0015450742794200778,0.12443362176418304,0.22227253019809723,0.007840866222977638,0.9501262903213501,0.00043456070125102997,1,0,0,5.182075500488281,correct_negative
721_0.83_1.09.png,2,0,0.02670177072286606,0.02670177072286606,0.02530677057802677,0.15462009608745575,0.006494823377579451,0.9501262903213501,0.008878502063453197,1,0,0,5.1025238037109375,correct_negative
727_0.65_1.01.png,2,0,0.6679877638816833,0.6679877638816833,0.5387709736824036,0.3301540017127991,0.014615456573665142,0.9501262903213501,0.5244626402854919,0,1,1,1.4689598083496094,correct_negative
732_0.98_1.12.png,2,0,0.003746219677850604,0.003746219677850604,0.008431343361735344,0.1334463357925415,0.0014207494677975774,0.9501262903213501,0.0059010908007621765,1,0,0,5.561836242675781,correct_negative
742_0.78_1.13.png,2,0,0.011239313520491123,0.011239313520491123,0.20026704668998718,0.4796872138977051,0.040333837270736694,0.9501262903213501,0.06412654370069504,0,0,0,2.162090301513672,correct_negative
74_0.6_1.25.png,2,0,0.86067134141922,0.86067134141922,0.3315192461013794,0.16198807954788208,0.033384937793016434,0.9501262903213501,0.33322808146476746,1,0,0,0.3946533203125,correct_negative
758_0.54_1.45.png,2,0,0.024077294394373894,0.024077294394373894,0.01742793619632721,0.00516603933647275,0.08885663747787476,0.9501262903213501,0.0056509580463171005,0,0,0,3.4875946044921875,correct_negative
763_0.84_1.82.png,2,0,0.03731763735413551,0.03731763735413551,0.10717371851205826,0.0449228435754776,1.632716339372564e-05,0.9501262903213501,0.2953631281852722,0,0,0,-0.04955291748046875,correct_negative
76_0.93_0.69.png,2,0,0.05464905500411987,0.05464905500411987,0.07387709617614746,0.24874816834926605,0.03148584067821503,0.9501262903213501,0.08386015892028809,0,0,0,1.7905349731445312,correct_negative
774_0.55_0.55.png,2,0,0.03194320946931839,0.03194320946931839,0.6133490800857544,0.45417967438697815,0.020786885172128677,0.9501262903213501,0.0003842052537947893,0,0,0,4.423145294189453,correct_negative
780_0.62_1.99.png,2,1,0.9712492823600769,0.9712492823600769,0.6045077443122864,0.878726601600647,0.06693059951066971,0.9501262903213501,0.8760737776756287,1,0,0,-0.8122787475585938,correct_positive
789_0.83_0.77.png,2,0,0.004613697994500399,0.004613697994500399,0.18325598537921906,0.17298941314220428,0.001585475285537541,0.9501262903213501,0.004761279094964266,0,0,0,2.4901199340820312,correct_negative
795_0.86_1.17.png,2,0,0.03705114871263504,0.03705114871263504,0.41957154870033264,0.10447131842374802,0.0022471616975963116,0.9501262903213501,0.029061760753393173,0,0,0,2.4977073669433594,correct_negative
7_0.89_0.6.png,2,0,0.006492245011031628,0.006492245011031628,0.5092883110046387,0.4791392982006073,0.025642134249210358,0.9501262903213501,0.01270146295428276,0,0,0,2.207977294921875,correct_negative
806_0.93_1.51.png,2,0,0.02530040219426155,0.02530040219426155,0.03057202696800232,0.1834268867969513,0.003178436541929841,0.9501262903213501,0.003856011899188161,1,0,0,3.1732311248779297,correct_negative
815_0.7_1.68.png,2,1,0.7925217151641846,0.7925217151641846,0.7367222905158997,0.038861870765686035,0.0057873232290148735,0.9501262903213501,0.7659986019134521,0,0,0,-0.8759269714355469,false_negative
823_0.63_1.96.png,2,0,0.0037467589136213064,0.0037467589136213064,0.2067563533782959,0.010629258118569851,9.32559632929042e-05,0.9501262903213501,0.0021222166251391172,1,0,0,7.985485076904297,correct_negative
828_0.72_1.9.png,2,0,0.0005398762295953929,0.0005398762295953929,0.017301812767982483,0.004345310386270285,0.06378446519374847,0.9501262903213501,4.547579010250047e-06,1,0,0,10.76205825805664,correct_negative
834_0.61_0.66.png,2,0,0.16904129087924957,0.16904129087924957,0.40349337458610535,0.5284736156463623,0.0538497157394886,0.9501262903213501,0.02634577266871929,0,0,0,1.6600875854492188,false_positive
839_0.77_1.34.png,2,0,0.004208853468298912,0.004208853468298912,0.012116117402911186,0.047751374542713165,0.0788923054933548,0.9501262903213501,0.0001253807859029621,1,0,0,7.250160217285156,correct_negative
846_0.68_1.78.png,2,0,0.0003342731506563723,0.0003342731506563723,0.1319555640220642,0.2064291387796402,0.001258984673768282,0.9501262903213501,0.002313152188435197,1,0,0,4.705326080322266,correct_negative
850_0.57_0.78.png,2,0,0.17652921378612518,0.17652921378612518,0.7735574841499329,0.763107419013977,0.047274596989154816,0.9501262903213501,0.11766944825649261,0,1,1,2.6985321044921875,false_positive
858_0.65_1.72.png,2,0,0.004820462316274643,0.004820462316274643,0.4707925617694855,0.016408119350671768,0.0002500424743629992,0.9501262903213501,0.0016261216951534152,1,0,0,4.376628875732422,correct_negative
866_0.78_1.78.png,2,0,0.001541611854918301,0.001541611854918301,0.1997729241847992,0.030837582424283028,0.0011630390072241426,0.9501262903213501,0.0051192366518080235,1,0,0,4.75457763671875,correct_negative
873_0.73_0.83.png,2,0,0.02306208945810795,0.02306208945810795,0.02553272806107998,0.17068983614444733,0.009047416038811207,0.9501262903213501,0.18549206852912903,0,0,0,2.0545921325683594,correct_negative
87_0.79_1.85.png,2,0,0.3708011507987976,0.3708011507987976,0.5022931694984436,0.0361328199505806,0.00018802820704877377,0.9501262903213501,0.08362479507923126,1,0,0,1.5253524780273438,correct_negative
886_0.89_0.98.png,2,0,0.00897158868610859,0.00897158868610859,0.048658326268196106,0.038033485412597656,0.0012425227323547006,0.9501262903213501,0.0004610616888385266,0,0,0,4.017253875732422,correct_negative
891_0.77_1.82.png,2,0,0.0008214319823309779,0.0008214319823309779,0.011503809131681919,0.058076322078704834,0.5303772687911987,0.9501262903213501,1.5252823686751071e-05,1,0,0,10.522079467773438,correct_negative
897_0.63_1.77.png,2,0,0.859085738658905,0.859085738658905,0.10119526088237762,0.21251799166202545,0.0010004915529862046,0.9501262903213501,0.5547326803207397,0,0,0,0.8455352783203125,correct_negative
903_0.81_0.73.png,2,0,0.10740534216165543,0.10740534216165543,0.14884158968925476,0.2779024839401245,0.02003740705549717,0.9501262903213501,0.004272782243788242,0,0,0,2.500225067138672,correct_negative
90_0.87_1.71.png,2,0,0.005688479635864496,0.005688479635864496,0.023811636492609978,0.03251553326845169,0.05507887527346611,0.9501262903213501,0.0003081467584706843,1,0,0,5.7898406982421875,correct_negative
915_0.64_1.08.png,2,0,0.02429663948714733,0.02429663948714733,0.16967052221298218,0.5539532899856567,0.09077973663806915,0.9501262903213501,0.001199249061755836,1,0,0,8.0616455078125,false_positive
91_0.86_1.21.png,2,0,0.011826765723526478,0.011826765723526478,0.04628648981451988,0.1411854773759842,0.02514764294028282,0.9501262903213501,9.770432370714843e-05,0,0,0,5.5957183837890625,correct_negative
924_0.77_0.94.png,2,0,0.000588790571782738,0.000588790571782738,0.0421735905110836,0.10734477639198303,0.018036922439932823,0.9501262903213501,1.2134697726651211e-06,1,0,0,10.624759674072266,correct_negative
92_0.7_0.93.png,2,0,0.4497587978839874,0.4497587978839874,0.003926115110516548,0.09036825597286224,0.26954081654548645,0.9501262903213501,0.009830079041421413,0,0,0,1.9453964233398438,correct_negative
936_0.91_0.66.png,2,0,0.2916029989719391,0.2916029989719391,0.01577276550233364,0.2647115886211395,0.07593344151973724,0.9501262903213501,0.04496272653341293,0,0,0,0.8019027709960938,correct_negative
942_0.98_1.21.png,2,0,0.7276036739349365,0.7276036739349365,0.7517273426055908,0.7246417999267578,0.03510119765996933,0.9501262903213501,0.042966119945049286,0,0,0,2.5406417846679688,false_positive
947_0.83_0.56.png,2,0,0.01779034361243248,0.01779034361243248,0.14738529920578003,0.5187941193580627,0.16735796630382538,0.9501262903213501,0.0015204012161120772,0,0,0,3.697917938232422,false_positive
954_0.92_1.72.png,2,0,0.0041326056234538555,0.0041326056234538555,0.07741095870733261,0.2735098898410797,0.0010248399339616299,0.9501262903213501,0.000354209536453709,1,0,0,6.15045166015625,correct_negative
95_0.85_1.33.png,2,0,0.004581904038786888,0.004581904038786888,0.007136210799217224,0.06814248114824295,0.015233763493597507,0.9501262903213501,0.0006805008742958307,1,0,0,7.158283233642578,correct_negative
964_0.64_1.71.png,2,0,0.020216714590787888,0.020216714590787888,0.7233092784881592,0.05855746567249298,0.00076624023495242,0.9501262903213501,0.004384458996355534,1,0,0,5.913398742675781,correct_negative
969_0.75_1.17.png,2,0,0.00369239691644907,0.00369239691644907,0.2183840423822403,0.19343358278274536,0.06202928349375725,0.9501262903213501,0.001277176896110177,1,0,0,4.381843566894531,correct_negative
974_0.77_1.14.png,2,0,0.012652344070374966,0.012652344070374966,0.3441518545150757,0.5343154072761536,0.023793892934918404,0.9501262903213501,0.0017099230317398906,0,0,0,3.2153091430664062,false_positive
97_0.52_0.61.png,2,1,0.21028056740760803,0.21028056740760803,0.2590029537677765,0.5361300110816956,0.053219012916088104,0.9501262903213501,0.2873746454715729,0,0,0,-0.4013481140136719,correct_positive
986_0.7_1.11.png,2,0,0.03569715842604637,0.03569715842604637,0.35206785798072815,0.28366878628730774,0.038799259811639786,0.9501262903213501,0.0005148572381585836,0,0,0,4.021572113037109,correct_negative
992_0.7_0.95.png,2,0,0.0030365169513970613,0.0030365169513970613,0.10645689070224762,0.445123553276062,0.03032255358994007,0.9501262903213501,0.00026438047643750906,1,0,0,5.913547515869141,correct_negative
998_0.74_1.7.png,2,0,0.0008209362858906388,0.0008209362858906388,0.7085318565368652,0.3283323347568512,0.0216518621891737,0.9501262903213501,5.769036943092942e-05,1,0,0,7.494342803955078,correct_negative
