{
  "runs": {
    "A0": {
      "label": "A0",
      "arch": "official_convir",
      "mode": "original",
      "checkpoint": "/home/caozhiyang/ConvIR-B/checkpoints/official/Haze4K/haze4k-base.pkl",
      "depth_mode": "none",
      "airlight_mode": "none",
      "count": 600,
      "mean_psnr": 39.75413154284159,
      "mean_ssim": 0.9956292870640755,
      "avg_time_sec_sync": 0.024213207960128783,
      "median_time_sec_sync": 0.02443695068359375,
      "peak_cuda_mem_mib": 535.44482421875
    },
    "DTA_v34_v34_fdf_tsr_e1_feature_only_seed3407_f1_quick5full_fallback_train_shuffle": {
      "label": "DTA_v34_v34_fdf_tsr_e1_feature_only_seed3407_f1_quick5full_fallback_train_shuffle",
      "arch": "dta_v3",
      "mode": "modres",
      "checkpoint": "/home/caozhiyang/ConvIR-B/repos/ConvIR-B-dta-v3-4-fdf-tsr-finetune/Dehazing/ITS/results/ConvIR-Haze4K-DTA-v3-4-FDF-TSR-e1_feature_only-seed3407_f1-quick5full/Training-Results/Final.pkl",
      "depth_mode": "shuffle",
      "airlight_mode": "fallback",
      "count": 600,
      "mean_psnr": 39.65047632535299,
      "mean_ssim": 0.9955848053097724,
      "avg_time_sec_sync": 0.034226605097452796,
      "median_time_sec_sync": 0.035047173500061035,
      "peak_cuda_mem_mib": 543.3662109375
    }
  },
  "comparison": {
    "common_count": 600,
    "mean_psnr_delta": -0.10365521748860677,
    "median_psnr_delta": -0.10921096801757812,
    "p5_psnr_delta": -0.6860107421875,
    "p95_psnr_delta": 0.44027004241943324,
    "hard_bottom25_psnr_delta": -0.13161832173665364,
    "easy_top25_psnr_delta": -0.038049418131510415,
    "worst10pct_mean_psnr_delta": -0.7247089385986328,
    "best10pct_mean_psnr_delta": 0.5121460596720377,
    "worst10img_mean_psnr_delta": -1.1051506042480468,
    "best10img_mean_psnr_delta": 0.9862056732177734,
    "worst10_mean_psnr_delta": -0.7247089385986328,
    "best10_mean_psnr_delta": 0.5121460596720377,
    "mean_ssim_delta": -4.4481754302978514e-05,
    "positive_ratio": 0.35,
    "strong_reference_cut_psnr": 42.84021854400635,
    "strong_reference_count": 150,
    "strong_regression_count_delta_le_-0.05": 74,
    "worst_regression_count_delta_le_-0.20": 211
  }
}