{
  "runs": {
    "A0": {
      "label": "A0",
      "arch": "official_convir",
      "mode": "original",
      "checkpoint": "/sda/home/wangyuxin/ConvIR-B/checkpoints/official/Haze4K/haze4k-base.pkl",
      "depth_mode": "none",
      "airlight_mode": "none",
      "count": 600,
      "mean_psnr": 39.75955163955688,
      "mean_ssim": 0.995632650355498,
      "avg_time_sec_sync": 0.045341240564982094,
      "median_time_sec_sync": 0.04305136203765869,
      "peak_cuda_mem_mib": 535.56884765625
    },
    "DTA_v33_v33_routerfusion_d1_loss_seed3407_f1_triage5full_fallback_invert": {
      "label": "DTA_v33_v33_routerfusion_d1_loss_seed3407_f1_triage5full_fallback_invert",
      "arch": "dta_v3",
      "mode": "modres",
      "checkpoint": "/sda/home/wangyuxin/ConvIR-B/repos/ConvIR-B-dta-v3-dapc-finetune-v33-routerfusion/Dehazing/ITS/results/ConvIR-Haze4K-DTA-v3-3-RouterFusion-d1_loss-seed3407-f1-triage5full/Training-Results/Final.pkl",
      "depth_mode": "invert",
      "airlight_mode": "fallback",
      "count": 600,
      "mean_psnr": 39.83391262054443,
      "mean_ssim": 0.9956280745069186,
      "avg_time_sec_sync": 0.058405948082606,
      "median_time_sec_sync": 0.055574893951416016,
      "peak_cuda_mem_mib": 541.8515625
    }
  },
  "comparison": {
    "common_count": 600,
    "mean_psnr_delta": 0.07436098098754883,
    "median_psnr_delta": 0.07642364501953125,
    "p5_psnr_delta": -0.43142337799072267,
    "p95_psnr_delta": 0.5189704895019531,
    "hard_bottom25_psnr_delta": 0.08839739481608073,
    "easy_top25_psnr_delta": 0.03892410278320312,
    "worst10pct_mean_psnr_delta": -0.4669436772664388,
    "best10pct_mean_psnr_delta": 0.5677701314290364,
    "worst10img_mean_psnr_delta": -0.8008026123046875,
    "best10img_mean_psnr_delta": 0.8875144958496094,
    "worst10_mean_psnr_delta": -0.4669436772664388,
    "best10_mean_psnr_delta": 0.5677701314290364,
    "mean_ssim_delta": -4.575848579406738e-06,
    "positive_ratio": 0.635,
    "strong_reference_cut_psnr": 42.834919929504395,
    "strong_reference_count": 150,
    "strong_regression_count_delta_le_-0.05": 49,
    "worst_regression_count_delta_le_-0.20": 83
  }
}
