{
  "runs": {
    "a0": {
      "label": "a0",
      "arch": "convir",
      "mode": "original",
      "checkpoint": "/root/autodl-tmp/workspace/ConvIR-B/Dehazing/pretrained_models/haze4k-base.pkl",
      "count": 300,
      "mean_psnr": 39.46919345855713,
      "mean_ssim": 0.9956027640899022,
      "avg_time_sec_sync": 0.028660775820414226,
      "median_time_sec_sync": 0.03009021282196045,
      "peak_cuda_mem_mib": 535.27294921875
    },
    "v19_seed3407_model_10_val_regular": {
      "label": "v19_seed3407_model_10_val_regular",
      "arch": "dpga",
      "mode": "model_10",
      "checkpoint": "/root/autodl-tmp/workspace/ConvIR-B-v1-9-conditional-teacher/experience_docx/experiment_logs/haze4k_v19_conditional_teacher_guided_20260606/seed_3407/checkpoints/model_10.pkl",
      "count": 300,
      "mean_psnr": 36.900420049031574,
      "mean_ssim": 0.990187479754289,
      "avg_time_sec_sync": 0.03783833583196004,
      "median_time_sec_sync": 0.043633341789245605,
      "peak_cuda_mem_mib": 1163.6376953125
    }
  },
  "comparison": {
    "common_count": 300,
    "mean_psnr_delta": -2.568773409525553,
    "median_psnr_delta": -2.2949790954589844,
    "p5_psnr_delta": -5.370474624633789,
    "p95_psnr_delta": -0.006544494628906189,
    "hard_bottom25_psnr_delta": -1.6496858978271485,
    "easy_top25_psnr_delta": -2.9019811503092448,
    "worst10pct_mean_psnr_delta": -6.823260752360026,
    "best10pct_mean_psnr_delta": 0.35621986389160154,
    "worst10img_mean_psnr_delta": -10.004363441467286,
    "best10img_mean_psnr_delta": 1.4779272079467773,
    "worst10_mean_psnr_delta": -6.823260752360026,
    "best10_mean_psnr_delta": 0.35621986389160154,
    "mean_ssim_delta": -0.005415284335613251,
    "positive_ratio": 0.04666666666666667,
    "strong_reference_cut_psnr": 42.45430278778076,
    "strong_reference_count": 75,
    "strong_regression_count_delta_le_-0.05": 74,
    "worst_regression_count_delta_le_-0.20": 280
  }
}