{
  "runs": {
    "a0": {
      "label": "a0",
      "arch": "convir",
      "mode": "original",
      "checkpoint": "/root/autodl-tmp/workspace/ConvIR-B/Dehazing/pretrained_models/haze4k-base.pkl",
      "count": 300,
      "mean_psnr": 34.24652523676554,
      "mean_ssim": 0.9936463171243668,
      "avg_time_sec_sync": 0.027396164735158286,
      "median_time_sec_sync": 0.02368617057800293,
      "peak_cuda_mem_mib": 536.22607421875
    },
    "v19_seed3407_model_10_val_hard": {
      "label": "v19_seed3407_model_10_val_hard",
      "arch": "dpga",
      "mode": "model_10",
      "checkpoint": "/root/autodl-tmp/workspace/ConvIR-B-v1-9-conditional-teacher/experience_docx/experiment_logs/haze4k_v19_conditional_teacher_guided_20260606/seed_3407/checkpoints/model_10.pkl",
      "count": 300,
      "mean_psnr": 32.73521063486735,
      "mean_ssim": 0.9903257062037786,
      "avg_time_sec_sync": 0.03450318972269694,
      "median_time_sec_sync": 0.03179490566253662,
      "peak_cuda_mem_mib": 1163.5126953125
    }
  },
  "comparison": {
    "common_count": 300,
    "mean_psnr_delta": -1.5113146018981933,
    "median_psnr_delta": -1.4285659790039062,
    "p5_psnr_delta": -3.691242790222168,
    "p95_psnr_delta": 0.8721185684204105,
    "hard_bottom25_psnr_delta": -1.4382691446940103,
    "easy_top25_psnr_delta": -1.7217882283528645,
    "worst10pct_mean_psnr_delta": -3.9760754903157554,
    "best10pct_mean_psnr_delta": 1.2547485987345377,
    "worst10img_mean_psnr_delta": -4.709945869445801,
    "best10img_mean_psnr_delta": 2.4313119888305663,
    "worst10_mean_psnr_delta": -3.9760754903157554,
    "best10_mean_psnr_delta": 1.2547485987345377,
    "mean_ssim_delta": -0.0033206109205881754,
    "positive_ratio": 0.13,
    "strong_reference_cut_psnr": 36.437724113464355,
    "strong_reference_count": 75,
    "strong_regression_count_delta_le_-0.05": 63,
    "worst_regression_count_delta_le_-0.20": 253
  }
}