{
  "runs": {
    "a0": {
      "label": "a0",
      "arch": "convir",
      "mode": "original",
      "checkpoint": "/root/autodl-tmp/workspace/ConvIR-B/Dehazing/pretrained_models/haze4k-base.pkl",
      "count": 300,
      "mean_psnr": 34.24652522404988,
      "mean_ssim": 0.9936463165283204,
      "avg_time_sec_sync": 0.0286677885055542,
      "median_time_sec_sync": 0.02775585651397705,
      "peak_cuda_mem_mib": 536.22607421875
    },
    "v19_seed3407_model_5_val_hard": {
      "label": "v19_seed3407_model_5_val_hard",
      "arch": "dpga",
      "mode": "model_5",
      "checkpoint": "/root/autodl-tmp/workspace/ConvIR-B-v1-9-conditional-teacher/experience_docx/experiment_logs/haze4k_v19_conditional_teacher_guided_20260606/seed_3407/checkpoints/model_5.pkl",
      "count": 300,
      "mean_psnr": 33.607107683817546,
      "mean_ssim": 0.992209585905075,
      "avg_time_sec_sync": 0.03409774621327718,
      "median_time_sec_sync": 0.03156638145446777,
      "peak_cuda_mem_mib": 1163.5126953125
    }
  },
  "comparison": {
    "common_count": 300,
    "mean_psnr_delta": -0.6394175402323405,
    "median_psnr_delta": -0.5898056030273438,
    "p5_psnr_delta": -2.288145637512207,
    "p95_psnr_delta": 0.9091945648193366,
    "hard_bottom25_psnr_delta": -0.6399859873453776,
    "easy_top25_psnr_delta": -0.6569853210449219,
    "worst10pct_mean_psnr_delta": -2.3898434321085613,
    "best10pct_mean_psnr_delta": 1.252790896097819,
    "worst10img_mean_psnr_delta": -2.8640815734863283,
    "best10img_mean_psnr_delta": 2.0845937728881836,
    "worst10_mean_psnr_delta": -2.3898434321085613,
    "best10_mean_psnr_delta": 1.252790896097819,
    "mean_ssim_delta": -0.0014367306232452393,
    "positive_ratio": 0.24,
    "strong_reference_cut_psnr": 36.437724113464355,
    "strong_reference_count": 75,
    "strong_regression_count_delta_le_-0.05": 52,
    "worst_regression_count_delta_le_-0.20": 208
  }
}