{
  "runs": {
    "a0": {
      "label": "a0",
      "arch": "convir",
      "mode": "original",
      "checkpoint": "/root/autodl-tmp/workspace/ConvIR-B/Dehazing/pretrained_models/haze4k-base.pkl",
      "count": 300,
      "mean_psnr": 34.24652523676554,
      "mean_ssim": 0.9936463153362274,
      "avg_time_sec_sync": 0.02761109987894694,
      "median_time_sec_sync": 0.022815942764282227,
      "peak_cuda_mem_mib": 536.22607421875
    },
    "v19_seed3407_model_15_val_hard": {
      "label": "v19_seed3407_model_15_val_hard",
      "arch": "dpga",
      "mode": "model_15",
      "checkpoint": "/root/autodl-tmp/workspace/ConvIR-B-v1-9-conditional-teacher/experience_docx/experiment_logs/haze4k_v19_conditional_teacher_guided_20260606/seed_3407/checkpoints/model_15.pkl",
      "count": 300,
      "mean_psnr": 32.020094089508056,
      "mean_ssim": 0.9884031754732132,
      "avg_time_sec_sync": 0.03365397373835246,
      "median_time_sec_sync": 0.03065669536590576,
      "peak_cuda_mem_mib": 1163.5126953125
    }
  },
  "comparison": {
    "common_count": 300,
    "mean_psnr_delta": -2.226431147257487,
    "median_psnr_delta": -2.4038429260253906,
    "p5_psnr_delta": -4.952932929992675,
    "p95_psnr_delta": 0.5655365943908702,
    "hard_bottom25_psnr_delta": -1.9857653299967448,
    "easy_top25_psnr_delta": -2.6835667419433595,
    "worst10pct_mean_psnr_delta": -5.2620641708374025,
    "best10pct_mean_psnr_delta": 1.077150535583496,
    "worst10img_mean_psnr_delta": -6.150027275085449,
    "best10img_mean_psnr_delta": 2.574465751647949,
    "worst10_mean_psnr_delta": -5.2620641708374025,
    "best10_mean_psnr_delta": 1.077150535583496,
    "mean_ssim_delta": -0.005243139863014221,
    "positive_ratio": 0.08333333333333333,
    "strong_reference_cut_psnr": 36.437724113464355,
    "strong_reference_count": 75,
    "strong_regression_count_delta_le_-0.05": 69,
    "worst_regression_count_delta_le_-0.20": 265
  }
}