{
  "runs": {
    "A0": {
      "label": "A0",
      "arch": "official_convir",
      "mode": "original",
      "checkpoint": "/sda/home/wangyuxin/ConvIR-B/checkpoints/official/Haze4K/haze4k-base.pkl",
      "depth_mode": "none",
      "airlight_mode": "none",
      "count": 600,
      "mean_psnr": 39.35034857114156,
      "mean_ssim": 0.9957262628277143,
      "avg_time_sec_sync": 0.031142603158950805,
      "median_time_sec_sync": 0.031594038009643555,
      "peak_cuda_mem_mib": 535.95654296875
    },
    "DTA_v31_v31_wg18_base_s008_b14_seed3407_f0_gt_normal": {
      "label": "DTA_v31_v31_wg18_base_s008_b14_seed3407_f0_gt_normal",
      "arch": "dta_v3",
      "mode": "modres",
      "checkpoint": "/sda/home/wangyuxin/ConvIR-B/repos/ConvIR-B-dta-v3-dapc-finetune-taillite/Dehazing/ITS/results/ConvIR-Haze4K-DTA-v3-DAPC-DepthDirectTail-wg18_base_s008_b14-seed3407-f0-scout5full/Training-Results/Final.pkl",
      "depth_mode": "normal",
      "airlight_mode": "gt",
      "count": 600,
      "mean_psnr": 39.33869007746379,
      "mean_ssim": 0.995701611340046,
      "avg_time_sec_sync": 0.03905072093009949,
      "median_time_sec_sync": 0.03769266605377197,
      "peak_cuda_mem_mib": 540.77294921875
    }
  },
  "comparison": {
    "common_count": 600,
    "mean_psnr_delta": -0.011658493677775066,
    "median_psnr_delta": 0.0039825439453125,
    "p5_psnr_delta": -0.23259620666503908,
    "p95_psnr_delta": 0.1618059158325193,
    "hard_bottom25_psnr_delta": -0.020334002176920572,
    "easy_top25_psnr_delta": 0.008610483805338541,
    "worst10pct_mean_psnr_delta": -0.2737184842427572,
    "best10pct_mean_psnr_delta": 0.1862858772277832,
    "worst10img_mean_psnr_delta": -0.49172821044921877,
    "best10img_mean_psnr_delta": 0.3050258636474609,
    "worst10_mean_psnr_delta": -0.2737184842427572,
    "best10_mean_psnr_delta": 0.1862858772277832,
    "mean_ssim_delta": -2.4651487668355305e-05,
    "positive_ratio": 0.5266666666666666,
    "strong_reference_cut_psnr": 42.755948066711426,
    "strong_reference_count": 150,
    "strong_regression_count_delta_le_-0.05": 30,
    "worst_regression_count_delta_le_-0.20": 42
  }
}