{
  "runs": {
    "A0": {
      "label": "A0",
      "arch": "official_convir",
      "mode": "original",
      "checkpoint": "/home/caozhiyang/ConvIR-B/checkpoints/official/Haze4K/haze4k-base.pkl",
      "depth_mode": "none",
      "airlight_mode": "none",
      "count": 600,
      "mean_psnr": 39.75413154284159,
      "mean_ssim": 0.9956292870640755,
      "avg_time_sec_sync": 0.026846938927968342,
      "median_time_sec_sync": 0.026016950607299805,
      "peak_cuda_mem_mib": 535.44482421875
    },
    "DTA_v34_v34_fdf_tsr_e1_feature_only_seed3411_f1_quick5full_fallback_train_invert": {
      "label": "DTA_v34_v34_fdf_tsr_e1_feature_only_seed3411_f1_quick5full_fallback_train_invert",
      "arch": "dta_v3",
      "mode": "modres",
      "checkpoint": "/home/caozhiyang/ConvIR-B/repos/ConvIR-B-dta-v3-4-fdf-tsr-finetune/Dehazing/ITS/results/ConvIR-Haze4K-DTA-v3-4-FDF-TSR-e1_feature_only-seed3411_f1-quick5full/Training-Results/Final.pkl",
      "depth_mode": "invert",
      "airlight_mode": "fallback",
      "count": 600,
      "mean_psnr": 39.81143136660258,
      "mean_ssim": 0.9956397674481074,
      "avg_time_sec_sync": 0.034320205847422285,
      "median_time_sec_sync": 0.03501534461975098,
      "peak_cuda_mem_mib": 545.134765625
    }
  },
  "comparison": {
    "common_count": 600,
    "mean_psnr_delta": 0.05729982376098633,
    "median_psnr_delta": 0.05649375915527344,
    "p5_psnr_delta": -0.48647537231445315,
    "p95_psnr_delta": 0.6058895111083978,
    "hard_bottom25_psnr_delta": 0.04759165445963542,
    "easy_top25_psnr_delta": 0.047822850545247396,
    "worst10pct_mean_psnr_delta": -0.5247491200764974,
    "best10pct_mean_psnr_delta": 0.6837121963500976,
    "worst10img_mean_psnr_delta": -0.8432716369628906,
    "best10img_mean_psnr_delta": 1.0483573913574218,
    "worst10_mean_psnr_delta": -0.5247491200764974,
    "best10_mean_psnr_delta": 0.6837121963500976,
    "mean_ssim_delta": 1.048038403193156e-05,
    "positive_ratio": 0.5683333333333334,
    "strong_reference_cut_psnr": 42.84021854400635,
    "strong_reference_count": 150,
    "strong_regression_count_delta_le_-0.05": 61,
    "worst_regression_count_delta_le_-0.20": 104
  }
}