{
  "runs": {
    "A0": {
      "label": "A0",
      "arch": "official_convir",
      "mode": "original",
      "checkpoint": "/home/caozhiyang/ConvIR-B/checkpoints/official/Haze4K/haze4k-base.pkl",
      "depth_mode": "none",
      "airlight_mode": "none",
      "count": 600,
      "mean_psnr": 39.34407578468323,
      "mean_ssim": 0.995722817381223,
      "avg_time_sec_sync": 0.02269420901934306,
      "median_time_sec_sync": 0.024565935134887695,
      "peak_cuda_mem_mib": 535.44482421875
    },
    "DTA_v34_v34_fdf_tsr_e1_feature_only_seed3407_f0_quick5full_fallback_train_zero": {
      "label": "DTA_v34_v34_fdf_tsr_e1_feature_only_seed3407_f0_quick5full_fallback_train_zero",
      "arch": "dta_v3",
      "mode": "modres",
      "checkpoint": "/home/caozhiyang/ConvIR-B/repos/ConvIR-B-dta-v3-4-fdf-tsr-finetune/Dehazing/ITS/results/ConvIR-Haze4K-DTA-v3-4-FDF-TSR-e1_feature_only-seed3407_f0-quick5full/Training-Results/Final.pkl",
      "depth_mode": "zero",
      "airlight_mode": "fallback",
      "count": 600,
      "mean_psnr": 39.1230927435557,
      "mean_ssim": 0.9956337717175484,
      "avg_time_sec_sync": 0.03186602036158244,
      "median_time_sec_sync": 0.034623146057128906,
      "peak_cuda_mem_mib": 543.4287109375
    }
  },
  "comparison": {
    "common_count": 600,
    "mean_psnr_delta": -0.2209830411275228,
    "median_psnr_delta": -0.1984996795654297,
    "p5_psnr_delta": -0.8605253219604493,
    "p95_psnr_delta": 0.32871112823486215,
    "hard_bottom25_psnr_delta": -0.24291140238444012,
    "easy_top25_psnr_delta": -0.23489112854003907,
    "worst10pct_mean_psnr_delta": -0.9250672658284506,
    "best10pct_mean_psnr_delta": 0.39212732315063475,
    "worst10img_mean_psnr_delta": -1.2801721572875977,
    "best10img_mean_psnr_delta": 0.7708305358886719,
    "worst10_mean_psnr_delta": -0.9250672658284506,
    "best10_mean_psnr_delta": 0.39212732315063475,
    "mean_ssim_delta": -8.904566367467244e-05,
    "positive_ratio": 0.25833333333333336,
    "strong_reference_cut_psnr": 42.766201972961426,
    "strong_reference_count": 150,
    "strong_regression_count_delta_le_-0.05": 112,
    "worst_regression_count_delta_le_-0.20": 299
  }
}