{
  "aggregate": {
    "all_seed_strong_gate_pass": true,
    "dSSIM_mean": 0.00023458295398288303,
    "dSSIM_std": 7.351289971430784e-06,
    "easy_top25_dPSNR_mean": 0.40680802239312064,
    "easy_top25_dPSNR_std": 0.018983560885620872,
    "fold_count": 15,
    "hard_bottom25_dPSNR_mean": 0.3266438208685981,
    "hard_bottom25_dPSNR_std": 0.015142430797870426,
    "max_seed_severe_loss_per_600": 43.0,
    "mean_dPSNR_mean": 0.33680639478895397,
    "mean_dPSNR_std": 0.00355918234874593,
    "nonnegative_ratio_mean": 0.8,
    "nonnegative_ratio_std": 0.0036004114991155097,
    "positive_ratio_mean": 0.7977777777777778,
    "positive_ratio_std": 0.003928371006591917,
    "seed_count": 3,
    "selected_precision_mean": 0.799553510775112,
    "selected_precision_std": 0.00366163847433224,
    "severe_loss_per_600_mean": 39.666666666666664,
    "severe_loss_per_600_std": 2.494438257849294,
    "strong_formal_gate_pass": true
  },
  "decision": "C10_FORMAL_5X3_STRONG_PASS_AUTHORIZE_LOCKED_ONE_SHOT",
  "fixed_profile": "riskcap36_no075",
  "locked_test_touched": false,
  "max_seed_severe_gate": 60.0,
  "phase": "C10 Formal 5x3 Fixed Profile Replay",
  "route": "Haze4K-v2.1 SEG-Mix",
  "seed_rows": [
    {
      "count": 600,
      "coverage": 0.9983333333333333,
      "dSSIM": 0.00022778213024139405,
      "easy_top25_dPSNR": 0.3891765340169271,
      "hard_bottom25_dPSNR": 0.3366282653808594,
      "mean_dPSNR": 0.332034797668457,
      "mean_patch_action_fraction_a0": 0.20241666666666666,
      "mean_patch_action_fraction_a0p125": 0.14381249999999998,
      "mean_patch_action_fraction_a0p25": 0.5512916666666666,
      "mean_patch_action_fraction_a0p375": 0.05629166666666668,
      "mean_patch_action_fraction_a0p5": 0.046187500000000006,
      "mean_patch_action_fraction_a0p75": 0.0,
      "nonnegative_ratio": 0.805,
      "positive_ratio": 0.8033333333333333,
      "score": 0.9157550633748371,
      "screen_gate_pass": true,
      "seed": 3407,
      "selected_count": 599,
      "selected_nonnegative_ratio": 0.8046744574290484,
      "selected_precision": 0.8046744574290484,
      "selected_severe_count": 43,
      "severe_loss_count": 43,
      "severe_loss_per_600": 43.0,
      "strong_gate_pass": true,
      "strong_loss_count": 83,
      "strong_loss_per_600": 83.0
    },
    {
      "count": 600,
      "coverage": 0.9983333333333333,
      "dSSIM": 0.0002447931965192159,
      "easy_top25_dPSNR": 0.4331569163004557,
      "hard_bottom25_dPSNR": 0.305245107014974,
      "mean_dPSNR": 0.33780454635620116,
      "mean_patch_action_fraction_a0": 0.20816666666666667,
      "mean_patch_action_fraction_a0p125": 0.0,
      "mean_patch_action_fraction_a0p25": 0.6862708333333333,
      "mean_patch_action_fraction_a0p375": 0.1055625,
      "mean_patch_action_fraction_a0p5": 0.0,
      "mean_patch_action_fraction_a0p75": 0.0,
      "nonnegative_ratio": 0.7966666666666666,
      "positive_ratio": 0.795,
      "score": 0.9090663235982259,
      "screen_gate_pass": true,
      "seed": 3411,
      "selected_count": 599,
      "selected_nonnegative_ratio": 0.7963272120200334,
      "selected_precision": 0.7963272120200334,
      "selected_severe_count": 37,
      "severe_loss_count": 37,
      "severe_loss_per_600": 37.0,
      "strong_gate_pass": true,
      "strong_loss_count": 81,
      "strong_loss_per_600": 81.0
    },
    {
      "count": 600,
      "coverage": 0.9966666666666667,
      "dSSIM": 0.00023117353518803914,
      "easy_top25_dPSNR": 0.39809061686197916,
      "hard_bottom25_dPSNR": 0.3380580902099609,
      "mean_dPSNR": 0.3405798403422038,
      "mean_patch_action_fraction_a0": 0.24304166666666666,
      "mean_patch_action_fraction_a0p125": 0.10941666666666668,
      "mean_patch_action_fraction_a0p25": 0.5063125,
      "mean_patch_action_fraction_a0p375": 0.10295833333333333,
      "mean_patch_action_fraction_a0p5": 0.03827083333333333,
      "mean_patch_action_fraction_a0p75": 0.0,
      "nonnegative_ratio": 0.7983333333333333,
      "positive_ratio": 0.795,
      "score": 0.9305853741963704,
      "screen_gate_pass": true,
      "seed": 2026,
      "selected_count": 598,
      "selected_nonnegative_ratio": 0.7976588628762542,
      "selected_precision": 0.7976588628762542,
      "selected_severe_count": 39,
      "severe_loss_count": 39,
      "severe_loss_per_600": 39.0,
      "strong_gate_pass": true,
      "strong_loss_count": 85,
      "strong_loss_per_600": 85.0
    }
  ],
  "seeds": [
    3407,
    3411,
    2026
  ],
  "strong_gate": {
    "dSSIM": 0.0,
    "easy_top25_dPSNR": 0.0,
    "hard_bottom25_dPSNR": 0.3,
    "mean_dPSNR": 0.2,
    "positive_ratio": 0.7,
    "severe_loss_per_600": 48.0
  }
}
