{
  "a0_checkpoint": "/sda/home/wangyuxin/ConvIR-B/checkpoints/official/Haze4K/haze4k-base.pkl",
  "a0_sha256": "6f42037d57a4e3de3a10ac0ab909d66a3415864a19433c29204a975f4efa4088",
  "aggregate": {
    "all_seed_strong_gate_pass": false,
    "dSSIM_mean": 0.00046508634090423586,
    "dSSIM_std": 5.007304418498908e-06,
    "easy_top25_dPSNR_mean": 0.4801868896484375,
    "easy_top25_dPSNR_std": 0.01680782559826214,
    "fold_count": 15,
    "hard_bottom25_dPSNR_mean": 0.12138541920979817,
    "hard_bottom25_dPSNR_std": 0.0030213864708026634,
    "locked_image_count_per_seed": 1000,
    "locked_strong_gate_pass": false,
    "max_seed_severe_loss_per_600": 49.2,
    "mean_dPSNR_mean": 0.2900491803487142,
    "mean_dPSNR_std": 0.004481318625767235,
    "nonnegative_ratio_mean": 0.784,
    "nonnegative_ratio_std": 0.00489897948556636,
    "positive_ratio_mean": 0.7793333333333333,
    "positive_ratio_std": 0.006128258770283417,
    "seed_count": 3,
    "selected_precision_mean": 0.7829808789786039,
    "selected_precision_std": 0.005188290140909987,
    "severe_loss_per_600_mean": 46.6,
    "severe_loss_per_600_std": 2.51396101799531
  },
  "authorized_by": "C10_FORMAL_5X3_STRONG_PASS_AUTHORIZE_LOCKED_ONE_SHOT",
  "c10_source_decision": "C10_FORMAL_5X3_STRONG_PASS_AUTHORIZE_LOCKED_ONE_SHOT",
  "c10_summary": "/sda/home/wangyuxin/ConvIR-B/repos/ConvIR-B-v21-segmix-multialpha-local/experience_docx/experiment_logs/haze4k_v2_1_segmix_multialpha_local_20260615/v21_c10_formal_summary.json",
  "data_split": "test",
  "decision": "LOCKED_ONE_SHOT_FAIL_NO_TUNING",
  "depth_split": "test",
  "fixed_profile": "riskcap36_no075",
  "locked_one_shot": true,
  "locked_test_touched": true,
  "max_seed_severe_gate": 60.0,
  "no_tuning_from_locked": true,
  "official_checkpoint": "/sda/home/wangyuxin/ConvIR-B/checkpoints/udpnet/ConvIR_UDPNet_haze4k.ckpt",
  "official_sha256": "6d02d2a42e97cc411a36d95cfaf8421eb25a5622f0cac8c150c0e790b7149291",
  "phase": "Locked One-Shot Sealed C10 Policy Replay",
  "route": "Haze4K-v2.1 SEG-Mix",
  "seed_rows": [
    {
      "count": 1000,
      "coverage": 0.995,
      "dSSIM": 0.00045932745933532714,
      "easy_top25_dPSNR": 0.4710431213378906,
      "hard_bottom25_dPSNR": 0.120205810546875,
      "mean_dPSNR": 0.28505411529541014,
      "mean_patch_action_fraction_a0": 0.22342499999999998,
      "mean_patch_action_fraction_a0p125": 0.1452,
      "mean_patch_action_fraction_a0p25": 0.5240750000000001,
      "mean_patch_action_fraction_a0p375": 0.057925,
      "mean_patch_action_fraction_a0p5": 0.049375,
      "mean_patch_action_fraction_a0p75": 0.0,
      "nonnegative_ratio": 0.784,
      "positive_ratio": 0.779,
      "score": 0.32448469696044935,
      "screen_gate_pass": false,
      "seed": 3407,
      "selected_count": 995,
      "selected_nonnegative_ratio": 0.7829145728643216,
      "selected_precision": 0.7829145728643216,
      "selected_severe_count": 79,
      "severe_loss_count": 79,
      "severe_loss_per_600": 47.4,
      "strong_gate_pass": false,
      "strong_loss_count": 147,
      "strong_loss_per_600": 88.19999999999999
    },
    {
      "count": 1000,
      "coverage": 0.997,
      "dSSIM": 0.00046439701318740843,
      "easy_top25_dPSNR": 0.5037600402832031,
      "hard_bottom25_dPSNR": 0.11841860198974609,
      "mean_dPSNR": 0.29592462921142576,
      "mean_patch_action_fraction_a0": 0.2351625,
      "mean_patch_action_fraction_a0p125": 0.0,
      "mean_patch_action_fraction_a0p25": 0.652525,
      "mean_patch_action_fraction_a0p375": 0.1123125,
      "mean_patch_action_fraction_a0p5": 0.0,
      "mean_patch_action_fraction_a0p75": 0.0,
      "nonnegative_ratio": 0.79,
      "positive_ratio": 0.787,
      "score": 0.3456227188110351,
      "screen_gate_pass": false,
      "seed": 3411,
      "selected_count": 997,
      "selected_nonnegative_ratio": 0.7893681043129388,
      "selected_precision": 0.7893681043129388,
      "selected_severe_count": 72,
      "severe_loss_count": 72,
      "severe_loss_per_600": 43.199999999999996,
      "strong_gate_pass": false,
      "strong_loss_count": 150,
      "strong_loss_per_600": 90.0
    },
    {
      "count": 1000,
      "coverage": 0.994,
      "dSSIM": 0.00047153455018997194,
      "easy_top25_dPSNR": 0.4657575073242187,
      "hard_bottom25_dPSNR": 0.12553184509277343,
      "mean_dPSNR": 0.28916879653930666,
      "mean_patch_action_fraction_a0": 0.2704125,
      "mean_patch_action_fraction_a0p125": 0.08925,
      "mean_patch_action_fraction_a0p25": 0.4944875,
      "mean_patch_action_fraction_a0p375": 0.1103,
      "mean_patch_action_fraction_a0p5": 0.03555,
      "mean_patch_action_fraction_a0p75": 0.0,
      "nonnegative_ratio": 0.778,
      "positive_ratio": 0.772,
      "score": 0.3218337135314941,
      "screen_gate_pass": false,
      "seed": 2026,
      "selected_count": 994,
      "selected_nonnegative_ratio": 0.7766599597585513,
      "selected_precision": 0.7766599597585513,
      "selected_severe_count": 82,
      "severe_loss_count": 82,
      "severe_loss_per_600": 49.2,
      "strong_gate_pass": false,
      "strong_loss_count": 153,
      "strong_loss_per_600": 91.8
    }
  ],
  "seeds": [
    3407,
    3411,
    2026
  ],
  "strong_gate": {
    "dSSIM": 0.0,
    "easy_top25_dPSNR": 0.0,
    "hard_bottom25_dPSNR": 0.3,
    "mean_dPSNR": 0.2,
    "positive_ratio": 0.7,
    "severe_loss_per_600": 48.0
  }
}
