target_fold,policy_variant,target_bucket,compat_bin,stage_set,chosen_source_bucket,chosen_action,chosen_strength,selection_reason,sample_count,mean_dpsnr,p05_dpsnr,cvar5_dpsnr,unsafe_rate,severe_rate,table_policy_mean,table_policy_hard,table_policy_easy,table_policy_p05,table_policy_cvar5,table_policy_unsafe_rate,table_policy_severe_rate,table_policy_fold_tail_pass,cross_bucket_unsafe,hard_to_easy_cross_severe,table_pass,source_bucket,action_name,action_strength,coverage_count,mean_lcb,p05_lcb,cvar5_lcb,unsafe_ucb,severe_ucb
0,v230_hybrid_compat_firewall_lcb,hard_bottom25,mixed,mixed,mixed,noop,mixed,fold_out_lcb_risk_constrained_table,4,0.0,0.0,0.0,0.0,0.0,,,,,,,,,,,,,,,,,,,,
0,v230_hybrid_compat_firewall_lcb,mid_50,mixed,mixed,mixed,noop,mixed,fold_out_lcb_risk_constrained_table,7,0.0,0.0,0.0,0.0,0.0,,,,,,,,,,,,,,,,,,,,
0,v230_hybrid_compat_firewall_lcb,easy_top25,mixed,mixed,mixed,noop,mixed,fold_out_lcb_risk_constrained_table,5,0.0,0.0,0.0,0.0,0.0,,,,,,,,,,,,,,,,,,,,
1,v230_hybrid_compat_firewall_lcb,hard_bottom25,mixed,mixed,mixed,noop,mixed,fold_out_lcb_risk_constrained_table,2,0.0,0.0,0.0,0.0,0.0,,,,,,,,,,,,,,,,,,,,
1,v230_hybrid_compat_firewall_lcb,mid_50,mixed,mixed,mixed,noop,mixed,fold_out_lcb_risk_constrained_table,8,0.0,0.0,0.0,0.0,0.0,,,,,,,,,,,,,,,,,,,,
1,v230_hybrid_compat_firewall_lcb,easy_top25,mixed,mixed,mixed,noop,mixed,fold_out_lcb_risk_constrained_table,6,0.0,0.0,0.0,0.0,0.0,,,,,,,,,,,,,,,,,,,,
2,v230_hybrid_compat_firewall_lcb,hard_bottom25,mixed,mixed,mixed,noop,mixed,fold_out_lcb_risk_constrained_table,4,0.0,0.0,0.0,0.0,0.0,,,,,,,,,,,,,,,,,,,,
2,v230_hybrid_compat_firewall_lcb,mid_50,mixed,mixed,mixed,noop,mixed,fold_out_lcb_risk_constrained_table,9,0.0,0.0,0.0,0.0,0.0,,,,,,,,,,,,,,,,,,,,
2,v230_hybrid_compat_firewall_lcb,easy_top25,mixed,mixed,mixed,noop,mixed,fold_out_lcb_risk_constrained_table,3,0.0,0.0,0.0,0.0,0.0,,,,,,,,,,,,,,,,,,,,
3,v230_hybrid_compat_firewall_lcb,hard_bottom25,mixed,mixed,mixed,strong_0.85,mixed,fold_out_lcb_risk_constrained_table,5,0.1229766845703125,-0.4688453674316406,-0.4753570556640625,0.6,0.6,,,,,,,,,,,,,,,,,,,,
3,v230_hybrid_compat_firewall_lcb,mid_50,mixed,mixed,mixed,noop,mixed,fold_out_lcb_risk_constrained_table,7,0.0,0.0,0.0,0.0,0.0,,,,,,,,,,,,,,,,,,,,
3,v230_hybrid_compat_firewall_lcb,easy_top25,mixed,mixed,mixed,noop,mixed,fold_out_lcb_risk_constrained_table,4,0.0,0.0,0.0,0.0,0.0,,,,,,,,,,,,,,,,,,,,
4,v230_hybrid_compat_firewall_lcb,hard_bottom25,mixed,mixed,mixed,mild_0.33+noop,mixed,fold_out_lcb_risk_constrained_table,5,0.10293350219726563,-0.05217933654785156,-0.05268096923828125,0.4,0.0,,,,,,,,,,,,,,,,,,,,
4,v230_hybrid_compat_firewall_lcb,mid_50,mixed,mixed,mixed,noop,mixed,fold_out_lcb_risk_constrained_table,9,0.0,0.0,0.0,0.0,0.0,,,,,,,,,,,,,,,,,,,,
4,v230_hybrid_compat_firewall_lcb,easy_top25,mixed,mixed,mixed,noop,mixed,fold_out_lcb_risk_constrained_table,2,0.0,0.0,0.0,0.0,0.0,,,,,,,,,,,,,,,,,,,,
ALL,v230_hybrid_compat_firewall_lcb,ALL,,,,,,,,,,,,,0.014119386672973633,0.05647754669189453,0.0,-0.050298213958740234,-0.30556774139404297,0.0625,0.0375,4,0.0,0.0,0,,,,,,,,,
0,v230_hybrid_compat_firewall_lcb,mid_50,all_source_borderline,S6_early_mid_final,,,,,,,,,,,,,,,,,,,,,,all,mild_0.20,0.2,4,0.00919513702392577,-0.3563098907470703,-0.44665069580078126,0.45,0.45
0,v230_hybrid_compat_firewall_lcb,mid_50,all_source_borderline,S6_early_mid_final,,,,,,,,,,,,,,,,,,,,,,all,mild_0.33,0.33,4,0.13746147155761718,-0.46494903564453127,-0.6121017456054687,0.45,0.45
0,v230_hybrid_compat_firewall_lcb,mid_50,all_source_borderline,S6_early_mid_final,,,,,,,,,,,,,,,,,,,,,,all,medium_0.50,0.5,2,0.6515744781132764,0.635920677148921,0.6341813659306592,0.3333333333333333,0.3333333333333333
0,v230_hybrid_compat_firewall_lcb,mid_50,all_source_borderline,S6_early_mid_final,,,,,,,,,,,,,,,,,,,,,,all,medium_0.67,0.67,2,0.8627122497197217,0.8306424712773388,0.8270791625615186,0.3333333333333333,0.3333333333333333
0,v230_hybrid_compat_firewall_lcb,mid_50,same_bucket_borderline,S6_early_mid_final,,,,,,,,,,,,,,,,,,,,,,mid_50,mild_0.20,0.2,3,0.20526180854814252,0.1748131492870748,0.17050101549801233,0.25,0.25
0,v230_hybrid_compat_firewall_lcb,mid_50,same_bucket_borderline,S6_early_mid_final,,,,,,,,,,,,,,,,,,,,,,mid_50,mild_0.33,0.33,3,0.4672068972525696,0.42215049059566856,0.4172013023632467,0.25,0.25
0,v230_hybrid_compat_firewall_lcb,mid_50,same_bucket_borderline,S6_early_mid_final,,,,,,,,,,,,,,,,,,,,,,mid_50,medium_0.50,0.5,2,0.781430587732417,0.7140792464848584,0.7065957641240186,0.3333333333333333,0.3333333333333333
0,v230_hybrid_compat_firewall_lcb,mid_50,same_bucket_borderline,S6_early_mid_final,,,,,,,,,,,,,,,,,,,,,,mid_50,medium_0.67,0.67,2,1.027036056482417,0.8864127730961866,0.8707879638310498,0.3333333333333333,0.3333333333333333
0,v230_hybrid_compat_firewall_lcb,mid_50,all_source_good,S5_bottleneck_mid,,,,,,,,,,,,,,,,,,,,,,all,mild_0.20,0.2,25,0.015420837402343734,-0.3391661071777344,-0.4846769714355469,0.19846153846153847,0.11846153846153847
0,v230_hybrid_compat_firewall_lcb,mid_50,all_source_good,S5_bottleneck_mid,,,,,,,,,,,,,,,,,,,,,,all,mild_0.33,0.33,25,0.10606796264648435,-0.4838987731933594,-0.7136885070800781,0.2784615384615384,0.15846153846153846
0,v230_hybrid_compat_firewall_lcb,mid_50,all_source_good,S5_bottleneck_mid,,,,,,,,,,,,,,,,,,,,,,all,medium_0.50,0.5,25,0.2099641418457031,-0.6879156494140625,-1.0164305114746095,0.2784615384615384,0.19846153846153847
0,v230_hybrid_compat_firewall_lcb,mid_50,all_source_good,S5_bottleneck_mid,,,,,,,,,,,,,,,,,,,,,,all,medium_0.67,0.67,25,0.28580734252929685,-0.8954176330566407,-1.3217703247070314,0.2784615384615384,0.2784615384615384
0,v230_hybrid_compat_firewall_lcb,mid_50,same_bucket_borderline,S5_bottleneck_mid,,,,,,,,,,,,,,,,,,,,,,mid_50,mild_0.20,0.2,3,0.04599183987952277,-0.20222885815921424,-0.24144814221683142,0.25,0.25
0,v230_hybrid_compat_firewall_lcb,mid_50,same_bucket_borderline,S5_bottleneck_mid,,,,,,,,,,,,,,,,,,,,,,mid_50,mild_0.33,0.33,3,0.20375754625973108,-0.22194626538577672,-0.2894789954883158,0.5833333333333333,0.25
0,v230_hybrid_compat_firewall_lcb,mid_50,same_bucket_borderline,S5_bottleneck_mid,,,,,,,,,,,,,,,,,,,,,,mid_50,medium_0.50,0.5,1,0.5415718078613281,0.5415718078613281,0.5415718078613281,0.5,0.5
0,v230_hybrid_compat_firewall_lcb,mid_50,same_bucket_borderline,S5_bottleneck_mid,,,,,,,,,,,,,,,,,,,,,,mid_50,medium_0.67,0.67,1,0.6917564392089843,0.6917564392089843,0.6917564392089843,0.5,0.5
0,v230_hybrid_compat_firewall_lcb,mid_50,all_source_good,S4_final_decoder,,,,,,,,,,,,,,,,,,,,,,all,mild_0.20,0.2,25,0.022800598144531226,-0.35239318847656254,-0.3773523712158203,0.23846153846153847,0.11846153846153847
0,v230_hybrid_compat_firewall_lcb,mid_50,all_source_good,S4_final_decoder,,,,,,,,,,,,,,,,,,,,,,all,mild_0.33,0.33,25,0.10144836425781248,-0.3725157165527344,-0.46942771911621095,0.23846153846153847,0.15846153846153846
0,v230_hybrid_compat_firewall_lcb,mid_50,all_source_good,S4_final_decoder,,,,,,,,,,,,,,,,,,,,,,all,medium_0.50,0.5,25,0.13678268432617186,-0.5025862121582032,-0.6622568511962891,0.23846153846153847,0.23846153846153847
0,v230_hybrid_compat_firewall_lcb,mid_50,all_source_good,S4_final_decoder,,,,,,,,,,,,,,,,,,,,,,all,medium_0.67,0.67,25,0.141697998046875,-0.6717390441894532,-0.7490717315673828,0.2784615384615384,0.23846153846153847
0,v230_hybrid_compat_firewall_lcb,mid_50,same_bucket_good,S4_final_decoder,,,,,,,,,,,,,,,,,,,,,,mid_50,mild_0.20,0.2,24,0.06452000687076861,-0.28392633051123006,-0.348022018377441,0.20666666666666667,0.08166666666666667
0,v230_hybrid_compat_firewall_lcb,mid_50,same_bucket_good,S4_final_decoder,,,,,,,,,,,,,,,,,,,,,,mid_50,mild_0.33,0.33,24,0.12322931040877316,-0.41654027551855427,-0.5209708556577144,0.20666666666666667,0.20666666666666667
0,v230_hybrid_compat_firewall_lcb,mid_50,same_bucket_good,S4_final_decoder,,,,,,,,,,,,,,,,,,,,,,mid_50,medium_0.50,0.5,24,0.1372875824526371,-0.6195741042539058,-0.7045169219418941,0.29,0.20666666666666667
0,v230_hybrid_compat_firewall_lcb,mid_50,same_bucket_good,S4_final_decoder,,,,,,,,,,,,,,,,,,,,,,mid_50,medium_0.67,0.67,24,0.13473491419905637,-0.7460734710141599,-0.7959037169858394,0.29,0.20666666666666667
0,v230_hybrid_compat_firewall_lcb,mid_50,all_source_good,S6_early_mid_final,,,,,,,,,,,,,,,,,,,,,,all,mild_0.20,0.2,21,0.04756594256524571,-0.259808739180011,-0.34288330888215945,0.23593073593073594,0.09307359307359307
0,v230_hybrid_compat_firewall_lcb,mid_50,all_source_good,S6_early_mid_final,,,,,,,,,,,,,,,,,,,,,,all,mild_0.33,0.33,21,0.15365848639430077,-0.35374947404329227,-0.49231453751985477,0.23593073593073594,0.1406926406926407
0,v230_hybrid_compat_firewall_lcb,mid_50,all_source_good,S6_early_mid_final,,,,,,,,,,,,,,,,,,,,,,all,medium_0.50,0.5,21,0.2688648869476862,-0.497662743086261,-0.7084133229202454,0.23593073593073594,0.23593073593073594
0,v230_hybrid_compat_firewall_lcb,mid_50,all_source_good,S6_early_mid_final,,,,,,,,,,,,,,,,,,,,,,all,medium_0.67,0.67,21,0.3508516321462539,-0.6628810963577454,-0.9444782338089173,0.23593073593073594,0.23593073593073594
0,v230_hybrid_compat_firewall_lcb,mid_50,same_bucket_good,S6_early_mid_final,,,,,,,,,,,,,,,,,,,,,,mid_50,mild_0.20,0.2,20,0.05699277466631281,-0.26453470641278876,-0.411910385428902,0.24761904761904763,0.09761904761904762
0,v230_hybrid_compat_firewall_lcb,mid_50,same_bucket_good,S6_early_mid_final,,,,,,,,,,,,,,,,,,,,,,mid_50,mild_0.33,0.33,20,0.1611563259968792,-0.38048338347577704,-0.6120980685343708,0.24761904761904763,0.14761904761904762
0,v230_hybrid_compat_firewall_lcb,mid_50,same_bucket_good,S6_early_mid_final,,,,,,,,,,,,,,,,,,,,,,mid_50,medium_0.50,0.5,20,0.2626390988240277,-0.5735288088908161,-0.9015916293253864,0.2976190476190476,0.24761904761904763
0,v230_hybrid_compat_firewall_lcb,mid_50,same_bucket_good,S6_early_mid_final,,,,,,,,,,,,,,,,,,,,,,mid_50,medium_0.67,0.67,20,0.31585507935381285,-0.8070033496012653,-1.213557571708199,0.3976190476190476,0.2976190476190476
0,v230_hybrid_compat_firewall_lcb,mid_50,same_bucket_good,S5_bottleneck_mid,,,,,,,,,,,,,,,,,,,,,,mid_50,mild_0.20,0.2,20,0.08345208710527766,-0.22337774687909737,-0.32088407927655827,0.1976190476190476,0.047619047619047616
0,v230_hybrid_compat_firewall_lcb,mid_50,same_bucket_good,S5_bottleneck_mid,,,,,,,,,,,,,,,,,,,,,,mid_50,mild_0.33,0.33,20,0.2130222851643597,-0.305443329154488,-0.45991835051679264,0.1976190476190476,0.09761904761904762
0,v230_hybrid_compat_firewall_lcb,mid_50,same_bucket_good,S5_bottleneck_mid,,,,,,,,,,,,,,,,,,,,,,mid_50,medium_0.50,0.5,20,0.35797944611406673,-0.44624971800946844,-0.6655610507121051,0.24761904761904763,0.1976190476190476
0,v230_hybrid_compat_firewall_lcb,mid_50,same_bucket_good,S5_bottleneck_mid,,,,,,,,,,,,,,,,,,,,,,mid_50,medium_0.67,0.67,20,0.4488031918416058,-0.6223144000163044,-0.8918755953898395,0.24761904761904763,0.1976190476190476
0,v230_hybrid_compat_firewall_lcb,easy_top25,same_bucket_borderline,S6_early_mid_final,,,,,,,,,,,,,,,,,,,,,,easy_top25,mild_0.10,0.1,4,-0.15175838470458985,-0.25928859710693364,-0.284625244140625,0.45,0.2
0,v230_hybrid_compat_firewall_lcb,easy_top25,same_bucket_borderline,S6_early_mid_final,,,,,,,,,,,,,,,,,,,,,,easy_top25,mild_0.20,0.2,4,-0.11065216064453126,-0.32892818450927735,-0.380206298828125,0.45,0.2
0,v230_hybrid_compat_firewall_lcb,easy_top25,same_bucket_borderline,S6_early_mid_final,,,,,,,,,,,,,,,,,,,,,,easy_top25,mild_0.33,0.33,4,-0.06738967895507814,-0.43241844177246097,-0.5178634643554687,0.45,0.45
0,v230_hybrid_compat_firewall_lcb,easy_top25,same_bucket_good,S5_bottleneck_mid,,,,,,,,,,,,,,,,,,,,,,easy_top25,mild_0.10,0.1,14,-0.11041892100734538,-0.2086574028014302,-0.22076258163443802,0.1380952380952381,0.06666666666666667
0,v230_hybrid_compat_firewall_lcb,easy_top25,same_bucket_good,S5_bottleneck_mid,,,,,,,,,,,,,,,,,,,,,,easy_top25,mild_0.20,0.2,14,-0.07218938740313222,-0.26830095748893024,-0.29303202133170364,0.28095238095238095,0.06666666666666667
0,v230_hybrid_compat_firewall_lcb,easy_top25,same_bucket_good,S5_bottleneck_mid,,,,,,,,,,,,,,,,,,,,,,easy_top25,mild_0.33,0.33,14,-0.030006737518227078,-0.3533883522032857,-0.39425882797232864,0.28095238095238095,0.1380952380952381
0,v230_hybrid_compat_firewall_lcb,easy_top25,same_bucket_weak,S4_final_decoder,,,,,,,,,,,,,,,,,,,,,,easy_top25,mild_0.10,0.1,3,-0.24312788057946164,-0.2854651710254252,-0.28926155774417517,0.5833333333333333,0.25
0,v230_hybrid_compat_firewall_lcb,easy_top25,same_bucket_weak,S4_final_decoder,,,,,,,,,,,,,,,,,,,,,,easy_top25,mild_0.20,0.2,3,-0.2806950192513366,-0.36596977917972207,-0.37324593274417517,0.9166666666666666,0.25
0,v230_hybrid_compat_firewall_lcb,easy_top25,same_bucket_weak,S4_final_decoder,,,,,,,,,,,,,,,,,,,,,,easy_top25,mild_0.33,0.33,3,-0.3436756711068054,-0.48536179272952673,-0.4966666480762064,0.9166666666666666,0.5833333333333333
0,v230_hybrid_compat_firewall_lcb,mid_50,all_source_weak,S6_early_mid_final,,,,,,,,,,,,,,,,,,,,,,all,mild_0.20,0.2,8,-0.05926239015478757,-0.5884247970761742,-0.7375136566342797,0.4861111111111111,0.2361111111111111
0,v230_hybrid_compat_firewall_lcb,mid_50,all_source_weak,S6_early_mid_final,,,,,,,,,,,,,,,,,,,,,,all,mild_0.33,0.33,8,0.004708652478269071,-0.860203285235354,-1.096041793841311,0.4861111111111111,0.4861111111111111
0,v230_hybrid_compat_firewall_lcb,mid_50,same_bucket_weak,S6_early_mid_final,,,,,,,,,,,,,,,,,,,,,,mid_50,mild_0.20,0.2,10,-0.05893341941430509,-0.682742470927977,-0.781894082256102,0.49090909090909096,0.3909090909090909
0,v230_hybrid_compat_firewall_lcb,mid_50,same_bucket_weak,S6_early_mid_final,,,,,,,,,,,,,,,,,,,,,,mid_50,mild_0.33,0.33,10,0.0010237033884292757,-1.0104068462331528,-1.1699403469045395,0.49090909090909096,0.49090909090909096
0,v230_hybrid_compat_firewall_lcb,mid_50,all_source_borderline,S5_bottleneck_mid,,,,,,,,,,,,,,,,,,,,,,all,mild_0.20,0.2,7,0.06691068031444919,-0.16381234650614235,-0.2397026968479392,0.26785714285714285,0.125
0,v230_hybrid_compat_firewall_lcb,mid_50,all_source_borderline,S5_bottleneck_mid,,,,,,,,,,,,,,,,,,,,,,all,mild_0.33,0.33,7,0.21729749061718356,-0.17330140595438454,-0.2981553030491111,0.26785714285714285,0.125
0,v230_hybrid_compat_firewall_lcb,mid_50,same_bucket_weak,S5_bottleneck_mid,,,,,,,,,,,,,,,,,,,,,,mid_50,mild_0.20,0.2,10,-0.07672478599145352,-0.6070747081716292,-0.7088578884084458,0.49090909090909096,0.2909090909090909
0,v230_hybrid_compat_firewall_lcb,mid_50,same_bucket_weak,S5_bottleneck_mid,,,,,,,,,,,,,,,,,,,,,,mid_50,mild_0.33,0.33,10,-0.029390496440672265,-0.8907054607351059,-1.0514749233205551,0.49090909090909096,0.49090909090909096
0,v230_hybrid_compat_firewall_lcb,mid_50,all_source_weak,S4_final_decoder,,,,,,,,,,,,,,,,,,,,,,all,mild_0.20,0.2,8,-0.07035028459448484,-0.571184844988772,-0.6935988617124047,0.4861111111111111,0.2361111111111111
0,v230_hybrid_compat_firewall_lcb,mid_50,all_source_weak,S4_final_decoder,,,,,,,,,,,,,,,,,,,,,,all,mild_0.33,0.33,8,-0.06962167741675046,-0.7528870773496117,-0.9184943390073266,0.4861111111111111,0.3611111111111111
0,v230_hybrid_compat_firewall_lcb,mid_50,same_bucket_weak,S4_final_decoder,,,,,,,,,,,,,,,,,,,,,,mid_50,mild_0.20,0.2,6,-0.1248672535110669,-0.7207569807856438,-0.8062262266962883,0.6428571428571428,0.47619047619047616
0,v230_hybrid_compat_firewall_lcb,mid_50,same_bucket_weak,S4_final_decoder,,,,,,,,,,,,,,,,,,,,,,mid_50,mild_0.33,0.33,6,-0.13349482716015543,-0.8397364348261711,-0.9504370421259758,0.6428571428571428,0.47619047619047616
0,v230_hybrid_compat_firewall_lcb,easy_top25,same_bucket_good,S6_early_mid_final,,,,,,,,,,,,,,,,,,,,,,easy_top25,mild_0.10,0.1,9,-0.10999552408854169,-0.21376215616861982,-0.2490832010904948,0.2111111111111111,0.1
0,v230_hybrid_compat_firewall_lcb,easy_top25,same_bucket_good,S6_early_mid_final,,,,,,,,,,,,,,,,,,,,,,easy_top25,mild_0.20,0.2,9,-0.06235673692491321,-0.26782786051432295,-0.3382975260416667,0.2111111111111111,0.1
0,v230_hybrid_compat_firewall_lcb,easy_top25,same_bucket_good,S6_early_mid_final,,,,,,,,,,,,,,,,,,,,,,easy_top25,mild_0.33,0.33,9,-0.014565785725911468,-0.34753672281901044,-0.46371714274088544,0.2111111111111111,0.2111111111111111
0,v230_hybrid_compat_firewall_lcb,easy_top25,same_bucket_good,S4_final_decoder,,,,,,,,,,,,,,,,,,,,,,easy_top25,mild_0.10,0.1,7,-0.12525087974414456,-0.17477693085672827,-0.19321679596903296,0.125,0.125
0,v230_hybrid_compat_firewall_lcb,easy_top25,same_bucket_good,S4_final_decoder,,,,,,,,,,,,,,,,,,,,,,easy_top25,mild_0.20,0.2,7,-0.0831202732290776,-0.17896737580301733,-0.2158036184787986,0.125,0.125
0,v230_hybrid_compat_firewall_lcb,easy_top25,same_bucket_good,S4_final_decoder,,,,,,,,,,,,,,,,,,,,,,easy_top25,mild_0.33,0.33,7,-0.05495527340346376,-0.19991349701883765,-0.2524704885959861,0.26785714285714285,0.125
0,v230_hybrid_compat_firewall_lcb,hard_bottom25,all_source_good,S6_early_mid_final,,,,,,,,,,,,,,,,,,,,,,all,mild_0.33,0.33,30,0.017709177115215496,-0.2312170809719427,-0.23765009107326107,0.2989247311827957,0.03225806451612903
0,v230_hybrid_compat_firewall_lcb,hard_bottom25,all_source_good,S6_early_mid_final,,,,,,,,,,,,,,,,,,,,,,all,medium_0.50,0.5,30,0.08859731493259831,-0.2893193072292669,-0.29846971692775326,0.2989247311827957,0.03225806451612903
0,v230_hybrid_compat_firewall_lcb,hard_bottom25,all_source_good,S6_early_mid_final,,,,,,,,,,,,,,,,,,,,,,all,medium_0.67,0.67,30,0.15337418057387436,-0.3579912966701849,-0.3650628870937689,0.2989247311827957,0.23225806451612904
0,v230_hybrid_compat_firewall_lcb,hard_bottom25,all_source_good,S6_early_mid_final,,,,,,,,,,,,,,,,,,,,,,all,strong_0.85,0.85,30,0.21500837145115298,-0.44089201154445246,-0.4414808100674017,0.2989247311827957,0.2989247311827957
0,v230_hybrid_compat_firewall_lcb,hard_bottom25,all_source_good,S6_early_mid_final,,,,,,,,,,,,,,,,,,,,,,all,strong_1.00,1.0,30,0.26108215786879624,-0.5182741946194036,-0.525472814461933,0.3655913978494624,0.2989247311827957
0,v230_hybrid_compat_firewall_lcb,hard_bottom25,all_source_good,S6_early_mid_final,,,,,,,,,,,,,,,,,,,,,,all,strong_1.25,1.25,30,0.3279171162631647,-0.6419840640041693,-0.6681920832607611,0.3655913978494624,0.2989247311827957
0,v230_hybrid_compat_firewall_lcb,hard_bottom25,same_bucket_good,S6_early_mid_final,,,,,,,,,,,,,,,,,,,,,,hard_bottom25,mild_0.33,0.33,24,0.13594321955794308,-0.5036187514707027,-0.5201125487729488,0.3733333333333333,0.20666666666666667
0,v230_hybrid_compat_firewall_lcb,hard_bottom25,same_bucket_good,S6_early_mid_final,,,,,,,,,,,,,,,,,,,,,,hard_bottom25,medium_0.50,0.5,24,0.2359777743573409,-0.7396200522824703,-0.76413873285498,0.3733333333333333,0.29
0,v230_hybrid_compat_firewall_lcb,hard_bottom25,same_bucket_good,S6_early_mid_final,,,,,,,,,,,,,,,,,,,,,,hard_bottom25,medium_0.67,0.67,22,0.2957758175609535,-1.0199425991732218,-1.0330305393892862,0.45256916996047436,0.3616600790513834
0,v230_hybrid_compat_firewall_lcb,hard_bottom25,same_bucket_borderline,S6_early_mid_final,,,,,,,,,,,,,,,,,,,,,,hard_bottom25,strong_0.85,0.85,12,0.6121500362524241,-0.8644211421838551,-1.0970660816064626,0.3269230769230769,0.3269230769230769
0,v230_hybrid_compat_firewall_lcb,hard_bottom25,same_bucket_borderline,S6_early_mid_final,,,,,,,,,,,,,,,,,,,,,,hard_bottom25,strong_1.00,1.0,12,0.3771866191992015,-1.4644165645471363,-1.6279632221093923,0.41025641025641024,0.41025641025641024
0,v230_hybrid_compat_firewall_lcb,hard_bottom25,same_bucket_weak,S6_early_mid_final,,,,,,,,,,,,,,,,,,,,,,hard_bottom25,strong_1.25,1.25,3,-0.5949663103483418,-1.7126708289844097,-1.8038146278125344,0.9166666666666666,0.9166666666666666
0,v230_hybrid_compat_firewall_lcb,hard_bottom25,all_source_good,S5_bottleneck_mid,,,,,,,,,,,,,,,,,,,,,,all,mild_0.33,0.33,30,0.04772626695896548,-0.18806713285182552,-0.18919580640529232,0.16559139784946236,0.03225806451612903
0,v230_hybrid_compat_firewall_lcb,hard_bottom25,all_source_good,S5_bottleneck_mid,,,,,,,,,,,,,,,,,,,,,,all,medium_0.50,0.5,30,0.13614878791436913,-0.22237852277492123,-0.22423761548732357,0.23225806451612904,0.03225806451612903
0,v230_hybrid_compat_firewall_lcb,hard_bottom25,all_source_good,S5_bottleneck_mid,,,,,,,,,,,,,,,,,,,,,,all,medium_0.67,0.67,30,0.21994471686944728,-0.261853200814472,-0.26465814771388607,0.23225806451612904,0.03225806451612903
0,v230_hybrid_compat_firewall_lcb,hard_bottom25,all_source_good,S5_bottleneck_mid,,,,,,,,,,,,,,,,,,,,,,all,strong_0.85,0.85,30,0.3031486048089004,-0.3125909632656439,-0.31273859204982357,0.23225806451612904,0.03225806451612903
0,v230_hybrid_compat_firewall_lcb,hard_bottom25,all_source_good,S5_bottleneck_mid,,,,,,,,,,,,,,,,,,,,,,all,strong_1.00,1.0,30,0.3683789107984837,-0.36525638761256773,-0.37198465528224545,0.23225806451612904,0.1989247311827957
0,v230_hybrid_compat_firewall_lcb,hard_bottom25,all_source_good,S5_bottleneck_mid,,,,,,,,,,,,,,,,,,,,,,all,strong_1.25,1.25,30,0.46844083605076237,-0.4390127009365423,-0.4636804408047064,0.23225806451612904,0.1989247311827957
0,v230_hybrid_compat_firewall_lcb,hard_bottom25,same_bucket_good,S5_bottleneck_mid,,,,,,,,,,,,,,,,,,,,,,hard_bottom25,mild_0.33,0.33,30,0.23981839952732487,-0.426737291238056,-0.46574991407130795,0.2989247311827957,0.16559139784946236
0,v230_hybrid_compat_firewall_lcb,hard_bottom25,same_bucket_good,S5_bottleneck_mid,,,,,,,,,,,,,,,,,,,,,,hard_bottom25,medium_0.50,0.5,30,0.39485335486993556,-0.5601670092556341,-0.6269923991176947,0.2989247311827957,0.23225806451612904
0,v230_hybrid_compat_firewall_lcb,hard_bottom25,same_bucket_borderline,S5_bottleneck_mid,,,,,,,,,,,,,,,,,,,,,,hard_bottom25,medium_0.67,0.67,10,0.3147596653024918,-0.7952561084707015,-0.9808915798146958,0.3909090909090909,0.3909090909090909
0,v230_hybrid_compat_firewall_lcb,hard_bottom25,same_bucket_borderline,S5_bottleneck_mid,,,,,,,,,,,,,,,,,,,,,,hard_bottom25,strong_0.85,0.85,14,0.5862915293013182,-0.8579032371520161,-1.0462897727965474,0.4238095238095238,0.35238095238095235
0,v230_hybrid_compat_firewall_lcb,hard_bottom25,same_bucket_weak,S5_bottleneck_mid,,,,,,,,,,,,,,,,,,,,,,hard_bottom25,strong_1.00,1.0,3,0.07995408963538214,-0.9463063499194682,-1.0065333625537454,0.9166666666666666,0.5833333333333333
0,v230_hybrid_compat_firewall_lcb,hard_bottom25,all_source_good,S4_final_decoder,,,,,,,,,,,,,,,,,,,,,,all,mild_0.33,0.33,30,-0.017421895882831384,-0.25588377179835875,-0.2847863978359564,0.2989247311827957,0.03225806451612903
0,v230_hybrid_compat_firewall_lcb,hard_bottom25,all_source_good,S4_final_decoder,,,,,,,,,,,,,,,,,,,,,,all,medium_0.50,0.5,30,0.035929442821595686,-0.32739837827418883,-0.36814134778712826,0.2989247311827957,0.0989247311827957
0,v230_hybrid_compat_firewall_lcb,hard_bottom25,all_source_good,S4_final_decoder,,,,,,,,,,,,,,,,,,,,,,all,medium_0.67,0.67,29,0.09987550556047459,-0.3770518636559182,-0.42537091730582055,0.34367816091954023,0.17126436781609194
0,v230_hybrid_compat_firewall_lcb,hard_bottom25,all_source_borderline,S4_final_decoder,,,,,,,,,,,,,,,,,,,,,,all,strong_0.85,0.85,7,-0.039785584769953725,-0.5585009527683493,-0.5922398519993064,0.5535714285714286,0.5535714285714286
0,v230_hybrid_compat_firewall_lcb,hard_bottom25,all_source_borderline,S4_final_decoder,,,,,,,,,,,,,,,,,,,,,,all,strong_1.00,1.0,7,-0.006290635429133412,-0.6428877783298728,-0.676563735055947,0.5535714285714286,0.4107142857142857
0,v230_hybrid_compat_firewall_lcb,hard_bottom25,all_source_weak,S4_final_decoder,,,,,,,,,,,,,,,,,,,,,,all,strong_1.25,1.25,5,0.2295338739175865,-0.5856463323812415,-0.7366610418538979,0.3666666666666667,0.3666666666666667
0,v230_hybrid_compat_firewall_lcb,hard_bottom25,same_bucket_good,S4_final_decoder,,,,,,,,,,,,,,,,,,,,,,hard_bottom25,mild_0.33,0.33,25,0.11438621520996095,-0.3483393096923828,-0.34926666259765626,0.31846153846153846,0.15846153846153846
0,v230_hybrid_compat_firewall_lcb,hard_bottom25,same_bucket_borderline,S4_final_decoder,,,,,,,,,,,,,,,,,,,,,,hard_bottom25,medium_0.50,0.5,6,-0.08769207498323485,-0.507566425213134,-0.5484518736689445,0.6428571428571428,0.47619047619047616
0,v230_hybrid_compat_firewall_lcb,hard_bottom25,same_bucket_weak,S4_final_decoder,,,,,,,,,,,,,,,,,,,,,,hard_bottom25,medium_0.67,0.67,2,-0.4779249573115283,-0.5863291168574267,-0.5983740234736377,1.0,0.8333333333333333
0,v230_hybrid_compat_firewall_lcb,hard_bottom25,same_bucket_good,S6_early_mid_final,,,,,,,,,,,,,,,,,,,,,,hard_bottom25,strong_0.85,0.85,17,0.3146991100929747,-1.2067293234935947,-1.3492326804271886,0.4673202614379085,0.4084967320261438
0,v230_hybrid_compat_firewall_lcb,hard_bottom25,same_bucket_good,S6_early_mid_final,,,,,,,,,,,,,,,,,,,,,,hard_bottom25,strong_1.00,1.0,14,0.4605535216196078,-0.9067667434691549,-1.1760524223326803,0.4238095238095238,0.35238095238095235
0,v230_hybrid_compat_firewall_lcb,hard_bottom25,same_bucket_good,S6_early_mid_final,,,,,,,,,,,,,,,,,,,,,,hard_bottom25,strong_1.25,1.25,13,0.391548765120566,-0.929496890350062,-1.1780511200863901,0.4560439560439561,0.3791208791208791
0,v230_hybrid_compat_firewall_lcb,hard_bottom25,same_bucket_good,S5_bottleneck_mid,,,,,,,,,,,,,,,,,,,,,,hard_bottom25,medium_0.67,0.67,22,0.507174115651108,-0.616418677206669,-0.6989279087740518,0.3162055335968379,0.2707509881422925
0,v230_hybrid_compat_firewall_lcb,hard_bottom25,same_bucket_good,S5_bottleneck_mid,,,,,,,,,,,,,,,,,,,,,,hard_bottom25,strong_0.85,0.85,16,0.5288148880004883,-0.6009382247924805,-0.6253570556640625,0.3088235294117647,0.24632352941176472
0,v230_hybrid_compat_firewall_lcb,hard_bottom25,same_bucket_good,S5_bottleneck_mid,,,,,,,,,,,,,,,,,,,,,,hard_bottom25,strong_1.00,1.0,15,0.4736272508591615,-0.6042743986159361,-0.6270025556593932,0.32916666666666666,0.2625
0,v230_hybrid_compat_firewall_lcb,hard_bottom25,same_bucket_good,S5_bottleneck_mid,,,,,,,,,,,,,,,,,,,,,,hard_bottom25,strong_1.25,1.25,15,0.4736498847296042,-0.6043127363234557,-0.6269968336134948,0.32916666666666666,0.2625
0,v230_hybrid_compat_firewall_lcb,hard_bottom25,all_source_good,S4_final_decoder,,,,,,,,,,,,,,,,,,,,,,all,strong_0.85,0.85,24,0.18822483767622922,-0.40053142160620075,-0.4009871825620113,0.33166666666666667,0.20666666666666667
0,v230_hybrid_compat_firewall_lcb,hard_bottom25,all_source_good,S4_final_decoder,,,,,,,,,,,,,,,,,,,,,,all,strong_1.00,1.0,23,0.25584778300252864,-0.44353603558241106,-0.4551737232655165,0.302536231884058,0.21557971014492752
0,v230_hybrid_compat_firewall_lcb,hard_bottom25,all_source_good,S4_final_decoder,,,,,,,,,,,,,,,,,,,,,,all,strong_1.25,1.25,20,0.3341898495564495,-0.40432733946942934,-0.451522201835152,0.2976190476190476,0.1976190476190476
0,v230_hybrid_compat_firewall_lcb,hard_bottom25,same_bucket_good,S4_final_decoder,,,,,,,,,,,,,,,,,,,,,,hard_bottom25,medium_0.50,0.5,20,0.29188123291826595,-0.41809257918500553,-0.49652418547773014,0.2976190476190476,0.24761904761904763
0,v230_hybrid_compat_firewall_lcb,hard_bottom25,same_bucket_good,S4_final_decoder,,,,,,,,,,,,,,,,,,,,,,hard_bottom25,medium_0.67,0.67,17,0.36508980241116173,-0.41468487464105563,-0.4177503653637119,0.29084967320261434,0.23202614379084968
0,v230_hybrid_compat_firewall_lcb,hard_bottom25,same_bucket_good,S4_final_decoder,,,,,,,,,,,,,,,,,,,,,,hard_bottom25,strong_0.85,0.85,14,0.2141990098136647,-0.42020229797354935,-0.4226954887389302,0.35238095238095235,0.28095238095238095
0,v230_hybrid_compat_firewall_lcb,hard_bottom25,same_bucket_good,S4_final_decoder,,,,,,,,,,,,,,,,,,,,,,hard_bottom25,strong_1.00,1.0,14,0.2141990098136647,-0.42020229797354935,-0.4226954887389302,0.35238095238095235,0.28095238095238095
0,v230_hybrid_compat_firewall_lcb,hard_bottom25,same_bucket_good,S4_final_decoder,,,,,,,,,,,,,,,,,,,,,,hard_bottom25,strong_1.25,1.25,14,0.2141990098136647,-0.42020229797354935,-0.4226954887389302,0.35238095238095235,0.28095238095238095
0,v230_hybrid_compat_firewall_lcb,hard_bottom25,same_bucket_borderline,S6_early_mid_final,,,,,,,,,,,,,,,,,,,,,,hard_bottom25,mild_0.33,0.33,6,0.4236620535364592,0.35174610911914145,0.35174610911914145,0.14285714285714285,0.14285714285714285
0,v230_hybrid_compat_firewall_lcb,hard_bottom25,same_bucket_borderline,S6_early_mid_final,,,,,,,,,,,,,,,,,,,,,,hard_bottom25,medium_0.50,0.5,5,0.655562316300399,0.6012581933755943,0.6012581933755943,0.16666666666666666,0.16666666666666666
0,v230_hybrid_compat_firewall_lcb,hard_bottom25,same_bucket_borderline,S6_early_mid_final,,,,,,,,,,,,,,,,,,,,,,hard_bottom25,medium_0.67,0.67,7,0.6913621813433275,-0.13428449158670874,-0.5244908285618064,0.26785714285714285,0.26785714285714285
0,v230_hybrid_compat_firewall_lcb,hard_bottom25,same_bucket_borderline,S6_early_mid_final,,,,,,,,,,,,,,,,,,,,,,hard_bottom25,strong_1.25,1.25,8,0.5649408149538551,-1.7489764404477564,-2.108138198870608,0.3611111111111111,0.3611111111111111
0,v230_hybrid_compat_firewall_lcb,hard_bottom25,same_bucket_borderline,S5_bottleneck_mid,,,,,,,,,,,,,,,,,,,,,,hard_bottom25,strong_1.00,1.0,8,0.6495734500704322,-1.083114261645266,-1.295952911395022,0.3611111111111111,0.3611111111111111
0,v230_hybrid_compat_firewall_lcb,hard_bottom25,same_bucket_weak,S5_bottleneck_mid,,,,,,,,,,,,,,,,,,,,,,hard_bottom25,strong_1.25,1.25,2,2.0228904342289993,1.9232727622624461,1.9122041320439405,0.3333333333333333,0.3333333333333333
0,v230_hybrid_compat_firewall_lcb,hard_bottom25,all_source_borderline,S4_final_decoder,,,,,,,,,,,,,,,,,,,,,,all,strong_1.25,1.25,4,-0.006646823883056652,-0.5992712020874024,-0.628466796875,0.7,0.7
0,v230_hybrid_compat_firewall_lcb,hard_bottom25,same_bucket_borderline,S4_final_decoder,,,,,,,,,,,,,,,,,,,,,,hard_bottom25,medium_0.67,0.67,4,0.07500200271606444,-0.7536659240722656,-0.7536727905273437,0.7,0.7
0,v230_hybrid_compat_firewall_lcb,hard_bottom25,same_bucket_borderline,S4_final_decoder,,,,,,,,,,,,,,,,,,,,,,hard_bottom25,strong_0.85,0.85,4,1.2640846252441407,1.0842147827148438,1.0705059051513672,0.2,0.2
0,v230_hybrid_compat_firewall_lcb,hard_bottom25,same_bucket_weak,S4_final_decoder,,,,,,,,,,,,,,,,,,,,,,hard_bottom25,strong_1.00,1.0,1,1.2705642700195312,1.2705642700195312,1.2705642700195312,0.5,0.5
0,v230_hybrid_compat_firewall_lcb,easy_top25,same_bucket_borderline,S4_final_decoder,,,,,,,,,,,,,,,,,,,,,,easy_top25,mild_0.10,0.1,5,-0.15717495786952285,-0.252695740340226,-0.261063660262101,0.3666666666666667,0.16666666666666666
0,v230_hybrid_compat_firewall_lcb,easy_top25,same_bucket_borderline,S4_final_decoder,,,,,,,,,,,,,,,,,,,,,,easy_top25,mild_0.20,0.2,5,-0.13092297422694474,-0.3215060125570228,-0.3385058294515541,0.5666666666666667,0.16666666666666666
0,v230_hybrid_compat_firewall_lcb,easy_top25,same_bucket_borderline,S4_final_decoder,,,,,,,,,,,,,,,,,,,,,,easy_top25,mild_0.33,0.33,5,-0.11015881407069474,-0.39469632017421036,-0.4172259222249916,0.5666666666666667,0.3666666666666667
0,v230_hybrid_compat_firewall_lcb,hard_bottom25,same_bucket_weak,S6_early_mid_final,,,,,,,,,,,,,,,,,,,,,,hard_bottom25,strong_1.00,1.0,3,0.6824937879182598,-0.6745106956225931,-0.8908641120654642,0.5833333333333333,0.5833333333333333
0,v230_hybrid_compat_firewall_lcb,mid_50,same_bucket_borderline,S4_final_decoder,,,,,,,,,,,,,,,,,,,,,,mid_50,mild_0.20,0.2,3,0.012582721227178989,-0.4543509742480814,-0.523831107304722,0.5833333333333333,0.5833333333333333
0,v230_hybrid_compat_firewall_lcb,mid_50,same_bucket_borderline,S4_final_decoder,,,,,,,,,,,,,,,,,,,,,,mid_50,mild_0.33,0.33,3,0.08800437243160608,-0.4543509742480814,-0.523831107304722,0.5833333333333333,0.5833333333333333
0,v230_hybrid_compat_firewall_lcb,mid_50,same_bucket_borderline,S4_final_decoder,,,,,,,,,,,,,,,,,,,,,,mid_50,medium_0.50,0.5,1,-0.6083610534667969,-0.6083610534667969,-0.6083610534667969,1.0,1.0
0,v230_hybrid_compat_firewall_lcb,mid_50,same_bucket_borderline,S4_final_decoder,,,,,,,,,,,,,,,,,,,,,,mid_50,medium_0.67,0.67,1,-0.6083610534667969,-0.6083610534667969,-0.6083610534667969,1.0,1.0
0,v230_hybrid_compat_firewall_lcb,hard_bottom25,same_bucket_borderline,S4_final_decoder,,,,,,,,,,,,,,,,,,,,,,hard_bottom25,strong_1.00,1.0,3,1.4320557335155906,1.249224541498989,1.2454502800243796,0.25,0.25
0,v230_hybrid_compat_firewall_lcb,hard_bottom25,all_source_borderline,S6_early_mid_final,,,,,,,,,,,,,,,,,,,,,,all,mild_0.33,0.33,2,0.06660018917284674,0.06660018917284674,0.06660018917284674,0.3333333333333333,0.3333333333333333
0,v230_hybrid_compat_firewall_lcb,hard_bottom25,all_source_borderline,S4_final_decoder,,,,,,,,,,,,,,,,,,,,,,all,mild_0.33,0.33,2,0.07716308590136237,0.07716308590136237,0.07716308590136237,0.3333333333333333,0.3333333333333333
0,v230_hybrid_compat_firewall_lcb,hard_bottom25,all_source_borderline,S4_final_decoder,,,,,,,,,,,,,,,,,,,,,,all,medium_0.50,0.5,1,0.17436904907226558,0.17436904907226558,0.17436904907226558,0.5,0.5
0,v230_hybrid_compat_firewall_lcb,hard_bottom25,all_source_borderline,S4_final_decoder,,,,,,,,,,,,,,,,,,,,,,all,medium_0.67,0.67,2,-0.02277816776074701,-0.38700927737988766,-0.4274794006709033,0.8333333333333333,0.3333333333333333
0,v230_hybrid_compat_firewall_lcb,hard_bottom25,same_bucket_borderline,S4_final_decoder,,,,,,,,,,,,,,,,,,,,,,hard_bottom25,mild_0.33,0.33,5,0.1491028894205162,-0.4062388311605385,-0.5088759313802651,0.3666666666666667,0.3666666666666667
0,v230_hybrid_compat_firewall_lcb,easy_top25,same_bucket_weak,S6_early_mid_final,,,,,,,,,,,,,,,,,,,,,,easy_top25,mild_0.10,0.1,2,-0.276034011876958,-0.2926388168696337,-0.2944837952021533,0.8333333333333333,0.3333333333333333
0,v230_hybrid_compat_firewall_lcb,easy_top25,same_bucket_weak,S6_early_mid_final,,,,,,,,,,,,,,,,,,,,,,easy_top25,mild_0.20,0.2,2,-0.3206583404902392,-0.35746425632275874,-0.36155380252637204,0.8333333333333333,0.3333333333333333
0,v230_hybrid_compat_firewall_lcb,easy_top25,same_bucket_weak,S6_early_mid_final,,,,,,,,,,,,,,,,,,,,,,easy_top25,mild_0.33,0.33,2,-0.3931166077021533,-0.46111511234082514,-0.46867050174512204,1.0,0.8333333333333333
0,v230_hybrid_compat_firewall_lcb,hard_bottom25,same_bucket_weak,S6_early_mid_final,,,,,,,,,,,,,,,,,,,,,,hard_bottom25,mild_0.33,0.33,2,-0.8069654846552783,-0.8069654846552783,-0.8069654846552783,1.0,1.0
0,v230_hybrid_compat_firewall_lcb,hard_bottom25,same_bucket_weak,S5_bottleneck_mid,,,,,,,,,,,,,,,,,,,,,,hard_bottom25,strong_0.85,0.85,2,-0.5292192840937548,-1.2806927109126025,-1.364189758336919,0.8333333333333333,0.8333333333333333
0,v230_hybrid_compat_firewall_lcb,hard_bottom25,all_source_weak,S4_final_decoder,,,,,,,,,,,,,,,,,,,,,,all,strong_1.00,1.0,1,-0.6267478942871094,-0.6267478942871094,-0.6267478942871094,1.0,1.0
0,v230_hybrid_compat_firewall_lcb,hard_bottom25,same_bucket_weak,S4_final_decoder,,,,,,,,,,,,,,,,,,,,,,hard_bottom25,mild_0.33,0.33,2,-0.6416174316767627,-0.7575575256709033,-0.7704397583369189,1.0,1.0
0,v230_hybrid_compat_firewall_lcb,hard_bottom25,same_bucket_weak,S4_final_decoder,,,,,,,,,,,,,,,,,,,,,,hard_bottom25,strong_0.85,0.85,1,-1.103628921508789,-1.103628921508789,-1.103628921508789,1.0,1.0
0,v230_hybrid_compat_firewall_lcb,easy_top25,same_bucket_borderline,S5_bottleneck_mid,,,,,,,,,,,,,,,,,,,,,,easy_top25,mild_0.10,0.1,1,-0.31012039184570317,-0.31012039184570317,-0.31012039184570317,0.5,0.5
0,v230_hybrid_compat_firewall_lcb,easy_top25,same_bucket_borderline,S5_bottleneck_mid,,,,,,,,,,,,,,,,,,,,,,easy_top25,mild_0.20,0.2,1,-0.32481079101562504,-0.32481079101562504,-0.32481079101562504,0.5,0.5
0,v230_hybrid_compat_firewall_lcb,easy_top25,same_bucket_borderline,S5_bottleneck_mid,,,,,,,,,,,,,,,,,,,,,,easy_top25,mild_0.33,0.33,1,-0.34988098144531254,-0.34988098144531254,-0.34988098144531254,0.5,0.5
0,v230_hybrid_compat_firewall_lcb,mid_50,all_source_weak,S5_bottleneck_mid,,,,,,,,,,,,,,,,,,,,,,all,mild_0.20,0.2,1,-0.38960342407226567,-0.38960342407226567,-0.38960342407226567,1.0,0.5
0,v230_hybrid_compat_firewall_lcb,mid_50,all_source_weak,S5_bottleneck_mid,,,,,,,,,,,,,,,,,,,,,,all,mild_0.33,0.33,1,-0.46106033325195317,-0.46106033325195317,-0.46106033325195317,1.0,0.5
0,v230_hybrid_compat_firewall_lcb,hard_bottom25,same_bucket_borderline,S5_bottleneck_mid,,,,,,,,,,,,,,,,,,,,,,hard_bottom25,strong_1.25,1.25,2,0.7148460006352491,-0.10054468158520988,-0.191143646276372,0.3333333333333333,0.3333333333333333
0,v230_hybrid_compat_firewall_lcb,hard_bottom25,same_bucket_weak,S4_final_decoder,,,,,,,,,,,,,,,,,,,,,,hard_bottom25,strong_1.25,1.25,1,1.3315593719482421,1.3315593719482421,1.3315593719482421,0.5,0.5
0,v230_hybrid_compat_firewall_lcb,hard_bottom25,same_bucket_weak,S4_final_decoder,,,,,,,,,,,,,,,,,,,,,,hard_bottom25,medium_0.50,0.5,2,0.4178212737675733,0.07443157192431157,0.036277160608393616,0.3333333333333333,0.3333333333333333
0,v230_hybrid_compat_firewall_lcb,hard_bottom25,same_bucket_borderline,S5_bottleneck_mid,,,,,,,,,,,,,,,,,,,,,,hard_bottom25,mild_0.33,0.33,2,-0.2842813873652392,-0.2842813873652392,-0.2842813873652392,0.3333333333333333,0.3333333333333333
0,v230_hybrid_compat_firewall_lcb,hard_bottom25,same_bucket_borderline,S5_bottleneck_mid,,,,,,,,,,,,,,,,,,,,,,hard_bottom25,medium_0.50,0.5,2,-0.2995191955927783,-0.34483093265332515,-0.34986557010449704,0.8333333333333333,0.3333333333333333
0,v230_hybrid_compat_firewall_lcb,hard_bottom25,all_source_borderline,S5_bottleneck_mid,,,,,,,,,,,,,,,,,,,,,,all,mild_0.33,0.33,2,-0.11296142581738763,-0.11296142581738763,-0.11296142581738763,0.3333333333333333,0.3333333333333333
0,v230_hybrid_compat_firewall_lcb,hard_bottom25,all_source_borderline,S5_bottleneck_mid,,,,,,,,,,,,,,,,,,,,,,all,medium_0.50,0.5,2,-0.048569335973637634,-0.048569335973637634,-0.048569335973637634,0.3333333333333333,0.3333333333333333
0,v230_hybrid_compat_firewall_lcb,hard_bottom25,all_source_borderline,S5_bottleneck_mid,,,,,,,,,,,,,,,,,,,,,,all,medium_0.67,0.67,2,0.014560089075190491,0.014560089075190491,0.014560089075190491,0.3333333333333333,0.3333333333333333
0,v230_hybrid_compat_firewall_lcb,hard_bottom25,all_source_borderline,S5_bottleneck_mid,,,,,,,,,,,,,,,,,,,,,,all,strong_0.85,0.85,2,0.07943283077440924,0.07943283077440924,0.07943283077440924,0.3333333333333333,0.3333333333333333
0,v230_hybrid_compat_firewall_lcb,hard_bottom25,all_source_borderline,S5_bottleneck_mid,,,,,,,,,,,,,,,,,,,,,,all,strong_1.00,1.0,2,0.13236557003222174,0.13236557003222174,0.13236557003222174,0.3333333333333333,0.3333333333333333
0,v230_hybrid_compat_firewall_lcb,hard_bottom25,all_source_borderline,S5_bottleneck_mid,,,,,,,,,,,,,,,,,,,,,,all,strong_1.25,1.25,2,0.21186958309374518,0.206669959985835,0.20609222408495612,0.3333333333333333,0.3333333333333333
1,v230_hybrid_compat_firewall_lcb,mid_50,all_source_good,S6_early_mid_final,,,,,,,,,,,,,,,,,,,,,,all,mild_0.20,0.2,23,0.04490414631562309,-0.23740143017469623,-0.24915718273817278,0.1721014492753623,0.041666666666666664
1,v230_hybrid_compat_firewall_lcb,mid_50,all_source_good,S6_early_mid_final,,,,,,,,,,,,,,,,,,,,,,all,mild_0.33,0.33,23,0.15010404308659792,-0.3224344654530165,-0.3395655079334853,0.25905797101449274,0.08514492753623187
1,v230_hybrid_compat_firewall_lcb,mid_50,all_source_good,S6_early_mid_final,,,,,,,,,,,,,,,,,,,,,,all,medium_0.50,0.5,23,0.2670830615882114,-0.45908493237196185,-0.48102401928602434,0.25905797101449274,0.1721014492753623
1,v230_hybrid_compat_firewall_lcb,mid_50,all_source_good,S6_early_mid_final,,,,,,,,,,,,,,,,,,,,,,all,medium_0.67,0.67,23,0.3589905628089145,-0.6229395313709853,-0.6466829700916884,0.25905797101449274,0.25905797101449274
1,v230_hybrid_compat_firewall_lcb,mid_50,same_bucket_good,S6_early_mid_final,,,,,,,,,,,,,,,,,,,,,,mid_50,mild_0.20,0.2,22,0.050036921104321785,-0.2538849171358682,-0.255301504965458,0.22529644268774704,0.043478260869565216
1,v230_hybrid_compat_firewall_lcb,mid_50,same_bucket_good,S6_early_mid_final,,,,,,,,,,,,,,,,,,,,,,mid_50,mild_0.33,0.33,22,0.15056511795934666,-0.364549666281376,-0.3676519688326455,0.22529644268774704,0.13438735177865613
1,v230_hybrid_compat_firewall_lcb,mid_50,same_bucket_good,S6_early_mid_final,,,,,,,,,,,,,,,,,,,,,,mid_50,medium_0.50,0.5,22,0.250941073714407,-0.5519497212130167,-0.5571241673189736,0.3162055335968379,0.22529644268774704
1,v230_hybrid_compat_firewall_lcb,mid_50,same_bucket_good,S6_early_mid_final,,,,,,,,,,,,,,,,,,,,,,mid_50,medium_0.67,0.67,22,0.3114622862055292,-0.7810171421724893,-0.7878923710543252,0.40711462450592883,0.3162055335968379
1,v230_hybrid_compat_firewall_lcb,mid_50,all_source_good,S5_bottleneck_mid,,,,,,,,,,,,,,,,,,,,,,all,mild_0.20,0.2,25,0.02963287353515623,-0.21855529785156252,-0.2712885284423828,0.11846153846153847,0.038461538461538464
1,v230_hybrid_compat_firewall_lcb,mid_50,all_source_good,S5_bottleneck_mid,,,,,,,,,,,,,,,,,,,,,,all,mild_0.33,0.33,25,0.1294758605957031,-0.283707275390625,-0.3656946563720703,0.19846153846153847,0.07846153846153847
1,v230_hybrid_compat_firewall_lcb,mid_50,all_source_good,S5_bottleneck_mid,,,,,,,,,,,,,,,,,,,,,,all,medium_0.50,0.5,25,0.24638107299804685,-0.3841246032714844,-0.4987779998779297,0.23846153846153847,0.11846153846153847
1,v230_hybrid_compat_firewall_lcb,mid_50,all_source_good,S5_bottleneck_mid,,,,,,,,,,,,,,,,,,,,,,all,medium_0.67,0.67,25,0.34621597290039063,-0.5015608215332031,-0.6149069213867188,0.2784615384615384,0.19846153846153847
1,v230_hybrid_compat_firewall_lcb,mid_50,same_bucket_good,S5_bottleneck_mid,,,,,,,,,,,,,,,,,,,,,,mid_50,mild_0.20,0.2,22,0.07631550359056113,-0.21534636580530178,-0.22254851424280178,0.17984189723320157,0.043478260869565216
1,v230_hybrid_compat_firewall_lcb,mid_50,same_bucket_good,S5_bottleneck_mid,,,,,,,,,,,,,,,,,,,,,,mid_50,mild_0.33,0.33,22,0.2016203325811506,-0.29341662489954007,-0.30551245772424707,0.17984189723320157,0.043478260869565216
1,v230_hybrid_compat_firewall_lcb,mid_50,same_bucket_good,S5_bottleneck_mid,,,,,,,,,,,,,,,,,,,,,,mid_50,medium_0.50,0.5,22,0.343570766485625,-0.4289741810518838,-0.44816115462366113,0.22529644268774704,0.17984189723320157
1,v230_hybrid_compat_firewall_lcb,mid_50,same_bucket_good,S5_bottleneck_mid,,,,,,,,,,,,,,,,,,,,,,mid_50,medium_0.67,0.67,22,0.4460420314114951,-0.6000656422335244,-0.626608878012333,0.22529644268774704,0.17984189723320157
1,v230_hybrid_compat_firewall_lcb,mid_50,all_source_good,S4_final_decoder,,,,,,,,,,,,,,,,,,,,,,all,mild_0.20,0.2,26,0.008557264727922093,-0.2547360749280274,-0.31893552255986335,0.22934472934472935,0.0754985754985755
1,v230_hybrid_compat_firewall_lcb,mid_50,all_source_good,S4_final_decoder,,,,,,,,,,,,,,,,,,,,,,all,mild_0.33,0.33,26,0.08634128948002545,-0.35038484049199226,-0.36924184275029304,0.22934472934472935,0.11396011396011396
1,v230_hybrid_compat_firewall_lcb,mid_50,all_source_good,S4_final_decoder,,,,,,,,,,,,,,,,,,,,,,all,medium_0.50,0.5,26,0.13982070419982714,-0.4244281144177735,-0.47831357431767585,0.2678062678062678,0.22934472934472935
1,v230_hybrid_compat_firewall_lcb,mid_50,all_source_good,S4_final_decoder,,,,,,,,,,,,,,,,,,,,,,all,medium_0.67,0.67,26,0.1476905713779371,-0.5635577530896485,-0.6407510132825196,0.30626780626780625,0.22934472934472935
1,v230_hybrid_compat_firewall_lcb,mid_50,same_bucket_good,S4_final_decoder,,,,,,,,,,,,,,,,,,,,,,mid_50,mild_0.20,0.2,25,0.04730560302734374,-0.2642973327636719,-0.2766119384765625,0.23846153846153847,0.038461538461538464
1,v230_hybrid_compat_firewall_lcb,mid_50,same_bucket_good,S4_final_decoder,,,,,,,,,,,,,,,,,,,,,,mid_50,mild_0.33,0.33,25,0.11190612792968746,-0.3960096740722656,-0.4076258087158203,0.23846153846153847,0.19846153846153847
1,v230_hybrid_compat_firewall_lcb,mid_50,same_bucket_good,S4_final_decoder,,,,,,,,,,,,,,,,,,,,,,mid_50,medium_0.50,0.5,25,0.1342622375488281,-0.54860595703125,-0.5941759490966797,0.3584615384615385,0.23846153846153847
1,v230_hybrid_compat_firewall_lcb,mid_50,same_bucket_good,S4_final_decoder,,,,,,,,,,,,,,,,,,,,,,mid_50,medium_0.67,0.67,25,0.1214703369140625,-0.5628126525878907,-0.6879011535644531,0.3584615384615385,0.2784615384615384
1,v230_hybrid_compat_firewall_lcb,hard_bottom25,all_source_good,S6_early_mid_final,,,,,,,,,,,,,,,,,,,,,,all,mild_0.33,0.33,32,0.011890068045164792,-0.22862802506396607,-0.2364905929655774,0.2178030303030303,0.030303030303030304
1,v230_hybrid_compat_firewall_lcb,hard_bottom25,all_source_good,S6_early_mid_final,,,,,,,,,,,,,,,,,,,,,,all,medium_0.50,0.5,32,0.0795107030778186,-0.28612638474414187,-0.2973102188200696,0.2178030303030303,0.030303030303030304
1,v230_hybrid_compat_firewall_lcb,hard_bottom25,all_source_good,S6_early_mid_final,,,,,,,,,,,,,,,,,,,,,,all,medium_0.67,0.67,32,0.14127482413342163,-0.349844131478761,-0.3639033889860852,0.2178030303030303,0.1553030303030303
1,v230_hybrid_compat_firewall_lcb,hard_bottom25,all_source_good,S6_early_mid_final,,,,,,,,,,,,,,,,,,,,,,all,strong_0.85,0.85,32,0.20004512309124634,-0.4236394500822766,-0.440321311959718,0.2803030303030303,0.2178030303030303
1,v230_hybrid_compat_firewall_lcb,hard_bottom25,all_source_good,S6_early_mid_final,,,,,,,,,,,,,,,,,,,,,,all,strong_1.00,1.0,32,0.24407364367535278,-0.48985849381396607,-0.5083163833708508,0.3428030303030303,0.2178030303030303
1,v230_hybrid_compat_firewall_lcb,hard_bottom25,all_source_good,S6_early_mid_final,,,,,,,,,,,,,,,,,,,,,,all,strong_1.25,1.25,32,0.3043286347298877,-0.5953980064482434,-0.6145518875212415,0.3428030303030303,0.2490530303030303
1,v230_hybrid_compat_firewall_lcb,hard_bottom25,same_bucket_good,S6_early_mid_final,,,,,,,,,,,,,,,,,,,,,,hard_bottom25,mild_0.33,0.33,28,0.2136413938420042,-0.478598639988911,-0.5170841670274853,0.32019704433497537,0.17733990147783252
1,v230_hybrid_compat_firewall_lcb,hard_bottom25,same_bucket_good,S6_early_mid_final,,,,,,,,,,,,,,,,,,,,,,hard_bottom25,medium_0.50,0.5,28,0.34443305796553936,-0.703900096440327,-0.7611103511095165,0.32019704433497537,0.24876847290640391
1,v230_hybrid_compat_firewall_lcb,hard_bottom25,same_bucket_borderline,S6_early_mid_final,,,,,,,,,,,,,,,,,,,,,,hard_bottom25,medium_0.67,0.67,7,0.7620000205244101,-0.18062276368143532,-0.5244908285618064,0.26785714285714285,0.26785714285714285
1,v230_hybrid_compat_firewall_lcb,hard_bottom25,same_bucket_borderline,S6_early_mid_final,,,,,,,,,,,,,,,,,,,,,,hard_bottom25,strong_0.85,0.85,11,0.767897152360193,-0.8881379241279551,-1.0996333236030527,0.26515151515151514,0.26515151515151514
1,v230_hybrid_compat_firewall_lcb,hard_bottom25,same_bucket_weak,S6_early_mid_final,,,,,,,,,,,,,,,,,,,,,,hard_bottom25,strong_1.00,1.0,4,0.6816323280334473,-0.6491892814636231,-0.875394058227539,0.45,0.45
1,v230_hybrid_compat_firewall_lcb,hard_bottom25,all_source_good,S5_bottleneck_mid,,,,,,,,,,,,,,,,,,,,,,all,mild_0.33,0.33,32,0.04242695807507202,-0.186656818398927,-0.18803630829760865,0.1553030303030303,0.030303030303030304
1,v230_hybrid_compat_firewall_lcb,hard_bottom25,all_source_good,S5_bottleneck_mid,,,,,,,,,,,,,,,,,,,,,,all,medium_0.50,0.5,32,0.12785281180432007,-0.22080589295337036,-0.2230781173796399,0.1553030303030303,0.030303030303030304
1,v230_hybrid_compat_firewall_lcb,hard_bottom25,all_source_good,S5_bottleneck_mid,,,,,,,,,,,,,,,,,,,,,,all,medium_0.67,0.67,32,0.20886398791363403,-0.2600703811735852,-0.2634986496062024,0.1553030303030303,0.030303030303030304
1,v230_hybrid_compat_firewall_lcb,hard_bottom25,all_source_good,S5_bottleneck_mid,,,,,,,,,,,,,,,,,,,,,,all,strong_0.85,0.85,32,0.2892209434418933,-0.30704198838183716,-0.3115790939421399,0.1553030303030303,0.030303030303030304
1,v230_hybrid_compat_firewall_lcb,hard_bottom25,all_source_good,S5_bottleneck_mid,,,,,,,,,,,,,,,,,,,,,,all,strong_1.00,1.0,32,0.35085500716259643,-0.35017505646655395,-0.3558734512419446,0.1553030303030303,0.1240530303030303
1,v230_hybrid_compat_firewall_lcb,hard_bottom25,all_source_good,S5_bottleneck_mid,,,,,,,,,,,,,,,,,,,,,,all,strong_1.25,1.25,32,0.4454244518189685,-0.4302896118254407,-0.43785320282885865,0.1553030303030303,0.1240530303030303
1,v230_hybrid_compat_firewall_lcb,hard_bottom25,same_bucket_good,S5_bottleneck_mid,,,,,,,,,,,,,,,,,,,,,,hard_bottom25,mild_0.33,0.33,32,0.2735980892091052,-0.41690832138964967,-0.46459041596362427,0.2803030303030303,0.1553030303030303
1,v230_hybrid_compat_firewall_lcb,hard_bottom25,same_bucket_good,S5_bottleneck_mid,,,,,,,,,,,,,,,,,,,,,,hard_bottom25,medium_0.50,0.5,31,0.4111857132172193,-0.5595594042163902,-0.6263986223560386,0.28931451612903225,0.2247983870967742
1,v230_hybrid_compat_firewall_lcb,hard_bottom25,same_bucket_borderline,S5_bottleneck_mid,,,,,,,,,,,,,,,,,,,,,,hard_bottom25,medium_0.67,0.67,13,0.6219846500364314,-0.7256020844418589,-0.9731160462338511,0.30219780219780223,0.30219780219780223
1,v230_hybrid_compat_firewall_lcb,hard_bottom25,same_bucket_weak,S5_bottleneck_mid,,,,,,,,,,,,,,,,,,,,,,hard_bottom25,strong_0.85,0.85,3,-0.05304024426761267,-1.1712443610889016,-1.3382384559375344,0.5833333333333333,0.5833333333333333
1,v230_hybrid_compat_firewall_lcb,hard_bottom25,all_source_good,S4_final_decoder,,,,,,,,,,,,,,,,,,,,,,all,mild_0.33,0.33,32,-0.02532325745532349,-0.24830146790454224,-0.2836268997282727,0.2178030303030303,0.030303030303030304
1,v230_hybrid_compat_firewall_lcb,hard_bottom25,all_source_good,S4_final_decoder,,,,,,,,,,,,,,,,,,,,,,all,medium_0.50,0.5,32,0.023967518797423093,-0.3143608665556653,-0.3669818496794446,0.2178030303030303,0.0928030303030303
1,v230_hybrid_compat_firewall_lcb,hard_bottom25,all_source_good,S4_final_decoder,,,,,,,,,,,,,,,,,,,,,,all,medium_0.67,0.67,31,0.08174476571532924,-0.36120754417000345,-0.42415291007576517,0.25705645161290325,0.09576612903225806
1,v230_hybrid_compat_firewall_lcb,hard_bottom25,all_source_borderline,S4_final_decoder,,,,,,,,,,,,,,,,,,,,,,all,strong_0.85,0.85,8,0.05566657064538333,-0.53220884324927,-0.5873576355161156,0.3611111111111111,0.3611111111111111
1,v230_hybrid_compat_firewall_lcb,hard_bottom25,all_source_borderline,S4_final_decoder,,,,,,,,,,,,,,,,,,,,,,all,strong_1.00,1.0,8,0.10237873075585696,-0.5452079963864771,-0.6716815185727563,0.4861111111111111,0.2361111111111111
1,v230_hybrid_compat_firewall_lcb,hard_bottom25,same_bucket_borderline,S4_final_decoder,,,,,,,,,,,,,,,,,,,,,,hard_bottom25,mild_0.33,0.33,7,0.18409954270632978,-0.3410704565525291,-0.4950261068821189,0.26785714285714285,0.26785714285714285
1,v230_hybrid_compat_firewall_lcb,hard_bottom25,same_bucket_good,S6_early_mid_final,,,,,,,,,,,,,,,,,,,,,,hard_bottom25,medium_0.67,0.67,24,0.376566932097616,-0.9973377570554196,-1.0312152251645503,0.33166666666666667,0.33166666666666667
1,v230_hybrid_compat_firewall_lcb,hard_bottom25,same_bucket_good,S6_early_mid_final,,,,,,,,,,,,,,,,,,,,,,hard_bottom25,strong_0.85,0.85,20,0.3826032215962445,-1.1762241786112753,-1.3454469149699178,0.3476190476190476,0.3476190476190476
1,v230_hybrid_compat_firewall_lcb,hard_bottom25,same_bucket_good,S6_early_mid_final,,,,,,,,,,,,,,,,,,,,,,hard_bottom25,strong_1.00,1.0,17,0.5106783967356102,-0.8396787711254307,-1.171107298957462,0.29084967320261434,0.29084967320261434
1,v230_hybrid_compat_firewall_lcb,hard_bottom25,same_bucket_good,S6_early_mid_final,,,,,,,,,,,,,,,,,,,,,,hard_bottom25,strong_1.25,1.25,16,0.4494565486907959,-0.861888313293457,-1.172581100463867,0.3088235294117647,0.3088235294117647
1,v230_hybrid_compat_firewall_lcb,hard_bottom25,same_bucket_good,S5_bottleneck_mid,,,,,,,,,,,,,,,,,,,,,,hard_bottom25,medium_0.67,0.67,23,0.4927111266145361,-0.6138533039539931,-0.6979906483143447,0.302536231884058,0.25905797101449274
1,v230_hybrid_compat_firewall_lcb,hard_bottom25,same_bucket_good,S5_bottleneck_mid,,,,,,,,,,,,,,,,,,,,,,hard_bottom25,strong_0.85,0.85,18,0.5608624860855018,-0.5948228327553727,-0.6224975077431657,0.27485380116959063,0.21929824561403508
1,v230_hybrid_compat_firewall_lcb,hard_bottom25,same_bucket_good,S5_bottleneck_mid,,,,,,,,,,,,,,,,,,,,,,hard_bottom25,strong_1.00,1.0,16,0.5142791032791137,-0.6010111808776856,-0.625362777709961,0.3088235294117647,0.24632352941176472
1,v230_hybrid_compat_firewall_lcb,hard_bottom25,same_bucket_good,S5_bottleneck_mid,,,,,,,,,,,,,,,,,,,,,,hard_bottom25,strong_1.25,1.25,16,0.5142881631851196,-0.6010526657104492,-0.6253570556640625,0.3088235294117647,0.24632352941176472
1,v230_hybrid_compat_firewall_lcb,hard_bottom25,all_source_good,S4_final_decoder,,,,,,,,,,,,,,,,,,,,,,all,strong_0.85,0.85,25,0.12900367736816404,-0.39955467224121094,-0.400162353515625,0.2784615384615384,0.15846153846153846
1,v230_hybrid_compat_firewall_lcb,hard_bottom25,all_source_good,S4_final_decoder,,,,,,,,,,,,,,,,,,,,,,all,strong_1.00,1.0,24,0.18129822164331094,-0.44017413706030234,-0.4542956695004879,0.24833333333333335,0.165
1,v230_hybrid_compat_firewall_lcb,hard_bottom25,all_source_good,S4_final_decoder,,,,,,,,,,,,,,,,,,,,,,all,strong_1.25,1.25,22,0.2841065719277416,-0.3932071980196572,-0.42460158431116113,0.22529644268774704,0.13438735177865613
1,v230_hybrid_compat_firewall_lcb,hard_bottom25,same_bucket_good,S4_final_decoder,,,,,,,,,,,,,,,,,,,,,,hard_bottom25,mild_0.33,0.33,25,0.10874610900878906,-0.3483393096923828,-0.34926666259765626,0.31846153846153846,0.15846153846153846
1,v230_hybrid_compat_firewall_lcb,hard_bottom25,same_bucket_good,S4_final_decoder,,,,,,,,,,,,,,,,,,,,,,hard_bottom25,medium_0.50,0.5,21,0.24998613183235882,-0.41288681840364383,-0.45416661118928836,0.28354978354978355,0.23593073593073594
1,v230_hybrid_compat_firewall_lcb,hard_bottom25,same_bucket_good,S4_final_decoder,,,,,,,,,,,,,,,,,,,,,,hard_bottom25,medium_0.67,0.67,19,0.3490340702797528,-0.41167771006756937,-0.41512638713055766,0.26052631578947366,0.20789473684210524
1,v230_hybrid_compat_firewall_lcb,hard_bottom25,same_bucket_good,S4_final_decoder,,,,,,,,,,,,,,,,,,,,,,hard_bottom25,strong_0.85,0.85,15,0.19614706185362768,-0.41819804363546736,-0.42088301830587754,0.32916666666666666,0.2625
1,v230_hybrid_compat_firewall_lcb,hard_bottom25,same_bucket_good,S4_final_decoder,,,,,,,,,,,,,,,,,,,,,,hard_bottom25,strong_1.00,1.0,15,0.19614680754047664,-0.41819804363546736,-0.42088301830587754,0.32916666666666666,0.2625
1,v230_hybrid_compat_firewall_lcb,hard_bottom25,same_bucket_good,S4_final_decoder,,,,,,,,,,,,,,,,,,,,,,hard_bottom25,strong_1.25,1.25,15,0.19614706185362768,-0.41819804363546736,-0.42088301830587754,0.32916666666666666,0.2625
1,v230_hybrid_compat_firewall_lcb,easy_top25,same_bucket_good,S6_early_mid_final,,,,,,,,,,,,,,,,,,,,,,easy_top25,mild_0.10,0.1,9,-0.13971922132703996,-0.2243914286295573,-0.2490832010904948,0.2111111111111111,0.1
1,v230_hybrid_compat_firewall_lcb,easy_top25,same_bucket_good,S6_early_mid_final,,,,,,,,,,,,,,,,,,,,,,easy_top25,mild_0.20,0.2,9,-0.12020831637912328,-0.2885172526041667,-0.3382975260416667,0.2111111111111111,0.1
1,v230_hybrid_compat_firewall_lcb,easy_top25,same_bucket_good,S6_early_mid_final,,,,,,,,,,,,,,,,,,,,,,easy_top25,mild_0.33,0.33,9,-0.10835266113281253,-0.38124186197916665,-0.46371714274088544,0.3222222222222222,0.2111111111111111
1,v230_hybrid_compat_firewall_lcb,easy_top25,same_bucket_good,S5_bottleneck_mid,,,,,,,,,,,,,,,,,,,,,,easy_top25,mild_0.10,0.1,13,-0.12157936879995683,-0.19632161264010106,-0.22278035287447606,0.14835164835164835,0.07142857142857142
1,v230_hybrid_compat_firewall_lcb,easy_top25,same_bucket_good,S5_bottleneck_mid,,,,,,,,,,,,,,,,,,,,,,easy_top25,mild_0.20,0.2,13,-0.0925967661669941,-0.24399541024752294,-0.2950497925717417,0.22527472527472528,0.07142857142857142
1,v230_hybrid_compat_firewall_lcb,easy_top25,same_bucket_good,S5_bottleneck_mid,,,,,,,,,,,,,,,,,,,,,,easy_top25,mild_0.33,0.33,13,-0.06231217801344842,-0.31682026986666356,-0.3962765992123667,0.30219780219780223,0.14835164835164835
1,v230_hybrid_compat_firewall_lcb,easy_top25,same_bucket_good,S4_final_decoder,,,,,,,,,,,,,,,,,,,,,,easy_top25,mild_0.10,0.1,8,-0.1423803520383325,-0.1903554153623071,-0.19144355775732663,0.1111111111111111,0.1111111111111111
1,v230_hybrid_compat_firewall_lcb,easy_top25,same_bucket_good,S4_final_decoder,,,,,,,,,,,,,,,,,,,,,,easy_top25,mild_0.20,0.2,8,-0.12310087205786374,-0.21488372804541256,-0.21701728822607663,0.1111111111111111,0.1111111111111111
1,v230_hybrid_compat_firewall_lcb,easy_top25,same_bucket_good,S4_final_decoder,,,,,,,,,,,,,,,,,,,,,,easy_top25,mild_0.33,0.33,8,-0.11246501924414304,-0.2539235305966821,-0.25733482362646726,0.3611111111111111,0.1111111111111111
1,v230_hybrid_compat_firewall_lcb,hard_bottom25,same_bucket_borderline,S5_bottleneck_mid,,,,,,,,,,,,,,,,,,,,,,hard_bottom25,strong_1.00,1.0,9,0.5474238925509982,-1.0486647288004558,-1.291908899943034,0.3222222222222222,0.3222222222222222
1,v230_hybrid_compat_firewall_lcb,hard_bottom25,same_bucket_borderline,S5_bottleneck_mid,,,,,,,,,,,,,,,,,,,,,,hard_bottom25,strong_1.25,1.25,4,0.7239912033081055,-0.07277708053588869,-0.1497222900390625,0.2,0.2
1,v230_hybrid_compat_firewall_lcb,hard_bottom25,same_bucket_borderline,S4_final_decoder,,,,,,,,,,,,,,,,,,,,,,hard_bottom25,strong_0.85,0.85,4,1.0509465217590332,0.5279396057128907,0.4321926116943359,0.2,0.2
1,v230_hybrid_compat_firewall_lcb,hard_bottom25,same_bucket_borderline,S4_final_decoder,,,,,,,,,,,,,,,,,,,,,,hard_bottom25,strong_1.00,1.0,4,1.1881878852844239,0.537786102294922,0.4101741790771484,0.2,0.2
1,v230_hybrid_compat_firewall_lcb,easy_top25,same_bucket_borderline,S6_early_mid_final,,,,,,,,,,,,,,,,,,,,,,easy_top25,mild_0.10,0.1,3,-0.13668129651370642,-0.16746208875003454,-0.17240975110355017,0.25,0.25
1,v230_hybrid_compat_firewall_lcb,easy_top25,same_bucket_borderline,S6_early_mid_final,,,,,,,,,,,,,,,,,,,,,,easy_top25,mild_0.20,0.2,3,-0.06553719250980017,-0.1311476966601908,-0.1416213294726908,0.25,0.25
1,v230_hybrid_compat_firewall_lcb,easy_top25,same_bucket_borderline,S6_early_mid_final,,,,,,,,,,,,,,,,,,,,,,easy_top25,mild_0.33,0.33,3,0.015132210566371707,-0.10172226636233923,-0.1201979896289408,0.25,0.25
1,v230_hybrid_compat_firewall_lcb,easy_top25,same_bucket_weak,S4_final_decoder,,,,,,,,,,,,,,,,,,,,,,easy_top25,mild_0.10,0.1,2,-0.247265472448247,-0.2742506409052783,-0.27724899295605954,0.3333333333333333,0.3333333333333333
1,v230_hybrid_compat_firewall_lcb,easy_top25,same_bucket_weak,S4_final_decoder,,,,,,,,,,,,,,,,,,,,,,easy_top25,mild_0.20,0.2,2,-0.2642923736933642,-0.32022136691846187,-0.3264356994990283,0.8333333333333333,0.3333333333333333
1,v230_hybrid_compat_firewall_lcb,easy_top25,same_bucket_weak,S4_final_decoder,,,,,,,,,,,,,,,,,,,,,,easy_top25,mild_0.33,0.33,2,-0.30546630862988766,-0.3991590881709033,-0.4095693970087939,0.8333333333333333,0.3333333333333333
1,v230_hybrid_compat_firewall_lcb,hard_bottom25,same_bucket_borderline,S5_bottleneck_mid,,,,,,,,,,,,,,,,,,,,,,hard_bottom25,medium_0.50,0.5,5,0.495070372941024,-0.2777483831624916,-0.2978869329671791,0.3666666666666667,0.16666666666666666
1,v230_hybrid_compat_firewall_lcb,hard_bottom25,all_source_weak,S4_final_decoder,,,,,,,,,,,,,,,,,,,,,,all,strong_1.25,1.25,5,0.5010563958902428,0.04378329408360215,0.018412505509383392,0.16666666666666666,0.16666666666666666
1,v230_hybrid_compat_firewall_lcb,hard_bottom25,all_source_weak,S6_early_mid_final,,,,,,,,,,,,,,,,,,,,,,all,mild_0.33,0.33,2,0.14083801265917487,0.14083801265917487,0.14083801265917487,0.3333333333333333,0.3333333333333333
1,v230_hybrid_compat_firewall_lcb,hard_bottom25,same_bucket_weak,S6_early_mid_final,,,,,,,,,,,,,,,,,,,,,,hard_bottom25,mild_0.33,0.33,4,-0.15606231689453126,-0.7655441284179687,-0.7655441284179687,0.7,0.7
1,v230_hybrid_compat_firewall_lcb,hard_bottom25,all_source_borderline,S5_bottleneck_mid,,,,,,,,,,,,,,,,,,,,,,all,mild_0.33,0.33,4,0.04960327148437499,-0.07154006958007814,-0.07154006958007814,0.2,0.2
1,v230_hybrid_compat_firewall_lcb,hard_bottom25,same_bucket_borderline,S5_bottleneck_mid,,,,,,,,,,,,,,,,,,,,,,hard_bottom25,mild_0.33,0.33,4,0.16445140838623046,-0.2428600311279297,-0.2428600311279297,0.2,0.2
1,v230_hybrid_compat_firewall_lcb,hard_bottom25,same_bucket_borderline,S5_bottleneck_mid,,,,,,,,,,,,,,,,,,,,,,hard_bottom25,strong_0.85,0.85,14,0.6777017574856095,-0.8579032371520161,-1.0462897727965474,0.35238095238095235,0.35238095238095235
1,v230_hybrid_compat_firewall_lcb,hard_bottom25,same_bucket_weak,S5_bottleneck_mid,,,,,,,,,,,,,,,,,,,,,,hard_bottom25,strong_1.00,1.0,3,0.8123111147818666,-0.7408141395312845,-1.0065333625537454,0.5833333333333333,0.5833333333333333
1,v230_hybrid_compat_firewall_lcb,hard_bottom25,all_source_weak,S4_final_decoder,,,,,,,,,,,,,,,,,,,,,,all,mild_0.33,0.33,2,0.08700500484667487,0.08700500484667487,0.08700500484667487,0.3333333333333333,0.3333333333333333
1,v230_hybrid_compat_firewall_lcb,hard_bottom25,same_bucket_weak,S4_final_decoder,,,,,,,,,,,,,,,,,,,,,,hard_bottom25,mild_0.33,0.33,4,-0.08775730133056642,-0.6903717041015625,-0.7290184020996093,0.7,0.7
1,v230_hybrid_compat_firewall_lcb,mid_50,all_source_weak,S6_early_mid_final,,,,,,,,,,,,,,,,,,,,,,all,mild_0.20,0.2,6,0.08488769033658938,-0.20872733295849527,-0.30828616321972574,0.30952380952380953,0.14285714285714285
1,v230_hybrid_compat_firewall_lcb,mid_50,all_source_weak,S6_early_mid_final,,,,,,,,,,,,,,,,,,,,,,all,mild_0.33,0.33,6,0.24838243622688883,-0.24542185963085855,-0.40873477161816324,0.30952380952380953,0.30952380952380953
1,v230_hybrid_compat_firewall_lcb,mid_50,same_bucket_weak,S6_early_mid_final,,,,,,,,,,,,,,,,,,,,,,mid_50,mild_0.20,0.2,8,0.06355512617211673,-0.4891072464169946,-0.5690222931088891,0.3611111111111111,0.2361111111111111
1,v230_hybrid_compat_firewall_lcb,mid_50,same_bucket_weak,S6_early_mid_final,,,,,,,,,,,,,,,,,,,,,,mid_50,mild_0.33,0.33,8,0.2058242606936011,-0.7008517456235375,-0.8228865814389672,0.3611111111111111,0.3611111111111111
1,v230_hybrid_compat_firewall_lcb,mid_50,all_source_borderline,S5_bottleneck_mid,,,,,,,,,,,,,,,,,,,,,,all,mild_0.20,0.2,6,0.11195614635058676,0.02212765513964926,0.0072083741337898855,0.14285714285714285,0.14285714285714285
1,v230_hybrid_compat_firewall_lcb,mid_50,all_source_borderline,S5_bottleneck_mid,,,,,,,,,,,,,,,,,,,,,,all,mild_0.33,0.33,6,0.2971495260706388,0.14086773692675864,0.11196759044238364,0.14285714285714285,0.14285714285714285
1,v230_hybrid_compat_firewall_lcb,mid_50,same_bucket_weak,S5_bottleneck_mid,,,,,,,,,,,,,,,,,,,,,,mid_50,mild_0.20,0.2,8,0.02640522001366946,-0.42647716524023677,-0.49013816835302976,0.3611111111111111,0.2361111111111111
1,v230_hybrid_compat_firewall_lcb,mid_50,same_bucket_weak,S5_bottleneck_mid,,,,,,,,,,,,,,,,,,,,,,mid_50,mild_0.33,0.33,8,0.1442402648745093,-0.6007857513608423,-0.7016745758237328,0.3611111111111111,0.3611111111111111
1,v230_hybrid_compat_firewall_lcb,mid_50,all_source_weak,S4_final_decoder,,,,,,,,,,,,,,,,,,,,,,all,mild_0.20,0.2,6,0.05197575389453207,-0.24387595356396402,-0.35478350819042886,0.30952380952380953,0.14285714285714285
1,v230_hybrid_compat_firewall_lcb,mid_50,all_source_weak,S4_final_decoder,,,,,,,,,,,,,,,,,,,,,,all,mild_0.33,0.33,6,0.09042980968066489,-0.3191418379633781,-0.45626971424511636,0.30952380952380953,0.30952380952380953
1,v230_hybrid_compat_firewall_lcb,mid_50,same_bucket_weak,S4_final_decoder,,,,,,,,,,,,,,,,,,,,,,mid_50,mild_0.20,0.2,4,0.07020549774169921,-0.39741306304931645,-0.4826995849609375,0.45,0.45
1,v230_hybrid_compat_firewall_lcb,mid_50,same_bucket_weak,S4_final_decoder,,,,,,,,,,,,,,,,,,,,,,mid_50,mild_0.33,0.33,4,0.09331684112548827,-0.4342056274414063,-0.5259849548339843,0.45,0.45
1,v230_hybrid_compat_firewall_lcb,mid_50,same_bucket_borderline,S5_bottleneck_mid,,,,,,,,,,,,,,,,,,,,,,mid_50,mild_0.20,0.2,2,-0.032335891759770446,-0.24389308933057122,-0.2673994446162158,0.3333333333333333,0.3333333333333333
1,v230_hybrid_compat_firewall_lcb,mid_50,same_bucket_borderline,S5_bottleneck_mid,,,,,,,,,,,,,,,,,,,,,,mid_50,mild_0.33,0.33,2,0.08676086422167487,-0.2752111816767626,-0.31543029788770016,0.8333333333333333,0.3333333333333333
1,v230_hybrid_compat_firewall_lcb,hard_bottom25,same_bucket_borderline,S4_final_decoder,,,,,,,,,,,,,,,,,,,,,,hard_bottom25,medium_0.50,0.5,5,-0.07234028684901504,-0.523536575911515,-0.5562449346761635,0.7666666666666666,0.5666666666666667
1,v230_hybrid_compat_firewall_lcb,mid_50,all_source_borderline,S6_early_mid_final,,,,,,,,,,,,,,,,,,,,,,all,mild_0.20,0.2,3,-0.055269299036492886,-0.4018935462695658,-0.4621207496387064,0.5833333333333333,0.5833333333333333
1,v230_hybrid_compat_firewall_lcb,mid_50,all_source_borderline,S6_early_mid_final,,,,,,,,,,,,,,,,,,,,,,all,mild_0.33,0.33,3,0.03973955106116339,-0.5294699928027689,-0.6275717994433939,0.5833333333333333,0.5833333333333333
1,v230_hybrid_compat_firewall_lcb,mid_50,same_bucket_borderline,S4_final_decoder,,,,,,,,,,,,,,,,,,,,,,mid_50,mild_0.20,0.2,3,0.012582721227178989,-0.4543509742480814,-0.523831107304722,0.5833333333333333,0.5833333333333333
1,v230_hybrid_compat_firewall_lcb,mid_50,same_bucket_borderline,S4_final_decoder,,,,,,,,,,,,,,,,,,,,,,mid_50,mild_0.33,0.33,3,0.08800437243160608,-0.4543509742480814,-0.523831107304722,0.5833333333333333,0.5833333333333333
1,v230_hybrid_compat_firewall_lcb,mid_50,same_bucket_borderline,S4_final_decoder,,,,,,,,,,,,,,,,,,,,,,mid_50,medium_0.50,0.5,1,-0.6083610534667969,-0.6083610534667969,-0.6083610534667969,1.0,1.0
1,v230_hybrid_compat_firewall_lcb,mid_50,same_bucket_borderline,S4_final_decoder,,,,,,,,,,,,,,,,,,,,,,mid_50,medium_0.67,0.67,1,-0.6083610534667969,-0.6083610534667969,-0.6083610534667969,1.0,1.0
1,v230_hybrid_compat_firewall_lcb,mid_50,all_source_borderline,S6_early_mid_final,,,,,,,,,,,,,,,,,,,,,,all,medium_0.50,0.5,1,0.6103889465332031,0.6103889465332031,0.6103889465332031,0.5,0.5
1,v230_hybrid_compat_firewall_lcb,mid_50,all_source_borderline,S6_early_mid_final,,,,,,,,,,,,,,,,,,,,,,all,medium_0.67,0.67,1,0.8397666931152343,0.8397666931152343,0.8397666931152343,0.5,0.5
1,v230_hybrid_compat_firewall_lcb,hard_bottom25,same_bucket_borderline,S6_early_mid_final,,,,,,,,,,,,,,,,,,,,,,hard_bottom25,strong_1.25,1.25,6,0.497400787463868,-1.862533065685546,-2.1190771788447256,0.47619047619047616,0.47619047619047616
1,v230_hybrid_compat_firewall_lcb,mid_50,same_bucket_borderline,S6_early_mid_final,,,,,,,,,,,,,,,,,,,,,,mid_50,mild_0.20,0.2,2,0.1966909026738233,0.18857303615771,0.187671050989253,0.3333333333333333,0.3333333333333333
1,v230_hybrid_compat_firewall_lcb,mid_50,same_bucket_borderline,S6_early_mid_final,,,,,,,,,,,,,,,,,,,,,,mid_50,mild_0.33,0.33,2,0.4662583922978467,0.44329353328905763,0.4407418822880811,0.3333333333333333,0.3333333333333333
1,v230_hybrid_compat_firewall_lcb,mid_50,same_bucket_borderline,S6_early_mid_final,,,,,,,,,,,,,,,,,,,,,,mid_50,medium_0.50,0.5,1,0.797686767578125,0.797686767578125,0.797686767578125,0.5,0.5
1,v230_hybrid_compat_firewall_lcb,mid_50,same_bucket_borderline,S6_early_mid_final,,,,,,,,,,,,,,,,,,,,,,mid_50,medium_0.67,0.67,1,1.1247055053710937,1.1247055053710937,1.1247055053710937,0.5,0.5
1,v230_hybrid_compat_firewall_lcb,easy_top25,same_bucket_borderline,S4_final_decoder,,,,,,,,,,,,,,,,,,,,,,easy_top25,mild_0.10,0.1,4,-0.18985481262207032,-0.26534500122070315,-0.2716209411621094,0.45,0.2
1,v230_hybrid_compat_firewall_lcb,easy_top25,same_bucket_borderline,S4_final_decoder,,,,,,,,,,,,,,,,,,,,,,easy_top25,mild_0.20,0.2,4,-0.18454761505126954,-0.33631324768066406,-0.3490631103515625,0.7,0.2
1,v230_hybrid_compat_firewall_lcb,easy_top25,same_bucket_borderline,S4_final_decoder,,,,,,,,,,,,,,,,,,,,,,easy_top25,mild_0.33,0.33,4,-0.17736454010009767,-0.4108860015869141,-0.427783203125,0.7,0.45
1,v230_hybrid_compat_firewall_lcb,hard_bottom25,same_bucket_borderline,S6_early_mid_final,,,,,,,,,,,,,,,,,,,,,,hard_bottom25,mild_0.33,0.33,4,0.41602306365966796,0.33339576721191405,0.33339576721191405,0.2,0.2
1,v230_hybrid_compat_firewall_lcb,hard_bottom25,same_bucket_borderline,S6_early_mid_final,,,,,,,,,,,,,,,,,,,,,,hard_bottom25,medium_0.50,0.5,3,0.657870552851528,0.5752308586376608,0.5752308586376608,0.25,0.25
1,v230_hybrid_compat_firewall_lcb,hard_bottom25,same_bucket_borderline,S6_early_mid_final,,,,,,,,,,,,,,,,,,,,,,hard_bottom25,strong_1.00,1.0,9,0.3705190022786458,-1.5179518381754558,-1.6368948618570964,0.43333333333333335,0.43333333333333335
1,v230_hybrid_compat_firewall_lcb,hard_bottom25,same_bucket_weak,S5_bottleneck_mid,,,,,,,,,,,,,,,,,,,,,,hard_bottom25,strong_1.25,1.25,1,2.0749980926513674,2.0749980926513674,2.0749980926513674,0.5,0.5
1,v230_hybrid_compat_firewall_lcb,hard_bottom25,all_source_borderline,S6_early_mid_final,,,,,,,,,,,,,,,,,,,,,,all,mild_0.33,0.33,2,0.06660018917284674,0.06660018917284674,0.06660018917284674,0.3333333333333333,0.3333333333333333
1,v230_hybrid_compat_firewall_lcb,hard_bottom25,all_source_borderline,S4_final_decoder,,,,,,,,,,,,,,,,,,,,,,all,mild_0.33,0.33,2,0.07716308590136237,0.07716308590136237,0.07716308590136237,0.3333333333333333,0.3333333333333333
1,v230_hybrid_compat_firewall_lcb,hard_bottom25,all_source_borderline,S4_final_decoder,,,,,,,,,,,,,,,,,,,,,,all,medium_0.50,0.5,1,0.17436904907226558,0.17436904907226558,0.17436904907226558,0.5,0.5
1,v230_hybrid_compat_firewall_lcb,hard_bottom25,all_source_borderline,S4_final_decoder,,,,,,,,,,,,,,,,,,,,,,all,medium_0.67,0.67,2,-0.02277816776074701,-0.38700927737988766,-0.4274794006709033,0.8333333333333333,0.3333333333333333
1,v230_hybrid_compat_firewall_lcb,easy_top25,same_bucket_weak,S6_early_mid_final,,,,,,,,,,,,,,,,,,,,,,easy_top25,mild_0.10,0.1,2,-0.276034011876958,-0.2926388168696337,-0.2944837952021533,0.8333333333333333,0.3333333333333333
1,v230_hybrid_compat_firewall_lcb,easy_top25,same_bucket_weak,S6_early_mid_final,,,,,,,,,,,,,,,,,,,,,,easy_top25,mild_0.20,0.2,2,-0.3206583404902392,-0.35746425632275874,-0.36155380252637204,0.8333333333333333,0.3333333333333333
1,v230_hybrid_compat_firewall_lcb,easy_top25,same_bucket_weak,S6_early_mid_final,,,,,,,,,,,,,,,,,,,,,,easy_top25,mild_0.33,0.33,2,-0.3931166077021533,-0.46111511234082514,-0.46867050174512204,1.0,0.8333333333333333
1,v230_hybrid_compat_firewall_lcb,hard_bottom25,all_source_weak,S4_final_decoder,,,,,,,,,,,,,,,,,,,,,,all,strong_1.00,1.0,1,-0.6267478942871094,-0.6267478942871094,-0.6267478942871094,1.0,1.0
1,v230_hybrid_compat_firewall_lcb,hard_bottom25,same_bucket_weak,S6_early_mid_final,,,,,,,,,,,,,,,,,,,,,,hard_bottom25,strong_1.25,1.25,2,-0.47221244815625485,-1.6940105820063525,-1.829765930211919,0.8333333333333333,0.8333333333333333
1,v230_hybrid_compat_firewall_lcb,hard_bottom25,all_source_borderline,S4_final_decoder,,,,,,,,,,,,,,,,,,,,,,all,strong_1.25,1.25,3,-0.43344249137861524,-0.6244731208545267,-0.6439368507129252,0.9166666666666666,0.9166666666666666
1,v230_hybrid_compat_firewall_lcb,hard_bottom25,same_bucket_weak,S4_final_decoder,,,,,,,,,,,,,,,,,,,,,,hard_bottom25,medium_0.67,0.67,1,-0.6569526672363282,-0.6569526672363282,-0.6569526672363282,1.0,1.0
1,v230_hybrid_compat_firewall_lcb,hard_bottom25,same_bucket_borderline,S4_final_decoder,,,,,,,,,,,,,,,,,,,,,,hard_bottom25,medium_0.67,0.67,3,-0.281084754155308,-0.7691382667285501,-0.7691428443652689,0.9166666666666666,0.9166666666666666
1,v230_hybrid_compat_firewall_lcb,hard_bottom25,same_bucket_weak,S4_final_decoder,,,,,,,,,,,,,,,,,,,,,,hard_bottom25,strong_0.85,0.85,1,-1.103628921508789,-1.103628921508789,-1.103628921508789,1.0,1.0
1,v230_hybrid_compat_firewall_lcb,easy_top25,same_bucket_borderline,S5_bottleneck_mid,,,,,,,,,,,,,,,,,,,,,,easy_top25,mild_0.10,0.1,1,-0.31012039184570317,-0.31012039184570317,-0.31012039184570317,0.5,0.5
1,v230_hybrid_compat_firewall_lcb,easy_top25,same_bucket_borderline,S5_bottleneck_mid,,,,,,,,,,,,,,,,,,,,,,easy_top25,mild_0.20,0.2,1,-0.32481079101562504,-0.32481079101562504,-0.32481079101562504,0.5,0.5
1,v230_hybrid_compat_firewall_lcb,easy_top25,same_bucket_borderline,S5_bottleneck_mid,,,,,,,,,,,,,,,,,,,,,,easy_top25,mild_0.33,0.33,1,-0.34988098144531254,-0.34988098144531254,-0.34988098144531254,0.5,0.5
1,v230_hybrid_compat_firewall_lcb,mid_50,all_source_weak,S5_bottleneck_mid,,,,,,,,,,,,,,,,,,,,,,all,mild_0.20,0.2,1,-0.38960342407226567,-0.38960342407226567,-0.38960342407226567,1.0,0.5
1,v230_hybrid_compat_firewall_lcb,mid_50,all_source_weak,S5_bottleneck_mid,,,,,,,,,,,,,,,,,,,,,,all,mild_0.33,0.33,1,-0.46106033325195317,-0.46106033325195317,-0.46106033325195317,1.0,0.5
1,v230_hybrid_compat_firewall_lcb,hard_bottom25,same_bucket_weak,S4_final_decoder,,,,,,,,,,,,,,,,,,,,,,hard_bottom25,strong_1.25,1.25,1,1.3315593719482421,1.3315593719482421,1.3315593719482421,0.5,0.5
1,v230_hybrid_compat_firewall_lcb,hard_bottom25,same_bucket_weak,S4_final_decoder,,,,,,,,,,,,,,,,,,,,,,hard_bottom25,medium_0.50,0.5,2,0.4178212737675733,0.07443157192431157,0.036277160608393616,0.3333333333333333,0.3333333333333333
1,v230_hybrid_compat_firewall_lcb,hard_bottom25,all_source_borderline,S5_bottleneck_mid,,,,,,,,,,,,,,,,,,,,,,all,medium_0.50,0.5,2,-0.048569335973637634,-0.048569335973637634,-0.048569335973637634,0.3333333333333333,0.3333333333333333
1,v230_hybrid_compat_firewall_lcb,hard_bottom25,all_source_borderline,S5_bottleneck_mid,,,,,,,,,,,,,,,,,,,,,,all,medium_0.67,0.67,2,0.014560089075190491,0.014560089075190491,0.014560089075190491,0.3333333333333333,0.3333333333333333
1,v230_hybrid_compat_firewall_lcb,hard_bottom25,all_source_borderline,S5_bottleneck_mid,,,,,,,,,,,,,,,,,,,,,,all,strong_0.85,0.85,2,0.07943283077440924,0.07943283077440924,0.07943283077440924,0.3333333333333333,0.3333333333333333
1,v230_hybrid_compat_firewall_lcb,hard_bottom25,all_source_borderline,S5_bottleneck_mid,,,,,,,,,,,,,,,,,,,,,,all,strong_1.00,1.0,2,0.13236557003222174,0.13236557003222174,0.13236557003222174,0.3333333333333333,0.3333333333333333
1,v230_hybrid_compat_firewall_lcb,hard_bottom25,all_source_borderline,S5_bottleneck_mid,,,,,,,,,,,,,,,,,,,,,,all,strong_1.25,1.25,2,0.21186958309374518,0.206669959985835,0.20609222408495612,0.3333333333333333,0.3333333333333333
2,v230_hybrid_compat_firewall_lcb,mid_50,all_source_good,S6_early_mid_final,,,,,,,,,,,,,,,,,,,,,,all,mild_0.20,0.2,22,0.05818632823100858,-0.25454981886926664,-0.341879874106083,0.13438735177865613,0.08893280632411067
2,v230_hybrid_compat_firewall_lcb,mid_50,all_source_good,S6_early_mid_final,,,,,,,,,,,,,,,,,,,,,,all,mild_0.33,0.33,22,0.17307651350045108,-0.3455589588839151,-0.4913111027437783,0.22529644268774704,0.13438735177865613
2,v230_hybrid_compat_firewall_lcb,mid_50,all_source_good,S6_early_mid_final,,,,,,,,,,,,,,,,,,,,,,all,medium_0.50,0.5,22,0.3028960367049077,-0.4869470890719033,-0.7074098881441689,0.22529644268774704,0.13438735177865613
2,v230_hybrid_compat_firewall_lcb,mid_50,all_source_good,S6_early_mid_final,,,,,,,,,,,,,,,,,,,,,,all,medium_0.67,0.67,22,0.4034661952298545,-0.6504844959932901,-0.9434747990328408,0.22529644268774704,0.22529644268774704
2,v230_hybrid_compat_firewall_lcb,mid_50,same_bucket_good,S6_early_mid_final,,,,,,,,,,,,,,,,,,,,,,mid_50,mild_0.20,0.2,22,0.07397258588814637,-0.25503371321741114,-0.33286765181604394,0.17984189723320157,0.08893280632411067
2,v230_hybrid_compat_firewall_lcb,mid_50,same_bucket_good,S6_early_mid_final,,,,,,,,,,,,,,,,,,,,,,mid_50,mild_0.33,0.33,22,0.19449205055433957,-0.36705096327844633,-0.489554434652958,0.17984189723320157,0.13438735177865613
2,v230_hybrid_compat_firewall_lcb,mid_50,same_bucket_good,S6_early_mid_final,,,,,,,,,,,,,,,,,,,,,,mid_50,medium_0.50,0.5,22,0.32540309736275574,-0.5559063252169228,-0.729788809652958,0.22529644268774704,0.17984189723320157
2,v230_hybrid_compat_firewall_lcb,mid_50,same_bucket_good,S6_early_mid_final,,,,,,,,,,,,,,,,,,,,,,mid_50,medium_0.67,0.67,22,0.414604764454819,-0.7854835804659462,-1.0018682774263956,0.3616600790513834,0.22529644268774704
2,v230_hybrid_compat_firewall_lcb,mid_50,all_source_good,S5_bottleneck_mid,,,,,,,,,,,,,,,,,,,,,,all,mild_0.20,0.2,24,0.03444397995426471,-0.32826646417822225,-0.4855018004819332,0.165,0.12333333333333332
2,v230_hybrid_compat_firewall_lcb,mid_50,all_source_good,S5_bottleneck_mid,,,,,,,,,,,,,,,,,,,,,,all,mild_0.33,0.33,24,0.1389326706484379,-0.46738847345556606,-0.7145133361264644,0.165,0.12333333333333332
2,v230_hybrid_compat_firewall_lcb,mid_50,all_source_good,S5_bottleneck_mid,,,,,,,,,,,,,,,,,,,,,,all,medium_0.50,0.5,24,0.26195522695336954,-0.6661174163266599,-1.0172553405209956,0.20666666666666667,0.165
2,v230_hybrid_compat_firewall_lcb,mid_50,all_source_good,S5_bottleneck_mid,,,,,,,,,,,,,,,,,,,,,,all,medium_0.67,0.67,24,0.35619684606347696,-0.881672035162109,-1.3225951537534175,0.24833333333333335,0.165
2,v230_hybrid_compat_firewall_lcb,mid_50,same_bucket_good,S5_bottleneck_mid,,,,,,,,,,,,,,,,,,,,,,mid_50,mild_0.20,0.2,22,0.08291857116202778,-0.22747576796594632,-0.2738676365572549,0.17984189723320157,0.043478260869565216
2,v230_hybrid_compat_firewall_lcb,mid_50,same_bucket_good,S5_bottleneck_mid,,,,,,,,,,,,,,,,,,,,,,mid_50,mild_0.33,0.33,22,0.21441222628010306,-0.3129497822481729,-0.3868151005465127,0.17984189723320157,0.08893280632411067
2,v230_hybrid_compat_firewall_lcb,mid_50,same_bucket_good,S5_bottleneck_mid,,,,,,,,,,,,,,,,,,,,,,mid_50,medium_0.50,0.5,22,0.36637467994887085,-0.45849135481897363,-0.5635881718355752,0.2707509881422925,0.17984189723320157
2,v230_hybrid_compat_firewall_lcb,mid_50,same_bucket_good,S5_bottleneck_mid,,,,,,,,,,,,,,,,,,,,,,mid_50,medium_0.67,0.67,22,0.4692754451077842,-0.6391355808931924,-0.7684831913668252,0.2707509881422925,0.17984189723320157
2,v230_hybrid_compat_firewall_lcb,mid_50,all_source_good,S4_final_decoder,,,,,,,,,,,,,,,,,,,,,,all,mild_0.20,0.2,25,0.040790557861328125,-0.25077041625976565,-0.32288421630859376,0.15846153846153846,0.07846153846153847
2,v230_hybrid_compat_firewall_lcb,mid_50,all_source_good,S4_final_decoder,,,,,,,,,,,,,,,,,,,,,,all,mild_0.33,0.33,25,0.12633941650390623,-0.3431974792480469,-0.4652658843994141,0.15846153846153846,0.11846153846153847
2,v230_hybrid_compat_firewall_lcb,mid_50,all_source_good,S4_final_decoder,,,,,,,,,,,,,,,,,,,,,,all,medium_0.50,0.5,25,0.17048873901367184,-0.48633636474609376,-0.6622568511962891,0.19846153846153847,0.15846153846153846
2,v230_hybrid_compat_firewall_lcb,mid_50,all_source_good,S4_final_decoder,,,,,,,,,,,,,,,,,,,,,,all,medium_0.67,0.67,25,0.1840394592285156,-0.6317030334472656,-0.7490717315673828,0.23846153846153847,0.15846153846153846
2,v230_hybrid_compat_firewall_lcb,mid_50,same_bucket_good,S4_final_decoder,,,,,,,,,,,,,,,,,,,,,,mid_50,mild_0.20,0.2,26,0.07576313396244733,-0.2812577576672852,-0.3464204163586915,0.1908831908831909,0.0754985754985755
2,v230_hybrid_compat_firewall_lcb,mid_50,same_bucket_good,S4_final_decoder,,,,,,,,,,,,,,,,,,,,,,mid_50,mild_0.33,0.33,26,0.14799090542804225,-0.4125529618298829,-0.5193692536389649,0.1908831908831909,0.15242165242165243
2,v230_hybrid_compat_firewall_lcb,mid_50,same_bucket_good,S4_final_decoder,,,,,,,,,,,,,,,,,,,,,,mid_50,medium_0.50,0.5,26,0.1700884196539287,-0.5938397736584962,-0.7029153199231446,0.2678062678062678,0.1908831908831909
2,v230_hybrid_compat_firewall_lcb,mid_50,same_bucket_good,S4_final_decoder,,,,,,,,,,,,,,,,,,,,,,mid_50,medium_0.67,0.67,26,0.15415736355792506,-0.7237378449475587,-0.7943021149670899,0.2678062678062678,0.22934472934472935
2,v230_hybrid_compat_firewall_lcb,hard_bottom25,all_source_good,S6_early_mid_final,,,,,,,,,,,,,,,,,,,,,,all,mild_0.33,0.33,30,-0.021910014372414716,-0.2312170809719427,-0.23765009107326107,0.2989247311827957,0.03225806451612903
2,v230_hybrid_compat_firewall_lcb,hard_bottom25,all_source_good,S6_early_mid_final,,,,,,,,,,,,,,,,,,,,,,all,medium_0.50,0.5,30,0.026718856273744124,-0.2893193072292669,-0.29846971692775326,0.2989247311827957,0.03225806451612903
2,v230_hybrid_compat_firewall_lcb,hard_bottom25,all_source_good,S6_early_mid_final,,,,,,,,,,,,,,,,,,,,,,all,medium_0.67,0.67,30,0.0679716282870905,-0.3579912966701849,-0.3650628870937689,0.2989247311827957,0.23225806451612904
2,v230_hybrid_compat_firewall_lcb,hard_bottom25,all_source_good,S6_early_mid_final,,,,,,,,,,,,,,,,,,,,,,all,strong_0.85,0.85,30,0.10333094733819725,-0.44089201154445246,-0.4414808100674017,0.3655913978494624,0.2989247311827957
2,v230_hybrid_compat_firewall_lcb,hard_bottom25,all_source_good,S6_early_mid_final,,,,,,,,,,,,,,,,,,,,,,all,strong_1.00,1.0,30,0.12644979295994208,-0.5182741946194036,-0.525472814461933,0.432258064516129,0.2989247311827957
2,v230_hybrid_compat_firewall_lcb,hard_bottom25,all_source_good,S6_early_mid_final,,,,,,,,,,,,,,,,,,,,,,all,strong_1.25,1.25,30,0.1503041757927871,-0.6419840640041693,-0.6681920832607611,0.432258064516129,0.33225806451612905
2,v230_hybrid_compat_firewall_lcb,hard_bottom25,same_bucket_good,S6_early_mid_final,,,,,,,,,,,,,,,,,,,,,,hard_bottom25,mild_0.33,0.33,26,0.14395598275489022,-0.49102128458378913,-0.5185109467541993,0.34472934472934474,0.1908831908831909
2,v230_hybrid_compat_firewall_lcb,hard_bottom25,same_bucket_good,S6_early_mid_final,,,,,,,,,,,,,,,,,,,,,,hard_bottom25,medium_0.50,0.5,26,0.235380484614115,-0.7216726632153809,-0.7625371308362305,0.34472934472934474,0.2678062678062678
2,v230_hybrid_compat_firewall_lcb,hard_bottom25,same_bucket_borderline,S6_early_mid_final,,,,,,,,,,,,,,,,,,,,,,hard_bottom25,medium_0.67,0.67,5,0.6011025537271568,-0.30909527647303847,-0.5383406530599526,0.3666666666666667,0.3666666666666667
2,v230_hybrid_compat_firewall_lcb,hard_bottom25,same_bucket_borderline,S6_early_mid_final,,,,,,,,,,,,,,,,,,,,,,hard_bottom25,strong_0.85,0.85,10,0.4894148166696793,-0.9122307483632797,-1.1025766078908676,0.3909090909090909,0.3909090909090909
2,v230_hybrid_compat_firewall_lcb,hard_bottom25,same_bucket_weak,S6_early_mid_final,,,,,,,,,,,,,,,,,,,,,,hard_bottom25,strong_1.00,1.0,2,-0.16279949191846185,-0.8414138222102099,-0.9168154144648486,0.8333333333333333,0.8333333333333333
2,v230_hybrid_compat_firewall_lcb,hard_bottom25,all_source_good,S5_bottleneck_mid,,,,,,,,,,,,,,,,,,,,,,all,mild_0.33,0.33,28,0.007974170592841223,-0.18959955933095202,-0.19047741653920397,0.17733990147783252,0.034482758620689655
2,v230_hybrid_compat_firewall_lcb,hard_bottom25,all_source_good,S5_bottleneck_mid,,,,,,,,,,,,,,,,,,,,,,all,medium_0.50,0.5,28,0.07472347086837136,-0.22407326462270005,-0.22551922562123522,0.24876847290640391,0.034482758620689655
2,v230_hybrid_compat_firewall_lcb,hard_bottom25,all_source_good,S5_bottleneck_mid,,,,,,,,,,,,,,,,,,,,,,all,medium_0.67,0.67,28,0.1354969116381119,-0.26375813248158675,-0.2659397578477977,0.24876847290640391,0.034482758620689655
2,v230_hybrid_compat_firewall_lcb,hard_bottom25,all_source_good,S5_bottleneck_mid,,,,,,,,,,,,,,,,,,,,,,all,strong_0.85,0.85,28,0.19267690758363365,-0.31390537979603994,-0.3140202021837352,0.24876847290640391,0.034482758620689655
2,v230_hybrid_compat_firewall_lcb,hard_bottom25,all_source_good,S5_bottleneck_mid,,,,,,,,,,,,,,,,,,,,,,all,strong_1.00,1.0,28,0.23336392366203768,-0.3680331683397411,-0.3732662654161571,0.24876847290640391,0.21305418719211822
2,v230_hybrid_compat_firewall_lcb,hard_bottom25,all_source_good,S5_bottleneck_mid,,,,,,,,,,,,,,,,,,,,,,all,strong_1.25,1.25,28,0.29348941085337416,-0.44029431107045397,-0.46496205093861803,0.24876847290640391,0.21305418719211822
2,v230_hybrid_compat_firewall_lcb,hard_bottom25,same_bucket_good,S5_bottleneck_mid,,,,,,,,,,,,,,,,,,,,,,hard_bottom25,mild_0.33,0.33,28,0.22046588725020733,-0.43668837311269026,-0.4670315242052196,0.32019704433497537,0.17733990147783252
2,v230_hybrid_compat_firewall_lcb,hard_bottom25,same_bucket_good,S5_bottleneck_mid,,,,,,,,,,,,,,,,,,,,,,hard_bottom25,medium_0.50,0.5,27,0.31794055851977293,-0.5621836748673618,-0.6289675798966586,0.332010582010582,0.2579365079365079
2,v230_hybrid_compat_firewall_lcb,hard_bottom25,same_bucket_borderline,S5_bottleneck_mid,,,,,,,,,,,,,,,,,,,,,,hard_bottom25,medium_0.67,0.67,12,0.4884413112768382,-0.7484932552209645,-0.9753810535302907,0.3269230769230769,0.3269230769230769
2,v230_hybrid_compat_firewall_lcb,hard_bottom25,same_bucket_weak,S5_bottleneck_mid,,,,,,,,,,,,,,,,,,,,,,hard_bottom25,strong_0.85,0.85,3,-0.05304024426761267,-1.1712443610889016,-1.3382384559375344,0.5833333333333333,0.5833333333333333
2,v230_hybrid_compat_firewall_lcb,hard_bottom25,all_source_good,S4_final_decoder,,,,,,,,,,,,,,,,,,,,,,all,mild_0.33,0.33,30,-0.058552470427102224,-0.25588377179835875,-0.2847863978359564,0.2989247311827957,0.03225806451612903
2,v230_hybrid_compat_firewall_lcb,hard_bottom25,all_source_good,S4_final_decoder,,,,,,,,,,,,,,,,,,,,,,all,medium_0.50,0.5,30,-0.027919561288104827,-0.32739837827418883,-0.36814134778712826,0.2989247311827957,0.0989247311827957
2,v230_hybrid_compat_firewall_lcb,hard_bottom25,all_source_good,S4_final_decoder,,,,,,,,,,,,,,,,,,,,,,all,medium_0.67,0.67,29,0.00889931663772403,-0.3770518636559182,-0.42537091730582055,0.34367816091954023,0.17126436781609194
2,v230_hybrid_compat_firewall_lcb,hard_bottom25,all_source_borderline,S4_final_decoder,,,,,,,,,,,,,,,,,,,,,,all,strong_0.85,0.85,7,-0.11027955536844702,-0.5585009527683493,-0.5922398519993064,0.5535714285714286,0.5535714285714286
2,v230_hybrid_compat_firewall_lcb,hard_bottom25,all_source_borderline,S4_final_decoder,,,,,,,,,,,,,,,,,,,,,,all,strong_1.00,1.0,7,-0.08959381448884322,-0.6428877783298728,-0.676563735055947,0.6964285714285714,0.4107142857142857
2,v230_hybrid_compat_firewall_lcb,hard_bottom25,same_bucket_borderline,S4_final_decoder,,,,,,,,,,,,,,,,,,,,,,hard_bottom25,mild_0.33,0.33,5,0.09291697633457868,-0.4062388311605385,-0.5088759313802651,0.3666666666666667,0.3666666666666667
2,v230_hybrid_compat_firewall_lcb,hard_bottom25,same_bucket_good,S6_early_mid_final,,,,,,,,,,,,,,,,,,,,,,hard_bottom25,medium_0.67,0.67,23,0.23816127084326405,-1.0086105747669813,-1.0320932789295791,0.43297101449275366,0.3460144927536232
2,v230_hybrid_compat_firewall_lcb,hard_bottom25,same_bucket_good,S6_early_mid_final,,,,,,,,,,,,,,,,,,,,,,hard_bottom25,strong_0.85,0.85,18,0.2142731857179346,-1.1964561907570817,-1.347866007499025,0.4415204678362573,0.38596491228070173
2,v230_hybrid_compat_firewall_lcb,hard_bottom25,same_bucket_good,S6_early_mid_final,,,,,,,,,,,,,,,,,,,,,,hard_bottom25,strong_1.00,1.0,15,0.31119210071267717,-0.8842399900466003,-1.1742399518996276,0.3958333333333333,0.32916666666666666
2,v230_hybrid_compat_firewall_lcb,hard_bottom25,same_bucket_good,S6_early_mid_final,,,,,,,,,,,,,,,,,,,,,,hard_bottom25,strong_1.25,1.25,15,0.3203008348435365,-0.8842409437209167,-1.1742208784132995,0.3958333333333333,0.32916666666666666
2,v230_hybrid_compat_firewall_lcb,hard_bottom25,same_bucket_good,S5_bottleneck_mid,,,,,,,,,,,,,,,,,,,,,,hard_bottom25,medium_0.67,0.67,20,0.4125008160481488,-0.6282161181559528,-0.7818902438273395,0.3476190476190476,0.2976190476190476
2,v230_hybrid_compat_firewall_lcb,hard_bottom25,same_bucket_good,S5_bottleneck_mid,,,,,,,,,,,,,,,,,,,,,,hard_bottom25,strong_0.85,0.85,16,0.489487624168396,-0.6009382247924805,-0.6253570556640625,0.3088235294117647,0.24632352941176472
2,v230_hybrid_compat_firewall_lcb,hard_bottom25,same_bucket_good,S5_bottleneck_mid,,,,,,,,,,,,,,,,,,,,,,hard_bottom25,strong_1.00,1.0,14,0.42628446121224167,-0.6077103088378071,-0.6288150260924459,0.35238095238095235,0.28095238095238095
2,v230_hybrid_compat_firewall_lcb,hard_bottom25,same_bucket_good,S5_bottleneck_mid,,,,,,,,,,,,,,,,,,,,,,hard_bottom25,strong_1.25,1.25,14,0.4262681125096747,-0.6077454994200826,-0.6288093040465474,0.35238095238095235,0.28095238095238095
2,v230_hybrid_compat_firewall_lcb,hard_bottom25,all_source_good,S4_final_decoder,,,,,,,,,,,,,,,,,,,,,,all,strong_0.85,0.85,23,0.038869378169605756,-0.40156139568983296,-0.40186523632703997,0.3460144927536232,0.21557971014492752
2,v230_hybrid_compat_firewall_lcb,hard_bottom25,all_source_good,S4_final_decoder,,,,,,,,,,,,,,,,,,,,,,all,strong_1.00,1.0,22,0.06954354896742548,-0.44695714079919824,-0.45611098372522363,0.3162055335968379,0.22529644268774704
2,v230_hybrid_compat_firewall_lcb,hard_bottom25,all_source_good,S4_final_decoder,,,,,,,,,,,,,,,,,,,,,,all,strong_1.25,1.25,19,0.0689377150422939,-0.4079730668180577,-0.4526839890592686,0.3131578947368421,0.20789473684210524
2,v230_hybrid_compat_firewall_lcb,hard_bottom25,same_bucket_good,S4_final_decoder,,,,,,,,,,,,,,,,,,,,,,hard_bottom25,mild_0.33,0.33,23,0.055979124687948134,-0.3505058689564345,-0.3509695454090712,0.3460144927536232,0.1721014492753623
2,v230_hybrid_compat_firewall_lcb,hard_bottom25,same_bucket_good,S4_final_decoder,,,,,,,,,,,,,,,,,,,,,,hard_bottom25,medium_0.50,0.5,19,0.18708732184739257,-0.42338234568768657,-0.4976859727018467,0.3131578947368421,0.26052631578947366
2,v230_hybrid_compat_firewall_lcb,hard_bottom25,same_bucket_good,S4_final_decoder,,,,,,,,,,,,,,,,,,,,,,hard_bottom25,medium_0.67,0.67,16,0.19560585021972654,-0.4163693428039551,-0.41924324035644533,0.3088235294117647,0.24632352941176472
2,v230_hybrid_compat_firewall_lcb,hard_bottom25,same_bucket_good,S4_final_decoder,,,,,,,,,,,,,,,,,,,,,,hard_bottom25,strong_0.85,0.85,14,0.11652777350297827,-0.42020229797354935,-0.4226954887389302,0.35238095238095235,0.28095238095238095
2,v230_hybrid_compat_firewall_lcb,hard_bottom25,same_bucket_good,S4_final_decoder,,,,,,,,,,,,,,,,,,,,,,hard_bottom25,strong_1.00,1.0,14,0.11652750102460219,-0.42020229797354935,-0.4226954887389302,0.35238095238095235,0.28095238095238095
2,v230_hybrid_compat_firewall_lcb,hard_bottom25,same_bucket_good,S4_final_decoder,,,,,,,,,,,,,,,,,,,,,,hard_bottom25,strong_1.25,1.25,14,0.11652777350297827,-0.42020229797354935,-0.4226954887389302,0.35238095238095235,0.28095238095238095
2,v230_hybrid_compat_firewall_lcb,easy_top25,same_bucket_good,S6_early_mid_final,,,,,,,,,,,,,,,,,,,,,,easy_top25,mild_0.10,0.1,10,-0.11876427573754728,-0.1744638149221176,-0.18393265647485196,0.09090909090909091,0.09090909090909091
2,v230_hybrid_compat_firewall_lcb,easy_top25,same_bucket_good,S6_early_mid_final,,,,,,,,,,,,,,,,,,,,,,easy_top25,mild_0.20,0.2,10,-0.08294693870141447,-0.19192234916284023,-0.2104257289846176,0.09090909090909091,0.09090909090909091
2,v230_hybrid_compat_firewall_lcb,easy_top25,same_bucket_good,S6_early_mid_final,,,,,,,,,,,,,,,,,,,,,,easy_top25,mild_0.33,0.33,10,-0.051423043437742594,-0.22451512260034023,-0.25410782737328946,0.19090909090909092,0.09090909090909091
2,v230_hybrid_compat_firewall_lcb,easy_top25,same_bucket_good,S5_bottleneck_mid,,,,,,,,,,,,,,,,,,,,,,easy_top25,mild_0.10,0.1,16,-0.11026563644409182,-0.17958106994628908,-0.1986869812011719,0.058823529411764705,0.058823529411764705
2,v230_hybrid_compat_firewall_lcb,easy_top25,same_bucket_good,S5_bottleneck_mid,,,,,,,,,,,,,,,,,,,,,,easy_top25,mild_0.20,0.2,16,-0.07506432533264162,-0.2162498474121094,-0.251531982421875,0.18382352941176472,0.058823529411764705
2,v230_hybrid_compat_firewall_lcb,easy_top25,same_bucket_good,S5_bottleneck_mid,,,,,,,,,,,,,,,,,,,,,,easy_top25,mild_0.33,0.33,16,-0.036369705200195335,-0.27576675415039065,-0.3279289245605469,0.24632352941176472,0.058823529411764705
2,v230_hybrid_compat_firewall_lcb,easy_top25,same_bucket_good,S4_final_decoder,,,,,,,,,,,,,,,,,,,,,,easy_top25,mild_0.10,0.1,9,-0.14148373074001738,-0.1861559549967448,-0.18739954630533856,0.1,0.1
2,v230_hybrid_compat_firewall_lcb,easy_top25,same_bucket_good,S4_final_decoder,,,,,,,,,,,,,,,,,,,,,,easy_top25,mild_0.20,0.2,9,-0.12580362955729169,-0.21053492228190107,-0.21297327677408856,0.1,0.1
2,v230_hybrid_compat_firewall_lcb,easy_top25,same_bucket_good,S4_final_decoder,,,,,,,,,,,,,,,,,,,,,,easy_top25,mild_0.33,0.33,9,-0.12802166408962676,-0.24939219156901044,-0.2532908121744792,0.3222222222222222,0.1
2,v230_hybrid_compat_firewall_lcb,hard_bottom25,same_bucket_borderline,S5_bottleneck_mid,,,,,,,,,,,,,,,,,,,,,,hard_bottom25,strong_1.00,1.0,8,0.44899237630944583,-1.083114261645266,-1.295952911395022,0.3611111111111111,0.3611111111111111
2,v230_hybrid_compat_firewall_lcb,hard_bottom25,same_bucket_borderline,S5_bottleneck_mid,,,,,,,,,,,,,,,,,,,,,,hard_bottom25,strong_1.25,1.25,4,0.7239912033081055,-0.07277708053588869,-0.1497222900390625,0.2,0.2
2,v230_hybrid_compat_firewall_lcb,hard_bottom25,same_bucket_borderline,S4_final_decoder,,,,,,,,,,,,,,,,,,,,,,hard_bottom25,strong_0.85,0.85,3,0.9441419660188456,0.4896931389110982,0.41672255785641077,0.25,0.25
2,v230_hybrid_compat_firewall_lcb,hard_bottom25,same_bucket_borderline,S4_final_decoder,,,,,,,,,,,,,,,,,,,,,,hard_bottom25,strong_1.00,1.0,2,0.8129972076054639,0.4131772613164014,0.3687528228398389,0.3333333333333333,0.3333333333333333
2,v230_hybrid_compat_firewall_lcb,easy_top25,same_bucket_borderline,S6_early_mid_final,,,,,,,,,,,,,,,,,,,,,,easy_top25,mild_0.10,0.1,5,-0.1422373663167885,-0.2485308538656166,-0.2740679632406166,0.3666666666666667,0.16666666666666666
2,v230_hybrid_compat_firewall_lcb,easy_top25,same_bucket_borderline,S6_early_mid_final,,,,,,,,,,,,,,,,,,,,,,easy_top25,mild_0.20,0.2,5,-0.10319470274256973,-0.3188380132894447,-0.3696490179281166,0.3666666666666667,0.16666666666666666
2,v230_hybrid_compat_firewall_lcb,easy_top25,same_bucket_borderline,S6_early_mid_final,,,,,,,,,,,,,,,,,,,,,,easy_top25,mild_0.33,0.33,5,-0.06430004942225723,-0.42467907774256974,-0.5073061834554604,0.3666666666666667,0.3666666666666667
2,v230_hybrid_compat_firewall_lcb,easy_top25,same_bucket_weak,S4_final_decoder,,,,,,,,,,,,,,,,,,,,,,easy_top25,mild_0.10,0.1,4,-0.2147085189819336,-0.268096923828125,-0.27379150390625,0.45,0.2
2,v230_hybrid_compat_firewall_lcb,easy_top25,same_bucket_weak,S4_final_decoder,,,,,,,,,,,,,,,,,,,,,,easy_top25,mild_0.20,0.2,4,-0.23910064697265626,-0.34686164855957036,-0.35777587890625,0.7,0.2
2,v230_hybrid_compat_firewall_lcb,easy_top25,same_bucket_weak,S4_final_decoder,,,,,,,,,,,,,,,,,,,,,,easy_top25,mild_0.33,0.33,4,-0.28613967895507814,-0.46423931121826173,-0.48119659423828126,0.7,0.45
2,v230_hybrid_compat_firewall_lcb,hard_bottom25,same_bucket_borderline,S5_bottleneck_mid,,,,,,,,,,,,,,,,,,,,,,hard_bottom25,medium_0.50,0.5,5,0.495070372941024,-0.2777483831624916,-0.2978869329671791,0.3666666666666667,0.16666666666666666
2,v230_hybrid_compat_firewall_lcb,hard_bottom25,all_source_weak,S4_final_decoder,,,,,,,,,,,,,,,,,,,,,,all,strong_1.25,1.25,4,0.1757038116455078,-0.6339572906494141,-0.7472183227539062,0.45,0.45
2,v230_hybrid_compat_firewall_lcb,hard_bottom25,all_source_weak,S6_early_mid_final,,,,,,,,,,,,,,,,,,,,,,all,mild_0.33,0.33,2,0.14083801265917487,0.14083801265917487,0.14083801265917487,0.3333333333333333,0.3333333333333333
2,v230_hybrid_compat_firewall_lcb,hard_bottom25,same_bucket_weak,S6_early_mid_final,,,,,,,,,,,,,,,,,,,,,,hard_bottom25,mild_0.33,0.33,4,-0.15606231689453126,-0.7655441284179687,-0.7655441284179687,0.7,0.7
2,v230_hybrid_compat_firewall_lcb,hard_bottom25,all_source_borderline,S5_bottleneck_mid,,,,,,,,,,,,,,,,,,,,,,all,mild_0.33,0.33,4,0.04960327148437499,-0.07154006958007814,-0.07154006958007814,0.2,0.2
2,v230_hybrid_compat_firewall_lcb,hard_bottom25,same_bucket_borderline,S5_bottleneck_mid,,,,,,,,,,,,,,,,,,,,,,hard_bottom25,mild_0.33,0.33,4,0.16445140838623046,-0.2428600311279297,-0.2428600311279297,0.2,0.2
2,v230_hybrid_compat_firewall_lcb,hard_bottom25,same_bucket_borderline,S5_bottleneck_mid,,,,,,,,,,,,,,,,,,,,,,hard_bottom25,strong_0.85,0.85,12,0.45484813348142805,-0.8911685596338064,-1.050572551333025,0.4935897435897436,0.41025641025641024
2,v230_hybrid_compat_firewall_lcb,hard_bottom25,same_bucket_weak,S5_bottleneck_mid,,,,,,,,,,,,,,,,,,,,,,hard_bottom25,strong_1.00,1.0,4,0.5236375808715821,-0.9007227897644043,-0.9910633087158203,0.7,0.45
2,v230_hybrid_compat_firewall_lcb,hard_bottom25,all_source_weak,S4_final_decoder,,,,,,,,,,,,,,,,,,,,,,all,mild_0.33,0.33,2,0.08700500484667487,0.08700500484667487,0.08700500484667487,0.3333333333333333,0.3333333333333333
2,v230_hybrid_compat_firewall_lcb,hard_bottom25,same_bucket_weak,S4_final_decoder,,,,,,,,,,,,,,,,,,,,,,hard_bottom25,mild_0.33,0.33,4,-0.08775730133056642,-0.6903717041015625,-0.7290184020996093,0.7,0.7
2,v230_hybrid_compat_firewall_lcb,mid_50,all_source_borderline,S6_early_mid_final,,,,,,,,,,,,,,,,,,,,,,all,mild_0.20,0.2,2,0.11447845455370612,0.11422782894335456,0.11419998165331549,0.3333333333333333,0.3333333333333333
2,v230_hybrid_compat_firewall_lcb,mid_50,all_source_borderline,S6_early_mid_final,,,,,,,,,,,,,,,,,,,,,,all,mild_0.33,0.33,2,0.33514533992968265,0.32826000210009276,0.3274949645634717,0.3333333333333333,0.3333333333333333
2,v230_hybrid_compat_firewall_lcb,mid_50,all_source_borderline,S6_early_mid_final,,,,,,,,,,,,,,,,,,,,,,all,medium_0.50,0.5,1,0.5756027221679687,0.5756027221679687,0.5756027221679687,0.5,0.5
2,v230_hybrid_compat_firewall_lcb,mid_50,all_source_borderline,S6_early_mid_final,,,,,,,,,,,,,,,,,,,,,,all,medium_0.67,0.67,1,0.7685005187988281,0.7685005187988281,0.7685005187988281,0.5,0.5
2,v230_hybrid_compat_firewall_lcb,mid_50,same_bucket_borderline,S6_early_mid_final,,,,,,,,,,,,,,,,,,,,,,mid_50,mild_0.20,0.2,2,0.1661103820439405,0.14670577999315923,0.144549713098628,0.3333333333333333,0.3333333333333333
2,v230_hybrid_compat_firewall_lcb,mid_50,same_bucket_borderline,S6_early_mid_final,,,,,,,,,,,,,,,,,,,,,,mid_50,mild_0.33,0.33,2,0.4159959411259717,0.3937245940800733,0.39124999996386234,0.3333333333333333,0.3333333333333333
2,v230_hybrid_compat_firewall_lcb,mid_50,same_bucket_borderline,S6_early_mid_final,,,,,,,,,,,,,,,,,,,,,,mid_50,medium_0.50,0.5,1,0.6480171203613281,0.6480171203613281,0.6480171203613281,0.5,0.5
2,v230_hybrid_compat_firewall_lcb,mid_50,same_bucket_borderline,S6_early_mid_final,,,,,,,,,,,,,,,,,,,,,,mid_50,medium_0.67,0.67,1,0.8122093200683593,0.8122093200683593,0.8122093200683593,0.5,0.5
2,v230_hybrid_compat_firewall_lcb,mid_50,same_bucket_borderline,S5_bottleneck_mid,,,,,,,,,,,,,,,,,,,,,,mid_50,mild_0.20,0.2,1,0.06621475219726558,0.06621475219726558,0.06621475219726558,0.5,0.5
2,v230_hybrid_compat_firewall_lcb,mid_50,same_bucket_borderline,S5_bottleneck_mid,,,,,,,,,,,,,,,,,,,,,,mid_50,mild_0.33,0.33,1,0.30131835937499996,0.30131835937499996,0.30131835937499996,0.5,0.5
2,v230_hybrid_compat_firewall_lcb,mid_50,same_bucket_borderline,S5_bottleneck_mid,,,,,,,,,,,,,,,,,,,,,,mid_50,medium_0.50,0.5,1,0.5415718078613281,0.5415718078613281,0.5415718078613281,0.5,0.5
2,v230_hybrid_compat_firewall_lcb,mid_50,same_bucket_borderline,S5_bottleneck_mid,,,,,,,,,,,,,,,,,,,,,,mid_50,medium_0.67,0.67,1,0.6917564392089843,0.6917564392089843,0.6917564392089843,0.5,0.5
2,v230_hybrid_compat_firewall_lcb,mid_50,all_source_weak,S6_early_mid_final,,,,,,,,,,,,,,,,,,,,,,all,mild_0.20,0.2,7,-0.1028193699087651,-0.6146054220676658,-0.7423958731174705,0.5535714285714286,0.26785714285714285
2,v230_hybrid_compat_firewall_lcb,mid_50,all_source_weak,S6_early_mid_final,,,,,,,,,,,,,,,,,,,,,,all,mild_0.33,0.33,7,-0.06373234685491466,-0.8987767172336814,-1.1009240103245017,0.5535714285714286,0.5535714285714286
2,v230_hybrid_compat_firewall_lcb,mid_50,same_bucket_weak,S6_early_mid_final,,,,,,,,,,,,,,,,,,,,,,mid_50,mild_0.20,0.2,7,-0.10910653595926734,-0.6723538351536033,-0.7942414236545798,0.5535714285714286,0.4107142857142857
2,v230_hybrid_compat_firewall_lcb,mid_50,same_bucket_weak,S6_early_mid_final,,,,,,,,,,,,,,,,,,,,,,mid_50,mild_0.33,0.33,7,-0.07410341880664457,-0.9891468954563376,-1.1822876883030173,0.5535714285714286,0.5535714285714286
2,v230_hybrid_compat_firewall_lcb,mid_50,all_source_borderline,S5_bottleneck_mid,,,,,,,,,,,,,,,,,,,,,,all,mild_0.20,0.2,6,0.04118079641569092,-0.1825175017207023,-0.24575946033886636,0.30952380952380953,0.14285714285714285
2,v230_hybrid_compat_firewall_lcb,mid_50,all_source_borderline,S5_bottleneck_mid,,,,,,,,,,,,,,,,,,,,,,all,mild_0.33,0.33,6,0.17809155284472739,-0.20016715229443277,-0.30421206654003824,0.30952380952380953,0.14285714285714285
2,v230_hybrid_compat_firewall_lcb,mid_50,same_bucket_weak,S5_bottleneck_mid,,,,,,,,,,,,,,,,,,,,,,mid_50,mild_0.20,0.2,8,-0.07691728593725827,-0.5834962082089867,-0.7163230133237328,0.4861111111111111,0.2361111111111111
2,v230_hybrid_compat_firewall_lcb,mid_50,same_bucket_weak,S5_bottleneck_mid,,,,,,,,,,,,,,,,,,,,,,mid_50,mild_0.33,0.33,8,-0.02475034715551999,-0.8505494308652368,-1.0589400482358422,0.4861111111111111,0.4861111111111111
2,v230_hybrid_compat_firewall_lcb,mid_50,all_source_weak,S4_final_decoder,,,,,,,,,,,,,,,,,,,,,,all,mild_0.20,0.2,6,-0.15052745045117105,-0.6170992583124992,-0.7045378416865227,0.6428571428571428,0.30952380952380953
2,v230_hybrid_compat_firewall_lcb,mid_50,all_source_weak,S4_final_decoder,,,,,,,,,,,,,,,,,,,,,,all,mild_0.33,0.33,6,-0.17127368153027261,-0.8111424177973625,-0.9294333189814445,0.6428571428571428,0.47619047619047616
2,v230_hybrid_compat_firewall_lcb,mid_50,same_bucket_weak,S4_final_decoder,,,,,,,,,,,,,,,,,,,,,,mid_50,mild_0.20,0.2,4,-0.3265411376953125,-0.773295021057129,-0.8245765686035156,0.95,0.7
2,v230_hybrid_compat_firewall_lcb,mid_50,same_bucket_weak,S4_final_decoder,,,,,,,,,,,,,,,,,,,,,,mid_50,mild_0.33,0.33,4,-0.3394824981689453,-0.9023670196533202,-0.9687873840332031,0.95,0.7
2,v230_hybrid_compat_firewall_lcb,hard_bottom25,same_bucket_borderline,S6_early_mid_final,,,,,,,,,,,,,,,,,,,,,,hard_bottom25,strong_1.00,1.0,10,0.21347182350561678,-1.4996628467519517,-1.6334737483937973,0.49090909090909096,0.49090909090909096
2,v230_hybrid_compat_firewall_lcb,hard_bottom25,same_bucket_weak,S6_early_mid_final,,,,,,,,,,,,,,,,,,,,,,hard_bottom25,strong_1.25,1.25,3,-0.5949663103483418,-1.7126708289844097,-1.8038146278125344,0.9166666666666666,0.9166666666666666
2,v230_hybrid_compat_firewall_lcb,hard_bottom25,same_bucket_borderline,S4_final_decoder,,,,,,,,,,,,,,,,,,,,,,hard_bottom25,medium_0.50,0.5,4,-0.39626474380493165,-0.5422709465026856,-0.5668022155761718,0.95,0.7
2,v230_hybrid_compat_firewall_lcb,hard_bottom25,same_bucket_weak,S4_final_decoder,,,,,,,,,,,,,,,,,,,,,,hard_bottom25,medium_0.67,0.67,2,-0.4779249573115283,-0.5863291168574267,-0.5983740234736377,1.0,0.8333333333333333
2,v230_hybrid_compat_firewall_lcb,hard_bottom25,same_bucket_borderline,S6_early_mid_final,,,,,,,,,,,,,,,,,,,,,,hard_bottom25,mild_0.33,0.33,2,0.34246765133104984,0.34246765133104984,0.34246765133104984,0.3333333333333333,0.3333333333333333
2,v230_hybrid_compat_firewall_lcb,hard_bottom25,same_bucket_borderline,S6_early_mid_final,,,,,,,,,,,,,,,,,,,,,,hard_bottom25,medium_0.50,0.5,2,0.5610803222294873,0.5610803222294873,0.5610803222294873,0.3333333333333333,0.3333333333333333
2,v230_hybrid_compat_firewall_lcb,hard_bottom25,same_bucket_borderline,S6_early_mid_final,,,,,,,,,,,,,,,,,,,,,,hard_bottom25,strong_1.25,1.25,5,0.022814666153914642,-1.921634949324601,-2.126870239851945,0.5666666666666667,0.5666666666666667
2,v230_hybrid_compat_firewall_lcb,hard_bottom25,same_bucket_weak,S5_bottleneck_mid,,,,,,,,,,,,,,,,,,,,,,hard_bottom25,strong_1.25,1.25,1,1.85362548828125,1.85362548828125,1.85362548828125,0.5,0.5
2,v230_hybrid_compat_firewall_lcb,hard_bottom25,all_source_borderline,S4_final_decoder,,,,,,,,,,,,,,,,,,,,,,all,strong_1.25,1.25,4,-0.006646823883056652,-0.5992712020874024,-0.628466796875,0.7,0.7
2,v230_hybrid_compat_firewall_lcb,hard_bottom25,same_bucket_borderline,S4_final_decoder,,,,,,,,,,,,,,,,,,,,,,hard_bottom25,medium_0.67,0.67,4,0.07500200271606444,-0.7536659240722656,-0.7536727905273437,0.7,0.7
2,v230_hybrid_compat_firewall_lcb,hard_bottom25,same_bucket_weak,S4_final_decoder,,,,,,,,,,,,,,,,,,,,,,hard_bottom25,strong_1.00,1.0,1,1.2705642700195312,1.2705642700195312,1.2705642700195312,0.5,0.5
2,v230_hybrid_compat_firewall_lcb,easy_top25,same_bucket_borderline,S4_final_decoder,,,,,,,,,,,,,,,,,,,,,,easy_top25,mild_0.10,0.1,4,-0.14176006317138673,-0.2172718048095703,-0.22978134155273439,0.2,0.2
2,v230_hybrid_compat_firewall_lcb,easy_top25,same_bucket_borderline,S4_final_decoder,,,,,,,,,,,,,,,,,,,,,,easy_top25,mild_0.20,0.2,4,-0.08958454132080079,-0.2389305114746094,-0.26406402587890626,0.45,0.2
2,v230_hybrid_compat_firewall_lcb,easy_top25,same_bucket_borderline,S4_final_decoder,,,,,,,,,,,,,,,,,,,,,,easy_top25,mild_0.33,0.33,4,-0.04394931793212892,-0.27349128723144533,-0.31513519287109376,0.45,0.2
2,v230_hybrid_compat_firewall_lcb,easy_top25,same_bucket_weak,S6_early_mid_final,,,,,,,,,,,,,,,,,,,,,,easy_top25,mild_0.10,0.1,2,-0.276034011876958,-0.2926388168696337,-0.2944837952021533,0.8333333333333333,0.3333333333333333
2,v230_hybrid_compat_firewall_lcb,easy_top25,same_bucket_weak,S6_early_mid_final,,,,,,,,,,,,,,,,,,,,,,easy_top25,mild_0.20,0.2,2,-0.3206583404902392,-0.35746425632275874,-0.36155380252637204,0.8333333333333333,0.3333333333333333
2,v230_hybrid_compat_firewall_lcb,easy_top25,same_bucket_weak,S6_early_mid_final,,,,,,,,,,,,,,,,,,,,,,easy_top25,mild_0.33,0.33,2,-0.3931166077021533,-0.46111511234082514,-0.46867050174512204,1.0,0.8333333333333333
2,v230_hybrid_compat_firewall_lcb,hard_bottom25,all_source_borderline,S4_final_decoder,,,,,,,,,,,,,,,,,,,,,,all,medium_0.67,0.67,1,-0.4860580444335938,-0.4860580444335938,-0.4860580444335938,1.0,0.5
2,v230_hybrid_compat_firewall_lcb,hard_bottom25,all_source_weak,S4_final_decoder,,,,,,,,,,,,,,,,,,,,,,all,strong_1.00,1.0,1,-0.6267478942871094,-0.6267478942871094,-0.6267478942871094,1.0,1.0
2,v230_hybrid_compat_firewall_lcb,hard_bottom25,same_bucket_weak,S4_final_decoder,,,,,,,,,,,,,,,,,,,,,,hard_bottom25,strong_0.85,0.85,1,-1.103628921508789,-1.103628921508789,-1.103628921508789,1.0,1.0
2,v230_hybrid_compat_firewall_lcb,easy_top25,same_bucket_borderline,S5_bottleneck_mid,,,,,,,,,,,,,,,,,,,,,,easy_top25,mild_0.10,0.1,1,-0.31012039184570317,-0.31012039184570317,-0.31012039184570317,0.5,0.5
2,v230_hybrid_compat_firewall_lcb,easy_top25,same_bucket_borderline,S5_bottleneck_mid,,,,,,,,,,,,,,,,,,,,,,easy_top25,mild_0.20,0.2,1,-0.32481079101562504,-0.32481079101562504,-0.32481079101562504,0.5,0.5
2,v230_hybrid_compat_firewall_lcb,easy_top25,same_bucket_borderline,S5_bottleneck_mid,,,,,,,,,,,,,,,,,,,,,,easy_top25,mild_0.33,0.33,1,-0.34988098144531254,-0.34988098144531254,-0.34988098144531254,0.5,0.5
2,v230_hybrid_compat_firewall_lcb,mid_50,same_bucket_borderline,S4_final_decoder,,,,,,,,,,,,,,,,,,,,,,mid_50,mild_0.20,0.2,1,0.08644027709960933,0.08644027709960933,0.08644027709960933,0.5,0.5
2,v230_hybrid_compat_firewall_lcb,mid_50,same_bucket_borderline,S4_final_decoder,,,,,,,,,,,,,,,,,,,,,,mid_50,mild_0.33,0.33,1,0.08644027709960933,0.08644027709960933,0.08644027709960933,0.5,0.5
2,v230_hybrid_compat_firewall_lcb,mid_50,all_source_weak,S5_bottleneck_mid,,,,,,,,,,,,,,,,,,,,,,all,mild_0.20,0.2,1,-0.38960342407226567,-0.38960342407226567,-0.38960342407226567,1.0,0.5
2,v230_hybrid_compat_firewall_lcb,mid_50,all_source_weak,S5_bottleneck_mid,,,,,,,,,,,,,,,,,,,,,,all,mild_0.33,0.33,1,-0.46106033325195317,-0.46106033325195317,-0.46106033325195317,1.0,0.5
2,v230_hybrid_compat_firewall_lcb,hard_bottom25,same_bucket_weak,S4_final_decoder,,,,,,,,,,,,,,,,,,,,,,hard_bottom25,strong_1.25,1.25,1,1.3315593719482421,1.3315593719482421,1.3315593719482421,0.5,0.5
2,v230_hybrid_compat_firewall_lcb,hard_bottom25,same_bucket_weak,S4_final_decoder,,,,,,,,,,,,,,,,,,,,,,hard_bottom25,medium_0.50,0.5,2,0.4178212737675733,0.07443157192431157,0.036277160608393616,0.3333333333333333,0.3333333333333333
2,v230_hybrid_compat_firewall_lcb,hard_bottom25,all_source_borderline,S5_bottleneck_mid,,,,,,,,,,,,,,,,,,,,,,all,medium_0.50,0.5,2,-0.048569335973637634,-0.048569335973637634,-0.048569335973637634,0.3333333333333333,0.3333333333333333
2,v230_hybrid_compat_firewall_lcb,hard_bottom25,all_source_borderline,S5_bottleneck_mid,,,,,,,,,,,,,,,,,,,,,,all,medium_0.67,0.67,2,0.014560089075190491,0.014560089075190491,0.014560089075190491,0.3333333333333333,0.3333333333333333
2,v230_hybrid_compat_firewall_lcb,hard_bottom25,all_source_borderline,S5_bottleneck_mid,,,,,,,,,,,,,,,,,,,,,,all,strong_0.85,0.85,2,0.07943283077440924,0.07943283077440924,0.07943283077440924,0.3333333333333333,0.3333333333333333
2,v230_hybrid_compat_firewall_lcb,hard_bottom25,all_source_borderline,S5_bottleneck_mid,,,,,,,,,,,,,,,,,,,,,,all,strong_1.00,1.0,2,0.13236557003222174,0.13236557003222174,0.13236557003222174,0.3333333333333333,0.3333333333333333
2,v230_hybrid_compat_firewall_lcb,hard_bottom25,all_source_borderline,S5_bottleneck_mid,,,,,,,,,,,,,,,,,,,,,,all,strong_1.25,1.25,2,0.21186958309374518,0.206669959985835,0.20609222408495612,0.3333333333333333,0.3333333333333333
3,v230_hybrid_compat_firewall_lcb,mid_50,all_source_good,S6_early_mid_final,,,,,,,,,,,,,,,,,,,,,,all,mild_0.20,0.2,24,0.019049451247396237,-0.2543767318173824,-0.34006455988134726,0.20666666666666667,0.08166666666666667
3,v230_hybrid_compat_firewall_lcb,mid_50,all_source_good,S6_early_mid_final,,,,,,,,,,,,,,,,,,,,,,all,mild_0.33,0.33,24,0.10538622289453164,-0.3472577437802731,-0.4894957885190426,0.29,0.12333333333333332
3,v230_hybrid_compat_firewall_lcb,mid_50,all_source_good,S6_early_mid_final,,,,,,,,,,,,,,,,,,,,,,all,medium_0.50,0.5,24,0.19605331172102902,-0.4904345855161129,-0.7055945739194331,0.29,0.20666666666666667
3,v230_hybrid_compat_firewall_lcb,mid_50,all_source_good,S6_early_mid_final,,,,,,,,,,,,,,,,,,,,,,all,medium_0.67,0.67,24,0.2564064318890792,-0.6557851180478511,-0.941659484808105,0.29,0.29
3,v230_hybrid_compat_firewall_lcb,mid_50,same_bucket_good,S6_early_mid_final,,,,,,,,,,,,,,,,,,,,,,mid_50,mild_0.20,0.2,23,0.027860908214824842,-0.25484794811903216,-0.33193039135633684,0.25905797101449274,0.08514492753623187
3,v230_hybrid_compat_firewall_lcb,mid_50,same_bucket_good,S6_early_mid_final,,,,,,,,,,,,,,,,,,,,,,mid_50,mild_0.33,0.33,23,0.11183151713338801,-0.36786674694715715,-0.4886171741932509,0.25905797101449274,0.1721014492753623
3,v230_hybrid_compat_firewall_lcb,mid_50,same_bucket_good,S6_early_mid_final,,,,,,,,,,,,,,,,,,,,,,mid_50,medium_0.50,0.5,23,0.188656700504227,-0.5585413380116102,-0.7288515491932509,0.3460144927536232,0.25905797101449274
3,v230_hybrid_compat_firewall_lcb,mid_50,same_bucket_good,S6_early_mid_final,,,,,,,,,,,,,,,,,,,,,,mid_50,medium_0.67,0.67,23,0.21878949177460744,-0.7904493732899306,-1.0009310169666885,0.47644927536231885,0.3460144927536232
3,v230_hybrid_compat_firewall_lcb,mid_50,all_source_good,S5_bottleneck_mid,,,,,,,,,,,,,,,,,,,,,,all,mild_0.20,0.2,28,-6.298782826646976e-05,-0.3324942088365672,-0.4824734187364696,0.17733990147783252,0.10591133004926108
3,v230_hybrid_compat_firewall_lcb,mid_50,all_source_good,S5_bottleneck_mid,,,,,,,,,,,,,,,,,,,,,,all,mild_0.33,0.33,28,0.07926418676715763,-0.47231964828969225,-0.7114849543810009,0.24876847290640391,0.1416256157635468
3,v230_hybrid_compat_firewall_lcb,mid_50,all_source_good,S5_bottleneck_mid,,,,,,,,,,,,,,,,,,,,,,all,medium_0.50,0.5,28,0.16890643900801983,-0.668064734959614,-1.0142269587755322,0.28448275862068967,0.17733990147783252
3,v230_hybrid_compat_firewall_lcb,mid_50,all_source_good,S5_bottleneck_mid,,,,,,,,,,,,,,,,,,,,,,all,medium_0.67,0.67,28,0.23276760473590763,-0.8572229838609813,-1.319566772007954,0.32019704433497537,0.24876847290640391
3,v230_hybrid_compat_firewall_lcb,mid_50,same_bucket_good,S5_bottleneck_mid,,,,,,,,,,,,,,,,,,,,,,mid_50,mild_0.20,0.2,23,0.06165846256265092,-0.2267183704823134,-0.2729303760975478,0.21557971014492752,0.041666666666666664
3,v230_hybrid_compat_firewall_lcb,mid_50,same_bucket_good,S5_bottleneck_mid,,,,,,,,,,,,,,,,,,,,,,mid_50,mild_0.33,0.33,23,0.1753241677044648,-0.31279968456922747,-0.3858778400868056,0.21557971014492752,0.08514492753623187
3,v230_hybrid_compat_firewall_lcb,mid_50,same_bucket_good,S5_bottleneck_mid,,,,,,,,,,,,,,,,,,,,,,mid_50,medium_0.50,0.5,23,0.30022249772951576,-0.4596521778553603,-0.5626509113758681,0.302536231884058,0.21557971014492752
3,v230_hybrid_compat_firewall_lcb,mid_50,same_bucket_good,S5_bottleneck_mid,,,,,,,,,,,,,,,,,,,,,,mid_50,medium_0.67,0.67,23,0.3742632838092542,-0.6421221180409071,-0.7675459309071181,0.302536231884058,0.21557971014492752
3,v230_hybrid_compat_firewall_lcb,mid_50,all_source_good,S4_final_decoder,,,,,,,,,,,,,,,,,,,,,,all,mild_0.20,0.2,27,-0.007631349371394591,-0.3399895754410922,-0.37584238916179535,0.2579365079365079,0.10978835978835978
3,v230_hybrid_compat_firewall_lcb,mid_50,all_source_good,S4_final_decoder,,,,,,,,,,,,,,,,,,,,,,all,mild_0.33,0.33,27,0.05508043696938955,-0.37017336755535,-0.467917737062186,0.2579365079365079,0.1468253968253968
3,v230_hybrid_compat_firewall_lcb,mid_50,all_source_good,S4_final_decoder,,,,,,,,,,,,,,,,,,,,,,all,medium_0.50,0.5,27,0.0803073125571355,-0.49324427514812347,-0.6607468691422641,0.29497354497354494,0.2579365079365079
3,v230_hybrid_compat_firewall_lcb,mid_50,all_source_good,S4_final_decoder,,,,,,,,,,,,,,,,,,,,,,all,medium_0.67,0.67,27,0.07955299149412912,-0.6601586428239047,-0.7475617495133579,0.332010582010582,0.2579365079365079
3,v230_hybrid_compat_firewall_lcb,mid_50,same_bucket_good,S4_final_decoder,,,,,,,,,,,,,,,,,,,,,,mid_50,mild_0.20,0.2,25,0.02971664428710935,-0.28311904907226565,-0.3471971893310547,0.2784615384615384,0.07846153846153847
3,v230_hybrid_compat_firewall_lcb,mid_50,same_bucket_good,S4_final_decoder,,,,,,,,,,,,,,,,,,,,,,mid_50,mild_0.33,0.33,25,0.07553695678710937,-0.4145597839355469,-0.5201460266113281,0.2784615384615384,0.23846153846153847
3,v230_hybrid_compat_firewall_lcb,mid_50,same_bucket_good,S4_final_decoder,,,,,,,,,,,,,,,,,,,,,,mid_50,medium_0.50,0.5,25,0.07790649414062498,-0.6152388000488281,-0.7036920928955078,0.3984615384615384,0.2784615384615384
3,v230_hybrid_compat_firewall_lcb,mid_50,same_bucket_good,S4_final_decoder,,,,,,,,,,,,,,,,,,,,,,mid_50,medium_0.67,0.67,25,0.06042144775390623,-0.7352323913574219,-0.7950788879394531,0.3984615384615384,0.31846153846153846
3,v230_hybrid_compat_firewall_lcb,hard_bottom25,all_source_good,S6_early_mid_final,,,,,,,,,,,,,,,,,,,,,,all,mild_0.33,0.33,26,0.0551603941881835,-0.2367845864331544,-0.24035848093388681,0.2678062678062678,0.037037037037037035
3,v230_hybrid_compat_firewall_lcb,hard_bottom25,all_source_good,S6_early_mid_final,,,,,,,,,,,,,,,,,,,,,,all,medium_0.50,0.5,26,0.147554562748505,-0.29609454584477546,-0.301178106788379,0.2678062678062678,0.037037037037037035
3,v230_hybrid_compat_firewall_lcb,hard_bottom25,all_source_good,S6_early_mid_final,,,,,,,,,,,,,,,,,,,,,,all,medium_0.67,0.67,26,0.23412970406836678,-0.36384261560795905,-0.3677712769543946,0.2678062678062678,0.2678062678062678
3,v230_hybrid_compat_firewall_lcb,hard_bottom25,all_source_good,S6_early_mid_final,,,,,,,,,,,,,,,,,,,,,,all,strong_0.85,0.85,26,0.3189888184951998,-0.44386208963750007,-0.4441891999280274,0.34472934472934474,0.2678062678062678
3,v230_hybrid_compat_firewall_lcb,hard_bottom25,all_source_good,S6_early_mid_final,,,,,,,,,,,,,,,,,,,,,,all,strong_1.00,1.0,26,0.3840806118489407,-0.524181971076709,-0.5281812043225587,0.34472934472934474,0.2678062678062678
3,v230_hybrid_compat_firewall_lcb,hard_bottom25,all_source_good,S6_early_mid_final,,,,,,,,,,,,,,,,,,,,,,all,strong_1.25,1.25,26,0.4754848664688326,-0.6486059517895997,-0.6709004731213868,0.34472934472934474,0.30626780626780625
3,v230_hybrid_compat_firewall_lcb,hard_bottom25,same_bucket_good,S6_early_mid_final,,,,,,,,,,,,,,,,,,,,,,hard_bottom25,mild_0.33,0.33,22,0.27271605928791554,-0.2550239857393838,-0.2561846073824502,0.22529644268774704,0.043478260869565216
3,v230_hybrid_compat_firewall_lcb,hard_bottom25,same_bucket_good,S6_early_mid_final,,,,,,,,,,,,,,,,,,,,,,hard_bottom25,medium_0.50,0.5,22,0.43931498617889564,-0.3430631931978799,-0.35188010298791894,0.22529644268774704,0.13438735177865613
3,v230_hybrid_compat_firewall_lcb,hard_bottom25,same_bucket_borderline,S6_early_mid_final,,,,,,,,,,,,,,,,,,,,,,hard_bottom25,medium_0.67,0.67,9,0.7740811241997612,-0.057073847452799475,-0.5155646006266277,0.2111111111111111,0.2111111111111111
3,v230_hybrid_compat_firewall_lcb,hard_bottom25,same_bucket_borderline,S6_early_mid_final,,,,,,,,,,,,,,,,,,,,,,hard_bottom25,strong_0.85,0.85,12,0.8799649903743316,-0.5188852916589528,-0.6740752826562673,0.24358974358974358,0.24358974358974358
3,v230_hybrid_compat_firewall_lcb,hard_bottom25,same_bucket_weak,S6_early_mid_final,,,,,,,,,,,,,,,,,,,,,,hard_bottom25,strong_1.00,1.0,4,0.6816323280334473,-0.6491892814636231,-0.875394058227539,0.45,0.45
3,v230_hybrid_compat_firewall_lcb,hard_bottom25,all_source_good,S5_bottleneck_mid,,,,,,,,,,,,,,,,,,,,,,all,mild_0.33,0.33,26,0.08231531667353506,-0.19127715540288096,-0.19190419626591806,0.1908831908831909,0.037037037037037035
3,v230_hybrid_compat_firewall_lcb,hard_bottom25,all_source_good,S5_bottleneck_mid,,,,,,,,,,,,,,,,,,,,,,all,medium_0.50,0.5,26,0.19068176940415407,-0.22591317606328135,-0.22694600534794931,0.2678062678062678,0.037037037037037035
3,v230_hybrid_compat_firewall_lcb,hard_bottom25,all_source_good,S5_bottleneck_mid,,,,,,,,,,,,,,,,,,,,,,all,medium_0.67,0.67,26,0.2947324790552207,-0.265808233741504,-0.2673665375745118,0.2678062678062678,0.037037037037037035
3,v230_hybrid_compat_firewall_lcb,hard_bottom25,all_source_good,S5_bottleneck_mid,,,,,,,,,,,,,,,,,,,,,,all,strong_0.85,0.85,26,0.39942009643052123,-0.31536496591923835,-0.3154469819104493,0.2678062678062678,0.037037037037037035
3,v230_hybrid_compat_firewall_lcb,hard_bottom25,all_source_good,S5_bottleneck_mid,,,,,,,,,,,,,,,,,,,,,,all,strong_1.00,1.0,26,0.4808357129794997,-0.37095511865971686,-0.37469304514287116,0.2678062678062678,0.22934472934472935
3,v230_hybrid_compat_firewall_lcb,hard_bottom25,all_source_good,S5_bottleneck_mid,,,,,,,,,,,,,,,,,,,,,,all,strong_1.25,1.25,26,0.6083692588403771,-0.44172109079716804,-0.4663888306653321,0.2678062678062678,0.22934472934472935
3,v230_hybrid_compat_firewall_lcb,hard_bottom25,same_bucket_good,S5_bottleneck_mid,,,,,,,,,,,,,,,,,,,,,,hard_bottom25,mild_0.33,0.33,26,0.3986033110583007,-0.17100823831914072,-0.2115308136975587,0.11396011396011396,0.037037037037037035
3,v230_hybrid_compat_firewall_lcb,hard_bottom25,same_bucket_good,S5_bottleneck_mid,,,,,,,,,,,,,,,,,,,,,,hard_bottom25,medium_0.50,0.5,25,0.6025784301757813,-0.24401763916015629,-0.2893797302246094,0.11846153846153847,0.038461538461538464
3,v230_hybrid_compat_firewall_lcb,hard_bottom25,same_bucket_borderline,S5_bottleneck_mid,,,,,,,,,,,,,,,,,,,,,,hard_bottom25,medium_0.67,0.67,10,0.7803282077829605,-0.2637688343007797,-0.3662618343312973,0.19090909090909092,0.19090909090909092
3,v230_hybrid_compat_firewall_lcb,hard_bottom25,same_bucket_weak,S5_bottleneck_mid,,,,,,,,,,,,,,,,,,,,,,hard_bottom25,strong_0.85,0.85,1,0.7628852844238281,0.7628852844238281,0.7628852844238281,0.5,0.5
3,v230_hybrid_compat_firewall_lcb,hard_bottom25,all_source_good,S4_final_decoder,,,,,,,,,,,,,,,,,,,,,,all,mild_0.33,0.33,26,0.013443011610434097,-0.27143777323125007,-0.2874947876965821,0.2678062678062678,0.037037037037037035
3,v230_hybrid_compat_firewall_lcb,hard_bottom25,all_source_good,S4_final_decoder,,,,,,,,,,,,,,,,,,,,,,all,medium_0.50,0.5,26,0.08416074983534397,-0.34821475458500983,-0.370849737647754,0.2678062678062678,0.11396011396011396
3,v230_hybrid_compat_firewall_lcb,hard_bottom25,all_source_good,S4_final_decoder,,,,,,,,,,,,,,,,,,,,,,all,medium_0.67,0.67,26,0.14893599667560084,-0.3855902047192872,-0.42745507669804694,0.2678062678062678,0.1908831908831909
3,v230_hybrid_compat_firewall_lcb,hard_bottom25,all_source_borderline,S4_final_decoder,,,,,,,,,,,,,,,,,,,,,,all,strong_0.85,0.85,8,0.05002844808678958,-0.5479955864133326,-0.5873576355161156,0.3611111111111111,0.3611111111111111
3,v230_hybrid_compat_firewall_lcb,hard_bottom25,all_source_borderline,S4_final_decoder,,,,,,,,,,,,,,,,,,,,,,all,strong_1.00,1.0,8,0.0712412643251929,-0.6323929023923365,-0.6716815185727563,0.4861111111111111,0.3611111111111111
3,v230_hybrid_compat_firewall_lcb,hard_bottom25,same_bucket_borderline,S4_final_decoder,,,,,,,,,,,,,,,,,,,,,,hard_bottom25,mild_0.33,0.33,7,0.18409954270632978,-0.3410704565525291,-0.4950261068821189,0.26785714285714285,0.26785714285714285
3,v230_hybrid_compat_firewall_lcb,hard_bottom25,same_bucket_good,S6_early_mid_final,,,,,,,,,,,,,,,,,,,,,,hard_bottom25,medium_0.67,0.67,18,0.5157834667509207,-0.4538096873085954,-0.4538096873085954,0.3304093567251462,0.21929824561403508
3,v230_hybrid_compat_firewall_lcb,hard_bottom25,same_bucket_good,S6_early_mid_final,,,,,,,,,,,,,,,,,,,,,,hard_bottom25,strong_0.85,0.85,15,0.5237641984909975,-0.5820537870436705,-0.6176794355422057,0.32916666666666666,0.2625
3,v230_hybrid_compat_firewall_lcb,hard_bottom25,same_bucket_good,S6_early_mid_final,,,,,,,,,,,,,,,,,,,,,,hard_bottom25,strong_1.00,1.0,14,0.6334490893773506,-0.4495472381590962,-0.5695365379332662,0.28095238095238095,0.2095238095238095
3,v230_hybrid_compat_firewall_lcb,hard_bottom25,same_bucket_good,S6_early_mid_final,,,,,,,,,,,,,,,,,,,,,,hard_bottom25,strong_1.25,1.25,13,0.5677434696165096,-0.460789614959437,-0.5715581238705698,0.30219780219780223,0.22527472527472528
3,v230_hybrid_compat_firewall_lcb,hard_bottom25,same_bucket_good,S5_bottleneck_mid,,,,,,,,,,,,,,,,,,,,,,hard_bottom25,medium_0.67,0.67,20,0.7378176266560589,-0.29955553465985907,-0.3966668551554645,0.14761904761904762,0.09761904761904762
3,v230_hybrid_compat_firewall_lcb,hard_bottom25,same_bucket_good,S5_bottleneck_mid,,,,,,,,,,,,,,,,,,,,,,hard_bottom25,strong_0.85,0.85,15,0.7582082445115053,-0.12985823803244007,-0.299520332148651,0.12916666666666665,0.0625
3,v230_hybrid_compat_firewall_lcb,hard_bottom25,same_bucket_good,S5_bottleneck_mid,,,,,,,,,,,,,,,,,,,,,,hard_bottom25,strong_1.00,1.0,13,0.7316106864603347,-0.1579289734799448,-0.3033639252621714,0.14835164835164835,0.07142857142857142
3,v230_hybrid_compat_firewall_lcb,hard_bottom25,same_bucket_good,S5_bottleneck_mid,,,,,,,,,,,,,,,,,,,,,,hard_bottom25,strong_1.25,1.25,13,0.7316275591597787,-0.15789998178072606,-0.3033543885190073,0.14835164835164835,0.07142857142857142
3,v230_hybrid_compat_firewall_lcb,hard_bottom25,all_source_good,S4_final_decoder,,,,,,,,,,,,,,,,,,,,,,all,strong_0.85,0.85,19,0.2751786200009185,-0.40604550028973735,-0.40604550028973735,0.26052631578947366,0.26052631578947366
3,v230_hybrid_compat_firewall_lcb,hard_bottom25,all_source_good,S4_final_decoder,,,,,,,,,,,,,,,,,,,,,,all,strong_1.00,1.0,19,0.3314385783685172,-0.45401798869305765,-0.4660239853971592,0.26052631578947366,0.26052631578947366
3,v230_hybrid_compat_firewall_lcb,hard_bottom25,all_source_good,S4_final_decoder,,,,,,,,,,,,,,,,,,,,,,all,strong_1.25,1.25,17,0.40675908700732444,-0.41556492530023537,-0.45530796729242284,0.23202614379084968,0.23202614379084968
3,v230_hybrid_compat_firewall_lcb,hard_bottom25,same_bucket_good,S4_final_decoder,,,,,,,,,,,,,,,,,,,,,,hard_bottom25,mild_0.33,0.33,21,0.21075442276079073,-0.35291024064485477,-0.35291024064485477,0.18831168831168832,0.18831168831168832
3,v230_hybrid_compat_firewall_lcb,hard_bottom25,same_bucket_good,S4_final_decoder,,,,,,,,,,,,,,,,,,,,,,hard_bottom25,medium_0.50,0.5,18,0.40161614734716633,-0.3608869997780778,-0.4125480143349626,0.16374269005847952,0.16374269005847952
3,v230_hybrid_compat_firewall_lcb,hard_bottom25,same_bucket_good,S4_final_decoder,,,,,,,,,,,,,,,,,,,,,,hard_bottom25,medium_0.67,0.67,17,0.45876003035951884,-0.36529331885492283,-0.4139185019603916,0.17320261437908496,0.17320261437908496
3,v230_hybrid_compat_firewall_lcb,hard_bottom25,same_bucket_good,S4_final_decoder,,,,,,,,,,,,,,,,,,,,,,hard_bottom25,strong_0.85,0.85,13,0.316600527628078,-0.3844109833676401,-0.4208775818783823,0.22527472527472528,0.22527472527472528
3,v230_hybrid_compat_firewall_lcb,hard_bottom25,same_bucket_good,S4_final_decoder,,,,,,,,,,,,,,,,,,,,,,hard_bottom25,strong_1.00,1.0,13,0.3166002341898268,-0.3844109833676401,-0.4208775818783823,0.22527472527472528,0.22527472527472528
3,v230_hybrid_compat_firewall_lcb,hard_bottom25,same_bucket_good,S4_final_decoder,,,,,,,,,,,,,,,,,,,,,,hard_bottom25,strong_1.25,1.25,13,0.316600527628078,-0.3844109833676401,-0.4208775818783823,0.22527472527472528,0.22527472527472528
3,v230_hybrid_compat_firewall_lcb,easy_top25,same_bucket_good,S6_early_mid_final,,,,,,,,,,,,,,,,,,,,,,easy_top25,mild_0.10,0.1,12,-0.1120854984155446,-0.20620037420900164,-0.2401515613427907,0.16025641025641024,0.07692307692307693
3,v230_hybrid_compat_firewall_lcb,easy_top25,same_bucket_good,S6_early_mid_final,,,,,,,,,,,,,,,,,,,,,,easy_top25,mild_0.20,0.2,12,-0.07491922084799903,-0.2609180103174001,-0.3293658862939626,0.16025641025641024,0.07692307692307693
3,v230_hybrid_compat_firewall_lcb,easy_top25,same_bucket_good,S6_early_mid_final,,,,,,,,,,,,,,,,,,,,,,easy_top25,mild_0.33,0.33,12,-0.04142363572430112,-0.34138199194581803,-0.4547855029931813,0.24358974358974358,0.16025641025641024
3,v230_hybrid_compat_firewall_lcb,easy_top25,same_bucket_good,S5_bottleneck_mid,,,,,,,,,,,,,,,,,,,,,,easy_top25,mild_0.10,0.1,16,-0.10860338211059573,-0.2033428192138672,-0.21731033325195315,0.1213235294117647,0.058823529411764705
3,v230_hybrid_compat_firewall_lcb,easy_top25,same_bucket_good,S5_bottleneck_mid,,,,,,,,,,,,,,,,,,,,,,easy_top25,mild_0.20,0.2,16,-0.0717047691345215,-0.26104393005371096,-0.28957977294921877,0.18382352941176472,0.058823529411764705
3,v230_hybrid_compat_firewall_lcb,easy_top25,same_bucket_good,S5_bottleneck_mid,,,,,,,,,,,,,,,,,,,,,,easy_top25,mild_0.33,0.33,16,-0.030763292312622093,-0.3436483383178711,-0.39080657958984377,0.24632352941176472,0.1213235294117647
3,v230_hybrid_compat_firewall_lcb,easy_top25,same_bucket_good,S4_final_decoder,,,,,,,,,,,,,,,,,,,,,,easy_top25,mild_0.10,0.1,10,-0.1237699214895004,-0.1747087184865707,-0.18397843284203946,0.09090909090909091,0.09090909090909091
3,v230_hybrid_compat_firewall_lcb,easy_top25,same_bucket_good,S4_final_decoder,,,,,,,,,,,,,,,,,,,,,,easy_top25,mild_0.20,0.2,10,-0.09382492942407071,-0.19149510306909023,-0.20955216331078946,0.09090909090909091,0.09090909090909091
3,v230_hybrid_compat_firewall_lcb,easy_top25,same_bucket_good,S4_final_decoder,,,,,,,,,,,,,,,,,,,,,,easy_top25,mild_0.33,0.33,10,-0.07685486716821134,-0.22116619987084807,-0.2498696987111801,0.19090909090909092,0.09090909090909091
3,v230_hybrid_compat_firewall_lcb,hard_bottom25,same_bucket_borderline,S5_bottleneck_mid,,,,,,,,,,,,,,,,,,,,,,hard_bottom25,strong_1.00,1.0,9,0.8937931060791016,-0.45685297648111983,-0.6837984720865886,0.2111111111111111,0.2111111111111111
3,v230_hybrid_compat_firewall_lcb,hard_bottom25,same_bucket_borderline,S5_bottleneck_mid,,,,,,,,,,,,,,,,,,,,,,hard_bottom25,strong_1.25,1.25,4,0.7239912033081055,-0.07277708053588869,-0.1497222900390625,0.2,0.2
3,v230_hybrid_compat_firewall_lcb,hard_bottom25,same_bucket_borderline,S4_final_decoder,,,,,,,,,,,,,,,,,,,,,,hard_bottom25,strong_0.85,0.85,5,1.1082635034341881,0.5704125512857505,0.44274989259434433,0.16666666666666666,0.16666666666666666
3,v230_hybrid_compat_firewall_lcb,hard_bottom25,same_bucket_borderline,S4_final_decoder,,,,,,,,,,,,,,,,,,,,,,hard_bottom25,strong_1.00,1.0,4,1.1881878852844239,0.537786102294922,0.4101741790771484,0.2,0.2
3,v230_hybrid_compat_firewall_lcb,easy_top25,same_bucket_borderline,S6_early_mid_final,,,,,,,,,,,,,,,,,,,,,,easy_top25,mild_0.10,0.1,4,-0.16412754058837892,-0.265472412109375,-0.284625244140625,0.45,0.2
3,v230_hybrid_compat_firewall_lcb,easy_top25,same_bucket_borderline,S6_early_mid_final,,,,,,,,,,,,,,,,,,,,,,easy_top25,mild_0.20,0.2,4,-0.13683624267578126,-0.34209804534912114,-0.380206298828125,0.45,0.2
3,v230_hybrid_compat_firewall_lcb,easy_top25,same_bucket_borderline,S6_early_mid_final,,,,,,,,,,,,,,,,,,,,,,easy_top25,mild_0.33,0.33,4,-0.11357898712158204,-0.4558931350708008,-0.5178634643554687,0.45,0.45
3,v230_hybrid_compat_firewall_lcb,easy_top25,same_bucket_weak,S4_final_decoder,,,,,,,,,,,,,,,,,,,,,,easy_top25,mild_0.10,0.1,3,-0.22313886690758664,-0.2794684669238627,-0.28926155774417517,0.5833333333333333,0.25
3,v230_hybrid_compat_firewall_lcb,easy_top25,same_bucket_weak,S4_final_decoder,,,,,,,,,,,,,,,,,,,,,,easy_top25,mild_0.20,0.2,3,-0.23926613538089392,-0.35354111401858923,-0.37324593274417517,0.5833333333333333,0.25
3,v230_hybrid_compat_firewall_lcb,easy_top25,same_bucket_weak,S4_final_decoder,,,,,,,,,,,,,,,,,,,,,,easy_top25,mild_0.33,0.33,3,-0.27427361218753454,-0.4645411750537455,-0.4966666480762064,0.5833333333333333,0.5833333333333333
3,v230_hybrid_compat_firewall_lcb,hard_bottom25,same_bucket_borderline,S5_bottleneck_mid,,,,,,,,,,,,,,,,,,,,,,hard_bottom25,medium_0.50,0.5,5,0.495070372941024,-0.2777483831624916,-0.2978869329671791,0.3666666666666667,0.16666666666666666
3,v230_hybrid_compat_firewall_lcb,hard_bottom25,all_source_weak,S4_final_decoder,,,,,,,,,,,,,,,,,,,,,,all,strong_1.25,1.25,6,0.3025632172734383,-0.5400995940058586,-0.7288679808466789,0.30952380952380953,0.30952380952380953
3,v230_hybrid_compat_firewall_lcb,hard_bottom25,all_source_weak,S6_early_mid_final,,,,,,,,,,,,,,,,,,,,,,all,mild_0.33,0.33,2,0.14083801265917487,0.14083801265917487,0.14083801265917487,0.3333333333333333,0.3333333333333333
3,v230_hybrid_compat_firewall_lcb,hard_bottom25,same_bucket_weak,S6_early_mid_final,,,,,,,,,,,,,,,,,,,,,,hard_bottom25,mild_0.33,0.33,2,0.4119981383915967,0.4119981383915967,0.4119981383915967,0.3333333333333333,0.3333333333333333
3,v230_hybrid_compat_firewall_lcb,hard_bottom25,all_source_borderline,S5_bottleneck_mid,,,,,,,,,,,,,,,,,,,,,,all,mild_0.33,0.33,4,0.04960327148437499,-0.07154006958007814,-0.07154006958007814,0.2,0.2
3,v230_hybrid_compat_firewall_lcb,hard_bottom25,same_bucket_borderline,S5_bottleneck_mid,,,,,,,,,,,,,,,,,,,,,,hard_bottom25,mild_0.33,0.33,4,0.16445140838623046,-0.2428600311279297,-0.2428600311279297,0.2,0.2
3,v230_hybrid_compat_firewall_lcb,hard_bottom25,same_bucket_borderline,S5_bottleneck_mid,,,,,,,,,,,,,,,,,,,,,,hard_bottom25,strong_0.85,0.85,13,0.8668022370819541,-0.509669238372523,-0.5420171082455698,0.30219780219780223,0.22527472527472528
3,v230_hybrid_compat_firewall_lcb,hard_bottom25,same_bucket_weak,S5_bottleneck_mid,,,,,,,,,,,,,,,,,,,,,,hard_bottom25,strong_1.00,1.0,2,0.6683209991093702,-0.3203609848383837,-0.4302145386103564,0.8333333333333333,0.3333333333333333
3,v230_hybrid_compat_firewall_lcb,hard_bottom25,all_source_weak,S4_final_decoder,,,,,,,,,,,,,,,,,,,,,,all,mild_0.33,0.33,2,0.08700500484667487,0.08700500484667487,0.08700500484667487,0.3333333333333333,0.3333333333333333
3,v230_hybrid_compat_firewall_lcb,hard_bottom25,same_bucket_weak,S4_final_decoder,,,,,,,,,,,,,,,,,,,,,,hard_bottom25,mild_0.33,0.33,2,0.3832601165410108,0.28900600429735845,0.27853332515917484,0.3333333333333333,0.3333333333333333
3,v230_hybrid_compat_firewall_lcb,mid_50,all_source_borderline,S6_early_mid_final,,,,,,,,,,,,,,,,,,,,,,all,mild_0.20,0.2,4,0.00919513702392577,-0.3563098907470703,-0.44665069580078126,0.45,0.45
3,v230_hybrid_compat_firewall_lcb,mid_50,all_source_borderline,S6_early_mid_final,,,,,,,,,,,,,,,,,,,,,,all,mild_0.33,0.33,4,0.13746147155761718,-0.46494903564453127,-0.6121017456054687,0.45,0.45
3,v230_hybrid_compat_firewall_lcb,mid_50,all_source_borderline,S6_early_mid_final,,,,,,,,,,,,,,,,,,,,,,all,medium_0.50,0.5,2,0.6515744781132764,0.635920677148921,0.6341813659306592,0.3333333333333333,0.3333333333333333
3,v230_hybrid_compat_firewall_lcb,mid_50,all_source_borderline,S6_early_mid_final,,,,,,,,,,,,,,,,,,,,,,all,medium_0.67,0.67,2,0.8627122497197217,0.8306424712773388,0.8270791625615186,0.3333333333333333,0.3333333333333333
3,v230_hybrid_compat_firewall_lcb,mid_50,same_bucket_borderline,S6_early_mid_final,,,,,,,,,,,,,,,,,,,,,,mid_50,mild_0.20,0.2,3,0.20526180854814252,0.1748131492870748,0.17050101549801233,0.25,0.25
3,v230_hybrid_compat_firewall_lcb,mid_50,same_bucket_borderline,S6_early_mid_final,,,,,,,,,,,,,,,,,,,,,,mid_50,mild_0.33,0.33,3,0.4672068972525696,0.42215049059566856,0.4172013023632467,0.25,0.25
3,v230_hybrid_compat_firewall_lcb,mid_50,same_bucket_borderline,S6_early_mid_final,,,,,,,,,,,,,,,,,,,,,,mid_50,medium_0.50,0.5,2,0.781430587732417,0.7140792464848584,0.7065957641240186,0.3333333333333333,0.3333333333333333
3,v230_hybrid_compat_firewall_lcb,mid_50,same_bucket_borderline,S6_early_mid_final,,,,,,,,,,,,,,,,,,,,,,mid_50,medium_0.67,0.67,2,1.027036056482417,0.8864127730961866,0.8707879638310498,0.3333333333333333,0.3333333333333333
3,v230_hybrid_compat_firewall_lcb,mid_50,same_bucket_borderline,S5_bottleneck_mid,,,,,,,,,,,,,,,,,,,,,,mid_50,mild_0.20,0.2,3,0.04599183987952277,-0.20222885815921424,-0.24144814221683142,0.25,0.25
3,v230_hybrid_compat_firewall_lcb,mid_50,same_bucket_borderline,S5_bottleneck_mid,,,,,,,,,,,,,,,,,,,,,,mid_50,mild_0.33,0.33,3,0.20375754625973108,-0.22194626538577672,-0.2894789954883158,0.5833333333333333,0.25
3,v230_hybrid_compat_firewall_lcb,mid_50,same_bucket_borderline,S5_bottleneck_mid,,,,,,,,,,,,,,,,,,,,,,mid_50,medium_0.50,0.5,1,0.5415718078613281,0.5415718078613281,0.5415718078613281,0.5,0.5
3,v230_hybrid_compat_firewall_lcb,mid_50,same_bucket_borderline,S5_bottleneck_mid,,,,,,,,,,,,,,,,,,,,,,mid_50,medium_0.67,0.67,1,0.6917564392089843,0.6917564392089843,0.6917564392089843,0.5,0.5
3,v230_hybrid_compat_firewall_lcb,mid_50,all_source_weak,S6_early_mid_final,,,,,,,,,,,,,,,,,,,,,,all,mild_0.20,0.2,5,-0.22554348814296035,-0.6710520635824135,-0.7562456976156167,0.7666666666666666,0.3666666666666667
3,v230_hybrid_compat_firewall_lcb,mid_50,all_source_weak,S6_early_mid_final,,,,,,,,,,,,,,,,,,,,,,all,mild_0.33,0.33,5,-0.26092785703944477,-0.9800089727621011,-1.114773834822648,0.7666666666666666,0.7666666666666666
3,v230_hybrid_compat_firewall_lcb,mid_50,same_bucket_weak,S6_early_mid_final,,,,,,,,,,,,,,,,,,,,,,mid_50,mild_0.20,0.2,7,-0.18199286670005974,-0.7281403494358298,-0.7942414236545798,0.6964285714285714,0.5535714285714286
3,v230_hybrid_compat_firewall_lcb,mid_50,same_bucket_weak,S6_early_mid_final,,,,,,,,,,,,,,,,,,,,,,mid_50,mild_0.33,0.33,7,-0.19584294255803966,-1.0759320211887595,-1.1822876883030173,0.6964285714285714,0.6964285714285714
3,v230_hybrid_compat_firewall_lcb,mid_50,all_source_borderline,S5_bottleneck_mid,,,,,,,,,,,,,,,,,,,,,,all,mild_0.20,0.2,4,-0.006855201721191417,-0.22616462707519533,-0.26410980224609376,0.45,0.2
3,v230_hybrid_compat_firewall_lcb,mid_50,all_source_borderline,S5_bottleneck_mid,,,,,,,,,,,,,,,,,,,,,,all,mild_0.33,0.33,4,0.10585193634033202,-0.2601354598999024,-0.32256240844726564,0.45,0.2
3,v230_hybrid_compat_firewall_lcb,mid_50,same_bucket_weak,S5_bottleneck_mid,,,,,,,,,,,,,,,,,,,,,,mid_50,mild_0.20,0.2,7,-0.18198142260826286,-0.6533497763157127,-0.7212052298069236,0.6964285714285714,0.4107142857142857
3,v230_hybrid_compat_firewall_lcb,mid_50,same_bucket_weak,S5_bottleneck_mid,,,,,,,,,,,,,,,,,,,,,,mid_50,mild_0.33,0.33,7,-0.19828271393778296,-0.9566426229954001,-1.063822264719033,0.6964285714285714,0.6964285714285714
3,v230_hybrid_compat_firewall_lcb,mid_50,all_source_weak,S4_final_decoder,,,,,,,,,,,,,,,,,,,,,,all,mild_0.20,0.2,6,-0.16022631824902261,-0.6170992583124992,-0.7045378416865227,0.6428571428571428,0.30952380952380953
3,v230_hybrid_compat_firewall_lcb,mid_50,all_source_weak,S4_final_decoder,,,,,,,,,,,,,,,,,,,,,,all,mild_0.33,0.33,6,-0.1658091276972648,-0.8111424177973625,-0.9294333189814445,0.6428571428571428,0.47619047619047616
3,v230_hybrid_compat_firewall_lcb,mid_50,same_bucket_weak,S4_final_decoder,,,,,,,,,,,,,,,,,,,,,,mid_50,mild_0.20,0.2,6,-0.1248672535110669,-0.7207569807856438,-0.8062262266962883,0.6428571428571428,0.47619047619047616
3,v230_hybrid_compat_firewall_lcb,mid_50,same_bucket_weak,S4_final_decoder,,,,,,,,,,,,,,,,,,,,,,mid_50,mild_0.33,0.33,6,-0.13349482716015543,-0.8397364348261711,-0.9504370421259758,0.6428571428571428,0.47619047619047616
3,v230_hybrid_compat_firewall_lcb,hard_bottom25,same_bucket_borderline,S6_early_mid_final,,,,,,,,,,,,,,,,,,,,,,hard_bottom25,strong_1.00,1.0,8,0.7224139022646461,-0.7062701416196313,-0.7902480316342797,0.3611111111111111,0.3611111111111111
3,v230_hybrid_compat_firewall_lcb,hard_bottom25,same_bucket_weak,S6_early_mid_final,,,,,,,,,,,,,,,,,,,,,,hard_bottom25,strong_1.25,1.25,2,-0.01649345401562982,-0.828144493139165,-0.9183279419306689,0.8333333333333333,0.8333333333333333
3,v230_hybrid_compat_firewall_lcb,hard_bottom25,same_bucket_borderline,S4_final_decoder,,,,,,,,,,,,,,,,,,,,,,hard_bottom25,medium_0.50,0.5,4,0.04005889892578124,-0.5150468826293946,-0.5668022155761718,0.45,0.45
3,v230_hybrid_compat_firewall_lcb,hard_bottom25,same_bucket_weak,S4_final_decoder,,,,,,,,,,,,,,,,,,,,,,hard_bottom25,medium_0.67,0.67,1,-0.4160545349121094,-0.4160545349121094,-0.4160545349121094,1.0,0.5
3,v230_hybrid_compat_firewall_lcb,hard_bottom25,same_bucket_borderline,S6_early_mid_final,,,,,,,,,,,,,,,,,,,,,,hard_bottom25,mild_0.33,0.33,6,0.4236620535364592,0.35174610911914145,0.35174610911914145,0.14285714285714285,0.14285714285714285
3,v230_hybrid_compat_firewall_lcb,hard_bottom25,same_bucket_borderline,S6_early_mid_final,,,,,,,,,,,,,,,,,,,,,,hard_bottom25,medium_0.50,0.5,5,0.655562316300399,0.6012581933755943,0.6012581933755943,0.16666666666666666,0.16666666666666666
3,v230_hybrid_compat_firewall_lcb,hard_bottom25,same_bucket_borderline,S6_early_mid_final,,,,,,,,,,,,,,,,,,,,,,hard_bottom25,strong_1.25,1.25,6,0.7722808788131519,-0.6493191450922844,-1.092900726208007,0.30952380952380953,0.30952380952380953
3,v230_hybrid_compat_firewall_lcb,hard_bottom25,same_bucket_weak,S5_bottleneck_mid,,,,,,,,,,,,,,,,,,,,,,hard_bottom25,strong_1.25,1.25,2,2.0228904342289993,1.9232727622624461,1.9122041320439405,0.3333333333333333,0.3333333333333333
3,v230_hybrid_compat_firewall_lcb,hard_bottom25,all_source_borderline,S4_final_decoder,,,,,,,,,,,,,,,,,,,,,,all,strong_1.25,1.25,2,0.25801025387011234,-0.5770983124140673,-0.6698881531123095,0.8333333333333333,0.8333333333333333
3,v230_hybrid_compat_firewall_lcb,hard_bottom25,same_bucket_borderline,S4_final_decoder,,,,,,,,,,,,,,,,,,,,,,hard_bottom25,medium_0.67,0.67,2,0.1301911925908155,-0.7025244140986376,-0.7950483703974658,0.8333333333333333,0.8333333333333333
3,v230_hybrid_compat_firewall_lcb,hard_bottom25,same_bucket_weak,S4_final_decoder,,,,,,,,,,,,,,,,,,,,,,hard_bottom25,strong_1.00,1.0,1,1.2705642700195312,1.2705642700195312,1.2705642700195312,0.5,0.5
3,v230_hybrid_compat_firewall_lcb,easy_top25,same_bucket_borderline,S4_final_decoder,,,,,,,,,,,,,,,,,,,,,,easy_top25,mild_0.10,0.1,3,-0.1812191586556335,-0.27456734387698767,-0.28709099500003454,0.5833333333333333,0.25
3,v230_hybrid_compat_firewall_lcb,easy_top25,same_bucket_borderline,S4_final_decoder,,,,,,,,,,,,,,,,,,,,,,easy_top25,mild_0.20,0.2,3,-0.15373045015953976,-0.33927757947269077,-0.36453316418948767,0.5833333333333333,0.25
3,v230_hybrid_compat_firewall_lcb,easy_top25,same_bucket_borderline,S4_final_decoder,,,,,,,,,,,,,,,,,,,,,,easy_top25,mild_0.33,0.33,3,-0.13527494478844598,-0.4042258521777689,-0.44325325696292517,0.5833333333333333,0.5833333333333333
3,v230_hybrid_compat_firewall_lcb,mid_50,same_bucket_borderline,S4_final_decoder,,,,,,,,,,,,,,,,,,,,,,mid_50,mild_0.20,0.2,2,-0.09256233218945795,-0.5040604019526416,-0.5497824097041064,0.8333333333333333,0.8333333333333333
3,v230_hybrid_compat_firewall_lcb,mid_50,same_bucket_borderline,S4_final_decoder,,,,,,,,,,,,,,,,,,,,,,mid_50,mild_0.33,0.33,2,0.02057014461718268,-0.49274715427197746,-0.5497824097041064,0.8333333333333333,0.8333333333333333
3,v230_hybrid_compat_firewall_lcb,mid_50,same_bucket_borderline,S4_final_decoder,,,,,,,,,,,,,,,,,,,,,,mid_50,medium_0.50,0.5,1,-0.6083610534667969,-0.6083610534667969,-0.6083610534667969,1.0,1.0
3,v230_hybrid_compat_firewall_lcb,mid_50,same_bucket_borderline,S4_final_decoder,,,,,,,,,,,,,,,,,,,,,,mid_50,medium_0.67,0.67,1,-0.6083610534667969,-0.6083610534667969,-0.6083610534667969,1.0,1.0
3,v230_hybrid_compat_firewall_lcb,hard_bottom25,all_source_borderline,S6_early_mid_final,,,,,,,,,,,,,,,,,,,,,,all,mild_0.33,0.33,2,0.06660018917284674,0.06660018917284674,0.06660018917284674,0.3333333333333333,0.3333333333333333
3,v230_hybrid_compat_firewall_lcb,hard_bottom25,all_source_borderline,S4_final_decoder,,,,,,,,,,,,,,,,,,,,,,all,mild_0.33,0.33,2,0.07716308590136237,0.07716308590136237,0.07716308590136237,0.3333333333333333,0.3333333333333333
3,v230_hybrid_compat_firewall_lcb,hard_bottom25,all_source_borderline,S4_final_decoder,,,,,,,,,,,,,,,,,,,,,,all,medium_0.50,0.5,1,0.17436904907226558,0.17436904907226558,0.17436904907226558,0.5,0.5
3,v230_hybrid_compat_firewall_lcb,hard_bottom25,all_source_borderline,S4_final_decoder,,,,,,,,,,,,,,,,,,,,,,all,medium_0.67,0.67,1,0.3233444213867187,0.3233444213867187,0.3233444213867187,0.5,0.5
3,v230_hybrid_compat_firewall_lcb,mid_50,all_source_weak,S5_bottleneck_mid,,,,,,,,,,,,,,,,,,,,,,all,mild_0.20,0.2,1,-0.38960342407226567,-0.38960342407226567,-0.38960342407226567,1.0,0.5
3,v230_hybrid_compat_firewall_lcb,mid_50,all_source_weak,S5_bottleneck_mid,,,,,,,,,,,,,,,,,,,,,,all,mild_0.33,0.33,1,-0.46106033325195317,-0.46106033325195317,-0.46106033325195317,1.0,0.5
3,v230_hybrid_compat_firewall_lcb,hard_bottom25,same_bucket_weak,S4_final_decoder,,,,,,,,,,,,,,,,,,,,,,hard_bottom25,strong_1.25,1.25,1,1.3315593719482421,1.3315593719482421,1.3315593719482421,0.5,0.5
3,v230_hybrid_compat_firewall_lcb,hard_bottom25,same_bucket_weak,S4_final_decoder,,,,,,,,,,,,,,,,,,,,,,hard_bottom25,medium_0.50,0.5,2,0.4178212737675733,0.07443157192431157,0.036277160608393616,0.3333333333333333,0.3333333333333333
3,v230_hybrid_compat_firewall_lcb,hard_bottom25,all_source_borderline,S5_bottleneck_mid,,,,,,,,,,,,,,,,,,,,,,all,medium_0.50,0.5,2,-0.048569335973637634,-0.048569335973637634,-0.048569335973637634,0.3333333333333333,0.3333333333333333
3,v230_hybrid_compat_firewall_lcb,hard_bottom25,all_source_borderline,S5_bottleneck_mid,,,,,,,,,,,,,,,,,,,,,,all,medium_0.67,0.67,2,0.014560089075190491,0.014560089075190491,0.014560089075190491,0.3333333333333333,0.3333333333333333
3,v230_hybrid_compat_firewall_lcb,hard_bottom25,all_source_borderline,S5_bottleneck_mid,,,,,,,,,,,,,,,,,,,,,,all,strong_0.85,0.85,2,0.07943283077440924,0.07943283077440924,0.07943283077440924,0.3333333333333333,0.3333333333333333
3,v230_hybrid_compat_firewall_lcb,hard_bottom25,all_source_borderline,S5_bottleneck_mid,,,,,,,,,,,,,,,,,,,,,,all,strong_1.00,1.0,2,0.13236557003222174,0.13236557003222174,0.13236557003222174,0.3333333333333333,0.3333333333333333
3,v230_hybrid_compat_firewall_lcb,hard_bottom25,all_source_borderline,S5_bottleneck_mid,,,,,,,,,,,,,,,,,,,,,,all,strong_1.25,1.25,2,0.21186958309374518,0.206669959985835,0.20609222408495612,0.3333333333333333,0.3333333333333333
4,v230_hybrid_compat_firewall_lcb,mid_50,all_source_good,S6_early_mid_final,,,,,,,,,,,,,,,,,,,,,,all,mild_0.20,0.2,22,0.04438631408194965,-0.2398611363131143,-0.3331690129000283,0.17984189723320157,0.08893280632411067
4,v230_hybrid_compat_firewall_lcb,mid_50,all_source_good,S6_early_mid_final,,,,,,,,,,,,,,,,,,,,,,all,mild_0.33,0.33,22,0.14854350180389567,-0.3258156117159463,-0.4790678318697549,0.2707509881422925,0.08893280632411067
4,v230_hybrid_compat_firewall_lcb,mid_50,all_source_good,S6_early_mid_final,,,,,,,,,,,,,,,,,,,,,,all,medium_0.50,0.5,22,0.26238447192996095,-0.4636427220064736,-0.6927118595797158,0.2707509881422925,0.17984189723320157
4,v230_hybrid_compat_firewall_lcb,mid_50,all_source_good,S6_early_mid_final,,,,,,,,,,,,,,,,,,,,,,all,medium_0.67,0.67,22,0.3447541896146201,-0.6286197956759072,-0.9292173680025674,0.2707509881422925,0.2707509881422925
4,v230_hybrid_compat_firewall_lcb,mid_50,same_bucket_good,S6_early_mid_final,,,,,,,,,,,,,,,,,,,,,,mid_50,mild_0.20,0.2,21,0.037607039570454054,-0.256909569258136,-0.3338710865921204,0.23593073593073594,0.09307359307359307
4,v230_hybrid_compat_firewall_lcb,mid_50,same_bucket_good,S6_early_mid_final,,,,,,,,,,,,,,,,,,,,,,mid_50,mild_0.33,0.33,21,0.1293615895960307,-0.3700954518264954,-0.49055786942903445,0.23593073593073594,0.18831168831168832
4,v230_hybrid_compat_firewall_lcb,mid_50,same_bucket_good,S6_early_mid_final,,,,,,,,,,,,,,,,,,,,,,mid_50,medium_0.50,0.5,21,0.21646820348181936,-0.5610706410354798,-0.7307922444290345,0.33116883116883117,0.23593073593073594
4,v230_hybrid_compat_firewall_lcb,mid_50,same_bucket_good,S6_early_mid_final,,,,,,,,,,,,,,,,,,,,,,mid_50,medium_0.67,0.67,21,0.25521499187002616,-0.7932636341995423,-1.002871712202472,0.4264069264069264,0.33116883116883117
4,v230_hybrid_compat_firewall_lcb,mid_50,all_source_good,S5_bottleneck_mid,,,,,,,,,,,,,,,,,,,,,,all,mild_0.20,0.2,26,0.014931036982279045,-0.3368998856580079,-0.48390019846318366,0.15242165242165243,0.11396011396011396
4,v230_hybrid_compat_firewall_lcb,mid_50,all_source_good,S5_bottleneck_mid,,,,,,,,,,,,,,,,,,,,,,all,mild_0.33,0.33,26,0.10536313067593892,-0.4799968094861329,-0.7129117341077149,0.22934472934472935,0.15242165242165243
4,v230_hybrid_compat_firewall_lcb,mid_50,all_source_good,S5_bottleneck_mid,,,,,,,,,,,,,,,,,,,,,,all,medium_0.50,0.5,26,0.20991400582617928,-0.6812564225232423,-1.0156537385022462,0.2678062678062678,0.15242165242165243
4,v230_hybrid_compat_firewall_lcb,mid_50,all_source_good,S5_bottleneck_mid,,,,,,,,,,,,,,,,,,,,,,all,medium_0.67,0.67,26,0.2873928547970327,-0.8826438279187501,-1.320993551734668,0.30626780626780625,0.22934472934472935
4,v230_hybrid_compat_firewall_lcb,mid_50,same_bucket_good,S5_bottleneck_mid,,,,,,,,,,,,,,,,,,,,,,mid_50,mild_0.20,0.2,21,0.06478639428353067,-0.22993584489290161,-0.27487107133333133,0.18831168831168832,0.045454545454545456
4,v230_hybrid_compat_firewall_lcb,mid_50,same_bucket_good,S5_bottleneck_mid,,,,,,,,,,,,,,,,,,,,,,mid_50,mild_0.33,0.33,21,0.1826193047304243,-0.3167965016311829,-0.38781853532258914,0.18831168831168832,0.09307359307359307
4,v230_hybrid_compat_firewall_lcb,mid_50,same_bucket_good,S5_bottleneck_mid,,,,,,,,,,,,,,,,,,,,,,mid_50,medium_0.50,0.5,21,0.314043799882489,-0.4646999440139954,-0.5645916066116516,0.28354978354978355,0.18831168831168832
4,v230_hybrid_compat_firewall_lcb,mid_50,same_bucket_good,S5_bottleneck_mid,,,,,,,,,,,,,,,,,,,,,,mid_50,medium_0.67,0.67,21,0.3949044827786944,-0.648175438398761,-0.7694866261429016,0.28354978354978355,0.18831168831168832
4,v230_hybrid_compat_firewall_lcb,mid_50,all_source_good,S4_final_decoder,,,,,,,,,,,,,,,,,,,,,,all,mild_0.20,0.2,25,0.019715576171875,-0.344608154296875,-0.3773523712158203,0.23846153846153847,0.11846153846153847
4,v230_hybrid_compat_firewall_lcb,mid_50,all_source_good,S4_final_decoder,,,,,,,,,,,,,,,,,,,,,,all,mild_0.33,0.33,25,0.10181610107421873,-0.3607595825195313,-0.46942771911621095,0.23846153846153847,0.11846153846153847
4,v230_hybrid_compat_firewall_lcb,mid_50,all_source_good,S4_final_decoder,,,,,,,,,,,,,,,,,,,,,,all,medium_0.50,0.5,25,0.13485702514648434,-0.4281500244140625,-0.6230970764160156,0.2784615384615384,0.23846153846153847
4,v230_hybrid_compat_firewall_lcb,mid_50,all_source_good,S4_final_decoder,,,,,,,,,,,,,,,,,,,,,,all,medium_0.67,0.67,25,0.14176025390624997,-0.5697027587890625,-0.6987196350097656,0.2784615384615384,0.23846153846153847
4,v230_hybrid_compat_firewall_lcb,mid_50,same_bucket_good,S4_final_decoder,,,,,,,,,,,,,,,,,,,,,,mid_50,mild_0.20,0.2,24,0.04231958140486694,-0.26548951715673785,-0.33717683405126914,0.24833333333333335,0.08166666666666667
4,v230_hybrid_compat_firewall_lcb,mid_50,same_bucket_good,S4_final_decoder,,,,,,,,,,,,,,,,,,,,,,mid_50,mild_0.33,0.33,24,0.09115168004785196,-0.3968493804379879,-0.5094142302915035,0.24833333333333335,0.20666666666666667
4,v230_hybrid_compat_firewall_lcb,mid_50,same_bucket_good,S4_final_decoder,,,,,,,,,,,,,,,,,,,,,,mid_50,medium_0.50,0.5,24,0.09626337438378946,-0.5520470961972652,-0.66941217035498,0.33166666666666667,0.24833333333333335
4,v230_hybrid_compat_firewall_lcb,mid_50,same_bucket_good,S4_final_decoder,,,,,,,,,,,,,,,,,,,,,,mid_50,medium_0.67,0.67,24,0.09431358724389688,-0.5638713225766598,-0.6717505797788081,0.33166666666666667,0.29
4,v230_hybrid_compat_firewall_lcb,hard_bottom25,all_source_good,S6_early_mid_final,,,,,,,,,,,,,,,,,,,,,,all,mild_0.33,0.33,26,0.032561247271867405,-0.21210587931035166,-0.2184277863538087,0.1908831908831909,0.037037037037037035
4,v230_hybrid_compat_firewall_lcb,hard_bottom25,all_source_good,S6_early_mid_final,,,,,,,,,,,,,,,,,,,,,,all,medium_0.50,0.5,26,0.11101988656348397,-0.2689429612195313,-0.2789479584729493,0.1908831908831909,0.037037037037037035
4,v230_hybrid_compat_firewall_lcb,hard_bottom25,all_source_good,S6_early_mid_final,,,,,,,,,,,,,,,,,,,,,,all,medium_0.67,0.67,26,0.18220155066354407,-0.33810246897099616,-0.3520566315686524,0.1908831908831909,0.11396011396011396
4,v230_hybrid_compat_firewall_lcb,hard_bottom25,all_source_good,S6_early_mid_final,,,,,,,,,,,,,,,,,,,,,,all,strong_0.85,0.85,26,0.24925996717684037,-0.42446244669316413,-0.44288075876591804,0.2678062678062678,0.1908831908831909
4,v230_hybrid_compat_firewall_lcb,hard_bottom25,all_source_good,S6_early_mid_final,,,,,,,,,,,,,,,,,,,,,,all,strong_1.00,1.0,26,0.2987729770551456,-0.5058719010388673,-0.5281812043225587,0.34472934472934474,0.1908831908831909
4,v230_hybrid_compat_firewall_lcb,hard_bottom25,all_source_good,S6_early_mid_final,,,,,,,,,,,,,,,,,,,,,,all,strong_1.25,1.25,26,0.36823457948622285,-0.6333295197522462,-0.6709004731213868,0.34472934472934474,0.22934472934472935
4,v230_hybrid_compat_firewall_lcb,hard_bottom25,same_bucket_good,S6_early_mid_final,,,,,,,,,,,,,,,,,,,,,,hard_bottom25,mild_0.33,0.33,20,0.1888226086506878,-0.5240090792765583,-0.5240090792765583,0.24761904761904763,0.24761904761904763
4,v230_hybrid_compat_firewall_lcb,hard_bottom25,same_bucket_good,S6_early_mid_final,,,,,,,,,,,,,,,,,,,,,,hard_bottom25,medium_0.50,0.5,20,0.29774900025225026,-0.7680352633585895,-0.7680352633585895,0.24761904761904763,0.24761904761904763
4,v230_hybrid_compat_firewall_lcb,hard_bottom25,same_bucket_borderline,S6_early_mid_final,,,,,,,,,,,,,,,,,,,,,,hard_bottom25,medium_0.67,0.67,8,0.9312428283510719,0.6806795882998022,0.6266182708559547,0.1111111111111111,0.1111111111111111
4,v230_hybrid_compat_firewall_lcb,hard_bottom25,same_bucket_borderline,S6_early_mid_final,,,,,,,,,,,,,,,,,,,,,,hard_bottom25,strong_0.85,0.85,11,0.6927687704576717,-0.7470561141303965,-1.0996333236030527,0.26515151515151514,0.26515151515151514
4,v230_hybrid_compat_firewall_lcb,hard_bottom25,same_bucket_weak,S6_early_mid_final,,,,,,,,,,,,,,,,,,,,,,hard_bottom25,strong_1.00,1.0,3,1.1851710696158508,0.682717964960903,0.6171677330273092,0.25,0.25
4,v230_hybrid_compat_firewall_lcb,hard_bottom25,all_source_good,S5_bottleneck_mid,,,,,,,,,,,,,,,,,,,,,,all,mild_0.33,0.33,28,0.06387624295437863,-0.14762444260121568,-0.17192272903920397,0.034482758620689655,0.034482758620689655
4,v230_hybrid_compat_firewall_lcb,hard_bottom25,all_source_good,S5_bottleneck_mid,,,,,,,,,,,,,,,,,,,,,,all,medium_0.50,0.5,28,0.16074026207582115,-0.16870026352406725,-0.20681195023061022,0.10591133004926108,0.034482758620689655
4,v230_hybrid_compat_firewall_lcb,hard_bottom25,all_source_good,S5_bottleneck_mid,,,,,,,,,,,,,,,,,,,,,,all,medium_0.67,0.67,28,0.2525236493962034,-0.20012230637074693,-0.25288586380482897,0.10591133004926108,0.034482758620689655
4,v230_hybrid_compat_firewall_lcb,hard_bottom25,all_source_good,S5_bottleneck_mid,,,,,,,,,,,,,,,,,,,,,,all,strong_0.85,0.85,28,0.34331780397209627,-0.2447706675768016,-0.31369213821889147,0.10591133004926108,0.034482758620689655
4,v230_hybrid_compat_firewall_lcb,hard_bottom25,all_source_good,S5_bottleneck_mid,,,,,,,,,,,,,,,,,,,,,,all,strong_1.00,1.0,28,0.41235074551785517,-0.29040055038930157,-0.3732662654161571,0.10591133004926108,0.10591133004926108
4,v230_hybrid_compat_firewall_lcb,hard_bottom25,all_source_good,S5_bottleneck_mid,,,,,,,,,,,,,,,,,,,,,,all,strong_1.25,1.25,28,0.5212222054787927,-0.34217076065541485,-0.45817761185170397,0.10591133004926108,0.10591133004926108
4,v230_hybrid_compat_firewall_lcb,hard_bottom25,same_bucket_good,S5_bottleneck_mid,,,,,,,,,,,,,,,,,,,,,,hard_bottom25,mild_0.33,0.33,28,0.2599985486881956,-0.43668837311269026,-0.4670315242052196,0.24876847290640391,0.17733990147783252
4,v230_hybrid_compat_firewall_lcb,hard_bottom25,same_bucket_good,S5_bottleneck_mid,,,,,,,,,,,,,,,,,,,,,,hard_bottom25,medium_0.50,0.5,27,0.3876638997198597,-0.5621836748673618,-0.6289675798966586,0.2579365079365079,0.2579365079365079
4,v230_hybrid_compat_firewall_lcb,hard_bottom25,same_bucket_borderline,S5_bottleneck_mid,,,,,,,,,,,,,,,,,,,,,,hard_bottom25,medium_0.67,0.67,11,0.6078622790913719,-0.7716866607002207,-0.9779482955268809,0.26515151515151514,0.26515151515151514
4,v230_hybrid_compat_firewall_lcb,hard_bottom25,same_bucket_weak,S5_bottleneck_mid,,,,,,,,,,,,,,,,,,,,,,hard_bottom25,strong_0.85,0.85,3,-0.05304024426761267,-1.1712443610889016,-1.3382384559375344,0.5833333333333333,0.5833333333333333
4,v230_hybrid_compat_firewall_lcb,hard_bottom25,all_source_good,S4_final_decoder,,,,,,,,,,,,,,,,,,,,,,all,mild_0.33,0.33,26,-0.0011053634459060324,-0.21808350992558603,-0.21967519235966806,0.1908831908831909,0.037037037037037035
4,v230_hybrid_compat_firewall_lcb,hard_bottom25,all_source_good,S4_final_decoder,,,,,,,,,,,,,,,,,,,,,,all,medium_0.50,0.5,26,0.06069772070748938,-0.276463636878711,-0.2803098053967774,0.1908831908831909,0.037037037037037035
4,v230_hybrid_compat_firewall_lcb,hard_bottom25,all_source_good,S4_final_decoder,,,,,,,,,,,,,,,,,,,,,,all,medium_0.67,0.67,25,0.13343215942382813,-0.333310546875,-0.3521143341064453,0.23846153846153847,0.11846153846153847
4,v230_hybrid_compat_firewall_lcb,hard_bottom25,all_source_borderline,S4_final_decoder,,,,,,,,,,,,,,,,,,,,,,all,strong_0.85,0.85,6,-0.00788956186067627,-0.4745573729365226,-0.4858336180537101,0.47619047619047616,0.47619047619047616
4,v230_hybrid_compat_firewall_lcb,hard_bottom25,all_source_borderline,S4_final_decoder,,,,,,,,,,,,,,,,,,,,,,all,strong_1.00,1.0,6,0.031108724068685728,-0.508092376598632,-0.5703673094599602,0.6428571428571428,0.30952380952380953
4,v230_hybrid_compat_firewall_lcb,hard_bottom25,same_bucket_borderline,S4_final_decoder,,,,,,,,,,,,,,,,,,,,,,hard_bottom25,mild_0.33,0.33,4,0.2827919006347656,0.0568967819213867,0.007347869873046864,0.2,0.2
4,v230_hybrid_compat_firewall_lcb,hard_bottom25,same_bucket_good,S6_early_mid_final,,,,,,,,,,,,,,,,,,,,,,hard_bottom25,medium_0.67,0.67,17,0.22277444273457625,-1.0372816153637119,-1.041590697394962,0.4084967320261438,0.29084967320261434
4,v230_hybrid_compat_firewall_lcb,hard_bottom25,same_bucket_good,S6_early_mid_final,,,,,,,,,,,,,,,,,,,,,,hard_bottom25,strong_0.85,0.85,14,0.33888674959463566,-1.2383938262938619,-1.3541778038024068,0.35238095238095235,0.28095238095238095
4,v230_hybrid_compat_firewall_lcb,hard_bottom25,same_bucket_good,S6_early_mid_final,,,,,,,,,,,,,,,,,,,,,,hard_bottom25,strong_1.00,1.0,12,0.4112186461258779,-0.9524780879846364,-1.1803352008691579,0.3269230769230769,0.24358974358974358
4,v230_hybrid_compat_firewall_lcb,hard_bottom25,same_bucket_good,S6_early_mid_final,,,,,,,,,,,,,,,,,,,,,,hard_bottom25,strong_1.25,1.25,11,0.28933887210895015,-0.9757548445991465,-1.1828833693794198,0.356060606060606,0.26515151515151514
4,v230_hybrid_compat_firewall_lcb,hard_bottom25,same_bucket_good,S5_bottleneck_mid,,,,,,,,,,,,,,,,,,,,,,hard_bottom25,medium_0.67,0.67,19,0.5294469650808424,-0.6374660172575108,-0.7830520310514562,0.26052631578947366,0.26052631578947366
4,v230_hybrid_compat_firewall_lcb,hard_bottom25,same_bucket_good,S5_bottleneck_mid,,,,,,,,,,,,,,,,,,,,,,hard_bottom25,strong_0.85,0.85,15,0.48608033008279433,-0.6042059248000182,-0.6269968336134948,0.2625,0.2625
4,v230_hybrid_compat_firewall_lcb,hard_bottom25,same_bucket_good,S5_bottleneck_mid,,,,,,,,,,,,,,,,,,,,,,hard_bottom25,strong_1.00,1.0,14,0.48453597837183987,-0.6077103088378071,-0.6288150260924459,0.28095238095238095,0.28095238095238095
4,v230_hybrid_compat_firewall_lcb,hard_bottom25,same_bucket_good,S5_bottleneck_mid,,,,,,,,,,,,,,,,,,,,,,hard_bottom25,strong_1.25,1.25,14,0.4845532807487232,-0.6077454994200826,-0.6288093040465474,0.28095238095238095,0.28095238095238095
4,v230_hybrid_compat_firewall_lcb,hard_bottom25,all_source_good,S4_final_decoder,,,,,,,,,,,,,,,,,,,,,,all,strong_0.85,0.85,21,0.22595226749316608,-0.269665916914386,-0.31172104691926883,0.23593073593073594,0.09307359307359307
4,v230_hybrid_compat_firewall_lcb,hard_bottom25,all_source_good,S4_final_decoder,,,,,,,,,,,,,,,,,,,,,,all,strong_1.00,1.0,20,0.304920726479057,-0.2749492114176716,-0.3548539584269489,0.1976190476190476,0.09761904761904762
4,v230_hybrid_compat_firewall_lcb,hard_bottom25,all_source_good,S4_final_decoder,,,,,,,,,,,,,,,,,,,,,,all,strong_1.25,1.25,18,0.3475971730429671,-0.28577932994775557,-0.3572730509560563,0.21929824561403508,0.10818713450292397
4,v230_hybrid_compat_firewall_lcb,hard_bottom25,same_bucket_good,S4_final_decoder,,,,,,,,,,,,,,,,,,,,,,hard_bottom25,mild_0.33,0.33,22,0.1478847729442543,-0.3264258679110147,-0.3313360508638955,0.22529644268774704,0.043478260869565216
4,v230_hybrid_compat_firewall_lcb,hard_bottom25,same_bucket_good,S4_final_decoder,,,,,,,,,,,,,,,,,,,,,,hard_bottom25,medium_0.50,0.5,18,0.3148252147977957,-0.4287676302712419,-0.4989432780068376,0.21929824561403508,0.16374269005847952
4,v230_hybrid_compat_firewall_lcb,hard_bottom25,same_bucket_good,S4_final_decoder,,,,,,,,,,,,,,,,,,,,,,hard_bottom25,medium_0.67,0.67,15,0.3811512325893048,-0.30014193706808456,-0.42088301830587754,0.19583333333333333,0.12916666666666665
4,v230_hybrid_compat_firewall_lcb,hard_bottom25,same_bucket_good,S4_final_decoder,,,,,,,,,,,,,,,,,,,,,,hard_bottom25,strong_0.85,0.85,12,0.2549832691320628,-0.33211027487428485,-0.4269782672754079,0.24358974358974358,0.16025641025641024
4,v230_hybrid_compat_firewall_lcb,hard_bottom25,same_bucket_good,S4_final_decoder,,,,,,,,,,,,,,,,,,,,,,hard_bottom25,strong_1.00,1.0,12,0.25498295124062403,-0.33211027487428485,-0.4269782672754079,0.24358974358974358,0.16025641025641024
4,v230_hybrid_compat_firewall_lcb,hard_bottom25,same_bucket_good,S4_final_decoder,,,,,,,,,,,,,,,,,,,,,,hard_bottom25,strong_1.25,1.25,12,0.2549832691320628,-0.33211027487428485,-0.4269782672754079,0.24358974358974358,0.16025641025641024
4,v230_hybrid_compat_firewall_lcb,easy_top25,same_bucket_good,S6_early_mid_final,,,,,,,,,,,,,,,,,,,,,,easy_top25,mild_0.10,0.1,12,-0.11860608760825295,-0.20620037420900164,-0.2401515613427907,0.16025641025641024,0.07692307692307693
4,v230_hybrid_compat_firewall_lcb,easy_top25,same_bucket_good,S6_early_mid_final,,,,,,,,,,,,,,,,,,,,,,easy_top25,mild_0.20,0.2,12,-0.08776489599855242,-0.2609180103174001,-0.3293658862939626,0.16025641025641024,0.07692307692307693
4,v230_hybrid_compat_firewall_lcb,easy_top25,same_bucket_good,S6_early_mid_final,,,,,,,,,,,,,,,,,,,,,,easy_top25,mild_0.33,0.33,12,-0.06199725175213315,-0.34138199194581803,-0.4547855029931813,0.24358974358974358,0.16025641025641024
4,v230_hybrid_compat_firewall_lcb,easy_top25,same_bucket_good,S5_bottleneck_mid,,,,,,,,,,,,,,,,,,,,,,easy_top25,mild_0.10,0.1,17,-0.11297299558401291,-0.20091877661859472,-0.21581745825921972,0.11437908496732026,0.05555555555555555
4,v230_hybrid_compat_firewall_lcb,easy_top25,same_bucket_good,S5_bottleneck_mid,,,,,,,,,,,,,,,,,,,,,,easy_top25,mild_0.20,0.2,17,-0.08228600002162781,-0.25764866553461035,-0.28808689795648534,0.23202614379084968,0.05555555555555555
4,v230_hybrid_compat_firewall_lcb,easy_top25,same_bucket_good,S5_bottleneck_mid,,,,,,,,,,,,,,,,,,,,,,easy_top25,mild_0.33,0.33,17,-0.0498752100830938,-0.33901158057367287,-0.38931370459711034,0.29084967320261434,0.11437908496732026
4,v230_hybrid_compat_firewall_lcb,easy_top25,same_bucket_good,S4_final_decoder,,,,,,,,,,,,,,,,,,,,,,easy_top25,mild_0.10,0.1,10,-0.13243653220727383,-0.1825793926198715,-0.18397843284203946,0.09090909090909091,0.09090909090909091
4,v230_hybrid_compat_firewall_lcb,easy_top25,same_bucket_good,S4_final_decoder,,,,,,,,,,,,,,,,,,,,,,easy_top25,mild_0.20,0.2,10,-0.11066338462426603,-0.20680901450707853,-0.20955216331078946,0.09090909090909091,0.09090909090909091
4,v230_hybrid_compat_firewall_lcb,easy_top25,same_bucket_good,S4_final_decoder,,,,,,,,,,,,,,,,,,,,,,easy_top25,mild_0.33,0.33,10,-0.1006478969533676,-0.24548375053002774,-0.2498696987111801,0.2909090909090909,0.09090909090909091
4,v230_hybrid_compat_firewall_lcb,hard_bottom25,same_bucket_borderline,S5_bottleneck_mid,,,,,,,,,,,,,,,,,,,,,,hard_bottom25,strong_1.00,1.0,6,0.8491390814295254,-0.8664869994013664,-1.3068918913691399,0.30952380952380953,0.30952380952380953
4,v230_hybrid_compat_firewall_lcb,hard_bottom25,same_bucket_borderline,S5_bottleneck_mid,,,,,,,,,,,,,,,,,,,,,,hard_bottom25,strong_1.25,1.25,2,0.6502936935063428,0.3546713447209424,0.32182441707812015,0.3333333333333333,0.3333333333333333
4,v230_hybrid_compat_firewall_lcb,hard_bottom25,same_bucket_borderline,S4_final_decoder,,,,,,,,,,,,,,,,,,,,,,hard_bottom25,strong_0.85,0.85,4,1.081658172607422,0.5279396057128907,0.4321926116943359,0.2,0.2
4,v230_hybrid_compat_firewall_lcb,hard_bottom25,same_bucket_borderline,S4_final_decoder,,,,,,,,,,,,,,,,,,,,,,hard_bottom25,strong_1.00,1.0,3,1.135892810338507,0.47977874071773885,0.39470412523922327,0.25,0.25
4,v230_hybrid_compat_firewall_lcb,easy_top25,same_bucket_borderline,S6_early_mid_final,,,,,,,,,,,,,,,,,,,,,,easy_top25,mild_0.10,0.1,4,-0.1661855697631836,-0.265472412109375,-0.284625244140625,0.45,0.2
4,v230_hybrid_compat_firewall_lcb,easy_top25,same_bucket_borderline,S6_early_mid_final,,,,,,,,,,,,,,,,,,,,,,easy_top25,mild_0.20,0.2,4,-0.14153118133544923,-0.34209804534912114,-0.380206298828125,0.45,0.2
4,v230_hybrid_compat_firewall_lcb,easy_top25,same_bucket_borderline,S6_early_mid_final,,,,,,,,,,,,,,,,,,,,,,easy_top25,mild_0.33,0.33,4,-0.1226980209350586,-0.4558931350708008,-0.5178634643554687,0.45,0.45
4,v230_hybrid_compat_firewall_lcb,easy_top25,same_bucket_weak,S4_final_decoder,,,,,,,,,,,,,,,,,,,,,,easy_top25,mild_0.10,0.1,4,-0.2147085189819336,-0.268096923828125,-0.27379150390625,0.45,0.2
4,v230_hybrid_compat_firewall_lcb,easy_top25,same_bucket_weak,S4_final_decoder,,,,,,,,,,,,,,,,,,,,,,easy_top25,mild_0.20,0.2,4,-0.23910064697265626,-0.34686164855957036,-0.35777587890625,0.7,0.2
4,v230_hybrid_compat_firewall_lcb,easy_top25,same_bucket_weak,S4_final_decoder,,,,,,,,,,,,,,,,,,,,,,easy_top25,mild_0.33,0.33,4,-0.28613967895507814,-0.46423931121826173,-0.48119659423828126,0.7,0.45
4,v230_hybrid_compat_firewall_lcb,hard_bottom25,same_bucket_borderline,S5_bottleneck_mid,,,,,,,,,,,,,,,,,,,,,,hard_bottom25,medium_0.50,0.5,3,0.9641169924674134,0.8413555839794576,0.8317787864941061,0.25,0.25
4,v230_hybrid_compat_firewall_lcb,hard_bottom25,all_source_weak,S4_final_decoder,,,,,,,,,,,,,,,,,,,,,,all,strong_1.25,1.25,4,0.21640949249267577,-0.61492919921875,-0.7472183227539062,0.45,0.45
4,v230_hybrid_compat_firewall_lcb,hard_bottom25,all_source_weak,S6_early_mid_final,,,,,,,,,,,,,,,,,,,,,,all,mild_0.33,0.33,2,0.14083801265917487,0.14083801265917487,0.14083801265917487,0.3333333333333333,0.3333333333333333
4,v230_hybrid_compat_firewall_lcb,hard_bottom25,same_bucket_weak,S6_early_mid_final,,,,,,,,,,,,,,,,,,,,,,hard_bottom25,mild_0.33,0.33,4,-0.15606231689453126,-0.7655441284179687,-0.7655441284179687,0.7,0.7
4,v230_hybrid_compat_firewall_lcb,hard_bottom25,all_source_borderline,S5_bottleneck_mid,,,,,,,,,,,,,,,,,,,,,,all,mild_0.33,0.33,2,0.12932525631151862,0.12932525631151862,0.12932525631151862,0.3333333333333333,0.3333333333333333
4,v230_hybrid_compat_firewall_lcb,hard_bottom25,same_bucket_borderline,S5_bottleneck_mid,,,,,,,,,,,,,,,,,,,,,,hard_bottom25,mild_0.33,0.33,2,0.5303414916630811,0.5303414916630811,0.5303414916630811,0.3333333333333333,0.3333333333333333
4,v230_hybrid_compat_firewall_lcb,hard_bottom25,same_bucket_borderline,S5_bottleneck_mid,,,,,,,,,,,,,,,,,,,,,,hard_bottom25,strong_0.85,0.85,11,0.8264270928786589,-0.9082270736030528,-1.0531397933296152,0.356060606060606,0.26515151515151514
4,v230_hybrid_compat_firewall_lcb,hard_bottom25,same_bucket_weak,S5_bottleneck_mid,,,,,,,,,,,,,,,,,,,,,,hard_bottom25,strong_1.00,1.0,4,0.5236375808715821,-0.9007227897644043,-0.9910633087158203,0.7,0.45
4,v230_hybrid_compat_firewall_lcb,hard_bottom25,all_source_weak,S4_final_decoder,,,,,,,,,,,,,,,,,,,,,,all,mild_0.33,0.33,2,0.08700500484667487,0.08700500484667487,0.08700500484667487,0.3333333333333333,0.3333333333333333
4,v230_hybrid_compat_firewall_lcb,hard_bottom25,same_bucket_weak,S4_final_decoder,,,,,,,,,,,,,,,,,,,,,,hard_bottom25,mild_0.33,0.33,4,-0.08775730133056642,-0.6903717041015625,-0.7290184020996093,0.7,0.7
4,v230_hybrid_compat_firewall_lcb,mid_50,all_source_borderline,S6_early_mid_final,,,,,,,,,,,,,,,,,,,,,,all,mild_0.20,0.2,3,-0.05508365043623245,-0.40183785168948766,-0.4621207496387064,0.5833333333333333,0.5833333333333333
4,v230_hybrid_compat_firewall_lcb,mid_50,all_source_borderline,S6_early_mid_final,,,,,,,,,,,,,,,,,,,,,,all,mild_0.33,0.33,3,0.04483980130530402,-0.5279399177295268,-0.6275717994433939,0.5833333333333333,0.5833333333333333
4,v230_hybrid_compat_firewall_lcb,mid_50,all_source_borderline,S6_early_mid_final,,,,,,,,,,,,,,,,,,,,,,all,medium_0.50,0.5,2,0.6515744781132764,0.635920677148921,0.6341813659306592,0.3333333333333333,0.3333333333333333
4,v230_hybrid_compat_firewall_lcb,mid_50,all_source_borderline,S6_early_mid_final,,,,,,,,,,,,,,,,,,,,,,all,medium_0.67,0.67,2,0.8627122497197217,0.8306424712773388,0.8270791625615186,0.3333333333333333,0.3333333333333333
4,v230_hybrid_compat_firewall_lcb,mid_50,same_bucket_borderline,S6_early_mid_final,,,,,,,,,,,,,,,,,,,,,,mid_50,mild_0.20,0.2,2,0.1751302337285108,0.14760776516161625,0.144549713098628,0.3333333333333333,0.3333333333333333
4,v230_hybrid_compat_firewall_lcb,mid_50,same_bucket_borderline,S6_early_mid_final,,,,,,,,,,,,,,,,,,,,,,mid_50,mild_0.33,0.33,2,0.44151245113573734,0.39627624508104986,0.39124999996386234,0.3333333333333333,0.3333333333333333
4,v230_hybrid_compat_firewall_lcb,mid_50,same_bucket_borderline,S6_early_mid_final,,,,,,,,,,,,,,,,,,,,,,mid_50,medium_0.50,0.5,2,0.781430587732417,0.7140792464848584,0.7065957641240186,0.3333333333333333,0.3333333333333333
4,v230_hybrid_compat_firewall_lcb,mid_50,same_bucket_borderline,S6_early_mid_final,,,,,,,,,,,,,,,,,,,,,,mid_50,medium_0.67,0.67,2,1.027036056482417,0.8864127730961866,0.8707879638310498,0.3333333333333333,0.3333333333333333
4,v230_hybrid_compat_firewall_lcb,mid_50,same_bucket_borderline,S5_bottleneck_mid,,,,,,,,,,,,,,,,,,,,,,mid_50,mild_0.20,0.2,3,0.04599183987952277,-0.20222885815921424,-0.24144814221683142,0.25,0.25
4,v230_hybrid_compat_firewall_lcb,mid_50,same_bucket_borderline,S5_bottleneck_mid,,,,,,,,,,,,,,,,,,,,,,mid_50,mild_0.33,0.33,3,0.20375754625973108,-0.22194626538577672,-0.2894789954883158,0.5833333333333333,0.25
4,v230_hybrid_compat_firewall_lcb,mid_50,same_bucket_borderline,S5_bottleneck_mid,,,,,,,,,,,,,,,,,,,,,,mid_50,medium_0.50,0.5,1,0.5415718078613281,0.5415718078613281,0.5415718078613281,0.5,0.5
4,v230_hybrid_compat_firewall_lcb,mid_50,same_bucket_borderline,S5_bottleneck_mid,,,,,,,,,,,,,,,,,,,,,,mid_50,medium_0.67,0.67,1,0.6917564392089843,0.6917564392089843,0.6917564392089843,0.5,0.5
4,v230_hybrid_compat_firewall_lcb,mid_50,all_source_weak,S6_early_mid_final,,,,,,,,,,,,,,,,,,,,,,all,mild_0.20,0.2,6,-0.0572123259394523,-0.6419605940668938,-0.7484526366083977,0.47619047619047616,0.30952380952380953
4,v230_hybrid_compat_firewall_lcb,mid_50,all_source_weak,S6_early_mid_final,,,,,,,,,,,,,,,,,,,,,,all,mild_0.33,0.33,6,0.019062545886719573,-0.9385246962397453,-1.106980773815429,0.47619047619047616,0.47619047619047616
4,v230_hybrid_compat_firewall_lcb,mid_50,same_bucket_weak,S6_early_mid_final,,,,,,,,,,,,,,,,,,,,,,mid_50,mild_0.20,0.2,8,-0.06638156892676023,-0.7122412872495141,-0.7893592071713891,0.4861111111111111,0.4861111111111111
4,v230_hybrid_compat_firewall_lcb,mid_50,same_bucket_weak,S6_early_mid_final,,,,,,,,,,,,,,,,,,,,,,mid_50,mild_0.33,0.33,8,-0.0023204040708031948,-1.0533238601865258,-1.1774054718198266,0.4861111111111111,0.4861111111111111
4,v230_hybrid_compat_firewall_lcb,mid_50,all_source_borderline,S5_bottleneck_mid,,,,,,,,,,,,,,,,,,,,,,all,mild_0.20,0.2,5,0.05483294618321152,-0.19102352964686659,-0.25355252134608536,0.3666666666666667,0.16666666666666666
4,v230_hybrid_compat_firewall_lcb,mid_50,all_source_borderline,S5_bottleneck_mid,,,,,,,,,,,,,,,,,,,,,,all,mild_0.33,0.33,5,0.20976687562657087,-0.20564907896327284,-0.31200512754725723,0.3666666666666667,0.16666666666666666
4,v230_hybrid_compat_firewall_lcb,mid_50,same_bucket_weak,S5_bottleneck_mid,,,,,,,,,,,,,,,,,,,,,,mid_50,mild_0.20,0.2,7,-0.13086883890290574,-0.6533497763157127,-0.7212052298069236,0.5535714285714286,0.4107142857142857
4,v230_hybrid_compat_firewall_lcb,mid_50,same_bucket_weak,S5_bottleneck_mid,,,,,,,,,,,,,,,,,,,,,,mid_50,mild_0.33,0.33,7,-0.10599428794726957,-0.9566426229954001,-1.063822264719033,0.5535714285714286,0.5535714285714286
4,v230_hybrid_compat_firewall_lcb,mid_50,all_source_weak,S4_final_decoder,,,,,,,,,,,,,,,,,,,,,,all,mild_0.20,0.2,6,-0.06637904346874918,-0.5928110808222649,-0.7045378416865227,0.47619047619047616,0.30952380952380953
4,v230_hybrid_compat_firewall_lcb,mid_50,all_source_weak,S4_final_decoder,,,,,,,,,,,,,,,,,,,,,,all,mild_0.33,0.33,6,-0.07558963001660074,-0.7614826887934563,-0.9294333189814445,0.47619047619047616,0.30952380952380953
4,v230_hybrid_compat_firewall_lcb,mid_50,same_bucket_weak,S4_final_decoder,,,,,,,,,,,,,,,,,,,,,,mid_50,mild_0.20,0.2,4,-0.17331714630126954,-0.7482227325439452,-0.8245765686035156,0.7,0.45
4,v230_hybrid_compat_firewall_lcb,mid_50,same_bucket_weak,S4_final_decoder,,,,,,,,,,,,,,,,,,,,,,mid_50,mild_0.33,0.33,4,-0.20936985015869142,-0.8708019256591797,-0.9687873840332031,0.7,0.45
4,v230_hybrid_compat_firewall_lcb,hard_bottom25,same_bucket_borderline,S6_early_mid_final,,,,,,,,,,,,,,,,,,,,,,hard_bottom25,strong_1.00,1.0,9,0.22337086995442706,-1.5179518381754558,-1.6368948618570964,0.43333333333333335,0.43333333333333335
4,v230_hybrid_compat_firewall_lcb,hard_bottom25,same_bucket_weak,S6_early_mid_final,,,,,,,,,,,,,,,,,,,,,,hard_bottom25,strong_1.25,1.25,2,-1.374046936071294,-1.7841940307978563,-1.829765930211919,1.0,1.0
4,v230_hybrid_compat_firewall_lcb,hard_bottom25,same_bucket_borderline,S4_final_decoder,,,,,,,,,,,,,,,,,,,,,,hard_bottom25,medium_0.50,0.5,5,-0.0033331762533119202,-0.3906969915609291,-0.3927031408529213,0.5666666666666667,0.3666666666666667
4,v230_hybrid_compat_firewall_lcb,hard_bottom25,same_bucket_weak,S4_final_decoder,,,,,,,,,,,,,,,,,,,,,,hard_bottom25,medium_0.67,0.67,2,-0.4779249573115283,-0.5863291168574267,-0.5983740234736377,1.0,0.8333333333333333
4,v230_hybrid_compat_firewall_lcb,hard_bottom25,same_bucket_borderline,S6_early_mid_final,,,,,,,,,,,,,,,,,,,,,,hard_bottom25,mild_0.33,0.33,6,0.4236620535364592,0.35174610911914145,0.35174610911914145,0.14285714285714285,0.14285714285714285
4,v230_hybrid_compat_firewall_lcb,hard_bottom25,same_bucket_borderline,S6_early_mid_final,,,,,,,,,,,,,,,,,,,,,,hard_bottom25,medium_0.50,0.5,5,0.655562316300399,0.6012581933755943,0.6012581933755943,0.16666666666666666,0.16666666666666666
4,v230_hybrid_compat_firewall_lcb,hard_bottom25,same_bucket_borderline,S6_early_mid_final,,,,,,,,,,,,,,,,,,,,,,hard_bottom25,strong_1.25,1.25,7,0.7953303929260563,-1.2728695822239158,-2.1130204153537986,0.26785714285714285,0.26785714285714285
4,v230_hybrid_compat_firewall_lcb,hard_bottom25,same_bucket_weak,S5_bottleneck_mid,,,,,,,,,,,,,,,,,,,,,,hard_bottom25,strong_1.25,1.25,2,2.0228904342289993,1.9232727622624461,1.9122041320439405,0.3333333333333333,0.3333333333333333
4,v230_hybrid_compat_firewall_lcb,hard_bottom25,all_source_borderline,S4_final_decoder,,,,,,,,,,,,,,,,,,,,,,all,strong_1.25,1.25,3,0.18515644660966596,-0.4250787040454447,-0.4492995521289408,0.5833333333333333,0.5833333333333333
4,v230_hybrid_compat_firewall_lcb,hard_bottom25,same_bucket_borderline,S4_final_decoder,,,,,,,,,,,,,,,,,,,,,,hard_bottom25,medium_0.67,0.67,3,0.3357416211702129,-0.6227299949389994,-0.7691428443652689,0.5833333333333333,0.5833333333333333
4,v230_hybrid_compat_firewall_lcb,hard_bottom25,same_bucket_weak,S4_final_decoder,,,,,,,,,,,,,,,,,,,,,,hard_bottom25,strong_1.00,1.0,1,1.2705642700195312,1.2705642700195312,1.2705642700195312,0.5,0.5
4,v230_hybrid_compat_firewall_lcb,easy_top25,same_bucket_borderline,S4_final_decoder,,,,,,,,,,,,,,,,,,,,,,easy_top25,mild_0.10,0.1,4,-0.17306919097900392,-0.26534500122070315,-0.2716209411621094,0.45,0.2
4,v230_hybrid_compat_firewall_lcb,easy_top25,same_bucket_borderline,S4_final_decoder,,,,,,,,,,,,,,,,,,,,,,easy_top25,mild_0.20,0.2,4,-0.15272350311279298,-0.33631324768066406,-0.3490631103515625,0.7,0.2
4,v230_hybrid_compat_firewall_lcb,easy_top25,same_bucket_borderline,S4_final_decoder,,,,,,,,,,,,,,,,,,,,,,easy_top25,mild_0.33,0.33,4,-0.14151782989501954,-0.4108860015869141,-0.427783203125,0.7,0.45
4,v230_hybrid_compat_firewall_lcb,mid_50,same_bucket_borderline,S4_final_decoder,,,,,,,,,,,,,,,,,,,,,,mid_50,mild_0.20,0.2,3,0.012582721227178989,-0.4543509742480814,-0.523831107304722,0.5833333333333333,0.5833333333333333
4,v230_hybrid_compat_firewall_lcb,mid_50,same_bucket_borderline,S4_final_decoder,,,,,,,,,,,,,,,,,,,,,,mid_50,mild_0.33,0.33,3,0.08800437243160608,-0.4543509742480814,-0.523831107304722,0.5833333333333333,0.5833333333333333
4,v230_hybrid_compat_firewall_lcb,mid_50,same_bucket_borderline,S4_final_decoder,,,,,,,,,,,,,,,,,,,,,,mid_50,medium_0.50,0.5,1,-0.6083610534667969,-0.6083610534667969,-0.6083610534667969,1.0,1.0
4,v230_hybrid_compat_firewall_lcb,mid_50,same_bucket_borderline,S4_final_decoder,,,,,,,,,,,,,,,,,,,,,,mid_50,medium_0.67,0.67,1,-0.6083610534667969,-0.6083610534667969,-0.6083610534667969,1.0,1.0
4,v230_hybrid_compat_firewall_lcb,hard_bottom25,all_source_borderline,S6_early_mid_final,,,,,,,,,,,,,,,,,,,,,,all,mild_0.33,0.33,2,0.06660018917284674,0.06660018917284674,0.06660018917284674,0.3333333333333333,0.3333333333333333
4,v230_hybrid_compat_firewall_lcb,hard_bottom25,all_source_borderline,S4_final_decoder,,,,,,,,,,,,,,,,,,,,,,all,mild_0.33,0.33,2,0.07716308590136237,0.07716308590136237,0.07716308590136237,0.3333333333333333,0.3333333333333333
4,v230_hybrid_compat_firewall_lcb,hard_bottom25,all_source_borderline,S4_final_decoder,,,,,,,,,,,,,,,,,,,,,,all,medium_0.50,0.5,1,0.17436904907226558,0.17436904907226558,0.17436904907226558,0.5,0.5
4,v230_hybrid_compat_firewall_lcb,hard_bottom25,all_source_borderline,S4_final_decoder,,,,,,,,,,,,,,,,,,,,,,all,medium_0.67,0.67,2,-0.02277816776074701,-0.38700927737988766,-0.4274794006709033,0.8333333333333333,0.3333333333333333
4,v230_hybrid_compat_firewall_lcb,easy_top25,same_bucket_weak,S6_early_mid_final,,,,,,,,,,,,,,,,,,,,,,easy_top25,mild_0.10,0.1,2,-0.276034011876958,-0.2926388168696337,-0.2944837952021533,0.8333333333333333,0.3333333333333333
4,v230_hybrid_compat_firewall_lcb,easy_top25,same_bucket_weak,S6_early_mid_final,,,,,,,,,,,,,,,,,,,,,,easy_top25,mild_0.20,0.2,2,-0.3206583404902392,-0.35746425632275874,-0.36155380252637204,0.8333333333333333,0.3333333333333333
4,v230_hybrid_compat_firewall_lcb,easy_top25,same_bucket_weak,S6_early_mid_final,,,,,,,,,,,,,,,,,,,,,,easy_top25,mild_0.33,0.33,2,-0.3931166077021533,-0.46111511234082514,-0.46867050174512204,1.0,0.8333333333333333
4,v230_hybrid_compat_firewall_lcb,hard_bottom25,all_source_weak,S4_final_decoder,,,,,,,,,,,,,,,,,,,,,,all,strong_1.00,1.0,1,-0.6267478942871094,-0.6267478942871094,-0.6267478942871094,1.0,1.0
4,v230_hybrid_compat_firewall_lcb,hard_bottom25,same_bucket_weak,S4_final_decoder,,,,,,,,,,,,,,,,,,,,,,hard_bottom25,strong_0.85,0.85,1,-1.103628921508789,-1.103628921508789,-1.103628921508789,1.0,1.0
4,v230_hybrid_compat_firewall_lcb,easy_top25,same_bucket_borderline,S5_bottleneck_mid,,,,,,,,,,,,,,,,,,,,,,easy_top25,mild_0.10,0.1,1,-0.31012039184570317,-0.31012039184570317,-0.31012039184570317,0.5,0.5
4,v230_hybrid_compat_firewall_lcb,easy_top25,same_bucket_borderline,S5_bottleneck_mid,,,,,,,,,,,,,,,,,,,,,,easy_top25,mild_0.20,0.2,1,-0.32481079101562504,-0.32481079101562504,-0.32481079101562504,0.5,0.5
4,v230_hybrid_compat_firewall_lcb,easy_top25,same_bucket_borderline,S5_bottleneck_mid,,,,,,,,,,,,,,,,,,,,,,easy_top25,mild_0.33,0.33,1,-0.34988098144531254,-0.34988098144531254,-0.34988098144531254,0.5,0.5
