{
  "runs": {
    "A0": {
      "label": "A0",
      "arch": "official_convir",
      "mode": "original",
      "checkpoint": "/sda/home/wangyuxin/ConvIR-B/checkpoints/official/Haze4K/haze4k-base.pkl",
      "depth_mode": "none",
      "count": 600,
      "mean_psnr": 39.35034857114156,
      "mean_ssim": 0.9957262628277143,
      "avg_time_sec_sync": 0.04132694244384766,
      "median_time_sec_sync": 0.04080545902252197,
      "peak_cuda_mem_mib": 535.95654296875
    },
    "DTA_v3_scout5full_depthDirectTail_wg16_tail08_s005_b10_seed3407_f0_evalinvert": {
      "label": "DTA_v3_scout5full_depthDirectTail_wg16_tail08_s005_b10_seed3407_f0_evalinvert",
      "arch": "dta_v3",
      "mode": "modres",
      "checkpoint": "/sda/home/wangyuxin/ConvIR-B/repos/ConvIR-B-dta-v3-dapc-finetune-tailguard/Dehazing/ITS/results/ConvIR-Haze4K-DTA-v3-DAPC-DepthDirectTail-wg16_tail08_s005_b10-seed3407-f0-scout5full/Training-Results/Final.pkl",
      "depth_mode": "invert",
      "count": 600,
      "mean_psnr": 39.327358382542926,
      "mean_ssim": 0.9956968717773755,
      "avg_time_sec_sync": 0.049887051582336424,
      "median_time_sec_sync": 0.0492016077041626,
      "peak_cuda_mem_mib": 540.5224609375
    }
  },
  "comparison": {
    "common_count": 600,
    "mean_psnr_delta": -0.02299018859863281,
    "median_psnr_delta": -0.009944915771484375,
    "p5_psnr_delta": -0.22466087341308594,
    "p95_psnr_delta": 0.1379888534545896,
    "hard_bottom25_psnr_delta": -0.027368265787760415,
    "easy_top25_psnr_delta": -0.005293680826822917,
    "worst10pct_mean_psnr_delta": -0.2626408576965332,
    "best10pct_mean_psnr_delta": 0.16460227966308594,
    "worst10img_mean_psnr_delta": -0.46858062744140627,
    "best10img_mean_psnr_delta": 0.28057041168212893,
    "worst10_mean_psnr_delta": -0.2626408576965332,
    "best10_mean_psnr_delta": 0.16460227966308594,
    "mean_ssim_delta": -2.939105033874512e-05,
    "positive_ratio": 0.43166666666666664,
    "strong_reference_cut_psnr": 42.755948066711426,
    "strong_reference_count": 150,
    "strong_regression_count_delta_le_-0.05": 35,
    "worst_regression_count_delta_le_-0.20": 37
  }
}