{
  "runs": {
    "A0": {
      "label": "A0",
      "arch": "official_convir",
      "mode": "original",
      "checkpoint": "/sda/home/wangyuxin/ConvIR-B/checkpoints/official/Haze4K/haze4k-base.pkl",
      "depth_mode": "none",
      "count": 600,
      "mean_psnr": 39.35034857114156,
      "mean_ssim": 0.9957262628277143,
      "avg_time_sec_sync": 0.04088570555051168,
      "median_time_sec_sync": 0.04006147384643555,
      "peak_cuda_mem_mib": 535.95654296875
    },
    "DTA_v3_scout5full_depthDirectTail_wg16_lite_s006_b12_seed3407_f0_evalshuffle": {
      "label": "DTA_v3_scout5full_depthDirectTail_wg16_lite_s006_b12_seed3407_f0_evalshuffle",
      "arch": "dta_v3",
      "mode": "modres",
      "checkpoint": "/sda/home/wangyuxin/ConvIR-B/repos/ConvIR-B-dta-v3-dapc-finetune-taillite/Dehazing/ITS/results/ConvIR-Haze4K-DTA-v3-DAPC-DepthDirectTail-wg16_lite_s006_b12-seed3407-f0-scout5full/Training-Results/Final.pkl",
      "depth_mode": "shuffle",
      "count": 600,
      "mean_psnr": 39.33849489529928,
      "mean_ssim": 0.9957015580932299,
      "avg_time_sec_sync": 0.05180170575777689,
      "median_time_sec_sync": 0.05142998695373535,
      "peak_cuda_mem_mib": 541.3740234375
    }
  },
  "comparison": {
    "common_count": 600,
    "mean_psnr_delta": -0.011853675842285156,
    "median_psnr_delta": 0.0026149749755859375,
    "p5_psnr_delta": -0.2447275161743164,
    "p95_psnr_delta": 0.17454624176025377,
    "hard_bottom25_psnr_delta": -0.019885660807291667,
    "easy_top25_psnr_delta": 0.008065643310546875,
    "worst10pct_mean_psnr_delta": -0.2777155876159668,
    "best10pct_mean_psnr_delta": 0.19091192881266275,
    "worst10img_mean_psnr_delta": -0.49232177734375,
    "best10img_mean_psnr_delta": 0.31577110290527344,
    "worst10_mean_psnr_delta": -0.2777155876159668,
    "best10_mean_psnr_delta": 0.19091192881266275,
    "mean_ssim_delta": -2.4704734484354656e-05,
    "positive_ratio": 0.5183333333333333,
    "strong_reference_cut_psnr": 42.755948066711426,
    "strong_reference_count": 150,
    "strong_regression_count_delta_le_-0.05": 30,
    "worst_regression_count_delta_le_-0.20": 43
  }
}