{
  "runs": {
    "A0": {
      "label": "A0",
      "arch": "official_convir",
      "mode": "original",
      "checkpoint": "/sda/home/wangyuxin/ConvIR-B/checkpoints/official/Haze4K/haze4k-base.pkl",
      "depth_mode": "none",
      "count": 600,
      "mean_psnr": 39.35034857114156,
      "mean_ssim": 0.9957262628277143,
      "avg_time_sec_sync": 0.03968737085660299,
      "median_time_sec_sync": 0.03906369209289551,
      "peak_cuda_mem_mib": 535.95654296875
    },
    "DTA_v3_scout5full_depthDirectTail_wg20_tail12_s006_b10_seed3407_f0_evalzero": {
      "label": "DTA_v3_scout5full_depthDirectTail_wg20_tail12_s006_b10_seed3407_f0_evalzero",
      "arch": "dta_v3",
      "mode": "modres",
      "checkpoint": "/sda/home/wangyuxin/ConvIR-B/repos/ConvIR-B-dta-v3-dapc-finetune-tailguard/Dehazing/ITS/results/ConvIR-Haze4K-DTA-v3-DAPC-DepthDirectTail-wg20_tail12_s006_b10-seed3407-f0-scout5full/Training-Results/Final.pkl",
      "depth_mode": "zero",
      "count": 600,
      "mean_psnr": 39.30915798823039,
      "mean_ssim": 0.9956966082255045,
      "avg_time_sec_sync": 0.04952646017074585,
      "median_time_sec_sync": 0.04987835884094238,
      "peak_cuda_mem_mib": 540.5224609375
    }
  },
  "comparison": {
    "common_count": 600,
    "mean_psnr_delta": -0.0411905829111735,
    "median_psnr_delta": -0.029813766479492188,
    "p5_psnr_delta": -0.2145547866821289,
    "p95_psnr_delta": 0.0967082977294921,
    "hard_bottom25_psnr_delta": -0.03697991689046224,
    "easy_top25_psnr_delta": -0.028290685017903647,
    "worst10pct_mean_psnr_delta": -0.25167179107666016,
    "best10pct_mean_psnr_delta": 0.12175343831380209,
    "worst10img_mean_psnr_delta": -0.43194732666015623,
    "best10img_mean_psnr_delta": 0.230596923828125,
    "worst10_mean_psnr_delta": -0.25167179107666016,
    "best10_mean_psnr_delta": 0.12175343831380209,
    "mean_ssim_delta": -2.9654602209726968e-05,
    "positive_ratio": 0.35333333333333333,
    "strong_reference_cut_psnr": 42.755948066711426,
    "strong_reference_count": 150,
    "strong_regression_count_delta_le_-0.05": 54,
    "worst_regression_count_delta_le_-0.20": 37
  }
}