{
  "runs": {
    "A0": {
      "label": "A0",
      "arch": "official_convir",
      "mode": "original",
      "checkpoint": "/sda/home/wangyuxin/ConvIR-B/checkpoints/official/Haze4K/haze4k-base.pkl",
      "depth_mode": "none",
      "airlight_mode": "none",
      "count": 600,
      "mean_psnr": 39.35034857114156,
      "mean_ssim": 0.9957262628277143,
      "avg_time_sec_sync": 0.06277886112531027,
      "median_time_sec_sync": 0.058003902435302734,
      "peak_cuda_mem_mib": 537.50634765625
    },
    "DTA_v35_v35_fdf_rcs_l4_fdf_lite_tail_s004_g025_bm2_seed3407_f0_quick5full_fallback_train_shuffle": {
      "label": "DTA_v35_v35_fdf_rcs_l4_fdf_lite_tail_s004_g025_bm2_seed3407_f0_quick5full_fallback_train_shuffle",
      "arch": "dta_v3",
      "mode": "modres",
      "checkpoint": "/sda/home/wangyuxin/ConvIR-B/repos/ConvIR-B-dta-v3-5-fdf-rcs-lite/Dehazing/ITS/results/ConvIR-Haze4K-DTA-v3-5-FDF-RCS-l4_fdf_lite_tail_s004_g025_bm2-seed3407_f0-quick5full/Training-Results/Final.pkl",
      "depth_mode": "shuffle",
      "airlight_mode": "fallback",
      "count": 600,
      "mean_psnr": 39.35185284614563,
      "mean_ssim": 0.9957172522942225,
      "avg_time_sec_sync": 0.05576293309529622,
      "median_time_sec_sync": 0.049578189849853516,
      "peak_cuda_mem_mib": 601.7294921875
    }
  },
  "comparison": {
    "common_count": 600,
    "mean_psnr_delta": 0.0015042750040690103,
    "median_psnr_delta": -0.001949310302734375,
    "p5_psnr_delta": -0.30443172454833983,
    "p95_psnr_delta": 0.31221179962158174,
    "hard_bottom25_psnr_delta": -0.007057088216145833,
    "easy_top25_psnr_delta": -0.00233551025390625,
    "worst10pct_mean_psnr_delta": -0.33711458841959635,
    "best10pct_mean_psnr_delta": 0.34625314076741537,
    "worst10img_mean_psnr_delta": -0.545718002319336,
    "best10img_mean_psnr_delta": 0.5869537353515625,
    "worst10_mean_psnr_delta": -0.33711458841959635,
    "best10_mean_psnr_delta": 0.34625314076741537,
    "mean_ssim_delta": -9.010533491770426e-06,
    "positive_ratio": 0.49,
    "strong_reference_cut_psnr": 42.755948066711426,
    "strong_reference_count": 150,
    "strong_regression_count_delta_le_-0.05": 45,
    "worst_regression_count_delta_le_-0.20": 68
  }
}