{
  "runs": {
    "A0": {
      "label": "A0",
      "arch": "official_convir",
      "mode": "original",
      "checkpoint": "/sda/home/wangyuxin/ConvIR-B/checkpoints/official/Haze4K/haze4k-base.pkl",
      "depth_mode": "none",
      "airlight_mode": "none",
      "count": 600,
      "mean_psnr": 39.35034857114156,
      "mean_ssim": 0.9957262628277143,
      "avg_time_sec_sync": 0.050584339300791425,
      "median_time_sec_sync": 0.045657992362976074,
      "peak_cuda_mem_mib": 537.50634765625
    },
    "DTA_v35_v35_fdf_rcs_l5_res010_tail_s004_g025_bm2_seed3407_f0_quick5full_fallback_train_normal": {
      "label": "DTA_v35_v35_fdf_rcs_l5_res010_tail_s004_g025_bm2_seed3407_f0_quick5full_fallback_train_normal",
      "arch": "dta_v3",
      "mode": "modres",
      "checkpoint": "/sda/home/wangyuxin/ConvIR-B/repos/ConvIR-B-dta-v3-5-fdf-rcs-lite/Dehazing/ITS/results/ConvIR-Haze4K-DTA-v3-5-FDF-RCS-l5_res010_tail_s004_g025_bm2-seed3407_f0-quick5full/Training-Results/Final.pkl",
      "depth_mode": "normal",
      "airlight_mode": "fallback",
      "count": 600,
      "mean_psnr": 39.35311180750529,
      "mean_ssim": 0.9957233955462773,
      "avg_time_sec_sync": 0.07373891711235046,
      "median_time_sec_sync": 0.0700153112411499,
      "peak_cuda_mem_mib": 603.78076171875
    }
  },
  "comparison": {
    "common_count": 600,
    "mean_psnr_delta": 0.002763236363728841,
    "median_psnr_delta": -0.0008935928344726562,
    "p5_psnr_delta": -0.321533203125,
    "p95_psnr_delta": 0.32717132568359375,
    "hard_bottom25_psnr_delta": -0.008090604146321614,
    "easy_top25_psnr_delta": -0.0013344828287760416,
    "worst10pct_mean_psnr_delta": -0.34079866409301757,
    "best10pct_mean_psnr_delta": 0.3566064516703288,
    "worst10img_mean_psnr_delta": -0.5349338531494141,
    "best10img_mean_psnr_delta": 0.5681064605712891,
    "worst10_mean_psnr_delta": -0.34079866409301757,
    "best10_mean_psnr_delta": 0.3566064516703288,
    "mean_ssim_delta": -2.867281436920166e-06,
    "positive_ratio": 0.495,
    "strong_reference_cut_psnr": 42.755948066711426,
    "strong_reference_count": 150,
    "strong_regression_count_delta_le_-0.05": 49,
    "worst_regression_count_delta_le_-0.20": 68
  }
}