{
  "runs": {
    "A0": {
      "label": "A0",
      "arch": "official_convir",
      "mode": "original",
      "checkpoint": "/home/caozhiyang/ConvIR-B/checkpoints/official/Haze4K/haze4k-base.pkl",
      "depth_mode": "none",
      "airlight_mode": "none",
      "count": 600,
      "mean_psnr": 39.34407578468323,
      "mean_ssim": 0.995722817381223,
      "avg_time_sec_sync": 0.02825913151105245,
      "median_time_sec_sync": 0.02797555923461914,
      "peak_cuda_mem_mib": 535.44482421875
    },
    "DTA_v34_v34_fdf_tsr_e3_tsr_full_seed3407_f0_quick5full_fallback_train_shuffle": {
      "label": "DTA_v34_v34_fdf_tsr_e3_tsr_full_seed3407_f0_quick5full_fallback_train_shuffle",
      "arch": "dta_v3",
      "mode": "modres",
      "checkpoint": "/home/caozhiyang/ConvIR-B/repos/ConvIR-B-dta-v3-4-fdf-tsr-finetune/Dehazing/ITS/results/ConvIR-Haze4K-DTA-v3-4-FDF-TSR-e3_tsr_full-seed3407_f0-quick5full/Training-Results/Final.pkl",
      "depth_mode": "shuffle",
      "airlight_mode": "fallback",
      "count": 600,
      "mean_psnr": 39.181950680414836,
      "mean_ssim": 0.9956557832161586,
      "avg_time_sec_sync": 0.03530779957771301,
      "median_time_sec_sync": 0.035724520683288574,
      "peak_cuda_mem_mib": 543.5712890625
    }
  },
  "comparison": {
    "common_count": 600,
    "mean_psnr_delta": -0.16212510426839194,
    "median_psnr_delta": -0.13430404663085938,
    "p5_psnr_delta": -0.8286066055297852,
    "p95_psnr_delta": 0.3950201034545885,
    "hard_bottom25_psnr_delta": -0.23246195475260417,
    "easy_top25_psnr_delta": -0.11922818501790365,
    "worst10pct_mean_psnr_delta": -0.8769830703735352,
    "best10pct_mean_psnr_delta": 0.4452374776204427,
    "worst10img_mean_psnr_delta": -1.32652587890625,
    "best10img_mean_psnr_delta": 0.7520347595214844,
    "worst10_mean_psnr_delta": -0.8769830703735352,
    "best10_mean_psnr_delta": 0.4452374776204427,
    "mean_ssim_delta": -6.703416506449382e-05,
    "positive_ratio": 0.28833333333333333,
    "strong_reference_cut_psnr": 42.766201972961426,
    "strong_reference_count": 150,
    "strong_regression_count_delta_le_-0.05": 89,
    "worst_regression_count_delta_le_-0.20": 252
  }
}