{
  "runs": {
    "A0": {
      "label": "A0",
      "arch": "official_convir",
      "mode": "original",
      "checkpoint": "/sda/home/wangyuxin/ConvIR-B/checkpoints/official/Haze4K/haze4k-base.pkl",
      "depth_mode": "none",
      "airlight_mode": "none",
      "count": 600,
      "mean_psnr": 39.75955163955688,
      "mean_ssim": 0.995632650355498,
      "avg_time_sec_sync": 0.04967754324277242,
      "median_time_sec_sync": 0.04323840141296387,
      "peak_cuda_mem_mib": 536.99169921875
    },
    "DTA_v35_v35_fdf_rcs_l2_fdf_lite_s002_g025_bm2_seed3411_f1_quick5full_fallback_train_zero": {
      "label": "DTA_v35_v35_fdf_rcs_l2_fdf_lite_s002_g025_bm2_seed3411_f1_quick5full_fallback_train_zero",
      "arch": "dta_v3",
      "mode": "modres",
      "checkpoint": "/sda/home/wangyuxin/ConvIR-B/repos/ConvIR-B-dta-v3-5-fdf-rcs-lite/Dehazing/ITS/results/ConvIR-Haze4K-DTA-v3-5-FDF-RCS-l2_fdf_lite_s002_g025_bm2-seed3411_f1-quick5full/Training-Results/Final.pkl",
      "depth_mode": "zero",
      "airlight_mode": "fallback",
      "count": 600,
      "mean_psnr": 39.766780551274614,
      "mean_ssim": 0.9956404438614845,
      "avg_time_sec_sync": 0.05512807329495748,
      "median_time_sec_sync": 0.05305004119873047,
      "peak_cuda_mem_mib": 601.8427734375
    }
  },
  "comparison": {
    "common_count": 600,
    "mean_psnr_delta": 0.0072289117177327476,
    "median_psnr_delta": 0.0050868988037109375,
    "p5_psnr_delta": -0.20917339324951173,
    "p95_psnr_delta": 0.2406667709350585,
    "hard_bottom25_psnr_delta": 0.03296446482340495,
    "easy_top25_psnr_delta": 0.003056233723958333,
    "worst10pct_mean_psnr_delta": -0.26006326675415037,
    "best10pct_mean_psnr_delta": 0.2662386258443197,
    "worst10img_mean_psnr_delta": -0.5175251007080078,
    "best10img_mean_psnr_delta": 0.4429889678955078,
    "worst10_mean_psnr_delta": -0.26006326675415037,
    "best10_mean_psnr_delta": 0.2662386258443197,
    "mean_ssim_delta": 7.793505986531575e-06,
    "positive_ratio": 0.53,
    "strong_reference_cut_psnr": 42.834919929504395,
    "strong_reference_count": 150,
    "strong_regression_count_delta_le_-0.05": 43,
    "worst_regression_count_delta_le_-0.20": 34
  }
}