{
  "runs": {
    "A0": {
      "label": "A0",
      "arch": "official_convir",
      "mode": "original",
      "checkpoint": "/sda/home/wangyuxin/ConvIR-B/checkpoints/official/Haze4K/haze4k-base.pkl",
      "depth_mode": "none",
      "airlight_mode": "none",
      "count": 600,
      "mean_psnr": 39.75955163955688,
      "mean_ssim": 0.995632650355498,
      "avg_time_sec_sync": 0.04602075060208639,
      "median_time_sec_sync": 0.04232990741729736,
      "peak_cuda_mem_mib": 536.99169921875
    },
    "DTA_v35_v35_fdf_rcs_l4_fdf_lite_tail_s004_g025_bm2_seed3407_f1_quick5full_fallback_train_zero": {
      "label": "DTA_v35_v35_fdf_rcs_l4_fdf_lite_tail_s004_g025_bm2_seed3407_f1_quick5full_fallback_train_zero",
      "arch": "dta_v3",
      "mode": "modres",
      "checkpoint": "/sda/home/wangyuxin/ConvIR-B/repos/ConvIR-B-dta-v3-5-fdf-rcs-lite/Dehazing/ITS/results/ConvIR-Haze4K-DTA-v3-5-FDF-RCS-l4_fdf_lite_tail_s004_g025_bm2-seed3407_f1-quick5full/Training-Results/Final.pkl",
      "depth_mode": "zero",
      "airlight_mode": "fallback",
      "count": 600,
      "mean_psnr": 39.76068080266317,
      "mean_ssim": 0.9955765117208163,
      "avg_time_sec_sync": 0.06398202975591023,
      "median_time_sec_sync": 0.06015598773956299,
      "peak_cuda_mem_mib": 601.8427734375
    }
  },
  "comparison": {
    "common_count": 600,
    "mean_psnr_delta": 0.001129163106282552,
    "median_psnr_delta": 0.0042018890380859375,
    "p5_psnr_delta": -0.2886796951293945,
    "p95_psnr_delta": 0.3092119216918945,
    "hard_bottom25_psnr_delta": -0.0017375437418619792,
    "easy_top25_psnr_delta": 0.016070836385091145,
    "worst10pct_mean_psnr_delta": -0.3309067090352376,
    "best10pct_mean_psnr_delta": 0.32362543741861977,
    "worst10img_mean_psnr_delta": -0.5597618103027344,
    "best10img_mean_psnr_delta": 0.4752532958984375,
    "worst10_mean_psnr_delta": -0.3309067090352376,
    "best10_mean_psnr_delta": 0.32362543741861977,
    "mean_ssim_delta": -5.613863468170166e-05,
    "positive_ratio": 0.5183333333333333,
    "strong_reference_cut_psnr": 42.834919929504395,
    "strong_reference_count": 150,
    "strong_regression_count_delta_le_-0.05": 42,
    "worst_regression_count_delta_le_-0.20": 66
  }
}