{
  "runs": {
    "A0": {
      "label": "A0",
      "arch": "official_convir",
      "mode": "original",
      "checkpoint": "/home/caozhiyang/ConvIR-B/checkpoints/official/Haze4K/haze4k-base.pkl",
      "depth_mode": "none",
      "airlight_mode": "none",
      "count": 600,
      "mean_psnr": 39.75413154284159,
      "mean_ssim": 0.9956292870640755,
      "avg_time_sec_sync": 0.027483580509821574,
      "median_time_sec_sync": 0.027425289154052734,
      "peak_cuda_mem_mib": 535.44482421875
    },
    "DTA_v34_v34_fdf_tsr_e3_tsr_full_seed3407_f1_quick5full_fallback_train_zero": {
      "label": "DTA_v34_v34_fdf_tsr_e3_tsr_full_seed3407_f1_quick5full_fallback_train_zero",
      "arch": "dta_v3",
      "mode": "modres",
      "checkpoint": "/home/caozhiyang/ConvIR-B/repos/ConvIR-B-dta-v3-4-fdf-tsr-finetune/Dehazing/ITS/results/ConvIR-Haze4K-DTA-v3-4-FDF-TSR-e3_tsr_full-seed3407_f1-quick5full/Training-Results/Final.pkl",
      "depth_mode": "zero",
      "airlight_mode": "fallback",
      "count": 600,
      "mean_psnr": 39.63402268727621,
      "mean_ssim": 0.9955398730436961,
      "avg_time_sec_sync": 0.039883174498875934,
      "median_time_sec_sync": 0.040082693099975586,
      "peak_cuda_mem_mib": 543.7099609375
    }
  },
  "comparison": {
    "common_count": 600,
    "mean_psnr_delta": -0.120108855565389,
    "median_psnr_delta": -0.09831809997558594,
    "p5_psnr_delta": -0.7712141036987304,
    "p95_psnr_delta": 0.49280281066894527,
    "hard_bottom25_psnr_delta": -0.11720694224039714,
    "easy_top25_psnr_delta": -0.07905410766601563,
    "worst10pct_mean_psnr_delta": -0.8748889605204264,
    "best10pct_mean_psnr_delta": 0.5808017094930013,
    "worst10img_mean_psnr_delta": -1.3752418518066407,
    "best10img_mean_psnr_delta": 1.029751968383789,
    "worst10_mean_psnr_delta": -0.8748889605204264,
    "best10_mean_psnr_delta": 0.5808017094930013,
    "mean_ssim_delta": -8.941402037938436e-05,
    "positive_ratio": 0.3566666666666667,
    "strong_reference_cut_psnr": 42.84021854400635,
    "strong_reference_count": 150,
    "strong_regression_count_delta_le_-0.05": 85,
    "worst_regression_count_delta_le_-0.20": 232
  }
}