{
  "source_csv": "experience_docx/experiment_logs/haze4k_fam2_modres_stop20_20260531/scout_eval_per_image_seed3407_stop20.csv",
  "candidate_name": "fam2_modres",
  "overall": {
    "count": 1000,
    "mean_delta_psnr": 0.17386810874938965,
    "median_delta_psnr": 0.1408224105834961,
    "p5_delta_psnr": -3.127223777770996,
    "p95_delta_psnr": 3.5888463973999007,
    "positive_delta_count": 527,
    "positive_delta_ratio": 0.527,
    "regression_delta_le_-0.05": 464,
    "regression_delta_le_-0.10": 457,
    "regression_delta_le_-0.20": 444,
    "gain_delta_ge_0.05": 522,
    "gain_delta_ge_0.10": 511,
    "mean_delta_ssim": 0.00042383241653442383,
    "median_delta_ssim": -0.0003483891487121582,
    "worst_10_mean_delta_psnr": -5.432375907897949,
    "best_10_mean_delta_psnr": 5.297471427917481
  },
  "difficulty_buckets_by_original_psnr": {
    "hard_bottom_25pct": {
      "original_psnr_range": [
        9.70559024810791,
        22.120845794677734
      ],
      "count": 250,
      "mean_delta_psnr": 0.8159238891601562,
      "median_delta_psnr": 1.0358781814575195,
      "p5_delta_psnr": -2.6416162967681887,
      "p95_delta_psnr": 3.862873268127442,
      "positive_delta_count": 165,
      "positive_delta_ratio": 0.66,
      "regression_delta_le_-0.05": 82,
      "regression_delta_le_-0.10": 79,
      "regression_delta_le_-0.20": 77,
      "gain_delta_ge_0.05": 165,
      "gain_delta_ge_0.10": 162,
      "mean_delta_ssim": 0.005016385316848755,
      "median_delta_ssim": 0.0037530064582824707,
      "worst_10_mean_delta_psnr": -3.156620502471924,
      "best_10_mean_delta_psnr": 4.6160181045532225
    },
    "medium_middle_50pct": {
      "original_psnr_range": [
        22.18939781188965,
        27.25054931640625
      ],
      "count": 500,
      "mean_delta_psnr": 0.08275657272338867,
      "median_delta_psnr": 0.022162437438964844,
      "p5_delta_psnr": -3.3937780380249025,
      "p95_delta_psnr": 3.6384522438049323,
      "positive_delta_count": 253,
      "positive_delta_ratio": 0.506,
      "regression_delta_le_-0.05": 244,
      "regression_delta_le_-0.10": 241,
      "regression_delta_le_-0.20": 234,
      "gain_delta_ge_0.05": 248,
      "gain_delta_ge_0.10": 246,
      "mean_delta_ssim": -0.0010936869382858277,
      "median_delta_ssim": -0.0006130039691925049,
      "worst_10_mean_delta_psnr": -5.025550651550293,
      "best_10_mean_delta_psnr": 5.109761047363281
    },
    "easy_top_25pct": {
      "original_psnr_range": [
        27.28000831604004,
        37.73191452026367
      ],
      "count": 250,
      "mean_delta_psnr": -0.285964599609375,
      "median_delta_psnr": -0.40838050842285156,
      "p5_delta_psnr": -3.330971431732178,
      "p95_delta_psnr": 3.088722133636475,
      "positive_delta_count": 109,
      "positive_delta_ratio": 0.436,
      "regression_delta_le_-0.05": 138,
      "regression_delta_le_-0.10": 137,
      "regression_delta_le_-0.20": 133,
      "gain_delta_ge_0.05": 109,
      "gain_delta_ge_0.10": 103,
      "mean_delta_ssim": -0.0011336817741394044,
      "median_delta_ssim": -0.0015413463115692139,
      "worst_10_mean_delta_psnr": -4.474776649475098,
      "best_10_mean_delta_psnr": 4.055169105529785
    }
  },
  "filename_parameter_correlations_inferred": {
    "note": "Haze4K filenames look like id_param1_param2.png; this file records correlation only and does not assume the parameter meaning.",
    "param_1_vs_original_psnr": -0.11318063862281354,
    "param_1_vs_delta_psnr": -0.2191792698149601,
    "param_2_vs_original_psnr": -0.5562576191503015,
    "param_2_vs_delta_psnr": -0.02952060872821696
  },
  "worst_regressions": [
    {
      "name": "9_0.85_1.67.png",
      "original_psnr": 27.76314926147461,
      "candidate_psnr": 20.63166618347168,
      "delta_psnr": -7.13148307800293,
      "original_ssim": 0.9808574914932251,
      "candidate_ssim": 0.9713336825370789,
      "delta_ssim": -0.00952380895614624,
      "filename_param_1": 0.85,
      "filename_param_2": 1.67
    },
    {
      "name": "12_0.75_1.95.png",
      "original_psnr": 27.25054931640625,
      "candidate_psnr": 20.606590270996094,
      "delta_psnr": -6.643959045410156,
      "original_ssim": 0.9783936738967896,
      "candidate_ssim": 0.9663702845573425,
      "delta_ssim": -0.012023389339447021,
      "filename_param_1": 0.75,
      "filename_param_2": 1.95
    },
    {
      "name": "50_0.66_0.83.png",
      "original_psnr": 31.922649383544922,
      "candidate_psnr": 25.984058380126953,
      "delta_psnr": -5.938591003417969,
      "original_ssim": 0.9895629286766052,
      "candidate_ssim": 0.9848310351371765,
      "delta_ssim": -0.004731893539428711,
      "filename_param_1": 0.66,
      "filename_param_2": 0.83
    },
    {
      "name": "417_0.88_1.82.png",
      "original_psnr": 24.122291564941406,
      "candidate_psnr": 18.875219345092773,
      "delta_psnr": -5.247072219848633,
      "original_ssim": 0.9702734351158142,
      "candidate_ssim": 0.9662856459617615,
      "delta_ssim": -0.003987789154052734,
      "filename_param_1": 0.88,
      "filename_param_2": 1.82
    },
    {
      "name": "697_0.85_1.82.png",
      "original_psnr": 27.07892417907715,
      "candidate_psnr": 21.863014221191406,
      "delta_psnr": -5.215909957885742,
      "original_ssim": 0.9425157308578491,
      "candidate_ssim": 0.889687716960907,
      "delta_ssim": -0.05282801389694214,
      "filename_param_1": 0.85,
      "filename_param_2": 1.82
    },
    {
      "name": "707_0.88_1.27.png",
      "original_psnr": 25.641965866088867,
      "candidate_psnr": 20.509906768798828,
      "delta_psnr": -5.132059097290039,
      "original_ssim": 0.9389915466308594,
      "candidate_ssim": 0.8897076845169067,
      "delta_ssim": -0.04928386211395264,
      "filename_param_1": 0.88,
      "filename_param_2": 1.27
    },
    {
      "name": "149_0.8_1.92.png",
      "original_psnr": 25.451936721801758,
      "candidate_psnr": 20.388290405273438,
      "delta_psnr": -5.06364631652832,
      "original_ssim": 0.970280647277832,
      "candidate_ssim": 0.9557551145553589,
      "delta_ssim": -0.014525532722473145,
      "filename_param_1": 0.8,
      "filename_param_2": 1.92
    },
    {
      "name": "329_0.81_1.47.png",
      "original_psnr": 23.159954071044922,
      "candidate_psnr": 18.462215423583984,
      "delta_psnr": -4.6977386474609375,
      "original_ssim": 0.9516386389732361,
      "candidate_ssim": 0.950131893157959,
      "delta_ssim": -0.0015067458152770996,
      "filename_param_1": 0.81,
      "filename_param_2": 1.47
    },
    {
      "name": "151_0.86_1.95.png",
      "original_psnr": 24.82379913330078,
      "candidate_psnr": 20.1890869140625,
      "delta_psnr": -4.634712219238281,
      "original_ssim": 0.9690160751342773,
      "candidate_ssim": 0.9506861567497253,
      "delta_ssim": -0.018329918384552002,
      "filename_param_1": 0.86,
      "filename_param_2": 1.95
    },
    {
      "name": "705_0.82_1.3.png",
      "original_psnr": 26.48456382751465,
      "candidate_psnr": 21.865976333618164,
      "delta_psnr": -4.618587493896484,
      "original_ssim": 0.9475873708724976,
      "candidate_ssim": 0.9004724025726318,
      "delta_ssim": -0.04711496829986572,
      "filename_param_1": 0.82,
      "filename_param_2": 1.3
    },
    {
      "name": "332_0.82_1.48.png",
      "original_psnr": 22.94891357421875,
      "candidate_psnr": 18.424663543701172,
      "delta_psnr": -4.524250030517578,
      "original_ssim": 0.9505274295806885,
      "candidate_ssim": 0.9495401382446289,
      "delta_ssim": -0.0009872913360595703,
      "filename_param_1": 0.82,
      "filename_param_2": 1.48
    },
    {
      "name": "461_0.68_1.75.png",
      "original_psnr": 23.554018020629883,
      "candidate_psnr": 19.076446533203125,
      "delta_psnr": -4.477571487426758,
      "original_ssim": 0.9484607577323914,
      "candidate_ssim": 0.9399005770683289,
      "delta_ssim": -0.0085601806640625,