{
  "runs": {
    "A0": {
      "label": "A0",
      "arch": "official_convir",
      "mode": "original",
      "checkpoint": "/home/caozhiyang/ConvIR-B/checkpoints/official/Haze4K/haze4k-base.pkl",
      "depth_mode": "none",
      "airlight_mode": "none",
      "count": 600,
      "mean_psnr": 39.34407578468323,
      "mean_ssim": 0.995722817381223,
      "avg_time_sec_sync": 0.02267376184463501,
      "median_time_sec_sync": 0.02451646327972412,
      "peak_cuda_mem_mib": 535.44482421875
    },
    "DTA_v34_v34_fdf_tsr_e3_tsr_full_seed3407_f0_quick5full_fallback_train_normal": {
      "label": "DTA_v34_v34_fdf_tsr_e3_tsr_full_seed3407_f0_quick5full_fallback_train_normal",
      "arch": "dta_v3",
      "mode": "modres",
      "checkpoint": "/home/caozhiyang/ConvIR-B/repos/ConvIR-B-dta-v3-4-fdf-tsr-finetune/Dehazing/ITS/results/ConvIR-Haze4K-DTA-v3-4-FDF-TSR-e3_tsr_full-seed3407_f0-quick5full/Training-Results/Final.pkl",
      "depth_mode": "normal",
      "airlight_mode": "fallback",
      "count": 600,
      "mean_psnr": 39.15301593780518,
      "mean_ssim": 0.9956482396523157,
      "avg_time_sec_sync": 0.03272510965665181,
      "median_time_sec_sync": 0.03560745716094971,
      "peak_cuda_mem_mib": 543.1943359375
    }
  },
  "comparison": {
    "common_count": 600,
    "mean_psnr_delta": -0.19105984687805175,
    "median_psnr_delta": -0.16021156311035156,
    "p5_psnr_delta": -0.8642393112182617,
    "p95_psnr_delta": 0.38762950897216786,
    "hard_bottom25_psnr_delta": -0.2730045445760091,
    "easy_top25_psnr_delta": -0.14520660400390625,
    "worst10pct_mean_psnr_delta": -0.9365506490071615,
    "best10pct_mean_psnr_delta": 0.4363440831502279,
    "worst10img_mean_psnr_delta": -1.3812763214111328,
    "best10img_mean_psnr_delta": 0.767059326171875,
    "worst10_mean_psnr_delta": -0.9365506490071615,
    "best10_mean_psnr_delta": 0.4363440831502279,
    "mean_ssim_delta": -7.457772890726725e-05,
    "positive_ratio": 0.275,
    "strong_reference_cut_psnr": 42.766201972961426,
    "strong_reference_count": 150,
    "strong_regression_count_delta_le_-0.05": 93,
    "worst_regression_count_delta_le_-0.20": 271
  }
}