{
  "runs": {
    "a0": {
      "label": "a0",
      "arch": "convir",
      "mode": "original",
      "checkpoint": "/root/autodl-tmp/workspace/ConvIR-B/Dehazing/pretrained_models/haze4k-base.pkl",
      "count": 300,
      "mean_psnr": 39.46919342041016,
      "mean_ssim": 0.9956027658780416,
      "avg_time_sec_sync": 0.029383768240610758,
      "median_time_sec_sync": 0.030115604400634766,
      "peak_cuda_mem_mib": 535.27294921875
    },
    "v18_seed1701_model_20_val_regular": {
      "label": "v18_seed1701_model_20_val_regular",
      "arch": "dpga",
      "mode": "model_20",
      "checkpoint": "/root/autodl-tmp/workspace/ConvIR-B-v1-8-execution-queue/Dehazing/ITS/results/ConvIR-Haze4K-v1.8-BiDPFM1-fusion-neighbor-seed1701-20260606/Training-Results/model_20.pkl",
      "count": 300,
      "mean_psnr": 32.1777304649353,
      "mean_ssim": 0.9837092951933543,
      "avg_time_sec_sync": 0.037758902708689375,
      "median_time_sec_sync": 0.042115092277526855,
      "peak_cuda_mem_mib": 1147.56005859375
    }
  },
  "comparison": {
    "common_count": 300,
    "mean_psnr_delta": -7.291462955474853,
    "median_psnr_delta": -7.287471771240234,
    "p5_psnr_delta": -12.147865772247314,
    "p95_psnr_delta": -2.1190727233886713,
    "hard_bottom25_psnr_delta": -4.509917704264323,
    "easy_top25_psnr_delta": -9.572176055908203,
    "worst10pct_mean_psnr_delta": -12.410489908854167,
    "best10pct_mean_psnr_delta": -1.884993807474772,
    "worst10img_mean_psnr_delta": -13.64589557647705,
    "best10img_mean_psnr_delta": -0.8188850402832031,
    "worst10_mean_psnr_delta": -12.410489908854167,
    "best10_mean_psnr_delta": -1.884993807474772,
    "mean_ssim_delta": -0.011893470684687296,
    "positive_ratio": 0.0033333333333333335,
    "strong_reference_cut_psnr": 42.45430278778076,
    "strong_reference_count": 75,
    "strong_regression_count_delta_le_-0.05": 75,
    "worst_regression_count_delta_le_-0.20": 297
  }
}