{
  "runs": {
    "a0": {
      "label": "a0",
      "arch": "convir",
      "mode": "original",
      "checkpoint": "/root/autodl-tmp/workspace/ConvIR-B/Dehazing/pretrained_models/haze4k-base.pkl",
      "count": 300,
      "mean_psnr": 39.46919343312582,
      "mean_ssim": 0.9956027632951736,
      "avg_time_sec_sync": 0.030475347836812338,
      "median_time_sec_sync": 0.030130863189697266,
      "peak_cuda_mem_mib": 535.27294921875
    },
    "v18_seed1701_model_5_val_regular": {
      "label": "v18_seed1701_model_5_val_regular",
      "arch": "dpga",
      "mode": "model_5",
      "checkpoint": "/root/autodl-tmp/workspace/ConvIR-B-v1-8-execution-queue/Dehazing/ITS/results/ConvIR-Haze4K-v1.8-BiDPFM1-fusion-neighbor-seed1701-20260606/Training-Results/model_5.pkl",
      "count": 300,
      "mean_psnr": 38.28402540842692,
      "mean_ssim": 0.9945306646823883,
      "avg_time_sec_sync": 0.03749287446339925,
      "median_time_sec_sync": 0.042299628257751465,
      "peak_cuda_mem_mib": 1147.56005859375
    }
  },
  "comparison": {
    "common_count": 300,
    "mean_psnr_delta": -1.1851680246988932,
    "median_psnr_delta": -1.1274662017822266,
    "p5_psnr_delta": -3.5342147827148436,
    "p95_psnr_delta": 0.6618981361389161,
    "hard_bottom25_psnr_delta": -0.755296376546224,
    "easy_top25_psnr_delta": -1.755060272216797,
    "worst10pct_mean_psnr_delta": -3.75706303914388,
    "best10pct_mean_psnr_delta": 0.8889333724975585,
    "worst10img_mean_psnr_delta": -4.72888298034668,
    "best10img_mean_psnr_delta": 1.676580047607422,
    "worst10_mean_psnr_delta": -3.75706303914388,
    "best10_mean_psnr_delta": 0.8889333724975585,
    "mean_ssim_delta": -0.0010720986127853395,
    "positive_ratio": 0.15333333333333332,
    "strong_reference_cut_psnr": 42.45430278778076,
    "strong_reference_count": 75,
    "strong_regression_count_delta_le_-0.05": 70,
    "worst_regression_count_delta_le_-0.20": 243
  }
}