{
  "runs": {
    "a0": {
      "label": "a0",
      "arch": "convir",
      "mode": "original",
      "checkpoint": "/root/autodl-tmp/workspace/ConvIR-B/Dehazing/pretrained_models/haze4k-base.pkl",
      "count": 300,
      "mean_psnr": 34.24652521133423,
      "mean_ssim": 0.993646316130956,
      "avg_time_sec_sync": 0.02756847858428955,
      "median_time_sec_sync": 0.024358749389648438,
      "peak_cuda_mem_mib": 536.22607421875
    },
    "v18_seed1701_model_5_val_hard": {
      "label": "v18_seed1701_model_5_val_hard",
      "arch": "dpga",
      "mode": "model_5",
      "checkpoint": "/root/autodl-tmp/workspace/ConvIR-B-v1-8-execution-queue/Dehazing/ITS/results/ConvIR-Haze4K-v1.8-BiDPFM1-fusion-neighbor-seed1701-20260606/Training-Results/model_5.pkl",
      "count": 300,
      "mean_psnr": 33.636060829162595,
      "mean_ssim": 0.9924656758705775,
      "avg_time_sec_sync": 0.03468120495478312,
      "median_time_sec_sync": 0.03190410137176514,
      "peak_cuda_mem_mib": 1147.46435546875
    }
  },
  "comparison": {
    "common_count": 300,
    "mean_psnr_delta": -0.6104643821716309,
    "median_psnr_delta": -0.6858959197998047,
    "p5_psnr_delta": -2.0808175086975096,
    "p95_psnr_delta": 1.44218807220459,
    "hard_bottom25_psnr_delta": -0.6814598337809245,
    "easy_top25_psnr_delta": -0.575187021891276,
    "worst10pct_mean_psnr_delta": -2.3745096842447917,
    "best10pct_mean_psnr_delta": 1.4450531641642252,
    "worst10img_mean_psnr_delta": -3.0605005264282226,
    "best10img_mean_psnr_delta": 2.051359748840332,
    "worst10_mean_psnr_delta": -2.3745096842447917,
    "best10_mean_psnr_delta": 1.4450531641642252,
    "mean_ssim_delta": -0.0011806402603785197,
    "positive_ratio": 0.24,
    "strong_reference_cut_psnr": 36.437724113464355,
    "strong_reference_count": 75,
    "strong_regression_count_delta_le_-0.05": 51,
    "worst_regression_count_delta_le_-0.20": 204
  }
}