{
  "runs": {
    "A0": {
      "label": "A0",
      "arch": "official_convir",
      "mode": "original",
      "checkpoint": "/sda/home/wangyuxin/ConvIR-B/checkpoints/official/Haze4K/haze4k-base.pkl",
      "depth_mode": "none",
      "count": 600,
      "mean_psnr": 39.49932057380676,
      "mean_ssim": 0.9955887365341186,
      "avg_time_sec_sync": 0.04250254352887472,
      "median_time_sec_sync": 0.04276883602142334,
      "peak_cuda_mem_mib": 535.56884765625
    },
    "DTA_v2_oof20_adapter_only_shuffle_seed3411_f4_final": {
      "label": "DTA_v2_oof20_adapter_only_shuffle_seed3411_f4_final",
      "arch": "dta_v2",
      "mode": "original",
      "checkpoint": "/sda/home/wangyuxin/ConvIR-B/repos/ConvIR-B-dta-v2-calibrated/Dehazing/ITS/results/ConvIR-Haze4K-DTA-v2-adapter_only-shuffle-seed3411-f4-oof20/Training-Results/Final.pkl",
      "depth_mode": "shuffle",
      "count": 600,
      "mean_psnr": 39.56945956865946,
      "mean_ssim": 0.9955656027793884,
      "avg_time_sec_sync": 0.04270826538403829,
      "median_time_sec_sync": 0.03870856761932373,
      "peak_cuda_mem_mib": 540.76171875
    }
  },
  "comparison": {
    "common_count": 600,
    "mean_psnr_delta": 0.07013899485270182,
    "median_psnr_delta": 0.03433990478515625,
    "p5_psnr_delta": -0.3862285614013672,
    "p95_psnr_delta": 0.6262588500976554,
    "hard_bottom25_psnr_delta": 0.0031667582194010416,
    "easy_top25_psnr_delta": 0.09574887593587239,
    "worst10pct_mean_psnr_delta": -0.4461512565612793,
    "best10pct_mean_psnr_delta": 0.6627984364827474,
    "worst10img_mean_psnr_delta": -0.7377229690551758,
    "best10img_mean_psnr_delta": 0.9670513153076172,
    "worst10_mean_psnr_delta": -0.4461512565612793,
    "best10_mean_psnr_delta": 0.6627984364827474,
    "mean_ssim_delta": -2.313375473022461e-05,
    "positive_ratio": 0.5633333333333334,
    "strong_reference_cut_psnr": 42.82054328918457,
    "strong_reference_count": 150,
    "strong_regression_count_delta_le_-0.05": 54,
    "worst_regression_count_delta_le_-0.20": 80
  }
}