{
  "runs": {
    "A0": {
      "label": "A0",
      "arch": "official_convir",
      "mode": "original",
      "checkpoint": "/sda/home/wangyuxin/ConvIR-B/checkpoints/official/Haze4K/haze4k-base.pkl",
      "depth_mode": "none",
      "airlight_mode": "none",
      "count": 600,
      "mean_psnr": 39.35034857114156,
      "mean_ssim": 0.9957262628277143,
      "avg_time_sec_sync": 0.03890594720840454,
      "median_time_sec_sync": 0.036148905754089355,
      "peak_cuda_mem_mib": 537.50634765625
    },
    "DTA_v35_v35_fdf_rcs_l3_fdf_lite_s004_g015_bm2_seed3407_f0_quick5full_fallback_train_normal": {
      "label": "DTA_v35_v35_fdf_rcs_l3_fdf_lite_s004_g015_bm2_seed3407_f0_quick5full_fallback_train_normal",
      "arch": "dta_v3",
      "mode": "modres",
      "checkpoint": "/sda/home/wangyuxin/ConvIR-B/repos/ConvIR-B-dta-v3-5-fdf-rcs-lite/Dehazing/ITS/results/ConvIR-Haze4K-DTA-v3-5-FDF-RCS-l3_fdf_lite_s004_g015_bm2-seed3407_f0-quick5full/Training-Results/Final.pkl",
      "depth_mode": "normal",
      "airlight_mode": "fallback",
      "count": 600,
      "mean_psnr": 39.34953287124634,
      "mean_ssim": 0.9957234657804171,
      "avg_time_sec_sync": 0.05885758678118388,
      "median_time_sec_sync": 0.055344581604003906,
      "peak_cuda_mem_mib": 602.2802734375
    }
  },
  "comparison": {
    "common_count": 600,
    "mean_psnr_delta": -0.0008156998952229818,
    "median_psnr_delta": -0.0015621185302734375,
    "p5_psnr_delta": -0.3086589813232422,
    "p95_psnr_delta": 0.31072826385498,
    "hard_bottom25_psnr_delta": -0.01137335459391276,
    "easy_top25_psnr_delta": -0.0035541534423828127,
    "worst10pct_mean_psnr_delta": -0.3349472999572754,
    "best10pct_mean_psnr_delta": 0.34390621185302733,
    "worst10img_mean_psnr_delta": -0.5229057312011719,
    "best10img_mean_psnr_delta": 0.5441814422607422,
    "worst10_mean_psnr_delta": -0.3349472999572754,
    "best10_mean_psnr_delta": 0.34390621185302733,
    "mean_ssim_delta": -2.797047297159831e-06,
    "positive_ratio": 0.49166666666666664,
    "strong_reference_cut_psnr": 42.755948066711426,
    "strong_reference_count": 150,
    "strong_regression_count_delta_le_-0.05": 48,
    "worst_regression_count_delta_le_-0.20": 68
  }
}