{
  "b1": {
    "best_gain_top10": {
      "count": 10,
      "candidate_psnr_mean": 33.495886993408206,
      "candidate_psnr_median": 32.14198303222656,
      "candidate_psnr_max": 42.5275764465332,
      "delta_psnr_mean": 4.049022102355957,
      "delta_psnr_median": 3.9085216522216797,
      "delta_psnr_max": 5.075132369995117,
      "original_psnr_mean": 29.446864891052247,
      "original_psnr_median": 28.170536994934082,
      "original_psnr_max": 39.000064849853516,
      "rhfd1_delta_abs_max_mean": 0.004416478704661131,
      "rhfd1_delta_abs_max_median": 0.004276609048247337,
      "rhfd1_delta_abs_max_max": 0.005363709293305874,
      "rhfd1_delta_abs_mean_mean": 0.0007961309514939785,
      "rhfd1_delta_abs_mean_median": 0.0007843641215004027,
      "rhfd1_delta_abs_mean_max": 0.0008641371969133615,
      "rhfd1_delta_norm_mean": 1.277720844745636,
      "rhfd1_delta_norm_median": 1.1993213891983032,
      "rhfd1_delta_norm_max": 1.5762566328048706,
      "rhfd1_delta_norm_ratio_mean": 0.0038021985004389972,
      "rhfd1_delta_norm_ratio_median": 0.00385295261719798,
      "rhfd1_delta_norm_ratio_max": 0.004200354847959915,
      "rhfd1_delta_std_mean": 0.0010186829371377827,
      "rhfd1_delta_std_median": 0.0010071262368001044,
      "rhfd1_delta_std_max": 0.0010940675856545568,
      "rhfd1_feature_norm_mean": 341.7259246826172,
      "rhfd1_feature_norm_median": 311.8550262451172,
      "rhfd1_feature_norm_max": 504.3309326171875,
      "rhfd2_delta_abs_max_mean": 0.018736185878515242,
      "rhfd2_delta_abs_max_median": 0.018363981507718563,
      "rhfd2_delta_abs_max_max": 0.025116443634033203,
      "rhfd2_delta_abs_mean_mean": 0.0014760151971131563,
      "rhfd2_delta_abs_mean_median": 0.0014507667510770261,
      "rhfd2_delta_abs_mean_max": 0.0016350493533536792,
      "rhfd2_delta_norm_mean": 3.359651970863342,
      "rhfd2_delta_norm_median": 3.045756697654724,
      "rhfd2_delta_norm_max": 4.6725077629089355,
      "rhfd2_delta_norm_ratio_mean": 0.003378223063484429,
      "rhfd2_delta_norm_ratio_median": 0.0034127840538831673,
      "rhfd2_delta_norm_ratio_max": 0.004082224917520921,
      "rhfd2_delta_std_mean": 0.0018757239915430546,
      "rhfd2_delta_std_median": 0.0018200186896137893,
      "rhfd2_delta_std_max": 0.002206953475251794,
      "rhfd2_feature_norm_mean": 1042.9517395019532,
      "rhfd2_feature_norm_median": 887.0745849609375,
      "rhfd2_feature_norm_max": 1705.459716796875
    },
    "catastrophic_worst": {
      "count": 4,
      "candidate_psnr_mean": 13.781635761260986,
      "candidate_psnr_median": 13.03234052658081,
      "candidate_psnr_max": 20.358322143554688,
      "delta_psnr_mean": -22.881255626678467,
      "delta_psnr_median": -22.956182956695557,
      "delta_psnr_max": -18.844867706298828,
      "original_psnr_mean": 36.66289138793945,
      "original_psnr_median": 36.0904655456543,
      "original_psnr_max": 39.203189849853516,
      "rhfd1_delta_abs_max_mean": 0.0052400246495381,
      "rhfd1_delta_abs_max_median": 0.00522938440553844,
      "rhfd1_delta_abs_max_max": 0.005326827056705952,
      "rhfd1_delta_abs_mean_mean": 0.0007678783586015925,
      "rhfd1_delta_abs_mean_median": 0.0007666426827199757,
      "rhfd1_delta_abs_mean_max": 0.00077284179860726,
      "rhfd1_delta_norm_mean": 1.5440012216567993,
      "rhfd1_delta_norm_median": 1.5432472825050354,
      "rhfd1_delta_norm_max": 1.549651026725769,
      "rhfd1_delta_norm_ratio_mean": 0.0036129773804550805,
      "rhfd1_delta_norm_ratio_median": 0.003603045357741478,
      "rhfd1_delta_norm_ratio_max": 0.00381222574080847,
      "rhfd1_delta_std_mean": 0.000984457990853116,
      "rhfd1_delta_std_median": 0.0009841263527050614,
      "rhfd1_delta_std_max": 0.0009876666590571404,
      "rhfd1_feature_norm_mean": 427.9328079223633,
      "rhfd1_feature_norm_median": 428.78619384765625,
      "rhfd1_feature_norm_max": 448.4687805175781,
      "rhfd2_delta_abs_max_mean": 0.02155042765662074,
      "rhfd2_delta_abs_max_median": 0.02156104054301977,
      "rhfd2_delta_abs_max_max": 0.02284017764031887,
      "rhfd2_delta_abs_mean_mean": 0.001501055812695995,
      "rhfd2_delta_abs_mean_median": 0.0014970121555961668,
      "rhfd2_delta_abs_mean_max": 0.0015282162930816412,
      "rhfd2_delta_norm_mean": 4.221106290817261,
      "rhfd2_delta_norm_median": 4.198810338973999,
      "rhfd2_delta_norm_max": 4.355854034423828,
      "rhfd2_delta_norm_ratio_mean": 0.0030736629958617537,
      "rhfd2_delta_norm_ratio_median": 0.0030932646594442736,
      "rhfd2_delta_norm_ratio_max": 0.003238134100434623,
      "rhfd2_delta_std_mean": 0.0018875575333368033,
      "rhfd2_delta_std_median": 0.0018770709866657853,
      "rhfd2_delta_std_max": 0.001950712874531746,
      "rhfd2_feature_norm_mean": 1376.6096496582031,
      "rhfd2_feature_norm_median": 1373.677490234375,
      "rhfd2_feature_norm_max": 1474.0181884765625
    },
    "easy_preserved": {
      "count": 7,
      "candidate_psnr_mean": 40.971894945417134,
      "candidate_psnr_median": 41.373252868652344,
      "candidate_psnr_max": 42.94255065917969,
      "delta_psnr_mean": 0.003403254917689732,
      "delta_psnr_median": 0.00615692138671875,
      "delta_psnr_max": 0.035350799560546875,
      "original_psnr_mean": 40.96849169049944,
      "original_psnr_median": 41.4055290222168,
      "original_psnr_max": 42.90719985961914,
      "rhfd1_delta_abs_max_mean": 0.0049040235046829495,
      "rhfd1_delta_abs_max_median": 0.0048338850028812885,
      "rhfd1_delta_abs_max_max": 0.00541783357039094,
      "rhfd1_delta_abs_mean_mean": 0.0007756413958434548,
      "rhfd1_delta_abs_mean_median": 0.0007785013876855373,
      "rhfd1_delta_abs_mean_max": 0.0007851077825762331,
      "rhfd1_delta_norm_mean": 1.5597808531352453,
      "rhfd1_delta_norm_median": 1.565390706062317,
      "rhfd1_delta_norm_max": 1.5770061016082764,
      "rhfd1_delta_norm_ratio_mean": 0.003474866446355917,
      "rhfd1_delta_norm_ratio_median": 0.0034459662512042696,
      "rhfd1_delta_norm_ratio_max": 0.003958932224023231,
      "rhfd1_delta_std_mean": 0.0009947718187634433,
      "rhfd1_delta_std_median": 0.0009983605705201626,
      "rhfd1_delta_std_max": 0.0010059158084914088,
      "rhfd1_feature_norm_mean": 450.8787057059152,
      "rhfd1_feature_norm_median": 449.52667236328125,
      "rhfd1_feature_norm_max": 496.65484619140625,
      "rhfd2_delta_abs_max_mean": 0.023783976212143898,
      "rhfd2_delta_abs_max_median": 0.024162227287888527,
      "rhfd2_delta_abs_max_max": 0.025926122441887856,
      "rhfd2_delta_abs_mean_mean": 0.0015768541655104076,
      "rhfd2_delta_abs_mean_median": 0.0015217462787404656,
      "rhfd2_delta_abs_mean_max": 0.0018004111479967833,
      "rhfd2_delta_norm_mean": 4.61667401450021,
      "rhfd2_delta_norm_median": 4.419445514678955,
      "rhfd2_delta_norm_max": 5.348877906799316,
      "rhfd2_delta_norm_ratio_mean": 0.002917484265450161,
      "rhfd2_delta_norm_ratio_median": 0.002975890422526908,
      "rhfd2_delta_norm_ratio_max": 0.0030240941016979194,
      "rhfd2_delta_std_mean": 0.0020737281468297753,
      "rhfd2_delta_std_median": 0.001984605798497796,
      "rhfd2_delta_std_max": 0.002407738007605076,
      "rhfd2_feature_norm_mean": 1585.8079485212054,
      "rhfd2_feature_norm_median": 1607.5296630859375,
      "rhfd2_feature_norm_max": 1860.414794921875
    },
    "easy_regression": {
      "count": 10,
      "candidate_psnr_mean": 36.327979278564456,
      "candidate_psnr_median": 37.26150703430176,
      "candidate_psnr_max": 44.18571090698242,
      "delta_psnr_mean": -5.2879375457763675,
      "delta_psnr_median": -3.7936325073242188,
      "delta_psnr_max": -2.664836883544922,
      "original_psnr_mean": 41.61591682434082,
      "original_psnr_median": 40.402286529541016,
      "original_psnr_max": 48.002933502197266,
      "rhfd1_delta_abs_max_mean": 0.005043258843943477,
      "rhfd1_delta_abs_max_median": 0.00507228123024106,