{
  "runs": {
    "a0": {
      "label": "a0",
      "arch": "convir",
      "mode": "original",
      "checkpoint": "/root/autodl-tmp/workspace/ConvIR-B/Dehazing/pretrained_models/haze4k-base.pkl",
      "count": 300,
      "mean_psnr": 34.24652523676554,
      "mean_ssim": 0.9936463151375453,
      "avg_time_sec_sync": 0.026845552126566568,
      "median_time_sec_sync": 0.02277696132659912,
      "peak_cuda_mem_mib": 536.22607421875
    },
    "v18_seed3407_final_val_hard": {
      "label": "v18_seed3407_final_val_hard",
      "arch": "dpga",
      "mode": "Final",
      "checkpoint": "/root/autodl-tmp/workspace/ConvIR-B-v1-8-execution-queue/Dehazing/ITS/results/ConvIR-Haze4K-v1.8-BiDPFM1-fusion-neighbor-seed3407-20260606/Training-Results/Final.pkl",
      "count": 300,
      "mean_psnr": 29.643076934814452,
      "mean_ssim": 0.9820142789681753,
      "avg_time_sec_sync": 0.032083678245544436,
      "median_time_sec_sync": 0.029921293258666992,
      "peak_cuda_mem_mib": 1147.46435546875
    }
  },
  "comparison": {
    "common_count": 300,
    "mean_psnr_delta": -4.60344830195109,
    "median_psnr_delta": -4.740331649780273,
    "p5_psnr_delta": -8.212168979644776,
    "p95_psnr_delta": -0.5852707862853997,
    "hard_bottom25_psnr_delta": -3.843598149617513,
    "easy_top25_psnr_delta": -5.6211204274495445,
    "worst10pct_mean_psnr_delta": -8.609852027893066,
    "best10pct_mean_psnr_delta": -0.44667040506998695,
    "worst10img_mean_psnr_delta": -9.98643226623535,
    "best10img_mean_psnr_delta": 0.9044960021972657,
    "worst10_mean_psnr_delta": -8.609852027893066,
    "best10_mean_psnr_delta": -0.44667040506998695,
    "mean_ssim_delta": -0.011632036169370015,
    "positive_ratio": 0.02666666666666667,
    "strong_reference_cut_psnr": 36.437724113464355,
    "strong_reference_count": 75,
    "strong_regression_count_delta_le_-0.05": 73,
    "worst_regression_count_delta_le_-0.20": 289
  }
}