{
  "runs": {
    "a0": {
      "label": "a0",
      "arch": "convir",
      "mode": "original",
      "checkpoint": "/root/autodl-tmp/workspace/ConvIR-B/Dehazing/pretrained_models/haze4k-base.pkl",
      "count": 300,
      "mean_psnr": 39.4691934076945,
      "mean_ssim": 0.9956027644872666,
      "avg_time_sec_sync": 0.030070171356201172,
      "median_time_sec_sync": 0.03013443946838379,
      "peak_cuda_mem_mib": 535.27294921875
    },
    "v18_seed3407_final_val_regular": {
      "label": "v18_seed3407_final_val_regular",
      "arch": "dpga",
      "mode": "Final",
      "checkpoint": "/root/autodl-tmp/workspace/ConvIR-B-v1-8-execution-queue/Dehazing/ITS/results/ConvIR-Haze4K-v1.8-BiDPFM1-fusion-neighbor-seed3407-20260606/Training-Results/Final.pkl",
      "count": 300,
      "mean_psnr": 32.177380911509196,
      "mean_ssim": 0.9837802582979203,
      "avg_time_sec_sync": 0.0380908195177714,
      "median_time_sec_sync": 0.04194772243499756,
      "peak_cuda_mem_mib": 1147.56005859375
    }
  },
  "comparison": {
    "common_count": 300,
    "mean_psnr_delta": -7.291812496185303,
    "median_psnr_delta": -7.2292633056640625,
    "p5_psnr_delta": -11.977168941497803,
    "p95_psnr_delta": -1.8241520881652815,
    "hard_bottom25_psnr_delta": -4.354923248291016,
    "easy_top25_psnr_delta": -9.65466313680013,
    "worst10pct_mean_psnr_delta": -12.50132261912028,
    "best10pct_mean_psnr_delta": -1.712002436319987,
    "worst10img_mean_psnr_delta": -13.79436149597168,
    "best10img_mean_psnr_delta": -0.7162616729736329,
    "worst10_mean_psnr_delta": -12.50132261912028,
    "best10_mean_psnr_delta": -1.712002436319987,
    "mean_ssim_delta": -0.011822506189346313,
    "positive_ratio": 0.0033333333333333335,
    "strong_reference_cut_psnr": 42.45430278778076,
    "strong_reference_count": 75,
    "strong_regression_count_delta_le_-0.05": 75,
    "worst_regression_count_delta_le_-0.20": 298
  }
}