{
  "runs": {
    "A0": {
      "label": "A0",
      "arch": "official_convir",
      "mode": "original",
      "checkpoint": "/home/caozhiyang/ConvIR-B/checkpoints/official/Haze4K/haze4k-base.pkl",
      "depth_mode": "none",
      "airlight_mode": "none",
      "count": 600,
      "mean_psnr": 39.34407578468323,
      "mean_ssim": 0.995722817381223,
      "avg_time_sec_sync": 0.02206974744796753,
      "median_time_sec_sync": 0.024082422256469727,
      "peak_cuda_mem_mib": 535.44482421875
    },
    "DTA_v34_v34_fdf_tsr_e4_plus_film_seed3407_f0_quick5full_fallback_train_normal": {
      "label": "DTA_v34_v34_fdf_tsr_e4_plus_film_seed3407_f0_quick5full_fallback_train_normal",
      "arch": "dta_v3",
      "mode": "modres",
      "checkpoint": "/home/caozhiyang/ConvIR-B/repos/ConvIR-B-dta-v3-4-fdf-tsr-finetune/Dehazing/ITS/results/ConvIR-Haze4K-DTA-v3-4-FDF-TSR-e4_plus_film-seed3407_f0-quick5full/Training-Results/Final.pkl",
      "depth_mode": "normal",
      "airlight_mode": "fallback",
      "count": 600,
      "mean_psnr": 39.19974687894185,
      "mean_ssim": 0.9956669825315475,
      "avg_time_sec_sync": 0.030760377248128256,
      "median_time_sec_sync": 0.034992218017578125,
      "peak_cuda_mem_mib": 543.1943359375
    }
  },
  "comparison": {
    "common_count": 600,
    "mean_psnr_delta": -0.1443289057413737,
    "median_psnr_delta": -0.1270160675048828,
    "p5_psnr_delta": -0.7562498092651367,
    "p95_psnr_delta": 0.404069709777832,
    "hard_bottom25_psnr_delta": -0.21876502990722657,
    "easy_top25_psnr_delta": -0.10515792846679688,
    "worst10pct_mean_psnr_delta": -0.8304209391276042,
    "best10pct_mean_psnr_delta": 0.4340487162272135,
    "worst10img_mean_psnr_delta": -1.234969711303711,
    "best10img_mean_psnr_delta": 0.7390670776367188,
    "worst10_mean_psnr_delta": -0.8304209391276042,
    "best10_mean_psnr_delta": 0.4340487162272135,
    "mean_ssim_delta": -5.583484967549642e-05,
    "positive_ratio": 0.3016666666666667,
    "strong_reference_cut_psnr": 42.766201972961426,
    "strong_reference_count": 150,
    "strong_regression_count_delta_le_-0.05": 86,
    "worst_regression_count_delta_le_-0.20": 221
  }
}