{
  "candidate_mode": "fam2_modres_gamma_conf_gated",
  "candidate_name": "fam2_modres_gamma_conf_gated",
  "checkpoint": "/root/autodl-tmp/workspace/ConvIR-B/Dehazing/ITS/results/ConvIR-Haze4K-fam2_modres_gamma_conf_gated-stop20-seed3407-20260601/Training-Results/Final.pkl",
  "compare_csv": "/root/autodl-tmp/workspace/ConvIR-B/Dehazing/ITS/results/ConvIR-Haze4K-fam2-conf-gamma-stop20-20260601/logs/scout_eval_per_image_seed3407_stop20_last.csv",
  "fam": "FAM2",
  "overall": {
    "count": 1000,
    "mean_delta_psnr": -0.10355331993103027,
    "median_delta_psnr": -0.05567646026611328,
    "p5_delta_psnr": -4.8028709411621096,
    "p95_delta_psnr": 4.311487388610838,
    "regression_delta_le_-0.05": 501,
    "regression_delta_le_-0.20": 475,
    "gamma_mean": -4.172647210474225e-08,
    "gamma_abs_mean": 7.90730972987902e-07,
    "gamma_std": 1.0359637124489202e-06,
    "gamma_min": -0.00010797288996400312,
    "gamma_max": 0.00010794598347274587,
    "gamma_abs_gt_0.05": 0.0,
    "gamma_abs_gt_0.10": 0.0,
    "gamma_abs_gt_0.09": 0.0,
    "gate_mean": 4.851275922224807e-05,
    "gate_std": 0.0,
    "gate_min": 2.3458168740830843e-09,
    "gate_max": 0.0011100199772045016,
    "gamma_base_abs_mean": 0.017170402153395117,
    "effective_gamma_abs_mean": 7.90730972987902e-07,
    "beta_present": 0.0,
    "beta_mean": 0.0,
    "beta_abs_mean": 0.0,
    "beta_std": 0.0,
    "beta_min": 0.0,
    "beta_max": 0.0,
    "beta_abs_gt_0.02": 0.0,
    "beta_abs_gt_0.05": 0.0,
    "beta_abs_gt_0.1": 0.0
  },
  "difficulty_buckets_by_original_psnr": {
    "hard_bottom_25pct": {
      "count": 250,
      "mean_delta_psnr": 1.536552375793457,
      "median_delta_psnr": 1.4160957336425781,
      "p5_delta_psnr": -1.7767193794250489,
      "p95_delta_psnr": 4.832294511795045,
      "regression_delta_le_-0.05": 63,
      "regression_delta_le_-0.20": 58,
      "gamma_mean": -7.807614191007728e-08,
      "gamma_abs_mean": 1.4334248360936552e-06,
      "gamma_std": 1.8899058862720253e-06,
      "gamma_min": -6.843904702691361e-05,
      "gamma_max": 7.597699732286856e-05,
      "gamma_abs_gt_0.05": 0.0,
      "gamma_abs_gt_0.10": 0.0,
      "gamma_abs_gt_0.09": 0.0,
      "gate_mean": 8.9102936239982e-05,
      "gate_std": 0.0,
      "gate_min": 4.349123372549002e-08,
      "gate_max": 0.0007788014481775463,
      "gamma_base_abs_mean": 0.016416352536529302,
      "effective_gamma_abs_mean": 1.4334248360936552e-06,
      "beta_present": 0.0,
      "beta_mean": 0.0,
      "beta_abs_mean": 0.0,
      "beta_std": 0.0,
      "beta_min": 0.0,
      "beta_max": 0.0,
      "beta_abs_gt_0.02": 0.0,
      "beta_abs_gt_0.05": 0.0,
      "beta_abs_gt_0.1": 0.0
    },
    "medium_middle_50pct": {
      "count": 500,
      "mean_delta_psnr": -0.026710205078125,
      "median_delta_psnr": 0.028693199157714844,
      "p5_delta_psnr": -4.260713863372803,
      "p95_delta_psnr": 4.170045375823975,
      "regression_delta_le_-0.05": 243,
      "regression_delta_le_-0.20": 227,
      "gamma_mean": -3.603025628382342e-08,
      "gamma_abs_mean": 6.973433565072226e-07,
      "gamma_std": 9.132871084900768e-07,
      "gamma_min": -0.00010797288996400312,
      "gamma_max": 0.00010794598347274587,
      "gamma_abs_gt_0.05": 0.0,
      "gamma_abs_gt_0.10": 0.0,
      "gamma_abs_gt_0.09": 0.0,
      "gate_mean": 4.3104000468575434e-05,
      "gate_std": 0.0,
      "gate_min": 3.134801529469655e-09,
      "gate_max": 0.0011100199772045016,
      "gamma_base_abs_mean": 0.01713133187778294,
      "effective_gamma_abs_mean": 6.973433565072226e-07,
      "beta_present": 0.0,
      "beta_mean": 0.0,
      "beta_abs_mean": 0.0,
      "beta_std": 0.0,
      "beta_min": 0.0,
      "beta_max": 0.0,
      "beta_abs_gt_0.02": 0.0,
      "beta_abs_gt_0.05": 0.0,
      "beta_abs_gt_0.1": 0.0
    },
    "easy_top_25pct": {
      "count": 250,
      "mean_delta_psnr": -1.8973452453613282,
      "median_delta_psnr": -1.459604263305664,
      "p5_delta_psnr": -6.61358871459961,
      "p95_delta_psnr": 1.7688411712646506,
      "regression_delta_le_-0.05": 195,
      "regression_delta_le_-0.20": 190,
      "gamma_mean": -1.6769233941244876e-08,
      "gamma_abs_mean": 3.348123428435074e-07,
      "gamma_std": 4.273747465435018e-07,
      "gamma_min": -3.798993566306308e-05,
      "gamma_max": 3.839822966256179e-05,
      "gamma_abs_gt_0.05": 0.0,
      "gamma_abs_gt_0.10": 0.0,
      "gamma_abs_gt_0.09": 0.0,
      "gate_mean": 1.8740099711859416e-05,
      "gate_std": 0.0,
      "gate_min": 2.3458168740830843e-09,
      "gate_max": 0.0003980834735557437,
      "gamma_base_abs_mean": 0.01800259232148528,
      "effective_gamma_abs_mean": 3.348123428435074e-07,
      "beta_present": 0.0,
      "beta_mean": 0.0,
      "beta_abs_mean": 0.0,
      "beta_std": 0.0,
      "beta_min": 0.0,
      "beta_max": 0.0,
      "beta_abs_gt_0.02": 0.0,
      "beta_abs_gt_0.05": 0.0,
      "beta_abs_gt_0.1": 0.0
    }
  },
  "interpretation_note": "Ideal bounded behavior: hard bucket has larger gamma/beta magnitude than easy bucket, while easy bucket modulation remains close to zero."
}