{
  "candidate_mode": "fam2_modres_gamma_conf_gated",
  "candidate_name": "fam2_modres_gamma_conf_gated",
  "checkpoint": "/root/autodl-tmp/workspace/ConvIR-B/Dehazing/ITS/results/ConvIR-Haze4K-fam2_modres_gamma_conf_gated-stop20-seed3407-20260601/Training-Results/Best.pkl",
  "compare_csv": "/root/autodl-tmp/workspace/ConvIR-B/Dehazing/ITS/results/ConvIR-Haze4K-fam2-conf-gamma-stop20-20260601/logs/scout_eval_per_image_seed3407_stop20_best.csv",
  "fam": "FAM2",
  "overall": {
    "count": 1000,
    "mean_delta_psnr": 0.45234449005126953,
    "median_delta_psnr": 0.46138954162597656,
    "p5_delta_psnr": -2.116890525817871,
    "p95_delta_psnr": 3.0922389984130856,
    "regression_delta_le_-0.05": 386,
    "regression_delta_le_-0.20": 350,
    "gamma_mean": -9.196381852498631e-08,
    "gamma_abs_mean": 1.591057478816743e-06,
    "gamma_std": 2.0678714126323022e-06,
    "gamma_min": -0.00015018199337646365,
    "gamma_max": 0.00015092099783942103,
    "gamma_abs_gt_0.05": 0.0,
    "gamma_abs_gt_0.10": 0.0,
    "gamma_abs_gt_0.09": 0.0,
    "gate_mean": 8.737674869482249e-05,
    "gate_std": 0.0,
    "gate_min": 9.109148990660287e-09,
    "gate_max": 0.0015375810908153653,
    "gamma_base_abs_mean": 0.01898441837541759,
    "effective_gamma_abs_mean": 1.591057478816743e-06,
    "beta_present": 0.0,
    "beta_mean": 0.0,
    "beta_abs_mean": 0.0,
    "beta_std": 0.0,
    "beta_min": 0.0,
    "beta_max": 0.0,
    "beta_abs_gt_0.02": 0.0,
    "beta_abs_gt_0.05": 0.0,
    "beta_abs_gt_0.1": 0.0
  },
  "difficulty_buckets_by_original_psnr": {
    "hard_bottom_25pct": {
      "count": 250,
      "mean_delta_psnr": 0.9379619064331055,
      "median_delta_psnr": 0.8725461959838867,
      "p5_delta_psnr": -1.487179231643677,
      "p95_delta_psnr": 3.506615161895753,
      "regression_delta_le_-0.05": 75,
      "regression_delta_le_-0.20": 64,
      "gamma_mean": -1.6966633613502148e-07,
      "gamma_abs_mean": 2.8172210274250988e-06,
      "gamma_std": 3.6862660539860317e-06,
      "gamma_min": -0.00012685570982284844,
      "gamma_max": 0.00012978031008969992,
      "gamma_abs_gt_0.05": 0.0,
      "gamma_abs_gt_0.10": 0.0,
      "gamma_abs_gt_0.09": 0.0,
      "gate_mean": 0.00015709190117138406,
      "gate_std": 0.0,
      "gate_min": 1.5973648714862065e-07,
      "gate_max": 0.0013183602131903172,
      "gamma_base_abs_mean": 0.01820646734535694,
      "effective_gamma_abs_mean": 2.8172210274250988e-06,
      "beta_present": 0.0,
      "beta_mean": 0.0,
      "beta_abs_mean": 0.0,
      "beta_std": 0.0,
      "beta_min": 0.0,
      "beta_max": 0.0,
      "beta_abs_gt_0.02": 0.0,
      "beta_abs_gt_0.05": 0.0,
      "beta_abs_gt_0.1": 0.0
    },
    "medium_middle_50pct": {
      "count": 500,
      "mean_delta_psnr": 0.4707047462463379,
      "median_delta_psnr": 0.5183639526367188,
      "p5_delta_psnr": -2.1172662734985352,
      "p95_delta_psnr": 2.9583307266235357,
      "regression_delta_le_-0.05": 190,
      "regression_delta_le_-0.20": 173,
      "gamma_mean": -8.015458450781956e-08,
      "gamma_abs_mean": 1.4282466873541955e-06,
      "gamma_std": 1.8547813520107536e-06,
      "gamma_min": -0.00015018199337646365,
      "gamma_max": 0.00015092099783942103,
      "gamma_abs_gt_0.05": 0.0,
      "gamma_abs_gt_0.10": 0.0,
      "gamma_abs_gt_0.09": 0.0,
      "gate_mean": 7.886756206124446e-05,
      "gate_std": 0.0,
      "gate_min": 9.109148990660287e-09,
      "gate_max": 0.0015375810908153653,
      "gamma_base_abs_mean": 0.018913762109354137,
      "effective_gamma_abs_mean": 1.4282466873541955e-06,
      "beta_present": 0.0,
      "beta_mean": 0.0,
      "beta_abs_mean": 0.0,
      "beta_std": 0.0,
      "beta_min": 0.0,
      "beta_max": 0.0,
      "beta_abs_gt_0.02": 0.0,
      "beta_abs_gt_0.05": 0.0,
      "beta_abs_gt_0.1": 0.0
    },
    "easy_top_25pct": {
      "count": 250,
      "mean_delta_psnr": -0.06999343872070313,
      "median_delta_psnr": -0.004566192626953125,
      "p5_delta_psnr": -2.731599807739258,
      "p95_delta_psnr": 2.708111953735352,
      "regression_delta_le_-0.05": 121,
      "regression_delta_le_-0.20": 113,
      "gamma_mean": -3.7879768949284665e-08,
      "gamma_abs_mean": 6.905155131334828e-07,
      "gamma_std": 8.756568925216701e-07,
      "gamma_min": -6.229505379451439e-05,
      "gamma_max": 6.310183380264789e-05,
      "gamma_abs_gt_0.05": 0.0,
      "gamma_abs_gt_0.10": 0.0,
      "gamma_abs_gt_0.09": 0.0,
      "gate_mean": 3.467996948541696e-05,
      "gate_std": 0.0,
      "gate_min": 1.4120585589694201e-08,
      "gate_max": 0.0006500206072814763,
      "gamma_base_abs_mean": 0.019903681937605142,
      "effective_gamma_abs_mean": 6.905155131334828e-07,
      "beta_present": 0.0,
      "beta_mean": 0.0,
      "beta_abs_mean": 0.0,
      "beta_std": 0.0,
      "beta_min": 0.0,
      "beta_max": 0.0,
      "beta_abs_gt_0.02": 0.0,
      "beta_abs_gt_0.05": 0.0,
      "beta_abs_gt_0.1": 0.0
    }
  },
  "interpretation_note": "Ideal bounded behavior: hard bucket has larger gamma/beta magnitude than easy bucket, while easy bucket modulation remains close to zero."
}