{
  "source_compare_csv": "/root/autodl-tmp/workspace/ConvIR-B/Dehazing/ITS/results/ConvIR-Haze4K-fam2-bounded-gamma-stop20-20260601/logs/scout_eval_per_image_seed3407_stop20_best.csv",
  "baseline_checkpoint": "/root/autodl-tmp/workspace/ConvIR-B/Dehazing/ITS/results/ConvIR-Haze4K-original-stop20-seed3407-20260531/Training-Results/Best.pkl",
  "count": 1000,
  "bucket_counts": {
    "hard_bottom_25pct": 250,
    "medium_middle_50pct": 500,
    "easy_top_25pct": 250
  },
  "proxy_summaries": [
    {
      "proxy": "baseline_residual_abs_p95",
      "hard_mean": 0.3054669533073902,
      "easy_mean": 0.1951284604370594,
      "hard_minus_easy": 0.11033849287033082,
      "hard_over_easy_auc": 0.797136,
      "best_direction_auc": 0.797136,
      "direction": "higher_on_hard",
      "p25": 0.17004948109388351,
      "p50": 0.249486044049263,
      "p75": 0.33927392214536667,
      "pearson_vs_original_psnr": -0.3904514515911123,
      "pearson_vs_delta_psnr": -0.07641506087321899
    },
    {
      "proxy": "baseline_residual_abs_mean",
      "hard_mean": 0.13689605005085467,
      "easy_mean": 0.0822841075360775,
      "hard_minus_easy": 0.054611942514777176,
      "hard_over_easy_auc": 0.782096,
      "best_direction_auc": 0.782096,
      "direction": "higher_on_hard",
      "p25": 0.06522865034639835,
      "p50": 0.10266249254345894,
      "p75": 0.15305963158607483,
      "pearson_vs_original_psnr": -0.3495009100847127,
      "pearson_vs_delta_psnr": -0.0992531455510844
    },
    {
      "proxy": "input_dark_channel_mean",
      "hard_mean": 0.5812177844047547,
      "easy_mean": 0.4624133051037788,
      "hard_minus_easy": 0.11880447930097587,
      "hard_over_easy_auc": 0.766656,
      "best_direction_auc": 0.766656,
      "direction": "higher_on_hard",
      "p25": 0.45177455246448517,
      "p50": 0.519120991230011,
      "p75": 0.6054126471281052,
      "pearson_vs_original_psnr": -0.4068697018063926,
      "pearson_vs_delta_psnr": 0.2512646694279665
    },
    {
      "proxy": "input_saturation_mean",
      "hard_mean": 0.11147336297482252,
      "easy_mean": 0.20180780716985464,
      "hard_minus_easy": -0.09033444419503212,
      "hard_over_easy_auc": 0.239008,
      "best_direction_auc": 0.760992,
      "direction": "lower_on_hard",
      "p25": 0.07813055254518986,
      "p50": 0.1298511028289795,
      "p75": 0.19861117377877235,
      "pearson_vs_original_psnr": 0.40540984072057457,
      "pearson_vs_delta_psnr": -0.2688214112186489
    },
    {
      "proxy": "input_brightness_mean",
      "hard_mean": 0.6109811037778854,
      "easy_mean": 0.5055714103579522,
      "hard_minus_easy": 0.10540969341993323,
      "hard_over_easy_auc": 0.756912,
      "best_direction_auc": 0.756912,
      "direction": "higher_on_hard",
      "p25": 0.492751769721508,
      "p50": 0.5578177273273468,
      "p75": 0.635184571146965,
      "pearson_vs_original_psnr": -0.3929606854912931,
      "pearson_vs_delta_psnr": 0.2338872128544698
    },
    {
      "proxy": "input_local_contrast_mean",
      "hard_mean": 0.03598717803508043,
      "easy_mean": 0.04649252243340016,
      "hard_minus_easy": -0.010505344398319724,
      "hard_over_easy_auc": 0.245088,
      "best_direction_auc": 0.754912,
      "direction": "lower_on_hard",
      "p25": 0.03332171402871609,
      "p50": 0.04095945134758949,
      "p75": 0.047961960546672344,
      "pearson_vs_original_psnr": 0.33756955336029176,
      "pearson_vs_delta_psnr": -0.12060812641299587
    },
    {
      "proxy": "input_saturation_std",
      "hard_mean": 0.09840233208984137,
      "easy_mean": 0.14651729023456572,
      "hard_minus_easy": -0.04811495814472436,
      "hard_over_easy_auc": 0.266544,
      "best_direction_auc": 0.733456,
      "direction": "lower_on_hard",
      "p25": 0.07072669826447964,
      "p50": 0.11513258144259453,
      "p75": 0.15342852473258972,
      "pearson_vs_original_psnr": 0.3548790696161113,
      "pearson_vs_delta_psnr": -0.2629804510363702
    },
    {
      "proxy": "input_gray_std",
      "hard_mean": 0.18999198871850967,
      "easy_mean": 0.22241073071956635,
      "hard_minus_easy": -0.03241874200105668,
      "hard_over_easy_auc": 0.28024,
      "best_direction_auc": 0.71976,
      "direction": "lower_on_hard",
      "p25": 0.1741768680512905,
      "p50": 0.2031920626759529,
      "p75": 0.23265886306762695,
      "pearson_vs_original_psnr": 0.2955452681885642,
      "pearson_vs_delta_psnr": -0.07768174600615957
    },
    {
      "proxy": "baseline_multiscale_consistency_mean",
      "hard_mean": 0.028683735251426697,
      "easy_mean": 0.025435910955071448,
      "hard_minus_easy": 0.0032478242963552492,
      "hard_over_easy_auc": 0.668608,
      "best_direction_auc": 0.668608,
      "direction": "higher_on_hard",
      "p25": 0.023638869170099497,
      "p50": 0.026226946152746677,
      "p75": 0.029276697896420956,
      "pearson_vs_original_psnr": -0.2507590432260802,
      "pearson_vs_delta_psnr": 0.04965285110985319
    },
    {
      "proxy": "input_dark_channel_p95",
      "hard_mean": 0.8526902048587799,
      "easy_mean": 0.8631843217611312,
      "hard_minus_easy": -0.010494116902351358,
      "hard_over_easy_auc": 0.456256,
      "best_direction_auc": 0.543744,
      "direction": "lower_on_hard",
      "p25": 0.7960784435272217,
      "p50": 0.8823529481887817,
      "p75": 0.9411764740943909,
      "pearson_vs_original_psnr": 0.03673766080480218,
      "pearson_vs_delta_psnr": -0.0033811599175287794
    }
  ],
  "best_proxy": {
    "proxy": "baseline_residual_abs_p95",
    "hard_mean": 0.3054669533073902,
    "easy_mean": 0.1951284604370594,
    "hard_minus_easy": 0.11033849287033082,
    "hard_over_easy_auc": 0.797136,
    "best_direction_auc": 0.797136,
    "direction": "higher_on_hard",
    "p25": 0.17004948109388351,
    "p50": 0.249486044049263,
    "p75": 0.33927392214536667,
    "pearson_vs_original_psnr": -0.3904514515911123,
    "pearson_vs_delta_psnr": -0.07641506087321899
  },
  "note": "A useful deployable gate proxy should separate hard bottom-25% from easy top-25% without using GT at inference."
}