{
  "source_csv": "/root/autodl-tmp/workspace/ConvIR-B/Dehazing/ITS/results/ConvIR-Haze4K-fam2-conf-gamma-stop20-20260601/logs/scout_eval_per_image_seed3407_stop20_last.csv",
  "candidate_name": "fam2_modres_gamma_conf_gated",
  "overall": {
    "count": 1000,
    "mean_delta_psnr": -0.10355331993103027,
    "median_delta_psnr": -0.05567646026611328,
    "p5_delta_psnr": -4.8028709411621096,
    "p95_delta_psnr": 4.311487388610838,
    "positive_delta_count": 491,
    "positive_delta_ratio": 0.491,
    "regression_delta_le_-0.05": 501,
    "regression_delta_le_-0.10": 495,
    "regression_delta_le_-0.20": 475,
    "gain_delta_ge_0.05": 484,
    "gain_delta_ge_0.10": 478,
    "mean_delta_ssim": -0.005975057661533356,
    "median_delta_ssim": -0.0036904215812683105,
    "worst_10_mean_delta_psnr": -8.14749813079834,
    "best_10_mean_delta_psnr": 6.697229385375977
  },
  "difficulty_buckets_by_original_psnr": {
    "hard_bottom_25pct": {
      "original_psnr_range": [
        9.70559024810791,
        22.120845794677734
      ],
      "count": 250,
      "mean_delta_psnr": 1.536552375793457,
      "median_delta_psnr": 1.4160957336425781,
      "p5_delta_psnr": -1.7767193794250489,
      "p95_delta_psnr": 4.832294511795045,
      "positive_delta_count": 185,
      "positive_delta_ratio": 0.74,
      "regression_delta_le_-0.05": 63,
      "regression_delta_le_-0.10": 61,
      "regression_delta_le_-0.20": 58,
      "gain_delta_ge_0.05": 183,
      "gain_delta_ge_0.10": 182,
      "mean_delta_ssim": 0.004683369398117065,
      "median_delta_ssim": 0.005114853382110596,
      "worst_10_mean_delta_psnr": -2.864184761047363,
      "best_10_mean_delta_psnr": 6.30098705291748
    },
    "medium_middle_50pct": {
      "original_psnr_range": [
        22.18939781188965,
        27.25054931640625
      ],
      "count": 500,
      "mean_delta_psnr": -0.026710205078125,
      "median_delta_psnr": 0.028693199157714844,
      "p5_delta_psnr": -4.260713863372803,
      "p95_delta_psnr": 4.170045375823975,
      "positive_delta_count": 253,
      "positive_delta_ratio": 0.506,
      "regression_delta_le_-0.05": 243,
      "regression_delta_le_-0.10": 239,
      "regression_delta_le_-0.20": 227,
      "gain_delta_ge_0.05": 248,
      "gain_delta_ge_0.10": 245,
      "mean_delta_ssim": -0.006832553029060363,
      "median_delta_ssim": -0.003995269536972046,
      "worst_10_mean_delta_psnr": -6.029936981201172,
      "best_10_mean_delta_psnr": 6.043959045410157
    },
    "easy_top_25pct": {
      "original_psnr_range": [
        27.28000831604004,
        37.73191452026367
      ],
      "count": 250,
      "mean_delta_psnr": -1.8973452453613282,
      "median_delta_psnr": -1.459604263305664,
      "p5_delta_psnr": -6.61358871459961,
      "p95_delta_psnr": 1.7688411712646506,
      "positive_delta_count": 53,
      "positive_delta_ratio": 0.212,
      "regression_delta_le_-0.05": 195,
      "regression_delta_le_-0.10": 195,
      "regression_delta_le_-0.20": 190,
      "gain_delta_ge_0.05": 53,
      "gain_delta_ge_0.10": 51,
      "mean_delta_ssim": -0.01491849398612976,
      "median_delta_ssim": -0.007978081703186035,
      "worst_10_mean_delta_psnr": -8.059069442749024,
      "best_10_mean_delta_psnr": 2.982355308532715
    }
  },
  "filename_parameter_correlations_inferred": {
    "note": "Haze4K filenames look like id_param1_param2.png; this file records correlation only and does not assume the parameter meaning.",
    "param_1_vs_original_psnr": -0.11318063862281354,
    "param_1_vs_delta_psnr": 0.12340889463382887,
    "param_2_vs_original_psnr": -0.5562576191503015,
    "param_2_vs_delta_psnr": 0.12474986104449969
  },
  "worst_regressions": [
    {
      "name": "955_0.87_0.65.png",
      "original_psnr": 30.40746307373047,
      "candidate_psnr": 21.253984451293945,
      "delta_psnr": -9.153478622436523,
      "original_ssim": 0.9507143497467041,
      "candidate_ssim": 0.9237356185913086,
      "delta_ssim": -0.026978731155395508,
      "filename_param_1": 0.87,
      "filename_param_2": 0.65
    },
    {
      "name": "954_0.75_1.19.png",
      "original_psnr": 28.497865676879883,
      "candidate_psnr": 19.384082794189453,
      "delta_psnr": -9.11378288269043,
      "original_ssim": 0.947029709815979,
      "candidate_ssim": 0.910699725151062,
      "delta_ssim": -0.03632998466491699,
      "filename_param_1": 0.75,
      "filename_param_2": 1.19
    },
    {
      "name": "311_0.75_0.62.png",
      "original_psnr": 34.450767517089844,
      "candidate_psnr": 25.713123321533203,
      "delta_psnr": -8.73764419555664,
      "original_ssim": 0.9948256015777588,
      "candidate_ssim": 0.9762584567070007,
      "delta_ssim": -0.018567144870758057,
      "filename_param_1": 0.75,
      "filename_param_2": 0.62
    },
    {
      "name": "457_0.61_0.57.png",
      "original_psnr": 34.89995193481445,
      "candidate_psnr": 26.38283920288086,
      "delta_psnr": -8.517112731933594,
      "original_ssim": 0.9967042207717896,
      "candidate_ssim": 0.9872400164604187,
      "delta_ssim": -0.00946420431137085,
      "filename_param_1": 0.61,
      "filename_param_2": 0.57
    },
    {
      "name": "58_0.51_1.21.png",
      "original_psnr": 24.472732543945312,
      "candidate_psnr": 16.520341873168945,
      "delta_psnr": -7.952390670776367,
      "original_ssim": 0.9600123763084412,
      "candidate_ssim": 0.8647610545158386,
      "delta_ssim": -0.09525132179260254,
      "filename_param_1": 0.51,
      "filename_param_2": 1.21
    },
    {
      "name": "458_0.58_0.65.png",
      "original_psnr": 33.551658630371094,
      "candidate_psnr": 25.65424919128418,
      "delta_psnr": -7.897409439086914,
      "original_ssim": 0.9962964057922363,
      "candidate_ssim": 0.9865981340408325,
      "delta_ssim": -0.009698271751403809,
      "filename_param_1": 0.58,
      "filename_param_2": 0.65
    },
    {
      "name": "50_0.66_0.83.png",
      "original_psnr": 31.922649383544922,
      "candidate_psnr": 24.06686782836914,
      "delta_psnr": -7.855781555175781,
      "original_ssim": 0.9895629286766052,
      "candidate_ssim": 0.978629469871521,
      "delta_ssim": -0.010933458805084229,
      "filename_param_1": 0.66,
      "filename_param_2": 0.83
    },
    {
      "name": "693_0.8_1.0.png",
      "original_psnr": 30.385589599609375,
      "candidate_psnr": 22.696380615234375,
      "delta_psnr": -7.689208984375,
      "original_ssim": 0.956775426864624,
      "candidate_ssim": 0.892612636089325,
      "delta_ssim": -0.06416279077529907,
      "filename_param_1": 0.8,
      "filename_param_2": 1.0
    },
    {
      "name": "190_0.67_1.29.png",
      "original_psnr": 28.10481071472168,
      "candidate_psnr": 20.79096221923828,
      "delta_psnr": -7.313848495483398,
      "original_ssim": 0.9697588682174683,
      "candidate_ssim": 0.9142575263977051,
      "delta_ssim": -0.055501341819763184,
      "filename_param_1": 0.67,
      "filename_param_2": 1.29
    },
    {
      "name": "310_0.8_1.12.png",
      "original_psnr": 31.34848403930664,
      "candidate_psnr": 24.10416030883789,
      "delta_psnr": -7.24432373046875,
      "original_ssim": 0.9906973242759705,
      "candidate_ssim": 0.9670853614807129,
      "delta_ssim": -0.02361196279525757,
      "filename_param_1": 0.8,
      "filename_param_2": 1.12
    },
    {
      "name": "35_0.77_1.43.png",
      "original_psnr": 27.563613891601562,
      "candidate_psnr": 20.49551010131836,
      "delta_psnr": -7.068103790283203,
      "original_ssim": 0.984410285949707,
      "candidate_ssim": 0.9503037333488464,
      "delta_ssim": -0.034106552600860596,
      "filename_param_1": 0.77,
      "filename_param_2": 1.43
    },
    {
      "name": "878_0.77_1.29.png",
      "original_psnr": 26.529441833496094,
      "candidate_psnr": 19.53531265258789,
      "delta_psnr": -6.994129180908203,
      "original_ssim": 0.9768864512443542,
      "candidate_ssim": 0.9439311027526855,