{
  "source_csv": "/root/autodl-tmp/workspace/ConvIR-B/Dehazing/ITS/results/ConvIR-Haze4K-fam2-conf-gamma-stop20-20260601/logs/scout_eval_per_image_seed3407_stop20_best.csv",
  "candidate_name": "fam2_modres_gamma_conf_gated",
  "overall": {
    "count": 1000,
    "mean_delta_psnr": 0.45234449005126953,
    "median_delta_psnr": 0.46138954162597656,
    "p5_delta_psnr": -2.116890525817871,
    "p95_delta_psnr": 3.0922389984130856,
    "positive_delta_count": 601,
    "positive_delta_ratio": 0.601,
    "regression_delta_le_-0.05": 386,
    "regression_delta_le_-0.10": 375,
    "regression_delta_le_-0.20": 350,
    "gain_delta_ge_0.05": 587,
    "gain_delta_ge_0.10": 582,
    "mean_delta_ssim": 0.004302533745765686,
    "median_delta_ssim": 0.002737373113632202,
    "worst_10_mean_delta_psnr": -4.787002754211426,
    "best_10_mean_delta_psnr": 5.30174446105957
  },
  "difficulty_buckets_by_original_psnr": {
    "hard_bottom_25pct": {
      "original_psnr_range": [
        9.70559024810791,
        22.120845794677734
      ],
      "count": 250,
      "mean_delta_psnr": 0.9379619064331055,
      "median_delta_psnr": 0.8725461959838867,
      "p5_delta_psnr": -1.487179231643677,
      "p95_delta_psnr": 3.506615161895753,
      "positive_delta_count": 172,
      "positive_delta_ratio": 0.688,
      "regression_delta_le_-0.05": 75,
      "regression_delta_le_-0.10": 71,
      "regression_delta_le_-0.20": 64,
      "gain_delta_ge_0.05": 169,
      "gain_delta_ge_0.10": 169,
      "mean_delta_ssim": 0.008333496570587158,
      "median_delta_ssim": 0.004899740219116211,
      "worst_10_mean_delta_psnr": -1.8495369911193849,
      "best_10_mean_delta_psnr": 4.094897842407226
    },
    "medium_middle_50pct": {
      "original_psnr_range": [
        22.18939781188965,
        27.25054931640625
      ],
      "count": 500,
      "mean_delta_psnr": 0.4707047462463379,
      "median_delta_psnr": 0.5183639526367188,
      "p5_delta_psnr": -2.1172662734985352,
      "p95_delta_psnr": 2.9583307266235357,
      "positive_delta_count": 304,
      "positive_delta_ratio": 0.608,
      "regression_delta_le_-0.05": 190,
      "regression_delta_le_-0.10": 184,
      "regression_delta_le_-0.20": 173,
      "gain_delta_ge_0.05": 299,
      "gain_delta_ge_0.10": 295,
      "mean_delta_ssim": 0.003422394275665283,
      "median_delta_ssim": 0.002774447202682495,
      "worst_10_mean_delta_psnr": -3.5808048248291016,
      "best_10_mean_delta_psnr": 5.034038543701172
    },
    "easy_top_25pct": {
      "original_psnr_range": [
        27.28000831604004,
        37.73191452026367
      ],
      "count": 250,
      "mean_delta_psnr": -0.06999343872070313,
      "median_delta_psnr": -0.004566192626953125,
      "p5_delta_psnr": -2.731599807739258,
      "p95_delta_psnr": 2.708111953735352,
      "positive_delta_count": 125,
      "positive_delta_ratio": 0.5,
      "regression_delta_le_-0.05": 121,
      "regression_delta_le_-0.10": 120,
      "regression_delta_le_-0.20": 113,
      "gain_delta_ge_0.05": 119,
      "gain_delta_ge_0.10": 118,
      "mean_delta_ssim": 0.0020318498611450195,
      "median_delta_ssim": 0.00128173828125,
      "worst_10_mean_delta_psnr": -4.3763032913208,
      "best_10_mean_delta_psnr": 3.765939140319824
    }
  },
  "filename_parameter_correlations_inferred": {
    "note": "Haze4K filenames look like id_param1_param2.png; this file records correlation only and does not assume the parameter meaning.",
    "param_1_vs_original_psnr": -0.11318063862281354,
    "param_1_vs_delta_psnr": 0.07941745091369257,
    "param_2_vs_original_psnr": -0.5562576191503015,
    "param_2_vs_delta_psnr": 0.023260461096792362
  },
  "worst_regressions": [
    {
      "name": "50_0.66_0.83.png",
      "original_psnr": 31.922649383544922,
      "candidate_psnr": 24.197467803955078,
      "delta_psnr": -7.725181579589844,
      "original_ssim": 0.9895629286766052,
      "candidate_ssim": 0.9805263876914978,
      "delta_ssim": -0.009036540985107422,
      "filename_param_1": 0.66,
      "filename_param_2": 0.83
    },
    {
      "name": "401_0.7_0.6.png",
      "original_psnr": 32.86531066894531,
      "candidate_psnr": 27.40935516357422,
      "delta_psnr": -5.455955505371094,
      "original_ssim": 0.957060694694519,
      "candidate_ssim": 0.9665393233299255,
      "delta_ssim": 0.009478628635406494,
      "filename_param_1": 0.7,
      "filename_param_2": 0.6
    },
    {
      "name": "311_0.75_0.62.png",
      "original_psnr": 34.450767517089844,
      "candidate_psnr": 29.164993286132812,
      "delta_psnr": -5.285774230957031,
      "original_ssim": 0.9948256015777588,
      "candidate_ssim": 0.9871387481689453,
      "delta_ssim": -0.0076868534088134766,
      "filename_param_1": 0.75,
      "filename_param_2": 0.62
    },
    {
      "name": "213_0.7_1.14.png",
      "original_psnr": 27.491817474365234,
      "candidate_psnr": 22.302776336669922,
      "delta_psnr": -5.1890411376953125,
      "original_ssim": 0.985188901424408,
      "candidate_ssim": 0.9774738550186157,
      "delta_ssim": -0.007715046405792236,
      "filename_param_1": 0.7,
      "filename_param_2": 1.14
    },
    {
      "name": "52_0.57_1.57.png",
      "original_psnr": 23.72495460510254,
      "candidate_psnr": 19.061084747314453,
      "delta_psnr": -4.663869857788086,
      "original_ssim": 0.9739727973937988,
      "candidate_ssim": 0.9615367650985718,
      "delta_ssim": -0.01243603229522705,
      "filename_param_1": 0.57,
      "filename_param_2": 1.57
    },
    {
      "name": "214_0.62_0.87.png",
      "original_psnr": 24.643497467041016,
      "candidate_psnr": 20.170677185058594,
      "delta_psnr": -4.472820281982422,
      "original_ssim": 0.9863945841789246,
      "candidate_ssim": 0.9716467261314392,
      "delta_ssim": -0.014747858047485352,
      "filename_param_1": 0.62,
      "filename_param_2": 0.87
    },
    {
      "name": "470_0.53_1.34.png",
      "original_psnr": 28.04647445678711,
      "candidate_psnr": 23.71454620361328,
      "delta_psnr": -4.331928253173828,
      "original_ssim": 0.9684215784072876,
      "candidate_ssim": 0.9720983505249023,
      "delta_ssim": 0.003676772117614746,
      "filename_param_1": 0.53,
      "filename_param_2": 1.34
    },
    {
      "name": "51_0.6_1.79.png",
      "original_psnr": 23.921537399291992,
      "candidate_psnr": 20.13779067993164,
      "delta_psnr": -3.7837467193603516,
      "original_ssim": 0.965030312538147,
      "candidate_ssim": 0.9646135568618774,
      "delta_ssim": -0.00041675567626953125,
      "filename_param_1": 0.6,
      "filename_param_2": 1.79
    },
    {
      "name": "697_0.85_1.82.png",
      "original_psnr": 27.07892417907715,
      "candidate_psnr": 23.580894470214844,
      "delta_psnr": -3.4980297088623047,
      "original_ssim": 0.9425157308578491,
      "candidate_ssim": 0.9033583402633667,
      "delta_ssim": -0.03915739059448242,
      "filename_param_1": 0.85,
      "filename_param_2": 1.82
    },
    {
      "name": "99_0.75_1.69.png",
      "original_psnr": 26.050132751464844,
      "candidate_psnr": 22.58645248413086,
      "delta_psnr": -3.4636802673339844,
      "original_ssim": 0.9707786440849304,
      "candidate_ssim": 0.9597227573394775,
      "delta_ssim": -0.01105588674545288,
      "filename_param_1": 0.75,
      "filename_param_2": 1.69
    },
    {
      "name": "850_0.52_0.65.png",
      "original_psnr": 31.810884475708008,
      "candidate_psnr": 28.39176368713379,
      "delta_psnr": -3.4191207885742188,
      "original_ssim": 0.9917564392089844,
      "candidate_ssim": 0.9855408668518066,
      "delta_ssim": -0.006215572357177734,
      "filename_param_1": 0.52,
      "filename_param_2": 0.65
    },
    {
      "name": "815_0.97_1.1.png",
      "original_psnr": 25.767070770263672,
      "candidate_psnr": 22.405010223388672,
      "delta_psnr": -3.362060546875,
      "original_ssim": 0.9718210697174072,
      "candidate_ssim": 0.9588850736618042,