{
  "runs": {
    "best": {
      "mode": "fam2_modres_gamma_conf_gated",
      "checkpoint": "/root/autodl-tmp/workspace/ConvIR-B/Dehazing/ITS/results/ConvIR-Haze4K-fam2_modres_gamma_conf_gated-stop20-seed3407-20260601/Training-Results/Best.pkl",
      "count": 1000,
      "mean_psnr": 25.094776136398316,
      "mean_ssim": 0.9521051281094551,
      "avg_time_sec_sync": 0.05465096163749695,
      "median_time_sec_sync": 0.06523871421813965,
      "peak_cuda_mem_mib": 579.6767578125,
      "label": "best"
    },
    "last": {
      "mode": "fam2_modres_gamma_conf_gated",
      "checkpoint": "/root/autodl-tmp/workspace/ConvIR-B/Dehazing/ITS/results/ConvIR-Haze4K-fam2_modres_gamma_conf_gated-stop20-seed3407-20260601/Training-Results/Final.pkl",
      "count": 1000,
      "mean_psnr": 24.538878326416015,
      "mean_ssim": 0.941827536702156,
      "avg_time_sec_sync": 0.05380710768699646,
      "median_time_sec_sync": 0.06788170337677002,
      "peak_cuda_mem_mib": 578.4111328125,
      "label": "last"
    }
  },
  "comparison": {
    "common_count": 1000,
    "mean_psnr_delta": -0.5558978099822998,
    "median_psnr_delta": -0.5348644256591797,
    "p5_psnr_delta": -5.109272289276123,
    "p95_psnr_delta": 3.552701091766357,
    "worst10_mean_psnr_delta": -5.30956953048706,
    "best10_mean_psnr_delta": 4.049317798614502,
    "mean_ssim_delta": -0.010277591407299043,
    "strong_reference_cut_psnr": 27.70038366317749,
    "strong_reference_count": 250,
    "strong_regression_count_delta_le_-0.05": 203,
    "worst_regression_count_delta_le_-0.20": 549
  }
}