{
  "runs": {
    "A0": {
      "label": "A0",
      "arch": "official_convir",
      "mode": "original",
      "checkpoint": "/home/caozhiyang/ConvIR-B/checkpoints/official/Haze4K/haze4k-base.pkl",
      "depth_mode": "none",
      "airlight_mode": "none",
      "count": 600,
      "mean_psnr": 39.34407578468323,
      "mean_ssim": 0.995722817381223,
      "avg_time_sec_sync": 0.03957001487414042,
      "median_time_sec_sync": 0.03330063819885254,
      "peak_cuda_mem_mib": 535.44482421875
    },
    "DTA_v34_v34_fdf_tsr_e2_tiny_residual_seed3411_f0_quick5full_fallback_train_normal": {
      "label": "DTA_v34_v34_fdf_tsr_e2_tiny_residual_seed3411_f0_quick5full_fallback_train_normal",
      "arch": "dta_v3",
      "mode": "modres",
      "checkpoint": "/home/caozhiyang/ConvIR-B/repos/ConvIR-B-dta-v3-4-fdf-tsr-finetune/Dehazing/ITS/results/ConvIR-Haze4K-DTA-v3-4-FDF-TSR-e2_tiny_residual-seed3411_f0-quick5full/Training-Results/Final.pkl",
      "depth_mode": "normal",
      "airlight_mode": "fallback",
      "count": 600,
      "mean_psnr": 39.23533471743266,
      "mean_ssim": 0.9956535346309344,
      "avg_time_sec_sync": 0.05017749428749085,
      "median_time_sec_sync": 0.048012614250183105,
      "peak_cuda_mem_mib": 543.267578125
    }
  },
  "comparison": {
    "common_count": 600,
    "mean_psnr_delta": -0.10874106725056966,
    "median_psnr_delta": -0.10929298400878906,
    "p5_psnr_delta": -0.8057397842407227,
    "p95_psnr_delta": 0.556170272827148,
    "hard_bottom25_psnr_delta": -0.18727073669433594,
    "easy_top25_psnr_delta": -0.0596777598063151,
    "worst10pct_mean_psnr_delta": -0.8441074371337891,
    "best10pct_mean_psnr_delta": 0.606977907816569,
    "worst10img_mean_psnr_delta": -1.217095947265625,
    "best10img_mean_psnr_delta": 0.959164810180664,
    "worst10_mean_psnr_delta": -0.8441074371337891,
    "best10_mean_psnr_delta": 0.606977907816569,
    "mean_ssim_delta": -6.928275028864543e-05,
    "positive_ratio": 0.36833333333333335,
    "strong_reference_cut_psnr": 42.766201972961426,
    "strong_reference_count": 150,
    "strong_regression_count_delta_le_-0.05": 65,
    "worst_regression_count_delta_le_-0.20": 234
  }
}