{
  "runs": {
    "A0": {
      "label": "A0",
      "arch": "convir",
      "mode": "original",
      "checkpoint": "/root/autodl-tmp/workspace/ConvIR-B/Dehazing/pretrained_models/haze4k-base.pkl",
      "count": 300,
      "mean_psnr": 39.38530818939209,
      "mean_ssim": 0.9956096589565278,
      "avg_time_sec_sync": 0.05305248181025187,
      "median_time_sec_sync": 0.04448056221008301,
      "peak_cuda_mem_mib": 535.56884765625
    },
    "dpga_v1_2_final": {
      "label": "dpga_v1_2_final",
      "arch": "dpga",
      "mode": "original",
      "checkpoint": "/root/autodl-tmp/workspace/ConvIR-B-dpga-tail-control/Dehazing/ITS/results/ConvIR-Haze4K-DPGA-v1.2-hard-gain-shallow-scale0p5-anchor0p04-seed3407-20260604/Training-Results/Final.pkl",
      "count": 300,
      "mean_psnr": 39.4244014676412,
      "mean_ssim": 0.9956083784500758,
      "avg_time_sec_sync": 0.05250402530034383,
      "median_time_sec_sync": 0.045410752296447754,
      "peak_cuda_mem_mib": 546.4482421875
    }
  },
  "comparison": {
    "common_count": 300,
    "mean_psnr_delta": 0.039093278249104815,
    "median_psnr_delta": 0.026903152465820312,
    "p5_psnr_delta": -0.1938556671142578,
    "p95_psnr_delta": 0.29743518829345705,
    "hard_bottom25_psnr_delta": 0.02317303975423177,
    "easy_top25_psnr_delta": 0.06460474650065104,
    "worst10pct_mean_psnr_delta": -0.2150854746500651,
    "best10pct_mean_psnr_delta": 0.3097190856933594,
    "worst10img_mean_psnr_delta": -0.2881340026855469,
    "best10img_mean_psnr_delta": 0.37088737487792967,
    "worst10_mean_psnr_delta": -0.2150854746500651,
    "best10_mean_psnr_delta": 0.3097190856933594,
    "mean_ssim_delta": -1.280506451924642e-06,
    "positive_ratio": 0.6133333333333333,
    "strong_reference_cut_psnr": 42.75029373168945,
    "strong_reference_count": 75,
    "strong_regression_count_delta_le_-0.05": 14,
    "worst_regression_count_delta_le_-0.20": 14
  }
}