{
  "runs": {
    "a0": {
      "label": "a0",
      "arch": "convir",
      "mode": "original",
      "checkpoint": "/root/autodl-tmp/workspace/ConvIR-B/Dehazing/pretrained_models/haze4k-base.pkl",
      "count": 1000,
      "mean_psnr": 34.140645500183105,
      "mean_ssim": 0.9897101619243622,
      "avg_time_sec_sync": 0.04916505479812622,
      "median_time_sec_sync": 0.05603635311126709,
      "peak_cuda_mem_mib": 538.44482421875
    },
    "apdr": {
      "label": "apdr",
      "arch": "apdr",
      "mode": "original",
      "checkpoint": "/root/autodl-tmp/workspace/ConvIR-B-apdr-convir-v0-1/Dehazing/ITS/results/ConvIR-Haze4K-APDR-v0.1-anchor-risk-stop20-seed3407-20260602/Training-Results/Best.pkl",
      "count": 1000,
      "mean_psnr": 34.1407603263855,
      "mean_ssim": 0.9897135161757469,
      "avg_time_sec_sync": 0.052627970933914185,
      "median_time_sec_sync": 0.06280982494354248,
      "peak_cuda_mem_mib": 575.578125
    }
  },
  "comparison": {
    "common_count": 1000,
    "mean_psnr_delta": 0.00011482620239257812,
    "median_psnr_delta": 0.00035858154296875,
    "p5_psnr_delta": -0.025004196166992187,
    "p95_psnr_delta": 0.024757575988769532,
    "worst10pct_mean_psnr_delta": -0.027082290649414063,
    "best10pct_mean_psnr_delta": 0.02582033157348633,
    "worst10img_mean_psnr_delta": -0.04493560791015625,
    "best10img_mean_psnr_delta": 0.03820991516113281,
    "worst10_mean_psnr_delta": -0.027082290649414063,
    "best10_mean_psnr_delta": 0.02582033157348633,
    "mean_ssim_delta": 3.3542513847351073e-06,
    "strong_reference_cut_psnr": 39.08926200866699,
    "strong_reference_count": 250,
    "strong_regression_count_delta_le_-0.05": 1,
    "worst_regression_count_delta_le_-0.20": 0
  }
}