{
  "source_csv": "/root/autodl-tmp/workspace/ConvIR-B-apdr-convir-v0-1/experience_docx/experiment_logs/haze4k_apdr_v0_1_20260602/scout_eval_per_image_apdr_v0_1_stop20_seed3407_vs_a0.csv",
  "candidate_name": "apdr",
  "overall": {
    "count": 1000,
    "mean_delta_psnr": 0.00011482620239257812,
    "median_delta_psnr": 0.00035858154296875,
    "p5_delta_psnr": -0.025004196166992187,
    "p95_delta_psnr": 0.024757575988769532,
    "positive_delta_count": 506,
    "positive_delta_ratio": 0.506,
    "regression_delta_le_-0.05": 1,
    "regression_delta_le_-0.10": 0,
    "regression_delta_le_-0.20": 0,
    "gain_delta_ge_0.05": 0,
    "gain_delta_ge_0.10": 0,
    "mean_delta_ssim": 3.3542513847351073e-06,
    "median_delta_ssim": 8.344650268554688e-07,
    "worst_10_mean_delta_psnr": -0.04493560791015625,
    "best_10_mean_delta_psnr": 0.03820991516113281
  },
  "difficulty_buckets_by_original_psnr": {
    "hard_bottom_25pct": {
      "original_psnr_range": [
        14.919734954833984,
        29.733125686645508
      ],
      "count": 250,
      "mean_delta_psnr": 0.000667999267578125,
      "median_delta_psnr": 0.0001926422119140625,
      "p5_delta_psnr": -0.015121173858642579,
      "p95_delta_psnr": 0.016327285766601567,
      "positive_delta_count": 125,
      "positive_delta_ratio": 0.5,
      "regression_delta_le_-0.05": 0,
      "regression_delta_le_-0.10": 0,
      "regression_delta_le_-0.20": 0,
      "gain_delta_ge_0.05": 0,
      "gain_delta_ge_0.10": 0,
      "mean_delta_ssim": 7.65824317932129e-06,
      "median_delta_ssim": 5.0067901611328125e-06,
      "worst_10_mean_delta_psnr": -0.018256568908691408,
      "best_10_mean_delta_psnr": 0.018678855895996094
    },
    "medium_middle_50pct": {
      "original_psnr_range": [
        29.737844467163086,
        39.08415985107422
      ],
      "count": 500,
      "mean_delta_psnr": 0.00042868804931640625,
      "median_delta_psnr": 0.00051116943359375,
      "p5_delta_psnr": -0.02288188934326172,
      "p95_delta_psnr": 0.02450084686279297,
      "positive_delta_count": 256,
      "positive_delta_ratio": 0.512,
      "regression_delta_le_-0.05": 0,
      "regression_delta_le_-0.10": 0,
      "regression_delta_le_-0.20": 0,
      "gain_delta_ge_0.05": 0,
      "gain_delta_ge_0.10": 0,
      "mean_delta_ssim": 2.7519464492797853e-06,
      "median_delta_ssim": 1.817941665649414e-06,
      "worst_10_mean_delta_psnr": -0.03157501220703125,
      "best_10_mean_delta_psnr": 0.031001472473144533
    },
    "easy_top_25pct": {
      "original_psnr_range": [
        39.10456848144531,
        50.026092529296875
      ],
      "count": 250,
      "mean_delta_psnr": -0.001066070556640625,
      "median_delta_psnr": 1.52587890625e-05,
      "p5_delta_psnr": -0.033944129943847656,
      "p95_delta_psnr": 0.029619407653808594,
      "positive_delta_count": 125,
      "positive_delta_ratio": 0.5,
      "regression_delta_le_-0.05": 1,
      "regression_delta_le_-0.10": 0,
      "regression_delta_le_-0.20": 0,
      "gain_delta_ge_0.05": 0,
      "gain_delta_ge_0.10": 0,
      "mean_delta_ssim": 2.548694610595703e-07,
      "median_delta_ssim": 0.0,
      "worst_10_mean_delta_psnr": -0.0438934326171875,
      "best_10_mean_delta_psnr": 0.03762626647949219
    }
  },
  "filename_parameter_correlations_inferred": {
    "note": "Haze4K filenames look like id_param1_param2.png; this file records correlation only and does not assume the parameter meaning.",
    "param_1_vs_original_psnr": -0.1615068984663337,
    "param_1_vs_delta_psnr": 0.18423780371714088,
    "param_2_vs_original_psnr": -0.32351294811584774,
    "param_2_vs_delta_psnr": 0.07393416916701441
  },
  "worst_regressions": [
    {
      "name": "901_0.64_0.74.png",
      "original_psnr": 43.465633392333984,
      "candidate_psnr": 43.410926818847656,
      "delta_psnr": -0.054706573486328125,
      "original_ssim": 0.9992583990097046,
      "candidate_ssim": 0.9992575645446777,
      "delta_ssim": -8.344650268554688e-07,
      "filename_param_1": 0.64,
      "filename_param_2": 0.74
    },
    {
      "name": "254_0.7_0.56.png",
      "original_psnr": 40.76091003417969,
      "candidate_psnr": 40.71237564086914,
      "delta_psnr": -0.048534393310546875,
      "original_ssim": 0.9986011981964111,
      "candidate_ssim": 0.9985994100570679,
      "delta_ssim": -1.7881393432617188e-06,
      "filename_param_1": 0.7,
      "filename_param_2": 0.56
    },
    {
      "name": "951_0.57_0.85.png",
      "original_psnr": 38.545936584472656,
      "candidate_psnr": 38.4979248046875,
      "delta_psnr": -0.04801177978515625,
      "original_ssim": 0.9976250529289246,
      "candidate_ssim": 0.9976246356964111,
      "delta_ssim": -4.172325134277344e-07,
      "filename_param_1": 0.57,
      "filename_param_2": 0.85
    },
    {
      "name": "903_0.56_1.15.png",
      "original_psnr": 42.501163482666016,
      "candidate_psnr": 42.45330810546875,
      "delta_psnr": -0.047855377197265625,
      "original_ssim": 0.9989773035049438,
      "candidate_ssim": 0.9989767074584961,
      "delta_ssim": -5.960464477539062e-07,
      "filename_param_1": 0.56,
      "filename_param_2": 1.15
    },
    {
      "name": "917_0.81_0.57.png",
      "original_psnr": 48.01947784423828,
      "candidate_psnr": 47.971641540527344,
      "delta_psnr": -0.0478363037109375,
      "original_ssim": 0.9981660842895508,
      "candidate_ssim": 0.9981673955917358,
      "delta_ssim": 1.3113021850585938e-06,
      "filename_param_1": 0.81,
      "filename_param_2": 0.57
    },
    {
      "name": "785_0.54_0.53.png",
      "original_psnr": 41.7133903503418,
      "candidate_psnr": 41.671024322509766,
      "delta_psnr": -0.04236602783203125,
      "original_ssim": 0.9988945722579956,
      "candidate_ssim": 0.9988930225372314,
      "delta_ssim": -1.5497207641601562e-06,
      "filename_param_1": 0.54,
      "filename_param_2": 0.53
    },
    {
      "name": "557_0.68_0.68.png",
      "original_psnr": 42.59654998779297,
      "candidate_psnr": 42.554935455322266,
      "delta_psnr": -0.041614532470703125,
      "original_ssim": 0.9984003305435181,
      "candidate_ssim": 0.9983965158462524,
      "delta_ssim": -3.814697265625e-06,
      "filename_param_1": 0.68,
      "filename_param_2": 0.68
    },
    {
      "name": "550_0.55_1.01.png",
      "original_psnr": 42.89997482299805,
      "candidate_psnr": 42.85885238647461,
      "delta_psnr": -0.0411224365234375,
      "original_ssim": 0.9954327344894409,
      "candidate_ssim": 0.9954227209091187,
      "delta_ssim": -1.0013580322265625e-05,
      "filename_param_1": 0.55,
      "filename_param_2": 1.01
    },
    {
      "name": "556_0.61_0.91.png",
      "original_psnr": 44.11779022216797,
      "candidate_psnr": 44.07852554321289,
      "delta_psnr": -0.039264678955078125,
      "original_ssim": 0.998654842376709,
      "candidate_ssim": 0.9986535906791687,
      "delta_ssim": -1.2516975402832031e-06,
      "filename_param_1": 0.61,
      "filename_param_2": 0.91
    },
    {
      "name": "537_0.58_1.0.png",
      "original_psnr": 41.2065544128418,
      "candidate_psnr": 41.16851043701172,
      "delta_psnr": -0.038043975830078125,
      "original_ssim": 0.9981591105461121,
      "candidate_ssim": 0.9981569051742554,
      "delta_ssim": -2.205371856689453e-06,
      "filename_param_1": 0.58,
      "filename_param_2": 1.0
    },
    {
      "name": "969_0.54_1.07.png",
      "original_psnr": 42.29090118408203,
      "candidate_psnr": 42.25331115722656,
      "delta_psnr": -0.03759002685546875,
      "original_ssim": 0.9973441958427429,
      "candidate_ssim": 0.9973432421684265,
      "delta_ssim": -9.5367431640625e-07,
      "filename_param_1": 0.54,
      "filename_param_2": 1.07
    },
    {
      "name": "920_0.84_0.76.png",
      "original_psnr": 46.3661003112793,
      "candidate_psnr": 46.32900619506836,
      "delta_psnr": -0.0370941162109375,
      "original_ssim": 0.9973871111869812,