{
  "runs": {
    "A0": {
      "label": "A0",
      "arch": "official_convir",
      "mode": "original",
      "checkpoint": "/sda/home/wangyuxin/ConvIR-B/checkpoints/official/Haze4K/haze4k-base.pkl",
      "depth_mode": "none",
      "airlight_mode": "none",
      "count": 600,
      "mean_psnr": 39.35034857114156,
      "mean_ssim": 0.9957262628277143,
      "avg_time_sec_sync": 0.03482641696929931,
      "median_time_sec_sync": 0.03250753879547119,
      "peak_cuda_mem_mib": 537.50634765625
    },
    "DTA_v35_v35_fdf_rcs_l3_fdf_lite_s004_g015_bm2_seed3411_f0_quick5full_fallback_train_zero": {
      "label": "DTA_v35_v35_fdf_rcs_l3_fdf_lite_s004_g015_bm2_seed3411_f0_quick5full_fallback_train_zero",
      "arch": "dta_v3",
      "mode": "modres",
      "checkpoint": "/sda/home/wangyuxin/ConvIR-B/repos/ConvIR-B-dta-v3-5-fdf-rcs-lite/Dehazing/ITS/results/ConvIR-Haze4K-DTA-v3-5-FDF-RCS-l3_fdf_lite_s004_g015_bm2-seed3411_f0-quick5full/Training-Results/Final.pkl",
      "depth_mode": "zero",
      "airlight_mode": "fallback",
      "count": 600,
      "mean_psnr": 39.37808302561442,
      "mean_ssim": 0.9957169974843662,
      "avg_time_sec_sync": 0.04785291353861491,
      "median_time_sec_sync": 0.046395301818847656,
      "peak_cuda_mem_mib": 601.9677734375
    }
  },
  "comparison": {
    "common_count": 600,
    "mean_psnr_delta": 0.0277344544728597,
    "median_psnr_delta": 0.025852203369140625,
    "p5_psnr_delta": -0.25040416717529296,
    "p95_psnr_delta": 0.2906585693359375,
    "hard_bottom25_psnr_delta": 0.023034655253092447,
    "easy_top25_psnr_delta": 0.012232233683268229,
    "worst10pct_mean_psnr_delta": -0.2747016906738281,
    "best10pct_mean_psnr_delta": 0.3098499298095703,
    "worst10img_mean_psnr_delta": -0.4550067901611328,
    "best10img_mean_psnr_delta": 0.4423061370849609,
    "worst10_mean_psnr_delta": -0.2747016906738281,
    "best10_mean_psnr_delta": 0.3098499298095703,
    "mean_ssim_delta": -9.265343348185221e-06,
    "positive_ratio": 0.5983333333333334,
    "strong_reference_cut_psnr": 42.755948066711426,
    "strong_reference_count": 150,
    "strong_regression_count_delta_le_-0.05": 40,
    "worst_regression_count_delta_le_-0.20": 45
  }
}