{
  "runs": {
    "A0": {
      "label": "A0",
      "arch": "official_convir",
      "mode": "original",
      "checkpoint": "/sda/home/wangyuxin/ConvIR-B/checkpoints/official/Haze4K/haze4k-base.pkl",
      "depth_mode": "none",
      "count": 600,
      "mean_psnr": 39.35034857114156,
      "mean_ssim": 0.9957262628277143,
      "avg_time_sec_sync": 0.043005019823710126,
      "median_time_sec_sync": 0.040894269943237305,
      "peak_cuda_mem_mib": 535.95654296875
    },
    "DTA_v2_oof20_adapter_only_invert_seed3407_f0_final": {
      "label": "DTA_v2_oof20_adapter_only_invert_seed3407_f0_final",
      "arch": "dta_v2",
      "mode": "original",
      "checkpoint": "/sda/home/wangyuxin/ConvIR-B/repos/ConvIR-B-dta-v2-calibrated/Dehazing/ITS/results/ConvIR-Haze4K-DTA-v2-adapter_only-invert-seed3407-f0-oof20/Training-Results/Final.pkl",
      "depth_mode": "invert",
      "count": 600,
      "mean_psnr": 39.45724296887715,
      "mean_ssim": 0.9957187614838282,
      "avg_time_sec_sync": 0.045791923602422076,
      "median_time_sec_sync": 0.04484093189239502,
      "peak_cuda_mem_mib": 541.2802734375
    }
  },
  "comparison": {
    "common_count": 600,
    "mean_psnr_delta": 0.1068943977355957,
    "median_psnr_delta": 0.09443283081054688,
    "p5_psnr_delta": -0.4483211517333984,
    "p95_psnr_delta": 0.8098583221435546,
    "hard_bottom25_psnr_delta": 0.09915964762369792,
    "easy_top25_psnr_delta": 0.0910808817545573,
    "worst10pct_mean_psnr_delta": -0.5312679290771485,
    "best10pct_mean_psnr_delta": 0.8299184799194336,
    "worst10img_mean_psnr_delta": -0.9595924377441406,
    "best10img_mean_psnr_delta": 1.2123394012451172,
    "worst10_mean_psnr_delta": -0.5312679290771485,
    "best10_mean_psnr_delta": 0.8299184799194336,
    "mean_ssim_delta": -7.501343886057536e-06,
    "positive_ratio": 0.6433333333333333,
    "strong_reference_cut_psnr": 42.755948066711426,
    "strong_reference_count": 150,
    "strong_regression_count_delta_le_-0.05": 56,
    "worst_regression_count_delta_le_-0.20": 102
  }
}