{
  "runs": {
    "A0": {
      "label": "A0",
      "arch": "official_convir",
      "mode": "original",
      "checkpoint": "/sda/home/wangyuxin/ConvIR-B/checkpoints/official/Haze4K/haze4k-base.pkl",
      "depth_mode": "none",
      "airlight_mode": "none",
      "count": 600,
      "mean_psnr": 39.75955163955688,
      "mean_ssim": 0.995632650355498,
      "avg_time_sec_sync": 0.0538455859820048,
      "median_time_sec_sync": 0.05051827430725098,
      "peak_cuda_mem_mib": 536.99169921875
    },
    "DTA_v35_v35_fdf_rcs_l5_res015_tail_s004_g025_bm2_seed3411_f1_quick5full_fallback_train_invert": {
      "label": "DTA_v35_v35_fdf_rcs_l5_res015_tail_s004_g025_bm2_seed3411_f1_quick5full_fallback_train_invert",
      "arch": "dta_v3",
      "mode": "modres",
      "checkpoint": "/sda/home/wangyuxin/ConvIR-B/repos/ConvIR-B-dta-v3-5-fdf-rcs-lite/Dehazing/ITS/results/ConvIR-Haze4K-DTA-v3-5-FDF-RCS-l5_res015_tail_s004_g025_bm2-seed3411_f1-quick5full/Training-Results/Final.pkl",
      "depth_mode": "invert",
      "airlight_mode": "fallback",
      "count": 600,
      "mean_psnr": 39.81765764872233,
      "mean_ssim": 0.9956627314289411,
      "avg_time_sec_sync": 0.07112979332605998,
      "median_time_sec_sync": 0.0672905445098877,
      "peak_cuda_mem_mib": 604.35888671875
    }
  },
  "comparison": {
    "common_count": 600,
    "mean_psnr_delta": 0.05810600916544596,
    "median_psnr_delta": 0.06157875061035156,
    "p5_psnr_delta": -0.32847957611083983,
    "p95_psnr_delta": 0.4363451004028319,
    "hard_bottom25_psnr_delta": 0.09407676696777344,
    "easy_top25_psnr_delta": 0.03588790893554687,
    "worst10pct_mean_psnr_delta": -0.37804718017578126,
    "best10pct_mean_psnr_delta": 0.47163645426432294,
    "worst10img_mean_psnr_delta": -0.6288105010986328,
    "best10img_mean_psnr_delta": 0.6905616760253906,
    "worst10_mean_psnr_delta": -0.37804718017578126,
    "best10_mean_psnr_delta": 0.47163645426432294,
    "mean_ssim_delta": 3.008107344309489e-05,
    "positive_ratio": 0.6283333333333333,
    "strong_reference_cut_psnr": 42.834919929504395,
    "strong_reference_count": 150,
    "strong_regression_count_delta_le_-0.05": 49,
    "worst_regression_count_delta_le_-0.20": 67
  }
}