{
  "runs": {
    "A0": {
      "label": "A0",
      "arch": "official_convir",
      "mode": "original",
      "checkpoint": "/sda/home/wangyuxin/ConvIR-B/checkpoints/official/Haze4K/haze4k-base.pkl",
      "depth_mode": "none",
      "count": 600,
      "mean_psnr": 39.35034857114156,
      "mean_ssim": 0.9957262628277143,
      "avg_time_sec_sync": 0.04341813405354818,
      "median_time_sec_sync": 0.04346621036529541,
      "peak_cuda_mem_mib": 535.95654296875
    },
    "DTA_v3_scout5full_depthDirectTail_wg16_tail06_s008_b08_seed3407_f0_evalzero": {
      "label": "DTA_v3_scout5full_depthDirectTail_wg16_tail06_s008_b08_seed3407_f0_evalzero",
      "arch": "dta_v3",
      "mode": "modres",
      "checkpoint": "/sda/home/wangyuxin/ConvIR-B/repos/ConvIR-B-dta-v3-dapc-finetune-tailguard/Dehazing/ITS/results/ConvIR-Haze4K-DTA-v3-DAPC-DepthDirectTail-wg16_tail06_s008_b08-seed3407-f0-scout5full/Training-Results/Final.pkl",
      "depth_mode": "zero",
      "count": 600,
      "mean_psnr": 39.31642856280009,
      "mean_ssim": 0.9956973412632942,
      "avg_time_sec_sync": 0.05231280962626139,
      "median_time_sec_sync": 0.05412495136260986,
      "peak_cuda_mem_mib": 540.5224609375
    }
  },
  "comparison": {
    "common_count": 600,
    "mean_psnr_delta": -0.03392000834147135,
    "median_psnr_delta": -0.021810531616210938,
    "p5_psnr_delta": -0.21914081573486327,
    "p95_psnr_delta": 0.10698966979980469,
    "hard_bottom25_psnr_delta": -0.032563578287760415,
    "easy_top25_psnr_delta": -0.019470672607421875,
    "worst10pct_mean_psnr_delta": -0.2477524439493815,
    "best10pct_mean_psnr_delta": 0.12904173533121746,
    "worst10img_mean_psnr_delta": -0.4382453918457031,
    "best10img_mean_psnr_delta": 0.2433025360107422,
    "worst10_mean_psnr_delta": -0.2477524439493815,
    "best10_mean_psnr_delta": 0.12904173533121746,
    "mean_ssim_delta": -2.8921564420064292e-05,
    "positive_ratio": 0.36833333333333335,
    "strong_reference_cut_psnr": 42.755948066711426,
    "strong_reference_count": 150,
    "strong_regression_count_delta_le_-0.05": 48,
    "worst_regression_count_delta_le_-0.20": 34
  }
}