name,true_delta_psnr,baseline_delta_psnr,depth_surplus_psnr,normal_delta_psnr,shuffle_delta_psnr,zero_delta_psnr
1001_0.89_1.66.png,0.15256118774414062,0.12392425537109375,0.028636932373046875,0.14227294921875,0.13543319702148438,0.12392425537109375
1003_0.9_1.06.png,0.0730438232421875,0.0303497314453125,0.042694091796875,0.05423736572265625,0.04412078857421875,0.0303497314453125
