{
  "runs": [
    {
      "label": "true",
      "train_depth": "invert",
      "eval_depth": "invert",
      "compare_dir": "/sda/home/wangyuxin/ConvIR-B/repos/ConvIR-B-dta-v3-7-u-tqs-mix-phased1bundle/experience_docx/experiment_logs/haze4k_dta_v3_7_u_tqs_mix_20260613/dta_v3_7_v35_fdf_rcs_u1_tau_l1_s004_g025_a006_seed3411_f0_quick5full_fallback_train_invert_compare",
      "common_count": 600,
      "mean_psnr_delta": 0.06516260782877605,
      "median_psnr_delta": 0.06289482116699219,
      "p5_psnr_delta": -0.3243358612060547,
      "p95_psnr_delta": 0.507554244995117,
      "hard_bottom25_psnr_delta": 0.03767702738444011,
      "easy_top25_psnr_delta": 0.08399709065755208,
      "worst10pct_mean_psnr_delta": -0.3789234161376953,
      "best10pct_mean_psnr_delta": 0.5309151331583659,
      "worst10img_mean_psnr_delta": -0.6705642700195312,
      "best10img_mean_psnr_delta": 0.7278057098388672,
      "worst10_mean_psnr_delta": -0.3789234161376953,
      "best10_mean_psnr_delta": 0.5309151331583659,
      "mean_ssim_delta": 2.925594647725423e-07,
      "positive_ratio": 0.6233333333333333,
      "strong_reference_cut_psnr": 42.755948066711426,
      "strong_reference_count": 150,
      "strong_regression_count_delta_le_-0.05": 50,
      "worst_regression_count_delta_le_-0.20": 64
    },
    {
      "label": "zero",
      "train_depth": "invert",
      "eval_depth": "zero",
      "compare_dir": "/sda/home/wangyuxin/ConvIR-B/repos/ConvIR-B-dta-v3-7-u-tqs-mix-phased1bundle/experience_docx/experiment_logs/haze4k_dta_v3_7_u_tqs_mix_20260613/dta_v3_7_v35_fdf_rcs_u1_tau_l1_s004_g025_a006_seed3411_f0_quick5full_fallback_train_zero_compare",
      "common_count": 600,
      "mean_psnr_delta": -0.020055535634358725,
      "median_psnr_delta": -0.020597457885742188,
      "p5_psnr_delta": -0.27727565765380857,
      "p95_psnr_delta": 0.22506160736083966,
      "hard_bottom25_psnr_delta": -0.041342849731445315,
      "easy_top25_psnr_delta": 0.001937535603841146,
      "worst10pct_mean_psnr_delta": -0.3144460042317708,
      "best10pct_mean_psnr_delta": 0.2515357653299967,
      "worst10img_mean_psnr_delta": -0.4728137969970703,
      "best10img_mean_psnr_delta": 0.3876522064208984,
      "worst10_mean_psnr_delta": -0.3144460042317708,
      "best10_mean_psnr_delta": 0.2515357653299967,
      "mean_ssim_delta": -6.255358457565307e-05,
      "positive_ratio": 0.445,
      "strong_reference_cut_psnr": 42.755948066711426,
      "strong_reference_count": 150,
      "strong_regression_count_delta_le_-0.05": 47,
      "worst_regression_count_delta_le_-0.20": 65
    },
    {
      "label": "shuffle",
      "train_depth": "invert",
      "eval_depth": "shuffle",
      "compare_dir": "/sda/home/wangyuxin/ConvIR-B/repos/ConvIR-B-dta-v3-7-u-tqs-mix-phased1bundle/experience_docx/experiment_logs/haze4k_dta_v3_7_u_tqs_mix_20260613/dta_v3_7_v35_fdf_rcs_u1_tau_l1_s004_g025_a006_seed3411_f0_quick5full_fallback_train_shuffle_compare",
      "common_count": 600,
      "mean_psnr_delta": 0.001266492207845052,
      "median_psnr_delta": -0.003833770751953125,
      "p5_psnr_delta": -0.26660728454589844,
      "p95_psnr_delta": 0.2950622558593747,
      "hard_bottom25_psnr_delta": -0.034694544474283856,
      "easy_top25_psnr_delta": 0.043834025065104164,
      "worst10pct_mean_psnr_delta": -0.29312934875488283,
      "best10pct_mean_psnr_delta": 0.3102671305338542,
      "worst10img_mean_psnr_delta": -0.47502670288085935,
      "best10img_mean_psnr_delta": 0.45790748596191405,
      "worst10_mean_psnr_delta": -0.29312934875488283,
      "best10_mean_psnr_delta": 0.3102671305338542,
      "mean_ssim_delta": -2.4794936180114747e-05,
      "positive_ratio": 0.49333333333333335,
      "strong_reference_cut_psnr": 42.755948066711426,
      "strong_reference_count": 150,
      "strong_regression_count_delta_le_-0.05": 37,
      "worst_regression_count_delta_le_-0.20": 57
    },
    {
      "label": "normal",
      "train_depth": "invert",
      "eval_depth": "normal",
      "compare_dir": "/sda/home/wangyuxin/ConvIR-B/repos/ConvIR-B-dta-v3-7-u-tqs-mix-phased1bundle/experience_docx/experiment_logs/haze4k_dta_v3_7_u_tqs_mix_20260613/dta_v3_7_v35_fdf_rcs_u1_tau_l1_s004_g025_a006_seed3411_f0_quick5full_fallback_train_normal_compare",
      "common_count": 600,
      "mean_psnr_delta": -0.0024965445200602213,
      "median_psnr_delta": -0.00641632080078125,
      "p5_psnr_delta": -0.24234580993652344,
      "p95_psnr_delta": 0.2935655593872069,
      "hard_bottom25_psnr_delta": -0.042917518615722655,
      "easy_top25_psnr_delta": 0.041343002319335936,
      "worst10pct_mean_psnr_delta": -0.2748234430948893,
      "best10pct_mean_psnr_delta": 0.2974985122680664,
      "worst10img_mean_psnr_delta": -0.459820556640625,
      "best10img_mean_psnr_delta": 0.4291545867919922,
      "worst10_mean_psnr_delta": -0.2748234430948893,
      "best10_mean_psnr_delta": 0.2974985122680664,
      "mean_ssim_delta": -2.0554165045420327e-05,
      "positive_ratio": 0.485,
      "strong_reference_cut_psnr": 42.755948066711426,
      "strong_reference_count": 150,
      "strong_regression_count_delta_le_-0.05": 36,
      "worst_regression_count_delta_le_-0.20": 49
    }
  ],
  "attribution": {
    "true_label": "true",
    "baseline_label": "zero",
    "common_count": 600,
    "mean_depth_surplus_psnr": 0.08521814346313476,
    "median_depth_surplus_psnr": 0.09377479553222656,
    "positive_surplus_ratio": 0.6916666666666667
  }
}