{
  "runs": [
    {
      "label": "true",
      "train_depth": "invert",
      "eval_depth": "invert",
      "compare_dir": "/sda/home/wangyuxin/ConvIR-B/repos/ConvIR-B-dta-v3-7-u-tqs-mix-phased1bundle/experience_docx/experiment_logs/haze4k_dta_v3_7_u_tqs_mix_20260613/dta_v3_7_v35_fdf_rcs_u1_tau_l1_s004_g025_a006_seed3407_f0_smoke_fallback_train_invert_compare",
      "common_count": 2,
      "mean_psnr_delta": 0.11280250549316406,
      "median_psnr_delta": 0.11280250549316406,
      "p5_psnr_delta": 0.07701969146728516,
      "p95_psnr_delta": 0.14858531951904297,
      "hard_bottom25_psnr_delta": 0.15256118774414062,
      "easy_top25_psnr_delta": 0.0730438232421875,
      "worst10pct_mean_psnr_delta": 0.0730438232421875,
      "best10pct_mean_psnr_delta": 0.15256118774414062,
      "worst10img_mean_psnr_delta": 0.11280250549316406,
      "best10img_mean_psnr_delta": 0.11280250549316406,
      "worst10_mean_psnr_delta": 0.0730438232421875,
      "best10_mean_psnr_delta": 0.15256118774414062,
      "mean_ssim_delta": -0.0003261864185333252,
      "positive_ratio": 1.0,
      "strong_reference_cut_psnr": 37.74123573303223,
      "strong_reference_count": 1,
      "strong_regression_count_delta_le_-0.05": 0,
      "worst_regression_count_delta_le_-0.20": 0
    },
    {
      "label": "zero",
      "train_depth": "invert",
      "eval_depth": "zero",
      "compare_dir": "/sda/home/wangyuxin/ConvIR-B/repos/ConvIR-B-dta-v3-7-u-tqs-mix-phased1bundle/experience_docx/experiment_logs/haze4k_dta_v3_7_u_tqs_mix_20260613/dta_v3_7_v35_fdf_rcs_u1_tau_l1_s004_g025_a006_seed3407_f0_smoke_fallback_train_zero_compare",
      "common_count": 2,
      "mean_psnr_delta": 0.07713699340820312,
      "median_psnr_delta": 0.07713699340820312,
      "p5_psnr_delta": 0.03502845764160156,
      "p95_psnr_delta": 0.11924552917480469,
      "hard_bottom25_psnr_delta": 0.12392425537109375,
      "easy_top25_psnr_delta": 0.0303497314453125,
      "worst10pct_mean_psnr_delta": 0.0303497314453125,
      "best10pct_mean_psnr_delta": 0.12392425537109375,
      "worst10img_mean_psnr_delta": 0.07713699340820312,
      "best10img_mean_psnr_delta": 0.07713699340820312,
      "worst10_mean_psnr_delta": 0.0303497314453125,
      "best10_mean_psnr_delta": 0.12392425537109375,
      "mean_ssim_delta": -0.0004271268844604492,
      "positive_ratio": 1.0,
      "strong_reference_cut_psnr": 37.74123573303223,
      "strong_reference_count": 1,
      "strong_regression_count_delta_le_-0.05": 0,
      "worst_regression_count_delta_le_-0.20": 0
    },
    {
      "label": "shuffle",
      "train_depth": "invert",
      "eval_depth": "shuffle",
      "compare_dir": "/sda/home/wangyuxin/ConvIR-B/repos/ConvIR-B-dta-v3-7-u-tqs-mix-phased1bundle/experience_docx/experiment_logs/haze4k_dta_v3_7_u_tqs_mix_20260613/dta_v3_7_v35_fdf_rcs_u1_tau_l1_s004_g025_a006_seed3407_f0_smoke_fallback_train_shuffle_compare",
      "common_count": 2,
      "mean_psnr_delta": 0.08977699279785156,
      "median_psnr_delta": 0.08977699279785156,
      "p5_psnr_delta": 0.04868640899658203,
      "p95_psnr_delta": 0.13086757659912107,
      "hard_bottom25_psnr_delta": 0.13543319702148438,
      "easy_top25_psnr_delta": 0.04412078857421875,
      "worst10pct_mean_psnr_delta": 0.04412078857421875,
      "best10pct_mean_psnr_delta": 0.13543319702148438,
      "worst10img_mean_psnr_delta": 0.08977699279785156,
      "best10img_mean_psnr_delta": 0.08977699279785156,
      "worst10_mean_psnr_delta": 0.04412078857421875,
      "best10_mean_psnr_delta": 0.13543319702148438,
      "mean_ssim_delta": -0.0003082156181335449,
      "positive_ratio": 1.0,
      "strong_reference_cut_psnr": 37.74123573303223,
      "strong_reference_count": 1,
      "strong_regression_count_delta_le_-0.05": 0,
      "worst_regression_count_delta_le_-0.20": 0
    },
    {
      "label": "normal",
      "train_depth": "invert",
      "eval_depth": "normal",
      "compare_dir": "/sda/home/wangyuxin/ConvIR-B/repos/ConvIR-B-dta-v3-7-u-tqs-mix-phased1bundle/experience_docx/experiment_logs/haze4k_dta_v3_7_u_tqs_mix_20260613/dta_v3_7_v35_fdf_rcs_u1_tau_l1_s004_g025_a006_seed3407_f0_smoke_fallback_train_normal_compare",
      "common_count": 2,
      "mean_psnr_delta": 0.09825515747070312,
      "median_psnr_delta": 0.09825515747070312,
      "p5_psnr_delta": 0.058639144897460936,
      "p95_psnr_delta": 0.1378711700439453,
      "hard_bottom25_psnr_delta": 0.14227294921875,
      "easy_top25_psnr_delta": 0.05423736572265625,
      "worst10pct_mean_psnr_delta": 0.05423736572265625,
      "best10pct_mean_psnr_delta": 0.14227294921875,
      "worst10img_mean_psnr_delta": 0.09825515747070312,
      "best10img_mean_psnr_delta": 0.09825515747070312,
      "worst10_mean_psnr_delta": 0.05423736572265625,
      "best10_mean_psnr_delta": 0.14227294921875,
      "mean_ssim_delta": -0.0002811551094055176,
      "positive_ratio": 1.0,
      "strong_reference_cut_psnr": 37.74123573303223,
      "strong_reference_count": 1,
      "strong_regression_count_delta_le_-0.05": 0,
      "worst_regression_count_delta_le_-0.20": 0
    }
  ],
  "attribution": {
    "true_label": "true",
    "baseline_label": "zero",
    "common_count": 2,
    "mean_depth_surplus_psnr": 0.03566551208496094,
    "median_depth_surplus_psnr": 0.03566551208496094,
    "positive_surplus_ratio": 1.0
  }
}