{
  "runs": [
    {
      "label": "true",
      "train_depth": "invert",
      "eval_depth": "invert",
      "compare_dir": "/sda/home/wangyuxin/ConvIR-B/repos/ConvIR-B-dta-v3-7-u-tqs-mix-phased1bundle/experience_docx/experiment_logs/haze4k_dta_v3_7_u_tqs_mix_20260613/dta_v3_7_v35_fdf_rcs_u2_tau_l3_s004_g015_a006_seed3411_f0_quick5full_screen2_fallback_train_invert_compare",
      "common_count": 600,
      "mean_psnr_delta": 0.05952277183532715,
      "median_psnr_delta": 0.057769775390625,
      "p5_psnr_delta": -0.303070068359375,
      "p95_psnr_delta": 0.45267810821533194,
      "hard_bottom25_psnr_delta": 0.03617244720458984,
      "easy_top25_psnr_delta": 0.07850140889485677,
      "worst10pct_mean_psnr_delta": -0.339857292175293,
      "best10pct_mean_psnr_delta": 0.46849295298258464,
      "worst10img_mean_psnr_delta": -0.6019134521484375,
      "best10img_mean_psnr_delta": 0.6429622650146485,
      "worst10_mean_psnr_delta": -0.339857292175293,
      "best10_mean_psnr_delta": 0.46849295298258464,
      "mean_ssim_delta": 3.4337242444356283e-06,
      "positive_ratio": 0.6316666666666667,
      "strong_reference_cut_psnr": 42.755948066711426,
      "strong_reference_count": 150,
      "strong_regression_count_delta_le_-0.05": 48,
      "worst_regression_count_delta_le_-0.20": 57
    },
    {
      "label": "zero",
      "train_depth": "invert",
      "eval_depth": "zero",
      "compare_dir": "/sda/home/wangyuxin/ConvIR-B/repos/ConvIR-B-dta-v3-7-u-tqs-mix-phased1bundle/experience_docx/experiment_logs/haze4k_dta_v3_7_u_tqs_mix_20260613/dta_v3_7_v35_fdf_rcs_u2_tau_l3_s004_g015_a006_seed3411_f0_quick5full_screen2_fallback_train_zero_compare",
      "common_count": 600,
      "mean_psnr_delta": -0.010669720967610678,
      "median_psnr_delta": -0.011997222900390625,
      "p5_psnr_delta": -0.2538248062133789,
      "p95_psnr_delta": 0.2321531295776362,
      "hard_bottom25_psnr_delta": -0.030655975341796874,
      "easy_top25_psnr_delta": 0.012081019083658854,
      "worst10pct_mean_psnr_delta": -0.28336140314737956,
      "best10pct_mean_psnr_delta": 0.24895814259847004,
      "worst10img_mean_psnr_delta": -0.4438896179199219,
      "best10img_mean_psnr_delta": 0.3769786834716797,
      "worst10_mean_psnr_delta": -0.28336140314737956,
      "best10_mean_psnr_delta": 0.24895814259847004,
      "mean_ssim_delta": -4.7792196273803714e-05,
      "positive_ratio": 0.45666666666666667,
      "strong_reference_cut_psnr": 42.755948066711426,
      "strong_reference_count": 150,
      "strong_regression_count_delta_le_-0.05": 46,
      "worst_regression_count_delta_le_-0.20": 50
    },
    {
      "label": "shuffle",
      "train_depth": "invert",
      "eval_depth": "shuffle",
      "compare_dir": "/sda/home/wangyuxin/ConvIR-B/repos/ConvIR-B-dta-v3-7-u-tqs-mix-phased1bundle/experience_docx/experiment_logs/haze4k_dta_v3_7_u_tqs_mix_20260613/dta_v3_7_v35_fdf_rcs_u2_tau_l3_s004_g015_a006_seed3411_f0_quick5full_screen2_fallback_train_shuffle_compare",
      "common_count": 600,
      "mean_psnr_delta": 0.00743896484375,
      "median_psnr_delta": 0.001758575439453125,
      "p5_psnr_delta": -0.24214248657226564,
      "p95_psnr_delta": 0.28995208740234363,
      "hard_bottom25_psnr_delta": -0.024013799031575522,
      "easy_top25_psnr_delta": 0.04628702799479167,
      "worst10pct_mean_psnr_delta": -0.2759243011474609,
      "best10pct_mean_psnr_delta": 0.3023508071899414,
      "worst10img_mean_psnr_delta": -0.4551361083984375,
      "best10img_mean_psnr_delta": 0.44234352111816405,
      "worst10_mean_psnr_delta": -0.2759243011474609,
      "best10_mean_psnr_delta": 0.3023508071899414,
      "mean_ssim_delta": -1.71506404876709e-05,
      "positive_ratio": 0.5066666666666667,
      "strong_reference_cut_psnr": 42.755948066711426,
      "strong_reference_count": 150,
      "strong_regression_count_delta_le_-0.05": 37,
      "worst_regression_count_delta_le_-0.20": 47
    },
    {
      "label": "normal",
      "train_depth": "invert",
      "eval_depth": "normal",
      "compare_dir": "/sda/home/wangyuxin/ConvIR-B/repos/ConvIR-B-dta-v3-7-u-tqs-mix-phased1bundle/experience_docx/experiment_logs/haze4k_dta_v3_7_u_tqs_mix_20260613/dta_v3_7_v35_fdf_rcs_u2_tau_l3_s004_g015_a006_seed3411_f0_quick5full_screen2_fallback_train_normal_compare",
      "common_count": 600,
      "mean_psnr_delta": 0.004463965098063151,
      "median_psnr_delta": 0.0001125335693359375,
      "p5_psnr_delta": -0.23235702514648438,
      "p95_psnr_delta": 0.27994728088378845,
      "hard_bottom25_psnr_delta": -0.030462570190429687,
      "easy_top25_psnr_delta": 0.04420270284016927,
      "worst10pct_mean_psnr_delta": -0.2615089416503906,
      "best10pct_mean_psnr_delta": 0.2933965682983398,
      "worst10img_mean_psnr_delta": -0.44557037353515627,
      "best10img_mean_psnr_delta": 0.42250595092773435,
      "worst10_mean_psnr_delta": -0.2615089416503906,
      "best10_mean_psnr_delta": 0.2933965682983398,
      "mean_ssim_delta": -1.3661483923594156e-05,
      "positive_ratio": 0.5016666666666667,
      "strong_reference_cut_psnr": 42.755948066711426,
      "strong_reference_count": 150,
      "strong_regression_count_delta_le_-0.05": 35,
      "worst_regression_count_delta_le_-0.20": 47
    }
  ],
  "attribution": {
    "true_label": "true",
    "baseline_label": "zero",
    "common_count": 600,
    "mean_depth_surplus_psnr": 0.07019249280293782,
    "median_depth_surplus_psnr": 0.07753753662109375,
    "positive_surplus_ratio": 0.695
  }
}