{
  "runs": [
    {
      "label": "true",
      "train_depth": "invert",
      "eval_depth": "invert",
      "compare_dir": "/sda/home/wangyuxin/ConvIR-B/repos/ConvIR-B-dta-v3-7-u-tqs-mix-phased1bundle/experience_docx/experiment_logs/haze4k_dta_v3_7_u_tqs_mix_20260613/dta_v3_7_v35_fdf_rcs_u1_tau_l1_s004_g025_a006_seed2026_f1_quick5full_fallback_train_invert_compare",
      "common_count": 600,
      "mean_psnr_delta": 0.07921849250793457,
      "median_psnr_delta": 0.07089042663574219,
      "p5_psnr_delta": -0.4703226089477539,
      "p95_psnr_delta": 0.6276432037353513,
      "hard_bottom25_psnr_delta": 0.13382256825764974,
      "easy_top25_psnr_delta": 0.04437212626139323,
      "worst10pct_mean_psnr_delta": -0.5230618794759114,
      "best10pct_mean_psnr_delta": 0.6727617899576823,
      "worst10img_mean_psnr_delta": -0.9252033233642578,
      "best10img_mean_psnr_delta": 0.9782112121582032,
      "worst10_mean_psnr_delta": -0.5230618794759114,
      "best10_mean_psnr_delta": 0.6727617899576823,
      "mean_ssim_delta": 1.9773244857788086e-05,
      "positive_ratio": 0.6016666666666667,
      "strong_reference_cut_psnr": 42.834919929504395,
      "strong_reference_count": 150,
      "strong_regression_count_delta_le_-0.05": 54,
      "worst_regression_count_delta_le_-0.20": 97
    },
    {
      "label": "zero",
      "train_depth": "invert",
      "eval_depth": "zero",
      "compare_dir": "/sda/home/wangyuxin/ConvIR-B/repos/ConvIR-B-dta-v3-7-u-tqs-mix-phased1bundle/experience_docx/experiment_logs/haze4k_dta_v3_7_u_tqs_mix_20260613/dta_v3_7_v35_fdf_rcs_u1_tau_l1_s004_g025_a006_seed2026_f1_quick5full_fallback_train_zero_compare",
      "common_count": 600,
      "mean_psnr_delta": 0.008930145899454752,
      "median_psnr_delta": 0.015134811401367188,
      "p5_psnr_delta": -0.357122802734375,
      "p95_psnr_delta": 0.3678045272827147,
      "hard_bottom25_psnr_delta": 0.04048600514729818,
      "easy_top25_psnr_delta": 0.01544708251953125,
      "worst10pct_mean_psnr_delta": -0.41242780685424807,
      "best10pct_mean_psnr_delta": 0.4130434036254883,
      "worst10img_mean_psnr_delta": -0.7121074676513672,
      "best10img_mean_psnr_delta": 0.7214767456054687,
      "worst10_mean_psnr_delta": -0.41242780685424807,
      "best10_mean_psnr_delta": 0.4130434036254883,
      "mean_ssim_delta": -2.4604002634684246e-05,
      "positive_ratio": 0.545,
      "strong_reference_cut_psnr": 42.834919929504395,
      "strong_reference_count": 150,
      "strong_regression_count_delta_le_-0.05": 44,
      "worst_regression_count_delta_le_-0.20": 87
    },
    {
      "label": "shuffle",
      "train_depth": "invert",
      "eval_depth": "shuffle",
      "compare_dir": "/sda/home/wangyuxin/ConvIR-B/repos/ConvIR-B-dta-v3-7-u-tqs-mix-phased1bundle/experience_docx/experiment_logs/haze4k_dta_v3_7_u_tqs_mix_20260613/dta_v3_7_v35_fdf_rcs_u1_tau_l1_s004_g025_a006_seed2026_f1_quick5full_fallback_train_shuffle_compare",
      "common_count": 600,
      "mean_psnr_delta": 0.02113025983174642,
      "median_psnr_delta": 0.029821395874023438,
      "p5_psnr_delta": -0.39797515869140626,
      "p95_psnr_delta": 0.41593952178955057,
      "hard_bottom25_psnr_delta": 0.05462106068929037,
      "easy_top25_psnr_delta": 0.024903640747070313,
      "worst10pct_mean_psnr_delta": -0.4509680430094401,
      "best10pct_mean_psnr_delta": 0.4729720115661621,
      "worst10img_mean_psnr_delta": -0.7712326049804688,
      "best10img_mean_psnr_delta": 0.7481300354003906,
      "worst10_mean_psnr_delta": -0.4509680430094401,
      "best10_mean_psnr_delta": 0.4729720115661621,
      "mean_ssim_delta": 3.09904416402181e-06,
      "positive_ratio": 0.5666666666666667,
      "strong_reference_cut_psnr": 42.834919929504395,
      "strong_reference_count": 150,
      "strong_regression_count_delta_le_-0.05": 46,
      "worst_regression_count_delta_le_-0.20": 100
    },
    {
      "label": "normal",
      "train_depth": "invert",
      "eval_depth": "normal",
      "compare_dir": "/sda/home/wangyuxin/ConvIR-B/repos/ConvIR-B-dta-v3-7-u-tqs-mix-phased1bundle/experience_docx/experiment_logs/haze4k_dta_v3_7_u_tqs_mix_20260613/dta_v3_7_v35_fdf_rcs_u1_tau_l1_s004_g025_a006_seed2026_f1_quick5full_fallback_train_normal_compare",
      "common_count": 600,
      "mean_psnr_delta": 0.01611559549967448,
      "median_psnr_delta": 0.028646469116210938,
      "p5_psnr_delta": -0.3867185592651367,
      "p95_psnr_delta": 0.4027565002441403,
      "hard_bottom25_psnr_delta": 0.04741851806640625,
      "easy_top25_psnr_delta": 0.027716013590494793,
      "worst10pct_mean_psnr_delta": -0.4495477040608724,
      "best10pct_mean_psnr_delta": 0.46000715891520183,
      "worst10img_mean_psnr_delta": -0.7683647155761719,
      "best10img_mean_psnr_delta": 0.7250667572021484,
      "worst10_mean_psnr_delta": -0.4495477040608724,
      "best10_mean_psnr_delta": 0.46000715891520183,
      "mean_ssim_delta": 7.643898328145345e-06,
      "positive_ratio": 0.5566666666666666,
      "strong_reference_cut_psnr": 42.834919929504395,
      "strong_reference_count": 150,
      "strong_regression_count_delta_le_-0.05": 47,
      "worst_regression_count_delta_le_-0.20": 92
    }
  ],
  "attribution": {
    "true_label": "true",
    "baseline_label": "zero",
    "common_count": 600,
    "mean_depth_surplus_psnr": 0.07028834660847982,
    "median_depth_surplus_psnr": 0.09333992004394531,
    "positive_surplus_ratio": 0.69
  }
}