{
  "runs": [
    {
      "label": "true",
      "train_depth": "invert",
      "eval_depth": "invert",
      "compare_dir": "/sda/home/wangyuxin/ConvIR-B/repos/ConvIR-B-dta-v3-7-u-tqs-mix-phased1bundle/experience_docx/experiment_logs/haze4k_dta_v3_7_u_tqs_mix_20260613/dta_v3_7_v35_fdf_rcs_u3_tau_l2_s002_g025_a006_seed3407_f0_quick5full_screen2_fallback_train_invert_compare",
      "common_count": 600,
      "mean_psnr_delta": 0.058072649637858076,
      "median_psnr_delta": 0.05892753601074219,
      "p5_psnr_delta": -0.2467805862426758,
      "p95_psnr_delta": 0.3654930114746091,
      "hard_bottom25_psnr_delta": 0.08343144734700521,
      "easy_top25_psnr_delta": 0.04433916727701823,
      "worst10pct_mean_psnr_delta": -0.2977246602376302,
      "best10pct_mean_psnr_delta": 0.3972881317138672,
      "worst10img_mean_psnr_delta": -0.5405258178710938,
      "best10img_mean_psnr_delta": 0.5780487060546875,
      "worst10_mean_psnr_delta": -0.2977246602376302,
      "best10_mean_psnr_delta": 0.3972881317138672,
      "mean_ssim_delta": 2.0174582799275718e-05,
      "positive_ratio": 0.6383333333333333,
      "strong_reference_cut_psnr": 42.755948066711426,
      "strong_reference_count": 150,
      "strong_regression_count_delta_le_-0.05": 38,
      "worst_regression_count_delta_le_-0.20": 48
    },
    {
      "label": "zero",
      "train_depth": "invert",
      "eval_depth": "zero",
      "compare_dir": "/sda/home/wangyuxin/ConvIR-B/repos/ConvIR-B-dta-v3-7-u-tqs-mix-phased1bundle/experience_docx/experiment_logs/haze4k_dta_v3_7_u_tqs_mix_20260613/dta_v3_7_v35_fdf_rcs_u3_tau_l2_s002_g025_a006_seed3407_f0_quick5full_screen2_fallback_train_zero_compare",
      "common_count": 600,
      "mean_psnr_delta": -0.007339855829874674,
      "median_psnr_delta": -0.005153656005859375,
      "p5_psnr_delta": -0.23492488861083985,
      "p95_psnr_delta": 0.21966295242309564,
      "hard_bottom25_psnr_delta": 0.02369917551676432,
      "easy_top25_psnr_delta": -0.023542938232421876,
      "worst10pct_mean_psnr_delta": -0.2664491335550944,
      "best10pct_mean_psnr_delta": 0.24805504480997723,
      "worst10img_mean_psnr_delta": -0.4250507354736328,
      "best10img_mean_psnr_delta": 0.41303367614746095,
      "worst10_mean_psnr_delta": -0.2664491335550944,
      "best10_mean_psnr_delta": 0.24805504480997723,
      "mean_ssim_delta": -2.4811625480651854e-05,
      "positive_ratio": 0.4866666666666667,
      "strong_reference_cut_psnr": 42.755948066711426,
      "strong_reference_count": 150,
      "strong_regression_count_delta_le_-0.05": 49,
      "worst_regression_count_delta_le_-0.20": 51
    },
    {
      "label": "shuffle",
      "train_depth": "invert",
      "eval_depth": "shuffle",
      "compare_dir": "/sda/home/wangyuxin/ConvIR-B/repos/ConvIR-B-dta-v3-7-u-tqs-mix-phased1bundle/experience_docx/experiment_logs/haze4k_dta_v3_7_u_tqs_mix_20260613/dta_v3_7_v35_fdf_rcs_u3_tau_l2_s002_g025_a006_seed3407_f0_quick5full_screen2_fallback_train_shuffle_compare",
      "common_count": 600,
      "mean_psnr_delta": 0.010908466974894206,
      "median_psnr_delta": 0.0059661865234375,
      "p5_psnr_delta": -0.23135414123535156,
      "p95_psnr_delta": 0.24658994674682613,
      "hard_bottom25_psnr_delta": 0.03134113311767578,
      "easy_top25_psnr_delta": 0.009727834065755208,
      "worst10pct_mean_psnr_delta": -0.25709603627522787,
      "best10pct_mean_psnr_delta": 0.27376702626546223,
      "worst10img_mean_psnr_delta": -0.4257404327392578,
      "best10img_mean_psnr_delta": 0.44860000610351564,
      "worst10_mean_psnr_delta": -0.25709603627522787,
      "best10_mean_psnr_delta": 0.27376702626546223,
      "mean_ssim_delta": 3.070533275604248e-06,
      "positive_ratio": 0.53,
      "strong_reference_cut_psnr": 42.755948066711426,
      "strong_reference_count": 150,
      "strong_regression_count_delta_le_-0.05": 38,
      "worst_regression_count_delta_le_-0.20": 40
    },
    {
      "label": "normal",
      "train_depth": "invert",
      "eval_depth": "normal",
      "compare_dir": "/sda/home/wangyuxin/ConvIR-B/repos/ConvIR-B-dta-v3-7-u-tqs-mix-phased1bundle/experience_docx/experiment_logs/haze4k_dta_v3_7_u_tqs_mix_20260613/dta_v3_7_v35_fdf_rcs_u3_tau_l2_s002_g025_a006_seed3407_f0_quick5full_screen2_fallback_train_normal_compare",
      "common_count": 600,
      "mean_psnr_delta": 0.008795363108317057,
      "median_psnr_delta": 0.012157440185546875,
      "p5_psnr_delta": -0.22997570037841797,
      "p95_psnr_delta": 0.23772678375244136,
      "hard_bottom25_psnr_delta": 0.025797398885091145,
      "easy_top25_psnr_delta": 0.009704360961914063,
      "worst10pct_mean_psnr_delta": -0.2531951268513997,
      "best10pct_mean_psnr_delta": 0.26161448160807294,
      "worst10img_mean_psnr_delta": -0.4210529327392578,
      "best10img_mean_psnr_delta": 0.4126125335693359,
      "worst10_mean_psnr_delta": -0.2531951268513997,
      "best10_mean_psnr_delta": 0.26161448160807294,
      "mean_ssim_delta": 5.929966767628987e-06,
      "positive_ratio": 0.5466666666666666,
      "strong_reference_cut_psnr": 42.755948066711426,
      "strong_reference_count": 150,
      "strong_regression_count_delta_le_-0.05": 36,
      "worst_regression_count_delta_le_-0.20": 39
    }
  ],
  "attribution": {
    "true_label": "true",
    "baseline_label": "zero",
    "common_count": 600,
    "mean_depth_surplus_psnr": 0.06541250546773275,
    "median_depth_surplus_psnr": 0.07114028930664062,
    "positive_surplus_ratio": 0.7016666666666667
  }
}