{
  "runs": [
    {
      "label": "true",
      "train_depth": "invert",
      "eval_depth": "invert",
      "compare_dir": "/sda/home/wangyuxin/ConvIR-B/repos/ConvIR-B-dta-v3-7-u-tqs-mix-phased1bundle/experience_docx/experiment_logs/haze4k_dta_v3_7_u_tqs_mix_20260613/dta_v3_7_v35_fdf_rcs_u3_tau_l2_s002_g025_a006_seed3407_f1_quick5full_screen3_fallback_train_invert_compare",
      "common_count": 600,
      "mean_psnr_delta": 0.04901128768920898,
      "median_psnr_delta": 0.06720733642578125,
      "p5_psnr_delta": -0.26761112213134763,
      "p95_psnr_delta": 0.3338880538940429,
      "hard_bottom25_psnr_delta": 0.06134653727213542,
      "easy_top25_psnr_delta": 0.02658246358235677,
      "worst10pct_mean_psnr_delta": -0.31164538065592445,
      "best10pct_mean_psnr_delta": 0.3646699587504069,
      "worst10img_mean_psnr_delta": -0.5313114166259766,
      "best10img_mean_psnr_delta": 0.5383995056152344,
      "worst10_mean_psnr_delta": -0.31164538065592445,
      "best10_mean_psnr_delta": 0.3646699587504069,
      "mean_ssim_delta": 1.1633435885111491e-05,
      "positive_ratio": 0.65,
      "strong_reference_cut_psnr": 42.834919929504395,
      "strong_reference_count": 150,
      "strong_regression_count_delta_le_-0.05": 48,
      "worst_regression_count_delta_le_-0.20": 49
    },
    {
      "label": "zero",
      "train_depth": "invert",
      "eval_depth": "zero",
      "compare_dir": "/sda/home/wangyuxin/ConvIR-B/repos/ConvIR-B-dta-v3-7-u-tqs-mix-phased1bundle/experience_docx/experiment_logs/haze4k_dta_v3_7_u_tqs_mix_20260613/dta_v3_7_v35_fdf_rcs_u3_tau_l2_s002_g025_a006_seed3407_f1_quick5full_screen3_fallback_train_zero_compare",
      "common_count": 600,
      "mean_psnr_delta": -0.009949153264363606,
      "median_psnr_delta": -0.010862350463867188,
      "p5_psnr_delta": -0.19678897857666017,
      "p95_psnr_delta": 0.1973821640014647,
      "hard_bottom25_psnr_delta": -0.00800713857014974,
      "easy_top25_psnr_delta": -0.010964787801106771,
      "worst10pct_mean_psnr_delta": -0.23036759694417316,
      "best10pct_mean_psnr_delta": 0.21737661361694335,
      "worst10img_mean_psnr_delta": -0.38829193115234373,
      "best10img_mean_psnr_delta": 0.32904987335205077,
      "worst10_mean_psnr_delta": -0.23036759694417316,
      "best10_mean_psnr_delta": 0.21737661361694335,
      "mean_ssim_delta": -3.155668576558431e-05,
      "positive_ratio": 0.46,
      "strong_reference_cut_psnr": 42.834919929504395,
      "strong_reference_count": 150,
      "strong_regression_count_delta_le_-0.05": 49,
      "worst_regression_count_delta_le_-0.20": 27
    },
    {
      "label": "shuffle",
      "train_depth": "invert",
      "eval_depth": "shuffle",
      "compare_dir": "/sda/home/wangyuxin/ConvIR-B/repos/ConvIR-B-dta-v3-7-u-tqs-mix-phased1bundle/experience_docx/experiment_logs/haze4k_dta_v3_7_u_tqs_mix_20260613/dta_v3_7_v35_fdf_rcs_u3_tau_l2_s002_g025_a006_seed3407_f1_quick5full_screen3_fallback_train_shuffle_compare",
      "common_count": 600,
      "mean_psnr_delta": 0.00405368169148763,
      "median_psnr_delta": 0.0076808929443359375,
      "p5_psnr_delta": -0.20840854644775392,
      "p95_psnr_delta": 0.22306213378906245,
      "hard_bottom25_psnr_delta": 0.005752283732096354,
      "easy_top25_psnr_delta": 0.003818206787109375,
      "worst10pct_mean_psnr_delta": -0.25579217274983723,
      "best10pct_mean_psnr_delta": 0.24435208638509115,
      "worst10img_mean_psnr_delta": -0.43178329467773435,
      "best10img_mean_psnr_delta": 0.3660745620727539,
      "worst10_mean_psnr_delta": -0.25579217274983723,
      "best10_mean_psnr_delta": 0.24435208638509115,
      "mean_ssim_delta": -2.6455521583557128e-06,
      "positive_ratio": 0.5366666666666666,
      "strong_reference_cut_psnr": 42.834919929504395,
      "strong_reference_count": 150,
      "strong_regression_count_delta_le_-0.05": 43,
      "worst_regression_count_delta_le_-0.20": 32
    },
    {
      "label": "normal",
      "train_depth": "invert",
      "eval_depth": "normal",
      "compare_dir": "/sda/home/wangyuxin/ConvIR-B/repos/ConvIR-B-dta-v3-7-u-tqs-mix-phased1bundle/experience_docx/experiment_logs/haze4k_dta_v3_7_u_tqs_mix_20260613/dta_v3_7_v35_fdf_rcs_u3_tau_l2_s002_g025_a006_seed3407_f1_quick5full_screen3_fallback_train_normal_compare",
      "common_count": 600,
      "mean_psnr_delta": 0.001241000493367513,
      "median_psnr_delta": 0.008609771728515625,
      "p5_psnr_delta": -0.21838722229003907,
      "p95_psnr_delta": 0.2102949142456054,
      "hard_bottom25_psnr_delta": 0.0008635075887044271,
      "easy_top25_psnr_delta": 0.006911519368489583,
      "worst10pct_mean_psnr_delta": -0.25111942291259765,
      "best10pct_mean_psnr_delta": 0.2349545478820801,
      "worst10img_mean_psnr_delta": -0.41182098388671873,
      "best10img_mean_psnr_delta": 0.35611648559570314,
      "worst10_mean_psnr_delta": -0.25111942291259765,
      "best10_mean_psnr_delta": 0.2349545478820801,
      "mean_ssim_delta": 1.985430717468262e-06,
      "positive_ratio": 0.53,
      "strong_reference_cut_psnr": 42.834919929504395,
      "strong_reference_count": 150,
      "strong_regression_count_delta_le_-0.05": 43,
      "worst_regression_count_delta_le_-0.20": 34
    }
  ],
  "attribution": {
    "true_label": "true",
    "baseline_label": "zero",
    "common_count": 600,
    "mean_depth_surplus_psnr": 0.05896044095357259,
    "median_depth_surplus_psnr": 0.07925224304199219,
    "positive_surplus_ratio": 0.715
  }
}