{
  "runs": [
    {
      "label": "true",
      "train_depth": "invert",
      "eval_depth": "invert",
      "compare_dir": "/sda/home/wangyuxin/ConvIR-B/repos/ConvIR-B-dta-v3-7-u-tqs-mix-phased1bundle/experience_docx/experiment_logs/haze4k_dta_v3_7_u_tqs_mix_20260613/dta_v3_7_v35_fdf_rcs_u3_tau_l2_s002_g025_a006_seed3411_f0_quick5full_screen2_fallback_train_invert_compare",
      "common_count": 600,
      "mean_psnr_delta": 0.050911296208699545,
      "median_psnr_delta": 0.050106048583984375,
      "p5_psnr_delta": -0.2743724822998047,
      "p95_psnr_delta": 0.3892560958862304,
      "hard_bottom25_psnr_delta": 0.02933948516845703,
      "easy_top25_psnr_delta": 0.07200078328450521,
      "worst10pct_mean_psnr_delta": -0.3014426549275716,
      "best10pct_mean_psnr_delta": 0.40792687733968097,
      "worst10img_mean_psnr_delta": -0.5344425201416015,
      "best10img_mean_psnr_delta": 0.5666431427001953,
      "worst10_mean_psnr_delta": -0.3014426549275716,
      "best10_mean_psnr_delta": 0.40792687733968097,
      "mean_ssim_delta": 4.646778106689453e-06,
      "positive_ratio": 0.63,
      "strong_reference_cut_psnr": 42.755948066711426,
      "strong_reference_count": 150,
      "strong_regression_count_delta_le_-0.05": 39,
      "worst_regression_count_delta_le_-0.20": 49
    },
    {
      "label": "zero",
      "train_depth": "invert",
      "eval_depth": "zero",
      "compare_dir": "/sda/home/wangyuxin/ConvIR-B/repos/ConvIR-B-dta-v3-7-u-tqs-mix-phased1bundle/experience_docx/experiment_logs/haze4k_dta_v3_7_u_tqs_mix_20260613/dta_v3_7_v35_fdf_rcs_u3_tau_l2_s002_g025_a006_seed3411_f0_quick5full_screen2_fallback_train_zero_compare",
      "common_count": 600,
      "mean_psnr_delta": -0.004195966720581055,
      "median_psnr_delta": -0.0048046112060546875,
      "p5_psnr_delta": -0.23372573852539064,
      "p95_psnr_delta": 0.23342723846435534,
      "hard_bottom25_psnr_delta": -0.02316534678141276,
      "easy_top25_psnr_delta": 0.018985621134440103,
      "worst10pct_mean_psnr_delta": -0.25906089146931965,
      "best10pct_mean_psnr_delta": 0.24444529215494792,
      "worst10img_mean_psnr_delta": -0.41829719543457033,
      "best10img_mean_psnr_delta": 0.36553192138671875,
      "worst10_mean_psnr_delta": -0.25906089146931965,
      "best10_mean_psnr_delta": 0.24444529215494792,
      "mean_ssim_delta": -3.5419265429178874e-05,
      "positive_ratio": 0.4766666666666667,
      "strong_reference_cut_psnr": 42.755948066711426,
      "strong_reference_count": 150,
      "strong_regression_count_delta_le_-0.05": 34,
      "worst_regression_count_delta_le_-0.20": 37
    },
    {
      "label": "shuffle",
      "train_depth": "invert",
      "eval_depth": "shuffle",
      "compare_dir": "/sda/home/wangyuxin/ConvIR-B/repos/ConvIR-B-dta-v3-7-u-tqs-mix-phased1bundle/experience_docx/experiment_logs/haze4k_dta_v3_7_u_tqs_mix_20260613/dta_v3_7_v35_fdf_rcs_u3_tau_l2_s002_g025_a006_seed3411_f0_quick5full_screen2_fallback_train_shuffle_compare",
      "common_count": 600,
      "mean_psnr_delta": 0.011008704503377278,
      "median_psnr_delta": 0.0071964263916015625,
      "p5_psnr_delta": -0.22126312255859376,
      "p95_psnr_delta": 0.2727592468261718,
      "hard_bottom25_psnr_delta": -0.016748619079589844,
      "easy_top25_psnr_delta": 0.04638389587402344,
      "worst10pct_mean_psnr_delta": -0.2580057144165039,
      "best10pct_mean_psnr_delta": 0.2887739181518555,
      "worst10img_mean_psnr_delta": -0.43060836791992185,
      "best10img_mean_psnr_delta": 0.4200618743896484,
      "worst10_mean_psnr_delta": -0.2580057144165039,
      "best10_mean_psnr_delta": 0.2887739181518555,
      "mean_ssim_delta": -1.1170109113057455e-05,
      "positive_ratio": 0.5233333333333333,
      "strong_reference_cut_psnr": 42.755948066711426,
      "strong_reference_count": 150,
      "strong_regression_count_delta_le_-0.05": 29,
      "worst_regression_count_delta_le_-0.20": 42
    },
    {
      "label": "normal",
      "train_depth": "invert",
      "eval_depth": "normal",
      "compare_dir": "/sda/home/wangyuxin/ConvIR-B/repos/ConvIR-B-dta-v3-7-u-tqs-mix-phased1bundle/experience_docx/experiment_logs/haze4k_dta_v3_7_u_tqs_mix_20260613/dta_v3_7_v35_fdf_rcs_u3_tau_l2_s002_g025_a006_seed3411_f0_quick5full_screen2_fallback_train_normal_compare",
      "common_count": 600,
      "mean_psnr_delta": 0.008690983454386392,
      "median_psnr_delta": 0.008085250854492188,
      "p5_psnr_delta": -0.20982437133789061,
      "p95_psnr_delta": 0.265735816955566,
      "hard_bottom25_psnr_delta": -0.021694119771321616,
      "easy_top25_psnr_delta": 0.04476544698079427,
      "worst10pct_mean_psnr_delta": -0.24773413340250652,
      "best10pct_mean_psnr_delta": 0.2827376047770182,
      "worst10img_mean_psnr_delta": -0.4269695281982422,
      "best10img_mean_psnr_delta": 0.40768089294433596,
      "worst10_mean_psnr_delta": -0.24773413340250652,
      "best10_mean_psnr_delta": 0.2827376047770182,
      "mean_ssim_delta": -8.535285790761311e-06,
      "positive_ratio": 0.5216666666666666,
      "strong_reference_cut_psnr": 42.755948066711426,
      "strong_reference_count": 150,
      "strong_regression_count_delta_le_-0.05": 31,
      "worst_regression_count_delta_le_-0.20": 37
    }
  ],
  "attribution": {
    "true_label": "true",
    "baseline_label": "zero",
    "common_count": 600,
    "mean_depth_surplus_psnr": 0.0551072629292806,
    "median_depth_surplus_psnr": 0.06089591979980469,
    "positive_surplus_ratio": 0.695
  }
}