{
  "runs": [
    {
      "label": "true",
      "train_depth": "invert",
      "eval_depth": "invert",
      "compare_dir": "/sda/home/wangyuxin/ConvIR-B/repos/ConvIR-B-dta-v3-7-u-tqs-mix-phased1bundle/experience_docx/experiment_logs/haze4k_dta_v3_7_u_tqs_mix_20260613/dta_v3_7_v35_fdf_rcs_u2_tau_l3_s004_g015_a006_seed3407_f0_quick5full_screen2_fallback_train_invert_compare",
      "common_count": 600,
      "mean_psnr_delta": 0.07196791330973307,
      "median_psnr_delta": 0.07459449768066406,
      "p5_psnr_delta": -0.2755685806274414,
      "p95_psnr_delta": 0.4575700759887692,
      "hard_bottom25_psnr_delta": 0.0974187469482422,
      "easy_top25_psnr_delta": 0.05350947062174479,
      "worst10pct_mean_psnr_delta": -0.34181575775146483,
      "best10pct_mean_psnr_delta": 0.46488227844238283,
      "worst10img_mean_psnr_delta": -0.627581787109375,
      "best10img_mean_psnr_delta": 0.6561176300048828,
      "worst10_mean_psnr_delta": -0.34181575775146483,
      "best10_mean_psnr_delta": 0.46488227844238283,
      "mean_ssim_delta": 2.168009678522746e-05,
      "positive_ratio": 0.6366666666666667,
      "strong_reference_cut_psnr": 42.755948066711426,
      "strong_reference_count": 150,
      "strong_regression_count_delta_le_-0.05": 47,
      "worst_regression_count_delta_le_-0.20": 57
    },
    {
      "label": "zero",
      "train_depth": "invert",
      "eval_depth": "zero",
      "compare_dir": "/sda/home/wangyuxin/ConvIR-B/repos/ConvIR-B-dta-v3-7-u-tqs-mix-phased1bundle/experience_docx/experiment_logs/haze4k_dta_v3_7_u_tqs_mix_20260613/dta_v3_7_v35_fdf_rcs_u2_tau_l3_s004_g015_a006_seed3407_f0_quick5full_screen2_fallback_train_zero_compare",
      "common_count": 600,
      "mean_psnr_delta": -0.005625022252400716,
      "median_psnr_delta": -0.003284454345703125,
      "p5_psnr_delta": -0.24641838073730468,
      "p95_psnr_delta": 0.23309535980224588,
      "hard_bottom25_psnr_delta": 0.024721234639485678,
      "easy_top25_psnr_delta": -0.023021138509114584,
      "worst10pct_mean_psnr_delta": -0.27715174357096356,
      "best10pct_mean_psnr_delta": 0.2596096674601237,
      "worst10img_mean_psnr_delta": -0.4304698944091797,
      "best10img_mean_psnr_delta": 0.4190494537353516,
      "worst10_mean_psnr_delta": -0.27715174357096356,
      "best10_mean_psnr_delta": 0.2596096674601237,
      "mean_ssim_delta": -3.0111571153004964e-05,
      "positive_ratio": 0.48833333333333334,
      "strong_reference_cut_psnr": 42.755948066711426,
      "strong_reference_count": 150,
      "strong_regression_count_delta_le_-0.05": 51,
      "worst_regression_count_delta_le_-0.20": 57
    },
    {
      "label": "shuffle",
      "train_depth": "invert",
      "eval_depth": "shuffle",
      "compare_dir": "/sda/home/wangyuxin/ConvIR-B/repos/ConvIR-B-dta-v3-7-u-tqs-mix-phased1bundle/experience_docx/experiment_logs/haze4k_dta_v3_7_u_tqs_mix_20260613/dta_v3_7_v35_fdf_rcs_u2_tau_l3_s004_g015_a006_seed3407_f0_quick5full_screen2_fallback_train_shuffle_compare",
      "common_count": 600,
      "mean_psnr_delta": 0.014679142634073893,
      "median_psnr_delta": 0.012694358825683594,
      "p5_psnr_delta": -0.2413339614868164,
      "p95_psnr_delta": 0.2597204208374021,
      "hard_bottom25_psnr_delta": 0.032933489481608076,
      "easy_top25_psnr_delta": 0.014462076822916666,
      "worst10pct_mean_psnr_delta": -0.2695075352986654,
      "best10pct_mean_psnr_delta": 0.2944986661275228,
      "worst10img_mean_psnr_delta": -0.4457500457763672,
      "best10img_mean_psnr_delta": 0.48200111389160155,
      "worst10_mean_psnr_delta": -0.2695075352986654,
      "best10_mean_psnr_delta": 0.2944986661275228,
      "mean_ssim_delta": 1.8312533696492513e-06,
      "positive_ratio": 0.5416666666666666,
      "strong_reference_cut_psnr": 42.755948066711426,
      "strong_reference_count": 150,
      "strong_regression_count_delta_le_-0.05": 38,
      "worst_regression_count_delta_le_-0.20": 43
    },
    {
      "label": "normal",
      "train_depth": "invert",
      "eval_depth": "normal",
      "compare_dir": "/sda/home/wangyuxin/ConvIR-B/repos/ConvIR-B-dta-v3-7-u-tqs-mix-phased1bundle/experience_docx/experiment_logs/haze4k_dta_v3_7_u_tqs_mix_20260613/dta_v3_7_v35_fdf_rcs_u2_tau_l3_s004_g015_a006_seed3407_f0_quick5full_screen2_fallback_train_normal_compare",
      "common_count": 600,
      "mean_psnr_delta": 0.012040669123331706,
      "median_psnr_delta": 0.015745162963867188,
      "p5_psnr_delta": -0.23619155883789061,
      "p95_psnr_delta": 0.2454917907714843,
      "hard_bottom25_psnr_delta": 0.026091321309407552,
      "easy_top25_psnr_delta": 0.014116160074869792,
      "worst10pct_mean_psnr_delta": -0.2647863388061523,
      "best10pct_mean_psnr_delta": 0.2771634101867676,
      "worst10img_mean_psnr_delta": -0.44009857177734374,
      "best10img_mean_psnr_delta": 0.43927345275878904,
      "worst10_mean_psnr_delta": -0.2647863388061523,
      "best10_mean_psnr_delta": 0.2771634101867676,
      "mean_ssim_delta": 5.361139774322509e-06,
      "positive_ratio": 0.5416666666666666,
      "strong_reference_cut_psnr": 42.755948066711426,
      "strong_reference_count": 150,
      "strong_regression_count_delta_le_-0.05": 39,
      "worst_regression_count_delta_le_-0.20": 44
    }
  ],
  "attribution": {
    "true_label": "true",
    "baseline_label": "zero",
    "common_count": 600,
    "mean_depth_surplus_psnr": 0.07759293556213379,
    "median_depth_surplus_psnr": 0.08694839477539062,
    "positive_surplus_ratio": 0.6983333333333334
  }
}