{
  "runs": [
    {
      "label": "true",
      "train_depth": "invert",
      "eval_depth": "invert",
      "compare_dir": "/sda/home/wangyuxin/ConvIR-B/repos/ConvIR-B-dta-v3-7-u-tqs-mix-phased1bundle/experience_docx/experiment_logs/haze4k_dta_v3_7_u_tqs_mix_20260613/dta_v3_7_v35_fdf_rcs_u1_tau_l1_s004_g025_a006_seed3407_f1_quick5full_fallback_train_invert_compare",
      "common_count": 600,
      "mean_psnr_delta": 0.06675875345865885,
      "median_psnr_delta": 0.07865333557128906,
      "p5_psnr_delta": -0.39589824676513674,
      "p95_psnr_delta": 0.4281343460083005,
      "hard_bottom25_psnr_delta": 0.08210634867350261,
      "easy_top25_psnr_delta": 0.032818196614583336,
      "worst10pct_mean_psnr_delta": -0.42074915568033855,
      "best10pct_mean_psnr_delta": 0.4869417190551758,
      "worst10img_mean_psnr_delta": -0.7115589141845703,
      "best10img_mean_psnr_delta": 0.7327262878417968,
      "worst10_mean_psnr_delta": -0.42074915568033855,
      "best10_mean_psnr_delta": 0.4869417190551758,
      "mean_ssim_delta": 8.24044148127238e-06,
      "positive_ratio": 0.64,
      "strong_reference_cut_psnr": 42.834919929504395,
      "strong_reference_count": 150,
      "strong_regression_count_delta_le_-0.05": 52,
      "worst_regression_count_delta_le_-0.20": 70
    },
    {
      "label": "zero",
      "train_depth": "invert",
      "eval_depth": "zero",
      "compare_dir": "/sda/home/wangyuxin/ConvIR-B/repos/ConvIR-B-dta-v3-7-u-tqs-mix-phased1bundle/experience_docx/experiment_logs/haze4k_dta_v3_7_u_tqs_mix_20260613/dta_v3_7_v35_fdf_rcs_u1_tau_l1_s004_g025_a006_seed3407_f1_quick5full_fallback_train_zero_compare",
      "common_count": 600,
      "mean_psnr_delta": -0.0201277224222819,
      "median_psnr_delta": -0.019033432006835938,
      "p5_psnr_delta": -0.23745250701904297,
      "p95_psnr_delta": 0.21651020050048808,
      "hard_bottom25_psnr_delta": -0.02116991678873698,
      "easy_top25_psnr_delta": -0.018891525268554688,
      "worst10pct_mean_psnr_delta": -0.2724375089009603,
      "best10pct_mean_psnr_delta": 0.23536647160847982,
      "worst10img_mean_psnr_delta": -0.44153289794921874,
      "best10img_mean_psnr_delta": 0.3684684753417969,
      "worst10_mean_psnr_delta": -0.2724375089009603,
      "best10_mean_psnr_delta": 0.23536647160847982,
      "mean_ssim_delta": -5.269537369410197e-05,
      "positive_ratio": 0.4216666666666667,
      "strong_reference_cut_psnr": 42.834919929504395,
      "strong_reference_count": 150,
      "strong_regression_count_delta_le_-0.05": 60,
      "worst_regression_count_delta_le_-0.20": 53
    },
    {
      "label": "shuffle",
      "train_depth": "invert",
      "eval_depth": "shuffle",
      "compare_dir": "/sda/home/wangyuxin/ConvIR-B/repos/ConvIR-B-dta-v3-7-u-tqs-mix-phased1bundle/experience_docx/experiment_logs/haze4k_dta_v3_7_u_tqs_mix_20260613/dta_v3_7_v35_fdf_rcs_u1_tau_l1_s004_g025_a006_seed3407_f1_quick5full_fallback_train_shuffle_compare",
      "common_count": 600,
      "mean_psnr_delta": -0.0023283036549886066,
      "median_psnr_delta": 0.0035228729248046875,
      "p5_psnr_delta": -0.2528656005859375,
      "p95_psnr_delta": 0.2484962463378906,
      "hard_bottom25_psnr_delta": -0.00410546620686849,
      "easy_top25_psnr_delta": 0.0006317392985026041,
      "worst10pct_mean_psnr_delta": -0.30439364115397133,
      "best10pct_mean_psnr_delta": 0.27308066685994464,
      "worst10img_mean_psnr_delta": -0.5100677490234375,
      "best10img_mean_psnr_delta": 0.41857566833496096,
      "worst10_mean_psnr_delta": -0.30439364115397133,
      "best10_mean_psnr_delta": 0.27308066685994464,
      "mean_ssim_delta": -1.2604594230651855e-05,
      "positive_ratio": 0.5133333333333333,
      "strong_reference_cut_psnr": 42.834919929504395,
      "strong_reference_count": 150,
      "strong_regression_count_delta_le_-0.05": 48,
      "worst_regression_count_delta_le_-0.20": 53
    },
    {
      "label": "normal",
      "train_depth": "invert",
      "eval_depth": "normal",
      "compare_dir": "/sda/home/wangyuxin/ConvIR-B/repos/ConvIR-B-dta-v3-7-u-tqs-mix-phased1bundle/experience_docx/experiment_logs/haze4k_dta_v3_7_u_tqs_mix_20260613/dta_v3_7_v35_fdf_rcs_u1_tau_l1_s004_g025_a006_seed3407_f1_quick5full_fallback_train_normal_compare",
      "common_count": 600,
      "mean_psnr_delta": -0.006575978597005208,
      "median_psnr_delta": -0.0028667449951171875,
      "p5_psnr_delta": -0.24746150970458985,
      "p95_psnr_delta": 0.23235626220703115,
      "hard_bottom25_psnr_delta": -0.011774749755859374,
      "easy_top25_psnr_delta": 0.006954879760742188,
      "worst10pct_mean_psnr_delta": -0.29095684687296547,
      "best10pct_mean_psnr_delta": 0.2558109919230143,
      "worst10img_mean_psnr_delta": -0.47518386840820315,
      "best10img_mean_psnr_delta": 0.40082435607910155,
      "worst10_mean_psnr_delta": -0.29095684687296547,
      "best10_mean_psnr_delta": 0.2558109919230143,
      "mean_ssim_delta": -5.898475646972656e-06,
      "positive_ratio": 0.48833333333333334,
      "strong_reference_cut_psnr": 42.834919929504395,
      "strong_reference_count": 150,
      "strong_regression_count_delta_le_-0.05": 45,
      "worst_regression_count_delta_le_-0.20": 54
    }
  ],
  "attribution": {
    "true_label": "true",
    "baseline_label": "zero",
    "common_count": 600,
    "mean_depth_surplus_psnr": 0.08688647588094076,
    "median_depth_surplus_psnr": 0.1177225112915039,
    "positive_surplus_ratio": 0.6933333333333334
  }
}