{
  "runs": [
    {
      "label": "true",
      "train_depth": "invert",
      "eval_depth": "invert",
      "compare_dir": "/sda/home/wangyuxin/ConvIR-B/repos/ConvIR-B-dta-v3-7-u-tqs-mix-phased1bundle/experience_docx/experiment_logs/haze4k_dta_v3_7_u_tqs_mix_20260613/dta_v3_7_v35_fdf_rcs_u1_tau_l1_s004_g025_a006_seed3407_f0_quick5full_fallback_train_invert_compare",
      "common_count": 600,
      "mean_psnr_delta": 0.08476035753885905,
      "median_psnr_delta": 0.0869140625,
      "p5_psnr_delta": -0.3337873458862305,
      "p95_psnr_delta": 0.5241340637207031,
      "hard_bottom25_psnr_delta": 0.10983636220296224,
      "easy_top25_psnr_delta": 0.06100372314453125,
      "worst10pct_mean_psnr_delta": -0.3992815653483073,
      "best10pct_mean_psnr_delta": 0.5447655995686849,
      "worst10img_mean_psnr_delta": -0.7273700714111329,
      "best10img_mean_psnr_delta": 0.7629070281982422,
      "worst10_mean_psnr_delta": -0.3992815653483073,
      "best10_mean_psnr_delta": 0.5447655995686849,
      "mean_ssim_delta": 2.0607113838195802e-05,
      "positive_ratio": 0.65,
      "strong_reference_cut_psnr": 42.755948066711426,
      "strong_reference_count": 150,
      "strong_regression_count_delta_le_-0.05": 53,
      "worst_regression_count_delta_le_-0.20": 70
    },
    {
      "label": "zero",
      "train_depth": "invert",
      "eval_depth": "zero",
      "compare_dir": "/sda/home/wangyuxin/ConvIR-B/repos/ConvIR-B-dta-v3-7-u-tqs-mix-phased1bundle/experience_docx/experiment_logs/haze4k_dta_v3_7_u_tqs_mix_20260613/dta_v3_7_v35_fdf_rcs_u1_tau_l1_s004_g025_a006_seed3407_f0_quick5full_fallback_train_zero_compare",
      "common_count": 600,
      "mean_psnr_delta": -0.007360725402832031,
      "median_psnr_delta": -0.0050220489501953125,
      "p5_psnr_delta": -0.26786327362060547,
      "p95_psnr_delta": 0.24642333984374956,
      "hard_bottom25_psnr_delta": 0.02160870869954427,
      "easy_top25_psnr_delta": -0.025678507486979165,
      "worst10pct_mean_psnr_delta": -0.2956814448038737,
      "best10pct_mean_psnr_delta": 0.27000268300374347,
      "worst10img_mean_psnr_delta": -0.4444549560546875,
      "best10img_mean_psnr_delta": 0.4310260772705078,
      "worst10_mean_psnr_delta": -0.2956814448038737,
      "best10_mean_psnr_delta": 0.27000268300374347,
      "mean_ssim_delta": -4.026512304941813e-05,
      "positive_ratio": 0.4816666666666667,
      "strong_reference_cut_psnr": 42.755948066711426,
      "strong_reference_count": 150,
      "strong_regression_count_delta_le_-0.05": 55,
      "worst_regression_count_delta_le_-0.20": 60
    },
    {
      "label": "shuffle",
      "train_depth": "invert",
      "eval_depth": "shuffle",
      "compare_dir": "/sda/home/wangyuxin/ConvIR-B/repos/ConvIR-B-dta-v3-7-u-tqs-mix-phased1bundle/experience_docx/experiment_logs/haze4k_dta_v3_7_u_tqs_mix_20260613/dta_v3_7_v35_fdf_rcs_u1_tau_l1_s004_g025_a006_seed3407_f0_quick5full_fallback_train_shuffle_compare",
      "common_count": 600,
      "mean_psnr_delta": 0.015446828206380209,
      "median_psnr_delta": 0.01619720458984375,
      "p5_psnr_delta": -0.2526569366455078,
      "p95_psnr_delta": 0.2740245819091793,
      "hard_bottom25_psnr_delta": 0.030609461466471356,
      "easy_top25_psnr_delta": 0.016850051879882814,
      "worst10pct_mean_psnr_delta": -0.2849190394083659,
      "best10pct_mean_psnr_delta": 0.3124348322550456,
      "worst10img_mean_psnr_delta": -0.46958770751953127,
      "best10img_mean_psnr_delta": 0.5151931762695312,
      "worst10_mean_psnr_delta": -0.2849190394083659,
      "best10_mean_psnr_delta": 0.3124348322550456,
      "mean_ssim_delta": -2.599060535430908e-06,
      "positive_ratio": 0.545,
      "strong_reference_cut_psnr": 42.755948066711426,
      "strong_reference_count": 150,
      "strong_regression_count_delta_le_-0.05": 38,
      "worst_regression_count_delta_le_-0.20": 49
    },
    {
      "label": "normal",
      "train_depth": "invert",
      "eval_depth": "normal",
      "compare_dir": "/sda/home/wangyuxin/ConvIR-B/repos/ConvIR-B-dta-v3-7-u-tqs-mix-phased1bundle/experience_docx/experiment_logs/haze4k_dta_v3_7_u_tqs_mix_20260613/dta_v3_7_v35_fdf_rcs_u1_tau_l1_s004_g025_a006_seed3407_f0_quick5full_fallback_train_normal_compare",
      "common_count": 600,
      "mean_psnr_delta": 0.012016550699869791,
      "median_psnr_delta": 0.01454925537109375,
      "p5_psnr_delta": -0.25533351898193357,
      "p95_psnr_delta": 0.25092868804931634,
      "hard_bottom25_psnr_delta": 0.021820348103841147,
      "easy_top25_psnr_delta": 0.01599067687988281,
      "worst10pct_mean_psnr_delta": -0.2801027297973633,
      "best10pct_mean_psnr_delta": 0.28887399037679035,
      "worst10img_mean_psnr_delta": -0.4616443634033203,
      "best10img_mean_psnr_delta": 0.46317901611328127,
      "worst10_mean_psnr_delta": -0.2801027297973633,
      "best10_mean_psnr_delta": 0.28887399037679035,
      "mean_ssim_delta": 1.5570720036824545e-06,
      "positive_ratio": 0.5366666666666666,
      "strong_reference_cut_psnr": 42.755948066711426,
      "strong_reference_count": 150,
      "strong_regression_count_delta_le_-0.05": 37,
      "worst_regression_count_delta_le_-0.20": 45
    }
  ],
  "attribution": {
    "true_label": "true",
    "baseline_label": "zero",
    "common_count": 600,
    "mean_depth_surplus_psnr": 0.09212108294169108,
    "median_depth_surplus_psnr": 0.10395240783691406,
    "positive_surplus_ratio": 0.6966666666666667
  }
}