{
  "runs": [
    {
      "label": "true",
      "train_depth": "invert",
      "eval_depth": "invert",
      "compare_dir": "/sda/home/wangyuxin/ConvIR-B/repos/ConvIR-B-dta-v3-7-u-tqs-mix-phased1bundle/experience_docx/experiment_logs/haze4k_dta_v3_7_u_tqs_mix_20260613/dta_v3_7_v35_fdf_rcs_u2_tau_l3_s004_g015_a006_seed3411_f1_quick5full_screen2_fallback_train_invert_compare",
      "common_count": 600,
      "mean_psnr_delta": 0.04769426027933756,
      "median_psnr_delta": 0.05720329284667969,
      "p5_psnr_delta": -0.28818817138671876,
      "p95_psnr_delta": 0.3610849380493164,
      "hard_bottom25_psnr_delta": 0.061050554911295574,
      "easy_top25_psnr_delta": 0.01961125691731771,
      "worst10pct_mean_psnr_delta": -0.3493875821431478,
      "best10pct_mean_psnr_delta": 0.3971558570861816,
      "worst10img_mean_psnr_delta": -0.6039947509765625,
      "best10img_mean_psnr_delta": 0.6316997528076171,
      "worst10_mean_psnr_delta": -0.3493875821431478,
      "best10_mean_psnr_delta": 0.3971558570861816,
      "mean_ssim_delta": 3.1851728757222493e-06,
      "positive_ratio": 0.6516666666666666,
      "strong_reference_cut_psnr": 42.834919929504395,
      "strong_reference_count": 150,
      "strong_regression_count_delta_le_-0.05": 51,
      "worst_regression_count_delta_le_-0.20": 58
    },
    {
      "label": "zero",
      "train_depth": "invert",
      "eval_depth": "zero",
      "compare_dir": "/sda/home/wangyuxin/ConvIR-B/repos/ConvIR-B-dta-v3-7-u-tqs-mix-phased1bundle/experience_docx/experiment_logs/haze4k_dta_v3_7_u_tqs_mix_20260613/dta_v3_7_v35_fdf_rcs_u2_tau_l3_s004_g015_a006_seed3411_f1_quick5full_screen2_fallback_train_zero_compare",
      "common_count": 600,
      "mean_psnr_delta": -0.029256598154703776,
      "median_psnr_delta": -0.036457061767578125,
      "p5_psnr_delta": -0.2819723129272461,
      "p95_psnr_delta": 0.21992473602294912,
      "hard_bottom25_psnr_delta": -0.026739120483398438,
      "easy_top25_psnr_delta": -0.03545944213867187,
      "worst10pct_mean_psnr_delta": -0.29996166229248045,
      "best10pct_mean_psnr_delta": 0.25452839533487953,
      "worst10img_mean_psnr_delta": -0.4134830474853516,
      "best10img_mean_psnr_delta": 0.4452060699462891,
      "worst10_mean_psnr_delta": -0.29996166229248045,
      "best10_mean_psnr_delta": 0.25452839533487953,
      "mean_ssim_delta": -5.58049480120341e-05,
      "positive_ratio": 0.4033333333333333,
      "strong_reference_cut_psnr": 42.834919929504395,
      "strong_reference_count": 150,
      "strong_regression_count_delta_le_-0.05": 62,
      "worst_regression_count_delta_le_-0.20": 67
    },
    {
      "label": "shuffle",
      "train_depth": "invert",
      "eval_depth": "shuffle",
      "compare_dir": "/sda/home/wangyuxin/ConvIR-B/repos/ConvIR-B-dta-v3-7-u-tqs-mix-phased1bundle/experience_docx/experiment_logs/haze4k_dta_v3_7_u_tqs_mix_20260613/dta_v3_7_v35_fdf_rcs_u2_tau_l3_s004_g015_a006_seed3411_f1_quick5full_screen2_fallback_train_shuffle_compare",
      "common_count": 600,
      "mean_psnr_delta": -0.010417019526163737,
      "median_psnr_delta": -0.0113525390625,
      "p5_psnr_delta": -0.2428140640258789,
      "p95_psnr_delta": 0.2197839736938475,
      "hard_bottom25_psnr_delta": -0.009954668680826824,
      "easy_top25_psnr_delta": -0.012537485758463541,
      "worst10pct_mean_psnr_delta": -0.28896074295043944,
      "best10pct_mean_psnr_delta": 0.2711109479268392,
      "worst10img_mean_psnr_delta": -0.4357582092285156,
      "best10img_mean_psnr_delta": 0.4931507110595703,
      "worst10_mean_psnr_delta": -0.28896074295043944,
      "best10_mean_psnr_delta": 0.2711109479268392,
      "mean_ssim_delta": -1.5788177649180094e-05,
      "positive_ratio": 0.475,
      "strong_reference_cut_psnr": 42.834919929504395,
      "strong_reference_count": 150,
      "strong_regression_count_delta_le_-0.05": 58,
      "worst_regression_count_delta_le_-0.20": 53
    },
    {
      "label": "normal",
      "train_depth": "invert",
      "eval_depth": "normal",
      "compare_dir": "/sda/home/wangyuxin/ConvIR-B/repos/ConvIR-B-dta-v3-7-u-tqs-mix-phased1bundle/experience_docx/experiment_logs/haze4k_dta_v3_7_u_tqs_mix_20260613/dta_v3_7_v35_fdf_rcs_u2_tau_l3_s004_g015_a006_seed3411_f1_quick5full_screen2_fallback_train_normal_compare",
      "common_count": 600,
      "mean_psnr_delta": -0.014159132639567057,
      "median_psnr_delta": -0.010107040405273438,
      "p5_psnr_delta": -0.2685514450073242,
      "p95_psnr_delta": 0.2192728042602539,
      "hard_bottom25_psnr_delta": -0.015939966837565104,
      "easy_top25_psnr_delta": -0.008991877237955729,
      "worst10pct_mean_psnr_delta": -0.3004371007283529,
      "best10pct_mean_psnr_delta": 0.26219088236490884,
      "worst10img_mean_psnr_delta": -0.45734443664550783,
      "best10img_mean_psnr_delta": 0.4946147918701172,
      "worst10_mean_psnr_delta": -0.3004371007283529,
      "best10_mean_psnr_delta": 0.26219088236490884,
      "mean_ssim_delta": -9.270111719767253e-06,
      "positive_ratio": 0.46166666666666667,
      "strong_reference_cut_psnr": 42.834919929504395,
      "strong_reference_count": 150,
      "strong_regression_count_delta_le_-0.05": 52,
      "worst_regression_count_delta_le_-0.20": 53
    }
  ],
  "attribution": {
    "true_label": "true",
    "baseline_label": "zero",
    "common_count": 600,
    "mean_depth_surplus_psnr": 0.07695085843404134,
    "median_depth_surplus_psnr": 0.10114288330078125,
    "positive_surplus_ratio": 0.7166666666666667
  }
}