{
  "action_rows": 7802,
  "feature_note": "Threshold selector uses only per-image diagnostics from train-derived OOF folds; locked test is untouched.",
  "locked_test_touched": false,
  "max_coverage": 0.95,
  "min_coverage": 0.2,
  "protocol": "nested_fold_threshold_selector_relaxed_flow",
  "reports": [
    {
      "all_image_positive_ratio": 0.13311148086522462,
      "calibration_coverage": 0.2,
      "calibration_objective": 0.047811096212599005,
      "coverage": 0.20133111480865223,
      "direction": "<=",
      "feature": "depth_mean",
      "inner_calibration_fold": "1",
      "outer_fold": "0",
      "selected_dssim": 1.5338526390951604e-06,
      "selected_hard": 0.040104974110921225,
      "selected_mean": 0.017390539959544152,
      "selected_positive_ratio": 0.6611570247933884,
      "threshold": 1.390814733505249,
      "true_vs_normal": 0.021758001774995775,
      "true_vs_shuffle": 0.019535226552141287,
      "true_vs_zero": 0.02777621829370889,
      "variant": "u1_tau_l1_s004_g025_a006",
      "worst": 21
    },
    {
      "all_image_positive_ratio": 0.14444444444444443,
      "calibration_coverage": 0.20049916805324458,
      "calibration_objective": 0.017882136078079352,
      "coverage": 0.21166666666666667,
      "direction": ">=",
      "feature": "dta_airlight_uncertainty_mean",
      "inner_calibration_fold": "0",
      "outer_fold": "1",
      "selected_dssim": 1.9638737042744953e-06,
      "selected_hard": 0.04371930016411675,
      "selected_mean": 0.021086825264824763,
      "selected_positive_ratio": 0.6824146981627297,
      "threshold": 0.10234900563955307,
      "true_vs_normal": 0.016299164030287,
      "true_vs_shuffle": 0.015126934051513672,
      "true_vs_zero": 0.01956981870863173,
      "variant": "u1_tau_l1_s004_g025_a006",
      "worst": 42
    },
    {
      "all_image_positive_ratio": 0.13166666666666665,
      "calibration_coverage": 0.2,
      "calibration_objective": 0.04724601138432821,
      "coverage": 0.2,
      "direction": "<=",
      "feature": "depth_mean",
      "inner_calibration_fold": "1",
      "outer_fold": "0",
      "selected_dssim": 3.0844410260518393e-06,
      "selected_hard": 0.03600752512613932,
      "selected_mean": 0.015806166330973308,
      "selected_positive_ratio": 0.6583333333333333,
      "threshold": 1.390814733505249,
      "true_vs_normal": 0.017967123985290528,
      "true_vs_shuffle": 0.016047209103902182,
      "true_vs_zero": 0.02323160171508789,
      "variant": "u2_tau_l3_s004_g015_a006",
      "worst": 17
    },
    {
      "all_image_positive_ratio": 0.15083333333333335,
      "calibration_coverage": 0.2,
      "calibration_objective": 0.01877152249018351,
      "coverage": 0.20333333333333334,
      "direction": ">=",
      "feature": "dta_t_uncertainty_mean",
      "inner_calibration_fold": "0",
      "outer_fold": "1",
      "selected_dssim": 6.224513053894043e-06,
      "selected_hard": 0.04192418416341146,
      "selected_mean": 0.020631688435872396,
      "selected_positive_ratio": 0.7418032786885246,
      "threshold": 0.272683197259903,
      "true_vs_normal": 0.015707715352376302,
      "true_vs_shuffle": 0.013930269877115885,
      "true_vs_zero": 0.019022669792175293,
      "variant": "u2_tau_l3_s004_g015_a006",
      "worst": 16
    },
    {
      "all_image_positive_ratio": 0.13083333333333333,
      "calibration_coverage": 0.2,
      "calibration_objective": 0.039840868361790974,
      "coverage": 0.2,
      "direction": "<=",
      "feature": "depth_mean",
      "inner_calibration_fold": "1",
      "outer_fold": "0",
      "selected_dssim": 2.978344758351644e-06,
      "selected_hard": 0.03039751688639323,
      "selected_mean": 0.013280684153238933,
      "selected_positive_ratio": 0.6541666666666667,
      "threshold": 1.390814733505249,
      "true_vs_normal": 0.014275573094685872,
      "true_vs_shuffle": 0.0126669708887736,
      "true_vs_zero": 0.018864658673604328,
      "variant": "u3_tau_l2_s002_g025_a006",
      "worst": 12
    },
    {
      "all_image_positive_ratio": 0.13166666666666665,
      "calibration_coverage": 0.2,
      "calibration_objective": 0.017020303217569983,
      "coverage": 0.19166666666666668,
      "direction": ">=",
      "feature": "dta_airlight_uncertainty_mean",
      "inner_calibration_fold": "0",
      "outer_fold": "1",
      "selected_dssim": 8.565187454223632e-07,
      "selected_hard": 0.02339614232381185,
      "selected_mean": 0.011500449180603027,
      "selected_positive_ratio": 0.6869565217391305,
      "threshold": 0.10228623300790787,
      "true_vs_normal": 0.00982338587443034,
      "true_vs_shuffle": 0.009201014836629232,
      "true_vs_zero": 0.01240132967631022,
      "variant": "u3_tau_l2_s002_g025_a006",
      "worst": 12
    }
  ],
  "variant_summaries": [
    {
      "all_image_positive_ratio": 0.13877796265483452,
      "coverage": 0.20649889073765945,
      "max_outer_worst": 42.0,
      "outer_reports": 2,
      "relaxed_selector_flow_pass": true,
      "selected_dssim": 1.7488631716848279e-06,
      "selected_hard": 0.041912137137518984,
      "selected_mean": 0.019238682612184456,
      "selected_positive_ratio": 0.6717858614780591,
      "strict_selector_gate_pass": false,
      "true_vs_normal": 0.019028582902641387,
      "true_vs_shuffle": 0.01733108030182748,
      "true_vs_zero": 0.02367301850117031,
      "variant": "u1_tau_l1_s004_g025_a006",
      "worst": 31.5
    },
    {
      "all_image_positive_ratio": 0.14125,
      "coverage": 0.20166666666666666,
      "max_outer_worst": 17.0,
      "outer_reports": 2,
      "relaxed_selector_flow_pass": true,
      "selected_dssim": 4.654477039972941e-06,
      "selected_hard": 0.038965854644775394,
      "selected_mean": 0.018218927383422852,
      "selected_positive_ratio": 0.700068306010929,
      "strict_selector_gate_pass": false,
      "true_vs_normal": 0.016837419668833415,
      "true_vs_shuffle": 0.014988739490509034,
      "true_vs_zero": 0.021127135753631593,
      "variant": "u2_tau_l3_s004_g015_a006",
      "worst": 16.5
    },
    {
      "all_image_positive_ratio": 0.13124999999999998,
      "coverage": 0.19583333333333336,
      "max_outer_worst": 12.0,
      "outer_reports": 2,
      "relaxed_selector_flow_pass": false,
      "selected_dssim": 1.9174317518870037e-06,
      "selected_hard": 0.02689682960510254,
      "selected_mean": 0.012390566666920979,
      "selected_positive_ratio": 0.6705615942028986,
      "strict_selector_gate_pass": false,
      "true_vs_normal": 0.012049479484558106,
      "true_vs_shuffle": 0.010933992862701416,
      "true_vs_zero": 0.015632994174957275,
      "variant": "u3_tau_l2_s002_g025_a006",
      "worst": 12.0
    }
  ]
}
