variant,outer_fold,inner_calibration_fold,feature,direction,threshold,calibration_objective,calibration_coverage,coverage,selected_mean,selected_hard,selected_dssim,selected_positive_ratio,all_image_positive_ratio,worst,true_vs_zero,true_vs_shuffle,true_vs_normal
u1_tau_l1_s004_g025_a006,0,1,depth_mean,<=,1.390814733505249,0.047811096212599005,0.2,0.20133111480865223,0.017390539959544152,0.040104974110921225,1.5338526390951604e-06,0.6611570247933884,0.13311148086522462,21,0.02777621829370889,0.019535226552141287,0.021758001774995775
u1_tau_l1_s004_g025_a006,1,0,dta_airlight_uncertainty_mean,>=,0.10234900563955307,0.017882136078079352,0.20049916805324458,0.21166666666666667,0.021086825264824763,0.04371930016411675,1.9638737042744953e-06,0.6824146981627297,0.14444444444444443,42,0.01956981870863173,0.015126934051513672,0.016299164030287
u2_tau_l3_s004_g015_a006,0,1,depth_mean,<=,1.390814733505249,0.04724601138432821,0.2,0.2,0.015806166330973308,0.03600752512613932,3.0844410260518393e-06,0.6583333333333333,0.13166666666666665,17,0.02323160171508789,0.016047209103902182,0.017967123985290528
u2_tau_l3_s004_g015_a006,1,0,dta_t_uncertainty_mean,>=,0.272683197259903,0.01877152249018351,0.2,0.20333333333333334,0.020631688435872396,0.04192418416341146,6.224513053894043e-06,0.7418032786885246,0.15083333333333335,16,0.019022669792175293,0.013930269877115885,0.015707715352376302
u3_tau_l2_s002_g025_a006,0,1,depth_mean,<=,1.390814733505249,0.039840868361790974,0.2,0.2,0.013280684153238933,0.03039751688639323,2.978344758351644e-06,0.6541666666666667,0.13083333333333333,12,0.018864658673604328,0.0126669708887736,0.014275573094685872
u3_tau_l2_s002_g025_a006,1,0,dta_airlight_uncertainty_mean,>=,0.10228623300790787,0.017020303217569983,0.2,0.19166666666666668,0.011500449180603027,0.02339614232381185,8.565187454223632e-07,0.6869565217391305,0.13166666666666665,12,0.01240132967631022,0.009201014836629232,0.00982338587443034
