{
  "runs": {
    "A0": {
      "label": "A0",
      "arch": "official_convir",
      "mode": "original",
      "checkpoint": "/sda/home/wangyuxin/ConvIR-B/checkpoints/official/Haze4K/haze4k-base.pkl",
      "depth_mode": "none",
      "count": 600,
      "mean_psnr": 39.35034857114156,
      "mean_ssim": 0.9957262628277143,
      "avg_time_sec_sync": 0.03697411378224691,
      "median_time_sec_sync": 0.038017868995666504,
      "peak_cuda_mem_mib": 535.95654296875
    },
    "DTA_v3_PhaseA_r0s010_lr3e5_ref005": {
      "label": "DTA_v3_PhaseA_r0s010_lr3e5_ref005",
      "arch": "dta_v3",
      "mode": "modres",
      "checkpoint": "/sda/home/wangyuxin/ConvIR-B/repos/ConvIR-B-dta-v3-dapc-finetune-r0variants/Dehazing/ITS/results/ConvIR-Haze4K-DTA-v3-DAPC-PhaseA-r0s010_lr3e5_ref005-seed3407-f0-scout5full/Training-Results/Final.pkl",
      "depth_mode": "zero",
      "count": 600,
      "mean_psnr": 39.32449271519979,
      "mean_ssim": 0.9957044435540835,
      "avg_time_sec_sync": 0.04039276520411173,
      "median_time_sec_sync": 0.04039907455444336,
      "peak_cuda_mem_mib": 537.8271484375
    }
  },
  "comparison": {
    "common_count": 600,
    "mean_psnr_delta": -0.025855855941772463,
    "median_psnr_delta": -0.016742706298828125,
    "p5_psnr_delta": -0.26661834716796873,
    "p95_psnr_delta": 0.18286552429199207,
    "hard_bottom25_psnr_delta": -0.05690044403076172,
    "easy_top25_psnr_delta": 0.024448954264322916,
    "worst10pct_mean_psnr_delta": -0.30856622060139977,
    "best10pct_mean_psnr_delta": 0.21221043268839518,
    "worst10img_mean_psnr_delta": -0.5240959167480469,
    "best10img_mean_psnr_delta": 0.35305213928222656,
    "worst10_mean_psnr_delta": -0.30856622060139977,
    "best10_mean_psnr_delta": 0.21221043268839518,
    "mean_ssim_delta": -2.1819273630777995e-05,
    "positive_ratio": 0.44166666666666665,
    "strong_reference_cut_psnr": 42.755948066711426,
    "strong_reference_count": 150,
    "strong_regression_count_delta_le_-0.05": 35,
    "worst_regression_count_delta_le_-0.20": 56
  }
}