{
  "alpha_grid": [
    0.0,
    0.25,
    0.5,
    0.75,
    1.0
  ],
  "fixed_alpha_summaries": {
    "0p00": {
      "alpha_0p00_count": 3000,
      "alpha_0p25_count": 0,
      "alpha_0p50_count": 0,
      "alpha_0p75_count": 0,
      "alpha_1p00_count": 0,
      "best10pct_delta": 0.0,
      "count": 3000,
      "coverage": 0.0,
      "easy_top25_delta": 0.0,
      "hard_bottom25_delta": 0.0,
      "label": "fixed_alpha_0p00",
      "mean_delta": 0.0,
      "mean_ssim_delta": 0.0,
      "median_delta": 0.0,
      "p5_delta": 0.0,
      "p95_delta": 0.0,
      "positive_ratio": 0.0,
      "strong_regression_ratio": 0.0,
      "utility_gate_checks": {
        "easy_top25_delta_ge_neg0p10": true,
        "hard_bottom25_delta_ge_0p25": false,
        "mean_delta_ge_0p10": false,
        "strong_ratio_le_0p30": true,
        "worst_ratio_le_0p10": true
      },
      "utility_gate_pass": false,
      "worst10pct_delta": 0.0,
      "worst_regression_ratio": 0.0
    },
    "0p25": {
      "alpha_0p00_count": 0,
      "alpha_0p25_count": 3000,
      "alpha_0p50_count": 0,
      "alpha_0p75_count": 0,
      "alpha_1p00_count": 0,
      "best10pct_delta": 1.3691319211324056,
      "count": 3000,
      "coverage": 1.0,
      "easy_top25_delta": 0.5182156829833985,
      "hard_bottom25_delta": 0.23406250508626303,
      "label": "fixed_alpha_0p25",
      "mean_delta": 0.37231010182698565,
      "mean_ssim_delta": 0.00014518155654271443,
      "median_delta": 0.37450599670410156,
      "p5_delta": -0.45602769851684577,
      "p95_delta": 1.2595151901245119,
      "positive_ratio": 0.798,
      "strong_regression_ratio": 0.10666666666666667,
      "utility_gate_checks": {
        "easy_top25_delta_ge_neg0p10": true,
        "hard_bottom25_delta_ge_0p25": false,
        "mean_delta_ge_0p10": true,
        "strong_ratio_le_0p30": true,
        "worst_ratio_le_0p10": false
      },
      "utility_gate_pass": false,
      "worst10pct_delta": -0.6840976651509603,
      "worst_regression_ratio": 0.109
    },
    "0p50": {
      "alpha_0p00_count": 0,
      "alpha_0p25_count": 0,
      "alpha_0p50_count": 3000,
      "alpha_0p75_count": 0,
      "alpha_1p00_count": 0,
      "best10pct_delta": 2.400738023122152,
      "count": 3000,
      "coverage": 1.0,
      "easy_top25_delta": 0.5523483784993489,
      "hard_bottom25_delta": 0.3905354334513346,
      "label": "fixed_alpha_0p50",
      "mean_delta": 0.45810986709594725,
      "mean_ssim_delta": 5.7454208532969154e-05,
      "median_delta": 0.4827594757080078,
      "p5_delta": -1.201797866821289,
      "p95_delta": 2.1853433609008803,
      "positive_ratio": 0.7113333333333334,
      "strong_regression_ratio": 0.20933333333333334,
      "utility_gate_checks": {
        "easy_top25_delta_ge_neg0p10": true,
        "hard_bottom25_delta_ge_0p25": true,
        "mean_delta_ge_0p10": true,
        "strong_ratio_le_0p30": true,
        "worst_ratio_le_0p10": false
      },
      "utility_gate_pass": false,
      "worst10pct_delta": -1.6413095601399739,
      "worst_regression_ratio": 0.215
    },
    "0p75": {
      "alpha_0p00_count": 0,
      "alpha_0p25_count": 0,
      "alpha_0p50_count": 0,
      "alpha_0p75_count": 3000,
      "alpha_1p00_count": 0,
      "best10pct_delta": 2.95017817179362,
      "count": 3000,
      "coverage": 1.0,
      "easy_top25_delta": 0.09372987874348958,
      "hard_bottom25_delta": 0.45430643208821614,
      "label": "fixed_alpha_0p75",
      "mean_delta": 0.23690246486663818,
      "mean_ssim_delta": -0.0002336191236972809,
      "median_delta": 0.28299522399902344,
      "p5_delta": -2.248174285888672,
      "p95_delta": 2.607046508789064,
      "positive_ratio": 0.594,
      "strong_regression_ratio": 0.4053333333333333,
      "utility_gate_checks": {
        "easy_top25_delta_ge_neg0p10": true,
        "hard_bottom25_delta_ge_0p25": true,
        "mean_delta_ge_0p10": true,
        "strong_ratio_le_0p30": false,
        "worst_ratio_le_0p10": false
      },
      "utility_gate_pass": false,
      "worst10pct_delta": -2.7980131753285726,
      "worst_regression_ratio": 0.343
    },
    "1p00": {
      "alpha_0p00_count": 0,
      "alpha_0p25_count": 0,
      "alpha_0p50_count": 0,
      "alpha_0p75_count": 0,
      "alpha_1p00_count": 3000,
      "best10pct_delta": 3.0711167526245116,
      "count": 3000,
      "coverage": 1.0,
      "easy_top25_delta": -0.7217562510172526,
      "hard_bottom25_delta": 0.4063190180460612,
      "label": "fixed_alpha_1p00",
      "mean_delta": -0.2430384448369344,
      "mean_ssim_delta": -0.000720883031686147,
      "median_delta": -0.15203094482421875,
      "p5_delta": -3.4882707595825195,
      "p95_delta": 2.7499908447265633,
      "positive_ratio": 0.4623333333333333,
      "strong_regression_ratio": 0.624,
      "utility_gate_checks": {
        "easy_top25_delta_ge_neg0p10": false,
        "hard_bottom25_delta_ge_0p25": true,
        "mean_delta_ge_0p10": false,
        "strong_ratio_le_0p30": false,
        "worst_ratio_le_0p10": false
      },
      "utility_gate_pass": false,
      "worst10pct_delta": -4.054416735967,
      "worst_regression_ratio": 0.49066666666666664
    }
  },
  "locked_test_touched": false,
  "note": "Oracle uses GT to choose the best alpha per image; this is an upper bound, not a deployable router.",
  "oracle_best_alpha_summary": {
    "alpha_0p00_count": 606,
    "alpha_0p25_count": 612,
    "alpha_0p50_count": 823,
    "alpha_0p75_count": 448,
    "alpha_1p00_count": 511,
    "best10pct_delta": 3.3163956960042316,
    "count": 3000,
    "coverage": 0.798,
    "easy_top25_delta": 0.824493398030599,
    "hard_bottom25_delta": 0.962252311706543,
    "label": "oracle_best_alpha",
    "mean_delta": 0.8689268741607666,
    "mean_ssim_delta": 0.0002826013167699178,
    "median_delta": 0.5538463592529297,
    "p5_delta": 0.0,
    "p95_delta": 2.95986328125,
    "positive_ratio": 0.798,
    "strong_regression_ratio": 0.0,
    "utility_gate_checks": {
      "easy_top25_delta_ge_neg0p10": true,
      "hard_bottom25_delta_ge_0p25": true,
      "mean_delta_ge_0p10": true,
      "strong_ratio_le_0p30": true,
      "worst_ratio_le_0p10": true
    },
    "utility_gate_pass": true,
    "worst10pct_delta": 0.0,
    "worst_regression_ratio": 0.0
  },
  "route_id": "haze4k_v17_rc_expert_mix_20260605",
  "stage": "oracle switch-mix alpha grid",
  "status": "ORACLE_ALPHA_GRID_COMPLETE"
}
