{
  "runs": {
    "A0": {
      "label": "A0",
      "arch": "official_convir",
      "mode": "original",
      "checkpoint": "/sda/home/wangyuxin/ConvIR-B/checkpoints/official/Haze4K/haze4k-base.pkl",
      "depth_mode": "none",
      "count": 600,
      "mean_psnr": 39.49932057380676,
      "mean_ssim": 0.9955887365341186,
      "avg_time_sec_sync": 0.040107150872548424,
      "median_time_sec_sync": 0.03885960578918457,
      "peak_cuda_mem_mib": 535.56884765625
    },
    "DTA_v2_oof20_adapter_only_normal_seed3407_f4_final": {
      "label": "DTA_v2_oof20_adapter_only_normal_seed3407_f4_final",
      "arch": "dta_v2",
      "mode": "original",
      "checkpoint": "/sda/home/wangyuxin/ConvIR-B/repos/ConvIR-B-dta-v2-calibrated/Dehazing/ITS/results/ConvIR-Haze4K-DTA-v2-adapter_only-normal-seed3407-f4-oof20/Training-Results/Final.pkl",
      "depth_mode": "normal",
      "count": 600,
      "mean_psnr": 39.60559009552002,
      "mean_ssim": 0.9955655716856321,
      "avg_time_sec_sync": 0.053270856539408364,
      "median_time_sec_sync": 0.050192952156066895,
      "peak_cuda_mem_mib": 540.76171875
    }
  },
  "comparison": {
    "common_count": 600,
    "mean_psnr_delta": 0.10626952171325683,
    "median_psnr_delta": 0.09182548522949219,
    "p5_psnr_delta": -0.36293468475341795,
    "p95_psnr_delta": 0.6495401382446289,
    "hard_bottom25_psnr_delta": 0.09498956044514974,
    "easy_top25_psnr_delta": 0.08756446838378906,
    "worst10pct_mean_psnr_delta": -0.41784416834513344,
    "best10pct_mean_psnr_delta": 0.6847848574320475,
    "worst10img_mean_psnr_delta": -0.6850711822509765,
    "best10img_mean_psnr_delta": 0.9339736938476563,
    "worst10_mean_psnr_delta": -0.41784416834513344,
    "best10_mean_psnr_delta": 0.6847848574320475,
    "mean_ssim_delta": -2.3164848486582437e-05,
    "positive_ratio": 0.6333333333333333,
    "strong_reference_cut_psnr": 42.82054328918457,
    "strong_reference_count": 150,
    "strong_regression_count_delta_le_-0.05": 51,
    "worst_regression_count_delta_le_-0.20": 83
  }
}