{
  "runs": {
    "A0": {
      "label": "A0",
      "arch": "official_convir",
      "mode": "original",
      "checkpoint": "/sda/home/wangyuxin/ConvIR-B/checkpoints/official/Haze4K/haze4k-base.pkl",
      "depth_mode": "none",
      "airlight_mode": "none",
      "count": 600,
      "mean_psnr": 39.75955163955688,
      "mean_ssim": 0.995632650355498,
      "avg_time_sec_sync": 0.05758716424306234,
      "median_time_sec_sync": 0.051409006118774414,
      "peak_cuda_mem_mib": 536.99169921875
    },
    "DTA_v35_v35_fdf_rcs_l3_fdf_lite_s004_g015_bm2_seed3411_f1_quick5full_fallback_train_invert": {
      "label": "DTA_v35_v35_fdf_rcs_l3_fdf_lite_s004_g015_bm2_seed3411_f1_quick5full_fallback_train_invert",
      "arch": "dta_v3",
      "mode": "modres",
      "checkpoint": "/sda/home/wangyuxin/ConvIR-B/repos/ConvIR-B-dta-v3-5-fdf-rcs-lite/Dehazing/ITS/results/ConvIR-Haze4K-DTA-v3-5-FDF-RCS-l3_fdf_lite_s004_g015_bm2-seed3411_f1-quick5full/Training-Results/Final.pkl",
      "depth_mode": "invert",
      "airlight_mode": "fallback",
      "count": 600,
      "mean_psnr": 39.81450005213419,
      "mean_ssim": 0.9956631149848302,
      "avg_time_sec_sync": 0.07642566879590353,
      "median_time_sec_sync": 0.07224631309509277,
      "peak_cuda_mem_mib": 601.8427734375
    }
  },
  "comparison": {
    "common_count": 600,
    "mean_psnr_delta": 0.0549484125773112,
    "median_psnr_delta": 0.0608367919921875,
    "p5_psnr_delta": -0.3088632583618164,
    "p95_psnr_delta": 0.3994064331054687,
    "hard_bottom25_psnr_delta": 0.09065409342447917,
    "easy_top25_psnr_delta": 0.03216570536295573,
    "worst10pct_mean_psnr_delta": -0.35276177724202473,
    "best10pct_mean_psnr_delta": 0.4415234883626302,
    "worst10img_mean_psnr_delta": -0.5996383666992188,
    "best10img_mean_psnr_delta": 0.6444744110107422,
    "worst10_mean_psnr_delta": -0.35276177724202473,
    "best10_mean_psnr_delta": 0.4415234883626302,
    "mean_ssim_delta": 3.046462933222453e-05,
    "positive_ratio": 0.6233333333333333,
    "strong_reference_cut_psnr": 42.834919929504395,
    "strong_reference_count": 150,
    "strong_regression_count_delta_le_-0.05": 49,
    "worst_regression_count_delta_le_-0.20": 61
  }
}