{
  "runs": {
    "A0": {
      "label": "A0",
      "arch": "official_convir",
      "mode": "original",
      "checkpoint": "/sda/home/wangyuxin/ConvIR-B/checkpoints/official/Haze4K/haze4k-base.pkl",
      "depth_mode": "none",
      "airlight_mode": "none",
      "count": 600,
      "mean_psnr": 39.75955163955688,
      "mean_ssim": 0.995632650355498,
      "avg_time_sec_sync": 0.04316951553026835,
      "median_time_sec_sync": 0.04029190540313721,
      "peak_cuda_mem_mib": 536.99169921875
    },
    "DTA_v35_v35_fdf_rcs_l3_fdf_lite_s004_g015_bm2_seed3407_f1_quick5full_fallback_train_shuffle": {
      "label": "DTA_v35_v35_fdf_rcs_l3_fdf_lite_s004_g015_bm2_seed3407_f1_quick5full_fallback_train_shuffle",
      "arch": "dta_v3",
      "mode": "modres",
      "checkpoint": "/sda/home/wangyuxin/ConvIR-B/repos/ConvIR-B-dta-v3-5-fdf-rcs-lite/Dehazing/ITS/results/ConvIR-Haze4K-DTA-v3-5-FDF-RCS-l3_fdf_lite_s004_g015_bm2-seed3407_f1-quick5full/Training-Results/Final.pkl",
      "depth_mode": "shuffle",
      "airlight_mode": "fallback",
      "count": 600,
      "mean_psnr": 39.77869144439697,
      "mean_ssim": 0.9956206260124842,
      "avg_time_sec_sync": 0.06201997995376587,
      "median_time_sec_sync": 0.05860483646392822,
      "peak_cuda_mem_mib": 602.0146484375
    }
  },
  "comparison": {
    "common_count": 600,
    "mean_psnr_delta": 0.01913980484008789,
    "median_psnr_delta": 0.026121139526367188,
    "p5_psnr_delta": -0.2636453628540039,
    "p95_psnr_delta": 0.34058628082275383,
    "hard_bottom25_psnr_delta": 0.01616521199544271,
    "easy_top25_psnr_delta": 0.03476448059082031,
    "worst10pct_mean_psnr_delta": -0.33269039789835614,
    "best10pct_mean_psnr_delta": 0.3654850641886393,
    "worst10img_mean_psnr_delta": -0.6200489044189453,
    "best10img_mean_psnr_delta": 0.5340534210205078,
    "worst10_mean_psnr_delta": -0.33269039789835614,
    "best10_mean_psnr_delta": 0.3654850641886393,
    "mean_ssim_delta": -1.2024343013763429e-05,
    "positive_ratio": 0.5616666666666666,
    "strong_reference_cut_psnr": 42.834919929504395,
    "strong_reference_count": 150,
    "strong_regression_count_delta_le_-0.05": 38,
    "worst_regression_count_delta_le_-0.20": 67
  }
}