{
  "runs": {
    "A0": {
      "label": "A0",
      "arch": "official_convir",
      "mode": "original",
      "checkpoint": "/sda/home/wangyuxin/ConvIR-B/checkpoints/official/Haze4K/haze4k-base.pkl",
      "depth_mode": "none",
      "count": 600,
      "mean_psnr": 39.49932057380676,
      "mean_ssim": 0.9955887365341186,
      "avg_time_sec_sync": 0.03894777417182922,
      "median_time_sec_sync": 0.03417015075683594,
      "peak_cuda_mem_mib": 535.56884765625
    },
    "DTA_v2_oof20_adapter_only_invert_seed3411_f4_final": {
      "label": "DTA_v2_oof20_adapter_only_invert_seed3411_f4_final",
      "arch": "dta_v2",
      "mode": "original",
      "checkpoint": "/sda/home/wangyuxin/ConvIR-B/repos/ConvIR-B-dta-v2-calibrated/Dehazing/ITS/results/ConvIR-Haze4K-DTA-v2-adapter_only-invert-seed3411-f4-oof20/Training-Results/Final.pkl",
      "depth_mode": "invert",
      "count": 600,
      "mean_psnr": 39.582586479187015,
      "mean_ssim": 0.9955590469638507,
      "avg_time_sec_sync": 0.04419130245844523,
      "median_time_sec_sync": 0.04040241241455078,
      "peak_cuda_mem_mib": 541.38671875
    }
  },
  "comparison": {
    "common_count": 600,
    "mean_psnr_delta": 0.08326590538024903,
    "median_psnr_delta": 0.04956626892089844,
    "p5_psnr_delta": -0.45317897796630857,
    "p95_psnr_delta": 0.6930448532104492,
    "hard_bottom25_psnr_delta": 0.012779630025227865,
    "easy_top25_psnr_delta": 0.10869379679361979,
    "worst10pct_mean_psnr_delta": -0.5017345110575359,
    "best10pct_mean_psnr_delta": 0.7553788503011067,
    "worst10img_mean_psnr_delta": -0.8028972625732422,
    "best10img_mean_psnr_delta": 1.1066986083984376,
    "worst10_mean_psnr_delta": -0.5017345110575359,
    "best10_mean_psnr_delta": 0.7553788503011067,
    "mean_ssim_delta": -2.96895702679952e-05,
    "positive_ratio": 0.5616666666666666,
    "strong_reference_cut_psnr": 42.82054328918457,
    "strong_reference_count": 150,
    "strong_regression_count_delta_le_-0.05": 55,
    "worst_regression_count_delta_le_-0.20": 92
  }
}