{
  "protocol": "fold0_internal_nested_selector_smoke",
  "internal_folds": 5,
  "folds": [
    {
      "fold": 0,
      "count": 120,
      "selected_count": 33,
      "coverage": 0.275,
      "global_mean_delta": 0.02554607391357422,
      "global_hard_bottom25_delta": 0.005104192097981771,
      "global_easy_top25_delta": 0.04957784016927083,
      "global_mean_ssim_delta": 1.0808308919270833e-06,
      "global_positive_ratio_delta_gt_0": 0.20833333333333334,
      "global_positive_or_zero_ratio_delta_ge_0": 0.9333333333333333,
      "global_non_degradation_ratio_delta_ge_-0.01": 0.9416666666666667,
      "selected_mean_delta": 0.09289481423117897,
      "selected_hard_bottom25_delta": 0.07656288146972656,
      "selected_easy_top25_delta": 0.114410400390625,
      "selected_mean_ssim_delta": 3.930294152462121e-06,
      "selected_conditional_positive_ratio": 0.7575757575757576,
      "selected_conditional_non_degradation_ratio_delta_ge_-0.01": 0.7878787878787878,
      "strong_reference_cut_psnr": 42.74354362487793,
      "strong_regression_count_delta_le_-0.05": 3,
      "worst_regression_count_delta_le_-0.20": 2,
      "true_vs_zero_all_images": 0.020319430033365886,
      "true_vs_shuffle_all_images": 0.018841361999511717,
      "true_vs_normal_all_images": 0.01788304646809896,
      "true_vs_zero_selected_images": 0.07388883648496686,
      "true_vs_shuffle_selected_images": 0.06851404363458807,
      "true_vs_normal_selected_images": 0.06502925988399622
    },
    {
      "fold": 1,
      "count": 120,
      "selected_count": 26,
      "coverage": 0.21666666666666667,
      "global_mean_delta": 0.016027800242106118,
      "global_hard_bottom25_delta": 0.004683685302734375,
      "global_easy_top25_delta": 0.0394354502360026,
      "global_mean_ssim_delta": 4.245340824127197e-06,
      "global_positive_ratio_delta_gt_0": 0.15,
      "global_positive_or_zero_ratio_delta_ge_0": 0.9333333333333333,
      "global_non_degradation_ratio_delta_ge_-0.01": 0.9416666666666667,
      "selected_mean_delta": 0.0739744626558744,
      "selected_hard_bottom25_delta": 0.03512763977050781,
      "selected_easy_top25_delta": 0.19717725118001303,
      "selected_mean_ssim_delta": 1.959388072674091e-05,
      "selected_conditional_positive_ratio": 0.6923076923076923,
      "selected_conditional_non_degradation_ratio_delta_ge_-0.01": 0.7307692307692307,
      "strong_reference_cut_psnr": 42.629146575927734,
      "strong_regression_count_delta_le_-0.05": 0,
      "worst_regression_count_delta_le_-0.20": 3,
      "true_vs_zero_all_images": 0.014496707916259765,
      "true_vs_shuffle_all_images": 0.013352537155151367,
      "true_vs_normal_all_images": 0.014086516698201497,
      "true_vs_zero_selected_images": 0.06690788269042969,
      "true_vs_shuffle_selected_images": 0.06162709456223708,
      "true_vs_normal_selected_images": 0.06501469245323768
    },
    {
      "fold": 2,
      "count": 120,
      "selected_count": 64,
      "coverage": 0.5333333333333333,
      "global_mean_delta": 0.00945587158203125,
      "global_hard_bottom25_delta": -0.05556081136067708,
      "global_easy_top25_delta": 0.0355749766031901,
      "global_mean_ssim_delta": -9.43988561630249e-06,
      "global_positive_ratio_delta_gt_0": 0.325,
      "global_positive_or_zero_ratio_delta_ge_0": 0.7916666666666666,
      "global_non_degradation_ratio_delta_ge_-0.01": 0.7916666666666666,
      "selected_mean_delta": 0.017729759216308594,
      "selected_hard_bottom25_delta": -0.07576474276455966,
      "selected_easy_top25_delta": 0.10672492980957031,
      "selected_mean_ssim_delta": -1.769978553056717e-05,
      "selected_conditional_positive_ratio": 0.609375,
      "selected_conditional_non_degradation_ratio_delta_ge_-0.01": 0.609375,
      "strong_reference_cut_psnr": 42.82459259033203,
      "strong_regression_count_delta_le_-0.05": 3,
      "worst_regression_count_delta_le_-0.20": 13,
      "true_vs_zero_all_images": 0.02982335090637207,
      "true_vs_shuffle_all_images": 0.02723078727722168,
      "true_vs_normal_all_images": 0.0286712646484375,
      "true_vs_zero_selected_images": 0.05591878294944763,
      "true_vs_shuffle_selected_images": 0.05105772614479065,
      "true_vs_normal_selected_images": 0.05375862121582031
    },
    {
      "fold": 3,
      "count": 120,
      "selected_count": 27,
      "coverage": 0.225,
      "global_mean_delta": 0.009325615564982096,
      "global_hard_bottom25_delta": 0.013833936055501301,
      "global_easy_top25_delta": 0.009732691446940105,
      "global_mean_ssim_delta": 2.6846925417582193e-06,
      "global_positive_ratio_delta_gt_0": 0.13333333333333333,
      "global_positive_or_zero_ratio_delta_ge_0": 0.9083333333333333,
      "global_non_degradation_ratio_delta_ge_-0.01": 0.925,
      "selected_mean_delta": 0.04144718028880932,
      "selected_hard_bottom25_delta": 0.06916968027750652,
      "selected_easy_top25_delta": 0.03244230482313368,
      "selected_mean_ssim_delta": 1.1931966852258753e-05,
      "selected_conditional_positive_ratio": 0.5925925925925926,
      "selected_conditional_non_degradation_ratio_delta_ge_-0.01": 0.6666666666666666,
      "strong_reference_cut_psnr": 42.85515022277832,
      "strong_regression_count_delta_le_-0.05": 1,
      "worst_regression_count_delta_le_-0.20": 1,
      "true_vs_zero_all_images": 0.009018675486246745,
      "true_vs_shuffle_all_images": 0.007953453063964843,
      "true_vs_normal_all_images": 0.007914034525553386,
      "true_vs_zero_selected_images": 0.04008300216109664,
      "true_vs_shuffle_selected_images": 0.0353486802842882,
      "true_vs_normal_selected_images": 0.03517348678023727
    },
    {
      "fold": 4,
      "count": 120,
      "selected_count": 34,
      "coverage": 0.2833333333333333,
      "global_mean_delta": 0.025320021311442058,
      "global_hard_bottom25_delta": 0.022744242350260416,
      "global_easy_top25_delta": 0.05840085347493489,
      "global_mean_ssim_delta": 7.271766662597656e-07,
      "global_positive_ratio_delta_gt_0": 0.225,
      "global_positive_or_zero_ratio_delta_ge_0": 0.9416666666666667,
      "global_non_degradation_ratio_delta_ge_-0.01": 0.9416666666666667,
      "selected_mean_delta": 0.08936478109920726,
      "selected_hard_bottom25_delta": 0.22744242350260416,
      "selected_easy_top25_delta": 0.14600213368733725,
      "selected_mean_ssim_delta": 2.56650588091682e-06,
      "selected_conditional_positive_ratio": 0.7941176470588235,
      "selected_conditional_non_degradation_ratio_delta_ge_-0.01": 0.7941176470588235,
      "strong_reference_cut_psnr": 42.67255210876465,
      "strong_regression_count_delta_le_-0.05": 0,
      "worst_regression_count_delta_le_-0.20": 2,
      "true_vs_zero_all_images": 0.028172016143798828,
      "true_vs_shuffle_all_images": 0.02472349802652995,
      "true_vs_normal_all_images": 0.02678092320760091,
      "true_vs_zero_selected_images": 0.09943064521340762,
      "true_vs_shuffle_selected_images": 0.08725940479951746,
      "true_vs_normal_selected_images": 0.09452090543859146
    }
  ],
  "aggregate": {
    "count_mean": 120,
    "count_min": 120,
    "count_max": 120,
    "selected_count_mean": 36.8,
    "selected_count_min": 26,
    "selected_count_max": 64,
    "coverage_mean": 0.30666666666666664,
    "coverage_min": 0.21666666666666667,
    "coverage_max": 0.5333333333333333,
    "global_mean_delta_mean": 0.01713507652282715,
    "global_mean_delta_min": 0.009325615564982096,
    "global_mean_delta_max": 0.02554607391357422,
    "global_hard_bottom25_delta_mean": -0.0018389511108398435,
    "global_hard_bottom25_delta_min": -0.05556081136067708,
    "global_hard_bottom25_delta_max": 0.022744242350260416,
    "global_easy_top25_delta_mean": 0.038544362386067704,
    "global_easy_top25_delta_min": 0.009732691446940105,
    "global_easy_top25_delta_max": 0.05840085347493489,
    "global_mean_ssim_delta_mean": -1.4036893844604503e-07,
    "global_mean_ssim_delta_min": -9.43988561630249e-06,