{
  "protocol": "fold0_internal_nested_selector_smoke",
  "internal_folds": 5,
  "folds": [
    {
      "fold": 0,
      "count": 120,
      "selected_count": 33,
      "coverage": 0.275,
      "global_mean_delta": 0.025884310404459637,
      "global_hard_bottom25_delta": 0.0051085154215494795,
      "global_easy_top25_delta": 0.049959691365559895,
      "global_mean_ssim_delta": 1.0227163632710776e-06,
      "global_positive_ratio_delta_gt_0": 0.20833333333333334,
      "global_positive_or_zero_ratio_delta_ge_0": 0.9333333333333333,
      "global_non_degradation_ratio_delta_ge_-0.01": 0.9416666666666667,
      "selected_mean_delta": 0.09412476510712595,
      "selected_hard_bottom25_delta": 0.07662773132324219,
      "selected_easy_top25_delta": 0.11529159545898438,
      "selected_mean_ssim_delta": 3.718968593713009e-06,
      "selected_conditional_positive_ratio": 0.7575757575757576,
      "selected_conditional_non_degradation_ratio_delta_ge_-0.01": 0.7878787878787878,
      "strong_reference_cut_psnr": 42.74354362487793,
      "strong_regression_count_delta_le_-0.05": 3,
      "worst_regression_count_delta_le_-0.20": 2,
      "true_vs_zero_all_images": 0.02035516103108724,
      "true_vs_shuffle_all_images": 0.01884800593058268,
      "true_vs_normal_all_images": 0.017836602528889973,
      "true_vs_zero_selected_images": 0.07401876738577177,
      "true_vs_shuffle_selected_images": 0.06853820338393703,
      "true_vs_normal_selected_images": 0.06486037283232718
    },
    {
      "fold": 1,
      "count": 120,
      "selected_count": 26,
      "coverage": 0.21666666666666667,
      "global_mean_delta": 0.01688243548075358,
      "global_hard_bottom25_delta": 0.0050739924112955725,
      "global_easy_top25_delta": 0.04445927937825521,
      "global_mean_ssim_delta": 4.328787326812744e-06,
      "global_positive_ratio_delta_gt_0": 0.15,
      "global_positive_or_zero_ratio_delta_ge_0": 0.9333333333333333,
      "global_non_degradation_ratio_delta_ge_-0.01": 0.9333333333333333,
      "selected_mean_delta": 0.07791893298809345,
      "selected_hard_bottom25_delta": 0.0380549430847168,
      "selected_easy_top25_delta": 0.22229639689127603,
      "selected_mean_ssim_delta": 1.9979018431443434e-05,
      "selected_conditional_positive_ratio": 0.6923076923076923,
      "selected_conditional_non_degradation_ratio_delta_ge_-0.01": 0.6923076923076923,
      "strong_reference_cut_psnr": 42.629146575927734,
      "strong_regression_count_delta_le_-0.05": 0,
      "worst_regression_count_delta_le_-0.20": 3,
      "true_vs_zero_all_images": 0.014929771423339844,
      "true_vs_shuffle_all_images": 0.013653087615966796,
      "true_vs_normal_all_images": 0.014482402801513672,
      "true_vs_zero_selected_images": 0.06890663733849159,
      "true_vs_shuffle_selected_images": 0.06301425053523137,
      "true_vs_normal_selected_images": 0.06684185908390926
    },
    {
      "fold": 2,
      "count": 120,
      "selected_count": 64,
      "coverage": 0.5333333333333333,
      "global_mean_delta": 0.013306617736816406,
      "global_hard_bottom25_delta": -0.048309071858723955,
      "global_easy_top25_delta": 0.04479700724283854,
      "global_mean_ssim_delta": -8.475283781687418e-06,
      "global_positive_ratio_delta_gt_0": 0.3416666666666667,
      "global_positive_or_zero_ratio_delta_ge_0": 0.8083333333333333,
      "global_non_degradation_ratio_delta_ge_-0.01": 0.8083333333333333,
      "selected_mean_delta": 0.02494990825653076,
      "selected_hard_bottom25_delta": -0.06587600708007812,
      "selected_easy_top25_delta": 0.13439102172851564,
      "selected_mean_ssim_delta": -1.589115709066391e-05,
      "selected_conditional_positive_ratio": 0.640625,
      "selected_conditional_non_degradation_ratio_delta_ge_-0.01": 0.640625,
      "strong_reference_cut_psnr": 42.82459259033203,
      "strong_regression_count_delta_le_-0.05": 3,
      "worst_regression_count_delta_le_-0.20": 12,
      "true_vs_zero_all_images": 0.03178658485412598,
      "true_vs_shuffle_all_images": 0.028781604766845704,
      "true_vs_normal_all_images": 0.0302828311920166,
      "true_vs_zero_selected_images": 0.059599846601486206,
      "true_vs_shuffle_selected_images": 0.05396550893783569,
      "true_vs_normal_selected_images": 0.05678030848503113
    },
    {
      "fold": 3,
      "count": 120,
      "selected_count": 29,
      "coverage": 0.24166666666666667,
      "global_mean_delta": -0.0012070496877034506,
      "global_hard_bottom25_delta": 0.010477383931477865,
      "global_easy_top25_delta": 0.005529530843098958,
      "global_mean_ssim_delta": 3.4968058268229164e-07,
      "global_positive_ratio_delta_gt_0": 0.14166666666666666,
      "global_positive_or_zero_ratio_delta_ge_0": 0.9,
      "global_non_degradation_ratio_delta_ge_-0.01": 0.925,
      "selected_mean_delta": -0.00499468836291083,
      "selected_hard_bottom25_delta": 0.06286430358886719,
      "selected_easy_top25_delta": 0.012760455791766826,
      "selected_mean_ssim_delta": 1.4469541352370689e-06,
      "selected_conditional_positive_ratio": 0.5862068965517241,
      "selected_conditional_non_degradation_ratio_delta_ge_-0.01": 0.6896551724137931,
      "strong_reference_cut_psnr": 42.85515022277832,
      "strong_regression_count_delta_le_-0.05": 3,
      "worst_regression_count_delta_le_-0.20": 5,
      "true_vs_zero_all_images": 0.0024208863576253253,
      "true_vs_shuffle_all_images": 0.0023341814676920572,
      "true_vs_normal_all_images": 0.001950677235921224,
      "true_vs_zero_selected_images": 0.01001746079017376,
      "true_vs_shuffle_selected_images": 0.00965868193527748,
      "true_vs_normal_selected_images": 0.00807176787277748
    },
    {
      "fold": 4,
      "count": 120,
      "selected_count": 34,
      "coverage": 0.2833333333333333,
      "global_mean_delta": 0.0283994992574056,
      "global_hard_bottom25_delta": 0.024260330200195312,
      "global_easy_top25_delta": 0.06384353637695313,
      "global_mean_ssim_delta": 9.273489316304525e-07,
      "global_positive_ratio_delta_gt_0": 0.21666666666666667,
      "global_positive_or_zero_ratio_delta_ge_0": 0.9333333333333333,
      "global_non_degradation_ratio_delta_ge_-0.01": 0.9416666666666667,
      "selected_mean_delta": 0.1002335267908433,
      "selected_hard_bottom25_delta": 0.24260330200195312,
      "selected_easy_top25_delta": 0.1596088409423828,
      "selected_mean_ssim_delta": 3.27299622928395e-06,
      "selected_conditional_positive_ratio": 0.7647058823529411,
      "selected_conditional_non_degradation_ratio_delta_ge_-0.01": 0.7941176470588235,
      "strong_reference_cut_psnr": 42.67255210876465,
      "strong_regression_count_delta_le_-0.05": 0,
      "worst_regression_count_delta_le_-0.20": 2,
      "true_vs_zero_all_images": 0.029798380533854165,
      "true_vs_shuffle_all_images": 0.026122887929280598,
      "true_vs_normal_all_images": 0.028226407368977864,
      "true_vs_zero_selected_images": 0.10517075482536764,
      "true_vs_shuffle_selected_images": 0.09219842798569623,
      "true_vs_normal_selected_images": 0.09962261424345129
    }
  ],
  "aggregate": {
    "count_mean": 120,
    "count_min": 120,
    "count_max": 120,
    "selected_count_mean": 37.2,
    "selected_count_min": 26,
    "selected_count_max": 64,
    "coverage_mean": 0.31,
    "coverage_min": 0.21666666666666667,
    "coverage_max": 0.5333333333333333,
    "global_mean_delta_mean": 0.016653162638346354,
    "global_mean_delta_min": -0.0012070496877034506,
    "global_mean_delta_max": 0.0283994992574056,
    "global_hard_bottom25_delta_mean": -0.0006777699788411452,
    "global_hard_bottom25_delta_min": -0.048309071858723955,
    "global_hard_bottom25_delta_max": 0.024260330200195312,
    "global_easy_top25_delta_mean": 0.04171780904134115,
    "global_easy_top25_delta_min": 0.005529530843098958,
    "global_easy_top25_delta_max": 0.06384353637695313,
    "global_mean_ssim_delta_mean": -3.693501154581705e-07,