{
  "protocol": "fold0_internal_nested_selector_smoke",
  "internal_folds": 5,
  "folds": [
    {
      "fold": 0,
      "count": 120,
      "selected_count": 33,
      "coverage": 0.275,
      "global_mean_delta": 0.025524171193440755,
      "global_hard_bottom25_delta": 0.005062993367513021,
      "global_easy_top25_delta": 0.049292500813802084,
      "global_mean_ssim_delta": 1.1866291364034018e-06,
      "global_positive_ratio_delta_gt_0": 0.20833333333333334,
      "global_positive_or_zero_ratio_delta_ge_0": 0.9333333333333333,
      "global_non_degradation_ratio_delta_ge_-0.01": 0.9416666666666667,
      "selected_mean_delta": 0.0928151679761482,
      "selected_hard_bottom25_delta": 0.07594490051269531,
      "selected_easy_top25_delta": 0.11375192495492789,
      "selected_mean_ssim_delta": 4.315015041466915e-06,
      "selected_conditional_positive_ratio": 0.7575757575757576,
      "selected_conditional_non_degradation_ratio_delta_ge_-0.01": 0.7878787878787878,
      "strong_reference_cut_psnr": 42.74354362487793,
      "strong_regression_count_delta_le_-0.05": 3,
      "worst_regression_count_delta_le_-0.20": 2,
      "true_vs_zero_all_images": 0.02014334996541341,
      "true_vs_shuffle_all_images": 0.018662071228027342,
      "true_vs_normal_all_images": 0.017672348022460937,
      "true_vs_zero_selected_images": 0.07324854532877605,
      "true_vs_shuffle_selected_images": 0.0678620771928267,
      "true_vs_normal_selected_images": 0.06426308371803978
    },
    {
      "fold": 1,
      "count": 120,
      "selected_count": 26,
      "coverage": 0.21666666666666667,
      "global_mean_delta": 0.01663812001546224,
      "global_hard_bottom25_delta": 0.0050504048665364586,
      "global_easy_top25_delta": 0.043731307983398436,
      "global_mean_ssim_delta": 4.1584173838297525e-06,
      "global_positive_ratio_delta_gt_0": 0.15,
      "global_positive_or_zero_ratio_delta_ge_0": 0.9333333333333333,
      "global_non_degradation_ratio_delta_ge_-0.01": 0.9333333333333333,
      "selected_mean_delta": 0.07679132314828727,
      "selected_hard_bottom25_delta": 0.03787803649902344,
      "selected_easy_top25_delta": 0.2186565399169922,
      "selected_mean_ssim_delta": 1.919269561767578e-05,
      "selected_conditional_positive_ratio": 0.6923076923076923,
      "selected_conditional_non_degradation_ratio_delta_ge_-0.01": 0.6923076923076923,
      "strong_reference_cut_psnr": 42.629146575927734,
      "strong_regression_count_delta_le_-0.05": 0,
      "worst_regression_count_delta_le_-0.20": 3,
      "true_vs_zero_all_images": 0.014763402938842773,
      "true_vs_shuffle_all_images": 0.013503328959147135,
      "true_vs_normal_all_images": 0.01431738535563151,
      "true_vs_zero_selected_images": 0.06813878279465896,
      "true_vs_shuffle_selected_images": 0.06232305673452524,
      "true_vs_normal_selected_images": 0.06608024010291466
    },
    {
      "fold": 2,
      "count": 120,
      "selected_count": 64,
      "coverage": 0.5333333333333333,
      "global_mean_delta": 0.012702608108520507,
      "global_hard_bottom25_delta": -0.048502540588378905,
      "global_easy_top25_delta": 0.04383074442545573,
      "global_mean_ssim_delta": -8.523960908253987e-06,
      "global_positive_ratio_delta_gt_0": 0.3416666666666667,
      "global_positive_or_zero_ratio_delta_ge_0": 0.8083333333333333,
      "global_non_degradation_ratio_delta_ge_-0.01": 0.8083333333333333,
      "selected_mean_delta": 0.023817390203475952,
      "selected_hard_bottom25_delta": -0.06613982807506215,
      "selected_easy_top25_delta": 0.1314922332763672,
      "selected_mean_ssim_delta": -1.5982426702976227e-05,
      "selected_conditional_positive_ratio": 0.640625,
      "selected_conditional_non_degradation_ratio_delta_ge_-0.01": 0.640625,
      "strong_reference_cut_psnr": 42.82459259033203,
      "strong_regression_count_delta_le_-0.05": 3,
      "worst_regression_count_delta_le_-0.20": 12,
      "true_vs_zero_all_images": 0.03141104380289714,
      "true_vs_shuffle_all_images": 0.028451983133951822,
      "true_vs_normal_all_images": 0.029910802841186523,
      "true_vs_zero_selected_images": 0.05889570713043213,
      "true_vs_shuffle_selected_images": 0.05334746837615967,
      "true_vs_normal_selected_images": 0.05608275532722473
    },
    {
      "fold": 3,
      "count": 120,
      "selected_count": 29,
      "coverage": 0.24166666666666667,
      "global_mean_delta": -0.0012201468149820964,
      "global_hard_bottom25_delta": 0.010367902119954427,
      "global_easy_top25_delta": 0.005272801717122396,
      "global_mean_ssim_delta": 4.3660402297973634e-07,
      "global_positive_ratio_delta_gt_0": 0.15,
      "global_positive_or_zero_ratio_delta_ge_0": 0.9083333333333333,
      "global_non_degradation_ratio_delta_ge_-0.01": 0.925,
      "selected_mean_delta": -0.005048883372339709,
      "selected_hard_bottom25_delta": 0.06220741271972656,
      "selected_easy_top25_delta": 0.012168003962590145,
      "selected_mean_ssim_delta": 1.8066373364678744e-06,
      "selected_conditional_positive_ratio": 0.6206896551724138,
      "selected_conditional_non_degradation_ratio_delta_ge_-0.01": 0.6896551724137931,
      "strong_reference_cut_psnr": 42.85515022277832,
      "strong_regression_count_delta_le_-0.05": 3,
      "worst_regression_count_delta_le_-0.20": 5,
      "true_vs_zero_all_images": 0.0024539788564046225,
      "true_vs_shuffle_all_images": 0.0023709774017333985,
      "true_vs_normal_all_images": 0.001980415980021159,
      "true_vs_zero_selected_images": 0.010154395267881196,
      "true_vs_shuffle_selected_images": 0.009810940972689924,
      "true_vs_normal_selected_images": 0.00819482474491514
    },
    {
      "fold": 4,
      "count": 120,
      "selected_count": 34,
      "coverage": 0.2833333333333333,
      "global_mean_delta": 0.027841790517171224,
      "global_hard_bottom25_delta": 0.02409337361653646,
      "global_easy_top25_delta": 0.06280441284179687,
      "global_mean_ssim_delta": 1.0073184967041015e-06,
      "global_positive_ratio_delta_gt_0": 0.21666666666666667,
      "global_positive_or_zero_ratio_delta_ge_0": 0.9333333333333333,
      "global_non_degradation_ratio_delta_ge_-0.01": 0.9416666666666667,
      "selected_mean_delta": 0.0982651430017808,
      "selected_hard_bottom25_delta": 0.2409337361653646,
      "selected_easy_top25_delta": 0.1570110321044922,
      "selected_mean_ssim_delta": 3.5552417530732997e-06,
      "selected_conditional_positive_ratio": 0.7647058823529411,
      "selected_conditional_non_degradation_ratio_delta_ge_-0.01": 0.7941176470588235,
      "strong_reference_cut_psnr": 42.67255210876465,
      "strong_regression_count_delta_le_-0.05": 0,
      "worst_regression_count_delta_le_-0.20": 2,
      "true_vs_zero_all_images": 0.029418341318766274,
      "true_vs_shuffle_all_images": 0.025801690419514973,
      "true_vs_normal_all_images": 0.02788403828938802,
      "true_vs_zero_selected_images": 0.10382943994858686,
      "true_vs_shuffle_selected_images": 0.09106478971593521,
      "true_vs_normal_selected_images": 0.09841425278607537
    }
  ],
  "aggregate": {
    "count_mean": 120,
    "count_min": 120,
    "count_max": 120,
    "selected_count_mean": 37.2,
    "selected_count_min": 26,
    "selected_count_max": 64,
    "coverage_mean": 0.31,
    "coverage_min": 0.21666666666666667,
    "coverage_max": 0.5333333333333333,
    "global_mean_delta_mean": 0.016297308603922527,
    "global_mean_delta_min": -0.0012201468149820964,
    "global_mean_delta_max": 0.027841790517171224,
    "global_hard_bottom25_delta_mean": -0.000785573323567708,
    "global_hard_bottom25_delta_min": -0.048502540588378905,
    "global_hard_bottom25_delta_max": 0.02409337361653646,
    "global_easy_top25_delta_mean": 0.0409863535563151,
    "global_easy_top25_delta_min": 0.005272801717122396,
    "global_easy_top25_delta_max": 0.06280441284179687,
    "global_mean_ssim_delta_mean": -3.46998373667399e-07,