{
  "protocol": "same_fold_diagnostic_threshold_selector",
  "warning": "Use only as fold0 diagnostic unless wrapped in nested OOF threshold selection.",
  "common_count": 600,
  "feature_count": 28,
  "best_selector": {
    "feature": "DTA_v31_v31_wg18_light_hinge_seed3407_f0_scout5full_post_gt_invert_dta_stage3_conf_mean",
    "direction": ">=",
    "threshold": 0.8679194450378418,
    "objective": 0.017743564605712896,
    "count": 600,
    "selected_count": 150,
    "coverage": 0.25,
    "mean_psnr_delta": 0.02049669901529948,
    "median_psnr_delta": 0.0,
    "hard_bottom25_psnr_delta": 0.01179107666015625,
    "easy_top25_psnr_delta": 0.04202000935872396,
    "mean_ssim_delta": 2.952913443247477e-06,
    "positive_ratio": 0.18,
    "strong_reference_cut_psnr": 42.755948066711426,
    "strong_regression_count_delta_le_-0.05": 6,
    "worst_regression_count_delta_le_-0.20": 9,
    "true_vs_zero_surplus": 0.019098192850748697,
    "true_vs_shuffle_surplus": 0.01708507219950358,
    "true_vs_normal_surplus": 0.01772417704264323
  },
  "accept_all_baseline": {
    "count": 600,
    "selected_count": 600,
    "coverage": 1.0,
    "mean_psnr_delta": 0.02129787762959798,
    "median_psnr_delta": 0.031948089599609375,
    "hard_bottom25_psnr_delta": 0.001578509012858073,
    "easy_top25_psnr_delta": 0.040711593627929685,
    "mean_ssim_delta": -2.4847984313964843e-05,
    "positive_ratio": 0.5983333333333334,
    "strong_reference_cut_psnr": 42.755948066711426,
    "strong_regression_count_delta_le_-0.05": 38,
    "worst_regression_count_delta_le_-0.20": 72,
    "true_vs_zero_surplus": 0.035568183263142907,
    "true_vs_shuffle_surplus": 0.03157921473185221,
    "true_vs_normal_surplus": 0.0326505978902181
  },
  "gain_auc_selected_score": 0.580980135999732,
  "risk_auc_selected_risk_score": 0.5854352996348776,
  "gain_brier": 0.32256353751334366,
  "gain_ece": 0.27760456284419904,
  "risk_brier": 0.36381362091914,
  "risk_ece": 0.34498724892186333,
  "locked_test_touched": false
}