{
  "protocol": "same_fold_diagnostic_threshold_selector",
  "warning": "Use only as fold0 diagnostic unless wrapped in nested OOF threshold selection.",
  "common_count": 600,
  "feature_count": 26,
  "best_selector": {
    "feature": "DTA_v31_v31_wg18_base_s008_b14_seed3407_f0_fallback_invert_dta_stage3_conf_mean",
    "direction": ">=",
    "threshold": 0.8676998764276505,
    "objective": 0.0186779432296753,
    "count": 600,
    "selected_count": 150,
    "coverage": 0.25,
    "mean_psnr_delta": 0.021609630584716797,
    "median_psnr_delta": 0.0,
    "hard_bottom25_psnr_delta": 0.012073415120442708,
    "easy_top25_psnr_delta": 0.04573333740234375,
    "mean_ssim_delta": 3.00059715906779e-06,
    "positive_ratio": 0.18,
    "strong_reference_cut_psnr": 42.755948066711426,
    "strong_regression_count_delta_le_-0.05": 7,
    "worst_regression_count_delta_le_-0.20": 9,
    "true_vs_zero_surplus": 0.01959991772969564,
    "true_vs_shuffle_surplus": 0.01747645378112793,
    "true_vs_normal_surplus": 0.018146451314290366
  },
  "accept_all_baseline": {
    "count": 600,
    "selected_count": 600,
    "coverage": 1.0,
    "mean_psnr_delta": 0.024403934478759767,
    "median_psnr_delta": 0.036080360412597656,
    "hard_bottom25_psnr_delta": 0.006359659830729167,
    "easy_top25_psnr_delta": 0.0432043202718099,
    "mean_ssim_delta": -2.330621083577474e-05,
    "positive_ratio": 0.605,
    "strong_reference_cut_psnr": 42.755948066711426,
    "strong_regression_count_delta_le_-0.05": 39,
    "worst_regression_count_delta_le_-0.20": 76,
    "true_vs_zero_surplus": 0.03663066864013672,
    "true_vs_shuffle_surplus": 0.032140769958496095,
    "true_vs_normal_surplus": 0.03308355967203776
  },
  "gain_auc_selected_score": 0.5901244525097736,
  "risk_auc_selected_risk_score": 0.5863965461462087,
  "gain_brier": 0.31542729704542355,
  "gain_ece": 0.26984941280945013,
  "risk_brier": 0.3615293156313831,
  "risk_ece": 0.3416563029496456,
  "locked_test_touched": false
}