{
  "protocol": "same_fold_diagnostic_threshold_selector",
  "warning": "Use only as fold0 diagnostic unless wrapped in nested OOF threshold selection.",
  "common_count": 600,
  "feature_count": 28,
  "best_selector": {
    "feature": "DTA_v31_v31_wg18_base_s008_b14_seed3407_f0_gt_invert_dta_stage3_conf_mean",
    "direction": ">=",
    "threshold": 0.8676998764276505,
    "objective": 0.01725730673472087,
    "count": 600,
    "selected_count": 150,
    "coverage": 0.25,
    "mean_psnr_delta": 0.020147085189819336,
    "median_psnr_delta": 0.0,
    "hard_bottom25_psnr_delta": 0.011701520284016926,
    "easy_top25_psnr_delta": 0.041287994384765624,
    "mean_ssim_delta": 2.9271841049194336e-06,
    "positive_ratio": 0.18,
    "strong_reference_cut_psnr": 42.755948066711426,
    "strong_regression_count_delta_le_-0.05": 6,
    "worst_regression_count_delta_le_-0.20": 9,
    "true_vs_zero_surplus": 0.018869682947794595,
    "true_vs_shuffle_surplus": 0.016891196568806967,
    "true_vs_normal_surplus": 0.01751794179280599
  },
  "accept_all_baseline": {
    "count": 600,
    "selected_count": 600,
    "coverage": 1.0,
    "mean_psnr_delta": 0.02064565976460775,
    "median_psnr_delta": 0.03196144104003906,
    "hard_bottom25_psnr_delta": 0.0012918980916341147,
    "easy_top25_psnr_delta": 0.039908650716145834,
    "mean_ssim_delta": -2.4951497713724773e-05,
    "positive_ratio": 0.5983333333333334,
    "strong_reference_cut_psnr": 42.755948066711426,
    "strong_regression_count_delta_le_-0.05": 38,
    "worst_regression_count_delta_le_-0.20": 71,
    "true_vs_zero_surplus": 0.03519299189249674,
    "true_vs_shuffle_surplus": 0.0312671693166097,
    "true_vs_normal_surplus": 0.03230415344238281
  },
  "gain_auc_selected_score": 0.5772152746014569,
  "risk_auc_selected_risk_score": 0.5898416532474503,
  "gain_brier": 0.32516801260700073,
  "gain_ece": 0.2809403930458531,
  "risk_brier": 0.3663891055037007,
  "risk_ece": 0.34998963628297886,
  "locked_test_touched": false
}