{
  "protocol": "selector_metric_correction",
  "warning": "Rejected images fall back to A0, so global positive_ratio is not the selected conditional positive ratio.",
  "selected_policy_source": "/sda/home/wangyuxin/ConvIR-B/repos/ConvIR-B-dta-v3-dapc-finetune-v32/experience_docx/experiment_logs/haze4k_dta_v3_dapc_20260611/per_image_delta_matrix_v31_wg18_light_hinge_seed3407_f0_scout5full_post_gt_risk_selected.csv",
  "metrics": {
    "count": 600,
    "selected_count": 150,
    "coverage": 0.25,
    "global_mean_delta": 0.02049669901529948,
    "global_hard_bottom25_delta": 0.01179107666015625,
    "global_easy_top25_delta": 0.04202000935872396,
    "global_mean_ssim_delta": 2.952913443247477e-06,
    "global_positive_ratio_delta_gt_0": 0.18,
    "global_positive_or_zero_ratio_delta_ge_0": 0.93,
    "global_non_degradation_ratio_delta_ge_-0.01": 0.9366666666666666,
    "selected_mean_delta": 0.08198679606119792,
    "selected_hard_bottom25_delta": 0.08422197614397321,
    "selected_easy_top25_delta": 0.12606002807617187,
    "selected_mean_ssim_delta": 1.1811653772989908e-05,
    "selected_conditional_positive_ratio": 0.72,
    "selected_conditional_non_degradation_ratio_delta_ge_-0.01": 0.7466666666666667,
    "strong_reference_cut_psnr": 42.755948066711426,
    "strong_regression_count_delta_le_-0.05": 6,
    "worst_regression_count_delta_le_-0.20": 9,
    "true_vs_zero_all_images": 0.019098192850748697,
    "true_vs_shuffle_all_images": 0.01708507219950358,
    "true_vs_normal_all_images": 0.01772417704264323,
    "true_vs_zero_selected_images": 0.07639277140299479,
    "true_vs_shuffle_selected_images": 0.06834028879801432,
    "true_vs_normal_selected_images": 0.07089670817057292
  },
  "accept_all_baseline": {
    "count": 600,
    "selected_count": 600,
    "coverage": 1.0,
    "global_mean_delta": 0.02129787762959798,
    "global_hard_bottom25_delta": 0.001578509012858073,
    "global_easy_top25_delta": 0.040711593627929685,
    "global_mean_ssim_delta": -2.4847984313964843e-05,
    "global_positive_ratio_delta_gt_0": 0.5983333333333334,
    "global_positive_or_zero_ratio_delta_ge_0": 0.5983333333333334,
    "global_non_degradation_ratio_delta_ge_-0.01": 0.625,
    "selected_mean_delta": 0.02129787762959798,
    "selected_hard_bottom25_delta": 0.001578509012858073,
    "selected_easy_top25_delta": 0.040711593627929685,
    "selected_mean_ssim_delta": -2.4847984313964843e-05,
    "selected_conditional_positive_ratio": 0.5983333333333334,
    "selected_conditional_non_degradation_ratio_delta_ge_-0.01": 0.625,
    "strong_reference_cut_psnr": 42.755948066711426,
    "strong_regression_count_delta_le_-0.05": 38,
    "worst_regression_count_delta_le_-0.20": 72,
    "true_vs_zero_all_images": 0.035568183263142907,
    "true_vs_shuffle_all_images": 0.03157921473185221,
    "true_vs_normal_all_images": 0.0326505978902181,
    "true_vs_zero_selected_images": 0.035568183263142907,
    "true_vs_shuffle_selected_images": 0.03157921473185221,
    "true_vs_normal_selected_images": 0.0326505978902181
  },
  "locked_test_touched": false
}