{
  "protocol": "selector_metric_correction",
  "warning": "Rejected images fall back to A0, so global positive_ratio is not the selected conditional positive ratio.",
  "selected_policy_source": "/sda/home/wangyuxin/ConvIR-B/repos/ConvIR-B-dta-v3-dapc-finetune-v32/experience_docx/experiment_logs/haze4k_dta_v3_dapc_20260611/per_image_delta_matrix_v31_wg18_light_hinge_seed3407_f0_scout5full_post_fallback_risk_selected.csv",
  "metrics": {
    "count": 600,
    "selected_count": 150,
    "coverage": 0.25,
    "global_mean_delta": 0.02197604179382324,
    "global_hard_bottom25_delta": 0.012167269388834636,
    "global_easy_top25_delta": 0.046521759033203124,
    "global_mean_ssim_delta": 3.024737040201823e-06,
    "global_positive_ratio_delta_gt_0": 0.18,
    "global_positive_or_zero_ratio_delta_ge_0": 0.93,
    "global_non_degradation_ratio_delta_ge_-0.01": 0.9366666666666666,
    "selected_mean_delta": 0.08790416717529297,
    "selected_hard_bottom25_delta": 0.08690906706310454,
    "selected_easy_top25_delta": 0.13956527709960936,
    "selected_mean_ssim_delta": 1.2098948160807292e-05,
    "selected_conditional_positive_ratio": 0.72,
    "selected_conditional_non_degradation_ratio_delta_ge_-0.01": 0.7466666666666667,
    "strong_reference_cut_psnr": 42.755948066711426,
    "strong_regression_count_delta_le_-0.05": 7,
    "worst_regression_count_delta_le_-0.20": 9,
    "true_vs_zero_all_images": 0.019838151931762697,
    "true_vs_shuffle_all_images": 0.01767815589904785,
    "true_vs_normal_all_images": 0.01836107889811198,
    "true_vs_zero_selected_images": 0.07935260772705079,
    "true_vs_shuffle_selected_images": 0.0707126235961914,
    "true_vs_normal_selected_images": 0.07344431559244792
  },
  "accept_all_baseline": {
    "count": 600,
    "selected_count": 600,
    "coverage": 1.0,
    "global_mean_delta": 0.025083996454874673,
    "global_hard_bottom25_delta": 0.006701215108235677,
    "global_easy_top25_delta": 0.044017181396484376,
    "global_mean_ssim_delta": -2.3203790187835694e-05,
    "global_positive_ratio_delta_gt_0": 0.6033333333333334,
    "global_positive_or_zero_ratio_delta_ge_0": 0.6033333333333334,
    "global_non_degradation_ratio_delta_ge_-0.01": 0.6233333333333333,
    "selected_mean_delta": 0.025083996454874673,
    "selected_hard_bottom25_delta": 0.006701215108235677,
    "selected_easy_top25_delta": 0.044017181396484376,
    "selected_mean_ssim_delta": -2.3203790187835694e-05,
    "selected_conditional_positive_ratio": 0.6033333333333334,
    "selected_conditional_non_degradation_ratio_delta_ge_-0.01": 0.6233333333333333,
    "strong_reference_cut_psnr": 42.755948066711426,
    "strong_regression_count_delta_le_-0.05": 41,
    "worst_regression_count_delta_le_-0.20": 76,
    "true_vs_zero_all_images": 0.03701460520426432,
    "true_vs_shuffle_all_images": 0.03245356559753418,
    "true_vs_normal_all_images": 0.03342826207478841,
    "true_vs_zero_selected_images": 0.03701460520426432,
    "true_vs_shuffle_selected_images": 0.03245356559753418,
    "true_vs_normal_selected_images": 0.03342826207478841
  },
  "locked_test_touched": false
}