{
  "protocol": "selector_metric_correction",
  "warning": "Rejected images fall back to A0, so global positive_ratio is not the selected conditional positive ratio.",
  "selected_policy_source": "/sda/home/wangyuxin/ConvIR-B/repos/ConvIR-B-dta-v3-dapc-finetune-v32/experience_docx/experiment_logs/haze4k_dta_v3_dapc_20260611/per_image_delta_matrix_v31_wg18_base_s008_b14_seed3407_f0_gt_risk_selected.csv",
  "metrics": {
    "count": 600,
    "selected_count": 150,
    "coverage": 0.25,
    "global_mean_delta": 0.020147085189819336,
    "global_hard_bottom25_delta": 0.011701520284016926,
    "global_easy_top25_delta": 0.041287994384765624,
    "global_mean_ssim_delta": 2.9271841049194336e-06,
    "global_positive_ratio_delta_gt_0": 0.18,
    "global_positive_or_zero_ratio_delta_ge_0": 0.93,
    "global_non_degradation_ratio_delta_ge_-0.01": 0.9366666666666666,
    "selected_mean_delta": 0.08058834075927734,
    "selected_hard_bottom25_delta": 0.08358228774297805,
    "selected_easy_top25_delta": 0.12386398315429688,
    "selected_mean_ssim_delta": 1.1708736419677734e-05,
    "selected_conditional_positive_ratio": 0.72,
    "selected_conditional_non_degradation_ratio_delta_ge_-0.01": 0.7466666666666667,
    "strong_reference_cut_psnr": 42.755948066711426,
    "strong_regression_count_delta_le_-0.05": 6,
    "worst_regression_count_delta_le_-0.20": 9,
    "true_vs_zero_all_images": 0.018869682947794595,
    "true_vs_shuffle_all_images": 0.016891196568806967,
    "true_vs_normal_all_images": 0.01751794179280599,
    "true_vs_zero_selected_images": 0.07547873179117838,
    "true_vs_shuffle_selected_images": 0.06756478627522787,
    "true_vs_normal_selected_images": 0.07007176717122396
  },
  "accept_all_baseline": {
    "count": 600,
    "selected_count": 600,
    "coverage": 1.0,
    "global_mean_delta": 0.02064565976460775,
    "global_hard_bottom25_delta": 0.0012918980916341147,
    "global_easy_top25_delta": 0.039908650716145834,
    "global_mean_ssim_delta": -2.4951497713724773e-05,
    "global_positive_ratio_delta_gt_0": 0.5983333333333334,
    "global_positive_or_zero_ratio_delta_ge_0": 0.5983333333333334,
    "global_non_degradation_ratio_delta_ge_-0.01": 0.625,
    "selected_mean_delta": 0.02064565976460775,
    "selected_hard_bottom25_delta": 0.0012918980916341147,
    "selected_easy_top25_delta": 0.039908650716145834,
    "selected_mean_ssim_delta": -2.4951497713724773e-05,
    "selected_conditional_positive_ratio": 0.5983333333333334,
    "selected_conditional_non_degradation_ratio_delta_ge_-0.01": 0.625,
    "strong_reference_cut_psnr": 42.755948066711426,
    "strong_regression_count_delta_le_-0.05": 38,
    "worst_regression_count_delta_le_-0.20": 71,
    "true_vs_zero_all_images": 0.03519299189249674,
    "true_vs_shuffle_all_images": 0.0312671693166097,
    "true_vs_normal_all_images": 0.03230415344238281,
    "true_vs_zero_selected_images": 0.03519299189249674,
    "true_vs_shuffle_selected_images": 0.0312671693166097,
    "true_vs_normal_selected_images": 0.03230415344238281
  },
  "locked_test_touched": false
}