{
  "protocol": "selector_metric_correction",
  "warning": "Rejected images fall back to A0, so global positive_ratio is not the selected conditional positive ratio.",
  "selected_policy_source": "/sda/home/wangyuxin/ConvIR-B/repos/ConvIR-B-dta-v3-dapc-finetune-v32/experience_docx/experiment_logs/haze4k_dta_v3_dapc_20260611/per_image_delta_matrix_v31_wg18_base_s008_b14_seed3407_f0_fallback_risk_selected.csv",
  "metrics": {
    "count": 600,
    "selected_count": 150,
    "coverage": 0.25,
    "global_mean_delta": 0.021609630584716797,
    "global_hard_bottom25_delta": 0.012073415120442708,
    "global_easy_top25_delta": 0.04573333740234375,
    "global_mean_ssim_delta": 3.00059715906779e-06,
    "global_positive_ratio_delta_gt_0": 0.18,
    "global_positive_or_zero_ratio_delta_ge_0": 0.93,
    "global_non_degradation_ratio_delta_ge_-0.01": 0.9366666666666666,
    "selected_mean_delta": 0.08643852233886719,
    "selected_hard_bottom25_delta": 0.08623867943173363,
    "selected_easy_top25_delta": 0.13720001220703126,
    "selected_mean_ssim_delta": 1.200238863627116e-05,
    "selected_conditional_positive_ratio": 0.72,
    "selected_conditional_non_degradation_ratio_delta_ge_-0.01": 0.7466666666666667,
    "strong_reference_cut_psnr": 42.755948066711426,
    "strong_regression_count_delta_le_-0.05": 7,
    "worst_regression_count_delta_le_-0.20": 9,
    "true_vs_zero_all_images": 0.01959991772969564,
    "true_vs_shuffle_all_images": 0.01747645378112793,
    "true_vs_normal_all_images": 0.018146451314290366,
    "true_vs_zero_selected_images": 0.07839967091878255,
    "true_vs_shuffle_selected_images": 0.06990581512451172,
    "true_vs_normal_selected_images": 0.07258580525716146
  },
  "accept_all_baseline": {
    "count": 600,
    "selected_count": 600,
    "coverage": 1.0,
    "global_mean_delta": 0.024403934478759767,
    "global_hard_bottom25_delta": 0.006359659830729167,
    "global_easy_top25_delta": 0.0432043202718099,
    "global_mean_ssim_delta": -2.330621083577474e-05,
    "global_positive_ratio_delta_gt_0": 0.605,
    "global_positive_or_zero_ratio_delta_ge_0": 0.605,
    "global_non_degradation_ratio_delta_ge_-0.01": 0.625,
    "selected_mean_delta": 0.024403934478759767,
    "selected_hard_bottom25_delta": 0.006359659830729167,
    "selected_easy_top25_delta": 0.0432043202718099,
    "selected_mean_ssim_delta": -2.330621083577474e-05,
    "selected_conditional_positive_ratio": 0.605,
    "selected_conditional_non_degradation_ratio_delta_ge_-0.01": 0.625,
    "strong_reference_cut_psnr": 42.755948066711426,
    "strong_regression_count_delta_le_-0.05": 39,
    "worst_regression_count_delta_le_-0.20": 76,
    "true_vs_zero_all_images": 0.03663066864013672,
    "true_vs_shuffle_all_images": 0.032140769958496095,
    "true_vs_normal_all_images": 0.03308355967203776,
    "true_vs_zero_selected_images": 0.03663066864013672,
    "true_vs_shuffle_selected_images": 0.032140769958496095,
    "true_vs_normal_selected_images": 0.03308355967203776
  },
  "locked_test_touched": false
}