group,count,mean_delta_psnr,mean_delta_ssim,log_t_l1,t_uncertainty_mean,worst_regression_count_delta_le_-0.20
all,600,0.0010944846749211539,-2.248456080754598e-05,0.31144772153347733,0.22431571985284487,105
low_t,255,-0.017625608363266564,-3.010244930491728e-05,0.3522500944488189,0.23759437238468845,50
mid_t,307,0.013827686713662041,-1.9195025440924332e-05,0.29478756714527304,0.21865071341735143,49
high_t,38,0.02384529253924789,2.0594973313181025e-06,0.17223883479049332,0.18097626143380216,6
worst,105,-0.36115770369110606,-0.00012481723512922015,0.3095916877190272,0.22616911970433734,105
positive,311,0.17591241566028332,2.3011225979427815e-05,0.3058631581844241,0.22597256753222353,0
