{
  "runs": [
    {
      "label": "true",
      "train_depth": "invert",
      "eval_depth": "invert",
      "compare_dir": "/sda/home/wangyuxin/ConvIR-B/repos/ConvIR-B-dta-v3-dapc-finetune-v33-routerfusion/experience_docx/experiment_logs/haze4k_dta_v3_dapc_20260611/dta_v3_3_v33_routerfusion_d2_lowphys_seed3411_f1_triage5full_gt_invert_compare",
      "common_count": 600,
      "mean_psnr_delta": 0.04410905202229818,
      "median_psnr_delta": 0.043361663818359375,
      "p5_psnr_delta": -0.3375518798828125,
      "p95_psnr_delta": 0.4132272720336907,
      "hard_bottom25_psnr_delta": 0.05196723937988281,
      "easy_top25_psnr_delta": 0.04217931111653646,
      "worst10pct_mean_psnr_delta": -0.38730748494466144,
      "best10pct_mean_psnr_delta": 0.46414101918538414,
      "worst10img_mean_psnr_delta": -0.659054183959961,
      "best10img_mean_psnr_delta": 0.7158939361572265,
      "worst10_mean_psnr_delta": -0.38730748494466144,
      "best10_mean_psnr_delta": 0.46414101918538414,
      "mean_ssim_delta": -3.939966360727946e-06,
      "positive_ratio": 0.6016666666666667,
      "strong_reference_cut_psnr": 42.834919929504395,
      "strong_reference_count": 150,
      "strong_regression_count_delta_le_-0.05": 49,
      "worst_regression_count_delta_le_-0.20": 77
    },
    {
      "label": "zero",
      "train_depth": "invert",
      "eval_depth": "zero",
      "compare_dir": "/sda/home/wangyuxin/ConvIR-B/repos/ConvIR-B-dta-v3-dapc-finetune-v33-routerfusion/experience_docx/experiment_logs/haze4k_dta_v3_dapc_20260611/dta_v3_3_v33_routerfusion_d2_lowphys_seed3411_f1_triage5full_gt_zero_compare",
      "common_count": 600,
      "mean_psnr_delta": -0.01393736203511556,
      "median_psnr_delta": -0.012083053588867188,
      "p5_psnr_delta": -0.17325267791748047,
      "p95_psnr_delta": 0.1516162872314452,
      "hard_bottom25_psnr_delta": -0.0061442947387695315,
      "easy_top25_psnr_delta": -0.009760513305664062,
      "worst10pct_mean_psnr_delta": -0.19297396341959636,
      "best10pct_mean_psnr_delta": 0.16459147135416666,
      "worst10img_mean_psnr_delta": -0.3080535888671875,
      "best10img_mean_psnr_delta": 0.25528793334960936,
      "worst10_mean_psnr_delta": -0.19297396341959636,
      "best10_mean_psnr_delta": 0.16459147135416666,
      "mean_ssim_delta": -1.8182694911956788e-05,
      "positive_ratio": 0.44,
      "strong_reference_cut_psnr": 42.834919929504395,
      "strong_reference_count": 150,
      "strong_regression_count_delta_le_-0.05": 44,
      "worst_regression_count_delta_le_-0.20": 18
    },
    {
      "label": "shuffle",
      "train_depth": "invert",
      "eval_depth": "shuffle",
      "compare_dir": "/sda/home/wangyuxin/ConvIR-B/repos/ConvIR-B-dta-v3-dapc-finetune-v33-routerfusion/experience_docx/experiment_logs/haze4k_dta_v3_dapc_20260611/dta_v3_3_v33_routerfusion_d2_lowphys_seed3411_f1_triage5full_gt_shuffle_compare",
      "common_count": 600,
      "mean_psnr_delta": -0.008624671300252278,
      "median_psnr_delta": -0.0053768157958984375,
      "p5_psnr_delta": -0.1849700927734375,
      "p95_psnr_delta": 0.17811412811279287,
      "hard_bottom25_psnr_delta": -0.004012438456217448,
      "easy_top25_psnr_delta": 0.0008856201171875,
      "worst10pct_mean_psnr_delta": -0.2153050740559896,
      "best10pct_mean_psnr_delta": 0.18880805969238282,
      "worst10img_mean_psnr_delta": -0.36150779724121096,
      "best10img_mean_psnr_delta": 0.2896209716796875,
      "worst10_mean_psnr_delta": -0.2153050740559896,
      "best10_mean_psnr_delta": 0.18880805969238282,
      "mean_ssim_delta": -9.054839611053466e-06,
      "positive_ratio": 0.47833333333333333,
      "strong_reference_cut_psnr": 42.834919929504395,
      "strong_reference_count": 150,
      "strong_regression_count_delta_le_-0.05": 38,
      "worst_regression_count_delta_le_-0.20": 25
    },
    {
      "label": "normal",
      "train_depth": "invert",
      "eval_depth": "normal",
      "compare_dir": "/sda/home/wangyuxin/ConvIR-B/repos/ConvIR-B-dta-v3-dapc-finetune-v33-routerfusion/experience_docx/experiment_logs/haze4k_dta_v3_dapc_20260611/dta_v3_3_v33_routerfusion_d2_lowphys_seed3411_f1_triage5full_gt_normal_compare",
      "common_count": 600,
      "mean_psnr_delta": -0.010906206766764322,
      "median_psnr_delta": -0.0066432952880859375,
      "p5_psnr_delta": -0.18362140655517578,
      "p95_psnr_delta": 0.16639308929443355,
      "hard_bottom25_psnr_delta": -0.010066274007161459,
      "easy_top25_psnr_delta": 0.007585779825846354,
      "worst10pct_mean_psnr_delta": -0.21405722300211588,
      "best10pct_mean_psnr_delta": 0.18025938669840494,
      "worst10img_mean_psnr_delta": -0.373394775390625,
      "best10img_mean_psnr_delta": 0.2637939453125,
      "worst10_mean_psnr_delta": -0.21405722300211588,
      "best10_mean_psnr_delta": 0.18025938669840494,
      "mean_ssim_delta": -3.939469655354818e-06,
      "positive_ratio": 0.45666666666666667,
      "strong_reference_cut_psnr": 42.834919929504395,
      "strong_reference_count": 150,
      "strong_regression_count_delta_le_-0.05": 38,
      "worst_regression_count_delta_le_-0.20": 25
    }
  ],
  "attribution": {
    "true_label": "true",
    "baseline_label": "zero",
    "common_count": 600,
    "mean_depth_surplus_psnr": 0.05804641405741374,
    "median_depth_surplus_psnr": 0.06168556213378906,
    "positive_surplus_ratio": 0.6583333333333333
  }
}
