{
  "runs": [
    {
      "label": "invert",
      "train_depth": "zero",
      "eval_depth": "invert",
      "compare_dir": "/sda/home/wangyuxin/ConvIR-B/repos/ConvIR-B-dta-v3-dapc-finetune-depthdirect/experience_docx/experiment_logs/haze4k_dta_v3_dapc_20260611/dta_v3_scout5full_depthDirect_zero_seed3407_f0_evalinvert_compare",
      "common_count": 600,
      "mean_psnr_delta": -0.02073054313659668,
      "median_psnr_delta": -0.0073566436767578125,
      "p5_psnr_delta": -0.2266298294067383,
      "p95_psnr_delta": 0.15138874053955065,
      "hard_bottom25_psnr_delta": -0.027200635274251303,
      "easy_top25_psnr_delta": -0.0008479563395182291,
      "worst10pct_mean_psnr_delta": -0.2752946535746256,
      "best10pct_mean_psnr_delta": 0.1770109176635742,
      "worst10img_mean_psnr_delta": -0.48718948364257814,
      "best10img_mean_psnr_delta": 0.2931232452392578,
      "worst10_mean_psnr_delta": -0.2752946535746256,
      "best10_mean_psnr_delta": 0.1770109176635742,
      "mean_ssim_delta": -3.111372391382853e-05,
      "positive_ratio": 0.46166666666666667,
      "strong_reference_cut_psnr": 42.755948066711426,
      "strong_reference_count": 150,
      "strong_regression_count_delta_le_-0.05": 35,
      "worst_regression_count_delta_le_-0.20": 43
    },
    {
      "label": "normal",
      "train_depth": "zero",
      "eval_depth": "normal",
      "compare_dir": "/sda/home/wangyuxin/ConvIR-B/repos/ConvIR-B-dta-v3-dapc-finetune-depthdirect/experience_docx/experiment_logs/haze4k_dta_v3_dapc_20260611/dta_v3_scout5full_depthDirect_zero_seed3407_f0_evalnormal_compare",
      "common_count": 600,
      "mean_psnr_delta": -0.00853531837463379,
      "median_psnr_delta": 0.001262664794921875,
      "p5_psnr_delta": -0.2915044784545898,
      "p95_psnr_delta": 0.25341529846191396,
      "hard_bottom25_psnr_delta": -0.020601666768391928,
      "easy_top25_psnr_delta": 0.01331939697265625,
      "worst10pct_mean_psnr_delta": -0.32559115091959634,
      "best10pct_mean_psnr_delta": 0.25980234146118164,
      "worst10img_mean_psnr_delta": -0.5629615783691406,
      "best10img_mean_psnr_delta": 0.3975700378417969,
      "worst10_mean_psnr_delta": -0.32559115091959634,
      "best10_mean_psnr_delta": 0.25980234146118164,
      "mean_ssim_delta": -3.169864416122437e-05,
      "positive_ratio": 0.5083333333333333,
      "strong_reference_cut_psnr": 42.755948066711426,
      "strong_reference_count": 150,
      "strong_regression_count_delta_le_-0.05": 39,
      "worst_regression_count_delta_le_-0.20": 60
    },
    {
      "label": "true",
      "train_depth": "zero",
      "eval_depth": "zero",
      "compare_dir": "/sda/home/wangyuxin/ConvIR-B/repos/ConvIR-B-dta-v3-dapc-finetune-depthdirect/experience_docx/experiment_logs/haze4k_dta_v3_dapc_20260611/dta_v3_scout5full_depthDirect_zero_seed3407_f0_evalzero_compare",
      "common_count": 600,
      "mean_psnr_delta": -0.004806941350301107,
      "median_psnr_delta": 0.0062503814697265625,
      "p5_psnr_delta": -0.3144157409667969,
      "p95_psnr_delta": 0.27600440979003865,
      "hard_bottom25_psnr_delta": -0.020598640441894533,
      "easy_top25_psnr_delta": 0.018559850056966146,
      "worst10pct_mean_psnr_delta": -0.3601260503133138,
      "best10pct_mean_psnr_delta": 0.2980756123860677,
      "worst10img_mean_psnr_delta": -0.5958702087402343,
      "best10img_mean_psnr_delta": 0.4411430358886719,
      "worst10_mean_psnr_delta": -0.3601260503133138,
      "best10_mean_psnr_delta": 0.2980756123860677,
      "mean_ssim_delta": -3.585745890935262e-05,
      "positive_ratio": 0.5366666666666666,
      "strong_reference_cut_psnr": 42.755948066711426,
      "strong_reference_count": 150,
      "strong_regression_count_delta_le_-0.05": 39,
      "worst_regression_count_delta_le_-0.20": 71
    },
    {
      "label": "shuffle",
      "train_depth": "zero",
      "eval_depth": "shuffle",
      "compare_dir": "/sda/home/wangyuxin/ConvIR-B/repos/ConvIR-B-dta-v3-dapc-finetune-depthdirect/experience_docx/experiment_logs/haze4k_dta_v3_dapc_20260611/dta_v3_scout5full_depthDirect_zero_seed3407_f0_evalshuffle_compare",
      "common_count": 600,
      "mean_psnr_delta": -0.010313695271809895,
      "median_psnr_delta": 7.343292236328125e-05,
      "p5_psnr_delta": -0.2758922576904297,
      "p95_psnr_delta": 0.23515548706054676,
      "hard_bottom25_psnr_delta": -0.021887308756510418,
      "easy_top25_psnr_delta": 0.011021982828776042,
      "worst10pct_mean_psnr_delta": -0.31575813293457033,
      "best10pct_mean_psnr_delta": 0.24893404642740885,
      "worst10img_mean_psnr_delta": -0.5469413757324219,
      "best10img_mean_psnr_delta": 0.3816383361816406,
      "worst10_mean_psnr_delta": -0.31575813293457033,
      "best10_mean_psnr_delta": 0.24893404642740885,
      "mean_ssim_delta": -3.1887988249460857e-05,
      "positive_ratio": 0.5016666666666667,
      "strong_reference_cut_psnr": 42.755948066711426,
      "strong_reference_count": 150,
      "strong_regression_count_delta_le_-0.05": 41,
      "worst_regression_count_delta_le_-0.20": 53
    }
  ],
  "attribution": {
    "true_label": "true",
    "baseline_label": "zero",
    "common_count": 0,
    "mean_depth_surplus_psnr": null,
    "median_depth_surplus_psnr": null,
    "positive_surplus_ratio": null
  }
}