{
  "runs": [
    {
      "label": "true",
      "train_depth": "invert",
      "eval_depth": "invert",
      "compare_dir": "/sda/home/wangyuxin/ConvIR-B/repos/ConvIR-B-dta-v3-dapc-finetune-v32-safemix/experience_docx/experiment_logs/haze4k_dta_v3_dapc_20260611/dta_v3_2_v32_safemix_c3_full_seed3407_f0_scout5full_gt_invert_compare",
      "common_count": 600,
      "mean_psnr_delta": 0.0301351801554362,
      "median_psnr_delta": 0.025615692138671875,
      "p5_psnr_delta": -0.27128028869628906,
      "p95_psnr_delta": 0.32869606018066383,
      "hard_bottom25_psnr_delta": 0.0077713521321614585,
      "easy_top25_psnr_delta": 0.050954488118489585,
      "worst10pct_mean_psnr_delta": -0.2882921854654948,
      "best10pct_mean_psnr_delta": 0.35354954401652017,
      "worst10img_mean_psnr_delta": -0.4766990661621094,
      "best10img_mean_psnr_delta": 0.5306293487548828,
      "worst10_mean_psnr_delta": -0.2882921854654948,
      "best10_mean_psnr_delta": 0.35354954401652017,
      "mean_ssim_delta": -2.3573835690816243e-05,
      "positive_ratio": 0.6016666666666667,
      "strong_reference_cut_psnr": 42.755948066711426,
      "strong_reference_count": 150,
      "strong_regression_count_delta_le_-0.05": 36,
      "worst_regression_count_delta_le_-0.20": 48
    },
    {
      "label": "zero",
      "train_depth": "invert",
      "eval_depth": "zero",
      "compare_dir": "/sda/home/wangyuxin/ConvIR-B/repos/ConvIR-B-dta-v3-dapc-finetune-v32-safemix/experience_docx/experiment_logs/haze4k_dta_v3_dapc_20260611/dta_v3_2_v32_safemix_c3_full_seed3407_f0_scout5full_gt_zero_compare",
      "common_count": 600,
      "mean_psnr_delta": -0.010057926177978516,
      "median_psnr_delta": -0.0006046295166015625,
      "p5_psnr_delta": -0.19336681365966796,
      "p95_psnr_delta": 0.1518634796142578,
      "hard_bottom25_psnr_delta": -0.015740203857421874,
      "easy_top25_psnr_delta": 0.002525533040364583,
      "worst10pct_mean_psnr_delta": -0.21635122299194337,
      "best10pct_mean_psnr_delta": 0.16834300359090168,
      "worst10img_mean_psnr_delta": -0.3297142028808594,
      "best10img_mean_psnr_delta": 0.2810169219970703,
      "worst10_mean_psnr_delta": -0.21635122299194337,
      "best10_mean_psnr_delta": 0.16834300359090168,
      "mean_ssim_delta": -2.8620262940724692e-05,
      "positive_ratio": 0.49833333333333335,
      "strong_reference_cut_psnr": 42.755948066711426,
      "strong_reference_count": 150,
      "strong_regression_count_delta_le_-0.05": 32,
      "worst_regression_count_delta_le_-0.20": 27
    },
    {
      "label": "shuffle",
      "train_depth": "invert",
      "eval_depth": "shuffle",
      "compare_dir": "/sda/home/wangyuxin/ConvIR-B/repos/ConvIR-B-dta-v3-dapc-finetune-v32-safemix/experience_docx/experiment_logs/haze4k_dta_v3_dapc_20260611/dta_v3_2_v32_safemix_c3_full_seed3407_f0_scout5full_gt_shuffle_compare",
      "common_count": 600,
      "mean_psnr_delta": -0.004395748774210612,
      "median_psnr_delta": 0.0013332366943359375,
      "p5_psnr_delta": -0.20167789459228516,
      "p95_psnr_delta": 0.16405086517333978,
      "hard_bottom25_psnr_delta": -0.015374692281087239,
      "easy_top25_psnr_delta": 0.013699493408203124,
      "worst10pct_mean_psnr_delta": -0.21883570353190104,
      "best10pct_mean_psnr_delta": 0.18171990712483724,
      "worst10img_mean_psnr_delta": -0.34011192321777345,
      "best10img_mean_psnr_delta": 0.2891578674316406,
      "worst10_mean_psnr_delta": -0.21883570353190104,
      "best10_mean_psnr_delta": 0.18171990712483724,
      "mean_ssim_delta": -2.500683069229126e-05,
      "positive_ratio": 0.505,
      "strong_reference_cut_psnr": 42.755948066711426,
      "strong_reference_count": 150,
      "strong_regression_count_delta_le_-0.05": 33,
      "worst_regression_count_delta_le_-0.20": 31
    },
    {
      "label": "normal",
      "train_depth": "invert",
      "eval_depth": "normal",
      "compare_dir": "/sda/home/wangyuxin/ConvIR-B/repos/ConvIR-B-dta-v3-dapc-finetune-v32-safemix/experience_docx/experiment_logs/haze4k_dta_v3_dapc_20260611/dta_v3_2_v32_safemix_c3_full_seed3407_f0_scout5full_gt_normal_compare",
      "common_count": 600,
      "mean_psnr_delta": -0.005438734690348307,
      "median_psnr_delta": 0.001895904541015625,
      "p5_psnr_delta": -0.19282360076904298,
      "p95_psnr_delta": 0.1635997772216796,
      "hard_bottom25_psnr_delta": -0.01621045430501302,
      "easy_top25_psnr_delta": 0.013349329630533854,
      "worst10pct_mean_psnr_delta": -0.21780220667521158,
      "best10pct_mean_psnr_delta": 0.17881491978963215,
      "worst10img_mean_psnr_delta": -0.3318935394287109,
      "best10img_mean_psnr_delta": 0.28965034484863283,
      "worst10_mean_psnr_delta": -0.21780220667521158,
      "best10_mean_psnr_delta": 0.17881491978963215,
      "mean_ssim_delta": -2.342949310938517e-05,
      "positive_ratio": 0.51,
      "strong_reference_cut_psnr": 42.755948066711426,
      "strong_reference_count": 150,
      "strong_regression_count_delta_le_-0.05": 30,
      "worst_regression_count_delta_le_-0.20": 30
    }
  ],
  "attribution": {
    "true_label": "true",
    "baseline_label": "zero",
    "common_count": 600,
    "mean_depth_surplus_psnr": 0.04019310633341471,
    "median_depth_surplus_psnr": 0.028261184692382812,
    "positive_surplus_ratio": 0.6483333333333333
  }
}