{
  "runs": [
    {
      "label": "true",
      "train_depth": "invert",
      "eval_depth": "invert",
      "compare_dir": "/sda/home/wangyuxin/ConvIR-B/repos/ConvIR-B-dta-v3-dapc-finetune-v31/experience_docx/experiment_logs/haze4k_dta_v3_dapc_20260611/dta_v3_1_v31_wg18_base_s008_b14_seed3407_f0_gt_invert_compare",
      "common_count": 600,
      "mean_psnr_delta": 0.02064565976460775,
      "median_psnr_delta": 0.03196144104003906,
      "p5_psnr_delta": -0.34441986083984377,
      "p95_psnr_delta": 0.35956382751464827,
      "hard_bottom25_psnr_delta": 0.0012918980916341147,
      "easy_top25_psnr_delta": 0.039908650716145834,
      "worst10pct_mean_psnr_delta": -0.3836129506429036,
      "best10pct_mean_psnr_delta": 0.38090070088704425,
      "worst10img_mean_psnr_delta": -0.636767578125,
      "best10img_mean_psnr_delta": 0.5462272644042969,
      "worst10_mean_psnr_delta": -0.3836129506429036,
      "best10_mean_psnr_delta": 0.38090070088704425,
      "mean_ssim_delta": -2.4951497713724773e-05,
      "positive_ratio": 0.5983333333333334,
      "strong_reference_cut_psnr": 42.755948066711426,
      "strong_reference_count": 150,
      "strong_regression_count_delta_le_-0.05": 38,
      "worst_regression_count_delta_le_-0.20": 71
    },
    {
      "label": "zero",
      "train_depth": "invert",
      "eval_depth": "zero",
      "compare_dir": "/sda/home/wangyuxin/ConvIR-B/repos/ConvIR-B-dta-v3-dapc-finetune-v31/experience_docx/experiment_logs/haze4k_dta_v3_dapc_20260611/dta_v3_1_v31_wg18_base_s008_b14_seed3407_f0_gt_zero_compare",
      "common_count": 600,
      "mean_psnr_delta": -0.014547332127888998,
      "median_psnr_delta": 0.0013103485107421875,
      "p5_psnr_delta": -0.22250614166259766,
      "p95_psnr_delta": 0.15572738647460932,
      "hard_bottom25_psnr_delta": -0.019823570251464844,
      "easy_top25_psnr_delta": 0.0021392567952473957,
      "worst10pct_mean_psnr_delta": -0.2600820541381836,
      "best10pct_mean_psnr_delta": 0.17265218098958332,
      "worst10img_mean_psnr_delta": -0.467266845703125,
      "best10img_mean_psnr_delta": 0.288862419128418,
      "worst10_mean_psnr_delta": -0.2600820541381836,
      "best10_mean_psnr_delta": 0.17265218098958332,
      "mean_ssim_delta": -2.5656123956044515e-05,
      "positive_ratio": 0.51,
      "strong_reference_cut_psnr": 42.755948066711426,
      "strong_reference_count": 150,
      "strong_regression_count_delta_le_-0.05": 31,
      "worst_regression_count_delta_le_-0.20": 34
    },
    {
      "label": "shuffle",
      "train_depth": "invert",
      "eval_depth": "shuffle",
      "compare_dir": "/sda/home/wangyuxin/ConvIR-B/repos/ConvIR-B-dta-v3-dapc-finetune-v31/experience_docx/experiment_logs/haze4k_dta_v3_dapc_20260611/dta_v3_1_v31_wg18_base_s008_b14_seed3407_f0_gt_shuffle_compare",
      "common_count": 600,
      "mean_psnr_delta": -0.010621509552001952,
      "median_psnr_delta": 0.0046138763427734375,
      "p5_psnr_delta": -0.2469451904296875,
      "p95_psnr_delta": 0.1764524459838866,
      "hard_bottom25_psnr_delta": -0.019688517252604166,
      "easy_top25_psnr_delta": 0.009148025512695312,
      "worst10pct_mean_psnr_delta": -0.27935682932535805,
      "best10pct_mean_psnr_delta": 0.19261916478474936,
      "worst10img_mean_psnr_delta": -0.4900814056396484,
      "best10img_mean_psnr_delta": 0.31690673828125,
      "worst10_mean_psnr_delta": -0.27935682932535805,
      "best10_mean_psnr_delta": 0.19261916478474936,
      "mean_ssim_delta": -2.5352636973063153e-05,
      "positive_ratio": 0.5283333333333333,
      "strong_reference_cut_psnr": 42.755948066711426,
      "strong_reference_count": 150,
      "strong_regression_count_delta_le_-0.05": 32,
      "worst_regression_count_delta_le_-0.20": 44
    },
    {
      "label": "normal",
      "train_depth": "invert",
      "eval_depth": "normal",
      "compare_dir": "/sda/home/wangyuxin/ConvIR-B/repos/ConvIR-B-dta-v3-dapc-finetune-v31/experience_docx/experiment_logs/haze4k_dta_v3_dapc_20260611/dta_v3_1_v31_wg18_base_s008_b14_seed3407_f0_gt_normal_compare",
      "common_count": 600,
      "mean_psnr_delta": -0.011658493677775066,
      "median_psnr_delta": 0.0039825439453125,
      "p5_psnr_delta": -0.23259620666503908,
      "p95_psnr_delta": 0.1618059158325193,
      "hard_bottom25_psnr_delta": -0.020334002176920572,
      "easy_top25_psnr_delta": 0.008610483805338541,
      "worst10pct_mean_psnr_delta": -0.2737184842427572,
      "best10pct_mean_psnr_delta": 0.1862858772277832,
      "worst10img_mean_psnr_delta": -0.49172821044921877,
      "best10img_mean_psnr_delta": 0.3050258636474609,
      "worst10_mean_psnr_delta": -0.2737184842427572,
      "best10_mean_psnr_delta": 0.1862858772277832,
      "mean_ssim_delta": -2.4651487668355305e-05,
      "positive_ratio": 0.5266666666666666,
      "strong_reference_cut_psnr": 42.755948066711426,
      "strong_reference_count": 150,
      "strong_regression_count_delta_le_-0.05": 30,
      "worst_regression_count_delta_le_-0.20": 42
    }
  ],
  "attribution": {
    "true_label": "true",
    "baseline_label": "zero",
    "common_count": 600,
    "mean_depth_surplus_psnr": 0.03519299189249674,
    "median_depth_surplus_psnr": 0.022792816162109375,
    "positive_surplus_ratio": 0.625
  }
}