{
  "runs": [
    {
      "label": "true",
      "train_depth": "invert",
      "eval_depth": "invert",
      "compare_dir": "/sda/home/wangyuxin/ConvIR-B/repos/ConvIR-B-dta-v3-dapc-finetune-tailguard/experience_docx/experiment_logs/haze4k_dta_v3_dapc_20260611/dta_v3_scout5full_depthDirectTail_wg20_tail12_s006_b10_seed3407_f0_evalinvert_compare",
      "common_count": 600,
      "mean_psnr_delta": -0.040232582092285155,
      "median_psnr_delta": -0.0286712646484375,
      "p5_psnr_delta": -0.20895462036132814,
      "p95_psnr_delta": 0.09779100418090815,
      "hard_bottom25_psnr_delta": -0.03656578063964844,
      "easy_top25_psnr_delta": -0.026972630818684895,
      "worst10pct_mean_psnr_delta": -0.2507946014404297,
      "best10pct_mean_psnr_delta": 0.12231842676798503,
      "worst10img_mean_psnr_delta": -0.4334064483642578,
      "best10img_mean_psnr_delta": 0.23331680297851562,
      "worst10_mean_psnr_delta": -0.2507946014404297,
      "best10_mean_psnr_delta": 0.12231842676798503,
      "mean_ssim_delta": -2.9720067977905274e-05,
      "positive_ratio": 0.35333333333333333,
      "strong_reference_cut_psnr": 42.755948066711426,
      "strong_reference_count": 150,
      "strong_regression_count_delta_le_-0.05": 52,
      "worst_regression_count_delta_le_-0.20": 39
    },
    {
      "label": "normal",
      "train_depth": "invert",
      "eval_depth": "normal",
      "compare_dir": "/sda/home/wangyuxin/ConvIR-B/repos/ConvIR-B-dta-v3-dapc-finetune-tailguard/experience_docx/experiment_logs/haze4k_dta_v3_dapc_20260611/dta_v3_scout5full_depthDirectTail_wg20_tail12_s006_b10_seed3407_f0_evalnormal_compare",
      "common_count": 600,
      "mean_psnr_delta": -0.04110122362772624,
      "median_psnr_delta": -0.029811859130859375,
      "p5_psnr_delta": -0.21408157348632814,
      "p95_psnr_delta": 0.09646635055541981,
      "hard_bottom25_psnr_delta": -0.03695250193277995,
      "easy_top25_psnr_delta": -0.02813524881998698,
      "worst10pct_mean_psnr_delta": -0.2517847696940104,
      "best10pct_mean_psnr_delta": 0.12177743911743164,
      "worst10img_mean_psnr_delta": -0.4323879241943359,
      "best10img_mean_psnr_delta": 0.23065948486328125,
      "worst10_mean_psnr_delta": -0.2517847696940104,
      "best10_mean_psnr_delta": 0.12177743911743164,
      "mean_ssim_delta": -2.967993418375651e-05,
      "positive_ratio": 0.3516666666666667,
      "strong_reference_cut_psnr": 42.755948066711426,
      "strong_reference_count": 150,
      "strong_regression_count_delta_le_-0.05": 54,
      "worst_regression_count_delta_le_-0.20": 37
    },
    {
      "label": "zero",
      "train_depth": "invert",
      "eval_depth": "zero",
      "compare_dir": "/sda/home/wangyuxin/ConvIR-B/repos/ConvIR-B-dta-v3-dapc-finetune-tailguard/experience_docx/experiment_logs/haze4k_dta_v3_dapc_20260611/dta_v3_scout5full_depthDirectTail_wg20_tail12_s006_b10_seed3407_f0_evalzero_compare",
      "common_count": 600,
      "mean_psnr_delta": -0.0411905829111735,
      "median_psnr_delta": -0.029813766479492188,
      "p5_psnr_delta": -0.2145547866821289,
      "p95_psnr_delta": 0.0967082977294921,
      "hard_bottom25_psnr_delta": -0.03697991689046224,
      "easy_top25_psnr_delta": -0.028290685017903647,
      "worst10pct_mean_psnr_delta": -0.25167179107666016,
      "best10pct_mean_psnr_delta": 0.12175343831380209,
      "worst10img_mean_psnr_delta": -0.43194732666015623,
      "best10img_mean_psnr_delta": 0.230596923828125,
      "worst10_mean_psnr_delta": -0.25167179107666016,
      "best10_mean_psnr_delta": 0.12175343831380209,
      "mean_ssim_delta": -2.9654602209726968e-05,
      "positive_ratio": 0.35333333333333333,
      "strong_reference_cut_psnr": 42.755948066711426,
      "strong_reference_count": 150,
      "strong_regression_count_delta_le_-0.05": 54,
      "worst_regression_count_delta_le_-0.20": 37
    },
    {
      "label": "shuffle",
      "train_depth": "invert",
      "eval_depth": "shuffle",
      "compare_dir": "/sda/home/wangyuxin/ConvIR-B/repos/ConvIR-B-dta-v3-dapc-finetune-tailguard/experience_docx/experiment_logs/haze4k_dta_v3_dapc_20260611/dta_v3_scout5full_depthDirectTail_wg20_tail12_s006_b10_seed3407_f0_evalshuffle_compare",
      "common_count": 600,
      "mean_psnr_delta": -0.04110000610351563,
      "median_psnr_delta": -0.02980804443359375,
      "p5_psnr_delta": -0.21363296508789062,
      "p95_psnr_delta": 0.09650211334228505,
      "hard_bottom25_psnr_delta": -0.03698328653971354,
      "easy_top25_psnr_delta": -0.028149541219075522,
      "worst10pct_mean_psnr_delta": -0.25165926615397133,
      "best10pct_mean_psnr_delta": 0.12188838322957357,
      "worst10img_mean_psnr_delta": -0.4322807312011719,
      "best10img_mean_psnr_delta": 0.23090801239013672,
      "worst10_mean_psnr_delta": -0.25165926615397133,
      "best10_mean_psnr_delta": 0.12188838322957357,
      "mean_ssim_delta": -2.966741720835368e-05,
      "positive_ratio": 0.35333333333333333,
      "strong_reference_cut_psnr": 42.755948066711426,
      "strong_reference_count": 150,
      "strong_regression_count_delta_le_-0.05": 54,
      "worst_regression_count_delta_le_-0.20": 37
    }
  ],
  "attribution": {
    "true_label": "true",
    "baseline_label": "zero",
    "common_count": 600,
    "mean_depth_surplus_psnr": 0.0009580008188883463,
    "median_depth_surplus_psnr": 0.00054931640625,
    "positive_surplus_ratio": 0.6366666666666667
  }
}