{
  "runs": [
    {
      "label": "true",
      "train_depth": "invert",
      "eval_depth": "invert",
      "compare_dir": "/sda/home/wangyuxin/ConvIR-B/repos/ConvIR-B-dta-v3-dapc-finetune-v33-routerfusion/experience_docx/experiment_logs/haze4k_dta_v3_dapc_20260611/dta_v3_3_v33_routerfusion_d2_lowphys_seed3407_f0_triage5full_fallback_invert_compare",
      "common_count": 600,
      "mean_psnr_delta": 0.04158578872680664,
      "median_psnr_delta": 0.04141044616699219,
      "p5_psnr_delta": -0.4246210098266602,
      "p95_psnr_delta": 0.4681123733520505,
      "hard_bottom25_psnr_delta": 0.01885704040527344,
      "easy_top25_psnr_delta": 0.05298082987467448,
      "worst10pct_mean_psnr_delta": -0.4273879369099935,
      "best10pct_mean_psnr_delta": 0.48698679606119794,
      "worst10img_mean_psnr_delta": -0.6452842712402344,
      "best10img_mean_psnr_delta": 0.7056564331054688,
      "worst10_mean_psnr_delta": -0.4273879369099935,
      "best10_mean_psnr_delta": 0.48698679606119794,
      "mean_ssim_delta": -1.3437867164611816e-05,
      "positive_ratio": 0.5966666666666667,
      "strong_reference_cut_psnr": 42.755948066711426,
      "strong_reference_count": 150,
      "strong_regression_count_delta_le_-0.05": 50,
      "worst_regression_count_delta_le_-0.20": 95
    },
    {
      "label": "zero",
      "train_depth": "invert",
      "eval_depth": "zero",
      "compare_dir": "/sda/home/wangyuxin/ConvIR-B/repos/ConvIR-B-dta-v3-dapc-finetune-v33-routerfusion/experience_docx/experiment_logs/haze4k_dta_v3_dapc_20260611/dta_v3_3_v33_routerfusion_d2_lowphys_seed3407_f0_triage5full_fallback_zero_compare",
      "common_count": 600,
      "mean_psnr_delta": -0.024634307225545247,
      "median_psnr_delta": -0.020099639892578125,
      "p5_psnr_delta": -0.24659423828125,
      "p95_psnr_delta": 0.18199138641357399,
      "hard_bottom25_psnr_delta": -0.022892036437988282,
      "easy_top25_psnr_delta": -0.02847551981608073,
      "worst10pct_mean_psnr_delta": -0.2720036506652832,
      "best10pct_mean_psnr_delta": 0.19864072799682617,
      "worst10img_mean_psnr_delta": -0.42327537536621096,
      "best10img_mean_psnr_delta": 0.3235805511474609,
      "worst10_mean_psnr_delta": -0.2720036506652832,
      "best10_mean_psnr_delta": 0.19864072799682617,
      "mean_ssim_delta": -3.275732199350993e-05,
      "positive_ratio": 0.42833333333333334,
      "strong_reference_cut_psnr": 42.755948066711426,
      "strong_reference_count": 150,
      "strong_regression_count_delta_le_-0.05": 48,
      "worst_regression_count_delta_le_-0.20": 53
    },
    {
      "label": "shuffle",
      "train_depth": "invert",
      "eval_depth": "shuffle",
      "compare_dir": "/sda/home/wangyuxin/ConvIR-B/repos/ConvIR-B-dta-v3-dapc-finetune-v33-routerfusion/experience_docx/experiment_logs/haze4k_dta_v3_dapc_20260611/dta_v3_3_v33_routerfusion_d2_lowphys_seed3407_f0_triage5full_fallback_shuffle_compare",
      "common_count": 600,
      "mean_psnr_delta": -0.01604519844055176,
      "median_psnr_delta": -0.0072574615478515625,
      "p5_psnr_delta": -0.2596864700317383,
      "p95_psnr_delta": 0.20563888549804674,
      "hard_bottom25_psnr_delta": -0.026240450541178385,
      "easy_top25_psnr_delta": -0.004858729044596354,
      "worst10pct_mean_psnr_delta": -0.28759018580118817,
      "best10pct_mean_psnr_delta": 0.22967395782470704,
      "worst10img_mean_psnr_delta": -0.4588314056396484,
      "best10img_mean_psnr_delta": 0.3695568084716797,
      "worst10_mean_psnr_delta": -0.28759018580118817,
      "best10_mean_psnr_delta": 0.22967395782470704,
      "mean_ssim_delta": -2.190848191579183e-05,
      "positive_ratio": 0.4666666666666667,
      "strong_reference_cut_psnr": 42.755948066711426,
      "strong_reference_count": 150,
      "strong_regression_count_delta_le_-0.05": 42,
      "worst_regression_count_delta_le_-0.20": 56
    },
    {
      "label": "normal",
      "train_depth": "invert",
      "eval_depth": "normal",
      "compare_dir": "/sda/home/wangyuxin/ConvIR-B/repos/ConvIR-B-dta-v3-dapc-finetune-v33-routerfusion/experience_docx/experiment_logs/haze4k_dta_v3_dapc_20260611/dta_v3_3_v33_routerfusion_d2_lowphys_seed3407_f0_triage5full_fallback_normal_compare",
      "common_count": 600,
      "mean_psnr_delta": -0.018826529184977212,
      "median_psnr_delta": -0.011903762817382812,
      "p5_psnr_delta": -0.24703845977783204,
      "p95_psnr_delta": 0.2140062332153319,
      "hard_bottom25_psnr_delta": -0.030380147298177083,
      "easy_top25_psnr_delta": -0.006433563232421875,
      "worst10pct_mean_psnr_delta": -0.2830311457316081,
      "best10pct_mean_psnr_delta": 0.22742544809977214,
      "worst10img_mean_psnr_delta": -0.4490394592285156,
      "best10img_mean_psnr_delta": 0.3496372222900391,
      "worst10_mean_psnr_delta": -0.2830311457316081,
      "best10_mean_psnr_delta": 0.22742544809977214,
      "mean_ssim_delta": -1.8059810002644857e-05,
      "positive_ratio": 0.445,
      "strong_reference_cut_psnr": 42.755948066711426,
      "strong_reference_count": 150,
      "strong_regression_count_delta_le_-0.05": 41,
      "worst_regression_count_delta_le_-0.20": 60
    }
  ],
  "attribution": {
    "true_label": "true",
    "baseline_label": "zero",
    "common_count": 600,
    "mean_depth_surplus_psnr": 0.06622009595235188,
    "median_depth_surplus_psnr": 0.058010101318359375,
    "positive_surplus_ratio": 0.6566666666666666
  }
}
