{
  "runs": [
    {
      "label": "true",
      "train_depth": "invert",
      "eval_depth": "invert",
      "compare_dir": "/home/caozhiyang/ConvIR-B/repos/ConvIR-B-dta-v3-4-fdf-tsr-finetune/experience_docx/experiment_logs/haze4k_dta_v3_dapc_20260611/dta_v3_4_v34_fdf_tsr_e1_feature_only_seed3411_f1_quick5full_fallback_train_invert_compare",
      "common_count": 600,
      "mean_psnr_delta": 0.05729982376098633,
      "median_psnr_delta": 0.05649375915527344,
      "p5_psnr_delta": -0.48647537231445315,
      "p95_psnr_delta": 0.6058895111083978,
      "hard_bottom25_psnr_delta": 0.04759165445963542,
      "easy_top25_psnr_delta": 0.047822850545247396,
      "worst10pct_mean_psnr_delta": -0.5247491200764974,
      "best10pct_mean_psnr_delta": 0.6837121963500976,
      "worst10img_mean_psnr_delta": -0.8432716369628906,
      "best10img_mean_psnr_delta": 1.0483573913574218,
      "worst10_mean_psnr_delta": -0.5247491200764974,
      "best10_mean_psnr_delta": 0.6837121963500976,
      "mean_ssim_delta": 1.048038403193156e-05,
      "positive_ratio": 0.5683333333333334,
      "strong_reference_cut_psnr": 42.84021854400635,
      "strong_reference_count": 150,
      "strong_regression_count_delta_le_-0.05": 61,
      "worst_regression_count_delta_le_-0.20": 104
    },
    {
      "label": "zero",
      "train_depth": "invert",
      "eval_depth": "zero",
      "compare_dir": "/home/caozhiyang/ConvIR-B/repos/ConvIR-B-dta-v3-4-fdf-tsr-finetune/experience_docx/experiment_logs/haze4k_dta_v3_dapc_20260611/dta_v3_4_v34_fdf_tsr_e1_feature_only_seed3411_f1_quick5full_fallback_train_zero_compare",
      "common_count": 600,
      "mean_psnr_delta": -0.21990219751993814,
      "median_psnr_delta": -0.18755531311035156,
      "p5_psnr_delta": -0.8454948425292969,
      "p95_psnr_delta": 0.29363632202148393,
      "hard_bottom25_psnr_delta": -0.1914770762125651,
      "easy_top25_psnr_delta": -0.16769760131835937,
      "worst10pct_mean_psnr_delta": -0.9113450368245443,
      "best10pct_mean_psnr_delta": 0.37905610402425133,
      "worst10img_mean_psnr_delta": -1.2842662811279297,
      "best10img_mean_psnr_delta": 0.8199634552001953,
      "worst10_mean_psnr_delta": -0.9113450368245443,
      "best10_mean_psnr_delta": 0.37905610402425133,
      "mean_ssim_delta": -9.264806906382244e-05,
      "positive_ratio": 0.24166666666666667,
      "strong_reference_cut_psnr": 42.84021854400635,
      "strong_reference_count": 150,
      "strong_regression_count_delta_le_-0.05": 100,
      "worst_regression_count_delta_le_-0.20": 286
    },
    {
      "label": "shuffle",
      "train_depth": "invert",
      "eval_depth": "shuffle",
      "compare_dir": "/home/caozhiyang/ConvIR-B/repos/ConvIR-B-dta-v3-4-fdf-tsr-finetune/experience_docx/experiment_logs/haze4k_dta_v3_dapc_20260611/dta_v3_4_v34_fdf_tsr_e1_feature_only_seed3411_f1_quick5full_fallback_train_shuffle_compare",
      "common_count": 600,
      "mean_psnr_delta": -0.1717368253072103,
      "median_psnr_delta": -0.1645030975341797,
      "p5_psnr_delta": -0.7098760604858398,
      "p95_psnr_delta": 0.32134361267089745,
      "hard_bottom25_psnr_delta": -0.17887705485026043,
      "easy_top25_psnr_delta": -0.09411890665690104,
      "worst10pct_mean_psnr_delta": -0.7730625788370769,
      "best10pct_mean_psnr_delta": 0.4119131088256836,
      "worst10img_mean_psnr_delta": -1.1506511688232421,
      "best10img_mean_psnr_delta": 0.8408554077148438,
      "worst10_mean_psnr_delta": -0.7730625788370769,
      "best10_mean_psnr_delta": 0.4119131088256836,
      "mean_ssim_delta": -6.041338046391805e-05,
      "positive_ratio": 0.26,
      "strong_reference_cut_psnr": 42.84021854400635,
      "strong_reference_count": 150,
      "strong_regression_count_delta_le_-0.05": 79,
      "worst_regression_count_delta_le_-0.20": 261
    },
    {
      "label": "normal",
      "train_depth": "invert",
      "eval_depth": "normal",
      "compare_dir": "/home/caozhiyang/ConvIR-B/repos/ConvIR-B-dta-v3-4-fdf-tsr-finetune/experience_docx/experiment_logs/haze4k_dta_v3_dapc_20260611/dta_v3_4_v34_fdf_tsr_e1_feature_only_seed3411_f1_quick5full_fallback_train_normal_compare",
      "common_count": 600,
      "mean_psnr_delta": -0.21474239667256673,
      "median_psnr_delta": -0.20711040496826172,
      "p5_psnr_delta": -0.8018573760986328,
      "p95_psnr_delta": 0.3204730987548827,
      "hard_bottom25_psnr_delta": -0.2175442377726237,
      "easy_top25_psnr_delta": -0.1150744374593099,
      "worst10pct_mean_psnr_delta": -0.8657257397969563,
      "best10pct_mean_psnr_delta": 0.400304921468099,
      "worst10img_mean_psnr_delta": -1.2296001434326171,
      "best10img_mean_psnr_delta": 0.7992599487304688,
      "worst10_mean_psnr_delta": -0.8657257397969563,
      "best10_mean_psnr_delta": 0.400304921468099,
      "mean_ssim_delta": -7.21508264541626e-05,
      "positive_ratio": 0.235,
      "strong_reference_cut_psnr": 42.84021854400635,
      "strong_reference_count": 150,
      "strong_regression_count_delta_le_-0.05": 88,
      "worst_regression_count_delta_le_-0.20": 305
    }
  ],
  "attribution": {
    "true_label": "true",
    "baseline_label": "zero",
    "common_count": 600,
    "mean_depth_surplus_psnr": 0.27720202128092447,
    "median_depth_surplus_psnr": 0.27027130126953125,
    "positive_surplus_ratio": 0.7833333333333333
  }
}