{
  "runs": [
    {
      "label": "true",
      "train_depth": "invert",
      "eval_depth": "invert",
      "compare_dir": "/home/caozhiyang/ConvIR-B/repos/ConvIR-B-dta-v3-4-fdf-tsr-finetune/experience_docx/experiment_logs/haze4k_dta_v3_dapc_20260611/dta_v3_4_v34_fdf_tsr_e2_tiny_residual_seed3411_f1_quick5full_fallback_train_invert_compare",
      "common_count": 600,
      "mean_psnr_delta": 0.05783729235331218,
      "median_psnr_delta": 0.055568695068359375,
      "p5_psnr_delta": -0.4900327682495117,
      "p95_psnr_delta": 0.6188026428222653,
      "hard_bottom25_psnr_delta": 0.04741616566975911,
      "easy_top25_psnr_delta": 0.04953379313151041,
      "worst10pct_mean_psnr_delta": -0.5270904541015625,
      "best10pct_mean_psnr_delta": 0.686673927307129,
      "worst10img_mean_psnr_delta": -0.8400226593017578,
      "best10img_mean_psnr_delta": 1.0577014923095702,
      "worst10_mean_psnr_delta": -0.5270904541015625,
      "best10_mean_psnr_delta": 0.686673927307129,
      "mean_ssim_delta": 1.2770295143127441e-05,
      "positive_ratio": 0.5616666666666666,
      "strong_reference_cut_psnr": 42.84021854400635,
      "strong_reference_count": 150,
      "strong_regression_count_delta_le_-0.05": 60,
      "worst_regression_count_delta_le_-0.20": 107
    },
    {
      "label": "zero",
      "train_depth": "invert",
      "eval_depth": "zero",
      "compare_dir": "/home/caozhiyang/ConvIR-B/repos/ConvIR-B-dta-v3-4-fdf-tsr-finetune/experience_docx/experiment_logs/haze4k_dta_v3_dapc_20260611/dta_v3_4_v34_fdf_tsr_e2_tiny_residual_seed3411_f1_quick5full_fallback_train_zero_compare",
      "common_count": 600,
      "mean_psnr_delta": -0.22841321309407553,
      "median_psnr_delta": -0.19652175903320312,
      "p5_psnr_delta": -0.8435739517211914,
      "p95_psnr_delta": 0.290007972717285,
      "hard_bottom25_psnr_delta": -0.2021147155761719,
      "easy_top25_psnr_delta": -0.17302530924479168,
      "worst10pct_mean_psnr_delta": -0.8930850982666015,
      "best10pct_mean_psnr_delta": 0.3612034479777018,
      "worst10img_mean_psnr_delta": -1.2454692840576171,
      "best10img_mean_psnr_delta": 0.7586238861083985,
      "worst10_mean_psnr_delta": -0.8930850982666015,
      "best10_mean_psnr_delta": 0.3612034479777018,
      "mean_ssim_delta": -0.00010110298792521159,
      "positive_ratio": 0.23333333333333334,
      "strong_reference_cut_psnr": 42.84021854400635,
      "strong_reference_count": 150,
      "strong_regression_count_delta_le_-0.05": 99,
      "worst_regression_count_delta_le_-0.20": 296
    },
    {
      "label": "shuffle",
      "train_depth": "invert",
      "eval_depth": "shuffle",
      "compare_dir": "/home/caozhiyang/ConvIR-B/repos/ConvIR-B-dta-v3-4-fdf-tsr-finetune/experience_docx/experiment_logs/haze4k_dta_v3_dapc_20260611/dta_v3_4_v34_fdf_tsr_e2_tiny_residual_seed3411_f1_quick5full_fallback_train_shuffle_compare",
      "common_count": 600,
      "mean_psnr_delta": -0.17479138374328612,
      "median_psnr_delta": -0.1647357940673828,
      "p5_psnr_delta": -0.688687515258789,
      "p95_psnr_delta": 0.3279638290405273,
      "hard_bottom25_psnr_delta": -0.18509502410888673,
      "easy_top25_psnr_delta": -0.0923340098063151,
      "worst10pct_mean_psnr_delta": -0.7504060745239258,
      "best10pct_mean_psnr_delta": 0.3846687952677409,
      "worst10img_mean_psnr_delta": -1.1043582916259767,
      "best10img_mean_psnr_delta": 0.7798728942871094,
      "worst10_mean_psnr_delta": -0.7504060745239258,
      "best10_mean_psnr_delta": 0.3846687952677409,
      "mean_ssim_delta": -5.937109390894572e-05,
      "positive_ratio": 0.24833333333333332,
      "strong_reference_cut_psnr": 42.84021854400635,
      "strong_reference_count": 150,
      "strong_regression_count_delta_le_-0.05": 83,
      "worst_regression_count_delta_le_-0.20": 271
    },
    {
      "label": "normal",
      "train_depth": "invert",
      "eval_depth": "normal",
      "compare_dir": "/home/caozhiyang/ConvIR-B/repos/ConvIR-B-dta-v3-4-fdf-tsr-finetune/experience_docx/experiment_logs/haze4k_dta_v3_dapc_20260611/dta_v3_4_v34_fdf_tsr_e2_tiny_residual_seed3411_f1_quick5full_fallback_train_normal_compare",
      "common_count": 600,
      "mean_psnr_delta": -0.21598374366760253,
      "median_psnr_delta": -0.20719337463378906,
      "p5_psnr_delta": -0.770816421508789,
      "p95_psnr_delta": 0.2998260498046874,
      "hard_bottom25_psnr_delta": -0.22189609527587892,
      "easy_top25_psnr_delta": -0.11066904703776041,
      "worst10pct_mean_psnr_delta": -0.8372749964396159,
      "best10pct_mean_psnr_delta": 0.375066884358724,
      "worst10img_mean_psnr_delta": -1.1736400604248047,
      "best10img_mean_psnr_delta": 0.7542842864990235,
      "worst10_mean_psnr_delta": -0.8372749964396159,
      "best10_mean_psnr_delta": 0.375066884358724,
      "mean_ssim_delta": -6.860176722208659e-05,
      "positive_ratio": 0.23,
      "strong_reference_cut_psnr": 42.84021854400635,
      "strong_reference_count": 150,
      "strong_regression_count_delta_le_-0.05": 92,
      "worst_regression_count_delta_le_-0.20": 307
    }
  ],
  "attribution": {
    "true_label": "true",
    "baseline_label": "zero",
    "common_count": 600,
    "mean_depth_surplus_psnr": 0.28625050544738767,
    "median_depth_surplus_psnr": 0.28510284423828125,
    "positive_surplus_ratio": 0.775
  }
}