{
  "runs": [
    {
      "label": "true",
      "train_depth": "invert",
      "eval_depth": "invert",
      "compare_dir": "/sda/home/wangyuxin/ConvIR-B/repos/ConvIR-B-dta-v3-dapc-finetune-taillite/experience_docx/experiment_logs/haze4k_dta_v3_dapc_20260611/dta_v3_scout5full_depthDirectTail_wg16_base_s008_b14_seed3407_f0_evalinvert_compare",
      "common_count": 600,
      "mean_psnr_delta": 0.020820175806681315,
      "median_psnr_delta": 0.03081035614013672,
      "p5_psnr_delta": -0.3520069122314453,
      "p95_psnr_delta": 0.38477115631103503,
      "hard_bottom25_psnr_delta": 0.002205823262532552,
      "easy_top25_psnr_delta": 0.04109611511230469,
      "worst10pct_mean_psnr_delta": -0.4045462926228841,
      "best10pct_mean_psnr_delta": 0.4019060770670573,
      "worst10img_mean_psnr_delta": -0.6674793243408204,
      "best10img_mean_psnr_delta": 0.578091812133789,
      "worst10_mean_psnr_delta": -0.4045462926228841,
      "best10_mean_psnr_delta": 0.4019060770670573,
      "mean_ssim_delta": -2.4475852648417154e-05,
      "positive_ratio": 0.6033333333333334,
      "strong_reference_cut_psnr": 42.755948066711426,
      "strong_reference_count": 150,
      "strong_regression_count_delta_le_-0.05": 38,
      "worst_regression_count_delta_le_-0.20": 76
    },
    {
      "label": "normal",
      "train_depth": "invert",
      "eval_depth": "normal",
      "compare_dir": "/sda/home/wangyuxin/ConvIR-B/repos/ConvIR-B-dta-v3-dapc-finetune-taillite/experience_docx/experiment_logs/haze4k_dta_v3_dapc_20260611/dta_v3_scout5full_depthDirectTail_wg16_base_s008_b14_seed3407_f0_evalnormal_compare",
      "common_count": 600,
      "mean_psnr_delta": -0.011117149988810221,
      "median_psnr_delta": 0.003307342529296875,
      "p5_psnr_delta": -0.23396148681640624,
      "p95_psnr_delta": 0.16778926849365214,
      "hard_bottom25_psnr_delta": -0.01929215749104818,
      "easy_top25_psnr_delta": 0.009236831665039063,
      "worst10pct_mean_psnr_delta": -0.27497790654500326,
      "best10pct_mean_psnr_delta": 0.19032999674479167,
      "worst10img_mean_psnr_delta": -0.4944019317626953,
      "best10img_mean_psnr_delta": 0.31183013916015623,
      "worst10_mean_psnr_delta": -0.27497790654500326,
      "best10_mean_psnr_delta": 0.19032999674479167,
      "mean_ssim_delta": -2.3667613665262857e-05,
      "positive_ratio": 0.52,
      "strong_reference_cut_psnr": 42.755948066711426,
      "strong_reference_count": 150,
      "strong_regression_count_delta_le_-0.05": 30,
      "worst_regression_count_delta_le_-0.20": 40
    },
    {
      "label": "zero",
      "train_depth": "invert",
      "eval_depth": "zero",
      "compare_dir": "/sda/home/wangyuxin/ConvIR-B/repos/ConvIR-B-dta-v3-dapc-finetune-taillite/experience_docx/experiment_logs/haze4k_dta_v3_dapc_20260611/dta_v3_scout5full_depthDirectTail_wg16_base_s008_b14_seed3407_f0_evalzero_compare",
      "common_count": 600,
      "mean_psnr_delta": -0.014473482767740886,
      "median_psnr_delta": 0.00043487548828125,
      "p5_psnr_delta": -0.22144050598144532,
      "p95_psnr_delta": 0.15600643157958982,
      "hard_bottom25_psnr_delta": -0.019236348470052084,
      "easy_top25_psnr_delta": 0.002336603800455729,
      "worst10pct_mean_psnr_delta": -0.26098610560099283,
      "best10pct_mean_psnr_delta": 0.17536064783732097,
      "worst10img_mean_psnr_delta": -0.46989288330078127,
      "best10img_mean_psnr_delta": 0.2929252624511719,
      "worst10_mean_psnr_delta": -0.26098610560099283,
      "best10_mean_psnr_delta": 0.17536064783732097,
      "mean_ssim_delta": -2.5121370951334634e-05,
      "positive_ratio": 0.5033333333333333,
      "strong_reference_cut_psnr": 42.755948066711426,
      "strong_reference_count": 150,
      "strong_regression_count_delta_le_-0.05": 31,
      "worst_regression_count_delta_le_-0.20": 37
    },
    {
      "label": "shuffle",
      "train_depth": "invert",
      "eval_depth": "shuffle",
      "compare_dir": "/sda/home/wangyuxin/ConvIR-B/repos/ConvIR-B-dta-v3-dapc-finetune-taillite/experience_docx/experiment_logs/haze4k_dta_v3_dapc_20260611/dta_v3_scout5full_depthDirectTail_wg16_base_s008_b14_seed3407_f0_evalshuffle_compare",
      "common_count": 600,
      "mean_psnr_delta": -0.010193513234456381,
      "median_psnr_delta": 0.0030841827392578125,
      "p5_psnr_delta": -0.25388126373291015,
      "p95_psnr_delta": 0.1835775375366211,
      "hard_bottom25_psnr_delta": -0.01874170939127604,
      "easy_top25_psnr_delta": 0.00978075663248698,
      "worst10pct_mean_psnr_delta": -0.281920591990153,
      "best10pct_mean_psnr_delta": 0.19788262049357097,
      "worst10img_mean_psnr_delta": -0.49839935302734373,
      "best10img_mean_psnr_delta": 0.3227542877197266,
      "worst10_mean_psnr_delta": -0.281920591990153,
      "best10_mean_psnr_delta": 0.19788262049357097,
      "mean_ssim_delta": -2.4544199307759604e-05,
      "positive_ratio": 0.5233333333333333,
      "strong_reference_cut_psnr": 42.755948066711426,
      "strong_reference_count": 150,
      "strong_regression_count_delta_le_-0.05": 30,
      "worst_regression_count_delta_le_-0.20": 44
    }
  ],
  "attribution": {
    "true_label": "true",
    "baseline_label": "zero",
    "common_count": 600,
    "mean_depth_surplus_psnr": 0.0352936585744222,
    "median_depth_surplus_psnr": 0.023303985595703125,
    "positive_surplus_ratio": 0.6333333333333333
  }
}