{
  "runs": [
    {
      "label": "true",
      "train_depth": "invert",
      "eval_depth": "invert",
      "compare_dir": "/sda/home/wangyuxin/ConvIR-B/repos/ConvIR-B-dta-v3-dapc-finetune-v33-routerfusion/experience_docx/experiment_logs/haze4k_dta_v3_dapc_20260611/dta_v3_3_v33_routerfusion_d1_loss_seed3407_f1_triage5full_fallback_invert_compare",
      "common_count": 600,
      "mean_psnr_delta": 0.07436098098754883,
      "median_psnr_delta": 0.07642364501953125,
      "p5_psnr_delta": -0.43142337799072267,
      "p95_psnr_delta": 0.5189704895019531,
      "hard_bottom25_psnr_delta": 0.08839739481608073,
      "easy_top25_psnr_delta": 0.03892410278320312,
      "worst10pct_mean_psnr_delta": -0.4669436772664388,
      "best10pct_mean_psnr_delta": 0.5677701314290364,
      "worst10img_mean_psnr_delta": -0.8008026123046875,
      "best10img_mean_psnr_delta": 0.8875144958496094,
      "worst10_mean_psnr_delta": -0.4669436772664388,
      "best10_mean_psnr_delta": 0.5677701314290364,
      "mean_ssim_delta": -4.575848579406738e-06,
      "positive_ratio": 0.635,
      "strong_reference_cut_psnr": 42.834919929504395,
      "strong_reference_count": 150,
      "strong_regression_count_delta_le_-0.05": 49,
      "worst_regression_count_delta_le_-0.20": 83
    },
    {
      "label": "zero",
      "train_depth": "invert",
      "eval_depth": "zero",
      "compare_dir": "/sda/home/wangyuxin/ConvIR-B/repos/ConvIR-B-dta-v3-dapc-finetune-v33-routerfusion/experience_docx/experiment_logs/haze4k_dta_v3_dapc_20260611/dta_v3_3_v33_routerfusion_d1_loss_seed3407_f1_triage5full_fallback_zero_compare",
      "common_count": 600,
      "mean_psnr_delta": 0.02514203707377116,
      "median_psnr_delta": 0.022687911987304688,
      "p5_psnr_delta": -0.1747354507446289,
      "p95_psnr_delta": 0.23231658935546867,
      "hard_bottom25_psnr_delta": 0.03225002288818359,
      "easy_top25_psnr_delta": 0.006065038045247396,
      "worst10pct_mean_psnr_delta": -0.20883649190266926,
      "best10pct_mean_psnr_delta": 0.2664039929707845,
      "worst10img_mean_psnr_delta": -0.379962158203125,
      "best10img_mean_psnr_delta": 0.41141319274902344,
      "worst10_mean_psnr_delta": -0.20883649190266926,
      "best10_mean_psnr_delta": 0.2664039929707845,
      "mean_ssim_delta": -1.6892850399017335e-05,
      "positive_ratio": 0.585,
      "strong_reference_cut_psnr": 42.834919929504395,
      "strong_reference_count": 150,
      "strong_regression_count_delta_le_-0.05": 51,
      "worst_regression_count_delta_le_-0.20": 22
    },
    {
      "label": "shuffle",
      "train_depth": "invert",
      "eval_depth": "shuffle",
      "compare_dir": "/sda/home/wangyuxin/ConvIR-B/repos/ConvIR-B-dta-v3-dapc-finetune-v33-routerfusion/experience_docx/experiment_logs/haze4k_dta_v3_dapc_20260611/dta_v3_3_v33_routerfusion_d1_loss_seed3407_f1_triage5full_fallback_shuffle_compare",
      "common_count": 600,
      "mean_psnr_delta": 0.028754707972208658,
      "median_psnr_delta": 0.024030685424804688,
      "p5_psnr_delta": -0.21466636657714844,
      "p95_psnr_delta": 0.27619228363037096,
      "hard_bottom25_psnr_delta": 0.03454967498779297,
      "easy_top25_psnr_delta": 0.01171948750813802,
      "worst10pct_mean_psnr_delta": -0.25515546798706057,
      "best10pct_mean_psnr_delta": 0.302518367767334,
      "worst10img_mean_psnr_delta": -0.46223602294921873,
      "best10img_mean_psnr_delta": 0.4504051208496094,
      "worst10_mean_psnr_delta": -0.25515546798706057,
      "best10_mean_psnr_delta": 0.302518367767334,
      "mean_ssim_delta": -9.334882100423178e-06,
      "positive_ratio": 0.5783333333333334,
      "strong_reference_cut_psnr": 42.834919929504395,
      "strong_reference_count": 150,
      "strong_regression_count_delta_le_-0.05": 48,
      "worst_regression_count_delta_le_-0.20": 35
    },
    {
      "label": "normal",
      "train_depth": "invert",
      "eval_depth": "normal",
      "compare_dir": "/sda/home/wangyuxin/ConvIR-B/repos/ConvIR-B-dta-v3-dapc-finetune-v33-routerfusion/experience_docx/experiment_logs/haze4k_dta_v3_dapc_20260611/dta_v3_3_v33_routerfusion_d1_loss_seed3407_f1_triage5full_fallback_normal_compare",
      "common_count": 600,
      "mean_psnr_delta": 0.026565930048624675,
      "median_psnr_delta": 0.023427963256835938,
      "p5_psnr_delta": -0.1926828384399414,
      "p95_psnr_delta": 0.2682806015014647,
      "hard_bottom25_psnr_delta": 0.02889280954996745,
      "easy_top25_psnr_delta": 0.01728930155436198,
      "worst10pct_mean_psnr_delta": -0.2357041041056315,
      "best10pct_mean_psnr_delta": 0.29780267079671224,
      "worst10img_mean_psnr_delta": -0.4262260437011719,
      "best10img_mean_psnr_delta": 0.451513671875,
      "worst10_mean_psnr_delta": -0.2357041041056315,
      "best10_mean_psnr_delta": 0.29780267079671224,
      "mean_ssim_delta": -5.002915859222412e-06,
      "positive_ratio": 0.57,
      "strong_reference_cut_psnr": 42.834919929504395,
      "strong_reference_count": 150,
      "strong_regression_count_delta_le_-0.05": 49,
      "worst_regression_count_delta_le_-0.20": 26
    }
  ],
  "attribution": {
    "true_label": "true",
    "baseline_label": "zero",
    "common_count": 600,
    "mean_depth_surplus_psnr": 0.04921894391377767,
    "median_depth_surplus_psnr": 0.05349922180175781,
    "positive_surplus_ratio": 0.64
  }
}
