{
  "runs": [
    {
      "label": "true",
      "train_depth": "invert",
      "eval_depth": "invert",
      "compare_dir": "/home/caozhiyang/ConvIR-B/repos/ConvIR-B-dta-v3-4-fdf-tsr-finetune/experience_docx/experiment_logs/haze4k_dta_v3_dapc_20260611/dta_v3_4_v34_fdf_tsr_e4_plus_film_seed3411_f1_quick5full_fallback_train_invert_compare",
      "common_count": 600,
      "mean_psnr_delta": 0.05723938941955566,
      "median_psnr_delta": 0.05709075927734375,
      "p5_psnr_delta": -0.42908439636230467,
      "p95_psnr_delta": 0.5733608245849608,
      "hard_bottom25_psnr_delta": 0.04042919158935547,
      "easy_top25_psnr_delta": 0.053680038452148436,
      "worst10pct_mean_psnr_delta": -0.48778902689615883,
      "best10pct_mean_psnr_delta": 0.6420418739318847,
      "worst10img_mean_psnr_delta": -0.7877849578857422,
      "best10img_mean_psnr_delta": 0.9895904541015625,
      "worst10_mean_psnr_delta": -0.48778902689615883,
      "best10_mean_psnr_delta": 0.6420418739318847,
      "mean_ssim_delta": 1.9383827845255533e-05,
      "positive_ratio": 0.58,
      "strong_reference_cut_psnr": 42.84021854400635,
      "strong_reference_count": 150,
      "strong_regression_count_delta_le_-0.05": 60,
      "worst_regression_count_delta_le_-0.20": 106
    },
    {
      "label": "zero",
      "train_depth": "invert",
      "eval_depth": "zero",
      "compare_dir": "/home/caozhiyang/ConvIR-B/repos/ConvIR-B-dta-v3-4-fdf-tsr-finetune/experience_docx/experiment_logs/haze4k_dta_v3_dapc_20260611/dta_v3_4_v34_fdf_tsr_e4_plus_film_seed3411_f1_quick5full_fallback_train_zero_compare",
      "common_count": 600,
      "mean_psnr_delta": -0.2048458735148112,
      "median_psnr_delta": -0.199615478515625,
      "p5_psnr_delta": -0.7591863632202148,
      "p95_psnr_delta": 0.32344837188720515,
      "hard_bottom25_psnr_delta": -0.19743621826171875,
      "easy_top25_psnr_delta": -0.14144355773925782,
      "worst10pct_mean_psnr_delta": -0.8271444956461589,
      "best10pct_mean_psnr_delta": 0.3933145523071289,
      "worst10img_mean_psnr_delta": -1.1905452728271484,
      "best10img_mean_psnr_delta": 0.7526042938232422,
      "worst10_mean_psnr_delta": -0.8271444956461589,
      "best10_mean_psnr_delta": 0.3933145523071289,
      "mean_ssim_delta": -7.631937662760417e-05,
      "positive_ratio": 0.24666666666666667,
      "strong_reference_cut_psnr": 42.84021854400635,
      "strong_reference_count": 150,
      "strong_regression_count_delta_le_-0.05": 98,
      "worst_regression_count_delta_le_-0.20": 300
    },
    {
      "label": "shuffle",
      "train_depth": "invert",
      "eval_depth": "shuffle",
      "compare_dir": "/home/caozhiyang/ConvIR-B/repos/ConvIR-B-dta-v3-4-fdf-tsr-finetune/experience_docx/experiment_logs/haze4k_dta_v3_dapc_20260611/dta_v3_4_v34_fdf_tsr_e4_plus_film_seed3411_f1_quick5full_fallback_train_shuffle_compare",
      "common_count": 600,
      "mean_psnr_delta": -0.15892395337422688,
      "median_psnr_delta": -0.1492481231689453,
      "p5_psnr_delta": -0.6348979949951172,
      "p95_psnr_delta": 0.3147905349731435,
      "hard_bottom25_psnr_delta": -0.18026165008544923,
      "easy_top25_psnr_delta": -0.07701344807942709,
      "worst10pct_mean_psnr_delta": -0.6907262166341146,
      "best10pct_mean_psnr_delta": 0.37422526677449547,
      "worst10img_mean_psnr_delta": -1.041115951538086,
      "best10img_mean_psnr_delta": 0.7649448394775391,
      "worst10_mean_psnr_delta": -0.6907262166341146,
      "best10_mean_psnr_delta": 0.37422526677449547,
      "mean_ssim_delta": -4.501044750213623e-05,
      "positive_ratio": 0.25166666666666665,
      "strong_reference_cut_psnr": 42.84021854400635,
      "strong_reference_count": 150,
      "strong_regression_count_delta_le_-0.05": 82,
      "worst_regression_count_delta_le_-0.20": 254
    },
    {
      "label": "normal",
      "train_depth": "invert",
      "eval_depth": "normal",
      "compare_dir": "/home/caozhiyang/ConvIR-B/repos/ConvIR-B-dta-v3-4-fdf-tsr-finetune/experience_docx/experiment_logs/haze4k_dta_v3_dapc_20260611/dta_v3_4_v34_fdf_tsr_e4_plus_film_seed3411_f1_quick5full_fallback_train_normal_compare",
      "common_count": 600,
      "mean_psnr_delta": -0.1897929573059082,
      "median_psnr_delta": -0.18401336669921875,
      "p5_psnr_delta": -0.6854974746704101,
      "p95_psnr_delta": 0.2816751480102537,
      "hard_bottom25_psnr_delta": -0.21156776428222657,
      "easy_top25_psnr_delta": -0.08263249715169271,
      "worst10pct_mean_psnr_delta": -0.7527539571126302,
      "best10pct_mean_psnr_delta": 0.34793316523234047,
      "worst10img_mean_psnr_delta": -1.1264019012451172,
      "best10img_mean_psnr_delta": 0.7222099304199219,
      "worst10_mean_psnr_delta": -0.7527539571126302,
      "best10_mean_psnr_delta": 0.34793316523234047,
      "mean_ssim_delta": -4.964907964070638e-05,
      "positive_ratio": 0.225,
      "strong_reference_cut_psnr": 42.84021854400635,
      "strong_reference_count": 150,
      "strong_regression_count_delta_le_-0.05": 87,
      "worst_regression_count_delta_le_-0.20": 274
    }
  ],
  "attribution": {
    "true_label": "true",
    "baseline_label": "zero",
    "common_count": 600,
    "mean_depth_surplus_psnr": 0.26208526293436685,
    "median_depth_surplus_psnr": 0.2614727020263672,
    "positive_surplus_ratio": 0.765
  }
}