{
  "runs": [
    {
      "label": "true",
      "train_depth": "invert",
      "eval_depth": "invert",
      "compare_dir": "/home/caozhiyang/ConvIR-B/repos/ConvIR-B-dta-v3-4-fdf-tsr-finetune/experience_docx/experiment_logs/haze4k_dta_v3_dapc_20260611/dta_v3_4_v34_fdf_tsr_e1_feature_only_seed3411_f0_quick5full_fallback_train_invert_compare",
      "common_count": 600,
      "mean_psnr_delta": 0.09876360893249511,
      "median_psnr_delta": 0.07010459899902344,
      "p5_psnr_delta": -0.7009029388427734,
      "p95_psnr_delta": 1.0495141983032226,
      "hard_bottom25_psnr_delta": 0.06550985972086588,
      "easy_top25_psnr_delta": 0.055167592366536455,
      "worst10pct_mean_psnr_delta": -0.8262498855590821,
      "best10pct_mean_psnr_delta": 1.0633191426595052,
      "worst10img_mean_psnr_delta": -1.3971195220947266,
      "best10img_mean_psnr_delta": 1.4028987884521484,
      "worst10_mean_psnr_delta": -0.8262498855590821,
      "best10_mean_psnr_delta": 1.0633191426595052,
      "mean_ssim_delta": -1.2908478577931722e-05,
      "positive_ratio": 0.5666666666666667,
      "strong_reference_cut_psnr": 42.766201972961426,
      "strong_reference_count": 150,
      "strong_regression_count_delta_le_-0.05": 65,
      "worst_regression_count_delta_le_-0.20": 138
    },
    {
      "label": "zero",
      "train_depth": "invert",
      "eval_depth": "zero",
      "compare_dir": "/home/caozhiyang/ConvIR-B/repos/ConvIR-B-dta-v3-4-fdf-tsr-finetune/experience_docx/experiment_logs/haze4k_dta_v3_dapc_20260611/dta_v3_4_v34_fdf_tsr_e1_feature_only_seed3411_f0_quick5full_fallback_train_zero_compare",
      "common_count": 600,
      "mean_psnr_delta": -0.10563907305399577,
      "median_psnr_delta": -0.09515571594238281,
      "p5_psnr_delta": -0.7426530838012695,
      "p95_psnr_delta": 0.5098531723022459,
      "hard_bottom25_psnr_delta": -0.12327093760172526,
      "easy_top25_psnr_delta": -0.11649330139160156,
      "worst10pct_mean_psnr_delta": -0.8223717371622722,
      "best10pct_mean_psnr_delta": 0.5849318186442057,
      "worst10img_mean_psnr_delta": -1.2238971710205078,
      "best10img_mean_psnr_delta": 1.0045570373535155,
      "worst10_mean_psnr_delta": -0.8223717371622722,
      "best10_mean_psnr_delta": 0.5849318186442057,
      "mean_ssim_delta": -7.874598105748494e-05,
      "positive_ratio": 0.36333333333333334,
      "strong_reference_cut_psnr": 42.766201972961426,
      "strong_reference_count": 150,
      "strong_regression_count_delta_le_-0.05": 80,
      "worst_regression_count_delta_le_-0.20": 212
    },
    {
      "label": "shuffle",
      "train_depth": "invert",
      "eval_depth": "shuffle",
      "compare_dir": "/home/caozhiyang/ConvIR-B/repos/ConvIR-B-dta-v3-4-fdf-tsr-finetune/experience_docx/experiment_logs/haze4k_dta_v3_dapc_20260611/dta_v3_4_v34_fdf_tsr_e1_feature_only_seed3411_f0_quick5full_fallback_train_shuffle_compare",
      "common_count": 600,
      "mean_psnr_delta": -0.07988476117451986,
      "median_psnr_delta": -0.08130264282226562,
      "p5_psnr_delta": -0.7645645141601562,
      "p95_psnr_delta": 0.620661735534668,
      "hard_bottom25_psnr_delta": -0.1456014633178711,
      "easy_top25_psnr_delta": -0.03972844441731771,
      "worst10pct_mean_psnr_delta": -0.8369686126708984,
      "best10pct_mean_psnr_delta": 0.6799622217814127,
      "worst10img_mean_psnr_delta": -1.2472709655761718,
      "best10img_mean_psnr_delta": 1.0500370025634767,
      "worst10_mean_psnr_delta": -0.8369686126708984,
      "best10_mean_psnr_delta": 0.6799622217814127,
      "mean_ssim_delta": -6.089746952056885e-05,
      "positive_ratio": 0.39166666666666666,
      "strong_reference_cut_psnr": 42.766201972961426,
      "strong_reference_count": 150,
      "strong_regression_count_delta_le_-0.05": 66,
      "worst_regression_count_delta_le_-0.20": 215
    },
    {
      "label": "normal",
      "train_depth": "invert",
      "eval_depth": "normal",
      "compare_dir": "/home/caozhiyang/ConvIR-B/repos/ConvIR-B-dta-v3-4-fdf-tsr-finetune/experience_docx/experiment_logs/haze4k_dta_v3_dapc_20260611/dta_v3_4_v34_fdf_tsr_e1_feature_only_seed3411_f0_quick5full_fallback_train_normal_compare",
      "common_count": 600,
      "mean_psnr_delta": -0.1083745257059733,
      "median_psnr_delta": -0.1085205078125,
      "p5_psnr_delta": -0.8202947616577149,
      "p95_psnr_delta": 0.5646881103515625,
      "hard_bottom25_psnr_delta": -0.18561040242513022,
      "easy_top25_psnr_delta": -0.06422337849934896,
      "worst10pct_mean_psnr_delta": -0.8761479377746582,
      "best10pct_mean_psnr_delta": 0.6371237436930338,
      "worst10img_mean_psnr_delta": -1.2724876403808594,
      "best10img_mean_psnr_delta": 1.0094772338867188,
      "worst10_mean_psnr_delta": -0.8761479377746582,
      "best10_mean_psnr_delta": 0.6371237436930338,
      "mean_ssim_delta": -6.730933984120687e-05,
      "positive_ratio": 0.365,
      "strong_reference_cut_psnr": 42.766201972961426,
      "strong_reference_count": 150,
      "strong_regression_count_delta_le_-0.05": 68,
      "worst_regression_count_delta_le_-0.20": 232
    }
  ],
  "attribution": {
    "true_label": "true",
    "baseline_label": "zero",
    "common_count": 600,
    "mean_depth_surplus_psnr": 0.2044026819864909,
    "median_depth_surplus_psnr": 0.20099258422851562,
    "positive_surplus_ratio": 0.72
  }
}