{
  "runs": [
    {
      "label": "true",
      "train_depth": "invert",
      "eval_depth": "invert",
      "compare_dir": "/home/caozhiyang/ConvIR-B/repos/ConvIR-B-dta-v3-4-fdf-tsr-finetune/experience_docx/experiment_logs/haze4k_dta_v3_dapc_20260611/dta_v3_4_v34_fdf_tsr_e4_plus_film_seed3411_f0_quick5full_fallback_train_invert_compare",
      "common_count": 600,
      "mean_psnr_delta": 0.09606266657511393,
      "median_psnr_delta": 0.07822608947753906,
      "p5_psnr_delta": -0.6900512695312501,
      "p95_psnr_delta": 0.9950281143188476,
      "hard_bottom25_psnr_delta": 0.05454180399576823,
      "easy_top25_psnr_delta": 0.05218704223632813,
      "worst10pct_mean_psnr_delta": -0.8250428517659505,
      "best10pct_mean_psnr_delta": 1.0417969385782877,
      "worst10img_mean_psnr_delta": -1.554070281982422,
      "best10img_mean_psnr_delta": 1.416863250732422,
      "worst10_mean_psnr_delta": -0.8250428517659505,
      "best10_mean_psnr_delta": 1.0417969385782877,
      "mean_ssim_delta": -8.658866087595622e-06,
      "positive_ratio": 0.595,
      "strong_reference_cut_psnr": 42.766201972961426,
      "strong_reference_count": 150,
      "strong_regression_count_delta_le_-0.05": 59,
      "worst_regression_count_delta_le_-0.20": 130
    },
    {
      "label": "zero",
      "train_depth": "invert",
      "eval_depth": "zero",
      "compare_dir": "/home/caozhiyang/ConvIR-B/repos/ConvIR-B-dta-v3-4-fdf-tsr-finetune/experience_docx/experiment_logs/haze4k_dta_v3_dapc_20260611/dta_v3_4_v34_fdf_tsr_e4_plus_film_seed3411_f0_quick5full_fallback_train_zero_compare",
      "common_count": 600,
      "mean_psnr_delta": -0.10805315017700196,
      "median_psnr_delta": -0.11921310424804688,
      "p5_psnr_delta": -0.6727531433105469,
      "p95_psnr_delta": 0.4587524414062487,
      "hard_bottom25_psnr_delta": -0.15557029724121094,
      "easy_top25_psnr_delta": -0.09044212341308594,
      "worst10pct_mean_psnr_delta": -0.7670416831970215,
      "best10pct_mean_psnr_delta": 0.5492884953816731,
      "worst10img_mean_psnr_delta": -1.189847183227539,
      "best10img_mean_psnr_delta": 0.996127700805664,
      "worst10_mean_psnr_delta": -0.7670416831970215,
      "best10_mean_psnr_delta": 0.5492884953816731,
      "mean_ssim_delta": -6.997267405192058e-05,
      "positive_ratio": 0.36833333333333335,
      "strong_reference_cut_psnr": 42.766201972961426,
      "strong_reference_count": 150,
      "strong_regression_count_delta_le_-0.05": 77,
      "worst_regression_count_delta_le_-0.20": 224
    },
    {
      "label": "shuffle",
      "train_depth": "invert",
      "eval_depth": "shuffle",
      "compare_dir": "/home/caozhiyang/ConvIR-B/repos/ConvIR-B-dta-v3-4-fdf-tsr-finetune/experience_docx/experiment_logs/haze4k_dta_v3_dapc_20260611/dta_v3_4_v34_fdf_tsr_e4_plus_film_seed3411_f0_quick5full_fallback_train_shuffle_compare",
      "common_count": 600,
      "mean_psnr_delta": -0.07706386884053548,
      "median_psnr_delta": -0.10565567016601562,
      "p5_psnr_delta": -0.6388130187988281,
      "p95_psnr_delta": 0.5827970504760739,
      "hard_bottom25_psnr_delta": -0.16202009836832681,
      "easy_top25_psnr_delta": -0.02088953653971354,
      "worst10pct_mean_psnr_delta": -0.7681363423665365,
      "best10pct_mean_psnr_delta": 0.6459482828776042,
      "worst10img_mean_psnr_delta": -1.2597068786621093,
      "best10img_mean_psnr_delta": 1.0608856201171875,
      "worst10_mean_psnr_delta": -0.7681363423665365,
      "best10_mean_psnr_delta": 0.6459482828776042,
      "mean_ssim_delta": -4.950443903605143e-05,
      "positive_ratio": 0.395,
      "strong_reference_cut_psnr": 42.766201972961426,
      "strong_reference_count": 150,
      "strong_regression_count_delta_le_-0.05": 63,
      "worst_regression_count_delta_le_-0.20": 206
    },
    {
      "label": "normal",
      "train_depth": "invert",
      "eval_depth": "normal",
      "compare_dir": "/home/caozhiyang/ConvIR-B/repos/ConvIR-B-dta-v3-4-fdf-tsr-finetune/experience_docx/experiment_logs/haze4k_dta_v3_dapc_20260611/dta_v3_4_v34_fdf_tsr_e4_plus_film_seed3411_f0_quick5full_fallback_train_normal_compare",
      "common_count": 600,
      "mean_psnr_delta": -0.09732569058736165,
      "median_psnr_delta": -0.11449050903320312,
      "p5_psnr_delta": -0.691530418395996,
      "p95_psnr_delta": 0.5444604873657226,
      "hard_bottom25_psnr_delta": -0.19629034678141277,
      "easy_top25_psnr_delta": -0.033074111938476564,
      "worst10pct_mean_psnr_delta": -0.7859849294026693,
      "best10pct_mean_psnr_delta": 0.6038108189900716,
      "worst10img_mean_psnr_delta": -1.2585769653320313,
      "best10img_mean_psnr_delta": 1.0281768798828126,
      "worst10_mean_psnr_delta": -0.7859849294026693,
      "best10_mean_psnr_delta": 0.6038108189900716,
      "mean_ssim_delta": -4.8220157623291016e-05,
      "positive_ratio": 0.36333333333333334,
      "strong_reference_cut_psnr": 42.766201972961426,
      "strong_reference_count": 150,
      "strong_regression_count_delta_le_-0.05": 66,
      "worst_regression_count_delta_le_-0.20": 219
    }
  ],
  "attribution": {
    "true_label": "true",
    "baseline_label": "zero",
    "common_count": 600,
    "mean_depth_surplus_psnr": 0.20411581675211588,
    "median_depth_surplus_psnr": 0.20138168334960938,
    "positive_surplus_ratio": 0.725
  }
}