{
  "runs": [
    {
      "label": "invert",
      "train_depth": "normal",
      "eval_depth": "invert",
      "compare_dir": "/sda/home/wangyuxin/ConvIR-B/repos/ConvIR-B-dta-v3-dapc-finetune-depthdirect/experience_docx/experiment_logs/haze4k_dta_v3_dapc_20260611/dta_v3_scout5full_depthDirect_normal_seed3407_f0_evalinvert_compare",
      "common_count": 600,
      "mean_psnr_delta": -0.0010052490234375,
      "median_psnr_delta": 0.0058612823486328125,
      "p5_psnr_delta": -0.40975017547607423,
      "p95_psnr_delta": 0.3995128631591796,
      "hard_bottom25_psnr_delta": -0.027323201497395835,
      "easy_top25_psnr_delta": 0.030695978800455728,
      "worst10pct_mean_psnr_delta": -0.4566647211710612,
      "best10pct_mean_psnr_delta": 0.42095845540364585,
      "worst10img_mean_psnr_delta": -0.7291168212890625,
      "best10img_mean_psnr_delta": 0.6376850128173828,
      "worst10_mean_psnr_delta": -0.4566647211710612,
      "best10_mean_psnr_delta": 0.42095845540364585,
      "mean_ssim_delta": -4.3558677037556964e-05,
      "positive_ratio": 0.5166666666666667,
      "strong_reference_cut_psnr": 42.755948066711426,
      "strong_reference_count": 150,
      "strong_regression_count_delta_le_-0.05": 44,
      "worst_regression_count_delta_le_-0.20": 91
    },
    {
      "label": "true",
      "train_depth": "normal",
      "eval_depth": "normal",
      "compare_dir": "/sda/home/wangyuxin/ConvIR-B/repos/ConvIR-B-dta-v3-dapc-finetune-depthdirect/experience_docx/experiment_logs/haze4k_dta_v3_dapc_20260611/dta_v3_scout5full_depthDirect_normal_seed3407_f0_evalnormal_compare",
      "common_count": 600,
      "mean_psnr_delta": 0.00853814442952474,
      "median_psnr_delta": 0.022176742553710938,
      "p5_psnr_delta": -0.34773502349853513,
      "p95_psnr_delta": 0.32473125457763674,
      "hard_bottom25_psnr_delta": -0.008318990071614584,
      "easy_top25_psnr_delta": 0.03076197306315104,
      "worst10pct_mean_psnr_delta": -0.3949276606241862,
      "best10pct_mean_psnr_delta": 0.35390748977661135,
      "worst10img_mean_psnr_delta": -0.6340812683105469,
      "best10img_mean_psnr_delta": 0.5183425903320312,
      "worst10_mean_psnr_delta": -0.3949276606241862,
      "best10_mean_psnr_delta": 0.35390748977661135,
      "mean_ssim_delta": -3.2838582992553714e-05,
      "positive_ratio": 0.5766666666666667,
      "strong_reference_cut_psnr": 42.755948066711426,
      "strong_reference_count": 150,
      "strong_regression_count_delta_le_-0.05": 37,
      "worst_regression_count_delta_le_-0.20": 72
    },
    {
      "label": "zero",
      "train_depth": "normal",
      "eval_depth": "zero",
      "compare_dir": "/sda/home/wangyuxin/ConvIR-B/repos/ConvIR-B-dta-v3-dapc-finetune-depthdirect/experience_docx/experiment_logs/haze4k_dta_v3_dapc_20260611/dta_v3_scout5full_depthDirect_normal_seed3407_f0_evalzero_compare",
      "common_count": 600,
      "mean_psnr_delta": 0.0182178529103597,
      "median_psnr_delta": 0.02944660186767578,
      "p5_psnr_delta": -0.37503814697265625,
      "p95_psnr_delta": 0.3591922760009763,
      "hard_bottom25_psnr_delta": -0.001427294413248698,
      "easy_top25_psnr_delta": 0.04041496276855469,
      "worst10pct_mean_psnr_delta": -0.40852171579996743,
      "best10pct_mean_psnr_delta": 0.387285041809082,
      "worst10img_mean_psnr_delta": -0.6713809967041016,
      "best10img_mean_psnr_delta": 0.5573234558105469,
      "worst10_mean_psnr_delta": -0.40852171579996743,
      "best10_mean_psnr_delta": 0.387285041809082,
      "mean_ssim_delta": -2.122799555460612e-05,
      "positive_ratio": 0.5933333333333334,
      "strong_reference_cut_psnr": 42.755948066711426,
      "strong_reference_count": 150,
      "strong_regression_count_delta_le_-0.05": 43,
      "worst_regression_count_delta_le_-0.20": 70
    },
    {
      "label": "shuffle",
      "train_depth": "normal",
      "eval_depth": "shuffle",
      "compare_dir": "/sda/home/wangyuxin/ConvIR-B/repos/ConvIR-B-dta-v3-dapc-finetune-depthdirect/experience_docx/experiment_logs/haze4k_dta_v3_dapc_20260611/dta_v3_scout5full_depthDirect_normal_seed3407_f0_evalshuffle_compare",
      "common_count": 600,
      "mean_psnr_delta": 0.007269134521484375,
      "median_psnr_delta": 0.021175384521484375,
      "p5_psnr_delta": -0.34728126525878905,
      "p95_psnr_delta": 0.31959247589111306,
      "hard_bottom25_psnr_delta": -0.011368331909179687,
      "easy_top25_psnr_delta": 0.028843816121419272,
      "worst10pct_mean_psnr_delta": -0.3887675603230794,
      "best10pct_mean_psnr_delta": 0.34790560404459636,
      "worst10img_mean_psnr_delta": -0.6310321807861328,
      "best10img_mean_psnr_delta": 0.5105892181396484,
      "worst10_mean_psnr_delta": -0.3887675603230794,
      "best10_mean_psnr_delta": 0.34790560404459636,
      "mean_ssim_delta": -3.2696823279062904e-05,
      "positive_ratio": 0.5783333333333334,
      "strong_reference_cut_psnr": 42.755948066711426,
      "strong_reference_count": 150,
      "strong_regression_count_delta_le_-0.05": 41,
      "worst_regression_count_delta_le_-0.20": 72
    }
  ],
  "attribution": {
    "true_label": "true",
    "baseline_label": "zero",
    "common_count": 600,
    "mean_depth_surplus_psnr": -0.00967970848083496,
    "median_depth_surplus_psnr": -0.00928497314453125,
    "positive_surplus_ratio": 0.385
  }
}