{
  "runs": [
    {
      "label": "true",
      "train_depth": "invert",
      "eval_depth": "invert",
      "compare_dir": "/sda/home/wangyuxin/ConvIR-B/repos/ConvIR-B-dta-v3-dapc-finetune-taillite/experience_docx/experiment_logs/haze4k_dta_v3_dapc_20260611/dta_v3_scout5full_depthDirectTail_wg18_base_s008_b14_seed3407_f0_evalinvert_compare",
      "common_count": 600,
      "mean_psnr_delta": 0.024403934478759767,
      "median_psnr_delta": 0.036080360412597656,
      "p5_psnr_delta": -0.3540168762207031,
      "p95_psnr_delta": 0.39090576171874963,
      "hard_bottom25_psnr_delta": 0.006359659830729167,
      "easy_top25_psnr_delta": 0.0432043202718099,
      "worst10pct_mean_psnr_delta": -0.4099683125813802,
      "best10pct_mean_psnr_delta": 0.4150339444478353,
      "worst10img_mean_psnr_delta": -0.6759475708007813,
      "best10img_mean_psnr_delta": 0.592694091796875,
      "worst10_mean_psnr_delta": -0.4099683125813802,
      "best10_mean_psnr_delta": 0.4150339444478353,
      "mean_ssim_delta": -2.330621083577474e-05,
      "positive_ratio": 0.605,
      "strong_reference_cut_psnr": 42.755948066711426,
      "strong_reference_count": 150,
      "strong_regression_count_delta_le_-0.05": 39,
      "worst_regression_count_delta_le_-0.20": 76
    },
    {
      "label": "normal",
      "train_depth": "invert",
      "eval_depth": "normal",
      "compare_dir": "/sda/home/wangyuxin/ConvIR-B/repos/ConvIR-B-dta-v3-dapc-finetune-taillite/experience_docx/experiment_logs/haze4k_dta_v3_dapc_20260611/dta_v3_scout5full_depthDirectTail_wg18_base_s008_b14_seed3407_f0_evalnormal_compare",
      "common_count": 600,
      "mean_psnr_delta": -0.008679625193277994,
      "median_psnr_delta": 0.004268646240234375,
      "p5_psnr_delta": -0.2412569046020508,
      "p95_psnr_delta": 0.17907581329345687,
      "hard_bottom25_psnr_delta": -0.01708989461263021,
      "easy_top25_psnr_delta": 0.011493631998697917,
      "worst10pct_mean_psnr_delta": -0.2791741689046224,
      "best10pct_mean_psnr_delta": 0.19845046997070312,
      "worst10img_mean_psnr_delta": -0.4991191864013672,
      "best10img_mean_psnr_delta": 0.32043304443359377,
      "worst10_mean_psnr_delta": -0.2791741689046224,
      "best10_mean_psnr_delta": 0.19845046997070312,
      "mean_ssim_delta": -2.3225943247477215e-05,
      "positive_ratio": 0.5283333333333333,
      "strong_reference_cut_psnr": 42.755948066711426,
      "strong_reference_count": 150,
      "strong_regression_count_delta_le_-0.05": 31,
      "worst_regression_count_delta_le_-0.20": 41
    },
    {
      "label": "zero",
      "train_depth": "invert",
      "eval_depth": "zero",
      "compare_dir": "/sda/home/wangyuxin/ConvIR-B/repos/ConvIR-B-dta-v3-dapc-finetune-taillite/experience_docx/experiment_logs/haze4k_dta_v3_dapc_20260611/dta_v3_scout5full_depthDirectTail_wg18_base_s008_b14_seed3407_f0_evalzero_compare",
      "common_count": 600,
      "mean_psnr_delta": -0.012226734161376953,
      "median_psnr_delta": 0.0019245147705078125,
      "p5_psnr_delta": -0.2261749267578125,
      "p95_psnr_delta": 0.16415691375732422,
      "hard_bottom25_psnr_delta": -0.017291666666666667,
      "easy_top25_psnr_delta": 0.004519577026367187,
      "worst10pct_mean_psnr_delta": -0.2646790504455566,
      "best10pct_mean_psnr_delta": 0.18226858774820964,
      "worst10img_mean_psnr_delta": -0.4742912292480469,
      "best10img_mean_psnr_delta": 0.30038986206054685,
      "worst10_mean_psnr_delta": -0.2646790504455566,
      "best10_mean_psnr_delta": 0.18226858774820964,
      "mean_ssim_delta": -2.4712681770324708e-05,
      "positive_ratio": 0.5166666666666667,
      "strong_reference_cut_psnr": 42.755948066711426,
      "strong_reference_count": 150,
      "strong_regression_count_delta_le_-0.05": 33,
      "worst_regression_count_delta_le_-0.20": 38
    },
    {
      "label": "shuffle",
      "train_depth": "invert",
      "eval_depth": "shuffle",
      "compare_dir": "/sda/home/wangyuxin/ConvIR-B/repos/ConvIR-B-dta-v3-dapc-finetune-taillite/experience_docx/experiment_logs/haze4k_dta_v3_dapc_20260611/dta_v3_scout5full_depthDirectTail_wg18_base_s008_b14_seed3407_f0_evalshuffle_compare",
      "common_count": 600,
      "mean_psnr_delta": -0.007736835479736328,
      "median_psnr_delta": 0.005535125732421875,
      "p5_psnr_delta": -0.2597625732421875,
      "p95_psnr_delta": 0.19624881744384756,
      "hard_bottom25_psnr_delta": -0.016456222534179686,
      "easy_top25_psnr_delta": 0.011972630818684896,
      "worst10pct_mean_psnr_delta": -0.2862290382385254,
      "best10pct_mean_psnr_delta": 0.20664660135904947,
      "worst10img_mean_psnr_delta": -0.5040016174316406,
      "best10img_mean_psnr_delta": 0.3328369140625,
      "worst10_mean_psnr_delta": -0.2862290382385254,
      "best10_mean_psnr_delta": 0.20664660135904947,
      "mean_ssim_delta": -2.399533987045288e-05,
      "positive_ratio": 0.5333333333333333,
      "strong_reference_cut_psnr": 42.755948066711426,
      "strong_reference_count": 150,
      "strong_regression_count_delta_le_-0.05": 30,
      "worst_regression_count_delta_le_-0.20": 45
    }
  ],
  "attribution": {
    "true_label": "true",
    "baseline_label": "zero",
    "common_count": 600,
    "mean_depth_surplus_psnr": 0.03663066864013672,
    "median_depth_surplus_psnr": 0.02567291259765625,
    "positive_surplus_ratio": 0.6333333333333333
  }
}