{
  "runs": [
    {
      "label": "true",
      "train_depth": "invert",
      "eval_depth": "invert",
      "compare_dir": "/sda/home/wangyuxin/ConvIR-B/repos/ConvIR-B-dta-v3-dapc-finetune-v33-routerfusion/experience_docx/experiment_logs/haze4k_dta_v3_dapc_20260611/dta_v3_3_v33_routerfusion_d3_router_seed3411_f1_triage5full_fallback_invert_compare",
      "common_count": 600,
      "mean_psnr_delta": -0.00841663360595703,
      "median_psnr_delta": -0.006252288818359375,
      "p5_psnr_delta": -0.3268129348754883,
      "p95_psnr_delta": 0.3073740005493163,
      "hard_bottom25_psnr_delta": -0.004167658487955729,
      "easy_top25_psnr_delta": 0.01020538330078125,
      "worst10pct_mean_psnr_delta": -0.3948891957600911,
      "best10pct_mean_psnr_delta": 0.35073877970377604,
      "worst10img_mean_psnr_delta": -0.758792495727539,
      "best10img_mean_psnr_delta": 0.5717460632324218,
      "worst10_mean_psnr_delta": -0.3948891957600911,
      "best10_mean_psnr_delta": 0.35073877970377604,
      "mean_ssim_delta": -7.911821206410727e-06,
      "positive_ratio": 0.4866666666666667,
      "strong_reference_cut_psnr": 42.834919929504395,
      "strong_reference_count": 150,
      "strong_regression_count_delta_le_-0.05": 52,
      "worst_regression_count_delta_le_-0.20": 78
    },
    {
      "label": "zero",
      "train_depth": "invert",
      "eval_depth": "zero",
      "compare_dir": "/sda/home/wangyuxin/ConvIR-B/repos/ConvIR-B-dta-v3-dapc-finetune-v33-routerfusion/experience_docx/experiment_logs/haze4k_dta_v3_dapc_20260611/dta_v3_3_v33_routerfusion_d3_router_seed3411_f1_triage5full_fallback_zero_compare",
      "common_count": 600,
      "mean_psnr_delta": -0.038382307688395186,
      "median_psnr_delta": -0.03645515441894531,
      "p5_psnr_delta": -0.3018024444580078,
      "p95_psnr_delta": 0.22545967102050773,
      "hard_bottom25_psnr_delta": -0.03359156290690104,
      "easy_top25_psnr_delta": -0.025982793172200522,
      "worst10pct_mean_psnr_delta": -0.34177589416503906,
      "best10pct_mean_psnr_delta": 0.244375737508138,
      "worst10img_mean_psnr_delta": -0.5654075622558594,
      "best10img_mean_psnr_delta": 0.3871959686279297,
      "worst10_mean_psnr_delta": -0.34177589416503906,
      "best10_mean_psnr_delta": 0.244375737508138,
      "mean_ssim_delta": -5.2440166473388674e-06,
      "positive_ratio": 0.385,
      "strong_reference_cut_psnr": 42.834919929504395,
      "strong_reference_count": 150,
      "strong_regression_count_delta_le_-0.05": 58,
      "worst_regression_count_delta_le_-0.20": 70
    },
    {
      "label": "shuffle",
      "train_depth": "invert",
      "eval_depth": "shuffle",
      "compare_dir": "/sda/home/wangyuxin/ConvIR-B/repos/ConvIR-B-dta-v3-dapc-finetune-v33-routerfusion/experience_docx/experiment_logs/haze4k_dta_v3_dapc_20260611/dta_v3_3_v33_routerfusion_d3_router_seed3411_f1_triage5full_fallback_shuffle_compare",
      "common_count": 600,
      "mean_psnr_delta": -0.03448437690734863,
      "median_psnr_delta": -0.03386878967285156,
      "p5_psnr_delta": -0.2951164245605469,
      "p95_psnr_delta": 0.2295217514038085,
      "hard_bottom25_psnr_delta": -0.030127245585123696,
      "easy_top25_psnr_delta": -0.021557464599609374,
      "worst10pct_mean_psnr_delta": -0.3418343861897786,
      "best10pct_mean_psnr_delta": 0.25214500427246095,
      "worst10img_mean_psnr_delta": -0.5832164764404297,
      "best10img_mean_psnr_delta": 0.3973819732666016,
      "worst10_mean_psnr_delta": -0.3418343861897786,
      "best10_mean_psnr_delta": 0.25214500427246095,
      "mean_ssim_delta": -4.963974157969157e-06,
      "positive_ratio": 0.3933333333333333,
      "strong_reference_cut_psnr": 42.834919929504395,
      "strong_reference_count": 150,
      "strong_regression_count_delta_le_-0.05": 56,
      "worst_regression_count_delta_le_-0.20": 72
    },
    {
      "label": "normal",
      "train_depth": "invert",
      "eval_depth": "normal",
      "compare_dir": "/sda/home/wangyuxin/ConvIR-B/repos/ConvIR-B-dta-v3-dapc-finetune-v33-routerfusion/experience_docx/experiment_logs/haze4k_dta_v3_dapc_20260611/dta_v3_3_v33_routerfusion_d3_router_seed3411_f1_triage5full_fallback_normal_compare",
      "common_count": 600,
      "mean_psnr_delta": -0.03545404116312663,
      "median_psnr_delta": -0.0354766845703125,
      "p5_psnr_delta": -0.2964506149291992,
      "p95_psnr_delta": 0.23043975830078117,
      "hard_bottom25_psnr_delta": -0.0327126948038737,
      "easy_top25_psnr_delta": -0.02021026611328125,
      "worst10pct_mean_psnr_delta": -0.34276727040608723,
      "best10pct_mean_psnr_delta": 0.24851067860921225,
      "worst10img_mean_psnr_delta": -0.5876377105712891,
      "best10img_mean_psnr_delta": 0.3871807098388672,
      "worst10_mean_psnr_delta": -0.34276727040608723,
      "best10_mean_psnr_delta": 0.24851067860921225,
      "mean_ssim_delta": -4.188021024068197e-06,
      "positive_ratio": 0.39666666666666667,
      "strong_reference_cut_psnr": 42.834919929504395,
      "strong_reference_count": 150,
      "strong_regression_count_delta_le_-0.05": 55,
      "worst_regression_count_delta_le_-0.20": 67
    }
  ],
  "attribution": {
    "true_label": "true",
    "baseline_label": "zero",
    "common_count": 600,
    "mean_depth_surplus_psnr": 0.02996567408243815,
    "median_depth_surplus_psnr": 0.024051666259765625,
    "positive_surplus_ratio": 0.6233333333333333
  }
}
