{
  "runs": [
    {
      "label": "true",
      "train_depth": "invert",
      "eval_depth": "invert",
      "compare_dir": "/home/caozhiyang/ConvIR-B/repos/ConvIR-B-dta-v3-4-fdf-tsr-finetune/experience_docx/experiment_logs/haze4k_dta_v3_dapc_20260611/dta_v3_4_v34_fdf_tsr_e2_tiny_residual_seed3407_f0_quick5full_fallback_train_invert_compare",
      "common_count": 600,
      "mean_psnr_delta": 0.047710755666097004,
      "median_psnr_delta": 0.0388946533203125,
      "p5_psnr_delta": -0.5955821990966796,
      "p95_psnr_delta": 0.6667659759521484,
      "hard_bottom25_psnr_delta": -0.012458012898763022,
      "easy_top25_psnr_delta": 0.06895220438639323,
      "worst10pct_mean_psnr_delta": -0.6395091692606608,
      "best10pct_mean_psnr_delta": 0.7179131825764974,
      "worst10img_mean_psnr_delta": -0.9179107666015625,
      "best10img_mean_psnr_delta": 0.9804908752441406,
      "worst10_mean_psnr_delta": -0.6395091692606608,
      "best10_mean_psnr_delta": 0.7179131825764974,
      "mean_ssim_delta": 5.8272480964660645e-06,
      "positive_ratio": 0.5466666666666666,
      "strong_reference_cut_psnr": 42.766201972961426,
      "strong_reference_count": 150,
      "strong_regression_count_delta_le_-0.05": 56,
      "worst_regression_count_delta_le_-0.20": 120
    },
    {
      "label": "zero",
      "train_depth": "invert",
      "eval_depth": "zero",
      "compare_dir": "/home/caozhiyang/ConvIR-B/repos/ConvIR-B-dta-v3-4-fdf-tsr-finetune/experience_docx/experiment_logs/haze4k_dta_v3_dapc_20260611/dta_v3_4_v34_fdf_tsr_e2_tiny_residual_seed3407_f0_quick5full_fallback_train_zero_compare",
      "common_count": 600,
      "mean_psnr_delta": -0.2244183890024821,
      "median_psnr_delta": -0.1965808868408203,
      "p5_psnr_delta": -0.8586223602294922,
      "p95_psnr_delta": 0.3209968566894527,
      "hard_bottom25_psnr_delta": -0.24027818044026691,
      "easy_top25_psnr_delta": -0.24179817199707032,
      "worst10pct_mean_psnr_delta": -0.9175272623697917,
      "best10pct_mean_psnr_delta": 0.37780132293701174,
      "worst10img_mean_psnr_delta": -1.2713945388793946,
      "best10img_mean_psnr_delta": 0.7336097717285156,
      "worst10_mean_psnr_delta": -0.9175272623697917,
      "best10_mean_psnr_delta": 0.37780132293701174,
      "mean_ssim_delta": -9.129335482915242e-05,
      "positive_ratio": 0.25666666666666665,
      "strong_reference_cut_psnr": 42.766201972961426,
      "strong_reference_count": 150,
      "strong_regression_count_delta_le_-0.05": 113,
      "worst_regression_count_delta_le_-0.20": 299
    },
    {
      "label": "shuffle",
      "train_depth": "invert",
      "eval_depth": "shuffle",
      "compare_dir": "/home/caozhiyang/ConvIR-B/repos/ConvIR-B-dta-v3-4-fdf-tsr-finetune/experience_docx/experiment_logs/haze4k_dta_v3_dapc_20260611/dta_v3_4_v34_fdf_tsr_e2_tiny_residual_seed3407_f0_quick5full_fallback_train_shuffle_compare",
      "common_count": 600,
      "mean_psnr_delta": -0.17600196202596027,
      "median_psnr_delta": -0.15476226806640625,
      "p5_psnr_delta": -0.806486701965332,
      "p95_psnr_delta": 0.36881942749023416,
      "hard_bottom25_psnr_delta": -0.2533355967203776,
      "easy_top25_psnr_delta": -0.11588694254557291,
      "worst10pct_mean_psnr_delta": -0.8356226921081543,
      "best10pct_mean_psnr_delta": 0.3830080032348633,
      "worst10img_mean_psnr_delta": -1.188225555419922,
      "best10img_mean_psnr_delta": 0.6899124145507812,
      "worst10_mean_psnr_delta": -0.8356226921081543,
      "best10_mean_psnr_delta": 0.3830080032348633,
      "mean_ssim_delta": -6.362507740656534e-05,
      "positive_ratio": 0.28833333333333333,
      "strong_reference_cut_psnr": 42.766201972961426,
      "strong_reference_count": 150,
      "strong_regression_count_delta_le_-0.05": 86,
      "worst_regression_count_delta_le_-0.20": 270
    },
    {
      "label": "normal",
      "train_depth": "invert",
      "eval_depth": "normal",
      "compare_dir": "/home/caozhiyang/ConvIR-B/repos/ConvIR-B-dta-v3-4-fdf-tsr-finetune/experience_docx/experiment_logs/haze4k_dta_v3_dapc_20260611/dta_v3_4_v34_fdf_tsr_e2_tiny_residual_seed3407_f0_quick5full_fallback_train_normal_compare",
      "common_count": 600,
      "mean_psnr_delta": -0.20710620244344075,
      "median_psnr_delta": -0.18758201599121094,
      "p5_psnr_delta": -0.8206175804138184,
      "p95_psnr_delta": 0.34220466613769523,
      "hard_bottom25_psnr_delta": -0.29546358744303386,
      "easy_top25_psnr_delta": -0.14506436665852865,
      "worst10pct_mean_psnr_delta": -0.9024219195048014,
      "best10pct_mean_psnr_delta": 0.3971668879191081,
      "worst10img_mean_psnr_delta": -1.2773561477661133,
      "best10img_mean_psnr_delta": 0.7360954284667969,
      "worst10_mean_psnr_delta": -0.9024219195048014,
      "best10_mean_psnr_delta": 0.3971668879191081,
      "mean_ssim_delta": -7.173309723536173e-05,
      "positive_ratio": 0.2733333333333333,
      "strong_reference_cut_psnr": 42.766201972961426,
      "strong_reference_count": 150,
      "strong_regression_count_delta_le_-0.05": 91,
      "worst_regression_count_delta_le_-0.20": 292
    }
  ],
  "attribution": {
    "true_label": "true",
    "baseline_label": "zero",
    "common_count": 600,
    "mean_depth_surplus_psnr": 0.2721291446685791,
    "median_depth_surplus_psnr": 0.2709503173828125,
    "positive_surplus_ratio": 0.755
  }
}