{
  "runs": [
    {
      "label": "true",
      "train_depth": "invert",
      "eval_depth": "invert",
      "compare_dir": "/sda/home/wangyuxin/ConvIR-B/repos/ConvIR-B-dta-v3-dapc-finetune-tailguard/experience_docx/experiment_logs/haze4k_dta_v3_dapc_20260611/dta_v3_scout5full_depthDirectTail_wg16_tail06_s008_b08_seed3407_f0_evalinvert_compare",
      "common_count": 600,
      "mean_psnr_delta": -0.022292108535766603,
      "median_psnr_delta": -0.009916305541992188,
      "p5_psnr_delta": -0.2273632049560547,
      "p95_psnr_delta": 0.14179992675781244,
      "hard_bottom25_psnr_delta": -0.027151654561360677,
      "easy_top25_psnr_delta": -0.004157307942708333,
      "worst10pct_mean_psnr_delta": -0.2642168680826823,
      "best10pct_mean_psnr_delta": 0.1673702875773112,
      "worst10img_mean_psnr_delta": -0.4711444854736328,
      "best10img_mean_psnr_delta": 0.2835834503173828,
      "worst10_mean_psnr_delta": -0.2642168680826823,
      "best10_mean_psnr_delta": 0.1673702875773112,
      "mean_ssim_delta": -2.9302040735880535e-05,
      "positive_ratio": 0.445,
      "strong_reference_cut_psnr": 42.755948066711426,
      "strong_reference_count": 150,
      "strong_regression_count_delta_le_-0.05": 35,
      "worst_regression_count_delta_le_-0.20": 37
    },
    {
      "label": "normal",
      "train_depth": "invert",
      "eval_depth": "normal",
      "compare_dir": "/sda/home/wangyuxin/ConvIR-B/repos/ConvIR-B-dta-v3-dapc-finetune-tailguard/experience_docx/experiment_logs/haze4k_dta_v3_dapc_20260611/dta_v3_scout5full_depthDirectTail_wg16_tail06_s008_b08_seed3407_f0_evalnormal_compare",
      "common_count": 600,
      "mean_psnr_delta": -0.03270237286885579,
      "median_psnr_delta": -0.02101421356201172,
      "p5_psnr_delta": -0.21912670135498047,
      "p95_psnr_delta": 0.10563573837280271,
      "hard_bottom25_psnr_delta": -0.03233745574951172,
      "easy_top25_psnr_delta": -0.017103678385416668,
      "worst10pct_mean_psnr_delta": -0.2498606046040853,
      "best10pct_mean_psnr_delta": 0.1314139684041341,
      "worst10img_mean_psnr_delta": -0.44358673095703127,
      "best10img_mean_psnr_delta": 0.24553451538085938,
      "worst10_mean_psnr_delta": -0.2498606046040853,
      "best10_mean_psnr_delta": 0.1314139684041341,
      "mean_ssim_delta": -2.863238255182902e-05,
      "positive_ratio": 0.37833333333333335,
      "strong_reference_cut_psnr": 42.755948066711426,
      "strong_reference_count": 150,
      "strong_regression_count_delta_le_-0.05": 49,
      "worst_regression_count_delta_le_-0.20": 34
    },
    {
      "label": "zero",
      "train_depth": "invert",
      "eval_depth": "zero",
      "compare_dir": "/sda/home/wangyuxin/ConvIR-B/repos/ConvIR-B-dta-v3-dapc-finetune-tailguard/experience_docx/experiment_logs/haze4k_dta_v3_dapc_20260611/dta_v3_scout5full_depthDirectTail_wg16_tail06_s008_b08_seed3407_f0_evalzero_compare",
      "common_count": 600,
      "mean_psnr_delta": -0.03392000834147135,
      "median_psnr_delta": -0.021810531616210938,
      "p5_psnr_delta": -0.21914081573486327,
      "p95_psnr_delta": 0.10698966979980469,
      "hard_bottom25_psnr_delta": -0.032563578287760415,
      "easy_top25_psnr_delta": -0.019470672607421875,
      "worst10pct_mean_psnr_delta": -0.2477524439493815,
      "best10pct_mean_psnr_delta": 0.12904173533121746,
      "worst10img_mean_psnr_delta": -0.4382453918457031,
      "best10img_mean_psnr_delta": 0.2433025360107422,
      "worst10_mean_psnr_delta": -0.2477524439493815,
      "best10_mean_psnr_delta": 0.12904173533121746,
      "mean_ssim_delta": -2.8921564420064292e-05,
      "positive_ratio": 0.36833333333333335,
      "strong_reference_cut_psnr": 42.755948066711426,
      "strong_reference_count": 150,
      "strong_regression_count_delta_le_-0.05": 48,
      "worst_regression_count_delta_le_-0.20": 34
    },
    {
      "label": "shuffle",
      "train_depth": "invert",
      "eval_depth": "shuffle",
      "compare_dir": "/sda/home/wangyuxin/ConvIR-B/repos/ConvIR-B-dta-v3-dapc-finetune-tailguard/experience_docx/experiment_logs/haze4k_dta_v3_dapc_20260611/dta_v3_scout5full_depthDirectTail_wg16_tail06_s008_b08_seed3407_f0_evalshuffle_compare",
      "common_count": 600,
      "mean_psnr_delta": -0.032526070276896156,
      "median_psnr_delta": -0.020351409912109375,
      "p5_psnr_delta": -0.21375293731689454,
      "p95_psnr_delta": 0.10528755187988273,
      "hard_bottom25_psnr_delta": -0.03242018381754557,
      "easy_top25_psnr_delta": -0.01702379862467448,
      "worst10pct_mean_psnr_delta": -0.2493315060933431,
      "best10pct_mean_psnr_delta": 0.1326342264811198,
      "worst10img_mean_psnr_delta": -0.4431156158447266,
      "best10img_mean_psnr_delta": 0.2482921600341797,
      "worst10_mean_psnr_delta": -0.2493315060933431,
      "best10_mean_psnr_delta": 0.1326342264811198,
      "mean_ssim_delta": -2.895951271057129e-05,
      "positive_ratio": 0.37166666666666665,
      "strong_reference_cut_psnr": 42.755948066711426,
      "strong_reference_count": 150,
      "strong_regression_count_delta_le_-0.05": 48,
      "worst_regression_count_delta_le_-0.20": 35
    }
  ],
  "attribution": {
    "true_label": "true",
    "baseline_label": "zero",
    "common_count": 600,
    "mean_depth_surplus_psnr": 0.011627899805704752,
    "median_depth_surplus_psnr": 0.0068912506103515625,
    "positive_surplus_ratio": 0.645
  }
}