{
  "runs": [
    {
      "label": "true",
      "train_depth": "invert",
      "eval_depth": "invert",
      "compare_dir": "/sda/home/wangyuxin/ConvIR-B/repos/ConvIR-B-dta-v3-dapc-finetune-tailguard/experience_docx/experiment_logs/haze4k_dta_v3_dapc_20260611/dta_v3_scout5full_depthDirectTail_wg18_tail10_s006_b12_seed3407_f0_evalinvert_compare",
      "common_count": 600,
      "mean_psnr_delta": -0.014496758778889974,
      "median_psnr_delta": -0.0009927749633789062,
      "p5_psnr_delta": -0.2596109390258789,
      "p95_psnr_delta": 0.19702453613281248,
      "hard_bottom25_psnr_delta": -0.02271898905436198,
      "easy_top25_psnr_delta": 0.0050089518229166664,
      "worst10pct_mean_psnr_delta": -0.28808116912841797,
      "best10pct_mean_psnr_delta": 0.20690495173136395,
      "worst10img_mean_psnr_delta": -0.508852767944336,
      "best10img_mean_psnr_delta": 0.330438232421875,
      "worst10_mean_psnr_delta": -0.28808116912841797,
      "best10_mean_psnr_delta": 0.20690495173136395,
      "mean_ssim_delta": -2.99262007077535e-05,
      "positive_ratio": 0.49166666666666664,
      "strong_reference_cut_psnr": 42.755948066711426,
      "strong_reference_count": 150,
      "strong_regression_count_delta_le_-0.05": 36,
      "worst_regression_count_delta_le_-0.20": 46
    },
    {
      "label": "normal",
      "train_depth": "invert",
      "eval_depth": "normal",
      "compare_dir": "/sda/home/wangyuxin/ConvIR-B/repos/ConvIR-B-dta-v3-dapc-finetune-tailguard/experience_docx/experiment_logs/haze4k_dta_v3_dapc_20260611/dta_v3_scout5full_depthDirectTail_wg18_tail10_s006_b12_seed3407_f0_evalnormal_compare",
      "common_count": 600,
      "mean_psnr_delta": -0.029173291524251303,
      "median_psnr_delta": -0.01561737060546875,
      "p5_psnr_delta": -0.21837615966796875,
      "p95_psnr_delta": 0.11204166412353503,
      "hard_bottom25_psnr_delta": -0.030227508544921875,
      "easy_top25_psnr_delta": -0.012771886189778646,
      "worst10pct_mean_psnr_delta": -0.2527684529622396,
      "best10pct_mean_psnr_delta": 0.13876059850056965,
      "worst10img_mean_psnr_delta": -0.45272178649902345,
      "best10img_mean_psnr_delta": 0.2538745880126953,
      "worst10_mean_psnr_delta": -0.2527684529622396,
      "best10_mean_psnr_delta": 0.13876059850056965,
      "mean_ssim_delta": -2.8754969437917074e-05,
      "positive_ratio": 0.40166666666666667,
      "strong_reference_cut_psnr": 42.755948066711426,
      "strong_reference_count": 150,
      "strong_regression_count_delta_le_-0.05": 43,
      "worst_regression_count_delta_le_-0.20": 33
    },
    {
      "label": "zero",
      "train_depth": "invert",
      "eval_depth": "zero",
      "compare_dir": "/sda/home/wangyuxin/ConvIR-B/repos/ConvIR-B-dta-v3-dapc-finetune-tailguard/experience_docx/experiment_logs/haze4k_dta_v3_dapc_20260611/dta_v3_scout5full_depthDirectTail_wg18_tail10_s006_b12_seed3407_f0_evalzero_compare",
      "common_count": 600,
      "mean_psnr_delta": -0.03087671915690104,
      "median_psnr_delta": -0.018321990966796875,
      "p5_psnr_delta": -0.21431350708007812,
      "p95_psnr_delta": 0.10800762176513652,
      "hard_bottom25_psnr_delta": -0.030631103515625,
      "easy_top25_psnr_delta": -0.01601331075032552,
      "worst10pct_mean_psnr_delta": -0.24888607660929363,
      "best10pct_mean_psnr_delta": 0.13460903167724608,
      "worst10img_mean_psnr_delta": -0.4441204071044922,
      "best10img_mean_psnr_delta": 0.25083274841308595,
      "worst10_mean_psnr_delta": -0.24888607660929363,
      "best10_mean_psnr_delta": 0.13460903167724608,
      "mean_ssim_delta": -2.8981169064839682e-05,
      "positive_ratio": 0.38666666666666666,
      "strong_reference_cut_psnr": 42.755948066711426,
      "strong_reference_count": 150,
      "strong_regression_count_delta_le_-0.05": 47,
      "worst_regression_count_delta_le_-0.20": 35
    },
    {
      "label": "shuffle",
      "train_depth": "invert",
      "eval_depth": "shuffle",
      "compare_dir": "/sda/home/wangyuxin/ConvIR-B/repos/ConvIR-B-dta-v3-dapc-finetune-tailguard/experience_docx/experiment_logs/haze4k_dta_v3_dapc_20260611/dta_v3_scout5full_depthDirectTail_wg18_tail10_s006_b12_seed3407_f0_evalshuffle_compare",
      "common_count": 600,
      "mean_psnr_delta": -0.02889736493428548,
      "median_psnr_delta": -0.016141891479492188,
      "p5_psnr_delta": -0.2139518737792969,
      "p95_psnr_delta": 0.11424617767333979,
      "hard_bottom25_psnr_delta": -0.030367825826009113,
      "easy_top25_psnr_delta": -0.01264892578125,
      "worst10pct_mean_psnr_delta": -0.2524675051371256,
      "best10pct_mean_psnr_delta": 0.14076770146687825,
      "worst10img_mean_psnr_delta": -0.4515224456787109,
      "best10img_mean_psnr_delta": 0.25917892456054686,
      "worst10_mean_psnr_delta": -0.2524675051371256,
      "best10_mean_psnr_delta": 0.14076770146687825,
      "mean_ssim_delta": -2.922107776006063e-05,
      "positive_ratio": 0.4,
      "strong_reference_cut_psnr": 42.755948066711426,
      "strong_reference_count": 150,
      "strong_regression_count_delta_le_-0.05": 40,
      "worst_regression_count_delta_le_-0.20": 33
    }
  ],
  "attribution": {
    "true_label": "true",
    "baseline_label": "zero",
    "common_count": 600,
    "mean_depth_surplus_psnr": 0.01637996037801107,
    "median_depth_surplus_psnr": 0.009904861450195312,
    "positive_surplus_ratio": 0.635
  }
}