{
  "runs": [
    {
      "label": "true",
      "train_depth": "invert",
      "eval_depth": "invert",
      "compare_dir": "/sda/home/wangyuxin/ConvIR-B/repos/ConvIR-B-dta-v3-dapc-finetune-v33-routerfusion/experience_docx/experiment_logs/haze4k_dta_v3_dapc_20260611/dta_v3_3_v33_routerfusion_d1_loss_seed3411_f0_triage5full_fallback_invert_compare",
      "common_count": 600,
      "mean_psnr_delta": 0.10644343694051107,
      "median_psnr_delta": 0.08983039855957031,
      "p5_psnr_delta": -0.36893482208251954,
      "p95_psnr_delta": 0.6557485580444327,
      "hard_bottom25_psnr_delta": 0.11092765808105469,
      "easy_top25_psnr_delta": 0.07940864562988281,
      "worst10pct_mean_psnr_delta": -0.4090749740600586,
      "best10pct_mean_psnr_delta": 0.6684147834777832,
      "worst10img_mean_psnr_delta": -0.7006229400634766,
      "best10img_mean_psnr_delta": 0.9259403228759766,
      "worst10_mean_psnr_delta": -0.4090749740600586,
      "best10_mean_psnr_delta": 0.6684147834777832,
      "mean_ssim_delta": 1.5988349914550782e-05,
      "positive_ratio": 0.6716666666666666,
      "strong_reference_cut_psnr": 42.755948066711426,
      "strong_reference_count": 150,
      "strong_regression_count_delta_le_-0.05": 52,
      "worst_regression_count_delta_le_-0.20": 64
    },
    {
      "label": "zero",
      "train_depth": "invert",
      "eval_depth": "zero",
      "compare_dir": "/sda/home/wangyuxin/ConvIR-B/repos/ConvIR-B-dta-v3-dapc-finetune-v33-routerfusion/experience_docx/experiment_logs/haze4k_dta_v3_dapc_20260611/dta_v3_3_v33_routerfusion_d1_loss_seed3411_f0_triage5full_fallback_zero_compare",
      "common_count": 600,
      "mean_psnr_delta": 0.05142981211344401,
      "median_psnr_delta": 0.04540443420410156,
      "p5_psnr_delta": -0.1550893783569336,
      "p95_psnr_delta": 0.29874134063720703,
      "hard_bottom25_psnr_delta": 0.07218340555826823,
      "easy_top25_psnr_delta": 0.026420567830403644,
      "worst10pct_mean_psnr_delta": -0.17725645701090495,
      "best10pct_mean_psnr_delta": 0.3108669916788737,
      "worst10img_mean_psnr_delta": -0.2940227508544922,
      "best10img_mean_psnr_delta": 0.4433620452880859,
      "worst10_mean_psnr_delta": -0.17725645701090495,
      "best10_mean_psnr_delta": 0.3108669916788737,
      "mean_ssim_delta": 2.9568870862325033e-06,
      "positive_ratio": 0.67,
      "strong_reference_cut_psnr": 42.755948066711426,
      "strong_reference_count": 150,
      "strong_regression_count_delta_le_-0.05": 36,
      "worst_regression_count_delta_le_-0.20": 14
    },
    {
      "label": "shuffle",
      "train_depth": "invert",
      "eval_depth": "shuffle",
      "compare_dir": "/sda/home/wangyuxin/ConvIR-B/repos/ConvIR-B-dta-v3-dapc-finetune-v33-routerfusion/experience_docx/experiment_logs/haze4k_dta_v3_dapc_20260611/dta_v3_3_v33_routerfusion_d1_loss_seed3411_f0_triage5full_fallback_shuffle_compare",
      "common_count": 600,
      "mean_psnr_delta": 0.05795907338460286,
      "median_psnr_delta": 0.044406890869140625,
      "p5_psnr_delta": -0.17217273712158204,
      "p95_psnr_delta": 0.33214302062988266,
      "hard_bottom25_psnr_delta": 0.06912434895833333,
      "easy_top25_psnr_delta": 0.043788477579752606,
      "worst10pct_mean_psnr_delta": -0.19233137766520184,
      "best10pct_mean_psnr_delta": 0.3545440991719564,
      "worst10img_mean_psnr_delta": -0.31069374084472656,
      "best10img_mean_psnr_delta": 0.5036111831665039,
      "worst10_mean_psnr_delta": -0.19233137766520184,
      "best10_mean_psnr_delta": 0.3545440991719564,
      "mean_ssim_delta": 9.930332501729329e-06,
      "positive_ratio": 0.6683333333333333,
      "strong_reference_cut_psnr": 42.755948066711426,
      "strong_reference_count": 150,
      "strong_regression_count_delta_le_-0.05": 39,
      "worst_regression_count_delta_le_-0.20": 22
    },
    {
      "label": "normal",
      "train_depth": "invert",
      "eval_depth": "normal",
      "compare_dir": "/sda/home/wangyuxin/ConvIR-B/repos/ConvIR-B-dta-v3-dapc-finetune-v33-routerfusion/experience_docx/experiment_logs/haze4k_dta_v3_dapc_20260611/dta_v3_3_v33_routerfusion_d1_loss_seed3411_f0_triage5full_fallback_normal_compare",
      "common_count": 600,
      "mean_psnr_delta": 0.0554715379079183,
      "median_psnr_delta": 0.043346405029296875,
      "p5_psnr_delta": -0.1690542221069336,
      "p95_psnr_delta": 0.32299842834472653,
      "hard_bottom25_psnr_delta": 0.06522947947184245,
      "easy_top25_psnr_delta": 0.042485987345377604,
      "worst10pct_mean_psnr_delta": -0.1872260093688965,
      "best10pct_mean_psnr_delta": 0.3354885737101237,
      "worst10img_mean_psnr_delta": -0.31418800354003906,
      "best10img_mean_psnr_delta": 0.46791648864746094,
      "worst10_mean_psnr_delta": -0.1872260093688965,
      "best10_mean_psnr_delta": 0.3354885737101237,
      "mean_ssim_delta": 1.2951791286468505e-05,
      "positive_ratio": 0.6633333333333333,
      "strong_reference_cut_psnr": 42.755948066711426,
      "strong_reference_count": 150,
      "strong_regression_count_delta_le_-0.05": 36,
      "worst_regression_count_delta_le_-0.20": 20
    }
  ],
  "attribution": {
    "true_label": "true",
    "baseline_label": "zero",
    "common_count": 600,
    "mean_depth_surplus_psnr": 0.05501362482706706,
    "median_depth_surplus_psnr": 0.04973411560058594,
    "positive_surplus_ratio": 0.645
  }
}
