{
  "runs": [
    {
      "label": "true",
      "train_depth": "invert",
      "eval_depth": "invert",
      "compare_dir": "/sda/home/wangyuxin/ConvIR-B/repos/ConvIR-B-dta-v3-dapc-finetune-v31/experience_docx/experiment_logs/haze4k_dta_v3_dapc_20260611/dta_v3_1_v31_wg18_light_hinge_seed3407_f0_scout5full_post_gt_invert_compare",
      "common_count": 600,
      "mean_psnr_delta": 0.02129787762959798,
      "median_psnr_delta": 0.031948089599609375,
      "p5_psnr_delta": -0.34879589080810547,
      "p95_psnr_delta": 0.36437511444091797,
      "hard_bottom25_psnr_delta": 0.001578509012858073,
      "easy_top25_psnr_delta": 0.040711593627929685,
      "worst10pct_mean_psnr_delta": -0.38722972869873046,
      "best10pct_mean_psnr_delta": 0.3861737569173177,
      "worst10img_mean_psnr_delta": -0.6418041229248047,
      "best10img_mean_psnr_delta": 0.5529991149902344,
      "worst10_mean_psnr_delta": -0.38722972869873046,
      "best10_mean_psnr_delta": 0.3861737569173177,
      "mean_ssim_delta": -2.4847984313964843e-05,
      "positive_ratio": 0.5983333333333334,
      "strong_reference_cut_psnr": 42.755948066711426,
      "strong_reference_count": 150,
      "strong_regression_count_delta_le_-0.05": 38,
      "worst_regression_count_delta_le_-0.20": 72
    },
    {
      "label": "zero",
      "train_depth": "invert",
      "eval_depth": "zero",
      "compare_dir": "/sda/home/wangyuxin/ConvIR-B/repos/ConvIR-B-dta-v3-dapc-finetune-v31/experience_docx/experiment_logs/haze4k_dta_v3_dapc_20260611/dta_v3_1_v31_wg18_light_hinge_seed3407_f0_scout5full_post_gt_zero_compare",
      "common_count": 600,
      "mean_psnr_delta": -0.014270305633544922,
      "median_psnr_delta": 0.001262664794921875,
      "p5_psnr_delta": -0.22246742248535156,
      "p95_psnr_delta": 0.15753841400146484,
      "hard_bottom25_psnr_delta": -0.019716822306315104,
      "easy_top25_psnr_delta": 0.0025467936197916667,
      "worst10pct_mean_psnr_delta": -0.26062005360921225,
      "best10pct_mean_psnr_delta": 0.1735902150472005,
      "worst10img_mean_psnr_delta": -0.46805610656738283,
      "best10img_mean_psnr_delta": 0.2899219512939453,
      "worst10_mean_psnr_delta": -0.26062005360921225,
      "best10_mean_psnr_delta": 0.1735902150472005,
      "mean_ssim_delta": -2.5487343470255535e-05,
      "positive_ratio": 0.5133333333333333,
      "strong_reference_cut_psnr": 42.755948066711426,
      "strong_reference_count": 150,
      "strong_regression_count_delta_le_-0.05": 31,
      "worst_regression_count_delta_le_-0.20": 36
    },
    {
      "label": "shuffle",
      "train_depth": "invert",
      "eval_depth": "shuffle",
      "compare_dir": "/sda/home/wangyuxin/ConvIR-B/repos/ConvIR-B-dta-v3-dapc-finetune-v31/experience_docx/experiment_logs/haze4k_dta_v3_dapc_20260611/dta_v3_1_v31_wg18_light_hinge_seed3407_f0_scout5full_post_gt_shuffle_compare",
      "common_count": 600,
      "mean_psnr_delta": -0.010281337102254233,
      "median_psnr_delta": 0.00414276123046875,
      "p5_psnr_delta": -0.24949150085449218,
      "p95_psnr_delta": 0.17939300537109368,
      "hard_bottom25_psnr_delta": -0.01961859385172526,
      "easy_top25_psnr_delta": 0.00969006856282552,
      "worst10pct_mean_psnr_delta": -0.28035993576049806,
      "best10pct_mean_psnr_delta": 0.19417457580566405,
      "worst10img_mean_psnr_delta": -0.49145164489746096,
      "best10img_mean_psnr_delta": 0.31873931884765627,
      "worst10_mean_psnr_delta": -0.28035993576049806,
      "best10_mean_psnr_delta": 0.19417457580566405,
      "mean_ssim_delta": -2.5116602579752604e-05,
      "positive_ratio": 0.53,
      "strong_reference_cut_psnr": 42.755948066711426,
      "strong_reference_count": 150,
      "strong_regression_count_delta_le_-0.05": 31,
      "worst_regression_count_delta_le_-0.20": 45
    },
    {
      "label": "normal",
      "train_depth": "invert",
      "eval_depth": "normal",
      "compare_dir": "/sda/home/wangyuxin/ConvIR-B/repos/ConvIR-B-dta-v3-dapc-finetune-v31/experience_docx/experiment_logs/haze4k_dta_v3_dapc_20260611/dta_v3_1_v31_wg18_light_hinge_seed3407_f0_scout5full_post_gt_normal_compare",
      "common_count": 600,
      "mean_psnr_delta": -0.011352720260620118,
      "median_psnr_delta": 0.0039520263671875,
      "p5_psnr_delta": -0.23262195587158205,
      "p95_psnr_delta": 0.16180343627929655,
      "hard_bottom25_psnr_delta": -0.0203256352742513,
      "easy_top25_psnr_delta": 0.009167734781901042,
      "worst10pct_mean_psnr_delta": -0.2746516227722168,
      "best10pct_mean_psnr_delta": 0.1876116116841634,
      "worst10img_mean_psnr_delta": -0.49315567016601564,
      "best10img_mean_psnr_delta": 0.30669212341308594,
      "worst10_mean_psnr_delta": -0.2746516227722168,
      "best10_mean_psnr_delta": 0.1876116116841634,
      "mean_ssim_delta": -2.4358928203582764e-05,
      "positive_ratio": 0.53,
      "strong_reference_cut_psnr": 42.755948066711426,
      "strong_reference_count": 150,
      "strong_regression_count_delta_le_-0.05": 30,
      "worst_regression_count_delta_le_-0.20": 42
    }
  ],
  "attribution": {
    "true_label": "true",
    "baseline_label": "zero",
    "common_count": 600,
    "mean_depth_surplus_psnr": 0.035568183263142907,
    "median_depth_surplus_psnr": 0.02325439453125,
    "positive_surplus_ratio": 0.6233333333333333
  }
}