{
  "runs": [
    {
      "label": "true",
      "train_depth": "invert",
      "eval_depth": "invert",
      "compare_dir": "/sda/home/wangyuxin/ConvIR-B/repos/ConvIR-B-dta-v3-dapc-finetune-v33-routerfusion/experience_docx/experiment_logs/haze4k_dta_v3_dapc_20260611/dta_v3_3_v33_routerfusion_d2_lowphys_seed3407_f1_triage5full_gt_invert_compare",
      "common_count": 600,
      "mean_psnr_delta": 0.07242743174235027,
      "median_psnr_delta": 0.07247066497802734,
      "p5_psnr_delta": -0.41213436126708985,
      "p95_psnr_delta": 0.49760875701904284,
      "hard_bottom25_psnr_delta": 0.08407758076985677,
      "easy_top25_psnr_delta": 0.03877975463867187,
      "worst10pct_mean_psnr_delta": -0.44070765177408855,
      "best10pct_mean_psnr_delta": 0.5432995478312175,
      "worst10img_mean_psnr_delta": -0.7604972839355468,
      "best10img_mean_psnr_delta": 0.8414569854736328,
      "worst10_mean_psnr_delta": -0.44070765177408855,
      "best10_mean_psnr_delta": 0.5432995478312175,
      "mean_ssim_delta": -7.109443346659343e-06,
      "positive_ratio": 0.63,
      "strong_reference_cut_psnr": 42.834919929504395,
      "strong_reference_count": 150,
      "strong_regression_count_delta_le_-0.05": 49,
      "worst_regression_count_delta_le_-0.20": 77
    },
    {
      "label": "zero",
      "train_depth": "invert",
      "eval_depth": "zero",
      "compare_dir": "/sda/home/wangyuxin/ConvIR-B/repos/ConvIR-B-dta-v3-dapc-finetune-v33-routerfusion/experience_docx/experiment_logs/haze4k_dta_v3_dapc_20260611/dta_v3_3_v33_routerfusion_d2_lowphys_seed3407_f1_triage5full_gt_zero_compare",
      "common_count": 600,
      "mean_psnr_delta": 0.02030954360961914,
      "median_psnr_delta": 0.013006210327148438,
      "p5_psnr_delta": -0.17467479705810546,
      "p95_psnr_delta": 0.21531715393066397,
      "hard_bottom25_psnr_delta": 0.027482401529947915,
      "easy_top25_psnr_delta": 8.107503255208334e-05,
      "worst10pct_mean_psnr_delta": -0.20238558451334634,
      "best10pct_mean_psnr_delta": 0.24998235702514648,
      "worst10img_mean_psnr_delta": -0.3578468322753906,
      "best10img_mean_psnr_delta": 0.39688568115234374,
      "worst10_mean_psnr_delta": -0.20238558451334634,
      "best10_mean_psnr_delta": 0.24998235702514648,
      "mean_ssim_delta": -2.2833446661631265e-05,
      "positive_ratio": 0.56,
      "strong_reference_cut_psnr": 42.834919929504395,
      "strong_reference_count": 150,
      "strong_regression_count_delta_le_-0.05": 49,
      "worst_regression_count_delta_le_-0.20": 18
    },
    {
      "label": "shuffle",
      "train_depth": "invert",
      "eval_depth": "shuffle",
      "compare_dir": "/sda/home/wangyuxin/ConvIR-B/repos/ConvIR-B-dta-v3-dapc-finetune-v33-routerfusion/experience_docx/experiment_logs/haze4k_dta_v3_dapc_20260611/dta_v3_3_v33_routerfusion_d2_lowphys_seed3407_f1_triage5full_gt_shuffle_compare",
      "common_count": 600,
      "mean_psnr_delta": 0.024897689819335937,
      "median_psnr_delta": 0.020368576049804688,
      "p5_psnr_delta": -0.19854679107666015,
      "p95_psnr_delta": 0.25829086303710913,
      "hard_bottom25_psnr_delta": 0.029897181193033855,
      "easy_top25_psnr_delta": 0.007959035237630209,
      "worst10pct_mean_psnr_delta": -0.2427097002665202,
      "best10pct_mean_psnr_delta": 0.2855870246887207,
      "worst10img_mean_psnr_delta": -0.4366127014160156,
      "best10img_mean_psnr_delta": 0.4236797332763672,
      "worst10_mean_psnr_delta": -0.2427097002665202,
      "best10_mean_psnr_delta": 0.2855870246887207,
      "mean_ssim_delta": -1.2735724449157714e-05,
      "positive_ratio": 0.5616666666666666,
      "strong_reference_cut_psnr": 42.834919929504395,
      "strong_reference_count": 150,
      "strong_regression_count_delta_le_-0.05": 49,
      "worst_regression_count_delta_le_-0.20": 30
    },
    {
      "label": "normal",
      "train_depth": "invert",
      "eval_depth": "normal",
      "compare_dir": "/sda/home/wangyuxin/ConvIR-B/repos/ConvIR-B-dta-v3-dapc-finetune-v33-routerfusion/experience_docx/experiment_logs/haze4k_dta_v3_dapc_20260611/dta_v3_3_v33_routerfusion_d2_lowphys_seed3407_f1_triage5full_gt_normal_compare",
      "common_count": 600,
      "mean_psnr_delta": 0.02265561103820801,
      "median_psnr_delta": 0.018552780151367188,
      "p5_psnr_delta": -0.18071308135986328,
      "p95_psnr_delta": 0.2479545593261718,
      "hard_bottom25_psnr_delta": 0.024268913269042968,
      "easy_top25_psnr_delta": 0.013628311157226562,
      "worst10pct_mean_psnr_delta": -0.2239890416463216,
      "best10pct_mean_psnr_delta": 0.2816139856974284,
      "worst10img_mean_psnr_delta": -0.3997798919677734,
      "best10img_mean_psnr_delta": 0.42313079833984374,
      "worst10_mean_psnr_delta": -0.2239890416463216,
      "best10_mean_psnr_delta": 0.2816139856974284,
      "mean_ssim_delta": -7.709066073099773e-06,
      "positive_ratio": 0.5616666666666666,
      "strong_reference_cut_psnr": 42.834919929504395,
      "strong_reference_count": 150,
      "strong_regression_count_delta_le_-0.05": 50,
      "worst_regression_count_delta_le_-0.20": 22
    }
  ],
  "attribution": {
    "true_label": "true",
    "baseline_label": "zero",
    "common_count": 600,
    "mean_depth_surplus_psnr": 0.05211788813273112,
    "median_depth_surplus_psnr": 0.056903839111328125,
    "positive_surplus_ratio": 0.64
  }
}
