{
  "runs": [
    {
      "label": "true",
      "train_depth": "invert",
      "eval_depth": "invert",
      "compare_dir": "/sda/home/wangyuxin/ConvIR-B/repos/ConvIR-B-dta-v3-dapc-finetune-v33-routerfusion/experience_docx/experiment_logs/haze4k_dta_v3_dapc_20260611/dta_v3_3_v33_routerfusion_d1_loss_seed3407_f0_triage5full_gt_invert_compare",
      "common_count": 600,
      "mean_psnr_delta": 0.04061452547709147,
      "median_psnr_delta": 0.04163932800292969,
      "p5_psnr_delta": -0.40771331787109377,
      "p95_psnr_delta": 0.46045665740966796,
      "hard_bottom25_psnr_delta": 0.016523399353027345,
      "easy_top25_psnr_delta": 0.051348241170247395,
      "worst10pct_mean_psnr_delta": -0.40959250132242836,
      "best10pct_mean_psnr_delta": 0.47407576243082683,
      "worst10img_mean_psnr_delta": -0.6230300903320313,
      "best10img_mean_psnr_delta": 0.6771598815917969,
      "worst10_mean_psnr_delta": -0.40959250132242836,
      "best10_mean_psnr_delta": 0.47407576243082683,
      "mean_ssim_delta": -1.3118286927541097e-05,
      "positive_ratio": 0.5916666666666667,
      "strong_reference_cut_psnr": 42.755948066711426,
      "strong_reference_count": 150,
      "strong_regression_count_delta_le_-0.05": 51,
      "worst_regression_count_delta_le_-0.20": 94
    },
    {
      "label": "zero",
      "train_depth": "invert",
      "eval_depth": "zero",
      "compare_dir": "/sda/home/wangyuxin/ConvIR-B/repos/ConvIR-B-dta-v3-dapc-finetune-v33-routerfusion/experience_docx/experiment_logs/haze4k_dta_v3_dapc_20260611/dta_v3_3_v33_routerfusion_d1_loss_seed3407_f0_triage5full_gt_zero_compare",
      "common_count": 600,
      "mean_psnr_delta": -0.022156769434611003,
      "median_psnr_delta": -0.01522064208984375,
      "p5_psnr_delta": -0.24228553771972655,
      "p95_psnr_delta": 0.1831197738647461,
      "hard_bottom25_psnr_delta": -0.02286004384358724,
      "easy_top25_psnr_delta": -0.023671061197916666,
      "worst10pct_mean_psnr_delta": -0.2686095873514811,
      "best10pct_mean_psnr_delta": 0.19879029591878256,
      "worst10img_mean_psnr_delta": -0.4247703552246094,
      "best10img_mean_psnr_delta": 0.3177669525146484,
      "worst10_mean_psnr_delta": -0.2686095873514811,
      "best10_mean_psnr_delta": 0.19879029591878256,
      "mean_ssim_delta": -2.8351545333862306e-05,
      "positive_ratio": 0.435,
      "strong_reference_cut_psnr": 42.755948066711426,
      "strong_reference_count": 150,
      "strong_regression_count_delta_le_-0.05": 43,
      "worst_regression_count_delta_le_-0.20": 54
    },
    {
      "label": "shuffle",
      "train_depth": "invert",
      "eval_depth": "shuffle",
      "compare_dir": "/sda/home/wangyuxin/ConvIR-B/repos/ConvIR-B-dta-v3-dapc-finetune-v33-routerfusion/experience_docx/experiment_logs/haze4k_dta_v3_dapc_20260611/dta_v3_3_v33_routerfusion_d1_loss_seed3407_f0_triage5full_gt_shuffle_compare",
      "common_count": 600,
      "mean_psnr_delta": -0.01539003054300944,
      "median_psnr_delta": -0.00775146484375,
      "p5_psnr_delta": -0.2539691925048828,
      "p95_psnr_delta": 0.2060108184814451,
      "hard_bottom25_psnr_delta": -0.02668870290120443,
      "easy_top25_psnr_delta": -0.003970311482747396,
      "worst10pct_mean_psnr_delta": -0.28389450709025066,
      "best10pct_mean_psnr_delta": 0.22615416844685873,
      "worst10img_mean_psnr_delta": -0.454876708984375,
      "best10img_mean_psnr_delta": 0.35855827331542967,
      "worst10_mean_psnr_delta": -0.28389450709025066,
      "best10_mean_psnr_delta": 0.22615416844685873,
      "mean_ssim_delta": -2.05195943514506e-05,
      "positive_ratio": 0.4583333333333333,
      "strong_reference_cut_psnr": 42.755948066711426,
      "strong_reference_count": 150,
      "strong_regression_count_delta_le_-0.05": 43,
      "worst_regression_count_delta_le_-0.20": 55
    },
    {
      "label": "normal",
      "train_depth": "invert",
      "eval_depth": "normal",
      "compare_dir": "/sda/home/wangyuxin/ConvIR-B/repos/ConvIR-B-dta-v3-dapc-finetune-v33-routerfusion/experience_docx/experiment_logs/haze4k_dta_v3_dapc_20260611/dta_v3_3_v33_routerfusion_d1_loss_seed3407_f0_triage5full_gt_normal_compare",
      "common_count": 600,
      "mean_psnr_delta": -0.018402945200602212,
      "median_psnr_delta": -0.011213302612304688,
      "p5_psnr_delta": -0.24550361633300782,
      "p95_psnr_delta": 0.2097532272338866,
      "hard_bottom25_psnr_delta": -0.03087437947591146,
      "easy_top25_psnr_delta": -0.005967992146809896,
      "worst10pct_mean_psnr_delta": -0.2799709320068359,
      "best10pct_mean_psnr_delta": 0.22431338628133138,
      "worst10img_mean_psnr_delta": -0.44947166442871095,
      "best10img_mean_psnr_delta": 0.3382366180419922,
      "worst10_mean_psnr_delta": -0.2799709320068359,
      "best10_mean_psnr_delta": 0.22431338628133138,
      "mean_ssim_delta": -1.7361243565877277e-05,
      "positive_ratio": 0.4483333333333333,
      "strong_reference_cut_psnr": 42.755948066711426,
      "strong_reference_count": 150,
      "strong_regression_count_delta_le_-0.05": 41,
      "worst_regression_count_delta_le_-0.20": 58
    }
  ],
  "attribution": {
    "true_label": "true",
    "baseline_label": "zero",
    "common_count": 600,
    "mean_depth_surplus_psnr": 0.06277129491170247,
    "median_depth_surplus_psnr": 0.05508995056152344,
    "positive_surplus_ratio": 0.6566666666666666
  }
}
