{
  "runs": [
    {
      "label": "true",
      "train_depth": "invert",
      "eval_depth": "invert",
      "compare_dir": "/sda/home/wangyuxin/ConvIR-B/repos/ConvIR-B-dta-v3-dapc-finetune-taillite/experience_docx/experiment_logs/haze4k_dta_v3_dapc_20260611/dta_v3_scout5full_depthDirectTail_wg16_lite_s006_b12_seed3407_f0_evalinvert_compare",
      "common_count": 600,
      "mean_psnr_delta": 0.019351078669230144,
      "median_psnr_delta": 0.030063629150390625,
      "p5_psnr_delta": -0.3474323272705078,
      "p95_psnr_delta": 0.36906433105468733,
      "hard_bottom25_psnr_delta": 0.0012995529174804688,
      "easy_top25_psnr_delta": 0.039784266153971355,
      "worst10pct_mean_psnr_delta": -0.3963025410970052,
      "best10pct_mean_psnr_delta": 0.3904672940572103,
      "worst10img_mean_psnr_delta": -0.6561393737792969,
      "best10img_mean_psnr_delta": 0.5629825592041016,
      "worst10_mean_psnr_delta": -0.3963025410970052,
      "best10_mean_psnr_delta": 0.3904672940572103,
      "mean_ssim_delta": -2.4625261624654133e-05,
      "positive_ratio": 0.5933333333333334,
      "strong_reference_cut_psnr": 42.755948066711426,
      "strong_reference_count": 150,
      "strong_regression_count_delta_le_-0.05": 38,
      "worst_regression_count_delta_le_-0.20": 75
    },
    {
      "label": "normal",
      "train_depth": "invert",
      "eval_depth": "normal",
      "compare_dir": "/sda/home/wangyuxin/ConvIR-B/repos/ConvIR-B-dta-v3-dapc-finetune-taillite/experience_docx/experiment_logs/haze4k_dta_v3_dapc_20260611/dta_v3_scout5full_depthDirectTail_wg16_lite_s006_b12_seed3407_f0_evalnormal_compare",
      "common_count": 600,
      "mean_psnr_delta": -0.012790044148763021,
      "median_psnr_delta": 0.002346038818359375,
      "p5_psnr_delta": -0.2286853790283203,
      "p95_psnr_delta": 0.16062393188476543,
      "hard_bottom25_psnr_delta": -0.020462493896484375,
      "easy_top25_psnr_delta": 0.007502492268880208,
      "worst10pct_mean_psnr_delta": -0.2708757400512695,
      "best10pct_mean_psnr_delta": 0.1841223398844401,
      "worst10img_mean_psnr_delta": -0.48984718322753906,
      "best10img_mean_psnr_delta": 0.3046550750732422,
      "worst10_mean_psnr_delta": -0.2708757400512695,
      "best10_mean_psnr_delta": 0.1841223398844401,
      "mean_ssim_delta": -2.3712913195292154e-05,
      "positive_ratio": 0.515,
      "strong_reference_cut_psnr": 42.755948066711426,
      "strong_reference_count": 150,
      "strong_regression_count_delta_le_-0.05": 31,
      "worst_regression_count_delta_le_-0.20": 40
    },
    {
      "label": "zero",
      "train_depth": "invert",
      "eval_depth": "zero",
      "compare_dir": "/sda/home/wangyuxin/ConvIR-B/repos/ConvIR-B-dta-v3-dapc-finetune-taillite/experience_docx/experiment_logs/haze4k_dta_v3_dapc_20260611/dta_v3_scout5full_depthDirectTail_wg16_lite_s006_b12_seed3407_f0_evalzero_compare",
      "common_count": 600,
      "mean_psnr_delta": -0.016124080022176107,
      "median_psnr_delta": -0.0019893646240234375,
      "p5_psnr_delta": -0.21928348541259765,
      "p95_psnr_delta": 0.14615077972412086,
      "hard_bottom25_psnr_delta": -0.020325279235839842,
      "easy_top25_psnr_delta": 0.0005391693115234375,
      "worst10pct_mean_psnr_delta": -0.25805047353108723,
      "best10pct_mean_psnr_delta": 0.16984341939290365,
      "worst10img_mean_psnr_delta": -0.46535720825195315,
      "best10img_mean_psnr_delta": 0.28710689544677737,
      "worst10_mean_psnr_delta": -0.25805047353108723,
      "best10_mean_psnr_delta": 0.16984341939290365,
      "mean_ssim_delta": -2.5439759095509847e-05,
      "positive_ratio": 0.49,
      "strong_reference_cut_psnr": 42.755948066711426,
      "strong_reference_count": 150,
      "strong_regression_count_delta_le_-0.05": 31,
      "worst_regression_count_delta_le_-0.20": 36
    },
    {
      "label": "shuffle",
      "train_depth": "invert",
      "eval_depth": "shuffle",
      "compare_dir": "/sda/home/wangyuxin/ConvIR-B/repos/ConvIR-B-dta-v3-dapc-finetune-taillite/experience_docx/experiment_logs/haze4k_dta_v3_dapc_20260611/dta_v3_scout5full_depthDirectTail_wg16_lite_s006_b12_seed3407_f0_evalshuffle_compare",
      "common_count": 600,
      "mean_psnr_delta": -0.011853675842285156,
      "median_psnr_delta": 0.0026149749755859375,
      "p5_psnr_delta": -0.2447275161743164,
      "p95_psnr_delta": 0.17454624176025377,
      "hard_bottom25_psnr_delta": -0.019885660807291667,
      "easy_top25_psnr_delta": 0.008065643310546875,
      "worst10pct_mean_psnr_delta": -0.2777155876159668,
      "best10pct_mean_psnr_delta": 0.19091192881266275,
      "worst10img_mean_psnr_delta": -0.49232177734375,
      "best10img_mean_psnr_delta": 0.31577110290527344,
      "worst10_mean_psnr_delta": -0.2777155876159668,
      "best10_mean_psnr_delta": 0.19091192881266275,
      "mean_ssim_delta": -2.4704734484354656e-05,
      "positive_ratio": 0.5183333333333333,
      "strong_reference_cut_psnr": 42.755948066711426,
      "strong_reference_count": 150,
      "strong_regression_count_delta_le_-0.05": 30,
      "worst_regression_count_delta_le_-0.20": 43
    }
  ],
  "attribution": {
    "true_label": "true",
    "baseline_label": "zero",
    "common_count": 600,
    "mean_depth_surplus_psnr": 0.03547515869140625,
    "median_depth_surplus_psnr": 0.0238189697265625,
    "positive_surplus_ratio": 0.635
  }
}