{
  "runs": [
    {
      "label": "true",
      "train_depth": "invert",
      "eval_depth": "invert",
      "compare_dir": "/sda/home/wangyuxin/ConvIR-B/repos/ConvIR-B-dta-v3-dapc-finetune-v33-routerfusion/experience_docx/experiment_logs/haze4k_dta_v3_dapc_20260611/dta_v3_3_v33_routerfusion_d3_router_seed3407_f1_triage5full_fallback_invert_compare",
      "common_count": 600,
      "mean_psnr_delta": 0.05145625432332357,
      "median_psnr_delta": 0.05166435241699219,
      "p5_psnr_delta": -0.35724945068359376,
      "p95_psnr_delta": 0.45369358062744136,
      "hard_bottom25_psnr_delta": 0.06799751281738281,
      "easy_top25_psnr_delta": 0.028453318277994792,
      "worst10pct_mean_psnr_delta": -0.41837501525878906,
      "best10pct_mean_psnr_delta": 0.49931265513102213,
      "worst10img_mean_psnr_delta": -0.7618095397949218,
      "best10img_mean_psnr_delta": 0.8045352935791016,
      "worst10_mean_psnr_delta": -0.41837501525878906,
      "best10_mean_psnr_delta": 0.49931265513102213,
      "mean_ssim_delta": -3.011723359425863e-06,
      "positive_ratio": 0.6216666666666667,
      "strong_reference_cut_psnr": 42.834919929504395,
      "strong_reference_count": 150,
      "strong_regression_count_delta_le_-0.05": 47,
      "worst_regression_count_delta_le_-0.20": 70
    },
    {
      "label": "zero",
      "train_depth": "invert",
      "eval_depth": "zero",
      "compare_dir": "/sda/home/wangyuxin/ConvIR-B/repos/ConvIR-B-dta-v3-dapc-finetune-v33-routerfusion/experience_docx/experiment_logs/haze4k_dta_v3_dapc_20260611/dta_v3_3_v33_routerfusion_d3_router_seed3407_f1_triage5full_fallback_zero_compare",
      "common_count": 600,
      "mean_psnr_delta": 0.025077425638834635,
      "median_psnr_delta": 0.0279083251953125,
      "p5_psnr_delta": -0.2587736129760742,
      "p95_psnr_delta": 0.30577602386474595,
      "hard_bottom25_psnr_delta": 0.037801106770833336,
      "easy_top25_psnr_delta": 0.003105417887369792,
      "worst10pct_mean_psnr_delta": -0.30354509353637693,
      "best10pct_mean_psnr_delta": 0.3437625885009766,
      "worst10img_mean_psnr_delta": -0.5417667388916015,
      "best10img_mean_psnr_delta": 0.5228219985961914,
      "worst10_mean_psnr_delta": -0.30354509353637693,
      "best10_mean_psnr_delta": 0.3437625885009766,
      "mean_ssim_delta": -1.2957056363423665e-06,
      "positive_ratio": 0.5733333333333334,
      "strong_reference_cut_psnr": 42.834919929504395,
      "strong_reference_count": 150,
      "strong_regression_count_delta_le_-0.05": 50,
      "worst_regression_count_delta_le_-0.20": 47
    },
    {
      "label": "shuffle",
      "train_depth": "invert",
      "eval_depth": "shuffle",
      "compare_dir": "/sda/home/wangyuxin/ConvIR-B/repos/ConvIR-B-dta-v3-dapc-finetune-v33-routerfusion/experience_docx/experiment_logs/haze4k_dta_v3_dapc_20260611/dta_v3_3_v33_routerfusion_d3_router_seed3407_f1_triage5full_fallback_shuffle_compare",
      "common_count": 600,
      "mean_psnr_delta": 0.028206253051757814,
      "median_psnr_delta": 0.03228569030761719,
      "p5_psnr_delta": -0.26482219696044923,
      "p95_psnr_delta": 0.3260190963745117,
      "hard_bottom25_psnr_delta": 0.04125623067220052,
      "easy_top25_psnr_delta": 0.005373433430989583,
      "worst10pct_mean_psnr_delta": -0.3230931599934896,
      "best10pct_mean_psnr_delta": 0.3598420778910319,
      "worst10img_mean_psnr_delta": -0.580572509765625,
      "best10img_mean_psnr_delta": 0.5538827896118164,
      "worst10_mean_psnr_delta": -0.3230931599934896,
      "best10_mean_psnr_delta": 0.3598420778910319,
      "mean_ssim_delta": -6.559491157531739e-07,
      "positive_ratio": 0.5916666666666667,
      "strong_reference_cut_psnr": 42.834919929504395,
      "strong_reference_count": 150,
      "strong_regression_count_delta_le_-0.05": 50,
      "worst_regression_count_delta_le_-0.20": 48
    },
    {
      "label": "normal",
      "train_depth": "invert",
      "eval_depth": "normal",
      "compare_dir": "/sda/home/wangyuxin/ConvIR-B/repos/ConvIR-B-dta-v3-dapc-finetune-v33-routerfusion/experience_docx/experiment_logs/haze4k_dta_v3_dapc_20260611/dta_v3_3_v33_routerfusion_d3_router_seed3407_f1_triage5full_fallback_normal_compare",
      "common_count": 600,
      "mean_psnr_delta": 0.027228148778279622,
      "median_psnr_delta": 0.0303497314453125,
      "p5_psnr_delta": -0.2725677490234375,
      "p95_psnr_delta": 0.32023715972900335,
      "hard_bottom25_psnr_delta": 0.03867298126220703,
      "easy_top25_psnr_delta": 0.006717020670572916,
      "worst10pct_mean_psnr_delta": -0.317207940419515,
      "best10pct_mean_psnr_delta": 0.356261157989502,
      "worst10img_mean_psnr_delta": -0.5654743194580079,
      "best10img_mean_psnr_delta": 0.5451755523681641,
      "worst10_mean_psnr_delta": -0.317207940419515,
      "best10_mean_psnr_delta": 0.356261157989502,
      "mean_ssim_delta": 8.11616579691569e-08,
      "positive_ratio": 0.5866666666666667,
      "strong_reference_cut_psnr": 42.834919929504395,
      "strong_reference_count": 150,
      "strong_regression_count_delta_le_-0.05": 49,
      "worst_regression_count_delta_le_-0.20": 49
    }
  ],
  "attribution": {
    "true_label": "true",
    "baseline_label": "zero",
    "common_count": 600,
    "mean_depth_surplus_psnr": 0.02637882868448893,
    "median_depth_surplus_psnr": 0.019010543823242188,
    "positive_surplus_ratio": 0.6133333333333333
  }
}
