{
  "runs": [
    {
      "label": "true",
      "train_depth": "invert",
      "eval_depth": "invert",
      "compare_dir": "/sda/home/wangyuxin/ConvIR-B/repos/ConvIR-B-dta-v3-dapc-finetune-v33-routerfusion/experience_docx/experiment_logs/haze4k_dta_v3_dapc_20260611/dta_v3_3_v33_routerfusion_d3_router_seed3407_f1_triage5full_gt_invert_compare",
      "common_count": 600,
      "mean_psnr_delta": 0.05145390510559082,
      "median_psnr_delta": 0.051654815673828125,
      "p5_psnr_delta": -0.35723171234130857,
      "p95_psnr_delta": 0.45363254547119136,
      "hard_bottom25_psnr_delta": 0.06798442840576172,
      "easy_top25_psnr_delta": 0.028454564412434897,
      "worst10pct_mean_psnr_delta": -0.4183121999104818,
      "best10pct_mean_psnr_delta": 0.4992436091105143,
      "worst10img_mean_psnr_delta": -0.7616901397705078,
      "best10img_mean_psnr_delta": 0.8043834686279296,
      "worst10_mean_psnr_delta": -0.4183121999104818,
      "best10_mean_psnr_delta": 0.4992436091105143,
      "mean_ssim_delta": -3.0266245206197104e-06,
      "positive_ratio": 0.6216666666666667,
      "strong_reference_cut_psnr": 42.834919929504395,
      "strong_reference_count": 150,
      "strong_regression_count_delta_le_-0.05": 47,
      "worst_regression_count_delta_le_-0.20": 70
    },
    {
      "label": "zero",
      "train_depth": "invert",
      "eval_depth": "zero",
      "compare_dir": "/sda/home/wangyuxin/ConvIR-B/repos/ConvIR-B-dta-v3-dapc-finetune-v33-routerfusion/experience_docx/experiment_logs/haze4k_dta_v3_dapc_20260611/dta_v3_3_v33_routerfusion_d3_router_seed3407_f1_triage5full_gt_zero_compare",
      "common_count": 600,
      "mean_psnr_delta": 0.02507365862528483,
      "median_psnr_delta": 0.027944564819335938,
      "p5_psnr_delta": -0.25876789093017577,
      "p95_psnr_delta": 0.30577602386474595,
      "hard_bottom25_psnr_delta": 0.03778850555419922,
      "easy_top25_psnr_delta": 0.003101832071940104,
      "worst10pct_mean_psnr_delta": -0.3035117149353027,
      "best10pct_mean_psnr_delta": 0.3437171936035156,
      "worst10img_mean_psnr_delta": -0.5417011260986329,
      "best10img_mean_psnr_delta": 0.5226861953735351,
      "worst10_mean_psnr_delta": -0.3035117149353027,
      "best10_mean_psnr_delta": 0.3437171936035156,
      "mean_ssim_delta": -1.310904820760091e-06,
      "positive_ratio": 0.5733333333333334,
      "strong_reference_cut_psnr": 42.834919929504395,
      "strong_reference_count": 150,
      "strong_regression_count_delta_le_-0.05": 50,
      "worst_regression_count_delta_le_-0.20": 47
    },
    {
      "label": "shuffle",
      "train_depth": "invert",
      "eval_depth": "shuffle",
      "compare_dir": "/sda/home/wangyuxin/ConvIR-B/repos/ConvIR-B-dta-v3-dapc-finetune-v33-routerfusion/experience_docx/experiment_logs/haze4k_dta_v3_dapc_20260611/dta_v3_3_v33_routerfusion_d3_router_seed3407_f1_triage5full_gt_shuffle_compare",
      "common_count": 600,
      "mean_psnr_delta": 0.028202104568481445,
      "median_psnr_delta": 0.03228950500488281,
      "p5_psnr_delta": -0.26465778350830077,
      "p95_psnr_delta": 0.32602710723876954,
      "hard_bottom25_psnr_delta": 0.04124266306559245,
      "easy_top25_psnr_delta": 0.005370152791341146,
      "worst10pct_mean_psnr_delta": -0.32305154800415037,
      "best10pct_mean_psnr_delta": 0.35978466669718423,
      "worst10img_mean_psnr_delta": -0.5804843902587891,
      "best10img_mean_psnr_delta": 0.5537363052368164,
      "worst10_mean_psnr_delta": -0.32305154800415037,
      "best10_mean_psnr_delta": 0.35978466669718423,
      "mean_ssim_delta": -6.664792696634928e-07,
      "positive_ratio": 0.5933333333333334,
      "strong_reference_cut_psnr": 42.834919929504395,
      "strong_reference_count": 150,
      "strong_regression_count_delta_le_-0.05": 50,
      "worst_regression_count_delta_le_-0.20": 48
    },
    {
      "label": "normal",
      "train_depth": "invert",
      "eval_depth": "normal",
      "compare_dir": "/sda/home/wangyuxin/ConvIR-B/repos/ConvIR-B-dta-v3-dapc-finetune-v33-routerfusion/experience_docx/experiment_logs/haze4k_dta_v3_dapc_20260611/dta_v3_3_v33_routerfusion_d3_router_seed3407_f1_triage5full_gt_normal_compare",
      "common_count": 600,
      "mean_psnr_delta": 0.0272235902150472,
      "median_psnr_delta": 0.030336380004882812,
      "p5_psnr_delta": -0.2725654602050781,
      "p95_psnr_delta": 0.32024154663085885,
      "hard_bottom25_psnr_delta": 0.03865929921468099,
      "easy_top25_psnr_delta": 0.006713714599609375,
      "worst10pct_mean_psnr_delta": -0.3171666145324707,
      "best10pct_mean_psnr_delta": 0.35620622634887694,
      "worst10img_mean_psnr_delta": -0.5653736114501953,
      "best10img_mean_psnr_delta": 0.5450149536132812,
      "worst10_mean_psnr_delta": -0.3171666145324707,
      "best10_mean_psnr_delta": 0.35620622634887694,
      "mean_ssim_delta": 7.16249148050944e-08,
      "positive_ratio": 0.5866666666666667,
      "strong_reference_cut_psnr": 42.834919929504395,
      "strong_reference_count": 150,
      "strong_regression_count_delta_le_-0.05": 49,
      "worst_regression_count_delta_le_-0.20": 48
    }
  ],
  "attribution": {
    "true_label": "true",
    "baseline_label": "zero",
    "common_count": 600,
    "mean_depth_surplus_psnr": 0.02638024648030599,
    "median_depth_surplus_psnr": 0.019008636474609375,
    "positive_surplus_ratio": 0.6133333333333333
  }
}
