{
  "runs": [
    {
      "label": "true",
      "train_depth": "invert",
      "eval_depth": "invert",
      "compare_dir": "/home/caozhiyang/ConvIR-B/repos/ConvIR-B-dta-v3-4-fdf-tsr-finetune/experience_docx/experiment_logs/haze4k_dta_v3_dapc_20260611/dta_v3_4_v34_fdf_tsr_e2_tiny_residual_seed3411_f0_quick5full_fallback_train_invert_compare",
      "common_count": 600,
      "mean_psnr_delta": 0.09920660972595215,
      "median_psnr_delta": 0.07605552673339844,
      "p5_psnr_delta": -0.6772684097290039,
      "p95_psnr_delta": 1.0419771194458005,
      "hard_bottom25_psnr_delta": 0.06558391571044922,
      "easy_top25_psnr_delta": 0.05813756306966146,
      "worst10pct_mean_psnr_delta": -0.8218634923299154,
      "best10pct_mean_psnr_delta": 1.0586243947347005,
      "worst10img_mean_psnr_delta": -1.3963298797607422,
      "best10img_mean_psnr_delta": 1.3914688110351563,
      "worst10_mean_psnr_delta": -0.8218634923299154,
      "best10_mean_psnr_delta": 1.0586243947347005,
      "mean_ssim_delta": -1.3826290766398112e-05,
      "positive_ratio": 0.5666666666666667,
      "strong_reference_cut_psnr": 42.766201972961426,
      "strong_reference_count": 150,
      "strong_regression_count_delta_le_-0.05": 65,
      "worst_regression_count_delta_le_-0.20": 137
    },
    {
      "label": "zero",
      "train_depth": "invert",
      "eval_depth": "zero",
      "compare_dir": "/home/caozhiyang/ConvIR-B/repos/ConvIR-B-dta-v3-4-fdf-tsr-finetune/experience_docx/experiment_logs/haze4k_dta_v3_dapc_20260611/dta_v3_4_v34_fdf_tsr_e2_tiny_residual_seed3411_f0_quick5full_fallback_train_zero_compare",
      "common_count": 600,
      "mean_psnr_delta": -0.11381300926208496,
      "median_psnr_delta": -0.09578895568847656,
      "p5_psnr_delta": -0.7218376159667969,
      "p95_psnr_delta": 0.4585283279418944,
      "hard_bottom25_psnr_delta": -0.13029966990152994,
      "easy_top25_psnr_delta": -0.12280614217122396,
      "worst10pct_mean_psnr_delta": -0.7919746398925781,
      "best10pct_mean_psnr_delta": 0.5414965311686198,
      "worst10img_mean_psnr_delta": -1.1625553131103517,
      "best10img_mean_psnr_delta": 0.9493766784667969,
      "worst10_mean_psnr_delta": -0.7919746398925781,
      "best10_mean_psnr_delta": 0.5414965311686198,
      "mean_ssim_delta": -9.200960397720337e-05,
      "positive_ratio": 0.35,
      "strong_reference_cut_psnr": 42.766201972961426,
      "strong_reference_count": 150,
      "strong_regression_count_delta_le_-0.05": 80,
      "worst_regression_count_delta_le_-0.20": 225
    },
    {
      "label": "shuffle",
      "train_depth": "invert",
      "eval_depth": "shuffle",
      "compare_dir": "/home/caozhiyang/ConvIR-B/repos/ConvIR-B-dta-v3-4-fdf-tsr-finetune/experience_docx/experiment_logs/haze4k_dta_v3_dapc_20260611/dta_v3_4_v34_fdf_tsr_e2_tiny_residual_seed3411_f0_quick5full_fallback_train_shuffle_compare",
      "common_count": 600,
      "mean_psnr_delta": -0.08165872891743978,
      "median_psnr_delta": -0.08670616149902344,
      "p5_psnr_delta": -0.7424823760986329,
      "p95_psnr_delta": 0.6208221435546873,
      "hard_bottom25_psnr_delta": -0.14841498057047525,
      "easy_top25_psnr_delta": -0.03709742228190104,
      "worst10pct_mean_psnr_delta": -0.8102490743001302,
      "best10pct_mean_psnr_delta": 0.6511095046997071,
      "worst10img_mean_psnr_delta": -1.202231216430664,
      "best10img_mean_psnr_delta": 1.0070396423339845,
      "worst10_mean_psnr_delta": -0.8102490743001302,
      "best10_mean_psnr_delta": 0.6511095046997071,
      "mean_ssim_delta": -6.43498698870341e-05,
      "positive_ratio": 0.3883333333333333,
      "strong_reference_cut_psnr": 42.766201972961426,
      "strong_reference_count": 150,
      "strong_regression_count_delta_le_-0.05": 64,
      "worst_regression_count_delta_le_-0.20": 219
    },
    {
      "label": "normal",
      "train_depth": "invert",
      "eval_depth": "normal",
      "compare_dir": "/home/caozhiyang/ConvIR-B/repos/ConvIR-B-dta-v3-4-fdf-tsr-finetune/experience_docx/experiment_logs/haze4k_dta_v3_dapc_20260611/dta_v3_4_v34_fdf_tsr_e2_tiny_residual_seed3411_f0_quick5full_fallback_train_normal_compare",
      "common_count": 600,
      "mean_psnr_delta": -0.10874106725056966,
      "median_psnr_delta": -0.10929298400878906,
      "p5_psnr_delta": -0.8057397842407227,
      "p95_psnr_delta": 0.556170272827148,
      "hard_bottom25_psnr_delta": -0.18727073669433594,
      "easy_top25_psnr_delta": -0.0596777598063151,
      "worst10pct_mean_psnr_delta": -0.8441074371337891,
      "best10pct_mean_psnr_delta": 0.606977907816569,
      "worst10img_mean_psnr_delta": -1.217095947265625,
      "best10img_mean_psnr_delta": 0.959164810180664,
      "worst10_mean_psnr_delta": -0.8441074371337891,
      "best10_mean_psnr_delta": 0.606977907816569,
      "mean_ssim_delta": -6.928275028864543e-05,
      "positive_ratio": 0.36833333333333335,
      "strong_reference_cut_psnr": 42.766201972961426,
      "strong_reference_count": 150,
      "strong_regression_count_delta_le_-0.05": 65,
      "worst_regression_count_delta_le_-0.20": 234
    }
  ],
  "attribution": {
    "true_label": "true",
    "baseline_label": "zero",
    "common_count": 600,
    "mean_depth_surplus_psnr": 0.21301961898803712,
    "median_depth_surplus_psnr": 0.21677780151367188,
    "positive_surplus_ratio": 0.725
  }
}