{
  "runs": [
    {
      "label": "true",
      "train_depth": "invert",
      "eval_depth": "invert",
      "compare_dir": "/sda/home/wangyuxin/ConvIR-B/repos/ConvIR-B-dta-v3-dapc-finetune-v33-routerfusion/experience_docx/experiment_logs/haze4k_dta_v3_dapc_20260611/dta_v3_3_v33_routerfusion_d3_router_seed3407_f0_triage5full_fallback_invert_compare",
      "common_count": 600,
      "mean_psnr_delta": 0.001094493865966797,
      "median_psnr_delta": 0.007938385009765625,
      "p5_psnr_delta": -0.3997035980224609,
      "p95_psnr_delta": 0.3740585327148436,
      "hard_bottom25_psnr_delta": -0.018031158447265626,
      "easy_top25_psnr_delta": 0.012536646525065104,
      "worst10pct_mean_psnr_delta": -0.4596557299296061,
      "best10pct_mean_psnr_delta": 0.426716677347819,
      "worst10img_mean_psnr_delta": -0.7894294738769532,
      "best10img_mean_psnr_delta": 0.6636970520019532,
      "worst10_mean_psnr_delta": -0.4596557299296061,
      "best10_mean_psnr_delta": 0.426716677347819,
      "mean_ssim_delta": -2.2379060586293537e-05,
      "positive_ratio": 0.5183333333333333,
      "strong_reference_cut_psnr": 42.755948066711426,
      "strong_reference_count": 150,
      "strong_regression_count_delta_le_-0.05": 47,
      "worst_regression_count_delta_le_-0.20": 105
    },
    {
      "label": "zero",
      "train_depth": "invert",
      "eval_depth": "zero",
      "compare_dir": "/sda/home/wangyuxin/ConvIR-B/repos/ConvIR-B-dta-v3-dapc-finetune-v33-routerfusion/experience_docx/experiment_logs/haze4k_dta_v3_dapc_20260611/dta_v3_3_v33_routerfusion_d3_router_seed3407_f0_triage5full_fallback_zero_compare",
      "common_count": 600,
      "mean_psnr_delta": -0.030786447525024414,
      "median_psnr_delta": -0.014356613159179688,
      "p5_psnr_delta": -0.3544872283935547,
      "p95_psnr_delta": 0.2592639923095699,
      "hard_bottom25_psnr_delta": -0.03697284698486328,
      "easy_top25_psnr_delta": -0.02623662312825521,
      "worst10pct_mean_psnr_delta": -0.3986119588216146,
      "best10pct_mean_psnr_delta": 0.2928572654724121,
      "worst10img_mean_psnr_delta": -0.6670974731445313,
      "best10img_mean_psnr_delta": 0.473974609375,
      "worst10_mean_psnr_delta": -0.3986119588216146,
      "best10_mean_psnr_delta": 0.2928572654724121,
      "mean_ssim_delta": -2.2641420364379884e-05,
      "positive_ratio": 0.4666666666666667,
      "strong_reference_cut_psnr": 42.755948066711426,
      "strong_reference_count": 150,
      "strong_regression_count_delta_le_-0.05": 50,
      "worst_regression_count_delta_le_-0.20": 102
    },
    {
      "label": "shuffle",
      "train_depth": "invert",
      "eval_depth": "shuffle",
      "compare_dir": "/sda/home/wangyuxin/ConvIR-B/repos/ConvIR-B-dta-v3-dapc-finetune-v33-routerfusion/experience_docx/experiment_logs/haze4k_dta_v3_dapc_20260611/dta_v3_3_v33_routerfusion_d3_router_seed3407_f0_triage5full_fallback_shuffle_compare",
      "common_count": 600,
      "mean_psnr_delta": -0.02715701738993327,
      "median_psnr_delta": -0.01212310791015625,
      "p5_psnr_delta": -0.3513439178466797,
      "p95_psnr_delta": 0.2745300292968749,
      "hard_bottom25_psnr_delta": -0.036500282287597656,
      "easy_top25_psnr_delta": -0.019888839721679687,
      "worst10pct_mean_psnr_delta": -0.40571397145589194,
      "best10pct_mean_psnr_delta": 0.30474704106648765,
      "worst10img_mean_psnr_delta": -0.6890621185302734,
      "best10img_mean_psnr_delta": 0.49446907043457033,
      "worst10_mean_psnr_delta": -0.40571397145589194,
      "best10_mean_psnr_delta": 0.30474704106648765,
      "mean_ssim_delta": -2.2336045900980632e-05,
      "positive_ratio": 0.47,
      "strong_reference_cut_psnr": 42.755948066711426,
      "strong_reference_count": 150,
      "strong_regression_count_delta_le_-0.05": 45,
      "worst_regression_count_delta_le_-0.20": 103
    },
    {
      "label": "normal",
      "train_depth": "invert",
      "eval_depth": "normal",
      "compare_dir": "/sda/home/wangyuxin/ConvIR-B/repos/ConvIR-B-dta-v3-dapc-finetune-v33-routerfusion/experience_docx/experiment_logs/haze4k_dta_v3_dapc_20260611/dta_v3_3_v33_routerfusion_d3_router_seed3407_f0_triage5full_fallback_normal_compare",
      "common_count": 600,
      "mean_psnr_delta": -0.027991520563761394,
      "median_psnr_delta": -0.011720657348632812,
      "p5_psnr_delta": -0.3538845062255859,
      "p95_psnr_delta": 0.26855278015136674,
      "hard_bottom25_psnr_delta": -0.03674747467041015,
      "easy_top25_psnr_delta": -0.020726852416992188,
      "worst10pct_mean_psnr_delta": -0.4048969268798828,
      "best10pct_mean_psnr_delta": 0.30293232599894204,
      "worst10img_mean_psnr_delta": -0.6760379791259765,
      "best10img_mean_psnr_delta": 0.4866313934326172,
      "worst10_mean_psnr_delta": -0.4048969268798828,
      "best10_mean_psnr_delta": 0.30293232599894204,
      "mean_ssim_delta": -2.1555920441945393e-05,
      "positive_ratio": 0.47333333333333333,
      "strong_reference_cut_psnr": 42.755948066711426,
      "strong_reference_count": 150,
      "strong_regression_count_delta_le_-0.05": 48,
      "worst_regression_count_delta_le_-0.20": 101
    }
  ],
  "attribution": {
    "true_label": "true",
    "baseline_label": "zero",
    "common_count": 600,
    "mean_depth_surplus_psnr": 0.03188094139099121,
    "median_depth_surplus_psnr": 0.021739959716796875,
    "positive_surplus_ratio": 0.6283333333333333
  }
}
