{
  "runs": [
    {
      "label": "true",
      "train_depth": "invert",
      "eval_depth": "invert",
      "compare_dir": "/sda/home/wangyuxin/ConvIR-B/repos/ConvIR-B-dta-v3-dapc-finetune-v33-routerfusion/experience_docx/experiment_logs/haze4k_dta_v3_dapc_20260611/dta_v3_3_v33_routerfusion_d3_router_seed3411_f1_triage5full_gt_invert_compare",
      "common_count": 600,
      "mean_psnr_delta": -0.008420686721801757,
      "median_psnr_delta": -0.0062541961669921875,
      "p5_psnr_delta": -0.32679042816162107,
      "p95_psnr_delta": 0.30731315612792953,
      "hard_bottom25_psnr_delta": -0.00418145497639974,
      "easy_top25_psnr_delta": 0.010201670328776042,
      "worst10pct_mean_psnr_delta": -0.3948288599650065,
      "best10pct_mean_psnr_delta": 0.3506789525349935,
      "worst10img_mean_psnr_delta": -0.7586475372314453,
      "best10img_mean_psnr_delta": 0.5716163635253906,
      "worst10_mean_psnr_delta": -0.3948288599650065,
      "best10_mean_psnr_delta": 0.3506789525349935,
      "mean_ssim_delta": -7.904469966888428e-06,
      "positive_ratio": 0.4866666666666667,
      "strong_reference_cut_psnr": 42.834919929504395,
      "strong_reference_count": 150,
      "strong_regression_count_delta_le_-0.05": 52,
      "worst_regression_count_delta_le_-0.20": 78
    },
    {
      "label": "zero",
      "train_depth": "invert",
      "eval_depth": "zero",
      "compare_dir": "/sda/home/wangyuxin/ConvIR-B/repos/ConvIR-B-dta-v3-dapc-finetune-v33-routerfusion/experience_docx/experiment_logs/haze4k_dta_v3_dapc_20260611/dta_v3_3_v33_routerfusion_d3_router_seed3411_f1_triage5full_gt_zero_compare",
      "common_count": 600,
      "mean_psnr_delta": -0.03838765144348145,
      "median_psnr_delta": -0.03653717041015625,
      "p5_psnr_delta": -0.3017698287963867,
      "p95_psnr_delta": 0.22545757293701163,
      "hard_bottom25_psnr_delta": -0.033604520161946615,
      "easy_top25_psnr_delta": -0.025990651448567707,
      "worst10pct_mean_psnr_delta": -0.34175987243652345,
      "best10pct_mean_psnr_delta": 0.24435437520345052,
      "worst10img_mean_psnr_delta": -0.5653167724609375,
      "best10img_mean_psnr_delta": 0.3871913909912109,
      "worst10_mean_psnr_delta": -0.34175987243652345,
      "best10_mean_psnr_delta": 0.24435437520345052,
      "mean_ssim_delta": -5.244712034861246e-06,
      "positive_ratio": 0.385,
      "strong_reference_cut_psnr": 42.834919929504395,
      "strong_reference_count": 150,
      "strong_regression_count_delta_le_-0.05": 58,
      "worst_regression_count_delta_le_-0.20": 70
    },
    {
      "label": "shuffle",
      "train_depth": "invert",
      "eval_depth": "shuffle",
      "compare_dir": "/sda/home/wangyuxin/ConvIR-B/repos/ConvIR-B-dta-v3-dapc-finetune-v33-routerfusion/experience_docx/experiment_logs/haze4k_dta_v3_dapc_20260611/dta_v3_3_v33_routerfusion_d3_router_seed3411_f1_triage5full_gt_shuffle_compare",
      "common_count": 600,
      "mean_psnr_delta": -0.03449036598205566,
      "median_psnr_delta": -0.033905029296875,
      "p5_psnr_delta": -0.2951839447021484,
      "p95_psnr_delta": 0.2295150756835937,
      "hard_bottom25_psnr_delta": -0.030141766866048178,
      "easy_top25_psnr_delta": -0.021566060384114582,
      "worst10pct_mean_psnr_delta": -0.34181315104166665,
      "best10pct_mean_psnr_delta": 0.2521031061808268,
      "worst10img_mean_psnr_delta": -0.58309326171875,
      "best10img_mean_psnr_delta": 0.3973258972167969,
      "worst10_mean_psnr_delta": -0.34181315104166665,
      "best10_mean_psnr_delta": 0.2521031061808268,
      "mean_ssim_delta": -4.9644708633422855e-06,
      "positive_ratio": 0.3933333333333333,
      "strong_reference_cut_psnr": 42.834919929504395,
      "strong_reference_count": 150,
      "strong_regression_count_delta_le_-0.05": 56,
      "worst_regression_count_delta_le_-0.20": 72
    },
    {
      "label": "normal",
      "train_depth": "invert",
      "eval_depth": "normal",
      "compare_dir": "/sda/home/wangyuxin/ConvIR-B/repos/ConvIR-B-dta-v3-dapc-finetune-v33-routerfusion/experience_docx/experiment_logs/haze4k_dta_v3_dapc_20260611/dta_v3_3_v33_routerfusion_d3_router_seed3411_f1_triage5full_gt_normal_compare",
      "common_count": 600,
      "mean_psnr_delta": -0.03546025276184082,
      "median_psnr_delta": -0.03548240661621094,
      "p5_psnr_delta": -0.2965221405029297,
      "p95_psnr_delta": 0.23030261993408194,
      "hard_bottom25_psnr_delta": -0.032727622985839845,
      "easy_top25_psnr_delta": -0.02021807352701823,
      "worst10pct_mean_psnr_delta": -0.34274921417236326,
      "best10pct_mean_psnr_delta": 0.2484799067179362,
      "worst10img_mean_psnr_delta": -0.5875137329101563,
      "best10img_mean_psnr_delta": 0.38716773986816405,
      "worst10_mean_psnr_delta": -0.34274921417236326,
      "best10_mean_psnr_delta": 0.2484799067179362,
      "mean_ssim_delta": -4.199544588724772e-06,
      "positive_ratio": 0.39666666666666667,
      "strong_reference_cut_psnr": 42.834919929504395,
      "strong_reference_count": 150,
      "strong_regression_count_delta_le_-0.05": 55,
      "worst_regression_count_delta_le_-0.20": 67
    }
  ],
  "attribution": {
    "true_label": "true",
    "baseline_label": "zero",
    "common_count": 600,
    "mean_depth_surplus_psnr": 0.029966964721679687,
    "median_depth_surplus_psnr": 0.024051666259765625,
    "positive_surplus_ratio": 0.6233333333333333
  }
}
