{
  "runs": [
    {
      "label": "true",
      "train_depth": "invert",
      "eval_depth": "invert",
      "compare_dir": "/sda/home/wangyuxin/ConvIR-B/repos/ConvIR-B-dta-v3-dapc-finetune-v33-routerfusion/experience_docx/experiment_logs/haze4k_dta_v3_dapc_20260611/dta_v3_3_v33_routerfusion_d2_lowphys_seed3407_f1_triage5full_fallback_invert_compare",
      "common_count": 600,
      "mean_psnr_delta": 0.07287977536519369,
      "median_psnr_delta": 0.07407760620117188,
      "p5_psnr_delta": -0.4250286102294922,
      "p95_psnr_delta": 0.505037498474121,
      "hard_bottom25_psnr_delta": 0.08645633697509765,
      "easy_top25_psnr_delta": 0.038796946207682294,
      "worst10pct_mean_psnr_delta": -0.4551025390625,
      "best10pct_mean_psnr_delta": 0.5549587885538737,
      "worst10img_mean_psnr_delta": -0.781683349609375,
      "best10img_mean_psnr_delta": 0.868039321899414,
      "worst10_mean_psnr_delta": -0.4551025390625,
      "best10_mean_psnr_delta": 0.5549587885538737,
      "mean_ssim_delta": -6.0387452443440755e-06,
      "positive_ratio": 0.63,
      "strong_reference_cut_psnr": 42.834919929504395,
      "strong_reference_count": 150,
      "strong_regression_count_delta_le_-0.05": 49,
      "worst_regression_count_delta_le_-0.20": 81
    },
    {
      "label": "zero",
      "train_depth": "invert",
      "eval_depth": "zero",
      "compare_dir": "/sda/home/wangyuxin/ConvIR-B/repos/ConvIR-B-dta-v3-dapc-finetune-v33-routerfusion/experience_docx/experiment_logs/haze4k_dta_v3_dapc_20260611/dta_v3_3_v33_routerfusion_d2_lowphys_seed3407_f1_triage5full_fallback_zero_compare",
      "common_count": 600,
      "mean_psnr_delta": 0.02126243273417155,
      "median_psnr_delta": 0.014492034912109375,
      "p5_psnr_delta": -0.1760610580444336,
      "p95_psnr_delta": 0.21845226287841757,
      "hard_bottom25_psnr_delta": 0.029206453959147137,
      "easy_top25_psnr_delta": 0.0013762919108072918,
      "worst10pct_mean_psnr_delta": -0.2050376574198405,
      "best10pct_mean_psnr_delta": 0.2559698740641276,
      "worst10img_mean_psnr_delta": -0.3668998718261719,
      "best10img_mean_psnr_delta": 0.40300788879394533,
      "worst10_mean_psnr_delta": -0.2050376574198405,
      "best10_mean_psnr_delta": 0.2559698740641276,
      "mean_ssim_delta": -2.2022624810536704e-05,
      "positive_ratio": 0.5683333333333334,
      "strong_reference_cut_psnr": 42.834919929504395,
      "strong_reference_count": 150,
      "strong_regression_count_delta_le_-0.05": 51,
      "worst_regression_count_delta_le_-0.20": 19
    },
    {
      "label": "shuffle",
      "train_depth": "invert",
      "eval_depth": "shuffle",
      "compare_dir": "/sda/home/wangyuxin/ConvIR-B/repos/ConvIR-B-dta-v3-dapc-finetune-v33-routerfusion/experience_docx/experiment_logs/haze4k_dta_v3_dapc_20260611/dta_v3_3_v33_routerfusion_d2_lowphys_seed3407_f1_triage5full_fallback_shuffle_compare",
      "common_count": 600,
      "mean_psnr_delta": 0.025874576568603515,
      "median_psnr_delta": 0.021638870239257812,
      "p5_psnr_delta": -0.20756759643554687,
      "p95_psnr_delta": 0.26590080261230453,
      "hard_bottom25_psnr_delta": 0.03187797546386719,
      "easy_top25_psnr_delta": 0.009121246337890625,
      "worst10pct_mean_psnr_delta": -0.24870697657267252,
      "best10pct_mean_psnr_delta": 0.2937091509501139,
      "worst10img_mean_psnr_delta": -0.4492839813232422,
      "best10img_mean_psnr_delta": 0.4382915496826172,
      "worst10_mean_psnr_delta": -0.24870697657267252,
      "best10_mean_psnr_delta": 0.2937091509501139,
      "mean_ssim_delta": -1.1728207270304363e-05,
      "positive_ratio": 0.565,
      "strong_reference_cut_psnr": 42.834919929504395,
      "strong_reference_count": 150,
      "strong_regression_count_delta_le_-0.05": 48,
      "worst_regression_count_delta_le_-0.20": 33
    },
    {
      "label": "normal",
      "train_depth": "invert",
      "eval_depth": "normal",
      "compare_dir": "/sda/home/wangyuxin/ConvIR-B/repos/ConvIR-B-dta-v3-dapc-finetune-v33-routerfusion/experience_docx/experiment_logs/haze4k_dta_v3_dapc_20260611/dta_v3_3_v33_routerfusion_d2_lowphys_seed3407_f1_triage5full_fallback_normal_compare",
      "common_count": 600,
      "mean_psnr_delta": 0.023717660903930664,
      "median_psnr_delta": 0.020782470703125,
      "p5_psnr_delta": -0.1840221405029297,
      "p95_psnr_delta": 0.25895309448242176,
      "hard_bottom25_psnr_delta": 0.026264737447102865,
      "easy_top25_psnr_delta": 0.014819081624348958,
      "worst10pct_mean_psnr_delta": -0.22903099060058593,
      "best10pct_mean_psnr_delta": 0.2887451171875,
      "worst10img_mean_psnr_delta": -0.4130035400390625,
      "best10img_mean_psnr_delta": 0.440093994140625,
      "worst10_mean_psnr_delta": -0.22903099060058593,
      "best10_mean_psnr_delta": 0.2887451171875,
      "mean_ssim_delta": -6.7115823427836104e-06,
      "positive_ratio": 0.5633333333333334,
      "strong_reference_cut_psnr": 42.834919929504395,
      "strong_reference_count": 150,
      "strong_regression_count_delta_le_-0.05": 51,
      "worst_regression_count_delta_le_-0.20": 24
    }
  ],
  "attribution": {
    "true_label": "true",
    "baseline_label": "zero",
    "common_count": 600,
    "mean_depth_surplus_psnr": 0.051617342631022134,
    "median_depth_surplus_psnr": 0.05660247802734375,
    "positive_surplus_ratio": 0.6416666666666667
  }
}
