{
  "runs": [
    {
      "label": "true",
      "train_depth": "invert",
      "eval_depth": "invert",
      "compare_dir": "/home/caozhiyang/ConvIR-B/repos/ConvIR-B-dta-v3-4-fdf-tsr-finetune/experience_docx/experiment_logs/haze4k_dta_v3_dapc_20260611/dta_v3_4_v34_fdf_tsr_e1_feature_only_seed3407_f1_quick5full_fallback_train_invert_compare",
      "common_count": 600,
      "mean_psnr_delta": 0.11425116539001465,
      "median_psnr_delta": 0.10177803039550781,
      "p5_psnr_delta": -0.5461389541625976,
      "p95_psnr_delta": 0.7855215072631831,
      "hard_bottom25_psnr_delta": 0.11419572194417317,
      "easy_top25_psnr_delta": 0.06106048583984375,
      "worst10pct_mean_psnr_delta": -0.5999509175618489,
      "best10pct_mean_psnr_delta": 0.8512824376424154,
      "worst10img_mean_psnr_delta": -0.976373291015625,
      "best10img_mean_psnr_delta": 1.2161727905273438,
      "worst10_mean_psnr_delta": -0.5999509175618489,
      "best10_mean_psnr_delta": 0.8512824376424154,
      "mean_ssim_delta": 3.449449936548869e-05,
      "positive_ratio": 0.6366666666666667,
      "strong_reference_cut_psnr": 42.84021854400635,
      "strong_reference_count": 150,
      "strong_regression_count_delta_le_-0.05": 64,
      "worst_regression_count_delta_le_-0.20": 100
    },
    {
      "label": "zero",
      "train_depth": "invert",
      "eval_depth": "zero",
      "compare_dir": "/home/caozhiyang/ConvIR-B/repos/ConvIR-B-dta-v3-4-fdf-tsr-finetune/experience_docx/experiment_logs/haze4k_dta_v3_dapc_20260611/dta_v3_4_v34_fdf_tsr_e1_feature_only_seed3407_f1_quick5full_fallback_train_zero_compare",
      "common_count": 600,
      "mean_psnr_delta": -0.13637325604756673,
      "median_psnr_delta": -0.12114524841308594,
      "p5_psnr_delta": -0.7889667510986328,
      "p95_psnr_delta": 0.4356430053710932,
      "hard_bottom25_psnr_delta": -0.12914269765218098,
      "easy_top25_psnr_delta": -0.10284456888834635,
      "worst10pct_mean_psnr_delta": -0.8208853403727213,
      "best10pct_mean_psnr_delta": 0.48817005157470705,
      "worst10img_mean_psnr_delta": -1.153863525390625,
      "best10img_mean_psnr_delta": 0.8694107055664062,
      "worst10_mean_psnr_delta": -0.8208853403727213,
      "best10_mean_psnr_delta": 0.48817005157470705,
      "mean_ssim_delta": -8.037308851877849e-05,
      "positive_ratio": 0.34,
      "strong_reference_cut_psnr": 42.84021854400635,
      "strong_reference_count": 150,
      "strong_regression_count_delta_le_-0.05": 90,
      "worst_regression_count_delta_le_-0.20": 230
    },
    {
      "label": "shuffle",
      "train_depth": "invert",
      "eval_depth": "shuffle",
      "compare_dir": "/home/caozhiyang/ConvIR-B/repos/ConvIR-B-dta-v3-4-fdf-tsr-finetune/experience_docx/experiment_logs/haze4k_dta_v3_dapc_20260611/dta_v3_4_v34_fdf_tsr_e1_feature_only_seed3407_f1_quick5full_fallback_train_shuffle_compare",
      "common_count": 600,
      "mean_psnr_delta": -0.10365521748860677,
      "median_psnr_delta": -0.10921096801757812,
      "p5_psnr_delta": -0.6860107421875,
      "p95_psnr_delta": 0.44027004241943324,
      "hard_bottom25_psnr_delta": -0.13161832173665364,
      "easy_top25_psnr_delta": -0.038049418131510415,
      "worst10pct_mean_psnr_delta": -0.7247089385986328,
      "best10pct_mean_psnr_delta": 0.5121460596720377,
      "worst10img_mean_psnr_delta": -1.1051506042480468,
      "best10img_mean_psnr_delta": 0.9862056732177734,
      "worst10_mean_psnr_delta": -0.7247089385986328,
      "best10_mean_psnr_delta": 0.5121460596720377,
      "mean_ssim_delta": -4.4481754302978514e-05,
      "positive_ratio": 0.35,
      "strong_reference_cut_psnr": 42.84021854400635,
      "strong_reference_count": 150,
      "strong_regression_count_delta_le_-0.05": 74,
      "worst_regression_count_delta_le_-0.20": 211
    },
    {
      "label": "normal",
      "train_depth": "invert",
      "eval_depth": "normal",
      "compare_dir": "/home/caozhiyang/ConvIR-B/repos/ConvIR-B-dta-v3-4-fdf-tsr-finetune/experience_docx/experiment_logs/haze4k_dta_v3_dapc_20260611/dta_v3_4_v34_fdf_tsr_e1_feature_only_seed3407_f1_quick5full_fallback_train_normal_compare",
      "common_count": 600,
      "mean_psnr_delta": -0.14505351702372232,
      "median_psnr_delta": -0.1357440948486328,
      "p5_psnr_delta": -0.7576271057128906,
      "p95_psnr_delta": 0.45192775726318285,
      "hard_bottom25_psnr_delta": -0.17868157704671225,
      "easy_top25_psnr_delta": -0.04636899312337239,
      "worst10pct_mean_psnr_delta": -0.8072471618652344,
      "best10pct_mean_psnr_delta": 0.5092219670613607,
      "worst10img_mean_psnr_delta": -1.1875770568847657,
      "best10img_mean_psnr_delta": 0.9689640045166016,
      "worst10_mean_psnr_delta": -0.8072471618652344,
      "best10_mean_psnr_delta": 0.5092219670613607,
      "mean_ssim_delta": -5.621035893758138e-05,
      "positive_ratio": 0.30833333333333335,
      "strong_reference_cut_psnr": 42.84021854400635,
      "strong_reference_count": 150,
      "strong_regression_count_delta_le_-0.05": 79,
      "worst_regression_count_delta_le_-0.20": 249
    }
  ],
  "attribution": {
    "true_label": "true",
    "baseline_label": "zero",
    "common_count": 600,
    "mean_depth_surplus_psnr": 0.2506244214375814,
    "median_depth_surplus_psnr": 0.2504158020019531,
    "positive_surplus_ratio": 0.735
  }
}