{
  "runs": [
    {
      "label": "true",
      "train_depth": "invert",
      "eval_depth": "invert",
      "compare_dir": "/sda/home/wangyuxin/ConvIR-B/repos/ConvIR-B-dta-v3-dapc-finetune-v33-routerfusion/experience_docx/experiment_logs/haze4k_dta_v3_dapc_20260611/dta_v3_3_v33_routerfusion_d2_lowphys_seed3411_f0_triage5full_fallback_invert_compare",
      "common_count": 600,
      "mean_psnr_delta": 0.10464644432067871,
      "median_psnr_delta": 0.08653640747070312,
      "p5_psnr_delta": -0.3591306686401367,
      "p95_psnr_delta": 0.6406076431274408,
      "hard_bottom25_psnr_delta": 0.10998645782470703,
      "easy_top25_psnr_delta": 0.07797757466634114,
      "worst10pct_mean_psnr_delta": -0.3974781036376953,
      "best10pct_mean_psnr_delta": 0.6543005625406901,
      "worst10img_mean_psnr_delta": -0.6776779174804688,
      "best10img_mean_psnr_delta": 0.9063655853271484,
      "worst10_mean_psnr_delta": -0.3974781036376953,
      "best10_mean_psnr_delta": 0.6543005625406901,
      "mean_ssim_delta": 1.432865858078003e-05,
      "positive_ratio": 0.67,
      "strong_reference_cut_psnr": 42.755948066711426,
      "strong_reference_count": 150,
      "strong_regression_count_delta_le_-0.05": 51,
      "worst_regression_count_delta_le_-0.20": 64
    },
    {
      "label": "zero",
      "train_depth": "invert",
      "eval_depth": "zero",
      "compare_dir": "/sda/home/wangyuxin/ConvIR-B/repos/ConvIR-B-dta-v3-dapc-finetune-v33-routerfusion/experience_docx/experiment_logs/haze4k_dta_v3_dapc_20260611/dta_v3_3_v33_routerfusion_d2_lowphys_seed3411_f0_triage5full_fallback_zero_compare",
      "common_count": 600,
      "mean_psnr_delta": 0.046749086380004884,
      "median_psnr_delta": 0.04287910461425781,
      "p5_psnr_delta": -0.16070251464843752,
      "p95_psnr_delta": 0.28535842895507785,
      "hard_bottom25_psnr_delta": 0.07017696380615235,
      "easy_top25_psnr_delta": 0.018754348754882813,
      "worst10pct_mean_psnr_delta": -0.17712999979654948,
      "best10pct_mean_psnr_delta": 0.29860350290934246,
      "worst10img_mean_psnr_delta": -0.2993114471435547,
      "best10img_mean_psnr_delta": 0.43064346313476565,
      "worst10_mean_psnr_delta": -0.17712999979654948,
      "best10_mean_psnr_delta": 0.29860350290934246,
      "mean_ssim_delta": -2.046028772989909e-06,
      "positive_ratio": 0.665,
      "strong_reference_cut_psnr": 42.755948066711426,
      "strong_reference_count": 150,
      "strong_regression_count_delta_le_-0.05": 39,
      "worst_regression_count_delta_le_-0.20": 14
    },
    {
      "label": "shuffle",
      "train_depth": "invert",
      "eval_depth": "shuffle",
      "compare_dir": "/sda/home/wangyuxin/ConvIR-B/repos/ConvIR-B-dta-v3-dapc-finetune-v33-routerfusion/experience_docx/experiment_logs/haze4k_dta_v3_dapc_20260611/dta_v3_3_v33_routerfusion_d2_lowphys_seed3411_f0_triage5full_fallback_shuffle_compare",
      "common_count": 600,
      "mean_psnr_delta": 0.05454753875732422,
      "median_psnr_delta": 0.04403495788574219,
      "p5_psnr_delta": -0.16848545074462892,
      "p95_psnr_delta": 0.3245819091796874,
      "hard_bottom25_psnr_delta": 0.06712811787923177,
      "easy_top25_psnr_delta": 0.039247843424479165,
      "worst10pct_mean_psnr_delta": -0.18817323048909504,
      "best10pct_mean_psnr_delta": 0.3423268000284831,
      "worst10img_mean_psnr_delta": -0.30153961181640626,
      "best10img_mean_psnr_delta": 0.49380645751953123,
      "worst10_mean_psnr_delta": -0.18817323048909504,
      "best10_mean_psnr_delta": 0.3423268000284831,
      "mean_ssim_delta": 7.3316693305969236e-06,
      "positive_ratio": 0.6566666666666666,
      "strong_reference_cut_psnr": 42.755948066711426,
      "strong_reference_count": 150,
      "strong_regression_count_delta_le_-0.05": 37,
      "worst_regression_count_delta_le_-0.20": 21
    },
    {
      "label": "normal",
      "train_depth": "invert",
      "eval_depth": "normal",
      "compare_dir": "/sda/home/wangyuxin/ConvIR-B/repos/ConvIR-B-dta-v3-dapc-finetune-v33-routerfusion/experience_docx/experiment_logs/haze4k_dta_v3_dapc_20260611/dta_v3_3_v33_routerfusion_d2_lowphys_seed3411_f0_triage5full_fallback_normal_compare",
      "common_count": 600,
      "mean_psnr_delta": 0.05212927182515462,
      "median_psnr_delta": 0.043369293212890625,
      "p5_psnr_delta": -0.16215400695800783,
      "p95_psnr_delta": 0.3129436492919921,
      "hard_bottom25_psnr_delta": 0.06319072723388672,
      "easy_top25_psnr_delta": 0.03827008565266927,
      "worst10pct_mean_psnr_delta": -0.1823166529337565,
      "best10pct_mean_psnr_delta": 0.32299070358276366,
      "worst10img_mean_psnr_delta": -0.3046138763427734,
      "best10img_mean_psnr_delta": 0.45522174835205076,
      "worst10_mean_psnr_delta": -0.1823166529337565,
      "best10_mean_psnr_delta": 0.32299070358276366,
      "mean_ssim_delta": 1.0956426461537679e-05,
      "positive_ratio": 0.6583333333333333,
      "strong_reference_cut_psnr": 42.755948066711426,
      "strong_reference_count": 150,
      "strong_regression_count_delta_le_-0.05": 37,
      "worst_regression_count_delta_le_-0.20": 15
    }
  ],
  "attribution": {
    "true_label": "true",
    "baseline_label": "zero",
    "common_count": 600,
    "mean_depth_surplus_psnr": 0.05789735794067383,
    "median_depth_surplus_psnr": 0.05328083038330078,
    "positive_surplus_ratio": 0.6483333333333333
  }
}
