{
  "runs": [
    {
      "label": "true",
      "train_depth": "invert",
      "eval_depth": "invert",
      "compare_dir": "/sda/home/wangyuxin/ConvIR-B/repos/ConvIR-B-dta-v3-dapc-finetune-v33-routerfusion/experience_docx/experiment_logs/haze4k_dta_v3_dapc_20260611/dta_v3_3_v33_routerfusion_d1_loss_seed3411_f1_triage5full_gt_invert_compare",
      "common_count": 600,
      "mean_psnr_delta": 0.04567548751831055,
      "median_psnr_delta": 0.043692588806152344,
      "p5_psnr_delta": -0.3339109420776367,
      "p95_psnr_delta": 0.41766872406005817,
      "hard_bottom25_psnr_delta": 0.05204060872395833,
      "easy_top25_psnr_delta": 0.042960866292317705,
      "worst10pct_mean_psnr_delta": -0.3849628448486328,
      "best10pct_mean_psnr_delta": 0.4664845148722331,
      "worst10img_mean_psnr_delta": -0.6507160186767578,
      "best10img_mean_psnr_delta": 0.7104240417480469,
      "worst10_mean_psnr_delta": -0.3849628448486328,
      "best10_mean_psnr_delta": 0.4664845148722331,
      "mean_ssim_delta": -3.1416614850362143e-06,
      "positive_ratio": 0.6083333333333333,
      "strong_reference_cut_psnr": 42.834919929504395,
      "strong_reference_count": 150,
      "strong_regression_count_delta_le_-0.05": 49,
      "worst_regression_count_delta_le_-0.20": 77
    },
    {
      "label": "zero",
      "train_depth": "invert",
      "eval_depth": "zero",
      "compare_dir": "/sda/home/wangyuxin/ConvIR-B/repos/ConvIR-B-dta-v3-dapc-finetune-v33-routerfusion/experience_docx/experiment_logs/haze4k_dta_v3_dapc_20260611/dta_v3_3_v33_routerfusion_d1_loss_seed3411_f1_triage5full_gt_zero_compare",
      "common_count": 600,
      "mean_psnr_delta": -0.009924983978271485,
      "median_psnr_delta": -0.009324073791503906,
      "p5_psnr_delta": -0.16413345336914062,
      "p95_psnr_delta": 0.1555303573608398,
      "hard_bottom25_psnr_delta": -0.0037439982096354168,
      "easy_top25_psnr_delta": -0.0043719482421875,
      "worst10pct_mean_psnr_delta": -0.18809191385904947,
      "best10pct_mean_psnr_delta": 0.16768938700358074,
      "worst10img_mean_psnr_delta": -0.30840415954589845,
      "best10img_mean_psnr_delta": 0.25812568664550783,
      "worst10_mean_psnr_delta": -0.18809191385904947,
      "best10_mean_psnr_delta": 0.16768938700358074,
      "mean_ssim_delta": -1.341561476389567e-05,
      "positive_ratio": 0.45666666666666667,
      "strong_reference_cut_psnr": 42.834919929504395,
      "strong_reference_count": 150,
      "strong_regression_count_delta_le_-0.05": 44,
      "worst_regression_count_delta_le_-0.20": 16
    },
    {
      "label": "shuffle",
      "train_depth": "invert",
      "eval_depth": "shuffle",
      "compare_dir": "/sda/home/wangyuxin/ConvIR-B/repos/ConvIR-B-dta-v3-dapc-finetune-v33-routerfusion/experience_docx/experiment_logs/haze4k_dta_v3_dapc_20260611/dta_v3_3_v33_routerfusion_d1_loss_seed3411_f1_triage5full_gt_shuffle_compare",
      "common_count": 600,
      "mean_psnr_delta": -0.005926097234090169,
      "median_psnr_delta": -0.0031147003173828125,
      "p5_psnr_delta": -0.18722705841064452,
      "p95_psnr_delta": 0.1857563018798828,
      "hard_bottom25_psnr_delta": -0.0024378077189127602,
      "easy_top25_psnr_delta": 0.0037337748209635415,
      "worst10pct_mean_psnr_delta": -0.21298936208089192,
      "best10pct_mean_psnr_delta": 0.19196612040201824,
      "worst10img_mean_psnr_delta": -0.3612194061279297,
      "best10img_mean_psnr_delta": 0.29155807495117186,
      "worst10_mean_psnr_delta": -0.21298936208089192,
      "best10_mean_psnr_delta": 0.19196612040201824,
      "mean_ssim_delta": -7.277528444925944e-06,
      "positive_ratio": 0.48333333333333334,
      "strong_reference_cut_psnr": 42.834919929504395,
      "strong_reference_count": 150,
      "strong_regression_count_delta_le_-0.05": 39,
      "worst_regression_count_delta_le_-0.20": 26
    },
    {
      "label": "normal",
      "train_depth": "invert",
      "eval_depth": "normal",
      "compare_dir": "/sda/home/wangyuxin/ConvIR-B/repos/ConvIR-B-dta-v3-dapc-finetune-v33-routerfusion/experience_docx/experiment_logs/haze4k_dta_v3_dapc_20260611/dta_v3_3_v33_routerfusion_d1_loss_seed3411_f1_triage5full_gt_normal_compare",
      "common_count": 600,
      "mean_psnr_delta": -0.008398065567016602,
      "median_psnr_delta": -0.0077342987060546875,
      "p5_psnr_delta": -0.18061542510986328,
      "p95_psnr_delta": 0.16996517181396478,
      "hard_bottom25_psnr_delta": -0.008569831848144532,
      "easy_top25_psnr_delta": 0.010158106486002605,
      "worst10pct_mean_psnr_delta": -0.21174723307291668,
      "best10pct_mean_psnr_delta": 0.1842434565226237,
      "worst10img_mean_psnr_delta": -0.37361679077148435,
      "best10img_mean_psnr_delta": 0.2685539245605469,
      "worst10_mean_psnr_delta": -0.21174723307291668,
      "best10_mean_psnr_delta": 0.1842434565226237,
      "mean_ssim_delta": -2.880096435546875e-06,
      "positive_ratio": 0.4666666666666667,
      "strong_reference_cut_psnr": 42.834919929504395,
      "strong_reference_count": 150,
      "strong_regression_count_delta_le_-0.05": 37,
      "worst_regression_count_delta_le_-0.20": 23
    }
  ],
  "attribution": {
    "true_label": "true",
    "baseline_label": "zero",
    "common_count": 600,
    "mean_depth_surplus_psnr": 0.05560047149658203,
    "median_depth_surplus_psnr": 0.058406829833984375,
    "positive_surplus_ratio": 0.6466666666666666
  }
}
