{
  "runs": [
    {
      "label": "true",
      "train_depth": "invert",
      "eval_depth": "invert",
      "compare_dir": "/sda/home/wangyuxin/ConvIR-B/repos/ConvIR-B-dta-v3-dapc-finetune-v32-safemix/experience_docx/experiment_logs/haze4k_dta_v3_dapc_20260611/dta_v3_2_v32_safemix_c1_gate_seed3407_f0_scout5full_gt_invert_compare",
      "common_count": 600,
      "mean_psnr_delta": 0.026009855270385743,
      "median_psnr_delta": 0.021436691284179688,
      "p5_psnr_delta": -0.2587427139282227,
      "p95_psnr_delta": 0.3109560012817382,
      "hard_bottom25_psnr_delta": 0.003590710957845052,
      "easy_top25_psnr_delta": 0.047711207071940105,
      "worst10pct_mean_psnr_delta": -0.28005008697509765,
      "best10pct_mean_psnr_delta": 0.33599459330240883,
      "worst10img_mean_psnr_delta": -0.45922012329101564,
      "best10img_mean_psnr_delta": 0.505413818359375,
      "worst10_mean_psnr_delta": -0.28005008697509765,
      "best10_mean_psnr_delta": 0.33599459330240883,
      "mean_ssim_delta": -2.4503370126088462e-05,
      "positive_ratio": 0.595,
      "strong_reference_cut_psnr": 42.755948066711426,
      "strong_reference_count": 150,
      "strong_regression_count_delta_le_-0.05": 36,
      "worst_regression_count_delta_le_-0.20": 46
    },
    {
      "label": "zero",
      "train_depth": "invert",
      "eval_depth": "zero",
      "compare_dir": "/sda/home/wangyuxin/ConvIR-B/repos/ConvIR-B-dta-v3-dapc-finetune-v32-safemix/experience_docx/experiment_logs/haze4k_dta_v3_dapc_20260611/dta_v3_2_v32_safemix_c1_gate_seed3407_f0_scout5full_gt_zero_compare",
      "common_count": 600,
      "mean_psnr_delta": -0.005775464375813802,
      "median_psnr_delta": 0.0025463104248046875,
      "p5_psnr_delta": -0.18828926086425782,
      "p95_psnr_delta": 0.16039257049560546,
      "hard_bottom25_psnr_delta": -0.014813791910807292,
      "easy_top25_psnr_delta": 0.010285364786783853,
      "worst10pct_mean_psnr_delta": -0.21033477783203125,
      "best10pct_mean_psnr_delta": 0.17537186940511068,
      "worst10img_mean_psnr_delta": -0.32308120727539064,
      "best10img_mean_psnr_delta": 0.2834465026855469,
      "worst10_mean_psnr_delta": -0.21033477783203125,
      "best10_mean_psnr_delta": 0.17537186940511068,
      "mean_ssim_delta": -2.3868481318155924e-05,
      "positive_ratio": 0.5116666666666667,
      "strong_reference_cut_psnr": 42.755948066711426,
      "strong_reference_count": 150,
      "strong_regression_count_delta_le_-0.05": 32,
      "worst_regression_count_delta_le_-0.20": 26
    },
    {
      "label": "shuffle",
      "train_depth": "invert",
      "eval_depth": "shuffle",
      "compare_dir": "/sda/home/wangyuxin/ConvIR-B/repos/ConvIR-B-dta-v3-dapc-finetune-v32-safemix/experience_docx/experiment_logs/haze4k_dta_v3_dapc_20260611/dta_v3_2_v32_safemix_c1_gate_seed3407_f0_scout5full_gt_shuffle_compare",
      "common_count": 600,
      "mean_psnr_delta": -0.0017743651072184244,
      "median_psnr_delta": 0.004222869873046875,
      "p5_psnr_delta": -0.19434051513671877,
      "p95_psnr_delta": 0.16590232849121087,
      "hard_bottom25_psnr_delta": -0.013639666239420574,
      "easy_top25_psnr_delta": 0.01645973205566406,
      "worst10pct_mean_psnr_delta": -0.21486047108968098,
      "best10pct_mean_psnr_delta": 0.18455244700113932,
      "worst10img_mean_psnr_delta": -0.3343067169189453,
      "best10img_mean_psnr_delta": 0.2926280975341797,
      "worst10_mean_psnr_delta": -0.21486047108968098,
      "best10_mean_psnr_delta": 0.18455244700113932,
      "mean_ssim_delta": -2.3730893929799397e-05,
      "positive_ratio": 0.52,
      "strong_reference_cut_psnr": 42.755948066711426,
      "strong_reference_count": 150,
      "strong_regression_count_delta_le_-0.05": 30,
      "worst_regression_count_delta_le_-0.20": 28
    },
    {
      "label": "normal",
      "train_depth": "invert",
      "eval_depth": "normal",
      "compare_dir": "/sda/home/wangyuxin/ConvIR-B/repos/ConvIR-B-dta-v3-dapc-finetune-v32-safemix/experience_docx/experiment_logs/haze4k_dta_v3_dapc_20260611/dta_v3_2_v32_safemix_c1_gate_seed3407_f0_scout5full_gt_normal_compare",
      "common_count": 600,
      "mean_psnr_delta": -0.002373847961425781,
      "median_psnr_delta": 0.0071125030517578125,
      "p5_psnr_delta": -0.19496917724609375,
      "p95_psnr_delta": 0.16438255310058586,
      "hard_bottom25_psnr_delta": -0.013558425903320313,
      "easy_top25_psnr_delta": 0.016049601236979166,
      "worst10pct_mean_psnr_delta": -0.2143454869588216,
      "best10pct_mean_psnr_delta": 0.1832066535949707,
      "worst10img_mean_psnr_delta": -0.32810516357421876,
      "best10img_mean_psnr_delta": 0.2933353424072266,
      "worst10_mean_psnr_delta": -0.2143454869588216,
      "best10_mean_psnr_delta": 0.1832066535949707,
      "mean_ssim_delta": -2.2841989994049074e-05,
      "positive_ratio": 0.5266666666666666,
      "strong_reference_cut_psnr": 42.755948066711426,
      "strong_reference_count": 150,
      "strong_regression_count_delta_le_-0.05": 29,
      "worst_regression_count_delta_le_-0.20": 29
    }
  ],
  "attribution": {
    "true_label": "true",
    "baseline_label": "zero",
    "common_count": 600,
    "mean_depth_surplus_psnr": 0.031785319646199545,
    "median_depth_surplus_psnr": 0.020299911499023438,
    "positive_surplus_ratio": 0.6383333333333333
  }
}