{
  "runs": [
    {
      "label": "true",
      "train_depth": "invert",
      "eval_depth": "invert",
      "compare_dir": "/sda/home/wangyuxin/ConvIR-B/repos/ConvIR-B-dta-v3-dapc-finetune-v33-routerfusion/experience_docx/experiment_logs/haze4k_dta_v3_dapc_20260611/dta_v3_3_v33_routerfusion_d2_lowphys_seed3407_f0_triage5full_gt_invert_compare",
      "common_count": 600,
      "mean_psnr_delta": 0.039894847869873046,
      "median_psnr_delta": 0.040973663330078125,
      "p5_psnr_delta": -0.40544776916503905,
      "p95_psnr_delta": 0.46038150787353493,
      "hard_bottom25_psnr_delta": 0.016895345052083333,
      "easy_top25_psnr_delta": 0.05106676737467448,
      "worst10pct_mean_psnr_delta": -0.4127536137898763,
      "best10pct_mean_psnr_delta": 0.4720272699991862,
      "worst10img_mean_psnr_delta": -0.6225376129150391,
      "best10img_mean_psnr_delta": 0.6811717987060547,
      "worst10_mean_psnr_delta": -0.4127536137898763,
      "best10_mean_psnr_delta": 0.4720272699991862,
      "mean_ssim_delta": -1.4262596766153971e-05,
      "positive_ratio": 0.5916666666666667,
      "strong_reference_cut_psnr": 42.755948066711426,
      "strong_reference_count": 150,
      "strong_regression_count_delta_le_-0.05": 49,
      "worst_regression_count_delta_le_-0.20": 94
    },
    {
      "label": "zero",
      "train_depth": "invert",
      "eval_depth": "zero",
      "compare_dir": "/sda/home/wangyuxin/ConvIR-B/repos/ConvIR-B-dta-v3-dapc-finetune-v33-routerfusion/experience_docx/experiment_logs/haze4k_dta_v3_dapc_20260611/dta_v3_3_v33_routerfusion_d2_lowphys_seed3407_f0_triage5full_gt_zero_compare",
      "common_count": 600,
      "mean_psnr_delta": -0.026469570795694987,
      "median_psnr_delta": -0.020473480224609375,
      "p5_psnr_delta": -0.24895381927490234,
      "p95_psnr_delta": 0.1799518585205078,
      "hard_bottom25_psnr_delta": -0.024357185363769532,
      "easy_top25_psnr_delta": -0.031246693929036458,
      "worst10pct_mean_psnr_delta": -0.2732162157694499,
      "best10pct_mean_psnr_delta": 0.19488004048665364,
      "worst10img_mean_psnr_delta": -0.4293842315673828,
      "best10img_mean_psnr_delta": 0.31381988525390625,
      "worst10_mean_psnr_delta": -0.2732162157694499,
      "best10_mean_psnr_delta": 0.19488004048665364,
      "mean_ssim_delta": -3.344506025314331e-05,
      "positive_ratio": 0.41833333333333333,
      "strong_reference_cut_psnr": 42.755948066711426,
      "strong_reference_count": 150,
      "strong_regression_count_delta_le_-0.05": 47,
      "worst_regression_count_delta_le_-0.20": 51
    },
    {
      "label": "shuffle",
      "train_depth": "invert",
      "eval_depth": "shuffle",
      "compare_dir": "/sda/home/wangyuxin/ConvIR-B/repos/ConvIR-B-dta-v3-dapc-finetune-v33-routerfusion/experience_docx/experiment_logs/haze4k_dta_v3_dapc_20260611/dta_v3_3_v33_routerfusion_d2_lowphys_seed3407_f0_triage5full_gt_shuffle_compare",
      "common_count": 600,
      "mean_psnr_delta": -0.018011805216471354,
      "median_psnr_delta": -0.009996414184570312,
      "p5_psnr_delta": -0.2605632781982422,
      "p95_psnr_delta": 0.19723339080810523,
      "hard_bottom25_psnr_delta": -0.027951075236002605,
      "easy_top25_psnr_delta": -0.007591908772786459,
      "worst10pct_mean_psnr_delta": -0.28542728424072267,
      "best10pct_mean_psnr_delta": 0.22274119059244793,
      "worst10img_mean_psnr_delta": -0.45412330627441405,
      "best10img_mean_psnr_delta": 0.35617713928222655,
      "worst10_mean_psnr_delta": -0.28542728424072267,
      "best10_mean_psnr_delta": 0.22274119059244793,
      "mean_ssim_delta": -2.2745728492736817e-05,
      "positive_ratio": 0.45666666666666667,
      "strong_reference_cut_psnr": 42.755948066711426,
      "strong_reference_count": 150,
      "strong_regression_count_delta_le_-0.05": 41,
      "worst_regression_count_delta_le_-0.20": 55
    },
    {
      "label": "normal",
      "train_depth": "invert",
      "eval_depth": "normal",
      "compare_dir": "/sda/home/wangyuxin/ConvIR-B/repos/ConvIR-B-dta-v3-dapc-finetune-v33-routerfusion/experience_docx/experiment_logs/haze4k_dta_v3_dapc_20260611/dta_v3_3_v33_routerfusion_d2_lowphys_seed3407_f0_triage5full_gt_normal_compare",
      "common_count": 600,
      "mean_psnr_delta": -0.02086586634318034,
      "median_psnr_delta": -0.013250350952148438,
      "p5_psnr_delta": -0.24798622131347656,
      "p95_psnr_delta": 0.20513820648193348,
      "hard_bottom25_psnr_delta": -0.032127761840820314,
      "easy_top25_psnr_delta": -0.00919665018717448,
      "worst10pct_mean_psnr_delta": -0.281477419535319,
      "best10pct_mean_psnr_delta": 0.22087752024332682,
      "worst10img_mean_psnr_delta": -0.44861640930175783,
      "best10img_mean_psnr_delta": 0.3354072570800781,
      "worst10_mean_psnr_delta": -0.281477419535319,
      "best10_mean_psnr_delta": 0.22087752024332682,
      "mean_ssim_delta": -1.8923481305440268e-05,
      "positive_ratio": 0.44166666666666665,
      "strong_reference_cut_psnr": 42.755948066711426,
      "strong_reference_count": 150,
      "strong_regression_count_delta_le_-0.05": 43,
      "worst_regression_count_delta_le_-0.20": 60
    }
  ],
  "attribution": {
    "true_label": "true",
    "baseline_label": "zero",
    "common_count": 600,
    "mean_depth_surplus_psnr": 0.06636441866556804,
    "median_depth_surplus_psnr": 0.05786705017089844,
    "positive_surplus_ratio": 0.655
  }
}
