{
  "runs": [
    {
      "label": "true",
      "train_depth": "invert",
      "eval_depth": "invert",
      "compare_dir": "/sda/home/wangyuxin/ConvIR-B/repos/ConvIR-B-dta-v3-dapc-finetune-taillite/experience_docx/experiment_logs/haze4k_dta_v3_dapc_20260611/dta_v3_scout5full_depthDirectTail_wg16_tail04_s008_b12_seed3407_f0_evalinvert_compare",
      "common_count": 600,
      "mean_psnr_delta": 0.005806061426798502,
      "median_psnr_delta": 0.018199920654296875,
      "p5_psnr_delta": -0.3228281021118164,
      "p95_psnr_delta": 0.3174282073974609,
      "hard_bottom25_psnr_delta": -0.011557197570800782,
      "easy_top25_psnr_delta": 0.02921379089355469,
      "worst10pct_mean_psnr_delta": -0.3707902272542318,
      "best10pct_mean_psnr_delta": 0.33456242879231773,
      "worst10img_mean_psnr_delta": -0.6173088073730468,
      "best10img_mean_psnr_delta": 0.49679718017578123,
      "worst10_mean_psnr_delta": -0.3707902272542318,
      "best10_mean_psnr_delta": 0.33456242879231773,
      "mean_ssim_delta": -2.898454666137695e-05,
      "positive_ratio": 0.5633333333333334,
      "strong_reference_cut_psnr": 42.755948066711426,
      "strong_reference_count": 150,
      "strong_regression_count_delta_le_-0.05": 36,
      "worst_regression_count_delta_le_-0.20": 70
    },
    {
      "label": "normal",
      "train_depth": "invert",
      "eval_depth": "normal",
      "compare_dir": "/sda/home/wangyuxin/ConvIR-B/repos/ConvIR-B-dta-v3-dapc-finetune-taillite/experience_docx/experiment_logs/haze4k_dta_v3_dapc_20260611/dta_v3_scout5full_depthDirectTail_wg16_tail04_s008_b12_seed3407_f0_evalnormal_compare",
      "common_count": 600,
      "mean_psnr_delta": -0.018248062133789062,
      "median_psnr_delta": -0.0027256011962890625,
      "p5_psnr_delta": -0.2265554428100586,
      "p95_psnr_delta": 0.14264907836914054,
      "hard_bottom25_psnr_delta": -0.024753621419270833,
      "easy_top25_psnr_delta": 0.00181732177734375,
      "worst10pct_mean_psnr_delta": -0.2651572545369466,
      "best10pct_mean_psnr_delta": 0.17030216852823893,
      "worst10img_mean_psnr_delta": -0.47993621826171873,
      "best10img_mean_psnr_delta": 0.2870189666748047,
      "worst10_mean_psnr_delta": -0.2651572545369466,
      "best10_mean_psnr_delta": 0.17030216852823893,
      "mean_ssim_delta": -2.5839805603027343e-05,
      "positive_ratio": 0.4716666666666667,
      "strong_reference_cut_psnr": 42.755948066711426,
      "strong_reference_count": 150,
      "strong_regression_count_delta_le_-0.05": 31,
      "worst_regression_count_delta_le_-0.20": 40
    },
    {
      "label": "zero",
      "train_depth": "invert",
      "eval_depth": "zero",
      "compare_dir": "/sda/home/wangyuxin/ConvIR-B/repos/ConvIR-B-dta-v3-dapc-finetune-taillite/experience_docx/experiment_logs/haze4k_dta_v3_dapc_20260611/dta_v3_scout5full_depthDirectTail_wg16_tail04_s008_b12_seed3407_f0_evalzero_compare",
      "common_count": 600,
      "mean_psnr_delta": -0.02089370091756185,
      "median_psnr_delta": -0.0063800811767578125,
      "p5_psnr_delta": -0.21860160827636718,
      "p95_psnr_delta": 0.13541278839111323,
      "hard_bottom25_psnr_delta": -0.024523569742838543,
      "easy_top25_psnr_delta": -0.0039886474609375,
      "worst10pct_mean_psnr_delta": -0.25502134958902994,
      "best10pct_mean_psnr_delta": 0.15889199574788412,
      "worst10img_mean_psnr_delta": -0.4598819732666016,
      "best10img_mean_psnr_delta": 0.27593002319335935,
      "worst10_mean_psnr_delta": -0.25502134958902994,
      "best10_mean_psnr_delta": 0.15889199574788412,
      "mean_ssim_delta": -2.6793479919433593e-05,
      "positive_ratio": 0.4533333333333333,
      "strong_reference_cut_psnr": 42.755948066711426,
      "strong_reference_count": 150,
      "strong_regression_count_delta_le_-0.05": 33,
      "worst_regression_count_delta_le_-0.20": 34
    },
    {
      "label": "shuffle",
      "train_depth": "invert",
      "eval_depth": "shuffle",
      "compare_dir": "/sda/home/wangyuxin/ConvIR-B/repos/ConvIR-B-dta-v3-dapc-finetune-taillite/experience_docx/experiment_logs/haze4k_dta_v3_dapc_20260611/dta_v3_scout5full_depthDirectTail_wg16_tail04_s008_b12_seed3407_f0_evalshuffle_compare",
      "common_count": 600,
      "mean_psnr_delta": -0.017624457677205402,
      "median_psnr_delta": -0.003177642822265625,
      "p5_psnr_delta": -0.22898464202880858,
      "p95_psnr_delta": 0.15008945465087872,
      "hard_bottom25_psnr_delta": -0.024706382751464844,
      "easy_top25_psnr_delta": 0.0021601104736328125,
      "worst10pct_mean_psnr_delta": -0.2704098383585612,
      "best10pct_mean_psnr_delta": 0.1750285784403483,
      "worst10img_mean_psnr_delta": -0.4814781188964844,
      "best10img_mean_psnr_delta": 0.2964618682861328,
      "worst10_mean_psnr_delta": -0.2704098383585612,
      "best10_mean_psnr_delta": 0.1750285784403483,
      "mean_ssim_delta": -2.6845335960388183e-05,
      "positive_ratio": 0.4816666666666667,
      "strong_reference_cut_psnr": 42.755948066711426,
      "strong_reference_count": 150,
      "strong_regression_count_delta_le_-0.05": 32,
      "worst_regression_count_delta_le_-0.20": 41
    }
  ],
  "attribution": {
    "true_label": "true",
    "baseline_label": "zero",
    "common_count": 600,
    "mean_depth_surplus_psnr": 0.02669976234436035,
    "median_depth_surplus_psnr": 0.016828536987304688,
    "positive_surplus_ratio": 0.6216666666666667
  }
}