{
  "runs": [
    {
      "label": "invert",
      "train_depth": "shuffle",
      "eval_depth": "invert",
      "compare_dir": "/sda/home/wangyuxin/ConvIR-B/repos/ConvIR-B-dta-v3-dapc-finetune-depthdirect/experience_docx/experiment_logs/haze4k_dta_v3_dapc_20260611/dta_v3_scout5full_depthDirect_shuffle_seed3407_f0_evalinvert_compare",
      "common_count": 600,
      "mean_psnr_delta": -0.002643880844116211,
      "median_psnr_delta": 0.0065441131591796875,
      "p5_psnr_delta": -0.3476421356201172,
      "p95_psnr_delta": 0.32124938964843724,
      "hard_bottom25_psnr_delta": -0.022752825419108072,
      "easy_top25_psnr_delta": 0.02443036397298177,
      "worst10pct_mean_psnr_delta": -0.39811712900797525,
      "best10pct_mean_psnr_delta": 0.3493813514709473,
      "worst10img_mean_psnr_delta": -0.6464645385742187,
      "best10img_mean_psnr_delta": 0.5240554809570312,
      "worst10_mean_psnr_delta": -0.39811712900797525,
      "best10_mean_psnr_delta": 0.3493813514709473,
      "mean_ssim_delta": -3.933161497116089e-05,
      "positive_ratio": 0.53,
      "strong_reference_cut_psnr": 42.755948066711426,
      "strong_reference_count": 150,
      "strong_regression_count_delta_le_-0.05": 42,
      "worst_regression_count_delta_le_-0.20": 78
    },
    {
      "label": "normal",
      "train_depth": "shuffle",
      "eval_depth": "normal",
      "compare_dir": "/sda/home/wangyuxin/ConvIR-B/repos/ConvIR-B-dta-v3-dapc-finetune-depthdirect/experience_docx/experiment_logs/haze4k_dta_v3_dapc_20260611/dta_v3_scout5full_depthDirect_shuffle_seed3407_f0_evalnormal_compare",
      "common_count": 600,
      "mean_psnr_delta": -0.0037912432352701824,
      "median_psnr_delta": 0.008455276489257812,
      "p5_psnr_delta": -0.3323200225830078,
      "p95_psnr_delta": 0.27330474853515574,
      "hard_bottom25_psnr_delta": -0.01922294616699219,
      "easy_top25_psnr_delta": 0.02008079528808594,
      "worst10pct_mean_psnr_delta": -0.3597036997477214,
      "best10pct_mean_psnr_delta": 0.29803765614827477,
      "worst10img_mean_psnr_delta": -0.5952949523925781,
      "best10img_mean_psnr_delta": 0.44149436950683596,
      "worst10_mean_psnr_delta": -0.3597036997477214,
      "best10_mean_psnr_delta": 0.29803765614827477,
      "mean_ssim_delta": -3.6185383796691896e-05,
      "positive_ratio": 0.5366666666666666,
      "strong_reference_cut_psnr": 42.755948066711426,
      "strong_reference_count": 150,
      "strong_regression_count_delta_le_-0.05": 37,
      "worst_regression_count_delta_le_-0.20": 72
    },
    {
      "label": "zero",
      "train_depth": "shuffle",
      "eval_depth": "zero",
      "compare_dir": "/sda/home/wangyuxin/ConvIR-B/repos/ConvIR-B-dta-v3-dapc-finetune-depthdirect/experience_docx/experiment_logs/haze4k_dta_v3_dapc_20260611/dta_v3_scout5full_depthDirect_shuffle_seed3407_f0_evalzero_compare",
      "common_count": 600,
      "mean_psnr_delta": -0.0022324975331624347,
      "median_psnr_delta": 0.0076770782470703125,
      "p5_psnr_delta": -0.32277603149414064,
      "p95_psnr_delta": 0.2833303451538081,
      "hard_bottom25_psnr_delta": -0.01931227366129557,
      "easy_top25_psnr_delta": 0.021957244873046875,
      "worst10pct_mean_psnr_delta": -0.367219352722168,
      "best10pct_mean_psnr_delta": 0.3107102076212565,
      "worst10img_mean_psnr_delta": -0.6052684783935547,
      "best10img_mean_psnr_delta": 0.45802879333496094,
      "worst10_mean_psnr_delta": -0.367219352722168,
      "best10_mean_psnr_delta": 0.3107102076212565,
      "mean_ssim_delta": -3.4609635670979816e-05,
      "positive_ratio": 0.545,
      "strong_reference_cut_psnr": 42.755948066711426,
      "strong_reference_count": 150,
      "strong_regression_count_delta_le_-0.05": 38,
      "worst_regression_count_delta_le_-0.20": 71
    },
    {
      "label": "true",
      "train_depth": "shuffle",
      "eval_depth": "shuffle",
      "compare_dir": "/sda/home/wangyuxin/ConvIR-B/repos/ConvIR-B-dta-v3-dapc-finetune-depthdirect/experience_docx/experiment_logs/haze4k_dta_v3_dapc_20260611/dta_v3_scout5full_depthDirect_shuffle_seed3407_f0_evalshuffle_compare",
      "common_count": 600,
      "mean_psnr_delta": -0.00468711535135905,
      "median_psnr_delta": 0.0065631866455078125,
      "p5_psnr_delta": -0.32055187225341797,
      "p95_psnr_delta": 0.2713941574096677,
      "hard_bottom25_psnr_delta": -0.020713539123535157,
      "easy_top25_psnr_delta": 0.018558858235677083,
      "worst10pct_mean_psnr_delta": -0.3569064458211263,
      "best10pct_mean_psnr_delta": 0.2950434366861979,
      "worst10img_mean_psnr_delta": -0.592586898803711,
      "best10img_mean_psnr_delta": 0.4375812530517578,
      "worst10_mean_psnr_delta": -0.3569064458211263,
      "best10_mean_psnr_delta": 0.2950434366861979,
      "mean_ssim_delta": -3.603458404541015e-05,
      "positive_ratio": 0.535,
      "strong_reference_cut_psnr": 42.755948066711426,
      "strong_reference_count": 150,
      "strong_regression_count_delta_le_-0.05": 39,
      "worst_regression_count_delta_le_-0.20": 69
    }
  ],
  "attribution": {
    "true_label": "true",
    "baseline_label": "zero",
    "common_count": 600,
    "mean_depth_surplus_psnr": -0.0024546178181966147,
    "median_depth_surplus_psnr": -0.0019893646240234375,
    "positive_surplus_ratio": 0.395
  }
}