{
  "runs": [
    {
      "label": "true",
      "train_depth": "invert",
      "eval_depth": "invert",
      "compare_dir": "/sda/home/wangyuxin/ConvIR-B/repos/ConvIR-B-dta-v3-dapc-finetune-v32-safemix/experience_docx/experiment_logs/haze4k_dta_v3_dapc_20260611/dta_v3_2_v32_safemix_c3_full_seed3407_f0_scout5full_fallback_invert_compare",
      "common_count": 600,
      "mean_psnr_delta": 0.03163615226745606,
      "median_psnr_delta": 0.026109695434570312,
      "p5_psnr_delta": -0.27176570892333984,
      "p95_psnr_delta": 0.3405019760131835,
      "hard_bottom25_psnr_delta": 0.00930901845296224,
      "easy_top25_psnr_delta": 0.05271649678548177,
      "worst10pct_mean_psnr_delta": -0.29409440358479816,
      "best10pct_mean_psnr_delta": 0.36433540980021156,
      "worst10img_mean_psnr_delta": -0.4877475738525391,
      "best10img_mean_psnr_delta": 0.5435260772705078,
      "worst10_mean_psnr_delta": -0.29409440358479816,
      "best10_mean_psnr_delta": 0.36433540980021156,
      "mean_ssim_delta": -2.2875765959421795e-05,
      "positive_ratio": 0.6133333333333333,
      "strong_reference_cut_psnr": 42.755948066711426,
      "strong_reference_count": 150,
      "strong_regression_count_delta_le_-0.05": 38,
      "worst_regression_count_delta_le_-0.20": 48
    },
    {
      "label": "zero",
      "train_depth": "invert",
      "eval_depth": "zero",
      "compare_dir": "/sda/home/wangyuxin/ConvIR-B/repos/ConvIR-B-dta-v3-dapc-finetune-v32-safemix/experience_docx/experiment_logs/haze4k_dta_v3_dapc_20260611/dta_v3_2_v32_safemix_c3_full_seed3407_f0_scout5full_fallback_zero_compare",
      "common_count": 600,
      "mean_psnr_delta": -0.008177035649617513,
      "median_psnr_delta": 0.000400543212890625,
      "p5_psnr_delta": -0.20276126861572266,
      "p95_psnr_delta": 0.15288467407226555,
      "hard_bottom25_psnr_delta": -0.014118995666503906,
      "easy_top25_psnr_delta": 0.005110244750976562,
      "worst10pct_mean_psnr_delta": -0.2156375249226888,
      "best10pct_mean_psnr_delta": 0.17044541041056316,
      "worst10img_mean_psnr_delta": -0.3302581787109375,
      "best10img_mean_psnr_delta": 0.2827899932861328,
      "worst10_mean_psnr_delta": -0.2156375249226888,
      "best10_mean_psnr_delta": 0.17044541041056316,
      "mean_ssim_delta": -2.7893086274464923e-05,
      "positive_ratio": 0.5016666666666667,
      "strong_reference_cut_psnr": 42.755948066711426,
      "strong_reference_count": 150,
      "strong_regression_count_delta_le_-0.05": 32,
      "worst_regression_count_delta_le_-0.20": 31
    },
    {
      "label": "shuffle",
      "train_depth": "invert",
      "eval_depth": "shuffle",
      "compare_dir": "/sda/home/wangyuxin/ConvIR-B/repos/ConvIR-B-dta-v3-dapc-finetune-v32-safemix/experience_docx/experiment_logs/haze4k_dta_v3_dapc_20260611/dta_v3_2_v32_safemix_c3_full_seed3407_f0_scout5full_fallback_shuffle_compare",
      "common_count": 600,
      "mean_psnr_delta": -0.002537415822347005,
      "median_psnr_delta": 0.0026044845581054688,
      "p5_psnr_delta": -0.20011215209960936,
      "p95_psnr_delta": 0.17240924835205076,
      "hard_bottom25_psnr_delta": -0.013727493286132812,
      "easy_top25_psnr_delta": 0.016182403564453125,
      "worst10pct_mean_psnr_delta": -0.2193188985188802,
      "best10pct_mean_psnr_delta": 0.1877489407857259,
      "worst10img_mean_psnr_delta": -0.34505157470703124,
      "best10img_mean_psnr_delta": 0.29384841918945315,
      "worst10_mean_psnr_delta": -0.2193188985188802,
      "best10_mean_psnr_delta": 0.1877489407857259,
      "mean_ssim_delta": -2.427816390991211e-05,
      "positive_ratio": 0.5116666666666667,
      "strong_reference_cut_psnr": 42.755948066711426,
      "strong_reference_count": 150,
      "strong_regression_count_delta_le_-0.05": 33,
      "worst_regression_count_delta_le_-0.20": 31
    },
    {
      "label": "normal",
      "train_depth": "invert",
      "eval_depth": "normal",
      "compare_dir": "/sda/home/wangyuxin/ConvIR-B/repos/ConvIR-B-dta-v3-dapc-finetune-v32-safemix/experience_docx/experiment_logs/haze4k_dta_v3_dapc_20260611/dta_v3_2_v32_safemix_c3_full_seed3407_f0_scout5full_fallback_normal_compare",
      "common_count": 600,
      "mean_psnr_delta": -0.003556973139444987,
      "median_psnr_delta": 0.0044422149658203125,
      "p5_psnr_delta": -0.19387397766113282,
      "p95_psnr_delta": 0.16183776855468715,
      "hard_bottom25_psnr_delta": -0.014555193583170574,
      "easy_top25_psnr_delta": 0.015868733723958334,
      "worst10pct_mean_psnr_delta": -0.21759084065755208,
      "best10pct_mean_psnr_delta": 0.18334131240844725,
      "worst10img_mean_psnr_delta": -0.3354888916015625,
      "best10img_mean_psnr_delta": 0.2945579528808594,
      "worst10_mean_psnr_delta": -0.21759084065755208,
      "best10_mean_psnr_delta": 0.18334131240844725,
      "mean_ssim_delta": -2.270132303237915e-05,
      "positive_ratio": 0.5233333333333333,
      "strong_reference_cut_psnr": 42.755948066711426,
      "strong_reference_count": 150,
      "strong_regression_count_delta_le_-0.05": 31,
      "worst_regression_count_delta_le_-0.20": 29
    }
  ],
  "attribution": {
    "true_label": "true",
    "baseline_label": "zero",
    "common_count": 600,
    "mean_depth_surplus_psnr": 0.03981318791707357,
    "median_depth_surplus_psnr": 0.02812957763671875,
    "positive_surplus_ratio": 0.645
  }
}