{
  "runs": [
    {
      "label": "true",
      "train_depth": "invert",
      "eval_depth": "invert",
      "compare_dir": "/sda/home/wangyuxin/ConvIR-B/repos/ConvIR-B-dta-v3-dapc-finetune-v33-routerfusion/experience_docx/experiment_logs/haze4k_dta_v3_dapc_20260611/dta_v3_3_v33_routerfusion_d3_router_seed3407_f0_triage5full_gt_invert_compare",
      "common_count": 600,
      "mean_psnr_delta": 0.0010871664683024089,
      "median_psnr_delta": 0.007966995239257812,
      "p5_psnr_delta": -0.3995798110961914,
      "p95_psnr_delta": 0.3740367889404295,
      "hard_bottom25_psnr_delta": -0.018039360046386718,
      "easy_top25_psnr_delta": 0.012529449462890625,
      "worst10pct_mean_psnr_delta": -0.45960330963134766,
      "best10pct_mean_psnr_delta": 0.4266558329264323,
      "worst10img_mean_psnr_delta": -0.789349365234375,
      "best10img_mean_psnr_delta": 0.6636207580566407,
      "worst10_mean_psnr_delta": -0.45960330963134766,
      "best10_mean_psnr_delta": 0.4266558329264323,
      "mean_ssim_delta": -2.2385517756144206e-05,
      "positive_ratio": 0.5183333333333333,
      "strong_reference_cut_psnr": 42.755948066711426,
      "strong_reference_count": 150,
      "strong_regression_count_delta_le_-0.05": 47,
      "worst_regression_count_delta_le_-0.20": 105
    },
    {
      "label": "zero",
      "train_depth": "invert",
      "eval_depth": "zero",
      "compare_dir": "/sda/home/wangyuxin/ConvIR-B/repos/ConvIR-B-dta-v3-dapc-finetune-v33-routerfusion/experience_docx/experiment_logs/haze4k_dta_v3_dapc_20260611/dta_v3_3_v33_routerfusion_d3_router_seed3407_f0_triage5full_gt_zero_compare",
      "common_count": 600,
      "mean_psnr_delta": -0.030794715881347655,
      "median_psnr_delta": -0.014356613159179688,
      "p5_psnr_delta": -0.3545372009277344,
      "p95_psnr_delta": 0.25914745330810507,
      "hard_bottom25_psnr_delta": -0.036980819702148435,
      "easy_top25_psnr_delta": -0.02624615987141927,
      "worst10pct_mean_psnr_delta": -0.3985989252726237,
      "best10pct_mean_psnr_delta": 0.29281463623046877,
      "worst10img_mean_psnr_delta": -0.6670951843261719,
      "best10img_mean_psnr_delta": 0.47389373779296873,
      "worst10_mean_psnr_delta": -0.3985989252726237,
      "best10_mean_psnr_delta": 0.29281463623046877,
      "mean_ssim_delta": -2.264449993769328e-05,
      "positive_ratio": 0.4666666666666667,
      "strong_reference_cut_psnr": 42.755948066711426,
      "strong_reference_count": 150,
      "strong_regression_count_delta_le_-0.05": 50,
      "worst_regression_count_delta_le_-0.20": 102
    },
    {
      "label": "shuffle",
      "train_depth": "invert",
      "eval_depth": "shuffle",
      "compare_dir": "/sda/home/wangyuxin/ConvIR-B/repos/ConvIR-B-dta-v3-dapc-finetune-v33-routerfusion/experience_docx/experiment_logs/haze4k_dta_v3_dapc_20260611/dta_v3_3_v33_routerfusion_d3_router_seed3407_f0_triage5full_gt_shuffle_compare",
      "common_count": 600,
      "mean_psnr_delta": -0.027165908813476563,
      "median_psnr_delta": -0.012172698974609375,
      "p5_psnr_delta": -0.35148181915283205,
      "p95_psnr_delta": 0.274513816833496,
      "hard_bottom25_psnr_delta": -0.036508941650390626,
      "easy_top25_psnr_delta": -0.01989959716796875,
      "worst10pct_mean_psnr_delta": -0.40569019317626953,
      "best10pct_mean_psnr_delta": 0.30469560623168945,
      "worst10img_mean_psnr_delta": -0.6890071868896485,
      "best10img_mean_psnr_delta": 0.49437789916992186,
      "worst10_mean_psnr_delta": -0.40569019317626953,
      "best10_mean_psnr_delta": 0.30469560623168945,
      "mean_ssim_delta": -2.233743667602539e-05,
      "positive_ratio": 0.47,
      "strong_reference_cut_psnr": 42.755948066711426,
      "strong_reference_count": 150,
      "strong_regression_count_delta_le_-0.05": 45,
      "worst_regression_count_delta_le_-0.20": 103
    },
    {
      "label": "normal",
      "train_depth": "invert",
      "eval_depth": "normal",
      "compare_dir": "/sda/home/wangyuxin/ConvIR-B/repos/ConvIR-B-dta-v3-dapc-finetune-v33-routerfusion/experience_docx/experiment_logs/haze4k_dta_v3_dapc_20260611/dta_v3_3_v33_routerfusion_d3_router_seed3407_f0_triage5full_gt_normal_compare",
      "common_count": 600,
      "mean_psnr_delta": -0.02800082524617513,
      "median_psnr_delta": -0.01171875,
      "p5_psnr_delta": -0.3539613723754883,
      "p95_psnr_delta": 0.2686538696289058,
      "hard_bottom25_psnr_delta": -0.036756159464518226,
      "easy_top25_psnr_delta": -0.020737686157226563,
      "worst10pct_mean_psnr_delta": -0.40488058725992837,
      "best10pct_mean_psnr_delta": 0.3028853416442871,
      "worst10img_mean_psnr_delta": -0.6759872436523438,
      "best10img_mean_psnr_delta": 0.48654022216796877,
      "worst10_mean_psnr_delta": -0.40488058725992837,
      "best10_mean_psnr_delta": 0.3028853416442871,
      "mean_ssim_delta": -2.1557311216990154e-05,
      "positive_ratio": 0.47333333333333333,
      "strong_reference_cut_psnr": 42.755948066711426,
      "strong_reference_count": 150,
      "strong_regression_count_delta_le_-0.05": 48,
      "worst_regression_count_delta_le_-0.20": 101
    }
  ],
  "attribution": {
    "true_label": "true",
    "baseline_label": "zero",
    "common_count": 600,
    "mean_depth_surplus_psnr": 0.031881882349650066,
    "median_depth_surplus_psnr": 0.021745681762695312,
    "positive_surplus_ratio": 0.6283333333333333
  }
}
