{
  "runs": [
    {
      "label": "true",
      "train_depth": "invert",
      "eval_depth": "invert",
      "compare_dir": "/sda/home/wangyuxin/ConvIR-B/repos/ConvIR-B-dta-v3-dapc-finetune-v33-routerfusion/experience_docx/experiment_logs/haze4k_dta_v3_dapc_20260611/dta_v3_3_v33_routerfusion_d2_lowphys_seed3411_f0_triage5full_gt_invert_compare",
      "common_count": 600,
      "mean_psnr_delta": 0.10325456619262695,
      "median_psnr_delta": 0.08439254760742188,
      "p5_psnr_delta": -0.33226871490478516,
      "p95_psnr_delta": 0.6310523986816404,
      "hard_bottom25_psnr_delta": 0.1080853017171224,
      "easy_top25_psnr_delta": 0.07690266927083333,
      "worst10pct_mean_psnr_delta": -0.3820501963297526,
      "best10pct_mean_psnr_delta": 0.640640385945638,
      "worst10img_mean_psnr_delta": -0.6591011047363281,
      "best10img_mean_psnr_delta": 0.8851268768310547,
      "worst10_mean_psnr_delta": -0.3820501963297526,
      "best10_mean_psnr_delta": 0.640640385945638,
      "mean_ssim_delta": 1.3585189978281656e-05,
      "positive_ratio": 0.6683333333333333,
      "strong_reference_cut_psnr": 42.755948066711426,
      "strong_reference_count": 150,
      "strong_regression_count_delta_le_-0.05": 51,
      "worst_regression_count_delta_le_-0.20": 62
    },
    {
      "label": "zero",
      "train_depth": "invert",
      "eval_depth": "zero",
      "compare_dir": "/sda/home/wangyuxin/ConvIR-B/repos/ConvIR-B-dta-v3-dapc-finetune-v33-routerfusion/experience_docx/experiment_logs/haze4k_dta_v3_dapc_20260611/dta_v3_3_v33_routerfusion_d2_lowphys_seed3411_f0_triage5full_gt_zero_compare",
      "common_count": 600,
      "mean_psnr_delta": 0.0451347287495931,
      "median_psnr_delta": 0.0394439697265625,
      "p5_psnr_delta": -0.15915040969848632,
      "p95_psnr_delta": 0.2787490844726561,
      "hard_bottom25_psnr_delta": 0.06873662312825521,
      "easy_top25_psnr_delta": 0.016599095662434896,
      "worst10pct_mean_psnr_delta": -0.17289425532023112,
      "best10pct_mean_psnr_delta": 0.29253946940104164,
      "worst10img_mean_psnr_delta": -0.29789276123046876,
      "best10img_mean_psnr_delta": 0.42400283813476564,
      "worst10_mean_psnr_delta": -0.17289425532023112,
      "best10_mean_psnr_delta": 0.29253946940104164,
      "mean_ssim_delta": -2.663135528564453e-06,
      "positive_ratio": 0.66,
      "strong_reference_cut_psnr": 42.755948066711426,
      "strong_reference_count": 150,
      "strong_regression_count_delta_le_-0.05": 39,
      "worst_regression_count_delta_le_-0.20": 14
    },
    {
      "label": "shuffle",
      "train_depth": "invert",
      "eval_depth": "shuffle",
      "compare_dir": "/sda/home/wangyuxin/ConvIR-B/repos/ConvIR-B-dta-v3-dapc-finetune-v33-routerfusion/experience_docx/experiment_logs/haze4k_dta_v3_dapc_20260611/dta_v3_3_v33_routerfusion_d2_lowphys_seed3411_f0_triage5full_gt_shuffle_compare",
      "common_count": 600,
      "mean_psnr_delta": 0.052819986343383786,
      "median_psnr_delta": 0.042858123779296875,
      "p5_psnr_delta": -0.1616647720336914,
      "p95_psnr_delta": 0.3139560699462886,
      "hard_bottom25_psnr_delta": 0.06545530954996745,
      "easy_top25_psnr_delta": 0.03716669718424479,
      "worst10pct_mean_psnr_delta": -0.18161207834879559,
      "best10pct_mean_psnr_delta": 0.33313961029052735,
      "worst10img_mean_psnr_delta": -0.2942157745361328,
      "best10img_mean_psnr_delta": 0.485479736328125,
      "worst10_mean_psnr_delta": -0.18161207834879559,
      "best10_mean_psnr_delta": 0.33313961029052735,
      "mean_ssim_delta": 6.585419178009033e-06,
      "positive_ratio": 0.6533333333333333,
      "strong_reference_cut_psnr": 42.755948066711426,
      "strong_reference_count": 150,
      "strong_regression_count_delta_le_-0.05": 37,
      "worst_regression_count_delta_le_-0.20": 20
    },
    {
      "label": "normal",
      "train_depth": "invert",
      "eval_depth": "normal",
      "compare_dir": "/sda/home/wangyuxin/ConvIR-B/repos/ConvIR-B-dta-v3-dapc-finetune-v33-routerfusion/experience_docx/experiment_logs/haze4k_dta_v3_dapc_20260611/dta_v3_3_v33_routerfusion_d2_lowphys_seed3411_f0_triage5full_gt_normal_compare",
      "common_count": 600,
      "mean_psnr_delta": 0.05032636006673177,
      "median_psnr_delta": 0.043270111083984375,
      "p5_psnr_delta": -0.15870418548583984,
      "p95_psnr_delta": 0.2994029998779296,
      "hard_bottom25_psnr_delta": 0.06148429870605469,
      "easy_top25_psnr_delta": 0.036127904256184895,
      "worst10pct_mean_psnr_delta": -0.17627191543579102,
      "best10pct_mean_psnr_delta": 0.3137424151102702,
      "worst10img_mean_psnr_delta": -0.29787483215332033,
      "best10img_mean_psnr_delta": 0.4452108383178711,
      "worst10_mean_psnr_delta": -0.17627191543579102,
      "best10_mean_psnr_delta": 0.3137424151102702,
      "mean_ssim_delta": 1.0182162125905356e-05,
      "positive_ratio": 0.6566666666666666,
      "strong_reference_cut_psnr": 42.755948066711426,
      "strong_reference_count": 150,
      "strong_regression_count_delta_le_-0.05": 36,
      "worst_regression_count_delta_le_-0.20": 14
    }
  ],
  "attribution": {
    "true_label": "true",
    "baseline_label": "zero",
    "common_count": 600,
    "mean_depth_surplus_psnr": 0.05811983744303385,
    "median_depth_surplus_psnr": 0.053305625915527344,
    "positive_surplus_ratio": 0.6483333333333333
  }
}
