{
  "runs": [
    {
      "label": "true",
      "train_depth": "invert",
      "eval_depth": "invert",
      "compare_dir": "/sda/home/wangyuxin/ConvIR-B/repos/ConvIR-B-dta-v3-dapc-finetune-v33-routerfusion/experience_docx/experiment_logs/haze4k_dta_v3_dapc_20260611/dta_v3_3_v33_routerfusion_d1_loss_seed3407_f1_triage5full_gt_invert_compare",
      "common_count": 600,
      "mean_psnr_delta": 0.07369239489237467,
      "median_psnr_delta": 0.07336616516113281,
      "p5_psnr_delta": -0.41763954162597655,
      "p95_psnr_delta": 0.5023315429687496,
      "hard_bottom25_psnr_delta": 0.0842129643758138,
      "easy_top25_psnr_delta": 0.0390655517578125,
      "worst10pct_mean_psnr_delta": -0.4403999328613281,
      "best10pct_mean_psnr_delta": 0.5463284492492676,
      "worst10img_mean_psnr_delta": -0.7617717742919922,
      "best10img_mean_psnr_delta": 0.8387149810791016,
      "worst10_mean_psnr_delta": -0.4403999328613281,
      "best10_mean_psnr_delta": 0.5463284492492676,
      "mean_ssim_delta": -6.3334902127583826e-06,
      "positive_ratio": 0.635,
      "strong_reference_cut_psnr": 42.834919929504395,
      "strong_reference_count": 150,
      "strong_regression_count_delta_le_-0.05": 49,
      "worst_regression_count_delta_le_-0.20": 78
    },
    {
      "label": "zero",
      "train_depth": "invert",
      "eval_depth": "zero",
      "compare_dir": "/sda/home/wangyuxin/ConvIR-B/repos/ConvIR-B-dta-v3-dapc-finetune-v33-routerfusion/experience_docx/experiment_logs/haze4k_dta_v3_dapc_20260611/dta_v3_3_v33_routerfusion_d1_loss_seed3407_f1_triage5full_gt_zero_compare",
      "common_count": 600,
      "mean_psnr_delta": 0.0238120969136556,
      "median_psnr_delta": 0.019933700561523438,
      "p5_psnr_delta": -0.1746152877807617,
      "p95_psnr_delta": 0.2258121490478514,
      "hard_bottom25_psnr_delta": 0.029769566853841144,
      "easy_top25_psnr_delta": 0.004301681518554688,
      "worst10pct_mean_psnr_delta": -0.20386161804199218,
      "best10pct_mean_psnr_delta": 0.2570902188618978,
      "worst10img_mean_psnr_delta": -0.36658592224121095,
      "best10img_mean_psnr_delta": 0.4013397216796875,
      "worst10_mean_psnr_delta": -0.20386161804199218,
      "best10_mean_psnr_delta": 0.2570902188618978,
      "mean_ssim_delta": -1.8021762371063234e-05,
      "positive_ratio": 0.5833333333333334,
      "strong_reference_cut_psnr": 42.834919929504395,
      "strong_reference_count": 150,
      "strong_regression_count_delta_le_-0.05": 51,
      "worst_regression_count_delta_le_-0.20": 20
    },
    {
      "label": "shuffle",
      "train_depth": "invert",
      "eval_depth": "shuffle",
      "compare_dir": "/sda/home/wangyuxin/ConvIR-B/repos/ConvIR-B-dta-v3-dapc-finetune-v33-routerfusion/experience_docx/experiment_logs/haze4k_dta_v3_dapc_20260611/dta_v3_3_v33_routerfusion_d1_loss_seed3407_f1_triage5full_gt_shuffle_compare",
      "common_count": 600,
      "mean_psnr_delta": 0.027291247049967448,
      "median_psnr_delta": 0.02455902099609375,
      "p5_psnr_delta": -0.20327358245849608,
      "p95_psnr_delta": 0.26847515106201164,
      "hard_bottom25_psnr_delta": 0.031499837239583335,
      "easy_top25_psnr_delta": 0.010041402180989584,
      "worst10pct_mean_psnr_delta": -0.2455449104309082,
      "best10pct_mean_psnr_delta": 0.2904167175292969,
      "worst10img_mean_psnr_delta": -0.4422626495361328,
      "best10img_mean_psnr_delta": 0.42660179138183596,
      "worst10_mean_psnr_delta": -0.2455449104309082,
      "best10_mean_psnr_delta": 0.2904167175292969,
      "mean_ssim_delta": -1.0917882124582926e-05,
      "positive_ratio": 0.5683333333333334,
      "strong_reference_cut_psnr": 42.834919929504395,
      "strong_reference_count": 150,
      "strong_regression_count_delta_le_-0.05": 48,
      "worst_regression_count_delta_le_-0.20": 31
    },
    {
      "label": "normal",
      "train_depth": "invert",
      "eval_depth": "normal",
      "compare_dir": "/sda/home/wangyuxin/ConvIR-B/repos/ConvIR-B-dta-v3-dapc-finetune-v33-routerfusion/experience_docx/experiment_logs/haze4k_dta_v3_dapc_20260611/dta_v3_3_v33_routerfusion_d1_loss_seed3407_f1_triage5full_gt_normal_compare",
      "common_count": 600,
      "mean_psnr_delta": 0.024906972249348958,
      "median_psnr_delta": 0.020481109619140625,
      "p5_psnr_delta": -0.18588123321533204,
      "p95_psnr_delta": 0.25589122772216794,
      "hard_bottom25_psnr_delta": 0.025816370646158854,
      "easy_top25_psnr_delta": 0.01550702412923177,
      "worst10pct_mean_psnr_delta": -0.22731520334879557,
      "best10pct_mean_psnr_delta": 0.2867154121398926,
      "worst10img_mean_psnr_delta": -0.4062469482421875,
      "best10img_mean_psnr_delta": 0.42491722106933594,
      "worst10_mean_psnr_delta": -0.22731520334879557,
      "best10_mean_psnr_delta": 0.2867154121398926,
      "mean_ssim_delta": -6.581942240397135e-06,
      "positive_ratio": 0.5616666666666666,
      "strong_reference_cut_psnr": 42.834919929504395,
      "strong_reference_count": 150,
      "strong_regression_count_delta_le_-0.05": 48,
      "worst_regression_count_delta_le_-0.20": 22
    }
  ],
  "attribution": {
    "true_label": "true",
    "baseline_label": "zero",
    "common_count": 600,
    "mean_depth_surplus_psnr": 0.049880297978719075,
    "median_depth_surplus_psnr": 0.05403709411621094,
    "positive_surplus_ratio": 0.6383333333333333
  }
}
