{
  "runs": [
    {
      "label": "true",
      "train_depth": "invert",
      "eval_depth": "invert",
      "compare_dir": "/home/caozhiyang/ConvIR-B/repos/ConvIR-B-dta-v3-4-fdf-tsr-finetune/experience_docx/experiment_logs/haze4k_dta_v3_dapc_20260611/dta_v3_4_v34_fdf_tsr_e4_plus_film_seed3407_f1_quick5full_fallback_train_invert_compare",
      "common_count": 600,
      "mean_psnr_delta": 0.11761882464090984,
      "median_psnr_delta": 0.09518623352050781,
      "p5_psnr_delta": -0.6944196701049805,
      "p95_psnr_delta": 0.8555463790893543,
      "hard_bottom25_psnr_delta": 0.11876115163167318,
      "easy_top25_psnr_delta": 0.05733022054036458,
      "worst10pct_mean_psnr_delta": -0.7467347462972005,
      "best10pct_mean_psnr_delta": 0.9654074350992838,
      "worst10img_mean_psnr_delta": -1.300632858276367,
      "best10img_mean_psnr_delta": 1.3909542083740234,
      "worst10_mean_psnr_delta": -0.7467347462972005,
      "best10_mean_psnr_delta": 0.9654074350992838,
      "mean_ssim_delta": 1.955866813659668e-05,
      "positive_ratio": 0.6183333333333333,
      "strong_reference_cut_psnr": 42.84021854400635,
      "strong_reference_count": 150,
      "strong_regression_count_delta_le_-0.05": 60,
      "worst_regression_count_delta_le_-0.20": 119
    },
    {
      "label": "zero",
      "train_depth": "invert",
      "eval_depth": "zero",
      "compare_dir": "/home/caozhiyang/ConvIR-B/repos/ConvIR-B-dta-v3-4-fdf-tsr-finetune/experience_docx/experiment_logs/haze4k_dta_v3_dapc_20260611/dta_v3_4_v34_fdf_tsr_e4_plus_film_seed3407_f1_quick5full_fallback_train_zero_compare",
      "common_count": 600,
      "mean_psnr_delta": -0.07395954449971517,
      "median_psnr_delta": -0.06100654602050781,
      "p5_psnr_delta": -0.6739784240722656,
      "p95_psnr_delta": 0.4783878326416013,
      "hard_bottom25_psnr_delta": -0.08121982574462891,
      "easy_top25_psnr_delta": -0.03447230021158854,
      "worst10pct_mean_psnr_delta": -0.7725370089213054,
      "best10pct_mean_psnr_delta": 0.5582279205322266,
      "worst10img_mean_psnr_delta": -1.2597583770751952,
      "best10img_mean_psnr_delta": 0.9297016143798829,
      "worst10_mean_psnr_delta": -0.7725370089213054,
      "best10_mean_psnr_delta": 0.5582279205322266,
      "mean_ssim_delta": -7.544507582982382e-05,
      "positive_ratio": 0.4083333333333333,
      "strong_reference_cut_psnr": 42.84021854400635,
      "strong_reference_count": 150,
      "strong_regression_count_delta_le_-0.05": 69,
      "worst_regression_count_delta_le_-0.20": 196
    },
    {
      "label": "shuffle",
      "train_depth": "invert",
      "eval_depth": "shuffle",
      "compare_dir": "/home/caozhiyang/ConvIR-B/repos/ConvIR-B-dta-v3-4-fdf-tsr-finetune/experience_docx/experiment_logs/haze4k_dta_v3_dapc_20260611/dta_v3_4_v34_fdf_tsr_e4_plus_film_seed3407_f1_quick5full_fallback_train_shuffle_compare",
      "common_count": 600,
      "mean_psnr_delta": -0.05242548942565918,
      "median_psnr_delta": -0.05062103271484375,
      "p5_psnr_delta": -0.6274559020996093,
      "p95_psnr_delta": 0.5150882720947265,
      "hard_bottom25_psnr_delta": -0.07836559295654297,
      "easy_top25_psnr_delta": -0.008286310831705728,
      "worst10pct_mean_psnr_delta": -0.7480004628499349,
      "best10pct_mean_psnr_delta": 0.6146677017211915,
      "worst10img_mean_psnr_delta": -1.2672042846679688,
      "best10img_mean_psnr_delta": 1.0205513000488282,
      "worst10_mean_psnr_delta": -0.7480004628499349,
      "best10_mean_psnr_delta": 0.6146677017211915,
      "mean_ssim_delta": -4.761993885040283e-05,
      "positive_ratio": 0.4266666666666667,
      "strong_reference_cut_psnr": 42.84021854400635,
      "strong_reference_count": 150,
      "strong_regression_count_delta_le_-0.05": 62,
      "worst_regression_count_delta_le_-0.20": 191
    },
    {
      "label": "normal",
      "train_depth": "invert",
      "eval_depth": "normal",
      "compare_dir": "/home/caozhiyang/ConvIR-B/repos/ConvIR-B-dta-v3-4-fdf-tsr-finetune/experience_docx/experiment_logs/haze4k_dta_v3_dapc_20260611/dta_v3_4_v34_fdf_tsr_e4_plus_film_seed3407_f1_quick5full_fallback_train_normal_compare",
      "common_count": 600,
      "mean_psnr_delta": -0.07833219210306804,
      "median_psnr_delta": -0.07548713684082031,
      "p5_psnr_delta": -0.663484001159668,
      "p95_psnr_delta": 0.5105634689331054,
      "hard_bottom25_psnr_delta": -0.11014906565348308,
      "easy_top25_psnr_delta": -0.007031453450520833,
      "worst10pct_mean_psnr_delta": -0.7624183019002279,
      "best10pct_mean_psnr_delta": 0.6004496892293294,
      "worst10img_mean_psnr_delta": -1.2522354125976562,
      "best10img_mean_psnr_delta": 1.017770004272461,
      "worst10_mean_psnr_delta": -0.7624183019002279,
      "best10_mean_psnr_delta": 0.6004496892293294,
      "mean_ssim_delta": -5.058129628499349e-05,
      "positive_ratio": 0.375,
      "strong_reference_cut_psnr": 42.84021854400635,
      "strong_reference_count": 150,
      "strong_regression_count_delta_le_-0.05": 66,
      "worst_regression_count_delta_le_-0.20": 203
    }
  ],
  "attribution": {
    "true_label": "true",
    "baseline_label": "zero",
    "common_count": 600,
    "mean_depth_surplus_psnr": 0.191578369140625,
    "median_depth_surplus_psnr": 0.20683574676513672,
    "positive_surplus_ratio": 0.745
  }
}