{
  "runs": [
    {
      "label": "true",
      "train_depth": "invert",
      "eval_depth": "invert",
      "compare_dir": "/home/caozhiyang/ConvIR-B/repos/ConvIR-B-dta-v3-4-fdf-tsr-finetune/experience_docx/experiment_logs/haze4k_dta_v3_dapc_20260611/dta_v3_4_v34_fdf_tsr_e1_feature_only_seed3407_f0_quick5full_fallback_train_invert_compare",
      "common_count": 600,
      "mean_psnr_delta": 0.046359901428222654,
      "median_psnr_delta": 0.03874969482421875,
      "p5_psnr_delta": -0.6008512496948242,
      "p95_psnr_delta": 0.6643297195434568,
      "hard_bottom25_psnr_delta": -0.013892669677734375,
      "easy_top25_psnr_delta": 0.0669562276204427,
      "worst10pct_mean_psnr_delta": -0.6410963058471679,
      "best10pct_mean_psnr_delta": 0.7164089202880859,
      "worst10img_mean_psnr_delta": -0.9189926147460937,
      "best10img_mean_psnr_delta": 0.9752735137939453,
      "worst10_mean_psnr_delta": -0.6410963058471679,
      "best10_mean_psnr_delta": 0.7164089202880859,
      "mean_ssim_delta": 4.358092943827311e-06,
      "positive_ratio": 0.5466666666666666,
      "strong_reference_cut_psnr": 42.766201972961426,
      "strong_reference_count": 150,
      "strong_regression_count_delta_le_-0.05": 56,
      "worst_regression_count_delta_le_-0.20": 123
    },
    {
      "label": "zero",
      "train_depth": "invert",
      "eval_depth": "zero",
      "compare_dir": "/home/caozhiyang/ConvIR-B/repos/ConvIR-B-dta-v3-4-fdf-tsr-finetune/experience_docx/experiment_logs/haze4k_dta_v3_dapc_20260611/dta_v3_4_v34_fdf_tsr_e1_feature_only_seed3407_f0_quick5full_fallback_train_zero_compare",
      "common_count": 600,
      "mean_psnr_delta": -0.2209830411275228,
      "median_psnr_delta": -0.1984996795654297,
      "p5_psnr_delta": -0.8605253219604493,
      "p95_psnr_delta": 0.32871112823486215,
      "hard_bottom25_psnr_delta": -0.24291140238444012,
      "easy_top25_psnr_delta": -0.23489112854003907,
      "worst10pct_mean_psnr_delta": -0.9250672658284506,
      "best10pct_mean_psnr_delta": 0.39212732315063475,
      "worst10img_mean_psnr_delta": -1.2801721572875977,
      "best10img_mean_psnr_delta": 0.7708305358886719,
      "worst10_mean_psnr_delta": -0.9250672658284506,
      "best10_mean_psnr_delta": 0.39212732315063475,
      "mean_ssim_delta": -8.904566367467244e-05,
      "positive_ratio": 0.25833333333333336,
      "strong_reference_cut_psnr": 42.766201972961426,
      "strong_reference_count": 150,
      "strong_regression_count_delta_le_-0.05": 112,
      "worst_regression_count_delta_le_-0.20": 299
    },
    {
      "label": "shuffle",
      "train_depth": "invert",
      "eval_depth": "shuffle",
      "compare_dir": "/home/caozhiyang/ConvIR-B/repos/ConvIR-B-dta-v3-4-fdf-tsr-finetune/experience_docx/experiment_logs/haze4k_dta_v3_dapc_20260611/dta_v3_4_v34_fdf_tsr_e1_feature_only_seed3407_f0_quick5full_fallback_train_shuffle_compare",
      "common_count": 600,
      "mean_psnr_delta": -0.1739544359842936,
      "median_psnr_delta": -0.15863513946533203,
      "p5_psnr_delta": -0.807807445526123,
      "p95_psnr_delta": 0.3457513809204085,
      "hard_bottom25_psnr_delta": -0.25473716735839846,
      "easy_top25_psnr_delta": -0.11308792114257812,
      "worst10pct_mean_psnr_delta": -0.8440269788106283,
      "best10pct_mean_psnr_delta": 0.39991582234700523,
      "worst10img_mean_psnr_delta": -1.2053964614868165,
      "best10img_mean_psnr_delta": 0.7251888275146484,
      "worst10_mean_psnr_delta": -0.8440269788106283,
      "best10_mean_psnr_delta": 0.39991582234700523,
      "mean_ssim_delta": -6.395250558853149e-05,
      "positive_ratio": 0.3,
      "strong_reference_cut_psnr": 42.766201972961426,
      "strong_reference_count": 150,
      "strong_regression_count_delta_le_-0.05": 86,
      "worst_regression_count_delta_le_-0.20": 273
    },
    {
      "label": "normal",
      "train_depth": "invert",
      "eval_depth": "normal",
      "compare_dir": "/home/caozhiyang/ConvIR-B/repos/ConvIR-B-dta-v3-4-fdf-tsr-finetune/experience_docx/experiment_logs/haze4k_dta_v3_dapc_20260611/dta_v3_4_v34_fdf_tsr_e1_feature_only_seed3407_f0_quick5full_fallback_train_normal_compare",
      "common_count": 600,
      "mean_psnr_delta": -0.2060247484842936,
      "median_psnr_delta": -0.1873626708984375,
      "p5_psnr_delta": -0.8278801918029786,
      "p95_psnr_delta": 0.3606912612915037,
      "hard_bottom25_psnr_delta": -0.29805211385091146,
      "easy_top25_psnr_delta": -0.14356587727864584,
      "worst10pct_mean_psnr_delta": -0.9112758318583171,
      "best10pct_mean_psnr_delta": 0.4149192174275716,
      "worst10img_mean_psnr_delta": -1.292535400390625,
      "best10img_mean_psnr_delta": 0.7697586059570313,
      "worst10_mean_psnr_delta": -0.9112758318583171,
      "best10_mean_psnr_delta": 0.4149192174275716,
      "mean_ssim_delta": -7.301976283391317e-05,
      "positive_ratio": 0.285,
      "strong_reference_cut_psnr": 42.766201972961426,
      "strong_reference_count": 150,
      "strong_regression_count_delta_le_-0.05": 89,
      "worst_regression_count_delta_le_-0.20": 294
    }
  ],
  "attribution": {
    "true_label": "true",
    "baseline_label": "zero",
    "common_count": 600,
    "mean_depth_surplus_psnr": 0.2673429425557454,
    "median_depth_surplus_psnr": 0.2666511535644531,
    "positive_surplus_ratio": 0.75
  }
}