{
  "runs": [
    {
      "label": "true",
      "train_depth": "invert",
      "eval_depth": "invert",
      "compare_dir": "/sda/home/wangyuxin/ConvIR-B/repos/ConvIR-B-dta-v3-dapc-finetune-depthdirect/experience_docx/experiment_logs/haze4k_dta_v3_dapc_20260611/dta_v3_scout5full_depthDirect_invert_seed3407_f0_evalinvert_compare",
      "common_count": 600,
      "mean_psnr_delta": 0.013905242284138997,
      "median_psnr_delta": 0.023464202880859375,
      "p5_psnr_delta": -0.3443178176879883,
      "p95_psnr_delta": 0.35044155120849607,
      "hard_bottom25_psnr_delta": -0.005601641337076823,
      "easy_top25_psnr_delta": 0.03687299092610677,
      "worst10pct_mean_psnr_delta": -0.39399566650390627,
      "best10pct_mean_psnr_delta": 0.37612708409627277,
      "worst10img_mean_psnr_delta": -0.6508167266845704,
      "best10img_mean_psnr_delta": 0.5487136840820312,
      "worst10_mean_psnr_delta": -0.39399566650390627,
      "best10_mean_psnr_delta": 0.37612708409627277,
      "mean_ssim_delta": -2.676437298456828e-05,
      "positive_ratio": 0.5883333333333334,
      "strong_reference_cut_psnr": 42.755948066711426,
      "strong_reference_count": 150,
      "strong_regression_count_delta_le_-0.05": 38,
      "worst_regression_count_delta_le_-0.20": 75
    },
    {
      "label": "normal",
      "train_depth": "invert",
      "eval_depth": "normal",
      "compare_dir": "/sda/home/wangyuxin/ConvIR-B/repos/ConvIR-B-dta-v3-dapc-finetune-depthdirect/experience_docx/experiment_logs/haze4k_dta_v3_dapc_20260611/dta_v3_scout5full_depthDirect_invert_seed3407_f0_evalnormal_compare",
      "common_count": 600,
      "mean_psnr_delta": -0.015392430623372396,
      "median_psnr_delta": -0.00018310546875,
      "p5_psnr_delta": -0.2286478042602539,
      "p95_psnr_delta": 0.15121288299560545,
      "hard_bottom25_psnr_delta": -0.02337702433268229,
      "easy_top25_psnr_delta": 0.005493748982747396,
      "worst10pct_mean_psnr_delta": -0.2689023653666178,
      "best10pct_mean_psnr_delta": 0.17845017115275066,
      "worst10img_mean_psnr_delta": -0.4879154205322266,
      "best10img_mean_psnr_delta": 0.29773521423339844,
      "worst10_mean_psnr_delta": -0.2689023653666178,
      "best10_mean_psnr_delta": 0.17845017115275066,
      "mean_ssim_delta": -2.4585227171579998e-05,
      "positive_ratio": 0.49666666666666665,
      "strong_reference_cut_psnr": 42.755948066711426,
      "strong_reference_count": 150,
      "strong_regression_count_delta_le_-0.05": 31,
      "worst_regression_count_delta_le_-0.20": 40
    },
    {
      "label": "zero",
      "train_depth": "invert",
      "eval_depth": "zero",
      "compare_dir": "/sda/home/wangyuxin/ConvIR-B/repos/ConvIR-B-dta-v3-dapc-finetune-depthdirect/experience_docx/experiment_logs/haze4k_dta_v3_dapc_20260611/dta_v3_scout5full_depthDirect_invert_seed3407_f0_evalzero_compare",
      "common_count": 600,
      "mean_psnr_delta": -0.01838062604268392,
      "median_psnr_delta": -0.0040340423583984375,
      "p5_psnr_delta": -0.21870250701904298,
      "p95_psnr_delta": 0.14013748168945292,
      "hard_bottom25_psnr_delta": -0.022814369201660155,
      "easy_top25_psnr_delta": -0.0012640380859375,
      "worst10pct_mean_psnr_delta": -0.2566014607747396,
      "best10pct_mean_psnr_delta": 0.16491146087646485,
      "worst10img_mean_psnr_delta": -0.4632709503173828,
      "best10img_mean_psnr_delta": 0.28145713806152345,
      "worst10_mean_psnr_delta": -0.2566014607747396,
      "best10_mean_psnr_delta": 0.16491146087646485,
      "mean_ssim_delta": -2.5971432526906333e-05,
      "positive_ratio": 0.465,
      "strong_reference_cut_psnr": 42.755948066711426,
      "strong_reference_count": 150,
      "strong_regression_count_delta_le_-0.05": 31,
      "worst_regression_count_delta_le_-0.20": 35
    },
    {
      "label": "shuffle",
      "train_depth": "invert",
      "eval_depth": "shuffle",
      "compare_dir": "/sda/home/wangyuxin/ConvIR-B/repos/ConvIR-B-dta-v3-dapc-finetune-depthdirect/experience_docx/experiment_logs/haze4k_dta_v3_dapc_20260611/dta_v3_scout5full_depthDirect_invert_seed3407_f0_evalshuffle_compare",
      "common_count": 600,
      "mean_psnr_delta": -0.014548648198445637,
      "median_psnr_delta": -0.0006856918334960938,
      "p5_psnr_delta": -0.24243946075439454,
      "p95_psnr_delta": 0.16264171600341792,
      "hard_bottom25_psnr_delta": -0.022929344177246094,
      "easy_top25_psnr_delta": 0.0059806315104166665,
      "worst10pct_mean_psnr_delta": -0.2755126635233561,
      "best10pct_mean_psnr_delta": 0.18449341456095378,
      "worst10img_mean_psnr_delta": -0.48985137939453127,
      "best10img_mean_psnr_delta": 0.30812644958496094,
      "worst10_mean_psnr_delta": -0.2755126635233561,
      "best10_mean_psnr_delta": 0.18449341456095378,
      "mean_ssim_delta": -2.563794453938802e-05,
      "positive_ratio": 0.49,
      "strong_reference_cut_psnr": 42.755948066711426,
      "strong_reference_count": 150,
      "strong_regression_count_delta_le_-0.05": 31,
      "worst_regression_count_delta_le_-0.20": 43
    }
  ],
  "attribution": {
    "true_label": "true",
    "baseline_label": "zero",
    "common_count": 600,
    "mean_depth_surplus_psnr": 0.03228586832682292,
    "median_depth_surplus_psnr": 0.020296096801757812,
    "positive_surplus_ratio": 0.625
  }
}