{
  "runs": [
    {
      "label": "true",
      "train_depth": "invert",
      "eval_depth": "invert",
      "compare_dir": "/sda/home/wangyuxin/ConvIR-B/repos/ConvIR-B-dta-v3-dapc-finetune-v31/experience_docx/experiment_logs/haze4k_dta_v3_dapc_20260611/dta_v3_1_v31_wg18_light_hinge_seed3407_f0_scout5full_post_fallback_invert_compare",
      "common_count": 600,
      "mean_psnr_delta": 0.025083996454874673,
      "median_psnr_delta": 0.03541374206542969,
      "p5_psnr_delta": -0.3573810577392578,
      "p95_psnr_delta": 0.39719791412353495,
      "hard_bottom25_psnr_delta": 0.006701215108235677,
      "easy_top25_psnr_delta": 0.044017181396484376,
      "worst10pct_mean_psnr_delta": -0.4141431172688802,
      "best10pct_mean_psnr_delta": 0.4207380930582682,
      "worst10img_mean_psnr_delta": -0.6821762084960937,
      "best10img_mean_psnr_delta": 0.6006645202636719,
      "worst10_mean_psnr_delta": -0.4141431172688802,
      "best10_mean_psnr_delta": 0.4207380930582682,
      "mean_ssim_delta": -2.3203790187835694e-05,
      "positive_ratio": 0.6033333333333334,
      "strong_reference_cut_psnr": 42.755948066711426,
      "strong_reference_count": 150,
      "strong_regression_count_delta_le_-0.05": 41,
      "worst_regression_count_delta_le_-0.20": 76
    },
    {
      "label": "zero",
      "train_depth": "invert",
      "eval_depth": "zero",
      "compare_dir": "/sda/home/wangyuxin/ConvIR-B/repos/ConvIR-B-dta-v3-dapc-finetune-v31/experience_docx/experiment_logs/haze4k_dta_v3_dapc_20260611/dta_v3_1_v31_wg18_light_hinge_seed3407_f0_scout5full_post_fallback_zero_compare",
      "common_count": 600,
      "mean_psnr_delta": -0.011930608749389648,
      "median_psnr_delta": 0.0023975372314453125,
      "p5_psnr_delta": -0.2279054641723633,
      "p95_psnr_delta": 0.1649499893188476,
      "hard_bottom25_psnr_delta": -0.017167015075683592,
      "easy_top25_psnr_delta": 0.004950027465820312,
      "worst10pct_mean_psnr_delta": -0.26539684931437174,
      "best10pct_mean_psnr_delta": 0.18337281545003256,
      "worst10img_mean_psnr_delta": -0.47533454895019533,
      "best10img_mean_psnr_delta": 0.30154991149902344,
      "worst10_mean_psnr_delta": -0.26539684931437174,
      "best10_mean_psnr_delta": 0.18337281545003256,
      "mean_ssim_delta": -2.453555663426717e-05,
      "positive_ratio": 0.52,
      "strong_reference_cut_psnr": 42.755948066711426,
      "strong_reference_count": 150,
      "strong_regression_count_delta_le_-0.05": 33,
      "worst_regression_count_delta_le_-0.20": 38
    },
    {
      "label": "shuffle",
      "train_depth": "invert",
      "eval_depth": "shuffle",
      "compare_dir": "/sda/home/wangyuxin/ConvIR-B/repos/ConvIR-B-dta-v3-dapc-finetune-v31/experience_docx/experiment_logs/haze4k_dta_v3_dapc_20260611/dta_v3_1_v31_wg18_light_hinge_seed3407_f0_scout5full_post_fallback_shuffle_compare",
      "common_count": 600,
      "mean_psnr_delta": -0.007369569142659505,
      "median_psnr_delta": 0.0053119659423828125,
      "p5_psnr_delta": -0.26181640625,
      "p95_psnr_delta": 0.19871139526367176,
      "hard_bottom25_psnr_delta": -0.016358133951822916,
      "easy_top25_psnr_delta": 0.012543894449869792,
      "worst10pct_mean_psnr_delta": -0.28739182154337567,
      "best10pct_mean_psnr_delta": 0.208441162109375,
      "worst10img_mean_psnr_delta": -0.5057857513427735,
      "best10img_mean_psnr_delta": 0.3348278045654297,
      "worst10_mean_psnr_delta": -0.28739182154337567,
      "best10_mean_psnr_delta": 0.208441162109375,
      "mean_ssim_delta": -2.3722549279530843e-05,
      "positive_ratio": 0.535,
      "strong_reference_cut_psnr": 42.755948066711426,
      "strong_reference_count": 150,
      "strong_regression_count_delta_le_-0.05": 30,
      "worst_regression_count_delta_le_-0.20": 45
    },
    {
      "label": "normal",
      "train_depth": "invert",
      "eval_depth": "normal",
      "compare_dir": "/sda/home/wangyuxin/ConvIR-B/repos/ConvIR-B-dta-v3-dapc-finetune-v31/experience_docx/experiment_logs/haze4k_dta_v3_dapc_20260611/dta_v3_1_v31_wg18_light_hinge_seed3407_f0_scout5full_post_fallback_normal_compare",
      "common_count": 600,
      "mean_psnr_delta": -0.008344265619913737,
      "median_psnr_delta": 0.0043487548828125,
      "p5_psnr_delta": -0.2414529800415039,
      "p95_psnr_delta": 0.18115940093994135,
      "hard_bottom25_psnr_delta": -0.017052421569824217,
      "easy_top25_psnr_delta": 0.012081680297851562,
      "worst10pct_mean_psnr_delta": -0.2802302678426107,
      "best10pct_mean_psnr_delta": 0.2000539461771647,
      "worst10img_mean_psnr_delta": -0.500823974609375,
      "best10img_mean_psnr_delta": 0.3221649169921875,
      "worst10_mean_psnr_delta": -0.2802302678426107,
      "best10_mean_psnr_delta": 0.2000539461771647,
      "mean_ssim_delta": -2.288887898127238e-05,
      "positive_ratio": 0.5283333333333333,
      "strong_reference_cut_psnr": 42.755948066711426,
      "strong_reference_count": 150,
      "strong_regression_count_delta_le_-0.05": 31,
      "worst_regression_count_delta_le_-0.20": 43
    }
  ],
  "attribution": {
    "true_label": "true",
    "baseline_label": "zero",
    "common_count": 600,
    "mean_depth_surplus_psnr": 0.03701460520426432,
    "median_depth_surplus_psnr": 0.026021957397460938,
    "positive_surplus_ratio": 0.6333333333333333
  }
}