{
  "runs": {
    "A0": {
      "label": "A0",
      "arch": "official_convir",
      "mode": "original",
      "checkpoint": "/sda/home/wangyuxin/ConvIR-B/checkpoints/official/Haze4K/haze4k-base.pkl",
      "depth_mode": "none",
      "airlight_mode": "none",
      "count": 600,
      "mean_psnr": 39.35034857114156,
      "mean_ssim": 0.9957262628277143,
      "avg_time_sec_sync": 0.050577590465545656,
      "median_time_sec_sync": 0.04570329189300537,
      "peak_cuda_mem_mib": 537.50634765625
    },
    "DTA_v35_v35_fdf_rcs_l5_res015_tail_s004_g025_bm2_seed3411_f0_quick5full_fallback_train_invert": {
      "label": "DTA_v35_v35_fdf_rcs_l5_res015_tail_s004_g025_bm2_seed3411_f0_quick5full_fallback_train_invert",
      "arch": "dta_v3",
      "mode": "modres",
      "checkpoint": "/sda/home/wangyuxin/ConvIR-B/repos/ConvIR-B-dta-v3-5-fdf-rcs-lite/Dehazing/ITS/results/ConvIR-Haze4K-DTA-v3-5-FDF-RCS-l5_res015_tail_s004_g025_bm2-seed3411_f0-quick5full/Training-Results/Final.pkl",
      "depth_mode": "invert",
      "airlight_mode": "fallback",
      "count": 600,
      "mean_psnr": 39.422820504506426,
      "mean_ssim": 0.9957414748271306,
      "avg_time_sec_sync": 0.059212888876597085,
      "median_time_sec_sync": 0.05572545528411865,
      "peak_cuda_mem_mib": 603.56201171875
    }
  },
  "comparison": {
    "common_count": 600,
    "mean_psnr_delta": 0.07247193336486817,
    "median_psnr_delta": 0.07859039306640625,
    "p5_psnr_delta": -0.3599842071533203,
    "p95_psnr_delta": 0.48882064819335924,
    "hard_bottom25_psnr_delta": 0.07014100392659506,
    "easy_top25_psnr_delta": 0.0471728769938151,
    "worst10pct_mean_psnr_delta": -0.4080389658610026,
    "best10pct_mean_psnr_delta": 0.5087291081746419,
    "worst10img_mean_psnr_delta": -0.7116783142089844,
    "best10img_mean_psnr_delta": 0.6635150909423828,
    "worst10_mean_psnr_delta": -0.4080389658610026,
    "best10_mean_psnr_delta": 0.5087291081746419,
    "mean_ssim_delta": 1.5211999416351319e-05,
    "positive_ratio": 0.6316666666666667,
    "strong_reference_cut_psnr": 42.755948066711426,
    "strong_reference_count": 150,
    "strong_regression_count_delta_le_-0.05": 52,
    "worst_regression_count_delta_le_-0.20": 79
  }
}