{
  "runs": {
    "A0": {
      "label": "A0",
      "arch": "official_convir",
      "mode": "original",
      "checkpoint": "/home/caozhiyang/ConvIR-B/checkpoints/official/Haze4K/haze4k-base.pkl",
      "depth_mode": "none",
      "airlight_mode": "none",
      "count": 600,
      "mean_psnr": 39.34407578468323,
      "mean_ssim": 0.995722817381223,
      "avg_time_sec_sync": 0.023301124572753906,
      "median_time_sec_sync": 0.02459895610809326,
      "peak_cuda_mem_mib": 535.44482421875
    },
    "DTA_v34_v34_fdf_tsr_e2_tiny_residual_seed3407_f0_quick5full_fallback_train_zero": {
      "label": "DTA_v34_v34_fdf_tsr_e2_tiny_residual_seed3407_f0_quick5full_fallback_train_zero",
      "arch": "dta_v3",
      "mode": "modres",
      "checkpoint": "/home/caozhiyang/ConvIR-B/repos/ConvIR-B-dta-v3-4-fdf-tsr-finetune/Dehazing/ITS/results/ConvIR-Haze4K-DTA-v3-4-FDF-TSR-e2_tiny_residual-seed3407_f0-quick5full/Training-Results/Final.pkl",
      "depth_mode": "zero",
      "airlight_mode": "fallback",
      "count": 600,
      "mean_psnr": 39.11965739568075,
      "mean_ssim": 0.9956315240263939,
      "avg_time_sec_sync": 0.03179302930831909,
      "median_time_sec_sync": 0.03501784801483154,
      "peak_cuda_mem_mib": 543.6943359375
    }
  },
  "comparison": {
    "common_count": 600,
    "mean_psnr_delta": -0.2244183890024821,
    "median_psnr_delta": -0.1965808868408203,
    "p5_psnr_delta": -0.8586223602294922,
    "p95_psnr_delta": 0.3209968566894527,
    "hard_bottom25_psnr_delta": -0.24027818044026691,
    "easy_top25_psnr_delta": -0.24179817199707032,
    "worst10pct_mean_psnr_delta": -0.9175272623697917,
    "best10pct_mean_psnr_delta": 0.37780132293701174,
    "worst10img_mean_psnr_delta": -1.2713945388793946,
    "best10img_mean_psnr_delta": 0.7336097717285156,
    "worst10_mean_psnr_delta": -0.9175272623697917,
    "best10_mean_psnr_delta": 0.37780132293701174,
    "mean_ssim_delta": -9.129335482915242e-05,
    "positive_ratio": 0.25666666666666665,
    "strong_reference_cut_psnr": 42.766201972961426,
    "strong_reference_count": 150,
    "strong_regression_count_delta_le_-0.05": 113,
    "worst_regression_count_delta_le_-0.20": 299
  }
}