{
  "runs": {
    "A0": {
      "label": "A0",
      "arch": "official_convir",
      "mode": "original",
      "checkpoint": "/sda/home/wangyuxin/ConvIR-B/checkpoints/official/Haze4K/haze4k-base.pkl",
      "depth_mode": "none",
      "airlight_mode": "none",
      "count": 600,
      "mean_psnr": 39.35034857114156,
      "mean_ssim": 0.9957262628277143,
      "avg_time_sec_sync": 0.04158103187878927,
      "median_time_sec_sync": 0.04187357425689697,
      "peak_cuda_mem_mib": 535.95654296875
    },
    "DTA_v33_v33_routerfusion_d1_loss_seed3407_f0_triage5full_gt_invert": {
      "label": "DTA_v33_v33_routerfusion_d1_loss_seed3407_f0_triage5full_gt_invert",
      "arch": "dta_v3",
      "mode": "modres",
      "checkpoint": "/sda/home/wangyuxin/ConvIR-B/repos/ConvIR-B-dta-v3-dapc-finetune-v33-routerfusion/Dehazing/ITS/results/ConvIR-Haze4K-DTA-v3-3-RouterFusion-d1_loss-seed3407-f0-triage5full/Training-Results/Final.pkl",
      "depth_mode": "invert",
      "airlight_mode": "gt",
      "count": 600,
      "mean_psnr": 39.390963096618655,
      "mean_ssim": 0.9957131445407867,
      "avg_time_sec_sync": 0.04949105898539225,
      "median_time_sec_sync": 0.04927515983581543,
      "peak_cuda_mem_mib": 542.02392578125
    }
  },
  "comparison": {
    "common_count": 600,
    "mean_psnr_delta": 0.04061452547709147,
    "median_psnr_delta": 0.04163932800292969,
    "p5_psnr_delta": -0.40771331787109377,
    "p95_psnr_delta": 0.46045665740966796,
    "hard_bottom25_psnr_delta": 0.016523399353027345,
    "easy_top25_psnr_delta": 0.051348241170247395,
    "worst10pct_mean_psnr_delta": -0.40959250132242836,
    "best10pct_mean_psnr_delta": 0.47407576243082683,
    "worst10img_mean_psnr_delta": -0.6230300903320313,
    "best10img_mean_psnr_delta": 0.6771598815917969,
    "worst10_mean_psnr_delta": -0.40959250132242836,
    "best10_mean_psnr_delta": 0.47407576243082683,
    "mean_ssim_delta": -1.3118286927541097e-05,
    "positive_ratio": 0.5916666666666667,
    "strong_reference_cut_psnr": 42.755948066711426,
    "strong_reference_count": 150,
    "strong_regression_count_delta_le_-0.05": 51,
    "worst_regression_count_delta_le_-0.20": 94
  }
}
