{
  "runs": {
    "A0": {
      "label": "A0",
      "arch": "official_convir",
      "mode": "original",
      "checkpoint": "/sda/home/wangyuxin/ConvIR-B/checkpoints/official/Haze4K/haze4k-base.pkl",
      "depth_mode": "none",
      "airlight_mode": "none",
      "count": 600,
      "mean_psnr": 39.35034857114156,
      "mean_ssim": 0.9957262628277143,
      "avg_time_sec_sync": 0.05654284874598185,
      "median_time_sec_sync": 0.0509563684463501,
      "peak_cuda_mem_mib": 537.50634765625
    },
    "DTA_v35_v35_fdf_rcs_l2_fdf_lite_s002_g025_bm2_seed3411_f0_quick5full_fallback_train_zero": {
      "label": "DTA_v35_v35_fdf_rcs_l2_fdf_lite_s002_g025_bm2_seed3411_f0_quick5full_fallback_train_zero",
      "arch": "dta_v3",
      "mode": "modres",
      "checkpoint": "/sda/home/wangyuxin/ConvIR-B/repos/ConvIR-B-dta-v3-5-fdf-rcs-lite/Dehazing/ITS/results/ConvIR-Haze4K-DTA-v3-5-FDF-RCS-l2_fdf_lite_s002_g025_bm2-seed3411_f0-quick5full/Training-Results/Final.pkl",
      "depth_mode": "zero",
      "airlight_mode": "fallback",
      "count": 600,
      "mean_psnr": 39.375931612650554,
      "mean_ssim": 0.9957203137874603,
      "avg_time_sec_sync": 0.07419143239657085,
      "median_time_sec_sync": 0.07013607025146484,
      "peak_cuda_mem_mib": 601.9677734375
    }
  },
  "comparison": {
    "common_count": 600,
    "mean_psnr_delta": 0.025583041508992512,
    "median_psnr_delta": 0.023183822631835938,
    "p5_psnr_delta": -0.23686752319335938,
    "p95_psnr_delta": 0.2741430282592772,
    "hard_bottom25_psnr_delta": 0.023937899271647134,
    "easy_top25_psnr_delta": 0.00896863301595052,
    "worst10pct_mean_psnr_delta": -0.25686063766479494,
    "best10pct_mean_psnr_delta": 0.2887619654337565,
    "worst10img_mean_psnr_delta": -0.42589759826660156,
    "best10img_mean_psnr_delta": 0.4075168609619141,
    "worst10_mean_psnr_delta": -0.25686063766479494,
    "best10_mean_psnr_delta": 0.2887619654337565,
    "mean_ssim_delta": -5.949040253957113e-06,
    "positive_ratio": 0.6033333333333334,
    "strong_reference_cut_psnr": 42.755948066711426,
    "strong_reference_count": 150,
    "strong_regression_count_delta_le_-0.05": 39,
    "worst_regression_count_delta_le_-0.20": 41
  }
}