{
  "runs": {
    "A0": {
      "label": "A0",
      "arch": "official_convir",
      "mode": "original",
      "checkpoint": "/sda/home/wangyuxin/ConvIR-B/checkpoints/official/Haze4K/haze4k-base.pkl",
      "depth_mode": "none",
      "count": 600,
      "mean_psnr": 39.024180043538415,
      "mean_ssim": 0.9954205108682315,
      "avg_time_sec_sync": 0.04882882793744405,
      "median_time_sec_sync": 0.04474830627441406,
      "peak_cuda_mem_mib": 535.56884765625
    },
    "DTA_v2_oof20_adapter_only_shuffle_seed3407_f2_final": {
      "label": "DTA_v2_oof20_adapter_only_shuffle_seed3407_f2_final",
      "arch": "dta_v2",
      "mode": "original",
      "checkpoint": "/sda/home/wangyuxin/ConvIR-B/repos/ConvIR-B-dta-v2-calibrated/Dehazing/ITS/results/ConvIR-Haze4K-DTA-v2-adapter_only-shuffle-seed3407-f2-oof20/Training-Results/Final.pkl",
      "depth_mode": "shuffle",
      "count": 600,
      "mean_psnr": 39.100020532608035,
      "mean_ssim": 0.9953997670610746,
      "avg_time_sec_sync": 0.04604769786198934,
      "median_time_sec_sync": 0.04124319553375244,
      "peak_cuda_mem_mib": 540.76171875
    }
  },
  "comparison": {
    "common_count": 600,
    "mean_psnr_delta": 0.07584048906962076,
    "median_psnr_delta": 0.07436084747314453,
    "p5_psnr_delta": -0.3611488342285156,
    "p95_psnr_delta": 0.5387491226196287,
    "hard_bottom25_psnr_delta": 0.024227256774902343,
    "easy_top25_psnr_delta": 0.08552808125813802,
    "worst10pct_mean_psnr_delta": -0.42475983301798503,
    "best10pct_mean_psnr_delta": 0.5835055669148763,
    "worst10img_mean_psnr_delta": -0.7392814636230469,
    "best10img_mean_psnr_delta": 0.8446842193603515,
    "worst10_mean_psnr_delta": -0.42475983301798503,
    "best10_mean_psnr_delta": 0.5835055669148763,
    "mean_ssim_delta": -2.0743807156880695e-05,
    "positive_ratio": 0.62,
    "strong_reference_cut_psnr": 42.41839599609375,
    "strong_reference_count": 150,
    "strong_regression_count_delta_le_-0.05": 51,
    "worst_regression_count_delta_le_-0.20": 93
  }
}