{
  "runs": {
    "A0": {
      "label": "A0",
      "arch": "official_convir",
      "mode": "original",
      "checkpoint": "/sda/home/wangyuxin/ConvIR-B/checkpoints/official/Haze4K/haze4k-base.pkl",
      "depth_mode": "none",
      "airlight_mode": "none",
      "count": 600,
      "mean_psnr": 39.75955163955688,
      "mean_ssim": 0.995632650355498,
      "avg_time_sec_sync": 0.04985053300857544,
      "median_time_sec_sync": 0.04066157341003418,
      "peak_cuda_mem_mib": 536.99169921875
    },
    "DTA_v35_v35_fdf_rcs_l4_fdf_lite_tail_s004_g025_bm2_seed3407_f1_quick5full_fallback_train_invert": {
      "label": "DTA_v35_v35_fdf_rcs_l4_fdf_lite_tail_s004_g025_bm2_seed3407_f1_quick5full_fallback_train_invert",
      "arch": "dta_v3",
      "mode": "modres",
      "checkpoint": "/sda/home/wangyuxin/ConvIR-B/repos/ConvIR-B-dta-v3-5-fdf-rcs-lite/Dehazing/ITS/results/ConvIR-Haze4K-DTA-v3-5-FDF-RCS-l4_fdf_lite_tail_s004_g025_bm2-seed3407_f1-quick5full/Training-Results/Final.pkl",
      "depth_mode": "invert",
      "airlight_mode": "fallback",
      "count": 600,
      "mean_psnr": 39.83723042170207,
      "mean_ssim": 0.995637919306755,
      "avg_time_sec_sync": 0.07872872630755107,
      "median_time_sec_sync": 0.07424044609069824,
      "peak_cuda_mem_mib": 601.8427734375
    }
  },
  "comparison": {
    "common_count": 600,
    "mean_psnr_delta": 0.0776787821451823,
    "median_psnr_delta": 0.08002090454101562,
    "p5_psnr_delta": -0.3748624801635742,
    "p95_psnr_delta": 0.5246068954467771,
    "hard_bottom25_psnr_delta": 0.09295387268066406,
    "easy_top25_psnr_delta": 0.05664883931477865,
    "worst10pct_mean_psnr_delta": -0.45371570587158205,
    "best10pct_mean_psnr_delta": 0.5847743352254232,
    "worst10img_mean_psnr_delta": -0.8080093383789062,
    "best10img_mean_psnr_delta": 0.8444084167480469,
    "worst10_mean_psnr_delta": -0.45371570587158205,
    "best10_mean_psnr_delta": 0.5847743352254232,
    "mean_ssim_delta": 5.268951257069905e-06,
    "positive_ratio": 0.6416666666666667,
    "strong_reference_cut_psnr": 42.834919929504395,
    "strong_reference_count": 150,
    "strong_regression_count_delta_le_-0.05": 53,
    "worst_regression_count_delta_le_-0.20": 82
  }
}