{
  "runs": {
    "A0": {
      "label": "A0",
      "arch": "official_convir",
      "mode": "original",
      "checkpoint": "/sda/home/wangyuxin/ConvIR-B/checkpoints/official/Haze4K/haze4k-base.pkl",
      "depth_mode": "none",
      "count": 600,
      "mean_psnr": 39.35034857114156,
      "mean_ssim": 0.9957262628277143,
      "avg_time_sec_sync": 0.038071133693059284,
      "median_time_sec_sync": 0.038669705390930176,
      "peak_cuda_mem_mib": 535.95654296875
    },
    "DTA_v2_oof20_adapter_only_normal_seed3407_f0_final": {
      "label": "DTA_v2_oof20_adapter_only_normal_seed3407_f0_final",
      "arch": "dta_v2",
      "mode": "original",
      "checkpoint": "/sda/home/wangyuxin/ConvIR-B/repos/ConvIR-B-dta-v2-calibrated/Dehazing/ITS/results/ConvIR-Haze4K-DTA-v2-adapter_only-normal-seed3407-f0-oof20/Training-Results/Final.pkl",
      "depth_mode": "normal",
      "count": 600,
      "mean_psnr": 39.45635814666748,
      "mean_ssim": 0.9957217369476954,
      "avg_time_sec_sync": 0.04582922617594401,
      "median_time_sec_sync": 0.044970035552978516,
      "peak_cuda_mem_mib": 540.5107421875
    }
  },
  "comparison": {
    "common_count": 600,
    "mean_psnr_delta": 0.1060095755259196,
    "median_psnr_delta": 0.09638404846191406,
    "p5_psnr_delta": -0.4328304290771484,
    "p95_psnr_delta": 0.7676156997680659,
    "hard_bottom25_psnr_delta": 0.10472367604573568,
    "easy_top25_psnr_delta": 0.08784884134928385,
    "worst10pct_mean_psnr_delta": -0.506706428527832,
    "best10pct_mean_psnr_delta": 0.7941658655802409,
    "worst10img_mean_psnr_delta": -0.9273078918457032,
    "best10img_mean_psnr_delta": 1.1464046478271483,
    "worst10_mean_psnr_delta": -0.506706428527832,
    "best10_mean_psnr_delta": 0.7941658655802409,
    "mean_ssim_delta": -4.525880018870036e-06,
    "positive_ratio": 0.6466666666666666,
    "strong_reference_cut_psnr": 42.755948066711426,
    "strong_reference_count": 150,
    "strong_regression_count_delta_le_-0.05": 56,
    "worst_regression_count_delta_le_-0.20": 98
  }
}