{
  "candidate_mode": "fam2_modres_gamma_bounded",
  "candidate_name": "fam2_modres_gamma_bounded",
  "checkpoint": "/root/autodl-tmp/workspace/ConvIR-B/Dehazing/ITS/results/ConvIR-Haze4K-fam2_modres_gamma_bounded-stop20-seed3407-20260601/Training-Results/Final.pkl",
  "compare_csv": "/root/autodl-tmp/workspace/ConvIR-B/Dehazing/ITS/results/ConvIR-Haze4K-fam2-bounded-gamma-stop20-20260601/logs/scout_eval_per_image_seed3407_stop20_last.csv",
  "fam": "FAM2",
  "overall": {
    "count": 1000,
    "mean_delta_psnr": -0.9060176162719726,
    "median_delta_psnr": -0.5857677459716797,
    "p5_delta_psnr": -6.360003566741943,
    "p95_delta_psnr": 4.249399471282958,
    "regression_delta_le_-0.05": 597,
    "regression_delta_le_-0.20": 567,
    "gamma_mean": -0.004548720149556175,
    "gamma_abs_mean": 0.026425372732803227,
    "gamma_std": 0.0331076819319278,
    "gamma_min": -0.09999983757734299,
    "gamma_max": 0.09999904036521912,
    "gamma_abs_gt_0.05": 0.14478267733752728,
    "gamma_abs_gt_0.10": 0.0,
    "gamma_abs_gt_0.09": 0.00638169605989242,
    "beta_present": 0.0,
    "beta_mean": 0.0,
    "beta_abs_mean": 0.0,
    "beta_std": 0.0,
    "beta_min": 0.0,
    "beta_max": 0.0,
    "beta_abs_gt_0.02": 0.0,
    "beta_abs_gt_0.05": 0.0,
    "beta_abs_gt_0.1": 0.0
  },
  "difficulty_buckets_by_original_psnr": {
    "hard_bottom_25pct": {
      "count": 250,
      "mean_delta_psnr": 1.1242096824645995,
      "median_delta_psnr": 0.7674846649169922,
      "p5_delta_psnr": -3.5266973018646244,
      "p95_delta_psnr": 6.482503986358643,
      "regression_delta_le_-0.05": 97,
      "regression_delta_le_-0.20": 91,
      "gamma_mean": -0.004684354877099395,
      "gamma_abs_mean": 0.025524118669331075,
      "gamma_std": 0.03209442027658224,
      "gamma_min": -0.09999983757734299,
      "gamma_max": 0.09999854117631912,
      "gamma_abs_gt_0.05": 0.13316322281956672,
      "gamma_abs_gt_0.10": 0.0,
      "gamma_abs_gt_0.09": 0.005323139277286827,
      "beta_present": 0.0,
      "beta_mean": 0.0,
      "beta_abs_mean": 0.0,
      "beta_std": 0.0,
      "beta_min": 0.0,
      "beta_max": 0.0,
      "beta_abs_gt_0.02": 0.0,
      "beta_abs_gt_0.05": 0.0,
      "beta_abs_gt_0.1": 0.0
    },
    "medium_middle_50pct": {
      "count": 500,
      "mean_delta_psnr": -0.8716747283935546,
      "median_delta_psnr": -0.4966583251953125,
      "p5_delta_psnr": -5.9981433868408205,
      "p95_delta_psnr": 3.6430451393127448,
      "regression_delta_le_-0.05": 294,
      "regression_delta_le_-0.20": 278,
      "gamma_mean": -0.004569161259569228,
      "gamma_abs_mean": 0.02638854565471411,
      "gamma_std": 0.03306706965714693,
      "gamma_min": -0.09999977797269821,
      "gamma_max": 0.09999904036521912,
      "gamma_abs_gt_0.05": 0.1452356441617012,
      "gamma_abs_gt_0.10": 0.0,
      "gamma_abs_gt_0.09": 0.00603659288410563,
      "beta_present": 0.0,
      "beta_mean": 0.0,
      "beta_abs_mean": 0.0,
      "beta_std": 0.0,
      "beta_min": 0.0,
      "beta_max": 0.0,
      "beta_abs_gt_0.02": 0.0,
      "beta_abs_gt_0.05": 0.0,
      "beta_abs_gt_0.1": 0.0
    },
    "easy_top_25pct": {
      "count": 250,
      "mean_delta_psnr": -3.0049306907653808,
      "median_delta_psnr": -2.466226577758789,
      "p5_delta_psnr": -9.1946702003479,
      "p95_delta_psnr": 1.200226211547853,
      "regression_delta_le_-0.05": 206,
      "regression_delta_le_-0.20": 198,
      "gamma_mean": -0.004372203201986849,
      "gamma_abs_mean": 0.02740028095245361,
      "gamma_std": 0.0342021681368351,
      "gamma_min": -0.09999918937683105,
      "gamma_max": 0.09999828040599823,
      "gamma_abs_gt_0.05": 0.15549619820713997,
      "gamma_abs_gt_0.10": 0.0,
      "gamma_abs_gt_0.09": 0.008130459194071592,
      "beta_present": 0.0,
      "beta_mean": 0.0,
      "beta_abs_mean": 0.0,
      "beta_std": 0.0,
      "beta_min": 0.0,
      "beta_max": 0.0,
      "beta_abs_gt_0.02": 0.0,
      "beta_abs_gt_0.05": 0.0,
      "beta_abs_gt_0.1": 0.0
    }
  },
  "interpretation_note": "Ideal bounded behavior: hard bucket has larger gamma/beta magnitude than easy bucket, while easy bucket modulation remains close to zero."
}