{
  "runs": {
    "a0": {
      "label": "a0",
      "arch": "convir",
      "mode": "original",
      "checkpoint": "/root/autodl-tmp/workspace/ConvIR-B/Dehazing/pretrained_models/haze4k-base.pkl",
      "count": 300,
      "mean_psnr": 39.4691934076945,
      "mean_ssim": 0.995602763692538,
      "avg_time_sec_sync": 0.028953389326731364,
      "median_time_sec_sync": 0.03003668785095215,
      "peak_cuda_mem_mib": 535.27294921875
    },
    "v19_seed929_model_10_val_regular": {
      "label": "v19_seed929_model_10_val_regular",
      "arch": "dpga",
      "mode": "model_10",
      "checkpoint": "/root/autodl-tmp/workspace/ConvIR-B-v1-9-conditional-teacher/experience_docx/experiment_logs/haze4k_v19_conditional_teacher_guided_20260606/seed_929/checkpoints/model_10.pkl",
      "count": 300,
      "mean_psnr": 36.89085221449534,
      "mean_ssim": 0.9895217203597227,
      "avg_time_sec_sync": 0.03865669091542562,
      "median_time_sec_sync": 0.044083476066589355,
      "peak_cuda_mem_mib": 1163.6376953125
    }
  },
  "comparison": {
    "common_count": 300,
    "mean_psnr_delta": -2.5783411931991576,
    "median_psnr_delta": -2.273099899291992,
    "p5_psnr_delta": -5.632978630065918,
    "p95_psnr_delta": -0.11484279632568338,
    "hard_bottom25_psnr_delta": -1.7110992940266927,
    "easy_top25_psnr_delta": -2.929939422607422,
    "worst10pct_mean_psnr_delta": -7.06215828259786,
    "best10pct_mean_psnr_delta": 0.33340848286946617,
    "worst10img_mean_psnr_delta": -10.601145601272583,
    "best10img_mean_psnr_delta": 1.46201171875,
    "worst10_mean_psnr_delta": -7.06215828259786,
    "best10_mean_psnr_delta": 0.33340848286946617,
    "mean_ssim_delta": -0.00608104333281517,
    "positive_ratio": 0.04666666666666667,
    "strong_reference_cut_psnr": 42.45430278778076,
    "strong_reference_count": 75,
    "strong_regression_count_delta_le_-0.05": 74,
    "worst_regression_count_delta_le_-0.20": 280
  }
}