{
  "runs": {
    "a0": {
      "label": "a0",
      "arch": "convir",
      "mode": "original",
      "checkpoint": "/root/autodl-tmp/workspace/ConvIR-B/Dehazing/pretrained_models/haze4k-base.pkl",
      "count": 300,
      "mean_psnr": 34.24652523676554,
      "mean_ssim": 0.9936463173230489,
      "avg_time_sec_sync": 0.02781826337178548,
      "median_time_sec_sync": 0.02698218822479248,
      "peak_cuda_mem_mib": 536.22607421875
    },
    "v19_seed929_model_5_val_hard": {
      "label": "v19_seed929_model_5_val_hard",
      "arch": "dpga",
      "mode": "model_5",
      "checkpoint": "/root/autodl-tmp/workspace/ConvIR-B-v1-9-conditional-teacher/experience_docx/experiment_logs/haze4k_v19_conditional_teacher_guided_20260606/seed_929/checkpoints/model_5.pkl",
      "count": 300,
      "mean_psnr": 33.56955109278361,
      "mean_ssim": 0.9922485997279485,
      "avg_time_sec_sync": 0.0328767720858256,
      "median_time_sec_sync": 0.03059065341949463,
      "peak_cuda_mem_mib": 1163.5126953125
    }
  },
  "comparison": {
    "common_count": 300,
    "mean_psnr_delta": -0.6769741439819336,
    "median_psnr_delta": -0.6351871490478516,
    "p5_psnr_delta": -2.261574935913086,
    "p95_psnr_delta": 0.9614589691162113,
    "hard_bottom25_psnr_delta": -0.739034907023112,
    "easy_top25_psnr_delta": -0.6437634785970052,
    "worst10pct_mean_psnr_delta": -2.4586079915364585,
    "best10pct_mean_psnr_delta": 1.1829166412353516,
    "worst10img_mean_psnr_delta": -2.9917171478271483,
    "best10img_mean_psnr_delta": 1.9423604965209962,
    "worst10_mean_psnr_delta": -2.4586079915364585,
    "best10_mean_psnr_delta": 1.1829166412353516,
    "mean_ssim_delta": -0.001397717595100403,
    "positive_ratio": 0.23,
    "strong_reference_cut_psnr": 36.437724113464355,
    "strong_reference_count": 75,
    "strong_regression_count_delta_le_-0.05": 54,
    "worst_regression_count_delta_le_-0.20": 212
  }
}