{
  "runs": {
    "a0": {
      "label": "a0",
      "arch": "convir",
      "mode": "original",
      "checkpoint": "/root/autodl-tmp/workspace/ConvIR-B/Dehazing/pretrained_models/haze4k-base.pkl",
      "count": 300,
      "mean_psnr": 34.24652523676554,
      "mean_ssim": 0.993646317521731,
      "avg_time_sec_sync": 0.027937484582265217,
      "median_time_sec_sync": 0.02363133430480957,
      "peak_cuda_mem_mib": 536.22607421875
    },
    "v19_seed929_model_15_val_hard": {
      "label": "v19_seed929_model_15_val_hard",
      "arch": "dpga",
      "mode": "model_15",
      "checkpoint": "/root/autodl-tmp/workspace/ConvIR-B-v1-9-conditional-teacher/experience_docx/experiment_logs/haze4k_v19_conditional_teacher_guided_20260606/seed_929/checkpoints/model_15.pkl",
      "count": 300,
      "mean_psnr": 31.9149725151062,
      "mean_ssim": 0.9884431765476862,
      "avg_time_sec_sync": 0.034252627690633135,
      "median_time_sec_sync": 0.031510233879089355,
      "peak_cuda_mem_mib": 1163.5126953125
    }
  },
  "comparison": {
    "common_count": 300,
    "mean_psnr_delta": -2.3315527216593424,
    "median_psnr_delta": -2.4175920486450195,
    "p5_psnr_delta": -5.106082534790039,
    "p95_psnr_delta": 0.6194793701171879,
    "hard_bottom25_psnr_delta": -2.1808440907796225,
    "easy_top25_psnr_delta": -2.740161870320638,
    "worst10pct_mean_psnr_delta": -5.267441495259603,
    "best10pct_mean_psnr_delta": 1.2113139470418295,
    "worst10img_mean_psnr_delta": -6.096392059326172,
    "best10img_mean_psnr_delta": 2.826595497131348,
    "worst10_mean_psnr_delta": -5.267441495259603,
    "best10_mean_psnr_delta": 1.2113139470418295,
    "mean_ssim_delta": -0.0052031409740448,
    "positive_ratio": 0.08666666666666667,
    "strong_reference_cut_psnr": 36.437724113464355,
    "strong_reference_count": 75,
    "strong_regression_count_delta_le_-0.05": 68,
    "worst_regression_count_delta_le_-0.20": 269
  }
}