{
  "runs": {
    "A0": {
      "label": "A0",
      "arch": "official_convir",
      "mode": "original",
      "checkpoint": "/sda/home/wangyuxin/ConvIR-B/checkpoints/official/Haze4K/haze4k-base.pkl",
      "depth_mode": "none",
      "airlight_mode": "none",
      "count": 600,
      "mean_psnr": 39.75955163955688,
      "mean_ssim": 0.995632650355498,
      "avg_time_sec_sync": 0.03312122742335002,
      "median_time_sec_sync": 0.030107498168945312,
      "peak_cuda_mem_mib": 535.56884765625
    },
    "DTA_v33_v33_routerfusion_d3_router_seed3411_f1_triage5full_fallback_invert": {
      "label": "DTA_v33_v33_routerfusion_d3_router_seed3411_f1_triage5full_fallback_invert",
      "arch": "dta_v3",
      "mode": "modres",
      "checkpoint": "/sda/home/wangyuxin/ConvIR-B/repos/ConvIR-B-dta-v3-dapc-finetune-v33-routerfusion/Dehazing/ITS/results/ConvIR-Haze4K-DTA-v3-3-RouterFusion-d3_router-seed3411-f1-triage5full/Training-Results/Final.pkl",
      "depth_mode": "invert",
      "airlight_mode": "fallback",
      "count": 600,
      "mean_psnr": 39.75113500595093,
      "mean_ssim": 0.9956247385342916,
      "avg_time_sec_sync": 0.055029896100362144,
      "median_time_sec_sync": 0.05454814434051514,
      "peak_cuda_mem_mib": 541.5390625
    }
  },
  "comparison": {
    "common_count": 600,
    "mean_psnr_delta": -0.00841663360595703,
    "median_psnr_delta": -0.006252288818359375,
    "p5_psnr_delta": -0.3268129348754883,
    "p95_psnr_delta": 0.3073740005493163,
    "hard_bottom25_psnr_delta": -0.004167658487955729,
    "easy_top25_psnr_delta": 0.01020538330078125,
    "worst10pct_mean_psnr_delta": -0.3948891957600911,
    "best10pct_mean_psnr_delta": 0.35073877970377604,
    "worst10img_mean_psnr_delta": -0.758792495727539,
    "best10img_mean_psnr_delta": 0.5717460632324218,
    "worst10_mean_psnr_delta": -0.3948891957600911,
    "best10_mean_psnr_delta": 0.35073877970377604,
    "mean_ssim_delta": -7.911821206410727e-06,
    "positive_ratio": 0.4866666666666667,
    "strong_reference_cut_psnr": 42.834919929504395,
    "strong_reference_count": 150,
    "strong_regression_count_delta_le_-0.05": 52,
    "worst_regression_count_delta_le_-0.20": 78
  }
}
