{
  "runs": {
    "A0": {
      "label": "A0",
      "arch": "official_convir",
      "mode": "original",
      "checkpoint": "/sda/home/wangyuxin/ConvIR-B/checkpoints/official/Haze4K/haze4k-base.pkl",
      "depth_mode": "none",
      "airlight_mode": "none",
      "count": 600,
      "mean_psnr": 39.75955163955688,
      "mean_ssim": 0.995632650355498,
      "avg_time_sec_sync": 0.04135417461395264,
      "median_time_sec_sync": 0.042035818099975586,
      "peak_cuda_mem_mib": 535.56884765625
    },
    "DTA_v33_v33_routerfusion_d1_loss_seed3411_f1_triage5full_gt_invert": {
      "label": "DTA_v33_v33_routerfusion_d1_loss_seed3411_f1_triage5full_gt_invert",
      "arch": "dta_v3",
      "mode": "modres",
      "checkpoint": "/sda/home/wangyuxin/ConvIR-B/repos/ConvIR-B-dta-v3-dapc-finetune-v33-routerfusion/Dehazing/ITS/results/ConvIR-Haze4K-DTA-v3-3-RouterFusion-d1_loss-seed3411-f1-triage5full/Training-Results/Final.pkl",
      "depth_mode": "invert",
      "airlight_mode": "gt",
      "count": 600,
      "mean_psnr": 39.8052271270752,
      "mean_ssim": 0.995629508694013,
      "avg_time_sec_sync": 0.04968466599782308,
      "median_time_sec_sync": 0.04915142059326172,
      "peak_cuda_mem_mib": 541.85205078125
    }
  },
  "comparison": {
    "common_count": 600,
    "mean_psnr_delta": 0.04567548751831055,
    "median_psnr_delta": 0.043692588806152344,
    "p5_psnr_delta": -0.3339109420776367,
    "p95_psnr_delta": 0.41766872406005817,
    "hard_bottom25_psnr_delta": 0.05204060872395833,
    "easy_top25_psnr_delta": 0.042960866292317705,
    "worst10pct_mean_psnr_delta": -0.3849628448486328,
    "best10pct_mean_psnr_delta": 0.4664845148722331,
    "worst10img_mean_psnr_delta": -0.6507160186767578,
    "best10img_mean_psnr_delta": 0.7104240417480469,
    "worst10_mean_psnr_delta": -0.3849628448486328,
    "best10_mean_psnr_delta": 0.4664845148722331,
    "mean_ssim_delta": -3.1416614850362143e-06,
    "positive_ratio": 0.6083333333333333,
    "strong_reference_cut_psnr": 42.834919929504395,
    "strong_reference_count": 150,
    "strong_regression_count_delta_le_-0.05": 49,
    "worst_regression_count_delta_le_-0.20": 77
  }
}
