{
  "runs": {
    "A0": {
      "label": "A0",
      "arch": "official_convir",
      "mode": "original",
      "checkpoint": "/sda/home/wangyuxin/ConvIR-B/checkpoints/official/Haze4K/haze4k-base.pkl",
      "depth_mode": "none",
      "airlight_mode": "none",
      "count": 600,
      "mean_psnr": 39.75955163955688,
      "mean_ssim": 0.995632650355498,
      "avg_time_sec_sync": 0.045177674293518065,
      "median_time_sec_sync": 0.04239988327026367,
      "peak_cuda_mem_mib": 535.56884765625
    },
    "DTA_v33_v33_routerfusion_d2_lowphys_seed3407_f1_triage5full_fallback_normal": {
      "label": "DTA_v33_v33_routerfusion_d2_lowphys_seed3407_f1_triage5full_fallback_normal",
      "arch": "dta_v3",
      "mode": "modres",
      "checkpoint": "/sda/home/wangyuxin/ConvIR-B/repos/ConvIR-B-dta-v3-dapc-finetune-v33-routerfusion/Dehazing/ITS/results/ConvIR-Haze4K-DTA-v3-3-RouterFusion-d2_lowphys-seed3407-f1-triage5full/Training-Results/Final.pkl",
      "depth_mode": "normal",
      "airlight_mode": "fallback",
      "count": 600,
      "mean_psnr": 39.783269300460816,
      "mean_ssim": 0.9956259387731552,
      "avg_time_sec_sync": 0.05711265683174133,
      "median_time_sec_sync": 0.053664445877075195,
      "peak_cuda_mem_mib": 541.5703125
    }
  },
  "comparison": {
    "common_count": 600,
    "mean_psnr_delta": 0.023717660903930664,
    "median_psnr_delta": 0.020782470703125,
    "p5_psnr_delta": -0.1840221405029297,
    "p95_psnr_delta": 0.25895309448242176,
    "hard_bottom25_psnr_delta": 0.026264737447102865,
    "easy_top25_psnr_delta": 0.014819081624348958,
    "worst10pct_mean_psnr_delta": -0.22903099060058593,
    "best10pct_mean_psnr_delta": 0.2887451171875,
    "worst10img_mean_psnr_delta": -0.4130035400390625,
    "best10img_mean_psnr_delta": 0.440093994140625,
    "worst10_mean_psnr_delta": -0.22903099060058593,
    "best10_mean_psnr_delta": 0.2887451171875,
    "mean_ssim_delta": -6.7115823427836104e-06,
    "positive_ratio": 0.5633333333333334,
    "strong_reference_cut_psnr": 42.834919929504395,
    "strong_reference_count": 150,
    "strong_regression_count_delta_le_-0.05": 51,
    "worst_regression_count_delta_le_-0.20": 24
  }
}
