{
  "runs": {
    "A0": {
      "label": "A0",
      "arch": "official_convir",
      "mode": "original",
      "checkpoint": "/sda/home/wangyuxin/ConvIR-B/checkpoints/official/Haze4K/haze4k-base.pkl",
      "depth_mode": "none",
      "count": 600,
      "mean_psnr": 39.35034857114156,
      "mean_ssim": 0.9957262628277143,
      "avg_time_sec_sync": 0.04208334962526957,
      "median_time_sec_sync": 0.04063284397125244,
      "peak_cuda_mem_mib": 535.95654296875
    },
    "DTA_v3_scout5full_depthDirect_invert_seed3407_f0_evalnormal": {
      "label": "DTA_v3_scout5full_depthDirect_invert_seed3407_f0_evalnormal",
      "arch": "dta_v3",
      "mode": "modres",
      "checkpoint": "/sda/home/wangyuxin/ConvIR-B/repos/ConvIR-B-dta-v3-dapc-finetune-depthdirect/Dehazing/ITS/results/ConvIR-Haze4K-DTA-v3-DAPC-DepthDirect-invert-seed3407-f0-scout5full/Training-Results/Final.pkl",
      "depth_mode": "normal",
      "count": 600,
      "mean_psnr": 39.33495614051819,
      "mean_ssim": 0.9957016776005427,
      "avg_time_sec_sync": 0.05223380963007609,
      "median_time_sec_sync": 0.0521770715713501,
      "peak_cuda_mem_mib": 540.7724609375
    }
  },
  "comparison": {
    "common_count": 600,
    "mean_psnr_delta": -0.015392430623372396,
    "median_psnr_delta": -0.00018310546875,
    "p5_psnr_delta": -0.2286478042602539,
    "p95_psnr_delta": 0.15121288299560545,
    "hard_bottom25_psnr_delta": -0.02337702433268229,
    "easy_top25_psnr_delta": 0.005493748982747396,
    "worst10pct_mean_psnr_delta": -0.2689023653666178,
    "best10pct_mean_psnr_delta": 0.17845017115275066,
    "worst10img_mean_psnr_delta": -0.4879154205322266,
    "best10img_mean_psnr_delta": 0.29773521423339844,
    "worst10_mean_psnr_delta": -0.2689023653666178,
    "best10_mean_psnr_delta": 0.17845017115275066,
    "mean_ssim_delta": -2.4585227171579998e-05,
    "positive_ratio": 0.49666666666666665,
    "strong_reference_cut_psnr": 42.755948066711426,
    "strong_reference_count": 150,
    "strong_regression_count_delta_le_-0.05": 31,
    "worst_regression_count_delta_le_-0.20": 40
  }
}