{
  "runs": {
    "A0": {
      "label": "A0",
      "arch": "official_convir",
      "mode": "original",
      "checkpoint": "/home/caozhiyang/ConvIR-B/checkpoints/official/Haze4K/haze4k-base.pkl",
      "depth_mode": "none",
      "airlight_mode": "none",
      "count": 600,
      "mean_psnr": 39.75413154284159,
      "mean_ssim": 0.9956292870640755,
      "avg_time_sec_sync": 0.024908045927683514,
      "median_time_sec_sync": 0.025319337844848633,
      "peak_cuda_mem_mib": 535.44482421875
    },
    "DTA_v34_v34_fdf_tsr_e1_feature_only_seed3411_f1_quick5full_fallback_train_normal": {
      "label": "DTA_v34_v34_fdf_tsr_e1_feature_only_seed3411_f1_quick5full_fallback_train_normal",
      "arch": "dta_v3",
      "mode": "modres",
      "checkpoint": "/home/caozhiyang/ConvIR-B/repos/ConvIR-B-dta-v3-4-fdf-tsr-finetune/Dehazing/ITS/results/ConvIR-Haze4K-DTA-v3-4-FDF-TSR-e1_feature_only-seed3411_f1-quick5full/Training-Results/Final.pkl",
      "depth_mode": "normal",
      "airlight_mode": "fallback",
      "count": 600,
      "mean_psnr": 39.53938914616903,
      "mean_ssim": 0.9955571362376213,
      "avg_time_sec_sync": 0.03490238348642985,
      "median_time_sec_sync": 0.034984707832336426,
      "peak_cuda_mem_mib": 544.2802734375
    }
  },
  "comparison": {
    "common_count": 600,
    "mean_psnr_delta": -0.21474239667256673,
    "median_psnr_delta": -0.20711040496826172,
    "p5_psnr_delta": -0.8018573760986328,
    "p95_psnr_delta": 0.3204730987548827,
    "hard_bottom25_psnr_delta": -0.2175442377726237,
    "easy_top25_psnr_delta": -0.1150744374593099,
    "worst10pct_mean_psnr_delta": -0.8657257397969563,
    "best10pct_mean_psnr_delta": 0.400304921468099,
    "worst10img_mean_psnr_delta": -1.2296001434326171,
    "best10img_mean_psnr_delta": 0.7992599487304688,
    "worst10_mean_psnr_delta": -0.8657257397969563,
    "best10_mean_psnr_delta": 0.400304921468099,
    "mean_ssim_delta": -7.21508264541626e-05,
    "positive_ratio": 0.235,
    "strong_reference_cut_psnr": 42.84021854400635,
    "strong_reference_count": 150,
    "strong_regression_count_delta_le_-0.05": 88,
    "worst_regression_count_delta_le_-0.20": 305
  }
}