{
  "runs": {
    "a0": {
      "mode": "original",
      "arch": "convir",
      "checkpoint": "/root/autodl-tmp/workspace/ConvIR-B/Dehazing/pretrained_models/haze4k-base.pkl",
      "count": 1000,
      "mean_psnr": 34.140645500183105,
      "mean_ssim": 0.9897101619243622,
      "avg_time_sec_sync": 0.049881145238876344,
      "median_time_sec_sync": 0.06024158000946045,
      "peak_cuda_mem_mib": 570.69287109375,
      "label": "a0"
    },
    "saferhfd_v2_rhfd2_0.70_rhfd1_0.70_vs_a0": {
      "mode": "original",
      "arch": "pfd",
      "checkpoint": "/root/autodl-tmp/workspace/ConvIR-B-saferhfd-v2-stage-scale/Dehazing/ITS/results/PFD-SafeRHFD-v2-rhfd2-0.70-rhfd1-0.70/Training-Results/Best.pkl",
      "count": 1000,
      "mean_psnr": 34.15128055000305,
      "mean_ssim": 0.989723296046257,
      "avg_time_sec_sync": 0.048874253511428836,
      "median_time_sec_sync": 0.056111812591552734,
      "peak_cuda_mem_mib": 572.24658203125,
      "label": "saferhfd_v2_rhfd2_0.70_rhfd1_0.70_vs_a0"
    }
  },
  "comparison": {
    "common_count": 1000,
    "mean_psnr_delta": 0.010635049819946289,
    "median_psnr_delta": 0.00045013427734375,
    "p5_psnr_delta": -0.02868661880493164,
    "p95_psnr_delta": 0.03176918029785156,
    "worst10_mean_psnr_delta": -0.033930187225341794,
    "best10_mean_psnr_delta": 0.1313047981262207,
    "mean_ssim_delta": 1.3134121894836427e-05,
    "strong_reference_cut_psnr": 39.08926200866699,
    "strong_reference_count": 250,
    "strong_regression_count_delta_le_-0.05": 0,
    "worst_regression_count_delta_le_-0.20": 0
  }
}