{
  "runs": {
    "a0": {
      "mode": "original",
      "arch": "convir",
      "checkpoint": "/root/autodl-tmp/workspace/ConvIR-B/Dehazing/pretrained_models/haze4k-base.pkl",
      "count": 1000,
      "mean_psnr": 34.140645500183105,
      "mean_ssim": 0.9897101619243622,
      "avg_time_sec_sync": 0.05272991943359375,
      "median_time_sec_sync": 0.05585062503814697,
      "peak_cuda_mem_mib": 570.69287109375,
      "label": "a0"
    },
    "saferhfd_v2_rhfd2_0.80_rhfd1_0.60_vs_a0": {
      "mode": "original",
      "arch": "pfd",
      "checkpoint": "/root/autodl-tmp/workspace/ConvIR-B-saferhfd-v2-stage-scale/Dehazing/ITS/results/PFD-SafeRHFD-v2-rhfd2-0.80-rhfd1-0.60/Training-Results/Best.pkl",
      "count": 1000,
      "mean_psnr": 34.151686723709105,
      "mean_ssim": 0.9897243920564651,
      "avg_time_sec_sync": 0.06087827730178833,
      "median_time_sec_sync": 0.06256937980651855,
      "peak_cuda_mem_mib": 572.24658203125,
      "label": "saferhfd_v2_rhfd2_0.80_rhfd1_0.60_vs_a0"
    }
  },
  "comparison": {
    "common_count": 1000,
    "mean_psnr_delta": 0.011041223526000976,
    "median_psnr_delta": 0.0004901885986328125,
    "p5_psnr_delta": -0.02971038818359375,
    "p95_psnr_delta": 0.036147212982177726,
    "worst10_mean_psnr_delta": -0.03659112930297852,
    "best10_mean_psnr_delta": 0.13939905166625977,
    "mean_ssim_delta": 1.4230132102966308e-05,
    "strong_reference_cut_psnr": 39.08926200866699,
    "strong_reference_count": 250,
    "strong_regression_count_delta_le_-0.05": 1,
    "worst_regression_count_delta_le_-0.20": 0
  }
}