{
  "source_csv": "/root/autodl-tmp/workspace/ConvIR-B-saferhfd-v2-stage-scale/experience_docx/experiment_logs/haze4k_saferhfd_v2_stage_scale_20260602/scout_eval_per_image_saferhfd_v2_rhfd2_0.50_rhfd1_0.70_vs_a0.csv",
  "candidate_name": "saferhfd_v2_rhfd2_0.50_rhfd1_0.70_vs_a0",
  "overall": {
    "count": 1000,
    "mean_delta_psnr": 0.007790243148803711,
    "median_delta_psnr": 0.000858306884765625,
    "p5_delta_psnr": -0.02141876220703125,
    "p95_delta_psnr": 0.025742530822753906,
    "positive_delta_count": 525,
    "positive_delta_ratio": 0.525,
    "regression_delta_le_-0.05": 4,
    "regression_delta_le_-0.10": 2,
    "regression_delta_le_-0.20": 1,
    "gain_delta_ge_0.05": 6,
    "gain_delta_ge_0.10": 2,
    "mean_delta_ssim": 1.0677039623260498e-05,
    "median_delta_ssim": -5.960464477539063e-08,
    "worst_10_mean_delta_psnr": -0.06964950561523438,
    "best_10_mean_delta_psnr": 0.7213954925537109,
    "top1_gain_name": "508_0.72_1.04.png",
    "top1_gain_delta_psnr": 5.979907989501953,
    "mean_delta_psnr_excluding_top1_gain": 0.0018121473066083661
  },
  "difficulty_buckets_by_original_psnr": {
    "hard_bottom_25pct": {
      "original_psnr_range": [
        14.919734954833984,
        29.733125686645508
      ],
      "count": 250,
      "mean_delta_psnr": 0.0222833251953125,
      "median_delta_psnr": -0.0013570785522460938,
      "p5_delta_psnr": -0.017937469482421874,
      "p95_delta_psnr": 0.017369937896728527,
      "positive_delta_count": 110,
      "positive_delta_ratio": 0.44,
      "regression_delta_le_-0.05": 2,
      "regression_delta_le_-0.10": 2,
      "regression_delta_le_-0.20": 1,
      "gain_delta_ge_0.05": 2,
      "gain_delta_ge_0.10": 1,
      "mean_delta_ssim": 4.3070077896118164e-05,
      "median_delta_ssim": -2.086162567138672e-06,
      "worst_10_mean_delta_psnr": -0.047878265380859375,
      "best_10_mean_delta_psnr": 0.6238504409790039,
      "top1_gain_name": "508_0.72_1.04.png",
      "top1_gain_delta_psnr": 5.979907989501953,
      "mean_delta_psnr_excluding_top1_gain": -0.0016428782757985066
    },
    "medium_middle_50pct": {
      "original_psnr_range": [
        29.737844467163086,
        39.08415985107422
      ],
      "count": 500,
      "mean_delta_psnr": 0.0009762992858886719,
      "median_delta_psnr": 0.0012969970703125,
      "p5_delta_psnr": -0.023996543884277344,
      "p95_delta_psnr": 0.02577781677246094,
      "positive_delta_count": 267,
      "positive_delta_ratio": 0.534,
      "regression_delta_le_-0.05": 2,
      "regression_delta_le_-0.10": 0,
      "regression_delta_le_-0.20": 0,
      "gain_delta_ge_0.05": 1,
      "gain_delta_ge_0.10": 0,
      "mean_delta_ssim": 3.9339065551757814e-08,
      "median_delta_ssim": 4.172325134277344e-07,
      "worst_10_mean_delta_psnr": -0.045604705810546875,
      "best_10_mean_delta_psnr": 0.03958206176757813,
      "top1_gain_name": "858_0.8_1.72.png",
      "top1_gain_delta_psnr": 0.05525970458984375,
      "mean_delta_psnr_excluding_top1_gain": 0.0008675149065220285
    },
    "easy_top_25pct": {
      "original_psnr_range": [
        39.10456848144531,
        50.026092529296875
      ],
      "count": 250,
      "mean_delta_psnr": 0.006925048828125,
      "median_delta_psnr": 0.0028629302978515625,
      "p5_delta_psnr": -0.022041893005371092,
      "p95_delta_psnr": 0.030562973022460943,
      "positive_delta_count": 148,
      "positive_delta_ratio": 0.592,
      "regression_delta_le_-0.05": 0,
      "regression_delta_le_-0.10": 0,
      "regression_delta_le_-0.20": 0,
      "gain_delta_ge_0.05": 3,
      "gain_delta_ge_0.10": 1,
      "mean_delta_ssim": -4.405975341796875e-07,
      "median_delta_ssim": -4.76837158203125e-07,
      "worst_10_mean_delta_psnr": -0.03326568603515625,
      "best_10_mean_delta_psnr": 0.12277145385742187,
      "top1_gain_name": "507_0.66_0.7.png",
      "top1_gain_delta_psnr": 0.8387908935546875,
      "mean_delta_psnr_excluding_top1_gain": 0.0035842221424761548
    }
  },
  "filename_parameter_correlations_inferred": {
    "note": "Haze4K filenames look like id_param1_param2.png; this file records correlation only and does not assume the parameter meaning.",
    "param_1_vs_original_psnr": -0.1615068984663337,
    "param_1_vs_delta_psnr": -0.012453384062183636,
    "param_2_vs_original_psnr": -0.32351294811584774,
    "param_2_vs_delta_psnr": -0.03133637286127338
  },
  "worst_regressions": [
    {
      "name": "720_0.96_1.96.png",
      "original_psnr": 24.57550048828125,
      "candidate_psnr": 24.37494468688965,
      "delta_psnr": -0.20055580139160156,
      "original_ssim": 0.9640666246414185,
      "candidate_ssim": 0.9629184603691101,
      "delta_ssim": -0.0011481642723083496,
      "filename_param_1": 0.96,
      "filename_param_2": 1.96
    },
    {
      "name": "648_0.94_1.95.png",
      "original_psnr": 26.385908126831055,
      "candidate_psnr": 26.284706115722656,
      "delta_psnr": -0.10120201110839844,
      "original_ssim": 0.9514398574829102,
      "candidate_ssim": 0.9510700106620789,
      "delta_ssim": -0.00036984682083129883,
      "filename_param_1": 0.94,
      "filename_param_2": 1.95
    },
    {
      "name": "219_0.62_1.27.png",
      "original_psnr": 33.99677658081055,
      "candidate_psnr": 33.92275619506836,
      "delta_psnr": -0.0740203857421875,
      "original_ssim": 0.9953761100769043,
      "candidate_ssim": 0.995337963104248,
      "delta_ssim": -3.814697265625e-05,
      "filename_param_1": 0.62,
      "filename_param_2": 1.27
    },
    {
      "name": "218_0.53_1.18.png",
      "original_psnr": 32.64994812011719,
      "candidate_psnr": 32.58076477050781,
      "delta_psnr": -0.069183349609375,
      "original_ssim": 0.9944989085197449,
      "candidate_ssim": 0.9944567680358887,
      "delta_ssim": -4.214048385620117e-05,
      "filename_param_1": 0.53,
      "filename_param_2": 1.18
    },
    {
      "name": "757_0.64_1.31.png",
      "original_psnr": 33.974082946777344,
      "candidate_psnr": 33.92771530151367,
      "delta_psnr": -0.046367645263671875,
      "original_ssim": 0.9953427314758301,
      "candidate_ssim": 0.9953254461288452,
      "delta_ssim": -1.728534698486328e-05,
      "filename_param_1": 0.64,
      "filename_param_2": 1.31
    },
    {
      "name": "949_0.8_0.6.png",
      "original_psnr": 42.53742980957031,
      "candidate_psnr": 42.49275207519531,
      "delta_psnr": -0.044677734375,
      "original_ssim": 0.9977669715881348,
      "candidate_ssim": 0.9977643489837646,
      "delta_ssim": -2.6226043701171875e-06,
      "filename_param_1": 0.8,
      "filename_param_2": 0.6
    },
    {
      "name": "758_0.61_0.98.png",
      "original_psnr": 36.635711669921875,
      "candidate_psnr": 36.59381866455078,
      "delta_psnr": -0.04189300537109375,
      "original_ssim": 0.9970264434814453,
      "candidate_ssim": 0.9970220923423767,
      "delta_ssim": -4.351139068603516e-06,
      "filename_param_1": 0.61,
      "filename_param_2": 0.98
    },
    {
      "name": "224_0.7_1.92.png",
      "original_psnr": 32.940879821777344,
      "candidate_psnr": 32.899375915527344,
      "delta_psnr": -0.04150390625,
      "original_ssim": 0.9937008619308472,
      "candidate_ssim": 0.9937009215354919,
      "delta_ssim": 5.960464477539063e-08,
      "filename_param_1": 0.7,
      "filename_param_2": 1.92
    },
    {
      "name": "437_0.96_1.74.png",
      "original_psnr": 33.48017120361328,
      "candidate_psnr": 33.44033432006836,
      "delta_psnr": -0.039836883544921875,
      "original_ssim": 0.991693377494812,
      "candidate_ssim": 0.9916725158691406,
      "delta_ssim": -2.086162567138672e-05,
      "filename_param_1": 0.96,
      "filename_param_2": 1.74
    },
    {
      "name": "457_0.61_0.57.png",
      "original_psnr": 31.364608764648438,
      "candidate_psnr": 31.327354431152344,
      "delta_psnr": -0.03725433349609375,
      "original_ssim": 0.9974159598350525,
      "candidate_ssim": 0.9974055290222168,