{
  "runs": {
    "a0": {
      "mode": "original",
      "arch": "convir",
      "checkpoint": "/root/autodl-tmp/workspace/ConvIR-B/Dehazing/pretrained_models/haze4k-base.pkl",
      "count": 1000,
      "mean_psnr": 34.140645500183105,
      "mean_ssim": 0.9897101619243622,
      "avg_time_sec_sync": 0.04860022568702698,
      "median_time_sec_sync": 0.05487692356109619,
      "peak_cuda_mem_mib": 570.69287109375,
      "label": "a0"
    },
    "saferhfd_v2_rhfd2_1.00_rhfd1_0.70_vs_a0": {
      "mode": "original",
      "arch": "pfd",
      "checkpoint": "/root/autodl-tmp/workspace/ConvIR-B-saferhfd-v2-stage-scale/Dehazing/ITS/results/PFD-SafeRHFD-v2-rhfd2-1.00-rhfd1-0.70/Training-Results/Best.pkl",
      "count": 1000,
      "mean_psnr": 34.15311635684967,
      "mean_ssim": 0.9897258085012436,
      "avg_time_sec_sync": 0.04851773691177368,
      "median_time_sec_sync": 0.05718588829040527,
      "peak_cuda_mem_mib": 572.24658203125,
      "label": "saferhfd_v2_rhfd2_1.00_rhfd1_0.70_vs_a0"
    }
  },
  "comparison": {
    "common_count": 1000,
    "mean_psnr_delta": 0.012470856666564941,
    "median_psnr_delta": 0.0004930496215820312,
    "p5_psnr_delta": -0.036678314208984375,
    "p95_psnr_delta": 0.04339504241943358,
    "worst10_mean_psnr_delta": -0.04508214950561523,
    "best10_mean_psnr_delta": 0.16131284713745117,
    "mean_ssim_delta": 1.564657688140869e-05,
    "strong_reference_cut_psnr": 39.08926200866699,
    "strong_reference_count": 250,
    "strong_regression_count_delta_le_-0.05": 5,
    "worst_regression_count_delta_le_-0.20": 0
  }
}