{
  "source_csv": "/root/autodl-tmp/workspace/ConvIR-B-saferhfd-v2-stage-scale/experience_docx/experiment_logs/haze4k_saferhfd_v2_stage_scale_20260602/scout_eval_per_image_saferhfd_v2_rhfd2_0.80_rhfd1_0.60_vs_a0.csv",
  "candidate_name": "saferhfd_v2_rhfd2_0.80_rhfd1_0.60_vs_a0",
  "overall": {
    "count": 1000,
    "mean_delta_psnr": 0.011041223526000976,
    "median_delta_psnr": 0.0004901885986328125,
    "p5_delta_psnr": -0.02971038818359375,
    "p95_delta_psnr": 0.036147212982177726,
    "positive_delta_count": 512,
    "positive_delta_ratio": 0.512,
    "regression_delta_le_-0.05": 12,
    "regression_delta_le_-0.10": 3,
    "regression_delta_le_-0.20": 0,
    "gain_delta_ge_0.05": 18,
    "gain_delta_ge_0.10": 2,
    "mean_delta_ssim": 1.4230132102966308e-05,
    "median_delta_ssim": -3.5762786865234375e-07,
    "worst_10_mean_delta_psnr": -0.08319778442382812,
    "best_10_mean_delta_psnr": 1.0710277557373047,
    "top1_gain_name": "508_0.72_1.04.png",
    "top1_gain_delta_psnr": 9.182254791259766,
    "mean_delta_psnr_excluding_top1_gain": 0.0018608295643055164
  },
  "difficulty_buckets_by_original_psnr": {
    "hard_bottom_25pct": {
      "original_psnr_range": [
        14.919734954833984,
        29.733125686645508
      ],
      "count": 250,
      "mean_delta_psnr": 0.03485784149169922,
      "median_delta_psnr": -0.0022382736206054688,
      "p5_delta_psnr": -0.024969768524169923,
      "p95_delta_psnr": 0.026036357879638677,
      "positive_delta_count": 99,
      "positive_delta_ratio": 0.396,
      "regression_delta_le_-0.05": 2,
      "regression_delta_le_-0.10": 1,
      "regression_delta_le_-0.20": 0,
      "gain_delta_ge_0.05": 2,
      "gain_delta_ge_0.10": 1,
      "mean_delta_ssim": 5.5642127990722655e-05,
      "median_delta_ssim": -4.678964614868164e-06,
      "worst_10_mean_delta_psnr": -0.04395713806152344,
      "best_10_mean_delta_psnr": 0.9560623168945312,
      "top1_gain_name": "508_0.72_1.04.png",
      "top1_gain_delta_psnr": 9.182254791259766,
      "mean_delta_psnr_excluding_top1_gain": -0.001878692443112293
    },
    "medium_middle_50pct": {
      "original_psnr_range": [
        29.737844467163086,
        39.08415985107422
      ],
      "count": 500,
      "mean_delta_psnr": 0.0005284194946289062,
      "median_delta_psnr": 0.0009136199951171875,
      "p5_delta_psnr": -0.03495578765869141,
      "p95_delta_psnr": 0.036385250091552745,
      "positive_delta_count": 262,
      "positive_delta_ratio": 0.524,
      "regression_delta_le_-0.05": 9,
      "regression_delta_le_-0.10": 2,
      "regression_delta_le_-0.20": 0,
      "gain_delta_ge_0.05": 8,
      "gain_delta_ge_0.10": 0,
      "mean_delta_ssim": 2.0480155944824218e-07,
      "median_delta_ssim": 8.940696716308594e-07,
      "worst_10_mean_delta_psnr": -0.0743753433227539,
      "best_10_mean_delta_psnr": 0.058808517456054685,
      "top1_gain_name": "858_0.8_1.72.png",
      "top1_gain_delta_psnr": 0.08377838134765625,
      "mean_delta_psnr_excluding_top1_gain": 0.0003615859037410759
    },
    "easy_top_25pct": {
      "original_psnr_range": [
        39.10456848144531,
        50.026092529296875
      ],
      "count": 250,
      "mean_delta_psnr": 0.008250213623046876,
      "median_delta_psnr": 0.004268646240234375,
      "p5_delta_psnr": -0.03143901824951172,
      "p95_delta_psnr": 0.042933845520019616,
      "positive_delta_count": 151,
      "positive_delta_ratio": 0.604,
      "regression_delta_le_-0.05": 1,
      "regression_delta_le_-0.10": 0,
      "regression_delta_le_-0.20": 0,
      "gain_delta_ge_0.05": 8,
      "gain_delta_ge_0.10": 1,
      "mean_delta_ssim": 8.687973022460938e-07,
      "median_delta_ssim": -2.9802322387695312e-08,
      "worst_10_mean_delta_psnr": -0.040691375732421875,
      "best_10_mean_delta_psnr": 0.14852523803710938,
      "top1_gain_name": "507_0.66_0.7.png",
      "top1_gain_delta_psnr": 0.9765281677246094,
      "mean_delta_psnr_excluding_top1_gain": 0.004361547140711282
    }
  },
  "filename_parameter_correlations_inferred": {
    "note": "Haze4K filenames look like id_param1_param2.png; this file records correlation only and does not assume the parameter meaning.",
    "param_1_vs_original_psnr": -0.1615068984663337,
    "param_1_vs_delta_psnr": -0.009795603896171665,
    "param_2_vs_original_psnr": -0.32351294811584774,
    "param_2_vs_delta_psnr": -0.027474269299078972
  },
  "worst_regressions": [
    {
      "name": "219_0.62_1.27.png",
      "original_psnr": 33.99677658081055,
      "candidate_psnr": 33.86764144897461,
      "delta_psnr": -0.1291351318359375,
      "original_ssim": 0.9953761100769043,
      "candidate_ssim": 0.9953047037124634,
      "delta_ssim": -7.140636444091797e-05,
      "filename_param_1": 0.62,
      "filename_param_2": 1.27
    },
    {
      "name": "648_0.94_1.95.png",
      "original_psnr": 26.385908126831055,
      "candidate_psnr": 26.269756317138672,
      "delta_psnr": -0.11615180969238281,
      "original_ssim": 0.9514398574829102,
      "candidate_ssim": 0.9510185718536377,
      "delta_ssim": -0.00042128562927246094,
      "filename_param_1": 0.94,
      "filename_param_2": 1.95
    },
    {
      "name": "218_0.53_1.18.png",
      "original_psnr": 32.64994812011719,
      "candidate_psnr": 32.53691101074219,
      "delta_psnr": -0.113037109375,
      "original_ssim": 0.9944989085197449,
      "candidate_ssim": 0.9944226741790771,
      "delta_ssim": -7.623434066772461e-05,
      "filename_param_1": 0.53,
      "filename_param_2": 1.18
    },
    {
      "name": "757_0.64_1.31.png",
      "original_psnr": 33.974082946777344,
      "candidate_psnr": 33.89398193359375,
      "delta_psnr": -0.08010101318359375,
      "original_ssim": 0.9953427314758301,
      "candidate_ssim": 0.9953081607818604,
      "delta_ssim": -3.457069396972656e-05,
      "filename_param_1": 0.64,
      "filename_param_2": 1.31
    },
    {
      "name": "220_0.68_1.35.png",
      "original_psnr": 34.235313415527344,
      "candidate_psnr": 34.16114807128906,
      "delta_psnr": -0.07416534423828125,
      "original_ssim": 0.9953798055648804,
      "candidate_ssim": 0.9953405261039734,
      "delta_ssim": -3.927946090698242e-05,
      "filename_param_1": 0.68,
      "filename_param_2": 1.35
    },
    {
      "name": "720_0.96_1.96.png",
      "original_psnr": 24.57550048828125,
      "candidate_psnr": 24.502164840698242,
      "delta_psnr": -0.07333564758300781,
      "original_ssim": 0.9640666246414185,
      "candidate_ssim": 0.9637407064437866,
      "delta_ssim": -0.00032591819763183594,
      "filename_param_1": 0.96,
      "filename_param_2": 1.96
    },
    {
      "name": "758_0.61_0.98.png",
      "original_psnr": 36.635711669921875,
      "candidate_psnr": 36.56394577026367,
      "delta_psnr": -0.07176589965820312,
      "original_ssim": 0.9970264434814453,
      "candidate_ssim": 0.9970134496688843,
      "delta_ssim": -1.2993812561035156e-05,
      "filename_param_1": 0.61,
      "filename_param_2": 0.98
    },
    {
      "name": "224_0.7_1.92.png",
      "original_psnr": 32.940879821777344,
      "candidate_psnr": 32.8751220703125,
      "delta_psnr": -0.06575775146484375,
      "original_ssim": 0.9937008619308472,
      "candidate_ssim": 0.9936957359313965,
      "delta_ssim": -5.125999450683594e-06,
      "filename_param_1": 0.7,
      "filename_param_2": 1.92
    },
    {
      "name": "437_0.96_1.74.png",
      "original_psnr": 33.48017120361328,
      "candidate_psnr": 33.425575256347656,
      "delta_psnr": -0.054595947265625,
      "original_ssim": 0.991693377494812,
      "candidate_ssim": 0.9916683435440063,
      "delta_ssim": -2.5033950805664062e-05,
      "filename_param_1": 0.96,
      "filename_param_2": 1.74
    },
    {
      "name": "457_0.61_0.57.png",
      "original_psnr": 31.364608764648438,
      "candidate_psnr": 31.31067657470703,
      "delta_psnr": -0.05393218994140625,
      "original_ssim": 0.9974159598350525,