{
  "runs": {
    "a0": {
      "mode": "original",
      "arch": "convir",
      "checkpoint": "/root/autodl-tmp/workspace/ConvIR-B/Dehazing/pretrained_models/haze4k-base.pkl",
      "count": 1000,
      "mean_psnr": 34.140645500183105,
      "mean_ssim": 0.9897101619243622,
      "avg_time_sec_sync": 0.049165784358978275,
      "median_time_sec_sync": 0.05662107467651367,
      "peak_cuda_mem_mib": 570.69287109375,
      "label": "a0"
    },
    "saferhfd_v2_rhfd2_0.70_rhfd1_0.00_vs_a0": {
      "mode": "original",
      "arch": "pfd",
      "checkpoint": "/root/autodl-tmp/workspace/ConvIR-B-saferhfd-v2-stage-scale/Dehazing/ITS/results/PFD-SafeRHFD-v2-rhfd2-0.70-rhfd1-0.00/Training-Results/Best.pkl",
      "count": 1000,
      "mean_psnr": 34.151076690673825,
      "mean_ssim": 0.9897268269658088,
      "avg_time_sec_sync": 0.04974348974227905,
      "median_time_sec_sync": 0.0606917142868042,
      "peak_cuda_mem_mib": 572.24658203125,
      "label": "saferhfd_v2_rhfd2_0.70_rhfd1_0.00_vs_a0"
    }
  },
  "comparison": {
    "common_count": 1000,
    "mean_psnr_delta": 0.010431190490722657,
    "median_psnr_delta": -0.0008258819580078125,
    "p5_psnr_delta": -0.027420806884765624,
    "p95_psnr_delta": 0.03259506225585937,
    "worst10_mean_psnr_delta": -0.03406232833862305,
    "best10_mean_psnr_delta": 0.13867197036743165,
    "mean_ssim_delta": 1.6665041446685792e-05,
    "strong_reference_cut_psnr": 39.08926200866699,
    "strong_reference_count": 250,
    "strong_regression_count_delta_le_-0.05": 3,
    "worst_regression_count_delta_le_-0.20": 0
  }
}