{
  "source_csv": "/root/autodl-tmp/workspace/ConvIR-B-saferhfd-v2-stage-scale/experience_docx/experiment_logs/haze4k_saferhfd_v2_stage_scale_20260602/scout_eval_per_image_saferhfd_v2_rhfd2_1.00_rhfd1_0.50_vs_a0.csv",
  "candidate_name": "saferhfd_v2_rhfd2_1.00_rhfd1_0.50_vs_a0",
  "overall": {
    "count": 1000,
    "mean_delta_psnr": 0.01255113410949707,
    "median_delta_psnr": -0.00015544891357421875,
    "p5_delta_psnr": -0.03653087615966797,
    "p95_delta_psnr": 0.043348312377929646,
    "positive_delta_count": 496,
    "positive_delta_ratio": 0.496,
    "regression_delta_le_-0.05": 24,
    "regression_delta_le_-0.10": 5,
    "regression_delta_le_-0.20": 0,
    "gain_delta_ge_0.05": 34,
    "gain_delta_ge_0.10": 3,
    "mean_delta_ssim": 1.6618669033050537e-05,
    "median_delta_ssim": -3.5762786865234375e-07,
    "worst_10_mean_delta_psnr": -0.1038503646850586,
    "best_10_mean_delta_psnr": 1.243994140625,
    "top1_gain_name": "508_0.72_1.04.png",
    "top1_gain_delta_psnr": 10.759208679199219,
    "mean_delta_psnr_excluding_top1_gain": 0.0017937191494472988
  },
  "difficulty_buckets_by_original_psnr": {
    "hard_bottom_25pct": {
      "original_psnr_range": [
        14.919734954833984,
        29.733125686645508
      ],
      "count": 250,
      "mean_delta_psnr": 0.04122703552246094,
      "median_delta_psnr": -0.0039215087890625,
      "p5_delta_psnr": -0.031097412109375,
      "p95_delta_psnr": 0.03469877243041994,
      "positive_delta_count": 94,
      "positive_delta_ratio": 0.376,
      "regression_delta_le_-0.05": 2,
      "regression_delta_le_-0.10": 1,
      "regression_delta_le_-0.20": 0,
      "gain_delta_ge_0.05": 6,
      "gain_delta_ge_0.10": 1,
      "mean_delta_ssim": 6.437301635742188e-05,
      "median_delta_ssim": -9.149312973022461e-06,
      "worst_10_mean_delta_psnr": -0.045954132080078126,
      "best_10_mean_delta_psnr": 1.1248008728027343,
      "top1_gain_name": "508_0.72_1.04.png",
      "top1_gain_delta_psnr": 10.759208679199219,
      "mean_delta_psnr_excluding_top1_gain": -0.0018170674641927083
    },
    "medium_middle_50pct": {
      "original_psnr_range": [
        29.737844467163086,
        39.08415985107422
      ],
      "count": 500,
      "mean_delta_psnr": 0.00016727828979492187,
      "median_delta_psnr": 0.000522613525390625,
      "p5_delta_psnr": -0.0434056282043457,
      "p95_delta_psnr": 0.04427890777587891,
      "positive_delta_count": 255,
      "positive_delta_ratio": 0.51,
      "regression_delta_le_-0.05": 19,
      "regression_delta_le_-0.10": 4,
      "regression_delta_le_-0.20": 0,
      "gain_delta_ge_0.05": 15,
      "gain_delta_ge_0.10": 1,
      "mean_delta_ssim": 2.5773048400878905e-07,
      "median_delta_ssim": 7.152557373046875e-07,
      "worst_10_mean_delta_psnr": -0.09538307189941406,
      "best_10_mean_delta_psnr": 0.07310104370117188,
      "top1_gain_name": "858_0.8_1.72.png",
      "top1_gain_delta_psnr": 0.1026763916015625,
      "mean_delta_psnr_excluding_top1_gain": -3.815079499819953e-05
    },
    "easy_top_25pct": {
      "original_psnr_range": [
        39.10456848144531,
        50.026092529296875
      ],
      "count": 250,
      "mean_delta_psnr": 0.0086429443359375,
      "median_delta_psnr": 0.0034122467041015625,
      "p5_delta_psnr": -0.03763294219970703,
      "p95_delta_psnr": 0.0508365631103516,
      "positive_delta_count": 147,
      "positive_delta_ratio": 0.588,
      "regression_delta_le_-0.05": 3,
      "regression_delta_le_-0.10": 0,
      "regression_delta_le_-0.20": 0,
      "gain_delta_ge_0.05": 13,
      "gain_delta_ge_0.10": 1,
      "mean_delta_ssim": 1.5861988067626952e-06,
      "median_delta_ssim": 1.1920928955078125e-07,
      "worst_10_mean_delta_psnr": -0.051854705810546874,
      "best_10_mean_delta_psnr": 0.16217422485351562,
      "top1_gain_name": "507_0.66_0.7.png",
      "top1_gain_delta_psnr": 1.0063705444335938,
      "mean_delta_psnr_excluding_top1_gain": 0.004636006182934864
    }
  },
  "filename_parameter_correlations_inferred": {
    "note": "Haze4K filenames look like id_param1_param2.png; this file records correlation only and does not assume the parameter meaning.",
    "param_1_vs_original_psnr": -0.1615068984663337,
    "param_1_vs_delta_psnr": -0.008501582806505054,
    "param_2_vs_original_psnr": -0.32351294811584774,
    "param_2_vs_delta_psnr": -0.02603450543100314
  },
  "worst_regressions": [
    {
      "name": "219_0.62_1.27.png",
      "original_psnr": 33.99677658081055,
      "candidate_psnr": 33.83072280883789,
      "delta_psnr": -0.16605377197265625,
      "original_ssim": 0.9953761100769043,
      "candidate_ssim": 0.9952812194824219,
      "delta_ssim": -9.489059448242188e-05,
      "filename_param_1": 0.62,
      "filename_param_2": 1.27
    },
    {
      "name": "218_0.53_1.18.png",
      "original_psnr": 32.64994812011719,
      "candidate_psnr": 32.50707244873047,
      "delta_psnr": -0.14287567138671875,
      "original_ssim": 0.9944989085197449,
      "candidate_ssim": 0.9943991899490356,
      "delta_ssim": -9.971857070922852e-05,
      "filename_param_1": 0.53,
      "filename_param_2": 1.18
    },
    {
      "name": "648_0.94_1.95.png",
      "original_psnr": 26.385908126831055,
      "candidate_psnr": 26.259384155273438,
      "delta_psnr": -0.1265239715576172,
      "original_ssim": 0.9514398574829102,
      "candidate_ssim": 0.9509832262992859,
      "delta_ssim": -0.0004566311836242676,
      "filename_param_1": 0.94,
      "filename_param_2": 1.95
    },
    {
      "name": "757_0.64_1.31.png",
      "original_psnr": 33.974082946777344,
      "candidate_psnr": 33.87149429321289,
      "delta_psnr": -0.10258865356445312,
      "original_ssim": 0.9953427314758301,
      "candidate_ssim": 0.9952965974807739,
      "delta_ssim": -4.6133995056152344e-05,
      "filename_param_1": 0.64,
      "filename_param_2": 1.31
    },
    {
      "name": "220_0.68_1.35.png",
      "original_psnr": 34.235313415527344,
      "candidate_psnr": 34.13376998901367,
      "delta_psnr": -0.10154342651367188,
      "original_ssim": 0.9953798055648804,
      "candidate_ssim": 0.9953242540359497,
      "delta_ssim": -5.555152893066406e-05,
      "filename_param_1": 0.68,
      "filename_param_2": 1.35
    },
    {
      "name": "758_0.61_0.98.png",
      "original_psnr": 36.635711669921875,
      "candidate_psnr": 36.54323196411133,
      "delta_psnr": -0.09247970581054688,
      "original_ssim": 0.9970264434814453,
      "candidate_ssim": 0.9970075488090515,
      "delta_ssim": -1.8894672393798828e-05,
      "filename_param_1": 0.61,
      "filename_param_2": 0.98
    },
    {
      "name": "558_0.93_1.03.png",
      "original_psnr": 39.286895751953125,
      "candidate_psnr": 39.2008171081543,
      "delta_psnr": -0.08607864379882812,
      "original_ssim": 0.9965401887893677,
      "candidate_ssim": 0.9965355396270752,
      "delta_ssim": -4.649162292480469e-06,
      "filename_param_1": 0.93,
      "filename_param_2": 1.03
    },
    {
      "name": "224_0.7_1.92.png",
      "original_psnr": 32.940879821777344,
      "candidate_psnr": 32.85750961303711,
      "delta_psnr": -0.08337020874023438,
      "original_ssim": 0.9937008619308472,
      "candidate_ssim": 0.9936907291412354,
      "delta_ssim": -1.0132789611816406e-05,
      "filename_param_1": 0.7,
      "filename_param_2": 1.92
    },
    {
      "name": "560_0.74_1.77.png",
      "original_psnr": 38.513832092285156,
      "candidate_psnr": 38.442962646484375,
      "delta_psnr": -0.07086944580078125,
      "original_ssim": 0.995372474193573,
      "candidate_ssim": 0.9953519701957703,
      "delta_ssim": -2.0503997802734375e-05,
      "filename_param_1": 0.74,
      "filename_param_2": 1.77
    },
    {
      "name": "210_0.63_1.2.png",
      "original_psnr": 31.099205017089844,
      "candidate_psnr": 31.033084869384766,
      "delta_psnr": -0.06612014770507812,
      "original_ssim": 0.9916645288467407,