{
  "source_csv": "/root/autodl-tmp/workspace/ConvIR-B-saferhfd-v2-stage-scale/experience_docx/experiment_logs/haze4k_saferhfd_v2_stage_scale_20260602/scout_eval_per_image_saferhfd_v2_rhfd2_0.00_rhfd1_0.70_vs_a0.csv",
  "candidate_name": "saferhfd_v2_rhfd2_0.00_rhfd1_0.70_vs_a0",
  "overall": {
    "count": 1000,
    "mean_delta_psnr": -0.0006158885955810547,
    "median_delta_psnr": 0.0008411407470703125,
    "p5_delta_psnr": -0.017702484130859373,
    "p95_delta_psnr": 0.02057294845581053,
    "positive_delta_count": 527,
    "positive_delta_ratio": 0.527,
    "regression_delta_le_-0.05": 5,
    "regression_delta_le_-0.10": 3,
    "regression_delta_le_-0.20": 2,
    "gain_delta_ge_0.05": 1,
    "gain_delta_ge_0.10": 0,
    "mean_delta_ssim": -9.268522262573242e-06,
    "median_delta_ssim": -7.450580596923828e-07,
    "worst_10_mean_delta_psnr": -0.2091949462890625,
    "best_10_mean_delta_psnr": 0.041794204711914064,
    "top1_gain_name": "557_0.68_0.68.png",
    "top1_gain_delta_psnr": 0.060314178466796875,
    "mean_delta_psnr_excluding_top1_gain": -0.0006768796537015531
  },
  "difficulty_buckets_by_original_psnr": {
    "hard_bottom_25pct": {
      "original_psnr_range": [
        14.919734954833984,
        29.733125686645508
      ],
      "count": 250,
      "mean_delta_psnr": -0.006114051818847656,
      "median_delta_psnr": 5.340576171875e-05,
      "p5_delta_psnr": -0.01262073516845703,
      "p95_delta_psnr": 0.012421131134033208,
      "positive_delta_count": 125,
      "positive_delta_ratio": 0.5,
      "regression_delta_le_-0.05": 3,
      "regression_delta_le_-0.10": 2,
      "regression_delta_le_-0.20": 2,
      "gain_delta_ge_0.05": 0,
      "gain_delta_ge_0.10": 0,
      "mean_delta_ssim": -3.351736068725586e-05,
      "median_delta_ssim": 2.980232238769531e-07,
      "worst_10_mean_delta_psnr": -0.17845687866210938,
      "best_10_mean_delta_psnr": 0.01497802734375,
      "top1_gain_name": "65_0.89_0.51.png",
      "top1_gain_delta_psnr": 0.017694473266601562,
      "mean_delta_psnr_excluding_top1_gain": -0.006209668385455886
    },
    "medium_middle_50pct": {
      "original_psnr_range": [
        29.737844467163086,
        39.08415985107422
      ],
      "count": 500,
      "mean_delta_psnr": 0.0012799758911132813,
      "median_delta_psnr": 0.0015411376953125,
      "p5_delta_psnr": -0.016920089721679688,
      "p95_delta_psnr": 0.019740295410156254,
      "positive_delta_count": 275,
      "positive_delta_ratio": 0.55,
      "regression_delta_le_-0.05": 0,
      "regression_delta_le_-0.10": 0,
      "regression_delta_le_-0.20": 0,
      "gain_delta_ge_0.05": 0,
      "gain_delta_ge_0.10": 0,
      "mean_delta_ssim": -3.2198429107666016e-07,
      "median_delta_ssim": 1.4901161193847656e-07,
      "worst_10_mean_delta_psnr": -0.029263687133789063,
      "best_10_mean_delta_psnr": 0.03148956298828125,
      "top1_gain_name": "559_1.0_1.23.png",
      "top1_gain_delta_psnr": 0.042469024658203125,
      "mean_delta_psnr_excluding_top1_gain": 0.0011974327072112976
    },
    "easy_top_25pct": {
      "original_psnr_range": [
        39.10456848144531,
        50.026092529296875
      ],
      "count": 250,
      "mean_delta_psnr": 0.001090545654296875,
      "median_delta_psnr": 0.0004119873046875,
      "p5_delta_psnr": -0.02122917175292969,
      "p95_delta_psnr": 0.02999210357666016,
      "positive_delta_count": 127,
      "positive_delta_ratio": 0.508,
      "regression_delta_le_-0.05": 2,
      "regression_delta_le_-0.10": 1,
      "regression_delta_le_-0.20": 0,
      "gain_delta_ge_0.05": 1,
      "gain_delta_ge_0.10": 0,
      "mean_delta_ssim": -2.912759780883789e-06,
      "median_delta_ssim": -1.4007091522216797e-06,
      "worst_10_mean_delta_psnr": -0.04672737121582031,
      "best_10_mean_delta_psnr": 0.04014854431152344,
      "top1_gain_name": "557_0.68_0.68.png",
      "top1_gain_delta_psnr": 0.060314178466796875,
      "mean_delta_psnr_excluding_top1_gain": 0.0008526997393872365
    }
  },
  "filename_parameter_correlations_inferred": {
    "note": "Haze4K filenames look like id_param1_param2.png; this file records correlation only and does not assume the parameter meaning.",
    "param_1_vs_original_psnr": -0.1615068984663337,
    "param_1_vs_delta_psnr": -0.01424008021165948,
    "param_2_vs_original_psnr": -0.32351294811584774,
    "param_2_vs_delta_psnr": -0.010057786783457704
  },
  "worst_regressions": [
    {
      "name": "508_0.72_1.04.png",
      "original_psnr": 27.60898208618164,
      "candidate_psnr": 26.378068923950195,
      "delta_psnr": -1.2309131622314453,
      "original_ssim": 0.9787811040878296,
      "candidate_ssim": 0.973024308681488,
      "delta_ssim": -0.005756795406341553,
      "filename_param_1": 0.72,
      "filename_param_2": 1.04
    },
    {
      "name": "720_0.96_1.96.png",
      "original_psnr": 24.57550048828125,
      "candidate_psnr": 24.21997833251953,
      "delta_psnr": -0.35552215576171875,
      "original_ssim": 0.9640666246414185,
      "candidate_ssim": 0.961784839630127,
      "delta_ssim": -0.002281785011291504,
      "filename_param_1": 0.96,
      "filename_param_2": 1.96
    },
    {
      "name": "507_0.66_0.7.png",
      "original_psnr": 40.15583419799805,
      "candidate_psnr": 39.96989059448242,
      "delta_psnr": -0.185943603515625,
      "original_ssim": 0.997393012046814,
      "candidate_ssim": 0.997268795967102,
      "delta_ssim": -0.00012421607971191406,
      "filename_param_1": 0.66,
      "filename_param_2": 0.7
    },
    {
      "name": "648_0.94_1.95.png",
      "original_psnr": 26.385908126831055,
      "candidate_psnr": 26.317537307739258,
      "delta_psnr": -0.06837081909179688,
      "original_ssim": 0.9514398574829102,
      "candidate_ssim": 0.9511865973472595,
      "delta_ssim": -0.00025326013565063477,
      "filename_param_1": 0.94,
      "filename_param_2": 1.95
    },
    {
      "name": "949_0.8_0.6.png",
      "original_psnr": 42.53742980957031,
      "candidate_psnr": 42.48078918457031,
      "delta_psnr": -0.056640625,
      "original_ssim": 0.9977669715881348,
      "candidate_ssim": 0.9977602958679199,
      "delta_ssim": -6.67572021484375e-06,
      "filename_param_1": 0.8,
      "filename_param_2": 0.6
    },
    {
      "name": "812_0.81_1.01.png",
      "original_psnr": 33.6524658203125,
      "candidate_psnr": 33.61060333251953,
      "delta_psnr": -0.04186248779296875,
      "original_ssim": 0.9923110008239746,
      "candidate_ssim": 0.9922652244567871,
      "delta_ssim": -4.57763671875e-05,
      "filename_param_1": 0.81,
      "filename_param_2": 1.01
    },
    {
      "name": "810_0.88_1.95.png",
      "original_psnr": 29.512527465820312,
      "candidate_psnr": 29.47129249572754,
      "delta_psnr": -0.04123497009277344,
      "original_ssim": 0.9830151796340942,
      "candidate_ssim": 0.9829160571098328,
      "delta_ssim": -9.912252426147461e-05,
      "filename_param_1": 0.88,
      "filename_param_2": 1.95
    },
    {
      "name": "811_0.61_0.62.png",
      "original_psnr": 39.38086700439453,
      "candidate_psnr": 39.341835021972656,
      "delta_psnr": -0.039031982421875,
      "original_ssim": 0.9967901110649109,
      "candidate_ssim": 0.9967696666717529,
      "delta_ssim": -2.0444393157958984e-05,
      "filename_param_1": 0.61,
      "filename_param_2": 0.62
    },
    {
      "name": "809_0.73_1.63.png",
      "original_psnr": 32.07356643676758,
      "candidate_psnr": 32.03533935546875,
      "delta_psnr": -0.038227081298828125,
      "original_ssim": 0.9890539050102234,
      "candidate_ssim": 0.9889883995056152,
      "delta_ssim": -6.55055046081543e-05,
      "filename_param_1": 0.73,
      "filename_param_2": 1.63
    },
    {
      "name": "561_0.52_1.24.png",
      "original_psnr": 39.723453521728516,
      "candidate_psnr": 39.68925094604492,
      "delta_psnr": -0.03420257568359375,
      "original_ssim": 0.9978437423706055,
      "candidate_ssim": 0.9978326559066772,