{
  "source_csv": "/root/autodl-tmp/workspace/ConvIR-B-saferhfd-v2-stage-scale/experience_docx/experiment_logs/haze4k_saferhfd_v2_stage_scale_20260602/scout_eval_per_image_saferhfd_v2_rhfd2_0.70_rhfd1_1.00_vs_a0.csv",
  "candidate_name": "saferhfd_v2_rhfd2_0.70_rhfd1_1.00_vs_a0",
  "overall": {
    "count": 1000,
    "mean_delta_psnr": 0.010359066009521484,
    "median_delta_psnr": 0.0011453628540039062,
    "p5_delta_psnr": -0.030386638641357423,
    "p95_delta_psnr": 0.03595714569091796,
    "positive_delta_count": 525,
    "positive_delta_ratio": 0.525,
    "regression_delta_le_-0.05": 12,
    "regression_delta_le_-0.10": 3,
    "regression_delta_le_-0.20": 1,
    "gain_delta_ge_0.05": 19,
    "gain_delta_ge_0.10": 2,
    "mean_delta_ssim": 1.1114835739135742e-05,
    "median_delta_ssim": -3.2782554626464844e-07,
    "worst_10_mean_delta_psnr": -0.10116748809814453,
    "best_10_mean_delta_psnr": 0.9701793670654297,
    "top1_gain_name": "508_0.72_1.04.png",
    "top1_gain_delta_psnr": 8.225101470947266,
    "mean_delta_psnr_excluding_top1_gain": 0.0021361006392134323
  },
  "difficulty_buckets_by_original_psnr": {
    "hard_bottom_25pct": {
      "original_psnr_range": [
        14.919734954833984,
        29.733125686645508
      ],
      "count": 250,
      "mean_delta_psnr": 0.030372734069824218,
      "median_delta_psnr": -0.0020198822021484375,
      "p5_delta_psnr": -0.02522869110107422,
      "p95_delta_psnr": 0.024551105499267582,
      "positive_delta_count": 112,
      "positive_delta_ratio": 0.448,
      "regression_delta_le_-0.05": 2,
      "regression_delta_le_-0.10": 2,
      "regression_delta_le_-0.20": 1,
      "gain_delta_ge_0.05": 2,
      "gain_delta_ge_0.10": 1,
      "mean_delta_ssim": 4.569911956787109e-05,
      "median_delta_ssim": -3.5762786865234375e-06,
      "worst_10_mean_delta_psnr": -0.07107772827148437,
      "best_10_mean_delta_psnr": 0.8586997985839844,
      "top1_gain_name": "508_0.72_1.04.png",
      "top1_gain_delta_psnr": 8.225101470947266,
      "mean_delta_psnr_excluding_top1_gain": -0.0025378231063904054
    },
    "medium_middle_50pct": {
      "original_psnr_range": [
        29.737844467163086,
        39.08415985107422
      ],
      "count": 500,
      "mean_delta_psnr": 0.0012813758850097655,
      "median_delta_psnr": 0.00157928466796875,
      "p5_delta_psnr": -0.033908748626708986,
      "p95_delta_psnr": 0.03633270263671875,
      "positive_delta_count": 264,
      "positive_delta_ratio": 0.528,
      "regression_delta_le_-0.05": 7,
      "regression_delta_le_-0.10": 1,
      "regression_delta_le_-0.20": 0,
      "gain_delta_ge_0.05": 6,
      "gain_delta_ge_0.10": 0,
      "mean_delta_ssim": -8.7738037109375e-08,
      "median_delta_ssim": 6.258487701416016e-07,
      "worst_10_mean_delta_psnr": -0.06323490142822266,
      "best_10_mean_delta_psnr": 0.05531578063964844,
      "top1_gain_name": "858_0.8_1.72.png",
      "top1_gain_delta_psnr": 0.0787811279296875,
      "mean_delta_psnr_excluding_top1_gain": 0.001126065760671734
    },
    "easy_top_25pct": {
      "original_psnr_range": [
        39.10456848144531,
        50.026092529296875
      ],
      "count": 250,
      "mean_delta_psnr": 0.008500778198242187,
      "median_delta_psnr": 0.00388336181640625,
      "p5_delta_psnr": -0.030936050415039062,
      "p95_delta_psnr": 0.04403114318847657,
      "positive_delta_count": 149,
      "positive_delta_ratio": 0.596,
      "regression_delta_le_-0.05": 3,
      "regression_delta_le_-0.10": 0,
      "regression_delta_le_-0.20": 0,
      "gain_delta_ge_0.05": 11,
      "gain_delta_ge_0.10": 1,
      "mean_delta_ssim": -1.064300537109375e-06,
      "median_delta_ssim": -8.046627044677734e-07,
      "worst_10_mean_delta_psnr": -0.04752845764160156,
      "best_10_mean_delta_psnr": 0.14645156860351563,
      "top1_gain_name": "507_0.66_0.7.png",
      "top1_gain_delta_psnr": 0.9183464050292969,
      "mean_delta_psnr_excluding_top1_gain": 0.004846779696912651
    }
  },
  "filename_parameter_correlations_inferred": {
    "note": "Haze4K filenames look like id_param1_param2.png; this file records correlation only and does not assume the parameter meaning.",
    "param_1_vs_original_psnr": -0.1615068984663337,
    "param_1_vs_delta_psnr": -0.01232037410533967,
    "param_2_vs_original_psnr": -0.32351294811584774,
    "param_2_vs_delta_psnr": -0.030832900319451836
  },
  "worst_regressions": [
    {
      "name": "720_0.96_1.96.png",
      "original_psnr": 24.57550048828125,
      "candidate_psnr": 24.263931274414062,
      "delta_psnr": -0.3115692138671875,
      "original_ssim": 0.9640666246414185,
      "candidate_ssim": 0.9622043371200562,
      "delta_ssim": -0.0018622875213623047,
      "filename_param_1": 0.96,
      "filename_param_2": 1.96
    },
    {
      "name": "648_0.94_1.95.png",
      "original_psnr": 26.385908126831055,
      "candidate_psnr": 26.238876342773438,
      "delta_psnr": -0.1470317840576172,
      "original_ssim": 0.9514398574829102,
      "candidate_ssim": 0.9509018659591675,
      "delta_ssim": -0.0005379915237426758,
      "filename_param_1": 0.94,
      "filename_param_2": 1.95
    },
    {
      "name": "219_0.62_1.27.png",
      "original_psnr": 33.99677658081055,
      "candidate_psnr": 33.896610260009766,
      "delta_psnr": -0.10016632080078125,
      "original_ssim": 0.9953761100769043,
      "candidate_ssim": 0.9953242540359497,
      "delta_ssim": -5.1856040954589844e-05,
      "filename_param_1": 0.62,
      "filename_param_2": 1.27
    },
    {
      "name": "218_0.53_1.18.png",
      "original_psnr": 32.64994812011719,
      "candidate_psnr": 32.55445861816406,
      "delta_psnr": -0.095489501953125,
      "original_ssim": 0.9944989085197449,
      "candidate_ssim": 0.9944405555725098,
      "delta_ssim": -5.835294723510742e-05,
      "filename_param_1": 0.53,
      "filename_param_2": 1.18
    },
    {
      "name": "949_0.8_0.6.png",
      "original_psnr": 42.53742980957031,
      "candidate_psnr": 42.47016525268555,
      "delta_psnr": -0.06726455688476562,
      "original_ssim": 0.9977669715881348,
      "candidate_ssim": 0.997762143611908,
      "delta_ssim": -4.827976226806641e-06,
      "filename_param_1": 0.8,
      "filename_param_2": 0.6
    },
    {
      "name": "757_0.64_1.31.png",
      "original_psnr": 33.974082946777344,
      "candidate_psnr": 33.90935516357422,
      "delta_psnr": -0.064727783203125,
      "original_ssim": 0.9953427314758301,
      "candidate_ssim": 0.9953187704086304,
      "delta_ssim": -2.396106719970703e-05,
      "filename_param_1": 0.64,
      "filename_param_2": 1.31
    },
    {
      "name": "758_0.61_0.98.png",
      "original_psnr": 36.635711669921875,
      "candidate_psnr": 36.577125549316406,
      "delta_psnr": -0.05858612060546875,
      "original_ssim": 0.9970264434814453,
      "candidate_ssim": 0.9970207214355469,
      "delta_ssim": -5.7220458984375e-06,
      "filename_param_1": 0.61,
      "filename_param_2": 0.98
    },
    {
      "name": "224_0.7_1.92.png",
      "original_psnr": 32.940879821777344,
      "candidate_psnr": 32.88289260864258,
      "delta_psnr": -0.057987213134765625,
      "original_ssim": 0.9937008619308472,
      "candidate_ssim": 0.9937006235122681,
      "delta_ssim": -2.384185791015625e-07,
      "filename_param_1": 0.7,
      "filename_param_2": 1.92
    },
    {
      "name": "437_0.96_1.74.png",
      "original_psnr": 33.48017120361328,
      "candidate_psnr": 33.42380905151367,
      "delta_psnr": -0.056362152099609375,
      "original_ssim": 0.991693377494812,
      "candidate_ssim": 0.9916634559631348,
      "delta_ssim": -2.9921531677246094e-05,
      "filename_param_1": 0.96,
      "filename_param_2": 1.74
    },
    {
      "name": "561_0.52_1.24.png",
      "original_psnr": 39.723453521728516,
      "candidate_psnr": 39.670963287353516,
      "delta_psnr": -0.052490234375,
      "original_ssim": 0.9978437423706055,
      "candidate_ssim": 0.9978322386741638,