{
  "source_csv": "/root/autodl-tmp/workspace/ConvIR-B-saferhfd-v2-stage-scale/experience_docx/experiment_logs/haze4k_saferhfd_v2_stage_scale_20260602/scout_eval_per_image_saferhfd_v2_rhfd2_0.70_rhfd1_0.50_vs_a0.csv",
  "candidate_name": "saferhfd_v2_rhfd2_0.70_rhfd1_0.50_vs_a0",
  "overall": {
    "count": 1000,
    "mean_delta_psnr": 0.010623071670532227,
    "median_delta_psnr": 0.0004863739013671875,
    "p5_delta_psnr": -0.02606353759765625,
    "p95_delta_psnr": 0.030712890624999996,
    "positive_delta_count": 512,
    "positive_delta_ratio": 0.512,
    "regression_delta_le_-0.05": 7,
    "regression_delta_le_-0.10": 2,
    "regression_delta_le_-0.20": 0,
    "gain_delta_ge_0.05": 12,
    "gain_delta_ge_0.10": 2,
    "mean_delta_ssim": 1.426398754119873e-05,
    "median_delta_ssim": -2.384185791015625e-07,
    "worst_10_mean_delta_psnr": -0.07129993438720703,
    "best_10_mean_delta_psnr": 1.0367652893066406,
    "top1_gain_name": "508_0.72_1.04.png",
    "top1_gain_delta_psnr": 8.955753326416016,
    "mean_delta_psnr_excluding_top1_gain": 0.0016689873314476586
  },
  "difficulty_buckets_by_original_psnr": {
    "hard_bottom_25pct": {
      "original_psnr_range": [
        14.919734954833984,
        29.733125686645508
      ],
      "count": 250,
      "mean_delta_psnr": 0.03427576446533203,
      "median_delta_psnr": -0.0021619796752929688,
      "p5_delta_psnr": -0.02256784439086914,
      "p95_delta_psnr": 0.023408508300781256,
      "positive_delta_count": 98,
      "positive_delta_ratio": 0.392,
      "regression_delta_le_-0.05": 1,
      "regression_delta_le_-0.10": 1,
      "regression_delta_le_-0.20": 0,
      "gain_delta_ge_0.05": 2,
      "gain_delta_ge_0.10": 1,
      "mean_delta_ssim": 5.588650703430176e-05,
      "median_delta_ssim": -4.351139068603516e-06,
      "worst_10_mean_delta_psnr": -0.03488731384277344,
      "best_10_mean_delta_psnr": 0.9286130905151367,
      "top1_gain_name": "508_0.72_1.04.png",
      "top1_gain_delta_psnr": 8.955753326416016,
      "mean_delta_psnr_excluding_top1_gain": -0.0015534626910964169
    },
    "medium_middle_50pct": {
      "original_psnr_range": [
        29.737844467163086,
        39.08415985107422
      ],
      "count": 500,
      "mean_delta_psnr": 0.00040712738037109375,
      "median_delta_psnr": 0.0007562637329101562,
      "p5_delta_psnr": -0.030532646179199218,
      "p95_delta_psnr": 0.03175811767578126,
      "positive_delta_count": 262,
      "positive_delta_ratio": 0.524,
      "regression_delta_le_-0.05": 6,
      "regression_delta_le_-0.10": 1,
      "regression_delta_le_-0.20": 0,
      "gain_delta_ge_0.05": 5,
      "gain_delta_ge_0.10": 0,
      "mean_delta_ssim": 1.8072128295898438e-07,
      "median_delta_ssim": 6.854534149169922e-07,
      "worst_10_mean_delta_psnr": -0.06535549163818359,
      "best_10_mean_delta_psnr": 0.05099411010742187,
      "top1_gain_name": "858_0.8_1.72.png",
      "top1_gain_delta_psnr": 0.0745086669921875,
      "mean_delta_psnr_excluding_top1_gain": 0.00025862730098869614
    },
    "easy_top_25pct": {
      "original_psnr_range": [
        39.10456848144531,
        50.026092529296875
      ],
      "count": 250,
      "mean_delta_psnr": 0.007402267456054688,
      "median_delta_psnr": 0.00322723388671875,
      "p5_delta_psnr": -0.02632770538330078,
      "p95_delta_psnr": 0.03762378692626958,
      "positive_delta_count": 152,
      "positive_delta_ratio": 0.608,
      "regression_delta_le_-0.05": 0,
      "regression_delta_le_-0.10": 0,
      "regression_delta_le_-0.20": 0,
      "gain_delta_ge_0.05": 5,
      "gain_delta_ge_0.10": 1,
      "mean_delta_ssim": 8.080005645751953e-07,
      "median_delta_ssim": -5.960464477539063e-08,
      "worst_10_mean_delta_psnr": -0.03619880676269531,
      "best_10_mean_delta_psnr": 0.1374034881591797,
      "top1_gain_name": "507_0.66_0.7.png",
      "top1_gain_delta_psnr": 0.9283866882324219,
      "mean_delta_psnr_excluding_top1_gain": 0.00370353484249498
    }
  },
  "filename_parameter_correlations_inferred": {
    "note": "Haze4K filenames look like id_param1_param2.png; this file records correlation only and does not assume the parameter meaning.",
    "param_1_vs_original_psnr": -0.1615068984663337,
    "param_1_vs_delta_psnr": -0.009400796916510116,
    "param_2_vs_original_psnr": -0.32351294811584774,
    "param_2_vs_delta_psnr": -0.02638462908598416
  },
  "worst_regressions": [
    {
      "name": "219_0.62_1.27.png",
      "original_psnr": 33.99677658081055,
      "candidate_psnr": 33.88520812988281,
      "delta_psnr": -0.11156845092773438,
      "original_ssim": 0.9953761100769043,
      "candidate_ssim": 0.9953150749206543,
      "delta_ssim": -6.103515625e-05,
      "filename_param_1": 0.62,
      "filename_param_2": 1.27
    },
    {
      "name": "648_0.94_1.95.png",
      "original_psnr": 26.385908126831055,
      "candidate_psnr": 26.285831451416016,
      "delta_psnr": -0.10007667541503906,
      "original_ssim": 0.9514398574829102,
      "candidate_ssim": 0.9510759711265564,
      "delta_ssim": -0.00036388635635375977,
      "filename_param_1": 0.94,
      "filename_param_2": 1.95
    },
    {
      "name": "218_0.53_1.18.png",
      "original_psnr": 32.64994812011719,
      "candidate_psnr": 32.5501594543457,
      "delta_psnr": -0.09978866577148438,
      "original_ssim": 0.9944989085197449,
      "candidate_ssim": 0.9944314956665039,
      "delta_ssim": -6.74128532409668e-05,
      "filename_param_1": 0.53,
      "filename_param_2": 1.18
    },
    {
      "name": "757_0.64_1.31.png",
      "original_psnr": 33.974082946777344,
      "candidate_psnr": 33.90394973754883,
      "delta_psnr": -0.07013320922851562,
      "original_ssim": 0.9953427314758301,
      "candidate_ssim": 0.9953123927116394,
      "delta_ssim": -3.0338764190673828e-05,
      "filename_param_1": 0.64,
      "filename_param_2": 1.31
    },
    {
      "name": "220_0.68_1.35.png",
      "original_psnr": 34.235313415527344,
      "candidate_psnr": 34.1695671081543,
      "delta_psnr": -0.06574630737304688,
      "original_ssim": 0.9953798055648804,
      "candidate_ssim": 0.995344340801239,
      "delta_ssim": -3.546476364135742e-05,
      "filename_param_1": 0.68,
      "filename_param_2": 1.35
    },
    {
      "name": "758_0.61_0.98.png",
      "original_psnr": 36.635711669921875,
      "candidate_psnr": 36.57294845581055,
      "delta_psnr": -0.06276321411132812,
      "original_ssim": 0.9970264434814453,
      "candidate_ssim": 0.9970151782035828,
      "delta_ssim": -1.1265277862548828e-05,
      "filename_param_1": 0.61,
      "filename_param_2": 0.98
    },
    {
      "name": "224_0.7_1.92.png",
      "original_psnr": 32.940879821777344,
      "candidate_psnr": 32.882755279541016,
      "delta_psnr": -0.058124542236328125,
      "original_ssim": 0.9937008619308472,
      "candidate_ssim": 0.9936952590942383,
      "delta_ssim": -5.602836608886719e-06,
      "filename_param_1": 0.7,
      "filename_param_2": 1.92
    },
    {
      "name": "558_0.93_1.03.png",
      "original_psnr": 39.286895751953125,
      "candidate_psnr": 39.237571716308594,
      "delta_psnr": -0.04932403564453125,
      "original_ssim": 0.9965401887893677,
      "candidate_ssim": 0.9965383410453796,
      "delta_ssim": -1.8477439880371094e-06,
      "filename_param_1": 0.93,
      "filename_param_2": 1.03
    },
    {
      "name": "457_0.61_0.57.png",
      "original_psnr": 31.364608764648438,
      "candidate_psnr": 31.316696166992188,
      "delta_psnr": -0.04791259765625,
      "original_ssim": 0.9974159598350525,
      "candidate_ssim": 0.997403085231781,
      "delta_ssim": -1.2874603271484375e-05,
      "filename_param_1": 0.61,
      "filename_param_2": 0.57
    },
    {
      "name": "437_0.96_1.74.png",
      "original_psnr": 33.48017120361328,
      "candidate_psnr": 33.43260955810547,
      "delta_psnr": -0.0475616455078125,
      "original_ssim": 0.991693377494812,
      "candidate_ssim": 0.9916715621948242,