{
  "source_csv": "/root/autodl-tmp/workspace/ConvIR-B-saferhfd-v2-stage-scale/experience_docx/experiment_logs/haze4k_saferhfd_v2_stage_scale_20260602/scout_eval_per_image_saferhfd_v2_rhfd2_0.70_rhfd1_0.00_vs_a0.csv",
  "candidate_name": "saferhfd_v2_rhfd2_0.70_rhfd1_0.00_vs_a0",
  "overall": {
    "count": 1000,
    "mean_delta_psnr": 0.010431190490722657,
    "median_delta_psnr": -0.0008258819580078125,
    "p5_delta_psnr": -0.027420806884765624,
    "p95_delta_psnr": 0.03259506225585937,
    "positive_delta_count": 472,
    "positive_delta_ratio": 0.472,
    "regression_delta_le_-0.05": 13,
    "regression_delta_le_-0.10": 2,
    "regression_delta_le_-0.20": 0,
    "gain_delta_ge_0.05": 12,
    "gain_delta_ge_0.10": 3,
    "mean_delta_ssim": 1.6665041446685792e-05,
    "median_delta_ssim": 2.980232238769531e-07,
    "worst_10_mean_delta_psnr": -0.07770271301269531,
    "best_10_mean_delta_psnr": 1.094498634338379,
    "top1_gain_name": "508_0.72_1.04.png",
    "top1_gain_delta_psnr": 9.433876037597656,
    "mean_delta_psnr_excluding_top1_gain": 0.000998312765890891
  },
  "difficulty_buckets_by_original_psnr": {
    "hard_bottom_25pct": {
      "original_psnr_range": [
        14.919734954833984,
        29.733125686645508
      ],
      "count": 250,
      "mean_delta_psnr": 0.036702713012695315,
      "median_delta_psnr": -0.0027685165405273438,
      "p5_delta_psnr": -0.021454811096191406,
      "p95_delta_psnr": 0.023968124389648442,
      "positive_delta_count": 96,
      "positive_delta_ratio": 0.384,
      "regression_delta_le_-0.05": 1,
      "regression_delta_le_-0.10": 0,
      "regression_delta_le_-0.20": 0,
      "gain_delta_ge_0.05": 3,
      "gain_delta_ge_0.10": 2,
      "mean_delta_ssim": 6.321144104003906e-05,
      "median_delta_ssim": -6.973743438720703e-06,
      "worst_10_mean_delta_psnr": -0.02976360321044922,
      "best_10_mean_delta_psnr": 0.988650894165039,
      "top1_gain_name": "508_0.72_1.04.png",
      "top1_gain_delta_psnr": 9.433876037597656,
      "mean_delta_psnr_excluding_top1_gain": -0.001036938893268386
    },
    "medium_middle_50pct": {
      "original_psnr_range": [
        29.737844467163086,
        39.08415985107422
      ],
      "count": 500,
      "mean_delta_psnr": -0.0005187530517578125,
      "median_delta_psnr": -0.0005321502685546875,
      "p5_delta_psnr": -0.030454254150390624,
      "p95_delta_psnr": 0.03146820068359377,
      "positive_delta_count": 245,
      "positive_delta_ratio": 0.49,
      "regression_delta_le_-0.05": 9,
      "regression_delta_le_-0.10": 2,
      "regression_delta_le_-0.20": 0,
      "gain_delta_ge_0.05": 5,
      "gain_delta_ge_0.10": 0,
      "mean_delta_ssim": 4.2140483856201174e-07,
      "median_delta_ssim": 3.8743019104003906e-07,
      "worst_10_mean_delta_psnr": -0.07301254272460937,
      "best_10_mean_delta_psnr": 0.0514739990234375,
      "top1_gain_name": "858_0.8_1.72.png",
      "top1_gain_delta_psnr": 0.06933975219726562,
      "mean_delta_psnr_excluding_top1_gain": -0.0006587500562648735
    },
    "easy_top_25pct": {
      "original_psnr_range": [
        39.10456848144531,
        50.026092529296875
      ],
      "count": 250,
      "mean_delta_psnr": 0.006059555053710938,
      "median_delta_psnr": 0.0013885498046875,
      "p5_delta_psnr": -0.02847728729248047,
      "p95_delta_psnr": 0.03562297821044923,
      "positive_delta_count": 131,
      "positive_delta_ratio": 0.524,
      "regression_delta_le_-0.05": 3,
      "regression_delta_le_-0.10": 0,
      "regression_delta_le_-0.20": 0,
      "gain_delta_ge_0.05": 4,
      "gain_delta_ge_0.10": 1,
      "mean_delta_ssim": 2.605915069580078e-06,
      "median_delta_ssim": 1.1026859283447266e-06,
      "worst_10_mean_delta_psnr": -0.04482612609863281,
      "best_10_mean_delta_psnr": 0.1363994598388672,
      "top1_gain_name": "507_0.66_0.7.png",
      "top1_gain_delta_psnr": 0.9427070617675781,
      "mean_delta_psnr_excluding_top1_gain": 0.0022979184805628763
    }
  },
  "filename_parameter_correlations_inferred": {
    "note": "Haze4K filenames look like id_param1_param2.png; this file records correlation only and does not assume the parameter meaning.",
    "param_1_vs_original_psnr": -0.1615068984663337,
    "param_1_vs_delta_psnr": -0.007330985941264147,
    "param_2_vs_original_psnr": -0.32351294811584774,
    "param_2_vs_delta_psnr": -0.02329038444369361
  },
  "worst_regressions": [
    {
      "name": "219_0.62_1.27.png",
      "original_psnr": 33.99677658081055,
      "candidate_psnr": 33.874027252197266,
      "delta_psnr": -0.12274932861328125,
      "original_ssim": 0.9953761100769043,
      "candidate_ssim": 0.9953055381774902,
      "delta_ssim": -7.05718994140625e-05,
      "filename_param_1": 0.62,
      "filename_param_2": 1.27
    },
    {
      "name": "218_0.53_1.18.png",
      "original_psnr": 32.64994812011719,
      "candidate_psnr": 32.546573638916016,
      "delta_psnr": -0.10337448120117188,
      "original_ssim": 0.9944989085197449,
      "candidate_ssim": 0.9944236278533936,
      "delta_ssim": -7.528066635131836e-05,
      "filename_param_1": 0.53,
      "filename_param_2": 1.18
    },
    {
      "name": "558_0.93_1.03.png",
      "original_psnr": 39.286895751953125,
      "candidate_psnr": 39.20374298095703,
      "delta_psnr": -0.08315277099609375,
      "original_ssim": 0.9965401887893677,
      "candidate_ssim": 0.996533989906311,
      "delta_ssim": -6.198883056640625e-06,
      "filename_param_1": 0.93,
      "filename_param_2": 1.03
    },
    {
      "name": "220_0.68_1.35.png",
      "original_psnr": 34.235313415527344,
      "candidate_psnr": 34.153564453125,
      "delta_psnr": -0.08174896240234375,
      "original_ssim": 0.9953798055648804,
      "candidate_ssim": 0.9953346252441406,
      "delta_ssim": -4.5180320739746094e-05,
      "filename_param_1": 0.68,
      "filename_param_2": 1.35
    },
    {
      "name": "757_0.64_1.31.png",
      "original_psnr": 33.974082946777344,
      "candidate_psnr": 33.897979736328125,
      "delta_psnr": -0.07610321044921875,
      "original_ssim": 0.9953427314758301,
      "candidate_ssim": 0.9953061938285828,
      "delta_ssim": -3.653764724731445e-05,
      "filename_param_1": 0.64,
      "filename_param_2": 1.31
    },
    {
      "name": "560_0.74_1.77.png",
      "original_psnr": 38.513832092285156,
      "candidate_psnr": 38.445316314697266,
      "delta_psnr": -0.06851577758789062,
      "original_ssim": 0.995372474193573,
      "candidate_ssim": 0.9953571557998657,
      "delta_ssim": -1.531839370727539e-05,
      "filename_param_1": 0.74,
      "filename_param_2": 1.77
    },
    {
      "name": "758_0.61_0.98.png",
      "original_psnr": 36.635711669921875,
      "candidate_psnr": 36.56804275512695,
      "delta_psnr": -0.06766891479492188,
      "original_ssim": 0.9970264434814453,
      "candidate_ssim": 0.9970093965530396,
      "delta_ssim": -1.704692840576172e-05,
      "filename_param_1": 0.61,
      "filename_param_2": 0.98
    },
    {
      "name": "557_0.68_0.68.png",
      "original_psnr": 42.59654998779297,
      "candidate_psnr": 42.534271240234375,
      "delta_psnr": -0.06227874755859375,
      "original_ssim": 0.9984003305435181,
      "candidate_ssim": 0.9983986616134644,
      "delta_ssim": -1.6689300537109375e-06,
      "filename_param_1": 0.68,
      "filename_param_2": 0.68
    },
    {
      "name": "224_0.7_1.92.png",
      "original_psnr": 32.940879821777344,
      "candidate_psnr": 32.88246536254883,
      "delta_psnr": -0.058414459228515625,
      "original_ssim": 0.9937008619308472,
      "candidate_ssim": 0.9936890602111816,
      "delta_ssim": -1.1801719665527344e-05,
      "filename_param_1": 0.7,
      "filename_param_2": 1.92
    },
    {
      "name": "818_0.52_0.76.png",
      "original_psnr": 41.25748062133789,
      "candidate_psnr": 41.20446014404297,
      "delta_psnr": -0.053020477294921875,
      "original_ssim": 0.9987779855728149,