{
  "source_csv": "/root/autodl-tmp/workspace/ConvIR-B-saferhfd-v2-stage-scale/experience_docx/experiment_logs/haze4k_saferhfd_v2_stage_scale_20260602/scout_eval_per_image_saferhfd_v2_rhfd2_1.00_rhfd1_0.70_vs_a0.csv",
  "candidate_name": "saferhfd_v2_rhfd2_1.00_rhfd1_0.70_vs_a0",
  "overall": {
    "count": 1000,
    "mean_delta_psnr": 0.012470856666564941,
    "median_delta_psnr": 0.0004930496215820312,
    "p5_delta_psnr": -0.036678314208984375,
    "p95_delta_psnr": 0.04339504241943358,
    "positive_delta_count": 510,
    "positive_delta_ratio": 0.51,
    "regression_delta_le_-0.05": 27,
    "regression_delta_le_-0.10": 4,
    "regression_delta_le_-0.20": 0,
    "gain_delta_ge_0.05": 34,
    "gain_delta_ge_0.10": 4,
    "mean_delta_ssim": 1.564657688140869e-05,
    "median_delta_ssim": -5.364418029785156e-07,
    "worst_10_mean_delta_psnr": -0.10221748352050782,
    "best_10_mean_delta_psnr": 1.2123531341552733,
    "top1_gain_name": "508_0.72_1.04.png",
    "top1_gain_delta_psnr": 10.43630599975586,
    "mean_delta_psnr_excluding_top1_gain": 0.0020365872540631454
  },
  "difficulty_buckets_by_original_psnr": {
    "hard_bottom_25pct": {
      "original_psnr_range": [
        14.919734954833984,
        29.733125686645508
      ],
      "count": 250,
      "mean_delta_psnr": 0.03973342514038086,
      "median_delta_psnr": -0.0030536651611328125,
      "p5_delta_psnr": -0.03062887191772461,
      "p95_delta_psnr": 0.03289728164672852,
      "positive_delta_count": 97,
      "positive_delta_ratio": 0.388,
      "regression_delta_le_-0.05": 2,
      "regression_delta_le_-0.10": 1,
      "regression_delta_le_-0.20": 0,
      "gain_delta_ge_0.05": 3,
      "gain_delta_ge_0.10": 2,
      "mean_delta_ssim": 6.1323881149292e-05,
      "median_delta_ssim": -5.27501106262207e-06,
      "worst_10_mean_delta_psnr": -0.048451805114746095,
      "best_10_mean_delta_psnr": 1.090964126586914,
      "top1_gain_name": "508_0.72_1.04.png",
      "top1_gain_delta_psnr": 10.43630599975586,
      "mean_delta_psnr_excluding_top1_gain": -0.0020198783721311025
    },
    "medium_middle_50pct": {
      "original_psnr_range": [
        29.737844467163086,
        39.08415985107422
      ],
      "count": 500,
      "mean_delta_psnr": 0.0005147590637207031,
      "median_delta_psnr": 0.0010023117065429688,
      "p5_delta_psnr": -0.04465045928955078,
      "p95_delta_psnr": 0.04520463943481446,
      "positive_delta_count": 262,
      "positive_delta_ratio": 0.524,
      "regression_delta_le_-0.05": 20,
      "regression_delta_le_-0.10": 3,
      "regression_delta_le_-0.20": 0,
      "gain_delta_ge_0.05": 18,
      "gain_delta_ge_0.10": 1,
      "mean_delta_ssim": 1.596212387084961e-07,
      "median_delta_ssim": 6.556510925292969e-07,
      "worst_10_mean_delta_psnr": -0.09313735961914063,
      "best_10_mean_delta_psnr": 0.07305755615234374,
      "top1_gain_name": "858_0.8_1.72.png",
      "top1_gain_delta_psnr": 0.10366439819335938,
      "mean_delta_psnr_excluding_top1_gain": 0.0003080463600540926
    },
    "easy_top_25pct": {
      "original_psnr_range": [
        39.10456848144531,
        50.026092529296875
      ],
      "count": 250,
      "mean_delta_psnr": 0.0091204833984375,
      "median_delta_psnr": 0.004627227783203125,
      "p5_delta_psnr": -0.03737564086914062,
      "p95_delta_psnr": 0.05319900512695321,
      "positive_delta_count": 151,
      "positive_delta_ratio": 0.604,
      "regression_delta_le_-0.05": 5,
      "regression_delta_le_-0.10": 0,
      "regression_delta_le_-0.20": 0,
      "gain_delta_ge_0.05": 13,
      "gain_delta_ge_0.10": 1,
      "mean_delta_ssim": 9.431838989257812e-07,
      "median_delta_ssim": -1.1920928955078125e-07,
      "worst_10_mean_delta_psnr": -0.0514801025390625,
      "best_10_mean_delta_psnr": 0.16348609924316407,
      "top1_gain_name": "507_0.66_0.7.png",
      "top1_gain_delta_psnr": 1.0041084289550781,
      "mean_delta_psnr_excluding_top1_gain": 0.005124547874113642
    }
  },
  "filename_parameter_correlations_inferred": {
    "note": "Haze4K filenames look like id_param1_param2.png; this file records correlation only and does not assume the parameter meaning.",
    "param_1_vs_original_psnr": -0.1615068984663337,
    "param_1_vs_delta_psnr": -0.009160504886431208,
    "param_2_vs_original_psnr": -0.32351294811584774,
    "param_2_vs_delta_psnr": -0.027275505071050973
  },
  "worst_regressions": [
    {
      "name": "219_0.62_1.27.png",
      "original_psnr": 33.99677658081055,
      "candidate_psnr": 33.835205078125,
      "delta_psnr": -0.16157150268554688,
      "original_ssim": 0.9953761100769043,
      "candidate_ssim": 0.9952844977378845,
      "delta_ssim": -9.161233901977539e-05,
      "filename_param_1": 0.62,
      "filename_param_2": 1.27
    },
    {
      "name": "648_0.94_1.95.png",
      "original_psnr": 26.385908126831055,
      "candidate_psnr": 26.240835189819336,
      "delta_psnr": -0.14507293701171875,
      "original_ssim": 0.9514398574829102,
      "candidate_ssim": 0.9509140253067017,
      "delta_ssim": -0.0005258321762084961,
      "filename_param_1": 0.94,
      "filename_param_2": 1.95
    },
    {
      "name": "218_0.53_1.18.png",
      "original_psnr": 32.64994812011719,
      "candidate_psnr": 32.50895690917969,
      "delta_psnr": -0.1409912109375,
      "original_ssim": 0.9944989085197449,
      "candidate_ssim": 0.9944021701812744,
      "delta_ssim": -9.673833847045898e-05,
      "filename_param_1": 0.53,
      "filename_param_2": 1.18
    },
    {
      "name": "757_0.64_1.31.png",
      "original_psnr": 33.974082946777344,
      "candidate_psnr": 33.87347412109375,
      "delta_psnr": -0.10060882568359375,
      "original_ssim": 0.9953427314758301,
      "candidate_ssim": 0.9952990412712097,
      "delta_ssim": -4.369020462036133e-05,
      "filename_param_1": 0.64,
      "filename_param_2": 1.31
    },
    {
      "name": "220_0.68_1.35.png",
      "original_psnr": 34.235313415527344,
      "candidate_psnr": 34.14065170288086,
      "delta_psnr": -0.09466171264648438,
      "original_ssim": 0.9953798055648804,
      "candidate_ssim": 0.9953290820121765,
      "delta_ssim": -5.072355270385742e-05,
      "filename_param_1": 0.68,
      "filename_param_2": 1.35
    },
    {
      "name": "758_0.61_0.98.png",
      "original_psnr": 36.635711669921875,
      "candidate_psnr": 36.54534912109375,
      "delta_psnr": -0.090362548828125,
      "original_ssim": 0.9970264434814453,
      "candidate_ssim": 0.9970099329948425,
      "delta_ssim": -1.6510486602783203e-05,
      "filename_param_1": 0.61,
      "filename_param_2": 0.98
    },
    {
      "name": "224_0.7_1.92.png",
      "original_psnr": 32.940879821777344,
      "candidate_psnr": 32.857906341552734,
      "delta_psnr": -0.08297348022460938,
      "original_ssim": 0.9937008619308472,
      "candidate_ssim": 0.9936935305595398,
      "delta_ssim": -7.331371307373047e-06,
      "filename_param_1": 0.7,
      "filename_param_2": 1.92
    },
    {
      "name": "558_0.93_1.03.png",
      "original_psnr": 39.286895751953125,
      "candidate_psnr": 39.214412689208984,
      "delta_psnr": -0.07248306274414062,
      "original_ssim": 0.9965401887893677,
      "candidate_ssim": 0.996537446975708,
      "delta_ssim": -2.7418136596679688e-06,
      "filename_param_1": 0.93,
      "filename_param_2": 1.03
    },
    {
      "name": "437_0.96_1.74.png",
      "original_psnr": 33.48017120361328,
      "candidate_psnr": 33.41343688964844,
      "delta_psnr": -0.06673431396484375,
      "original_ssim": 0.991693377494812,
      "candidate_ssim": 0.9916645884513855,
      "delta_ssim": -2.8789043426513672e-05,
      "filename_param_1": 0.96,
      "filename_param_2": 1.74
    },
    {
      "name": "210_0.63_1.2.png",
      "original_psnr": 31.099205017089844,
      "candidate_psnr": 31.032489776611328,
      "delta_psnr": -0.06671524047851562,
      "original_ssim": 0.9916645288467407,
      "candidate_ssim": 0.9916466474533081,