{
  "runs": {
    "A0": {
      "label": "A0",
      "arch": "official_convir",
      "mode": "original",
      "checkpoint": "/home/caozhiyang/ConvIR-B/checkpoints/official/Haze4K/haze4k-base.pkl",
      "depth_mode": "none",
      "airlight_mode": "none",
      "count": 600,
      "mean_psnr": 39.75413154284159,
      "mean_ssim": 0.9956292870640755,
      "avg_time_sec_sync": 0.025374914010365804,
      "median_time_sec_sync": 0.025014638900756836,
      "peak_cuda_mem_mib": 535.44482421875
    },
    "DTA_v34_v34_fdf_tsr_e2_tiny_residual_seed3411_f1_quick5full_fallback_train_zero": {
      "label": "DTA_v34_v34_fdf_tsr_e2_tiny_residual_seed3411_f1_quick5full_fallback_train_zero",
      "arch": "dta_v3",
      "mode": "modres",
      "checkpoint": "/home/caozhiyang/ConvIR-B/repos/ConvIR-B-dta-v3-4-fdf-tsr-finetune/Dehazing/ITS/results/ConvIR-Haze4K-DTA-v3-4-FDF-TSR-e2_tiny_residual-seed3411_f1-quick5full/Training-Results/Final.pkl",
      "depth_mode": "zero",
      "airlight_mode": "fallback",
      "count": 600,
      "mean_psnr": 39.52571832974752,
      "mean_ssim": 0.9955281840761503,
      "avg_time_sec_sync": 0.03564996719360351,
      "median_time_sec_sync": 0.03559291362762451,
      "peak_cuda_mem_mib": 543.4326171875
    }
  },
  "comparison": {
    "common_count": 600,
    "mean_psnr_delta": -0.22841321309407553,
    "median_psnr_delta": -0.19652175903320312,
    "p5_psnr_delta": -0.8435739517211914,
    "p95_psnr_delta": 0.290007972717285,
    "hard_bottom25_psnr_delta": -0.2021147155761719,
    "easy_top25_psnr_delta": -0.17302530924479168,
    "worst10pct_mean_psnr_delta": -0.8930850982666015,
    "best10pct_mean_psnr_delta": 0.3612034479777018,
    "worst10img_mean_psnr_delta": -1.2454692840576171,
    "best10img_mean_psnr_delta": 0.7586238861083985,
    "worst10_mean_psnr_delta": -0.8930850982666015,
    "best10_mean_psnr_delta": 0.3612034479777018,
    "mean_ssim_delta": -0.00010110298792521159,
    "positive_ratio": 0.23333333333333334,
    "strong_reference_cut_psnr": 42.84021854400635,
    "strong_reference_count": 150,
    "strong_regression_count_delta_le_-0.05": 99,
    "worst_regression_count_delta_le_-0.20": 296
  }
}