{
  "runs": {
    "A0": {
      "label": "A0",
      "arch": "official_convir",
      "mode": "original",
      "checkpoint": "/sda/home/wangyuxin/ConvIR-B/checkpoints/official/Haze4K/haze4k-base.pkl",
      "depth_mode": "none",
      "airlight_mode": "none",
      "count": 600,
      "mean_psnr": 39.75955163955688,
      "mean_ssim": 0.995632650355498,
      "avg_time_sec_sync": 0.03904452761014303,
      "median_time_sec_sync": 0.036039113998413086,
      "peak_cuda_mem_mib": 536.99169921875
    },
    "DTA_v35_v35_fdf_rcs_l1_fdf_lite_s004_g025_bm2_seed3411_f1_quick5full_fallback_train_zero": {
      "label": "DTA_v35_v35_fdf_rcs_l1_fdf_lite_s004_g025_bm2_seed3411_f1_quick5full_fallback_train_zero",
      "arch": "dta_v3",
      "mode": "modres",
      "checkpoint": "/sda/home/wangyuxin/ConvIR-B/repos/ConvIR-B-dta-v3-5-fdf-rcs-lite/Dehazing/ITS/results/ConvIR-Haze4K-DTA-v3-5-FDF-RCS-l1_fdf_lite_s004_g025_bm2-seed3411_f1-quick5full/Training-Results/Final.pkl",
      "depth_mode": "zero",
      "airlight_mode": "fallback",
      "count": 600,
      "mean_psnr": 39.76364906628927,
      "mean_ssim": 0.9956288488705953,
      "avg_time_sec_sync": 0.053457405567169186,
      "median_time_sec_sync": 0.05141341686248779,
      "peak_cuda_mem_mib": 601.8427734375
    }
  },
  "comparison": {
    "common_count": 600,
    "mean_psnr_delta": 0.004097426732381185,
    "median_psnr_delta": 0.004677772521972656,
    "p5_psnr_delta": -0.2201244354248047,
    "p95_psnr_delta": 0.23579864501953107,
    "hard_bottom25_psnr_delta": 0.026268170674641926,
    "easy_top25_psnr_delta": 0.0037208048502604166,
    "worst10pct_mean_psnr_delta": -0.2753080050150553,
    "best10pct_mean_psnr_delta": 0.27905152638753256,
    "worst10img_mean_psnr_delta": -0.5406925201416015,
    "best10img_mean_psnr_delta": 0.48624305725097655,
    "worst10_mean_psnr_delta": -0.2753080050150553,
    "best10_mean_psnr_delta": 0.27905152638753256,
    "mean_ssim_delta": -3.8014849026997886e-06,
    "positive_ratio": 0.525,
    "strong_reference_cut_psnr": 42.834919929504395,
    "strong_reference_count": 150,
    "strong_regression_count_delta_le_-0.05": 47,
    "worst_regression_count_delta_le_-0.20": 39
  }
}