{
  "b1_surgery_s0.70": {
    "best_gain_top10": {
      "count": 10,
      "candidate_psnr_mean": 37.768049240112305,
      "candidate_psnr_median": 37.151845932006836,
      "candidate_psnr_max": 42.94541931152344,
      "delta_psnr_mean": 1.0205192565917969,
      "delta_psnr_median": 0.0689239501953125,
      "delta_psnr_max": 8.772708892822266,
      "original_psnr_mean": 36.74752998352051,
      "original_psnr_median": 37.0858268737793,
      "original_psnr_max": 42.88180923461914,
      "rhfd1_delta_abs_max_mean": 0.0033700170228257776,
      "rhfd1_delta_abs_max_median": 0.003306016558781266,
      "rhfd1_delta_abs_max_max": 0.003656419226899743,
      "rhfd1_delta_abs_mean_mean": 0.0005413802748080343,
      "rhfd1_delta_abs_mean_median": 0.0005381701921578497,
      "rhfd1_delta_abs_mean_max": 0.0005614686524495482,
      "rhfd1_delta_norm_mean": 1.090486752986908,
      "rhfd1_delta_norm_median": 1.0839728116989136,
      "rhfd1_delta_norm_max": 1.1311241388320923,
      "rhfd1_delta_norm_ratio_mean": 0.0028309842755906266,
      "rhfd1_delta_norm_ratio_median": 0.0028064479533157416,
      "rhfd1_delta_norm_ratio_max": 0.0030799904388790016,
      "rhfd1_delta_std_mean": 0.0006953474367037416,
      "rhfd1_delta_std_median": 0.0006912266544532031,
      "rhfd1_delta_std_max": 0.0007205386646091938,
      "rhfd1_feature_norm_mean": 386.89638061523436,
      "rhfd1_feature_norm_median": 388.9440002441406,
      "rhfd1_feature_norm_max": 446.3103332519531,
      "rhfd2_delta_abs_max_mean": 0.015027411188930273,
      "rhfd2_delta_abs_max_median": 0.014561264775693417,
      "rhfd2_delta_abs_max_max": 0.01745738461613655,
      "rhfd2_delta_abs_mean_mean": 0.0010209905216470362,
      "rhfd2_delta_abs_mean_median": 0.0010003455681726336,
      "rhfd2_delta_abs_mean_max": 0.0011330301640555263,
      "rhfd2_delta_norm_mean": 2.9147274017333986,
      "rhfd2_delta_norm_median": 2.814639091491699,
      "rhfd2_delta_norm_max": 3.353316068649292,
      "rhfd2_delta_norm_ratio_mean": 0.0022641696107001796,
      "rhfd2_delta_norm_ratio_median": 0.0022392094464016845,
      "rhfd2_delta_norm_ratio_max": 0.002681390431568677,
      "rhfd2_delta_std_mean": 0.0013059233431704342,
      "rhfd2_delta_std_median": 0.0012597718159668148,
      "rhfd2_delta_std_max": 0.0015082645695656538,
      "rhfd2_feature_norm_mean": 1305.228369140625,
      "rhfd2_feature_norm_median": 1337.0430297851562,
      "rhfd2_feature_norm_max": 1698.6063232421875
    },
    "easy_preserved": {
      "count": 10,
      "candidate_psnr_mean": 42.09149055480957,
      "candidate_psnr_median": 42.187910079956055,
      "candidate_psnr_max": 45.13969421386719,
      "delta_psnr_mean": 0.0001140594482421875,
      "delta_psnr_median": 0.0003833770751953125,
      "delta_psnr_max": 0.000732421875,
      "original_psnr_mean": 42.09137649536133,
      "original_psnr_median": 42.187753677368164,
      "original_psnr_max": 45.13896179199219,
      "rhfd1_delta_abs_max_mean": 0.0034735371824353932,
      "rhfd1_delta_abs_max_median": 0.0035026349360123277,
      "rhfd1_delta_abs_max_max": 0.0037192886229604483,
      "rhfd1_delta_abs_mean_mean": 0.0005417049105744809,
      "rhfd1_delta_abs_mean_median": 0.000542720255907625,
      "rhfd1_delta_abs_mean_max": 0.0005479527753777802,
      "rhfd1_delta_norm_mean": 1.0914028763771058,
      "rhfd1_delta_norm_median": 1.094023883342743,
      "rhfd1_delta_norm_max": 1.1049588918685913,
      "rhfd1_delta_norm_ratio_mean": 0.0026587412534009886,
      "rhfd1_delta_norm_ratio_median": 0.0027132860238707384,
      "rhfd1_delta_norm_ratio_max": 0.0028587719926477418,
      "rhfd1_delta_std_mean": 0.0006958753510843962,
      "rhfd1_delta_std_median": 0.0006974342977628112,
      "rhfd1_delta_std_max": 0.000704698555637151,
      "rhfd1_feature_norm_mean": 412.4932159423828,
      "rhfd1_feature_norm_median": 402.47425842285156,
      "rhfd1_feature_norm_max": 482.4835205078125,
      "rhfd2_delta_abs_max_mean": 0.015348500199615955,
      "rhfd2_delta_abs_max_median": 0.015449822414666414,
      "rhfd2_delta_abs_max_max": 0.01776745542883873,
      "rhfd2_delta_abs_mean_mean": 0.001022927585290745,
      "rhfd2_delta_abs_mean_median": 0.001011237152852118,
      "rhfd2_delta_abs_mean_max": 0.001110367476940155,
      "rhfd2_delta_norm_mean": 2.9445878744125364,
      "rhfd2_delta_norm_median": 2.894268274307251,
      "rhfd2_delta_norm_max": 3.2611396312713623,
      "rhfd2_delta_norm_ratio_mean": 0.002095276852687331,
      "rhfd2_delta_norm_ratio_median": 0.0020990110975421367,
      "rhfd2_delta_norm_ratio_max": 0.002222452237975872,
      "rhfd2_delta_std_mean": 0.0013208105228841305,
      "rhfd2_delta_std_median": 0.001296805392485112,
      "rhfd2_delta_std_max": 0.001466952497139573,
      "rhfd2_feature_norm_mean": 1412.3130981445313,
      "rhfd2_feature_norm_median": 1388.5587158203125,
      "rhfd2_feature_norm_max": 1717.2183837890625
    },
    "hard_gain": {
      "count": 10,
      "candidate_psnr_mean": 29.10372829437256,
      "candidate_psnr_median": 28.64294147491455,
      "candidate_psnr_max": 36.381690979003906,
      "delta_psnr_mean": 0.9113090515136719,
      "delta_psnr_median": 0.03364849090576172,
      "delta_psnr_max": 8.772708892822266,
      "original_psnr_mean": 28.192419242858886,
      "original_psnr_median": 28.311283111572266,
      "original_psnr_max": 29.587696075439453,
      "rhfd1_delta_abs_max_mean": 0.003344846982508898,
      "rhfd1_delta_abs_max_median": 0.0034212549217045307,
      "rhfd1_delta_abs_max_max": 0.003605653764680028,
      "rhfd1_delta_abs_mean_mean": 0.0005381825787480921,
      "rhfd1_delta_abs_mean_median": 0.0005376615154091269,
      "rhfd1_delta_abs_mean_max": 0.0005473530036397278,
      "rhfd1_delta_norm_mean": 0.8952342391014099,
      "rhfd1_delta_norm_median": 0.8167537748813629,
      "rhfd1_delta_norm_max": 1.0834379196166992,
      "rhfd1_delta_norm_ratio_mean": 0.0029160523359029167,
      "rhfd1_delta_norm_ratio_median": 0.002995561651247293,
      "rhfd1_delta_norm_ratio_max": 0.003124349957141907,
      "rhfd1_delta_std_mean": 0.0006913117307703942,
      "rhfd1_delta_std_median": 0.0006905723130330443,
      "rhfd1_delta_std_max": 0.0006999103352427483,
      "rhfd1_feature_norm_mean": 307.3776458740234,
      "rhfd1_feature_norm_median": 295.64939880371094,
      "rhfd1_feature_norm_max": 390.7046813964844,
      "rhfd2_delta_abs_max_mean": 0.010245345486328005,
      "rhfd2_delta_abs_max_median": 0.00901075080037117,
      "rhfd2_delta_abs_max_max": 0.014718287624418736,
      "rhfd2_delta_abs_mean_mean": 0.0009842455678153784,
      "rhfd2_delta_abs_mean_median": 0.0009757381631061435,
      "rhfd2_delta_abs_mean_max": 0.001062934403307736,
      "rhfd2_delta_norm_mean": 2.264611268043518,
      "rhfd2_delta_norm_median": 2.0362062454223633,
      "rhfd2_delta_norm_max": 3.026484489440918,
      "rhfd2_delta_norm_ratio_mean": 0.0025663612942029984,
      "rhfd2_delta_norm_ratio_median": 0.0026396090771113106,
      "rhfd2_delta_norm_ratio_max": 0.002823422481967377,
      "rhfd2_delta_std_mean": 0.001223294297233224,
      "rhfd2_delta_std_median": 0.001211850787512958,
      "rhfd2_delta_std_max": 0.001355172717012465,
      "rhfd2_feature_norm_mean": 890.3000915527343,
      "rhfd2_feature_norm_median": 850.9742431640625,
      "rhfd2_feature_norm_max": 1321.82373046875
    },
    "hard_regression": {
      "count": 2,
      "candidate_psnr_mean": 25.352127075195312,
      "candidate_psnr_median": 25.352127075195312,
      "candidate_psnr_max": 26.266422271728516,
      "delta_psnr_mean": -0.12857723236083984,
      "delta_psnr_median": -0.12857723236083984,
      "delta_psnr_max": -0.11948585510253906,
      "original_psnr_mean": 25.480704307556152,
      "original_psnr_median": 25.480704307556152,
      "original_psnr_max": 26.385908126831055,
      "rhfd1_delta_abs_max_mean": 0.003658969304524362,
      "rhfd1_delta_abs_max_median": 0.003658969304524362,