{
  "runs": {
    "A0": {
      "label": "A0",
      "arch": "official_convir",
      "mode": "original",
      "checkpoint": "/sda/home/wangyuxin/ConvIR-B/checkpoints/official/Haze4K/haze4k-base.pkl",
      "depth_mode": "none",
      "airlight_mode": "none",
      "count": 600,
      "mean_psnr": 39.35034857114156,
      "mean_ssim": 0.9957262628277143,
      "avg_time_sec_sync": 0.046541858514149985,
      "median_time_sec_sync": 0.043406128883361816,
      "peak_cuda_mem_mib": 537.50634765625
    },
    "DTA_v35_v35_fdf_rcs_l3_fdf_lite_s004_g015_bm2_seed3411_f0_quick5full_fallback_train_normal": {
      "label": "DTA_v35_v35_fdf_rcs_l3_fdf_lite_s004_g015_bm2_seed3411_f0_quick5full_fallback_train_normal",
      "arch": "dta_v3",
      "mode": "modres",
      "checkpoint": "/sda/home/wangyuxin/ConvIR-B/repos/ConvIR-B-dta-v3-5-fdf-rcs-lite/Dehazing/ITS/results/ConvIR-Haze4K-DTA-v3-5-FDF-RCS-l3_fdf_lite_s004_g015_bm2-seed3411_f0-quick5full/Training-Results/Final.pkl",
      "depth_mode": "normal",
      "airlight_mode": "fallback",
      "count": 600,
      "mean_psnr": 39.38482342720032,
      "mean_ssim": 0.9957332304120063,
      "avg_time_sec_sync": 0.07462976018587748,
      "median_time_sec_sync": 0.07213008403778076,
      "peak_cuda_mem_mib": 602.2802734375
    }
  },
  "comparison": {
    "common_count": 600,
    "mean_psnr_delta": 0.03447485605875651,
    "median_psnr_delta": 0.033794403076171875,
    "p5_psnr_delta": -0.26466941833496094,
    "p95_psnr_delta": 0.3324033737182615,
    "hard_bottom25_psnr_delta": 0.02275194803873698,
    "easy_top25_psnr_delta": 0.02620134989420573,
    "worst10pct_mean_psnr_delta": -0.30268268585205077,
    "best10pct_mean_psnr_delta": 0.3454124450683594,
    "worst10img_mean_psnr_delta": -0.5063846588134766,
    "best10img_mean_psnr_delta": 0.4700916290283203,
    "worst10_mean_psnr_delta": -0.30268268585205077,
    "best10_mean_psnr_delta": 0.3454124450683594,
    "mean_ssim_delta": 6.9675842920939124e-06,
    "positive_ratio": 0.6016666666666667,
    "strong_reference_cut_psnr": 42.755948066711426,
    "strong_reference_count": 150,
    "strong_regression_count_delta_le_-0.05": 43,
    "worst_regression_count_delta_le_-0.20": 55
  }
}