{
  "runs": {
    "A0": {
      "label": "A0",
      "arch": "official_convir",
      "mode": "original",
      "checkpoint": "/sda/home/wangyuxin/ConvIR-B/checkpoints/official/Haze4K/haze4k-base.pkl",
      "depth_mode": "none",
      "airlight_mode": "none",
      "count": 600,
      "mean_psnr": 39.35034857114156,
      "mean_ssim": 0.9957262628277143,
      "avg_time_sec_sync": 0.03371885617574056,
      "median_time_sec_sync": 0.03126966953277588,
      "peak_cuda_mem_mib": 535.95654296875
    },
    "DTA_v32_v32_safemix_c3_full_seed3407_f0_scout5full_fallback_shuffle": {
      "label": "DTA_v32_v32_safemix_c3_full_seed3407_f0_scout5full_fallback_shuffle",
      "arch": "dta_v3",
      "mode": "modres",
      "checkpoint": "/sda/home/wangyuxin/ConvIR-B/repos/ConvIR-B-dta-v3-dapc-finetune-v32-safemix/Dehazing/ITS/results/ConvIR-Haze4K-DTA-v3-2-SafeMix-c3_full-seed3407-f0-scout5full/Training-Results/Final.pkl",
      "depth_mode": "shuffle",
      "airlight_mode": "fallback",
      "count": 600,
      "mean_psnr": 39.347811155319214,
      "mean_ssim": 0.9957019846638043,
      "avg_time_sec_sync": 0.044511522054672244,
      "median_time_sec_sync": 0.04477524757385254,
      "peak_cuda_mem_mib": 541.22705078125
    }
  },
  "comparison": {
    "common_count": 600,
    "mean_psnr_delta": -0.002537415822347005,
    "median_psnr_delta": 0.0026044845581054688,
    "p5_psnr_delta": -0.20011215209960936,
    "p95_psnr_delta": 0.17240924835205076,
    "hard_bottom25_psnr_delta": -0.013727493286132812,
    "easy_top25_psnr_delta": 0.016182403564453125,
    "worst10pct_mean_psnr_delta": -0.2193188985188802,
    "best10pct_mean_psnr_delta": 0.1877489407857259,
    "worst10img_mean_psnr_delta": -0.34505157470703124,
    "best10img_mean_psnr_delta": 0.29384841918945315,
    "worst10_mean_psnr_delta": -0.2193188985188802,
    "best10_mean_psnr_delta": 0.1877489407857259,
    "mean_ssim_delta": -2.427816390991211e-05,
    "positive_ratio": 0.5116666666666667,
    "strong_reference_cut_psnr": 42.755948066711426,
    "strong_reference_count": 150,
    "strong_regression_count_delta_le_-0.05": 33,
    "worst_regression_count_delta_le_-0.20": 31
  }
}