{
  "runs": {
    "A0": {
      "label": "A0",
      "arch": "official_convir",
      "mode": "original",
      "checkpoint": "/sda/home/wangyuxin/ConvIR-B/checkpoints/official/Haze4K/haze4k-base.pkl",
      "depth_mode": "none",
      "airlight_mode": "none",
      "count": 600,
      "mean_psnr": 39.35034857114156,
      "mean_ssim": 0.9957262628277143,
      "avg_time_sec_sync": 0.04031060457229614,
      "median_time_sec_sync": 0.03971683979034424,
      "peak_cuda_mem_mib": 535.95654296875
    },
    "DTA_v33_v33_routerfusion_d3_router_seed3411_f0_triage5full_gt_invert": {
      "label": "DTA_v33_v33_routerfusion_d3_router_seed3411_f0_triage5full_gt_invert",
      "arch": "dta_v3",
      "mode": "modres",
      "checkpoint": "/sda/home/wangyuxin/ConvIR-B/repos/ConvIR-B-dta-v3-dapc-finetune-v33-routerfusion/Dehazing/ITS/results/ConvIR-Haze4K-DTA-v3-3-RouterFusion-d3_router-seed3411-f0-triage5full/Training-Results/Final.pkl",
      "depth_mode": "invert",
      "airlight_mode": "gt",
      "count": 600,
      "mean_psnr": 39.43735088348389,
      "mean_ssim": 0.9957344221075376,
      "avg_time_sec_sync": 0.047035516500473024,
      "median_time_sec_sync": 0.046820640563964844,
      "peak_cuda_mem_mib": 541.89892578125
    }
  },
  "comparison": {
    "common_count": 600,
    "mean_psnr_delta": 0.08700231234232585,
    "median_psnr_delta": 0.067169189453125,
    "p5_psnr_delta": -0.28481006622314453,
    "p95_psnr_delta": 0.5512599945068355,
    "hard_bottom25_psnr_delta": 0.0956728998819987,
    "easy_top25_psnr_delta": 0.07270299275716145,
    "worst10pct_mean_psnr_delta": -0.3319713592529297,
    "best10pct_mean_psnr_delta": 0.5843161265055339,
    "worst10img_mean_psnr_delta": -0.5614253997802734,
    "best10img_mean_psnr_delta": 0.8631877899169922,
    "worst10_mean_psnr_delta": -0.3319713592529297,
    "best10_mean_psnr_delta": 0.5843161265055339,
    "mean_ssim_delta": 8.159279823303222e-06,
    "positive_ratio": 0.6583333333333333,
    "strong_reference_cut_psnr": 42.755948066711426,
    "strong_reference_count": 150,
    "strong_regression_count_delta_le_-0.05": 46,
    "worst_regression_count_delta_le_-0.20": 49
  }
}
