{
  "runs": [
    {
      "label": "true",
      "train_depth": "invert",
      "eval_depth": "invert",
      "compare_dir": "/sda/home/wangyuxin/ConvIR-B/repos/ConvIR-B-dta-v3-6-hrcs/experience_docx/experiment_logs/haze4k_dta_v3_6_hrcs_20260613/dta_v3_5_v35_fdf_rcs_l1_fdf_lite_s004_g025_bm2_seed2026_f4_quick5full_fallback_train_invert_compare",
      "common_count": 600,
      "mean_psnr_delta": 0.09354350407918294,
      "median_psnr_delta": 0.09860420227050781,
      "p5_psnr_delta": -0.29813785552978517,
      "p95_psnr_delta": 0.4815876007080078,
      "hard_bottom25_psnr_delta": 0.08688941955566407,
      "easy_top25_psnr_delta": 0.08026517232259114,
      "worst10pct_mean_psnr_delta": -0.32541542053222655,
      "best10pct_mean_psnr_delta": 0.49152247111002606,
      "worst10img_mean_psnr_delta": -0.5065399169921875,
      "best10img_mean_psnr_delta": 0.5969070434570313,
      "worst10_mean_psnr_delta": -0.32541542053222655,
      "best10_mean_psnr_delta": 0.49152247111002606,
      "mean_ssim_delta": 1.9520819187164306e-05,
      "positive_ratio": 0.6933333333333334,
      "strong_reference_cut_psnr": 42.82054328918457,
      "strong_reference_count": 150,
      "strong_regression_count_delta_le_-0.05": 46,
      "worst_regression_count_delta_le_-0.20": 67
    },
    {
      "label": "zero",
      "train_depth": "invert",
      "eval_depth": "zero",
      "compare_dir": "/sda/home/wangyuxin/ConvIR-B/repos/ConvIR-B-dta-v3-6-hrcs/experience_docx/experiment_logs/haze4k_dta_v3_6_hrcs_20260613/dta_v3_5_v35_fdf_rcs_l1_fdf_lite_s004_g025_bm2_seed2026_f4_quick5full_fallback_train_zero_compare",
      "common_count": 600,
      "mean_psnr_delta": -0.00027782758076985676,
      "median_psnr_delta": 0.0004138946533203125,
      "p5_psnr_delta": -0.19270381927490235,
      "p95_psnr_delta": 0.19302053451538065,
      "hard_bottom25_psnr_delta": 0.003270734151204427,
      "easy_top25_psnr_delta": -0.005553538004557291,
      "worst10pct_mean_psnr_delta": -0.21209551493326823,
      "best10pct_mean_psnr_delta": 0.2113547643025716,
      "worst10img_mean_psnr_delta": -0.31172981262207033,
      "best10img_mean_psnr_delta": 0.29285202026367185,
      "worst10_mean_psnr_delta": -0.21209551493326823,
      "best10_mean_psnr_delta": 0.2113547643025716,
      "mean_ssim_delta": -2.8089582920074462e-05,
      "positive_ratio": 0.5016666666666667,
      "strong_reference_cut_psnr": 42.82054328918457,
      "strong_reference_count": 150,
      "strong_regression_count_delta_le_-0.05": 40,
      "worst_regression_count_delta_le_-0.20": 28
    },
    {
      "label": "shuffle",
      "train_depth": "invert",
      "eval_depth": "shuffle",
      "compare_dir": "/sda/home/wangyuxin/ConvIR-B/repos/ConvIR-B-dta-v3-6-hrcs/experience_docx/experiment_logs/haze4k_dta_v3_6_hrcs_20260613/dta_v3_5_v35_fdf_rcs_l1_fdf_lite_s004_g025_bm2_seed2026_f4_quick5full_fallback_train_shuffle_compare",
      "common_count": 600,
      "mean_psnr_delta": 0.022459135055541993,
      "median_psnr_delta": 0.015691757202148438,
      "p5_psnr_delta": -0.2015939712524414,
      "p95_psnr_delta": 0.2546962738037109,
      "hard_bottom25_psnr_delta": 0.019658342997233073,
      "easy_top25_psnr_delta": 0.0218634033203125,
      "worst10pct_mean_psnr_delta": -0.21272964477539064,
      "best10pct_mean_psnr_delta": 0.26419140497843424,
      "worst10img_mean_psnr_delta": -0.31977272033691406,
      "best10img_mean_psnr_delta": 0.35208969116210936,
      "worst10_mean_psnr_delta": -0.21272964477539064,
      "best10_mean_psnr_delta": 0.26419140497843424,
      "mean_ssim_delta": 1.3287862141927083e-06,
      "positive_ratio": 0.5433333333333333,
      "strong_reference_cut_psnr": 42.82054328918457,
      "strong_reference_count": 150,
      "strong_regression_count_delta_le_-0.05": 40,
      "worst_regression_count_delta_le_-0.20": 31
    },
    {
      "label": "normal",
      "train_depth": "invert",
      "eval_depth": "normal",
      "compare_dir": "/sda/home/wangyuxin/ConvIR-B/repos/ConvIR-B-dta-v3-6-hrcs/experience_docx/experiment_logs/haze4k_dta_v3_6_hrcs_20260613/dta_v3_5_v35_fdf_rcs_l1_fdf_lite_s004_g025_bm2_seed2026_f4_quick5full_fallback_train_normal_compare",
      "common_count": 600,
      "mean_psnr_delta": 0.012350165049235026,
      "median_psnr_delta": 0.01239013671875,
      "p5_psnr_delta": -0.19289665222167968,
      "p95_psnr_delta": 0.23960247039794905,
      "hard_bottom25_psnr_delta": 0.004510625203450521,
      "easy_top25_psnr_delta": 0.016576944986979168,
      "worst10pct_mean_psnr_delta": -0.2145650545756022,
      "best10pct_mean_psnr_delta": 0.2513768196105957,
      "worst10img_mean_psnr_delta": -0.3277923583984375,
      "best10img_mean_psnr_delta": 0.35894241333007815,
      "worst10_mean_psnr_delta": -0.2145650545756022,
      "best10_mean_psnr_delta": 0.2513768196105957,
      "mean_ssim_delta": 1.5906492869059245e-06,
      "positive_ratio": 0.5366666666666666,
      "strong_reference_cut_psnr": 42.82054328918457,
      "strong_reference_count": 150,
      "strong_regression_count_delta_le_-0.05": 39,
      "worst_regression_count_delta_le_-0.20": 28
    }
  ],
  "attribution": {
    "true_label": "true",
    "baseline_label": "zero",
    "common_count": 600,
    "mean_depth_surplus_psnr": 0.0938213316599528,
    "median_depth_surplus_psnr": 0.10294723510742188,
    "positive_surplus_ratio": 0.695
  }
}