{
  "runs": [
    {
      "label": "true",
      "train_depth": "invert",
      "eval_depth": "invert",
      "compare_dir": "/sda/home/wangyuxin/ConvIR-B/repos/ConvIR-B-dta-v3-6-hrcs/experience_docx/experiment_logs/haze4k_dta_v3_6_hrcs_20260613/dta_v3_5_v35_fdf_rcs_l3_fdf_lite_s004_g015_bm2_seed3407_f1_quick5full_fallback_train_invert_compare",
      "common_count": 600,
      "mean_psnr_delta": 0.07411932627360027,
      "median_psnr_delta": 0.07365608215332031,
      "p5_psnr_delta": -0.35219593048095704,
      "p95_psnr_delta": 0.49469604492187497,
      "hard_bottom25_psnr_delta": 0.08891718546549479,
      "easy_top25_psnr_delta": 0.055268173217773435,
      "worst10pct_mean_psnr_delta": -0.4233761151631673,
      "best10pct_mean_psnr_delta": 0.5499120076497396,
      "worst10img_mean_psnr_delta": -0.7585624694824219,
      "best10img_mean_psnr_delta": 0.7832759857177735,
      "worst10_mean_psnr_delta": -0.4233761151631673,
      "best10_mean_psnr_delta": 0.5499120076497396,
      "mean_ssim_delta": 6.843209266662598e-06,
      "positive_ratio": 0.6483333333333333,
      "strong_reference_cut_psnr": 42.834919929504395,
      "strong_reference_count": 150,
      "strong_regression_count_delta_le_-0.05": 50,
      "worst_regression_count_delta_le_-0.20": 67
    },
    {
      "label": "zero",
      "train_depth": "invert",
      "eval_depth": "zero",
      "compare_dir": "/sda/home/wangyuxin/ConvIR-B/repos/ConvIR-B-dta-v3-6-hrcs/experience_docx/experiment_logs/haze4k_dta_v3_6_hrcs_20260613/dta_v3_5_v35_fdf_rcs_l3_fdf_lite_s004_g015_bm2_seed3407_f1_quick5full_fallback_train_zero_compare",
      "common_count": 600,
      "mean_psnr_delta": 0.003252706527709961,
      "median_psnr_delta": 0.005771636962890625,
      "p5_psnr_delta": -0.28031368255615235,
      "p95_psnr_delta": 0.2976440429687498,
      "hard_bottom25_psnr_delta": 0.001149762471516927,
      "easy_top25_psnr_delta": 0.018645095825195312,
      "worst10pct_mean_psnr_delta": -0.3206439654032389,
      "best10pct_mean_psnr_delta": 0.31769434611002606,
      "worst10img_mean_psnr_delta": -0.5488895416259766,
      "best10img_mean_psnr_delta": 0.4641685485839844,
      "worst10_mean_psnr_delta": -0.3206439654032389,
      "best10_mean_psnr_delta": 0.31769434611002606,
      "mean_ssim_delta": -4.863003889719645e-05,
      "positive_ratio": 0.5183333333333333,
      "strong_reference_cut_psnr": 42.834919929504395,
      "strong_reference_count": 150,
      "strong_regression_count_delta_le_-0.05": 39,
      "worst_regression_count_delta_le_-0.20": 61
    },
    {
      "label": "shuffle",
      "train_depth": "invert",
      "eval_depth": "shuffle",
      "compare_dir": "/sda/home/wangyuxin/ConvIR-B/repos/ConvIR-B-dta-v3-6-hrcs/experience_docx/experiment_logs/haze4k_dta_v3_6_hrcs_20260613/dta_v3_5_v35_fdf_rcs_l3_fdf_lite_s004_g015_bm2_seed3407_f1_quick5full_fallback_train_shuffle_compare",
      "common_count": 600,
      "mean_psnr_delta": 0.01912945747375488,
      "median_psnr_delta": 0.026195526123046875,
      "p5_psnr_delta": -0.2636829376220703,
      "p95_psnr_delta": 0.34066257476806633,
      "hard_bottom25_psnr_delta": 0.016157519022623697,
      "easy_top25_psnr_delta": 0.03474889119466146,
      "worst10pct_mean_psnr_delta": -0.33269948959350587,
      "best10pct_mean_psnr_delta": 0.36543903350830076,
      "worst10img_mean_psnr_delta": -0.6201038360595703,
      "best10img_mean_psnr_delta": 0.533978271484375,
      "worst10_mean_psnr_delta": -0.33269948959350587,
      "best10_mean_psnr_delta": 0.36543903350830076,
      "mean_ssim_delta": -1.2022058169047037e-05,
      "positive_ratio": 0.5616666666666666,
      "strong_reference_cut_psnr": 42.834919929504395,
      "strong_reference_count": 150,
      "strong_regression_count_delta_le_-0.05": 38,
      "worst_regression_count_delta_le_-0.20": 67
    },
    {
      "label": "normal",
      "train_depth": "invert",
      "eval_depth": "normal",
      "compare_dir": "/sda/home/wangyuxin/ConvIR-B/repos/ConvIR-B-dta-v3-6-hrcs/experience_docx/experiment_logs/haze4k_dta_v3_6_hrcs_20260613/dta_v3_5_v35_fdf_rcs_l3_fdf_lite_s004_g015_bm2_seed3407_f1_quick5full_fallback_train_normal_compare",
      "common_count": 600,
      "mean_psnr_delta": 0.015262781778971354,
      "median_psnr_delta": 0.010868072509765625,
      "p5_psnr_delta": -0.2686788558959961,
      "p95_psnr_delta": 0.3382501602172851,
      "hard_bottom25_psnr_delta": 0.00987335205078125,
      "easy_top25_psnr_delta": 0.03861597696940104,
      "worst10pct_mean_psnr_delta": -0.32336289087931314,
      "best10pct_mean_psnr_delta": 0.360893185933431,
      "worst10img_mean_psnr_delta": -0.5908424377441406,
      "best10img_mean_psnr_delta": 0.5458343505859375,
      "worst10_mean_psnr_delta": -0.32336289087931314,
      "best10_mean_psnr_delta": 0.360893185933431,
      "mean_ssim_delta": -5.743702252705892e-06,
      "positive_ratio": 0.5333333333333333,
      "strong_reference_cut_psnr": 42.834919929504395,
      "strong_reference_count": 150,
      "strong_regression_count_delta_le_-0.05": 41,
      "worst_regression_count_delta_le_-0.20": 59
    }
  ],
  "attribution": {
    "true_label": "true",
    "baseline_label": "zero",
    "common_count": 600,
    "mean_depth_surplus_psnr": 0.0708666197458903,
    "median_depth_surplus_psnr": 0.09348869323730469,
    "positive_surplus_ratio": 0.6983333333333334
  }
}