{
  "runs": [
    {
      "label": "true",
      "train_depth": "invert",
      "eval_depth": "invert",
      "compare_dir": "/sda/home/wangyuxin/ConvIR-B/repos/ConvIR-B-dta-v3-6-hrcs/experience_docx/experiment_logs/haze4k_dta_v3_6_hrcs_20260613/dta_v3_5_v35_fdf_rcs_l2_fdf_lite_s002_g025_bm2_seed3411_f2_quick5full_fallback_train_invert_compare",
      "common_count": 600,
      "mean_psnr_delta": 0.05444549242655436,
      "median_psnr_delta": 0.05503082275390625,
      "p5_psnr_delta": -0.28648033142089846,
      "p95_psnr_delta": 0.42604827880859375,
      "hard_bottom25_psnr_delta": 0.012563972473144532,
      "easy_top25_psnr_delta": 0.06514010111490885,
      "worst10pct_mean_psnr_delta": -0.4392931620279948,
      "best10pct_mean_psnr_delta": 0.4398577054341634,
      "worst10img_mean_psnr_delta": -1.2148679733276366,
      "best10img_mean_psnr_delta": 0.5751995086669922,
      "worst10_mean_psnr_delta": -0.4392931620279948,
      "best10_mean_psnr_delta": 0.4398577054341634,
      "mean_ssim_delta": -8.148729801177979e-05,
      "positive_ratio": 0.64,
      "strong_reference_cut_psnr": 42.41839599609375,
      "strong_reference_count": 150,
      "strong_regression_count_delta_le_-0.05": 43,
      "worst_regression_count_delta_le_-0.20": 51
    },
    {
      "label": "zero",
      "train_depth": "invert",
      "eval_depth": "zero",
      "compare_dir": "/sda/home/wangyuxin/ConvIR-B/repos/ConvIR-B-dta-v3-6-hrcs/experience_docx/experiment_logs/haze4k_dta_v3_6_hrcs_20260613/dta_v3_5_v35_fdf_rcs_l2_fdf_lite_s002_g025_bm2_seed3411_f2_quick5full_fallback_train_zero_compare",
      "common_count": 600,
      "mean_psnr_delta": 0.012123460769653321,
      "median_psnr_delta": 0.020215988159179688,
      "p5_psnr_delta": -0.23173236846923828,
      "p95_psnr_delta": 0.28512039184570287,
      "hard_bottom25_psnr_delta": -0.03155770619710287,
      "easy_top25_psnr_delta": 0.03206329345703125,
      "worst10pct_mean_psnr_delta": -0.3723763465881348,
      "best10pct_mean_psnr_delta": 0.30104808807373046,
      "worst10img_mean_psnr_delta": -1.1144487380981445,
      "best10img_mean_psnr_delta": 0.42603187561035155,
      "worst10_mean_psnr_delta": -0.3723763465881348,
      "best10_mean_psnr_delta": 0.30104808807373046,
      "mean_ssim_delta": -0.00010699192682902018,
      "positive_ratio": 0.58,
      "strong_reference_cut_psnr": 42.41839599609375,
      "strong_reference_count": 150,
      "strong_regression_count_delta_le_-0.05": 37,
      "worst_regression_count_delta_le_-0.20": 40
    },
    {
      "label": "shuffle",
      "train_depth": "invert",
      "eval_depth": "shuffle",
      "compare_dir": "/sda/home/wangyuxin/ConvIR-B/repos/ConvIR-B-dta-v3-6-hrcs/experience_docx/experiment_logs/haze4k_dta_v3_6_hrcs_20260613/dta_v3_5_v35_fdf_rcs_l2_fdf_lite_s002_g025_bm2_seed3411_f2_quick5full_fallback_train_shuffle_compare",
      "common_count": 600,
      "mean_psnr_delta": 0.01972743034362793,
      "median_psnr_delta": 0.025676727294921875,
      "p5_psnr_delta": -0.26927928924560546,
      "p95_psnr_delta": 0.3220684051513669,
      "hard_bottom25_psnr_delta": -0.02308892567952474,
      "easy_top25_psnr_delta": 0.03912811279296875,
      "worst10pct_mean_psnr_delta": -0.4010281244913737,
      "best10pct_mean_psnr_delta": 0.3402748425801595,
      "worst10img_mean_psnr_delta": -1.1456966400146484,
      "best10img_mean_psnr_delta": 0.45501136779785156,
      "worst10_mean_psnr_delta": -0.4010281244913737,
      "best10_mean_psnr_delta": 0.3402748425801595,
      "mean_ssim_delta": -8.980353673299154e-05,
      "positive_ratio": 0.5783333333333334,
      "strong_reference_cut_psnr": 42.41839599609375,
      "strong_reference_count": 150,
      "strong_regression_count_delta_le_-0.05": 41,
      "worst_regression_count_delta_le_-0.20": 52
    },
    {
      "label": "normal",
      "train_depth": "invert",
      "eval_depth": "normal",
      "compare_dir": "/sda/home/wangyuxin/ConvIR-B/repos/ConvIR-B-dta-v3-6-hrcs/experience_docx/experiment_logs/haze4k_dta_v3_6_hrcs_20260613/dta_v3_5_v35_fdf_rcs_l2_fdf_lite_s002_g025_bm2_seed3411_f2_quick5full_fallback_train_normal_compare",
      "common_count": 600,
      "mean_psnr_delta": 0.017873334884643554,
      "median_psnr_delta": 0.024206161499023438,
      "p5_psnr_delta": -0.25316925048828126,
      "p95_psnr_delta": 0.32487325668334954,
      "hard_bottom25_psnr_delta": -0.028047955830891928,
      "easy_top25_psnr_delta": 0.04134132385253906,
      "worst10pct_mean_psnr_delta": -0.40263026555379233,
      "best10pct_mean_psnr_delta": 0.3335256258646647,
      "worst10img_mean_psnr_delta": -1.1500625610351562,
      "best10img_mean_psnr_delta": 0.4508953094482422,
      "worst10_mean_psnr_delta": -0.40263026555379233,
      "best10_mean_psnr_delta": 0.3335256258646647,
      "mean_ssim_delta": -8.582492669423422e-05,
      "positive_ratio": 0.57,
      "strong_reference_cut_psnr": 42.41839599609375,
      "strong_reference_count": 150,
      "strong_regression_count_delta_le_-0.05": 42,
      "worst_regression_count_delta_le_-0.20": 56
    }
  ],
  "attribution": {
    "true_label": "true",
    "baseline_label": "zero",
    "common_count": 600,
    "mean_depth_surplus_psnr": 0.042322031656901044,
    "median_depth_surplus_psnr": 0.05322456359863281,
    "positive_surplus_ratio": 0.7116666666666667
  }
}