{
  "runs": [
    {
      "label": "true",
      "train_depth": "invert",
      "eval_depth": "invert",
      "compare_dir": "/sda/home/wangyuxin/ConvIR-B/repos/ConvIR-B-dta-v3-6-hrcs/experience_docx/experiment_logs/haze4k_dta_v3_6_hrcs_20260613/dta_v3_5_v35_fdf_rcs_l1_fdf_lite_s004_g025_bm2_seed2026_f1_quick5full_fallback_train_invert_compare",
      "common_count": 600,
      "mean_psnr_delta": 0.08096924781799317,
      "median_psnr_delta": 0.08879661560058594,
      "p5_psnr_delta": -0.4753690719604492,
      "p95_psnr_delta": 0.6004426956176755,
      "hard_bottom25_psnr_delta": 0.11167250315348308,
      "easy_top25_psnr_delta": 0.04566462198893229,
      "worst10pct_mean_psnr_delta": -0.5540995915730794,
      "best10pct_mean_psnr_delta": 0.6715097427368164,
      "worst10img_mean_psnr_delta": -0.8770130157470704,
      "best10img_mean_psnr_delta": 1.0447998046875,
      "worst10_mean_psnr_delta": -0.5540995915730794,
      "best10_mean_psnr_delta": 0.6715097427368164,
      "mean_ssim_delta": 2.2624929745992024e-05,
      "positive_ratio": 0.6266666666666667,
      "strong_reference_cut_psnr": 42.834919929504395,
      "strong_reference_count": 150,
      "strong_regression_count_delta_le_-0.05": 56,
      "worst_regression_count_delta_le_-0.20": 109
    },
    {
      "label": "zero",
      "train_depth": "invert",
      "eval_depth": "zero",
      "compare_dir": "/sda/home/wangyuxin/ConvIR-B/repos/ConvIR-B-dta-v3-6-hrcs/experience_docx/experiment_logs/haze4k_dta_v3_6_hrcs_20260613/dta_v3_5_v35_fdf_rcs_l1_fdf_lite_s004_g025_bm2_seed2026_f1_quick5full_fallback_train_zero_compare",
      "common_count": 600,
      "mean_psnr_delta": 0.005373586018880209,
      "median_psnr_delta": 0.00290679931640625,
      "p5_psnr_delta": -0.28845844268798826,
      "p95_psnr_delta": 0.3167093276977539,
      "hard_bottom25_psnr_delta": 0.004639129638671875,
      "easy_top25_psnr_delta": 0.023786595662434896,
      "worst10pct_mean_psnr_delta": -0.3262892405192057,
      "best10pct_mean_psnr_delta": 0.3531101862589518,
      "worst10img_mean_psnr_delta": -0.5481929779052734,
      "best10img_mean_psnr_delta": 0.620663833618164,
      "worst10_mean_psnr_delta": -0.3262892405192057,
      "best10_mean_psnr_delta": 0.3531101862589518,
      "mean_ssim_delta": -2.9149254163106284e-05,
      "positive_ratio": 0.51,
      "strong_reference_cut_psnr": 42.834919929504395,
      "strong_reference_count": 150,
      "strong_regression_count_delta_le_-0.05": 45,
      "worst_regression_count_delta_le_-0.20": 64
    },
    {
      "label": "shuffle",
      "train_depth": "invert",
      "eval_depth": "shuffle",
      "compare_dir": "/sda/home/wangyuxin/ConvIR-B/repos/ConvIR-B-dta-v3-6-hrcs/experience_docx/experiment_logs/haze4k_dta_v3_6_hrcs_20260613/dta_v3_5_v35_fdf_rcs_l1_fdf_lite_s004_g025_bm2_seed2026_f1_quick5full_fallback_train_shuffle_compare",
      "common_count": 600,
      "mean_psnr_delta": 0.019775756200154624,
      "median_psnr_delta": 0.010860443115234375,
      "p5_psnr_delta": -0.34404811859130857,
      "p95_psnr_delta": 0.38121833801269495,
      "hard_bottom25_psnr_delta": 0.02166553497314453,
      "easy_top25_psnr_delta": 0.03484443664550781,
      "worst10pct_mean_psnr_delta": -0.39126275380452474,
      "best10pct_mean_psnr_delta": 0.4325632731119792,
      "worst10img_mean_psnr_delta": -0.6347206115722657,
      "best10img_mean_psnr_delta": 0.7036628723144531,
      "worst10_mean_psnr_delta": -0.39126275380452474,
      "best10_mean_psnr_delta": 0.4325632731119792,
      "mean_ssim_delta": 6.994207700093587e-06,
      "positive_ratio": 0.5483333333333333,
      "strong_reference_cut_psnr": 42.834919929504395,
      "strong_reference_count": 150,
      "strong_regression_count_delta_le_-0.05": 48,
      "worst_regression_count_delta_le_-0.20": 73
    },
    {
      "label": "normal",
      "train_depth": "invert",
      "eval_depth": "normal",
      "compare_dir": "/sda/home/wangyuxin/ConvIR-B/repos/ConvIR-B-dta-v3-6-hrcs/experience_docx/experiment_logs/haze4k_dta_v3_6_hrcs_20260613/dta_v3_5_v35_fdf_rcs_l1_fdf_lite_s004_g025_bm2_seed2026_f1_quick5full_fallback_train_normal_compare",
      "common_count": 600,
      "mean_psnr_delta": 0.015243266423543294,
      "median_psnr_delta": 0.008016586303710938,
      "p5_psnr_delta": -0.3185270309448242,
      "p95_psnr_delta": 0.34793319702148306,
      "hard_bottom25_psnr_delta": 0.013458722432454428,
      "easy_top25_psnr_delta": 0.039976577758789066,
      "worst10pct_mean_psnr_delta": -0.3695959726969401,
      "best10pct_mean_psnr_delta": 0.4159899393717448,
      "worst10img_mean_psnr_delta": -0.6412887573242188,
      "best10img_mean_psnr_delta": 0.7178596496582031,
      "worst10_mean_psnr_delta": -0.3695959726969401,
      "best10_mean_psnr_delta": 0.4159899393717448,
      "mean_ssim_delta": 1.374910275141398e-05,
      "positive_ratio": 0.5233333333333333,
      "strong_reference_cut_psnr": 42.834919929504395,
      "strong_reference_count": 150,
      "strong_regression_count_delta_le_-0.05": 45,
      "worst_regression_count_delta_le_-0.20": 75
    }
  ],
  "attribution": {
    "true_label": "true",
    "baseline_label": "zero",
    "common_count": 600,
    "mean_depth_surplus_psnr": 0.07559566179911295,
    "median_depth_surplus_psnr": 0.10527420043945312,
    "positive_surplus_ratio": 0.6683333333333333
  }
}