{
  "runs": [
    {
      "label": "true",
      "train_depth": "invert",
      "eval_depth": "invert",
      "compare_dir": "/sda/home/wangyuxin/ConvIR-B/repos/ConvIR-B-dta-v3-6-hrcs/experience_docx/experiment_logs/haze4k_dta_v3_6_hrcs_20260613/dta_v3_5_v35_fdf_rcs_l3_fdf_lite_s004_g015_bm2_seed2026_f2_quick5full_fallback_train_invert_compare",
      "common_count": 600,
      "mean_psnr_delta": 0.05716640949249267,
      "median_psnr_delta": 0.08408927917480469,
      "p5_psnr_delta": -0.29141693115234374,
      "p95_psnr_delta": 0.45718708038330064,
      "hard_bottom25_psnr_delta": -0.05900058110555013,
      "easy_top25_psnr_delta": 0.09480311075846354,
      "worst10pct_mean_psnr_delta": -0.5849784692128499,
      "best10pct_mean_psnr_delta": 0.4921497662862142,
      "worst10img_mean_psnr_delta": -2.144168186187744,
      "best10img_mean_psnr_delta": 0.7243927001953125,
      "worst10_mean_psnr_delta": -0.5849784692128499,
      "best10_mean_psnr_delta": 0.4921497662862142,
      "mean_ssim_delta": -0.00043326457341512044,
      "positive_ratio": 0.66,
      "strong_reference_cut_psnr": 42.41839599609375,
      "strong_reference_count": 150,
      "strong_regression_count_delta_le_-0.05": 46,
      "worst_regression_count_delta_le_-0.20": 51
    },
    {
      "label": "zero",
      "train_depth": "invert",
      "eval_depth": "zero",
      "compare_dir": "/sda/home/wangyuxin/ConvIR-B/repos/ConvIR-B-dta-v3-6-hrcs/experience_docx/experiment_logs/haze4k_dta_v3_6_hrcs_20260613/dta_v3_5_v35_fdf_rcs_l3_fdf_lite_s004_g015_bm2_seed2026_f2_quick5full_fallback_train_zero_compare",
      "common_count": 600,
      "mean_psnr_delta": -0.0085908571879069,
      "median_psnr_delta": 0.017644882202148438,
      "p5_psnr_delta": -0.19462862014770507,
      "p95_psnr_delta": 0.2202667236328123,
      "hard_bottom25_psnr_delta": -0.12494621276855469,
      "easy_top25_psnr_delta": 0.04337824503580729,
      "worst10pct_mean_psnr_delta": -0.5029945055643718,
      "best10pct_mean_psnr_delta": 0.25921376546223956,
      "worst10img_mean_psnr_delta": -2.0366065979003904,
      "best10img_mean_psnr_delta": 0.41547164916992185,
      "worst10_mean_psnr_delta": -0.5029945055643718,
      "best10_mean_psnr_delta": 0.25921376546223956,
      "mean_ssim_delta": -0.00047845294078191123,
      "positive_ratio": 0.575,
      "strong_reference_cut_psnr": 42.41839599609375,
      "strong_reference_count": 150,
      "strong_regression_count_delta_le_-0.05": 34,
      "worst_regression_count_delta_le_-0.20": 28
    },
    {
      "label": "shuffle",
      "train_depth": "invert",
      "eval_depth": "shuffle",
      "compare_dir": "/sda/home/wangyuxin/ConvIR-B/repos/ConvIR-B-dta-v3-6-hrcs/experience_docx/experiment_logs/haze4k_dta_v3_6_hrcs_20260613/dta_v3_5_v35_fdf_rcs_l3_fdf_lite_s004_g015_bm2_seed2026_f2_quick5full_fallback_train_shuffle_compare",
      "common_count": 600,
      "mean_psnr_delta": 0.002011712392171224,
      "median_psnr_delta": 0.029642105102539062,
      "p5_psnr_delta": -0.21934795379638672,
      "p95_psnr_delta": 0.2801195144653319,
      "hard_bottom25_psnr_delta": -0.11387260437011719,
      "easy_top25_psnr_delta": 0.05396224975585937,
      "worst10pct_mean_psnr_delta": -0.5303052584330241,
      "best10pct_mean_psnr_delta": 0.3139487266540527,
      "worst10img_mean_psnr_delta": -2.0357898712158202,
      "best10img_mean_psnr_delta": 0.4861885070800781,
      "worst10_mean_psnr_delta": -0.5303052584330241,
      "best10_mean_psnr_delta": 0.3139487266540527,
      "mean_ssim_delta": -0.0004488543669382731,
      "positive_ratio": 0.5916666666666667,
      "strong_reference_cut_psnr": 42.41839599609375,
      "strong_reference_count": 150,
      "strong_regression_count_delta_le_-0.05": 44,
      "worst_regression_count_delta_le_-0.20": 43
    },
    {
      "label": "normal",
      "train_depth": "invert",
      "eval_depth": "normal",
      "compare_dir": "/sda/home/wangyuxin/ConvIR-B/repos/ConvIR-B-dta-v3-6-hrcs/experience_docx/experiment_logs/haze4k_dta_v3_6_hrcs_20260613/dta_v3_5_v35_fdf_rcs_l3_fdf_lite_s004_g015_bm2_seed2026_f2_quick5full_fallback_train_normal_compare",
      "common_count": 600,
      "mean_psnr_delta": -0.0008501720428466797,
      "median_psnr_delta": 0.02556610107421875,
      "p5_psnr_delta": -0.22314167022705078,
      "p95_psnr_delta": 0.2802488327026367,
      "hard_bottom25_psnr_delta": -0.12119831085205078,
      "easy_top25_psnr_delta": 0.057417373657226566,
      "worst10pct_mean_psnr_delta": -0.531052811940511,
      "best10pct_mean_psnr_delta": 0.3156725883483887,
      "worst10img_mean_psnr_delta": -2.0365280151367187,
      "best10img_mean_psnr_delta": 0.4933147430419922,
      "worst10_mean_psnr_delta": -0.531052811940511,
      "best10_mean_psnr_delta": 0.3156725883483887,
      "mean_ssim_delta": -0.0004426457484563192,
      "positive_ratio": 0.5816666666666667,
      "strong_reference_cut_psnr": 42.41839599609375,
      "strong_reference_count": 150,
      "strong_regression_count_delta_le_-0.05": 42,
      "worst_regression_count_delta_le_-0.20": 45
    }
  ],
  "attribution": {
    "true_label": "true",
    "baseline_label": "zero",
    "common_count": 600,
    "mean_depth_surplus_psnr": 0.06575726668039958,
    "median_depth_surplus_psnr": 0.0825653076171875,
    "positive_surplus_ratio": 0.705
  }
}