{
  "runs": [
    {
      "label": "true",
      "train_depth": "invert",
      "eval_depth": "invert",
      "compare_dir": "/sda/home/wangyuxin/ConvIR-B/repos/ConvIR-B-dta-v3-6-hrcs/experience_docx/experiment_logs/haze4k_dta_v3_6_hrcs_20260613/dta_v3_5_v35_fdf_rcs_l3_fdf_lite_s004_g015_bm2_seed2026_f3_quick5full_fallback_train_invert_compare",
      "common_count": 600,
      "mean_psnr_delta": 0.06398984909057617,
      "median_psnr_delta": 0.059981346130371094,
      "p5_psnr_delta": -0.3012857437133789,
      "p95_psnr_delta": 0.4413567543029783,
      "hard_bottom25_psnr_delta": 0.060992711385091145,
      "easy_top25_psnr_delta": 0.03574048360188802,
      "worst10pct_mean_psnr_delta": -0.35236212412516277,
      "best10pct_mean_psnr_delta": 0.463973331451416,
      "worst10img_mean_psnr_delta": -0.5896591186523438,
      "best10img_mean_psnr_delta": 0.6264362335205078,
      "worst10_mean_psnr_delta": -0.35236212412516277,
      "best10_mean_psnr_delta": 0.463973331451416,
      "mean_ssim_delta": 1.697540283203125e-05,
      "positive_ratio": 0.625,
      "strong_reference_cut_psnr": 42.88805866241455,
      "strong_reference_count": 150,
      "strong_regression_count_delta_le_-0.05": 47,
      "worst_regression_count_delta_le_-0.20": 64
    },
    {
      "label": "zero",
      "train_depth": "invert",
      "eval_depth": "zero",
      "compare_dir": "/sda/home/wangyuxin/ConvIR-B/repos/ConvIR-B-dta-v3-6-hrcs/experience_docx/experiment_logs/haze4k_dta_v3_6_hrcs_20260613/dta_v3_5_v35_fdf_rcs_l3_fdf_lite_s004_g015_bm2_seed2026_f3_quick5full_fallback_train_zero_compare",
      "common_count": 600,
      "mean_psnr_delta": -0.0042498397827148435,
      "median_psnr_delta": -0.003459930419921875,
      "p5_psnr_delta": -0.2602367401123047,
      "p95_psnr_delta": 0.2481580734252928,
      "hard_bottom25_psnr_delta": -0.007845738728841145,
      "easy_top25_psnr_delta": -0.014937006632486979,
      "worst10pct_mean_psnr_delta": -0.27707748413085936,
      "best10pct_mean_psnr_delta": 0.2622855186462402,
      "worst10img_mean_psnr_delta": -0.41999092102050783,
      "best10img_mean_psnr_delta": 0.3984096527099609,
      "worst10_mean_psnr_delta": -0.27707748413085936,
      "best10_mean_psnr_delta": 0.2622855186462402,
      "mean_ssim_delta": -3.521015246709188e-05,
      "positive_ratio": 0.49,
      "strong_reference_cut_psnr": 42.88805866241455,
      "strong_reference_count": 150,
      "strong_regression_count_delta_le_-0.05": 53,
      "worst_regression_count_delta_le_-0.20": 50
    },
    {
      "label": "shuffle",
      "train_depth": "invert",
      "eval_depth": "shuffle",
      "compare_dir": "/sda/home/wangyuxin/ConvIR-B/repos/ConvIR-B-dta-v3-6-hrcs/experience_docx/experiment_logs/haze4k_dta_v3_6_hrcs_20260613/dta_v3_5_v35_fdf_rcs_l3_fdf_lite_s004_g015_bm2_seed2026_f3_quick5full_fallback_train_shuffle_compare",
      "common_count": 600,
      "mean_psnr_delta": 0.01220279057820638,
      "median_psnr_delta": 0.017826080322265625,
      "p5_psnr_delta": -0.2759815216064453,
      "p95_psnr_delta": 0.2934911727905271,
      "hard_bottom25_psnr_delta": 0.003814671834309896,
      "easy_top25_psnr_delta": 0.0023163604736328126,
      "worst10pct_mean_psnr_delta": -0.2883816083272298,
      "best10pct_mean_psnr_delta": 0.310117244720459,
      "worst10img_mean_psnr_delta": -0.43772163391113283,
      "best10img_mean_psnr_delta": 0.4505168914794922,
      "worst10_mean_psnr_delta": -0.2883816083272298,
      "best10_mean_psnr_delta": 0.310117244720459,
      "mean_ssim_delta": -6.398459275563558e-06,
      "positive_ratio": 0.5383333333333333,
      "strong_reference_cut_psnr": 42.88805866241455,
      "strong_reference_count": 150,
      "strong_regression_count_delta_le_-0.05": 54,
      "worst_regression_count_delta_le_-0.20": 49
    },
    {
      "label": "normal",
      "train_depth": "invert",
      "eval_depth": "normal",
      "compare_dir": "/sda/home/wangyuxin/ConvIR-B/repos/ConvIR-B-dta-v3-6-hrcs/experience_docx/experiment_logs/haze4k_dta_v3_6_hrcs_20260613/dta_v3_5_v35_fdf_rcs_l3_fdf_lite_s004_g015_bm2_seed2026_f3_quick5full_fallback_train_normal_compare",
      "common_count": 600,
      "mean_psnr_delta": 0.005859959920247396,
      "median_psnr_delta": 0.0054874420166015625,
      "p5_psnr_delta": -0.27953128814697265,
      "p95_psnr_delta": 0.28545932769775384,
      "hard_bottom25_psnr_delta": -0.000571746826171875,
      "easy_top25_psnr_delta": 0.0011644236246744792,
      "worst10pct_mean_psnr_delta": -0.3023318608601888,
      "best10pct_mean_psnr_delta": 0.3060829480489095,
      "worst10img_mean_psnr_delta": -0.4527854919433594,
      "best10img_mean_psnr_delta": 0.4625831604003906,
      "worst10_mean_psnr_delta": -0.3023318608601888,
      "best10_mean_psnr_delta": 0.3060829480489095,
      "mean_ssim_delta": -3.874301910400391e-09,
      "positive_ratio": 0.525,
      "strong_reference_cut_psnr": 42.88805866241455,
      "strong_reference_count": 150,
      "strong_regression_count_delta_le_-0.05": 54,
      "worst_regression_count_delta_le_-0.20": 57
    }
  ],
  "attribution": {
    "true_label": "true",
    "baseline_label": "zero",
    "common_count": 600,
    "mean_depth_surplus_psnr": 0.06823968887329102,
    "median_depth_surplus_psnr": 0.08794212341308594,
    "positive_surplus_ratio": 0.6816666666666666
  }
}