{
  "runs": [
    {
      "label": "true",
      "train_depth": "invert",
      "eval_depth": "invert",
      "compare_dir": "/sda/home/wangyuxin/ConvIR-B/repos/ConvIR-B-dta-v3-6-hrcs/experience_docx/experiment_logs/haze4k_dta_v3_6_hrcs_20260613/dta_v3_5_v35_fdf_rcs_l1_fdf_lite_s004_g025_bm2_seed3411_f1_quick5full_fallback_train_invert_compare",
      "common_count": 600,
      "mean_psnr_delta": 0.0635171095530192,
      "median_psnr_delta": 0.06714057922363281,
      "p5_psnr_delta": -0.3519115447998047,
      "p95_psnr_delta": 0.4503356933593749,
      "hard_bottom25_psnr_delta": 0.09904074350992839,
      "easy_top25_psnr_delta": 0.03883094787597656,
      "worst10pct_mean_psnr_delta": -0.4000104268391927,
      "best10pct_mean_psnr_delta": 0.5006903330485026,
      "worst10img_mean_psnr_delta": -0.6506290435791016,
      "best10img_mean_psnr_delta": 0.7323619842529296,
      "worst10_mean_psnr_delta": -0.4000104268391927,
      "best10_mean_psnr_delta": 0.5006903330485026,
      "mean_ssim_delta": 2.8693974018096922e-05,
      "positive_ratio": 0.6333333333333333,
      "strong_reference_cut_psnr": 42.834919929504395,
      "strong_reference_count": 150,
      "strong_regression_count_delta_le_-0.05": 50,
      "worst_regression_count_delta_le_-0.20": 71
    },
    {
      "label": "zero",
      "train_depth": "invert",
      "eval_depth": "zero",
      "compare_dir": "/sda/home/wangyuxin/ConvIR-B/repos/ConvIR-B-dta-v3-6-hrcs/experience_docx/experiment_logs/haze4k_dta_v3_6_hrcs_20260613/dta_v3_5_v35_fdf_rcs_l1_fdf_lite_s004_g025_bm2_seed3411_f1_quick5full_fallback_train_zero_compare",
      "common_count": 600,
      "mean_psnr_delta": 0.004093252817789714,
      "median_psnr_delta": 0.00476837158203125,
      "p5_psnr_delta": -0.22014026641845702,
      "p95_psnr_delta": 0.235563278198242,
      "hard_bottom25_psnr_delta": 0.02628265380859375,
      "easy_top25_psnr_delta": 0.0037149556477864584,
      "worst10pct_mean_psnr_delta": -0.275330924987793,
      "best10pct_mean_psnr_delta": 0.27904186248779295,
      "worst10img_mean_psnr_delta": -0.5406688690185547,
      "best10img_mean_psnr_delta": 0.48631629943847654,
      "worst10_mean_psnr_delta": -0.275330924987793,
      "best10_mean_psnr_delta": 0.27904186248779295,
      "mean_ssim_delta": -3.795325756072998e-06,
      "positive_ratio": 0.525,
      "strong_reference_cut_psnr": 42.834919929504395,
      "strong_reference_count": 150,
      "strong_regression_count_delta_le_-0.05": 47,
      "worst_regression_count_delta_le_-0.20": 39
    },
    {
      "label": "shuffle",
      "train_depth": "invert",
      "eval_depth": "shuffle",
      "compare_dir": "/sda/home/wangyuxin/ConvIR-B/repos/ConvIR-B-dta-v3-6-hrcs/experience_docx/experiment_logs/haze4k_dta_v3_6_hrcs_20260613/dta_v3_5_v35_fdf_rcs_l1_fdf_lite_s004_g025_bm2_seed3411_f1_quick5full_fallback_train_shuffle_compare",
      "common_count": 600,
      "mean_psnr_delta": 0.014096463521321614,
      "median_psnr_delta": 0.012271881103515625,
      "p5_psnr_delta": -0.2631994247436523,
      "p95_psnr_delta": 0.27107505798339826,
      "hard_bottom25_psnr_delta": 0.03660504659016927,
      "easy_top25_psnr_delta": 0.014054107666015624,
      "worst10pct_mean_psnr_delta": -0.3160820960998535,
      "best10pct_mean_psnr_delta": 0.3249567667643229,
      "worst10img_mean_psnr_delta": -0.5761383056640625,
      "best10img_mean_psnr_delta": 0.5321189880371093,
      "worst10_mean_psnr_delta": -0.3160820960998535,
      "best10_mean_psnr_delta": 0.3249567667643229,
      "mean_ssim_delta": 1.5843510627746582e-05,
      "positive_ratio": 0.545,
      "strong_reference_cut_psnr": 42.834919929504395,
      "strong_reference_count": 150,
      "strong_regression_count_delta_le_-0.05": 46,
      "worst_regression_count_delta_le_-0.20": 54
    },
    {
      "label": "normal",
      "train_depth": "invert",
      "eval_depth": "normal",
      "compare_dir": "/sda/home/wangyuxin/ConvIR-B/repos/ConvIR-B-dta-v3-6-hrcs/experience_docx/experiment_logs/haze4k_dta_v3_6_hrcs_20260613/dta_v3_5_v35_fdf_rcs_l1_fdf_lite_s004_g025_bm2_seed3411_f1_quick5full_fallback_train_normal_compare",
      "common_count": 600,
      "mean_psnr_delta": 0.010311419169108074,
      "median_psnr_delta": 0.0177459716796875,
      "p5_psnr_delta": -0.26929149627685545,
      "p95_psnr_delta": 0.27006759643554673,
      "hard_bottom25_psnr_delta": 0.030482457478841145,
      "easy_top25_psnr_delta": 0.01684717814127604,
      "worst10pct_mean_psnr_delta": -0.3102987289428711,
      "best10pct_mean_psnr_delta": 0.31732571919759117,
      "worst10img_mean_psnr_delta": -0.565921401977539,
      "best10img_mean_psnr_delta": 0.5228504180908203,
      "worst10_mean_psnr_delta": -0.3102987289428711,
      "best10_mean_psnr_delta": 0.31732571919759117,
      "mean_ssim_delta": 1.9874473412831624e-05,
      "positive_ratio": 0.54,
      "strong_reference_cut_psnr": 42.834919929504395,
      "strong_reference_count": 150,
      "strong_regression_count_delta_le_-0.05": 45,
      "worst_regression_count_delta_le_-0.20": 49
    }
  ],
  "attribution": {
    "true_label": "true",
    "baseline_label": "zero",
    "common_count": 600,
    "mean_depth_surplus_psnr": 0.05942385673522949,
    "median_depth_surplus_psnr": 0.08190536499023438,
    "positive_surplus_ratio": 0.6883333333333334
  }
}