{
  "runs": [
    {
      "label": "true",
      "train_depth": "invert",
      "eval_depth": "invert",
      "compare_dir": "/sda/home/wangyuxin/ConvIR-B/repos/ConvIR-B-dta-v3-6-hrcs/experience_docx/experiment_logs/haze4k_dta_v3_6_hrcs_20260613/dta_v3_5_v35_fdf_rcs_l1_fdf_lite_s004_g025_bm2_seed2026_f2_quick5full_fallback_train_invert_compare",
      "common_count": 600,
      "mean_psnr_delta": 0.06392693837483723,
      "median_psnr_delta": 0.08541679382324219,
      "p5_psnr_delta": -0.30768356323242185,
      "p95_psnr_delta": 0.5163122177124022,
      "hard_bottom25_psnr_delta": -0.057591756184895836,
      "easy_top25_psnr_delta": 0.101175537109375,
      "worst10pct_mean_psnr_delta": -0.6199390729268391,
      "best10pct_mean_psnr_delta": 0.5544330914815266,
      "worst10img_mean_psnr_delta": -2.203940010070801,
      "best10img_mean_psnr_delta": 0.8119621276855469,
      "worst10_mean_psnr_delta": -0.6199390729268391,
      "best10_mean_psnr_delta": 0.5544330914815266,
      "mean_ssim_delta": -0.00043758302927017213,
      "positive_ratio": 0.6466666666666666,
      "strong_reference_cut_psnr": 42.41839599609375,
      "strong_reference_count": 150,
      "strong_regression_count_delta_le_-0.05": 50,
      "worst_regression_count_delta_le_-0.20": 58
    },
    {
      "label": "zero",
      "train_depth": "invert",
      "eval_depth": "zero",
      "compare_dir": "/sda/home/wangyuxin/ConvIR-B/repos/ConvIR-B-dta-v3-6-hrcs/experience_docx/experiment_logs/haze4k_dta_v3_6_hrcs_20260613/dta_v3_5_v35_fdf_rcs_l1_fdf_lite_s004_g025_bm2_seed2026_f2_quick5full_fallback_train_zero_compare",
      "common_count": 600,
      "mean_psnr_delta": -0.015188461939493815,
      "median_psnr_delta": 0.007565498352050781,
      "p5_psnr_delta": -0.2038029670715332,
      "p95_psnr_delta": 0.23033657073974598,
      "hard_bottom25_psnr_delta": -0.13644486745198567,
      "easy_top25_psnr_delta": 0.04009841918945312,
      "worst10pct_mean_psnr_delta": -0.5192898114522299,
      "best10pct_mean_psnr_delta": 0.2632946332295736,
      "worst10img_mean_psnr_delta": -2.056037712097168,
      "best10img_mean_psnr_delta": 0.4248497009277344,
      "worst10_mean_psnr_delta": -0.5192898114522299,
      "best10_mean_psnr_delta": 0.2632946332295736,
      "mean_ssim_delta": -0.0004932626088460287,
      "positive_ratio": 0.5416666666666666,
      "strong_reference_cut_psnr": 42.41839599609375,
      "strong_reference_count": 150,
      "strong_regression_count_delta_le_-0.05": 36,
      "worst_regression_count_delta_le_-0.20": 33
    },
    {
      "label": "shuffle",
      "train_depth": "invert",
      "eval_depth": "shuffle",
      "compare_dir": "/sda/home/wangyuxin/ConvIR-B/repos/ConvIR-B-dta-v3-6-hrcs/experience_docx/experiment_logs/haze4k_dta_v3_6_hrcs_20260613/dta_v3_5_v35_fdf_rcs_l1_fdf_lite_s004_g025_bm2_seed2026_f2_quick5full_fallback_train_shuffle_compare",
      "common_count": 600,
      "mean_psnr_delta": -0.003627430597941081,
      "median_psnr_delta": 0.019273757934570312,
      "p5_psnr_delta": -0.23140230178833007,
      "p95_psnr_delta": 0.2864334106445312,
      "hard_bottom25_psnr_delta": -0.12483262379964193,
      "easy_top25_psnr_delta": 0.05256479899088542,
      "worst10pct_mean_psnr_delta": -0.5442814509073893,
      "best10pct_mean_psnr_delta": 0.32253897984822594,
      "worst10img_mean_psnr_delta": -2.0505258560180666,
      "best10img_mean_psnr_delta": 0.5060401916503906,
      "worst10_mean_psnr_delta": -0.5442814509073893,
      "best10_mean_psnr_delta": 0.32253897984822594,
      "mean_ssim_delta": -0.00045763880014419554,
      "positive_ratio": 0.5716666666666667,
      "strong_reference_cut_psnr": 42.41839599609375,
      "strong_reference_count": 150,
      "strong_regression_count_delta_le_-0.05": 45,
      "worst_regression_count_delta_le_-0.20": 47
    },
    {
      "label": "normal",
      "train_depth": "invert",
      "eval_depth": "normal",
      "compare_dir": "/sda/home/wangyuxin/ConvIR-B/repos/ConvIR-B-dta-v3-6-hrcs/experience_docx/experiment_logs/haze4k_dta_v3_6_hrcs_20260613/dta_v3_5_v35_fdf_rcs_l1_fdf_lite_s004_g025_bm2_seed2026_f2_quick5full_fallback_train_normal_compare",
      "common_count": 600,
      "mean_psnr_delta": -0.007403710683186849,
      "median_psnr_delta": 0.012554168701171875,
      "p5_psnr_delta": -0.23889694213867188,
      "p95_psnr_delta": 0.2827014923095703,
      "hard_bottom25_psnr_delta": -0.1338970947265625,
      "easy_top25_psnr_delta": 0.056787846883138024,
      "worst10pct_mean_psnr_delta": -0.54429505666097,
      "best10pct_mean_psnr_delta": 0.32386277516682943,
      "worst10img_mean_psnr_delta": -2.0509626388549806,
      "best10img_mean_psnr_delta": 0.5115211486816407,
      "worst10_mean_psnr_delta": -0.54429505666097,
      "best10_mean_psnr_delta": 0.32386277516682943,
      "mean_ssim_delta": -0.000450114111105601,
      "positive_ratio": 0.54,
      "strong_reference_cut_psnr": 42.41839599609375,
      "strong_reference_count": 150,
      "strong_regression_count_delta_le_-0.05": 43,
      "worst_regression_count_delta_le_-0.20": 52
    }
  ],
  "attribution": {
    "true_label": "true",
    "baseline_label": "zero",
    "common_count": 600,
    "mean_depth_surplus_psnr": 0.07911540031433105,
    "median_depth_surplus_psnr": 0.094879150390625,
    "positive_surplus_ratio": 0.7
  }
}