{
  "runs": [
    {
      "label": "true",
      "train_depth": "invert",
      "eval_depth": "invert",
      "compare_dir": "/sda/home/wangyuxin/ConvIR-B/repos/ConvIR-B-dta-v3-6-hrcs/experience_docx/experiment_logs/haze4k_dta_v3_6_hrcs_20260613/dta_v3_5_v35_fdf_rcs_l2_fdf_lite_s002_g025_bm2_seed3411_f3_quick5full_fallback_train_invert_compare",
      "common_count": 600,
      "mean_psnr_delta": 0.03712426503499349,
      "median_psnr_delta": 0.03717803955078125,
      "p5_psnr_delta": -0.2531885147094727,
      "p95_psnr_delta": 0.3319131851196288,
      "hard_bottom25_psnr_delta": 0.03566383361816406,
      "easy_top25_psnr_delta": 0.03324076334635417,
      "worst10pct_mean_psnr_delta": -0.2578685442606608,
      "best10pct_mean_psnr_delta": 0.34829800923665366,
      "worst10img_mean_psnr_delta": -0.38824996948242185,
      "best10img_mean_psnr_delta": 0.4833953857421875,
      "worst10_mean_psnr_delta": -0.2578685442606608,
      "best10_mean_psnr_delta": 0.34829800923665366,
      "mean_ssim_delta": 6.88016414642334e-06,
      "positive_ratio": 0.58,
      "strong_reference_cut_psnr": 42.88805866241455,
      "strong_reference_count": 150,
      "strong_regression_count_delta_le_-0.05": 46,
      "worst_regression_count_delta_le_-0.20": 44
    },
    {
      "label": "zero",
      "train_depth": "invert",
      "eval_depth": "zero",
      "compare_dir": "/sda/home/wangyuxin/ConvIR-B/repos/ConvIR-B-dta-v3-6-hrcs/experience_docx/experiment_logs/haze4k_dta_v3_6_hrcs_20260613/dta_v3_5_v35_fdf_rcs_l2_fdf_lite_s002_g025_bm2_seed3411_f3_quick5full_fallback_train_zero_compare",
      "common_count": 600,
      "mean_psnr_delta": -0.003494138717651367,
      "median_psnr_delta": -0.001720428466796875,
      "p5_psnr_delta": -0.22528676986694338,
      "p95_psnr_delta": 0.21158409118652274,
      "hard_bottom25_psnr_delta": -0.005570182800292969,
      "easy_top25_psnr_delta": 0.002463836669921875,
      "worst10pct_mean_psnr_delta": -0.23239742914835612,
      "best10pct_mean_psnr_delta": 0.2420818010965983,
      "worst10img_mean_psnr_delta": -0.33016510009765626,
      "best10img_mean_psnr_delta": 0.3831809997558594,
      "worst10_mean_psnr_delta": -0.23239742914835612,
      "best10_mean_psnr_delta": 0.2420818010965983,
      "mean_ssim_delta": -1.9104580084482828e-05,
      "positive_ratio": 0.49,
      "strong_reference_cut_psnr": 42.88805866241455,
      "strong_reference_count": 150,
      "strong_regression_count_delta_le_-0.05": 39,
      "worst_regression_count_delta_le_-0.20": 37
    },
    {
      "label": "shuffle",
      "train_depth": "invert",
      "eval_depth": "shuffle",
      "compare_dir": "/sda/home/wangyuxin/ConvIR-B/repos/ConvIR-B-dta-v3-6-hrcs/experience_docx/experiment_logs/haze4k_dta_v3_6_hrcs_20260613/dta_v3_5_v35_fdf_rcs_l2_fdf_lite_s002_g025_bm2_seed3411_f3_quick5full_fallback_train_shuffle_compare",
      "common_count": 600,
      "mean_psnr_delta": 0.006241941452026367,
      "median_psnr_delta": 0.003414154052734375,
      "p5_psnr_delta": -0.2063373565673828,
      "p95_psnr_delta": 0.25006103515624994,
      "hard_bottom25_psnr_delta": 0.0012771987915039063,
      "easy_top25_psnr_delta": 0.012622350056966146,
      "worst10pct_mean_psnr_delta": -0.23273022969563803,
      "best10pct_mean_psnr_delta": 0.2738375027974447,
      "worst10img_mean_psnr_delta": -0.3541278839111328,
      "best10img_mean_psnr_delta": 0.40921554565429685,
      "worst10_mean_psnr_delta": -0.23273022969563803,
      "best10_mean_psnr_delta": 0.2738375027974447,
      "mean_ssim_delta": -5.318919817606608e-06,
      "positive_ratio": 0.5066666666666667,
      "strong_reference_cut_psnr": 42.88805866241455,
      "strong_reference_count": 150,
      "strong_regression_count_delta_le_-0.05": 43,
      "worst_regression_count_delta_le_-0.20": 34
    },
    {
      "label": "normal",
      "train_depth": "invert",
      "eval_depth": "normal",
      "compare_dir": "/sda/home/wangyuxin/ConvIR-B/repos/ConvIR-B-dta-v3-6-hrcs/experience_docx/experiment_logs/haze4k_dta_v3_6_hrcs_20260613/dta_v3_5_v35_fdf_rcs_l2_fdf_lite_s002_g025_bm2_seed3411_f3_quick5full_fallback_train_normal_compare",
      "common_count": 600,
      "mean_psnr_delta": 0.0024883302052815756,
      "median_psnr_delta": -0.006404876708984375,
      "p5_psnr_delta": -0.21597232818603515,
      "p95_psnr_delta": 0.247110366821289,
      "hard_bottom25_psnr_delta": -0.001442858378092448,
      "easy_top25_psnr_delta": 0.011755574544270833,
      "worst10pct_mean_psnr_delta": -0.23789682388305664,
      "best10pct_mean_psnr_delta": 0.26631911595662433,
      "worst10img_mean_psnr_delta": -0.36183891296386717,
      "best10img_mean_psnr_delta": 0.3862873077392578,
      "worst10_mean_psnr_delta": -0.23789682388305664,
      "best10_mean_psnr_delta": 0.26631911595662433,
      "mean_ssim_delta": -2.1361311276753742e-06,
      "positive_ratio": 0.48,
      "strong_reference_cut_psnr": 42.88805866241455,
      "strong_reference_count": 150,
      "strong_regression_count_delta_le_-0.05": 44,
      "worst_regression_count_delta_le_-0.20": 35
    }
  ],
  "attribution": {
    "true_label": "true",
    "baseline_label": "zero",
    "common_count": 600,
    "mean_depth_surplus_psnr": 0.040618403752644854,
    "median_depth_surplus_psnr": 0.05077171325683594,
    "positive_surplus_ratio": 0.6883333333333334
  }
}