{
  "runs": [
    {
      "label": "true",
      "train_depth": "invert",
      "eval_depth": "invert",
      "compare_dir": "/sda/home/wangyuxin/ConvIR-B/repos/ConvIR-B-dta-v3-6-hrcs/experience_docx/experiment_logs/haze4k_dta_v3_6_hrcs_20260613/dta_v3_5_v35_fdf_rcs_l3_fdf_lite_s004_g015_bm2_seed2026_f0_quick5full_fallback_train_invert_compare",
      "common_count": 600,
      "mean_psnr_delta": 0.050430129369099935,
      "median_psnr_delta": 0.05846405029296875,
      "p5_psnr_delta": -0.27591476440429685,
      "p95_psnr_delta": 0.35468730926513664,
      "hard_bottom25_psnr_delta": 0.04946862538655599,
      "easy_top25_psnr_delta": 0.054778366088867186,
      "worst10pct_mean_psnr_delta": -0.3024516423543294,
      "best10pct_mean_psnr_delta": 0.37488956451416017,
      "worst10img_mean_psnr_delta": -0.4813106536865234,
      "best10img_mean_psnr_delta": 0.49309616088867186,
      "worst10_mean_psnr_delta": -0.3024516423543294,
      "best10_mean_psnr_delta": 0.37488956451416017,
      "mean_ssim_delta": 7.599095503489176e-06,
      "positive_ratio": 0.65,
      "strong_reference_cut_psnr": 42.755948066711426,
      "strong_reference_count": 150,
      "strong_regression_count_delta_le_-0.05": 43,
      "worst_regression_count_delta_le_-0.20": 56
    },
    {
      "label": "zero",
      "train_depth": "invert",
      "eval_depth": "zero",
      "compare_dir": "/sda/home/wangyuxin/ConvIR-B/repos/ConvIR-B-dta-v3-6-hrcs/experience_docx/experiment_logs/haze4k_dta_v3_6_hrcs_20260613/dta_v3_5_v35_fdf_rcs_l3_fdf_lite_s004_g015_bm2_seed2026_f0_quick5full_fallback_train_zero_compare",
      "common_count": 600,
      "mean_psnr_delta": -0.02417218844095866,
      "median_psnr_delta": -0.022142410278320312,
      "p5_psnr_delta": -0.20650196075439453,
      "p95_psnr_delta": 0.1287647247314452,
      "hard_bottom25_psnr_delta": -0.020769945780436196,
      "easy_top25_psnr_delta": -0.019938252766927084,
      "worst10pct_mean_psnr_delta": -0.23294925689697266,
      "best10pct_mean_psnr_delta": 0.15093339284261068,
      "worst10img_mean_psnr_delta": -0.38165626525878904,
      "best10img_mean_psnr_delta": 0.24263648986816405,
      "worst10_mean_psnr_delta": -0.23294925689697266,
      "best10_mean_psnr_delta": 0.15093339284261068,
      "mean_ssim_delta": -4.2200485865275065e-05,
      "positive_ratio": 0.41333333333333333,
      "strong_reference_cut_psnr": 42.755948066711426,
      "strong_reference_count": 150,
      "strong_regression_count_delta_le_-0.05": 53,
      "worst_regression_count_delta_le_-0.20": 33
    },
    {
      "label": "shuffle",
      "train_depth": "invert",
      "eval_depth": "shuffle",
      "compare_dir": "/sda/home/wangyuxin/ConvIR-B/repos/ConvIR-B-dta-v3-6-hrcs/experience_docx/experiment_logs/haze4k_dta_v3_6_hrcs_20260613/dta_v3_5_v35_fdf_rcs_l3_fdf_lite_s004_g015_bm2_seed2026_f0_quick5full_fallback_train_shuffle_compare",
      "common_count": 600,
      "mean_psnr_delta": -0.007144969304402669,
      "median_psnr_delta": -0.0056705474853515625,
      "p5_psnr_delta": -0.19713954925537108,
      "p95_psnr_delta": 0.18391971588134737,
      "hard_bottom25_psnr_delta": -0.015643018086751302,
      "easy_top25_psnr_delta": 0.014666213989257812,
      "worst10pct_mean_psnr_delta": -0.22605069478352866,
      "best10pct_mean_psnr_delta": 0.1997081756591797,
      "worst10img_mean_psnr_delta": -0.38558158874511717,
      "best10img_mean_psnr_delta": 0.3145011901855469,
      "worst10_mean_psnr_delta": -0.22605069478352866,
      "best10_mean_psnr_delta": 0.1997081756591797,
      "mean_ssim_delta": -1.2526015440622966e-05,
      "positive_ratio": 0.48,
      "strong_reference_cut_psnr": 42.755948066711426,
      "strong_reference_count": 150,
      "strong_regression_count_delta_le_-0.05": 31,
      "worst_regression_count_delta_le_-0.20": 28
    },
    {
      "label": "normal",
      "train_depth": "invert",
      "eval_depth": "normal",
      "compare_dir": "/sda/home/wangyuxin/ConvIR-B/repos/ConvIR-B-dta-v3-6-hrcs/experience_docx/experiment_logs/haze4k_dta_v3_6_hrcs_20260613/dta_v3_5_v35_fdf_rcs_l3_fdf_lite_s004_g015_bm2_seed2026_f0_quick5full_fallback_train_normal_compare",
      "common_count": 600,
      "mean_psnr_delta": -0.010143435796101889,
      "median_psnr_delta": -0.010913848876953125,
      "p5_psnr_delta": -0.19021320343017578,
      "p95_psnr_delta": 0.1639202117919921,
      "hard_bottom25_psnr_delta": -0.022871793111165363,
      "easy_top25_psnr_delta": 0.014496892293294272,
      "worst10pct_mean_psnr_delta": -0.2184799830118815,
      "best10pct_mean_psnr_delta": 0.1896323839823405,
      "worst10img_mean_psnr_delta": -0.372509765625,
      "best10img_mean_psnr_delta": 0.3034412384033203,
      "worst10_mean_psnr_delta": -0.2184799830118815,
      "best10_mean_psnr_delta": 0.1896323839823405,
      "mean_ssim_delta": -8.793175220489502e-06,
      "positive_ratio": 0.4533333333333333,
      "strong_reference_cut_psnr": 42.755948066711426,
      "strong_reference_count": 150,
      "strong_regression_count_delta_le_-0.05": 33,
      "worst_regression_count_delta_le_-0.20": 23
    }
  ],
  "attribution": {
    "true_label": "true",
    "baseline_label": "zero",
    "common_count": 600,
    "mean_depth_surplus_psnr": 0.07460231781005859,
    "median_depth_surplus_psnr": 0.07987594604492188,
    "positive_surplus_ratio": 0.6966666666666667
  }
}