{
  "runs": [
    {
      "label": "true",
      "train_depth": "invert",
      "eval_depth": "invert",
      "compare_dir": "/sda/home/wangyuxin/ConvIR-B/repos/ConvIR-B-dta-v3-6-hrcs/experience_docx/experiment_logs/haze4k_dta_v3_6_hrcs_20260613/dta_v3_5_v35_fdf_rcs_l3_fdf_lite_s004_g015_bm2_seed3411_f4_quick5full_fallback_train_invert_compare",
      "common_count": 600,
      "mean_psnr_delta": 0.0747325070699056,
      "median_psnr_delta": 0.06931495666503906,
      "p5_psnr_delta": -0.27177791595458983,
      "p95_psnr_delta": 0.4385160446166992,
      "hard_bottom25_psnr_delta": 0.07080708821614583,
      "easy_top25_psnr_delta": 0.061527074178059894,
      "worst10pct_mean_psnr_delta": -0.3162928263346354,
      "best10pct_mean_psnr_delta": 0.4851683616638184,
      "worst10img_mean_psnr_delta": -0.5309608459472657,
      "best10img_mean_psnr_delta": 0.7276512145996094,
      "worst10_mean_psnr_delta": -0.3162928263346354,
      "best10_mean_psnr_delta": 0.4851683616638184,
      "mean_ssim_delta": 6.9183111190795894e-06,
      "positive_ratio": 0.6266666666666667,
      "strong_reference_cut_psnr": 42.82054328918457,
      "strong_reference_count": 150,
      "strong_regression_count_delta_le_-0.05": 42,
      "worst_regression_count_delta_le_-0.20": 59
    },
    {
      "label": "zero",
      "train_depth": "invert",
      "eval_depth": "zero",
      "compare_dir": "/sda/home/wangyuxin/ConvIR-B/repos/ConvIR-B-dta-v3-6-hrcs/experience_docx/experiment_logs/haze4k_dta_v3_6_hrcs_20260613/dta_v3_5_v35_fdf_rcs_l3_fdf_lite_s004_g015_bm2_seed3411_f4_quick5full_fallback_train_zero_compare",
      "common_count": 600,
      "mean_psnr_delta": 0.016261189778645834,
      "median_psnr_delta": 0.022052764892578125,
      "p5_psnr_delta": -0.24806995391845704,
      "p95_psnr_delta": 0.27093353271484377,
      "hard_bottom25_psnr_delta": 0.01903307596842448,
      "easy_top25_psnr_delta": 0.009047597249348959,
      "worst10pct_mean_psnr_delta": -0.2920453707377116,
      "best10pct_mean_psnr_delta": 0.3192073186238607,
      "worst10img_mean_psnr_delta": -0.4640064239501953,
      "best10img_mean_psnr_delta": 0.5611608505249024,
      "worst10_mean_psnr_delta": -0.2920453707377116,
      "best10_mean_psnr_delta": 0.3192073186238607,
      "mean_ssim_delta": -1.8232762813568114e-05,
      "positive_ratio": 0.565,
      "strong_reference_cut_psnr": 42.82054328918457,
      "strong_reference_count": 150,
      "strong_regression_count_delta_le_-0.05": 40,
      "worst_regression_count_delta_le_-0.20": 47
    },
    {
      "label": "shuffle",
      "train_depth": "invert",
      "eval_depth": "shuffle",
      "compare_dir": "/sda/home/wangyuxin/ConvIR-B/repos/ConvIR-B-dta-v3-6-hrcs/experience_docx/experiment_logs/haze4k_dta_v3_6_hrcs_20260613/dta_v3_5_v35_fdf_rcs_l3_fdf_lite_s004_g015_bm2_seed3411_f4_quick5full_fallback_train_shuffle_compare",
      "common_count": 600,
      "mean_psnr_delta": 0.03028635025024414,
      "median_psnr_delta": 0.028444290161132812,
      "p5_psnr_delta": -0.25480022430419924,
      "p95_psnr_delta": 0.3100711822509765,
      "hard_bottom25_psnr_delta": 0.029274622599283855,
      "easy_top25_psnr_delta": 0.025255025227864582,
      "worst10pct_mean_psnr_delta": -0.2805513064066569,
      "best10pct_mean_psnr_delta": 0.356657886505127,
      "worst10img_mean_psnr_delta": -0.44947128295898436,
      "best10img_mean_psnr_delta": 0.5808168411254883,
      "worst10_mean_psnr_delta": -0.2805513064066569,
      "best10_mean_psnr_delta": 0.356657886505127,
      "mean_ssim_delta": -3.635088602701823e-06,
      "positive_ratio": 0.5683333333333334,
      "strong_reference_cut_psnr": 42.82054328918457,
      "strong_reference_count": 150,
      "strong_regression_count_delta_le_-0.05": 40,
      "worst_regression_count_delta_le_-0.20": 47
    },
    {
      "label": "normal",
      "train_depth": "invert",
      "eval_depth": "normal",
      "compare_dir": "/sda/home/wangyuxin/ConvIR-B/repos/ConvIR-B-dta-v3-6-hrcs/experience_docx/experiment_logs/haze4k_dta_v3_6_hrcs_20260613/dta_v3_5_v35_fdf_rcs_l3_fdf_lite_s004_g015_bm2_seed3411_f4_quick5full_fallback_train_normal_compare",
      "common_count": 600,
      "mean_psnr_delta": 0.024418176015218097,
      "median_psnr_delta": 0.020905494689941406,
      "p5_psnr_delta": -0.2493885040283203,
      "p95_psnr_delta": 0.29461307525634756,
      "hard_bottom25_psnr_delta": 0.020297266642252603,
      "easy_top25_psnr_delta": 0.02222834269205729,
      "worst10pct_mean_psnr_delta": -0.2780351003011068,
      "best10pct_mean_psnr_delta": 0.33835681279500324,
      "worst10img_mean_psnr_delta": -0.4452381134033203,
      "best10img_mean_psnr_delta": 0.5742677688598633,
      "worst10_mean_psnr_delta": -0.2780351003011068,
      "best10_mean_psnr_delta": 0.33835681279500324,
      "mean_ssim_delta": -3.7163496017456056e-06,
      "positive_ratio": 0.5566666666666666,
      "strong_reference_cut_psnr": 42.82054328918457,
      "strong_reference_count": 150,
      "strong_regression_count_delta_le_-0.05": 40,
      "worst_regression_count_delta_le_-0.20": 48
    }
  ],
  "attribution": {
    "true_label": "true",
    "baseline_label": "zero",
    "common_count": 600,
    "mean_depth_surplus_psnr": 0.05847131729125977,
    "median_depth_surplus_psnr": 0.06296920776367188,
    "positive_surplus_ratio": 0.7066666666666667
  }
}