{
  "runs": [
    {
      "label": "true",
      "train_depth": "invert",
      "eval_depth": "invert",
      "compare_dir": "/sda/home/wangyuxin/ConvIR-B/repos/ConvIR-B-dta-v3-6-hrcs/experience_docx/experiment_logs/haze4k_dta_v3_6_hrcs_20260613/dta_v3_5_v35_fdf_rcs_l3_fdf_lite_s004_g015_bm2_seed3411_f2_quick5full_fallback_train_invert_compare",
      "common_count": 600,
      "mean_psnr_delta": 0.06689667065938314,
      "median_psnr_delta": 0.0701141357421875,
      "p5_psnr_delta": -0.3320892333984375,
      "p95_psnr_delta": 0.480105400085449,
      "hard_bottom25_psnr_delta": 0.02275819142659505,
      "easy_top25_psnr_delta": 0.07412264506022136,
      "worst10pct_mean_psnr_delta": -0.48356374104817706,
      "best10pct_mean_psnr_delta": 0.505546220143636,
      "worst10img_mean_psnr_delta": -1.284651756286621,
      "best10img_mean_psnr_delta": 0.6714256286621094,
      "worst10_mean_psnr_delta": -0.48356374104817706,
      "best10_mean_psnr_delta": 0.505546220143636,
      "mean_ssim_delta": -7.958769798278809e-05,
      "positive_ratio": 0.6483333333333333,
      "strong_reference_cut_psnr": 42.41839599609375,
      "strong_reference_count": 150,
      "strong_regression_count_delta_le_-0.05": 46,
      "worst_regression_count_delta_le_-0.20": 62
    },
    {
      "label": "zero",
      "train_depth": "invert",
      "eval_depth": "zero",
      "compare_dir": "/sda/home/wangyuxin/ConvIR-B/repos/ConvIR-B-dta-v3-6-hrcs/experience_docx/experiment_logs/haze4k_dta_v3_6_hrcs_20260613/dta_v3_5_v35_fdf_rcs_l3_fdf_lite_s004_g015_bm2_seed3411_f2_quick5full_fallback_train_zero_compare",
      "common_count": 600,
      "mean_psnr_delta": 0.013051300048828126,
      "median_psnr_delta": 0.024669647216796875,
      "p5_psnr_delta": -0.2543144226074219,
      "p95_psnr_delta": 0.29845371246337876,
      "hard_bottom25_psnr_delta": -0.03469268798828125,
      "easy_top25_psnr_delta": 0.03535446166992187,
      "worst10pct_mean_psnr_delta": -0.38877121607462567,
      "best10pct_mean_psnr_delta": 0.31821775436401367,
      "worst10img_mean_psnr_delta": -1.1381683349609375,
      "best10img_mean_psnr_delta": 0.4541435241699219,
      "worst10_mean_psnr_delta": -0.38877121607462567,
      "best10_mean_psnr_delta": 0.31821775436401367,
      "mean_ssim_delta": -0.00011013388633728027,
      "positive_ratio": 0.57,
      "strong_reference_cut_psnr": 42.41839599609375,
      "strong_reference_count": 150,
      "strong_regression_count_delta_le_-0.05": 39,
      "worst_regression_count_delta_le_-0.20": 44
    },
    {
      "label": "shuffle",
      "train_depth": "invert",
      "eval_depth": "shuffle",
      "compare_dir": "/sda/home/wangyuxin/ConvIR-B/repos/ConvIR-B-dta-v3-6-hrcs/experience_docx/experiment_logs/haze4k_dta_v3_6_hrcs_20260613/dta_v3_5_v35_fdf_rcs_l3_fdf_lite_s004_g015_bm2_seed3411_f2_quick5full_fallback_train_shuffle_compare",
      "common_count": 600,
      "mean_psnr_delta": 0.021332000096638996,
      "median_psnr_delta": 0.024011611938476562,
      "p5_psnr_delta": -0.29154033660888673,
      "p95_psnr_delta": 0.3577219009399414,
      "hard_bottom25_psnr_delta": -0.024954439798990886,
      "easy_top25_psnr_delta": 0.042456105550130206,
      "worst10pct_mean_psnr_delta": -0.4247211138407389,
      "best10pct_mean_psnr_delta": 0.3669080416361491,
      "worst10img_mean_psnr_delta": -1.1743024826049804,
      "best10img_mean_psnr_delta": 0.49132575988769533,
      "worst10_mean_psnr_delta": -0.4247211138407389,
      "best10_mean_psnr_delta": 0.3669080416361491,
      "mean_ssim_delta": -8.96596908569336e-05,
      "positive_ratio": 0.5783333333333334,
      "strong_reference_cut_psnr": 42.41839599609375,
      "strong_reference_count": 150,
      "strong_regression_count_delta_le_-0.05": 46,
      "worst_regression_count_delta_le_-0.20": 54
    },
    {
      "label": "normal",
      "train_depth": "invert",
      "eval_depth": "normal",
      "compare_dir": "/sda/home/wangyuxin/ConvIR-B/repos/ConvIR-B-dta-v3-6-hrcs/experience_docx/experiment_logs/haze4k_dta_v3_6_hrcs_20260613/dta_v3_5_v35_fdf_rcs_l3_fdf_lite_s004_g015_bm2_seed3411_f2_quick5full_fallback_train_normal_compare",
      "common_count": 600,
      "mean_psnr_delta": 0.018788814544677734,
      "median_psnr_delta": 0.023267745971679688,
      "p5_psnr_delta": -0.2826084136962891,
      "p95_psnr_delta": 0.3333543777465817,
      "hard_bottom25_psnr_delta": -0.03145581563313802,
      "easy_top25_psnr_delta": 0.0452416737874349,
      "worst10pct_mean_psnr_delta": -0.4262645721435547,
      "best10pct_mean_psnr_delta": 0.35753068923950193,
      "worst10img_mean_psnr_delta": -1.1761558532714844,
      "best10img_mean_psnr_delta": 0.4849262237548828,
      "worst10_mean_psnr_delta": -0.4262645721435547,
      "best10_mean_psnr_delta": 0.35753068923950193,
      "mean_ssim_delta": -8.478661378224691e-05,
      "positive_ratio": 0.5583333333333333,
      "strong_reference_cut_psnr": 42.41839599609375,
      "strong_reference_count": 150,
      "strong_regression_count_delta_le_-0.05": 45,
      "worst_regression_count_delta_le_-0.20": 58
    }
  ],
  "attribution": {
    "true_label": "true",
    "baseline_label": "zero",
    "common_count": 600,
    "mean_depth_surplus_psnr": 0.05384537061055501,
    "median_depth_surplus_psnr": 0.06791114807128906,
    "positive_surplus_ratio": 0.7033333333333334
  }
}