{
  "runs": [
    {
      "label": "true",
      "train_depth": "invert",
      "eval_depth": "invert",
      "compare_dir": "/sda/home/wangyuxin/ConvIR-B/repos/ConvIR-B-dta-v3-6-hrcs/experience_docx/experiment_logs/haze4k_dta_v3_6_hrcs_20260613/dta_v3_5_v35_fdf_rcs_l2_fdf_lite_s002_g025_bm2_seed2026_f1_quick5full_fallback_train_invert_compare",
      "common_count": 600,
      "mean_psnr_delta": 0.05688783327738444,
      "median_psnr_delta": 0.06290626525878906,
      "p5_psnr_delta": -0.330870246887207,
      "p95_psnr_delta": 0.4321689605712889,
      "hard_bottom25_psnr_delta": 0.0775869878133138,
      "easy_top25_psnr_delta": 0.045073013305664066,
      "worst10pct_mean_psnr_delta": -0.39824530283610027,
      "best10pct_mean_psnr_delta": 0.4924872080485026,
      "worst10img_mean_psnr_delta": -0.6666477203369141,
      "best10img_mean_psnr_delta": 0.7831226348876953,
      "worst10_mean_psnr_delta": -0.39824530283610027,
      "best10_mean_psnr_delta": 0.4924872080485026,
      "mean_ssim_delta": 2.238521973292033e-05,
      "positive_ratio": 0.6266666666666667,
      "strong_reference_cut_psnr": 42.834919929504395,
      "strong_reference_count": 150,
      "strong_regression_count_delta_le_-0.05": 49,
      "worst_regression_count_delta_le_-0.20": 72
    },
    {
      "label": "zero",
      "train_depth": "invert",
      "eval_depth": "zero",
      "compare_dir": "/sda/home/wangyuxin/ConvIR-B/repos/ConvIR-B-dta-v3-6-hrcs/experience_docx/experiment_logs/haze4k_dta_v3_6_hrcs_20260613/dta_v3_5_v35_fdf_rcs_l2_fdf_lite_s002_g025_bm2_seed2026_f1_quick5full_fallback_train_zero_compare",
      "common_count": 600,
      "mean_psnr_delta": 0.0035767300923665365,
      "median_psnr_delta": 0.003997802734375,
      "p5_psnr_delta": -0.24881305694580078,
      "p95_psnr_delta": 0.2524759292602538,
      "hard_bottom25_psnr_delta": 0.00788256327311198,
      "easy_top25_psnr_delta": 0.020833791097005207,
      "worst10pct_mean_psnr_delta": -0.28643919626871744,
      "best10pct_mean_psnr_delta": 0.3027592976888021,
      "worst10img_mean_psnr_delta": -0.49933013916015623,
      "best10img_mean_psnr_delta": 0.5379825592041015,
      "worst10_mean_psnr_delta": -0.28643919626871744,
      "best10_mean_psnr_delta": 0.3027592976888021,
      "mean_ssim_delta": -1.578966776529948e-05,
      "positive_ratio": 0.5116666666666667,
      "strong_reference_cut_psnr": 42.834919929504395,
      "strong_reference_count": 150,
      "strong_regression_count_delta_le_-0.05": 41,
      "worst_regression_count_delta_le_-0.20": 48
    },
    {
      "label": "shuffle",
      "train_depth": "invert",
      "eval_depth": "shuffle",
      "compare_dir": "/sda/home/wangyuxin/ConvIR-B/repos/ConvIR-B-dta-v3-6-hrcs/experience_docx/experiment_logs/haze4k_dta_v3_6_hrcs_20260613/dta_v3_5_v35_fdf_rcs_l2_fdf_lite_s002_g025_bm2_seed2026_f1_quick5full_fallback_train_shuffle_compare",
      "common_count": 600,
      "mean_psnr_delta": 0.01644891103108724,
      "median_psnr_delta": 0.011320114135742188,
      "p5_psnr_delta": -0.27808399200439454,
      "p95_psnr_delta": 0.3300283432006836,
      "hard_bottom25_psnr_delta": 0.022068990071614582,
      "easy_top25_psnr_delta": 0.03164189656575521,
      "worst10pct_mean_psnr_delta": -0.3230745315551758,
      "best10pct_mean_psnr_delta": 0.3589382807413737,
      "worst10img_mean_psnr_delta": -0.5477340698242188,
      "best10img_mean_psnr_delta": 0.6040878295898438,
      "worst10_mean_psnr_delta": -0.3230745315551758,
      "best10_mean_psnr_delta": 0.3589382807413737,
      "mean_ssim_delta": 1.0679761568705241e-05,
      "positive_ratio": 0.5416666666666666,
      "strong_reference_cut_psnr": 42.834919929504395,
      "strong_reference_count": 150,
      "strong_regression_count_delta_le_-0.05": 44,
      "worst_regression_count_delta_le_-0.20": 59
    },
    {
      "label": "normal",
      "train_depth": "invert",
      "eval_depth": "normal",
      "compare_dir": "/sda/home/wangyuxin/ConvIR-B/repos/ConvIR-B-dta-v3-6-hrcs/experience_docx/experiment_logs/haze4k_dta_v3_6_hrcs_20260613/dta_v3_5_v35_fdf_rcs_l2_fdf_lite_s002_g025_bm2_seed2026_f1_quick5full_fallback_train_normal_compare",
      "common_count": 600,
      "mean_psnr_delta": 0.013372252782185873,
      "median_psnr_delta": 0.009248733520507812,
      "p5_psnr_delta": -0.26403560638427737,
      "p95_psnr_delta": 0.2984487533569334,
      "hard_bottom25_psnr_delta": 0.017043596903483074,
      "easy_top25_psnr_delta": 0.03349581400553386,
      "worst10pct_mean_psnr_delta": -0.314996592203776,
      "best10pct_mean_psnr_delta": 0.3496982574462891,
      "worst10img_mean_psnr_delta": -0.5614551544189453,
      "best10img_mean_psnr_delta": 0.6050827026367187,
      "worst10_mean_psnr_delta": -0.314996592203776,
      "best10_mean_psnr_delta": 0.3496982574462891,
      "mean_ssim_delta": 1.5202462673187256e-05,
      "positive_ratio": 0.5416666666666666,
      "strong_reference_cut_psnr": 42.834919929504395,
      "strong_reference_count": 150,
      "strong_regression_count_delta_le_-0.05": 45,
      "worst_regression_count_delta_le_-0.20": 56
    }
  ],
  "attribution": {
    "true_label": "true",
    "baseline_label": "zero",
    "common_count": 600,
    "mean_depth_surplus_psnr": 0.0533111031850179,
    "median_depth_surplus_psnr": 0.07296371459960938,
    "positive_surplus_ratio": 0.6966666666666667
  }
}