{
  "runs": [
    {
      "label": "true",
      "train_depth": "invert",
      "eval_depth": "invert",
      "compare_dir": "/sda/home/wangyuxin/ConvIR-B/repos/ConvIR-B-dta-v3-6-hrcs/experience_docx/experiment_logs/haze4k_dta_v3_6_hrcs_20260613/dta_v3_5_v35_fdf_rcs_l2_fdf_lite_s002_g025_bm2_seed3407_f2_quick5full_fallback_train_invert_compare",
      "common_count": 600,
      "mean_psnr_delta": 0.039774541854858396,
      "median_psnr_delta": 0.044231414794921875,
      "p5_psnr_delta": -0.31088409423828123,
      "p95_psnr_delta": 0.34177684783935536,
      "hard_bottom25_psnr_delta": 0.007555961608886719,
      "easy_top25_psnr_delta": 0.057847518920898434,
      "worst10pct_mean_psnr_delta": -0.3390230178833008,
      "best10pct_mean_psnr_delta": 0.37983551025390627,
      "worst10img_mean_psnr_delta": -0.5115653991699218,
      "best10img_mean_psnr_delta": 0.5546913146972656,
      "worst10_mean_psnr_delta": -0.3390230178833008,
      "best10_mean_psnr_delta": 0.37983551025390627,
      "mean_ssim_delta": 4.147390524546305e-06,
      "positive_ratio": 0.6066666666666667,
      "strong_reference_cut_psnr": 42.41839599609375,
      "strong_reference_count": 150,
      "strong_regression_count_delta_le_-0.05": 43,
      "worst_regression_count_delta_le_-0.20": 64
    },
    {
      "label": "zero",
      "train_depth": "invert",
      "eval_depth": "zero",
      "compare_dir": "/sda/home/wangyuxin/ConvIR-B/repos/ConvIR-B-dta-v3-6-hrcs/experience_docx/experiment_logs/haze4k_dta_v3_6_hrcs_20260613/dta_v3_5_v35_fdf_rcs_l2_fdf_lite_s002_g025_bm2_seed3407_f2_quick5full_fallback_train_zero_compare",
      "common_count": 600,
      "mean_psnr_delta": -0.03156919797261556,
      "median_psnr_delta": -0.023477554321289062,
      "p5_psnr_delta": -0.30364437103271485,
      "p95_psnr_delta": 0.21636085510253902,
      "hard_bottom25_psnr_delta": -0.06116614023844401,
      "easy_top25_psnr_delta": -0.004512710571289063,
      "worst10pct_mean_psnr_delta": -0.32865527470906575,
      "best10pct_mean_psnr_delta": 0.2562342961629232,
      "worst10img_mean_psnr_delta": -0.4827625274658203,
      "best10img_mean_psnr_delta": 0.4428279876708984,
      "worst10_mean_psnr_delta": -0.32865527470906575,
      "best10_mean_psnr_delta": 0.2562342961629232,
      "mean_ssim_delta": -4.520416259765625e-05,
      "positive_ratio": 0.42333333333333334,
      "strong_reference_cut_psnr": 42.41839599609375,
      "strong_reference_count": 150,
      "strong_regression_count_delta_le_-0.05": 47,
      "worst_regression_count_delta_le_-0.20": 90
    },
    {
      "label": "shuffle",
      "train_depth": "invert",
      "eval_depth": "shuffle",
      "compare_dir": "/sda/home/wangyuxin/ConvIR-B/repos/ConvIR-B-dta-v3-6-hrcs/experience_docx/experiment_logs/haze4k_dta_v3_6_hrcs_20260613/dta_v3_5_v35_fdf_rcs_l2_fdf_lite_s002_g025_bm2_seed3407_f2_quick5full_fallback_train_shuffle_compare",
      "common_count": 600,
      "mean_psnr_delta": -0.017495927810668947,
      "median_psnr_delta": -0.009716987609863281,
      "p5_psnr_delta": -0.3223358154296875,
      "p95_psnr_delta": 0.2574644088745114,
      "hard_bottom25_psnr_delta": -0.04806840260823568,
      "easy_top25_psnr_delta": 0.011880874633789062,
      "worst10pct_mean_psnr_delta": -0.34336509704589846,
      "best10pct_mean_psnr_delta": 0.26870253880818684,
      "worst10img_mean_psnr_delta": -0.4896736145019531,
      "best10img_mean_psnr_delta": 0.41713504791259765,
      "worst10_mean_psnr_delta": -0.34336509704589846,
      "best10_mean_psnr_delta": 0.26870253880818684,
      "mean_ssim_delta": -1.1140108108520508e-05,
      "positive_ratio": 0.47333333333333333,
      "strong_reference_cut_psnr": 42.41839599609375,
      "strong_reference_count": 150,
      "strong_regression_count_delta_le_-0.05": 47,
      "worst_regression_count_delta_le_-0.20": 76
    },
    {
      "label": "normal",
      "train_depth": "invert",
      "eval_depth": "normal",
      "compare_dir": "/sda/home/wangyuxin/ConvIR-B/repos/ConvIR-B-dta-v3-6-hrcs/experience_docx/experiment_logs/haze4k_dta_v3_6_hrcs_20260613/dta_v3_5_v35_fdf_rcs_l2_fdf_lite_s002_g025_bm2_seed3407_f2_quick5full_fallback_train_normal_compare",
      "common_count": 600,
      "mean_psnr_delta": -0.019884443283081053,
      "median_psnr_delta": -0.008510589599609375,
      "p5_psnr_delta": -0.3289979934692383,
      "p95_psnr_delta": 0.25999107360839824,
      "hard_bottom25_psnr_delta": -0.05566290537516276,
      "easy_top25_psnr_delta": 0.016303380330403645,
      "worst10pct_mean_psnr_delta": -0.3465012550354004,
      "best10pct_mean_psnr_delta": 0.2779657999674479,
      "worst10img_mean_psnr_delta": -0.4919445037841797,
      "best10img_mean_psnr_delta": 0.43752593994140626,
      "worst10_mean_psnr_delta": -0.3465012550354004,
      "best10_mean_psnr_delta": 0.2779657999674479,
      "mean_ssim_delta": -4.109541575113933e-06,
      "positive_ratio": 0.4716666666666667,
      "strong_reference_cut_psnr": 42.41839599609375,
      "strong_reference_count": 150,
      "strong_regression_count_delta_le_-0.05": 48,
      "worst_regression_count_delta_le_-0.20": 77
    }
  ],
  "attribution": {
    "true_label": "true",
    "baseline_label": "zero",
    "common_count": 600,
    "mean_depth_surplus_psnr": 0.07134373982747395,
    "median_depth_surplus_psnr": 0.0877532958984375,
    "positive_surplus_ratio": 0.7233333333333334
  }
}