{
  "runs": [
    {
      "label": "true",
      "train_depth": "invert",
      "eval_depth": "invert",
      "compare_dir": "/sda/home/wangyuxin/ConvIR-B/repos/ConvIR-B-dta-v3-6-hrcs/experience_docx/experiment_logs/haze4k_dta_v3_6_hrcs_20260613/dta_v3_5_v35_fdf_rcs_l1_fdf_lite_s004_g025_bm2_seed3407_f0_quick5full_fallback_train_invert_compare",
      "common_count": 600,
      "mean_psnr_delta": 0.0611497433980306,
      "median_psnr_delta": 0.06461906433105469,
      "p5_psnr_delta": -0.3842611312866211,
      "p95_psnr_delta": 0.5006958007812499,
      "hard_bottom25_psnr_delta": 0.05733044942220052,
      "easy_top25_psnr_delta": 0.04252197265625,
      "worst10pct_mean_psnr_delta": -0.44428628285725913,
      "best10pct_mean_psnr_delta": 0.5405363082885742,
      "worst10img_mean_psnr_delta": -0.72086181640625,
      "best10img_mean_psnr_delta": 0.7961894989013671,
      "worst10_mean_psnr_delta": -0.44428628285725913,
      "best10_mean_psnr_delta": 0.5405363082885742,
      "mean_ssim_delta": 1.3777017593383788e-05,
      "positive_ratio": 0.6183333333333333,
      "strong_reference_cut_psnr": 42.755948066711426,
      "strong_reference_count": 150,
      "strong_regression_count_delta_le_-0.05": 49,
      "worst_regression_count_delta_le_-0.20": 87
    },
    {
      "label": "zero",
      "train_depth": "invert",
      "eval_depth": "zero",
      "compare_dir": "/sda/home/wangyuxin/ConvIR-B/repos/ConvIR-B-dta-v3-6-hrcs/experience_docx/experiment_logs/haze4k_dta_v3_6_hrcs_20260613/dta_v3_5_v35_fdf_rcs_l1_fdf_lite_s004_g025_bm2_seed3407_f0_quick5full_fallback_train_zero_compare",
      "common_count": 600,
      "mean_psnr_delta": -0.020299015045166017,
      "median_psnr_delta": -0.023225784301757812,
      "p5_psnr_delta": -0.2980827331542969,
      "p95_psnr_delta": 0.2548280715942382,
      "hard_bottom25_psnr_delta": -0.01907470703125,
      "easy_top25_psnr_delta": -0.04094940185546875,
      "worst10pct_mean_psnr_delta": -0.33922201792399087,
      "best10pct_mean_psnr_delta": 0.29155378341674804,
      "worst10img_mean_psnr_delta": -0.5467422485351563,
      "best10img_mean_psnr_delta": 0.508395767211914,
      "worst10_mean_psnr_delta": -0.33922201792399087,
      "best10_mean_psnr_delta": 0.29155378341674804,
      "mean_ssim_delta": -4.8037370045979815e-05,
      "positive_ratio": 0.42333333333333334,
      "strong_reference_cut_psnr": 42.755948066711426,
      "strong_reference_count": 150,
      "strong_regression_count_delta_le_-0.05": 66,
      "worst_regression_count_delta_le_-0.20": 64
    },
    {
      "label": "shuffle",
      "train_depth": "invert",
      "eval_depth": "shuffle",
      "compare_dir": "/sda/home/wangyuxin/ConvIR-B/repos/ConvIR-B-dta-v3-6-hrcs/experience_docx/experiment_logs/haze4k_dta_v3_6_hrcs_20260613/dta_v3_5_v35_fdf_rcs_l1_fdf_lite_s004_g025_bm2_seed3407_f0_quick5full_fallback_train_shuffle_compare",
      "common_count": 600,
      "mean_psnr_delta": -0.0018768787384033203,
      "median_psnr_delta": -0.005738258361816406,
      "p5_psnr_delta": -0.31044731140136717,
      "p95_psnr_delta": 0.3059759140014648,
      "hard_bottom25_psnr_delta": -0.012864723205566406,
      "easy_top25_psnr_delta": -0.0037460835774739583,
      "worst10pct_mean_psnr_delta": -0.34437306722005206,
      "best10pct_mean_psnr_delta": 0.34465039571126305,
      "worst10img_mean_psnr_delta": -0.5568477630615234,
      "best10img_mean_psnr_delta": 0.5859413146972656,
      "worst10_mean_psnr_delta": -0.34437306722005206,
      "best10_mean_psnr_delta": 0.34465039571126305,
      "mean_ssim_delta": -1.2235939502716064e-05,
      "positive_ratio": 0.48833333333333334,
      "strong_reference_cut_psnr": 42.755948066711426,
      "strong_reference_count": 150,
      "strong_regression_count_delta_le_-0.05": 44,
      "worst_regression_count_delta_le_-0.20": 74
    },
    {
      "label": "normal",
      "train_depth": "invert",
      "eval_depth": "normal",
      "compare_dir": "/sda/home/wangyuxin/ConvIR-B/repos/ConvIR-B-dta-v3-6-hrcs/experience_docx/experiment_logs/haze4k_dta_v3_6_hrcs_20260613/dta_v3_5_v35_fdf_rcs_l1_fdf_lite_s004_g025_bm2_seed3407_f0_quick5full_fallback_train_normal_compare",
      "common_count": 600,
      "mean_psnr_delta": -0.0058346748352050785,
      "median_psnr_delta": -0.0098419189453125,
      "p5_psnr_delta": -0.31955699920654296,
      "p95_psnr_delta": 0.3047401428222647,
      "hard_bottom25_psnr_delta": -0.02096501668294271,
      "easy_top25_psnr_delta": -0.006331431070963542,
      "worst10pct_mean_psnr_delta": -0.3478802998860677,
      "best10pct_mean_psnr_delta": 0.3455130894978841,
      "worst10img_mean_psnr_delta": -0.5447395324707032,
      "best10img_mean_psnr_delta": 0.5480770111083985,
      "worst10_mean_psnr_delta": -0.3478802998860677,
      "best10_mean_psnr_delta": 0.3455130894978841,
      "mean_ssim_delta": -9.229580561319987e-06,
      "positive_ratio": 0.47333333333333333,
      "strong_reference_cut_psnr": 42.755948066711426,
      "strong_reference_count": 150,
      "strong_regression_count_delta_le_-0.05": 50,
      "worst_regression_count_delta_le_-0.20": 74
    }
  ],
  "attribution": {
    "true_label": "true",
    "baseline_label": "zero",
    "common_count": 600,
    "mean_depth_surplus_psnr": 0.08144875844319661,
    "median_depth_surplus_psnr": 0.08977603912353516,
    "positive_surplus_ratio": 0.6916666666666667
  }
}