{
  "runs": [
    {
      "label": "true",
      "train_depth": "invert",
      "eval_depth": "invert",
      "compare_dir": "/sda/home/wangyuxin/ConvIR-B/repos/ConvIR-B-dta-v3-6-hrcs/experience_docx/experiment_logs/haze4k_dta_v3_6_hrcs_20260613/dta_v3_5_v35_fdf_rcs_l3_fdf_lite_s004_g015_bm2_seed3407_f4_quick5full_fallback_train_invert_compare",
      "common_count": 600,
      "mean_psnr_delta": 0.07288460413614908,
      "median_psnr_delta": 0.07106208801269531,
      "p5_psnr_delta": -0.24740524291992189,
      "p95_psnr_delta": 0.3778961181640624,
      "hard_bottom25_psnr_delta": 0.06925064086914062,
      "easy_top25_psnr_delta": 0.0692572275797526,
      "worst10pct_mean_psnr_delta": -0.2677280108133952,
      "best10pct_mean_psnr_delta": 0.4016712188720703,
      "worst10img_mean_psnr_delta": -0.4248325347900391,
      "best10img_mean_psnr_delta": 0.5283935546875,
      "worst10_mean_psnr_delta": -0.2677280108133952,
      "best10_mean_psnr_delta": 0.4016712188720703,
      "mean_ssim_delta": 1.35346253712972e-05,
      "positive_ratio": 0.6816666666666666,
      "strong_reference_cut_psnr": 42.82054328918457,
      "strong_reference_count": 150,
      "strong_regression_count_delta_le_-0.05": 39,
      "worst_regression_count_delta_le_-0.20": 43
    },
    {
      "label": "zero",
      "train_depth": "invert",
      "eval_depth": "zero",
      "compare_dir": "/sda/home/wangyuxin/ConvIR-B/repos/ConvIR-B-dta-v3-6-hrcs/experience_docx/experiment_logs/haze4k_dta_v3_6_hrcs_20260613/dta_v3_5_v35_fdf_rcs_l3_fdf_lite_s004_g015_bm2_seed3407_f4_quick5full_fallback_train_zero_compare",
      "common_count": 600,
      "mean_psnr_delta": -0.01089832623799642,
      "median_psnr_delta": -0.00797271728515625,
      "p5_psnr_delta": -0.21684303283691406,
      "p95_psnr_delta": 0.19027538299560545,
      "hard_bottom25_psnr_delta": -0.0011208216349283854,
      "easy_top25_psnr_delta": -0.014751942952473958,
      "worst10pct_mean_psnr_delta": -0.24037113189697265,
      "best10pct_mean_psnr_delta": 0.20618489583333333,
      "worst10img_mean_psnr_delta": -0.35798988342285154,
      "best10img_mean_psnr_delta": 0.31974220275878906,
      "worst10_mean_psnr_delta": -0.24037113189697265,
      "best10_mean_psnr_delta": 0.20618489583333333,
      "mean_ssim_delta": -3.645777702331543e-05,
      "positive_ratio": 0.4716666666666667,
      "strong_reference_cut_psnr": 42.82054328918457,
      "strong_reference_count": 150,
      "strong_regression_count_delta_le_-0.05": 51,
      "worst_regression_count_delta_le_-0.20": 42
    },
    {
      "label": "shuffle",
      "train_depth": "invert",
      "eval_depth": "shuffle",
      "compare_dir": "/sda/home/wangyuxin/ConvIR-B/repos/ConvIR-B-dta-v3-6-hrcs/experience_docx/experiment_logs/haze4k_dta_v3_6_hrcs_20260613/dta_v3_5_v35_fdf_rcs_l3_fdf_lite_s004_g015_bm2_seed3407_f4_quick5full_fallback_train_shuffle_compare",
      "common_count": 600,
      "mean_psnr_delta": 0.012828102111816406,
      "median_psnr_delta": 0.010210990905761719,
      "p5_psnr_delta": -0.20640811920166016,
      "p95_psnr_delta": 0.22744503021240223,
      "hard_bottom25_psnr_delta": 0.015165023803710938,
      "easy_top25_psnr_delta": 0.014813105265299479,
      "worst10pct_mean_psnr_delta": -0.2191011110941569,
      "best10pct_mean_psnr_delta": 0.2438570022583008,
      "worst10img_mean_psnr_delta": -0.3228939056396484,
      "best10img_mean_psnr_delta": 0.34742393493652346,
      "worst10_mean_psnr_delta": -0.2191011110941569,
      "best10_mean_psnr_delta": 0.2438570022583008,
      "mean_ssim_delta": -5.424916744232178e-06,
      "positive_ratio": 0.5383333333333333,
      "strong_reference_cut_psnr": 42.82054328918457,
      "strong_reference_count": 150,
      "strong_regression_count_delta_le_-0.05": 39,
      "worst_regression_count_delta_le_-0.20": 34
    },
    {
      "label": "normal",
      "train_depth": "invert",
      "eval_depth": "normal",
      "compare_dir": "/sda/home/wangyuxin/ConvIR-B/repos/ConvIR-B-dta-v3-6-hrcs/experience_docx/experiment_logs/haze4k_dta_v3_6_hrcs_20260613/dta_v3_5_v35_fdf_rcs_l3_fdf_lite_s004_g015_bm2_seed3407_f4_quick5full_fallback_train_normal_compare",
      "common_count": 600,
      "mean_psnr_delta": 0.005206391016642253,
      "median_psnr_delta": 0.005565643310546875,
      "p5_psnr_delta": -0.20131511688232423,
      "p95_psnr_delta": 0.21285266876220696,
      "hard_bottom25_psnr_delta": 0.003017412821451823,
      "easy_top25_psnr_delta": 0.011642227172851563,
      "worst10pct_mean_psnr_delta": -0.22422478993733724,
      "best10pct_mean_psnr_delta": 0.23196172714233398,
      "worst10img_mean_psnr_delta": -0.32775077819824217,
      "best10img_mean_psnr_delta": 0.33768653869628906,
      "worst10_mean_psnr_delta": -0.22422478993733724,
      "best10_mean_psnr_delta": 0.23196172714233398,
      "mean_ssim_delta": -3.6482016245524087e-06,
      "positive_ratio": 0.53,
      "strong_reference_cut_psnr": 42.82054328918457,
      "strong_reference_count": 150,
      "strong_regression_count_delta_le_-0.05": 35,
      "worst_regression_count_delta_le_-0.20": 31
    }
  ],
  "attribution": {
    "true_label": "true",
    "baseline_label": "zero",
    "common_count": 600,
    "mean_depth_surplus_psnr": 0.08378293037414551,
    "median_depth_surplus_psnr": 0.0935516357421875,
    "positive_surplus_ratio": 0.7166666666666667
  }
}