{
  "runs": [
    {
      "label": "true",
      "train_depth": "invert",
      "eval_depth": "invert",
      "compare_dir": "/sda/home/wangyuxin/ConvIR-B/repos/ConvIR-B-dta-v3-6-hrcs/experience_docx/experiment_logs/haze4k_dta_v3_6_hrcs_20260613/dta_v3_5_v35_fdf_rcs_l1_fdf_lite_s004_g025_bm2_seed3407_f3_quick5full_fallback_train_invert_compare",
      "common_count": 600,
      "mean_psnr_delta": 0.06932268142700196,
      "median_psnr_delta": 0.05722618103027344,
      "p5_psnr_delta": -0.3004169464111328,
      "p95_psnr_delta": 0.4708866119384765,
      "hard_bottom25_psnr_delta": 0.050119298299153646,
      "easy_top25_psnr_delta": 0.05558390299479166,
      "worst10pct_mean_psnr_delta": -0.34277302424112954,
      "best10pct_mean_psnr_delta": 0.5080338795979817,
      "worst10img_mean_psnr_delta": -0.5918392181396485,
      "best10img_mean_psnr_delta": 0.7183376312255859,
      "worst10_mean_psnr_delta": -0.34277302424112954,
      "best10_mean_psnr_delta": 0.5080338795979817,
      "mean_ssim_delta": 1.3280908266703288e-06,
      "positive_ratio": 0.625,
      "strong_reference_cut_psnr": 42.88805866241455,
      "strong_reference_count": 150,
      "strong_regression_count_delta_le_-0.05": 46,
      "worst_regression_count_delta_le_-0.20": 63
    },
    {
      "label": "zero",
      "train_depth": "invert",
      "eval_depth": "zero",
      "compare_dir": "/sda/home/wangyuxin/ConvIR-B/repos/ConvIR-B-dta-v3-6-hrcs/experience_docx/experiment_logs/haze4k_dta_v3_6_hrcs_20260613/dta_v3_5_v35_fdf_rcs_l1_fdf_lite_s004_g025_bm2_seed3407_f3_quick5full_fallback_train_zero_compare",
      "common_count": 600,
      "mean_psnr_delta": -0.032493181228637695,
      "median_psnr_delta": -0.02849578857421875,
      "p5_psnr_delta": -0.32061080932617186,
      "p95_psnr_delta": 0.21751365661621078,
      "hard_bottom25_psnr_delta": -0.043797518412272134,
      "easy_top25_psnr_delta": -0.0322790781656901,
      "worst10pct_mean_psnr_delta": -0.3316306749979655,
      "best10pct_mean_psnr_delta": 0.2568670908610026,
      "worst10img_mean_psnr_delta": -0.47661895751953126,
      "best10img_mean_psnr_delta": 0.4407054901123047,
      "worst10_mean_psnr_delta": -0.3316306749979655,
      "best10_mean_psnr_delta": 0.2568670908610026,
      "mean_ssim_delta": -7.57447878519694e-05,
      "positive_ratio": 0.41,
      "strong_reference_cut_psnr": 42.88805866241455,
      "strong_reference_count": 150,
      "strong_regression_count_delta_le_-0.05": 55,
      "worst_regression_count_delta_le_-0.20": 77
    },
    {
      "label": "shuffle",
      "train_depth": "invert",
      "eval_depth": "shuffle",
      "compare_dir": "/sda/home/wangyuxin/ConvIR-B/repos/ConvIR-B-dta-v3-6-hrcs/experience_docx/experiment_logs/haze4k_dta_v3_6_hrcs_20260613/dta_v3_5_v35_fdf_rcs_l1_fdf_lite_s004_g025_bm2_seed3407_f3_quick5full_fallback_train_shuffle_compare",
      "common_count": 600,
      "mean_psnr_delta": -0.0068580945332845054,
      "median_psnr_delta": -0.007756233215332031,
      "p5_psnr_delta": -0.26823978424072265,
      "p95_psnr_delta": 0.26834945678710936,
      "hard_bottom25_psnr_delta": -0.029139811197916667,
      "easy_top25_psnr_delta": 0.001329498291015625,
      "worst10pct_mean_psnr_delta": -0.27546733220418296,
      "best10pct_mean_psnr_delta": 0.2932658513387044,
      "worst10img_mean_psnr_delta": -0.39081687927246095,
      "best10img_mean_psnr_delta": 0.47073707580566404,
      "worst10_mean_psnr_delta": -0.27546733220418296,
      "best10_mean_psnr_delta": 0.2932658513387044,
      "mean_ssim_delta": -3.2103657722473145e-05,
      "positive_ratio": 0.46,
      "strong_reference_cut_psnr": 42.88805866241455,
      "strong_reference_count": 150,
      "strong_regression_count_delta_le_-0.05": 48,
      "worst_regression_count_delta_le_-0.20": 56
    },
    {
      "label": "normal",
      "train_depth": "invert",
      "eval_depth": "normal",
      "compare_dir": "/sda/home/wangyuxin/ConvIR-B/repos/ConvIR-B-dta-v3-6-hrcs/experience_docx/experiment_logs/haze4k_dta_v3_6_hrcs_20260613/dta_v3_5_v35_fdf_rcs_l1_fdf_lite_s004_g025_bm2_seed3407_f3_quick5full_fallback_train_normal_compare",
      "common_count": 600,
      "mean_psnr_delta": -0.015943349202473957,
      "median_psnr_delta": -0.015287399291992188,
      "p5_psnr_delta": -0.2684637069702148,
      "p95_psnr_delta": 0.2514703750610351,
      "hard_bottom25_psnr_delta": -0.035773696899414065,
      "easy_top25_psnr_delta": 0.0009349314371744792,
      "worst10pct_mean_psnr_delta": -0.2905960400899251,
      "best10pct_mean_psnr_delta": 0.27657826741536456,
      "worst10img_mean_psnr_delta": -0.41450042724609376,
      "best10img_mean_psnr_delta": 0.44698257446289064,
      "worst10_mean_psnr_delta": -0.2905960400899251,
      "best10_mean_psnr_delta": 0.27657826741536456,
      "mean_ssim_delta": -2.3820896943410236e-05,
      "positive_ratio": 0.43833333333333335,
      "strong_reference_cut_psnr": 42.88805866241455,
      "strong_reference_count": 150,
      "strong_regression_count_delta_le_-0.05": 53,
      "worst_regression_count_delta_le_-0.20": 66
    }
  ],
  "attribution": {
    "true_label": "true",
    "baseline_label": "zero",
    "common_count": 600,
    "mean_depth_surplus_psnr": 0.10181586265563965,
    "median_depth_surplus_psnr": 0.12684059143066406,
    "positive_surplus_ratio": 0.685
  }
}