{
  "runs": [
    {
      "label": "true",
      "train_depth": "invert",
      "eval_depth": "invert",
      "compare_dir": "/sda/home/wangyuxin/ConvIR-B/repos/ConvIR-B-dta-v3-6-hrcs/experience_docx/experiment_logs/haze4k_dta_v3_6_hrcs_20260613/dta_v3_5_v35_fdf_rcs_l2_fdf_lite_s002_g025_bm2_seed3411_f1_quick5full_fallback_train_invert_compare",
      "common_count": 600,
      "mean_psnr_delta": 0.04330663363138835,
      "median_psnr_delta": 0.04033660888671875,
      "p5_psnr_delta": -0.26505126953125,
      "p95_psnr_delta": 0.36167316436767577,
      "hard_bottom25_psnr_delta": 0.07718802134195964,
      "easy_top25_psnr_delta": 0.024489593505859376,
      "worst10pct_mean_psnr_delta": -0.31096378962198895,
      "best10pct_mean_psnr_delta": 0.3843622843424479,
      "worst10img_mean_psnr_delta": -0.5597709655761719,
      "best10img_mean_psnr_delta": 0.5677265167236328,
      "worst10_mean_psnr_delta": -0.31096378962198895,
      "best10_mean_psnr_delta": 0.3843622843424479,
      "mean_ssim_delta": 2.943029006322225e-05,
      "positive_ratio": 0.6133333333333333,
      "strong_reference_cut_psnr": 42.834919929504395,
      "strong_reference_count": 150,
      "strong_regression_count_delta_le_-0.05": 38,
      "worst_regression_count_delta_le_-0.20": 50
    },
    {
      "label": "zero",
      "train_depth": "invert",
      "eval_depth": "zero",
      "compare_dir": "/sda/home/wangyuxin/ConvIR-B/repos/ConvIR-B-dta-v3-6-hrcs/experience_docx/experiment_logs/haze4k_dta_v3_6_hrcs_20260613/dta_v3_5_v35_fdf_rcs_l2_fdf_lite_s002_g025_bm2_seed3411_f1_quick5full_fallback_train_zero_compare",
      "common_count": 600,
      "mean_psnr_delta": 0.007225640614827474,
      "median_psnr_delta": 0.005138397216796875,
      "p5_psnr_delta": -0.2092266082763672,
      "p95_psnr_delta": 0.24070110321044913,
      "hard_bottom25_psnr_delta": 0.03297050476074219,
      "easy_top25_psnr_delta": 0.003050689697265625,
      "worst10pct_mean_psnr_delta": -0.26005598704020183,
      "best10pct_mean_psnr_delta": 0.266240660349528,
      "worst10img_mean_psnr_delta": -0.5175777435302734,
      "best10img_mean_psnr_delta": 0.44302978515625,
      "worst10_mean_psnr_delta": -0.26005598704020183,
      "best10_mean_psnr_delta": 0.266240660349528,
      "mean_ssim_delta": 7.778803507486979e-06,
      "positive_ratio": 0.53,
      "strong_reference_cut_psnr": 42.834919929504395,
      "strong_reference_count": 150,
      "strong_regression_count_delta_le_-0.05": 43,
      "worst_regression_count_delta_le_-0.20": 34
    },
    {
      "label": "shuffle",
      "train_depth": "invert",
      "eval_depth": "shuffle",
      "compare_dir": "/sda/home/wangyuxin/ConvIR-B/repos/ConvIR-B-dta-v3-6-hrcs/experience_docx/experiment_logs/haze4k_dta_v3_6_hrcs_20260613/dta_v3_5_v35_fdf_rcs_l2_fdf_lite_s002_g025_bm2_seed3411_f1_quick5full_fallback_train_shuffle_compare",
      "common_count": 600,
      "mean_psnr_delta": 0.01523887316385905,
      "median_psnr_delta": 0.012987136840820312,
      "p5_psnr_delta": -0.23929481506347655,
      "p95_psnr_delta": 0.27107734680175755,
      "hard_bottom25_psnr_delta": 0.0417447026570638,
      "easy_top25_psnr_delta": 0.010295537312825521,
      "worst10pct_mean_psnr_delta": -0.2810838063557943,
      "best10pct_mean_psnr_delta": 0.29746468861897785,
      "worst10img_mean_psnr_delta": -0.5332786560058593,
      "best10img_mean_psnr_delta": 0.4742267608642578,
      "worst10_mean_psnr_delta": -0.2810838063557943,
      "best10_mean_psnr_delta": 0.29746468861897785,
      "mean_ssim_delta": 2.1675129731496174e-05,
      "positive_ratio": 0.55,
      "strong_reference_cut_psnr": 42.834919929504395,
      "strong_reference_count": 150,
      "strong_regression_count_delta_le_-0.05": 44,
      "worst_regression_count_delta_le_-0.20": 40
    },
    {
      "label": "normal",
      "train_depth": "invert",
      "eval_depth": "normal",
      "compare_dir": "/sda/home/wangyuxin/ConvIR-B/repos/ConvIR-B-dta-v3-6-hrcs/experience_docx/experiment_logs/haze4k_dta_v3_6_hrcs_20260613/dta_v3_5_v35_fdf_rcs_l2_fdf_lite_s002_g025_bm2_seed3411_f1_quick5full_fallback_train_normal_compare",
      "common_count": 600,
      "mean_psnr_delta": 0.013096078236897787,
      "median_psnr_delta": 0.013315200805664062,
      "p5_psnr_delta": -0.2433694839477539,
      "p95_psnr_delta": 0.27312507629394517,
      "hard_bottom25_psnr_delta": 0.038394012451171876,
      "easy_top25_psnr_delta": 0.01122937520345052,
      "worst10pct_mean_psnr_delta": -0.28080196380615235,
      "best10pct_mean_psnr_delta": 0.2936761538187663,
      "worst10img_mean_psnr_delta": -0.523770523071289,
      "best10img_mean_psnr_delta": 0.46215286254882815,
      "worst10_mean_psnr_delta": -0.28080196380615235,
      "best10_mean_psnr_delta": 0.2936761538187663,
      "mean_ssim_delta": 2.422769864400228e-05,
      "positive_ratio": 0.54,
      "strong_reference_cut_psnr": 42.834919929504395,
      "strong_reference_count": 150,
      "strong_regression_count_delta_le_-0.05": 47,
      "worst_regression_count_delta_le_-0.20": 42
    }
  ],
  "attribution": {
    "true_label": "true",
    "baseline_label": "zero",
    "common_count": 600,
    "mean_depth_surplus_psnr": 0.03608099301656087,
    "median_depth_surplus_psnr": 0.048122406005859375,
    "positive_surplus_ratio": 0.7
  }
}