{
  "runs": [
    {
      "label": "true",
      "train_depth": "invert",
      "eval_depth": "invert",
      "compare_dir": "/sda/home/wangyuxin/ConvIR-B/repos/ConvIR-B-dta-v3-6-hrcs/experience_docx/experiment_logs/haze4k_dta_v3_6_hrcs_20260613/dta_v3_5_v35_fdf_rcs_l2_fdf_lite_s002_g025_bm2_seed3407_f0_quick5full_fallback_train_invert_compare",
      "common_count": 600,
      "mean_psnr_delta": 0.04465250333150228,
      "median_psnr_delta": 0.04211235046386719,
      "p5_psnr_delta": -0.32250213623046875,
      "p95_psnr_delta": 0.38546562194824185,
      "hard_bottom25_psnr_delta": 0.04544012705485026,
      "easy_top25_psnr_delta": 0.02837450663248698,
      "worst10pct_mean_psnr_delta": -0.36578667958577477,
      "best10pct_mean_psnr_delta": 0.439218266805013,
      "worst10img_mean_psnr_delta": -0.5795070648193359,
      "best10img_mean_psnr_delta": 0.6874885559082031,
      "worst10_mean_psnr_delta": -0.36578667958577477,
      "best10_mean_psnr_delta": 0.439218266805013,
      "mean_ssim_delta": 1.6051034132639568e-05,
      "positive_ratio": 0.6066666666666667,
      "strong_reference_cut_psnr": 42.755948066711426,
      "strong_reference_count": 150,
      "strong_regression_count_delta_le_-0.05": 46,
      "worst_regression_count_delta_le_-0.20": 72
    },
    {
      "label": "zero",
      "train_depth": "invert",
      "eval_depth": "zero",
      "compare_dir": "/sda/home/wangyuxin/ConvIR-B/repos/ConvIR-B-dta-v3-6-hrcs/experience_docx/experiment_logs/haze4k_dta_v3_6_hrcs_20260613/dta_v3_5_v35_fdf_rcs_l2_fdf_lite_s002_g025_bm2_seed3407_f0_quick5full_fallback_train_zero_compare",
      "common_count": 600,
      "mean_psnr_delta": -0.01112490971883138,
      "median_psnr_delta": -0.0084991455078125,
      "p5_psnr_delta": -0.28493194580078124,
      "p95_psnr_delta": 0.2535219192504882,
      "hard_bottom25_psnr_delta": -0.007105356852213542,
      "easy_top25_psnr_delta": -0.029739735921223958,
      "worst10pct_mean_psnr_delta": -0.31052227020263673,
      "best10pct_mean_psnr_delta": 0.29258867899576824,
      "worst10img_mean_psnr_delta": -0.5026340484619141,
      "best10img_mean_psnr_delta": 0.49694480895996096,
      "worst10_mean_psnr_delta": -0.31052227020263673,
      "best10_mean_psnr_delta": 0.29258867899576824,
      "mean_ssim_delta": -2.6331941286722818e-05,
      "positive_ratio": 0.47,
      "strong_reference_cut_psnr": 42.755948066711426,
      "strong_reference_count": 150,
      "strong_regression_count_delta_le_-0.05": 59,
      "worst_regression_count_delta_le_-0.20": 49
    },
    {
      "label": "shuffle",
      "train_depth": "invert",
      "eval_depth": "shuffle",
      "compare_dir": "/sda/home/wangyuxin/ConvIR-B/repos/ConvIR-B-dta-v3-6-hrcs/experience_docx/experiment_logs/haze4k_dta_v3_6_hrcs_20260613/dta_v3_5_v35_fdf_rcs_l2_fdf_lite_s002_g025_bm2_seed3407_f0_quick5full_fallback_train_shuffle_compare",
      "common_count": 600,
      "mean_psnr_delta": 0.00291287104288737,
      "median_psnr_delta": -0.0013713836669921875,
      "p5_psnr_delta": -0.2802299499511719,
      "p95_psnr_delta": 0.2982591629028319,
      "hard_bottom25_psnr_delta": -0.0013847605387369791,
      "easy_top25_psnr_delta": -0.0030121103922526042,
      "worst10pct_mean_psnr_delta": -0.3198978106180827,
      "best10pct_mean_psnr_delta": 0.3332126299540202,
      "worst10img_mean_psnr_delta": -0.5124061584472657,
      "best10img_mean_psnr_delta": 0.5634040832519531,
      "worst10_mean_psnr_delta": -0.3198978106180827,
      "best10_mean_psnr_delta": 0.3332126299540202,
      "mean_ssim_delta": -1.6942620277404786e-06,
      "positive_ratio": 0.49666666666666665,
      "strong_reference_cut_psnr": 42.755948066711426,
      "strong_reference_count": 150,
      "strong_regression_count_delta_le_-0.05": 47,
      "worst_regression_count_delta_le_-0.20": 66
    },
    {
      "label": "normal",
      "train_depth": "invert",
      "eval_depth": "normal",
      "compare_dir": "/sda/home/wangyuxin/ConvIR-B/repos/ConvIR-B-dta-v3-6-hrcs/experience_docx/experiment_logs/haze4k_dta_v3_6_hrcs_20260613/dta_v3_5_v35_fdf_rcs_l2_fdf_lite_s002_g025_bm2_seed3407_f0_quick5full_fallback_train_normal_compare",
      "common_count": 600,
      "mean_psnr_delta": 0.0004157543182373047,
      "median_psnr_delta": 9.1552734375e-05,
      "p5_psnr_delta": -0.30541744232177737,
      "p95_psnr_delta": 0.3118364334106445,
      "hard_bottom25_psnr_delta": -0.006490948994954427,
      "easy_top25_psnr_delta": -0.004400405883789062,
      "worst10pct_mean_psnr_delta": -0.3234974543253581,
      "best10pct_mean_psnr_delta": 0.33676249186197915,
      "worst10img_mean_psnr_delta": -0.5007724761962891,
      "best10img_mean_psnr_delta": 0.5356395721435547,
      "worst10_mean_psnr_delta": -0.3234974543253581,
      "best10_mean_psnr_delta": 0.33676249186197915,
      "mean_ssim_delta": 2.1686156590779622e-07,
      "positive_ratio": 0.5,
      "strong_reference_cut_psnr": 42.755948066711426,
      "strong_reference_count": 150,
      "strong_regression_count_delta_le_-0.05": 48,
      "worst_regression_count_delta_le_-0.20": 68
    }
  ],
  "attribution": {
    "true_label": "true",
    "baseline_label": "zero",
    "common_count": 600,
    "mean_depth_surplus_psnr": 0.05577741305033366,
    "median_depth_surplus_psnr": 0.0612030029296875,
    "positive_surplus_ratio": 0.6983333333333334
  }
}