{
  "runs": [
    {
      "label": "true",
      "train_depth": "invert",
      "eval_depth": "invert",
      "compare_dir": "/sda/home/wangyuxin/ConvIR-B/repos/ConvIR-B-dta-v3-6-hrcs/experience_docx/experiment_logs/haze4k_dta_v3_6_hrcs_20260613/dta_v3_5_v35_fdf_rcs_l1_fdf_lite_s004_g025_bm2_seed3411_f2_quick5full_fallback_train_invert_compare",
      "common_count": 600,
      "mean_psnr_delta": 0.07732372601826985,
      "median_psnr_delta": 0.08242225646972656,
      "p5_psnr_delta": -0.3952993392944336,
      "p95_psnr_delta": 0.5489767074584958,
      "hard_bottom25_psnr_delta": 0.02896813710530599,
      "easy_top25_psnr_delta": 0.08178756713867187,
      "worst10pct_mean_psnr_delta": -0.5414683977762859,
      "best10pct_mean_psnr_delta": 0.5836689949035645,
      "worst10img_mean_psnr_delta": -1.3730600357055665,
      "best10img_mean_psnr_delta": 0.7842269897460937,
      "worst10_mean_psnr_delta": -0.5414683977762859,
      "best10_mean_psnr_delta": 0.5836689949035645,
      "mean_ssim_delta": -7.999916871388754e-05,
      "positive_ratio": 0.6466666666666666,
      "strong_reference_cut_psnr": 42.41839599609375,
      "strong_reference_count": 150,
      "strong_regression_count_delta_le_-0.05": 51,
      "worst_regression_count_delta_le_-0.20": 73
    },
    {
      "label": "zero",
      "train_depth": "invert",
      "eval_depth": "zero",
      "compare_dir": "/sda/home/wangyuxin/ConvIR-B/repos/ConvIR-B-dta-v3-6-hrcs/experience_docx/experiment_logs/haze4k_dta_v3_6_hrcs_20260613/dta_v3_5_v35_fdf_rcs_l1_fdf_lite_s004_g025_bm2_seed3411_f2_quick5full_fallback_train_zero_compare",
      "common_count": 600,
      "mean_psnr_delta": 0.010486806233723958,
      "median_psnr_delta": 0.0231781005859375,
      "p5_psnr_delta": -0.26544990539550783,
      "p95_psnr_delta": 0.3133380889892578,
      "hard_bottom25_psnr_delta": -0.042647476196289065,
      "easy_top25_psnr_delta": 0.03682401021321614,
      "worst10pct_mean_psnr_delta": -0.4041038195292155,
      "best10pct_mean_psnr_delta": 0.3312655448913574,
      "worst10img_mean_psnr_delta": -1.1580699920654296,
      "best10img_mean_psnr_delta": 0.4756633758544922,
      "worst10_mean_psnr_delta": -0.4041038195292155,
      "best10_mean_psnr_delta": 0.3312655448913574,
      "mean_ssim_delta": -0.00011630415916442871,
      "positive_ratio": 0.555,
      "strong_reference_cut_psnr": 42.41839599609375,
      "strong_reference_count": 150,
      "strong_regression_count_delta_le_-0.05": 41,
      "worst_regression_count_delta_le_-0.20": 47
    },
    {
      "label": "shuffle",
      "train_depth": "invert",
      "eval_depth": "shuffle",
      "compare_dir": "/sda/home/wangyuxin/ConvIR-B/repos/ConvIR-B-dta-v3-6-hrcs/experience_docx/experiment_logs/haze4k_dta_v3_6_hrcs_20260613/dta_v3_5_v35_fdf_rcs_l1_fdf_lite_s004_g025_bm2_seed3411_f2_quick5full_fallback_train_shuffle_compare",
      "common_count": 600,
      "mean_psnr_delta": 0.019132798512776692,
      "median_psnr_delta": 0.020292282104492188,
      "p5_psnr_delta": -0.31393890380859374,
      "p95_psnr_delta": 0.38156852722167967,
      "hard_bottom25_psnr_delta": -0.03238456726074219,
      "easy_top25_psnr_delta": 0.04400220235188802,
      "worst10pct_mean_psnr_delta": -0.4492850621541341,
      "best10pct_mean_psnr_delta": 0.3902195294698079,
      "worst10img_mean_psnr_delta": -1.213172721862793,
      "best10img_mean_psnr_delta": 0.525754165649414,
      "worst10_mean_psnr_delta": -0.4492850621541341,
      "best10_mean_psnr_delta": 0.3902195294698079,
      "mean_ssim_delta": -9.289632240931193e-05,
      "positive_ratio": 0.5583333333333333,
      "strong_reference_cut_psnr": 42.41839599609375,
      "strong_reference_count": 150,
      "strong_regression_count_delta_le_-0.05": 46,
      "worst_regression_count_delta_le_-0.20": 62
    },
    {
      "label": "normal",
      "train_depth": "invert",
      "eval_depth": "normal",
      "compare_dir": "/sda/home/wangyuxin/ConvIR-B/repos/ConvIR-B-dta-v3-6-hrcs/experience_docx/experiment_logs/haze4k_dta_v3_6_hrcs_20260613/dta_v3_5_v35_fdf_rcs_l1_fdf_lite_s004_g025_bm2_seed3411_f2_quick5full_fallback_train_normal_compare",
      "common_count": 600,
      "mean_psnr_delta": 0.01565743128458659,
      "median_psnr_delta": 0.01824188232421875,
      "p5_psnr_delta": -0.3152332305908203,
      "p95_psnr_delta": 0.3527256011962889,
      "hard_bottom25_psnr_delta": -0.04054364522298177,
      "easy_top25_psnr_delta": 0.04745892842610677,
      "worst10pct_mean_psnr_delta": -0.449977970123291,
      "best10pct_mean_psnr_delta": 0.3786113421122233,
      "worst10img_mean_psnr_delta": -1.2039670944213867,
      "best10img_mean_psnr_delta": 0.5179046630859375,
      "worst10_mean_psnr_delta": -0.449977970123291,
      "best10_mean_psnr_delta": 0.3786113421122233,
      "mean_ssim_delta": -8.643627166748047e-05,
      "positive_ratio": 0.5516666666666666,
      "strong_reference_cut_psnr": 42.41839599609375,
      "strong_reference_count": 150,
      "strong_regression_count_delta_le_-0.05": 47,
      "worst_regression_count_delta_le_-0.20": 62
    }
  ],
  "attribution": {
    "true_label": "true",
    "baseline_label": "zero",
    "common_count": 600,
    "mean_depth_surplus_psnr": 0.0668369197845459,
    "median_depth_surplus_psnr": 0.0807037353515625,
    "positive_surplus_ratio": 0.6983333333333334
  }
}