{
  "runs": [
    {
      "label": "true",
      "train_depth": "invert",
      "eval_depth": "invert",
      "compare_dir": "/sda/home/wangyuxin/ConvIR-B/repos/ConvIR-B-dta-v3-6-hrcs/experience_docx/experiment_logs/haze4k_dta_v3_6_hrcs_20260613/dta_v3_5_v35_fdf_rcs_l2_fdf_lite_s002_g025_bm2_seed2026_f0_quick5full_fallback_train_invert_compare",
      "common_count": 600,
      "mean_psnr_delta": 0.037343956629435224,
      "median_psnr_delta": 0.04305076599121094,
      "p5_psnr_delta": -0.24329185485839844,
      "p95_psnr_delta": 0.2930992126464843,
      "hard_bottom25_psnr_delta": 0.03687305450439453,
      "easy_top25_psnr_delta": 0.0456854248046875,
      "worst10pct_mean_psnr_delta": -0.2640855153401693,
      "best10pct_mean_psnr_delta": 0.31380519866943357,
      "worst10img_mean_psnr_delta": -0.40964508056640625,
      "best10img_mean_psnr_delta": 0.42516212463378905,
      "worst10_mean_psnr_delta": -0.2640855153401693,
      "best10_mean_psnr_delta": 0.31380519866943357,
      "mean_ssim_delta": 6.583631038665771e-06,
      "positive_ratio": 0.6266666666666667,
      "strong_reference_cut_psnr": 42.755948066711426,
      "strong_reference_count": 150,
      "strong_regression_count_delta_le_-0.05": 40,
      "worst_regression_count_delta_le_-0.20": 46
    },
    {
      "label": "zero",
      "train_depth": "invert",
      "eval_depth": "zero",
      "compare_dir": "/sda/home/wangyuxin/ConvIR-B/repos/ConvIR-B-dta-v3-6-hrcs/experience_docx/experiment_logs/haze4k_dta_v3_6_hrcs_20260613/dta_v3_5_v35_fdf_rcs_l2_fdf_lite_s002_g025_bm2_seed2026_f0_quick5full_fallback_train_zero_compare",
      "common_count": 600,
      "mean_psnr_delta": -0.025617640813191733,
      "median_psnr_delta": -0.02263641357421875,
      "p5_psnr_delta": -0.20061264038085938,
      "p95_psnr_delta": 0.12147960662841795,
      "hard_bottom25_psnr_delta": -0.0207858403523763,
      "easy_top25_psnr_delta": -0.020764923095703124,
      "worst10pct_mean_psnr_delta": -0.22776177724202473,
      "best10pct_mean_psnr_delta": 0.14469728469848633,
      "worst10img_mean_psnr_delta": -0.37387733459472655,
      "best10img_mean_psnr_delta": 0.23093147277832032,
      "worst10_mean_psnr_delta": -0.22776177724202473,
      "best10_mean_psnr_delta": 0.14469728469848633,
      "mean_ssim_delta": -3.6909480889638266e-05,
      "positive_ratio": 0.4033333333333333,
      "strong_reference_cut_psnr": 42.755948066711426,
      "strong_reference_count": 150,
      "strong_regression_count_delta_le_-0.05": 47,
      "worst_regression_count_delta_le_-0.20": 31
    },
    {
      "label": "shuffle",
      "train_depth": "invert",
      "eval_depth": "shuffle",
      "compare_dir": "/sda/home/wangyuxin/ConvIR-B/repos/ConvIR-B-dta-v3-6-hrcs/experience_docx/experiment_logs/haze4k_dta_v3_6_hrcs_20260613/dta_v3_5_v35_fdf_rcs_l2_fdf_lite_s002_g025_bm2_seed2026_f0_quick5full_fallback_train_shuffle_compare",
      "common_count": 600,
      "mean_psnr_delta": -0.010227931340535483,
      "median_psnr_delta": -0.00909423828125,
      "p5_psnr_delta": -0.19023094177246094,
      "p95_psnr_delta": 0.17360134124755855,
      "hard_bottom25_psnr_delta": -0.01574120839436849,
      "easy_top25_psnr_delta": 0.009978713989257813,
      "worst10pct_mean_psnr_delta": -0.22064584096272785,
      "best10pct_mean_psnr_delta": 0.18576278686523437,
      "worst10img_mean_psnr_delta": -0.36755714416503904,
      "best10img_mean_psnr_delta": 0.29293289184570315,
      "worst10_mean_psnr_delta": -0.22064584096272785,
      "best10_mean_psnr_delta": 0.18576278686523437,
      "mean_ssim_delta": -1.0776122411092122e-05,
      "positive_ratio": 0.46166666666666667,
      "strong_reference_cut_psnr": 42.755948066711426,
      "strong_reference_count": 150,
      "strong_regression_count_delta_le_-0.05": 38,
      "worst_regression_count_delta_le_-0.20": 30
    },
    {
      "label": "normal",
      "train_depth": "invert",
      "eval_depth": "normal",
      "compare_dir": "/sda/home/wangyuxin/ConvIR-B/repos/ConvIR-B-dta-v3-6-hrcs/experience_docx/experiment_logs/haze4k_dta_v3_6_hrcs_20260613/dta_v3_5_v35_fdf_rcs_l2_fdf_lite_s002_g025_bm2_seed2026_f0_quick5full_fallback_train_normal_compare",
      "common_count": 600,
      "mean_psnr_delta": -0.012602341969807944,
      "median_psnr_delta": -0.00933837890625,
      "p5_psnr_delta": -0.18974838256835938,
      "p95_psnr_delta": 0.1538492202758788,
      "hard_bottom25_psnr_delta": -0.02150843302408854,
      "easy_top25_psnr_delta": 0.010112330118815105,
      "worst10pct_mean_psnr_delta": -0.2182797114054362,
      "best10pct_mean_psnr_delta": 0.1788575808207194,
      "worst10img_mean_psnr_delta": -0.36049766540527345,
      "best10img_mean_psnr_delta": 0.29073448181152345,
      "worst10_mean_psnr_delta": -0.2182797114054362,
      "best10_mean_psnr_delta": 0.1788575808207194,
      "mean_ssim_delta": -7.760326067606608e-06,
      "positive_ratio": 0.47,
      "strong_reference_cut_psnr": 42.755948066711426,
      "strong_reference_count": 150,
      "strong_regression_count_delta_le_-0.05": 36,
      "worst_regression_count_delta_le_-0.20": 26
    }
  ],
  "attribution": {
    "true_label": "true",
    "baseline_label": "zero",
    "common_count": 600,
    "mean_depth_surplus_psnr": 0.06296159744262696,
    "median_depth_surplus_psnr": 0.06908988952636719,
    "positive_surplus_ratio": 0.6966666666666667
  }
}