{
  "runs": [
    {
      "label": "true",
      "train_depth": "invert",
      "eval_depth": "invert",
      "compare_dir": "/sda/home/wangyuxin/ConvIR-B/repos/ConvIR-B-dta-v3-6-hrcs/experience_docx/experiment_logs/haze4k_dta_v3_6_hrcs_20260613/dta_v3_5_v35_fdf_rcs_l3_fdf_lite_s004_g015_bm2_seed2026_f1_quick5full_fallback_train_invert_compare",
      "common_count": 600,
      "mean_psnr_delta": 0.06986777941385905,
      "median_psnr_delta": 0.07593154907226562,
      "p5_psnr_delta": -0.3913320541381836,
      "p95_psnr_delta": 0.5079402923583983,
      "hard_bottom25_psnr_delta": 0.0952926508585612,
      "easy_top25_psnr_delta": 0.047501017252604166,
      "worst10pct_mean_psnr_delta": -0.4663321812947591,
      "best10pct_mean_psnr_delta": 0.5732044855753581,
      "worst10img_mean_psnr_delta": -0.7594341278076172,
      "best10img_mean_psnr_delta": 0.8984066009521484,
      "worst10_mean_psnr_delta": -0.4663321812947591,
      "best10_mean_psnr_delta": 0.5732044855753581,
      "mean_ssim_delta": 2.4026036262512206e-05,
      "positive_ratio": 0.625,
      "strong_reference_cut_psnr": 42.834919929504395,
      "strong_reference_count": 150,
      "strong_regression_count_delta_le_-0.05": 54,
      "worst_regression_count_delta_le_-0.20": 89
    },
    {
      "label": "zero",
      "train_depth": "invert",
      "eval_depth": "zero",
      "compare_dir": "/sda/home/wangyuxin/ConvIR-B/repos/ConvIR-B-dta-v3-6-hrcs/experience_docx/experiment_logs/haze4k_dta_v3_6_hrcs_20260613/dta_v3_5_v35_fdf_rcs_l3_fdf_lite_s004_g015_bm2_seed2026_f1_quick5full_fallback_train_zero_compare",
      "common_count": 600,
      "mean_psnr_delta": 0.007139701843261719,
      "median_psnr_delta": 0.004093170166015625,
      "p5_psnr_delta": -0.2618389129638672,
      "p95_psnr_delta": 0.28844375610351564,
      "hard_bottom25_psnr_delta": 0.009891408284505208,
      "easy_top25_psnr_delta": 0.024577229817708334,
      "worst10pct_mean_psnr_delta": -0.3066692352294922,
      "best10pct_mean_psnr_delta": 0.3331122080485026,
      "worst10img_mean_psnr_delta": -0.5230033874511719,
      "best10img_mean_psnr_delta": 0.5867317199707032,
      "worst10_mean_psnr_delta": -0.3066692352294922,
      "best10_mean_psnr_delta": 0.3331122080485026,
      "mean_ssim_delta": -1.9356111685434978e-05,
      "positive_ratio": 0.5166666666666667,
      "strong_reference_cut_psnr": 42.834919929504395,
      "strong_reference_count": 150,
      "strong_regression_count_delta_le_-0.05": 42,
      "worst_regression_count_delta_le_-0.20": 56
    },
    {
      "label": "shuffle",
      "train_depth": "invert",
      "eval_depth": "shuffle",
      "compare_dir": "/sda/home/wangyuxin/ConvIR-B/repos/ConvIR-B-dta-v3-6-hrcs/experience_docx/experiment_logs/haze4k_dta_v3_6_hrcs_20260613/dta_v3_5_v35_fdf_rcs_l3_fdf_lite_s004_g015_bm2_seed2026_f1_quick5full_fallback_train_shuffle_compare",
      "common_count": 600,
      "mean_psnr_delta": 0.020740753809611004,
      "median_psnr_delta": 0.015439987182617188,
      "p5_psnr_delta": -0.29759960174560546,
      "p95_psnr_delta": 0.36783313751220686,
      "hard_bottom25_psnr_delta": 0.02549571990966797,
      "easy_top25_psnr_delta": 0.03504163106282552,
      "worst10pct_mean_psnr_delta": -0.3566082000732422,
      "best10pct_mean_psnr_delta": 0.3999898910522461,
      "worst10img_mean_psnr_delta": -0.5887142181396484,
      "best10img_mean_psnr_delta": 0.6602134704589844,
      "worst10_mean_psnr_delta": -0.3566082000732422,
      "best10_mean_psnr_delta": 0.3999898910522461,
      "mean_ssim_delta": 1.0750889778137207e-05,
      "positive_ratio": 0.555,
      "strong_reference_cut_psnr": 42.834919929504395,
      "strong_reference_count": 150,
      "strong_regression_count_delta_le_-0.05": 46,
      "worst_regression_count_delta_le_-0.20": 67
    },
    {
      "label": "normal",
      "train_depth": "invert",
      "eval_depth": "normal",
      "compare_dir": "/sda/home/wangyuxin/ConvIR-B/repos/ConvIR-B-dta-v3-6-hrcs/experience_docx/experiment_logs/haze4k_dta_v3_6_hrcs_20260613/dta_v3_5_v35_fdf_rcs_l3_fdf_lite_s004_g015_bm2_seed2026_f1_quick5full_fallback_train_normal_compare",
      "common_count": 600,
      "mean_psnr_delta": 0.01710161844889323,
      "median_psnr_delta": 0.0142974853515625,
      "p5_psnr_delta": -0.2935159683227539,
      "p95_psnr_delta": 0.3270858764648432,
      "hard_bottom25_psnr_delta": 0.01929272969563802,
      "easy_top25_psnr_delta": 0.03807594299316406,
      "worst10pct_mean_psnr_delta": -0.34265054066975914,
      "best10pct_mean_psnr_delta": 0.3872490564982096,
      "worst10img_mean_psnr_delta": -0.6044883728027344,
      "best10img_mean_psnr_delta": 0.667025375366211,
      "worst10_mean_psnr_delta": -0.34265054066975914,
      "best10_mean_psnr_delta": 0.3872490564982096,
      "mean_ssim_delta": 1.6191303730010985e-05,
      "positive_ratio": 0.535,
      "strong_reference_cut_psnr": 42.834919929504395,
      "strong_reference_count": 150,
      "strong_regression_count_delta_le_-0.05": 45,
      "worst_regression_count_delta_le_-0.20": 66
    }
  ],
  "attribution": {
    "true_label": "true",
    "baseline_label": "zero",
    "common_count": 600,
    "mean_depth_surplus_psnr": 0.06272807757059733,
    "median_depth_surplus_psnr": 0.08561325073242188,
    "positive_surplus_ratio": 0.6883333333333334
  }
}