{
  "runs": [
    {
      "label": "true",
      "train_depth": "invert",
      "eval_depth": "invert",
      "compare_dir": "/sda/home/wangyuxin/ConvIR-B/repos/ConvIR-B-dta-v3-6-hrcs/experience_docx/experiment_logs/haze4k_dta_v3_6_hrcs_20260613/dta_v3_5_v35_fdf_rcs_l1_fdf_lite_s004_g025_bm2_seed3411_f3_quick5full_fallback_train_invert_compare",
      "common_count": 600,
      "mean_psnr_delta": 0.05382476488749186,
      "median_psnr_delta": 0.05722808837890625,
      "p5_psnr_delta": -0.32554073333740235,
      "p95_psnr_delta": 0.4319759368896484,
      "hard_bottom25_psnr_delta": 0.038178113301595054,
      "easy_top25_psnr_delta": 0.04576563517252604,
      "worst10pct_mean_psnr_delta": -0.3473531723022461,
      "best10pct_mean_psnr_delta": 0.4552330017089844,
      "worst10img_mean_psnr_delta": -0.5233066558837891,
      "best10img_mean_psnr_delta": 0.6277561187744141,
      "worst10_mean_psnr_delta": -0.3473531723022461,
      "best10_mean_psnr_delta": 0.4552330017089844,
      "mean_ssim_delta": 4.708369572957357e-06,
      "positive_ratio": 0.59,
      "strong_reference_cut_psnr": 42.88805866241455,
      "strong_reference_count": 150,
      "strong_regression_count_delta_le_-0.05": 52,
      "worst_regression_count_delta_le_-0.20": 68
    },
    {
      "label": "zero",
      "train_depth": "invert",
      "eval_depth": "zero",
      "compare_dir": "/sda/home/wangyuxin/ConvIR-B/repos/ConvIR-B-dta-v3-6-hrcs/experience_docx/experiment_logs/haze4k_dta_v3_6_hrcs_20260613/dta_v3_5_v35_fdf_rcs_l1_fdf_lite_s004_g025_bm2_seed3411_f3_quick5full_fallback_train_zero_compare",
      "common_count": 600,
      "mean_psnr_delta": -0.009750019709269206,
      "median_psnr_delta": -0.008329391479492188,
      "p5_psnr_delta": -0.2466341018676758,
      "p95_psnr_delta": 0.22929439544677732,
      "hard_bottom25_psnr_delta": -0.024951642354329426,
      "easy_top25_psnr_delta": 0.0024560546875,
      "worst10pct_mean_psnr_delta": -0.26265350977579754,
      "best10pct_mean_psnr_delta": 0.24835294087727863,
      "worst10img_mean_psnr_delta": -0.38219451904296875,
      "best10img_mean_psnr_delta": 0.4074516296386719,
      "worst10_mean_psnr_delta": -0.26265350977579754,
      "best10_mean_psnr_delta": 0.24835294087727863,
      "mean_ssim_delta": -3.264029820760091e-05,
      "positive_ratio": 0.465,
      "strong_reference_cut_psnr": 42.88805866241455,
      "strong_reference_count": 150,
      "strong_regression_count_delta_le_-0.05": 40,
      "worst_regression_count_delta_le_-0.20": 49
    },
    {
      "label": "shuffle",
      "train_depth": "invert",
      "eval_depth": "shuffle",
      "compare_dir": "/sda/home/wangyuxin/ConvIR-B/repos/ConvIR-B-dta-v3-6-hrcs/experience_docx/experiment_logs/haze4k_dta_v3_6_hrcs_20260613/dta_v3_5_v35_fdf_rcs_l1_fdf_lite_s004_g025_bm2_seed3411_f3_quick5full_fallback_train_shuffle_compare",
      "common_count": 600,
      "mean_psnr_delta": 0.002514362335205078,
      "median_psnr_delta": -0.001316070556640625,
      "p5_psnr_delta": -0.23807125091552733,
      "p95_psnr_delta": 0.2937498092651367,
      "hard_bottom25_psnr_delta": -0.016886571248372395,
      "easy_top25_psnr_delta": 0.014601084391276041,
      "worst10pct_mean_psnr_delta": -0.2669979095458984,
      "best10pct_mean_psnr_delta": 0.29968010584513344,
      "worst10img_mean_psnr_delta": -0.4115406036376953,
      "best10img_mean_psnr_delta": 0.45452041625976564,
      "worst10_mean_psnr_delta": -0.2669979095458984,
      "best10_mean_psnr_delta": 0.29968010584513344,
      "mean_ssim_delta": -1.3625919818878173e-05,
      "positive_ratio": 0.49833333333333335,
      "strong_reference_cut_psnr": 42.88805866241455,
      "strong_reference_count": 150,
      "strong_regression_count_delta_le_-0.05": 49,
      "worst_regression_count_delta_le_-0.20": 46
    },
    {
      "label": "normal",
      "train_depth": "invert",
      "eval_depth": "normal",
      "compare_dir": "/sda/home/wangyuxin/ConvIR-B/repos/ConvIR-B-dta-v3-6-hrcs/experience_docx/experiment_logs/haze4k_dta_v3_6_hrcs_20260613/dta_v3_5_v35_fdf_rcs_l1_fdf_lite_s004_g025_bm2_seed3411_f3_quick5full_fallback_train_normal_compare",
      "common_count": 600,
      "mean_psnr_delta": -0.0039232794443766275,
      "median_psnr_delta": -0.010133743286132812,
      "p5_psnr_delta": -0.24163589477539063,
      "p95_psnr_delta": 0.2746751785278314,
      "hard_bottom25_psnr_delta": -0.02185423533121745,
      "easy_top25_psnr_delta": 0.014160512288411458,
      "worst10pct_mean_psnr_delta": -0.2749288558959961,
      "best10pct_mean_psnr_delta": 0.28731117248535154,
      "worst10img_mean_psnr_delta": -0.4200565338134766,
      "best10img_mean_psnr_delta": 0.4054706573486328,
      "worst10_mean_psnr_delta": -0.2749288558959961,
      "best10_mean_psnr_delta": 0.28731117248535154,
      "mean_ssim_delta": -9.03308391571045e-06,
      "positive_ratio": 0.47333333333333333,
      "strong_reference_cut_psnr": 42.88805866241455,
      "strong_reference_count": 150,
      "strong_regression_count_delta_le_-0.05": 44,
      "worst_regression_count_delta_le_-0.20": 50
    }
  ],
  "attribution": {
    "true_label": "true",
    "baseline_label": "zero",
    "common_count": 600,
    "mean_depth_surplus_psnr": 0.06357478459676107,
    "median_depth_surplus_psnr": 0.07740974426269531,
    "positive_surplus_ratio": 0.675
  }
}