{
  "runs": [
    {
      "label": "true",
      "train_depth": "invert",
      "eval_depth": "invert",
      "compare_dir": "/sda/home/wangyuxin/ConvIR-B/repos/ConvIR-B-dta-v3-6-hrcs/experience_docx/experiment_logs/haze4k_dta_v3_6_hrcs_20260613/dta_v3_5_v35_fdf_rcs_l2_fdf_lite_s002_g025_bm2_seed2026_f3_quick5full_fallback_train_invert_compare",
      "common_count": 600,
      "mean_psnr_delta": 0.0525727113087972,
      "median_psnr_delta": 0.048915863037109375,
      "p5_psnr_delta": -0.2759849548339844,
      "p95_psnr_delta": 0.38025321960449215,
      "hard_bottom25_psnr_delta": 0.05294002532958984,
      "easy_top25_psnr_delta": 0.029498825073242186,
      "worst10pct_mean_psnr_delta": -0.3077450116475423,
      "best10pct_mean_psnr_delta": 0.4005798021952311,
      "worst10img_mean_psnr_delta": -0.4965690612792969,
      "best10img_mean_psnr_delta": 0.5393257141113281,
      "worst10_mean_psnr_delta": -0.3077450116475423,
      "best10_mean_psnr_delta": 0.4005798021952311,
      "mean_ssim_delta": 1.621743043263753e-05,
      "positive_ratio": 0.625,
      "strong_reference_cut_psnr": 42.88805866241455,
      "strong_reference_count": 150,
      "strong_regression_count_delta_le_-0.05": 46,
      "worst_regression_count_delta_le_-0.20": 51
    },
    {
      "label": "zero",
      "train_depth": "invert",
      "eval_depth": "zero",
      "compare_dir": "/sda/home/wangyuxin/ConvIR-B/repos/ConvIR-B-dta-v3-6-hrcs/experience_docx/experiment_logs/haze4k_dta_v3_6_hrcs_20260613/dta_v3_5_v35_fdf_rcs_l2_fdf_lite_s002_g025_bm2_seed2026_f3_quick5full_fallback_train_zero_compare",
      "common_count": 600,
      "mean_psnr_delta": -0.004070421854654948,
      "median_psnr_delta": -0.0042667388916015625,
      "p5_psnr_delta": -0.23747406005859376,
      "p95_psnr_delta": 0.24299335479736328,
      "hard_bottom25_psnr_delta": -0.003351542154947917,
      "easy_top25_psnr_delta": -0.015728251139322916,
      "worst10pct_mean_psnr_delta": -0.2658177693684896,
      "best10pct_mean_psnr_delta": 0.25344940821329753,
      "worst10img_mean_psnr_delta": -0.40149612426757814,
      "best10img_mean_psnr_delta": 0.3817047119140625,
      "worst10_mean_psnr_delta": -0.2658177693684896,
      "best10_mean_psnr_delta": 0.25344940821329753,
      "mean_ssim_delta": -2.8400023778279624e-05,
      "positive_ratio": 0.48333333333333334,
      "strong_reference_cut_psnr": 42.88805866241455,
      "strong_reference_count": 150,
      "strong_regression_count_delta_le_-0.05": 55,
      "worst_regression_count_delta_le_-0.20": 48
    },
    {
      "label": "shuffle",
      "train_depth": "invert",
      "eval_depth": "shuffle",
      "compare_dir": "/sda/home/wangyuxin/ConvIR-B/repos/ConvIR-B-dta-v3-6-hrcs/experience_docx/experiment_logs/haze4k_dta_v3_6_hrcs_20260613/dta_v3_5_v35_fdf_rcs_l2_fdf_lite_s002_g025_bm2_seed2026_f3_quick5full_fallback_train_shuffle_compare",
      "common_count": 600,
      "mean_psnr_delta": 0.010670344034830729,
      "median_psnr_delta": 0.015855789184570312,
      "p5_psnr_delta": -0.2576103210449219,
      "p95_psnr_delta": 0.27298526763916015,
      "hard_bottom25_psnr_delta": 0.007008183797200521,
      "easy_top25_psnr_delta": 0.00037244160970052086,
      "worst10pct_mean_psnr_delta": -0.27344935735066733,
      "best10pct_mean_psnr_delta": 0.2890721638997396,
      "worst10img_mean_psnr_delta": -0.40640716552734374,
      "best10img_mean_psnr_delta": 0.41880111694335936,
      "worst10_mean_psnr_delta": -0.27344935735066733,
      "best10_mean_psnr_delta": 0.2890721638997396,
      "mean_ssim_delta": -3.582338492075602e-06,
      "positive_ratio": 0.5433333333333333,
      "strong_reference_cut_psnr": 42.88805866241455,
      "strong_reference_count": 150,
      "strong_regression_count_delta_le_-0.05": 52,
      "worst_regression_count_delta_le_-0.20": 48
    },
    {
      "label": "normal",
      "train_depth": "invert",
      "eval_depth": "normal",
      "compare_dir": "/sda/home/wangyuxin/ConvIR-B/repos/ConvIR-B-dta-v3-6-hrcs/experience_docx/experiment_logs/haze4k_dta_v3_6_hrcs_20260613/dta_v3_5_v35_fdf_rcs_l2_fdf_lite_s002_g025_bm2_seed2026_f3_quick5full_fallback_train_normal_compare",
      "common_count": 600,
      "mean_psnr_delta": 0.005529788335164388,
      "median_psnr_delta": 0.007663726806640625,
      "p5_psnr_delta": -0.27285327911376955,
      "p95_psnr_delta": 0.2665841102600097,
      "hard_bottom25_psnr_delta": 0.003583513895670573,
      "easy_top25_psnr_delta": -0.0010186004638671874,
      "worst10pct_mean_psnr_delta": -0.2843556722005208,
      "best10pct_mean_psnr_delta": 0.28712313969930015,
      "worst10img_mean_psnr_delta": -0.4214939117431641,
      "best10img_mean_psnr_delta": 0.42955741882324217,
      "worst10_mean_psnr_delta": -0.2843556722005208,
      "best10_mean_psnr_delta": 0.28712313969930015,
      "mean_ssim_delta": 1.7264485359191894e-06,
      "positive_ratio": 0.5283333333333333,
      "strong_reference_cut_psnr": 42.88805866241455,
      "strong_reference_count": 150,
      "strong_regression_count_delta_le_-0.05": 58,
      "worst_regression_count_delta_le_-0.20": 53
    }
  ],
  "attribution": {
    "true_label": "true",
    "baseline_label": "zero",
    "common_count": 600,
    "mean_depth_surplus_psnr": 0.056643133163452146,
    "median_depth_surplus_psnr": 0.07331275939941406,
    "positive_surplus_ratio": 0.69
  }
}