{
  "runs": [
    {
      "label": "true",
      "train_depth": "invert",
      "eval_depth": "invert",
      "compare_dir": "/sda/home/wangyuxin/ConvIR-B/repos/ConvIR-B-dta-v3-6-hrcs/experience_docx/experiment_logs/haze4k_dta_v3_6_hrcs_20260613/dta_v3_5_v35_fdf_rcs_l3_fdf_lite_s004_g015_bm2_seed3411_f1_quick5full_fallback_train_invert_compare",
      "common_count": 600,
      "mean_psnr_delta": 0.05495352745056152,
      "median_psnr_delta": 0.06092262268066406,
      "p5_psnr_delta": -0.3087493896484375,
      "p95_psnr_delta": 0.3993589401245117,
      "hard_bottom25_psnr_delta": 0.09066303253173828,
      "easy_top25_psnr_delta": 0.03217315673828125,
      "worst10pct_mean_psnr_delta": -0.352732785542806,
      "best10pct_mean_psnr_delta": 0.4415126800537109,
      "worst10img_mean_psnr_delta": -0.5996200561523437,
      "best10img_mean_psnr_delta": 0.6445159912109375,
      "worst10_mean_psnr_delta": -0.352732785542806,
      "best10_mean_psnr_delta": 0.4415126800537109,
      "mean_ssim_delta": 3.046979506810506e-05,
      "positive_ratio": 0.6233333333333333,
      "strong_reference_cut_psnr": 42.834919929504395,
      "strong_reference_count": 150,
      "strong_regression_count_delta_le_-0.05": 49,
      "worst_regression_count_delta_le_-0.20": 61
    },
    {
      "label": "zero",
      "train_depth": "invert",
      "eval_depth": "zero",
      "compare_dir": "/sda/home/wangyuxin/ConvIR-B/repos/ConvIR-B-dta-v3-6-hrcs/experience_docx/experiment_logs/haze4k_dta_v3_6_hrcs_20260613/dta_v3_5_v35_fdf_rcs_l3_fdf_lite_s004_g015_bm2_seed3411_f1_quick5full_fallback_train_zero_compare",
      "common_count": 600,
      "mean_psnr_delta": 0.008032967249552408,
      "median_psnr_delta": 0.009084701538085938,
      "p5_psnr_delta": -0.21004562377929686,
      "p95_psnr_delta": 0.24119110107421868,
      "hard_bottom25_psnr_delta": 0.03245243072509765,
      "easy_top25_psnr_delta": 0.005695215861002604,
      "worst10pct_mean_psnr_delta": -0.26841983795166013,
      "best10pct_mean_psnr_delta": 0.27785828908284504,
      "worst10img_mean_psnr_delta": -0.5311580657958984,
      "best10img_mean_psnr_delta": 0.47077217102050783,
      "worst10_mean_psnr_delta": -0.26841983795166013,
      "best10_mean_psnr_delta": 0.27785828908284504,
      "mean_ssim_delta": 3.937880198160807e-06,
      "positive_ratio": 0.525,
      "strong_reference_cut_psnr": 42.834919929504395,
      "strong_reference_count": 150,
      "strong_regression_count_delta_le_-0.05": 43,
      "worst_regression_count_delta_le_-0.20": 37
    },
    {
      "label": "shuffle",
      "train_depth": "invert",
      "eval_depth": "shuffle",
      "compare_dir": "/sda/home/wangyuxin/ConvIR-B/repos/ConvIR-B-dta-v3-6-hrcs/experience_docx/experiment_logs/haze4k_dta_v3_6_hrcs_20260613/dta_v3_5_v35_fdf_rcs_l3_fdf_lite_s004_g015_bm2_seed3411_f1_quick5full_fallback_train_shuffle_compare",
      "common_count": 600,
      "mean_psnr_delta": 0.01715982755025228,
      "median_psnr_delta": 0.014966964721679688,
      "p5_psnr_delta": -0.25395793914794923,
      "p95_psnr_delta": 0.2819988250732421,
      "hard_bottom25_psnr_delta": 0.042434221903483074,
      "easy_top25_psnr_delta": 0.013964513142903645,
      "worst10pct_mean_psnr_delta": -0.30032478968302406,
      "best10pct_mean_psnr_delta": 0.31669546763102213,
      "worst10img_mean_psnr_delta": -0.5567440032958985,
      "best10img_mean_psnr_delta": 0.5086578369140625,
      "worst10_mean_psnr_delta": -0.30032478968302406,
      "best10_mean_psnr_delta": 0.31669546763102213,
      "mean_ssim_delta": 2.0624399185180663e-05,
      "positive_ratio": 0.5533333333333333,
      "strong_reference_cut_psnr": 42.834919929504395,
      "strong_reference_count": 150,
      "strong_regression_count_delta_le_-0.05": 43,
      "worst_regression_count_delta_le_-0.20": 50
    },
    {
      "label": "normal",
      "train_depth": "invert",
      "eval_depth": "normal",
      "compare_dir": "/sda/home/wangyuxin/ConvIR-B/repos/ConvIR-B-dta-v3-6-hrcs/experience_docx/experiment_logs/haze4k_dta_v3_6_hrcs_20260613/dta_v3_5_v35_fdf_rcs_l3_fdf_lite_s004_g015_bm2_seed3411_f1_quick5full_fallback_train_normal_compare",
      "common_count": 600,
      "mean_psnr_delta": 0.014313497543334962,
      "median_psnr_delta": 0.017213821411132812,
      "p5_psnr_delta": -0.25669078826904296,
      "p95_psnr_delta": 0.27909336090087883,
      "hard_bottom25_psnr_delta": 0.037948137919108074,
      "easy_top25_psnr_delta": 0.01565638224283854,
      "worst10pct_mean_psnr_delta": -0.2972256342569987,
      "best10pct_mean_psnr_delta": 0.31131254831949867,
      "worst10img_mean_psnr_delta": -0.546759033203125,
      "best10img_mean_psnr_delta": 0.49745330810546873,
      "worst10_mean_psnr_delta": -0.2972256342569987,
      "best10_mean_psnr_delta": 0.31131254831949867,
      "mean_ssim_delta": 2.3900866508483887e-05,
      "positive_ratio": 0.5466666666666666,
      "strong_reference_cut_psnr": 42.834919929504395,
      "strong_reference_count": 150,
      "strong_regression_count_delta_le_-0.05": 44,
      "worst_regression_count_delta_le_-0.20": 47
    }
  ],
  "attribution": {
    "true_label": "true",
    "baseline_label": "zero",
    "common_count": 600,
    "mean_depth_surplus_psnr": 0.04692056020100911,
    "median_depth_surplus_psnr": 0.06392860412597656,
    "positive_surplus_ratio": 0.6916666666666667
  }
}