{
  "runs": [
    {
      "label": "true",
      "train_depth": "invert",
      "eval_depth": "invert",
      "compare_dir": "/sda/home/wangyuxin/ConvIR-B/repos/ConvIR-B-dta-v3-6-hrcs/experience_docx/experiment_logs/haze4k_dta_v3_6_hrcs_20260613/dta_v3_5_v35_fdf_rcs_l3_fdf_lite_s004_g015_bm2_seed3407_f0_quick5full_fallback_train_invert_compare",
      "common_count": 600,
      "mean_psnr_delta": 0.05367497126261393,
      "median_psnr_delta": 0.05224609375,
      "p5_psnr_delta": -0.36250953674316405,
      "p95_psnr_delta": 0.4397197723388666,
      "hard_bottom25_psnr_delta": 0.053005345662434894,
      "easy_top25_psnr_delta": 0.03561467488606771,
      "worst10pct_mean_psnr_delta": -0.4001299540201823,
      "best10pct_mean_psnr_delta": 0.4853975296020508,
      "worst10img_mean_psnr_delta": -0.642788314819336,
      "best10img_mean_psnr_delta": 0.7397838592529297,
      "worst10_mean_psnr_delta": -0.4001299540201823,
      "best10_mean_psnr_delta": 0.4853975296020508,
      "mean_ssim_delta": 1.6002158323923748e-05,
      "positive_ratio": 0.6183333333333333,
      "strong_reference_cut_psnr": 42.755948066711426,
      "strong_reference_count": 150,
      "strong_regression_count_delta_le_-0.05": 47,
      "worst_regression_count_delta_le_-0.20": 81
    },
    {
      "label": "zero",
      "train_depth": "invert",
      "eval_depth": "zero",
      "compare_dir": "/sda/home/wangyuxin/ConvIR-B/repos/ConvIR-B-dta-v3-6-hrcs/experience_docx/experiment_logs/haze4k_dta_v3_6_hrcs_20260613/dta_v3_5_v35_fdf_rcs_l3_fdf_lite_s004_g015_bm2_seed3407_f0_quick5full_fallback_train_zero_compare",
      "common_count": 600,
      "mean_psnr_delta": -0.01363202730814616,
      "median_psnr_delta": -0.011951446533203125,
      "p5_psnr_delta": -0.29265365600585935,
      "p95_psnr_delta": 0.25680580139160136,
      "hard_bottom25_psnr_delta": -0.010972073872884115,
      "easy_top25_psnr_delta": -0.03284820556640625,
      "worst10pct_mean_psnr_delta": -0.32155291239420575,
      "best10pct_mean_psnr_delta": 0.29321619669596355,
      "worst10img_mean_psnr_delta": -0.5197330474853515,
      "best10img_mean_psnr_delta": 0.5055850982666016,
      "worst10_mean_psnr_delta": -0.32155291239420575,
      "best10_mean_psnr_delta": 0.29321619669596355,
      "mean_ssim_delta": -3.443052371342977e-05,
      "positive_ratio": 0.4483333333333333,
      "strong_reference_cut_psnr": 42.755948066711426,
      "strong_reference_count": 150,
      "strong_regression_count_delta_le_-0.05": 61,
      "worst_regression_count_delta_le_-0.20": 53
    },
    {
      "label": "shuffle",
      "train_depth": "invert",
      "eval_depth": "shuffle",
      "compare_dir": "/sda/home/wangyuxin/ConvIR-B/repos/ConvIR-B-dta-v3-6-hrcs/experience_docx/experiment_logs/haze4k_dta_v3_6_hrcs_20260613/dta_v3_5_v35_fdf_rcs_l3_fdf_lite_s004_g015_bm2_seed3407_f0_quick5full_fallback_train_shuffle_compare",
      "common_count": 600,
      "mean_psnr_delta": 0.0022944482167561848,
      "median_psnr_delta": -0.0009326934814453125,
      "p5_psnr_delta": -0.2985891342163086,
      "p95_psnr_delta": 0.3075817108154297,
      "hard_bottom25_psnr_delta": -0.00501349131266276,
      "easy_top25_psnr_delta": -0.001623077392578125,
      "worst10pct_mean_psnr_delta": -0.33129965464274086,
      "best10pct_mean_psnr_delta": 0.34123992919921875,
      "worst10img_mean_psnr_delta": -0.5343208312988281,
      "best10img_mean_psnr_delta": 0.5768482208251953,
      "worst10_mean_psnr_delta": -0.33129965464274086,
      "best10_mean_psnr_delta": 0.34123992919921875,
      "mean_ssim_delta": -5.242923895517985e-06,
      "positive_ratio": 0.49833333333333335,
      "strong_reference_cut_psnr": 42.755948066711426,
      "strong_reference_count": 150,
      "strong_regression_count_delta_le_-0.05": 45,
      "worst_regression_count_delta_le_-0.20": 70
    },
    {
      "label": "normal",
      "train_depth": "invert",
      "eval_depth": "normal",
      "compare_dir": "/sda/home/wangyuxin/ConvIR-B/repos/ConvIR-B-dta-v3-6-hrcs/experience_docx/experiment_logs/haze4k_dta_v3_6_hrcs_20260613/dta_v3_5_v35_fdf_rcs_l3_fdf_lite_s004_g015_bm2_seed3407_f0_quick5full_fallback_train_normal_compare",
      "common_count": 600,
      "mean_psnr_delta": -0.0008299477895100911,
      "median_psnr_delta": -0.0017490386962890625,
      "p5_psnr_delta": -0.30852737426757815,
      "p95_psnr_delta": 0.31079902648925734,
      "hard_bottom25_psnr_delta": -0.01137915293375651,
      "easy_top25_psnr_delta": -0.003564325968424479,
      "worst10pct_mean_psnr_delta": -0.33495235443115234,
      "best10pct_mean_psnr_delta": 0.3438663164774577,
      "worst10img_mean_psnr_delta": -0.5229248046875,
      "best10img_mean_psnr_delta": 0.5441425323486329,
      "worst10_mean_psnr_delta": -0.33495235443115234,
      "best10_mean_psnr_delta": 0.3438663164774577,
      "mean_ssim_delta": -2.810359001159668e-06,
      "positive_ratio": 0.49166666666666664,
      "strong_reference_cut_psnr": 42.755948066711426,
      "strong_reference_count": 150,
      "strong_regression_count_delta_le_-0.05": 48,
      "worst_regression_count_delta_le_-0.20": 68
    }
  ],
  "attribution": {
    "true_label": "true",
    "baseline_label": "zero",
    "common_count": 600,
    "mean_depth_surplus_psnr": 0.06730699857076008,
    "median_depth_surplus_psnr": 0.07389354705810547,
    "positive_surplus_ratio": 0.6916666666666667
  }
}