{
  "runs": [
    {
      "label": "true",
      "train_depth": "invert",
      "eval_depth": "invert",
      "compare_dir": "/sda/home/wangyuxin/ConvIR-B/repos/ConvIR-B-dta-v3-6-hrcs/experience_docx/experiment_logs/haze4k_dta_v3_6_hrcs_20260613/dta_v3_5_v35_fdf_rcs_l2_fdf_lite_s002_g025_bm2_seed2026_f2_quick5full_fallback_train_invert_compare",
      "common_count": 600,
      "mean_psnr_delta": 0.046984225908915205,
      "median_psnr_delta": 0.0717315673828125,
      "p5_psnr_delta": -0.261381721496582,
      "p95_psnr_delta": 0.3962230682373044,
      "hard_bottom25_psnr_delta": -0.06668442408243815,
      "easy_top25_psnr_delta": 0.08717313130696615,
      "worst10pct_mean_psnr_delta": -0.553795353571574,
      "best10pct_mean_psnr_delta": 0.43283268610636394,
      "worst10img_mean_psnr_delta": -2.0927756309509276,
      "best10img_mean_psnr_delta": 0.6407524108886719,
      "worst10_mean_psnr_delta": -0.553795353571574,
      "best10_mean_psnr_delta": 0.43283268610636394,
      "mean_ssim_delta": -0.00043333897988001504,
      "positive_ratio": 0.66,
      "strong_reference_cut_psnr": 42.41839599609375,
      "strong_reference_count": 150,
      "strong_regression_count_delta_le_-0.05": 43,
      "worst_regression_count_delta_le_-0.20": 48
    },
    {
      "label": "zero",
      "train_depth": "invert",
      "eval_depth": "zero",
      "compare_dir": "/sda/home/wangyuxin/ConvIR-B/repos/ConvIR-B-dta-v3-6-hrcs/experience_docx/experiment_logs/haze4k_dta_v3_6_hrcs_20260613/dta_v3_5_v35_fdf_rcs_l2_fdf_lite_s002_g025_bm2_seed2026_f2_quick5full_fallback_train_zero_compare",
      "common_count": 600,
      "mean_psnr_delta": -0.008276395797729492,
      "median_psnr_delta": 0.021747589111328125,
      "p5_psnr_delta": -0.17927951812744142,
      "p95_psnr_delta": 0.21342144012451167,
      "hard_bottom25_psnr_delta": -0.12176497141520182,
      "easy_top25_psnr_delta": 0.04226287841796875,
      "worst10pct_mean_psnr_delta": -0.4931825002034505,
      "best10pct_mean_psnr_delta": 0.24796298344930012,
      "worst10img_mean_psnr_delta": -2.0253562927246094,
      "best10img_mean_psnr_delta": 0.39391098022460935,
      "worst10_mean_psnr_delta": -0.4931825002034505,
      "best10_mean_psnr_delta": 0.24796298344930012,
      "mean_ssim_delta": -0.000473236342271169,
      "positive_ratio": 0.575,
      "strong_reference_cut_psnr": 42.41839599609375,
      "strong_reference_count": 150,
      "strong_regression_count_delta_le_-0.05": 33,
      "worst_regression_count_delta_le_-0.20": 26
    },
    {
      "label": "shuffle",
      "train_depth": "invert",
      "eval_depth": "shuffle",
      "compare_dir": "/sda/home/wangyuxin/ConvIR-B/repos/ConvIR-B-dta-v3-6-hrcs/experience_docx/experiment_logs/haze4k_dta_v3_6_hrcs_20260613/dta_v3_5_v35_fdf_rcs_l2_fdf_lite_s002_g025_bm2_seed2026_f2_quick5full_fallback_train_shuffle_compare",
      "common_count": 600,
      "mean_psnr_delta": 0.0017940918604532877,
      "median_psnr_delta": 0.026251792907714844,
      "p5_psnr_delta": -0.2009971618652344,
      "p95_psnr_delta": 0.26885356903076163,
      "hard_bottom25_psnr_delta": -0.11119905471801758,
      "easy_top25_psnr_delta": 0.05221117655436198,
      "worst10pct_mean_psnr_delta": -0.5150495052337647,
      "best10pct_mean_psnr_delta": 0.2951319376627604,
      "worst10img_mean_psnr_delta": -2.0204764366149903,
      "best10img_mean_psnr_delta": 0.45576934814453124,
      "worst10_mean_psnr_delta": -0.5150495052337647,
      "best10_mean_psnr_delta": 0.2951319376627604,
      "mean_ssim_delta": -0.00044624318679173787,
      "positive_ratio": 0.6066666666666667,
      "strong_reference_cut_psnr": 42.41839599609375,
      "strong_reference_count": 150,
      "strong_regression_count_delta_le_-0.05": 41,
      "worst_regression_count_delta_le_-0.20": 32
    },
    {
      "label": "normal",
      "train_depth": "invert",
      "eval_depth": "normal",
      "compare_dir": "/sda/home/wangyuxin/ConvIR-B/repos/ConvIR-B-dta-v3-6-hrcs/experience_docx/experiment_logs/haze4k_dta_v3_6_hrcs_20260613/dta_v3_5_v35_fdf_rcs_l2_fdf_lite_s002_g025_bm2_seed2026_f2_quick5full_fallback_train_normal_compare",
      "common_count": 600,
      "mean_psnr_delta": -0.0005209112167358399,
      "median_psnr_delta": 0.023065567016601562,
      "p5_psnr_delta": -0.21289463043212892,
      "p95_psnr_delta": 0.2627557754516601,
      "hard_bottom25_psnr_delta": -0.11731374740600586,
      "easy_top25_psnr_delta": 0.055057347615559894,
      "worst10pct_mean_psnr_delta": -0.516310453414917,
      "best10pct_mean_psnr_delta": 0.2972179730733236,
      "worst10img_mean_psnr_delta": -2.0207777976989747,
      "best10img_mean_psnr_delta": 0.4651313781738281,
      "worst10_mean_psnr_delta": -0.516310453414917,
      "best10_mean_psnr_delta": 0.2972179730733236,
      "mean_ssim_delta": -0.00044104387362798057,
      "positive_ratio": 0.5866666666666667,
      "strong_reference_cut_psnr": 42.41839599609375,
      "strong_reference_count": 150,
      "strong_regression_count_delta_le_-0.05": 42,
      "worst_regression_count_delta_le_-0.20": 36
    }
  ],
  "attribution": {
    "true_label": "true",
    "baseline_label": "zero",
    "common_count": 600,
    "mean_depth_surplus_psnr": 0.0552606217066447,
    "median_depth_surplus_psnr": 0.07144355773925781,
    "positive_surplus_ratio": 0.7116666666666667
  }
}