{
  "runs": [
    {
      "label": "true",
      "train_depth": "invert",
      "eval_depth": "invert",
      "compare_dir": "/sda/home/wangyuxin/ConvIR-B/repos/ConvIR-B-dta-v3-6-hrcs/experience_docx/experiment_logs/haze4k_dta_v3_6_hrcs_20260613/dta_v3_5_v35_fdf_rcs_l2_fdf_lite_s002_g025_bm2_seed3407_f4_quick5full_fallback_train_invert_compare",
      "common_count": 600,
      "mean_psnr_delta": 0.059655338923136396,
      "median_psnr_delta": 0.05979156494140625,
      "p5_psnr_delta": -0.22272014617919922,
      "p95_psnr_delta": 0.31766357421874974,
      "hard_bottom25_psnr_delta": 0.05905811309814453,
      "easy_top25_psnr_delta": 0.058206151326497396,
      "worst10pct_mean_psnr_delta": -0.2330725351969401,
      "best10pct_mean_psnr_delta": 0.340180492401123,
      "worst10img_mean_psnr_delta": -0.3649303436279297,
      "best10img_mean_psnr_delta": 0.4476978302001953,
      "worst10_mean_psnr_delta": -0.2330725351969401,
      "best10_mean_psnr_delta": 0.340180492401123,
      "mean_ssim_delta": 1.3592044512430827e-05,
      "positive_ratio": 0.675,
      "strong_reference_cut_psnr": 42.82054328918457,
      "strong_reference_count": 150,
      "strong_regression_count_delta_le_-0.05": 36,
      "worst_regression_count_delta_le_-0.20": 35
    },
    {
      "label": "zero",
      "train_depth": "invert",
      "eval_depth": "zero",
      "compare_dir": "/sda/home/wangyuxin/ConvIR-B/repos/ConvIR-B-dta-v3-6-hrcs/experience_docx/experiment_logs/haze4k_dta_v3_6_hrcs_20260613/dta_v3_5_v35_fdf_rcs_l2_fdf_lite_s002_g025_bm2_seed3407_f4_quick5full_fallback_train_zero_compare",
      "common_count": 600,
      "mean_psnr_delta": -0.010163625081380209,
      "median_psnr_delta": -0.009695053100585938,
      "p5_psnr_delta": -0.2099285125732422,
      "p95_psnr_delta": 0.17989673614501947,
      "hard_bottom25_psnr_delta": 0.001516443888346354,
      "easy_top25_psnr_delta": -0.013897806803385416,
      "worst10pct_mean_psnr_delta": -0.2297819455464681,
      "best10pct_mean_psnr_delta": 0.19589179356892902,
      "worst10img_mean_psnr_delta": -0.3370491027832031,
      "best10img_mean_psnr_delta": 0.30547103881835935,
      "worst10_mean_psnr_delta": -0.2297819455464681,
      "best10_mean_psnr_delta": 0.19589179356892902,
      "mean_ssim_delta": -2.8210580348968507e-05,
      "positive_ratio": 0.46,
      "strong_reference_cut_psnr": 42.82054328918457,
      "strong_reference_count": 150,
      "strong_regression_count_delta_le_-0.05": 43,
      "worst_regression_count_delta_le_-0.20": 39
    },
    {
      "label": "shuffle",
      "train_depth": "invert",
      "eval_depth": "shuffle",
      "compare_dir": "/sda/home/wangyuxin/ConvIR-B/repos/ConvIR-B-dta-v3-6-hrcs/experience_docx/experiment_logs/haze4k_dta_v3_6_hrcs_20260613/dta_v3_5_v35_fdf_rcs_l2_fdf_lite_s002_g025_bm2_seed3407_f4_quick5full_fallback_train_shuffle_compare",
      "common_count": 600,
      "mean_psnr_delta": 0.010779110590616862,
      "median_psnr_delta": 0.0053272247314453125,
      "p5_psnr_delta": -0.19843368530273436,
      "p95_psnr_delta": 0.21949005126953117,
      "hard_bottom25_psnr_delta": 0.01593957265218099,
      "easy_top25_psnr_delta": 0.01222503662109375,
      "worst10pct_mean_psnr_delta": -0.20839818318684897,
      "best10pct_mean_psnr_delta": 0.226849365234375,
      "worst10img_mean_psnr_delta": -0.30531768798828124,
      "best10img_mean_psnr_delta": 0.3239727020263672,
      "worst10_mean_psnr_delta": -0.20839818318684897,
      "best10_mean_psnr_delta": 0.226849365234375,
      "mean_ssim_delta": -2.0333131154378257e-06,
      "positive_ratio": 0.535,
      "strong_reference_cut_psnr": 42.82054328918457,
      "strong_reference_count": 150,
      "strong_regression_count_delta_le_-0.05": 34,
      "worst_regression_count_delta_le_-0.20": 28
    },
    {
      "label": "normal",
      "train_depth": "invert",
      "eval_depth": "normal",
      "compare_dir": "/sda/home/wangyuxin/ConvIR-B/repos/ConvIR-B-dta-v3-6-hrcs/experience_docx/experiment_logs/haze4k_dta_v3_6_hrcs_20260613/dta_v3_5_v35_fdf_rcs_l2_fdf_lite_s002_g025_bm2_seed3407_f4_quick5full_fallback_train_normal_compare",
      "common_count": 600,
      "mean_psnr_delta": 0.0045792992909749345,
      "median_psnr_delta": 0.0043849945068359375,
      "p5_psnr_delta": -0.19617557525634766,
      "p95_psnr_delta": 0.19683742523193332,
      "hard_bottom25_psnr_delta": 0.005924797058105469,
      "easy_top25_psnr_delta": 0.009710642496744791,
      "worst10pct_mean_psnr_delta": -0.21413777669270834,
      "best10pct_mean_psnr_delta": 0.21855106353759765,
      "worst10img_mean_psnr_delta": -0.31080474853515627,
      "best10img_mean_psnr_delta": 0.313623046875,
      "worst10_mean_psnr_delta": -0.21413777669270834,
      "best10_mean_psnr_delta": 0.21855106353759765,
      "mean_ssim_delta": -2.625584602355957e-07,
      "positive_ratio": 0.5166666666666667,
      "strong_reference_cut_psnr": 42.82054328918457,
      "strong_reference_count": 150,
      "strong_regression_count_delta_le_-0.05": 36,
      "worst_regression_count_delta_le_-0.20": 29
    }
  ],
  "attribution": {
    "true_label": "true",
    "baseline_label": "zero",
    "common_count": 600,
    "mean_depth_surplus_psnr": 0.0698189640045166,
    "median_depth_surplus_psnr": 0.07884788513183594,
    "positive_surplus_ratio": 0.72
  }
}