{
  "runs": [
    {
      "label": "true",
      "train_depth": "invert",
      "eval_depth": "invert",
      "compare_dir": "/sda/home/wangyuxin/ConvIR-B/repos/ConvIR-B-dta-v3-6-hrcs/experience_docx/experiment_logs/haze4k_dta_v3_6_hrcs_20260613/dta_v3_5_v35_fdf_rcs_l3_fdf_lite_s004_g015_bm2_seed3411_f3_quick5full_fallback_train_invert_compare",
      "common_count": 600,
      "mean_psnr_delta": 0.04728337287902832,
      "median_psnr_delta": 0.04668426513671875,
      "p5_psnr_delta": -0.2898397445678711,
      "p95_psnr_delta": 0.37910823822021467,
      "hard_bottom25_psnr_delta": 0.03999823252360026,
      "easy_top25_psnr_delta": 0.04073234558105469,
      "worst10pct_mean_psnr_delta": -0.3000989596048991,
      "best10pct_mean_psnr_delta": 0.4006652514139811,
      "worst10img_mean_psnr_delta": -0.4442298889160156,
      "best10img_mean_psnr_delta": 0.5489738464355469,
      "worst10_mean_psnr_delta": -0.3000989596048991,
      "best10_mean_psnr_delta": 0.4006652514139811,
      "mean_ssim_delta": 7.122457027435303e-06,
      "positive_ratio": 0.585,
      "strong_reference_cut_psnr": 42.88805866241455,
      "strong_reference_count": 150,
      "strong_regression_count_delta_le_-0.05": 50,
      "worst_regression_count_delta_le_-0.20": 58
    },
    {
      "label": "zero",
      "train_depth": "invert",
      "eval_depth": "zero",
      "compare_dir": "/sda/home/wangyuxin/ConvIR-B/repos/ConvIR-B-dta-v3-6-hrcs/experience_docx/experiment_logs/haze4k_dta_v3_6_hrcs_20260613/dta_v3_5_v35_fdf_rcs_l3_fdf_lite_s004_g015_bm2_seed3411_f3_quick5full_fallback_train_zero_compare",
      "common_count": 600,
      "mean_psnr_delta": -0.00443365732828776,
      "median_psnr_delta": -0.0016002655029296875,
      "p5_psnr_delta": -0.24103155136108398,
      "p95_psnr_delta": 0.22774906158447256,
      "hard_bottom25_psnr_delta": -0.012717310587565105,
      "easy_top25_psnr_delta": 0.004176254272460937,
      "worst10pct_mean_psnr_delta": -0.24662342071533203,
      "best10pct_mean_psnr_delta": 0.2500705083211263,
      "worst10img_mean_psnr_delta": -0.3574348449707031,
      "best10img_mean_psnr_delta": 0.39711532592773435,
      "worst10_mean_psnr_delta": -0.24662342071533203,
      "best10_mean_psnr_delta": 0.2500705083211263,
      "mean_ssim_delta": -2.4299522240956625e-05,
      "positive_ratio": 0.49,
      "strong_reference_cut_psnr": 42.88805866241455,
      "strong_reference_count": 150,
      "strong_regression_count_delta_le_-0.05": 41,
      "worst_regression_count_delta_le_-0.20": 41
    },
    {
      "label": "shuffle",
      "train_depth": "invert",
      "eval_depth": "shuffle",
      "compare_dir": "/sda/home/wangyuxin/ConvIR-B/repos/ConvIR-B-dta-v3-6-hrcs/experience_docx/experiment_logs/haze4k_dta_v3_6_hrcs_20260613/dta_v3_5_v35_fdf_rcs_l3_fdf_lite_s004_g015_bm2_seed3411_f3_quick5full_fallback_train_shuffle_compare",
      "common_count": 600,
      "mean_psnr_delta": 0.006623760859171549,
      "median_psnr_delta": 0.005863189697265625,
      "p5_psnr_delta": -0.21634578704833984,
      "p95_psnr_delta": 0.27483425140380857,
      "hard_bottom25_psnr_delta": -0.004969317118326823,
      "easy_top25_psnr_delta": 0.01527697245279948,
      "worst10pct_mean_psnr_delta": -0.24963998794555664,
      "best10pct_mean_psnr_delta": 0.2904711405436198,
      "worst10img_mean_psnr_delta": -0.38393096923828124,
      "best10img_mean_psnr_delta": 0.43494415283203125,
      "worst10_mean_psnr_delta": -0.24963998794555664,
      "best10_mean_psnr_delta": 0.2904711405436198,
      "mean_ssim_delta": -8.049805959065756e-06,
      "positive_ratio": 0.5183333333333333,
      "strong_reference_cut_psnr": 42.88805866241455,
      "strong_reference_count": 150,
      "strong_regression_count_delta_le_-0.05": 44,
      "worst_regression_count_delta_le_-0.20": 40
    },
    {
      "label": "normal",
      "train_depth": "invert",
      "eval_depth": "normal",
      "compare_dir": "/sda/home/wangyuxin/ConvIR-B/repos/ConvIR-B-dta-v3-6-hrcs/experience_docx/experiment_logs/haze4k_dta_v3_6_hrcs_20260613/dta_v3_5_v35_fdf_rcs_l3_fdf_lite_s004_g015_bm2_seed3411_f3_quick5full_fallback_train_normal_compare",
      "common_count": 600,
      "mean_psnr_delta": 0.0016447099049886067,
      "median_psnr_delta": -0.0024080276489257812,
      "p5_psnr_delta": -0.2245563507080078,
      "p95_psnr_delta": 0.2742305755615234,
      "hard_bottom25_psnr_delta": -0.008739967346191407,
      "easy_top25_psnr_delta": 0.014473800659179687,
      "worst10pct_mean_psnr_delta": -0.25613943735758465,
      "best10pct_mean_psnr_delta": 0.2812299092610677,
      "worst10img_mean_psnr_delta": -0.39151535034179685,
      "best10img_mean_psnr_delta": 0.3997032165527344,
      "worst10_mean_psnr_delta": -0.25613943735758465,
      "best10_mean_psnr_delta": 0.2812299092610677,
      "mean_ssim_delta": -4.0967265764872235e-06,
      "positive_ratio": 0.49,
      "strong_reference_cut_psnr": 42.88805866241455,
      "strong_reference_count": 150,
      "strong_regression_count_delta_le_-0.05": 42,
      "worst_regression_count_delta_le_-0.20": 44
    }
  ],
  "attribution": {
    "true_label": "true",
    "baseline_label": "zero",
    "common_count": 600,
    "mean_depth_surplus_psnr": 0.05171703020731608,
    "median_depth_surplus_psnr": 0.06573486328125,
    "positive_surplus_ratio": 0.6783333333333333
  }
}