{
  "runs": [
    {
      "label": "true",
      "train_depth": "invert",
      "eval_depth": "invert",
      "compare_dir": "/sda/home/wangyuxin/ConvIR-B/repos/ConvIR-B-dta-v3-6-hrcs/experience_docx/experiment_logs/haze4k_dta_v3_6_hrcs_20260613/dta_v3_5_v35_fdf_rcs_l1_fdf_lite_s004_g025_bm2_seed2026_f3_quick5full_fallback_train_invert_compare",
      "common_count": 600,
      "mean_psnr_delta": 0.07367980321248373,
      "median_psnr_delta": 0.06748390197753906,
      "p5_psnr_delta": -0.3551309585571289,
      "p95_psnr_delta": 0.500531768798828,
      "hard_bottom25_psnr_delta": 0.06573328653971354,
      "easy_top25_psnr_delta": 0.039339447021484376,
      "worst10pct_mean_psnr_delta": -0.40905173619588214,
      "best10pct_mean_psnr_delta": 0.5386608441670736,
      "worst10img_mean_psnr_delta": -0.7076038360595703,
      "best10img_mean_psnr_delta": 0.7315635681152344,
      "worst10_mean_psnr_delta": -0.40905173619588214,
      "best10_mean_psnr_delta": 0.5386608441670736,
      "mean_ssim_delta": 1.4983713626861572e-05,
      "positive_ratio": 0.6266666666666667,
      "strong_reference_cut_psnr": 42.88805866241455,
      "strong_reference_count": 150,
      "strong_regression_count_delta_le_-0.05": 52,
      "worst_regression_count_delta_le_-0.20": 73
    },
    {
      "label": "zero",
      "train_depth": "invert",
      "eval_depth": "zero",
      "compare_dir": "/sda/home/wangyuxin/ConvIR-B/repos/ConvIR-B-dta-v3-6-hrcs/experience_docx/experiment_logs/haze4k_dta_v3_6_hrcs_20260613/dta_v3_5_v35_fdf_rcs_l1_fdf_lite_s004_g025_bm2_seed2026_f3_quick5full_fallback_train_zero_compare",
      "common_count": 600,
      "mean_psnr_delta": -0.010791848500569662,
      "median_psnr_delta": -0.008832931518554688,
      "p5_psnr_delta": -0.2664934158325195,
      "p95_psnr_delta": 0.25260639190673817,
      "hard_bottom25_psnr_delta": -0.01929791768391927,
      "easy_top25_psnr_delta": -0.020193456013997396,
      "worst10pct_mean_psnr_delta": -0.29285701115926105,
      "best10pct_mean_psnr_delta": 0.26693633397420247,
      "worst10img_mean_psnr_delta": -0.43998374938964846,
      "best10img_mean_psnr_delta": 0.4145317077636719,
      "worst10_mean_psnr_delta": -0.29285701115926105,
      "best10_mean_psnr_delta": 0.26693633397420247,
      "mean_ssim_delta": -4.903405904769897e-05,
      "positive_ratio": 0.4716666666666667,
      "strong_reference_cut_psnr": 42.88805866241455,
      "strong_reference_count": 150,
      "strong_regression_count_delta_le_-0.05": 56,
      "worst_regression_count_delta_le_-0.20": 55
    },
    {
      "label": "shuffle",
      "train_depth": "invert",
      "eval_depth": "shuffle",
      "compare_dir": "/sda/home/wangyuxin/ConvIR-B/repos/ConvIR-B-dta-v3-6-hrcs/experience_docx/experiment_logs/haze4k_dta_v3_6_hrcs_20260613/dta_v3_5_v35_fdf_rcs_l1_fdf_lite_s004_g025_bm2_seed2026_f3_quick5full_fallback_train_shuffle_compare",
      "common_count": 600,
      "mean_psnr_delta": 0.00803261439005534,
      "median_psnr_delta": 0.009439468383789062,
      "p5_psnr_delta": -0.28447551727294923,
      "p95_psnr_delta": 0.30309772491455067,
      "hard_bottom25_psnr_delta": -0.006030985514322917,
      "easy_top25_psnr_delta": -0.000861358642578125,
      "worst10pct_mean_psnr_delta": -0.3045942306518555,
      "best10pct_mean_psnr_delta": 0.3263935407002767,
      "worst10img_mean_psnr_delta": -0.4693401336669922,
      "best10img_mean_psnr_delta": 0.48052825927734377,
      "worst10_mean_psnr_delta": -0.3045942306518555,
      "best10_mean_psnr_delta": 0.3263935407002767,
      "mean_ssim_delta": -1.3500849405924479e-05,
      "positive_ratio": 0.53,
      "strong_reference_cut_psnr": 42.88805866241455,
      "strong_reference_count": 150,
      "strong_regression_count_delta_le_-0.05": 56,
      "worst_regression_count_delta_le_-0.20": 63
    },
    {
      "label": "normal",
      "train_depth": "invert",
      "eval_depth": "normal",
      "compare_dir": "/sda/home/wangyuxin/ConvIR-B/repos/ConvIR-B-dta-v3-6-hrcs/experience_docx/experiment_logs/haze4k_dta_v3_6_hrcs_20260613/dta_v3_5_v35_fdf_rcs_l1_fdf_lite_s004_g025_bm2_seed2026_f3_quick5full_fallback_train_normal_compare",
      "common_count": 600,
      "mean_psnr_delta": -3.2698313395182294e-05,
      "median_psnr_delta": 0.0002956390380859375,
      "p5_psnr_delta": -0.30155792236328127,
      "p95_psnr_delta": 0.29372062683105443,
      "hard_bottom25_psnr_delta": -0.011922632853190104,
      "easy_top25_psnr_delta": -0.0010956827799479167,
      "worst10pct_mean_psnr_delta": -0.3241234461466471,
      "best10pct_mean_psnr_delta": 0.31739082336425783,
      "worst10img_mean_psnr_delta": -0.48499488830566406,
      "best10img_mean_psnr_delta": 0.48883819580078125,
      "worst10_mean_psnr_delta": -0.3241234461466471,
      "best10_mean_psnr_delta": 0.31739082336425783,
      "mean_ssim_delta": -5.734562873840332e-06,
      "positive_ratio": 0.5,
      "strong_reference_cut_psnr": 42.88805866241455,
      "strong_reference_count": 150,
      "strong_regression_count_delta_le_-0.05": 55,
      "worst_regression_count_delta_le_-0.20": 64
    }
  ],
  "attribution": {
    "true_label": "true",
    "baseline_label": "zero",
    "common_count": 600,
    "mean_depth_surplus_psnr": 0.08447165171305339,
    "median_depth_surplus_psnr": 0.10179519653320312,
    "positive_surplus_ratio": 0.6783333333333333
  }
}