{
  "runs": [
    {
      "label": "true",
      "train_depth": "invert",
      "eval_depth": "invert",
      "compare_dir": "/sda/home/wangyuxin/ConvIR-B/repos/ConvIR-B-dta-v3-6-hrcs/experience_docx/experiment_logs/haze4k_dta_v3_6_hrcs_20260613/dta_v3_5_v35_fdf_rcs_l3_fdf_lite_s004_g015_bm2_seed2026_f4_quick5full_fallback_train_invert_compare",
      "common_count": 600,
      "mean_psnr_delta": 0.07721435546875,
      "median_psnr_delta": 0.08181381225585938,
      "p5_psnr_delta": -0.24863338470458984,
      "p95_psnr_delta": 0.4116630554199219,
      "hard_bottom25_psnr_delta": 0.07359494527180989,
      "easy_top25_psnr_delta": 0.0683173116048177,
      "worst10pct_mean_psnr_delta": -0.2780000686645508,
      "best10pct_mean_psnr_delta": 0.4114950180053711,
      "worst10img_mean_psnr_delta": -0.4350933074951172,
      "best10img_mean_psnr_delta": 0.501468276977539,
      "worst10_mean_psnr_delta": -0.2780000686645508,
      "best10_mean_psnr_delta": 0.4114950180053711,
      "mean_ssim_delta": 1.9500553607940675e-05,
      "positive_ratio": 0.6816666666666666,
      "strong_reference_cut_psnr": 42.82054328918457,
      "strong_reference_count": 150,
      "strong_regression_count_delta_le_-0.05": 46,
      "worst_regression_count_delta_le_-0.20": 55
    },
    {
      "label": "zero",
      "train_depth": "invert",
      "eval_depth": "zero",
      "compare_dir": "/sda/home/wangyuxin/ConvIR-B/repos/ConvIR-B-dta-v3-6-hrcs/experience_docx/experiment_logs/haze4k_dta_v3_6_hrcs_20260613/dta_v3_5_v35_fdf_rcs_l3_fdf_lite_s004_g015_bm2_seed2026_f4_quick5full_fallback_train_zero_compare",
      "common_count": 600,
      "mean_psnr_delta": 0.0012773386637369793,
      "median_psnr_delta": 0.0036525726318359375,
      "p5_psnr_delta": -0.19014911651611327,
      "p95_psnr_delta": 0.18412742614746064,
      "hard_bottom25_psnr_delta": 0.006547520955403646,
      "easy_top25_psnr_delta": -0.0023700714111328123,
      "worst10pct_mean_psnr_delta": -0.2035249392191569,
      "best10pct_mean_psnr_delta": 0.1996916135152181,
      "worst10img_mean_psnr_delta": -0.29929466247558595,
      "best10img_mean_psnr_delta": 0.27651252746582033,
      "worst10_mean_psnr_delta": -0.2035249392191569,
      "best10_mean_psnr_delta": 0.1996916135152181,
      "mean_ssim_delta": -1.875231663386027e-05,
      "positive_ratio": 0.5083333333333333,
      "strong_reference_cut_psnr": 42.82054328918457,
      "strong_reference_count": 150,
      "strong_regression_count_delta_le_-0.05": 36,
      "worst_regression_count_delta_le_-0.20": 24
    },
    {
      "label": "shuffle",
      "train_depth": "invert",
      "eval_depth": "shuffle",
      "compare_dir": "/sda/home/wangyuxin/ConvIR-B/repos/ConvIR-B-dta-v3-6-hrcs/experience_docx/experiment_logs/haze4k_dta_v3_6_hrcs_20260613/dta_v3_5_v35_fdf_rcs_l3_fdf_lite_s004_g015_bm2_seed2026_f4_quick5full_fallback_train_shuffle_compare",
      "common_count": 600,
      "mean_psnr_delta": 0.021598335901896158,
      "median_psnr_delta": 0.01706981658935547,
      "p5_psnr_delta": -0.19833049774169922,
      "p95_psnr_delta": 0.2394372940063476,
      "hard_bottom25_psnr_delta": 0.021647427876790363,
      "easy_top25_psnr_delta": 0.02141204833984375,
      "worst10pct_mean_psnr_delta": -0.20599219004313152,
      "best10pct_mean_psnr_delta": 0.25164559682210286,
      "worst10img_mean_psnr_delta": -0.30977516174316405,
      "best10img_mean_psnr_delta": 0.33068199157714845,
      "worst10_mean_psnr_delta": -0.20599219004313152,
      "best10_mean_psnr_delta": 0.25164559682210286,
      "mean_ssim_delta": 5.21928071975708e-06,
      "positive_ratio": 0.5516666666666666,
      "strong_reference_cut_psnr": 42.82054328918457,
      "strong_reference_count": 150,
      "strong_regression_count_delta_le_-0.05": 35,
      "worst_regression_count_delta_le_-0.20": 29
    },
    {
      "label": "normal",
      "train_depth": "invert",
      "eval_depth": "normal",
      "compare_dir": "/sda/home/wangyuxin/ConvIR-B/repos/ConvIR-B-dta-v3-6-hrcs/experience_docx/experiment_logs/haze4k_dta_v3_6_hrcs_20260613/dta_v3_5_v35_fdf_rcs_l3_fdf_lite_s004_g015_bm2_seed2026_f4_quick5full_fallback_train_normal_compare",
      "common_count": 600,
      "mean_psnr_delta": 0.013743874231974283,
      "median_psnr_delta": 0.018014907836914062,
      "p5_psnr_delta": -0.1988842010498047,
      "p95_psnr_delta": 0.221574020385742,
      "hard_bottom25_psnr_delta": 0.00964667002360026,
      "easy_top25_psnr_delta": 0.01735883076985677,
      "worst10pct_mean_psnr_delta": -0.20839757919311525,
      "best10pct_mean_psnr_delta": 0.2408570925394694,
      "worst10img_mean_psnr_delta": -0.31145896911621096,
      "best10img_mean_psnr_delta": 0.34317665100097655,
      "worst10_mean_psnr_delta": -0.20839757919311525,
      "best10_mean_psnr_delta": 0.2408570925394694,
      "mean_ssim_delta": 6.0677528381347655e-06,
      "positive_ratio": 0.5583333333333333,
      "strong_reference_cut_psnr": 42.82054328918457,
      "strong_reference_count": 150,
      "strong_regression_count_delta_le_-0.05": 39,
      "worst_regression_count_delta_le_-0.20": 28
    }
  ],
  "attribution": {
    "true_label": "true",
    "baseline_label": "zero",
    "common_count": 600,
    "mean_depth_surplus_psnr": 0.07593701680501302,
    "median_depth_surplus_psnr": 0.08528327941894531,
    "positive_surplus_ratio": 0.7033333333333334
  }
}