{
  "runs": [
    {
      "label": "true",
      "train_depth": "invert",
      "eval_depth": "invert",
      "compare_dir": "/sda/home/wangyuxin/ConvIR-B/repos/ConvIR-B-dta-v3-6-hrcs/experience_docx/experiment_logs/haze4k_dta_v3_6_hrcs_20260613/dta_v3_5_v35_fdf_rcs_l1_fdf_lite_s004_g025_bm2_seed3411_f0_quick5full_fallback_train_invert_compare",
      "common_count": 600,
      "mean_psnr_delta": 0.07892536799112956,
      "median_psnr_delta": 0.08496475219726562,
      "p5_psnr_delta": -0.39472198486328125,
      "p95_psnr_delta": 0.5379053115844726,
      "hard_bottom25_psnr_delta": 0.07571736653645833,
      "easy_top25_psnr_delta": 0.05050827026367188,
      "worst10pct_mean_psnr_delta": -0.44265206654866535,
      "best10pct_mean_psnr_delta": 0.5560946146647135,
      "worst10img_mean_psnr_delta": -0.7759880065917969,
      "best10img_mean_psnr_delta": 0.7205188751220704,
      "worst10_mean_psnr_delta": -0.44265206654866535,
      "best10_mean_psnr_delta": 0.5560946146647135,
      "mean_ssim_delta": 1.5532076358795165e-05,
      "positive_ratio": 0.6283333333333333,
      "strong_reference_cut_psnr": 42.755948066711426,
      "strong_reference_count": 150,
      "strong_regression_count_delta_le_-0.05": 53,
      "worst_regression_count_delta_le_-0.20": 88
    },
    {
      "label": "zero",
      "train_depth": "invert",
      "eval_depth": "zero",
      "compare_dir": "/sda/home/wangyuxin/ConvIR-B/repos/ConvIR-B-dta-v3-6-hrcs/experience_docx/experiment_logs/haze4k_dta_v3_6_hrcs_20260613/dta_v3_5_v35_fdf_rcs_l1_fdf_lite_s004_g025_bm2_seed3411_f0_quick5full_fallback_train_zero_compare",
      "common_count": 600,
      "mean_psnr_delta": 0.028296063741048177,
      "median_psnr_delta": 0.024347305297851562,
      "p5_psnr_delta": -0.26479301452636717,
      "p95_psnr_delta": 0.298211479187011,
      "hard_bottom25_psnr_delta": 0.019841588338216146,
      "easy_top25_psnr_delta": 0.014323221842447916,
      "worst10pct_mean_psnr_delta": -0.2922681172688802,
      "best10pct_mean_psnr_delta": 0.32821661631266275,
      "worst10img_mean_psnr_delta": -0.4798919677734375,
      "best10img_mean_psnr_delta": 0.4794422149658203,
      "worst10_mean_psnr_delta": -0.2922681172688802,
      "best10_mean_psnr_delta": 0.32821661631266275,
      "mean_ssim_delta": -1.4321009318033855e-05,
      "positive_ratio": 0.5866666666666667,
      "strong_reference_cut_psnr": 42.755948066711426,
      "strong_reference_count": 150,
      "strong_regression_count_delta_le_-0.05": 40,
      "worst_regression_count_delta_le_-0.20": 49
    },
    {
      "label": "shuffle",
      "train_depth": "invert",
      "eval_depth": "shuffle",
      "compare_dir": "/sda/home/wangyuxin/ConvIR-B/repos/ConvIR-B-dta-v3-6-hrcs/experience_docx/experiment_logs/haze4k_dta_v3_6_hrcs_20260613/dta_v3_5_v35_fdf_rcs_l1_fdf_lite_s004_g025_bm2_seed3411_f0_quick5full_fallback_train_shuffle_compare",
      "common_count": 600,
      "mean_psnr_delta": 0.037611808776855465,
      "median_psnr_delta": 0.035152435302734375,
      "p5_psnr_delta": -0.2999551773071289,
      "p95_psnr_delta": 0.36248931884765623,
      "hard_bottom25_psnr_delta": 0.02317522684733073,
      "easy_top25_psnr_delta": 0.0315423583984375,
      "worst10pct_mean_psnr_delta": -0.3380861282348633,
      "best10pct_mean_psnr_delta": 0.3856050491333008,
      "worst10img_mean_psnr_delta": -0.5624923706054688,
      "best10img_mean_psnr_delta": 0.544002914428711,
      "worst10_mean_psnr_delta": -0.3380861282348633,
      "best10_mean_psnr_delta": 0.3856050491333008,
      "mean_ssim_delta": 2.6186307271321613e-06,
      "positive_ratio": 0.5916666666666667,
      "strong_reference_cut_psnr": 42.755948066711426,
      "strong_reference_count": 150,
      "strong_regression_count_delta_le_-0.05": 44,
      "worst_regression_count_delta_le_-0.20": 60
    },
    {
      "label": "normal",
      "train_depth": "invert",
      "eval_depth": "normal",
      "compare_dir": "/sda/home/wangyuxin/ConvIR-B/repos/ConvIR-B-dta-v3-6-hrcs/experience_docx/experiment_logs/haze4k_dta_v3_6_hrcs_20260613/dta_v3_5_v35_fdf_rcs_l1_fdf_lite_s004_g025_bm2_seed3411_f0_quick5full_fallback_train_normal_compare",
      "common_count": 600,
      "mean_psnr_delta": 0.03489830652872721,
      "median_psnr_delta": 0.031203269958496094,
      "p5_psnr_delta": -0.2828777313232422,
      "p95_psnr_delta": 0.3504041671752928,
      "hard_bottom25_psnr_delta": 0.01714111328125,
      "easy_top25_psnr_delta": 0.03017878214518229,
      "worst10pct_mean_psnr_delta": -0.3277075449625651,
      "best10pct_mean_psnr_delta": 0.3712393442789714,
      "worst10img_mean_psnr_delta": -0.546084976196289,
      "best10img_mean_psnr_delta": 0.5094196319580078,
      "worst10_mean_psnr_delta": -0.3277075449625651,
      "best10_mean_psnr_delta": 0.3712393442789714,
      "mean_ssim_delta": 4.700620969136556e-06,
      "positive_ratio": 0.6033333333333334,
      "strong_reference_cut_psnr": 42.755948066711426,
      "strong_reference_count": 150,
      "strong_regression_count_delta_le_-0.05": 45,
      "worst_regression_count_delta_le_-0.20": 60
    }
  ],
  "attribution": {
    "true_label": "true",
    "baseline_label": "zero",
    "common_count": 600,
    "mean_depth_surplus_psnr": 0.05062930425008138,
    "median_depth_surplus_psnr": 0.05865478515625,
    "positive_surplus_ratio": 0.6683333333333333
  }
}