{
  "runs": [
    {
      "label": "true",
      "train_depth": "invert",
      "eval_depth": "invert",
      "compare_dir": "/sda/home/wangyuxin/ConvIR-B/repos/ConvIR-B-dta-v3-6-hrcs/experience_docx/experiment_logs/haze4k_dta_v3_6_hrcs_20260613/dta_v3_5_v35_fdf_rcs_l2_fdf_lite_s002_g025_bm2_seed3407_f1_quick5full_fallback_train_invert_compare",
      "common_count": 600,
      "mean_psnr_delta": 0.06485456148783365,
      "median_psnr_delta": 0.06704521179199219,
      "p5_psnr_delta": -0.32118473052978513,
      "p95_psnr_delta": 0.4533870697021484,
      "hard_bottom25_psnr_delta": 0.07794414520263672,
      "easy_top25_psnr_delta": 0.05293958028157552,
      "worst10pct_mean_psnr_delta": -0.3775606791178385,
      "best10pct_mean_psnr_delta": 0.4918047587076823,
      "worst10img_mean_psnr_delta": -0.6846466064453125,
      "best10img_mean_psnr_delta": 0.6945938110351563,
      "worst10_mean_psnr_delta": -0.3775606791178385,
      "best10_mean_psnr_delta": 0.4918047587076823,
      "mean_ssim_delta": 7.647573947906495e-06,
      "positive_ratio": 0.6383333333333333,
      "strong_reference_cut_psnr": 42.834919929504395,
      "strong_reference_count": 150,
      "strong_regression_count_delta_le_-0.05": 47,
      "worst_regression_count_delta_le_-0.20": 59
    },
    {
      "label": "zero",
      "train_depth": "invert",
      "eval_depth": "zero",
      "compare_dir": "/sda/home/wangyuxin/ConvIR-B/repos/ConvIR-B-dta-v3-6-hrcs/experience_docx/experiment_logs/haze4k_dta_v3_6_hrcs_20260613/dta_v3_5_v35_fdf_rcs_l2_fdf_lite_s002_g025_bm2_seed3407_f1_quick5full_fallback_train_zero_compare",
      "common_count": 600,
      "mean_psnr_delta": 0.006293636957804362,
      "median_psnr_delta": 0.006160736083984375,
      "p5_psnr_delta": -0.255293083190918,
      "p95_psnr_delta": 0.28417835235595695,
      "hard_bottom25_psnr_delta": 0.006192715962727865,
      "easy_top25_psnr_delta": 0.020859349568684897,
      "worst10pct_mean_psnr_delta": -0.2993968327840169,
      "best10pct_mean_psnr_delta": 0.30571988423665364,
      "worst10img_mean_psnr_delta": -0.5214214324951172,
      "best10img_mean_psnr_delta": 0.44782676696777346,
      "worst10_mean_psnr_delta": -0.2993968327840169,
      "best10_mean_psnr_delta": 0.30571988423665364,
      "mean_ssim_delta": -3.877262274424235e-05,
      "positive_ratio": 0.515,
      "strong_reference_cut_psnr": 42.834919929504395,
      "strong_reference_count": 150,
      "strong_regression_count_delta_le_-0.05": 39,
      "worst_regression_count_delta_le_-0.20": 57
    },
    {
      "label": "shuffle",
      "train_depth": "invert",
      "eval_depth": "shuffle",
      "compare_dir": "/sda/home/wangyuxin/ConvIR-B/repos/ConvIR-B-dta-v3-6-hrcs/experience_docx/experiment_logs/haze4k_dta_v3_6_hrcs_20260613/dta_v3_5_v35_fdf_rcs_l2_fdf_lite_s002_g025_bm2_seed3407_f1_quick5full_fallback_train_shuffle_compare",
      "common_count": 600,
      "mean_psnr_delta": 0.02031444231669108,
      "median_psnr_delta": 0.026594161987304688,
      "p5_psnr_delta": -0.2505847930908203,
      "p95_psnr_delta": 0.3218288421630859,
      "hard_bottom25_psnr_delta": 0.01969476064046224,
      "easy_top25_psnr_delta": 0.03478805541992187,
      "worst10pct_mean_psnr_delta": -0.31235733032226565,
      "best10pct_mean_psnr_delta": 0.34873294830322266,
      "worst10img_mean_psnr_delta": -0.5788330078125,
      "best10img_mean_psnr_delta": 0.511627197265625,
      "worst10_mean_psnr_delta": -0.31235733032226565,
      "best10_mean_psnr_delta": 0.34873294830322266,
      "mean_ssim_delta": -7.937947909037273e-06,
      "positive_ratio": 0.57,
      "strong_reference_cut_psnr": 42.834919929504395,
      "strong_reference_count": 150,
      "strong_regression_count_delta_le_-0.05": 39,
      "worst_regression_count_delta_le_-0.20": 54
    },
    {
      "label": "normal",
      "train_depth": "invert",
      "eval_depth": "normal",
      "compare_dir": "/sda/home/wangyuxin/ConvIR-B/repos/ConvIR-B-dta-v3-6-hrcs/experience_docx/experiment_logs/haze4k_dta_v3_6_hrcs_20260613/dta_v3_5_v35_fdf_rcs_l2_fdf_lite_s002_g025_bm2_seed3407_f1_quick5full_fallback_train_normal_compare",
      "common_count": 600,
      "mean_psnr_delta": 0.017170899709065754,
      "median_psnr_delta": 0.012884140014648438,
      "p5_psnr_delta": -0.2559244155883789,
      "p95_psnr_delta": 0.3254096984863281,
      "hard_bottom25_psnr_delta": 0.014638137817382813,
      "easy_top25_psnr_delta": 0.037450154622395836,
      "worst10pct_mean_psnr_delta": -0.30573628743489584,
      "best10pct_mean_psnr_delta": 0.3436630884806315,
      "worst10img_mean_psnr_delta": -0.5574245452880859,
      "best10img_mean_psnr_delta": 0.5185222625732422,
      "worst10_mean_psnr_delta": -0.30573628743489584,
      "best10_mean_psnr_delta": 0.3436630884806315,
      "mean_ssim_delta": -2.7826428413391115e-06,
      "positive_ratio": 0.5466666666666666,
      "strong_reference_cut_psnr": 42.834919929504395,
      "strong_reference_count": 150,
      "strong_regression_count_delta_le_-0.05": 41,
      "worst_regression_count_delta_le_-0.20": 51
    }
  ],
  "attribution": {
    "true_label": "true",
    "baseline_label": "zero",
    "common_count": 600,
    "mean_depth_surplus_psnr": 0.0585609245300293,
    "median_depth_surplus_psnr": 0.07757186889648438,
    "positive_surplus_ratio": 0.7016666666666667
  }
}