{
  "runs": [
    {
      "label": "true",
      "train_depth": "invert",
      "eval_depth": "invert",
      "compare_dir": "/sda/home/wangyuxin/ConvIR-B/repos/ConvIR-B-dta-v3-6-hrcs/experience_docx/experiment_logs/haze4k_dta_v3_6_hrcs_20260613/dta_v3_5_v35_fdf_rcs_l3_fdf_lite_s004_g015_bm2_seed3407_f2_quick5full_fallback_train_invert_compare",
      "common_count": 600,
      "mean_psnr_delta": 0.05283097585042318,
      "median_psnr_delta": 0.06321525573730469,
      "p5_psnr_delta": -0.3340033531188965,
      "p95_psnr_delta": 0.4084976196289061,
      "hard_bottom25_psnr_delta": 0.018065032958984376,
      "easy_top25_psnr_delta": 0.06776921590169271,
      "worst10pct_mean_psnr_delta": -0.3717658996582031,
      "best10pct_mean_psnr_delta": 0.441502316792806,
      "worst10img_mean_psnr_delta": -0.5737396240234375,
      "best10img_mean_psnr_delta": 0.6328712463378906,
      "worst10_mean_psnr_delta": -0.3717658996582031,
      "best10_mean_psnr_delta": 0.441502316792806,
      "mean_ssim_delta": 3.7223100662231447e-06,
      "positive_ratio": 0.62,
      "strong_reference_cut_psnr": 42.41839599609375,
      "strong_reference_count": 150,
      "strong_regression_count_delta_le_-0.05": 48,
      "worst_regression_count_delta_le_-0.20": 68
    },
    {
      "label": "zero",
      "train_depth": "invert",
      "eval_depth": "zero",
      "compare_dir": "/sda/home/wangyuxin/ConvIR-B/repos/ConvIR-B-dta-v3-6-hrcs/experience_docx/experiment_logs/haze4k_dta_v3_6_hrcs_20260613/dta_v3_5_v35_fdf_rcs_l3_fdf_lite_s004_g015_bm2_seed3407_f2_quick5full_fallback_train_zero_compare",
      "common_count": 600,
      "mean_psnr_delta": -0.032317495346069335,
      "median_psnr_delta": -0.024507522583007812,
      "p5_psnr_delta": -0.30993175506591797,
      "p95_psnr_delta": 0.21399955749511693,
      "hard_bottom25_psnr_delta": -0.06557389577229818,
      "easy_top25_psnr_delta": -0.0025287628173828124,
      "worst10pct_mean_psnr_delta": -0.3416651089986165,
      "best10pct_mean_psnr_delta": 0.2580770174662272,
      "worst10img_mean_psnr_delta": -0.503660011291504,
      "best10img_mean_psnr_delta": 0.4509693145751953,
      "worst10_mean_psnr_delta": -0.3416651089986165,
      "best10_mean_psnr_delta": 0.2580770174662272,
      "mean_ssim_delta": -5.3875545660654703e-05,
      "positive_ratio": 0.435,
      "strong_reference_cut_psnr": 42.41839599609375,
      "strong_reference_count": 150,
      "strong_regression_count_delta_le_-0.05": 45,
      "worst_regression_count_delta_le_-0.20": 93
    },
    {
      "label": "shuffle",
      "train_depth": "invert",
      "eval_depth": "shuffle",
      "compare_dir": "/sda/home/wangyuxin/ConvIR-B/repos/ConvIR-B-dta-v3-6-hrcs/experience_docx/experiment_logs/haze4k_dta_v3_6_hrcs_20260613/dta_v3_5_v35_fdf_rcs_l3_fdf_lite_s004_g015_bm2_seed3407_f2_quick5full_fallback_train_shuffle_compare",
      "common_count": 600,
      "mean_psnr_delta": -0.016929394404093426,
      "median_psnr_delta": -0.011323928833007812,
      "p5_psnr_delta": -0.3414714813232422,
      "p95_psnr_delta": 0.2681459426879882,
      "hard_bottom25_psnr_delta": -0.050916277567545576,
      "easy_top25_psnr_delta": 0.014991226196289063,
      "worst10pct_mean_psnr_delta": -0.3594702084859212,
      "best10pct_mean_psnr_delta": 0.27917633056640623,
      "worst10img_mean_psnr_delta": -0.5149705886840821,
      "best10img_mean_psnr_delta": 0.4236900329589844,
      "worst10_mean_psnr_delta": -0.3594702084859212,
      "best10_mean_psnr_delta": 0.27917633056640623,
      "mean_ssim_delta": -1.4044344425201416e-05,
      "positive_ratio": 0.4816666666666667,
      "strong_reference_cut_psnr": 42.41839599609375,
      "strong_reference_count": 150,
      "strong_regression_count_delta_le_-0.05": 48,
      "worst_regression_count_delta_le_-0.20": 79
    },
    {
      "label": "normal",
      "train_depth": "invert",
      "eval_depth": "normal",
      "compare_dir": "/sda/home/wangyuxin/ConvIR-B/repos/ConvIR-B-dta-v3-6-hrcs/experience_docx/experiment_logs/haze4k_dta_v3_6_hrcs_20260613/dta_v3_5_v35_fdf_rcs_l3_fdf_lite_s004_g015_bm2_seed3407_f2_quick5full_fallback_train_normal_compare",
      "common_count": 600,
      "mean_psnr_delta": -0.01996929168701172,
      "median_psnr_delta": -0.010999679565429688,
      "p5_psnr_delta": -0.348054313659668,
      "p95_psnr_delta": 0.26429882049560477,
      "hard_bottom25_psnr_delta": -0.060266367594401044,
      "easy_top25_psnr_delta": 0.020350570678710937,
      "worst10pct_mean_psnr_delta": -0.3636813481648763,
      "best10pct_mean_psnr_delta": 0.28731854756673175,
      "worst10img_mean_psnr_delta": -0.5118305206298828,
      "best10img_mean_psnr_delta": 0.44782676696777346,
      "worst10_mean_psnr_delta": -0.3636813481648763,
      "best10_mean_psnr_delta": 0.28731854756673175,
      "mean_ssim_delta": -5.655288696289062e-06,
      "positive_ratio": 0.4666666666666667,
      "strong_reference_cut_psnr": 42.41839599609375,
      "strong_reference_count": 150,
      "strong_regression_count_delta_le_-0.05": 47,
      "worst_regression_count_delta_le_-0.20": 85
    }
  ],
  "attribution": {
    "true_label": "true",
    "baseline_label": "zero",
    "common_count": 600,
    "mean_depth_surplus_psnr": 0.0851484711964925,
    "median_depth_surplus_psnr": 0.10854339599609375,
    "positive_surplus_ratio": 0.72
  }
}