{
  "runs": [
    {
      "label": "true",
      "train_depth": "invert",
      "eval_depth": "invert",
      "compare_dir": "/sda/home/wangyuxin/ConvIR-B/repos/ConvIR-B-dta-v3-6-hrcs/experience_docx/experiment_logs/haze4k_dta_v3_6_hrcs_20260613/dta_v3_5_v35_fdf_rcs_l2_fdf_lite_s002_g025_bm2_seed2026_f4_quick5full_fallback_train_invert_compare",
      "common_count": 600,
      "mean_psnr_delta": 0.058819850285847984,
      "median_psnr_delta": 0.0586395263671875,
      "p5_psnr_delta": -0.22078704833984375,
      "p95_psnr_delta": 0.33681640624999987,
      "hard_bottom25_psnr_delta": 0.05778649648030599,
      "easy_top25_psnr_delta": 0.05460253397623698,
      "worst10pct_mean_psnr_delta": -0.23929446538289387,
      "best10pct_mean_psnr_delta": 0.34112389882405597,
      "worst10img_mean_psnr_delta": -0.37290496826171876,
      "best10img_mean_psnr_delta": 0.4247409820556641,
      "worst10_mean_psnr_delta": -0.23929446538289387,
      "best10_mean_psnr_delta": 0.34112389882405597,
      "mean_ssim_delta": 1.6959408919016522e-05,
      "positive_ratio": 0.665,
      "strong_reference_cut_psnr": 42.82054328918457,
      "strong_reference_count": 150,
      "strong_regression_count_delta_le_-0.05": 43,
      "worst_regression_count_delta_le_-0.20": 35
    },
    {
      "label": "zero",
      "train_depth": "invert",
      "eval_depth": "zero",
      "compare_dir": "/sda/home/wangyuxin/ConvIR-B/repos/ConvIR-B-dta-v3-6-hrcs/experience_docx/experiment_logs/haze4k_dta_v3_6_hrcs_20260613/dta_v3_5_v35_fdf_rcs_l2_fdf_lite_s002_g025_bm2_seed2026_f4_quick5full_fallback_train_zero_compare",
      "common_count": 600,
      "mean_psnr_delta": -0.0032237434387207033,
      "median_psnr_delta": -0.00042724609375,
      "p5_psnr_delta": -0.18462543487548827,
      "p95_psnr_delta": 0.17487525939941384,
      "hard_bottom25_psnr_delta": 0.00469922383626302,
      "easy_top25_psnr_delta": -0.006433893839518229,
      "worst10pct_mean_psnr_delta": -0.2042503039042155,
      "best10pct_mean_psnr_delta": 0.18524033228556316,
      "worst10img_mean_psnr_delta": -0.2987983703613281,
      "best10img_mean_psnr_delta": 0.2609127044677734,
      "worst10_mean_psnr_delta": -0.2042503039042155,
      "best10_mean_psnr_delta": 0.18524033228556316,
      "mean_ssim_delta": -1.5222330888112385e-05,
      "positive_ratio": 0.49666666666666665,
      "strong_reference_cut_psnr": 42.82054328918457,
      "strong_reference_count": 150,
      "strong_regression_count_delta_le_-0.05": 37,
      "worst_regression_count_delta_le_-0.20": 24
    },
    {
      "label": "shuffle",
      "train_depth": "invert",
      "eval_depth": "shuffle",
      "compare_dir": "/sda/home/wangyuxin/ConvIR-B/repos/ConvIR-B-dta-v3-6-hrcs/experience_docx/experiment_logs/haze4k_dta_v3_6_hrcs_20260613/dta_v3_5_v35_fdf_rcs_l2_fdf_lite_s002_g025_bm2_seed2026_f4_quick5full_fallback_train_shuffle_compare",
      "common_count": 600,
      "mean_psnr_delta": 0.014955148696899415,
      "median_psnr_delta": 0.014413833618164062,
      "p5_psnr_delta": -0.18714485168457032,
      "p95_psnr_delta": 0.2185832977294921,
      "hard_bottom25_psnr_delta": 0.018161710103352866,
      "easy_top25_psnr_delta": 0.01507825215657552,
      "worst10pct_mean_psnr_delta": -0.20109761555989583,
      "best10pct_mean_psnr_delta": 0.22885449727376303,
      "worst10img_mean_psnr_delta": -0.2943267822265625,
      "best10img_mean_psnr_delta": 0.3022186279296875,
      "worst10_mean_psnr_delta": -0.20109761555989583,
      "best10_mean_psnr_delta": 0.22885449727376303,
      "mean_ssim_delta": 5.194644133249919e-06,
      "positive_ratio": 0.545,
      "strong_reference_cut_psnr": 42.82054328918457,
      "strong_reference_count": 150,
      "strong_regression_count_delta_le_-0.05": 39,
      "worst_regression_count_delta_le_-0.20": 27
    },
    {
      "label": "normal",
      "train_depth": "invert",
      "eval_depth": "normal",
      "compare_dir": "/sda/home/wangyuxin/ConvIR-B/repos/ConvIR-B-dta-v3-6-hrcs/experience_docx/experiment_logs/haze4k_dta_v3_6_hrcs_20260613/dta_v3_5_v35_fdf_rcs_l2_fdf_lite_s002_g025_bm2_seed2026_f4_quick5full_fallback_train_normal_compare",
      "common_count": 600,
      "mean_psnr_delta": 0.00878808339436849,
      "median_psnr_delta": 0.013124465942382812,
      "p5_psnr_delta": -0.19587135314941406,
      "p95_psnr_delta": 0.2010271072387691,
      "hard_bottom25_psnr_delta": 0.008498026529947916,
      "easy_top25_psnr_delta": 0.011996205647786458,
      "worst10pct_mean_psnr_delta": -0.20337177912394205,
      "best10pct_mean_psnr_delta": 0.2206134796142578,
      "worst10img_mean_psnr_delta": -0.29268646240234375,
      "best10img_mean_psnr_delta": 0.3170475006103516,
      "worst10_mean_psnr_delta": -0.20337177912394205,
      "best10_mean_psnr_delta": 0.2206134796142578,
      "mean_ssim_delta": 6.221135457356771e-06,
      "positive_ratio": 0.5466666666666666,
      "strong_reference_cut_psnr": 42.82054328918457,
      "strong_reference_count": 150,
      "strong_regression_count_delta_le_-0.05": 40,
      "worst_regression_count_delta_le_-0.20": 30
    }
  ],
  "attribution": {
    "true_label": "true",
    "baseline_label": "zero",
    "common_count": 600,
    "mean_depth_surplus_psnr": 0.062043593724568684,
    "median_depth_surplus_psnr": 0.0688629150390625,
    "positive_surplus_ratio": 0.7133333333333334
  }
}