{
  "runs": [
    {
      "label": "true",
      "train_depth": "invert",
      "eval_depth": "invert",
      "compare_dir": "/sda/home/wangyuxin/ConvIR-B/repos/ConvIR-B-dta-v3-6-hrcs/experience_docx/experiment_logs/haze4k_dta_v3_6_hrcs_20260613/dta_v3_5_v35_fdf_rcs_l2_fdf_lite_s002_g025_bm2_seed3407_f3_quick5full_fallback_train_invert_compare",
      "common_count": 600,
      "mean_psnr_delta": 0.048221127192179365,
      "median_psnr_delta": 0.036357879638671875,
      "p5_psnr_delta": -0.21847858428955078,
      "p95_psnr_delta": 0.35777454376220696,
      "hard_bottom25_psnr_delta": 0.03847469329833984,
      "easy_top25_psnr_delta": 0.0439752197265625,
      "worst10pct_mean_psnr_delta": -0.25711517333984374,
      "best10pct_mean_psnr_delta": 0.3835969607035319,
      "worst10img_mean_psnr_delta": -0.4068641662597656,
      "best10img_mean_psnr_delta": 0.557247543334961,
      "worst10_mean_psnr_delta": -0.25711517333984374,
      "best10_mean_psnr_delta": 0.3835969607035319,
      "mean_ssim_delta": 5.545914173126221e-06,
      "positive_ratio": 0.605,
      "strong_reference_cut_psnr": 42.88805866241455,
      "strong_reference_count": 150,
      "strong_regression_count_delta_le_-0.05": 39,
      "worst_regression_count_delta_le_-0.20": 39
    },
    {
      "label": "zero",
      "train_depth": "invert",
      "eval_depth": "zero",
      "compare_dir": "/sda/home/wangyuxin/ConvIR-B/repos/ConvIR-B-dta-v3-6-hrcs/experience_docx/experiment_logs/haze4k_dta_v3_6_hrcs_20260613/dta_v3_5_v35_fdf_rcs_l2_fdf_lite_s002_g025_bm2_seed3407_f3_quick5full_fallback_train_zero_compare",
      "common_count": 600,
      "mean_psnr_delta": -0.01899245580037435,
      "median_psnr_delta": -0.016813278198242188,
      "p5_psnr_delta": -0.2623929977416992,
      "p95_psnr_delta": 0.2076112747192382,
      "hard_bottom25_psnr_delta": -0.02436635335286458,
      "easy_top25_psnr_delta": -0.016489105224609377,
      "worst10pct_mean_psnr_delta": -0.27521759668986,
      "best10pct_mean_psnr_delta": 0.24605827331542968,
      "worst10img_mean_psnr_delta": -0.3988456726074219,
      "best10img_mean_psnr_delta": 0.4208824157714844,
      "worst10_mean_psnr_delta": -0.27521759668986,
      "best10_mean_psnr_delta": 0.24605827331542968,
      "mean_ssim_delta": -4.5501192410786946e-05,
      "positive_ratio": 0.43333333333333335,
      "strong_reference_cut_psnr": 42.88805866241455,
      "strong_reference_count": 150,
      "strong_regression_count_delta_le_-0.05": 47,
      "worst_regression_count_delta_le_-0.20": 51
    },
    {
      "label": "shuffle",
      "train_depth": "invert",
      "eval_depth": "shuffle",
      "compare_dir": "/sda/home/wangyuxin/ConvIR-B/repos/ConvIR-B-dta-v3-6-hrcs/experience_docx/experiment_logs/haze4k_dta_v3_6_hrcs_20260613/dta_v3_5_v35_fdf_rcs_l2_fdf_lite_s002_g025_bm2_seed3407_f3_quick5full_fallback_train_shuffle_compare",
      "common_count": 600,
      "mean_psnr_delta": -7.508277893066407e-05,
      "median_psnr_delta": -0.001667022705078125,
      "p5_psnr_delta": -0.22571563720703125,
      "p95_psnr_delta": 0.23264293670654274,
      "hard_bottom25_psnr_delta": -0.01313940684000651,
      "easy_top25_psnr_delta": 0.007818247477213542,
      "worst10pct_mean_psnr_delta": -0.24288880030314128,
      "best10pct_mean_psnr_delta": 0.27383515040079753,
      "worst10img_mean_psnr_delta": -0.33931503295898435,
      "best10img_mean_psnr_delta": 0.4329174041748047,
      "worst10_mean_psnr_delta": -0.24288880030314128,
      "best10_mean_psnr_delta": 0.27383515040079753,
      "mean_ssim_delta": -1.6702214876810708e-05,
      "positive_ratio": 0.49333333333333335,
      "strong_reference_cut_psnr": 42.88805866241455,
      "strong_reference_count": 150,
      "strong_regression_count_delta_le_-0.05": 43,
      "worst_regression_count_delta_le_-0.20": 47
    },
    {
      "label": "normal",
      "train_depth": "invert",
      "eval_depth": "normal",
      "compare_dir": "/sda/home/wangyuxin/ConvIR-B/repos/ConvIR-B-dta-v3-6-hrcs/experience_docx/experiment_logs/haze4k_dta_v3_6_hrcs_20260613/dta_v3_5_v35_fdf_rcs_l2_fdf_lite_s002_g025_bm2_seed3407_f3_quick5full_fallback_train_normal_compare",
      "common_count": 600,
      "mean_psnr_delta": -0.005922025044759115,
      "median_psnr_delta": -0.0078277587890625,
      "p5_psnr_delta": -0.23626632690429689,
      "p95_psnr_delta": 0.23057518005371075,
      "hard_bottom25_psnr_delta": -0.01700670878092448,
      "easy_top25_psnr_delta": 0.006267471313476563,
      "worst10pct_mean_psnr_delta": -0.2531264305114746,
      "best10pct_mean_psnr_delta": 0.2643291155497233,
      "worst10img_mean_psnr_delta": -0.3596710205078125,
      "best10img_mean_psnr_delta": 0.4331005096435547,
      "worst10_mean_psnr_delta": -0.2531264305114746,
      "best10_mean_psnr_delta": 0.2643291155497233,
      "mean_ssim_delta": -1.088788112004598e-05,
      "positive_ratio": 0.4666666666666667,
      "strong_reference_cut_psnr": 42.88805866241455,
      "strong_reference_count": 150,
      "strong_regression_count_delta_le_-0.05": 45,
      "worst_regression_count_delta_le_-0.20": 51
    }
  ],
  "attribution": {
    "true_label": "true",
    "baseline_label": "zero",
    "common_count": 600,
    "mean_depth_surplus_psnr": 0.06721358299255371,
    "median_depth_surplus_psnr": 0.08331680297851562,
    "positive_surplus_ratio": 0.6933333333333334
  }
}