{
  "runs": {
    "A0": {
      "label": "A0",
      "arch": "official_convir",
      "mode": "original",
      "checkpoint": "/sda/home/wangyuxin/ConvIR-B/checkpoints/official/Haze4K/haze4k-base.pkl",
      "depth_mode": "none",
      "count": 600,
      "mean_psnr": 39.024180043538415,
      "mean_ssim": 0.9954205108682315,
      "avg_time_sec_sync": 0.03329943776130676,
      "median_time_sec_sync": 0.029369354248046875,
      "peak_cuda_mem_mib": 535.56884765625
    },
    "DTA_v2_oof20_adapter_only_invert_seed3411_f2_final": {
      "label": "DTA_v2_oof20_adapter_only_invert_seed3411_f2_final",
      "arch": "dta_v2",
      "mode": "original",
      "checkpoint": "/sda/home/wangyuxin/ConvIR-B/repos/ConvIR-B-dta-v2-calibrated/Dehazing/ITS/results/ConvIR-Haze4K-DTA-v2-adapter_only-invert-seed3411-f2-oof20/Training-Results/Final.pkl",
      "depth_mode": "invert",
      "count": 600,
      "mean_psnr": 39.110118805567424,
      "mean_ssim": 0.9953903548916181,
      "avg_time_sec_sync": 0.05064220190048218,
      "median_time_sec_sync": 0.04953765869140625,
      "peak_cuda_mem_mib": 541.2802734375
    }
  },
  "comparison": {
    "common_count": 600,
    "mean_psnr_delta": 0.08593876202901204,
    "median_psnr_delta": 0.050994873046875,
    "p5_psnr_delta": -0.3684337615966797,
    "p95_psnr_delta": 0.6315626144409172,
    "hard_bottom25_psnr_delta": 0.017386436462402344,
    "easy_top25_psnr_delta": 0.10642000834147135,
    "worst10pct_mean_psnr_delta": -0.45592899322509767,
    "best10pct_mean_psnr_delta": 0.6884691874186198,
    "worst10img_mean_psnr_delta": -0.8527267456054688,
    "best10img_mean_psnr_delta": 1.001535415649414,
    "worst10_mean_psnr_delta": -0.45592899322509767,
    "best10_mean_psnr_delta": 0.6884691874186198,
    "mean_ssim_delta": -3.015597661336263e-05,
    "positive_ratio": 0.6066666666666667,
    "strong_reference_cut_psnr": 42.41839599609375,
    "strong_reference_count": 150,
    "strong_regression_count_delta_le_-0.05": 51,
    "worst_regression_count_delta_le_-0.20": 76
  }
}