{
  "data_dir": "/root/autodl-tmp/workspace/Dehaze-Net/dataset/HAZE4K",
  "decision": "DOMAIN_PREFLIGHT_COMPLETE_CONTINUE_EXPERIMENT_QUEUE",
  "feature_csv": "/root/autodl-tmp/workspace/ConvIR-B-v1-8-execution-queue/experience_docx/experiment_logs/haze4k_v17_rc_expert_mix_20260605/v17_fulltrain_features/v17_fulltrain_a0_udp_feature_table.csv",
  "locked_test_touched": false,
  "missing": [],
  "missing_count": 0,
  "outputs": {
    "per_image": "v18_domain_data_preflight_per_image.csv",
    "summary": "v18_domain_data_preflight_summary.json"
  },
  "route": "ConvIR-Dehaze-v1.8-ExecutionQueue",
  "row_count": 3000,
  "split_json": "/root/autodl-tmp/workspace/ConvIR-B-v1-8-execution-queue/experience_docx/experiment_logs/haze4k_dpga_v13_hsdf_20260604/internal_val/haze4k_dpga_v13_regular_hard_seed3407.json",
  "splits": [
    "train_inner",
    "val_regular",
    "val_hard"
  ],
  "stage": "domain data preflight",
  "status": "COMPLETED_DATA_PREFLIGHT",
  "summaries": [
    {
      "a0_psnr_mean": 40.020479939778646,
      "a0_psnr_p10": 33.95224723815918,
      "a0_psnr_p90": 45.65143089294433,
      "bright_low_grad_ratio_mean": 0.3500199828016493,
      "bright_low_grad_ratio_p10": 0.10534830729166667,
      "bright_low_grad_ratio_p90": 0.5959954817708333,
      "bucket_counts": {
        "easy_top25_by_a0": 600,
        "hard_bottom25_by_a0": 600,
        "mid_by_a0": 1200
      },
      "count": 2400,
      "filename_param_1_mean": 0.7517791666666667,
      "filename_param_1_p10": 0.55,
      "filename_param_1_p90": 0.95,
      "filename_param_2_mean": 1.22265,
      "filename_param_2_p10": 0.6390000000000001,
      "filename_param_2_p90": 1.84,
      "gradient_mean_mean": 0.024206551429621564,
      "gradient_mean_p10": 0.013194425310939551,
      "gradient_mean_p90": 0.0376719269901514,
      "low_sat_bright_ratio_mean": 0.3806822814670139,
      "low_sat_bright_ratio_p10": 0.10019986979166667,
      "low_sat_bright_ratio_p90": 0.6714505208333332,
      "luma_mean_mean": 0.556816394602259,
      "luma_mean_p10": 0.4355318069458008,
      "luma_mean_p90": 0.6842781841754912,
      "luma_std_mean": 0.20799714723291496,
      "luma_std_p10": 0.15367528051137924,
      "luma_std_p90": 0.2655051052570343,
      "oracle_best_alpha_delta_psnr_mean": 0.8559039950370788,
      "oracle_best_alpha_delta_psnr_p10": 0.0,
      "oracle_best_alpha_delta_psnr_p90": 2.0802595138549798,
      "saturation_mean_mean": 0.07732265632347358,
      "saturation_mean_p10": 0.0289913484826684,
      "saturation_mean_p90": 0.13564155548810958,
      "sky_proxy_ratio_mean": 0.3030120568576389,
      "sky_proxy_ratio_p10": 0.07154828125,
      "sky_proxy_ratio_p90": 0.5592787499999999,
      "split": "train_inner",
      "trans_high_gt_0p66_mean": null,
      "trans_high_gt_0p66_p10": null,
      "trans_high_gt_0p66_p90": null,
      "trans_low_lt_0p33_mean": null,
      "trans_low_lt_0p33_p10": null,
      "trans_low_lt_0p33_p90": null,
      "trans_mean_mean": null,
      "trans_mean_p10": null,
      "trans_mean_p90": null,
      "trans_std_mean": null,
      "trans_std_p10": null,
      "trans_std_p90": null,
      "udp_delta_psnr_mean": -0.3192992953459422,
      "udp_delta_psnr_p10": -2.457630920410156,
      "udp_delta_psnr_p90": 1.7997272491455072
    },
    {
      "a0_psnr_mean": 39.469193382263185,
      "a0_psnr_p10": 33.342264556884764,
      "a0_psnr_p90": 45.60230522155762,
      "bright_low_grad_ratio_mean": 0.35720758810763886,
      "bright_low_grad_ratio_p10": 0.11701953125,
      "bright_low_grad_ratio_p90": 0.5866233984375,
      "bucket_counts": {
        "easy_top25_by_a0": 75,
        "hard_bottom25_by_a0": 75,
        "mid_by_a0": 150
      },
      "count": 300,
      "filename_param_1_mean": 0.7511666666666666,
      "filename_param_1_p10": 0.55,
      "filename_param_1_p90": 0.95,
      "filename_param_2_mean": 1.2784666666666666,
      "filename_param_2_p10": 0.63,
      "filename_param_2_p90": 1.86,
      "gradient_mean_mean": 0.024005374576275548,
      "gradient_mean_p10": 0.01278510969132185,
      "gradient_mean_p90": 0.03620420470833779,
      "low_sat_bright_ratio_mean": 0.39582454817708335,
      "low_sat_bright_ratio_p10": 0.11298765625,
      "low_sat_bright_ratio_p90": 0.70135875,
      "luma_mean_mean": 0.5632908670604229,
      "luma_mean_p10": 0.43989349603652955,
      "luma_mean_p90": 0.6856025874614715,
      "luma_std_mean": 0.20373515595992406,
      "luma_std_p10": 0.14952651113271714,
      "luma_std_p90": 0.26184651553630833,
      "oracle_best_alpha_delta_psnr_mean": 0.8432530530293783,
      "oracle_best_alpha_delta_psnr_p10": 0.0,
      "oracle_best_alpha_delta_psnr_p90": 2.1639793395996096,
      "saturation_mean_mean": 0.07529183387756348,
      "saturation_mean_p10": 0.02704600878059864,
      "saturation_mean_p90": 0.13948177993297578,
      "sky_proxy_ratio_mean": 0.30913335026041666,
      "sky_proxy_ratio_p10": 0.07565772135416667,
      "sky_proxy_ratio_p90": 0.55103234375,
      "split": "val_regular",
      "trans_high_gt_0p66_mean": null,
      "trans_high_gt_0p66_p10": null,
      "trans_high_gt_0p66_p90": null,
      "trans_low_lt_0p33_mean": null,
      "trans_low_lt_0p33_p10": null,
      "trans_low_lt_0p33_p90": null,
      "trans_mean_mean": null,
      "trans_mean_p10": null,
      "trans_mean_p90": null,
      "trans_std_mean": null,
      "trans_std_p10": null,
      "trans_std_p90": null,
      "udp_delta_psnr_mean": -0.3020189666748047,
      "udp_delta_psnr_p10": -2.569229507446289,
      "udp_delta_psnr_p90": 1.941690826416016
    },
    {
      "a0_psnr_mean": 34.24652523676554,
      "a0_psnr_p10": 30.83195552825928,
      "a0_psnr_p90": 37.18087921142578,
      "bright_low_grad_ratio_mean": 0.4666182252604167,
      "bright_low_grad_ratio_p10": 0.25173875,
      "bright_low_grad_ratio_p90": 0.6608687500000001,
      "bucket_counts": {
        "easy_top25_by_a0": 75,
        "hard_bottom25_by_a0": 75,
        "mid_by_a0": 150
      },
      "count": 300,
      "filename_param_1_mean": 0.7743666666666666,
      "filename_param_1_p10": 0.57,
      "filename_param_1_p90": 0.96,
      "filename_param_2_mean": 1.4220666666666666,
      "filename_param_2_p10": 0.83,
      "filename_param_2_p90": 1.9110000000000003,
      "gradient_mean_mean": 0.023781513635379573,
      "gradient_mean_p10": 0.012267627567052842,
      "gradient_mean_p90": 0.036754558235406874,
      "low_sat_bright_ratio_mean": 0.5085327278645834,
      "low_sat_bright_ratio_p10": 0.19553687499999997,
      "low_sat_bright_ratio_p90": 0.7632825000000002,
      "luma_mean_mean": 0.6255603103836378,
      "luma_mean_p10": 0.5134733319282532,
      "luma_mean_p90": 0.7281168818473817,
      "luma_std_mean": 0.19766240857541562,
      "luma_std_p10": 0.1487691283226013,
      "luma_std_p90": 0.2532270967960358,
      "oracle_best_alpha_delta_psnr_mean": 0.9987837282816568,
      "oracle_best_alpha_delta_psnr_p10": 0.0,
      "oracle_best_alpha_delta_psnr_p90": 2.454475021362305,
      "saturation_mean_mean": 0.05656859055782358,
      "saturation_mean_p10": 0.019578651525080204,
      "saturation_mean_p90": 0.10039913207292561,
      "sky_proxy_ratio_mean": 0.4198965190972222,
      "sky_proxy_ratio_p10": 0.1840667578125,
      "sky_proxy_ratio_p90": 0.6342162500000001,
      "split": "val_hard",
      "trans_high_gt_0p66_mean": null,
      "trans_high_gt_0p66_p10": null,
      "trans_high_gt_0p66_p90": null,
      "trans_low_lt_0p33_mean": null,
      "trans_low_lt_0p33_p10": null,
      "trans_low_lt_0p33_p90": null,
      "trans_mean_mean": null,
      "trans_mean_p10": null,
      "trans_mean_p90": null,
      "trans_std_mean": null,
      "trans_std_p10": null,
      "trans_std_p90": null,
      "udp_delta_psnr_mean": 0.426028881072998,
      "udp_delta_psnr_p10": -1.7744243621826172,
      "udp_delta_psnr_p90": 2.454475021362305
    }
  ]
}
