{
  "runs": {
    "A0": {
      "label": "A0",
      "arch": "official_convir",
      "mode": "original",
      "checkpoint": "/sda/home/wangyuxin/ConvIR-B/checkpoints/official/Haze4K/haze4k-base.pkl",
      "depth_mode": "none",
      "airlight_mode": "none",
      "count": 600,
      "mean_psnr": 39.75955163955688,
      "mean_ssim": 0.995632650355498,
      "avg_time_sec_sync": 0.039915899435679116,
      "median_time_sec_sync": 0.039124250411987305,
      "peak_cuda_mem_mib": 535.56884765625
    },
    "DTA_v33_v33_routerfusion_d3_router_seed3411_f1_triage5full_gt_invert": {
      "label": "DTA_v33_v33_routerfusion_d3_router_seed3411_f1_triage5full_gt_invert",
      "arch": "dta_v3",
      "mode": "modres",
      "checkpoint": "/sda/home/wangyuxin/ConvIR-B/repos/ConvIR-B-dta-v3-dapc-finetune-v33-routerfusion/Dehazing/ITS/results/ConvIR-Haze4K-DTA-v3-3-RouterFusion-d3_router-seed3411-f1-triage5full/Training-Results/Final.pkl",
      "depth_mode": "invert",
      "airlight_mode": "gt",
      "count": 600,
      "mean_psnr": 39.751130952835084,
      "mean_ssim": 0.9956247458855311,
      "avg_time_sec_sync": 0.048472304741541544,
      "median_time_sec_sync": 0.04776167869567871,
      "peak_cuda_mem_mib": 541.53955078125
    }
  },
  "comparison": {
    "common_count": 600,
    "mean_psnr_delta": -0.008420686721801757,
    "median_psnr_delta": -0.0062541961669921875,
    "p5_psnr_delta": -0.32679042816162107,
    "p95_psnr_delta": 0.30731315612792953,
    "hard_bottom25_psnr_delta": -0.00418145497639974,
    "easy_top25_psnr_delta": 0.010201670328776042,
    "worst10pct_mean_psnr_delta": -0.3948288599650065,
    "best10pct_mean_psnr_delta": 0.3506789525349935,
    "worst10img_mean_psnr_delta": -0.7586475372314453,
    "best10img_mean_psnr_delta": 0.5716163635253906,
    "worst10_mean_psnr_delta": -0.3948288599650065,
    "best10_mean_psnr_delta": 0.3506789525349935,
    "mean_ssim_delta": -7.904469966888428e-06,
    "positive_ratio": 0.4866666666666667,
    "strong_reference_cut_psnr": 42.834919929504395,
    "strong_reference_count": 150,
    "strong_regression_count_delta_le_-0.05": 52,
    "worst_regression_count_delta_le_-0.20": 78
  }
}
