{
  "runs": {
    "A0": {
      "label": "A0",
      "arch": "official_convir",
      "mode": "original",
      "checkpoint": "/home/caozhiyang/ConvIR-B/checkpoints/official/Haze4K/haze4k-base.pkl",
      "depth_mode": "none",
      "airlight_mode": "none",
      "count": 600,
      "mean_psnr": 39.34407578468323,
      "mean_ssim": 0.995722817381223,
      "avg_time_sec_sync": 0.02497836430867513,
      "median_time_sec_sync": 0.024649500846862793,
      "peak_cuda_mem_mib": 535.44482421875
    },
    "DTA_v34_v34_fdf_tsr_e3_tsr_full_seed3411_f0_quick5full_fallback_train_zero": {
      "label": "DTA_v34_v34_fdf_tsr_e3_tsr_full_seed3411_f0_quick5full_fallback_train_zero",
      "arch": "dta_v3",
      "mode": "modres",
      "checkpoint": "/home/caozhiyang/ConvIR-B/repos/ConvIR-B-dta-v3-4-fdf-tsr-finetune/Dehazing/ITS/results/ConvIR-Haze4K-DTA-v3-4-FDF-TSR-e3_tsr_full-seed3411_f0-quick5full/Training-Results/Final.pkl",
      "depth_mode": "zero",
      "airlight_mode": "fallback",
      "count": 600,
      "mean_psnr": 39.222024059295656,
      "mean_ssim": 0.9956368539730708,
      "avg_time_sec_sync": 0.03237710436185201,
      "median_time_sec_sync": 0.035652995109558105,
      "peak_cuda_mem_mib": 544.6005859375
    }
  },
  "comparison": {
    "common_count": 600,
    "mean_psnr_delta": -0.12205172538757324,
    "median_psnr_delta": -0.1254711151123047,
    "p5_psnr_delta": -0.6849393844604492,
    "p95_psnr_delta": 0.4634181976318357,
    "hard_bottom25_psnr_delta": -0.1600325647989909,
    "easy_top25_psnr_delta": -0.11229743957519531,
    "worst10pct_mean_psnr_delta": -0.7864371617635091,
    "best10pct_mean_psnr_delta": 0.5429737726847331,
    "worst10img_mean_psnr_delta": -1.2505268096923827,
    "best10img_mean_psnr_delta": 1.0088802337646485,
    "worst10_mean_psnr_delta": -0.7864371617635091,
    "best10_mean_psnr_delta": 0.5429737726847331,
    "mean_ssim_delta": -8.596340815226237e-05,
    "positive_ratio": 0.345,
    "strong_reference_cut_psnr": 42.766201972961426,
    "strong_reference_count": 150,
    "strong_regression_count_delta_le_-0.05": 78,
    "worst_regression_count_delta_le_-0.20": 239
  }
}