{
  "runs": {
    "A0": {
      "label": "A0",
      "arch": "official_convir",
      "mode": "original",
      "checkpoint": "/sda/home/wangyuxin/ConvIR-B/checkpoints/official/Haze4K/haze4k-base.pkl",
      "depth_mode": "none",
      "airlight_mode": "none",
      "count": 600,
      "mean_psnr": 39.75955163955688,
      "mean_ssim": 0.995632650355498,
      "avg_time_sec_sync": 0.04260385274887085,
      "median_time_sec_sync": 0.04059100151062012,
      "peak_cuda_mem_mib": 535.56884765625
    },
    "DTA_v33_v33_routerfusion_d2_lowphys_seed3411_f1_triage5full_fallback_shuffle": {
      "label": "DTA_v33_v33_routerfusion_d2_lowphys_seed3411_f1_triage5full_fallback_shuffle",
      "arch": "dta_v3",
      "mode": "modres",
      "checkpoint": "/sda/home/wangyuxin/ConvIR-B/repos/ConvIR-B-dta-v3-dapc-finetune-v33-routerfusion/Dehazing/ITS/results/ConvIR-Haze4K-DTA-v3-3-RouterFusion-d2_lowphys-seed3411-f1-triage5full/Training-Results/Final.pkl",
      "depth_mode": "shuffle",
      "airlight_mode": "fallback",
      "count": 600,
      "mean_psnr": 39.75209665934245,
      "mean_ssim": 0.9956247842311859,
      "avg_time_sec_sync": 0.051630140940348304,
      "median_time_sec_sync": 0.051906704902648926,
      "peak_cuda_mem_mib": 541.7109375
    }
  },
  "comparison": {
    "common_count": 600,
    "mean_psnr_delta": -0.007454980214436849,
    "median_psnr_delta": -0.0048542022705078125,
    "p5_psnr_delta": -0.19056835174560546,
    "p95_psnr_delta": 0.18200111389160153,
    "hard_bottom25_psnr_delta": -0.0018033599853515625,
    "easy_top25_psnr_delta": 0.002420501708984375,
    "worst10pct_mean_psnr_delta": -0.22203343709309895,
    "best10pct_mean_psnr_delta": 0.196470578511556,
    "worst10img_mean_psnr_delta": -0.38157501220703127,
    "best10img_mean_psnr_delta": 0.3041038513183594,
    "worst10_mean_psnr_delta": -0.22203343709309895,
    "best10_mean_psnr_delta": 0.196470578511556,
    "mean_ssim_delta": -7.866124312082926e-06,
    "positive_ratio": 0.48833333333333334,
    "strong_reference_cut_psnr": 42.834919929504395,
    "strong_reference_count": 150,
    "strong_regression_count_delta_le_-0.05": 39,
    "worst_regression_count_delta_le_-0.20": 25
  }
}
