name,A0_PSNR_runtime,A0_SSIM_runtime,hazy_PSNR_runtime,source_split,oof_fold,WD0375_dPSNR,WD0375_severe_risk,A0_PSNR_feature_table,LL_oracle_PSNR,HF_oracle_PSNR,LL_HF_oracle_PSNR,a0_ll_l1_to_gt,a0_hf_l1_to_gt,LL_oracle_dPSNR,HF_oracle_dPSNR,LL_HF_oracle_dPSNR,LL_shrink_0p125_dPSNR,LL_shrink_0p25_dPSNR,LL_shrink_0p375_dPSNR,LL_shrink_0p5_dPSNR,lowband_need_label
1000_0.74_1.6.png,36.9222412109375,0.9977827072143555,13.941683769226074,train_core,0,1.9573898315429688,0,36.9222412109375,53.98373031616211,37.009193420410156,120.0,0.02315281145274639,0.001403103000484407,17.06148910522461,0.08695220947265625,83.0777587890625,1.1337432861328125,2.4327659606933594,3.9510040283203125,5.771354675292969,1
1001_0.89_1.66.png,35.00823211669922,0.975281834602356,15.42971420288086,train_core,1,3.126049041748047,0,35.00823211669922,52.767066955566406,35.0832633972168,120.0,0.027375154197216034,0.0017620365833863616,17.758834838867188,0.07503128051757812,84.99176788330078,1.1371383666992188,2.44134521484375,3.9680404663085938,5.8034820556640625,1
1003_0.9_1.06.png,38.65223693847656,0.986864447593689,18.57712173461914,train_core,2,3.145397186279297,0,38.65223693847656,55.018714904785156,38.75498580932617,120.0,0.01857069879770279,0.0014099866384640336,16.366477966308594,0.10274887084960938,81.34776306152344,1.1288909912109375,2.420604705810547,3.92706298828125,5.7268218994140625,1
1004_0.91_1.17.png,37.140499114990234,0.9887340068817139,17.75993537902832,train_core,3,3.7699928283691406,0,37.140499114990234,54.469886779785156,37.22271728515625,120.0,0.022319365292787552,0.0014875861816108227,17.329387664794922,0.08221817016601562,82.85950088500977,1.1349983215332031,2.4359588623046875,3.9573631286621094,5.783412933349609,1
1005_0.74_1.81.png,38.30308532714844,0.9964064359664917,10.387364387512207,train_core,4,1.2722129821777344,0,38.30308532714844,48.82029724121094,38.71422576904297,120.0,0.01755896396934986,0.0030005371663719416,10.5172119140625,0.41114044189453125,81.69691467285156,1.0428352355957031,2.2074928283691406,3.5167465209960938,4.991321563720703,1
1006_0.89_1.55.png,37.09952926635742,0.9955921173095703,9.17523193359375,train_core,0,1.3182792663574219,0,37.09952926635742,49.125423431396484,37.38396072387695,120.0,0.019575947895646095,0.0028630837332457304,12.025894165039062,0.28443145751953125,82.90047073364258,1.0767784118652344,2.2908058166503906,3.6749496459960938,5.268436431884766,1
1007_0.68_1.25.png,38.78367614746094,0.9977482557296753,13.256032943725586,train_core,1,1.3272743225097656,0,38.78367614746094,51.22874450683594,39.04262161254883,120.0,0.016862777993083,0.002256708685308695,12.445068359375,0.2589454650878906,81.21632385253906,1.0842170715332031,2.309192657470703,3.71026611328125,5.3314361572265625,1
1008_0.52_1.98.png,39.091495513916016,0.9969046115875244,13.228641510009766,train_core,2,1.1805496215820312,0,39.091495513916016,48.341007232666016,39.65084457397461,120.0,0.015244321897625923,0.003084442811086774,9.24951171875,0.5593490600585938,80.90850448608398,1.0032844543457031,2.111621856689453,3.3380279541015625,4.687107086181641,1
1009_0.84_0.56.png,44.452667236328125,0.9891738891601562,13.833619117736816,train_core,3,1.9235954284667969,0,44.452667236328125,57.42988586425781,44.6812858581543,120.0,0.009324193000793457,0.0010756377596408129,12.977218627929688,0.22861862182617188,75.54733276367188,1.0932884216308594,2.331653594970703,3.7534713745117188,5.408729553222656,1
100_0.65_1.43.png,36.1766471862793,0.9961955547332764,15.539742469787598,train_core,4,1.9737739562988281,0,36.1766471862793,52.38368606567383,36.28196334838867,120.0,0.022576462477445602,0.0019092514412477612,16.20703887939453,0.105316162109375,83.8233528137207,1.12811279296875,2.4186172485351562,3.9230880737304688,5.719249725341797,1
1010_0.91_1.13.png,39.22648620605469,0.9720039367675781,8.66865348815918,train_core,0,3.1715774536132812,0,39.22648620605469,54.041412353515625,39.373046875,120.0,0.015936171635985374,0.0015734541229903698,14.814926147460938,0.1465606689453125,80.77351379394531,1.1160697937011719,2.3884315490722656,3.8638687133789062,5.609718322753906,1
1011_0.79_0.66.png,43.75776290893555,0.9900333285331726,13.181461334228516,train_core,1,2.389923095703125,0,43.75776290893555,56.902061462402344,43.97765350341797,120.0,0.010492316447198391,0.0011396629270166159,13.144298553466797,0.21989059448242188,76.24223709106445,1.0957832336425781,2.337848663330078,3.7654380798339844,5.430301666259766,1
1013_0.63_1.83.png,39.767333984375,0.9964033961296082,11.175516128540039,train_core,2,1.7863082885742188,0,39.767333984375,53.070640563964844,39.97860336303711,120.0,0.014986740425229073,0.0018199320184066892,13.303306579589844,0.21126937866210938,80.232666015625,1.098052978515625,2.343486785888672,3.7763519287109375,5.450035095214844,1
1014_0.74_1.61.png,40.07816696166992,0.9961068630218506,11.17103385925293,train_core,3,1.6218757629394531,0,40.07816696166992,53.55984115600586,40.27912902832031,120.0,0.013736710883677006,0.0017403843812644482,13.481674194335938,0.20096206665039062,79.92183303833008,1.1005134582519531,2.349597930908203,3.7882118225097656,5.471530914306641,1
1015_0.7_1.92.png,39.58008575439453,0.9959384799003601,10.27288818359375,train_core,4,1.4910774230957031,0,39.58008575439453,52.39650344848633,39.815818786621094,120.0,0.015321964398026466,0.0019662908744066954,12.816417694091797,0.2357330322265625,80.41991424560547,1.0907669067382812,2.325397491455078,3.7413902282714844,5.386993408203125,1
1017_0.91_1.44.png,33.62205123901367,0.9940270185470581,15.430915832519531,train_core,0,3.4384536743164062,0,33.62205123901367,54.59925842285156,33.65699005126953,120.0,0.025918474420905113,0.0014489319873973727,20.97720718383789,0.034938812255859375,86.37794876098633,1.1492118835449219,2.471832275390625,4.028526306152344,5.9176025390625,1
1018_0.88_0.54.png,38.6190071105957,0.9982120990753174,23.233097076416016,train_core,1,2.555797576904297,0,38.6190071105957,59.0693473815918,38.65846252441406,120.0,0.014422699809074402,0.0008768685511313379,20.450340270996094,0.039455413818359375,81.3809928894043,1.1478614807128906,2.468402862548828,4.021694183349609,5.904609680175781,1
1019_0.82_1.87.png,32.74661636352539,0.9916027784347534,15.333956718444824,train_core,2,3.6232261657714844,0,32.74661636352539,53.76625442504883,32.78123474121094,120.0,0.03173062950372696,0.001585235819220543,21.019638061523438,0.034618377685546875,87.25338363647461,1.1493072509765625,2.4720687866210938,4.029003143310547,5.918506622314453,1
1020_0.5_0.98.png,41.36661911010742,0.9977430105209351,19.501819610595703,train_core,3,1.5672225952148438,0,41.36661911010742,57.58222579956055,41.47197341918945,120.0,0.013676951639354229,0.0010426618391647935,16.215606689453125,0.10535430908203125,78.63338088989258,1.1281204223632812,2.4186477661132812,3.9231643676757812,5.7194061279296875,1
1021_0.73_0.84.png,38.976966857910156,0.9988964796066284,22.616928100585938,train_core,4,3.4670143127441406,0,38.976966857910156,56.857521057128906,39.049034118652344,120.0,0.012748419307172298,0.0011671537067741156,17.88055419921875,0.0720672607421875,81.02303314208984,1.1381568908691406,2.443897247314453,3.973033905029297,5.812705993652344,1
1022_0.66_1.05.png,40.141082763671875,0.9988166689872742,20.875446319580078,train_core,0,3.3135757446289062,0,40.141082763671875,56.08747482299805,40.254310607910156,120.0,0.012409505434334278,0.0012675757752731442,15.946392059326172,0.11322784423828125,79.85891723632812,1.1260299682617188,2.4133987426757812,3.9128494262695312,5.700267791748047,1
1025_0.95_1.79.png,34.59271240234375,0.9947078227996826,12.83496379852295,train_core,1,2.4872169494628906,0,34.59271240234375,51.525489807128906,34.68162536621094,120.0,0.02778755873441696,0.0021437336690723896,16.932777404785156,0.0889129638671875,85.40728759765625,1.1329803466796875,2.430858612060547,3.947235107421875,5.7642974853515625,1
1026_0.77_0.89.png,35.755924224853516,0.9987044334411621,20.634965896606445,train_core,2,1.4953384399414062,0,35.755924224853516,55.73698043823242,35.799766540527344,120.0,0.02684040181338787,0.0013744393363595009,19.981056213378906,0.043842315673828125,84.24407577514648,1.1465034484863281,2.464977264404297,4.0148773193359375,5.891666412353516,1
1027_0.57_1.77.png,33.522281646728516,0.995832622051239,16.70555305480957,train_core,3,2.2463760375976562,0,33.522281646728516,52.29004669189453,33.58037567138672,120.0,0.0315018966794014,0.0018886830657720566,18.767765045166016,0.058094024658203125,86.47771835327148,1.1422195434570312,2.454143524169922,3.993335723876953,5.850917816162109,1
1029_0.71_0.56.png,44.240779876708984,0.9988982081413269,18.650897979736328,train_core,4,1.8564453125,0,44.240779876708984,58.05521011352539,44.428733825683594,120.0,0.008411911316215992,0.001046350342221558,13.814430236816406,0.18795394897460938,75.75922012329102,1.1046981811523438,2.3600387573242188,3.8085174560546875,5.508495330810547,1
1030_0.75_1.69.png,38.21989059448242,0.9896572828292847,10.03093147277832,train_core,0,1.6663665771484375,0,38.21989059448242,52.800193786621094,38.37665939331055,120.0,0.018516503274440765,0.0018460024148225784,14.580303192138672,0.156768798828125,81.78010940551758,1.1133041381835938,2.3815155029296875,3.8503684997558594,5.585002899169922,1
1032_0.6_0.6.png,43.00468444824219,0.9986781477928162,19.162668228149414,train_core,1,1.5016708374023438,0,43.00468444824219,58.04625701904297,43.145172119140625,120.0,0.009714964777231216,0.0010407279478386045,15.041572570800781,0.1404876708984375,76.99531555175781,1.1181716918945312,2.3937034606933594,3.87420654296875,5.628818511962891,1
1034_0.55_0.77.png,37.81723403930664,0.9962650537490845,19.292354583740234,train_core,2,3.5167312622070312,0,37.81723403930664,57.20930480957031,37.86831283569336,120.0,0.021923061460256577,0.0010934950551018119,19.392070770263672,0.05107879638671875,82.18276596069336,1.1445732116699219,2.4600868225097656,4.005146026611328,5.873241424560547,1
103_0.75_1.59.png,31.22649383544922,0.9877638220787048,11.74465274810791,train_core,3,3.2463607788085938,0,31.22649383544922,51.70464324951172,31.265579223632812,120.0,0.04484729468822479,0.0018020980060100555,20.4781494140625,0.03908538818359375,88.77350616455078,1.14794921875,2.4686241149902344,4.022136688232422,5.905437469482422,1
1040_0.78_2.0.png,31.56243133544922,0.9948179721832275,11.747858047485352,train_core,4,3.0642623901367188,0,31.56243133544922,52.52375030517578,31.59745216369629,120.0,0.03263091295957565,0.0017465193523094058,20.961318969726562,0.03502082824707031,88.43756866455078,1.1491737365722656,2.4717330932617188,4.0283355712890625,5.917224884033203,1
1041_0.64_0.82.png,36.111610412597656,0.9972074031829834,16.101051330566406,train_core,0,3.5499191284179688,0,36.111610412597656,55.67585754394531,36.160282135009766,120.0,0.02657441794872284,0.0012559824390336871,19.564247131347656,0.048671722412109375,83.88838958740234,1.1450843811035156,2.4613876342773438,4.007743835449219,5.878177642822266,1
1042_0.91_0.56.png,42.3957405090332,0.9986586570739746,17.10085678100586,train_core,1,2.1910476684570312,0,42.3957405090332,57.65373992919922,42.52823257446289,120.0,0.01082291267812252,0.001055947970598936,15.257999420166016,0.1324920654296875,77.6042594909668,1.1202659606933594,2.3989334106445312,3.8844337463378906,5.647621154785156,1
1043_0.68_1.87.png,34.00215530395508,0.9925239086151123,10.025421142578125,train_core,2,2.90277099609375,0,34.00215530395508,50.943458557128906,34.091609954833984,120.0,0.03278393670916557,0.002084869658574462,16.941303253173828,0.08945465087890625,85.99784469604492,1.1328392028808594,2.4304962158203125,3.9465293884277344,5.7630157470703125,1
1044_0.69_0.99.png,38.0838623046875,0.9974091053009033,14.30201530456543,train_core,3,3.6550064086914062,0,38.0838623046875,54.738582611083984,38.17942810058594,120.0,0.020500866696238518,0.0013893638970330358,16.654720306396484,0.0955657958984375,81.9161376953125,1.131072998046875,2.426067352294922,3.9377975463867188,5.7467193603515625,1
1046_0.91_1.69.png,31.82438850402832,0.9705747365951538,8.312312126159668,train_core,4,2.784799575805664,0,31.82438850402832,47.28471374511719,31.95039939880371,120.0,0.0394480861723423,0.0032325389329344034,15.460325241088867,0.12601089477539062,88.17561149597168,1.122030258178711,2.403348922729492,3.8930721282958984,5.66356086730957,1
1047_0.89_1.57.png,31.743871688842773,0.974963903427124,8.81329345703125,train_core,0,2.855264663696289,0,31.743871688842773,47.788753509521484,31.853628158569336,120.0,0.04080383479595184,0.003048945916816592,16.04488182067871,0.1097564697265625,88.25612831115723,1.1268138885498047,2.415353775024414,3.916666030883789,5.707315444946289,1
1048_0.73_0.95.png,33.03868103027344,0.9848040342330933,13.25390625,train_core,1,3.5106964111328125,0,33.03868103027344,50.932064056396484,33.10994338989258,120.0,0.03539649397134781,0.0020801115315407515,17.893383026123047,0.07126235961914062,86.96131896972656,1.1382675170898438,2.4441795349121094,3.9735755920410156,5.813690185546875,1
1049_0.97_1.09.png,38.180789947509766,0.9960459470748901,11.657761573791504,train_core,2,0.4601287841796875,0,38.180789947509766,50.756378173828125,38.428951263427734,120.0,0.016489632427692413,0.0020996725652366877,12.57558822631836,0.24816131591796875,81.81921005249023,1.086883544921875,2.3157730102539062,3.7228546142578125,5.353740692138672,1
104_0.88_1.76.png,31.509904861450195,0.9865877032279968,10.38669490814209,train_core,3,2.9578075408935547,0,31.509904861450195,51.70026397705078,31.551673889160156,120.0,0.039963748306035995,0.001971276244148612,20.190359115600586,0.04176902770996094,88.4900951385498,1.147134780883789,2.4665660858154297,4.018037796020508,5.89765739440918,1
1050_0.61_1.24.png,40.258216857910156,0.9977657198905945,14.733936309814453,train_core,4,1.3637580871582031,0,40.258216857910156,51.78888702392578,40.580440521240234,120.0,0.014500773511826992,0.0018866333412006497,11.530670166015625,0.3222236633300781,79.74178314208984,1.0672531127929688,2.2673072814941406,3.629985809326172,5.188732147216797,1
1051_0.69_0.54.png,42.749366760253906,0.998593807220459,19.222209930419922,train_core,0,1.2342796325683594,0,42.749366760253906,55.616615295410156,42.98322296142578,120.0,0.011028775945305824,0.0012723166728392243,12.86724853515625,0.233856201171875,77.2506332397461,1.0916366577148438,2.327545166015625,3.7455215454101562,5.394397735595703,1
1052_0.73_1.22.png,38.58009719848633,0.9968553781509399,12.846128463745117,train_core,1,1.0471763610839844,0,38.58009719848633,51.299346923828125,38.8209228515625,120.0,0.017456844449043274,0.0020017491187900305,12.719249725341797,0.24082565307617188,81.41990280151367,1.0891799926757812,2.321460723876953,3.7337913513183594,5.373355865478516,1
1053_0.54_1.81.png,37.231693267822266,0.9685845375061035,16.356426239013672,train_core,2,4.084621429443359,0,37.231693267822266,52.960235595703125,37.35089111328125,120.0,0.023169228807091713,0.0017632035305723548,15.72854232788086,0.11919784545898438,82.76830673217773,1.1242942810058594,2.4090347290039062,3.904247283935547,5.684261322021484,1
1054_0.86_1.22.png,38.022762298583984,0.9812166094779968,15.639410018920898,train_core,3,3.0966567993164062,0,38.022762298583984,54.60208511352539,38.11992645263672,120.0,0.018884731456637383,0.0015185708180069923,16.579322814941406,0.09716415405273438,81.97723770141602,1.1305656433105469,2.424774169921875,3.935230255126953,5.74188232421875,1
1055_0.8_1.95.png,34.83050537109375,0.9561159014701843,12.852019309997559,train_core,4,3.6180076599121094,0,34.83050537109375,52.13243865966797,34.91316223144531,120.0,0.030246537178754807,0.0019590449519455433,17.30193328857422,0.0826568603515625,85.16949462890625,1.1349334716796875,2.435779571533203,3.95697021484375,5.782539367675781,1
1057_0.96_1.31.png,40.0328254699707,0.9929146766662598,14.331113815307617,train_core,0,1.8097267150878906,0,40.0328254699707,51.35947799682617,40.38334274291992,120.0,0.012958500534296036,0.0018713298486545682,11.326652526855469,0.35051727294921875,79.9671745300293,1.0589370727539062,2.2471656799316406,3.5924415588378906,5.124805450439453,1
1058_0.6_1.0.png,42.032283782958984,0.996312141418457,19.862552642822266,train_core,1,1.3068923950195312,0,42.032283782958984,54.1861686706543,42.31588363647461,120.0,0.010395294055342674,0.0014235666021704674,12.153884887695312,0.283599853515625,77.96771621704102,1.0781784057617188,2.2943496704101562,3.6819725036621094,5.281501770019531,1
1059_0.87_0.7.png,42.161582946777344,0.9982818365097046,19.405887603759766,train_core,2,3.0087738037109375,0,42.161582946777344,55.044281005859375,42.39869689941406,120.0,0.009426587261259556,0.001287306658923626,12.882698059082031,0.23711395263671875,77.83841705322266,1.0909614562988281,2.325969696044922,3.7427101135253906,5.3899078369140625,1
1060_0.94_1.09.png,40.53528594970703,0.9960651397705078,15.621833801269531,train_core,3,2.1237831115722656,0,40.53528594970703,52.60589599609375,40.825523376464844,120.0,0.012058315798640251,0.001654330757446587,12.070610046386719,0.2902374267578125,79.46471405029297,1.0757980346679688,2.2885360717773438,3.6709938049316406,5.2624664306640625,1
1061_0.91_0.94.png,35.50494384765625,0.9919552803039551,12.019277572631836,train_core,4,3.2066078186035156,0,35.50494384765625,55.050907135009766,35.553863525390625,120.0,0.024935347959399223,0.0014847730053588748,19.545963287353516,0.048919677734375,84.49505615234375,1.1450576782226562,2.461315155029297,4.007598876953125,5.8778839111328125,1
1062_0.58_1.51.png,34.548439025878906,0.9884068369865417,10.992799758911133,train_core,0,3.485748291015625,0,34.548439025878906,53.720096588134766,34.60279083251953,120.0,0.02919881045818329,0.001714687212370336,19.17165756225586,0.054351806640625,85.4515609741211,1.1436614990234375,2.457794189453125,4.000602722167969,5.864658355712891,1
1064_0.54_0.97.png,37.867576599121094,0.9957189559936523,14.797760009765625,train_core,1,2.0227279663085938,0,37.867576599121094,56.065528869628906,37.935630798339844,120.0,0.02011006698012352,0.0013235179940238595,18.197952270507812,0.06805419921875,82.1324234008789,1.1396408081054688,2.4476318359375,3.980438232421875,5.826622009277344,1
1065_0.84_1.48.png,40.087886810302734,0.9946179389953613,9.445513725280762,train_core,2,2.7181472778320312,0,40.087886810302734,53.741573333740234,40.28050994873047,120.0,0.015311185270547867,0.0016570169245824218,13.6536865234375,0.19262313842773438,79.91211318969727,1.1028289794921875,2.355365753173828,3.799396514892578,5.491813659667969,1
1066_0.58_1.42.png,38.98136901855469,0.9959184527397156,11.683993339538574,train_core,3,2.8922958374023438,0,38.98136901855469,54.96747589111328,39.0937385559082,120.0,0.01671890914440155,0.0014100460102781653,15.986106872558594,0.11236953735351562,81.01863098144531,1.126373291015625,2.4142532348632812,3.9145164489746094,5.703338623046875,1
1067_0.62_1.35.png,39.57331085205078,0.9962050318717957,11.698858261108398,train_core,4,3.1178817749023438,0,39.57331085205078,55.41752243041992,39.689029693603516,120.0,0.015990203246474266,0.0013653725618496537,15.84421157836914,0.11571884155273438,80.42668914794922,1.1252593994140625,2.4114456176757812,3.90899658203125,5.693092346191406,1
1068_0.69_1.34.png,40.14018630981445,0.9960957765579224,11.143619537353516,train_core,0,2.8449859619140625,0,40.14018630981445,55.136714935302734,40.280879974365234,120.0,0.015121250413358212,0.0014120358973741531,14.996528625488281,0.14069366455078125,79.85981369018555,1.1178817749023438,2.3929595947265625,3.8727073669433594,5.625965118408203,1
1070_0.79_1.57.png,34.46012878417969,0.9878884553909302,10.220792770385742,train_core,1,4.07330322265625,0,34.46012878417969,52.52523422241211,34.52848434448242,120.0,0.02996016852557659,0.0018320204690098763,18.065105438232422,0.06835556030273438,85.53987121582031,1.139129638671875,2.4463462829589844,3.9778709411621094,5.821769714355469,1
1071_0.69_1.75.png,31.66425895690918,0.9838303923606873,9.813720703125,train_core,2,4.188711166381836,0,31.66425895690918,50.94740295410156,31.715797424316406,120.0,0.045077841728925705,0.0020986206363886595,19.283143997192383,0.05153846740722656,88.33574104309082,1.1441822052001953,2.459108352661133,4.003202438354492,5.86955451965332,1
1072_0.58_0.58.png,38.13917541503906,0.9959018230438232,18.98842430114746,train_core,3,3.5701332092285156,0,38.13917541503906,57.665592193603516,38.187889099121094,120.0,0.021667802706360817,0.00103093555662781,19.526416778564453,0.04871368408203125,81.86082458496094,1.1450309753417969,2.4612579345703125,4.007476806640625,5.877647399902344,1
1073_0.51_0.98.png,39.438934326171875,0.9987540245056152,22.572288513183594,train_core,4,3.7971572875976562,0,39.438934326171875,57.07958221435547,39.51470184326172,120.0,0.01647411659359932,0.001062804483808577,17.640647888183594,0.07576751708984375,80.56106567382812,1.1369514465332031,2.4408645629882812,3.967021942138672,5.801395416259766,1
1077_0.94_0.84.png,40.86440658569336,0.9972171783447266,13.653461456298828,train_core,0,1.3268318176269531,0,40.86440658569336,53.799720764160156,41.093746185302734,120.0,0.012553644366562366,0.001662570983171463,12.935314178466797,0.229339599609375,79.13559341430664,1.0925941467285156,2.329925537109375,3.7501258850097656,5.402713775634766,1
1078_0.96_0.54.png,43.199432373046875,0.9982789754867554,16.70585823059082,train_core,1,1.2098541259765625,0,43.199432373046875,55.875953674316406,43.44353103637695,120.0,0.009767857380211353,0.0013542993692681193,12.676521301269531,0.24409866333007812,76.80056762695312,1.0885162353515625,2.3198089599609375,3.7306137084960938,5.367633819580078,1
1079_0.77_1.21.png,39.780487060546875,0.9962639808654785,13.128896713256836,train_core,2,1.5421905517578125,0,39.780487060546875,52.33562469482422,40.031795501708984,120.0,0.014835285022854805,0.0019543820526450872,12.555137634277344,0.2513084411621094,80.21951293945312,1.0864601135253906,2.314716339111328,3.7208023071289062,5.350070953369141,1
107_0.77_1.67.png,34.29155731201172,0.9953268766403198,13.605293273925781,train_core,3,3.6299514770507812,0,34.29155731201172,50.53340530395508,34.39601135253906,120.0,0.023150736466050148,0.0020470228046178818,16.24184799194336,0.10445404052734375,85.70844268798828,1.1283683776855469,2.4192543029785156,3.924346923828125,5.721584320068359,1
1081_0.66_1.5.png,32.3872184753418,0.9940415620803833,14.871964454650879,train_core,4,4.057411193847656,0,32.3872184753418,52.82474899291992,32.426761627197266,120.0,0.037780411541461945,0.0018087681382894516,20.437530517578125,0.03954315185546875,87.6127815246582,1.1478157043457031,2.468292236328125,4.021480560302734,5.904209136962891,1
1082_0.94_0.87.png,33.75794982910156,0.9952841997146606,14.517396926879883,train_core,0,3.534515380859375,0,33.75794982910156,54.48735046386719,33.79487609863281,120.0,0.0301138274371624,0.0014903796836733818,20.729400634765625,0.03692626953125,86.24205017089844,1.1485977172851562,2.4702796936035156,4.025440216064453,5.911720275878906,1
1086_0.6_0.76.png,44.294532775878906,0.9991790652275085,18.593198776245117,train_core,1,1.0209388732910156,0,44.294532775878906,54.51063537597656,44.73480224609375,120.0,0.008626062422990799,0.001555178896524012,10.216102600097656,0.44026947021484375,75.7054672241211,1.0350799560546875,2.1885604858398438,3.4810638427734375,4.929615020751953,1
1088_0.57_0.97.png,43.63494110107422,0.9989721775054932,17.235158920288086,train_core,2,0.4731597900390625,0,43.63494110107422,53.76640319824219,44.08506393432617,120.0,0.009347761981189251,0.0016989117721095681,10.131462097167969,0.4501228332519531,76.36505889892578,1.0326461791992188,2.1826324462890625,3.469970703125,4.910587310791016,1
1089_0.76_1.23.png,38.241127014160156,0.9963192939758301,13.566426277160645,train_core,3,2.1312103271484375,0,38.241127014160156,55.024681091308594,38.333290100097656,120.0,0.018719177693128586,0.0014625772600993514,16.783554077148438,0.0921630859375,81.75887298583984,1.1320152282714844,2.4284286499023438,3.9424362182617188,5.755321502685547,1
108_0.96_0.98.png,31.495180130004883,0.9948986768722534,15.70324420928955,train_core,4,4.353292465209961,0,31.495180130004883,53.12709426879883,31.52511215209961,120.0,0.033248886466026306,0.001580796088092029,21.631914138793945,0.029932022094726562,88.50481986999512,1.1507205963134766,2.475637435913086,4.036123275756836,5.932027816772461,1
1090_0.54_0.58.png,41.2755241394043,0.9981679916381836,21.43660545349121,train_core,0,0.08477401733398438,0,41.2755241394043,57.43602752685547,41.38239288330078,120.0,0.012391531839966774,0.0010485976235941052,16.160503387451172,0.10686874389648438,78.7244758605957,1.1277503967285156,2.417713165283203,3.9213180541992188,5.715969085693359,1
1091_0.79_1.01.png,38.78462219238281,0.9970386028289795,15.063554763793945,train_core,1,1.1924972534179688,0,38.78462219238281,55.9890022277832,38.86819076538086,120.0,0.017077552154660225,0.0013123814715072513,17.20438003540039,0.08356857299804688,81.21537780761719,1.1345787048339844,2.4348793029785156,3.9551773071289062,5.779170989990234,1
1093_0.65_1.34.png,33.87598419189453,0.9966282844543457,16.32831382751465,train_core,2,3.3474884033203125,0,33.87598419189453,53.81798553466797,33.920326232910156,120.0,0.03280317783355713,0.0016177529469132423,19.942001342773438,0.044342041015625,86.12401580810547,1.1463623046875,2.4646072387695312,4.014141082763672,5.890285491943359,1
1095_0.9_0.64.png,36.157745361328125,0.9983763694763184,18.227554321289062,train_core,3,3.6130523681640625,0,36.157745361328125,56.822200775146484,36.19526290893555,120.0,0.02440054528415203,0.001172411604784429,20.66445541381836,0.037517547607421875,83.84225463867188,1.1484298706054688,2.4698448181152344,4.024574279785156,5.910072326660156,1
1097_0.85_1.71.png,26.514854431152344,0.9868390560150146,14.125083923339844,train_core,4,3.430206298828125,0,26.514854431152344,53.3199462890625,26.52393341064453,120.0,0.07108154147863388,0.0014932373305782676,26.805091857910156,0.0090789794921875,93.48514556884766,1.157064437866211,2.491729736328125,4.068281173706055,5.993492126464844,1
1099_0.54_1.76.png,33.76907730102539,0.9950190782546997,22.264955520629883,train_core,0,2.6015625,0,33.76907730102539,51.97150802612305,33.83534240722656,120.0,0.03382035717368126,0.0014868542784824967,18.202430725097656,0.06626510620117188,86.23092269897461,1.1397743225097656,2.4479713439941406,3.9811019897460938,5.827846527099609,1
109_0.54_0.97.png,38.60458755493164,0.9984235763549805,18.158273696899414,train_core,1,3.3894920349121094,0,38.60458755493164,56.167823791503906,38.68282699584961,120.0,0.019580407068133354,0.0011356193572282791,17.563236236572266,0.07823944091796875,81.39541244506836,1.1362648010253906,2.4391441345214844,3.963642120361328,5.795146942138672,1
10_0.78_1.56.png,38.89318084716797,0.9978498220443726,9.536347389221191,train_core,2,2.791065216064453,0,38.89318084716797,51.363800048828125,39.15087890625,120.0,0.015678929165005684,0.0021996155846863985,12.470619201660156,0.25769805908203125,81.10681915283203,1.0850296020507812,2.3111801147460938,3.714008331298828,5.337921142578125,1
1104_0.89_1.59.png,25.45185089111328,0.9866368174552917,10.100374221801758,train_core,3,3.5195369720458984,0,25.45185089111328,52.673561096191406,25.460100173950195,120.0,0.07552307099103928,0.001961066387593746,27.221710205078125,0.008249282836914062,94.54814910888672,1.157318115234375,2.492368698120117,4.0695648193359375,5.995948791503906,1
1105_0.82_0.89.png,39.0895881652832,0.9984573125839233,18.202667236328125,train_core,4,1.6240730285644531,0,39.0895881652832,55.93259811401367,39.180416107177734,120.0,0.018163863569498062,0.001255377777852118,16.84300994873047,0.09082794189453125,80.9104118347168,1.1324195861816406,2.4294395446777344,3.9444351196289062,5.759063720703125,1
1106_0.89_1.69.png,31.709938049316406,0.9945467710494995,12.058866500854492,train_core,0,2.576213836669922,0,31.709938049316406,51.4832878112793,31.755958557128906,120.0,0.042287737131118774,0.0019702317658811808,19.77334976196289,0.0460205078125,88.2900619506836,1.1458511352539062,2.4633216857910156,4.0115814208984375,5.885417938232422,1
1107_0.98_1.25.png,31.83049774169922,0.9959413409233093,13.447031021118164,train_core,1,2.7511367797851562,0,31.83049774169922,53.43234634399414,31.860654830932617,120.0,0.04061508923768997,0.0016470287228003144,21.601848602294922,0.030157089233398438,88.16950225830078,1.1506538391113281,2.475475311279297,4.035789489746094,5.931407928466797,1
1109_0.9_0.79.png,40.03135681152344,0.9984828233718872,22.040616989135742,train_core,2,2.4156341552734375,0,40.03135681152344,56.63947296142578,40.12733459472656,120.0,0.015194226987659931,0.001194160315208137,16.608116149902344,0.095977783203125,79.96864318847656,1.1309089660644531,2.4256324768066406,3.9369163513183594,5.745014190673828,1
110_0.55_1.08.png,38.41853332519531,0.9985271692276001,16.894790649414062,train_core,3,3.1453323364257812,0,38.41853332519531,55.85140609741211,38.49910354614258,120.0,0.020107869058847427,0.0011861937819048762,17.432872772216797,0.08057022094726562,81.58146667480469,1.1355361938476562,2.4373016357421875,3.9600067138671875,5.7883148193359375,1
1112_0.61_0.52.png,41.87896728515625,0.999295175075531,28.267610549926758,train_core,4,1.6724700927734375,0,41.87896728515625,58.20440673828125,41.98162078857422,120.0,0.013591187074780464,0.0009805028093978763,16.325439453125,0.10265350341796875,78.12103271484375,1.12896728515625,2.4207534790039062,3.92730712890625,5.727100372314453,1
1113_0.9_0.52.png,44.63855743408203,0.9951305389404297,19.1953067779541,train_core,0,0.5479278564453125,0,44.63855743408203,57.39436721801758,44.87745666503906,120.0,0.00889087375253439,0.0009959029266610742,12.755809783935547,0.23889923095703125,75.36144256591797,1.0895309448242188,2.3223342895507812,3.7355003356933594,5.376457214355469,1
1114_0.76_1.34.png,36.62480926513672,0.9888719320297241,13.203352928161621,train_core,1,3.0797195434570312,0,36.62480926513672,53.2926025390625,36.72076416015625,120.0,0.022374583408236504,0.0015227370895445347,16.66779327392578,0.09595489501953125,83.37519073486328,1.1309814453125,2.425830841064453,3.9373245239257812,5.745838165283203,1
1115_0.58_1.94.png,34.026676177978516,0.9840542078018188,11.952186584472656,train_core,2,2.52349853515625,0,34.026676177978516,52.018890380859375,34.09770584106445,120.0,0.030662328004837036,0.0017363507067784667,17.99221420288086,0.0710296630859375,85.97332382202148,1.1384696960449219,2.444713592529297,3.9746627807617188,5.815837860107422,1
1116_0.63_1.62.png,34.57939529418945,0.987280011177063,12.79104995727539,train_core,3,3.169605255126953,0,34.57939529418945,52.944313049316406,34.64434814453125,120.0,0.02810272015631199,0.0015916606644168496,18.364917755126953,0.06495285034179688,85.42060470581055,1.1402702331542969,2.449237823486328,3.983623504638672,5.832668304443359,1
1118_0.66_1.66.png,33.832767486572266,0.9967800378799438,19.069040298461914,train_core,4,3.187183380126953,0,33.832767486572266,54.06047439575195,33.874176025390625,120.0,0.032039813697338104,0.0016010613180696964,20.227706909179688,0.041408538818359375,86.16723251342773,1.1472396850585938,2.466838836669922,4.018581390380859,5.898693084716797,1
1119_0.62_1.98.png,33.90437316894531,0.9962608218193054,17.965255737304688,train_core,0,2.298900604248047,0,33.90437316894531,53.345130920410156,33.95405197143555,120.0,0.029556836932897568,0.0017330170376226306,19.440757751464844,0.049678802490234375,86.09562683105469,1.144744873046875,2.460521697998047,4.006015777587891,5.8748779296875,1
111_0.57_1.22.png,38.62628173828125,0.9985801577568054,15.412666320800781,train_core,1,3.5597152709960938,0,38.62628173828125,55.24193572998047,38.723724365234375,120.0,0.018782665953040123,0.0012778380187228322,16.61565399169922,0.097442626953125,81.37371826171875,1.1305580139160156,2.4247665405273438,3.9352569580078125,5.742046356201172,1
1120_0.78_1.11.png,34.73760223388672,0.9978429675102234,20.63962745666504,train_core,2,4.155097961425781,0,34.73760223388672,55.32402038574219,34.77571487426758,120.0,0.03011559695005417,0.001384021365083754,20.58641815185547,0.038112640380859375,85.26239776611328,1.1482391357421875,2.4693603515625,4.023609161376953,5.908233642578125,1
1121_0.88_0.92.png,38.20148468017578,0.996673583984375,16.345489501953125,train_core,3,2.0588340759277344,0,38.20148468017578,53.44304656982422,38.33373260498047,120.0,0.015751279890537262,0.0016758544370532036,15.241561889648438,0.1322479248046875,81.79851531982422,1.120208740234375,2.3987884521484375,3.884124755859375,5.647014617919922,1
1123_0.7_1.0.png,40.63348388671875,0.9976739287376404,18.30233383178711,train_core,4,1.3124122619628906,0,40.63348388671875,53.25700759887695,40.879119873046875,120.0,0.013105621561408043,0.0016996832564473152,12.623523712158203,0.245635986328125,79.36651611328125,1.0877037048339844,2.317790985107422,3.7267112731933594,5.360603332519531,1
1124_0.74_1.17.png,39.13054656982422,0.9967503547668457,16.814363479614258,train_core,0,2.229389190673828,0,39.13054656982422,52.156028747558594,39.353973388671875,120.0,0.015710456296801567,0.0019068900728598237,13.025482177734375,0.22342681884765625,80.86945343017578,1.0940437316894531,2.333515167236328,3.7570571899414062,5.415157318115234,1
1125_0.72_1.76.png,36.610355377197266,0.9959055781364441,14.006165504455566,train_core,1,1.7665061950683594,0,36.610355377197266,51.42988204956055,36.75990295410156,120.0,0.022333819419145584,0.0019892605487257242,14.819526672363281,0.14954757690429688,83.38964462280273,1.1161956787109375,2.3887367248535156,3.8644447326660156,5.610752105712891,1
1126_0.73_0.82.png,40.227272033691406,0.9982460737228394,18.509143829345703,train_core,2,1.7039108276367188,0,40.227272033691406,54.18073654174805,40.40650177001953,120.0,0.014801847748458385,0.001435352023690939,13.95346450805664,0.179229736328125,79.7727279663086,1.1064987182617188,2.3645286560058594,3.8172378540039062,5.5243377685546875,1
1127_0.91_0.61.png,39.068389892578125,0.9978559017181396,19.442665100097656,train_core,3,2.788127899169922,0,39.068389892578125,55.57789611816406,39.166717529296875,120.0,0.016204679384827614,0.0012720796512439847,16.509506225585938,0.09832763671875,80.93161010742188,1.1302261352539062,2.423919677734375,3.933544158935547,5.738731384277344,1
1129_0.92_1.33.png,37.97704315185547,0.9973959922790527,17.059967041015625,train_core,4,2.7748947143554688,0,37.97704315185547,54.819419860839844,38.06786346435547,120.0,0.019063008949160576,0.0013174543855711818,16.842376708984375,0.0908203125,82.02295684814453,1.132415771484375,2.4294357299804688,3.944427490234375,5.759052276611328,1
112_0.8_1.78.png,34.0411262512207,0.9962815046310425,10.167370796203613,train_core,0,3.3897438049316406,0,34.0411262512207,51.926876068115234,34.11315155029297,120.0,0.02622685208916664,0.0018417792161926627,17.88574981689453,0.07202529907226562,85.9588737487793,1.1380577087402344,2.4436607360839844,3.9725914001464844,5.811946868896484,1
1130_0.94_1.44.png,36.907588958740234,0.9969528913497925,16.190105438232422,train_core,1,2.5099754333496094,0,36.907588958740234,54.477142333984375,36.984283447265625,120.0,0.021958349272608757,0.001374328974634409,17.56955337524414,0.07669448852539062,83.09241104125977,1.1366348266601562,2.4400558471679688,3.9654197692871094,5.798366546630859,1
1131_0.66_1.99.png,37.01746368408203,0.9968047142028809,17.709537506103516,train_core,2,1.4198570251464844,0,37.01746368408203,53.747901916503906,37.11081314086914,120.0,0.0242343507707119,0.0014555208617821336,16.730438232421875,0.09334945678710938,82.98253631591797,1.1317024230957031,2.4276466369628906,3.940887451171875,5.75244140625,1
1132_0.75_0.84.png,44.95252227783203,0.9989742040634155,24.10341453552246,train_core,3,0.8000030517578125,0,44.95252227783203,56.99858093261719,45.232540130615234,120.0,0.00805106945335865,0.0010188688756898046,12.046058654785156,0.2800178527832031,75.04747772216797,1.0776138305664062,2.2928390502929688,3.6787490844726562,5.2749786376953125,1
1135_0.55_1.74.png,36.909915924072266,0.9967833757400513,15.367287635803223,train_core,4,2.2467384338378906,0,36.909915924072266,52.60954284667969,37.02923583984375,120.0,0.019060874357819557,0.0018853414803743362,15.699626922607422,0.11931991577148438,83.09008407592773,1.1241455078125,2.4086570739746094,3.9034957885742188,5.6828765869140625,1
1136_0.96_0.74.png,35.3126106262207,0.9963871836662292,16.113815307617188,train_core,0,2.2755126953125,0,35.3126106262207,55.522457122802734,35.3553466796875,120.0,0.02051440067589283,0.0013774022227153182,20.20984649658203,0.042736053466796875,84.6873893737793,1.1471824645996094,2.466686248779297,4.018276214599609,5.8981170654296875,1
1138_0.86_1.95.png,30.780635833740234,0.9921126365661621,14.178030014038086,train_core,1,4.484180450439453,0,30.780635833740234,51.8211784362793,30.814950942993164,120.0,0.049852482974529266,0.001784689724445343,21.040542602539062,0.03431510925292969,89.21936416625977,1.1493911743164062,2.4722747802734375,4.029407501220703,5.919261932373047,1
1139_0.58_1.05.png,39.83842849731445,0.9988743662834167,29.625732421875,train_core,2,3.830005645751953,0,39.83842849731445,58.01883316040039,39.904964447021484,120.0,0.015490922145545483,0.0009566125809215009,18.180404663085938,0.06653594970703125,80.16157150268555,1.1396751403808594,2.4477195739746094,3.9805946350097656,5.826892852783203,1
1140_0.67_1.42.png,35.48466110229492,0.9977940320968628,24.33213996887207,train_core,3,5.255462646484375,0,35.48466110229492,56.025291442871094,35.52317810058594,120.0,0.02993788756430149,0.0011599702993407845,20.540630340576172,0.038516998291015625,84.51533889770508,1.1481132507324219,2.4690513610839844,4.022983551025391,5.907054901123047,1
1141_0.93_1.87.png,38.159767150878906,0.9878098964691162,7.513555526733398,train_core,4,1.778839111328125,0,38.159767150878906,50.53840637207031,38.42078399658203,120.0,0.01777222566306591,0.0023557059466838837,12.378639221191406,0.261016845703125,81.8402328491211,1.0834426879882812,2.3072509765625,3.7064285278320312,5.324348449707031,1
1142_0.64_0.53.png,44.47632598876953,0.9977093935012817,18.89675521850586,train_core,0,1.7591400146484375,0,44.47632598876953,58.1104621887207,44.67085266113281,120.0,0.008997924625873566,0.0010460703633725643,13.634136199951172,0.19452667236328125,75.52367401123047,1.1025619506835938,2.354705810546875,3.7981109619140625,5.489463806152344,1
1143_0.73_1.33.png,38.36022186279297,0.99288409948349,10.923310279846191,train_core,1,2.508380889892578,0,38.36022186279297,53.92160415649414,38.48372268676758,120.0,0.018850073218345642,0.001636986155062914,15.561382293701172,0.12350082397460938,81.63977813720703,1.1229705810546875,2.405712127685547,3.8977203369140625,5.672161102294922,1
1144_0.87_1.96.png,37.58504867553711,0.987877368927002,7.563055038452148,train_core,2,1.7075462341308594,0,37.58504867553711,50.602439880371094,37.810386657714844,120.0,0.019750485196709633,0.002349565038457513,13.017391204833984,0.22533798217773438,82.41495132446289,1.09381103515625,2.3329429626464844,3.7559547424316406,5.413196563720703,1
1145_0.9_1.2.png,34.376365661621094,0.9960435628890991,17.29464340209961,train_core,3,2.6040115356445312,0,34.376365661621094,54.65629196166992,34.417274475097656,120.0,0.032254502177238464,0.0014527677558362484,20.279926300048828,0.0409088134765625,85.6236343383789,1.1473884582519531,2.4672164916992188,4.0193328857421875,5.900127410888672,1
1146_0.89_0.87.png,37.84316635131836,0.9975911974906921,19.822214126586914,train_core,4,1.7407112121582031,0,37.84316635131836,55.66062927246094,37.915557861328125,120.0,0.0195962805300951,0.001308456645347178,17.817462921142578,0.07239151000976562,82.15683364868164,1.1379203796386719,2.4432945251464844,3.9718284606933594,5.810398101806641,1
1147_0.56_1.1.png,34.27967834472656,0.996543288230896,21.98229217529297,train_core,0,3.176097869873047,0,34.27967834472656,55.51213073730469,34.31250762939453,120.0,0.02955862693488598,0.0013186972355470061,21.232452392578125,0.03282928466796875,85.72032165527344,1.14984130859375,2.473419189453125,4.031684875488281,5.923587799072266,1
1148_0.78_0.59.png,39.799522399902344,0.9983048439025879,22.58805274963379,train_core,1,2.0616493225097656,0,39.799522399902344,56.401973724365234,39.89555740356445,120.0,0.015727533027529716,0.0011621926678344607,16.60245132446289,0.09603500366210938,80.20047760009766,1.1308631896972656,2.4255218505859375,3.9367027282714844,5.744621276855469,1
1149_0.98_1.73.png,34.560462951660156,0.9958521127700806,8.485519409179688,train_core,2,2.4450912475585938,0,34.560462951660156,51.83063507080078,34.64271926879883,120.0,0.027513794600963593,0.0021216229069978,17.270172119140625,0.08225631713867188,85.43953704833984,1.1349830627441406,2.435901641845703,3.957195281982422,5.782939910888672,1
1150_0.8_1.27.png,40.393985748291016,0.998124361038208,11.667865753173828,train_core,3,2.5754318237304688,0,40.393985748291016,53.37980651855469,40.6181640625,120.0,0.013035266660153866,0.0017148874467238784,12.985820770263672,0.22417831420898438,79.60601425170898,1.0934982299804688,2.3321571350097656,3.7544288635253906,5.410411834716797,1
1151_0.92_1.56.png,36.99570846557617,0.9970724582672119,9.229069709777832,train_core,4,3.2044410705566406,0,36.99570846557617,51.86610412597656,37.139869689941406,120.0,0.021039636805653572,0.00206045457161963,14.87039566040039,0.14416122436523438,83.00429153442383,1.1167373657226562,2.3900909423828125,3.867084503173828,5.6155853271484375,1
1152_0.65_1.76.png,38.137027740478516,0.9970953464508057,12.168603897094727,train_core,0,2.5180397033691406,0,38.137027740478516,51.69483947753906,38.33287048339844,120.0,0.018193062394857407,0.0020726819057017565,13.557811737060547,0.19584274291992188,81.86297225952148,1.1016273498535156,2.3523788452148438,3.7935867309570312,5.481235504150391,1
1153_0.71_0.99.png,43.138370513916016,0.9980046153068542,20.65666389465332,train_core,1,0.7865142822265625,0,43.138370513916016,55.35194778442383,43.40991973876953,120.0,0.010771112516522408,0.0011978342663496733,12.213577270507812,0.2715492248535156,76.86162948608398,1.0804710388183594,2.2999038696289062,3.6923179626464844,5.299160003662109,1
1154_0.96_0.62.png,44.20047378540039,0.9984275102615356,19.74388885498047,train_core,2,0.16376113891601562,0,44.20047378540039,56.18320083618164,44.486106872558594,120.0,0.008648660033941269,0.0010928597766906023,11.98272705078125,0.2856330871582031,75.79952621459961,1.0762367248535156,2.289440155029297,3.6722755432128906,5.263542175292969,1
1155_0.63_1.27.png,40.348236083984375,0.9968447685241699,19.89306640625,train_core,3,1.142822265625,0,40.348236083984375,54.24625015258789,40.53083419799805,120.0,0.014051558449864388,0.0013455240987241268,13.898014068603516,0.18259811401367188,79.65176391601562,1.1058273315429688,2.3628387451171875,3.813934326171875,5.518272399902344,1
1156_0.91_1.37.png,38.926185607910156,0.9964892268180847,15.117963790893555,train_core,4,1.4934349060058594,0,38.926185607910156,52.4088249206543,39.12677001953125,120.0,0.01515442505478859,0.0015775676583871245,13.48263931274414,0.20058441162109375,81.07381439208984,1.1004753112792969,2.349517822265625,3.7880477905273438,5.4712371826171875,1
1158_0.86_1.65.png,32.24142074584961,0.9966702461242676,17.862442016601562,train_core,0,3.0730552673339844,0,32.24142074584961,53.02241516113281,32.27793502807617,120.0,0.03301287814974785,0.0016653757775202394,20.780994415283203,0.0365142822265625,87.75857925415039,1.1487464904785156,2.47064208984375,4.026157379150391,5.913074493408203,1
1159_0.84_1.51.png,33.26310348510742,0.9973828196525574,18.89484977722168,train_core,1,3.243621826171875,0,33.26310348510742,53.76451873779297,33.302059173583984,120.0,0.029908712953329086,0.0015504114562645555,20.501415252685547,0.0389556884765625,86.73689651489258,1.14801025390625,2.4687767028808594,4.0224456787109375,5.906028747558594,1
115_0.86_1.29.png,33.77693557739258,0.9942101240158081,13.340100288391113,train_core,2,3.030956268310547,0,33.77693557739258,54.12474060058594,33.81720733642578,120.0,0.020740263164043427,0.0014194244286045432,20.34780502319336,0.040271759033203125,86.22306442260742,1.1475868225097656,2.4677085876464844,4.0203094482421875,5.901973724365234,1
1160_0.83_0.65.png,41.33599853515625,0.9993144273757935,24.857730865478516,train_core,3,2.622150421142578,0,41.33599853515625,57.71427917480469,41.43753433227539,120.0,0.013364779762923717,0.0010447207605466247,16.378280639648438,0.10153579711914062,78.66400146484375,1.1293296813964844,2.4216842651367188,3.9291305541992188,5.730506896972656,1
1162_0.65_1.7.png,38.18906784057617,0.9918041229248047,9.838950157165527,train_core,4,2.8621253967285156,0,38.18906784057617,54.17120361328125,38.30039596557617,120.0,0.018721619620919228,0.0015722800744697452,15.982135772705078,0.111328125,81.81093215942383,1.1263580322265625,2.4142112731933594,3.9144248962402344,5.703151702880859,1
1163_0.95_1.89.png,34.35691452026367,0.9819573760032654,7.352213382720947,train_core,0,3.9053421020507812,0,34.35691452026367,51.44001770019531,34.443050384521484,120.0,0.030601192265748978,0.0021108787041157484,17.08310317993164,0.0861358642578125,85.64308547973633,1.1338157653808594,2.432964324951172,3.951396942138672,5.7720947265625,1
1164_0.79_1.96.png,36.149314880371094,0.9863123893737793,7.9583635330200195,train_core,1,2.8466110229492188,0,36.149314880371094,52.214664459228516,36.25848388671875,120.0,0.021770300343632698,0.0019499926129356027,16.065349578857422,0.10916900634765625,83.8506851196289,1.1269760131835938,2.4157676696777344,3.9174880981445312,5.7088470458984375,1
1167_0.95_0.68.png,35.82524871826172,0.9972512722015381,19.917572021484375,train_core,2,3.8822555541992188,0,35.82524871826172,56.290531158447266,35.86444091796875,120.0,0.022285062819719315,0.0011658862931653857,20.465282440185547,0.03919219970703125,84.17475128173828,1.1479110717773438,2.468536376953125,4.0219573974609375,5.905097961425781,1
1168_0.56_0.69.png,38.89556884765625,0.9984444379806519,27.495838165283203,train_core,3,4.573001861572266,0,38.89556884765625,55.71837615966797,38.986793518066406,120.0,0.016576657071709633,0.0011551935458555818,16.82280731201172,0.09122467041015625,81.10443115234375,1.132293701171875,2.4291305541992188,3.9438247680664062,5.757923126220703,1
116_0.64_1.08.png,36.548152923583984,0.9957302808761597,18.1651611328125,train_core,4,3.39495849609375,0,36.548152923583984,53.79209899902344,36.630855560302734,120.0,0.01975518837571144,0.0012373181525617838,17.243946075439453,0.08270263671875,83.45184707641602,1.1348381042480469,2.4355239868164062,3.956451416015625,5.781543731689453,1
1170_0.71_1.78.png,33.95701217651367,0.9576209783554077,8.357442855834961,train_core,0,3.609283447265625,0,33.95701217651367,51.185768127441406,34.04167175292969,120.0,0.03101595863699913,0.0020821804646402597,17.228755950927734,0.08465957641601562,86.04298782348633,1.1344261169433594,2.4345016479492188,3.9544639587402344,5.777896881103516,1
1171_0.64_1.87.png,33.359981536865234,0.954856276512146,8.408342361450195,train_core,1,3.5165138244628906,0,33.359981536865234,50.89214324951172,33.43935775756836,120.0,0.033860933035612106,0.0021292774472385645,17.532161712646484,0.079376220703125,86.64001846313477,1.1361351013183594,2.4388084411621094,3.9629592895507812,5.793796539306641,1
1172_0.76_1.83.png,33.24064636230469,0.9508482813835144,7.980217933654785,train_core,2,3.7723007202148438,0,33.24064636230469,50.79474639892578,33.318782806396484,120.0,0.033712323755025864,0.0021658260375261307,17.554100036621094,0.07813644409179688,86.75935363769531,1.13629150390625,2.439197540283203,3.963733673095703,5.795234680175781,1
1173_0.59_1.12.png,39.87186813354492,0.9974266886711121,16.026424407958984,train_core,3,3.168682098388672,0,39.87186813354492,54.53847885131836,40.024810791015625,120.0,0.014925185590982437,0.0014702562475576997,14.666610717773438,0.15294265747070312,80.12813186645508,1.114593505859375,2.384723663330078,3.856597900390625,5.5963287353515625,1
1175_0.53_1.99.png,36.04685974121094,0.9934173822402954,13.549246788024902,train_core,4,2.8665008544921875,0,36.04685974121094,50.214927673339844,36.21942901611328,120.0,0.025587256997823715,0.002245600800961256,14.168067932128906,0.17256927490234375,83.95314025878906,1.1090965270996094,2.3710098266601562,3.8298301696777344,5.547279357910156,1
1176_0.65_1.07.png,38.417030334472656,0.997299313545227,15.404959678649902,train_core,0,3.3216018676757812,0,38.417030334472656,55.00139236450195,38.514488220214844,120.0,0.016654830425977707,0.0014230917440727353,16.584362030029297,0.0974578857421875,81.58296966552734,1.1306800842285156,2.4250717163085938,3.9358177185058594,5.742988586425781,1
1178_0.68_0.85.png,37.373138427734375,0.9981433153152466,23.9083251953125,train_core,1,2.7045860290527344,0,37.373138427734375,54.186492919921875,37.464576721191406,120.0,0.025437068194150925,0.0013629627646878362,16.8133544921875,0.09143829345703125,82.62686157226562,1.132232666015625,2.4289703369140625,3.9435043334960938,5.75732421875,1
117_0.56_1.2.png,37.233463287353516,0.9966599345207214,15.937564849853516,train_core,2,3.696197509765625,0,37.233463287353516,53.56206512451172,37.335811614990234,120.0,0.019407659769058228,0.001547441235743463,16.328601837158203,0.10234832763671875,82.76653671264648,1.1289863586425781,2.4208145141601562,3.9274215698242188,5.7273101806640625,1
1180_0.68_0.5.png,41.172183990478516,0.9987723231315613,28.183929443359375,train_core,3,1.8345069885253906,0,41.172183990478516,55.353111267089844,41.3413200378418,120.0,0.015482835471630096,0.00124009617138654,14.180927276611328,0.16913604736328125,78.82781600952148,1.1093559265136719,2.3716506958007812,3.831073760986328,5.549526214599609,1
1181_0.57_1.2.png,43.38624572753906,0.9983665347099304,17.10714340209961,train_core,4,0.44972991943359375,0,43.38624572753906,54.109378814697266,43.77414321899414,120.0,0.009619148448109627,0.0016205975553020835,10.723133087158203,0.3878974914550781,76.61375427246094,1.0486373901367188,2.2216262817382812,3.5433006286621094,5.037097930908203,1
1182_0.63_1.77.png,38.46846389770508,0.9960693120956421,15.074433326721191,train_core,0,1.7392654418945312,0,38.46846389770508,51.40528106689453,38.69760513305664,120.0,0.017694363370537758,0.0021555686835199594,12.936817169189453,0.2291412353515625,81.53153610229492,1.0927009582519531,2.3301963806152344,3.7506446838378906,5.403621673583984,1
1184_0.56_0.9.png,43.540985107421875,0.9988152384757996,18.730052947998047,train_core,1,1.1510353088378906,0,43.540985107421875,55.411956787109375,43.83615493774414,120.0,0.010290627367794514,0.0013938193442299962,11.8709716796875,0.2951698303222656,76.45901489257812,1.0742225646972656,2.2844619750976562,3.6627273559570312,5.246551513671875,1
1185_0.94_1.35.png,39.93136978149414,0.9988812208175659,14.418905258178711,train_core,2,2.659893035888672,0,39.93136978149414,53.55156707763672,40.126625061035156,120.0,0.016566317528486252,0.0017857528291642666,13.620197296142578,0.19525527954101562,80.06863021850586,1.1018486022949219,2.3529434204101562,3.7946929931640625,5.483287811279297,1
1186_0.53_1.08.png,35.4679069519043,0.9988425970077515,17.21436309814453,train_core,3,2.354839324951172,0,35.4679069519043,55.1978645324707,35.5148811340332,120.0,0.027937069535255432,0.0014751334674656391,19.729957580566406,0.04697418212890625,84.5320930480957,1.1455879211425781,2.462657928466797,4.010261535644531,5.8829345703125,1
1187_0.82_1.57.png,40.11456298828125,0.9986553192138672,14.979001998901367,train_core,4,2.9413528442382812,0,40.11456298828125,52.95695495605469,40.34783935546875,120.0,0.01581740938127041,0.0018897767877206206,12.842391967773438,0.2332763671875,79.88543701171875,1.090972900390625,2.325897216796875,3.742340087890625,5.3886871337890625,1
1188_0.95_1.95.png,38.91997528076172,0.9973854422569275,12.413501739501953,train_core,0,1.6783294677734375,0,38.91997528076172,50.479637145996094,39.2363166809082,120.0,0.016843082383275032,0.0024419615510851145,11.559661865234375,0.3163414001464844,81.08002471923828,1.067779541015625,2.268604278564453,3.6324424743652344,5.193050384521484,1
1189_0.64_0.88.png,40.06612777709961,0.998498797416687,21.291786193847656,train_core,1,2.3690452575683594,0,40.06612777709961,56.57481384277344,40.164371490478516,120.0,0.016017144545912743,0.0011497276136651635,16.508686065673828,0.09824371337890625,79.93387222290039,1.1302375793457031,2.4239501953125,3.933605194091797,5.738834381103516,1
118_0.72_0.71.png,40.058067321777344,0.9977943897247314,17.725528717041016,train_core,2,2.7160415649414062,0,40.058067321777344,56.864315032958984,40.14964294433594,120.0,0.012814613059163094,0.0011532633798196912,16.80624771118164,0.09157562255859375,79.94193267822266,1.1321907043457031,2.4288673400878906,3.9433021545410156,5.756946563720703,1
1190_0.56_1.66.png,35.30692672729492,0.99591064453125,16.110698699951172,train_core,3,2.660846710205078,0,35.30692672729492,52.455238342285156,35.391761779785156,120.0,0.028089305385947227,0.0017780238995328546,17.148311614990234,0.08483505249023438,84.69307327270508,1.1342811584472656,2.434123992919922,3.9536781311035156,5.7763519287109375,1
1191_0.97_0.75.png,40.65614318847656,0.9987892508506775,24.58136558532715,train_core,4,2.497772216796875,0,40.65614318847656,56.3776969909668,40.7740478515625,120.0,0.012223218567669392,0.0011770344572141767,15.721553802490234,0.1179046630859375,79.34385681152344,1.1243743896484375,2.4092369079589844,3.9046363830566406,5.684967041015625,1
1192_0.85_0.98.png,39.122764587402344,0.9983975887298584,24.486736297607422,train_core,0,3.2170372009277344,0,39.122764587402344,55.5096435546875,39.2237548828125,120.0,0.015424523502588272,0.001262655365280807,16.386878967285156,0.10099029541015625,80.87723541259766,1.1294021606445312,2.421844482421875,3.9294509887695312,5.731090545654297,1
1193_0.97_1.06.png,39.397560119628906,0.9976485967636108,16.382200241088867,train_core,1,1.7337188720703125,0,39.397560119628906,54.03954315185547,39.5493278503418,120.0,0.01543055847287178,0.0014841500669717789,14.641983032226562,0.15176773071289062,80.6024398803711,1.1144256591796875,2.3843002319335938,3.8557586669921875,5.594753265380859,1
1195_0.65_1.61.png,36.59798812866211,0.9968791007995605,17.306028366088867,train_core,2,2.1059036254882812,0,36.59798812866211,53.13746643066406,36.6954345703125,120.0,0.02318490482866764,0.0016972096636891365,16.539478302001953,0.09744644165039062,83.40201187133789,1.1304473876953125,2.424480438232422,3.934642791748047,5.7407684326171875,1
1198_0.93_1.56.png,25.864212036132812,0.9893800020217896,11.154609680175781,train_core,3,3.5506038665771484,0,25.864212036132812,53.27965545654297,25.872098922729492,120.0,0.08276974409818649,0.0017365621170029044,27.415443420410156,0.007886886596679688,94.13578796386719,1.1574287414550781,2.492654800415039,4.070133209228516,5.997037887573242,1
119_0.6_1.7.png,33.88690948486328,0.99330735206604,12.674993515014648,train_core,4,3.3143653869628906,0,33.88690948486328,51.23939514160156,33.967567443847656,120.0,0.028140442445874214,0.001965760486200452,17.35248565673828,0.080657958984375,86.11309051513672,1.1354484558105469,2.43707275390625,3.9595108032226562,5.787284851074219,1
11_0.68_1.56.png,37.38818359375,0.9978229999542236,10.372432708740234,train_core,0,3.8362388610839844,0,37.38818359375,51.646331787109375,37.561241149902344,120.0,0.020801164209842682,0.002109195338562131,14.258148193359375,0.17305755615234375,82.61181640625,1.1101036071777344,2.3735275268554688,3.8347549438476562,5.556339263916016,1
1202_0.79_1.51.png,38.238861083984375,0.9965633749961853,10.298864364624023,train_core,1,3.1729583740234375,0,38.238861083984375,52.412086486816406,38.41127014160156,120.0,0.019735237583518028,0.001965140225365758,14.173225402832031,0.1724090576171875,81.76113891601562,1.1089668273925781,2.3706893920898438,3.8292579650878906,5.546352386474609,1
1203_0.79_1.82.png,35.77582931518555,0.9941048622131348,9.156850814819336,train_core,2,3.869823455810547,0,35.77582931518555,51.07669448852539,35.908512115478516,120.0,0.02665705233812332,0.002271161647513509,15.300865173339844,0.13268280029296875,84.22417068481445,1.1204872131347656,2.3994903564453125,3.8855438232421875,5.649738311767578,1
1204_0.79_1.15.png,39.60025405883789,0.9976246356964111,12.09781551361084,train_core,3,2.9102134704589844,0,39.60025405883789,53.91482925415039,39.767147064208984,120.0,0.016749223694205284,0.0016550518339499831,14.3145751953125,0.16689300537109375,80.39974594116211,1.1106834411621094,2.3749542236328125,3.8375511169433594,5.561473846435547,1
1205_0.78_1.01.png,40.1090202331543,0.9987121820449829,13.29737663269043,train_core,4,1.4291763305664062,0,40.1090202331543,52.02604675292969,40.398345947265625,120.0,0.013845300301909447,0.0020210931543260813,11.91702651977539,0.2893257141113281,79.8909797668457,1.0751609802246094,2.2867813110351562,3.667156219482422,5.254383087158203,1
1206_0.81_1.09.png,39.18805694580078,0.9984518885612488,12.38157844543457,train_core,0,1.5628318786621094,0,39.18805694580078,51.41410827636719,39.456844329833984,120.0,0.015466347336769104,0.0021581307519227266,12.226051330566406,0.2687873840332031,80.81194305419922,1.0809211730957031,2.3010101318359375,3.6944351196289062,5.302886962890625,1
1207_0.7_1.43.png,38.6755256652832,0.9980730414390564,11.613482475280762,train_core,1,1.7414970397949219,0,38.6755256652832,49.862709045410156,39.020301818847656,120.0,0.017038537189364433,0.002537146909162402,11.187183380126953,0.3447761535644531,81.3244743347168,1.0598411560058594,2.249073028564453,3.5952491760253906,5.127651214599609,1
1208_0.63_0.83.png,41.227970123291016,0.999010443687439,17.16299057006836,train_core,2,1.6858863830566406,0,41.227970123291016,53.05907440185547,41.52363204956055,120.0,0.012302008457481861,0.0017398166237398982,11.831104278564453,0.29566192626953125,78.77202987670898,1.0734748840332031,2.282623291015625,3.659198760986328,5.240299224853516,1
120_0.92_1.44.png,32.84756851196289,0.9891077876091003,10.459107398986816,train_core,3,2.781291961669922,0,32.84756851196289,51.651824951171875,32.90516662597656,120.0,0.025890003889799118,0.0019477996975183487,18.804256439208984,0.057598114013671875,87.15243148803711,1.1423606872558594,2.4545021057128906,3.994049072265625,5.852264404296875,1
1211_0.88_1.93.png,29.74270248413086,0.9928779006004333,14.470258712768555,train_core,4,3.7496070861816406,0,29.74270248413086,50.358253479003906,29.780559539794922,120.0,0.05075427144765854,0.0023926503490656614,20.615550994873047,0.0378570556640625,90.25729751586914,1.1483154296875,2.4695587158203125,4.023998260498047,5.908977508544922,1
1213_0.56_1.24.png,33.18659973144531,0.9970138072967529,18.15853500366211,train_core,0,3.4642677307128906,0,33.18659973144531,55.05229568481445,33.2149543762207,120.0,0.03700685128569603,0.0014881398528814316,21.86569595336914,0.028354644775390625,86.81340026855469,1.1511955261230469,2.476848602294922,4.0385284423828125,5.9366302490234375,1
1215_0.9_0.73.png,39.0738525390625,0.9981374740600586,18.6330623626709,train_core,1,3.8488845825195312,0,39.0738525390625,55.5861701965332,39.17190170288086,120.0,0.018324479460716248,0.0013939845375716686,16.512317657470703,0.09804916381835938,80.9261474609375,1.1302566528320312,2.4240188598632812,3.9337310791015625,5.739070892333984,1
1216_0.65_1.09.png,32.95298767089844,0.9972308874130249,18.219005584716797,train_core,2,3.9165992736816406,0,32.95298767089844,55.330997467041016,32.97817611694336,120.0,0.03749712184071541,0.0014420343795791268,22.378009796142578,0.025188446044921875,87.04701232910156,1.1521568298339844,2.4792861938476562,4.043392181396484,5.945892333984375,1
1218_0.62_2.0.png,30.868318557739258,0.9884135127067566,13.445740699768066,train_core,3,2.8844356536865234,0,30.868318557739258,52.13028335571289,30.900938034057617,120.0,0.04581506550312042,0.001887831254862249,21.261964797973633,0.032619476318359375,89.13168144226074,1.1499004364013672,2.473569869995117,4.031999588012695,5.924188613891602,1
1219_0.76_1.2.png,33.37117385864258,0.9946523904800415,14.417947769165039,train_core,4,2.856159210205078,0,33.37117385864258,54.06975555419922,33.40834045410156,120.0,0.030925964936614037,0.0015104468911886215,20.69858169555664,0.037166595458984375,86.62882614135742,1.148529052734375,2.4700965881347656,4.0250701904296875,5.911006927490234,1
121_0.96_0.85.png,37.89360427856445,0.9978806972503662,16.556299209594727,train_core,0,3.904804229736328,0,37.89360427856445,55.056365966796875,37.97810745239258,120.0,0.018084174022078514,0.001472975593060255,17.162761688232422,0.084503173828125,82.10639572143555,1.1343307495117188,2.43426513671875,3.953968048095703,5.77691650390625,1
1220_0.82_1.9.png,31.075651168823242,0.9884931445121765,11.335823059082031,train_core,1,3.373044967651367,0,31.075651168823242,51.719322204589844,31.11328125,120.0,0.03856268897652626,0.001992163946852088,20.6436710357666,0.03763008117675781,88.92434883117676,1.1483898162841797,2.4697399139404297,4.024354934692383,5.909658432006836,1
1221_0.76_0.69.png,39.41440963745117,0.9989128112792969,19.203092575073242,train_core,2,2.2006492614746094,0,39.41440963745117,55.472442626953125,39.523536682128906,120.0,0.01701819896697998,0.0013522739754989743,16.058032989501953,0.10912704467773438,80.58559036254883,1.1269721984863281,2.4157676696777344,3.9174957275390625,5.7088623046875,1
1222_0.92_1.14.png,39.1405029296875,0.9977896213531494,13.045868873596191,train_core,3,1.9336585998535156,0,39.1405029296875,53.182640075683594,39.31531524658203,120.0,0.016708964481949806,0.0017458563670516014,14.042137145996094,0.17481231689453125,80.8594970703125,1.1077117919921875,2.367542266845703,3.8230743408203125,5.5349273681640625,1
1224_0.87_0.77.png,40.16636657714844,0.9988119006156921,16.52545166015625,train_core,4,1.630950927734375,0,40.16636657714844,55.105018615722656,40.30805587768555,120.0,0.015534728765487671,0.001415131613612175,14.938652038574219,0.14168930053710938,79.83363342285156,1.1173744201660156,2.391693115234375,3.8702316284179688,5.621402740478516,1
1225_0.98_0.8.png,40.421852111816406,0.9981875419616699,16.460960388183594,train_core,0,2.7949905395507812,0,40.421852111816406,54.59031677246094,40.59143829345703,120.0,0.014443323947489262,0.0014851466985419393,14.168464660644531,0.169586181640625,79.5781478881836,1.109222412109375,2.371307373046875,3.8303985595703125,5.548286437988281,1
1226_0.82_0.78.png,37.41977310180664,0.9980792999267578,17.835100173950195,train_core,1,2.542236328125,0,37.41977310180664,55.38808822631836,37.48966598510742,120.0,0.024400698021054268,0.0013452639104798436,17.96831512451172,0.06989288330078125,82.58022689819336,1.1386642456054688,2.4451828002929688,3.975566864013672,5.817420959472656,1
1227_0.9_1.41.png,36.69629669189453,0.9965263605117798,12.500688552856445,train_core,2,2.828693389892578,0,36.69629669189453,52.81740188598633,36.8036994934082,120.0,0.023517724126577377,0.0017856588819995522,16.121105194091797,0.10740280151367188,83.30370330810547,1.1274833679199219,2.417034149169922,3.919971466064453,5.713451385498047,1
1229_0.6_0.6.png,38.94429016113281,0.9982045888900757,21.424406051635742,train_core,3,2.82159423828125,0,38.94429016113281,57.188514709472656,39.009857177734375,120.0,0.01719842106103897,0.0009986829245463014,18.244224548339844,0.0655670166015625,81.05570983886719,1.1399688720703125,2.4484596252441406,3.9820632934570312,5.829654693603516,1
1230_0.55_1.4.png,29.766387939453125,0.9960006475448608,19.45237159729004,train_core,4,3.557464599609375,0,29.766387939453125,55.438507080078125,29.77817153930664,120.0,0.04851733520627022,0.0012519675074145198,25.672119140625,0.011783599853515625,90.23361206054688,1.1562385559082031,2.4896316528320312,4.064083099365234,5.985443115234375,1
1231_0.98_1.26.png,36.41115951538086,0.9965702891349792,17.62879180908203,train_core,0,2.8038253784179688,0,36.41115951538086,55.50960922241211,36.464942932128906,120.0,0.020810404792428017,0.0013087851693853736,19.09844970703125,0.053783416748046875,83.58884048461914,1.1435089111328125,2.4574012756347656,3.999805450439453,5.8631439208984375,1
1232_0.77_0.99.png,36.072689056396484,0.9977093935012817,18.599567413330078,train_core,1,1.8674850463867188,0,36.072689056396484,56.267250061035156,36.114418029785156,120.0,0.027291471138596535,0.0011463750852271914,20.194561004638672,0.041728973388671875,83.92731094360352,1.1471481323242188,2.4665985107421875,4.018096923828125,5.897773742675781,1
1234_0.51_1.28.png,35.12134552001953,0.996239423751831,14.466485023498535,train_core,2,3.5750465393066406,0,35.12134552001953,52.977989196777344,35.19313049316406,120.0,0.027723735198378563,0.0015962626785039902,17.856643676757812,0.07178497314453125,84.87865447998047,1.1381072998046875,2.4437637329101562,3.9727630615234375,5.812168121337891,1
1236_0.84_1.0.png,38.5009880065918,0.9969589710235596,14.014389038085938,train_core,3,1.8458137512207031,0,38.5009880065918,53.75936508178711,38.63266372680664,120.0,0.01785884238779545,0.0015232288278639317,15.258377075195312,0.13167572021484375,81.4990119934082,1.1203651428222656,2.3991851806640625,3.884918212890625,5.648509979248047,1
1238_0.86_1.03.png,42.11725616455078,0.9984647631645203,18.156330108642578,train_core,4,1.014007568359375,0,42.11725616455078,55.67371368408203,42.31371307373047,120.0,0.011384116485714912,0.0013144597178325057,13.55645751953125,0.1964569091796875,77.88274383544922,1.1015243530273438,2.35211181640625,3.7930641174316406,5.480278015136719,1
1240_0.64_0.5.png,43.87199020385742,0.9993383288383484,24.484128952026367,train_core,0,1.3590583801269531,0,43.87199020385742,58.31037139892578,44.03181076049805,120.0,0.009669026359915733,0.0009731579921208322,14.43838119506836,0.159820556640625,76.12800979614258,1.1121101379394531,2.378520965576172,3.8444747924804688,5.574054718017578,1
1241_0.63_0.93.png,40.37084197998047,0.9978268146514893,21.820554733276367,train_core,1,2.1991004943847656,0,40.37084197998047,55.1676025390625,40.51788330078125,120.0,0.014267049729824066,0.0013309776550158858,14.796760559082031,0.14704132080078125,79.62915802001953,1.115936279296875,2.3880844116210938,3.8631744384765625,5.6084136962890625,1
1242_0.99_0.57.png,40.7670783996582,0.9979624152183533,20.023494720458984,train_core,2,0.8806571960449219,0,40.7670783996582,56.30821990966797,40.890167236328125,120.0,0.014256258495151997,0.0011935491347685456,15.541141510009766,0.12308883666992188,79.2329216003418,1.1228599548339844,2.4054222106933594,3.897144317626953,5.671085357666016,1
1243_0.64_1.03.png,38.75175094604492,0.9973220825195312,20.803525924682617,train_core,3,2.5580177307128906,0,38.75175094604492,54.4047737121582,38.87215042114258,120.0,0.017442509531974792,0.0014452337054535747,15.653022766113281,0.12039947509765625,81.24824905395508,1.1237449645996094,2.4076499938964844,3.901519775390625,5.679210662841797,1
1244_0.95_1.91.png,33.366615295410156,0.9867162704467773,11.78918743133545,train_core,4,2.275920867919922,0,33.366615295410156,48.78721618652344,33.49345779418945,120.0,0.03150784224271774,0.002686518942937255,15.420600891113281,0.12684249877929688,86.63338470458984,1.1218185424804688,2.402812957763672,3.892017364501953,5.661594390869141,1
1245_0.57_1.62.png,34.86407470703125,0.9952446818351746,18.726699829101562,train_core,0,4.143257141113281,0,34.86407470703125,55.3746337890625,34.90312194824219,120.0,0.020012713968753815,0.0013681170530617237,20.51055908203125,0.0390472412109375,85.13592529296875,1.1479988098144531,2.468761444091797,4.022407531738281,5.9059600830078125,1
1248_0.97_1.88.png,30.094451904296875,0.9859901666641235,11.095314025878906,train_core,1,3.3488731384277344,0,30.094451904296875,51.16790771484375,30.128576278686523,120.0,0.029128514230251312,0.0020629006903618574,21.073455810546875,0.03412437438964844,89.90554809570312,1.1494464874267578,2.4724197387695312,4.029701232910156,5.919826507568359,1
124_0.79_1.89.png,29.301132202148438,0.9925505518913269,14.224209785461426,train_core,2,4.552677154541016,0,29.301132202148438,50.68971252441406,29.334104537963867,120.0,0.0541064515709877,0.0023833028972148895,21.388580322265625,0.03297233581542969,90.69886779785156,1.1501922607421875,2.474302291870117,4.033454895019531,5.9269561767578125,1
1250_0.57_0.61.png,32.592018127441406,0.998284101486206,23.272686004638672,train_core,3,3.3433990478515625,0,32.592018127441406,57.722164154052734,32.605384826660156,120.0,0.044847793877124786,0.0008899550302885473,25.130146026611328,0.01336669921875,87.4079818725586,1.1557540893554688,2.4884071350097656,4.061637878417969,5.980762481689453,1
1252_0.78_0.78.png,30.54874610900879,0.9972604513168335,17.478635787963867,train_core,4,2.9501514434814453,0,30.54874610900879,57.11103820800781,30.558366775512695,120.0,0.051644131541252136,0.0010054431622847915,26.562292098999023,0.00962066650390625,89.45125389099121,1.1569042205810547,2.4913196563720703,4.067461013793945,5.991918563842773,1
1253_0.91_1.15.png,39.74418640136719,0.9893149733543396,10.585922241210938,train_core,0,2.1487197875976562,0,39.74418640136719,54.547935485839844,39.89073181152344,120.0,0.014327364042401314,0.0015424351440742612,14.803749084472656,0.14654541015625,80.25581359863281,1.1159706115722656,2.38818359375,3.8633575439453125,5.608753204345703,1
1254_0.97_1.31.png,38.62157440185547,0.9872340559959412,9.343643188476562,train_core,1,2.139263153076172,0,38.62157440185547,53.38746643066406,38.769752502441406,120.0,0.01614515297114849,0.0017393715679645538,14.765892028808594,0.1481781005859375,81.37842559814453,1.1155471801757812,2.387115478515625,3.8612899780273438,5.6049652099609375,1
1255_0.65_1.08.png,42.12580108642578,0.993026614189148,13.432451248168945,train_core,2,1.977874755859375,0,42.12580108642578,56.26960754394531,42.297882080078125,120.0,0.010755497962236404,0.001281636650674045,14.143806457519531,0.17208099365234375,77.87419891357422,1.1087722778320312,2.3701820373535156,3.8282318115234375,5.544368743896484,1
1256_0.66_0.52.png,46.67754364013672,0.9974343180656433,19.18971824645996,train_core,3,0.38750457763671875,0,46.67754364013672,58.80772399902344,46.95411682128906,120.0,0.006995292380452156,0.0009500047308392823,12.130180358886719,0.27657318115234375,73.32245635986328,1.0790023803710938,2.296283721923828,3.6853675842285156,5.2867889404296875,1
1258_0.83_1.3.png,29.10495376586914,0.9933821558952332,12.635821342468262,train_core,4,3.0078086853027344,0,29.10495376586914,52.7889404296875,29.123838424682617,120.0,0.05175742134451866,0.0017944694263860583,23.68398666381836,0.018884658813476562,90.89504623413086,1.1541500091552734,2.484334945678711,4.053485870361328,5.9651641845703125,1
1259_0.98_0.87.png,30.398561477661133,0.9946606159210205,13.100625038146973,train_core,0,3.458524703979492,0,30.398561477661133,54.247833251953125,30.416751861572266,120.0,0.043042611330747604,0.0015140495961531997,23.849271774291992,0.018190383911132812,89.60143852233887,1.1543617248535156,2.4848690032958984,4.054555892944336,5.967214584350586,1
125_0.77_0.94.png,31.14519500732422,0.9957982301712036,21.068410873413086,train_core,1,4.425575256347656,0,31.14519500732422,55.165287017822266,31.16255760192871,120.0,0.030369902029633522,0.0012886126060038805,24.020092010498047,0.017362594604492188,88.85480499267578,1.1545677185058594,2.4853973388671875,4.055614471435547,5.96923828125,1
1263_0.9_1.41.png,33.68553924560547,0.9954420924186707,16.59848403930664,train_core,2,2.6757125854492188,0,33.68553924560547,54.24367904663086,33.72390365600586,120.0,0.03160025551915169,0.0013980971416458488,20.55813980102539,0.038364410400390625,86.31446075439453,1.1481666564941406,2.4691734313964844,4.023227691650391,5.907508850097656,1
1264_0.84_1.05.png,36.04945755004883,0.9973865747451782,19.230545043945312,train_core,3,2.8360023498535156,0,36.04945755004883,56.31904220581055,36.09046936035156,120.0,0.024072106927633286,0.0011274913558736444,20.26958465576172,0.041011810302734375,83.95054244995117,1.1473617553710938,2.467144012451172,4.019187927246094,5.899845123291016,1
1265_0.62_1.32.png,39.975502014160156,0.9972113370895386,17.149839401245117,train_core,4,2.96160888671875,0,39.975502014160156,54.636810302734375,40.12727355957031,120.0,0.016115844249725342,0.0014918464003130794,14.661308288574219,0.15177154541015625,80.02449798583984,1.1146163940429688,2.3847808837890625,3.856689453125,5.596477508544922,1
1268_0.82_1.47.png,36.459957122802734,0.9962050318717957,14.646868705749512,train_core,0,4.3243255615234375,0,36.459957122802734,53.56551742553711,36.54551315307617,120.0,0.022684691473841667,0.0016537687042728066,17.105560302734375,0.0855560302734375,83.54004287719727,1.1340255737304688,2.4334793090820312,3.952411651611328,5.773983001708984,1
1269_0.51_1.67.png,33.50815200805664,0.9947039484977722,15.602158546447754,train_core,1,2.4573020935058594,0,33.50815200805664,51.76856231689453,33.57349395751953,120.0,0.036955125629901886,0.0018202167702838778,18.26041030883789,0.06534194946289062,86.49184799194336,1.1400337219238281,2.4486351013183594,3.982410430908203,5.830310821533203,1
1270_0.74_1.52.png,35.331748962402344,0.9945181608200073,16.26149559020996,train_core,2,3.1032371520996094,0,35.331748962402344,53.08139419555664,35.40532684326172,120.0,0.02694201096892357,0.0016833553090691566,17.749645233154297,0.073577880859375,84.66825103759766,1.1375770568847656,2.4424285888671875,3.9701156616210938,5.8071746826171875,1
1271_0.65_1.66.png,34.470909118652344,0.994137167930603,16.112459182739258,train_core,3,2.627490997314453,0,34.470909118652344,52.47272872924805,34.54036331176758,120.0,0.03087124601006508,0.0017774052685126662,18.001819610595703,0.06945419311523438,85.52909088134766,1.1388282775878906,2.445587158203125,3.976367950439453,5.818935394287109,1
1272_0.62_0.57.png,40.692081451416016,0.9985960721969604,24.61651039123535,train_core,4,2.298187255859375,0,40.692081451416016,56.757568359375,40.80089569091797,120.0,0.015425622463226318,0.0011062592966482043,16.065486907958984,0.10881423950195312,79.30791854858398,1.1270637512207031,2.415985107421875,3.91790771484375,5.709613800048828,1
1273_0.96_1.43.png,28.53937530517578,0.9939769506454468,11.845043182373047,train_core,0,4.0087127685546875,0,28.53937530517578,52.61944580078125,28.556394577026367,120.0,0.05435585975646973,0.0019038046011701226,24.08007049560547,0.017019271850585938,91.46062469482422,1.1546478271484375,2.485593795776367,4.055999755859375,5.969974517822266,1
1274_0.59_0.67.png,36.61892318725586,0.9989311695098877,23.231794357299805,train_core,1,4.227783203125,0,36.61892318725586,56.745357513427734,36.661617279052734,120.0,0.025712866336107254,0.0012036263942718506,20.126434326171875,0.042694091796875,83.38107681274414,1.146942138671875,2.4660797119140625,4.017066955566406,5.895824432373047,1
1276_0.95_0.5.png,34.56724166870117,0.9987063407897949,19.07486343383789,train_core,2,3.3888320922851562,0,34.56724166870117,57.92667007446289,34.587371826171875,120.0,0.029635213315486908,0.0011031745234504342,23.35942840576172,0.020130157470703125,85.43275833129883,1.1537094116210938,2.4832191467285156,4.051250457763672,5.960895538330078,1
1277_0.79_1.18.png,40.30403137207031,0.9971637725830078,12.015363693237305,train_core,3,1.1867904663085938,0,40.30403137207031,51.83140563964844,40.622249603271484,120.0,0.01240694522857666,0.001962596084922552,11.527374267578125,0.3182182312011719,79.69596862792969,1.067138671875,2.2670211791992188,3.6294403076171875,5.187782287597656,1
1278_0.81_1.62.png,37.344261169433594,0.9945656061172485,9.73753547668457,train_core,4,1.330780029296875,0,37.344261169433594,49.35970687866211,37.627872467041016,120.0,0.017206493765115738,0.0025484878569841385,12.015445709228516,0.2836112976074219,82.6557388305664,1.076812744140625,2.2908706665039062,3.6750221252441406,5.268440246582031,1
1279_0.87_0.95.png,40.800025939941406,0.9975993037223816,12.414809226989746,train_core,0,1.2985954284667969,0,40.800025939941406,52.664100646972656,41.09378433227539,120.0,0.011679595336318016,0.0017790663987398148,11.86407470703125,0.2937583923339844,79.1999740600586,1.0739669799804688,2.2838363647460938,3.6615524291992188,5.244518280029297,1
1280_0.67_0.76.png,43.80756759643555,0.9988211393356323,17.355018615722656,train_core,1,1.4354095458984375,0,43.80756759643555,54.91096496582031,44.16015625,120.0,0.008767936378717422,0.0014546619495376945,11.103397369384766,0.3525886535644531,76.19243240356445,1.0577812194824219,2.244037628173828,3.585735321044922,5.111061096191406,1
1281_0.89_0.85.png,34.66550064086914,0.9978865385055542,18.77533531188965,train_core,2,3.681133270263672,0,34.66550064086914,54.291221618652344,34.71310043334961,120.0,0.029532669112086296,0.0015067319618538022,19.625720977783203,0.04759979248046875,85.33449935913086,1.1453742980957031,2.4621124267578125,4.009174346923828,5.880855560302734,1
1284_0.58_1.58.png,32.44124984741211,0.9961800575256348,21.757516860961914,train_core,3,4.033164978027344,0,32.44124984741211,51.58273696899414,32.49449920654297,120.0,0.03990339860320091,0.0020018687937408686,19.14148712158203,0.053249359130859375,87.55875015258789,1.1436691284179688,2.4578094482421875,4.000621795654297,5.8646697998046875,1
1285_0.53_1.47.png,31.50670623779297,0.9948863983154297,15.249990463256836,train_core,4,2.872631072998047,0,31.50670623779297,54.29311752319336,31.529640197753906,120.0,0.043765585869550705,0.0015032021328806877,22.78641128540039,0.0229339599609375,88.49329376220703,1.1528396606445312,2.48101806640625,4.0468597412109375,5.952510833740234,1
1286_0.98_0.99.png,36.507442474365234,0.9940614104270935,15.692481994628906,train_core,0,2.7773475646972656,0,36.507442474365234,54.393348693847656,36.57870864868164,120.0,0.01984703727066517,0.0014061620458960533,17.885906219482422,0.07126617431640625,83.49255752563477,1.1382522583007812,2.444141387939453,3.9735107421875,5.813564300537109,1
1288_0.95_1.97.png,31.967029571533203,0.9866418838500977,11.07640266418457,train_core,1,2.6962966918945312,0,31.967029571533203,50.28550720214844,32.0314826965332,120.0,0.041024357080459595,0.0021179544273763895,18.318477630615234,0.064453125,88.0329704284668,1.1403007507324219,2.449298858642578,3.9837265014648438,5.832798004150391,1
1289_1.0_1.69.png,30.358158111572266,0.9925264120101929,12.043394088745117,train_core,2,3.3194541931152344,0,30.358158111572266,51.34449768066406,30.393056869506836,120.0,0.051462747156620026,0.0020922718103975058,20.986339569091797,0.03489875793457031,89.64184188842773,1.1492481231689453,2.471912384033203,4.028694152832031,5.91790771484375,1
128_0.54_0.89.png,35.12445068359375,0.9967676401138306,24.707983016967773,train_core,3,5.953575134277344,0,35.12445068359375,52.47035598754883,35.20604705810547,120.0,0.019889352843165398,0.0014911865582689643,17.345905303955078,0.08159637451171875,84.87554931640625,1.1353950500488281,2.436931610107422,3.9592437744140625,5.786785125732422,1
1292_0.66_1.45.png,36.756813049316406,0.9970940947532654,18.698604583740234,train_core,4,3.472015380859375,0,36.756813049316406,53.765098571777344,36.844322204589844,120.0,0.022521615028381348,0.0016178888035938144,17.008285522460938,0.0875091552734375,83.2431869506836,1.1334266662597656,2.431987762451172,3.949462890625,5.7684783935546875,1
1293_0.79_0.72.png,34.45942687988281,0.9980263113975525,20.88031578063965,train_core,0,3.7425498962402344,0,34.45942687988281,55.866615295410156,34.4909553527832,120.0,0.02859504334628582,0.0012431818759068847,21.407188415527344,0.031528472900390625,85.54057312011719,1.1502342224121094,2.4744110107421875,4.0336761474609375,5.927379608154297,1
1294_0.51_1.96.png,35.507911682128906,0.9957303404808044,17.087366104125977,train_core,1,2.981311798095703,0,35.507911682128906,51.62664031982422,35.615455627441406,120.0,0.025313688442111015,0.001976281637325883,16.118728637695312,0.1075439453125,84.4920883178711,1.1274642944335938,2.4169883728027344,3.919879913330078,5.713283538818359,1
1297_0.99_0.69.png,44.68919372558594,0.9984597563743591,16.801929473876953,train_core,2,1.27801513671875,0,44.68919372558594,57.30852127075195,44.94237518310547,120.0,0.00804926548153162,0.0011457897489890456,12.619327545166016,0.25318145751953125,75.31080627441406,1.0874252319335938,2.3171234130859375,3.7254714965820312,5.358512878417969,1
1298_0.52_1.3.png,38.42988586425781,0.9967442750930786,15.752817153930664,train_core,3,3.077800750732422,0,38.42988586425781,54.62092590332031,38.54021453857422,120.0,0.017868278548121452,0.0014851669548079371,16.1910400390625,0.11032867431640625,81.57011413574219,1.1274490356445312,2.416973114013672,3.919933319091797,5.713600158691406,1
129_0.95_1.3.png,38.00340270996094,0.9971040487289429,15.983868598937988,train_core,4,1.9737663269042969,0,38.00340270996094,53.8502311706543,38.117958068847656,120.0,0.015880867838859558,0.0015991628170013428,15.84682846069336,0.11455535888671875,81.99659729003906,1.1253776550292969,2.4117431640625,3.9095611572265625,5.694110870361328,1
12_0.9_1.75.png,37.88743591308594,0.9971697330474854,8.085061073303223,train_core,0,2.6217269897460938,0,37.88743591308594,49.541893005371094,38.198341369628906,120.0,0.017945170402526855,0.0026563808787614107,11.654457092285156,0.31090545654296875,82.11256408691406,1.0697364807128906,2.273426055908203,3.6416664123535156,5.209377288818359,1
1302_0.53_1.14.png,35.263126373291016,0.9965493679046631,16.334436416625977,train_core,1,3.115734100341797,0,35.263126373291016,50.87141036987305,35.384193420410156,120.0,0.026889245957136154,0.0017479653470218182,15.608283996582031,0.12106704711914062,84.73687362670898,1.123443603515625,2.4068946838378906,3.9000282287597656,5.676429748535156,1
1303_0.7_0.67.png,41.754337310791016,0.998616099357605,19.254262924194336,train_core,2,2.2766990661621094,0,41.754337310791016,54.7978515625,41.97536849975586,120.0,0.012128887698054314,0.0012922389432787895,13.043514251708984,0.22103118896484375,78.24566268920898,1.0943679809570312,2.3343162536621094,3.7586021423339844,5.4179229736328125,1
1304_0.85_1.18.png,35.281185150146484,0.9970352053642273,13.936638832092285,train_core,3,4.331363677978516,0,35.281185150146484,54.18373489379883,35.337467193603516,120.0,0.027436140924692154,0.0014763097278773785,18.902549743652344,0.05628204345703125,84.71881484985352,1.1427574157714844,2.4555015563964844,3.9960365295410156,5.856010437011719,1
1305_1.0_1.54.png,31.860979080200195,0.9933757185935974,11.423091888427734,train_core,4,3.2179431915283203,0,31.860979080200195,52.404319763183594,31.899471282958984,120.0,0.04727374017238617,0.002001256914809346,20.5433406829834,0.03849220275878906,88.1390209197998,1.148122787475586,2.4690723419189453,4.02302360534668,5.907129287719727,1
1307_0.92_1.87.png,35.05518341064453,0.9928205013275146,11.528045654296875,train_core,0,2.8551254272460938,0,35.05518341064453,50.96649932861328,35.16798400878906,120.0,0.028682027012109756,0.002313959877938032,15.91131591796875,0.11280059814453125,84.94481658935547,1.1258926391601562,2.4130325317382812,3.912097930908203,5.6988067626953125,1
1308_0.84_1.04.png,35.422279357910156,0.9964314699172974,16.674055099487305,train_core,1,3.893634796142578,0,35.422279357910156,53.928070068359375,35.483978271484375,120.0,0.02866036258637905,0.0016123693203553557,18.50579071044922,0.06169891357421875,84.57772064208984,1.1411209106445312,2.4513816833496094,3.9878616333007812,5.8405914306640625,1
1309_0.83_1.35.png,35.7917594909668,0.9933592081069946,12.286721229553223,train_core,2,3.173858642578125,0,35.7917594909668,54.9644889831543,35.84462356567383,120.0,0.02213525027036667,0.0013562581734731793,19.1727294921875,0.05286407470703125,84.2082405090332,1.1437835693359375,2.4580917358398438,4.001190185546875,5.865756988525391,1
130_0.78_0.91.png,42.129825592041016,0.9988622665405273,21.253822326660156,train_core,3,1.8850860595703125,0,42.129825592041016,56.48257827758789,42.292640686035156,120.0,0.010987657122313976,0.0012198603944852948,14.352752685546875,0.16281509399414062,77.87017440795898,1.1113128662109375,2.3765220642089844,3.840576171875,5.566905975341797,1
1310_0.53_1.28.png,39.202571868896484,0.997201144695282,16.2667293548584,train_core,4,1.86260986328125,0,39.202571868896484,57.259769439697266,39.27147674560547,120.0,0.016258258372545242,0.0010822666808962822,18.05719757080078,0.06890487670898438,80.79742813110352,1.1390953063964844,2.446258544921875,3.977703094482422,5.821445465087891,1
1312_0.62_0.6.png,40.79299545288086,0.9985916614532471,22.166351318359375,train_core,0,2.897472381591797,0,40.79299545288086,59.820152282714844,40.847862243652344,120.0,0.014803493395447731,0.0008193234098143876,19.027156829833984,0.054866790771484375,79.20700454711914,1.1432304382324219,2.4567108154296875,3.9984397888183594,5.860561370849609,1
1314_0.66_0.77.png,40.66575622558594,0.9970062971115112,16.91889762878418,train_core,1,1.0478477478027344,0,40.66575622558594,58.5112190246582,40.737728118896484,120.0,0.015631241723895073,0.0009386905585415661,17.845462799072266,0.07197189331054688,79.33424377441406,1.1380462646484375,2.4436187744140625,3.9724655151367188,5.811603546142578,1
1315_0.52_1.19.png,38.277286529541016,0.9963055849075317,14.707286834716797,train_core,2,2.2891616821289062,0,38.277286529541016,57.0032844543457,38.336021423339844,120.0,0.019127409905195236,0.0011009962763637304,18.725997924804688,0.058734893798828125,81.72271347045898,1.1420326232910156,2.4536666870117188,3.9923973083496094,5.849140167236328,1
1316_0.85_1.62.png,37.04667663574219,0.9916309714317322,9.518774032592773,train_core,3,2.66851806640625,0,37.04667663574219,53.645633697509766,37.142799377441406,120.0,0.02229944057762623,0.0016020251205191016,16.598957061767578,0.09612274169921875,82.95332336425781,1.1308403015136719,2.4254722595214844,3.9365997314453125,5.744419097900391,1
1318_0.83_1.33.png,36.755523681640625,0.9964156150817871,15.748941421508789,train_core,4,2.321929931640625,0,36.755523681640625,51.645103454589844,36.90010452270508,120.0,0.020355263724923134,0.0020557809621095657,14.889579772949219,0.14458084106445312,83.24447631835938,1.1168632507324219,2.390399932861328,3.8677024841308594,5.616737365722656,1
1319_0.88_1.19.png,37.0650749206543,0.9967443346977234,15.565123558044434,train_core,0,2.4842605590820312,0,37.0650749206543,52.26634216308594,37.19990158081055,120.0,0.020128700882196426,0.001908091246150434,15.20126724243164,0.13482666015625,82.9349250793457,1.1198081970214844,2.3977813720703125,3.8821678161621094,5.643413543701172,1
131_0.69_1.1.png,40.02201843261719,0.9984073638916016,21.205608367919922,train_core,1,2.151092529296875,0,40.02201843261719,55.577186584472656,40.14528274536133,120.0,0.01535810250788927,0.0013307352783158422,15.555168151855469,0.12326431274414062,79.97798156738281,1.1229972839355469,2.405773162841797,3.8978347778320312,5.67236328125,1
1320_0.7_0.99.png,37.83845138549805,0.9977246522903442,19.366214752197266,train_core,2,3.2735519409179688,0,37.83845138549805,53.394866943359375,37.9619140625,120.0,0.019045190885663033,0.0017214483814314008,15.556415557861328,0.12346267700195312,82.16154861450195,1.1229705810546875,2.405712127685547,3.8977127075195312,5.672142028808594,1
1321_0.95_0.81.png,37.888771057128906,0.9974204301834106,15.937758445739746,train_core,3,1.7291908264160156,0,37.888771057128906,54.275184631347656,37.98976135253906,120.0,0.017728187143802643,0.001472556497901678,16.38641357421875,0.10099029541015625,82.1112289428711,1.1293907165527344,2.4218292236328125,3.9294204711914062,5.7310333251953125,1
1323_0.89_0.88.png,37.61430358886719,0.9974702596664429,16.09776496887207,train_core,4,1.8980484008789062,0,37.61430358886719,54.183021545410156,37.71110153198242,120.0,0.01854671724140644,0.001493737567216158,16.56871795654297,0.09679794311523438,82.38569641113281,1.1306343078613281,2.424957275390625,3.935588836669922,5.742546081542969,1
1324_0.55_1.43.png,36.889705657958984,0.9967397451400757,16.00806999206543,train_core,0,2.4095382690429688,0,36.889705657958984,52.642364501953125,37.006874084472656,120.0,0.02090062014758587,0.0017770171398296952,15.75265884399414,0.11716842651367188,83.11029434204102,1.1245956420898438,2.4097900390625,3.905719757080078,5.686973571777344,1
1325_0.61_1.53.png,39.60640335083008,0.9972707033157349,13.638359069824219,train_core,1,1.6291160583496094,0,39.60640335083008,53.939613342285156,39.76955795288086,120.0,0.015275074169039726,0.001629553851671517,14.333209991455078,0.16315460205078125,80.39359664916992,1.1110954284667969,2.3759841918945312,3.8395233154296875,5.564975738525391,1
1326_0.77_0.97.png,40.24425506591797,0.9979944229125977,14.304132461547852,train_core,2,1.6865615844726562,0,40.24425506591797,55.77033996582031,40.36766052246094,120.0,0.013165038079023361,0.0013210171600803733,15.526084899902344,0.12340545654296875,79.75574493408203,1.1227493286132812,2.405162811279297,3.8966331481933594,5.670127868652344,1
1327_0.98_0.74.png,40.45696258544922,0.9979690313339233,14.185585021972656,train_core,3,0.1018524169921875,0,40.45696258544922,55.93224334716797,40.58184051513672,120.0,0.01284102350473404,0.0012911504600197077,15.47528076171875,0.1248779296875,79.54303741455078,1.1223182678222656,2.4040679931640625,3.8944854736328125,5.666164398193359,1
1328_0.72_1.11.png,40.55973434448242,0.9979395866394043,13.87182331085205,train_core,4,1.6623458862304688,0,40.55973434448242,55.391937255859375,40.70487976074219,120.0,0.012391622178256512,0.0013865148648619652,14.832202911376953,0.14514541625976562,79.44026565551758,1.1163597106933594,2.389141082763672,3.865234375,5.612178802490234,1
1329_0.78_1.76.png,39.5411262512207,0.9968928098678589,15.0142240524292,train_core,0,0.8601570129394531,0,39.5411262512207,52.77763366699219,39.75326156616211,120.0,0.015258953906595707,0.0018352363258600235,13.236507415771484,0.21213531494140625,80.4588737487793,1.0971870422363281,2.3413162231445312,3.7721328735351562,5.442375183105469,1
132_0.77_1.07.png,40.905181884765625,0.9985145330429077,20.232202529907227,train_core,1,1.6965599060058594,0,40.905181884765625,55.64436340332031,41.05397033691406,120.0,0.012900342233479023,0.001322876545600593,14.739181518554688,0.1487884521484375,79.09481811523438,1.11541748046875,2.386791229248047,3.8606414794921875,5.603736877441406,1
1330_0.54_1.99.png,35.53535842895508,0.9964165687561035,15.224522590637207,train_core,2,1.7787857055664062,0,35.53535842895508,51.89579391479492,35.637393951416016,120.0,0.025587642565369606,0.0019775277469307184,16.360435485839844,0.1020355224609375,84.46464157104492,1.1291999816894531,2.421344757080078,3.9284706115722656,5.729267120361328,1
1331_0.9_1.69.png,37.58530807495117,0.9960455298423767,13.376228332519531,train_core,3,1.5241241455078125,0,37.58530807495117,52.236846923828125,37.7370491027832,120.0,0.0182887464761734,0.0019196394132450223,14.651538848876953,0.15174102783203125,82.41469192504883,1.1145095825195312,2.384521484375,3.856189727783203,5.595558166503906,1
1332_0.75_0.69.png,45.011714935302734,0.999107301235199,21.395347595214844,train_core,4,-0.9439811706542969,1,45.011714935302734,57.37852478027344,45.27140808105469,120.0,0.008072629570960999,0.001118310960009694,12.366809844970703,0.2596931457519531,74.98828506469727,1.0834083557128906,2.307159423828125,3.7062416076660156,5.3239593505859375,1
1336_0.6_0.63.png,40.30628204345703,0.9984729290008545,23.94333839416504,train_core,0,3.1215667724609375,0,40.30628204345703,57.645565032958984,40.38786315917969,120.0,0.013819272629916668,0.0009881946025416255,17.339282989501953,0.08158111572265625,79.69371795654297,1.13525390625,2.43658447265625,3.95855712890625,5.7855224609375,1
1338_0.83_1.25.png,38.03337097167969,0.9966896772384644,15.243221282958984,train_core,1,2.1978988647460938,0,38.03337097167969,54.29615783691406,38.13739013671875,120.0,0.01752839796245098,0.001577668939717114,16.262786865234375,0.1040191650390625,81.96662902832031,1.1285057067871094,2.4196014404296875,3.9250335693359375,5.722869873046875,1
1339_0.65_1.47.png,38.49955749511719,0.9969046115875244,16.246315002441406,train_core,2,2.407958984375,0,38.49955749511719,54.33805465698242,38.614471435546875,120.0,0.017703279852867126,0.0015818121610209346,15.838497161865234,0.1149139404296875,81.50044250488281,1.1252975463867188,2.411548614501953,3.909191131591797,5.693424224853516,1
133_0.75_1.91.png,31.755535125732422,0.9892853498458862,11.292856216430664,train_core,3,3.2444534301757812,0,31.755535125732422,50.901912689208984,31.80873680114746,120.0,0.04117019847035408,0.0022852933034300804,19.146377563476562,0.05320167541503906,88.24446487426758,1.1436805725097656,2.457843780517578,4.000682830810547,5.864799499511719,1
1340_0.84_1.32.png,37.743534088134766,0.9962961077690125,14.755029678344727,train_core,4,2.084991455078125,0,37.743534088134766,53.87466049194336,37.85078811645508,120.0,0.01811646670103073,0.0016467957757413387,16.131126403808594,0.1072540283203125,82.25646591186523,1.1275405883789062,2.4171791076660156,3.9202651977539062,5.714000701904297,1
1341_0.94_0.51.png,33.4066162109375,0.995327353477478,16.84900665283203,train_core,0,4.062255859375,0,33.4066162109375,57.14280700683594,33.42521286010742,120.0,0.031466808170080185,0.0011141790309920907,23.736190795898438,0.018596649169921875,86.5933837890625,1.1542129516601562,2.4845008850097656,4.0538177490234375,5.9658050537109375,1
1342_0.9_1.88.png,24.979894638061523,0.9776939749717712,9.690635681152344,train_core,1,3.7299671173095703,0,24.979894638061523,51.071868896484375,24.99066925048828,120.0,0.07848959416151047,0.002135503338649869,26.09197425842285,0.010774612426757812,95.02010536193848,1.1565685272216797,2.4904727935791016,4.065763473510742,5.988666534423828,1
1343_0.89_0.89.png,30.56594467163086,0.9919492602348328,13.829706192016602,train_core,2,4.228507995605469,0,30.56594467163086,55.22698211669922,30.580913543701172,120.0,0.041712842881679535,0.0013766707852482796,24.66103744506836,0.0149688720703125,89.43405532836914,1.1552925109863281,2.4872360229492188,4.059291839599609,5.976264953613281,1
1344_0.71_0.79.png,33.74580383300781,0.995797872543335,17.559568405151367,train_core,3,3.324359893798828,0,33.74580383300781,56.38759231567383,33.7696418762207,120.0,0.03057183511555195,0.0012247434351593256,22.641788482666016,0.023838043212890625,86.25419616699219,1.1526069641113281,2.4804229736328125,4.045665740966797,5.950225830078125,1
1345_0.75_1.67.png,30.659976959228516,0.9930158853530884,14.157646179199219,train_core,4,3.9152908325195312,0,30.659976959228516,52.43564224243164,30.68905258178711,120.0,0.04892290383577347,0.0018903492018580437,21.775665283203125,0.02907562255859375,89.34002304077148,1.151010513305664,2.4763832092285156,4.037601470947266,5.934856414794922,1
1347_0.75_1.79.png,28.99612045288086,0.9908768534660339,13.821930885314941,train_core,0,3.755870819091797,0,28.99612045288086,51.842594146728516,29.018840789794922,120.0,0.05837710201740265,0.0020053808111697435,22.846473693847656,0.0227203369140625,91.00387954711914,1.1529388427734375,2.481264114379883,4.047351837158203,5.9534454345703125,1
1348_0.85_0.74.png,33.60050964355469,0.997058093547821,16.692241668701172,train_core,1,3.7363319396972656,0,33.60050964355469,56.16376876831055,33.62471008300781,120.0,0.035655468702316284,0.0012416663812473416,22.56325912475586,0.024200439453125,86.39949035644531,1.1524772644042969,2.480091094970703,4.045005798339844,5.948966979980469,1
1349_0.94_1.22.png,30.660869598388672,0.9923540949821472,12.424079895019531,train_core,2,3.781452178955078,0,30.660869598388672,55.470577239990234,30.67539405822754,120.0,0.03050428070127964,0.0013208320597186685,24.809707641601562,0.014524459838867188,89.33913040161133,1.1554241180419922,2.487567901611328,4.059955596923828,5.977550506591797,1
134_0.82_1.41.png,34.70938491821289,0.9926301836967468,13.079408645629883,train_core,3,3.2188568115234375,0,34.70938491821289,51.278656005859375,34.80615234375,120.0,0.026709137484431267,0.0021608544047921896,16.569271087646484,0.09676742553710938,85.29061508178711,1.1306381225585938,2.424968719482422,3.9356117248535156,5.742584228515625,1
1350_0.6_0.99.png,31.64263153076172,0.9946302175521851,20.663284301757812,train_core,4,4.763233184814453,0,31.64263153076172,57.41695785522461,31.654436111450195,120.0,0.027995524927973747,0.0010330044897273183,25.77432632446289,0.011804580688476562,88.35736846923828,1.1562919616699219,2.4897689819335938,4.064361572265625,5.985992431640625,1
1352_0.7_1.62.png,30.453832626342773,0.9911673069000244,12.605514526367188,train_core,0,3.365152359008789,0,30.453832626342773,55.15071105957031,30.46896743774414,120.0,0.0326751172542572,0.0013871295377612114,24.69687843322754,0.015134811401367188,89.54616737365723,1.155294418334961,2.487241744995117,4.059305191040039,5.976316452026367,1
1354_0.79_1.67.png,33.46846008300781,0.985458493232727,11.670831680297852,train_core,1,3.2272720336914062,0,33.46846008300781,53.072059631347656,33.51820373535156,120.0,0.03512340039014816,0.001497938297688961,19.603599548339844,0.04974365234375,86.53153991699219,1.1452903747558594,2.4619064331054688,4.008762359619141,5.8800811767578125,1
1355_0.85_0.57.png,44.05602264404297,0.9971291422843933,19.443553924560547,train_core,2,1.2152976989746094,0,44.05602264404297,58.95952224731445,44.19981002807617,120.0,0.008733374997973442,0.0008467859006486833,14.903499603271484,0.14378738403320312,75.94397735595703,1.1170539855957031,2.3908920288085938,3.86865234375,5.618476867675781,1
1356_0.95_1.17.png,37.85944747924805,0.9913225173950195,13.182806968688965,train_core,3,2.3730392456054688,0,37.85944747924805,54.584999084472656,37.95463943481445,120.0,0.018791602924466133,0.0012980367755517364,16.72555160522461,0.09519195556640625,82.14055252075195,1.1316680908203125,2.42755126953125,3.940704345703125,5.752098083496094,1
1357_0.64_1.26.png,38.310325622558594,0.9964984655380249,15.53569221496582,train_core,4,2.5350799560546875,0,38.310325622558594,54.19953918457031,38.423702239990234,120.0,0.01810038648545742,0.0014546759193763137,15.889213562011719,0.11337661743164062,81.6896743774414,1.1257171630859375,2.41259765625,3.911243438720703,5.697223663330078,1
1358_0.55_0.52.png,42.70039367675781,0.9989290237426758,23.38812828063965,train_core,0,2.271282196044922,0,42.70039367675781,57.77104187011719,42.837669372558594,120.0,0.010730360634624958,0.0009629254345782101,15.070648193359375,0.13727569580078125,77.29960632324219,1.1186752319335938,2.3949356079101562,3.8765716552734375,5.633060455322266,1
135_0.95_0.78.png,34.04414367675781,0.9926362037658691,16.88554573059082,train_core,1,2.4815406799316406,0,34.04414367675781,50.23162841796875,34.14990234375,120.0,0.028193481266498566,0.002245008246973157,16.187484741210938,0.1057586669921875,85.95585632324219,1.1279716491699219,2.418262481689453,3.922393798828125,5.717948913574219,1
1360_0.65_0.69.png,41.39075469970703,0.9984539747238159,19.823841094970703,train_core,2,1.7694168090820312,0,41.39075469970703,56.52340316772461,41.52604675292969,120.0,0.012712677009403706,0.0011014759074896574,15.132648468017578,0.13529205322265625,78.60924530029297,1.1192474365234375,2.3963851928710938,3.8794174194335938,5.638317108154297,1
1361_0.95_0.66.png,38.748756408691406,0.9974676966667175,16.970434188842773,train_core,3,4.107200622558594,0,38.748756408691406,57.295875549316406,38.80990982055664,120.0,0.01900729164481163,0.0010863760253414512,18.547119140625,0.061153411865234375,81.2512435913086,1.14129638671875,2.4518089294433594,3.9887123107910156,5.842189788818359,1
1362_0.72_0.84.png,36.46146011352539,0.996605396270752,16.601966857910156,train_core,4,4.606136322021484,0,36.46146011352539,57.29027557373047,36.497554779052734,120.0,0.02768630161881447,0.00109841616358608,20.828815460205078,0.03609466552734375,83.53853988647461,1.1488571166992188,2.470928192138672,4.026725769042969,5.914161682128906,1
1363_0.77_1.15.png,34.94953918457031,0.9946862459182739,13.956125259399414,train_core,0,4.443336486816406,0,34.94953918457031,55.94112777709961,34.9843635559082,120.0,0.030733907595276833,0.001275187823921442,20.991588592529297,0.034824371337890625,85.05046081542969,1.1492652893066406,2.471954345703125,4.028774261474609,5.918052673339844,1
1365_0.6_1.68.png,34.99388122558594,0.9969936609268188,15.970057487487793,train_core,1,2.210857391357422,0,34.99388122558594,53.54066467285156,35.05500030517578,120.0,0.026874715462327003,0.0016552464803680778,18.546783447265625,0.06111907958984375,85.00611877441406,1.1413040161132812,2.4518280029296875,3.9887428283691406,5.842247009277344,1
1366_0.97_0.87.png,37.84550094604492,0.9978827238082886,18.543685913085938,train_core,2,2.9355010986328125,0,37.84550094604492,55.34111404418945,37.92351150512695,120.0,0.02093353681266308,0.0013429549289867282,17.49561309814453,0.07801055908203125,82.15449905395508,1.1362380981445312,2.4390602111816406,3.9634437561035156,5.794654846191406,1
1368_0.91_1.94.png,34.66837692260742,0.9945478439331055,14.008384704589844,train_core,3,3.1094970703125,0,34.66837692260742,51.48877716064453,34.759639739990234,120.0,0.030553828924894333,0.002001155400648713,16.82040023803711,0.0912628173828125,85.33162307739258,1.1322784423828125,2.4290924072265625,3.9437484741210938,5.757778167724609,1
1369_0.84_1.87.png,37.89971923828125,0.9945778846740723,12.983970642089844,train_core,4,1.6583251953125,0,37.89971923828125,49.287418365478516,38.23082733154297,120.0,0.018861738964915276,0.0026118606328964233,11.387699127197266,0.33110809326171875,82.10028076171875,1.0640792846679688,2.2594985961914062,3.6151199340820312,5.162609100341797,1
1370_0.82_0.79.png,43.013221740722656,0.9982686042785645,19.180795669555664,train_core,0,1.3540306091308594,0,43.013221740722656,54.301849365234375,43.35258483886719,120.0,0.010616161860525608,0.0015383808640763164,11.288627624511719,0.33936309814453125,76.98677825927734,1.0619659423828125,2.2543106079101562,3.6052589416503906,5.145286560058594,1
1371_0.85_0.62.png,43.829933166503906,0.9984782934188843,20.58661460876465,train_core,1,0.8939247131347656,0,43.829933166503906,55.227237701416016,44.15943908691406,120.0,0.009230232797563076,0.0013951441505923867,11.39730453491211,0.32950592041015625,76.1700668334961,1.06439208984375,2.26025390625,3.6165504455566406,5.1650848388671875,1
1372_0.51_0.74.png,43.799888610839844,0.9984455108642578,22.656667709350586,train_core,2,0.3885650634765625,0,43.799888610839844,54.603843688964844,44.18608856201172,120.0,0.008960622362792492,0.0014581364812329412,10.803955078125,0.386199951171875,76.20011138916016,1.04974365234375,2.2243919372558594,3.54864501953125,5.0466766357421875,1
1373_0.73_0.81.png,42.39374542236328,0.9979594945907593,15.119413375854492,train_core,3,3.2390975952148438,0,42.39374542236328,56.48805236816406,42.572906494140625,120.0,0.009538228623569012,0.0012834975495934486,14.094306945800781,0.17916107177734375,77.60625457763672,1.1078262329101562,2.3678665161132812,3.8237991333007812,5.536518096923828,1
1374_0.91_1.06.png,40.299476623535156,0.9970229864120483,10.937973022460938,train_core,4,3.3717041015625,0,40.299476623535156,54.335575103759766,40.47948455810547,120.0,0.012783067300915718,0.00160744518507272,14.03609848022461,0.1800079345703125,79.70052337646484,1.1071586608886719,2.3661956787109375,3.820556640625,5.530605316162109,1
1377_0.5_0.79.png,39.29552459716797,0.997789740562439,26.39082908630371,train_core,0,3.259632110595703,0,39.29552459716797,57.59033203125,39.360321044921875,120.0,0.016912026330828667,0.0009248911519534886,18.29480743408203,0.06479644775390625,80.70447540283203,1.1401939392089844,2.44903564453125,3.9832115173339844,5.831817626953125,1
1378_0.56_1.67.png,33.3412971496582,0.9924982786178589,19.42838478088379,train_core,1,3.335338592529297,0,33.3412971496582,54.92696762084961,33.371543884277344,120.0,0.03127136826515198,0.0012552666012197733,21.585670471191406,0.030246734619140625,86.6587028503418,1.1506195068359375,2.475391387939453,4.035625457763672,5.93109130859375,1
1379_0.58_2.0.png,32.65249252319336,0.9914724826812744,16.091163635253906,train_core,2,3.7577590942382812,0,32.65249252319336,54.73386764526367,32.67947006225586,120.0,0.03303252160549164,0.0013577770441770554,22.081375122070312,0.0269775390625,87.34750747680664,1.1516151428222656,2.4779052734375,4.0406494140625,5.9406585693359375,1
1380_0.67_1.78.png,32.813232421875,0.9915813207626343,15.423604011535645,train_core,3,3.6753311157226562,0,32.813232421875,55.568336486816406,32.836326599121094,120.0,0.03307633474469185,0.0012769288150593638,22.755104064941406,0.02309417724609375,87.186767578125,1.1527976989746094,2.4809036254882812,4.046627044677734,5.952056884765625,1
1381_0.96_0.82.png,37.305946350097656,0.999010443687439,18.99468231201172,train_core,4,2.6393165588378906,0,37.305946350097656,55.413970947265625,37.374244689941406,120.0,0.015712695196270943,0.0012411774368956685,18.10802459716797,0.06829833984375,82.69405364990234,1.1393280029296875,2.4468460083007812,3.978862762451172,5.823638916015625,1
1382_0.57_1.88.png,36.16907501220703,0.9979405403137207,15.02585220336914,train_core,0,3.564228057861328,0,36.16907501220703,51.077537536621094,36.31636047363281,120.0,0.023118898272514343,0.0019360678270459175,14.908462524414062,0.14728546142578125,83.83092498779297,1.1165428161621094,2.3896484375,3.8663330078125,5.614501953125,1
1383_0.75_0.81.png,40.583396911621094,0.9992989301681519,20.820159912109375,train_core,1,3.7049789428710938,0,40.583396911621094,54.94410705566406,40.747108459472656,120.0,0.011202264577150345,0.0012830011546611786,14.360710144042969,0.1637115478515625,79.4166030883789,1.1112632751464844,2.3764190673828125,3.840412139892578,5.566703796386719,1
1384_0.55_1.84.png,38.518863677978516,0.9981956481933594,14.885671615600586,train_core,2,3.007671356201172,0,38.518863677978516,50.960479736328125,38.77997589111328,120.0,0.01883998140692711,0.0019738811533898115,12.44161605834961,0.2611122131347656,81.48113632202148,1.083465576171875,2.307331085205078,3.706676483154297,5.325061798095703,1
1385_0.67_0.95.png,42.685211181640625,0.9979001879692078,18.237565994262695,train_core,3,1.6275863647460938,0,42.685211181640625,55.41289520263672,42.9256477355957,120.0,0.009572877548635006,0.0013428585371002555,12.727684020996094,0.24043655395507812,77.31478881835938,1.0892868041992188,2.321727752685547,3.73431396484375,5.374309539794922,1
1387_0.93_1.02.png,40.97243881225586,0.99675053358078,14.928651809692383,train_core,4,1.4763298034667969,0,40.97243881225586,54.122337341308594,41.19054412841797,120.0,0.010938238352537155,0.001558709074743092,13.149898529052734,0.21810531616210938,79.02756118774414,1.0956993103027344,2.337635040283203,3.765056610107422,5.4296875,1
1388_0.67_1.18.png,41.00313186645508,0.9969266653060913,16.62770652770996,train_core,0,1.9385871887207031,0,41.00313186645508,54.311622619628906,41.21265411376953,120.0,0.011479808017611504,0.0015058080898597836,13.308490753173828,0.20952224731445312,78.99686813354492,1.0980339050292969,2.34344482421875,3.776287078857422,5.449958801269531,1
1389_0.95_1.29.png,34.45149230957031,0.995968222618103,15.372017860412598,train_core,1,3.1251144409179688,0,34.45149230957031,53.11549377441406,34.510990142822266,120.0,0.02665106952190399,0.0015361610567197204,18.66400146484375,0.059497833251953125,85.54850769042969,1.14178466796875,2.453052520751953,3.991180419921875,5.846851348876953,1
138_0.89_1.06.png,38.926177978515625,0.9983881711959839,15.984906196594238,train_core,2,1.8510055541992188,0,38.926177978515625,55.44659423828125,39.02425765991211,120.0,0.014793227426707745,0.001329872291535139,16.520416259765625,0.09807968139648438,81.07382202148438,1.1302986145019531,2.4241065979003906,3.933910369873047,5.739410400390625,1
1391_0.87_1.32.png,35.6620979309082,0.996635377407074,16.946624755859375,train_core,3,3.2730636596679688,0,35.6620979309082,53.55120086669922,35.73331069946289,120.0,0.023980367928743362,0.0014840554213151336,17.889102935791016,0.0712127685546875,84.3379020690918,1.138275146484375,2.4441871643066406,3.9735946655273438,5.813728332519531,1
1392_0.87_0.83.png,39.33662796020508,0.9980373382568359,20.39940071105957,train_core,4,3.4316673278808594,0,39.33662796020508,56.28520965576172,39.42523193359375,120.0,0.016287658363580704,0.0011319624027237296,16.94858169555664,0.08860397338867188,80.66337203979492,1.1330757141113281,2.4310951232910156,3.94769287109375,5.765155792236328,1
1394_0.64_1.0.png,38.095664978027344,0.9984421730041504,17.341402053833008,train_core,0,2.8499069213867188,0,38.095664978027344,53.527008056640625,38.223148345947266,120.0,0.019712232053279877,0.0016205260762944818,15.431343078613281,0.12748336791992188,81.90433502197266,1.1219215393066406,2.4030838012695312,3.8925552368164062,5.662590026855469,1
1395_0.71_1.8.png,34.81275939941406,0.9959980845451355,12.412603378295898,train_core,1,3.0900726318359375,0,34.81275939941406,50.14581298828125,34.94252014160156,120.0,0.026156453415751457,0.0023877162020653486,15.333053588867188,0.1297607421875,85.18724060058594,1.1210517883300781,2.400909423828125,3.8882904052734375,5.654701232910156,1
1396_0.92_1.33.png,35.3345947265625,0.9960763454437256,11.831104278564453,train_core,2,2.949687957763672,0,35.3345947265625,50.50824737548828,35.46881866455078,120.0,0.022413257509469986,0.0022441199980676174,15.173652648925781,0.13422393798828125,84.6654052734375,1.1196136474609375,2.3972930908203125,3.8811874389648438,5.6415863037109375,1
1399_0.81_0.95.png,34.9556999206543,0.9970625638961792,17.47705078125,train_core,3,4.2953643798828125,0,34.9556999206543,54.54009246826172,35.003822326660156,120.0,0.026036368682980537,0.0014773680595681071,19.584392547607422,0.048122406005859375,85.0443000793457,1.1452255249023438,2.4617385864257812,4.008430480957031,5.879459381103516,1
139_0.87_1.52.png,36.90916442871094,0.9972171187400818,13.732839584350586,train_core,4,2.08294677734375,0,36.90916442871094,53.463077545166016,37.0064582824707,120.0,0.017622945830225945,0.0016269931802526116,16.553913116455078,0.09729385375976562,83.09083557128906,1.1305274963378906,2.4246826171875,3.935047149658203,5.741523742675781,1
13_0.94_1.35.png,37.34942626953125,0.995234489440918,17.889841079711914,train_core,0,1.9465866088867188,0,37.34942626953125,51.703128814697266,37.51181411743164,120.0,0.021325021982192993,0.0018770414171740413,14.353702545166016,0.16238784790039062,82.65057373046875,1.1113243103027344,2.376556396484375,3.84063720703125,5.5670166015625,1
1401_0.77_1.54.png,32.02141571044922,0.9951860308647156,11.590726852416992,train_core,1,3.443798065185547,0,32.02141571044922,52.932090759277344,32.056884765625,120.0,0.043842725455760956,0.0016660909168422222,20.910675048828125,0.03546905517578125,87.97858428955078,1.1490440368652344,2.471393585205078,4.02764892578125,5.915912628173828,1
1402_0.73_0.73.png,35.65271759033203,0.9972912669181824,17.18529510498047,train_core,2,2.6410751342773438,0,35.65271759033203,56.51874542236328,35.6884765625,120.0,0.030535884201526642,0.0011557588586583734,20.86602783203125,0.03575897216796875,84.34728240966797,1.1489486694335938,2.4711647033691406,4.027194976806641,5.9150543212890625,1
1404_0.5_1.73.png,32.66727828979492,0.9960793256759644,13.67749309539795,train_core,3,3.2196311950683594,0,32.66727828979492,53.53059768676758,32.703102111816406,120.0,0.04166446998715401,0.0015589231625199318,20.863319396972656,0.035823822021484375,87.33272171020508,1.1489295959472656,2.4711151123046875,4.027099609375,5.914878845214844,1
1405_0.62_1.55.png,34.56990432739258,0.9949827194213867,13.308161735534668,train_core,4,3.3178138732910156,0,34.56990432739258,50.68682861328125,34.67885208129883,120.0,0.030012644827365875,0.0022494366858154535,16.116924285888672,0.10894775390625,85.43009567260742,1.1271476745605469,2.4162025451660156,3.918407440185547,5.710700988769531,1
1406_0.83_1.82.png,33.40568923950195,0.9933087229728699,10.297017097473145,train_core,0,1.8115158081054688,0,33.40568923950195,49.71046447753906,33.50996780395508,120.0,0.03427066653966904,0.0025231430772691965,16.30477523803711,0.104278564453125,86.59431076049805,1.1285591125488281,2.4197540283203125,3.9253768920898438,5.723636627197266,1
1408_0.96_0.53.png,43.376991271972656,0.998990535736084,18.127628326416016,train_core,1,1.4304046630859375,0,43.376991271972656,56.468082427978516,43.5987663269043,120.0,0.00923061091452837,0.0012315240455791354,13.09109115600586,0.22177505493164062,76.62300872802734,1.0948677062988281,2.3355865478515625,3.7610931396484375,5.4225311279296875,1
1409_0.85_0.88.png,36.729591369628906,0.9985805749893188,19.874359130859375,train_core,2,2.4818649291992188,0,36.729591369628906,56.14009094238281,36.77973175048828,120.0,0.017661962658166885,0.001185629633255303,19.410499572753906,0.050140380859375,83.2704086303711,1.1446342468261719,2.4602394104003906,4.0054473876953125,5.873805999755859,1
140_0.99_1.0.png,39.43457794189453,0.9981309175491333,15.614556312561035,train_core,3,1.7096633911132812,0,39.43457794189453,55.18689727783203,39.55196762084961,120.0,0.01189285796135664,0.0013526160037145019,15.7523193359375,0.11738967895507812,80.56542205810547,1.124603271484375,2.409809112548828,3.9057655334472656,5.687068939208984,1
1410_0.76_1.08.png,38.52564239501953,0.9984697699546814,19.21441650390625,train_core,4,2.4779701232910156,0,38.52564239501953,55.30599594116211,38.61793899536133,120.0,0.015600094571709633,0.0012868769699707627,16.780353546142578,0.09229660034179688,81.47435760498047,1.1320152282714844,2.4284286499023438,3.942432403564453,5.7553253173828125,1
1411_0.54_0.56.png,41.199893951416016,0.9990355372428894,29.946191787719727,train_core,0,2.108814239501953,0,41.199893951416016,58.01193618774414,41.29145050048828,120.0,0.014332118444144726,0.0009263529791496694,16.812042236328125,0.09155654907226562,78.80010604858398,1.1322135925292969,2.428913116455078,3.943401336669922,5.757137298583984,1
1415_0.67_1.4.png,40.67733383178711,0.9982089996337891,14.989642143249512,train_core,1,1.3378868103027344,0,40.67733383178711,53.206642150878906,40.92707061767578,120.0,0.013641519472002983,0.0017567947506904602,12.529308319091797,0.24973678588867188,79.32266616821289,1.0862007141113281,2.3140792846679688,3.719554901123047,5.347751617431641,1
1417_0.88_0.75.png,32.46892547607422,0.9964841604232788,23.369213104248047,train_core,2,4.228179931640625,0,32.46892547607422,56.587982177734375,32.48578643798828,120.0,0.030966777354478836,0.001037426758557558,24.119056701660156,0.0168609619140625,87.53107452392578,1.154693603515625,2.4857101440429688,4.056236267089844,5.970424652099609,1
1418_0.79_1.51.png,33.129337310791016,0.9956027865409851,15.92378044128418,train_core,3,3.30419921875,0,33.129337310791016,54.24005889892578,33.16310119628906,120.0,0.02625586837530136,0.0014161552535369992,21.110721588134766,0.033763885498046875,86.87066268920898,1.1495552062988281,2.4726943969726562,4.030246734619141,5.920860290527344,1
141_0.71_1.48.png,34.302886962890625,0.9963885545730591,16.580699920654297,train_core,4,3.9544143676757812,0,34.302886962890625,53.83491516113281,34.35173797607422,120.0,0.030677514150738716,0.0016489689005538821,19.532028198242188,0.04885101318359375,85.69711303710938,1.1450576782226562,2.461315155029297,4.007587432861328,5.877857208251953,1
1420_0.92_1.35.png,31.046131134033203,0.9943627715110779,15.657196998596191,train_core,0,3.4101028442382812,0,31.046131134033203,53.86558151245117,31.06888198852539,120.0,0.03439661115407944,0.001472968957386911,22.81945037841797,0.0227508544921875,88.9538688659668,1.1528968811035156,2.4811630249023438,4.047145843505859,5.953052520751953,1
1421_0.9_1.14.png,35.8516731262207,0.9960471987724304,15.962008476257324,train_core,1,3.1022300720214844,0,35.8516731262207,54.24800109863281,35.91497802734375,120.0,0.017870891839265823,0.0014655804261565208,18.39632797241211,0.06330490112304688,84.1483268737793,1.1406517028808594,2.450183868408203,3.9854812622070312,5.836093902587891,1
1422_0.51_1.71.png,33.856056213378906,0.9960157871246338,17.491865158081055,train_core,2,2.4995269775390625,0,33.856056213378906,53.33887481689453,33.90525436401367,120.0,0.033829014748334885,0.001506165019236505,19.482818603515625,0.049198150634765625,86.1439437866211,1.1448898315429688,2.460887908935547,4.006740570068359,5.876258850097656,1
1423_0.68_1.59.png,32.80402374267578,0.9951345324516296,15.161243438720703,train_core,3,3.575977325439453,0,32.80402374267578,53.026702880859375,32.84548568725586,120.0,0.03781501576304436,0.0016015522414818406,20.222679138183594,0.041461944580078125,87.19597625732422,1.1472282409667969,2.4668045043945312,4.0185089111328125,5.898555755615234,1
1424_0.94_1.89.png,33.23734664916992,0.9923345446586609,11.578760147094727,train_core,4,2.448833465576172,0,33.23734664916992,50.6367301940918,33.31731414794922,120.0,0.024893563240766525,0.002128301654011011,17.399383544921875,0.07996749877929688,86.76265335083008,1.135711669921875,2.437732696533203,3.9608154296875,5.789726257324219,1
1425_0.84_1.75.png,34.869720458984375,0.9970576167106628,12.672599792480469,train_core,0,3.858875274658203,0,34.869720458984375,49.995933532714844,35.006168365478516,120.0,0.023630956187844276,0.0023943467531353235,15.126213073730469,0.13644790649414062,85.13027954101562,1.1190834045410156,2.3959693908691406,3.8786239624023438,5.636909484863281,1
1426_0.74_1.06.png,35.929283142089844,0.998522162437439,20.626556396484375,train_core,1,3.88140869140625,0,35.929283142089844,52.487239837646484,36.027015686035156,120.0,0.02234569564461708,0.0018189005786553025,16.55795669555664,0.0977325439453125,84.07071685791016,1.130523681640625,2.4246826171875,3.93505859375,5.7415771484375,1
1428_0.86_1.18.png,36.46622085571289,0.9982047080993652,15.8414888381958,train_core,2,4.13446044921875,0,36.46622085571289,52.13716125488281,36.5864372253418,120.0,0.019038112834095955,0.0018779607489705086,15.670940399169922,0.12021636962890625,83.53377914428711,1.1238784790039062,2.4079933166503906,3.9022178649902344,5.680522918701172,1
142_0.57_1.0.png,41.16050338745117,0.9983968138694763,19.621442794799805,train_core,3,2.224437713623047,0,41.16050338745117,55.55915069580078,41.32135009765625,120.0,0.013910230249166489,0.0013429098762571812,14.39864730834961,0.16084671020507812,78.83949661254883,1.1118049621582031,2.3777618408203125,3.842998504638672,5.571346282958984,1
1430_0.51_1.86.png,32.252586364746094,0.9947571754455566,15.717906951904297,train_core,4,3.268085479736328,0,32.252586364746094,52.367881774902344,32.29508972167969,120.0,0.04233177378773689,0.0017040949314832687,20.11529541015625,0.04250335693359375,87.7474136352539,1.14691162109375,2.4659996032714844,4.016910552978516,5.8955230712890625,1
1433_0.9_1.85.png,37.912841796875,0.988756537437439,9.181703567504883,train_core,0,1.0595970153808594,0,37.912841796875,47.59385681152344,38.43313980102539,120.0,0.015016499906778336,0.0031436148565262556,9.681015014648438,0.5202980041503906,82.087158203125,1.01556396484375,2.1413345336914062,3.393329620361328,4.781078338623047,1
1434_0.83_1.44.png,40.576419830322266,0.9934436082839966,11.398120880126953,train_core,1,0.9189834594726562,0,40.576419830322266,50.0020637512207,41.129878997802734,120.0,0.010578467510640621,0.002444860292598605,9.425643920898438,0.5534591674804688,79.42358016967773,1.0076522827148438,2.1222267150878906,3.3578834533691406,4.721168518066406,1
1436_0.66_1.76.png,40.240570068359375,0.9922942519187927,12.482943534851074,train_core,2,0.9912910461425781,0,40.240570068359375,49.429893493652344,40.82223892211914,120.0,0.01199654582887888,0.0026297469157725573,9.189323425292969,0.5816688537597656,79.75942993164062,0.9995307922363281,2.1026611328125,3.3217086791992188,4.660316467285156,1
1437_0.74_1.01.png,32.81755065917969,0.9962003231048584,15.753602981567383,train_core,3,2.8535308837890625,0,32.81755065917969,54.17913055419922,32.849822998046875,120.0,0.03747819736599922,0.001447836053557694,21.36157989501953,0.0322723388671875,87.18244934082031,1.1501274108886719,2.4741439819335938,4.033134460449219,5.926349639892578,1
1438_0.9_1.29.png,32.923248291015625,0.9947036504745483,11.438450813293457,train_core,4,2.8823623657226562,0,32.923248291015625,52.99760818481445,32.96628952026367,120.0,0.03697141259908676,0.0016636269865557551,20.074359893798828,0.043041229248046875,87.07675170898438,1.1467742919921875,2.465667724609375,4.016242980957031,5.894264221191406,1
1439_0.92_1.24.png,33.0416145324707,0.9948580265045166,11.322362899780273,train_core,0,2.965240478515625,0,33.0416145324707,53.14346694946289,33.08441162109375,120.0,0.03688572347164154,0.0016334172105416656,20.101852416992188,0.042797088623046875,86.9583854675293,1.1468544006347656,2.4658660888671875,4.0166473388671875,5.895030975341797,1
143_0.84_1.61.png,32.87635040283203,0.9947800040245056,13.802640914916992,train_core,1,3.3025779724121094,0,32.87635040283203,52.53872299194336,32.9237060546875,120.0,0.03473644331097603,0.0018490110523998737,19.662372589111328,0.04735565185546875,87.12364959716797,1.1454925537109375,2.4624099731445312,4.009777069091797,5.8820037841796875,1
1440_0.65_1.26.png,31.814348220825195,0.9952836036682129,16.43497085571289,train_core,2,2.7817859649658203,0,31.814348220825195,53.328651428222656,31.84551239013672,120.0,0.04106604680418968,0.0016096249455586076,21.51430320739746,0.031164169311523438,88.1856517791748,1.1504650115966797,2.4749889373779297,4.034818649291992,5.929567337036133,1
1442_0.62_0.81.png,37.908058166503906,0.9973432421684265,16.62261199951172,train_core,3,2.5672760009765625,0,37.908058166503906,55.33793640136719,37.98768615722656,120.0,0.021576113998889923,0.001285357866436243,17.42987823486328,0.07962799072265625,82.0919418334961,1.135833740234375,2.43804931640625,3.961456298828125,5.79095458984375,1
1443_0.76_1.22.png,37.67707824707031,0.9964303970336914,12.54810905456543,train_core,4,2.4250564575195312,0,37.67707824707031,53.966365814208984,37.78090286254883,120.0,0.021367311477661133,0.001540401834063232,16.289287567138672,0.10382461547851562,82.32292175292969,1.1285934448242188,2.4198226928710938,3.9254798889160156,5.7237548828125,1
1444_0.58_1.95.png,33.59641647338867,0.9922832250595093,10.66662311553955,train_core,0,3.1376991271972656,0,33.59641647338867,51.666568756103516,33.66541290283203,120.0,0.03708381950855255,0.0019933178555220366,18.070152282714844,0.06899642944335938,86.40358352661133,1.1389999389648438,2.4460372924804688,3.977294921875,5.820777893066406,1
1445_0.65_0.82.png,34.528343200683594,0.9983407855033875,21.2252197265625,train_core,1,3.7097930908203125,0,34.528343200683594,55.19020080566406,34.56590270996094,120.0,0.033135175704956055,0.0014585816534236073,20.66185760498047,0.03755950927734375,85.4716567993164,1.1484260559082031,2.469837188720703,4.024559020996094,5.9100494384765625,1
1446_0.85_0.59.png,37.268394470214844,0.9988365173339844,20.959321975708008,train_core,2,4.083538055419922,0,37.268394470214844,56.6533088684082,37.31882095336914,120.0,0.02246903069317341,0.0012690465664491057,19.38491439819336,0.050426483154296875,82.73160552978516,1.1445426940917969,2.460010528564453,4.004997253417969,5.872955322265625,1
1447_0.8_1.55.png,34.952484130859375,0.9965839385986328,14.681048393249512,train_core,3,2.7137832641601562,0,34.952484130859375,52.651554107666016,35.027164459228516,120.0,0.03018924593925476,0.0019372397800907493,17.69906997680664,0.07468032836914062,85.04751586914062,1.13726806640625,2.441661834716797,3.968597412109375,5.8043670654296875,1
1448_0.97_1.24.png,36.940608978271484,0.9967734217643738,14.53051471710205,train_core,4,1.6149024963378906,0,36.940608978271484,53.49578857421875,37.03803253173828,120.0,0.020105894654989243,0.0017833635210990906,16.555179595947266,0.09742355346679688,83.05939102172852,1.1305046081542969,2.4246292114257812,3.9349441528320312,5.741359710693359,1
1449_0.94_0.78.png,39.55110549926758,0.9989034533500671,18.135883331298828,train_core,0,2.532726287841797,0,39.55110549926758,56.98508834838867,39.6302490234375,120.0,0.01714121550321579,0.0011678034206852317,17.433982849121094,0.07914352416992188,80.44889450073242,1.1358985900878906,2.4382057189941406,3.9617538452148438,5.791496276855469,1
144_0.68_1.71.png,33.789710998535156,0.9956556558609009,16.14181900024414,train_core,1,3.8964881896972656,0,33.789710998535156,53.05665969848633,33.84170913696289,120.0,0.03177386894822121,0.0017942175036296248,19.266948699951172,0.051998138427734375,86.21028900146484,1.1441268920898438,2.458965301513672,4.002922058105469,5.869026184082031,1
1450_0.85_1.16.png,39.748435974121094,0.9987739324569702,16.2984619140625,train_core,2,2.6443099975585938,0,39.748435974121094,55.653499603271484,39.86139678955078,120.0,0.015428121201694012,0.00135340157430619,15.90506362915039,0.1129608154296875,80.2515640258789,1.1258354187011719,2.41290283203125,3.9118423461914062,5.698337554931641,1
1451_0.79_1.55.png,39.1062126159668,0.998444676399231,15.328227043151855,train_core,3,2.1776580810546875,0,39.1062126159668,54.334529876708984,39.238525390625,120.0,0.016547907143831253,0.0015643417136743665,15.228317260742188,0.13231277465820312,80.8937873840332,1.1201324462890625,2.398590087890625,3.88372802734375,5.646274566650391,1
1452_0.81_1.88.png,38.09918212890625,0.9977627992630005,13.680005073547363,train_core,4,1.9707450866699219,0,38.09918212890625,52.73832702636719,38.25105285644531,120.0,0.017013156786561012,0.0018371893092989922,14.639144897460938,0.1518707275390625,81.90081787109375,1.1143913269042969,2.3842239379882812,3.8556137084960938,5.594482421875,1
1453_0.64_1.53.png,33.75874328613281,0.9968688488006592,14.084184646606445,train_core,0,3.5965538024902344,0,33.75874328613281,53.82168197631836,33.8017578125,120.0,0.03133605420589447,0.001578244031406939,20.062938690185547,0.0430145263671875,86.24125671386719,1.1467552185058594,2.4656105041503906,4.016136169433594,5.894046783447266,1
1454_0.62_1.48.png,33.79389190673828,0.9970871806144714,14.618175506591797,train_core,1,4.163566589355469,0,33.79389190673828,53.951202392578125,33.83597946166992,120.0,0.03089902363717556,0.001549636828713119,20.157310485839844,0.042087554931640625,86.20610809326172,1.14703369140625,2.466320037841797,4.017543792724609,5.896728515625,1
1455_0.79_0.88.png,35.54222869873047,0.9978132247924805,16.162769317626953,train_core,2,3.409912109375,0,35.54222869873047,55.1655158996582,35.58985900878906,120.0,0.02651236578822136,0.0013101979857310653,19.623287200927734,0.04763031005859375,84.45777130126953,1.1453666687011719,2.4620933532714844,4.009132385253906,5.8807830810546875,1
1457_0.88_0.58.png,42.51260757446289,0.9986453056335449,18.131633758544922,train_core,3,0.9906883239746094,0,42.51260757446289,56.24320602416992,42.70067596435547,120.0,0.01150086335837841,0.001201661885716021,13.730598449707031,0.18806838989257812,77.48739242553711,1.1038742065429688,2.3579750061035156,3.804454803466797,5.500980377197266,1
1458_0.94_0.97.png,40.593265533447266,0.9973742961883545,13.666306495666504,train_core,4,-0.008358001708984375,0,40.593265533447266,53.377376556396484,40.82855987548828,120.0,0.013494061306118965,0.0016006414080038667,12.784111022949219,0.23529434204101562,79.40673446655273,1.0903549194335938,2.3243637084960938,3.7393722534179688,5.3833160400390625,1
1459_0.77_0.55.png,40.72529602050781,0.9986250400543213,19.459299087524414,train_core,0,1.8099441528320312,0,40.72529602050781,56.45732116699219,40.842987060546875,120.0,0.014926273375749588,0.0011814892059192061,15.732025146484375,0.1176910400390625,79.27470397949219,1.1244544982910156,2.4094276428222656,3.9050064086914062,5.6856536865234375,1
145_0.5_1.08.png,42.56946563720703,0.9983593821525574,19.94750213623047,train_core,1,1.9421424865722656,0,42.56946563720703,54.37833786010742,42.87249755859375,120.0,0.01156192272901535,0.0014308193931356072,11.80887222290039,0.30303192138671875,77.43053436279297,1.072021484375,2.2790374755859375,3.6523895263671875,5.228389739990234,1
1460_0.51_1.63.png,39.59540939331055,0.9974894523620605,15.33804988861084,train_core,2,1.0207786560058594,0,39.59540939331055,52.89161682128906,39.80375671386719,120.0,0.016094211488962173,0.0017864330438897014,13.296207427978516,0.20834732055664062,80.40459060668945,1.0980339050292969,2.3434295654296875,3.7762413024902344,5.449790954589844,1
1463_1.0_1.22.png,34.62345504760742,0.9955564737319946,12.89863109588623,train_core,3,3.0812606811523438,0,34.62345504760742,54.46448516845703,34.66887664794922,120.0,0.021590860560536385,0.0015173368155956268,19.84103012084961,0.045421600341796875,85.37654495239258,1.14605712890625,2.4638519287109375,4.012638092041016,5.887428283691406,1
1465_0.91_0.86.png,39.17079162597656,0.9966603517532349,11.38640308380127,train_core,4,1.5991477966308594,0,39.17079162597656,53.92162322998047,39.319976806640625,120.0,0.013964380137622356,0.0015914185205474496,14.750831604003906,0.1491851806640625,80.82920837402344,1.1153182983398438,2.386554718017578,3.8602142333984375,5.603034973144531,1
1466_0.85_1.61.png,36.921775817871094,0.9941565990447998,8.07837200164795,train_core,0,1.3494148254394531,0,36.921775817871094,50.544166564941406,37.115970611572266,120.0,0.01907355710864067,0.0023243168834596872,13.622390747070312,0.19419479370117188,83.0782241821289,1.1022834777832031,2.354022979736328,3.79681396484375,5.4871978759765625,1
1468_0.81_0.54.png,42.443050384521484,0.9981842041015625,15.442659378051758,train_core,1,1.2550125122070312,0,42.443050384521484,56.52909851074219,42.61760330200195,120.0,0.011019784957170486,0.0012256685877218843,14.086048126220703,0.17455291748046875,77.55694961547852,1.1080284118652344,2.3683204650878906,3.824626922607422,5.537845611572266,1
1469_0.6_1.73.png,38.79204559326172,0.9975005984306335,17.363815307617188,train_core,2,2.194835662841797,0,38.79204559326172,53.64830017089844,38.93777847290039,120.0,0.018699590116739273,0.0017818273045122623,14.856254577636719,0.14573287963867188,81.20795440673828,1.116241455078125,2.3888511657714844,3.8646926879882812,5.61126708984375,1
146_0.96_1.51.png,31.695621490478516,0.9939911365509033,10.456178665161133,train_core,3,3.1043434143066406,0,31.695621490478516,50.029640197753906,31.760211944580078,120.0,0.02911442704498768,0.0022230774629861116,18.33401870727539,0.0645904541015625,88.30437850952148,1.1403388977050781,2.4494056701660156,3.9839439392089844,5.833221435546875,1
1470_0.63_1.26.png,39.831077575683594,0.9985138177871704,19.222217559814453,train_core,4,1.8449325561523438,0,39.831077575683594,55.30593490600586,39.957035064697266,120.0,0.016575567424297333,0.0014858925715088844,15.474857330322266,0.12595748901367188,80.1689224243164,1.1220283508300781,2.4033470153808594,3.8930892944335938,5.663627624511719,1
1471_0.82_1.95.png,36.415470123291016,0.9962981939315796,13.123326301574707,train_core,0,2.9284095764160156,0,36.415470123291016,52.07870101928711,36.5361442565918,120.0,0.023071426898241043,0.002086095744743943,15.663230895996094,0.12067413330078125,83.58452987670898,1.1238136291503906,2.407817840576172,3.9018707275390625,5.679882049560547,1
1472_0.95_0.58.png,39.96892166137695,0.9986013174057007,20.430564880371094,train_core,1,2.862781524658203,0,39.96892166137695,56.81166076660156,40.05989456176758,120.0,0.015408498235046864,0.0012044099858030677,16.84273910522461,0.090972900390625,80.03107833862305,1.1323814392089844,2.4293479919433594,3.944263458251953,5.758762359619141,1
1473_0.95_0.96.png,30.22800064086914,0.9944011569023132,12.971214294433594,train_core,2,3.992809295654297,0,30.22800064086914,55.897029876708984,30.23980140686035,120.0,0.04549960047006607,0.0012816059170290828,25.669029235839844,0.011800765991210938,89.77199935913086,1.1562366485595703,2.4896240234375,4.0640716552734375,5.985420227050781,1
1475_0.68_1.11.png,32.702213287353516,0.9964374303817749,14.434106826782227,train_core,3,4.286907196044922,0,32.702213287353516,56.0848388671875,32.722328186035156,120.0,0.03598838672041893,0.0012110788375139236,23.382625579833984,0.020114898681640625,87.29778671264648,1.1537437438964844,2.4832992553710938,4.051418304443359,5.961219787597656,1
1476_0.87_1.12.png,30.129735946655273,0.9943222403526306,12.612724304199219,train_core,4,3.977724075317383,0,30.129735946655273,55.49263000488281,30.142398834228516,120.0,0.04539830610156059,0.0013267705217003822,25.36289405822754,0.012662887573242188,89.87026405334473,1.1559734344482422,2.488962173461914,4.062734603881836,5.98286247253418,1
1477_0.87_1.44.png,30.913898468017578,0.9815908670425415,10.98695182800293,train_core,0,4.122245788574219,0,30.913898468017578,54.663246154785156,30.93235206604004,120.0,0.047831665724515915,0.0014925844734534621,23.749347686767578,0.018453598022460938,89.08610153198242,1.1542091369628906,2.4844932556152344,4.053806304931641,5.965785980224609,1
1478_0.69_1.36.png,30.380992889404297,0.9759905338287354,12.078620910644531,train_core,1,4.835380554199219,0,30.380992889404297,55.82864761352539,30.39351463317871,120.0,0.0531056672334671,0.001307946047745645,25.447654724121094,0.012521743774414062,89.6190071105957,1.1560287475585938,2.489105224609375,4.063030242919922,5.983432769775391,1
147_0.85_1.8.png,32.99266052246094,0.994766116142273,10.175474166870117,train_core,2,3.730060577392578,0,32.99266052246094,49.89228057861328,33.082786560058594,120.0,0.02618270367383957,0.002310094889253378,16.899620056152344,0.09012603759765625,87.00733947753906,1.1327095031738281,2.4301834106445312,3.9459152221679688,5.761852264404297,1
1481_0.7_0.89.png,40.590980529785156,0.9984413981437683,19.43952751159668,train_core,3,1.3798255920410156,0,40.590980529785156,58.109344482421875,40.66858673095703,120.0,0.014709072187542915,0.0010165642015635967,17.51836395263672,0.077606201171875,79.40901947021484,1.1363601684570312,2.4393692016601562,3.9640426635742188,5.795780181884766,1
1482_0.59_1.05.png,39.571929931640625,0.9980737566947937,18.88582420349121,train_core,4,0.9001579284667969,0,39.571929931640625,57.57477569580078,39.641319274902344,120.0,0.01693928986787796,0.0010799523442983627,18.002845764160156,0.06938934326171875,80.42807006835938,1.1388206481933594,2.4455795288085938,3.976348876953125,5.81890869140625,1
1483_0.89_1.89.png,35.02826690673828,0.9924676418304443,11.232851028442383,train_core,0,2.38787841796875,0,35.02826690673828,52.634437561035156,35.10429763793945,120.0,0.02869187667965889,0.0017874854383990169,17.606170654296875,0.07603073120117188,84.97173309326172,1.1368255615234375,2.4405441284179688,3.9663848876953125,5.800174713134766,1
1484_0.75_0.81.png,40.13551330566406,0.9983579516410828,19.692806243896484,train_core,1,1.9618301391601562,0,40.13551330566406,58.27049255371094,40.202754974365234,120.0,0.01584329456090927,0.0009895266266539693,18.134979248046875,0.06724166870117188,79.86448669433594,1.1394577026367188,2.4471817016601562,3.979522705078125,5.824882507324219,1
1485_0.6_1.5.png,35.421226501464844,0.9971698522567749,20.137136459350586,train_core,2,2.7743301391601562,0,35.421226501464844,51.66778564453125,35.526123046875,120.0,0.02752469852566719,0.0018938692519441247,16.246559143066406,0.10489654541015625,84.57877349853516,1.12823486328125,2.418914794921875,3.9236831665039062,5.720363616943359,1
1486_0.98_1.1.png,35.834434509277344,0.9968740940093994,17.106201171875,train_core,3,1.9914970397949219,0,35.834434509277344,52.13747024536133,35.937923431396484,120.0,0.02516438066959381,0.0017544672591611743,16.303035736083984,0.10348892211914062,84.16556549072266,1.1286506652832031,2.4199676513671875,3.9257659912109375,5.7242889404296875,1
1487_0.99_1.08.png,36.6466178894043,0.9968575835227966,17.069570541381836,train_core,4,1.8064689636230469,0,36.6466178894043,52.1468391418457,36.771026611328125,120.0,0.021784573793411255,0.0017439955845475197,15.500221252441406,0.12440872192382812,83.3533821105957,1.1224746704101562,2.404468536376953,3.8952789306640625,5.6676483154296875,1
1488_0.71_1.67.png,38.68069076538086,0.9973984956741333,18.754711151123047,train_core,0,2.6274795532226562,0,38.68069076538086,51.24224090576172,38.929664611816406,120.0,0.017676448449492455,0.0020428302232176065,12.56155014038086,0.24897384643554688,81.31930923461914,1.0866050720214844,2.315082550048828,3.721515655517578,5.351348876953125,1
1489_0.87_0.97.png,37.5972900390625,0.9919394254684448,11.595536231994629,train_core,1,1.6237220764160156,0,37.5972900390625,52.77176284790039,37.7320671081543,120.0,0.017530342563986778,0.0017796754837036133,15.17447280883789,0.13477706909179688,82.4027099609375,1.1195144653320312,2.3970375061035156,3.880706787109375,5.640705108642578,1
1490_0.76_0.64.png,39.94371032714844,0.9953856468200684,15.92650318145752,train_core,2,1.2956314086914062,0,39.94371032714844,55.92108154296875,40.05527877807617,120.0,0.014116188511252403,0.0013102628290653229,15.977371215820312,0.11156845092773438,80.05628967285156,1.126373291015625,2.4142532348632812,3.914508819580078,5.7032928466796875,1
1492_0.97_0.72.png,38.0568733215332,0.9923357963562012,12.347566604614258,train_core,3,2.0812644958496094,0,38.0568733215332,53.90342330932617,38.17180633544922,120.0,0.016402943059802055,0.0015780623070895672,15.846549987792969,0.11493301391601562,81.9431266784668,1.1253471374511719,2.4116668701171875,3.9094161987304688,5.693843841552734,1
1493_0.84_0.8.png,37.972782135009766,0.997424304485321,15.127458572387695,train_core,4,2.349750518798828,0,37.972782135009766,53.8041877746582,38.08781433105469,120.0,0.01672067865729332,0.0015336846699938178,15.831405639648438,0.11503219604492188,82.02721786499023,1.1252517700195312,2.4114341735839844,3.9089508056640625,5.692981719970703,1
1494_0.53_0.86.png,39.71315002441406,0.997863233089447,18.573163986206055,train_core,0,2.207874298095703,0,39.71315002441406,54.340431213378906,39.86665344238281,120.0,0.016287580132484436,0.0014630904188379645,14.627281188964844,0.15350341796875,80.28684997558594,1.1142654418945312,2.3839035034179688,3.8549880981445312,5.593341827392578,1
1495_0.94_1.22.png,36.49069595336914,0.9950475096702576,11.302745819091797,train_core,1,2.0619239807128906,0,36.49069595336914,50.96866226196289,36.64848709106445,120.0,0.020333871245384216,0.0020749352406710386,14.47796630859375,0.1577911376953125,83.50930404663086,1.1126785278320312,2.3799362182617188,3.8472328186035156,5.579120635986328,1
1496_0.55_1.19.png,38.03239059448242,0.996938943862915,15.576456069946289,train_core,2,2.211811065673828,0,38.03239059448242,52.836151123046875,38.17958068847656,120.0,0.01951204054057598,0.0017181573202833533,14.803760528564453,0.14719009399414062,81.96760940551758,1.1160697937011719,2.388416290283203,3.863819122314453,5.6095733642578125,1
1497_0.99_1.09.png,36.257423400878906,0.9956450462341309,12.028790473937988,train_core,3,2.303009033203125,0,36.257423400878906,53.719207763671875,36.33677673339844,120.0,0.022596079856157303,0.0017156755784526467,17.46178436279297,0.07935333251953125,83.7425765991211,1.1358451843261719,2.438068389892578,3.961498260498047,5.7910614013671875,1
1498_0.73_1.3.png,35.630123138427734,0.9959432482719421,13.016361236572266,train_core,4,3.4002685546875,0,35.630123138427734,52.81999969482422,35.714637756347656,120.0,0.02620040811598301,0.00181155267637223,17.189876556396484,0.08451461791992188,84.36987686157227,1.1343498229980469,2.4342994689941406,3.9540443420410156,5.777095794677734,1
1499_0.76_0.97.png,37.335418701171875,0.996795654296875,14.712676048278809,train_core,0,2.8150558471679688,0,37.335418701171875,54.30881118774414,37.42411804199219,120.0,0.018370065838098526,0.0015292306197807193,16.973392486572266,0.0886993408203125,82.66458129882812,1.1330833435058594,2.4311141967773438,3.9477500915527344,5.7653045654296875,1
149_0.51_1.05.png,38.71318435668945,0.9978929758071899,15.867232322692871,train_core,1,3.262714385986328,0,38.71318435668945,55.16865158081055,38.81267166137695,120.0,0.018540339544415474,0.0014363523805513978,16.455467224121094,0.0994873046875,81.28681564331055,1.1298332214355469,2.422943115234375,3.9316253662109375,5.73516845703125,1
14_0.87_0.97.png,41.248435974121094,0.99769127368927,21.42668914794922,train_core,2,1.1339645385742188,0,41.248435974121094,54.07817077636719,41.48092269897461,120.0,0.0134358461946249,0.0015023238956928253,12.829734802246094,0.23248672485351562,78.7515640258789,1.0910873413085938,2.326183319091797,3.7428817749023438,5.389625549316406,1
1501_0.82_1.27.png,38.97046661376953,0.9957572817802429,17.778114318847656,train_core,3,1.9911270141601562,0,38.97046661376953,55.658870697021484,39.07141876220703,120.0,0.01568029075860977,0.0011649684747681022,16.688404083251953,0.1009521484375,81.02953338623047,1.1306076049804688,2.4249649047851562,3.935791015625,5.743412017822266,1
1504_0.64_0.94.png,42.4788818359375,0.9980160593986511,23.190710067749023,train_core,4,1.7668724060058594,0,42.4788818359375,57.78705978393555,42.61505889892578,120.0,0.01164866890758276,0.0009677414200268686,15.308177947998047,0.13617706298828125,77.5211181640625,1.1203994750976562,2.3992919921875,3.8851852416992188,5.649204254150391,1
1505_0.8_0.86.png,41.858062744140625,0.9970937967300415,21.70661735534668,train_core,0,1.57110595703125,0,41.858062744140625,58.221275329589844,41.96778106689453,120.0,0.011879289522767067,0.0007416033768095076,16.36321258544922,0.10971832275390625,78.14193725585938,1.1285057067871094,2.4197425842285156,3.9256057739257812,5.724609375,1
1506_0.92_1.66.png,37.90595626831055,0.9925677180290222,15.601707458496094,train_core,1,1.0740776062011719,0,37.90595626831055,54.582252502441406,38.0116081237793,120.0,0.01682068593800068,0.0010343609610572457,16.67629623413086,0.10565185546875,82.09404373168945,1.1310081481933594,2.4259376525878906,3.9376487731933594,5.746696472167969,1
1507_0.87_0.95.png,40.50886154174805,0.9960594177246094,20.002758026123047,train_core,2,1.4287834167480469,0,40.50886154174805,57.2655029296875,40.611541748046875,120.0,0.012896004132926464,0.0007920586504042149,16.756641387939453,0.10268020629882812,79.49113845825195,1.1310386657714844,2.4261207580566406,3.9382286071777344,5.748252868652344,1
1508_0.6_1.12.png,41.851654052734375,0.9971297979354858,22.755687713623047,train_core,3,1.832977294921875,0,41.851654052734375,58.3977165222168,41.95375442504883,120.0,0.012244799174368382,0.0007935001631267369,16.546062469482422,0.10210037231445312,78.14834594726562,1.1298332214355469,2.4230575561523438,3.9321212768554688,5.736713409423828,1
1509_0.73_0.78.png,43.54624938964844,0.9981729388237,22.843116760253906,train_core,4,0.8115234375,0,43.54624938964844,57.69102478027344,43.721954345703125,120.0,0.009574894793331623,0.0009074168629013002,14.144775390625,0.1757049560546875,76.45375061035156,1.1080055236816406,2.3684349060058594,3.825176239013672,5.539577484130859,1
150_0.71_0.79.png,41.78232192993164,0.9985691905021667,14.91650104522705,train_core,0,2.222515106201172,0,41.78232192993164,56.7363395690918,41.92347717285156,120.0,0.013448383659124374,0.001220901613123715,14.954017639160156,0.14115524291992188,78.21767807006836,1.1175384521484375,2.3921051025390625,3.8710250854492188,5.6228485107421875,1
1510_0.72_1.09.png,41.84591293334961,0.9973822832107544,20.7221622467041,train_core,1,0.5173301696777344,0,41.84591293334961,56.58142852783203,42.00004959106445,120.0,0.011470076628029346,0.001032343483529985,14.735515594482422,0.15413665771484375,78.15408706665039,1.1142234802246094,2.384014129638672,3.855670928955078,5.595649719238281,1
1511_0.63_1.09.png,42.98487854003906,0.9978989362716675,22.281028747558594,train_core,2,0.9507904052734375,0,42.98487854003906,56.97539520263672,43.16606140136719,120.0,0.009945763275027275,0.0010070170974358916,13.990516662597656,0.181182861328125,77.01512145996094,1.1061782836914062,2.363842010498047,3.816162109375,5.522983551025391,1
1512_0.89_1.11.png,39.212806701660156,0.995607852935791,17.291563034057617,train_core,3,0.5489730834960938,0,39.212806701660156,55.26573181152344,39.32794952392578,120.0,0.015938004478812218,0.0011367765255272388,16.05292510986328,0.115142822265625,80.78719329833984,1.1258430480957031,2.413116455078125,3.9127464294433594,5.7010955810546875,1
1513_0.71_1.67.png,40.217979431152344,0.994895339012146,15.3245210647583,train_core,4,0.6841773986816406,0,40.217979431152344,51.82105255126953,40.5399169921875,120.0,0.012035569176077843,0.0015476550906896591,11.603073120117188,0.32193756103515625,79.78202056884766,1.0673294067382812,2.2677459716796875,3.6313858032226562,5.192409515380859,1
1514_0.53_0.9.png,44.606170654296875,0.9981076121330261,21.54149627685547,train_core,0,0.5577545166015625,0,44.606170654296875,55.7816276550293,44.96143341064453,120.0,0.008016164414584637,0.001071376958861947,11.175457000732422,0.35526275634765625,75.39382934570312,1.0581436157226562,2.2450408935546875,3.5879135131835938,5.115581512451172,1
1515_0.64_1.3.png,42.46768569946289,0.9968001246452332,18.07280921936035,train_core,1,0.4830970764160156,0,42.46768569946289,53.722869873046875,42.818336486816406,120.0,0.00919181015342474,0.00129769928753376,11.255184173583984,0.3506507873535156,77.53231430053711,1.0593452453613281,2.2481727600097656,3.5943069458007812,5.127635955810547,1
1516_0.6_1.22.png,43.347869873046875,0.9972996711730957,19.00994873046875,train_core,2,0.31552886962890625,0,43.347869873046875,54.2391242980957,43.73006820678711,120.0,0.008216539397835732,0.001233497285284102,10.891254425048828,0.3821983337402344,76.65213012695312,1.0506858825683594,2.2268905639648438,3.553966522216797,5.057273864746094,1
1517_0.72_1.25.png,42.95854187011719,0.9981884956359863,21.309696197509766,train_core,3,0.8569145202636719,0,42.95854187011719,57.117156982421875,43.152313232421875,120.0,0.007936484180390835,0.0008654399425722659,14.158615112304688,0.1937713623046875,77.04145812988281,1.1032257080078125,2.357471466064453,3.8060455322265625,5.509433746337891,1
1518_0.62_1.44.png,44.04253387451172,0.9982713460922241,22.128868103027344,train_core,4,-0.21580123901367188,1,44.04253387451172,56.79736328125,44.302120208740234,120.0,0.007906383834779263,0.0009025830659084022,12.754829406738281,0.2595863342285156,75.95746612548828,1.0846176147460938,2.3110427856445312,3.7158584594726562,5.34588623046875,1
1519_0.95_0.89.png,41.756752014160156,0.9979571104049683,19.558311462402344,train_core,0,1.4807090759277344,0,41.756752014160156,57.12360382080078,41.90260314941406,120.0,0.008532374165952206,0.0008158700075000525,15.366851806640625,0.14585113525390625,78.24324798583984,1.1167449951171875,2.3910446166992188,3.8710556030273438,5.627464294433594,1
151_0.85_1.89.png,37.85731887817383,0.994999885559082,8.272134780883789,train_core,1,2.292163848876953,0,37.85731887817383,50.923824310302734,38.07733154296875,120.0,0.020440837368369102,0.0022960880305618048,13.066505432128906,0.22001266479492188,82.14268112182617,1.0946769714355469,2.335094451904297,3.7601089477539062,5.420665740966797,1
1520_0.69_1.99.png,40.615150451660156,0.9968383312225342,19.238998413085938,train_core,2,1.3936309814453125,0,40.615150451660156,55.04197692871094,40.785823822021484,120.0,0.011166373267769814,0.0010803531622514129,14.426826477050781,0.17067337036132812,79.38484954833984,1.1096115112304688,2.3727340698242188,3.8342132568359375,5.557548522949219,1
1521_0.71_1.89.png,36.33707046508789,0.9914233088493347,16.440532684326172,train_core,3,1.7516975402832031,0,36.33707046508789,52.474021911621094,36.44647216796875,120.0,0.022221216931939125,0.0015595232835039496,16.136951446533203,0.10940170288085938,83.66292953491211,1.1274833679199219,2.417041778564453,3.9200096130371094,5.713573455810547,1
1522_0.53_0.78.png,43.68388748168945,0.9983092546463013,26.53547477722168,train_core,4,0.3948326110839844,0,43.68388748168945,57.716041564941406,43.860984802246094,120.0,0.009913376532495022,0.0009750649333000183,14.032154083251953,0.17709732055664062,76.31611251831055,1.1074562072753906,2.3669281005859375,3.8219070434570312,5.532878875732422,1
1523_0.59_1.3.png,40.933284759521484,0.996715247631073,21.432205200195312,train_core,0,1.3978805541992188,0,40.933284759521484,55.435150146484375,41.09245681762695,120.0,0.013667579740285873,0.001210604328662157,14.50186538696289,0.15917205810546875,79.06671524047852,1.1128196716308594,2.380298614501953,3.84796142578125,5.580493927001953,1
1524_0.62_0.63.png,42.08819580078125,0.9981098175048828,26.276020050048828,train_core,1,1.1251449584960938,0,42.08819580078125,57.786643981933594,42.20901107788086,120.0,0.012668825685977936,0.0009424565942026675,15.698448181152344,0.12081527709960938,77.91180419921875,1.1241302490234375,2.4086265563964844,3.9034423828125,5.682769775390625,1
1525_0.91_1.05.png,37.84811019897461,0.9962261915206909,16.25063705444336,train_core,2,0.886383056640625,0,37.84811019897461,52.95635223388672,37.99060821533203,120.0,0.0185038261115551,0.0013464459916576743,15.10824203491211,0.14249801635742188,82.15188980102539,1.1175270080566406,2.392333984375,3.8721275329589844,5.626312255859375,1
1526_0.68_1.54.png,38.021541595458984,0.9964056015014648,18.680164337158203,train_core,3,0.9612350463867188,0,38.021541595458984,52.420040130615234,38.19168472290039,120.0,0.01876567117869854,0.0015050395159050822,14.39849853515625,0.17014312744140625,81.97845840454102,1.1092796325683594,2.3717918395996094,3.8322906494140625,5.554004669189453,1
1527_0.79_1.5.png,37.46601486206055,0.995663583278656,16.28508758544922,train_core,4,1.3364906311035156,0,37.46601486206055,52.1680908203125,37.623756408691406,120.0,0.02041039802134037,0.0015133125707507133,14.702075958251953,0.15774154663085938,82.53398513793945,1.1129417419433594,2.3809432983398438,3.850086212158203,5.586311340332031,1
1529_0.84_0.56.png,44.19054412841797,0.9981163740158081,24.608755111694336,train_core,0,0.6710968017578125,0,44.19054412841797,60.245323181152344,44.30671310424805,120.0,0.00845825020223856,0.0006156730814836919,16.054779052734375,0.11616897583007812,75.80945587158203,1.1264152526855469,2.4144554138183594,3.9151535034179688,5.705051422119141,1
152_0.8_1.99.png,36.06330108642578,0.9947154521942139,8.472490310668945,train_core,1,3.0119590759277344,0,36.06330108642578,50.73719787597656,36.21405792236328,120.0,0.02588694356381893,0.0023443084210157394,14.673896789550781,0.1507568359375,83.93669891357422,1.1147308349609375,2.3850784301757812,3.8572921752929688,5.5975799560546875,1
1530_0.67_1.92.png,37.77894592285156,0.9951385259628296,19.66187286376953,train_core,2,0.8165092468261719,0,37.77894592285156,55.41639709472656,37.86411666870117,120.0,0.01920134574174881,0.001034198678098619,17.637451171875,0.08517074584960938,82.22105407714844,1.1346168518066406,2.4352798461914062,3.9568710327148438,5.784584045410156,1
1531_0.52_1.01.png,44.34563446044922,0.9980742931365967,24.76351547241211,train_core,3,1.4284439086914062,0,44.34563446044922,58.69261932373047,44.514408111572266,120.0,0.009226292371749878,0.0007415247964672744,14.34698486328125,0.16877365112304688,75.65436553955078,1.1106491088867188,2.3749122619628906,3.837505340576172,5.561485290527344,1
1532_0.88_1.14.png,39.4632568359375,0.9961823225021362,19.167285919189453,train_core,4,0.7907981872558594,0,39.4632568359375,56.953487396240234,39.54985427856445,120.0,0.01582322083413601,0.0008717441814951599,17.490230560302734,0.08659744262695312,80.5367431640625,1.1345405578613281,2.4351043701171875,3.95635986328125,5.7830657958984375,1
1533_0.88_0.99.png,42.25586700439453,0.996290385723114,18.442440032958984,train_core,0,1.6178665161132812,0,42.25586700439453,57.236427307128906,42.39995574951172,120.0,0.010684371925890446,0.0008803934906609356,14.980560302734375,0.1440887451171875,77.74413299560547,1.1172103881835938,2.3913841247558594,3.8698692321777344,5.621284484863281,1
1535_0.82_0.52.png,45.8919677734375,0.9982253909111023,24.16090202331543,train_core,1,0.6980972290039062,0,45.8919677734375,59.46575164794922,46.09196090698242,120.0,0.0068285404704511166,0.000674729235470295,13.573783874511719,0.19999313354492188,74.1080322265625,1.1015243530273438,2.3521728515625,3.7933197021484375,5.4810333251953125,1
1536_0.73_1.93.png,40.902069091796875,0.9939135313034058,16.31808853149414,train_core,2,0.029827117919921875,0,40.902069091796875,55.34469985961914,41.06528854370117,120.0,0.011995009146630764,0.0011228722287341952,14.442630767822266,0.16321945190429688,79.09793090820312,1.1117477416992188,2.3777084350585938,3.843128204345703,5.572101593017578,1
1537_0.52_1.24.png,39.613346099853516,0.9926047325134277,21.05104637145996,train_core,3,1.2945899963378906,0,39.613346099853516,56.91363525390625,39.70625305175781,120.0,0.014582625590264797,0.0008817787747830153,17.300289154052734,0.09290695190429688,80.38665390014648,1.1350631713867188,2.436107635498047,3.957630157470703,5.783805847167969,1
1538_0.61_0.54.png,44.038448333740234,0.9957720041275024,27.475128173828125,train_core,4,1.2294921875,0,44.038448333740234,59.46460723876953,44.17707443237305,120.0,0.008531197905540466,0.0006272863247431815,15.426158905029297,0.1386260986328125,75.96155166625977,1.1217155456542969,2.4025726318359375,3.8915863037109375,5.660907745361328,1
1539_0.58_0.79.png,42.365150451660156,0.9947288036346436,24.605846405029297,train_core,0,0.6996383666992188,0,42.365150451660156,58.708797454833984,42.476585388183594,120.0,0.010511273518204689,0.0007252379436977208,16.343647003173828,0.1114349365234375,77.63484954833984,1.128936767578125,2.4207000732421875,3.927234649658203,5.727062225341797,1
1540_0.88_1.25.png,37.15074157714844,0.9908973574638367,16.974342346191406,train_core,1,1.0921478271484375,0,37.15074157714844,55.08386993408203,37.23054122924805,120.0,0.020014062523841858,0.0010094523895531893,17.933128356933594,0.07979965209960938,82.84925842285156,1.1382026672363281,2.4440650939941406,3.9734725952148438,5.813777923583984,1
1541_0.72_1.23.png,42.64963150024414,0.9976348876953125,20.250242233276367,train_core,2,1.5115737915039062,0,42.64963150024414,57.726646423339844,42.78828048706055,120.0,0.009899343363940716,0.0009275658521801233,15.077014923095703,0.13864898681640625,77.35036849975586,1.1185722351074219,2.3947181701660156,3.876201629638672,5.632503509521484,1
1542_0.86_0.58.png,45.69049835205078,0.9984221458435059,23.57427406311035,train_core,3,1.9297027587890625,0,45.69049835205078,59.128868103027344,45.895301818847656,120.0,0.007189198862761259,0.0007589659653604031,13.438369750976562,0.204803466796875,74.30950164794922,1.0998115539550781,2.3478775024414062,3.7849273681640625,5.465690612792969,1
1543_0.92_1.98.png,39.97447967529297,0.9934775829315186,14.178818702697754,train_core,4,0.8295860290527344,0,39.97447967529297,54.56514358520508,40.12950134277344,120.0,0.012436702847480774,0.001214690157212317,14.59066390991211,0.15502166748046875,80.02552032470703,1.1137542724609375,2.3826446533203125,3.852558135986328,5.588951110839844,1
1544_0.87_1.52.png,41.543739318847656,0.9957826137542725,16.514070510864258,train_core,0,1.2406845092773438,0,41.543739318847656,56.08483123779297,41.70039367675781,120.0,0.010535295121371746,0.0010589578887447715,14.541091918945312,0.15665435791015625,78.45626068115234,1.1132431030273438,2.381359100341797,3.85003662109375,5.584323883056641,1
1545_0.84_1.34.png,39.585853576660156,0.9911774396896362,15.670551300048828,train_core,1,0.8273773193359375,0,39.585853576660156,50.207122802734375,39.98862838745117,120.0,0.012511076405644417,0.001810839050449431,10.621269226074219,0.4027748107910156,80.41414642333984,1.0445594787597656,2.211761474609375,3.5249557495117188,5.0059967041015625,1
1546_0.79_0.85.png,41.751556396484375,0.9942666888237,19.696212768554688,train_core,2,0.7708740234375,0,41.751556396484375,52.317222595214844,42.16107177734375,120.0,0.009338559582829475,0.0014616907574236393,10.565666198730469,0.409515380859375,78.24844360351562,1.0426902770996094,2.207202911376953,3.5164337158203125,4.991523742675781,1
1548_0.85_1.55.png,38.477088928222656,0.9897322058677673,14.564908981323242,train_core,3,0.9443778991699219,0,38.477088928222656,49.428096771240234,38.849205017089844,120.0,0.014834240078926086,0.001954863080754876,10.951007843017578,0.3721160888671875,81.52291107177734,1.0529060363769531,2.232177734375,3.5635108947753906,5.072906494140625,1
1549_0.91_1.37.png,42.40513229370117,0.9956621527671814,16.99704933166504,train_core,4,0.8042678833007812,0,42.40513229370117,53.214317321777344,42.79806137084961,120.0,0.009903611615300179,0.0013800064334645867,10.809185028076172,0.3929290771484375,77.59486770629883,1.0497093200683594,2.2243499755859375,3.5486907958984375,5.047027587890625,1
154_0.97_0.91.png,40.44247055053711,0.995476245880127,11.26161003112793,train_core,0,2.9577064514160156,0,40.44247055053711,55.44303512573242,40.58271026611328,120.0,0.014833853580057621,0.0014194775139912963,15.000564575195312,0.14023971557617188,79.55752944946289,1.1178131103515625,2.3927955627441406,3.8723907470703125,5.625392913818359,1
1551_0.97_1.18.png,42.26652145385742,0.9959449172019958,17.39151382446289,train_core,1,0.8758277893066406,0,42.26652145385742,53.327999114990234,42.639183044433594,120.0,0.009837458841502666,0.0013344063190743327,11.061477661132812,0.3726615905761719,77.73347854614258,1.0558853149414062,2.239471435546875,3.5772972106933594,5.096851348876953,1
1552_0.88_0.63.png,45.593849182128906,0.998157262802124,23.3099365234375,train_core,2,0.916229248046875,0,45.593849182128906,56.59650421142578,45.96818923950195,120.0,0.006825236603617668,0.0009609560365788639,11.002655029296875,0.3743400573730469,74.4061508178711,1.0547523498535156,2.2366714477539062,3.5719070434570312,5.087230682373047,1
1553_0.74_1.63.png,39.92082977294922,0.9970360994338989,16.706783294677734,train_core,3,2.6490707397460938,0,39.92082977294922,53.63860321044922,40.11928176879883,120.0,0.01468624547123909,0.0014224359765648842,13.7177734375,0.19845199584960938,80.07917022705078,1.1032638549804688,2.356487274169922,3.801666259765625,5.496147155761719,1
1554_0.92_0.92.png,39.84318923950195,0.9976576566696167,17.312210083007812,train_core,4,2.589832305908203,0,39.84318923950195,54.8670768737793,39.987998962402344,120.0,0.013282365165650845,0.0012038189452141523,15.023887634277344,0.14480972290039062,80.15681076049805,1.1179847717285156,2.393238067626953,3.873321533203125,5.627246856689453,1
1555_0.58_0.76.png,47.413116455078125,0.9988721609115601,24.00153350830078,train_core,0,0.00970458984375,0,47.413116455078125,57.637611389160156,47.85906982421875,120.0,0.005793003831058741,0.0009727384313009679,10.224494934082031,0.445953369140625,72.58688354492188,1.0342826843261719,2.1866912841796875,3.4777679443359375,4.924419403076172,1
1556_0.51_0.85.png,43.86281967163086,0.9986844062805176,23.024600982666016,train_core,1,0.029754638671875,0,43.86281967163086,57.16447448730469,44.077457427978516,120.0,0.009025674313306808,0.0010147254215553403,13.301654815673828,0.21463775634765625,76.13718032836914,1.0974693298339844,2.3420677185058594,3.7737083435058594,5.4455413818359375,1
1557_0.85_1.07.png,45.96817398071289,0.9947091937065125,17.2445068359375,train_core,2,0.2506675720214844,0,45.96817398071289,55.192848205566406,46.532920837402344,120.0,0.006401881575584412,0.0010539392242208123,9.224674224853516,0.5647468566894531,74.03182601928711,1.0018157958984375,2.108112335205078,3.3316001892089844,4.6764373779296875,1
1558_0.6_1.29.png,46.787384033203125,0.9958438873291016,18.651004791259766,train_core,3,0.2970428466796875,0,46.787384033203125,54.93253707885742,47.54397964477539,120.0,0.005521752405911684,0.0010788585059344769,8.145153045654297,0.7565956115722656,73.21261596679688,0.9569549560546875,2.0010108947753906,3.1363601684570312,4.354793548583984,1
1559_0.69_1.99.png,43.88389205932617,0.993571937084198,14.761884689331055,train_core,4,0.2213287353515625,0,43.88389205932617,52.37052917480469,44.56853485107422,120.0,0.007444767747074366,0.0013704953016713262,8.486637115478516,0.6846427917480469,76.11610794067383,0.9724502563476562,2.037830352783203,3.2029762268066406,4.463432312011719,1
1560_0.99_1.56.png,42.59865188598633,0.9922158122062683,13.030747413635254,train_core,0,0.3932609558105469,0,42.59865188598633,52.13343048095703,43.122982025146484,120.0,0.009008916094899178,0.0013502840884029865,9.534778594970703,0.5243301391601562,77.40134811401367,1.0130271911621094,2.135143280029297,3.3816680908203125,4.760814666748047,1
1561_0.57_1.08.png,42.85729217529297,0.9970659017562866,17.893068313598633,train_core,1,1.5223960876464844,0,42.85729217529297,55.212345123291016,43.13273620605469,120.0,0.010043044574558735,0.0011699454626068473,12.355052947998047,0.27544403076171875,77.14270782470703,1.0809822082519531,2.3014678955078125,3.6960372924804688,5.3073577880859375,1
1562_1.0_0.93.png,41.37275314331055,0.9958076477050781,12.913633346557617,train_core,2,1.267303466796875,0,41.37275314331055,54.48053741455078,41.60206604003906,120.0,0.012087899260222912,0.0012180753983557224,13.107784271240234,0.22931289672851562,78.62724685668945,1.09320068359375,2.3316917419433594,3.754180908203125,5.411556243896484,1
1563_0.95_1.85.png,36.85543441772461,0.9896788597106934,9.5053129196167,train_core,3,1.2594490051269531,0,36.85543441772461,51.082157135009766,37.0325927734375,120.0,0.019242238253355026,0.0017726053483784199,14.226722717285156,0.17715835571289062,83.14456558227539,1.1079368591308594,2.3682289123535156,3.8248443603515625,5.539485931396484,1
1564_0.56_1.56.png,41.56782531738281,0.9960165023803711,15.710714340209961,train_core,4,1.0926971435546875,0,41.56782531738281,53.63532638549805,41.859153747558594,120.0,0.0116786640137434,0.0014070462202653289,12.067501068115234,0.29132843017578125,78.43217468261719,1.0757560729980469,2.288471221923828,3.6709022521972656,5.262203216552734,1
1565_0.92_0.5.png,42.423194885253906,0.9982119798660278,25.369834899902344,train_core,0,2.4961585998535156,0,42.423194885253906,59.108299255371094,42.52181625366211,120.0,0.012412798590958118,0.0007971741142682731,16.685104370117188,0.09862136840820312,77.5768051147461,1.1313705444335938,2.4268035888671875,3.9392318725585938,5.749370574951172,1
1566_0.94_1.98.png,38.346473693847656,0.9919867515563965,14.924906730651855,train_core,1,1.4949913024902344,0,38.346473693847656,54.75328826904297,38.44947052001953,120.0,0.01799951121211052,0.001307178637944162,16.406814575195312,0.102996826171875,81.65352630615234,1.1291770935058594,2.4213104248046875,3.9284400939941406,5.729400634765625,1
1568_0.8_1.8.png,39.8348503112793,0.99434894323349,17.465778350830078,train_core,2,1.6432380676269531,0,39.8348503112793,55.85310363769531,39.94860076904297,120.0,0.015932658687233925,0.001182187465019524,16.018253326416016,0.11375045776367188,80.1651496887207,1.1262092590332031,2.4139060974121094,3.913990020751953,5.702735900878906,1
1569_0.87_1.64.png,38.21531677246094,0.992652177810669,13.500179290771484,train_core,3,1.9084739685058594,0,38.21531677246094,52.035987854003906,38.41608810424805,120.0,0.014798318035900593,0.0016530401771888137,13.820671081542969,0.20077133178710938,81.78468322753906,1.1011543273925781,2.351848602294922,3.794116973876953,5.4856719970703125,1
1570_0.76_1.09.png,42.10272216796875,0.9965431094169617,17.636096954345703,train_core,4,1.2923431396484375,0,42.10272216796875,54.93889617919922,42.34966278076172,120.0,0.010396239347755909,0.001250181463547051,12.836174011230469,0.24694061279296875,77.89727783203125,1.0883102416992188,2.3197288513183594,3.7314720153808594,5.371417999267578,1
1571_0.87_0.66.png,42.395843505859375,0.9974514245986938,19.561044692993164,train_core,0,1.3797340393066406,0,42.395843505859375,55.924076080322266,42.606285095214844,120.0,0.010165225714445114,0.0010779675794765353,13.52823257446289,0.21044158935546875,77.60415649414062,1.0985908508300781,2.34527587890625,3.780895233154297,5.4605712890625,1
1572_0.9_1.45.png,38.09867858886719,0.9932073354721069,13.792858123779297,train_core,1,1.9912300109863281,0,38.09867858886719,52.392520904541016,38.280330657958984,120.0,0.015178622677922249,0.0015668711857870221,14.293842315673828,0.18165206909179688,81.90132141113281,1.1068649291992188,2.3660964965820312,3.82183837890625,5.536174774169922,1
1573_0.61_1.06.png,45.043785095214844,0.9989113807678223,24.34872055053711,train_core,2,0.9317092895507812,0,45.043785095214844,57.95820236206055,45.27784729003906,120.0,0.007559194229543209,0.0009709282894618809,12.914417266845703,0.23406219482421875,74.95621490478516,1.09185791015625,2.3281898498535156,3.7469558715820312,5.397380828857422,1
1574_0.67_1.97.png,39.752994537353516,0.9973634481430054,19.26009750366211,train_core,3,0.2899589538574219,0,39.752994537353516,55.34553527832031,39.87837600708008,120.0,0.013526801951229572,0.0012664132518693805,15.592540740966797,0.1253814697265625,80.24700546264648,1.1227607727050781,2.4052772521972656,3.8970794677734375,5.671459197998047,1
1576_0.98_0.73.png,39.50592803955078,0.9980024695396423,20.28965187072754,train_core,4,1.7375869750976562,0,39.50592803955078,57.767723083496094,39.57301330566406,120.0,0.012076020240783691,0.0009360503754578531,18.261795043945312,0.06708526611328125,80.49407196044922,1.1397132873535156,2.447864532470703,3.9810028076171875,5.827964782714844,1
1577_0.86_1.16.png,42.62694549560547,0.9941244125366211,11.024374961853027,train_core,0,0.8718948364257812,0,42.62694549560547,53.61784362792969,43.00053024291992,120.0,0.009743264876306057,0.0015467534540221095,10.990898132324219,0.3735847473144531,77.37305450439453,1.0542945861816406,2.2355270385742188,3.569721221923828,5.0833892822265625,1
1578_0.57_1.99.png,38.778297424316406,0.9903275370597839,12.107720375061035,train_core,1,1.6837196350097656,0,38.778297424316406,50.76964569091797,39.08399200439453,120.0,0.0158009622246027,0.002026032656431198,11.991348266601562,0.305694580078125,81.2217025756836,1.074737548828125,2.285888671875,3.6658248901367188,5.252925872802734,1
157_0.81_1.26.png,34.80249786376953,0.994553804397583,12.583223342895508,train_core,2,3.1719322204589844,0,34.80249786376953,50.94274139404297,34.911903381347656,120.0,0.02812517248094082,0.0019437741721048951,16.140243530273438,0.109405517578125,85.19750213623047,1.1276092529296875,2.4173583984375,3.920612335205078,5.7146453857421875,1
1581_0.62_0.7.png,43.246116638183594,0.9981848001480103,23.2303524017334,train_core,3,2.191070556640625,0,43.246116638183594,56.34721755981445,43.47344970703125,120.0,0.009964877739548683,0.0010553685715422034,13.10110092163086,0.22733306884765625,76.7538833618164,1.0943412780761719,2.3343582153320312,3.7589187622070312,5.419059753417969,1
1582_0.68_1.61.png,37.3001823425293,0.9953135251998901,17.325979232788086,train_core,4,3.5300331115722656,0,37.3001823425293,52.13861083984375,37.45219421386719,120.0,0.019934536889195442,0.0015734159387648106,14.838428497314453,0.15201187133789062,82.6998176574707,1.1156730651855469,2.3874893188476562,3.862152099609375,5.606861114501953,1
1583_0.73_1.16.png,40.20035171508789,0.996830940246582,18.80704689025879,train_core,0,3.0165138244628906,0,40.20035171508789,54.11323547363281,40.387413024902344,120.0,0.013956517912447453,0.0013021448394283652,13.912883758544922,0.18706130981445312,79.79964828491211,1.1054916381835938,2.362060546875,3.812549591064453,5.51605224609375,1
1584_0.88_1.75.png,33.17121505737305,0.9922091364860535,13.969983100891113,train_core,1,4.016605377197266,0,33.17121505737305,50.907310485839844,33.2484130859375,120.0,0.03153212368488312,0.0017473994521424174,17.736095428466797,0.07719802856445312,86.82878494262695,1.1372795104980469,2.441699981689453,3.9687118530273438,5.804656982421875,1
1585_0.59_0.64.png,44.51329803466797,0.9985024333000183,24.20598602294922,train_core,2,0.7817306518554688,0,44.51329803466797,57.758541107177734,44.738346099853516,120.0,0.007525646593421698,0.0008291511330753565,13.245243072509766,0.22504806518554688,75.48670196533203,1.0965728759765625,2.3398971557617188,3.76959228515625,5.438236236572266,1
1588_0.93_1.69.png,35.41803741455078,0.9893522262573242,12.214509010314941,train_core,3,2.4557037353515625,0,35.41803741455078,52.39544677734375,35.51811981201172,120.0,0.02148537151515484,0.0014119334518909454,16.97740936279297,0.1000823974609375,84.58196258544922,1.1327018737792969,2.4302406311035156,3.9462356567382812,5.762935638427734,1
158_0.56_1.42.png,33.95351791381836,0.9941314458847046,14.346414566040039,train_core,4,3.6061439514160156,0,33.95351791381836,50.445884704589844,34.05500411987305,120.0,0.033097416162490845,0.001996489241719246,16.492366790771484,0.1014862060546875,86.04648208618164,1.1301116943359375,2.423633575439453,3.9329872131347656,5.737689971923828,1
1590_0.78_0.63.png,44.408016204833984,0.998160719871521,24.191343307495117,train_core,0,-0.6187553405761719,1,44.408016204833984,59.029457092285156,44.56558609008789,120.0,0.008097801357507706,0.0007563966792076826,14.621440887451172,0.15756988525390625,75.59198379516602,1.1133956909179688,2.3818397521972656,3.851226806640625,5.587116241455078,1
1591_0.87_0.52.png,42.91485595703125,0.9980053901672363,24.16792869567871,train_core,1,0.20914459228515625,0,42.91485595703125,59.0589714050293,43.027252197265625,120.0,0.009565526619553566,0.0007309417705982924,16.144115447998047,0.112396240234375,77.08514404296875,1.1264915466308594,2.41473388671875,3.915912628173828,5.706989288330078,1
1592_0.54_1.46.png,43.463748931884766,0.9974822998046875,22.54108238220215,train_core,2,-0.6315460205078125,1,43.463748931884766,56.98462677001953,43.665462493896484,120.0,0.009243626147508621,0.000969866116065532,13.520877838134766,0.20171356201171875,76.53625106811523,1.1007575988769531,2.350231170654297,3.789501190185547,5.474029541015625,1
1593_0.84_1.62.png,34.76683044433594,0.9918003082275391,17.231077194213867,train_core,3,1.3182144165039062,0,34.76683044433594,54.165855407714844,34.82432556152344,120.0,0.022763272747397423,0.0011776767205446959,19.399024963378906,0.0574951171875,85.23316955566406,1.1426773071289062,2.4556655883789062,3.9972305297851562,5.8602294921875,1
1594_0.71_0.5.png,40.607547760009766,0.9971555471420288,29.27444076538086,train_core,4,1.5730018615722656,0,40.607547760009766,59.18146514892578,40.674346923828125,120.0,0.013250211253762245,0.0006934466655366123,18.573917388916016,0.06679916381835938,79.39245223999023,1.1399612426757812,2.4487266540527344,3.9832534790039062,5.833377838134766,1
1596_0.91_1.05.png,35.85922622680664,0.9936010241508484,19.322416305541992,train_core,0,2.103412628173828,0,35.85922622680664,55.517696380615234,35.913814544677734,120.0,0.02045348659157753,0.0010150849120691419,19.658470153808594,0.05458831787109375,84.14077377319336,1.14349365234375,2.4577484130859375,4.001392364501953,5.8681640625,1
1597_0.69_1.45.png,38.14268493652344,0.9971501231193542,21.33514404296875,train_core,1,2.011077880859375,0,38.14268493652344,54.875179290771484,38.23933410644531,120.0,0.01979239657521248,0.0011159594869241118,16.732494354248047,0.096649169921875,81.85731506347656,1.13165283203125,2.4275131225585938,3.940643310546875,5.752010345458984,1
1598_0.67_1.4.png,38.12715148925781,0.9973653554916382,22.07054901123047,train_core,2,1.6114692687988281,0,38.12715148925781,55.0234260559082,38.22052764892578,120.0,0.019941778853535652,0.001093938946723938,16.89627456665039,0.09337615966796875,81.87284851074219,1.1326980590820312,2.430145263671875,3.9458351135253906,5.7617034912109375,1
1599_0.71_1.3.png,38.89838409423828,0.9973897933959961,21.59356117248535,train_core,3,1.6709251403808594,0,38.89838409423828,55.31938934326172,39.002750396728516,120.0,0.017735527828335762,0.0010647900635376573,16.421005249023438,0.10436630249023438,81.10161590576172,1.129547119140625,2.4222335815429688,3.9302520751953125,5.732643127441406,1
159_0.6_1.46.png,33.14752960205078,0.9933284521102905,13.679157257080078,train_core,4,3.794635772705078,0,33.14752960205078,50.37200164794922,33.234405517578125,120.0,0.035556819289922714,0.002038701670244336,17.224472045898438,0.08687591552734375,86.85247039794922,1.1347122192382812,2.4352149963378906,3.9558486938476562,5.780418395996094,1
1600_0.78_1.77.png,36.18617248535156,0.9954664707183838,17.837499618530273,train_core,0,2.9549827575683594,0,36.18617248535156,53.61713790893555,36.26823043823242,120.0,0.02429545298218727,0.0012512434041127563,17.430965423583984,0.08205795288085938,83.81382751464844,1.1357994079589844,2.4379539489746094,3.961284637451172,5.790672302246094,1
1601_0.99_0.52.png,46.446693420410156,0.9984237551689148,19.9571590423584,train_core,1,1.4214859008789062,0,46.446693420410156,58.23057174682617,46.755516052246094,120.0,0.006713590119034052,0.0009063070174306631,11.783878326416016,0.3088226318359375,73.55330657958984,1.0720291137695312,2.2791061401367188,3.6526260375976562,5.228984832763672,1
1602_0.92_0.57.png,46.93572998046875,0.9985873103141785,20.047252655029297,train_core,2,1.2355728149414062,0,46.93572998046875,58.18175506591797,47.28475570678711,120.0,0.006134967319667339,0.0009192542056553066,11.246025085449219,0.3490257263183594,73.06427001953125,1.0605583190917969,2.2508811950683594,3.5988235473632812,5.134223937988281,1
1603_0.54_0.74.png,48.560813903808594,0.9985875487327576,22.56988525390625,train_core,3,0.18802642822265625,0,48.560813903808594,58.366249084472656,49.05608367919922,120.0,0.005312576424330473,0.000939429912250489,9.805435180664062,0.495269775390625,71.4391860961914,1.0217857360839844,2.1563186645507812,3.42095947265625,4.8272705078125,1
1604_0.57_1.17.png,45.70265197753906,0.9979560375213623,19.0012264251709,train_core,4,0.9781227111816406,0,45.70265197753906,56.33723831176758,46.10878372192383,120.0,0.007274901028722525,0.0011286379303783178,10.634586334228516,0.4061317443847656,74.29734802246094,1.0453643798828125,2.2136764526367188,3.5284271240234375,5.011615753173828,1
1605_1.0_1.37.png,39.728694915771484,0.993395209312439,13.0440673828125,train_core,0,1.256011962890625,0,39.728694915771484,52.43950271606445,39.980377197265625,120.0,0.013738655485212803,0.001468953676521778,12.710807800292969,0.2516822814941406,80.27130508422852,1.0881881713867188,2.3190689086914062,3.7294235229492188,5.366138458251953,1
1606_0.91_0.96.png,43.05485153198242,0.9964219927787781,16.593734741210938,train_core,1,0.6260414123535156,0,43.05485153198242,54.99891662597656,43.35248947143555,120.0,0.009197451174259186,0.0011679382296279073,11.94406509399414,0.297637939453125,76.94514846801758,1.074371337890625,2.2850418090820312,3.6643142700195312,5.250370025634766,1
1607_0.91_0.88.png,43.505367279052734,0.9967120885848999,17.208065032958984,train_core,2,0.8314132690429688,0,43.505367279052734,55.36874771118164,43.807621002197266,120.0,0.008869479410350323,0.001123251742683351,11.863380432128906,0.30225372314453125,76.49463272094727,1.0730476379394531,2.281719207763672,3.6578292846679688,5.238651275634766,1
1608_0.77_0.77.png,44.680137634277344,0.9978780746459961,20.298274993896484,train_core,3,1.3882827758789062,0,44.680137634277344,56.851226806640625,44.96144104003906,120.0,0.008323713205754757,0.0010004363721236587,12.171089172363281,0.28130340576171875,75.31986236572266,1.0787391662597656,2.295764923095703,3.6847305297851562,5.286449432373047,1
1609_0.5_1.28.png,37.01785659790039,0.9964167475700378,21.340572357177734,train_core,4,0.08193206787109375,0,37.01785659790039,55.94753646850586,37.07999038696289,120.0,0.021496543660759926,0.0010413250420242548,18.92967987060547,0.0621337890625,82.98214340209961,1.1425590515136719,2.4550399780273438,3.995197296142578,5.854652404785156,1
160_0.63_1.04.png,35.429683685302734,0.9958288073539734,15.704397201538086,train_core,0,3.829669952392578,0,35.429683685302734,52.12186813354492,35.5262451171875,120.0,0.026968400925397873,0.0016704417066648602,16.692184448242188,0.09656143188476562,84.57031631469727,1.1314430236816406,2.4269943237304688,3.9396018981933594,5.750041961669922,1
1610_0.91_0.53.png,44.576988220214844,0.9975049495697021,21.119985580444336,train_core,1,1.3470268249511719,0,44.576988220214844,58.9630126953125,44.74372863769531,120.0,0.008248891681432724,0.00079959916183725,14.386024475097656,0.16674041748046875,75.42301177978516,1.1113700866699219,2.3767242431640625,3.8410720825195312,5.568084716796875,1
1613_0.56_1.31.png,46.00318908691406,0.9969056844711304,20.327617645263672,train_core,2,-0.09309768676757812,0,46.00318908691406,56.939476013183594,46.384986877441406,120.0,0.007112965453416109,0.001093318685889244,10.936286926269531,0.38179779052734375,73.99681091308594,1.0519218444824219,2.2297592163085938,3.558887481689453,5.064788818359375,1
1614_0.81_0.78.png,41.43029022216797,0.997468113899231,19.612030029296875,train_core,3,4.666469573974609,0,41.43029022216797,57.523460388183594,41.544044494628906,120.0,0.012538264505565166,0.0009728898876346648,16.093170166015625,0.1137542724609375,78.56970977783203,1.1269378662109375,2.4156951904296875,3.9174156188964844,5.7088623046875,1
1615_0.91_1.25.png,38.25417709350586,0.9951138496398926,14.766364097595215,train_core,4,3.0502662658691406,0,38.25417709350586,54.97345733642578,38.35562515258789,120.0,0.016963118687272072,0.001216386561281979,16.719280242919922,0.10144805908203125,81.74582290649414,1.1313056945800781,2.4266624450683594,3.939014434814453,5.749118804931641,1
1616_0.76_0.88.png,40.82592010498047,0.9971582293510437,19.625926971435547,train_core,0,4.097007751464844,0,40.82592010498047,57.23406219482422,40.932044982910156,120.0,0.013892579823732376,0.0010080585489049554,16.40814208984375,0.1061248779296875,79.17407989501953,1.1292076110839844,2.42138671875,3.9286041259765625,5.729679107666016,1
1617_0.56_1.97.png,42.72769546508789,0.9931620955467224,14.720983505249023,train_core,1,-0.13756942749023438,0,42.72769546508789,55.04582977294922,43.005126953125,120.0,0.01060525793582201,0.0013499177293851972,12.318134307861328,0.2774314880371094,77.27230453491211,1.0810966491699219,2.301532745361328,3.695690155029297,5.305759429931641,1
1619_0.94_1.08.png,44.56510543823242,0.9939943552017212,13.096424102783203,train_core,2,1.3615913391113281,0,44.56510543823242,56.00284957885742,44.904449462890625,120.0,0.008251866325736046,0.0011689220555126667,11.437744140625,0.3393440246582031,75.43489456176758,1.0640716552734375,2.25958251953125,3.6155319213867188,5.1639404296875,1
1620_0.62_0.9.png,47.8746452331543,0.9965264201164246,18.887104034423828,train_core,3,-0.5046577453613281,1,47.8746452331543,57.965206146240234,48.339744567871094,120.0,0.005909712519496679,0.0009848745539784431,10.090560913085938,0.4650993347167969,72.1253547668457,1.0297317504882812,2.175701141357422,3.4573745727539062,4.889888763427734,1
1621_0.5_0.72.png,50.354713439941406,0.9973666071891785,23.109033584594727,train_core,4,-1.5158004760742188,1,50.354713439941406,59.4100341796875,50.95314025878906,120.0,0.0039877258241176605,0.0008592260419391096,9.055320739746094,0.5984268188476562,69.6452865600586,0.9955596923828125,2.0931053161621094,3.3040771484375,4.630718231201172,1
1622_0.98_1.75.png,40.961517333984375,0.9890536069869995,10.122227668762207,train_core,0,0.9832878112792969,0,40.961517333984375,54.35936737060547,41.18120193481445,120.0,0.010073577985167503,0.0014178300043568015,13.397850036621094,0.21968460083007812,79.03848266601562,1.0984230041503906,2.344493865966797,3.7785415649414062,5.4545440673828125,1
1623_0.78_1.81.png,42.85820770263672,0.9916439056396484,12.034738540649414,train_core,1,0.8635635375976562,0,42.85820770263672,55.288272857666016,43.129215240478516,120.0,0.008373850956559181,0.0013179968809708953,12.430065155029297,0.2710075378417969,77.14179229736328,1.0833702087402344,2.3071441650390625,3.7064476013183594,5.324882507324219,1
1624_0.76_1.43.png,41.91545486450195,0.9933962821960449,13.873592376708984,train_core,2,2.6743545532226562,0,41.91545486450195,55.9743537902832,42.10420227050781,120.0,0.008741390891373158,0.0011852706084027886,14.05889892578125,0.18874740600585938,78.08454513549805,1.1072502136230469,2.366443634033203,3.821063995361328,5.531574249267578,1
1625_0.53_1.48.png,46.36674499511719,0.9939677119255066,16.577045440673828,train_core,3,0.3443336486816406,0,46.36674499511719,56.371883392333984,46.84904479980469,120.0,0.006984448991715908,0.0011639305157586932,10.005138397216797,0.4822998046875,73.63325500488281,1.0255699157714844,2.1657943725585938,3.4393348693847656,4.8601226806640625,1
1626_0.53_1.25.png,46.330989837646484,0.9948725700378418,17.80742645263672,train_core,4,1.2514305114746094,0,46.330989837646484,57.0161018371582,46.74075698852539,120.0,0.007072979584336281,0.001089720637537539,10.685111999511719,0.40976715087890625,73.66901016235352,1.0443115234375,2.2114715576171875,3.525115966796875,5.007724761962891,1
1627_0.94_0.52.png,47.30192184448242,0.9956480860710144,18.765968322753906,train_core,0,-1.0692939758300781,1,47.30192184448242,57.97611999511719,47.70466613769531,120.0,0.005913510452955961,0.000928015448153019,10.674198150634766,0.4027442932128906,72.69807815551758,1.045684814453125,2.214580535888672,3.530437469482422,5.015766143798828,1
1628_0.8_1.49.png,44.50684356689453,0.9920574426651001,12.499429702758789,train_core,1,0.5460243225097656,0,44.50684356689453,54.75563430786133,44.9592399597168,120.0,0.007968554273247719,0.001325762365013361,10.248790740966797,0.4523963928222656,75.49315643310547,1.033721923828125,2.1854171752929688,3.4756088256835938,4.921337127685547,1
162_0.75_0.98.png,33.37916946411133,0.9966715574264526,15.258374214172363,train_core,2,4.389129638671875,0,33.37916946411133,53.859214782714844,33.41831588745117,120.0,0.03646203503012657,0.0016532189911231399,20.480045318603516,0.03914642333984375,86.62083053588867,1.1479454040527344,2.468616485595703,4.022125244140625,5.905426025390625,1
1630_0.78_1.34.png,37.635311126708984,0.9977401494979858,18.919506072998047,train_core,3,4.421131134033203,0,37.635311126708984,56.84505844116211,37.69367599487305,120.0,0.018494369462132454,0.0009376496891491115,19.209747314453125,0.0583648681640625,82.36468887329102,1.1436767578125,2.457866668701172,4.000820159912109,5.865264892578125,1
1631_0.92_1.27.png,35.52585983276367,0.9970763921737671,17.045806884765625,train_core,4,4.369365692138672,0,35.52585983276367,55.73357391357422,35.575111389160156,120.0,0.023144273087382317,0.0009705242118798196,20.207714080810547,0.049251556396484375,84.47414016723633,1.1468696594238281,2.465953826904297,4.016944885253906,5.895896911621094,1
1632_0.67_0.5.png,44.91673278808594,0.9989230036735535,28.557044982910156,train_core,0,1.7338714599609375,0,44.91673278808594,61.21696472167969,45.024391174316406,120.0,0.00761314295232296,0.0006101098842918873,16.30023193359375,0.10765838623046875,75.08326721191406,1.1284523010253906,2.4195022583007812,3.9249420166015625,5.722957611083984,1
1633_0.73_1.49.png,40.360504150390625,0.9970611333847046,18.661678314208984,train_core,1,2.066020965576172,0,40.360504150390625,55.82454299926758,40.49409484863281,120.0,0.013154028914868832,0.0011121160350739956,15.464038848876953,0.1335906982421875,79.63949584960938,1.1207122802734375,2.4002647399902344,3.8875274658203125,5.654476165771484,1
1634_0.75_1.81.png,39.318565368652344,0.9961897730827332,17.129146575927734,train_core,2,1.4179306030273438,0,39.318565368652344,54.77738952636719,39.45237731933594,120.0,0.014920894056558609,0.0012313848128542304,15.458824157714844,0.13381195068359375,80.68143463134766,1.1207351684570312,2.40032958984375,3.887653350830078,5.654689788818359,1
1635_0.64_0.55.png,45.5196533203125,0.99886155128479,27.126266479492188,train_core,3,1.1223526000976562,0,45.5196533203125,59.89056396484375,45.68935775756836,120.0,0.0075853243470191956,0.000721170858014375,14.37091064453125,0.16970443725585938,74.4803466796875,1.1101303100585938,2.373790740966797,3.8357467651367188,5.5592193603515625,1
1636_0.96_1.23.png,36.98383712768555,0.9961888194084167,16.83212661743164,train_core,4,1.4483184814453125,0,36.98383712768555,54.44562911987305,37.07688903808594,120.0,0.016999686136841774,0.0011566266184672713,17.4617919921875,0.09305191040039062,83.01616287231445,1.1333656311035156,2.4323577880859375,3.9514122009277344,5.774784088134766,1
1637_0.75_0.58.png,46.246368408203125,0.9985482692718506,27.157867431640625,train_core,0,2.279895782470703,0,46.246368408203125,59.05196762084961,46.487823486328125,120.0,0.007222882006317377,0.0008104119915515184,12.805599212646484,0.241455078125,73.75363159179688,1.0902252197265625,2.3240737915039062,3.7388839721679688,5.382617950439453,1
1638_0.83_1.06.png,44.688636779785156,0.9976335763931274,21.05412483215332,train_core,1,0.15901947021484375,0,44.688636779785156,56.76679229736328,44.97532653808594,120.0,0.007444159593433142,0.0010341176530346274,12.078155517578125,0.28668975830078125,75.31136322021484,1.07757568359375,2.2927894592285156,3.6787681579589844,5.275279998779297,1
1639_0.69_1.12.png,46.47627258300781,0.9980610609054565,23.09585189819336,train_core,2,-0.13720703125,0,46.47627258300781,57.373069763183594,46.85451126098633,120.0,0.006417545024305582,0.0010031394194811583,10.896797180175781,0.3782386779785156,73.52372741699219,1.052154541015625,2.2302818298339844,3.5597686767578125,5.06597900390625,1
1640_0.53_0.59.png,45.01774597167969,0.998663604259491,29.88335418701172,train_core,3,1.0717735290527344,0,45.01774597167969,59.55684280395508,45.176300048828125,120.0,0.00808817707002163,0.0007869172259233892,14.53909683227539,0.1585540771484375,74.98225402832031,1.1130104064941406,2.380779266357422,3.8489303588867188,5.582363128662109,1
1641_0.97_1.87.png,35.72589111328125,0.9914304614067078,11.007448196411133,train_core,4,2.3596343994140625,0,35.72589111328125,52.06592559814453,35.83566665649414,120.0,0.022755376994609833,0.0016062892973423004,16.34003448486328,0.10977554321289062,84.27410888671875,1.1285438537597656,2.4197731018066406,3.9255523681640625,5.7242431640625,1
1643_0.77_0.66.png,44.405357360839844,0.9985666275024414,21.007770538330078,train_core,0,2.4931564331054688,0,44.405357360839844,58.26385498046875,44.59196472167969,120.0,0.008920686319470406,0.0008904777932912111,13.858497619628906,0.18660736083984375,75.59464263916016,1.1049880981445312,2.3607940673828125,3.810047149658203,5.51141357421875,1
1644_0.53_1.52.png,43.718048095703125,0.9969905614852905,18.97516632080078,train_core,1,1.0938072204589844,0,43.718048095703125,55.44773483276367,44.0343017578125,120.0,0.0094955088570714,0.001245527877472341,11.729686737060547,0.316253662109375,76.28195190429688,1.0689620971679688,2.2716712951660156,3.638702392578125,5.205207824707031,1
1645_0.87_1.02.png,40.01186752319336,0.9978103637695312,17.565643310546875,train_core,2,1.1847686767578125,0,40.01186752319336,55.85704803466797,40.13555908203125,120.0,0.014991587959229946,0.0011114965891465545,15.84518051147461,0.12369155883789062,79.98813247680664,1.1243209838867188,2.409282684326172,3.9051589965820312,5.686893463134766,1
1646_0.55_1.55.png,34.55961990356445,0.9969892501831055,21.263525009155273,train_core,3,0.00197601318359375,0,34.55961990356445,54.7147216796875,34.60649108886719,120.0,0.031072186306118965,0.001215078984387219,20.155101776123047,0.046871185302734375,85.44038009643555,1.1467971801757812,2.4657516479492188,4.016490936279297,5.894916534423828,1
1647_0.89_1.55.png,37.13827133178711,0.9963885545730591,14.548721313476562,train_core,4,1.6282691955566406,0,37.13827133178711,53.87226867675781,37.23893356323242,120.0,0.020695487037301064,0.0013375206617638469,16.733997344970703,0.1006622314453125,82.86172866821289,1.1307563781738281,2.4254302978515625,3.9369163513183594,5.745891571044922,1
1648_0.89_1.41.png,37.611873626708984,0.9967104196548462,15.133217811584473,train_core,0,1.2657585144042969,0,37.611873626708984,54.22111892700195,37.71638107299805,120.0,0.01989881321787834,0.0012832717038691044,16.60924530029297,0.1045074462890625,82.38812637329102,1.1299819946289062,2.423473358154297,3.9330406188964844,5.7386932373046875,1
1649_0.8_0.86.png,48.442840576171875,0.9931315183639526,21.25201988220215,train_core,1,0.641937255859375,0,48.442840576171875,59.73686218261719,48.79547882080078,120.0,0.005216595251113176,0.000758554320782423,11.294021606445312,0.35263824462890625,71.55715942382812,1.0601463317871094,2.2500152587890625,3.597503662109375,5.1326904296875,1
1650_0.76_1.07.png,47.88875198364258,0.9931350946426392,20.04330825805664,train_core,2,0.5150337219238281,0,47.88875198364258,59.24919891357422,48.23529052734375,120.0,0.005468272138386965,0.0008155532996170223,11.36044692993164,0.3465385437011719,72.11124801635742,1.0616874694824219,2.2537612915039062,3.6045684814453125,5.144966125488281,1
1651_0.71_0.76.png,48.63514709472656,0.9947089552879333,23.40894317626953,train_core,3,0.6066818237304688,0,48.63514709472656,60.31269836425781,48.95634078979492,120.0,0.004955535754561424,0.0007013135473243892,11.67755126953125,0.3211936950683594,71.36485290527344,1.0683708190917969,2.2702369689941406,3.6360397338867188,5.2005462646484375,1
1652_0.62_1.35.png,48.77508544921875,0.9932092428207397,20.25580596923828,train_core,4,-0.6739501953125,1,48.77508544921875,59.18539047241211,49.207786560058594,120.0,0.004668042529374361,0.0008412604220211506,10.41030502319336,0.43270111083984375,71.22491455078125,1.0377616882324219,2.1952781677246094,3.4941940307617188,4.953456878662109,1
1653_0.9_1.01.png,43.80374526977539,0.9939245581626892,12.918233871459961,train_core,0,1.1733894348144531,0,43.80374526977539,56.502418518066406,44.05375671386719,120.0,0.008712105453014374,0.0011573972878977656,12.698673248291016,0.2500114440917969,76.19625473022461,1.0881843566894531,2.3190689086914062,3.729358673095703,5.365810394287109,1
1654_0.66_1.9.png,43.534297943115234,0.9913153648376465,11.92334270477295,train_core,1,0.5479812622070312,0,43.534297943115234,54.66527557373047,43.901588439941406,120.0,0.009196704253554344,0.0014134860830381513,11.130977630615234,0.3672904968261719,76.46570205688477,1.0573844909667969,2.2431411743164062,3.584247589111328,5.108989715576172,1
1655_0.54_1.38.png,45.843143463134766,0.995131254196167,15.93610668182373,train_core,2,0.16839981079101562,0,45.843143463134766,56.70704650878906,46.22981643676758,120.0,0.0075175464153289795,0.001153586315922439,10.863903045654297,0.3866729736328125,74.15685653686523,1.0509376525878906,2.227336883544922,3.5542869567871094,5.056667327880859,1
1656_0.64_1.45.png,45.931915283203125,0.9942683577537537,13.89784049987793,train_core,3,-0.2015228271484375,1,45.931915283203125,56.21196365356445,46.37680435180664,120.0,0.007013832684606314,0.001213721581734717,10.280048370361328,0.4448890686035156,74.06808471679688,1.0353622436523438,2.189350128173828,3.482837677001953,4.933372497558594,1
1657_0.68_1.28.png,44.7774658203125,0.9971320033073425,17.945507049560547,train_core,4,1.9345474243164062,0,44.7774658203125,57.56432342529297,45.018428802490234,120.0,0.009035485796630383,0.001033120322972536,12.786857604980469,0.24096298217773438,75.2225341796875,1.0897636413574219,2.3229637145996094,3.7368392944335938,5.379142761230469,1
1658_0.96_1.72.png,42.211666107177734,0.9940535426139832,12.015323638916016,train_core,0,0.11451339721679688,0,42.211666107177734,54.856170654296875,42.462440490722656,120.0,0.010303503833711147,0.001302851364016533,12.64450454711914,0.2507743835449219,77.78833389282227,1.0871696472167969,2.3165626525878906,3.724567413330078,5.357295989990234,1
1659_0.8_1.01.png,45.8811149597168,0.9974441528320312,17.718347549438477,train_core,1,1.970062255859375,0,45.8811149597168,57.85917282104492,46.174224853515625,120.0,0.007427210919559002,0.0009863210143521428,11.978057861328125,0.2931098937988281,74.1188850402832,1.0753974914550781,2.287464141845703,3.668731689453125,5.257801055908203,1
1660_0.83_0.67.png,46.59785461425781,0.9979090690612793,20.348302841186523,train_core,2,2.231597900390625,0,46.59785461425781,59.04486083984375,46.85944366455078,120.0,0.006919408682733774,0.000860248226672411,12.447006225585938,0.26158905029296875,73.40214538574219,1.083984375,2.308704376220703,3.7094879150390625,5.330341339111328,1
1661_0.7_1.37.png,43.0604133605957,0.9977539777755737,17.532310485839844,train_core,3,1.39630126953125,0,43.0604133605957,55.53654479980469,43.33156204223633,120.0,0.009822405874729156,0.00122316915076226,12.476131439208984,0.271148681640625,76.9395866394043,1.0844497680664062,2.309825897216797,3.7115936279296875,5.334033966064453,1
1662_0.52_1.89.png,41.71118927001953,0.9970288276672363,17.771390914916992,train_core,4,-0.061885833740234375,0,41.71118927001953,54.67462921142578,41.95317840576172,120.0,0.011810925789177418,0.001383831724524498,12.96343994140625,0.2419891357421875,78.28881072998047,1.0919723510742188,2.3284912109375,3.7476272583007812,5.398872375488281,1
1663_0.92_1.8.png,37.98854446411133,0.9943214654922485,12.49919319152832,train_core,0,1.7504501342773438,0,37.98854446411133,53.1691780090332,38.13151931762695,120.0,0.01679048500955105,0.00152707623783499,15.180633544921875,0.142974853515625,82.01145553588867,1.1190528869628906,2.395977020263672,3.8788223266601562,5.637702941894531,1
1665_0.57_1.62.png,41.57640838623047,0.9847137928009033,15.43895149230957,train_core,1,2.7198867797851562,0,41.57640838623047,57.408653259277344,41.70094299316406,120.0,0.011721002869307995,0.0008816691115498543,15.832244873046875,0.12453460693359375,78.42359161376953,1.124542236328125,2.4097251892089844,3.9057769775390625,5.687503814697266,1
1666_0.85_0.59.png,47.10771179199219,0.992777943611145,19.749771118164062,train_core,2,1.7754020690917969,0,47.10771179199219,60.48572540283203,47.319175720214844,120.0,0.0061666774563491344,0.0005950041813775897,13.378013610839844,0.21146392822265625,72.89228820800781,1.0980415344238281,2.3436508178710938,3.777099609375,5.452312469482422,1
1667_0.89_0.82.png,46.300262451171875,0.9927031397819519,16.885135650634766,train_core,3,2.0039443969726562,0,46.300262451171875,59.33784866333008,46.530208587646484,120.0,0.006449347827583551,0.0006801221170462668,13.037586212158203,0.22994613647460938,73.69973754882812,1.0926551818847656,2.3303451538085938,3.7515487670898438,5.406585693359375,1
1668_0.88_0.99.png,45.67652893066406,0.9925582408905029,15.649389266967773,train_core,4,2.1163291931152344,0,45.67652893066406,58.852806091308594,45.89971160888672,120.0,0.007154442835599184,0.0007294888491742313,13.176277160644531,0.22318267822265625,74.32347106933594,1.0946121215820312,2.3352279663085938,3.761016845703125,5.423725128173828,1
1669_0.52_1.31.png,41.87787628173828,0.9976886510848999,15.91748332977295,train_core,0,1.103485107421875,0,41.87787628173828,52.248207092285156,42.309627532958984,120.0,0.011777621693909168,0.0018336627399548888,10.370330810546875,0.4317512512207031,78.12212371826172,1.0378074645996094,2.1952857971191406,3.4939498901367188,4.952457427978516,1
166_0.58_1.66.png,37.84371566772461,0.9972848892211914,15.401440620422363,train_core,1,2.2481422424316406,0,37.84371566772461,52.72584533691406,37.99007797241211,120.0,0.020425712689757347,0.0017214944818988442,14.882129669189453,0.1463623046875,82.15628433227539,1.1165847778320312,2.389720916748047,3.8664093017578125,5.6144561767578125,1
1670_0.72_1.61.png,38.87632369995117,0.9957304000854492,11.847160339355469,train_core,2,1.8742942810058594,0,38.87632369995117,49.981056213378906,39.24303436279297,120.0,0.017031092196702957,0.002256102627143264,11.104732513427734,0.3667106628417969,81.12367630004883,1.0569801330566406,2.2421035766601562,3.5821685791015625,5.105129241943359,1
1671_0.7_1.42.png,40.28528594970703,0.9966405630111694,12.792022705078125,train_core,3,1.7136154174804688,0,40.28528594970703,50.932472229003906,40.69271469116211,120.0,0.014220197685062885,0.0020469941664487123,10.647186279296875,0.4074287414550781,79.71471405029297,1.0457572937011719,2.2146530151367188,3.5302810668945312,5.014858245849609,1
1672_0.86_1.68.png,37.397159576416016,0.993851900100708,9.601457595825195,train_core,4,1.6556167602539062,0,37.397159576416016,48.79667663574219,37.73981475830078,120.0,0.019557682797312737,0.0024904089514166117,11.399517059326172,0.3426551818847656,82.60284042358398,1.0639228820800781,2.2591514587402344,3.6145286560058594,5.161735534667969,1
1673_0.63_1.48.png,41.3979377746582,0.9982947111129761,20.86104965209961,train_core,0,2.140209197998047,0,41.3979377746582,53.502899169921875,41.6884651184082,120.0,0.011584367603063583,0.0014552200445905328,12.104961395263672,0.29052734375,78.6020622253418,1.0781745910644531,2.2942657470703125,3.6816177368164062,5.280368804931641,1
1676_0.81_1.89.png,39.26357650756836,0.996688723564148,16.504026412963867,train_core,1,1.884002685546875,0,39.26357650756836,51.18074417114258,39.56059265136719,120.0,0.013936757110059261,0.0017550940392538905,11.917167663574219,0.2970161437988281,80.73642349243164,1.0747184753417969,2.2857284545898438,3.665233612060547,5.251201629638672,1
1677_0.58_1.91.png,39.437904357910156,0.9971420168876648,18.724628448486328,train_core,2,1.743133544921875,0,39.437904357910156,51.40788269042969,39.73820495605469,120.0,0.01387414988130331,0.0016874008579179645,11.969978332519531,0.30030059814453125,80.56209564208984,1.0744705200195312,2.285308837890625,3.6648712158203125,5.251564025878906,1
1678_0.95_0.64.png,40.91046142578125,0.9979707598686218,19.799678802490234,train_core,3,1.3447036743164062,0,40.91046142578125,54.09878158569336,41.12983703613281,120.0,0.011291012167930603,0.0011567332549020648,13.18832015991211,0.2193756103515625,79.08953857421875,1.0956573486328125,2.337657928466797,3.7653656005859375,5.430854797363281,1
1679_0.94_1.47.png,38.15510940551758,0.9955252408981323,14.278823852539062,train_core,4,1.5791778564453125,0,38.15510940551758,50.513309478759766,38.42001724243164,120.0,0.015835048630833626,0.001685116090811789,12.358200073242188,0.2649078369140625,81.84489059448242,1.0828323364257812,2.3057861328125,3.7037506103515625,5.319835662841797,1
167_0.83_0.5.png,43.33345031738281,0.9983305931091309,21.61954689025879,train_core,0,1.4703445434570312,0,43.33345031738281,57.269386291503906,43.51369857788086,120.0,0.010323850437998772,0.0010746787302196026,13.935935974121094,0.18024826049804688,76.66654968261719,1.106201171875,2.36376953125,3.8157424926757812,5.5215911865234375,1
1680_0.79_1.69.png,38.18947219848633,0.9962196350097656,15.913688659667969,train_core,1,2.102863311767578,0,38.18947219848633,50.857242584228516,38.439659118652344,120.0,0.016270063817501068,0.0016943220980465412,12.667770385742188,0.2501869201660156,81.81052780151367,1.087646484375,2.3177642822265625,3.726947784423828,5.361682891845703,1
1682_0.98_0.9.png,38.26142120361328,0.9972707033157349,17.07973861694336,train_core,2,2.108306884765625,0,38.26142120361328,52.81937026977539,38.42913055419922,120.0,0.013095247559249401,0.001416941056959331,14.55794906616211,0.1677093505859375,81.73857879638672,1.1128273010253906,2.3803977966308594,3.848358154296875,5.581703186035156,1
1683_0.97_0.89.png,38.492610931396484,0.9972840547561646,17.31436538696289,train_core,3,1.8286094665527344,0,38.492610931396484,53.034759521484375,38.66010665893555,120.0,0.013165004551410675,0.0014006063574925065,14.54214859008789,0.1674957275390625,81.50738906860352,1.1126670837402344,2.379985809326172,3.8475379943847656,5.580165863037109,1
1685_0.79_1.99.png,37.07921600341797,0.9948455691337585,13.15744400024414,train_core,4,1.9245796203613281,0,37.07921600341797,49.77424240112305,37.343971252441406,120.0,0.017536096274852753,0.0020413948222994804,12.695026397705078,0.2647552490234375,82.92078399658203,1.0881538391113281,2.319000244140625,3.7292404174804688,5.365627288818359,1
1686_0.51_0.6.png,47.02885055541992,0.9992883205413818,23.146570205688477,train_core,0,0.35842132568359375,0,47.02885055541992,56.784664154052734,47.53428649902344,120.0,0.005866669584065676,0.0010632803896442056,9.755813598632812,0.5054359436035156,72.97114944458008,1.0198402404785156,2.151641845703125,3.4123497009277344,4.812870025634766,1
1688_0.94_1.37.png,35.647247314453125,0.9952216148376465,13.152442932128906,train_core,1,1.9438133239746094,0,35.647247314453125,50.162078857421875,35.825218200683594,120.0,0.018501706421375275,0.0017376840114593506,14.51483154296875,0.17797088623046875,84.35275268554688,1.11279296875,2.3802566528320312,3.8479385375976562,5.580589294433594,1
1689_0.74_0.54.png,46.188751220703125,0.9989084601402283,26.86181640625,train_core,2,0.980072021484375,0,46.188751220703125,57.34260940551758,46.54928207397461,120.0,0.006197533570230007,0.0008978948462754488,11.153858184814453,0.3605308532714844,73.81124877929688,1.0584068298339844,2.24566650390625,3.58905029296875,5.117321014404297,1
168_0.92_0.76.png,40.58614730834961,0.9976035356521606,17.520723342895508,train_core,3,0.8792152404785156,0,40.58614730834961,54.66376876831055,40.761680603027344,120.0,0.013598763383924961,0.001338196569122374,14.077621459960938,0.17553329467773438,79.41385269165039,1.1080169677734375,2.3683128356933594,3.8245887756347656,5.537738800048828,1
1690_0.91_0.52.png,43.77200698852539,0.9986228942871094,24.767257690429688,train_core,4,0.0810089111328125,0,43.77200698852539,56.46492385864258,44.02003860473633,120.0,0.007921804673969746,0.0009247784619219601,12.692916870117188,0.2480316162109375,76.22799301147461,1.0881080627441406,2.318939208984375,3.7292442321777344,5.365825653076172,1
1691_0.77_1.92.png,37.112693786621094,0.9952969551086426,18.587387084960938,train_core,0,2.785430908203125,0,37.112693786621094,50.89454650878906,37.30970001220703,120.0,0.017916111275553703,0.0017123647266998887,13.781852722167969,0.1970062255859375,82.8873062133789,1.1041412353515625,2.358654022216797,3.8058395385742188,5.503658294677734,1
1692_0.67_1.76.png,38.08697509765625,0.9961436986923218,19.302391052246094,train_core,1,3.0197982788085938,0,38.08697509765625,51.687255859375,38.29780960083008,120.0,0.01685585454106331,0.001582296914421022,13.60028076171875,0.21083450317382812,81.91302490234375,1.1014251708984375,2.3519134521484375,3.792827606201172,5.480262756347656,1
1693_0.51_1.03.png,45.102027893066406,0.9986652731895447,24.27063751220703,train_core,2,-1.0243110656738281,1,45.102027893066406,56.29393768310547,45.47694396972656,120.0,0.006410819012671709,0.000929602247197181,11.191909790039062,0.37491607666015625,74.8979721069336,1.0543746948242188,2.2364540100097656,3.5732192993164062,5.093147277832031,1
1694_0.72_0.66.png,47.365135192871094,0.9991723895072937,30.229787826538086,train_core,3,0.874359130859375,0,47.365135192871094,57.99318313598633,47.78295135498047,120.0,0.0053613209165632725,0.0007892893627285957,10.628047943115234,0.417816162109375,72.6348648071289,1.045196533203125,2.2133331298828125,3.5279197692871094,5.011005401611328,1
1695_0.6_0.82.png,47.12666320800781,0.9990109205245972,27.204769134521484,train_core,4,0.5666427612304688,0,47.12666320800781,57.45651626586914,47.5938720703125,120.0,0.005604438949376345,0.0008411682792939246,10.329853057861328,0.4672088623046875,72.87333679199219,1.0357742309570312,2.190563201904297,3.4855918884277344,4.938957214355469,1
1696_0.74_1.51.png,42.0673828125,0.9977614283561707,24.735206604003906,train_core,0,1.1550140380859375,0,42.0673828125,54.13985824584961,42.365966796875,120.0,0.009443060494959354,0.0011135601671412587,12.07247543334961,0.298583984375,77.9326171875,1.0762405395507812,2.2896080017089844,3.6730079650878906,5.265911102294922,1
1697_0.87_1.23.png,40.8287467956543,0.9964805841445923,18.5565242767334,train_core,1,0.4144096374511719,0,40.8287467956543,54.34219741821289,41.0306510925293,120.0,0.011350363492965698,0.001194753567688167,13.513450622558594,0.201904296875,79.1712532043457,1.1006736755371094,2.350048065185547,3.789203643798828,5.473560333251953,1
1698_0.9_1.01.png,41.613609313964844,0.9969953298568726,19.466751098632812,train_core,2,0.11729049682617188,0,41.613609313964844,55.14945602416992,41.8140869140625,120.0,0.009942636825144291,0.0010904486989602447,13.535846710205078,0.20047760009765625,78.38639068603516,1.1009330749511719,2.3507156372070312,3.7905006408691406,5.4759521484375,1
1699_0.81_0.51.png,44.18973922729492,0.9986728429794312,26.075416564941406,train_core,3,0.7929420471191406,0,44.18973922729492,58.12227249145508,44.37367248535156,120.0,0.008179518394172192,0.0008054336649365723,13.932533264160156,0.18393325805664062,75.81026077270508,1.1058769226074219,2.3630409240722656,3.8145103454589844,5.519748687744141,1
169_0.8_0.81.png,36.138240814208984,0.9911629557609558,20.283863067626953,train_core,4,3.270954132080078,0,36.138240814208984,57.32062911987305,36.17195510864258,120.0,0.02521647699177265,0.0010355196427553892,21.182388305664062,0.03371429443359375,83.86175918579102,1.1497077941894531,2.4730873107910156,4.031036376953125,5.922351837158203,1
16_0.51_1.32.png,38.452030181884766,0.9978355169296265,19.100927352905273,train_core,0,2.168701171875,0,38.452030181884766,53.93386459350586,38.57687759399414,120.0,0.01614520698785782,0.001510551548562944,15.481834411621094,0.124847412109375,81.54796981811523,1.1223297119140625,2.404102325439453,3.8945465087890625,5.666278839111328,1
1700_0.89_1.15.png,40.98263168334961,0.9966544508934021,18.70936393737793,train_core,1,0.4793663024902344,0,40.98263168334961,54.610591888427734,41.17876052856445,120.0,0.010974925011396408,0.0011583217419683933,13.627960205078125,0.19612884521484375,79.01736831665039,1.1022186279296875,2.353900909423828,3.7966575622558594,5.487079620361328,1
1702_0.69_0.67.png,45.464256286621094,0.9988516569137573,31.088287353515625,train_core,2,0.1046905517578125,0,45.464256286621094,57.081321716308594,45.784263610839844,120.0,0.007575402036309242,0.0007576241623610258,11.6170654296875,0.32000732421875,74.5357437133789,1.0687522888183594,2.2710037231445312,3.637096405029297,5.2014007568359375,1
1703_0.67_1.94.png,40.598731994628906,0.9971505999565125,23.707332611083984,train_core,3,0.9150733947753906,0,40.598731994628906,52.38318634033203,40.914756774902344,120.0,0.012585686519742012,0.001228532986715436,11.784454345703125,0.3160247802734375,79.4012680053711,1.0707550048828125,2.276172637939453,3.6474380493164062,5.2207489013671875,1
1705_0.66_1.4.png,40.265235900878906,0.9972307085990906,20.662214279174805,train_core,4,2.3760147094726562,0,40.265235900878906,55.53821563720703,40.401607513427734,120.0,0.015514615923166275,0.001053506974130869,15.272979736328125,0.13637161254882812,79.7347640991211,1.1200370788574219,2.3984336853027344,3.8836097717285156,5.646484375,1
1706_0.83_0.85.png,42.3001823425293,0.9977971911430359,21.692123413085938,train_core,0,1.6267585754394531,0,42.3001823425293,56.576927185058594,42.47087097167969,120.0,0.011661716736853123,0.0009077617432922125,14.276744842529297,0.17068862915039062,77.6998176574707,1.1096076965332031,2.3724212646484375,3.8329124450683594,5.553627014160156,1
1707_0.88_1.61.png,38.23489761352539,0.9947372674942017,15.697318077087402,train_core,1,1.3385658264160156,0,38.23489761352539,53.18391799926758,38.38045883178711,120.0,0.01863827556371689,0.0013042493956163526,14.949020385742188,0.14556121826171875,81.76510238647461,1.1168937683105469,2.39056396484375,3.86822509765625,5.618206024169922,1
1708_0.52_1.49.png,44.22153091430664,0.9980174899101257,22.630823135375977,train_core,2,0.9527473449707031,0,44.22153091430664,56.22652053833008,44.51587677001953,120.0,0.009078231640160084,0.001001026132144034,12.004989624023438,0.2943458557128906,75.77846908569336,1.0759048461914062,2.2887535095214844,3.6712493896484375,5.262321472167969,1
1709_0.68_1.68.png,39.031925201416016,0.9967057108879089,18.871490478515625,train_core,3,2.17962646484375,0,39.031925201416016,51.57929229736328,39.28750228881836,120.0,0.015109376050531864,0.0017263182671740651,12.547367095947266,0.25557708740234375,80.96807479858398,1.0861396789550781,2.313945770263672,3.7193641662597656,5.347606658935547,1
1710_0.54_0.87.png,45.784828186035156,0.9991055727005005,25.236129760742188,train_core,4,0.7982749938964844,0,45.784828186035156,55.69173812866211,46.268367767333984,120.0,0.00650806026533246,0.0011581438593566418,9.906909942626953,0.4835395812988281,74.21517181396484,1.0250930786132812,2.164337158203125,3.4359054565429688,4.85272216796875,1
1711_0.54_0.6.png,47.86483383178711,0.999387264251709,27.89404296875,train_core,0,0.21733474731445312,0,47.86483383178711,57.28955078125,48.40919876098633,120.0,0.005328604485839605,0.0009963311022147536,9.42471694946289,0.5443649291992188,72.13516616821289,1.0095024108886719,2.126628875732422,3.3658790588378906,4.734127044677734,1
1712_0.9_0.74.png,43.077735900878906,0.9982807040214539,20.258861541748047,train_core,1,0.5836410522460938,0,43.077735900878906,54.79705810546875,43.38462448120117,120.0,0.008816380053758621,0.0012216223403811455,11.719322204589844,0.3068885803222656,76.9222640991211,1.070892333984375,2.2763023376464844,3.647216796875,5.219326019287109,1
1713_0.69_1.59.png,38.4370002746582,0.9950005412101746,17.41244888305664,train_core,2,0.8828010559082031,0,38.4370002746582,51.180198669433594,38.689239501953125,120.0,0.014301512390375137,0.0016222806880250573,12.74319839477539,0.2522392272949219,81.5629997253418,1.089508056640625,2.3222808837890625,3.7353897094726562,5.376251220703125,1
1717_0.58_1.39.png,40.707000732421875,0.997866153717041,18.47780990600586,train_core,3,1.3462142944335938,0,40.707000732421875,51.463321685791016,41.1024169921875,120.0,0.014009552076458931,0.0015702630626037717,10.75632095336914,0.395416259765625,79.29299926757812,1.0488471984863281,2.2221946716308594,3.54449462890625,5.039466857910156,1
1718_0.92_1.01.png,39.82133102416992,0.9970976710319519,15.73830509185791,train_core,4,0.8193473815917969,0,39.82133102416992,51.52979278564453,40.12947082519531,120.0,0.013308670371770859,0.0015148097882047296,11.70846176147461,0.3081398010253906,80.17866897583008,1.0708045959472656,2.2760581970214844,3.6467018127441406,5.218296051025391,1
1719_0.77_1.33.png,40.34362030029297,0.9974100589752197,16.31389617919922,train_core,0,1.040863037109375,0,40.34362030029297,51.17766571044922,40.7279052734375,120.0,0.013572578318417072,0.0016292304499074817,10.83404541015625,0.38428497314453125,79.65637969970703,1.0510482788085938,2.2275619506835938,3.5546112060546875,5.056941986083984,1
171_0.59_1.19.png,32.77445983886719,0.9835065603256226,19.067657470703125,train_core,1,4.1353607177734375,0,32.77445983886719,55.840267181396484,32.797176361083984,120.0,0.039260949939489365,0.0011356683680787683,23.065807342529297,0.022716522216796875,87.22554016113281,1.1532745361328125,2.4821205139160156,4.049072265625,5.956737518310547,1
1720_0.71_1.73.png,38.80760192871094,0.9966714382171631,15.709102630615234,train_core,2,1.0959892272949219,0,38.80760192871094,49.7362060546875,39.18806838989258,120.0,0.01679794304072857,0.0018973005935549736,10.928604125976562,0.3804664611816406,81.19239807128906,1.0532341003417969,2.2329177856445312,3.5647544860839844,5.074638366699219,1
1721_0.8_0.91.png,38.88835906982422,0.9957610964775085,16.822914123535156,train_core,3,0.9984359741210938,0,38.88835906982422,53.01089859008789,39.06616973876953,120.0,0.01467190682888031,0.0013774990802630782,14.122539520263672,0.1778106689453125,81.11164093017578,1.1082992553710938,2.3690567016601562,3.8261337280273438,5.540779113769531,1
1723_0.96_1.89.png,34.68949890136719,0.9873298406600952,10.157500267028809,train_core,4,0.8507728576660156,0,34.68949890136719,47.87617492675781,34.91234588623047,120.0,0.02519242651760578,0.0023556745145469904,13.186676025390625,0.22284698486328125,85.31050109863281,1.0956001281738281,2.3374977111816406,3.7650413513183594,5.430240631103516,1
1724_0.5_1.22.png,41.08372116088867,0.9970983266830444,19.599802017211914,train_core,0,0.794708251953125,0,41.08372116088867,53.166866302490234,41.3697624206543,120.0,0.012857810594141483,0.0014025819255039096,12.083145141601562,0.286041259765625,78.91627883911133,1.0769996643066406,2.291393280029297,3.676227569580078,5.2712554931640625,1
1725_0.91_0.81.png,41.13798141479492,0.9970543384552002,15.18176555633545,train_core,1,0.9062767028808594,0,41.13798141479492,53.65268325805664,41.39541244506836,120.0,0.011318018659949303,0.0013756008120253682,12.514701843261719,0.2574310302734375,78.86201858520508,1.0854835510253906,2.3123435974121094,3.7163543701171875,5.342353820800781,1
1726_0.54_0.7.png,45.238590240478516,0.9987164735794067,20.925722122192383,train_core,2,0.4261436462402344,0,45.238590240478516,56.32483673095703,45.60258865356445,120.0,0.007693554740399122,0.0011171180522069335,11.086246490478516,0.3639984130859375,74.76140975952148,1.0566902160644531,2.2414207458496094,3.5809364318847656,5.103046417236328,1
1727_0.97_1.9.png,34.66357421875,0.990001380443573,9.388126373291016,train_core,3,1.4570999145507812,0,34.66357421875,48.46965026855469,34.85451126098633,120.0,0.02403702773153782,0.002435700036585331,13.806076049804688,0.19093704223632812,85.33642578125,1.1045074462890625,2.3595733642578125,3.8076324462890625,5.506935119628906,1
1728_0.91_1.81.png,36.449684143066406,0.9920703768730164,10.341042518615723,train_core,4,1.0362052917480469,0,36.449684143066406,49.297386169433594,36.68815231323242,120.0,0.019931519404053688,0.0022479111794382334,12.847702026367188,0.23846817016601562,83.5503158569336,1.0910415649414062,2.3260841369628906,3.7427597045898438,5.389549255371094,1
1730_0.81_1.53.png,41.95496368408203,0.9975806474685669,19.025957107543945,train_core,0,0.7018547058105469,0,41.95496368408203,53.313255310058594,42.30279541015625,120.0,0.009016772732138634,0.0014180307043716311,11.358291625976562,0.34783172607421875,78.04503631591797,1.0605087280273438,2.2512664794921875,3.6006507873535156,5.139690399169922,1
1731_0.84_1.3.png,42.690338134765625,0.9978388547897339,19.705190658569336,train_core,1,0.7599754333496094,0,42.690338134765625,53.97559356689453,43.045433044433594,120.0,0.008371303789317608,0.0013258192921057343,11.285255432128906,0.35509490966796875,77.30966186523438,1.0580406188964844,2.2453689575195312,3.5898284912109375,5.121494293212891,1
1732_0.87_0.59.png,45.73408126831055,0.998693585395813,24.99436378479004,train_core,2,0.5208549499511719,0,45.73408126831055,57.255836486816406,46.06919860839844,120.0,0.006324845366179943,0.0009695145417936146,11.52175521850586,0.3351173400878906,74.26591873168945,1.0635910034179688,2.2588729858398438,3.615283966064453,5.165809631347656,1
1733_0.57_1.6.png,38.20331954956055,0.9956669807434082,18.089208602905273,train_core,3,2.2724571228027344,0,38.20331954956055,53.29310607910156,38.34672927856445,120.0,0.017504818737506866,0.0014355519087985158,15.089786529541016,0.14340972900390625,81.79668045043945,1.1185874938964844,2.394733428955078,3.8762054443359375,5.632457733154297,1
1734_0.67_0.82.png,43.24001693725586,0.9976856708526611,20.796554565429688,train_core,4,1.3927078247070312,0,43.24001693725586,56.29281997680664,43.46764373779297,120.0,0.009966269135475159,0.001053656917065382,13.052803039550781,0.22762680053710938,76.75998306274414,1.0942840576171875,2.3341331481933594,3.758270263671875,5.417423248291016,1
1735_0.72_0.9.png,42.08435821533203,0.9972091913223267,19.30960464477539,train_core,0,1.50714111328125,0,42.08435821533203,55.54771423339844,42.29066467285156,120.0,0.011263222433626652,0.001126995193772018,13.463356018066406,0.20630645751953125,77.91564178466797,1.1001663208007812,2.348735809326172,3.786540985107422,5.468536376953125,1
1736_0.81_1.35.png,37.99186706542969,0.9942985773086548,15.21590805053711,train_core,1,1.5490074157714844,0,37.99186706542969,52.663551330566406,38.14786148071289,120.0,0.017924798652529716,0.0014537079259753227,14.671684265136719,0.15599441528320312,82.00813293457031,1.1145439147949219,2.384613037109375,3.8564109802246094,5.596038818359375,1
1737_0.98_0.6.png,39.00737380981445,0.9953567385673523,17.710784912109375,train_core,2,0.8592300415039062,0,39.00737380981445,53.316871643066406,39.174835205078125,120.0,0.015466940589249134,0.0013023056089878082,14.309497833251953,0.16746139526367188,80.99262619018555,1.1104049682617188,2.3743019104003906,3.836376190185547,5.559558868408203,1
1738_0.58_1.63.png,39.40793228149414,0.9945537447929382,17.279930114746094,train_core,3,0.6908378601074219,0,39.40793228149414,50.7953987121582,39.74398422241211,120.0,0.014247671701014042,0.001761868130415678,11.387466430664062,0.33605194091796875,80.59206771850586,1.0634193420410156,2.2579307556152344,3.612262725830078,5.157886505126953,1
1740_0.62_1.79.png,37.793155670166016,0.9927646517753601,16.246543884277344,train_core,4,0.9020309448242188,0,37.793155670166016,49.97600555419922,38.07105255126953,120.0,0.01726928912103176,0.0019098534248769283,12.182849884033203,0.2778968811035156,82.20684432983398,1.0794258117675781,2.29736328125,3.6875648498535156,5.291019439697266,1
1742_0.9_1.59.png,42.82362365722656,0.9972726106643677,16.722509384155273,train_core,0,-0.24822998046875,1,42.82362365722656,52.27912902832031,43.354164123535156,120.0,0.008874261751770973,0.0013090474531054497,9.45550537109375,0.5305404663085938,77.17637634277344,1.0113639831542969,2.131053924560547,3.3738670349121094,4.747142791748047,1
1743_0.62_1.02.png,47.89447021484375,0.9989656805992126,24.550569534301758,train_core,1,0.144195556640625,0,47.89447021484375,56.399810791015625,48.56298065185547,120.0,0.004957944620400667,0.0009993218118324876,8.505340576171875,0.6685104370117188,72.10552978515625,0.9754981994628906,2.0449600219726562,3.2156524658203125,4.4834747314453125,1
1745_0.84_1.83.png,42.23090362548828,0.9967688918113708,13.709105491638184,train_core,2,0.8453521728515625,0,42.23090362548828,52.87980651855469,42.629486083984375,120.0,0.010168465785682201,0.001507930108346045,10.648902893066406,0.39858245849609375,77.76909637451172,1.0461463928222656,2.2155990600585938,3.5320968627929688,5.018070220947266,1
1746_0.86_1.2.png,44.65296936035156,0.9980983138084412,16.1373233795166,train_core,3,0.41255950927734375,0,44.65296936035156,54.93492126464844,45.08805847167969,120.0,0.007599428296089172,0.0012263610260561109,10.281951904296875,0.435089111328125,75.34703063964844,1.0361366271972656,2.1912307739257812,3.486328125,4.939159393310547,1
1747_0.63_1.37.png,44.51401138305664,0.998518705368042,18.882627487182617,train_core,4,1.2142524719238281,0,44.51401138305664,55.28060531616211,44.904510498046875,120.0,0.008123568259179592,0.0012254554312676191,10.766593933105469,0.3904991149902344,75.48598861694336,1.0491523742675781,2.2229576110839844,3.545978546142578,5.042102813720703,1
1748_0.82_1.35.png,44.49379348754883,0.9980231523513794,15.9228515625,train_core,0,0.4523048400878906,0,44.49379348754883,54.6599235534668,44.94137191772461,120.0,0.007863189093768597,0.001270495937205851,10.166130065917969,0.44757843017578125,75.50620651245117,1.0329093933105469,2.1833534240722656,3.4715003967285156,4.913639068603516,1
174_0.89_1.7.png,33.81899642944336,0.993808925151825,12.665148735046387,train_core,1,2.902984619140625,0,33.81899642944336,50.97724151611328,33.90388107299805,120.0,0.03045876882970333,0.00210980954580009,17.158245086669922,0.0848846435546875,86.18100357055664,1.1342658996582031,2.4340896606445312,3.9536361694335938,5.77630615234375,1
1751_0.55_0.84.png,42.127655029296875,0.9981817603111267,28.304397583007812,train_core,2,-0.040599822998046875,0,42.127655029296875,56.50501251220703,42.29856491088867,120.0,0.009003700688481331,0.0007178441737778485,14.377357482910156,0.17090988159179688,77.87234497070312,1.1108665466308594,2.3754348754882812,3.8385658264160156,5.5636444091796875,1
1752_0.83_1.89.png,33.9433479309082,0.9935412406921387,18.119056701660156,train_core,3,2.2223243713378906,0,33.9433479309082,51.367435455322266,34.028648376464844,120.0,0.0270962193608284,0.0012197542237117887,17.424087524414062,0.08530044555664062,86.0566520690918,1.1350135803222656,2.4360885620117188,3.9578857421875,5.785011291503906,1
1754_0.95_1.34.png,40.7216682434082,0.9968390464782715,16.493131637573242,train_core,4,1.4531211853027344,0,40.7216682434082,55.22576141357422,40.88197708129883,120.0,0.012423433363437653,0.0011946635786443949,14.504093170166016,0.160308837890625,79.2783317565918,1.1123313903808594,2.379150390625,3.8459014892578125,5.577159881591797,1
1755_0.74_1.04.png,44.07669448852539,0.9982167482376099,20.97421646118164,train_core,0,1.5829849243164062,0,44.07669448852539,57.44375228881836,44.28462219238281,120.0,0.009455553255975246,0.000994371366687119,13.367057800292969,0.20792770385742188,75.92330551147461,1.0986747741699219,2.345050811767578,3.779430389404297,5.455722808837891,1
1756_0.77_1.19.png,43.05044174194336,0.997893214225769,19.795394897460938,train_core,1,1.617950439453125,0,43.05044174194336,56.805423736572266,43.24055099487305,120.0,0.010637138038873672,0.0010556812630966306,13.754981994628906,0.1901092529296875,76.94955825805664,1.1038551330566406,2.3579368591308594,3.8044357299804688,5.501075744628906,1
1757_1.0_1.19.png,39.7383918762207,0.9968657493591309,17.01593017578125,train_core,2,1.6305465698242188,0,39.7383918762207,54.89475631713867,39.879852294921875,120.0,0.01490216888487339,0.0011160559952259064,15.156364440917969,0.14146041870117188,80.2616081237793,1.1189422607421875,2.395702362060547,3.878307342529297,5.636768341064453,1
1758_0.81_1.38.png,42.313419342041016,0.9972583055496216,18.879878997802734,train_core,3,1.0633125305175781,0,42.313419342041016,55.37748336791992,42.53936767578125,120.0,0.010008793324232101,0.0010941734071820974,13.064064025878906,0.22594833374023438,77.68658065795898,1.0940513610839844,2.3336219787597656,3.7574844360351562,5.416419982910156,1
1759_0.7_1.38.png,43.56034851074219,0.9977401494979858,20.576801300048828,train_core,4,0.4359893798828125,0,43.56034851074219,55.96067428588867,43.82344055175781,120.0,0.008809021674096584,0.0010615153005346656,12.400325775146484,0.263092041015625,76.43965148925781,1.0834884643554688,2.307403564453125,3.7068405151367188,5.3253326416015625,1
175_0.58_1.26.png,38.4785041809082,0.9976794123649597,15.748047828674316,train_core,0,2.679698944091797,0,38.4785041809082,54.06207275390625,38.601314544677734,120.0,0.01828720234334469,0.0015814853832125664,15.583568572998047,0.12281036376953125,81.5214958190918,1.1230201721191406,2.4058494567871094,3.897991180419922,5.67266845703125,1
1760_0.76_0.82.png,45.30260467529297,0.9984015822410583,23.42311668395996,train_core,1,1.0039596557617188,0,45.30260467529297,57.61298751831055,45.570587158203125,120.0,0.007121610920876265,0.0008826263365335763,12.310382843017578,0.26798248291015625,74.69739532470703,1.0820236206054688,2.303791046142578,3.6999053955078125,5.312931060791016,1
1761_0.99_0.94.png,35.21458435058594,0.9946035146713257,14.173259735107422,train_core,2,3.3536338806152344,0,35.21458435058594,54.63243865966797,35.270721435546875,120.0,0.0247208122164011,0.0011114752851426601,19.41785430908203,0.0561370849609375,84.78541564941406,1.1443290710449219,2.4594993591308594,4.0040740966796875,5.871532440185547,1
1762_0.95_0.95.png,36.52389907836914,0.995165228843689,14.615062713623047,train_core,3,3.6493988037109375,0,36.52389907836914,55.28640365600586,36.58684158325195,120.0,0.021987024694681168,0.0010878079337999225,18.76250457763672,0.0629425048828125,83.47610092163086,1.1418075561523438,2.4531173706054688,3.9913558959960938,5.84747314453125,1
1763_0.58_1.25.png,36.761207580566406,0.9969066977500916,19.503158569335938,train_core,4,3.26422119140625,0,36.761207580566406,56.322994232177734,36.812557220458984,120.0,0.024314263835549355,0.001033471547998488,19.561786651611328,0.051349639892578125,83.2387924194336,1.1450653076171875,2.4613494873046875,4.0076751708984375,5.8780670166015625,1
1764_0.84_1.26.png,34.912235260009766,0.9943650960922241,14.340032577514648,train_core,0,3.5011520385742188,0,34.912235260009766,54.71697235107422,34.96134948730469,120.0,0.026479260995984077,0.0011721939081326127,19.804737091064453,0.049114227294921875,85.08776473999023,1.1458244323730469,2.4632720947265625,4.011531829833984,5.885448455810547,1
1765_0.51_1.47.png,39.86909484863281,0.9974483251571655,22.497116088867188,train_core,1,2.031024932861328,0,39.86909484863281,56.702632904052734,39.96395492553711,120.0,0.01615663431584835,0.0010254995431751013,16.833538055419922,0.09486007690429688,80.13090515136719,1.1319732666015625,2.4283828735351562,3.9424781799316406,5.755706787109375,1
1766_0.84_0.74.png,42.235111236572266,0.997710645198822,21.38796615600586,train_core,2,-0.4950752258300781,1,42.235111236572266,58.42457580566406,42.348175048828125,120.0,0.01136067695915699,0.000834767532069236,16.189464569091797,0.11306381225585938,77.76488876342773,1.1261749267578125,2.4140701293945312,3.914905548095703,5.705776214599609,1
1767_0.55_0.58.png,44.84650421142578,0.9987611770629883,29.33199119567871,train_core,3,2.656513214111328,0,44.84650421142578,59.984092712402344,44.98771286010742,120.0,0.008794412948191166,0.0007030452252365649,15.137588500976562,0.14120864868164062,75.15349578857422,1.1179122924804688,2.3932647705078125,3.8738479614257812,5.6292724609375,1
1768_0.94_1.87.png,37.21048355102539,0.993403434753418,13.061318397521973,train_core,4,0.7266883850097656,0,37.21048355102539,53.93017578125,37.311546325683594,120.0,0.020670363679528236,0.001336983754299581,16.71969223022461,0.10106277465820312,82.78951644897461,1.1298141479492188,2.4231300354003906,3.9326629638671875,5.7387542724609375,1
1769_0.93_0.69.png,41.849830627441406,0.9982794523239136,20.818878173828125,train_core,0,1.3907508850097656,0,41.849830627441406,57.25031280517578,41.991973876953125,120.0,0.01051785796880722,0.0008531772182323039,15.400482177734375,0.14214324951171875,78.1501693725586,1.1191177368164062,2.3965530395507812,3.8808746337890625,5.643486022949219,1
176_0.74_1.73.png,34.50780487060547,0.9948097467422485,14.160789489746094,train_core,1,2.4672088623046875,0,34.50780487060547,51.81996154785156,34.5897102355957,120.0,0.028133807703852654,0.001970598241314292,17.312156677246094,0.08190536499023438,85.49219512939453,1.1351699829101562,2.4363670349121094,3.9581298828125,5.784721374511719,1
1770_0.86_0.61.png,43.52604675292969,0.9987832307815552,23.21581268310547,train_core,2,1.0596466064453125,0,43.52604675292969,58.65016555786133,43.6724853515625,120.0,0.009671550244092941,0.0007846884545870125,15.12411880493164,0.1464385986328125,76.47395324707031,1.1168212890625,2.3907089233398438,3.8693008422851562,5.621921539306641,1
1771_0.85_1.14.png,39.329925537109375,0.9974560737609863,18.33651351928711,train_core,3,1.9574775695800781,0,39.329925537109375,56.114295959472656,39.43059539794922,120.0,0.015703989192843437,0.0010229313047602773,16.78437042236328,0.10066986083984375,80.67007446289062,1.1302566528320312,2.4243087768554688,3.9350662231445312,5.7432861328125,1
1773_0.58_1.45.png,42.49274444580078,0.9982883334159851,20.34141731262207,train_core,4,3.360828399658203,0,42.49274444580078,56.282840728759766,42.685951232910156,120.0,0.010182226076722145,0.0011768043041229248,13.790096282958984,0.193206787109375,77.50725555419922,1.1039619445800781,2.3582611083984375,3.8052024841308594,5.502769470214844,1
1774_0.83_0.59.png,47.56065368652344,0.9990963935852051,23.336517333984375,train_core,0,0.8513641357421875,0,47.56065368652344,58.44755172729492,47.941856384277344,120.0,0.005642913747578859,0.000901438994333148,10.886898040771484,0.38120269775390625,72.43934631347656,1.0519752502441406,2.2298812866210938,3.5591049194335938,5.065006256103516,1
1775_0.91_1.06.png,42.69572448730469,0.9979844093322754,17.809558868408203,train_core,1,1.3964576721191406,0,42.69572448730469,56.18272399902344,42.903472900390625,120.0,0.008956873789429665,0.0011315004667267203,13.48699951171875,0.2077484130859375,77.30427551269531,1.09991455078125,2.348224639892578,3.7858047485351562,5.467708587646484,1
1776_0.86_1.11.png,42.622283935546875,0.9980708956718445,18.229589462280273,train_core,2,2.0670852661132812,0,42.622283935546875,56.342105865478516,42.81793212890625,120.0,0.009090575389564037,0.001127077965065837,13.71982192993164,0.195648193359375,77.37771606445312,1.1031455993652344,2.3562393188476562,3.8012847900390625,5.495677947998047,1
1777_0.6_1.87.png,40.52417755126953,0.9973856210708618,15.983262062072754,train_core,3,0.357147216796875,0,40.52417755126953,53.474876403808594,40.761775970458984,120.0,0.01284114457666874,0.0014710621908307076,12.950698852539062,0.23759841918945312,79.47582244873047,1.0914764404296875,2.3272132873535156,3.7450599670410156,5.394111633300781,1
1779_0.64_1.68.png,41.95499801635742,0.9978156089782715,16.07195281982422,train_core,4,-0.05519866943359375,0,41.95499801635742,53.984561920166016,42.24784851074219,120.0,0.010602658614516258,0.0013965558027848601,12.029563903808594,0.2928504943847656,78.04500198364258,1.0760917663574219,2.2891273498535156,3.67181396484375,5.2631378173828125,1
177_0.65_1.21.png,40.41093444824219,0.9945930242538452,14.938179016113281,train_core,0,2.4328536987304688,0,40.41093444824219,54.59735870361328,40.58103942871094,120.0,0.014718174003064632,0.0014432092430070043,14.186424255371094,0.17010498046875,79.58906555175781,1.1093292236328125,2.3715744018554688,3.8309402465820312,5.549320220947266,1
1780_0.81_0.83.png,45.75688934326172,0.9987978935241699,18.89493751525879,train_core,1,-0.037700653076171875,0,45.75688934326172,56.47770309448242,46.14885330200195,120.0,0.00708665419369936,0.0010828262893483043,10.720813751220703,0.3919639587402344,74.24311065673828,1.0479812622070312,2.220062255859375,3.5404205322265625,5.032279968261719,1
1781_0.82_1.78.png,39.8204460144043,0.9948782324790955,13.572641372680664,train_core,2,0.47872161865234375,0,39.8204460144043,52.57533645629883,40.06733322143555,120.0,0.013758210465312004,0.0015376427909359336,12.754890441894531,0.24688720703125,80.1795539855957,1.0895538330078125,2.3223876953125,3.735607147216797,5.376667022705078,1
1782_0.72_0.56.png,46.944576263427734,0.9984253644943237,23.147838592529297,train_core,3,0.7276153564453125,0,46.944576263427734,58.16943359375,47.29520797729492,120.0,0.005512390285730362,0.0009219849016517401,11.224857330322266,0.3506317138671875,73.05542373657227,1.0592765808105469,2.247905731201172,3.5935325622558594,5.125679016113281,1
1783_0.8_1.77.png,39.719566345214844,0.9951736927032471,13.910222053527832,train_core,4,1.0846900939941406,0,39.719566345214844,52.76873779296875,39.949039459228516,120.0,0.0140400230884552,0.0015154964057728648,13.049171447753906,0.22947311401367188,80.28043365478516,1.0941162109375,2.3337020874023438,3.7574615478515625,5.4160003662109375,1
1784_0.94_1.15.png,41.398284912109375,0.996479868888855,14.611970901489258,train_core,0,-0.0600738525390625,0,41.398284912109375,54.160400390625,41.64221954345703,120.0,0.010944466106593609,0.001291101798415184,12.762115478515625,0.24393463134765625,78.60171508789062,1.0894546508789062,2.3221664428710938,3.7352371215820312,5.376243591308594,1
1785_0.51_1.95.png,44.666419982910156,0.9979639053344727,20.772104263305664,train_core,1,-0.09352874755859375,0,44.666419982910156,56.53188705444336,44.97333908081055,120.0,0.0083442572504282,0.0011022549588233232,11.865467071533203,0.3069190979003906,75.33358001708984,1.0720481872558594,2.279193878173828,3.6529197692871094,5.230033874511719,1
1786_0.64_1.19.png,45.661033630371094,0.9986743927001953,22.93928337097168,train_core,2,0.7025337219238281,0,45.661033630371094,58.22501754760742,45.91936111450195,120.0,0.007163522765040398,0.0009221591171808541,12.563983917236328,0.2583274841308594,74.3389663696289,1.0849876403808594,2.3111038208007812,3.7139434814453125,5.3382415771484375,1
1787_0.68_1.04.png,45.915199279785156,0.998630702495575,23.357088088989258,train_core,3,0.9935417175292969,0,45.915199279785156,58.552978515625,46.164955139160156,120.0,0.006919337436556816,0.0008872051257640123,12.637779235839844,0.249755859375,74.08480072021484,1.0871429443359375,2.316436767578125,3.7241783142089844,5.3562469482421875,1
1788_0.9_0.72.png,45.70987319946289,0.9986940622329712,22.918838500976562,train_core,4,0.34161376953125,0,45.70987319946289,58.85824203491211,45.928863525390625,120.0,0.006419457495212555,0.0008267983212135732,13.148368835449219,0.21899032592773438,74.29012680053711,1.0953483581542969,2.3368148803710938,3.763580322265625,5.427249908447266,1
1789_0.73_0.64.png,46.45185089111328,0.9971615076065063,20.54945945739746,train_core,0,0.3075981140136719,0,46.45185089111328,58.58051300048828,46.73275375366211,120.0,0.00648790318518877,0.0008858240325935185,12.128662109375,0.2809028625488281,73.54814910888672,1.0778656005859375,2.2935943603515625,3.6805763244628906,5.279106140136719,1
178_0.59_1.89.png,37.04582595825195,0.9926210641860962,12.065788269042969,train_core,1,2.542400360107422,0,37.04582595825195,51.77910614013672,37.195858001708984,120.0,0.021968379616737366,0.0018964397022500634,14.733280181884766,0.15003204345703125,82.95417404174805,1.1152458190917969,2.386363983154297,3.8598175048828125,5.602256774902344,1
1790_0.66_1.46.png,43.288330078125,0.9964280128479004,15.710953712463379,train_core,2,0.6003913879394531,0,43.288330078125,55.66542053222656,43.556610107421875,120.0,0.009053219109773636,0.0012014586245641112,12.377090454101562,0.268280029296875,76.711669921875,1.0815238952636719,2.3026885986328125,3.698192596435547,5.3108978271484375,1
1791_0.92_1.26.png,40.7077751159668,0.9959739446640015,13.405681610107422,train_core,3,1.0654296875,0,40.7077751159668,54.840091705322266,40.88926315307617,120.0,0.012129673734307289,0.0012337822699919343,14.132316589355469,0.181488037109375,79.2922248840332,1.1063766479492188,2.3645668029785156,3.818206787109375,5.528190612792969,1
1792_0.62_1.77.png,42.42533874511719,0.9954500198364258,15.072115898132324,train_core,4,0.47739410400390625,0,42.42533874511719,54.899879455566406,42.68846893310547,120.0,0.010149860754609108,0.0013005058281123638,12.474540710449219,0.26313018798828125,77.57466125488281,1.0829200744628906,2.306201934814453,3.705078125,5.323486328125,1
1793_0.92_1.79.png,41.029354095458984,0.9898780584335327,8.201988220214844,train_core,0,0.8447074890136719,0,41.029354095458984,52.833282470703125,41.34756088256836,120.0,0.012548559345304966,0.0016264185542240739,11.80392837524414,0.318206787109375,78.97064590454102,1.071319580078125,2.277374267578125,3.64935302734375,5.223320007324219,1
1794_0.54_1.25.png,39.27770233154297,0.9958928823471069,14.783159255981445,train_core,1,0.4792938232421875,0,39.27770233154297,56.22203826904297,39.3734245300293,120.0,0.015146073885262012,0.0011745104566216469,16.9443359375,0.09572219848632812,80.72229766845703,1.1321182250976562,2.4287185668945312,3.9430923461914062,5.756801605224609,1
1795_0.99_1.84.png,39.79030227661133,0.9869367480278015,7.560557842254639,train_core,2,1.2907867431640625,0,39.79030227661133,52.22308349609375,40.06517791748047,120.0,0.014370580203831196,0.0017170874634757638,12.432781219482422,0.2748756408691406,80.20969772338867,1.0830764770507812,2.306407928466797,3.704986572265625,5.322231292724609,1
1796_0.93_0.58.png,46.79477310180664,0.9973863959312439,15.67478084564209,train_core,3,-0.9607467651367188,1,46.79477310180664,57.68903732299805,47.18213653564453,120.0,0.006218526978045702,0.0010043121874332428,10.894264221191406,0.3873634338378906,73.20522689819336,1.0510482788085938,2.2276573181152344,3.5550537109375,5.058467864990234,1
1797_0.62_0.78.png,50.764244079589844,0.9973554611206055,19.116456985473633,train_core,4,-0.9011764526367188,1,50.764244079589844,58.54225540161133,51.58432388305664,120.0,0.003715542610734701,0.0009163534850813448,7.778011322021484,0.8200798034667969,69.23575592041016,0.9405784606933594,1.9622001647949219,3.0663223266601562,4.241062164306641,1
1798_0.64_0.63.png,51.164329528808594,0.9974550604820251,20.382484436035156,train_core,0,-0.5590362548828125,1,51.164329528808594,59.0770149230957,51.955322265625,120.0,0.0036094465758651495,0.0008611665689386427,7.912685394287109,0.7909927368164062,68.8356704711914,0.9473762512207031,1.9782524108886719,3.0951004028320312,4.287410736083984,1
1799_0.93_0.72.png,48.87074279785156,0.996408224105835,15.447351455688477,train_core,1,-0.27170562744140625,1,48.87074279785156,57.610862731933594,49.52011489868164,120.0,0.004737560637295246,0.00098226813133806,8.740119934082031,0.6493721008300781,71.12925720214844,0.9824981689453125,2.061908721923828,3.2471580505371094,4.5368194580078125,1
17_0.55_1.91.png,38.01502990722656,0.9948469400405884,14.676543235778809,train_core,2,1.8528518676757812,0,38.01502990722656,48.719329833984375,38.403656005859375,120.0,0.017368676140904427,0.00247935950756073,10.704299926757812,0.3886260986328125,81.98497009277344,1.0477638244628906,2.219501495361328,3.539325714111328,5.030300140380859,1
1800_0.61_1.92.png,45.70240020751953,0.9939092397689819,13.220314025878906,train_core,3,0.2928352355957031,0,45.70240020751953,54.868019104003906,46.293800354003906,120.0,0.007102321367710829,0.0013367412611842155,9.165618896484375,0.591400146484375,74.29759979248047,0.9983634948730469,2.0999221801757812,3.3168106079101562,4.652412414550781,1
1802_0.98_0.53.png,42.077842712402344,0.9979350566864014,24.51788330078125,train_core,4,3.487335205078125,0,42.077842712402344,58.85247802734375,42.1805534362793,120.0,0.009738032706081867,0.0006838554400019348,16.774635314941406,0.10271072387695312,77.92215728759766,1.1317100524902344,2.4276962280273438,3.9410934448242188,5.753044128417969,1
1804_0.8_1.29.png,41.70704650878906,0.9969968795776367,21.145954132080078,train_core,0,2.858795166015625,0,41.70704650878906,56.701507568359375,41.85968780517578,120.0,0.00996005441993475,0.000916679622605443,14.994461059570312,0.15264129638671875,78.29295349121094,1.1174736022949219,2.391998291015625,3.8709564208984375,5.623069763183594,1
1805_0.66_1.14.png,48.370887756347656,0.9944751262664795,14.165266036987305,train_core,1,0.74945068359375,0,48.370887756347656,58.26663589477539,48.85616683959961,120.0,0.005466025322675705,0.001019841991364956,9.895748138427734,0.4852790832519531,71.62911224365234,1.02349853515625,2.1606101989746094,3.4292831420898438,4.842136383056641,1
1806_0.91_0.53.png,49.560935974121094,0.9955309629440308,16.600643157958984,train_core,2,-1.323150634765625,1,49.560935974121094,59.83269119262695,50.00251770019531,120.0,0.004531334154307842,0.0008340596687048674,10.27175521850586,0.44158172607421875,70.4390640258789,1.0348854064941406,2.1882705688476562,3.4809951782226562,4.930511474609375,1
1807_0.72_1.36.png,46.02996826171875,0.9926838278770447,12.1527681350708,train_core,3,1.1371841430664062,0,46.02996826171875,57.381126403808594,46.373390197753906,120.0,0.00711562717333436,0.0011170851066708565,11.351158142089844,0.34342193603515625,73.97003173828125,1.0617904663085938,2.254009246826172,3.604999542236328,5.1456298828125,1
1808_0.8_1.64.png,43.573360443115234,0.9898609519004822,9.99041748046875,train_core,4,1.6673774719238281,0,43.573360443115234,56.22737121582031,43.82782745361328,120.0,0.00923407357186079,0.0012557815061882138,12.654010772705078,0.2544670104980469,76.42663955688477,1.0869255065917969,2.3159942626953125,3.7235641479492188,5.355777740478516,1
1809_0.71_1.38.png,44.57721710205078,0.9938549399375916,13.680397033691406,train_core,0,0.9711265563964844,0,44.57721710205078,56.09215545654297,44.91173553466797,120.0,0.007191788405179977,0.0011665815254673362,11.514938354492188,0.3345184326171875,75.42278289794922,1.06597900390625,2.2642288208007812,3.624267578125,5.179065704345703,1
180_0.86_1.22.png,40.081790924072266,0.9930974841117859,13.270284652709961,train_core,1,2.2392425537109375,0,40.081790924072266,54.17615509033203,40.25535583496094,120.0,0.014800697565078735,0.001558012911118567,14.094364166259766,0.17356491088867188,79.91820907592773,1.1082954406738281,2.3689918518066406,3.8259010314941406,5.5400848388671875,1
1810_0.54_1.97.png,40.89585876464844,0.992576539516449,13.980265617370605,train_core,2,3.6590576171875,0,40.89585876464844,54.4390869140625,41.104522705078125,120.0,0.010757321491837502,0.0013630104949697852,13.543228149414062,0.2086639404296875,79.10414123535156,1.0998916625976562,2.3481903076171875,3.785808563232422,5.468013763427734,1
1812_0.63_1.78.png,43.92333984375,0.9929162859916687,13.209525108337402,train_core,3,1.4161758422851562,0,43.92333984375,55.12741470336914,44.284523010253906,120.0,0.007609064690768719,0.0012971957912668586,11.20407485961914,0.36118316650390625,76.07666015625,1.0587120056152344,2.2464065551757812,3.590473175048828,5.119937896728516,1
1813_0.71_0.7.png,47.642982482910156,0.9975482821464539,23.901702880859375,train_core,4,1.3270530700683594,0,47.642982482910156,59.16780090332031,47.975669860839844,120.0,0.005649530794471502,0.0007769349031150341,11.524818420410156,0.3326873779296875,72.35701751708984,1.0661201477050781,2.264617919921875,3.6251144409179688,5.180751800537109,1
1814_0.55_0.54.png,48.954872131347656,0.9980462789535522,28.6304874420166,train_core,0,0.2117462158203125,0,48.954872131347656,60.52605056762695,49.287086486816406,120.0,0.005019753705710173,0.0006723983678966761,11.571178436279297,0.33221435546875,71.04512786865234,1.0664825439453125,2.265605926513672,3.6272201538085938,5.184959411621094,1
1815_0.55_0.96.png,45.18251419067383,0.9974077939987183,23.95829200744629,train_core,1,1.0260658264160156,0,45.18251419067383,58.68402862548828,45.39487838745117,120.0,0.007543401792645454,0.0008148523047566414,13.501514434814453,0.21236419677734375,74.81748580932617,1.0999336242675781,2.3482704162597656,3.7858924865722656,5.467899322509766,1
1816_0.55_1.84.png,41.00769805908203,0.995326042175293,18.94063377380371,train_core,2,1.0721359252929688,0,41.00769805908203,56.27345657348633,41.15017318725586,120.0,0.01235040370374918,0.001044272561557591,15.265758514404297,0.14247512817382812,78.99230194091797,1.1198310852050781,2.3978729248046875,3.8824424743652344,5.644233703613281,1
1817_0.81_2.0.png,40.14887237548828,0.993971586227417,12.991888046264648,train_core,3,1.1341781616210938,0,40.14887237548828,53.828426361083984,40.351287841796875,120.0,0.014663073234260082,0.001466490444727242,13.679553985595703,0.20241546630859375,79.85112762451172,1.1014328002929688,2.352081298828125,3.7935256958007812,5.482330322265625,1
1818_0.7_1.19.png,43.11003875732422,0.9969955682754517,18.175617218017578,train_core,4,0.7170486450195312,0,43.11003875732422,56.40312576293945,43.33030700683594,120.0,0.010202792473137379,0.0011384758399799466,13.293087005615234,0.22026824951171875,76.88996124267578,1.0962448120117188,2.339214324951172,3.768627166748047,5.43731689453125,1
1819_0.84_1.22.png,43.2022705078125,0.9965006709098816,16.00421905517578,train_core,0,0.2465972900390625,0,43.2022705078125,55.8638916015625,43.45796585083008,120.0,0.009984091855585575,0.0011970651103183627,12.66162109375,0.2556953430175781,76.7977294921875,1.086212158203125,2.3143539428710938,3.7207489013671875,5.351463317871094,1
181_0.99_0.56.png,44.35212707519531,0.9991064071655273,17.331525802612305,train_core,1,0.6889801025390625,0,44.35212707519531,56.88699722290039,44.60327911376953,120.0,0.00840674713253975,0.0012502280296757817,12.534870147705078,0.25115203857421875,75.64787292480469,1.0861396789550781,2.313934326171875,3.7193069458007812,5.3473968505859375,1
1820_0.95_1.71.png,41.22264099121094,0.993884265422821,12.438663482666016,train_core,2,1.3978195190429688,0,41.22264099121094,53.84535217285156,41.4805793762207,120.0,0.01294704433530569,0.0014412110904231668,12.622711181640625,0.2579383850097656,78.77735900878906,1.0863761901855469,2.3146209716796875,3.7209434509277344,5.351070404052734,1
1821_0.98_1.57.png,40.265480041503906,0.9933596849441528,11.814886093139648,train_core,3,1.4810371398925781,0,40.265480041503906,54.00392532348633,40.46648406982422,120.0,0.013223345391452312,0.0013836066937074065,13.738445281982422,0.2010040283203125,79.7345199584961,1.1017646789550781,2.3530235290527344,3.7956085205078125,5.486743927001953,1
1822_0.51_1.51.png,45.70733642578125,0.9973591566085815,18.48293113708496,train_core,4,1.1396217346191406,0,45.70733642578125,55.9718017578125,46.15565872192383,120.0,0.006815445143729448,0.001140408799983561,10.26446533203125,0.4483222961425781,74.29266357421875,1.0345497131347656,2.1873931884765625,3.4792137145996094,4.927272796630859,1
1824_0.74_1.39.png,44.49440383911133,0.9963235259056091,15.59533977508545,train_core,0,1.1835670471191406,0,44.49440383911133,56.0597038269043,44.82358932495117,120.0,0.008686888962984085,0.001159093459136784,11.565299987792969,0.32918548583984375,75.50559616088867,1.0668754577636719,2.2664566040039062,3.628559112548828,5.186756134033203,1
1825_0.88_0.56.png,46.1330451965332,0.997569739818573,22.405643463134766,train_core,1,1.0509071350097656,0,46.1330451965332,59.58259582519531,46.345420837402344,120.0,0.0068016317673027515,0.0007128382567316294,13.44955062866211,0.21237564086914062,73.8669548034668,1.0997352600097656,2.347705841064453,3.7846298217773438,5.4652557373046875,1
1826_0.77_1.17.png,46.021759033203125,0.9961258769035339,18.335193634033203,train_core,2,0.8402481079101562,0,46.021759033203125,57.78772735595703,46.33562469482422,120.0,0.006984537933021784,0.0009163915528915823,11.765968322753906,0.31386566162109375,73.97824096679688,1.07135009765625,2.2774429321289062,3.64947509765625,5.223480224609375,1
1827_0.65_0.73.png,48.25597381591797,0.9978322982788086,23.605392456054688,train_core,3,-0.4966583251953125,1,48.25597381591797,59.84256362915039,48.57902145385742,120.0,0.005747352261096239,0.000729430525097996,11.586589813232422,0.3230476379394531,71.74402618408203,1.0676193237304688,2.2683029174804688,3.6321182250976562,5.1930389404296875,1
1828_0.64_1.8.png,42.498722076416016,0.9947680830955505,17.368751525878906,train_core,4,-0.0818023681640625,0,42.498722076416016,56.84592819213867,42.66664505004883,120.0,0.010939587838947773,0.001047419267706573,14.347206115722656,0.1679229736328125,77.50127792358398,1.1104087829589844,2.3743438720703125,3.8365211486816406,5.559993743896484,1
1829_0.55_1.16.png,45.54886245727539,0.9984290599822998,21.784208297729492,train_core,0,1.7142601013183594,0,45.54886245727539,57.37759017944336,45.8598518371582,120.0,0.007446626666933298,0.0008970419294200838,11.828727722167969,0.3109893798828125,74.45113754272461,1.0709266662597656,2.2765121459960938,3.6479949951171875,5.221698760986328,1
182_0.69_0.53.png,45.14333724975586,0.9993672370910645,21.891387939453125,train_core,1,2.0178604125976562,0,45.14333724975586,57.69839859008789,45.392704010009766,120.0,0.008726196363568306,0.0011416387278586626,12.555061340332031,0.24936676025390625,74.85666275024414,1.0865135192871094,2.3148460388183594,3.7210426330566406,5.3504791259765625,1
1830_0.88_1.27.png,42.238739013671875,0.9979037046432495,20.071937561035156,train_core,2,2.5144081115722656,0,42.238739013671875,56.827476501464844,42.401649475097656,120.0,0.009827415458858013,0.0009587573003955185,14.588737487792969,0.16291046142578125,77.76126098632812,1.1128883361816406,2.38055419921875,3.8487014770507812,5.582435607910156,1
1831_0.68_1.19.png,42.14400863647461,0.9981669783592224,22.1933536529541,train_core,3,3.4195938110351562,0,42.14400863647461,57.45838165283203,42.28168487548828,120.0,0.011141620576381683,0.0009141143527813256,15.314373016357422,0.13767623901367188,77.85599136352539,1.1199989318847656,2.3983421325683594,3.883472442626953,5.646308898925781,1
1832_0.97_0.84.png,44.07855224609375,0.9984742403030396,21.878639221191406,train_core,4,2.244495391845703,0,44.07855224609375,58.07320022583008,44.26465606689453,120.0,0.007862507365643978,0.0008261188049800694,13.994647979736328,0.18610382080078125,75.92144775390625,1.1061630249023438,2.3637924194335938,3.816059112548828,5.522773742675781,1
1833_0.88_1.83.png,37.43092727661133,0.9913653135299683,12.921253204345703,train_core,0,2.453815460205078,0,37.43092727661133,53.979644775390625,37.53908157348633,120.0,0.018166499212384224,0.0012070395750924945,16.548717498779297,0.108154296875,82.56907272338867,1.1303443908691406,2.4242324829101562,3.934192657470703,5.740032196044922,1
1834_0.54_1.06.png,45.388465881347656,0.9955634474754333,22.050460815429688,train_core,1,-0.3053436279296875,1,45.388465881347656,58.76228713989258,45.600074768066406,120.0,0.007550828158855438,0.0008344457019120455,13.373821258544922,0.21160888671875,74.61153411865234,1.0981025695800781,2.343738555908203,3.7771682739257812,5.452217102050781,1
1835_0.61_1.23.png,44.48068618774414,0.9951278567314148,19.867237091064453,train_core,2,0.6131591796875,0,44.48068618774414,58.11043167114258,44.68074417114258,120.0,0.008334185928106308,0.0008973530493676662,13.629745483398438,0.2000579833984375,75.51931381225586,1.1015434265136719,2.3522567749023438,3.7936439514160156,5.482044219970703,1
1836_0.78_1.32.png,43.26972198486328,0.9948099851608276,16.32802391052246,train_core,3,1.1710357666015625,0,43.26972198486328,56.94891357421875,43.4697151184082,120.0,0.009468105621635914,0.0009709740988910198,13.679191589355469,0.19999313354492188,76.73027801513672,1.10247802734375,2.3545761108398438,3.798065185546875,5.489894866943359,1
1837_0.87_1.88.png,40.798789978027344,0.9907253980636597,14.432048797607422,train_core,4,0.7101707458496094,0,40.798789978027344,53.86570739746094,41.02715301513672,120.0,0.011976726353168488,0.0013853111304342747,13.066917419433594,0.228363037109375,79.20121002197266,1.0934867858886719,2.3322677612304688,3.754985809326172,5.412242889404297,1
1839_0.54_0.82.png,47.72687530517578,0.9971998929977417,25.746444702148438,train_core,0,-0.5561904907226562,1,47.72687530517578,58.408897399902344,48.12779998779297,120.0,0.005866974126547575,0.0008814852335490286,10.682022094726562,0.4009246826171875,72.27312469482422,1.0459442138671875,2.2152748107910156,3.5318222045898438,5.018302917480469,1
183_0.77_0.99.png,42.87814712524414,0.9987742304801941,16.274593353271484,train_core,1,1.5553092956542969,0,42.87814712524414,54.91339111328125,43.16032409667969,120.0,0.010346793569624424,0.0015320904785767198,12.03524398803711,0.2821769714355469,77.12185287475586,1.0773162841796875,2.2921104431152344,3.6773757934570312,5.272571563720703,1
1841_0.64_1.79.png,42.69792175292969,0.9978033900260925,18.24646759033203,train_core,2,1.3953933715820312,0,42.69792175292969,54.917484283447266,42.98126983642578,120.0,0.010044931434094906,0.0012805646983906627,12.219562530517578,0.28334808349609375,77.30207824707031,1.0782623291015625,2.2946243286132812,3.6826744079589844,5.283336639404297,1
1842_0.88_0.62.png,47.735939025878906,0.9989964962005615,22.15542984008789,train_core,3,0.26302337646484375,0,47.735939025878906,58.24533462524414,48.152435302734375,120.0,0.005393389146775007,0.0008865761919878423,10.509395599365234,0.41649627685546875,72.2640609741211,1.0414924621582031,2.2043838500976562,3.5112991333007812,4.9827880859375,1
1843_0.68_1.88.png,42.19258117675781,0.9974896907806396,17.40655517578125,train_core,4,1.1879463195800781,0,42.19258117675781,54.549949645996094,42.46697235107422,120.0,0.010318382643163204,0.001324782962910831,12.357368469238281,0.27439117431640625,77.80741882324219,1.0806350708007812,2.300445556640625,3.693805694580078,5.303291320800781,1
1844_0.91_1.28.png,43.405513763427734,0.9975912570953369,16.59025001525879,train_core,0,1.0347709655761719,0,43.405513763427734,55.089439392089844,43.72260284423828,120.0,0.008676405996084213,0.0012024955358356237,11.68392562866211,0.3170890808105469,76.59448623657227,1.0686111450195312,2.2708511352539062,3.6373291015625,5.203075408935547,1
1845_0.7_1.35.png,42.37982177734375,0.9973659515380859,18.94590950012207,train_core,1,2.462310791015625,0,42.37982177734375,55.485816955566406,42.609649658203125,120.0,0.01072040293365717,0.0011094586225226521,13.105995178222656,0.229827880859375,77.62017822265625,1.0946731567382812,2.3351211547851562,3.7602806091308594,5.42132568359375,1
1846_0.88_1.38.png,41.007652282714844,0.9964709281921387,16.054302215576172,train_core,2,1.8889007568359375,0,41.007652282714844,54.41029357910156,41.22625732421875,120.0,0.010930705815553665,0.0012042316375300288,13.402641296386719,0.21860504150390625,78.99234771728516,1.0992202758789062,2.3464126586914062,3.7820968627929688,5.460578918457031,1
1848_0.98_1.11.png,40.48872375488281,0.9964894652366638,16.00128173828125,train_core,3,2.2821121215820312,0,40.48872375488281,54.95674133300781,40.65631103515625,120.0,0.011274679563939571,0.001130184275098145,14.468017578125,0.1675872802734375,79.51127624511719,1.11224365234375,2.3788986206054688,3.8453140258789062,5.575836181640625,1
1849_1.0_0.53.png,45.25139236450195,0.9984933733940125,19.04481315612793,train_core,4,1.0805244445800781,0,45.25139236450195,58.03360366821289,45.495304107666016,120.0,0.00720010232180357,0.0009418195113539696,12.782211303710938,0.2439117431640625,74.74860763549805,1.0896873474121094,2.3227882385253906,3.7365341186523438,5.378681182861328,1
184_0.81_1.03.png,41.8311653137207,0.9985660910606384,15.450695991516113,train_core,0,1.6585235595703125,0,41.8311653137207,54.39044189453125,42.08014678955078,120.0,0.011698683723807335,0.0016085166716948152,12.559276580810547,0.24898147583007812,78.1688346862793,1.0866241455078125,2.3151283264160156,3.7215919494628906,5.351459503173828,1
1850_0.69_0.59.png,48.61304473876953,0.9987584948539734,22.079364776611328,train_core,1,1.1035614013671875,0,48.61304473876953,58.683387756347656,49.08617401123047,120.0,0.005366470664739609,0.0009183818474411964,10.070343017578125,0.4731292724609375,71.38695526123047,1.0297508239746094,2.1757278442382812,3.4573593139648438,4.889656066894531,1
1852_0.7_0.65.png,47.60991668701172,0.9986710548400879,21.302335739135742,train_core,2,1.3902206420898438,0,47.60991668701172,58.319915771484375,48.0186767578125,120.0,0.0060920980758965015,0.000955738767515868,10.709999084472656,0.40876007080078125,72.39008331298828,1.0473251342773438,2.2185401916503906,3.5377578735351562,5.028106689453125,1
1853_0.9_0.88.png,48.03195571899414,0.9963750839233398,20.0670223236084,train_core,3,-0.3729438781738281,1,48.03195571899414,58.93510818481445,48.412742614746094,120.0,0.005094914231449366,0.0008350524003617465,10.903152465820312,0.3807868957519531,71.96804428100586,1.0516395568847656,2.229156494140625,3.557971954345703,5.063575744628906,1
1854_0.94_1.49.png,44.52573776245117,0.9933040142059326,15.639801979064941,train_core,4,0.1590728759765625,0,44.52573776245117,56.92947006225586,44.79331588745117,120.0,0.00745750218629837,0.0010569532169029117,12.403732299804688,0.267578125,75.47426223754883,1.0825881958007812,2.3052635192871094,3.702960968017578,5.319026947021484,1
1855_0.9_1.32.png,45.61923599243164,0.9946479797363281,16.926673889160156,train_core,0,-0.067138671875,0,45.61923599243164,57.599571228027344,45.914207458496094,120.0,0.0068599870428442955,0.0009886245243251324,11.980335235595703,0.2949714660644531,74.38076400756836,1.0748634338378906,2.2861862182617188,3.6664161682128906,5.254066467285156,1
1856_0.82_1.13.png,46.679080963134766,0.9959443807601929,18.953548431396484,train_core,1,0.06385421752929688,0,46.679080963134766,58.40998077392578,46.990478515625,120.0,0.006069736089557409,0.0008993344381451607,11.730899810791016,0.3113975524902344,73.32091903686523,1.0699462890625,2.274017333984375,3.64306640625,5.212604522705078,1
1857_0.87_1.23.png,44.052513122558594,0.9952521324157715,12.866094589233398,train_core,2,0.8599739074707031,0,44.052513122558594,56.12916564941406,44.33985900878906,120.0,0.008579189889132977,0.0012357494561001658,12.076652526855469,0.28734588623046875,75.9474868774414,1.0772857666015625,2.2920875549316406,3.6774826049804688,5.273216247558594,1
1858_0.94_0.69.png,46.05802917480469,0.9970248937606812,16.216718673706055,train_core,3,-0.370147705078125,1,46.05802917480469,57.956321716308594,46.357059478759766,120.0,0.006765470840036869,0.0010154113406315446,11.898292541503906,0.2990303039550781,73.94197082519531,1.0738906860351562,2.28375244140625,3.661632537841797,5.245227813720703,1
1859_0.73_1.32.png,43.954490661621094,0.995659351348877,14.152471542358398,train_core,4,0.9027481079101562,0,43.954490661621094,56.19007873535156,44.23570251464844,120.0,0.00854884646832943,0.0012279379880055785,12.235588073730469,0.28121185302734375,76.0455093383789,1.0800132751464844,2.298858642578125,3.6905593872070312,5.296669006347656,1
1860_0.77_1.07.png,45.2149543762207,0.9964088797569275,15.073452949523926,train_core,0,0.7454261779785156,0,45.2149543762207,56.90095901489258,45.5323486328125,120.0,0.007291782181710005,0.0011417922796681523,11.686004638671875,0.3173942565917969,74.7850456237793,1.069549560546875,2.2730484008789062,3.6411781311035156,5.209064483642578,1
1861_0.85_0.51.png,45.70979309082031,0.9982168078422546,21.328699111938477,train_core,1,0.23670578002929688,0,45.70979309082031,58.21045684814453,45.97027587890625,120.0,0.006326759699732065,0.000774534186348319,12.500663757324219,0.2604827880859375,74.29020690917969,1.0852088928222656,2.3116836547851562,3.715118408203125,5.340202331542969,1
1862_0.82_1.52.png,41.74744415283203,0.9947686195373535,14.019659042358398,train_core,2,-0.21596145629882812,1,41.74744415283203,54.10637283325195,42.01584243774414,120.0,0.010331237688660622,0.0012302226386964321,12.358928680419922,0.2683982849121094,78.25255584716797,1.082672119140625,2.305419921875,3.703105926513672,5.318817138671875,1
1863_0.77_1.16.png,44.278968811035156,0.9965970516204834,16.29210662841797,train_core,3,-0.1905059814453125,0,44.278968811035156,55.89252471923828,44.59865188598633,120.0,0.007943191565573215,0.0010479191550984979,11.613555908203125,0.3196830749511719,75.72103118896484,1.0684814453125,2.2703895568847656,3.636028289794922,5.199748992919922,1
1865_0.56_1.08.png,45.352455139160156,0.9987246990203857,25.790739059448242,train_core,4,0.7297744750976562,0,45.352455139160156,58.65579605102539,45.567115783691406,120.0,0.008078934624791145,0.0009141680784523487,13.303340911865234,0.21466064453125,74.64754486083984,1.0963897705078125,2.3395538330078125,3.7692031860351562,5.438179016113281,1
1866_0.53_1.34.png,45.682769775390625,0.9985641241073608,24.0982666015625,train_core,0,0.3721427917480469,0,45.682769775390625,58.3119010925293,45.93608474731445,120.0,0.007967168465256691,0.0009720262023620307,12.629131317138672,0.2533149719238281,74.31723022460938,1.08538818359375,2.3123817443847656,3.7170639038085938,5.345066070556641,1
1867_0.67_1.54.png,37.20063400268555,0.9976343512535095,21.38572883605957,train_core,1,3.7293128967285156,0,37.20063400268555,57.51594543457031,37.2436637878418,120.0,0.02010517194867134,0.0010440737241879106,20.315311431884766,0.04302978515625,82.79936599731445,1.1468696594238281,2.465991973876953,4.017139434814453,5.896553039550781,1
1868_0.87_0.58.png,41.17240524291992,0.9984011650085449,25.252838134765625,train_core,2,4.589542388916016,0,41.17240524291992,59.68280792236328,41.237457275390625,120.0,0.013783612288534641,0.0007623041165061295,18.51040267944336,0.06505203247070312,78.82759475708008,1.14080810546875,2.4506607055664062,3.9865760803222656,5.838497161865234,1
1869_0.54_1.64.png,44.53871154785156,0.9962854385375977,18.997055053710938,train_core,3,0.6727561950683594,0,44.53871154785156,55.88196563720703,44.878543853759766,120.0,0.008769502863287926,0.001203251420520246,11.343254089355469,0.3398323059082031,75.46128845214844,1.0623016357421875,2.2552337646484375,3.607227325439453,5.1492462158203125,1
186_0.61_0.89.png,37.89571762084961,0.9983905553817749,21.117942810058594,train_core,4,1.9613418579101562,0,37.89571762084961,54.968231201171875,37.981788635253906,120.0,0.018638476729393005,0.001445300062187016,17.072513580322266,0.08607101440429688,82.10428237915039,1.1338272094726562,2.4329910278320312,3.9514427185058594,5.7721710205078125,1
1871_0.8_1.86.png,40.081016540527344,0.9949023127555847,14.623202323913574,train_core,0,1.8984375,0,40.081016540527344,54.200801849365234,40.258384704589844,120.0,0.014975345693528652,0.0013690423220396042,14.11978530883789,0.1773681640625,79.91898345947266,1.108001708984375,2.3683547973632812,3.824859619140625,5.538673400878906,1
1872_0.94_1.17.png,41.412445068359375,0.9959771037101746,15.861311912536621,train_core,1,1.7775001525878906,0,41.412445068359375,55.35454177856445,41.596961975097656,120.0,0.012053622864186764,0.00118816748727113,13.942096710205078,0.18451690673828125,78.58755493164062,1.1058120727539062,2.3629150390625,3.8143157958984375,5.519527435302734,1
1873_0.81_1.59.png,40.144073486328125,0.9930846691131592,14.914257049560547,train_core,2,2.3394813537597656,0,40.144073486328125,54.69493865966797,40.30990982055664,120.0,0.013890187256038189,0.001234724186360836,14.550865173339844,0.16583633422851562,79.85592651367188,1.113250732421875,2.3813934326171875,3.8501434326171875,5.584587097167969,1
1874_0.85_0.87.png,42.85548782348633,0.9957044124603271,18.738914489746094,train_core,3,1.6015663146972656,0,42.85548782348633,56.7610969543457,43.04490661621094,120.0,0.010464855469763279,0.0009809512412175536,13.905609130859375,0.18941879272460938,77.14451217651367,1.1058273315429688,2.3628692626953125,3.8140487670898438,5.518627166748047,1
1875_0.95_0.91.png,41.670074462890625,0.9952518343925476,17.24247169494629,train_core,4,1.8115615844726562,0,41.670074462890625,56.10194396972656,41.83713912963867,120.0,0.011669772677123547,0.0010431575356051326,14.431869506835938,0.16706466674804688,78.32992553710938,1.1119461059570312,2.3781280517578125,3.8437957763671875,5.572990417480469,1
1876_0.97_1.69.png,39.561824798583984,0.9914981126785278,12.699090957641602,train_core,0,1.9479408264160156,0,39.561824798583984,53.62135314941406,39.742977142333984,120.0,0.014294485561549664,0.0013738604029640555,14.059528350830078,0.18115234375,80.43817520141602,1.1075782775878906,2.36724853515625,3.822612762451172,5.534324645996094,1
1877_0.68_1.05.png,44.0104866027832,0.9977792501449585,21.866701126098633,train_core,1,2.606372833251953,0,44.0104866027832,57.6229133605957,44.21127700805664,120.0,0.009742215275764465,0.0009317677468061447,13.6124267578125,0.2007904052734375,75.9895133972168,1.1016502380371094,2.352497100830078,3.7939682006835938,5.482330322265625,1
1878_0.54_0.67.png,45.93162536621094,0.9982392191886902,22.86333465576172,train_core,2,1.9682388305664062,0,45.93162536621094,59.21632385253906,46.147178649902344,120.0,0.007974982261657715,0.0007972649182192981,13.284698486328125,0.21555328369140625,74.06837463378906,1.0974540710449219,2.3420257568359375,3.7735748291015625,5.445159912109375,1
1879_0.88_1.72.png,38.90734100341797,0.9948663711547852,17.27655792236328,train_core,3,2.8959617614746094,0,38.90734100341797,53.841644287109375,39.053951263427734,120.0,0.016024131327867508,0.0013169521698728204,14.934303283691406,0.14661026000976562,81.09265899658203,1.1170158386230469,2.3908157348632812,3.868541717529297,5.618408203125,1
187_0.95_0.79.png,39.322532653808594,0.997694194316864,17.68287467956543,train_core,4,1.5922622680664062,0,39.322532653808594,54.811100006103516,39.44718551635742,120.0,0.015537980012595654,0.0014665448106825352,15.488567352294922,0.12465286254882812,80.6774673461914,1.1224288940429688,2.40435791015625,3.895050048828125,5.667201995849609,1
1880_0.85_1.19.png,42.03572082519531,0.9964346289634705,20.129077911376953,train_core,0,2.721172332763672,0,42.03572082519531,56.21601104736328,42.21086120605469,120.0,0.011484287679195404,0.001041468814946711,14.180290222167969,0.175140380859375,77.96427917480469,1.108734130859375,2.3701438903808594,3.8282928466796875,5.544849395751953,1
1881_0.99_1.74.png,37.24565505981445,0.9874786734580994,14.445947647094727,train_core,1,1.8386001586914062,0,37.24565505981445,53.18773651123047,37.3741340637207,120.0,0.016193812713027,0.0012504382757470012,15.942081451416016,0.12847900390625,82.75434494018555,1.1232872009277344,2.407032012939453,3.901519775390625,5.681880950927734,1
1882_0.84_1.36.png,43.37058639526367,0.9923454523086548,17.626792907714844,train_core,2,0.8369140625,0,43.37058639526367,55.52873611450195,43.65565490722656,120.0,0.00823250226676464,0.0010397552978247404,12.158149719238281,0.2850685119628906,76.62941360473633,1.0778007507324219,2.2935523986816406,3.6807479858398438,5.2799224853515625,1
1883_0.72_1.0.png,46.3216438293457,0.994598388671875,21.152057647705078,train_core,3,0.51995849609375,0,46.3216438293457,57.2086181640625,46.70262908935547,120.0,0.0063401139341294765,0.0008841307717375457,10.886974334716797,0.3809852600097656,73.6783561706543,1.0516777038574219,2.229145050048828,3.557697296142578,5.062599182128906,1
1884_0.78_0.61.png,47.95027160644531,0.9959161281585693,24.446279525756836,train_core,4,0.2498321533203125,0,47.95027160644531,58.79726028442383,48.33379364013672,120.0,0.005168176256120205,0.0007343148463405669,10.846988677978516,0.38352203369140625,72.04972839355469,1.0506362915039062,2.2266311645507812,3.553020477294922,5.0545806884765625,1
1885_0.54_0.83.png,47.586265563964844,0.9960422515869141,24.205917358398438,train_core,0,0.6917457580566406,0,47.586265563964844,59.43710708618164,47.88677978515625,120.0,0.005731447134166956,0.000723549397662282,11.850841522216797,0.30051422119140625,72.41373443603516,1.0731658935546875,2.2819137573242188,3.6579971313476562,5.2385406494140625,1
1886_0.89_1.66.png,41.450687408447266,0.9910902976989746,14.340555191040039,train_core,1,0.7058296203613281,0,41.450687408447266,54.275779724121094,41.69075393676758,120.0,0.010210205800831318,0.0011107738828286529,12.825092315673828,0.2400665283203125,78.54931259155273,1.0905914306640625,2.3249855041503906,3.7406539916992188,5.385837554931641,1
1887_0.6_1.79.png,43.37708282470703,0.9937176704406738,17.80978775024414,train_core,2,0.3673553466796875,0,43.37708282470703,56.10662078857422,43.62322998046875,120.0,0.00893250759691,0.0010093145538121462,12.729537963867188,0.24614715576171875,76.62291717529297,1.0888214111328125,2.320606231689453,3.7322540283203125,5.3708648681640625,1
1888_0.77_0.51.png,46.68762969970703,0.9965679049491882,24.390949249267578,train_core,3,1.22113037109375,0,46.68762969970703,59.84235763549805,46.90797424316406,120.0,0.005980041343718767,0.0006483425968326628,13.154727935791016,0.22034454345703125,73.31237030029297,1.0956268310546875,2.3374862670898438,3.76483154296875,5.429416656494141,1
1889_0.63_0.55.png,45.60401916503906,0.9993001222610474,32.54532241821289,train_core,4,0.1873931884765625,0,45.60401916503906,61.046836853027344,45.73640441894531,120.0,0.007445215713232756,0.0005991544458083808,15.442817687988281,0.13238525390625,74.39598083496094,1.121826171875,2.4028587341308594,3.8921890258789062,5.6620635986328125,1
1890_0.83_1.44.png,42.84574890136719,0.9984548091888428,21.109851837158203,train_core,0,-0.8222198486328125,1,42.84574890136719,57.183441162109375,43.01967239379883,120.0,0.010103544220328331,0.0009224686655215919,14.337692260742188,0.17392349243164062,77.15425109863281,1.1108016967773438,2.3752899169921875,3.8382415771484375,5.562812805175781,1
1891_0.57_1.79.png,41.44258499145508,0.9985541105270386,24.653629302978516,train_core,1,-0.4933815002441406,1,41.44258499145508,57.299861907958984,41.56087875366211,120.0,0.012879608199000359,0.0009447760530747473,15.857276916503906,0.11829376220703125,78.55741500854492,1.1252021789550781,2.4113121032714844,3.9087677001953125,5.692745208740234,1
1892_0.85_0.58.png,45.12610626220703,0.9991258382797241,27.97815704345703,train_core,2,0.08709335327148438,0,45.12610626220703,60.275482177734375,45.26998519897461,120.0,0.007678419817239046,0.0006469229119829834,15.149375915527344,0.14387893676757812,74.87389373779297,1.1192741394042969,2.3964614868164062,3.8796157836914062,5.638782501220703,1
1894_0.81_0.67.png,41.768333435058594,0.9988691210746765,23.818445205688477,train_core,3,3.0627059936523438,0,41.768333435058594,59.06855773925781,41.85533905029297,120.0,0.011644122190773487,0.0007530359434895217,17.30022430419922,0.087005615234375,78.2316665649414,1.1338653564453125,2.4331741333007812,3.9521102905273438,5.774383544921875,1
1895_0.9_1.62.png,32.40909194946289,0.9946009516716003,16.04775047302246,train_core,4,2.258769989013672,0,32.40909194946289,53.572574615478516,32.44926834106445,120.0,0.02870100922882557,0.0012578704627230763,21.163482666015625,0.0401763916015625,87.59090805053711,1.1477737426757812,2.4684791564941406,4.022666931152344,5.908412933349609,1
1897_0.5_0.84.png,44.388084411621094,0.9992684721946716,27.2018985748291,train_core,0,0.22332000732421875,0,44.388084411621094,57.96087646484375,44.59687805175781,120.0,0.006607299204915762,0.0009199744672514498,13.572792053222656,0.20879364013671875,75.6119155883789,1.0984344482421875,2.3450164794921875,3.7806358337402344,5.460697174072266,1
1898_0.84_0.98.png,43.799129486083984,0.9987537860870361,20.88161849975586,train_core,1,2.010486602783203,0,43.799129486083984,57.51774215698242,43.99279022216797,120.0,0.007296603638678789,0.0009874081006273627,13.718612670898438,0.19366073608398438,76.20087051391602,1.1029434204101562,2.3557777404785156,3.800506591796875,5.494499206542969,1
1899_0.89_1.0.png,42.71685028076172,0.9985997676849365,20.003952026367188,train_core,2,2.428791046142578,0,42.71685028076172,57.317195892333984,42.87399673461914,120.0,0.0083314785733819,0.0010031101992353797,14.600345611572266,0.15714645385742188,77.28314971923828,1.1133880615234375,2.3818130493164062,3.8511428833007812,5.586826324462891,1
189_0.84_0.86.png,41.66385269165039,0.9968932867050171,14.623254776000977,train_core,3,2.4622154235839844,0,41.66385269165039,58.232078552246094,41.761070251464844,120.0,0.013379484415054321,0.0009361529373563826,16.568225860595703,0.09721755981445312,78.33614730834961,1.130523681640625,2.424671173095703,3.935047149658203,5.741550445556641,1
18_0.55_1.6.png,39.728206634521484,0.9962013959884644,15.493622779846191,train_core,4,1.3836784362792969,0,39.728206634521484,51.01133728027344,40.06702423095703,120.0,0.014451109804213047,0.002055680612102151,11.283130645751953,0.3388175964355469,80.27179336547852,1.0616226196289062,2.253467559814453,3.603649139404297,5.1424560546875,1
1902_0.89_1.97.png,41.913536071777344,0.9950592517852783,15.759920120239258,train_core,0,1.2791557312011719,0,41.913536071777344,53.96259307861328,42.2032585144043,120.0,0.009773019701242447,0.0012758220545947552,12.049057006835938,0.2897224426269531,78.08646392822266,1.076904296875,2.2911224365234375,3.6756248474121094,5.26983642578125,1
1903_0.54_1.57.png,45.5110969543457,0.997061014175415,19.715763092041016,train_core,1,0.19583892822265625,0,45.5110969543457,56.03924560546875,45.94529724121094,120.0,0.006895249709486961,0.0010917482431977987,10.528148651123047,0.4342002868652344,74.4889030456543,1.0416526794433594,2.204723358154297,3.511829376220703,4.983497619628906,1
1904_0.58_0.8.png,47.520591735839844,0.9984196424484253,24.544544219970703,train_core,2,0.8643379211425781,0,47.520591735839844,58.441497802734375,47.911041259765625,120.0,0.005806604400277138,0.0008631867240183055,10.920906066894531,0.39044952392578125,72.47940826416016,1.0526924133300781,2.23162841796875,3.5623779296875,5.070655822753906,1
1905_0.76_1.8.png,42.81757354736328,0.995905876159668,17.655174255371094,train_core,3,-0.2023773193359375,1,42.81757354736328,55.80778503417969,43.04679870605469,120.0,0.010309510864317417,0.0011297090677544475,12.990211486816406,0.22922515869140625,77.18242645263672,1.0929489135742188,2.3308563232421875,3.7520675659179688,5.406551361083984,1
1906_0.74_1.79.png,42.80820846557617,0.996077299118042,17.957374572753906,train_core,4,-0.024791717529296875,0,42.80820846557617,55.891334533691406,43.031982421875,120.0,0.010229109786450863,0.0011244197376072407,13.083126068115234,0.22377395629882812,77.19179153442383,1.0943565368652344,2.334369659423828,3.7588653564453125,5.418800354003906,1
1907_0.86_1.3.png,44.027244567871094,0.9968910217285156,18.732221603393555,train_core,0,0.8858566284179688,0,44.027244567871094,56.60594177246094,44.282684326171875,120.0,0.00869552232325077,0.001034430111758411,12.578697204589844,0.25543975830078125,75.9727554321289,1.0852928161621094,2.3120994567871094,3.7163963317871094,5.343517303466797,1
1908_0.95_1.69.png,40.596622467041016,0.9942793846130371,15.898629188537598,train_core,1,1.7444343566894531,0,40.596622467041016,54.92733383178711,40.769840240478516,120.0,0.013184596784412861,0.0012089753290638328,14.330711364746094,0.1732177734375,79.40337753295898,1.1092643737792969,2.371673583984375,3.831836700439453,5.552532196044922,1
1909_0.97_1.74.png,34.53271484375,0.990975022315979,12.881003379821777,train_core,2,1.9165992736816406,0,34.53271484375,54.09500503540039,34.584861755371094,120.0,0.027771353721618652,0.0013275627279654145,19.56229019165039,0.05214691162109375,85.46728515625,1.14434814453125,2.4596595764160156,4.004642486572266,5.873069763183594,1
190_0.87_0.62.png,42.82051086425781,0.9973401427268982,17.01677703857422,train_core,3,2.8586044311523438,0,42.82051086425781,59.408775329589844,42.91728973388672,120.0,0.0105693144723773,0.0008171245572157204,16.58826446533203,0.09677886962890625,77.17948913574219,1.1306533813476562,2.424999237060547,3.9356842041015625,5.742740631103516,1
1910_0.72_1.03.png,41.43523406982422,0.997513473033905,20.070363998413086,train_core,4,2.0139617919921875,0,41.43523406982422,57.940006256103516,41.53785705566406,120.0,0.012210631743073463,0.0009312301990576088,16.504772186279297,0.10262298583984375,78.56476593017578,1.1296539306640625,2.422588348388672,3.9311599731445312,5.734809875488281,1
1911_0.96_1.13.png,37.946632385253906,0.995776891708374,15.704845428466797,train_core,0,1.309326171875,0,37.946632385253906,56.567378997802734,38.009918212890625,120.0,0.01968606375157833,0.001057205256074667,18.620746612548828,0.06328582763671875,82.0533676147461,1.1410331726074219,2.4512405395507812,3.9878311157226562,5.841094970703125,1
1912_1.0_0.84.png,40.01874542236328,0.9969503879547119,17.243637084960938,train_core,1,-0.6900978088378906,1,40.01874542236328,57.502559661865234,40.101924896240234,120.0,0.014457231387495995,0.0009506440255790949,17.483814239501953,0.08317947387695312,79.98125457763672,1.13494873046875,2.436054229736328,3.95806884765625,5.7858123779296875,1
1913_0.97_0.54.png,44.76186752319336,0.9991673827171326,26.279682159423828,train_core,2,2.2678260803222656,0,44.76186752319336,58.558441162109375,44.96095657348633,120.0,0.006198932882398367,0.0006771732587367296,13.796573638916016,0.19908905029296875,75.23813247680664,1.1044921875,2.359539031982422,3.8075485229492188,5.5067596435546875,1
1914_0.81_0.98.png,44.023319244384766,0.9989013075828552,25.193634033203125,train_core,3,2.460308074951172,0,44.023319244384766,57.412879943847656,44.24195098876953,120.0,0.007121920119971037,0.0008074716315604746,13.38956069946289,0.21863174438476562,75.97668075561523,1.0988807678222656,2.3455886840820312,3.7805519104003906,5.457881927490234,1
1915_0.83_1.95.png,39.4426155090332,0.9973893165588379,20.533723831176758,train_core,4,1.9632339477539062,0,39.4426155090332,53.18581008911133,39.65388488769531,120.0,0.010228347033262253,0.0011533863143995404,13.743194580078125,0.21126937866210938,80.5573844909668,1.1031761169433594,2.356365203857422,3.8016090393066406,5.496456146240234,1
1916_0.51_0.74.png,42.44586181640625,0.9990230798721313,26.07611083984375,train_core,0,-0.4950294494628906,1,42.44586181640625,58.320919036865234,42.57335662841797,120.0,0.009670088067650795,0.0007619276293553412,15.875057220458984,0.12749481201171875,77.55413818359375,1.1247024536132812,2.4102020263671875,3.9068641662597656,5.689853668212891,1
1918_0.65_0.95.png,48.376319885253906,0.9971201419830322,19.280054092407227,train_core,1,0.3439292907714844,0,48.376319885253906,58.467655181884766,48.83496856689453,120.0,0.005212648306041956,0.0009620842174626887,10.09133529663086,0.458648681640625,71.6236801147461,1.0300941467285156,2.1765594482421875,3.4589309692382812,4.892417907714844,1
1920_0.99_1.69.png,38.25492477416992,0.9876378774642944,10.429229736328125,train_core,2,2.183673858642578,0,38.25492477416992,54.60548782348633,38.363861083984375,120.0,0.017018426209688187,0.001366700860671699,16.350563049316406,0.10893630981445312,81.74507522583008,1.1286392211914062,2.4199790954589844,3.9259185791015625,5.724887847900391,1
1921_0.76_0.62.png,45.27466583251953,0.9982206225395203,23.871662139892578,train_core,3,1.950042724609375,0,45.27466583251953,58.10777282714844,45.51570510864258,120.0,0.008207486011087894,0.0008898309315554798,12.833106994628906,0.24103927612304688,74.72533416748047,1.0903244018554688,2.3243789672851562,3.7396316528320312,5.384361267089844,1
1922_0.97_1.88.png,40.14447021484375,0.9935864806175232,13.132322311401367,train_core,4,1.7489967346191406,0,40.14447021484375,53.16913604736328,40.373897552490234,120.0,0.013074234127998352,0.0014902870170772076,13.024665832519531,0.22942733764648438,79.85552978515625,1.0933456420898438,2.33184814453125,3.7540016174316406,5.410072326660156,1
1923_0.81_1.81.png,41.934226989746094,0.9954267740249634,15.676410675048828,train_core,0,1.6910018920898438,0,41.934226989746094,54.12499237060547,42.21515655517578,120.0,0.010969644412398338,0.0013633598573505878,12.190765380859375,0.2809295654296875,78.0657730102539,1.0792884826660156,2.2970733642578125,3.6871490478515625,5.290550231933594,1
1924_0.98_1.93.png,39.928306579589844,0.9929189085960388,12.84426498413086,train_core,1,1.7129974365234375,0,39.928306579589844,52.942256927490234,40.1585578918457,120.0,0.013017368502914906,0.0015203900402411819,13.01395034790039,0.23025131225585938,80.07169342041016,1.0930747985839844,2.3311843872070312,3.752765655517578,5.407924652099609,1
1925_0.83_1.92.png,32.337615966796875,0.9915701746940613,13.04010009765625,train_core,2,2.2594032287597656,0,32.337615966796875,49.46437072753906,32.427215576171875,120.0,0.027062950655817986,0.0020909004379063845,17.126754760742188,0.089599609375,87.66238403320312,1.1340217590332031,2.4334869384765625,3.9524383544921875,5.774074554443359,1
1926_0.82_0.54.png,42.977882385253906,0.9980783462524414,21.371028900146484,train_core,3,1.3743019104003906,0,42.977882385253906,56.2845458984375,43.191192626953125,120.0,0.00872042402625084,0.0010649909963831306,13.306663513183594,0.21331024169921875,77.0221176147461,1.0979385375976562,2.3432235717773438,3.7758712768554688,5.449245452880859,1
1927_0.78_0.54.png,43.86082458496094,0.9982701539993286,21.90533447265625,train_core,4,1.2492523193359375,0,43.86082458496094,56.518348693847656,44.109413146972656,120.0,0.00828260462731123,0.0010494800517335534,12.657524108886719,0.24858856201171875,76.13917541503906,1.0880165100097656,2.318572998046875,3.7282676696777344,5.3635406494140625,1
1929_0.88_1.23.png,38.378761291503906,0.9926173686981201,12.737717628479004,train_core,0,1.7851791381835938,0,38.378761291503906,53.40119934082031,38.5211296081543,120.0,0.016837291419506073,0.0014203296741470695,15.022438049316406,0.14236831665039062,81.6212387084961,1.1177787780761719,2.3927230834960938,3.872325897216797,5.625465393066406,1
192_0.61_1.48.png,38.09717559814453,0.9887043833732605,12.467055320739746,train_core,1,2.9595298767089844,0,38.09717559814453,56.31892776489258,38.16383361816406,120.0,0.019911667332053185,0.0011651002569124103,18.221752166748047,0.06665802001953125,81.90282440185547,1.1397552490234375,2.4479293823242188,3.981029510498047,5.8277435302734375,1
1930_0.6_1.26.png,43.24543380737305,0.9959246516227722,17.167600631713867,train_core,2,1.6425247192382812,0,43.24543380737305,54.96552276611328,43.555633544921875,120.0,0.009336287155747414,0.0012762818951159716,11.720088958740234,0.3101997375488281,76.75456619262695,1.0702896118164062,2.2748336791992188,3.644500732421875,5.214740753173828,1
1931_0.68_1.21.png,41.935203552246094,0.995353102684021,15.938220024108887,train_core,3,1.9934730529785156,0,41.935203552246094,54.69166564941406,42.17731857299805,120.0,0.011193657293915749,0.001286278828047216,12.756462097167969,0.24211502075195312,78.0647964477539,1.0891952514648438,2.3215255737304688,3.7340316772460938,5.37408447265625,1
1933_0.8_0.97.png,38.41466522216797,0.9958846569061279,15.69837760925293,train_core,4,2.3024520874023438,0,38.41466522216797,57.888427734375,38.46647644042969,120.0,0.01533967163413763,0.00092269666492939,19.47376251220703,0.05181121826171875,81.58533477783203,1.144805908203125,2.4606857299804688,4.006340026855469,5.875526428222656,1
1934_0.95_1.59.png,31.35390281677246,0.987952470779419,10.64470386505127,train_core,0,0.8510761260986328,0,31.35390281677246,54.125789642333984,31.379932403564453,120.0,0.02948427014052868,0.0012512081302702427,22.771886825561523,0.026029586791992188,88.64609718322754,1.1528034210205078,2.4809207916259766,4.046670913696289,5.952165603637695,1
1935_0.69_0.62.png,41.59321212768555,0.9976772665977478,20.621437072753906,train_core,1,2.698089599609375,0,41.59321212768555,59.983882904052734,41.658287048339844,120.0,0.010305510833859444,0.0007449088734574616,18.390670776367188,0.06507492065429688,78.40678787231445,1.1405448913574219,2.4499168395996094,3.9849777221679688,5.8351898193359375,1
1936_0.52_1.67.png,40.325618743896484,0.9957025051116943,16.57188606262207,train_core,2,2.5537071228027344,0,40.325618743896484,57.04048538208008,40.42485046386719,120.0,0.013587160035967827,0.0010524364188313484,16.714866638183594,0.09923171997070312,79.67438125610352,1.1309318542480469,2.425811767578125,3.937519073486328,5.746696472167969,1
1937_0.79_0.84.png,40.12792205810547,0.9928349256515503,16.818092346191406,train_core,3,2.3432350158691406,0,40.12792205810547,56.78199005126953,40.22787094116211,120.0,0.012858554720878601,0.0009951271349564195,16.654067993164062,0.09994888305664062,79.87207794189453,1.13092041015625,2.4257164001464844,3.93719482421875,5.745811462402344,1
1938_0.71_1.33.png,37.09760284423828,0.9896625280380249,14.918155670166016,train_core,4,3.505573272705078,0,37.09760284423828,54.6607666015625,37.17891311645508,120.0,0.019186262041330338,0.001232318114489317,17.56316375732422,0.08131027221679688,82.90239715576172,1.1364517211914062,2.439605712890625,3.9645767211914062,5.796905517578125,1
1939_0.93_1.32.png,34.22294235229492,0.9852861166000366,11.971818923950195,train_core,0,2.913249969482422,0,34.22294235229492,52.700218200683594,34.289390563964844,120.0,0.025895018130540848,0.0014396528713405132,18.477275848388672,0.06644821166992188,85.77705764770508,1.1409034729003906,2.4508323669433594,3.9868011474609375,5.8386688232421875,1
193_0.76_1.43.png,37.9420051574707,0.990773618221283,10.199886322021484,train_core,1,2.7563514709472656,0,37.9420051574707,53.083438873291016,38.0776481628418,120.0,0.018568027764558792,0.0016022427007555962,15.141433715820312,0.13564300537109375,82.0579948425293,1.1192169189453125,2.3963050842285156,3.8792762756347656,5.638088226318359,1
1940_0.93_0.78.png,38.26163864135742,0.9912829399108887,15.451404571533203,train_core,2,2.2933387756347656,0,38.26163864135742,55.85017776489258,38.342628479003906,120.0,0.017007380723953247,0.001056014676578343,17.588539123535156,0.08098983764648438,81.73836135864258,1.1365623474121094,2.439899444580078,3.9651718139648438,5.798057556152344,1
1941_0.75_1.0.png,41.003631591796875,0.9982924461364746,23.89263153076172,train_core,3,-0.2095794677734375,1,41.003631591796875,56.82007598876953,41.12709426879883,120.0,0.013244354166090488,0.0007539444486610591,15.816444396972656,0.12346267700195312,78.99636840820312,1.1249008178710938,2.4105758666992188,3.9073333740234375,5.6901092529296875,1
1942_0.89_0.67.png,43.840858459472656,0.9987048506736755,24.673215866088867,train_core,4,0.4303627014160156,0,43.840858459472656,57.70635223388672,44.03185272216797,120.0,0.00847384613007307,0.0006691782618872821,13.865493774414062,0.1909942626953125,76.15914154052734,1.1051292419433594,2.3611907958984375,3.810894012451172,5.513114929199219,1
1943_0.86_0.57.png,45.061363220214844,0.998931348323822,26.440275192260742,train_core,0,1.3105392456054688,0,45.061363220214844,58.67947006225586,45.262290954589844,120.0,0.007503582630306482,0.0006267614080570638,13.618106842041016,0.200927734375,74.93863677978516,1.1020240783691406,2.3534317016601562,3.795787811279297,5.485572814941406,1
1945_0.63_1.7.png,37.97266387939453,0.993398904800415,13.797758102416992,train_core,1,1.2969131469726562,0,37.97266387939453,51.74512481689453,38.171600341796875,120.0,0.017844904214143753,0.001766502857208252,13.7724609375,0.19893646240234375,82.02733612060547,1.1041259765625,2.358623504638672,3.8058013916015625,5.503612518310547,1
1947_0.91_1.85.png,36.96067810058594,0.9876201152801514,9.781991004943848,train_core,2,1.1291732788085938,0,36.96067810058594,49.937862396240234,37.192081451416016,120.0,0.019592545926570892,0.002128259977325797,12.977184295654297,0.23140335083007812,83.03932189941406,1.0930595397949219,2.3311080932617188,3.7524757385253906,5.407096862792969,1
1948_0.76_0.93.png,41.995948791503906,0.9959525465965271,15.934499740600586,train_core,3,0.7906875610351562,0,41.995948791503906,54.86228561401367,42.23615646362305,120.0,0.011280509643256664,0.001295774825848639,12.866336822509766,0.24020767211914062,78.0040512084961,1.0913200378417969,2.326793670654297,3.744140625,5.392082214355469,1
1949_0.69_0.72.png,40.51430130004883,0.9971035718917847,18.34194564819336,train_core,4,1.2169761657714844,0,40.51430130004883,55.62299728393555,40.65916061401367,120.0,0.012837999500334263,0.001153575605712831,15.108695983886719,0.14485931396484375,79.48569869995117,1.1188621520996094,2.395427703857422,3.8775787353515625,5.6350250244140625,1
194_0.82_0.6.png,43.59392166137695,0.9970331192016602,16.112674713134766,train_core,0,1.6085472106933594,0,43.59392166137695,56.202545166015625,43.839698791503906,120.0,0.009292726404964924,0.0011365582467988133,12.608623504638672,0.24577713012695312,76.40607833862305,1.0874061584472656,2.3170623779296875,3.7253036499023438,5.358104705810547,1
1951_0.53_1.59.png,36.14920425415039,0.9940906763076782,15.476603507995605,train_core,1,1.2158737182617188,0,36.14920425415039,52.35732650756836,36.26254653930664,120.0,0.022659823298454285,0.0016598161309957504,16.20812225341797,0.11334228515625,83.85079574584961,1.1279563903808594,2.418231964111328,3.9223556518554688,5.7179412841796875,1
1952_0.78_0.75.png,39.95096206665039,0.9964863061904907,16.703197479248047,train_core,2,1.3891258239746094,0,39.95096206665039,54.9752197265625,40.09820556640625,120.0,0.013607543893158436,0.0012197500327602029,15.02425765991211,0.14724349975585938,80.04903793334961,1.1180763244628906,2.3934707641601562,3.873737335205078,5.627952575683594,1
1954_0.97_1.98.png,38.02142333984375,0.993770956993103,14.36308479309082,train_core,3,1.3782157897949219,0,38.02142333984375,52.8072509765625,38.17108917236328,120.0,0.017645075917243958,0.0013862004270777106,14.78582763671875,0.14966583251953125,81.97857666015625,1.1156845092773438,2.387481689453125,3.862060546875,5.6064910888671875,1
1955_0.78_1.21.png,42.25937271118164,0.9975961446762085,20.709484100341797,train_core,4,0.3595619201660156,0,42.25937271118164,56.31782531738281,42.4364013671875,120.0,0.009951788932085037,0.0009836474200710654,14.058452606201172,0.17702865600585938,77.74062728881836,1.1076850891113281,2.3674964904785156,3.8230438232421875,5.535026550292969,1
1956_0.99_1.4.png,39.961849212646484,0.9957965612411499,16.381805419921875,train_core,0,0.7249908447265625,0,39.961849212646484,54.249305725097656,40.131439208984375,120.0,0.01414025854319334,0.0011797387851402164,14.287456512451172,0.16958999633789062,80.03815078735352,1.1103134155273438,2.3740768432617188,3.8359031677246094,5.558574676513672,1
1957_0.81_1.41.png,38.246009826660156,0.995751142501831,15.098830223083496,train_core,1,1.3697319030761719,0,38.246009826660156,52.946495056152344,38.402095794677734,120.0,0.014908459968864918,0.001600731280632317,14.700485229492188,0.15608596801757812,81.75399017333984,1.1137275695800781,2.3828201293945312,3.8534278869628906,5.591693878173828,1
1958_0.87_1.08.png,39.03657913208008,0.9964584708213806,15.860568046569824,train_core,2,0.7821006774902344,0,39.03657913208008,54.02574157714844,39.183448791503906,120.0,0.01336880587041378,0.0014106995658949018,14.98916244506836,0.14686965942382812,80.96342086791992,1.1162834167480469,2.389270782470703,3.8661842346191406,5.615474700927734,1
1959_0.72_1.33.png,40.791343688964844,0.9970283508300781,16.83041763305664,train_core,3,1.0733375549316406,0,40.791343688964844,53.79841232299805,41.02157974243164,120.0,0.012448664754629135,0.0014893878251314163,13.007068634033203,0.23023605346679688,79.20865631103516,1.0928573608398438,2.3307418823242188,3.7520675659179688,5.406951904296875,1
195_0.71_1.76.png,36.6052360534668,0.987848162651062,9.103419303894043,train_core,4,1.869964599609375,0,36.6052360534668,52.04438018798828,36.73159408569336,120.0,0.02207215130329132,0.0017582756699994206,15.439144134521484,0.1263580322265625,83.3947639465332,1.1219139099121094,2.4030609130859375,3.8925094604492188,5.662525177001953,1
1960_0.8_0.62.png,42.955238342285156,0.9984061121940613,20.851776123046875,train_core,0,0.1259613037109375,0,42.955238342285156,56.94191360473633,43.138484954833984,120.0,0.008676543831825256,0.001071418751962483,13.986675262451172,0.18324661254882812,77.04476165771484,1.1056938171386719,2.3627548217773438,3.814319610595703,5.520172119140625,1
1961_0.5_1.16.png,43.14982604980469,0.9971950054168701,19.58986473083496,train_core,1,0.7426185607910156,0,43.14982604980469,54.65434646606445,43.48381805419922,120.0,0.010149937123060226,0.0013407777296379209,11.504520416259766,0.33399200439453125,76.85017395019531,1.0664215087890625,2.265289306640625,3.626190185546875,5.182193756103516,1
1962_0.63_1.11.png,42.023677825927734,0.9967824816703796,18.817903518676758,train_core,2,1.9060897827148438,0,42.023677825927734,54.735469818115234,42.2763786315918,120.0,0.01201443001627922,0.0013413914712145925,12.7117919921875,0.2527008056640625,77.97632217407227,1.0889816284179688,2.3209800720214844,3.7328948974609375,5.371807098388672,1
1963_0.67_1.85.png,38.846221923828125,0.9941143989562988,14.991827964782715,train_core,3,1.9631271362304688,0,38.846221923828125,51.82633972167969,39.079833984375,120.0,0.016935842111706734,0.0018057917477563024,12.980117797851562,0.233612060546875,81.15377807617188,1.0930938720703125,2.3311843872070312,3.7526168823242188,5.4073333740234375,1
1964_0.6_0.61.png,45.28510284423828,0.9981379508972168,23.514446258544922,train_core,4,1.6432723999023438,0,45.28510284423828,57.18497848510742,45.590599060058594,120.0,0.008222104981541634,0.0010513216257095337,11.89987564086914,0.3054962158203125,74.71489715576172,1.0746002197265625,2.285411834716797,3.6645889282226562,5.249950408935547,1
1966_0.52_1.48.png,42.14545440673828,0.9975654482841492,18.86594009399414,train_core,0,-0.15143203735351562,0,42.14545440673828,52.814796447753906,42.548004150390625,120.0,0.010408222675323486,0.001594277680851519,10.669342041015625,0.40254974365234375,77.85454559326172,1.0465011596679688,2.21649169921875,3.5337867736816406,5.020988464355469,1
1967_0.84_0.81.png,41.63817596435547,0.9976953268051147,18.069456100463867,train_core,1,1.0236053466796875,0,41.63817596435547,54.1761589050293,41.890541076660156,120.0,0.010608280077576637,0.0013358235592022538,12.537982940673828,0.2523651123046875,78.36182403564453,1.0860557556152344,2.313739776611328,3.718975067138672,5.346916198730469,1
1968_0.54_0.91.png,44.46883773803711,0.9986625909805298,21.927621841430664,train_core,2,0.35271453857421875,0,44.46883773803711,55.278053283691406,44.855899810791016,120.0,0.007667036727070808,0.0012559208553284407,10.809215545654297,0.38706207275390625,75.53116226196289,1.0500144958496094,2.22509765625,3.5500755310058594,5.049343109130859,1
1969_0.52_1.0.png,41.916725158691406,0.9968136548995972,20.11747169494629,train_core,3,1.8468894958496094,0,41.916725158691406,54.90512466430664,42.14923858642578,120.0,0.012335266917943954,0.0012266134144738317,12.988399505615234,0.232513427734375,78.0832748413086,1.0923690795898438,2.3294906616210938,3.749603271484375,5.402519226074219,1
196_0.8_0.88.png,40.85689926147461,0.995811402797699,13.373908042907715,train_core,4,2.178295135498047,0,40.85689926147461,54.86040115356445,41.033775329589844,120.0,0.013032203540205956,0.001294056768529117,14.003501892089844,0.17687606811523438,79.14310073852539,1.1071739196777344,2.3662109375,3.820476531982422,5.5301971435546875,1
1971_0.99_1.02.png,37.78076171875,0.9916595816612244,12.175065040588379,train_core,0,1.3493843078613281,0,37.78076171875,51.66891098022461,37.96683883666992,120.0,0.01834077388048172,0.0015800460241734982,13.88814926147461,0.18607711791992188,82.21923828125,1.1055526733398438,2.362171173095703,3.8126678466796875,5.5160675048828125,1
1972_0.6_0.84.png,41.82049560546875,0.9969140887260437,20.364421844482422,train_core,1,1.6714630126953125,0,41.82049560546875,55.32305145263672,42.02544403076172,120.0,0.01243605837225914,0.001150402706116438,13.502555847167969,0.20494842529296875,78.17950439453125,1.1004219055175781,2.3494110107421875,3.7879180908203125,5.471183776855469,1
1973_0.82_0.7.png,42.7481803894043,0.9982583522796631,19.568756103515625,train_core,2,0.5962982177734375,0,42.7481803894043,57.033912658691406,42.92013168334961,120.0,0.010000341571867466,0.0009855786338448524,14.28573226928711,0.1719512939453125,77.2518196105957,1.1088905334472656,2.370685577392578,3.8297119140625,5.548347473144531,1
1975_0.78_0.62.png,44.49281692504883,0.998650312423706,21.148387908935547,train_core,3,0.5932731628417969,0,44.49281692504883,57.82001495361328,44.70732879638672,120.0,0.008401072584092617,0.0009257884230464697,13.327198028564453,0.21451187133789062,75.50718307495117,1.0970726013183594,2.341197967529297,3.772327423095703,5.443778991699219,1
1976_0.53_0.82.png,45.72517395019531,0.99882972240448,21.530284881591797,train_core,4,-0.16012191772460938,0,45.72517395019531,57.5144157409668,46.04137420654297,120.0,0.007363305892795324,0.0009845609311014414,11.789241790771484,0.31620025634765625,74.27482604980469,1.0703620910644531,2.275318145751953,3.6460952758789062,5.218955993652344,1
1977_0.65_1.98.png,37.701114654541016,0.9946023225784302,18.057510375976562,train_core,0,1.9918479919433594,0,37.701114654541016,53.19103240966797,37.83462142944336,120.0,0.019426701590418816,0.0014984147856011987,15.489917755126953,0.13350677490234375,82.29888534545898,1.1222572326660156,2.4039459228515625,3.894298553466797,5.665931701660156,1
1978_0.82_1.0.png,39.758575439453125,0.9964873194694519,19.933467864990234,train_core,1,1.0578994750976562,0,39.758575439453125,55.3585205078125,39.88560485839844,120.0,0.014669343829154968,0.0011663691839203238,15.599945068359375,0.1270294189453125,80.24142456054688,1.1231155395507812,2.4061126708984375,3.8986053466796875,5.674007415771484,1
1979_0.6_0.93.png,43.663124084472656,0.9982602000236511,24.047138214111328,train_core,2,0.9511260986328125,0,43.663124084472656,57.191471099853516,43.870323181152344,120.0,0.009596675634384155,0.0010253620566800237,13.52834701538086,0.2071990966796875,76.33687591552734,1.1009025573730469,2.3506126403808594,3.790252685546875,5.4753875732421875,1
197_0.75_0.75.png,42.064208984375,0.9993321299552917,24.108123779296875,train_core,3,2.1190185546875,0,42.064208984375,54.326080322265625,42.330291748046875,120.0,0.011557260528206825,0.0015508165815845132,12.261871337890625,0.266082763671875,77.935791015625,1.081573486328125,2.3026084899902344,3.6975059509277344,5.308357238769531,1
1980_0.66_1.45.png,39.09440994262695,0.9963499903678894,19.953414916992188,train_core,4,2.0612144470214844,0,39.09440994262695,54.69603729248047,39.224395751953125,120.0,0.01676141656935215,0.0012813458452001214,15.601627349853516,0.12998580932617188,80.90559005737305,1.1232032775878906,2.406322479248047,3.8989639282226562,5.674591064453125,1
1981_0.66_1.25.png,42.56475067138672,0.996620774269104,17.887475967407227,train_core,0,1.3302650451660156,0,42.56475067138672,55.225059509277344,42.82500457763672,120.0,0.01062572468072176,0.0012220441130921245,12.660308837890625,0.26025390625,77.43524932861328,1.0845985412597656,2.31085205078125,3.714996337890625,5.3430938720703125,1
1982_0.99_1.89.png,36.493682861328125,0.9882520437240601,10.80374813079834,train_core,1,1.4315986633300781,0,36.493682861328125,50.52467727661133,36.68096160888672,120.0,0.020670929923653603,0.0019028180977329612,14.030994415283203,0.18727874755859375,83.50631713867188,1.1050910949707031,2.361480712890625,3.8123703002929688,5.517765045166016,1
1983_0.87_1.51.png,39.1772346496582,0.9933220744132996,13.590272903442383,train_core,2,1.64971923828125,0,39.1772346496582,52.66440963745117,39.389076232910156,120.0,0.01529490202665329,0.0015289228176698089,13.487174987792969,0.21184158325195312,80.8227653503418,1.0978775024414062,2.343585968017578,3.7777671813964844,5.455196380615234,1
1984_0.63_0.55.png,46.89769744873047,0.9986531138420105,24.63088035583496,train_core,3,0.7622947692871094,0,46.89769744873047,58.57073974609375,47.22702407836914,120.0,0.006336013320833445,0.0008630750817246735,11.673042297363281,0.3293266296386719,73.10230255126953,1.0653495788574219,2.263568878173828,3.624950408935547,5.184177398681641,1
1985_0.57_1.93.png,40.89802169799805,0.99700927734375,19.349529266357422,train_core,4,1.6862640380859375,0,40.89802169799805,54.92510223388672,41.079383850097656,120.0,0.013702715747058392,0.001286588842049241,14.027080535888672,0.18136215209960938,79.10197830200195,1.1071586608886719,2.366191864013672,3.8204994201660156,5.530391693115234,1
1986_0.78_0.65.png,42.399383544921875,0.9987001419067383,23.614023208618164,train_core,0,1.6173171997070312,0,42.399383544921875,58.479209899902344,42.511749267578125,120.0,0.01083085872232914,0.0008455808274447918,16.07982635498047,0.11236572265625,77.60061645507812,1.1265754699707031,2.4148597717285156,3.9159584045410156,5.706550598144531,1
1987_0.88_0.57.png,41.234619140625,0.9984925985336304,22.648876190185547,train_core,1,1.2349052429199219,0,41.234619140625,58.406494140625,41.323951721191406,120.0,0.011790718883275986,0.0008402483654208481,17.171875,0.08933258056640625,78.765380859375,1.1335296630859375,2.4324073791503906,3.9506797790527344,5.771614074707031,1
1988_0.94_1.22.png,36.4779167175293,0.9957031011581421,16.15461540222168,train_core,2,1.7846336364746094,0,36.4779167175293,54.95349884033203,36.54359436035156,120.0,0.020751867443323135,0.0011798777850344777,18.475582122802734,0.06567764282226562,83.5220832824707,1.1404609680175781,2.4498023986816406,3.9849586486816406,5.835639953613281,1
1989_0.63_0.82.png,43.42613983154297,0.9974716901779175,19.32550048828125,train_core,3,1.5116806030273438,0,43.42613983154297,55.598297119140625,43.70789337158203,120.0,0.010423805564641953,0.0012469453504309058,12.172157287597656,0.2817535400390625,76.57386016845703,1.0794181823730469,2.2973175048828125,3.6874008178710938,5.290550231933594,1
198_0.7_0.56.png,43.552757263183594,0.9995312690734863,26.929309844970703,train_core,4,1.6800880432128906,0,43.552757263183594,55.50817108154297,43.83894348144531,120.0,0.009700615890324116,0.0013906871899962425,11.955413818359375,0.28618621826171875,76.4472427368164,1.0759048461914062,2.2886085510253906,3.670654296875,5.260589599609375,1
1990_0.97_0.51.png,43.39582443237305,0.9973093867301941,18.139135360717773,train_core,0,0.3019676208496094,0,43.39582443237305,56.16349792480469,43.636287689208984,120.0,0.009126772172749043,0.0011216552229598165,12.76767349243164,0.2404632568359375,76.60417556762695,1.0895919799804688,2.3225364685058594,3.736011505126953,5.377666473388672,1
1991_0.91_1.49.png,37.534141540527344,0.9907028079032898,11.83767318725586,train_core,1,1.6862258911132812,0,37.534141540527344,51.11213302612305,37.734039306640625,120.0,0.019346343353390694,0.0018975945422425866,13.577991485595703,0.19989776611328125,82.46585845947266,1.1016120910644531,2.3523712158203125,3.793659210205078,5.481544494628906,1
1992_0.81_1.62.png,36.87788009643555,0.9913451075553894,12.99246597290039,train_core,2,1.9498558044433594,0,36.87788009643555,50.9876708984375,37.05548858642578,120.0,0.021519314497709274,0.0019254953367635608,14.109790802001953,0.17760848999023438,83.12211990356445,1.1082496643066406,2.3689002990722656,3.8257484436035156,5.539894104003906,1
1993_0.81_1.9.png,38.3980598449707,0.99140465259552,13.061575889587402,train_core,3,1.4612464904785156,0,38.3980598449707,52.63400650024414,38.57109069824219,120.0,0.016824163496494293,0.001637434703297913,14.235946655273438,0.17303085327148438,81.6019401550293,1.1097335815429688,2.3726043701171875,3.833026885986328,5.553310394287109,1
1995_0.89_1.88.png,36.887351989746094,0.9891643524169922,11.988117218017578,train_core,4,1.5904273986816406,0,36.887351989746094,52.03810119628906,37.026344299316406,120.0,0.019425902515649796,0.0017201901646330953,15.150749206542969,0.1389923095703125,83.1126480102539,1.1191596984863281,2.3962020874023438,3.879150390625,5.638053894042969,1
1996_0.77_1.8.png,39.31538009643555,0.9929364919662476,13.984770774841309,train_core,0,1.4758033752441406,0,39.31538009643555,53.33992385864258,39.496315002441406,120.0,0.014989451505243778,0.0015373335918411613,14.024543762207031,0.18093490600585938,80.68461990356445,1.1072349548339844,2.3663902282714844,3.8209304809570312,5.531227111816406,1
1997_0.71_1.74.png,36.478248596191406,0.9917581081390381,15.571643829345703,train_core,1,2.6410560607910156,0,36.478248596191406,52.37153625488281,36.596248626708984,120.0,0.020701659843325615,0.0015813541831448674,15.893287658691406,0.11800003051757812,83.5217514038086,1.1254425048828125,2.4119415283203125,3.9100074768066406,5.695068359375,1
1998_0.9_0.95.png,37.790374755859375,0.9946320056915283,16.682846069335938,train_core,2,1.9135284423828125,0,37.790374755859375,54.61544418334961,37.88361358642578,120.0,0.016414567828178406,0.001236621174030006,16.825069427490234,0.09323883056640625,82.20962524414062,1.1320991516113281,2.428668975830078,3.9429855346679688,5.756523132324219,1
19_0.89_1.64.png,35.644474029541016,0.9913541078567505,10.637128829956055,train_core,3,1.3561134338378906,0,35.644474029541016,48.741859436035156,35.866294860839844,120.0,0.021148473024368286,0.0024965659249573946,13.09738540649414,0.22182083129882812,84.35552597045898,1.0949478149414062,2.335765838623047,3.76141357421875,5.423038482666016,1
1_0.68_0.66.png,34.69586944580078,0.9962854385375977,22.22477912902832,train_core,4,3.5783309936523438,0,34.69586944580078,55.28361892700195,34.733970642089844,120.0,0.02915891632437706,0.0013902724022045732,20.587749481201172,0.0381011962890625,85.30413055419922,1.1482429504394531,2.4693679809570312,4.023624420166016,5.90826416015625,1
2000_0.86_0.62.png,40.884185791015625,0.9972662925720215,20.347166061401367,train_core,0,1.3966789245605469,0,40.884185791015625,56.68830490112305,41.00184631347656,120.0,0.011805119924247265,0.00100713933352381,15.804119110107422,0.1176605224609375,79.11581420898438,1.1247901916503906,2.410308837890625,3.9068450927734375,5.68927001953125,1
2001_0.55_1.42.png,44.96122741699219,0.9986947774887085,22.515050888061523,train_core,1,0.8300018310546875,0,44.96122741699219,56.31980895996094,45.302772521972656,120.0,0.007755680941045284,0.0010339320870116353,11.35858154296875,0.34154510498046875,75.03877258300781,1.0626335144042969,2.256011962890625,3.608642578125,5.151588439941406,1
2003_0.64_1.33.png,45.20072937011719,0.9986439943313599,21.900236129760742,train_core,2,1.1100311279296875,0,45.20072937011719,56.5474853515625,45.546897888183594,120.0,0.007359297014772892,0.001020784373395145,11.346755981445312,0.34616851806640625,74.79927062988281,1.0626983642578125,2.2561569213867188,3.608856201171875,5.151828765869141,1
2004_0.95_1.57.png,41.55793762207031,0.997299313545227,16.324068069458008,train_core,3,1.2467193603515625,0,41.55793762207031,54.555274963378906,41.790283203125,120.0,0.011160608381032944,0.0011946624144911766,12.997337341308594,0.2323455810546875,78.44206237792969,1.0927734375,2.3304824829101562,3.751506805419922,5.405830383300781,1
2005_0.64_1.62.png,39.83430480957031,0.9969670176506042,16.035005569458008,train_core,4,1.6051254272460938,0,39.83430480957031,53.63956832885742,40.026031494140625,120.0,0.015756046399474144,0.0013656631344929338,13.80526351928711,0.1917266845703125,80.16569519042969,1.1044883728027344,2.3595199584960938,3.8075027465820312,5.5066375732421875,1
2006_0.91_1.19.png,42.01837158203125,0.9966996908187866,14.246687889099121,train_core,0,0.8221893310546875,0,42.01837158203125,54.144168853759766,42.302330017089844,120.0,0.010507052764296532,0.001261183642782271,12.125797271728516,0.28395843505859375,77.98162841796875,1.0786056518554688,2.2953262329101562,3.683624267578125,5.283897399902344,1
2007_0.61_1.26.png,41.89495086669922,0.9978489875793457,17.89207649230957,train_core,1,0.9402389526367188,0,41.89495086669922,54.90836715698242,42.12446594238281,120.0,0.012418804690241814,0.0012012863298878074,13.013416290283203,0.22951507568359375,78.10504913330078,1.0935401916503906,2.3322830200195312,3.7547149658203125,5.411037445068359,1
2008_0.92_1.41.png,40.351139068603516,0.9958041906356812,13.002157211303711,train_core,2,0.926727294921875,0,40.351139068603516,53.06925964355469,40.599937438964844,120.0,0.013327764347195625,0.0013939229538664222,12.718120574951172,0.24879837036132812,79.64886093139648,1.0887374877929688,2.3204002380371094,3.731830596923828,5.370033264160156,1
2009_0.82_1.34.png,38.65701675415039,0.9945289492607117,12.479602813720703,train_core,3,2.4253616333007812,0,38.65701675415039,53.089717864990234,38.826087951660156,120.0,0.015590582974255085,0.0016243321588262916,14.432701110839844,0.16907119750976562,81.34298324584961,1.1118545532226562,2.3778953552246094,3.8433074951171875,5.5720672607421875,1
200_0.88_0.55.png,43.11994552612305,0.9994287490844727,24.34410285949707,train_core,4,1.2203559875488281,0,43.11994552612305,55.426639556884766,43.38324737548828,120.0,0.010142316110432148,0.001384136383421719,12.306694030761719,0.2633018493652344,76.88005447387695,1.082366943359375,2.304576873779297,3.7012863159179688,5.315105438232422,1
2010_0.89_1.17.png,37.849822998046875,0.9947366714477539,12.554407119750977,train_core,0,2.3640899658203125,0,37.849822998046875,53.471866607666016,37.976871490478516,120.0,0.016841169446706772,0.0015450321370735765,15.62204360961914,0.12704849243164062,82.15017700195312,1.1233177185058594,2.406597137451172,3.899486541748047,5.675529479980469,1
2011_0.66_1.68.png,38.5625114440918,0.9939112067222595,13.108970642089844,train_core,1,1.0733604431152344,0,38.5625114440918,52.454261779785156,38.75432586669922,120.0,0.016766617074608803,0.0017629127250984311,13.89175033569336,0.19181442260742188,81.4374885559082,1.105377197265625,2.36175537109375,3.8119049072265625,5.514793395996094,1
2013_1.0_1.78.png,38.50154113769531,0.9835559129714966,9.828242301940918,train_core,2,1.4262046813964844,0,38.50154113769531,53.478904724121094,38.65350341796875,120.0,0.01428285613656044,0.0013885946245864034,14.977363586425781,0.1519622802734375,81.49845886230469,1.1156997680664062,2.3878021240234375,3.863414764404297,5.6106719970703125,1
2014_0.87_1.73.png,41.64470672607422,0.9891158938407898,11.484344482421875,train_core,3,1.3078536987304688,0,41.64470672607422,54.59080123901367,41.88878631591797,120.0,0.009687970392405987,0.001285688136704266,12.946094512939453,0.24407958984375,78.35529327392578,1.0914802551269531,2.3273277282714844,3.7455673217773438,5.3955230712890625,1
2015_0.63_0.9.png,47.509037017822266,0.9972740411758423,18.865123748779297,train_core,4,1.2816696166992188,0,47.509037017822266,58.489166259765625,47.884490966796875,120.0,0.005836067255586386,0.0009042950696311891,10.98012924194336,0.3754539489746094,72.49096298217773,1.0525093078613281,2.231426239013672,3.562580108642578,5.072246551513672,1
2016_0.66_1.25.png,46.211875915527344,0.9957499504089355,16.28206443786621,train_core,0,1.6719551086425781,0,46.211875915527344,57.25847625732422,46.58277893066406,120.0,0.006637691054493189,0.0010295616229996085,11.046600341796875,0.37090301513671875,73.78812408447266,1.0545845031738281,2.236400604248047,3.571758270263672,5.0877838134765625,1
2017_0.66_0.86.png,44.840293884277344,0.9956709146499634,21.17574691772461,train_core,1,0.94830322265625,0,44.840293884277344,57.08024978637695,45.13040542602539,120.0,0.007311287336051464,0.0010201145196333528,12.23995590209961,0.2901115417480469,75.15970611572266,1.0768394470214844,2.291717529296875,3.6783828735351562,5.278099060058594,1
2018_0.79_1.89.png,40.57371139526367,0.9908497333526611,13.714131355285645,train_core,2,0.8291358947753906,0,40.57371139526367,53.37723159790039,40.823707580566406,120.0,0.012666495516896248,0.001498025725595653,12.803520202636719,0.24999618530273438,79.42628860473633,1.0880699157714844,2.3189659118652344,3.7297210693359375,5.367893218994141,1
2019_0.67_0.95.png,44.30836486816406,0.9954555034637451,20.26567840576172,train_core,3,0.9619674682617188,0,44.30836486816406,56.62171173095703,44.595088958740234,120.0,0.007797400467097759,0.0010623680427670479,12.313346862792969,0.2867240905761719,75.69163513183594,1.0780105590820312,2.2946243286132812,3.6840133666992188,5.288227081298828,1
201_0.77_0.89.png,41.22400665283203,0.9980195760726929,17.55965232849121,train_core,4,1.795623779296875,0,41.22400665283203,56.6361083984375,41.354183197021484,120.0,0.013684981502592564,0.0011420248774811625,15.412101745605469,0.13017654418945312,78.77599334716797,1.1217498779296875,2.4026565551757812,3.8917160034179688,5.661041259765625,1
2020_0.68_0.87.png,45.02112579345703,0.9956573843955994,20.804122924804688,train_core,0,0.8993682861328125,0,45.02112579345703,56.99561309814453,45.3292121887207,120.0,0.007228654343634844,0.0010260159615427256,11.9744873046875,0.3080863952636719,74.97887420654297,1.0719985961914062,2.2797470092773438,3.6554336547851562,5.237274169921875,1
2022_0.74_1.71.png,41.50172424316406,0.9958447217941284,16.97533416748047,train_core,1,0.44338226318359375,0,41.50172424316406,55.40300369262695,41.69329071044922,120.0,0.012725656852126122,0.0011439285008236766,13.90127944946289,0.19156646728515625,78.49827575683594,1.1056747436523438,2.362506866455078,3.8133697509765625,5.517467498779297,1
2023_0.82_1.53.png,42.376373291015625,0.9960495233535767,16.772918701171875,train_core,2,1.0003776550292969,0,42.376373291015625,55.7042350769043,42.595855712890625,120.0,0.010221078060567379,0.001095808227546513,13.327861785888672,0.219482421875,77.62362670898438,1.0978927612304688,2.3431625366210938,3.7759170532226562,5.449684143066406,1
2024_0.99_1.36.png,38.32901382446289,0.995306670665741,15.401470184326172,train_core,3,1.93194580078125,0,38.32901382446289,53.75791549682617,38.469085693359375,120.0,0.012885511852800846,0.0011830109870061278,15.428901672363281,0.14007186889648438,81.67098617553711,1.1217002868652344,2.402538299560547,3.89154052734375,5.660861968994141,1
2025_0.81_0.67.png,42.94164276123047,0.9937534332275391,19.503480911254883,train_core,4,1.2818756103515625,0,42.94164276123047,57.31282043457031,43.110755920410156,120.0,0.009979492984712124,0.0009078884613700211,14.371177673339844,0.1691131591796875,77.05835723876953,1.1100006103515625,2.3735122680664062,3.8353347778320312,5.5587310791015625,1
2026_0.99_1.41.png,38.27891159057617,0.9837386012077332,11.929903030395508,train_core,0,1.0667228698730469,0,38.27891159057617,53.021522521972656,38.43153381347656,120.0,0.01735270768404007,0.0014553605578839779,14.742610931396484,0.15262222290039062,81.72108840942383,1.1145439147949219,2.3847732543945312,3.8570823669433594,5.598041534423828,1
2027_0.69_0.59.png,43.080867767333984,0.9945191144943237,22.403366088867188,train_core,1,1.5915412902832031,0,43.080867767333984,58.209861755371094,43.22417449951172,120.0,0.010135835036635399,0.0008191523957066238,15.12899398803711,0.14330673217773438,76.91913223266602,1.1177253723144531,2.392841339111328,3.873126983642578,5.628131866455078,1
2028_0.98_1.27.png,39.49227523803711,0.986809253692627,12.725566864013672,train_core,2,0.6927909851074219,0,39.49227523803711,53.65892028808594,39.66658020019531,120.0,0.015277829021215439,0.001359696383588016,14.166645050048828,0.17430496215820312,80.50772476196289,1.1081809997558594,2.3688926696777344,3.826122283935547,5.541400909423828,1
2029_0.83_0.64.png,44.20644760131836,0.9976503252983093,20.760295867919922,train_core,3,0.3953361511230469,0,44.20644760131836,57.43365478515625,44.42506408691406,120.0,0.008749942295253277,0.0008952724165283144,13.22720718383789,0.21861648559570312,75.79355239868164,1.0961647033691406,2.3389320373535156,3.767871856689453,5.435398101806641,1
2030_0.77_1.93.png,39.874813079833984,0.9931346774101257,14.346160888671875,train_core,4,1.3770751953125,0,39.874813079833984,53.20154571533203,40.09073257446289,120.0,0.014453100040555,0.0014683586778119206,13.326732635498047,0.21591949462890625,80.12518692016602,1.0970916748046875,2.3413047790527344,3.7726173400878906,5.444343566894531,1
2031_0.78_1.8.png,40.71958923339844,0.9939041137695312,14.592753410339355,train_core,0,0.938568115234375,0,40.71958923339844,53.534297943115234,40.963497161865234,120.0,0.013223561458289623,0.0014138855040073395,12.814708709716797,0.24390792846679688,79.28041076660156,1.0892601013183594,2.3219032287597656,3.735218048095703,5.377155303955078,1
2032_0.88_0.71.png,42.973548889160156,0.9970397353172302,19.251731872558594,train_core,1,0.8823509216308594,0,42.973548889160156,56.68901443481445,43.168800354003906,120.0,0.009929616935551167,0.0009616957395337522,13.715465545654297,0.19525146484375,77.02645111083984,1.1030616760253906,2.356060028076172,3.8009681701660156,5.495136260986328,1
2033_0.61_0.56.png,47.7174186706543,0.9992974996566772,31.247249603271484,train_core,2,1.1322021484375,0,47.7174186706543,59.95227813720703,47.99116516113281,120.0,0.005376431159675121,0.0006612789002247155,12.234859466552734,0.2737464904785156,72.2825813293457,1.0802459716796875,2.2994613647460938,3.6917381286621094,5.298679351806641,1
2034_0.77_0.91.png,42.17434310913086,0.9982278347015381,24.072765350341797,train_core,3,0.8852729797363281,0,42.17434310913086,57.13825225830078,42.31855392456055,120.0,0.01042091567069292,0.0008533888030797243,14.963909149169922,0.1442108154296875,77.82565689086914,1.1168861389160156,2.390583038330078,3.868328094482422,5.6185302734375,1
2035_0.56_1.32.png,43.1309928894043,0.998429000377655,25.475818634033203,train_core,4,0.5281410217285156,0,43.1309928894043,56.74364471435547,43.32957458496094,120.0,0.010253611952066422,0.0009544531931169331,13.612651824951172,0.19858169555664062,76.8690071105957,1.1015129089355469,2.3521995544433594,3.7935142517089844,5.481712341308594,1
2038_0.84_1.68.png,38.45199203491211,0.9938243627548218,14.851728439331055,train_core,0,3.0636672973632812,0,38.45199203491211,53.83180618286133,38.58921432495117,120.0,0.015485660172998905,0.001359509420581162,15.379814147949219,0.1372222900390625,81.54800796508789,1.1195716857910156,2.3975372314453125,3.88250732421875,5.6458282470703125,1
2039_0.78_1.92.png,39.53946304321289,0.994010329246521,14.794427871704102,train_core,1,2.475109100341797,0,39.53946304321289,53.64037322998047,39.72392654418945,120.0,0.01417367160320282,0.0014015180058777332,14.100910186767578,0.1844635009765625,80.46053695678711,1.1063728332519531,2.3645706176757812,3.8181228637695312,5.527732849121094,1
2041_1.0_1.84.png,35.39280319213867,0.9876706600189209,9.762153625488281,train_core,2,1.7705421447753906,0,35.39280319213867,50.92555618286133,35.525360107421875,120.0,0.022365164011716843,0.0017637871205806732,15.532752990722656,0.13255691528320312,84.60719680786133,1.1204872131347656,2.399913787841797,3.8873558044433594,5.655185699462891,1
2042_0.69_0.65.png,46.167354583740234,0.9987601637840271,21.193687438964844,train_core,3,0.22151947021484375,0,46.167354583740234,58.13380432128906,46.4614143371582,120.0,0.006948448251932859,0.0008734859875403345,11.966449737548828,0.29405975341796875,73.83264541625977,1.0746383666992188,2.2857437133789062,3.6657447814941406,5.253116607666016,1
2043_0.97_0.54.png,43.34300231933594,0.9982084035873413,17.759654998779297,train_core,4,1.3536186218261719,0,43.34300231933594,57.38990783691406,43.52317810058594,120.0,0.009532413445413113,0.0008982351864688098,14.046905517578125,0.18017578125,76.65699768066406,1.1066970825195312,2.3651390075683594,3.818767547607422,5.527996063232422,1
2044_0.97_0.55.png,43.28666687011719,0.9982174634933472,17.62537384033203,train_core,0,0.9488716125488281,0,43.28666687011719,57.39727783203125,43.46391296386719,120.0,0.009628077037632465,0.000903773820027709,14.110610961914062,0.17724609375,76.71333312988281,1.1073455810546875,2.3667755126953125,3.8219985961914062,5.5339813232421875,1
2046_0.76_1.87.png,36.09660339355469,0.9914061427116394,12.288700103759766,train_core,1,2.249340057373047,0,36.09660339355469,50.38058853149414,36.267250061035156,120.0,0.02141362987458706,0.0019989812280982733,14.283985137939453,0.17064666748046875,83.90339660644531,1.11041259765625,2.3742942810058594,3.836261749267578,5.559085845947266,1
2047_0.52_1.45.png,41.20611572265625,0.996647834777832,17.085739135742188,train_core,2,0.7057952880859375,0,41.20611572265625,53.349449157714844,41.484127044677734,120.0,0.012096180580556393,0.0015519453445449471,12.143333435058594,0.2780113220214844,78.79388427734375,1.0788688659667969,2.2959518432617188,3.684814453125,5.285980224609375,1
2048_0.72_0.67.png,43.85481262207031,0.9981396198272705,19.18456268310547,train_core,3,1.4900894165039062,0,43.85481262207031,56.147796630859375,44.12589645385742,120.0,0.00884158443659544,0.0011322456412017345,12.292984008789062,0.2710838317871094,76.14518737792969,1.0819358825683594,2.3035240173339844,3.6992874145507812,5.311653137207031,1
2049_0.54_1.16.png,41.29204559326172,0.9978195428848267,21.01547622680664,train_core,4,-0.4694099426269531,1,41.29204559326172,55.364501953125,41.467586517333984,120.0,0.011731076054275036,0.0010969698196277022,14.072456359863281,0.17554092407226562,78.70795440673828,1.107879638671875,2.36798095703125,3.8239593505859375,5.536640167236328,1
204_0.59_0.52.png,46.445762634277344,0.9988751411437988,22.066951751708984,train_core,0,0.32779693603515625,0,46.445762634277344,59.00959014892578,46.69967269897461,120.0,0.006310352124273777,0.0008891746983863413,12.563827514648438,0.2539100646972656,73.55423736572266,1.0866050720214844,2.3150863647460938,3.7215347290039062,5.351417541503906,1
2051_0.92_0.92.png,38.36191177368164,0.9956371188163757,16.38797950744629,train_core,1,1.6121368408203125,0,38.36191177368164,53.9716682434082,38.49013900756836,120.0,0.016298547387123108,0.0012050601653754711,15.609756469726562,0.12822723388671875,81.63808822631836,1.1216201782226562,2.402667999267578,3.8925437927246094,5.664363861083984,1
2052_0.66_0.92.png,43.15247344970703,0.9978687167167664,20.417171478271484,train_core,2,0.07701873779296875,0,43.15247344970703,56.22174835205078,43.374820709228516,120.0,0.009313995018601418,0.0010147829307243228,13.06927490234375,0.22234725952148438,76.84752655029297,1.0943489074707031,2.3343276977539062,3.758758544921875,5.4185028076171875,1
2053_0.5_1.19.png,42.57007598876953,0.998193621635437,21.45103645324707,train_core,3,1.0133590698242188,0,42.57007598876953,54.93769073486328,42.85309600830078,120.0,0.0113458801060915,0.0011180570581927896,12.36761474609375,0.28302001953125,77.42992401123047,1.0809783935546875,2.301288604736328,3.6953811645507812,5.305854797363281,1
2054_0.96_1.13.png,39.65578079223633,0.995093047618866,15.727461814880371,train_core,4,1.0234107971191406,0,39.65578079223633,53.35594177246094,39.85035705566406,120.0,0.014491168782114983,0.0013176285428926349,13.70016098022461,0.19457626342773438,80.34421920776367,1.1023101806640625,2.3542747497558594,3.797748565673828,5.489864349365234,1
2056_0.99_1.84.png,36.49912643432617,0.9908195734024048,12.390630722045898,train_core,0,1.5476493835449219,0,36.49912643432617,50.448768615722656,36.684547424316406,120.0,0.020489130169153214,0.001776279998011887,13.949642181396484,0.18542098999023438,83.50087356567383,1.1051254272460938,2.3613548278808594,3.8116416931152344,5.515434265136719,1
2057_0.86_0.85.png,42.247779846191406,0.997200608253479,20.15298080444336,train_core,1,0.9045333862304688,0,42.247779846191406,54.313812255859375,42.53227615356445,120.0,0.010183402337133884,0.0011541279964148998,12.066032409667969,0.2844963073730469,77.7522201538086,1.0774192810058594,2.292388916015625,3.677978515625,5.2738494873046875,1
2058_0.71_0.74.png,43.89554977416992,0.9983128309249878,23.249902725219727,train_core,2,0.5875816345214844,0,43.89554977416992,56.07419967651367,44.17560958862305,120.0,0.008921989239752293,0.0009942851029336452,12.17864990234375,0.280059814453125,76.10445022583008,1.0791740417480469,2.2967262268066406,3.6863441467285156,5.288860321044922,1
2059_0.61_1.83.png,40.49137878417969,0.9959297180175781,18.237703323364258,train_core,3,0.4144248962402344,0,40.49137878417969,52.32937240600586,40.79893112182617,120.0,0.012610008008778095,0.0014860151568427682,11.837993621826172,0.3075523376464844,79.50862121582031,1.0721321105957031,2.2794227600097656,3.653369903564453,5.230724334716797,1
205_0.81_0.73.png,41.30266571044922,0.9968241453170776,19.705768585205078,train_core,4,2.207347869873047,0,41.30266571044922,54.89780807495117,41.497806549072266,120.0,0.012202867306768894,0.0013358229771256447,13.595142364501953,0.19514083862304688,78.69733428955078,1.1021003723144531,2.3535537719726562,3.7958641052246094,5.485374450683594,1
2060_0.51_1.57.png,41.655914306640625,0.9974472522735596,19.85906410217285,train_core,0,0.3096885681152344,0,41.655914306640625,53.44347381591797,41.96696472167969,120.0,0.01196759007871151,0.001329373219050467,11.787559509277344,0.3110504150390625,78.34408569335938,1.0708999633789062,2.2764053344726562,3.647655487060547,5.220729827880859,1
2061_0.79_1.72.png,40.649051666259766,0.9945281744003296,14.511317253112793,train_core,1,1.2997779846191406,0,40.649051666259766,55.16142272949219,40.81260299682617,120.0,0.011623965576291084,0.001345881843008101,14.512371063232422,0.16355133056640625,79.35094833374023,1.1120948791503906,2.378612518310547,3.8449630737304688,5.575672149658203,1
2062_0.98_0.6.png,43.625999450683594,0.9971429109573364,19.677175521850586,train_core,2,2.1544036865234375,0,43.625999450683594,57.2639274597168,43.83720397949219,120.0,0.008278769440948963,0.0009473036625422537,13.637928009033203,0.21120452880859375,76.3740005493164,1.1009292602539062,2.3509292602539062,3.7914695739746094,5.478923797607422,1
2063_0.76_1.8.png,41.29751205444336,0.9946955442428589,14.642662048339844,train_core,3,1.0082054138183594,0,41.29751205444336,55.11949157714844,41.49047088623047,120.0,0.011346690356731415,0.0013563988031819463,13.821979522705078,0.19295883178710938,78.70248794555664,1.1039085388183594,2.358203887939453,3.8052711486816406,5.503326416015625,1
2064_0.8_1.99.png,39.901851654052734,0.9933449625968933,13.4431734085083,train_core,4,0.9817276000976562,0,39.901851654052734,54.287353515625,40.07143020629883,120.0,0.012939991429448128,0.0014685277128592134,14.385501861572266,0.16957855224609375,80.09814834594727,1.1106796264648438,2.375080108642578,3.838062286376953,5.563041687011719,1
2065_0.51_1.6.png,41.898406982421875,0.9959699511528015,19.361286163330078,train_core,0,0.08315658569335938,0,41.898406982421875,56.94888687133789,42.04381561279297,120.0,0.011228308081626892,0.0011186323827132583,15.050479888916016,0.14540863037109375,78.10159301757812,1.1170768737792969,2.391101837158203,3.869476318359375,5.621002197265625,1
2066_0.95_1.0.png,41.47785186767578,0.9951502680778503,15.733846664428711,train_core,1,2.47247314453125,0,41.47785186767578,57.583641052246094,41.58965301513672,120.0,0.010564519092440605,0.0010315226390957832,16.105789184570312,0.1118011474609375,78.52214813232422,1.1269149780273438,2.415660858154297,3.91741943359375,5.709056854248047,1
2067_0.76_1.54.png,42.7584114074707,0.9952082633972168,15.482816696166992,train_core,2,1.6614112854003906,0,42.7584114074707,56.81511688232422,42.9386100769043,120.0,0.009375116787850857,0.0011462606489658356,14.056705474853516,0.18019866943359375,77.2415885925293,1.1072959899902344,2.3665618896484375,3.8213233947753906,5.532112121582031,1
2068_0.8_1.35.png,43.20863723754883,0.9954692721366882,15.739235877990723,train_core,3,1.5830612182617188,0,43.20863723754883,57.19795608520508,43.3909912109375,120.0,0.00887233205139637,0.001098613371141255,13.98931884765625,0.18235397338867188,76.79136276245117,1.1064643859863281,2.3645057678222656,3.817340850830078,5.524875640869141,1
2069_0.7_1.18.png,45.0162353515625,0.9986640214920044,18.061498641967773,train_core,4,0.35157012939453125,0,45.0162353515625,55.84593200683594,45.40270233154297,120.0,0.008148973807692528,0.0011642883764579892,10.829696655273438,0.38646697998046875,74.9837646484375,1.0506629943847656,2.226634979248047,3.5528907775878906,5.054050445556641,1
206_0.61_1.6.png,39.91301345825195,0.9943885803222656,17.139678955078125,train_core,0,2.2585067749023438,0,39.91301345825195,52.12323760986328,40.18505859375,120.0,0.014852975495159626,0.0018233476439490914,12.210224151611328,0.2720451354980469,80.08698654174805,1.0805816650390625,2.3001785278320312,3.692829132080078,5.300041198730469,1
2071_0.63_1.21.png,45.07654571533203,0.9986576437950134,18.588470458984375,train_core,1,-0.13790512084960938,0,45.07654571533203,55.805091857910156,45.47136688232422,120.0,0.007942669093608856,0.0011806391412392259,10.728546142578125,0.3948211669921875,74.92345428466797,1.0479469299316406,2.2199935913085938,3.54034423828125,5.032279968261719,1
2072_0.87_1.18.png,41.50764846801758,0.998020350933075,15.695707321166992,train_core,2,1.9915275573730469,0,41.50764846801758,54.56566619873047,41.733680725097656,120.0,0.011646092869341373,0.0012705670669674873,13.05801773071289,0.22603225708007812,78.49235153198242,1.0942955017089844,2.33416748046875,3.7583694458007812,5.417671203613281,1
2073_0.87_1.93.png,35.74591064453125,0.9945849776268005,12.226217269897461,train_core,3,2.0841903686523438,0,35.74591064453125,51.374107360839844,35.87232971191406,120.0,0.02191747911274433,0.0018557020230218768,15.628196716308594,0.1264190673828125,84.25408935546875,1.1233444213867188,2.4066925048828125,3.899730682373047,5.676094055175781,1
2074_0.71_0.74.png,42.69657897949219,0.9986875057220459,20.92306900024414,train_core,4,2.4529380798339844,0,42.69657897949219,56.869346618652344,42.873199462890625,120.0,0.010186507366597652,0.0010643029818311334,14.172767639160156,0.1766204833984375,77.30342102050781,1.1089668273925781,2.3707046508789062,3.8293190002441406,5.546520233154297,1
2077_0.87_0.68.png,43.18627166748047,0.9976441860198975,19.847042083740234,train_core,0,1.3466415405273438,0,43.18627166748047,56.61812210083008,43.391929626464844,120.0,0.009355911985039711,0.0009908603969961405,13.43185043334961,0.205657958984375,76.81372833251953,1.09967041015625,2.3475189208984375,3.7842254638671875,5.4644317626953125,1
2078_0.65_0.54.png,45.52234649658203,0.9985184669494629,24.966102600097656,train_core,1,1.1468544006347656,0,45.52234649658203,58.54027557373047,45.75043487548828,120.0,0.00792484451085329,0.000843229703605175,13.017929077148438,0.22808837890625,74.47765350341797,1.0931930541992188,2.3315277099609375,3.7534713745117188,5.409263610839844,1
2079_0.62_1.17.png,41.65205001831055,0.9976112842559814,19.79560661315918,train_core,2,1.2136459350585938,0,41.65205001831055,55.817623138427734,41.825347900390625,120.0,0.012854601256549358,0.0011511953780427575,14.165573120117188,0.17329788208007812,78.34794998168945,1.1087989807128906,2.3702735900878906,3.82843017578125,5.5447998046875,1
207_0.61_1.64.png,39.693111419677734,0.9945354461669922,16.997873306274414,train_core,3,2.2978172302246094,0,39.693111419677734,52.00661087036133,39.95845031738281,120.0,0.01542664971202612,0.001858082483522594,12.313499450683594,0.2653388977050781,80.30688858032227,1.0824241638183594,2.304729461669922,3.701580047607422,5.315654754638672,1
2081_0.8_1.57.png,37.710693359375,0.9961527585983276,15.674318313598633,train_core,4,0.7734756469726562,0,37.710693359375,51.83591842651367,37.887855529785156,120.0,0.01843881420791149,0.0016395524144172668,14.125225067138672,0.17716217041015625,82.289306640625,1.1080551147460938,2.3684310913085938,3.8249168395996094,5.538658142089844,1
2082_0.96_1.58.png,36.72505187988281,0.9943718910217285,12.9091796875,train_core,0,0.13409042358398438,0,36.72505187988281,50.7227783203125,36.90727996826172,120.0,0.018527645617723465,0.0017741398187354207,13.997726440429688,0.18222808837890625,83.27494812011719,1.1069374084472656,2.3656158447265625,3.8193740844726562,5.528297424316406,1
2084_0.73_1.89.png,36.01203918457031,0.9953316450119019,15.741926193237305,train_core,1,1.48248291015625,0,36.01203918457031,51.03256607055664,36.15672302246094,120.0,0.023653632029891014,0.0018074101535603404,15.020526885986328,0.144683837890625,83.98796081542969,1.11749267578125,2.3920364379882812,3.87103271484375,5.623279571533203,1
2085_0.88_1.01.png,43.41415023803711,0.9947736263275146,16.607149124145508,train_core,2,0.7585601806640625,0,43.41415023803711,55.16969299316406,43.72582244873047,120.0,0.008799866773188114,0.0011714431457221508,11.755542755126953,0.3116722106933594,76.58584976196289,1.0711097717285156,2.2768783569335938,3.6484603881835938,5.2218475341796875,1
2086_0.74_0.69.png,46.6624870300293,0.9969354867935181,20.928508758544922,train_core,3,0.7549171447753906,0,46.6624870300293,57.337650299072266,47.07008743286133,120.0,0.006199385970830917,0.0009333244524896145,10.675163269042969,0.40760040283203125,73.3375129699707,1.0464820861816406,2.216449737548828,3.5337867736816406,5.021205902099609,1
2087_0.72_1.14.png,44.20509338378906,0.9952830076217651,17.58512306213379,train_core,4,1.1481475830078125,0,44.20509338378906,55.47267150878906,44.56605911254883,120.0,0.008465594612061977,0.0011681184405460954,11.267578125,0.3609657287597656,75.79490661621094,1.0608596801757812,2.2516441345214844,3.6003074645996094,5.136890411376953,1
2088_0.51_1.64.png,44.082763671875,0.9950605630874634,16.589353561401367,train_core,0,0.6484909057617188,0,44.082763671875,54.724403381347656,44.497276306152344,120.0,0.008411954157054424,0.0012811680790036917,10.641639709472656,0.41451263427734375,75.917236328125,1.0446624755859375,2.2121047973632812,3.5258331298828125,5.008037567138672,1
2089_0.79_0.55.png,45.16336441040039,0.9986999034881592,24.953947067260742,train_core,1,1.7831153869628906,0,45.16336441040039,59.33712387084961,45.33705139160156,120.0,0.007759657222777605,0.0006420455756597221,14.173759460449219,0.17368698120117188,74.83663558959961,1.1084938049316406,2.369617462158203,3.8274497985839844,5.543628692626953,1
208_0.52_0.53.png,45.59980773925781,0.9985090494155884,26.095125198364258,train_core,2,1.0775184631347656,0,45.59980773925781,55.50495910644531,46.07966995239258,120.0,0.007654173765331507,0.0011077763047069311,9.9051513671875,0.4798622131347656,74.40019226074219,1.0259971618652344,2.1664657592773438,3.4397201538085938,4.858791351318359,1
2090_0.94_0.78.png,42.668575286865234,0.9975994825363159,19.985944747924805,train_core,3,1.8197402954101562,0,42.668575286865234,57.21025848388672,42.82788848876953,120.0,0.01035371795296669,0.0007961358060128987,14.541683197021484,0.15931320190429688,77.33142471313477,1.1126327514648438,2.3799476623535156,3.8475685119628906,5.580417633056641,1
2091_0.7_0.84.png,44.90770721435547,0.9983195066452026,23.521575927734375,train_core,4,0.8306427001953125,0,44.90770721435547,58.423362731933594,45.10969161987305,120.0,0.007303586695343256,0.0007279372657649219,13.515655517578125,0.20198440551757812,75.09229278564453,1.100372314453125,2.349376678466797,3.7880516052246094,5.4718170166015625,1
2092_0.99_1.04.png,41.303741455078125,0.9965769648551941,17.300430297851562,train_core,0,1.416839599609375,0,41.303741455078125,56.11351013183594,41.45379638671875,120.0,0.011871757917106152,0.0009210749994963408,14.809768676757812,0.150054931640625,78.69625854492188,1.1154594421386719,2.3870162963867188,3.8613662719726562,5.605735778808594,1
2093_0.79_1.1.png,43.881893157958984,0.9966859817504883,16.662324905395508,train_core,1,0.3994789123535156,0,43.881893157958984,55.48126220703125,44.21121597290039,120.0,0.009206538088619709,0.001094888080842793,11.599369049072266,0.32932281494140625,76.11810684204102,1.0685844421386719,2.2705841064453125,3.6362457275390625,5.199810028076172,1
2094_0.56_1.05.png,41.57630157470703,0.9972640872001648,19.157215118408203,train_core,2,-0.05406951904296875,0,41.57630157470703,56.09062957763672,41.74745559692383,120.0,0.013050353154540062,0.0010304941097274423,14.514328002929688,0.17115402221679688,78.42369842529297,1.1128997802734375,2.3805007934570312,3.8483734130859375,5.5812835693359375,1
2095_0.85_1.67.png,41.17533874511719,0.993893563747406,13.288908958435059,train_core,3,0.415283203125,0,41.17533874511719,53.276634216308594,41.46455383300781,120.0,0.0119624650105834,0.0013966490514576435,12.101295471191406,0.289215087890625,78.82466125488281,1.0783805847167969,2.2947540283203125,3.6824874877929688,5.281757354736328,1
2096_0.77_1.76.png,40.88588333129883,0.9943405985832214,13.863205909729004,train_core,4,0.14233016967773438,0,40.88588333129883,53.358245849609375,41.15470504760742,120.0,0.013198597356677055,0.0013887606328353286,12.472362518310547,0.26882171630859375,79.11411666870117,1.0850334167480469,2.311206817626953,3.714069366455078,5.3380584716796875,1
2097_0.93_0.96.png,42.174964904785156,0.9972460269927979,16.70076560974121,train_core,0,0.8764877319335938,0,42.174964904785156,53.577720642089844,42.51795196533203,120.0,0.010201933793723583,0.0012852867366746068,11.402755737304688,0.342987060546875,77.82503509521484,1.063018798828125,2.257110595703125,3.611125946044922,5.156791687011719,1
2098_0.96_1.95.png,36.86296844482422,0.9928392767906189,12.057502746582031,train_core,1,1.6929931640625,0,36.86296844482422,48.53988265991211,37.20615768432617,120.0,0.019618738442659378,0.0020407650154083967,11.67691421508789,0.3431892395019531,83.13703155517578,1.0690841674804688,2.272003173828125,3.6393966674804688,5.2063446044921875,1
209_0.89_1.85.png,37.80756759643555,0.994384765625,9.56772232055664,train_core,2,1.6176567077636719,0,37.80756759643555,52.549293518066406,37.9558219909668,120.0,0.020571019500494003,0.0017446894198656082,14.74172592163086,0.14825439453125,82.19243240356445,1.115447998046875,2.3868675231933594,3.8607826232910156,5.603984832763672,1
2100_0.76_0.76.png,44.694217681884766,0.9981524348258972,20.41703224182129,train_core,3,0.6951179504394531,0,44.694217681884766,55.785316467285156,45.0627326965332,120.0,0.007848366163671017,0.0010876426240429282,11.09109878540039,0.3685150146484375,75.30578231811523,1.0563011169433594,2.2405738830566406,3.579570770263672,5.101177215576172,1
2101_0.83_1.14.png,41.86211013793945,0.9980510473251343,17.587806701660156,train_core,4,0.6355552673339844,0,41.86211013793945,54.34172058105469,42.121246337890625,120.0,0.01090528815984726,0.0012916731648147106,12.479610443115234,0.2591361999511719,78.13788986206055,1.0846328735351562,2.310314178466797,3.712596893310547,5.335933685302734,1
2102_0.59_0.97.png,44.61979293823242,0.9988183975219727,21.06870460510254,train_core,0,0.00140380859375,0,44.61979293823242,56.00448226928711,44.96160125732422,120.0,0.008483966812491417,0.001132066361606121,11.384689331054688,0.3418083190917969,75.38020706176758,1.0629310607910156,2.2568435668945312,3.610431671142578,5.1551361083984375,1
2103_0.77_1.32.png,41.8934326171875,0.9979443550109863,17.536033630371094,train_core,1,0.5342216491699219,0,41.8934326171875,54.000038146972656,42.17691421508789,120.0,0.011115248315036297,0.0013564066030085087,12.106605529785156,0.2834815979003906,78.1065673828125,1.0779457092285156,2.2937660217285156,3.6808242797851562,5.279273986816406,1
2104_0.71_0.86.png,44.676456451416016,0.9989309310913086,21.141441345214844,train_core,2,0.4167671203613281,0,44.676456451416016,56.385040283203125,44.98860168457031,120.0,0.008471738547086716,0.0010846412042155862,11.70858383178711,0.3121452331542969,75.32354354858398,1.0701751708984375,2.274616241455078,3.644214630126953,5.214435577392578,1
2105_0.68_1.66.png,40.4112663269043,0.9970113039016724,16.442514419555664,train_core,3,0.9447097778320312,0,40.4112663269043,53.44947052001953,40.63885498046875,120.0,0.013873458839952946,0.0013937285402789712,13.038204193115234,0.22758865356445312,79.5887336730957,1.0938796997070312,2.333148956298828,3.7564239501953125,5.414226531982422,1
2106_0.53_0.55.png,45.98731231689453,0.9990679025650024,25.655744552612305,train_core,4,0.03284454345703125,0,45.98731231689453,58.16109085083008,46.26628875732422,120.0,0.006864754483103752,0.0008557147230021656,12.173778533935547,0.2789764404296875,74.01268768310547,1.0793304443359375,2.2971420288085938,3.687175750732422,5.2903289794921875,1
2107_0.67_0.57.png,45.66642761230469,0.9989797472953796,24.23494529724121,train_core,0,0.8779373168945312,0,45.66642761230469,57.785701751708984,45.9501838684082,120.0,0.007520502898842096,0.0008875923231244087,12.119274139404297,0.2837562561035156,74.33357238769531,1.0785331726074219,2.295154571533203,3.6833152770996094,5.2833709716796875,1
2108_0.55_1.9.png,39.13588333129883,0.9966968297958374,16.943296432495117,train_core,1,-0.9715232849121094,1,39.13588333129883,53.080169677734375,39.32172393798828,120.0,0.017061207443475723,0.0014633522368967533,13.944286346435547,0.18584060668945312,80.86411666870117,1.1060256958007812,2.3633766174316406,3.8150901794433594,5.520641326904297,1
2109_0.56_1.42.png,40.214599609375,0.9977416396141052,19.292795181274414,train_core,2,2.1635284423828125,0,40.214599609375,55.11456298828125,40.36329650878906,120.0,0.01327610295265913,0.0012256032787263393,14.89996337890625,0.1486968994140625,79.785400390625,1.1168098449707031,2.3902854919433594,3.867504119873047,5.616436004638672,1
2110_0.97_1.98.png,36.4333381652832,0.9943200945854187,14.184770584106445,train_core,3,1.9646415710449219,0,36.4333381652832,50.06053924560547,36.647212982177734,120.0,0.01857605390250683,0.0017213677056133747,13.627201080322266,0.21387481689453125,83.5666618347168,1.1014480590820312,2.3519630432128906,3.7929153442382812,5.480541229248047,1
2111_0.68_1.03.png,42.85805130004883,0.9987829923629761,21.64059066772461,train_core,4,2.317913055419922,0,42.85805130004883,56.74335861206055,43.04853820800781,120.0,0.010225406847894192,0.0010279705747961998,13.885307312011719,0.19048690795898438,77.14194869995117,1.1055641174316406,2.3621864318847656,3.812694549560547,5.516105651855469,1
2112_0.66_1.29.png,40.60986328125,0.998248279094696,20.2793025970459,train_core,0,2.2032318115234375,0,40.60986328125,55.51551055908203,40.76099395751953,120.0,0.013091185130178928,0.0011536497622728348,14.905647277832031,0.15113067626953125,79.39013671875,1.1168746948242188,2.3904380798339844,3.8677902221679688,5.616966247558594,1
2113_0.55_1.43.png,41.75544357299805,0.9973248243331909,19.106351852416992,train_core,1,1.8545722961425781,0,41.75544357299805,53.058807373046875,42.103919982910156,120.0,0.010825829580426216,0.0014556772075593472,11.303363800048828,0.3484764099121094,78.24455642700195,1.0618209838867188,2.253997802734375,3.6047744750976562,5.144676208496094,1
2114_0.9_1.51.png,39.131961822509766,0.9949835538864136,15.262194633483887,train_core,2,1.2310981750488281,0,39.131961822509766,50.97929000854492,39.43393325805664,120.0,0.01439361646771431,0.001691860961727798,11.847328186035156,0.301971435546875,80.86803817749023,1.0735206604003906,2.2827720642089844,3.6595535278320312,5.2410736083984375,1
2115_0.75_1.52.png,39.92973327636719,0.9967566728591919,17.589468002319336,train_core,3,2.11578369140625,0,39.92973327636719,52.336849212646484,40.194725036621094,120.0,0.014364569447934628,0.0015422956785187125,12.407115936279297,0.26499176025390625,80.07026672363281,1.0838470458984375,2.3082656860351562,3.7084197998046875,5.327991485595703,1
2116_0.73_1.74.png,39.06640625,0.9962477684020996,17.100749969482422,train_core,4,2.1781692504882812,0,39.06640625,51.631805419921875,39.3216552734375,120.0,0.015662671998143196,0.001667357631959021,12.565399169921875,0.2552490234375,80.93359375,1.0865287780761719,2.3149032592773438,3.72119140625,5.350830078125,1
2117_0.76_1.14.png,39.73193359375,0.9975215792655945,18.420703887939453,train_core,0,2.8949966430664062,0,39.73193359375,54.957088470458984,39.8694953918457,120.0,0.015142579562962055,0.0012353915954008698,15.225154876708984,0.13756179809570312,80.26806640625,1.1198310852050781,2.3978652954101562,3.882373809814453,5.6439208984375,1
2118_0.86_1.55.png,38.4580192565918,0.9956367015838623,14.941839218139648,train_core,1,2.2275733947753906,0,38.4580192565918,52.66973114013672,38.633750915527344,120.0,0.016574274748563766,0.0015345639549195766,14.211711883544922,0.17573165893554688,81.5419807434082,1.1092948913574219,2.37152099609375,3.830913543701172,5.549495697021484,1
2119_0.54_1.47.png,43.023292541503906,0.9975085258483887,18.707622528076172,train_core,2,1.2623672485351562,0,43.023292541503906,54.14849090576172,43.387962341308594,120.0,0.010110155679285526,0.0013574911281466484,11.125198364257812,0.3646697998046875,76.9767074584961,1.0572547912597656,2.2428436279296875,3.5836944580078125,5.107994079589844,1
211_0.63_0.82.png,41.16098403930664,0.9981493353843689,20.806638717651367,train_core,3,1.6400680541992188,0,41.16098403930664,57.57500076293945,41.26131057739258,120.0,0.013748175464570522,0.0009721072274260223,16.414016723632812,0.1003265380859375,78.83901596069336,1.1295890808105469,2.422321319580078,3.9303855895996094,5.732837677001953,1
2120_0.93_1.24.png,38.07861328125,0.9957436919212341,15.112693786621094,train_core,4,1.3165321350097656,0,38.07861328125,52.998802185058594,38.22984313964844,120.0,0.016426563262939453,0.0014286417281255126,14.920188903808594,0.1512298583984375,81.92138671875,1.1169281005859375,2.3905868530273438,3.8681259155273438,5.617713928222656,1
2121_0.73_0.63.png,47.953887939453125,0.9992008209228516,26.916210174560547,train_core,0,-0.3579254150390625,1,47.953887939453125,59.110252380371094,48.30236053466797,120.0,0.005239742808043957,0.0006783567951060832,11.156364440917969,0.34847259521484375,72.04611206054688,1.0588607788085938,2.2466964721679688,3.5908164978027344,5.120018005371094,1
2122_0.92_1.12.png,42.875831604003906,0.9977498054504395,19.207653045654297,train_core,1,0.12206649780273438,0,42.875831604003906,55.70087814331055,43.11066436767578,120.0,0.009145445190370083,0.0009329838794656098,12.82504653930664,0.234832763671875,77.1241683959961,1.0907745361328125,2.3254241943359375,3.741466522216797,5.3872222900390625,1
2123_0.66_0.89.png,45.58818435668945,0.9990167021751404,25.838375091552734,train_core,2,-0.054134368896484375,0,45.58818435668945,58.338626861572266,45.82709884643555,120.0,0.006848576944321394,0.0007508012349717319,12.750442504882812,0.23891448974609375,74.41181564331055,1.0895423889160156,2.322357177734375,3.7355422973632812,5.376522064208984,1
2124_0.77_1.13.png,45.548282623291016,0.9985322952270508,21.927034378051758,train_core,3,-0.3853340148925781,1,45.548282623291016,56.83736801147461,45.885868072509766,120.0,0.006340155843645334,0.0008594996761530638,11.289085388183594,0.33758544921875,74.45171737670898,1.0618324279785156,2.2540016174316406,3.6046829223632812,5.144298553466797,1
2126_0.75_0.91.png,43.632930755615234,0.9987961649894714,18.332164764404297,train_core,4,2.135021209716797,0,43.632930755615234,56.153541564941406,43.89064025878906,120.0,0.009237187914550304,0.0011457802029326558,12.520610809326172,0.2577095031738281,76.36706924438477,1.085540771484375,2.3124847412109375,3.7166213989257812,5.342838287353516,1
2127_0.99_1.84.png,33.882015228271484,0.9935089349746704,10.507089614868164,train_core,0,1.6064987182617188,0,33.882015228271484,50.361244201660156,33.989173889160156,120.0,0.027906663715839386,0.0019068475812673569,16.479228973388672,0.10715866088867188,86.11798477172852,1.1297378540039062,2.4227371215820312,3.9312896728515625,5.7347412109375,1
2128_0.85_1.82.png,36.72063064575195,0.9956139922142029,12.650901794433594,train_core,1,2.318805694580078,0,36.72063064575195,51.85752487182617,36.86421203613281,120.0,0.02073190174996853,0.001724732923321426,15.136894226074219,0.14358139038085938,83.27936935424805,1.1190147399902344,2.395824432373047,3.8783836364746094,5.636592864990234,1
2129_0.8_0.51.png,47.703643798828125,0.9992300271987915,22.77815818786621,train_core,2,-0.00785064697265625,0,47.703643798828125,58.517486572265625,48.08635711669922,120.0,0.005369443912059069,0.0008256488363258541,10.8138427734375,0.38271331787109375,72.29635620117188,1.0499420166015625,2.2249107360839844,3.549732208251953,5.048797607421875,1
2130_0.93_0.85.png,43.45195770263672,0.9983999133110046,17.095172882080078,train_core,3,0.298004150390625,0,43.45195770263672,55.99193572998047,43.70555114746094,120.0,0.009323195554316044,0.0010788572253659368,12.53997802734375,0.25359344482421875,76.54804229736328,1.0856971740722656,2.312908172607422,3.7175140380859375,5.344596862792969,1
2132_0.76_1.7.png,40.07154083251953,0.9970179796218872,15.54985523223877,train_core,4,1.2246971130371094,0,40.07154083251953,53.24905776977539,40.29136276245117,120.0,0.014675055630505085,0.001458349172025919,13.17751693725586,0.21982192993164062,79.92845916748047,1.0956382751464844,2.3374977111816406,3.7648277282714844,5.429370880126953,1
2133_0.59_0.63.png,45.364933013916016,0.9992282390594482,23.60527801513672,train_core,0,2.235301971435547,0,45.364933013916016,57.84558868408203,45.624671936035156,120.0,0.008165531791746616,0.0009793940698727965,12.480655670166016,0.2597389221191406,74.63506698608398,1.0848350524902344,2.3107376098632812,3.713268280029297,5.336841583251953,1
2134_0.89_0.61.png,44.88449478149414,0.9988824725151062,18.73207664489746,train_core,1,0.2659759521484375,0,44.88449478149414,57.12863540649414,45.160301208496094,120.0,0.007567736320197582,0.0010165293933823705,12.244140625,0.2758064270019531,75.11550521850586,1.0804252624511719,2.299884796142578,3.6925392150878906,5.300117492675781,1
2135_0.51_1.0.png,44.010589599609375,0.9987961053848267,21.268470764160156,train_core,2,2.1885528564453125,0,44.010589599609375,56.12286376953125,44.29755401611328,120.0,0.008098234422504902,0.0011792563600465655,12.112274169921875,0.28696441650390625,75.98941040039062,1.07794189453125,2.2937355041503906,3.68072509765625,5.279041290283203,1
2136_0.94_1.28.png,39.60658645629883,0.9964985847473145,13.008445739746094,train_core,3,1.0955276489257812,0,39.60658645629883,53.16741943359375,39.8081169128418,120.0,0.014057363383471966,0.0015088083455339074,13.560832977294922,0.20153045654296875,80.39341354370117,1.1007881164550781,2.3504066467285156,3.7900543212890625,5.475521087646484,1
2137_0.57_1.38.png,39.26833724975586,0.9981179237365723,19.09648323059082,train_core,4,2.2937355041503906,0,39.26833724975586,53.1132698059082,39.455684661865234,120.0,0.014902579598128796,0.0015338469529524446,13.844932556152344,0.187347412109375,80.73166275024414,1.1048622131347656,2.3604774475097656,3.809406280517578,5.510211944580078,1
2138_0.88_1.49.png,38.64727783203125,0.9962047338485718,13.711904525756836,train_core,0,1.1535415649414062,0,38.64727783203125,50.7982292175293,38.929542541503906,120.0,0.016059724614024162,0.0017930861795321107,12.150951385498047,0.28226470947265625,81.35272216796875,1.0791091918945312,2.29656982421875,3.6860008239746094,5.288124084472656,1
2139_0.66_1.61.png,35.90756607055664,0.9969121217727661,16.9489688873291,train_core,1,2.306568145751953,0,35.90756607055664,51.36967468261719,36.037559509277344,120.0,0.02204056642949581,0.0017634989926591516,15.462108612060547,0.12999343872070312,84.09243392944336,1.1219635009765625,2.4032020568847656,3.8928146362304688,5.663181304931641,1
213_0.97_0.85.png,43.14155578613281,0.9974112510681152,12.333146095275879,train_core,2,1.0296211242675781,0,43.14155578613281,55.37997817993164,43.41073989868164,120.0,0.009190622717142105,0.001327419187873602,12.238422393798828,0.2691841125488281,76.85844421386719,1.0808639526367188,2.3008804321289062,3.6942291259765625,5.3026580810546875,1
2140_0.55_0.94.png,43.230865478515625,0.9988703727722168,21.792198181152344,train_core,3,1.6147499084472656,0,43.230865478515625,55.185848236083984,43.521766662597656,120.0,0.009944543242454529,0.0012619310291483998,11.95498275756836,0.29090118408203125,76.76913452148438,1.0752830505371094,2.2871322631835938,3.6679344177246094,5.256050109863281,1
2141_0.55_0.57.png,46.873146057128906,0.9990758895874023,24.260326385498047,train_core,4,1.4457626342773438,0,46.873146057128906,57.797080993652344,47.25148010253906,120.0,0.006687923800200224,0.0009688953869044781,10.923934936523438,0.37833404541015625,73.1268539428711,1.0531692504882812,2.2327613830566406,3.5644454956054688,5.074073791503906,1
2143_0.57_0.65.png,45.38148498535156,0.9988507032394409,23.056793212890625,train_core,0,1.7338218688964844,0,45.38148498535156,57.22394943237305,45.68809509277344,120.0,0.007988369092345238,0.0010324488393962383,11.842464447021484,0.306610107421875,74.61851501464844,1.0732688903808594,2.2821578979492188,3.6584129333496094,5.2391357421875,1
2144_0.54_1.03.png,44.009490966796875,0.9982544183731079,20.175399780273438,train_core,1,1.6079368591308594,0,44.009490966796875,55.46745681762695,44.348655700683594,120.0,0.009183964692056179,0.0012364728609099984,11.457965850830078,0.33916473388671875,75.99050903320312,1.06536865234375,2.2626876831054688,3.621234893798828,5.1734619140625,1
2145_0.59_1.25.png,44.051456451416016,0.9984580874443054,20.24289894104004,train_core,2,1.5014305114746094,0,44.051456451416016,55.0999641418457,44.416900634765625,120.0,0.00892180297523737,0.0012085321359336376,11.048507690429688,0.3654441833496094,75.94854354858398,1.0557441711425781,2.2391319274902344,3.5766220092773438,5.095573425292969,1
2146_0.62_1.67.png,41.817813873291016,0.9975123405456543,18.220705032348633,train_core,3,1.1258697509765625,0,41.817813873291016,53.553443908691406,42.12830352783203,120.0,0.011721723712980747,0.0014082185225561261,11.73563003540039,0.3104896545410156,78.18218612670898,1.0706710815429688,2.2758140563964844,3.646442413330078,5.218288421630859,1
2147_0.76_0.94.png,44.91448211669922,0.9984750151634216,20.45653533935547,train_core,4,0.498870849609375,0,44.91448211669922,55.901084899902344,45.28278350830078,120.0,0.008006521500647068,0.0011087148450314999,10.986602783203125,0.3683013916015625,75.08551788330078,1.0543289184570312,2.2356643676757812,3.5700912475585938,5.084224700927734,1
2148_0.69_1.7.png,41.464271545410156,0.9970590472221375,17.422222137451172,train_core,0,1.421539306640625,0,41.464271545410156,53.225852966308594,41.773738861083984,120.0,0.012159057892858982,0.0014517070958390832,11.761581420898438,0.3094673156738281,78.53572845458984,1.071075439453125,2.276844024658203,3.6484718322753906,5.22198486328125,1
2149_0.58_1.39.png,44.327640533447266,0.9972072839736938,20.269872665405273,train_core,1,0.10674667358398438,0,44.327640533447266,55.89290237426758,44.650211334228516,120.0,0.00869154091924429,0.001132464618422091,11.565261840820312,0.32257080078125,75.67235946655273,1.0669746398925781,2.2666587829589844,3.6288490295410156,5.186992645263672,1
214_0.82_1.6.png,38.96704864501953,0.9946319460868835,9.145721435546875,train_core,2,2.0543785095214844,0,38.96704864501953,52.71735763549805,39.157379150390625,120.0,0.016023702919483185,0.0018020473653450608,13.750308990478516,0.19033050537109375,81.03295135498047,1.1038742065429688,2.357990264892578,3.804534912109375,5.501243591308594,1
2150_0.89_1.44.png,40.44468307495117,0.9946684241294861,14.713266372680664,train_core,3,0.9519577026367188,0,40.44468307495117,54.419857025146484,40.62978744506836,120.0,0.013345814310014248,0.0012702838284894824,13.975173950195312,0.1851043701171875,79.55531692504883,1.1058464050292969,2.363079071044922,3.814800262451172,5.520771026611328,1
2152_0.55_1.31.png,43.923789978027344,0.9974460601806641,21.156513214111328,train_core,4,0.21506118774414062,0,43.923789978027344,55.98125076293945,44.21067810058594,120.0,0.009300791658461094,0.001109242090024054,12.05746078491211,0.28688812255859375,76.07621002197266,1.0768051147460938,2.2908706665039062,3.675090789794922,5.268733978271484,1
2153_0.61_1.16.png,43.73505401611328,0.9986331462860107,20.825332641601562,train_core,0,2.051311492919922,0,43.73505401611328,56.19987487792969,44.00274658203125,120.0,0.008907994255423546,0.0011205397313460708,12.464820861816406,0.26769256591796875,76.26494598388672,1.0846405029296875,2.31024169921875,3.712268829345703,5.334991455078125,1
2154_0.65_1.47.png,42.40494155883789,0.9980587959289551,19.066301345825195,train_core,1,1.7836341857910156,0,42.40494155883789,55.015098571777344,42.663902282714844,120.0,0.010689626447856426,0.0012547657825052738,12.610157012939453,0.2589607238769531,77.59505844116211,1.0870933532714844,2.3163185119628906,3.7239723205566406,5.355949401855469,1
2156_0.71_1.75.png,41.04188537597656,0.9973115921020508,17.502971649169922,train_core,2,1.5647773742675781,0,41.04188537597656,53.83445358276367,41.289180755615234,120.0,0.012612458318471909,0.0013988977298140526,12.79256820678711,0.24729537963867188,78.95811462402344,1.090057373046875,2.3236732482910156,3.7381439208984375,5.381370544433594,1
2157_0.88_1.15.png,40.38010025024414,0.9966513514518738,16.862031936645508,train_core,3,1.4756813049316406,0,40.38010025024414,53.970237731933594,40.581398010253906,120.0,0.01356821320950985,0.001172922900877893,13.590137481689453,0.20129776000976562,79.61989974975586,1.1017417907714844,2.352672576904297,3.7942047119140625,5.4824981689453125,1
2158_0.93_1.48.png,38.12255096435547,0.9945210218429565,14.618019104003906,train_core,4,1.6514472961425781,0,38.12255096435547,52.08873748779297,38.30760955810547,120.0,0.016835978254675865,0.0014031588798388839,13.9661865234375,0.18505859375,81.87744903564453,1.10650634765625,2.364551544189453,3.8172950744628906,5.5244903564453125,1
2159_0.62_0.8.png,45.167442321777344,0.9987870454788208,23.615001678466797,train_core,0,0.5880279541015625,0,45.167442321777344,57.654266357421875,45.424800872802734,120.0,0.008300594054162502,0.0008550120401196182,12.486824035644531,0.2573585510253906,74.83255767822266,1.085052490234375,2.3112525939941406,3.7141876220703125,5.338356018066406,1
215_0.58_0.63.png,46.82737731933594,0.9985611438751221,17.886978149414062,train_core,1,0.4130134582519531,0,46.82737731933594,58.082481384277344,47.17354202270508,120.0,0.006527846213430166,0.0010225832229480147,11.255104064941406,0.3461647033691406,73.17262268066406,1.0607719421386719,2.25140380859375,3.5997695922851562,5.135772705078125,1
2160_0.67_0.84.png,44.24894714355469,0.9986523389816284,22.363876342773438,train_core,2,1.0379409790039062,0,44.24894714355469,57.142120361328125,44.48333740234375,120.0,0.00919587817043066,0.0008872935432009399,12.893173217773438,0.2343902587890625,75.75105285644531,1.0917434692382812,2.3278274536132812,3.7461204528808594,5.3955841064453125,1
2163_0.52_1.35.png,41.98759078979492,0.9963794946670532,17.58673667907715,train_core,3,1.7708396911621094,0,41.98759078979492,54.99164962768555,42.225616455078125,120.0,0.01184905506670475,0.0012539925519376993,13.004058837890625,0.23802566528320312,78.01240921020508,1.0934295654296875,2.3320159912109375,3.7542076110839844,5.410160064697266,1
2164_0.95_0.58.png,41.3885498046875,0.996152400970459,16.904659271240234,train_core,4,1.5723724365234375,0,41.3885498046875,56.262046813964844,41.53992462158203,120.0,0.011828041635453701,0.001036259694956243,14.873497009277344,0.15137481689453125,78.6114501953125,1.1165695190429688,2.3896865844726562,3.866344451904297,5.61431884765625,1
2166_0.99_0.93.png,38.77872848510742,0.991086483001709,17.177989959716797,train_core,0,0.3040962219238281,0,38.77872848510742,53.30547332763672,38.943885803222656,120.0,0.013557890430092812,0.0011346199316903949,14.526744842529297,0.16515731811523438,81.22127151489258,1.1129341125488281,2.380615234375,3.848663330078125,5.581974029541016,1
2167_0.55_0.91.png,42.63764953613281,0.9947532415390015,24.75501823425293,train_core,1,0.6595535278320312,0,42.63764953613281,56.32744598388672,42.835269927978516,120.0,0.009851845912635326,0.0008947383612394333,13.689796447753906,0.19762039184570312,77.36235046386719,1.1029472351074219,2.3557205200195312,3.8001861572265625,5.493499755859375,1
2169_0.78_0.79.png,45.66459274291992,0.9986759424209595,24.332550048828125,train_core,2,0.22791671752929688,0,45.66459274291992,56.416343688964844,46.05426025390625,120.0,0.006813349202275276,0.001020359224639833,10.751750946044922,0.3896675109863281,74.33540725708008,1.0487556457519531,2.2220077514648438,3.5442352294921875,5.039180755615234,1
2171_0.57_1.74.png,39.8035774230957,0.9957782030105591,19.471235275268555,train_core,3,0.3878059387207031,0,39.8035774230957,52.480133056640625,40.05313491821289,120.0,0.013075471855700016,0.0014775035670027137,12.676555633544922,0.2495574951171875,80.1964225769043,1.0878944396972656,2.3183021545410156,3.7278060913085938,5.362964630126953,1
2172_0.91_0.75.png,42.045257568359375,0.9980785250663757,22.544414520263672,train_core,4,0.9800796508789062,0,42.045257568359375,55.52549743652344,42.24809646606445,120.0,0.010988984256982803,0.0010667918249964714,13.480239868164062,0.20283889770507812,77.95474243164062,1.0998268127441406,2.348011016845703,3.7853927612304688,5.467002868652344,1
2173_0.67_1.56.png,41.66751480102539,0.9967643022537231,15.854562759399414,train_core,0,1.4619522094726562,0,41.66751480102539,53.89089584350586,41.94352722167969,120.0,0.011577466502785683,0.001307368860580027,12.223381042480469,0.2760124206542969,78.33248519897461,1.0803680419921875,2.2996864318847656,3.6919784545898438,5.298778533935547,1
2174_0.88_0.84.png,44.77867126464844,0.9980990290641785,17.52922821044922,train_core,1,0.5532493591308594,0,44.77867126464844,55.62767028808594,45.15797424316406,120.0,0.007584139704704285,0.0010425751097500324,10.8489990234375,0.379302978515625,75.22132873535156,1.0513763427734375,2.2283706665039062,3.556133270263672,5.059593200683594,1
2175_0.99_0.85.png,43.80559539794922,0.997707724571228,16.195587158203125,train_core,2,0.6466484069824219,0,43.80559539794922,54.89333724975586,44.164581298828125,120.0,0.008298228494822979,0.0010952181182801723,11.08774185180664,0.35898590087890625,76.19440460205078,1.0568771362304688,2.2418975830078125,3.58184814453125,5.104637145996094,1
2176_0.54_1.82.png,39.788330078125,0.9962203502655029,16.082063674926758,train_core,3,1.5092391967773438,0,39.788330078125,53.54667282104492,39.98207473754883,120.0,0.015242643654346466,0.0013888683170080185,13.758342742919922,0.19374465942382812,80.211669921875,1.1035804748535156,2.3572921752929688,3.8033294677734375,5.499408721923828,1
2177_1.0_1.8.png,32.55521774291992,0.9863518476486206,11.197492599487305,train_core,4,0.3245277404785156,0,32.55521774291992,51.75084686279297,32.61468505859375,120.0,0.030651729553937912,0.0015193205326795578,19.195629119873047,0.059467315673828125,87.44478225708008,1.1431846618652344,2.4566421508789062,3.9985427856445312,5.861392974853516,1
2178_0.88_1.13.png,41.218772888183594,0.9947396516799927,15.68559455871582,train_core,0,0.44439697265625,0,41.218772888183594,55.51978302001953,41.390411376953125,120.0,0.011507452465593815,0.0010682460851967335,14.301010131835938,0.17163848876953125,78.7812271118164,1.1103286743164062,2.3741226196289062,3.8360137939453125,5.558860778808594,1
2179_0.63_0.92.png,40.177703857421875,0.9972149729728699,20.882144927978516,train_core,1,1.4719161987304688,0,40.177703857421875,57.228477478027344,40.26812744140625,120.0,0.0155314477160573,0.0009227708796970546,17.05077362060547,0.090423583984375,79.82229614257812,1.1335525512695312,2.4323081970214844,3.950122833251953,5.769783020019531,1
217_0.79_0.54.png,38.526615142822266,0.9977177977561951,26.297256469726562,train_core,2,4.12750244140625,0,38.526615142822266,57.963050842285156,38.57635498046875,120.0,0.02004845067858696,0.0008633132092654705,19.43643569946289,0.049739837646484375,81.47338485717773,1.1447296142578125,2.4604835510253906,4.005943298339844,5.874736785888672,1
2180_0.99_1.66.png,34.18492889404297,0.988186240196228,11.765987396240234,train_core,3,0.50994873046875,0,34.18492889404297,52.49732208251953,34.25614547729492,120.0,0.025734897702932358,0.0014365626266226172,18.312393188476562,0.07121658325195312,85.81507110595703,1.1395912170410156,2.4476051330566406,3.9806251525878906,5.827583312988281,1
2181_0.81_0.73.png,45.87406921386719,0.9975123405456543,24.36547088623047,train_core,4,0.0796051025390625,0,45.87406921386719,58.040740966796875,46.1536750793457,120.0,0.006429963745176792,0.0007607752922922373,12.166671752929688,0.2796058654785156,74.12593078613281,1.0797080993652344,2.2980194091796875,3.688709259033203,5.292755126953125,1
2182_0.83_1.85.png,40.969154357910156,0.9951847791671753,17.722614288330078,train_core,0,1.5315132141113281,0,40.969154357910156,54.4597053527832,41.175838470458984,120.0,0.013616888783872128,0.0011169317876920104,13.490550994873047,0.20668411254882812,79.03084564208984,1.1003150939941406,2.3491439819335938,3.7874107360839844,5.470268249511719,1
2183_0.71_1.28.png,46.04786682128906,0.9973020553588867,21.95380210876465,train_core,1,-0.6138496398925781,1,46.04786682128906,56.874576568603516,46.429954528808594,120.0,0.006819594651460648,0.0009122179471887648,10.826709747314453,0.38208770751953125,73.95213317871094,1.0508346557617188,2.2270431518554688,3.5535964965820312,5.055133819580078,1
2184_0.86_1.39.png,42.740211486816406,0.9958442449569702,18.985206604003906,train_core,2,0.7254447937011719,0,42.740211486816406,55.52838134765625,42.98183822631836,120.0,0.01044181827455759,0.0009957669535651803,12.788169860839844,0.24162673950195312,77.2597885131836,1.0900115966796875,2.3235511779785156,3.7379302978515625,5.381031036376953,1
2185_0.57_1.6.png,42.19438552856445,0.9977104663848877,19.888111114501953,train_core,3,-0.810394287109375,1,42.19438552856445,57.15043640136719,42.340084075927734,120.0,0.01052407082170248,0.0009977876907214522,14.956050872802734,0.14569854736328125,77.80561447143555,1.1165618896484375,2.389751434326172,3.8666915893554688,5.615505218505859,1
218_0.71_1.25.png,36.578182220458984,0.996575117111206,19.44426155090332,train_core,4,3.748546600341797,0,36.578182220458984,55.601715087890625,36.632904052734375,120.0,0.02534671686589718,0.0011589081259444356,19.02353286743164,0.054721832275390625,83.42181777954102,1.1432266235351562,2.456684112548828,3.9983863830566406,5.860454559326172,1
2190_0.51_0.51.png,45.00614929199219,0.9991515874862671,29.090591430664062,train_core,0,1.1816902160644531,0,45.00614929199219,58.02052307128906,45.23289489746094,120.0,0.008198564872145653,0.0009033801034092903,13.014373779296875,0.22674560546875,74.99385070800781,1.093017578125,2.3310546875,3.7525100708007812,5.407470703125,1
2191_0.7_0.65.png,44.42852783203125,0.9988936185836792,25.623815536499023,train_core,1,1.1475448608398438,0,44.42852783203125,56.6612663269043,44.70027542114258,120.0,0.007919525727629662,0.0009952442487701774,12.232738494873047,0.2717475891113281,75.57147216796875,1.0803146362304688,2.299602508544922,3.6919403076171875,5.298954010009766,1
2192_0.68_1.84.png,38.95391082763672,0.9963263273239136,18.62918472290039,train_core,2,1.2143707275390625,0,38.95391082763672,52.40461730957031,39.16042709350586,120.0,0.016039704903960228,0.001575746457092464,13.450706481933594,0.20651626586914062,81.04608917236328,1.0990982055664062,2.3461837768554688,3.781890869140625,5.4608154296875,1
2194_0.94_1.6.png,36.91135787963867,0.9899470806121826,12.499632835388184,train_core,3,1.5779914855957031,0,36.91135787963867,50.958717346191406,37.09044647216797,120.0,0.019120674580335617,0.0016599524533376098,14.047359466552734,0.17908859252929688,83.08864212036133,1.1072463989257812,2.366436004638672,3.8210792541503906,5.531642913818359,1
2195_0.53_1.24.png,42.9668083190918,0.9962069988250732,19.25119972229004,train_core,4,0.3287086486816406,0,42.9668083190918,54.493595123291016,43.292625427246094,120.0,0.009191577322781086,0.0012607603566721082,11.526786804199219,0.3258171081542969,77.0331916809082,1.0662956237792969,2.2650070190429688,3.6257286071777344,5.181556701660156,1
2196_0.72_0.83.png,43.17737579345703,0.9966051578521729,19.322429656982422,train_core,0,1.311676025390625,0,43.17737579345703,55.58613204956055,43.44075012207031,120.0,0.009062240831553936,0.001099969376809895,12.408756256103516,0.26337432861328125,76.82262420654297,1.0836944580078125,2.3078880310058594,3.70770263671875,5.326759338378906,1
2197_0.51_1.2.png,44.24468231201172,0.9989227056503296,22.472366333007812,train_core,1,0.0831756591796875,0,44.24468231201172,55.83652114868164,44.573143005371094,120.0,0.008457910269498825,0.0011047311127185822,11.591838836669922,0.328460693359375,75.75531768798828,1.0680770874023438,2.269367218017578,3.6339950561523438,5.196022033691406,1
2198_0.89_1.09.png,43.838592529296875,0.9983245730400085,18.328670501708984,train_core,2,0.4712333679199219,0,43.838592529296875,55.345008850097656,44.16482925415039,120.0,0.008172607980668545,0.0010921282228082418,11.506416320800781,0.3262367248535156,76.16140747070312,1.0665397644042969,2.2655563354492188,3.626678466796875,5.183021545410156,1
2199_0.95_1.36.png,41.072227478027344,0.9973472952842712,15.979766845703125,train_core,3,1.2673797607421875,0,41.072227478027344,53.65770721435547,41.324066162109375,120.0,0.011300284415483475,0.0012654995080083609,12.585479736328125,0.25183868408203125,78.92777252197266,1.0868682861328125,2.3157501220703125,3.7228469848632812,5.353862762451172,1
2201_0.93_0.8.png,41.382225036621094,0.9938448667526245,20.747289657592773,train_core,4,0.16106414794921875,0,41.382225036621094,55.84431076049805,41.55402374267578,120.0,0.010753799229860306,0.0008400504593737423,14.462085723876953,0.1717987060546875,78.6177749633789,1.1107101440429688,2.375274658203125,3.8388748168945312,5.565502166748047,1
2202_0.65_1.33.png,40.94844055175781,0.9917558431625366,21.164161682128906,train_core,0,1.070526123046875,0,40.94844055175781,55.632041931152344,41.11026382446289,120.0,0.0122953737154603,0.0009633746813051403,14.683601379394531,0.16182327270507812,79.05155944824219,1.1137809753417969,2.3828887939453125,3.8534317016601562,5.5914459228515625,1
2203_0.58_1.48.png,40.02803421020508,0.9918157458305359,21.432811737060547,train_core,1,1.7285118103027344,0,40.02803421020508,55.41934585571289,40.165245056152344,120.0,0.013902874663472176,0.0010099526261910796,15.391311645507812,0.13721084594726562,79.97196578979492,1.1206512451171875,2.400035858154297,3.8869171142578125,5.652984619140625,1
2205_0.53_0.61.png,45.93418502807617,0.9981961250305176,27.3679256439209,train_core,2,1.3591766357421875,0,45.93418502807617,58.23274612426758,46.20573425292969,120.0,0.00764450803399086,0.0008918359526433051,12.298561096191406,0.2715492248535156,74.06581497192383,1.0807456970214844,2.300811767578125,3.6945838928222656,5.304317474365234,1
2206_0.7_1.0.png,42.48334503173828,0.9964038729667664,20.962627410888672,train_core,3,0.05396270751953125,0,42.48334503173828,56.17069625854492,42.682220458984375,120.0,0.010673913173377514,0.0010997665813192725,13.68735122680664,0.19887542724609375,77.51665496826172,1.1017417907714844,2.3529319763183594,3.7952842712402344,5.485675811767578,1
2207_0.53_1.2.png,42.91033172607422,0.9966468811035156,22.37485122680664,train_core,4,1.0550460815429688,0,42.91033172607422,55.94646072387695,43.140235900878906,120.0,0.010378490202128887,0.0011427152203395963,13.036128997802734,0.2299041748046875,77.08966827392578,1.0928421020507812,2.3307533264160156,3.7522125244140625,5.407524108886719,1
2208_0.72_0.51.png,45.88363265991211,0.9979079961776733,25.677352905273438,train_core,0,0.8925247192382812,0,45.88363265991211,58.30793762207031,46.1489143371582,120.0,0.006940625142306089,0.0008583362796343863,12.424304962158203,0.26528167724609375,74.11636734008789,1.0827217102050781,2.3057289123535156,3.704143524169922,5.3216400146484375,1
2209_0.83_1.05.png,42.6084098815918,0.9973809123039246,15.149551391601562,train_core,1,1.4709548950195312,0,42.6084098815918,55.48107147216797,42.844566345214844,120.0,0.01080916728824377,0.0012494471156969666,12.872661590576172,0.23615646362304688,77.3915901184082,1.0914306640625,2.3270530700683594,3.744647979736328,5.393009185791016,1
2210_0.81_1.94.png,37.9619255065918,0.9933406114578247,11.653522491455078,train_core,2,1.8697280883789062,0,37.9619255065918,52.46653747558594,38.12350082397461,120.0,0.018214400857686996,0.0017176051624119282,14.50461196899414,0.1615753173828125,82.0380744934082,1.112762451171875,2.380168914794922,3.8477325439453125,5.58013916015625,1
2211_0.99_1.45.png,37.937232971191406,0.9939948320388794,10.977184295654297,train_core,3,1.243133544921875,0,37.937232971191406,52.91194152832031,38.08469772338867,120.0,0.017537720501422882,0.0015790368197485805,14.974708557128906,0.14746475219726562,82.0627670288086,1.1175308227539062,2.3921051025390625,3.8710899353027344,5.623119354248047,1
2212_0.92_0.99.png,41.5568733215332,0.9968432188034058,14.287816047668457,train_core,4,1.2281417846679688,0,41.5568733215332,55.251731872558594,41.75205612182617,120.0,0.01204634364694357,0.0012614148436114192,13.69485855102539,0.19518280029296875,78.4431266784668,1.1031608581542969,2.3562240600585938,3.8011322021484375,5.495113372802734,1
2213_0.82_1.3.png,41.42436218261719,0.9957612752914429,14.969423294067383,train_core,0,0.6158599853515625,0,41.42436218261719,54.69922637939453,41.64470291137695,120.0,0.011720663867890835,0.001296489266678691,13.274864196777344,0.22034072875976562,78.57563781738281,1.0969200134277344,2.340789794921875,3.7714385986328125,5.441795349121094,1
2214_0.86_1.48.png,39.947086334228516,0.9947658777236938,13.61585521697998,train_core,1,0.6713142395019531,0,39.947086334228516,53.89274597167969,40.13331604003906,120.0,0.013421921990811825,0.0014021126553416252,13.945659637451172,0.18622970581054688,80.05291366577148,1.1058006286621094,2.362895965576172,3.814311981201172,5.519573211669922,1
2215_0.59_1.63.png,41.3068733215332,0.996002197265625,15.930718421936035,train_core,2,0.9375190734863281,0,41.3068733215332,53.99220275878906,41.57045364379883,120.0,0.011896530166268349,0.0013990217121317983,12.68532943725586,0.263580322265625,78.6931266784668,1.0874137878417969,2.317211151123047,3.725940704345703,5.360069274902344,1
2217_0.57_1.84.png,47.30358123779297,0.9932872653007507,16.371864318847656,train_core,3,-0.3369903564453125,1,47.30358123779297,57.70066833496094,47.73637771606445,120.0,0.005660687573254108,0.0010432197013869882,10.397087097167969,0.4327964782714844,72.69641876220703,1.0387954711914062,2.1977005004882812,3.4984970092773438,4.960235595703125,1
2219_0.78_1.0.png,45.87704086303711,0.9948289394378662,17.609479904174805,train_core,4,0.8945083618164062,0,45.87704086303711,58.891998291015625,46.10858917236328,120.0,0.006008166819810867,0.0008938920800574124,13.014957427978516,0.23154830932617188,74.12295913696289,1.0933799743652344,2.3319168090820312,3.754077911376953,5.410099029541016,1
2220_0.92_1.02.png,43.857948303222656,0.9937746524810791,15.765649795532227,train_core,0,1.0555915832519531,0,43.857948303222656,58.241241455078125,44.027984619140625,120.0,0.007354771252721548,0.0009468093630857766,14.383293151855469,0.17003631591796875,76.14205169677734,1.111236572265625,2.3763885498046875,3.840412139892578,5.566867828369141,1
2221_0.94_1.85.png,40.27725601196289,0.9870829582214355,10.077585220336914,train_core,1,1.3002700805664062,0,40.27725601196289,54.033912658691406,40.47903060913086,120.0,0.01205591019243002,0.0013575819320976734,13.756656646728516,0.20177459716796875,79.72274398803711,1.1031494140625,2.3562545776367188,3.8013229370117188,5.495883941650391,1
2223_0.72_1.73.png,44.54230880737305,0.9908304214477539,13.198644638061523,train_core,2,0.000148773193359375,0,44.54230880737305,55.440364837646484,44.93095779418945,120.0,0.00724038016051054,0.0012060379376634955,10.898056030273438,0.38864898681640625,75.45769119262695,1.0515213012695312,2.228778839111328,3.557037353515625,5.061531066894531,1
2224_0.88_1.42.png,42.781349182128906,0.98968905210495,12.334214210510254,train_core,3,1.0239791870117188,0,42.781349182128906,55.72676086425781,43.019866943359375,120.0,0.009040568955242634,0.0011703483760356903,12.945411682128906,0.23851776123046875,77.2186508178711,1.0919227600097656,2.328327178955078,3.7472305297851562,5.397979736328125,1
2226_0.9_1.84.png,45.15815734863281,0.9833094477653503,9.04877758026123,train_core,4,0.6601028442382812,0,45.15815734863281,53.056793212890625,46.02912139892578,120.0,0.0067448425106704235,0.0015848971670493484,7.8986358642578125,0.8709640502929688,74.84184265136719,0.9427604675292969,1.9676399230957031,3.0767860412597656,4.259624481201172,1
2227_0.88_1.42.png,46.95124816894531,0.9888194799423218,10.858551025390625,train_core,0,0.5446701049804688,0,46.95124816894531,54.524784088134766,47.872310638427734,120.0,0.0055284323170781136,0.0013650913024321198,7.573535919189453,0.9210624694824219,73.04875183105469,0.9262580871582031,1.9287796020507812,3.007251739501953,4.148052215576172,1
2228_0.86_1.99.png,44.94801330566406,0.9826421737670898,8.989377975463867,train_core,1,0.47542572021484375,0,44.94801330566406,52.8380012512207,45.82237243652344,120.0,0.006932942196726799,0.0016242843121290207,7.889987945556641,0.874359130859375,75.05198669433594,0.9423980712890625,1.9667739868164062,3.0752182006835938,4.2570648193359375,1
2229_0.71_0.55.png,47.39527130126953,0.9969755411148071,18.66733741760254,train_core,2,0.16988372802734375,0,47.39527130126953,57.69081115722656,47.831817626953125,120.0,0.005573721136897802,0.0010098275961354375,10.295539855957031,0.43654632568359375,72.60472869873047,1.0356483459472656,2.1901702880859375,3.4846458435058594,4.936954498291016,1
222_0.57_0.94.png,39.636474609375,0.9986693263053894,17.630294799804688,train_core,3,2.8818359375,0,39.636474609375,56.335453033447266,39.7305908203125,120.0,0.01640419289469719,0.0012569339014589787,16.698978424072266,0.0941162109375,80.363525390625,1.1314773559570312,2.4270668029785156,3.939746856689453,5.750312805175781,1
2230_0.73_1.5.png,40.6451416015625,0.9905216693878174,11.937788963317871,train_core,4,1.5226936340332031,0,40.6451416015625,52.93556213378906,40.924407958984375,120.0,0.01259747426956892,0.0016420306637883186,12.290420532226562,0.279266357421875,79.3548583984375,1.0801506042480469,2.299304962158203,3.6917495727539062,5.299602508544922,1
2231_0.71_0.89.png,43.85028839111328,0.9956973791122437,15.330735206604004,train_core,0,0.9062995910644531,0,43.85028839111328,55.6553955078125,44.15972900390625,120.0,0.008101826533675194,0.0012379951076582074,11.805107116699219,0.30944061279296875,76.14971160888672,1.0703582763671875,2.2752952575683594,3.646148681640625,5.219379425048828,1
2233_0.89_1.49.png,43.3297119140625,0.9909748435020447,10.718360900878906,train_core,1,0.19577407836914062,0,43.3297119140625,54.129371643066406,43.72274398803711,120.0,0.00933945830911398,0.001469871960580349,10.799659729003906,0.3930320739746094,76.6702880859375,1.0493392944335938,2.2234649658203125,3.5470504760742188,5.0442352294921875,1
2234_0.76_1.1.png,45.71273422241211,0.9945380687713623,14.209894180297852,train_core,2,0.3390769958496094,0,45.71273422241211,56.23183822631836,46.13165283203125,120.0,0.006941329687833786,0.0012002475559711456,10.51910400390625,0.4189186096191406,74.28726577758789,1.0415611267089844,2.2045021057128906,3.5114669799804688,4.983028411865234,1
2236_0.6_1.78.png,44.27686309814453,0.9929211139678955,13.429384231567383,train_core,3,0.40833282470703125,0,44.27686309814453,54.62104415893555,44.71853256225586,120.0,0.008228308521211147,0.0014292499981820583,10.344181060791016,0.4416694641113281,75.72313690185547,1.0364532470703125,2.1921463012695312,3.4884109497070312,4.943546295166016,1
2237_0.6_1.84.png,44.44779968261719,0.9942418336868286,16.506689071655273,train_core,4,0.05332183837890625,0,44.44779968261719,54.822486877441406,44.89350891113281,120.0,0.008101758547127247,0.0012555879075080156,10.374687194824219,0.445709228515625,75.55220031738281,1.0371818542480469,2.193859100341797,3.4914932250976562,4.948631286621094,1
2238_0.81_1.38.png,44.299072265625,0.9944426417350769,15.57829761505127,train_core,0,0.5865707397460938,0,44.299072265625,55.211463928222656,44.67769241333008,120.0,0.007879950106143951,0.0011791540309786797,10.912391662597656,0.3786201477050781,75.700927734375,1.0520896911621094,2.2301712036132812,3.5597190856933594,5.066272735595703,1
2239_0.97_0.71.png,45.69733428955078,0.9955254793167114,18.39369773864746,train_core,1,-0.2686920166015625,1,45.69733428955078,56.93511199951172,46.04753875732422,120.0,0.006475333124399185,0.0009648830746300519,11.237777709960938,0.3502044677734375,74.30266571044922,1.0599021911621094,2.2493247985839844,3.5960121154785156,5.129608154296875,1
223_1.0_0.79.png,38.43846130371094,0.9978217482566833,18.891313552856445,train_core,2,1.880645751953125,0,38.43846130371094,55.53300857543945,38.52484130859375,120.0,0.017031636089086533,0.0013100486248731613,17.094547271728516,0.0863800048828125,81.56153869628906,1.1339378356933594,2.4332733154296875,3.9520034790039062,5.773227691650391,1
2240_0.51_1.57.png,44.55099105834961,0.9957510828971863,18.634620666503906,train_core,3,0.261932373046875,0,44.55099105834961,55.6846809387207,44.9205207824707,120.0,0.007878516800701618,0.0011526320595294237,11.133689880371094,0.36952972412109375,75.44900894165039,1.0560111999511719,2.2399330139160156,3.5784950256347656,5.099700927734375,1
2241_0.69_1.9.png,42.522438049316406,0.9891071319580078,11.976892471313477,train_core,4,0.4123268127441406,0,42.522438049316406,53.29464340209961,42.923309326171875,120.0,0.009667851962149143,0.0015088344225659966,10.772205352783203,0.40087127685546875,77.4775619506836,1.0469017028808594,2.2176971435546875,3.5365982055664062,5.027107238769531,1
2243_0.75_1.64.png,42.38215637207031,0.9914829730987549,11.93963623046875,train_core,0,1.2111396789550781,0,42.38215637207031,53.72595977783203,42.73109817504883,120.0,0.009441488422453403,0.0014239855809137225,11.343803405761719,0.3489418029785156,77.61784362792969,1.0607223510742188,2.2515525817871094,3.6007232666015625,5.138946533203125,1
2244_0.77_1.02.png,44.77201843261719,0.9945237040519714,14.469993591308594,train_core,1,1.2174453735351562,0,44.77201843261719,55.95047378540039,45.13060760498047,120.0,0.007261296734213829,0.001134984428063035,11.178455352783203,0.35858917236328125,75.22798156738281,1.05755615234375,2.243671417236328,3.5855560302734375,5.1119842529296875,1
2245_0.55_0.94.png,43.2769775390625,0.9978026747703552,20.728164672851562,train_core,2,0.04723358154296875,0,43.2769775390625,56.03508758544922,43.52015686035156,120.0,0.0095297796651721,0.0012086645001545548,12.758110046386719,0.2431793212890625,76.7230224609375,1.0887451171875,2.32049560546875,3.732227325439453,5.3712158203125,1
2246_0.8_0.54.png,43.108882904052734,0.9981092214584351,21.10879135131836,train_core,3,-0.006549835205078125,0,43.108882904052734,57.40412139892578,43.27692413330078,120.0,0.008902142755687237,0.001020267722196877,14.295238494873047,0.16804122924804688,76.89111709594727,1.1100387573242188,2.3734169006347656,3.834705352783203,5.556591033935547,1
2247_0.9_1.37.png,38.13164138793945,0.9926244616508484,13.226987838745117,train_core,4,0.3723297119140625,0,38.13164138793945,52.37438201904297,38.302310943603516,120.0,0.017188094556331635,0.0016339445719495416,14.242740631103516,0.1706695556640625,81.86835861206055,1.109283447265625,2.371540069580078,3.8311119079589844,5.550209045410156,1
2248_0.61_0.82.png,43.08946990966797,0.9978646039962769,20.83979606628418,train_core,0,0.4428291320800781,0,43.08946990966797,56.40515899658203,43.301918029785156,120.0,0.010044141672551632,0.001153885037638247,13.315689086914062,0.2124481201171875,76.91053009033203,1.0974655151367188,2.3421249389648438,3.7739410400390625,5.446186065673828,1
2249_0.83_0.77.png,43.764957427978516,0.9972302317619324,16.08146858215332,train_core,1,-0.024234771728515625,0,43.764957427978516,55.783416748046875,44.05137634277344,120.0,0.008485899306833744,0.0011361887445673347,12.01845932006836,0.2864189147949219,76.23504257202148,1.0765228271484375,2.2901840209960938,3.6737937927246094,5.266490936279297,1
224_0.52_0.84.png,39.14223098754883,0.9988720417022705,17.173540115356445,train_core,2,1.5837860107421875,0,39.14223098754883,56.66092300415039,39.22016525268555,120.0,0.017646044492721558,0.0012093280674889684,17.518692016601562,0.07793426513671875,80.85776901245117,1.1363487243652344,2.4393463134765625,3.964008331298828,5.795722961425781,1
2250_0.67_1.7.png,40.887969970703125,0.9944480657577515,13.116965293884277,train_core,3,1.04345703125,0,40.887969970703125,52.457725524902344,41.21312713623047,120.0,0.01227498147636652,0.0016498164040967822,11.569755554199219,0.32515716552734375,79.11203002929688,1.0674972534179688,2.2679443359375,3.6313018798828125,5.191368103027344,1
2251_0.7_1.53.png,41.683631896972656,0.9950758814811707,13.324539184570312,train_core,4,0.8227462768554688,0,41.683631896972656,53.024959564208984,42.024784088134766,120.0,0.011201818473637104,0.0015509912045672536,11.341327667236328,0.3411521911621094,78.31636810302734,1.0625648498535156,2.255809783935547,3.6082229614257812,5.1507720947265625,1
2252_0.79_0.97.png,43.33389663696289,0.9967488050460815,14.998525619506836,train_core,0,0.23319244384765625,0,43.33389663696289,54.96390914916992,43.648677825927734,120.0,0.00888703390955925,0.0012456340482458472,11.630012512207031,0.31478118896484375,76.66610336303711,1.0688133239746094,2.2711753845214844,3.637462615966797,5.202171325683594,1
2253_0.9_0.97.png,42.876617431640625,0.998544454574585,18.29786491394043,train_core,1,0.039409637451171875,0,42.876617431640625,55.920494079589844,43.101959228515625,120.0,0.008797058835625648,0.001122990157455206,13.043876647949219,0.225341796875,77.12338256835938,1.0939292907714844,2.3332672119140625,3.7566795349121094,5.414741516113281,1
2254_0.99_0.51.png,45.99077224731445,0.9990929365158081,21.7418270111084,train_core,2,-0.4192543029785156,1,45.99077224731445,58.17626190185547,46.267845153808594,120.0,0.006453039590269327,0.0009064758778549731,12.185489654541016,0.2770729064941406,74.00922775268555,1.0797843933105469,2.298229217529297,3.6892127990722656,5.293865203857422,1
2255_0.54_0.94.png,46.13766098022461,0.9991037249565125,23.236112594604492,train_core,3,0.3169364929199219,0,46.13766098022461,56.8931884765625,46.53318405151367,120.0,0.006868094205856323,0.0010678911348804832,10.75552749633789,0.3955230712890625,73.86233901977539,1.0478363037109375,2.219860076904297,3.5403976440429688,5.0329742431640625,1
2256_0.67_0.67.png,48.50103759765625,0.9993178248405457,24.47504997253418,train_core,4,-0.11940765380859375,0,48.50103759765625,58.2091064453125,49.00631332397461,120.0,0.004786853678524494,0.0009413329535163939,9.70806884765625,0.5052757263183594,71.49896240234375,1.0186386108398438,2.1487655639648438,3.4070396423339844,4.803859710693359,1
2258_0.96_0.94.png,42.60874938964844,0.9975799918174744,18.497709274291992,train_core,0,1.0596389770507812,0,42.60874938964844,55.8623161315918,42.82720184326172,120.0,0.009837931953370571,0.0010396292200312018,13.25356674194336,0.21845245361328125,77.39125061035156,1.0956649780273438,2.337879180908203,3.7662391662597656,5.433338165283203,1
2259_0.79_0.9.png,45.55127716064453,0.9982701539993286,20.878637313842773,train_core,1,0.4612617492675781,0,45.55127716064453,57.18944549560547,45.87547302246094,120.0,0.0070302351377904415,0.0009733338956721127,11.638168334960938,0.32419586181640625,74.44872283935547,1.0671653747558594,2.2673683166503906,3.6308860778808594,5.192203521728516,1
225_0.53_0.84.png,38.91933059692383,0.9966751933097839,20.063753128051758,train_core,2,2.8720550537109375,0,38.91933059692383,52.98731231689453,39.09617233276367,120.0,0.014076963067054749,0.0015384642174467444,14.067981719970703,0.17684173583984375,81.08066940307617,1.1078376770019531,2.3678665161132812,3.8237342834472656,5.5361785888671875,1
2260_0.94_0.51.png,46.85456085205078,0.9988847970962524,23.361228942871094,train_core,3,0.1303558349609375,0,46.85456085205078,58.577491760253906,47.168128967285156,120.0,0.0059481593780219555,0.0008095651865005493,11.722930908203125,0.313568115234375,73.14543914794922,1.0688667297363281,2.2717056274414062,3.6393699645996094,5.207389831542969,1
2261_0.61_1.11.png,46.518775939941406,0.9929202795028687,14.737396240234375,train_core,4,0.20800018310546875,0,46.518775939941406,55.88812255859375,47.082332611083984,120.0,0.006036418490111828,0.001147015718743205,9.369346618652344,0.5635566711425781,73.4812240600586,1.0057907104492188,2.1177406311035156,3.3495864868164062,4.707233428955078,1
2262_0.79_1.73.png,42.52442169189453,0.9849428534507751,9.845233917236328,train_core,0,0.4969940185546875,0,42.52442169189453,52.693328857421875,42.98670196533203,120.0,0.009368457831442356,0.0015955971321091056,10.168907165527344,0.4622802734375,77.47557830810547,1.031890869140625,2.1808929443359375,3.4669837951660156,4.906158447265625,1
2263_0.68_0.81.png,47.08052062988281,0.9935263991355896,16.0797061920166,train_core,1,0.56951904296875,0,47.08052062988281,56.79003143310547,47.596893310546875,120.0,0.00567293306812644,0.0010271086357533932,9.709510803222656,0.5163726806640625,72.91947937011719,1.0177230834960938,2.1465835571289062,3.403106689453125,4.7976226806640625,1
2264_0.66_1.54.png,44.57048797607422,0.9901787042617798,11.982550621032715,train_core,2,0.103424072265625,0,44.57048797607422,54.153114318847656,45.1042594909668,120.0,0.007606216240674257,0.0013903481885790825,9.582626342773438,0.5337715148925781,75.42951202392578,1.0129890441894531,2.1350975036621094,3.381671905517578,4.761119842529297,1
2265_0.72_1.34.png,45.26993179321289,0.9860885143280029,11.03310489654541,train_core,3,0.5353813171386719,0,45.26993179321289,54.575439453125,45.841705322265625,120.0,0.006796280387789011,0.001244222978129983,9.30550765991211,0.5717735290527344,74.73006820678711,1.00433349609375,2.1142196655273438,3.343036651611328,4.696037292480469,1
2267_0.77_1.17.png,45.57884216308594,0.9879922866821289,11.310571670532227,train_core,4,0.5028457641601562,0,45.57884216308594,54.84534454345703,46.15451431274414,120.0,0.006467536557465792,0.0011966576566919684,9.266502380371094,0.5756721496582031,74.42115783691406,1.003021240234375,2.1110610961914062,3.33721923828125,4.686248779296875,1
2268_0.66_1.84.png,43.91313552856445,0.9814457893371582,9.915483474731445,train_core,0,0.5328865051269531,0,43.91313552856445,53.23474884033203,44.48974609375,120.0,0.00818919762969017,0.0014461068203672767,9.321613311767578,0.5766105651855469,76.08686447143555,1.0039634704589844,2.1133575439453125,3.3415374755859375,4.693759918212891,1
2269_0.52_1.13.png,49.549346923828125,0.9932725429534912,13.964508056640625,train_core,1,0.036777496337890625,0,49.549346923828125,58.04737854003906,50.25074005126953,120.0,0.004323769826442003,0.00100622174795717,8.498031616210938,0.7013931274414062,70.45065307617188,0.9701385498046875,2.0324974060058594,3.19378662109375,4.449485778808594,1
226_0.56_0.7.png,42.12138366699219,0.9974355697631836,21.02674102783203,train_core,2,2.5509681701660156,0,42.12138366699219,54.845394134521484,42.366424560546875,120.0,0.010130859911441803,0.0013186861760914326,12.724010467529297,0.2450408935546875,77.87861633300781,1.089141845703125,2.3213844299316406,3.7336769104003906,5.373218536376953,1
2270_0.78_1.2.png,48.710243225097656,0.9901761412620544,10.24222469329834,train_core,3,0.4030494689941406,0,48.710243225097656,56.82091522216797,49.49560546875,120.0,0.004843744914978743,0.0011350022396072745,8.110671997070312,0.7853622436523438,71.28975677490234,0.952667236328125,1.9909820556640625,3.1185646057128906,4.326671600341797,1
2271_0.6_1.89.png,46.64686584472656,0.9862803220748901,9.451251029968262,train_core,4,-0.23477935791015625,1,46.64686584472656,55.5458984375,47.29215621948242,120.0,0.006085768807679415,0.001321295858360827,8.899032592773438,0.6452903747558594,73.35313415527344,0.986114501953125,2.070648193359375,3.263355255126953,4.564079284667969,1
2272_0.52_1.23.png,49.107383728027344,0.9928556680679321,13.372732162475586,train_core,0,0.024814605712890625,0,49.107383728027344,57.73944091796875,49.78584671020508,120.0,0.004567191004753113,0.0010437465971335769,8.632057189941406,0.6784629821777344,70.89261627197266,0.9758377075195312,2.04608154296875,3.2184791564941406,4.490024566650391,1
2273_0.9_1.94.png,40.230125427246094,0.9940755367279053,13.274887084960938,train_core,1,0.6299209594726562,0,40.230125427246094,52.133792877197266,40.53008270263672,120.0,0.012439523823559284,0.0014946111477911472,11.903667449951172,0.299957275390625,79.7698745727539,1.0734672546386719,2.2827987670898438,3.660003662109375,5.242801666259766,1
2274_0.51_1.64.png,41.25566101074219,0.9968430399894714,18.94715118408203,train_core,2,1.4848136901855469,0,41.25566101074219,53.22633361816406,41.56140899658203,120.0,0.012463828548789024,0.0012584278592839837,11.970672607421875,0.30574798583984375,78.74433898925781,1.0752792358398438,2.287181854248047,3.668163299560547,5.2567901611328125,1
2275_0.88_1.27.png,42.74044418334961,0.9965430498123169,16.21232795715332,train_core,3,0.3045005798339844,0,42.74044418334961,54.65401077270508,43.037742614746094,120.0,0.009294726885855198,0.0011661582393571734,11.913566589355469,0.2972984313964844,77.25955581665039,1.0741348266601562,2.284374237060547,3.6628494262695312,5.247402191162109,1
2276_0.77_1.55.png,42.13941192626953,0.9964109659194946,16.34640884399414,train_core,4,1.114898681640625,0,42.13941192626953,54.006927490234375,42.4504280090332,120.0,0.010427444241940975,0.0012534568086266518,11.867515563964844,0.3110160827636719,77.86058807373047,1.073638916015625,2.283100128173828,3.6602630615234375,5.2425384521484375,1
2277_0.69_0.53.png,48.94922637939453,0.997963547706604,26.110898971557617,train_core,0,-0.06623077392578125,0,48.94922637939453,58.69157409667969,49.45623779296875,120.0,0.004308308009058237,0.000801313144620508,9.742347717285156,0.5070114135742188,71.05077362060547,1.0192451477050781,2.1503257751464844,3.41015625,4.8095855712890625,1
2278_0.76_0.76.png,46.77262878417969,0.9973956942558289,22.359718322753906,train_core,1,0.17206573486328125,0,46.77262878417969,56.990997314453125,47.220977783203125,120.0,0.005324384197592735,0.0009399334085173905,10.218368530273438,0.4483489990234375,73.22737121582031,1.0337104797363281,2.1854209899902344,3.4756507873535156,4.9212646484375,1
2279_0.82_0.88.png,45.62834930419922,0.9968312978744507,20.476224899291992,train_core,2,0.31194305419921875,0,45.62834930419922,56.15144348144531,46.043922424316406,120.0,0.0059091635048389435,0.0010154868941754103,10.523094177246094,0.4155731201171875,74.37165069580078,1.0419845581054688,2.2055892944335938,3.5135536193847656,4.986637115478516,1
227_0.91_0.64.png,41.58390808105469,0.9963666796684265,17.135204315185547,train_core,3,1.1684799194335938,0,41.58390808105469,55.11575698852539,41.78385925292969,120.0,0.010484782047569752,0.0013000603066757321,13.531848907470703,0.199951171875,78.41609191894531,1.1009902954101562,2.3508033752441406,3.790576934814453,5.475894927978516,1
2280_0.66_0.52.png,49.18014907836914,0.9980154037475586,26.65692901611328,train_core,4,-0.18764114379882812,0,49.18014907836914,58.899658203125,49.69019317626953,120.0,0.00421898951753974,0.0007905463571660221,9.71950912475586,0.5100440979003906,70.81985092163086,1.0185775756835938,2.1486778259277344,3.407054901123047,4.804279327392578,1
2281_0.68_0.81.png,47.09028244018555,0.9969499111175537,20.381376266479492,train_core,0,0.16952896118164062,0,47.09028244018555,58.29349899291992,47.45201110839844,120.0,0.006187946069985628,0.000839581189211458,11.203216552734375,0.3617286682128906,72.90971755981445,1.058807373046875,2.2466812133789062,3.5910568237304688,5.1210784912109375,1
2282_0.93_1.05.png,45.268192291259766,0.9948840141296387,16.403419494628906,train_core,1,1.0275001525878906,0,45.268192291259766,56.68044662475586,45.6086540222168,120.0,0.006895203143358231,0.0009588723187334836,11.412254333496094,0.34046173095703125,74.73180770874023,1.0640602111816406,2.2595252990722656,3.6153526306152344,5.163410186767578,1
2283_0.58_1.18.png,46.44727325439453,0.9961661100387573,18.08838653564453,train_core,2,0.407318115234375,0,46.44727325439453,56.923561096191406,46.89522171020508,120.0,0.0065903207287192345,0.0009636792819947004,10.476287841796875,0.4479484558105469,73.55272674560547,1.0392074584960938,2.1990127563476562,3.5016403198242188,4.967041015625,1
2284_0.77_1.53.png,43.42861557006836,0.9944183230400085,15.576934814453125,train_core,3,1.0679244995117188,0,43.42861557006836,55.717529296875,43.71566390991211,120.0,0.009251478128135204,0.0010941295186057687,12.28891372680664,0.28704833984375,76.57138442993164,1.0811233520507812,2.301555633544922,3.695629119873047,5.3054046630859375,1
2285_0.67_1.0.png,46.623924255371094,0.9963094592094421,16.401412963867188,train_core,4,0.9822731018066406,0,46.623924255371094,56.74087905883789,47.0915412902832,120.0,0.006021051201969385,0.0010201469995081425,10.116954803466797,0.4676170349121094,73.3760757446289,1.029449462890625,2.1752395629882812,3.4569931030273438,4.890224456787109,1
2286_0.56_1.51.png,45.31340026855469,0.9951450228691101,15.206026077270508,train_core,0,0.8790206909179688,0,45.31340026855469,55.273033142089844,45.804710388183594,120.0,0.007228960283100605,0.0012039457214996219,9.959632873535156,0.49131011962890625,74.68659973144531,1.0248336791992188,2.1639022827148438,3.4355926513671875,4.853309631347656,1
2287_0.52_0.93.png,47.788795471191406,0.9966033697128296,19.023639678955078,train_core,1,0.46482086181640625,0,47.788795471191406,57.51957321166992,48.30328369140625,120.0,0.005573034752160311,0.0009607193642295897,9.730777740478516,0.5144882202148438,72.2112045288086,1.0178108215332031,2.1469573974609375,3.4040908813476562,4.799800872802734,1
2288_0.81_1.07.png,45.27257537841797,0.9954856634140015,14.235618591308594,train_core,2,0.7575454711914062,0,45.27257537841797,55.74977111816406,45.70057678222656,120.0,0.0065878634341061115,0.0011036342475563288,10.477195739746094,0.42800140380859375,74.72742462158203,1.0397796630859375,2.200359344482422,3.5040664672851562,4.970973968505859,1
228_0.81_0.73.png,41.61662673950195,0.9963390827178955,17.425846099853516,train_core,3,1.4465293884277344,0,41.61662673950195,54.857025146484375,41.83197021484375,120.0,0.010775438509881496,0.001349549158476293,13.240398406982422,0.21534347534179688,78.38337326049805,1.0969657897949219,2.3407974243164062,3.7711830139160156,5.440788269042969,1
2291_0.76_1.03.png,43.498863220214844,0.9959191679954529,15.013301849365234,train_core,4,0.9879074096679688,0,43.498863220214844,55.02521896362305,43.8240852355957,120.0,0.008296089246869087,0.0012737300712615252,11.526355743408203,0.3252220153808594,76.50113677978516,1.0665054321289062,2.265522003173828,3.6267318725585938,5.183353424072266,1
2292_0.82_1.71.png,39.842315673828125,0.9920558333396912,10.947007179260254,train_core,0,0.898590087890625,0,39.842315673828125,52.27410888671875,40.10777282714844,120.0,0.012853187508881092,0.001668590004555881,12.431793212890625,0.2654571533203125,80.15768432617188,1.0839500427246094,2.3085403442382812,3.709014892578125,5.329235076904297,1
2293_0.61_1.53.png,42.80685043334961,0.9970988035202026,16.859649658203125,train_core,1,0.09819793701171875,0,42.80685043334961,54.32444763183594,43.14610290527344,120.0,0.010366169735789299,0.0014437151839956641,11.517597198486328,0.3392524719238281,77.19314956665039,1.0656471252441406,2.263538360595703,3.6232337951660156,5.177761077880859,1
2294_1.0_1.16.png,38.51923751831055,0.9961368441581726,12.934362411499023,train_core,2,0.8620681762695312,0,38.51923751831055,54.09011459350586,38.65350341796875,120.0,0.015635281801223755,0.0014161599101498723,15.570877075195312,0.13426589965820312,81.48076248168945,1.1200828552246094,2.398956298828125,3.8857460021972656,5.6529693603515625,1
2295_0.81_1.9.png,37.428707122802734,0.9947035312652588,12.611215591430664,train_core,3,1.5536689758300781,0,37.428707122802734,52.081302642822266,37.593292236328125,120.0,0.018212856724858284,0.0017675113631412387,14.652595520019531,0.16458511352539062,82.57129287719727,1.1123695373535156,2.3795242309570312,3.8473281860351562,5.581310272216797,1
2296_0.9_0.71.png,42.97258377075195,0.998033881187439,17.6081600189209,train_core,4,-0.08885955810546875,0,42.97258377075195,56.582149505615234,43.17844772338867,120.0,0.00980937760323286,0.0011151585495099425,13.609565734863281,0.20586395263671875,77.02741622924805,1.0994758605957031,2.3474998474121094,3.7853012084960938,5.468830108642578,1
2297_0.82_1.01.png,43.492427825927734,0.9980082511901855,19.716264724731445,train_core,0,0.19873428344726562,0,43.492427825927734,55.51799392700195,43.783912658691406,120.0,0.0088654151186347,0.0011538948165252805,12.025566101074219,0.2914848327636719,76.50757217407227,1.0757255554199219,2.288410186767578,3.670825958251953,5.262126922607422,1
2298_0.55_1.86.png,41.84150314331055,0.9975500106811523,20.548189163208008,train_core,1,1.0240440368652344,0,41.84150314331055,53.82121658325195,42.14115905761719,120.0,0.010996329598128796,0.0014154469827190042,11.979713439941406,0.2996559143066406,78.15849685668945,1.0732269287109375,2.282543182373047,3.6602745056152344,5.244785308837891,1
2299_0.98_1.19.png,40.61775588989258,0.9963581562042236,16.18810272216797,train_core,2,0.22949600219726562,0,40.61775588989258,53.699623107910156,40.84573745727539,120.0,0.012783171609044075,0.0013533486053347588,13.081867218017578,0.2279815673828125,79.38224411010742,1.0934410095214844,2.332233428955078,3.7551116943359375,5.41290283203125,1
22_0.58_0.64.png,36.21438217163086,0.9967207312583923,20.959579467773438,train_core,3,2.6946067810058594,0,36.21438217163086,59.22251892089844,36.23622512817383,120.0,0.025190992280840874,0.0007044107187539339,23.008136749267578,0.02184295654296875,83.78561782836914,1.1531791687011719,2.4818649291992188,4.048549652099609,5.955738067626953,1
2300_0.99_1.84.png,38.042205810546875,0.9933187365531921,13.227444648742676,train_core,4,0.083892822265625,0,38.042205810546875,51.526824951171875,38.24837112426758,120.0,0.01763014681637287,0.0017114467918872833,13.484619140625,0.20616531372070312,81.95779418945312,1.0994186401367188,2.3470687866210938,3.783740997314453,5.464385986328125,1
2301_0.82_0.88.png,44.16100311279297,0.9982494115829468,17.922733306884766,train_core,0,0.886383056640625,0,44.16100311279297,56.05156707763672,44.45780944824219,120.0,0.008344282396137714,0.0011887159198522568,11.89056396484375,0.29680633544921875,75.83899688720703,1.0741729736328125,2.2843666076660156,3.6626319885253906,5.246631622314453,1
2302_0.67_1.5.png,42.260284423828125,0.9974901676177979,17.10565948486328,train_core,1,1.3328323364257812,0,42.260284423828125,54.650604248046875,42.5245361328125,120.0,0.01049424521625042,0.001404637354426086,12.39031982421875,0.264251708984375,77.73971557617188,1.083160400390625,2.3066024780273438,3.7053260803222656,5.3227081298828125,1
2303_0.52_1.19.png,46.24671173095703,0.9987496137619019,21.42483139038086,train_core,2,0.5725021362304688,0,46.24671173095703,56.20349884033203,46.721588134765625,120.0,0.007049448322504759,0.0012273065512999892,9.956787109375,0.47487640380859375,73.75328826904297,1.0266189575195312,2.1680374145507812,3.44281005859375,4.864452362060547,1
2304_0.95_0.99.png,42.25945281982422,0.9971081614494324,15.180789947509766,train_core,3,0.3034477233886719,0,42.25945281982422,54.788536071777344,42.51585388183594,120.0,0.010507543571293354,0.0013166642747819424,12.529083251953125,0.25640106201171875,77.74054718017578,1.085418701171875,2.3122291564941406,3.716228485107422,5.342376708984375,1
2305_0.57_1.54.png,36.9995231628418,0.9967169761657715,19.904722213745117,train_core,4,3.8789024353027344,0,36.9995231628418,53.16120147705078,37.11394500732422,120.0,0.02035709097981453,0.0011802326189354062,16.161678314208984,0.11442184448242188,83.0004768371582,1.1273536682128906,2.4167556762695312,3.9195518493652344,5.712955474853516,1
2306_0.93_1.08.png,35.41505432128906,0.9956583976745605,18.0458984375,train_core,0,2.9578323364257812,0,35.41505432128906,53.458919525146484,35.49264907836914,120.0,0.019879955798387527,0.0010962180094793439,18.043865203857422,0.07759475708007812,84.58494567871094,1.1386833190917969,2.4452857971191406,3.975921630859375,5.81842041015625,1
2307_0.75_1.96.png,33.26224136352539,0.9946150779724121,17.534345626831055,train_core,1,2.2068862915039062,0,33.26224136352539,51.15667724609375,33.34083938598633,120.0,0.02846149168908596,0.0014333560829982162,17.89443588256836,0.0785980224609375,86.73775863647461,1.1381340026855469,2.4438629150390625,3.9729957580566406,5.8126983642578125,1
2308_0.76_0.92.png,39.92463684082031,0.9971319437026978,22.027729034423828,train_core,2,4.187076568603516,0,39.92463684082031,56.26877212524414,40.03399658203125,120.0,0.014519980177283287,0.0009102465701289475,16.344135284423828,0.1093597412109375,80.07536315917969,1.1286773681640625,2.4200820922851562,3.926116943359375,5.725242614746094,1
2309_0.84_1.77.png,35.68614196777344,0.9953857660293579,17.417186737060547,train_core,3,1.6316986083984375,0,35.68614196777344,54.00199890136719,35.76108932495117,120.0,0.02310585230588913,0.0012753381161019206,18.31585693359375,0.07494735717773438,84.31385803222656,1.1376419067382812,2.442981719970703,3.9722137451171875,5.813571929931641,1
2312_0.83_1.96.png,35.06778335571289,0.9950058460235596,16.98719024658203,train_core,4,1.5634613037109375,0,35.06778335571289,53.50520706176758,35.14116668701172,120.0,0.024810196831822395,0.0013409414095804095,18.437423706054688,0.07338333129882812,84.93221664428711,1.138092041015625,2.4441146850585938,3.974468231201172,5.817905426025391,1
2314_0.51_1.78.png,39.8660774230957,0.9944853186607361,16.696380615234375,train_core,0,1.3571128845214844,0,39.8660774230957,53.74231719970703,40.05902862548828,120.0,0.01518196240067482,0.0013575941557064652,13.876239776611328,0.19295120239257812,80.1339225769043,1.1051750183105469,2.3612442016601562,3.8108863830566406,5.5128936767578125,1
2315_0.84_1.1.png,39.923648834228516,0.9945849180221558,15.865410804748535,train_core,1,0.9650192260742188,0,39.923648834228516,54.907920837402344,40.068580627441406,120.0,0.014451147988438606,0.0011589472414925694,14.984272003173828,0.14493179321289062,80.07635116577148,1.1176643371582031,2.392436981201172,3.8717308044433594,5.624271392822266,1
2316_0.6_0.62.png,46.341854095458984,0.9982208609580994,23.140701293945312,train_core,2,0.09222412109375,0,46.341854095458984,58.672122955322266,46.61328887939453,120.0,0.007070116698741913,0.0008383470121771097,12.330268859863281,0.2714347839355469,73.65814590454102,1.0823631286621094,2.304607391357422,3.701404571533203,5.315517425537109,1
2317_0.62_1.27.png,39.28379821777344,0.9966524839401245,20.641361236572266,train_core,3,0.39070892333984375,0,39.28379821777344,56.72126388549805,39.368980407714844,120.0,0.01669379137456417,0.0009938619332388043,17.43746566772461,0.08518218994140625,80.71620178222656,1.1351470947265625,2.4364242553710938,3.958538055419922,5.786159515380859,1
2318_0.59_1.42.png,37.467620849609375,0.9960696697235107,19.842588424682617,train_core,4,1.0338287353515625,0,37.467620849609375,56.05183029174805,37.53253173828125,120.0,0.020551711320877075,0.0010476328898221254,18.584209442138672,0.064910888671875,82.53237915039062,1.141021728515625,2.451171875,3.987590789794922,5.840427398681641,1
2319_0.9_0.55.png,39.887672424316406,0.998060405254364,23.89053726196289,train_core,0,1.4461898803710938,0,39.887672424316406,58.51523971557617,39.955238342285156,120.0,0.014280234463512897,0.0007288699853233993,18.627567291259766,0.06756591796875,80.1123275756836,1.1416130065917969,2.4526214599609375,3.990314483642578,5.845222473144531,1
231_0.77_0.73.png,41.70551681518555,0.9982682466506958,18.529699325561523,train_core,1,2.196605682373047,0,41.70551681518555,55.98085021972656,41.87091064453125,120.0,0.011647718027234077,0.0012052353704348207,14.275333404541016,0.16539382934570312,78.29448318481445,1.1104469299316406,2.3743629455566406,3.8363571166992188,5.559185028076172,1
2320_0.98_0.73.png,37.6423225402832,0.997464120388031,20.516742706298828,train_core,2,1.9396858215332031,0,37.6423225402832,56.68206787109375,37.70602035522461,120.0,0.019186697900295258,0.0008495513466186821,19.039745330810547,0.06369781494140625,82.3576774597168,1.1432609558105469,2.4567794799804688,3.9985733032226562,5.860820770263672,1
2322_0.85_1.02.png,40.094139099121094,0.9959836006164551,16.218059539794922,train_core,3,1.3729133605957031,0,40.094139099121094,54.76518630981445,40.24927520751953,120.0,0.013551848009228706,0.001127862255088985,14.67104721069336,0.1551361083984375,79.9058609008789,1.1139907836914062,2.383350372314453,3.854206085205078,5.592582702636719,1
2323_0.8_0.67.png,44.00984191894531,0.9977943301200867,19.9468994140625,train_core,4,0.5654220581054688,0,44.00984191894531,56.86439895629883,44.246524810791016,120.0,0.008531435392796993,0.0009078770526684821,12.854557037353516,0.23668289184570312,75.99015808105469,1.0908279418945312,2.3256263732910156,3.7420120239257812,5.388576507568359,1
2324_0.86_1.5.png,37.21381378173828,0.9931990504264832,13.71364688873291,train_core,0,1.4322776794433594,0,37.21381378173828,52.747901916503906,37.34051513671875,120.0,0.019711149856448174,0.0013856730656698346,15.534088134765625,0.12670135498046875,82.78618621826172,1.1225318908691406,2.4046554565429688,3.8957443237304688,5.6687469482421875,1
2326_0.78_0.7.png,44.682350158691406,0.9988986253738403,27.84560775756836,train_core,1,1.9788360595703125,0,44.682350158691406,59.998008728027344,44.81405258178711,120.0,0.008157367818057537,0.0006335453363135457,15.315658569335938,0.13170242309570312,75.3176498413086,1.1206474304199219,2.399921417236328,3.886432647705078,5.6514739990234375,1
2327_0.63_0.89.png,46.620750427246094,0.9990510940551758,28.994823455810547,train_core,2,0.8796157836914062,0,46.620750427246094,60.08930587768555,46.82451629638672,120.0,0.007059753872454166,0.0006577547173947096,13.468555450439453,0.203765869140625,73.3792495727539,1.1001205444335938,2.348651885986328,3.78643798828125,5.468448638916016,1
2328_0.86_1.07.png,44.81795883178711,0.9982982873916626,23.145057678222656,train_core,3,0.7385101318359375,0,44.81795883178711,58.10173034667969,45.030269622802734,120.0,0.008121082559227943,0.0007779488223604858,13.283771514892578,0.212310791015625,75.18204116821289,1.0976638793945312,2.342540740966797,3.7745895385742188,5.446968078613281,1
2329_0.66_1.73.png,39.16361618041992,0.9972894191741943,23.472957611083984,train_core,4,1.7091636657714844,0,39.16361618041992,55.22826385498047,39.27465057373047,120.0,0.018329884856939316,0.0010425589280202985,16.064647674560547,0.11103439331054688,80.83638381958008,1.1269416809082031,2.415691375732422,3.9173545837402344,5.708644866943359,1
232_0.56_1.2.png,39.71131896972656,0.9977444410324097,16.300926208496094,train_core,0,2.7105026245117188,0,39.71131896972656,54.82238006591797,39.8473014831543,120.0,0.016329191625118256,0.001346798031590879,15.111061096191406,0.13598251342773438,80.28868103027344,1.119049072265625,2.3958816528320312,3.878429412841797,5.6364898681640625,1
2330_0.55_1.2.png,42.43018341064453,0.9981770515441895,26.266002655029297,train_core,1,0.2899055480957031,0,42.43018341064453,56.77709197998047,42.59580993652344,120.0,0.012411846779286861,0.0008892721380107105,14.346908569335938,0.16562652587890625,77.56981658935547,1.1110305786132812,2.375835418701172,3.8392791748046875,5.5646514892578125,1
2331_0.98_0.96.png,42.003623962402344,0.9976031184196472,21.068336486816406,train_core,2,0.8554534912109375,0,42.003623962402344,55.5906867980957,42.2027587890625,120.0,0.011746970936655998,0.0009535358403809369,13.58706283569336,0.19913482666015625,77.99637603759766,1.1018753051757812,2.3530120849609375,3.7948532104492188,5.4836273193359375,1
2332_0.85_1.57.png,39.979976654052734,0.9968476295471191,20.10709571838379,train_core,3,1.3648948669433594,0,39.979976654052734,54.420005798339844,40.14278793334961,120.0,0.014908372424542904,0.0010915218153968453,14.44002914428711,0.162811279296875,80.02002334594727,1.1120758056640625,2.378467559814453,3.844432830810547,5.574123382568359,1
2333_0.64_1.4.png,39.013648986816406,0.9968795776367188,21.422245025634766,train_core,4,2.816253662109375,0,39.013648986816406,55.366329193115234,39.11948776245117,120.0,0.01769845373928547,0.0010649756295606494,16.352680206298828,0.10583877563476562,80.9863510131836,1.1288223266601562,2.4204483032226562,3.9268150329589844,5.726459503173828,1
2334_0.56_0.79.png,43.025177001953125,0.9983282089233398,27.371702194213867,train_core,0,1.7673454284667969,0,43.025177001953125,57.28755187988281,43.1960334777832,120.0,0.010062925517559052,0.0008366638794541359,14.262374877929688,0.17085647583007812,76.97482299804688,1.1100234985351562,2.3733139038085938,3.8343582153320312,5.555633544921875,1
2335_0.51_0.53.png,45.198177337646484,0.9986234903335571,30.823162078857422,train_core,1,0.7877349853515625,0,45.198177337646484,58.54276657104492,45.40849304199219,120.0,0.007334679830819368,0.0007141018286347389,13.344589233398438,0.21031570434570312,74.80182266235352,1.0982856750488281,2.3440895080566406,3.777568817138672,5.452342987060547,1
2336_0.74_1.8.png,35.662620544433594,0.9943898916244507,17.143281936645508,train_core,2,2.8780136108398438,0,35.662620544433594,53.336219787597656,35.74180221557617,120.0,0.025213727727532387,0.0012842172291129827,17.673599243164062,0.07918167114257812,84.3373794555664,1.1370620727539062,2.4411468505859375,3.9676170349121094,5.802589416503906,1
2337_0.57_0.65.png,47.55412292480469,0.998685359954834,22.67717170715332,train_core,3,0.301055908203125,0,47.55412292480469,58.37180709838867,47.939903259277344,120.0,0.005976732354611158,0.000967011961620301,10.817684173583984,0.38578033447265625,72.44587707519531,1.0499343872070312,2.224933624267578,3.549854278564453,5.049125671386719,1
2339_0.59_1.55.png,37.88206100463867,0.9965351819992065,16.72217559814453,train_core,4,2.370410919189453,0,37.88206100463867,54.459632873535156,37.984230041503906,120.0,0.020191509276628494,0.0014098691754043102,16.577571868896484,0.10216903686523438,82.11793899536133,1.1304588317871094,2.4245223999023438,3.934764862060547,5.741123199462891,1
233_0.75_1.0.png,40.527687072753906,0.997005820274353,15.902387619018555,train_core,0,1.8560409545898438,0,40.527687072753906,54.189735412597656,40.72309112548828,120.0,0.013934935443103313,0.0015611775452271104,13.66204833984375,0.195404052734375,79.4723129272461,1.1028633117675781,2.355457305908203,3.7995872497558594,5.492195129394531,1
2341_0.86_0.68.png,43.40313720703125,0.9979046583175659,22.818328857421875,train_core,1,1.6361923217773438,0,43.40313720703125,56.230350494384766,43.64530563354492,120.0,0.00856473296880722,0.001037950161844492,12.827213287353516,0.24216842651367188,76.59686279296875,1.0903167724609375,2.324359893798828,3.739593505859375,5.384246826171875,1
2344_0.82_1.64.png,41.061561584472656,0.9954209327697754,17.095157623291016,train_core,2,0.5209579467773438,0,41.061561584472656,53.6102294921875,41.31995391845703,120.0,0.012002675794064999,0.0014315982116386294,12.548667907714844,0.258392333984375,78.93843841552734,1.0849380493164062,2.3111953735351562,3.714588165283203,5.340167999267578,1
2345_0.9_0.78.png,43.04012680053711,0.997451663017273,18.866355895996094,train_core,3,0.7210502624511719,0,43.04012680053711,57.16915512084961,43.222808837890625,120.0,0.009466762654483318,0.0009771300246939063,14.1290283203125,0.18268203735351562,76.95987319946289,1.1058769226074219,2.3634605407714844,3.8163185119628906,5.525257110595703,1
2346_0.83_0.8.png,42.95802688598633,0.9976519346237183,19.773183822631836,train_core,4,0.9916000366210938,0,42.95802688598633,57.43012237548828,43.126869201660156,120.0,0.010104069486260414,0.0009628964471630752,14.472095489501953,0.16884231567382812,77.04197311401367,1.1101913452148438,2.3741416931152344,3.836925506591797,5.562477111816406,1
2347_0.5_1.72.png,43.00957489013672,0.9973578453063965,19.4320068359375,train_core,0,1.0669021606445312,0,43.00957489013672,55.906681060791016,43.251834869384766,120.0,0.009823297150433064,0.001195149845443666,12.897106170654297,0.24225997924804688,76.99042510986328,1.0890655517578125,2.3216400146484375,3.7352333068847656,5.378379821777344,1
2348_0.52_0.95.png,43.91577911376953,0.9986054301261902,23.14569091796875,train_core,1,0.8577041625976562,0,43.91577911376953,58.16746520996094,44.09009552001953,120.0,0.009705569595098495,0.000935650838073343,14.251686096191406,0.17431640625,76.08422088623047,1.1086349487304688,2.3701095581054688,3.82867431640625,5.546485900878906,1
2349_0.65_1.14.png,43.06802749633789,0.9978563785552979,21.340015411376953,train_core,2,1.0133934020996094,0,43.06802749633789,56.739784240722656,43.267791748046875,120.0,0.010973038151860237,0.001010881387628615,13.671756744384766,0.19976425170898438,76.93197250366211,1.10205078125,2.3535499572753906,3.7961769104003906,5.486759185791016,1
2350_0.56_1.41.png,41.731239318847656,0.9976345896720886,21.10823631286621,train_core,3,2.1559791564941406,0,41.731239318847656,56.04322814941406,41.90070724487305,120.0,0.013466965407133102,0.0010911612771451473,14.311988830566406,0.16946792602539062,78.26876068115234,1.1097946166992188,2.37286376953125,3.833751678466797,5.555171966552734,1
2351_0.65_0.57.png,47.89408874511719,0.9990002512931824,26.134014129638672,train_core,4,0.116180419921875,0,47.89408874511719,59.469482421875,48.215641021728516,120.0,0.005859732162207365,0.0007653576321899891,11.575393676757812,0.3215522766113281,72.10591125488281,1.0677032470703125,2.2684593200683594,3.6322860717773438,5.1930084228515625,1
2352_0.71_1.87.png,39.15287780761719,0.99448561668396,17.402679443359375,train_core,0,1.1422042846679688,0,39.15287780761719,53.543212890625,39.32189178466797,120.0,0.015874268487095833,0.0013254368677735329,14.390335083007812,0.16901397705078125,80.84712219238281,1.1101837158203125,2.3739395141601562,3.83612060546875,5.560096740722656,1
2353_0.86_0.69.png,47.18829345703125,0.9979609251022339,20.987241744995117,train_core,1,-0.15838241577148438,0,47.18829345703125,59.00874710083008,47.492008209228516,120.0,0.0055096871219575405,0.0008028509910218418,11.820453643798828,0.3037147521972656,72.81170654296875,1.0721664428710938,2.279541015625,3.6536636352539062,5.23126220703125,1
2354_0.59_1.78.png,43.47776412963867,0.9971965551376343,18.743324279785156,train_core,2,1.7843513488769531,0,43.47776412963867,56.423126220703125,43.727577209472656,120.0,0.00813908502459526,0.0010784907499328256,12.945362091064453,0.24981307983398438,76.52223587036133,1.0870170593261719,2.3171005249023438,3.7276344299316406,5.367084503173828,1
2355_0.87_1.85.png,41.09539794921875,0.9944798350334167,13.844672203063965,train_core,3,0.6233291625976562,0,41.09539794921875,54.829490661621094,41.291725158691406,120.0,0.010882709175348282,0.0012300831731408834,13.734092712402344,0.19632720947265625,78.90460205078125,1.1024818420410156,2.3546829223632812,3.7985000610351562,5.491191864013672,1
2356_0.82_1.97.png,39.88154602050781,0.994461715221405,14.185220718383789,train_core,4,1.2554779052734375,0,39.88154602050781,54.656959533691406,40.03866195678711,120.0,0.011442636139690876,0.0012530045351013541,14.775413513183594,0.15711593627929688,80.11845397949219,1.1135787963867188,2.3825302124023438,3.8531227111816406,5.591766357421875,1
2357_0.76_0.96.png,46.51207733154297,0.9983116984367371,20.486757278442383,train_core,0,0.9519805908203125,0,46.51207733154297,57.699607849121094,46.864131927490234,120.0,0.006334872916340828,0.000927060202229768,11.187530517578125,0.3520545959472656,73.48792266845703,1.0592002868652344,2.2476043701171875,3.5926780700683594,5.12359619140625,1
2358_0.78_1.5.png,44.42485427856445,0.9974457025527954,17.03921127319336,train_core,1,0.4342842102050781,0,44.42485427856445,55.76344299316406,44.76496124267578,120.0,0.0077084507793188095,0.0011273795971646905,11.33858871459961,0.3401069641113281,75.57514572143555,1.0624504089355469,2.255603790283203,3.607940673828125,5.150470733642578,1
2359_0.84_1.95.png,41.91484069824219,0.995657205581665,14.396860122680664,train_core,2,0.7651443481445312,0,41.91484069824219,54.14772415161133,42.19057083129883,120.0,0.009912796318531036,0.001322877942584455,12.23288345336914,0.2757301330566406,78.08515930175781,1.0803756713867188,2.2997665405273438,3.6922836303710938,5.299568176269531,1
235_0.63_1.62.png,39.999420166015625,0.9962650537490845,14.083099365234375,train_core,3,1.9725151062011719,0,39.999420166015625,51.94701385498047,40.29072570800781,120.0,0.01481933705508709,0.0019795845728367567,11.947593688964844,0.2913055419921875,80.00057983398438,1.0752334594726562,2.2869796752929688,3.6675796508789062,5.255287170410156,1
2360_0.68_1.44.png,45.558372497558594,0.9980423450469971,19.09137535095215,train_core,4,0.2639274597167969,0,45.558372497558594,56.54480743408203,45.92881774902344,120.0,0.006640339270234108,0.001058953464962542,10.986434936523438,0.37044525146484375,74.4416275024414,1.0539894104003906,2.234905242919922,3.5688095092773438,5.082286834716797,1
2361_0.88_1.89.png,38.51911926269531,0.9949455261230469,16.329233169555664,train_core,0,1.60089111328125,0,38.51911926269531,55.208648681640625,38.618064880371094,120.0,0.016442878171801567,0.0011690490646287799,16.689529418945312,0.09894561767578125,81.48088073730469,1.1306610107421875,2.4250640869140625,3.9360008239746094,5.743923187255859,1
2362_0.97_0.59.png,44.145530700683594,0.9972653388977051,23.740005493164062,train_core,1,1.2631034851074219,0,44.145530700683594,59.40949249267578,44.287418365478516,120.0,0.008975760079920292,0.0007207894814200699,15.263961791992188,0.14188766479492188,75.8544692993164,1.1183090209960938,2.3944435119628906,3.8765830993652344,5.635181427001953,1
2363_0.66_1.89.png,38.568031311035156,0.9963039755821228,17.794422149658203,train_core,2,1.6343421936035156,0,38.568031311035156,55.087242126464844,38.67726516723633,120.0,0.01675310544669628,0.0011102549033239484,16.519210815429688,0.10923385620117188,81.43196868896484,1.1298255920410156,2.4229507446289062,3.931732177734375,5.735630035400391,1
2364_0.67_1.98.png,38.259666442871094,0.9959545135498047,17.52277374267578,train_core,3,1.84375,0,38.259666442871094,54.89362335205078,38.36598205566406,120.0,0.017048552632331848,0.0011420926311984658,16.633956909179688,0.10631561279296875,81.7403335571289,1.1306076049804688,2.4249114990234375,3.9355926513671875,5.742835998535156,1
2365_0.53_0.5.png,47.49083709716797,0.9985005259513855,26.685428619384766,train_core,4,-0.4535064697265625,1,47.49083709716797,59.29657745361328,47.79716491699219,120.0,0.005884085316210985,0.0007818398880772293,11.805740356445312,0.30632781982421875,72.50916290283203,1.0716781616210938,2.2783966064453125,3.651580810546875,5.227760314941406,1
2366_0.56_1.55.png,42.791996002197266,0.9969707727432251,18.547672271728516,train_core,0,1.489105224609375,0,42.791996002197266,55.32633972167969,43.0518798828125,120.0,0.010835938155651093,0.0012288963189348578,12.534343719482422,0.2598838806152344,77.20800399780273,1.085723876953125,2.3129310607910156,3.7174606323242188,5.344326019287109,1
2367_0.8_1.63.png,39.66594314575195,0.9949511289596558,15.588964462280273,train_core,1,2.554851531982422,0,39.66594314575195,53.854217529296875,39.84566116333008,120.0,0.014017811045050621,0.0013613724149763584,14.188274383544922,0.179718017578125,80.33405685424805,1.1091346740722656,2.371135711669922,3.8301467895507812,5.548030853271484,1
2368_0.75_1.39.png,41.72014617919922,0.9963192939758301,17.352399826049805,train_core,2,1.8963775634765625,0,41.72014617919922,55.12950897216797,41.93225860595703,120.0,0.011289537884294987,0.0012274669716134667,13.40936279296875,0.2121124267578125,78.27985382080078,1.099273681640625,2.3465538024902344,3.7823867797851562,5.461158752441406,1
2369_0.55_0.62.png,46.20845413208008,0.9972907304763794,23.981365203857422,train_core,3,1.8860626220703125,0,46.20845413208008,58.81509780883789,46.47022247314453,120.0,0.007367915008217096,0.0007888459949754179,12.606643676757812,0.2617683410644531,73.79154586791992,1.0862541198730469,2.3143043518066406,3.7202835083007812,5.349796295166016,1
236_0.67_1.6.png,39.21360778808594,0.995729386806488,13.748445510864258,train_core,4,2.057586669921875,0,39.21360778808594,51.68799591064453,39.47132873535156,120.0,0.015806371346116066,0.0020103470887988806,12.474388122558594,0.257720947265625,80.78639221191406,1.0850257873535156,2.311168670654297,3.7139854431152344,5.337890625,1
2371_0.69_1.5.png,38.75932312011719,0.9944485425949097,17.125118255615234,train_core,0,3.8863182067871094,0,38.75932312011719,54.3687629699707,38.88950729370117,120.0,0.01688794419169426,0.0011914049973711371,15.609439849853516,0.13018417358398438,81.24067687988281,1.12298583984375,2.4057579040527344,3.8978500366210938,5.6725616455078125,1
2372_0.73_1.34.png,40.59545135498047,0.9948548674583435,17.29444694519043,train_core,1,3.2853546142578125,0,40.59545135498047,54.97087097167969,40.769866943359375,120.0,0.013613413088023663,0.0011287224479019642,14.375419616699219,0.17441558837890625,79.40454864501953,1.1108589172363281,2.375415802001953,3.8385047912597656,5.563434600830078,1
2373_0.69_0.53.png,48.51148223876953,0.9986499547958374,25.100936889648438,train_core,2,1.2277870178222656,0,48.51148223876953,58.645957946777344,48.971778869628906,120.0,0.005192971788346767,0.0008735678275115788,10.134475708007812,0.460296630859375,71.48851776123047,1.0310783386230469,2.1790199279785156,3.4637069702148438,4.900920867919922,1
2374_0.99_0.8.png,44.910526275634766,0.9971778392791748,17.631967544555664,train_core,3,0.275665283203125,0,44.910526275634766,55.96491241455078,45.281028747558594,120.0,0.007415718864649534,0.001112707075662911,11.054386138916016,0.3705024719238281,75.08947372436523,1.0553932189941406,2.2383460998535156,3.575347900390625,5.093803405761719,1
2375_0.75_1.0.png,46.03540802001953,0.9975677728652954,19.31946563720703,train_core,4,0.9032402038574219,0,46.03540802001953,56.46704864501953,46.4605712890625,120.0,0.006564923096448183,0.0010978204663842916,10.431640625,0.42516326904296875,73.96459197998047,1.03973388671875,2.2000274658203125,3.5029373168945312,4.968017578125,1
2376_0.81_1.59.png,42.22966003417969,0.9948502779006958,15.20346736907959,train_core,0,1.3434829711914062,0,42.22966003417969,54.014312744140625,42.53844451904297,120.0,0.010458448901772499,0.0013984794495627284,11.784652709960938,0.30878448486328125,77.77033996582031,1.071380615234375,2.277576446533203,3.6498756408691406,5.224517822265625,1
2378_0.52_1.23.png,47.0549201965332,0.9960188269615173,22.540760040283203,train_core,1,-1.0523567199707031,1,47.0549201965332,58.77548599243164,47.36962890625,120.0,0.006045090965926647,0.0008154583047144115,11.720565795898438,0.3147087097167969,72.9450798034668,1.0693130493164062,2.272510528564453,3.6402511596679688,5.207672119140625,1
237_0.62_1.11.png,37.16024398803711,0.9969853758811951,19.05617332458496,train_core,2,3.4736671447753906,0,37.16024398803711,56.29235076904297,37.21360778808594,120.0,0.018280940130352974,0.001140727661550045,19.13210678100586,0.053363800048828125,82.83975601196289,1.1436347961425781,2.4577178955078125,4.000446319580078,5.8643341064453125,1
2381_0.63_1.24.png,46.06547927856445,0.9939885139465332,19.002046585083008,train_core,3,0.149383544921875,0,46.06547927856445,58.39938735961914,46.34156799316406,120.0,0.006885955110192299,0.0008399480138905346,12.333908081054688,0.2760887145996094,73.93452072143555,1.08123779296875,2.3020401000976562,3.6969871520996094,5.308689117431641,1
2382_0.63_0.9.png,47.25931167602539,0.9953151941299438,21.37451171875,train_core,4,0.54901123046875,0,47.25931167602539,59.583045959472656,47.53453826904297,120.0,0.006113544572144747,0.0007392079569399357,12.323734283447266,0.2752265930175781,72.74068832397461,1.0813369750976562,2.3022422790527344,3.6972579956054688,5.308910369873047,1
2384_0.57_0.86.png,48.63125228881836,0.9955234527587891,22.565872192382812,train_core,0,-0.15024185180664062,0,48.63125228881836,59.88356018066406,48.989009857177734,120.0,0.005164048634469509,0.000712724169716239,11.252307891845703,0.357757568359375,71.36874771118164,1.0591278076171875,2.247669219970703,3.5933837890625,5.126033782958984,1
2385_0.74_1.17.png,43.94968032836914,0.9988154172897339,22.06527328491211,train_core,1,0.8588943481445312,0,43.94968032836914,57.294097900390625,44.162498474121094,120.0,0.009382595308125019,0.0009304261766374111,13.344417572021484,0.21281814575195312,76.05031967163086,1.0978317260742188,2.342987060546875,3.775562286376953,5.449077606201172,1
2386_0.97_1.08.png,41.71825408935547,0.9980896711349487,18.65262794494629,train_core,2,0.8955612182617188,0,41.71825408935547,55.7850341796875,41.89698028564453,120.0,0.011937953531742096,0.000994085450656712,14.066780090332031,0.1787261962890625,78.28174591064453,1.1076507568359375,2.3674240112304688,3.82293701171875,5.534931182861328,1
2387_0.86_1.11.png,43.133766174316406,0.9985618591308594,20.293397903442383,train_core,3,1.2340965270996094,0,43.133766174316406,56.73606491088867,43.332298278808594,120.0,0.010180161334574223,0.0009503596811555326,13.602298736572266,0.1985321044921875,76.8662338256836,1.1018409729003906,2.3529319763183594,3.79473876953125,5.483562469482422,1
2388_0.93_0.77.png,44.16339874267578,0.9988576173782349,21.78424072265625,train_core,4,0.3439674377441406,0,44.16339874267578,57.8448486328125,44.35744857788086,120.0,0.008889374323189259,0.0008410797454416752,13.681449890136719,0.19404983520507812,75.83660125732422,1.1025199890136719,2.354694366455078,3.7983360290527344,5.490425109863281,1
2389_1.0_1.55.png,36.79473114013672,0.9965891242027283,16.738988876342773,train_core,0,3.573192596435547,0,36.79473114013672,52.647708892822266,36.920433044433594,120.0,0.015415688045322895,0.0013092003064230084,15.852977752685547,0.125701904296875,83.20526885986328,1.1253433227539062,2.4116744995117188,3.9094467163085938,5.693958282470703,1
2390_0.99_0.99.png,43.44038009643555,0.9984690546989441,20.092222213745117,train_core,1,1.4538803100585938,0,43.44038009643555,56.39804458618164,43.67820739746094,120.0,0.00857729185372591,0.001010940526612103,12.957664489746094,0.23782730102539062,76.55961990356445,1.0926437377929688,2.330120086669922,3.7506446838378906,5.403934478759766,1
2391_0.53_1.36.png,43.93443298339844,0.9984358549118042,21.850454330444336,train_core,2,1.5831489562988281,0,43.93443298339844,56.82537841796875,44.17072296142578,120.0,0.008869107812643051,0.001062591909430921,12.890945434570312,0.23628997802734375,76.06556701660156,1.0913734436035156,2.3269424438476562,3.7445068359375,5.392906188964844,1
2393_0.52_0.98.png,43.43052673339844,0.9984676837921143,24.5445613861084,train_core,3,-0.12033843994140625,0,43.43052673339844,59.364234924316406,43.54908752441406,120.0,0.009416500106453896,0.0007911310531198978,15.933708190917969,0.118560791015625,76.56947326660156,1.1245193481445312,2.409759521484375,3.9061279296875,5.688892364501953,1
2394_0.81_1.27.png,42.930999755859375,0.996941089630127,17.369050979614258,train_core,4,0.6799850463867188,0,42.930999755859375,57.351959228515625,43.099308013916016,120.0,0.009464825503528118,0.0009737299405969679,14.42095947265625,0.16830825805664062,77.06900024414062,1.1101570129394531,2.3739776611328125,3.8363723754882812,5.560901641845703,1
2395_0.78_1.43.png,43.00593566894531,0.9966528415679932,17.028711318969727,train_core,0,0.5108184814453125,0,43.00593566894531,57.009700775146484,43.19057846069336,120.0,0.00937039963901043,0.0010134337935596704,14.003765106201172,0.18464279174804688,76.99406433105469,1.1055374145507812,2.3623924255371094,3.8137130737304688,5.5193328857421875,1
2396_0.69_0.73.png,45.964630126953125,0.9984915256500244,23.3656005859375,train_core,1,-0.7678642272949219,1,45.964630126953125,59.7362174987793,46.16133117675781,120.0,0.007085909601300955,0.0007402859628200531,13.771587371826172,0.1967010498046875,74.03536987304688,1.1018753051757812,2.3533706665039062,3.7964210510253906,5.488494873046875,1
2398_0.89_1.09.png,39.74186325073242,0.9948663115501404,20.580656051635742,train_core,2,0.9515533447265625,0,39.74186325073242,55.82616424560547,39.86309814453125,120.0,0.012740991078317165,0.0007862330530770123,16.084300994873047,0.12123489379882812,80.25813674926758,1.1271171569824219,2.416118621826172,3.9181900024414062,5.710186004638672,1
2399_0.68_0.89.png,38.702537536621094,0.997280478477478,25.612659454345703,train_core,3,2.945037841796875,0,38.702537536621094,57.62584686279297,38.76591873168945,120.0,0.013211819343268871,0.0006507268408313394,18.923309326171875,0.06338119506835938,81.2974624633789,1.1427688598632812,2.455535888671875,3.9961166381835938,5.856201171875,1
239_0.62_1.87.png,36.79562759399414,0.9955655932426453,13.760730743408203,train_core,4,3.2240371704101562,0,36.79562759399414,54.144073486328125,36.876346588134766,120.0,0.019759664312005043,0.001468698843382299,17.348445892333984,0.080718994140625,83.20437240600586,1.1354255676269531,2.4370155334472656,3.959400177001953,5.787075042724609,1
2400_0.58_0.53.png,44.22076416015625,0.9986948370933533,30.536354064941406,train_core,0,2.353107452392578,0,44.22076416015625,60.82185363769531,44.32054901123047,120.0,0.00834642443805933,0.000514165498316288,16.601089477539062,0.09978485107421875,75.77923583984375,1.1305923461914062,2.4248733520507812,3.93548583984375,5.742481231689453,1
2401_0.77_1.3.png,40.333038330078125,0.9968808889389038,24.45687484741211,train_core,1,1.8644142150878906,0,40.333038330078125,58.126243591308594,40.409996032714844,120.0,0.012645358219742775,0.0009045921615324914,17.79320526123047,0.07695770263671875,79.66696166992188,1.1367416381835938,2.4405364990234375,3.96685791015625,5.802135467529297,1
2402_0.8_0.8.png,40.85736083984375,0.9979090690612793,27.733760833740234,train_core,2,1.7269363403320312,0,40.85736083984375,59.695823669433594,40.918243408203125,120.0,0.011946862563490868,0.0007591429748572409,18.838462829589844,0.060882568359375,79.14263916015625,1.141510009765625,2.4525527954101562,3.9906387329101562,5.846824645996094,1
2403_0.79_0.99.png,40.41856384277344,0.9973921775817871,26.225914001464844,train_core,3,2.1618194580078125,0,40.41856384277344,59.06239318847656,40.48229217529297,120.0,0.0124875009059906,0.0008179793949238956,18.643829345703125,0.06372833251953125,79.58143615722656,1.1406478881835938,2.4503860473632812,3.9863739013671875,5.838855743408203,1
2404_0.65_1.05.png,41.8889045715332,0.998165488243103,27.27920150756836,train_core,4,2.0348587036132812,0,41.8889045715332,59.27544403076172,41.971858978271484,120.0,0.010944671928882599,0.0008128739427775145,17.386539459228516,0.08295440673828125,78.1110954284668,1.135009765625,2.4360885620117188,3.957843780517578,5.784770965576172,1
2406_0.59_0.76.png,46.66022491455078,0.9988040328025818,23.19190788269043,train_core,0,0.13291549682617188,0,46.66022491455078,58.20121765136719,46.98701858520508,120.0,0.00663691945374012,0.0007028081454336643,11.540992736816406,0.3267936706542969,73.33977508544922,1.0660209655761719,2.2644271850585938,3.6248397827148438,5.180515289306641,1
2407_0.95_1.45.png,38.96697235107422,0.9938101768493652,13.388917922973633,train_core,1,0.8438606262207031,0,38.96697235107422,52.64524459838867,39.16826629638672,120.0,0.015752527862787247,0.001188437337987125,13.678272247314453,0.2012939453125,81.03302764892578,1.1015396118164062,2.3524131774902344,3.794300079345703,5.483982086181641,1
2408_0.55_1.94.png,41.807212829589844,0.9962224960327148,17.849294662475586,train_core,2,-0.0235137939453125,0,41.807212829589844,53.835670471191406,42.10115432739258,120.0,0.01095609925687313,0.0011304904473945498,12.028457641601562,0.2939414978027344,78.19278717041016,1.0749893188476562,2.286510467529297,3.6670989990234375,5.255401611328125,1
240_0.87_1.37.png,35.7969970703125,0.9955538511276245,13.19388198852539,train_core,3,2.4374618530273438,0,35.7969970703125,54.050201416015625,35.86241912841797,120.0,0.02236446551978588,0.0014424551045522094,18.253204345703125,0.06542205810546875,84.2030029296875,1.1400032043457031,2.4485626220703125,3.9822654724121094,5.830039978027344,1
2410_0.57_1.09.png,44.74962615966797,0.9982721209526062,20.268573760986328,train_core,4,0.9622650146484375,0,44.74962615966797,56.31718444824219,45.09212112426758,120.0,0.007593907881528139,0.0010475415037944913,11.567558288574219,0.3424949645996094,75.25037384033203,1.0674591064453125,2.2678489685058594,3.631114959716797,5.191001892089844,1
2412_0.68_1.7.png,42.55424118041992,0.9963838458061218,17.113693237304688,train_core,0,0.5928382873535156,0,42.55424118041992,54.13813781738281,42.895118713378906,120.0,0.009672824293375015,0.0012878881534561515,11.58389663696289,0.3408775329589844,77.44575881958008,1.0680656433105469,2.269329071044922,3.6339035034179688,5.195796966552734,1
2413_0.71_1.28.png,41.92810821533203,0.9970752000808716,18.745548248291016,train_core,1,1.1089706420898438,0,41.92810821533203,55.841182708740234,42.1136474609375,120.0,0.010232564993202686,0.0010843515628948808,13.913074493408203,0.18553924560546875,78.07189178466797,1.1056442260742188,2.3624191284179688,3.813201904296875,5.517189025878906,1
2414_0.77_1.67.png,39.417606353759766,0.9952772855758667,16.06873321533203,train_core,2,1.5228729248046875,0,39.417606353759766,54.138145446777344,39.57244110107422,120.0,0.014429127797484398,0.0012825934682041407,14.720539093017578,0.15483474731445312,80.58239364624023,1.1148910522460938,2.3855018615722656,3.8581695556640625,5.599353790283203,1
2415_0.55_1.63.png,39.73988342285156,0.9966880083084106,18.209440231323242,train_core,3,0.8390579223632812,0,39.73988342285156,55.285457611083984,39.86603546142578,120.0,0.01593436300754547,0.001201009377837181,15.545574188232422,0.12615203857421875,80.26011657714844,1.1224365234375,2.404399871826172,3.8952102661132812,5.667697906494141,1
2416_0.83_0.88.png,41.28128433227539,0.99723881483078,19.62553596496582,train_core,4,2.2328872680664062,0,41.28128433227539,56.578895568847656,41.417236328125,120.0,0.010859780013561249,0.0009723710245452821,15.297611236572266,0.13595199584960938,78.71871566772461,1.120147705078125,2.398712158203125,3.8841896057128906,5.647636413574219,1
2417_0.58_1.91.png,40.74188232421875,0.9964736700057983,18.569194793701172,train_core,0,0.038970947265625,0,40.74188232421875,54.88977813720703,40.92085266113281,120.0,0.013421434909105301,0.0011529644252732396,14.147895812988281,0.1789703369140625,79.25811767578125,1.1074600219726562,2.3671112060546875,3.8227386474609375,5.535434722900391,1
2418_0.73_1.2.png,41.56242752075195,0.9972023367881775,18.97427749633789,train_core,1,0.3051109313964844,0,41.56242752075195,56.39084243774414,41.713157653808594,120.0,0.012191967107355595,0.000976109819021076,14.828414916992188,0.15073013305664062,78.43757247924805,1.1155433654785156,2.387218475341797,3.861743927001953,5.606395721435547,1
2419_0.95_0.73.png,42.6738395690918,0.9976750612258911,19.422029495239258,train_core,2,0.7315788269042969,0,42.6738395690918,57.04871368408203,42.84082794189453,120.0,0.010462068021297455,0.0008717011078260839,14.374874114990234,0.16698837280273438,77.3261604309082,1.1106758117675781,2.3750877380371094,3.838146209716797,5.563266754150391,1
241_0.81_1.07.png,30.876296997070312,0.9933580160140991,13.190887451171875,train_core,3,3.9290313720703125,0,30.876296997070312,54.7123908996582,30.8945369720459,120.0,0.04672510176897049,0.0014575868844985962,23.83609390258789,0.018239974975585938,89.12370300292969,1.1543350219726562,2.4847984313964844,4.054412841796875,5.966945648193359,1
2422_0.66_0.77.png,44.017086029052734,0.9980134963989258,24.53352165222168,train_core,4,0.4524497985839844,0,44.017086029052734,58.445648193359375,44.18993377685547,120.0,0.008118025958538055,0.000827933952677995,14.42856216430664,0.17284774780273438,75.98291397094727,1.1092033386230469,2.3718299865722656,3.832721710205078,5.555320739746094,1
2423_0.58_1.14.png,41.80953598022461,0.9971699118614197,22.970287322998047,train_core,0,1.7854423522949219,0,41.80953598022461,57.14309310913086,41.94948196411133,120.0,0.010502031072974205,0.0009604007937014103,15.33355712890625,0.13994598388671875,78.19046401977539,1.1185646057128906,2.3951416015625,3.8780975341796875,5.638313293457031,1
2424_0.59_2.0.png,38.06784439086914,0.9944072961807251,18.838802337646484,train_core,1,1.5728759765625,0,38.06784439086914,54.598976135253906,38.17405319213867,120.0,0.016809560358524323,0.0012445421889424324,16.531131744384766,0.10620880126953125,81.93215560913086,1.1285552978515625,2.4200592041015625,3.9267425537109375,5.727848052978516,1
2425_0.65_0.63.png,44.04328155517578,0.9981910586357117,26.931915283203125,train_core,2,2.37158203125,0,44.04328155517578,58.35931396484375,44.211734771728516,120.0,0.008600499480962753,0.0008587983320467174,14.316032409667969,0.16845321655273438,75.95671844482422,1.109710693359375,2.37274169921875,3.8336715698242188,5.555320739746094,1
2426_0.69_1.53.png,42.3232307434082,0.9970977306365967,20.479516983032227,train_core,3,0.10434341430664062,0,42.3232307434082,55.20531463623047,42.55915069580078,120.0,0.009434307925403118,0.0011969757033511996,12.882083892822266,0.23591995239257812,77.6767692565918,1.0904197692871094,2.3247528076171875,3.7406692504882812,5.386848449707031,1
2428_0.56_1.84.png,42.56810760498047,0.9968061447143555,19.481943130493164,train_core,4,-0.019084930419921875,0,42.56810760498047,54.879512786865234,42.83628845214844,120.0,0.01064574345946312,0.0012900769943371415,12.311405181884766,0.26818084716796875,77.43189239501953,1.0813751220703125,2.3022842407226562,3.69720458984375,5.308555603027344,1
2429_0.7_1.73.png,41.72703170776367,0.9976822733879089,20.23563003540039,train_core,0,1.1792335510253906,0,41.72703170776367,55.268829345703125,41.92676544189453,120.0,0.01184865739196539,0.0011840156512334943,13.541797637939453,0.19973373413085938,78.27296829223633,1.1012191772460938,2.3513755798339844,3.791698455810547,5.477947235107422,1
2430_0.56_1.8.png,42.67962646484375,0.9977086782455444,21.85619354248047,train_core,1,0.5796661376953125,0,42.67962646484375,55.33858871459961,42.926719665527344,120.0,0.010451745241880417,0.0011990341590717435,12.65896224975586,0.24709320068359375,77.32037353515625,1.0873146057128906,2.3169937133789062,3.725536346435547,5.359272003173828,1
2431_0.95_1.53.png,40.60115432739258,0.9965447783470154,16.374725341796875,train_core,2,0.3426322937011719,0,40.60115432739258,54.218414306640625,40.79869842529297,120.0,0.012223280966281891,0.001244690385647118,13.617259979248047,0.19754409790039062,79.39884567260742,1.1019134521484375,2.3531570434570312,3.795269012451172,5.484661102294922,1
2432_0.94_1.56.png,40.94826126098633,0.9966039061546326,16.42537498474121,train_core,3,0.196685791015625,0,40.94826126098633,54.22777557373047,41.16175079345703,120.0,0.011633381247520447,0.0012517786817625165,13.27951431274414,0.21348953247070312,79.05173873901367,1.0972747802734375,2.34161376953125,3.7728919982910156,5.444133758544922,1
2433_1.0_1.49.png,42.502647399902344,0.9981913566589355,19.85247802734375,train_core,4,-1.0855979919433594,1,42.502647399902344,54.605045318603516,42.78498077392578,120.0,0.008465006947517395,0.0010807509534060955,12.102397918701172,0.2823333740234375,77.49735260009766,1.0780258178710938,2.293914794921875,3.681011199951172,5.279483795166016,1
2434_0.93_0.55.png,44.786285400390625,0.9991680383682251,28.008373260498047,train_core,0,0.10708999633789062,0,44.786285400390625,58.603065490722656,44.97700119018555,120.0,0.007360203191637993,0.0007617790251970291,13.816780090332031,0.19071578979492188,75.21371459960938,1.1034965515136719,2.3572998046875,3.8037796020507812,5.501132965087891,1
2437_0.64_0.7.png,46.737064361572266,0.9980062246322632,23.72185516357422,train_core,1,0.3084869384765625,0,46.737064361572266,57.78627014160156,47.10281753540039,120.0,0.006558210588991642,0.0008641165331937373,11.049205780029297,0.365753173828125,73.26293563842773,1.0559349060058594,2.2395706176757812,3.5774002075195312,5.096805572509766,1
2438_0.72_1.78.png,43.75550079345703,0.9960018396377563,16.117761611938477,train_core,2,0.26270294189453125,0,43.75550079345703,53.63740539550781,44.23603439331055,120.0,0.0083326306194067,0.0012723110849037766,9.881904602050781,0.4805335998535156,76.24449920654297,1.02447509765625,2.162853240966797,3.4331626892089844,4.848087310791016,1
2439_0.56_0.86.png,47.52313232421875,0.9978557825088501,23.57906723022461,train_core,3,-0.19745635986328125,0,47.52313232421875,57.69306564331055,47.97203063964844,120.0,0.00612163869664073,0.0008973279036581516,10.169933319091797,0.4488983154296875,72.47686767578125,1.0328369140625,2.1831703186035156,3.4711685180664062,4.913127899169922,1
243_0.67_1.41.png,30.244197845458984,0.9925228357315063,12.989686965942383,train_core,4,3.446514129638672,0,30.244197845458984,53.306549072265625,30.266263961791992,120.0,0.05199487879872322,0.001688641612417996,23.06235122680664,0.022066116333007812,89.75580215454102,1.153249740600586,2.4820556640625,4.0489349365234375,5.956489562988281,1
2440_0.59_0.9.png,47.297584533691406,0.9979923963546753,22.74820327758789,train_core,0,0.041778564453125,0,47.297584533691406,57.315093994140625,47.76380920410156,120.0,0.006105006206780672,0.0009284695261158049,10.017509460449219,0.46622467041015625,72.7024154663086,1.028411865234375,2.172405242919922,3.4510154724121094,4.878562927246094,1
2441_0.74_1.28.png,41.43183898925781,0.9967609643936157,17.234338760375977,train_core,1,1.5624618530273438,0,41.43183898925781,55.002647399902344,41.63531494140625,120.0,0.012897822074592113,0.001219705562107265,13.570808410644531,0.2034759521484375,78.56816101074219,1.1007194519042969,2.3502197265625,3.7896385192871094,5.474678039550781,1
2442_0.66_0.8.png,44.767948150634766,0.9977970123291016,21.00952911376953,train_core,2,1.5811347961425781,0,44.767948150634766,57.29191589355469,45.02546691894531,120.0,0.008803975768387318,0.0009837417164817452,12.523967742919922,0.2575187683105469,75.23205184936523,1.0852279663085938,2.3117332458496094,3.7152175903320312,5.340446472167969,1
2443_0.79_0.92.png,44.524417877197266,0.9974892139434814,18.784116744995117,train_core,3,0.6884231567382812,0,44.524417877197266,56.491146087646484,44.81888198852539,120.0,0.00828644447028637,0.0010496716713532805,11.966728210449219,0.294464111328125,75.47558212280273,1.0747756958007812,2.2859573364257812,3.665912628173828,5.252986907958984,1
2444_0.8_1.01.png,43.68904495239258,0.9971758723258972,18.027122497558594,train_core,4,0.8873672485351562,0,43.68904495239258,56.06690216064453,43.957366943359375,120.0,0.009013564325869083,0.0010920284548774362,12.377857208251953,0.2683219909667969,76.31095504760742,1.082183837890625,2.304279327392578,3.7010879516601562,5.315643310546875,1
2445_0.77_1.63.png,42.04681396484375,0.9934367537498474,16.508544921875,train_core,0,0.4632568359375,0,42.04681396484375,55.026031494140625,42.2791862487793,120.0,0.01140686683356762,0.0012857754481956363,12.979217529296875,0.23237228393554688,77.95318603515625,1.0926780700683594,2.3302001953125,3.750804901123047,5.404296875,1
2446_0.73_1.52.png,42.263431549072266,0.9940411448478699,17.48410415649414,train_core,1,0.3790473937988281,0,42.263431549072266,55.49308395385742,42.48237228393555,120.0,0.010989776812493801,0.001231007743626833,13.229652404785156,0.21894073486328125,77.73656845092773,1.0963783264160156,2.3393821716308594,3.7685585021972656,5.436305999755859,1
2447_0.83_1.03.png,45.48069763183594,0.9957053661346436,19.092844009399414,train_core,2,0.6278915405273438,0,45.48069763183594,56.588592529296875,45.84183120727539,120.0,0.0074511682614684105,0.0010883122449740767,11.107894897460938,0.3611335754394531,74.51930236816406,1.0570487976074219,2.2423248291015625,3.58270263671875,5.106269836425781,1
2448_0.65_1.88.png,38.21877670288086,0.9931501746177673,16.976682662963867,train_core,3,0.6628608703613281,0,38.21877670288086,54.743797302246094,38.319942474365234,120.0,0.016437390819191933,0.0013312484370544553,16.525020599365234,0.101165771484375,81.78122329711914,1.1299934387207031,2.4233665466308594,3.932525634765625,5.737018585205078,1
2449_0.56_0.96.png,46.45956039428711,0.9977805018424988,16.411117553710938,train_core,4,0.5251579284667969,0,46.45956039428711,55.27162170410156,47.09339141845703,120.0,0.006196245551109314,0.0012622710783034563,8.812061309814453,0.6338310241699219,73.54043960571289,0.9859580993652344,2.070117950439453,3.262012481689453,4.561042785644531,1
2450_0.51_0.64.png,47.35714340209961,0.9983422756195068,20.08788299560547,train_core,0,0.5823860168457031,0,47.35714340209961,56.85938262939453,47.88993453979492,120.0,0.005663846153765917,0.0010836893925443292,9.502239227294922,0.5327911376953125,72.64285659790039,1.0113258361816406,2.1310997009277344,3.374309539794922,4.748725891113281,1
2451_0.74_1.66.png,42.12894821166992,0.9941915273666382,10.458888053894043,train_core,1,0.41934967041015625,0,42.12894821166992,51.47068405151367,42.686302185058594,120.0,0.010100959800183773,0.0018126614158973098,9.34173583984375,0.5573539733886719,77.87105178833008,1.0056953430175781,2.1175308227539062,3.3492202758789062,4.7065887451171875,1
2452_0.96_0.86.png,43.376991271972656,0.9966635704040527,11.876913070678711,train_core,2,0.7790985107421875,0,43.376991271972656,53.45161437988281,43.84184265136719,120.0,0.008946393616497517,0.0014000320807099342,10.074623107910156,0.46485137939453125,76.62300872802734,1.0293121337890625,2.1746749877929688,3.4554672241210938,4.886711120605469,1
2453_0.54_1.83.png,39.512454986572266,0.9948996305465698,13.681461334228516,train_core,3,0.4242286682128906,0,39.512454986572266,51.5920295715332,39.81182861328125,120.0,0.015097906813025475,0.00196873233653605,12.079574584960938,0.2993736267089844,80.48754501342773,1.0753822326660156,2.2876625061035156,3.6696701049804688,5.260761260986328,1
2454_0.81_1.92.png,37.371315002441406,0.9917837381362915,9.406028747558594,train_core,4,0.9201126098632812,0,37.371315002441406,50.035152435302734,37.63126754760742,120.0,0.018661268055438995,0.002168836537748575,12.663837432861328,0.2599525451660156,82.6286849975586,1.0862464904785156,2.3142471313476562,3.72027587890625,5.350440979003906,1
2455_0.84_0.91.png,42.68428421020508,0.9971586465835571,13.254171371459961,train_core,0,0.2999114990234375,0,42.68428421020508,54.39573669433594,42.99908447265625,120.0,0.010095753706991673,0.0014039432862773538,11.71145248413086,0.3148002624511719,77.31571578979492,1.0697250366210938,2.273479461669922,3.6419715881347656,5.210483551025391,1
2456_0.72_0.6.png,46.40133285522461,0.9986194968223572,17.800193786621094,train_core,1,-0.22832870483398438,1,46.40133285522461,56.888427734375,46.82168960571289,120.0,0.006696080788969994,0.001138731837272644,10.48709487915039,0.42035675048828125,73.59866714477539,1.0412330627441406,2.2036514282226562,3.5097007751464844,4.979541778564453,1
2457_0.53_1.85.png,42.587493896484375,0.9956647753715515,17.48833656311035,train_core,2,0.8390655517578125,0,42.587493896484375,54.830650329589844,42.86771774291992,120.0,0.010146471671760082,0.0012667709961533546,12.243156433105469,0.2802238464355469,77.41250610351562,1.0793838500976562,2.2973251342773438,3.687702178955078,5.291767120361328,1
2458_0.78_1.02.png,40.90468978881836,0.995803713798523,17.5272159576416,train_core,3,1.7763175964355469,0,40.90468978881836,56.3038444519043,41.035430908203125,120.0,0.013894317671656609,0.0010707968613132834,15.399154663085938,0.13074111938476562,79.09531021118164,1.1207466125488281,2.4002952575683594,3.8874664306640625,5.654041290283203,1
2459_0.58_1.6.png,42.731468200683594,0.9957698583602905,17.613401412963867,train_core,4,1.1924514770507812,0,42.731468200683594,55.45109558105469,42.97938537597656,120.0,0.00984187237918377,0.0011929444735869765,12.719627380371094,0.24791717529296875,77.2685317993164,1.0882415771484375,2.3191909790039062,3.7296066284179688,5.366340637207031,1
245_0.79_1.53.png,36.81401062011719,0.9969571828842163,15.921939849853516,train_core,0,2.224578857421875,0,36.81401062011719,52.55487823486328,36.93137741088867,120.0,0.022644130513072014,0.0019310461357235909,15.740867614746094,0.11736679077148438,83.18598937988281,1.1245307922363281,2.409626007080078,3.905406951904297,5.6864013671875,1
2460_0.51_1.58.png,43.076663970947266,0.9965651035308838,18.711679458618164,train_core,1,0.6530647277832031,0,43.076663970947266,55.58604431152344,43.340843200683594,120.0,0.009860965423285961,0.0011723862262442708,12.509380340576172,0.2641792297363281,76.92333602905273,1.0841560363769531,2.309123992919922,3.7103500366210938,5.332157135009766,1
2461_0.8_0.72.png,46.40250778198242,0.9992693662643433,24.401988983154297,train_core,2,0.5498237609863281,0,46.40250778198242,57.10842514038086,46.796058654785156,120.0,0.006503583397716284,0.0010246742749586701,10.705917358398438,0.3935508728027344,73.59749221801758,1.0472297668457031,2.2182884216308594,3.5372352600097656,5.0271453857421875,1
2462_0.96_1.1.png,42.51394271850586,0.9983416795730591,18.951217651367188,train_core,3,0.6840744018554688,0,42.51394271850586,54.522010803222656,42.801971435546875,120.0,0.00994266290217638,0.0012690263101831079,12.008068084716797,0.2880287170410156,77.48605728149414,1.0763702392578125,2.2897987365722656,3.6730422973632812,5.26513671875,1
2463_0.85_1.05.png,44.2424201965332,0.9987842440605164,20.76698112487793,train_core,4,0.36051177978515625,0,44.2424201965332,55.437950134277344,44.590919494628906,120.0,0.007964213378727436,0.0011905281571671367,11.19552993774414,0.3484992980957031,75.7575798034668,1.0593032836914062,2.2477989196777344,3.5930023193359375,5.124065399169922,1
2464_0.63_0.75.png,48.341983795166016,0.999457061290741,26.395368576049805,train_core,0,0.2899971008300781,0,48.341983795166016,57.40316390991211,48.932682037353516,120.0,0.005046873819082975,0.0010125174885615706,9.061180114746094,0.5906982421875,71.65801620483398,0.9964256286621094,2.0951576232910156,3.307788848876953,4.636714935302734,1
2465_0.88_1.38.png,46.03924560546875,0.9924716353416443,14.24919605255127,train_core,1,0.2765541076660156,0,46.03924560546875,56.13239669799805,46.512123107910156,120.0,0.005967461969703436,0.001068851794116199,10.093151092529297,0.47287750244140625,73.96075439453125,1.0290908813476562,2.174163818359375,3.4546051025390625,4.885520935058594,1
2466_0.83_0.85.png,48.72320556640625,0.9953914880752563,18.367212295532227,train_core,2,0.24030303955078125,0,48.72320556640625,58.110435485839844,49.282806396484375,120.0,0.004605728667229414,0.0008582281298004091,9.387229919433594,0.559600830078125,71.27679443359375,1.0070266723632812,2.12078857421875,3.355304718017578,4.716884613037109,1
2467_0.62_0.72.png,49.164756774902344,0.996773362159729,22.275501251220703,train_core,3,1.1061439514160156,0,49.164756774902344,59.57624816894531,49.60197448730469,120.0,0.004676313605159521,0.0007431642734445632,10.411491394042969,0.43721771240234375,70.83524322509766,1.038543701171875,2.1971511840820312,3.4976043701171875,4.958988189697266,1
2468_0.68_1.15.png,48.343017578125,0.9954516291618347,17.855506896972656,train_core,4,0.07350921630859375,0,48.343017578125,57.90310287475586,48.88016128540039,120.0,0.005017932504415512,0.0009008789784274995,9.56008529663086,0.5371437072753906,71.656982421875,1.0126419067382812,2.1343612670898438,3.380542755126953,4.759681701660156,1
2469_0.52_1.22.png,49.7347412109375,0.9946202039718628,19.180633544921875,train_core,0,-0.4867401123046875,1,49.7347412109375,58.26213455200195,50.425506591796875,120.0,0.004033067729324102,0.0008330813725478947,8.527393341064453,0.690765380859375,70.2652587890625,0.9734916687011719,2.040424346923828,3.207996368408203,4.472175598144531,1
2470_0.7_1.38.png,47.28230285644531,0.9927451014518738,15.566848754882812,train_core,1,0.8014678955078125,0,47.28230285644531,56.75813674926758,47.827728271484375,120.0,0.005517337936908007,0.0009518401348032057,9.475833892822266,0.5454254150390625,72.71769714355469,1.0095100402832031,2.126781463623047,3.3665313720703125,4.736152648925781,1
2471_0.54_1.65.png,48.583030700683594,0.992459774017334,16.716663360595703,train_core,2,-0.4527702331542969,1,48.583030700683594,57.10298156738281,49.27788162231445,120.0,0.004543742164969444,0.0009441989823244512,8.519950866699219,0.6948509216308594,71.4169692993164,0.9733428955078125,2.0400657653808594,3.2073440551757812,4.4710693359375,1
2472_0.8_1.36.png,46.65550994873047,0.9921026229858398,14.447683334350586,train_core,3,0.8480186462402344,0,46.65550994873047,56.30744171142578,47.17979431152344,120.0,0.005706770345568657,0.0009855140233412385,9.651931762695312,0.5242843627929688,73.34449005126953,1.0151748657226562,2.1404991149902344,3.3920631408691406,4.779579162597656,1
2473_0.73_1.45.png,41.377830505371094,0.9951032996177673,22.354888916015625,train_core,4,1.2770462036132812,0,41.377830505371094,56.00444793701172,41.53953552246094,120.0,0.011481620371341705,0.0010962040396407247,14.626617431640625,0.16170501708984375,78.6221694946289,1.1125564575195312,2.379894256591797,3.847808837890625,5.581623077392578,1
2474_0.91_0.84.png,43.160133361816406,0.9968895316123962,23.915035247802734,train_core,0,0.7909698486328125,0,43.160133361816406,57.66112518310547,43.32416534423828,120.0,0.009274191223084927,0.0009052790119312704,14.500991821289062,0.164031982421875,76.8398666381836,1.111785888671875,2.377910614013672,3.843769073486328,5.573841094970703,1
2475_0.92_1.34.png,39.92321014404297,0.9941693544387817,20.06757354736328,train_core,1,0.7059402465820312,0,39.92321014404297,55.74305725097656,40.045440673828125,120.0,0.01396904420107603,0.0011119773844256997,15.819847106933594,0.12223052978515625,80.07678985595703,1.1237564086914062,2.4078521728515625,3.9024734497070312,5.682315826416016,1
2476_0.67_0.56.png,46.329978942871094,0.9981908798217773,30.673425674438477,train_core,2,1.0589332580566406,0,46.329978942871094,59.56257247924805,46.551021575927734,120.0,0.006143699400126934,0.0007438464090228081,13.232593536376953,0.22104263305664062,73.6700210571289,1.0955009460449219,2.337390899658203,3.7651519775390625,5.431079864501953,1
2477_0.71_1.89.png,40.6820068359375,0.9936555624008179,15.017292022705078,train_core,3,1.2115020751953125,0,40.6820068359375,53.647789001464844,40.9187126159668,120.0,0.012423533946275711,0.0013314838288351893,12.965782165527344,0.23670578002929688,79.3179931640625,1.0922927856445312,2.3292236328125,3.7488861083984375,5.400798797607422,1
2478_0.61_1.85.png,41.337127685546875,0.9951072931289673,16.085464477539062,train_core,4,0.9943389892578125,0,41.337127685546875,53.8921012878418,41.599002838134766,120.0,0.011574164032936096,0.001284491503611207,12.554973602294922,0.2618751525878906,78.66287231445312,1.0851325988769531,2.3115386962890625,3.7149810791015625,5.340446472167969,1
2479_0.81_1.81.png,40.353294372558594,0.9934121966362,14.025412559509277,train_core,0,1.3286018371582031,0,40.353294372558594,53.57220458984375,40.57765197753906,120.0,0.013051921501755714,0.0013346486957743764,13.218910217285156,0.22435760498046875,79.6467056274414,1.0963249206542969,2.3392105102539062,3.7681121826171875,5.435249328613281,1
247_0.55_1.81.png,34.93610763549805,0.9973472356796265,19.86275863647461,train_core,1,1.5936241149902344,0,34.93610763549805,52.192466735839844,35.01857376098633,120.0,0.026986492797732353,0.0019916528835892677,17.256359100341797,0.08246612548828125,85.06389236450195,1.1349105834960938,2.4357032775878906,3.956806182861328,5.782203674316406,1
2480_0.85_1.87.png,39.47018051147461,0.992019772529602,13.275606155395508,train_core,2,1.7835807800292969,0,39.47018051147461,53.12334442138672,39.67451858520508,120.0,0.014380470849573612,0.0013831150718033314,13.65316390991211,0.20433807373046875,80.52981948852539,1.1023445129394531,2.354167938232422,3.797107696533203,5.487812042236328,1
2481_0.62_0.87.png,43.15270233154297,0.9984935522079468,22.090856552124023,train_core,3,1.0431632995605469,0,43.15270233154297,55.276756286621094,43.43865966796875,120.0,0.010327093303203583,0.0011656386777758598,12.124053955078125,0.28595733642578125,76.84729766845703,1.0780982971191406,2.2941436767578125,3.681560516357422,5.280670166015625,1
2482_0.99_0.67.png,41.07212829589844,0.9979192018508911,18.54150390625,train_core,4,0.5906448364257812,0,41.07212829589844,54.78212356567383,41.26835250854492,120.0,0.012423030100762844,0.0011549702612683177,13.70999526977539,0.19622421264648438,78.92787170410156,1.1024627685546875,2.3546485900878906,3.7984695434570312,5.49114990234375,1
2483_0.82_1.17.png,39.37691879272461,0.9970040321350098,17.00082015991211,train_core,0,0.6873130798339844,0,39.37691879272461,53.18711853027344,39.56721878051758,120.0,0.015823986381292343,0.0013881443301215768,13.810199737548828,0.19029998779296875,80.62308120727539,1.1041908264160156,2.358844757080078,3.8063697814941406,5.505054473876953,1
2484_0.94_1.7.png,36.6440544128418,0.994116485118866,12.934032440185547,train_core,1,1.0857353210449219,0,36.6440544128418,50.429222106933594,36.83457946777344,120.0,0.019966689869761467,0.001778962672688067,13.785167694091797,0.19052505493164062,83.3559455871582,1.1039161682128906,2.3581314086914062,3.804950714111328,5.502422332763672,1
2485_0.56_1.06.png,47.46751403808594,0.9983481764793396,24.449520111083984,train_core,2,-0.1822052001953125,0,47.46751403808594,57.30813980102539,47.95467758178711,120.0,0.005312218796461821,0.000993164605461061,9.840625762939453,0.4871635437011719,72.53248596191406,1.0226631164550781,2.1585311889648438,3.4252700805664062,4.8349761962890625,1
2486_0.73_1.35.png,42.496177673339844,0.9967530965805054,19.584901809692383,train_core,3,0.9204483032226562,0,42.496177673339844,55.308738708496094,42.738197326660156,120.0,0.010602779686450958,0.0011641226010397077,12.81256103515625,0.2420196533203125,77.50382232666016,1.0897598266601562,2.323047637939453,3.737213134765625,5.380275726318359,1
2487_0.93_0.64.png,44.44832229614258,0.9978688955307007,22.14730453491211,train_core,4,0.4429740905761719,0,44.44832229614258,56.99586486816406,44.70665740966797,120.0,0.008398587815463543,0.0009387278114445508,12.547542572021484,0.2583351135253906,75.55167770385742,1.0854377746582031,2.312366485595703,3.7166709899902344,5.3434906005859375,1
2489_0.62_1.9.png,37.91368103027344,0.9918742179870605,13.677414894104004,train_core,0,0.7433357238769531,0,37.91368103027344,50.23713684082031,38.18461990356445,120.0,0.01782582886517048,0.002001038985326886,12.323455810546875,0.2709388732910156,82.08631896972656,1.0819435119628906,2.3035850524902344,3.699481964111328,5.312183380126953,1
248_0.73_0.56.png,40.789241790771484,0.9988464117050171,24.53911590576172,train_core,1,2.127361297607422,0,40.789241790771484,56.14436721801758,40.91767883300781,120.0,0.014635298401117325,0.001244290149770677,15.355125427246094,0.12843704223632812,79.21075820922852,1.1212730407714844,2.401447296142578,3.8893356323242188,5.656635284423828,1
2490_0.71_1.73.png,37.89971160888672,0.9920441508293152,12.687482833862305,train_core,2,0.8995704650878906,0,37.89971160888672,50.40775680541992,38.16011047363281,120.0,0.01816502958536148,0.0019532141741365194,12.508045196533203,0.26039886474609375,82.10028839111328,1.0853080749511719,2.3118858337402344,3.7154006958007812,5.340538024902344,1
2491_0.94_1.9.png,34.14045715332031,0.984752893447876,8.86404037475586,train_core,3,0.8721237182617188,0,34.14045715332031,47.98057174682617,34.33311462402344,120.0,0.026811230927705765,0.0024186561349779367,13.84011459350586,0.192657470703125,85.85954284667969,1.1047592163085938,2.3602142333984375,3.8088836669921875,5.509227752685547,1
2492_0.78_0.93.png,40.54218673706055,0.9958264231681824,15.723766326904297,train_core,4,0.8581275939941406,0,40.54218673706055,52.919647216796875,40.80968475341797,120.0,0.012923730537295341,0.0014598602429032326,12.377460479736328,0.2674980163574219,79.45781326293945,1.0831756591796875,2.306598663330078,3.7052345275878906,5.322338104248047,1
2493_0.8_0.66.png,42.601112365722656,0.9972401857376099,20.293188095092773,train_core,0,-0.3583183288574219,1,42.601112365722656,57.27831268310547,42.755924224853516,120.0,0.01052839495241642,0.0009206365793943405,14.677200317382812,0.15481185913085938,77.39888763427734,1.1140937805175781,2.383575439453125,3.854595184326172,5.593231201171875,1
2495_0.61_0.72.png,43.67510223388672,0.9980422258377075,23.050464630126953,train_core,1,1.190338134765625,0,43.67510223388672,57.80982971191406,43.85419464111328,120.0,0.008903538808226585,0.0008841410744935274,14.134727478027344,0.1790924072265625,76.32489776611328,1.1084823608398438,2.3694915771484375,3.8269577026367188,5.542213439941406,1
2496_0.61_0.78.png,43.570804595947266,0.9979150295257568,22.475252151489258,train_core,2,1.0190811157226562,0,43.570804595947266,57.6097297668457,43.75337219238281,120.0,0.009376575239002705,0.0009130950202234089,14.038925170898438,0.18256759643554688,76.42919540405273,1.1071205139160156,2.3661537170410156,3.820545196533203,5.530719757080078,1
2497_0.98_1.86.png,36.69568634033203,0.9905111193656921,10.71922779083252,train_core,3,1.0253334045410156,0,36.69568634033203,54.048919677734375,36.77931594848633,120.0,0.02052062191069126,0.001401372137479484,17.353233337402344,0.08362960815429688,83.30431365966797,1.1351203918457031,2.436290740966797,3.958080291748047,5.784877777099609,1
2498_0.54_1.1.png,44.878753662109375,0.9981135129928589,21.077497482299805,train_core,4,0.9315948486328125,0,44.878753662109375,58.15793991088867,45.09454345703125,120.0,0.008269022218883038,0.0009693619213066995,13.279186248779297,0.215789794921875,75.12124633789062,1.0965347290039062,2.3398971557617188,3.769817352294922,5.43914794921875,1
2499_0.55_0.8.png,46.58070373535156,0.9986339807510376,23.176877975463867,train_core,0,0.34445953369140625,0,46.58070373535156,59.190528869628906,46.83330535888672,120.0,0.006750642322003841,0.000868071976583451,12.609825134277344,0.25260162353515625,73.41929626464844,1.0859642028808594,2.313701629638672,3.7193565368652344,5.348625183105469,1
249_0.65_1.99.png,38.95962142944336,0.9934174418449402,10.385285377502441,train_core,1,1.9945182800292969,0,38.95962142944336,51.26462936401367,39.225982666015625,120.0,0.016536647453904152,0.002202783478423953,12.305007934570312,0.2663612365722656,81.04037857055664,1.0818977355957031,2.3034400939941406,3.6991653442382812,5.311473846435547,1
24_0.53_1.21.png,26.430198669433594,0.9884411096572876,15.836822509765625,train_core,2,3.142578125,0,26.430198669433594,55.75233840942383,26.435302734375,120.0,0.07974186539649963,0.0010160673409700394,29.322139739990234,0.00510406494140625,93.5698013305664,1.1582794189453125,2.494810104370117,4.0744476318359375,6.005321502685547,1
2500_0.55_1.53.png,42.71647644042969,0.9971557855606079,18.722991943359375,train_core,3,1.2469139099121094,0,42.71647644042969,56.79929733276367,42.89628982543945,120.0,0.010533737950026989,0.0011195322731509805,14.082820892333984,0.17981338500976562,77.28352355957031,1.1068763732910156,2.3656387329101562,3.8198204040527344,5.529987335205078,1
2501_0.53_1.76.png,43.9014892578125,0.9975191354751587,24.954566955566406,train_core,4,-0.5017166137695312,1,43.9014892578125,57.95089340209961,44.08475875854492,120.0,0.007329411339014769,0.0008677879231981933,14.04940414428711,0.18326950073242188,76.0985107421875,1.1059494018554688,2.3634490966796875,3.8158340454101562,5.5233306884765625,1
2502_0.94_1.08.png,40.54914855957031,0.9970067739486694,21.450593948364258,train_core,0,0.7107772827148438,0,40.54914855957031,57.58283233642578,40.64427947998047,120.0,0.01073092594742775,0.0008166560437530279,17.03368377685547,0.09513092041015625,79.45085144042969,1.1314239501953125,2.4273757934570312,3.9413528442382812,5.755481719970703,1
2503_1.0_0.68.png,43.59693145751953,0.9979243278503418,24.18123435974121,train_core,1,0.6384544372558594,0,43.59693145751953,59.11784362792969,43.72648239135742,120.0,0.008007410913705826,0.0006878367275930941,15.520912170410156,0.12955093383789062,76.40306854248047,1.121337890625,2.4018898010253906,3.8908309936523438,5.660758972167969,1
2504_0.91_1.76.png,37.81108856201172,0.9953705072402954,18.384714126586914,train_core,2,1.0261268615722656,0,37.81108856201172,55.52125930786133,37.89436340332031,120.0,0.014704122208058834,0.0009923133766278625,17.71017074584961,0.08327484130859375,82.18891143798828,1.1351852416992188,2.4368438720703125,3.9600677490234375,5.790534973144531,1
2505_0.73_1.48.png,42.66395568847656,0.9952383041381836,16.673343658447266,train_core,3,1.214324951171875,0,42.66395568847656,55.59747314453125,42.90546417236328,120.0,0.010088049806654453,0.000924465770367533,12.933517456054688,0.24150848388671875,77.33604431152344,1.08941650390625,2.322193145751953,3.7355613708496094,5.377460479736328,1
2506_0.56_1.89.png,42.33797073364258,0.9950278997421265,18.234376907348633,train_core,4,0.20572662353515625,0,42.33797073364258,53.51197052001953,42.72712326049805,120.0,0.009095191955566406,0.0010007316013798118,11.173999786376953,0.38915252685546875,77.66202926635742,1.0510749816894531,2.2277679443359375,3.5554466247558594,5.0598297119140625,1
2507_0.79_1.96.png,40.32404327392578,0.991893470287323,14.034672737121582,train_core,0,1.1135292053222656,0,40.32404327392578,53.960689544677734,40.5281982421875,120.0,0.012336068786680698,0.001103881630115211,13.636646270751953,0.20415496826171875,79.67595672607422,1.1000633239746094,2.3486480712890625,3.7867813110351562,5.4699249267578125,1
2508_0.6_1.71.png,42.33815002441406,0.995365560054779,18.095380783081055,train_core,1,0.9728889465332031,0,42.33815002441406,54.353675842285156,42.6541862487793,120.0,0.009932499378919601,0.0009578079334460199,12.015525817871094,0.3160362243652344,77.66184997558594,1.0701484680175781,2.2746047973632812,3.6444358825683594,5.2156982421875,1
2509_0.89_1.4.png,43.863487243652344,0.9968999624252319,19.58257293701172,train_core,2,1.9279441833496094,0,43.863487243652344,58.003292083740234,44.044281005859375,120.0,0.008508739061653614,0.0008415332995355129,14.13980484008789,0.18079376220703125,76.13651275634766,1.1070556640625,2.3661956787109375,3.8211517333984375,5.532993316650391,1
250_0.94_1.08.png,39.6049690246582,0.9959365129470825,11.641881942749023,train_core,3,1.9313545227050781,0,39.6049690246582,53.839691162109375,39.77260208129883,120.0,0.014724645763635635,0.0016574229812249541,14.234722137451172,0.167633056640625,80.3950309753418,1.1098709106445312,2.372943878173828,3.8336029052734375,5.554203033447266,1
2510_0.58_1.67.png,45.02433395385742,0.9972988963127136,22.689563751220703,train_core,4,-0.5967979431152344,1,45.02433395385742,58.16822052001953,45.24745178222656,120.0,0.006810676772147417,0.0008389479480683804,13.14388656616211,0.22311782836914062,74.97566604614258,1.0950736999511719,2.3361549377441406,3.762348175048828,5.425136566162109,1
2512_0.6_1.28.png,45.49469757080078,0.9978484511375427,24.33119773864746,train_core,0,-0.06549835205078125,0,45.49469757080078,59.223045349121094,45.689605712890625,120.0,0.006249311380088329,0.0007533589377999306,13.728347778320312,0.19490814208984375,74.50530242919922,1.1029777526855469,2.3558197021484375,3.8004837036132812,5.4943084716796875,1
2513_0.77_1.03.png,38.5914192199707,0.9974991679191589,30.573484420776367,train_core,1,2.699687957763672,0,38.5914192199707,57.586097717285156,38.65382385253906,120.0,0.016253450885415077,0.0006523002521134913,18.994678497314453,0.062404632568359375,81.4085807800293,1.1429939270019531,2.4561195373535156,3.997303009033203,5.858493804931641,1
2514_0.72_0.64.png,43.61631774902344,0.9988438487052917,34.98381042480469,train_core,2,2.771759033203125,0,43.61631774902344,60.95563888549805,43.70267868041992,120.0,0.009009160101413727,0.0005088733159936965,17.33932113647461,0.08636093139648438,76.38368225097656,1.1351737976074219,2.4364051818847656,3.958263397216797,5.785076141357422,1
2515_0.87_0.64.png,39.54094314575195,0.9983808398246765,31.83614730834961,train_core,3,3.2637901306152344,0,39.54094314575195,59.445167541503906,39.592491149902344,120.0,0.015773309394717216,0.0005280427285470068,19.904224395751953,0.051548004150390625,80.45905685424805,1.1462211608886719,2.4642601013183594,4.0134735107421875,5.889041900634766,1
2516_0.88_0.51.png,40.57067108154297,0.9986690282821655,33.396331787109375,train_core,4,3.2396011352539062,0,40.57067108154297,60.454078674316406,40.62211990356445,120.0,0.014171131886541843,0.00048091879580169916,19.883407592773438,0.051448822021484375,79.42932891845703,1.14617919921875,2.464153289794922,4.013252258300781,5.888599395751953,1
2517_0.94_1.24.png,41.33621597290039,0.9969467520713806,14.132844924926758,train_core,0,0.9300498962402344,0,41.33621597290039,54.864845275878906,41.54328918457031,120.0,0.010815972462296486,0.0012247067643329501,13.528629302978516,0.20707321166992188,78.66378402709961,1.0998115539550781,2.3481101989746094,3.785888671875,5.468532562255859,1
2518_0.67_1.1.png,43.52768325805664,0.9979386329650879,18.149826049804688,train_core,1,1.9270057678222656,0,43.52768325805664,56.3624382019043,43.76784896850586,120.0,0.009147756733000278,0.0010955465259030461,12.834754943847656,0.24016571044921875,76.47231674194336,1.0907402038574219,2.3253555297851562,3.7413673400878906,5.387081146240234,1
2519_0.97_1.49.png,39.742942810058594,0.99575275182724,12.654868125915527,train_core,2,0.9435348510742188,0,39.742942810058594,53.76647186279297,39.92702102661133,120.0,0.013434546068310738,0.0013741948641836643,14.023529052734375,0.18407821655273438,80.2570571899414,1.1063385009765625,2.3642959594726562,3.8172149658203125,5.5252227783203125,1
251_0.5_1.61.png,40.424041748046875,0.9963107109069824,13.703699111938477,train_core,3,1.0924720764160156,0,40.424041748046875,53.301902770996094,40.65791702270508,120.0,0.014260645024478436,0.0017518765525892377,12.877861022949219,0.23387527465820312,79.57595825195312,1.0914649963378906,2.3271331787109375,3.7447547912597656,5.393096923828125,1
2520_0.68_1.42.png,42.70054626464844,0.9974346160888672,16.486095428466797,train_core,4,1.7025985717773438,0,42.70054626464844,55.29480743408203,42.956661224365234,120.0,0.009697136469185352,0.0012337034568190575,12.594261169433594,0.2561149597167969,77.29945373535156,1.0867843627929688,2.3155441284179688,3.7224807739257812,5.353263854980469,1
2521_0.66_1.08.png,43.44722366333008,0.9982879161834717,22.722074508666992,train_core,0,1.3087081909179688,0,43.44722366333008,57.61612319946289,43.62584686279297,120.0,0.009626218117773533,0.0008911704644560814,14.168899536132812,0.17862319946289062,76.55277633666992,1.1086692810058594,2.3699951171875,3.827972412109375,5.544170379638672,1
2522_0.78_1.79.png,40.61048889160156,0.9969091415405273,18.393741607666016,train_core,1,1.4071044921875,0,40.61048889160156,55.53260040283203,40.76142120361328,120.0,0.0139904310926795,0.0011417095083743334,14.922111511230469,0.15093231201171875,79.38951110839844,1.1164474487304688,2.3894805908203125,3.866168975830078,5.614540100097656,1
2523_0.52_1.93.png,37.89241027832031,0.9949603080749512,18.149385452270508,train_core,2,0.0072479248046875,0,37.89241027832031,54.0483283996582,38.00536346435547,120.0,0.01746872439980507,0.0012279122602194548,16.15591812133789,0.11295318603515625,82.10758972167969,1.1268348693847656,2.415546417236328,3.917377471923828,5.7093505859375,1
2524_0.76_1.23.png,42.79841613769531,0.9980164766311646,21.130659103393555,train_core,3,1.4390716552734375,0,42.79841613769531,57.11955261230469,42.97229766845703,120.0,0.010128263384103775,0.0009537235018797219,14.321136474609375,0.17388153076171875,77.20158386230469,1.1102066040039062,2.3738632202148438,3.835613250732422,5.558383941650391,1
2525_0.79_1.85.png,30.343551635742188,0.9943690299987793,20.787521362304688,train_core,4,2.1496849060058594,0,30.343551635742188,54.66240692138672,30.36905288696289,120.0,0.043879397213459015,0.0009980062022805214,24.31885528564453,0.025501251220703125,89.65644836425781,1.1522388458251953,2.4799232482910156,4.0457763671875,5.953060150146484,1
2526_0.87_1.88.png,30.38327980041504,0.9938864707946777,21.174821853637695,train_core,0,2.7651119232177734,0,30.38327980041504,53.749813079833984,30.41643524169922,120.0,0.04260610416531563,0.0010279103880748153,23.366533279418945,0.03315544128417969,89.61672019958496,1.1500492095947266,2.4746456146240234,4.035810470581055,5.935243606567383,1
2527_0.82_0.59.png,37.62867736816406,0.9985690116882324,27.06281280517578,train_core,1,2.9162864685058594,0,37.62867736816406,60.508033752441406,37.659263610839844,120.0,0.019336281344294548,0.0005296638119034469,22.879356384277344,0.03058624267578125,82.37132263183594,1.1506805419921875,2.4759788513183594,4.037849426269531,5.9377288818359375,1
2529_0.77_0.68.png,48.448150634765625,0.9978253841400146,21.490955352783203,train_core,2,0.9112815856933594,0,48.448150634765625,58.29821014404297,48.93600082397461,120.0,0.005174324382096529,0.0008684864733368158,9.850059509277344,0.4878501892089844,71.55184936523438,1.0229721069335938,2.1592559814453125,3.42657470703125,4.837104797363281,1
252_0.98_1.73.png,37.25672912597656,0.9914686679840088,8.682516098022461,train_core,3,1.7336578369140625,0,37.25672912597656,50.46256637573242,37.4714241027832,120.0,0.018610943108797073,0.002392320428043604,13.20583724975586,0.21469497680664062,82.74327087402344,1.096588134765625,2.339862823486328,3.769378662109375,5.437480926513672,1
2531_0.93_0.69.png,46.464866638183594,0.9974697828292847,19.20692253112793,train_core,4,1.0907745361328125,0,46.464866638183594,57.60501480102539,46.822017669677734,120.0,0.0065193865448236465,0.000906247878447175,11.140148162841797,0.3571510314941406,73.5351333618164,1.0577239990234375,2.2439956665039062,3.5859107971191406,5.1119537353515625,1
2532_0.74_1.32.png,44.97404479980469,0.996666669845581,17.125591278076172,train_core,0,0.7819557189941406,0,44.97404479980469,56.065711975097656,45.33699417114258,120.0,0.007521540392190218,0.0010887081734836102,11.091667175292969,0.3629493713378906,75.02595520019531,1.0566940307617188,2.241424560546875,3.580944061279297,5.103084564208984,1
2533_0.78_0.9.png,46.621055603027344,0.9953768253326416,15.559648513793945,train_core,1,0.399444580078125,0,46.621055603027344,55.136924743652344,47.3009033203125,120.0,0.005915078334510326,0.0011811326257884502,8.515869140625,0.6798477172851562,73.37894439697266,0.9744949340820312,2.042652130126953,3.2117042541503906,4.477558135986328,1
2535_1.0_1.71.png,40.654876708984375,0.9873954653739929,8.987265586853027,train_core,2,0.7295989990234375,0,40.654876708984375,50.97429656982422,41.09882354736328,120.0,0.012069129385054111,0.0018020247807726264,10.319419860839844,0.44394683837890625,79.34512329101562,1.036102294921875,2.191211700439453,3.486541748046875,4.940147399902344,1
2536_1.0_1.41.png,42.20256805419922,0.9909723997116089,10.101572036743164,train_core,3,0.6557769775390625,0,42.20256805419922,52.09379577636719,42.69071960449219,120.0,0.010230421088635921,0.0015964818885549903,9.891227722167969,0.48815155029296875,77.79743194580078,1.0238418579101562,2.1614036560058594,3.430675506591797,4.844318389892578,1
2537_0.51_1.87.png,42.74398422241211,0.9944841265678406,16.138233184814453,train_core,4,-0.034610748291015625,0,42.74398422241211,52.88835525512695,43.20842742919922,120.0,0.009549682028591633,0.001558037125505507,10.144371032714844,0.4644432067871094,77.25601577758789,1.0311317443847656,2.179088592529297,3.4636573791503906,4.900569915771484,1
2538_0.89_0.75.png,44.932594299316406,0.9964405298233032,17.33907699584961,train_core,0,0.3307762145996094,0,44.932594299316406,55.026123046875,45.391029357910156,120.0,0.006722710561007261,0.0011380646610632539,10.093528747558594,0.45843505859375,75.0674057006836,1.0305213928222656,2.177539825439453,3.46063232421875,4.8950958251953125,1
2539_0.87_1.96.png,38.71867370605469,0.9906603097915649,11.227834701538086,train_core,1,0.8390617370605469,0,38.71867370605469,50.77540969848633,39.00701141357422,120.0,0.01422046683728695,0.0018003432778641582,12.05673599243164,0.28833770751953125,81.28132629394531,1.0769386291503906,2.291229248046875,3.6758460998535156,5.270282745361328,1
253_0.78_0.73.png,38.03538513183594,0.9977060556411743,20.968713760375977,train_core,2,3.6840362548828125,0,38.03538513183594,56.357582092285156,38.09977340698242,120.0,0.02064104564487934,0.0011872109025716782,18.32219696044922,0.06438827514648438,81.96461486816406,1.1403160095214844,2.4493484497070312,3.98382568359375,5.832981109619141,1
2540_0.76_1.17.png,44.05927658081055,0.9958177804946899,15.837568283081055,train_core,3,0.3676948547363281,0,44.05927658081055,54.084190368652344,44.526695251464844,120.0,0.0077157653868198395,0.0013068768894299865,10.024913787841797,0.4674186706542969,75.94072341918945,1.0284004211425781,2.1723899841308594,3.451038360595703,4.878730773925781,1
2541_0.86_1.59.png,44.5515022277832,0.9819002151489258,10.271869659423828,train_core,4,0.22431182861328125,0,44.5515022277832,54.982418060302734,44.996421813964844,120.0,0.007186915259808302,0.0011614356189966202,10.430915832519531,0.4449195861816406,75.4484977722168,1.0362510681152344,2.191669464111328,3.487682342529297,4.943111419677734,1
2542_0.7_1.52.png,45.68150329589844,0.9882762432098389,12.4423828125,train_core,0,0.4553184509277344,0,45.68150329589844,56.09445571899414,46.11785125732422,120.0,0.00667871767655015,0.0010723083978518844,10.412952423095703,0.43634796142578125,74.31849670410156,1.0369834899902344,2.1933860778808594,3.4906463623046875,4.9476776123046875,1
2543_0.53_1.81.png,46.48191833496094,0.9873080253601074,13.968559265136719,train_core,1,0.29837799072265625,0,46.48191833496094,56.22598648071289,46.997459411621094,120.0,0.0062421471811831,0.0010824711062014103,9.744068145751953,0.5155410766601562,73.51808166503906,1.0170440673828125,2.145000457763672,3.4003829956054688,4.793788909912109,1
2544_0.83_1.21.png,46.11271286010742,0.9895750880241394,12.305152893066406,train_core,2,0.72418212890625,0,46.11271286010742,56.38078308105469,46.56929016113281,120.0,0.006252617575228214,0.0010180467506870627,10.268070220947266,0.4565773010253906,73.88728713989258,1.0321998596191406,2.181854248046875,3.4692955017089844,4.911529541015625,1
2545_0.54_1.41.png,44.333580017089844,0.9977678060531616,21.760177612304688,train_core,3,1.1560173034667969,0,44.333580017089844,56.96759033203125,44.58530044555664,120.0,0.008536800742149353,0.0010671754134818912,12.634010314941406,0.2517204284667969,75.66641998291016,1.0864028930664062,2.3147811889648438,3.7213897705078125,5.3521575927734375,1
2546_0.84_0.53.png,45.98279571533203,0.9986542463302612,24.1691951751709,train_core,4,2.093608856201172,0,45.98279571533203,59.075279235839844,46.20838928222656,120.0,0.0074172308668494225,0.0008232717518694699,13.092483520507812,0.22559356689453125,74.01720428466797,1.0944366455078125,2.3345603942871094,3.7592697143554688,5.419635772705078,1
2547_0.63_1.17.png,46.05796432495117,0.9979162216186523,21.668346405029297,train_core,0,0.4265289306640625,0,46.05796432495117,57.47568130493164,46.392181396484375,120.0,0.006433606613427401,0.0010110087459906936,11.417716979980469,0.3342170715332031,73.94203567504883,1.0636100769042969,2.2584800720214844,3.613536834716797,5.160587310791016,1
2548_0.9_0.6.png,43.93583679199219,0.9982377290725708,22.264890670776367,train_core,1,2.1813201904296875,0,43.93583679199219,58.44824981689453,44.097877502441406,120.0,0.0090579679235816,0.0008733742870390415,14.512413024902344,0.16204071044921875,76.06416320800781,1.1125144958496094,2.3795928955078125,3.846752166748047,5.578651428222656,1
2549_0.61_1.7.png,41.89788818359375,0.9966497421264648,17.712398529052734,train_core,2,0.5660247802734375,0,41.89788818359375,56.310543060302734,42.07658386230469,120.0,0.01158533338457346,0.0010832276893779635,14.412654876708984,0.1786956787109375,78.10211181640625,1.1108322143554688,2.3754348754882812,3.838733673095703,5.564212799072266,1
254_0.94_0.86.png,37.515968322753906,0.9967406988143921,17.212696075439453,train_core,3,2.8533668518066406,0,37.515968322753906,55.281951904296875,37.58922576904297,120.0,0.020489506423473358,0.0013256120728328824,17.76598358154297,0.0732574462890625,82.4840316772461,1.1376571655273438,2.442638397216797,3.9705276489257812,5.807964324951172,1
2550_0.85_1.96.png,40.95532989501953,0.9941278696060181,14.243353843688965,train_core,4,0.6890754699707031,0,40.95532989501953,54.783851623535156,41.15399932861328,120.0,0.012723825871944427,0.0012126377550885081,13.828521728515625,0.19866943359375,79.04467010498047,1.1042861938476562,2.3590240478515625,3.8065719604492188,5.505096435546875,1
2552_0.55_0.61.png,47.370418548583984,0.9985268115997314,25.667001724243164,train_core,0,-0.2719306945800781,1,47.370418548583984,60.029964447021484,47.62712478637695,120.0,0.00653101084753871,0.0007336168200708926,12.6595458984375,0.25670623779296875,72.62958145141602,1.0873947143554688,2.317157745361328,3.7257919311523438,5.359649658203125,1
2553_0.87_1.09.png,45.18825912475586,0.9962925910949707,15.39272689819336,train_core,1,0.6281623840332031,0,45.18825912475586,56.80427169799805,45.50756072998047,120.0,0.007575164549052715,0.00101052550598979,11.616012573242188,0.3193016052246094,74.81174087524414,1.0678787231445312,2.2689857482910156,3.6335678100585938,5.195911407470703,1
2554_0.63_1.32.png,42.350162506103516,0.9958716630935669,16.559192657470703,train_core,2,1.4909896850585938,0,42.350162506103516,56.77928161621094,42.516448974609375,120.0,0.01129330787807703,0.0010433736024424434,14.429119110107422,0.16628646850585938,77.64983749389648,1.1118202209472656,2.3778076171875,3.8431549072265625,5.571834564208984,1
2555_0.9_1.71.png,42.309478759765625,0.9936940670013428,12.197906494140625,train_core,3,0.8331031799316406,0,42.309478759765625,54.427520751953125,42.592628479003906,120.0,0.010548112913966179,0.0012840674025937915,12.1180419921875,0.28314971923828125,77.69052124023438,1.0781478881835938,2.2942466735839844,3.6816864013671875,5.2807159423828125,1
2556_0.89_1.72.png,42.53802490234375,0.9938372373580933,12.270059585571289,train_core,4,0.8520622253417969,0,42.53802490234375,54.55913543701172,42.82798385620117,120.0,0.010050725191831589,0.0012833749642595649,12.021110534667969,0.2899589538574219,77.46197509765625,1.0762481689453125,2.2895660400390625,3.6727447509765625,5.264900207519531,1
2557_0.84_0.68.png,43.41901397705078,0.9957295656204224,19.993473052978516,train_core,0,2.7107810974121094,0,43.41901397705078,57.16954040527344,43.618408203125,120.0,0.008005369454622269,0.0008763757650740445,13.750526428222656,0.19939422607421875,76.58098602294922,1.1036224365234375,2.357410430908203,3.8034820556640625,5.499504089355469,1
2558_0.52_1.06.png,45.33668518066406,0.9951661825180054,19.587451934814453,train_core,1,1.6203536987304688,0,45.33668518066406,56.7790641784668,45.6758918762207,120.0,0.007197340484708548,0.000984411220997572,11.442378997802734,0.3392066955566406,74.66331481933594,1.0642776489257812,2.260051727294922,3.6163482666015625,5.165184020996094,1
2559_0.81_1.96.png,40.15142059326172,0.9900792837142944,12.999515533447266,train_core,2,0.18776321411132812,0,40.15142059326172,53.2300910949707,40.387413024902344,120.0,0.013193502090871334,0.0013509023701772094,13.078670501708984,0.235992431640625,79.84857940673828,1.0926666259765625,2.330322265625,3.75152587890625,5.406864166259766,1
255_0.68_0.97.png,37.47713851928711,0.9973747134208679,19.982816696166992,train_core,3,2.98992919921875,0,37.47713851928711,55.63037872314453,37.544105529785156,120.0,0.021940454840660095,0.0012921240413561463,18.153240203857422,0.06696701049804688,82.52286148071289,1.1395454406738281,2.447399139404297,3.9799537658691406,5.82568359375,1
2560_0.8_1.36.png,42.96916961669922,0.9933242797851562,15.433655738830566,train_core,4,0.2847099304199219,0,42.96916961669922,55.03437042236328,43.26339340209961,120.0,0.009542391635477543,0.0011274683056399226,12.065200805664062,0.2942237854003906,77.03083038330078,1.076416015625,2.2900466918945312,3.6738433837890625,5.267280578613281,1
2562_0.81_1.38.png,43.985984802246094,0.9950243830680847,13.965792655944824,train_core,0,0.2909431457519531,0,43.985984802246094,55.12843322753906,44.34373474121094,120.0,0.00841083936393261,0.0013057744363322854,11.142448425292969,0.35774993896484375,76.0140151977539,1.0576705932617188,2.243907928466797,3.585826873779297,5.111946105957031,1
2563_0.85_0.62.png,47.947265625,0.9976142644882202,18.947887420654297,train_core,1,-0.46337890625,1,47.947265625,57.93863296508789,48.41888427734375,120.0,0.005247639492154121,0.000962318095844239,9.99136734008789,0.47161865234375,72.052734375,1.026580810546875,2.1681976318359375,3.4436416625976562,4.866935729980469,1
2564_0.59_1.09.png,44.84932327270508,0.9969844222068787,17.944002151489258,train_core,2,-0.9015846252441406,1,44.84932327270508,56.80852508544922,45.14501953125,120.0,0.008661067113280296,0.0011163052404299378,11.95920181274414,0.2956962585449219,75.15067672729492,1.0749359130859375,2.286365509033203,3.66668701171875,5.254291534423828,1
2565_0.6_1.17.png,46.57524871826172,0.9968525171279907,21.539011001586914,train_core,3,0.6001243591308594,0,46.57524871826172,57.41912841796875,46.95878601074219,120.0,0.006581242196261883,0.0010455463780090213,10.843879699707031,0.38353729248046875,73.42475128173828,1.0508956909179688,2.227203369140625,3.5539627075195312,5.0559234619140625,1
2567_0.52_1.05.png,46.28631591796875,0.997349202632904,22.12415885925293,train_core,4,1.0695686340332031,0,46.28631591796875,57.815834045410156,46.612552642822266,120.0,0.00700205285102129,0.001002221368253231,11.529518127441406,0.3262367248535156,73.71368408203125,1.0665855407714844,2.265716552734375,3.6270751953125,5.183910369873047,1
2568_0.6_1.1.png,46.74953079223633,0.9970132112503052,21.99113655090332,train_core,0,0.797393798828125,0,46.74953079223633,57.66228103637695,47.126556396484375,120.0,0.006505942903459072,0.0010200886754319072,10.912750244140625,0.3770256042480469,73.25046920776367,1.0526695251464844,2.2315444946289062,3.5621604919433594,5.070140838623047,1
2569_0.51_1.46.png,45.156288146972656,0.995917022228241,18.893251419067383,train_core,1,0.3075599670410156,0,45.156288146972656,57.74287414550781,45.41288757324219,120.0,0.007959987036883831,0.0010070480639114976,12.586585998535156,0.25659942626953125,74.84371185302734,1.0858535766601562,2.313304901123047,3.718303680419922,5.346164703369141,1
256_0.94_1.27.png,34.80290222167969,0.9937634468078613,14.380322456359863,train_core,2,3.574554443359375,0,34.80290222167969,53.28836441040039,34.864898681640625,120.0,0.028249237686395645,0.0016377329593524337,18.485462188720703,0.0619964599609375,85.19709777832031,1.1410369873046875,2.4511642456054688,3.9874267578125,5.8397674560546875,1
2570_0.99_2.0.png,41.83055114746094,0.989560067653656,9.942224502563477,train_core,3,0.2983589172363281,0,41.83055114746094,54.43141555786133,42.09085464477539,120.0,0.010905764065682888,0.0013886637752875686,12.60086441040039,0.2603034973144531,78.16944885253906,1.0857124328613281,2.313030242919922,3.7179832458496094,5.345985412597656,1
2571_0.85_1.0.png,47.151885986328125,0.9959278106689453,16.048603057861328,train_core,4,-1.0724372863769531,1,47.151885986328125,57.820777893066406,47.55710220336914,120.0,0.0059083374217152596,0.0009636487811803818,10.668891906738281,0.4052162170410156,72.84811401367188,1.0456352233886719,2.214458465576172,3.530181884765625,5.015262603759766,1
2572_0.54_1.3.png,47.53760528564453,0.9964284896850586,19.095800399780273,train_core,0,0.37662506103515625,0,47.53760528564453,58.131072998046875,47.95112609863281,120.0,0.006027415860444307,0.00096500403014943,10.593467712402344,0.41352081298828125,72.46239471435547,1.0433197021484375,2.20880126953125,3.519561767578125,4.996997833251953,1
2573_0.84_1.04.png,41.935001373291016,0.9954378008842468,14.170709609985352,train_core,1,2.4573745727539062,0,41.935001373291016,57.25751876831055,42.069786071777344,120.0,0.009752043522894382,0.000946731714066118,15.322517395019531,0.13478469848632812,78.06499862670898,1.1200180053710938,2.3984718322753906,3.883892059326172,5.647426605224609,1
2574_0.57_1.08.png,44.165130615234375,0.9969889521598816,17.905437469482422,train_core,2,1.4996528625488281,0,44.165130615234375,58.01887130737305,44.35516357421875,120.0,0.007982857525348663,0.0008929742616601288,13.853740692138672,0.190032958984375,75.83486938476562,1.1049919128417969,2.360809326171875,3.8100852966308594,5.511497497558594,1
2575_0.53_1.08.png,45.65303421020508,0.996954083442688,18.564678192138672,train_core,3,0.9795799255371094,0,45.65303421020508,58.01584243774414,45.924468994140625,120.0,0.006837023887783289,0.0008873220067471266,12.362808227539062,0.2714347839355469,74.34696578979492,1.0826530456542969,2.305377960205078,3.7030105590820312,5.318622589111328,1
2576_0.85_1.81.png,36.52037811279297,0.9897736310958862,10.727897644042969,train_core,4,2.3678741455078125,0,36.52037811279297,54.61227035522461,36.5919075012207,120.0,0.0172061026096344,0.001257078954949975,18.09189224243164,0.07152938842773438,83.47962188720703,1.1386985778808594,2.4453582763671875,3.9761428833007812,5.81903076171875,1
2577_0.96_0.78.png,43.1306037902832,0.9962466955184937,14.319448471069336,train_core,0,1.0839195251464844,0,43.1306037902832,57.250953674316406,43.316322326660156,120.0,0.008831319399178028,0.0009539229213260114,14.120349884033203,0.18571853637695312,76.8693962097168,1.1052589416503906,2.362060546875,3.8138389587402344,5.521198272705078,1
2578_0.79_1.18.png,43.22956085205078,0.995647132396698,13.647991180419922,train_core,1,1.8161582946777344,0,43.22956085205078,56.52318572998047,43.44953536987305,120.0,0.009355850517749786,0.001076391781680286,13.293624877929688,0.21997451782226562,76.77043914794922,1.09552001953125,2.337493896484375,3.7655487060546875,5.432415008544922,1
2579_0.77_0.86.png,45.84498596191406,0.9971505999565125,16.016393661499023,train_core,2,1.3751144409179688,0,45.84498596191406,57.78217697143555,46.145469665527344,120.0,0.006888916250318289,0.0009357963572256267,11.937191009521484,0.30048370361328125,74.15501403808594,1.0728302001953125,2.2814178466796875,3.6578216552734375,5.239910125732422,1
257_0.75_0.54.png,33.229984283447266,0.9956216216087341,25.610816955566406,train_core,3,4.112815856933594,0,33.229984283447266,56.396339416503906,33.25099563598633,120.0,0.024722415953874588,0.0010101383086293936,23.16635513305664,0.0210113525390625,86.77001571655273,1.1534309387207031,2.482513427734375,4.049846649169922,5.9582061767578125,1
2580_0.77_1.33.png,43.28004455566406,0.9952493906021118,13.188970565795898,train_core,4,1.4984359741210938,0,43.28004455566406,56.06285858154297,43.5288200378418,120.0,0.009419907815754414,0.0011382148368284106,12.782814025878906,0.24877548217773438,76.71995544433594,1.087738037109375,2.3181686401367188,3.7282333374023438,5.365257263183594,1
2581_0.79_1.95.png,38.67267608642578,0.9968422651290894,16.077322006225586,train_core,0,2.4790496826171875,0,38.67267608642578,54.51762390136719,38.791648864746094,120.0,0.017381833866238594,0.0014230719534680247,15.844947814941406,0.1189727783203125,81.32732391357422,1.1249847412109375,2.410778045654297,3.9077186584472656,5.690834045410156,1
2582_0.53_1.64.png,45.24526596069336,0.998304545879364,18.285615921020508,train_core,1,0.2070770263671875,0,45.24526596069336,56.21128463745117,45.628944396972656,120.0,0.007909329608082771,0.0012419744161888957,10.966018676757812,0.3836784362792969,74.75473403930664,1.0510215759277344,2.227985382080078,3.5565414428710938,5.062717437744141,1
2583_0.66_0.66.png,47.72836685180664,0.999301552772522,24.757896423339844,train_core,2,1.0117225646972656,0,47.72836685180664,59.27031707763672,48.05284118652344,120.0,0.006193476729094982,0.0008905404829420149,11.541950225830078,0.3244743347167969,72.27163314819336,1.0665245056152344,2.265625,3.627056121826172,5.184207916259766,1
2584_0.84_1.66.png,40.38810348510742,0.9973635673522949,16.20645523071289,train_core,3,1.9316673278808594,0,40.38810348510742,55.224300384521484,40.53759765625,120.0,0.014195709489285946,0.0013127834536135197,14.836196899414062,0.14949417114257812,79.61189651489258,1.1160316467285156,2.3883438110351562,3.863719940185547,5.609539031982422,1
2585_0.76_1.09.png,48.929344177246094,0.9970637559890747,19.984264373779297,train_core,4,0.16757965087890625,0,48.929344177246094,58.66770935058594,49.439231872558594,120.0,0.004280564375221729,0.0008389240247197449,9.738365173339844,0.5098876953125,71.0706558227539,1.0188865661621094,2.1493606567382812,3.408172607421875,4.805946350097656,1
2586_0.65_1.77.png,43.46043014526367,0.9956196546554565,17.793594360351562,train_core,0,0.8767662048339844,0,43.46043014526367,57.198150634765625,43.659175872802734,120.0,0.007072752807289362,0.0009812830248847604,13.737720489501953,0.1987457275390625,76.53956985473633,1.1031494140625,2.3562164306640625,3.8011512756347656,5.495281219482422,1
2587_0.67_1.68.png,44.658206939697266,0.9958405494689941,17.90412712097168,train_core,1,0.7460594177246094,0,44.658206939697266,57.363685607910156,44.91099548339844,120.0,0.006634375546127558,0.0009659139323048294,12.70547866821289,0.2527885437011719,75.34179306030273,1.0881462097167969,2.3189468383789062,3.7290725708007812,5.365196228027344,1
2588_0.7_1.03.png,48.46644592285156,0.997429370880127,21.155290603637695,train_core,2,0.37644195556640625,0,48.46644592285156,59.02094268798828,48.8865966796875,120.0,0.004600884858518839,0.000799193570856005,10.554496765136719,0.4201507568359375,71.53355407714844,1.0428390502929688,2.2075729370117188,3.5170631408691406,4.992286682128906,1
2589_0.62_1.28.png,43.6348876953125,0.9949468374252319,16.106569290161133,train_core,3,1.1093292236328125,0,43.6348876953125,54.383445739746094,44.0421257019043,120.0,0.008763344027101994,0.0014285286888480186,10.748558044433594,0.4072380065917969,76.3651123046875,1.0473556518554688,2.2187042236328125,3.5382537841796875,5.029438018798828,1
258_0.79_1.8.png,30.460330963134766,0.9889525175094604,10.826071739196777,train_core,4,3.0719680786132812,0,30.460330963134766,49.66259002685547,30.512836456298828,120.0,0.03571628779172897,0.002395358867943287,19.202259063720703,0.0525054931640625,89.53966903686523,1.1438922882080078,2.4583702087402344,4.001735687255859,5.866790771484375,1
2590_0.91_1.28.png,41.5394287109375,0.992364764213562,12.262725830078125,train_core,0,1.12939453125,0,41.5394287109375,52.853973388671875,41.88798904418945,120.0,0.01015591248869896,0.0015989188104867935,11.314544677734375,0.3485603332519531,78.4605712890625,1.0614700317382812,2.2531890869140625,3.603351593017578,5.1425018310546875,1
2591_0.78_1.58.png,40.75153350830078,0.9919674396514893,12.618698120117188,train_core,1,1.3692054748535156,0,40.75153350830078,52.40339660644531,41.078529357910156,120.0,0.011343901045620441,0.0016940366476774216,11.651863098144531,0.326995849609375,79.24846649169922,1.0685310363769531,2.2705535888671875,3.636444091796875,5.200782775878906,1
2592_0.73_0.67.png,46.86306381225586,0.9966034889221191,18.994098663330078,train_core,2,0.57177734375,0,46.86306381225586,56.356998443603516,47.403038024902344,120.0,0.00574896577745676,0.001138600055128336,9.493934631347656,0.5399742126464844,73.13693618774414,1.0112419128417969,2.130901336669922,3.373912811279297,4.747962951660156,1
2593_0.64_0.67.png,46.677818298339844,0.9987367391586304,22.64588165283203,train_core,3,0.5010643005371094,0,46.677818298339844,57.4821891784668,47.06854248046875,120.0,0.005844980012625456,0.0009680206421762705,10.804370880126953,0.39072418212890625,73.32218170166016,1.0497589111328125,2.2244415283203125,3.5487937927246094,5.047115325927734,1
2594_0.65_1.7.png,40.36733627319336,0.9961603879928589,16.573823928833008,train_core,4,0.9583511352539062,0,40.36733627319336,53.105125427246094,40.62824630737305,120.0,0.01162909995764494,0.0014176625991240144,12.737789154052734,0.2609100341796875,79.63266372680664,1.0890579223632812,2.3211898803710938,3.733379364013672,5.372844696044922,1
2595_0.76_0.72.png,45.22215270996094,0.9982826113700867,20.32231330871582,train_core,0,0.6062469482421875,0,45.22215270996094,56.604759216308594,45.55955505371094,120.0,0.006519929505884647,0.0010226683225482702,11.382606506347656,0.33740234375,74.77784729003906,1.0633964538574219,2.2578964233398438,3.612213134765625,5.157848358154297,1
2596_0.54_1.72.png,43.23692321777344,0.997161328792572,18.171655654907227,train_core,1,0.24428558349609375,0,43.23692321777344,54.044395446777344,43.634765625,120.0,0.008190608583390713,0.0013699481496587396,10.807472229003906,0.3978424072265625,76.76307678222656,1.049468994140625,2.223773956298828,3.5476226806640625,5.045196533203125,1
2597_0.99_1.21.png,47.88408279418945,0.9976596832275391,20.40247344970703,train_core,2,0.4019279479980469,0,47.88408279418945,56.876407623291016,48.49815368652344,120.0,0.00494035892188549,0.0009694601758383214,8.992324829101562,0.6140708923339844,72.11591720581055,0.9922409057617188,2.0853538513183594,3.2902488708496094,4.608436584472656,1
2598_0.78_1.6.png,47.451011657714844,0.9977070093154907,20.80533790588379,train_core,3,0.08319854736328125,0,47.451011657714844,56.74439239501953,48.02630615234375,120.0,0.005315405782312155,0.0010066115064546466,9.293380737304688,0.5752944946289062,72.54898834228516,1.0022964477539062,2.1096725463867188,3.335430145263672,4.684757232666016,1
2599_0.94_1.0.png,49.119728088378906,0.9982175827026367,22.35919952392578,train_core,4,0.13303375244140625,0,49.119728088378906,57.67177963256836,49.80206298828125,120.0,0.004344868939369917,0.0008953046635724604,8.552051544189453,0.6823348999023438,70.8802719116211,0.9751777648925781,2.044475555419922,3.2154312133789062,4.484474182128906,1
259_0.87_0.76.png,30.130050659179688,0.9917243719100952,20.154809951782227,train_core,0,3.3784942626953125,0,30.130050659179688,55.34001922607422,30.143156051635742,120.0,0.03321531042456627,0.0012398018734529614,25.20996856689453,0.013105392456054688,89.86994934082031,1.1558361053466797,2.4886093139648438,4.062034606933594,5.981517791748047,1
2600_0.72_0.68.png,50.997215270996094,0.9988014101982117,28.04562759399414,train_core,1,-0.3770637512207031,1,50.997215270996094,59.13856506347656,51.755428314208984,120.0,0.003550807712599635,0.0007514848839491606,8.141349792480469,0.7582130432128906,69.0027847290039,0.9565391540527344,2.00030517578125,3.1356353759765625,4.35455322265625,1
2601_0.9_1.5.png,43.7523078918457,0.9945666193962097,13.038530349731445,train_core,2,0.3705596923828125,0,43.7523078918457,53.476768493652344,44.2676887512207,120.0,0.008657566271722317,0.001514103845693171,9.72446060180664,0.515380859375,76.2476921081543,1.0181045532226562,2.1475067138671875,3.404834747314453,4.800544738769531,1
2602_0.79_0.82.png,46.622623443603516,0.9973344802856445,18.526918411254883,train_core,3,-0.035980224609375,0,46.622623443603516,56.33512496948242,47.13739013671875,120.0,0.006383909378200769,0.0011400528019294143,9.712501525878906,0.5147666931152344,73.37737655639648,1.0181999206542969,2.1477127075195312,3.4051284790039062,4.800815582275391,1
2603_0.94_1.62.png,43.393001556396484,0.9935767650604248,12.157960891723633,train_core,4,0.6092605590820312,0,43.393001556396484,52.88087463378906,43.93953323364258,120.0,0.008738534525036812,0.0016035917215049267,9.487873077392578,0.5465316772460938,76.60699844360352,1.0101280212402344,2.1282691955566406,3.3691940307617188,4.740367889404297,1
2604_0.54_1.12.png,43.49714660644531,0.9972254633903503,19.452219009399414,train_core,0,-0.3097572326660156,1,43.49714660644531,55.85110092163086,43.7736701965332,120.0,0.009579473175108433,0.0011962512508034706,12.353954315185547,0.2765235900878906,76.50285339355469,1.0821762084960938,2.3041915893554688,3.7007713317871094,5.314769744873047,1
2605_0.59_0.7.png,46.163902282714844,0.9974521994590759,21.794607162475586,train_core,1,1.1126556396484375,0,46.163902282714844,57.14577102661133,46.546669006347656,120.0,0.006357414182275534,0.0009902939200401306,10.981868743896484,0.3827667236328125,73.83609771728516,1.0521697998046875,2.230640411376953,3.561176300048828,5.069999694824219,1
2606_0.59_0.6.png,46.829429626464844,0.9976563453674316,23.119260787963867,train_core,2,1.0184669494628906,0,46.829429626464844,57.59518051147461,47.232330322265625,120.0,0.005937240552157164,0.000937031873036176,10.765750885009766,0.40290069580078125,73.17057037353516,1.0467185974121094,2.217334747314453,3.536102294921875,5.026592254638672,1
2607_1.0_0.53.png,44.54582214355469,0.9968117475509644,20.312801361083984,train_core,3,1.1890335083007812,0,44.54582214355469,56.564640045166016,44.84482192993164,120.0,0.00717643229290843,0.0009634620510041714,12.018817901611328,0.2989997863769531,75.45417785644531,1.074737548828125,2.2861289978027344,3.666797637939453,5.255695343017578,1
2608_0.68_1.54.png,41.826202392578125,0.9935364723205566,15.470487594604492,train_core,4,1.7883529663085938,0,41.826202392578125,53.64707946777344,42.143306732177734,120.0,0.010504068806767464,0.001412222976796329,11.820877075195312,0.3171043395996094,78.17379760742188,1.0706024169921875,2.275836944580078,3.6469573974609375,5.220268249511719,1
2610_0.81_1.15.png,44.644046783447266,0.9956018328666687,14.046817779541016,train_core,0,0.6461410522460938,0,44.644046783447266,54.84290313720703,45.09943389892578,120.0,0.007095681503415108,0.0013216471998021007,10.198856353759766,0.4553871154785156,75.35595321655273,1.0333900451660156,2.1845664978027344,3.4738922119140625,4.917987823486328,1
2611_0.79_0.73.png,46.85121154785156,0.9972082376480103,17.499290466308594,train_core,1,0.6471290588378906,0,46.85121154785156,56.68447494506836,47.34557342529297,120.0,0.005560197867453098,0.001088432502001524,9.833263397216797,0.49436187744140625,73.14878845214844,1.0224418640136719,2.1579933166503906,3.4242401123046875,4.833160400390625,1
2613_0.76_1.52.png,43.74943161010742,0.9923191070556641,14.647612571716309,train_core,2,0.6030006408691406,0,43.74943161010742,54.56200408935547,44.14994812011719,120.0,0.008603841997683048,0.0013203565031290054,10.812572479248047,0.4005165100097656,76.25056838989258,1.0485877990722656,2.2217483520507812,3.5440826416015625,5.039741516113281,1
2614_0.55_0.63.png,49.3040771484375,0.9965755939483643,24.139636993408203,train_core,3,0.32379913330078125,0,49.3040771484375,58.45475769042969,49.900394439697266,120.0,0.004682437051087618,0.0009022867889143527,9.150680541992188,0.5963172912597656,70.6959228515625,0.9966201782226562,2.096088409423828,3.310546875,4.643482208251953,1
2615_0.61_1.0.png,47.979766845703125,0.9956258535385132,19.709665298461914,train_core,4,-0.13018798828125,0,47.979766845703125,56.85723876953125,48.61803436279297,120.0,0.005311480723321438,0.0010661595733836293,8.877471923828125,0.6382675170898438,72.02023315429688,0.9872474670410156,2.0734519958496094,3.268627166748047,4.572959899902344,1
2616_0.96_0.99.png,42.88063430786133,0.993261456489563,15.426606178283691,train_core,0,0.2904930114746094,0,42.88063430786133,55.243003845214844,43.15764617919922,120.0,0.00795575138181448,0.001193689531646669,12.362369537353516,0.2770118713378906,77.11936569213867,1.0807380676269531,2.300922393798828,3.695117950439453,5.306018829345703,1
2617_0.73_0.82.png,45.582115173339844,0.9980064630508423,17.462427139282227,train_core,1,1.6477432250976562,0,45.582115173339844,57.860748291015625,45.85214614868164,120.0,0.007528556045144796,0.0009413182851858437,12.278633117675781,0.2700309753417969,74.41788482666016,1.0811882019042969,2.3017196655273438,3.695934295654297,5.3059234619140625,1
2618_0.53_1.46.png,44.89772033691406,0.9973565936088562,17.375944137573242,train_core,2,1.1818161010742188,0,44.89772033691406,56.138038635253906,45.2481803894043,120.0,0.00798417441546917,0.0011363124940544367,11.240318298339844,0.3504600524902344,75.10227966308594,1.0599594116210938,2.2494277954101562,3.596118927001953,5.1295928955078125,1
2619_0.78_1.48.png,41.587772369384766,0.9953269362449646,12.969766616821289,train_core,3,1.2645454406738281,0,41.587772369384766,55.08027648925781,41.791465759277344,120.0,0.011798130348324776,0.0012530768290162086,13.492504119873047,0.20369338989257812,78.41222763061523,1.1002960205078125,2.349090576171875,3.78729248046875,5.470043182373047,1
261_0.54_0.73.png,38.794246673583984,0.9989423155784607,25.544086456298828,train_core,4,1.8363914489746094,0,38.794246673583984,57.32250213623047,38.855865478515625,120.0,0.019771715626120567,0.0010104934917762876,18.528255462646484,0.061618804931640625,81.20575332641602,1.1412162780761719,2.4516258239746094,3.98834228515625,5.84149169921875,1
2620_0.76_1.26.png,42.77611541748047,0.9963876605033875,14.210299491882324,train_core,0,1.2567863464355469,0,42.77611541748047,55.97339630126953,42.99391174316406,120.0,0.010415683500468731,0.0011452225735411048,13.197280883789062,0.21779632568359375,77.22388458251953,1.0961456298828125,2.3387680053710938,3.7672958374023438,5.433856964111328,1
2621_0.76_1.88.png,39.66050720214844,0.9970434904098511,16.94355010986328,train_core,1,1.4780845642089844,0,39.66050720214844,53.940731048583984,39.837196350097656,120.0,0.012477747164666653,0.0013070498825982213,14.280223846435547,0.17668914794921875,80.33949279785156,1.109588623046875,2.3723487854003906,3.8327484130859375,5.553337097167969,1
2622_0.82_1.18.png,42.08966827392578,0.9982783198356628,19.054534912109375,train_core,2,0.6652450561523438,0,42.08966827392578,56.055274963378906,42.27726364135742,120.0,0.009263326413929462,0.0010774560505524278,13.965606689453125,0.18759536743164062,77.91033172607422,1.1058807373046875,2.3631210327148438,3.8148155212402344,5.520633697509766,1
2623_0.96_1.38.png,38.53389358520508,0.9970049858093262,16.032625198364258,train_core,3,1.0036048889160156,0,38.53389358520508,53.892066955566406,38.67184829711914,120.0,0.013895302079617977,0.0012454603565856814,15.358173370361328,0.1379547119140625,81.46610641479492,1.1201553344726562,2.398853302001953,3.8847084045410156,5.649112701416016,1
2624_0.86_0.85.png,43.314422607421875,0.9986822605133057,20.79454231262207,train_core,4,0.3672027587890625,0,43.314422607421875,57.227970123291016,43.50419998168945,120.0,0.008291887119412422,0.000956686504650861,13.91354751586914,0.18977737426757812,76.68557739257812,1.10498046875,2.3609390258789062,3.8107147216796875,5.513450622558594,1
2625_0.88_1.86.png,39.72065353393555,0.9968921542167664,16.478670120239258,train_core,0,1.9899864196777344,0,39.72065353393555,54.751609802246094,39.86493682861328,120.0,0.013614771887660027,0.0013045530067756772,15.030956268310547,0.14428329467773438,80.27934646606445,1.1176071166992188,2.3923301696777344,3.8716697692871094,5.624553680419922,1
2626_0.88_1.19.png,41.07300567626953,0.9980028867721558,19.34459686279297,train_core,1,2.0626220703125,0,41.07300567626953,56.481178283691406,41.20534896850586,120.0,0.011330853216350079,0.0010897787287831306,15.408172607421875,0.13234329223632812,78.92699432373047,1.1212120056152344,2.4013290405273438,3.8892288208007812,5.656768798828125,1
2627_0.78_1.93.png,41.14101791381836,0.9973115921020508,18.249414443969727,train_core,2,1.5914840698242188,0,41.14101791381836,55.113075256347656,41.32470703125,120.0,0.011563915759325027,0.0012872492661699653,13.972057342529297,0.18368911743164062,78.85898208618164,1.1058006286621094,2.362926483154297,3.8144493103027344,5.520008087158203,1
2628_0.86_1.01.png,41.804527282714844,0.9983803629875183,20.874177932739258,train_core,3,1.7562332153320312,0,41.804527282714844,57.00618362426758,41.94660949707031,120.0,0.010482117533683777,0.0010264888405799866,15.201656341552734,0.14208221435546875,78.19547271728516,1.1181983947753906,2.393970489501953,3.8753433227539062,5.632373809814453,1
2629_0.52_1.35.png,39.98325729370117,0.9973198771476746,20.313125610351562,train_core,4,2.2638473510742188,0,39.98325729370117,57.125545501708984,40.07294464111328,120.0,0.016006840392947197,0.0010105544934049249,17.142288208007812,0.08968734741210938,80.01674270629883,1.13397216796875,2.433391571044922,3.9523353576660156,5.774051666259766,1
262_0.94_1.35.png,34.69889450073242,0.9963873624801636,16.753528594970703,train_core,0,3.2388267517089844,0,34.69889450073242,54.10826873779297,34.74894332885742,120.0,0.024920927360653877,0.001492098905146122,19.409374237060547,0.050048828125,85.30110549926758,1.1446342468261719,2.4602432250976562,4.005462646484375,5.87384033203125,1
2630_0.93_0.96.png,40.01140594482422,0.9965948462486267,15.644027709960938,train_core,1,2.4568519592285156,0,40.01140594482422,56.976619720458984,40.10340881347656,120.0,0.012951361946761608,0.0010028294054791331,16.965213775634766,0.09200286865234375,79.98859405517578,1.13275146484375,2.4303359985351562,3.946338653564453,5.762973785400391,1
2631_0.81_1.01.png,41.61100387573242,0.9973201155662537,17.165489196777344,train_core,2,3.179718017578125,0,41.61100387573242,57.42889404296875,41.73120880126953,120.0,0.011317363940179348,0.0009653563611209393,15.817890167236328,0.12020492553710938,78.38899612426758,1.1247482299804688,2.4102210998535156,3.906696319580078,5.689090728759766,1
2632_0.92_1.01.png,40.301849365234375,0.9965493679046631,15.444403648376465,train_core,3,2.2836227416992188,0,40.301849365234375,56.898841857910156,40.40227508544922,120.0,0.012505557388067245,0.0010169041343033314,16.59699249267578,0.10042572021484375,79.69815063476562,1.1303749084472656,2.4243621826171875,3.9345626831054688,5.741008758544922,1
2633_0.63_0.74.png,45.66659927368164,0.9991449117660522,27.501697540283203,train_core,4,0.9170494079589844,0,45.66659927368164,57.964786529541016,45.937408447265625,120.0,0.00661305570974946,0.0008668790687806904,12.298187255859375,0.2708091735839844,74.33340072631836,1.0818862915039062,2.3034286499023438,3.6991539001464844,5.3115081787109375,1
2634_1.0_0.86.png,42.179595947265625,0.9984816908836365,20.51027488708496,train_core,0,0.8246536254882812,0,42.179595947265625,55.73041915893555,42.387168884277344,120.0,0.009442191570997238,0.001012863009236753,13.550823211669922,0.20757293701171875,77.82040405273438,1.0993690490722656,2.347187042236328,3.784473419189453,5.466739654541016,1
2635_0.98_1.78.png,38.039249420166016,0.9961564540863037,15.912935256958008,train_core,1,0.7932395935058594,0,38.039249420166016,52.4442253112793,38.221717834472656,120.0,0.01488418783992529,0.0014026382705196738,14.404975891113281,0.18246841430664062,81.96075057983398,1.1075706481933594,2.3680458068847656,3.8259811401367188,5.5443572998046875,1
2636_0.8_1.94.png,39.994197845458984,0.997011661529541,18.41794776916504,train_core,2,1.1472282409667969,0,39.994197845458984,53.36776351928711,40.21525955200195,120.0,0.010836843401193619,0.0013083132216706872,13.373565673828125,0.22106170654296875,80.00580215454102,1.0975914001464844,2.342609405517578,3.775299072265625,5.449493408203125,1
2637_0.97_1.92.png,39.686119079589844,0.9952425360679626,12.298849105834961,train_core,3,0.4468269348144531,0,39.686119079589844,52.59065246582031,39.92078399658203,120.0,0.01336743962019682,0.0015763595001772046,12.904533386230469,0.2346649169921875,80.31388092041016,1.0916519165039062,2.3276290893554688,3.745830535888672,5.395290374755859,1
2638_0.62_1.93.png,43.085113525390625,0.9973666667938232,16.988676071166992,train_core,4,0.8157920837402344,0,43.085113525390625,54.490135192871094,43.420921325683594,120.0,0.010356271639466286,0.001397701445966959,11.405021667480469,0.33580780029296875,76.91488647460938,1.0638046264648438,2.2588729858398438,3.614032745361328,5.16094970703125,1
263_0.79_1.99.png,36.22657012939453,0.9963173866271973,15.95317268371582,train_core,0,2.4580726623535156,0,36.22657012939453,52.725643157958984,36.32499694824219,120.0,0.02204996347427368,0.0016906984383240342,16.499073028564453,0.09842681884765625,83.77342987060547,1.1301651000976562,2.423786163330078,3.9332809448242188,5.738231658935547,1
2640_0.7_1.13.png,46.884986877441406,0.9986714720726013,19.601219177246094,train_core,1,-0.05037689208984375,0,46.884986877441406,56.990196228027344,47.34131622314453,120.0,0.006096103228628635,0.00107563438359648,10.105209350585938,0.456329345703125,73.1150131225586,1.0307044982910156,2.1780242919921875,3.4616241455078125,4.896938323974609,1
2642_0.86_1.21.png,43.016605377197266,0.9982465505599976,19.433290481567383,train_core,2,1.9988632202148438,0,43.016605377197266,56.879119873046875,43.20253372192383,120.0,0.009944501332938671,0.001055851229466498,13.86251449584961,0.1859283447265625,76.98339462280273,1.1052322387695312,2.3613853454589844,3.8111343383789062,5.5133056640625,1
2643_0.94_1.45.png,42.49055862426758,0.9974510073661804,16.59478759765625,train_core,3,0.990509033203125,0,42.49055862426758,55.60301971435547,42.71247100830078,120.0,0.009998129680752754,0.0011728955432772636,13.11246109008789,0.22191238403320312,77.50944137573242,1.0950469970703125,2.3360328674316406,3.7619895935058594,5.4242095947265625,1
2644_0.85_0.81.png,44.26829528808594,0.9987927675247192,22.441665649414062,train_core,4,2.634552001953125,0,44.26829528808594,58.30257797241211,44.44584274291992,120.0,0.008753491565585136,0.0009105706703849137,14.034282684326172,0.17754745483398438,75.73170471191406,1.1073799133300781,2.3667373657226562,3.8215484619140625,5.532238006591797,1
2645_0.78_0.85.png,45.07585906982422,0.9985365867614746,18.57979965209961,train_core,0,0.8270950317382812,0,45.07585906982422,58.16943359375,45.30063247680664,120.0,0.007915128022432327,0.0008836386841721833,13.093574523925781,0.22477340698242188,74.92414093017578,1.0945320129394531,2.3347854614257812,3.7596206665039062,5.420051574707031,1
2646_0.82_1.47.png,40.76238250732422,0.9970319271087646,14.38630485534668,train_core,1,1.9321250915527344,0,40.76238250732422,55.82666015625,40.90642547607422,120.0,0.012231655418872833,0.0011132938088849187,15.064277648925781,0.14404296875,79.23761749267578,1.1182937622070312,2.3940048217773438,3.8748016357421875,5.629947662353516,1
2647_0.91_1.62.png,40.73798751831055,0.9963425397872925,12.466804504394531,train_core,2,-0.0450897216796875,0,40.73798751831055,54.89179611206055,40.91672897338867,120.0,0.011984433978796005,0.0012125675566494465,14.15380859375,0.178741455078125,79.26201248168945,1.1083488464355469,2.369220733642578,3.826557159423828,5.5417633056640625,1
2649_0.59_0.63.png,46.908653259277344,0.9994105100631714,25.04236602783203,train_core,3,1.7360191345214844,0,46.908653259277344,58.95988845825195,47.20586395263672,120.0,0.00671082828193903,0.0008333679288625717,12.05123519897461,0.297210693359375,73.09134674072266,1.0773429870605469,2.2921981811523438,3.6776084899902344,5.273139953613281,1
2650_0.65_0.93.png,45.102542877197266,0.9990897178649902,21.487520217895508,train_core,4,2.3313026428222656,0,45.102542877197266,57.87749481201172,45.35295104980469,120.0,0.007899053394794464,0.0009340813849121332,12.774951934814453,0.2504081726074219,74.89745712280273,1.0898628234863281,2.32318115234375,3.7371826171875,5.379596710205078,1
2651_0.74_1.04.png,45.848201751708984,0.9988805651664734,19.53707504272461,train_core,0,1.6675529479980469,0,45.848201751708984,57.531768798828125,46.16570281982422,120.0,0.00663820281624794,0.0009667703998275101,11.68356704711914,0.3175010681152344,74.15179824829102,1.0698814392089844,2.27386474609375,3.6426925659179688,5.211574554443359,1
2652_0.85_1.34.png,44.227603912353516,0.9980611801147461,16.331850051879883,train_core,1,1.2588882446289062,0,44.227603912353516,55.90922927856445,44.53857421875,120.0,0.007100370712578297,0.0010918820044025779,11.681625366210938,0.3109703063964844,75.77239608764648,1.0698699951171875,2.2738037109375,3.6425132751464844,5.2111358642578125,1
2653_0.5_0.98.png,44.32037353515625,0.998064398765564,26.67388153076172,train_core,2,1.5026779174804688,0,44.32037353515625,58.61921691894531,44.48988342285156,120.0,0.0062749022617936134,0.000722411263268441,14.298843383789062,0.1695098876953125,75.67962646484375,1.1101493835449219,2.3736801147460938,3.8351974487304688,5.557456970214844,1
2654_0.88_1.25.png,43.18224334716797,0.9966952204704285,18.839599609375,train_core,3,1.042572021484375,0,43.18224334716797,56.17677307128906,43.4154167175293,120.0,0.00711488351225853,0.0008654745179228485,12.994529724121094,0.23317337036132812,76.81775665283203,1.0919151306152344,2.3284912109375,3.7479248046875,5.399971008300781,1
2655_0.53_0.87.png,45.69069290161133,0.9981836676597595,26.99258041381836,train_core,4,1.7165565490722656,0,45.69069290161133,59.1127815246582,45.89948654174805,120.0,0.005733744241297245,0.0006885099573992193,13.422088623046875,0.20879364013671875,74.30930709838867,1.0990638732910156,2.3460655212402344,3.7815475463867188,5.459892272949219,1
2656_0.85_0.67.png,46.4088134765625,0.998165488243103,23.695697784423828,train_core,0,1.5576858520507812,0,46.4088134765625,58.688297271728516,46.684207916259766,120.0,0.005636464338749647,0.0006649696733802557,12.279483795166016,0.2753944396972656,73.5911865234375,1.080535888671875,2.3001937866210938,3.6932449340820312,5.301692962646484,1
2657_0.81_1.67.png,40.53083038330078,0.9952559471130371,12.587539672851562,train_core,1,0.622833251953125,0,40.53083038330078,52.24932861328125,40.84141159057617,120.0,0.012709115631878376,0.0016657995292916894,11.718498229980469,0.3105812072753906,79.46916961669922,1.0703849792480469,2.2750625610351562,3.644908905029297,5.215419769287109,1
2658_0.78_1.47.png,41.20559310913086,0.9961807727813721,13.775482177734375,train_core,2,0.8785820007324219,0,41.20559310913086,53.12895202636719,41.502784729003906,120.0,0.011952415108680725,0.0015322515973821282,11.923358917236328,0.2971916198730469,78.79440689086914,1.074188232421875,2.2844581604003906,3.662933349609375,5.247516632080078,1
2659_0.63_0.92.png,45.26768112182617,0.9983353614807129,19.076961517333984,train_core,3,0.5956039428710938,0,45.26768112182617,56.01377868652344,45.66077423095703,120.0,0.007539604790508747,0.0011802084045484662,10.746097564697266,0.3930931091308594,74.73231887817383,1.0478973388671875,2.219940185546875,3.540416717529297,5.0327606201171875,1
265_0.84_1.28.png,30.33022689819336,0.9935959577560425,13.22436237335205,train_core,4,4.315952301025391,0,30.33022689819336,53.68780517578125,30.350635528564453,120.0,0.04185038432478905,0.0017015907214954495,23.35757827758789,0.02040863037109375,89.66977310180664,1.1536712646484375,2.4831275939941406,4.051074981689453,5.960575103759766,1
2660_0.52_1.75.png,42.753456115722656,0.9969630241394043,16.43491554260254,train_core,0,0.34963226318359375,0,42.753456115722656,52.89608383178711,43.215087890625,120.0,0.00980187114328146,0.0015930305235087872,10.142627716064453,0.46163177490234375,77.24654388427734,1.0306243896484375,2.1779251098632812,3.4616546630859375,4.897449493408203,1
2661_0.7_1.8.png,41.76365280151367,0.9953666925430298,13.949081420898438,train_core,1,0.626220703125,0,41.76365280151367,53.394676208496094,42.089439392089844,120.0,0.011242492124438286,0.0015452421503141522,11.631023406982422,0.3257865905761719,78.23634719848633,1.0681419372558594,2.2695884704589844,3.6346206665039062,5.197628021240234,1
2663_0.54_1.88.png,41.02604675292969,0.9957594871520996,15.622244834899902,train_core,2,0.6469612121582031,0,41.02604675292969,53.4774055480957,41.29859161376953,120.0,0.012387655675411224,0.001519756275229156,12.451358795166016,0.27254486083984375,78.97395324707031,1.0832939147949219,2.3070449829101562,3.7064361572265625,5.325279235839844,1
2664_0.64_0.83.png,45.38597106933594,0.9978077411651611,20.105758666992188,train_core,3,1.1171493530273438,0,45.38597106933594,56.660797119140625,45.749229431152344,120.0,0.007081966381520033,0.0010904237860813737,11.274826049804688,0.36325836181640625,74.61402893066406,1.0598068237304688,2.2493019104003906,3.596405029296875,5.131202697753906,1
2665_0.85_1.17.png,43.274742126464844,0.9965841174125671,15.012831687927246,train_core,4,0.575164794921875,0,43.274742126464844,54.67292022705078,43.61221694946289,120.0,0.008780784904956818,0.0012407689355313778,11.398178100585938,0.3374748229980469,76.72525787353516,1.063262939453125,2.25762939453125,3.611888885498047,5.157676696777344,1
2666_0.65_1.42.png,41.352317810058594,0.99634850025177,16.503555297851562,train_core,0,1.6990203857421875,0,41.352317810058594,54.43596267700195,41.59051513671875,120.0,0.011758272536098957,0.0013216767692938447,13.08364486694336,0.23819732666015625,78.6476821899414,1.094085693359375,2.333690643310547,3.7575912475585938,5.416656494140625,1
2667_0.94_1.11.png,41.621009826660156,0.9963380694389343,14.227580070495605,train_core,1,0.695953369140625,0,41.621009826660156,54.03648376464844,41.88917541503906,120.0,0.010303016752004623,0.0012786233564838767,12.415473937988281,0.26816558837890625,78.37899017333984,1.0831756591796875,2.3067398071289062,3.705829620361328,5.3240814208984375,1
2668_0.91_1.54.png,40.907135009765625,0.9951550364494324,12.546314239501953,train_core,2,0.5052566528320312,0,40.907135009765625,52.638362884521484,41.2208366394043,120.0,0.011291244998574257,0.0014804918318986893,11.73122787475586,0.3137016296386719,79.09286499023438,1.070220947265625,2.2747650146484375,3.6445693969726562,5.215301513671875,1
2669_0.51_1.79.png,37.98141098022461,0.9892867803573608,14.050159454345703,train_core,3,0.8618736267089844,0,37.98141098022461,52.08750915527344,38.168800354003906,120.0,0.015196936205029488,0.001416658633388579,14.106098175048828,0.18738937377929688,82.01858901977539,1.105621337890625,2.3627891540527344,3.8148765563964844,5.522346496582031,1
266_0.78_1.16.png,32.1250114440918,0.9958986043930054,14.759425163269043,train_core,4,4.501239776611328,0,32.1250114440918,54.707923889160156,32.14946365356445,120.0,0.03392530977725983,0.0015438557602465153,22.58291244506836,0.02445220947265625,87.8749885559082,1.1524772644042969,2.4800987243652344,4.045024871826172,5.949028015136719,1
2670_0.93_1.49.png,37.28913879394531,0.9840987920761108,10.442468643188477,train_core,0,2.0481300354003906,0,37.28913879394531,51.96757507324219,37.449466705322266,120.0,0.0153661435469985,0.0015075192786753178,14.678436279296875,0.16032791137695312,82.71086120605469,1.1137313842773438,2.3826675415039062,3.852874755859375,5.590274810791016,1
2672_0.53_1.63.png,38.993106842041016,0.9902862906455994,14.395613670349121,train_core,1,0.7138786315917969,0,38.993106842041016,52.63787078857422,39.201820373535156,120.0,0.01333700679242611,0.0013549126451835036,13.644763946533203,0.20871353149414062,81.00689315795898,1.0995750427246094,2.347827911376953,3.786029815673828,5.470279693603516,1
2673_0.77_1.49.png,44.736209869384766,0.9964601993560791,19.29837417602539,train_core,2,-0.08798599243164062,0,44.736209869384766,54.462310791015625,45.243186950683594,120.0,0.00729050487279892,0.0011439599329605699,9.72610092163086,0.5069770812988281,75.26379013061523,1.0181045532226562,2.147602081298828,3.4052658081054688,4.801807403564453,1
2675_0.77_1.71.png,44.48463821411133,0.9961206316947937,18.418821334838867,train_core,3,-0.3549041748046875,1,44.48463821411133,53.930694580078125,45.02742385864258,120.0,0.007454863749444485,0.0012070738011971116,9.446056365966797,0.54278564453125,75.51536178588867,1.0092430114746094,2.126140594482422,3.365345001220703,4.734081268310547,1
2676_0.59_0.95.png,45.04787826538086,0.9975161552429199,24.57305908203125,train_core,4,0.004520416259765625,0,45.04787826538086,56.4344367980957,45.3950309753418,120.0,0.007822765037417412,0.0009409643826074898,11.386558532714844,0.3471527099609375,74.95212173461914,1.0611343383789062,2.2527847290039062,3.603504180908203,5.144657135009766,1
2677_0.78_0.96.png,46.20038986206055,0.9984881281852722,18.55455207824707,train_core,0,0.6124534606933594,0,46.20038986206055,56.40861892700195,46.64429473876953,120.0,0.006536904722452164,0.0010688889306038618,10.208229064941406,0.4439048767089844,73.79961013793945,1.0339736938476562,2.185962677001953,3.476482391357422,4.922332763671875,1
2678_0.66_1.48.png,44.043067932128906,0.9975840449333191,16.438373565673828,train_core,1,0.7086715698242188,0,44.043067932128906,54.70249557495117,44.445247650146484,120.0,0.008776495233178139,0.0013075409224256873,10.659427642822266,0.4021797180175781,75.9569320678711,1.0460090637207031,2.215301513671875,3.5315780639648438,5.017238616943359,1
2679_0.72_1.97.png,42.482444763183594,0.9965161085128784,14.599018096923828,train_core,2,0.5539932250976562,0,42.482444763183594,52.892879486083984,42.90802001953125,120.0,0.010264197364449501,0.001568832783959806,10.41043472290039,0.42557525634765625,77.5175552368164,1.0392112731933594,2.1987533569335938,3.500530242919922,4.96380615234375,1
2680_0.94_1.89.png,40.727230072021484,0.9952290058135986,12.603096961975098,train_core,3,0.5836067199707031,0,40.727230072021484,51.87194061279297,41.08470916748047,120.0,0.01169729046523571,0.0016598720103502274,11.144710540771484,0.3574790954589844,79.27276992797852,1.0573234558105469,2.2431602478027344,3.5845985412597656,5.110164642333984,1
2681_0.55_0.54.png,46.73883056640625,0.9992246627807617,26.314661026000977,train_core,4,2.3887252807617188,0,46.73883056640625,59.821022033691406,46.96281051635742,120.0,0.00734278280287981,0.0007841203478164971,13.082191467285156,0.22397994995117188,73.26116943359375,1.0946159362792969,2.3349761962890625,3.7599449157714844,5.4205169677734375,1
2682_0.96_1.39.png,42.40924072265625,0.9975630640983582,15.690651893615723,train_core,0,0.8742408752441406,0,42.40924072265625,55.75504684448242,42.620147705078125,120.0,0.010756639763712883,0.001185963861644268,13.345806121826172,0.210906982421875,77.59075927734375,1.0983963012695312,2.3443641662597656,3.778118133544922,5.4533538818359375,1
2683_0.64_0.93.png,45.43544387817383,0.9989748001098633,22.475006103515625,train_core,1,2.5643882751464844,0,45.43544387817383,58.55621337890625,45.65855407714844,120.0,0.00873283389955759,0.0009247860871255398,13.120769500732422,0.22311019897460938,74.56455612182617,1.0949287414550781,2.335742950439453,3.761425018310547,5.423244476318359,1
2685_0.69_1.42.png,41.316307067871094,0.9960376024246216,15.316944122314453,train_core,2,0.9254837036132812,0,41.316307067871094,54.681800842285156,41.528953552246094,120.0,0.01079501211643219,0.0013924307422712445,13.365493774414062,0.212646484375,78.6836929321289,1.0973358154296875,2.3418006896972656,3.7734222412109375,5.445777893066406,1
2686_0.69_1.44.png,41.537208557128906,0.995940625667572,15.234947204589844,train_core,3,0.8637619018554688,0,41.537208557128906,54.50258255004883,41.77191925048828,120.0,0.01018014270812273,0.0014120419509708881,12.965373992919922,0.234710693359375,78.4627914428711,1.0910377502441406,2.3261947631835938,3.7433700561523438,5.391975402832031,1
2687_0.61_0.9.png,45.08246994018555,0.9981598854064941,19.18729019165039,train_core,4,0.38156890869140625,0,45.08246994018555,56.96919250488281,45.3813362121582,120.0,0.007229129318147898,0.0011141927680000663,11.886722564697266,0.29886627197265625,74.91753005981445,1.0731964111328125,2.2820281982421875,3.6583518981933594,5.239585876464844,1
2688_0.87_1.2.png,38.758541107177734,0.9947020411491394,13.825119972229004,train_core,0,1.6708259582519531,0,38.758541107177734,54.130191802978516,38.893821716308594,120.0,0.014489753171801567,0.0013853273121640086,15.371650695800781,0.13528060913085938,81.24145889282227,1.1201210021972656,2.398681640625,3.8842735290527344,5.648365020751953,1
2689_0.55_1.4.png,45.66897964477539,0.9922313094139099,13.220937728881836,train_core,1,0.21228790283203125,0,45.66897964477539,56.7461051940918,46.04927062988281,120.0,0.007187128998339176,0.0010979844955727458,11.077125549316406,0.3802909851074219,74.33102035522461,1.0545692443847656,2.2364845275878906,3.572185516357422,5.089118957519531,1
2690_0.97_1.47.png,42.235107421875,0.9843597412109375,7.780649185180664,train_core,2,1.3069534301757812,0,42.235107421875,55.09266662597656,42.484527587890625,120.0,0.009911647997796535,0.0013220077380537987,12.857559204101562,0.249420166015625,77.764892578125,1.0894088745117188,2.3223419189453125,3.7362060546875,5.379238128662109,1
2691_0.59_0.72.png,49.26313400268555,0.9957135915756226,17.075912475585938,train_core,3,0.7144279479980469,0,49.26313400268555,59.08428955078125,49.766502380371094,120.0,0.004695813171565533,0.0008556374232284725,9.821155548095703,0.5033683776855469,70.73686599731445,1.0202255249023438,2.152873992919922,3.4152870178222656,4.819179534912109,1
2692_0.71_1.87.png,42.70277404785156,0.9852930903434753,9.196602821350098,train_core,4,0.8955955505371094,0,42.70277404785156,54.91382598876953,42.98995590209961,120.0,0.009829873219132423,0.0013427186058834195,12.211051940917969,0.2871818542480469,77.29722595214844,1.0795822143554688,2.2977981567382812,3.6885032653808594,5.292873382568359,1
2693_0.69_0.91.png,47.93537521362305,0.9976083636283875,21.50788116455078,train_core,0,0.46624755859375,0,47.93537521362305,57.97247314453125,48.41248321533203,120.0,0.004936009645462036,0.0008383722160942852,10.037097930908203,0.4771080017089844,72.06462478637695,1.0274238586425781,2.170257568359375,3.447559356689453,4.873798370361328,1
2694_0.95_0.54.png,48.02994155883789,0.9976591467857361,22.098045349121094,train_core,1,0.8312416076660156,0,48.02994155883789,58.66173553466797,48.441741943359375,120.0,0.004626619629561901,0.000745696306694299,10.631793975830078,0.4118003845214844,71.97005844116211,1.044647216796875,2.2120933532714844,3.525798797607422,5.0078125,1
2695_0.53_1.16.png,46.83071517944336,0.997350811958313,21.49588394165039,train_core,2,0.4586524963378906,0,46.83071517944336,57.243804931640625,47.266143798828125,120.0,0.005866121966391802,0.0008993022493086755,10.413089752197266,0.4354286193847656,73.16928482055664,1.0377998352050781,2.1955490112304688,3.495075225830078,4.955547332763672,1
2696_0.77_1.3.png,42.3896484375,0.9964484572410583,18.020078659057617,train_core,3,1.8297462463378906,0,42.3896484375,55.88422393798828,42.599876403808594,120.0,0.008288387209177017,0.0010128527646884322,13.494575500488281,0.21022796630859375,77.6103515625,1.0992584228515625,2.3466873168945312,3.7830581665039062,5.4632720947265625,1
2697_0.88_1.15.png,46.76922607421875,0.9973987340927124,15.894720077514648,train_core,4,0.43827056884765625,0,46.76922607421875,56.71770477294922,47.2492561340332,120.0,0.0058191376738250256,0.0011294657597318292,9.948478698730469,0.4800300598144531,73.23077392578125,1.0255012512207031,2.1654281616210938,3.4381752014160156,4.85711669921875,1
2698_0.98_1.85.png,42.3536376953125,0.9938044548034668,11.656259536743164,train_core,0,0.971160888671875,0,42.3536376953125,53.81929397583008,42.69206237792969,120.0,0.009681536816060543,0.001474006101489067,11.465656280517578,0.3384246826171875,77.6463623046875,1.0644683837890625,2.260589599609375,3.6175003051757812,5.1674957275390625,1
2699_0.92_1.48.png,45.13792037963867,0.9962621927261353,13.729393005371094,train_core,1,0.5469284057617188,0,45.13792037963867,55.43059539794922,45.58076858520508,120.0,0.006924101617187262,0.0012744246050715446,10.292675018310547,0.44284820556640625,74.86207962036133,1.0356864929199219,2.1901321411132812,3.484302520751953,4.935874938964844,1
269_0.6_1.75.png,37.24903106689453,0.9970192909240723,12.062864303588867,train_core,2,3.780536651611328,0,37.24903106689453,50.965179443359375,37.43893814086914,120.0,0.021680708974599838,0.002404398750513792,13.716148376464844,0.18990707397460938,82.75096893310547,1.1036376953125,2.3573837280273438,3.803325653076172,5.49896240234375,1
2700_0.59_1.66.png,41.95600128173828,0.9970504641532898,17.110998153686523,train_core,3,0.46942138671875,0,41.95600128173828,55.89572525024414,42.145912170410156,120.0,0.00827671680599451,0.0012375559890642762,13.93972396850586,0.189910888671875,78.04399871826172,1.1045112609863281,2.3598403930664062,3.8087234497070312,5.510185241699219,1
2701_0.74_0.54.png,49.50653839111328,0.9989972114562988,24.474166870117188,train_core,4,0.2934112548828125,0,49.50653839111328,58.72196578979492,50.07940673828125,120.0,0.004379758145660162,0.0008743454818613827,9.21542739868164,0.5728683471679688,70.49346160888672,1.0018997192382812,2.108367919921875,3.332225799560547,4.6778106689453125,1
2702_0.74_0.63.png,48.365318298339844,0.9987850189208984,23.29962921142578,train_core,0,0.7368087768554688,0,48.365318298339844,58.20905303955078,48.85717010498047,120.0,0.005100442096590996,0.0009198340703733265,9.843734741210938,0.491851806640625,71.63468170166016,1.0229606628417969,2.159210205078125,3.426464080810547,4.836856842041016,1
2703_0.77_1.67.png,43.28044509887695,0.9959980845451355,16.1652889251709,train_core,1,1.2043647766113281,0,43.28044509887695,54.11711883544922,43.668975830078125,120.0,0.008183824829757214,0.001361223985441029,10.836673736572266,0.3885307312011719,76.71955490112305,1.0502815246582031,2.2257652282714844,3.5514183044433594,5.051914215087891,1
2704_0.84_1.81.png,42.233253479003906,0.9948624968528748,14.733014106750488,train_core,2,1.2173690795898438,0,42.233253479003906,53.18499755859375,42.612552642822266,120.0,0.0091548515483737,0.0014667827636003494,10.951744079589844,0.3792991638183594,77.7667465209961,1.0532989501953125,2.2331275939941406,3.5652313232421875,5.075721740722656,1
2705_0.68_1.36.png,46.676170349121094,0.9910886287689209,13.922983169555664,train_core,3,0.8677024841308594,0,46.676170349121094,55.30990982055664,47.37816619873047,120.0,0.005522681400179863,0.0012004680465906858,8.633739471435547,0.701995849609375,73.3238296508789,0.9765548706054688,2.0478858947753906,3.2219161987304688,4.495918273925781,1
2706_0.75_1.9.png,44.429264068603516,0.9856033325195312,11.161067962646484,train_core,4,0.9830665588378906,0,44.429264068603516,53.29896545410156,45.09196853637695,120.0,0.007157292682677507,0.0014718957245349884,8.869701385498047,0.6627044677734375,75.57073593139648,0.9862289428710938,2.070934295654297,3.263896942138672,4.565036773681641,1
2707_0.61_1.6.png,45.98228073120117,0.9898655414581299,13.966232299804688,train_core,0,0.92510986328125,0,45.98228073120117,54.745445251464844,46.6732063293457,120.0,0.00592537596821785,0.0012759125092998147,8.763164520263672,0.6909255981445312,74.01771926879883,0.9814186096191406,2.059551239013672,3.2433433532714844,4.531524658203125,1
2708_0.72_1.57.png,45.733680725097656,0.9887628555297852,12.56869888305664,train_core,1,0.9661178588867188,0,45.733680725097656,54.425376892089844,46.42684555053711,120.0,0.006154944188892841,0.0013090134598314762,8.691696166992188,0.6931648254394531,74.26631927490234,0.9792671203613281,2.0542755126953125,3.2334518432617188,4.514675140380859,1
2709_0.51_0.52.png,50.44104766845703,0.996834397315979,22.35405921936035,train_core,2,0.1683349609375,0,50.44104766845703,59.50037384033203,51.04490661621094,120.0,0.003814011812210083,0.000806278083473444,9.059326171875,0.6038589477539062,69.55895233154297,0.9955520629882812,2.0931243896484375,3.30419921875,4.631092071533203,1
270_0.91_1.74.png,34.292076110839844,0.995698094367981,9.176612854003906,train_core,3,4.662517547607422,0,34.292076110839844,50.74509048461914,34.39165496826172,120.0,0.02858770452439785,0.0024905467871576548,16.453014373779297,0.099578857421875,85.70792388916016,1.1298332214355469,2.422931671142578,3.9316024780273438,5.735118865966797,1
2710_0.56_1.69.png,44.769073486328125,0.9913986921310425,12.99659538269043,train_core,4,0.22779464721679688,0,44.769073486328125,55.31841278076172,45.19489288330078,120.0,0.007096926681697369,0.0012574746506288648,10.549339294433594,0.42581939697265625,75.23092651367188,1.0422897338867188,2.2062606811523438,3.514690399169922,4.988468170166016,1
2711_0.69_1.62.png,44.793392181396484,0.9910030364990234,11.505986213684082,train_core,0,0.2355194091796875,0,44.793392181396484,55.09120559692383,45.2413330078125,120.0,0.0072004827670753,0.0012949159136041999,10.297813415527344,0.4479408264160156,75.20660781860352,1.0355491638183594,2.189800262451172,3.4837188720703125,4.934970855712891,1
2712_0.65_1.83.png,43.897918701171875,0.9902515411376953,11.245192527770996,train_core,1,0.32940673828125,0,43.897918701171875,54.69799041748047,44.29550552368164,120.0,0.007919548079371452,0.0013546411646530032,10.800071716308594,0.3975868225097656,76.10208129882812,1.0488471984863281,2.2222518920898438,3.5447654724121094,5.040374755859375,1
2713_0.86_1.67.png,40.820518493652344,0.9917590618133545,10.565829277038574,train_core,2,0.7990837097167969,0,40.820518493652344,53.35871887207031,41.095584869384766,120.0,0.01145472377538681,0.0014937532832846045,12.538200378417969,0.2750663757324219,79.17948150634766,1.0851097106933594,2.3115196228027344,3.714996337890625,5.3404388427734375,1
2714_0.9_1.77.png,39.59613800048828,0.9900519847869873,9.794219017028809,train_core,3,0.7633171081542969,0,39.59613800048828,52.55952453613281,39.84765625,120.0,0.012972183525562286,0.0015861146384850144,12.963386535644531,0.25151824951171875,80.40386199951172,1.0922431945800781,2.3291397094726562,3.7488174438476562,5.400856018066406,1
2715_0.89_1.78.png,39.593849182128906,0.990095317363739,9.867634773254395,train_core,4,0.9252128601074219,0,39.593849182128906,52.515872955322266,39.85005187988281,120.0,0.013001203536987305,0.0015814780490472913,12.92202377319336,0.25620269775390625,80.4061508178711,1.0917472839355469,2.327880859375,3.7463455200195312,5.396293640136719,1
2716_0.62_1.67.png,42.16798782348633,0.9947432279586792,13.787202835083008,train_core,0,0.139373779296875,0,42.16798782348633,54.85857391357422,42.42622756958008,120.0,0.010816017165780067,0.001335533452220261,12.69058609008789,0.25823974609375,77.83201217651367,1.0871620178222656,2.3166770935058594,3.7251014709472656,5.358905792236328,1
2718_0.63_0.79.png,46.18833923339844,0.997517466545105,22.85647964477539,train_core,1,0.6340522766113281,0,46.18833923339844,57.54887390136719,46.5281867980957,120.0,0.006583231035619974,0.0010034054284915328,11.36053466796875,0.3398475646972656,73.81166076660156,1.0630531311035156,2.2570114135742188,3.6104965209960938,5.154762268066406,1
2719_0.8_1.91.png,41.38465881347656,0.9933810234069824,14.464139938354492,train_core,2,0.5514564514160156,0,41.38465881347656,53.09788513183594,41.69825744628906,120.0,0.010406623594462872,0.0015344725688919425,11.713226318359375,0.3135986328125,78.61534118652344,1.0701560974121094,2.2745361328125,3.6439895629882812,5.213966369628906,1
271_0.75_1.92.png,33.62607955932617,0.9941563606262207,9.427396774291992,train_core,3,2.8782806396484375,0,33.62607955932617,48.79042053222656,33.760677337646484,120.0,0.03312530368566513,0.0030216171871870756,15.16434097290039,0.1345977783203125,86.37392044067383,1.119476318359375,2.396953582763672,3.880542755126953,5.6404266357421875,1
2720_0.55_1.41.png,43.271728515625,0.9962499141693115,19.384611129760742,train_core,4,0.9899330139160156,0,43.271728515625,55.62519454956055,43.54036331176758,120.0,0.009518460370600224,0.001221276237629354,12.353466033935547,0.2686347961425781,76.728271484375,1.0823745727539062,2.304676055908203,3.7016677856445312,5.316253662109375,1
2721_0.61_1.73.png,42.24419021606445,0.9932007789611816,15.469329833984375,train_core,0,0.8154487609863281,0,42.24419021606445,53.446075439453125,42.601566314697266,120.0,0.010292189195752144,0.0014398666098713875,11.201885223388672,0.3573760986328125,77.75580978393555,1.0589599609375,2.2470245361328125,3.591644287109375,5.121967315673828,1
2723_0.58_0.94.png,45.31903076171875,0.9962732195854187,19.90076446533203,train_core,1,0.7646713256835938,0,45.31903076171875,56.16352462768555,45.709556579589844,120.0,0.007286784239113331,0.0010815237183123827,10.844493865966797,0.39052581787109375,74.68096923828125,1.0507316589355469,2.2268409729003906,3.553375244140625,5.055091857910156,1
2724_0.83_1.93.png,38.627933502197266,0.9905747175216675,11.996894836425781,train_core,2,1.1669807434082031,0,38.627933502197266,51.71417236328125,38.85322952270508,120.0,0.015196644701063633,0.001673012156970799,13.086238861083984,0.2252960205078125,81.37206649780273,1.0943679809570312,2.3343849182128906,3.758869171142578,5.418781280517578,1
2725_0.73_0.5.png,48.358612060546875,0.9983612895011902,26.44639015197754,train_core,3,-0.06804656982421875,0,48.358612060546875,58.85289764404297,48.775909423828125,120.0,0.005009911023080349,0.0007404330535791814,10.494285583496094,0.41729736328125,71.64138793945312,1.0420989990234375,2.2057647705078125,3.5136070251464844,4.986114501953125,1
2726_0.58_1.33.png,43.671424865722656,0.9964403510093689,19.1817626953125,train_core,4,0.23471832275390625,0,43.671424865722656,55.37628936767578,43.985816955566406,120.0,0.008962388150393963,0.0011142996372655034,11.704864501953125,0.31439208984375,76.32857513427734,1.0704193115234375,2.2751312255859375,3.6449928283691406,5.2154083251953125,1
2727_0.84_0.56.png,47.340293884277344,0.9977865219116211,24.454486846923828,train_core,0,-0.6568222045898438,1,47.340293884277344,57.94472122192383,47.74357223510742,120.0,0.005511404946446419,0.0007951816660352051,10.604427337646484,0.4032783508300781,72.65970611572266,1.0447998046875,2.2123794555664062,3.5261383056640625,5.0079193115234375,1
2728_0.84_1.29.png,42.90471649169922,0.9954811930656433,17.766298294067383,train_core,1,-0.030651092529296875,0,42.90471649169922,53.86711883544922,43.27342224121094,120.0,0.008960929699242115,0.0011767154792323709,10.96240234375,0.36870574951171875,77.09528350830078,1.0541915893554688,2.235260009765625,3.5691757202148438,5.082313537597656,1
2729_0.71_1.51.png,42.06720733642578,0.9963361620903015,15.571712493896484,train_core,2,1.01177978515625,0,42.06720733642578,54.74220657348633,42.317813873291016,120.0,0.011543278582394123,0.0012409689370542765,12.674999237060547,0.2506065368652344,77.93279266357422,1.087646484375,2.3177032470703125,3.7266769409179688,5.3610687255859375,1
272_0.51_1.57.png,38.14156723022461,0.9971958994865417,14.050186157226562,train_core,3,4.648662567138672,0,38.14156723022461,50.58586120605469,38.398193359375,120.0,0.018712369725108147,0.0024029097985476255,12.444293975830078,0.2566261291503906,81.85843276977539,1.0846328735351562,2.3102035522460938,3.7121238708496094,5.33453369140625,1
2730_0.75_1.79.png,40.98078155517578,0.9951187968254089,14.086957931518555,train_core,4,0.8914642333984375,0,40.98078155517578,53.72673416137695,41.22700500488281,120.0,0.01288553699851036,0.001381494221277535,12.745952606201172,0.24622344970703125,79.01921844482422,1.0889816284179688,2.320995330810547,3.7329673767089844,5.372154235839844,1
2731_0.92_1.46.png,41.450965881347656,0.9954813718795776,12.972715377807617,train_core,0,0.6153755187988281,0,41.450965881347656,53.76994705200195,41.72252655029297,120.0,0.011832504533231258,0.0013066831743344665,12.318981170654297,0.2715606689453125,78.54903411865234,1.0819206237792969,2.3035430908203125,3.699481964111328,5.312339782714844,1
2732_0.7_1.41.png,41.640541076660156,0.9962992668151855,16.106698989868164,train_core,1,1.2029151916503906,0,41.640541076660156,55.13343811035156,41.84593963623047,120.0,0.01222667284309864,0.0011926457518711686,13.492897033691406,0.2053985595703125,78.35945892333984,1.1000938415527344,2.3485946655273438,3.7863426208496094,5.468467712402344,1
2734_0.94_0.69.png,44.464256286621094,0.9956623315811157,20.561138153076172,train_core,2,0.4786033630371094,0,44.464256286621094,56.9468879699707,44.72251510620117,120.0,0.008096771314740181,0.000898985133972019,12.48263168334961,0.2582588195800781,75.5357437133789,1.0848388671875,2.3107833862304688,3.7134246826171875,5.337249755859375,1
2735_0.59_1.44.png,42.762664794921875,0.994485080242157,17.128490447998047,train_core,3,0.3273353576660156,0,42.762664794921875,55.481483459472656,43.01679992675781,120.0,0.00985643919557333,0.0011346351820975542,12.718818664550781,0.2541351318359375,77.23733520507812,1.0877037048339844,2.3179969787597656,3.7276458740234375,5.363548278808594,1
2736_0.57_1.81.png,41.956077575683594,0.9932364225387573,15.698612213134766,train_core,4,0.3325653076171875,0,41.956077575683594,54.4271240234375,42.22315979003906,120.0,0.011026526801288128,0.0012810737825930119,12.471046447753906,0.26708221435546875,78.0439224243164,1.0837440490722656,2.3081207275390625,3.7084617614746094,5.328868865966797,1
2737_0.51_0.6.png,45.722862243652344,0.9972479343414307,27.875831604003906,train_core,0,0.6793975830078125,0,45.722862243652344,60.80695343017578,45.86349868774414,120.0,0.007071853615343571,0.0005865669227205217,15.084091186523438,0.14063644409179688,74.27713775634766,1.1185073852539062,2.394550323486328,3.875885009765625,5.6319580078125,1
2738_0.64_1.94.png,41.43206787109375,0.9947037696838379,19.725759506225586,train_core,1,0.23329925537109375,0,41.43206787109375,57.164085388183594,41.552276611328125,120.0,0.010852877981960773,0.0009131504339165986,15.732017517089844,0.120208740234375,78.56793212890625,1.1241378784179688,2.408660888671875,3.9035682678222656,5.683135986328125,1
2739_0.95_1.39.png,42.702392578125,0.9946848154067993,19.391571044921875,train_core,2,-0.054386138916015625,0,42.702392578125,57.23198318481445,42.86518096923828,120.0,0.008566690608859062,0.0008431113674305379,14.529590606689453,0.16278839111328125,77.297607421875,1.1122093200683594,2.378894805908203,3.8455657958984375,5.576927185058594,1
2740_0.93_1.53.png,42.002601623535156,0.9941070079803467,18.947240829467773,train_core,3,0.26340484619140625,0,42.002601623535156,57.00912094116211,42.14673614501953,120.0,0.009368479251861572,0.0008690308313816786,15.006519317626953,0.144134521484375,77.99739837646484,1.1175193786621094,2.3921241760253906,3.871246337890625,5.6236724853515625,1
2741_0.63_1.66.png,41.61614227294922,0.9952854514122009,16.268430709838867,train_core,4,0.5361671447753906,0,41.61614227294922,54.262203216552734,41.87239074707031,120.0,0.012300118803977966,0.0012764257844537497,12.646060943603516,0.25624847412109375,78.38385772705078,1.0868339538574219,2.315826416015625,3.7233734130859375,5.355602264404297,1
2742_0.91_1.41.png,41.86482238769531,0.9942187070846558,15.102006912231445,train_core,0,0.474090576171875,0,41.86482238769531,53.56777572631836,42.180442810058594,120.0,0.010515217669308186,0.001268259366042912,11.702953338623047,0.31562042236328125,78.13517761230469,1.070220947265625,2.274688720703125,3.644245147705078,5.21429443359375,1
2743_0.85_1.38.png,42.583580017089844,0.994766116142273,16.001895904541016,train_core,1,0.6014785766601562,0,42.583580017089844,54.12836456298828,42.91046142578125,120.0,0.009744659997522831,0.0012188197579234838,11.544784545898438,0.32688140869140625,77.41641998291016,1.0667800903320312,2.2662506103515625,3.6282310485839844,5.186195373535156,1
2744_0.6_1.82.png,40.62211990356445,0.9948665499687195,15.662015914916992,train_core,2,0.23031997680664062,0,40.62211990356445,53.768409729003906,40.850257873535156,120.0,0.013639657758176327,0.0013453355059027672,13.146289825439453,0.22813796997070312,79.37788009643555,1.0946159362792969,2.3351287841796875,3.7606048583984375,5.422496795654297,1
2745_0.86_1.94.png,39.50412368774414,0.9946513175964355,16.23971176147461,train_core,3,1.6344642639160156,0,39.50412368774414,51.674285888671875,39.79112243652344,120.0,0.012861528433859348,0.001468358444981277,12.170162200927734,0.2869987487792969,80.49587631225586,1.0792579650878906,2.296947479248047,3.686779022216797,5.289630889892578,1
2746_0.97_1.1.png,41.858299255371094,0.9966563582420349,18.79066276550293,train_core,4,1.3915023803710938,0,41.858299255371094,53.78409957885742,42.165557861328125,120.0,0.009369323030114174,0.001153589808382094,11.925800323486328,0.30725860595703125,78.1417007446289,1.0746650695800781,2.2856101989746094,3.665058135986328,5.25103759765625,1
2747_0.87_1.0.png,44.19704818725586,0.9972259998321533,20.737014770507812,train_core,0,0.6438026428222656,0,44.19704818725586,55.162025451660156,44.57435607910156,120.0,0.007898173294961452,0.0010553405154496431,10.964977264404297,0.3773078918457031,75.80295181274414,1.0538291931152344,2.2344207763671875,3.567707061767578,5.080043792724609,1
2749_0.89_1.8.png,41.76523208618164,0.9969670176506042,17.84101676940918,train_core,1,0.2844505310058594,0,41.76523208618164,52.941402435302734,42.11687088012695,120.0,0.010455608367919922,0.0013043236685916781,11.176170349121094,0.3516387939453125,78.23476791381836,1.0588645935058594,2.2467422485351562,3.5910186767578125,5.120697021484375,1
274_0.88_1.73.png,34.29039764404297,0.9904505610466003,9.910720825195312,train_core,2,2.1054306030273438,0,34.29039764404297,51.824546813964844,34.36771011352539,120.0,0.025663280859589577,0.0019013048149645329,17.534149169921875,0.07731246948242188,85.70960235595703,1.1364479064941406,2.4395828247070312,3.9644851684570312,5.796607971191406,1
2750_0.71_0.88.png,46.792850494384766,0.9988819360733032,24.489933013916016,train_core,3,0.29669189453125,0,46.792850494384766,56.9556884765625,47.245731353759766,120.0,0.0062246620655059814,0.0009183637448586524,10.162837982177734,0.452880859375,73.20714950561523,1.0320549011230469,2.181377410888672,3.46807861328125,4.908412933349609,1
2752_0.67_1.27.png,45.236549377441406,0.998542308807373,21.76815414428711,train_core,4,0.7439842224121094,0,45.236549377441406,55.66829299926758,45.661476135253906,120.0,0.007610676344484091,0.0010490091517567635,10.431743621826172,0.4249267578125,74.7634506225586,1.0398139953613281,2.2002220153808594,3.503326416015625,4.9687957763671875,1
2753_0.9_1.03.png,43.00190353393555,0.9982845187187195,17.6370849609375,train_core,0,-0.06691741943359375,0,43.00190353393555,55.374122619628906,43.2642936706543,120.0,0.009537341073155403,0.0011785718379542232,12.37221908569336,0.26239013671875,76.99809646606445,1.0831794738769531,2.3066368103027344,3.705341339111328,5.322563171386719,1
2754_0.83_1.45.png,41.75563430786133,0.9975197315216064,16.216285705566406,train_core,1,0.2886848449707031,0,41.75563430786133,54.32380676269531,42.0069694519043,120.0,0.01108898501843214,0.0013250373303890228,12.568172454833984,0.25133514404296875,78.24436569213867,1.0865898132324219,2.3150634765625,3.7214927673339844,5.351371765136719,1
2755_0.99_0.79.png,42.33129119873047,0.9985184669494629,18.421594619750977,train_core,2,0.15639495849609375,0,42.33129119873047,55.79588317871094,42.536842346191406,120.0,0.010565346106886864,0.0011123375734314322,13.464591979980469,0.2055511474609375,77.66870880126953,1.100067138671875,2.348541259765625,3.7862586975097656,5.468196868896484,1
2756_0.92_1.11.png,41.86846923828125,0.9980279803276062,16.812536239624023,train_core,3,0.4628791809082031,0,41.86846923828125,54.78049850463867,42.0997200012207,120.0,0.011051591485738754,0.0012468554778024554,12.912029266357422,0.23125076293945312,78.13153076171875,1.0920448303222656,2.3285980224609375,3.7476425170898438,5.3984222412109375,1
2757_0.77_0.72.png,43.16269302368164,0.9980584979057312,19.505416870117188,train_core,4,1.0945777893066406,0,43.16269302368164,55.66835021972656,43.42168426513672,120.0,0.008723268285393715,0.0011284325737506151,12.505657196044922,0.2589912414550781,76.83730697631836,1.0851402282714844,2.3115272521972656,3.7148666381835938,5.339893341064453,1
2758_0.51_1.22.png,42.40114212036133,0.9971224665641785,17.340810775756836,train_core,0,1.0698356628417969,0,42.40114212036133,54.16469955444336,42.719581604003906,120.0,0.00895262323319912,0.001352185383439064,11.763557434082031,0.3184394836425781,77.59885787963867,1.07147216796875,2.2777442932128906,3.650035858154297,5.224437713623047,1
2759_0.52_1.32.png,42.593841552734375,0.9971150159835815,16.840652465820312,train_core,1,0.834442138671875,0,42.593841552734375,53.90713119506836,42.94899368286133,120.0,0.00921132043004036,0.0013864581706002355,11.313289642333984,0.3551521301269531,77.40615844726562,1.0619125366210938,2.2542381286621094,3.605255126953125,5.145622253417969,1
275_0.96_1.64.png,34.272064208984375,0.9905034899711609,9.878861427307129,train_core,2,1.7599678039550781,0,34.272064208984375,51.55459976196289,34.35403060913086,120.0,0.02610686607658863,0.0019645411521196365,17.282535552978516,0.08196640014648438,85.72793579101562,1.1350555419921875,2.436077117919922,3.957550048828125,5.783599853515625,1
2760_0.98_0.95.png,36.895870208740234,0.9963266253471375,15.053060531616211,train_core,3,2.2877769470214844,0,36.895870208740234,52.398895263671875,37.02552032470703,120.0,0.01607196033000946,0.0014328075340017676,15.50302505493164,0.12965011596679688,83.10412979125977,1.1219749450683594,2.4032859802246094,3.893177032470703,5.664268493652344,1
2761_0.56_0.8.png,46.16084289550781,0.998856246471405,23.626609802246094,train_core,4,0.8180885314941406,0,46.16084289550781,59.10426712036133,46.393795013427734,120.0,0.006526114419102669,0.0007899191114120185,12.943424224853516,0.23295211791992188,73.83915710449219,1.0916252136230469,2.327716827392578,3.7462844848632812,5.3967132568359375,1
2762_0.59_1.16.png,43.4447135925293,0.9982551336288452,21.332130432128906,train_core,0,1.7984123229980469,0,43.4447135925293,57.743438720703125,43.61479949951172,120.0,0.009250505827367306,0.0009103533811867237,14.298725128173828,0.17008590698242188,76.5552864074707,1.1099891662597656,2.3733291625976562,3.8346099853515625,5.556591033935547,1
2763_0.83_1.04.png,43.38676834106445,0.9973337650299072,21.18339729309082,train_core,1,0.4739112854003906,0,43.38676834106445,56.66570281982422,43.60545349121094,120.0,0.008688602596521378,0.0009328156593255699,13.278934478759766,0.21868515014648438,76.61323165893555,1.0971183776855469,2.341266632080078,3.7722930908203125,5.4432220458984375,1
2764_0.85_1.06.png,43.64978790283203,0.9973288774490356,20.77291488647461,train_core,2,0.24496078491210938,0,43.64978790283203,56.45452880859375,43.89466857910156,120.0,0.008472154848277569,0.000942758924793452,12.804740905761719,0.24488067626953125,76.35021209716797,1.0901679992675781,2.323986053466797,3.73883056640625,5.382743835449219,1
2765_0.99_1.15.png,40.607181549072266,0.9970354437828064,22.373838424682617,train_core,3,0.4652976989746094,0,40.607181549072266,54.23301315307617,40.80662155151367,120.0,0.011206330731511116,0.0010403882479295135,13.625831604003906,0.19944000244140625,79.39281845092773,1.1020317077636719,2.3534507751464844,3.7958412170410156,5.485710144042969,1
2766_0.95_0.73.png,43.6612663269043,0.9983383417129517,26.50365447998047,train_core,4,-0.28636932373046875,1,43.6612663269043,56.88327407836914,43.87760925292969,120.0,0.008166223764419556,0.0008309800759889185,13.222007751464844,0.21634292602539062,76.3387336730957,1.0966224670410156,2.3400001525878906,3.7697296142578125,5.438316345214844,1
2769_0.81_1.94.png,41.202232360839844,0.9972308874130249,19.299997329711914,train_core,0,1.6418838500976562,0,41.202232360839844,54.06475067138672,41.4438591003418,120.0,0.011702196672558784,0.0012471213703975081,12.862518310546875,0.24162673950195312,78.79776763916016,1.0909500122070312,2.3259124755859375,3.7425613403320312,5.389503479003906,1
276_0.52_0.95.png,36.69913101196289,0.9964084625244141,24.059141159057617,train_core,1,2.372814178466797,0,36.69913101196289,56.990299224853516,36.73993682861328,120.0,0.01974865421652794,0.0010585784912109375,20.291168212890625,0.040805816650390625,83.30086898803711,1.1474227905273438,2.4673004150390625,4.019500732421875,5.9004364013671875,1
2770_0.77_1.63.png,42.803157806396484,0.9979140758514404,21.12392807006836,train_core,2,1.4899330139160156,0,42.803157806396484,55.19210433959961,43.07410430908203,120.0,0.009706074371933937,0.0011212920071557164,12.388946533203125,0.2709465026855469,77.19684219360352,1.0830307006835938,2.3063087463378906,3.704822540283203,5.321937561035156,1
2771_0.52_0.87.png,44.328399658203125,0.9985662698745728,25.497644424438477,train_core,3,1.2140960693359375,0,44.328399658203125,56.701072692871094,44.60218811035156,120.0,0.007771980483084917,0.0008963283617049456,12.372673034667969,0.2737884521484375,75.67160034179688,1.0816726684570312,2.3029861450195312,3.6985855102539062,5.311256408691406,1
2772_0.6_1.66.png,42.6198616027832,0.9979836344718933,21.755054473876953,train_core,4,1.8266563415527344,0,42.6198616027832,54.86912536621094,42.90392303466797,120.0,0.00999764446169138,0.0011306769447401166,12.249263763427734,0.2840614318847656,77.3801383972168,1.0796470642089844,2.2979698181152344,3.6889419555664062,5.294078826904297,1
2773_0.7_0.71.png,44.0755500793457,0.997576117515564,21.183679580688477,train_core,0,1.8298873901367188,0,44.0755500793457,57.99810028076172,44.26027297973633,120.0,0.00971229001879692,0.0008709195535629988,13.922550201416016,0.184722900390625,75.9244499206543,1.1061134338378906,2.363567352294922,3.8153724670410156,5.5209503173828125,1
2774_0.98_0.56.png,41.212547302246094,0.9977445602416992,18.405683517456055,train_core,1,2.8871002197265625,0,41.212547302246094,57.006988525390625,41.33917236328125,120.0,0.012637810781598091,0.000871908210683614,15.794441223144531,0.12662506103515625,78.7874526977539,1.1248741149902344,2.4104843139648438,3.9071121215820312,5.6896209716796875,1
2775_0.9_0.66.png,41.88554382324219,0.9974929690361023,18.30671501159668,train_core,2,3.4523696899414062,0,41.88554382324219,56.971282958984375,42.03082275390625,120.0,0.012088551186025143,0.0009061123710125685,15.085739135742188,0.1452789306640625,78.11445617675781,1.1186866760253906,2.3949966430664062,3.8767242431640625,5.633434295654297,1
2776_0.64_1.73.png,39.18702697753906,0.995574951171875,16.467235565185547,train_core,3,2.441192626953125,0,39.18702697753906,54.531890869140625,39.318382263183594,120.0,0.016388263553380966,0.0012752083130180836,15.344863891601562,0.13135528564453125,80.81297302246094,1.1209259033203125,2.4005966186523438,3.8877334594726562,5.653839111328125,1
2777_0.92_1.3.png,39.10690689086914,0.9887200593948364,15.2068510055542,train_core,4,0.20224761962890625,0,39.10690689086914,53.12650680541992,39.2957763671875,120.0,0.014257760718464851,0.00132709089666605,14.019599914550781,0.18886947631835938,80.89309310913086,1.1060256958007812,2.3635826110839844,3.815967559814453,5.523273468017578,1
2779_0.73_0.56.png,45.3632926940918,0.9966968894004822,23.931900024414062,train_core,0,1.2124404907226562,0,45.3632926940918,57.97661590576172,45.61760330200195,120.0,0.007599102333188057,0.0008204416371881962,12.613323211669922,0.25431060791015625,74.6367073059082,1.0861778259277344,2.3142623901367188,3.720478057861328,5.35064697265625,1
277_0.92_0.83.png,36.79462814331055,0.9966545104980469,22.063505172729492,train_core,1,3.2684326171875,0,36.79462814331055,55.49538040161133,36.8536376953125,120.0,0.018868623301386833,0.001312212087213993,18.70075225830078,0.059009552001953125,83.20537185668945,1.1419410705566406,2.453449249267578,3.991962432861328,5.848323822021484,1
2780_0.82_0.68.png,44.01334762573242,0.9948060512542725,21.122447967529297,train_core,2,1.12152099609375,0,44.01334762573242,56.7891845703125,44.261287689208984,120.0,0.008407755754888058,0.0009235100005753338,12.775836944580078,0.2479400634765625,75.98665237426758,1.0883598327636719,2.3197555541992188,3.7312660217285156,5.370395660400391,1
2781_0.6_1.1.png,38.59661865234375,0.9980810880661011,22.605937957763672,train_core,3,3.465106964111328,0,38.59661865234375,56.067787170410156,38.68087387084961,120.0,0.015638792887330055,0.0010627349838614464,17.471168518066406,0.08425521850585938,81.40338134765625,1.135833740234375,2.4380722045898438,3.961559295654297,5.791282653808594,1
2782_0.87_0.69.png,39.22999572753906,0.997991681098938,21.317256927490234,train_core,4,3.384105682373047,0,39.22999572753906,56.761287689208984,39.31129455566406,120.0,0.013958068564534187,0.0009441186557523906,17.531291961669922,0.081298828125,80.77000427246094,1.1362686157226562,2.4391441345214844,3.963653564453125,5.795158386230469,1
2783_0.78_1.9.png,31.68654441833496,0.993632435798645,16.234939575195312,train_core,0,2.973264694213867,0,31.68654441833496,52.576412200927734,31.724811553955078,120.0,0.030727043747901917,0.001455522608011961,20.889867782592773,0.03826713562011719,88.31345558166504,1.1489543914794922,2.4711742401123047,4.027238845825195,5.915163040161133,1
2784_0.56_0.55.png,47.67560577392578,0.9989513158798218,27.86067008972168,train_core,1,0.45021820068359375,0,47.67560577392578,58.843223571777344,48.035587310791016,120.0,0.0060854097828269005,0.0007942442898638546,11.167617797851562,0.3599815368652344,72.32439422607422,1.0585060119628906,2.245880126953125,3.5893821716308594,5.1177978515625,1
2785_0.69_1.99.png,39.51189422607422,0.9959367513656616,17.324241638183594,train_core,2,1.7536087036132812,0,39.51189422607422,55.752471923828125,39.62333679199219,120.0,0.01493240986019373,0.0010865418007597327,16.240577697753906,0.11144256591796875,80.48810577392578,1.1277618408203125,2.41778564453125,3.9216041564941406,5.7169189453125,1
2788_0.73_1.62.png,39.9653205871582,0.996314287185669,17.8480224609375,train_core,3,1.8754158020019531,0,39.9653205871582,56.52013397216797,40.06726837158203,120.0,0.014270556159317493,0.001001444412395358,16.554813385009766,0.10194778442382812,80.0346794128418,1.1300888061523438,2.4236373901367188,3.9331130981445312,5.738258361816406,1
2789_0.9_0.74.png,50.08441162109375,0.9951070547103882,15.235995292663574,train_core,4,-0.5185813903808594,1,50.08441162109375,57.759925842285156,50.93995666503906,120.0,0.003980750218033791,0.0009302617399953306,7.675514221191406,0.8555450439453125,69.91558837890625,0.9350204467773438,1.9491462707519531,3.0430145263671875,4.203758239746094,1
278_0.98_0.65.png,38.066017150878906,0.9973459243774414,23.67727279663086,train_core,0,3.4727630615234375,0,38.066017150878906,55.83073425292969,38.13932800292969,120.0,0.014734786935150623,0.0012710605515167117,17.76471710205078,0.07331085205078125,81.9339828491211,1.1376533508300781,2.442626953125,3.9704971313476562,5.807899475097656,1
2790_0.56_1.84.png,46.54182052612305,0.9883089065551758,13.739856719970703,train_core,1,1.1869468688964844,0,46.54182052612305,55.611228942871094,47.17011260986328,120.0,0.00623898534104228,0.0012249667197465897,9.069408416748047,0.6282920837402344,73.45817947387695,0.99468994140625,2.091075897216797,3.3004798889160156,4.625049591064453,1
2791_0.51_1.66.png,44.74089813232422,0.9873692393302917,15.1900634765625,train_core,2,1.3514175415039062,0,44.74089813232422,56.1211051940918,45.10310745239258,120.0,0.007525662425905466,0.0011585938045755029,11.380207061767578,0.3622093200683594,75.25910186767578,1.0621490478515625,2.254852294921875,3.6065292358398438,5.148139953613281,1
2792_0.52_0.69.png,49.25860595703125,0.996910572052002,20.896501541137695,train_core,3,0.28409576416015625,0,49.25860595703125,59.257808685302734,49.742130279541016,120.0,0.004709616769105196,0.000815355684608221,9.999202728271484,0.4835243225097656,70.74139404296875,1.0264511108398438,2.167766571044922,3.442615509033203,4.8648223876953125,1
2793_0.73_0.79.png,49.143951416015625,0.9979106187820435,19.673139572143555,train_core,4,-0.373260498046875,1,49.143951416015625,58.70876693725586,49.66779708862305,120.0,0.00490308552980423,0.0009120769682340324,9.564815521240234,0.5238456726074219,70.85604858398438,1.0138626098632812,2.13720703125,3.3855361938476562,4.767490386962891,1
2794_0.8_0.92.png,46.870426177978516,0.9972141981124878,17.480222702026367,train_core,0,0.605316162109375,0,46.870426177978516,57.967342376708984,47.23353958129883,120.0,0.006204112432897091,0.0009820476407185197,11.096916198730469,0.3631134033203125,73.12957382202148,1.0568351745605469,2.2417869567871094,3.5816497802734375,5.104351043701172,1
2795_0.97_0.75.png,44.43105697631836,0.9966920614242554,16.848388671875,train_core,1,0.8243942260742188,0,44.43105697631836,57.6359977722168,44.652191162109375,120.0,0.00779340835288167,0.0009734856430441141,13.204940795898438,0.22113418579101562,75.56894302368164,1.0960121154785156,2.3385009765625,3.7669105529785156,5.433448791503906,1
2796_0.8_1.44.png,40.46869659423828,0.9952795505523682,14.284843444824219,train_core,2,3.7068519592285156,0,40.46869659423828,56.12558364868164,40.59413528442383,120.0,0.013459708541631699,0.0011777520412579179,15.65688705444336,0.12543869018554688,79.53130340576172,1.1234474182128906,2.4069290161132812,3.9001693725585938,5.676902770996094,1
2797_0.69_0.58.png,42.78446960449219,0.9989509582519531,28.76315689086914,train_core,3,1.1705780029296875,0,42.78446960449219,59.11841583251953,42.88928985595703,120.0,0.011586671695113182,0.0007643108256161213,16.333946228027344,0.10482025146484375,77.21553039550781,1.1283378601074219,2.419219970703125,3.9244003295898438,5.722034454345703,1
2798_0.77_1.6.png,36.091129302978516,0.9958616495132446,17.75780487060547,train_core,4,2.7593612670898438,0,36.091129302978516,54.46293258666992,36.15766906738281,120.0,0.024363407865166664,0.0012238192139193416,18.371803283691406,0.06653976440429688,83.90887069702148,1.1398506164550781,2.4482269287109375,3.9817733764648438,5.8295745849609375,1
2799_0.58_0.59.png,46.25686264038086,0.9991929531097412,30.549715042114258,train_core,0,0.8907546997070312,0,46.25686264038086,59.424137115478516,46.475013732910156,120.0,0.0074365390464663506,0.0007593040936626494,13.167274475097656,0.21815109252929688,73.74313735961914,1.0952873229980469,2.3366622924804688,3.763294219970703,5.426792144775391,1
279_0.52_1.53.png,36.38185501098633,0.996403694152832,21.014720916748047,train_core,1,2.875476837158203,0,36.38185501098633,53.995399475097656,36.4577751159668,120.0,0.02021178789436817,0.0014339997433125973,17.613544464111328,0.07592010498046875,83.61814498901367,1.136871337890625,2.4406471252441406,3.966583251953125,5.800548553466797,1
27_0.89_0.7.png,32.435665130615234,0.9968816041946411,20.076120376586914,train_core,2,5.313999176025391,0,32.435665130615234,54.75312805175781,32.461212158203125,120.0,0.032470788806676865,0.0015538716688752174,22.317462921142578,0.025547027587890625,87.56433486938477,1.1520500183105469,2.4790115356445312,4.0428466796875,5.944850921630859,1
2800_0.75_0.87.png,39.269412994384766,0.9981520175933838,24.03095054626465,train_core,3,1.8910560607910156,0,39.269412994384766,57.21338653564453,39.34370803833008,120.0,0.01687522418797016,0.0009110989631153643,17.943973541259766,0.0742950439453125,80.73058700561523,1.1374435424804688,2.4421653747558594,3.9698562622070312,5.807544708251953,1
2801_0.81_1.57.png,35.54206848144531,0.9945648908615112,23.362388610839844,train_core,4,1.460296630859375,0,35.54206848144531,55.730690002441406,35.59510803222656,120.0,0.02528502233326435,0.0009591727866791189,20.188621520996094,0.05303955078125,84.45793151855469,1.1448020935058594,2.461139678955078,4.008312225341797,5.8816375732421875,1
2802_0.94_1.89.png,33.540771484375,0.989700973033905,18.0345458984375,train_core,0,0.5283622741699219,0,33.540771484375,53.527870178222656,33.59611892700195,120.0,0.02863837033510208,0.0011598437558859587,19.987098693847656,0.055347442626953125,86.459228515625,1.1444435119628906,2.460174560546875,4.006267547607422,5.877494812011719,1
2803_0.88_0.78.png,39.808109283447266,0.997409999370575,28.876529693603516,train_core,1,0.4609336853027344,0,39.808109283447266,58.77149200439453,39.87388610839844,120.0,0.014819924719631672,0.0006665012333542109,18.963382720947266,0.06577682495117188,80.19189071655273,1.1409530639648438,2.451374053955078,3.9887962341308594,5.844455718994141,1
2804_0.51_1.83.png,39.663482666015625,0.9964981079101562,19.805870056152344,train_core,2,0.9542503356933594,0,39.663482666015625,56.95942306518555,39.754722595214844,120.0,0.015927977859973907,0.0009445602190680802,17.295940399169922,0.09123992919921875,80.33651733398438,1.1328353881835938,2.4309310913085938,3.9484100341796875,5.768779754638672,1
2805_0.99_0.74.png,43.741912841796875,0.9981124401092529,28.085655212402344,train_core,3,2.932323455810547,0,43.741912841796875,60.276763916015625,43.8430061340332,120.0,0.008942225016653538,0.0005025690770708025,16.53485107421875,0.10109329223632812,76.25808715820312,1.1303672790527344,2.424297332763672,3.9343032836914062,5.740184783935547,1
2806_0.61_1.73.png,43.970760345458984,0.9981886148452759,28.321849822998047,train_core,4,0.6992263793945312,0,43.970760345458984,59.427188873291016,44.10179138183594,120.0,0.0066054887138307095,0.0006236422341316938,15.456428527832031,0.13103103637695312,76.02923965454102,1.12078857421875,2.4004898071289062,3.8880691528320312,5.655612945556641,1
2807_0.78_0.64.png,48.52279281616211,0.9989409446716309,32.6097526550293,train_core,0,0.4059944152832031,0,48.52279281616211,62.01422119140625,48.725982666015625,120.0,0.005026907194405794,0.0004370517563074827,13.49142837524414,0.20318984985351562,71.47720718383789,1.1005668640136719,2.349761962890625,3.7885665893554688,5.472259521484375,1
2808_0.54_1.91.png,40.94135665893555,0.9980597496032715,28.659896850585938,train_core,1,1.0004386901855469,0,40.94135665893555,58.8530158996582,41.01732635498047,120.0,0.009820437990128994,0.00064771220786497,17.911659240722656,0.07596969604492188,79.05864334106445,1.1370582580566406,2.441387176513672,3.968658447265625,5.805797576904297,1
2809_0.86_1.19.png,42.05708312988281,0.9984461665153503,20.687828063964844,train_core,2,1.3010787963867188,0,42.05708312988281,57.73879623413086,42.181304931640625,120.0,0.01094219833612442,0.0008622099994681776,15.681713104248047,0.1242218017578125,77.94291687011719,1.1231231689453125,2.4061355590820312,3.8987503051757812,5.674705505371094,1
280_0.8_1.72.png,34.495304107666016,0.9941684603691101,14.621315002441406,train_core,3,2.180408477783203,0,34.495304107666016,52.578739166259766,34.56343078613281,120.0,0.029698701575398445,0.0017603114247322083,18.08343505859375,0.06812667846679688,85.50469589233398,1.1392135620117188,2.446563720703125,3.9783058166503906,5.822582244873047,1
2810_0.92_1.07.png,40.16181564331055,0.9983397722244263,20.283729553222656,train_core,4,2.18975830078125,0,40.16181564331055,57.63428497314453,40.24578857421875,120.0,0.013234623707830906,0.0008470424800179899,17.472469329833984,0.08397293090820312,79.83818435668945,1.1350898742675781,2.4362564086914062,3.9582252502441406,5.785789489746094,1
2811_0.76_1.19.png,42.851898193359375,0.9988106489181519,22.928369522094727,train_core,0,1.817169189453125,0,42.851898193359375,58.212860107421875,42.9891242980957,120.0,0.01021044235676527,0.0008394680335186422,15.3609619140625,0.13722610473632812,77.14810180664062,1.119140625,2.3964691162109375,3.8804779052734375,5.64227294921875,1
2812_0.56_1.93.png,40.55360412597656,0.9980713725090027,24.493837356567383,train_core,1,-0.66339111328125,1,40.55360412597656,55.752376556396484,40.697303771972656,120.0,0.012455877847969532,0.0010552563471719623,15.198772430419922,0.14369964599609375,79.44639587402344,1.1172714233398438,2.3919143676757812,3.8717422485351562,5.6265106201171875,1
2813_0.71_1.07.png,45.502044677734375,0.9983706474304199,20.528091430664062,train_core,2,-0.10744476318359375,0,45.502044677734375,57.21050262451172,45.81341552734375,120.0,0.007649105973541737,0.0010118153877556324,11.708457946777344,0.311370849609375,74.49795532226562,1.0706825256347656,2.2757606506347656,3.646137237548828,5.217327117919922,1
2814_0.59_1.03.png,46.20517349243164,0.998847484588623,23.182889938354492,train_core,3,0.014057159423828125,0,46.20517349243164,57.96307373046875,46.5115966796875,120.0,0.0074107712134718895,0.0009661953081376851,11.75790023803711,0.3064231872558594,73.79482650756836,1.0714530944824219,2.277679443359375,3.6498336791992188,5.223957061767578,1
2815_0.54_0.81.png,46.77188491821289,0.999182403087616,26.023406982421875,train_core,4,-0.3205909729003906,1,46.77188491821289,58.93049621582031,47.049583435058594,120.0,0.006857224740087986,0.0008869721204973757,12.158611297607422,0.2776985168457031,73.22811508178711,1.0790367126464844,2.296398162841797,3.6857032775878906,5.287631988525391,1
2816_0.98_1.25.png,40.37221908569336,0.9960893392562866,15.294943809509277,train_core,0,0.5078506469726562,0,40.37221908569336,54.710609436035156,40.54164123535156,120.0,0.01371322013437748,0.0012059668079018593,14.338390350341797,0.16942214965820312,79.62778091430664,1.1107597351074219,2.3752059936523438,3.8381576538085938,5.562839508056641,1
2817_0.68_1.71.png,36.54637145996094,0.9934819936752319,17.801477432250977,train_core,1,2.9306793212890625,0,36.54637145996094,54.25360870361328,36.62833786010742,120.0,0.020687565207481384,0.0011505413567647338,17.707237243652344,0.08196640014648438,83.45362854003906,1.13702392578125,2.441089630126953,3.967601776123047,5.802776336669922,1
2819_0.97_0.52.png,41.3729248046875,0.9968336820602417,21.05889892578125,train_core,2,2.1128616333007812,0,41.3729248046875,57.62467956542969,41.485595703125,120.0,0.012123454362154007,0.0007607479928992689,16.251754760742188,0.1126708984375,78.6270751953125,1.1264076232910156,2.4147109985351562,3.9163131713867188,5.708686828613281,1
2820_0.87_0.91.png,39.4776611328125,0.9954916834831238,18.4512996673584,train_core,3,2.599578857421875,0,39.4776611328125,56.019691467285156,39.58058547973633,120.0,0.01474579144269228,0.0009206464164890349,16.542030334472656,0.10292434692382812,80.5223388671875,1.129425048828125,2.422119140625,3.930461883544922,5.734016418457031,1
2821_0.92_1.5.png,34.754493713378906,0.9908316135406494,11.560492515563965,train_core,4,2.8675689697265625,0,34.754493713378906,51.91979217529297,34.844356536865234,120.0,0.026860641315579414,0.0016742805019021034,17.165298461914062,0.08986282348632812,85.2455062866211,1.1334228515625,2.43212890625,3.9501571655273438,5.770709991455078,1
2822_0.83_0.63.png,42.66454315185547,0.997586727142334,18.61037826538086,train_core,0,0.7873382568359375,0,42.66454315185547,56.580753326416016,42.853721618652344,120.0,0.009878992103040218,0.0010416335426270962,13.916210174560547,0.189178466796875,77.33545684814453,1.1051788330078125,2.3613243103027344,3.811279296875,5.514228820800781,1
2823_0.69_0.64.png,44.949554443359375,0.998302161693573,21.083850860595703,train_core,1,0.3637542724609375,0,44.949554443359375,57.422157287597656,45.21108627319336,120.0,0.007143431808799505,0.0009825897868722677,12.472602844238281,0.2615318298339844,75.05044555664062,1.0845146179199219,2.3100013732910156,3.7119407653808594,5.334674835205078,1
2824_0.6_0.54.png,47.11200714111328,0.9989005923271179,24.225751876831055,train_core,2,0.06980133056640625,0,47.11200714111328,58.49357223510742,47.4482307434082,120.0,0.005943500902503729,0.0009039673605002463,11.38156509399414,0.3362236022949219,72.88799285888672,1.0633697509765625,2.2578353881835938,3.6121368408203125,5.157756805419922,1
2825_0.98_0.83.png,42.50127410888672,0.9953956604003906,18.49711799621582,train_core,3,0.9493331909179688,0,42.50127410888672,56.62084197998047,42.68621826171875,120.0,0.00921743642538786,0.0008735377341508865,14.11956787109375,0.18494415283203125,77.49872589111328,1.1076126098632812,2.3674163818359375,3.823192596435547,5.536029815673828,1
2826_0.56_1.05.png,44.77338790893555,0.9972549676895142,23.517776489257812,train_core,4,0.7668571472167969,0,44.77338790893555,58.09672927856445,44.99772644042969,120.0,0.007479989435523748,0.0008362337830476463,13.323341369628906,0.22433853149414062,75.22661209106445,1.0972785949707031,2.3417434692382812,3.7733993530273438,5.445594787597656,1
2828_0.98_1.23.png,39.381500244140625,0.9923495054244995,15.673341751098633,train_core,0,1.5446891784667969,0,39.381500244140625,55.13145065307617,39.50907516479492,120.0,0.013646210543811321,0.0010431285481899977,15.749950408935547,0.12757492065429688,80.61849975585938,1.1232643127441406,2.4066619873046875,3.900127410888672,5.677864074707031,1
2829_0.7_0.68.png,46.52458190917969,0.9987797141075134,26.771713256835938,train_core,1,1.0058746337890625,0,46.52458190917969,58.8936653137207,46.80215835571289,120.0,0.005426501389592886,0.0007142431568354368,12.369083404541016,0.2775764465332031,73.47541809082031,1.0831985473632812,2.306652069091797,3.705322265625,5.322422027587891,1
2830_0.75_1.22.png,44.435386657714844,0.9978150129318237,21.727333068847656,train_core,2,0.5755233764648438,0,44.435386657714844,56.49262237548828,44.730865478515625,120.0,0.007241746410727501,0.0009039544383995235,12.057235717773438,0.29547882080078125,75.56461334228516,1.0774040222167969,2.2923316955566406,3.6778602600097656,5.273571014404297,1
2831_0.91_0.62.png,44.71461486816406,0.9984184503555298,24.16797637939453,train_core,3,0.2556610107421875,0,44.71461486816406,58.10447692871094,44.92943572998047,120.0,0.00709734158590436,0.0007345660706050694,13.389862060546875,0.21482086181640625,75.28538513183594,1.0992164611816406,2.3463821411132812,3.7819671630859375,5.460205078125,1
2832_0.52_0.53.png,47.9217529296875,0.9991415739059448,32.00234603881836,train_core,4,0.9523353576660156,0,47.9217529296875,60.54377746582031,48.170475006103516,120.0,0.005642206408083439,0.0006391602801159024,12.622024536132812,0.24872207641601562,72.0782470703125,1.0871810913085938,2.3165435791015625,3.7244338989257812,5.356849670410156,1
2833_0.66_0.5.png,45.85014343261719,0.9988030791282654,24.614402770996094,train_core,0,1.3244171142578125,0,45.85014343261719,59.76094055175781,46.03724670410156,120.0,0.007424742914736271,0.0007203029817901552,13.910797119140625,0.187103271484375,74.14985656738281,1.10577392578125,2.362762451171875,3.8138771057128906,5.518409729003906,1
2834_0.7_1.05.png,41.371463775634766,0.9971585273742676,18.522104263305664,train_core,1,1.328155517578125,0,41.371463775634766,57.21729278564453,41.48896789550781,120.0,0.012724928557872772,0.0009439624845981598,15.845829010009766,0.11750411987304688,78.62853622436523,1.1251640319824219,2.411235809326172,3.9086151123046875,5.692481994628906,1
2835_0.84_0.58.png,43.5490837097168,0.9980260133743286,20.23269271850586,train_core,2,2.301319122314453,0,43.5490837097168,58.806175231933594,43.68396759033203,120.0,0.009972102008759975,0.0007822346524335444,15.257091522216797,0.13488388061523438,76.4509162902832,1.1201438903808594,2.3986549377441406,3.8839454650878906,5.6468505859375,1
2837_0.85_0.64.png,45.59339904785156,0.9967656135559082,23.317829132080078,train_core,3,0.4971771240234375,0,45.59339904785156,59.826351165771484,45.77238464355469,120.0,0.007152693346142769,0.0006391758215613663,14.232952117919922,0.178985595703125,74.40660095214844,1.109375,2.3717575073242188,3.8314208984375,5.550479888916016,1
2838_0.73_1.29.png,42.76951599121094,0.9952405691146851,20.099164962768555,train_core,4,1.053192138671875,0,42.76951599121094,57.667320251464844,42.926998138427734,120.0,0.009409869089722633,0.0008259686292149127,14.897804260253906,0.15748214721679688,77.23048400878906,1.1164398193359375,2.3893699645996094,3.8657302856445312,5.6132659912109375,1
2839_0.87_1.68.png,38.861717224121094,0.9874646663665771,16.336843490600586,train_core,0,0.8518905639648438,0,38.861717224121094,55.50288772583008,38.96828079223633,120.0,0.015690555796027184,0.0010038099717348814,16.641170501708984,0.10656356811523438,81.1382827758789,1.1303367614746094,2.4242782592773438,3.9344558715820312,5.740940093994141,1
2840_0.79_0.79.png,44.580604553222656,0.9967133402824402,22.583919525146484,train_core,1,0.9949378967285156,0,44.580604553222656,59.2539176940918,44.744171142578125,120.0,0.007859211415052414,0.0006857805419713259,14.67331314086914,0.16356658935546875,75.41939544677734,1.1142616271972656,2.3839263916015625,3.855133056640625,5.5938568115234375,1
2842_0.9_1.38.png,39.81526184082031,0.9940840005874634,15.229796409606934,train_core,2,1.9370994567871094,0,39.81526184082031,55.47789001464844,39.94048309326172,120.0,0.013209068216383457,0.0010406257351860404,15.662628173828125,0.12522125244140625,80.18473815917969,1.12371826171875,2.407604217529297,3.901470184326172,5.679203033447266,1
2843_0.7_0.5.png,44.12687301635742,0.9980604648590088,25.81298065185547,train_core,3,2.296092987060547,0,44.12687301635742,59.79632568359375,44.252845764160156,120.0,0.008335714228451252,0.0006466424674727023,15.669452667236328,0.12597274780273438,75.87312698364258,1.1237525939941406,2.4076881408691406,3.90167236328125,5.679622650146484,1
2844_0.58_0.74.png,44.33770751953125,0.997959315776825,25.253774642944336,train_core,4,1.7970123291015625,0,44.33770751953125,59.38368225097656,44.48271179199219,120.0,0.008547001518309116,0.000720443669706583,15.045974731445312,0.1450042724609375,75.66229248046875,1.1179008483886719,2.3930816650390625,3.8731422424316406,5.6271820068359375,1
2846_0.54_1.41.png,43.889617919921875,0.9973646402359009,22.780534744262695,train_core,0,0.8578681945800781,0,43.889617919921875,58.29669952392578,44.05501937866211,120.0,0.009670868515968323,0.0009438164997845888,14.407081604003906,0.16540145874023438,76.11038208007812,1.1107444763183594,2.37530517578125,3.8386497497558594,5.5643768310546875,1
2847_0.67_0.53.png,46.01144790649414,0.9985479116439819,27.183521270751953,train_core,1,0.3121681213378906,0,46.01144790649414,60.38302993774414,46.17835998535156,120.0,0.007075782865285873,0.0006852811202406883,14.37158203125,0.16691207885742188,73.98855209350586,1.1102867126464844,2.3741798400878906,3.836528778076172,5.560634613037109,1
2848_0.64_1.91.png,39.21846389770508,0.9937247037887573,18.405658721923828,train_core,2,1.0133743286132812,0,39.21846389770508,56.191463470458984,39.3132209777832,120.0,0.015599110163748264,0.0011405927361920476,16.972999572753906,0.094757080078125,80.78153610229492,1.131500244140625,2.427471160888672,3.9413185119628906,5.754917144775391,1
2849_0.55_1.18.png,44.397186279296875,0.997429609298706,19.7811336517334,train_core,3,0.5407905578613281,0,44.397186279296875,57.48664474487305,44.62462615966797,120.0,0.008718514814972878,0.0010039587505161762,13.089458465576172,0.22743988037109375,75.60281372070312,1.0937728881835938,2.3330459594726562,3.7565956115722656,5.415313720703125,1
284_0.57_0.69.png,38.1845588684082,0.9980434775352478,19.739015579223633,train_core,4,4.693553924560547,0,38.1845588684082,55.43399429321289,38.26737976074219,120.0,0.0208339411765337,0.0014399689389392734,17.249435424804688,0.08282089233398438,81.8154411315918,1.1348152160644531,2.4354782104492188,3.9563674926757812,5.781414031982422,1
2851_0.6_1.41.png,40.693363189697266,0.9958704710006714,17.648717880249023,train_core,0,0.8505783081054688,0,40.693363189697266,56.482421875,40.8140754699707,120.0,0.014066403731703758,0.0010929489508271217,15.789058685302734,0.1207122802734375,79.30663681030273,1.1242218017578125,2.408924102783203,3.9042587280273438,5.684810638427734,1
2852_0.56_0.74.png,43.32859802246094,0.9974441528320312,22.817584991455078,train_core,1,1.2540512084960938,0,43.32859802246094,58.943397521972656,43.45380401611328,120.0,0.01008539367467165,0.000856352096889168,15.614799499511719,0.12520599365234375,76.67140197753906,1.1228256225585938,2.40545654296875,3.897472381591797,5.672279357910156,1
2853_0.97_1.52.png,42.42039489746094,0.994290828704834,11.17621898651123,train_core,2,0.7648162841796875,0,42.42039489746094,55.423309326171875,42.65130615234375,120.0,0.010429282672703266,0.001243560342118144,13.002914428710938,0.2309112548828125,77.57960510253906,1.0924301147460938,2.3295440673828125,3.749492645263672,5.4020538330078125,1
2854_0.79_1.87.png,43.21437454223633,0.9949625730514526,12.288111686706543,train_core,3,0.8234901428222656,0,43.21437454223633,55.42551040649414,43.494606018066406,120.0,0.00932395365089178,0.0012712297029793262,12.211135864257812,0.2802314758300781,76.78562545776367,1.0789871215820312,2.296466827392578,3.6862831115722656,5.289608001708984,1
2855_0.6_1.15.png,44.75551986694336,0.9968956708908081,18.346126556396484,train_core,4,1.4538459777832031,0,44.75551986694336,57.80135726928711,44.98279571533203,120.0,0.008464062586426735,0.000993020716123283,13.04583740234375,0.22727584838867188,75.24448013305664,1.0935249328613281,2.3323402404785156,3.7550315856933594,5.412067413330078,1
2856_0.88_1.68.png,43.123252868652344,0.9948952198028564,11.678220748901367,train_core,0,0.7026824951171875,0,43.123252868652344,55.514869689941406,43.392578125,120.0,0.009250710718333721,0.0012482348829507828,12.391616821289062,0.26932525634765625,76.87674713134766,1.0817642211914062,2.3032989501953125,3.6993789672851562,5.3131256103515625,1
2857_0.7_1.15.png,44.60617446899414,0.9976681470870972,20.409503936767578,train_core,1,1.3310661315917969,0,44.60617446899414,57.252655029296875,44.8604621887207,120.0,0.007181914523243904,0.0009093756671063602,12.646480560302734,0.2542877197265625,75.39382553100586,1.0869636535644531,2.316009521484375,3.7234230041503906,5.355167388916016,1
2858_0.6_1.11.png,45.43811798095703,0.9978889226913452,22.34956932067871,train_core,2,0.8141899108886719,0,45.43811798095703,57.80347442626953,45.709312438964844,120.0,0.00655075628310442,0.0008809661376290023,12.3653564453125,0.2711944580078125,74.56188201904297,1.0820846557617188,2.304035186767578,3.7005844116210938,5.314666748046875,1
2859_0.64_1.61.png,42.31199645996094,0.9973436594009399,19.12433624267578,train_core,3,2.2147750854492188,0,42.31199645996094,55.91984558105469,42.516815185546875,120.0,0.008904530666768551,0.0010460749035701156,13.60784912109375,0.2048187255859375,77.68800354003906,1.10052490234375,2.3498497009277344,3.7892303466796875,5.474620819091797,1
285_0.79_0.85.png,36.328941345214844,0.9971150755882263,23.522480010986328,train_core,4,3.4487762451171875,0,36.328941345214844,58.0689811706543,36.358150482177734,120.0,0.02306363545358181,0.0009432139922864735,21.740039825439453,0.029209136962890625,83.67105865478516,1.15093994140625,2.4762001037597656,4.0372467041015625,5.934173583984375,1
2860_0.92_0.66.png,46.658180236816406,0.9977328181266785,21.080904006958008,train_core,0,0.8618621826171875,0,46.658180236816406,58.24507141113281,46.98268508911133,120.0,0.0058633615262806416,0.0007616211078129709,11.586891174316406,0.3245048522949219,73.3418197631836,1.0679588317871094,2.2690696716308594,3.6334190368652344,5.194969177246094,1
2861_0.72_1.38.png,40.134742736816406,0.9976259469985962,18.175037384033203,train_core,1,0.4353599548339844,0,40.134742736816406,56.28247833251953,40.24580001831055,120.0,0.015243113972246647,0.0011857709614560008,16.147735595703125,0.11105728149414062,79.8652572631836,1.1267318725585938,2.4152145385742188,3.9165878295898438,5.707660675048828,1
2862_0.91_1.23.png,40.907012939453125,0.9969860911369324,15.746143341064453,train_core,2,0.8462142944335938,0,40.907012939453125,55.81468963623047,41.054351806640625,120.0,0.012451978400349617,0.0011911139590665698,14.907676696777344,0.1473388671875,79.09298706054688,1.1161918640136719,2.3888511657714844,3.864990234375,5.6125335693359375,1
2863_0.96_0.62.png,43.55120849609375,0.9984544515609741,19.995101928710938,train_core,3,0.27718353271484375,0,43.55120849609375,58.086299896240234,43.7142333984375,120.0,0.009136735461652279,0.0009305491112172604,14.535091400146484,0.16302490234375,76.44879150390625,1.112091064453125,2.3786849975585938,3.845294952392578,5.576671600341797,1
2864_0.5_1.92.png,40.823612213134766,0.9976015090942383,18.59682846069336,train_core,4,-0.16798782348632812,0,40.823612213134766,55.27462387084961,40.989078521728516,120.0,0.01372466329485178,0.0013429472455754876,14.451011657714844,0.16546630859375,79.17638778686523,1.1110916137695312,2.37615966796875,3.8403167724609375,5.567455291748047,1
2865_0.65_0.7.png,46.32204055786133,0.9988235831260681,25.59896469116211,train_core,0,0.40332794189453125,0,46.32204055786133,58.6573486328125,46.59170150756836,120.0,0.006634481251239777,0.0008610151708126068,12.335308074951172,0.26966094970703125,73.67795944213867,1.0814170837402344,2.3024520874023438,3.697704315185547,5.309814453125,1
2866_0.62_1.51.png,42.73495101928711,0.9977307319641113,20.823556900024414,train_core,1,0.9369659423828125,0,42.73495101928711,56.28562545776367,42.94190979003906,120.0,0.0102836349979043,0.0011224709451198578,13.550674438476562,0.20695877075195312,77.26504898071289,1.0990943908691406,2.3463706970214844,3.782642364501953,5.463153839111328,1
2867_0.81_1.2.png,41.9406852722168,0.9973272085189819,18.475812911987305,train_core,2,0.7094192504882812,0,41.9406852722168,56.07027053833008,42.1190299987793,120.0,0.010807622224092484,0.001088224584236741,14.129585266113281,0.1783447265625,78.0593147277832,1.1071205139160156,2.366313934326172,3.8213043212890625,5.533130645751953,1
2868_0.72_1.69.png,40.093502044677734,0.9965318441390991,17.914926528930664,train_core,3,1.1716423034667969,0,40.093502044677734,55.167545318603516,40.240726470947266,120.0,0.01340315118432045,0.0012221519136801362,15.074043273925781,0.14722442626953125,79.90649795532227,1.1163063049316406,2.3893394470214844,3.8664894104003906,5.616569519042969,1
286_0.98_1.98.png,33.20623779296875,0.9893366098403931,11.458086967468262,train_core,4,2.9072036743164062,0,33.20623779296875,51.72371292114258,33.26778793334961,120.0,0.03034939430654049,0.00195305107627064,18.517475128173828,0.061550140380859375,86.79376220703125,1.14117431640625,2.4515113830566406,3.9881134033203125,5.841056823730469,1
2870_0.82_1.39.png,40.60728073120117,0.997273325920105,17.650169372558594,train_core,0,-0.4879341125488281,1,40.60728073120117,55.92817687988281,40.74478530883789,120.0,0.013168876059353352,0.0010869150282815099,15.32089614868164,0.13750457763671875,79.39271926879883,1.1206436157226562,2.3999176025390625,3.8864364624023438,5.6515350341796875,1
2871_0.76_1.43.png,40.381927490234375,0.9974903464317322,18.470815658569336,train_core,1,-0.23052978515625,1,40.381927490234375,56.183807373046875,40.50535202026367,120.0,0.01458914577960968,0.0010714629897847772,15.8018798828125,0.12342453002929688,79.61807250976562,1.1246490478515625,2.4099807739257812,3.9062347412109375,5.6882476806640625,1
2872_0.75_1.98.png,37.327789306640625,0.9959176778793335,16.003686904907227,train_core,2,-0.36809539794921875,1,37.327789306640625,54.379051208496094,37.42335510253906,120.0,0.020249810069799423,0.00124555011279881,17.05126190185547,0.0955657958984375,82.67221069335938,1.1333999633789062,2.4319534301757812,3.949493408203125,5.768768310546875,1
2873_0.61_1.84.png,39.05052947998047,0.9969613552093506,20.402324676513672,train_core,3,3.267833709716797,0,39.05052947998047,56.39278793334961,39.135833740234375,120.0,0.01640007644891739,0.0009846787434071302,17.34225845336914,0.08530426025390625,80.94947052001953,1.1351127624511719,2.4362525939941406,3.9579734802246094,5.784599304199219,1
2874_0.53_1.21.png,45.97397232055664,0.9987087249755859,24.500438690185547,train_core,4,0.8129501342773438,0,45.97397232055664,58.28291320800781,46.24653625488281,120.0,0.006825464311987162,0.0008277148590423167,12.308940887451172,0.2725639343261719,74.02602767944336,1.0812873840332031,2.3019981384277344,3.696552276611328,5.3072662353515625,1
2875_0.87_1.33.png,40.265830993652344,0.9966511130332947,17.77762794494629,train_core,0,1.9289512634277344,0,40.265830993652344,56.182464599609375,40.38337707519531,120.0,0.01293839979916811,0.0009475459228269756,15.916633605957031,0.11754608154296875,79.73416900634766,1.1255073547363281,2.412128448486328,3.9104690551757812,5.696155548095703,1
2876_0.56_0.8.png,48.075721740722656,0.9991165995597839,27.123802185058594,train_core,1,0.25017547607421875,0,48.075721740722656,59.51553726196289,48.409114837646484,120.0,0.0052884239703416824,0.0007283302838914096,11.439815521240234,0.3333930969238281,71.92427825927734,1.0643081665039062,2.2601394653320312,3.6165313720703125,5.1655426025390625,1
2877_0.98_1.2.png,35.974769592285156,0.9967831969261169,21.489791870117188,train_core,2,2.4471397399902344,0,35.974769592285156,56.704307556152344,36.0227165222168,120.0,0.020380664616823196,0.000753965403418988,20.729537963867188,0.047946929931640625,84.02523040771484,1.1458244323730469,2.4638404846191406,4.013923645019531,5.892784118652344,1
2879_0.85_0.85.png,41.04071807861328,0.9984239339828491,27.29882049560547,train_core,3,1.7717361450195312,0,41.04071807861328,60.004676818847656,41.10406494140625,120.0,0.012902853079140186,0.0005782719235867262,18.963958740234375,0.06334686279296875,78.95928192138672,1.1407508850097656,2.4508285522460938,3.9876937866210938,5.842430114746094,1
287_0.9_0.63.png,37.23019027709961,0.9974373579025269,24.346113204956055,train_core,4,3.4378814697265625,0,37.23019027709961,58.87159729003906,37.26008605957031,120.0,0.021069752052426338,0.0008628053474240005,21.641407012939453,0.029895782470703125,82.76980972290039,1.1507377624511719,2.4756851196289062,4.036212921142578,5.932212829589844,1
2880_0.9_0.87.png,40.59026336669922,0.998255729675293,25.852306365966797,train_core,0,1.8655548095703125,0,40.59026336669922,59.42518615722656,40.657962799072266,120.0,0.012225494720041752,0.0006004520109854639,18.834922790527344,0.06769943237304688,79.40973663330078,1.1395339965820312,2.4479446411132812,3.9823951721191406,5.833301544189453,1
2881_0.58_1.16.png,45.19321060180664,0.998133659362793,23.76708984375,train_core,1,0.3685569763183594,0,45.19321060180664,58.338741302490234,45.41717529296875,120.0,0.007806263864040375,0.0008125641033984721,13.145530700683594,0.22396469116210938,74.80678939819336,1.0945091247558594,2.334850311279297,3.7600975036621094,5.421684265136719,1
2882_0.8_0.68.png,42.54545211791992,0.998313307762146,23.69306755065918,train_core,2,2.5506591796875,0,42.54545211791992,59.004207611083984,42.6503791809082,120.0,0.009387245401740074,0.0006841347203589976,16.458755493164062,0.10492706298828125,77.45454788208008,1.1297225952148438,2.422687530517578,3.931163787841797,5.734439849853516,1
2883_0.9_0.76.png,42.14423370361328,0.9978079199790955,21.263141632080078,train_core,3,1.1856117248535156,0,42.14423370361328,58.05194854736328,42.261810302734375,120.0,0.010480557568371296,0.0007384584750980139,15.90771484375,0.11757659912109375,77.85576629638672,1.1256637573242188,2.412494659423828,3.9111099243164062,5.6971588134765625,1
2885_0.97_1.56.png,37.464839935302734,0.9907159805297852,10.108118057250977,train_core,4,0.8471908569335938,0,37.464839935302734,52.13151550292969,37.62267303466797,120.0,0.017842063680291176,0.0017140539130195975,14.666675567626953,0.15783309936523438,82.53516006469727,1.1139678955078125,2.383197784423828,3.8537864685058594,5.591701507568359,1
2886_0.56_1.65.png,42.221923828125,0.9948558211326599,15.970813751220703,train_core,0,0.3548431396484375,0,42.221923828125,54.113746643066406,42.52720642089844,120.0,0.010912714526057243,0.0015110814711079001,11.891822814941406,0.3052825927734375,77.778076171875,1.0723876953125,2.2803268432617188,3.655670166015625,5.235889434814453,1
2887_0.88_0.77.png,43.30682373046875,0.9962809085845947,15.73279857635498,train_core,1,0.8218269348144531,0,43.30682373046875,56.31641387939453,43.538726806640625,120.0,0.00929306074976921,0.0011413856409490108,13.009590148925781,0.231903076171875,76.69317626953125,1.0925369262695312,2.3299827575683594,3.7507057189941406,5.404808044433594,1
2888_0.93_0.59.png,44.64122009277344,0.9969948530197144,16.948978424072266,train_core,2,-0.14368438720703125,0,44.64122009277344,57.132911682128906,44.902198791503906,120.0,0.007811815477907658,0.0010417726589366794,12.491691589355469,0.26097869873046875,75.35877990722656,1.0841255187988281,2.3091392517089844,3.7105712890625,5.3328857421875,1
2889_0.82_0.62.png,46.46440505981445,0.99888676404953,27.58970069885254,train_core,3,0.11725997924804688,0,46.46440505981445,60.15119171142578,46.658958435058594,120.0,0.006370202172547579,0.0006514378474093974,13.686786651611328,0.19455337524414062,73.53559494018555,1.1028938293457031,2.355602264404297,3.8000221252441406,5.493282318115234,1
288_0.77_1.7.png,34.22106170654297,0.9940905570983887,16.321895599365234,train_core,4,3.0855178833007812,0,34.22106170654297,54.55504608154297,34.26146697998047,120.0,0.027781112119555473,0.001437525381334126,20.333984375,0.0404052734375,85.77893829345703,1.1475448608398438,2.4676055908203125,4.020111083984375,5.9015960693359375,1
2890_0.79_1.15.png,42.351661682128906,0.9982126951217651,23.85099220275879,train_core,0,0.5008163452148438,0,42.351661682128906,57.98505401611328,42.480384826660156,120.0,0.010489505715668201,0.0008517064270563424,15.633392333984375,0.12872314453125,77.6483383178711,1.121551513671875,2.4025115966796875,3.8923110961914062,5.664127349853516,1
2892_0.76_0.56.png,48.339508056640625,0.9991741180419922,29.61707878112793,train_core,1,-0.0082244873046875,0,48.339508056640625,60.86393737792969,48.59423828125,120.0,0.005137511529028416,0.0006151911802589893,12.524429321289062,0.254730224609375,71.66049194335938,1.0856742858886719,2.312824249267578,3.717296600341797,5.344058990478516,1
2893_0.66_0.92.png,46.17048645019531,0.9968152046203613,24.292911529541016,train_core,2,-0.145965576171875,0,46.17048645019531,58.765411376953125,46.42238998413086,120.0,0.0068742563016712666,0.0007297316915355623,12.594924926757812,0.2519035339355469,73.82951354980469,1.0860366821289062,2.3138656616210938,3.7196121215820312,5.348865509033203,1
2895_0.96_0.95.png,43.4742431640625,0.9964089393615723,20.206201553344727,train_core,3,0.5331649780273438,0,43.4742431640625,57.478919982910156,43.653770446777344,120.0,0.010071288794279099,0.0007745621260255575,14.004676818847656,0.17952728271484375,76.5257568359375,1.1068458557128906,2.3654403686523438,3.8191299438476562,5.5280609130859375,1
2896_0.84_0.74.png,45.038978576660156,0.997646689414978,23.533267974853516,train_core,4,1.0567512512207031,0,45.038978576660156,58.66899108886719,45.234527587890625,120.0,0.00880888756364584,0.0006820377893745899,13.630012512207031,0.19554901123046875,74.96102142333984,1.1020278930664062,2.353466033935547,3.7959136962890625,5.4859161376953125,1
2897_0.75_1.35.png,37.62294387817383,0.9946660399436951,14.116911888122559,train_core,0,1.21490478515625,0,37.62294387817383,53.872459411621094,37.73360061645508,120.0,0.019601603969931602,0.001224110252223909,16.249515533447266,0.11065673828125,82.37705612182617,1.1280517578125,2.418498992919922,3.9229583740234375,5.719268798828125,1
2898_0.74_1.2.png,38.28805160522461,0.9954859614372253,15.016952514648438,train_core,1,1.5042495727539062,0,38.28805160522461,54.48036193847656,38.399986267089844,120.0,0.018327079713344574,0.00114993576426059,16.192310333251953,0.11193466186523438,81.71194839477539,1.1276664733886719,2.417530059814453,3.9210433959960938,5.7156982421875,1
289_0.83_1.16.png,39.00797653198242,0.9977197647094727,14.102617263793945,train_core,2,2.589893341064453,0,39.00797653198242,54.43497085571289,39.13445281982422,120.0,0.014905555173754692,0.0015071434900164604,15.426994323730469,0.12647628784179688,80.99202346801758,1.1218986511230469,2.4030113220214844,3.892414093017578,5.662326812744141,1
28_0.54_1.24.png,34.54770278930664,0.9977754354476929,20.722522735595703,train_core,3,3.3788986206054688,0,34.54770278930664,52.92383575439453,34.611358642578125,120.0,0.033728186041116714,0.0017031625611707568,18.37613296508789,0.06365585327148438,85.45229721069336,1.1405563354492188,2.4499549865722656,3.9850311279296875,5.8352508544921875,1
2900_0.61_1.22.png,38.594947814941406,0.9965300559997559,16.95104217529297,train_core,4,1.3535919189453125,0,38.594947814941406,55.04572296142578,38.70293045043945,120.0,0.018671473488211632,0.0010891288984566927,16.450775146484375,0.10798263549804688,81.4050521850586,1.1294975280761719,2.4221267700195312,3.9300994873046875,5.732536315917969,1
2901_0.59_1.0.png,42.19093704223633,0.9988905787467957,28.68907928466797,train_core,0,2.7599716186523438,0,42.19093704223633,58.65198516845703,42.298988342285156,120.0,0.011367968283593655,0.0006825951859354973,16.461048126220703,0.10805130004882812,77.80906295776367,1.1297378540039062,2.4227066040039062,3.9311790466308594,5.734382629394531,1
2903_0.67_0.55.png,44.44679260253906,0.9991630911827087,31.299211502075195,train_core,1,1.37786865234375,0,44.44679260253906,60.35978317260742,44.57174301147461,120.0,0.008443991653621197,0.0005550706409849226,15.91299057006836,0.12495040893554688,75.55320739746094,1.124725341796875,2.4103317260742188,3.907299041748047,5.691017150878906,1
2906_0.79_0.86.png,39.6690788269043,0.9965910911560059,26.962684631347656,train_core,2,1.6579437255859375,0,39.6690788269043,58.44047927856445,39.736717224121094,120.0,0.013200787827372551,0.0006135576404631138,18.771400451660156,0.06763839721679688,80.3309211730957,1.1400222778320312,2.449024200439453,3.984172821044922,5.835838317871094,1
2907_0.54_1.75.png,37.74739456176758,0.9937407374382019,24.653583526611328,train_core,3,1.2354660034179688,0,37.74739456176758,55.14255905151367,37.83366394042969,120.0,0.019203243777155876,0.0008089426555670798,17.395164489746094,0.08626937866210938,82.25260543823242,1.1349906921386719,2.435985565185547,3.957569122314453,5.784160614013672,1
2908_0.67_0.96.png,41.468170166015625,0.9970637559890747,28.22612953186035,train_core,4,1.1236534118652344,0,41.468170166015625,58.66271209716797,41.56108093261719,120.0,0.010513581335544586,0.0006158050964586437,17.194541931152344,0.0929107666015625,78.53182983398438,1.1328086853027344,2.4307022094726562,3.9476356506347656,5.766670227050781,1
2910_0.56_1.62.png,43.44860076904297,0.996539294719696,17.420286178588867,train_core,0,0.7488632202148438,0,43.44860076904297,55.069175720214844,43.785064697265625,120.0,0.009155088104307652,0.001248435932211578,11.620574951171875,0.33646392822265625,76.55139923095703,1.0669097900390625,2.2667007446289062,3.629425048828125,5.189128875732422,1
2911_0.55_1.26.png,45.060325622558594,0.9974507689476013,19.4125919342041,train_core,1,0.6748619079589844,0,45.060325622558594,56.593238830566406,45.40214538574219,120.0,0.0076734647154808044,0.0010946192778646946,11.532913208007812,0.34181976318359375,74.9396743774414,1.0654525756835938,2.2631378173828125,3.6226463317871094,5.177116394042969,1
2912_0.99_0.95.png,42.46284103393555,0.996203601360321,13.918825149536133,train_core,2,0.8330116271972656,0,42.46284103393555,56.2971076965332,42.65949630737305,120.0,0.00984238926321268,0.0010734066599979997,13.834266662597656,0.1966552734375,77.53715896606445,1.1036720275878906,2.357585906982422,3.8041954040527344,5.501773834228516,1
2913_0.93_1.38.png,40.8966064453125,0.9967091083526611,14.513494491577148,train_core,3,1.131011962890625,0,40.8966064453125,55.392051696777344,41.062347412109375,120.0,0.01107634138315916,0.0012157930759713054,14.495445251464844,0.165740966796875,79.1033935546875,1.1120414733886719,2.378429412841797,3.8445358276367188,5.574832916259766,1
2914_0.61_1.26.png,41.611473083496094,0.9977132678031921,19.333681106567383,train_core,4,0.5512886047363281,0,41.611473083496094,56.493141174316406,41.764007568359375,120.0,0.010732650756835938,0.0011074300855398178,14.881668090820312,0.15253448486328125,78.3885269165039,1.1158103942871094,2.3879241943359375,3.86322021484375,5.609352111816406,1
2916_0.62_1.39.png,41.439659118652344,0.997535228729248,18.501365661621094,train_core,0,0.5025405883789062,0,41.439659118652344,56.12630844116211,41.599693298339844,120.0,0.01095568761229515,0.0011491018813103437,14.686649322509766,0.1600341796875,78.56034088134766,1.1138801574707031,2.3830833435058594,3.8537368774414062,5.591861724853516,1
2917_0.55_0.86.png,42.91181182861328,0.996835470199585,22.01500701904297,train_core,1,1.7906455993652344,0,42.91181182861328,57.76910400390625,43.05839538574219,120.0,0.010903693735599518,0.0008827818091958761,14.857292175292969,0.14658355712890625,77.08818817138672,1.1163139343261719,2.3890533447265625,3.8651199340820312,5.612125396728516,1
291_0.53_1.8.png,38.7445182800293,0.997119665145874,14.041387557983398,train_core,2,1.6319084167480469,0,38.7445182800293,52.085453033447266,38.95127487182617,120.0,0.01734991930425167,0.001920789829455316,13.340934753417969,0.206756591796875,81.2554817199707,1.0986442565917969,2.344951629638672,3.7791786193847656,5.455116271972656,1
2920_0.55_1.67.png,39.19673156738281,0.9932963848114014,17.80747413635254,train_core,3,2.2903099060058594,0,39.19673156738281,55.21529769897461,39.30862045288086,120.0,0.01690334640443325,0.0011712386040017009,16.018566131591797,0.11188888549804688,80.80326843261719,1.1265411376953125,2.4146728515625,3.915355682373047,5.7049407958984375,1
2921_0.85_1.88.png,38.46246337890625,0.9925832748413086,15.725231170654297,train_core,4,0.419189453125,0,38.46246337890625,55.08976364135742,38.56621170043945,120.0,0.017061254009604454,0.000992739456705749,16.627300262451172,0.10374832153320312,81.53753662109375,1.1287994384765625,2.4207496643066406,3.9282302856445312,5.730888366699219,1
2923_0.53_0.64.png,45.823368072509766,0.9986872673034668,26.343788146972656,train_core,0,1.2445640563964844,0,45.823368072509766,59.761165618896484,46.00920104980469,120.0,0.007615511305630207,0.0005822305683977902,13.937797546386719,0.18583297729492188,74.17663192749023,1.105072021484375,2.3611717224121094,3.8111839294433594,5.514354705810547,1
2924_0.9_1.28.png,40.70863723754883,0.995366096496582,17.45711898803711,train_core,1,0.6101341247558594,0,40.70863723754883,56.51370620727539,40.8320198059082,120.0,0.013112136162817478,0.0008381344377994537,15.805068969726562,0.123382568359375,79.29136276245117,1.1229820251464844,2.406085968017578,3.8992881774902344,5.676914215087891,1
2925_0.64_1.85.png,36.79285430908203,0.9917615652084351,11.658135414123535,train_core,2,2.4849319458007812,0,36.79285430908203,54.84361267089844,36.87059783935547,120.0,0.021603431552648544,0.0013107499107718468,18.050758361816406,0.0777435302734375,83.20714569091797,1.1375541687011719,2.4426727294921875,3.971263885498047,5.810829162597656,1
2926_0.6_1.32.png,39.28766632080078,0.9952659010887146,14.512598037719727,train_core,3,1.7638511657714844,0,39.28766632080078,56.72832107543945,39.378318786621094,120.0,0.016082284972071648,0.0010977985803037882,17.440654754638672,0.0906524658203125,80.71233367919922,1.133392333984375,2.432300567626953,3.9511337280273438,5.774089813232422,1
2927_0.97_0.84.png,39.98641586303711,0.9945898056030273,13.009791374206543,train_core,4,1.5898704528808594,0,39.98641586303711,56.43024826049805,40.1045036315918,120.0,0.013520509004592896,0.0010610016761347651,16.443832397460938,0.1180877685546875,80.01358413696289,1.1252632141113281,2.412036895751953,3.911956787109375,5.702995300292969,1
2928_0.93_0.58.png,40.4463996887207,0.9963811635971069,16.08854103088379,train_core,0,1.501953125,0,40.4463996887207,57.750858306884766,40.5450439453125,120.0,0.011647376231849194,0.0009092884138226509,17.304458618164062,0.09864425659179688,79.5536003112793,1.1306495666503906,2.425384521484375,3.9380455017089844,5.751491546630859,1
2929_0.56_0.77.png,44.67375946044922,0.9975373148918152,25.189014434814453,train_core,1,0.710052490234375,0,44.67375946044922,59.650962829589844,44.82589340209961,120.0,0.008042652159929276,0.0006508257938548923,14.977203369140625,0.15213394165039062,75.32624053955078,1.1174507141113281,2.3919219970703125,3.8707656860351562,5.622581481933594,1
292_0.67_0.61.png,41.923675537109375,0.9987989664077759,23.560932159423828,train_core,2,4.2190399169921875,0,41.923675537109375,57.778656005859375,42.0381965637207,120.0,0.011447691358625889,0.0010713827796280384,15.85498046875,0.11452102661132812,78.07632446289062,1.1254348754882812,2.4118995666503906,3.909870147705078,5.694671630859375,1
2931_0.79_1.74.png,38.781150817871094,0.9950518012046814,14.788078308105469,train_core,3,1.7750358581542969,0,38.781150817871094,56.28894805908203,38.86464309692383,120.0,0.01750352792441845,0.0009972433326765895,17.507797241210938,0.08349227905273438,81.2188491821289,1.1361312866210938,2.438823699951172,3.9630355834960938,5.794036865234375,1
2932_0.9_0.96.png,43.457847595214844,0.9971000552177429,17.089426040649414,train_core,4,-0.4399299621582031,1,43.457847595214844,58.29021453857422,43.61061477661133,120.0,0.010341426357626915,0.0008052369230426848,14.832366943359375,0.15276718139648438,76.54215240478516,1.1152496337890625,2.3865890502929688,3.8607177734375,5.604911804199219,1
2933_0.98_1.9.png,36.78553771972656,0.9961936473846436,17.197311401367188,train_core,0,0.6453933715820312,0,36.78553771972656,51.34357452392578,36.980106353759766,120.0,0.01381408330053091,0.0011352369328960776,14.558036804199219,0.19456863403320312,83.21446228027344,1.1134185791015625,2.3817977905273438,3.8508987426757812,5.585903167724609,1
2934_0.62_1.45.png,40.179473876953125,0.9986812472343445,25.9232120513916,train_core,1,3.36456298828125,0,40.179473876953125,55.95713806152344,40.31709289550781,120.0,0.0139397494494915,0.0009007451008073986,15.777664184570312,0.1376190185546875,79.82052612304688,1.1244888305664062,2.4095306396484375,3.9052696228027344,5.686305999755859,1
2935_0.62_0.71.png,43.01852798461914,0.9991761445999146,30.957059860229492,train_core,2,1.2916450500488281,0,43.01852798461914,58.233638763427734,43.17476272583008,120.0,0.008616374805569649,0.0007010134286247194,15.215110778808594,0.1562347412109375,76.98147201538086,1.119842529296875,2.3978652954101562,3.882343292236328,5.643791198730469,1
2937_0.84_1.4.png,40.234493255615234,0.9919958114624023,14.428582191467285,train_core,3,1.1764564514160156,0,40.234493255615234,54.98152160644531,40.39430618286133,120.0,0.013848239555954933,0.0011876876233145595,14.747028350830078,0.15981292724609375,79.76550674438477,1.113922119140625,2.3833084106445312,3.854473114013672,5.593852996826172,1
2938_0.98_1.56.png,36.461509704589844,0.9879345893859863,12.26626205444336,train_core,4,1.9076080322265625,0,36.461509704589844,52.472877502441406,36.58005142211914,120.0,0.01980455219745636,0.0014190287329256535,16.011367797851562,0.11854171752929688,83.53849029541016,1.1259384155273438,2.413219451904297,3.9127273559570312,5.7006378173828125,1
2939_0.79_1.78.png,38.479515075683594,0.9902464747428894,13.31306266784668,train_core,0,1.6396102905273438,0,38.479515075683594,53.590110778808594,38.62547302246094,120.0,0.01753862015902996,0.0013544870307669044,15.110595703125,0.14595794677734375,81.5204849243164,1.1182403564453125,2.3939743041992188,3.8749961853027344,5.630863189697266,1
293_0.88_0.76.png,40.93773651123047,0.9979957342147827,18.408878326416016,train_core,1,1.6482772827148438,0,40.93773651123047,55.29844284057617,41.09989547729492,120.0,0.012819529511034489,0.0012682232772931457,14.360706329345703,0.16215896606445312,79.06226348876953,1.1113967895507812,2.3767356872558594,3.8409881591796875,5.567665100097656,1
2940_0.96_0.73.png,42.61572265625,0.9957320690155029,17.960603713989258,train_core,2,1.2608070373535156,0,42.61572265625,57.25613021850586,42.776817321777344,120.0,0.01021860633045435,0.0009309463202953339,14.64040756225586,0.16109466552734375,77.38427734375,1.1129875183105469,2.380939483642578,3.8497657775878906,5.585052490234375,1
2941_0.7_1.3.png,42.99795150756836,0.9969179034233093,19.17523193359375,train_core,3,1.1363105773925781,0,42.99795150756836,55.18352508544922,43.27854919433594,120.0,0.010141285136342049,0.0010474215960130095,12.18557357788086,0.2805976867675781,77.00204849243164,1.0788116455078125,2.2959861755371094,3.6852493286132812,5.287567138671875,1
2942_0.61_1.83.png,42.276336669921875,0.995821475982666,17.990646362304688,train_core,4,0.6193809509277344,0,42.276336669921875,53.29509353637695,42.654815673828125,120.0,0.010635189712047577,0.0012471969239413738,11.018756866455078,0.37847900390625,77.72366333007812,1.0541191101074219,2.2353134155273438,3.5698165893554688,5.084583282470703,1
2943_0.94_1.06.png,41.66084671020508,0.9961511492729187,17.230854034423828,train_core,0,1.0812416076660156,0,41.66084671020508,54.47209167480469,41.90122985839844,120.0,0.01093334425240755,0.0010415465803816915,12.81124496459961,0.24038314819335938,78.33915328979492,1.08978271484375,2.323078155517578,3.737255096435547,5.380359649658203,1
2944_0.81_1.6.png,41.924774169921875,0.9952770471572876,16.33180046081543,train_core,1,0.6657142639160156,0,41.924774169921875,53.430091857910156,42.25408172607422,120.0,0.010697579011321068,0.0011913554044440389,11.505317687988281,0.32930755615234375,78.07522583007812,1.0652236938476562,2.2625503540039062,3.6215057373046875,5.175060272216797,1
2945_0.82_1.27.png,39.014373779296875,0.997321605682373,16.701223373413086,train_core,2,1.6540565490722656,0,39.014373779296875,57.25587844848633,39.082462310791016,120.0,0.01688133366405964,0.0010236762464046478,18.241504669189453,0.06808853149414062,80.98562622070312,1.1397018432617188,2.4478378295898438,3.980926513671875,5.827754974365234,1
2946_0.62_0.52.png,43.9276123046875,0.9990260004997253,27.30624008178711,train_core,3,1.50018310546875,0,43.9276123046875,60.023799896240234,44.04136657714844,120.0,0.008189302869141102,0.000724481709767133,16.096187591552734,0.1137542724609375,76.0723876953125,1.1269416809082031,2.4156951904296875,3.917388916015625,5.708778381347656,1
2947_0.91_0.89.png,41.68218231201172,0.9980098605155945,17.252765655517578,train_core,4,1.2536125183105469,0,41.68218231201172,57.945133209228516,41.79191589355469,120.0,0.011599643155932426,0.0009252356248907745,16.262950897216797,0.10973358154296875,78.31781768798828,1.1279335021972656,2.4182777404785156,3.9226951599121094,5.719085693359375,1
2948_0.75_1.31.png,39.91383361816406,0.9976342916488647,18.017961502075195,train_core,0,1.0559959411621094,0,39.91383361816406,57.564353942871094,39.990962982177734,120.0,0.014494001865386963,0.0010070301359519362,17.65052032470703,0.07712936401367188,80.08616638183594,1.1368942260742188,2.4407272338867188,3.9667892456054688,5.801048278808594,1
2949_0.93_0.8.png,39.42369079589844,0.9961807131767273,19.402982711791992,train_core,1,1.4026260375976562,0,39.42369079589844,57.14775848388672,39.509498596191406,120.0,0.015584118664264679,0.0007796555291861296,17.72406768798828,0.08580780029296875,80.57630920410156,1.1345939636230469,2.4354934692382812,3.9577102661132812,5.786811828613281,1
294_0.64_0.79.png,40.4911994934082,0.9986063838005066,22.522560119628906,train_core,2,2.4844512939453125,0,40.4911994934082,56.759681701660156,40.59511184692383,120.0,0.015556643716990948,0.0011337666073814034,16.268482208251953,0.103912353515625,79.5088005065918,1.1285514831542969,2.4197235107421875,3.9252700805664062,5.723316192626953,1
2951_0.89_1.67.png,34.09114074707031,0.9902071356773376,14.039203643798828,train_core,3,1.3046035766601562,0,34.09114074707031,53.20812225341797,34.159751892089844,120.0,0.02645767852663994,0.0011382345110177994,19.116981506347656,0.06861114501953125,85.90885925292969,1.1394920349121094,2.4480667114257812,3.983184814453125,5.835987091064453,1
2952_0.56_0.89.png,42.01963806152344,0.9979524612426758,27.16262435913086,train_core,4,1.9196090698242188,0,42.01963806152344,59.03562927246094,42.12285614013672,120.0,0.010501489043235779,0.0006781400297768414,17.0159912109375,0.10321807861328125,77.98036193847656,1.1291885375976562,2.4221725463867188,3.9320335388183594,5.740139007568359,1
2953_0.65_1.26.png,43.71284103393555,0.9984905123710632,24.184467315673828,train_core,0,0.7407073974609375,0,43.71284103393555,57.842140197753906,43.88720703125,120.0,0.008202571421861649,0.0008389686699956656,14.12929916381836,0.17436599731445312,76.28715896606445,1.1080360412597656,2.368396759033203,3.824878692626953,5.538639068603516,1
2954_0.63_1.11.png,44.448429107666016,0.9987010359764099,25.447147369384766,train_core,1,0.7701492309570312,0,44.448429107666016,58.21748733520508,44.63787841796875,120.0,0.0073182848282158375,0.000801085087005049,13.769058227539062,0.18944931030273438,75.55157089233398,1.1037139892578125,2.357624053955078,3.803924560546875,5.500431060791016,1
2955_0.54_1.51.png,44.57291030883789,0.9986554384231567,25.424240112304688,train_core,2,-0.22343063354492188,1,44.57291030883789,57.634674072265625,44.797515869140625,120.0,0.007751260418444872,0.0008865645504556596,13.061763763427734,0.22460556030273438,75.42708969116211,1.0936355590820312,2.3326148986816406,3.755573272705078,5.413143157958984,1
2956_0.94_1.69.png,38.06899642944336,0.9951759576797485,17.26188850402832,train_core,3,0.31043243408203125,0,38.06899642944336,54.68704605102539,38.16904830932617,120.0,0.013579298742115498,0.0010672713397070765,16.61804962158203,0.1000518798828125,81.93100357055664,1.1298942565917969,2.4233055114746094,3.932811737060547,5.738422393798828,1
2958_0.59_1.75.png,36.92961502075195,0.9952797889709473,21.42923355102539,train_core,4,1.8441009521484375,0,36.92961502075195,55.048580169677734,37.00245666503906,120.0,0.02152157388627529,0.0009952859254553914,18.11896514892578,0.07284164428710938,83.07038497924805,1.138580322265625,2.445110321044922,3.9757423400878906,5.818477630615234,1
2959_0.85_0.71.png,39.498565673828125,0.997079610824585,22.97227668762207,train_core,0,2.416332244873047,0,39.498565673828125,58.283287048339844,39.56053161621094,120.0,0.014883679337799549,0.0007368011283688247,18.78472137451172,0.0619659423828125,80.50143432617188,1.141937255859375,2.4534873962402344,3.9921798706054688,5.849067687988281,1
295_0.59_0.87.png,42.082740783691406,0.9986483454704285,22.105607986450195,train_core,1,2.1937942504882812,0,42.082740783691406,56.46437072753906,42.24421691894531,120.0,0.012717017903923988,0.0011719182366505265,14.381629943847656,0.16147613525390625,77.9172592163086,1.1116180419921875,2.3772964477539062,3.8420867919921875,5.569679260253906,1
2960_0.83_1.03.png,38.03371810913086,0.9964846968650818,20.53171157836914,train_core,2,3.297863006591797,0,38.03371810913086,56.82480239868164,38.09531784057617,120.0,0.01821247488260269,0.0008497442468069494,18.79108428955078,0.0615997314453125,81.96628189086914,1.1421356201171875,2.453960418701172,3.9930458068847656,5.850502014160156,1
2961_0.62_0.84.png,43.01613235473633,0.998081624507904,22.449981689453125,train_core,3,0.9399032592773438,0,43.01613235473633,57.60856246948242,43.172855377197266,120.0,0.01051350124180317,0.0008435780182480812,14.592430114746094,0.1567230224609375,76.98386764526367,1.1137123107910156,2.382537841796875,3.852344512939453,5.588569641113281,1
2962_0.97_1.66.png,36.71348190307617,0.9924395084381104,11.656466484069824,train_core,4,-0.15539169311523438,0,36.71348190307617,52.50373840332031,36.83652877807617,120.0,0.02052374929189682,0.001344395219348371,15.79025650024414,0.123046875,83.28651809692383,1.1243858337402344,2.409351348876953,3.905078887939453,5.686298370361328,1
2963_0.61_1.33.png,42.13579559326172,0.9973565340042114,19.288509368896484,train_core,0,1.0683746337890625,0,42.13579559326172,55.74131774902344,42.33238983154297,120.0,0.011220048181712627,0.001012127031572163,13.605522155761719,0.19659423828125,77.86420440673828,1.1018714904785156,2.353015899658203,3.794891357421875,5.483776092529297,1
2966_0.98_0.67.png,36.73450469970703,0.9953965544700623,20.76723861694336,train_core,1,2.72882080078125,0,36.73450469970703,56.98100280761719,36.784461975097656,120.0,0.020192846655845642,0.0006969929090701044,20.246498107910156,0.049957275390625,83.26549530029297,1.145751953125,2.4634017944335938,4.012458801269531,5.888694763183594,1
2967_0.66_0.63.png,41.675872802734375,0.9973505735397339,27.750158309936523,train_core,2,2.4127159118652344,0,41.675872802734375,59.88525390625,41.7451171875,120.0,0.012191260233521461,0.0005802236846648157,18.209381103515625,0.069244384765625,78.32412719726562,1.1390762329101562,2.4462661743164062,3.9778709411621094,5.822288513183594,1
2968_0.58_1.48.png,38.24365997314453,0.9955663084983826,23.322725296020508,train_core,3,2.2634201049804688,0,38.24365997314453,57.614845275878906,38.29865264892578,120.0,0.01647127792239189,0.0008229773957282305,19.371185302734375,0.05499267578125,81.75634002685547,1.1433792114257812,2.4571380615234375,3.9995765686035156,5.863616943359375,1
2969_0.52_1.69.png,37.67530059814453,0.99723219871521,20.221965789794922,train_core,4,1.3539772033691406,0,37.67530059814453,54.577354431152344,37.76930236816406,120.0,0.02093522809445858,0.0011889757588505745,16.902053833007812,0.09400177001953125,82.32469940185547,1.1325912475585938,2.4298934936523438,3.9453506469726562,5.760833740234375,1
296_0.57_0.78.png,44.207435607910156,0.998820960521698,22.94623374938965,train_core,0,1.9704246520996094,0,44.207435607910156,57.07648849487305,44.437984466552734,120.0,0.009685599245131016,0.0010986224515363574,12.86905288696289,0.23054885864257812,75.79256439208984,1.0916900634765625,2.3276748657226562,3.7457656860351562,5.394809722900391,1
2970_0.99_1.7.png,33.06548309326172,0.9916813373565674,13.265237808227539,train_core,1,1.8948135375976562,0,33.06548309326172,50.89433288574219,33.14653778076172,120.0,0.025557655841112137,0.001481311279349029,17.82884979248047,0.0810546875,86.93451690673828,1.1378974914550781,2.4432411193847656,3.9717445373535156,5.810302734375,1
2971_0.86_1.96.png,34.55086898803711,0.9929196834564209,14.35494327545166,train_core,2,0.9398307800292969,0,34.55086898803711,51.87026596069336,34.63846206665039,120.0,0.025561880320310593,0.0014623714378103614,17.31939697265625,0.08759307861328125,85.44913101196289,1.1351890563964844,2.4364166259765625,3.9582290649414062,5.784908294677734,1
2972_0.63_0.7.png,42.466148376464844,0.9986586570739746,25.347604751586914,train_core,3,0.3344688415527344,0,42.466148376464844,58.105934143066406,42.591957092285156,120.0,0.012190409936010838,0.0008487002924084663,15.639785766601562,0.1258087158203125,77.53385162353516,1.1235504150390625,2.40716552734375,3.9005889892578125,5.6775360107421875,1
2974_0.69_1.66.png,38.14067077636719,0.992813766002655,13.252820014953613,train_core,4,0.22867965698242188,0,38.14067077636719,53.851959228515625,38.266719818115234,120.0,0.01841490902006626,0.0013864681823179126,15.711288452148438,0.12604904174804688,81.85932922363281,1.12249755859375,2.4046478271484375,3.896015167236328,5.670246124267578,1
2975_1.0_1.72.png,35.6129150390625,0.9875138998031616,8.248598098754883,train_core,0,0.6558036804199219,0,35.6129150390625,51.92212677001953,35.72372055053711,120.0,0.02352406457066536,0.0016497039468958974,16.30921173095703,0.11080551147460938,84.3870849609375,1.1270828247070312,2.416240692138672,3.919055938720703,5.713413238525391,1
2976_0.85_1.34.png,38.88319396972656,0.9933401346206665,11.811080932617188,train_core,1,0.477447509765625,0,38.88319396972656,54.20967483520508,39.01891326904297,120.0,0.016465354710817337,0.0013032914139330387,15.326480865478516,0.13571929931640625,81.11680603027344,1.1195449829101562,2.397266387939453,3.881511688232422,5.643177032470703,1
2977_0.54_1.2.png,37.98953628540039,0.9959866404533386,17.823871612548828,train_core,2,2.5137557983398438,0,37.98953628540039,55.242835998535156,38.076351165771484,120.0,0.020986085757613182,0.0011306597152724862,17.253299713134766,0.08681488037109375,82.01046371459961,1.1348190307617188,2.4354896545410156,3.9563865661621094,5.781459808349609,1
2980_0.93_1.58.png,32.59597396850586,0.9873294830322266,9.539156913757324,train_core,3,2.43878173828125,0,32.59597396850586,52.17377471923828,32.64808654785156,120.0,0.03438139334321022,0.0015313097974285483,19.577800750732422,0.052112579345703125,87.40402603149414,1.1451644897460938,2.4615859985351562,4.0081329345703125,5.878913879394531,1
2981_0.57_1.84.png,40.797523498535156,0.993173360824585,15.590837478637695,train_core,4,1.5046501159667969,0,40.797523498535156,53.3881721496582,41.058448791503906,120.0,0.012737784534692764,0.0014272327534854412,12.590648651123047,0.26092529296875,79.20247650146484,1.0850906372070312,2.311553955078125,3.7152671813964844,5.341453552246094,1
2982_0.94_1.69.png,37.9261360168457,0.9866518974304199,10.110553741455078,train_core,0,1.1948127746582031,0,37.9261360168457,52.73967742919922,38.0826416015625,120.0,0.016037119552493095,0.0015078309224918485,14.813541412353516,0.15650558471679688,82.0738639831543,1.1153411865234375,2.3866729736328125,3.860637664794922,5.604320526123047,1
2983_0.92_1.19.png,41.641845703125,0.9922870993614197,12.451499938964844,train_core,1,1.2587509155273438,0,41.641845703125,54.92134094238281,41.86065673828125,120.0,0.011197343468666077,0.001226849271915853,13.279495239257812,0.21881103515625,78.358154296875,1.0965042114257812,2.339763641357422,3.7695274353027344,5.438606262207031,1
2984_0.77_0.51.png,46.474388122558594,0.9966758489608765,20.613615036010742,train_core,2,0.9213027954101562,0,46.474388122558594,58.76166534423828,46.75261688232422,120.0,0.006379609927535057,0.0008290379191748798,12.287277221679688,0.278228759765625,73.5256118774414,1.0805778503417969,2.3003463745117188,3.693634033203125,5.3025360107421875,1
2985_0.62_1.93.png,39.113037109375,0.9908653497695923,13.898540496826172,train_core,3,0.8535270690917969,0,39.113037109375,54.13423156738281,39.25645446777344,120.0,0.01600717566907406,0.001381771289743483,15.021194458007812,0.1434173583984375,80.886962890625,1.1174850463867188,2.392070770263672,3.871204376220703,5.6237335205078125,1
2986_0.78_1.67.png,38.89702606201172,0.9906169176101685,12.15868091583252,train_core,4,0.491729736328125,0,38.89702606201172,54.01508331298828,39.0364875793457,120.0,0.016809001564979553,0.0013737139524891973,15.118057250976562,0.13946151733398438,81.10297393798828,1.1186561584472656,2.394969940185547,3.8768157958984375,5.633914947509766,1
2987_0.99_1.51.png,34.2118034362793,0.9849432706832886,10.146812438964844,train_core,0,2.1680335998535156,0,34.2118034362793,52.47071838378906,34.281219482421875,120.0,0.028085552155971527,0.0015019536949694157,18.258914947509766,0.06941604614257812,85.7881965637207,1.1397438049316406,2.4479522705078125,3.9811782836914062,5.828269958496094,1
2988_0.73_1.8.png,38.518775939941406,0.9902629852294922,12.459546089172363,train_core,1,0.9135627746582031,0,38.518775939941406,53.90345764160156,38.65104293823242,120.0,0.017382966354489326,0.001390232122503221,15.384681701660156,0.13226699829101562,81.4812240600586,1.12109375,2.4010696411132812,3.8887710571289062,5.655971527099609,1
2989_0.93_1.05.png,38.79502868652344,0.995177686214447,16.85238265991211,train_core,2,0.9825363159179688,0,38.79502868652344,54.0501708984375,38.93467712402344,120.0,0.01470575574785471,0.0012035119580104947,15.255142211914062,0.1396484375,81.20497131347656,1.1182708740234375,2.39434814453125,3.8763580322265625,5.634708404541016,1
298_0.69_1.38.png,35.142234802246094,0.9914275407791138,11.360424995422363,train_core,3,4.267658233642578,0,35.142234802246094,55.94284439086914,35.178619384765625,120.0,0.0274579469114542,0.0012558420421555638,20.800609588623047,0.03638458251953125,84.8577651977539,1.1487884521484375,2.4707489013671875,4.026371002197266,5.913490295410156,1
2990_0.59_1.61.png,39.81636428833008,0.9964165091514587,18.732511520385742,train_core,4,1.4627342224121094,0,39.81636428833008,53.25505065917969,40.02939224243164,120.0,0.013798883184790611,0.0013380954042077065,13.43868637084961,0.2130279541015625,80.18363571166992,1.0993461608886719,2.346729278564453,3.7827415466308594,5.461849212646484,1
2991_0.88_1.4.png,37.82905578613281,0.9942878484725952,15.806902885437012,train_core,0,0.4728240966796875,0,37.82905578613281,52.82476043701172,37.978763580322266,120.0,0.01718159206211567,0.0013763988390564919,14.995704650878906,0.14970779418945312,82.17094421386719,1.11553955078125,2.387561798095703,3.86322021484375,5.610801696777344,1
2993_0.97_1.09.png,41.48097610473633,0.9973387718200684,16.354175567626953,train_core,1,0.3172798156738281,0,41.48097610473633,53.61572265625,41.763328552246094,120.0,0.010992535389959812,0.0013687039026990533,12.134746551513672,0.2823524475097656,78.51902389526367,1.0778465270996094,2.293682098388672,3.6809730529785156,5.280185699462891,1
2994_0.81_0.58.png,46.32147216796875,0.9990519881248474,23.159839630126953,train_core,2,0.31689453125,0,46.32147216796875,57.2459716796875,46.69788360595703,120.0,0.0066077434457838535,0.0009766628500074148,10.92449951171875,0.37641143798828125,73.67852783203125,1.052734375,2.2318038940429688,3.562896728515625,5.0718994140625,1
2996_0.97_1.99.png,37.265167236328125,0.9939595460891724,12.73043155670166,train_core,3,1.143768310546875,0,37.265167236328125,50.20527267456055,37.49909973144531,120.0,0.01806805282831192,0.0019605059642344713,12.940105438232422,0.2339324951171875,82.73483276367188,1.0921173095703125,2.328857421875,3.7483139038085938,5.399974822998047,1
2997_0.78_0.54.png,43.57897186279297,0.997797429561615,20.946701049804688,train_core,4,0.8323440551757812,0,43.57897186279297,56.760772705078125,43.797454833984375,120.0,0.009446926414966583,0.0010561771923676133,13.181800842285156,0.21848297119140625,76.42102813720703,1.0958099365234375,2.3379898071289062,3.7659034729003906,5.431552886962891,1
2998_0.77_0.88.png,43.116764068603516,0.997077465057373,17.65185546875,train_core,0,0.18055343627929688,0,43.116764068603516,55.138057708740234,43.40396499633789,120.0,0.009605842642486095,0.0012686887057498097,12.021293640136719,0.287200927734375,76.88323593139648,1.0767097473144531,2.2906455993652344,3.6746749877929688,5.268009185791016,1
299_0.79_0.75.png,37.93349838256836,0.9946898818016052,14.90245246887207,train_core,1,3.0983047485351562,0,37.93349838256836,58.51994323730469,37.971656799316406,120.0,0.01814628764986992,0.0009614370646886528,20.586444854736328,0.038158416748046875,82.06650161743164,1.1482353210449219,2.4693565368652344,4.023597717285156,5.908222198486328,1
2_0.59_1.95.png,29.214876174926758,0.9911289215087891,14.699127197265625,train_core,2,2.619304656982422,0,29.214876174926758,51.00663757324219,29.24371910095215,120.0,0.05162307247519493,0.002164251869544387,21.79176139831543,0.028842926025390625,90.78512382507324,1.1510467529296875,2.476472854614258,4.037782669067383,5.935201644897461,1
3000_0.89_1.57.png,38.860042572021484,0.9931620955467224,12.271564483642578,train_core,3,-0.109619140625,0,38.860042572021484,51.43555450439453,39.11353302001953,120.0,0.01591167040169239,0.0018388214521110058,12.575511932373047,0.2534904479980469,81.13995742797852,1.0861167907714844,2.3139877319335938,3.7196998596191406,5.348731994628906,1
300_0.72_1.88.png,33.685096740722656,0.9863228797912598,9.127814292907715,train_core,4,4.329017639160156,0,33.685096740722656,53.48529052734375,33.73097229003906,120.0,0.02957530878484249,0.0016183922998607159,19.800193786621094,0.04587554931640625,86.31490325927734,1.1459312438964844,2.4635238647460938,4.011985778808594,5.886192321777344,1
301_0.99_1.79.png,24.552553176879883,0.9823673963546753,9.471748352050781,train_core,0,3.85223388671875,0,24.552553176879883,49.912689208984375,24.565256118774414,120.0,0.0953494980931282,0.002293109195306897,25.360136032104492,0.01270294189453125,95.44744682312012,1.1559619903564453,2.488931655883789,4.06268310546875,5.982763290405273,1
302_0.67_0.9.png,32.61870574951172,0.9964985251426697,19.12206268310547,train_core,1,3.795745849609375,0,32.61870574951172,54.918243408203125,32.64439010620117,120.0,0.0383126474916935,0.001333370222710073,22.299537658691406,0.025684356689453125,87.38129425048828,1.152008056640625,2.4789085388183594,4.042640686035156,5.944465637207031,1
303_0.68_0.54.png,37.05027770996094,0.9984849691390991,22.31914710998535,train_core,2,4.231842041015625,0,37.05027770996094,57.11351776123047,37.093326568603516,120.0,0.023414814844727516,0.0010742199374362826,20.06324005126953,0.043048858642578125,82.94972229003906,1.1467437744140625,2.4655914306640625,4.016090393066406,5.89398193359375,1
305_0.65_1.24.png,38.88999557495117,0.9975118041038513,18.178600311279297,train_core,3,2.864704132080078,0,38.88999557495117,55.217098236083984,38.992645263671875,120.0,0.016390912234783173,0.001327242236584425,16.327102661132812,0.10264968872070312,81.11000442504883,1.1289558410644531,2.4207305908203125,3.927257537841797,5.727008819580078,1
306_0.96_1.61.png,34.96426010131836,0.9936729669570923,11.594242095947266,train_core,4,2.4064254760742188,0,34.96426010131836,52.39673614501953,35.04356002807617,120.0,0.024426398798823357,0.0018009670311585069,17.432476043701172,0.0792999267578125,85.03573989868164,1.1358909606933594,2.4381866455078125,3.9617156982421875,5.791412353515625,1
308_0.73_0.91.png,40.07057571411133,0.9980120658874512,18.77433967590332,train_core,0,2.865062713623047,0,40.07057571411133,56.48728942871094,40.17104721069336,120.0,0.01468895934522152,0.001143055153079331,16.41671371459961,0.10047149658203125,79.92942428588867,1.1295852661132812,2.4223251342773438,3.9303932189941406,5.732852935791016,1
309_0.52_0.96.png,37.500579833984375,0.9929878115653992,19.806310653686523,train_core,1,2.3086509704589844,0,37.500579833984375,55.340694427490234,37.572959899902344,120.0,0.02051125280559063,0.0012096966383978724,17.84011459350586,0.07238006591796875,82.49942016601562,1.1379928588867188,2.4434890747070312,3.972217559814453,5.811153411865234,1
30_0.69_1.52.png,32.81388854980469,0.9935870170593262,14.3220853805542,train_core,2,3.9750633239746094,0,32.81388854980469,54.389251708984375,32.84442901611328,120.0,0.03837721049785614,0.0015283775283023715,21.575363159179688,0.03054046630859375,87.18611145019531,1.1505317687988281,2.475177764892578,4.0352020263671875,5.9302978515625,1
310_0.68_0.53.png,42.69102478027344,0.9962477087974548,24.299718856811523,train_core,3,1.4100456237792969,0,42.69102478027344,58.33001708984375,42.81174087524414,120.0,0.011043055914342403,0.0008946158341132104,15.638992309570312,0.12071609497070312,77.30897521972656,1.1236343383789062,2.4073753356933594,3.9009857177734375,5.678226470947266,1
312_0.97_0.58.png,44.57159423828125,0.9955343008041382,21.208251953125,train_core,4,0.7598953247070312,0,44.57159423828125,57.11540222167969,44.821380615234375,120.0,0.00846207793802023,0.001050133490934968,12.543807983398438,0.249786376953125,75.42840576171875,1.0863418579101562,2.3144264221191406,3.7202377319335938,5.349025726318359,1
313_0.78_0.95.png,41.084293365478516,0.9984788298606873,16.93366050720215,train_core,0,0.7205123901367188,0,41.084293365478516,56.14908218383789,41.223121643066406,120.0,0.013313711620867252,0.0013095563044771552,15.064788818359375,0.13882827758789062,78.91570663452148,1.1184883117675781,2.394481658935547,3.8757095336914062,5.631553649902344,1
314_0.83_0.92.png,40.91010284423828,0.9984421133995056,16.537363052368164,train_core,1,0.7407875061035156,0,40.91010284423828,56.130714416503906,41.04343032836914,120.0,0.013459275476634502,0.0013177174841985106,15.220611572265625,0.13332748413085938,79.08989715576172,1.1199417114257812,2.3981246948242188,3.8828659057617188,5.644767761230469,1
315_0.68_0.58.png,40.58135223388672,0.9989534616470337,22.734586715698242,train_core,2,2.1988677978515625,0,40.58135223388672,57.69701385498047,40.66728591918945,120.0,0.015795202925801277,0.0010855436557903886,17.11566162109375,0.08593368530273438,79.41864776611328,1.1339874267578125,2.4334182739257812,3.952320098876953,5.773876190185547,1
316_0.94_1.76.png,38.261905670166016,0.9958963394165039,10.52695083618164,train_core,3,0.2974205017089844,0,38.261905670166016,52.273704528808594,38.43943786621094,120.0,0.01811978779733181,0.00203952775336802,14.011798858642578,0.17753219604492188,81.73809432983398,1.1073493957519531,2.3666419982910156,3.8213157653808594,5.531726837158203,1
318_0.57_0.87.png,34.74772644042969,0.9983384013175964,20.840585708618164,train_core,4,2.7827796936035156,0,34.74772644042969,56.535858154296875,34.77659606933594,120.0,0.025797905400395393,0.0011832861928269267,21.788131713867188,0.02886962890625,85.25227355957031,1.1510391235351562,2.4764556884765625,4.037742614746094,5.935127258300781,1
319_0.87_1.65.png,31.723255157470703,0.9958640933036804,15.554218292236328,train_core,0,2.9556312561035156,0,31.723255157470703,53.352378845214844,31.753206253051758,120.0,0.041729558259248734,0.0016988441348075867,21.62912368774414,0.029951095581054688,88.2767448425293,1.1507148742675781,2.4756240844726562,4.036090850830078,5.931980133056641,1
321_0.53_0.51.png,38.39067840576172,0.9984554052352905,22.321346282958984,train_core,1,2.70184326171875,0,38.39067840576172,58.89636993408203,38.42961883544922,120.0,0.021695200353860855,0.0007793642580509186,20.505691528320312,0.0389404296875,81.60932159423828,1.1480026245117188,2.468769073486328,4.022430419921875,5.9060211181640625,1
322_0.52_0.78.png,36.266998291015625,0.9978669881820679,18.70891761779785,train_core,2,2.4105377197265625,0,36.266998291015625,57.14516067504883,36.302757263183594,120.0,0.027796022593975067,0.0009448191267438233,20.878162384033203,0.03575897216796875,83.73300170898438,1.1489791870117188,2.4712295532226562,4.027336120605469,5.915332794189453,1
323_0.99_0.62.png,37.62467575073242,0.997496485710144,26.58031463623047,train_core,3,3.006011962890625,0,37.62467575073242,57.438804626464844,37.67034912109375,120.0,0.018482377752661705,0.0008874136838130653,19.814128875732422,0.045673370361328125,82.37532424926758,1.1459541320800781,2.463581085205078,4.0121002197265625,5.886409759521484,1
324_0.73_1.62.png,35.838775634765625,0.9957140684127808,20.227201461791992,train_core,4,2.568408966064453,0,35.838775634765625,53.85322189331055,35.908321380615234,120.0,0.02289927937090397,0.0013709740014746785,18.014446258544922,0.06954574584960938,84.16122436523438,1.1387863159179688,2.4455108642578125,3.97625732421875,5.818843841552734,1
32_0.73_1.01.png,36.053382873535156,0.9965411424636841,16.609577178955078,train_core,0,4.2392120361328125,0,36.053382873535156,56.15946960449219,36.09625244140625,120.0,0.027446985244750977,0.0012497742427513003,20.10608673095703,0.04286956787109375,83.94661712646484,1.1467971801757812,2.4657249450683594,4.016368865966797,5.894512176513672,1
333_0.84_1.98.png,31.62685203552246,0.9918440580368042,11.228900909423828,train_core,1,2.593870162963867,0,31.62685203552246,50.73166275024414,31.680553436279297,120.0,0.045608002692461014,0.001758649363182485,19.10481071472168,0.05370140075683594,88.37314796447754,1.1435298919677734,2.457460403442383,3.999929428100586,5.863367080688477,1
334_0.53_0.79.png,34.54267501831055,0.9950453639030457,19.933679580688477,train_core,2,2.9609031677246094,0,34.54267501831055,46.71249771118164,34.81467819213867,120.0,0.025732887908816338,0.001625174656510353,12.169822692871094,0.272003173828125,85.45732498168945,1.0798683166503906,2.2984046936035156,3.6894187927246094,5.293949127197266,1
336_0.8_0.74.png,40.60870361328125,0.9975384473800659,18.695144653320312,train_core,3,1.3128128051757812,0,40.60870361328125,54.220943450927734,40.80198669433594,120.0,0.011135207489132881,0.0011090778280049562,13.612239837646484,0.1932830810546875,79.39129638671875,1.1023483276367188,2.3541717529296875,3.7970733642578125,5.487560272216797,1
337_0.55_1.95.png,39.216224670410156,0.9942622184753418,11.194347381591797,train_core,4,1.5452728271484375,0,39.216224670410156,52.37413787841797,39.43635559082031,120.0,0.015441042371094227,0.0019615923520177603,13.157913208007812,0.22013092041015625,80.78377532958984,1.0955429077148438,2.3372650146484375,3.7643890380859375,5.428611755371094,1
338_0.62_1.32.png,39.600276947021484,0.9955538511276245,12.340892791748047,train_core,0,2.5080909729003906,0,39.600276947021484,54.67486572265625,39.74304962158203,120.0,0.015241027809679508,0.001510449219495058,15.074588775634766,0.14277267456054688,80.39972305297852,1.1186408996582031,2.3948631286621094,3.876445770263672,5.63287353515625,1
339_0.61_0.69.png,43.263912200927734,0.9974888563156128,16.681306838989258,train_core,1,1.3131294250488281,0,43.263912200927734,57.676307678222656,43.42841720581055,120.0,0.010438044555485249,0.001092025893740356,14.412395477294922,0.1645050048828125,76.73608779907227,1.1117973327636719,2.377758026123047,3.8430252075195312,5.571483612060547,1
33_0.9_0.83.png,33.64288330078125,0.9959024786949158,18.37745475769043,train_core,2,4.258991241455078,0,33.64288330078125,53.75594711303711,33.68540954589844,120.0,0.024003850296139717,0.0016954564489424229,20.11306381225586,0.0425262451171875,86.35711669921875,1.1469039916992188,2.4659881591796875,4.0168914794921875,5.895477294921875,1
341_0.51_1.8.png,32.54691696166992,0.9961252212524414,13.239274024963379,train_core,3,2.4469642639160156,0,32.54691696166992,52.00162887573242,32.59644317626953,120.0,0.03292113542556763,0.0018398333340883255,19.4547119140625,0.049526214599609375,87.45308303833008,1.1447944641113281,2.460643768310547,4.006263732910156,5.875339508056641,1
342_0.98_1.92.png,36.993412017822266,0.9927225112915039,8.592824935913086,train_core,4,1.4488143920898438,0,36.993412017822266,49.40956497192383,37.25249481201172,120.0,0.019494088366627693,0.00233899662271142,12.416152954101562,0.2590827941894531,83.00658798217773,1.0842704772949219,2.3092994689941406,3.7103614807128906,5.331317901611328,1
345_0.95_1.78.png,35.57904815673828,0.9941622018814087,9.32069206237793,train_core,0,2.7424049377441406,0,35.57904815673828,50.9736328125,35.70631790161133,120.0,0.024485090747475624,0.002136498223990202,15.394584655761719,0.12726974487304688,84.42095184326172,1.1216163635253906,2.4023170471191406,3.8910446166992188,5.6597900390625,1
347_0.52_0.87.png,37.894657135009766,0.9975194334983826,21.95936393737793,train_core,1,2.999011993408203,0,37.894657135009766,55.93080139160156,37.963462829589844,120.0,0.01933702826499939,0.0012038865825161338,18.036144256591797,0.06880569458007812,82.10534286499023,1.1389961242675781,2.446002960205078,3.9771957397460938,5.82049560546875,1
350_0.61_0.85.png,36.87922668457031,0.9969736337661743,18.288105010986328,train_core,2,3.249420166015625,0,36.87922668457031,55.12700653076172,36.944732666015625,120.0,0.023162787780165672,0.001420181361027062,18.247779846191406,0.0655059814453125,83.12077331542969,1.1399803161621094,2.4485015869140625,3.9821395874023438,5.829811096191406,1
353_0.64_1.57.png,39.16188430786133,0.9964603781700134,14.423026084899902,train_core,3,1.5260505676269531,0,39.16188430786133,53.039432525634766,39.348175048828125,120.0,0.01658807322382927,0.001793704112060368,13.877548217773438,0.18629074096679688,80.83811569213867,1.1056785583496094,2.3624725341796875,3.8132057189941406,5.516937255859375,1
354_0.87_0.68.png,37.73989486694336,0.9975795149803162,16.598838806152344,train_core,4,3.4673194885253906,0,37.73989486694336,56.64225769042969,37.79646301269531,120.0,0.016831833869218826,0.0012093292316421866,18.902362823486328,0.056568145751953125,82.26010513305664,1.1427459716796875,2.4554786682128906,3.995990753173828,5.855930328369141,1
356_0.65_0.6.png,38.159423828125,0.9978522062301636,21.15594482421875,train_core,0,4.316986083984375,0,38.159423828125,57.58238983154297,38.21026611328125,120.0,0.01815362647175789,0.001088897348381579,19.42296600341797,0.05084228515625,81.840576171875,1.1446723937988281,2.4603500366210938,4.005668640136719,5.874233245849609,1
358_0.51_1.67.png,38.47641372680664,0.9960641860961914,14.167692184448242,train_core,1,1.4535903930664062,0,38.47641372680664,50.671939849853516,38.751102447509766,120.0,0.017283836379647255,0.0022677567321807146,12.195526123046875,0.274688720703125,81.52358627319336,1.0801239013671875,2.299041748046875,3.6906967163085938,5.296306610107422,1
359_0.85_0.67.png,35.532230377197266,0.9973963499069214,20.765792846679688,train_core,2,3.7130661010742188,0,35.532230377197266,55.475738525390625,35.5771598815918,120.0,0.021010125055909157,0.0013483240036293864,19.94350814819336,0.04492950439453125,84.46776962280273,1.1463356018066406,2.464550018310547,4.014030456542969,5.890087127685547,1
35_0.97_0.83.png,31.744260787963867,0.9942185282707214,18.14637565612793,train_core,3,3.1207141876220703,0,31.744260787963867,51.8651123046875,31.786706924438477,120.0,0.029548849910497665,0.0020446849521249533,20.120851516723633,0.042446136474609375,88.25573921203613,1.1469287872314453,2.4660472869873047,4.017004013061523,5.89570426940918,1
360_0.91_1.7.png,30.15176010131836,0.9915531873703003,14.175691604614258,train_core,4,3.3149375915527344,0,30.15176010131836,50.31692123413086,30.194522857666016,120.0,0.038092274218797684,0.00226445565931499,20.1651611328125,0.04276275634765625,89.84823989868164,1.1470108032226562,2.466259002685547,4.017433166503906,5.896533966064453,1
361_0.83_0.87.png,39.644500732421875,0.9950916171073914,16.993558883666992,train_core,0,1.815460205078125,0,39.644500732421875,54.67353439331055,39.78404998779297,120.0,0.014043186791241169,0.0012823963770642877,15.029033660888672,0.13954925537109375,80.35549926757812,1.1182289123535156,2.3938255310058594,3.874401092529297,5.629058837890625,1
362_0.89_1.57.png,36.39712905883789,0.9850493669509888,12.373451232910156,train_core,1,2.2823219299316406,0,36.39712905883789,51.723175048828125,36.526771545410156,120.0,0.021261893212795258,0.0017949083121493459,15.326045989990234,0.12964248657226562,83.60287094116211,1.1209602355957031,2.4006614685058594,3.887798309326172,5.653797149658203,1
363_0.77_0.88.png,39.11604690551758,0.9950095415115356,17.487380981445312,train_core,2,2.2234649658203125,0,39.11604690551758,54.74216079711914,39.23781204223633,120.0,0.016489991918206215,0.0012662162771448493,15.626113891601562,0.12176513671875,80.88395309448242,1.1235542297363281,2.4071693420410156,3.9005813598632812,5.677455902099609,1
364_0.81_1.57.png,36.119590759277344,0.9869358539581299,13.019105911254883,train_core,3,2.534015655517578,0,36.119590759277344,51.87742614746094,36.237117767333984,120.0,0.023269379511475563,0.0017407984705641866,15.757835388183594,0.11752700805664062,83.88040924072266,1.1246261596679688,2.4098663330078125,3.905872344970703,5.687255859375,1
365_0.89_1.63.png,36.19178009033203,0.9946036338806152,12.373905181884766,train_core,4,2.3943824768066406,0,36.19178009033203,51.591026306152344,36.3194694519043,120.0,0.020403295755386353,0.00206646416336298,15.399246215820312,0.12768936157226562,83.80821990966797,1.1215629577636719,2.4021987915039062,3.8908424377441406,5.65948486328125,1
366_0.67_1.2.png,41.134315490722656,0.9981392621994019,17.468582153320312,train_core,0,1.7498588562011719,0,41.134315490722656,54.92933654785156,41.322410583496094,120.0,0.011108933947980404,0.0014595062239095569,13.795021057128906,0.1880950927734375,78.86568450927734,1.1046257019042969,2.3598556518554688,3.8081398010253906,5.507740020751953,1
367_0.56_0.63.png,45.941917419433594,0.9993802905082703,22.89097023010254,train_core,1,1.1038436889648438,0,45.941917419433594,57.89284133911133,46.231048583984375,120.0,0.006669930182397366,0.0010594528866931796,11.950923919677734,0.28913116455078125,74.0580825805664,1.0755081176757812,2.287677764892578,3.6689682006835938,5.257823944091797,1
370_0.53_0.88.png,41.81343460083008,0.9989473819732666,19.540292739868164,train_core,2,2.0235252380371094,0,41.81343460083008,56.57955551147461,41.960845947265625,120.0,0.013536559417843819,0.0011110483901575208,14.766120910644531,0.14741134643554688,78.18656539916992,1.1156997680664062,2.3874855041503906,3.8619918823242188,5.606208801269531,1
372_0.85_0.74.png,39.00490188598633,0.9986183643341064,16.453689575195312,train_core,3,1.9694938659667969,0,39.00490188598633,56.45196533203125,39.08381652832031,120.0,0.01749809831380844,0.0011183287715539336,17.447063446044922,0.07891464233398438,80.99509811401367,1.1359748840332031,2.4383926391601562,3.962127685546875,5.792179107666016,1
373_0.66_1.31.png,39.965309143066406,0.9984701871871948,16.159971237182617,train_core,4,1.9559440612792969,0,39.965309143066406,53.91162872314453,40.14677047729492,120.0,0.014629961922764778,0.001557153300382197,13.946319580078125,0.18146133422851562,80.0346908569336,1.1059799194335938,2.3632354736328125,3.814727783203125,5.519783020019531,1
374_0.93_1.43.png,38.09733581542969,0.9979714751243591,13.937671661376953,train_core,0,1.014862060546875,0,38.09733581542969,53.14506149291992,38.237464904785156,120.0,0.01630450412631035,0.0017105182632803917,15.047725677490234,0.14012908935546875,81.90266418457031,1.118011474609375,2.3932876586914062,3.873371124267578,5.627254486083984,1
375_0.89_0.71.png,42.445167541503906,0.9992499351501465,19.191091537475586,train_core,1,1.1896743774414062,0,42.445167541503906,56.606903076171875,42.617462158203125,120.0,0.010692613199353218,0.0012008830672129989,14.161735534667969,0.17229461669921875,77.5548324584961,1.1086006164550781,2.3697662353515625,3.8274192810058594,5.5429229736328125,1
376_0.72_1.61.png,37.637901306152344,0.9976940155029297,14.69508171081543,train_core,2,1.6340484619140625,0,37.637901306152344,52.51835632324219,37.7835807800293,120.0,0.018685229122638702,0.001794785144738853,14.880455017089844,0.14567947387695312,82.36209869384766,1.116455078125,2.389392852783203,3.8657569885253906,5.61322021484375,1
377_0.97_1.14.png,34.18470001220703,0.9943941831588745,15.86091136932373,train_core,3,2.4049758911132812,0,34.18470001220703,54.772830963134766,34.222877502441406,120.0,0.020464979112148285,0.0014381209621205926,20.588130950927734,0.038177490234375,85.81529998779297,1.1482353210449219,2.4693527221679688,4.023582458496094,5.908191680908203,1
378_0.69_1.33.png,34.54645538330078,0.9963287711143494,16.666622161865234,train_core,4,3.294525146484375,0,34.54645538330078,55.31480407714844,34.58305358886719,120.0,0.027860835194587708,0.0013646595180034637,20.768348693847656,0.03659820556640625,85.45354461669922,1.1487045288085938,2.4705467224121094,4.025966644287109,5.9127197265625,1
37_0.68_1.27.png,39.113765716552734,0.9974582195281982,19.544828414916992,train_core,0,1.1384429931640625,0,39.113765716552734,54.7293815612793,39.23466110229492,120.0,0.01743427664041519,0.001395929022692144,15.615615844726562,0.1208953857421875,80.88623428344727,1.1234931945800781,2.4070167541503906,3.9002723693847656,5.676887512207031,1
381_0.57_0.52.png,40.13105392456055,0.9992448687553406,25.767379760742188,train_core,1,2.2998580932617188,0,40.13105392456055,57.39344787597656,40.21342849731445,120.0,0.017523815855383873,0.00098344252910465,17.262393951416016,0.08237457275390625,79.86894607543945,1.1349334716796875,2.435771942138672,3.9569435119628906,5.782466888427734,1
382_0.85_0.82.png,41.53651809692383,0.9988102912902832,18.403156280517578,train_core,2,2.833240509033203,0,41.53651809692383,55.626441955566406,41.70929718017578,120.0,0.01099065225571394,0.0012399231782183051,14.089923858642578,0.17277908325195312,78.46348190307617,1.1082954406738281,2.3690032958984375,3.825908660888672,5.5400848388671875,1
383_0.87_0.78.png,41.94820785522461,0.9988813400268555,18.58437728881836,train_core,3,2.8687095642089844,0,41.94820785522461,56.0927734375,42.11878204345703,120.0,0.009847816079854965,0.0012072647223249078,14.14456558227539,0.17057418823242188,78.05179214477539,1.1089439392089844,2.37060546875,3.8290367126464844,5.545799255371094,1
384_0.87_0.82.png,41.347206115722656,0.9987726211547852,18.22161865234375,train_core,4,3.026073455810547,0,41.347206115722656,55.69189453125,41.509952545166016,120.0,0.01048209611326456,0.0012433348456397653,14.344688415527344,0.16274642944335938,78.65279388427734,1.1112213134765625,2.376300811767578,3.840137481689453,5.56610107421875,1
386_0.91_1.27.png,36.45061111450195,0.9965828657150269,11.853290557861328,train_core,0,3.115741729736328,0,36.45061111450195,53.112770080566406,36.548248291015625,120.0,0.02505146525800228,0.0018146854126825929,16.662158966064453,0.09763717651367188,83.54938888549805,1.1312446594238281,2.426483154296875,3.9385986328125,5.748157501220703,1
387_0.94_1.5.png,35.1014404296875,0.9950591921806335,10.67041301727295,train_core,1,3.4452476501464844,0,35.1014404296875,51.995540618896484,35.193416595458984,120.0,0.02951144240796566,0.0020546671003103256,16.894100189208984,0.09197616577148438,84.8985595703125,1.1327247619628906,2.4302024841308594,3.945941925048828,5.761878967285156,1
388_0.82_1.27.png,37.8806037902832,0.9972079992294312,12.505851745605469,train_core,2,3.1214981079101562,0,37.8806037902832,53.442596435546875,38.00627899169922,120.0,0.020877711474895477,0.0017368607223033905,15.561992645263672,0.12567520141601562,82.1193962097168,1.1230354309082031,2.4058761596679688,3.898029327392578,5.672718048095703,1
390_0.53_0.96.png,39.24211502075195,0.9981793165206909,20.69439697265625,train_core,3,3.3414230346679688,0,39.24211502075195,55.682044982910156,39.342254638671875,120.0,0.015597205609083176,0.001261623459868133,16.439929962158203,0.10013961791992188,80.75788497924805,1.1297569274902344,2.4227561950683594,3.9312477111816406,5.734439849853516,1
391_0.7_1.28.png,34.59793472290039,0.9959680438041687,16.916000366210938,train_core,4,3.768177032470703,0,34.59793472290039,53.76402282714844,34.6510009765625,120.0,0.028763948008418083,0.0015326733700931072,19.166088104248047,0.053066253662109375,85.40206527709961,1.1437530517578125,2.4580307006835938,4.001056671142578,5.865505218505859,1
392_0.54_0.67.png,41.11046600341797,0.9987248182296753,23.156736373901367,train_core,0,3.1343231201171875,0,41.11046600341797,56.925567626953125,41.226200103759766,120.0,0.013314273208379745,0.001099659944884479,15.815101623535156,0.11573410034179688,78.88953399658203,1.1251296997070312,2.4111175537109375,3.9083328247070312,5.691825866699219,1
393_0.58_1.77.png,38.47653579711914,0.9971420168876648,15.073286056518555,train_core,1,1.8688850402832031,0,38.47653579711914,52.880226135253906,38.63701248168945,120.0,0.017485307529568672,0.001719765947200358,14.403690338134766,0.1604766845703125,81.52346420288086,1.1118736267089844,2.3779335021972656,3.8433265686035156,5.5719451904296875,1
394_0.77_1.13.png,40.75177764892578,0.9982377886772156,15.591987609863281,train_core,2,1.3274040222167969,0,40.75177764892578,55.38650131225586,40.90379333496094,120.0,0.013694413006305695,0.001321204355917871,14.634723663330078,0.15201568603515625,79.24822235107422,1.1143417358398438,2.384113311767578,3.8553924560546875,5.594085693359375,1
395_0.5_1.02.png,39.768768310546875,0.9986714124679565,18.503889083862305,train_core,3,1.9431991577148438,0,39.768768310546875,55.490474700927734,39.886661529541016,120.0,0.01608024351298809,0.0012709494912996888,15.72170639038086,0.11789321899414062,80.23123168945312,1.1243743896484375,2.40924072265625,3.9046478271484375,5.6849822998046875,1
396_0.62_1.94.png,38.41696548461914,0.996648907661438,14.131413459777832,train_core,4,1.6259880065917969,0,38.41696548461914,52.39537811279297,38.59429168701172,120.0,0.017810482531785965,0.0018328339792788029,13.978412628173828,0.17732620239257812,81.58303451538086,1.1069679260253906,2.3656883239746094,3.8194580078125,5.528308868408203,1
397_0.92_1.2.png,32.7485237121582,0.9936751127243042,14.856613159179688,train_core,0,3.167083740234375,0,32.7485237121582,52.27590560913086,32.797325134277344,120.0,0.031062860041856766,0.001787243876606226,19.527381896972656,0.048801422119140625,87.2514762878418,1.1450157165527344,2.4612159729003906,4.007396697998047,5.8775177001953125,1
399_0.91_1.91.png,29.452003479003906,0.988300085067749,12.540475845336914,train_core,1,3.8307876586914062,0,29.452003479003906,49.46233367919922,29.49568748474121,120.0,0.04779903590679169,0.0024407280143350363,20.010330200195312,0.04368400573730469,90.5479965209961,1.1465797424316406,2.465167999267578,4.0152587890625,5.892414093017578,1
39_0.85_1.11.png,34.05183410644531,0.9965569376945496,16.02348518371582,train_core,2,2.4452362060546875,0,34.05183410644531,54.562774658203125,34.09062957763672,120.0,0.03363940492272377,0.0013855509459972382,20.510940551757812,0.03879547119140625,85.94816589355469,1.1480331420898438,2.4688453674316406,4.022571563720703,5.9062652587890625,1
402_0.54_1.36.png,39.90055465698242,0.9980052709579468,19.099590301513672,train_core,3,1.7932624816894531,0,39.90055465698242,54.533077239990234,40.05693435668945,120.0,0.014836511574685574,0.0013972576707601547,14.632522583007812,0.15637969970703125,80.09944534301758,1.1143074035644531,2.3840103149414062,3.8551979064941406,5.593723297119141,1
403_0.77_1.7.png,32.28043746948242,0.9932976961135864,16.54951286315918,train_core,4,3.4500389099121094,0,32.28043746948242,53.278499603271484,32.31555938720703,120.0,0.028996769338846207,0.0016719124978408217,20.998062133789062,0.035121917724609375,87.71956253051758,1.1492843627929688,2.472003936767578,4.028865814208984,5.9182281494140625,1
404_0.82_1.92.png,32.500244140625,0.9926998019218445,14.042154312133789,train_core,0,3.6627731323242188,0,32.500244140625,52.04689407348633,32.549232482910156,120.0,0.02968447655439377,0.0019265400478616357,19.546649932861328,0.04898834228515625,87.499755859375,1.1450996398925781,2.4614219665527344,4.007793426513672,5.878246307373047,1
405_0.62_0.68.png,45.50104522705078,0.9993335008621216,17.6143798828125,train_core,1,1.1583099365234375,0,45.50104522705078,55.8515625,45.927398681640625,120.0,0.007857411168515682,0.0013421517796814442,10.350517272949219,0.42635345458984375,74.49895477294922,1.0385360717773438,2.1969985961914062,3.4969635009765625,4.957061767578125,1
407_0.59_0.69.png,44.974830627441406,0.9993294477462769,17.92945671081543,train_core,2,1.1128959655761719,0,44.974830627441406,55.77784729003906,45.35759353637695,120.0,0.008457619696855545,0.0013497817562893033,10.803016662597656,0.3827629089355469,75.0251693725586,1.0503768920898438,2.2259140014648438,3.551441192626953,5.051342010498047,1
408_0.9_0.87.png,42.57398986816406,0.9985146522521973,12.75602912902832,train_core,3,0.4351615905761719,0,42.57398986816406,53.48575973510742,42.94460678100586,120.0,0.010513407178223133,0.0016783508472144604,10.91176986694336,0.3706169128417969,77.42601013183594,1.0530776977539062,2.2324981689453125,3.563892364501953,5.072975158691406,1
409_0.87_1.96.png,28.507253646850586,0.991182267665863,11.371109008789062,train_core,4,3.963785171508789,0,28.507253646850586,51.63372039794922,28.52845001220703,120.0,0.0502762645483017,0.0021468086633831263,23.126466751098633,0.021196365356445312,91.49274635314941,1.153371810913086,2.482362747192383,4.049543380737305,5.957632064819336,1
40_0.65_1.78.png,38.21460723876953,0.9956307411193848,18.016620635986328,train_core,0,1.4937858581542969,0,38.21460723876953,52.547386169433594,38.37784194946289,120.0,0.01800752803683281,0.0017411325825378299,14.332778930664062,0.16323471069335938,81.78539276123047,1.1110763549804688,2.3759307861328125,3.8394203186035156,5.5648040771484375,1
410_0.96_1.32.png,28.414276123046875,0.992774248123169,14.1605224609375,train_core,1,4.259696960449219,0,28.414276123046875,54.16274642944336,28.425853729248047,120.0,0.051693789660930634,0.0016426880611106753,25.748470306396484,0.011577606201171875,91.58572387695312,1.156301498413086,2.4897918701171875,4.064403533935547,5.986057281494141,1
411_0.78_1.03.png,32.028255462646484,0.9965000152587891,20.549617767333984,train_core,2,4.278289794921875,0,32.028255462646484,55.851951599121094,32.046302795410156,120.0,0.03547900542616844,0.0013236301019787788,23.82369613647461,0.018047332763671875,87.97174453735352,1.1543312072753906,2.4847946166992188,4.054401397705078,5.966915130615234,1
412_0.53_1.77.png,29.39266014099121,0.9935281276702881,19.777801513671875,train_core,3,2.997224807739258,0,29.39266014099121,50.88848876953125,29.42365837097168,120.0,0.05569327995181084,0.0020212666131556034,21.49582862854004,0.03099822998046875,90.60733985900879,1.1504287719726562,2.474903106689453,4.034650802612305,5.929239273071289,1
415_0.69_1.6.png,32.071537017822266,0.9945382475852966,16.87666130065918,train_core,4,3.784160614013672,0,32.071537017822266,52.66062927246094,32.10962677001953,120.0,0.036973126232624054,0.001647203229367733,20.589092254638672,0.038089752197265625,87.92846298217773,1.1482505798339844,2.469379425048828,4.023643493652344,5.908302307128906,1
418_0.66_0.66.png,40.12248611450195,0.9976358413696289,21.437637329101562,train_core,0,5.09857177734375,0,40.12248611450195,56.713905334472656,40.22041702270508,120.0,0.013522151857614517,0.0011764863738790154,16.591419219970703,0.097930908203125,79.87751388549805,1.1306114196777344,2.4249000549316406,3.935504913330078,5.742450714111328,1
41_0.52_1.57.png,31.8081111907959,0.9915196299552917,16.73200225830078,train_core,1,3.5738964080810547,0,31.8081111907959,47.498172760009766,31.927928924560547,120.0,0.04072503000497818,0.0029452380258589983,15.690061569213867,0.11981773376464844,88.1918888092041,1.1240482330322266,2.408414840698242,3.903024673461914,5.68199348449707,1
420_0.54_1.64.png,39.8745231628418,0.9955160021781921,16.875638961791992,train_core,2,1.3056297302246094,0,39.8745231628418,51.28533172607422,40.20490646362305,120.0,0.01490367017686367,0.00201596156693995,11.410808563232422,0.33038330078125,80.1254768371582,1.0641136169433594,2.259593963623047,3.6153297424316406,5.163028717041016,1
421_0.56_1.28.png,39.28881072998047,0.9970691204071045,17.401058197021484,train_core,3,1.5911026000976562,0,39.28881072998047,55.2396240234375,39.40058135986328,120.0,0.015891987830400467,0.0012615981977432966,15.950813293457031,0.1117706298828125,80.71118927001953,1.1261978149414062,2.413799285888672,3.9136085510253906,5.7016143798828125,1
423_0.92_0.7.png,37.24910354614258,0.9970508813858032,17.75940704345703,train_core,4,2.476665496826172,0,37.24910354614258,56.814598083496094,37.29737091064453,120.0,0.01134517602622509,0.0011182561283931136,19.565494537353516,0.048267364501953125,82.75089645385742,1.1451683044433594,2.461597442626953,4.008159637451172,5.878932952880859,1
424_0.63_1.0.png,41.23183822631836,0.9978753328323364,18.795202255249023,train_core,0,1.3084831237792969,0,41.23183822631836,56.50230407714844,41.36284255981445,120.0,0.010754156857728958,0.001148914685472846,15.270465850830078,0.13100433349609375,78.76816177368164,1.120513916015625,2.399547576904297,3.8856163024902344,5.649761199951172,1
425_0.89_1.0.png,35.86543655395508,0.9923591613769531,14.251214027404785,train_core,1,3.0376548767089844,0,35.86543655395508,54.34217834472656,35.92765426635742,120.0,0.02537159062922001,0.0014554379740729928,18.476741790771484,0.06221771240234375,84.13456344604492,1.1409988403320312,2.4510650634765625,3.9872360229492188,5.839405059814453,1
426_0.75_1.86.png,32.975669860839844,0.9849721789360046,10.561498641967773,train_core,2,3.181427001953125,0,32.975669860839844,51.191650390625,33.04290008544922,120.0,0.03708561137318611,0.002006648574024439,18.215980529785156,0.067230224609375,87.02433013916016,1.1398391723632812,2.448131561279297,3.9814186096191406,5.828437805175781,1
428_0.98_0.92.png,35.039649963378906,0.9914153814315796,14.11729621887207,train_core,3,3.1680221557617188,0,35.039649963378906,54.427528381347656,35.090171813964844,120.0,0.028041809797286987,0.001457987236790359,19.38787841796875,0.0505218505859375,84.9603500366211,1.1445541381835938,2.460052490234375,4.0050811767578125,5.873115539550781,1
42_0.82_1.79.png,27.438796997070312,0.9838870763778687,11.390295028686523,train_core,4,3.979450225830078,0,27.438796997070312,49.4365234375,27.466556549072266,120.0,0.04765867069363594,0.0027082001324743032,21.997726440429688,0.027759552001953125,92.56120300292969,1.1514205932617188,2.477415084838867,4.039669036865234,5.938816070556641,1
430_0.75_1.46.png,34.305084228515625,0.9961452484130859,20.478519439697266,train_core,0,3.028076171875,0,34.305084228515625,51.537254333496094,34.38803482055664,120.0,0.03116012178361416,0.001823086873628199,17.23217010498047,0.08295059204101562,85.69491577148438,1.1347618103027344,2.4353408813476562,3.956085205078125,5.780860900878906,1
432_0.93_0.96.png,34.73361587524414,0.9971930384635925,18.322071075439453,train_core,1,2.9914093017578125,0,34.73361587524414,53.44527816772461,34.79246139526367,120.0,0.029405614361166954,0.001495917676948011,18.71166229248047,0.05884552001953125,85.26638412475586,1.1419868469238281,2.4535560607910156,3.992176055908203,5.848720550537109,1
433_0.62_1.02.png,34.127906799316406,0.9964579343795776,22.944744110107422,train_core,2,3.7426071166992188,0,34.127906799316406,55.83415222167969,34.15732955932617,120.0,0.030663948506116867,0.0010331803932785988,21.70624542236328,0.029422760009765625,85.8720932006836,1.1508750915527344,2.4760284423828125,4.036899566650391,5.933513641357422,1
434_0.76_1.58.png,32.97620391845703,0.9951791167259216,14.292612075805664,train_core,3,3.1711082458496094,0,32.97620391845703,54.24375915527344,33.00877380371094,120.0,0.0350605808198452,0.0014161797007545829,21.267555236816406,0.03256988525390625,87.02379608154297,1.1499214172363281,2.473621368408203,4.0320892333984375,5.924365997314453,1
436_0.62_1.79.png,34.19047546386719,0.9949488639831543,15.566638946533203,train_core,4,3.402843475341797,0,34.19047546386719,53.80792999267578,34.2381706237793,120.0,0.02903011627495289,0.0014357995241880417,19.617454528808594,0.047695159912109375,85.80952453613281,1.1453399658203125,2.4620399475097656,4.009033203125,5.880592346191406,1
437_0.87_0.76.png,36.75975036621094,0.9946300983428955,12.768616676330566,train_core,0,3.7097015380859375,0,36.75975036621094,55.10480880737305,36.82402801513672,120.0,0.02228359319269657,0.0014333594590425491,18.34505844116211,0.06427764892578125,83.24024963378906,1.1403961181640625,2.449554443359375,3.984233856201172,5.833751678466797,1
438_0.58_0.61.png,41.56185531616211,0.9979228973388672,17.855239868164062,train_core,1,2.51702880859375,0,41.56185531616211,57.372894287109375,41.6800651550293,120.0,0.012017386965453625,0.0011427970603108406,15.811038970947266,0.1182098388671875,78.43814468383789,1.1250267028808594,2.4108657836914062,3.9078521728515625,5.690952301025391,1
439_0.95_1.86.png,27.21807289123535,0.9732487201690674,6.83483362197876,train_core,2,3.734457015991211,0,27.21807289123535,49.0577392578125,27.246816635131836,120.0,0.06326916068792343,0.0027288254350423813,21.83966636657715,0.028743743896484375,92.78192710876465,1.1511287689208984,2.476682662963867,4.038204193115234,5.936014175415039,1
443_0.57_0.87.png,38.47794723510742,0.9983700513839722,16.311443328857422,train_core,3,2.160594940185547,0,38.47794723510742,55.550514221191406,38.564056396484375,120.0,0.016005314886569977,0.0012889208737760782,17.072566986083984,0.08610916137695312,81.52205276489258,1.1338272094726562,2.432994842529297,3.9514503479003906,5.772182464599609,1
444_0.78_0.52.png,39.77419662475586,0.9987677931785583,18.68110466003418,train_core,4,2.440837860107422,0,39.77419662475586,57.7999153137207,39.843177795410156,120.0,0.013488616794347763,0.0010699225822463632,18.025718688964844,0.06898117065429688,80.22580337524414,1.1389427185058594,2.4458770751953125,3.9769439697265625,5.820018768310547,1
445_0.81_1.45.png,33.81793212890625,0.996957004070282,13.51050853729248,train_core,0,4.338050842285156,0,33.81793212890625,53.77878189086914,33.862098693847656,120.0,0.032603610306978226,0.0016363185131922364,19.96084976196289,0.04416656494140625,86.18206787109375,1.1464347839355469,2.4648056030273438,4.0145416259765625,5.891033172607422,1
447_0.67_1.02.png,40.51587677001953,0.9987277388572693,17.714269638061523,train_core,1,3.4816665649414062,0,40.51587677001953,55.64628219604492,40.651851654052734,120.0,0.015648508444428444,0.0013275285018607974,15.13040542602539,0.13597488403320312,79.48412322998047,1.1192131042480469,2.3962860107421875,3.8792266845703125,5.637969970703125,1
448_0.97_1.07.png,35.23967361450195,0.9979188442230225,13.121698379516602,train_core,2,3.766040802001953,0,35.23967361450195,55.18879318237305,35.283905029296875,120.0,0.02438279241323471,0.0014028087025508285,19.949119567871094,0.044231414794921875,84.76032638549805,1.1464118957519531,2.464733123779297,4.014381408691406,5.8907318115234375,1
449_0.79_1.15.png,44.020057678222656,0.9984428882598877,14.670008659362793,train_core,3,0.646392822265625,0,44.020057678222656,54.319183349609375,44.44761276245117,120.0,0.00896373949944973,0.0016236304072663188,10.299125671386719,0.4275550842285156,75.97994232177734,1.0373497009277344,2.1940841674804688,3.491455078125,4.947509765625,1
44_0.62_1.76.png,29.993946075439453,0.9888408184051514,15.285163879394531,train_core,4,3.572906494140625,0,29.993946075439453,49.95872497558594,30.038795471191406,120.0,0.038189053535461426,0.0025789288338273764,19.964778900146484,0.044849395751953125,90.00605392456055,1.1463909149169922,2.4646949768066406,4.014324188232422,5.890636444091797,1
450_0.79_1.75.png,40.75023651123047,0.997132420539856,12.318376541137695,train_core,0,1.5875778198242188,0,40.75023651123047,51.5117301940918,41.1332893371582,120.0,0.01368169579654932,0.00220611528493464,10.761493682861328,0.3830528259277344,79.24976348876953,1.0496063232421875,2.2240028381347656,3.5477867126464844,5.044891357421875,1
451_0.68_1.78.png,42.33784484863281,0.9974567294120789,13.795915603637695,train_core,1,1.1923675537109375,0,42.33784484863281,51.72692108154297,42.87091827392578,120.0,0.010838065296411514,0.002149854088202119,9.389076232910156,0.5330734252929688,77.66215515136719,1.0092658996582031,2.1259841918945312,3.3644561767578125,4.7312164306640625,1
452_0.51_0.55.png,47.397239685058594,0.9993957877159119,21.9619083404541,train_core,2,0.1623687744140625,0,47.397239685058594,57.354644775390625,47.86248779296875,120.0,0.006392923649400473,0.0011400874936953187,9.957405090332031,0.46524810791015625,72.6027603149414,1.0274467468261719,2.1699867248535156,3.4462966918945312,4.8700408935546875,1
454_0.63_0.9.png,36.59418487548828,0.9978191256523132,24.74506187438965,train_core,3,4.331993103027344,0,36.59418487548828,54.74366760253906,36.661617279052734,120.0,0.01627998799085617,0.0014146602479740977,18.14948272705078,0.06743240356445312,83.40581512451172,1.1394996643066406,2.4472999572753906,3.979766845703125,5.825340270996094,1
455_0.55_1.99.png,34.47966003417969,0.9914699792861938,16.051481246948242,train_core,4,3.0950393676757812,0,34.47966003417969,47.70594024658203,34.69252014160156,120.0,0.02442464791238308,0.002728366060182452,13.226280212402344,0.212860107421875,85.52033996582031,1.0969886779785156,2.340831756591797,3.7712135314941406,5.440723419189453,1
456_0.84_1.7.png,29.297733306884766,0.9913411140441895,11.145347595214844,train_core,0,4.206451416015625,0,29.297733306884766,49.6107063293457,29.33860969543457,120.0,0.03634626418352127,0.002518779831007123,20.312973022460938,0.04087638854980469,90.70226669311523,1.1474418640136719,2.4673500061035156,4.019611358642578,5.900669097900391,1
457_0.66_0.95.png,39.329498291015625,0.9984933733940125,21.449310302734375,train_core,1,2.7713088989257812,0,39.329498291015625,54.849517822265625,39.4532356262207,120.0,0.013007784262299538,0.001427031704224646,15.52001953125,0.12373733520507812,80.67050170898438,1.1226959228515625,2.4050254821777344,3.8963623046875,5.6696319580078125,1
458_0.92_1.89.png,32.75969696044922,0.9931644201278687,11.071563720703125,train_core,2,3.2641372680664062,0,32.75969696044922,50.16170120239258,32.8394775390625,120.0,0.0280233733355999,0.0024352839682251215,17.40200424194336,0.07978057861328125,87.24030303955078,1.1357192993164062,2.437755584716797,3.96087646484375,5.7898406982421875,1
459_0.9_0.51.png,38.815635681152344,0.9986714124679565,22.407304763793945,train_core,3,2.7984619140625,0,38.815635681152344,56.73280715942383,38.88663101196289,120.0,0.015161678194999695,0.0011887375731021166,17.917171478271484,0.07099533081054688,81.18436431884766,1.1384086608886719,2.4445419311523438,3.9742965698242188,5.8150482177734375,1
45_0.57_1.81.png,39.219688415527344,0.9967376589775085,11.646678924560547,train_core,4,2.513652801513672,0,39.219688415527344,51.974449157714844,39.46745300292969,120.0,0.015670660883188248,0.0018250279827043414,12.7547607421875,0.24776458740234375,80.78031158447266,1.0890884399414062,2.3212966918945312,3.733654022216797,5.3735198974609375,1
460_0.74_1.47.png,35.12884521484375,0.9963285326957703,16.950637817382812,train_core,0,3.2485389709472656,0,35.12884521484375,52.149208068847656,35.216026306152344,120.0,0.0201253779232502,0.0018871779320761561,17.020362854003906,0.08718109130859375,84.87115478515625,1.1335182189941406,2.4322052001953125,3.94989013671875,5.769256591796875,1
461_0.69_1.94.png,30.45404052734375,0.9935888051986694,15.878220558166504,train_core,1,3.9122962951660156,0,30.45404052734375,52.03087615966797,30.484729766845703,120.0,0.05210405960679054,0.001948683406226337,21.57683563232422,0.030689239501953125,89.54595947265625,1.1505355834960938,2.4751815795898438,4.035213470458984,5.930324554443359,1
462_0.65_1.65.png,33.21693420410156,0.9958798885345459,17.7775936126709,train_core,2,4.441032409667969,0,33.21693420410156,53.44526290893555,33.258880615234375,120.0,0.038532331585884094,0.0016955434111878276,20.228328704833984,0.0419464111328125,86.78306579589844,1.1471595764160156,2.466625213623047,4.018169403076172,5.8979339599609375,1
463_0.57_0.69.png,38.744834899902344,0.9986655116081238,23.940654754638672,train_core,3,4.3412628173828125,0,38.744834899902344,57.09178924560547,38.80955505371094,120.0,0.02119249477982521,0.0011231499956920743,18.346954345703125,0.06472015380859375,81.25516510009766,1.1403617858886719,2.449462890625,3.9840621948242188,5.8334503173828125,1
464_0.71_1.41.png,33.8275146484375,0.9967188835144043,18.18773651123047,train_core,4,3.8016586303710938,0,33.8275146484375,54.20408248901367,33.868011474609375,120.0,0.035843029618263245,0.0015621819766238332,20.376567840576172,0.040496826171875,86.1724853515625,1.1475791931152344,2.4677047729492188,4.020313262939453,5.902008056640625,1
465_0.97_1.62.png,28.835561752319336,0.9942344427108765,11.134883880615234,train_core,0,4.242986679077148,0,28.835561752319336,51.27197265625,28.860416412353516,120.0,0.056347474455833435,0.0021477791015058756,22.436410903930664,0.024854660034179688,91.16443824768066,1.1522579193115234,2.4795398712158203,4.043909072875977,5.946882247924805,1
466_0.7_1.58.png,34.34798812866211,0.9975894689559937,13.420544624328613,train_core,1,3.7180328369140625,0,34.34798812866211,51.907562255859375,34.42488098144531,120.0,0.03346967324614525,0.001928514800965786,17.559574127197266,0.07689285278320312,85.65201187133789,1.1365814208984375,2.4399261474609375,3.965160369873047,5.797870635986328,1
469_0.67_1.87.png,34.85887145996094,0.9963600039482117,14.14518928527832,train_core,2,3.6481399536132812,0,34.85887145996094,51.812713623046875,34.94767761230469,120.0,0.01989726349711418,0.002097153337672353,16.953842163085938,0.08880615234375,85.14112854003906,1.1330947875976562,2.43115234375,3.9478111267089844,5.765384674072266,1
46_0.63_1.99.png,39.39561462402344,0.9957650899887085,10.228538513183594,train_core,3,1.790924072265625,0,39.39561462402344,51.19313049316406,39.702880859375,120.0,0.01514656376093626,0.0020275062415748835,11.797515869140625,0.3072662353515625,80.60438537597656,1.0718154907226562,2.278614044189453,3.6517562866210938,5.2276611328125,1
470_0.8_0.94.png,35.53391647338867,0.9979457855224609,18.496368408203125,train_core,4,3.353900909423828,0,35.53391647338867,55.35179138183594,35.579586029052734,120.0,0.02138673886656761,0.001400377950631082,19.817874908447266,0.0456695556640625,84.46608352661133,1.1459922790527344,2.4636802673339844,4.012294769287109,5.886772155761719,1
471_0.9_1.29.png,34.00339889526367,0.996536374092102,13.205602645874023,train_core,0,3.5879898071289062,0,34.00339889526367,53.0738525390625,34.05759048461914,120.0,0.022436682134866714,0.00179250945802778,19.070453643798828,0.05419158935546875,85.99660110473633,1.1433944702148438,2.457111358642578,3.9992332458496094,5.862056732177734,1
472_0.68_1.63.png,35.4733772277832,0.9971115589141846,15.296305656433105,train_core,1,3.7677345275878906,0,35.4733772277832,52.908111572265625,35.55278778076172,120.0,0.019290169700980186,0.0018636435270309448,17.434734344482422,0.07941055297851562,84.5266227722168,1.1358985900878906,2.4381980895996094,3.9617385864257812,5.791465759277344,1
475_0.64_1.59.png,32.55540466308594,0.9935010671615601,13.590445518493652,train_core,2,2.9940719604492188,0,32.55540466308594,52.146331787109375,32.60338592529297,120.0,0.03578801453113556,0.001735219149850309,19.590927124023438,0.04798126220703125,87.44459533691406,1.1452560424804688,2.4618148803710938,4.008586883544922,5.8797454833984375,1
477_0.53_0.7.png,43.91809844970703,0.9986369013786316,19.95449447631836,train_core,3,2.1821670532226562,0,43.91809844970703,57.136444091796875,44.13032531738281,120.0,0.008775568567216396,0.0010673505021259189,13.218345642089844,0.21222686767578125,76.08190155029297,1.0969390869140625,2.3406982421875,3.7709388732910156,5.4402008056640625,1
478_0.53_0.59.png,43.70950698852539,0.9987275004386902,21.25069808959961,train_core,4,2.4795684814453125,0,43.70950698852539,57.43898391723633,43.89772415161133,120.0,0.008860573172569275,0.0010115148033946753,13.729476928710938,0.1882171630859375,76.29049301147461,1.1038742065429688,2.3579635620117188,3.8044357299804688,5.500946044921875,1
479_0.58_1.54.png,36.91192626953125,0.9955090880393982,13.458600044250488,train_core,0,3.0763473510742188,0,36.91192626953125,54.26608657836914,36.99257278442383,120.0,0.022154351696372032,0.0015092286048457026,17.35416030883789,0.08064651489257812,83.08807373046875,1.1354522705078125,2.437091827392578,3.9595565795898438,5.787357330322266,1
47_0.86_1.82.png,37.05634307861328,0.9936100840568542,9.067742347717285,train_core,1,2.1055374145507812,0,37.05634307861328,50.92344665527344,37.24138641357422,120.0,0.02010887861251831,0.0021645596716552973,13.867103576660156,0.1850433349609375,82.94365692138672,1.1049003601074219,2.3605690002441406,3.809612274169922,5.510650634765625,1
480_0.96_1.82.png,33.276268005371094,0.9908312559127808,8.889330863952637,train_core,2,2.9895782470703125,0,33.276268005371094,51.87825012207031,33.33665466308594,120.0,0.02496904693543911,0.0019195995992049575,18.60198211669922,0.06038665771484375,86.7237319946289,1.1415214538574219,2.452381134033203,3.9898452758789062,5.844322204589844,1
482_0.6_1.17.png,39.43805694580078,0.9983105063438416,19.003929138183594,train_core,3,1.3366851806640625,0,39.43805694580078,55.73841094970703,39.54111099243164,120.0,0.018081841990351677,0.0013218637323006988,16.30035400390625,0.10305404663085938,80.56194305419922,1.1287765502929688,2.4202919006347656,3.9263916015625,5.725399017333984,1
483_0.88_1.16.png,38.25090026855469,0.9983106851577759,16.8172550201416,train_core,4,1.8089485168457031,0,38.25090026855469,55.74786376953125,38.32893753051758,120.0,0.01851453073322773,0.0013641784898936749,17.496963500976562,0.07803726196289062,81.74909973144531,1.1362419128417969,2.4390716552734375,3.963470458984375,5.794704437255859,1
485_0.61_0.65.png,37.04636001586914,0.998143196105957,24.631458282470703,train_core,0,4.790306091308594,0,37.04636001586914,57.87242126464844,37.08246994018555,120.0,0.023962218314409256,0.0009854387026280165,20.826061248779297,0.03610992431640625,82.95363998413086,1.1488609313964844,2.4709320068359375,4.026744842529297,5.914188385009766,1
486_0.63_1.41.png,32.68612289428711,0.9958714246749878,15.789719581604004,train_core,1,3.869232177734375,0,32.68612289428711,54.65926742553711,32.713897705078125,120.0,0.039648283272981644,0.001444399356842041,21.97314453125,0.027774810791015625,87.31387710571289,1.1514091491699219,2.4773826599121094,4.039600372314453,5.938663482666016,1
487_0.51_1.74.png,32.141605377197266,0.9949139356613159,15.689068794250488,train_core,2,3.587635040283203,0,32.141605377197266,53.367881774902344,32.17463684082031,120.0,0.041016239672899246,0.0016133644385263324,21.226276397705078,0.033031463623046875,87.85839462280273,1.1498260498046875,2.4733810424804688,4.0316162109375,5.923458099365234,1
488_0.53_1.25.png,32.539268493652344,0.9963414669036865,18.702190399169922,train_core,3,4.233306884765625,0,32.539268493652344,55.0428352355957,32.563846588134766,120.0,0.04207597300410271,0.001323449076153338,22.50356674194336,0.024578094482421875,87.46073150634766,1.152374267578125,2.479839324951172,4.044498443603516,5.948001861572266,1
489_0.98_1.77.png,32.37255096435547,0.986731767654419,10.052145004272461,train_core,4,4.801918029785156,0,32.37255096435547,52.24851608276367,32.41747283935547,120.0,0.04053298383951187,0.001863067620433867,19.875965118408203,0.044921875,87.62744903564453,1.14617919921875,2.4641571044921875,4.013236999511719,5.8885650634765625,1
48_0.99_1.45.png,36.99755096435547,0.9936816096305847,9.749544143676758,train_core,0,1.926849365234375,0,36.99755096435547,51.56892776489258,37.154022216796875,120.0,0.01817227713763714,0.0019804760813713074,14.57137680053711,0.15647125244140625,83.00244903564453,1.1133003234863281,2.3815231323242188,3.850421905517578,5.585155487060547,1
495_0.89_1.26.png,33.176151275634766,0.9900087118148804,12.620855331420898,train_core,1,3.303325653076172,0,33.176151275634766,55.998878479003906,33.19888687133789,120.0,0.031691696494817734,0.001191736664623022,22.82272720336914,0.022735595703125,86.82384872436523,1.1529045104980469,2.4811744689941406,4.047168731689453,5.953102111816406,1
496_0.74_0.69.png,40.26665115356445,0.9978868365287781,19.40902328491211,train_core,2,3.5066261291503906,0,40.26665115356445,58.96533966064453,40.32566833496094,120.0,0.014650695957243443,0.000832460995297879,18.698688507080078,0.059017181396484375,79.73334884643555,1.1419296264648438,2.4534225463867188,3.9919052124023438,5.848224639892578,1
498_0.79_0.89.png,40.752647399902344,0.9986246824264526,18.26848602294922,train_core,3,2.6078338623046875,0,40.752647399902344,56.355140686035156,40.875640869140625,120.0,0.0143392663449049,0.0011909271124750376,15.602493286132812,0.12299346923828125,79.24735260009766,1.1233978271484375,2.4067649841308594,3.8997802734375,5.675971984863281,1
499_0.82_1.71.png,33.838050842285156,0.9948047399520874,13.166502952575684,train_core,4,3.8274879455566406,0,33.838050842285156,52.263160705566406,33.90201950073242,120.0,0.03290923684835434,0.0018398808315396309,18.42510986328125,0.06396865844726562,86.16194915771484,1.1407737731933594,2.4504928588867188,3.9860916137695312,5.837249755859375,1
49_0.58_1.42.png,37.444061279296875,0.9970129728317261,15.18246841430664,train_core,0,1.457427978515625,0,37.444061279296875,54.03589630126953,37.540462493896484,120.0,0.01656259596347809,0.001610895269550383,16.591835021972656,0.09640121459960938,82.55593872070312,1.13079833984375,2.425365447998047,3.936382293701172,5.744026184082031,1
4_0.84_1.98.png,30.5319766998291,0.9895817637443542,12.725586891174316,train_core,1,3.203187942504883,0,30.5319766998291,50.344215393066406,30.57756233215332,120.0,0.04813238978385925,0.002356395125389099,19.812238693237305,0.04558563232421875,89.4680233001709,1.1459770202636719,2.463644027709961,4.012228012084961,5.886640548706055,1
502_0.56_1.0.png,37.712310791015625,0.9952313899993896,13.592146873474121,train_core,2,1.8798255920410156,0,37.712310791015625,54.78750228881836,37.79861068725586,120.0,0.020716749131679535,0.0013650864129886031,17.075191497802734,0.08629989624023438,82.28768920898438,1.1338348388671875,2.4330062866210938,3.9514694213867188,5.772224426269531,1
503_0.53_1.35.png,35.075592041015625,0.9923328161239624,11.475048065185547,train_core,3,2.2178268432617188,0,35.075592041015625,52.918819427490234,35.14790344238281,120.0,0.02843460813164711,0.0016293860971927643,17.84322738647461,0.0723114013671875,84.92440795898438,1.1380386352539062,2.4435882568359375,3.9724082946777344,5.811496734619141,1
504_0.77_1.55.png,34.15997314453125,0.9896669387817383,9.245338439941406,train_core,4,2.8344993591308594,0,34.15997314453125,52.06351852416992,34.23102569580078,120.0,0.03198476508259773,0.0018890294013544917,17.903545379638672,0.07105255126953125,85.84002685546875,1.1383323669433594,2.4443397521972656,3.9739036560058594,5.814304351806641,1
505_0.55_0.89.png,35.98216247558594,0.997551679611206,21.29140853881836,train_core,0,2.7413330078125,0,35.98216247558594,55.80299377441406,36.02781677246094,120.0,0.025276819244027138,0.0012700704392045736,19.820831298828125,0.045654296875,84.01783752441406,1.1459770202636719,2.4636459350585938,4.012233734130859,5.8866729736328125,1
506_0.58_1.19.png,34.886329650878906,0.9969968199729919,19.088741302490234,train_core,1,3.231708526611328,0,34.886329650878906,54.88960647583008,34.930118560791016,120.0,0.028712192550301552,0.0014231618260964751,20.003276824951172,0.043788909912109375,85.1136703491211,1.1465530395507812,2.4651031494140625,4.015129089355469,5.892154693603516,1
507_0.74_1.31.png,37.69121551513672,0.9969617128372192,17.408937454223633,train_core,2,2.0611419677734375,0,37.69121551513672,54.95448303222656,37.77368927001953,120.0,0.021282121539115906,0.0014420491643249989,17.263267517089844,0.0824737548828125,82.30878448486328,1.1349220275878906,2.435741424560547,3.9568939208984375,5.782390594482422,1
508_0.87_0.92.png,41.73938751220703,0.998055636882782,18.966197967529297,train_core,3,1.6901588439941406,0,41.73938751220703,55.602325439453125,41.92176055908203,120.0,0.01268206350505352,0.0013057434698566794,13.862937927246094,0.182373046875,78.26061248779297,1.1055335998535156,2.362102508544922,3.8124847412109375,5.515602111816406,1
509_0.63_1.2.png,40.70013427734375,0.9979466795921326,16.054136276245117,train_core,4,2.0056304931640625,0,40.70013427734375,55.307403564453125,40.854942321777344,120.0,0.013221757486462593,0.0014338231412693858,14.607269287109375,0.15480804443359375,79.29986572265625,1.113861083984375,2.3829002380371094,3.8530540466308594,5.589874267578125,1
50_0.82_1.93.png,32.35988998413086,0.9912847876548767,9.669622421264648,train_core,0,2.6800003051757812,0,32.35988998413086,51.14467239379883,32.41801834106445,120.0,0.02951667085289955,0.002153122564777732,18.78478240966797,0.05812835693359375,87.64011001586914,1.1422882080078125,2.4543190002441406,3.9936866760253906,5.851570129394531,1
511_0.74_0.58.png,45.214630126953125,0.9987435340881348,20.48448944091797,train_core,1,0.9410133361816406,0,45.214630126953125,58.09770584106445,45.44823455810547,120.0,0.008011681027710438,0.0010797003051266074,12.883075714111328,0.23360443115234375,74.78536987304688,1.0917472839355469,2.32781982421875,3.7460594177246094,5.3954010009765625,1
512_0.71_0.63.png,45.283424377441406,0.9987488985061646,20.18399429321289,train_core,2,0.2809944152832031,0,45.283424377441406,57.944644927978516,45.52842712402344,120.0,0.007896242663264275,0.0010941133368760347,12.66122055053711,0.24500274658203125,74.7165756225586,1.0881576538085938,2.3189468383789062,3.7289695739746094,5.3647308349609375,1
513_0.64_0.75.png,38.5930290222168,0.9981368780136108,22.551671981811523,train_core,3,2.0051612854003906,0,38.5930290222168,57.08983612060547,38.65485382080078,120.0,0.017649980261921883,0.0010241115232929587,18.496807098388672,0.061824798583984375,81.4069709777832,1.141082763671875,2.451282501220703,3.9876670837402344,5.8402252197265625,1
515_0.65_1.88.png,37.07136154174805,0.9959117770195007,17.4635009765625,train_core,4,2.1684913635253906,0,37.07136154174805,53.257938385009766,37.17714309692383,120.0,0.021902885288000107,0.0015281218802556396,16.18657684326172,0.10578155517578125,82.92863845825195,1.1279640197753906,2.418243408203125,3.9223594665527344,5.717887878417969,1
517_0.95_1.51.png,30.160686492919922,0.9875354766845703,10.406717300415039,train_core,0,4.466697692871094,0,30.160686492919922,51.49082565307617,30.192975997924805,120.0,0.04500279203057289,0.00211522844620049,21.33013916015625,0.03228950500488281,89.83931350708008,1.1500167846679688,2.4738616943359375,4.032585144042969,5.925315856933594,1
519_0.6_1.02.png,38.653053283691406,0.9954941272735596,17.92491912841797,train_core,1,2.8252410888671875,0,38.653053283691406,54.62606430053711,38.7651252746582,120.0,0.018303686752915382,0.001525079715065658,15.973011016845703,0.11207199096679688,81.3469467163086,1.1262474060058594,2.4139366149902344,3.9138870239257812,5.702167510986328,1
51_0.68_1.74.png,34.36553192138672,0.9943572282791138,12.6177978515625,train_core,2,1.5639801025390625,0,34.36553192138672,52.33788299560547,34.43547058105469,120.0,0.0220218263566494,0.0019178070360794663,17.97235107421875,0.06993865966796875,85.63446807861328,1.1386871337890625,2.4452247619628906,3.975658416748047,5.817607879638672,1
520_0.79_0.94.png,35.3043212890625,0.9957581758499146,15.239398956298828,train_core,3,3.927013397216797,0,35.3043212890625,55.07553482055664,35.35059356689453,120.0,0.02524043619632721,0.0014577613910660148,19.77121353149414,0.04627227783203125,84.6956787109375,1.1458053588867188,2.463214874267578,4.011375427246094,5.8850555419921875,1
522_0.87_1.68.png,31.898773193359375,0.9936916828155518,12.25493335723877,train_core,4,3.2569503784179688,0,31.898773193359375,51.956478118896484,31.942092895507812,120.0,0.03905997797846794,0.001977556385099888,20.05770492553711,0.0433197021484375,88.10122680664062,1.1467361450195312,2.4655685424804688,4.01605224609375,5.893894195556641,1
524_0.95_0.72.png,36.99898147583008,0.997819185256958,17.155086517333984,train_core,0,2.471454620361328,0,36.99898147583008,55.900062561035156,37.055450439453125,120.0,0.021525127813220024,0.0012812229106202722,18.901081085205078,0.056468963623046875,83.00101852416992,1.1427497863769531,2.4554824829101562,3.9960060119628906,5.85595703125,1
525_0.65_1.46.png,37.63946533203125,0.9977502822875977,15.870285987854004,train_core,1,2.607593536376953,0,37.63946533203125,53.31869125366211,37.75853729248047,120.0,0.022106649354100227,0.001603463664650917,15.67922592163086,0.11907196044921875,82.36053466796875,1.1240310668945312,2.408374786376953,3.902935028076172,5.6818084716796875,1
526_0.85_0.81.png,37.379920959472656,0.998257040977478,18.838712692260742,train_core,2,2.6195716857910156,0,37.379920959472656,55.0789680480957,37.45433044433594,120.0,0.02349347621202469,0.001291152904741466,17.699047088623047,0.07440948486328125,82.62007904052734,1.1373214721679688,2.4417762756347656,3.9688186645507812,5.804744720458984,1
527_0.83_1.89.png,34.488853454589844,0.9952864646911621,13.313087463378906,train_core,3,3.1650047302246094,0,34.488853454589844,51.58750534057617,34.574398040771484,120.0,0.030849862843751907,0.001921186107210815,17.098651885986328,0.08554458618164062,85.51114654541016,1.1339836120605469,2.4333839416503906,3.9522247314453125,5.7736358642578125,1
528_0.63_0.99.png,38.30184555053711,0.9985435009002686,18.105403900146484,train_core,4,2.3435325622558594,0,38.30184555053711,54.81271743774414,38.399925231933594,120.0,0.020072421059012413,0.0013582532992586493,16.51087188720703,0.09807968139648438,81.69815444946289,1.1302528381347656,2.423992156982422,3.9336814880371094,5.738983154296875,1
529_0.86_1.04.png,36.10756301879883,0.9967384338378906,15.974348068237305,train_core,0,3.006519317626953,0,36.10756301879883,54.07173538208008,36.177528381347656,120.0,0.026645848527550697,0.0014873446198180318,17.96417236328125,0.06996536254882812,83.89243698120117,1.1386489868164062,2.4451332092285156,3.9754638671875,5.817234039306641,1
52_0.54_1.25.png,39.68882369995117,0.9979140758514404,16.43075942993164,train_core,1,1.0627403259277344,0,39.68882369995117,54.83165740966797,39.823936462402344,120.0,0.013915368355810642,0.001484139240346849,15.142833709716797,0.13511276245117188,80.31117630004883,1.1193428039550781,2.396625518798828,3.8798828125,5.639171600341797,1
531_0.55_1.19.png,37.82239532470703,0.9973494410514832,17.58418846130371,train_core,2,2.4297218322753906,0,37.82239532470703,54.497127532958984,37.916805267333984,120.0,0.02185726724565029,0.0014398861676454544,16.674732208251953,0.09440994262695312,82.17760467529297,1.1313400268554688,2.426738739013672,3.939098358154297,5.74908447265625,1
532_0.9_0.52.png,38.88934326171875,0.9982976913452148,20.721891403198242,train_core,3,3.663837432861328,0,38.88934326171875,56.01101303100586,38.97442626953125,120.0,0.019361915066838264,0.0011907387524843216,17.12166976928711,0.0850830078125,81.11065673828125,1.1341171264648438,2.433727264404297,3.9529037475585938,5.774906158447266,1
534_0.97_1.03.png,39.04938888549805,0.9980980753898621,14.245935440063477,train_core,4,2.613780975341797,0,39.04938888549805,55.1032600402832,39.158599853515625,120.0,0.015241194516420364,0.00140429160092026,16.053871154785156,0.10921096801757812,80.95061111450195,1.1269798278808594,2.4157638549804688,3.9174766540527344,5.70880126953125,1
535_0.78_1.25.png,37.75717544555664,0.9981634616851807,15.939401626586914,train_core,0,3.0931777954101562,0,37.75717544555664,54.76499557495117,37.84462356567383,120.0,0.01969013921916485,0.001444948953576386,17.00782012939453,0.0874481201171875,82.24282455444336,1.1334381103515625,2.4320106506347656,3.9495010375976562,5.768535614013672,1
536_0.73_1.23.png,38.15681838989258,0.9983169436454773,16.801170349121094,train_core,1,2.94036865234375,0,38.15681838989258,55.00959777832031,38.24745559692383,120.0,0.01867803931236267,0.001408734475262463,16.852779388427734,0.09063720703125,81.84318161010742,1.1324806213378906,2.429595947265625,3.944744110107422,5.759647369384766,1
537_0.67_1.66.png,33.005672454833984,0.976087749004364,11.51161003112793,train_core,2,4.350276947021484,0,33.005672454833984,54.20417404174805,33.040836334228516,120.0,0.032940708100795746,0.0016110684955492616,21.198501586914062,0.03516387939453125,86.99432754516602,1.1492462158203125,2.4719314575195312,4.028770446777344,5.9181976318359375,1
538_0.92_1.61.png,31.41931915283203,0.9360576868057251,9.073724746704102,train_core,3,3.6743392944335938,0,31.41931915283203,53.08686065673828,31.45158576965332,120.0,0.03842573240399361,0.001824175356887281,21.66754150390625,0.03226661682128906,88.58068084716797,1.1500701904296875,2.4739952087402344,4.032859802246094,5.925895690917969,1
539_0.68_1.03.png,33.87580108642578,0.9896522760391235,14.663601875305176,train_core,4,3.4782485961914062,0,33.87580108642578,56.547027587890625,33.90062713623047,120.0,0.030396610498428345,0.0012311284663155675,22.671226501464844,0.0248260498046875,86.12419891357422,1.1524314880371094,2.4799842834472656,4.044837951660156,5.9487457275390625,1
53_0.65_1.38.png,36.74089813232422,0.9969578981399536,14.68100357055664,train_core,0,2.509571075439453,0,36.74089813232422,56.37896728515625,36.78837203979492,120.0,0.02449939027428627,0.0012303570983931422,19.63806915283203,0.047473907470703125,83.25910186767578,1.145416259765625,2.4622154235839844,4.009380340576172,5.881248474121094,1
540_0.92_1.97.png,29.60179328918457,0.8967679738998413,7.9944000244140625,train_core,1,4.081518173217773,0,29.60179328918457,51.667877197265625,29.6314697265625,120.0,0.048446204513311386,0.0021379159297794104,22.066083908081055,0.029676437377929688,90.39820671081543,1.1508159637451172,2.475893020629883,4.03663444519043,5.933069229125977,1
541_0.62_1.42.png,35.90079879760742,0.9966089129447937,14.775222778320312,train_core,2,3.071239471435547,0,35.90079879760742,52.28521728515625,36.00431442260742,120.0,0.026216689497232437,0.0019459091126918793,16.384418487548828,0.103515625,84.09920120239258,1.12933349609375,2.4216842651367188,3.92913818359375,5.7305145263671875,1
542_0.55_1.46.png,35.591651916503906,0.9966446757316589,15.71265983581543,train_core,3,3.129718780517578,0,35.591651916503906,52.162811279296875,35.69070816040039,120.0,0.02655387856066227,0.0019426048966124654,16.57115936279297,0.09905624389648438,84.4083480834961,1.130615234375,2.4249000549316406,3.9354782104492188,5.742332458496094,1
543_0.51_0.66.png,41.29991149902344,0.9988093376159668,23.933122634887695,train_core,4,2.551971435546875,0,41.29991149902344,56.16709899902344,41.44815444946289,120.0,0.014418077655136585,0.0012920136796310544,14.8671875,0.14824295043945312,78.70008850097656,1.1166419982910156,2.3898468017578125,3.8666152954101562,5.614738464355469,1
544_0.73_1.09.png,38.068668365478516,0.9974448084831238,15.26718521118164,train_core,0,2.1101112365722656,0,38.068668365478516,53.75309753417969,38.189998626708984,120.0,0.020212704315781593,0.001697520143352449,15.684429168701172,0.12133026123046875,81.93133163452148,1.1240310668945312,2.408374786376953,3.9029388427734375,5.68182373046875,1
545_0.7_0.92.png,37.690948486328125,0.9979822635650635,22.157615661621094,train_core,1,2.92877197265625,0,37.690948486328125,55.05113220214844,37.77248764038086,120.0,0.019726993516087532,0.0013372879475355148,17.360183715820312,0.08153915405273438,82.30905151367188,1.1353111267089844,2.4367332458496094,3.9588661193847656,5.7861480712890625,1
546_0.73_0.63.png,40.121795654296875,0.9988031387329102,25.104755401611328,train_core,2,3.5683937072753906,0,40.121795654296875,56.30739212036133,40.228797912597656,120.0,0.015373446978628635,0.0011572045041248202,16.185596466064453,0.10700225830078125,79.87820434570312,1.1277275085449219,2.4176673889160156,3.9212722778320312,5.715980529785156,1
547_0.79_1.67.png,33.81792449951172,0.9939820170402527,17.80733871459961,train_core,3,3.0408401489257812,0,33.81792449951172,51.713829040527344,33.88959503173828,120.0,0.028028247877955437,0.0019223106792196631,17.895904541015625,0.0716705322265625,86.18207550048828,1.1382064819335938,2.4440231323242188,3.9732818603515625,5.81317138671875,1
548_0.9_0.76.png,36.84098815917969,0.9975356459617615,22.30655288696289,train_core,4,3.379596710205078,0,36.84098815917969,54.737037658691406,36.912750244140625,120.0,0.02027377299964428,0.0013077856274321675,17.89604949951172,0.0717620849609375,83.15901184082031,1.1381759643554688,2.443950653076172,3.9731483459472656,5.8129425048828125,1
549_0.75_0.59.png,41.156192779541016,0.9990911483764648,23.325002670288086,train_core,0,2.875751495361328,0,41.156192779541016,56.94707489013672,41.27264404296875,120.0,0.013183294795453548,0.0011177626438438892,15.790882110595703,0.11645126342773438,78.84380722045898,1.1249198913574219,2.4106063842773438,3.907329559326172,5.689968109130859,1
550_0.89_1.85.png,31.292198181152344,0.9942945241928101,13.910472869873047,train_core,1,2.83447265625,0,31.292198181152344,50.993324279785156,31.339092254638672,120.0,0.03757607191801071,0.002152505097910762,19.701126098632812,0.046894073486328125,88.70780181884766,1.1456108093261719,2.4627151489257812,4.010379791259766,5.883152008056641,1
551_0.75_1.66.png,34.8988037109375,0.9962713718414307,16.763322830200195,train_core,2,2.8233566284179688,0,34.8988037109375,51.791282653808594,34.989768981933594,120.0,0.027200134471058846,0.001961764646694064,16.892478942871094,0.09096527099609375,85.1011962890625,1.1327247619628906,2.4302139282226562,3.9459571838378906,5.761909484863281,1
552_0.77_0.73.png,39.57444381713867,0.9989060163497925,21.616817474365234,train_core,3,2.787006378173828,0,39.57444381713867,56.19835662841797,39.67039489746094,120.0,0.015672413632273674,0.001214642426930368,16.623912811279297,0.09595108032226562,80.42555618286133,1.1310005187988281,2.4258689880371094,3.9373855590820312,5.7458953857421875,1
553_0.57_1.35.png,39.65652084350586,0.9985878467559814,18.151996612548828,train_core,4,2.3807601928710938,0,39.65652084350586,53.61040496826172,39.838043212890625,120.0,0.01616612821817398,0.001681363326497376,13.95388412475586,0.18152236938476562,80.34347915649414,1.1064224243164062,2.3643455505371094,3.816875457763672,5.523708343505859,1
554_0.79_1.51.png,34.52308654785156,0.9967517256736755,13.878847122192383,train_core,0,3.3990821838378906,0,34.52308654785156,52.231441497802734,34.598575592041016,120.0,0.02644817717373371,0.0019006868824362755,17.708354949951172,0.07548904418945312,85.47691345214844,1.1372909545898438,2.4417152404785156,3.968719482421875,5.804599761962891,1
555_0.6_1.31.png,38.557254791259766,0.9984747767448425,17.901193618774414,train_core,1,2.567882537841797,0,38.557254791259766,53.59469985961914,38.69841766357422,120.0,0.01881934516131878,0.0016637900844216347,15.037445068359375,0.14116287231445312,81.44274520874023,1.1182212829589844,2.393810272216797,3.8743896484375,5.6291046142578125,1
557_0.89_1.35.png,38.17084884643555,0.9978244304656982,10.887042045593262,train_core,2,1.7550010681152344,0,38.17084884643555,51.800514221191406,38.36408615112305,120.0,0.018669195473194122,0.0020088767632842064,13.62966537475586,0.1932373046875,81.82915115356445,1.1023674011230469,2.3542098999023438,3.7971458435058594,5.487697601318359,1
558_0.54_1.34.png,39.60227584838867,0.998326301574707,15.258622169494629,train_core,3,0.9141578674316406,0,39.60227584838867,52.01103591918945,39.86017608642578,120.0,0.014784840866923332,0.0018952774116769433,12.408760070800781,0.2579002380371094,80.39772415161133,1.0838737487792969,2.3083152770996094,3.70849609375,5.328052520751953,1
559_0.81_1.51.png,38.328155517578125,0.9978391528129578,11.037894248962402,train_core,4,2.2593650817871094,0,38.328155517578125,51.5059700012207,38.542686462402344,120.0,0.016179831698536873,0.002057948848232627,13.177814483642578,0.21453094482421875,81.67184448242188,1.09625244140625,2.339019775390625,3.7677154541015625,5.434417724609375,1
560_0.75_1.98.png,36.136741638183594,0.9968973398208618,10.164457321166992,train_core,0,2.638336181640625,0,36.136741638183594,49.97105026245117,36.32139587402344,120.0,0.02192537859082222,0.0024655640590935946,13.834308624267578,0.18465423583984375,83.8632583618164,1.1050796508789062,2.3609657287597656,3.8102798461914062,5.511592864990234,1
561_0.77_0.8.png,40.3852653503418,0.995268702507019,16.941560745239258,train_core,1,2.048797607421875,0,40.3852653503418,56.31630325317383,40.4991340637207,120.0,0.011764438822865486,0.001120761502534151,15.931037902832031,0.11386871337890625,79.6147346496582,1.1258125305175781,2.4128456115722656,3.9117393493652344,5.698200225830078,1
563_0.58_1.44.png,38.14945602416992,0.9909650087356567,14.119909286499023,train_core,2,2.2864646911621094,0,38.14945602416992,54.213619232177734,38.2603759765625,120.0,0.018714336678385735,0.0014424677938222885,16.064163208007812,0.11091995239257812,81.85054397583008,1.1266860961914062,2.4150390625,3.9160804748535156,5.706310272216797,1
564_0.52_1.02.png,39.73302459716797,0.9951207637786865,16.993295669555664,train_core,3,2.807659149169922,0,39.73302459716797,55.240501403808594,39.85924530029297,120.0,0.015554913319647312,0.001235508476383984,15.507476806640625,0.126220703125,80.26697540283203,1.1222152709960938,2.4038314819335938,3.894062042236328,5.665489196777344,1
568_0.84_1.2.png,33.56084442138672,0.9950426816940308,18.4130916595459,train_core,4,3.531890869140625,0,33.56084442138672,55.11503219604492,33.5913200378418,120.0,0.022567614912986755,0.001262259902432561,21.554187774658203,0.030475616455078125,86.43915557861328,1.1505508422851562,2.4752197265625,4.035285949707031,5.930446624755859,1
569_0.9_0.92.png,39.20965576171875,0.9971587657928467,17.067398071289062,train_core,0,3.1590614318847656,0,39.20965576171875,57.575416564941406,39.27377700805664,120.0,0.01485816203057766,0.0010657159145921469,18.365760803222656,0.06412124633789062,80.79034423828125,1.1404571533203125,2.4496994018554688,3.9845199584960938,5.834308624267578,1
571_0.74_0.89.png,40.063621520996094,0.9977884292602539,18.462900161743164,train_core,1,2.8769760131835938,0,40.063621520996094,58.489585876464844,40.127010345458984,120.0,0.01490906160324812,0.0009758214000612497,18.42596435546875,0.06338882446289062,79.9363784790039,1.1406745910644531,2.4502487182617188,3.9856224060058594,5.836376190185547,1
572_0.78_1.08.png,38.465576171875,0.996795654296875,16.719900131225586,train_core,2,3.165699005126953,0,38.465576171875,57.47787094116211,38.52096939086914,120.0,0.01726718433201313,0.0010873150313273072,19.01229476928711,0.055393218994140625,81.534423828125,1.1430892944335938,2.456340789794922,3.997711181640625,5.859199523925781,1
574_0.65_1.38.png,32.60657501220703,0.9974355697631836,14.775518417358398,train_core,3,2.5688095092773438,0,32.60657501220703,51.6636962890625,32.6608772277832,120.0,0.03752865269780159,0.0019972710870206356,19.05712127685547,0.054302215576171875,87.39342498779297,1.1433486938476562,2.4570083618164062,3.9990234375,5.861656188964844,1
575_0.71_1.7.png,33.82194137573242,0.9968053102493286,12.683358192443848,train_core,4,3.36944580078125,0,33.82194137573242,50.93330001831055,33.907249450683594,120.0,0.03262113779783249,0.002199191367253661,17.111358642578125,0.08530807495117188,86.17805862426758,1.1340599060058594,2.433574676513672,3.952594757080078,5.774326324462891,1
576_0.84_1.69.png,35.84866714477539,0.9965569376945496,11.801691055297852,train_core,0,2.639678955078125,0,35.84866714477539,51.1368522644043,35.97917938232422,120.0,0.022997373715043068,0.0022177963983267546,15.288185119628906,0.13051223754882812,84.15133285522461,1.1206703186035156,2.3999366760253906,3.886383056640625,5.651176452636719,1
578_0.73_1.04.png,40.45655822753906,0.9956640601158142,12.692142486572266,train_core,1,2.0066986083984375,0,40.45655822753906,55.50050735473633,40.595584869384766,120.0,0.014818591065704823,0.0014008093858137727,15.043949127197266,0.13902664184570312,79.54344177246094,1.1183090209960938,2.39404296875,3.874847412109375,5.629936218261719,1
579_0.69_1.44.png,38.051429748535156,0.993964672088623,10.609397888183594,train_core,2,1.8390083312988281,0,38.051429748535156,53.60469436645508,38.174903869628906,120.0,0.019817570224404335,0.0016930317506194115,15.553264617919922,0.12347412109375,81.94857025146484,1.1228866577148438,2.4055099487304688,3.8973236083984375,5.671440124511719,1
57_0.61_1.69.png,36.324344635009766,0.996327817440033,14.622343063354492,train_core,3,2.4124107360839844,0,36.324344635009766,47.091007232666016,36.705101013183594,120.0,0.022886112332344055,0.002860303968191147,10.76666259765625,0.3807563781738281,83.67565536499023,1.0497627258300781,2.224384307861328,3.5485076904296875,5.046115875244141,1
580_0.67_1.03.png,40.24999237060547,0.9958395957946777,13.192056655883789,train_core,4,2.0477294921875,0,40.24999237060547,55.78822326660156,40.37378692626953,120.0,0.015681110322475433,0.0013562898384407163,15.538230895996094,0.1237945556640625,79.75000762939453,1.1227493286132812,2.4051475524902344,3.8966140747070312,5.670135498046875,1
581_0.54_1.36.png,31.83142852783203,0.9823686480522156,11.883238792419434,train_core,0,3.5897445678710938,0,31.83142852783203,53.837162017822266,31.85906982421875,120.0,0.04193556308746338,0.0014498652890324593,22.005733489990234,0.02764129638671875,88.16857147216797,1.1514167785644531,2.477405548095703,4.039646148681641,5.938751220703125,1
582_0.98_0.77.png,36.262664794921875,0.9901925921440125,13.970510482788086,train_core,1,3.7675247192382812,0,36.262664794921875,56.35215759277344,36.305442810058594,120.0,0.023368533700704575,0.0011821340303868055,20.089492797851562,0.04277801513671875,83.73733520507812,1.1468315124511719,2.4657936096191406,4.016498565673828,5.894744873046875,1
584_0.79_1.9.png,30.141752243041992,0.9739058017730713,8.750526428222656,train_core,2,3.5149364471435547,0,30.141752243041992,52.381038665771484,30.16777229309082,120.0,0.05222337320446968,0.0018375213257968426,22.239286422729492,0.026020050048828125,89.85824775695801,1.1519031524658203,2.478639602661133,4.042108535766602,5.943449020385742,1
587_0.8_0.51.png,39.46058654785156,0.9974743723869324,23.949214935302734,train_core,3,3.8598785400390625,0,39.46058654785156,57.408103942871094,39.53082275390625,120.0,0.014996101148426533,0.0010216356022283435,17.94751739501953,0.0702362060546875,80.53941345214844,1.1385650634765625,2.4449310302734375,3.9750595092773438,5.816471099853516,1
589_0.91_1.61.png,28.81778907775879,0.9900258779525757,14.157094955444336,train_core,4,3.349325180053711,0,28.81778907775879,53.95431137084961,28.831119537353516,120.0,0.03892732039093971,0.0013978248462080956,25.13652229309082,0.013330459594726562,91.18221092224121,1.1557674407958984,2.4884376525878906,4.061689376831055,5.980855941772461,1
58_0.53_0.53.png,40.94138717651367,0.9992172122001648,24.197437286376953,train_core,0,2.581165313720703,0,40.94138717651367,54.26703643798828,41.14873504638672,120.0,0.014253530651330948,0.0014089196920394897,13.32564926147461,0.20734786987304688,79.05861282348633,1.0984268188476562,2.3444252014160156,3.7781753540039062,5.45330810546875,1
590_0.65_0.94.png,32.96533966064453,0.9950275421142578,26.736562728881836,train_core,1,3.8966445922851562,0,32.96533966064453,54.97196578979492,32.99278259277344,120.0,0.024963583797216415,0.0009612536523491144,22.00662612915039,0.02744293212890625,87.03466033935547,1.1514701843261719,2.4775428771972656,4.039924621582031,5.9392852783203125,1
592_0.61_0.98.png,34.01816940307617,0.9958034753799438,27.295141220092773,train_core,2,3.709209442138672,0,34.01816940307617,55.342491149902344,34.05030059814453,120.0,0.024815771728754044,0.0009272237657569349,21.324321746826172,0.032131195068359375,85.98183059692383,1.1500511169433594,2.4739456176757812,4.032741546630859,5.92559814453125,1
593_0.64_0.82.png,42.254661560058594,0.998810887336731,20.235408782958984,train_core,3,2.1034774780273438,0,42.254661560058594,57.9903450012207,42.37455749511719,120.0,0.011550559662282467,0.0010056396713480353,15.73568344116211,0.11989593505859375,77.7453384399414,1.1241531372070312,2.4086761474609375,3.9035415649414062,5.682945251464844,1
594_0.81_0.51.png,40.733489990234375,0.9988676905632019,22.86964225769043,train_core,4,2.7126541137695312,0,40.733489990234375,58.74324035644531,40.80320739746094,120.0,0.01574263907968998,0.0009135061409324408,18.009750366210938,0.0697174072265625,79.26651000976562,1.1387214660644531,2.445331573486328,3.975860595703125,5.818000793457031,1
595_0.78_1.11.png,39.43046951293945,0.997795045375824,16.87720489501953,train_core,0,1.1981239318847656,0,39.43046951293945,56.72172927856445,39.51304626464844,120.0,0.01770096644759178,0.0011735338484868407,17.291259765625,0.08257675170898438,80.56953048706055,1.1349601745605469,2.4358367919921875,3.957080841064453,5.7827301025390625,1
596_0.55_0.89.png,39.15350341796875,0.9986100196838379,20.117033004760742,train_core,1,2.7459144592285156,0,39.15350341796875,57.76828384399414,39.21541213989258,120.0,0.01543454173952341,0.0010271475184708834,18.61478042602539,0.061908721923828125,80.84649658203125,1.1413002014160156,2.451831817626953,3.9887466430664062,5.8422698974609375,1
597_0.55_0.65.png,46.324928283691406,0.9994397163391113,23.793928146362305,train_core,2,1.1177291870117188,0,46.324928283691406,58.3240852355957,46.611331939697266,120.0,0.006580935791134834,0.0009969889651983976,11.999156951904297,0.2864036560058594,73.6750717163086,1.0765342712402344,2.2901840209960938,3.6737060546875,5.266105651855469,1
598_0.8_1.09.png,33.18650436401367,0.9969344139099121,16.233657836914062,train_core,3,3.7127532958984375,0,33.18650436401367,55.597412109375,33.2117805480957,120.0,0.023907067254185677,0.0013451107079163194,22.410907745361328,0.02527618408203125,86.81349563598633,1.1522102355957031,2.479419708251953,4.043666839599609,5.946418762207031,1
59_0.59_1.43.png,37.55453109741211,0.9974887371063232,15.984643936157227,train_core,4,2.382251739501953,0,37.55453109741211,48.75032043457031,37.898033142089844,120.0,0.019906535744667053,0.002434144029393792,11.195789337158203,0.3435020446777344,82.44546890258789,1.0600128173828125,2.2494964599609375,3.5960731506347656,5.129093170166016,1
5_0.5_0.89.png,37.726318359375,0.9971262812614441,21.805797576904297,train_core,0,1.6115188598632812,0,37.726318359375,54.089942932128906,37.82785415649414,120.0,0.022163724526762962,0.00152566097676754,16.363624572753906,0.10153579711914062,82.273681640625,1.1292343139648438,2.421428680419922,3.9286422729492188,5.729583740234375,1
601_0.81_1.29.png,37.12006378173828,0.9964269995689392,13.5716552734375,train_core,1,2.8101119995117188,0,37.12006378173828,53.401798248291016,37.22407913208008,120.0,0.02100057154893875,0.0017341951606795192,16.281734466552734,0.10401535034179688,82.87993621826172,1.1285591125488281,2.4197349548339844,3.9253082275390625,5.7234039306640625,1
602_0.76_1.57.png,36.62106704711914,0.9954791069030762,12.407435417175293,train_core,2,2.7455101013183594,0,36.62106704711914,52.54875183105469,36.73405456542969,120.0,0.023213090375065804,0.0019054400036111474,15.927684783935547,0.11298751831054688,83.37893295288086,1.1258888244628906,2.4130401611328125,3.9121360778808594,5.698921203613281,1
605_0.58_0.77.png,38.56467819213867,0.9983102083206177,21.21821403503418,train_core,3,3.725627899169922,0,38.56467819213867,55.407527923583984,38.65570068359375,120.0,0.017178427428007126,0.0012107213260605931,16.842849731445312,0.09102249145507812,81.43532180786133,1.1324272155761719,2.4294471740722656,3.944446563720703,5.759082794189453,1
606_0.54_1.08.png,38.43810272216797,0.9980530738830566,20.018613815307617,train_core,4,3.5365066528320312,0,38.43810272216797,55.887977600097656,38.51713562011719,120.0,0.017526257783174515,0.0012636382598429918,17.449874877929688,0.07903289794921875,81.56189727783203,1.1359825134277344,2.4384231567382812,3.962188720703125,5.792304992675781,1
607_0.88_0.73.png,34.42421340942383,0.99735426902771,17.27747917175293,train_core,0,4.230079650878906,0,34.42421340942383,56.883567810058594,34.44894790649414,120.0,0.025457629933953285,0.0011619855649769306,22.459354400634766,0.0247344970703125,85.57578659057617,1.1522979736328125,2.4796409606933594,4.044105529785156,5.947257995605469,1
608_0.55_1.73.png,35.82258605957031,0.9964432716369629,17.106067657470703,train_core,1,3.3686904907226562,0,35.82258605957031,54.13581466674805,35.887245178222656,120.0,0.023326240479946136,0.001593782682903111,18.313228607177734,0.06465911865234375,84.17741394042969,1.1402740478515625,2.449237823486328,3.9836158752441406,5.83258056640625,1
609_0.58_1.34.png,36.41230773925781,0.9974818229675293,16.8266658782959,train_core,2,2.9853668212890625,0,36.41230773925781,53.76876449584961,36.49318313598633,120.0,0.023248201236128807,0.0016079895431175828,17.356456756591797,0.08087539672851562,83.58769226074219,1.135406494140625,2.4369735717773438,3.9593276977539062,5.7869720458984375,1
60_0.58_1.79.png,35.997982025146484,0.9959375262260437,14.722701072692871,train_core,3,2.5411453247070312,0,35.997982025146484,46.337562561035156,36.41985321044922,120.0,0.023318257182836533,0.003047325648367405,10.339580535888672,0.4218711853027344,84.00201797485352,1.0385627746582031,2.1970252990722656,3.496967315673828,4.956943511962891,1
613_0.54_0.81.png,39.965919494628906,0.9988654851913452,19.707672119140625,train_core,4,4.276981353759766,0,39.965919494628906,56.18609619140625,40.07329559326172,120.0,0.016507312655448914,0.0012768945889547467,16.220176696777344,0.1073760986328125,80.0340805053711,1.1279869079589844,2.4183197021484375,3.9225502014160156,5.7183380126953125,1
614_0.95_0.72.png,40.076385498046875,0.9987761378288269,16.21495819091797,train_core,0,2.1198463439941406,0,40.076385498046875,56.00553512573242,40.18956756591797,120.0,0.014167816378176212,0.0013286949833855033,15.929149627685547,0.11318206787109375,79.92361450195312,1.125946044921875,2.4131813049316406,3.9124107360839844,5.699440002441406,1
615_0.76_1.49.png,36.86820602416992,0.9971634745597839,12.64682388305664,train_core,1,3.7630844116210938,0,36.86820602416992,53.41470718383789,36.96879577636719,120.0,0.022531896829605103,0.00177329673897475,16.54650115966797,0.10058975219726562,83.13179397583008,1.130340576171875,2.4242286682128906,3.9341773986816406,5.739986419677734,1
617_0.73_1.62.png,32.394744873046875,0.9778304100036621,10.852411270141602,train_core,2,3.4774398803710938,0,32.394744873046875,52.917232513427734,32.43449020385742,120.0,0.04030699282884598,0.0017556376988068223,20.52248764038086,0.039745330810546875,87.60525512695312,1.1480560302734375,2.468902587890625,4.022686004638672,5.906490325927734,1
618_0.66_1.24.png,32.053375244140625,0.9829916954040527,13.449100494384766,train_core,3,3.9463233947753906,0,32.053375244140625,54.4134521484375,32.079994201660156,120.0,0.04049050435423851,0.00149071728810668,22.360076904296875,0.02661895751953125,87.94662475585938,1.1521186828613281,2.47918701171875,4.043205261230469,5.945537567138672,1
61_0.71_1.08.png,39.28661346435547,0.9978842735290527,16.773738861083984,train_core,4,3.06585693359375,0,39.28661346435547,51.79677963256836,39.538902282714844,120.0,0.014532128348946571,0.0018881988944485784,12.51016616821289,0.252288818359375,80.71338653564453,1.0857925415039062,2.3130722045898438,3.7176132202148438,5.344310760498047,1
621_0.65_0.87.png,34.696937561035156,0.997658371925354,19.88567543029785,train_core,0,2.9187393188476562,0,34.696937561035156,55.668148040771484,34.73191833496094,120.0,0.030816780403256416,0.0011983358999714255,20.971210479736328,0.03498077392578125,85.30306243896484,1.1492233276367188,2.471851348876953,4.028564453125,5.9176483154296875,1
623_0.53_1.27.png,37.33378601074219,0.9975230693817139,19.91452980041504,train_core,1,2.1159706115722656,0,37.33378601074219,53.32667541503906,37.44486999511719,120.0,0.023143470287322998,0.0014753033174201846,15.992889404296875,0.111083984375,82.66621398925781,1.1265144348144531,2.414600372314453,3.9151878356933594,5.704551696777344,1
624_0.88_1.47.png,32.25923156738281,0.9943158030509949,12.311558723449707,train_core,2,3.238037109375,0,32.25923156738281,52.2652587890625,32.30288314819336,120.0,0.03717079013586044,0.0016961372457444668,20.006027221679688,0.043651580810546875,87.74076843261719,1.1465835571289062,2.4651718139648438,4.015254974365234,5.892391204833984,1
625_0.67_1.79.png,31.50221061706543,0.9937556982040405,17.258708953857422,train_core,3,4.188779830932617,0,31.50221061706543,52.329833984375,31.53825569152832,120.0,0.04858376458287239,0.001988478936254978,20.82762336730957,0.036045074462890625,88.49778938293457,1.1488666534423828,2.470945358276367,4.026762008666992,5.91423225402832,1
629_0.69_0.63.png,38.69660186767578,0.9973300695419312,19.830612182617188,train_core,4,2.440093994140625,0,38.69660186767578,56.41879653930664,38.77061462402344,120.0,0.019485563039779663,0.0011486896546557546,17.72219467163086,0.07401275634765625,81.30339813232422,1.1374359130859375,2.4420700073242188,3.9694061279296875,5.805843353271484,1
62_0.93_1.08.png,37.94215774536133,0.9975485801696777,13.939995765686035,train_core,0,2.856525421142578,0,37.94215774536133,53.792728424072266,38.05683135986328,120.0,0.016399016603827477,0.0016790797235444188,15.850570678710938,0.11467361450195312,82.05784225463867,1.1253814697265625,2.4117507934570312,3.9095916748046875,5.694187164306641,1
631_0.94_0.86.png,38.047359466552734,0.996842086315155,14.027424812316895,train_core,1,2.7723464965820312,0,38.047359466552734,55.52671432495117,38.125667572021484,120.0,0.019002100452780724,0.0013443144271150231,17.479354858398438,0.07830810546875,81.95264053344727,1.1361465454101562,2.4388275146484375,3.9629898071289062,5.7938079833984375,1
632_0.91_1.4.png,35.970970153808594,0.9943739771842957,10.33112621307373,train_core,2,2.9007110595703125,0,35.970970153808594,53.36517333984375,36.05084991455078,120.0,0.02670680172741413,0.0017071263864636421,17.394203186035156,0.0798797607421875,84.0290298461914,1.13568115234375,2.437652587890625,3.9606590270996094,5.789436340332031,1
634_0.53_0.77.png,43.92737579345703,0.9991509318351746,23.973289489746094,train_core,3,2.3464622497558594,0,43.92737579345703,56.59928894042969,44.168697357177734,120.0,0.009412786923348904,0.001194341224618256,12.671913146972656,0.24132156372070312,76.07262420654297,1.0885658264160156,2.3199310302734375,3.7308197021484375,5.367958068847656,1
636_0.58_0.56.png,44.28137969970703,0.9992091059684753,25.340757369995117,train_core,4,2.5867958068847656,0,44.28137969970703,57.09165954589844,44.514930725097656,120.0,0.008955067954957485,0.0011094961082562804,12.810279846191406,0.233551025390625,75.71862030029297,1.0907821655273438,2.325428009033203,3.741424560546875,5.387004852294922,1
637_0.82_1.62.png,32.30059814453125,0.9947242140769958,14.357109069824219,train_core,0,3.757781982421875,0,32.30059814453125,52.590492248535156,32.3431396484375,120.0,0.028976108878850937,0.0018055044347420335,20.289894104003906,0.04254150390625,87.69940185546875,1.1472816467285156,2.466949462890625,4.0188140869140625,5.899200439453125,1
638_0.73_1.34.png,36.196624755859375,0.9971145987510681,16.029144287109375,train_core,1,2.9570236206054688,0,36.196624755859375,54.273990631103516,36.26866149902344,120.0,0.022163087502121925,0.0015299567021429539,18.07736587524414,0.0720367431640625,83.80337524414062,1.1388931274414062,2.445758819580078,3.976734161376953,5.819690704345703,1
639_0.85_0.74.png,38.31211853027344,0.9983517527580261,18.307941436767578,train_core,2,3.5157699584960938,0,38.31211853027344,56.349578857421875,38.381874084472656,120.0,0.016007982194423676,0.001179208280518651,18.037460327148438,0.06975555419921875,81.68788146972656,1.1387596130371094,2.4454269409179688,3.9760665893554688,5.818428039550781,1
63_0.86_1.5.png,37.35467529296875,0.9967445135116577,12.314433097839355,train_core,3,3.2178688049316406,0,37.35467529296875,51.993385314941406,37.50738525390625,120.0,0.018574973568320274,0.0020435149781405926,14.638710021972656,0.1527099609375,82.64532470703125,1.1143455505371094,2.384113311767578,3.85540771484375,5.594139099121094,1
640_0.98_1.87.png,29.440610885620117,0.9907269477844238,11.490535736083984,train_core,4,3.9408092498779297,0,29.440610885620117,51.58259963989258,29.467636108398438,120.0,0.03544251620769501,0.0020016056951135397,22.14198875427246,0.027025222778320312,90.55938911437988,1.1516494750976562,2.4780025482177734,4.04084587097168,5.941076278686523,1
641_0.63_1.3.png,35.913818359375,0.9938318133354187,15.204366683959961,train_core,0,2.9413185119628906,0,35.913818359375,56.321571350097656,35.95355987548828,120.0,0.026804907247424126,0.0011348306434229016,20.407752990722656,0.03974151611328125,84.086181640625,1.1477508544921875,2.468120574951172,4.0211334228515625,5.903526306152344,1
644_0.87_1.08.png,32.70465850830078,0.9893049001693726,13.657451629638672,train_core,1,3.0263938903808594,0,32.70465850830078,55.22450256347656,32.729042053222656,120.0,0.037846893072128296,0.0012373510980978608,22.51984405517578,0.024383544921875,87.29534149169922,1.1523971557617188,2.479900360107422,4.0446319580078125,5.9482574462890625,1
645_0.92_0.79.png,42.94715118408203,0.9988827705383301,21.443744659423828,train_core,2,2.0365562438964844,0,42.94715118408203,56.19662857055664,43.157684326171875,120.0,0.010868750512599945,0.0010853103594854474,13.24947738647461,0.21053314208984375,77.05284881591797,1.0973777770996094,2.3418045043945312,3.773082733154297,5.4440765380859375,1
646_0.83_1.58.png,36.94633483886719,0.9971324801445007,16.332082748413086,train_core,3,3.0016326904296875,0,36.94633483886719,52.83558654785156,37.05971145629883,120.0,0.02177620492875576,0.0014886922435835004,15.889251708984375,0.11337661743164062,83.05366516113281,1.1257133483886719,2.4125938415527344,3.9112396240234375,5.697216033935547,1
647_0.58_1.05.png,37.13584899902344,0.998388946056366,20.641565322875977,train_core,4,0.9417800903320312,0,37.13584899902344,55.03501892089844,37.20687484741211,120.0,0.021546121686697006,0.0012079464504495263,17.899169921875,0.07102584838867188,82.86415100097656,1.1383285522460938,2.444324493408203,3.973865509033203,5.814231872558594,1
648_0.78_1.91.png,36.21147918701172,0.996579647064209,15.118492126464844,train_core,0,2.402355194091797,0,36.21147918701172,51.94609832763672,36.329017639160156,120.0,0.023229556158185005,0.0016519954660907388,15.734619140625,0.1175384521484375,83.78852081298828,1.1244850158691406,2.409503936767578,3.9051666259765625,5.685935974121094,1
64_0.77_1.39.png,38.09174346923828,0.9971953630447388,13.970799446105957,train_core,1,2.8650741577148438,0,38.09174346923828,51.29979705810547,38.306053161621094,120.0,0.017562024295330048,0.002105671912431717,13.208053588867188,0.2143096923828125,81.90825653076172,1.0966682434082031,2.340045928955078,3.769695281982422,5.437995910644531,1
650_0.88_1.7.png,37.116764068603516,0.9964196681976318,14.306547164916992,train_core,2,1.6496772766113281,0,37.116764068603516,50.69011306762695,37.311885833740234,120.0,0.020330090075731277,0.0021675413008779287,13.573348999023438,0.19512176513671875,82.88323593139648,1.1018333435058594,2.352886199951172,3.7945632934570312,5.483009338378906,1
651_0.83_1.45.png,37.69183349609375,0.9975357055664062,16.161788940429688,train_core,3,1.5058822631835938,0,37.69183349609375,51.51289367675781,37.87586975097656,120.0,0.01936703734099865,0.0019347007619217038,13.821060180664062,0.1840362548828125,82.30816650390625,1.1050300598144531,2.360851287841797,3.8100433349609375,5.5111541748046875,1
652_0.75_0.51.png,36.92515563964844,0.9993659853935242,24.41119956970215,train_core,4,3.4440078735351562,0,36.92515563964844,57.32588195800781,36.96494674682617,120.0,0.024006731808185577,0.0010938843479380012,20.400726318359375,0.039791107177734375,83.07484436035156,1.1477279663085938,2.4680747985839844,4.021045684814453,5.903369903564453,1
653_0.78_0.53.png,41.6419677734375,0.9980945587158203,17.5909366607666,train_core,0,4.0578765869140625,0,41.6419677734375,57.291786193847656,41.76398468017578,120.0,0.012608235701918602,0.0011785345850512385,15.649818420410156,0.12201690673828125,78.3580322265625,1.1237869262695312,2.407745361328125,3.9016990661621094,5.6795196533203125,1
656_0.77_1.82.png,35.94485855102539,0.9899044036865234,9.133621215820312,train_core,1,2.2200927734375,0,35.94485855102539,50.93221664428711,36.086891174316406,120.0,0.026663294062018394,0.0023798567708581686,14.987358093261719,0.14203262329101562,84.05514144897461,1.1178207397460938,2.3928070068359375,3.8724136352539062,5.625419616699219,1
657_0.8_1.55.png,32.95140075683594,0.9859580993652344,13.429499626159668,train_core,2,3.307769775390625,0,32.95140075683594,54.9854621887207,32.978675842285156,120.0,0.039371322840452194,0.0012997720623388886,22.034061431884766,0.02727508544921875,87.04859924316406,1.151519775390625,2.4776763916015625,4.040187835693359,5.939788818359375,1
658_0.84_0.54.png,37.32691955566406,0.9973220825195312,24.181015014648438,train_core,3,4.653633117675781,0,37.32691955566406,59.335182189941406,37.3543701171875,120.0,0.0242344681173563,0.000776427099481225,22.008262634277344,0.0274505615234375,82.67308044433594,1.1514778137207031,2.4775543212890625,4.039939880371094,5.9393157958984375,1
659_0.86_0.85.png,36.461669921875,0.9950151443481445,18.49435043334961,train_core,4,3.429534912109375,0,36.461669921875,57.69881820678711,36.494468688964844,120.0,0.026440884917974472,0.0009589134715497494,21.23714828491211,0.03279876708984375,83.538330078125,1.1498565673828125,2.4734458923339844,4.031742095947266,5.923702239990234,1
65_0.52_0.89.png,42.216094970703125,0.9987084269523621,21.541269302368164,train_core,0,2.5379867553710938,0,42.216094970703125,58.15142822265625,42.33226776123047,120.0,0.007907385006546974,0.0009082623873837292,15.935333251953125,0.11617279052734375,77.78390502929688,1.1252365112304688,2.4114341735839844,3.9090538024902344,5.693492889404297,1
660_0.52_1.08.png,35.19478225708008,0.993949294090271,22.076313018798828,train_core,1,2.3594589233398438,0,35.19478225708008,57.14910888671875,35.22256088256836,120.0,0.028988724574446678,0.00098380574490875,21.954326629638672,0.02777862548828125,84.80521774291992,1.1513710021972656,2.4772872924804688,4.0394134521484375,5.938304901123047,1
661_0.6_1.84.png,33.06373977661133,0.994814395904541,14.885034561157227,train_core,2,2.546905517578125,0,33.06373977661133,51.1256103515625,33.132232666015625,120.0,0.03654342517256737,0.002182084834203124,18.061870574951172,0.06849288940429688,86.93626022338867,1.1391029357910156,2.4462852478027344,3.9777603149414062,5.821563720703125,1
662_0.54_0.84.png,38.77458572387695,0.998198390007019,19.703479766845703,train_core,3,2.1822776794433594,0,38.77458572387695,54.723777770996094,38.88684844970703,120.0,0.017863374203443527,0.0014180168509483337,15.94919204711914,0.11226272583007812,81.22541427612305,1.1261749267578125,2.4137496948242188,3.9135208129882812,5.7014617919921875,1
665_0.7_1.28.png,43.0679931640625,0.9960266947746277,16.7519588470459,train_core,4,1.7491302490234375,0,43.0679931640625,54.18588638305664,43.428062438964844,120.0,0.00972411222755909,0.001617427566088736,11.11789321899414,0.36006927490234375,76.9320068359375,1.0565414428710938,2.2410659790039062,3.580291748046875,5.1020965576171875,1
666_0.9_1.01.png,40.975547790527344,0.9970443248748779,15.730090141296387,train_core,0,2.29400634765625,0,40.975547790527344,54.78252029418945,41.16936111450195,120.0,0.011618075892329216,0.0014929691096767783,13.80697250366211,0.19381332397460938,79.02445220947266,1.1039352416992188,2.3581771850585938,3.8050079345703125,5.502433776855469,1
667_0.95_0.69.png,42.161468505859375,0.9980713725090027,17.584716796875,train_core,1,2.8062362670898438,0,42.161468505859375,56.36710739135742,42.339271545410156,120.0,0.009843780659139156,0.0012588840909302235,14.205638885498047,0.17780303955078125,77.83853149414062,1.1090431213378906,2.370891571044922,3.8297042846679688,5.54730224609375,1
668_0.88_1.12.png,40.65205001831055,0.9967027902603149,15.360824584960938,train_core,2,2.1951217651367188,0,40.65205001831055,54.361366271972656,40.849647521972656,120.0,0.011804519221186638,0.0015668409178033471,13.70931625366211,0.19759750366210938,79.34794998168945,1.1026039123535156,2.354869842529297,3.7985801696777344,5.490749359130859,1
669_0.92_1.25.png,35.1833610534668,0.9972184896469116,13.645374298095703,train_core,3,3.027149200439453,0,35.1833610534668,53.534019470214844,35.24745559692383,120.0,0.027271676808595657,0.0016732114600017667,18.350658416748047,0.06409454345703125,84.8166389465332,1.1404190063476562,2.4496116638183594,3.9843521118164062,5.833965301513672,1
66_0.83_0.66.png,38.924503326416016,0.9977707862854004,22.17633819580078,train_core,4,2.9200782775878906,0,38.924503326416016,58.578041076660156,38.973167419433594,120.0,0.012538837268948555,0.0008788800914771855,19.65353775024414,0.048664093017578125,81.07549667358398,1.1453018188476562,2.461933135986328,4.00885009765625,5.880336761474609,1
670_0.89_1.66.png,33.75467300415039,0.9956984519958496,12.171262741088867,train_core,0,3.1192550659179688,0,33.75467300415039,52.01121520996094,33.82008361816406,120.0,0.031931016594171524,0.00196742988191545,18.256542205810547,0.06541061401367188,86.24532699584961,1.1400184631347656,2.4485931396484375,3.9823265075683594,5.8301544189453125,1
673_0.55_0.68.png,34.044158935546875,0.9985342025756836,23.942710876464844,train_core,1,4.123477935791016,0,34.044158935546875,56.425479888916016,34.0693359375,120.0,0.031365830451250076,0.0011365277459844947,22.38132095336914,0.025177001953125,85.95584106445312,1.15216064453125,2.4792938232421875,4.043422698974609,5.945945739746094,1
674_0.93_0.72.png,38.25046157836914,0.9983834624290466,21.228029251098633,train_core,2,2.7109603881835938,0,38.25046157836914,56.79345703125,38.31165313720703,120.0,0.016889620572328568,0.0011802692897617817,18.54299545288086,0.061191558837890625,81.74953842163086,1.1412849426269531,2.4517822265625,3.9886550903320312,5.842079162597656,1
675_0.97_0.77.png,38.361045837402344,0.9981263875961304,20.845985412597656,train_core,3,2.9541778564453125,0,38.361045837402344,55.485694885253906,38.44609832763672,120.0,0.01603204756975174,0.001307078287936747,17.124649047851562,0.085052490234375,81.63895416259766,1.1341400146484375,2.4337692260742188,3.952983856201172,5.775054931640625,1
677_0.68_1.27.png,40.61122512817383,0.995618999004364,14.385778427124023,train_core,4,1.5976333618164062,0,40.61122512817383,54.40143966674805,40.7972526550293,120.0,0.014276324771344662,0.0015340537065640092,13.790214538574219,0.18602752685546875,79.38877487182617,1.1046218872070312,2.359832763671875,3.8080673217773438,5.507556915283203,1
678_0.88_0.92.png,40.336761474609375,0.9955825805664062,13.757869720458984,train_core,0,0.9928855895996094,0,40.336761474609375,55.15718078613281,40.48249053955078,120.0,0.015103981830179691,0.0013872375711798668,14.820419311523438,0.14572906494140625,79.66323852539062,1.1162223815917969,2.388805389404297,3.864574432373047,5.610958099365234,1
679_0.73_1.63.png,37.50605010986328,0.993006706237793,12.314191818237305,train_core,1,1.8728866577148438,0,37.50605010986328,52.962459564208984,37.63216781616211,120.0,0.021319709718227386,0.0018180198967456818,15.456409454345703,0.12611770629882812,82.49394989013672,1.1221427917480469,2.4036331176757812,3.8936195373535156,5.664554595947266,1
67_0.67_1.69.png,37.89704895019531,0.9968811869621277,14.025854110717773,train_core,2,2.2536277770996094,0,37.89704895019531,55.384918212890625,37.97724151611328,120.0,0.016389144584536552,0.0012480398872867227,17.487869262695312,0.08019256591796875,82.10295104980469,1.13568115234375,2.437671661376953,3.960742950439453,5.789710998535156,1
681_0.66_0.67.png,37.19464111328125,0.9981295466423035,23.616058349609375,train_core,3,2.9132347106933594,0,37.19464111328125,55.556434631347656,37.258445739746094,120.0,0.023607198148965836,0.0013173053739592433,18.361793518066406,0.06380462646484375,82.80535888671875,1.1404953002929688,2.4497909545898438,3.9847068786621094,5.8346405029296875,1
682_0.64_0.76.png,36.242042541503906,0.9978038668632507,22.617767333984375,train_core,4,2.853107452392578,0,36.242042541503906,55.10614776611328,36.29884338378906,120.0,0.026584826409816742,0.0013734125532209873,18.864105224609375,0.05680084228515625,83.7579574584961,1.1426048278808594,2.4551162719726562,3.9952735900878906,5.8545684814453125,1
683_0.9_1.98.png,32.28959655761719,0.9931157827377319,13.334607124328613,train_core,0,3.1445960998535156,0,32.28959655761719,50.57539367675781,32.35470199584961,120.0,0.03696783259510994,0.0022296796087175608,18.285797119140625,0.06510543823242188,87.71040344238281,1.1401557922363281,2.4489402770996094,3.983013153076172,5.831439971923828,1
684_0.67_1.46.png,33.20987319946289,0.9956738352775574,18.10086441040039,train_core,1,2.96875,0,33.20987319946289,53.09713363647461,33.25478744506836,120.0,0.03723334148526192,0.0017222646856680512,19.88726043701172,0.04491424560546875,86.79012680053711,1.1462173461914062,2.4642486572265625,4.013416290283203,5.8889007568359375,1
685_0.58_0.78.png,42.036163330078125,0.9992250800132751,21.269824981689453,train_core,2,2.075908660888672,0,42.036163330078125,57.7137565612793,42.15604782104492,120.0,0.013254660181701183,0.0010787899373099208,15.677593231201172,0.11988449096679688,77.96383666992188,1.1238594055175781,2.4079437255859375,3.9021148681640625,5.680316925048828,1
686_0.62_0.82.png,44.069793701171875,0.9992622137069702,20.557193756103516,train_core,3,1.93377685546875,0,44.069793701171875,57.784645080566406,44.259910583496094,120.0,0.01048505399376154,0.0010825128993019462,13.714851379394531,0.19011688232421875,75.93020629882812,1.1034126281738281,2.356822967529297,3.802234649658203,5.496978759765625,1
687_0.89_1.42.png,34.436981201171875,0.9957644939422607,13.94144058227539,train_core,4,3.0716934204101562,0,34.436981201171875,53.423248291015625,34.49246597290039,120.0,0.025058740749955177,0.0016608638688921928,18.98626708984375,0.055484771728515625,85.56301879882812,1.1430168151855469,2.4561691284179688,3.9973716735839844,5.858543395996094,1
688_0.72_0.52.png,43.454288482666016,0.9993535280227661,22.29474639892578,train_core,0,1.6100273132324219,0,43.454288482666016,58.49284362792969,43.593692779541016,120.0,0.010388216003775597,0.0009834548691287637,15.038555145263672,0.139404296875,76.54571151733398,1.1181831359863281,2.3937110900878906,3.8741683959960938,5.628658294677734,1
68_0.75_1.58.png,37.28694152832031,0.9964742660522461,13.97915267944336,train_core,1,2.267200469970703,0,37.28694152832031,55.02397537231445,37.36238098144531,120.0,0.016495415940880775,0.0012986798537895083,17.73703384399414,0.075439453125,82.71305847167969,1.1371192932128906,2.4413070678710938,3.96795654296875,5.803310394287109,1
690_0.54_1.0.png,32.54629898071289,0.9966440200805664,18.124420166015625,train_core,2,3.9487533569335938,0,32.54629898071289,55.88445281982422,32.56652069091797,120.0,0.04344635456800461,0.0011658241273835301,23.338153839111328,0.020221710205078125,87.45370101928711,1.1536788940429688,2.483142852783203,4.0511016845703125,5.960605621337891,1
691_0.81_1.41.png,37.521759033203125,0.9967645406723022,22.267410278320312,train_core,3,3.1704940795898438,0,37.521759033203125,52.324119567871094,37.66800308227539,120.0,0.020042382180690765,0.0014925096184015274,14.802360534667969,0.14624404907226562,82.47824096679688,1.1160545349121094,2.388397216796875,3.8637771606445312,5.609493255615234,1
695_0.53_0.7.png,38.953651428222656,0.9978238940238953,23.370044708251953,train_core,4,3.483123779296875,0,38.953651428222656,59.33545684814453,38.993709564208984,120.0,0.01841326430439949,0.0008349099080078304,20.381805419921875,0.040058135986328125,81.04634857177734,1.147674560546875,2.4679412841796875,4.020786285400391,5.902881622314453,1
696_0.95_0.69.png,41.28975296020508,0.9966491460800171,17.153913497924805,train_core,0,2.2118911743164062,0,41.28975296020508,57.63138198852539,41.391815185546875,120.0,0.013800335116684437,0.0010119021171703935,16.341629028320312,0.10206222534179688,78.71024703979492,1.1290779113769531,2.4210472106933594,3.927875518798828,5.728153228759766,1
697_0.89_1.98.png,32.51158905029297,0.9947293996810913,9.13484001159668,train_core,1,2.1613006591796875,0,32.51158905029297,52.13629150390625,32.55958557128906,120.0,0.03442193940281868,0.002014864468947053,19.62470245361328,0.04799652099609375,87.48841094970703,1.1453628540039062,2.4620819091796875,4.009117126464844,5.880760192871094,1
698_0.55_1.7.png,36.02951431274414,0.9972006678581238,14.74513053894043,train_core,2,2.133819580078125,0,36.02951431274414,53.373008728027344,36.11074447631836,120.0,0.026711853221058846,0.001679432112723589,17.343494415283203,0.08123016357421875,83.97048568725586,1.1353950500488281,2.4369239807128906,3.959217071533203,5.786735534667969,1
699_0.77_1.57.png,35.19736862182617,0.997132420539856,11.339685440063477,train_core,3,2.6763038635253906,0,35.19736862182617,54.386474609375,35.25049591064453,120.0,0.026292264461517334,0.0015817424282431602,19.189105987548828,0.053127288818359375,84.80263137817383,1.1438369750976562,2.4582290649414062,4.001457214355469,5.866260528564453,1
69_0.76_0.64.png,41.66135787963867,0.9987151026725769,19.092037200927734,train_core,4,1.9244270324707031,0,41.66135787963867,56.982261657714844,41.79082489013672,120.0,0.013274380005896091,0.0011427592253312469,15.320903778076172,0.12946701049804688,78.33864212036133,1.1209678649902344,2.400684356689453,3.8878402709960938,5.653865814208984,1
6_0.57_0.6.png,40.65673065185547,0.997822642326355,24.3100643157959,train_core,0,1.932952880859375,0,40.65673065185547,55.36088943481445,40.80629348754883,120.0,0.013902276754379272,0.0013444911455735564,14.704158782958984,0.14956283569335938,79.34326934814453,1.1150588989257812,2.385906219482422,3.8588943481445312,5.600521087646484,1
700_0.96_1.45.png,34.52820587158203,0.9969262480735779,10.361328125,train_core,1,3.0864601135253906,0,34.52820587158203,53.732574462890625,34.58110427856445,120.0,0.029490208253264427,0.0016860527684912086,19.204368591308594,0.052898406982421875,85.47179412841797,1.1438941955566406,2.4583740234375,4.001750946044922,5.866809844970703,1
701_0.62_0.85.png,36.67742919921875,0.9980548620223999,20.995838165283203,train_core,2,3.5466461181640625,0,36.67742919921875,56.219276428222656,36.72595977783203,120.0,0.02194783091545105,0.0011552857467904687,19.541847229003906,0.04853057861328125,83.32257080078125,1.1450881958007812,2.4613990783691406,4.007759094238281,5.878170013427734,1
702_0.72_0.91.png,36.634830474853516,0.9978112578392029,18.050477981567383,train_core,3,3.7069091796875,0,36.634830474853516,56.041595458984375,36.684906005859375,120.0,0.02172037400305271,0.0012217742623761296,19.40676498413086,0.050075531005859375,83.36516952514648,1.1446266174316406,2.460224151611328,4.005420684814453,5.873752593994141,1
703_0.51_1.04.png,36.40864562988281,0.9978849291801453,21.227283477783203,train_core,4,2.4236412048339844,0,36.40864562988281,54.94203186035156,36.46995544433594,120.0,0.022297916933894157,0.0012558865128085017,18.53338623046875,0.061309814453125,83.59135437011719,1.1412429809570312,2.4516830444335938,3.9884567260742188,5.841705322265625,1
704_0.81_1.82.png,34.837738037109375,0.9951505661010742,10.423850059509277,train_core,0,3.2865066528320312,0,34.837738037109375,52.31401824951172,34.91609573364258,120.0,0.02761131152510643,0.0018628040561452508,17.476280212402344,0.07835769653320312,85.16226196289062,1.1361312866210938,2.438793182373047,3.9629249572753906,5.793678283691406,1
706_0.58_1.34.png,30.690139770507812,0.99431312084198,15.221609115600586,train_core,1,3.279186248779297,0,30.690139770507812,53.05851364135742,30.71538734436035,120.0,0.051842693239450455,0.0015156455338001251,22.36837387084961,0.025247573852539062,89.30986022949219,1.152139663696289,2.4792404174804688,4.043304443359375,5.9457244873046875,1
707_0.94_1.48.png,34.72543716430664,0.9943341016769409,12.25951099395752,train_core,2,2.59332275390625,0,34.72543716430664,53.383811950683594,34.784996032714844,120.0,0.030271198600530624,0.001625441829673946,18.658374786376953,0.059558868408203125,85.27456283569336,1.1417655944824219,2.4530105590820312,3.9910926818847656,5.846683502197266,1
708_0.91_1.83.png,33.357967376708984,0.9924705028533936,11.180118560791016,train_core,3,2.788097381591797,0,33.357967376708984,52.39414978027344,33.41252899169922,120.0,0.03645632416009903,0.001796912751160562,19.036182403564453,0.054561614990234375,86.64203262329102,1.1432723999023438,2.456806182861328,3.998626708984375,5.860904693603516,1
709_0.68_1.08.png,39.25532531738281,0.9978577494621277,21.460359573364258,train_core,4,2.272846221923828,0,39.25532531738281,55.813011169433594,39.352359771728516,120.0,0.017881160601973534,0.0012202502693980932,16.55768585205078,0.09703445434570312,80.74467468261719,1.1305694580078125,2.424785614013672,3.9352493286132812,5.7418975830078125,1
70_0.78_1.4.png,39.891056060791016,0.9969078898429871,12.7322998046875,train_core,0,0.8805656433105469,0,39.891056060791016,53.75920867919922,40.07305908203125,120.0,0.01537544745951891,0.0016427038935944438,13.868152618408203,0.18200302124023438,80.10894393920898,1.1056175231933594,2.3623199462890625,3.8129005432128906,5.516353607177734,1
710_0.87_1.34.png,38.66368103027344,0.9970681071281433,17.514001846313477,train_core,1,2.1493377685546875,0,38.66368103027344,54.13426208496094,38.78870391845703,120.0,0.01715702749788761,0.001441126223653555,15.4705810546875,0.12502288818359375,81.33631896972656,1.1222724914550781,2.4039688110351562,3.894287109375,5.665794372558594,1
711_0.71_1.84.png,37.53954315185547,0.996586799621582,16.776187896728516,train_core,2,1.7222099304199219,0,37.53954315185547,53.53641128540039,37.650115966796875,120.0,0.02055402100086212,0.0015367107698693871,15.996868133544922,0.11057281494140625,82.46045684814453,1.1265487670898438,2.414684295654297,3.9153480529785156,5.7048492431640625,1
712_0.63_1.2.png,37.92050552368164,0.9975458383560181,20.9499454498291,train_core,3,2.1862525939941406,0,37.92050552368164,55.4847297668457,37.997283935546875,120.0,0.021126748993992805,0.0012624991359189153,17.564224243164062,0.07677841186523438,82.07949447631836,1.1366043090820312,2.4399871826171875,3.965282440185547,5.798095703125,1
713_0.75_0.59.png,42.470123291015625,0.9972654581069946,20.243488311767578,train_core,4,2.2292938232421875,0,42.470123291015625,57.67366027832031,42.60515213012695,120.0,0.011432524770498276,0.0010753177339211106,15.203536987304688,0.13502883911132812,77.52987670898438,1.1197547912597656,2.3976516723632812,3.8819046020507812,5.642936706542969,1
714_0.84_0.79.png,39.601829528808594,0.9962288737297058,17.165904998779297,train_core,0,2.3822097778320312,0,39.601829528808594,56.31524658203125,39.69676208496094,120.0,0.015652665868401527,0.001246588071808219,16.713417053222656,0.09493255615234375,80.3981704711914,1.131500244140625,2.4271316528320312,3.9398880004882812,5.750579833984375,1
715_0.73_0.85.png,39.05264663696289,0.995733916759491,17.590858459472656,train_core,1,2.855560302734375,0,39.05264663696289,56.31999206542969,39.13680648803711,120.0,0.017479846253991127,0.0012513819383457303,17.267345428466797,0.08415985107421875,80.94735336303711,1.1348838806152344,2.435657501220703,3.9567298889160156,5.782093048095703,1
716_0.79_1.12.png,37.08271026611328,0.9933397769927979,14.92515754699707,train_core,2,2.8615036010742188,0,37.08271026611328,54.78923797607422,37.158538818359375,120.0,0.02209399826824665,0.0014654680853709579,17.706527709960938,0.07582855224609375,82.91728973388672,1.1372604370117188,2.4416427612304688,3.9685630798339844,5.804294586181641,1
717_0.67_1.02.png,41.56412124633789,0.9977962970733643,16.591373443603516,train_core,3,2.438343048095703,0,41.56412124633789,54.580528259277344,41.78787612915039,120.0,0.012522662058472633,0.0014718013117089868,13.016407012939453,0.2237548828125,78.43587875366211,1.0938911437988281,2.3331451416015625,3.756336212158203,5.413856506347656,1
718_0.91_1.21.png,37.418312072753906,0.9944281578063965,12.586945533752441,train_core,4,2.6846847534179688,0,37.418312072753906,52.95795440673828,37.54168701171875,120.0,0.018229061737656593,0.001785046886652708,15.539642333984375,0.12337493896484375,82.5816879272461,1.122802734375,2.4052886962890625,3.896881103515625,5.670600891113281,1
719_0.61_0.7.png,44.947532653808594,0.998873233795166,20.292545318603516,train_core,0,1.4081954956054688,0,44.947532653808594,56.545597076416016,45.2607421875,120.0,0.008370276540517807,0.0012110533425584435,11.598064422607422,0.31320953369140625,75.0524673461914,1.0686988830566406,2.2708473205566406,3.6367149353027344,5.200538635253906,1
71_0.9_0.93.png,40.14999008178711,0.9977136850357056,14.02377700805664,train_core,1,1.3376846313476562,0,40.14999008178711,55.372703552246094,40.28246307373047,120.0,0.014708864502608776,0.0013692589709535241,15.222713470458984,0.13247299194335938,79.85000991821289,1.1200790405273438,2.3984603881835938,3.8834877014160156,5.645832061767578,1
721_0.83_1.09.png,35.993247985839844,0.9961435198783875,16.723342895507812,train_core,2,3.8561477661132812,0,35.993247985839844,56.10603713989258,36.035770416259766,120.0,0.02146811969578266,0.0010739538120105863,20.112789154052734,0.042522430419921875,84.00675201416016,1.1469039916992188,2.4659881591796875,4.016883850097656,5.895469665527344,1
722_0.64_0.65.png,37.745208740234375,0.9977763891220093,25.597436904907227,train_core,3,2.6871719360351562,0,37.745208740234375,56.08634567260742,37.80931091308594,120.0,0.020654138177633286,0.0008444581180810928,18.341136932373047,0.0641021728515625,82.25479125976562,1.1404037475585938,2.449565887451172,3.9842529296875,5.833782196044922,1
724_0.86_1.35.png,35.57902908325195,0.9951342344284058,14.293525695800781,train_core,4,3.2929954528808594,0,35.57902908325195,55.003257751464844,35.62890625,120.0,0.022892294451594353,0.0012188649270683527,19.42422866821289,0.049877166748046875,84.42097091674805,1.1446876525878906,2.4603805541992188,4.005729675292969,5.874336242675781,1
725_0.64_0.72.png,44.99754333496094,0.9989087581634521,22.866628646850586,train_core,0,1.6281471252441406,0,44.99754333496094,57.24918746948242,45.264163970947266,120.0,0.008249321952462196,0.0010613419581204653,12.251644134521484,0.2666206359863281,75.00245666503906,1.081390380859375,2.3021621704101562,3.6966400146484375,5.306816101074219,1
726_0.57_1.58.png,41.9249267578125,0.9971927404403687,17.79460906982422,train_core,1,1.186737060546875,0,41.9249267578125,53.354209899902344,42.249267578125,120.0,0.011348647996783257,0.001605579978786409,11.429283142089844,0.3243408203125,78.0750732421875,1.0652046203613281,2.26226806640625,3.6203536987304688,5.171714782714844,1
727_0.65_1.01.png,43.386192321777344,0.9984848499298096,20.30714225769043,train_core,2,1.3046340942382812,0,43.386192321777344,55.7664680480957,43.64479064941406,120.0,0.009669403545558453,0.0012375758960843086,12.38027572631836,0.25859832763671875,76.61380767822266,1.0836601257324219,2.3077774047851562,3.707427978515625,5.326076507568359,1
729_0.51_0.72.png,42.780067443847656,0.9984070658683777,24.47953224182129,train_core,3,2.133270263671875,0,42.780067443847656,57.536865234375,42.92779541015625,120.0,0.011091863736510277,0.001005323021672666,14.756797790527344,0.14772796630859375,77.21993255615234,1.1156005859375,2.387248992919922,3.861530303955078,5.6053619384765625,1
72_0.7_1.07.png,41.75249099731445,0.9979981184005737,15.729076385498047,train_core,4,1.3954200744628906,0,41.75249099731445,55.40538787841797,41.943992614746094,120.0,0.012531599961221218,0.001386853284202516,13.652896881103516,0.19150161743164062,78.24750900268555,1.1028823852539062,2.3555030822753906,3.7996444702148438,5.4922332763671875,1
730_0.62_0.98.png,37.71479034423828,0.9969397783279419,21.768218994140625,train_core,0,3.2358245849609375,0,37.71479034423828,56.4940299987793,37.772705078125,120.0,0.02015274204313755,0.0011379976058378816,18.779239654541016,0.05791473388671875,82.28520965576172,1.1422691345214844,2.4542694091796875,3.993579864501953,5.8513641357421875,1
731_0.85_1.53.png,35.29547119140625,0.9941864013671875,12.582951545715332,train_core,1,3.1579322814941406,0,35.29547119140625,53.22593688964844,35.36599349975586,120.0,0.02699943818151951,0.0016089353011921048,17.930465698242188,0.07052230834960938,84.70452880859375,1.1384811401367188,2.444713592529297,3.974639892578125,5.8156890869140625,1
732_0.98_1.12.png,35.800209045410156,0.994952380657196,14.301959037780762,train_core,2,3.0837173461914062,0,35.800209045410156,54.137325286865234,35.86437225341797,120.0,0.020433243364095688,0.0014775032177567482,18.337116241455078,0.0641632080078125,84.19979095458984,1.1403846740722656,2.4495201110839844,3.9841651916503906,5.833610534667969,1
733_0.81_1.12.png,37.35922622680664,0.9948891401290894,15.666895866394043,train_core,3,3.0977554321289062,0,37.35922622680664,54.40570068359375,37.446224212646484,120.0,0.017125146463513374,0.0014654091792181134,17.04647445678711,0.08699798583984375,82.64077377319336,1.1336288452148438,2.432483673095703,3.9504432678222656,5.770320892333984,1
734_0.68_1.32.png,38.250492095947266,0.9957336187362671,15.372325897216797,train_core,4,2.952911376953125,0,38.250492095947266,54.367225646972656,38.35875701904297,120.0,0.017160359770059586,0.0014888144796714187,16.11673355102539,0.10826492309570312,81.74950790405273,1.1273918151855469,2.4168167114257812,3.9195518493652344,5.712696075439453,1
740_0.94_0.76.png,35.328636169433594,0.997461199760437,17.189373016357422,train_core,0,3.0678062438964844,0,35.328636169433594,54.67677307128906,35.37946319580078,120.0,0.026015767827630043,0.0013968199491500854,19.34813690185547,0.0508270263671875,84.6713638305664,1.1444168090820312,2.4596939086914062,4.004367828369141,5.87176513671875,1
741_0.81_1.91.png,36.863399505615234,0.9943739175796509,11.09315013885498,train_core,1,2.157489776611328,0,36.863399505615234,51.683799743652344,37.008968353271484,120.0,0.020475316792726517,0.0022006265353411436,14.82040023803711,0.14556884765625,83.13660049438477,1.1162376403808594,2.3888473510742188,3.8646507263183594,5.611103057861328,1
742_0.78_1.13.png,41.02644348144531,0.9979777336120605,15.271881103515625,train_core,2,2.0931777954101562,0,41.02644348144531,55.01472473144531,41.2033805847168,120.0,0.012872072868049145,0.0015276786871254444,13.98828125,0.17693710327148438,78.97355651855469,1.1070938110351562,2.365985870361328,3.8200340270996094,5.529361724853516,1
744_0.9_0.99.png,40.19183349609375,0.9978183507919312,14.774967193603516,train_core,3,1.6165428161621094,0,40.19183349609375,55.275230407714844,40.32869338989258,120.0,0.013855100609362125,0.0014881972456350923,15.083396911621094,0.13685989379882812,79.80816650390625,1.1187858581542969,2.395233154296875,3.877155303955078,5.634143829345703,1
747_0.87_0.51.png,44.47758102416992,0.9979504346847534,19.181983947753906,train_core,4,1.6274223327636719,0,44.47758102416992,59.61595916748047,44.614158630371094,120.0,0.007933578453958035,0.0008618091233074665,15.138378143310547,0.13657760620117188,75.52241897583008,1.1192588806152344,2.3963966369628906,3.8794517517089844,5.638401031494141,1
748_0.79_0.91.png,39.8411979675293,0.99505615234375,14.629566192626953,train_core,0,1.7775688171386719,0,39.8411979675293,57.639923095703125,39.91583251953125,120.0,0.01600535213947296,0.0010908808326348662,17.798725128173828,0.07463455200195312,80.1588020324707,1.1377334594726562,2.4428367614746094,3.9709243774414062,5.808712005615234,1
749_0.79_1.11.png,41.15184020996094,0.99642014503479,13.56987476348877,train_core,1,1.2696952819824219,0,41.15184020996094,55.58439254760742,41.3129768371582,120.0,0.011740350164473057,0.0013615299249067903,14.432552337646484,0.16113662719726562,78.84815979003906,1.1119880676269531,2.3782272338867188,3.8439407348632812,5.573184967041016,1
74_0.6_1.25.png,35.4349250793457,0.9975794553756714,16.52945899963379,train_core,2,4.800498962402344,0,35.4349250793457,54.37173843383789,35.49153518676758,120.0,0.02684769406914711,0.0015150150284171104,18.936813354492188,0.056610107421875,84.5650749206543,1.1428947448730469,2.4558448791503906,3.9967079162597656,5.8572845458984375,1
751_0.7_1.66.png,39.84798812866211,0.995302677154541,11.79886245727539,train_core,3,1.192657470703125,0,39.84798812866211,53.71745681762695,40.03410720825195,120.0,0.014341605827212334,0.0016722065629437566,13.869468688964844,0.18611907958984375,80.15201187133789,1.1053657531738281,2.3617172241210938,3.8117942810058594,5.514492034912109,1
752_0.78_0.7.png,41.81126403808594,0.9957906603813171,17.10422134399414,train_core,4,1.7461395263671875,0,41.81126403808594,57.716400146484375,41.92533493041992,120.0,0.010879089124500751,0.0010808894876390696,15.905136108398438,0.11407089233398438,78.18873596191406,1.1256179809570312,2.4123687744140625,3.9108428955078125,5.696647644042969,1
753_0.57_0.6.png,40.08110046386719,0.9989487528800964,24.87310218811035,train_core,0,4.492336273193359,0,40.08110046386719,54.442405700683594,40.2467041015625,120.0,0.01396952010691166,0.0014730409020558,14.361305236816406,0.1656036376953125,79.91889953613281,1.1113395690917969,2.3766021728515625,3.8407363891601562,5.567241668701172,1
755_0.86_0.67.png,34.3719482421875,0.9968644976615906,20.715944290161133,train_core,1,4.055072784423828,0,34.3719482421875,52.481658935546875,34.43983459472656,120.0,0.02147889882326126,0.0017503279959782958,18.109710693359375,0.0678863525390625,85.6280517578125,1.1393280029296875,2.4468536376953125,3.9788818359375,5.823673248291016,1
758_0.54_1.45.png,38.94477844238281,0.9971517324447632,13.957239151000977,train_core,2,3.2969207763671875,0,38.94477844238281,55.69173812866211,39.03794479370117,120.0,0.016588442027568817,0.0013126105768606067,16.746959686279297,0.09316635131835938,81.05522155761719,1.131805419921875,2.4279022216796875,3.9413986206054688,5.753383636474609,1
759_0.74_1.21.png,38.402549743652344,0.9972688555717468,12.72731876373291,train_core,3,3.0657958984375,0,38.402549743652344,55.701656341552734,38.48432159423828,120.0,0.01779818907380104,0.0013129711151123047,17.29910659790039,0.0817718505859375,81.59745025634766,1.1351394653320312,2.4363059997558594,3.9580039978027344,5.784458160400391,1
760_0.93_0.78.png,37.590492248535156,0.9969878196716309,14.382177352905273,train_core,4,3.1957778930664062,0,37.590492248535156,56.68810272216797,37.64449691772461,120.0,0.020381152629852295,0.0011681276373565197,19.097610473632812,0.054004669189453125,82.40950775146484,1.1435089111328125,2.4573974609375,3.999797821044922,5.8631134033203125,1
761_0.55_0.83.png,41.880516052246094,0.9991874098777771,21.468294143676758,train_core,0,1.8378257751464844,0,41.880516052246094,57.39691162109375,42.00419998168945,120.0,0.012314435094594955,0.0010030576959252357,15.516395568847656,0.12368392944335938,78.1194839477539,1.1226654052734375,2.4049530029296875,3.8962173461914062,5.66937255859375,1
762_0.76_1.45.png,40.150394439697266,0.9980056285858154,15.052263259887695,train_core,1,2.4950523376464844,0,40.150394439697266,55.20737075805664,40.28809356689453,120.0,0.013924936763942242,0.0013542253291234374,15.056976318359375,0.13769912719726562,79.84960556030273,1.1185417175292969,2.394611358642578,3.875934600830078,5.631885528564453,1
763_0.84_1.82.png,38.866573333740234,0.9965917468070984,12.282112121582031,train_core,2,2.322540283203125,0,38.866573333740234,53.351951599121094,39.02400588989258,120.0,0.015073253773152828,0.0016683473950251937,14.48537826538086,0.15743255615234375,81.13342666625977,1.1127662658691406,2.3801536560058594,3.8476600646972656,5.57989501953125,1
764_0.98_1.95.png,36.356895446777344,0.9949278235435486,10.543706893920898,train_core,3,2.4215850830078125,0,36.356895446777344,52.048118591308594,36.47563171386719,120.0,0.0199301615357399,0.0019254045328125358,15.69122314453125,0.11873626708984375,83.64310455322266,1.1241302490234375,2.408618927001953,3.9034194946289062,5.682708740234375,1
765_0.56_1.91.png,32.90360641479492,0.9944741129875183,13.815774917602539,train_core,4,3.115997314453125,0,32.90360641479492,51.339229583740234,32.96690368652344,120.0,0.037745438516139984,0.002255840227007866,18.435623168945312,0.06329727172851562,87.09639358520508,1.1408042907714844,2.450572967529297,3.986255645751953,5.837551116943359,1
766_1.0_0.59.png,39.43943405151367,0.9983872175216675,17.567562103271484,train_core,0,3.2532615661621094,0,39.43943405151367,56.47864532470703,39.526283264160156,120.0,0.01616443134844303,0.0012996598379686475,17.03921127319336,0.08684921264648438,80.56056594848633,1.1336174011230469,2.4324569702148438,3.950389862060547,5.770191192626953,1
768_0.71_1.33.png,36.682640075683594,0.997135579586029,14.6270170211792,train_core,1,3.4547119140625,0,36.682640075683594,53.78889083862305,36.76829528808594,120.0,0.024880073964595795,0.0017412853194400668,17.106250762939453,0.08565521240234375,83.3173599243164,1.1340141296386719,2.4334564208984375,3.952373504638672,5.773902893066406,1
76_0.93_0.69.png,37.826316833496094,0.9984420537948608,16.34044647216797,train_core,2,2.859600067138672,0,37.826316833496094,56.36809539794922,37.88761901855469,120.0,0.01934330351650715,0.0012016231194138527,18.541778564453125,0.06130218505859375,82.1736831665039,1.1412773132324219,2.451770782470703,3.988636016845703,5.842044830322266,1
770_0.88_1.68.png,31.1919002532959,0.9909419417381287,13.361074447631836,train_core,3,4.268239974975586,0,31.1919002532959,52.21104431152344,31.22637939453125,120.0,0.03856351599097252,0.001861158641986549,21.01914405822754,0.03447914123535156,88.8080997467041,1.1493358612060547,2.4721431732177734,4.029146194458008,5.918767929077148,1
771_0.77_1.91.png,29.75130271911621,0.9895597696304321,12.817953109741211,train_core,4,4.249635696411133,0,29.75130271911621,52.84972381591797,29.772634506225586,120.0,0.048731859773397446,0.0017497321823611856,23.098421096801758,0.021331787109375,90.24869728088379,1.1533317565917969,2.4822559356689453,4.049333572387695,5.95722770690918,1
772_0.9_1.15.png,32.60367965698242,0.9940134286880493,15.974364280700684,train_core,0,3.9639549255371094,0,32.60367965698242,54.360008239746094,32.63275909423828,120.0,0.03211766481399536,0.0014822324737906456,21.756328582763672,0.029079437255859375,87.39632034301758,1.1509742736816406,2.4762916564941406,4.037418365478516,5.934505462646484,1
773_0.65_0.81.png,35.66962432861328,0.9984239935874939,23.293643951416016,train_core,1,4.078334808349609,0,35.66962432861328,54.41888427734375,35.72794723510742,120.0,0.02488761954009533,0.001514033298008144,18.74925994873047,0.058322906494140625,84.33037567138672,1.1421432495117188,2.4539566040039062,3.9929656982421875,5.850212097167969,1
774_0.55_0.55.png,41.683631896972656,0.9993011355400085,29.34249496459961,train_core,2,2.4310951232910156,0,41.683631896972656,56.457061767578125,41.83080291748047,120.0,0.012621244415640831,0.0012550976825878024,14.773429870605469,0.1471710205078125,78.31636810302734,1.1157684326171875,2.3876724243164062,3.8623504638671875,5.606868743896484,1
776_0.82_1.93.png,26.57744598388672,0.9914671182632446,13.31772232055664,train_core,3,3.536712646484375,0,26.57744598388672,49.07653045654297,26.60194206237793,120.0,0.07010672241449356,0.0025690696202218533,22.49908447265625,0.024496078491210938,93.42255401611328,1.1523666381835938,2.479816436767578,4.044460296630859,5.947929382324219,1
777_0.96_0.95.png,33.34059524536133,0.9980535507202148,18.658674240112305,train_core,4,2.886859893798828,0,33.34059524536133,54.16099548339844,33.376708984375,120.0,0.03826415538787842,0.001552383997477591,20.82040023803711,0.036113739013671875,86.65940475463867,1.1488418579101562,2.4708900451660156,4.0266571044921875,5.914031982421875,1
779_0.72_1.2.png,38.17824935913086,0.9984962940216064,21.01234245300293,train_core,0,1.6686248779296875,0,38.17824935913086,53.933494567871094,38.29524230957031,120.0,0.018418747931718826,0.0016303304582834244,15.755245208740234,0.11699295043945312,81.82175064086914,1.1246452331542969,2.4099159240722656,3.9059715270996094,5.687435150146484,1
77_0.51_0.74.png,35.634864807128906,0.9968699216842651,23.10511016845703,train_core,1,2.7676467895507812,0,35.634864807128906,57.66234588623047,35.662254333496094,120.0,0.03005264699459076,0.0010603360133245587,22.027481079101562,0.0273895263671875,84.3651351928711,1.1515121459960938,2.4776458740234375,4.040126800537109,5.939659118652344,1
780_0.62_1.99.png,35.69568634033203,0.9971094131469727,17.24321174621582,train_core,2,1.0419654846191406,0,35.69568634033203,51.81391143798828,35.80317687988281,120.0,0.027162736281752586,0.002054032403975725,16.11822509765625,0.10749053955078125,84.30431365966797,1.1274566650390625,2.4169692993164062,3.919849395751953,5.713218688964844,1
782_0.62_1.68.png,35.499977111816406,0.997241735458374,20.266542434692383,train_core,3,4.409656524658203,0,35.499977111816406,53.13391876220703,35.57551956176758,120.0,0.023267613723874092,0.0014837224734947085,17.633941650390625,0.07554244995117188,84.5000228881836,1.1369781494140625,2.44091796875,3.9671249389648438,5.801567077636719,1
786_0.91_0.72.png,40.50566101074219,0.9977688789367676,17.60980796813965,train_core,4,2.5691566467285156,0,40.50566101074219,55.65131759643555,40.64109420776367,120.0,0.015049707144498825,0.0012416949030011892,15.14565658569336,0.13543319702148438,79.49433898925781,1.1193199157714844,2.396564483642578,3.879772186279297,5.63897705078125,1
787_0.88_0.71.png,42.3267822265625,0.9981813430786133,18.268749237060547,train_core,0,1.830596923828125,0,42.3267822265625,55.85283279418945,42.52486801147461,120.0,0.011661631986498833,0.0012253468157723546,13.526050567626953,0.19808578491210938,77.6732177734375,1.1011390686035156,2.3511581420898438,3.7912139892578125,5.476936340332031,1
788_0.91_1.66.png,34.18571090698242,0.9924840927124023,12.48910140991211,train_core,1,2.6494598388671875,0,34.18571090698242,51.053462982177734,34.276336669921875,120.0,0.029655249789357185,0.001991107827052474,16.867752075195312,0.09062576293945312,85.81428909301758,1.1325263977050781,2.4297027587890625,3.9449539184570312,5.760036468505859,1
789_0.83_0.77.png,39.66161346435547,0.9986352920532227,20.573293685913086,train_core,2,3.2478599548339844,0,39.66161346435547,56.06416320800781,39.76234436035156,120.0,0.016229573637247086,0.0011933705536648631,16.402549743652344,0.10073089599609375,80.33838653564453,1.129486083984375,2.422069549560547,3.9299049377441406,5.7319488525390625,1
790_0.55_1.94.png,37.3884162902832,0.9952763319015503,16.361724853515625,train_core,3,2.747844696044922,0,37.3884162902832,51.12176513671875,37.57757568359375,120.0,0.020343251526355743,0.001991705037653446,13.733348846435547,0.18915939331054688,82.6115837097168,1.1038970947265625,2.3580284118652344,3.804553985595703,5.501163482666016,1
792_0.82_1.35.png,36.7158203125,0.9970932006835938,16.996898651123047,train_core,4,3.4633140563964844,0,36.7158203125,53.12263870239258,36.81650924682617,120.0,0.023031869903206825,0.0016137114726006985,16.406818389892578,0.10068893432617188,83.2841796875,1.1295089721679688,2.422119140625,3.9300003051757812,5.732112884521484,1
793_0.71_0.66.png,45.25794982910156,0.9981809854507446,19.361108779907227,train_core,0,1.950653076171875,0,45.25794982910156,57.165931701660156,45.55320358276367,120.0,0.007433207239955664,0.0010463957441970706,11.907981872558594,0.2952537536621094,74.74205017089844,1.0747337341308594,2.2857513427734375,3.6652565002441406,5.251182556152344,1
794_0.7_1.44.png,39.919490814208984,0.9956129789352417,13.60509967803955,train_core,1,2.919048309326172,0,39.919490814208984,53.62834930419922,40.111507415771484,120.0,0.013785263523459435,0.0015337321674451232,13.708858489990234,0.1920166015625,80.08050918579102,1.1034049987792969,2.356830596923828,3.802276611328125,5.497119903564453,1
795_0.86_1.17.png,41.05646514892578,0.9966681003570557,13.142647743225098,train_core,2,2.4572219848632812,0,41.05646514892578,54.26268005371094,41.27165985107422,120.0,0.01095946878194809,0.0014416445046663284,13.206214904785156,0.2151947021484375,78.94353485107422,1.0965423583984375,2.3397445678710938,3.7691612243652344,5.4371490478515625,1
796_0.6_0.64.png,46.952659606933594,0.998519778251648,20.398386001586914,train_core,3,1.7189826965332031,0,46.952659606933594,57.64463806152344,47.34737014770508,120.0,0.005939668044447899,0.0009972485713660717,10.691978454589844,0.3947105407714844,73.0473403930664,1.0475196838378906,2.2189407348632812,3.538311004638672,5.028633117675781,1
798_0.77_1.01.png,43.696075439453125,0.9961460828781128,13.82530689239502,train_core,4,2.0681533813476562,0,43.696075439453125,55.972145080566406,43.963890075683594,120.0,0.00953531265258789,0.0013446863740682602,12.276069641113281,0.26781463623046875,76.30392456054688,1.0812187194824219,2.3017578125,3.695934295654297,5.305774688720703,1
799_0.65_0.7.png,45.94972610473633,0.9986417293548584,17.75476837158203,train_core,0,2.0316429138183594,0,45.94972610473633,57.935386657714844,46.23616027832031,120.0,0.007186225615441799,0.0010897896718233824,11.985660552978516,0.2864341735839844,74.05027389526367,1.0760383605957031,2.288959503173828,3.6714019775390625,5.2621307373046875,1
79_0.62_1.54.png,32.137638092041016,0.9926490187644958,16.616989135742188,train_core,1,4.381935119628906,0,32.137638092041016,54.31791687011719,32.1640510559082,120.0,0.04531554505228996,0.0015155501896515489,22.180278778076172,0.0264129638671875,87.86236190795898,1.1517982482910156,2.478374481201172,4.041576385498047,5.942436218261719,1
7_0.89_0.6.png,39.15119934082031,0.9970905780792236,19.07300567626953,train_core,2,2.1192893981933594,0,39.15119934082031,54.67138671875,39.274776458740234,120.0,0.01589529775083065,0.001462449785321951,15.520187377929688,0.12357711791992188,80.84880065917969,1.1226997375488281,2.4050369262695312,3.896381378173828,5.6696624755859375,1
800_0.59_1.64.png,38.54309844970703,0.9882584810256958,11.886869430541992,train_core,3,2.1240501403808594,0,38.54309844970703,53.54759979248047,38.68387222290039,120.0,0.018985193222761154,0.0017235007835552096,15.004501342773438,0.14077377319335938,81.45690155029297,1.1176719665527344,2.3924407958984375,3.8717193603515625,5.624210357666016,1
803_0.56_0.58.png,43.49466323852539,0.9984445571899414,20.26101303100586,train_core,4,2.2090110778808594,0,43.49466323852539,57.847206115722656,43.66172409057617,120.0,0.009288785979151726,0.0010972331510856748,14.352542877197266,0.16706085205078125,76.50533676147461,1.1109390258789062,2.3756370544433594,3.8389320373535156,5.564113616943359,1
804_0.99_1.92.png,30.86807632446289,0.9877854585647583,8.494256973266602,train_core,0,1.9646453857421875,0,30.86807632446289,50.645164489746094,30.91637420654297,120.0,0.036442600190639496,0.002414627466350794,19.777088165283203,0.048297882080078125,89.13192367553711,1.1455650329589844,2.462615966796875,4.010246276855469,5.883079528808594,1
805_0.75_1.2.png,30.967557907104492,0.9933955073356628,20.529287338256836,train_core,1,3.420930862426758,0,30.967557907104492,51.26601791381836,31.00862693786621,120.0,0.029772821813821793,0.001907489262521267,20.298460006713867,0.04106903076171875,89.03244209289551,1.1473560333251953,2.4671497344970703,4.019208908081055,5.899946212768555,1
806_0.93_1.51.png,29.40809440612793,0.9883917570114136,13.330743789672852,train_core,2,3.7311878204345703,0,29.40809440612793,49.41545104980469,29.45195960998535,120.0,0.038652561604976654,0.0023977032396942377,20.007356643676758,0.043865203857421875,90.59190559387207,1.146505355834961,2.4649887084960938,4.014921188354492,5.89179801940918,1
809_0.65_1.56.png,28.09817886352539,0.9865922927856445,23.259403228759766,train_core,3,5.055942535400391,0,28.09817886352539,47.00066375732422,28.15445899963379,120.0,0.04516188055276871,0.001970033161342144,18.902484893798828,0.05628013610839844,91.90182113647461,1.1427536010742188,2.4554977416992188,3.99603271484375,5.856006622314453,1
80_0.99_1.95.png,29.58761215209961,0.9860012531280518,10.90831184387207,train_core,4,2.7552833557128906,0,29.58761215209961,50.513404846191406,29.622859954833984,120.0,0.04968956112861633,0.0022252053022384644,20.925792694091797,0.035247802734375,90.41238784790039,1.14910888671875,2.4715614318847656,4.027988433837891,5.916561126708984,1
811_0.69_1.87.png,25.633167266845703,0.9833439588546753,20.238548278808594,train_core,0,4.989238739013672,0,25.633167266845703,47.134056091308594,25.664020538330078,120.0,0.059178076684474945,0.002056251745671034,21.50088882446289,0.030853271484375,94.3668327331543,1.1504364013671875,2.4749317169189453,4.034708023071289,5.929347991943359,1
814_0.63_1.29.png,42.59214401245117,0.9985591173171997,16.357257843017578,train_core,1,0.5374908447265625,0,42.59214401245117,51.007415771484375,43.2765007019043,120.0,0.009619535878300667,0.0021911102812737226,8.415271759033203,0.684356689453125,77.40785598754883,0.9719810485839844,2.0365257263183594,3.2001991271972656,4.457859039306641,1
815_0.7_1.68.png,41.187644958496094,0.9979404211044312,13.66529655456543,train_core,2,0.4485626220703125,0,41.187644958496094,49.11051940917969,41.960357666015625,120.0,0.011542442254722118,0.0027233429718762636,7.922874450683594,0.7727127075195312,78.8123550415039,0.9499015808105469,1.9840545654296875,3.105194091796875,4.302829742431641,1
816_0.78_1.56.png,40.9208984375,0.9978214502334595,13.234487533569336,train_core,3,0.6174468994140625,0,40.9208984375,49.18560028076172,41.628761291503906,120.0,0.01190525759011507,0.0027036743704229593,8.264701843261719,0.7078628540039062,79.0791015625,0.9654159545898438,2.020904541015625,3.1718673706054688,4.411491394042969,1
819_0.5_1.85.png,33.86784362792969,0.9955296516418457,17.883766174316406,train_core,4,4.093509674072266,0,33.86784362792969,51.76051712036133,33.93933868408203,120.0,0.02884317748248577,0.001890192274004221,17.89267349243164,0.07149505615234375,86.13215637207031,1.1382637023925781,2.4441795349121094,3.9735755920410156,5.813694000244141,1
81_0.94_0.63.png,39.75551223754883,0.9959103465080261,14.748523712158203,train_core,0,1.2211456298828125,0,39.75551223754883,55.05412673950195,39.88584899902344,120.0,0.014584203250706196,0.001414758968167007,15.298614501953125,0.13033676147460938,80.24448776245117,1.1207237243652344,2.4000778198242188,3.8866539001464844,5.651710510253906,1
820_0.87_0.77.png,35.36213684082031,0.9971112012863159,22.1348876953125,train_core,1,1.9317474365234375,0,35.36213684082031,55.6812744140625,35.40290069580078,120.0,0.023164590820670128,0.00125070137437433,20.319137573242188,0.04076385498046875,84.63786315917969,1.1474876403808594,2.467456817626953,4.019813537597656,5.9010467529296875,1
823_0.63_1.96.png,32.129329681396484,0.9931609630584717,13.703838348388672,train_core,2,3.635265350341797,0,32.129329681396484,54.022605895996094,32.157508850097656,120.0,0.02736457996070385,0.001539462711662054,21.89327621459961,0.028179168701171875,87.87067031860352,1.1512527465820312,2.47698974609375,4.038810729980469,5.937156677246094,1
824_0.66_1.88.png,32.34168243408203,0.993561863899231,13.64627742767334,train_core,3,3.367359161376953,0,32.34168243408203,54.164310455322266,32.370323181152344,120.0,0.02636590227484703,0.0015181610360741615,21.822628021240234,0.0286407470703125,87.65831756591797,1.1511077880859375,2.4766311645507812,4.038097381591797,5.935798645019531,1
825_0.61_0.94.png,34.36968231201172,0.997661292552948,21.273258209228516,train_core,4,4.207530975341797,0,34.36968231201172,55.7081184387207,34.40210723876953,120.0,0.03319554775953293,0.0012491822708398104,21.338436126708984,0.0324249267578125,85.63031768798828,1.1500778198242188,2.4740257263183594,4.03289794921875,5.9259033203125,1
826_0.81_1.2.png,30.430917739868164,0.9949949979782104,15.92492961883545,train_core,0,3.879762649536133,0,30.430917739868164,53.555015563964844,30.452468872070312,120.0,0.051164641976356506,0.0015256153419613838,23.12409782409668,0.021551132202148438,89.56908226013184,1.1533679962158203,2.4823551177978516,4.049524307250977,5.957601547241211,1
827_0.72_1.56.png,29.692041397094727,0.9939543008804321,16.139808654785156,train_core,1,4.004262924194336,0,29.692041397094727,52.61848831176758,29.71440315246582,120.0,0.05716320872306824,0.0017077286029234529,22.92644691467285,0.02236175537109375,90.30795860290527,1.153066635131836,2.481588363647461,4.048002243041992,5.954690933227539,1
828_0.72_1.9.png,27.711620330810547,0.9909224510192871,15.058379173278809,train_core,2,3.915262222290039,0,27.711620330810547,51.3698616027832,27.73053741455078,120.0,0.07140742242336273,0.0019303023582324386,23.658241271972656,0.018917083740234375,92.28837966918945,1.1541175842285156,2.4842529296875,4.053316116333008,5.96484375,1
829_0.57_1.81.png,35.959354400634766,0.9976342916488647,16.90530776977539,train_core,3,2.570636749267578,0,35.959354400634766,50.234092712402344,36.12670135498047,120.0,0.0262647345662117,0.0023584465961903334,14.274738311767578,0.16734695434570312,84.04064559936523,1.1104316711425781,2.3743362426757812,3.8363037109375,5.559093475341797,1
830_0.87_0.66.png,38.32610321044922,0.9990977644920349,19.34722137451172,train_core,4,2.651153564453125,0,38.32610321044922,55.905120849609375,38.402626037597656,120.0,0.016421157866716385,0.0013072026195004582,17.579017639160156,0.0765228271484375,81.67389678955078,1.1366806030273438,2.4401779174804688,3.965656280517578,5.798809051513672,1
831_0.51_1.4.png,40.61518096923828,0.9987966418266296,19.20870590209961,train_core,0,1.0124053955078125,0,40.61518096923828,52.296142578125,40.92119598388672,120.0,0.014039465226233006,0.0018597748130559921,11.680961608886719,0.3060150146484375,79.38481903076172,1.0704765319824219,2.2752304077148438,3.6450729370117188,5.2152862548828125,1
832_0.61_0.64.png,41.47296905517578,0.9994243383407593,24.802837371826172,train_core,1,2.8126144409179688,0,41.47296905517578,55.95928192138672,41.63041687011719,120.0,0.013320136815309525,0.0012988776434212923,14.486312866210938,0.15744781494140625,78.52703094482422,1.112762451171875,2.3801498413085938,3.8476600646972656,5.57989501953125,1
834_0.61_0.66.png,38.937599182128906,0.9982507228851318,23.458763122558594,train_core,2,2.795257568359375,0,38.937599182128906,57.11422348022461,39.004302978515625,120.0,0.01948259212076664,0.001180125866085291,18.176624298095703,0.06670379638671875,81.0624008178711,1.1396446228027344,2.4476356506347656,3.9804306030273438,5.8265838623046875,1
835_0.98_1.98.png,33.05255126953125,0.9935945868492126,11.789651870727539,train_core,3,3.7401962280273438,0,33.05255126953125,50.83041763305664,33.125732421875,120.0,0.030820606276392937,0.002319674240425229,17.77786636352539,0.07318115234375,86.94744873046875,1.1376876831054688,2.442718505859375,3.970691680908203,5.808277130126953,1
836_0.97_1.19.png,36.081241607666016,0.9971102476119995,15.010533332824707,train_core,4,3.2102012634277344,0,36.081241607666016,53.67717742919922,36.15755081176758,120.0,0.020963015034794807,0.001685529830865562,17.595935821533203,0.0763092041015625,83.91875839233398,1.1367530822753906,2.4403648376464844,3.9660301208496094,5.799518585205078,1
837_0.69_0.9.png,32.63465118408203,0.9958426356315613,15.807929992675781,train_core,0,3.620288848876953,0,32.63465118408203,54.87762451171875,32.661346435546875,120.0,0.04022131487727165,0.0013697549002245069,22.24297332763672,0.02669525146484375,87.36534881591797,1.1519088745117188,2.4786643981933594,4.042152404785156,5.9435272216796875,1
838_0.55_1.54.png,31.566757202148438,0.9942134618759155,14.274726867675781,train_core,1,3.574634552001953,0,31.566757202148438,52.65283966064453,31.60162925720215,120.0,0.04594075307250023,0.0017518404638394713,21.086082458496094,0.03487205505371094,88.43324279785156,1.1494941711425781,2.4725341796875,4.029930114746094,5.920257568359375,1
839_0.77_1.34.png,30.627182006835938,0.9925443530082703,12.227644920349121,train_core,2,3.2162094116210938,0,30.627182006835938,53.06407928466797,30.652353286743164,120.0,0.04783731698989868,0.001703625894151628,22.43689727783203,0.025171279907226562,89.37281799316406,1.1522560119628906,2.4795379638671875,4.043903350830078,5.946868896484375,1
83_0.64_1.88.png,38.318397521972656,0.9956459999084473,11.402868270874023,train_core,3,1.2391738891601562,0,38.318397521972656,50.37293243408203,38.60014724731445,120.0,0.018346644937992096,0.002427492756396532,12.054534912109375,0.2817497253417969,81.68160247802734,1.0777130126953125,2.293079376220703,3.679241180419922,5.27587890625,1
841_0.76_1.47.png,29.983081817626953,0.9943873882293701,15.795621871948242,train_core,4,3.728496551513672,0,29.983081817626953,53.48941421508789,30.002500534057617,120.0,0.055650725960731506,0.0014698078157380223,23.506332397460938,0.019418716430664062,90.01691818237305,1.1539115905761719,2.4837303161621094,4.052280426025391,5.962863922119141,1
842_0.93_0.69.png,39.09232711791992,0.9979170560836792,21.684539794921875,train_core,0,2.496135711669922,0,39.09232711791992,57.651344299316406,39.15327453613281,120.0,0.014033552259206772,0.0010256044333800673,18.559017181396484,0.060947418212890625,80.90767288208008,1.1413536071777344,2.4519577026367188,3.9889984130859375,5.842731475830078,1
843_0.99_1.9.png,30.60177230834961,0.9917949438095093,14.122417449951172,train_core,1,3.9436912536621094,0,30.60177230834961,52.77354431152344,30.628192901611328,120.0,0.04884740337729454,0.0017327256500720978,22.171772003173828,0.02642059326171875,89.39822769165039,1.151784896850586,2.4783363342285156,4.041507720947266,5.942291259765625,1
846_0.68_1.78.png,31.577953338623047,0.9770939350128174,10.762260437011719,train_core,2,3.8807296752929688,0,31.577953338623047,52.48396301269531,31.61334991455078,120.0,0.042409952729940414,0.0019325049361214042,20.906009674072266,0.035396575927734375,88.42204666137695,1.1490592956542969,2.4714431762695312,4.027751922607422,5.916110992431641,1
847_0.92_0.94.png,35.54791259765625,0.9857510328292847,14.601668357849121,train_core,3,2.8908348083496094,0,35.54791259765625,52.379371643066406,35.638946533203125,120.0,0.024947689846158028,0.0018457657424733043,16.831459045410156,0.091033935546875,84.45208740234375,1.1323509216308594,2.429271697998047,3.9440994262695312,5.758430480957031,1
848_0.71_0.58.png,36.54923629760742,0.9893478155136108,19.762161254882812,train_core,4,2.836894989013672,0,36.54923629760742,56.89523696899414,36.58952713012695,120.0,0.024262581020593643,0.001203807070851326,20.34600067138672,0.04029083251953125,83.45076370239258,1.1475791931152344,2.467693328857422,4.020282745361328,5.901927947998047,1
849_0.55_0.6.png,45.431522369384766,0.9995865821838379,28.61782455444336,train_core,0,1.1866645812988281,0,45.431522369384766,55.184242248535156,45.91761016845703,120.0,0.007141797803342342,0.0014648850774392486,9.75271987915039,0.4860877990722656,74.56847763061523,1.0213394165039062,2.155162811279297,3.4186134338378906,4.822834014892578,1
84_0.89_1.11.png,39.45608901977539,0.9957728385925293,11.30449104309082,train_core,1,0.7659683227539062,0,39.45608901977539,52.383609771728516,39.683536529541016,120.0,0.014863410964608192,0.001880533411167562,12.927520751953125,0.227447509765625,80.54391098022461,1.0925407409667969,2.329792022705078,3.7498626708984375,5.402214050292969,1
850_0.57_0.78.png,44.02759552001953,0.9994891881942749,25.84001350402832,train_core,2,1.1190834045410156,0,44.02759552001953,54.482635498046875,44.43756866455078,120.0,0.00917617604136467,0.0015766337746754289,10.455039978027344,0.40997314453125,75.97240447998047,1.0417327880859375,2.2047653198242188,3.5115089416503906,4.982013702392578,1
852_0.93_0.73.png,39.12497329711914,0.9989970922470093,17.691076278686523,train_core,3,2.587024688720703,0,39.12497329711914,54.736114501953125,39.24595260620117,120.0,0.014740084297955036,0.0016158156795427203,15.611141204833984,0.12097930908203125,80.87502670288086,1.12347412109375,2.406963348388672,3.900157928466797,5.676658630371094,1
853_0.93_0.96.png,39.5322380065918,0.9966113567352295,14.814947128295898,train_core,4,1.2078056335449219,0,39.5322380065918,53.17642593383789,39.724124908447266,120.0,0.01485288143157959,0.0016877297312021255,13.644187927246094,0.19188690185546875,80.4677619934082,1.1027717590332031,2.3552169799804688,3.7990951538085938,5.4912261962890625,1
854_0.55_1.43.png,38.55547332763672,0.9964532852172852,15.803667068481445,train_core,0,2.411785125732422,0,38.55547332763672,51.416114807128906,38.78703689575195,120.0,0.01717866025865078,0.001874718815088272,12.860641479492188,0.23156356811523438,81.44452667236328,1.0915718078613281,2.327381134033203,3.745189666748047,5.393772125244141,1
857_0.54_1.6.png,33.31382751464844,0.9949438571929932,14.911561965942383,train_core,1,3.0956802368164062,0,33.31382751464844,52.60652160644531,33.36526107788086,120.0,0.03656346723437309,0.001653602346777916,19.292694091796875,0.051433563232421875,86.68617248535156,1.1442146301269531,2.459186553955078,4.003360748291016,5.8698577880859375,1
858_0.65_1.72.png,33.471187591552734,0.994316816329956,13.784448623657227,train_core,2,3.471019744873047,0,33.471187591552734,52.21649169921875,33.529571533203125,120.0,0.03591211885213852,0.0017468137666583061,18.745304107666016,0.058383941650390625,86.52881240844727,1.1421241760253906,2.453907012939453,3.992870330810547,5.850032806396484,1
859_0.97_0.93.png,37.88302993774414,0.9965704679489136,15.618509292602539,train_core,3,2.7371177673339844,0,37.88302993774414,53.387107849121094,38.00818634033203,120.0,0.01825520023703575,0.001439728424884379,15.504077911376953,0.12515640258789062,82.11697006225586,1.1225624084472656,2.4046783447265625,3.8956871032714844,5.6683807373046875,1
862_0.69_1.5.png,39.4576301574707,0.9968156218528748,17.230804443359375,train_core,4,2.3627395629882812,0,39.4576301574707,54.498844146728516,39.59584426879883,120.0,0.016105741262435913,0.0015132181579247117,15.041213989257812,0.138214111328125,80.5423698425293,1.1183891296386719,2.3942337036132812,3.8751983642578125,5.630531311035156,1
864_0.62_0.85.png,41.915496826171875,0.9987400770187378,21.58023452758789,train_core,0,2.641826629638672,0,41.915496826171875,56.23310470581055,42.079246520996094,120.0,0.012299143709242344,0.0012309517478570342,14.317607879638672,0.16374969482421875,78.08450317382812,1.1109161376953125,2.37554931640625,3.8386688232421875,5.563423156738281,1
865_0.85_1.63.png,35.91111755371094,0.9971968531608582,14.001640319824219,train_core,1,2.099700927734375,0,35.91111755371094,52.76542282104492,36.002201080322266,120.0,0.021763959899544716,0.0017920158570632339,16.854305267333984,0.09108352661132812,84.08888244628906,1.1324653625488281,2.4295578002929688,3.9446640014648438,5.759494781494141,1
866_0.78_1.78.png,35.69454574584961,0.9971247911453247,13.793600082397461,train_core,2,2.7904701232910156,0,35.69454574584961,52.620513916015625,35.78410339355469,120.0,0.021727534011006355,0.0018094388069584966,16.925968170166016,0.08955764770507812,84.30545425415039,1.1329002380371094,2.4306564331054688,3.94683837890625,5.763553619384766,1
868_0.85_0.65.png,40.040130615234375,0.9989924430847168,21.26239013671875,train_core,3,2.17535400390625,0,40.040130615234375,56.1496696472168,40.14844512939453,120.0,0.014721395447850227,0.001182799693197012,16.109539031982422,0.10831451416015625,79.95986938476562,1.1273727416992188,2.4167556762695312,3.91943359375,5.712455749511719,1
870_0.81_1.14.png,39.476463317871094,0.9982528686523438,16.647565841674805,train_core,4,3.1162109375,0,39.476463317871094,54.647308349609375,39.61067581176758,120.0,0.015540310181677341,0.0014987514587119222,15.170845031738281,0.13421249389648438,80.5235366821289,1.1196022033691406,2.3972625732421875,3.881134033203125,5.641483306884766,1
871_0.96_0.58.png,41.710933685302734,0.9990415573120117,19.394540786743164,train_core,0,1.8913841247558594,0,41.710933685302734,56.61272048950195,41.853851318359375,120.0,0.01268192008137703,0.00120743818115443,14.901786804199219,0.14291763305664062,78.28906631469727,1.1170387268066406,2.3908538818359375,3.868579864501953,5.618339538574219,1
872_0.51_0.78.png,41.02766036987305,0.9987568855285645,22.2641544342041,train_core,1,2.172618865966797,0,41.02766036987305,56.015899658203125,41.16773223876953,120.0,0.014779866673052311,0.0012457793345674872,14.988239288330078,0.14007186889648438,78.97233963012695,1.1178817749023438,2.3929481506347656,3.8726844787597656,5.625892639160156,1
873_0.73_0.83.png,41.18808364868164,0.9978002309799194,19.309574127197266,train_core,2,2.092151641845703,0,41.18808364868164,56.5463981628418,41.31642150878906,120.0,0.013282623142004013,0.0010358953149989247,15.358314514160156,0.12833786010742188,78.81191635131836,1.1212997436523438,2.4015121459960938,3.8894691467285156,5.656887054443359,1
874_0.92_1.27.png,39.13136672973633,0.995975911617279,13.238985061645508,train_core,3,2.587799072265625,0,39.13136672973633,54.69350814819336,39.25373458862305,120.0,0.0156486127525568,0.001346979639492929,15.562141418457031,0.12236785888671875,80.86863327026367,1.1230583190917969,2.405925750732422,3.89813232421875,5.672908782958984,1
876_0.82_0.9.png,41.39610290527344,0.9976528882980347,17.2678165435791,train_core,4,1.8337249755859375,0,41.39610290527344,56.46422576904297,41.53345489501953,120.0,0.01260004099458456,0.0010858852183446288,15.068122863769531,0.13735198974609375,78.60389709472656,1.1186447143554688,2.3948745727539062,3.876453399658203,5.632843017578125,1
877_0.62_0.96.png,39.831260681152344,0.9975022673606873,18.811904907226562,train_core,0,2.48138427734375,0,39.831260681152344,56.4429817199707,39.929935455322266,120.0,0.013459092937409878,0.0011640385491773486,16.61172103881836,0.09867477416992188,80.16873931884766,1.1308746337890625,2.4255523681640625,3.9367828369140625,5.74481201171875,1
878_0.92_1.81.png,31.22368621826172,0.9881099462509155,9.510820388793945,train_core,1,2.7272262573242188,0,31.22368621826172,49.781944274902344,31.2852783203125,120.0,0.03440175577998161,0.002266411203891039,18.558258056640625,0.06159210205078125,88.77631378173828,1.141326904296875,2.4518966674804688,3.9888916015625,5.842540740966797,1
87_0.79_1.85.png,33.23960876464844,0.9913619756698608,12.162267684936523,train_core,2,3.8775711059570312,0,33.23960876464844,50.25163269042969,33.328189849853516,120.0,0.02714754268527031,0.0024264247622340918,17.01202392578125,0.08858108520507812,86.76039123535156,1.1333160400390625,2.431720733642578,3.9489822387695312,5.767669677734375,1
880_0.52_0.56.png,40.785858154296875,0.9975333213806152,26.772153854370117,train_core,3,3.6796722412109375,0,40.785858154296875,59.17250061035156,40.85004806518555,120.0,0.01374119520187378,0.0008362687658518553,18.386642456054688,0.06418991088867188,79.21414184570312,1.1404914855957031,2.4497909545898438,3.9847259521484375,5.834739685058594,1
882_0.95_1.36.png,36.289878845214844,0.9957947731018066,12.011517524719238,train_core,4,2.2525672912597656,0,36.289878845214844,52.92231750488281,36.385379791259766,120.0,0.022160416468977928,0.0017911223694682121,16.63243865966797,0.09550094604492188,83.71012115478516,1.1310310363769531,2.425945281982422,3.9375343322753906,5.746173858642578,1
883_0.97_0.83.png,39.91897201538086,0.9979456663131714,14.847806930541992,train_core,0,1.7616081237792969,0,39.91897201538086,55.76980209350586,40.03352355957031,120.0,0.012351280078291893,0.0013335710391402245,15.850830078125,0.11455154418945312,80.08102798461914,1.1253776550292969,2.4117507934570312,3.9095802307128906,5.694145202636719,1
884_0.71_0.74.png,39.85886001586914,0.9989347457885742,18.569849014282227,train_core,1,2.215412139892578,0,39.85886001586914,57.20684814453125,39.94004440307617,120.0,0.015805458649992943,0.0011598975397646427,17.34798812866211,0.08118438720703125,80.14113998413086,1.1353187561035156,2.4367446899414062,3.9588661193847656,5.786083221435547,1
886_0.89_0.98.png,39.76865005493164,0.9981090426445007,17.890565872192383,train_core,2,2.0776634216308594,0,39.76865005493164,55.1042366027832,39.89791488647461,120.0,0.016598155722022057,0.0012839359696954489,15.335586547851562,0.12926483154296875,80.23134994506836,1.1210899353027344,2.4009933471679688,3.8884544372558594,5.655002593994141,1
887_0.59_1.65.png,35.125308990478516,0.9961972236633301,13.510966300964355,train_core,3,2.0677566528320312,0,35.125308990478516,53.048343658447266,35.19613265991211,120.0,0.025868095457553864,0.0016439113533124328,17.92303466796875,0.07082366943359375,84.87469100952148,1.138427734375,2.4445762634277344,3.9743614196777344,5.8151702880859375,1
888_0.91_0.73.png,38.402610778808594,0.9983077049255371,19.962430953979492,train_core,4,2.6291885375976562,0,38.402610778808594,56.09861373901367,38.47716522216797,120.0,0.019857699051499367,0.0011559957638382912,17.696002960205078,0.074554443359375,81.5973892211914,1.1372909545898438,2.4417266845703125,3.968719482421875,5.8045654296875,1
889_0.9_0.87.png,33.91159439086914,0.9940223097801208,12.31371784210205,train_core,0,3.5762405395507812,0,33.91159439086914,55.43980026245117,33.94236373901367,120.0,0.030078738927841187,0.0012631946010515094,21.52820587158203,0.03076934814453125,86.08840560913086,1.1504936218261719,2.4750709533691406,4.034984588623047,5.929874420166016,1
890_0.68_0.92.png,34.977481842041016,0.9952041506767273,13.936833381652832,train_core,1,4.3475341796875,0,34.977481842041016,55.85550308227539,35.01368713378906,120.0,0.02937477082014084,0.0011954465880990028,20.878021240234375,0.036205291748046875,85.02251815795898,1.1489830017089844,2.4712448120117188,4.027355194091797,5.915355682373047,1
891_0.77_1.82.png,29.727764129638672,0.9856866598129272,8.910625457763672,train_core,2,2.8818359375,0,29.727764129638672,51.470069885253906,29.757770538330078,120.0,0.05459236726164818,0.0019475016742944717,21.742305755615234,0.03000640869140625,90.27223587036133,1.1509342193603516,2.4761886596679688,4.037220001220703,5.9341278076171875,1
893_0.65_1.08.png,42.50511169433594,0.9986257553100586,17.83609962463379,train_core,3,0.43187713623046875,0,42.50511169433594,52.667144775390625,42.94880294799805,120.0,0.009967680089175701,0.0018218717304989696,10.162033081054688,0.4436912536621094,77.49488830566406,1.033294677734375,2.1842269897460938,3.4729766845703125,4.915809631347656,1
894_0.83_1.91.png,37.74433517456055,0.994109034538269,10.63410758972168,train_core,4,0.9049453735351562,0,37.74433517456055,47.84999084472656,38.192771911621094,120.0,0.01686336100101471,0.003028843319043517,10.105655670166016,0.4484367370605469,82.25566482543945,1.0315971374511719,2.180084228515625,3.4652061462402344,4.902454376220703,1
895_0.54_1.27.png,41.432350158691406,0.9986011981964111,18.66685676574707,train_core,0,1.8221282958984375,0,41.432350158691406,52.06071472167969,41.82836151123047,120.0,0.012157734483480453,0.0019507514080032706,10.628364562988281,0.3960113525390625,78.5676498413086,1.0460205078125,2.215240478515625,3.5312767028808594,5.016315460205078,1
896_0.83_1.62.png,38.94403839111328,0.9956960678100586,11.61965560913086,train_core,1,0.6004791259765625,0,38.94403839111328,49.03396987915039,39.39385986328125,120.0,0.014687450602650642,0.002647228306159377,10.08993148803711,0.44982147216796875,81.05596160888672,1.0312461853027344,2.1792221069335938,3.463603973388672,4.899711608886719,1
897_0.63_1.77.png,38.606201171875,0.9970496892929077,14.199796676635742,train_core,2,0.7299842834472656,0,38.606201171875,51.530765533447266,38.83903503417969,120.0,0.0162029005587101,0.0022130555007606745,12.924564361572266,0.2328338623046875,81.393798828125,1.0924949645996094,2.329681396484375,3.7496490478515625,5.401844024658203,1
89_0.87_1.51.png,37.68937301635742,0.9950493574142456,11.500041961669922,train_core,3,3.1445274353027344,0,37.68937301635742,52.80538558959961,37.82558822631836,120.0,0.020558549091219902,0.0017861950909718871,15.116012573242188,0.1362152099609375,82.31062698364258,1.1190872192382812,2.395977020263672,3.878620147705078,5.636844635009766,1
8_0.96_0.8.png,35.80659103393555,0.9960722327232361,15.953761100769043,train_core,4,1.8201065063476562,0,35.80659103393555,53.595733642578125,35.87945556640625,120.0,0.02613012306392193,0.0016391834942623973,17.789142608642578,0.07286453247070312,84.19340896606445,1.1377754211425781,2.4429397583007812,3.971118927001953,5.8090667724609375,1
900_0.91_0.72.png,40.959716796875,0.9984754323959351,15.321651458740234,train_core,0,1.2018814086914062,0,40.959716796875,55.46932601928711,41.116600036621094,120.0,0.011427246034145355,0.0014239315642043948,14.50960922241211,0.15688323974609375,79.040283203125,1.1129608154296875,2.380645751953125,3.8486366271972656,5.581718444824219,1
901_0.51_1.02.png,37.926658630371094,0.9973350763320923,17.84139633178711,train_core,1,2.904888153076172,0,37.926658630371094,53.600990295410156,38.046302795410156,120.0,0.022027146071195602,0.00168471725191921,15.674331665039062,0.1196441650390625,82.0733413696289,1.1238746643066406,2.4079818725585938,3.9021759033203125,5.680446624755859,1
903_0.81_0.73.png,40.69981002807617,0.9976849555969238,15.937695503234863,train_core,2,1.6992950439453125,0,40.69981002807617,54.15009307861328,40.90126037597656,120.0,0.013701879419386387,0.0015777965309098363,13.45028305053711,0.20145034790039062,79.30018997192383,1.1000747680664062,2.348499298095703,3.7860755920410156,5.467632293701172,1
904_0.65_1.31.png,37.994991302490234,0.9962372779846191,14.225297927856445,train_core,3,2.3109474182128906,0,37.994991302490234,52.4727783203125,38.15327072143555,120.0,0.02042662352323532,0.0019310343777760863,14.477787017822266,0.1582794189453125,82.00500869750977,1.1125373840332031,2.379589080810547,3.8465728759765625,5.577934265136719,1
906_0.81_0.61.png,34.81226348876953,0.9978064298629761,20.11770248413086,train_core,4,4.268009185791016,0,34.81226348876953,56.03752517700195,34.845157623291016,120.0,0.02462789975106716,0.0012697234051302075,21.225261688232422,0.032894134521484375,85.18773651123047,1.1498184204101562,2.473369598388672,4.031585693359375,5.923408508300781,1
908_0.69_1.35.png,32.32642364501953,0.9958596229553223,15.227073669433594,train_core,0,4.612861633300781,0,32.32642364501953,52.994606018066406,32.363895416259766,120.0,0.035683877766132355,0.0017980564152821898,20.668182373046875,0.037471771240234375,87.67357635498047,1.1484489440917969,2.4698944091796875,4.024665832519531,5.910255432128906,1
909_0.61_1.66.png,33.7000846862793,0.9969688653945923,17.619426727294922,train_core,1,3.8807716369628906,0,33.7000846862793,51.507728576660156,33.772823333740234,120.0,0.03487735986709595,0.0019120495999231935,17.80764389038086,0.0727386474609375,86.2999153137207,1.1378631591796875,2.443164825439453,3.971569061279297,5.809909820556641,1
90_0.87_1.71.png,35.367103576660156,0.9935316443443298,10.794549942016602,train_core,2,3.324432373046875,0,35.367103576660156,51.975284576416016,35.463279724121094,120.0,0.02682730369269848,0.0019513877341523767,16.60818099975586,0.0961761474609375,84.63289642333984,1.1308937072753906,2.4256134033203125,3.9368896484375,5.744960784912109,1
910_0.64_0.93.png,37.48984146118164,0.9986666440963745,21.71583366394043,train_core,3,3.7456817626953125,0,37.48984146118164,54.504146575927734,37.57726287841797,120.0,0.022339513525366783,0.0013727868208661675,17.014305114746094,0.08742141723632812,82.51015853881836,1.1334762573242188,2.4321022033691406,3.949687957763672,5.768886566162109,1
912_0.76_1.92.png,32.7745361328125,0.9952749609947205,14.297629356384277,train_core,4,2.85906982421875,0,32.7745361328125,50.47506332397461,32.849143981933594,120.0,0.03746824711561203,0.002188826212659478,17.70052719116211,0.07460784912109375,87.2254638671875,1.1373138427734375,2.4417762756347656,3.968822479248047,5.804752349853516,1
913_0.54_1.24.png,39.16153335571289,0.997496485710144,19.417478561401367,train_core,0,4.112720489501953,0,39.16153335571289,56.69088363647461,39.23893356323242,120.0,0.013191748410463333,0.0011043335543945432,17.52935028076172,0.07740020751953125,80.83846664428711,1.1364173889160156,2.43951416015625,3.964344024658203,5.796356201171875,1
914_0.66_0.74.png,36.668113708496094,0.9970428943634033,23.1328182220459,train_core,1,3.995319366455078,0,36.668113708496094,58.18230056762695,36.69886779785156,120.0,0.016622256487607956,0.0008952980278991163,21.51418685913086,0.03075408935546875,83.3318862915039,1.1504669189453125,2.475006103515625,4.03485107421875,5.929622650146484,1
915_0.64_1.08.png,36.79094696044922,0.9971342086791992,18.719167709350586,train_core,2,3.933765411376953,0,36.79094696044922,57.121002197265625,36.831390380859375,120.0,0.02011479064822197,0.0010680300183594227,20.330055236816406,0.04044342041015625,83.20905303955078,1.1475372314453125,2.4675827026367188,4.020057678222656,5.901496887207031,1
916_0.57_1.61.png,37.72034454345703,0.9966322779655457,15.37889575958252,train_core,3,4.211395263671875,0,37.72034454345703,55.83435821533203,37.787925720214844,120.0,0.018016109243035316,0.0012300213566049933,18.114013671875,0.0675811767578125,82.27965545654297,1.1393623352050781,2.4469337463378906,3.9790420532226562,5.823966979980469,1
917_0.83_1.67.png,38.45726776123047,0.9963314533233643,13.756518363952637,train_core,4,1.6299018859863281,0,38.45726776123047,51.95637130737305,38.656490325927734,120.0,0.01534460298717022,0.001833557733334601,13.499103546142578,0.19922256469726562,81.54273223876953,1.1007652282714844,2.3502349853515625,3.789440155029297,5.473758697509766,1
918_0.61_1.9.png,38.940521240234375,0.9967203140258789,15.135598182678223,train_core,0,2.488422393798828,0,38.940521240234375,51.68513870239258,39.17901611328125,120.0,0.01632688380777836,0.0019478006288409233,12.744617462158203,0.238494873046875,81.05947875976562,1.0896720886230469,2.322681427001953,3.73614501953125,5.377567291259766,1
919_0.53_1.67.png,38.572296142578125,0.997130811214447,15.404643058776855,train_core,1,0.6931915283203125,0,38.572296142578125,52.44005584716797,38.755863189697266,120.0,0.01822182722389698,0.0017767014214769006,13.867759704589844,0.18356704711914062,81.42770385742188,1.1055717468261719,2.362194061279297,3.8126678466796875,5.515937805175781,1
91_0.86_1.21.png,38.39682388305664,0.996518611907959,12.981782913208008,train_core,2,2.9689865112304688,0,38.39682388305664,54.20596694946289,38.512786865234375,120.0,0.0190640427172184,0.0015329179586842656,15.80914306640625,0.11596298217773438,81.60317611694336,1.1250724792480469,2.410991668701172,3.9080886840820312,5.691371917724609,1
920_0.96_0.84.png,39.51380920410156,0.9981116652488708,16.584808349609375,train_core,3,1.3433494567871094,0,39.51380920410156,55.186500549316406,39.63343811035156,120.0,0.01415940746665001,0.0012675420148298144,15.672691345214844,0.11962890625,80.48619079589844,1.1239471435546875,2.4081497192382812,3.9025039672851562,5.681026458740234,1
921_0.67_1.07.png,35.86717224121094,0.9978837370872498,18.609363555908203,train_core,4,3.104827880859375,0,35.86717224121094,56.381500244140625,35.90617370605469,120.0,0.025484252721071243,0.0012087691575288773,20.514328002929688,0.03900146484375,84.13282775878906,1.1480445861816406,2.4688720703125,4.022624969482422,5.906375885009766,1
922_0.74_0.99.png,35.87676239013672,0.9981174468994141,18.053863525390625,train_core,0,3.0544662475585938,0,35.87676239013672,56.74183654785156,35.912696838378906,120.0,0.02475637197494507,0.0011763885850086808,20.865074157714844,0.0359344482421875,84.12323760986328,1.1489601135253906,2.4711837768554688,4.027233123779297,5.915134429931641,1
923_0.59_1.48.png,34.34107971191406,0.9968811273574829,17.322715759277344,train_core,1,2.630523681640625,0,34.34107971191406,54.747222900390625,34.38111114501953,120.0,0.031236376613378525,0.001428105286322534,20.406143188476562,0.04003143310546875,85.65892028808594,1.1477470397949219,2.4681167602539062,4.021129608154297,5.903533935546875,1
924_0.77_0.94.png,36.35139846801758,0.9981977939605713,17.975801467895508,train_core,2,3.2995872497558594,0,36.35139846801758,56.949363708496094,36.389671325683594,120.0,0.023244652897119522,0.0011519556865096092,20.597965240478516,0.038272857666015625,83.64860153198242,1.1482658386230469,2.4694366455078125,4.0237579345703125,5.908527374267578,1
925_0.98_1.95.png,35.79133987426758,0.9944487810134888,9.122215270996094,train_core,3,2.0512847900390625,0,35.79133987426758,50.18234634399414,35.95250701904297,120.0,0.021054614335298538,0.002509387908503413,14.391006469726562,0.16116714477539062,84.20866012573242,1.1116828918457031,2.3774490356445312,3.842395782470703,5.570259094238281,1
926_0.63_1.94.png,36.1967887878418,0.9962751269340515,12.223958969116211,train_core,4,3.815570831298828,0,36.1967887878418,52.192596435546875,36.3083381652832,120.0,0.0206490196287632,0.0019938682671636343,15.995807647705078,0.11154937744140625,83.8032112121582,1.1265373229980469,2.4146575927734375,3.9152908325195312,5.704753875732422,1
927_0.73_1.45.png,37.101295471191406,0.997097373008728,13.581655502319336,train_core,0,4.002338409423828,0,37.101295471191406,53.40167236328125,37.204566955566406,120.0,0.01826057955622673,0.0017626626649871469,16.300376892089844,0.103271484375,82.8987045288086,1.1287803649902344,2.4202919006347656,3.9263916015625,5.725410461425781,1
928_0.52_1.15.png,38.04536437988281,0.9974784851074219,20.08386993408203,train_core,1,2.469635009765625,0,38.04536437988281,54.451759338378906,38.146202087402344,120.0,0.016997680068016052,0.0015274594770744443,16.406394958496094,0.10083770751953125,81.95463562011719,1.1295242309570312,2.422168731689453,3.930095672607422,5.732295989990234,1
92_0.7_0.93.png,38.76823806762695,0.997393786907196,17.181903839111328,train_core,2,3.004283905029297,0,38.76823806762695,56.1815299987793,38.848350524902344,120.0,0.018428577110171318,0.0012396132806316018,17.413291931152344,0.08011245727539062,81.23176193237305,1.1357803344726562,2.437908172607422,3.9611740112304688,5.790397644042969,1
930_0.67_0.65.png,38.7973747253418,0.9984017610549927,23.11817169189453,train_core,3,2.3608131408691406,0,38.7973747253418,55.46120071411133,38.89202880859375,120.0,0.019948121160268784,0.0013161165406927466,16.66382598876953,0.09465408325195312,81.2026252746582,1.1312751770019531,2.426563262939453,3.9387474060058594,5.7484283447265625,1
931_0.97_1.4.png,33.13703155517578,0.9944455027580261,12.767068862915039,train_core,4,3.135540008544922,0,33.13703155517578,52.343536376953125,33.189483642578125,120.0,0.03800300881266594,0.0019158670911565423,19.206504821777344,0.05245208740234375,86.86296844482422,1.1439056396484375,2.4584121704101562,4.001823425292969,5.866943359375,1
933_0.57_1.9.png,35.6923713684082,0.991752028465271,11.09754753112793,train_core,0,2.3678512573242188,0,35.6923713684082,54.15073013305664,35.75493240356445,120.0,0.027793439105153084,0.0015040287980809808,18.458358764648438,0.06256103515625,84.3076286315918,1.1408920288085938,2.4508018493652344,3.986713409423828,5.8384246826171875,1
935_0.97_1.77.png,36.921180725097656,0.9898160696029663,9.199322700500488,train_core,1,2.3491744995117188,0,36.921180725097656,52.10527038574219,37.054893493652344,120.0,0.021777240559458733,0.0018972941907122731,15.184089660644531,0.1337127685546875,83.07881927490234,1.119720458984375,2.3975601196289062,3.8817138671875,5.642547607421875,1
936_0.91_0.66.png,40.80564498901367,0.9963926672935486,16.239198684692383,train_core,2,1.790679931640625,0,40.80564498901367,57.87873840332031,40.89173889160156,120.0,0.013805011287331581,0.0010144698899239302,17.07309341430664,0.08609390258789062,79.19435501098633,1.1338233947753906,2.4329872131347656,3.9514389038085938,5.772159576416016,1
938_0.96_0.78.png,38.519981384277344,0.9971119165420532,18.971464157104492,train_core,3,4.1895904541015625,0,38.519981384277344,57.15683364868164,38.579837799072266,120.0,0.018793441355228424,0.0010505006648600101,18.636852264404297,0.059856414794921875,81.48001861572266,1.1416816711425781,2.4527854919433594,3.990642547607422,5.845829010009766,1
939_0.79_1.3.png,33.201358795166016,0.9944714307785034,15.354179382324219,train_core,4,2.7284698486328125,0,33.201358795166016,56.83308029174805,33.22022247314453,120.0,0.03808995708823204,0.0011055137729272246,23.63172149658203,0.018863677978515625,86.79864120483398,1.1540794372558594,2.4841575622558594,4.053134918212891,5.964496612548828,1
93_0.97_1.07.png,33.9992561340332,0.9935005903244019,11.916193008422852,train_core,0,2.9998703002929688,0,33.9992561340332,53.15975570678711,34.052642822265625,120.0,0.028857043012976646,0.00169706204906106,19.160499572753906,0.053386688232421875,86.0007438659668,1.1437339782714844,2.4579734802246094,4.000949859619141,5.865291595458984,1
941_0.53_1.08.png,43.9131965637207,0.9965196847915649,17.941020965576172,train_core,1,4.195026397705078,0,43.9131965637207,56.285850524902344,44.17906188964844,120.0,0.008753758855164051,0.001256598741747439,12.37265396118164,0.2658653259277344,76.0868034362793,1.0830078125,2.306194305419922,3.7044677734375,5.321002960205078,1
942_0.98_1.21.png,38.355224609375,0.9889413714408875,11.034350395202637,train_core,2,3.0447006225585938,0,38.355224609375,53.3182487487793,38.50226974487305,120.0,0.014732880517840385,0.0016708924667909741,14.963024139404297,0.14704513549804688,81.644775390625,1.1173629760742188,2.391674041748047,3.8702354431152344,5.621528625488281,1
943_0.6_1.91.png,40.268943786621094,0.9922194480895996,13.596524238586426,train_core,3,2.4383506774902344,0,40.268943786621094,52.99638748168945,40.513362884521484,120.0,0.012859642505645752,0.0017824283568188548,12.72744369506836,0.24441909790039062,79.7310562133789,1.0889167785644531,2.3208351135253906,3.732654571533203,5.371486663818359,1
944_0.59_1.51.png,41.70493698120117,0.9945874214172363,14.93903636932373,train_core,4,2.4835052490234375,0,41.70493698120117,54.544124603271484,41.942718505859375,120.0,0.011142176575958729,0.0015165176009759307,12.839187622070312,0.23778152465820312,78.29506301879883,1.0907325744628906,2.3253211975097656,3.7413101196289062,5.387027740478516,1
945_0.99_1.73.png,33.9586296081543,0.9902188181877136,10.602617263793945,train_core,0,1.2724227905273438,0,33.9586296081543,51.14548110961914,34.04332733154297,120.0,0.029355818405747414,0.0020985135342925787,17.186851501464844,0.08469772338867188,86.0413703918457,1.1345024108886719,2.4346923828125,3.9547996520996094,5.7784576416015625,1
946_0.8_0.84.png,38.044281005859375,0.9966310262680054,18.052989959716797,train_core,1,2.341724395751953,0,38.044281005859375,56.43703842163086,38.10764694213867,120.0,0.018342163413763046,0.0012053897371515632,18.392757415771484,0.06336593627929688,81.95571899414062,1.1406288146972656,2.4501380920410156,3.9853858947753906,5.8359222412109375,1
947_0.83_0.56.png,39.92800521850586,0.9977445602416992,20.783336639404297,train_core,2,3.3016090393066406,0,39.92800521850586,57.8166618347168,39.999290466308594,120.0,0.015622704289853573,0.0010283382143825293,17.888656616210938,0.07128524780273438,80.07199478149414,1.138275146484375,2.4441871643066406,3.9735946655273438,5.813724517822266,1
948_0.73_0.76.png,39.263797760009766,0.9973248243331909,20.17881202697754,train_core,3,2.8999710083007812,0,39.263797760009766,57.135196685791016,39.335296630859375,120.0,0.01658465526998043,0.0011135553941130638,17.87139892578125,0.07149887084960938,80.73620223999023,1.1381797790527344,2.4439659118652344,3.973163604736328,5.812915802001953,1
949_0.91_0.78.png,32.16029739379883,0.9958758354187012,24.795198440551758,train_core,4,3.1439666748046875,0,32.16029739379883,54.83843231201172,32.18380355834961,120.0,0.03137541934847832,0.0013516582548618317,22.67813491821289,0.02350616455078125,87.83970260620117,1.1526679992675781,2.4805831909179688,4.045982360839844,5.950839996337891,1
94_0.62_1.46.png,34.780094146728516,0.9944256544113159,15.049768447875977,train_core,0,3.655303955078125,0,34.780094146728516,52.593955993652344,34.85453796386719,120.0,0.027416447177529335,0.001777644269168377,17.813861846923828,0.07444381713867188,85.21990585327148,1.1378936767578125,2.4432334899902344,3.9717063903808594,5.810176849365234,1
951_0.5_1.1.png,37.70996856689453,0.9977006316184998,24.914581298828125,train_core,1,2.1967010498046875,0,37.70996856689453,53.33086013793945,37.83068084716797,120.0,0.018784839659929276,0.001539741293527186,15.620891571044922,0.1207122802734375,82.29003143310547,1.1235427856445312,2.407146453857422,3.9005355834960938,5.6773681640625,1
954_0.92_1.72.png,31.581405639648438,0.9919196963310242,9.191720962524414,train_core,2,4.032135009765625,0,31.581405639648438,50.20097732543945,31.642059326171875,120.0,0.03906615450978279,0.002624482149258256,18.619571685791016,0.0606536865234375,88.41859436035156,1.141510009765625,2.4523544311523438,3.9898033142089844,5.8442840576171875,1
956_0.55_1.4.png,36.206851959228516,0.9966607093811035,15.316160202026367,train_core,3,1.1637382507324219,0,36.206851959228516,52.51061248779297,36.31067657470703,120.0,0.022348061203956604,0.0020151908975094557,16.303760528564453,0.10382461547851562,83.79314804077148,1.1286735534667969,2.420032501220703,3.9259185791015625,5.724601745605469,1
957_0.81_1.94.png,37.91889572143555,0.9950913786888123,11.070500373840332,train_core,4,3.830120086669922,0,37.91889572143555,51.76112747192383,38.104652404785156,120.0,0.017660195007920265,0.002097842050716281,13.842231750488281,0.18575668334960938,82.08110427856445,1.1051063537597656,2.3610572814941406,3.8104934692382812,5.5120849609375,1
958_0.93_0.63.png,42.808040618896484,0.9986481666564941,17.163911819458008,train_core,0,2.1361312866210938,0,42.808040618896484,57.440574645996094,42.96147155761719,120.0,0.010520615614950657,0.0011449070880189538,14.63253402709961,0.15343093872070312,77.19195938110352,1.1141891479492188,2.3837203979492188,3.8546485900878906,5.592781066894531,1
959_0.76_1.95.png,38.731292724609375,0.9954361915588379,11.59910774230957,train_core,1,3.2813491821289062,0,38.731292724609375,51.97710418701172,38.94435501098633,120.0,0.016634244471788406,0.002053268486633897,13.245811462402344,0.21306228637695312,81.26870727539062,1.0970993041992188,2.34112548828125,3.7718276977539062,5.441925048828125,1
95_0.85_1.33.png,33.7451171875,0.9929565191268921,12.04330062866211,train_core,2,2.9266319274902344,0,33.7451171875,52.540122985839844,33.80305862426758,120.0,0.028434081003069878,0.0018110355595126748,18.795005798339844,0.057941436767578125,86.2548828125,1.1423225402832031,2.45440673828125,3.993865966796875,5.851917266845703,1
960_0.9_0.94.png,42.18357849121094,0.9982926249504089,14.651561737060547,train_core,3,2.642436981201172,0,42.18357849121094,55.82551956176758,42.37717056274414,120.0,0.011352786794304848,0.0013570291921496391,13.64194107055664,0.19359207153320312,77.81642150878906,1.1025733947753906,2.354736328125,3.798206329345703,5.489707946777344,1
961_0.77_1.5.png,36.41163635253906,0.9967576265335083,9.367087364196777,train_core,4,2.6442947387695312,0,36.41163635253906,52.01782989501953,36.533966064453125,120.0,0.020156513899564743,0.002005210379138589,15.606193542480469,0.1223297119140625,83.58836364746094,1.1233711242675781,2.406719207763672,3.899688720703125,5.675811767578125,1
962_0.55_1.94.png,36.668514251708984,0.9956760406494141,9.33932876586914,train_core,0,1.7430839538574219,0,36.668514251708984,49.05582809448242,36.92835998535156,120.0,0.022308489307761192,0.0024278454948216677,12.387313842773438,0.2598457336425781,83.33148574829102,1.083648681640625,2.3077621459960938,3.707416534423828,5.326091766357422,1
963_0.81_0.99.png,37.902034759521484,0.9978921413421631,12.153029441833496,train_core,1,3.0867271423339844,0,37.902034759521484,54.321571350097656,38.00322341918945,120.0,0.016748882830142975,0.0015514862025156617,16.419536590576172,0.10118865966796875,82.09796524047852,1.1295738220214844,2.422290802001953,3.9303321838378906,5.732757568359375,1
964_0.64_1.71.png,36.71842956542969,0.9966709613800049,9.452771186828613,train_core,2,2.2771339416503906,0,36.71842956542969,50.856536865234375,36.8904914855957,120.0,0.01931695081293583,0.0021561405155807734,14.138107299804688,0.17206192016601562,83.28157043457031,1.1087989807128906,2.3702468872070312,3.8283538818359375,5.544578552246094,1
965_0.67_1.91.png,37.299747467041016,0.9942407608032227,10.720585823059082,train_core,3,2.9546241760253906,0,37.299747467041016,52.43815612792969,37.43680191040039,120.0,0.018760349601507187,0.0019257818348705769,15.138408660888672,0.137054443359375,82.70025253295898,1.1188201904296875,2.395313262939453,3.8773460388183594,5.6345977783203125,1
966_0.66_0.6.png,37.77811050415039,0.9972628355026245,21.48372459411621,train_core,4,2.9444847106933594,0,37.77811050415039,57.364139556884766,37.82664108276367,120.0,0.019629808142781258,0.0011107930913567543,19.586029052734375,0.04853057861328125,82.22188949584961,1.1451187133789062,2.4614715576171875,4.007915496826172,5.878520965576172,1
967_0.79_1.96.png,37.077842712402344,0.9917337894439697,9.330781936645508,train_core,0,2.3641586303710938,0,37.077842712402344,51.38597869873047,37.24375534057617,120.0,0.019319571554660797,0.0021484324242919683,14.308135986328125,0.16591262817382812,82.92215728759766,1.1103858947753906,2.3742218017578125,3.83612060546875,5.558872222900391,1
968_0.54_1.0.png,38.13785171508789,0.9969813227653503,19.06311798095703,train_core,1,3.3595123291015625,0,38.13785171508789,56.37502670288086,38.20452880859375,120.0,0.017354078590869904,0.0012440416030585766,18.23717498779297,0.06667709350585938,81.86214828491211,1.1396751403808594,2.4477272033691406,3.9806251525878906,5.826995849609375,1
969_0.75_1.17.png,36.00284957885742,0.9916024208068848,13.718282699584961,train_core,2,3.4019508361816406,0,36.00284957885742,56.813316345214844,36.03936004638672,120.0,0.027451705187559128,0.0011461720569059253,20.810466766357422,0.036510467529296875,83.99715042114258,1.1487236022949219,2.470600128173828,4.026069641113281,5.912925720214844,1
96_0.82_0.62.png,36.94828414916992,0.9969643950462341,17.54962921142578,train_core,3,3.182971954345703,0,36.94828414916992,55.76500701904297,37.00597381591797,120.0,0.0203716978430748,0.0012548631057143211,18.816722869873047,0.057689666748046875,83.05171585083008,1.1424102783203125,2.4546241760253906,3.994304656982422,5.852741241455078,1
970_0.92_1.34.png,34.72220230102539,0.987541675567627,11.65910530090332,train_core,4,2.8350296020507812,0,34.72220230102539,54.68599319458008,34.76654815673828,120.0,0.030658874660730362,0.001421988825313747,19.963790893554688,0.044345855712890625,85.27779769897461,1.1463584899902344,2.4646072387695312,4.014148712158203,5.890308380126953,1
971_0.57_1.71.png,34.473236083984375,0.9887813329696655,12.400186538696289,train_core,0,1.893463134765625,0,34.473236083984375,55.63399887084961,34.50707244873047,120.0,0.03259802237153053,0.0013032769784331322,21.160762786865234,0.03383636474609375,85.52676391601562,1.1495552062988281,2.472686767578125,4.030242919921875,5.920856475830078,1
973_0.67_0.98.png,42.83357238769531,0.9984980821609497,15.309402465820312,train_core,1,1.5170860290527344,0,42.83357238769531,56.285701751708984,43.03534698486328,120.0,0.010267689824104309,0.0012723685940727592,13.452129364013672,0.20177459716796875,77.16642761230469,1.1001815795898438,2.348773956298828,3.786602020263672,5.468563079833984,1
974_0.77_1.14.png,41.63188934326172,0.9981719851493835,12.72556209564209,train_core,2,2.00750732421875,0,41.63188934326172,55.02620315551758,41.836456298828125,120.0,0.012260233983397484,0.001454672310501337,13.39431381225586,0.20456695556640625,78.36811065673828,1.0993919372558594,2.3468093872070312,3.782787322998047,5.461647033691406,1
975_0.8_1.05.png,42.020145416259766,0.9982606768608093,13.121195793151855,train_core,3,1.9295997619628906,0,42.020145416259766,55.32563018798828,42.22889709472656,120.0,0.011647776700556278,0.0014096327358856797,13.305484771728516,0.20875167846679688,77.97985458374023,1.0981559753417969,2.3437347412109375,3.7768211364746094,5.450843811035156,1
976_0.64_1.2.png,41.842384338378906,0.9984518885612488,13.778141021728516,train_core,4,1.582794189453125,0,41.842384338378906,55.38578796386719,42.04023361206055,120.0,0.012143904343247414,0.0014059082604944706,13.543403625488281,0.19784927368164062,78.1576156616211,1.101409912109375,2.351837158203125,3.79254150390625,5.479339599609375,1
977_0.83_0.6.png,38.20501708984375,0.9980902075767517,20.368465423583984,train_core,0,2.9619140625,0,38.20501708984375,56.295921325683594,38.273101806640625,120.0,0.01796475611627102,0.0012389341136440635,18.090904235839844,0.068084716796875,81.79498291015625,1.1392326354980469,2.446605682373047,3.978382110595703,5.822734832763672,1
979_0.96_0.5.png,36.861209869384766,0.9974690675735474,20.309436798095703,train_core,1,2.838043212890625,0,36.861209869384766,56.739707946777344,36.9064826965332,120.0,0.0208878330886364,0.0011885460698977113,19.878498077392578,0.0452728271484375,83.13879013061523,1.1461906433105469,2.4641761779785156,4.013271331787109,5.888629913330078,1
97_0.52_0.61.png,41.83097839355469,0.998790979385376,22.660720825195312,train_core,2,1.5639305114746094,0,41.83097839355469,56.39366912841797,41.985595703125,120.0,0.009895999915897846,0.00123507936950773,14.562690734863281,0.1546173095703125,78.16902160644531,1.1135902404785156,2.3822174072265625,3.8516921997070312,5.5872802734375,1
980_0.58_0.68.png,43.38279342651367,0.9991884231567383,23.76122283935547,train_core,3,2.0169677734375,0,43.38279342651367,56.00654220581055,43.62886047363281,120.0,0.009867948479950428,0.0012234599562361836,12.623748779296875,0.24606704711914062,76.61720657348633,1.0876884460449219,2.317760467529297,3.7266578674316406,5.360523223876953,1
981_0.61_1.86.png,36.19480514526367,0.9939690828323364,14.616140365600586,train_core,4,2.5209007263183594,0,36.19480514526367,52.711814880371094,36.29407501220703,120.0,0.025538330897688866,0.0017436478519812226,16.517009735107422,0.09926986694335938,83.80519485473633,1.1302680969238281,2.4240341186523438,3.9337692260742188,5.739154815673828,1
982_0.97_0.98.png,37.440696716308594,0.9955465793609619,14.094534873962402,train_core,0,2.0087509155273438,0,37.440696716308594,54.43539047241211,37.52855682373047,120.0,0.019808923825621605,0.0014406031696125865,16.994693756103516,0.087860107421875,82.5593032836914,1.1333351135253906,2.4317588806152344,3.9490280151367188,5.767658233642578,1
985_0.85_0.52.png,43.119102478027344,0.9979461431503296,20.070430755615234,train_core,1,2.5602569580078125,0,43.119102478027344,58.092308044433594,43.259769439697266,120.0,0.011146781966090202,0.0010359248844906688,14.97320556640625,0.14066696166992188,76.88089752197266,1.1177215576171875,2.392559051513672,3.8719215393066406,5.6244964599609375,1
986_0.7_1.11.png,38.255496978759766,0.99666827917099,15.121822357177734,train_core,2,3.8447914123535156,0,38.255496978759766,55.7684326171875,38.333274841308594,120.0,0.017202898859977722,0.0013650086475536227,17.512935638427734,0.07777786254882812,81.74450302124023,1.1363105773925781,2.439239501953125,3.9638137817382812,5.7953643798828125,1
988_0.95_1.75.png,38.017906188964844,0.993380069732666,10.6367826461792,train_core,3,0.9561729431152344,0,38.017906188964844,51.264244079589844,38.2288818359375,120.0,0.018954623490571976,0.002231629565358162,13.246337890625,0.21097564697265625,81.98209381103516,1.0972785949707031,2.3415603637695312,3.7726211547851562,5.443264007568359,1
989_0.59_1.18.png,36.796817779541016,0.9963630437850952,20.38506507873535,train_core,4,3.2906455993652344,0,36.796817779541016,53.49726867675781,36.89115905761719,120.0,0.024832097813487053,0.0014891353202983737,16.700450897216797,0.09434127807617188,83.20318222045898,1.1315116882324219,2.427154541015625,3.9399185180664062,5.750621795654297,1
990_0.82_0.64.png,40.188499450683594,0.9983034133911133,23.657377243041992,train_core,0,2.6475830078125,0,40.188499450683594,57.0063362121582,40.280094146728516,120.0,0.01547764241695404,0.001127716270275414,16.81783676147461,0.09159469604492188,79.8115005493164,1.13226318359375,2.429046630859375,3.9436607360839844,5.7576141357421875,1
991_0.86_0.63.png,39.627166748046875,0.9981931447982788,23.155994415283203,train_core,1,2.4818038940429688,0,39.627166748046875,56.80950927734375,39.711334228515625,120.0,0.016362179070711136,0.0011484274873510003,17.182342529296875,0.08416748046875,80.37283325195312,1.1344795227050781,2.4346237182617188,3.9546737670898438,5.778205871582031,1
992_0.7_0.95.png,36.73081970214844,0.9973006248474121,21.88922119140625,train_core,2,3.4103431701660156,0,36.73081970214844,55.291290283203125,36.79244613647461,120.0,0.02493160404264927,0.0013132854364812374,18.560470581054688,0.061626434326171875,83.26918029785156,1.141357421875,2.4519729614257812,3.9890289306640625,5.842781066894531,1
993_0.96_1.77.png,34.11684799194336,0.9952806830406189,11.518424987792969,train_core,3,4.224178314208984,0,34.11684799194336,52.894554138183594,34.17477798461914,120.0,0.023521339520812035,0.0017301120096817613,18.777706146240234,0.05792999267578125,85.88315200805664,1.1422538757324219,2.454242706298828,3.9935379028320312,5.8513031005859375,1
994_0.81_1.01.png,38.91065216064453,0.9983037710189819,16.610633850097656,train_core,4,4.318126678466797,0,38.91065216064453,55.12921142578125,39.015647888183594,120.0,0.014659031294286251,0.0012104507768526673,16.21855926513672,0.1049957275390625,81.08934783935547,1.128204345703125,2.4188385009765625,3.9235153198242188,5.720039367675781,1
995_0.77_1.16.png,37.92345428466797,0.9979473948478699,15.6990966796875,train_core,0,4.132591247558594,0,37.92345428466797,54.15922546386719,38.02802658081055,120.0,0.017918506637215614,0.0013016104931011796,16.23577117919922,0.10457229614257812,82.07654571533203,1.1283226013183594,2.4191436767578125,3.92413330078125,5.721183776855469,1
997_0.75_1.44.png,37.778541564941406,0.998088002204895,14.633502006530762,train_core,1,1.6097831726074219,0,37.778541564941406,54.57683181762695,37.87128829956055,120.0,0.020542575046420097,0.0013234751531854272,16.798290252685547,0.09274673461914062,82.2214584350586,1.1321182250976562,2.4286956787109375,3.942974090576172,5.756351470947266,1
998_0.74_1.7.png,35.87592315673828,0.9975322484970093,13.512033462524414,train_core,2,2.1205825805664062,0,35.87592315673828,53.756996154785156,35.94786834716797,120.0,0.026044214144349098,0.001439561601728201,17.881072998046875,0.0719451904296875,84.12407684326172,1.1382026672363281,2.4440155029296875,3.9732666015625,5.813117980957031,1
999_0.77_1.81.png,34.73615264892578,0.9968937635421753,12.894636154174805,train_core,3,2.144336700439453,0,34.73615264892578,53.35262680053711,34.796669006347656,120.0,0.027570422738790512,0.0015097403666004539,18.616474151611328,0.060516357421875,85.26384735107422,1.1415557861328125,2.4524765014648438,3.990032196044922,5.8447113037109375,1
9_0.71_0.66.png,45.821624755859375,0.9994494915008545,15.943538665771484,train_core,4,1.2194595336914062,0,45.821624755859375,56.2615966796875,46.239227294921875,120.0,0.006969760172069073,0.0012945719063282013,10.439971923828125,0.4176025390625,74.17837524414062,1.0409584045410156,2.202899932861328,3.5080642700195312,4.97625732421875,1
