{
  "runs": {
    "A0": {
      "label": "A0",
      "arch": "official_convir",
      "mode": "original",
      "checkpoint": "/sda/home/wangyuxin/ConvIR-B/checkpoints/official/Haze4K/haze4k-base.pkl",
      "depth_mode": "none",
      "airlight_mode": "none",
      "count": 600,
      "mean_psnr": 39.35034857114156,
      "mean_ssim": 0.9957262628277143,
      "avg_time_sec_sync": 0.035679420232772825,
      "median_time_sec_sync": 0.033232688903808594,
      "peak_cuda_mem_mib": 535.95654296875
    },
    "DTA_v32_v32_safemix_c3_full_seed3407_f0_scout5full_gt_invert": {
      "label": "DTA_v32_v32_safemix_c3_full_seed3407_f0_scout5full_gt_invert",
      "arch": "dta_v3",
      "mode": "modres",
      "checkpoint": "/sda/home/wangyuxin/ConvIR-B/repos/ConvIR-B-dta-v3-dapc-finetune-v32-safemix/Dehazing/ITS/results/ConvIR-Haze4K-DTA-v3-2-SafeMix-c3_full-seed3407-f0-scout5full/Training-Results/Final.pkl",
      "depth_mode": "invert",
      "airlight_mode": "gt",
      "count": 600,
      "mean_psnr": 39.380483751297,
      "mean_ssim": 0.9957026889920235,
      "avg_time_sec_sync": 0.039633856614430744,
      "median_time_sec_sync": 0.04254865646362305,
      "peak_cuda_mem_mib": 541.3828125
    }
  },
  "comparison": {
    "common_count": 600,
    "mean_psnr_delta": 0.0301351801554362,
    "median_psnr_delta": 0.025615692138671875,
    "p5_psnr_delta": -0.27128028869628906,
    "p95_psnr_delta": 0.32869606018066383,
    "hard_bottom25_psnr_delta": 0.0077713521321614585,
    "easy_top25_psnr_delta": 0.050954488118489585,
    "worst10pct_mean_psnr_delta": -0.2882921854654948,
    "best10pct_mean_psnr_delta": 0.35354954401652017,
    "worst10img_mean_psnr_delta": -0.4766990661621094,
    "best10img_mean_psnr_delta": 0.5306293487548828,
    "worst10_mean_psnr_delta": -0.2882921854654948,
    "best10_mean_psnr_delta": 0.35354954401652017,
    "mean_ssim_delta": -2.3573835690816243e-05,
    "positive_ratio": 0.6016666666666667,
    "strong_reference_cut_psnr": 42.755948066711426,
    "strong_reference_count": 150,
    "strong_regression_count_delta_le_-0.05": 36,
    "worst_regression_count_delta_le_-0.20": 48
  }
}