{
  "runs": {
    "A0": {
      "label": "A0",
      "arch": "official_convir",
      "mode": "original",
      "checkpoint": "/sda/home/wangyuxin/ConvIR-B/checkpoints/official/Haze4K/haze4k-base.pkl",
      "depth_mode": "none",
      "airlight_mode": "none",
      "count": 600,
      "mean_psnr": 39.35034857114156,
      "mean_ssim": 0.9957262628277143,
      "avg_time_sec_sync": 0.033904748360315956,
      "median_time_sec_sync": 0.03242993354797363,
      "peak_cuda_mem_mib": 535.95654296875
    },
    "DTA_v32_v32_safemix_c1_gate_seed3407_f0_scout5full_fallback_shuffle": {
      "label": "DTA_v32_v32_safemix_c1_gate_seed3407_f0_scout5full_fallback_shuffle",
      "arch": "dta_v3",
      "mode": "modres",
      "checkpoint": "/sda/home/wangyuxin/ConvIR-B/repos/ConvIR-B-dta-v3-dapc-finetune-v32-safemix/Dehazing/ITS/results/ConvIR-Haze4K-DTA-v3-2-SafeMix-c1_gate-seed3407-f0-scout5full/Training-Results/Final.pkl",
      "depth_mode": "shuffle",
      "airlight_mode": "fallback",
      "count": 600,
      "mean_psnr": 39.35181770006815,
      "mean_ssim": 0.995703656077385,
      "avg_time_sec_sync": 0.048153690099716186,
      "median_time_sec_sync": 0.04794490337371826,
      "peak_cuda_mem_mib": 541.22705078125
    }
  },
  "comparison": {
    "common_count": 600,
    "mean_psnr_delta": 0.001469128926595052,
    "median_psnr_delta": 0.008539199829101562,
    "p5_psnr_delta": -0.19170970916748048,
    "p95_psnr_delta": 0.17882461547851547,
    "hard_bottom25_psnr_delta": -0.010940348307291667,
    "easy_top25_psnr_delta": 0.020790201822916667,
    "worst10pct_mean_psnr_delta": -0.21752379735310873,
    "best10pct_mean_psnr_delta": 0.19673452377319336,
    "worst10img_mean_psnr_delta": -0.3459949493408203,
    "best10img_mean_psnr_delta": 0.30440483093261717,
    "worst10_mean_psnr_delta": -0.21752379735310873,
    "best10_mean_psnr_delta": 0.19673452377319336,
    "mean_ssim_delta": -2.260675032933553e-05,
    "positive_ratio": 0.535,
    "strong_reference_cut_psnr": 42.755948066711426,
    "strong_reference_count": 150,
    "strong_regression_count_delta_le_-0.05": 31,
    "worst_regression_count_delta_le_-0.20": 28
  }
}