{
  "stage": "dta_v2_depth_transmission_audit",
  "data_dir": "/sda/home/wangyuxin/ConvIR-B/datasets/Haze4K/Haze4K",
  "depth_cache_dir": "/sda/home/wangyuxin/ConvIR-B/depth_cache/depth_anything_v2_small_hf",
  "splits": "train,test",
  "row_count": 4000,
  "error_count": 0,
  "summaries": [
    {
      "split": "train",
      "count": 3000,
      "spearman_depth_neglogt_mean": -0.8989131747427139,
      "spearman_depth_neglogt_median": -0.9284685337016985,
      "spearman_invert_depth_neglogt_mean": 0.8989130835935896,
      "spearman_invert_depth_neglogt_median": 0.9284691495999695,
      "pearson_depth_1minus_t_mean": -0.8586407410394704,
      "pearson_depth_1minus_t_median": -0.8877123187916054,
      "normal_best_l1_mean": 0.43030726086845,
      "normal_best_l1_median": 0.4306369870901108,
      "normal_best_rmse_mean": 0.4992919493019581,
      "normal_best_rmse_median": 0.49993519484996796,
      "invert_best_l1_mean": 0.12198548058606684,
      "invert_best_l1_median": 0.12094119191169739,
      "invert_best_rmse_mean": 0.14694946873684725,
      "invert_best_rmse_median": 0.14892913401126862,
      "best_proxy_l1_full_mean": 0.12198979237427314,
      "best_proxy_l1_full_median": 0.12082292884588242,
      "best_proxy_rmse_full_mean": 0.14695186043841144,
      "best_proxy_rmse_full_median": 0.1489863470196724,
      "low_texture_proxy_l1_mean": 0.13280852465579907,
      "low_texture_proxy_l1_median": 0.13202287256717682,
      "bright_region_proxy_l1_mean": 0.13548606261021148,
      "bright_region_proxy_l1_median": 0.1311696618795395,
      "dense_region_proxy_l1_mean": 0.16466314655231934,
      "dense_region_proxy_l1_median": 0.16522514075040817,
      "orientation_counts": {
        "invert": 3000
      },
      "recommendation": "invert_depth"
    },
    {
      "split": "test",
      "count": 1000,
      "spearman_depth_neglogt_mean": -0.9062580201746885,
      "spearman_depth_neglogt_median": -0.9302024771572286,
      "spearman_invert_depth_neglogt_mean": 0.9062582513476825,
      "spearman_invert_depth_neglogt_median": 0.9301859577841768,
      "pearson_depth_1minus_t_mean": -0.8657628206636124,
      "pearson_depth_1minus_t_median": -0.8788377917722356,
      "normal_best_l1_mean": 0.42462980656325816,
      "normal_best_l1_median": 0.42035914957523346,
      "normal_best_rmse_mean": 0.49250796882808207,
      "normal_best_rmse_median": 0.4849219173192978,
      "invert_best_l1_mean": 0.12080904340557753,
      "invert_best_l1_median": 0.12267159298062325,
      "invert_best_rmse_mean": 0.14503653689660131,
      "invert_best_rmse_median": 0.15089958906173706,
      "best_proxy_l1_full_mean": 0.12080018806271255,
      "best_proxy_l1_full_median": 0.12255419045686722,
      "best_proxy_rmse_full_mean": 0.14502631347067654,
      "best_proxy_rmse_full_median": 0.150882326066494,
      "low_texture_proxy_l1_mean": 0.13007386219501496,
      "low_texture_proxy_l1_median": 0.1281278058886528,
      "bright_region_proxy_l1_mean": 0.1325203380174935,
      "bright_region_proxy_l1_median": 0.12873201072216034,
      "dense_region_proxy_l1_mean": 0.16267779989540576,
      "dense_region_proxy_l1_median": 0.163657084107399,
      "orientation_counts": {
        "invert": 1000
      },
      "recommendation": "invert_depth"
    }
  ],
  "overall": {
    "split": "all",
    "count": 4000,
    "spearman_depth_neglogt_mean": -0.9007493861007076,
    "spearman_depth_neglogt_median": -0.9288050628679432,
    "spearman_invert_depth_neglogt_mean": 0.9007493755321128,
    "spearman_invert_depth_neglogt_median": 0.9287970979424423,
    "pearson_depth_1minus_t_mean": -0.860421260945506,
    "pearson_depth_1minus_t_median": -0.8853012276902639,
    "normal_best_l1_mean": 0.42888789729215204,
    "normal_best_l1_median": 0.4277333766222,
    "normal_best_rmse_mean": 0.49759595418348906,
    "normal_best_rmse_median": 0.497220054268837,
    "invert_best_l1_mean": 0.12169137129094451,
    "invert_best_l1_median": 0.12140754982829094,
    "invert_best_rmse_mean": 0.14647123577678575,
    "invert_best_rmse_median": 0.1497570499777794,
    "best_proxy_l1_full_mean": 0.121692391296383,
    "best_proxy_l1_full_median": 0.12148967757821083,
    "best_proxy_rmse_full_mean": 0.1464704736964777,
    "best_proxy_rmse_full_median": 0.14962142705917358,
    "low_texture_proxy_l1_mean": 0.13212485904060303,
    "low_texture_proxy_l1_median": 0.13098056614398956,
    "bright_region_proxy_l1_mean": 0.13474463146203197,
    "bright_region_proxy_l1_median": 0.13045503199100494,
    "dense_region_proxy_l1_mean": 0.16416680988809093,
    "dense_region_proxy_l1_median": 0.16487716138362885,
    "orientation_counts": {
      "invert": 4000
    },
    "recommendation": "invert_depth"
  },
  "config": {
    "data_dir": "/sda/home/wangyuxin/ConvIR-B/datasets/Haze4K/Haze4K",
    "depth_cache_dir": "/sda/home/wangyuxin/ConvIR-B/depth_cache/depth_anything_v2_small_hf",
    "splits": "train,test",
    "output_dir": "/sda/home/wangyuxin/ConvIR-B/repos/ConvIR-B-dta-v2-calibrated/experience_docx/experiment_logs/haze4k_dta_v2_calibrated_20260611/dta_v2_depth_transmission_audit",
    "max_images_per_split": 0,
    "max_pixels_per_image": 65536,
    "seed": 3407,
    "alpha_min": 0.05,
    "alpha_max": 5.0,
    "alpha_steps": 100,
    "orientation_margin": 0.03,
    "low_texture_percentile": 20.0,
    "bright_percentile": 80.0,
    "dense_trans_percentile": 25.0
  },
  "outputs": {
    "all_csv": "dta_depth_transmission_audit_all.csv",
    "summary_json": "dta_depth_transmission_audit_summary.json",
    "errors_csv": null
  }
}