{
  "runs": {
    "A0": {
      "label": "A0",
      "arch": "official_convir",
      "mode": "original",
      "checkpoint": "/home/caozhiyang/ConvIR-B/checkpoints/official/Haze4K/haze4k-base.pkl",
      "depth_mode": "none",
      "airlight_mode": "none",
      "count": 600,
      "mean_psnr": 39.34407578468323,
      "mean_ssim": 0.995722817381223,
      "avg_time_sec_sync": 0.027635249694188437,
      "median_time_sec_sync": 0.02795851230621338,
      "peak_cuda_mem_mib": 535.44482421875
    },
    "DTA_v34_v34_fdf_tsr_e2_tiny_residual_seed3411_f0_quick5full_fallback_train_shuffle": {
      "label": "DTA_v34_v34_fdf_tsr_e2_tiny_residual_seed3411_f0_quick5full_fallback_train_shuffle",
      "arch": "dta_v3",
      "mode": "modres",
      "checkpoint": "/home/caozhiyang/ConvIR-B/repos/ConvIR-B-dta-v3-4-fdf-tsr-finetune/Dehazing/ITS/results/ConvIR-Haze4K-DTA-v3-4-FDF-TSR-e2_tiny_residual-seed3411_f0-quick5full/Training-Results/Final.pkl",
      "depth_mode": "shuffle",
      "airlight_mode": "fallback",
      "count": 600,
      "mean_psnr": 39.26241705576579,
      "mean_ssim": 0.995658467511336,
      "avg_time_sec_sync": 0.06193266391754151,
      "median_time_sec_sync": 0.05075275897979736,
      "peak_cuda_mem_mib": 543.4287109375
    }
  },
  "comparison": {
    "common_count": 600,
    "mean_psnr_delta": -0.08165872891743978,
    "median_psnr_delta": -0.08670616149902344,
    "p5_psnr_delta": -0.7424823760986329,
    "p95_psnr_delta": 0.6208221435546873,
    "hard_bottom25_psnr_delta": -0.14841498057047525,
    "easy_top25_psnr_delta": -0.03709742228190104,
    "worst10pct_mean_psnr_delta": -0.8102490743001302,
    "best10pct_mean_psnr_delta": 0.6511095046997071,
    "worst10img_mean_psnr_delta": -1.202231216430664,
    "best10img_mean_psnr_delta": 1.0070396423339845,
    "worst10_mean_psnr_delta": -0.8102490743001302,
    "best10_mean_psnr_delta": 0.6511095046997071,
    "mean_ssim_delta": -6.43498698870341e-05,
    "positive_ratio": 0.3883333333333333,
    "strong_reference_cut_psnr": 42.766201972961426,
    "strong_reference_count": 150,
    "strong_regression_count_delta_le_-0.05": 64,
    "worst_regression_count_delta_le_-0.20": 219
  }
}