{
  "runs": {
    "A0": {
      "label": "A0",
      "arch": "official_convir",
      "mode": "original",
      "checkpoint": "/sda/home/wangyuxin/ConvIR-B/checkpoints/official/Haze4K/haze4k-base.pkl",
      "depth_mode": "none",
      "airlight_mode": "none",
      "count": 600,
      "mean_psnr": 39.75955163955688,
      "mean_ssim": 0.995632650355498,
      "avg_time_sec_sync": 0.03411708235740662,
      "median_time_sec_sync": 0.03175187110900879,
      "peak_cuda_mem_mib": 535.56884765625
    },
    "DTA_v33_v33_routerfusion_d2_lowphys_seed3407_f1_triage5full_gt_normal": {
      "label": "DTA_v33_v33_routerfusion_d2_lowphys_seed3407_f1_triage5full_gt_normal",
      "arch": "dta_v3",
      "mode": "modres",
      "checkpoint": "/sda/home/wangyuxin/ConvIR-B/repos/ConvIR-B-dta-v3-dapc-finetune-v33-routerfusion/Dehazing/ITS/results/ConvIR-Haze4K-DTA-v3-3-RouterFusion-d2_lowphys-seed3407-f1-triage5full/Training-Results/Final.pkl",
      "depth_mode": "normal",
      "airlight_mode": "gt",
      "count": 600,
      "mean_psnr": 39.78220725059509,
      "mean_ssim": 0.9956249412894249,
      "avg_time_sec_sync": 0.038116113742192585,
      "median_time_sec_sync": 0.03288769721984863,
      "peak_cuda_mem_mib": 541.57080078125
    }
  },
  "comparison": {
    "common_count": 600,
    "mean_psnr_delta": 0.02265561103820801,
    "median_psnr_delta": 0.018552780151367188,
    "p5_psnr_delta": -0.18071308135986328,
    "p95_psnr_delta": 0.2479545593261718,
    "hard_bottom25_psnr_delta": 0.024268913269042968,
    "easy_top25_psnr_delta": 0.013628311157226562,
    "worst10pct_mean_psnr_delta": -0.2239890416463216,
    "best10pct_mean_psnr_delta": 0.2816139856974284,
    "worst10img_mean_psnr_delta": -0.3997798919677734,
    "best10img_mean_psnr_delta": 0.42313079833984374,
    "worst10_mean_psnr_delta": -0.2239890416463216,
    "best10_mean_psnr_delta": 0.2816139856974284,
    "mean_ssim_delta": -7.709066073099773e-06,
    "positive_ratio": 0.5616666666666666,
    "strong_reference_cut_psnr": 42.834919929504395,
    "strong_reference_count": 150,
    "strong_regression_count_delta_le_-0.05": 50,
    "worst_regression_count_delta_le_-0.20": 22
  }
}
