{
  "runs": {
    "A0": {
      "label": "A0",
      "arch": "official_convir",
      "mode": "original",
      "checkpoint": "/sda/home/wangyuxin/ConvIR-B/checkpoints/official/Haze4K/haze4k-base.pkl",
      "depth_mode": "none",
      "airlight_mode": "none",
      "count": 600,
      "mean_psnr": 39.35034857114156,
      "mean_ssim": 0.9957262628277143,
      "avg_time_sec_sync": 0.061450827519098916,
      "median_time_sec_sync": 0.057813405990600586,
      "peak_cuda_mem_mib": 537.50634765625
    },
    "DTA_v35_v35_fdf_rcs_l2_fdf_lite_s002_g025_bm2_seed3411_f0_quick5full_fallback_train_shuffle": {
      "label": "DTA_v35_v35_fdf_rcs_l2_fdf_lite_s002_g025_bm2_seed3411_f0_quick5full_fallback_train_shuffle",
      "arch": "dta_v3",
      "mode": "modres",
      "checkpoint": "/sda/home/wangyuxin/ConvIR-B/repos/ConvIR-B-dta-v3-5-fdf-rcs-lite/Dehazing/ITS/results/ConvIR-Haze4K-DTA-v3-5-FDF-RCS-l2_fdf_lite_s002_g025_bm2-seed3411_f0-quick5full/Training-Results/Final.pkl",
      "depth_mode": "shuffle",
      "airlight_mode": "fallback",
      "count": 600,
      "mean_psnr": 39.38369815508525,
      "mean_ssim": 0.9957325096925099,
      "avg_time_sec_sync": 0.06594996849695842,
      "median_time_sec_sync": 0.06271445751190186,
      "peak_cuda_mem_mib": 601.7294921875
    }
  },
  "comparison": {
    "common_count": 600,
    "mean_psnr_delta": 0.033349583943684896,
    "median_psnr_delta": 0.03277873992919922,
    "p5_psnr_delta": -0.24503097534179688,
    "p95_psnr_delta": 0.31407928466796864,
    "hard_bottom25_psnr_delta": 0.028187026977539064,
    "easy_top25_psnr_delta": 0.021486536661783854,
    "worst10pct_mean_psnr_delta": -0.2846848805745443,
    "best10pct_mean_psnr_delta": 0.3263508478800456,
    "worst10img_mean_psnr_delta": -0.4742607116699219,
    "best10img_mean_psnr_delta": 0.4564933776855469,
    "worst10_mean_psnr_delta": -0.2846848805745443,
    "best10_mean_psnr_delta": 0.3263508478800456,
    "mean_ssim_delta": 6.246864795684815e-06,
    "positive_ratio": 0.6083333333333333,
    "strong_reference_cut_psnr": 42.755948066711426,
    "strong_reference_count": 150,
    "strong_regression_count_delta_le_-0.05": 41,
    "worst_regression_count_delta_le_-0.20": 49
  }
}