{
  "runs": {
    "A0": {
      "label": "A0",
      "arch": "official_convir",
      "mode": "original",
      "checkpoint": "/sda/home/wangyuxin/ConvIR-B/checkpoints/official/Haze4K/haze4k-base.pkl",
      "depth_mode": "none",
      "airlight_mode": "none",
      "count": 600,
      "mean_psnr": 39.75955163955688,
      "mean_ssim": 0.995632650355498,
      "avg_time_sec_sync": 0.049521459738413494,
      "median_time_sec_sync": 0.04467904567718506,
      "peak_cuda_mem_mib": 536.99169921875
    },
    "DTA_v35_v35_fdf_rcs_l1_fdf_lite_s004_g025_bm2_seed3407_f1_quick5full_fallback_train_invert": {
      "label": "DTA_v35_v35_fdf_rcs_l1_fdf_lite_s004_g025_bm2_seed3407_f1_quick5full_fallback_train_invert",
      "arch": "dta_v3",
      "mode": "modres",
      "checkpoint": "/sda/home/wangyuxin/ConvIR-B/repos/ConvIR-B-dta-v3-5-fdf-rcs-lite/Dehazing/ITS/results/ConvIR-Haze4K-DTA-v3-5-FDF-RCS-l1_fdf_lite_s004_g025_bm2-seed3407_f1-quick5full/Training-Results/Final.pkl",
      "depth_mode": "invert",
      "airlight_mode": "fallback",
      "count": 600,
      "mean_psnr": 39.84069822629293,
      "mean_ssim": 0.9956360551714897,
      "avg_time_sec_sync": 0.0703862198193868,
      "median_time_sec_sync": 0.06453180313110352,
      "peak_cuda_mem_mib": 601.8427734375
    }
  },
  "comparison": {
    "common_count": 600,
    "mean_psnr_delta": 0.08114658673604329,
    "median_psnr_delta": 0.07815742492675781,
    "p5_psnr_delta": -0.38783721923828124,
    "p95_psnr_delta": 0.5546417236328124,
    "hard_bottom25_psnr_delta": 0.0955636215209961,
    "easy_top25_psnr_delta": 0.05638827006022135,
    "worst10pct_mean_psnr_delta": -0.47590049107869464,
    "best10pct_mean_psnr_delta": 0.6111232757568359,
    "worst10img_mean_psnr_delta": -0.8477821350097656,
    "best10img_mean_psnr_delta": 0.89073486328125,
    "worst10_mean_psnr_delta": -0.47590049107869464,
    "best10_mean_psnr_delta": 0.6111232757568359,
    "mean_ssim_delta": 3.404815991719564e-06,
    "positive_ratio": 0.6433333333333333,
    "strong_reference_cut_psnr": 42.834919929504395,
    "strong_reference_count": 150,
    "strong_regression_count_delta_le_-0.05": 56,
    "worst_regression_count_delta_le_-0.20": 84
  }
}