{
  "runs": {
    "A0": {
      "label": "A0",
      "arch": "official_convir",
      "mode": "original",
      "checkpoint": "/sda/home/wangyuxin/ConvIR-B/checkpoints/official/Haze4K/haze4k-base.pkl",
      "depth_mode": "none",
      "count": 600,
      "mean_psnr": 39.35034857114156,
      "mean_ssim": 0.9957262628277143,
      "avg_time_sec_sync": 0.04229687492052714,
      "median_time_sec_sync": 0.04203140735626221,
      "peak_cuda_mem_mib": 535.95654296875
    },
    "DTA_v3_scout5full_depthDirect_zero_seed3407_f0_evalzero": {
      "label": "DTA_v3_scout5full_depthDirect_zero_seed3407_f0_evalzero",
      "arch": "dta_v3",
      "mode": "modres",
      "checkpoint": "/sda/home/wangyuxin/ConvIR-B/repos/ConvIR-B-dta-v3-dapc-finetune-depthdirect/Dehazing/ITS/results/ConvIR-Haze4K-DTA-v3-DAPC-DepthDirect-zero-seed3407-f0-scout5full/Training-Results/Final.pkl",
      "depth_mode": "zero",
      "count": 600,
      "mean_psnr": 39.345541629791256,
      "mean_ssim": 0.9956904053688049,
      "avg_time_sec_sync": 0.05290140151977539,
      "median_time_sec_sync": 0.05293095111846924,
      "peak_cuda_mem_mib": 540.5224609375
    }
  },
  "comparison": {
    "common_count": 600,
    "mean_psnr_delta": -0.004806941350301107,
    "median_psnr_delta": 0.0062503814697265625,
    "p5_psnr_delta": -0.3144157409667969,
    "p95_psnr_delta": 0.27600440979003865,
    "hard_bottom25_psnr_delta": -0.020598640441894533,
    "easy_top25_psnr_delta": 0.018559850056966146,
    "worst10pct_mean_psnr_delta": -0.3601260503133138,
    "best10pct_mean_psnr_delta": 0.2980756123860677,
    "worst10img_mean_psnr_delta": -0.5958702087402343,
    "best10img_mean_psnr_delta": 0.4411430358886719,
    "worst10_mean_psnr_delta": -0.3601260503133138,
    "best10_mean_psnr_delta": 0.2980756123860677,
    "mean_ssim_delta": -3.585745890935262e-05,
    "positive_ratio": 0.5366666666666666,
    "strong_reference_cut_psnr": 42.755948066711426,
    "strong_reference_count": 150,
    "strong_regression_count_delta_le_-0.05": 39,
    "worst_regression_count_delta_le_-0.20": 71
  }
}