{
  "runs": {
    "A0": {
      "label": "A0",
      "arch": "official_convir",
      "mode": "original",
      "checkpoint": "/sda/home/wangyuxin/ConvIR-B/checkpoints/official/Haze4K/haze4k-base.pkl",
      "depth_mode": "none",
      "count": 600,
      "mean_psnr": 39.35034857114156,
      "mean_ssim": 0.9957262628277143,
      "avg_time_sec_sync": 0.04154783129692077,
      "median_time_sec_sync": 0.04109513759613037,
      "peak_cuda_mem_mib": 535.95654296875
    },
    "DTA_v3_scout5full_depthDirect_shuffle_seed3407_f0_evalshuffle": {
      "label": "DTA_v3_scout5full_depthDirect_shuffle_seed3407_f0_evalshuffle",
      "arch": "dta_v3",
      "mode": "modres",
      "checkpoint": "/sda/home/wangyuxin/ConvIR-B/repos/ConvIR-B-dta-v3-dapc-finetune-depthdirect/Dehazing/ITS/results/ConvIR-Haze4K-DTA-v3-DAPC-DepthDirect-shuffle-seed3407-f0-scout5full/Training-Results/Final.pkl",
      "depth_mode": "shuffle",
      "count": 600,
      "mean_psnr": 39.3456614557902,
      "mean_ssim": 0.9956902282436689,
      "avg_time_sec_sync": 0.05655900796254476,
      "median_time_sec_sync": 0.056388139724731445,
      "peak_cuda_mem_mib": 541.3740234375
    }
  },
  "comparison": {
    "common_count": 600,
    "mean_psnr_delta": -0.00468711535135905,
    "median_psnr_delta": 0.0065631866455078125,
    "p5_psnr_delta": -0.32055187225341797,
    "p95_psnr_delta": 0.2713941574096677,
    "hard_bottom25_psnr_delta": -0.020713539123535157,
    "easy_top25_psnr_delta": 0.018558858235677083,
    "worst10pct_mean_psnr_delta": -0.3569064458211263,
    "best10pct_mean_psnr_delta": 0.2950434366861979,
    "worst10img_mean_psnr_delta": -0.592586898803711,
    "best10img_mean_psnr_delta": 0.4375812530517578,
    "worst10_mean_psnr_delta": -0.3569064458211263,
    "best10_mean_psnr_delta": 0.2950434366861979,
    "mean_ssim_delta": -3.603458404541015e-05,
    "positive_ratio": 0.535,
    "strong_reference_cut_psnr": 42.755948066711426,
    "strong_reference_count": 150,
    "strong_regression_count_delta_le_-0.05": 39,
    "worst_regression_count_delta_le_-0.20": 69
  }
}