{
  "runs": {
    "A0": {
      "label": "A0",
      "arch": "official_convir",
      "mode": "original",
      "checkpoint": "/home/caozhiyang/ConvIR-B/checkpoints/official/Haze4K/haze4k-base.pkl",
      "depth_mode": "none",
      "airlight_mode": "none",
      "count": 600,
      "mean_psnr": 39.75413154284159,
      "mean_ssim": 0.9956292870640755,
      "avg_time_sec_sync": 0.024956080118815106,
      "median_time_sec_sync": 0.02497994899749756,
      "peak_cuda_mem_mib": 535.44482421875
    },
    "DTA_v34_v34_fdf_tsr_e1_feature_only_seed3411_f1_quick5full_fallback_train_zero": {
      "label": "DTA_v34_v34_fdf_tsr_e1_feature_only_seed3411_f1_quick5full_fallback_train_zero",
      "arch": "dta_v3",
      "mode": "modres",
      "checkpoint": "/home/caozhiyang/ConvIR-B/repos/ConvIR-B-dta-v3-4-fdf-tsr-finetune/Dehazing/ITS/results/ConvIR-Haze4K-DTA-v3-4-FDF-TSR-e1_feature_only-seed3411_f1-quick5full/Training-Results/Final.pkl",
      "depth_mode": "zero",
      "airlight_mode": "fallback",
      "count": 600,
      "mean_psnr": 39.534229345321656,
      "mean_ssim": 0.9955366389950117,
      "avg_time_sec_sync": 0.033361013730367026,
      "median_time_sec_sync": 0.034722328186035156,
      "peak_cuda_mem_mib": 545.134765625
    }
  },
  "comparison": {
    "common_count": 600,
    "mean_psnr_delta": -0.21990219751993814,
    "median_psnr_delta": -0.18755531311035156,
    "p5_psnr_delta": -0.8454948425292969,
    "p95_psnr_delta": 0.29363632202148393,
    "hard_bottom25_psnr_delta": -0.1914770762125651,
    "easy_top25_psnr_delta": -0.16769760131835937,
    "worst10pct_mean_psnr_delta": -0.9113450368245443,
    "best10pct_mean_psnr_delta": 0.37905610402425133,
    "worst10img_mean_psnr_delta": -1.2842662811279297,
    "best10img_mean_psnr_delta": 0.8199634552001953,
    "worst10_mean_psnr_delta": -0.9113450368245443,
    "best10_mean_psnr_delta": 0.37905610402425133,
    "mean_ssim_delta": -9.264806906382244e-05,
    "positive_ratio": 0.24166666666666667,
    "strong_reference_cut_psnr": 42.84021854400635,
    "strong_reference_count": 150,
    "strong_regression_count_delta_le_-0.05": 100,
    "worst_regression_count_delta_le_-0.20": 286
  }
}