{
  "runs": {
    "A0": {
      "label": "A0",
      "arch": "official_convir",
      "mode": "original",
      "checkpoint": "/sda/home/wangyuxin/ConvIR-B/checkpoints/official/Haze4K/haze4k-base.pkl",
      "depth_mode": "none",
      "airlight_mode": "none",
      "count": 600,
      "mean_psnr": 39.35034857114156,
      "mean_ssim": 0.9957262628277143,
      "avg_time_sec_sync": 0.0420270836353302,
      "median_time_sec_sync": 0.04062008857727051,
      "peak_cuda_mem_mib": 535.95654296875
    },
    "DTA_v33_v33_routerfusion_d1_loss_seed3411_f0_triage5full_gt_zero": {
      "label": "DTA_v33_v33_routerfusion_d1_loss_seed3411_f0_triage5full_gt_zero",
      "arch": "dta_v3",
      "mode": "modres",
      "checkpoint": "/sda/home/wangyuxin/ConvIR-B/repos/ConvIR-B-dta-v3-dapc-finetune-v33-routerfusion/Dehazing/ITS/results/ConvIR-Haze4K-DTA-v3-3-RouterFusion-d1_loss-seed3411-f0-triage5full/Training-Results/Final.pkl",
      "depth_mode": "zero",
      "airlight_mode": "gt",
      "count": 600,
      "mean_psnr": 39.399478953679406,
      "mean_ssim": 0.995728345811367,
      "avg_time_sec_sync": 0.046602452198664344,
      "median_time_sec_sync": 0.04649078845977783,
      "peak_cuda_mem_mib": 541.39892578125
    }
  },
  "comparison": {
    "common_count": 600,
    "mean_psnr_delta": 0.0491303825378418,
    "median_psnr_delta": 0.0436248779296875,
    "p5_psnr_delta": -0.1540475845336914,
    "p95_psnr_delta": 0.28535919189453113,
    "hard_bottom25_psnr_delta": 0.07012184143066406,
    "easy_top25_psnr_delta": 0.02333953857421875,
    "worst10pct_mean_psnr_delta": -0.17027022043863932,
    "best10pct_mean_psnr_delta": 0.3014837265014648,
    "worst10img_mean_psnr_delta": -0.2918750762939453,
    "best10img_mean_psnr_delta": 0.4333984375,
    "worst10_mean_psnr_delta": -0.17027022043863932,
    "best10_mean_psnr_delta": 0.3014837265014648,
    "mean_ssim_delta": 2.082983652750651e-06,
    "positive_ratio": 0.6683333333333333,
    "strong_reference_cut_psnr": 42.755948066711426,
    "strong_reference_count": 150,
    "strong_regression_count_delta_le_-0.05": 37,
    "worst_regression_count_delta_le_-0.20": 14
  }
}
