{
  "runs": {
    "a0": {
      "label": "a0",
      "arch": "convir",
      "mode": "original",
      "checkpoint": "/root/autodl-tmp/workspace/ConvIR-B/Dehazing/pretrained_models/haze4k-base.pkl",
      "count": 300,
      "mean_psnr": 39.469193382263185,
      "mean_ssim": 0.9956027628978094,
      "avg_time_sec_sync": 0.02919018507003784,
      "median_time_sec_sync": 0.03000950813293457,
      "peak_cuda_mem_mib": 535.27294921875
    },
    "v18_seed5151_model_20_val_regular": {
      "label": "v18_seed5151_model_20_val_regular",
      "arch": "dpga",
      "mode": "model_20",
      "checkpoint": "/root/autodl-tmp/workspace/ConvIR-B-v1-8-execution-queue/Dehazing/ITS/results/ConvIR-Haze4K-v1.8-BiDPFM1-fusion-neighbor-seed5151-20260606/Training-Results/model_20.pkl",
      "count": 300,
      "mean_psnr": 32.16552001953125,
      "mean_ssim": 0.9837001637617747,
      "avg_time_sec_sync": 0.03595506906509399,
      "median_time_sec_sync": 0.041696786880493164,
      "peak_cuda_mem_mib": 1147.56005859375
    }
  },
  "comparison": {
    "common_count": 300,
    "mean_psnr_delta": -7.303673362731933,
    "median_psnr_delta": -7.2852020263671875,
    "p5_psnr_delta": -12.215803813934325,
    "p95_psnr_delta": -2.010963249206542,
    "hard_bottom25_psnr_delta": -4.451282043457031,
    "easy_top25_psnr_delta": -9.646471710205079,
    "worst10pct_mean_psnr_delta": -12.480024528503417,
    "best10pct_mean_psnr_delta": -1.837709935506185,
    "worst10img_mean_psnr_delta": -13.706875610351563,
    "best10img_mean_psnr_delta": -0.7963685989379883,
    "worst10_mean_psnr_delta": -12.480024528503417,
    "best10_mean_psnr_delta": -1.837709935506185,
    "mean_ssim_delta": -0.011902599136034647,
    "positive_ratio": 0.0033333333333333335,
    "strong_reference_cut_psnr": 42.45430278778076,
    "strong_reference_count": 75,
    "strong_regression_count_delta_le_-0.05": 75,
    "worst_regression_count_delta_le_-0.20": 299
  }
}