{
  "runs": {
    "a0": {
      "label": "a0",
      "arch": "convir",
      "mode": "original",
      "checkpoint": "/root/autodl-tmp/workspace/ConvIR-B/Dehazing/pretrained_models/haze4k-base.pkl",
      "count": 300,
      "mean_psnr": 34.24652523676554,
      "mean_ssim": 0.9936463149388631,
      "avg_time_sec_sync": 0.026747281551361083,
      "median_time_sec_sync": 0.02232372760772705,
      "peak_cuda_mem_mib": 536.22607421875
    },
    "v18_seed5151_model_10_val_hard": {
      "label": "v18_seed5151_model_10_val_hard",
      "arch": "dpga",
      "mode": "model_10",
      "checkpoint": "/root/autodl-tmp/workspace/ConvIR-B-v1-8-execution-queue/Dehazing/ITS/results/ConvIR-Haze4K-v1.8-BiDPFM1-fusion-neighbor-seed5151-20260606/Training-Results/model_10.pkl",
      "count": 300,
      "mean_psnr": 32.404848168691,
      "mean_ssim": 0.9899477716286977,
      "avg_time_sec_sync": 0.03167402108510335,
      "median_time_sec_sync": 0.0295332670211792,
      "peak_cuda_mem_mib": 1147.46435546875
    }
  },
  "comparison": {
    "common_count": 300,
    "mean_psnr_delta": -1.8416770680745442,
    "median_psnr_delta": -1.9773330688476562,
    "p5_psnr_delta": -4.443690013885498,
    "p95_psnr_delta": 1.3366281509399431,
    "hard_bottom25_psnr_delta": -1.734485829671224,
    "easy_top25_psnr_delta": -2.0915394337972004,
    "worst10pct_mean_psnr_delta": -4.7004087448120115,
    "best10pct_mean_psnr_delta": 1.4985012690226236,
    "worst10img_mean_psnr_delta": -5.686221694946289,
    "best10img_mean_psnr_delta": 2.902194595336914,
    "worst10_mean_psnr_delta": -4.7004087448120115,
    "best10_mean_psnr_delta": 1.4985012690226236,
    "mean_ssim_delta": -0.0036985433101654054,
    "positive_ratio": 0.11333333333333333,
    "strong_reference_cut_psnr": 36.437724113464355,
    "strong_reference_count": 75,
    "strong_regression_count_delta_le_-0.05": 66,
    "worst_regression_count_delta_le_-0.20": 260
  }
}