{
  "runs": {
    "a0": {
      "label": "a0",
      "arch": "convir",
      "mode": "original",
      "checkpoint": "/root/autodl-tmp/workspace/ConvIR-B/Dehazing/pretrained_models/haze4k-base.pkl",
      "count": 300,
      "mean_psnr": 39.46919343312582,
      "mean_ssim": 0.9956027613083521,
      "avg_time_sec_sync": 0.028929017384847006,
      "median_time_sec_sync": 0.03003394603729248,
      "peak_cuda_mem_mib": 535.27294921875
    },
    "v18_seed5151_final_val_regular": {
      "label": "v18_seed5151_final_val_regular",
      "arch": "dpga",
      "mode": "Final",
      "checkpoint": "/root/autodl-tmp/workspace/ConvIR-B-v1-8-execution-queue/Dehazing/ITS/results/ConvIR-Haze4K-v1.8-BiDPFM1-fusion-neighbor-seed5151-20260606/Training-Results/Final.pkl",
      "count": 300,
      "mean_psnr": 32.16552005767822,
      "mean_ssim": 0.9837001639604569,
      "avg_time_sec_sync": 0.03691415230433146,
      "median_time_sec_sync": 0.04212641716003418,
      "peak_cuda_mem_mib": 1147.56005859375
    }
  },
  "comparison": {
    "common_count": 300,
    "mean_psnr_delta": -7.303673375447591,
    "median_psnr_delta": -7.2852020263671875,
    "p5_psnr_delta": -12.215803813934325,
    "p95_psnr_delta": -2.010963249206542,
    "hard_bottom25_psnr_delta": -4.451281992594401,
    "easy_top25_psnr_delta": -9.646471710205079,
    "worst10pct_mean_psnr_delta": -12.48002478281657,
    "best10pct_mean_psnr_delta": -1.837709935506185,
    "worst10img_mean_psnr_delta": -13.706875610351563,
    "best10img_mean_psnr_delta": -0.7963685989379883,
    "worst10_mean_psnr_delta": -12.48002478281657,
    "best10_mean_psnr_delta": -1.837709935506185,
    "mean_ssim_delta": -0.011902597347895304,
    "positive_ratio": 0.0033333333333333335,
    "strong_reference_cut_psnr": 42.45430278778076,
    "strong_reference_count": 75,
    "strong_regression_count_delta_le_-0.05": 75,
    "worst_regression_count_delta_le_-0.20": 299
  }
}