{
  "runs": {
    "a0": {
      "label": "a0",
      "arch": "convir",
      "mode": "original",
      "checkpoint": "/root/autodl-tmp/workspace/ConvIR-B/Dehazing/pretrained_models/haze4k-base.pkl",
      "count": 300,
      "mean_psnr": 39.46919344584147,
      "mean_ssim": 0.995602763692538,
      "avg_time_sec_sync": 0.0300127903620402,
      "median_time_sec_sync": 0.029980182647705078,
      "peak_cuda_mem_mib": 535.27294921875
    },
    "v18_seed5151_best_val_regular": {
      "label": "v18_seed5151_best_val_regular",
      "arch": "dpga",
      "mode": "Best",
      "checkpoint": "/root/autodl-tmp/workspace/ConvIR-B-v1-8-execution-queue/Dehazing/ITS/results/ConvIR-Haze4K-v1.8-BiDPFM1-fusion-neighbor-seed5151-20260606/Training-Results/Best.pkl",
      "count": 300,
      "mean_psnr": 39.439934158325194,
      "mean_ssim": 0.9955362139145533,
      "avg_time_sec_sync": 0.036988608837127686,
      "median_time_sec_sync": 0.04176533222198486,
      "peak_cuda_mem_mib": 1147.56005859375
    }
  },
  "comparison": {
    "common_count": 300,
    "mean_psnr_delta": -0.02925928751627604,
    "median_psnr_delta": -0.050899505615234375,
    "p5_psnr_delta": -0.7022579193115235,
    "p95_psnr_delta": 0.7078125,
    "hard_bottom25_psnr_delta": -0.08199534098307291,
    "easy_top25_psnr_delta": -0.07175582885742188,
    "worst10pct_mean_psnr_delta": -0.7947675069173177,
    "best10pct_mean_psnr_delta": 0.7693531036376953,
    "worst10img_mean_psnr_delta": -1.0825172424316407,
    "best10img_mean_psnr_delta": 1.0944103240966796,
    "worst10_mean_psnr_delta": -0.7947675069173177,
    "best10_mean_psnr_delta": 0.7693531036376953,
    "mean_ssim_delta": -6.654977798461914e-05,
    "positive_ratio": 0.4533333333333333,
    "strong_reference_cut_psnr": 42.45430278778076,
    "strong_reference_count": 75,
    "strong_regression_count_delta_le_-0.05": 38,
    "worst_regression_count_delta_le_-0.20": 79
  }
}