{
  "runs": {
    "a0": {
      "label": "a0",
      "arch": "convir",
      "mode": "original",
      "checkpoint": "/root/autodl-tmp/workspace/ConvIR-B/Dehazing/pretrained_models/haze4k-base.pkl",
      "count": 300,
      "mean_psnr": 34.24652522404988,
      "mean_ssim": 0.9936463167270024,
      "avg_time_sec_sync": 0.028439302444458008,
      "median_time_sec_sync": 0.02711772918701172,
      "peak_cuda_mem_mib": 536.22607421875
    },
    "v18_seed5151_model_5_val_hard": {
      "label": "v18_seed5151_model_5_val_hard",
      "arch": "dpga",
      "mode": "model_5",
      "checkpoint": "/root/autodl-tmp/workspace/ConvIR-B-v1-8-execution-queue/Dehazing/ITS/results/ConvIR-Haze4K-v1.8-BiDPFM1-fusion-neighbor-seed5151-20260606/Training-Results/model_5.pkl",
      "count": 300,
      "mean_psnr": 33.60442167917888,
      "mean_ssim": 0.9924449026584625,
      "avg_time_sec_sync": 0.032299419244130455,
      "median_time_sec_sync": 0.029858708381652832,
      "peak_cuda_mem_mib": 1147.46435546875
    }
  },
  "comparison": {
    "common_count": 300,
    "mean_psnr_delta": -0.6421035448710124,
    "median_psnr_delta": -0.7213954925537109,
    "p5_psnr_delta": -2.2580777168273927,
    "p95_psnr_delta": 1.4231828689575203,
    "hard_bottom25_psnr_delta": -0.7462743886311849,
    "easy_top25_psnr_delta": -0.5824619547526042,
    "worst10pct_mean_psnr_delta": -2.457553672790527,
    "best10pct_mean_psnr_delta": 1.4820137659708659,
    "worst10img_mean_psnr_delta": -3.129140853881836,
    "best10img_mean_psnr_delta": 2.1292398452758787,
    "worst10_mean_psnr_delta": -2.457553672790527,
    "best10_mean_psnr_delta": 1.4820137659708659,
    "mean_ssim_delta": -0.0012014140685399374,
    "positive_ratio": 0.23,
    "strong_reference_cut_psnr": 36.437724113464355,
    "strong_reference_count": 75,
    "strong_regression_count_delta_le_-0.05": 53,
    "worst_regression_count_delta_le_-0.20": 212
  }
}