{
  "runs": {
    "A0": {
      "label": "A0",
      "arch": "official_convir",
      "mode": "original",
      "checkpoint": "/sda/home/wangyuxin/ConvIR-B/checkpoints/official/Haze4K/haze4k-base.pkl",
      "depth_mode": "none",
      "airlight_mode": "none",
      "count": 600,
      "mean_psnr": 39.35034857114156,
      "mean_ssim": 0.9957262628277143,
      "avg_time_sec_sync": 0.037984024286270145,
      "median_time_sec_sync": 0.03596162796020508,
      "peak_cuda_mem_mib": 537.50634765625
    },
    "DTA_v35_v35_fdf_rcs_l5_res010_tail_s004_g025_bm2_seed3411_f0_quick5full_fallback_train_normal": {
      "label": "DTA_v35_v35_fdf_rcs_l5_res010_tail_s004_g025_bm2_seed3411_f0_quick5full_fallback_train_normal",
      "arch": "dta_v3",
      "mode": "modres",
      "checkpoint": "/sda/home/wangyuxin/ConvIR-B/repos/ConvIR-B-dta-v3-5-fdf-rcs-lite/Dehazing/ITS/results/ConvIR-Haze4K-DTA-v3-5-FDF-RCS-l5_res010_tail_s004_g025_bm2-seed3411_f0-quick5full/Training-Results/Final.pkl",
      "depth_mode": "normal",
      "airlight_mode": "fallback",
      "count": 600,
      "mean_psnr": 39.387424370447796,
      "mean_ssim": 0.9957327080766359,
      "avg_time_sec_sync": 0.058824938535690305,
      "median_time_sec_sync": 0.055892229080200195,
      "peak_cuda_mem_mib": 603.78076171875
    }
  },
  "comparison": {
    "common_count": 600,
    "mean_psnr_delta": 0.037075799306233725,
    "median_psnr_delta": 0.037133216857910156,
    "p5_psnr_delta": -0.26731338500976565,
    "p95_psnr_delta": 0.3476686477661133,
    "hard_bottom25_psnr_delta": 0.02474164326985677,
    "easy_top25_psnr_delta": 0.02844548543294271,
    "worst10pct_mean_psnr_delta": -0.31450710296630857,
    "best10pct_mean_psnr_delta": 0.3621513366699219,
    "worst10img_mean_psnr_delta": -0.5240390777587891,
    "best10img_mean_psnr_delta": 0.49213447570800783,
    "worst10_mean_psnr_delta": -0.31450710296630857,
    "best10_mean_psnr_delta": 0.3621513366699219,
    "mean_ssim_delta": 6.44524892171224e-06,
    "positive_ratio": 0.6083333333333333,
    "strong_reference_cut_psnr": 42.755948066711426,
    "strong_reference_count": 150,
    "strong_regression_count_delta_le_-0.05": 44,
    "worst_regression_count_delta_le_-0.20": 58
  }
}