{
  "runs": {
    "A0": {
      "label": "A0",
      "arch": "official_convir",
      "mode": "original",
      "checkpoint": "/sda/home/wangyuxin/ConvIR-B/checkpoints/official/Haze4K/haze4k-base.pkl",
      "depth_mode": "none",
      "airlight_mode": "none",
      "count": 600,
      "mean_psnr": 39.75955163955688,
      "mean_ssim": 0.995632650355498,
      "avg_time_sec_sync": 0.042214406728744505,
      "median_time_sec_sync": 0.03977155685424805,
      "peak_cuda_mem_mib": 536.99169921875
    },
    "DTA_v35_v35_fdf_rcs_l1_fdf_lite_s004_g025_bm2_seed3407_f1_quick5full_fallback_train_shuffle": {
      "label": "DTA_v35_v35_fdf_rcs_l1_fdf_lite_s004_g025_bm2_seed3407_f1_quick5full_fallback_train_shuffle",
      "arch": "dta_v3",
      "mode": "modres",
      "checkpoint": "/sda/home/wangyuxin/ConvIR-B/repos/ConvIR-B-dta-v3-5-fdf-rcs-lite/Dehazing/ITS/results/ConvIR-Haze4K-DTA-v3-5-FDF-RCS-l1_fdf_lite_s004_g025_bm2-seed3407_f1-quick5full/Training-Results/Final.pkl",
      "depth_mode": "shuffle",
      "airlight_mode": "fallback",
      "count": 600,
      "mean_psnr": 39.772968203226725,
      "mean_ssim": 0.995612689057986,
      "avg_time_sec_sync": 0.07059034665425619,
      "median_time_sec_sync": 0.0657505989074707,
      "peak_cuda_mem_mib": 602.0146484375
    }
  },
  "comparison": {
    "common_count": 600,
    "mean_psnr_delta": 0.013416563669840495,
    "median_psnr_delta": 0.019901275634765625,
    "p5_psnr_delta": -0.2814201354980469,
    "p95_psnr_delta": 0.3388660430908197,
    "hard_bottom25_psnr_delta": 0.005506668090820312,
    "easy_top25_psnr_delta": 0.03202555338541667,
    "worst10pct_mean_psnr_delta": -0.35508810679117836,
    "best10pct_mean_psnr_delta": 0.3739905039469401,
    "worst10img_mean_psnr_delta": -0.6530921936035157,
    "best10img_mean_psnr_delta": 0.5536331176757813,
    "worst10_mean_psnr_delta": -0.35508810679117836,
    "best10_mean_psnr_delta": 0.3739905039469401,
    "mean_ssim_delta": -1.9961297512054442e-05,
    "positive_ratio": 0.55,
    "strong_reference_cut_psnr": 42.834919929504395,
    "strong_reference_count": 150,
    "strong_regression_count_delta_le_-0.05": 40,
    "worst_regression_count_delta_le_-0.20": 76
  }
}